▶️ Lane: verify — Format, test harness, tests, intent, specs, source boundaries, and the release fixture scan
  ▶️ Running task: fmt
/private/tmp/sculpt-1024-case-study-20261005/Sources/RookSculpture/SculptureThreeMDCodec.swift:354:13: warning: initialization of immutable value 'modelRootID' was never used; consider replacing with assignment to '_' or removing it [#no-usage]
352 |         let root = graph.rootEntry.document
353 |         let isWorld = root.metadata["scene-schema"] == worldSchema
354 |         let modelRootID = isWorld ? root.metadata["library-root"] : graph.rootID
    |             `- warning: initialization of immutable value 'modelRootID' was never used; consider replacing with assignment to '_' or removing it [#no-usage]
355 |         let entries = graph.entries.filter { !isWorld || $0.id != graph.rootID }
356 |         guard entries.count <= SculptureComposition.maximumModels else { throw SculptureCompositionError.tooManyModels }
  ✔ Step 1 done (7.008s)
  ▶️ Running task: test-harness
Swift test evidence: /private/tmp/sculpt-1024-case-study-20261005/.build/verification/F66B25AA-6B65-425B-A654-C4E8B56F4064
[0/1] Planning build
Building for debugging...
[0/8] Write swift-version--58304C5D6DBC2206.txt
[1/6] Write Objects.LinkFileList
[2/13] Linking Rook
[3/13] Applying Rook
[5/34] Compiling RookToolTests SculptureWorldToolTests.swift
[6/34] Compiling RookToolTests SculptureVolumeStudyWorldExportTests.swift
[7/34] Compiling RookToolTests SculptureReferenceModelToolTests.swift
[8/34] Compiling RookToolTests SculptureVolumeStudyTests.swift
[9/34] Compiling RookAppTests SculptureVoxelWorkspaceTests.swift
[10/35] Compiling RookAppTests LayerGridScrollPresentationTests.swift
[11/35] Compiling RookAppTests SculptureSaveJobTests.swift
[12/35] Emitting module RookToolTests
[13/35] Compiling RookToolTests SculptureCommandToolTests.swift
[14/35] Compiling RookToolTests SculpturePortableToolTests.swift
[15/35] Compiling RookAppTests SculptureCanvasPointerTests.swift
[16/35] Emitting module RookAppTests
[17/35] Compiling RookAppTests SculptureCommandFocusTests.swift
[18/35] Compiling RookAppTests SliceGridRenderingTests.swift
[19/35] Compiling RookAppTests SculptureSharedModelPresentationTests.swift
[20/35] Compiling RookAppTests SculptureEditorPresentationTests.swift
[21/35] Compiling RookAppTests SculptureMeshRevisionTests.swift
[22/35] Compiling RookAppTests SculptureReferenceEditorPresentationTests.swift
[23/35] Compiling RookAppTests SculptureReferenceSaveSessionTests.swift
[24/35] Compiling RookAppTests SculptureWorldEditorTests.swift
[25/35] Compiling RookAppTests AppearanceTests.swift
[26/35] Compiling RookAppTests LayerGridGeometryTests.swift
[27/35] Compiling RookAppTests SculptureSharedModelDraftTests.swift
[28/35] Compiling RookAppTests SculpturePortableInterchangeTests.swift
[29/35] Compiling RookAppTests SculptureCompositionEditorTests.swift
[30/35] Compiling RookAppTests SculptureWorkspaceTests.swift
[31/35] Compiling RookAppTests SculptureExportJobTests.swift
[32/35] Compiling RookAppTests SculptureInsertionDraftTests.swift
/private/tmp/sculpt-1024-case-study-20261005/Tests/RookAppTests/SculptureInsertionDraftTests.swift:634:13: warning: expression of type 'SculptureCompositionInsertionConfirmation' is unused [#no-usage]
632 |         #expect(draft.isPreparing && actions() == nil)
633 |         await wait { draft.isPreparing }
634 |         try #require(draft.pendingInsertion)
    |             `- warning: expression of type 'SculptureCompositionInsertionConfirmation' is unused [#no-usage]
635 |         #expect(actions() == nil && exports == [.readable, .binary])
636 |         #expect(try draft.composition() == parent && draft.portableSnapshot == captured)
[33/35] Compiling RookAppTests SculptureGraphSaveJobTests.swift
[33/35] Write Objects.LinkFileList
[34/35] Linking RookPackageTests
Build complete! (5.73s)
Test Suite 'Selected tests' started at 2026-10-06 08:03:12.247.
Test Suite 'RookPackageTests.xctest' started at 2026-10-06 08:03:12.249.
Test Suite 'RookPackageTests.xctest' passed at 2026-10-06 08:03:12.249.
	 Executed 0 tests, with 0 failures (0 unexpected) in 0.000 (0.000) seconds
Test Suite 'Selected tests' passed at 2026-10-06 08:03:12.249.
	 Executed 0 tests, with 0 failures (0 unexpected) in 0.000 (0.001) seconds
◇ Test run started.
↳ Testing Library Version: 1902
↳ Target Platform: arm64e-apple-macos14.0
◇ Test directProcessExecutionDoesNotInterpretArgumentText() started.
✔ Test directProcessExecutionDoesNotInterpretArgumentText() passed after 0.006 seconds.
◇ Test incorrectPinnedVersionStopsBeforeRunningTheTool() started.
✔ Test incorrectPinnedVersionStopsBeforeRunningTheTool() passed after 0.001 seconds.
◇ Test specArgumentsRemainLiteralArgumentsAndFailuresPropagate() started.
failed
✔ Test specArgumentsRemainLiteralArgumentsAndFailuresPropagate() passed after 0.001 seconds.
◇ Test failedReleaseBuildDoesNotScanAnOldExecutable() started.
build failed✔ Test failedReleaseBuildDoesNotScanAnOldExecutable() passed after 0.001 seconds.
◇ Test failedPackagingReleaseBuildDoesNotCopyAnOldExecutableOrReplaceTheBundle() started.
release build failed✔ Test failedPackagingReleaseBuildDoesNotCopyAnOldExecutableOrReplaceTheBundle() passed after 0.004 seconds.
◇ Test sourceScanRejectsNetworkProcessAndCoreBridges() started.
✔ Test sourceScanRejectsNetworkProcessAndCoreBridges() passed after 0.012 seconds.
◇ Test productDependencyGraphRejectsTransitiveToolingAndUnknownEdges() started.
✔ Test productDependencyGraphRejectsTransitiveToolingAndUnknownEdges() passed after 0.001 seconds.
◇ Test releaseMarkerScanIncludesEmbeddedUnprintableBytes() started.
✔ Test releaseMarkerScanIncludesEmbeddedUnprintableBytes() passed after 0.001 seconds.
◇ Test repositoryInventoryRejectsPythonAndShellProgramsOutsideDependencies() started.
✔ Test repositoryInventoryRejectsPythonAndShellProgramsOutsideDependencies() passed after 0.001 seconds.
◇ Test failedRepositoryInventoryCannotPassSourceBoundaries() started.
git failed✔ Test failedRepositoryInventoryCannotPassSourceBoundaries() passed after 0.002 seconds.
◇ Test signingFailurePreservesTheExistingBundleAndRemovesStaging() started.
signing failed✔ Test signingFailurePreservesTheExistingBundleAndRemovesStaging() passed after 0.005 seconds.
◇ Test successfulPackagingBuildsAndCopiesReleaseBeforeReplacingTheOwnedBundle() started.
release builtsignedverifiedentitlementspackaged /var/folders/5k/616qy7sj28l0d53k4c6w_4x00000gn/T/rook-tooling-test-5B7A4CD5-48DA-40B8-9B1B-19FB28C7095C/dist/Rook.app; local ad-hoc signature, not notarized
✔ Test successfulPackagingBuildsAndCopiesReleaseBeforeReplacingTheOwnedBundle() passed after 0.038 seconds.
◇ Test packagingDoesNotFallBackToDebugWhenReleaseIsMissing() started.
✔ Test packagingDoesNotFallBackToDebugWhenReleaseIsMissing() passed after 0.003 seconds.
◇ Test packagingRefusesUnrelatedBundlesAndSymbolicLinkDestinations() started.
✔ Test packagingRefusesUnrelatedBundlesAndSymbolicLinkDestinations() passed after 0.004 seconds.
◇ Test runnerAcceptsCompleteSwiftChild() started.
✔ Test runnerAcceptsCompleteSwiftChild() passed after 0.212 seconds.
◇ Test runnerRejectsPrematureSwiftChildExitZero() started.
✔ Test runnerRejectsPrematureSwiftChildExitZero() passed after 0.203 seconds.
◇ Test runnerRejectsSwiftChildRecordedIssueAtExitZero() started.
✔ Test runnerRejectsSwiftChildRecordedIssueAtExitZero() passed after 0.203 seconds.
◇ Test runnerPreservesActualSwiftChildExitSeven() started.
✔ Test runnerPreservesActualSwiftChildExitSeven() passed after 0.205 seconds.
◇ Test runnerDoesNotOverwriteRetainedEvidence() started.
✔ Test runnerDoesNotOverwriteRetainedEvidence() passed after 0.001 seconds.
◇ Test completeSwiftTestingRunIsAcceptedWithTypedSummary() started.
✔ Test completeSwiftTestingRunIsAcceptedWithTypedSummary() passed after 0.009 seconds.
◇ Test recordedIssuesAndMissingSummaryAreBothRejected() started.
✔ Test recordedIssuesAndMissingSummaryAreBothRejected() passed after 0.007 seconds.
◇ Test incompleteRunWithoutFailureCannotPass() started.
✔ Test incompleteRunWithoutFailureCannotPass() passed after 0.008 seconds.
◇ Test xctestZeroAloneCannotPass() started.
✔ Test xctestZeroAloneCannotPass() passed after 0.005 seconds.
◇ Test ansiUnicodeAndCIFormattingAreAccepted() started.
✔ Test ansiUnicodeAndCIFormattingAreAccepted() passed after 0.003 seconds.
◇ Test failureWordsInsidePassingTestNamesAreNotIssues() started.
✔ Test failureWordsInsidePassingTestNamesAreNotIssues() passed after 0.008 seconds.
◇ Test upstreamFailureCannotBeHiddenBySuccessfulSummary() started.
✔ Test upstreamFailureCannotBeHiddenBySuccessfulSummary() passed after 0.007 seconds.
◇ Test earlierIssueCannotBeHiddenBySuccessfulSummary() started.
✔ Test earlierIssueCannotBeHiddenBySuccessfulSummary() passed after 0.008 seconds.
◇ Test earlierSummaryCannotHideALaterUnfinishedRun() started.
✔ Test earlierSummaryCannotHideALaterUnfinishedRun() passed after 0.011 seconds.
◇ Test zeroSwiftTestingCountIsRejected() started.
✔ Test zeroSwiftTestingCountIsRejected() passed after 0.003 seconds.
◇ Test explicitExpectedCountIsEnforcedWithoutAProductCountPin() started.
✔ Test explicitExpectedCountIsEnforcedWithoutAProductCountPin() passed after 0.011 seconds.
◇ Test xctestFailureIsRejectedEvenWithSwiftTestingSuccess() started.
✔ Test xctestFailureIsRejectedEvenWithSwiftTestingSuccess() passed after 0.005 seconds.
✔ Test run with 31 tests in 0 suites passed after 1.000 seconds.

Retained test log: /private/tmp/sculpt-1024-case-study-20261005/.build/verification/F66B25AA-6B65-425B-A654-C4E8B56F4064/swift-test.log
Test receipt: /private/tmp/sculpt-1024-case-study-20261005/.build/verification/F66B25AA-6B65-425B-A654-C4E8B56F4064/swift-test-result.json
  ✔ Step 2 done (9.193s)
  ▶️ Running task: test
Swift test evidence: /private/tmp/sculpt-1024-case-study-20261005/.build/verification/B1EFE62A-D76B-4C83-97E5-BDD89AB60692
[0/1] Planning build
Building for debugging...
[0/6] Write swift-version--58304C5D6DBC2206.txt
Build complete! (0.33s)
Test Suite 'All tests' started at 2026-10-06 08:03:15.480.
Test Suite 'All tests' passed at 2026-10-06 08:03:15.481.
	 Executed 0 tests, with 0 failures (0 unexpected) in 0.000 (0.001) seconds
◇ Test run started.
↳ Testing Library Version: 1902
↳ Target Platform: arm64e-apple-macos14.0
◇ Test systemPreferenceDefersToMacAppearance() started.
✔ Test systemPreferenceDefersToMacAppearance() passed after 0.001 seconds.
◇ Test largeSliceGridFitAndZoomKeepSquareCellsWithinTheirCanvas() started.
✔ Test largeSliceGridFitAndZoomKeepSquareCellsWithinTheirCanvas() passed after 0.001 seconds.
◇ Test rectangularSliceGridUsesItsActualAspectRatioAtEveryZoom() started.
✔ Test rectangularSliceGridUsesItsActualAspectRatioAtEveryZoom() passed after 0.001 seconds.
◇ Test maximumVolumeGridZoomCanReachTheLastCellPrecisely() started.
✔ Test maximumVolumeGridZoomCanReachTheLastCellPrecisely() passed after 0.001 seconds.
◇ Test scrollingChangesViewportPositionWithoutChangingLocalCellCoordinates() started.
✔ Test scrollingChangesViewportPositionWithoutChangingLocalCellCoordinates() passed after 0.001 seconds.
◇ Test gridHitTestingRejectsOutsideNonFiniteAndUnavailableGeometry() started.
✔ Test gridHitTestingRejectsOutsideNonFiniteAndUnavailableGeometry() passed after 0.001 seconds.
◇ Suite LayerGridScrollPresentationTests started.
◇ Test nativeClipMeasurementIsWindowScopedAndDisconnectsWhenDismantled() started.
✔ Test nativeClipMeasurementIsWindowScopedAndDisconnectsWhenDismantled() passed after 0.482 seconds.
◇ Test nativeZoomedSliceKeepsDrawingAfterItsOriginScrollsOutOfView() started.
✔ Test nativeZoomedSliceKeepsDrawingAfterItsOriginScrollsOutOfView() passed after 0.934 seconds.
✔ Suite LayerGridScrollPresentationTests passed after 1.417 seconds.
◇ Suite SculptureCanvasPointerTests started.
◇ Test nativePointerDispatchesTopLeftCoordinatesAndAllMousePhases() started.
✔ Test nativePointerDispatchesTopLeftCoordinatesAndAllMousePhases() passed after 0.035 seconds.
◇ Test pointerEventsStayWithinTheirOwnWindow() started.
✔ Test pointerEventsStayWithinTheirOwnWindow() passed after 0.020 seconds.
◇ Test mouseInputDoesNotStealTheExistingKeyboardResponder() started.
✔ Test mouseInputDoesNotStealTheExistingKeyboardResponder() passed after 0.008 seconds.
✔ Suite SculptureCanvasPointerTests passed after 0.064 seconds.
◇ Suite SculptureCommandFocusTests started.
◇ Test nativeSearchTakesPriorTitleResponderAndReturnRunsFilteredAction() started.
✔ Test nativeSearchTakesPriorTitleResponderAndReturnRunsFilteredAction() passed after 0.472 seconds.
◇ Test nativeSearchReturnHandsMountedCanvasRealArrowAndSpaceEvents() started.
✔ Test nativeSearchReturnHandsMountedCanvasRealArrowAndSpaceEvents() passed after 0.282 seconds.
◇ Test nativeSearchEscapeUnmountsAndDoesNotRetakeRestoredTitleResponder() started.
✔ Test nativeSearchEscapeUnmountsAndDoesNotRetakeRestoredTitleResponder() passed after 0.285 seconds.
✔ Suite SculptureCommandFocusTests passed after 1.039 seconds.
◇ Test compositionDraftStartsWithSmallReferencedModelsAndDistinctMapCharacters() started.
✔ Test compositionDraftStartsWithSmallReferencedModelsAndDistinctMapCharacters() passed after 0.042 seconds.
◇ Test compositionTilePlacementAndErasingDoNotAlterReferencedModels() started.
✔ Test compositionTilePlacementAndErasingDoNotAlterReferencedModels() passed after 0.001 seconds.
◇ Test compositionShrinkRefusesOccupiedClippingAndKeepsSurvivingRowsAligned() started.
✔ Test compositionShrinkRefusesOccupiedClippingAndKeepsSurvivingRowsAligned() passed after 0.001 seconds.
◇ Test compositionReopeningRetainsNestedGraphAndRotationChangesOnlyItsBinding() started.
✔ Test compositionReopeningRetainsNestedGraphAndRotationChangesOnlyItsBinding() passed after 0.001 seconds.
◇ Test compositionImportRemapsEntireGraphAndKeepsRepeatedReferencesSelfContained() started.
✔ Test compositionImportRemapsEntireGraphAndKeepsRepeatedReferencesSelfContained() passed after 0.020 seconds.
◇ Test compositionTitleDraftAndBoundsErrorsDoNotDiscardMapOrLibrary() started.
✔ Test compositionTitleDraftAndBoundsErrorsDoNotDiscardMapOrLibrary() passed after 0.001 seconds.
◇ Test cancelingCompositionPreparationNeverOpensTheCanceledSnapshot() started.
✔ Test cancelingCompositionPreparationNeverOpensTheCanceledSnapshot() passed after 0.001 seconds.
◇ Suite SculptureEditorPresentationTests started.
◇ Test actualEditorViewsRenderAtMinimumAndDefaultSizes() started.
Retained editor presentation captures: /private/tmp/sculpt-1024-case-study-20261005/.build/verification/editor-presentation-D564DCE8-E6C5-4420-AFA2-B47E59515D60
✔ Test actualEditorViewsRenderAtMinimumAndDefaultSizes() passed after 9.274 seconds.
✔ Suite SculptureEditorPresentationTests passed after 9.274 seconds.
◇ Test "Export names cannot introduce paths or hidden files" started.
✔ Test "Export names cannot introduce paths or hidden files" passed after 0.018 seconds.
◇ Test "Preparing a mesh export keeps the source and cleans up its private staging folder" started.
✔ Test "Preparing a mesh export keeps the source and cleans up its private staging folder" passed after 0.028 seconds.
◇ Suite "Reference save snapshots" started.
◇ Test compositionPreparationRetainsReferencesAndLeavesVoxelBaselineAlone() started.
✔ Test compositionPreparationRetainsReferencesAndLeavesVoxelBaselineAlone() passed after 0.034 seconds.
◇ Test cancellationAndReplacementCannotPublishAnOldGraph() started.
✔ Test cancellationAndReplacementCannotPublishAnOldGraph() passed after 0.018 seconds.
◇ Test worldPreparationPreservesExactSparseCoordinates() started.
✔ Test worldPreparationPreservesExactSparseCoordinates() passed after 0.033 seconds.
✔ Suite "Reference save snapshots" passed after 0.087 seconds.
◇ Suite "Native model insertion" started.
◇ Test compositionBatchPlacesNestedModelsAndRestoresTheCompleteSnapshotWithOneUndo() started.
✔ Test compositionBatchPlacesNestedModelsAndRestoresTheCompleteSnapshotWithOneUndo() passed after 0.041 seconds.
◇ Test worldBatchPlacesAtExactFocusAndKeepsLibraryAndSnapshotInOneHistoryEntry() started.
✔ Test worldBatchPlacesAtExactFocusAndKeepsLibraryAndSnapshotInOneHistoryEntry() passed after 0.043 seconds.
◇ Test compositionRefusalsNeverPublishAPartialBatchOrCreateHistory() started.
✔ Test compositionRefusalsNeverPublishAPartialBatchOrCreateHistory() passed after 0.003 seconds.
◇ Test failedInsertionRetainsAnExistingRedoAndSavedBaseline() started.
✔ Test failedInsertionRetainsAnExistingRedoAndSavedBaseline() passed after 0.008 seconds.
◇ Test exhaustedGlyphLedgerRefusesInsertionWithoutChangingTheMapOrHistory() started.
✔ Test exhaustedGlyphLedgerRefusesInsertionWithoutChangingTheMapOrHistory() passed after 0.001 seconds.
◇ Test worldRefusalsKeepExactDocumentHistoryAndPortableSnapshot() started.
✔ Test worldRefusalsKeepExactDocumentHistoryAndPortableSnapshot() passed after 0.011 seconds.
◇ Test multiselectUsesDeterministicPathOrderAndRetainsPortableInputs() started.
✔ Test multiselectUsesDeterministicPathOrderAndRetainsPortableInputs() passed after 0.026 seconds.
◇ Test recursiveFolderSelectionSkipsHiddenUnsupportedAndSymbolicEntries() started.
✔ Test recursiveFolderSelectionSkipsHiddenUnsupportedAndSymbolicEntries() passed after 0.004 seconds.
◇ Test fileSelectionRefusesEmptyUnsupportedSymlinkAndOversizedInputs() started.
✔ Test fileSelectionRefusesEmptyUnsupportedSymlinkAndOversizedInputs() passed after 0.011 seconds.
◇ Test cancelledFileReadsAndDraftInsertionNeverPublishOrCreateHistory() started.
✔ Test cancelledFileReadsAndDraftInsertionNeverPublishOrCreateHistory() passed after 0.008 seconds.
◇ Test nativeFolderInsertionAutomaticallyPlacesTheBatchAndUnsupportedSelectionIsAtomic() started.
✔ Test nativeFolderInsertionAutomaticallyPlacesTheBatchAndUnsupportedSelectionIsAtomic() passed after 0.043 seconds.
◇ Test worldInsertionRejectsAParentChangedDuringFilePreparation() started.
✔ Test worldInsertionRejectsAParentChangedDuringFilePreparation() passed after 0.026 seconds.
◇ Test selectToolChoosesTheInsertionStartWithoutPaintingOrChangingHistory() started.
✔ Test selectToolChoosesTheInsertionStartWithoutPaintingOrChangingHistory() passed after 0.009 seconds.
◇ Test occupiedTargetsRequireConfirmationAndCancelPreservesTheCompleteParent() started.
✔ Test occupiedTargetsRequireConfirmationAndCancelPreservesTheCompleteParent() passed after 0.047 seconds.
◇ Test editedParentInvalidatesReplacementConfirmationWithoutPublishingTheCandidate() started.
✔ Test editedParentInvalidatesReplacementConfirmationWithoutPublishingTheCandidate() passed after 0.017 seconds.
◇ Test changedStartAndSavedSnapshotInvalidateReplacementConfirmationWithoutHistory() started.
✔ Test changedStartAndSavedSnapshotInvalidateReplacementConfirmationWithoutHistory() passed after 0.036 seconds.
◇ Test filePreparationStagesOccupiedTargetsBeforeAnyMutation() started.
✔ Test filePreparationStagesOccupiedTargetsBeforeAnyMutation() passed after 0.036 seconds.
◇ Test compositionEditsDuringPreparationCancelTheCandidateAndRetainOnlyTheEditHistory() started.
✔ Test compositionEditsDuringPreparationCancelTheCandidateAndRetainOnlyTheEditHistory() passed after 0.015 seconds.
◇ Test saveFinishingDuringCompositionPreparationRetainsItsSnapshotWithoutInsertion() started.
✔ Test saveFinishingDuringCompositionPreparationRetainsItsSnapshotWithoutInsertion() passed after 0.013 seconds.
◇ Test worldInsertionRejectsASnapshotChangedByACompletedSaveDuringPreparation() started.
✔ Test worldInsertionRejectsASnapshotChangedByACompletedSaveDuringPreparation() passed after 0.042 seconds.
◇ Test worldInsertionRejectsFocusChangesDuringPreparationWithoutLosingTheNewFocus() started.
✔ Test worldInsertionRejectsFocusChangesDuringPreparationWithoutLosingTheNewFocus() passed after 0.048 seconds.
◇ Test fileRefusalsIdentifyTheFilenameWithoutExposingItsPrivateDirectory() started.
✔ Test fileRefusalsIdentifyTheFilenameWithoutExposingItsPrivateDirectory() passed after 0.001 seconds.
◇ Test tileFitRefusalNamesTheModelAndRequiredAndCurrentDimensions() started.
✔ Test tileFitRefusalNamesTheModelAndRequiredAndCurrentDimensions() passed after 0.001 seconds.
◇ Test portableActionsResumeOnlyAfterPreparationAndReplacementDecisionFinish() started.
✔ Test portableActionsResumeOnlyAfterPreparationAndReplacementDecisionFinish() passed after 0.044 seconds.
◇ Test selectedWorldChildrenNameTheirSourceAndRefuseTheWholeNativeBatch() started.
✔ Test selectedWorldChildrenNameTheirSourceAndRefuseTheWholeNativeBatch() passed after 0.096 seconds.
✔ Suite "Native model insertion" passed after 0.642 seconds.
◇ Test cameraMotionDoesNotInvalidateVoxelMesh() started.
✔ Test cameraMotionDoesNotInvalidateVoxelMesh() passed after 0.001 seconds.
◇ Test editsUndoRedoAndReplacementInvalidateVoxelMesh() started.
✔ Test editsUndoRedoAndReplacementInvalidateVoxelMesh() passed after 0.001 seconds.
◇ Test titleEditsAndTheirUndoKeepGeometryButRemainDirty() started.
✔ Test titleEditsAndTheirUndoKeepGeometryButRemainDirty() passed after 0.001 seconds.
◇ Suite "Portable native scene interchange" started.
◇ Test copyPreparationKeepsTheNativeWorkspaceAndReferenceBaseline() started.
✔ Test copyPreparationKeepsTheNativeWorkspaceAndReferenceBaseline() passed after 0.021 seconds.
◇ Test voxelCopyLeavesTheSavedBaselineUndoAndNativeSaveMessageAlone() started.
✔ Test voxelCopyLeavesTheSavedBaselineUndoAndNativeSaveMessageAlone() passed after 0.016 seconds.
◇ Test regularFileOpenReopensAnAdoptedGenericBinaryAsReadablePortableText() started.
✔ Test regularFileOpenReopensAnAdoptedGenericBinaryAsReadablePortableText() passed after 0.003 seconds.
◇ Test cancellationAndSupersessionDoNotPublishStaleCopies() started.
✔ Test cancellationAndSupersessionDoNotPublishStaleCopies() passed after 0.024 seconds.
◇ Test contentOpenRoutesAllPortableScenesAndKeepsLegacyDecoding() started.
✔ Test contentOpenRoutesAllPortableScenesAndKeepsLegacyDecoding() passed after 0.032 seconds.
◇ Test sharedApplyAndUndoRetainOriginalIdentitiesAndExactRevisions() started.
✔ Test sharedApplyAndUndoRetainOriginalIdentitiesAndExactRevisions() passed after 0.013 seconds.
◇ Test worldApplyRetainsExactAnchorsAndSnapshotUndo() started.
✔ Test worldApplyRetainsExactAnchorsAndSnapshotUndo() passed after 0.020 seconds.
◇ Test staleNativeParentDoesNotPublishAnyPortableSnapshot() started.
✔ Test staleNativeParentDoesNotPublishAnyPortableSnapshot() passed after 0.016 seconds.
◇ Test onlyCapacityFailuresUseTheLegacyNativeEditingFallback() started.
✔ Test onlyCapacityFailuresUseTheLegacyNativeEditingFallback() passed after 4.446 seconds.
◇ Test diagnosticPresentationKeepsCodesPathsAndRealSourceLines() started.
✔ Test diagnosticPresentationKeepsCodesPathsAndRealSourceLines() passed after 0.001 seconds.
✔ Suite "Portable native scene interchange" passed after 4.596 seconds.
◇ Suite "Reference editor presentation" started.
◇ Test nativeReferenceControlsFitBothSizesAndThemes() started.
Retained reference editor presentation: /private/tmp/sculpt-1024-case-study-20261005/.build/verification/reference-presentation-642B1735-FCB2-4D2B-98E4-0CB1263273A4
✔ Test nativeReferenceControlsFitBothSizesAndThemes() passed after 3.090 seconds.
✔ Suite "Reference editor presentation" passed after 3.090 seconds.
◇ Suite "Reference save session lifecycle" started.
◇ Test compositionSuccessfulSaveRetainsExactDraftSelectionAndGraphHistory() started.
✔ Test compositionSuccessfulSaveRetainsExactDraftSelectionAndGraphHistory() passed after 0.030 seconds.
◇ Test worldSuccessfulSaveRetainsLibraryHistoryFocusCameraAndSelectedInstance() started.
✔ Test worldSuccessfulSaveRetainsLibraryHistoryFocusCameraAndSelectedInstance() passed after 0.026 seconds.
◇ Test panelCancellationAndWriteFailureKeepSameDraftBaselineAndHistory() started.
✔ Test panelCancellationAndWriteFailureKeepSameDraftBaselineAndHistory() passed after 0.013 seconds.
◇ Test saveOnlyMarksCapturedSnapshotAndLeavesLaterEditsDirty() started.
✔ Test saveOnlyMarksCapturedSnapshotAndLeavesLaterEditsDirty() passed after 0.014 seconds.
◇ Test preparationFailureRetainsDraftAndCaptureFailureDoesNotDismissIt() started.
✔ Test preparationFailureRetainsDraftAndCaptureFailureDoesNotDismissIt() passed after 0.325 seconds.
✔ Suite "Reference save session lifecycle" passed after 0.410 seconds.
◇ Test asyncSavePreservesSnapshotAndLaterEditsStayDirty(format:) started.
◇ Test case passing 1 argument format → .readable to asyncSavePreservesSnapshotAndLaterEditsStayDirty(format:) started.
◇ Test case passing 1 argument format → .compact to asyncSavePreservesSnapshotAndLaterEditsStayDirty(format:) started.
✔ Test asyncSavePreservesSnapshotAndLaterEditsStayDirty(format:) with 2 test cases passed after 0.021 seconds.
◇ Test replacedDocumentCannotBeMarkedSavedByAnEarlierSave() started.
✔ Test replacedDocumentCannotBeMarkedSavedByAnEarlierSave() passed after 0.007 seconds.
◇ Test cancelledSaveDoesNotPublishAndCanBeRetried() started.
✔ Test cancelledSaveDoesNotPublishAndCanBeRetried() passed after 0.008 seconds.
◇ Suite "Shared model draft editing" started.
◇ Test compositionApplyUpdatesNestedReferencesAsOneParentUndoAndRedo() started.
✔ Test compositionApplyUpdatesNestedReferencesAsOneParentUndoAndRedo() passed after 0.008 seconds.
◇ Test compositionCancelAndNoOpKeepReferenceWorkspaceAndHistoryExact() started.
✔ Test compositionCancelAndNoOpKeepReferenceWorkspaceAndHistoryExact() passed after 0.009 seconds.
◇ Test compositionSessionRejectsChangedParentAndInvalidLeafWithoutOverwritingNewerState() started.
✔ Test compositionSessionRejectsChangedParentAndInvalidLeafWithoutOverwritingNewerState() passed after 0.009 seconds.
◇ Test compositionHistoryIncludesRootMapAndLibraryTogether() started.
✔ Test compositionHistoryIncludesRootMapAndLibraryTogether() passed after 0.001 seconds.
◇ Test savedRootEditsRemainCleanAfterSharedApplyUndoAndRetainNewerDirtyEdits() started.
✔ Test savedRootEditsRemainCleanAfterSharedApplyUndoAndRetainNewerDirtyEdits() passed after 0.008 seconds.
◇ Test worldSharedApplyAndUniqueBothIncludeLibraryInDirtyAndUndoHistory() started.
✔ Test worldSharedApplyAndUniqueBothIncludeLibraryInDirtyAndUndoHistory() passed after 0.012 seconds.
◇ Test worldCancelNoOpAndStaleSessionRetainExactDocumentAndScene() started.
✔ Test worldCancelNoOpAndStaleSessionRetainExactDocumentAndScene() passed after 0.023 seconds.
◇ Test cancellationNeverPublishesChildAndNestedMapIsNotMadeUnique() started.
✔ Test cancellationNeverPublishesChildAndNestedMapIsNotMadeUnique() passed after 0.001 seconds.
✔ Suite "Shared model draft editing" passed after 0.074 seconds.
◇ Suite "Shared model native presentation" started.
◇ Test nativeSessionRendersBothSizesAndThemesWithAccessibilityEvidenceWhenAvailable() started.
Retained native shared-model presentation: /private/tmp/sculpt-1024-case-study-20261005/.build/verification/shared-model-presentation-B3DF761E-9468-429B-BC5E-5A4FD33A75A6
✔ Test nativeSessionRendersBothSizesAndThemesWithAccessibilityEvidenceWhenAvailable() passed after 1.131 seconds.
◇ Test paletteAcceptsEveryOfferedGlyphAndNativeCancelKeepsParentWhenAccessibilityAvailable() started.
✔ Test paletteAcceptsEveryOfferedGlyphAndNativeCancelKeepsParentWhenAccessibilityAvailable() passed after 0.312 seconds.
✔ Suite "Shared model native presentation" passed after 1.444 seconds.
◇ Test cubeSurfacePaintingAddsTheNeighborAndUndoRestoresTheOriginal() started.
✔ Test cubeSurfacePaintingAddsTheNeighborAndUndoRestoresTheOriginal() passed after 0.012 seconds.
◇ Test cubeEraseTargetsTheClickedCubeAndFullBoundaryDoesNotCreateHistory() started.
✔ Test cubeEraseTargetsTheClickedCubeAndFullBoundaryDoesNotCreateHistory() passed after 0.002 seconds.
◇ Test emptySliceCanStartACubeAndPresentationDoesNotDirtyTheDocument() started.
✔ Test emptySliceCanStartACubeAndPresentationDoesNotDirtyTheDocument() passed after 0.001 seconds.
◇ Test paintStrokeUndoRestoresWholeStrokeAndRedoReappliesIt() started.
✔ Test paintStrokeUndoRestoresWholeStrokeAndRedoReappliesIt() passed after 0.001 seconds.
◇ Test strokeBeginningOnUnchangedCellStillHasOneUndoStep() started.
✔ Test strokeBeginningOnUnchangedCellStillHasOneUndoStep() passed after 0.001 seconds.
◇ Test savedSnapshotDoesNotMarkLaterEditsSavedAndFailedOpenDoesNotReplaceState() started.
✔ Test savedSnapshotDoesNotMarkLaterEditsSavedAndFailedOpenDoesNotReplaceState() passed after 0.001 seconds.
◇ Test layerUndoAndRedoKeepSelectionInBounds() started.
✔ Test layerUndoAndRedoKeepSelectionInBounds() passed after 0.001 seconds.
◇ Test fastDiagonalStrokeHasNoGapsAndOneUndoStep() started.
✔ Test fastDiagonalStrokeHasNoGapsAndOneUndoStep() passed after 0.001 seconds.
◇ Test largeBrushClipsToVolumeAndUndoRestoresAllChangedCells() started.
✔ Test largeBrushClipsToVolumeAndUndoRestoresAllChangedCells() passed after 0.001 seconds.
◇ Test fillStopsAtGlyphBoundaryAndRemainsOneUndoableChange() started.
✔ Test fillStopsAtGlyphBoundaryAndRemainsOneUndoableChange() passed after 0.001 seconds.
◇ Test invalidTitleDraftIsPreservedWithoutModalErrorAndProtectsUnsavedWork() started.
✔ Test invalidTitleDraftIsPreservedWithoutModalErrorAndProtectsUnsavedWork() passed after 0.001 seconds.
◇ Test clearingSliceKeepsOtherSlicesAndCanBeUndone() started.
✔ Test clearingSliceKeepsOtherSlicesAndCanBeUndone() passed after 0.002 seconds.
◇ Test changingCameraAndSelectionDoesNotDirtySavedDocument() started.
✔ Test changingCameraAndSelectionDoesNotDirtySavedDocument() passed after 0.002 seconds.
◇ Test structuredEditsShareHumanFillSemanticsAndBatchHasOneUndo() started.
✔ Test structuredEditsShareHumanFillSemanticsAndBatchHasOneUndo() passed after 0.001 seconds.
◇ Test invalidCommandBatchKeepsDocumentHistoryAndDraft() started.
✔ Test invalidCommandBatchKeepsDocumentHistoryAndDraft() passed after 0.001 seconds.
◇ Test worldExplorationAndOverviewPreserveSavedContentAndUndoAtExactDistantCoordinates() started.
✔ Test worldExplorationAndOverviewPreserveSavedContentAndUndoAtExactDistantCoordinates() passed after 0.012 seconds.
◇ Test worldOverviewRefusesUnframeableExtentWithoutOverflowOrChangingDocument() started.
✔ Test worldOverviewRefusesUnframeableExtentWithoutOverflowOrChangingDocument() passed after 0.001 seconds.
◇ Test worldDraftStartsSparseAndKeepsDistantAnchorsWithoutExpandingSpace() started.
✔ Test worldDraftStartsSparseAndKeepsDistantAnchorsWithoutExpandingSpace() passed after 0.001 seconds.
◇ Test worldFocusDistancesAndCameraAreSessionStateAndReuseTheSceneRevision() started.
✔ Test worldFocusDistancesAndCameraAreSessionStateAndReuseTheSceneRevision() passed after 0.001 seconds.
◇ Test worldPlacementUndoAndRedoPreserveExactInt64OriginsAndSharedLibrary() started.
✔ Test worldPlacementUndoAndRedoPreserveExactInt64OriginsAndSharedLibrary() passed after 0.001 seconds.
◇ Test worldFocusOverflowAndUnsafePlacementLeaveInstancesUnchanged() started.
✔ Test worldFocusOverflowAndUnsafePlacementLeaveInstancesUnchanged() passed after 0.001 seconds.
◇ Test worldSelectedRotationDeletionAndUndoNeverChangeModelDefinitions() started.
✔ Test worldSelectedRotationDeletionAndUndoNeverChangeModelDefinitions() passed after 0.001 seconds.
◇ Test worldPaginationBoundsRowsAndSelectionCanRevealADistantInstance() started.
✔ Test worldPaginationBoundsRowsAndSelectionCanRevealADistantInstance() passed after 0.001 seconds.
◇ Test unsavedWorldRestorationAndTitleDraftProtectPublicationWithoutLosingPlacements() started.
✔ Test unsavedWorldRestorationAndTitleDraftProtectPublicationWithoutLosingPlacements() passed after 0.001 seconds.
◇ Test cancelingWorldModelPreparationDoesNotOpenAnAbandonedCopy() started.
✔ Test cancelingWorldModelPreparationDoesNotOpenAnAbandonedCopy() passed after 0.001 seconds.
◇ Test fittedLargeSliceKeepsEveryCellAndRectangularPaddingDoesNotClipRows() started.
✔ Test fittedLargeSliceKeepsEveryCellAndRectangularPaddingDoesNotClipRows() passed after 0.001 seconds.
◇ Test zoomedSliceDrawsTheVisibleNeighborhoodAndKeepsTheLastCellReachable() started.
✔ Test zoomedSliceDrawsTheVisibleNeighborhoodAndKeepsTheLastCellReachable() passed after 0.001 seconds.
◇ Test fractionalScrollEdgesHaveAnAntialiasingFringeAndInvalidRegionsStayEmpty() started.
✔ Test fractionalScrollEdgesHaveAnAntialiasingFringeAndInvalidRegionsStayEmpty() passed after 0.001 seconds.
◇ Test thumbnailCacheKeyIgnoresOtherSliceEditsAndInvalidatesForItsOwnPixelsAndAppearance() started.
✔ Test thumbnailCacheKeyIgnoresOtherSliceEditsAndInvalidatesForItsOwnPixelsAndAppearance() passed after 0.001 seconds.
◇ Test thumbnailPixelsPreserveRectangularEmptyPaddingAndMaterialTint() started.
✔ Test thumbnailPixelsPreserveRectangularEmptyPaddingAndMaterialTint() passed after 0.001 seconds.
◇ Test canceledThumbnailPreparationDoesNotPublishPixels() started.
✔ Test canceledThumbnailPreparationDoesNotPublishPixels() passed after 0.001 seconds.
◇ Test thumbnailRowsMatchTheTopLeftOriginOfTheEditableSlice() started.
✔ Test thumbnailRowsMatchTheTopLeftOriginOfTheEditableSlice() passed after 0.001 seconds.
◇ Test perSliceOccupancyRemainsCorrectAcrossPaletteEditsRotationDuplicationAndStorage() started.
✔ Test perSliceOccupancyRemainsCorrectAcrossPaletteEditsRotationDuplicationAndStorage() passed after 0.001 seconds.
◇ Test scrolledLastCellStrokeStillHasOneExactUndoAndPreviousSliceBytesStayUnchanged() started.
✔ Test scrolledLastCellStrokeStillHasOneExactUndoAndPreviousSliceBytesStayUnchanged() passed after 0.023 seconds.
◇ Test unknownOrMissingStoredAppearanceUsesSystem() started.
✔ Test unknownOrMissingStoredAppearanceUsesSystem() passed after 0.001 seconds.
◇ Test knownAppearanceValuesSurviveStorageRoundTrip() started.
✔ Test knownAppearanceValuesSurviveStorageRoundTrip() passed after 0.001 seconds.
◇ Suite AnimationExportTests started.
◇ Test configurationRejectsUnboundedWorkAndOddMovieDimensions() started.
✔ Test configurationRejectsUnboundedWorkAndOddMovieDimensions() passed after 0.001 seconds.
◇ Test gifLoopsWithCorrectFrameTimingAndChangingDecodedImages() started.
✔ Test gifLoopsWithCorrectFrameTimingAndChangingDecodedImages() passed after 0.013 seconds.
◇ Test mp4DecodesEveryFrameWithCorrectDurationDimensionsAndVisibleGlyphs(_:) started.
◇ Test case passing 1 argument framesPerSecond → 10 to mp4DecodesEveryFrameWithCorrectDurationDimensionsAndVisibleGlyphs(_:) started.
◇ Test case passing 1 argument framesPerSecond → 30 to mp4DecodesEveryFrameWithCorrectDurationDimensionsAndVisibleGlyphs(_:) started.
✔ Test mp4DecodesEveryFrameWithCorrectDurationDimensionsAndVisibleGlyphs(_:) with 2 test cases passed after 0.668 seconds.
◇ Test cancellationRemovesPartialAnimationAndOwnedStagingFile(_:) started.
◇ Test case passing 1 argument format → .gif to cancellationRemovesPartialAnimationAndOwnedStagingFile(_:) started.
◇ Test case passing 1 argument format → .mp4 to cancellationRemovesPartialAnimationAndOwnedStagingFile(_:) started.
✔ Test cancellationRemovesPartialAnimationAndOwnedStagingFile(_:) with 2 test cases passed after 0.100 seconds.
◇ Test existingDestinationIsPreservedAndUnsupportedGIFRateCreatesNothing() started.
✔ Test existingDestinationIsPreservedAndUnsupportedGIFRateCreatesNothing() passed after 0.003 seconds.
✔ Suite AnimationExportTests passed after 0.786 seconds.
◇ Suite CubeExportTests started.
◇ Test cubePNGAndASCIIRepresentTheSameDocumentWithDifferentImages() started.
✔ Test cubePNGAndASCIIRepresentTheSameDocumentWithDifferentImages() passed after 0.042 seconds.
◇ Test cubeTurntableEncodesActualGeometryFrames(_:) started.
◇ Test case passing 1 argument format → .gif to cubeTurntableEncodesActualGeometryFrames(_:) started.
◇ Test case passing 1 argument format → .mp4 to cubeTurntableEncodesActualGeometryFrames(_:) started.
✔ Test cubeTurntableEncodesActualGeometryFrames(_:) with 2 test cases passed after 0.186 seconds.
✔ Suite CubeExportTests passed after 0.229 seconds.
◇ Suite ExampleArtifactTests started.
◇ Test galleryManifestMatchesAllPublishedFilesAndDownloadLinks() started.
✔ Test galleryManifestMatchesAllPublishedFilesAndDownloadLinks() passed after 0.016 seconds.
◇ Test everyExampleHasFiveCompleteArtifacts(_:) started.
◇ Test case passing 1 argument id → "character-orb" to everyExampleHasFiveCompleteArtifacts(_:) started.
◇ Test case passing 1 argument id → "woven-torus" to everyExampleHasFiveCompleteArtifacts(_:) started.
◇ Test case passing 1 argument id → "moon-gate" to everyExampleHasFiveCompleteArtifacts(_:) started.
◇ Test case passing 1 argument id → "spiral-tower" to everyExampleHasFiveCompleteArtifacts(_:) started.
◇ Test case passing 1 argument id → "crystal-garden" to everyExampleHasFiveCompleteArtifacts(_:) started.
◇ Test case passing 1 argument id → "little-rocket" to everyExampleHasFiveCompleteArtifacts(_:) started.
◇ Test case passing 1 argument id → "pixel-bonsai" to everyExampleHasFiveCompleteArtifacts(_:) started.
◇ Test case passing 1 argument id → "orbital-rings" to everyExampleHasFiveCompleteArtifacts(_:) started.
◇ Test case passing 1 argument id → "hill-observatory" to everyExampleHasFiveCompleteArtifacts(_:) started.
◇ Test case passing 1 argument id → "terraced-island" to everyExampleHasFiveCompleteArtifacts(_:) started.
◇ Test case passing 1 argument id → "canal-city" to everyExampleHasFiveCompleteArtifacts(_:) started.
◇ Test case passing 1 argument id → "alpine-valley" to everyExampleHasFiveCompleteArtifacts(_:) started.
◇ Test case passing 1 argument id → "wandering-cartographer" to everyExampleHasFiveCompleteArtifacts(_:) started.
◇ Test case passing 1 argument id → "clockwork-dragon" to everyExampleHasFiveCompleteArtifacts(_:) started.
◇ Test case passing 1 argument id → "woodland-fox" to everyExampleHasFiveCompleteArtifacts(_:) started.
◇ Test case passing 1 argument id → "deep-sea-whale" to everyExampleHasFiveCompleteArtifacts(_:) started.
◇ Test case passing 1 argument id → "citadel-of-arches" to everyExampleHasFiveCompleteArtifacts(_:) started.
◇ Test case passing 1 argument id → "sky-island-village" to everyExampleHasFiveCompleteArtifacts(_:) started.
◇ Test case passing 1 argument id → "canyon-waterfall" to everyExampleHasFiveCompleteArtifacts(_:) started.
◇ Test case passing 1 argument id → "moonlit-harbor" to everyExampleHasFiveCompleteArtifacts(_:) started.
◇ Test case passing 1 argument id → "grand-solar-system" to everyExampleHasFiveCompleteArtifacts(_:) started.
✔ Test everyExampleHasFiveCompleteArtifacts(_:) with 21 test cases passed after 3.438 seconds.
◇ Test everyPNGDecodesAtThePublishedSizeWithVisibleGeometry(_:) started.
◇ Test case passing 1 argument id → "character-orb" to everyPNGDecodesAtThePublishedSizeWithVisibleGeometry(_:) started.
◇ Test case passing 1 argument id → "woven-torus" to everyPNGDecodesAtThePublishedSizeWithVisibleGeometry(_:) started.
◇ Test case passing 1 argument id → "moon-gate" to everyPNGDecodesAtThePublishedSizeWithVisibleGeometry(_:) started.
◇ Test case passing 1 argument id → "spiral-tower" to everyPNGDecodesAtThePublishedSizeWithVisibleGeometry(_:) started.
◇ Test case passing 1 argument id → "crystal-garden" to everyPNGDecodesAtThePublishedSizeWithVisibleGeometry(_:) started.
◇ Test case passing 1 argument id → "little-rocket" to everyPNGDecodesAtThePublishedSizeWithVisibleGeometry(_:) started.
◇ Test case passing 1 argument id → "pixel-bonsai" to everyPNGDecodesAtThePublishedSizeWithVisibleGeometry(_:) started.
◇ Test case passing 1 argument id → "orbital-rings" to everyPNGDecodesAtThePublishedSizeWithVisibleGeometry(_:) started.
◇ Test case passing 1 argument id → "hill-observatory" to everyPNGDecodesAtThePublishedSizeWithVisibleGeometry(_:) started.
◇ Test case passing 1 argument id → "terraced-island" to everyPNGDecodesAtThePublishedSizeWithVisibleGeometry(_:) started.
◇ Test case passing 1 argument id → "canal-city" to everyPNGDecodesAtThePublishedSizeWithVisibleGeometry(_:) started.
◇ Test case passing 1 argument id → "alpine-valley" to everyPNGDecodesAtThePublishedSizeWithVisibleGeometry(_:) started.
◇ Test case passing 1 argument id → "wandering-cartographer" to everyPNGDecodesAtThePublishedSizeWithVisibleGeometry(_:) started.
◇ Test case passing 1 argument id → "clockwork-dragon" to everyPNGDecodesAtThePublishedSizeWithVisibleGeometry(_:) started.
◇ Test case passing 1 argument id → "woodland-fox" to everyPNGDecodesAtThePublishedSizeWithVisibleGeometry(_:) started.
◇ Test case passing 1 argument id → "deep-sea-whale" to everyPNGDecodesAtThePublishedSizeWithVisibleGeometry(_:) started.
◇ Test case passing 1 argument id → "citadel-of-arches" to everyPNGDecodesAtThePublishedSizeWithVisibleGeometry(_:) started.
◇ Test case passing 1 argument id → "sky-island-village" to everyPNGDecodesAtThePublishedSizeWithVisibleGeometry(_:) started.
◇ Test case passing 1 argument id → "canyon-waterfall" to everyPNGDecodesAtThePublishedSizeWithVisibleGeometry(_:) started.
◇ Test case passing 1 argument id → "moonlit-harbor" to everyPNGDecodesAtThePublishedSizeWithVisibleGeometry(_:) started.
◇ Test case passing 1 argument id → "grand-solar-system" to everyPNGDecodesAtThePublishedSizeWithVisibleGeometry(_:) started.
✔ Test everyPNGDecodesAtThePublishedSizeWithVisibleGeometry(_:) with 21 test cases passed after 1.575 seconds.
◇ Test everyGIFLoopsForFourSecondsWithFortyTimedFrames(_:) started.
◇ Test case passing 1 argument id → "character-orb" to everyGIFLoopsForFourSecondsWithFortyTimedFrames(_:) started.
◇ Test case passing 1 argument id → "woven-torus" to everyGIFLoopsForFourSecondsWithFortyTimedFrames(_:) started.
◇ Test case passing 1 argument id → "moon-gate" to everyGIFLoopsForFourSecondsWithFortyTimedFrames(_:) started.
◇ Test case passing 1 argument id → "spiral-tower" to everyGIFLoopsForFourSecondsWithFortyTimedFrames(_:) started.
◇ Test case passing 1 argument id → "crystal-garden" to everyGIFLoopsForFourSecondsWithFortyTimedFrames(_:) started.
◇ Test case passing 1 argument id → "little-rocket" to everyGIFLoopsForFourSecondsWithFortyTimedFrames(_:) started.
◇ Test case passing 1 argument id → "pixel-bonsai" to everyGIFLoopsForFourSecondsWithFortyTimedFrames(_:) started.
◇ Test case passing 1 argument id → "orbital-rings" to everyGIFLoopsForFourSecondsWithFortyTimedFrames(_:) started.
◇ Test case passing 1 argument id → "hill-observatory" to everyGIFLoopsForFourSecondsWithFortyTimedFrames(_:) started.
◇ Test case passing 1 argument id → "terraced-island" to everyGIFLoopsForFourSecondsWithFortyTimedFrames(_:) started.
◇ Test case passing 1 argument id → "canal-city" to everyGIFLoopsForFourSecondsWithFortyTimedFrames(_:) started.
◇ Test case passing 1 argument id → "alpine-valley" to everyGIFLoopsForFourSecondsWithFortyTimedFrames(_:) started.
◇ Test case passing 1 argument id → "wandering-cartographer" to everyGIFLoopsForFourSecondsWithFortyTimedFrames(_:) started.
◇ Test case passing 1 argument id → "clockwork-dragon" to everyGIFLoopsForFourSecondsWithFortyTimedFrames(_:) started.
◇ Test case passing 1 argument id → "woodland-fox" to everyGIFLoopsForFourSecondsWithFortyTimedFrames(_:) started.
◇ Test case passing 1 argument id → "deep-sea-whale" to everyGIFLoopsForFourSecondsWithFortyTimedFrames(_:) started.
◇ Test case passing 1 argument id → "citadel-of-arches" to everyGIFLoopsForFourSecondsWithFortyTimedFrames(_:) started.
◇ Test case passing 1 argument id → "sky-island-village" to everyGIFLoopsForFourSecondsWithFortyTimedFrames(_:) started.
◇ Test case passing 1 argument id → "canyon-waterfall" to everyGIFLoopsForFourSecondsWithFortyTimedFrames(_:) started.
◇ Test case passing 1 argument id → "moonlit-harbor" to everyGIFLoopsForFourSecondsWithFortyTimedFrames(_:) started.
◇ Test case passing 1 argument id → "grand-solar-system" to everyGIFLoopsForFourSecondsWithFortyTimedFrames(_:) started.
✔ Test everyGIFLoopsForFourSecondsWithFortyTimedFrames(_:) with 21 test cases passed after 5.537 seconds.
◇ Test everyMP4HasOneSilentFourSecondVideoTrackAndDecodableFrames(_:) started.
◇ Test case passing 1 argument id → "character-orb" to everyMP4HasOneSilentFourSecondVideoTrackAndDecodableFrames(_:) started.
◇ Test case passing 1 argument id → "woven-torus" to everyMP4HasOneSilentFourSecondVideoTrackAndDecodableFrames(_:) started.
◇ Test case passing 1 argument id → "moon-gate" to everyMP4HasOneSilentFourSecondVideoTrackAndDecodableFrames(_:) started.
◇ Test case passing 1 argument id → "spiral-tower" to everyMP4HasOneSilentFourSecondVideoTrackAndDecodableFrames(_:) started.
◇ Test case passing 1 argument id → "crystal-garden" to everyMP4HasOneSilentFourSecondVideoTrackAndDecodableFrames(_:) started.
◇ Test case passing 1 argument id → "little-rocket" to everyMP4HasOneSilentFourSecondVideoTrackAndDecodableFrames(_:) started.
◇ Test case passing 1 argument id → "pixel-bonsai" to everyMP4HasOneSilentFourSecondVideoTrackAndDecodableFrames(_:) started.
◇ Test case passing 1 argument id → "orbital-rings" to everyMP4HasOneSilentFourSecondVideoTrackAndDecodableFrames(_:) started.
◇ Test case passing 1 argument id → "hill-observatory" to everyMP4HasOneSilentFourSecondVideoTrackAndDecodableFrames(_:) started.
◇ Test case passing 1 argument id → "terraced-island" to everyMP4HasOneSilentFourSecondVideoTrackAndDecodableFrames(_:) started.
◇ Test case passing 1 argument id → "canal-city" to everyMP4HasOneSilentFourSecondVideoTrackAndDecodableFrames(_:) started.
◇ Test case passing 1 argument id → "alpine-valley" to everyMP4HasOneSilentFourSecondVideoTrackAndDecodableFrames(_:) started.
◇ Test case passing 1 argument id → "wandering-cartographer" to everyMP4HasOneSilentFourSecondVideoTrackAndDecodableFrames(_:) started.
◇ Test case passing 1 argument id → "clockwork-dragon" to everyMP4HasOneSilentFourSecondVideoTrackAndDecodableFrames(_:) started.
◇ Test case passing 1 argument id → "woodland-fox" to everyMP4HasOneSilentFourSecondVideoTrackAndDecodableFrames(_:) started.
◇ Test case passing 1 argument id → "deep-sea-whale" to everyMP4HasOneSilentFourSecondVideoTrackAndDecodableFrames(_:) started.
◇ Test case passing 1 argument id → "citadel-of-arches" to everyMP4HasOneSilentFourSecondVideoTrackAndDecodableFrames(_:) started.
◇ Test case passing 1 argument id → "sky-island-village" to everyMP4HasOneSilentFourSecondVideoTrackAndDecodableFrames(_:) started.
◇ Test case passing 1 argument id → "canyon-waterfall" to everyMP4HasOneSilentFourSecondVideoTrackAndDecodableFrames(_:) started.
◇ Test case passing 1 argument id → "moonlit-harbor" to everyMP4HasOneSilentFourSecondVideoTrackAndDecodableFrames(_:) started.
◇ Test case passing 1 argument id → "grand-solar-system" to everyMP4HasOneSilentFourSecondVideoTrackAndDecodableFrames(_:) started.
✔ Test everyMP4HasOneSilentFourSecondVideoTrackAndDecodableFrames(_:) with 21 test cases passed after 5.410 seconds.
◇ Test everyOBJContainsBoundedOutwardFacingVoxelGeometry(_:) started.
◇ Test case passing 1 argument id → "character-orb" to everyOBJContainsBoundedOutwardFacingVoxelGeometry(_:) started.
◇ Test case passing 1 argument id → "woven-torus" to everyOBJContainsBoundedOutwardFacingVoxelGeometry(_:) started.
◇ Test case passing 1 argument id → "moon-gate" to everyOBJContainsBoundedOutwardFacingVoxelGeometry(_:) started.
◇ Test case passing 1 argument id → "spiral-tower" to everyOBJContainsBoundedOutwardFacingVoxelGeometry(_:) started.
◇ Test case passing 1 argument id → "crystal-garden" to everyOBJContainsBoundedOutwardFacingVoxelGeometry(_:) started.
◇ Test case passing 1 argument id → "little-rocket" to everyOBJContainsBoundedOutwardFacingVoxelGeometry(_:) started.
◇ Test case passing 1 argument id → "pixel-bonsai" to everyOBJContainsBoundedOutwardFacingVoxelGeometry(_:) started.
◇ Test case passing 1 argument id → "orbital-rings" to everyOBJContainsBoundedOutwardFacingVoxelGeometry(_:) started.
◇ Test case passing 1 argument id → "hill-observatory" to everyOBJContainsBoundedOutwardFacingVoxelGeometry(_:) started.
◇ Test case passing 1 argument id → "terraced-island" to everyOBJContainsBoundedOutwardFacingVoxelGeometry(_:) started.
◇ Test case passing 1 argument id → "canal-city" to everyOBJContainsBoundedOutwardFacingVoxelGeometry(_:) started.
◇ Test case passing 1 argument id → "alpine-valley" to everyOBJContainsBoundedOutwardFacingVoxelGeometry(_:) started.
◇ Test case passing 1 argument id → "wandering-cartographer" to everyOBJContainsBoundedOutwardFacingVoxelGeometry(_:) started.
◇ Test case passing 1 argument id → "clockwork-dragon" to everyOBJContainsBoundedOutwardFacingVoxelGeometry(_:) started.
◇ Test case passing 1 argument id → "woodland-fox" to everyOBJContainsBoundedOutwardFacingVoxelGeometry(_:) started.
◇ Test case passing 1 argument id → "deep-sea-whale" to everyOBJContainsBoundedOutwardFacingVoxelGeometry(_:) started.
◇ Test case passing 1 argument id → "citadel-of-arches" to everyOBJContainsBoundedOutwardFacingVoxelGeometry(_:) started.
◇ Test case passing 1 argument id → "sky-island-village" to everyOBJContainsBoundedOutwardFacingVoxelGeometry(_:) started.
◇ Test case passing 1 argument id → "canyon-waterfall" to everyOBJContainsBoundedOutwardFacingVoxelGeometry(_:) started.
◇ Test case passing 1 argument id → "moonlit-harbor" to everyOBJContainsBoundedOutwardFacingVoxelGeometry(_:) started.
◇ Test case passing 1 argument id → "grand-solar-system" to everyOBJContainsBoundedOutwardFacingVoxelGeometry(_:) started.
✔ Test everyOBJContainsBoundedOutwardFacingVoxelGeometry(_:) with 21 test cases passed after 15.543 seconds.
◇ Test blockhavenManifestMatchesSelfContainedSourcesCompactVolumeAndAllDownloadLinks() started.
✔ Test blockhavenManifestMatchesSelfContainedSourcesCompactVolumeAndAllDownloadLinks() passed after 5.356 seconds.
◇ Test blockhavenPNGAndLoopingGIFDecodeWithVisibleChangingLandscapeAndPublishedTiming() started.
✔ Test blockhavenPNGAndLoopingGIFDecodeWithVisibleChangingLandscapeAndPublishedTiming() passed after 0.565 seconds.
◇ Test blockhavenVideoHasThePublishedSilentTimingAndDecodableLandscape() started.
✔ Test blockhavenVideoHasThePublishedSilentTimingAndDecodableLandscape() passed after 0.256 seconds.
◇ Test blockhavenOBJHasEveryExteriorFaceWithCorrectBoundsMaterialsAndOutwardWinding() started.
✔ Test blockhavenOBJHasEveryExteriorFaceWithCorrectBoundsMaterialsAndOutwardWinding() passed after 4.632 seconds.
✔ Suite ExampleArtifactTests passed after 42.333 seconds.
◇ Suite PreparedVoxelProjectionTests started.
◇ Test directExtractionPreservesAllNeighborsMaterialsBoundariesAndStableOrder() started.
✔ Test directExtractionPreservesAllNeighborsMaterialsBoundariesAndStableOrder() passed after 0.001 seconds.
◇ Test preparedFramesHaveExactDocumentProjectionAndPixelParityAcrossCameraPoses() started.
✔ Test preparedFramesHaveExactDocumentProjectionAndPixelParityAcrossCameraPoses() passed after 0.133 seconds.
◇ Test preparedEmptyAndCancelledFramesNeverPublishGhostsOrPartialPicking() started.
✔ Test preparedEmptyAndCancelledFramesNeverPublishGhostsOrPartialPicking() passed after 0.001 seconds.
◇ Test cubeAnimationRetainsPerFrameFallbackWhenCompleteSceneExceedsExtractionBudget() started.
✔ Test cubeAnimationRetainsPerFrameFallbackWhenCompleteSceneExceedsExtractionBudget() passed after 13.583 seconds.
◇ Test cubeAnimationFallbackStillRefusesAnOverBudgetFrameAndCleansItsStaging() started.
✔ Test cubeAnimationFallbackStillRefusesAnOverBudgetFrameAndCleansItsStaging() passed after 1.186 seconds.
✔ Suite PreparedVoxelProjectionTests passed after 14.905 seconds.
◇ Test imageExportHasExpectedDimensionsAndDecodesAsPNG() started.
✔ Test imageExportHasExpectedDimensionsAndDecodesAsPNG() passed after 0.009 seconds.
◇ Test glyphRasterDiffersFromEmptyVolume() started.
✔ Test glyphRasterDiffersFromEmptyVolume() passed after 0.011 seconds.
◇ Test metalBackendCompletesAndWritesVisibleGlyphs() started.
✔ Test metalBackendCompletesAndWritesVisibleGlyphs() passed after 0.048 seconds.
◇ Suite SculptureBlockPerformanceTests started.
◇ Test measureLargeLandscapePreparationAndCameraWork() started.
✔ Test measureLargeLandscapePreparationAndCameraWork() passed after 0.001 seconds.
✔ Suite SculptureBlockPerformanceTests passed after 0.001 seconds.
◇ Suite SculptureLiveVoxelTests started.
◇ Test gpuPickingMatchesTheExistingProjectionAtOffCenterPointsAndSeveralPoses() started.
✔ Test gpuPickingMatchesTheExistingProjectionAtOffCenterPointsAndSeveralPoses() passed after 0.003 seconds.
◇ Test gpuPickingChoosesTheNearestCubeOrGhostAndPreservesTheVolumeBoundary() started.
✔ Test gpuPickingChoosesTheNearestCubeOrGhostAndPreservesTheVolumeBoundary() passed after 0.001 seconds.
◇ Test metalSnapshotRendersRealColoredGeometryAndRetainsNativeEvidence() started.
✔ Test metalSnapshotRendersRealColoredGeometryAndRetainsNativeEvidence() passed after 0.088 seconds.
◇ Test cameraResizeUsesTheSameMeshAndMatchesTheReferencePickingScale() started.
✔ Test cameraResizeUsesTheSameMeshAndMatchesTheReferencePickingScale() passed after 0.003 seconds.
◇ Test denseGhostGridKeepsEveryPickTargetAndVisibleCubesWhenGridEdgesAreHidden() started.
✔ Test denseGhostGridKeepsEveryPickTargetAndVisibleCubesWhenGridEdgesAreHidden() passed after 0.156 seconds.
✔ Suite SculptureLiveVoxelTests passed after 0.254 seconds.
◇ Suite SculptureLiveWorldTests started.
◇ Test largeIntegerAnchorsPreserveAdjacentPositionsPickingAndSharedGeometryAcrossCameraUpdates() started.
✔ Test largeIntegerAnchorsPreserveAdjacentPositionsPickingAndSharedGeometryAcrossCameraUpdates() passed after 0.002 seconds.
◇ Test boundingIntersectionRotationAndDetailDistanceControlDetailedAndColoredCoarseNodes() started.
✔ Test boundingIntersectionRotationAndDetailDistanceControlDetailedAndColoredCoarseNodes() passed after 0.002 seconds.
◇ Test visibleCapacityAndFullFaceBudgetDegradeToBoundedSharedProxiesDeterministically() started.
✔ Test visibleCapacityAndFullFaceBudgetDegradeToBoundedSharedProxiesDeterministically() passed after 0.058 seconds.
◇ Test preparationSkipsUnusedDefinitionsAndRejectsAnOversizedAggregateCache() started.
✔ Test preparationSkipsUnusedDefinitionsAndRejectsAnOversizedAggregateCache() passed after 1.623 seconds.
◇ Test actualMetalWorldSnapshotsContainColoredDetailsSelectableCoarseModelsAndRetainedEvidence() started.
✔ Test actualMetalWorldSnapshotsContainColoredDetailsSelectableCoarseModelsAndRetainedEvidence() passed after 0.335 seconds.
◇ Test nestedGardenAndCourtyardKeepGlyphColorsAcrossDenseNativeEdges() started.
✔ Test nestedGardenAndCourtyardKeepGlyphColorsAcrossDenseNativeEdges() passed after 1.469 seconds.
✔ Suite SculptureLiveWorldTests passed after 3.491 seconds.
◇ Suite SculptureSolarPerformanceTests started.
◇ Test actualSolarSystemFitsTheReusableExteriorMeshBudget() started.
✔ Test actualSolarSystemFitsTheReusableExteriorMeshBudget() passed after 0.454 seconds.
◇ Test solarCameraAndLayerChangesRetainActualNativeGeometryBuffers() started.
✔ Test solarCameraAndLayerChangesRetainActualNativeGeometryBuffers() passed after 0.583 seconds.
✔ Suite SculptureSolarPerformanceTests passed after 1.037 seconds.
◇ Suite SculptureVolumeStudyRenderingTests started.
◇ Test smallWorldCountsAndCameraUpdatesRetainSharedMeshes() started.
✔ Test smallWorldCountsAndCameraUpdatesRetainSharedMeshes() passed after 0.001 seconds.
◇ Test measure1024WorldMetalRendering() started.
✔ Test measure1024WorldMetalRendering() passed after 0.001 seconds.
✔ Suite SculptureVolumeStudyRenderingTests passed after 0.002 seconds.
◇ Suite SculptureVoxelMeshBuffersTests started.
◇ Test packedBytesPreserveEveryMaterialFaceWindingAndStablePickingIndex() started.
✔ Test packedBytesPreserveEveryMaterialFaceWindingAndStablePickingIndex() passed after 0.001 seconds.
◇ Test ghostBuffersPreserveFilteringOrderDepthCoordinatesAndExactTargetCapacity() started.
✔ Test ghostBuffersPreserveFilteringOrderDepthCoordinatesAndExactTargetCapacity() passed after 0.137 seconds.
◇ Test placementChangesReuseImmutablePreparedModelsButDefinitionChangesInvalidateThem() started.
✔ Test placementChangesReuseImmutablePreparedModelsButDefinitionChangesInvalidateThem() passed after 0.001 seconds.
◇ Test canceledWorkersNeverPublishPartialMeshGhostsOrReusedWorldScenes() started.
✔ Test canceledWorkersNeverPublishPartialMeshGhostsOrReusedWorldScenes() passed after 0.001 seconds.
✔ Suite SculptureVoxelMeshBuffersTests passed after 0.140 seconds.
◇ Suite SculpturePreparedNativeMeshTests started.
◇ Test selectedSliceOutlineMovesToTheChosenDepthInTheActualMetalImage() started.
✔ Test selectedSliceOutlineMovesToTheChosenDepthInTheActualMetalImage() passed after 3.108 seconds.
◇ Test preparedCanvasRetainsPickingAndSelectedOutlineWhenDenseGridLODChanges() started.
✔ Test preparedCanvasRetainsPickingAndSelectedOutlineWhenDenseGridLODChanges() passed after 0.304 seconds.
◇ Test movedAndRotatedWorldInstancesKeepActualModelGeometryAndNearestPicks() started.
✔ Test movedAndRotatedWorldInstancesKeepActualModelGeometryAndNearestPicks() passed after 0.002 seconds.
✔ Suite SculpturePreparedNativeMeshTests passed after 3.416 seconds.
◇ Test singleVoxelSurfaceIncludesEveryFaceAndItsEmptyNeighborInStableOrder() started.
✔ Test singleVoxelSurfaceIncludesEveryFaceAndItsEmptyNeighborInStableOrder() passed after 0.001 seconds.
◇ Test neighboringMaterialsOmitSharedInteriorFaces() started.
✔ Test neighboringMaterialsOmitSharedInteriorFaces() passed after 0.001 seconds.
◇ Test hollowVolumeRetainsCavityFacesWithoutExposingJoinedFaces() started.
✔ Test hollowVolumeRetainsCavityFacesWithoutExposingJoinedFaces() passed after 0.001 seconds.
◇ Test sparseFinalCellOfMaximumVolumeHasSixCorrectlyBoundedFaces() started.
✔ Test sparseFinalCellOfMaximumVolumeHasSixCorrectlyBoundedFaces() passed after 2.136 seconds.
◇ Test cachedOccupancySupportsBoundsAndIndependentSurfaceSnapshotsAfterEditing() started.
✔ Test cachedOccupancySupportsBoundsAndIndependentSurfaceSnapshotsAfterEditing() passed after 0.001 seconds.
◇ Test disconnectedSurfaceBudgetThrowsInsteadOfReturningPartialGeometry() started.
✔ Test disconnectedSurfaceBudgetThrowsInsteadOfReturningPartialGeometry() passed after 0.209 seconds.
◇ Test cancelledSurfaceExtractionReturnsNoPartialScene() started.
✔ Test cancelledSurfaceExtractionReturnsNoPartialScene() passed after 0.002 seconds.
◇ Suite "Bounded colored world silhouettes" started.
◇ Test emptyVolumeHasNoGeometryAndSmallModelsMatchFullDetail() started.
✔ Test emptyVolumeHasNoGeometryAndSmallModelsMatchFullDetail() passed after 0.001 seconds.
◇ Test dominantNonemptyMaterialAndPaletteOrderTiesAreDeterministic() started.
✔ Test dominantNonemptyMaterialAndPaletteOrderTiesAreDeterministic() passed after 0.001 seconds.
◇ Test thinRoofTrunkAndGroundKeepARecognizableSilhouetteInsteadOfAFullBox() started.
✔ Test thinRoofTrunkAndGroundKeepARecognizableSilhouetteInsteadOfAFullBox() passed after 0.040 seconds.
◇ Test oddDimensionsAndPartialBinsPreserveRealExtentsAndCenter() started.
✔ Test oddDimensionsAndPartialBinsPreserveRealExtentsAndCenter() passed after 0.003 seconds.
◇ Test maximumStrideCountsDenseBinsWithoutOverflowOrOversizedGrid() started.
✔ Test maximumStrideCountsDenseBinsWithoutOverflowOrOversizedGrid() passed after 0.046 seconds.
◇ Test disconnectedCoarseGridStaysBelowTheExplicitFaceAndByteBudgets() started.
✔ Test disconnectedCoarseGridStaysBelowTheExplicitFaceAndByteBudgets() passed after 0.028 seconds.
◇ Test cancellationReturnsNoPartialCoarseResult() started.
✔ Test cancellationReturnsNoPartialCoarseResult() passed after 0.008 seconds.
✔ Suite "Bounded colored world silhouettes" passed after 0.130 seconds.
◇ Suite SculptureWorldExplorationRenderingTests started.
◇ Test optionalActualMetalOverviewAndLandmarkExplorationEvidence() started.
✔ Test optionalActualMetalOverviewAndLandmarkExplorationEvidence() passed after 0.001 seconds.
◇ Test perspectiveAndOrbitSwitchesRestoreCameraWithoutChangingWorldOrMeshes() started.
✔ Test perspectiveAndOrbitSwitchesRestoreCameraWithoutChangingWorldOrMeshes() passed after 0.002 seconds.
◇ Test localTravelLookAndExactIntegerRebaseRetainDetailedAndCoarseBuffers() started.
✔ Test localTravelLookAndExactIntegerRebaseRetainDetailedAndCoarseBuffers() passed after 0.001 seconds.
◇ Test nativePerspectiveAndOrbitPickBothColoredCoarseAndDetailedInstances() started.
✔ Test nativePerspectiveAndOrbitPickBothColoredCoarseAndDetailedInstances() passed after 0.002 seconds.
◇ Test realNativeKeyEventsMapHorizontalAndVerticalMovementAndReleaseWithoutClockRaces() started.
✔ Test realNativeKeyEventsMapHorizontalAndVerticalMovementAndReleaseWithoutClockRaces() passed after 0.013 seconds.
◇ Test nativeHeldKeysStopOnResponderLossWindowKeyLossCloseModeChangeAndDismantling() started.
✔ Test nativeHeldKeysStopOnResponderLossWindowKeyLossCloseModeChangeAndDismantling() passed after 0.013 seconds.
◇ Test nativeExploreDragChangesLookAndClickStillSelectsWithoutMutatingSource() started.
✔ Test nativeExploreDragChangesLookAndClickStillSelectsWithoutMutatingSource() passed after 0.010 seconds.
✔ Suite SculptureWorldExplorationRenderingTests passed after 0.045 seconds.
◇ Suite SculptureWorldNavigationTests started.
◇ Test smallMovesRetainExactAnchorsBeyondDoubleIntegerPrecision() started.
✔ Test smallMovesRetainExactAnchorsBeyondDoubleIntegerPrecision() passed after 0.001 seconds.
◇ Test positiveAndNegativeRebasesPreserveFractionalEyeOffsetsExactly() started.
✔ Test positiveAndNegativeRebasesPreserveFractionalEyeOffsetsExactly() passed after 0.001 seconds.
◇ Test diagonalsAndVerticalTravelUseTheSameCellsPerSecondSpeed() started.
✔ Test diagonalsAndVerticalTravelUseTheSameCellsPerSecondSpeed() passed after 0.001 seconds.
◇ Test yawRotatesFlatMovementWhilePitchOnlyChangesLook() started.
✔ Test yawRotatesFlatMovementWhilePitchOnlyChangesLook() passed after 0.001 seconds.
◇ Test elapsedTimeAndFastSpeedAreIndependentOfEventRepeatFrequency() started.
✔ Test elapsedTimeAndFastSpeedAreIndependentOfEventRepeatFrequency() passed after 0.001 seconds.
◇ Test checkedBoundariesRejectOverflowBeforeRebaseAndLeaveMovementAtomic() started.
✔ Test checkedBoundariesRejectOverflowBeforeRebaseAndLeaveMovementAtomic() passed after 0.001 seconds.
◇ Test invalidMovementFailsWithoutMutatingAndLookNeverInverts() started.
✔ Test invalidMovementFailsWithoutMutatingAndLookNeverInverts() passed after 0.001 seconds.
✔ Suite SculptureWorldNavigationTests passed after 0.001 seconds.
◇ Suite VoxelRenderingTests started.
◇ Test excessiveDisconnectedSurfaceReturnsAnExplicitBudgetFailureWithoutPartialPicking() started.
✔ Test excessiveDisconnectedSurfaceReturnsAnExplicitBudgetFailureWithoutPartialPicking() passed after 1.126 seconds.
◇ Test frontFacePickingAddsOnlyToAnEmptyInBoundsNeighbor() started.
✔ Test frontFacePickingAddsOnlyToAnEmptyInBoundsNeighbor() passed after 0.001 seconds.
◇ Test joinedCubesCullSharedFacesAndPickTheNearestVisibleCube() started.
✔ Test joinedCubesCullSharedFacesAndPickTheNearestVisibleCube() passed after 0.001 seconds.
◇ Test cameraRotationChangesThePaintableFaceAndNeighbor() started.
✔ Test cameraRotationChangesThePaintableFaceAndNeighbor() passed after 0.001 seconds.
◇ Test selectedEmptySliceProvidesRealPickableCellsWithoutInventingCubes() started.
✔ Test selectedEmptySliceProvidesRealPickableCellsWithoutInventingCubes() passed after 0.001 seconds.
◇ Test ghostGridCannotStealAnOccludedCubeHit() started.
✔ Test ghostGridCannotStealAnOccludedCubeHit() passed after 0.001 seconds.
◇ Test fullSizeSolidVolumeExposesOnlyItsOuterSurface() started.
✔ Test fullSizeSolidVolumeExposesOnlyItsOuterSurface() passed after 0.511 seconds.
◇ Test rasterOutputHasGenuineTranslucentFacesAndOptionalClearBackground() started.
✔ Test rasterOutputHasGenuineTranslucentFacesAndOptionalClearBackground() passed after 0.001 seconds.
◇ Test projectionRejectsInvalidHitCoordinatesAndNormalizesNonfiniteCamera() started.
✔ Test projectionRejectsInvalidHitCoordinatesAndNormalizesNonfiniteCamera() passed after 0.001 seconds.
◇ Test cancelledRenderDoesNotPublishPartialGeometryOrImage() started.
✔ Test cancelledRenderDoesNotPublishPartialGeometryOrImage() passed after 0.001 seconds.
✔ Suite VoxelRenderingTests passed after 1.640 seconds.
◇ Test singleVoxelOBJHasClosedOutwardSurfaceAndCenteredBounds() started.
✔ Test singleVoxelOBJHasClosedOutwardSurfaceAndCenteredBounds() passed after 0.001 seconds.
◇ Test neighboringGlyphsShareVerticesAndOmitTheirInternalFaces() started.
✔ Test neighboringGlyphsShareVerticesAndOmitTheirInternalFaces() passed after 0.001 seconds.
◇ Test hollowVoxelMeshPreservesTheInteriorSurface() started.
✔ Test hollowVoxelMeshPreservesTheInteriorSurface() passed after 0.002 seconds.
◇ Test emptyOBJContainsNoInventedGeometry() started.
✔ Test emptyOBJContainsNoInventedGeometry() passed after 0.001 seconds.
◇ Test orbOBJIsClosedAndCanBeRetainedAsExportEvidence() started.
✔ Test orbOBJIsClosedAndCanBeRetainedAsExportEvidence() passed after 0.066 seconds.
◇ Test sixtyFourSolidVolumeExportsItsSurfaceRatherThanEveryCube() started.
✔ Test sixtyFourSolidVolumeExportsItsSurfaceRatherThanEveryCube() passed after 1.933 seconds.
◇ Test highCoordinatesExportAClosedSurfaceWithCorrectCenteredBounds() started.
✔ Test highCoordinatesExportAClosedSurfaceWithCorrectCenteredBounds() passed after 0.037 seconds.
◇ Test isolatedCubeVolumeFailsBeforeAllocatingAnUnboundedMesh() started.
✔ Test isolatedCubeVolumeFailsBeforeAllocatingAnUnboundedMesh() passed after 0.174 seconds.
◇ Test cancelledOBJExportDoesNotReturnAPartialMesh() started.
✔ Test cancelledOBJExportDoesNotReturnAPartialMesh() passed after 0.001 seconds.
◇ Test compactRoundTripPreservesEveryGlyphRectangularDimensionsAndTitle() started.
✔ Test compactRoundTripPreservesEveryGlyphRectangularDimensionsAndTitle() passed after 0.001 seconds.
◇ Test documentCodecAutodetectsFormatsAndLeavesReadableEncodingUnchanged() started.
✔ Test documentCodecAutodetectsFormatsAndLeavesReadableEncodingUnchanged() passed after 0.004 seconds.
◇ Test compactMaximumFilledVolumeRoundTripsWithExactDimensionsAndOccupancy() started.
✔ Test compactMaximumFilledVolumeRoundTripsWithExactDimensionsAndOccupancy() passed after 9.909 seconds.
◇ Test sparseCompactStorageIsSubstantiallySmallerThanRawVoxels() started.
✔ Test sparseCompactStorageIsSubstantiallySmallerThanRawVoxels() passed after 0.072 seconds.
◇ Test compactRejectsEmptyIncompleteAndCorruptedHeaders() started.
✔ Test compactRejectsEmptyIncompleteAndCorruptedHeaders() passed after 0.001 seconds.
◇ Test compactBoundsDimensionsTitleAndDeclaredCountsBeforeDecompression() started.
✔ Test compactBoundsDimensionsTitleAndDeclaredCountsBeforeDecompression() passed after 0.005 seconds.
◇ Test compactChecksumProtectsBothMetadataAndVoxelContent() started.
✔ Test compactChecksumProtectsBothMetadataAndVoxelContent() passed after 0.001 seconds.
◇ Test compactRejectsTruncationTrailingBytesAndConcatenatedStreamsEvenWithCorrectChecksums() started.
✔ Test compactRejectsTruncationTrailingBytesAndConcatenatedStreamsEvenWithCorrectChecksums() passed after 0.001 seconds.
◇ Test compactRejectsConcatenationAfterDrainingFourBufferedOutputChunks() started.
✔ Test compactRejectsConcatenationAfterDrainingFourBufferedOutputChunks() passed after 0.035 seconds.
◇ Test compactDecompressionRejectsExpansionBeyondTheDeclaredVolumeAndShortOutput() started.
✔ Test compactDecompressionRejectsExpansionBeyondTheDeclaredVolumeAndShortOutput() passed after 0.001 seconds.
◇ Test malformedCompressedStreamsFailWithoutUnboundedOutputOrNoProgressLoops() started.
✔ Test malformedCompressedStreamsFailWithoutUnboundedOutputOrNoProgressLoops() passed after 0.002 seconds.
◇ Test compactCodecCancellationDoesNotReturnPartialData(operation:) started.
◇ Test case passing 1 argument operation → "encode" to compactCodecCancellationDoesNotReturnPartialData(operation:) started.
◇ Test case passing 1 argument operation → "decode" to compactCodecCancellationDoesNotReturnPartialData(operation:) started.
✔ Test compactCodecCancellationDoesNotReturnPartialData(operation:) with 2 test cases passed after 0.002 seconds.
◇ Suite SculptureBlockWorldExamplesTests started.
◇ Test chunkLibraryIsDeterministicAndExpandsToTheCompleteLandscape() started.
✔ Test chunkLibraryIsDeterministicAndExpandsToTheCompleteLandscape() passed after 3.588 seconds.
◇ Test adjacentChunksHaveContinuousGroundAndAConnectedRiverAcrossEveryDepthSeam() started.
✔ Test adjacentChunksHaveContinuousGroundAndAConnectedRiverAcrossEveryDepthSeam() passed after 0.002 seconds.
◇ Test landscapeHasDeepHillsWaterBanksCavesAndThreeDistinctTreeSilhouettes() started.
✔ Test landscapeHasDeepHillsWaterBanksCavesAndThreeDistinctTreeSilhouettes() passed after 0.295 seconds.
◇ Test villageAndLandmarksHaveUsableInteriorsDoorsWindowsCropsAndRoofs() started.
✔ Test villageAndLandmarksHaveUsableInteriorsDoorsWindowsCropsAndRoofs() passed after 0.001 seconds.
◇ Test sparsePlacementsUseExactlyAlignedChunkModelsAndStayWithinGeometryBudgets() started.
✔ Test sparsePlacementsUseExactlyAlignedChunkModelsAndStayWithinGeometryBudgets() passed after 2.773 seconds.
◇ Test canceledGenerationThrowsInsteadOfReturningAPartialLibraryOrWorld() started.
✔ Test canceledGenerationThrowsInsteadOfReturningAPartialLibraryOrWorld() passed after 0.001 seconds.
✔ Suite SculptureBlockWorldExamplesTests passed after 6.660 seconds.
◇ Test commandsEncodeAsFlatTaggedObjectsAndRoundTrip() started.
✔ Test commandsEncodeAsFlatTaggedObjectsAndRoundTrip() passed after 0.001 seconds.
◇ Test strictCommandDecodingRejectsUnknownIrrelevantMissingAndWrongFields() started.
✔ Test strictCommandDecodingRejectsUnknownIrrelevantMissingAndWrongFields() passed after 0.001 seconds.
◇ Test batchVersionAndCommandCountAreRequiredAndBounded() started.
✔ Test batchVersionAndCommandCountAreRequiredAndBounded() passed after 0.001 seconds.
◇ Test paintEraseAndEmptyGlyphUseExactValidatedCoordinates() started.
✔ Test paintEraseAndEmptyGlyphUseExactValidatedCoordinates() passed after 0.001 seconds.
◇ Test invalidCellsAndGlyphsThrowRatherThanSilentlyIgnoreOrFallback() started.
✔ Test invalidCellsAndGlyphsThrowRatherThanSilentlyIgnoreOrFallback() passed after 0.001 seconds.
◇ Test fillVisitsOnlyFourConnectedMatchingCellsOnItsOwnSlice() started.
✔ Test fillVisitsOnlyFourConnectedMatchingCellsOnItsOwnSlice() passed after 0.001 seconds.
◇ Test fillCanPaintOrEraseEmptyRegionsWithoutCrossingABarrier() started.
✔ Test fillCanPaintOrEraseEmptyRegionsWithoutCrossingABarrier() passed after 0.001 seconds.
◇ Test clearingOneSliceLeavesOtherLayersAndTitleIntact() started.
✔ Test clearingOneSliceLeavesOtherLayersAndTitleIntact() passed after 0.001 seconds.
◇ Test rotationIsClockwiseBoundedAndRejectsRectangularSlices() started.
✔ Test rotationIsClockwiseBoundedAndRejectsRectangularSlices() passed after 0.001 seconds.
◇ Test renamePreservesGeometryAndRejectsInvalidTitles() started.
✔ Test renamePreservesGeometryAndRejectsInvalidTitles() passed after 0.001 seconds.
◇ Test batchesApplyInOrderAndFailAtomicallyWithoutChangingTheirSource() started.
✔ Test batchesApplyInOrderAndFailAtomicallyWithoutChangingTheirSource() passed after 0.001 seconds.
◇ Test inspectionIsCodableAndDescribesTheDocumentCoordinateSystem() started.
✔ Test inspectionIsCodableAndDescribesTheDocumentCoordinateSystem() passed after 0.002 seconds.
◇ Test complexCatalogAddsCharactersCreaturesArchitectureAndWorlds() started.
✔ Test complexCatalogAddsCharactersCreaturesArchitectureAndWorlds() passed after 0.001 seconds.
◇ Test largeExamplesStayEditableAndBoundedForMeshAndMediaExport(id:) started.
◇ Test case passing 1 argument id → "wandering-cartographer" to largeExamplesStayEditableAndBoundedForMeshAndMediaExport(id:) started.
◇ Test case passing 1 argument id → "clockwork-dragon" to largeExamplesStayEditableAndBoundedForMeshAndMediaExport(id:) started.
◇ Test case passing 1 argument id → "woodland-fox" to largeExamplesStayEditableAndBoundedForMeshAndMediaExport(id:) started.
◇ Test case passing 1 argument id → "deep-sea-whale" to largeExamplesStayEditableAndBoundedForMeshAndMediaExport(id:) started.
◇ Test case passing 1 argument id → "citadel-of-arches" to largeExamplesStayEditableAndBoundedForMeshAndMediaExport(id:) started.
◇ Test case passing 1 argument id → "sky-island-village" to largeExamplesStayEditableAndBoundedForMeshAndMediaExport(id:) started.
◇ Test case passing 1 argument id → "canyon-waterfall" to largeExamplesStayEditableAndBoundedForMeshAndMediaExport(id:) started.
◇ Test case passing 1 argument id → "moonlit-harbor" to largeExamplesStayEditableAndBoundedForMeshAndMediaExport(id:) started.
✔ Test largeExamplesStayEditableAndBoundedForMeshAndMediaExport(id:) with 8 test cases passed after 1.104 seconds.
◇ Test cartographerHasFaceMapStaffAndSeparatedLegs() started.
✔ Test cartographerHasFaceMapStaffAndSeparatedLegs() passed after 0.001 seconds.
◇ Test dragonHasMirroredRaisedWingsHornsAndAnOpenJaw() started.
✔ Test dragonHasMirroredRaisedWingsHornsAndAnOpenJaw() passed after 0.001 seconds.
◇ Test foxHasTwoEarTipsLongMuzzleAndSeparatedFrontPaws() started.
✔ Test foxHasTwoEarTipsLongMuzzleAndSeparatedFrontPaws() passed after 0.001 seconds.
◇ Test whaleHasWideNotchedFlukeFlippersAndBranchingSpout() started.
✔ Test whaleHasWideNotchedFlukeFlippersAndBranchingSpout() passed after 0.001 seconds.
◇ Test citadelHasTraversableGateCourtyardAndHollowTowerRooms() started.
✔ Test citadelHasTraversableGateCourtyardAndHollowTowerRooms() passed after 0.001 seconds.
◇ Test skyVillageHasSuspendedTerrainBridgesAndWindmillAboveHomes() started.
✔ Test skyVillageHasSuspendedTerrainBridgesAndWindmillAboveHomes() passed after 0.001 seconds.
◇ Test canyonHasFlowingWaterOpenArchAndCarvedCave() started.
✔ Test canyonHasFlowingWaterOpenArchAndCarvedCave() passed after 0.001 seconds.
◇ Test harborHasSailsLightedLanternOpenHomesAndCrescentMoon() started.
✔ Test harborHasSailsLightedLanternOpenHomesAndCrescentMoon() passed after 0.001 seconds.
◇ Suite "Composition example" started.
◇ Test startersAreBoundedAndIndependent() started.
✔ Test startersAreBoundedAndIndependent() passed after 0.001 seconds.
◇ Test repeatedNestedReferencesRoundTripAndExpandExactly() started.
✔ Test repeatedNestedReferencesRoundTripAndExpandExactly() passed after 0.211 seconds.
◇ Test sparseWorldExamplePreservesTrillionCellDistancesWithoutDenseAllocation() started.
✔ Test sparseWorldExamplePreservesTrillionCellDistancesWithoutDenseAllocation() passed after 0.020 seconds.
✔ Suite "Composition example" passed after 0.232 seconds.
◇ Suite SculptureCompositionTests started.
◇ Test tileBlocksPreserveDepthPaddingAndAllFourRectangularRotations() started.
✔ Test tileBlocksPreserveDepthPaddingAndAllFourRectangularRotations() passed after 0.001 seconds.
◇ Test nestedModelsResolveByGlobalIDAndPeriodsReserveEmptyBlocks() started.
✔ Test nestedModelsResolveByGlobalIDAndPeriodsReserveEmptyBlocks() passed after 0.001 seconds.
◇ Test validationRejectsUnusedMissingReferencesAndCycles() started.
✔ Test validationRejectsUnusedMissingReferencesAndCycles() passed after 0.001 seconds.
◇ Test invalidBindingsGridsIDsAndRootAreExplicitFailures() started.
✔ Test invalidBindingsGridsIDsAndRootAreExplicitFailures() passed after 0.001 seconds.
◇ Test dimensionsAndRotatedChildFitNeverCropOrOverflow() started.
✔ Test dimensionsAndRotatedChildFitNeverCropOrOverflow() passed after 0.001 seconds.
◇ Test modelAndDependencyDepthLimitsHaveAcceptedBoundaryCases() started.
✔ Test modelAndDependencyDepthLimitsHaveAcceptedBoundaryCases() passed after 0.001 seconds.
◇ Test recursivePlacementLimitIncludesRepeatedNestedOccurrences() started.
✔ Test recursivePlacementLimitIncludesRepeatedNestedOccurrences() passed after 0.106 seconds.
◇ Test resolvedVolumeBudgetCountsDistinctUnusedModelsBeforeExpansion() started.
✔ Test resolvedVolumeBudgetCountsDistinctUnusedModelsBeforeExpansion() passed after 2.142 seconds.
◇ Test canonicalCodecPreservesTheGraphAndExpandedResult() started.
✔ Test canonicalCodecPreservesTheGraphAndExpandedResult() passed after 0.001 seconds.
◇ Test fenceLookingRowsAndDirectiveLookingCharactersRoundTripExactly() started.
✔ Test fenceLookingRowsAndDirectiveLookingCharactersRoundTripExactly() passed after 0.001 seconds.
◇ Test unknownAndOverwrittenMetadataPlaneAttributesAndBindingAliasesFail() started.
✔ Test unknownAndOverwrittenMetadataPlaneAttributesAndBindingAliasesFail() passed after 0.001 seconds.
◇ Test libraryRejectsUnknownKeysDuplicateKeysDuplicateIDsAndNestedLibraries() started.
✔ Test libraryRejectsUnknownKeysDuplicateKeysDuplicateIDsAndNestedLibraries() passed after 0.001 seconds.
◇ Test decoderBoundsPhysicalLinesBytesJSONDepthAndDirectiveAllocations() started.
✔ Test decoderBoundsPhysicalLinesBytesJSONDepthAndDirectiveAllocations() passed after 0.075 seconds.
◇ Test cancellationRejectsEncodingDecodingAndExpansionWithoutPartialOutput() started.
✔ Test cancellationRejectsEncodingDecodingAndExpansionWithoutPartialOutput() passed after 0.001 seconds.
✔ Suite SculptureCompositionTests passed after 2.331 seconds.
◇ Test exampleCatalogOffersDistinctSculpturesAndSpatialMaps() started.
✔ Test exampleCatalogOffersDistinctSculpturesAndSpatialMaps() passed after 0.039 seconds.
◇ Test everyExampleOpensThroughTheRealThreeMDCodec(id:) started.
◇ Test case passing 1 argument id → "character-orb" to everyExampleOpensThroughTheRealThreeMDCodec(id:) started.
◇ Test case passing 1 argument id → "woven-torus" to everyExampleOpensThroughTheRealThreeMDCodec(id:) started.
◇ Test case passing 1 argument id → "moon-gate" to everyExampleOpensThroughTheRealThreeMDCodec(id:) started.
◇ Test case passing 1 argument id → "spiral-tower" to everyExampleOpensThroughTheRealThreeMDCodec(id:) started.
◇ Test case passing 1 argument id → "crystal-garden" to everyExampleOpensThroughTheRealThreeMDCodec(id:) started.
◇ Test case passing 1 argument id → "little-rocket" to everyExampleOpensThroughTheRealThreeMDCodec(id:) started.
◇ Test case passing 1 argument id → "pixel-bonsai" to everyExampleOpensThroughTheRealThreeMDCodec(id:) started.
◇ Test case passing 1 argument id → "orbital-rings" to everyExampleOpensThroughTheRealThreeMDCodec(id:) started.
◇ Test case passing 1 argument id → "hill-observatory" to everyExampleOpensThroughTheRealThreeMDCodec(id:) started.
◇ Test case passing 1 argument id → "terraced-island" to everyExampleOpensThroughTheRealThreeMDCodec(id:) started.
◇ Test case passing 1 argument id → "canal-city" to everyExampleOpensThroughTheRealThreeMDCodec(id:) started.
◇ Test case passing 1 argument id → "alpine-valley" to everyExampleOpensThroughTheRealThreeMDCodec(id:) started.
◇ Test case passing 1 argument id → "wandering-cartographer" to everyExampleOpensThroughTheRealThreeMDCodec(id:) started.
◇ Test case passing 1 argument id → "clockwork-dragon" to everyExampleOpensThroughTheRealThreeMDCodec(id:) started.
◇ Test case passing 1 argument id → "woodland-fox" to everyExampleOpensThroughTheRealThreeMDCodec(id:) started.
◇ Test case passing 1 argument id → "deep-sea-whale" to everyExampleOpensThroughTheRealThreeMDCodec(id:) started.
◇ Test case passing 1 argument id → "citadel-of-arches" to everyExampleOpensThroughTheRealThreeMDCodec(id:) started.
◇ Test case passing 1 argument id → "sky-island-village" to everyExampleOpensThroughTheRealThreeMDCodec(id:) started.
◇ Test case passing 1 argument id → "canyon-waterfall" to everyExampleOpensThroughTheRealThreeMDCodec(id:) started.
◇ Test case passing 1 argument id → "moonlit-harbor" to everyExampleOpensThroughTheRealThreeMDCodec(id:) started.
◇ Test case passing 1 argument id → "grand-solar-system" to everyExampleOpensThroughTheRealThreeMDCodec(id:) started.
✔ Test everyExampleOpensThroughTheRealThreeMDCodec(id:) with 21 test cases passed after 4.084 seconds.
◇ Test shippedThreeMDExamplesMatchTheEditableCatalog(id:) started.
◇ Test case passing 1 argument id → "character-orb" to shippedThreeMDExamplesMatchTheEditableCatalog(id:) started.
◇ Test case passing 1 argument id → "woven-torus" to shippedThreeMDExamplesMatchTheEditableCatalog(id:) started.
◇ Test case passing 1 argument id → "moon-gate" to shippedThreeMDExamplesMatchTheEditableCatalog(id:) started.
◇ Test case passing 1 argument id → "spiral-tower" to shippedThreeMDExamplesMatchTheEditableCatalog(id:) started.
◇ Test case passing 1 argument id → "crystal-garden" to shippedThreeMDExamplesMatchTheEditableCatalog(id:) started.
◇ Test case passing 1 argument id → "little-rocket" to shippedThreeMDExamplesMatchTheEditableCatalog(id:) started.
◇ Test case passing 1 argument id → "pixel-bonsai" to shippedThreeMDExamplesMatchTheEditableCatalog(id:) started.
◇ Test case passing 1 argument id → "orbital-rings" to shippedThreeMDExamplesMatchTheEditableCatalog(id:) started.
◇ Test case passing 1 argument id → "hill-observatory" to shippedThreeMDExamplesMatchTheEditableCatalog(id:) started.
◇ Test case passing 1 argument id → "terraced-island" to shippedThreeMDExamplesMatchTheEditableCatalog(id:) started.
◇ Test case passing 1 argument id → "canal-city" to shippedThreeMDExamplesMatchTheEditableCatalog(id:) started.
◇ Test case passing 1 argument id → "alpine-valley" to shippedThreeMDExamplesMatchTheEditableCatalog(id:) started.
◇ Test case passing 1 argument id → "wandering-cartographer" to shippedThreeMDExamplesMatchTheEditableCatalog(id:) started.
◇ Test case passing 1 argument id → "clockwork-dragon" to shippedThreeMDExamplesMatchTheEditableCatalog(id:) started.
◇ Test case passing 1 argument id → "woodland-fox" to shippedThreeMDExamplesMatchTheEditableCatalog(id:) started.
◇ Test case passing 1 argument id → "deep-sea-whale" to shippedThreeMDExamplesMatchTheEditableCatalog(id:) started.
◇ Test case passing 1 argument id → "citadel-of-arches" to shippedThreeMDExamplesMatchTheEditableCatalog(id:) started.
◇ Test case passing 1 argument id → "sky-island-village" to shippedThreeMDExamplesMatchTheEditableCatalog(id:) started.
◇ Test case passing 1 argument id → "canyon-waterfall" to shippedThreeMDExamplesMatchTheEditableCatalog(id:) started.
◇ Test case passing 1 argument id → "moonlit-harbor" to shippedThreeMDExamplesMatchTheEditableCatalog(id:) started.
◇ Test case passing 1 argument id → "grand-solar-system" to shippedThreeMDExamplesMatchTheEditableCatalog(id:) started.
✔ Test shippedThreeMDExamplesMatchTheEditableCatalog(id:) with 21 test cases passed after 3.468 seconds.
◇ Test exampleShapesKeepTheirCharacteristicOpenSpaces() started.
✔ Test exampleShapesKeepTheirCharacteristicOpenSpaces() passed after 0.001 seconds.
◇ Test mapExamplesHaveElevationAndUseCharacterMaterials() started.
✔ Test mapExamplesHaveElevationAndUseCharacterMaterials() passed after 0.011 seconds.
◇ Suite "Shared model value editing" started.
◇ Test replacementPropagatesThroughRepeatedNestedRotatedReferences() started.
✔ Test replacementPropagatesThroughRepeatedNestedRotatedReferences() passed after 0.001 seconds.
◇ Test staleLeafAndOversizedReplacementAreRejectedWithoutChangingSource() started.
✔ Test staleLeafAndOversizedReplacementAreRejectedWithoutChangingSource() passed after 0.001 seconds.
◇ Test uniquePlacementClonesOneLeafAndPreservesOthersAndTransforms() started.
✔ Test uniquePlacementClonesOneLeafAndPreservesOthersAndTransforms() passed after 0.001 seconds.
◇ Test uniqueRejectsNestedMapsDuplicateInvalidIDsAndLibraryCapacity() started.
✔ Test uniqueRejectsNestedMapsDuplicateInvalidIDsAndLibraryCapacity() passed after 0.001 seconds.
◇ Test cancelledReplacementDoesNotPublish() started.
✔ Test cancelledReplacementDoesNotPublish() passed after 0.001 seconds.
◇ Test uniqueCloneRejectsReadableFileOverflowBeforePublishingLibrary() started.
✔ Test uniqueCloneRejectsReadableFileOverflowBeforePublishingLibrary() passed after 2.264 seconds.
✔ Suite "Shared model value editing" passed after 2.268 seconds.
◇ Suite SculptureSceneInsertionTests started.
◇ Test selectedVoxelGetsABindingAndImmediatePlacementWithoutChangingTheParent() started.
✔ Test selectedVoxelGetsABindingAndImmediatePlacementWithoutChangingTheParent() passed after 0.007 seconds.
◇ Test batchPlacementCrossesRowsAndLayersInSelectionOrder() started.
✔ Test batchPlacementCrossesRowsAndLayersInSelectionOrder() passed after 0.014 seconds.
◇ Test placingOverAnOccupiedCellRetainsItsExistingReusableModelAndBinding() started.
✔ Test placingOverAnOccupiedCellRetainsItsExistingReusableModelAndBinding() passed after 0.013 seconds.
◇ Test nestedGraphsNamespaceCollisionsAndRetainSharedChildrenRotationsAndUnusedModels() started.
✔ Test nestedGraphsNamespaceCollisionsAndRetainSharedChildrenRotationsAndUnusedModels() passed after 0.017 seconds.
◇ Test repeatedInputKeepsEachImportIndependentButItsInternalSharingIntact() started.
✔ Test repeatedInputKeepsEachImportIndependentButItsInternalSharingIntact() passed after 0.025 seconds.
◇ Test worldBatchUsesExactFocusAndRootWidthsWithoutFlattening() started.
✔ Test worldBatchUsesExactFocusAndRootWidthsWithoutFlattening() passed after 0.034 seconds.
◇ Test worldBatchRefusesCheckedOverflowAndUnsafeOriginsAtomically() started.
✔ Test worldBatchRefusesCheckedOverflowAndUnsafeOriginsAtomically() passed after 0.012 seconds.
◇ Test unsupportedChildrenEmptyBatchesAndMismatchedSnapshotsRefuse() started.
✔ Test unsupportedChildrenEmptyBatchesAndMismatchedSnapshotsRefuse() passed after 0.004 seconds.
◇ Test invalidSelectionInsufficientSpaceAndChildFitCannotPartiallyEdit() started.
✔ Test invalidSelectionInsufficientSpaceAndChildFitCannotPartiallyEdit() passed after 0.003 seconds.
◇ Test completeUnusedModelCountsRemainBoundedBeforeAnyInsertion() started.
✔ Test completeUnusedModelCountsRemainBoundedBeforeAnyInsertion() passed after 0.057 seconds.
◇ Test nativeFileCapacityDoesNotPromiseACompletePortableInsertionSnapshot() started.
✔ Test nativeFileCapacityDoesNotPromiseACompletePortableInsertionSnapshot() passed after 7.443 seconds.
◇ Test exhaustedBindingCharactersRefuseWithoutRemovingExistingBindings() started.
✔ Test exhaustedBindingCharactersRefuseWithoutRemovingExistingBindings() passed after 0.001 seconds.
◇ Test parentAndImportedOpaqueDocumentsAndScopedIdentitiesSurviveNamespaceInsertion() started.
✔ Test parentAndImportedOpaqueDocumentsAndScopedIdentitiesSurviveNamespaceInsertion() passed after 0.044 seconds.
◇ Test authoredLeafAndTilePlaneOrderSurvivesInsertionAndPortableReopen() started.
✔ Test authoredLeafAndTilePlaneOrderSurvivesInsertionAndPortableReopen() passed after 0.065 seconds.
◇ Test recaptureKeepsSurvivingAuthoredOrderAndAppendsNewSlicesByZ() started.
✔ Test recaptureKeepsSurvivingAuthoredOrderAndAppendsNewSlicesByZ() passed after 0.009 seconds.
◇ Test standaloneVoxelMetadataIsCarriedIntoItsImportedDefinition() started.
✔ Test standaloneVoxelMetadataIsCarriedIntoItsImportedDefinition() passed after 0.013 seconds.
◇ Test worldRootAndNestedDocumentMetadataSurvivePlacementChangesAndSharedEditing() started.
✔ Test worldRootAndNestedDocumentMetadataSurvivePlacementChangesAndSharedEditing() passed after 0.043 seconds.
◇ Test recapturePreservesOpaqueMetadataWhileRecognizedGeometryStillChanges() started.
✔ Test recapturePreservesOpaqueMetadataWhileRecognizedGeometryStillChanges() passed after 0.002 seconds.
◇ Test metadataPreservationDoesNotPermitArbitraryMarkdownOrMalformedGeometry() started.
✔ Test metadataPreservationDoesNotPermitArbitraryMarkdownOrMalformedGeometry() passed after 0.001 seconds.
◇ Test portableOpaqueAttributesDoNotHideInvalidIdentitiesOrBindingEdges() started.
✔ Test portableOpaqueAttributesDoNotHideInvalidIdentitiesOrBindingEdges() passed after 0.010 seconds.
◇ Test cancellationReturnsNoPartialInsertionForEitherParentKind() started.
✔ Test cancellationReturnsNoPartialInsertionForEitherParentKind() passed after 0.001 seconds.
✔ Suite SculptureSceneInsertionTests passed after 7.829 seconds.
◇ Test solarSystemExtendsTheGalleryWithoutReplacingExistingExamples() started.
✔ Test solarSystemExtendsTheGalleryWithoutReplacingExistingExamples() passed after 0.001 seconds.
◇ Test solarSystemUsesTheFullEditableVolumeAndRoundTripsThroughThreeMD() started.
✔ Test solarSystemUsesTheFullEditableVolumeAndRoundTripsThroughThreeMD() passed after 5.671 seconds.
◇ Test solarSystemHasEightSolidSeparatedPlanetsWithDistinctSurfaceFeatures() started.
✔ Test solarSystemHasEightSolidSeparatedPlanetsWithDistinctSurfaceFeatures() passed after 0.001 seconds.
◇ Test solarSystemRingsMoonsAndOrbitGuidesRetainRealAirGaps() started.
✔ Test solarSystemRingsMoonsAndOrbitGuidesRetainRealAirGaps() passed after 0.001 seconds.
◇ Test solarSystemHasAsteroidBeltCometAndElevatedStars() started.
✔ Test solarSystemHasAsteroidBeltCometAndElevatedStars() passed after 0.001 seconds.
◇ Test sculptureRoundTripsThroughRealThreeMDParser() started.
✔ Test sculptureRoundTripsThroughRealThreeMDParser() passed after 0.003 seconds.
◇ Test rejectsOversizedAndUnrelatedDocuments() started.
✔ Test rejectsOversizedAndUnrelatedDocuments() passed after 0.002 seconds.
◇ Test fileSizeGuardAcceptsItsExactBoundaryBeforeValidatingUTF8() started.
✔ Test fileSizeGuardAcceptsItsExactBoundaryBeforeValidatingUTF8() passed after 0.002 seconds.
◇ Test refusesMalformedDimensionsRowsGlyphsAndDepth() started.
✔ Test refusesMalformedDimensionsRowsGlyphsAndDepth() passed after 0.001 seconds.
◇ Test protectsGridBoundsAndRejectsInvalidGlyphs() started.
✔ Test protectsGridBoundsAndRejectsInvalidGlyphs() passed after 0.001 seconds.
◇ Test duplicatedLayerIsIndependentAndLastLayerIsProtected() started.
✔ Test duplicatedLayerIsIndependentAndLastLayerIsProtected() passed after 0.001 seconds.
◇ Test quarterTurnMovesCellAndFourTurnsRestoreLayer() started.
✔ Test quarterTurnMovesCellAndFourTurnsRestoreLayer() passed after 0.001 seconds.
◇ Test nearestCellWinsOcclusionAndCanBePicked() started.
✔ Test nearestCellWinsOcclusionAndCanBePicked() passed after 0.001 seconds.
◇ Test cameraOrbitChangesProjectionAndNonFiniteValuesRemainSafe() started.
✔ Test cameraOrbitChangesProjectionAndNonFiniteValuesRemainSafe() passed after 0.001 seconds.
◇ Test emptyProjectionExportsSpacesWithoutInventingCharacters() started.
✔ Test emptyProjectionExportsSpacesWithoutInventingCharacters() passed after 0.001 seconds.
◇ Test titleCannotInjectFrontmatterAndLayerLimitIsEnforced() started.
✔ Test titleCannotInjectFrontmatterAndLayerLimitIsEnforced() passed after 0.001 seconds.
◇ Test maximumTwoHundredFiftySixCubeRoundTripsWithinTwentyMiB() started.
✔ Test maximumTwoHundredFiftySixCubeRoundTripsWithinTwentyMiB() passed after 9.224 seconds.
◇ Test dimensionsAboveTwoHundredFiftySixAreRejectedOnEveryAxis() started.
✔ Test dimensionsAboveTwoHundredFiftySixAreRejectedOnEveryAxis() passed after 0.001 seconds.
◇ Test formerCubeDocumentsRemainCompatible(dimension:) started.
◇ Test case passing 1 argument dimension → 32 to formerCubeDocumentsRemainCompatible(dimension:) started.
◇ Test case passing 1 argument dimension → 64 to formerCubeDocumentsRemainCompatible(dimension:) started.
✔ Test formerCubeDocumentsRemainCompatible(dimension:) with 2 test cases passed after 0.100 seconds.
◇ Test codecRejectsExcessiveDirectivesBeforeAllocatingThreeMDPlanes() started.
✔ Test codecRejectsExcessiveDirectivesBeforeAllocatingThreeMDPlanes() passed after 0.001 seconds.
◇ Test codecRejectsExcessiveBlankLinesBeforeThreeMDAllocatesTheirArray() started.
✔ Test codecRejectsExcessiveBlankLinesBeforeThreeMDAllocatesTheirArray() passed after 0.035 seconds.
◇ Test occupiedCountRemainsAccurateAcrossEveryMutationAndValueCopy() started.
✔ Test occupiedCountRemainsAccurateAcrossEveryMutationAndValueCopy() passed after 0.001 seconds.
◇ Test projectionCanPickTheNearestCellBeyondTheOldDepthLimit() started.
✔ Test projectionCanPickTheNearestCellBeyondTheOldDepthLimit() passed after 0.001 seconds.
◇ Test denseSixtyFourVolumeProjectionStaysBoundedAndPicksActualSourceCells() started.
✔ Test denseSixtyFourVolumeProjectionStaysBoundedAndPicksActualSourceCells() passed after 0.181 seconds.
◇ Test maximumCoordinatesStayEditableAndProjectionCachesFollowLayerChanges() started.
✔ Test maximumCoordinatesStayEditableAndProjectionCachesFollowLayerChanges() passed after 2.150 seconds.
◇ Test cancelledSculptureDecodeDoesNotReturnAPartialVolume() started.
✔ Test cancelledSculptureDecodeDoesNotReturnAPartialVolume() passed after 0.001 seconds.
◇ Test cancelledASCIIProjectionReturnsABoundedEmptyFrameWithoutPartialPicking() started.
✔ Test cancelledASCIIProjectionReturnsABoundedEmptyFrameWithoutPartialPicking() passed after 0.002 seconds.
◇ Suite SculptureThreeMDTests started.
◇ Test unmarkedGeneralBinaryAdoptsPortableMarkerWithoutLosingImportedIDs() started.
✔ Test unmarkedGeneralBinaryAdoptsPortableMarkerWithoutLosingImportedIDs() passed after 0.002 seconds.
◇ Test portableWorldRootNeverOverwritesAUserModelAndRetainsUnusedBindings() started.
✔ Test portableWorldRootNeverOverwritesAUserModelAndRetainsUnusedBindings() passed after 0.014 seconds.
◇ Test maximumWorldPlacementsKeepUniqueGraphReferencesAndExactIDs() started.
✔ Test maximumWorldPlacementsKeepUniqueGraphReferencesAndExactIDs() passed after 27.451 seconds.
◇ Test portableSceneRoundTripsInTextAndUncompressedBinary() started.
✔ Test portableSceneRoundTripsInTextAndUncompressedBinary() passed after 0.054 seconds.
◇ Test legacyFilesAndSaveDefaultsRemainDistinct() started.
✔ Test legacyFilesAndSaveDefaultsRemainDistinct() passed after 0.002 seconds.
◇ Test customPlaneAndReferenceIDsSurviveRecaptureAndSharedEditing() started.
✔ Test customPlaneAndReferenceIDsSurviveRecaptureAndSharedEditing() passed after 0.029 seconds.
◇ Test wholeSceneRevisionRejectsStaleModelEditWithoutPublishingChanges() started.
✔ Test wholeSceneRevisionRejectsStaleModelEditWithoutPublishingChanges() passed after 0.012 seconds.
◇ Test invalidSharedReplacementIsAtomicAndWorldAnchorsStayExact() started.
✔ Test invalidSharedReplacementIsAtomicAndWorldAnchorsStayExact() passed after 0.014 seconds.
◇ Test malformedIdentitiesAndDisagreeingReferencesNeverUseLegacyFallback() started.
✔ Test malformedIdentitiesAndDisagreeingReferencesNeverUseLegacyFallback() passed after 0.008 seconds.
◇ Test largeLegacyLibraryRetainsItsOwnCapacityAndPortableFailureIsExplicit() started.
✔ Test largeLegacyLibraryRetainsItsOwnCapacityAndPortableFailureIsExplicit() passed after 31.985 seconds.
◇ Test cancellationPropagatesThroughAllPublicPortableOperations() started.
✔ Test cancellationPropagatesThroughAllPublicPortableOperations() passed after 0.005 seconds.
◇ Test deterministicPortableInterchangeFixtures() started.
✔ Test deterministicPortableInterchangeFixtures() passed after 0.019 seconds.
✔ Suite SculptureThreeMDTests passed after 59.602 seconds.
◇ Suite SculptureVolumeStudyExamplesTests started.
◇ Test denseEquivalentUsesOneSharedSolidModelToFillExactly1024Cubed() started.
✔ Test denseEquivalentUsesOneSharedSolidModelToFillExactly1024Cubed() passed after 0.113 seconds.
◇ Test landscapeSeparatesItsSparseOccupancyFromItsAddressDomain() started.
✔ Test landscapeSeparatesItsSparseOccupancyFromItsAddressDomain() passed after 0.574 seconds.
◇ Test landscapeContainsNavigableCastlesWaterTerracesAndForestAirGaps() started.
✔ Test landscapeContainsNavigableCastlesWaterTerracesAndForestAirGaps() passed after 0.001 seconds.
◇ Test studyFactoriesAreDeterministicAndPreserveFiniteProductionLimits() started.
✔ Test studyFactoriesAreDeterministicAndPreserveFiniteProductionLimits() passed after 2.114 seconds.
◇ Test studyFactoriesRespectCancelledTasksBeforeConstructingTheirLibraries() started.
✔ Test studyFactoriesRespectCancelledTasksBeforeConstructingTheirLibraries() passed after 0.001 seconds.
✔ Suite SculptureVolumeStudyExamplesTests passed after 2.802 seconds.
◇ Suite SculptureWorldTests started.
◇ Test distantInstancesRemainSparseAndShareOneLibraryModel() started.
✔ Test distantInstancesRemainSparseAndShareOneLibraryModel() passed after 0.001 seconds.
◇ Test exactInt64ExtremesAndAdjacentAnchorsSurviveJSONRoundTrip() started.
✔ Test exactInt64ExtremesAndAdjacentAnchorsSurviveJSONRoundTrip() passed after 0.001 seconds.
◇ Test originHeadroomIDsAndRotationsAreValidatedBeforeWorldConstruction() started.
✔ Test originHeadroomIDsAndRotationsAreValidatedBeforeWorldConstruction() passed after 0.001 seconds.
◇ Test worldsRejectMissingModelsDuplicateInstancesAndInvalidTitles() started.
✔ Test worldsRejectMissingModelsDuplicateInstancesAndInvalidTitles() passed after 0.001 seconds.
◇ Test finitePlacementCapacityDoesNotImposeASpatialExtent() started.
✔ Test finitePlacementCapacityDoesNotImposeASpatialExtent() passed after 4.132 seconds.
◇ Test codecRejectsUnknownDuplicateMetadataAndUnsupportedPlaneOrFences() started.
✔ Test codecRejectsUnknownDuplicateMetadataAndUnsupportedPlaneOrFences() passed after 0.001 seconds.
◇ Test codecRejectsUnknownDuplicateJSONKeysAndInexactCoordinateTypes() started.
✔ Test codecRejectsUnknownDuplicateJSONKeysAndInexactCoordinateTypes() passed after 0.002 seconds.
◇ Test decoderBoundsBytesPhysicalLinesAndJSONNestingBeforeAllocatingModels() started.
✔ Test decoderBoundsBytesPhysicalLinesAndJSONNestingBeforeAllocatingModels() passed after 0.074 seconds.
◇ Test cancellationReturnsNoWorldOrSerializedOutput() started.
✔ Test cancellationReturnsNoWorldOrSerializedOutput() passed after 0.001 seconds.
✔ Suite SculptureWorldTests passed after 4.216 seconds.
◇ Test commandCLIInspectsAndPublishesCanonicalEditsWithMachineReadableResult() started.
✔ Test commandCLIInspectsAndPublishesCanonicalEditsWithMachineReadableResult() passed after 0.004 seconds.
◇ Test failedCLIBatchCreatesNoOutputAndKeepsInputAndCommandBytes() started.
✔ Test failedCLIBatchCreatesNoOutputAndKeepsInputAndCommandBytes() passed after 0.001 seconds.
◇ Test cliRefusesExistingFilesDirectoriesAndDanglingOutputSymlinks() started.
✔ Test cliRefusesExistingFilesDirectoriesAndDanglingOutputSymlinks() passed after 0.005 seconds.
◇ Test cliRefusesNonRegularOversizedAndMalformedInputsBeforePublishing() started.
✔ Test cliRefusesNonRegularOversizedAndMalformedInputsBeforePublishing() passed after 0.012 seconds.
◇ Test commandCLIInspectsAndEditsSliceTwoHundredFiftyFiveBeyondTheOldFileBudget() started.
✔ Test commandCLIInspectsAndEditsSliceTwoHundredFiftyFiveBeyondTheOldFileBudget() passed after 1.485 seconds.
◇ Test commandJSONKeepsItsIndependentTwoHundredFiftySixKiBBoundary() started.
✔ Test commandJSONKeepsItsIndependentTwoHundredFiftySixKiBBoundary() passed after 0.004 seconds.
◇ Test cliWritesChosenTemporaryDirectoryAndDirectoryAliasWithoutReplacingEntries() started.
✔ Test cliWritesChosenTemporaryDirectoryAndDirectoryAliasWithoutReplacingEntries() passed after 0.006 seconds.
◇ Test commandCLIInspectsCompactDocumentsAndAutodetectsBytesWithoutExtensionHints() started.
✔ Test commandCLIInspectsCompactDocumentsAndAutodetectsBytesWithoutExtensionHints() passed after 0.001 seconds.
◇ Test commandCLIStoresCompactEditsFromExplicitOutputExtensionAndPreservesInput() started.
✔ Test commandCLIStoresCompactEditsFromExplicitOutputExtensionAndPreservesInput() passed after 0.003 seconds.
◇ Test commandCLIConvertsBothStorageFormatsWhileApplyingTheSameCommands() started.
✔ Test commandCLIConvertsBothStorageFormatsWhileApplyingTheSameCommands() passed after 0.004 seconds.
◇ Test commandCLIRejectsUnsupportedOutputExtensionsWithoutWritingOrChangingInputs() started.
✔ Test commandCLIRejectsUnsupportedOutputExtensionsWithoutWritingOrChangingInputs() passed after 0.001 seconds.
◇ Test commandCLIReportsTruncatedCompactInputWithoutPublishingEdits() started.
✔ Test commandCLIReportsTruncatedCompactInputWithoutPublishingEdits() passed after 0.001 seconds.
◇ Test compositionCLIEmbedsOneSharedModelAndPlacesRotatedSingleCharacterTilesInThreeAxes() started.
✔ Test compositionCLIEmbedsOneSharedModelAndPlacesRotatedSingleCharacterTilesInThreeAxes() passed after 0.005 seconds.
◇ Test compositionCLIExpandsToBothVoxelFormatsAndRefusesImplicitFlattening() started.
✔ Test compositionCLIExpandsToBothVoxelFormatsAndRefusesImplicitFlattening() passed after 0.010 seconds.
◇ Test compositionCLIImportsNestedGraphsWithoutPrivateIDCollisionsOrExternalDependencies() started.
✔ Test compositionCLIImportsNestedGraphsWithoutPrivateIDCollisionsOrExternalDependencies() passed after 0.006 seconds.
◇ Test compositionCLIRejectsUnknownFieldsInvalidReferencesAndUnusableFilesWithoutPublishing() started.
✔ Test compositionCLIRejectsUnknownFieldsInvalidReferencesAndUnusableFilesWithoutPublishing() passed after 0.013 seconds.
◇ Test compositionCLIRequiresExplicitFormatsAndAtomicallyRefusesExistingEntries() started.
✔ Test compositionCLIRequiresExplicitFormatsAndAtomicallyRefusesExistingEntries() passed after 0.006 seconds.
◇ Suite "Portable scene development commands" started.
◇ Test exportAcceptsEveryLegacySceneAndPublishesBothPortableFormatsWithoutChangingInput() started.
✔ Test exportAcceptsEveryLegacySceneAndPublishesBothPortableFormatsWithoutChangingInput() passed after 0.050 seconds.
◇ Test inspectReportsStructuredDiagnosticsAndPortableSceneFacts() started.
✔ Test inspectReportsStructuredDiagnosticsAndPortableSceneFacts() passed after 0.013 seconds.
◇ Test applyUsesExactExpectedRevisionPreservesReferencesAndIsDeterministic() started.
✔ Test applyUsesExactExpectedRevisionPreservesReferencesAndIsDeterministic() passed after 0.055 seconds.
◇ Test staleSceneAndFailedCommandBatchNeverCreateOutput() started.
✔ Test staleSceneAndFailedCommandBatchNeverCreateOutput() passed after 0.015 seconds.
◇ Test requestsRejectUnknownDuplicateEquivalentAndOversizedFields() started.
✔ Test requestsRejectUnknownDuplicateEquivalentAndOversizedFields() passed after 0.022 seconds.
◇ Test exportsNeverOverwriteExistingFilesOrSymbolicLinksAndRejectUnknownExtensions() started.
✔ Test exportsNeverOverwriteExistingFilesOrSymbolicLinksAndRejectUnknownExtensions() passed after 0.014 seconds.
◇ Test cancellationBeforePublicationLeavesNoFile() started.
✔ Test cancellationBeforePublicationLeavesNoFile() passed after 0.001 seconds.
✔ Suite "Portable scene development commands" passed after 0.172 seconds.
◇ Test referenceCLIInspectsSharedIDsAndProvidesACompleteExpectedModelSnapshot() started.
✔ Test referenceCLIInspectsSharedIDsAndProvidesACompleteExpectedModelSnapshot() passed after 0.003 seconds.
◇ Test referenceCLIInspectsWorldTransformsWithoutLosingLargeIntegerPrecision() started.
✔ Test referenceCLIInspectsWorldTransformsWithoutLosingLargeIntegerPrecision() passed after 0.002 seconds.
◇ Test referenceCLIUpdatesSharedCompositionLeafAndKeepsNestedBindings() started.
✔ Test referenceCLIUpdatesSharedCompositionLeafAndKeepsNestedBindings() passed after 0.004 seconds.
◇ Test referenceCLIUpdatesWorldLeafWithoutChangingInstancesOrFlatteningTheLibrary() started.
✔ Test referenceCLIUpdatesWorldLeafWithoutChangingInstancesOrFlatteningTheLibrary() passed after 0.005 seconds.
◇ Test referenceCLIMakesOneWorldLeafUniqueThenEditsOnlyItsCopy() started.
✔ Test referenceCLIMakesOneWorldLeafUniqueThenEditsOnlyItsCopy() passed after 0.009 seconds.
◇ Test referenceCLIRejectsStaleModelsEvenWhenDimensionsAndOccupiedCountsMatch() started.
✔ Test referenceCLIRejectsStaleModelsEvenWhenDimensionsAndOccupiedCountsMatch() passed after 0.002 seconds.
◇ Test referenceCLIRequiresCompleteMatchingSourceBytesForUniqueWorldInstances() started.
✔ Test referenceCLIRequiresCompleteMatchingSourceBytesForUniqueWorldInstances() passed after 0.004 seconds.
◇ Test referenceCLIRejectsUnknownInstancesExistingModelIDsAndNestedUniqueness() started.
✔ Test referenceCLIRejectsUnknownInstancesExistingModelIDsAndNestedUniqueness() passed after 0.007 seconds.
◇ Test referenceCLIFailedCommandsLeaveTheSourceAndOutputUntouched() started.
✔ Test referenceCLIFailedCommandsLeaveTheSourceAndOutputUntouched() passed after 0.002 seconds.
◇ Test referenceCLIRefusesTileEditingFlatteningAndAmbiguousRequestFields() started.
✔ Test referenceCLIRefusesTileEditingFlatteningAndAmbiguousRequestFields() passed after 0.005 seconds.
◇ Test referenceCLIRefusesExistingOutputsIncludingSourceDirectoriesAndDanglingLinks() started.
✔ Test referenceCLIRefusesExistingOutputsIncludingSourceDirectoriesAndDanglingLinks() passed after 0.008 seconds.
◇ Test referenceCLIBoundsRequestFilesAndRefusesNonRegularInputs() started.
✔ Test referenceCLIBoundsRequestFilesAndRefusesNonRegularInputs() passed after 0.013 seconds.
◇ Test referenceCLICancellationDoesNotPublishAFile() started.
✔ Test referenceCLICancellationDoesNotPublishAFile() passed after 0.006 seconds.
◇ Suite "Dense volume study reduced fixtures" started.
◇ Test strictCLIRequiresAbsoluteNewOutputAndExplicitDenseOptIn() started.
✔ Test strictCLIRequiresAbsoluteNewOutputAndExplicitDenseOptIn() passed after 0.001 seconds.
◇ Test reducedDenseStudyTouchesHashesStreamsAndComparesEveryByte() started.
✔ Test reducedDenseStudyTouchesHashesStreamsAndComparesEveryByte() passed after 0.002 seconds.
◇ Test resourceGuardRefusesBeforeCreatingOutputAndHonorsKernelProcessLimit() started.
✔ Test resourceGuardRefusesBeforeCreatingOutputAndHonorsKernelProcessLimit() passed after 0.001 seconds.
◇ Test reduced64CubePatternCrossesEachBlockAxisAndHasAnIndependentDigest() started.
✔ Test reduced64CubePatternCrossesEachBlockAxisAndHasAnIndependentDigest() passed after 0.058 seconds.
◇ Test stagingReplacementBeforeEncodingOrPublicationPreservesForeignContent() started.
✔ Test stagingReplacementBeforeEncodingOrPublicationPreservesForeignContent() passed after 0.005 seconds.
◇ Test newOutputGuardPreservesExistingDirectoriesAndSymbolicLinks() started.
✔ Test newOutputGuardPreservesExistingDirectoriesAndSymbolicLinks() passed after 0.001 seconds.
◇ Test streamingVerificationRejectsCorruptionTruncationConcatenationAndLengthMismatch() started.
✔ Test streamingVerificationRejectsCorruptionTruncationConcatenationAndLengthMismatch() passed after 0.316 seconds.
◇ Test cancellationAfterAllocationCleansStagingAndPublishesNothing() started.
✔ Test cancellationAfterAllocationCleansStagingAndPublishesNothing() passed after 0.016 seconds.
✔ Suite "Dense volume study reduced fixtures" passed after 0.403 seconds.
◇ Suite "Volume world study publication" started.
◇ Test rejectsInvalidAndExistingDestinationsWithoutChangingThem() started.
✔ Test rejectsInvalidAndExistingDestinationsWithoutChangingThem() passed after 0.001 seconds.
◇ Test publishesSupportedWorldCopiesWithExactFacts() started.
✔ Test publishesSupportedWorldCopiesWithExactFacts() passed after 35.615 seconds.
◇ Test replacementDirectoryIsNeitherPublishedNorRecursivelyRemoved() started.
✔ Test replacementDirectoryIsNeitherPublishedNorRecursivelyRemoved() passed after 0.002 seconds.
◇ Test exclusiveDirectoryPublicationPreservesARacingExistingTarget() started.
✔ Test exclusiveDirectoryPublicationPreservesARacingExistingTarget() passed after 0.002 seconds.
◇ Test cleanupPreservesAReplacementFileInsideThePinnedStagingDirectory() started.
✔ Test cleanupPreservesAReplacementFileInsideThePinnedStagingDirectory() passed after 0.001 seconds.
◇ Test cancellationAfterCreatingStagingLeavesNoOutputOrTemporaryDirectory() started.
✔ Test cancellationAfterCreatingStagingLeavesNoOutputOrTemporaryDirectory() passed after 0.001 seconds.
✔ Suite "Volume world study publication" passed after 35.624 seconds.
◇ Test sparseWorldCLIInspectKeepsExactCoordinatesAndExtractsOnlyAnExplicitModel() started.
✔ Test sparseWorldCLIInspectKeepsExactCoordinatesAndExtractsOnlyAnExplicitModel() passed after 0.162 seconds.
◇ Test directProcessExecutionDoesNotInterpretArgumentText() started.
✔ Test directProcessExecutionDoesNotInterpretArgumentText() passed after 0.005 seconds.
◇ Test incorrectPinnedVersionStopsBeforeRunningTheTool() started.
✔ Test incorrectPinnedVersionStopsBeforeRunningTheTool() passed after 0.001 seconds.
◇ Test specArgumentsRemainLiteralArgumentsAndFailuresPropagate() started.
failed
✔ Test specArgumentsRemainLiteralArgumentsAndFailuresPropagate() passed after 0.001 seconds.
◇ Test failedReleaseBuildDoesNotScanAnOldExecutable() started.
build failed✔ Test failedReleaseBuildDoesNotScanAnOldExecutable() passed after 0.001 seconds.
◇ Test failedPackagingReleaseBuildDoesNotCopyAnOldExecutableOrReplaceTheBundle() started.
release build failed✔ Test failedPackagingReleaseBuildDoesNotCopyAnOldExecutableOrReplaceTheBundle() passed after 0.004 seconds.
◇ Test sourceScanRejectsNetworkProcessAndCoreBridges() started.
✔ Test sourceScanRejectsNetworkProcessAndCoreBridges() passed after 0.010 seconds.
◇ Test productDependencyGraphRejectsTransitiveToolingAndUnknownEdges() started.
✔ Test productDependencyGraphRejectsTransitiveToolingAndUnknownEdges() passed after 0.001 seconds.
◇ Test releaseMarkerScanIncludesEmbeddedUnprintableBytes() started.
✔ Test releaseMarkerScanIncludesEmbeddedUnprintableBytes() passed after 0.001 seconds.
◇ Test repositoryInventoryRejectsPythonAndShellProgramsOutsideDependencies() started.
✔ Test repositoryInventoryRejectsPythonAndShellProgramsOutsideDependencies() passed after 0.001 seconds.
◇ Test failedRepositoryInventoryCannotPassSourceBoundaries() started.
git failed✔ Test failedRepositoryInventoryCannotPassSourceBoundaries() passed after 0.002 seconds.
◇ Test signingFailurePreservesTheExistingBundleAndRemovesStaging() started.
signing failed✔ Test signingFailurePreservesTheExistingBundleAndRemovesStaging() passed after 0.005 seconds.
◇ Test successfulPackagingBuildsAndCopiesReleaseBeforeReplacingTheOwnedBundle() started.
release builtsignedverifiedentitlementspackaged /var/folders/5k/616qy7sj28l0d53k4c6w_4x00000gn/T/rook-tooling-test-718B4355-B0AF-4115-827A-97484BC697CB/dist/Rook.app; local ad-hoc signature, not notarized
✔ Test successfulPackagingBuildsAndCopiesReleaseBeforeReplacingTheOwnedBundle() passed after 0.027 seconds.
◇ Test packagingDoesNotFallBackToDebugWhenReleaseIsMissing() started.
✔ Test packagingDoesNotFallBackToDebugWhenReleaseIsMissing() passed after 0.002 seconds.
◇ Test packagingRefusesUnrelatedBundlesAndSymbolicLinkDestinations() started.
✔ Test packagingRefusesUnrelatedBundlesAndSymbolicLinkDestinations() passed after 0.003 seconds.
◇ Test runnerAcceptsCompleteSwiftChild() started.
✔ Test runnerAcceptsCompleteSwiftChild() passed after 0.209 seconds.
◇ Test runnerRejectsPrematureSwiftChildExitZero() started.
✔ Test runnerRejectsPrematureSwiftChildExitZero() passed after 0.215 seconds.
◇ Test runnerRejectsSwiftChildRecordedIssueAtExitZero() started.
✔ Test runnerRejectsSwiftChildRecordedIssueAtExitZero() passed after 0.203 seconds.
◇ Test runnerPreservesActualSwiftChildExitSeven() started.
✔ Test runnerPreservesActualSwiftChildExitSeven() passed after 0.203 seconds.
◇ Test runnerDoesNotOverwriteRetainedEvidence() started.
✔ Test runnerDoesNotOverwriteRetainedEvidence() passed after 0.001 seconds.
◇ Test completeSwiftTestingRunIsAcceptedWithTypedSummary() started.
✔ Test completeSwiftTestingRunIsAcceptedWithTypedSummary() passed after 0.009 seconds.
◇ Test recordedIssuesAndMissingSummaryAreBothRejected() started.
✔ Test recordedIssuesAndMissingSummaryAreBothRejected() passed after 0.007 seconds.
◇ Test incompleteRunWithoutFailureCannotPass() started.
✔ Test incompleteRunWithoutFailureCannotPass() passed after 0.008 seconds.
◇ Test xctestZeroAloneCannotPass() started.
✔ Test xctestZeroAloneCannotPass() passed after 0.005 seconds.
◇ Test ansiUnicodeAndCIFormattingAreAccepted() started.
✔ Test ansiUnicodeAndCIFormattingAreAccepted() passed after 0.003 seconds.
◇ Test failureWordsInsidePassingTestNamesAreNotIssues() started.
✔ Test failureWordsInsidePassingTestNamesAreNotIssues() passed after 0.008 seconds.
◇ Test upstreamFailureCannotBeHiddenBySuccessfulSummary() started.
✔ Test upstreamFailureCannotBeHiddenBySuccessfulSummary() passed after 0.007 seconds.
◇ Test earlierIssueCannotBeHiddenBySuccessfulSummary() started.
✔ Test earlierIssueCannotBeHiddenBySuccessfulSummary() passed after 0.007 seconds.
◇ Test earlierSummaryCannotHideALaterUnfinishedRun() started.
✔ Test earlierSummaryCannotHideALaterUnfinishedRun() passed after 0.012 seconds.
◇ Test zeroSwiftTestingCountIsRejected() started.
✔ Test zeroSwiftTestingCountIsRejected() passed after 0.003 seconds.
◇ Test explicitExpectedCountIsEnforcedWithoutAProductCountPin() started.
✔ Test explicitExpectedCountIsEnforcedWithoutAProductCountPin() passed after 0.011 seconds.
◇ Test xctestFailureIsRejectedEvenWithSwiftTestingSuccess() started.
✔ Test xctestFailureIsRejectedEvenWithSwiftTestingSuccess() passed after 0.005 seconds.
✔ Test run with 440 tests in 37 suites passed after 256.528 seconds.

Retained test log: /private/tmp/sculpt-1024-case-study-20261005/.build/verification/B1EFE62A-D76B-4C83-97E5-BDD89AB60692/swift-test.log
Test receipt: /private/tmp/sculpt-1024-case-study-20261005/.build/verification/B1EFE62A-D76B-4C83-97E5-BDD89AB60692/swift-test-result.json
  ✔ Step 3 done (4m 23.734s)
  ▶️ Running task: intent
45 criteria · 12 families · 12 files · 53 retired
  ✔ Step 4 done (865ms)
  ▶️ Running task: spec

specs/RookApp/RookApp.spec.md
  ✓ Frontmatter valid
  ✓ All source files exist
  ✓ All required sections present
  ✓ All dependency specs exist

specs/RookCore/RookCore.spec.md
  ✓ Frontmatter valid
  ✓ All source files exist
  ✓ All required sections present
  ✓ 6/6 exports documented
  ✓ All dependency specs exist

specs/RookDevelopment/RookDevelopment.spec.md
  ✓ Frontmatter valid
  ✓ All source files exist
  ✓ All required sections present
  ✓ 66/66 exports documented
  ✓ All dependency specs exist

specs/RookRendering/RookRendering.spec.md
  ✓ Frontmatter valid
  ✓ All source files exist
  ✓ All required sections present
  ✓ 139/139 exports documented
  ✓ All dependency specs exist

specs/RookSculpture/RookSculpture.spec.md
  ✓ Frontmatter valid
  ✓ All source files exist
  ✓ All required sections present
  ✓ 202/202 exports documented
  ✓ All dependency specs exist

5 specs checked: 5 passed, 0 warning(s), 0 failed
File coverage: 72/72 (100%)
LOC coverage:  18778/18778 (100%)
  ✔ Step 5 done (836ms)
  ▶️ Running task: boundaries
source boundary scan passed; product targets exclude development tooling
  ✔ Step 6 done (1.601s)
  ▶️ Running task: release-fixture
[0/1] Planning build
Building for production...
[0/4] Write sources
[1/4] Write swift-version--58304C5D6DBC2206.txt
[3/5] Compiling ThreeMD Axis.swift
[4/6] Compiling RookSculpture Sculpture.swift
/private/tmp/sculpt-1024-case-study-20261005/Sources/RookSculpture/SculptureThreeMDCodec.swift:354:13: warning: initialization of immutable value 'modelRootID' was never used; consider replacing with assignment to '_' or removing it [#no-usage]
352 |         let root = graph.rootEntry.document
353 |         let isWorld = root.metadata["scene-schema"] == worldSchema
354 |         let modelRootID = isWorld ? root.metadata["library-root"] : graph.rootID
    |             `- warning: initialization of immutable value 'modelRootID' was never used; consider replacing with assignment to '_' or removing it [#no-usage]
355 |         let entries = graph.entries.filter { !isWorld || $0.id != graph.rootID }
356 |         guard entries.count <= SculptureComposition.maximumModels else { throw SculptureCompositionError.tooManyModels }
[4/6] Write Objects.LinkFileList
[5/6] Linking Rook
Build of product 'Rook' complete! (28.19s)
release fixture strings are absent
  ✔ Step 7 done (29.549s)
✅ Lane verify completed (7 steps in 5m 12.790s)
