Building for debugging...
[0/8] Write sources
[2/8] Write swift-version--58304C5D6DBC2206.txt
[4/10] Compiling RookRenderingTests SculptureLiveVoxelTests.swift
[5/10] Emitting module RookRenderingTests
[6/10] Compiling RookApp SculptureViewport.swift
[7/10] Emitting module RookApp
[7/12] Write Objects.LinkFileList
[8/12] Linking Rook
[9/12] Applying Rook
[11/13] Emitting module RookAppTests
[11/13] Write Objects.LinkFileList
[12/13] Linking RookPackageTests
Build complete! (6.08s)
Test Suite 'Selected tests' started at 2026-10-10 11:45:50.126.
Test Suite 'RookPackageTests.xctest' started at 2026-10-10 11:45:50.127.
Test Suite 'RookPackageTests.xctest' passed at 2026-10-10 11:45:50.127.
	 Executed 0 tests, with 0 failures (0 unexpected) in 0.000 (0.000) seconds
Test Suite 'Selected tests' passed at 2026-10-10 11:45:50.127.
	 Executed 0 tests, with 0 failures (0 unexpected) in 0.000 (0.002) seconds
◇ Test run started.
↳ Testing Library Version: 1902
↳ Target Platform: arm64e-apple-macos14.0
◇ Test systemPreferenceDefersToMacAppearance() started.
✔ Test systemPreferenceDefersToMacAppearance() passed after 0.001 seconds.
◇ Test largeSliceGridFitAndZoomKeepSquareCellsWithinTheirCanvas() started.
✔ Test largeSliceGridFitAndZoomKeepSquareCellsWithinTheirCanvas() passed after 0.001 seconds.
◇ Test rectangularSliceGridUsesItsActualAspectRatioAtEveryZoom() started.
✔ Test rectangularSliceGridUsesItsActualAspectRatioAtEveryZoom() passed after 0.001 seconds.
◇ Test maximumVolumeGridZoomCanReachTheLastCellPrecisely() started.
✔ Test maximumVolumeGridZoomCanReachTheLastCellPrecisely() passed after 0.001 seconds.
◇ Test scrollingChangesViewportPositionWithoutChangingLocalCellCoordinates() started.
✔ Test scrollingChangesViewportPositionWithoutChangingLocalCellCoordinates() passed after 0.001 seconds.
◇ Test gridHitTestingRejectsOutsideNonFiniteAndUnavailableGeometry() started.
✔ Test gridHitTestingRejectsOutsideNonFiniteAndUnavailableGeometry() passed after 0.001 seconds.
◇ Suite LayerGridScrollPresentationTests started.
◇ Test nativeClipMeasurementIsWindowScopedAndDisconnectsWhenDismantled() started.
✔ Test nativeClipMeasurementIsWindowScopedAndDisconnectsWhenDismantled() passed after 0.506 seconds.
◇ Test nativeZoomedSliceKeepsDrawingAfterItsOriginScrollsOutOfView() started.
✔ Test nativeZoomedSliceKeepsDrawingAfterItsOriginScrollsOutOfView() passed after 0.941 seconds.
✔ Suite LayerGridScrollPresentationTests passed after 1.448 seconds.
◇ Suite SculptureCanvasPointerTests started.
◇ Test nativePointerDispatchesTopLeftCoordinatesAndAllMousePhases() started.
✔ Test nativePointerDispatchesTopLeftCoordinatesAndAllMousePhases() passed after 0.026 seconds.
◇ Test pointerEventsStayWithinTheirOwnWindow() started.
✔ Test pointerEventsStayWithinTheirOwnWindow() passed after 0.023 seconds.
◇ Test mouseInputDoesNotStealTheExistingKeyboardResponder() started.
✔ Test mouseInputDoesNotStealTheExistingKeyboardResponder() passed after 0.010 seconds.
◇ Test modifiedDragsPanWithoutDispatchingPaintOrSelectionEvents() started.
✔ Test modifiedDragsPanWithoutDispatchingPaintOrSelectionEvents() passed after 0.019 seconds.
✔ Suite SculptureCanvasPointerTests passed after 0.080 seconds.
◇ Suite SculptureCommandFocusTests started.
◇ Test nativeSearchTakesPriorTitleResponderAndReturnRunsFilteredAction() started.
✔ Test nativeSearchTakesPriorTitleResponderAndReturnRunsFilteredAction() passed after 0.498 seconds.
◇ Test nativeSearchReturnHandsMountedCanvasRealArrowAndSpaceEvents() started.
✔ Test nativeSearchReturnHandsMountedCanvasRealArrowAndSpaceEvents() passed after 0.298 seconds.
◇ Test nativeSearchEscapeUnmountsAndDoesNotRetakeRestoredTitleResponder() started.
✔ Test nativeSearchEscapeUnmountsAndDoesNotRetakeRestoredTitleResponder() passed after 0.281 seconds.
✔ Suite SculptureCommandFocusTests passed after 1.078 seconds.
◇ Test compositionDraftStartsWithSmallReferencedModelsAndDistinctMapCharacters() started.
✔ Test compositionDraftStartsWithSmallReferencedModelsAndDistinctMapCharacters() passed after 0.042 seconds.
◇ Test compositionTilePlacementAndErasingDoNotAlterReferencedModels() started.
✔ Test compositionTilePlacementAndErasingDoNotAlterReferencedModels() passed after 0.001 seconds.
◇ Test compositionShrinkRefusesOccupiedClippingAndKeepsSurvivingRowsAligned() started.
✔ Test compositionShrinkRefusesOccupiedClippingAndKeepsSurvivingRowsAligned() passed after 0.001 seconds.
◇ Test compositionReopeningRetainsNestedGraphAndRotationChangesOnlyItsBinding() started.
✔ Test compositionReopeningRetainsNestedGraphAndRotationChangesOnlyItsBinding() passed after 0.001 seconds.
◇ Test compositionInsertionRemapsEntireGraphAndKeepsRepeatedReferencesSelfContained() started.
✔ Test compositionInsertionRemapsEntireGraphAndKeepsRepeatedReferencesSelfContained() passed after 0.445 seconds.
◇ Test compositionTitleDraftAndBoundsErrorsDoNotDiscardMapOrLibrary() started.
✔ Test compositionTitleDraftAndBoundsErrorsDoNotDiscardMapOrLibrary() passed after 0.001 seconds.
◇ Test cancelingCompositionPreparationNeverOpensTheCanceledSnapshot() started.
✔ Test cancelingCompositionPreparationNeverOpensTheCanceledSnapshot() passed after 0.001 seconds.
◇ Suite SculptureEditorPresentationTests started.
◇ Test actualEditorViewsRenderAtMinimumAndDefaultSizes() started.
Retained editor presentation captures: /Users/leif/Development/_CorvidLabs/3md-edit-preview/apps/sculpt/.build/verification/editor-presentation-89EEEAED-B01F-42CB-AB5C-51F09B194E67
✔ Test actualEditorViewsRenderAtMinimumAndDefaultSizes() passed after 9.787 seconds.
✔ Suite SculptureEditorPresentationTests passed after 9.787 seconds.
◇ Test "Export names cannot introduce paths or hidden files" started.
✔ Test "Export names cannot introduce paths or hidden files" passed after 0.018 seconds.
◇ Test "Preparing a mesh export keeps the source and cleans up its private staging folder" started.
✔ Test "Preparing a mesh export keeps the source and cleans up its private staging folder" passed after 0.016 seconds.
◇ Suite SculptureGalleryBrowserTests started.
◇ Test listingGroupsEveryEntryWithItsSizeAndGeneratesNothingUntilAsked() started.
✔ Test listingGroupsEveryEntryWithItsSizeAndGeneratesNothingUntilAsked() passed after 0.024 seconds.
◇ Test filtersNarrowByKindCategoryAndSearch() started.
✔ Test filtersNarrowByKindCategoryAndSearch() passed after 0.001 seconds.
◇ Test openingAModelHandsItsPreparedGeometryToTheMainDocument() started.
✔ Test openingAModelHandsItsPreparedGeometryToTheMainDocument() passed after 0.304 seconds.
◇ Test openingACompositionStartsAnUnmodifiedDraftWithItsAssembledPreview() started.
✔ Test openingACompositionStartsAnUnmodifiedDraftWithItsAssembledPreview() passed after 0.107 seconds.
◇ Test openingAWorldStartsAnUnmodifiedDraftWithItsPreparedScene() started.
✔ Test openingAWorldStartsAnUnmodifiedDraftWithItsPreparedScene() passed after 0.819 seconds.
◇ Test cancellingALargeEntryWhileGeneratingLeavesTheDocumentSelectionAndHistory() started.
✔ Test cancellingALargeEntryWhileGeneratingLeavesTheDocumentSelectionAndHistory() passed after 0.077 seconds.
◇ Test cancellingWhilePreparingGeometryPublishesNothing() started.
✔ Test cancellingWhilePreparingGeometryPublishesNothing() passed after 0.058 seconds.
◇ Test doneStopsAnOpeningAndItsThumbnailsBeforeTheGalleryClosesSoALateResultIsNeverPublished() started.
✔ Test doneStopsAnOpeningAndItsThumbnailsBeforeTheGalleryClosesSoALateResultIsNeverPublished() passed after 0.055 seconds.
◇ Test loadPreviewAgainAfterCancelPublishesTheNewThumbnailWhileTheFirstWorkerStillRuns() started.
✔ Test loadPreviewAgainAfterCancelPublishesTheNewThumbnailWhileTheFirstWorkerStillRuns() passed after 0.003 seconds.
◇ Test aFailedOpeningReportsItAndKeepsTheGalleryUsable() started.
✔ Test aFailedOpeningReportsItAndKeepsTheGalleryUsable() passed after 0.001 seconds.
◇ Test placementCountsMatchEveryGeneratedWorld() started.
✔ Test placementCountsMatchEveryGeneratedWorld() passed after 1.466 seconds.
◇ Test previewsReduceLargeVolumesAndDrawWorldsAsBoundedPlans() started.
✔ Test previewsReduceLargeVolumesAndDrawWorldsAsBoundedPlans() passed after 0.070 seconds.
✔ Suite SculptureGalleryBrowserTests passed after 2.991 seconds.
◇ Suite "Reference save snapshots" started.
◇ Test compositionPreparationRetainsReferencesAndLeavesVoxelBaselineAlone() started.
✔ Test compositionPreparationRetainsReferencesAndLeavesVoxelBaselineAlone() passed after 0.036 seconds.
◇ Test cancellationAndReplacementCannotPublishAnOldGraph() started.
✔ Test cancellationAndReplacementCannotPublishAnOldGraph() passed after 0.018 seconds.
◇ Test worldPreparationPreservesExactSparseCoordinates() started.
✔ Test worldPreparationPreservesExactSparseCoordinates() passed after 0.034 seconds.
✔ Suite "Reference save snapshots" passed after 0.089 seconds.
◇ Suite "Insertion discoverability" started.
◇ Test fileMenuActionsPresentTheSheetsImporterAndAreUnavailableWhileBusy() started.
✔ Test fileMenuActionsPresentTheSheetsImporterAndAreUnavailableWhileBusy() passed after 0.031 seconds.
◇ Test worldMenuActionsFollowTheSameRulesAndNeverChangeTheWorld() started.
✔ Test worldMenuActionsFollowTheSameRulesAndNeverChangeTheWorld() passed after 0.032 seconds.
◇ Test commandPaletteOffersInsertionWithSearchableKeywordsAndOpensTheMatchingSheet() started.
✔ Test commandPaletteOffersInsertionWithSearchableKeywordsAndOpensTheMatchingSheet() passed after 0.001 seconds.
◇ Test insertionCanvasesStartEmptyAndAcceptTheFirstFileWithoutReplacingAnything() started.
✔ Test insertionCanvasesStartEmptyAndAcceptTheFirstFileWithoutReplacingAnything() passed after 0.024 seconds.
◇ Test menuUndoActsOnTheOpenSheetAndNeverChangesTheHiddenSculpture() started.
✔ Test menuUndoActsOnTheOpenSheetAndNeverChangesTheHiddenSculpture() passed after 0.010 seconds.
◇ Test menuUndoFallsBackToTheMainSculptureOnlyWhenNoSheetCoversIt() started.
✔ Test menuUndoFallsBackToTheMainSculptureOnlyWhenNoSheetCoversIt() passed after 0.001 seconds.
◇ Test sheetHistoryIsUnavailableWhileBusyAndFollowsAnOpenSharedEdit() started.
✔ Test sheetHistoryIsUnavailableWhileBusyAndFollowsAnOpenSharedEdit() passed after 0.030 seconds.
◇ Test worldSheetHistoryRoutesAndStaysUnavailableWhileItsPreparationRuns() started.
✔ Test worldSheetHistoryRoutesAndStaysUnavailableWhileItsPreparationRuns() passed after 0.049 seconds.
◇ Test replacingTheDraftWithAnExampleClearsStalePortableDataAndUndoRestoresIt() started.
✔ Test replacingTheDraftWithAnExampleClearsStalePortableDataAndUndoRestoresIt() passed after 0.011 seconds.
◇ Test useInAWorldCarriesTheCompositionsPortableMetadataAndNestedTitles() started.
✔ Test useInAWorldCarriesTheCompositionsPortableMetadataAndNestedTitles() passed after 0.051 seconds.
◇ Test useInAWorldWithoutPortableDataOrBeyondPortableCapacityFallsBackWithAPlainNotice() started.
✔ Test useInAWorldWithoutPortableDataOrBeyondPortableCapacityFallsBackWithAPlainNotice() passed after 2.322 seconds.
◇ Test cancelingAWorldHandoffNeverDeliversIt() started.
✔ Test cancelingAWorldHandoffNeverDeliversIt() passed after 0.005 seconds.
◇ Test insertingAtAnUnchangedFocusKeepsTheExploreEyeWherever() started.
✔ Test insertingAtAnUnchangedFocusKeepsTheExploreEyeWherever() passed after 0.015 seconds.
◇ Test openingEditableVoxelsEndsTheNavigationPauseAndCatchesTheFocusUpWithTheExploreAnchor() started.
✔ Test openingEditableVoxelsEndsTheNavigationPauseAndCatchesTheFocusUpWithTheExploreAnchor() passed after 0.014 seconds.
◇ Test walkingWhileAnInsertionPreparesDoesNotRefuseItAndFocusCatchesUpAfterwards() started.
✔ Test walkingWhileAnInsertionPreparesDoesNotRefuseItAndFocusCatchesUpAfterwards() passed after 0.032 seconds.
◇ Test batchesNameTheirFirstAndLastTilesAndSayWhenTheyContinueOntoAnotherRowOrLayer() started.
✔ Test batchesNameTheirFirstAndLastTilesAndSayWhenTheyContinueOntoAnotherRowOrLayer() passed after 0.040 seconds.
◇ Test replacementQuestionAndSummaryUseCorrectPlurals() started.
✔ Test replacementQuestionAndSummaryUseCorrectPlurals() passed after 0.030 seconds.
◇ Test labelsShowModelTitlesAndDimensionsNeverGeneratedIDs() started.
✔ Test labelsShowModelTitlesAndDimensionsNeverGeneratedIDs() passed after 0.024 seconds.
◇ Test nativeSaveAndInsertionRefuseGraphsThatWouldNotReopen() started.
✔ Test nativeSaveAndInsertionRefuseGraphsThatWouldNotReopen() passed after 4.795 seconds.
◇ Test largeNativeParentsInsertWithNativeValuesAndExplainTheFallback() started.
✔ Test largeNativeParentsInsertWithNativeValuesAndExplainTheFallback() passed after 12.003 seconds.
✔ Suite "Insertion discoverability" passed after 19.529 seconds.
◇ Suite "Native model insertion" started.
◇ Test compositionBatchPlacesNestedModelsAndRestoresTheCompleteSnapshotWithOneUndo() started.
✔ Test compositionBatchPlacesNestedModelsAndRestoresTheCompleteSnapshotWithOneUndo() passed after 0.043 seconds.
◇ Test worldBatchPlacesAtExactFocusAndKeepsLibraryAndSnapshotInOneHistoryEntry() started.
✔ Test worldBatchPlacesAtExactFocusAndKeepsLibraryAndSnapshotInOneHistoryEntry() passed after 0.041 seconds.
◇ Test compositionRefusalsNeverPublishAPartialBatchOrCreateHistory() started.
✔ Test compositionRefusalsNeverPublishAPartialBatchOrCreateHistory() passed after 0.004 seconds.
◇ Test failedInsertionRetainsAnExistingRedoAndSavedBaseline() started.
✔ Test failedInsertionRetainsAnExistingRedoAndSavedBaseline() passed after 0.008 seconds.
◇ Test exhaustedGlyphLedgerRefusesInsertionWithoutChangingTheMapOrHistory() started.
✔ Test exhaustedGlyphLedgerRefusesInsertionWithoutChangingTheMapOrHistory() passed after 0.001 seconds.
◇ Test worldRefusalsKeepExactDocumentHistoryAndPortableSnapshot() started.
✔ Test worldRefusalsKeepExactDocumentHistoryAndPortableSnapshot() passed after 0.003 seconds.
◇ Test multiselectUsesNaturalFilenameOrderNotSelectionOrderAndRetainsPortableInputs() started.
✔ Test multiselectUsesNaturalFilenameOrderNotSelectionOrderAndRetainsPortableInputs() passed after 0.026 seconds.
◇ Test equalFilenamesInDifferentFoldersKeepAStablePathOrder() started.
✔ Test equalFilenamesInDifferentFoldersKeepAStablePathOrder() passed after 0.003 seconds.
◇ Test recursiveFolderSelectionSkipsHiddenUnsupportedAndSymbolicEntries() started.
✔ Test recursiveFolderSelectionSkipsHiddenUnsupportedAndSymbolicEntries() passed after 0.005 seconds.
◇ Test fileSelectionRefusesEmptyUnsupportedSymlinkAndOversizedInputsNamingTheFileAndLimit() started.
✔ Test fileSelectionRefusesEmptyUnsupportedSymlinkAndOversizedInputsNamingTheFileAndLimit() passed after 0.013 seconds.
◇ Test earlyChecksRefuseAnOversizedBatchBeforeDecodingEveryFile() started.
✔ Test earlyChecksRefuseAnOversizedBatchBeforeDecodingEveryFile() passed after 0.003 seconds.
◇ Test cancelledFileReadsAndDraftInsertionNeverPublishOrCreateHistory() started.
✔ Test cancelledFileReadsAndDraftInsertionNeverPublishOrCreateHistory() passed after 0.009 seconds.
◇ Test nativeFolderInsertionAutomaticallyPlacesTheBatchAndUnsupportedSelectionIsAtomic() started.
✔ Test nativeFolderInsertionAutomaticallyPlacesTheBatchAndUnsupportedSelectionIsAtomic() passed after 0.045 seconds.
◇ Test worldInsertionRejectsAParentChangedDuringFilePreparation() started.
✔ Test worldInsertionRejectsAParentChangedDuringFilePreparation() passed after 0.029 seconds.
◇ Test selectToolChoosesTheInsertionStartWithoutPaintingOrChangingHistory() started.
✔ Test selectToolChoosesTheInsertionStartWithoutPaintingOrChangingHistory() passed after 0.009 seconds.
◇ Test occupiedTargetsRequireConfirmationAndCancelPreservesTheCompleteParent() started.
✔ Test occupiedTargetsRequireConfirmationAndCancelPreservesTheCompleteParent() passed after 0.053 seconds.
◇ Test editedParentInvalidatesReplacementConfirmationWithoutPublishingTheCandidate() started.
✔ Test editedParentInvalidatesReplacementConfirmationWithoutPublishingTheCandidate() passed after 0.019 seconds.
◇ Test changedStartAndSavedSnapshotInvalidateReplacementConfirmationWithoutHistory() started.
✔ Test changedStartAndSavedSnapshotInvalidateReplacementConfirmationWithoutHistory() passed after 0.039 seconds.
◇ Test filePreparationStagesOccupiedTargetsBeforeAnyMutation() started.
✔ Test filePreparationStagesOccupiedTargetsBeforeAnyMutation() passed after 0.035 seconds.
◇ Test compositionEditsDuringPreparationCancelTheCandidateAndRetainOnlyTheEditHistory() started.
✔ Test compositionEditsDuringPreparationCancelTheCandidateAndRetainOnlyTheEditHistory() passed after 0.015 seconds.
◇ Test saveFinishingDuringCompositionPreparationRetainsItsSnapshotWithoutInsertion() started.
✔ Test saveFinishingDuringCompositionPreparationRetainsItsSnapshotWithoutInsertion() passed after 0.014 seconds.
◇ Test worldInsertionRejectsASnapshotChangedByACompletedSaveDuringPreparation() started.
✔ Test worldInsertionRejectsASnapshotChangedByACompletedSaveDuringPreparation() passed after 0.043 seconds.
◇ Test worldInsertionRejectsFocusChangesDuringPreparationWithoutLosingTheNewFocus() started.
✔ Test worldInsertionRejectsFocusChangesDuringPreparationWithoutLosingTheNewFocus() passed after 0.052 seconds.
◇ Test fileRefusalsIdentifyTheFilenameWithoutExposingItsPrivateDirectory() started.
✔ Test fileRefusalsIdentifyTheFilenameWithoutExposingItsPrivateDirectory() passed after 0.002 seconds.
◇ Test tileFitRefusalNamesTheModelAndRequiredAndCurrentDimensions() started.
✔ Test tileFitRefusalNamesTheModelAndRequiredAndCurrentDimensions() passed after 0.001 seconds.
◇ Test portableActionsResumeOnlyAfterPreparationAndReplacementDecisionFinish() started.
✔ Test portableActionsResumeOnlyAfterPreparationAndReplacementDecisionFinish() passed after 0.045 seconds.
◇ Test selectedWorldChildrenNameTheirSourceAndRefuseTheWholeNativeBatch() started.
✔ Test selectedWorldChildrenNameTheirSourceAndRefuseTheWholeNativeBatch() passed after 0.096 seconds.
✔ Suite "Native model insertion" passed after 0.670 seconds.
◇ Suite "Insertion repairs" started.
◇ Test aNativeWorldFallsBackNativelyWhetherFilesArriveOneAtATimeOrTogether() started.
✔ Test aNativeWorldFallsBackNativelyWhetherFilesArriveOneAtATimeOrTogether() passed after 22.346 seconds.
◇ Test aSnapshotMintedByASharedEditDoesNotForceLaterInsertionsDownThePortablePath() started.
✔ Test aSnapshotMintedByASharedEditDoesNotForceLaterInsertionsDownThePortablePath() passed after 13.207 seconds.
◇ Test portableDataTheDraftTrulyHoldsStillRefusesAnOversizedInsertionByName() started.
✔ Test portableDataTheDraftTrulyHoldsStillRefusesAnOversizedInsertionByName() passed after 13.165 seconds.
◇ Test theDraftsPortableFlagFollowsCarriedDataExportsAndReplacementAndUndoRestoresIt() started.
✔ Test theDraftsPortableFlagFollowsCarriedDataExportsAndReplacementAndUndoRestoresIt() passed after 0.021 seconds.
◇ Test theWorldDraftsPortableFlagFollowsCarriedDataAndUndoRestoresIt() started.
✔ Test theWorldDraftsPortableFlagFollowsCarriedDataAndUndoRestoresIt() passed after 0.036 seconds.
◇ Test largeNativeFilesInsertNativelyAndTheSameFilesWithPortableDataAreRefusedByName() started.
✔ Test largeNativeFilesInsertNativelyAndTheSameFilesWithPortableDataAreRefusedByName() passed after 45.325 seconds.
◇ Test historyIsUnavailableWhileApplyValidatesAndAStaleApplyKeepsTheSessionOpen() started.
✔ Test historyIsUnavailableWhileApplyValidatesAndAStaleApplyKeepsTheSessionOpen() passed after 0.008 seconds.
◇ Test aWorldApplyAlsoRejectsContentThatChangedWhileItWasValidated() started.
✔ Test aWorldApplyAlsoRejectsContentThatChangedWhileItWasValidated() passed after 0.021 seconds.
◇ Test sharedModelMenusTellSameTitleAndSizeModelsApartOnlyWhenTheyCollide() started.
✔ Test sharedModelMenusTellSameTitleAndSizeModelsApartOnlyWhenTheyCollide() passed after 0.001 seconds.
◇ Test theAppReaderRefusesByNameWhenTheResolvedVolumeBudgetIsFullBeforeDecodingAnyFile() started.
✔ Test theAppReaderRefusesByNameWhenTheResolvedVolumeBudgetIsFullBeforeDecodingAnyFile() passed after 0.003 seconds.
◇ Test theByteBudgetIsAdmittedForEveryFileBeforeAnyEarlierFileIsDecoded() started.
✔ Test theByteBudgetIsAdmittedForEveryFileBeforeAnyEarlierFileIsDecoded() passed after 0.001 seconds.
◇ Test theCompositionCanvasHoldsAWholeFolderAndNamesTheLayerItSpillsInto() started.
✔ Test theCompositionCanvasHoldsAWholeFolderAndNamesTheLayerItSpillsInto() passed after 0.068 seconds.
◇ Test commandAvailabilityIsOneDecisionForTheFileMenuEditMenuAndPalette() started.
✔ Test commandAvailabilityIsOneDecisionForTheFileMenuEditMenuAndPalette() passed after 0.001 seconds.
◇ Test aDelayedImporterRequestIsPresentedDroppedOrLeftAloneByTheLiveState() started.
✔ Test aDelayedImporterRequestIsPresentedDroppedOrLeftAloneByTheLiveState() passed after 0.001 seconds.
◇ Test historyAvailabilityIsObservedSoMenusRefreshWhenADraftEdits() started.
✔ Test historyAvailabilityIsObservedSoMenusRefreshWhenADraftEdits() passed after 0.001 seconds.
✔ Suite "Insertion repairs" passed after 94.210 seconds.
◇ Suite "Linked file confinement" started.
◇ Test aSymbolicLinkFolderComponentIsRefusedNamingTheFile() started.
✔ Test aSymbolicLinkFolderComponentIsRefusedNamingTheFile() passed after 0.006 seconds.
◇ Test aSymbolicLinkFileIsRefusedEvenWhenItPointsInsideOrOutsideTheFolder() started.
✔ Test aSymbolicLinkFileIsRefusedEvenWhenItPointsInsideOrOutsideTheFolder() passed after 0.005 seconds.
◇ Test aScalarThatJoinsASeparatorToItsNameCannotCarryOneOpenThroughASymbolicLink() started.
✔ Test aScalarThatJoinsASeparatorToItsNameCannotCarryOneOpenThroughASymbolicLink() passed after 0.005 seconds.
◇ Test aRootReachedThroughASymbolicLinkFolderIsReadFromItsRealLocationOnly() started.
✔ Test aRootReachedThroughASymbolicLinkFolderIsReadFromItsRealLocationOnly() passed after 0.009 seconds.
◇ Test hiddenFoldersAndFilesAreRefusedNamingTheFile() started.
✔ Test hiddenFoldersAndFilesAreRefusedNamingTheFile() passed after 0.006 seconds.
◇ Test aLeadingPeriodWithACombiningMarkIsStillHidden() started.
✔ Test aLeadingPeriodWithACombiningMarkIsStillHidden() passed after 0.004 seconds.
◇ Test aHardLinkedFileIsRefusedNamingTheFile() started.
✔ Test aHardLinkedFileIsRefusedNamingTheFile() passed after 0.003 seconds.
◇ Test aSecondSpellingOfAFileAlreadyReadIsRefusedWhereTheVolumeAllowsIt() started.
✔ Test aSecondSpellingOfAFileAlreadyReadIsRefusedWhereTheVolumeAllowsIt() passed after 0.006 seconds.
◇ Test readsAreBoundedRegularAndReportMissingFilesSoTheLinkingFileIsNamed() started.
✔ Test readsAreBoundedRegularAndReportMissingFilesSoTheLinkingFileIsNamed() passed after 0.005 seconds.
◇ Test theFolderScopeIsHeldOnlyForTheAttemptAndCancellationPublishesNothing() started.
✔ Test theFolderScopeIsHeldOnlyForTheAttemptAndCancellationPublishesNothing() passed after 0.008 seconds.
✔ Suite "Linked file confinement" passed after 0.063 seconds.
◇ Suite "Linked roots in insertion and bundles" started.
◇ Test insertingALinkedRootIsRefusedNamingTheFileAndChangesNothing() started.
✔ Test insertingALinkedRootIsRefusedNamingTheFileAndChangesNothing() passed after 0.562 seconds.
◇ Test aModelFolderThatHoldsALinkedRootIsRefusedNamingThatFile() started.
✔ Test aModelFolderThatHoldsALinkedRootIsRefusedNamingThatFile() passed after 0.003 seconds.
◇ Test readableAndBinaryBundlesOpenThroughPlainOpenWithoutAFolder() started.
✔ Test readableAndBinaryBundlesOpenThroughPlainOpenWithoutAFolder() passed after 0.026 seconds.
✔ Suite "Linked roots in insertion and bundles" passed after 0.592 seconds.
◇ Suite "Linked session presentation" started.
◇ Test theViewOnlyCompositionShowsReloadAndTheExplanationWithEditingControlsUnavailable() started.
Linked presentation: this offscreen host exposes no accessibility tree, so control identifiers and enabled states were not checked here. SculptureLinkedSessionTests checks the values the controls read.
✔ Test theViewOnlyCompositionShowsReloadAndTheExplanationWithEditingControlsUnavailable() passed after 0.432 seconds.
◇ Test theRepairViewListsFailuresWithReloadAndChooseFolder() started.
Linked presentation: this offscreen host exposes no accessibility tree, so control identifiers and enabled states were not checked here. SculptureLinkedSessionTests checks the values the controls read.
✔ Test theRepairViewListsFailuresWithReloadAndChooseFolder() passed after 0.179 seconds.
✔ Suite "Linked session presentation" passed after 0.611 seconds.
◇ Suite "Linked sessions" started.
◇ Test plainOpenOfALinkedRootAsksForItsProjectFolder() started.
✔ Test plainOpenOfALinkedRootAsksForItsProjectFolder() passed after 0.012 seconds.
◇ Test aBinaryLinkedRootIsRefusedByNameWithoutAskingForAFolder() started.
✔ Test aBinaryLinkedRootIsRefusedByNameWithoutAskingForAFolder() passed after 0.002 seconds.
◇ Test openingWithItsFolderResolvesNestedChildrenIntoAViewOnlyComposition() started.
✔ Test openingWithItsFolderResolvesNestedChildrenIntoAViewOnlyComposition() passed after 0.013 seconds.
◇ Test cancellingTheFolderRequestOrTheResolutionOpensNothing() started.
✔ Test cancellingTheFolderRequestOrTheResolutionOpensNothing() passed after 0.004 seconds.
◇ Test aRootOutsideTheChosenFolderIsRefusedByNameAndOpensNothing() started.
✔ Test aRootOutsideTheChosenFolderIsRefusedByNameAndOpensNothing() passed after 0.005 seconds.
◇ Test reloadPicksUpChangedFilesWithoutMarkingTheSessionChanged() started.
✔ Test reloadPicksUpChangedFilesWithoutMarkingTheSessionChanged() passed after 0.014 seconds.
◇ Test aFailedReloadKeepsThePreviousSceneNamesTheFileAndNeverMarksTheSessionChanged() started.
✔ Test aFailedReloadKeepsThePreviousSceneNamesTheFileAndNeverMarksTheSessionChanged() passed after 0.015 seconds.
◇ Test theRepairViewListsEachFailingLinkWithItsFileAndReasonAndWritesNothing() started.
✔ Test theRepairViewListsEachFailingLinkWithItsFileAndReasonAndWritesNothing() passed after 0.016 seconds.
◇ Test theRepairViewOffersChooseFolderAndReloadWheneverNoResolutionRuns() started.
✔ Test theRepairViewOffersChooseFolderAndReloadWheneverNoResolutionRuns() passed after 0.004 seconds.
◇ Test aCycleIsListedAsAChainOfProjectPathsForTheLinkThatLeadsToIt() started.
✔ Test aCycleIsListedAsAChainOfProjectPathsForTheLinkThatLeadsToIt() passed after 0.004 seconds.
◇ Test aGlobalFailureIsListedEvenWhenEveryLinkResolvesOnItsOwn() started.
✔ Test aGlobalFailureIsListedEvenWhenEveryLinkResolvesOnItsOwn() passed after 0.181 seconds.
◇ Test anUnreadableRootOpensTheRepairViewNamingTheRoot() started.
✔ Test anUnreadableRootOpensTheRepairViewNamingTheRoot() passed after 0.010 seconds.
◇ Test chooseFolderRegrantsOnlyAFolderThatContainsTheRoot() started.
✔ Test chooseFolderRegrantsOnlyAFolderThatContainsTheRoot() passed after 0.289 seconds.
◇ Test aLinkedSessionIsViewOnlyAndEveryEditingActionIsUnavailable() started.
✔ Test aLinkedSessionIsViewOnlyAndEveryEditingActionIsUnavailable() passed after 0.576 seconds.
◇ Test aRepairSessionOffersReloadButNoEditingCommands() started.
✔ Test aRepairSessionOffersReloadButNoEditingCommands() passed after 0.003 seconds.
✔ Suite "Linked sessions" passed after 1.155 seconds.
◇ Test cameraMotionDoesNotInvalidateVoxelMesh() started.
✔ Test cameraMotionDoesNotInvalidateVoxelMesh() passed after 0.001 seconds.
◇ Test editsUndoRedoAndReplacementInvalidateVoxelMesh() started.
✔ Test editsUndoRedoAndReplacementInvalidateVoxelMesh() passed after 0.001 seconds.
◇ Test titleEditsAndTheirUndoKeepGeometryButRemainDirty() started.
✔ Test titleEditsAndTheirUndoKeepGeometryButRemainDirty() passed after 0.001 seconds.
◇ Suite "Portable native scene interchange" started.
◇ Test copyPreparationKeepsTheNativeWorkspaceAndReferenceBaseline() started.
✔ Test copyPreparationKeepsTheNativeWorkspaceAndReferenceBaseline() passed after 0.022 seconds.
◇ Test voxelCopyLeavesTheSavedBaselineUndoAndNativeSaveMessageAlone() started.
✔ Test voxelCopyLeavesTheSavedBaselineUndoAndNativeSaveMessageAlone() passed after 0.016 seconds.
◇ Test regularFileOpenReopensAnAdoptedGenericBinaryAsReadablePortableText() started.
✔ Test regularFileOpenReopensAnAdoptedGenericBinaryAsReadablePortableText() passed after 0.003 seconds.
◇ Test cancellationAndSupersessionDoNotPublishStaleCopies() started.
✔ Test cancellationAndSupersessionDoNotPublishStaleCopies() passed after 0.023 seconds.
◇ Test contentOpenRoutesAllPortableScenesAndKeepsLegacyDecoding() started.
✔ Test contentOpenRoutesAllPortableScenesAndKeepsLegacyDecoding() passed after 0.032 seconds.
◇ Test sharedApplyAndUndoRetainOriginalIdentitiesAndExactRevisions() started.
✔ Test sharedApplyAndUndoRetainOriginalIdentitiesAndExactRevisions() passed after 0.015 seconds.
◇ Test worldApplyRetainsExactAnchorsAndSnapshotUndo() started.
✔ Test worldApplyRetainsExactAnchorsAndSnapshotUndo() passed after 0.021 seconds.
◇ Test staleNativeParentDoesNotPublishAnyPortableSnapshot() started.
✔ Test staleNativeParentDoesNotPublishAnyPortableSnapshot() passed after 0.016 seconds.
◇ Test onlyCapacityFailuresUseTheLegacyNativeEditingFallback() started.
✔ Test onlyCapacityFailuresUseTheLegacyNativeEditingFallback() passed after 4.347 seconds.
◇ Test diagnosticPresentationKeepsCodesPathsAndRealSourceLines() started.
✔ Test diagnosticPresentationKeepsCodesPathsAndRealSourceLines() passed after 0.001 seconds.
✔ Suite "Portable native scene interchange" passed after 4.500 seconds.
◇ Suite "Reference editor presentation" started.
◇ Test nativeReferenceControlsFitBothSizesAndThemes() started.
Retained reference editor presentation: /Users/leif/Development/_CorvidLabs/3md-edit-preview/apps/sculpt/.build/verification/reference-presentation-B133BB30-2D58-4CDD-9DC1-94E5AB4BB79B
✔ Test nativeReferenceControlsFitBothSizesAndThemes() passed after 3.142 seconds.
✔ Suite "Reference editor presentation" passed after 3.142 seconds.
◇ Suite "Reference save session lifecycle" started.
◇ Test compositionSuccessfulSaveRetainsExactDraftSelectionAndGraphHistory() started.
✔ Test compositionSuccessfulSaveRetainsExactDraftSelectionAndGraphHistory() passed after 0.030 seconds.
◇ Test worldSuccessfulSaveRetainsLibraryHistoryFocusCameraAndSelectedInstance() started.
✔ Test worldSuccessfulSaveRetainsLibraryHistoryFocusCameraAndSelectedInstance() passed after 0.027 seconds.
◇ Test panelCancellationAndWriteFailureKeepSameDraftBaselineAndHistory() started.
✔ Test panelCancellationAndWriteFailureKeepSameDraftBaselineAndHistory() passed after 0.013 seconds.
◇ Test saveOnlyMarksCapturedSnapshotAndLeavesLaterEditsDirty() started.
✔ Test saveOnlyMarksCapturedSnapshotAndLeavesLaterEditsDirty() passed after 0.013 seconds.
◇ Test preparationFailureRetainsDraftAndCaptureFailureDoesNotDismissIt() started.
✔ Test preparationFailureRetainsDraftAndCaptureFailureDoesNotDismissIt() passed after 0.369 seconds.
✔ Suite "Reference save session lifecycle" passed after 0.454 seconds.
◇ Test asyncSavePreservesSnapshotAndLaterEditsStayDirty(format:) started.
◇ Test case passing 1 argument format → .readable to asyncSavePreservesSnapshotAndLaterEditsStayDirty(format:) started.
◇ Test case passing 1 argument format → .compact to asyncSavePreservesSnapshotAndLaterEditsStayDirty(format:) started.
✔ Test asyncSavePreservesSnapshotAndLaterEditsStayDirty(format:) with 2 test cases passed after 0.023 seconds.
◇ Test replacedDocumentCannotBeMarkedSavedByAnEarlierSave() started.
✔ Test replacedDocumentCannotBeMarkedSavedByAnEarlierSave() passed after 0.007 seconds.
◇ Test cancelledSaveDoesNotPublishAndCanBeRetried() started.
✔ Test cancelledSaveDoesNotPublishAndCanBeRetried() passed after 0.008 seconds.
◇ Suite "Shared model draft editing" started.
◇ Test compositionApplyUpdatesNestedReferencesAsOneParentUndoAndRedo() started.
✔ Test compositionApplyUpdatesNestedReferencesAsOneParentUndoAndRedo() passed after 0.009 seconds.
◇ Test compositionCancelAndNoOpKeepReferenceWorkspaceAndHistoryExact() started.
✔ Test compositionCancelAndNoOpKeepReferenceWorkspaceAndHistoryExact() passed after 0.009 seconds.
◇ Test compositionSessionRejectsChangedParentAndInvalidLeafWithoutOverwritingNewerState() started.
✔ Test compositionSessionRejectsChangedParentAndInvalidLeafWithoutOverwritingNewerState() passed after 0.010 seconds.
◇ Test compositionHistoryIncludesRootMapAndLibraryTogether() started.
✔ Test compositionHistoryIncludesRootMapAndLibraryTogether() passed after 0.001 seconds.
◇ Test savedRootEditsRemainCleanAfterSharedApplyUndoAndRetainNewerDirtyEdits() started.
✔ Test savedRootEditsRemainCleanAfterSharedApplyUndoAndRetainNewerDirtyEdits() passed after 0.008 seconds.
◇ Test worldSharedApplyAndUniqueBothIncludeLibraryInDirtyAndUndoHistory() started.
✔ Test worldSharedApplyAndUniqueBothIncludeLibraryInDirtyAndUndoHistory() passed after 0.014 seconds.
◇ Test worldCancelNoOpAndStaleSessionRetainExactDocumentAndScene() started.
✔ Test worldCancelNoOpAndStaleSessionRetainExactDocumentAndScene() passed after 0.024 seconds.
◇ Test cancellationNeverPublishesChildAndNestedMapIsNotMadeUnique() started.
✔ Test cancellationNeverPublishesChildAndNestedMapIsNotMadeUnique() passed after 0.001 seconds.
✔ Suite "Shared model draft editing" passed after 0.079 seconds.
◇ Suite "Shared model native presentation" started.
◇ Test nativeSessionRendersBothSizesAndThemesWithAccessibilityEvidenceWhenAvailable() started.
Retained native shared-model presentation: /Users/leif/Development/_CorvidLabs/3md-edit-preview/apps/sculpt/.build/verification/shared-model-presentation-ADC395FA-5B42-4ECA-978A-46850C293E42
✔ Test nativeSessionRendersBothSizesAndThemesWithAccessibilityEvidenceWhenAvailable() passed after 1.137 seconds.
◇ Test paletteAcceptsEveryOfferedGlyphAndNativeCancelKeepsParentWhenAccessibilityAvailable() started.
✔ Test paletteAcceptsEveryOfferedGlyphAndNativeCancelKeepsParentWhenAccessibilityAvailable() passed after 0.347 seconds.
✔ Suite "Shared model native presentation" passed after 1.484 seconds.
◇ Test cubeSurfacePaintingAddsTheNeighborAndUndoRestoresTheOriginal() started.
✔ Test cubeSurfacePaintingAddsTheNeighborAndUndoRestoresTheOriginal() passed after 0.012 seconds.
◇ Test cubeEraseTargetsTheClickedCubeAndFullBoundaryDoesNotCreateHistory() started.
✔ Test cubeEraseTargetsTheClickedCubeAndFullBoundaryDoesNotCreateHistory() passed after 0.001 seconds.
◇ Test emptySliceCanStartACubeAndPresentationDoesNotDirtyTheDocument() started.
✔ Test emptySliceCanStartACubeAndPresentationDoesNotDirtyTheDocument() passed after 0.001 seconds.
◇ Test paintStrokeUndoRestoresWholeStrokeAndRedoReappliesIt() started.
✔ Test paintStrokeUndoRestoresWholeStrokeAndRedoReappliesIt() passed after 0.001 seconds.
◇ Test strokeBeginningOnUnchangedCellStillHasOneUndoStep() started.
✔ Test strokeBeginningOnUnchangedCellStillHasOneUndoStep() passed after 0.001 seconds.
◇ Test savedSnapshotDoesNotMarkLaterEditsSavedAndFailedOpenDoesNotReplaceState() started.
✔ Test savedSnapshotDoesNotMarkLaterEditsSavedAndFailedOpenDoesNotReplaceState() passed after 0.001 seconds.
◇ Test layerUndoAndRedoKeepSelectionInBounds() started.
✔ Test layerUndoAndRedoKeepSelectionInBounds() passed after 0.001 seconds.
◇ Test fastDiagonalStrokeHasNoGapsAndOneUndoStep() started.
✔ Test fastDiagonalStrokeHasNoGapsAndOneUndoStep() passed after 0.001 seconds.
◇ Test largeBrushClipsToVolumeAndUndoRestoresAllChangedCells() started.
✔ Test largeBrushClipsToVolumeAndUndoRestoresAllChangedCells() passed after 0.001 seconds.
◇ Test fillStopsAtGlyphBoundaryAndRemainsOneUndoableChange() started.
✔ Test fillStopsAtGlyphBoundaryAndRemainsOneUndoableChange() passed after 0.001 seconds.
◇ Test invalidTitleDraftIsPreservedWithoutModalErrorAndProtectsUnsavedWork() started.
✔ Test invalidTitleDraftIsPreservedWithoutModalErrorAndProtectsUnsavedWork() passed after 0.001 seconds.
◇ Test clearingSliceKeepsOtherSlicesAndCanBeUndone() started.
✔ Test clearingSliceKeepsOtherSlicesAndCanBeUndone() passed after 0.002 seconds.
◇ Test changingCameraAndSelectionDoesNotDirtySavedDocument() started.
✔ Test changingCameraAndSelectionDoesNotDirtySavedDocument() passed after 0.002 seconds.
◇ Test structuredEditsShareHumanFillSemanticsAndBatchHasOneUndo() started.
✔ Test structuredEditsShareHumanFillSemanticsAndBatchHasOneUndo() passed after 0.001 seconds.
◇ Test invalidCommandBatchKeepsDocumentHistoryAndDraft() started.
✔ Test invalidCommandBatchKeepsDocumentHistoryAndDraft() passed after 0.001 seconds.
◇ Test browserSliceFixturesMatchNativeWorkspaceToolsAndWholeStrokeHistory() started.
✔ Test browserSliceFixturesMatchNativeWorkspaceToolsAndWholeStrokeHistory() passed after 0.007 seconds.
◇ Test worldExplorationAndOverviewPreserveSavedContentAndUndoAtExactDistantCoordinates() started.
✔ Test worldExplorationAndOverviewPreserveSavedContentAndUndoAtExactDistantCoordinates() passed after 0.011 seconds.
◇ Test worldOverviewRefusesUnframeableExtentWithoutOverflowOrChangingDocument() started.
✔ Test worldOverviewRefusesUnframeableExtentWithoutOverflowOrChangingDocument() passed after 0.001 seconds.
◇ Test worldDraftStartsSparseAndKeepsDistantAnchorsWithoutExpandingSpace() started.
✔ Test worldDraftStartsSparseAndKeepsDistantAnchorsWithoutExpandingSpace() passed after 0.001 seconds.
◇ Test worldFocusDistancesAndCameraAreSessionStateAndReuseTheSceneRevision() started.
✔ Test worldFocusDistancesAndCameraAreSessionStateAndReuseTheSceneRevision() passed after 0.001 seconds.
◇ Test worldPlacementUndoAndRedoPreserveExactInt64OriginsAndSharedLibrary() started.
✔ Test worldPlacementUndoAndRedoPreserveExactInt64OriginsAndSharedLibrary() passed after 0.001 seconds.
◇ Test worldFocusOverflowAndUnsafePlacementLeaveInstancesUnchanged() started.
✔ Test worldFocusOverflowAndUnsafePlacementLeaveInstancesUnchanged() passed after 0.001 seconds.
◇ Test worldSelectedRotationDeletionAndUndoNeverChangeModelDefinitions() started.
✔ Test worldSelectedRotationDeletionAndUndoNeverChangeModelDefinitions() passed after 0.001 seconds.
◇ Test worldPaginationBoundsRowsAndSelectionCanRevealADistantInstance() started.
✔ Test worldPaginationBoundsRowsAndSelectionCanRevealADistantInstance() passed after 0.001 seconds.
◇ Test unsavedWorldRestorationAndTitleDraftProtectPublicationWithoutLosingPlacements() started.
✔ Test unsavedWorldRestorationAndTitleDraftProtectPublicationWithoutLosingPlacements() passed after 0.001 seconds.
◇ Test cancelingWorldModelPreparationDoesNotOpenAnAbandonedCopy() started.
✔ Test cancelingWorldModelPreparationDoesNotOpenAnAbandonedCopy() passed after 0.001 seconds.
◇ Test fittedLargeSliceKeepsEveryCellAndRectangularPaddingDoesNotClipRows() started.
✔ Test fittedLargeSliceKeepsEveryCellAndRectangularPaddingDoesNotClipRows() passed after 0.001 seconds.
◇ Test zoomedSliceDrawsTheVisibleNeighborhoodAndKeepsTheLastCellReachable() started.
✔ Test zoomedSliceDrawsTheVisibleNeighborhoodAndKeepsTheLastCellReachable() passed after 0.001 seconds.
◇ Test fractionalScrollEdgesHaveAnAntialiasingFringeAndInvalidRegionsStayEmpty() started.
✔ Test fractionalScrollEdgesHaveAnAntialiasingFringeAndInvalidRegionsStayEmpty() passed after 0.001 seconds.
◇ Test thumbnailCacheKeyIgnoresOtherSliceEditsAndInvalidatesForItsOwnPixelsAndAppearance() started.
✔ Test thumbnailCacheKeyIgnoresOtherSliceEditsAndInvalidatesForItsOwnPixelsAndAppearance() passed after 0.001 seconds.
◇ Test thumbnailPixelsPreserveRectangularEmptyPaddingAndMaterialTint() started.
✔ Test thumbnailPixelsPreserveRectangularEmptyPaddingAndMaterialTint() passed after 0.001 seconds.
◇ Test canceledThumbnailPreparationDoesNotPublishPixels() started.
✔ Test canceledThumbnailPreparationDoesNotPublishPixels() passed after 0.001 seconds.
◇ Test thumbnailRowsMatchTheTopLeftOriginOfTheEditableSlice() started.
✔ Test thumbnailRowsMatchTheTopLeftOriginOfTheEditableSlice() passed after 0.001 seconds.
◇ Test perSliceOccupancyRemainsCorrectAcrossPaletteEditsRotationDuplicationAndStorage() started.
✔ Test perSliceOccupancyRemainsCorrectAcrossPaletteEditsRotationDuplicationAndStorage() passed after 0.001 seconds.
◇ Test scrolledLastCellStrokeStillHasOneExactUndoAndPreviousSliceBytesStayUnchanged() started.
✔ Test scrolledLastCellStrokeStillHasOneExactUndoAndPreviousSliceBytesStayUnchanged() passed after 0.022 seconds.
◇ Test unknownOrMissingStoredAppearanceUsesSystem() started.
✔ Test unknownOrMissingStoredAppearanceUsesSystem() passed after 0.001 seconds.
◇ Test knownAppearanceValuesSurviveStorageRoundTrip() started.
✔ Test knownAppearanceValuesSurviveStorageRoundTrip() passed after 0.001 seconds.
◇ Suite AnimationExportTests started.
◇ Test configurationRejectsUnboundedWorkAndOddMovieDimensions() started.
✔ Test configurationRejectsUnboundedWorkAndOddMovieDimensions() passed after 0.001 seconds.
◇ Test gifLoopsWithCorrectFrameTimingAndChangingDecodedImages() started.
✔ Test gifLoopsWithCorrectFrameTimingAndChangingDecodedImages() passed after 0.011 seconds.
◇ Test mp4DecodesEveryFrameWithCorrectDurationDimensionsAndVisibleGlyphs(_:) started.
◇ Test case passing 1 argument framesPerSecond → 10 to mp4DecodesEveryFrameWithCorrectDurationDimensionsAndVisibleGlyphs(_:) started.
◇ Test case passing 1 argument framesPerSecond → 30 to mp4DecodesEveryFrameWithCorrectDurationDimensionsAndVisibleGlyphs(_:) started.
✔ Test mp4DecodesEveryFrameWithCorrectDurationDimensionsAndVisibleGlyphs(_:) with 2 test cases passed after 0.699 seconds.
◇ Test cancellationRemovesPartialAnimationAndOwnedStagingFile(_:) started.
◇ Test case passing 1 argument format → .gif to cancellationRemovesPartialAnimationAndOwnedStagingFile(_:) started.
◇ Test case passing 1 argument format → .mp4 to cancellationRemovesPartialAnimationAndOwnedStagingFile(_:) started.
✔ Test cancellationRemovesPartialAnimationAndOwnedStagingFile(_:) with 2 test cases passed after 0.093 seconds.
◇ Test existingDestinationIsPreservedAndUnsupportedGIFRateCreatesNothing() started.
✔ Test existingDestinationIsPreservedAndUnsupportedGIFRateCreatesNothing() passed after 0.004 seconds.
✔ Suite AnimationExportTests passed after 0.809 seconds.
◇ Suite CameraParityTests started.
◇ Test nativeCameraMatchesSharedBrowserProjectionCases() started.
✔ Test nativeCameraMatchesSharedBrowserProjectionCases() passed after 0.006 seconds.
◇ Test axisRotationsRemainOrthonormalAndInvalidInputsDoNotMoveCamera() started.
✔ Test axisRotationsRemainOrthonormalAndInvalidInputsDoNotMoveCamera() passed after 0.001 seconds.
◇ Test interactiveFramingPreservesDefaultExportCameraScale() started.
✔ Test interactiveFramingPreservesDefaultExportCameraScale() passed after 0.001 seconds.
◇ Test cameraInputsRemainFiniteAndPanHasTheNativeScreenScale() started.
✔ Test cameraInputsRemainFiniteAndPanHasTheNativeScreenScale() passed after 0.001 seconds.
✔ Suite CameraParityTests passed after 0.008 seconds.
◇ Suite CubeExportTests started.
◇ Test cubePNGAndASCIIRepresentTheSameDocumentWithDifferentImages() started.
✔ Test cubePNGAndASCIIRepresentTheSameDocumentWithDifferentImages() passed after 0.045 seconds.
◇ Test cubeTurntableEncodesActualGeometryFrames(_:) started.
◇ Test case passing 1 argument format → .gif to cubeTurntableEncodesActualGeometryFrames(_:) started.
◇ Test case passing 1 argument format → .mp4 to cubeTurntableEncodesActualGeometryFrames(_:) started.
✔ Test cubeTurntableEncodesActualGeometryFrames(_:) with 2 test cases passed after 0.181 seconds.
✔ Suite CubeExportTests passed after 0.227 seconds.
◇ Suite ExampleArtifactTests started.
◇ Test galleryManifestMatchesAllPublishedFilesAndDownloadLinks() started.
✔ Test galleryManifestMatchesAllPublishedFilesAndDownloadLinks() passed after 0.016 seconds.
◇ Test everyExampleHasFiveCompleteArtifacts(_:) started.
◇ Test case passing 1 argument id → "character-orb" to everyExampleHasFiveCompleteArtifacts(_:) started.
◇ Test case passing 1 argument id → "woven-torus" to everyExampleHasFiveCompleteArtifacts(_:) started.
◇ Test case passing 1 argument id → "moon-gate" to everyExampleHasFiveCompleteArtifacts(_:) started.
◇ Test case passing 1 argument id → "spiral-tower" to everyExampleHasFiveCompleteArtifacts(_:) started.
◇ Test case passing 1 argument id → "crystal-garden" to everyExampleHasFiveCompleteArtifacts(_:) started.
◇ Test case passing 1 argument id → "little-rocket" to everyExampleHasFiveCompleteArtifacts(_:) started.
◇ Test case passing 1 argument id → "pixel-bonsai" to everyExampleHasFiveCompleteArtifacts(_:) started.
◇ Test case passing 1 argument id → "orbital-rings" to everyExampleHasFiveCompleteArtifacts(_:) started.
◇ Test case passing 1 argument id → "hill-observatory" to everyExampleHasFiveCompleteArtifacts(_:) started.
◇ Test case passing 1 argument id → "terraced-island" to everyExampleHasFiveCompleteArtifacts(_:) started.
◇ Test case passing 1 argument id → "canal-city" to everyExampleHasFiveCompleteArtifacts(_:) started.
◇ Test case passing 1 argument id → "alpine-valley" to everyExampleHasFiveCompleteArtifacts(_:) started.
◇ Test case passing 1 argument id → "wandering-cartographer" to everyExampleHasFiveCompleteArtifacts(_:) started.
◇ Test case passing 1 argument id → "clockwork-dragon" to everyExampleHasFiveCompleteArtifacts(_:) started.
◇ Test case passing 1 argument id → "woodland-fox" to everyExampleHasFiveCompleteArtifacts(_:) started.
◇ Test case passing 1 argument id → "deep-sea-whale" to everyExampleHasFiveCompleteArtifacts(_:) started.
◇ Test case passing 1 argument id → "citadel-of-arches" to everyExampleHasFiveCompleteArtifacts(_:) started.
◇ Test case passing 1 argument id → "sky-island-village" to everyExampleHasFiveCompleteArtifacts(_:) started.
◇ Test case passing 1 argument id → "canyon-waterfall" to everyExampleHasFiveCompleteArtifacts(_:) started.
◇ Test case passing 1 argument id → "moonlit-harbor" to everyExampleHasFiveCompleteArtifacts(_:) started.
◇ Test case passing 1 argument id → "grand-solar-system" to everyExampleHasFiveCompleteArtifacts(_:) started.
✔ Test everyExampleHasFiveCompleteArtifacts(_:) with 21 test cases passed after 3.377 seconds.
◇ Test everyPNGDecodesAtThePublishedSizeWithVisibleGeometry(_:) started.
◇ Test case passing 1 argument id → "character-orb" to everyPNGDecodesAtThePublishedSizeWithVisibleGeometry(_:) started.
◇ Test case passing 1 argument id → "woven-torus" to everyPNGDecodesAtThePublishedSizeWithVisibleGeometry(_:) started.
◇ Test case passing 1 argument id → "moon-gate" to everyPNGDecodesAtThePublishedSizeWithVisibleGeometry(_:) started.
◇ Test case passing 1 argument id → "spiral-tower" to everyPNGDecodesAtThePublishedSizeWithVisibleGeometry(_:) started.
◇ Test case passing 1 argument id → "crystal-garden" to everyPNGDecodesAtThePublishedSizeWithVisibleGeometry(_:) started.
◇ Test case passing 1 argument id → "little-rocket" to everyPNGDecodesAtThePublishedSizeWithVisibleGeometry(_:) started.
◇ Test case passing 1 argument id → "pixel-bonsai" to everyPNGDecodesAtThePublishedSizeWithVisibleGeometry(_:) started.
◇ Test case passing 1 argument id → "orbital-rings" to everyPNGDecodesAtThePublishedSizeWithVisibleGeometry(_:) started.
◇ Test case passing 1 argument id → "hill-observatory" to everyPNGDecodesAtThePublishedSizeWithVisibleGeometry(_:) started.
◇ Test case passing 1 argument id → "terraced-island" to everyPNGDecodesAtThePublishedSizeWithVisibleGeometry(_:) started.
◇ Test case passing 1 argument id → "canal-city" to everyPNGDecodesAtThePublishedSizeWithVisibleGeometry(_:) started.
◇ Test case passing 1 argument id → "alpine-valley" to everyPNGDecodesAtThePublishedSizeWithVisibleGeometry(_:) started.
◇ Test case passing 1 argument id → "wandering-cartographer" to everyPNGDecodesAtThePublishedSizeWithVisibleGeometry(_:) started.
◇ Test case passing 1 argument id → "clockwork-dragon" to everyPNGDecodesAtThePublishedSizeWithVisibleGeometry(_:) started.
◇ Test case passing 1 argument id → "woodland-fox" to everyPNGDecodesAtThePublishedSizeWithVisibleGeometry(_:) started.
◇ Test case passing 1 argument id → "deep-sea-whale" to everyPNGDecodesAtThePublishedSizeWithVisibleGeometry(_:) started.
◇ Test case passing 1 argument id → "citadel-of-arches" to everyPNGDecodesAtThePublishedSizeWithVisibleGeometry(_:) started.
◇ Test case passing 1 argument id → "sky-island-village" to everyPNGDecodesAtThePublishedSizeWithVisibleGeometry(_:) started.
◇ Test case passing 1 argument id → "canyon-waterfall" to everyPNGDecodesAtThePublishedSizeWithVisibleGeometry(_:) started.
◇ Test case passing 1 argument id → "moonlit-harbor" to everyPNGDecodesAtThePublishedSizeWithVisibleGeometry(_:) started.
◇ Test case passing 1 argument id → "grand-solar-system" to everyPNGDecodesAtThePublishedSizeWithVisibleGeometry(_:) started.
✔ Test everyPNGDecodesAtThePublishedSizeWithVisibleGeometry(_:) with 21 test cases passed after 1.558 seconds.
◇ Test everyGIFLoopsForFourSecondsWithFortyTimedFrames(_:) started.
◇ Test case passing 1 argument id → "character-orb" to everyGIFLoopsForFourSecondsWithFortyTimedFrames(_:) started.
◇ Test case passing 1 argument id → "woven-torus" to everyGIFLoopsForFourSecondsWithFortyTimedFrames(_:) started.
◇ Test case passing 1 argument id → "moon-gate" to everyGIFLoopsForFourSecondsWithFortyTimedFrames(_:) started.
◇ Test case passing 1 argument id → "spiral-tower" to everyGIFLoopsForFourSecondsWithFortyTimedFrames(_:) started.
◇ Test case passing 1 argument id → "crystal-garden" to everyGIFLoopsForFourSecondsWithFortyTimedFrames(_:) started.
◇ Test case passing 1 argument id → "little-rocket" to everyGIFLoopsForFourSecondsWithFortyTimedFrames(_:) started.
◇ Test case passing 1 argument id → "pixel-bonsai" to everyGIFLoopsForFourSecondsWithFortyTimedFrames(_:) started.
◇ Test case passing 1 argument id → "orbital-rings" to everyGIFLoopsForFourSecondsWithFortyTimedFrames(_:) started.
◇ Test case passing 1 argument id → "hill-observatory" to everyGIFLoopsForFourSecondsWithFortyTimedFrames(_:) started.
◇ Test case passing 1 argument id → "terraced-island" to everyGIFLoopsForFourSecondsWithFortyTimedFrames(_:) started.
◇ Test case passing 1 argument id → "canal-city" to everyGIFLoopsForFourSecondsWithFortyTimedFrames(_:) started.
◇ Test case passing 1 argument id → "alpine-valley" to everyGIFLoopsForFourSecondsWithFortyTimedFrames(_:) started.
◇ Test case passing 1 argument id → "wandering-cartographer" to everyGIFLoopsForFourSecondsWithFortyTimedFrames(_:) started.
◇ Test case passing 1 argument id → "clockwork-dragon" to everyGIFLoopsForFourSecondsWithFortyTimedFrames(_:) started.
◇ Test case passing 1 argument id → "woodland-fox" to everyGIFLoopsForFourSecondsWithFortyTimedFrames(_:) started.
◇ Test case passing 1 argument id → "deep-sea-whale" to everyGIFLoopsForFourSecondsWithFortyTimedFrames(_:) started.
◇ Test case passing 1 argument id → "citadel-of-arches" to everyGIFLoopsForFourSecondsWithFortyTimedFrames(_:) started.
◇ Test case passing 1 argument id → "sky-island-village" to everyGIFLoopsForFourSecondsWithFortyTimedFrames(_:) started.
◇ Test case passing 1 argument id → "canyon-waterfall" to everyGIFLoopsForFourSecondsWithFortyTimedFrames(_:) started.
◇ Test case passing 1 argument id → "moonlit-harbor" to everyGIFLoopsForFourSecondsWithFortyTimedFrames(_:) started.
◇ Test case passing 1 argument id → "grand-solar-system" to everyGIFLoopsForFourSecondsWithFortyTimedFrames(_:) started.
✔ Test everyGIFLoopsForFourSecondsWithFortyTimedFrames(_:) with 21 test cases passed after 5.474 seconds.
◇ Test everyMP4HasOneSilentFourSecondVideoTrackAndDecodableFrames(_:) started.
◇ Test case passing 1 argument id → "character-orb" to everyMP4HasOneSilentFourSecondVideoTrackAndDecodableFrames(_:) started.
◇ Test case passing 1 argument id → "woven-torus" to everyMP4HasOneSilentFourSecondVideoTrackAndDecodableFrames(_:) started.
◇ Test case passing 1 argument id → "moon-gate" to everyMP4HasOneSilentFourSecondVideoTrackAndDecodableFrames(_:) started.
◇ Test case passing 1 argument id → "spiral-tower" to everyMP4HasOneSilentFourSecondVideoTrackAndDecodableFrames(_:) started.
◇ Test case passing 1 argument id → "crystal-garden" to everyMP4HasOneSilentFourSecondVideoTrackAndDecodableFrames(_:) started.
◇ Test case passing 1 argument id → "little-rocket" to everyMP4HasOneSilentFourSecondVideoTrackAndDecodableFrames(_:) started.
◇ Test case passing 1 argument id → "pixel-bonsai" to everyMP4HasOneSilentFourSecondVideoTrackAndDecodableFrames(_:) started.
◇ Test case passing 1 argument id → "orbital-rings" to everyMP4HasOneSilentFourSecondVideoTrackAndDecodableFrames(_:) started.
◇ Test case passing 1 argument id → "hill-observatory" to everyMP4HasOneSilentFourSecondVideoTrackAndDecodableFrames(_:) started.
◇ Test case passing 1 argument id → "terraced-island" to everyMP4HasOneSilentFourSecondVideoTrackAndDecodableFrames(_:) started.
◇ Test case passing 1 argument id → "canal-city" to everyMP4HasOneSilentFourSecondVideoTrackAndDecodableFrames(_:) started.
◇ Test case passing 1 argument id → "alpine-valley" to everyMP4HasOneSilentFourSecondVideoTrackAndDecodableFrames(_:) started.
◇ Test case passing 1 argument id → "wandering-cartographer" to everyMP4HasOneSilentFourSecondVideoTrackAndDecodableFrames(_:) started.
◇ Test case passing 1 argument id → "clockwork-dragon" to everyMP4HasOneSilentFourSecondVideoTrackAndDecodableFrames(_:) started.
◇ Test case passing 1 argument id → "woodland-fox" to everyMP4HasOneSilentFourSecondVideoTrackAndDecodableFrames(_:) started.
◇ Test case passing 1 argument id → "deep-sea-whale" to everyMP4HasOneSilentFourSecondVideoTrackAndDecodableFrames(_:) started.
◇ Test case passing 1 argument id → "citadel-of-arches" to everyMP4HasOneSilentFourSecondVideoTrackAndDecodableFrames(_:) started.
◇ Test case passing 1 argument id → "sky-island-village" to everyMP4HasOneSilentFourSecondVideoTrackAndDecodableFrames(_:) started.
◇ Test case passing 1 argument id → "canyon-waterfall" to everyMP4HasOneSilentFourSecondVideoTrackAndDecodableFrames(_:) started.
◇ Test case passing 1 argument id → "moonlit-harbor" to everyMP4HasOneSilentFourSecondVideoTrackAndDecodableFrames(_:) started.
◇ Test case passing 1 argument id → "grand-solar-system" to everyMP4HasOneSilentFourSecondVideoTrackAndDecodableFrames(_:) started.
✔ Test everyMP4HasOneSilentFourSecondVideoTrackAndDecodableFrames(_:) with 21 test cases passed after 5.339 seconds.
◇ Test everyOBJContainsBoundedOutwardFacingVoxelGeometry(_:) started.
◇ Test case passing 1 argument id → "character-orb" to everyOBJContainsBoundedOutwardFacingVoxelGeometry(_:) started.
◇ Test case passing 1 argument id → "woven-torus" to everyOBJContainsBoundedOutwardFacingVoxelGeometry(_:) started.
◇ Test case passing 1 argument id → "moon-gate" to everyOBJContainsBoundedOutwardFacingVoxelGeometry(_:) started.
◇ Test case passing 1 argument id → "spiral-tower" to everyOBJContainsBoundedOutwardFacingVoxelGeometry(_:) started.
◇ Test case passing 1 argument id → "crystal-garden" to everyOBJContainsBoundedOutwardFacingVoxelGeometry(_:) started.
◇ Test case passing 1 argument id → "little-rocket" to everyOBJContainsBoundedOutwardFacingVoxelGeometry(_:) started.
◇ Test case passing 1 argument id → "pixel-bonsai" to everyOBJContainsBoundedOutwardFacingVoxelGeometry(_:) started.
◇ Test case passing 1 argument id → "orbital-rings" to everyOBJContainsBoundedOutwardFacingVoxelGeometry(_:) started.
◇ Test case passing 1 argument id → "hill-observatory" to everyOBJContainsBoundedOutwardFacingVoxelGeometry(_:) started.
◇ Test case passing 1 argument id → "terraced-island" to everyOBJContainsBoundedOutwardFacingVoxelGeometry(_:) started.
◇ Test case passing 1 argument id → "canal-city" to everyOBJContainsBoundedOutwardFacingVoxelGeometry(_:) started.
◇ Test case passing 1 argument id → "alpine-valley" to everyOBJContainsBoundedOutwardFacingVoxelGeometry(_:) started.
◇ Test case passing 1 argument id → "wandering-cartographer" to everyOBJContainsBoundedOutwardFacingVoxelGeometry(_:) started.
◇ Test case passing 1 argument id → "clockwork-dragon" to everyOBJContainsBoundedOutwardFacingVoxelGeometry(_:) started.
◇ Test case passing 1 argument id → "woodland-fox" to everyOBJContainsBoundedOutwardFacingVoxelGeometry(_:) started.
◇ Test case passing 1 argument id → "deep-sea-whale" to everyOBJContainsBoundedOutwardFacingVoxelGeometry(_:) started.
◇ Test case passing 1 argument id → "citadel-of-arches" to everyOBJContainsBoundedOutwardFacingVoxelGeometry(_:) started.
◇ Test case passing 1 argument id → "sky-island-village" to everyOBJContainsBoundedOutwardFacingVoxelGeometry(_:) started.
◇ Test case passing 1 argument id → "canyon-waterfall" to everyOBJContainsBoundedOutwardFacingVoxelGeometry(_:) started.
◇ Test case passing 1 argument id → "moonlit-harbor" to everyOBJContainsBoundedOutwardFacingVoxelGeometry(_:) started.
◇ Test case passing 1 argument id → "grand-solar-system" to everyOBJContainsBoundedOutwardFacingVoxelGeometry(_:) started.
✔ Test everyOBJContainsBoundedOutwardFacingVoxelGeometry(_:) with 21 test cases passed after 15.440 seconds.
◇ Test blockhavenManifestMatchesSelfContainedSourcesCompactVolumeAndAllDownloadLinks() started.
✔ Test blockhavenManifestMatchesSelfContainedSourcesCompactVolumeAndAllDownloadLinks() passed after 6.642 seconds.
◇ Test blockhavenPNGAndLoopingGIFDecodeWithVisibleChangingLandscapeAndPublishedTiming() started.
✔ Test blockhavenPNGAndLoopingGIFDecodeWithVisibleChangingLandscapeAndPublishedTiming() passed after 0.560 seconds.
◇ Test blockhavenVideoHasThePublishedSilentTimingAndDecodableLandscape() started.
✔ Test blockhavenVideoHasThePublishedSilentTimingAndDecodableLandscape() passed after 0.250 seconds.
◇ Test blockhavenOBJHasEveryExteriorFaceWithCorrectBoundsMaterialsAndOutwardWinding() started.
✔ Test blockhavenOBJHasEveryExteriorFaceWithCorrectBoundsMaterialsAndOutwardWinding() passed after 5.943 seconds.
✔ Suite ExampleArtifactTests passed after 44.605 seconds.
◇ Suite PreparedVoxelProjectionTests started.
◇ Test directExtractionPreservesAllNeighborsMaterialsBoundariesAndStableOrder() started.
✔ Test directExtractionPreservesAllNeighborsMaterialsBoundariesAndStableOrder() passed after 0.001 seconds.
◇ Test preparedFramesHaveExactDocumentProjectionAndPixelParityAcrossCameraPoses() started.
✔ Test preparedFramesHaveExactDocumentProjectionAndPixelParityAcrossCameraPoses() passed after 0.138 seconds.
◇ Test preparedEmptyAndCancelledFramesNeverPublishGhostsOrPartialPicking() started.
✔ Test preparedEmptyAndCancelledFramesNeverPublishGhostsOrPartialPicking() passed after 0.001 seconds.
◇ Test cubeAnimationRetainsPerFrameFallbackWhenCompleteSceneExceedsExtractionBudget() started.
✔ Test cubeAnimationRetainsPerFrameFallbackWhenCompleteSceneExceedsExtractionBudget() passed after 15.235 seconds.
◇ Test cubeAnimationFallbackStillRefusesAnOverBudgetFrameAndCleansItsStaging() started.
✔ Test cubeAnimationFallbackStillRefusesAnOverBudgetFrameAndCleansItsStaging() passed after 1.544 seconds.
✔ Suite PreparedVoxelProjectionTests passed after 16.919 seconds.
◇ Test imageExportHasExpectedDimensionsAndDecodesAsPNG() started.
✔ Test imageExportHasExpectedDimensionsAndDecodesAsPNG() passed after 0.009 seconds.
◇ Test glyphRasterDiffersFromEmptyVolume() started.
✔ Test glyphRasterDiffersFromEmptyVolume() passed after 0.012 seconds.
◇ Test metalBackendCompletesAndWritesVisibleGlyphs() started.
✔ Test metalBackendCompletesAndWritesVisibleGlyphs() passed after 0.048 seconds.
◇ Suite SculptureBlockPerformanceTests started.
◇ Test measureLargeLandscapePreparationAndCameraWork() started.
✔ Test measureLargeLandscapePreparationAndCameraWork() passed after 0.001 seconds.
✔ Suite SculptureBlockPerformanceTests passed after 0.001 seconds.
◇ Suite SculptureLiveVoxelTests started.
◇ Test gpuPickingMatchesTheExistingProjectionAtOffCenterPointsAndSeveralPoses() started.
✔ Test gpuPickingMatchesTheExistingProjectionAtOffCenterPointsAndSeveralPoses() passed after 0.004 seconds.
◇ Test gpuPickingChoosesTheNearestCubeOrGhostAndPreservesTheVolumeBoundary() started.
✔ Test gpuPickingChoosesTheNearestCubeOrGhostAndPreservesTheVolumeBoundary() passed after 0.001 seconds.
◇ Test metalSnapshotRendersRealColoredGeometryAndRetainsNativeEvidence() started.
✔ Test metalSnapshotRendersRealColoredGeometryAndRetainsNativeEvidence() passed after 0.079 seconds.
◇ Test cameraResizeUsesTheSameMeshAndMatchesTheReferencePickingScale() started.
✔ Test cameraResizeUsesTheSameMeshAndMatchesTheReferencePickingScale() passed after 0.002 seconds.
◇ Test denseGhostGridKeepsEveryPickTargetAndVisibleCubesWhenGridEdgesAreHidden() started.
✔ Test denseGhostGridKeepsEveryPickTargetAndVisibleCubesWhenGridEdgesAreHidden() passed after 0.152 seconds.
✔ Suite SculptureLiveVoxelTests passed after 0.241 seconds.
◇ Suite SculptureLiveWorldTests started.
◇ Test largeIntegerAnchorsPreserveAdjacentPositionsPickingAndSharedGeometryAcrossCameraUpdates() started.
✔ Test largeIntegerAnchorsPreserveAdjacentPositionsPickingAndSharedGeometryAcrossCameraUpdates() passed after 0.002 seconds.
◇ Test boundingIntersectionRotationAndDetailDistanceControlDetailedAndColoredCoarseNodes() started.
✔ Test boundingIntersectionRotationAndDetailDistanceControlDetailedAndColoredCoarseNodes() passed after 0.003 seconds.
◇ Test visibleCapacityAndFullFaceBudgetDegradeToBoundedSharedProxiesDeterministically() started.
✔ Test visibleCapacityAndFullFaceBudgetDegradeToBoundedSharedProxiesDeterministically() passed after 0.059 seconds.
◇ Test preparationSkipsUnusedDefinitionsAndRejectsAnOversizedAggregateCache() started.
✔ Test preparationSkipsUnusedDefinitionsAndRejectsAnOversizedAggregateCache() passed after 1.610 seconds.
◇ Test actualMetalWorldSnapshotsContainColoredDetailsSelectableCoarseModelsAndRetainedEvidence() started.
✔ Test actualMetalWorldSnapshotsContainColoredDetailsSelectableCoarseModelsAndRetainedEvidence() passed after 0.321 seconds.
◇ Test nestedGardenAndCourtyardKeepGlyphColorsAcrossDenseNativeEdges() started.
✔ Test nestedGardenAndCourtyardKeepGlyphColorsAcrossDenseNativeEdges() passed after 1.405 seconds.
✔ Suite SculptureLiveWorldTests passed after 3.402 seconds.
◇ Suite SculptureSolarPerformanceTests started.
◇ Test actualSolarSystemFitsTheReusableExteriorMeshBudget() started.
✔ Test actualSolarSystemFitsTheReusableExteriorMeshBudget() passed after 0.442 seconds.
◇ Test solarCameraAndLayerChangesRetainActualNativeGeometryBuffers() started.
✔ Test solarCameraAndLayerChangesRetainActualNativeGeometryBuffers() passed after 0.570 seconds.
✔ Suite SculptureSolarPerformanceTests passed after 1.013 seconds.
◇ Suite SculptureVolumeStudyRenderingTests started.
◇ Test smallWorldCountsAndCameraUpdatesRetainSharedMeshes() started.
✔ Test smallWorldCountsAndCameraUpdatesRetainSharedMeshes() passed after 0.002 seconds.
◇ Test measure1024WorldMetalRendering() started.
✔ Test measure1024WorldMetalRendering() passed after 0.001 seconds.
✔ Suite SculptureVolumeStudyRenderingTests passed after 0.002 seconds.
◇ Suite SculptureVoxelMeshBuffersTests started.
◇ Test packedBytesPreserveEveryMaterialFaceWindingAndStablePickingIndex() started.
✔ Test packedBytesPreserveEveryMaterialFaceWindingAndStablePickingIndex() passed after 0.001 seconds.
◇ Test ghostBuffersPreserveFilteringOrderDepthCoordinatesAndExactTargetCapacity() started.
✔ Test ghostBuffersPreserveFilteringOrderDepthCoordinatesAndExactTargetCapacity() passed after 0.135 seconds.
◇ Test placementChangesReuseImmutablePreparedModelsButDefinitionChangesInvalidateThem() started.
✔ Test placementChangesReuseImmutablePreparedModelsButDefinitionChangesInvalidateThem() passed after 0.001 seconds.
◇ Test canceledWorkersNeverPublishPartialMeshGhostsOrReusedWorldScenes() started.
✔ Test canceledWorkersNeverPublishPartialMeshGhostsOrReusedWorldScenes() passed after 0.001 seconds.
✔ Suite SculptureVoxelMeshBuffersTests passed after 0.137 seconds.
◇ Suite SculpturePreparedNativeMeshTests started.
◇ Test selectedSliceOutlineMovesToTheChosenDepthInTheActualMetalImage() started.
✔ Test selectedSliceOutlineMovesToTheChosenDepthInTheActualMetalImage() passed after 3.017 seconds.
◇ Test preparedCanvasRetainsPickingAndSelectedOutlineWhenDenseGridLODChanges() started.
✔ Test preparedCanvasRetainsPickingAndSelectedOutlineWhenDenseGridLODChanges() passed after 0.296 seconds.
◇ Test movedAndRotatedWorldInstancesKeepActualModelGeometryAndNearestPicks() started.
✔ Test movedAndRotatedWorldInstancesKeepActualModelGeometryAndNearestPicks() passed after 0.001 seconds.
✔ Suite SculpturePreparedNativeMeshTests passed after 3.315 seconds.
◇ Test singleVoxelSurfaceIncludesEveryFaceAndItsEmptyNeighborInStableOrder() started.
✔ Test singleVoxelSurfaceIncludesEveryFaceAndItsEmptyNeighborInStableOrder() passed after 0.001 seconds.
◇ Test neighboringMaterialsOmitSharedInteriorFaces() started.
✔ Test neighboringMaterialsOmitSharedInteriorFaces() passed after 0.001 seconds.
◇ Test hollowVolumeRetainsCavityFacesWithoutExposingJoinedFaces() started.
✔ Test hollowVolumeRetainsCavityFacesWithoutExposingJoinedFaces() passed after 0.001 seconds.
◇ Test sparseFinalCellOfMaximumVolumeHasSixCorrectlyBoundedFaces() started.
✔ Test sparseFinalCellOfMaximumVolumeHasSixCorrectlyBoundedFaces() passed after 2.099 seconds.
◇ Test cachedOccupancySupportsBoundsAndIndependentSurfaceSnapshotsAfterEditing() started.
✔ Test cachedOccupancySupportsBoundsAndIndependentSurfaceSnapshotsAfterEditing() passed after 0.001 seconds.
◇ Test disconnectedSurfaceBudgetThrowsInsteadOfReturningPartialGeometry() started.
✔ Test disconnectedSurfaceBudgetThrowsInsteadOfReturningPartialGeometry() passed after 0.214 seconds.
◇ Test cancelledSurfaceExtractionReturnsNoPartialScene() started.
✔ Test cancelledSurfaceExtractionReturnsNoPartialScene() passed after 0.002 seconds.
◇ Suite "Bounded colored world silhouettes" started.
◇ Test emptyVolumeHasNoGeometryAndSmallModelsMatchFullDetail() started.
✔ Test emptyVolumeHasNoGeometryAndSmallModelsMatchFullDetail() passed after 0.001 seconds.
◇ Test dominantNonemptyMaterialAndPaletteOrderTiesAreDeterministic() started.
✔ Test dominantNonemptyMaterialAndPaletteOrderTiesAreDeterministic() passed after 0.001 seconds.
◇ Test thinRoofTrunkAndGroundKeepARecognizableSilhouetteInsteadOfAFullBox() started.
✔ Test thinRoofTrunkAndGroundKeepARecognizableSilhouetteInsteadOfAFullBox() passed after 0.040 seconds.
◇ Test oddDimensionsAndPartialBinsPreserveRealExtentsAndCenter() started.
✔ Test oddDimensionsAndPartialBinsPreserveRealExtentsAndCenter() passed after 0.003 seconds.
◇ Test maximumStrideCountsDenseBinsWithoutOverflowOrOversizedGrid() started.
✔ Test maximumStrideCountsDenseBinsWithoutOverflowOrOversizedGrid() passed after 0.045 seconds.
◇ Test disconnectedCoarseGridStaysBelowTheExplicitFaceAndByteBudgets() started.
✔ Test disconnectedCoarseGridStaysBelowTheExplicitFaceAndByteBudgets() passed after 0.027 seconds.
◇ Test cancellationReturnsNoPartialCoarseResult() started.
✔ Test cancellationReturnsNoPartialCoarseResult() passed after 0.008 seconds.
✔ Suite "Bounded colored world silhouettes" passed after 0.127 seconds.
◇ Suite SculptureWorldExplorationRenderingTests started.
◇ Test optionalActualMetalOverviewAndLandmarkExplorationEvidence() started.
✔ Test optionalActualMetalOverviewAndLandmarkExplorationEvidence() passed after 0.001 seconds.
◇ Test perspectiveAndOrbitSwitchesRestoreCameraWithoutChangingWorldOrMeshes() started.
✔ Test perspectiveAndOrbitSwitchesRestoreCameraWithoutChangingWorldOrMeshes() passed after 0.012 seconds.
◇ Test localTravelLookAndExactIntegerRebaseRetainDetailedAndCoarseBuffers() started.
✔ Test localTravelLookAndExactIntegerRebaseRetainDetailedAndCoarseBuffers() passed after 0.002 seconds.
◇ Test nativePerspectiveAndOrbitPickBothColoredCoarseAndDetailedInstances() started.
✔ Test nativePerspectiveAndOrbitPickBothColoredCoarseAndDetailedInstances() passed after 0.003 seconds.
◇ Test realNativeKeyEventsMapHorizontalAndVerticalMovementAndReleaseWithoutClockRaces() started.
✔ Test realNativeKeyEventsMapHorizontalAndVerticalMovementAndReleaseWithoutClockRaces() passed after 0.016 seconds.
◇ Test nativeHeldKeysStopOnResponderLossWindowKeyLossCloseModeChangeAndDismantling() started.
✔ Test nativeHeldKeysStopOnResponderLossWindowKeyLossCloseModeChangeAndDismantling() passed after 0.016 seconds.
◇ Test nativeExploreDragChangesLookAndClickStillSelectsWithoutMutatingSource() started.
✔ Test nativeExploreDragChangesLookAndClickStillSelectsWithoutMutatingSource() passed after 0.020 seconds.
✔ Suite SculptureWorldExplorationRenderingTests passed after 0.071 seconds.
◇ Suite SculptureWorldNavigationTests started.
◇ Test smallMovesRetainExactAnchorsBeyondDoubleIntegerPrecision() started.
✔ Test smallMovesRetainExactAnchorsBeyondDoubleIntegerPrecision() passed after 0.001 seconds.
◇ Test positiveAndNegativeRebasesPreserveFractionalEyeOffsetsExactly() started.
✔ Test positiveAndNegativeRebasesPreserveFractionalEyeOffsetsExactly() passed after 0.001 seconds.
◇ Test diagonalsAndVerticalTravelUseTheSameCellsPerSecondSpeed() started.
✔ Test diagonalsAndVerticalTravelUseTheSameCellsPerSecondSpeed() passed after 0.001 seconds.
◇ Test yawRotatesFlatMovementWhilePitchOnlyChangesLook() started.
✔ Test yawRotatesFlatMovementWhilePitchOnlyChangesLook() passed after 0.001 seconds.
◇ Test elapsedTimeAndFastSpeedAreIndependentOfEventRepeatFrequency() started.
✔ Test elapsedTimeAndFastSpeedAreIndependentOfEventRepeatFrequency() passed after 0.001 seconds.
◇ Test checkedBoundariesRejectOverflowBeforeRebaseAndLeaveMovementAtomic() started.
✔ Test checkedBoundariesRejectOverflowBeforeRebaseAndLeaveMovementAtomic() passed after 0.001 seconds.
◇ Test invalidMovementFailsWithoutMutatingAndLookNeverInverts() started.
✔ Test invalidMovementFailsWithoutMutatingAndLookNeverInverts() passed after 0.001 seconds.
✔ Suite SculptureWorldNavigationTests passed after 0.001 seconds.
◇ Suite VoxelRenderingTests started.
◇ Test excessiveDisconnectedSurfaceReturnsAnExplicitBudgetFailureWithoutPartialPicking() started.
✔ Test excessiveDisconnectedSurfaceReturnsAnExplicitBudgetFailureWithoutPartialPicking() passed after 1.514 seconds.
◇ Test frontFacePickingAddsOnlyToAnEmptyInBoundsNeighbor() started.
✔ Test frontFacePickingAddsOnlyToAnEmptyInBoundsNeighbor() passed after 0.001 seconds.
◇ Test joinedCubesCullSharedFacesAndPickTheNearestVisibleCube() started.
✔ Test joinedCubesCullSharedFacesAndPickTheNearestVisibleCube() passed after 0.001 seconds.
◇ Test cameraRotationChangesThePaintableFaceAndNeighbor() started.
✔ Test cameraRotationChangesThePaintableFaceAndNeighbor() passed after 0.001 seconds.
◇ Test selectedEmptySliceProvidesRealPickableCellsWithoutInventingCubes() started.
✔ Test selectedEmptySliceProvidesRealPickableCellsWithoutInventingCubes() passed after 0.001 seconds.
◇ Test ghostGridCannotStealAnOccludedCubeHit() started.
✔ Test ghostGridCannotStealAnOccludedCubeHit() passed after 0.001 seconds.
◇ Test fullSizeSolidVolumeExposesOnlyItsOuterSurface() started.
✔ Test fullSizeSolidVolumeExposesOnlyItsOuterSurface() passed after 0.512 seconds.
◇ Test rasterOutputHasGenuineTranslucentFacesAndOptionalClearBackground() started.
✔ Test rasterOutputHasGenuineTranslucentFacesAndOptionalClearBackground() passed after 0.001 seconds.
◇ Test projectionRejectsInvalidHitCoordinatesAndNormalizesNonfiniteCamera() started.
✔ Test projectionRejectsInvalidHitCoordinatesAndNormalizesNonfiniteCamera() passed after 0.001 seconds.
◇ Test cancelledRenderDoesNotPublishPartialGeometryOrImage() started.
✔ Test cancelledRenderDoesNotPublishPartialGeometryOrImage() passed after 0.001 seconds.
✔ Suite VoxelRenderingTests passed after 2.030 seconds.
◇ Test singleVoxelOBJHasClosedOutwardSurfaceAndCenteredBounds() started.
✔ Test singleVoxelOBJHasClosedOutwardSurfaceAndCenteredBounds() passed after 0.001 seconds.
◇ Test neighboringGlyphsShareVerticesAndOmitTheirInternalFaces() started.
✔ Test neighboringGlyphsShareVerticesAndOmitTheirInternalFaces() passed after 0.001 seconds.
◇ Test hollowVoxelMeshPreservesTheInteriorSurface() started.
✔ Test hollowVoxelMeshPreservesTheInteriorSurface() passed after 0.002 seconds.
◇ Test emptyOBJContainsNoInventedGeometry() started.
✔ Test emptyOBJContainsNoInventedGeometry() passed after 0.001 seconds.
◇ Test orbOBJIsClosedAndCanBeRetainedAsExportEvidence() started.
✔ Test orbOBJIsClosedAndCanBeRetainedAsExportEvidence() passed after 0.070 seconds.
◇ Test sixtyFourSolidVolumeExportsItsSurfaceRatherThanEveryCube() started.
✔ Test sixtyFourSolidVolumeExportsItsSurfaceRatherThanEveryCube() passed after 1.950 seconds.
◇ Test highCoordinatesExportAClosedSurfaceWithCorrectCenteredBounds() started.
✔ Test highCoordinatesExportAClosedSurfaceWithCorrectCenteredBounds() passed after 0.034 seconds.
◇ Test isolatedCubeVolumeFailsBeforeAllocatingAnUnboundedMesh() started.
✔ Test isolatedCubeVolumeFailsBeforeAllocatingAnUnboundedMesh() passed after 0.171 seconds.
◇ Test cancelledOBJExportDoesNotReturnAPartialMesh() started.
✔ Test cancelledOBJExportDoesNotReturnAPartialMesh() passed after 0.001 seconds.
◇ Test sha256MatchesThePublishedEmptyAndABCVectors() started.
✔ Test sha256MatchesThePublishedEmptyAndABCVectors() passed after 0.001 seconds.
◇ Test sha256MatchesCryptoKit() started.
✔ Test sha256MatchesCryptoKit() passed after 0.054 seconds.
◇ Test compactRoundTripPreservesEveryGlyphRectangularDimensionsAndTitle() started.
✔ Test compactRoundTripPreservesEveryGlyphRectangularDimensionsAndTitle() passed after 0.001 seconds.
◇ Test documentCodecAutodetectsFormatsAndLeavesReadableEncodingUnchanged() started.
✔ Test documentCodecAutodetectsFormatsAndLeavesReadableEncodingUnchanged() passed after 0.011 seconds.
◇ Test compactMaximumFilledVolumeRoundTripsWithExactDimensionsAndOccupancy() started.
✔ Test compactMaximumFilledVolumeRoundTripsWithExactDimensionsAndOccupancy() passed after 28.290 seconds.
◇ Test sparseCompactStorageIsSubstantiallySmallerThanRawVoxels() started.
✔ Test sparseCompactStorageIsSubstantiallySmallerThanRawVoxels() passed after 0.362 seconds.
◇ Test compactRejectsEmptyIncompleteAndCorruptedHeaders() started.
✔ Test compactRejectsEmptyIncompleteAndCorruptedHeaders() passed after 0.005 seconds.
◇ Test compactBoundsDimensionsTitleAndDeclaredCountsBeforeDecompression() started.
✔ Test compactBoundsDimensionsTitleAndDeclaredCountsBeforeDecompression() passed after 0.009 seconds.
◇ Test compactChecksumProtectsBothMetadataAndVoxelContent() started.
✔ Test compactChecksumProtectsBothMetadataAndVoxelContent() passed after 0.001 seconds.
◇ Test compactRejectsTruncationTrailingBytesAndConcatenatedStreamsEvenWithCorrectChecksums() started.
✔ Test compactRejectsTruncationTrailingBytesAndConcatenatedStreamsEvenWithCorrectChecksums() passed after 0.001 seconds.
◇ Test compactRejectsConcatenationAfterDrainingFourBufferedOutputChunks() started.
✔ Test compactRejectsConcatenationAfterDrainingFourBufferedOutputChunks() passed after 0.329 seconds.
◇ Test compactDecompressionRejectsExpansionBeyondTheDeclaredVolumeAndShortOutput() started.
✔ Test compactDecompressionRejectsExpansionBeyondTheDeclaredVolumeAndShortOutput() passed after 0.001 seconds.
◇ Test malformedCompressedStreamsFailWithoutUnboundedOutputOrNoProgressLoops() started.
✔ Test malformedCompressedStreamsFailWithoutUnboundedOutputOrNoProgressLoops() passed after 0.006 seconds.
◇ Test compactCodecCancellationDoesNotReturnPartialData(operation:) started.
◇ Test case passing 1 argument operation → "encode" to compactCodecCancellationDoesNotReturnPartialData(operation:) started.
◇ Test case passing 1 argument operation → "decode" to compactCodecCancellationDoesNotReturnPartialData(operation:) started.
✔ Test compactCodecCancellationDoesNotReturnPartialData(operation:) with 2 test cases passed after 0.007 seconds.
◇ Suite SculptureBlockWorldExamplesTests started.
◇ Test chunkLibraryIsDeterministicAndExpandsToTheCompleteLandscape() started.
✔ Test chunkLibraryIsDeterministicAndExpandsToTheCompleteLandscape() passed after 3.569 seconds.
◇ Test adjacentChunksHaveContinuousGroundAndAConnectedRiverAcrossEveryDepthSeam() started.
✔ Test adjacentChunksHaveContinuousGroundAndAConnectedRiverAcrossEveryDepthSeam() passed after 0.002 seconds.
◇ Test landscapeHasDeepHillsWaterBanksCavesAndThreeDistinctTreeSilhouettes() started.
✔ Test landscapeHasDeepHillsWaterBanksCavesAndThreeDistinctTreeSilhouettes() passed after 0.282 seconds.
◇ Test villageAndLandmarksHaveUsableInteriorsDoorsWindowsCropsAndRoofs() started.
✔ Test villageAndLandmarksHaveUsableInteriorsDoorsWindowsCropsAndRoofs() passed after 0.001 seconds.
◇ Test sparsePlacementsUseExactlyAlignedChunkModelsAndStayWithinGeometryBudgets() started.
✔ Test sparsePlacementsUseExactlyAlignedChunkModelsAndStayWithinGeometryBudgets() passed after 2.788 seconds.
◇ Test canceledGenerationThrowsInsteadOfReturningAPartialLibraryOrWorld() started.
✔ Test canceledGenerationThrowsInsteadOfReturningAPartialLibraryOrWorld() passed after 0.001 seconds.
✔ Suite SculptureBlockWorldExamplesTests passed after 6.642 seconds.
◇ Test commandsEncodeAsFlatTaggedObjectsAndRoundTrip() started.
✔ Test commandsEncodeAsFlatTaggedObjectsAndRoundTrip() passed after 0.001 seconds.
◇ Test strictCommandDecodingRejectsUnknownIrrelevantMissingAndWrongFields() started.
✔ Test strictCommandDecodingRejectsUnknownIrrelevantMissingAndWrongFields() passed after 0.003 seconds.
◇ Test batchVersionAndCommandCountAreRequiredAndBounded() started.
✔ Test batchVersionAndCommandCountAreRequiredAndBounded() passed after 0.001 seconds.
◇ Test paintEraseAndEmptyGlyphUseExactValidatedCoordinates() started.
✔ Test paintEraseAndEmptyGlyphUseExactValidatedCoordinates() passed after 0.001 seconds.
◇ Test invalidCellsAndGlyphsThrowRatherThanSilentlyIgnoreOrFallback() started.
✔ Test invalidCellsAndGlyphsThrowRatherThanSilentlyIgnoreOrFallback() passed after 0.001 seconds.
◇ Test fillVisitsOnlyFourConnectedMatchingCellsOnItsOwnSlice() started.
✔ Test fillVisitsOnlyFourConnectedMatchingCellsOnItsOwnSlice() passed after 0.001 seconds.
◇ Test fillCanPaintOrEraseEmptyRegionsWithoutCrossingABarrier() started.
✔ Test fillCanPaintOrEraseEmptyRegionsWithoutCrossingABarrier() passed after 0.001 seconds.
◇ Test clearingOneSliceLeavesOtherLayersAndTitleIntact() started.
✔ Test clearingOneSliceLeavesOtherLayersAndTitleIntact() passed after 0.001 seconds.
◇ Test rotationIsClockwiseBoundedAndRejectsRectangularSlices() started.
✔ Test rotationIsClockwiseBoundedAndRejectsRectangularSlices() passed after 0.001 seconds.
◇ Test renamePreservesGeometryAndRejectsInvalidTitles() started.
✔ Test renamePreservesGeometryAndRejectsInvalidTitles() passed after 0.001 seconds.
◇ Test batchesApplyInOrderAndFailAtomicallyWithoutChangingTheirSource() started.
✔ Test batchesApplyInOrderAndFailAtomicallyWithoutChangingTheirSource() passed after 0.001 seconds.
◇ Test inspectionIsCodableAndDescribesTheDocumentCoordinateSystem() started.
✔ Test inspectionIsCodableAndDescribesTheDocumentCoordinateSystem() passed after 0.002 seconds.
◇ Test complexCatalogAddsCharactersCreaturesArchitectureAndWorlds() started.
✔ Test complexCatalogAddsCharactersCreaturesArchitectureAndWorlds() passed after 0.001 seconds.
◇ Test largeExamplesStayEditableAndBoundedForMeshAndMediaExport(id:) started.
◇ Test case passing 1 argument id → "wandering-cartographer" to largeExamplesStayEditableAndBoundedForMeshAndMediaExport(id:) started.
◇ Test case passing 1 argument id → "clockwork-dragon" to largeExamplesStayEditableAndBoundedForMeshAndMediaExport(id:) started.
◇ Test case passing 1 argument id → "woodland-fox" to largeExamplesStayEditableAndBoundedForMeshAndMediaExport(id:) started.
◇ Test case passing 1 argument id → "deep-sea-whale" to largeExamplesStayEditableAndBoundedForMeshAndMediaExport(id:) started.
◇ Test case passing 1 argument id → "citadel-of-arches" to largeExamplesStayEditableAndBoundedForMeshAndMediaExport(id:) started.
◇ Test case passing 1 argument id → "sky-island-village" to largeExamplesStayEditableAndBoundedForMeshAndMediaExport(id:) started.
◇ Test case passing 1 argument id → "canyon-waterfall" to largeExamplesStayEditableAndBoundedForMeshAndMediaExport(id:) started.
◇ Test case passing 1 argument id → "moonlit-harbor" to largeExamplesStayEditableAndBoundedForMeshAndMediaExport(id:) started.
✔ Test largeExamplesStayEditableAndBoundedForMeshAndMediaExport(id:) with 8 test cases passed after 1.086 seconds.
◇ Test cartographerHasFaceMapStaffAndSeparatedLegs() started.
✔ Test cartographerHasFaceMapStaffAndSeparatedLegs() passed after 0.001 seconds.
◇ Test dragonHasMirroredRaisedWingsHornsAndAnOpenJaw() started.
✔ Test dragonHasMirroredRaisedWingsHornsAndAnOpenJaw() passed after 0.001 seconds.
◇ Test foxHasTwoEarTipsLongMuzzleAndSeparatedFrontPaws() started.
✔ Test foxHasTwoEarTipsLongMuzzleAndSeparatedFrontPaws() passed after 0.001 seconds.
◇ Test whaleHasWideNotchedFlukeFlippersAndBranchingSpout() started.
✔ Test whaleHasWideNotchedFlukeFlippersAndBranchingSpout() passed after 0.001 seconds.
◇ Test citadelHasTraversableGateCourtyardAndHollowTowerRooms() started.
✔ Test citadelHasTraversableGateCourtyardAndHollowTowerRooms() passed after 0.001 seconds.
◇ Test skyVillageHasSuspendedTerrainBridgesAndWindmillAboveHomes() started.
✔ Test skyVillageHasSuspendedTerrainBridgesAndWindmillAboveHomes() passed after 0.001 seconds.
◇ Test canyonHasFlowingWaterOpenArchAndCarvedCave() started.
✔ Test canyonHasFlowingWaterOpenArchAndCarvedCave() passed after 0.001 seconds.
◇ Test harborHasSailsLightedLanternOpenHomesAndCrescentMoon() started.
✔ Test harborHasSailsLightedLanternOpenHomesAndCrescentMoon() passed after 0.001 seconds.
◇ Suite "Composition example" started.
◇ Test startersAreBoundedAndIndependent() started.
✔ Test startersAreBoundedAndIndependent() passed after 0.001 seconds.
◇ Test repeatedNestedReferencesRoundTripAndExpandExactly() started.
✔ Test repeatedNestedReferencesRoundTripAndExpandExactly() passed after 0.770 seconds.
◇ Test sparseWorldExamplePreservesTrillionCellDistancesWithoutDenseAllocation() started.
✔ Test sparseWorldExamplePreservesTrillionCellDistancesWithoutDenseAllocation() passed after 0.020 seconds.
✔ Suite "Composition example" passed after 0.791 seconds.
◇ Suite SculptureCompositionTests started.
◇ Test tileBlocksPreserveDepthPaddingAndAllFourRectangularRotations() started.
✔ Test tileBlocksPreserveDepthPaddingAndAllFourRectangularRotations() passed after 0.001 seconds.
◇ Test nestedModelsResolveByGlobalIDAndPeriodsReserveEmptyBlocks() started.
✔ Test nestedModelsResolveByGlobalIDAndPeriodsReserveEmptyBlocks() passed after 0.001 seconds.
◇ Test validationRejectsUnusedMissingReferencesAndCycles() started.
✔ Test validationRejectsUnusedMissingReferencesAndCycles() passed after 0.001 seconds.
◇ Test invalidBindingsGridsIDsAndRootAreExplicitFailures() started.
✔ Test invalidBindingsGridsIDsAndRootAreExplicitFailures() passed after 0.001 seconds.
◇ Test dimensionsAndRotatedChildFitNeverCropOrOverflow() started.
✔ Test dimensionsAndRotatedChildFitNeverCropOrOverflow() passed after 0.001 seconds.
◇ Test modelAndDependencyDepthLimitsHaveAcceptedBoundaryCases() started.
✔ Test modelAndDependencyDepthLimitsHaveAcceptedBoundaryCases() passed after 0.001 seconds.
◇ Test recursivePlacementLimitIncludesRepeatedNestedOccurrences() started.
✔ Test recursivePlacementLimitIncludesRepeatedNestedOccurrences() passed after 0.105 seconds.
◇ Test resolvedVolumeBudgetCountsDistinctUnusedModelsBeforeExpansion() started.
✔ Test resolvedVolumeBudgetCountsDistinctUnusedModelsBeforeExpansion() passed after 2.090 seconds.
◇ Test canonicalCodecPreservesTheGraphAndExpandedResult() started.
✔ Test canonicalCodecPreservesTheGraphAndExpandedResult() passed after 0.001 seconds.
◇ Test fenceLookingRowsAndDirectiveLookingCharactersRoundTripExactly() started.
✔ Test fenceLookingRowsAndDirectiveLookingCharactersRoundTripExactly() passed after 0.001 seconds.
◇ Test unknownAndOverwrittenMetadataPlaneAttributesAndBindingAliasesFail() started.
✔ Test unknownAndOverwrittenMetadataPlaneAttributesAndBindingAliasesFail() passed after 0.001 seconds.
◇ Test libraryRejectsUnknownKeysDuplicateKeysDuplicateIDsAndNestedLibraries() started.
✔ Test libraryRejectsUnknownKeysDuplicateKeysDuplicateIDsAndNestedLibraries() passed after 0.001 seconds.
◇ Test decoderBoundsPhysicalLinesBytesJSONDepthAndDirectiveAllocations() started.
✔ Test decoderBoundsPhysicalLinesBytesJSONDepthAndDirectiveAllocations() passed after 0.073 seconds.
◇ Test nativeEncodingSharesTheDecodeLineBudgetSoEveryAcceptedSaveReopens() started.
✔ Test nativeEncodingSharesTheDecodeLineBudgetSoEveryAcceptedSaveReopens() passed after 1.030 seconds.
◇ Test cancellationRejectsEncodingDecodingAndExpansionWithoutPartialOutput() started.
✔ Test cancellationRejectsEncodingDecodingAndExpansionWithoutPartialOutput() passed after 0.001 seconds.
✔ Suite SculptureCompositionTests passed after 3.308 seconds.
◇ Test exampleCatalogOffersDistinctSculpturesAndSpatialMaps() started.
✔ Test exampleCatalogOffersDistinctSculpturesAndSpatialMaps() passed after 0.039 seconds.
◇ Test eachExampleBuiltAloneEqualsTheCatalogElementAndBuildsNothingElse() started.
✔ Test eachExampleBuiltAloneEqualsTheCatalogElementAndBuildsNothingElse() passed after 3.325 seconds.
◇ Test everyExampleOpensThroughTheRealThreeMDCodec(id:) started.
◇ Test case passing 1 argument id → "character-orb" to everyExampleOpensThroughTheRealThreeMDCodec(id:) started.
◇ Test case passing 1 argument id → "woven-torus" to everyExampleOpensThroughTheRealThreeMDCodec(id:) started.
◇ Test case passing 1 argument id → "moon-gate" to everyExampleOpensThroughTheRealThreeMDCodec(id:) started.
◇ Test case passing 1 argument id → "spiral-tower" to everyExampleOpensThroughTheRealThreeMDCodec(id:) started.
◇ Test case passing 1 argument id → "crystal-garden" to everyExampleOpensThroughTheRealThreeMDCodec(id:) started.
◇ Test case passing 1 argument id → "little-rocket" to everyExampleOpensThroughTheRealThreeMDCodec(id:) started.
◇ Test case passing 1 argument id → "pixel-bonsai" to everyExampleOpensThroughTheRealThreeMDCodec(id:) started.
◇ Test case passing 1 argument id → "orbital-rings" to everyExampleOpensThroughTheRealThreeMDCodec(id:) started.
◇ Test case passing 1 argument id → "hill-observatory" to everyExampleOpensThroughTheRealThreeMDCodec(id:) started.
◇ Test case passing 1 argument id → "terraced-island" to everyExampleOpensThroughTheRealThreeMDCodec(id:) started.
◇ Test case passing 1 argument id → "canal-city" to everyExampleOpensThroughTheRealThreeMDCodec(id:) started.
◇ Test case passing 1 argument id → "alpine-valley" to everyExampleOpensThroughTheRealThreeMDCodec(id:) started.
◇ Test case passing 1 argument id → "wandering-cartographer" to everyExampleOpensThroughTheRealThreeMDCodec(id:) started.
◇ Test case passing 1 argument id → "clockwork-dragon" to everyExampleOpensThroughTheRealThreeMDCodec(id:) started.
◇ Test case passing 1 argument id → "woodland-fox" to everyExampleOpensThroughTheRealThreeMDCodec(id:) started.
◇ Test case passing 1 argument id → "deep-sea-whale" to everyExampleOpensThroughTheRealThreeMDCodec(id:) started.
◇ Test case passing 1 argument id → "citadel-of-arches" to everyExampleOpensThroughTheRealThreeMDCodec(id:) started.
◇ Test case passing 1 argument id → "sky-island-village" to everyExampleOpensThroughTheRealThreeMDCodec(id:) started.
◇ Test case passing 1 argument id → "canyon-waterfall" to everyExampleOpensThroughTheRealThreeMDCodec(id:) started.
◇ Test case passing 1 argument id → "moonlit-harbor" to everyExampleOpensThroughTheRealThreeMDCodec(id:) started.
◇ Test case passing 1 argument id → "grand-solar-system" to everyExampleOpensThroughTheRealThreeMDCodec(id:) started.
✔ Test everyExampleOpensThroughTheRealThreeMDCodec(id:) with 21 test cases passed after 3.964 seconds.
◇ Test shippedThreeMDExamplesMatchTheEditableCatalog(id:) started.
◇ Test case passing 1 argument id → "character-orb" to shippedThreeMDExamplesMatchTheEditableCatalog(id:) started.
◇ Test case passing 1 argument id → "woven-torus" to shippedThreeMDExamplesMatchTheEditableCatalog(id:) started.
◇ Test case passing 1 argument id → "moon-gate" to shippedThreeMDExamplesMatchTheEditableCatalog(id:) started.
◇ Test case passing 1 argument id → "spiral-tower" to shippedThreeMDExamplesMatchTheEditableCatalog(id:) started.
◇ Test case passing 1 argument id → "crystal-garden" to shippedThreeMDExamplesMatchTheEditableCatalog(id:) started.
◇ Test case passing 1 argument id → "little-rocket" to shippedThreeMDExamplesMatchTheEditableCatalog(id:) started.
◇ Test case passing 1 argument id → "pixel-bonsai" to shippedThreeMDExamplesMatchTheEditableCatalog(id:) started.
◇ Test case passing 1 argument id → "orbital-rings" to shippedThreeMDExamplesMatchTheEditableCatalog(id:) started.
◇ Test case passing 1 argument id → "hill-observatory" to shippedThreeMDExamplesMatchTheEditableCatalog(id:) started.
◇ Test case passing 1 argument id → "terraced-island" to shippedThreeMDExamplesMatchTheEditableCatalog(id:) started.
◇ Test case passing 1 argument id → "canal-city" to shippedThreeMDExamplesMatchTheEditableCatalog(id:) started.
◇ Test case passing 1 argument id → "alpine-valley" to shippedThreeMDExamplesMatchTheEditableCatalog(id:) started.
◇ Test case passing 1 argument id → "wandering-cartographer" to shippedThreeMDExamplesMatchTheEditableCatalog(id:) started.
◇ Test case passing 1 argument id → "clockwork-dragon" to shippedThreeMDExamplesMatchTheEditableCatalog(id:) started.
◇ Test case passing 1 argument id → "woodland-fox" to shippedThreeMDExamplesMatchTheEditableCatalog(id:) started.
◇ Test case passing 1 argument id → "deep-sea-whale" to shippedThreeMDExamplesMatchTheEditableCatalog(id:) started.
◇ Test case passing 1 argument id → "citadel-of-arches" to shippedThreeMDExamplesMatchTheEditableCatalog(id:) started.
◇ Test case passing 1 argument id → "sky-island-village" to shippedThreeMDExamplesMatchTheEditableCatalog(id:) started.
◇ Test case passing 1 argument id → "canyon-waterfall" to shippedThreeMDExamplesMatchTheEditableCatalog(id:) started.
◇ Test case passing 1 argument id → "moonlit-harbor" to shippedThreeMDExamplesMatchTheEditableCatalog(id:) started.
◇ Test case passing 1 argument id → "grand-solar-system" to shippedThreeMDExamplesMatchTheEditableCatalog(id:) started.
✔ Test shippedThreeMDExamplesMatchTheEditableCatalog(id:) with 21 test cases passed after 3.363 seconds.
◇ Test exampleShapesKeepTheirCharacteristicOpenSpaces() started.
✔ Test exampleShapesKeepTheirCharacteristicOpenSpaces() passed after 0.001 seconds.
◇ Test mapExamplesHaveElevationAndUseCharacterMaterials() started.
✔ Test mapExamplesHaveElevationAndUseCharacterMaterials() passed after 0.010 seconds.
◇ Suite SculptureGalleryCatalogTests started.
◇ Test listingIsPlainMetadataThatGeneratesNothing() started.
✔ Test listingIsPlainMetadataThatGeneratesNothing() passed after 0.001 seconds.
◇ Test listingRunsNoBuilderOrGenerator() started.
✔ Test listingRunsNoBuilderOrGenerator() passed after 0.001 seconds.
◇ Test openingTheSmallestAuthoredModelBuildsOnlyThatModel() started.
✔ Test openingTheSmallestAuthoredModelBuildsOnlyThatModel() passed after 0.002 seconds.
◇ Test cancellingAtTheStartReachesNoOtherEntrysBuilder() started.
✔ Test cancellingAtTheStartReachesNoOtherEntrysBuilder() passed after 0.001 seconds.
◇ Test voxelMetadataMatchesTheGeneratedCatalogExactly() started.
✔ Test voxelMetadataMatchesTheGeneratedCatalogExactly() passed after 0.001 seconds.
◇ Test mathLadderRunsFromSixteenCellsToTwoHundredFiftySix() started.
✔ Test mathLadderRunsFromSixteenCellsToTwoHundredFiftySix() passed after 0.001 seconds.
◇ Test everyFactoryCreatesItsDeclaredKindExtentAndTitle() started.
✔ Test everyFactoryCreatesItsDeclaredKindExtentAndTitle() passed after 13.474 seconds.
◇ Test factoriesReportProgressFromZeroToOne() started.
✔ Test factoriesReportProgressFromZeroToOne() passed after 0.004 seconds.
◇ Test unlistedOrAlteredEntriesAreRefused() started.
✔ Test unlistedOrAlteredEntriesAreRefused() passed after 0.001 seconds.
◇ Test cancellingAnOpeningEntryPublishesNothing() started.
✔ Test cancellingAnOpeningEntryPublishesNothing() passed after 0.001 seconds.
◇ Test extentsMeasureRotatedPlacementsAndSaturateAtIntMaximum() started.
✔ Test extentsMeasureRotatedPlacementsAndSaturateAtIntMaximum() passed after 0.001 seconds.
✔ Suite SculptureGalleryCatalogTests passed after 13.483 seconds.
◇ Suite SculptureInsertionPlanTests started.
◇ Test naturalFilenameOrderIsDeterministicForAnySelectionOrder() started.
✔ Test naturalFilenameOrderIsDeterministicForAnySelectionOrder() passed after 0.001 seconds.
◇ Test onlyReadableAndCompactFilesAreInsertableInAnyLetterCase() started.
✔ Test onlyReadableAndCompactFilesAreInsertableInAnyLetterCase() passed after 0.001 seconds.
◇ Test countsCellsGlyphsAndModelsAreRefusedBeforeAnyFileIsRead() started.
✔ Test countsCellsGlyphsAndModelsAreRefusedBeforeAnyFileIsRead() passed after 0.001 seconds.
◇ Test worldPlansBoundPlacementsAndHaveNoTileFit() started.
✔ Test worldPlansBoundPlacementsAndHaveNoTileFit() passed after 0.168 seconds.
◇ Test aggregateBytesAreBudgetedAcrossFilesAndRefuseByName() started.
✔ Test aggregateBytesAreBudgetedAcrossFilesAndRefuseByName() passed after 0.001 seconds.
◇ Test decodeNamesTheSourceForWorldsGenericMarkdownAndMalformedInput() started.
✔ Test decodeNamesTheSourceForWorldsGenericMarkdownAndMalformedInput() passed after 0.001 seconds.
◇ Test admittedFilesAreCheckedForFitAndCumulativeModelCountRightAfterTheirOwnDecode() started.
✔ Test admittedFilesAreCheckedForFitAndCumulativeModelCountRightAfterTheirOwnDecode() passed after 0.015 seconds.
◇ Test compactHeaderFitIsRefusedBeforeDecompressionAndOnlyForSupportedHeaders() started.
✔ Test compactHeaderFitIsRefusedBeforeDecompressionAndOnlyForSupportedHeaders() passed after 0.002 seconds.
◇ Test resolvedVolumeIsBudgetedFromTheParentLibraryAndRefusedByNameBeforeDecoding() started.
✔ Test resolvedVolumeIsBudgetedFromTheParentLibraryAndRefusedByNameBeforeDecoding() passed after 0.001 seconds.
◇ Test resolvedVolumeAccumulatesAcrossAdmittedInputsWithoutAnyParent() started.
✔ Test resolvedVolumeAccumulatesAcrossAdmittedInputsWithoutAnyParent() passed after 0.001 seconds.
✔ Suite SculptureInsertionPlanTests passed after 0.192 seconds.
◇ Suite SculptureLinkedBundleTests started.
◇ Test readableAndBinaryBundlesRoundTripWithoutTheProjectFolder() started.
✔ Test readableAndBinaryBundlesRoundTripWithoutTheProjectFolder() passed after 0.064 seconds.
◇ Test aBundleProducedDirectlyByThreeMDResolutionOpensAsAComposition() started.
✔ Test aBundleProducedDirectlyByThreeMDResolutionOpensAsAComposition() passed after 0.026 seconds.
◇ Test sourceFileIsNeverFollowedAndOtherReferenceAttributesAreIgnored() started.
✔ Test sourceFileIsNeverFollowedAndOtherReferenceAttributesAreIgnored() passed after 0.034 seconds.
◇ Test aBundledLinkedEntryMustBeAVersionOneSpaceDocument() started.
✔ Test aBundledLinkedEntryMustBeAVersionOneSpaceDocument() passed after 0.029 seconds.
◇ Test editedBundleScenesSaveAsCompositionsWithoutLinkedMetadata() started.
✔ Test editedBundleScenesSaveAsCompositionsWithoutLinkedMetadata() passed after 0.037 seconds.
✔ Suite SculptureLinkedBundleTests passed after 0.191 seconds.
◇ Suite SculptureLinkedCodecTests started.
◇ Test ledgerIsSingleLineSortedJSONThatRoundTripsQuotesBackslashesAndNFCPaths() started.
✔ Test ledgerIsSingleLineSortedJSONThatRoundTripsQuotesBackslashesAndNFCPaths() passed after 0.001 seconds.
◇ Test ledgerRefusesSpacesPeriodsMultiCharacterKeysAndEmptyPaths() started.
✔ Test ledgerRefusesSpacesPeriodsMultiCharacterKeysAndEmptyPaths() passed after 0.001 seconds.
◇ Test linkedRootRoundTripsExactlyWithTurnsAndFenceLikeRows() started.
✔ Test linkedRootRoundTripsExactlyWithTurnsAndFenceLikeRows() passed after 0.001 seconds.
◇ Test everyPlacedByteMustBeLinkedAndLinkCharactersExcludeSpacesAndPeriods() started.
✔ Test everyPlacedByteMustBeLinkedAndLinkCharactersExcludeSpacesAndPeriods() passed after 0.001 seconds.
◇ Test decodingRequiresExactMetadataATitleAndNoPreamble() started.
✔ Test decodingRequiresExactMetadataATitleAndNoPreamble() passed after 0.104 seconds.
◇ Test sceneReaderAsksForAProjectFolderAfterExistingKindsAndRefusesBinaryRootsByName() started.
✔ Test sceneReaderAsksForAProjectFolderAfterExistingKindsAndRefusesBinaryRootsByName() passed after 0.001 seconds.
◇ Test detectionScansTheWholeFrontmatterBeyondTheExistingPrefixWindow() started.
✔ Test detectionScansTheWholeFrontmatterBeyondTheExistingPrefixWindow() passed after 0.054 seconds.
◇ Test linkedErrorMessagesNameProjectPathsAndLimits() started.
✔ Test linkedErrorMessagesNameProjectPathsAndLimits() passed after 0.001 seconds.
◇ Test existingKindsKeepTheirDetectionAndMessages() started.
✔ Test existingKindsKeepTheirDetectionAndMessages() passed after 0.009 seconds.
✔ Suite SculptureLinkedCodecTests passed after 0.173 seconds.
◇ Suite SculptureLinkedResolverTests started.
◇ Test resolvesOnlyReachableFilesIntoACompositionWithPathsAndDigests() started.
✔ Test resolvesOnlyReachableFilesIntoACompositionWithPathsAndDigests() passed after 0.007 seconds.
◇ Test theRootCanBeReadThroughTheSameReader() started.
✔ Test theRootCanBeReadThroughTheSameReader() passed after 0.004 seconds.
◇ Test aSharedChildIsReadOnceAcrossGlyphsAndNestedLinkedRoots() started.
✔ Test aSharedChildIsReadOnceAcrossGlyphsAndNestedLinkedRoots() passed after 0.003 seconds.
◇ Test missingFilesAndReaderFailuresNameTheProjectPath() started.
✔ Test missingFilesAndReaderFailuresNameTheProjectPath() passed after 0.001 seconds.
◇ Test cyclesAreReportedAsChainsOfProjectPaths() started.
✔ Test cyclesAreReportedAsChainsOfProjectPaths() passed after 0.001 seconds.
◇ Test invalidAndEscapingPathsAreRefusedNamingTheLinkingFile() started.
✔ Test invalidAndEscapingPathsAreRefusedNamingTheLinkingFile() passed after 0.003 seconds.
◇ Test aRootInsideTheProjectWhosePathCannotBeRepresentedIsNamedNotCalledOutside() started.
✔ Test aRootInsideTheProjectWhosePathCannotBeRepresentedIsNamedNotCalledOutside() passed after 0.001 seconds.
◇ Test nestedLinkOccurrencesBeyondThreeMDsLimitNameTheRootWithoutPortableSaveAdvice() started.
✔ Test nestedLinkOccurrencesBeyondThreeMDsLimitNameTheRootWithoutPortableSaveAdvice() passed after 0.009 seconds.
◇ Test eachUnsupportedChildKindIsRefusedByNameAndContent() started.
✔ Test eachUnsupportedChildKindIsRefusedByNameAndContent() passed after 0.014 seconds.
◇ Test rootsThatAreNotReadableLinkedCompositionsAreRefusedByName() started.
✔ Test rootsThatAreNotReadableLinkedCompositionsAreRefusedByName() passed after 0.001 seconds.
◇ Test malformedChildrenAndOversizedModelsNameTheirFilesWithoutBundleIDs() started.
✔ Test malformedChildrenAndOversizedModelsNameTheirFilesWithoutBundleIDs() passed after 0.003 seconds.
◇ Test fileCountCapHoldsAtSixtyFourAndRefusesTheNextFile() started.
✔ Test fileCountCapHoldsAtSixtyFourAndRefusesTheNextFile() passed after 0.064 seconds.
◇ Test linkCapHoldsAtFiveHundredTwelveLedgerEntries() started.
✔ Test linkCapHoldsAtFiveHundredTwelveLedgerEntries() passed after 0.083 seconds.
◇ Test depthCapHoldsAtSixteenFilesOnOnePath() started.
✔ Test depthCapHoldsAtSixteenFilesOnOnePath() passed after 0.024 seconds.
◇ Test depthCapCountsAnAlreadyResolvedSubtreeReachedLater() started.
✔ Test depthCapCountsAnAlreadyResolvedSubtreeReachedLater() passed after 0.006 seconds.
◇ Test pathAndComponentCapsHoldAtTheirLimits() started.
✔ Test pathAndComponentCapsHoldAtTheirLimits() passed after 0.013 seconds.
◇ Test definitionByteBudgetHoldsAtItsLimitAndBoundsEachRead() started.
✔ Test definitionByteBudgetHoldsAtItsLimitAndBoundsEachRead() passed after 0.002 seconds.
◇ Test rawLedgerCapHoldsAtOneHundredTwentyEightKiB() started.
✔ Test rawLedgerCapHoldsAtOneHundredTwentyEightKiB() passed after 0.882 seconds.
◇ Test cancellationIsHonoredBetweenFiles() started.
✔ Test cancellationIsHonoredBetweenFiles() passed after 0.001 seconds.
◇ Test linksAreNormalizedToNFCBeforeReading() started.
✔ Test linksAreNormalizedToNFCBeforeReading() passed after 0.002 seconds.
✔ Suite SculptureLinkedResolverTests passed after 1.131 seconds.
◇ Suite SculptureMathExamplesTests started.
◇ Test smallRungsHaveExactSizesAndRepeatTheSameBytes() started.
✔ Test smallRungsHaveExactSizesAndRepeatTheSameBytes() passed after 1.834 seconds.
◇ Test everyRungHasSensibleOccupancyAndSeveralColors() started.
✔ Test everyRungHasSensibleOccupancyAndSeveralColors() passed after 2.498 seconds.
◇ Test formulasProduceTheirRecognizableShapes() started.
✔ Test formulasProduceTheirRecognizableShapes() passed after 1.113 seconds.
◇ Test terrainSpotChecksMatchItsPublishedHeightfield() started.
✔ Test terrainSpotChecksMatchItsPublishedHeightfield() passed after 1.397 seconds.
◇ Test terrainRepeatsTheSameCellsAndItsPublishedOccupancy() started.
✔ Test terrainRepeatsTheSameCellsAndItsPublishedOccupancy() passed after 7.793 seconds.
◇ Test publishedFormulasStateTheirCentersAndReproduceTheOccupiedCells() started.
✔ Test publishedFormulasStateTheirCentersAndReproduceTheOccupiedCells() passed after 1.324 seconds.
◇ Test generationReportsIncreasingProgressEndingAtOne() started.
✔ Test generationReportsIncreasingProgressEndingAtOne() passed after 0.010 seconds.
◇ Test cancelledTasksThrowBeforeGenerating() started.
✔ Test cancelledTasksThrowBeforeGenerating() passed after 0.001 seconds.
◇ Test cancellingDuringGenerationStopsAtTheNextLayer() started.
✔ Test cancellingDuringGenerationStopsAtTheNextLayer() passed after 0.010 seconds.
✔ Suite SculptureMathExamplesTests passed after 15.984 seconds.
◇ Suite "Shared model value editing" started.
◇ Test replacementPropagatesThroughRepeatedNestedRotatedReferences() started.
✔ Test replacementPropagatesThroughRepeatedNestedRotatedReferences() passed after 0.001 seconds.
◇ Test staleLeafAndOversizedReplacementAreRejectedWithoutChangingSource() started.
✔ Test staleLeafAndOversizedReplacementAreRejectedWithoutChangingSource() passed after 0.001 seconds.
◇ Test uniquePlacementClonesOneLeafAndPreservesOthersAndTransforms() started.
✔ Test uniquePlacementClonesOneLeafAndPreservesOthersAndTransforms() passed after 0.002 seconds.
◇ Test uniqueRejectsNestedMapsDuplicateInvalidIDsAndLibraryCapacity() started.
✔ Test uniqueRejectsNestedMapsDuplicateInvalidIDsAndLibraryCapacity() passed after 0.001 seconds.
◇ Test cancelledReplacementDoesNotPublish() started.
✔ Test cancelledReplacementDoesNotPublish() passed after 0.001 seconds.
◇ Test uniqueCloneRejectsReadableFileOverflowBeforePublishingLibrary() started.
✔ Test uniqueCloneRejectsReadableFileOverflowBeforePublishingLibrary() passed after 2.385 seconds.
✔ Suite "Shared model value editing" passed after 2.390 seconds.
◇ Suite SculptureSceneInsertionTests started.
◇ Test selectedVoxelGetsABindingAndImmediatePlacementWithoutChangingTheParent() started.
✔ Test selectedVoxelGetsABindingAndImmediatePlacementWithoutChangingTheParent() passed after 0.008 seconds.
◇ Test batchPlacementCrossesRowsAndLayersInSelectionOrder() started.
✔ Test batchPlacementCrossesRowsAndLayersInSelectionOrder() passed after 0.015 seconds.
◇ Test placingOverAnOccupiedCellRetainsItsExistingReusableModelAndBinding() started.
✔ Test placingOverAnOccupiedCellRetainsItsExistingReusableModelAndBinding() passed after 0.014 seconds.
◇ Test nestedGraphsNamespaceCollisionsAndRetainSharedChildrenRotationsAndUnusedModels() started.
✔ Test nestedGraphsNamespaceCollisionsAndRetainSharedChildrenRotationsAndUnusedModels() passed after 0.018 seconds.
◇ Test repeatedInputKeepsEachImportIndependentButItsInternalSharingIntact() started.
✔ Test repeatedInputKeepsEachImportIndependentButItsInternalSharingIntact() passed after 0.026 seconds.
◇ Test worldBatchUsesExactFocusAndRootWidthsWithoutFlattening() started.
✔ Test worldBatchUsesExactFocusAndRootWidthsWithoutFlattening() passed after 0.036 seconds.
◇ Test worldBatchRefusesCheckedOverflowAndUnsafeOriginsAtomically() started.
✔ Test worldBatchRefusesCheckedOverflowAndUnsafeOriginsAtomically() passed after 0.001 seconds.
◇ Test unsupportedChildrenEmptyBatchesAndMismatchedSnapshotsRefuse() started.
✔ Test unsupportedChildrenEmptyBatchesAndMismatchedSnapshotsRefuse() passed after 0.001 seconds.
◇ Test invalidSelectionInsufficientSpaceAndChildFitCannotPartiallyEdit() started.
✔ Test invalidSelectionInsufficientSpaceAndChildFitCannotPartiallyEdit() passed after 0.001 seconds.
◇ Test completeUnusedModelCountsRemainBoundedBeforeAnyInsertion() started.
✔ Test completeUnusedModelCountsRemainBoundedBeforeAnyInsertion() passed after 0.001 seconds.
◇ Test portableRefusalInsertsNativeValuesWhenNeitherParentNorInputsCarryPortableData() started.
✔ Test portableRefusalInsertsNativeValuesWhenNeitherParentNorInputsCarryPortableData() passed after 14.301 seconds.
◇ Test portableDataOnTheParentOrAnInputRefusesNamingThePortableLimitAndSources() started.
✔ Test portableDataOnTheParentOrAnInputRefusesNamingThePortableLimitAndSources() passed after 12.211 seconds.
◇ Test portableDataOnlyOnAnInputStillYieldsASnapshotAndNoneYieldsNone() started.
✔ Test portableDataOnlyOnAnInputStillYieldsASnapshotAndNoneYieldsNone() passed after 0.042 seconds.
◇ Test nativeCapacityIsCheckedBeforeBlamingThePortableLimit() started.
✔ Test nativeCapacityIsCheckedBeforeBlamingThePortableLimit() passed after 13.182 seconds.
◇ Test nativeVariantsMatchThePortablePlacementWithoutAnySnapshot() started.
✔ Test nativeVariantsMatchThePortablePlacementWithoutAnySnapshot() passed after 0.086 seconds.
◇ Test insertionTargetsDescribeRowMajorTilesAndTheModelsTheyReplace() started.
✔ Test insertionTargetsDescribeRowMajorTilesAndTheModelsTheyReplace() passed after 0.001 seconds.
◇ Test insertionRefusesNativeGraphsThatWouldNotReopenAndLeavesTheParentIntact() started.
✔ Test insertionRefusesNativeGraphsThatWouldNotReopenAndLeavesTheParentIntact() passed after 9.308 seconds.
◇ Test exhaustedBindingCharactersRefuseWithoutRemovingExistingBindings() started.
✔ Test exhaustedBindingCharactersRefuseWithoutRemovingExistingBindings() passed after 0.001 seconds.
◇ Test parentAndImportedOpaqueDocumentsAndScopedIdentitiesSurviveNamespaceInsertion() started.
✔ Test parentAndImportedOpaqueDocumentsAndScopedIdentitiesSurviveNamespaceInsertion() passed after 0.048 seconds.
◇ Test authoredLeafAndTilePlaneOrderSurvivesInsertionAndPortableReopen() started.
✔ Test authoredLeafAndTilePlaneOrderSurvivesInsertionAndPortableReopen() passed after 0.075 seconds.
◇ Test recaptureKeepsSurvivingAuthoredOrderAndAppendsNewSlicesByZ() started.
✔ Test recaptureKeepsSurvivingAuthoredOrderAndAppendsNewSlicesByZ() passed after 0.011 seconds.
◇ Test standaloneVoxelMetadataIsCarriedIntoItsImportedDefinition() started.
✔ Test standaloneVoxelMetadataIsCarriedIntoItsImportedDefinition() passed after 0.013 seconds.
◇ Test worldRootAndNestedDocumentMetadataSurvivePlacementChangesAndSharedEditing() started.
✔ Test worldRootAndNestedDocumentMetadataSurvivePlacementChangesAndSharedEditing() passed after 0.052 seconds.
◇ Test recapturePreservesOpaqueMetadataWhileRecognizedGeometryStillChanges() started.
✔ Test recapturePreservesOpaqueMetadataWhileRecognizedGeometryStillChanges() passed after 0.003 seconds.
◇ Test metadataPreservationDoesNotPermitArbitraryMarkdownOrMalformedGeometry() started.
✔ Test metadataPreservationDoesNotPermitArbitraryMarkdownOrMalformedGeometry() passed after 0.001 seconds.
◇ Test portableOpaqueAttributesDoNotHideInvalidIdentitiesOrBindingEdges() started.
✔ Test portableOpaqueAttributesDoNotHideInvalidIdentitiesOrBindingEdges() passed after 0.010 seconds.
◇ Test cancellationReturnsNoPartialInsertionForEitherParentKind() started.
✔ Test cancellationReturnsNoPartialInsertionForEitherParentKind() passed after 0.001 seconds.
✔ Suite SculptureSceneInsertionTests passed after 49.474 seconds.
◇ Test solarSystemExtendsTheGalleryWithoutReplacingExistingExamples() started.
✔ Test solarSystemExtendsTheGalleryWithoutReplacingExistingExamples() passed after 0.001 seconds.
◇ Test solarSystemUsesTheFullEditableVolumeAndRoundTripsThroughThreeMD() started.
✔ Test solarSystemUsesTheFullEditableVolumeAndRoundTripsThroughThreeMD() passed after 5.505 seconds.
◇ Test solarSystemHasEightSolidSeparatedPlanetsWithDistinctSurfaceFeatures() started.
✔ Test solarSystemHasEightSolidSeparatedPlanetsWithDistinctSurfaceFeatures() passed after 0.001 seconds.
◇ Test solarSystemRingsMoonsAndOrbitGuidesRetainRealAirGaps() started.
✔ Test solarSystemRingsMoonsAndOrbitGuidesRetainRealAirGaps() passed after 0.001 seconds.
◇ Test solarSystemHasAsteroidBeltCometAndElevatedStars() started.
✔ Test solarSystemHasAsteroidBeltCometAndElevatedStars() passed after 0.001 seconds.
◇ Test sculptureRoundTripsThroughRealThreeMDParser() started.
✔ Test sculptureRoundTripsThroughRealThreeMDParser() passed after 0.002 seconds.
◇ Test rejectsOversizedAndUnrelatedDocuments() started.
✔ Test rejectsOversizedAndUnrelatedDocuments() passed after 0.001 seconds.
◇ Test fileSizeGuardAcceptsItsExactBoundaryBeforeValidatingUTF8() started.
✔ Test fileSizeGuardAcceptsItsExactBoundaryBeforeValidatingUTF8() passed after 0.001 seconds.
◇ Test refusesMalformedDimensionsRowsGlyphsAndDepth() started.
✔ Test refusesMalformedDimensionsRowsGlyphsAndDepth() passed after 0.001 seconds.
◇ Test protectsGridBoundsAndRejectsInvalidGlyphs() started.
✔ Test protectsGridBoundsAndRejectsInvalidGlyphs() passed after 0.001 seconds.
◇ Test duplicatedLayerIsIndependentAndLastLayerIsProtected() started.
✔ Test duplicatedLayerIsIndependentAndLastLayerIsProtected() passed after 0.001 seconds.
◇ Test quarterTurnMovesCellAndFourTurnsRestoreLayer() started.
✔ Test quarterTurnMovesCellAndFourTurnsRestoreLayer() passed after 0.001 seconds.
◇ Test nearestCellWinsOcclusionAndCanBePicked() started.
✔ Test nearestCellWinsOcclusionAndCanBePicked() passed after 0.001 seconds.
◇ Test cameraOrbitChangesProjectionAndNonFiniteValuesRemainSafe() started.
✔ Test cameraOrbitChangesProjectionAndNonFiniteValuesRemainSafe() passed after 0.001 seconds.
◇ Test emptyProjectionExportsSpacesWithoutInventingCharacters() started.
✔ Test emptyProjectionExportsSpacesWithoutInventingCharacters() passed after 0.001 seconds.
◇ Test titleCannotInjectFrontmatterAndLayerLimitIsEnforced() started.
✔ Test titleCannotInjectFrontmatterAndLayerLimitIsEnforced() passed after 0.001 seconds.
◇ Test maximumTwoHundredFiftySixCubeRoundTripsWithinTwentyMiB() started.
✔ Test maximumTwoHundredFiftySixCubeRoundTripsWithinTwentyMiB() passed after 8.926 seconds.
◇ Test dimensionsAboveTwoHundredFiftySixAreRejectedOnEveryAxis() started.
✔ Test dimensionsAboveTwoHundredFiftySixAreRejectedOnEveryAxis() passed after 0.001 seconds.
◇ Test formerCubeDocumentsRemainCompatible(dimension:) started.
◇ Test case passing 1 argument dimension → 32 to formerCubeDocumentsRemainCompatible(dimension:) started.
◇ Test case passing 1 argument dimension → 64 to formerCubeDocumentsRemainCompatible(dimension:) started.
✔ Test formerCubeDocumentsRemainCompatible(dimension:) with 2 test cases passed after 0.098 seconds.
◇ Test codecRejectsExcessiveDirectivesBeforeAllocatingThreeMDPlanes() started.
✔ Test codecRejectsExcessiveDirectivesBeforeAllocatingThreeMDPlanes() passed after 0.001 seconds.
◇ Test codecRejectsExcessiveBlankLinesBeforeThreeMDAllocatesTheirArray() started.
✔ Test codecRejectsExcessiveBlankLinesBeforeThreeMDAllocatesTheirArray() passed after 0.034 seconds.
◇ Test occupiedCountRemainsAccurateAcrossEveryMutationAndValueCopy() started.
✔ Test occupiedCountRemainsAccurateAcrossEveryMutationAndValueCopy() passed after 0.001 seconds.
◇ Test projectionCanPickTheNearestCellBeyondTheOldDepthLimit() started.
✔ Test projectionCanPickTheNearestCellBeyondTheOldDepthLimit() passed after 0.001 seconds.
◇ Test denseSixtyFourVolumeProjectionStaysBoundedAndPicksActualSourceCells() started.
✔ Test denseSixtyFourVolumeProjectionStaysBoundedAndPicksActualSourceCells() passed after 0.312 seconds.
◇ Test maximumCoordinatesStayEditableAndProjectionCachesFollowLayerChanges() started.
✔ Test maximumCoordinatesStayEditableAndProjectionCachesFollowLayerChanges() passed after 2.102 seconds.
◇ Test cancelledSculptureDecodeDoesNotReturnAPartialVolume() started.
✔ Test cancelledSculptureDecodeDoesNotReturnAPartialVolume() passed after 0.001 seconds.
◇ Test cancelledASCIIProjectionReturnsABoundedEmptyFrameWithoutPartialPicking() started.
✔ Test cancelledASCIIProjectionReturnsABoundedEmptyFrameWithoutPartialPicking() passed after 0.002 seconds.
◇ Suite SculptureThreeMDTests started.
◇ Test unmarkedGeneralBinaryAdoptsPortableMarkerWithoutLosingImportedIDs() started.
✔ Test unmarkedGeneralBinaryAdoptsPortableMarkerWithoutLosingImportedIDs() passed after 0.003 seconds.
◇ Test portableWorldRootNeverOverwritesAUserModelAndRetainsUnusedBindings() started.
✔ Test portableWorldRootNeverOverwritesAUserModelAndRetainsUnusedBindings() passed after 0.015 seconds.
◇ Test maximumWorldPlacementsKeepUniqueGraphReferencesAndExactIDs() started.
✔ Test maximumWorldPlacementsKeepUniqueGraphReferencesAndExactIDs() passed after 26.937 seconds.
◇ Test portableSceneRoundTripsInTextAndUncompressedBinary() started.
✔ Test portableSceneRoundTripsInTextAndUncompressedBinary() passed after 0.052 seconds.
◇ Test legacyFilesAndSaveDefaultsRemainDistinct() started.
✔ Test legacyFilesAndSaveDefaultsRemainDistinct() passed after 0.002 seconds.
◇ Test customPlaneAndReferenceIDsSurviveRecaptureAndSharedEditing() started.
✔ Test customPlaneAndReferenceIDsSurviveRecaptureAndSharedEditing() passed after 0.029 seconds.
◇ Test untitledNestedDefinitionsStayUntitledWhileNewOnesAreTitledByTheirID() started.
✔ Test untitledNestedDefinitionsStayUntitledWhileNewOnesAreTitledByTheirID() passed after 0.023 seconds.
◇ Test preservedReferenceAttributesFollowTheGlyphAndItsTargetNotTheGlyphAlone() started.
✔ Test preservedReferenceAttributesFollowTheGlyphAndItsTargetNotTheGlyphAlone() passed after 0.020 seconds.
◇ Test wholeSceneRevisionRejectsStaleModelEditWithoutPublishingChanges() started.
✔ Test wholeSceneRevisionRejectsStaleModelEditWithoutPublishingChanges() passed after 0.011 seconds.
◇ Test invalidSharedReplacementIsAtomicAndWorldAnchorsStayExact() started.
✔ Test invalidSharedReplacementIsAtomicAndWorldAnchorsStayExact() passed after 0.014 seconds.
◇ Test malformedIdentitiesAndDisagreeingReferencesNeverUseLegacyFallback() started.
✔ Test malformedIdentitiesAndDisagreeingReferencesNeverUseLegacyFallback() passed after 0.009 seconds.
◇ Test largeLegacyLibraryRetainsItsOwnCapacityAndPortableFailureIsExplicit() started.
✔ Test largeLegacyLibraryRetainsItsOwnCapacityAndPortableFailureIsExplicit() passed after 30.431 seconds.
◇ Test cancellationPropagatesThroughAllPublicPortableOperations() started.
✔ Test cancellationPropagatesThroughAllPublicPortableOperations() passed after 0.005 seconds.
✔ Suite SculptureThreeMDTests passed after 57.557 seconds.
◇ Suite SculptureVolumeStudyExamplesTests started.
◇ Test denseEquivalentUsesOneSharedSolidModelToFillExactly1024Cubed() started.
✔ Test denseEquivalentUsesOneSharedSolidModelToFillExactly1024Cubed() passed after 0.110 seconds.
◇ Test landscapeSeparatesItsSparseOccupancyFromItsAddressDomain() started.
✔ Test landscapeSeparatesItsSparseOccupancyFromItsAddressDomain() passed after 0.567 seconds.
◇ Test landscapeContainsNavigableCastlesWaterTerracesAndForestAirGaps() started.
✔ Test landscapeContainsNavigableCastlesWaterTerracesAndForestAirGaps() passed after 0.001 seconds.
◇ Test studyFactoriesAreDeterministicAndPreserveFiniteProductionLimits() started.
✔ Test studyFactoriesAreDeterministicAndPreserveFiniteProductionLimits() passed after 2.064 seconds.
◇ Test studyFactoriesRespectCancelledTasksBeforeConstructingTheirLibraries() started.
✔ Test studyFactoriesRespectCancelledTasksBeforeConstructingTheirLibraries() passed after 0.001 seconds.
✔ Suite SculptureVolumeStudyExamplesTests passed after 2.742 seconds.
◇ Suite SculptureWorldTests started.
◇ Test distantInstancesRemainSparseAndShareOneLibraryModel() started.
✔ Test distantInstancesRemainSparseAndShareOneLibraryModel() passed after 0.001 seconds.
◇ Test exactInt64ExtremesAndAdjacentAnchorsSurviveJSONRoundTrip() started.
✔ Test exactInt64ExtremesAndAdjacentAnchorsSurviveJSONRoundTrip() passed after 0.001 seconds.
◇ Test originHeadroomIDsAndRotationsAreValidatedBeforeWorldConstruction() started.
✔ Test originHeadroomIDsAndRotationsAreValidatedBeforeWorldConstruction() passed after 0.001 seconds.
◇ Test worldsRejectMissingModelsDuplicateInstancesAndInvalidTitles() started.
✔ Test worldsRejectMissingModelsDuplicateInstancesAndInvalidTitles() passed after 0.001 seconds.
◇ Test finitePlacementCapacityDoesNotImposeASpatialExtent() started.
✔ Test finitePlacementCapacityDoesNotImposeASpatialExtent() passed after 3.987 seconds.
◇ Test codecRejectsUnknownDuplicateMetadataAndUnsupportedPlaneOrFences() started.
✔ Test codecRejectsUnknownDuplicateMetadataAndUnsupportedPlaneOrFences() passed after 0.001 seconds.
◇ Test codecRejectsUnknownDuplicateJSONKeysAndInexactCoordinateTypes() started.
✔ Test codecRejectsUnknownDuplicateJSONKeysAndInexactCoordinateTypes() passed after 0.001 seconds.
◇ Test decoderBoundsBytesPhysicalLinesAndJSONNestingBeforeAllocatingModels() started.
✔ Test decoderBoundsBytesPhysicalLinesAndJSONNestingBeforeAllocatingModels() passed after 0.070 seconds.
◇ Test cancellationReturnsNoWorldOrSerializedOutput() started.
✔ Test cancellationReturnsNoWorldOrSerializedOutput() passed after 0.001 seconds.
✔ Suite SculptureWorldTests passed after 4.066 seconds.
◇ Test commandCLIInspectsAndPublishesCanonicalEditsWithMachineReadableResult() started.
✔ Test commandCLIInspectsAndPublishesCanonicalEditsWithMachineReadableResult() passed after 0.005 seconds.
◇ Test failedCLIBatchCreatesNoOutputAndKeepsInputAndCommandBytes() started.
✔ Test failedCLIBatchCreatesNoOutputAndKeepsInputAndCommandBytes() passed after 0.002 seconds.
◇ Test cliRefusesExistingFilesDirectoriesAndDanglingOutputSymlinks() started.
✔ Test cliRefusesExistingFilesDirectoriesAndDanglingOutputSymlinks() passed after 0.008 seconds.
◇ Test cliRefusesNonRegularOversizedAndMalformedInputsBeforePublishing() started.
✔ Test cliRefusesNonRegularOversizedAndMalformedInputsBeforePublishing() passed after 0.012 seconds.
◇ Test commandCLIInspectsAndEditsSliceTwoHundredFiftyFiveBeyondTheOldFileBudget() started.
✔ Test commandCLIInspectsAndEditsSliceTwoHundredFiftyFiveBeyondTheOldFileBudget() passed after 1.456 seconds.
◇ Test commandJSONKeepsItsIndependentTwoHundredFiftySixKiBBoundary() started.
✔ Test commandJSONKeepsItsIndependentTwoHundredFiftySixKiBBoundary() passed after 0.005 seconds.
◇ Test cliWritesChosenTemporaryDirectoryAndDirectoryAliasWithoutReplacingEntries() started.
✔ Test cliWritesChosenTemporaryDirectoryAndDirectoryAliasWithoutReplacingEntries() passed after 0.006 seconds.
◇ Test commandCLIInspectsCompactDocumentsAndAutodetectsBytesWithoutExtensionHints() started.
✔ Test commandCLIInspectsCompactDocumentsAndAutodetectsBytesWithoutExtensionHints() passed after 0.002 seconds.
◇ Test commandCLIStoresCompactEditsFromExplicitOutputExtensionAndPreservesInput() started.
✔ Test commandCLIStoresCompactEditsFromExplicitOutputExtensionAndPreservesInput() passed after 0.004 seconds.
◇ Test commandCLIConvertsBothStorageFormatsWhileApplyingTheSameCommands() started.
✔ Test commandCLIConvertsBothStorageFormatsWhileApplyingTheSameCommands() passed after 0.005 seconds.
◇ Test commandCLIRejectsUnsupportedOutputExtensionsWithoutWritingOrChangingInputs() started.
✔ Test commandCLIRejectsUnsupportedOutputExtensionsWithoutWritingOrChangingInputs() passed after 0.002 seconds.
◇ Test commandCLIReportsTruncatedCompactInputWithoutPublishingEdits() started.
✔ Test commandCLIReportsTruncatedCompactInputWithoutPublishingEdits() passed after 0.001 seconds.
◇ Test compositionCLIEmbedsOneSharedModelAndPlacesRotatedSingleCharacterTilesInThreeAxes() started.
✔ Test compositionCLIEmbedsOneSharedModelAndPlacesRotatedSingleCharacterTilesInThreeAxes() passed after 0.005 seconds.
◇ Test compositionCLIExpandsToBothVoxelFormatsAndRefusesImplicitFlattening() started.
✔ Test compositionCLIExpandsToBothVoxelFormatsAndRefusesImplicitFlattening() passed after 0.010 seconds.
◇ Test compositionCLIImportsNestedGraphsWithoutPrivateIDCollisionsOrExternalDependencies() started.
✔ Test compositionCLIImportsNestedGraphsWithoutPrivateIDCollisionsOrExternalDependencies() passed after 0.008 seconds.
◇ Test compositionCLIRejectsUnknownFieldsInvalidReferencesAndUnusableFilesWithoutPublishing() started.
✔ Test compositionCLIRejectsUnknownFieldsInvalidReferencesAndUnusableFilesWithoutPublishing() passed after 0.015 seconds.
◇ Test compositionCLIRequiresExplicitFormatsAndAtomicallyRefusesExistingEntries() started.
✔ Test compositionCLIRequiresExplicitFormatsAndAtomicallyRefusesExistingEntries() passed after 0.007 seconds.
◇ Suite "Explicit-file insertion commands" started.
◇ Test portableInsertPlacesFilesInRequestOrderAndWritesAReopenableDeterministicOutput() started.
✔ Test portableInsertPlacesFilesInRequestOrderAndWritesAReopenableDeterministicOutput() passed after 0.064 seconds.
◇ Test portableInsertPlacesWorldModelsAtExactInt64FocusStrings() started.
✔ Test portableInsertPlacesWorldModelsAtExactInt64FocusStrings() passed after 0.034 seconds.
◇ Test occupiedTargetsNeedExplicitPermissionAndReportWhatTheyReplace() started.
✔ Test occupiedTargetsNeedExplicitPermissionAndReportWhatTheyReplace() passed after 0.048 seconds.
◇ Test worldAndGenericMarkdownChildrenAreRefusedByNameWithoutWritingAnything() started.
✔ Test worldAndGenericMarkdownChildrenAreRefusedByNameWithoutWritingAnything() passed after 0.018 seconds.
◇ Test staleRevisionsExistingOutputsAndBadExtensionsRefuseWithoutWriting() started.
✔ Test staleRevisionsExistingOutputsAndBadExtensionsRefuseWithoutWriting() passed after 0.020 seconds.
◇ Test requestsAreStrictBoundedAndNameTheirMistakes() started.
✔ Test requestsAreStrictBoundedAndNameTheirMistakes() passed after 0.081 seconds.
◇ Test earlyChecksRefuseByCountCellAndSizeBeforeReadingFiles() started.
✔ Test earlyChecksRefuseByCountCellAndSizeBeforeReadingFiles() passed after 0.030 seconds.
◇ Test symbolicLinkChildrenAreRefusedByName() started.
✔ Test symbolicLinkChildrenAreRefusedByName() passed after 0.011 seconds.
◇ Test referenceInsertWritesANativeReadableCompositionAndWorldAndRefusesStaleStyleFields() started.
✔ Test referenceInsertWritesANativeReadableCompositionAndWorldAndRefusesStaleStyleFields() passed after 0.017 seconds.
◇ Test nativeBudgetRefusesAnInsertionThatWouldNotReopen() started.
✔ Test nativeBudgetRefusesAnInsertionThatWouldNotReopen() passed after 0.659 seconds.
◇ Test portableInsertIntoANativeInputKeepsChildMetadataAndNeverBlamesAnOpenSceneThatHasNone() started.
✔ Test portableInsertIntoANativeInputKeepsChildMetadataAndNeverBlamesAnOpenSceneThatHasNone() passed after 0.046 seconds.
◇ Test aNativeInputTooLargeForAPortableCopyIsRefusedNamingItAndPointingToReferenceInsert() started.
✔ Test aNativeInputTooLargeForAPortableCopyIsRefusedNamingItAndPointingToReferenceInsert() passed after 10.750 seconds.
◇ Test inputAndExpectedSceneFailuresNameTheirFile() started.
✔ Test inputAndExpectedSceneFailuresNameTheirFile() passed after 0.008 seconds.
◇ Test graphLimitsHitAfterReadingNameEveryListedFile() started.
✔ Test graphLimitsHitAfterReadingNameEveryListedFile() passed after 0.008 seconds.
◇ Test theResolvedVolumeBudgetRefusesByNameBeforeAnyHugeFileIsDecoded() started.
✔ Test theResolvedVolumeBudgetRefusesByNameBeforeAnyHugeFileIsDecoded() passed after 0.005 seconds.
◇ Test referenceReceiptNamesChildrenWhosePortableDataWasNotCarried() started.
✔ Test referenceReceiptNamesChildrenWhosePortableDataWasNotCarried() passed after 0.006 seconds.
◇ Test cancellationBeforePublicationLeavesNoFile() started.
✔ Test cancellationBeforePublicationLeavesNoFile() passed after 0.004 seconds.
✔ Suite "Explicit-file insertion commands" passed after 11.819 seconds.
◇ Suite "Linked composition inputs to explicit-file commands" started.
◇ Test everyCommandThatReadsAScenePathRefusesALinkedRootNamingItAndItsProjectFolder() started.
✔ Test everyCommandThatReadsAScenePathRefusesALinkedRootNamingItAndItsProjectFolder() passed after 0.021 seconds.
◇ Test aBinaryLinkedRootIsRefusedByNameWithTheSharedExplanation() started.
✔ Test aBinaryLinkedRootIsRefusedByNameWithTheSharedExplanation() passed after 0.005 seconds.
◇ Test otherInputsKeepTheirExistingRefusals() started.
✔ Test otherInputsKeepTheirExistingRefusals() passed after 0.007 seconds.
◇ Test portableInspectionReadsSelfContainedBundlesAsCompositionsWithoutTheProjectFolder() started.
✔ Test portableInspectionReadsSelfContainedBundlesAsCompositionsWithoutTheProjectFolder() passed after 0.055 seconds.
✔ Suite "Linked composition inputs to explicit-file commands" passed after 0.090 seconds.
◇ Suite "Math ladder artifacts" started.
◇ Test manifestListsTheLadderInOrderWithCatalogFacts() started.
✔ Test manifestListsTheLadderInOrderWithCatalogFacts() passed after 0.001 seconds.
◇ Test committedFilesMatchTheManifestAndOmitTheLargestEntries() started.
✔ Test committedFilesMatchTheManifestAndOmitTheLargestEntries() passed after 0.004 seconds.
◇ Test regeneratedModelArtifactsMatchTheCommittedFiles(_:) started.
◇ Test case passing 1 argument model → .ripple to regeneratedModelArtifactsMatchTheCommittedFiles(_:) started.
◇ Test case passing 1 argument model → .torus to regeneratedModelArtifactsMatchTheCommittedFiles(_:) started.
◇ Test case passing 1 argument model → .gyroid to regeneratedModelArtifactsMatchTheCommittedFiles(_:) started.
◇ Test case passing 1 argument model → .harmonicSphere to regeneratedModelArtifactsMatchTheCommittedFiles(_:) started.
✔ Test regeneratedModelArtifactsMatchTheCommittedFiles(_:) with 4 test cases passed after 5.024 seconds.
◇ Test regeneratedTerrainMatchesItsCommittedRecordAndPreview() started.
✔ Test regeneratedTerrainMatchesItsCommittedRecordAndPreview() passed after 22.193 seconds.
◇ Test previewComparisonToleratesAntialiasingButNotChangedContent() started.
✔ Test previewComparisonToleratesAntialiasingButNotChangedContent() passed after 2.439 seconds.
◇ Test directoryListingIgnoresOnlyHiddenEntries() started.
✔ Test directoryListingIgnoresOnlyHiddenEntries() passed after 0.002 seconds.
◇ Test readmeWritesEachUncommittedEntryOutsideTheRepository() started.
✔ Test readmeWritesEachUncommittedEntryOutsideTheRepository() passed after 0.001 seconds.
◇ Test writesModelEntriesAsReadableOrCompactByExtension() started.
✔ Test writesModelEntriesAsReadableOrCompactByExtension() passed after 0.027 seconds.
◇ Test refusesExistingOutputsAndInvalidRequestsWithoutWriting() started.
✔ Test refusesExistingOutputsAndInvalidRequestsWithoutWriting() passed after 0.001 seconds.
◇ Test anOutputCreatedDuringGenerationIsPreserved() started.
✔ Test anOutputCreatedDuringGenerationIsPreserved() passed after 0.026 seconds.
◇ Test cancellationDuringGenerationWritesNothing() started.
✔ Test cancellationDuringGenerationWritesNothing() passed after 0.001 seconds.
✔ Suite "Math ladder artifacts" passed after 29.723 seconds.
◇ Suite "Portable scene development commands" started.
◇ Test exportAcceptsEveryLegacySceneAndPublishesBothPortableFormatsWithoutChangingInput() started.
✔ Test exportAcceptsEveryLegacySceneAndPublishesBothPortableFormatsWithoutChangingInput() passed after 0.054 seconds.
◇ Test inspectReportsStructuredDiagnosticsAndPortableSceneFacts() started.
✔ Test inspectReportsStructuredDiagnosticsAndPortableSceneFacts() passed after 0.012 seconds.
◇ Test applyUsesExactExpectedRevisionPreservesReferencesAndIsDeterministic() started.
✔ Test applyUsesExactExpectedRevisionPreservesReferencesAndIsDeterministic() passed after 0.061 seconds.
◇ Test staleSceneAndFailedCommandBatchNeverCreateOutput() started.
✔ Test staleSceneAndFailedCommandBatchNeverCreateOutput() passed after 0.019 seconds.
◇ Test requestsRejectUnknownDuplicateEquivalentAndOversizedFields() started.
✔ Test requestsRejectUnknownDuplicateEquivalentAndOversizedFields() passed after 0.024 seconds.
◇ Test exportsNeverOverwriteExistingFilesOrSymbolicLinksAndRejectUnknownExtensions() started.
✔ Test exportsNeverOverwriteExistingFilesOrSymbolicLinksAndRejectUnknownExtensions() passed after 0.018 seconds.
◇ Test cancellationBeforePublicationLeavesNoFile() started.
✔ Test cancellationBeforePublicationLeavesNoFile() passed after 0.001 seconds.
✔ Suite "Portable scene development commands" passed after 0.193 seconds.
◇ Test referenceCLIInspectsSharedIDsAndProvidesACompleteExpectedModelSnapshot() started.
✔ Test referenceCLIInspectsSharedIDsAndProvidesACompleteExpectedModelSnapshot() passed after 0.019 seconds.
◇ Test referenceCLIInspectsWorldTransformsWithoutLosingLargeIntegerPrecision() started.
✔ Test referenceCLIInspectsWorldTransformsWithoutLosingLargeIntegerPrecision() passed after 0.009 seconds.
◇ Test referenceCLIUpdatesSharedCompositionLeafAndKeepsNestedBindings() started.
✔ Test referenceCLIUpdatesSharedCompositionLeafAndKeepsNestedBindings() passed after 0.005 seconds.
◇ Test referenceCLIUpdatesWorldLeafWithoutChangingInstancesOrFlatteningTheLibrary() started.
✔ Test referenceCLIUpdatesWorldLeafWithoutChangingInstancesOrFlatteningTheLibrary() passed after 0.005 seconds.
◇ Test referenceCLIMakesOneWorldLeafUniqueThenEditsOnlyItsCopy() started.
✔ Test referenceCLIMakesOneWorldLeafUniqueThenEditsOnlyItsCopy() passed after 0.011 seconds.
◇ Test referenceCLIRejectsStaleModelsEvenWhenDimensionsAndOccupiedCountsMatch() started.
✔ Test referenceCLIRejectsStaleModelsEvenWhenDimensionsAndOccupiedCountsMatch() passed after 0.003 seconds.
◇ Test referenceCLIRequiresCompleteMatchingSourceBytesForUniqueWorldInstances() started.
✔ Test referenceCLIRequiresCompleteMatchingSourceBytesForUniqueWorldInstances() passed after 0.004 seconds.
◇ Test referenceCLIRejectsUnknownInstancesExistingModelIDsAndNestedUniqueness() started.
✔ Test referenceCLIRejectsUnknownInstancesExistingModelIDsAndNestedUniqueness() passed after 0.008 seconds.
◇ Test referenceCLIFailedCommandsLeaveTheSourceAndOutputUntouched() started.
✔ Test referenceCLIFailedCommandsLeaveTheSourceAndOutputUntouched() passed after 0.003 seconds.
◇ Test referenceCLIRefusesTileEditingFlatteningAndAmbiguousRequestFields() started.
✔ Test referenceCLIRefusesTileEditingFlatteningAndAmbiguousRequestFields() passed after 0.006 seconds.
◇ Test referenceCLIRefusesExistingOutputsIncludingSourceDirectoriesAndDanglingLinks() started.
✔ Test referenceCLIRefusesExistingOutputsIncludingSourceDirectoriesAndDanglingLinks() passed after 0.009 seconds.
◇ Test referenceCLIBoundsRequestFilesAndRefusesNonRegularInputs() started.
✔ Test referenceCLIBoundsRequestFilesAndRefusesNonRegularInputs() passed after 0.020 seconds.
◇ Test referenceCLICancellationDoesNotPublishAFile() started.
✔ Test referenceCLICancellationDoesNotPublishAFile() passed after 0.002 seconds.
◇ Suite "Dense volume study reduced fixtures" started.
◇ Test strictCLIRequiresAbsoluteNewOutputAndExplicitDenseOptIn() started.
✔ Test strictCLIRequiresAbsoluteNewOutputAndExplicitDenseOptIn() passed after 0.001 seconds.
◇ Test reducedDenseStudyTouchesHashesStreamsAndComparesEveryByte() started.
✔ Test reducedDenseStudyTouchesHashesStreamsAndComparesEveryByte() passed after 0.002 seconds.
◇ Test resourceGuardRefusesBeforeCreatingOutputAndHonorsKernelProcessLimit() started.
✔ Test resourceGuardRefusesBeforeCreatingOutputAndHonorsKernelProcessLimit() passed after 0.001 seconds.
◇ Test reduced64CubePatternCrossesEachBlockAxisAndHasAnIndependentDigest() started.
✔ Test reduced64CubePatternCrossesEachBlockAxisAndHasAnIndependentDigest() passed after 0.057 seconds.
◇ Test stagingReplacementBeforeEncodingOrPublicationPreservesForeignContent() started.
✔ Test stagingReplacementBeforeEncodingOrPublicationPreservesForeignContent() passed after 0.004 seconds.
◇ Test newOutputGuardPreservesExistingDirectoriesAndSymbolicLinks() started.
✔ Test newOutputGuardPreservesExistingDirectoriesAndSymbolicLinks() passed after 0.001 seconds.
◇ Test streamingVerificationRejectsCorruptionTruncationConcatenationAndLengthMismatch() started.
✔ Test streamingVerificationRejectsCorruptionTruncationConcatenationAndLengthMismatch() passed after 0.305 seconds.
◇ Test cancellationAfterAllocationCleansStagingAndPublishesNothing() started.
✔ Test cancellationAfterAllocationCleansStagingAndPublishesNothing() passed after 0.015 seconds.
✔ Suite "Dense volume study reduced fixtures" passed after 0.388 seconds.
◇ Suite "Volume world study publication" started.
◇ Test rejectsInvalidAndExistingDestinationsWithoutChangingThem() started.
✔ Test rejectsInvalidAndExistingDestinationsWithoutChangingThem() passed after 0.002 seconds.
◇ Test publishesSupportedWorldCopiesWithExactFacts() started.
✔ Test publishesSupportedWorldCopiesWithExactFacts() passed after 33.385 seconds.
◇ Test replacementDirectoryIsNeitherPublishedNorRecursivelyRemoved() started.
✔ Test replacementDirectoryIsNeitherPublishedNorRecursivelyRemoved() passed after 0.002 seconds.
◇ Test exclusiveDirectoryPublicationPreservesARacingExistingTarget() started.
✔ Test exclusiveDirectoryPublicationPreservesARacingExistingTarget() passed after 0.001 seconds.
◇ Test cleanupPreservesAReplacementFileInsideThePinnedStagingDirectory() started.
✔ Test cleanupPreservesAReplacementFileInsideThePinnedStagingDirectory() passed after 0.001 seconds.
◇ Test cancellationAfterCreatingStagingLeavesNoOutputOrTemporaryDirectory() started.
✔ Test cancellationAfterCreatingStagingLeavesNoOutputOrTemporaryDirectory() passed after 0.001 seconds.
✔ Suite "Volume world study publication" passed after 33.394 seconds.
◇ Test sparseWorldCLIInspectKeepsExactCoordinatesAndExtractsOnlyAnExplicitModel() started.
✔ Test sparseWorldCLIInspectKeepsExactCoordinatesAndExtractsOnlyAnExplicitModel() passed after 0.255 seconds.
◇ Test directProcessExecutionDoesNotInterpretArgumentText() started.
✔ Test directProcessExecutionDoesNotInterpretArgumentText() passed after 0.005 seconds.
◇ Test incorrectPinnedVersionStopsBeforeRunningTheTool() started.
✔ Test incorrectPinnedVersionStopsBeforeRunningTheTool() passed after 0.001 seconds.
◇ Test specArgumentsRemainLiteralArgumentsAndFailuresPropagate() started.
failed
✔ Test specArgumentsRemainLiteralArgumentsAndFailuresPropagate() passed after 0.001 seconds.
◇ Test failedReleaseBuildDoesNotScanAnOldExecutable() started.
build failed✔ Test failedReleaseBuildDoesNotScanAnOldExecutable() passed after 0.001 seconds.
◇ Test failedPackagingReleaseBuildDoesNotCopyAnOldExecutableOrReplaceTheBundle() started.
release build failed✔ Test failedPackagingReleaseBuildDoesNotCopyAnOldExecutableOrReplaceTheBundle() passed after 0.004 seconds.
◇ Test sourceScanRejectsNetworkProcessAndCoreBridges() started.
✔ Test sourceScanRejectsNetworkProcessAndCoreBridges() passed after 0.014 seconds.
◇ Test entitlementCheckRequiresExactlyTheSandboxAndUserSelectedKeys() started.
✔ Test entitlementCheckRequiresExactlyTheSandboxAndUserSelectedKeys() passed after 0.006 seconds.
◇ Test boundaryStepRefusesAnAddedEntitlementBeforeRunningAnyTool() started.
✔ Test boundaryStepRefusesAnAddedEntitlementBeforeRunningAnyTool() passed after 0.003 seconds.
◇ Test productSourcesRefuseStoredDefaultsKeysOtherThanAppearance() started.
✔ Test productSourcesRefuseStoredDefaultsKeysOtherThanAppearance() passed after 0.036 seconds.
◇ Test productSourcesRefuseFileWatchersAndSecurityScopedBookmarks() started.
✔ Test productSourcesRefuseFileWatchersAndSecurityScopedBookmarks() passed after 0.019 seconds.
◇ Test currentRepositorySourcesAndEntitlementsPassTheBoundaryScan() started.
✔ Test currentRepositorySourcesAndEntitlementsPassTheBoundaryScan() passed after 0.922 seconds.
◇ Test productDependencyGraphRejectsTransitiveToolingAndUnknownEdges() started.
✔ Test productDependencyGraphRejectsTransitiveToolingAndUnknownEdges() passed after 0.001 seconds.
◇ Test releaseMarkerScanIncludesEmbeddedUnprintableBytes() started.
✔ Test releaseMarkerScanIncludesEmbeddedUnprintableBytes() passed after 0.001 seconds.
◇ Test repositoryInventoryRejectsPythonAndShellProgramsOutsideDependencies() started.
✔ Test repositoryInventoryRejectsPythonAndShellProgramsOutsideDependencies() passed after 0.001 seconds.
◇ Test failedRepositoryInventoryCannotPassSourceBoundaries() started.
git failed✔ Test failedRepositoryInventoryCannotPassSourceBoundaries() passed after 0.003 seconds.
◇ Test signingFailurePreservesTheExistingBundleAndRemovesStaging() started.
signing failed✔ Test signingFailurePreservesTheExistingBundleAndRemovesStaging() passed after 0.007 seconds.
◇ Test successfulPackagingBuildsAndCopiesReleaseBeforeReplacingTheOwnedBundle() started.
release builtsignedverifiedentitlementspackaged /var/folders/5k/616qy7sj28l0d53k4c6w_4x00000gn/T/rook-tooling-test-D34F7460-4CAF-4316-AB6A-49FFAA99664C/dist/Rook.app; local ad-hoc signature, not notarized
✔ Test successfulPackagingBuildsAndCopiesReleaseBeforeReplacingTheOwnedBundle() passed after 0.031 seconds.
◇ Test packagingDoesNotFallBackToDebugWhenReleaseIsMissing() started.
✔ Test packagingDoesNotFallBackToDebugWhenReleaseIsMissing() passed after 0.004 seconds.
◇ Test packagingRefusesUnrelatedBundlesAndSymbolicLinkDestinations() started.
✔ Test packagingRefusesUnrelatedBundlesAndSymbolicLinkDestinations() passed after 0.005 seconds.
◇ Test runnerAcceptsCompleteSwiftChild() started.
✔ Test runnerAcceptsCompleteSwiftChild() passed after 0.451 seconds.
◇ Test runnerRejectsPrematureSwiftChildExitZero() started.
✔ Test runnerRejectsPrematureSwiftChildExitZero() passed after 0.216 seconds.
◇ Test runnerRejectsSwiftChildRecordedIssueAtExitZero() started.
✔ Test runnerRejectsSwiftChildRecordedIssueAtExitZero() passed after 0.226 seconds.
◇ Test runnerPreservesActualSwiftChildExitSeven() started.
✔ Test runnerPreservesActualSwiftChildExitSeven() passed after 0.213 seconds.
◇ Test runnerDoesNotOverwriteRetainedEvidence() started.
✔ Test runnerDoesNotOverwriteRetainedEvidence() passed after 0.001 seconds.
◇ Test completeSwiftTestingRunIsAcceptedWithTypedSummary() started.
✔ Test completeSwiftTestingRunIsAcceptedWithTypedSummary() passed after 0.009 seconds.
◇ Test recordedIssuesAndMissingSummaryAreBothRejected() started.
✔ Test recordedIssuesAndMissingSummaryAreBothRejected() passed after 0.007 seconds.
◇ Test incompleteRunWithoutFailureCannotPass() started.
✔ Test incompleteRunWithoutFailureCannotPass() passed after 0.008 seconds.
◇ Test xctestZeroAloneCannotPass() started.
✔ Test xctestZeroAloneCannotPass() passed after 0.005 seconds.
◇ Test ansiUnicodeAndCIFormattingAreAccepted() started.
✔ Test ansiUnicodeAndCIFormattingAreAccepted() passed after 0.004 seconds.
◇ Test failureWordsInsidePassingTestNamesAreNotIssues() started.
✔ Test failureWordsInsidePassingTestNamesAreNotIssues() passed after 0.008 seconds.
◇ Test upstreamFailureCannotBeHiddenBySuccessfulSummary() started.
✔ Test upstreamFailureCannotBeHiddenBySuccessfulSummary() passed after 0.007 seconds.
◇ Test earlierIssueCannotBeHiddenBySuccessfulSummary() started.
✔ Test earlierIssueCannotBeHiddenBySuccessfulSummary() passed after 0.007 seconds.
◇ Test earlierSummaryCannotHideALaterUnfinishedRun() started.
✔ Test earlierSummaryCannotHideALaterUnfinishedRun() passed after 0.012 seconds.
◇ Test zeroSwiftTestingCountIsRejected() started.
✔ Test zeroSwiftTestingCountIsRejected() passed after 0.003 seconds.
◇ Test explicitExpectedCountIsEnforcedWithoutAProductCountPin() started.
✔ Test explicitExpectedCountIsEnforcedWithoutAProductCountPin() passed after 0.011 seconds.
◇ Test xctestFailureIsRejectedEvenWithSwiftTestingSuccess() started.
✔ Test xctestFailureIsRejectedEvenWithSwiftTestingSuccess() passed after 0.005 seconds.
✔ Test run with 637 tests in 54 suites passed after 515.994 seconds.
