# Rook occupied-cell surface mesh
# Clockwork dragon
# One cell is one unit. Y points up; Z follows the 3md slice index.
o sculpture
v 19 -8 -30
v 19 -8 -29
v 19 -7 -29
v 19 -7 -30
v 20 -8 -30
v 20 -7 -30
v 20 -7 -29
v 20 -8 -29
v 18 -7 -29
v 18 -7 -28
v 18 -6 -28
v 18 -6 -29
v 19 -6 -28
v 19 -6 -29
v 20 -6 -28
v 20 -6 -29
v 21 -7 -29
v 21 -6 -29
v 21 -6 -28
v 21 -7 -28
v 17 -8 -29
v 17 -8 -28
v 17 -7 -28
v 17 -7 -29
v 18 -8 -29
v 21 -8 -29
v 21 -8 -28
v 16 -9 -29
v 16 -9 -28
v 16 -8 -28
v 16 -8 -29
v 17 -9 -29
v 18 -9 -29
v 19 -9 -29
v 20 -9 -29
v 20 -9 -28
v 19 -9 -28
v 21 -9 -29
v 21 -9 -28
v 16 -10 -29
v 16 -10 -28
v 17 -10 -29
v 17 -10 -28
v 18 -10 -29
v 18 -10 -28
v 19 -10 -29
v 19 -10 -28
v 19 -6 -27
v 19 -5 -27
v 19 -5 -28
v 20 -5 -27
v 20 -5 -28
v 21 -5 -28
v 21 -5 -27
v 21 -6 -27
v 17 -7 -27
v 17 -6 -27
v 17 -6 -28
v 18 -6 -27
v 22 -7 -28
v 22 -6 -28
v 22 -6 -27
v 22 -7 -27
v 16 -8 -27
v 16 -7 -27
v 16 -7 -28
v 22 -8 -28
v 22 -8 -27
v 21 -8 -27
v 15 -9 -28
v 15 -9 -27
v 15 -8 -27
v 15 -8 -28
v 21 -9 -27
v 20 -9 -27
v 14 -10 -28
v 14 -10 -27
v 14 -9 -27
v 14 -9 -28
v 15 -10 -28
v 20 -10 -28
v 20 -10 -27
v 19 -10 -27
v 13 -11 -28
v 13 -11 -27
v 13 -10 -27
v 13 -10 -28
v 14 -11 -28
v 15 -11 -28
v 16 -11 -28
v 17 -11 -28
v 18 -11 -28
v 18 -11 -27
v 17 -11 -27
v 19 -11 -28
v 19 -11 -27
v 13 -12 -28
v 13 -12 -27
v 14 -12 -28
v 14 -12 -27
v 15 -12 -28
v 15 -12 -27
v 16 -12 -28
v 16 -12 -27
v 17 -12 -28
v 17 -12 -27
v 19 -5 -26
v 19 -4 -26
v 19 -4 -27
v 20 -4 -26
v 20 -4 -27
v 21 -4 -26
v 21 -4 -27
v 22 -5 -27
v 22 -4 -27
v 22 -4 -26
v 22 -5 -26
v 19 -6 -26
v 22 -6 -26
v 17 -7 -26
v 17 -6 -26
v 18 -6 -26
v 18 -7 -26
v 19 -7 -26
v 22 -7 -26
v 15 -8 -26
v 15 -7 -26
v 15 -7 -27
v 16 -7 -26
v 16 -8 -26
v 22 -8 -26
v 21 -8 -26
v 21 -7 -26
v 14 -9 -26
v 14 -8 -26
v 14 -8 -27
v 21 -9 -26
v 20 -9 -26
v 20 -8 -26
v 13 -10 -26
v 13 -9 -26
v 13 -9 -27
v 20 -10 -26
v 19 -10 -26
v 19 -9 -26
v 12 -11 -27
v 12 -11 -26
v 12 -10 -26
v 12 -10 -27
v 19 -11 -26
v 18 -11 -26
v 11 -12 -27
v 11 -12 -26
v 11 -11 -26
v 11 -11 -27
v 12 -12 -27
v 17 -12 -26
v 16 -12 -26
v 18 -12 -27
v 18 -12 -26
v 10 -13 -27
v 10 -13 -26
v 10 -12 -26
v 10 -12 -27
v 11 -13 -27
v 12 -13 -27
v 13 -13 -27
v 14 -13 -27
v 15 -13 -27
v 15 -13 -26
v 14 -13 -26
v 16 -13 -27
v 16 -13 -26
v 10 -14 -27
v 10 -14 -26
v 11 -14 -27
v 11 -14 -26
v 12 -14 -27
v 12 -14 -26
v 13 -14 -27
v 13 -14 -26
v 14 -14 -27
v 14 -14 -26
v 20 -4 -25
v 20 -3 -25
v 20 -3 -26
v 21 -3 -25
v 21 -3 -26
v 22 -3 -26
v 22 -3 -25
v 22 -4 -25
v 19 -5 -25
v 19 -4 -25
v 20 -5 -25
v 23 -5 -26
v 23 -4 -26
v 23 -4 -25
v 23 -5 -25
v 22 -5 -25
v 19 -6 -25
v 20 -6 -25
v 22 -6 -25
v 19 -7 -25
v 20 -7 -25
v 22 -7 -25
v 21 -7 -25
v 21 -6 -25
v 16 -8 -25
v 16 -7 -25
v 17 -7 -25
v 17 -8 -25
v 18 -7 -25
v 18 -8 -25
v 19 -8 -25
v 20 -8 -25
v 21 -8 -25
v 13 -9 -25
v 13 -8 -25
v 13 -8 -26
v 14 -8 -25
v 14 -9 -25
v 15 -8 -25
v 18 -9 -25
v 19 -9 -25
v 20 -9 -25
v 12 -10 -25
v 12 -9 -25
v 12 -9 -26
v 19 -10 -25
v 18 -10 -25
v 11 -11 -25
v 11 -10 -25
v 11 -10 -26
v 19 -11 -25
v 18 -11 -25
v 9 -12 -26
v 9 -12 -25
v 9 -11 -25
v 9 -11 -26
v 10 -11 -25
v 10 -11 -26
v 17 -12 -25
v 16 -12 -25
v 18 -12 -25
v 17 -11 -25
v 8 -13 -26
v 8 -13 -25
v 8 -12 -25
v 8 -12 -26
v 9 -13 -26
v 16 -13 -25
v 15 -13 -25
v 8 -14 -26
v 8 -14 -25
v 9 -14 -26
v 15 -14 -26
v 15 -14 -25
v 14 -14 -25
v 8 -15 -26
v 8 -15 -25
v 9 -15 -26
v 9 -15 -25
v 10 -15 -26
v 11 -15 -26
v 12 -15 -26
v 13 -15 -26
v 13 -15 -25
v 12 -15 -25
v 14 -15 -26
v 14 -15 -25
v 9 -16 -26
v 9 -16 -25
v 10 -16 -26
v 10 -16 -25
v 11 -16 -26
v 11 -16 -25
v 12 -16 -26
v 12 -16 -25
v 21 -3 -24
v 21 -2 -24
v 21 -2 -25
v 22 -2 -24
v 22 -2 -25
v 23 -3 -25
v 23 -2 -25
v 23 -2 -24
v 23 -3 -24
v 20 -4 -24
v 20 -3 -24
v 23 -4 -24
v 20 -5 -24
v 23 -5 -24
v 22 -5 -24
v 20 -6 -24
v 21 -6 -24
v 21 -5 -24
v 22 -6 -24
v 20 -7 -24
v 21 -7 -24
v 14 -9 -24
v 14 -8 -24
v 15 -8 -24
v 15 -9 -24
v 16 -8 -24
v 16 -9 -24
v 17 -8 -24
v 17 -9 -24
v 18 -8 -24
v 18 -9 -24
v 12 -10 -24
v 12 -9 -24
v 13 -9 -24
v 16 -10 -24
v 17 -10 -24
v 18 -10 -24
v 10 -11 -24
v 10 -10 -24
v 10 -10 -25
v 11 -10 -24
v 18 -11 -24
v 17 -11 -24
v 7 -12 -25
v 7 -12 -24
v 7 -11 -24
v 7 -11 -25
v 8 -11 -24
v 8 -11 -25
v 9 -11 -24
v 17 -12 -24
v 16 -12 -24
v 16 -11 -24
v 7 -13 -25
v 7 -13 -24
v 16 -13 -24
v 15 -13 -24
v 7 -14 -25
v 7 -14 -24
v 15 -14 -24
v 14 -14 -24
v 7 -15 -25
v 7 -15 -24
v 8 -15 -24
v 14 -15 -24
v 13 -15 -24
v 8 -16 -25
v 8 -16 -24
v 9 -16 -24
v 10 -16 -24
v 11 -16 -24
v 12 -16 -24
v 13 -16 -25
v 13 -16 -24
v 22 -2 -23
v 22 -1 -23
v 22 -1 -24
v 23 -1 -24
v 23 -1 -23
v 23 -2 -23
v 21 -3 -23
v 21 -2 -23
v 24 -3 -24
v 24 -2 -24
v 24 -2 -23
v 24 -3 -23
v 23 -3 -23
v 20 -4 -23
v 20 -3 -23
v 21 -4 -23
v 22 -4 -23
v 22 -3 -23
v 23 -4 -23
v 20 -5 -23
v 21 -5 -23
v 22 -5 -23
v 23 -5 -23
v 12 -10 -23
v 12 -9 -23
v 13 -9 -23
v 13 -10 -23
v 14 -9 -23
v 14 -10 -23
v 15 -9 -23
v 15 -10 -23
v 16 -9 -23
v 16 -10 -23
v 7 -11 -23
v 7 -10 -23
v 7 -10 -24
v 8 -10 -23
v 8 -10 -24
v 9 -10 -23
v 9 -10 -24
v 10 -10 -23
v 11 -10 -23
v 14 -11 -23
v 15 -11 -23
v 16 -11 -23
v 17 -10 -23
v 17 -11 -23
v 5 -12 -24
v 5 -12 -23
v 5 -11 -23
v 5 -11 -24
v 6 -11 -23
v 6 -11 -24
v 6 -12 -24
v 16 -12 -23
v 15 -12 -23
v 5 -13 -24
v 5 -13 -23
v 6 -13 -24
v 16 -13 -23
v 15 -13 -23
v 5 -14 -24
v 5 -14 -23
v 6 -14 -24
v 6 -14 -23
v 15 -14 -23
v 14 -14 -23
v 14 -13 -23
v 6 -15 -24
v 6 -15 -23
v 7 -15 -23
v 14 -15 -23
v 13 -15 -23
v 13 -14 -23
v 7 -16 -24
v 7 -16 -23
v 8 -16 -23
v 9 -16 -23
v 10 -16 -23
v 12 -16 -23
v 11 -16 -23
v 13 -16 -23
v 10 -17 -24
v 10 -17 -23
v 11 -17 -24
v 11 -17 -23
v 22 -1 -22
v 22 0 -22
v 22 0 -23
v 23 0 -22
v 23 0 -23
v 24 -1 -23
v 24 0 -23
v 24 0 -22
v 24 -1 -22
v 22 -2 -22
v 24 -2 -22
v 21 -3 -22
v 21 -2 -22
v 22 -3 -22
v 23 -3 -22
v 23 -2 -22
v 24 -3 -22
v 22 -4 -22
v 23 -4 -22
v 4 -11 -23
v 4 -11 -22
v 4 -10 -22
v 4 -10 -23
v 5 -10 -22
v 5 -10 -23
v 6 -10 -22
v 6 -10 -23
v 7 -10 -22
v 8 -10 -22
v 9 -10 -22
v 10 -10 -22
v 11 -10 -22
v 12 -10 -22
v 11 -11 -22
v 12 -11 -22
v 13 -10 -22
v 13 -11 -22
v 14 -10 -22
v 14 -11 -22
v 4 -12 -23
v 4 -12 -22
v 12 -12 -22
v 13 -12 -22
v 14 -12 -22
v 15 -11 -22
v 15 -12 -22
v 4 -13 -23
v 4 -13 -22
v 13 -13 -22
v 14 -13 -22
v 15 -13 -22
v 4 -14 -23
v 4 -14 -22
v 5 -14 -22
v 14 -14 -22
v 13 -14 -22
v 5 -15 -23
v 5 -15 -22
v 6 -15 -22
v 7 -15 -22
v 13 -15 -22
v 7 -16 -22
v 8 -16 -22
v 9 -16 -22
v 10 -16 -22
v 11 -16 -22
v 12 -16 -22
v 13 -16 -22
v 12 -15 -22
v 23 0 -21
v 23 1 -21
v 23 1 -22
v 24 1 -22
v 24 1 -21
v 24 0 -21
v 22 -1 -21
v 22 0 -21
v 23 -1 -21
v 25 -1 -22
v 25 0 -22
v 25 0 -21
v 25 -1 -21
v 24 -1 -21
v 22 -2 -21
v 23 -2 -21
v 24 -2 -21
v 4 -10 -21
v 4 -9 -21
v 4 -9 -22
v 5 -9 -21
v 5 -9 -22
v 6 -9 -21
v 6 -9 -22
v 7 -9 -21
v 7 -9 -22
v 8 -9 -21
v 8 -9 -22
v 9 -9 -22
v 9 -9 -21
v 9 -10 -21
v 3 -11 -22
v 3 -11 -21
v 3 -10 -21
v 3 -10 -22
v 10 -10 -21
v 11 -10 -21
v 11 -11 -21
v 10 -11 -21
v 2 -12 -22
v 2 -12 -21
v 2 -11 -21
v 2 -11 -22
v 3 -12 -22
v 12 -11 -21
v 12 -12 -21
v 11 -12 -21
v 2 -13 -22
v 2 -13 -21
v 3 -13 -22
v 3 -13 -21
v 13 -12 -21
v 13 -13 -21
v 12 -13 -21
v 3 -14 -22
v 3 -14 -21
v 4 -14 -21
v 13 -14 -21
v 12 -14 -21
v 4 -15 -22
v 4 -15 -21
v 5 -15 -21
v 6 -15 -21
v 11 -15 -21
v 12 -15 -21
v 11 -14 -21
v 13 -15 -21
v 6 -16 -22
v 6 -16 -21
v 7 -16 -21
v 8 -16 -21
v 9 -16 -21
v 10 -16 -21
v 11 -16 -21
v 10 -15 -21
v 12 -16 -21
v 25 3 -21
v 25 3 -20
v 25 4 -20
v 25 4 -21
v 26 3 -21
v 26 4 -21
v 26 4 -20
v 26 3 -20
v 24 2 -21
v 24 2 -20
v 24 3 -20
v 24 3 -21
v 25 2 -21
v 26 2 -21
v 26 2 -20
v 25 2 -20
v 23 1 -20
v 23 2 -20
v 23 2 -21
v 25 1 -21
v 25 1 -20
v 24 1 -20
v 22 0 -20
v 22 1 -20
v 22 1 -21
v 23 0 -20
v 24 0 -20
v 25 0 -20
v 23 -1 -20
v 24 -1 -20
v 2 -10 -21
v 2 -10 -20
v 2 -9 -20
v 2 -9 -21
v 3 -9 -20
v 3 -9 -21
v 4 -9 -20
v 5 -9 -20
v 6 -9 -20
v 7 -9 -20
v 8 -9 -20
v 9 -9 -20
v 9 -10 -20
v 8 -10 -20
v 1 -11 -21
v 1 -11 -20
v 1 -10 -20
v 1 -10 -21
v 10 -10 -20
v 10 -11 -20
v 9 -11 -20
v 1 -12 -21
v 1 -12 -20
v 11 -11 -20
v 11 -12 -20
v 10 -12 -20
v 1 -13 -21
v 1 -13 -20
v 2 -13 -20
v 12 -12 -20
v 12 -13 -20
v 11 -13 -20
v 2 -14 -21
v 2 -14 -20
v 3 -14 -20
v 12 -14 -20
v 11 -14 -20
v 3 -15 -21
v 3 -15 -20
v 4 -15 -20
v 5 -15 -20
v 11 -15 -20
v 10 -15 -20
v 10 -14 -20
v 5 -16 -21
v 5 -16 -20
v 6 -16 -20
v 7 -16 -20
v 8 -16 -20
v 9 -16 -20
v 9 -15 -20
v 8 -15 -20
v 10 -16 -20
v 27 5 -20
v 27 5 -19
v 27 6 -19
v 27 6 -20
v 28 5 -20
v 28 6 -20
v 28 6 -19
v 28 5 -19
v 24 4 -20
v 24 4 -19
v 24 5 -19
v 24 5 -20
v 25 5 -19
v 25 5 -20
v 26 5 -19
v 26 5 -20
v 27 4 -20
v 27 4 -19
v 26 4 -19
v 23 3 -20
v 23 3 -19
v 23 4 -19
v 23 4 -20
v 24 3 -19
v 25 3 -19
v 25 4 -19
v 26 3 -19
v 27 3 -20
v 27 3 -19
v 21 2 -20
v 21 2 -19
v 21 3 -19
v 21 3 -20
v 22 3 -19
v 22 3 -20
v 22 2 -20
v 23 2 -19
v 24 2 -19
v 25 2 -19
v 26 2 -19
v 21 1 -20
v 21 1 -19
v 22 1 -19
v 23 1 -19
v 22 2 -19
v 24 1 -19
v 22 0 -19
v 23 0 -19
v 1 -9 -20
v 1 -9 -19
v 1 -8 -19
v 1 -8 -20
v 2 -8 -19
v 2 -8 -20
v 3 -8 -19
v 3 -8 -20
v 4 -8 -19
v 4 -8 -20
v 5 -8 -19
v 5 -8 -20
v 6 -8 -20
v 6 -8 -19
v 6 -9 -19
v 0 -10 -20
v 0 -10 -19
v 0 -9 -19
v 0 -9 -20
v 7 -9 -19
v 8 -9 -19
v 8 -10 -19
v -1 -11 -20
v -1 -11 -19
v -1 -10 -19
v -1 -10 -20
v 0 -11 -20
v 9 -10 -19
v 9 -11 -19
v -1 -12 -20
v -1 -12 -19
v 0 -12 -20
v 0 -12 -19
v 10 -11 -19
v 10 -12 -19
v 9 -12 -19
v 0 -13 -20
v 0 -13 -19
v 1 -13 -19
v 11 -12 -19
v 11 -13 -19
v 10 -13 -19
v 1 -14 -20
v 1 -14 -19
v 2 -14 -19
v 9 -14 -19
v 10 -14 -19
v 9 -13 -19
v 11 -14 -19
v 2 -15 -20
v 2 -15 -19
v 3 -15 -19
v 4 -15 -19
v 5 -15 -19
v 9 -15 -19
v 8 -15 -19
v 8 -14 -19
v 10 -15 -19
v 5 -16 -19
v 6 -16 -19
v 6 -15 -19
v 7 -16 -19
v 7 -15 -19
v 8 -16 -19
v 23 4 -18
v 23 5 -18
v 23 5 -19
v 24 5 -18
v 24 4 -18
v 25 4 -18
v 25 5 -18
v 26 5 -18
v 26 4 -18
v 20 3 -19
v 20 3 -18
v 20 4 -18
v 20 4 -19
v 21 4 -18
v 21 4 -19
v 22 4 -18
v 22 4 -19
v 22 3 -18
v 23 3 -18
v 24 3 -18
v 20 2 -19
v 20 2 -18
v 21 2 -18
v 21 3 -18
v 22 2 -18
v 23 2 -18
v 21 1 -18
v 22 1 -18
v -1 -9 -19
v -1 -9 -18
v -1 -8 -18
v -1 -8 -19
v 0 -8 -18
v 0 -8 -19
v 1 -8 -18
v 2 -8 -18
v 3 -8 -18
v 4 -8 -18
v 5 -8 -18
v 6 -8 -18
v 6 -9 -18
v -2 -10 -19
v -2 -10 -18
v -2 -9 -18
v -2 -9 -19
v 7 -9 -18
v 8 -9 -18
v 8 -10 -18
v 7 -10 -18
v -2 -11 -19
v -2 -11 -18
v 9 -10 -18
v 9 -11 -18
v 8 -11 -18
v -2 -12 -19
v -2 -12 -18
v -1 -12 -18
v 9 -12 -18
v 8 -12 -18
v -1 -13 -19
v -1 -13 -18
v 0 -13 -18
v 8 -13 -18
v 9 -13 -18
v 10 -12 -18
v 10 -13 -18
v 0 -14 -19
v 0 -14 -18
v 1 -14 -18
v 9 -14 -18
v 8 -14 -18
v 1 -15 -19
v 1 -15 -18
v 2 -15 -18
v 3 -15 -18
v 4 -15 -18
v 5 -15 -18
v 6 -15 -18
v 7 -15 -18
v 8 -15 -18
v 7 -14 -18
v 19 3 -18
v 19 3 -17
v 19 4 -17
v 19 4 -18
v 20 3 -17
v 20 4 -17
v 21 3 -17
v 21 4 -17
v 22 4 -17
v 22 3 -17
v -1 -8 -17
v -1 -7 -17
v -1 -7 -18
v 0 -7 -17
v 0 -7 -18
v 1 -7 -17
v 1 -7 -18
v 2 -7 -17
v 2 -7 -18
v 3 -7 -17
v 3 -7 -18
v 4 -7 -18
v 4 -7 -17
v 4 -8 -17
v -2 -9 -17
v -2 -8 -17
v -2 -8 -18
v 5 -8 -17
v 6 -8 -17
v 6 -9 -17
v 5 -9 -17
v -3 -10 -18
v -3 -10 -17
v -3 -9 -17
v -3 -9 -18
v 7 -9 -17
v 7 -10 -17
v 6 -10 -17
v -3 -11 -18
v -3 -11 -17
v 8 -10 -17
v 8 -11 -17
v 7 -11 -17
v -3 -12 -18
v -3 -12 -17
v -2 -12 -17
v 8 -12 -17
v 7 -12 -17
v -2 -13 -18
v -2 -13 -17
v -1 -13 -17
v 8 -13 -17
v 7 -13 -17
v -1 -14 -18
v -1 -14 -17
v 0 -14 -17
v 1 -14 -17
v 8 -14 -17
v 7 -14 -17
v 1 -15 -17
v 2 -15 -17
v 3 -15 -17
v 4 -15 -17
v 5 -15 -17
v 6 -15 -17
v 6 -14 -17
v 5 -14 -17
v 7 -15 -17
v -2 -8 -16
v -2 -7 -16
v -2 -7 -17
v -1 -7 -16
v 0 -7 -16
v 1 -7 -16
v 2 -7 -16
v 3 -7 -16
v 4 -7 -16
v 4 -8 -16
v 3 -8 -16
v -3 -9 -16
v -3 -8 -16
v -3 -8 -17
v 5 -8 -16
v 5 -9 -16
v -3 -10 -16
v 6 -9 -16
v 6 -10 -16
v -3 -11 -16
v 7 -10 -16
v 7 -11 -16
v 6 -11 -16
v -3 -12 -16
v 7 -12 -16
v 6 -12 -16
v -3 -13 -17
v -3 -13 -16
v -2 -13 -16
v 7 -13 -16
v 6 -13 -16
v -2 -14 -17
v -2 -14 -16
v -1 -14 -16
v 0 -14 -16
v 6 -14 -16
v 5 -14 -16
v 5 -13 -16
v 7 -14 -16
v 0 -15 -17
v 0 -15 -16
v 1 -15 -16
v 2 -15 -16
v 3 -15 -16
v 4 -15 -16
v 4 -14 -16
v 3 -14 -16
v 5 -15 -16
v -29 21 -16
v -29 21 -15
v -29 22 -15
v -29 22 -16
v -28 22 -15
v -28 22 -16
v -28 21 -16
v -27 21 -16
v -27 22 -16
v -27 22 -15
v -27 21 -15
v 28 21 -16
v 28 21 -15
v 28 22 -15
v 28 22 -16
v 29 22 -15
v 29 22 -16
v 29 21 -16
v 30 21 -16
v 30 22 -16
v 30 22 -15
v 30 21 -15
v -29 20 -16
v -29 20 -15
v -28 20 -16
v -28 20 -15
v -27 20 -16
v -27 20 -15
v 28 20 -16
v 28 20 -15
v 29 20 -16
v 29 20 -15
v 30 20 -16
v 30 20 -15
v 0 -7 -15
v 0 -6 -15
v 0 -6 -16
v 1 -6 -16
v 1 -6 -15
v 1 -7 -15
v -2 -8 -15
v -2 -7 -15
v -1 -7 -15
v 2 -7 -15
v 3 -7 -15
v 3 -8 -15
v -3 -9 -15
v -3 -8 -15
v 4 -8 -15
v 5 -8 -15
v 5 -9 -15
v 4 -9 -15
v -3 -10 -15
v 6 -9 -15
v 6 -10 -15
v 5 -10 -15
v -4 -11 -16
v -4 -11 -15
v -4 -10 -15
v -4 -10 -16
v -3 -11 -15
v 6 -11 -15
v 5 -11 -15
v -3 -12 -15
v 6 -12 -15
v 5 -12 -15
v -3 -13 -15
v -2 -13 -15
v 6 -13 -15
v 5 -13 -15
v -2 -14 -15
v -1 -14 -15
v 0 -14 -15
v 4 -14 -15
v 3 -14 -15
v 5 -14 -15
v 4 -13 -15
v 0 -15 -15
v 1 -15 -15
v 1 -14 -15
v 2 -15 -15
v 2 -14 -15
v 3 -15 -15
v -29 21 -14
v -29 22 -14
v -28 22 -14
v -28 21 -14
v -27 22 -14
v -27 21 -14
v 28 21 -14
v 28 22 -14
v 29 22 -14
v 29 21 -14
v 30 22 -14
v 30 21 -14
v -29 20 -14
v -28 20 -14
v -27 20 -14
v 28 20 -14
v 30 20 -14
v 29 20 -14
v -28 19 -15
v -28 19 -14
v -27 19 -15
v -27 19 -14
v 28 19 -15
v 28 19 -14
v 29 19 -15
v 29 19 -14
v -1 0 -15
v -1 0 -14
v -1 1 -14
v -1 1 -15
v 0 0 -15
v 0 1 -15
v 0 1 -14
v 0 0 -14
v -1 -1 -15
v -1 -1 -14
v 0 -1 -15
v 0 -1 -14
v -2 -2 -15
v -2 -2 -14
v -2 -1 -14
v -2 -1 -15
v -1 -2 -15
v -1 -2 -14
v 0 -2 -15
v 0 -2 -14
v -2 -7 -14
v -2 -6 -14
v -2 -6 -15
v -1 -6 -14
v -1 -6 -15
v 0 -6 -14
v 1 -6 -14
v 2 -6 -14
v 2 -6 -15
v 3 -6 -15
v 3 -6 -14
v 3 -7 -14
v -3 -8 -14
v -3 -7 -14
v -3 -7 -15
v 4 -7 -15
v 4 -7 -14
v 4 -8 -14
v -3 -9 -14
v 4 -9 -14
v -3 -10 -14
v 5 -9 -14
v 5 -10 -14
v -3 -11 -14
v 5 -11 -14
v -3 -12 -14
v 5 -12 -14
v 4 -12 -14
v 4 -11 -14
v -3 -13 -14
v -2 -13 -14
v -2 -12 -14
v 5 -13 -14
v 4 -13 -14
v -2 -14 -14
v -1 -14 -14
v -1 -13 -14
v 0 -14 -14
v 1 -14 -14
v 2 -14 -14
v 3 -14 -14
v 3 -13 -14
v 2 -13 -14
v 4 -14 -14
v -29 20 -13
v -29 21 -13
v -28 21 -13
v -27 21 -13
v -27 20 -13
v -28 20 -13
v 28 20 -13
v 28 21 -13
v 29 21 -13
v 29 20 -13
v 30 21 -13
v 30 20 -13
v -29 19 -14
v -29 19 -13
v -28 19 -13
v -27 19 -13
v -26 19 -14
v -26 20 -14
v -26 20 -13
v -26 19 -13
v 27 19 -14
v 27 19 -13
v 27 20 -13
v 27 20 -14
v 29 19 -13
v 28 19 -13
v 30 19 -14
v 30 19 -13
v -27 18 -14
v -27 18 -13
v -26 18 -14
v -26 18 -13
v 27 18 -14
v 27 18 -13
v 28 18 -14
v 28 18 -13
v 0 5 -14
v 0 5 -13
v 0 6 -13
v 0 6 -14
v 1 5 -14
v 1 6 -14
v 1 6 -13
v 1 5 -13
v 0 4 -14
v 0 4 -13
v 1 4 -14
v 1 4 -13
v 0 3 -14
v 0 3 -13
v 1 3 -14
v 1 3 -13
v -1 2 -14
v -1 2 -13
v -1 3 -13
v -1 3 -14
v 0 2 -14
v 0 2 -13
v 1 2 -14
v 1 2 -13
v 2 2 -14
v 2 3 -14
v 2 3 -13
v 2 2 -13
v -1 1 -13
v 0 1 -13
v 1 1 -14
v 1 1 -13
v 2 1 -14
v 2 1 -13
v -1 0 -13
v 0 0 -13
v 1 0 -14
v 1 0 -13
v 2 0 -14
v 2 0 -13
v -1 -1 -13
v 0 -1 -13
v 1 -1 -14
v 1 -1 -13
v 2 -1 -14
v 2 -1 -13
v -1 -2 -13
v 0 -2 -13
v 1 -2 -14
v 1 -2 -13
v 2 -2 -14
v 2 -2 -13
v -3 -6 -14
v -3 -6 -13
v -3 -5 -13
v -3 -5 -14
v -2 -5 -13
v -2 -5 -14
v -1 -5 -13
v -1 -5 -14
v 0 -5 -13
v 0 -5 -14
v 1 -5 -13
v 1 -5 -14
v 2 -5 -13
v 2 -5 -14
v 3 -5 -13
v 3 -5 -14
v 4 -6 -14
v 4 -5 -14
v 4 -5 -13
v 4 -6 -13
v -4 -7 -14
v -4 -7 -13
v -4 -6 -13
v -4 -6 -14
v 5 -7 -14
v 5 -6 -14
v 5 -6 -13
v 5 -7 -13
v -5 -8 -14
v -5 -8 -13
v -5 -7 -13
v -5 -7 -14
v -4 -8 -14
v 5 -8 -14
v 6 -8 -14
v 6 -7 -14
v 6 -7 -13
v 6 -8 -13
v -5 -9 -14
v -5 -9 -13
v -4 -9 -14
v 6 -9 -14
v 6 -9 -13
v -5 -10 -14
v -5 -10 -13
v -4 -10 -14
v -4 -10 -13
v 6 -10 -14
v 6 -10 -13
v 5 -10 -13
v -4 -11 -14
v -4 -11 -13
v -3 -11 -13
v 5 -11 -13
v 4 -11 -13
v -3 -12 -13
v -2 -12 -13
v 4 -12 -13
v -2 -13 -13
v -1 -13 -13
v 3 -13 -13
v 2 -13 -13
v 4 -13 -13
v -1 -14 -13
v 0 -14 -13
v 0 -13 -13
v 1 -14 -13
v 1 -13 -13
v 2 -14 -13
v -29 20 -12
v -29 21 -12
v -28 21 -12
v -28 20 -12
v 29 20 -12
v 29 21 -12
v 30 21 -12
v 30 20 -12
v -29 19 -12
v -28 19 -12
v -27 20 -12
v -26 20 -12
v -26 19 -12
v -27 19 -12
v 27 19 -12
v 27 20 -12
v 28 20 -12
v 28 19 -12
v 30 19 -12
v 29 19 -12
v -28 18 -13
v -28 18 -12
v -27 18 -12
v -26 18 -12
v -25 18 -13
v -25 19 -13
v -25 19 -12
v -25 18 -12
v 26 18 -13
v 26 18 -12
v 26 19 -12
v 26 19 -13
v 28 18 -12
v 27 18 -12
v 29 18 -13
v 29 18 -12
v -26 17 -13
v -26 17 -12
v -25 17 -13
v -25 17 -12
v 26 17 -13
v 26 17 -12
v 27 17 -13
v 27 17 -12
v 1 0 -12
v 1 1 -12
v 2 1 -12
v 2 0 -12
v 1 -1 -12
v 2 -1 -12
v 1 -2 -12
v 2 -2 -12
v 3 -2 -13
v 3 -1 -13
v 3 -1 -12
v 3 -2 -12
v -3 -5 -12
v -3 -4 -12
v -3 -4 -13
v -2 -4 -12
v -2 -4 -13
v -1 -4 -12
v -1 -4 -13
v 0 -4 -12
v 0 -4 -13
v 1 -4 -12
v 1 -4 -13
v 2 -4 -12
v 2 -4 -13
v 3 -4 -12
v 3 -4 -13
v 4 -4 -13
v 4 -4 -12
v 4 -5 -12
v -5 -6 -13
v -5 -6 -12
v -5 -5 -12
v -5 -5 -13
v -4 -5 -12
v -4 -5 -13
v 5 -5 -12
v 5 -5 -13
v 6 -6 -13
v 6 -5 -13
v 6 -5 -12
v 6 -6 -12
v -5 -7 -12
v 6 -7 -12
v -6 -8 -13
v -6 -8 -12
v -6 -7 -12
v -6 -7 -13
v 7 -8 -13
v 7 -7 -13
v 7 -7 -12
v 7 -8 -12
v -6 -9 -13
v -6 -9 -12
v 7 -9 -13
v 7 -9 -12
v -6 -10 -13
v -6 -10 -12
v -5 -10 -12
v 7 -10 -13
v 7 -10 -12
v 6 -10 -12
v -5 -11 -13
v -5 -11 -12
v 6 -11 -13
v 6 -11 -12
v -5 -12 -13
v -5 -12 -12
v -4 -12 -13
v -4 -12 -12
v -3 -12 -12
v 5 -12 -13
v 5 -12 -12
v 4 -12 -12
v 6 -12 -13
v 6 -12 -12
v -3 -13 -13
v -3 -13 -12
v -2 -13 -12
v -1 -13 -12
v 0 -13 -12
v 1 -13 -12
v 2 -13 -12
v 3 -13 -12
v 4 -13 -12
v -29 19 -11
v -29 20 -11
v -28 20 -11
v -28 19 -11
v -27 20 -11
v -27 19 -11
v 28 19 -11
v 28 20 -11
v 29 20 -11
v 29 19 -11
v 30 20 -11
v 30 19 -11
v -29 18 -12
v -29 18 -11
v -28 18 -11
v -27 18 -11
v -26 19 -11
v -25 19 -11
v -25 18 -11
v -26 18 -11
v 26 18 -11
v 26 19 -11
v 27 19 -11
v 27 18 -11
v 29 18 -11
v 28 18 -11
v 30 18 -12
v 30 18 -11
v -27 17 -12
v -27 17 -11
v -26 17 -11
v -24 17 -12
v -24 18 -12
v -24 18 -11
v -24 17 -11
v 25 17 -12
v 25 17 -11
v 25 18 -11
v 25 18 -12
v 28 17 -12
v 28 17 -11
v 27 17 -11
v -26 16 -12
v -26 16 -11
v -25 16 -12
v -25 16 -11
v -24 16 -12
v -24 16 -11
v 25 16 -12
v 25 16 -11
v 26 16 -12
v 26 16 -11
v 27 16 -12
v 27 16 -11
v -2 -4 -11
v -2 -3 -11
v -2 -3 -12
v -1 -3 -11
v -1 -3 -12
v 0 -3 -11
v 0 -3 -12
v 1 -3 -11
v 1 -3 -12
v 2 -3 -11
v 2 -3 -12
v 3 -3 -12
v 3 -3 -11
v 3 -4 -11
v -5 -5 -11
v -5 -4 -11
v -5 -4 -12
v -4 -4 -11
v -4 -4 -12
v -3 -4 -11
v 4 -4 -11
v 5 -4 -11
v 5 -4 -12
v 6 -4 -12
v 6 -4 -11
v 6 -5 -11
v -6 -6 -12
v -6 -6 -11
v -6 -5 -11
v -6 -5 -12
v 7 -6 -12
v 7 -5 -12
v 7 -5 -11
v 7 -6 -11
v -6 -7 -11
v 7 -7 -11
v -7 -8 -12
v -7 -8 -11
v -7 -7 -11
v -7 -7 -12
v 8 -8 -12
v 8 -7 -12
v 8 -7 -11
v 8 -8 -11
v -7 -9 -12
v -7 -9 -11
v 8 -9 -12
v 8 -9 -11
v -7 -10 -12
v -7 -10 -11
v -6 -10 -11
v 8 -10 -12
v 8 -10 -11
v 7 -10 -11
v -10 -11 -12
v -10 -11 -11
v -10 -10 -11
v -10 -10 -12
v -9 -11 -12
v -9 -10 -12
v -9 -10 -11
v -9 -11 -11
v -6 -11 -12
v -6 -11 -11
v 7 -11 -12
v 7 -11 -11
v 10 -11 -12
v 10 -11 -11
v 10 -10 -11
v 10 -10 -12
v 11 -11 -12
v 11 -10 -12
v 11 -10 -11
v 11 -11 -11
v -6 -12 -12
v -6 -12 -11
v -5 -12 -11
v 7 -12 -12
v 7 -12 -11
v 6 -12 -11
v -5 -13 -12
v -5 -13 -11
v -4 -13 -12
v -4 -13 -11
v -3 -13 -11
v -2 -13 -11
v 4 -13 -11
v 3 -13 -11
v 5 -13 -12
v 5 -13 -11
v 6 -13 -12
v 6 -13 -11
v -2 -14 -12
v -2 -14 -11
v -1 -14 -12
v -1 -14 -11
v 0 -14 -12
v 0 -14 -11
v 1 -14 -12
v 1 -14 -11
v 2 -14 -12
v 2 -14 -11
v 3 -14 -12
v 3 -14 -11
v -29 18 -10
v -29 19 -10
v -28 18 -10
v -28 19 -10
v -27 19 -10
v -26 19 -10
v -26 18 -10
v -27 18 -10
v 27 18 -10
v 27 19 -10
v 28 19 -10
v 28 18 -10
v 29 19 -10
v 30 19 -10
v 30 18 -10
v 29 18 -10
v -28 17 -11
v -28 17 -10
v -27 17 -10
v -26 17 -10
v -25 18 -10
v -25 17 -10
v -24 18 -10
v -24 17 -10
v 25 17 -10
v 25 18 -10
v 26 18 -10
v 26 17 -10
v 27 17 -10
v 28 17 -10
v 29 17 -11
v 29 17 -10
v -26 16 -10
v -25 16 -10
v -24 16 -10
v 25 16 -10
v 27 16 -10
v 26 16 -10
v -25 15 -11
v -25 15 -10
v -24 15 -11
v -24 15 -10
v 25 15 -11
v 25 15 -10
v 26 15 -11
v 26 15 -10
v -1 0 -11
v -1 0 -10
v -1 1 -10
v -1 1 -11
v 0 0 -11
v 0 1 -11
v 0 1 -10
v 0 0 -10
v -1 -1 -11
v -1 -1 -10
v 0 -1 -11
v 0 -1 -10
v -2 -2 -11
v -2 -2 -10
v -2 -1 -10
v -2 -1 -11
v -1 -2 -11
v -1 -2 -10
v 0 -2 -11
v 0 -2 -10
v -4 -4 -10
v -4 -3 -10
v -4 -3 -11
v -3 -3 -10
v -3 -3 -11
v -2 -3 -10
v -1 -3 -10
v 0 -3 -10
v 1 -3 -10
v 2 -3 -10
v 3 -3 -10
v 4 -3 -10
v 4 -3 -11
v 5 -3 -11
v 5 -3 -10
v 5 -4 -10
v -6 -5 -10
v -6 -4 -10
v -6 -4 -11
v -5 -4 -10
v 6 -4 -10
v 7 -4 -11
v 7 -4 -10
v 7 -5 -10
v -7 -6 -11
v -7 -6 -10
v -7 -5 -10
v -7 -5 -11
v 8 -6 -11
v 8 -5 -11
v 8 -5 -10
v 8 -6 -10
v -7 -7 -10
v 8 -7 -10
v -8 -8 -11
v -8 -8 -10
v -8 -7 -10
v -8 -7 -11
v 9 -8 -11
v 9 -7 -11
v 9 -7 -10
v 9 -8 -10
v -11 -9 -11
v -11 -9 -10
v -11 -8 -10
v -11 -8 -11
v -10 -8 -10
v -10 -8 -11
v -10 -9 -11
v -9 -8 -10
v -9 -8 -11
v -9 -9 -11
v -8 -9 -11
v 9 -9 -11
v 10 -8 -10
v 10 -8 -11
v 10 -9 -11
v 11 -8 -10
v 11 -8 -11
v 11 -9 -11
v 12 -9 -11
v 12 -8 -11
v 12 -8 -10
v 12 -9 -10
v -12 -10 -11
v -12 -10 -10
v -12 -9 -10
v -12 -9 -11
v -11 -10 -11
v -8 -10 -11
v 9 -10 -11
v 12 -10 -11
v 13 -10 -11
v 13 -9 -11
v 13 -9 -10
v 13 -10 -10
v -12 -11 -11
v -12 -11 -10
v -11 -11 -11
v -8 -11 -11
v -7 -11 -11
v 8 -11 -11
v 9 -11 -11
v 12 -11 -11
v 13 -11 -11
v 13 -11 -10
v -12 -12 -11
v -12 -12 -10
v -11 -12 -11
v -10 -12 -11
v -9 -12 -11
v -8 -12 -11
v -7 -12 -11
v -7 -12 -10
v -8 -12 -10
v -6 -12 -10
v 8 -12 -11
v 8 -12 -10
v 7 -12 -10
v 9 -12 -11
v 9 -12 -10
v 10 -12 -11
v 11 -12 -11
v 12 -12 -11
v 13 -12 -11
v 13 -12 -10
v -12 -13 -11
v -12 -13 -10
v -11 -13 -11
v -11 -13 -10
v -10 -13 -11
v -9 -13 -11
v -8 -13 -11
v -8 -13 -10
v -9 -13 -10
v -6 -13 -11
v -6 -13 -10
v -5 -13 -10
v -4 -13 -10
v 6 -13 -10
v 5 -13 -10
v 7 -13 -11
v 7 -13 -10
v 9 -13 -11
v 9 -13 -10
v 10 -13 -11
v 10 -13 -10
v 11 -13 -11
v 12 -13 -11
v 13 -13 -11
v 13 -13 -10
v 12 -13 -10
v -11 -14 -11
v -11 -14 -10
v -10 -14 -11
v -9 -14 -11
v -9 -14 -10
v -10 -14 -10
v -4 -14 -11
v -4 -14 -10
v -3 -14 -11
v -3 -14 -10
v -2 -14 -10
v -1 -14 -10
v 0 -14 -10
v 1 -14 -10
v 2 -14 -10
v 3 -14 -10
v 4 -14 -11
v 4 -14 -10
v 5 -14 -11
v 5 -14 -10
v 10 -14 -11
v 10 -14 -10
v 11 -14 -11
v 11 -14 -10
v 12 -14 -11
v 12 -14 -10
v -11 -15 -11
v -11 -15 -10
v -10 -15 -11
v -10 -15 -10
v 11 -15 -11
v 11 -15 -10
v 12 -15 -11
v 12 -15 -10
v -29 18 -9
v -29 19 -9
v -28 19 -9
v -28 18 -9
v -27 19 -9
v -27 18 -9
v 28 18 -9
v 28 19 -9
v 29 19 -9
v 29 18 -9
v 30 19 -9
v 30 18 -9
v -29 17 -10
v -29 17 -9
v -28 17 -9
v -27 17 -9
v -26 18 -9
v -26 17 -9
v 27 17 -9
v 27 18 -9
v 28 17 -9
v 29 17 -9
v 30 17 -10
v 30 17 -9
v -27 16 -10
v -27 16 -9
v -26 16 -9
v -25 16 -9
v -25 17 -9
v -24 17 -9
v -24 16 -9
v 25 16 -9
v 25 17 -9
v 26 17 -9
v 26 16 -9
v 27 16 -9
v 28 16 -10
v 28 16 -9
v -25 15 -9
v -24 15 -9
v -23 15 -10
v -23 16 -10
v -23 16 -9
v -23 15 -9
v 24 15 -10
v 24 15 -9
v 24 16 -9
v 24 16 -10
v 26 15 -9
v 25 15 -9
v -24 14 -10
v -24 14 -9
v -23 14 -10
v -23 14 -9
v 24 14 -10
v 24 14 -9
v 25 14 -10
v 25 14 -9
v 0 5 -10
v 0 5 -9
v 0 6 -9
v 0 6 -10
v 1 5 -10
v 1 6 -10
v 1 6 -9
v 1 5 -9
v 0 4 -10
v 0 4 -9
v 1 4 -10
v 1 4 -9
v 0 3 -10
v 0 3 -9
v 1 3 -10
v 1 3 -9
v -1 2 -10
v -1 2 -9
v -1 3 -9
v -1 3 -10
v 0 2 -10
v 0 2 -9
v 1 2 -10
v 1 2 -9
v 2 2 -10
v 2 3 -10
v 2 3 -9
v 2 2 -9
v -1 1 -9
v 0 1 -9
v 1 1 -10
v 1 1 -9
v 2 1 -10
v 2 1 -9
v -1 0 -9
v 0 0 -9
v 1 0 -10
v 1 0 -9
v 2 0 -10
v 2 0 -9
v -1 -1 -9
v 0 -1 -9
v 1 -1 -10
v 1 -1 -9
v 2 -1 -10
v 2 -1 -9
v -1 -2 -9
v 0 -2 -9
v 1 -2 -10
v 1 -2 -9
v 2 -2 -10
v 2 -2 -9
v -3 -3 -9
v -3 -2 -9
v -3 -2 -10
v -2 -2 -9
v 3 -2 -9
v 3 -2 -10
v 4 -2 -10
v 4 -2 -9
v 4 -3 -9
v -5 -4 -9
v -5 -3 -9
v -5 -3 -10
v -4 -3 -9
v 5 -3 -9
v 6 -3 -10
v 6 -3 -9
v 6 -4 -9
v -6 -5 -9
v -6 -4 -9
v 7 -4 -9
v 7 -5 -9
v -7 -6 -9
v -7 -5 -9
v 8 -5 -9
v 8 -6 -9
v -8 -7 -9
v -8 -6 -9
v -8 -6 -10
v 9 -6 -10
v 9 -6 -9
v 9 -7 -9
v -8 -8 -9
v 9 -8 -9
v -12 -9 -9
v -12 -8 -9
v -12 -8 -10
v -11 -8 -9
v -10 -8 -9
v -9 -8 -9
v 10 -8 -9
v 11 -8 -9
v 12 -8 -9
v 13 -8 -10
v 13 -8 -9
v 13 -9 -9
v -12 -10 -9
v 13 -10 -9
v -12 -11 -9
v 13 -11 -9
v -12 -12 -9
v -6 -12 -9
v -7 -12 -9
v 8 -12 -9
v 7 -12 -9
v 13 -12 -9
v -12 -13 -9
v -7 -13 -10
v -7 -13 -9
v -8 -13 -9
v -6 -13 -9
v -5 -13 -9
v 7 -13 -9
v 6 -13 -9
v 8 -13 -10
v 8 -13 -9
v 9 -13 -9
v 13 -13 -9
v -13 -14 -10
v -13 -14 -9
v -13 -13 -9
v -13 -13 -10
v -12 -14 -10
v -12 -14 -9
v -8 -14 -10
v -8 -14 -9
v -5 -14 -10
v -5 -14 -9
v -4 -14 -9
v -3 -14 -9
v 5 -14 -9
v 4 -14 -9
v 6 -14 -10
v 6 -14 -9
v 9 -14 -10
v 9 -14 -9
v 13 -14 -10
v 14 -14 -10
v 14 -13 -10
v 14 -13 -9
v 14 -14 -9
v 13 -14 -9
v -12 -15 -10
v -12 -15 -9
v -9 -15 -10
v -8 -15 -10
v -8 -15 -9
v -3 -15 -10
v -3 -15 -9
v -2 -15 -10
v -2 -15 -9
v -1 -15 -10
v -1 -15 -9
v 0 -15 -10
v 0 -15 -9
v 1 -15 -10
v 1 -15 -9
v 2 -15 -10
v 2 -15 -9
v 3 -15 -10
v 3 -15 -9
v 4 -15 -10
v 4 -15 -9
v 9 -15 -10
v 9 -15 -9
v 10 -15 -10
v 13 -15 -10
v 13 -15 -9
v -12 -16 -10
v -12 -16 -9
v -11 -16 -10
v -10 -16 -10
v -9 -16 -10
v -8 -16 -10
v -8 -16 -9
v -9 -16 -9
v 9 -16 -10
v 9 -16 -9
v 10 -16 -10
v 10 -16 -9
v 11 -16 -10
v 12 -16 -10
v 13 -16 -10
v 13 -16 -9
v -12 -17 -10
v -12 -17 -9
v -11 -17 -10
v -10 -17 -10
v -9 -17 -10
v -9 -17 -9
v -10 -17 -9
v 10 -17 -10
v 10 -17 -9
v 11 -17 -10
v 11 -17 -9
v 12 -17 -10
v 13 -17 -10
v 13 -17 -9
v -12 -18 -10
v -12 -18 -9
v -11 -18 -10
v -11 -18 -9
v -10 -18 -10
v -10 -18 -9
v 11 -18 -10
v 11 -18 -9
v 12 -18 -10
v 12 -18 -9
v 13 -18 -10
v 13 -18 -9
v -29 17 -8
v -29 18 -8
v -28 17 -8
v -28 18 -8
v -27 18 -8
v -27 17 -8
v 28 17 -8
v 28 18 -8
v 29 18 -8
v 30 18 -8
v 30 17 -8
v 29 17 -8
v -28 16 -9
v -28 16 -8
v -27 16 -8
v -26 16 -8
v -26 17 -8
v -25 17 -8
v -25 16 -8
v 26 16 -8
v 26 17 -8
v 27 17 -8
v 27 16 -8
v 28 16 -8
v 29 16 -9
v 29 16 -8
v -26 15 -9
v -26 15 -8
v -25 15 -8
v -24 16 -8
v -23 16 -8
v -23 15 -8
v -24 15 -8
v 24 15 -8
v 24 16 -8
v 25 16 -8
v 25 15 -8
v 27 15 -9
v 27 15 -8
v 26 15 -8
v -25 14 -9
v -25 14 -8
v -24 14 -8
v -23 14 -8
v -22 14 -9
v -22 15 -9
v -22 15 -8
v -22 14 -8
v 23 14 -9
v 23 14 -8
v 23 15 -8
v 23 15 -9
v 25 14 -8
v 24 14 -8
v 26 14 -9
v 26 14 -8
v -23 13 -9
v -23 13 -8
v -22 13 -9
v -22 13 -8
v 23 13 -9
v 23 13 -8
v 24 13 -9
v 24 13 -8
v 1 0 -8
v 1 1 -8
v 2 1 -8
v 2 0 -8
v 1 -1 -8
v 2 -1 -8
v 1 -2 -8
v 3 -1 -9
v 3 -1 -8
v 3 -2 -8
v 2 -2 -8
v -4 -3 -8
v -4 -2 -8
v -4 -2 -9
v -3 -2 -8
v -2 -2 -8
v -1 -2 -8
v 0 -2 -8
v 4 -2 -8
v 5 -2 -9
v 5 -2 -8
v 5 -3 -8
v -6 -4 -8
v -6 -3 -8
v -6 -3 -9
v -5 -3 -8
v 6 -3 -8
v 7 -3 -9
v 7 -3 -8
v 7 -4 -8
v -7 -5 -8
v -7 -4 -8
v -7 -4 -9
v 8 -4 -9
v 8 -4 -8
v 8 -5 -8
v -8 -6 -8
v -8 -5 -8
v -8 -5 -9
v 9 -5 -9
v 9 -5 -8
v 9 -6 -8
v -8 -7 -8
v 9 -7 -8
v -10 -8 -8
v -10 -7 -8
v -10 -7 -9
v -9 -7 -8
v -9 -7 -9
v -9 -8 -8
v 10 -7 -8
v 10 -7 -9
v 11 -7 -9
v 11 -7 -8
v 11 -8 -8
v 10 -8 -8
v -12 -9 -8
v -12 -8 -8
v -11 -8 -8
v 12 -8 -8
v 13 -8 -8
v 13 -9 -8
v -12 -10 -8
v 13 -10 -8
v -13 -11 -9
v -13 -11 -8
v -13 -10 -8
v -13 -10 -9
v -12 -11 -8
v 14 -11 -9
v 14 -10 -9
v 14 -10 -8
v 14 -11 -8
v 13 -11 -8
v -13 -12 -9
v -13 -12 -8
v 14 -12 -9
v 14 -12 -8
v -13 -13 -8
v -6 -13 -8
v -7 -13 -8
v 8 -13 -8
v 7 -13 -8
v 14 -13 -8
v -13 -14 -8
v -7 -14 -9
v -7 -14 -8
v -6 -14 -9
v -6 -14 -8
v -5 -14 -8
v -4 -14 -8
v 6 -14 -8
v 5 -14 -8
v 7 -14 -9
v 7 -14 -8
v 8 -14 -9
v 8 -14 -8
v 14 -14 -8
v -13 -15 -9
v -13 -15 -8
v -7 -15 -9
v -7 -15 -8
v -8 -15 -8
v -4 -15 -9
v -4 -15 -8
v -3 -15 -8
v -2 -15 -8
v -1 -15 -8
v 0 -15 -8
v 1 -15 -8
v 2 -15 -8
v 3 -15 -8
v 4 -15 -8
v 5 -15 -9
v 5 -15 -8
v 8 -15 -9
v 8 -15 -8
v 9 -15 -8
v 14 -15 -9
v 14 -15 -8
v -13 -16 -9
v -13 -16 -8
v -8 -16 -8
v 9 -16 -8
v 14 -16 -9
v 14 -16 -8
v -13 -17 -9
v -13 -17 -8
v -8 -17 -9
v -8 -17 -8
v 9 -17 -9
v 9 -17 -8
v 14 -17 -9
v 14 -17 -8
v -13 -18 -9
v -13 -18 -8
v -9 -18 -9
v -8 -18 -9
v -8 -18 -8
v -9 -18 -8
v 9 -18 -9
v 9 -18 -8
v 10 -18 -9
v 10 -18 -8
v 14 -18 -9
v 14 -18 -8
v -13 -19 -9
v -13 -19 -8
v -12 -19 -9
v -11 -19 -9
v -10 -19 -9
v -9 -19 -9
v -9 -19 -8
v 10 -19 -9
v 10 -19 -8
v 11 -19 -9
v 12 -19 -9
v 13 -19 -9
v 14 -19 -9
v 14 -19 -8
v -13 -20 -9
v -13 -20 -8
v -12 -20 -9
v -11 -20 -9
v -10 -20 -9
v -9 -20 -9
v -9 -20 -8
v -10 -20 -8
v 10 -20 -9
v 10 -20 -8
v 11 -20 -9
v 11 -20 -8
v 12 -20 -9
v 13 -20 -9
v 14 -20 -9
v 14 -20 -8
v -13 -21 -9
v -13 -21 -8
v -12 -21 -9
v -11 -21 -9
v -10 -21 -9
v -10 -21 -8
v -11 -21 -8
v 11 -21 -9
v 11 -21 -8
v 12 -21 -9
v 12 -21 -8
v 13 -21 -9
v 14 -21 -9
v 14 -21 -8
v -13 -22 -9
v -13 -22 -8
v -12 -22 -9
v -12 -22 -8
v -11 -22 -9
v -11 -22 -8
v 12 -22 -9
v 12 -22 -8
v 13 -22 -9
v 13 -22 -8
v 14 -22 -9
v 14 -22 -8
v -28 17 -7
v -28 18 -7
v -27 18 -7
v -27 17 -7
v 28 17 -7
v 28 18 -7
v 29 18 -7
v 29 17 -7
v -29 16 -8
v -29 16 -7
v -29 17 -7
v -28 16 -7
v -27 16 -7
v -26 17 -7
v -26 16 -7
v 27 16 -7
v 27 17 -7
v 28 16 -7
v 29 16 -7
v 30 16 -8
v 30 17 -7
v 30 16 -7
v -27 15 -8
v -27 15 -7
v -26 15 -7
v -25 15 -7
v -25 16 -7
v -24 16 -7
v -24 15 -7
v 25 15 -7
v 25 16 -7
v 26 16 -7
v 26 15 -7
v 27 15 -7
v 28 15 -8
v 28 15 -7
v -25 14 -7
v -24 14 -7
v -23 15 -7
v -22 15 -7
v -22 14 -7
v -23 14 -7
v 23 14 -7
v 23 15 -7
v 24 15 -7
v 24 14 -7
v 26 14 -7
v 25 14 -7
v -24 13 -8
v -24 13 -7
v -23 13 -7
v -21 13 -8
v -21 14 -8
v -21 14 -7
v -21 13 -7
v 22 13 -8
v 22 13 -7
v 22 14 -7
v 22 14 -8
v 25 13 -8
v 25 13 -7
v 24 13 -7
v -23 12 -8
v -23 12 -7
v -22 12 -8
v -22 12 -7
v -21 12 -8
v -21 12 -7
v 22 12 -8
v 22 12 -7
v 23 12 -8
v 23 12 -7
v 24 12 -8
v 24 12 -7
v -1 -2 -7
v -1 -1 -7
v -1 -1 -8
v 0 -1 -7
v 0 -1 -8
v 1 -1 -7
v 2 -1 -7
v 2 -2 -7
v -5 -3 -7
v -5 -2 -7
v -5 -2 -8
v -4 -2 -7
v -3 -2 -7
v -2 -2 -7
v 3 -2 -7
v 4 -2 -7
v 5 -2 -7
v 6 -2 -8
v 6 -2 -7
v 6 -3 -7
v -6 -4 -7
v -6 -3 -7
v 7 -3 -7
v 7 -4 -7
v -8 -5 -7
v -8 -4 -7
v -8 -4 -8
v -7 -4 -7
v 8 -4 -7
v 9 -4 -8
v 9 -4 -7
v 9 -5 -7
v -8 -6 -7
v 9 -6 -7
v -9 -7 -7
v -9 -6 -7
v -9 -6 -8
v 10 -6 -8
v 10 -6 -7
v 10 -7 -7
v -9 -8 -7
v 10 -8 -7
v -12 -9 -7
v -12 -8 -7
v -11 -8 -7
v -11 -9 -7
v -10 -8 -7
v 11 -8 -7
v 12 -8 -7
v 13 -8 -7
v 13 -9 -7
v 12 -9 -7
v -12 -10 -7
v 13 -10 -7
v -12 -11 -7
v 13 -11 -7
v -13 -12 -7
v -13 -11 -7
v -12 -12 -7
v 14 -11 -7
v 14 -12 -7
v 13 -12 -7
v -13 -13 -7
v -6 -13 -7
v -7 -13 -7
v 8 -13 -7
v 7 -13 -7
v 14 -13 -7
v -13 -14 -7
v -7 -14 -7
v -6 -14 -7
v -5 -14 -7
v 7 -14 -7
v 6 -14 -7
v 8 -14 -7
v 14 -14 -7
v -13 -15 -7
v -7 -15 -7
v -5 -15 -8
v -5 -15 -7
v -4 -15 -7
v -3 -15 -7
v -2 -15 -7
v -1 -15 -7
v 3 -15 -7
v 2 -15 -7
v 4 -15 -7
v 5 -15 -7
v 6 -15 -8
v 6 -15 -7
v 8 -15 -7
v 14 -15 -7
v -14 -16 -8
v -14 -16 -7
v -14 -15 -7
v -14 -15 -8
v -7 -16 -8
v -7 -16 -7
v -8 -16 -7
v -8 -15 -7
v -1 -16 -8
v -1 -16 -7
v 0 -16 -8
v 0 -16 -7
v 1 -16 -8
v 1 -16 -7
v 2 -16 -8
v 2 -16 -7
v 8 -16 -8
v 8 -16 -7
v 9 -16 -7
v 9 -15 -7
v 15 -16 -8
v 15 -15 -8
v 15 -15 -7
v 15 -16 -7
v -14 -17 -8
v -14 -17 -7
v -8 -17 -7
v 9 -17 -7
v 15 -17 -8
v 15 -17 -7
v -14 -18 -8
v -14 -18 -7
v -8 -18 -7
v 9 -18 -7
v 15 -18 -8
v 15 -18 -7
v -14 -19 -8
v -14 -19 -7
v -8 -19 -8
v -8 -19 -7
v -9 -19 -7
v 9 -19 -8
v 9 -19 -7
v 10 -19 -7
v 15 -19 -8
v 15 -19 -7
v -14 -20 -8
v -14 -20 -7
v -9 -20 -7
v 10 -20 -7
v 15 -20 -8
v 15 -20 -7
v -14 -21 -8
v -14 -21 -7
v -9 -21 -8
v -9 -21 -7
v 10 -21 -8
v 10 -21 -7
v 15 -21 -8
v 15 -21 -7
v -14 -22 -8
v -14 -22 -7
v -10 -22 -8
v -9 -22 -8
v -9 -22 -7
v -10 -22 -7
v 10 -22 -8
v 10 -22 -7
v 11 -22 -8
v 11 -22 -7
v 15 -22 -8
v 15 -22 -7
v -14 -23 -8
v -14 -23 -7
v -13 -23 -8
v -12 -23 -8
v -11 -23 -8
v -10 -23 -8
v -10 -23 -7
v 11 -23 -8
v 11 -23 -7
v 12 -23 -8
v 13 -23 -8
v 14 -23 -8
v 15 -23 -8
v 15 -23 -7
v -14 -24 -8
v -14 -24 -7
v -13 -24 -8
v -12 -24 -8
v -11 -24 -8
v -10 -24 -8
v -10 -24 -7
v -11 -24 -7
v 11 -24 -8
v 11 -24 -7
v 12 -24 -8
v 12 -24 -7
v 13 -24 -8
v 14 -24 -8
v 15 -24 -8
v 15 -24 -7
v -14 -25 -8
v -14 -25 -7
v -13 -25 -8
v -13 -25 -7
v -12 -25 -8
v -11 -25 -8
v -11 -25 -7
v -12 -25 -7
v 12 -25 -8
v 12 -25 -7
v 13 -25 -8
v 13 -25 -7
v 14 -25 -8
v 15 -25 -8
v 15 -25 -7
v 14 -25 -7
v -13 -26 -8
v -13 -26 -7
v -12 -26 -8
v -12 -26 -7
v 13 -26 -8
v 13 -26 -7
v 14 -26 -8
v 14 -26 -7
v -29 16 -6
v -29 17 -6
v -28 16 -6
v -28 17 -6
v -27 17 -6
v -27 16 -6
v 28 16 -6
v 28 17 -6
v 29 17 -6
v 30 17 -6
v 30 16 -6
v 29 16 -6
v -28 15 -7
v -28 15 -6
v -27 15 -6
v -26 15 -6
v -26 16 -6
v -25 16 -6
v -25 15 -6
v 26 15 -6
v 26 16 -6
v 27 16 -6
v 27 15 -6
v 28 15 -6
v 29 15 -7
v 29 15 -6
v -26 14 -7
v -26 14 -6
v -25 14 -6
v -24 15 -6
v -23 15 -6
v -23 14 -6
v -24 14 -6
v 24 14 -6
v 24 15 -6
v 25 15 -6
v 25 14 -6
v 27 14 -7
v 27 14 -6
v 26 14 -6
v -25 13 -7
v -25 13 -6
v -24 13 -6
v -23 13 -6
v -22 14 -6
v -22 13 -6
v -21 14 -6
v -21 13 -6
v 22 13 -6
v 22 14 -6
v 23 14 -6
v 23 13 -6
v 24 13 -6
v 25 13 -6
v 26 13 -7
v 26 13 -6
v -23 12 -6
v -22 12 -6
v -20 12 -7
v -20 13 -7
v -20 13 -6
v -20 12 -6
v -21 12 -6
v 21 12 -7
v 21 12 -6
v 21 13 -6
v 21 13 -7
v 22 12 -6
v 24 12 -6
v 23 12 -6
v -22 11 -7
v -22 11 -6
v -21 11 -7
v -21 11 -6
v -20 11 -7
v -20 11 -6
v 21 11 -7
v 21 11 -6
v 22 11 -7
v 22 11 -6
v 23 11 -7
v 23 11 -6
v -20 10 -7
v -20 10 -6
v -19 10 -7
v -19 11 -7
v -19 11 -6
v -19 10 -6
v 20 10 -7
v 20 10 -6
v 20 11 -6
v 20 11 -7
v 21 10 -7
v 21 10 -6
v -1 0 -7
v -1 0 -6
v -1 1 -6
v -1 1 -7
v 0 0 -7
v 0 1 -7
v 0 1 -6
v 0 0 -6
v -1 -1 -6
v 0 -1 -6
v -2 -2 -6
v -2 -1 -6
v -2 -1 -7
v 1 -1 -6
v 2 -1 -6
v 3 -1 -7
v 3 -1 -6
v 3 -2 -6
v -5 -3 -6
v -5 -2 -6
v -4 -2 -6
v -3 -2 -6
v 4 -2 -6
v 5 -2 -6
v 6 -2 -6
v 6 -3 -6
v -7 -4 -6
v -7 -3 -6
v -7 -3 -7
v -6 -3 -6
v 7 -3 -6
v 8 -3 -7
v 8 -3 -6
v 8 -4 -6
v -8 -5 -6
v -8 -4 -6
v 9 -4 -6
v 9 -5 -6
v -9 -6 -6
v -9 -5 -6
v -9 -5 -7
v 10 -5 -7
v 10 -5 -6
v 10 -6 -6
v -9 -7 -6
v 10 -7 -6
v -9 -8 -6
v 10 -8 -6
v -11 -9 -6
v -11 -8 -6
v -10 -8 -6
v -10 -9 -6
v 11 -8 -6
v 12 -8 -6
v 12 -9 -6
v 11 -9 -6
v -12 -10 -6
v -12 -9 -6
v -11 -10 -6
v -10 -10 -6
v 11 -10 -6
v 12 -10 -6
v 13 -9 -6
v 13 -10 -6
v -12 -11 -6
v -11 -11 -6
v -10 -11 -6
v 11 -11 -6
v 12 -11 -6
v 13 -11 -6
v -12 -12 -6
v -11 -12 -6
v 13 -12 -6
v 12 -12 -6
v -13 -13 -6
v -13 -12 -6
v -12 -13 -6
v 14 -12 -6
v 14 -13 -6
v 13 -13 -6
v -13 -14 -6
v -12 -14 -6
v -8 -14 -6
v -7 -14 -6
v -7 -13 -6
v -8 -13 -6
v -6 -14 -6
v -5 -14 -6
v 7 -14 -6
v 6 -14 -6
v 8 -14 -6
v 9 -14 -6
v 9 -13 -6
v 8 -13 -6
v 14 -14 -6
v 13 -14 -6
v -13 -15 -6
v -7 -15 -6
v -8 -15 -6
v -5 -15 -6
v -4 -15 -6
v -3 -15 -6
v -2 -15 -6
v 4 -15 -6
v 3 -15 -6
v 5 -15 -6
v 6 -15 -6
v 8 -15 -6
v 9 -15 -6
v 14 -15 -6
v -14 -16 -6
v -14 -15 -6
v -13 -16 -6
v -8 -16 -6
v -2 -16 -7
v -2 -16 -6
v -1 -16 -6
v 0 -16 -6
v 1 -16 -6
v 2 -16 -6
v 3 -16 -7
v 3 -16 -6
v 9 -16 -6
v 15 -15 -6
v 15 -16 -6
v 14 -16 -6
v -14 -17 -6
v -13 -17 -6
v -8 -17 -6
v 9 -17 -6
v 15 -17 -6
v 14 -17 -6
v -14 -18 -6
v -8 -18 -6
v 9 -18 -6
v 15 -18 -6
v -14 -19 -6
v -8 -19 -6
v 9 -19 -6
v 15 -19 -6
v -14 -20 -6
v -8 -20 -7
v -8 -20 -6
v 9 -20 -7
v 9 -20 -6
v 15 -20 -6
v -14 -21 -6
v -8 -21 -7
v -8 -21 -6
v -9 -21 -6
v 9 -21 -7
v 9 -21 -6
v 10 -21 -6
v 15 -21 -6
v -15 -22 -7
v -15 -22 -6
v -15 -21 -6
v -15 -21 -7
v -9 -22 -6
v 10 -22 -6
v 16 -22 -7
v 16 -21 -7
v 16 -21 -6
v 16 -22 -6
v -15 -23 -7
v -15 -23 -6
v -9 -23 -7
v -9 -23 -6
v 10 -23 -7
v 10 -23 -6
v 16 -23 -7
v 16 -23 -6
v -15 -24 -7
v -15 -24 -6
v -9 -24 -7
v -9 -24 -6
v -10 -24 -6
v 10 -24 -7
v 10 -24 -6
v 11 -24 -6
v 16 -24 -7
v 16 -24 -6
v -15 -25 -7
v -15 -25 -6
v -10 -25 -7
v -10 -25 -6
v 11 -25 -7
v 11 -25 -6
v 16 -25 -7
v 16 -25 -6
v -15 -26 -7
v -15 -26 -6
v -14 -26 -7
v -11 -26 -7
v -10 -26 -7
v -10 -26 -6
v 11 -26 -7
v 11 -26 -6
v 12 -26 -7
v 15 -26 -7
v 16 -26 -7
v 16 -26 -6
v -15 -27 -7
v -15 -27 -6
v -14 -27 -7
v -14 -27 -6
v -13 -27 -7
v -12 -27 -7
v -11 -27 -7
v -10 -27 -7
v -10 -27 -6
v -11 -27 -6
v 11 -27 -7
v 11 -27 -6
v 12 -27 -7
v 12 -27 -6
v 13 -27 -7
v 14 -27 -7
v 15 -27 -7
v 16 -27 -7
v 16 -27 -6
v 15 -27 -6
v -14 -28 -7
v -14 -28 -6
v -13 -28 -7
v -13 -28 -6
v -12 -28 -7
v -12 -28 -6
v -11 -28 -7
v -11 -28 -6
v 12 -28 -7
v 12 -28 -6
v 13 -28 -7
v 13 -28 -6
v 14 -28 -7
v 14 -28 -6
v 15 -28 -7
v 15 -28 -6
v -28 16 -5
v -28 17 -5
v -27 17 -5
v -27 16 -5
v 28 16 -5
v 28 17 -5
v 29 17 -5
v 29 16 -5
v -28 15 -5
v -27 15 -5
v -26 16 -5
v -26 15 -5
v 27 15 -5
v 27 16 -5
v 28 15 -5
v 29 15 -5
v -27 14 -6
v -27 14 -5
v -26 14 -5
v -25 15 -5
v -24 15 -5
v -24 14 -5
v -25 14 -5
v 25 14 -5
v 25 15 -5
v 26 15 -5
v 26 14 -5
v 28 14 -6
v 28 14 -5
v 27 14 -5
v -26 13 -6
v -26 13 -5
v -25 13 -5
v -24 13 -5
v -23 14 -5
v -23 13 -5
v 24 13 -5
v 24 14 -5
v 26 13 -5
v 25 13 -5
v 27 13 -6
v 27 13 -5
v -24 12 -6
v -24 12 -5
v -23 12 -5
v -22 12 -5
v -22 13 -5
v -21 13 -5
v -21 12 -5
v 22 12 -5
v 22 13 -5
v 23 13 -5
v 23 12 -5
v 24 12 -5
v 25 12 -6
v 25 12 -5
v -22 11 -5
v -21 11 -5
v -20 12 -5
v -19 12 -6
v -19 12 -5
v -19 11 -5
v -20 11 -5
v 20 11 -5
v 20 12 -5
v 20 12 -6
v 21 12 -5
v 21 11 -5
v 23 11 -5
v 22 11 -5
v -21 10 -6
v -21 10 -5
v -20 10 -5
v -18 10 -6
v -18 11 -6
v -18 11 -5
v -18 10 -5
v -19 10 -5
v 19 10 -6
v 19 10 -5
v 19 11 -5
v 19 11 -6
v 20 10 -5
v 22 10 -6
v 22 10 -5
v 21 10 -5
v -20 9 -6
v -20 9 -5
v -19 9 -6
v -19 9 -5
v -18 9 -6
v -17 9 -6
v -17 10 -6
v -17 10 -5
v -17 9 -5
v -18 9 -5
v 18 9 -6
v 18 9 -5
v 18 10 -5
v 18 10 -6
v 19 9 -6
v 19 9 -5
v 20 9 -6
v 21 9 -6
v 21 9 -5
v 20 9 -5
v -19 8 -6
v -19 8 -5
v -18 8 -6
v -18 8 -5
v -17 8 -6
v -17 8 -5
v 18 8 -6
v 18 8 -5
v 19 8 -6
v 19 8 -5
v 20 8 -6
v 20 8 -5
v 0 5 -6
v 0 5 -5
v 0 6 -5
v 0 6 -6
v 1 5 -6
v 1 6 -6
v 1 6 -5
v 1 5 -5
v 0 4 -6
v 0 4 -5
v 1 4 -6
v 1 4 -5
v 0 3 -6
v 0 3 -5
v 1 3 -6
v 1 3 -5
v -1 2 -6
v -1 2 -5
v -1 3 -5
v -1 3 -6
v 0 2 -6
v 0 2 -5
v 1 2 -6
v 1 2 -5
v 2 2 -6
v 2 3 -6
v 2 3 -5
v 2 2 -5
v -1 1 -5
v 0 1 -5
v 1 1 -6
v 1 1 -5
v 2 1 -6
v 2 1 -5
v -1 0 -5
v 0 0 -5
v 1 0 -6
v 1 0 -5
v 2 0 -6
v 2 0 -5
v -1 -1 -5
v 0 -1 -5
v 1 -1 -5
v 2 -1 -5
v -3 -2 -5
v -3 -1 -5
v -3 -1 -6
v -2 -1 -5
v 3 -1 -5
v 4 -1 -6
v 4 -1 -5
v 4 -2 -5
v -6 -3 -5
v -6 -2 -5
v -6 -2 -6
v -5 -2 -5
v -4 -2 -5
v 5 -2 -5
v 6 -2 -5
v 7 -2 -6
v 7 -2 -5
v 7 -3 -5
v -7 -4 -5
v -7 -3 -5
v 8 -3 -5
v 8 -4 -5
v -8 -5 -5
v -8 -4 -5
v 9 -4 -5
v 9 -5 -5
v -9 -6 -5
v -9 -5 -5
v 10 -5 -5
v 10 -6 -5
v -9 -7 -5
v 10 -7 -5
v -10 -8 -5
v -10 -7 -5
v -10 -7 -6
v 11 -7 -6
v 11 -7 -5
v 11 -8 -5
v -10 -9 -5
v 11 -9 -5
v -10 -10 -5
v 11 -10 -5
v -10 -11 -5
v 11 -11 -5
v -11 -12 -5
v -11 -11 -5
v -10 -12 -5
v -9 -12 -5
v -9 -11 -5
v 10 -12 -5
v 11 -12 -5
v 10 -11 -5
v 12 -11 -5
v 12 -12 -5
v -12 -13 -5
v -12 -12 -5
v -11 -13 -5
v -10 -13 -5
v -9 -13 -5
v -7 -13 -5
v -8 -13 -5
v 9 -13 -5
v 8 -13 -5
v 10 -13 -5
v 11 -13 -5
v 12 -13 -5
v 13 -12 -5
v 13 -13 -5
v -12 -14 -5
v -11 -14 -5
v -10 -14 -5
v -9 -14 -5
v -8 -14 -5
v -7 -14 -5
v -6 -14 -5
v 8 -14 -5
v 7 -14 -5
v 9 -14 -5
v 10 -14 -5
v 11 -14 -5
v 12 -14 -5
v 13 -14 -5
v -13 -15 -5
v -13 -14 -5
v -12 -15 -5
v -11 -15 -5
v -8 -15 -5
v -9 -15 -5
v -6 -15 -6
v -6 -15 -5
v -5 -15 -5
v -4 -15 -5
v -3 -15 -5
v 5 -15 -5
v 4 -15 -5
v 6 -15 -5
v 7 -15 -6
v 7 -15 -5
v 9 -15 -5
v 10 -15 -5
v 12 -15 -5
v 13 -15 -5
v 14 -14 -5
v 14 -15 -5
v -13 -16 -5
v -12 -16 -5
v -8 -16 -5
v -9 -16 -5
v -3 -16 -6
v -3 -16 -5
v -2 -16 -5
v -1 -16 -5
v 0 -16 -5
v 1 -16 -5
v 2 -16 -5
v 3 -16 -5
v 4 -16 -6
v 4 -16 -5
v 9 -16 -5
v 10 -16 -5
v 14 -16 -5
v 13 -16 -5
v -13 -17 -5
v -8 -17 -5
v -9 -17 -5
v 9 -17 -5
v 10 -17 -5
v 14 -17 -5
v -14 -18 -5
v -14 -17 -5
v -13 -18 -5
v -8 -18 -5
v -9 -18 -5
v 9 -18 -5
v 10 -18 -5
v 15 -17 -5
v 15 -18 -5
v 14 -18 -5
v -14 -19 -5
v -8 -19 -5
v -9 -19 -5
v 9 -19 -5
v 10 -19 -5
v 15 -19 -5
v -14 -20 -5
v -8 -20 -5
v -9 -20 -5
v 9 -20 -5
v 10 -20 -5
v 15 -20 -5
v -15 -21 -5
v -15 -20 -5
v -15 -20 -6
v -14 -21 -5
v -8 -21 -5
v -9 -21 -5
v 9 -21 -5
v 10 -21 -5
v 16 -20 -6
v 16 -20 -5
v 16 -21 -5
v 15 -21 -5
v -15 -22 -5
v -9 -22 -5
v 10 -22 -5
v 16 -22 -5
v -15 -23 -5
v -9 -23 -5
v 10 -23 -5
v 16 -23 -5
v -15 -24 -5
v -9 -24 -5
v 10 -24 -5
v 16 -24 -5
v -15 -25 -5
v -9 -25 -6
v -9 -25 -5
v -10 -25 -5
v 10 -25 -6
v 10 -25 -5
v 11 -25 -5
v 16 -25 -5
v -15 -26 -5
v -10 -26 -5
v 11 -26 -5
v 16 -26 -5
v -15 -27 -5
v -10 -27 -5
v 11 -27 -5
v 16 -27 -5
v -15 -28 -6
v -15 -28 -5
v -14 -28 -5
v -13 -28 -5
v -12 -28 -5
v -11 -28 -5
v -10 -28 -6
v -10 -28 -5
v 11 -28 -6
v 11 -28 -5
v 12 -28 -5
v 13 -28 -5
v 14 -28 -5
v 15 -28 -5
v 16 -28 -6
v 16 -28 -5
v -28 15 -4
v -28 16 -4
v -27 16 -4
v -27 15 -4
v 28 15 -4
v 28 16 -4
v 29 16 -4
v 29 15 -4
v -28 14 -5
v -28 14 -4
v -27 14 -4
v -26 14 -4
v -26 15 -4
v -25 15 -4
v -25 14 -4
v 26 14 -4
v 26 15 -4
v 27 15 -4
v 27 14 -4
v 28 14 -4
v 29 14 -5
v 29 14 -4
v -26 13 -4
v -25 13 -4
v -24 14 -4
v -23 14 -4
v -23 13 -4
v -24 13 -4
v 24 13 -4
v 24 14 -4
v 25 14 -4
v 25 13 -4
v 27 13 -4
v 26 13 -4
v -25 12 -5
v -25 12 -4
v -24 12 -4
v -23 12 -4
v -22 13 -4
v -22 12 -4
v 23 12 -4
v 23 13 -4
v 24 12 -4
v 25 12 -4
v 26 12 -5
v 26 12 -4
v -23 11 -5
v -23 11 -4
v -22 11 -4
v -21 12 -4
v -20 12 -4
v -20 11 -4
v -21 11 -4
v 21 11 -4
v 21 12 -4
v 22 12 -4
v 22 11 -4
v 24 11 -5
v 24 11 -4
v 23 11 -4
v -22 10 -5
v -22 10 -4
v -21 10 -4
v -20 10 -4
v -19 11 -4
v -19 10 -4
v 20 10 -4
v 20 11 -4
v 21 10 -4
v 22 10 -4
v 23 10 -5
v 23 10 -4
v -20 9 -4
v -19 9 -4
v -18 10 -4
v -18 9 -4
v 19 9 -4
v 19 10 -4
v 20 9 -4
v 21 9 -4
v -19 8 -4
v -18 8 -4
v -17 9 -4
v -16 8 -5
v -16 9 -5
v -16 9 -4
v -16 8 -4
v -17 8 -4
v 17 8 -5
v 17 8 -4
v 17 9 -4
v 17 9 -5
v 18 9 -4
v 18 8 -4
v 20 8 -4
v 19 8 -4
v -18 7 -5
v -18 7 -4
v -17 7 -5
v -17 7 -4
v -16 7 -5
v -15 7 -5
v -15 8 -5
v -15 8 -4
v -15 7 -4
v -16 7 -4
v 16 7 -5
v 16 7 -4
v 16 8 -4
v 16 8 -5
v 17 7 -5
v 17 7 -4
v 18 7 -5
v 19 7 -5
v 19 7 -4
v 18 7 -4
v -17 6 -5
v -17 6 -4
v -16 6 -5
v -16 6 -4
v -15 6 -5
v -15 6 -4
v 16 6 -5
v 16 6 -4
v 17 6 -5
v 17 6 -4
v 18 6 -5
v 18 6 -4
v -15 5 -5
v -15 5 -4
v -14 5 -5
v -14 6 -5
v -14 6 -4
v -14 5 -4
v 15 5 -5
v 15 5 -4
v 15 6 -4
v 15 6 -5
v 16 5 -5
v 16 5 -4
v 1 0 -4
v 1 1 -4
v 2 1 -4
v 2 0 -4
v 1 -1 -4
v 2 -1 -4
v -4 -2 -4
v -4 -1 -4
v -4 -1 -5
v -3 -1 -4
v -2 -1 -4
v -1 -1 -4
v 0 -1 -4
v 3 -1 -4
v 4 -1 -4
v 5 -1 -5
v 5 -1 -4
v 5 -2 -4
v -6 -3 -4
v -6 -2 -4
v -5 -2 -4
v 6 -2 -4
v 7 -2 -4
v 7 -3 -4
v -8 -4 -4
v -8 -3 -4
v -8 -3 -5
v -7 -3 -4
v 8 -3 -4
v 9 -3 -5
v 9 -3 -4
v 9 -4 -4
v -9 -5 -4
v -9 -4 -4
v -9 -4 -5
v 10 -4 -5
v 10 -4 -4
v 10 -5 -4
v -9 -6 -4
v 10 -6 -4
v -10 -7 -4
v -10 -6 -4
v -10 -6 -5
v 11 -6 -5
v 11 -6 -4
v 11 -7 -4
v -10 -8 -4
v 11 -8 -4
v -10 -9 -4
v 11 -9 -4
v -10 -10 -4
v 11 -10 -4
v -10 -11 -4
v -9 -11 -4
v 11 -11 -4
v 10 -11 -4
v -9 -12 -4
v 10 -12 -4
v -9 -13 -4
v -8 -13 -4
v 10 -13 -4
v 9 -13 -4
v -8 -14 -4
v -7 -14 -4
v -6 -14 -4
v 8 -14 -4
v 7 -14 -4
v 9 -14 -4
v -11 -15 -4
v -11 -14 -4
v -10 -14 -4
v -10 -15 -4
v -9 -14 -4
v -9 -15 -4
v -6 -15 -4
v -5 -15 -4
v -4 -15 -4
v 6 -15 -4
v 5 -15 -4
v 7 -15 -4
v 10 -15 -4
v 10 -14 -4
v 11 -14 -4
v 11 -15 -4
v 12 -14 -4
v 12 -15 -4
v -12 -16 -4
v -12 -15 -4
v -11 -16 -4
v -10 -16 -4
v -9 -16 -4
v -4 -16 -5
v -4 -16 -4
v -3 -16 -4
v -2 -16 -4
v -1 -16 -4
v 0 -16 -4
v 1 -16 -4
v 2 -16 -4
v 3 -16 -4
v 4 -16 -4
v 5 -16 -5
v 5 -16 -4
v 10 -16 -4
v 11 -16 -4
v 12 -16 -4
v 13 -15 -4
v 13 -16 -4
v -13 -17 -4
v -13 -16 -4
v -12 -17 -4
v -11 -17 -4
v -10 -17 -4
v -9 -17 -4
v 10 -17 -4
v 11 -17 -4
v 12 -17 -4
v 13 -17 -4
v 14 -16 -4
v 14 -17 -4
v -13 -18 -4
v -12 -18 -4
v -11 -18 -4
v -10 -18 -4
v -9 -18 -4
v 10 -18 -4
v 11 -18 -4
v 12 -18 -4
v 13 -18 -4
v 14 -18 -4
v -14 -19 -4
v -14 -18 -4
v -13 -19 -4
v -12 -19 -4
v -9 -19 -4
v -10 -19 -4
v 10 -19 -4
v 11 -19 -4
v 13 -19 -4
v 14 -19 -4
v 15 -18 -4
v 15 -19 -4
v -14 -20 -4
v -13 -20 -4
v -9 -20 -4
v -10 -20 -4
v 10 -20 -4
v 11 -20 -4
v 15 -20 -4
v 14 -20 -4
v -14 -21 -4
v -9 -21 -4
v -10 -21 -4
v 10 -21 -4
v 11 -21 -4
v 15 -21 -4
v -15 -22 -4
v -15 -21 -4
v -14 -22 -4
v -9 -22 -4
v -10 -22 -4
v 10 -22 -4
v 11 -22 -4
v 16 -21 -4
v 16 -22 -4
v 15 -22 -4
v -15 -23 -4
v -14 -23 -4
v -9 -23 -4
v 10 -23 -4
v 16 -23 -4
v 15 -23 -4
v -15 -24 -4
v -9 -24 -4
v -10 -24 -4
v -10 -23 -4
v 10 -24 -4
v 11 -24 -4
v 11 -23 -4
v 16 -24 -4
v -15 -25 -4
v -9 -25 -4
v -10 -25 -4
v 10 -25 -4
v 11 -25 -4
v 16 -25 -4
v -16 -26 -5
v -16 -26 -4
v -16 -25 -4
v -16 -25 -5
v -15 -26 -4
v -9 -26 -5
v -9 -26 -4
v -10 -26 -4
v 10 -26 -5
v 10 -26 -4
v 11 -26 -4
v 17 -26 -5
v 17 -25 -5
v 17 -25 -4
v 17 -26 -4
v 16 -26 -4
v -15 -27 -4
v -10 -27 -4
v 11 -27 -4
v 16 -27 -4
v -15 -28 -4
v -14 -28 -4
v -13 -28 -4
v -11 -28 -4
v -12 -28 -4
v -10 -28 -4
v 11 -28 -4
v 12 -28 -4
v 13 -28 -4
v 15 -28 -4
v 14 -28 -4
v 16 -28 -4
v -13 -29 -5
v -13 -29 -4
v -12 -29 -5
v -12 -29 -4
v 13 -29 -5
v 13 -29 -4
v 14 -29 -5
v 14 -29 -4
v -28 14 -3
v -28 15 -3
v -27 15 -3
v -26 15 -3
v -26 14 -3
v -27 14 -3
v 27 14 -3
v 27 15 -3
v 28 15 -3
v 28 14 -3
v 29 15 -3
v 29 14 -3
v -28 13 -4
v -28 13 -3
v -27 13 -4
v -27 13 -3
v -26 13 -3
v -25 14 -3
v -24 14 -3
v -24 13 -3
v -25 13 -3
v 25 13 -3
v 25 14 -3
v 26 14 -3
v 26 13 -3
v 28 13 -4
v 28 13 -3
v 27 13 -3
v 29 13 -4
v 29 13 -3
v -26 12 -4
v -26 12 -3
v -25 12 -3
v -24 12 -3
v -23 13 -3
v -23 12 -3
v 24 12 -3
v 24 13 -3
v 25 12 -3
v 26 12 -3
v 27 12 -4
v 27 12 -3
v -24 11 -4
v -24 11 -3
v -23 11 -3
v -22 12 -3
v -21 12 -3
v -21 11 -3
v -22 11 -3
v 22 11 -3
v 22 12 -3
v 23 12 -3
v 23 11 -3
v 25 11 -4
v 25 11 -3
v 24 11 -3
v -23 10 -4
v -23 10 -3
v -22 10 -3
v -21 10 -3
v -20 11 -3
v -20 10 -3
v 21 10 -3
v 21 11 -3
v 22 10 -3
v 23 10 -3
v 24 10 -4
v 24 10 -3
v -21 9 -4
v -21 9 -3
v -20 9 -3
v -19 10 -3
v -19 9 -3
v 20 9 -3
v 20 10 -3
v 22 9 -4
v 22 9 -3
v 21 9 -3
v -20 8 -4
v -20 8 -3
v -19 8 -3
v -18 9 -3
v -17 9 -3
v -17 8 -3
v -18 8 -3
v 18 8 -3
v 18 9 -3
v 19 9 -3
v 19 8 -3
v 21 8 -4
v 21 8 -3
v 20 8 -3
v -19 7 -4
v -19 7 -3
v -18 7 -3
v -17 7 -3
v -16 8 -3
v -16 7 -3
v 17 7 -3
v 17 8 -3
v 18 7 -3
v 19 7 -3
v 20 7 -4
v 20 7 -3
v -17 6 -3
v -16 6 -3
v -15 7 -3
v -14 7 -4
v -14 7 -3
v -14 6 -3
v -15 6 -3
v 15 6 -3
v 15 7 -3
v 15 7 -4
v 16 7 -3
v 16 6 -3
v 18 6 -3
v 17 6 -3
v -16 5 -4
v -16 5 -3
v -15 5 -3
v -13 5 -4
v -13 6 -4
v -13 6 -3
v -13 5 -3
v -14 5 -3
v 14 5 -4
v 14 5 -3
v 14 6 -3
v 14 6 -4
v 15 5 -3
v 17 5 -4
v 17 5 -3
v 16 5 -3
v -15 4 -4
v -15 4 -3
v -14 4 -4
v -14 4 -3
v -13 4 -4
v -12 4 -4
v -12 5 -4
v -12 5 -3
v -12 4 -3
v -13 4 -3
v 13 4 -4
v 13 4 -3
v 13 5 -3
v 13 5 -4
v 14 4 -4
v 14 4 -3
v 15 4 -4
v 16 4 -4
v 16 4 -3
v 15 4 -3
v -14 3 -4
v -14 3 -3
v -13 3 -4
v -13 3 -3
v -12 3 -4
v -12 3 -3
v 13 3 -4
v 13 3 -3
v 14 3 -4
v 14 3 -3
v 15 3 -4
v 15 3 -3
v -4 -2 -3
v -4 -1 -3
v -3 -1 -3
v -2 -1 -3
v -1 -1 -3
v 0 -1 -3
v 1 -1 -3
v 2 -1 -3
v 3 -1 -3
v 4 -1 -3
v 5 -1 -3
v 5 -2 -3
v -6 -3 -3
v -6 -2 -3
v -5 -2 -3
v 6 -2 -3
v 7 -2 -3
v 7 -3 -3
v -8 -4 -3
v -8 -3 -3
v -7 -3 -3
v 8 -3 -3
v 9 -3 -3
v 9 -4 -3
v -9 -5 -3
v -9 -4 -3
v 10 -4 -3
v 10 -5 -3
v -9 -6 -3
v 10 -6 -3
v -10 -7 -3
v -10 -6 -3
v 11 -6 -3
v 11 -7 -3
v -10 -8 -3
v 11 -8 -3
v -10 -9 -3
v 11 -9 -3
v -10 -10 -3
v 11 -10 -3
v -10 -11 -3
v -9 -11 -3
v 11 -11 -3
v 10 -11 -3
v -9 -12 -3
v 10 -12 -3
v -9 -13 -3
v -8 -13 -3
v 10 -13 -3
v 9 -13 -3
v -8 -14 -3
v -7 -14 -3
v -6 -14 -3
v 8 -14 -3
v 7 -14 -3
v 9 -14 -3
v -6 -15 -3
v -5 -15 -3
v -4 -15 -3
v 6 -15 -3
v 5 -15 -3
v 7 -15 -3
v -4 -16 -3
v -3 -16 -3
v -2 -16 -3
v -1 -16 -3
v 0 -16 -3
v 1 -16 -3
v 2 -16 -3
v 3 -16 -3
v 4 -16 -3
v 5 -16 -3
v -12 -19 -3
v -12 -18 -3
v -11 -18 -3
v -11 -19 -3
v -10 -18 -3
v -10 -19 -3
v 11 -19 -3
v 11 -18 -3
v 12 -18 -3
v 12 -19 -3
v 13 -18 -3
v 13 -19 -3
v -13 -20 -3
v -13 -19 -3
v -12 -20 -3
v -11 -20 -3
v -10 -20 -3
v 11 -20 -3
v 12 -20 -3
v 13 -20 -3
v 14 -19 -3
v 14 -20 -3
v -14 -21 -3
v -14 -20 -3
v -13 -21 -3
v -12 -21 -3
v -11 -21 -3
v -10 -21 -3
v 11 -21 -3
v 12 -21 -3
v 13 -21 -3
v 14 -21 -3
v 15 -20 -3
v 15 -21 -3
v -14 -22 -3
v -13 -22 -3
v -12 -22 -3
v -10 -22 -3
v -11 -22 -3
v 11 -22 -3
v 12 -22 -3
v 13 -22 -3
v 14 -22 -3
v 15 -22 -3
v -14 -23 -3
v -13 -23 -3
v -11 -23 -3
v -10 -23 -3
v -9 -22 -3
v -9 -23 -3
v 10 -23 -3
v 10 -22 -3
v 11 -23 -3
v 12 -23 -3
v 15 -23 -3
v 14 -23 -3
v -15 -24 -3
v -15 -23 -3
v -14 -24 -3
v -10 -24 -3
v 11 -24 -3
v 16 -23 -3
v 16 -24 -3
v 15 -24 -3
v -15 -25 -3
v -10 -25 -3
v 11 -25 -3
v 16 -25 -3
v -15 -26 -3
v -10 -26 -3
v 11 -26 -3
v 16 -26 -3
v -15 -27 -3
v -10 -27 -3
v 11 -27 -3
v 16 -27 -3
v -15 -28 -3
v -14 -28 -3
v -14 -27 -3
v -13 -28 -3
v -12 -28 -3
v -11 -28 -3
v -10 -28 -3
v -11 -27 -3
v 11 -28 -3
v 12 -28 -3
v 12 -27 -3
v 13 -28 -3
v 14 -28 -3
v 15 -28 -3
v 16 -28 -3
v 15 -27 -3
v -28 14 -2
v -28 15 -2
v -27 15 -2
v -27 14 -2
v 28 14 -2
v 28 15 -2
v 29 15 -2
v 29 14 -2
v -28 13 -2
v -27 13 -2
v -26 14 -2
v -25 14 -2
v -25 13 -2
v -26 13 -2
v 26 13 -2
v 26 14 -2
v 27 14 -2
v 27 13 -2
v 29 13 -2
v 28 13 -2
v -27 12 -3
v -27 12 -2
v -26 12 -2
v -25 12 -2
v -24 13 -2
v -24 12 -2
v 25 12 -2
v 25 13 -2
v 27 12 -2
v 26 12 -2
v 28 12 -3
v 28 12 -2
v -25 11 -3
v -25 11 -2
v -24 11 -2
v -23 11 -2
v -23 12 -2
v -22 12 -2
v -22 11 -2
v 23 11 -2
v 23 12 -2
v 24 12 -2
v 24 11 -2
v 25 11 -2
v 26 11 -3
v 26 11 -2
v -23 10 -2
v -22 10 -2
v -21 11 -2
v -21 10 -2
v 22 10 -2
v 22 11 -2
v 23 10 -2
v 24 10 -2
v -22 9 -3
v -22 9 -2
v -21 9 -2
v -20 10 -2
v -19 10 -2
v -19 9 -2
v -20 9 -2
v 20 9 -2
v 20 10 -2
v 21 10 -2
v 21 9 -2
v 23 9 -3
v 23 9 -2
v 22 9 -2
v -21 8 -3
v -21 8 -2
v -20 8 -2
v -19 8 -2
v -18 9 -2
v -18 8 -2
v 19 8 -2
v 19 9 -2
v 20 8 -2
v 21 8 -2
v 22 8 -3
v 22 8 -2
v -19 7 -2
v -18 7 -2
v -17 8 -2
v -17 7 -2
v 18 7 -2
v 18 8 -2
v 19 7 -2
v 20 7 -2
v -18 6 -3
v -18 6 -2
v -17 6 -2
v -16 7 -2
v -15 7 -2
v -15 6 -2
v -16 6 -2
v 16 6 -2
v 16 7 -2
v 17 7 -2
v 17 6 -2
v 19 6 -3
v 19 6 -2
v 18 6 -2
v -17 5 -3
v -17 5 -2
v -16 5 -2
v -15 5 -2
v -14 6 -2
v -14 5 -2
v 15 5 -2
v 15 6 -2
v 16 5 -2
v 17 5 -2
v 18 5 -3
v 18 5 -2
v -15 4 -2
v -14 4 -2
v -13 5 -2
v -13 4 -2
v 14 4 -2
v 14 5 -2
v 15 4 -2
v 16 4 -2
v -14 3 -2
v -13 3 -2
v -12 4 -2
v -11 3 -3
v -11 4 -3
v -11 4 -2
v -11 3 -2
v -12 3 -2
v 12 3 -3
v 12 3 -2
v 12 4 -2
v 12 4 -3
v 13 4 -2
v 13 3 -2
v 15 3 -2
v 14 3 -2
v -13 2 -3
v -13 2 -2
v -12 2 -3
v -12 2 -2
v -11 2 -3
v -10 2 -3
v -10 3 -3
v -10 3 -2
v -10 2 -2
v -11 2 -2
v 11 2 -3
v 11 2 -2
v 11 3 -2
v 11 3 -3
v 12 2 -3
v 12 2 -2
v 13 2 -3
v 14 2 -3
v 14 2 -2
v 13 2 -2
v -12 1 -3
v -12 1 -2
v -11 1 -3
v -11 1 -2
v -10 1 -3
v -10 1 -2
v 11 1 -3
v 11 1 -2
v 12 1 -3
v 12 1 -2
v 13 1 -3
v 13 1 -2
v -10 0 -3
v -10 0 -2
v -9 0 -3
v -9 1 -3
v -9 1 -2
v -9 0 -2
v -1 0 -3
v -1 0 -2
v -1 1 -2
v -1 1 -3
v 0 0 -3
v 0 1 -3
v 0 1 -2
v 0 0 -2
v 10 0 -3
v 10 0 -2
v 10 1 -2
v 10 1 -3
v 11 0 -3
v 11 0 -2
v -1 -1 -2
v 0 -1 -2
v -5 -2 -2
v -5 -1 -2
v -5 -1 -3
v -4 -1 -2
v -3 -1 -2
v -2 -1 -2
v 1 -1 -2
v 2 -1 -2
v 3 -1 -2
v 4 -1 -2
v 5 -1 -2
v 6 -1 -3
v 6 -1 -2
v 6 -2 -2
v -7 -3 -2
v -7 -2 -2
v -7 -2 -3
v -6 -2 -2
v 7 -2 -2
v 8 -2 -3
v 8 -2 -2
v 8 -3 -2
v -8 -4 -2
v -8 -3 -2
v 9 -3 -2
v 9 -4 -2
v -9 -5 -2
v -9 -4 -2
v 10 -4 -2
v 10 -5 -2
v -10 -6 -2
v -10 -5 -2
v -10 -5 -3
v 11 -5 -3
v 11 -5 -2
v 11 -6 -2
v -10 -7 -2
v 11 -7 -2
v -10 -8 -2
v 11 -8 -2
v -10 -9 -2
v 11 -9 -2
v -10 -10 -2
v 11 -10 -2
v -10 -11 -2
v 11 -11 -2
v -10 -12 -3
v -10 -12 -2
v -9 -12 -2
v 11 -12 -3
v 11 -12 -2
v 10 -12 -2
v -9 -13 -2
v -8 -13 -2
v 10 -13 -2
v 9 -13 -2
v -8 -14 -2
v -7 -14 -2
v 9 -14 -2
v 8 -14 -2
v -7 -15 -3
v -7 -15 -2
v -6 -15 -2
v -5 -15 -2
v 7 -15 -2
v 6 -15 -2
v 8 -15 -3
v 8 -15 -2
v -5 -16 -3
v -5 -16 -2
v -4 -16 -2
v -3 -16 -2
v -2 -16 -2
v -1 -16 -2
v 0 -16 -2
v 1 -16 -2
v 2 -16 -2
v 3 -16 -2
v 4 -16 -2
v 5 -16 -2
v 6 -16 -3
v 6 -16 -2
v -12 -22 -2
v -12 -21 -2
v -11 -21 -2
v -11 -22 -2
v 12 -22 -2
v 12 -21 -2
v 13 -21 -2
v 13 -22 -2
v -13 -23 -2
v -13 -22 -2
v -12 -23 -2
v -11 -23 -2
v 12 -23 -2
v 13 -23 -2
v 14 -22 -2
v 14 -23 -2
v -14 -24 -2
v -14 -23 -2
v -13 -24 -2
v -12 -24 -2
v -11 -24 -2
v -10 -23 -2
v -10 -24 -2
v 11 -24 -2
v 11 -23 -2
v 12 -24 -2
v 13 -24 -2
v 14 -24 -2
v 15 -23 -2
v 15 -24 -2
v -15 -25 -2
v -15 -24 -2
v -14 -25 -2
v -13 -25 -2
v -12 -25 -2
v -11 -25 -2
v -10 -25 -2
v 11 -25 -2
v 12 -25 -2
v 13 -25 -2
v 14 -25 -2
v 15 -25 -2
v 16 -24 -2
v 16 -25 -2
v -15 -26 -2
v -14 -26 -2
v -13 -26 -2
v -12 -26 -2
v -11 -26 -2
v -10 -26 -2
v 11 -26 -2
v 12 -26 -2
v 13 -26 -2
v 14 -26 -2
v 15 -26 -2
v 16 -26 -2
v -15 -27 -2
v -14 -27 -2
v -13 -27 -2
v -12 -27 -2
v -11 -27 -2
v -10 -27 -2
v 11 -27 -2
v 12 -27 -2
v 13 -27 -2
v 14 -27 -2
v 15 -27 -2
v 16 -27 -2
v -14 -28 -2
v -13 -28 -2
v -12 -28 -2
v -11 -28 -2
v 12 -28 -2
v 13 -28 -2
v 14 -28 -2
v 15 -28 -2
v -28 13 -1
v -28 14 -1
v -27 14 -1
v -26 14 -1
v -26 13 -1
v -27 13 -1
v 27 13 -1
v 27 14 -1
v 28 14 -1
v 28 13 -1
v 29 14 -1
v 29 13 -1
v -28 12 -2
v -28 12 -1
v -27 12 -1
v -26 12 -1
v -25 13 -1
v -24 13 -1
v -24 12 -1
v -25 12 -1
v 25 12 -1
v 25 13 -1
v 26 13 -1
v 26 12 -1
v 28 12 -1
v 27 12 -1
v 29 12 -2
v 29 12 -1
v -26 11 -2
v -26 11 -1
v -25 11 -1
v -24 11 -1
v -23 12 -1
v -23 11 -1
v 24 11 -1
v 24 12 -1
v 25 11 -1
v 26 11 -1
v 27 11 -2
v 27 11 -1
v -24 10 -2
v -24 10 -1
v -23 10 -1
v -22 11 -1
v -22 10 -1
v 23 10 -1
v 23 11 -1
v 25 10 -2
v 25 10 -1
v 24 10 -1
v -23 9 -2
v -23 9 -1
v -22 9 -1
v -21 9 -1
v -21 10 -1
v -20 10 -1
v -20 9 -1
v 21 9 -1
v 21 10 -1
v 22 10 -1
v 22 9 -1
v 23 9 -1
v 24 9 -2
v 24 9 -1
v -21 8 -1
v -20 8 -1
v -19 9 -1
v -19 8 -1
v 20 8 -1
v 20 9 -1
v 21 8 -1
v 22 8 -1
v -20 7 -2
v -20 7 -1
v -19 7 -1
v -18 8 -1
v -18 7 -1
v 19 7 -1
v 19 8 -1
v 21 7 -2
v 21 7 -1
v 20 7 -1
v -19 6 -2
v -19 6 -1
v -18 6 -1
v -17 7 -1
v -16 7 -1
v -16 6 -1
v -17 6 -1
v 17 6 -1
v 17 7 -1
v 18 7 -1
v 18 6 -1
v 20 6 -2
v 20 6 -1
v 19 6 -1
v -18 5 -2
v -18 5 -1
v -17 5 -1
v -16 5 -1
v -15 6 -1
v -15 5 -1
v 0 5 -2
v 0 5 -1
v 0 6 -1
v 0 6 -2
v 1 5 -2
v 1 6 -2
v 1 6 -1
v 1 5 -1
v 16 5 -1
v 16 6 -1
v 17 5 -1
v 18 5 -1
v 19 5 -2
v 19 5 -1
v -16 4 -2
v -16 4 -1
v -15 4 -1
v -14 5 -1
v -14 4 -1
v 0 4 -2
v 0 4 -1
v 1 4 -2
v 1 4 -1
v 15 4 -1
v 15 5 -1
v 17 4 -2
v 17 4 -1
v 16 4 -1
v -15 3 -2
v -15 3 -1
v -14 3 -1
v -13 4 -1
v -12 4 -1
v -12 3 -1
v -13 3 -1
v 0 3 -2
v 0 3 -1
v 1 3 -2
v 1 3 -1
v 13 3 -1
v 13 4 -1
v 14 4 -1
v 14 3 -1
v 16 3 -2
v 16 3 -1
v 15 3 -1
v -14 2 -2
v -14 2 -1
v -13 2 -1
v -12 2 -1
v -11 3 -1
v -11 2 -1
v -1 2 -2
v -1 2 -1
v -1 3 -1
v -1 3 -2
v 0 2 -2
v 0 2 -1
v 1 2 -2
v 1 2 -1
v 2 2 -2
v 2 3 -2
v 2 3 -1
v 2 2 -1
v 12 2 -1
v 12 3 -1
v 13 2 -1
v 14 2 -1
v 15 2 -2
v 15 2 -1
v -12 1 -1
v -11 1 -1
v -10 2 -1
v -9 2 -2
v -9 2 -1
v -9 1 -1
v -10 1 -1
v -1 1 -1
v 0 1 -1
v 1 1 -2
v 1 1 -1
v 2 1 -2
v 2 1 -1
v 10 1 -1
v 10 2 -1
v 10 2 -2
v 11 2 -1
v 11 1 -1
v 13 1 -1
v 12 1 -1
v -11 0 -2
v -11 0 -1
v -10 0 -1
v -8 0 -2
v -8 1 -2
v -8 1 -1
v -8 0 -1
v -9 0 -1
v -1 0 -1
v 0 0 -1
v 1 0 -2
v 1 0 -1
v 2 0 -2
v 2 0 -1
v 9 0 -2
v 9 0 -1
v 9 1 -1
v 9 1 -2
v 10 0 -1
v 12 0 -2
v 12 0 -1
v 11 0 -1
v -10 -1 -2
v -10 -1 -1
v -9 -1 -2
v -9 -1 -1
v -8 -1 -2
v -7 -1 -2
v -7 0 -2
v -7 0 -1
v -7 -1 -1
v -8 -1 -1
v -1 -1 -1
v 0 -1 -1
v 2 -1 -1
v 8 -1 -2
v 8 -1 -1
v 8 0 -1
v 8 0 -2
v 9 -1 -2
v 9 -1 -1
v 10 -1 -2
v 11 -1 -2
v 11 -1 -1
v 10 -1 -1
v -9 -2 -2
v -9 -2 -1
v -8 -2 -2
v -8 -2 -1
v -7 -2 -1
v -5 -2 -1
v -5 -1 -1
v -4 -1 -1
v -3 -1 -1
v -2 -1 -1
v 3 -1 -1
v 4 -1 -1
v 5 -1 -1
v 6 -1 -1
v 6 -2 -1
v 8 -2 -1
v 9 -2 -2
v 9 -2 -1
v 10 -2 -2
v 10 -2 -1
v -7 -3 -1
v -6 -2 -1
v 7 -2 -1
v 8 -3 -1
v -8 -4 -1
v -8 -3 -1
v 9 -3 -1
v 9 -4 -1
v -9 -5 -1
v -9 -4 -1
v 10 -4 -1
v 10 -5 -1
v -10 -6 -1
v -10 -5 -1
v 11 -5 -1
v 11 -6 -1
v -10 -7 -1
v 11 -7 -1
v -10 -8 -1
v 11 -8 -1
v -10 -9 -1
v 11 -9 -1
v -10 -10 -1
v 11 -10 -1
v -10 -11 -1
v 11 -11 -1
v -10 -12 -1
v -9 -12 -1
v 11 -12 -1
v 10 -12 -1
v -9 -13 -1
v -8 -13 -1
v 10 -13 -1
v 9 -13 -1
v -8 -14 -1
v -7 -14 -1
v 9 -14 -1
v 8 -14 -1
v -7 -15 -1
v -6 -15 -1
v -5 -15 -1
v 7 -15 -1
v 6 -15 -1
v 8 -15 -1
v -5 -16 -1
v -4 -16 -1
v -3 -16 -1
v -2 -16 -1
v -1 -16 -1
v 0 -16 -1
v 1 -16 -1
v 2 -16 -1
v 3 -16 -1
v 4 -16 -1
v 5 -16 -1
v 6 -16 -1
v -13 -26 -1
v -13 -25 -1
v -12 -25 -1
v -12 -26 -1
v 13 -26 -1
v 13 -25 -1
v 14 -25 -1
v 14 -26 -1
v -15 -27 -1
v -15 -26 -1
v -14 -26 -1
v -14 -27 -1
v -13 -27 -1
v -12 -27 -1
v -11 -27 -1
v -11 -26 -1
v -10 -26 -1
v -10 -27 -1
v 11 -27 -1
v 11 -26 -1
v 12 -26 -1
v 12 -27 -1
v 13 -27 -1
v 14 -27 -1
v 15 -27 -1
v 15 -26 -1
v 16 -26 -1
v 16 -27 -1
v -28 13 0
v -28 14 0
v -27 14 0
v -27 13 0
v 28 13 0
v 28 14 0
v 29 14 0
v 29 13 0
v -28 12 0
v -27 12 0
v -26 13 0
v -25 13 0
v -25 12 0
v -26 12 0
v 26 12 0
v 26 13 0
v 27 13 0
v 27 12 0
v 29 12 0
v 28 12 0
v -27 11 -1
v -27 11 0
v -26 11 0
v -25 11 0
v -24 12 0
v -24 11 0
v 25 11 0
v 25 12 0
v 26 11 0
v 27 11 0
v 28 11 -1
v 28 11 0
v -25 10 -1
v -25 10 0
v -24 10 0
v -23 11 0
v -22 11 0
v -22 10 0
v -23 10 0
v 23 10 0
v 23 11 0
v 24 11 0
v 24 10 0
v 26 10 -1
v 26 10 0
v 25 10 0
v -24 9 -1
v -24 9 0
v -23 9 0
v -22 9 0
v -21 10 0
v -21 9 0
v 22 9 0
v 22 10 0
v 23 9 0
v 24 9 0
v 25 9 -1
v 25 9 0
v -22 8 -1
v -22 8 0
v -21 8 0
v -20 9 0
v -20 8 0
v 21 8 0
v 21 9 0
v 23 8 -1
v 23 8 0
v 22 8 0
v -21 7 -1
v -21 7 0
v -20 7 0
v -19 8 0
v -18 8 0
v -18 7 0
v -19 7 0
v 19 7 0
v 19 8 0
v 20 8 0
v 20 7 0
v 22 7 -1
v 22 7 0
v 21 7 0
v -20 6 -1
v -20 6 0
v -19 6 0
v -18 6 0
v -17 7 0
v -17 6 0
v 18 6 0
v 18 7 0
v 19 6 0
v 20 6 0
v 21 6 -1
v 21 6 0
v -18 5 0
v -17 5 0
v -16 6 0
v -16 5 0
v 17 5 0
v 17 6 0
v 18 5 0
v 19 5 0
v -17 4 -1
v -17 4 0
v -16 4 0
v -15 5 0
v -14 5 0
v -14 4 0
v -15 4 0
v 15 4 0
v 15 5 0
v 16 5 0
v 16 4 0
v 18 4 -1
v 18 4 0
v 17 4 0
v -16 3 -1
v -16 3 0
v -15 3 0
v -14 3 0
v -13 4 0
v -13 3 0
v 14 3 0
v 14 4 0
v 15 3 0
v 16 3 0
v 17 3 -1
v 17 3 0
v -14 2 0
v -13 2 0
v -12 3 0
v -12 2 0
v 13 2 0
v 13 3 0
v 14 2 0
v 15 2 0
v -13 1 -1
v -13 1 0
v -12 1 0
v -11 2 0
v -10 2 0
v -10 1 0
v -11 1 0
v 11 1 0
v 11 2 0
v 12 2 0
v 12 1 0
v 14 1 -1
v 14 1 0
v 13 1 0
v -12 0 -1
v -12 0 0
v -11 0 0
v -10 0 0
v -9 1 0
v -9 0 0
v 1 0 0
v 1 1 0
v 2 1 0
v 2 0 0
v 10 0 0
v 10 1 0
v 11 0 0
v 12 0 0
v 13 0 -1
v 13 0 0
v -10 -1 0
v -9 -1 0
v -8 0 0
v -8 -1 0
v 0 -1 0
v 0 0 0
v 1 -1 0
v 2 -1 0
v 9 -1 0
v 9 0 0
v 11 -1 0
v 10 -1 0
v -9 -2 0
v -8 -2 0
v -7 -1 0
v -6 -1 -1
v -6 -1 0
v -6 -2 0
v -7 -2 0
v -5 -2 0
v -5 -1 0
v -4 -1 0
v -3 -1 0
v -2 -1 0
v -1 -1 0
v 3 -1 0
v 4 -1 0
v 5 -1 0
v 6 -1 0
v 6 -2 0
v 7 -2 0
v 7 -1 0
v 7 -1 -1
v 8 -1 0
v 8 -2 0
v 10 -2 0
v 9 -2 0
v -8 -3 0
v 9 -3 0
v -8 -4 0
v 9 -4 0
v -9 -5 0
v -9 -4 0
v 10 -4 0
v 10 -5 0
v -10 -6 0
v -10 -5 0
v 11 -5 0
v 11 -6 0
v -10 -7 0
v 11 -7 0
v -10 -8 0
v 11 -8 0
v -11 -9 -1
v -11 -9 0
v -11 -8 0
v -11 -8 -1
v -10 -9 0
v 12 -9 -1
v 12 -8 -1
v 12 -8 0
v 12 -9 0
v 11 -9 0
v -10 -10 0
v 11 -10 0
v -10 -11 0
v 11 -11 0
v -10 -12 0
v -9 -12 0
v 11 -12 0
v 10 -12 0
v -9 -13 0
v -8 -13 0
v 10 -13 0
v 9 -13 0
v -8 -14 0
v -7 -14 0
v 9 -14 0
v 8 -14 0
v -7 -15 0
v -6 -15 0
v -5 -15 0
v 7 -15 0
v 6 -15 0
v 8 -15 0
v -5 -16 0
v -4 -16 0
v -3 -16 0
v -2 -16 0
v -1 -16 0
v 0 -16 0
v 2 -16 0
v 1 -16 0
v 3 -16 0
v 4 -16 0
v 5 -16 0
v 6 -16 0
v 0 -17 -1
v 0 -17 0
v 1 -17 -1
v 1 -17 0
v -15 -27 0
v -15 -26 0
v -14 -26 0
v -14 -27 0
v -13 -27 0
v -13 -26 0
v -12 -26 0
v -12 -27 0
v -11 -27 0
v -11 -26 0
v -10 -26 0
v -10 -27 0
v 11 -27 0
v 11 -26 0
v 12 -26 0
v 12 -27 0
v 13 -27 0
v 13 -26 0
v 14 -26 0
v 14 -27 0
v 15 -27 0
v 15 -26 0
v 16 -26 0
v 16 -27 0
v -28 12 1
v -28 13 1
v -27 13 1
v -27 12 1
v -26 13 1
v -26 12 1
v 27 12 1
v 27 13 1
v 28 13 1
v 28 12 1
v 29 13 1
v 29 12 1
v -28 11 0
v -28 11 1
v -27 11 1
v -26 11 1
v -25 12 1
v -25 11 1
v 26 11 1
v 26 12 1
v 27 11 1
v 28 11 1
v 29 11 0
v 29 11 1
v -26 10 0
v -26 10 1
v -25 10 1
v -24 10 1
v -24 11 1
v -23 11 1
v -23 10 1
v 24 10 1
v 24 11 1
v 25 11 1
v 25 10 1
v 26 10 1
v 27 10 0
v 27 10 1
v -24 9 1
v -23 9 1
v -22 10 1
v -22 9 1
v 23 9 1
v 23 10 1
v 24 9 1
v 25 9 1
v -23 8 0
v -23 8 1
v -22 8 1
v -21 9 1
v -20 9 1
v -20 8 1
v -21 8 1
v 21 8 1
v 21 9 1
v 22 9 1
v 22 8 1
v 24 8 0
v 24 8 1
v 23 8 1
v -22 7 0
v -22 7 1
v -21 7 1
v -20 7 1
v -19 8 1
v -19 7 1
v 20 7 1
v 20 8 1
v 21 7 1
v 22 7 1
v 23 7 0
v 23 7 1
v -20 6 1
v -19 6 1
v -18 7 1
v -18 6 1
v 19 6 1
v 19 7 1
v 20 6 1
v 21 6 1
v -19 5 0
v -19 5 1
v -18 5 1
v -17 6 1
v -17 5 1
v 18 5 1
v 18 6 1
v 20 5 0
v 20 5 1
v 19 5 1
v -18 4 0
v -18 4 1
v -17 4 1
v -16 4 1
v -16 5 1
v -15 5 1
v -15 4 1
v 16 4 1
v 16 5 1
v 17 5 1
v 17 4 1
v 18 4 1
v 19 4 0
v 19 4 1
v -16 3 1
v -15 3 1
v -14 4 1
v -14 3 1
v 15 3 1
v 15 4 1
v 16 3 1
v 17 3 1
v -15 2 0
v -15 2 1
v -14 2 1
v -13 3 1
v -13 2 1
v 14 2 1
v 14 3 1
v 16 2 0
v 16 2 1
v 15 2 1
v -14 1 0
v -14 1 1
v -13 1 1
v -12 2 1
v -11 2 1
v -11 1 1
v -12 1 1
v 12 1 1
v 12 2 1
v 13 2 1
v 13 1 1
v 15 1 0
v 15 1 1
v 14 1 1
v -13 0 0
v -13 0 1
v -12 0 1
v -10 1 1
v -10 0 1
v 11 0 1
v 11 1 1
v 14 0 0
v 14 0 1
v 13 0 1
v -12 -1 0
v -12 -1 1
v -11 -1 0
v -11 -1 1
v -10 -1 1
v -9 0 1
v -9 -1 1
v -8 0 1
v -8 -1 1
v 9 -1 1
v 9 0 1
v 10 0 1
v 10 -1 1
v 11 -1 1
v 12 -1 0
v 12 -1 1
v 13 -1 0
v 13 -1 1
v -10 -2 0
v -10 -2 1
v -9 -2 1
v -7 -1 1
v -7 -2 1
v -8 -2 1
v -5 -2 1
v -5 -1 1
v -4 -1 1
v -3 -1 1
v -2 -1 1
v -1 -1 1
v 0 -1 1
v 1 -1 1
v 2 -1 1
v 3 -1 1
v 4 -1 1
v 5 -1 1
v 6 -1 1
v 6 -2 1
v 8 -2 1
v 8 -1 1
v 9 -2 1
v 11 -2 0
v 11 -2 1
v 10 -2 1
v -9 -3 0
v -9 -3 1
v -8 -3 1
v -7 -3 1
v -6 -2 1
v 7 -2 1
v 8 -3 1
v 9 -3 1
v 10 -3 0
v 10 -3 1
v -8 -4 1
v 9 -4 1
v -9 -5 1
v -9 -4 1
v 10 -4 1
v 10 -5 1
v -10 -6 1
v -10 -5 1
v 11 -5 1
v 11 -6 1
v -10 -7 1
v 11 -7 1
v -10 -8 1
v 11 -8 1
v -10 -9 1
v 11 -9 1
v -10 -10 1
v 11 -10 1
v -10 -11 1
v 11 -11 1
v -10 -12 1
v -9 -12 1
v 11 -12 1
v 10 -12 1
v -9 -13 1
v -8 -13 1
v 10 -13 1
v 9 -13 1
v -8 -14 1
v -7 -14 1
v 9 -14 1
v 8 -14 1
v -7 -15 1
v -6 -15 1
v -5 -15 1
v 7 -15 1
v 6 -15 1
v 8 -15 1
v -5 -16 1
v -4 -16 1
v -3 -16 1
v -2 -16 1
v -1 -16 1
v 0 -16 1
v 1 -16 1
v 2 -16 1
v 3 -16 1
v 4 -16 1
v 5 -16 1
v 6 -16 1
v -28 11 2
v -28 12 2
v -27 11 2
v -27 12 2
v -26 12 2
v -26 11 2
v 27 11 2
v 27 12 2
v 28 12 2
v 29 12 2
v 29 11 2
v 28 11 2
v -27 10 1
v -27 10 2
v -26 10 2
v -25 10 2
v -25 11 2
v -24 11 2
v -24 10 2
v 25 10 2
v 25 11 2
v 26 11 2
v 26 10 2
v 27 10 2
v 28 10 1
v 28 10 2
v -25 9 1
v -25 9 2
v -24 9 2
v -23 10 2
v -23 9 2
v 24 9 2
v 24 10 2
v 26 9 1
v 26 9 2
v 25 9 2
v -24 8 1
v -24 8 2
v -23 8 2
v -22 9 2
v -21 9 2
v -21 8 2
v -22 8 2
v 22 8 2
v 22 9 2
v 23 9 2
v 23 8 2
v 25 8 1
v 25 8 2
v 24 8 2
v -23 7 1
v -23 7 2
v -22 7 2
v -21 7 2
v -20 8 2
v -20 7 2
v 21 7 2
v 21 8 2
v 22 7 2
v 23 7 2
v 24 7 1
v 24 7 2
v -21 6 1
v -21 6 2
v -20 6 2
v -19 7 2
v -19 6 2
v 20 6 2
v 20 7 2
v 22 6 1
v 22 6 2
v 21 6 2
v -20 5 1
v -20 5 2
v -19 5 2
v -18 6 2
v -17 6 2
v -17 5 2
v -18 5 2
v 18 5 2
v 18 6 2
v 19 6 2
v 19 5 2
v 21 5 1
v 21 5 2
v 20 5 2
v -19 4 1
v -19 4 2
v -18 4 2
v -17 4 2
v -16 5 2
v -16 4 2
v 17 4 2
v 17 5 2
v 18 4 2
v 19 4 2
v 20 4 1
v 20 4 2
v -17 3 1
v -17 3 2
v -16 3 2
v -15 4 2
v -15 3 2
v 16 3 2
v 16 4 2
v 18 3 1
v 18 3 2
v 17 3 2
v -16 2 1
v -16 2 2
v -15 2 2
v -14 3 2
v -13 3 2
v -13 2 2
v -14 2 2
v 14 2 2
v 14 3 2
v 15 3 2
v 15 2 2
v 17 2 1
v 17 2 2
v 16 2 2
v -15 1 1
v -15 1 2
v -14 1 2
v -12 2 2
v -12 1 2
v -13 1 2
v 13 1 2
v 13 2 2
v 14 1 2
v 16 1 1
v 16 1 2
v 15 1 2
v -14 0 1
v -14 0 2
v -13 0 2
v -12 0 2
v -11 1 2
v -11 0 2
v -10 1 2
v -10 0 2
v -1 0 1
v -1 0 2
v -1 1 2
v -1 1 1
v 0 0 1
v 0 1 1
v 0 1 2
v 0 0 2
v 11 0 2
v 11 1 2
v 12 1 2
v 12 0 2
v 13 0 2
v 14 0 2
v 15 0 1
v 15 0 2
v -12 -1 2
v -11 -1 2
v -10 -1 2
v -1 -1 2
v 0 -1 2
v 11 -1 2
v 13 -1 2
v 12 -1 2
v -11 -2 1
v -11 -2 2
v -10 -2 2
v -9 -1 2
v -8 -1 2
v -8 -2 2
v -9 -2 2
v -5 -2 2
v -5 -1 2
v -4 -1 2
v -4 -2 2
v -3 -1 2
v -2 -1 2
v 1 -1 2
v 2 -1 2
v 3 -1 2
v 4 -1 2
v 5 -1 2
v 6 -1 2
v 6 -2 2
v 5 -2 2
v 9 -2 2
v 9 -1 2
v 10 -1 2
v 10 -2 2
v 12 -2 1
v 12 -2 2
v 11 -2 2
v -10 -3 1
v -10 -3 2
v -9 -3 2
v -8 -3 2
v -7 -3 2
v -7 -2 2
v -6 -2 2
v -6 -3 2
v 7 -2 2
v 8 -2 2
v 8 -3 2
v 7 -3 2
v 9 -3 2
v 10 -3 2
v 11 -3 1
v 11 -3 2
v -8 -4 2
v 9 -4 2
v -9 -5 2
v -9 -4 2
v 10 -4 2
v 10 -5 2
v -10 -6 2
v -10 -5 2
v -9 -6 2
v 11 -5 2
v 11 -6 2
v 10 -6 2
v -10 -7 2
v 11 -7 2
v -10 -8 2
v 11 -8 2
v -10 -9 2
v 11 -9 2
v -10 -10 2
v 11 -10 2
v -10 -11 2
v 11 -11 2
v -10 -12 2
v -9 -12 2
v -9 -11 2
v 11 -12 2
v 10 -12 2
v 10 -11 2
v -9 -13 2
v -8 -13 2
v 10 -13 2
v 9 -13 2
v -8 -14 2
v -7 -14 2
v 9 -14 2
v 8 -14 2
v -7 -15 2
v -6 -15 2
v -6 -14 2
v -5 -15 2
v 7 -15 2
v 6 -15 2
v 8 -15 2
v 7 -14 2
v -5 -16 2
v -4 -16 2
v -4 -15 2
v -3 -16 2
v -2 -16 2
v -1 -16 2
v 0 -16 2
v 1 -16 2
v 2 -16 2
v 3 -16 2
v 4 -16 2
v 5 -16 2
v 6 -16 2
v 5 -15 2
v -28 11 3
v -28 12 3
v -27 12 3
v -27 11 3
v -26 12 3
v -26 11 3
v 27 11 3
v 27 12 3
v 28 12 3
v 28 11 3
v 29 12 3
v 29 11 3
v -28 10 2
v -28 10 3
v -27 10 3
v -26 10 3
v -25 11 3
v -25 10 3
v 26 10 3
v 26 11 3
v 27 10 3
v 28 10 3
v 29 10 2
v 29 10 3
v -26 9 2
v -26 9 3
v -25 9 3
v -24 10 3
v -23 10 3
v -23 9 3
v -24 9 3
v 24 9 3
v 24 10 3
v 25 10 3
v 25 9 3
v 27 9 2
v 27 9 3
v 26 9 3
v -25 8 2
v -25 8 3
v -24 8 3
v -23 8 3
v -22 9 3
v -22 8 3
v 23 8 3
v 23 9 3
v 24 8 3
v 25 8 3
v 26 8 2
v 26 8 3
v -23 7 3
v -22 7 3
v -21 8 3
v -21 7 3
v 22 7 3
v 22 8 3
v 23 7 3
v 24 7 3
v -22 6 2
v -22 6 3
v -21 6 3
v -20 7 3
v -19 7 3
v -19 6 3
v -20 6 3
v 20 6 3
v 20 7 3
v 21 7 3
v 21 6 3
v 23 6 2
v 23 6 3
v 22 6 3
v -21 5 2
v -21 5 3
v -20 5 3
v -19 5 3
v -18 6 3
v -18 5 3
v 0 5 2
v 0 5 3
v 0 6 3
v 0 6 2
v 1 5 2
v 1 6 2
v 1 6 3
v 1 5 3
v 19 5 3
v 19 6 3
v 20 5 3
v 21 5 3
v 22 5 2
v 22 5 3
v -19 4 3
v -18 4 3
v -17 5 3
v -17 4 3
v 0 4 2
v 0 4 3
v 1 4 2
v 1 4 3
v 18 4 3
v 18 5 3
v 20 4 3
v 19 4 3
v -18 3 2
v -18 3 3
v -17 3 3
v -16 4 3
v -15 4 3
v -15 3 3
v -16 3 3
v 0 3 2
v 0 3 3
v 1 3 2
v 1 3 3
v 16 3 3
v 16 4 3
v 17 4 3
v 17 3 3
v 19 3 2
v 19 3 3
v 18 3 3
v -17 2 2
v -17 2 3
v -16 2 3
v -14 3 3
v -14 2 3
v -15 2 3
v -1 2 2
v -1 2 3
v -1 3 3
v -1 3 2
v 0 2 2
v 0 2 3
v 1 2 2
v 1 2 3
v 2 2 2
v 2 3 2
v 2 3 3
v 2 2 3
v 15 2 3
v 15 3 3
v 16 2 3
v 18 2 2
v 18 2 3
v 17 2 3
v -16 1 2
v -16 1 3
v -15 1 3
v -14 1 3
v -13 2 3
v -13 1 3
v -1 1 3
v 0 1 3
v 1 1 2
v 1 1 3
v 2 1 2
v 2 1 3
v 14 1 3
v 14 2 3
v 15 1 3
v 16 1 3
v 17 1 2
v 17 1 3
v -14 0 3
v -13 0 3
v -12 1 3
v -12 0 3
v -1 0 3
v 0 0 3
v 1 0 2
v 1 0 3
v 2 0 2
v 2 0 3
v 13 0 3
v 13 1 3
v 14 0 3
v 15 0 3
v -13 -1 2
v -13 -1 3
v -12 -1 3
v -11 0 3
v -10 0 3
v -10 -1 3
v -11 -1 3
v -1 -1 3
v 0 -1 3
v 1 -1 3
v 2 -1 3
v 11 -1 3
v 11 0 3
v 12 0 3
v 12 -1 3
v 14 -1 2
v 14 -1 3
v 13 -1 3
v -12 -2 2
v -12 -2 3
v -11 -2 3
v -9 -1 3
v -9 -2 3
v -10 -2 3
v -4 -2 3
v -4 -1 3
v -3 -1 3
v -2 -1 3
v 3 -1 3
v 4 -1 3
v 5 -1 3
v 5 -2 3
v 10 -2 3
v 10 -1 3
v 11 -2 3
v 13 -2 2
v 13 -2 3
v 12 -2 3
v -11 -3 2
v -11 -3 3
v -10 -3 3
v -9 -3 3
v -6 -3 3
v -6 -2 3
v -5 -2 3
v 6 -2 3
v 7 -2 3
v 7 -3 3
v 10 -3 3
v 11 -3 3
v 12 -3 2
v 12 -3 3
v -8 -4 3
v -8 -3 3
v -7 -3 3
v 8 -3 3
v 9 -3 3
v 9 -4 3
v -9 -5 3
v -9 -4 3
v 10 -4 3
v 10 -5 3
v -9 -6 3
v 10 -6 3
v -10 -7 3
v -10 -6 3
v 11 -6 3
v 11 -7 3
v -10 -8 3
v 11 -8 3
v -10 -9 3
v 11 -9 3
v -10 -10 3
v 11 -10 3
v -10 -11 3
v -9 -11 3
v 11 -11 3
v 10 -11 3
v -9 -12 3
v 10 -12 3
v -9 -13 3
v -8 -13 3
v 10 -13 3
v 9 -13 3
v -8 -14 3
v -7 -14 3
v -6 -14 3
v 8 -14 3
v 7 -14 3
v 9 -14 3
v -6 -15 3
v -5 -15 3
v -4 -15 3
v 6 -15 3
v 5 -15 3
v 7 -15 3
v -4 -16 3
v -3 -16 3
v -2 -16 3
v -1 -16 3
v 0 -16 3
v 1 -16 3
v 2 -16 3
v 3 -16 3
v 4 -16 3
v 5 -16 3
v -28 10 4
v -28 11 4
v -27 10 4
v -27 11 4
v -26 11 4
v -26 10 4
v 27 10 4
v 27 11 4
v 28 11 4
v 29 11 4
v 29 10 4
v 28 10 4
v -27 9 3
v -27 9 4
v -26 9 4
v -25 9 4
v -25 10 4
v -24 10 4
v -24 9 4
v 25 9 4
v 25 10 4
v 26 10 4
v 26 9 4
v 27 9 4
v 28 9 3
v 28 9 4
v -25 8 4
v -24 8 4
v -23 9 4
v -23 8 4
v 24 8 4
v 24 9 4
v 25 8 4
v 26 8 4
v -24 7 3
v -24 7 4
v -23 7 4
v -22 8 4
v -22 7 4
v 23 7 4
v 23 8 4
v 25 7 3
v 25 7 4
v 24 7 4
v -23 6 3
v -23 6 4
v -22 6 4
v -21 6 4
v -21 7 4
v -20 7 4
v -20 6 4
v 21 6 4
v 21 7 4
v 22 7 4
v 22 6 4
v 23 6 4
v 24 6 3
v 24 6 4
v -21 5 4
v -20 5 4
v -19 6 4
v -19 5 4
v 20 5 4
v 20 6 4
v 22 5 4
v 21 5 4
v -20 4 3
v -20 4 4
v -19 4 4
v -18 5 4
v -17 5 4
v -17 4 4
v -18 4 4
v 18 4 4
v 18 5 4
v 19 5 4
v 19 4 4
v 21 4 3
v 21 4 4
v 20 4 4
v -19 3 3
v -19 3 4
v -18 3 4
v -16 4 4
v -16 3 4
v -17 3 4
v 17 3 4
v 17 4 4
v 18 3 4
v 20 3 3
v 20 3 4
v 19 3 4
v -18 2 3
v -18 2 4
v -17 2 4
v -16 2 4
v -15 3 4
v -15 2 4
v 16 2 4
v 16 3 4
v 17 2 4
v 18 2 4
v 19 2 3
v 19 2 4
v -16 1 4
v -15 1 4
v -14 2 4
v -14 1 4
v 15 1 4
v 15 2 4
v 16 1 4
v 17 1 4
v -15 0 3
v -15 0 4
v -14 0 4
v -13 1 4
v -13 0 4
v 1 0 4
v 1 1 4
v 2 1 4
v 2 0 4
v 14 0 4
v 14 1 4
v 15 0 4
v 16 0 3
v 16 0 4
v -14 -1 3
v -14 -1 4
v -13 -1 4
v -12 0 4
v -11 0 4
v -11 -1 4
v -12 -1 4
v 1 -1 4
v 2 -1 4
v 12 -1 4
v 12 0 4
v 13 0 4
v 13 -1 4
v 15 -1 3
v 15 -1 4
v 14 -1 4
v -13 -2 3
v -13 -2 4
v -12 -2 4
v -10 -1 4
v -10 -2 4
v -11 -2 4
v -4 -2 4
v -4 -1 4
v -3 -1 4
v -3 -2 4
v -2 -1 4
v -1 -1 4
v 0 -1 4
v 3 -1 4
v 4 -1 4
v 5 -1 4
v 5 -2 4
v 4 -2 4
v 11 -2 4
v 11 -1 4
v 12 -2 4
v 14 -2 3
v 14 -2 4
v 13 -2 4
v -12 -3 3
v -12 -3 4
v -11 -3 4
v -10 -3 4
v -9 -2 4
v -9 -3 4
v -6 -3 4
v -6 -2 4
v -5 -2 4
v 6 -2 4
v 7 -2 4
v 7 -3 4
v 10 -3 4
v 10 -2 4
v 11 -3 4
v 12 -3 4
v 13 -3 3
v 13 -3 4
v -8 -4 4
v -8 -3 4
v -7 -3 4
v -7 -4 4
v 8 -3 4
v 9 -3 4
v 9 -4 4
v 8 -4 4
v -9 -5 4
v -9 -4 4
v -8 -5 4
v 10 -4 4
v 10 -5 4
v 9 -5 4
v -9 -6 4
v 10 -6 4
v -10 -7 4
v -10 -6 4
v -9 -7 4
v 11 -6 4
v 11 -7 4
v 10 -7 4
v -10 -8 4
v 11 -8 4
v -10 -9 4
v 11 -9 4
v -10 -10 4
v 11 -10 4
v -10 -11 4
v -9 -11 4
v 11 -11 4
v 10 -11 4
v -9 -12 4
v 10 -12 4
v -9 -13 4
v -8 -13 4
v 10 -13 4
v 9 -13 4
v -8 -14 4
v -7 -14 4
v -7 -13 4
v -6 -14 4
v 8 -14 4
v 7 -14 4
v 9 -14 4
v 8 -13 4
v -6 -15 4
v -5 -15 4
v -4 -15 4
v 6 -15 4
v 5 -15 4
v 7 -15 4
v -4 -16 4
v -3 -16 4
v -3 -15 4
v -2 -16 4
v -1 -16 4
v 0 -16 4
v 1 -16 4
v 2 -16 4
v 3 -16 4
v 4 -16 4
v 5 -16 4
v 4 -15 4
v -27 10 5
v -27 11 5
v -26 11 5
v -26 10 5
v 27 10 5
v 27 11 5
v 28 11 5
v 28 10 5
v -28 9 4
v -28 9 5
v -28 10 5
v -27 9 5
v -26 9 5
v -25 10 5
v -25 9 5
v 26 9 5
v 26 10 5
v 27 9 5
v 28 9 5
v 29 9 4
v 29 10 5
v 29 9 5
v -26 8 4
v -26 8 5
v -25 8 5
v -24 9 5
v -24 8 5
v 25 8 5
v 25 9 5
v 27 8 4
v 27 8 5
v 26 8 5
v -25 7 4
v -25 7 5
v -24 7 5
v -23 8 5
v -22 8 5
v -22 7 5
v -23 7 5
v 23 7 5
v 23 8 5
v 24 8 5
v 24 7 5
v 26 7 4
v 26 7 5
v 25 7 5
v -24 6 4
v -24 6 5
v -23 6 5
v -21 7 5
v -21 6 5
v 22 6 5
v 22 7 5
v 25 6 4
v 25 6 5
v 24 6 5
v -23 5 4
v -23 5 5
v -22 5 4
v -22 5 5
v -21 5 5
v -20 6 5
v -20 5 5
v -19 6 5
v -19 5 5
v 20 5 5
v 20 6 5
v 21 6 5
v 21 5 5
v 22 5 5
v 23 5 4
v 23 5 5
v 24 5 4
v 24 5 5
v -21 4 4
v -21 4 5
v -20 4 5
v -18 5 5
v -18 4 5
v -19 4 5
v 19 4 5
v 19 5 5
v 20 4 5
v 22 4 4
v 22 4 5
v 21 4 5
v -20 3 4
v -20 3 5
v -19 3 5
v -17 4 5
v -17 3 5
v -18 3 5
v 18 3 5
v 18 4 5
v 19 3 5
v 21 3 4
v 21 3 5
v 20 3 5
v -19 2 4
v -19 2 5
v -18 2 5
v -17 2 5
v -16 3 5
v -16 2 5
v 17 2 5
v 17 3 5
v 18 2 5
v 19 2 5
v 20 2 4
v 20 2 5
v -17 1 4
v -17 1 5
v -16 1 5
v -15 2 5
v -15 1 5
v 16 1 5
v 16 2 5
v 17 1 5
v 18 1 4
v 18 1 5
v -16 0 4
v -16 0 5
v -15 0 5
v -14 1 5
v -14 0 5
v 15 0 5
v 15 1 5
v 16 0 5
v 17 0 4
v 17 0 5
v -15 -1 4
v -15 -1 5
v -14 -1 5
v -13 0 5
v -12 0 5
v -12 -1 5
v -13 -1 5
v 13 -1 5
v 13 0 5
v 14 0 5
v 14 -1 5
v 16 -1 4
v 16 -1 5
v 15 -1 5
v -14 -2 4
v -14 -2 5
v -13 -2 5
v -12 -2 5
v -11 -1 5
v -11 -2 5
v -3 -2 5
v -3 -1 5
v -2 -1 5
v -2 -2 5
v -1 -1 5
v 0 -1 5
v 1 -1 5
v 2 -1 5
v 3 -1 5
v 4 -1 5
v 4 -2 5
v 3 -2 5
v 12 -2 5
v 12 -1 5
v 13 -2 5
v 14 -2 5
v 15 -2 4
v 15 -2 5
v -12 -3 5
v -11 -3 5
v -10 -2 5
v -10 -3 5
v -6 -3 5
v -6 -2 5
v -5 -2 5
v -5 -3 5
v -4 -2 5
v 5 -2 5
v 6 -2 5
v 7 -2 5
v 7 -3 5
v 6 -3 5
v 11 -3 5
v 11 -2 5
v 12 -3 5
v 13 -3 5
v -7 -4 5
v -7 -3 5
v 8 -3 5
v 8 -4 5
v -8 -5 5
v -8 -4 5
v 9 -4 5
v 9 -5 5
v -9 -6 5
v -9 -5 5
v 10 -5 5
v 10 -6 5
v -9 -7 5
v 10 -7 5
v -10 -8 5
v -10 -7 5
v -9 -8 5
v 11 -7 5
v 11 -8 5
v 10 -8 5
v -11 -9 4
v -11 -9 5
v -11 -8 5
v -11 -8 4
v 12 -9 4
v 12 -8 4
v 12 -8 5
v 12 -9 5
v -12 -10 4
v -12 -10 5
v -12 -9 5
v -12 -9 4
v -11 -10 4
v 12 -10 4
v 13 -10 4
v 13 -9 4
v 13 -9 5
v 13 -10 5
v -12 -11 4
v -12 -11 5
v -11 -11 4
v 12 -11 4
v 13 -11 4
v 13 -11 5
v -12 -12 4
v -12 -12 5
v -11 -12 4
v -10 -12 4
v 11 -12 4
v 12 -12 4
v 13 -12 4
v 13 -12 5
v -12 -13 4
v -12 -13 5
v -11 -13 4
v -11 -13 5
v -10 -13 4
v -8 -13 5
v -9 -13 5
v -7 -13 5
v 9 -13 5
v 8 -13 5
v 10 -13 5
v 11 -13 4
v 12 -13 4
v 13 -13 4
v 13 -13 5
v 12 -13 5
v -11 -14 4
v -11 -14 5
v -10 -14 4
v -9 -14 4
v -9 -14 5
v -10 -14 5
v -7 -14 5
v -6 -14 5
v 8 -14 5
v 7 -14 5
v 10 -14 4
v 10 -14 5
v 11 -14 4
v 11 -14 5
v 12 -14 4
v 12 -14 5
v -11 -15 4
v -11 -15 5
v -10 -15 4
v -10 -15 5
v -6 -15 5
v -5 -15 5
v -5 -14 5
v -4 -15 5
v -3 -15 5
v 5 -15 5
v 4 -15 5
v 6 -15 5
v 7 -15 5
v 6 -14 5
v 11 -15 4
v 11 -15 5
v 12 -15 4
v 12 -15 5
v -3 -16 5
v -2 -16 5
v -2 -15 5
v -1 -16 5
v 0 -16 5
v 1 -16 5
v 2 -16 5
v 3 -16 5
v 4 -16 5
v 3 -15 5
v -27 9 6
v -27 10 6
v -26 10 6
v -26 9 6
v 27 9 6
v 27 10 6
v 28 10 6
v 28 9 6
v -27 8 5
v -27 8 6
v -26 8 6
v -25 9 6
v -24 9 6
v -24 8 6
v -25 8 6
v 25 8 6
v 25 9 6
v 26 9 6
v 26 8 6
v 28 8 5
v 28 8 6
v 27 8 6
v -26 7 5
v -26 7 6
v -25 7 6
v -23 8 6
v -23 7 6
v -24 7 6
v 24 7 6
v 24 8 6
v 25 7 6
v 27 7 5
v 27 7 6
v 26 7 6
v -25 6 5
v -25 6 6
v -24 6 6
v -23 6 6
v -22 7 6
v -22 6 6
v -21 7 6
v -21 6 6
v 22 6 6
v 22 7 6
v 23 7 6
v 23 6 6
v 24 6 6
v 25 6 6
v 26 6 5
v 26 6 6
v -23 5 6
v -22 5 6
v -21 5 6
v 22 5 6
v 23 5 6
v 24 5 6
v -22 4 5
v -22 4 6
v -21 4 6
v -20 5 6
v -19 5 6
v -19 4 6
v -20 4 6
v 20 4 6
v 20 5 6
v 21 5 6
v 21 4 6
v 23 4 5
v 23 4 6
v 22 4 6
v -21 3 5
v -21 3 6
v -20 3 6
v -18 4 6
v -18 3 6
v -19 3 6
v 19 3 6
v 19 4 6
v 20 3 6
v 22 3 5
v 22 3 6
v 21 3 6
v -20 2 5
v -20 2 6
v -19 2 6
v -18 2 6
v -17 3 6
v -17 2 6
v 18 2 6
v 18 3 6
v 19 2 6
v 20 2 6
v 21 2 5
v 21 2 6
v -18 1 5
v -18 1 6
v -17 1 6
v -16 2 6
v -16 1 6
v 17 1 6
v 17 2 6
v 18 1 6
v 19 1 5
v 19 1 6
v -17 0 5
v -17 0 6
v -16 0 6
v -15 1 6
v -15 0 6
v -1 0 5
v -1 0 6
v -1 1 6
v -1 1 5
v 0 0 5
v 0 1 5
v 0 1 6
v 0 0 6
v 16 0 6
v 16 1 6
v 18 0 5
v 18 0 6
v 17 0 6
v -16 -1 5
v -16 -1 6
v -15 -1 6
v -14 0 6
v -13 0 6
v -13 -1 6
v -14 -1 6
v -1 -1 6
v 0 -1 6
v 14 -1 6
v 14 0 6
v 15 0 6
v 15 -1 6
v 17 -1 5
v 17 -1 6
v 16 -1 6
v -15 -2 5
v -15 -2 6
v -14 -2 6
v -13 -2 6
v -12 -1 6
v -12 -2 6
v -2 -2 6
v -2 -1 6
v -1 -2 6
v 1 -1 6
v 2 -1 6
v 3 -1 6
v 3 -2 6
v 2 -2 6
v 13 -2 6
v 13 -1 6
v 14 -2 6
v 15 -2 6
v 16 -2 5
v 16 -2 6
v -13 -3 5
v -13 -3 6
v -12 -3 6
v -11 -2 6
v -11 -3 6
v -5 -3 6
v -5 -2 6
v -4 -2 6
v -3 -2 6
v 4 -2 6
v 5 -2 6
v 6 -2 6
v 6 -3 6
v 12 -3 6
v 12 -2 6
v 13 -3 6
v 14 -3 5
v 14 -3 6
v -7 -4 6
v -7 -3 6
v -6 -3 6
v -6 -4 6
v 7 -3 6
v 8 -3 6
v 8 -4 6
v 7 -4 6
v -8 -5 6
v -8 -4 6
v 9 -4 6
v 9 -5 6
v -9 -6 6
v -9 -5 6
v -8 -6 6
v 10 -5 6
v 10 -6 6
v 9 -6 6
v -9 -7 6
v 10 -7 6
v -9 -8 6
v 10 -8 6
v -12 -9 6
v -12 -8 6
v -12 -8 5
v -11 -8 6
v -10 -8 6
v 11 -8 6
v 12 -8 6
v 13 -8 5
v 13 -8 6
v 13 -9 6
v -12 -10 6
v 13 -10 6
v -12 -11 6
v 13 -11 6
v -12 -12 6
v 13 -12 6
v -12 -13 6
v -7 -13 6
v -8 -13 6
v 9 -13 6
v 8 -13 6
v 13 -13 6
v -13 -14 5
v -13 -14 6
v -13 -13 6
v -13 -13 5
v -12 -14 5
v -12 -14 6
v -8 -14 5
v -8 -14 6
v -7 -14 6
v -6 -14 6
v -6 -13 6
v -5 -14 6
v 7 -14 6
v 6 -14 6
v 8 -14 6
v 7 -13 6
v 9 -14 5
v 9 -14 6
v 13 -14 5
v 14 -14 5
v 14 -13 5
v 14 -13 6
v 14 -14 6
v 13 -14 6
v -12 -15 5
v -12 -15 6
v -9 -15 5
v -8 -15 5
v -8 -15 6
v -5 -15 6
v -4 -15 6
v -3 -15 6
v -2 -15 6
v 4 -15 6
v 3 -15 6
v 5 -15 6
v 6 -15 6
v 9 -15 5
v 9 -15 6
v 10 -15 5
v 13 -15 5
v 13 -15 6
v -12 -16 5
v -12 -16 6
v -11 -16 5
v -10 -16 5
v -9 -16 5
v -8 -16 5
v -8 -16 6
v -9 -16 6
v -2 -16 6
v -1 -16 6
v -1 -15 6
v 0 -16 6
v 1 -16 6
v 2 -16 6
v 3 -16 6
v 2 -15 6
v 9 -16 5
v 9 -16 6
v 10 -16 5
v 10 -16 6
v 11 -16 5
v 12 -16 5
v 13 -16 5
v 13 -16 6
v -12 -17 5
v -12 -17 6
v -11 -17 5
v -10 -17 5
v -9 -17 5
v -9 -17 6
v -10 -17 6
v 10 -17 5
v 10 -17 6
v 11 -17 5
v 11 -17 6
v 12 -17 5
v 13 -17 5
v 13 -17 6
v -12 -18 5
v -12 -18 6
v -11 -18 5
v -11 -18 6
v -10 -18 5
v -10 -18 6
v 11 -18 5
v 11 -18 6
v 12 -18 5
v 12 -18 6
v 13 -18 5
v 13 -18 6
v -27 9 7
v -27 10 7
v -26 10 7
v -26 9 7
v 27 9 7
v 27 10 7
v 28 10 7
v 28 9 7
v -27 8 7
v -26 8 7
v -25 9 7
v -25 8 7
v 26 8 7
v 26 9 7
v 27 8 7
v 28 8 7
v -27 7 6
v -27 7 7
v -26 7 7
v -25 7 7
v -24 8 7
v -24 7 7
v 25 7 7
v 25 8 7
v 26 7 7
v 27 7 7
v 28 7 6
v 28 7 7
v -25 6 7
v -24 6 7
v -23 7 7
v -23 6 7
v 24 6 7
v 24 7 7
v 25 6 7
v 26 6 7
v -24 5 6
v -24 5 7
v -23 5 7
v -22 6 7
v -22 5 7
v 0 5 6
v 0 5 7
v 0 6 7
v 0 6 6
v 1 5 6
v 1 6 6
v 1 6 7
v 1 5 7
v 23 5 7
v 23 6 7
v 25 5 6
v 25 5 7
v 24 5 7
v -23 4 6
v -23 4 7
v -22 4 7
v -21 5 7
v -20 5 7
v -20 4 7
v -21 4 7
v 0 4 6
v 0 4 7
v 1 4 6
v 1 4 7
v 21 4 7
v 21 5 7
v 22 5 7
v 22 4 7
v 24 4 6
v 24 4 7
v 23 4 7
v -22 3 6
v -22 3 7
v -21 3 7
v -20 3 7
v -19 4 7
v -19 3 7
v 0 3 6
v 0 3 7
v 1 3 6
v 1 3 7
v 20 3 7
v 20 4 7
v 21 3 7
v 22 3 7
v 23 3 6
v 23 3 7
v -20 2 7
v -19 2 7
v -18 3 7
v -18 2 7
v -1 2 6
v -1 2 7
v -1 3 7
v -1 3 6
v 0 2 6
v 0 2 7
v 1 2 6
v 1 2 7
v 2 2 6
v 2 3 6
v 2 3 7
v 2 2 7
v 19 2 7
v 19 3 7
v 20 2 7
v 21 2 7
v -19 1 6
v -19 1 7
v -18 1 7
v -17 2 7
v -17 1 7
v -1 1 7
v 0 1 7
v 1 1 6
v 1 1 7
v 2 1 6
v 2 1 7
v 18 1 7
v 18 2 7
v 19 1 7
v 20 1 6
v 20 1 7
v -18 0 6
v -18 0 7
v -17 0 7
v -16 1 7
v -15 1 7
v -15 0 7
v -16 0 7
v -1 0 7
v 0 0 7
v 1 0 6
v 1 0 7
v 2 0 6
v 2 0 7
v 16 0 7
v 16 1 7
v 17 1 7
v 17 0 7
v 19 0 6
v 19 0 7
v 18 0 7
v -17 -1 6
v -17 -1 7
v -16 -1 7
v -14 0 7
v -14 -1 7
v -15 -1 7
v -1 -1 7
v 0 -1 7
v 1 -1 7
v 2 -1 7
v 15 -1 7
v 15 0 7
v 16 -1 7
v 18 -1 6
v 18 -1 7
v 17 -1 7
v -16 -2 6
v -16 -2 7
v -15 -2 7
v -14 -2 7
v -13 -1 7
v -13 -2 7
v -1 -2 7
v 2 -2 7
v 14 -2 7
v 14 -1 7
v 15 -2 7
v 16 -2 7
v 17 -2 6
v 17 -2 7
v -14 -3 6
v -14 -3 7
v -13 -3 7
v -12 -2 7
v -12 -3 7
v -5 -3 7
v -5 -2 7
v -4 -2 7
v -4 -3 7
v -3 -2 7
v -2 -2 7
v 3 -2 7
v 4 -2 7
v 5 -2 7
v 6 -2 7
v 6 -3 7
v 5 -3 7
v 13 -3 7
v 13 -2 7
v 14 -3 7
v 15 -3 6
v 15 -3 7
v -6 -4 7
v -6 -3 7
v 7 -3 7
v 7 -4 7
v -8 -5 7
v -8 -4 7
v -7 -4 7
v -7 -5 7
v 8 -4 7
v 9 -4 7
v 9 -5 7
v 8 -5 7
v -8 -6 7
v 9 -6 7
v -9 -7 7
v -9 -6 7
v -8 -7 7
v 10 -6 7
v 10 -7 7
v 9 -7 7
v -10 -8 7
v -10 -7 7
v -10 -7 6
v -9 -8 7
v 11 -7 6
v 11 -7 7
v 11 -8 7
v 10 -8 7
v -12 -9 7
v -12 -8 7
v -11 -8 7
v 12 -8 7
v 13 -8 7
v 13 -9 7
v -12 -10 7
v 13 -10 7
v -13 -11 6
v -13 -11 7
v -13 -10 7
v -13 -10 6
v -12 -11 7
v 14 -11 6
v 14 -10 6
v 14 -10 7
v 14 -11 7
v 13 -11 7
v -13 -12 6
v -13 -12 7
v 14 -12 6
v 14 -12 7
v -13 -13 7
v -6 -13 7
v -7 -13 7
v 8 -13 7
v 7 -13 7
v 14 -13 7
v -13 -14 7
v -7 -14 7
v -6 -14 7
v -5 -14 7
v 7 -14 7
v 6 -14 7
v 8 -14 7
v 14 -14 7
v -13 -15 6
v -13 -15 7
v -7 -15 6
v -7 -15 7
v -8 -15 7
v -5 -15 7
v -4 -15 7
v -4 -14 7
v -3 -15 7
v -2 -15 7
v -1 -15 7
v 3 -15 7
v 2 -15 7
v 4 -15 7
v 5 -15 7
v 6 -15 7
v 5 -14 7
v 8 -15 6
v 8 -15 7
v 9 -15 7
v 14 -15 6
v 14 -15 7
v -13 -16 6
v -13 -16 7
v -8 -16 7
v -1 -16 7
v 0 -16 7
v 0 -15 7
v 1 -16 7
v 1 -15 7
v 2 -16 7
v 9 -16 7
v 14 -16 6
v 14 -16 7
v -13 -17 6
v -13 -17 7
v -8 -17 6
v -8 -17 7
v 9 -17 6
v 9 -17 7
v 14 -17 6
v 14 -17 7
v -13 -18 6
v -13 -18 7
v -9 -18 6
v -8 -18 6
v -8 -18 7
v -9 -18 7
v 9 -18 6
v 9 -18 7
v 10 -18 6
v 10 -18 7
v 14 -18 6
v 14 -18 7
v -13 -19 6
v -13 -19 7
v -12 -19 6
v -11 -19 6
v -10 -19 6
v -9 -19 6
v -9 -19 7
v 10 -19 6
v 10 -19 7
v 11 -19 6
v 12 -19 6
v 13 -19 6
v 14 -19 6
v 14 -19 7
v -13 -20 6
v -13 -20 7
v -12 -20 6
v -11 -20 6
v -10 -20 6
v -9 -20 6
v -9 -20 7
v -10 -20 7
v 10 -20 6
v 10 -20 7
v 11 -20 6
v 11 -20 7
v 12 -20 6
v 13 -20 6
v 14 -20 6
v 14 -20 7
v -13 -21 6
v -13 -21 7
v -12 -21 6
v -11 -21 6
v -10 -21 6
v -10 -21 7
v -11 -21 7
v 11 -21 6
v 11 -21 7
v 12 -21 6
v 12 -21 7
v 13 -21 6
v 14 -21 6
v 14 -21 7
v -13 -22 6
v -13 -22 7
v -12 -22 6
v -12 -22 7
v -11 -22 6
v -11 -22 7
v 12 -22 6
v 12 -22 7
v 13 -22 6
v 13 -22 7
v 14 -22 6
v 14 -22 7
v -27 7 8
v -27 8 8
v -26 7 8
v -26 8 8
v -25 8 8
v -25 7 8
v 26 7 8
v 26 8 8
v 27 8 8
v 27 7 8
v 28 8 8
v 28 7 8
v -26 6 7
v -26 6 8
v -25 6 8
v -24 7 8
v -24 6 8
v 25 6 8
v 25 7 8
v 26 6 8
v 27 6 7
v 27 6 8
v -25 5 7
v -25 5 8
v -24 5 8
v -23 6 8
v -22 6 8
v -22 5 8
v -23 5 8
v 23 5 8
v 23 6 8
v 24 6 8
v 24 5 8
v 26 5 7
v 26 5 8
v 25 5 8
v -24 4 7
v -24 4 8
v -23 4 8
v -21 5 8
v -21 4 8
v -22 4 8
v 22 4 8
v 22 5 8
v 23 4 8
v 25 4 7
v 25 4 8
v 24 4 8
v -23 3 7
v -23 3 8
v -22 3 8
v -21 3 8
v -20 4 8
v -20 3 8
v 21 3 8
v 21 4 8
v 22 3 8
v 23 3 8
v 24 3 7
v 24 3 8
v -21 2 7
v -21 2 8
v -20 2 8
v -19 3 8
v -19 2 8
v 20 2 8
v 20 3 8
v 21 2 8
v 22 2 7
v 22 2 8
v -20 1 7
v -20 1 8
v -19 1 8
v -18 2 8
v -18 1 8
v 19 1 8
v 19 2 8
v 20 1 8
v 21 1 7
v 21 1 8
v -19 0 7
v -19 0 8
v -18 0 8
v -17 1 8
v -16 1 8
v -16 0 8
v -17 0 8
v 1 0 8
v 1 1 8
v 2 1 8
v 2 0 8
v 17 0 8
v 17 1 8
v 18 1 8
v 18 0 8
v 20 0 7
v 20 0 8
v 19 0 8
v -18 -1 7
v -18 -1 8
v -17 -1 8
v -15 0 8
v -15 -1 8
v -16 -1 8
v 1 -1 8
v 2 -1 8
v 16 -1 8
v 16 0 8
v 17 -1 8
v 19 -1 7
v 19 -1 8
v 18 -1 8
v -17 -2 7
v -17 -2 8
v -16 -2 8
v -15 -2 8
v -14 -1 8
v -14 -2 8
v -2 -2 8
v -2 -1 8
v -2 -1 7
v -1 -1 8
v 0 -1 8
v 3 -1 7
v 3 -1 8
v 3 -2 8
v 15 -2 8
v 15 -1 8
v 16 -2 8
v 17 -2 8
v 18 -2 7
v 18 -2 8
v -15 -3 7
v -15 -3 8
v -14 -3 8
v -13 -2 8
v -13 -3 8
v -4 -3 8
v -4 -2 8
v -3 -2 8
v -3 -3 8
v 4 -2 8
v 5 -2 8
v 5 -3 8
v 4 -3 8
v 14 -3 8
v 14 -2 8
v 15 -3 8
v 16 -3 7
v 16 -3 8
v -6 -4 8
v -6 -3 8
v -5 -3 8
v -5 -4 8
v 6 -3 8
v 7 -3 8
v 7 -4 8
v 6 -4 8
v -7 -5 8
v -7 -4 8
v -6 -5 8
v 8 -4 8
v 8 -5 8
v 7 -5 8
v -8 -6 8
v -8 -5 8
v -7 -6 8
v 9 -5 8
v 9 -6 8
v 8 -6 8
v -8 -7 8
v 9 -7 8
v -9 -8 8
v -9 -7 8
v -8 -8 8
v 10 -7 8
v 10 -8 8
v 9 -8 8
v -12 -9 8
v -12 -8 8
v -11 -8 8
v -11 -9 8
v -10 -8 8
v 11 -8 8
v 12 -8 8
v 13 -8 8
v 13 -9 8
v 12 -9 8
v -12 -10 8
v 13 -10 8
v -12 -11 8
v 13 -11 8
v -13 -12 8
v -13 -11 8
v -12 -12 8
v 14 -11 8
v 14 -12 8
v 13 -12 8
v -13 -13 8
v -6 -13 8
v -7 -13 8
v -6 -12 8
v -7 -12 8
v 8 -13 8
v 7 -13 8
v 8 -12 8
v 7 -12 8
v 14 -13 8
v -13 -14 8
v -7 -14 8
v -6 -14 8
v -5 -14 8
v -5 -13 8
v -4 -14 8
v 6 -14 8
v 5 -14 8
v 7 -14 8
v 6 -13 8
v 8 -14 8
v 14 -14 8
v -13 -15 8
v -7 -15 8
v -4 -15 8
v -3 -15 8
v -3 -14 8
v -2 -15 8
v -1 -15 8
v 0 -15 8
v 1 -15 8
v 2 -15 8
v 3 -15 8
v 4 -15 8
v 5 -15 8
v 4 -14 8
v 8 -15 8
v 14 -15 8
v -14 -16 7
v -14 -16 8
v -14 -15 8
v -14 -15 7
v -7 -16 7
v -7 -16 8
v -8 -16 8
v -8 -15 8
v 8 -16 7
v 8 -16 8
v 9 -16 8
v 9 -15 8
v 15 -16 7
v 15 -15 7
v 15 -15 8
v 15 -16 8
v -14 -17 7
v -14 -17 8
v -8 -17 8
v 9 -17 8
v 15 -17 7
v 15 -17 8
v -14 -18 7
v -14 -18 8
v -8 -18 8
v 9 -18 8
v 15 -18 7
v 15 -18 8
v -14 -19 7
v -14 -19 8
v -8 -19 7
v -8 -19 8
v -9 -19 8
v 9 -19 7
v 9 -19 8
v 10 -19 8
v 15 -19 7
v 15 -19 8
v -14 -20 7
v -14 -20 8
v -9 -20 8
v 10 -20 8
v 15 -20 7
v 15 -20 8
v -14 -21 7
v -14 -21 8
v -9 -21 7
v -9 -21 8
v 10 -21 7
v 10 -21 8
v 15 -21 7
v 15 -21 8
v -14 -22 7
v -14 -22 8
v -10 -22 7
v -9 -22 7
v -9 -22 8
v -10 -22 8
v 10 -22 7
v 10 -22 8
v 11 -22 7
v 11 -22 8
v 15 -22 7
v 15 -22 8
v -14 -23 7
v -14 -23 8
v -13 -23 7
v -12 -23 7
v -11 -23 7
v -10 -23 7
v -10 -23 8
v 11 -23 7
v 11 -23 8
v 12 -23 7
v 13 -23 7
v 14 -23 7
v 15 -23 7
v 15 -23 8
v -14 -24 7
v -14 -24 8
v -13 -24 7
v -12 -24 7
v -11 -24 7
v -10 -24 7
v -10 -24 8
v -11 -24 8
v 11 -24 7
v 11 -24 8
v 12 -24 7
v 12 -24 8
v 13 -24 7
v 14 -24 7
v 15 -24 7
v 15 -24 8
v -14 -25 7
v -14 -25 8
v -13 -25 7
v -13 -25 8
v -12 -25 7
v -11 -25 7
v -11 -25 8
v -12 -25 8
v 12 -25 7
v 12 -25 8
v 13 -25 7
v 13 -25 8
v 14 -25 7
v 15 -25 7
v 15 -25 8
v 14 -25 8
v -13 -26 7
v -13 -26 8
v -12 -26 7
v -12 -26 8
v 13 -26 7
v 13 -26 8
v 14 -26 7
v 14 -26 8
v -25 5 9
v -25 6 9
v -24 6 9
v -24 5 9
v -23 6 9
v -23 5 9
v 24 5 9
v 24 6 9
v 25 6 9
v 25 5 9
v 26 6 9
v 26 5 9
v -25 4 8
v -25 4 9
v -24 4 9
v -23 4 9
v -22 5 9
v -22 4 9
v 23 4 9
v 23 5 9
v 24 4 9
v 25 4 9
v 26 4 8
v 26 4 9
v -24 3 8
v -24 3 9
v -23 3 9
v -22 3 9
v -21 4 9
v -21 3 9
v 22 3 9
v 22 4 9
v 23 3 9
v 24 3 9
v 25 3 8
v 25 3 9
v -22 2 8
v -22 2 9
v -21 2 9
v -20 3 9
v -20 2 9
v 21 2 9
v 21 3 9
v 22 2 9
v 23 2 8
v 23 2 9
v -21 1 8
v -21 1 9
v -20 1 9
v -19 2 9
v -19 1 9
v 20 1 9
v 20 2 9
v 22 1 8
v 22 1 9
v 21 1 9
v -20 0 8
v -20 0 9
v -19 0 9
v -18 1 9
v -17 1 9
v -17 0 9
v -18 0 9
v -1 0 8
v -1 0 9
v -1 1 9
v -1 1 8
v 0 1 9
v 0 1 8
v 0 0 8
v 1 1 9
v 2 1 9
v 2 0 9
v 18 0 9
v 18 1 9
v 19 1 9
v 19 0 9
v 21 0 8
v 21 0 9
v 20 0 9
v -19 -1 8
v -19 -1 9
v -18 -1 9
v -17 -1 9
v -16 0 9
v -16 -1 9
v -2 -1 9
v -2 0 9
v -2 0 8
v 3 0 8
v 3 0 9
v 3 -1 9
v 17 -1 9
v 17 0 9
v 18 -1 9
v 19 -1 9
v 20 -1 8
v 20 -1 9
v -17 -2 9
v -16 -2 9
v -15 -1 9
v -15 -2 9
v -3 -2 9
v -3 -1 9
v -3 -1 8
v 4 -1 8
v 4 -1 9
v 4 -2 9
v 16 -2 9
v 16 -1 9
v 17 -2 9
v 18 -2 9
v -16 -3 8
v -16 -3 9
v -15 -3 9
v -14 -2 9
v -14 -3 9
v -3 -3 9
v 4 -3 9
v 15 -3 9
v 15 -2 9
v 16 -3 9
v 17 -3 8
v 17 -3 9
v -5 -4 9
v -5 -3 9
v -4 -3 9
v -4 -4 9
v 5 -3 9
v 6 -3 9
v 6 -4 9
v 5 -4 9
v -6 -5 9
v -6 -4 9
v 7 -4 9
v 7 -5 9
v -7 -6 9
v -7 -5 9
v 8 -5 9
v 8 -6 9
v -8 -7 9
v -8 -6 9
v -7 -7 9
v 9 -6 9
v 9 -7 9
v 8 -7 9
v -8 -8 9
v 9 -8 9
v -11 -9 9
v -11 -8 9
v -10 -8 9
v -10 -9 9
v -9 -8 9
v -9 -9 9
v -8 -9 9
v 10 -8 9
v 9 -9 9
v 10 -9 9
v 11 -8 9
v 11 -9 9
v 12 -8 9
v 12 -9 9
v -12 -10 9
v -12 -9 9
v -11 -10 9
v -10 -10 9
v -9 -10 9
v -8 -10 9
v 9 -10 9
v 10 -10 9
v 11 -10 9
v 12 -10 9
v 13 -9 9
v 13 -10 9
v -12 -11 9
v -11 -11 9
v -10 -11 9
v -9 -11 9
v -8 -11 9
v -7 -11 9
v -7 -10 9
v 8 -11 9
v 9 -11 9
v 8 -10 9
v 10 -11 9
v 11 -11 9
v 12 -11 9
v 13 -11 9
v -12 -12 9
v -11 -12 9
v -8 -12 9
v -7 -12 9
v -6 -12 9
v 8 -12 9
v 7 -12 9
v 9 -12 9
v 13 -12 9
v 12 -12 9
v -13 -13 9
v -13 -12 9
v -12 -13 9
v -7 -13 9
v -8 -13 9
v -6 -13 9
v -5 -13 9
v 7 -13 9
v 6 -13 9
v 8 -13 9
v 9 -13 9
v 14 -12 9
v 14 -13 9
v 13 -13 9
v -13 -14 9
v -12 -14 9
v -7 -14 9
v -8 -14 9
v -5 -14 9
v -4 -14 9
v -4 -13 9
v -3 -14 9
v 5 -14 9
v 4 -14 9
v 6 -14 9
v 5 -13 9
v 8 -14 9
v 9 -14 9
v 14 -14 9
v 13 -14 9
v -13 -15 9
v -7 -15 9
v -8 -15 9
v -3 -15 9
v -2 -15 9
v -2 -14 9
v -1 -15 9
v -1 -14 9
v 0 -15 9
v 0 -14 9
v 1 -15 9
v 1 -14 9
v 2 -15 9
v 2 -14 9
v 3 -15 9
v 3 -14 9
v 4 -15 9
v 8 -15 9
v 9 -15 9
v 14 -15 9
v -14 -16 9
v -14 -15 9
v -13 -16 9
v -8 -16 9
v 9 -16 9
v 15 -15 9
v 15 -16 9
v 14 -16 9
v -14 -17 9
v -13 -17 9
v -8 -17 9
v 9 -17 9
v 15 -17 9
v 14 -17 9
v -14 -18 9
v -8 -18 9
v 9 -18 9
v 15 -18 9
v -14 -19 9
v -8 -19 9
v 9 -19 9
v 15 -19 9
v -14 -20 9
v -8 -20 8
v -8 -20 9
v 9 -20 8
v 9 -20 9
v 15 -20 9
v -14 -21 9
v -8 -21 8
v -8 -21 9
v -9 -21 9
v 9 -21 8
v 9 -21 9
v 10 -21 9
v 15 -21 9
v -15 -22 8
v -15 -22 9
v -15 -21 9
v -15 -21 8
v -9 -22 9
v 10 -22 9
v 16 -22 8
v 16 -21 8
v 16 -21 9
v 16 -22 9
v -15 -23 8
v -15 -23 9
v -9 -23 8
v -9 -23 9
v 10 -23 8
v 10 -23 9
v 16 -23 8
v 16 -23 9
v -15 -24 8
v -15 -24 9
v -9 -24 8
v -9 -24 9
v -10 -24 9
v 10 -24 8
v 10 -24 9
v 11 -24 9
v 16 -24 8
v 16 -24 9
v -15 -25 8
v -15 -25 9
v -10 -25 8
v -10 -25 9
v 11 -25 8
v 11 -25 9
v 16 -25 8
v 16 -25 9
v -15 -26 8
v -15 -26 9
v -14 -26 8
v -11 -26 8
v -10 -26 8
v -10 -26 9
v 11 -26 8
v 11 -26 9
v 12 -26 8
v 15 -26 8
v 16 -26 8
v 16 -26 9
v -15 -27 8
v -15 -27 9
v -14 -27 8
v -14 -27 9
v -13 -27 8
v -12 -27 8
v -11 -27 8
v -10 -27 8
v -10 -27 9
v -11 -27 9
v 11 -27 8
v 11 -27 9
v 12 -27 8
v 12 -27 9
v 13 -27 8
v 14 -27 8
v 15 -27 8
v 16 -27 8
v 16 -27 9
v 15 -27 9
v -14 -28 8
v -14 -28 9
v -13 -28 8
v -13 -28 9
v -12 -28 8
v -12 -28 9
v -11 -28 8
v -11 -28 9
v 12 -28 8
v 12 -28 9
v 13 -28 8
v 13 -28 9
v 14 -28 8
v 14 -28 9
v 15 -28 8
v 15 -28 9
v -24 3 10
v -24 4 10
v -23 3 10
v -23 4 10
v -22 4 10
v -22 3 10
v 23 3 10
v 23 4 10
v 24 4 10
v 24 3 10
v 25 4 10
v 25 3 10
v -23 2 9
v -23 2 10
v -22 2 10
v -21 3 10
v -21 2 10
v 0 2 9
v 0 2 10
v 0 3 10
v 0 3 9
v 1 2 9
v 1 3 9
v 1 3 10
v 1 2 10
v 22 2 10
v 22 3 10
v 23 2 10
v 24 2 9
v 24 2 10
v -22 1 9
v -22 1 10
v -21 1 10
v -20 2 10
v -19 2 10
v -19 1 10
v -20 1 10
v -1 1 10
v -1 2 10
v -1 2 9
v 2 2 9
v 2 2 10
v 2 1 10
v 20 1 10
v 20 2 10
v 21 2 10
v 21 1 10
v 23 1 9
v 23 1 10
v 22 1 10
v -21 0 9
v -21 0 10
v -20 0 10
v -18 1 10
v -18 0 10
v -19 0 10
v -2 0 10
v -2 1 10
v -2 1 9
v 3 1 9
v 3 1 10
v 3 0 10
v 19 0 10
v 19 1 10
v 20 0 10
v 22 0 9
v 22 0 10
v 21 0 10
v -20 -1 9
v -20 -1 10
v -19 -1 10
v -18 -1 10
v -17 0 10
v -17 -1 10
v -3 -1 10
v -3 0 10
v -3 0 9
v 4 0 9
v 4 0 10
v 4 -1 10
v 18 -1 10
v 18 0 10
v 19 -1 10
v 20 -1 10
v 21 -1 9
v 21 -1 10
v -18 -2 9
v -18 -2 10
v -17 -2 10
v -16 -1 10
v -16 -2 10
v -3 -2 10
v 4 -2 10
v 17 -2 10
v 17 -1 10
v 18 -2 10
v 19 -2 9
v 19 -2 10
v -17 -3 9
v -17 -3 10
v -16 -3 10
v -15 -2 10
v -15 -3 10
v -4 -3 10
v -4 -2 10
v -4 -2 9
v 5 -2 9
v 5 -2 10
v 5 -3 10
v 16 -3 10
v 16 -2 10
v 17 -3 10
v 18 -3 9
v 18 -3 10
v -16 -4 9
v -16 -4 10
v -15 -4 9
v -15 -4 10
v -4 -4 10
v 5 -4 10
v 16 -4 9
v 16 -4 10
v 17 -4 9
v 17 -4 10
v -6 -5 10
v -6 -4 10
v -5 -4 10
v -5 -5 10
v 6 -4 10
v 7 -4 10
v 7 -5 10
v 6 -5 10
v -7 -6 10
v -7 -5 10
v -6 -6 10
v 8 -5 10
v 8 -6 10
v 7 -6 10
v -7 -7 10
v -6 -7 10
v 8 -7 10
v 7 -7 10
v -8 -8 10
v -8 -7 10
v -7 -8 10
v 9 -7 10
v 9 -8 10
v 8 -8 10
v -8 -9 10
v -7 -9 10
v 9 -9 10
v 8 -9 10
v -8 -10 10
v -7 -10 10
v 9 -10 10
v 8 -10 10
v -10 -11 10
v -10 -10 10
v -9 -10 10
v -9 -11 10
v -7 -11 10
v -6 -11 10
v -6 -10 10
v 8 -11 10
v 7 -11 10
v 7 -10 10
v 10 -11 10
v 10 -10 10
v 11 -10 10
v 11 -11 10
v -11 -12 10
v -11 -11 10
v -10 -12 10
v -9 -12 10
v -8 -11 10
v -8 -12 10
v -7 -12 10
v -6 -12 10
v 8 -12 10
v 7 -12 10
v 9 -12 10
v 9 -11 10
v 10 -12 10
v 11 -12 10
v 12 -11 10
v 12 -12 10
v -12 -13 10
v -12 -12 10
v -11 -13 10
v -10 -13 10
v -9 -13 10
v -8 -13 10
v -6 -13 10
v -5 -13 10
v -5 -12 10
v -4 -13 10
v 6 -13 10
v 5 -13 10
v 7 -13 10
v 6 -12 10
v 9 -13 10
v 10 -13 10
v 11 -13 10
v 12 -13 10
v 13 -12 10
v 13 -13 10
v -12 -14 10
v -11 -14 10
v -10 -14 10
v -9 -14 10
v -8 -14 10
v -4 -14 10
v -3 -14 10
v -3 -13 10
v -2 -14 10
v -2 -13 10
v -1 -14 10
v 0 -14 10
v 1 -14 10
v 2 -14 10
v 3 -14 10
v 4 -14 10
v 4 -13 10
v 3 -13 10
v 5 -14 10
v 9 -14 10
v 10 -14 10
v 11 -14 10
v 12 -14 10
v 13 -14 10
v -13 -15 10
v -13 -14 10
v -12 -15 10
v -11 -15 10
v -8 -15 10
v -9 -15 10
v 9 -15 10
v 10 -15 10
v 12 -15 10
v 13 -15 10
v 14 -14 10
v 14 -15 10
v -13 -16 10
v -12 -16 10
v -8 -16 10
v -9 -16 10
v 9 -16 10
v 10 -16 10
v 14 -16 10
v 13 -16 10
v -13 -17 10
v -8 -17 10
v -9 -17 10
v 9 -17 10
v 10 -17 10
v 14 -17 10
v -14 -18 10
v -14 -17 10
v -13 -18 10
v -8 -18 10
v -9 -18 10
v 9 -18 10
v 10 -18 10
v 15 -17 10
v 15 -18 10
v 14 -18 10
v -14 -19 10
v -8 -19 10
v -9 -19 10
v 9 -19 10
v 10 -19 10
v 15 -19 10
v -14 -20 10
v -8 -20 10
v -9 -20 10
v 9 -20 10
v 10 -20 10
v 15 -20 10
v -15 -21 10
v -15 -20 10
v -15 -20 9
v -14 -21 10
v -8 -21 10
v -9 -21 10
v 9 -21 10
v 10 -21 10
v 16 -20 9
v 16 -20 10
v 16 -21 10
v 15 -21 10
v -15 -22 10
v -9 -22 10
v 10 -22 10
v 16 -22 10
v -15 -23 10
v -9 -23 10
v 10 -23 10
v 16 -23 10
v -15 -24 10
v -9 -24 10
v 10 -24 10
v 16 -24 10
v -15 -25 10
v -9 -25 9
v -9 -25 10
v -10 -25 10
v 10 -25 9
v 10 -25 10
v 11 -25 10
v 16 -25 10
v -15 -26 10
v -10 -26 10
v 11 -26 10
v 16 -26 10
v -15 -27 10
v -10 -27 10
v 11 -27 10
v 16 -27 10
v -15 -28 9
v -15 -28 10
v -14 -28 10
v -13 -28 10
v -12 -28 10
v -11 -28 10
v -10 -28 9
v -10 -28 10
v 11 -28 9
v 11 -28 10
v 12 -28 10
v 13 -28 10
v 14 -28 10
v 15 -28 10
v 16 -28 9
v 16 -28 10
v 0 5 10
v 0 5 11
v 0 6 11
v 0 6 10
v 1 5 10
v 1 6 10
v 1 6 11
v 1 5 11
v -2 4 10
v -2 4 11
v -2 5 11
v -2 5 10
v -1 5 11
v -1 5 10
v -1 4 10
v 0 4 10
v 1 4 10
v 2 5 11
v 2 5 10
v 2 4 10
v 3 4 10
v 3 5 10
v 3 5 11
v 3 4 11
v -3 3 10
v -3 3 11
v -3 4 11
v -3 4 10
v -2 3 10
v -1 3 10
v 2 3 10
v 3 3 10
v 4 3 10
v 4 4 10
v 4 4 11
v 4 3 11
v -3 2 10
v -3 2 11
v -2 2 10
v 3 2 10
v 4 2 10
v 4 2 11
v -22 1 11
v -22 2 11
v -21 2 11
v -21 1 11
v -20 2 11
v -20 1 11
v -3 1 10
v -3 1 11
v 4 1 10
v 4 1 11
v 21 1 11
v 21 2 11
v 22 2 11
v 22 1 11
v 23 2 11
v 23 1 11
v -22 0 10
v -22 0 11
v -21 0 11
v -20 0 11
v -19 1 11
v -19 0 11
v -3 0 11
v 4 0 11
v 20 0 11
v 20 1 11
v 21 0 11
v 22 0 11
v 23 0 10
v 23 0 11
v -21 -1 10
v -21 -1 11
v -20 -1 11
v -19 -1 11
v -18 0 11
v -18 -1 11
v -3 -1 11
v 4 -1 11
v 19 -1 11
v 19 0 11
v 20 -1 11
v 21 -1 11
v 22 -1 10
v 22 -1 11
v -19 -2 10
v -19 -2 11
v -18 -2 11
v -17 -1 11
v -17 -2 11
v -4 -2 11
v -4 -1 11
v -4 -1 10
v 5 -1 10
v 5 -1 11
v 5 -2 11
v 18 -2 11
v 18 -1 11
v 19 -2 11
v 20 -2 10
v 20 -2 11
v -18 -3 10
v -18 -3 11
v -17 -3 11
v -16 -2 11
v -16 -3 11
v -4 -3 11
v 5 -3 11
v 17 -3 11
v 17 -2 11
v 19 -3 10
v 19 -3 11
v 18 -3 11
v -17 -4 10
v -17 -4 11
v -16 -4 11
v -4 -4 11
v 5 -4 11
v 17 -4 11
v 18 -4 10
v 18 -4 11
v -5 -5 11
v -5 -4 11
v -4 -5 11
v 6 -4 11
v 6 -5 11
v 5 -5 11
v -6 -6 11
v -6 -5 11
v -5 -6 11
v 7 -5 11
v 7 -6 11
v 6 -6 11
v -6 -7 11
v -5 -7 11
v 7 -7 11
v 6 -7 11
v -7 -8 11
v -7 -7 11
v -6 -8 11
v 8 -7 11
v 8 -8 11
v 7 -8 11
v -7 -9 11
v -6 -9 11
v 8 -9 11
v 7 -9 11
v -7 -10 11
v -6 -10 11
v 8 -10 11
v 7 -10 11
v -6 -11 11
v -5 -11 11
v -5 -10 11
v 7 -11 11
v 6 -11 11
v 6 -10 11
v -6 -12 11
v -5 -12 11
v 7 -12 11
v 6 -12 11
v -5 -13 11
v -4 -13 11
v -4 -12 11
v -3 -13 11
v -3 -12 11
v -2 -13 11
v 4 -13 11
v 3 -13 11
v 5 -13 11
v 5 -12 11
v 4 -12 11
v 6 -13 11
v -2 -14 11
v -1 -14 11
v -1 -13 11
v 0 -14 11
v 0 -13 11
v 1 -14 11
v 1 -13 11
v 2 -14 11
v 2 -13 11
v 3 -14 11
v -11 -15 11
v -11 -14 11
v -10 -14 11
v -10 -15 11
v -9 -14 11
v -9 -15 11
v 10 -15 11
v 10 -14 11
v 11 -14 11
v 11 -15 11
v 12 -14 11
v 12 -15 11
v -12 -16 11
v -12 -15 11
v -11 -16 11
v -10 -16 11
v -9 -16 11
v 10 -16 11
v 11 -16 11
v 12 -16 11
v 13 -15 11
v 13 -16 11
v -13 -17 11
v -13 -16 11
v -12 -17 11
v -11 -17 11
v -10 -17 11
v -9 -17 11
v 10 -17 11
v 11 -17 11
v 12 -17 11
v 13 -17 11
v 14 -16 11
v 14 -17 11
v -13 -18 11
v -12 -18 11
v -11 -18 11
v -10 -18 11
v -9 -18 11
v 10 -18 11
v 11 -18 11
v 12 -18 11
v 13 -18 11
v 14 -18 11
v -14 -19 11
v -14 -18 11
v -13 -19 11
v -12 -19 11
v -9 -19 11
v -10 -19 11
v 10 -19 11
v 11 -19 11
v 13 -19 11
v 14 -19 11
v 15 -18 11
v 15 -19 11
v -14 -20 11
v -13 -20 11
v -9 -20 11
v -10 -20 11
v 10 -20 11
v 11 -20 11
v 15 -20 11
v 14 -20 11
v -14 -21 11
v -9 -21 11
v -10 -21 11
v 10 -21 11
v 11 -21 11
v 15 -21 11
v -15 -22 11
v -15 -21 11
v -14 -22 11
v -9 -22 11
v -10 -22 11
v 10 -22 11
v 11 -22 11
v 16 -21 11
v 16 -22 11
v 15 -22 11
v -15 -23 11
v -14 -23 11
v -9 -23 11
v 10 -23 11
v 16 -23 11
v 15 -23 11
v -15 -24 11
v -9 -24 11
v -10 -24 11
v -10 -23 11
v 10 -24 11
v 11 -24 11
v 11 -23 11
v 16 -24 11
v -15 -25 11
v -9 -25 11
v -10 -25 11
v 10 -25 11
v 11 -25 11
v 16 -25 11
v -16 -26 10
v -16 -26 11
v -16 -25 11
v -16 -25 10
v -15 -26 11
v -9 -26 10
v -9 -26 11
v -10 -26 11
v 10 -26 10
v 10 -26 11
v 11 -26 11
v 17 -26 10
v 17 -25 10
v 17 -25 11
v 17 -26 11
v 16 -26 11
v -15 -27 11
v -10 -27 11
v 11 -27 11
v 16 -27 11
v -15 -28 11
v -14 -28 11
v -13 -28 11
v -11 -28 11
v -12 -28 11
v -10 -28 11
v 11 -28 11
v 12 -28 11
v 13 -28 11
v 15 -28 11
v 14 -28 11
v 16 -28 11
v -13 -29 10
v -13 -29 11
v -12 -29 10
v -12 -29 11
v 13 -29 10
v 13 -29 11
v 14 -29 10
v 14 -29 11
v -1 6 11
v -1 6 12
v -1 7 12
v -1 7 11
v 0 7 12
v 0 7 11
v 1 7 12
v 1 7 11
v 2 6 11
v 2 7 11
v 2 7 12
v 2 6 12
v -3 5 11
v -3 5 12
v -3 6 12
v -3 6 11
v -2 6 12
v -2 6 11
v 3 6 12
v 3 6 11
v 4 5 11
v 4 6 11
v 4 6 12
v 4 5 12
v -4 4 11
v -4 4 12
v -4 5 12
v -4 5 11
v 5 4 11
v 5 5 11
v 5 5 12
v 5 4 12
v -4 3 11
v -4 3 12
v 5 3 11
v 5 3 12
v -4 2 11
v -4 2 12
v 5 2 11
v 5 2 12
v -4 1 11
v -4 1 12
v 5 1 11
v 5 1 12
v -4 0 11
v -4 0 12
v 5 0 11
v 5 0 12
v -21 -1 12
v -21 0 12
v -20 -1 12
v -20 0 12
v -19 0 12
v -19 -1 12
v -4 -1 12
v 5 -1 12
v 20 -1 12
v 20 0 12
v 21 0 12
v 21 -1 12
v 22 0 12
v 22 -1 12
v -20 -2 11
v -20 -2 12
v -19 -2 12
v -18 -1 12
v -18 -2 12
v -4 -2 12
v 5 -2 12
v 19 -2 12
v 19 -1 12
v 20 -2 12
v 21 -2 11
v 21 -2 12
v -19 -3 11
v -19 -3 12
v -18 -3 12
v -17 -2 12
v -16 -2 12
v -16 -3 12
v -17 -3 12
v -4 -3 12
v 5 -3 12
v 17 -3 12
v 17 -2 12
v 18 -3 12
v 18 -2 12
v 20 -3 11
v 20 -3 12
v 19 -3 12
v -18 -4 11
v -18 -4 12
v -17 -4 12
v -4 -4 12
v 5 -4 12
v 18 -4 12
v 19 -4 11
v 19 -4 12
v -4 -5 12
v 5 -5 12
v -5 -6 12
v -5 -5 12
v -4 -6 12
v -3 -6 12
v -3 -5 12
v 4 -6 12
v 5 -6 12
v 4 -5 12
v 6 -5 12
v 6 -6 12
v -5 -7 12
v -4 -7 12
v 6 -7 12
v 5 -7 12
v -6 -8 12
v -6 -7 12
v -5 -8 12
v 7 -7 12
v 7 -8 12
v 6 -8 12
v -6 -9 12
v -5 -9 12
v 7 -9 12
v 6 -9 12
v -6 -10 12
v -5 -10 12
v 7 -10 12
v 6 -10 12
v -5 -11 12
v -4 -11 12
v -4 -10 12
v 6 -11 12
v 5 -11 12
v 5 -10 12
v -5 -12 12
v -4 -12 12
v -3 -12 12
v -3 -11 12
v 5 -12 12
v 4 -12 12
v 4 -11 12
v 6 -12 12
v -3 -13 12
v -2 -13 12
v -2 -12 12
v -1 -13 12
v -1 -12 12
v 0 -13 12
v 0 -12 12
v 1 -13 12
v 1 -12 12
v 2 -13 12
v 2 -12 12
v 3 -13 12
v 3 -12 12
v 4 -13 12
v -12 -19 12
v -12 -18 12
v -11 -18 12
v -11 -19 12
v -10 -18 12
v -10 -19 12
v 11 -19 12
v 11 -18 12
v 12 -18 12
v 12 -19 12
v 13 -18 12
v 13 -19 12
v -13 -20 12
v -13 -19 12
v -12 -20 12
v -11 -20 12
v -10 -20 12
v 11 -20 12
v 12 -20 12
v 13 -20 12
v 14 -19 12
v 14 -20 12
v -14 -21 12
v -14 -20 12
v -13 -21 12
v -12 -21 12
v -11 -21 12
v -10 -21 12
v 11 -21 12
v 12 -21 12
v 13 -21 12
v 14 -21 12
v 15 -20 12
v 15 -21 12
v -14 -22 12
v -13 -22 12
v -12 -22 12
v -10 -22 12
v -11 -22 12
v 11 -22 12
v 12 -22 12
v 13 -22 12
v 14 -22 12
v 15 -22 12
v -14 -23 12
v -13 -23 12
v -11 -23 12
v -10 -23 12
v -9 -22 12
v -9 -23 12
v 10 -23 12
v 10 -22 12
v 11 -23 12
v 12 -23 12
v 15 -23 12
v 14 -23 12
v -15 -24 12
v -15 -23 12
v -14 -24 12
v -10 -24 12
v 11 -24 12
v 16 -23 12
v 16 -24 12
v 15 -24 12
v -15 -25 12
v -10 -25 12
v 11 -25 12
v 16 -25 12
v -15 -26 12
v -10 -26 12
v 11 -26 12
v 16 -26 12
v -15 -27 12
v -10 -27 12
v 11 -27 12
v 16 -27 12
v -15 -28 12
v -14 -28 12
v -14 -27 12
v -13 -28 12
v -12 -28 12
v -11 -28 12
v -10 -28 12
v -11 -27 12
v 11 -28 12
v 12 -28 12
v 12 -27 12
v 13 -28 12
v 14 -28 12
v 15 -28 12
v 16 -28 12
v 15 -27 12
v -3 6 13
v -3 7 13
v -3 7 12
v -2 7 13
v -2 7 12
v -1 7 13
v 0 7 13
v 1 7 13
v 2 7 13
v 3 7 13
v 3 7 12
v 4 7 12
v 4 7 13
v 4 6 13
v -4 5 13
v -4 6 13
v -4 6 12
v 5 6 12
v 5 6 13
v 5 5 13
v -5 4 12
v -5 4 13
v -5 5 13
v -5 5 12
v 6 4 12
v 6 5 12
v 6 5 13
v 6 4 13
v -5 3 12
v -5 3 13
v 6 3 12
v 6 3 13
v -5 2 12
v -5 2 13
v 6 2 12
v 6 2 13
v -5 1 12
v -5 1 13
v 6 1 12
v 6 1 13
v -5 0 12
v -5 0 13
v -4 0 13
v 6 0 12
v 6 0 13
v 5 0 13
v -4 -1 13
v 5 -1 13
v -4 -2 13
v 5 -2 13
v -19 -3 13
v -19 -2 13
v -18 -2 13
v -18 -3 13
v -17 -2 13
v -17 -3 13
v -4 -3 13
v 5 -3 13
v 18 -3 13
v 18 -2 13
v 19 -2 13
v 19 -3 13
v 20 -2 13
v 20 -3 13
v -19 -4 12
v -19 -4 13
v -18 -4 13
v -17 -4 13
v -4 -4 13
v 5 -4 13
v 18 -4 13
v 19 -4 13
v 20 -4 12
v 20 -4 13
v -4 -5 13
v -3 -5 13
v -3 -4 13
v 5 -5 13
v 4 -5 13
v 4 -4 13
v -3 -6 13
v 4 -6 13
v -4 -7 13
v -4 -6 13
v -3 -7 13
v -2 -7 13
v -2 -6 13
v 3 -7 13
v 4 -7 13
v 3 -6 13
v 5 -6 13
v 5 -7 13
v -5 -8 13
v -5 -7 13
v -4 -8 13
v -3 -8 13
v 4 -8 13
v 5 -8 13
v 6 -7 13
v 6 -8 13
v -5 -9 13
v -4 -9 13
v -3 -9 13
v 4 -9 13
v 5 -9 13
v 6 -9 13
v -5 -10 13
v -4 -10 13
v -3 -10 13
v 4 -10 13
v 5 -10 13
v 6 -10 13
v -4 -11 13
v -3 -11 13
v -2 -11 13
v -2 -10 13
v 3 -11 13
v 4 -11 13
v 3 -10 13
v 5 -11 13
v -3 -12 13
v -2 -12 13
v -1 -12 13
v -1 -11 13
v 0 -12 13
v 0 -11 13
v 1 -12 13
v 1 -11 13
v 2 -12 13
v 2 -11 13
v 3 -12 13
v 4 -12 13
v -12 -22 13
v -12 -21 13
v -11 -21 13
v -11 -22 13
v 12 -22 13
v 12 -21 13
v 13 -21 13
v 13 -22 13
v -13 -23 13
v -13 -22 13
v -12 -23 13
v -11 -23 13
v 12 -23 13
v 13 -23 13
v 14 -22 13
v 14 -23 13
v -14 -24 13
v -14 -23 13
v -13 -24 13
v -12 -24 13
v -11 -24 13
v -10 -23 13
v -10 -24 13
v 11 -24 13
v 11 -23 13
v 12 -24 13
v 13 -24 13
v 14 -24 13
v 15 -23 13
v 15 -24 13
v -15 -25 13
v -15 -24 13
v -14 -25 13
v -13 -25 13
v -12 -25 13
v -11 -25 13
v -10 -25 13
v 11 -25 13
v 12 -25 13
v 13 -25 13
v 14 -25 13
v 15 -25 13
v 16 -24 13
v 16 -25 13
v -15 -26 13
v -14 -26 13
v -13 -26 13
v -12 -26 13
v -11 -26 13
v -10 -26 13
v 11 -26 13
v 12 -26 13
v 13 -26 13
v 14 -26 13
v 15 -26 13
v 16 -26 13
v -15 -27 13
v -14 -27 13
v -13 -27 13
v -12 -27 13
v -11 -27 13
v -10 -27 13
v 11 -27 13
v 12 -27 13
v 13 -27 13
v 14 -27 13
v 15 -27 13
v 16 -27 13
v -14 -28 13
v -13 -28 13
v -12 -28 13
v -11 -28 13
v 12 -28 13
v 13 -28 13
v 14 -28 13
v 15 -28 13
v -8 14 13
v -8 14 14
v -8 15 14
v -8 15 13
v -7 14 13
v -7 15 13
v -7 15 14
v -7 14 14
v 8 14 13
v 8 14 14
v 8 15 14
v 8 15 13
v 9 14 13
v 9 15 13
v 9 15 14
v 9 14 14
v -8 13 13
v -8 13 14
v -7 13 13
v -7 13 14
v 8 13 13
v 8 13 14
v 9 13 13
v 9 13 14
v -7 12 13
v -7 12 14
v -6 12 13
v -6 13 13
v -6 13 14
v -6 12 14
v 7 12 13
v 7 12 14
v 7 13 14
v 7 13 13
v 8 12 13
v 8 12 14
v -7 11 13
v -7 11 14
v -6 11 13
v -6 11 14
v 7 11 13
v 7 11 14
v 8 11 13
v 8 11 14
v -2 7 14
v -2 8 14
v -2 8 13
v -1 8 14
v -1 8 13
v 0 8 14
v 0 8 13
v 1 8 14
v 1 8 13
v 2 8 14
v 2 8 13
v 3 8 13
v 3 8 14
v 3 7 14
v -4 6 14
v -4 7 14
v -4 7 13
v -3 7 14
v 4 7 14
v 5 7 13
v 5 7 14
v 5 6 14
v -5 5 14
v -5 6 14
v -5 6 13
v 6 6 13
v 6 6 14
v 6 5 14
v -5 4 14
v 6 4 14
v -6 3 13
v -6 3 14
v -6 4 14
v -6 4 13
v 7 3 13
v 7 4 13
v 7 4 14
v 7 3 14
v -6 2 13
v -6 2 14
v 7 2 13
v 7 2 14
v -6 1 13
v -6 1 14
v -5 1 14
v 7 1 13
v 7 1 14
v 6 1 14
v -5 0 14
v 6 0 14
v -5 -1 13
v -5 -1 14
v -4 -1 14
v 6 -1 13
v 6 -1 14
v 5 -1 14
v -4 -2 14
v 5 -2 14
v -4 -3 14
v -3 -3 14
v -3 -2 14
v 5 -3 14
v 4 -3 14
v 4 -2 14
v -4 -4 14
v -3 -4 14
v 5 -4 14
v 4 -4 14
v -3 -5 14
v -2 -5 14
v -2 -4 14
v 4 -5 14
v 3 -5 14
v 3 -4 14
v -3 -6 14
v -2 -6 14
v 4 -6 14
v 3 -6 14
v -2 -7 14
v -1 -7 14
v -1 -6 14
v 0 -7 14
v 0 -6 14
v 1 -7 14
v 1 -6 14
v 2 -7 14
v 2 -6 14
v 3 -7 14
v -3 -8 14
v -3 -7 14
v -2 -8 14
v -1 -8 14
v 0 -8 14
v 1 -8 14
v 2 -8 14
v 3 -8 14
v 4 -7 14
v 4 -8 14
v -3 -9 14
v -2 -9 14
v -1 -9 14
v 0 -9 14
v 1 -9 14
v 2 -9 14
v 3 -9 14
v 4 -9 14
v -3 -10 14
v -2 -10 14
v -1 -10 14
v 0 -10 14
v 1 -10 14
v 2 -10 14
v 3 -10 14
v 4 -10 14
v -2 -11 14
v -1 -11 14
v 0 -11 14
v 1 -11 14
v 2 -11 14
v 3 -11 14
v -13 -26 14
v -13 -25 14
v -12 -25 14
v -12 -26 14
v 13 -26 14
v 13 -25 14
v 14 -25 14
v 14 -26 14
v -15 -27 14
v -15 -26 14
v -14 -26 14
v -14 -27 14
v -13 -27 14
v -12 -27 14
v -11 -27 14
v -11 -26 14
v -10 -26 14
v -10 -27 14
v 11 -27 14
v 11 -26 14
v 12 -26 14
v 12 -27 14
v 13 -27 14
v 14 -27 14
v 15 -27 14
v 15 -26 14
v 16 -26 14
v 16 -27 14
v -7 12 15
v -7 13 15
v -6 13 15
v -6 12 15
v 7 12 15
v 7 13 15
v 8 13 15
v 8 12 15
v -7 11 15
v -6 11 15
v -5 11 14
v -5 12 14
v -5 12 15
v -5 11 15
v 6 11 14
v 6 11 15
v 6 12 15
v 6 12 14
v 7 11 15
v 8 11 15
v -7 10 14
v -7 10 15
v -6 10 14
v -6 10 15
v -5 10 14
v -5 10 15
v 6 10 14
v 6 10 15
v 7 10 14
v 8 10 14
v 8 10 15
v 7 10 15
v -7 9 14
v -7 9 15
v -6 9 14
v -6 9 15
v -5 9 14
v -4 9 14
v -4 10 14
v -4 10 15
v -4 9 15
v -5 9 15
v 5 9 14
v 5 9 15
v 5 10 15
v 5 10 14
v 6 9 14
v 6 9 15
v 7 9 14
v 8 9 14
v 8 9 15
v 7 9 15
v -6 8 14
v -6 8 15
v -5 8 14
v -4 8 14
v -4 8 15
v 5 8 14
v 5 8 15
v 6 8 14
v 7 8 14
v 7 8 15
v -6 7 14
v -6 7 15
v -5 7 14
v -4 7 15
v -3 7 15
v -3 8 15
v -3 8 14
v -2 8 15
v -1 8 15
v 0 8 15
v 1 8 15
v 2 8 15
v 3 8 15
v 4 8 14
v 4 8 15
v 4 7 15
v 5 7 15
v 6 7 14
v 7 7 14
v 7 7 15
v -6 6 14
v -6 6 15
v -5 6 15
v 7 6 14
v 7 6 15
v 6 6 15
v -5 5 15
v 6 5 15
v -6 4 15
v -6 5 15
v -6 5 14
v 7 5 14
v 7 5 15
v 7 4 15
v -6 3 15
v 7 3 15
v -6 2 15
v 7 2 15
v -6 1 15
v 7 1 15
v -6 0 14
v -6 0 15
v -5 0 15
v 7 0 14
v 7 0 15
v 6 0 15
v -5 -1 15
v -4 -1 15
v 6 -1 15
v 5 -1 15
v -4 -2 15
v -3 -2 15
v 5 -2 15
v 4 -2 15
v -3 -3 15
v 4 -3 15
v -3 -4 15
v -2 -4 15
v -2 -3 15
v 4 -4 15
v 3 -4 15
v 3 -3 15
v -2 -5 15
v -1 -5 15
v -1 -4 15
v 3 -5 15
v 2 -5 15
v 2 -4 15
v -2 -6 15
v -1 -6 15
v 0 -6 15
v 0 -5 15
v 1 -6 15
v 1 -5 15
v 2 -6 15
v 3 -6 15
v 0 -9 15
v 0 -8 15
v 1 -8 15
v 1 -9 15
v -15 -27 15
v -15 -26 15
v -14 -26 15
v -14 -27 15
v -13 -27 15
v -13 -26 15
v -12 -26 15
v -12 -27 15
v -11 -27 15
v -11 -26 15
v -10 -26 15
v -10 -27 15
v 11 -27 15
v 11 -26 15
v 12 -26 15
v 12 -27 15
v 13 -27 15
v 13 -26 15
v 14 -26 15
v 14 -27 15
v 15 -27 15
v 15 -26 15
v 16 -26 15
v 16 -27 15
v -6 10 16
v -6 11 16
v -5 11 16
v -5 10 16
v 6 10 16
v 6 11 16
v 7 11 16
v 7 10 16
v -6 9 16
v -5 9 16
v 6 9 16
v 7 9 16
v -6 8 16
v -5 8 16
v -4 9 16
v -4 8 16
v 5 8 16
v 5 9 16
v 6 8 16
v 7 8 16
v -6 7 16
v -5 7 16
v -3 8 16
v -4 7 16
v -3 7 16
v -2 8 16
v -1 8 16
v 0 8 16
v 1 8 16
v 2 8 16
v 3 8 16
v 4 8 16
v 4 7 16
v 5 7 16
v 7 7 16
v 6 7 16
v -6 6 16
v 7 6 16
v -6 5 16
v 7 5 16
v -6 4 16
v 7 4 16
v -6 3 16
v 7 3 16
v -6 2 16
v 7 2 16
v -6 1 16
v 7 1 16
v -6 0 16
v -5 0 16
v 7 0 16
v 6 0 16
v -5 -1 16
v 6 -1 16
v -5 -2 15
v -5 -2 16
v -4 -2 16
v -3 -2 16
v 5 -2 16
v 4 -2 16
v 6 -2 15
v 6 -2 16
v -3 -3 16
v -2 -3 16
v 4 -3 16
v 3 -3 16
v -2 -4 16
v -1 -4 16
v -1 -3 16
v 0 -4 16
v 0 -3 16
v 1 -4 16
v 2 -4 16
v 2 -3 16
v 1 -3 16
v 3 -4 16
v -1 -5 16
v 0 -5 16
v 1 -5 16
v 2 -5 16
v 0 8 17
v 0 9 17
v 0 9 16
v 1 9 16
v 1 9 17
v 1 8 17
v -5 7 17
v -5 8 17
v -4 8 17
v -4 7 17
v -3 7 17
v -3 8 17
v -2 8 17
v -1 8 17
v 2 8 17
v 3 8 17
v 4 8 17
v 4 7 17
v 5 7 17
v 5 8 17
v 6 8 17
v 6 7 17
v -6 6 17
v -6 7 17
v -5 6 17
v 7 7 17
v 7 6 17
v 6 6 17
v -6 5 17
v -5 5 17
v 7 5 17
v 6 5 17
v -6 4 17
v 7 4 17
v -6 3 17
v 7 3 17
v -7 2 16
v -7 2 17
v -7 3 17
v -7 3 16
v -6 2 17
v 8 2 16
v 8 3 16
v 8 3 17
v 8 2 17
v 7 2 17
v -6 1 17
v 7 1 17
v -6 0 17
v 7 0 17
v -6 -1 16
v -6 -1 17
v -5 -1 17
v -5 0 17
v 7 -1 16
v 7 -1 17
v 6 -1 17
v 6 0 17
v -5 -2 17
v -4 -2 17
v -3 -2 17
v 5 -2 17
v 4 -2 17
v 6 -2 17
v -3 -3 17
v -2 -3 17
v -1 -3 17
v 0 -3 17
v 2 -3 17
v 1 -3 17
v 3 -3 17
v 4 -3 17
v 0 -4 17
v 1 -4 17
v -3 7 18
v -3 8 18
v -2 8 18
v -1 8 18
v 0 8 18
v 1 8 18
v 2 8 18
v 3 8 18
v 4 8 18
v 4 7 18
v -5 6 18
v -5 7 18
v -4 7 18
v -4 6 18
v 5 7 18
v 6 7 18
v 6 6 18
v 5 6 18
v -5 5 18
v 6 5 18
v -6 4 18
v -6 5 18
v 7 5 18
v 7 4 18
v -6 3 18
v 7 3 18
v -6 2 18
v 7 2 18
v -6 1 18
v 7 1 18
v -6 0 18
v -5 0 18
v 7 0 18
v 6 0 18
v -5 -1 18
v 6 -1 18
v -5 -2 18
v -4 -2 18
v -4 -1 18
v -3 -2 18
v 5 -2 18
v 4 -2 18
v 6 -2 18
v 5 -1 18
v -3 -3 18
v -2 -3 18
v -1 -3 18
v 0 -3 18
v 1 -3 18
v 2 -3 18
v 3 -3 18
v 4 -3 18
v -3 7 19
v -3 8 19
v -2 8 19
v -2 7 19
v -1 8 19
v 0 8 19
v 1 8 19
v 2 8 19
v 3 8 19
v 4 8 19
v 4 7 19
v 3 7 19
v -4 6 19
v -4 7 19
v 5 7 19
v 5 6 19
v -5 5 19
v -5 6 19
v 6 6 19
v 6 5 19
v -6 4 19
v -6 5 19
v -5 4 19
v 7 5 19
v 7 4 19
v 6 4 19
v -6 3 19
v 7 3 19
v -6 2 19
v 7 2 19
v -6 1 19
v 7 1 19
v -6 0 19
v -5 0 19
v -5 1 19
v 7 0 19
v 6 0 19
v 6 1 19
v -5 -1 19
v -4 -1 19
v 6 -1 19
v 5 -1 19
v -4 -2 19
v -3 -2 19
v 5 -2 19
v 4 -2 19
v -3 -3 19
v -2 -3 19
v -2 -2 19
v -1 -3 19
v 0 -3 19
v 1 -3 19
v 2 -3 19
v 3 -3 19
v 4 -3 19
v 3 -2 19
v -2 7 20
v -2 8 20
v -1 8 20
v -1 7 20
v 0 8 20
v 0 7 20
v 1 8 20
v 1 7 20
v 2 8 20
v 2 7 20
v 3 8 20
v 3 7 20
v -4 6 20
v -4 7 20
v -3 7 20
v -3 6 20
v 4 7 20
v 5 7 20
v 5 6 20
v 4 6 20
v -5 5 20
v -5 6 20
v -4 5 20
v 6 6 20
v 6 5 20
v 5 5 20
v -5 4 20
v 6 4 20
v -6 3 20
v -6 4 20
v -5 3 20
v 7 4 20
v 7 3 20
v 6 3 20
v -6 2 20
v -5 2 20
v 7 2 20
v 6 2 20
v -6 1 20
v -5 1 20
v 7 1 20
v 6 1 20
v -5 0 20
v 6 0 20
v -5 -1 20
v 6 -1 20
v -5 -2 19
v -5 -2 20
v -4 -2 20
v -3 -2 20
v -2 -2 20
v 4 -2 20
v 3 -2 20
v 5 -2 20
v 6 -2 19
v 6 -2 20
v -2 -3 20
v -1 -3 20
v -1 -2 20
v 0 -3 20
v 0 -2 20
v 1 -3 20
v 1 -2 20
v 2 -3 20
v 2 -2 20
v 3 -3 20
v -4 -5 19
v -4 -5 20
v -4 -4 20
v -4 -4 19
v -3 -4 20
v -3 -4 19
v -3 -5 19
v -2 -4 20
v -2 -4 19
v -2 -5 19
v -1 -4 20
v -1 -4 19
v -1 -5 19
v 0 -4 20
v 0 -4 19
v 0 -5 19
v 1 -4 20
v 1 -4 19
v 1 -5 19
v 2 -4 20
v 2 -4 19
v 2 -5 19
v 3 -4 20
v 3 -4 19
v 3 -5 19
v 4 -4 20
v 4 -4 19
v 4 -5 19
v 5 -5 19
v 5 -4 19
v 5 -4 20
v 5 -5 20
v -4 -6 19
v -4 -6 20
v -3 -6 19
v -3 -6 20
v -2 -6 19
v -2 -6 20
v -1 -6 19
v -1 -6 20
v 0 -6 19
v 0 -6 20
v 1 -6 19
v 1 -6 20
v 2 -6 19
v 2 -6 20
v 3 -6 19
v 3 -6 20
v 4 -6 19
v 4 -6 20
v 5 -6 19
v 5 -6 20
v -3 6 21
v -3 7 21
v -2 7 21
v -2 6 21
v -1 7 21
v -1 6 21
v 0 7 21
v 1 7 21
v 2 7 21
v 3 7 21
v 2 6 21
v 3 6 21
v 4 7 21
v 4 6 21
v -4 5 21
v -4 6 21
v -3 5 21
v 5 6 21
v 5 5 21
v 4 5 21
v -5 4 21
v -5 5 21
v 6 5 21
v 6 4 21
v -5 3 21
v -4 3 21
v -4 4 21
v 6 3 21
v 5 3 21
v 5 4 21
v -5 2 21
v 6 2 21
v -5 1 21
v 6 1 21
v -5 0 21
v 6 0 21
v -5 -1 21
v 6 -1 21
v -5 -2 21
v -4 -2 21
v -3 -2 21
v -2 -2 21
v -1 -2 21
v 0 -2 21
v 1 -2 21
v 2 -2 21
v 3 -2 21
v 4 -2 21
v 5 -2 21
v 6 -2 21
v -4 -5 21
v -4 -4 21
v -3 -4 21
v -2 -4 21
v -1 -4 21
v 0 -4 21
v 1 -4 21
v 2 -4 21
v 3 -4 21
v 4 -4 21
v 5 -4 21
v 5 -5 21
v -4 -6 21
v -3 -6 21
v -2 -6 21
v -1 -6 21
v 0 -6 21
v 1 -6 21
v 2 -6 21
v 3 -6 21
v 4 -6 21
v 5 -6 21
v -1 6 22
v -1 7 22
v 0 7 22
v 0 6 22
v 1 7 22
v 1 6 22
v 2 7 22
v 2 6 22
v -3 5 22
v -3 6 22
v -2 6 22
v -2 5 22
v -1 5 22
v 0 5 22
v 1 5 22
v 2 5 22
v 3 6 22
v 3 5 22
v 4 6 22
v 4 5 22
v -5 4 22
v -5 5 22
v -4 4 22
v -4 5 22
v -3 4 22
v -2 4 22
v 3 4 22
v 4 4 22
v 5 5 22
v 5 4 22
v 6 5 22
v 6 4 22
v -4 3 22
v -3 3 22
v 5 3 22
v 4 3 22
v -5 2 22
v -5 3 22
v 6 3 22
v 6 2 22
v -5 1 22
v 6 1 22
v -5 0 22
v 6 0 22
v -5 -1 22
v 6 -1 22
v -5 -2 22
v -4 -2 22
v -3 -2 22
v -2 -2 22
v -1 -2 22
v 0 -2 22
v 1 -2 22
v 2 -2 22
v 3 -2 22
v 4 -2 22
v 5 -2 22
v 6 -2 22
v -4 -5 22
v -4 -4 22
v -3 -4 22
v -2 -4 22
v -1 -4 22
v 0 -4 22
v 1 -4 22
v 2 -4 22
v 3 -4 22
v 4 -4 22
v 5 -4 22
v 5 -5 22
v -4 -6 22
v -3 -6 22
v -2 -6 22
v -1 -6 22
v 0 -6 22
v 1 -6 22
v 2 -6 22
v 3 -6 22
v 4 -6 22
v 5 -6 22
v 0 5 23
v 0 6 23
v 1 6 23
v 1 5 23
v -2 4 23
v -2 5 23
v -1 5 23
v -1 4 23
v 0 4 23
v 1 4 23
v 2 5 23
v 2 4 23
v 3 5 23
v 3 4 23
v -3 3 23
v -3 4 23
v -2 3 23
v -1 3 23
v 0 3 23
v 1 3 23
v 2 3 23
v 3 3 23
v 4 4 23
v 4 3 23
v -5 2 23
v -5 3 23
v -4 3 23
v 5 3 23
v 6 3 23
v 6 2 23
v -5 1 23
v 6 1 23
v -5 0 23
v 6 0 23
v -5 -1 23
v 6 -1 23
v -5 -2 23
v -4 -2 23
v -3 -2 23
v -2 -2 23
v -1 -2 23
v 0 -2 23
v 1 -2 23
v 2 -2 23
v 3 -2 23
v 4 -2 23
v 5 -2 23
v 6 -2 23
v -4 -5 23
v -4 -4 23
v -3 -4 23
v -2 -4 23
v -1 -4 23
v 0 -4 23
v 1 -4 23
v 2 -4 23
v 3 -4 23
v 4 -4 23
v 5 -4 23
v 5 -5 23
v -4 -6 23
v -3 -6 23
v -2 -6 23
v -1 -6 23
v 0 -6 23
v 1 -6 23
v 2 -6 23
v 3 -6 23
v 4 -6 23
v 5 -6 23
v -5 2 24
v -5 3 24
v -4 3 24
v -3 3 24
v -2 3 24
v -1 3 24
v 0 3 24
v 1 3 24
v 2 3 24
v 3 3 24
v 4 3 24
v 5 3 24
v 6 3 24
v 6 2 24
v -5 1 24
v 6 1 24
v -5 0 24
v 6 0 24
v -5 -1 24
v 6 -1 24
v -5 -2 24
v -4 -2 24
v -3 -2 24
v -2 -2 24
v -1 -2 24
v 0 -2 24
v 1 -2 24
v 2 -2 24
v 3 -2 24
v 4 -2 24
v 5 -2 24
v 6 -2 24
v -4 -5 24
v -4 -4 24
v -3 -4 24
v -2 -4 24
v -1 -4 24
v 0 -4 24
v 1 -4 24
v 2 -4 24
v 3 -4 24
v 4 -4 24
v 5 -4 24
v 5 -5 24
v -4 -6 24
v -3 -6 24
v -2 -6 24
v -1 -6 24
v 0 -6 24
v 1 -6 24
v 2 -6 24
v 3 -6 24
v 4 -6 24
v 5 -6 24
v -5 2 25
v -5 3 25
v -4 3 25
v -3 3 25
v -2 3 25
v -1 3 25
v 0 3 25
v 1 3 25
v 2 3 25
v 3 3 25
v 4 3 25
v 5 3 25
v 6 3 25
v 6 2 25
v -5 1 25
v 6 1 25
v -5 0 25
v 6 0 25
v -5 -1 25
v 6 -1 25
v -5 -2 25
v -4 -2 25
v -3 -2 25
v -2 -2 25
v -1 -2 25
v 0 -2 25
v 1 -2 25
v 2 -2 25
v 3 -2 25
v 4 -2 25
v 5 -2 25
v 6 -2 25
v -4 -5 25
v -4 -4 25
v -3 -4 25
v -2 -4 25
v -1 -4 25
v 0 -4 25
v 1 -4 25
v 2 -4 25
v 3 -4 25
v 4 -4 25
v 5 -4 25
v 5 -5 25
v -4 -6 25
v -3 -6 25
v -2 -6 25
v -1 -6 25
v 0 -6 25
v 1 -6 25
v 2 -6 25
v 3 -6 25
v 4 -6 25
v 5 -6 25
v -5 2 26
v -5 3 26
v -4 3 26
v -3 3 26
v -2 3 26
v -1 3 26
v 0 3 26
v 1 3 26
v 2 3 26
v 3 3 26
v 4 3 26
v 5 3 26
v 6 3 26
v 6 2 26
v -5 1 26
v 6 1 26
v -5 0 26
v 6 0 26
v -5 -1 26
v 6 -1 26
v -5 -2 26
v -4 -2 26
v -3 -2 26
v -2 -2 26
v -1 -2 26
v 0 -2 26
v 1 -2 26
v 2 -2 26
v 3 -2 26
v 4 -2 26
v 5 -2 26
v 6 -2 26
v -4 -5 26
v -4 -4 26
v -3 -4 26
v -2 -4 26
v -1 -4 26
v 0 -4 26
v 1 -4 26
v 2 -4 26
v 3 -4 26
v 4 -4 26
v 5 -4 26
v 5 -5 26
v -4 -6 26
v -3 -6 26
v -2 -6 26
v -1 -6 26
v 0 -6 26
v 1 -6 26
v 2 -6 26
v 3 -6 26
v 4 -6 26
v 5 -6 26
v -5 2 27
v -5 3 27
v -4 3 27
v -3 3 27
v -2 3 27
v -1 3 27
v 0 3 27
v 1 3 27
v 2 3 27
v 3 3 27
v 4 3 27
v 5 3 27
v 6 3 27
v 6 2 27
v -5 1 27
v 6 1 27
v -5 0 27
v 6 0 27
v -5 -1 27
v 6 -1 27
v -5 -2 27
v -4 -2 27
v -3 -2 27
v -2 -2 27
v -1 -2 27
v 0 -2 27
v 1 -2 27
v 2 -2 27
v 3 -2 27
v 4 -2 27
v 5 -2 27
v 6 -2 27
v -4 -5 27
v -4 -4 27
v -3 -4 27
v -2 -4 27
v -1 -4 27
v 0 -4 27
v 1 -4 27
v 2 -4 27
v 3 -4 27
v 4 -4 27
v 5 -4 27
v 5 -5 27
v -4 -6 27
v -3 -6 27
v -2 -6 27
v -1 -6 27
v 0 -6 27
v 1 -6 27
v 2 -6 27
v 3 -6 27
v 4 -6 27
v 5 -6 27
v -5 2 28
v -5 3 28
v -4 3 28
v -4 2 28
v -3 3 28
v -3 2 28
v -2 3 28
v -2 2 28
v -1 3 28
v -1 2 28
v 0 3 28
v 0 2 28
v 1 3 28
v 1 2 28
v 2 3 28
v 2 2 28
v 3 3 28
v 3 2 28
v 4 3 28
v 4 2 28
v 5 3 28
v 5 2 28
v 6 3 28
v 6 2 28
v -5 1 28
v -4 1 28
v -3 1 28
v -2 1 28
v -1 1 28
v 0 1 28
v 1 1 28
v 2 1 28
v 3 1 28
v 4 1 28
v 5 1 28
v 6 1 28
v -5 0 28
v -4 0 28
v -3 0 28
v -2 0 28
v -1 0 28
v 0 0 28
v 1 0 28
v 2 0 28
v 3 0 28
v 4 0 28
v 5 0 28
v 6 0 28
v -5 -1 28
v -4 -1 28
v -3 -1 28
v -2 -1 28
v -1 -1 28
v 0 -1 28
v 1 -1 28
v 2 -1 28
v 3 -1 28
v 4 -1 28
v 5 -1 28
v 6 -1 28
v -5 -2 28
v -4 -2 28
v -3 -2 28
v -2 -2 28
v -1 -2 28
v 0 -2 28
v 1 -2 28
v 2 -2 28
v 3 -2 28
v 4 -2 28
v 5 -2 28
v 6 -2 28
v -4 -5 28
v -4 -4 28
v -3 -4 28
v -3 -5 28
v -2 -4 28
v -2 -5 28
v -1 -4 28
v -1 -5 28
v 0 -4 28
v 0 -5 28
v 1 -4 28
v 1 -5 28
v 2 -4 28
v 2 -5 28
v 3 -4 28
v 3 -5 28
v 4 -4 28
v 4 -5 28
v 5 -4 28
v 5 -5 28
v -4 -6 28
v -3 -6 28
v -2 -6 28
v -1 -6 28
v 0 -6 28
v 1 -6 28
v 2 -6 28
v 3 -6 28
v 4 -6 28
v 5 -6 28
vn -1 0 0
vn 1 0 0
vn 0 -1 0
vn 0 1 0
vn 0 0 -1
vn 0 0 1
s off
g glyph_35
f 1//1 2//1 3//1 4//1
f 5//2 6//2 7//2 8//2
f 1//3 5//3 8//3 2//3
f 4//4 3//4 7//4 6//4
f 1//5 4//5 6//5 5//5
f 9//1 10//1 11//1 12//1
f 12//4 11//4 13//4 14//4
f 9//5 12//5 14//5 3//5
f 14//4 13//4 15//4 16//4
f 3//5 14//5 16//5 7//5
f 17//2 18//2 19//2 20//2
f 16//4 15//4 19//4 18//4
f 7//5 16//5 18//5 17//5
f 21//1 22//1 23//1 24//1
f 24//4 23//4 10//4 9//4
f 21//5 24//5 9//5 25//5
f 25//5 9//5 3//5 2//5
f 26//2 17//2 20//2 27//2
f 8//5 7//5 17//5 26//5
f 28//1 29//1 30//1 31//1
f 31//4 30//4 22//4 21//4
f 28//5 31//5 21//5 32//5
f 32//5 21//5 25//5 33//5
f 33//5 25//5 2//5 34//5
f 34//3 35//3 36//3 37//3
f 34//5 2//5 8//5 35//5
f 38//2 26//2 27//2 39//2
f 35//3 38//3 39//3 36//3
f 35//5 8//5 26//5 38//5
f 40//1 41//1 29//1 28//1
f 40//3 42//3 43//3 41//3
f 40//5 28//5 32//5 42//5
f 42//3 44//3 45//3 43//3
f 42//5 32//5 33//5 44//5
f 46//2 34//2 37//2 47//2
f 44//3 46//3 47//3 45//3
f 44//5 33//5 34//5 46//5
f 13//1 48//1 49//1 50//1
f 50//4 49//4 51//4 52//4
f 13//5 50//5 52//5 15//5
f 19//2 53//2 54//2 55//2
f 52//4 51//4 54//4 53//4
f 15//5 52//5 53//5 19//5
f 23//1 56//1 57//1 58//1
f 58//4 57//4 59//4 11//4
f 23//5 58//5 11//5 10//5
f 11//4 59//4 48//4 13//4
f 60//2 61//2 62//2 63//2
f 19//4 55//4 62//4 61//4
f 20//5 19//5 61//5 60//5
f 30//1 64//1 65//1 66//1
f 66//4 65//4 56//4 23//4
f 30//5 66//5 23//5 22//5
f 67//2 60//2 63//2 68//2
f 27//3 67//3 68//3 69//3
f 27//5 20//5 60//5 67//5
f 70//1 71//1 72//1 73//1
f 73//4 72//4 64//4 30//4
f 70//5 73//5 30//5 29//5
f 39//2 27//2 69//2 74//2
f 36//3 39//3 74//3 75//3
f 76//1 77//1 78//1 79//1
f 79//4 78//4 71//4 70//4
f 76//5 79//5 70//5 80//5
f 80//5 70//5 29//5 41//5
f 81//2 36//2 75//2 82//2
f 47//3 81//3 82//3 83//3
f 47//5 37//5 36//5 81//5
f 84//1 85//1 86//1 87//1
f 87//4 86//4 77//4 76//4
f 84//5 87//5 76//5 88//5
f 88//5 76//5 80//5 89//5
f 89//5 80//5 41//5 90//5
f 90//5 41//5 43//5 91//5
f 91//3 92//3 93//3 94//3
f 91//5 43//5 45//5 92//5
f 95//2 47//2 83//2 96//2
f 92//3 95//3 96//3 93//3
f 92//5 45//5 47//5 95//5
f 97//1 98//1 85//1 84//1
f 97//3 99//3 100//3 98//3
f 97//5 84//5 88//5 99//5
f 99//3 101//3 102//3 100//3
f 99//5 88//5 89//5 101//5
f 101//3 103//3 104//3 102//3
f 101//5 89//5 90//5 103//5
f 105//2 91//2 94//2 106//2
f 103//3 105//3 106//3 104//3
f 103//5 90//5 91//5 105//5
f 49//1 107//1 108//1 109//1
f 109//4 108//4 110//4 111//4
f 49//5 109//5 111//5 51//5
f 111//4 110//4 112//4 113//4
f 51//5 111//5 113//5 54//5
f 114//2 115//2 116//2 117//2
f 113//4 112//4 116//4 115//4
f 54//5 113//5 115//5 114//5
f 48//1 118//1 107//1 49//1
f 62//2 114//2 117//2 119//2
f 55//5 54//5 114//5 62//5
f 56//1 120//1 121//1 57//1
f 57//4 121//4 122//4 59//4
f 120//6 123//6 122//6 121//6
f 59//4 122//4 118//4 48//4
f 123//6 124//6 118//6 122//6
f 63//2 62//2 119//2 125//2
f 72//1 126//1 127//1 128//1
f 128//4 127//4 129//4 65//4
f 72//5 128//5 65//5 64//5
f 126//6 130//6 129//6 127//6
f 65//4 129//4 120//4 56//4
f 68//2 63//2 125//2 131//2
f 69//3 68//3 131//3 132//3
f 132//6 131//6 125//6 133//6
f 78//1 134//1 135//1 136//1
f 136//4 135//4 126//4 72//4
f 78//5 136//5 72//5 71//5
f 74//2 69//2 132//2 137//2
f 75//3 74//3 137//3 138//3
f 138//6 137//6 132//6 139//6
f 86//1 140//1 141//1 142//1
f 142//4 141//4 134//4 78//4
f 86//5 142//5 78//5 77//5
f 82//2 75//2 138//2 143//2
f 83//3 82//3 143//3 144//3
f 144//6 143//6 138//6 145//6
f 146//1 147//1 148//1 149//1
f 149//4 148//4 140//4 86//4
f 146//5 149//5 86//5 85//5
f 96//2 83//2 144//2 150//2
f 93//3 96//3 150//3 151//3
f 152//1 153//1 154//1 155//1
f 155//4 154//4 147//4 146//4
f 152//5 155//5 146//5 156//5
f 156//5 146//5 85//5 98//5
f 104//3 106//3 157//3 158//3
f 159//2 93//2 151//2 160//2
f 106//3 159//3 160//3 157//3
f 106//5 94//5 93//5 159//5
f 161//1 162//1 163//1 164//1
f 164//4 163//4 153//4 152//4
f 161//5 164//5 152//5 165//5
f 165//5 152//5 156//5 166//5
f 166//5 156//5 98//5 167//5
f 167//5 98//5 100//5 168//5
f 168//3 169//3 170//3 171//3
f 168//5 100//5 102//5 169//5
f 172//2 104//2 158//2 173//2
f 169//3 172//3 173//3 170//3
f 169//5 102//5 104//5 172//5
f 174//1 175//1 162//1 161//1
f 174//3 176//3 177//3 175//3
f 174//5 161//5 165//5 176//5
f 176//3 178//3 179//3 177//3
f 176//5 165//5 166//5 178//5
f 178//3 180//3 181//3 179//3
f 178//5 166//5 167//5 180//5
f 182//2 168//2 171//2 183//2
f 180//3 182//3 183//3 181//3
f 180//5 167//5 168//5 182//5
f 110//1 184//1 185//1 186//1
f 186//4 185//4 187//4 188//4
f 110//5 186//5 188//5 112//5
f 116//2 189//2 190//2 191//2
f 188//4 187//4 190//4 189//4
f 112//5 188//5 189//5 116//5
f 107//1 192//1 193//1 108//1
f 108//4 193//4 184//4 110//4
f 192//6 194//6 184//6 193//6
f 195//2 196//2 197//2 198//2
f 117//3 195//3 198//3 199//3
f 116//4 191//4 197//4 196//4
f 117//5 116//5 196//5 195//5
f 118//1 200//1 192//1 107//1
f 200//6 201//6 194//6 192//6
f 119//2 117//2 199//2 202//2
f 124//1 203//1 200//1 118//1
f 203//6 204//6 201//6 200//6
f 125//2 119//2 202//2 205//2
f 133//3 125//3 205//3 206//3
f 206//6 205//6 202//6 207//6
f 130//1 208//1 209//1 129//1
f 129//4 209//4 210//4 120//4
f 208//6 211//6 210//6 209//6
f 120//4 210//4 212//4 123//4
f 211//6 213//6 212//6 210//6
f 123//4 212//4 203//4 124//4
f 213//6 214//6 203//6 212//6
f 214//6 215//6 204//6 203//6
f 132//2 133//2 206//2 216//2
f 139//3 132//3 216//3 215//3
f 215//6 216//6 206//6 204//6
f 141//1 217//1 218//1 219//1
f 219//4 218//4 220//4 135//4
f 141//5 219//5 135//5 134//5
f 217//6 221//6 220//6 218//6
f 135//4 220//4 222//4 126//4
f 126//4 222//4 208//4 130//4
f 223//6 224//6 214//6 213//6
f 138//2 139//2 215//2 225//2
f 145//3 138//3 225//3 224//3
f 224//6 225//6 215//6 214//6
f 148//1 226//1 227//1 228//1
f 228//4 227//4 217//4 141//4
f 148//5 228//5 141//5 140//5
f 144//2 145//2 224//2 229//2
f 230//6 229//6 224//6 223//6
f 154//1 231//1 232//1 233//1
f 233//4 232//4 226//4 148//4
f 154//5 233//5 148//5 147//5
f 150//2 144//2 229//2 234//2
f 151//3 150//3 234//3 235//3
f 235//6 234//6 229//6 230//6
f 236//1 237//1 238//1 239//1
f 239//4 238//4 240//4 241//4
f 236//5 239//5 241//5 163//5
f 241//4 240//4 231//4 154//4
f 163//5 241//5 154//5 153//5
f 158//3 157//3 242//3 243//3
f 160//2 151//2 235//2 244//2
f 157//3 160//3 244//3 242//3
f 242//6 244//6 235//6 245//6
f 246//1 247//1 248//1 249//1
f 249//4 248//4 237//4 236//4
f 246//5 249//5 236//5 250//5
f 250//5 236//5 163//5 162//5
f 173//2 158//2 243//2 251//2
f 170//3 173//3 251//3 252//3
f 253//1 254//1 247//1 246//1
f 253//5 246//5 250//5 255//5
f 255//5 250//5 162//5 175//5
f 256//2 170//2 252//2 257//2
f 183//3 256//3 257//3 258//3
f 183//5 171//5 170//5 256//5
f 259//1 260//1 254//1 253//1
f 259//3 261//3 262//3 260//3
f 259//5 253//5 255//5 261//5
f 261//5 255//5 175//5 263//5
f 263//5 175//5 177//5 264//5
f 264//5 177//5 179//5 265//5
f 265//3 266//3 267//3 268//3
f 265//5 179//5 181//5 266//5
f 269//2 183//2 258//2 270//2
f 266//3 269//3 270//3 267//3
f 266//5 181//5 183//5 269//5
f 271//1 272//1 262//1 261//1
f 271//3 273//3 274//3 272//3
f 271//5 261//5 263//5 273//5
f 273//3 275//3 276//3 274//3
f 273//5 263//5 264//5 275//5
f 277//2 265//2 268//2 278//2
f 275//3 277//3 278//3 276//3
f 275//5 264//5 265//5 277//5
f 187//1 279//1 280//1 281//1
f 281//4 280//4 282//4 283//4
f 187//5 281//5 283//5 190//5
f 284//2 285//2 286//2 287//2
f 283//4 282//4 286//4 285//4
f 190//5 283//5 285//5 284//5
f 184//1 288//1 289//1 185//1
f 185//4 289//4 279//4 187//4
f 197//2 284//2 287//2 290//2
f 191//5 190//5 284//5 197//5
f 194//1 291//1 288//1 184//1
f 198//2 197//2 290//2 292//2
f 199//3 198//3 292//3 293//3
f 201//1 294//1 291//1 194//1
f 294//6 295//6 296//6 291//6
f 202//2 199//2 293//2 297//2
f 207//3 202//3 297//3 295//3
f 295//6 297//6 293//6 296//6
f 204//1 298//1 294//1 201//1
f 206//2 207//2 295//2 299//2
f 204//3 206//3 299//3 298//3
f 298//6 299//6 295//6 294//6
f 221//1 300//1 301//1 220//1
f 220//4 301//4 302//4 222//4
f 300//6 303//6 302//6 301//6
f 222//4 302//4 304//4 208//4
f 303//6 305//6 304//6 302//6
f 208//4 304//4 306//4 211//4
f 305//6 307//6 306//6 304//6
f 223//2 213//2 308//2 309//2
f 211//4 306//4 308//4 213//4
f 307//6 309//6 308//6 306//6
f 226//1 310//1 311//1 227//1
f 227//4 311//4 312//4 217//4
f 217//4 312//4 300//4 221//4
f 313//6 314//6 307//6 305//6
f 230//2 223//2 309//2 315//2
f 314//6 315//6 309//6 307//6
f 240//1 316//1 317//1 318//1
f 318//4 317//4 319//4 232//4
f 240//5 318//5 232//5 231//5
f 232//4 319//4 310//4 226//4
f 235//2 230//2 315//2 320//2
f 245//3 235//3 320//3 321//3
f 321//6 320//6 315//6 314//6
f 322//1 323//1 324//1 325//1
f 325//4 324//4 326//4 327//4
f 322//5 325//5 327//5 248//5
f 327//4 326//4 328//4 238//4
f 248//5 327//5 238//5 237//5
f 238//4 328//4 316//4 240//4
f 242//2 245//2 321//2 329//2
f 243//3 242//3 329//3 330//3
f 330//6 329//6 321//6 331//6
f 332//1 333//1 323//1 322//1
f 332//5 322//5 248//5 247//5
f 251//2 243//2 330//2 334//2
f 252//3 251//3 334//3 335//3
f 336//1 337//1 333//1 332//1
f 336//5 332//5 247//5 254//5
f 257//2 252//2 335//2 338//2
f 258//3 257//3 338//3 339//3
f 340//1 341//1 337//1 336//1
f 340//3 260//3 342//3 341//3
f 340//5 336//5 254//5 260//5
f 270//2 258//2 339//2 343//2
f 267//3 270//3 343//3 344//3
f 345//1 346//1 342//1 260//1
f 345//3 272//3 347//3 346//3
f 345//5 260//5 262//5 272//5
f 272//3 274//3 348//3 347//3
f 274//3 276//3 349//3 348//3
f 276//3 278//3 350//3 349//3
f 351//2 267//2 344//2 352//2
f 278//3 351//3 352//3 350//3
f 278//5 268//5 267//5 351//5
f 282//1 353//1 354//1 355//1
f 286//2 356//2 357//2 358//2
f 355//4 354//4 357//4 356//4
f 282//5 355//5 356//5 286//5
f 279//1 359//1 360//1 280//1
f 280//4 360//4 353//4 282//4
f 361//2 362//2 363//2 364//2
f 287//3 361//3 364//3 365//3
f 286//4 358//4 363//4 362//4
f 287//5 286//5 362//5 361//5
f 288//1 366//1 367//1 289//1
f 289//4 367//4 359//4 279//4
f 366//6 368//6 359//6 367//6
f 368//6 369//6 370//6 359//6
f 290//2 287//2 365//2 371//2
f 291//1 372//1 366//1 288//1
f 291//3 296//3 373//3 372//3
f 372//6 373//6 368//6 366//6
f 296//3 293//3 374//3 373//3
f 373//6 374//6 369//6 368//6
f 292//2 290//2 371//2 375//2
f 293//3 292//3 375//3 374//3
f 374//6 375//6 371//6 369//6
f 310//1 376//1 377//1 311//1
f 311//4 377//4 378//4 312//4
f 376//6 379//6 378//6 377//6
f 312//4 378//4 380//4 300//4
f 379//6 381//6 380//6 378//6
f 300//4 380//4 382//4 303//4
f 381//6 383//6 382//6 380//6
f 313//2 305//2 384//2 385//2
f 303//4 382//4 384//4 305//4
f 383//6 385//6 384//6 382//6
f 324//1 386//1 387//1 388//1
f 388//4 387//4 389//4 390//4
f 324//5 388//5 390//5 326//5
f 390//4 389//4 391//4 392//4
f 326//5 390//5 392//5 328//5
f 392//4 391//4 393//4 317//4
f 328//5 392//5 317//5 316//5
f 317//4 393//4 394//4 319//4
f 319//4 394//4 376//4 310//4
f 395//6 396//6 383//6 381//6
f 396//6 397//6 385//6 383//6
f 321//2 314//2 398//2 399//2
f 331//3 321//3 399//3 397//3
f 313//4 385//4 398//4 314//4
f 397//6 399//6 398//6 385//6
f 400//1 401//1 402//1 403//1
f 403//4 402//4 404//4 405//4
f 400//5 403//5 405//5 406//5
f 405//4 404//4 386//4 324//4
f 406//5 405//5 324//5 323//5
f 330//2 331//2 397//2 407//2
f 408//6 407//6 397//6 396//6
f 409//1 410//1 401//1 400//1
f 409//5 400//5 406//5 411//5
f 411//5 406//5 323//5 333//5
f 334//2 330//2 407//2 412//2
f 335//3 334//3 412//3 413//3
f 413//6 412//6 407//6 408//6
f 414//1 415//1 410//1 409//1
f 414//3 416//3 417//3 415//3
f 414//5 409//5 411//5 416//5
f 416//5 411//5 333//5 337//5
f 338//2 335//2 413//2 418//2
f 339//3 338//3 418//3 419//3
f 419//6 418//6 413//6 420//6
f 421//1 422//1 417//1 416//1
f 421//3 341//3 423//3 422//3
f 421//5 416//5 337//5 341//5
f 343//2 339//2 419//2 424//2
f 344//3 343//3 424//3 425//3
f 425//6 424//6 419//6 426//6
f 427//1 428//1 423//1 341//1
f 427//3 346//3 429//3 428//3
f 427//5 341//5 342//5 346//5
f 346//3 347//3 430//3 429//3
f 347//3 348//3 431//3 430//3
f 349//3 350//3 432//3 433//3
f 352//2 344//2 425//2 434//2
f 350//3 352//3 434//3 432//3
f 435//1 436//1 431//1 348//1
f 437//2 349//2 433//2 438//2
f 435//3 437//3 438//3 436//3
f 435//5 348//5 349//5 437//5
f 436//6 438//6 433//6 431//6
f 354//1 439//1 440//1 441//1
f 441//4 440//4 442//4 443//4
f 354//5 441//5 443//5 357//5
f 444//2 445//2 446//2 447//2
f 443//4 442//4 446//4 445//4
f 357//5 443//5 445//5 444//5
f 353//1 448//1 439//1 354//1
f 363//2 444//2 447//2 449//2
f 358//5 357//5 444//5 363//5
f 359//1 450//1 451//1 360//1
f 359//3 370//3 452//3 450//3
f 360//4 451//4 448//4 353//4
f 450//6 452//6 448//6 451//6
f 452//6 453//6 454//6 448//6
f 364//2 363//2 449//2 455//2
f 365//3 364//3 455//3 453//3
f 453//6 455//6 449//6 454//6
f 369//1 456//1 452//1 370//1
f 371//2 365//2 453//2 457//2
f 369//3 371//3 457//3 456//3
f 456//6 457//6 453//6 452//6
f 458//1 459//1 460//1 461//1
f 461//4 460//4 462//4 463//4
f 458//5 461//5 463//5 402//5
f 463//4 462//4 464//4 465//4
f 402//5 463//5 465//5 404//5
f 465//4 464//4 466//4 387//4
f 404//5 465//5 387//5 386//5
f 387//4 466//4 467//4 389//4
f 389//4 467//4 468//4 391//4
f 391//4 468//4 469//4 393//4
f 393//4 469//4 470//4 394//4
f 394//4 470//4 471//4 376//4
f 472//6 473//6 471//6 470//6
f 376//4 471//4 474//4 379//4
f 473//6 475//6 474//6 471//6
f 395//2 381//2 476//2 477//2
f 379//4 474//4 476//4 381//4
f 475//6 477//6 476//6 474//6
f 478//1 479//1 459//1 458//1
f 478//5 458//5 402//5 401//5
f 480//6 481//6 475//6 473//6
f 481//6 482//6 477//6 475//6
f 408//2 396//2 483//2 484//2
f 395//4 477//4 483//4 396//4
f 482//6 484//6 483//6 477//6
f 485//1 486//1 479//1 478//1
f 485//5 478//5 401//5 410//5
f 487//6 488//6 482//6 481//6
f 413//2 408//2 484//2 489//2
f 420//3 413//3 489//3 488//3
f 488//6 489//6 484//6 482//6
f 490//1 491//1 486//1 485//1
f 490//3 415//3 492//3 491//3
f 490//5 485//5 410//5 415//5
f 419//2 420//2 488//2 493//2
f 426//3 419//3 493//3 494//3
f 494//6 493//6 488//6 487//6
f 495//1 496//1 492//1 415//1
f 495//3 422//3 497//3 496//3
f 495//5 415//5 417//5 422//5
f 422//3 423//3 498//3 497//3
f 425//2 426//2 494//2 499//2
f 428//1 500//1 498//1 423//1
f 428//3 429//3 501//3 500//3
f 429//3 430//3 502//3 501//3
f 430//3 431//3 503//3 502//3
f 431//3 433//3 504//3 503//3
f 433//3 432//3 505//3 504//3
f 434//2 425//2 499//2 506//2
f 432//3 434//3 506//3 505//3
f 505//6 506//6 499//6 507//6
f 442//1 508//1 509//1 510//1
f 446//2 511//2 512//2 513//2
f 510//4 509//4 512//4 511//4
f 442//5 510//5 511//5 446//5
f 439//1 514//1 515//1 440//1
f 440//4 515//4 508//4 442//4
f 514//6 516//6 508//6 515//6
f 517//2 518//2 519//2 520//2
f 447//3 517//3 520//3 521//3
f 446//4 513//4 519//4 518//4
f 447//5 446//5 518//5 517//5
f 521//6 520//6 519//6 513//6
f 448//1 522//1 514//1 439//1
f 448//3 454//3 523//3 522//3
f 522//6 523//6 516//6 514//6
f 460//1 525//1 526//1 527//1
f 527//4 526//4 528//4 529//4
f 460//5 527//5 529//5 462//5
f 529//4 528//4 530//4 531//4
f 462//5 529//5 531//5 464//5
f 531//4 530//4 532//4 533//4
f 464//5 531//5 533//5 466//5
f 533//4 532//4 534//4 535//4
f 466//5 533//5 535//5 467//5
f 468//2 536//2 537//2 538//2
f 535//4 534//4 537//4 536//4
f 467//5 535//5 536//5 468//5
f 539//1 540//1 541//1 542//1
f 542//4 541//4 525//4 460//4
f 539//5 542//5 460//5 459//5
f 468//4 538//4 543//4 469//4
f 472//2 470//2 544//2 545//2
f 469//4 543//4 544//4 470//4
f 546//6 545//6 544//6 543//6
f 547//1 548//1 549//1 550//1
f 550//4 549//4 540//4 539//4
f 547//5 550//5 539//5 551//5
f 551//5 539//5 459//5 479//5
f 480//2 473//2 552//2 553//2
f 472//4 545//4 552//4 473//4
f 554//6 553//6 552//6 545//6
f 555//1 556//1 548//1 547//1
f 555//3 557//3 558//3 556//3
f 555//5 547//5 551//5 557//5
f 557//5 551//5 479//5 486//5
f 487//2 481//2 559//2 560//2
f 480//4 553//4 559//4 481//4
f 561//6 560//6 559//6 553//6
f 562//1 563//1 558//1 557//1
f 562//3 491//3 564//3 563//3
f 562//5 557//5 486//5 491//5
f 494//2 487//2 560//2 565//2
f 566//6 565//6 560//6 561//6
f 567//1 568//1 564//1 491//1
f 567//3 496//3 569//3 568//3
f 567//5 491//5 492//5 496//5
f 496//3 497//3 570//3 569//3
f 571//6 572//6 566//6 573//6
f 499//2 494//2 565//2 574//2
f 507//3 499//3 574//3 572//3
f 572//6 574//6 565//6 566//6
f 575//1 576//1 570//1 497//1
f 575//3 500//3 577//3 576//3
f 575//5 497//5 498//5 500//5
f 500//3 501//3 578//3 577//3
f 501//3 502//3 579//3 578//3
f 502//3 503//3 580//3 579//3
f 503//3 504//3 581//3 580//3
f 580//6 581//6 571//6 582//6
f 505//2 507//2 572//2 583//2
f 504//3 505//3 583//3 581//3
f 581//6 583//6 572//6 571//6
f 614//1 615//1 616//1 617//1
f 617//4 616//4 618//4 619//4
f 614//5 617//5 619//5 541//5
f 619//4 618//4 620//4 526//4
f 541//5 619//5 526//5 525//5
f 526//4 620//4 621//4 528//4
f 528//4 621//4 622//4 530//4
f 530//4 622//4 623//4 532//4
f 532//4 623//4 624//4 534//4
f 538//2 537//2 625//2 626//2
f 534//4 624//4 625//4 537//4
f 627//6 626//6 625//6 624//6
f 628//1 629//1 630//1 631//1
f 631//4 630//4 615//4 614//4
f 628//5 631//5 614//5 549//5
f 549//5 614//5 541//5 540//5
f 546//2 543//2 632//2 633//2
f 538//4 626//4 632//4 543//4
f 634//6 633//6 632//6 626//6
f 635//1 636//1 629//1 628//1
f 635//5 628//5 549//5 548//5
f 554//2 545//2 637//2 638//2
f 546//4 633//4 637//4 545//4
f 639//6 638//6 637//6 633//6
f 640//1 641//1 636//1 635//1
f 640//3 556//3 642//3 641//3
f 640//5 635//5 548//5 556//5
f 561//2 553//2 643//2 644//2
f 554//4 638//4 643//4 553//4
f 645//6 644//6 643//6 638//6
f 646//1 647//1 642//1 556//1
f 646//3 563//3 648//3 647//3
f 646//5 556//5 558//5 563//5
f 566//2 561//2 644//2 649//2
f 573//3 566//3 649//3 650//3
f 650//6 649//6 644//6 645//6
f 651//1 652//1 648//1 563//1
f 651//3 568//3 653//3 652//3
f 651//5 563//5 564//5 568//5
f 568//3 569//3 654//3 653//3
f 571//2 573//2 650//2 655//2
f 582//3 571//3 655//3 656//3
f 656//6 655//6 650//6 657//6
f 658//1 659//1 654//1 569//1
f 658//3 576//3 660//3 659//3
f 658//5 569//5 570//5 576//5
f 576//3 577//3 661//3 660//3
f 577//3 578//3 662//3 661//3
f 578//3 579//3 663//3 662//3
f 662//6 663//6 664//6 665//6
f 580//2 582//2 656//2 666//2
f 579//3 580//3 666//3 663//3
f 663//6 666//6 656//6 664//6
f 715//1 716//1 717//1 718//1
f 718//4 717//4 719//4 720//4
f 715//5 718//5 720//5 616//5
f 720//4 719//4 721//4 722//4
f 616//5 720//5 722//5 618//5
f 722//4 721//4 723//4 724//4
f 618//5 722//5 724//5 620//5
f 724//4 723//4 725//4 726//4
f 620//5 724//5 726//5 621//5
f 622//2 727//2 728//2 729//2
f 726//4 725//4 728//4 727//4
f 621//5 726//5 727//5 622//5
f 730//1 731//1 732//1 733//1
f 733//4 732//4 716//4 715//4
f 730//5 733//5 715//5 630//5
f 630//5 715//5 616//5 615//5
f 622//4 729//4 734//4 623//4
f 627//2 624//2 735//2 736//2
f 623//4 734//4 735//4 624//4
f 737//1 738//1 739//1 740//1
f 740//4 739//4 731//4 730//4
f 737//5 740//5 730//5 741//5
f 741//5 730//5 630//5 629//5
f 634//2 626//2 742//2 743//2
f 627//4 736//4 742//4 626//4
f 744//1 745//1 738//1 737//1
f 744//3 746//3 747//3 745//3
f 744//5 737//5 741//5 746//5
f 746//5 741//5 629//5 636//5
f 639//2 633//2 748//2 749//2
f 634//4 743//4 748//4 633//4
f 750//6 749//6 748//6 743//6
f 751//1 752//1 747//1 746//1
f 751//3 641//3 753//3 752//3
f 751//5 746//5 636//5 641//5
f 645//2 638//2 754//2 755//2
f 639//4 749//4 754//4 638//4
f 756//6 755//6 754//6 749//6
f 757//1 758//1 753//1 641//1
f 757//3 647//3 759//3 758//3
f 757//5 641//5 642//5 647//5
f 760//6 761//6 756//6 762//6
f 650//2 645//2 755//2 763//2
f 657//3 650//3 763//3 761//3
f 761//6 763//6 755//6 756//6
f 764//1 765//1 759//1 647//1
f 764//3 652//3 766//3 765//3
f 764//5 647//5 648//5 652//5
f 652//3 653//3 767//3 766//3
f 653//3 654//3 768//3 767//3
f 665//3 664//3 769//3 770//3
f 770//6 769//6 760//6 771//6
f 656//2 657//2 761//2 772//2
f 664//3 656//3 772//3 769//3
f 769//6 772//6 761//6 760//6
f 659//1 773//1 768//1 654//1
f 659//3 660//3 774//3 773//3
f 773//6 774//6 775//6 768//6
f 660//3 661//3 776//3 774//3
f 774//6 776//6 777//6 775//6
f 662//2 665//2 770//2 778//2
f 661//3 662//3 778//3 776//3
f 776//6 778//6 770//6 777//6
f 807//1 808//1 809//1 810//1
f 810//4 809//4 811//4 812//4
f 807//5 810//5 812//5 732//5
f 812//4 811//4 813//4 717//4
f 732//5 812//5 717//5 716//5
f 717//4 813//4 814//4 719//4
f 719//4 814//4 815//4 721//4
f 721//4 815//4 816//4 723//4
f 723//4 816//4 817//4 725//4
f 729//2 728//2 818//2 819//2
f 725//4 817//4 818//4 728//4
f 820//1 821//1 822//1 823//1
f 823//4 822//4 808//4 807//4
f 820//5 823//5 807//5 739//5
f 739//5 807//5 732//5 731//5
f 729//4 819//4 824//4 734//4
f 736//2 735//2 825//2 826//2
f 734//4 824//4 825//4 735//4
f 827//6 826//6 825//6 824//6
f 828//1 829//1 821//1 820//1
f 828//5 820//5 739//5 738//5
f 743//2 742//2 830//2 831//2
f 736//4 826//4 830//4 742//4
f 832//6 831//6 830//6 826//6
f 833//1 834//1 829//1 828//1
f 833//3 745//3 835//3 834//3
f 833//5 828//5 738//5 745//5
f 750//2 743//2 831//2 836//2
f 837//6 836//6 831//6 832//6
f 838//1 839//1 835//1 745//1
f 838//3 752//3 840//3 839//3
f 838//5 745//5 747//5 752//5
f 841//6 842//6 836//6 837//6
f 756//2 749//2 843//2 844//2
f 762//3 756//3 844//3 842//3
f 750//4 836//4 843//4 749//4
f 842//6 844//6 843//6 836//6
f 845//1 846//1 840//1 752//1
f 845//3 758//3 847//3 846//3
f 845//5 752//5 753//5 758//5
f 760//2 762//2 842//2 848//2
f 771//3 760//3 848//3 849//3
f 849//6 848//6 842//6 841//6
f 850//1 851//1 847//1 758//1
f 850//3 765//3 852//3 851//3
f 850//5 758//5 759//5 765//5
f 765//3 766//3 853//3 852//3
f 766//3 767//3 854//3 853//3
f 767//3 768//3 855//3 854//3
f 768//3 775//3 856//3 855//3
f 775//3 777//3 857//3 856//3
f 770//2 771//2 849//2 858//2
f 777//3 770//3 858//3 857//3
f 857//6 858//6 849//6 859//6
f 809//1 870//1 871//1 872//1
f 872//4 871//4 873//4 874//4
f 809//5 872//5 874//5 811//5
f 874//4 873//4 875//4 876//4
f 811//5 874//5 876//5 813//5
f 876//4 875//4 877//4 878//4
f 813//5 876//5 878//5 814//5
f 878//4 877//4 879//4 880//4
f 814//5 878//5 880//5 815//5
f 816//2 881//2 882//2 883//2
f 880//4 879//4 882//4 881//4
f 815//5 880//5 881//5 816//5
f 822//1 884//1 885//1 886//1
f 886//4 885//4 870//4 809//4
f 822//5 886//5 809//5 808//5
f 816//4 883//4 887//4 817//4
f 819//2 818//2 888//2 889//2
f 817//4 887//4 888//4 818//4
f 890//6 889//6 888//6 887//6
f 891//1 892//1 893//1 894//1
f 894//4 893//4 884//4 822//4
f 891//5 894//5 822//5 821//5
f 827//2 824//2 895//2 896//2
f 819//4 889//4 895//4 824//4
f 897//6 896//6 895//6 889//6
f 898//1 899//1 892//1 891//1
f 898//5 891//5 821//5 829//5
f 832//2 826//2 900//2 901//2
f 827//4 896//4 900//4 826//4
f 902//6 901//6 900//6 896//6
f 903//1 904//1 899//1 898//1
f 903//3 834//3 905//3 904//3
f 903//5 898//5 829//5 834//5
f 837//2 832//2 901//2 906//2
f 907//6 906//6 901//6 902//6
f 908//1 909//1 905//1 834//1
f 908//3 839//3 910//3 909//3
f 908//5 834//5 835//5 839//5
f 841//2 837//2 906//2 911//2
f 912//6 911//6 906//6 907//6
f 913//1 914//1 910//1 839//1
f 913//3 846//3 915//3 914//3
f 913//5 839//5 840//5 846//5
f 846//3 847//3 916//3 915//3
f 849//2 841//2 911//2 917//2
f 859//3 849//3 917//3 918//3
f 918//6 917//6 911//6 912//6
f 851//1 919//1 916//1 847//1
f 851//3 852//3 920//3 919//3
f 852//3 853//3 921//3 920//3
f 853//3 854//3 922//3 921//3
f 854//3 855//3 923//3 922//3
f 855//3 856//3 924//3 923//3
f 923//6 924//6 925//6 926//6
f 857//2 859//2 918//2 927//2
f 856//3 857//3 927//3 924//3
f 924//6 927//6 918//6 925//6
f 885//1 928//1 929//1 930//1
f 930//4 929//4 931//4 871//4
f 885//5 930//5 871//5 870//5
f 871//4 931//4 932//4 873//4
f 873//4 932//4 933//4 875//4
f 875//4 933//4 934//4 877//4
f 877//4 934//4 935//4 879//4
f 883//2 882//2 936//2 937//2
f 879//4 935//4 936//4 882//4
f 938//6 937//6 936//6 935//6
f 893//1 939//1 940//1 941//1
f 941//4 940//4 928//4 885//4
f 893//5 941//5 885//5 884//5
f 890//2 887//2 942//2 943//2
f 883//4 937//4 942//4 887//4
f 892//1 944//1 939//1 893//1
f 897//2 889//2 945//2 946//2
f 890//4 943//4 945//4 889//4
f 899//1 947//1 944//1 892//1
f 902//2 896//2 948//2 949//2
f 897//4 946//4 948//4 896//4
f 950//6 949//6 948//6 946//6
f 904//1 951//1 947//1 899//1
f 907//2 902//2 949//2 952//2
f 953//6 952//6 949//6 950//6
f 954//1 955//1 951//1 904//1
f 954//3 909//3 956//3 955//3
f 954//5 904//5 905//5 909//5
f 912//2 907//2 952//2 957//2
f 958//6 957//6 952//6 953//6
f 959//1 960//1 956//1 909//1
f 959//3 914//3 961//3 960//3
f 959//5 909//5 910//5 914//5
f 914//3 915//3 962//3 961//3
f 926//3 925//3 963//3 964//3
f 964//6 963//6 958//6 965//6
f 918//2 912//2 957//2 966//2
f 925//3 918//3 966//3 963//3
f 963//6 966//6 957//6 958//6
f 967//1 968//1 962//1 915//1
f 967//3 919//3 969//3 968//3
f 967//5 915//5 916//5 919//5
f 919//3 920//3 970//3 969//3
f 920//3 921//3 971//3 970//3
f 921//3 922//3 972//3 971//3
f 971//6 972//6 973//6 974//6
f 923//2 926//2 964//2 975//2
f 922//3 923//3 975//3 972//3
f 972//6 975//6 964//6 973//6
f 932//1 1010//1 1011//1 1012//1
f 933//2 1013//2 1014//2 1015//2
f 1012//4 1011//4 1014//4 1013//4
f 932//5 1012//5 1013//5 933//5
f 928//1 1016//1 1017//1 929//1
f 929//4 1017//4 1018//4 931//4
f 931//4 1018//4 1010//4 932//4
f 933//4 1015//4 1019//4 934//4
f 938//2 935//2 1020//2 1021//2
f 934//4 1019//4 1020//4 935//4
f 939//1 1022//1 1023//1 940//1
f 940//4 1023//4 1016//4 928//4
f 938//4 1021//4 1024//4 937//4
f 943//2 942//2 1025//2 1026//2
f 937//4 1024//4 1025//4 942//4
f 1027//6 1026//6 1025//6 1024//6
f 944//1 1028//1 1022//1 939//1
f 946//2 945//2 1029//2 1030//2
f 943//4 1026//4 1029//4 945//4
f 1031//6 1030//6 1029//6 1026//6
f 1032//1 1033//1 1034//1 1035//1
f 1032//3 947//3 1036//3 1033//3
f 1035//4 1034//4 1028//4 944//4
f 1032//5 1035//5 944//5 947//5
f 1033//6 1036//6 1028//6 1034//6
f 950//2 946//2 1030//2 1037//2
f 1038//6 1037//6 1030//6 1031//6
f 951//1 1039//1 1036//1 947//1
f 953//2 950//2 1037//2 1040//2
f 1041//6 1040//6 1037//6 1038//6
f 955//1 1042//1 1039//1 951//1
f 955//3 956//3 1043//3 1042//3
f 958//2 953//2 1040//2 1044//2
f 965//3 958//3 1044//3 1045//3
f 1045//6 1044//6 1040//6 1041//6
f 960//1 1046//1 1043//1 956//1
f 960//3 961//3 1047//3 1046//3
f 961//3 962//3 1048//3 1047//3
f 974//3 973//3 1049//3 1050//3
f 964//2 965//2 1045//2 1051//2
f 973//3 964//3 1051//3 1049//3
f 1049//6 1051//6 1045//6 1052//6
f 968//1 1053//1 1048//1 962//1
f 968//3 969//3 1054//3 1053//3
f 1053//6 1054//6 1055//6 1048//6
f 969//3 970//3 1056//3 1054//3
f 1054//6 1056//6 1057//6 1055//6
f 971//2 974//2 1050//2 1058//2
f 970//3 971//3 1058//3 1056//3
f 1056//6 1058//6 1050//6 1057//6
f 1017//1 1105//1 1106//1 1107//1
f 1107//4 1106//4 1108//4 1109//4
f 1017//5 1107//5 1109//5 1018//5
f 1109//4 1108//4 1110//4 1011//4
f 1018//5 1109//5 1011//5 1010//5
f 1011//4 1110//4 1111//4 1014//4
f 1014//4 1111//4 1112//4 1113//4
f 1015//5 1014//5 1113//5 1019//5
f 1020//2 1114//2 1115//2 1116//2
f 1113//4 1112//4 1115//4 1114//4
f 1019//5 1113//5 1114//5 1020//5
f 1023//1 1117//1 1118//1 1119//1
f 1119//4 1118//4 1105//4 1017//4
f 1023//5 1119//5 1017//5 1016//5
f 1024//2 1120//2 1121//2 1122//2
f 1020//4 1116//4 1121//4 1120//4
f 1021//5 1020//5 1120//5 1024//5
f 1022//1 1123//1 1117//1 1023//1
f 1027//2 1024//2 1122//2 1124//2
f 1028//1 1125//1 1123//1 1022//1
f 1031//2 1026//2 1126//2 1127//2
f 1027//4 1124//4 1126//4 1026//4
f 1036//1 1128//1 1125//1 1028//1
f 1038//2 1031//2 1127//2 1129//2
f 1039//1 1130//1 1128//1 1036//1
f 1041//2 1038//2 1129//2 1131//2
f 1132//6 1131//6 1129//6 1133//6
f 1042//1 1134//1 1130//1 1039//1
f 1042//3 1043//3 1135//3 1134//3
f 1134//6 1135//6 1136//6 1130//6
f 1045//2 1041//2 1131//2 1137//2
f 1052//3 1045//3 1137//3 1138//3
f 1138//6 1137//6 1131//6 1132//6
f 1046//1 1139//1 1135//1 1043//1
f 1046//3 1047//3 1140//3 1139//3
f 1139//6 1140//6 1141//6 1135//6
f 1047//3 1048//3 1142//3 1140//3
f 1048//3 1055//3 1143//3 1142//3
f 1055//3 1057//3 1144//3 1143//3
f 1057//3 1050//3 1145//3 1144//3
f 1144//6 1145//6 1146//6 1147//6
f 1049//2 1052//2 1138//2 1148//2
f 1050//3 1049//3 1148//3 1145//3
f 1145//6 1148//6 1138//6 1146//6
f 1237//1 1238//1 1239//1 1240//1
f 1240//4 1239//4 1241//4 1242//4
f 1237//5 1240//5 1242//5 1106//5
f 1242//4 1241//4 1243//4 1244//4
f 1106//5 1242//5 1244//5 1108//5
f 1244//4 1243//4 1245//4 1246//4
f 1108//5 1244//5 1246//5 1110//5
f 1246//4 1245//4 1247//4 1248//4
f 1110//5 1246//5 1248//5 1111//5
f 1248//4 1247//4 1249//4 1250//4
f 1111//5 1248//5 1250//5 1112//5
f 1250//4 1249//4 1251//4 1252//4
f 1112//5 1250//5 1252//5 1115//5
f 1253//2 1254//2 1255//2 1256//2
f 1252//4 1251//4 1255//4 1254//4
f 1115//5 1252//5 1254//5 1253//5
f 1257//1 1258//1 1259//1 1260//1
f 1260//4 1259//4 1238//4 1237//4
f 1257//5 1260//5 1237//5 1118//5
f 1118//5 1237//5 1106//5 1105//5
f 1116//5 1115//5 1253//5 1121//5
f 1261//2 1262//2 1263//2 1264//2
f 1253//4 1256//4 1263//4 1262//4
f 1121//5 1253//5 1262//5 1261//5
f 1265//1 1266//1 1267//1 1268//1
f 1268//4 1267//4 1258//4 1257//4
f 1265//5 1268//5 1257//5 1269//5
f 1269//5 1257//5 1118//5 1117//5
f 1122//5 1121//5 1261//5 1270//5
f 1271//2 1272//2 1273//2 1274//2
f 1261//4 1264//4 1273//4 1272//4
f 1270//5 1261//5 1272//5 1271//5
f 1275//1 1276//1 1266//1 1265//1
f 1275//5 1265//5 1269//5 1277//5
f 1277//5 1269//5 1117//5 1123//5
f 1124//5 1122//5 1270//5 1126//5
f 1278//2 1271//2 1274//2 1279//2
f 1126//5 1270//5 1271//5 1278//5
f 1280//1 1281//1 1276//1 1275//1
f 1280//3 1282//3 1283//3 1281//3
f 1280//5 1275//5 1277//5 1282//5
f 1282//5 1277//5 1123//5 1125//5
f 1284//2 1278//2 1279//2 1285//2
f 1127//3 1284//3 1285//3 1286//3
f 1127//5 1126//5 1278//5 1284//5
f 1287//1 1288//1 1283//1 1282//1
f 1287//3 1128//3 1289//3 1288//3
f 1287//5 1282//5 1125//5 1128//5
f 1129//2 1127//2 1286//2 1290//2
f 1133//3 1129//3 1290//3 1291//3
f 1130//1 1292//1 1289//1 1128//1
f 1130//3 1136//3 1293//3 1292//3
f 1132//2 1133//2 1291//2 1294//2
f 1135//1 1295//1 1293//1 1136//1
f 1135//3 1141//3 1296//3 1295//3
f 1147//3 1146//3 1297//3 1298//3
f 1138//2 1132//2 1294//2 1299//2
f 1146//3 1138//3 1299//3 1297//3
f 1140//1 1300//1 1296//1 1141//1
f 1140//3 1142//3 1301//3 1300//3
f 1300//6 1301//6 1302//6 1296//6
f 1142//3 1143//3 1303//3 1301//3
f 1301//6 1303//6 1304//6 1302//6
f 1144//2 1147//2 1298//2 1305//2
f 1143//3 1144//3 1305//3 1303//3
f 1303//6 1305//6 1298//6 1304//6
f 1239//1 1362//1 1363//1 1364//1
f 1364//4 1363//4 1365//4 1366//4
f 1239//5 1364//5 1366//5 1241//5
f 1366//4 1365//4 1367//4 1368//4
f 1241//5 1366//5 1368//5 1243//5
f 1368//4 1367//4 1369//4 1370//4
f 1243//5 1368//5 1370//5 1245//5
f 1370//4 1369//4 1371//4 1372//4
f 1245//5 1370//5 1372//5 1247//5
f 1372//4 1371//4 1373//4 1374//4
f 1247//5 1372//5 1374//5 1249//5
f 1374//4 1373//4 1375//4 1376//4
f 1249//5 1374//5 1376//5 1251//5
f 1255//2 1377//2 1378//2 1379//2
f 1376//4 1375//4 1378//4 1377//4
f 1251//5 1376//5 1377//5 1255//5
f 1380//1 1381//1 1382//1 1383//1
f 1383//4 1382//4 1384//4 1385//4
f 1380//5 1383//5 1385//5 1259//5
f 1385//4 1384//4 1362//4 1239//4
f 1259//5 1385//5 1239//5 1238//5
f 1255//4 1379//4 1386//4 1387//4
f 1256//5 1255//5 1387//5 1263//5
f 1388//2 1389//2 1390//2 1391//2
f 1387//4 1386//4 1390//4 1389//4
f 1263//5 1387//5 1389//5 1388//5
f 1267//1 1392//1 1381//1 1380//1
f 1267//5 1380//5 1259//5 1258//5
f 1273//2 1388//2 1391//2 1393//2
f 1264//5 1263//5 1388//5 1273//5
f 1394//1 1395//1 1396//1 1397//1
f 1397//4 1396//4 1392//4 1267//4
f 1394//5 1397//5 1267//5 1266//5
f 1398//2 1399//2 1400//2 1401//2
f 1273//4 1393//4 1400//4 1399//4
f 1274//5 1273//5 1399//5 1398//5
f 1402//1 1403//1 1395//1 1394//1
f 1402//5 1394//5 1266//5 1276//5
f 1404//2 1398//2 1401//2 1405//2
f 1279//5 1274//5 1398//5 1404//5
f 1406//1 1407//1 1403//1 1402//1
f 1406//3 1281//3 1408//3 1407//3
f 1406//5 1402//5 1276//5 1281//5
f 1409//2 1404//2 1405//2 1410//2
f 1285//3 1409//3 1410//3 1411//3
f 1285//5 1279//5 1404//5 1409//5
f 1412//1 1413//1 1408//1 1281//1
f 1412//5 1281//5 1283//5 1288//5
f 1414//2 1285//2 1411//2 1415//2
f 1290//5 1286//5 1285//5 1414//5
f 1416//1 1417//1 1413//1 1412//1
f 1416//3 1418//3 1419//3 1417//3
f 1416//5 1412//5 1288//5 1418//5
f 1418//3 1292//3 1420//3 1419//3
f 1418//5 1288//5 1289//5 1292//5
f 1294//3 1421//3 1422//3 1423//3
f 1294//5 1291//5 1290//5 1421//5
f 1424//2 1414//2 1415//2 1425//2
f 1421//3 1424//3 1425//3 1422//3
f 1421//5 1290//5 1414//5 1424//5
f 1426//1 1427//1 1420//1 1292//1
f 1426//3 1295//3 1428//3 1427//3
f 1426//5 1292//5 1293//5 1295//5
f 1295//3 1296//3 1429//3 1428//3
f 1296//3 1302//3 1430//3 1429//3
f 1302//3 1304//3 1431//3 1430//3
f 1304//3 1298//3 1432//3 1431//3
f 1298//3 1297//3 1433//3 1432//3
f 1299//2 1294//2 1423//2 1434//2
f 1297//3 1299//3 1434//3 1433//3
f 1365//1 1489//1 1490//1 1491//1
f 1491//4 1490//4 1492//4 1493//4
f 1365//5 1491//5 1493//5 1367//5
f 1493//4 1492//4 1494//4 1495//4
f 1367//5 1493//5 1495//5 1369//5
f 1495//4 1494//4 1496//4 1497//4
f 1369//5 1495//5 1497//5 1371//5
f 1497//4 1496//4 1498//4 1499//4
f 1371//5 1497//5 1499//5 1373//5
f 1375//2 1500//2 1501//2 1502//2
f 1499//4 1498//4 1501//4 1500//4
f 1373//5 1499//5 1500//5 1375//5
f 1382//1 1503//1 1504//1 1505//1
f 1505//4 1504//4 1506//4 1507//4
f 1382//5 1505//5 1507//5 1384//5
f 1507//4 1506//4 1508//4 1363//4
f 1384//5 1507//5 1363//5 1362//5
f 1363//4 1508//4 1489//4 1365//4
f 1375//4 1502//4 1509//4 1378//4
f 1378//4 1509//4 1510//4 1511//4
f 1379//5 1378//5 1511//5 1386//5
f 1390//2 1512//2 1513//2 1514//2
f 1511//4 1510//4 1513//4 1512//4
f 1386//5 1511//5 1512//5 1390//5
f 1515//1 1516//1 1517//1 1518//1
f 1518//4 1517//4 1503//4 1382//4
f 1515//5 1518//5 1382//5 1381//5
f 1519//2 1520//2 1521//2 1522//2
f 1390//4 1514//4 1521//4 1520//4
f 1391//5 1390//5 1520//5 1519//5
f 1396//1 1523//1 1516//1 1515//1
f 1396//5 1515//5 1381//5 1392//5
f 1400//2 1519//2 1522//2 1524//2
f 1393//5 1391//5 1519//5 1400//5
f 1525//1 1526//1 1527//1 1528//1
f 1528//4 1527//4 1523//4 1396//4
f 1525//5 1528//5 1396//5 1395//5
f 1529//2 1530//2 1531//2 1532//2
f 1400//4 1524//4 1531//4 1530//4
f 1401//5 1400//5 1530//5 1529//5
f 1533//1 1534//1 1526//1 1525//1
f 1533//5 1525//5 1395//5 1403//5
f 1535//2 1529//2 1532//2 1536//2
f 1405//5 1401//5 1529//5 1535//5
f 1537//1 1538//1 1534//1 1533//1
f 1537//3 1407//3 1539//3 1538//3
f 1537//5 1533//5 1403//5 1407//5
f 1540//2 1535//2 1536//2 1541//2
f 1410//3 1540//3 1541//3 1542//3
f 1410//5 1405//5 1535//5 1540//5
f 1543//1 1544//1 1545//1 1546//1
f 1547//2 1548//2 1549//2 1550//2
f 1543//3 1547//3 1550//3 1544//3
f 1546//4 1545//4 1549//4 1548//4
f 1543//5 1546//5 1548//5 1547//5
f 1551//1 1552//1 1539//1 1407//1
f 1551//5 1407//5 1408//5 1413//5
f 1553//2 1410//2 1542//2 1554//2
f 1415//5 1411//5 1410//5 1553//5
f 1555//1 1556//1 1557//1 1558//1
f 1559//2 1560//2 1561//2 1562//2
f 1555//3 1559//3 1562//3 1556//3
f 1558//4 1557//4 1561//4 1560//4
f 1555//5 1558//5 1560//5 1559//5
f 1563//1 1564//1 1552//1 1551//1
f 1563//3 1417//3 1565//3 1564//3
f 1563//5 1551//5 1413//5 1417//5
f 1566//2 1553//2 1554//2 1567//2
f 1425//3 1566//3 1567//3 1568//3
f 1425//5 1415//5 1553//5 1566//5
f 1569//1 1570//1 1565//1 1417//1
f 1569//3 1571//3 1572//3 1570//3
f 1569//5 1417//5 1419//5 1571//5
f 1571//3 1427//3 1573//3 1572//3
f 1571//5 1419//5 1420//5 1427//5
f 1427//3 1428//3 1574//3 1573//3
f 1433//3 1434//3 1575//3 1576//3
f 1434//3 1577//3 1578//3 1575//3
f 1434//5 1423//5 1422//5 1577//5
f 1579//2 1425//2 1568//2 1580//2
f 1577//3 1579//3 1580//3 1578//3
f 1577//5 1422//5 1425//5 1579//5
f 1581//1 1582//1 1574//1 1428//1
f 1581//3 1583//3 1584//3 1582//3
f 1581//5 1428//5 1429//5 1583//5
f 1583//3 1585//3 1586//3 1584//3
f 1583//5 1429//5 1430//5 1585//5
f 1585//3 1587//3 1588//3 1586//3
f 1585//5 1430//5 1431//5 1587//5
f 1587//3 1589//3 1590//3 1588//3
f 1587//5 1431//5 1432//5 1589//5
f 1591//2 1433//2 1576//2 1592//2
f 1589//3 1591//3 1592//3 1590//3
f 1589//5 1432//5 1433//5 1591//5
f 1506//1 1659//1 1660//1 1661//1
f 1661//4 1660//4 1662//4 1663//4
f 1506//5 1661//5 1663//5 1508//5
f 1663//4 1662//4 1664//4 1490//4
f 1508//5 1663//5 1490//5 1489//5
f 1490//4 1664//4 1665//4 1492//4
f 1492//4 1665//4 1666//4 1494//4
f 1494//4 1666//4 1667//4 1496//4
f 1496//4 1667//4 1668//4 1498//4
f 1498//4 1668//4 1669//4 1501//4
f 1501//4 1669//4 1670//4 1671//4
f 1502//5 1501//5 1671//5 1509//5
f 1510//2 1672//2 1673//2 1674//2
f 1671//4 1670//4 1673//4 1672//4
f 1509//5 1671//5 1672//5 1510//5
f 1517//1 1675//1 1676//1 1677//1
f 1677//4 1676//4 1678//4 1504//4
f 1517//5 1677//5 1504//5 1503//5
f 1504//4 1678//4 1659//4 1506//4
f 1510//4 1674//4 1679//4 1513//4
f 1521//2 1680//2 1681//2 1682//2
f 1513//4 1679//4 1681//4 1680//4
f 1514//5 1513//5 1680//5 1521//5
f 1683//1 1684//1 1685//1 1686//1
f 1686//4 1685//4 1675//4 1517//4
f 1683//5 1686//5 1517//5 1516//5
f 1687//2 1688//2 1689//2 1690//2
f 1521//4 1682//4 1689//4 1688//4
f 1522//5 1521//5 1688//5 1687//5
f 1527//1 1691//1 1684//1 1683//1
f 1527//5 1683//5 1516//5 1523//5
f 1531//2 1687//2 1690//2 1692//2
f 1524//5 1522//5 1687//5 1531//5
f 1693//1 1694//1 1695//1 1696//1
f 1696//4 1695//4 1691//4 1527//4
f 1693//5 1696//5 1527//5 1526//5
f 1697//2 1698//2 1699//2 1700//2
f 1531//4 1692//4 1699//4 1698//4
f 1532//5 1531//5 1698//5 1697//5
f 1701//1 1702//1 1703//1 1704//1
f 1704//4 1703//4 1705//4 1706//4
f 1701//5 1704//5 1706//5 1707//5
f 1706//4 1705//4 1708//4 1709//4
f 1707//5 1706//5 1709//5 1710//5
f 1709//4 1708//4 1694//4 1693//4
f 1710//5 1709//5 1693//5 1711//5
f 1711//5 1693//5 1526//5 1534//5
f 1536//5 1532//5 1697//5 1712//5
f 1697//4 1700//4 1713//4 1714//4
f 1712//5 1697//5 1714//5 1715//5
f 1714//4 1713//4 1716//4 1717//4
f 1715//5 1714//5 1717//5 1718//5
f 1719//2 1720//2 1721//2 1722//2
f 1717//4 1716//4 1721//4 1720//4
f 1718//5 1717//5 1720//5 1719//5
f 1723//1 1724//1 1725//1 1726//1
f 1726//4 1725//4 1702//4 1701//4
f 1723//5 1726//5 1701//5 1727//5
f 1727//5 1701//5 1707//5 1545//5
f 1545//5 1707//5 1710//5 1549//5
f 1549//5 1710//5 1711//5 1728//5
f 1728//5 1711//5 1534//5 1538//5
f 1541//5 1536//5 1712//5 1729//5
f 1729//5 1712//5 1715//5 1557//5
f 1557//5 1715//5 1718//5 1561//5
f 1561//5 1718//5 1719//5 1730//5
f 1731//2 1732//2 1733//2 1734//2
f 1719//4 1722//4 1733//4 1732//4
f 1730//5 1719//5 1732//5 1731//5
f 1735//1 1736//1 1724//1 1723//1
f 1735//5 1723//5 1727//5 1737//5
f 1737//5 1727//5 1545//5 1544//5
f 1550//5 1549//5 1728//5 1738//5
f 1738//5 1728//5 1538//5 1739//5
f 1739//5 1538//5 1539//5 1552//5
f 1554//5 1542//5 1541//5 1740//5
f 1740//5 1541//5 1729//5 1741//5
f 1741//5 1729//5 1557//5 1556//5
f 1562//5 1561//5 1730//5 1742//5
f 1743//2 1731//2 1734//2 1744//2
f 1742//5 1730//5 1731//5 1743//5
f 1745//1 1746//1 1736//1 1735//1
f 1745//5 1735//5 1737//5 1747//5
f 1747//5 1737//5 1544//5 1748//5
f 1748//5 1544//5 1550//5 1749//5
f 1749//5 1550//5 1738//5 1750//5
f 1750//3 1751//3 1752//3 1753//3
f 1750//5 1738//5 1739//5 1751//5
f 1751//3 1564//3 1754//3 1752//3
f 1751//5 1739//5 1552//5 1564//5
f 1567//3 1755//3 1756//3 1757//3
f 1567//5 1554//5 1740//5 1755//5
f 1755//3 1758//3 1759//3 1756//3
f 1755//5 1740//5 1741//5 1758//5
f 1758//5 1741//5 1556//5 1760//5
f 1760//5 1556//5 1562//5 1761//5
f 1761//5 1562//5 1742//5 1762//5
f 1763//2 1743//2 1744//2 1764//2
f 1762//5 1742//5 1743//5 1763//5
f 1765//1 1766//1 1746//1 1745//1
f 1765//3 1767//3 1768//3 1766//3
f 1765//5 1745//5 1747//5 1767//5
f 1767//5 1747//5 1748//5 1769//5
f 1769//5 1748//5 1749//5 1770//5
f 1771//2 1750//2 1753//2 1772//2
f 1770//3 1771//3 1772//3 1773//3
f 1770//5 1749//5 1750//5 1771//5
f 1774//1 1775//1 1754//1 1564//1
f 1774//3 1570//3 1776//3 1775//3
f 1774//5 1564//5 1565//5 1570//5
f 1570//3 1572//3 1777//3 1776//3
f 1578//3 1580//3 1778//3 1779//3
f 1780//2 1567//2 1757//2 1781//2
f 1580//3 1780//3 1781//3 1778//3
f 1580//5 1568//5 1567//5 1780//5
f 1782//1 1783//1 1759//1 1758//1
f 1782//3 1784//3 1785//3 1783//3
f 1782//5 1758//5 1760//5 1784//5
f 1784//5 1760//5 1761//5 1786//5
f 1786//5 1761//5 1762//5 1787//5
f 1788//2 1763//2 1764//2 1789//2
f 1787//3 1788//3 1789//3 1790//3
f 1787//5 1762//5 1763//5 1788//5
f 1791//1 1792//1 1768//1 1767//1
f 1791//5 1767//5 1769//5 1793//5
f 1794//2 1770//2 1773//2 1795//2
f 1793//3 1794//3 1795//3 1796//3
f 1793//5 1769//5 1770//5 1794//5
f 1797//1 1798//1 1777//1 1572//1
f 1797//3 1799//3 1800//3 1798//3
f 1797//5 1572//5 1573//5 1799//5
f 1799//3 1582//3 1801//3 1800//3
f 1799//5 1573//5 1574//5 1582//5
f 1582//3 1584//3 1802//3 1801//3
f 1584//3 1586//3 1803//3 1802//3
f 1586//3 1588//3 1804//3 1803//3
f 1588//3 1590//3 1805//3 1804//3
f 1590//3 1592//3 1806//3 1805//3
f 1592//3 1807//3 1808//3 1806//3
f 1592//5 1576//5 1575//5 1807//5
f 1809//2 1578//2 1779//2 1810//2
f 1807//3 1809//3 1810//3 1808//3
f 1807//5 1575//5 1578//5 1809//5
f 1811//1 1812//1 1785//1 1784//1
f 1811//3 1813//3 1814//3 1812//3
f 1811//5 1784//5 1786//5 1813//5
f 1815//2 1787//2 1790//2 1816//2
f 1813//5 1786//5 1787//5 1815//5
f 1817//1 1818//1 1792//1 1791//1
f 1819//2 1793//2 1796//2 1820//2
f 1817//3 1819//3 1820//3 1818//3
f 1817//5 1791//5 1793//5 1819//5
f 1821//1 1822//1 1814//1 1813//1
f 1823//2 1815//2 1816//2 1824//2
f 1821//3 1823//3 1824//3 1822//3
f 1821//5 1813//5 1815//5 1823//5
f 1662//1 1935//1 1936//1 1937//1
f 1937//4 1936//4 1938//4 1652//4
f 1662//5 1937//5 1652//5 1664//5
f 1652//4 1938//4 1929//4 1656//4
f 1664//5 1652//5 1656//5 1665//5
f 1665//5 1656//5 1658//5 1666//5
f 1666//5 1658//5 1931//5 1667//5
f 1667//5 1931//5 1933//5 1668//5
f 1933//4 1934//4 1939//4 1940//4
f 1668//5 1933//5 1940//5 1669//5
f 1670//2 1941//2 1942//2 1943//2
f 1940//4 1939//4 1942//4 1941//4
f 1669//5 1940//5 1941//5 1670//5
f 1678//1 1944//1 1945//1 1946//1
f 1946//4 1945//4 1947//4 1660//4
f 1678//5 1946//5 1660//5 1659//5
f 1660//4 1947//4 1935//4 1662//4
f 1670//4 1943//4 1948//4 1673//4
f 1679//2 1949//2 1950//2 1951//2
f 1673//4 1948//4 1950//4 1949//4
f 1674//5 1673//5 1949//5 1679//5
f 1675//1 1952//1 1953//1 1676//1
f 1676//4 1953//4 1944//4 1678//4
f 1682//2 1681//2 1954//2 1955//2
f 1679//4 1951//4 1954//4 1681//4
f 1684//1 1956//1 1957//1 1685//1
f 1685//4 1957//4 1952//4 1675//4
f 1690//2 1689//2 1958//2 1959//2
f 1682//4 1955//4 1958//4 1689//4
f 1695//1 1960//1 1961//1 1962//1
f 1962//4 1961//4 1956//4 1684//4
f 1695//5 1962//5 1684//5 1691//5
f 1699//2 1963//2 1964//2 1965//2
f 1690//4 1959//4 1964//4 1963//4
f 1692//5 1690//5 1963//5 1699//5
f 1694//1 1966//1 1960//1 1695//1
f 1700//2 1699//2 1965//2 1967//2
f 1725//1 1968//1 1969//1 1970//1
f 1970//4 1969//4 1971//4 1703//4
f 1725//5 1970//5 1703//5 1702//5
f 1703//4 1971//4 1972//4 1705//4
f 1705//4 1972//4 1973//4 1708//4
f 1708//4 1973//4 1966//4 1694//4
f 1700//4 1967//4 1974//4 1713//4
f 1713//4 1974//4 1975//4 1716//4
f 1716//4 1975//4 1976//4 1721//4
f 1733//2 1977//2 1978//2 1979//2
f 1721//4 1976//4 1978//4 1977//4
f 1722//5 1721//5 1977//5 1733//5
f 1724//1 1980//1 1968//1 1725//1
f 1734//2 1733//2 1979//2 1981//2
f 1736//1 1982//1 1980//1 1724//1
f 1744//2 1734//2 1981//2 1983//2
f 1746//1 1984//1 1982//1 1736//1
f 1752//3 1754//3 1985//3 1986//3
f 1757//3 1756//3 1987//3 1988//3
f 1764//2 1744//2 1983//2 1989//2
f 1766//1 1990//1 1984//1 1746//1
f 1991//2 1752//2 1986//2 1992//2
f 1772//3 1991//3 1992//3 1993//3
f 1772//5 1753//5 1752//5 1991//5
f 1775//1 1994//1 1985//1 1754//1
f 1775//3 1776//3 1995//3 1994//3
f 1781//2 1757//2 1988//2 1996//2
f 1778//3 1781//3 1996//3 1997//3
f 1998//1 1999//1 1987//1 1756//1
f 1998//3 1783//3 2000//3 1999//3
f 1998//5 1756//5 1759//5 1783//5
f 1789//2 1764//2 1989//2 2001//2
f 2002//1 2003//1 2004//1 2005//1
f 2002//3 2006//3 2007//3 2003//3
f 2005//4 2004//4 1990//4 1766//4
f 2002//5 2005//5 1766//5 2006//5
f 2006//5 1766//5 1768//5 1792//5
f 2008//2 1772//2 1993//2 2009//2
f 1795//5 1773//5 1772//5 2008//5
f 2010//1 2011//1 1995//1 1776//1
f 2010//3 1798//3 2012//3 2011//3
f 2010//5 1776//5 1777//5 1798//5
f 1798//3 1800//3 2013//3 2012//3
f 1808//3 1810//3 2014//3 2015//3
f 2016//2 1778//2 1997//2 2017//2
f 1810//3 2016//3 2017//3 2014//3
f 1810//5 1779//5 1778//5 2016//5
f 2018//1 2019//1 2000//1 1783//1
f 2018//5 1783//5 1785//5 1812//5
f 1816//5 1790//5 1789//5 2020//5
f 2021//2 2022//2 2023//2 2024//2
f 2020//3 2021//3 2024//3 2025//3
f 1789//4 2001//4 2023//4 2022//4
f 2020//5 1789//5 2022//5 2021//5
f 2026//1 2027//1 2007//1 2006//1
f 2026//5 2006//5 1792//5 1818//5
f 1820//5 1796//5 1795//5 2028//5
f 2029//2 2008//2 2009//2 2030//2
f 2028//5 1795//5 2008//5 2029//5
f 2031//1 2032//1 2013//1 1800//1
f 2031//3 2033//3 2034//3 2032//3
f 2031//5 1800//5 1801//5 2033//5
f 2033//3 2035//3 2036//3 2034//3
f 2033//5 1801//5 1802//5 2035//5
f 2035//3 2037//3 2038//3 2036//3
f 2035//5 1802//5 1803//5 2037//5
f 2037//3 2039//3 2040//3 2038//3
f 2037//5 1803//5 1804//5 2039//5
f 2039//3 2041//3 2042//3 2040//3
f 2039//5 1804//5 1805//5 2041//5
f 2041//3 2043//3 2044//3 2042//3
f 2041//5 1805//5 1806//5 2043//5
f 2045//2 1808//2 2015//2 2046//2
f 2043//3 2045//3 2046//3 2044//3
f 2043//5 1806//5 1808//5 2045//5
f 2047//1 2048//1 2019//1 2018//1
f 2047//5 2018//5 1812//5 2049//5
f 2049//5 1812//5 1814//5 1822//5
f 2050//2 2020//2 2025//2 2051//2
f 1824//5 1816//5 2020//5 2050//5
f 2052//1 2053//1 2027//1 2026//1
f 2052//5 2026//5 1818//5 2054//5
f 2054//5 1818//5 1820//5 2055//5
f 2055//5 1820//5 2028//5 2056//5
f 2057//2 2029//2 2030//2 2058//2
f 2056//3 2057//3 2058//3 2059//3
f 2056//5 2028//5 2029//5 2057//5
f 2060//1 2061//1 2048//1 2047//1
f 2060//3 2062//3 2063//3 2061//3
f 2060//5 2047//5 2049//5 2062//5
f 2062//5 2049//5 1822//5 2064//5
f 2064//5 1822//5 1824//5 2065//5
f 2066//2 2050//2 2051//2 2067//2
f 2065//5 1824//5 2050//5 2066//5
f 2068//1 2069//1 2053//1 2052//1
f 2068//5 2052//5 2054//5 2070//5
f 2070//5 2054//5 2055//5 2071//5
f 2072//2 2056//2 2059//2 2073//2
f 2071//3 2072//3 2073//3 2074//3
f 2071//5 2055//5 2056//5 2072//5
f 2075//1 2076//1 2063//1 2062//1
f 2075//3 2077//3 2078//3 2076//3
f 2075//5 2062//5 2064//5 2077//5
f 2077//5 2064//5 2065//5 2079//5
f 2080//2 2066//2 2067//2 2081//2
f 2079//5 2065//5 2066//5 2080//5
f 2082//1 2083//1 2069//1 2068//1
f 2082//3 2084//3 2085//3 2083//3
f 2082//5 2068//5 2070//5 2084//5
f 2086//2 2071//2 2074//2 2087//2
f 2084//3 2086//3 2087//3 2085//3
f 2084//5 2070//5 2071//5 2086//5
f 2088//1 2089//1 2078//1 2077//1
f 2088//3 2090//3 2091//3 2089//3
f 2088//5 2077//5 2079//5 2090//5
f 2092//2 2080//2 2081//2 2093//2
f 2090//3 2092//3 2093//3 2091//3
f 2090//5 2079//5 2080//5 2092//5
f 1947//1 2169//1 2170//1 2171//1
f 2171//4 2170//4 2172//4 1936//4
f 1947//5 2171//5 1936//5 1935//5
f 1936//4 2172//4 2173//4 1938//4
f 1938//4 2173//4 2174//4 1929//4
f 1929//4 2174//4 2175//4 1930//4
f 1930//4 2175//4 2164//4 1932//4
f 1939//4 2167//4 2176//4 1942//4
f 1948//2 2177//2 2178//2 2179//2
f 1942//4 2176//4 2178//4 2177//4
f 1943//5 1942//5 2177//5 1948//5
f 1953//1 2180//1 2181//1 2182//1
f 2182//4 2181//4 2183//4 1945//4
f 1953//5 2182//5 1945//5 1944//5
f 1945//4 2183//4 2169//4 1947//4
f 1948//4 2179//4 2184//4 1950//4
f 1954//2 2185//2 2186//2 2187//2
f 1950//4 2184//4 2186//4 2185//4
f 1951//5 1950//5 2185//5 1954//5
f 1957//1 2188//1 2189//1 2190//1
f 2190//4 2189//4 2180//4 1953//4
f 1957//5 2190//5 1953//5 1952//5
f 1958//2 2191//2 2192//2 2193//2
f 1954//4 2187//4 2192//4 2191//4
f 1955//5 1954//5 2191//5 1958//5
f 1961//1 2194//1 2195//1 2196//1
f 2196//4 2195//4 2188//4 1957//4
f 1961//5 2196//5 1957//5 1956//5
f 1964//2 2197//2 2198//2 2199//2
f 1958//4 2193//4 2198//4 2197//4
f 1959//5 1958//5 2197//5 1964//5
f 1960//1 2200//1 2194//1 1961//1
f 1965//2 1964//2 2199//2 2201//2
f 1972//1 2202//1 2203//1 2204//1
f 2204//4 2203//4 2205//4 2206//4
f 1972//5 2204//5 2206//5 1973//5
f 2202//6 2207//6 2205//6 2203//6
f 2206//4 2205//4 2200//4 1960//4
f 1973//5 2206//5 1960//5 1966//5
f 1965//4 2201//4 2208//4 2209//4
f 1967//5 1965//5 2209//5 1974//5
f 1975//2 2210//2 2211//2 2212//2
f 2209//4 2208//4 2211//4 2210//4
f 1974//5 2209//5 2210//5 1975//5
f 2213//6 2212//6 2211//6 2208//6
f 1968//1 2214//1 2215//1 1969//1
f 1969//4 2215//4 2216//4 1971//4
f 1971//4 2216//4 2202//4 1972//4
f 1975//4 2212//4 2217//4 1976//4
f 1979//2 1978//2 2218//2 2219//2
f 1976//4 2217//4 2218//4 1978//4
f 1980//1 2220//1 2214//1 1968//1
f 1981//2 1979//2 2219//2 2221//2
f 2222//1 2223//1 2224//1 2225//1
f 2225//4 2224//4 2220//4 1980//4
f 2222//5 2225//5 1980//5 1982//5
f 2223//6 2226//6 2220//6 2224//6
f 2227//2 2228//2 2229//2 2230//2
f 1981//4 2221//4 2229//4 2228//4
f 1983//5 1981//5 2228//5 2227//5
f 2231//6 2230//6 2229//6 2221//6
f 2232//1 2233//1 2223//1 2222//1
f 2232//5 2222//5 1982//5 1984//5
f 2234//2 2227//2 2230//2 2235//2
f 1989//5 1983//5 2227//5 2234//5
f 2004//1 2236//1 2233//1 2232//1
f 2004//5 2232//5 1984//5 1990//5
f 1992//3 1994//3 2237//3 2238//3
f 1992//5 1986//5 1985//5 1994//5
f 1996//3 1999//3 2239//3 2240//3
f 1996//5 1988//5 1987//5 1999//5
f 2023//2 2234//2 2235//2 2241//2
f 2001//5 1989//5 2234//5 2023//5
f 2003//1 2242//1 2236//1 2004//1
f 2243//2 1992//2 2238//2 2244//2
f 2009//5 1993//5 1992//5 2243//5
f 2245//1 2246//1 2237//1 1994//1
f 2245//3 2011//3 2247//3 2246//3
f 2245//5 1994//5 1995//5 2011//5
f 2011//3 2012//3 2248//3 2247//3
f 2014//3 2017//3 2249//3 2250//3
f 2251//2 1996//2 2240//2 2252//2
f 2017//3 2251//3 2252//3 2249//3
f 2017//5 1997//5 1996//5 2251//5
f 2253//1 2254//1 2239//1 1999//1
f 2253//5 1999//5 2000//5 2019//5
f 2024//2 2023//2 2241//2 2255//2
f 2256//1 2257//1 2242//1 2003//1
f 2256//5 2003//5 2007//5 2027//5
f 2258//2 2243//2 2244//2 2259//2
f 2030//3 2258//3 2259//3 2260//3
f 2030//5 2009//5 2243//5 2258//5
f 2261//1 2262//1 2248//1 2012//1
f 2261//3 2032//3 2263//3 2262//3
f 2261//5 2012//5 2013//5 2032//5
f 2032//3 2034//3 2264//3 2263//3
f 2034//3 2036//3 2265//3 2264//3
f 2036//3 2038//3 2266//3 2265//3
f 2038//3 2040//3 2267//3 2266//3
f 2040//3 2042//3 2268//3 2267//3
f 2042//3 2044//3 2269//3 2268//3
f 2044//3 2046//3 2270//3 2269//3
f 2271//2 2014//2 2250//2 2272//2
f 2046//3 2271//3 2272//3 2270//3
f 2046//5 2015//5 2014//5 2271//5
f 2273//1 2274//1 2254//1 2253//1
f 2273//3 2048//3 2275//3 2274//3
f 2273//5 2253//5 2019//5 2048//5
f 2276//2 2024//2 2255//2 2277//2
f 2051//5 2025//5 2024//5 2276//5
f 2278//1 2279//1 2257//1 2256//1
f 2278//5 2256//5 2027//5 2053//5
f 2058//2 2030//2 2260//2 2280//2
f 2061//1 2281//1 2275//1 2048//1
f 2282//2 2276//2 2277//2 2283//2
f 2067//5 2051//5 2276//5 2282//5
f 2284//1 2285//1 2279//1 2278//1
f 2284//5 2278//5 2053//5 2069//5
f 2286//2 2058//2 2280//2 2287//2
f 2073//5 2059//5 2058//5 2286//5
f 2288//1 2289//1 2281//1 2061//1
f 2288//5 2061//5 2063//5 2076//5
f 2290//2 2282//2 2283//2 2291//2
f 2081//5 2067//5 2282//5 2290//5
f 2292//1 2293//1 2285//1 2284//1
f 2292//5 2284//5 2069//5 2083//5
f 2087//5 2074//5 2073//5 2294//5
f 2295//2 2286//2 2287//2 2296//2
f 2294//3 2295//3 2296//3 2297//3
f 2294//5 2073//5 2286//5 2295//5
f 2298//1 2299//1 2289//1 2288//1
f 2298//3 2300//3 2301//3 2299//3
f 2298//5 2288//5 2076//5 2300//5
f 2300//5 2076//5 2078//5 2089//5
f 2302//2 2290//2 2291//2 2303//2
f 2093//5 2081//5 2290//5 2302//5
f 2304//1 2305//1 2293//1 2292//1
f 2304//5 2292//5 2083//5 2306//5
f 2306//5 2083//5 2085//5 2307//5
f 2307//5 2085//5 2087//5 2308//5
f 2309//2 2294//2 2297//2 2310//2
f 2308//5 2087//5 2294//5 2309//5
f 2311//1 2312//1 2301//1 2300//1
f 2311//5 2300//5 2089//5 2313//5
f 2313//5 2089//5 2091//5 2314//5
f 2314//5 2091//5 2093//5 2315//5
f 2316//2 2302//2 2303//2 2317//2
f 2315//5 2093//5 2302//5 2316//5
f 2318//1 2319//1 2305//1 2304//1
f 2318//5 2304//5 2306//5 2320//5
f 2320//5 2306//5 2307//5 2321//5
f 2321//5 2307//5 2308//5 2322//5
f 2323//2 2309//2 2310//2 2324//2
f 2322//3 2323//3 2324//3 2325//3
f 2322//5 2308//5 2309//5 2323//5
f 2326//1 2327//1 2312//1 2311//1
f 2326//3 2328//3 2329//3 2327//3
f 2326//5 2311//5 2313//5 2328//5
f 2328//5 2313//5 2314//5 2330//5
f 2330//5 2314//5 2315//5 2331//5
f 2332//2 2316//2 2317//2 2333//2
f 2331//5 2315//5 2316//5 2332//5
f 2334//1 2335//1 2319//1 2318//1
f 2334//5 2318//5 2320//5 2336//5
f 2336//5 2320//5 2321//5 2337//5
f 2338//2 2322//2 2325//2 2339//2
f 2337//3 2338//3 2339//3 2340//3
f 2337//5 2321//5 2322//5 2338//5
f 2341//1 2342//1 2329//1 2328//1
f 2341//3 2343//3 2344//3 2342//3
f 2341//5 2328//5 2330//5 2343//5
f 2343//5 2330//5 2331//5 2345//5
f 2346//2 2332//2 2333//2 2347//2
f 2345//5 2331//5 2332//5 2346//5
f 2348//1 2349//1 2335//1 2334//1
f 2348//3 2350//3 2351//3 2349//3
f 2348//5 2334//5 2336//5 2350//5
f 2352//2 2337//2 2340//2 2353//2
f 2350//3 2352//3 2353//3 2351//3
f 2350//5 2336//5 2337//5 2352//5
f 2354//1 2355//1 2344//1 2343//1
f 2354//3 2356//3 2357//3 2355//3
f 2354//5 2343//5 2345//5 2356//5
f 2358//2 2346//2 2347//2 2359//2
f 2356//3 2358//3 2359//3 2357//3
f 2356//5 2345//5 2346//5 2358//5
f 2174//1 2434//1 2435//1 2436//1
f 2436//4 2435//4 2437//4 2438//4
f 2174//5 2436//5 2438//5 2175//5
f 2438//4 2437//4 2439//4 2162//4
f 2175//5 2438//5 2162//5 2164//5
f 2168//2 2163//2 2440//2 2441//2
f 2162//4 2439//4 2440//4 2163//4
f 2183//1 2442//1 2443//1 2444//1
f 2444//4 2443//4 2445//4 2170//4
f 2183//5 2444//5 2170//5 2169//5
f 2170//4 2445//4 2446//4 2172//4
f 2172//4 2446//4 2447//4 2173//4
f 2173//4 2447//4 2434//4 2174//4
f 2168//4 2441//4 2448//4 2167//4
f 2167//4 2448//4 2449//4 2176//4
f 2176//4 2449//4 2450//4 2178//4
f 2184//2 2451//2 2452//2 2453//2
f 2178//4 2450//4 2452//4 2451//4
f 2179//5 2178//5 2451//5 2184//5
f 2180//1 2454//1 2455//1 2181//1
f 2181//4 2455//4 2442//4 2183//4
f 2187//2 2186//2 2456//2 2457//2
f 2184//4 2453//4 2456//4 2186//4
f 2195//1 2458//1 2459//1 2460//1
f 2460//4 2459//4 2461//4 2189//4
f 2195//5 2460//5 2189//5 2188//5
f 2189//4 2461//4 2454//4 2180//4
f 2187//4 2457//4 2462//4 2192//4
f 2198//2 2463//2 2464//2 2465//2
f 2192//4 2462//4 2464//4 2463//4
f 2193//5 2192//5 2463//5 2198//5
f 2194//1 2466//1 2458//1 2195//1
f 2199//2 2198//2 2465//2 2467//2
f 2205//1 2468//1 2469//1 2470//1
f 2470//4 2469//4 2466//4 2194//4
f 2205//5 2470//5 2194//5 2200//5
f 2208//2 2471//2 2472//2 2473//2
f 2199//4 2467//4 2472//4 2471//4
f 2201//5 2199//5 2471//5 2208//5
f 2207//1 2474//1 2468//1 2205//1
f 2213//2 2208//2 2473//2 2475//2
f 2214//1 2476//1 2477//1 2215//1
f 2215//4 2477//4 2478//4 2216//4
f 2476//6 2479//6 2478//6 2477//6
f 2216//4 2478//4 2480//4 2202//4
f 2202//4 2480//4 2474//4 2207//4
f 2213//4 2475//4 2481//4 2212//4
f 2212//4 2481//4 2482//4 2217//4
f 2219//2 2218//2 2483//2 2484//2
f 2217//4 2482//4 2483//4 2218//4
f 2485//6 2484//6 2483//6 2482//6
f 2220//1 2486//1 2476//1 2214//1
f 2221//2 2219//2 2484//2 2487//2
f 2226//1 2488//1 2486//1 2220//1
f 2231//2 2221//2 2487//2 2489//2
f 2233//1 2490//1 2491//1 2223//1
f 2223//4 2491//4 2488//4 2226//4
f 2490//6 2492//6 2488//6 2491//6
f 2235//2 2230//2 2493//2 2494//2
f 2231//4 2489//4 2493//4 2230//4
f 2495//6 2494//6 2493//6 2489//6
f 2236//1 2496//1 2490//1 2233//1
f 2238//3 2237//3 2497//3 2498//3
f 2240//3 2239//3 2499//3 2500//3
f 2241//2 2235//2 2494//2 2501//2
f 2242//1 2502//1 2496//1 2236//1
f 2244//2 2238//2 2498//2 2503//2
f 2246//1 2504//1 2497//1 2237//1
f 2246//3 2247//3 2505//3 2504//3
f 2252//2 2240//2 2500//2 2506//2
f 2249//3 2252//3 2506//3 2507//3
f 2254//1 2508//1 2499//1 2239//1
f 2255//2 2241//2 2501//2 2509//2
f 2257//1 2510//1 2502//1 2242//1
f 2259//2 2244//2 2503//2 2511//2
f 2512//1 2513//1 2505//1 2247//1
f 2512//3 2262//3 2514//3 2513//3
f 2512//5 2247//5 2248//5 2262//5
f 2262//3 2263//3 2515//3 2514//3
f 2263//3 2264//3 2516//3 2515//3
f 2264//3 2265//3 2517//3 2516//3
f 2268//3 2269//3 2518//3 2519//3
f 2269//3 2270//3 2520//3 2518//3
f 2270//3 2272//3 2521//3 2520//3
f 2522//2 2249//2 2507//2 2523//2
f 2272//3 2522//3 2523//3 2521//3
f 2272//5 2250//5 2249//5 2522//5
f 2274//1 2524//1 2508//1 2254//1
f 2277//2 2255//2 2509//2 2525//2
f 2526//1 2527//1 2528//1 2529//1
f 2529//4 2528//4 2510//4 2257//4
f 2526//5 2529//5 2257//5 2279//5
f 2530//2 2259//2 2511//2 2531//2
f 2280//3 2530//3 2531//3 2532//3
f 2280//5 2260//5 2259//5 2530//5
f 2532//6 2531//6 2511//6 2533//6
f 2534//1 2535//1 2517//1 2265//1
f 2534//3 2536//3 2537//3 2535//3
f 2534//5 2265//5 2266//5 2536//5
f 2536//3 2538//3 2539//3 2537//3
f 2536//5 2266//5 2267//5 2538//5
f 2540//2 2268//2 2519//2 2541//2
f 2538//3 2540//3 2541//3 2539//3
f 2538//5 2267//5 2268//5 2540//5
f 2542//1 2543//1 2524//1 2274//1
f 2542//3 2281//3 2544//3 2543//3
f 2542//5 2274//5 2275//5 2281//5
f 2543//6 2544//6 2545//6 2524//6
f 2546//2 2547//2 2548//2 2549//2
f 2277//4 2525//4 2548//4 2547//4
f 2283//5 2277//5 2547//5 2546//5
f 2550//1 2551//1 2527//1 2526//1
f 2550//5 2526//5 2279//5 2285//5
f 2287//2 2280//2 2532//2 2552//2
f 2289//1 2553//1 2544//1 2281//1
f 2554//2 2546//2 2549//2 2555//2
f 2291//5 2283//5 2546//5 2554//5
f 2556//1 2557//1 2551//1 2550//1
f 2556//5 2550//5 2285//5 2293//5
f 2296//2 2287//2 2552//2 2558//2
f 2299//1 2559//1 2553//1 2289//1
f 2560//2 2554//2 2555//2 2561//2
f 2303//5 2291//5 2554//5 2560//5
f 2562//1 2563//1 2557//1 2556//1
f 2562//5 2556//5 2293//5 2305//5
f 2564//2 2296//2 2558//2 2565//2
f 2310//3 2564//3 2565//3 2566//3
f 2310//5 2297//5 2296//5 2564//5
f 2567//1 2568//1 2559//1 2299//1
f 2567//3 2312//3 2569//3 2568//3
f 2567//5 2299//5 2301//5 2312//5
f 2570//2 2560//2 2561//2 2571//2
f 2317//5 2303//5 2560//5 2570//5
f 2572//1 2573//1 2563//1 2562//1
f 2572//5 2562//5 2305//5 2319//5
f 2324//2 2310//2 2566//2 2574//2
f 2327//1 2575//1 2569//1 2312//1
f 2576//2 2570//2 2571//2 2577//2
f 2333//5 2317//5 2570//5 2576//5
f 2578//1 2579//1 2573//1 2572//1
f 2578//5 2572//5 2319//5 2335//5
f 2580//2 2324//2 2574//2 2581//2
f 2339//5 2325//5 2324//5 2580//5
f 2582//1 2583//1 2575//1 2327//1
f 2582//5 2327//5 2329//5 2342//5
f 2584//2 2576//2 2577//2 2585//2
f 2347//5 2333//5 2576//5 2584//5
f 2586//1 2587//1 2579//1 2578//1
f 2586//5 2578//5 2335//5 2349//5
f 2353//5 2340//5 2339//5 2588//5
f 2589//2 2580//2 2581//2 2590//2
f 2588//3 2589//3 2590//3 2591//3
f 2588//5 2339//5 2580//5 2589//5
f 2592//1 2593//1 2583//1 2582//1
f 2592//3 2594//3 2595//3 2593//3
f 2592//5 2582//5 2342//5 2594//5
f 2594//5 2342//5 2344//5 2355//5
f 2596//2 2584//2 2585//2 2597//2
f 2359//5 2347//5 2584//5 2596//5
f 2598//1 2599//1 2587//1 2586//1
f 2598//5 2586//5 2349//5 2600//5
f 2600//5 2349//5 2351//5 2601//5
f 2601//5 2351//5 2353//5 2602//5
f 2603//2 2588//2 2591//2 2604//2
f 2602//5 2353//5 2588//5 2603//5
f 2605//1 2606//1 2595//1 2594//1
f 2605//5 2594//5 2355//5 2607//5
f 2607//5 2355//5 2357//5 2608//5
f 2608//5 2357//5 2359//5 2609//5
f 2610//2 2596//2 2597//2 2611//2
f 2609//5 2359//5 2596//5 2610//5
f 2612//1 2613//1 2599//1 2598//1
f 2612//5 2598//5 2600//5 2614//5
f 2614//5 2600//5 2601//5 2615//5
f 2615//5 2601//5 2602//5 2616//5
f 2617//2 2603//2 2604//2 2618//2
f 2616//3 2617//3 2618//3 2619//3
f 2616//5 2602//5 2603//5 2617//5
f 2620//1 2621//1 2606//1 2605//1
f 2620//3 2622//3 2623//3 2621//3
f 2620//5 2605//5 2607//5 2622//5
f 2622//5 2607//5 2608//5 2624//5
f 2624//5 2608//5 2609//5 2625//5
f 2626//2 2610//2 2611//2 2627//2
f 2625//5 2609//5 2610//5 2626//5
f 2628//1 2629//1 2613//1 2612//1
f 2628//3 2630//3 2631//3 2629//3
f 2628//5 2612//5 2614//5 2630//5
f 2630//5 2614//5 2615//5 2632//5
f 2633//2 2616//2 2619//2 2634//2
f 2632//3 2633//3 2634//3 2635//3
f 2632//5 2615//5 2616//5 2633//5
f 2636//1 2637//1 2623//1 2622//1
f 2636//3 2638//3 2639//3 2637//3
f 2636//5 2622//5 2624//5 2638//5
f 2638//5 2624//5 2625//5 2640//5
f 2641//2 2626//2 2627//2 2642//2
f 2640//3 2641//3 2642//3 2643//3
f 2640//5 2625//5 2626//5 2641//5
f 2644//1 2645//1 2631//1 2630//1
f 2646//2 2632//2 2635//2 2647//2
f 2644//3 2646//3 2647//3 2645//3
f 2644//5 2630//5 2632//5 2646//5
f 2648//1 2649//1 2639//1 2638//1
f 2650//2 2640//2 2643//2 2651//2
f 2648//3 2650//3 2651//3 2649//3
f 2648//5 2638//5 2640//5 2650//5
f 2437//4 2755//4 2759//4 2439//4
f 2439//4 2759//4 2760//4 2440//4
f 2448//2 2761//2 2762//2 2763//2
f 2440//4 2760//4 2762//4 2761//4
f 2441//5 2440//5 2761//5 2448//5
f 2442//1 2764//1 2765//1 2443//1
f 2443//4 2765//4 2766//4 2445//4
f 2445//4 2766//4 2767//4 2446//4
f 2446//4 2767//4 2756//4 2447//4
f 2448//4 2763//4 2768//4 2449//4
f 2449//4 2768//4 2769//4 2450//4
f 2453//2 2452//2 2770//2 2771//2
f 2450//4 2769//4 2770//4 2452//4
f 2461//1 2772//1 2773//1 2774//1
f 2774//4 2773//4 2775//4 2455//4
f 2461//5 2774//5 2455//5 2454//5
f 2455//4 2775//4 2764//4 2442//4
f 2453//4 2771//4 2776//4 2456//4
f 2462//2 2777//2 2778//2 2779//2
f 2456//4 2776//4 2778//4 2777//4
f 2457//5 2456//5 2777//5 2462//5
f 2458//1 2780//1 2781//1 2459//1
f 2459//4 2781//4 2772//4 2461//4
f 2465//2 2464//2 2782//2 2783//2
f 2462//4 2779//4 2782//4 2464//4
f 2469//1 2784//1 2785//1 2786//1
f 2786//4 2785//4 2780//4 2458//4
f 2469//5 2786//5 2458//5 2466//5
f 2472//2 2787//2 2788//2 2789//2
f 2465//4 2783//4 2788//4 2787//4
f 2467//5 2465//5 2787//5 2472//5
f 2468//1 2790//1 2784//1 2469//1
f 2473//2 2472//2 2789//2 2791//2
f 2474//1 2792//1 2790//1 2468//1
f 2475//2 2473//2 2791//2 2793//2
f 2479//1 2794//1 2795//1 2478//1
f 2478//4 2795//4 2796//4 2480//4
f 2794//6 2797//6 2796//6 2795//6
f 2480//4 2796//4 2792//4 2474//4
f 2475//4 2793//4 2798//4 2481//4
f 2485//2 2482//2 2799//2 2800//2
f 2481//4 2798//4 2799//4 2482//4
f 2801//6 2800//6 2799//6 2798//6
f 2486//1 2802//1 2803//1 2476//1
f 2476//4 2803//4 2794//4 2479//4
f 2802//6 2804//6 2794//6 2803//6
f 2804//6 2805//6 2797//6 2794//6
f 2806//6 2807//6 2800//6 2801//6
f 2487//2 2484//2 2808//2 2809//2
f 2485//4 2800//4 2808//4 2484//4
f 2807//6 2809//6 2808//6 2800//6
f 2488//1 2810//1 2802//1 2486//1
f 2810//6 2811//6 2804//6 2802//6
f 2811//6 2812//6 2805//6 2804//6
f 2813//6 2814//6 2807//6 2806//6
f 2489//2 2487//2 2809//2 2815//2
f 2814//6 2815//6 2809//6 2807//6
f 2492//1 2816//1 2810//1 2488//1
f 2816//6 2817//6 2811//6 2810//6
f 2495//2 2489//2 2815//2 2818//2
f 2819//6 2818//6 2815//6 2814//6
f 2496//1 2820//1 2821//1 2490//1
f 2490//4 2821//4 2816//4 2492//4
f 2820//6 2822//6 2816//6 2821//6
f 2501//2 2494//2 2823//2 2824//2
f 2495//4 2818//4 2823//4 2494//4
f 2825//6 2824//6 2823//6 2818//6
f 2502//1 2826//1 2820//1 2496//1
f 2826//6 2827//6 2822//6 2820//6
f 2828//6 2829//6 2830//6 2831//6
f 2503//3 2504//3 2832//3 2829//3
f 2503//5 2498//5 2497//5 2504//5
f 2504//3 2505//3 2833//3 2832//3
f 2507//3 2506//3 2834//3 2835//3
f 2506//3 2508//3 2836//3 2834//3
f 2506//5 2500//5 2499//5 2508//5
f 2836//6 2837//6 2838//6 2839//6
f 2509//2 2501//2 2824//2 2840//2
f 2841//6 2840//6 2824//6 2825//6
f 2510//1 2842//1 2826//1 2502//1
f 2511//2 2503//2 2829//2 2843//2
f 2533//3 2511//3 2843//3 2844//3
f 2844//6 2843//6 2829//6 2828//6
f 2513//1 2845//1 2833//1 2505//1
f 2513//3 2514//3 2846//3 2845//3
f 2514//3 2515//3 2847//3 2846//3
f 2515//3 2516//3 2848//3 2847//3
f 2518//3 2520//3 2849//3 2850//3
f 2520//3 2521//3 2851//3 2849//3
f 2523//2 2507//2 2835//2 2852//2
f 2521//3 2523//3 2852//3 2851//3
f 2524//1 2853//1 2836//1 2508//1
f 2524//3 2545//3 2854//3 2853//3
f 2853//6 2854//6 2837//6 2836//6
f 2525//2 2509//2 2840//2 2855//2
f 2527//1 2856//1 2857//1 2528//1
f 2528//4 2857//4 2842//4 2510//4
f 2856//6 2858//6 2842//6 2857//6
f 2532//2 2533//2 2844//2 2859//2
f 2860//1 2861//1 2848//1 2516//1
f 2860//3 2535//3 2862//3 2861//3
f 2860//5 2516//5 2517//5 2535//5
f 2535//3 2537//3 2863//3 2862//3
f 2537//3 2539//3 2864//3 2863//3
f 2539//3 2541//3 2865//3 2864//3
f 2866//2 2518//2 2850//2 2867//2
f 2541//3 2866//3 2867//3 2865//3
f 2541//5 2519//5 2518//5 2866//5
f 2544//1 2868//1 2854//1 2545//1
f 2549//2 2548//2 2869//2 2870//2
f 2525//4 2855//4 2869//4 2548//4
f 2871//6 2870//6 2869//6 2855//6
f 2551//1 2872//1 2856//1 2527//1
f 2872//6 2873//6 2858//6 2856//6
f 2552//2 2532//2 2859//2 2874//2
f 2553//1 2875//1 2868//1 2544//1
f 2555//2 2549//2 2870//2 2876//2
f 2877//6 2876//6 2870//6 2871//6
f 2557//1 2878//1 2872//1 2551//1
f 2558//2 2552//2 2874//2 2879//2
f 2559//1 2880//1 2875//1 2553//1
f 2561//2 2555//2 2876//2 2881//2
f 2563//1 2882//1 2878//1 2557//1
f 2565//2 2558//2 2879//2 2883//2
f 2568//1 2884//1 2880//1 2559//1
f 2571//2 2561//2 2881//2 2885//2
f 2573//1 2886//1 2882//1 2563//1
f 2887//2 2565//2 2883//2 2888//2
f 2574//5 2566//5 2565//5 2887//5
f 2889//1 2890//1 2884//1 2568//1
f 2889//5 2568//5 2569//5 2575//5
f 2577//2 2571//2 2885//2 2891//2
f 2579//1 2892//1 2886//1 2573//1
f 2893//2 2887//2 2888//2 2894//2
f 2581//3 2893//3 2894//3 2895//3
f 2581//5 2574//5 2887//5 2893//5
f 2896//1 2897//1 2890//1 2889//1
f 2896//3 2583//3 2898//3 2897//3
f 2896//5 2889//5 2575//5 2583//5
f 2585//2 2577//2 2891//2 2899//2
f 2900//1 2901//1 2902//1 2903//1
f 2903//4 2902//4 2892//4 2579//4
f 2900//5 2903//5 2579//5 2587//5
f 2590//2 2581//2 2895//2 2904//2
f 2593//1 2905//1 2898//1 2583//1
f 2906//2 2907//2 2908//2 2909//2
f 2585//4 2899//4 2908//4 2907//4
f 2597//5 2585//5 2907//5 2906//5
f 2910//1 2911//1 2901//1 2900//1
f 2910//5 2900//5 2587//5 2599//5
f 2912//2 2590//2 2904//2 2913//2
f 2604//5 2591//5 2590//5 2912//5
f 2914//1 2915//1 2905//1 2593//1
f 2914//5 2593//5 2595//5 2606//5
f 2916//2 2906//2 2909//2 2917//2
f 2611//5 2597//5 2906//5 2916//5
f 2918//1 2919//1 2911//1 2910//1
f 2918//5 2910//5 2599//5 2613//5
f 2920//2 2912//2 2913//2 2921//2
f 2618//3 2920//3 2921//3 2922//3
f 2618//5 2604//5 2912//5 2920//5
f 2923//1 2924//1 2915//1 2914//1
f 2923//3 2621//3 2925//3 2924//3
f 2923//5 2914//5 2606//5 2621//5
f 2926//2 2916//2 2917//2 2927//2
f 2627//5 2611//5 2916//5 2926//5
f 2928//1 2929//1 2919//1 2918//1
f 2928//5 2918//5 2613//5 2629//5
f 2930//2 2618//2 2922//2 2931//2
f 2634//5 2619//5 2618//5 2930//5
f 2932//1 2933//1 2925//1 2621//1
f 2932//5 2621//5 2623//5 2637//5
f 2934//2 2926//2 2927//2 2935//2
f 2642//5 2627//5 2926//5 2934//5
f 2936//1 2937//1 2929//1 2928//1
f 2936//5 2928//5 2629//5 2938//5
f 2938//5 2629//5 2631//5 2645//5
f 2647//5 2635//5 2634//5 2939//5
f 2940//2 2930//2 2931//2 2941//2
f 2939//5 2634//5 2930//5 2940//5
f 2942//1 2943//1 2933//1 2932//1
f 2942//5 2932//5 2637//5 2944//5
f 2944//5 2637//5 2639//5 2649//5
f 2651//5 2643//5 2642//5 2945//5
f 2946//2 2934//2 2935//2 2947//2
f 2945//5 2642//5 2934//5 2946//5
f 2948//1 2949//1 2937//1 2936//1
f 2948//3 2950//3 2951//3 2949//3
f 2948//5 2936//5 2938//5 2950//5
f 2950//5 2938//5 2645//5 2952//5
f 2952//5 2645//5 2647//5 2953//5
f 2953//5 2647//5 2939//5 2954//5
f 2955//2 2940//2 2941//2 2956//2
f 2954//3 2955//3 2956//3 2957//3
f 2954//5 2939//5 2940//5 2955//5
f 2958//1 2959//1 2943//1 2942//1
f 2958//3 2960//3 2961//3 2959//3
f 2958//5 2942//5 2944//5 2960//5
f 2960//5 2944//5 2649//5 2962//5
f 2962//5 2649//5 2651//5 2963//5
f 2963//5 2651//5 2945//5 2964//5
f 2965//2 2946//2 2947//2 2966//2
f 2964//3 2965//3 2966//3 2967//3
f 2964//5 2945//5 2946//5 2965//5
f 2968//1 2969//1 2951//1 2950//1
f 2968//3 2970//3 2971//3 2969//3
f 2968//5 2950//5 2952//5 2970//5
f 2970//3 2972//3 2973//3 2971//3
f 2970//5 2952//5 2953//5 2972//5
f 2974//2 2954//2 2957//2 2975//2
f 2972//3 2974//3 2975//3 2973//3
f 2972//5 2953//5 2954//5 2974//5
f 2976//1 2977//1 2961//1 2960//1
f 2976//3 2978//3 2979//3 2977//3
f 2976//5 2960//5 2962//5 2978//5
f 2978//3 2980//3 2981//3 2979//3
f 2978//5 2962//5 2963//5 2980//5
f 2982//2 2964//2 2967//2 2983//2
f 2980//3 2982//3 2983//3 2981//3
f 2980//5 2963//5 2964//5 2982//5
f 2767//1 3146//1 3147//1 3148//1
f 3148//4 3147//4 3149//4 2757//4
f 2767//5 3148//5 2757//5 2756//5
f 2757//4 3149//4 3142//4 2754//4
f 2760//4 3145//4 3150//4 2762//4
f 2768//2 3151//2 3152//2 3153//2
f 2762//4 3150//4 3152//4 3151//4
f 2763//5 2762//5 3151//5 2768//5
f 2775//1 3154//1 3155//1 3156//1
f 3156//4 3155//4 3157//4 2765//4
f 2775//5 3156//5 2765//5 2764//5
f 2765//4 3157//4 3158//4 2766//4
f 2766//4 3158//4 3146//4 2767//4
f 2768//4 3153//4 3159//4 2769//4
f 2769//4 3159//4 3160//4 2770//4
f 2776//2 3161//2 3162//2 3163//2
f 2770//4 3160//4 3162//4 3161//4
f 2771//5 2770//5 3161//5 2776//5
f 2772//1 3164//1 3165//1 2773//1
f 2773//4 3165//4 3154//4 2775//4
f 2779//2 2778//2 3166//2 3167//2
f 2776//4 3163//4 3166//4 2778//4
f 2780//1 3168//1 3169//1 2781//1
f 2781//4 3169//4 3164//4 2772//4
f 2783//2 2782//2 3170//2 3171//2
f 2779//4 3167//4 3170//4 2782//4
f 2784//1 3172//1 3173//1 2785//1
f 2785//4 3173//4 3168//4 2780//4
f 2789//2 2788//2 3174//2 3175//2
f 2783//4 3171//4 3174//4 2788//4
f 2790//1 3176//1 3172//1 2784//1
f 2791//2 2789//2 3175//2 3177//2
f 2796//1 3178//1 3179//1 3180//1
f 3180//4 3179//4 3176//4 2790//4
f 2796//5 3180//5 2790//5 2792//5
f 2798//2 3181//2 3182//2 3183//2
f 2791//4 3177//4 3182//4 3181//4
f 2793//5 2791//5 3181//5 2798//5
f 2797//1 3184//1 3178//1 2796//1
f 2801//2 2798//2 3183//2 3185//2
f 2805//1 3186//1 3184//1 2797//1
f 2806//2 2801//2 3185//2 3187//2
f 2812//1 3188//1 3186//1 2805//1
f 2813//2 2806//2 3187//2 3189//2
f 2817//1 3190//1 3191//1 2811//1
f 2811//4 3191//4 3188//4 2812//4
f 3190//6 3192//6 3188//6 3191//6
f 3192//6 3193//6 3194//6 3188//6
f 3195//6 3196//6 3189//6 3197//6
f 2819//2 2814//2 3198//2 3199//2
f 2813//4 3189//4 3198//4 2814//4
f 3196//6 3199//6 3198//6 3189//6
f 2822//1 3200//1 3201//1 2816//1
f 2816//4 3201//4 3190//4 2817//4
f 3200//6 3202//6 3190//6 3201//6
f 3202//6 3203//6 3192//6 3190//6
f 3203//6 3204//6 3193//6 3192//6
f 2831//3 2830//3 3205//3 3206//3
f 2839//3 2838//3 3207//3 3208//3
f 3209//6 3210//6 3196//6 3195//6
f 3210//6 3211//6 3199//6 3196//6
f 2825//2 2818//2 3212//2 3213//2
f 2819//4 3199//4 3212//4 2818//4
f 3211//6 3213//6 3212//6 3199//6
f 2827//1 3214//1 3200//1 2822//1
f 3214//6 3215//6 3202//6 3200//6
f 3215//6 3216//6 3203//6 3202//6
f 3216//6 3217//6 3204//6 3203//6
f 2828//2 2831//2 3206//2 3218//2
f 3217//6 3218//6 3206//6 3204//6
f 2829//1 3219//1 3205//1 2830//1
f 2829//3 2832//3 3220//3 3219//3
f 2836//2 2839//2 3208//2 3221//2
f 2834//3 2836//3 3221//3 3222//3
f 2837//1 3223//1 3207//1 2838//1
f 3223//6 3224//6 3209//6 3207//6
f 3224//6 3225//6 3210//6 3209//6
f 3225//6 3226//6 3211//6 3210//6
f 2841//2 2825//2 3213//2 3227//2
f 3226//6 3227//6 3213//6 3211//6
f 2842//1 3228//1 3229//1 2826//1
f 2826//4 3229//4 3214//4 2827//4
f 3228//6 3230//6 3214//6 3229//6
f 3230//6 3231//6 3215//6 3214//6
f 2844//2 2828//2 3218//2 3232//2
f 3233//6 3232//6 3218//6 3217//6
f 3234//1 3235//1 3220//1 2832//1
f 3234//3 2845//3 3236//3 3235//3
f 3234//5 2832//5 2833//5 2845//5
f 2845//3 2846//3 3237//3 3236//3
f 2846//3 2847//3 3238//3 3237//3
f 2849//3 2851//3 3239//3 3240//3
f 2851//3 2852//3 3241//3 3239//3
f 3242//2 2834//2 3222//2 3243//2
f 2852//3 3242//3 3243//3 3241//3
f 2852//5 2835//5 2834//5 3242//5
f 2854//1 3244//1 3223//1 2837//1
f 3244//6 3245//6 3224//6 3223//6
f 3246//6 3247//6 3227//6 3226//6
f 2855//2 2840//2 3248//2 3249//2
f 2841//4 3227//4 3248//4 2840//4
f 3247//6 3249//6 3248//6 3227//6
f 2858//1 3250//1 3228//1 2842//1
f 3250//6 3251//6 3230//6 3228//6
f 2859//2 2844//2 3232//2 3252//2
f 3253//6 3252//6 3232//6 3233//6
f 3254//1 3255//1 3238//1 2847//1
f 3254//3 2861//3 3256//3 3255//3
f 3254//5 2847//5 2848//5 2861//5
f 2861//3 2862//3 3257//3 3256//3
f 2862//3 2863//3 3258//3 3257//3
f 2863//3 2864//3 3259//3 3258//3
f 2864//3 2865//3 3260//3 3259//3
f 2865//3 2867//3 3261//3 3260//3
f 3262//2 2849//2 3240//2 3263//2
f 2867//3 3262//3 3263//3 3261//3
f 2867//5 2850//5 2849//5 3262//5
f 2868//1 3264//1 3244//1 2854//1
f 3264//6 3265//6 3245//6 3244//6
f 2871//2 2855//2 3249//2 3266//2
f 3267//6 3266//6 3249//6 3247//6
f 2873//1 3268//1 3250//1 2858//1
f 2874//2 2859//2 3252//2 3269//2
f 3270//6 3269//6 3252//6 3253//6
f 2875//1 3271//1 3264//1 2868//1
f 3271//6 3272//6 3265//6 3264//6
f 2877//2 2871//2 3266//2 3273//2
f 2878//1 3274//1 3275//1 2872//1
f 2872//4 3275//4 3268//4 2873//4
f 3274//6 3276//6 3268//6 3275//6
f 2879//2 2874//2 3269//2 3277//2
f 3278//6 3277//6 3269//6 3270//6
f 2880//1 3279//1 3271//1 2875//1
f 3279//6 3280//6 3272//6 3271//6
f 2881//2 2876//2 3281//2 3282//2
f 2877//4 3273//4 3281//4 2876//4
f 3283//6 3282//6 3281//6 3273//6
f 2882//1 3284//1 3274//1 2878//1
f 2883//2 2879//2 3277//2 3285//2
f 3286//6 3285//6 3277//6 3278//6
f 2884//1 3287//1 3279//1 2880//1
f 3287//6 3288//6 3280//6 3279//6
f 2885//2 2881//2 3282//2 3289//2
f 2886//1 3290//1 3284//1 2882//1
f 2888//2 2883//2 3285//2 3291//2
f 3292//6 3291//6 3285//6 3286//6
f 2890//1 3293//1 3287//1 2884//1
f 3293//6 3294//6 3288//6 3287//6
f 2891//2 2885//2 3289//2 3295//2
f 2902//1 3296//1 3297//1 3298//1
f 3298//4 3297//4 3290//4 2886//4
f 2902//5 3298//5 2886//5 2892//5
f 3296//6 3299//6 3290//6 3297//6
f 2894//2 2888//2 3291//2 3300//2
f 2895//3 2894//3 3300//3 3301//3
f 3301//6 3300//6 3291//6 3292//6
f 2897//1 3302//1 3293//1 2890//1
f 2897//3 2898//3 3303//3 3302//3
f 3302//6 3303//6 3294//6 3293//6
f 2908//2 3304//2 3305//2 3306//2
f 2891//4 3295//4 3305//4 3304//4
f 2899//5 2891//5 3304//5 2908//5
f 3307//6 3306//6 3305//6 3295//6
f 2901//1 3308//1 3296//1 2902//1
f 2904//2 2895//2 3301//2 3309//2
f 2905//1 3310//1 3303//1 2898//1
f 2909//2 2908//2 3306//2 3311//2
f 2911//1 3312//1 3308//1 2901//1
f 2913//2 2904//2 3309//2 3313//2
f 2915//1 3314//1 3310//1 2905//1
f 2917//2 2909//2 3311//2 3315//2
f 2919//1 3316//1 3312//1 2911//1
f 2921//2 2913//2 3313//2 3317//2
f 2924//1 3318//1 3314//1 2915//1
f 2927//2 2917//2 3315//2 3319//2
f 2929//1 3320//1 3316//1 2919//1
f 3321//2 2921//2 3317//2 3322//2
f 2931//3 3321//3 3322//3 3323//3
f 2931//5 2922//5 2921//5 3321//5
f 3324//1 3325//1 3318//1 2924//1
f 3324//3 2933//3 3326//3 3325//3
f 3324//5 2924//5 2925//5 2933//5
f 2935//2 2927//2 3319//2 3327//2
f 2937//1 3328//1 3320//1 2929//1
f 2941//2 2931//2 3323//2 3329//2
f 2943//1 3330//1 3326//1 2933//1
f 2947//2 2935//2 3327//2 3331//2
f 2949//1 3332//1 3328//1 2937//1
f 2956//2 2941//2 3329//2 3333//2
f 2959//1 3334//1 3330//1 2943//1
f 2966//2 2947//2 3331//2 3335//2
f 3336//1 3337//1 3332//1 2949//1
f 3336//3 2969//3 3338//3 3337//3
f 3336//5 2949//5 2951//5 2969//5
f 2969//3 2971//3 3339//3 3338//3
f 2971//3 2973//3 3340//3 3339//3
f 2973//3 2975//3 3341//3 3340//3
f 3342//2 2956//2 3333//2 3343//2
f 2975//3 3342//3 3343//3 3341//3
f 2975//5 2957//5 2956//5 3342//5
f 3344//1 3345//1 3334//1 2959//1
f 3344//3 2977//3 3346//3 3345//3
f 3344//5 2959//5 2961//5 2977//5
f 2977//3 2979//3 3347//3 3346//3
f 2979//3 2981//3 3348//3 3347//3
f 2981//3 2983//3 3349//3 3348//3
f 3350//2 2966//2 3335//2 3351//2
f 2983//3 3350//3 3351//3 3349//3
f 2983//5 2967//5 2966//5 3350//5
f 3158//1 3498//1 3499//1 3500//1
f 3500//4 3499//4 3501//4 3147//4
f 3158//5 3500//5 3147//5 3146//5
f 3147//4 3501//4 3502//4 3149//4
f 3149//4 3502//4 3503//4 3142//4
f 3142//4 3503//4 3504//4 3143//4
f 3143//4 3504//4 3496//4 3144//4
f 3150//4 3505//4 3506//4 3152//4
f 3159//2 3507//2 3508//2 3509//2
f 3152//4 3506//4 3508//4 3507//4
f 3153//5 3152//5 3507//5 3159//5
f 3154//1 3510//1 3511//1 3155//1
f 3155//4 3511//4 3512//4 3157//4
f 3157//4 3512//4 3498//4 3158//4
f 3159//4 3509//4 3513//4 3160//4
f 3163//2 3162//2 3514//2 3515//2
f 3160//4 3513//4 3514//4 3162//4
f 3169//1 3516//1 3517//1 3518//1
f 3518//4 3517//4 3519//4 3165//4
f 3169//5 3518//5 3165//5 3164//5
f 3165//4 3519//4 3510//4 3154//4
f 3163//4 3515//4 3520//4 3166//4
f 3170//2 3521//2 3522//2 3523//2
f 3166//4 3520//4 3522//4 3521//4
f 3167//5 3166//5 3521//5 3170//5
f 3173//1 3524//1 3525//1 3526//1
f 3526//4 3525//4 3516//4 3169//4
f 3173//5 3526//5 3169//5 3168//5
f 3174//2 3527//2 3528//2 3529//2
f 3170//4 3523//4 3528//4 3527//4
f 3171//5 3170//5 3527//5 3174//5
f 3172//1 3530//1 3524//1 3173//1
f 3175//2 3174//2 3529//2 3531//2
f 3179//1 3532//1 3533//1 3534//1
f 3534//4 3533//4 3530//4 3172//4
f 3179//5 3534//5 3172//5 3176//5
f 3182//2 3535//2 3536//2 3537//2
f 3175//4 3531//4 3536//4 3535//4
f 3177//5 3175//5 3535//5 3182//5
f 3178//1 3538//1 3532//1 3179//1
f 3183//2 3182//2 3537//2 3539//2
f 3184//1 3540//1 3538//1 3178//1
f 3185//2 3183//2 3539//2 3541//2
f 3186//1 3542//1 3540//1 3184//1
f 3187//2 3185//2 3541//2 3543//2
f 3188//1 3544//1 3542//1 3186//1
f 3188//3 3194//3 3545//3 3544//3
f 3189//2 3187//2 3543//2 3546//2
f 3197//3 3189//3 3546//3 3547//3
f 3193//1 3548//1 3545//1 3194//1
f 3195//2 3197//2 3547//2 3549//2
f 3204//1 3550//1 3548//1 3193//1
f 3204//3 3206//3 3551//3 3550//3
f 3209//2 3195//2 3549//2 3552//2
f 3207//3 3209//3 3552//3 3553//3
f 3218//1 3554//1 3551//1 3206//1
f 3218//3 3219//3 3555//3 3554//3
f 3218//5 3206//5 3205//5 3219//5
f 3219//3 3220//3 3556//3 3555//3
f 3222//3 3221//3 3557//3 3558//3
f 3223//2 3207//2 3553//2 3559//2
f 3221//3 3223//3 3559//3 3557//3
f 3221//5 3208//5 3207//5 3223//5
f 3231//1 3560//1 3561//1 3215//1
f 3215//4 3561//4 3562//4 3216//4
f 3560//6 3563//6 3562//6 3561//6
f 3233//2 3217//2 3564//2 3565//2
f 3216//4 3562//4 3564//4 3217//4
f 3563//6 3565//6 3564//6 3562//6
f 3235//1 3566//1 3556//1 3220//1
f 3235//3 3236//3 3567//3 3566//3
f 3236//3 3237//3 3568//3 3567//3
f 3239//3 3241//3 3569//3 3570//3
f 3243//2 3222//2 3558//2 3571//2
f 3241//3 3243//3 3571//3 3569//3
f 3245//1 3572//1 3573//1 3224//1
f 3224//4 3573//4 3574//4 3225//4
f 3572//6 3575//6 3574//6 3573//6
f 3246//2 3226//2 3576//2 3577//2
f 3225//4 3574//4 3576//4 3226//4
f 3575//6 3577//6 3576//6 3574//6
f 3251//1 3578//1 3579//1 3230//1
f 3230//4 3579//4 3560//4 3231//4
f 3578//6 3580//6 3560//6 3579//6
f 3580//6 3581//6 3563//6 3560//6
f 3253//2 3233//2 3565//2 3582//2
f 3581//6 3582//6 3565//6 3563//6
f 3583//1 3584//1 3568//1 3237//1
f 3583//3 3255//3 3585//3 3584//3
f 3583//5 3237//5 3238//5 3255//5
f 3255//3 3256//3 3586//3 3585//3
f 3256//3 3257//3 3587//3 3586//3
f 3257//3 3258//3 3588//3 3587//3
f 3258//3 3259//3 3589//3 3588//3
f 3259//3 3260//3 3590//3 3589//3
f 3260//3 3261//3 3591//3 3590//3
f 3261//3 3263//3 3592//3 3591//3
f 3593//2 3239//2 3570//2 3594//2
f 3263//3 3593//3 3594//3 3592//3
f 3263//5 3240//5 3239//5 3593//5
f 3265//1 3595//1 3572//1 3245//1
f 3595//6 3596//6 3575//6 3572//6
f 3596//6 3597//6 3577//6 3575//6
f 3267//2 3247//2 3598//2 3599//2
f 3246//4 3577//4 3598//4 3247//4
f 3597//6 3599//6 3598//6 3577//6
f 3268//1 3600//1 3601//1 3250//1
f 3250//4 3601//4 3578//4 3251//4
f 3600//6 3602//6 3578//6 3601//6
f 3602//6 3603//6 3580//6 3578//6
f 3603//6 3604//6 3581//6 3580//6
f 3270//2 3253//2 3582//2 3605//2
f 3604//6 3605//6 3582//6 3581//6
f 3272//1 3606//1 3595//1 3265//1
f 3606//6 3607//6 3596//6 3595//6
f 3607//6 3608//6 3597//6 3596//6
f 3608//6 3609//6 3599//6 3597//6
f 3273//2 3266//2 3610//2 3611//2
f 3267//4 3599//4 3610//4 3266//4
f 3609//6 3611//6 3610//6 3599//6
f 3276//1 3612//1 3600//1 3268//1
f 3612//6 3613//6 3602//6 3600//6
f 3613//6 3614//6 3603//6 3602//6
f 3614//6 3615//6 3604//6 3603//6
f 3278//2 3270//2 3605//2 3616//2
f 3615//6 3616//6 3605//6 3604//6
f 3280//1 3617//1 3606//1 3272//1
f 3617//6 3618//6 3607//6 3606//6
f 3618//6 3619//6 3608//6 3607//6
f 3619//6 3620//6 3609//6 3608//6
f 3283//2 3273//2 3611//2 3621//2
f 3620//6 3621//6 3611//6 3609//6
f 3284//1 3622//1 3623//1 3274//1
f 3274//4 3623//4 3612//4 3276//4
f 3622//6 3624//6 3612//6 3623//6
f 3624//6 3625//6 3613//6 3612//6
f 3286//2 3278//2 3616//2 3626//2
f 3627//6 3626//6 3616//6 3615//6
f 3288//1 3628//1 3617//1 3280//1
f 3628//6 3629//6 3618//6 3617//6
f 3630//6 3631//6 3621//6 3620//6
f 3289//2 3282//2 3632//2 3633//2
f 3283//4 3621//4 3632//4 3282//4
f 3631//6 3633//6 3632//6 3621//6
f 3290//1 3634//1 3622//1 3284//1
f 3634//6 3635//6 3624//6 3622//6
f 3292//2 3286//2 3626//2 3636//2
f 3637//6 3636//6 3626//6 3627//6
f 3294//1 3638//1 3628//1 3288//1
f 3638//6 3639//6 3629//6 3628//6
f 3295//2 3289//2 3633//2 3640//2
f 3641//6 3640//6 3633//6 3631//6
f 3299//1 3642//1 3634//1 3290//1
f 3301//2 3292//2 3636//2 3643//2
f 3644//6 3643//6 3636//6 3637//6
f 3303//1 3645//1 3638//1 3294//1
f 3645//6 3646//6 3639//6 3638//6
f 3307//2 3295//2 3640//2 3647//2
f 3308//1 3648//1 3649//1 3296//1
f 3296//4 3649//4 3642//4 3299//4
f 3648//6 3650//6 3642//6 3649//6
f 3309//2 3301//2 3643//2 3651//2
f 3652//6 3651//6 3643//6 3644//6
f 3310//1 3653//1 3645//1 3303//1
f 3653//6 3654//6 3646//6 3645//6
f 3311//2 3306//2 3655//2 3656//2
f 3307//4 3647//4 3655//4 3306//4
f 3657//6 3656//6 3655//6 3647//6
f 3312//1 3658//1 3648//1 3308//1
f 3658//6 3659//6 3650//6 3648//6
f 3313//2 3309//2 3651//2 3660//2
f 3314//1 3661//1 3653//1 3310//1
f 3315//2 3311//2 3656//2 3662//2
f 3663//6 3662//6 3656//6 3657//6
f 3316//1 3664//1 3658//1 3312//1
f 3317//2 3313//2 3660//2 3665//2
f 3666//6 3665//6 3660//6 3667//6
f 3318//1 3668//1 3661//1 3314//1
f 3668//6 3669//6 3670//6 3661//6
f 3319//2 3315//2 3662//2 3671//2
f 3320//1 3672//1 3664//1 3316//1
f 3322//2 3317//2 3665//2 3673//2
f 3674//6 3673//6 3665//6 3666//6
f 3325//1 3675//1 3668//1 3318//1
f 3675//6 3676//6 3669//6 3668//6
f 3327//2 3319//2 3671//2 3677//2
f 3678//1 3679//1 3680//1 3681//1
f 3678//3 3328//3 3682//3 3679//3
f 3681//4 3680//4 3672//4 3320//4
f 3678//5 3681//5 3320//5 3328//5
f 3679//6 3682//6 3672//6 3680//6
f 3683//2 3322//2 3673//2 3684//2
f 3329//3 3683//3 3684//3 3685//3
f 3329//5 3323//5 3322//5 3683//5
f 3685//6 3684//6 3673//6 3674//6
f 3686//1 3687//1 3675//1 3325//1
f 3686//3 3330//3 3688//3 3687//3
f 3686//5 3325//5 3326//5 3330//5
f 3687//6 3688//6 3676//6 3675//6
f 3689//2 3690//2 3691//2 3692//2
f 3331//3 3689//3 3692//3 3693//3
f 3327//4 3677//4 3691//4 3690//4
f 3331//5 3327//5 3690//5 3689//5
f 3693//6 3692//6 3691//6 3677//6
f 3337//1 3698//1 3694//1 3332//1
f 3337//3 3338//3 3699//3 3698//3
f 3338//3 3339//3 3700//3 3699//3
f 3340//3 3341//3 3701//3 3702//3
f 3343//2 3333//2 3695//2 3703//2
f 3341//3 3343//3 3703//3 3701//3
f 3345//1 3704//1 3696//1 3334//1
f 3345//3 3346//3 3705//3 3704//3
f 3346//3 3347//3 3706//3 3705//3
f 3348//3 3349//3 3707//3 3708//3
f 3351//2 3335//2 3697//2 3709//2
f 3349//3 3351//3 3709//3 3707//3
f 3710//1 3711//1 3700//1 3339//1
f 3712//2 3340//2 3702//2 3713//2
f 3710//3 3712//3 3713//3 3711//3
f 3710//5 3339//5 3340//5 3712//5
f 3711//6 3713//6 3702//6 3700//6
f 3714//1 3715//1 3706//1 3347//1
f 3716//2 3348//2 3708//2 3717//2
f 3714//3 3716//3 3717//3 3715//3
f 3714//5 3347//5 3348//5 3716//5
f 3715//6 3717//6 3708//6 3706//6
f 3498//1 3884//1 3885//1 3499//1
f 3499//4 3885//4 3886//4 3501//4
f 3501//4 3886//4 3887//4 3502//4
f 3502//4 3887//4 3888//4 3503//4
f 3503//4 3888//4 3889//4 3504//4
f 3504//4 3889//4 3890//4 3496//4
f 3496//4 3890//4 3891//4 3497//4
f 3497//4 3891//4 3892//4 3505//4
f 3505//4 3892//4 3893//4 3506//4
f 3509//2 3508//2 3894//2 3895//2
f 3506//4 3893//4 3894//4 3508//4
f 3510//1 3896//1 3897//1 3511//1
f 3511//4 3897//4 3898//4 3512//4
f 3512//4 3898//4 3884//4 3498//4
f 3509//4 3895//4 3899//4 3513//4
f 3515//2 3514//2 3900//2 3901//2
f 3513//4 3899//4 3900//4 3514//4
f 3516//1 3902//1 3903//1 3517//1
f 3517//4 3903//4 3904//4 3519//4
f 3519//4 3904//4 3896//4 3510//4
f 3515//4 3901//4 3905//4 3520//4
f 3523//2 3522//2 3906//2 3907//2
f 3520//4 3905//4 3906//4 3522//4
f 3524//1 3908//1 3909//1 3525//1
f 3525//4 3909//4 3902//4 3516//4
f 3529//2 3528//2 3910//2 3911//2
f 3523//4 3907//4 3910//4 3528//4
f 3530//1 3912//1 3908//1 3524//1
f 3531//2 3529//2 3911//2 3913//2
f 3532//1 3914//1 3915//1 3533//1
f 3533//4 3915//4 3912//4 3530//4
f 3537//2 3536//2 3916//2 3917//2
f 3531//4 3913//4 3916//4 3536//4
f 3538//1 3918//1 3914//1 3532//1
f 3539//2 3537//2 3917//2 3919//2
f 3540//1 3920//1 3918//1 3538//1
f 3541//2 3539//2 3919//2 3921//2
f 3542//1 3922//1 3920//1 3540//1
f 3543//2 3541//2 3921//2 3923//2
f 3544//1 3924//1 3922//1 3542//1
f 3544//3 3545//3 3925//3 3924//3
f 3546//2 3543//2 3923//2 3926//2
f 3547//3 3546//3 3926//3 3927//3
f 3548//1 3928//1 3925//1 3545//1
f 3549//2 3547//2 3927//2 3929//2
f 3550//1 3930//1 3928//1 3548//1
f 3550//3 3551//3 3931//3 3930//3
f 3552//2 3549//2 3929//2 3932//2
f 3553//3 3552//3 3932//3 3933//3
f 3554//1 3934//1 3931//1 3551//1
f 3554//3 3555//3 3935//3 3934//3
f 3555//3 3556//3 3936//3 3935//3
f 3558//3 3557//3 3937//3 3938//3
f 3559//2 3553//2 3933//2 3939//2
f 3557//3 3559//3 3939//3 3937//3
f 3566//1 3940//1 3936//1 3556//1
f 3566//3 3567//3 3941//3 3940//3
f 3567//3 3568//3 3942//3 3941//3
f 3570//3 3569//3 3943//3 3944//3
f 3571//2 3558//2 3938//2 3945//2
f 3569//3 3571//3 3945//3 3943//3
f 3584//1 3946//1 3942//1 3568//1
f 3584//3 3585//3 3947//3 3946//3
f 3585//3 3586//3 3948//3 3947//3
f 3586//3 3587//3 3949//3 3948//3
f 3587//3 3588//3 3950//3 3949//3
f 3588//3 3589//3 3951//3 3950//3
f 3589//3 3590//3 3952//3 3951//3
f 3590//3 3591//3 3953//3 3952//3
f 3591//3 3592//3 3954//3 3953//3
f 3594//2 3570//2 3944//2 3955//2
f 3592//3 3594//3 3955//3 3954//3
f 3625//1 3956//1 3957//1 3613//1
f 3613//4 3957//4 3958//4 3614//4
f 3956//6 3959//6 3958//6 3957//6
f 3627//2 3615//2 3960//2 3961//2
f 3614//4 3958//4 3960//4 3615//4
f 3959//6 3961//6 3960//6 3958//6
f 3629//1 3962//1 3963//1 3618//1
f 3618//4 3963//4 3964//4 3619//4
f 3962//6 3965//6 3964//6 3963//6
f 3630//2 3620//2 3966//2 3967//2
f 3619//4 3964//4 3966//4 3620//4
f 3965//6 3967//6 3966//6 3964//6
f 3635//1 3968//1 3969//1 3624//1
f 3624//4 3969//4 3956//4 3625//4
f 3968//6 3970//6 3956//6 3969//6
f 3970//6 3971//6 3959//6 3956//6
f 3637//2 3627//2 3961//2 3972//2
f 3971//6 3972//6 3961//6 3959//6
f 3639//1 3973//1 3962//1 3629//1
f 3973//6 3974//6 3965//6 3962//6
f 3974//6 3975//6 3967//6 3965//6
f 3641//2 3631//2 3976//2 3977//2
f 3630//4 3967//4 3976//4 3631//4
f 3975//6 3977//6 3976//6 3967//6
f 3642//1 3978//1 3979//1 3634//1
f 3634//4 3979//4 3968//4 3635//4
f 3978//6 3980//6 3968//6 3979//6
f 3980//6 3981//6 3970//6 3968//6
f 3981//6 3982//6 3971//6 3970//6
f 3644//2 3637//2 3972//2 3983//2
f 3982//6 3983//6 3972//6 3971//6
f 3646//1 3984//1 3973//1 3639//1
f 3984//6 3985//6 3974//6 3973//6
f 3985//6 3986//6 3975//6 3974//6
f 3986//6 3987//6 3977//6 3975//6
f 3647//2 3640//2 3988//2 3989//2
f 3641//4 3977//4 3988//4 3640//4
f 3987//6 3989//6 3988//6 3977//6
f 3650//1 3990//1 3978//1 3642//1
f 3990//6 3991//6 3980//6 3978//6
f 3991//6 3992//6 3981//6 3980//6
f 3652//2 3644//2 3983//2 3993//2
f 3994//6 3993//6 3983//6 3982//6
f 3654//1 3995//1 3984//1 3646//1
f 3995//6 3996//6 3985//6 3984//6
f 3997//6 3998//6 3987//6 3986//6
f 3657//2 3647//2 3989//2 3999//2
f 3998//6 3999//6 3989//6 3987//6
f 3659//1 4000//1 3990//1 3650//1
f 4000//6 4001//6 3991//6 3990//6
f 4002//6 4003//6 3993//6 3994//6
f 3660//2 3651//2 4004//2 4005//2
f 3667//3 3660//3 4005//3 4003//3
f 3652//4 3993//4 4004//4 3651//4
f 4003//6 4005//6 4004//6 3993//6
f 3661//1 4006//1 4007//1 3653//1
f 3661//3 3670//3 4008//3 4006//3
f 3653//4 4007//4 3995//4 3654//4
f 4006//6 4008//6 3995//6 4007//6
f 4008//6 4009//6 3996//6 3995//6
f 3663//2 3657//2 3999//2 4010//2
f 4011//6 4010//6 3999//6 3998//6
f 3664//1 4012//1 4013//1 3658//1
f 3658//4 4013//4 4000//4 3659//4
f 4012//6 4014//6 4000//6 4013//6
f 3666//2 3667//2 4003//2 4015//2
f 3669//1 4016//1 4008//1 3670//1
f 3671//2 3662//2 4017//2 4018//2
f 3663//4 4010//4 4017//4 3662//4
f 4019//6 4018//6 4017//6 4010//6
f 3672//1 4020//1 4012//1 3664//1
f 3674//2 3666//2 4015//2 4021//2
f 3676//1 4022//1 4016//1 3669//1
f 3677//2 3671//2 4018//2 4023//2
f 3682//1 4024//1 4020//1 3672//1
f 3685//2 3674//2 4021//2 4025//2
f 3688//1 4026//1 4022//1 3676//1
f 3693//2 3677//2 4023//2 4027//2
f 3698//1 4032//1 4028//1 3694//1
f 3698//3 3699//3 4033//3 4032//3
f 4032//6 4033//6 4034//6 4028//6
f 3699//3 3700//3 4035//3 4033//3
f 3700//3 3702//3 4036//3 4035//3
f 3702//3 3701//3 4037//3 4036//3
f 3703//2 3695//2 4029//2 4038//2
f 3701//3 3703//3 4038//3 4037//3
f 4037//6 4038//6 4029//6 4039//6
f 3704//1 4040//1 4030//1 3696//1
f 3704//3 3705//3 4041//3 4040//3
f 4040//6 4041//6 4042//6 4030//6
f 3705//3 3706//3 4043//3 4041//3
f 3706//3 3708//3 4044//3 4043//3
f 3708//3 3707//3 4045//3 4044//3
f 3709//2 3697//2 4031//2 4046//2
f 3707//3 3709//3 4046//3 4045//3
f 4045//6 4046//6 4031//6 4047//6
f 3898//1 4240//1 4241//1 4242//1
f 4242//4 4241//4 4243//4 3885//4
f 3898//5 4242//5 3885//5 3884//5
f 3885//4 4243//4 4244//4 3886//4
f 3886//4 4244//4 4245//4 3887//4
f 3889//4 4239//4 4246//4 3890//4
f 3890//4 4246//4 4247//4 3891//4
f 3891//4 4247//4 4248//4 3892//4
f 3892//4 4248//4 4249//4 3893//4
f 3893//4 4249//4 4250//4 3894//4
f 3899//2 4251//2 4252//2 4253//2
f 3894//4 4250//4 4252//4 4251//4
f 3895//5 3894//5 4251//5 3899//5
f 3904//1 4254//1 4255//1 4256//1
f 4256//4 4255//4 4257//4 3897//4
f 3904//5 4256//5 3897//5 3896//5
f 3897//4 4257//4 4240//4 3898//4
f 3899//4 4253//4 4258//4 3900//4
f 3905//2 4259//2 4260//2 4261//2
f 3900//4 4258//4 4260//4 4259//4
f 3901//5 3900//5 4259//5 3905//5
f 3902//1 4262//1 4263//1 3903//1
f 3903//4 4263//4 4254//4 3904//4
f 3907//2 3906//2 4264//2 4265//2
f 3905//4 4261//4 4264//4 3906//4
f 3908//1 4266//1 4267//1 3909//1
f 3909//4 4267//4 4262//4 3902//4
f 3911//2 3910//2 4268//2 4269//2
f 3907//4 4265//4 4268//4 3910//4
f 3915//1 4270//1 4271//1 4272//1
f 4272//4 4271//4 4266//4 3908//4
f 3915//5 4272//5 3908//5 3912//5
f 3916//2 4273//2 4274//2 4275//2
f 3911//4 4269//4 4274//4 4273//4
f 3913//5 3911//5 4273//5 3916//5
f 3914//1 4276//1 4270//1 3915//1
f 3917//2 3916//2 4275//2 4277//2
f 3918//1 4278//1 4276//1 3914//1
f 3919//2 3917//2 4277//2 4279//2
f 3920//1 4280//1 4278//1 3918//1
f 3921//2 3919//2 4279//2 4281//2
f 3922//1 4282//1 4280//1 3920//1
f 3923//2 3921//2 4281//2 4283//2
f 3924//1 4284//1 4282//1 3922//1
f 3926//2 3923//2 4283//2 4285//2
f 4286//1 4287//1 4284//1 3924//1
f 4286//3 3928//3 4288//3 4287//3
f 4286//5 3924//5 3925//5 3928//5
f 4289//2 3926//2 4285//2 4290//2
f 3929//3 4289//3 4290//3 4291//3
f 3929//5 3927//5 3926//5 4289//5
f 3930//1 4292//1 4288//1 3928//1
f 3930//3 3931//3 4293//3 4292//3
f 3932//2 3929//2 4291//2 4294//2
f 3933//3 3932//3 4294//3 4295//3
f 3934//1 4296//1 4293//1 3931//1
f 3934//3 3935//3 4297//3 4296//3
f 3939//2 3933//2 4295//2 4298//2
f 3937//3 3939//3 4298//3 4299//3
f 4300//1 4301//1 4297//1 3935//1
f 4300//3 3940//3 4302//3 4301//3
f 4300//5 3935//5 3936//5 3940//5
f 3940//3 3941//3 4303//3 4302//3
f 3943//3 3945//3 4304//3 4305//3
f 4306//2 3937//2 4299//2 4307//2
f 3945//3 4306//3 4307//3 4304//3
f 3945//5 3938//5 3937//5 4306//5
f 4308//1 4309//1 4303//1 3941//1
f 4308//3 3946//3 4310//3 4309//3
f 4308//5 3941//5 3942//5 3946//5
f 3946//3 3947//3 4311//3 4310//3
f 3947//3 3948//3 4312//3 4311//3
f 3948//3 3949//3 4313//3 4312//3
f 3949//3 3950//3 4314//3 4313//3
f 3950//3 3951//3 4315//3 4314//3
f 3951//3 3952//3 4316//3 4315//3
f 3952//3 3953//3 4317//3 4316//3
f 3953//3 3954//3 4318//3 4317//3
f 3954//3 3955//3 4319//3 4318//3
f 4320//2 3943//2 4305//2 4321//2
f 3955//3 4320//3 4321//3 4319//3
f 3955//5 3944//5 3943//5 4320//5
f 3992//1 4322//1 4323//1 3981//1
f 3994//2 3982//2 4324//2 4325//2
f 3981//4 4323//4 4324//4 3982//4
f 4322//6 4325//6 4324//6 4323//6
f 3996//1 4326//1 4327//1 3985//1
f 3997//2 3986//2 4328//2 4329//2
f 3985//4 4327//4 4328//4 3986//4
f 4326//6 4329//6 4328//6 4327//6
f 4001//1 4330//1 4331//1 3991//1
f 3991//4 4331//4 4322//4 3992//4
f 4330//6 4332//6 4322//6 4331//6
f 4002//2 3994//2 4325//2 4333//2
f 4332//6 4333//6 4325//6 4322//6
f 4009//1 4334//1 4326//1 3996//1
f 4334//6 4335//6 4329//6 4326//6
f 4011//2 3998//2 4336//2 4337//2
f 3997//4 4329//4 4336//4 3998//4
f 4335//6 4337//6 4336//6 4329//6
f 4014//1 4338//1 4339//1 4000//1
f 4000//4 4339//4 4330//4 4001//4
f 4338//6 4340//6 4330//6 4339//6
f 4340//6 4341//6 4332//6 4330//6
f 4341//6 4342//6 4333//6 4332//6
f 4015//2 4003//2 4343//2 4344//2
f 4002//4 4333//4 4343//4 4003//4
f 4342//6 4344//6 4343//6 4333//6
f 4016//1 4345//1 4346//1 4008//1
f 4008//4 4346//4 4334//4 4009//4
f 4345//6 4347//6 4334//6 4346//6
f 4347//6 4348//6 4335//6 4334//6
f 4348//6 4349//6 4337//6 4335//6
f 4019//2 4010//2 4350//2 4351//2
f 4011//4 4337//4 4350//4 4010//4
f 4349//6 4351//6 4350//6 4337//6
f 4020//1 4352//1 4353//1 4012//1
f 4012//4 4353//4 4338//4 4014//4
f 4352//6 4354//6 4338//6 4353//6
f 4354//6 4355//6 4340//6 4338//6
f 4355//6 4356//6 4341//6 4340//6
f 4356//6 4357//6 4342//6 4341//6
f 4021//2 4015//2 4344//2 4358//2
f 4357//6 4358//6 4344//6 4342//6
f 4022//1 4359//1 4345//1 4016//1
f 4359//6 4360//6 4347//6 4345//6
f 4360//6 4361//6 4348//6 4347//6
f 4361//6 4362//6 4349//6 4348//6
f 4362//6 4363//6 4351//6 4349//6
f 4023//2 4018//2 4364//2 4365//2
f 4019//4 4351//4 4364//4 4018//4
f 4363//6 4365//6 4364//6 4351//6
f 4024//1 4366//1 4352//1 4020//1
f 4366//6 4367//6 4354//6 4352//6
f 4367//6 4368//6 4355//6 4354//6
f 4369//6 4370//6 4357//6 4356//6
f 4025//2 4021//2 4358//2 4371//2
f 4370//6 4371//6 4358//6 4357//6
f 4026//1 4372//1 4359//1 4022//1
f 4372//6 4373//6 4360//6 4359//6
f 4373//6 4374//6 4361//6 4360//6
f 4375//6 4376//6 4363//6 4362//6
f 4027//2 4023//2 4365//2 4377//2
f 4376//6 4377//6 4365//6 4363//6
f 4379//6 4380//6 4368//6 4367//6
f 4381//6 4382//6 4370//6 4369//6
f 4385//6 4386//6 4374//6 4373//6
f 4387//6 4388//6 4376//6 4375//6
f 4033//1 4390//1 4379//1 4034//1
f 4033//3 4035//3 4391//3 4390//3
f 4390//6 4391//6 4380//6 4379//6
f 4035//3 4036//3 4392//3 4391//3
f 4391//6 4392//6 4381//6 4380//6
f 4037//2 4039//2 4382//2 4393//2
f 4036//3 4037//3 4393//3 4392//3
f 4392//6 4393//6 4382//6 4381//6
f 4041//1 4394//1 4385//1 4042//1
f 4041//3 4043//3 4395//3 4394//3
f 4394//6 4395//6 4386//6 4385//6
f 4043//3 4044//3 4396//3 4395//3
f 4395//6 4396//6 4387//6 4386//6
f 4045//2 4047//2 4388//2 4397//2
f 4044//3 4045//3 4397//3 4396//3
f 4396//6 4397//6 4388//6 4387//6
f 4240//1 4640//1 4641//1 4241//1
f 4241//4 4641//4 4642//4 4243//4
f 4243//4 4642//4 4643//4 4244//4
f 4244//4 4643//4 4644//4 4245//4
f 4245//4 4644//4 4622//4 4238//4
f 4247//4 4624//4 4645//4 4248//4
f 4248//4 4645//4 4646//4 4249//4
f 4249//4 4646//4 4647//4 4250//4
f 4253//2 4252//2 4648//2 4649//2
f 4250//4 4647//4 4648//4 4252//4
f 4254//1 4655//1 4639//1 4255//1
f 4255//4 4639//4 4656//4 4257//4
f 4257//4 4656//4 4640//4 4240//4
f 4253//4 4649//4 4657//4 4258//4
f 4261//2 4260//2 4650//2 4658//2
f 4258//4 4657//4 4650//4 4260//4
f 4262//1 4659//1 4660//1 4263//1
f 4263//4 4660//4 4655//4 4254//4
f 4265//2 4264//2 4661//2 4662//2
f 4261//4 4658//4 4661//4 4264//4
f 4266//1 4663//1 4664//1 4267//1
f 4267//4 4664//4 4659//4 4262//4
f 4269//2 4268//2 4665//2 4666//2
f 4265//4 4662//4 4665//4 4268//4
f 4270//1 4667//1 4668//1 4271//1
f 4271//4 4668//4 4663//4 4266//4
f 4275//2 4274//2 4669//2 4670//2
f 4269//4 4666//4 4669//4 4274//4
f 4276//1 4671//1 4667//1 4270//1
f 4277//2 4275//2 4670//2 4672//2
f 4278//1 4673//1 4671//1 4276//1
f 4279//2 4277//2 4672//2 4674//2
f 4280//1 4675//1 4673//1 4278//1
f 4281//2 4279//2 4674//2 4676//2
f 4282//1 4677//1 4675//1 4280//1
f 4283//2 4281//2 4676//2 4678//2
f 4284//1 4679//1 4677//1 4282//1
f 4285//2 4283//2 4678//2 4680//2
f 4287//1 4681//1 4679//1 4284//1
f 4287//3 4288//3 4682//3 4681//3
f 4290//2 4285//2 4680//2 4683//2
f 4291//3 4290//3 4683//3 4684//3
f 4292//1 4685//1 4682//1 4288//1
f 4292//3 4293//3 4686//3 4685//3
f 4294//2 4291//2 4684//2 4687//2
f 4295//3 4294//3 4687//3 4688//3
f 4296//1 4689//1 4686//1 4293//1
f 4296//3 4297//3 4690//3 4689//3
f 4298//2 4295//2 4688//2 4691//2
f 4299//3 4298//3 4691//3 4692//3
f 4301//1 4693//1 4690//1 4297//1
f 4301//3 4302//3 4694//3 4693//3
f 4302//3 4303//3 4695//3 4694//3
f 4305//3 4304//3 4696//3 4697//3
f 4307//2 4299//2 4692//2 4698//2
f 4304//3 4307//3 4698//3 4696//3
f 4309//1 4699//1 4695//1 4303//1
f 4309//3 4310//3 4700//3 4699//3
f 4310//3 4311//3 4701//3 4700//3
f 4311//3 4312//3 4702//3 4701//3
f 4312//3 4313//3 4703//3 4702//3
f 4313//3 4314//3 4704//3 4703//3
f 4314//3 4315//3 4705//3 4704//3
f 4315//3 4316//3 4706//3 4705//3
f 4316//3 4317//3 4707//3 4706//3
f 4317//3 4318//3 4708//3 4707//3
f 4318//3 4319//3 4709//3 4708//3
f 4321//2 4305//2 4697//2 4710//2
f 4319//3 4321//3 4710//3 4709//3
f 4368//1 4711//1 4712//1 4355//1
f 4369//2 4356//2 4713//2 4714//2
f 4355//4 4712//4 4713//4 4356//4
f 4711//6 4714//6 4713//6 4712//6
f 4374//1 4715//1 4716//1 4361//1
f 4375//2 4362//2 4717//2 4718//2
f 4361//4 4716//4 4717//4 4362//4
f 4715//6 4718//6 4717//6 4716//6
f 4623//1 4909//1 4910//1 4599//1
f 4599//4 4910//4 4895//4 4601//4
f 4909//6 4911//6 4895//6 4910//6
f 4640//1 4924//1 4925//1 4641//1
f 4641//4 4925//4 4926//4 4642//4
f 4642//4 4926//4 4927//4 4643//4
f 4643//4 4927//4 4928//4 4644//4
f 4644//4 4928//4 4929//4 4622//4
f 4622//4 4929//4 4909//4 4623//4
f 4645//4 4930//4 4931//4 4646//4
f 4646//4 4931//4 4932//4 4647//4
f 4649//2 4648//2 4933//2 4934//2
f 4647//4 4932//4 4933//4 4648//4
f 4656//4 4922//4 4924//4 4640//4
f 4649//4 4934//4 4935//4 4657//4
f 4659//1 4944//1 4942//1 4660//1
f 4662//2 4661//2 4943//2 4945//2
f 4663//1 4946//1 4947//1 4664//1
f 4664//4 4947//4 4944//4 4659//4
f 4666//2 4665//2 4948//2 4949//2
f 4662//4 4945//4 4948//4 4665//4
f 4667//1 4950//1 4951//1 4668//1
f 4668//4 4951//4 4946//4 4663//4
f 4670//2 4669//2 4952//2 4953//2
f 4666//4 4949//4 4952//4 4669//4
f 4671//1 4954//1 4950//1 4667//1
f 4672//2 4670//2 4953//2 4955//2
f 4673//1 4956//1 4954//1 4671//1
f 4674//2 4672//2 4955//2 4957//2
f 4958//1 4959//1 4960//1 4961//1
f 4958//3 4675//3 4962//3 4959//3
f 4961//4 4960//4 4956//4 4673//4
f 4958//5 4961//5 4673//5 4675//5
f 4959//6 4962//6 4956//6 4960//6
f 4963//2 4964//2 4965//2 4966//2
f 4676//3 4963//3 4966//3 4967//3
f 4674//4 4957//4 4965//4 4964//4
f 4676//5 4674//5 4964//5 4963//5
f 4967//6 4966//6 4965//6 4957//6
f 4677//1 4968//1 4962//1 4675//1
f 4678//2 4676//2 4967//2 4969//2
f 4679//1 4970//1 4968//1 4677//1
f 4680//2 4678//2 4969//2 4971//2
f 4681//1 4972//1 4970//1 4679//1
f 4681//3 4682//3 4973//3 4972//3
f 4683//2 4680//2 4971//2 4974//2
f 4684//3 4683//3 4974//3 4975//3
f 4685//1 4976//1 4973//1 4682//1
f 4685//3 4686//3 4977//3 4976//3
f 4687//2 4684//2 4975//2 4978//2
f 4688//3 4687//3 4978//3 4979//3
f 4689//1 4980//1 4977//1 4686//1
f 4689//3 4690//3 4981//3 4980//3
f 4691//2 4688//2 4979//2 4982//2
f 4692//3 4691//3 4982//3 4983//3
f 4693//1 4984//1 4981//1 4690//1
f 4693//3 4694//3 4985//3 4984//3
f 4694//3 4695//3 4986//3 4985//3
f 4697//3 4696//3 4987//3 4988//3
f 4698//2 4692//2 4983//2 4989//2
f 4696//3 4698//3 4989//3 4987//3
f 4699//1 4990//1 4986//1 4695//1
f 4699//3 4700//3 4991//3 4990//3
f 4700//3 4701//3 4992//3 4991//3
f 4701//3 4702//3 4993//3 4992//3
f 4702//3 4703//3 4994//3 4993//3
f 4703//3 4704//3 4995//3 4994//3
f 4705//3 4706//3 4996//3 4997//3
f 4706//3 4707//3 4998//3 4996//3
f 4707//3 4708//3 4999//3 4998//3
f 4708//3 4709//3 5000//3 4999//3
f 4710//2 4697//2 4988//2 5001//2
f 4709//3 4710//3 5001//3 5000//3
f 5002//1 5003//1 4995//1 4704//1
f 5004//2 4705//2 4997//2 5005//2
f 5002//3 5004//3 5005//3 5003//3
f 5002//5 4704//5 4705//5 5004//5
f 5003//6 5005//6 4997//6 4995//6
f 4924//1 5200//1 5201//1 4925//1
f 4925//4 5201//4 5202//4 4926//4
f 4926//4 5202//4 5203//4 4927//4
f 4927//4 5203//4 5204//4 4928//4
f 4928//4 5204//4 5205//4 4929//4
f 4929//4 5205//4 5206//4 4909//4
f 4909//4 5206//4 5207//4 4911//4
f 4911//4 5207//4 5208//4 4912//4
f 4912//4 5208//4 5209//4 4930//4
f 4930//4 5209//4 5210//4 4931//4
f 4931//4 5210//4 5211//4 4932//4
f 4934//2 4933//2 5212//2 5213//2
f 4932//4 5211//4 5212//4 4933//4
f 4923//4 5198//4 5224//4 4922//4
f 4922//4 5224//4 5200//4 4924//4
f 4934//4 5213//4 5225//4 4935//4
f 4935//4 5225//4 5214//4 4939//4
f 4944//1 5230//1 5222//1 4942//1
f 4945//2 4943//2 5227//2 5231//2
f 4946//1 5232//1 5233//1 4947//1
f 4947//4 5233//4 5230//4 4944//4
f 4949//2 4948//2 5234//2 5235//2
f 4945//4 5231//4 5234//4 4948//4
f 4950//1 5236//1 5237//1 4951//1
f 4951//4 5237//4 5232//4 4946//4
f 4953//2 4952//2 5238//2 5239//2
f 4949//4 5235//4 5238//4 4952//4
f 4954//1 5240//1 5236//1 4950//1
f 4955//2 4953//2 5239//2 5241//2
f 4956//1 5242//1 5240//1 4954//1
f 4957//2 4955//2 5241//2 5243//2
f 4962//1 5244//1 5242//1 4956//1
f 4967//2 4957//2 5243//2 5245//2
f 4968//1 5246//1 5244//1 4962//1
f 4969//2 4967//2 5245//2 5247//2
f 4970//1 5248//1 5246//1 4968//1
f 4971//2 4969//2 5247//2 5249//2
f 4972//1 5250//1 5248//1 4970//1
f 4972//3 4973//3 5251//3 5250//3
f 4974//2 4971//2 5249//2 5252//2
f 4975//3 4974//3 5252//3 5253//3
f 4976//1 5254//1 5251//1 4973//1
f 4976//3 4977//3 5255//3 5254//3
f 4978//2 4975//2 5253//2 5256//2
f 4979//3 4978//3 5256//3 5257//3
f 4980//1 5258//1 5255//1 4977//1
f 4980//3 4981//3 5259//3 5258//3
f 4982//2 4979//2 5257//2 5260//2
f 4983//3 4982//3 5260//3 5261//3
f 4984//1 5262//1 5259//1 4981//1
f 4984//3 4985//3 5263//3 5262//3
f 4985//3 4986//3 5264//3 5263//3
f 4988//3 4987//3 5265//3 5266//3
f 4989//2 4983//2 5261//2 5267//2
f 4987//3 4989//3 5267//3 5265//3
f 4990//1 5268//1 5264//1 4986//1
f 4990//3 4991//3 5269//3 5268//3
f 4991//3 4992//3 5270//3 5269//3
f 4992//3 4993//3 5271//3 5270//3
f 4993//3 4994//3 5272//3 5271//3
f 4994//3 4995//3 5273//3 5272//3
f 4995//3 4997//3 5274//3 5273//3
f 4997//3 4996//3 5275//3 5274//3
f 4996//3 4998//3 5276//3 5275//3
f 4998//3 4999//3 5277//3 5276//3
f 4999//3 5000//3 5278//3 5277//3
f 5001//2 4988//2 5266//2 5279//2
f 5000//3 5001//3 5279//3 5278//3
f 5200//1 5453//1 5454//1 5201//1
f 5201//4 5454//4 5455//4 5202//4
f 5453//6 5456//6 5455//6 5454//6
f 5202//4 5455//4 5457//4 5203//4
f 5203//4 5457//4 5458//4 5204//4
f 5206//4 5442//4 5459//4 5207//4
f 5207//4 5459//4 5460//4 5208//4
f 5208//4 5460//4 5461//4 5209//4
f 5209//4 5461//4 5462//4 5210//4
f 5210//4 5462//4 5463//4 5211//4
f 5213//2 5212//2 5464//2 5465//2
f 5211//4 5463//4 5464//4 5212//4
f 5466//6 5465//6 5464//6 5463//6
f 5223//1 5478//1 5479//1 5198//1
f 5198//4 5479//4 5480//4 5224//4
f 5478//6 5481//6 5480//6 5479//6
f 5224//4 5480//4 5453//4 5200//4
f 5213//4 5465//4 5482//4 5225//4
f 5226//2 5214//2 5483//2 5484//2
f 5225//4 5482//4 5483//4 5214//4
f 5485//6 5484//6 5483//6 5482//6
f 5230//1 5490//1 5477//1 5222//1
f 5222//4 5477//4 5478//4 5223//4
f 5231//2 5227//2 5486//2 5491//2
f 5226//4 5484//4 5486//4 5227//4
f 5232//1 5492//1 5493//1 5233//1
f 5233//4 5493//4 5490//4 5230//4
f 5235//2 5234//2 5494//2 5495//2
f 5231//4 5491//4 5494//4 5234//4
f 5236//1 5496//1 5497//1 5237//1
f 5237//4 5497//4 5492//4 5232//4
f 5496//6 5498//6 5492//6 5497//6
f 5239//2 5238//2 5499//2 5500//2
f 5235//4 5495//4 5499//4 5238//4
f 5501//6 5500//6 5499//6 5495//6
f 5240//1 5502//1 5496//1 5236//1
f 5241//2 5239//2 5500//2 5503//2
f 5242//1 5504//1 5502//1 5240//1
f 5243//2 5241//2 5503//2 5505//2
f 5244//1 5506//1 5504//1 5242//1
f 5245//2 5243//2 5505//2 5507//2
f 5246//1 5508//1 5506//1 5244//1
f 5247//2 5245//2 5507//2 5509//2
f 5248//1 5510//1 5508//1 5246//1
f 5249//2 5247//2 5509//2 5511//2
f 5250//1 5512//1 5510//1 5248//1
f 5250//3 5251//3 5513//3 5512//3
f 5512//6 5513//6 5514//6 5510//6
f 5252//2 5249//2 5511//2 5515//2
f 5253//3 5252//3 5515//3 5516//3
f 5516//6 5515//6 5511//6 5517//6
f 5254//1 5518//1 5513//1 5251//1
f 5254//3 5255//3 5519//3 5518//3
f 5256//2 5253//2 5516//2 5520//2
f 5257//3 5256//3 5520//3 5521//3
f 5258//1 5522//1 5519//1 5255//1
f 5258//3 5259//3 5523//3 5522//3
f 5260//2 5257//2 5521//2 5524//2
f 5261//3 5260//3 5524//3 5525//3
f 5262//1 5526//1 5523//1 5259//1
f 5262//3 5263//3 5527//3 5526//3
f 5526//6 5527//6 5528//6 5523//6
f 5263//3 5264//3 5529//3 5527//3
f 5266//3 5265//3 5530//3 5531//3
f 5267//2 5261//2 5525//2 5532//2
f 5265//3 5267//3 5532//3 5530//3
f 5530//6 5532//6 5525//6 5533//6
f 5268//1 5534//1 5529//1 5264//1
f 5268//3 5269//3 5535//3 5534//3
f 5534//6 5535//6 5536//6 5529//6
f 5269//3 5270//3 5537//3 5535//3
f 5270//3 5271//3 5538//3 5537//3
f 5271//3 5272//3 5539//3 5538//3
f 5272//3 5273//3 5540//3 5539//3
f 5273//3 5274//3 5541//3 5540//3
f 5274//3 5275//3 5542//3 5541//3
f 5275//3 5276//3 5543//3 5542//3
f 5276//3 5277//3 5544//3 5543//3
f 5277//3 5278//3 5545//3 5544//3
f 5279//2 5266//2 5531//2 5546//2
f 5278//3 5279//3 5546//3 5545//3
f 5545//6 5546//6 5531//6 5547//6
f 5456//1 5750//1 5751//1 5455//1
f 5455//4 5751//4 5752//4 5457//4
f 5457//4 5752//4 5753//4 5458//4
f 5458//4 5753//4 5733//4 5441//4
f 5460//4 5736//4 5754//4 5461//4
f 5461//4 5754//4 5755//4 5462//4
f 5466//2 5463//2 5756//2 5757//2
f 5462//4 5755//4 5756//4 5463//4
f 5481//1 5768//1 5769//1 5480//1
f 5480//4 5769//4 5770//4 5453//4
f 5453//4 5770//4 5750//4 5456//4
f 5466//4 5757//4 5771//4 5465//4
f 5485//2 5482//2 5772//2 5773//2
f 5465//4 5771//4 5772//4 5482//4
f 5490//1 5778//1 5779//1 5477//1
f 5477//4 5779//4 5780//4 5478//4
f 5478//4 5780//4 5768//4 5481//4
f 5485//4 5773//4 5781//4 5484//4
f 5491//2 5486//2 5782//2 5783//2
f 5484//4 5781//4 5782//4 5486//4
f 5492//1 5784//1 5785//1 5493//1
f 5493//4 5785//4 5778//4 5490//4
f 5495//2 5494//2 5786//2 5787//2
f 5491//4 5783//4 5786//4 5494//4
f 5498//1 5788//1 5784//1 5492//1
f 5501//2 5495//2 5787//2 5789//2
f 5502//1 5790//1 5791//1 5496//1
f 5496//4 5791//4 5788//4 5498//4
f 5503//2 5500//2 5792//2 5793//2
f 5501//4 5789//4 5792//4 5500//4
f 5504//1 5794//1 5790//1 5502//1
f 5505//2 5503//2 5793//2 5795//2
f 5506//1 5796//1 5794//1 5504//1
f 5507//2 5505//2 5795//2 5797//2
f 5508//1 5798//1 5796//1 5506//1
f 5509//2 5507//2 5797//2 5799//2
f 5510//1 5800//1 5798//1 5508//1
f 5510//3 5514//3 5801//3 5800//3
f 5511//2 5509//2 5799//2 5802//2
f 5517//3 5511//3 5802//3 5803//3
f 5513//1 5804//1 5801//1 5514//1
f 5516//2 5517//2 5803//2 5805//2
f 5518//1 5806//1 5804//1 5513//1
f 5518//3 5519//3 5807//3 5806//3
f 5520//2 5516//2 5805//2 5808//2
f 5521//3 5520//3 5808//3 5809//3
f 5522//1 5810//1 5807//1 5519//1
f 5522//3 5523//3 5811//3 5810//3
f 5523//3 5528//3 5812//3 5811//3
f 5533//3 5525//3 5813//3 5814//3
f 5524//2 5521//2 5809//2 5815//2
f 5525//3 5524//3 5815//3 5813//3
f 5527//1 5816//1 5812//1 5528//1
f 5527//3 5529//3 5817//3 5816//3
f 5529//3 5536//3 5818//3 5817//3
f 5547//3 5531//3 5819//3 5820//3
f 5530//2 5533//2 5814//2 5821//2
f 5531//3 5530//3 5821//3 5819//3
f 5535//1 5822//1 5818//1 5536//1
f 5535//3 5537//3 5823//3 5822//3
f 5537//3 5538//3 5824//3 5823//3
f 5538//3 5539//3 5825//3 5824//3
f 5539//3 5540//3 5826//3 5825//3
f 5540//3 5541//3 5827//3 5826//3
f 5541//3 5542//3 5828//3 5827//3
f 5542//3 5543//3 5829//3 5828//3
f 5543//3 5544//3 5830//3 5829//3
f 5545//2 5547//2 5820//2 5831//2
f 5544//3 5545//3 5831//3 5830//3
f 5750//1 5980//1 5981//1 5751//1
f 5751//4 5981//4 5982//4 5752//4
f 5980//6 5983//6 5982//6 5981//6
f 5752//4 5982//4 5984//4 5753//4
f 5753//4 5984//4 5985//4 5733//4
f 5733//4 5985//4 5986//4 5734//4
f 5734//4 5986//4 5965//4 5735//4
f 5754//4 5987//4 5988//4 5755//4
f 5757//2 5756//2 5989//2 5990//2
f 5755//4 5988//4 5989//4 5756//4
f 5991//6 5990//6 5989//6 5988//6
f 5768//1 6004//1 6005//1 5769//1
f 5769//4 6005//4 6006//4 5770//4
f 5770//4 6006//4 5980//4 5750//4
f 5757//4 5990//4 6007//4 5771//4
f 5773//2 5772//2 6008//2 6009//2
f 5771//4 6007//4 6008//4 5772//4
f 5778//1 6016//1 6017//1 5779//1
f 5779//4 6017//4 6018//4 5780//4
f 6016//6 6019//6 6018//6 6017//6
f 5780//4 6018//4 6004//4 5768//4
f 5773//4 6009//4 6020//4 5781//4
f 5783//2 5782//2 6021//2 6022//2
f 5781//4 6020//4 6021//4 5782//4
f 6023//6 6022//6 6021//6 6020//6
f 5784//1 6024//1 6025//1 5785//1
f 5785//4 6025//4 6016//4 5778//4
f 6024//6 6026//6 6016//6 6025//6
f 5787//2 5786//2 6027//2 6028//2
f 5783//4 6022//4 6027//4 5786//4
f 6029//6 6028//6 6027//6 6022//6
f 5788//1 6030//1 6024//1 5784//1
f 5789//2 5787//2 6028//2 6031//2
f 5790//1 6032//1 6033//1 5791//1
f 5791//4 6033//4 6030//4 5788//4
f 6032//6 6034//6 6030//6 6033//6
f 5793//2 5792//2 6035//2 6036//2
f 5789//4 6031//4 6035//4 5792//4
f 6037//6 6036//6 6035//6 6031//6
f 5794//1 6038//1 6032//1 5790//1
f 5795//2 5793//2 6036//2 6039//2
f 5796//1 6040//1 6038//1 5794//1
f 5797//2 5795//2 6039//2 6041//2
f 5798//1 6042//1 6040//1 5796//1
f 5799//2 5797//2 6041//2 6043//2
f 5800//1 6044//1 6042//1 5798//1
f 5800//3 5801//3 6045//3 6044//3
f 5802//2 5799//2 6043//2 6046//2
f 5803//3 5802//3 6046//3 6047//3
f 5804//1 6048//1 6045//1 5801//1
f 5805//2 5803//2 6047//2 6049//2
f 5806//1 6050//1 6048//1 5804//1
f 5806//3 5807//3 6051//3 6050//3
f 5808//2 5805//2 6049//2 6052//2
f 5809//3 5808//3 6052//3 6053//3
f 5810//1 6054//1 6051//1 5807//1
f 5810//3 5811//3 6055//3 6054//3
f 6054//6 6055//6 6056//6 6051//6
f 5811//3 5812//3 6057//3 6055//3
f 5814//3 5813//3 6058//3 6059//3
f 5815//2 5809//2 6053//2 6060//2
f 5813//3 5815//3 6060//3 6058//3
f 6058//6 6060//6 6053//6 6061//6
f 5816//1 6062//1 6057//1 5812//1
f 5816//3 5817//3 6063//3 6062//3
f 5817//3 5818//3 6064//3 6063//3
f 5820//3 5819//3 6065//3 6066//3
f 5821//2 5814//2 6059//2 6067//2
f 5819//3 5821//3 6067//3 6065//3
f 5822//1 6068//1 6064//1 5818//1
f 5822//3 5823//3 6069//3 6068//3
f 6068//6 6069//6 6070//6 6064//6
f 5823//3 5824//3 6071//3 6069//3
f 5824//3 5825//3 6072//3 6071//3
f 5825//3 5826//3 6073//3 6072//3
f 5826//3 5827//3 6074//3 6073//3
f 5827//3 5828//3 6075//3 6074//3
f 5828//3 5829//3 6076//3 6075//3
f 5829//3 5830//3 6077//3 6076//3
f 5831//2 5820//2 6066//2 6078//2
f 5830//3 5831//3 6078//3 6077//3
f 6077//6 6078//6 6066//6 6079//6
f 5983//1 6230//1 6231//1 5982//1
f 5982//4 6231//4 6232//4 5984//4
f 6230//6 6233//6 6232//6 6231//6
f 5984//4 6232//4 6234//4 5985//4
f 5985//4 6234//4 6235//4 5986//4
f 5986//4 6235//4 6236//4 5965//4
f 5965//4 6236//4 6237//4 5966//4
f 5966//4 6237//4 6238//4 5987//4
f 5991//2 5988//2 6239//2 6240//2
f 5987//4 6238//4 6239//4 5988//4
f 6241//6 6240//6 6239//6 6238//6
f 6004//1 6252//1 6253//1 6005//1
f 6005//4 6253//4 6254//4 6006//4
f 6252//6 6255//6 6254//6 6253//6
f 6006//4 6254//4 6256//4 5980//4
f 5980//4 6256//4 6230//4 5983//4
f 5991//4 6240//4 6257//4 5990//4
f 5990//4 6257//4 6258//4 6007//4
f 6009//2 6008//2 6259//2 6260//2
f 6007//4 6258//4 6259//4 6008//4
f 6261//6 6260//6 6259//6 6258//6
f 6019//1 6266//1 6267//1 6018//1
f 6018//4 6267//4 6252//4 6004//4
f 6023//2 6020//2 6268//2 6269//2
f 6009//4 6260//4 6268//4 6020//4
f 6026//1 6270//1 6271//1 6016//1
f 6016//4 6271//4 6266//4 6019//4
f 6029//2 6022//2 6272//2 6273//2
f 6023//4 6269//4 6272//4 6022//4
f 6030//1 6274//1 6275//1 6024//1
f 6024//4 6275//4 6270//4 6026//4
f 6031//2 6028//2 6276//2 6277//2
f 6029//4 6273//4 6276//4 6028//4
f 6034//1 6278//1 6274//1 6030//1
f 6037//2 6031//2 6277//2 6279//2
f 6038//1 6280//1 6281//1 6032//1
f 6032//4 6281//4 6278//4 6034//4
f 6280//6 6282//6 6278//6 6281//6
f 6039//2 6036//2 6283//2 6284//2
f 6037//4 6279//4 6283//4 6036//4
f 6285//6 6284//6 6283//6 6279//6
f 6286//1 6287//1 6288//1 6289//1
f 6289//4 6288//4 6280//4 6038//4
f 6286//5 6289//5 6038//5 6040//5
f 6290//2 6291//2 6292//2 6293//2
f 6039//4 6284//4 6292//4 6291//4
f 6041//5 6039//5 6291//5 6290//5
f 6294//1 6295//1 6296//1 6297//1
f 6297//4 6296//4 6287//4 6286//4
f 6294//5 6297//5 6286//5 6298//5
f 6298//5 6286//5 6040//5 6042//5
f 6043//5 6041//5 6290//5 6299//5
f 6300//2 6301//2 6302//2 6303//2
f 6290//4 6293//4 6302//4 6301//4
f 6299//5 6290//5 6301//5 6300//5
f 6304//1 6305//1 6295//1 6294//1
f 6304//5 6294//5 6298//5 6306//5
f 6306//5 6298//5 6042//5 6044//5
f 6046//5 6043//5 6299//5 6307//5
f 6308//2 6300//2 6303//2 6309//2
f 6307//5 6299//5 6300//5 6308//5
f 6310//1 6311//1 6305//1 6304//1
f 6310//5 6304//5 6306//5 6312//5
f 6312//5 6306//5 6044//5 6313//5
f 6313//5 6044//5 6045//5 6048//5
f 6049//5 6047//5 6046//5 6314//5
f 6314//5 6046//5 6307//5 6315//5
f 6316//2 6308//2 6309//2 6317//2
f 6315//5 6307//5 6308//5 6316//5
f 6318//1 6319//1 6311//1 6310//1
f 6318//3 6320//3 6321//3 6319//3
f 6318//5 6310//5 6312//5 6320//5
f 6320//5 6312//5 6313//5 6322//5
f 6322//5 6313//5 6048//5 6050//5
f 6050//3 6051//3 6323//3 6324//3
f 6051//3 6056//3 6325//3 6323//3
f 6061//3 6053//3 6326//3 6327//3
f 6053//3 6052//3 6328//3 6326//3
f 6052//5 6049//5 6314//5 6329//5
f 6329//5 6314//5 6315//5 6330//5
f 6331//2 6316//2 6317//2 6332//2
f 6330//3 6331//3 6332//3 6333//3
f 6330//5 6315//5 6316//5 6331//5
f 6334//1 6335//1 6321//1 6320//1
f 6334//5 6320//5 6322//5 6336//5
f 6337//2 6050//2 6324//2 6338//2
f 6336//3 6337//3 6338//3 6339//3
f 6336//5 6322//5 6050//5 6337//5
f 6055//1 6340//1 6325//1 6056//1
f 6055//3 6057//3 6341//3 6340//3
f 6058//2 6061//2 6327//2 6342//2
f 6059//3 6058//3 6342//3 6343//3
f 6344//1 6345//1 6328//1 6052//1
f 6344//3 6346//3 6347//3 6345//3
f 6344//5 6052//5 6329//5 6346//5
f 6348//2 6330//2 6333//2 6349//2
f 6346//5 6329//5 6330//5 6348//5
f 6350//1 6351//1 6335//1 6334//1
f 6352//2 6336//2 6339//2 6353//2
f 6350//3 6352//3 6353//3 6351//3
f 6350//5 6334//5 6336//5 6352//5
f 6062//1 6354//1 6341//1 6057//1
f 6062//3 6063//3 6355//3 6354//3
f 6354//6 6355//6 6356//6 6341//6
f 6063//3 6064//3 6357//3 6355//3
f 6064//3 6070//3 6358//3 6357//3
f 6079//3 6066//3 6359//3 6360//3
f 6066//3 6065//3 6361//3 6359//3
f 6067//2 6059//2 6343//2 6362//2
f 6065//3 6067//3 6362//3 6361//3
f 6361//6 6362//6 6343//6 6363//6
f 6364//1 6365//1 6347//1 6346//1
f 6366//2 6348//2 6349//2 6367//2
f 6364//3 6366//3 6367//3 6365//3
f 6364//5 6346//5 6348//5 6366//5
f 6069//1 6368//1 6358//1 6070//1
f 6069//3 6071//3 6369//3 6368//3
f 6368//6 6369//6 6370//6 6358//6
f 6071//3 6072//3 6371//3 6369//3
f 6072//3 6073//3 6372//3 6371//3
f 6073//3 6074//3 6373//3 6372//3
f 6074//3 6075//3 6374//3 6373//3
f 6075//3 6076//3 6375//3 6374//3
f 6077//2 6079//2 6360//2 6376//2
f 6076//3 6077//3 6376//3 6375//3
f 6375//6 6376//6 6360//6 6377//6
f 6235//4 6508//4 6525//4 6236//4
f 6236//4 6525//4 6526//4 6237//4
f 6241//2 6238//2 6527//2 6528//2
f 6237//4 6526//4 6527//4 6238//4
f 6529//6 6528//6 6527//6 6526//6
f 6255//1 6541//1 6542//1 6254//1
f 6254//4 6542//4 6543//4 6256//4
f 6256//4 6543//4 6544//4 6230//4
f 6230//4 6544//4 6522//4 6233//4
f 6241//4 6528//4 6545//4 6240//4
f 6240//4 6545//4 6546//4 6257//4
f 6261//2 6258//2 6547//2 6548//2
f 6257//4 6546//4 6547//4 6258//4
f 6266//1 6554//1 6555//1 6267//1
f 6267//4 6555//4 6556//4 6252//4
f 6554//6 6557//6 6556//6 6555//6
f 6252//4 6556//4 6541//4 6255//4
f 6261//4 6548//4 6558//4 6260//4
f 6269//2 6268//2 6559//2 6560//2
f 6260//4 6558//4 6559//4 6268//4
f 6561//6 6560//6 6559//6 6558//6
f 6270//1 6562//1 6563//1 6271//1
f 6271//4 6563//4 6554//4 6266//4
f 6273//2 6272//2 6564//2 6565//2
f 6269//4 6560//4 6564//4 6272//4
f 6274//1 6566//1 6567//1 6275//1
f 6275//4 6567//4 6562//4 6270//4
f 6566//6 6568//6 6562//6 6567//6
f 6277//2 6276//2 6569//2 6570//2
f 6273//4 6565//4 6569//4 6276//4
f 6571//6 6570//6 6569//6 6565//6
f 6278//1 6572//1 6566//1 6274//1
f 6279//2 6277//2 6570//2 6573//2
f 6282//1 6574//1 6572//1 6278//1
f 6285//2 6279//2 6573//2 6575//2
f 6296//1 6576//1 6577//1 6578//1
f 6578//4 6577//4 6579//4 6288//4
f 6296//5 6578//5 6288//5 6287//5
f 6288//4 6579//4 6580//4 6280//4
f 6280//4 6580//4 6574//4 6282//4
f 6285//4 6575//4 6581//4 6284//4
f 6284//4 6581//4 6582//4 6292//4
f 6302//2 6583//2 6584//2 6585//2
f 6292//4 6582//4 6584//4 6583//4
f 6293//5 6292//5 6583//5 6302//5
f 6295//1 6586//1 6576//1 6296//1
f 6303//2 6302//2 6585//2 6587//2
f 6305//1 6588//1 6586//1 6295//1
f 6309//2 6303//2 6587//2 6589//2
f 6311//1 6590//1 6588//1 6305//1
f 6317//2 6309//2 6589//2 6591//2
f 6319//1 6592//1 6590//1 6311//1
f 6323//3 6325//3 6593//3 6594//3
f 6327//3 6326//3 6595//3 6596//3
f 6332//2 6317//2 6591//2 6597//2
f 6598//1 6599//1 6600//1 6601//1
f 6598//3 6602//3 6603//3 6599//3
f 6601//4 6600//4 6592//4 6319//4
f 6598//5 6601//5 6319//5 6602//5
f 6602//5 6319//5 6321//5 6335//5
f 6604//2 6323//2 6594//2 6605//2
f 6338//5 6324//5 6323//5 6604//5
f 6340//1 6606//1 6593//1 6325//1
f 6340//3 6341//3 6607//3 6606//3
f 6606//6 6607//6 6608//6 6593//6
f 6341//3 6356//3 6609//3 6607//3
f 6363//3 6343//3 6610//3 6611//3
f 6342//2 6327//2 6596//2 6612//2
f 6343//3 6342//3 6612//3 6610//3
f 6610//6 6612//6 6596//6 6613//6
f 6614//1 6615//1 6595//1 6326//1
f 6614//5 6326//5 6328//5 6345//5
f 6349//5 6333//5 6332//5 6616//5
f 6617//2 6618//2 6619//2 6620//2
f 6616//3 6617//3 6620//3 6621//3
f 6332//4 6597//4 6619//4 6618//4
f 6616//5 6332//5 6618//5 6617//5
f 6622//1 6623//1 6603//1 6602//1
f 6622//5 6602//5 6335//5 6351//5
f 6353//5 6339//5 6338//5 6624//5
f 6625//2 6604//2 6605//2 6626//2
f 6624//5 6338//5 6604//5 6625//5
f 6355//1 6627//1 6609//1 6356//1
f 6355//3 6357//3 6628//3 6627//3
f 6357//3 6358//3 6629//3 6628//3
f 6358//3 6370//3 6630//3 6629//3
f 6377//3 6360//3 6631//3 6632//3
f 6360//3 6359//3 6633//3 6631//3
f 6361//2 6363//2 6611//2 6634//2
f 6359//3 6361//3 6634//3 6633//3
f 6635//1 6636//1 6615//1 6614//1
f 6635//5 6614//5 6345//5 6637//5
f 6637//5 6345//5 6347//5 6365//5
f 6638//2 6616//2 6621//2 6639//2
f 6367//5 6349//5 6616//5 6638//5
f 6640//1 6641//1 6623//1 6622//1
f 6640//5 6622//5 6351//5 6642//5
f 6642//5 6351//5 6353//5 6643//5
f 6643//5 6353//5 6624//5 6644//5
f 6645//2 6625//2 6626//2 6646//2
f 6644//3 6645//3 6646//3 6647//3
f 6644//5 6624//5 6625//5 6645//5
f 6369//1 6648//1 6630//1 6370//1
f 6369//3 6371//3 6649//3 6648//3
f 6648//6 6649//6 6650//6 6630//6
f 6371//3 6372//3 6651//3 6649//3
f 6372//3 6373//3 6652//3 6651//3
f 6373//3 6374//3 6653//3 6652//3
f 6375//2 6377//2 6632//2 6654//2
f 6374//3 6375//3 6654//3 6653//3
f 6653//6 6654//6 6632//6 6655//6
f 6656//1 6657//1 6636//1 6635//1
f 6656//3 6658//3 6659//3 6657//3
f 6656//5 6635//5 6637//5 6658//5
f 6658//5 6637//5 6365//5 6660//5
f 6660//5 6365//5 6367//5 6661//5
f 6662//2 6638//2 6639//2 6663//2
f 6661//5 6367//5 6638//5 6662//5
f 6664//1 6665//1 6641//1 6640//1
f 6664//5 6640//5 6642//5 6666//5
f 6666//5 6642//5 6643//5 6667//5
f 6668//2 6644//2 6647//2 6669//2
f 6667//3 6668//3 6669//3 6670//3
f 6667//5 6643//5 6644//5 6668//5
f 6671//1 6672//1 6659//1 6658//1
f 6671//3 6673//3 6674//3 6672//3
f 6671//5 6658//5 6660//5 6673//5
f 6673//5 6660//5 6661//5 6675//5
f 6676//2 6662//2 6663//2 6677//2
f 6675//5 6661//5 6662//5 6676//5
f 6678//1 6679//1 6665//1 6664//1
f 6678//3 6680//3 6681//3 6679//3
f 6678//5 6664//5 6666//5 6680//5
f 6682//2 6667//2 6670//2 6683//2
f 6680//3 6682//3 6683//3 6681//3
f 6680//5 6666//5 6667//5 6682//5
f 6684//1 6685//1 6674//1 6673//1
f 6684//3 6686//3 6687//3 6685//3
f 6684//5 6673//5 6675//5 6686//5
f 6688//2 6676//2 6677//2 6689//2
f 6686//3 6688//3 6689//3 6687//3
f 6686//5 6675//5 6676//5 6688//5
f 6541//1 6869//1 6870//1 6542//1
f 6542//4 6870//4 6871//4 6543//4
f 6869//6 6872//6 6871//6 6870//6
f 6543//4 6871//4 6873//4 6544//4
f 6544//4 6873//4 6874//4 6522//4
f 6522//4 6874//4 6856//4 6524//4
f 6529//4 6857//4 6875//4 6528//4
f 6528//4 6875//4 6876//4 6545//4
f 6545//4 6876//4 6877//4 6546//4
f 6548//2 6547//2 6878//2 6879//2
f 6546//4 6877//4 6878//4 6547//4
f 6880//6 6879//6 6878//6 6877//6
f 6557//1 6886//1 6887//1 6556//1
f 6556//4 6887//4 6869//4 6541//4
f 6561//2 6558//2 6888//2 6889//2
f 6548//4 6879//4 6888//4 6558//4
f 6562//1 6890//1 6891//1 6563//1
f 6563//4 6891//4 6892//4 6554//4
f 6890//6 6893//6 6892//6 6891//6
f 6554//4 6892//4 6886//4 6557//4
f 6561//4 6889//4 6894//4 6560//4
f 6565//2 6564//2 6895//2 6896//2
f 6560//4 6894//4 6895//4 6564//4
f 6897//6 6896//6 6895//6 6894//6
f 6568//1 6898//1 6890//1 6562//1
f 6571//2 6565//2 6896//2 6899//2
f 6572//1 6900//1 6901//1 6566//1
f 6566//4 6901//4 6898//4 6568//4
f 6900//6 6902//6 6898//6 6901//6
f 6573//2 6570//2 6903//2 6904//2
f 6571//4 6899//4 6903//4 6570//4
f 6905//6 6904//6 6903//6 6899//6
f 6580//1 6906//1 6907//1 6908//1
f 6908//4 6907//4 6900//4 6572//4
f 6580//5 6908//5 6572//5 6574//5
f 6906//6 6909//6 6900//6 6907//6
f 6581//2 6910//2 6911//2 6912//2
f 6573//4 6904//4 6911//4 6910//4
f 6575//5 6573//5 6910//5 6581//5
f 6913//6 6912//6 6911//6 6904//6
f 6576//1 6914//1 6915//1 6577//1
f 6577//4 6915//4 6916//4 6579//4
f 6579//4 6916//4 6906//4 6580//4
f 6581//4 6912//4 6917//4 6582//4
f 6585//2 6584//2 6918//2 6919//2
f 6582//4 6917//4 6918//4 6584//4
f 6586//1 6920//1 6914//1 6576//1
f 6587//2 6585//2 6919//2 6921//2
f 6922//1 6923//1 6924//1 6925//1
f 6925//4 6924//4 6920//4 6586//4
f 6922//5 6925//5 6586//5 6588//5
f 6923//6 6926//6 6920//6 6924//6
f 6927//2 6928//2 6929//2 6930//2
f 6587//4 6921//4 6929//4 6928//4
f 6589//5 6587//5 6928//5 6927//5
f 6931//6 6930//6 6929//6 6921//6
f 6932//1 6933//1 6923//1 6922//1
f 6932//5 6922//5 6588//5 6590//5
f 6934//2 6927//2 6930//2 6935//2
f 6591//5 6589//5 6927//5 6934//5
f 6600//1 6936//1 6933//1 6932//1
f 6600//5 6932//5 6590//5 6592//5
f 6593//3 6608//3 6937//3 6938//3
f 6613//3 6596//3 6939//3 6940//3
f 6619//2 6934//2 6935//2 6941//2
f 6597//5 6591//5 6934//5 6619//5
f 6599//1 6942//1 6936//1 6600//1
f 6606//2 6593//2 6938//2 6943//2
f 6605//5 6594//5 6593//5 6606//5
f 6607//1 6944//1 6937//1 6608//1
f 6607//3 6609//3 6945//3 6944//3
f 6610//2 6613//2 6940//2 6946//2
f 6611//3 6610//3 6946//3 6947//3
f 6612//1 6948//1 6939//1 6596//1
f 6612//5 6596//5 6595//5 6615//5
f 6620//2 6619//2 6941//2 6949//2
f 6950//1 6951//1 6942//1 6599//1
f 6950//5 6599//5 6603//5 6623//5
f 6952//2 6606//2 6943//2 6953//2
f 6626//3 6952//3 6953//3 6954//3
f 6626//5 6605//5 6606//5 6952//5
f 6627//1 6955//1 6945//1 6609//1
f 6627//3 6628//3 6956//3 6955//3
f 6955//6 6956//6 6957//6 6945//6
f 6628//3 6629//3 6958//3 6956//3
f 6629//3 6630//3 6959//3 6958//3
f 6630//3 6650//3 6960//3 6959//3
f 6655//3 6632//3 6961//3 6962//3
f 6632//3 6631//3 6963//3 6961//3
f 6631//3 6633//3 6964//3 6963//3
f 6634//2 6611//2 6947//2 6965//2
f 6633//3 6634//3 6965//3 6964//3
f 6964//6 6965//6 6947//6 6966//6
f 6967//1 6968//1 6948//1 6612//1
f 6967//3 6636//3 6969//3 6968//3
f 6967//5 6612//5 6615//5 6636//5
f 6970//2 6620//2 6949//2 6971//2
f 6639//5 6621//5 6620//5 6970//5
f 6972//1 6973//1 6951//1 6950//1
f 6972//5 6950//5 6623//5 6641//5
f 6646//2 6626//2 6954//2 6974//2
f 6649//1 6975//1 6960//1 6650//1
f 6649//3 6651//3 6976//3 6975//3
f 6975//6 6976//6 6977//6 6960//6
f 6651//3 6652//3 6978//3 6976//3
f 6976//6 6978//6 6979//6 6977//6
f 6653//2 6655//2 6962//2 6980//2
f 6652//3 6653//3 6980//3 6978//3
f 6978//6 6980//6 6962//6 6979//6
f 6657//1 6981//1 6969//1 6636//1
f 6982//2 6970//2 6971//2 6983//2
f 6663//5 6639//5 6970//5 6982//5
f 6984//1 6985//1 6973//1 6972//1
f 6984//5 6972//5 6641//5 6665//5
f 6986//2 6646//2 6974//2 6987//2
f 6669//5 6647//5 6646//5 6986//5
f 6988//1 6989//1 6981//1 6657//1
f 6988//5 6657//5 6659//5 6672//5
f 6990//2 6982//2 6983//2 6991//2
f 6677//5 6663//5 6982//5 6990//5
f 6992//1 6993//1 6985//1 6984//1
f 6992//5 6984//5 6665//5 6679//5
f 6683//5 6670//5 6669//5 6994//5
f 6995//2 6986//2 6987//2 6996//2
f 6994//3 6995//3 6996//3 6997//3
f 6994//5 6669//5 6986//5 6995//5
f 6998//1 6999//1 6989//1 6988//1
f 6998//3 7000//3 7001//3 6999//3
f 6998//5 6988//5 6672//5 7000//5
f 7000//5 6672//5 6674//5 6685//5
f 7002//2 6990//2 6991//2 7003//2
f 6689//5 6677//5 6990//5 7002//5
f 7004//1 7005//1 6993//1 6992//1
f 7004//5 6992//5 6679//5 7006//5
f 7006//5 6679//5 6681//5 7007//5
f 7007//5 6681//5 6683//5 7008//5
f 7009//2 6994//2 6997//2 7010//2
f 7008//5 6683//5 6994//5 7009//5
f 7011//1 7012//1 7001//1 7000//1
f 7011//5 7000//5 6685//5 7013//5
f 7013//5 6685//5 6687//5 7014//5
f 7014//5 6687//5 6689//5 7015//5
f 7016//2 7002//2 7003//2 7017//2
f 7015//5 6689//5 7002//5 7016//5
f 7018//1 7019//1 7005//1 7004//1
f 7018//5 7004//5 7006//5 7020//5
f 7020//5 7006//5 7007//5 7021//5
f 7021//5 7007//5 7008//5 7022//5
f 7023//2 7009//2 7010//2 7024//2
f 7022//3 7023//3 7024//3 7025//3
f 7022//5 7008//5 7009//5 7023//5
f 7026//1 7027//1 7012//1 7011//1
f 7026//3 7028//3 7029//3 7027//3
f 7026//5 7011//5 7013//5 7028//5
f 7028//5 7013//5 7014//5 7030//5
f 7030//5 7014//5 7015//5 7031//5
f 7032//2 7016//2 7017//2 7033//2
f 7031//5 7015//5 7016//5 7032//5
f 7034//1 7035//1 7019//1 7018//1
f 7034//5 7018//5 7020//5 7036//5
f 7036//5 7020//5 7021//5 7037//5
f 7038//2 7022//2 7025//2 7039//2
f 7037//3 7038//3 7039//3 7040//3
f 7037//5 7021//5 7022//5 7038//5
f 7041//1 7042//1 7029//1 7028//1
f 7041//3 7043//3 7044//3 7042//3
f 7041//5 7028//5 7030//5 7043//5
f 7043//5 7030//5 7031//5 7045//5
f 7046//2 7032//2 7033//2 7047//2
f 7045//5 7031//5 7032//5 7046//5
f 7048//1 7049//1 7035//1 7034//1
f 7048//3 7050//3 7051//3 7049//3
f 7048//5 7034//5 7036//5 7050//5
f 7052//2 7037//2 7040//2 7053//2
f 7050//3 7052//3 7053//3 7051//3
f 7050//5 7036//5 7037//5 7052//5
f 7054//1 7055//1 7044//1 7043//1
f 7054//3 7056//3 7057//3 7055//3
f 7054//5 7043//5 7045//5 7056//5
f 7058//2 7046//2 7047//2 7059//2
f 7056//3 7058//3 7059//3 7057//3
f 7056//5 7045//5 7046//5 7058//5
f 6874//1 7178//1 7179//1 7180//1
f 7180//4 7179//4 7181//4 6840//4
f 6874//5 7180//5 6840//5 6856//5
f 6840//4 7181//4 7182//4 6841//4
f 6841//4 7182//4 7164//4 6842//4
f 6872//1 7197//1 7198//1 6871//1
f 6871//4 7198//4 7199//4 6873//4
f 7197//6 7200//6 7199//6 7198//6
f 6873//4 7199//4 7178//4 6874//4
f 6875//4 7185//4 7201//4 6876//4
f 6880//2 6877//2 7202//2 7203//2
f 6876//4 7201//4 7202//4 6877//4
f 7204//6 7203//6 7202//6 7201//6
f 6886//1 7210//1 7211//1 6887//1
f 6887//4 7211//4 7212//4 6869//4
f 7210//6 7213//6 7212//6 7211//6
f 6869//4 7212//4 7197//4 6872//4
f 6880//4 7203//4 7214//4 6879//4
f 6889//2 6888//2 7215//2 7216//2
f 6879//4 7214//4 7215//4 6888//4
f 7217//6 7216//6 7215//6 7214//6
f 6893//1 7218//1 7219//1 6892//1
f 6892//4 7219//4 7210//4 6886//4
f 7218//6 7220//6 7210//6 7219//6
f 6897//2 6894//2 7221//2 7222//2
f 6889//4 7216//4 7221//4 6894//4
f 7223//6 7222//6 7221//6 7216//6
f 6898//1 7224//1 7225//1 6890//1
f 6890//4 7225//4 7218//4 6893//4
f 7224//6 7226//6 7218//6 7225//6
f 6899//2 6896//2 7227//2 7228//2
f 6897//4 7222//4 7227//4 6896//4
f 7229//6 7228//6 7227//6 7222//6
f 6902//1 7230//1 7224//1 6898//1
f 6905//2 6899//2 7228//2 7231//2
f 6909//1 7232//1 7233//1 6900//1
f 6900//4 7233//4 7230//4 6902//4
f 7232//6 7234//6 7230//6 7233//6
f 6913//2 6904//2 7235//2 7236//2
f 6905//4 7231//4 7235//4 6904//4
f 7237//6 7236//6 7235//6 7231//6
f 6914//1 7238//1 7239//1 6915//1
f 6915//4 7239//4 7240//4 6916//4
f 7238//6 7241//6 7240//6 7239//6
f 6916//4 7240//4 7242//4 6906//4
f 6906//4 7242//4 7232//4 6909//4
f 6913//4 7236//4 7243//4 6912//4
f 6912//4 7243//4 7244//4 6917//4
f 6919//2 6918//2 7245//2 7246//2
f 6917//4 7244//4 7245//4 6918//4
f 7247//6 7246//6 7245//6 7244//6
f 6920//1 7248//1 7238//1 6914//1
f 6921//2 6919//2 7246//2 7249//2
f 6926//1 7250//1 7248//1 6920//1
f 6931//2 6921//2 7249//2 7251//2
f 6933//1 7252//1 7253//1 6923//1
f 6923//4 7253//4 7250//4 6926//4
f 7252//6 7254//6 7250//6 7253//6
f 6935//2 6930//2 7255//2 7256//2
f 6931//4 7251//4 7255//4 6930//4
f 7257//6 7256//6 7255//6 7251//6
f 6936//1 7258//1 7252//1 6933//1
f 6938//3 6937//3 7259//3 7260//3
f 7260//6 7259//6 7261//6 7262//6
f 6940//3 6939//3 7263//3 7264//3
f 7264//6 7263//6 7265//6 7266//6
f 6941//2 6935//2 7256//2 7267//2
f 6942//1 7268//1 7258//1 6936//1
f 6943//2 6938//2 7260//2 7269//2
f 6944//1 7270//1 7259//1 6937//1
f 6944//3 6945//3 7271//3 7270//3
f 7270//6 7271//6 7272//6 7259//6
f 6945//3 6957//3 7273//3 7271//3
f 6966//3 6947//3 7274//3 7275//3
f 6946//2 6940//2 7264//2 7276//2
f 6947//3 6946//3 7276//3 7274//3
f 7274//6 7276//6 7264//6 7277//6
f 6948//1 7278//1 7263//1 6939//1
f 6949//2 6941//2 7267//2 7279//2
f 6951//1 7280//1 7268//1 6942//1
f 6953//2 6943//2 7269//2 7281//2
f 6956//1 7282//1 7273//1 6957//1
f 6956//3 6958//3 7283//3 7282//3
f 7282//6 7283//6 7284//6 7273//6
f 6958//3 6959//3 7285//3 7283//3
f 6959//3 6960//3 7286//3 7285//3
f 6960//3 6977//3 7287//3 7286//3
f 6977//3 6979//3 7288//3 7287//3
f 6979//3 6962//3 7289//3 7288//3
f 6962//3 6961//3 7290//3 7289//3
f 6961//3 6963//3 7291//3 7290//3
f 6964//2 6966//2 7275//2 7292//2
f 6963//3 6964//3 7292//3 7291//3
f 7291//6 7292//6 7275//6 7293//6
f 6968//1 7294//1 7278//1 6948//1
f 6971//2 6949//2 7279//2 7295//2
f 7296//1 7297//1 7298//1 7299//1
f 7299//4 7298//4 7280//4 6951//4
f 7296//5 7299//5 6951//5 6973//5
f 7300//2 6953//2 7281//2 7301//2
f 6974//3 7300//3 7301//3 7302//3
f 6974//5 6954//5 6953//5 7300//5
f 7302//6 7301//6 7281//6 7303//6
f 7304//1 7305//1 7294//1 6968//1
f 7304//3 6981//3 7306//3 7305//3
f 7304//5 6968//5 6969//5 6981//5
f 7305//6 7306//6 7307//6 7294//6
f 7308//2 7309//2 7310//2 7311//2
f 6971//4 7295//4 7310//4 7309//4
f 6983//5 6971//5 7309//5 7308//5
f 7312//1 7313//1 7297//1 7296//1
f 7312//5 7296//5 6973//5 6985//5
f 6987//2 6974//2 7302//2 7314//2
f 6989//1 7315//1 7306//1 6981//1
f 7316//2 7308//2 7311//2 7317//2
f 6991//5 6983//5 7308//5 7316//5
f 7318//1 7319//1 7313//1 7312//1
f 7318//5 7312//5 6985//5 6993//5
f 6996//2 6987//2 7314//2 7320//2
f 6999//1 7321//1 7315//1 6989//1
f 7322//2 7316//2 7317//2 7323//2
f 7003//5 6991//5 7316//5 7322//5
f 7324//1 7325//1 7319//1 7318//1
f 7324//5 7318//5 6993//5 7005//5
f 7326//2 6996//2 7320//2 7327//2
f 7010//3 7326//3 7327//3 7328//3
f 7010//5 6997//5 6996//5 7326//5
f 7329//1 7330//1 7321//1 6999//1
f 7329//3 7012//3 7331//3 7330//3
f 7329//5 6999//5 7001//5 7012//5
f 7332//2 7322//2 7323//2 7333//2
f 7017//5 7003//5 7322//5 7332//5
f 7334//1 7335//1 7325//1 7324//1
f 7334//5 7324//5 7005//5 7019//5
f 7024//2 7010//2 7328//2 7336//2
f 7027//1 7337//1 7331//1 7012//1
f 7338//2 7332//2 7333//2 7339//2
f 7033//5 7017//5 7332//5 7338//5
f 7340//1 7341//1 7335//1 7334//1
f 7340//5 7334//5 7019//5 7035//5
f 7342//2 7024//2 7336//2 7343//2
f 7039//5 7025//5 7024//5 7342//5
f 7344//1 7345//1 7337//1 7027//1
f 7344//5 7027//5 7029//5 7042//5
f 7346//2 7338//2 7339//2 7347//2
f 7047//5 7033//5 7338//5 7346//5
f 7348//1 7349//1 7341//1 7340//1
f 7348//5 7340//5 7035//5 7049//5
f 7053//5 7040//5 7039//5 7350//5
f 7351//2 7342//2 7343//2 7352//2
f 7350//3 7351//3 7352//3 7353//3
f 7350//5 7039//5 7342//5 7351//5
f 7354//1 7355//1 7345//1 7344//1
f 7354//3 7356//3 7357//3 7355//3
f 7354//5 7344//5 7042//5 7356//5
f 7356//5 7042//5 7044//5 7055//5
f 7358//2 7346//2 7347//2 7359//2
f 7059//5 7047//5 7346//5 7358//5
f 7360//1 7361//1 7349//1 7348//1
f 7360//5 7348//5 7049//5 7362//5
f 7362//5 7049//5 7051//5 7363//5
f 7363//5 7051//5 7053//5 7364//5
f 7365//2 7350//2 7353//2 7366//2
f 7364//5 7053//5 7350//5 7365//5
f 7367//1 7368//1 7357//1 7356//1
f 7367//5 7356//5 7055//5 7369//5
f 7369//5 7055//5 7057//5 7370//5
f 7370//5 7057//5 7059//5 7371//5
f 7372//2 7358//2 7359//2 7373//2
f 7371//5 7059//5 7358//5 7372//5
f 7374//1 7375//1 7361//1 7360//1
f 7374//5 7360//5 7362//5 7376//5
f 7376//5 7362//5 7363//5 7377//5
f 7377//5 7363//5 7364//5 7378//5
f 7379//2 7365//2 7366//2 7380//2
f 7378//3 7379//3 7380//3 7381//3
f 7378//5 7364//5 7365//5 7379//5
f 7382//1 7383//1 7368//1 7367//1
f 7382//3 7384//3 7385//3 7383//3
f 7382//5 7367//5 7369//5 7384//5
f 7384//5 7369//5 7370//5 7386//5
f 7386//5 7370//5 7371//5 7387//5
f 7388//2 7372//2 7373//2 7389//2
f 7387//5 7371//5 7372//5 7388//5
f 7390//1 7391//1 7375//1 7374//1
f 7390//3 7392//3 7393//3 7391//3
f 7390//5 7374//5 7376//5 7392//5
f 7392//5 7376//5 7377//5 7394//5
f 7395//2 7378//2 7381//2 7396//2
f 7394//3 7395//3 7396//3 7397//3
f 7394//5 7377//5 7378//5 7395//5
f 7398//1 7399//1 7385//1 7384//1
f 7398//3 7400//3 7401//3 7399//3
f 7398//5 7384//5 7386//5 7400//5
f 7400//5 7386//5 7387//5 7402//5
f 7403//2 7388//2 7389//2 7404//2
f 7402//3 7403//3 7404//3 7405//3
f 7402//5 7387//5 7388//5 7403//5
f 7406//1 7407//1 7393//1 7392//1
f 7408//2 7394//2 7397//2 7409//2
f 7406//3 7408//3 7409//3 7407//3
f 7406//5 7392//5 7394//5 7408//5
f 7410//1 7411//1 7401//1 7400//1
f 7412//2 7402//2 7405//2 7413//2
f 7410//3 7412//3 7413//3 7411//3
f 7410//5 7400//5 7402//5 7412//5
f 7477//1 7478//1 7479//1 7480//1
f 7480//4 7479//4 7481//4 7482//4
f 7477//5 7480//5 7482//5 7483//5
f 7482//4 7481//4 7484//4 7148//4
f 7483//5 7482//5 7148//5 7147//5
f 7150//2 7149//2 7485//2 7486//2
f 7148//4 7484//4 7485//4 7149//4
f 7179//1 7500//1 7501//1 7502//1
f 7502//4 7501//4 7478//4 7477//4
f 7179//5 7502//5 7477//5 7181//5
f 7181//5 7477//5 7483//5 7182//5
f 7182//5 7483//5 7147//5 7164//5
f 7184//2 7503//2 7504//2 7505//2
f 7150//4 7486//4 7504//4 7503//4
f 7165//5 7150//5 7503//5 7184//5
f 7199//1 7516//1 7517//1 7518//1
f 7518//4 7517//4 7500//4 7179//4
f 7199//5 7518//5 7179//5 7178//5
f 7201//2 7519//2 7520//2 7521//2
f 7184//4 7505//4 7520//4 7519//4
f 7185//5 7184//5 7519//5 7201//5
f 7200//1 7531//1 7516//1 7199//1
f 7204//2 7201//2 7521//2 7532//2
f 7213//1 7538//1 7539//1 7212//1
f 7212//4 7539//4 7540//4 7197//4
f 7538//6 7541//6 7540//6 7539//6
f 7197//4 7540//4 7531//4 7200//4
f 7204//4 7532//4 7542//4 7203//4
f 7217//2 7214//2 7543//2 7544//2
f 7203//4 7542//4 7543//4 7214//4
f 7545//6 7544//6 7543//6 7542//6
f 7220//1 7546//1 7547//1 7210//1
f 7210//4 7547//4 7538//4 7213//4
f 7223//2 7216//2 7548//2 7549//2
f 7217//4 7544//4 7548//4 7216//4
f 7226//1 7550//1 7551//1 7218//1
f 7218//4 7551//4 7546//4 7220//4
f 7229//2 7222//2 7552//2 7553//2
f 7223//4 7549//4 7552//4 7222//4
f 7230//1 7554//1 7555//1 7224//1
f 7224//4 7555//4 7550//4 7226//4
f 7554//6 7556//6 7550//6 7555//6
f 7231//2 7228//2 7557//2 7558//2
f 7229//4 7553//4 7557//4 7228//4
f 7559//6 7558//6 7557//6 7553//6
f 7234//1 7560//1 7554//1 7230//1
f 7237//2 7231//2 7558//2 7561//2
f 7241//1 7562//1 7563//1 7240//1
f 7240//4 7563//4 7564//4 7242//4
f 7562//6 7565//6 7564//6 7563//6
f 7242//4 7564//4 7566//4 7232//4
f 7565//6 7567//6 7566//6 7564//6
f 7232//4 7566//4 7560//4 7234//4
f 7567//6 7568//6 7560//6 7566//6
f 7237//4 7561//4 7569//4 7236//4
f 7570//6 7571//6 7569//6 7561//6
f 7236//4 7569//4 7572//4 7243//4
f 7571//6 7573//6 7572//6 7569//6
f 7247//2 7244//2 7574//2 7575//2
f 7243//4 7572//4 7574//4 7244//4
f 7573//6 7575//6 7574//6 7572//6
f 7248//1 7576//1 7577//1 7238//1
f 7238//4 7577//4 7562//4 7241//4
f 7576//6 7578//6 7562//6 7577//6
f 7578//6 7579//6 7565//6 7562//6
f 7579//6 7580//6 7567//6 7565//6
f 7580//6 7581//6 7568//6 7567//6
f 7582//6 7583//6 7571//6 7570//6
f 7583//6 7584//6 7573//6 7571//6
f 7584//6 7585//6 7575//6 7573//6
f 7249//2 7246//2 7586//2 7587//2
f 7247//4 7575//4 7586//4 7246//4
f 7585//6 7587//6 7586//6 7575//6
f 7250//1 7588//1 7576//1 7248//1
f 7588//6 7589//6 7578//6 7576//6
f 7589//6 7590//6 7579//6 7578//6
f 7591//6 7592//6 7581//6 7580//6
f 7592//6 7593//6 7594//6 7581//6
f 7595//6 7596//6 7582//6 7597//6
f 7596//6 7598//6 7583//6 7582//6
f 7599//6 7600//6 7585//6 7584//6
f 7251//2 7249//2 7587//2 7601//2
f 7600//6 7601//6 7587//6 7585//6
f 7254//1 7602//1 7588//1 7250//1
f 7602//6 7603//6 7589//6 7588//6
f 7604//6 7605//6 7593//6 7592//6
f 7262//3 7261//3 7606//3 7605//3
f 7266//3 7265//3 7607//3 7608//3
f 7607//6 7609//6 7596//6 7595//6
f 7257//2 7251//2 7601//2 7610//2
f 7611//6 7610//6 7601//6 7600//6
f 7258//1 7612//1 7613//1 7252//1
f 7252//4 7613//4 7602//4 7254//4
f 7612//6 7614//6 7602//6 7613//6
f 7260//2 7262//2 7605//2 7615//2
f 7616//6 7615//6 7605//6 7604//6
f 7259//1 7617//1 7606//1 7261//1
f 7259//3 7272//3 7618//3 7617//3
f 7264//2 7266//2 7608//2 7619//2
f 7277//3 7264//3 7619//3 7620//3
f 7263//1 7621//1 7607//1 7265//1
f 7621//6 7622//6 7609//6 7607//6
f 7267//2 7256//2 7623//2 7624//2
f 7257//4 7610//4 7623//4 7256//4
f 7625//6 7624//6 7623//6 7610//6
f 7268//1 7626//1 7612//1 7258//1
f 7626//6 7627//6 7614//6 7612//6
f 7269//2 7260//2 7615//2 7628//2
f 7629//6 7628//6 7615//6 7616//6
f 7271//1 7630//1 7618//1 7272//1
f 7271//3 7273//3 7631//3 7630//3
f 7630//6 7631//6 7632//6 7618//6
f 7273//3 7284//3 7633//3 7631//3
f 7293//3 7275//3 7634//3 7635//3
f 7274//2 7277//2 7620//2 7636//2
f 7275//3 7274//3 7636//3 7634//3
f 7634//6 7636//6 7620//6 7637//6
f 7278//1 7638//1 7621//1 7263//1
f 7638//6 7639//6 7622//6 7621//6
f 7279//2 7267//2 7624//2 7640//2
f 7641//6 7640//6 7624//6 7625//6
f 7280//1 7642//1 7626//1 7268//1
f 7281//2 7269//2 7628//2 7643//2
f 7303//3 7281//3 7643//3 7644//3
f 7644//6 7643//6 7628//6 7629//6
f 7283//1 7645//1 7633//1 7284//1
f 7283//3 7285//3 7646//3 7645//3
f 7645//6 7646//6 7647//6 7633//6
f 7285//3 7286//3 7648//3 7646//3
f 7646//6 7648//6 7649//6 7647//6
f 7286//3 7287//3 7650//3 7648//3
f 7648//6 7650//6 7651//6 7649//6
f 7287//3 7288//3 7652//3 7650//3
f 7650//6 7652//6 7653//6 7651//6
f 7288//3 7289//3 7654//3 7652//3
f 7652//6 7654//6 7655//6 7653//6
f 7289//3 7290//3 7656//3 7654//3
f 7654//6 7656//6 7657//6 7655//6
f 7291//2 7293//2 7635//2 7658//2
f 7290//3 7291//3 7658//3 7656//3
f 7656//6 7658//6 7635//6 7657//6
f 7294//1 7659//1 7638//1 7278//1
f 7294//3 7307//3 7660//3 7659//3
f 7659//6 7660//6 7639//6 7638//6
f 7295//2 7279//2 7640//2 7661//2
f 7297//1 7662//1 7663//1 7298//1
f 7298//4 7663//4 7642//4 7280//4
f 7662//6 7664//6 7642//6 7663//6
f 7302//2 7303//2 7644//2 7665//2
f 7306//1 7666//1 7660//1 7307//1
f 7311//2 7310//2 7667//2 7668//2
f 7295//4 7661//4 7667//4 7310//4
f 7669//6 7668//6 7667//6 7661//6
f 7313//1 7670//1 7662//1 7297//1
f 7670//6 7671//6 7664//6 7662//6
f 7314//2 7302//2 7665//2 7672//2
f 7315//1 7673//1 7666//1 7306//1
f 7317//2 7311//2 7668//2 7674//2
f 7675//6 7674//6 7668//6 7669//6
f 7319//1 7676//1 7670//1 7313//1
f 7320//2 7314//2 7672//2 7677//2
f 7321//1 7678//1 7673//1 7315//1
f 7323//2 7317//2 7674//2 7679//2
f 7325//1 7680//1 7676//1 7319//1
f 7327//2 7320//2 7677//2 7681//2
f 7330//1 7682//1 7678//1 7321//1
f 7333//2 7323//2 7679//2 7683//2
f 7335//1 7684//1 7680//1 7325//1
f 7685//2 7327//2 7681//2 7686//2
f 7336//5 7328//5 7327//5 7685//5
f 7687//1 7688//1 7682//1 7330//1
f 7687//5 7330//5 7331//5 7337//5
f 7339//2 7333//2 7683//2 7689//2
f 7341//1 7690//1 7684//1 7335//1
f 7691//2 7685//2 7686//2 7692//2
f 7343//3 7691//3 7692//3 7693//3
f 7343//5 7336//5 7685//5 7691//5
f 7694//1 7695//1 7688//1 7687//1
f 7694//3 7345//3 7696//3 7695//3
f 7694//5 7687//5 7337//5 7345//5
f 7347//2 7339//2 7689//2 7697//2
f 7698//1 7699//1 7700//1 7701//1
f 7701//4 7700//4 7690//4 7341//4
f 7698//5 7701//5 7341//5 7349//5
f 7352//2 7343//2 7693//2 7702//2
f 7355//1 7703//1 7696//1 7345//1
f 7704//2 7705//2 7706//2 7707//2
f 7347//4 7697//4 7706//4 7705//4
f 7359//5 7347//5 7705//5 7704//5
f 7708//1 7709//1 7699//1 7698//1
f 7708//5 7698//5 7349//5 7361//5
f 7710//2 7352//2 7702//2 7711//2
f 7366//5 7353//5 7352//5 7710//5
f 7712//1 7713//1 7703//1 7355//1
f 7712//5 7355//5 7357//5 7368//5
f 7714//2 7704//2 7707//2 7715//2
f 7373//5 7359//5 7704//5 7714//5
f 7716//1 7717//1 7709//1 7708//1
f 7716//5 7708//5 7361//5 7375//5
f 7718//2 7710//2 7711//2 7719//2
f 7380//3 7718//3 7719//3 7720//3
f 7380//5 7366//5 7710//5 7718//5
f 7721//1 7722//1 7713//1 7712//1
f 7721//3 7383//3 7723//3 7722//3
f 7721//5 7712//5 7368//5 7383//5
f 7724//2 7714//2 7715//2 7725//2
f 7389//5 7373//5 7714//5 7724//5
f 7726//1 7727//1 7717//1 7716//1
f 7726//5 7716//5 7375//5 7391//5
f 7728//2 7380//2 7720//2 7729//2
f 7396//5 7381//5 7380//5 7728//5
f 7730//1 7731//1 7723//1 7383//1
f 7730//5 7383//5 7385//5 7399//5
f 7732//2 7724//2 7725//2 7733//2
f 7404//5 7389//5 7724//5 7732//5
f 7734//1 7735//1 7727//1 7726//1
f 7734//5 7726//5 7391//5 7736//5
f 7736//5 7391//5 7393//5 7407//5
f 7409//5 7397//5 7396//5 7737//5
f 7738//2 7728//2 7729//2 7739//2
f 7737//5 7396//5 7728//5 7738//5
f 7740//1 7741//1 7731//1 7730//1
f 7740//5 7730//5 7399//5 7742//5
f 7742//5 7399//5 7401//5 7411//5
f 7413//5 7405//5 7404//5 7743//5
f 7744//2 7732//2 7733//2 7745//2
f 7743//5 7404//5 7732//5 7744//5
f 7746//1 7747//1 7735//1 7734//1
f 7746//3 7748//3 7749//3 7747//3
f 7746//5 7734//5 7736//5 7748//5
f 7748//5 7736//5 7407//5 7750//5
f 7750//5 7407//5 7409//5 7751//5
f 7751//5 7409//5 7737//5 7752//5
f 7753//2 7738//2 7739//2 7754//2
f 7752//3 7753//3 7754//3 7755//3
f 7752//5 7737//5 7738//5 7753//5
f 7756//1 7757//1 7741//1 7740//1
f 7756//3 7758//3 7759//3 7757//3
f 7756//5 7740//5 7742//5 7758//5
f 7758//5 7742//5 7411//5 7760//5
f 7760//5 7411//5 7413//5 7761//5
f 7761//5 7413//5 7743//5 7762//5
f 7763//2 7744//2 7745//2 7764//2
f 7762//3 7763//3 7764//3 7765//3
f 7762//5 7743//5 7744//5 7763//5
f 7766//1 7767//1 7749//1 7748//1
f 7766//3 7768//3 7769//3 7767//3
f 7766//5 7748//5 7750//5 7768//5
f 7768//3 7770//3 7771//3 7769//3
f 7768//5 7750//5 7751//5 7770//5
f 7772//2 7752//2 7755//2 7773//2
f 7770//3 7772//3 7773//3 7771//3
f 7770//5 7751//5 7752//5 7772//5
f 7774//1 7775//1 7759//1 7758//1
f 7774//3 7776//3 7777//3 7775//3
f 7774//5 7758//5 7760//5 7776//5
f 7776//3 7778//3 7779//3 7777//3
f 7776//5 7760//5 7761//5 7778//5
f 7780//2 7762//2 7765//2 7781//2
f 7778//3 7780//3 7781//3 7779//3
f 7778//5 7761//5 7762//5 7780//5
f 7799//1 7800//1 7801//1 7802//1
f 7803//2 7804//2 7805//2 7806//2
f 7802//4 7801//4 7805//4 7804//4
f 7799//5 7802//5 7804//5 7803//5
f 7479//1 7819//1 7820//1 7821//1
f 7821//4 7820//4 7800//4 7799//4
f 7479//5 7821//5 7799//5 7481//5
f 7481//5 7799//5 7803//5 7484//5
f 7485//2 7822//2 7823//2 7824//2
f 7803//4 7806//4 7823//4 7822//4
f 7484//5 7803//5 7822//5 7485//5
f 7501//1 7838//1 7839//1 7840//1
f 7840//4 7839//4 7819//4 7479//4
f 7501//5 7840//5 7479//5 7478//5
f 7504//2 7841//2 7842//2 7843//2
f 7485//4 7824//4 7842//4 7841//4
f 7486//5 7485//5 7841//5 7504//5
f 7517//1 7856//1 7857//1 7858//1
f 7858//4 7857//4 7838//4 7501//4
f 7517//5 7858//5 7501//5 7500//5
f 7520//2 7859//2 7860//2 7861//2
f 7504//4 7843//4 7860//4 7859//4
f 7505//5 7504//5 7859//5 7520//5
f 7516//1 7873//1 7856//1 7517//1
f 7521//2 7520//2 7861//2 7874//2
f 7540//1 7885//1 7886//1 7887//1
f 7887//4 7886//4 7873//4 7516//4
f 7540//5 7887//5 7516//5 7531//5
f 7542//2 7888//2 7889//2 7890//2
f 7521//4 7874//4 7889//4 7888//4
f 7532//5 7521//5 7888//5 7542//5
f 7541//1 7900//1 7885//1 7540//1
f 7545//2 7542//2 7890//2 7901//2
f 7546//1 7906//1 7907//1 7547//1
f 7547//4 7907//4 7908//4 7538//4
f 7906//6 7909//6 7908//6 7907//6
f 7538//4 7908//4 7900//4 7541//4
f 7545//4 7901//4 7910//4 7544//4
f 7549//2 7548//2 7911//2 7912//2
f 7544//4 7910//4 7911//4 7548//4
f 7913//6 7912//6 7911//6 7910//6
f 7550//1 7914//1 7915//1 7551//1
f 7551//4 7915//4 7906//4 7546//4
f 7914//6 7916//6 7906//6 7915//6
f 7553//2 7552//2 7917//2 7918//2
f 7549//4 7912//4 7917//4 7552//4
f 7919//6 7918//6 7917//6 7912//6
f 7556//1 7920//1 7914//1 7550//1
f 7920//6 7921//6 7916//6 7914//6
f 7559//2 7553//2 7918//2 7922//2
f 7923//6 7922//6 7918//6 7919//6
f 7560//1 7924//1 7925//1 7554//1
f 7554//4 7925//4 7920//4 7556//4
f 7924//6 7926//6 7920//6 7925//6
f 7561//2 7558//2 7927//2 7928//2
f 7559//4 7922//4 7927//4 7558//4
f 7929//6 7928//6 7927//6 7922//6
f 7568//1 7930//1 7924//1 7560//1
f 7930//6 7931//6 7926//6 7924//6
f 7570//2 7561//2 7928//2 7932//2
f 7933//6 7932//6 7928//6 7929//6
f 7581//1 7934//1 7930//1 7568//1
f 7581//3 7594//3 7935//3 7934//3
f 7934//6 7935//6 7931//6 7930//6
f 7582//2 7570//2 7932//2 7936//2
f 7597//3 7582//3 7936//3 7937//3
f 7937//6 7936//6 7932//6 7933//6
f 7590//1 7938//1 7939//1 7579//1
f 7591//2 7580//2 7940//2 7941//2
f 7579//4 7939//4 7940//4 7580//4
f 7938//6 7941//6 7940//6 7939//6
f 7593//1 7942//1 7935//1 7594//1
f 7942//6 7943//6 7944//6 7935//6
f 7595//2 7597//2 7937//2 7945//2
f 7946//6 7945//6 7937//6 7947//6
f 7598//1 7948//1 7949//1 7583//1
f 7599//2 7584//2 7950//2 7951//2
f 7583//4 7949//4 7950//4 7584//4
f 7948//6 7951//6 7950//6 7949//6
f 7603//1 7952//1 7953//1 7589//1
f 7589//4 7953//4 7938//4 7590//4
f 7952//6 7954//6 7938//6 7953//6
f 7954//6 7955//6 7941//6 7938//6
f 7604//2 7592//2 7956//2 7957//2
f 7591//4 7941//4 7956//4 7592//4
f 7955//6 7957//6 7956//6 7941//6
f 7605//1 7958//1 7942//1 7593//1
f 7605//3 7606//3 7959//3 7958//3
f 7958//6 7959//6 7943//6 7942//6
f 7607//2 7595//2 7945//2 7960//2
f 7608//3 7607//3 7960//3 7961//3
f 7961//6 7960//6 7945//6 7946//6
f 7609//1 7962//1 7963//1 7596//1
f 7596//4 7963//4 7948//4 7598//4
f 7962//6 7964//6 7948//6 7963//6
f 7964//6 7965//6 7951//6 7948//6
f 7611//2 7600//2 7966//2 7967//2
f 7599//4 7951//4 7966//4 7600//4
f 7965//6 7967//6 7966//6 7951//6
f 7614//1 7968//1 7969//1 7602//1
f 7602//4 7969//4 7952//4 7603//4
f 7968//6 7970//6 7952//6 7969//6
f 7970//6 7971//6 7954//6 7952//6
f 7971//6 7972//6 7955//6 7954//6
f 7616//2 7604//2 7957//2 7973//2
f 7972//6 7973//6 7957//6 7955//6
f 7617//1 7974//1 7959//1 7606//1
f 7617//3 7618//3 7975//3 7974//3
f 7974//6 7975//6 7976//6 7959//6
f 7618//3 7632//3 7977//3 7975//3
f 7637//3 7620//3 7978//3 7979//3
f 7619//2 7608//2 7961//2 7980//2
f 7620//3 7619//3 7980//3 7978//3
f 7978//6 7980//6 7961//6 7981//6
f 7622//1 7982//1 7962//1 7609//1
f 7982//6 7983//6 7964//6 7962//6
f 7983//6 7984//6 7965//6 7964//6
f 7984//6 7985//6 7967//6 7965//6
f 7625//2 7610//2 7986//2 7987//2
f 7611//4 7967//4 7986//4 7610//4
f 7985//6 7987//6 7986//6 7967//6
f 7627//1 7988//1 7968//1 7614//1
f 7988//6 7989//6 7970//6 7968//6
f 7989//6 7990//6 7971//6 7970//6
f 7990//6 7991//6 7972//6 7971//6
f 7629//2 7616//2 7973//2 7992//2
f 7991//6 7992//6 7973//6 7972//6
f 7631//1 7993//1 7977//1 7632//1
f 7631//3 7633//3 7994//3 7993//3
f 7993//6 7994//6 7995//6 7977//6
f 7633//3 7647//3 7996//3 7994//3
f 7994//6 7996//6 7997//6 7995//6
f 7647//3 7649//3 7998//3 7996//3
f 7649//3 7651//3 7999//3 7998//3
f 7651//3 7653//3 8000//3 7999//3
f 7653//3 7655//3 8001//3 8000//3
f 7655//3 7657//3 8002//3 8001//3
f 7657//3 7635//3 8003//3 8002//3
f 8002//6 8003//6 8004//6 8005//6
f 7634//2 7637//2 7979//2 8006//2
f 7635//3 7634//3 8006//3 8003//3
f 8003//6 8006//6 7979//6 8004//6
f 7639//1 8007//1 7982//1 7622//1
f 8007//6 8008//6 7983//6 7982//6
f 8008//6 8009//6 7984//6 7983//6
f 8009//6 8010//6 7985//6 7984//6
f 7641//2 7625//2 7987//2 8011//2
f 8010//6 8011//6 7987//6 7985//6
f 7642//1 8012//1 8013//1 7626//1
f 7626//4 8013//4 7988//4 7627//4
f 8012//6 8014//6 7988//6 8013//6
f 8014//6 8015//6 7989//6 7988//6
f 7644//2 7629//2 7992//2 8016//2
f 8017//6 8016//6 7992//6 7991//6
f 7660//1 8018//1 8007//1 7639//1
f 8018//6 8019//6 8008//6 8007//6
f 8020//6 8021//6 8011//6 8010//6
f 7661//2 7640//2 8022//2 8023//2
f 7641//4 8011//4 8022//4 7640//4
f 8021//6 8023//6 8022//6 8011//6
f 7664//1 8024//1 8012//1 7642//1
f 8024//6 8025//6 8014//6 8012//6
f 7665//2 7644//2 8016//2 8026//2
f 8027//6 8026//6 8016//6 8017//6
f 7666//1 8028//1 8018//1 7660//1
f 8028//6 8029//6 8019//6 8018//6
f 7669//2 7661//2 8023//2 8030//2
f 8031//6 8030//6 8023//6 8021//6
f 7671//1 8032//1 8024//1 7664//1
f 7672//2 7665//2 8026//2 8033//2
f 8034//6 8033//6 8026//6 8027//6
f 7673//1 8035//1 8028//1 7666//1
f 8035//6 8036//6 8029//6 8028//6
f 7675//2 7669//2 8030//2 8037//2
f 7676//1 8038//1 8039//1 7670//1
f 7670//4 8039//4 8032//4 7671//4
f 8038//6 8040//6 8032//6 8039//6
f 7677//2 7672//2 8033//2 8041//2
f 8042//6 8041//6 8033//6 8034//6
f 7678//1 8043//1 8035//1 7673//1
f 8043//6 8044//6 8036//6 8035//6
f 7679//2 7674//2 8045//2 8046//2
f 7675//4 8037//4 8045//4 7674//4
f 8047//6 8046//6 8045//6 8037//6
f 7680//1 8048//1 8038//1 7676//1
f 7681//2 7677//2 8041//2 8049//2
f 8050//6 8049//6 8041//6 8042//6
f 7682//1 8051//1 8043//1 7678//1
f 8051//6 8052//6 8044//6 8043//6
f 7683//2 7679//2 8046//2 8053//2
f 7684//1 8054//1 8048//1 7680//1
f 7686//2 7681//2 8049//2 8055//2
f 8056//6 8055//6 8049//6 8050//6
f 7688//1 8057//1 8051//1 7682//1
f 8057//6 8058//6 8052//6 8051//6
f 7689//2 7683//2 8053//2 8059//2
f 7700//1 8060//1 8061//1 8062//1
f 8062//4 8061//4 8054//4 7684//4
f 7700//5 8062//5 7684//5 7690//5
f 8060//6 8063//6 8054//6 8061//6
f 7692//2 7686//2 8055//2 8064//2
f 7693//3 7692//3 8064//3 8065//3
f 8065//6 8064//6 8055//6 8056//6
f 7695//1 8066//1 8057//1 7688//1
f 7695//3 7696//3 8067//3 8066//3
f 8066//6 8067//6 8058//6 8057//6
f 7706//2 8068//2 8069//2 8070//2
f 7689//4 8059//4 8069//4 8068//4
f 7697//5 7689//5 8068//5 7706//5
f 8071//6 8070//6 8069//6 8059//6
f 7699//1 8072//1 8060//1 7700//1
f 7702//2 7693//2 8065//2 8073//2
f 7703//1 8074//1 8067//1 7696//1
f 7707//2 7706//2 8070//2 8075//2
f 7709//1 8076//1 8072//1 7699//1
f 7711//2 7702//2 8073//2 8077//2
f 7713//1 8078//1 8074//1 7703//1
f 7715//2 7707//2 8075//2 8079//2
f 7717//1 8080//1 8076//1 7709//1
f 7719//2 7711//2 8077//2 8081//2
f 7722//1 8082//1 8078//1 7713//1
f 7725//2 7715//2 8079//2 8083//2
f 7727//1 8084//1 8080//1 7717//1
f 8085//2 7719//2 8081//2 8086//2
f 7729//3 8085//3 8086//3 8087//3
f 7729//5 7720//5 7719//5 8085//5
f 8088//1 8089//1 8082//1 7722//1
f 8088//3 7731//3 8090//3 8089//3
f 8088//5 7722//5 7723//5 7731//5
f 7733//2 7725//2 8083//2 8091//2
f 7735//1 8092//1 8084//1 7727//1
f 7739//2 7729//2 8087//2 8093//2
f 7741//1 8094//1 8090//1 7731//1
f 7745//2 7733//2 8091//2 8095//2
f 7747//1 8096//1 8092//1 7735//1
f 7754//2 7739//2 8093//2 8097//2
f 7757//1 8098//1 8094//1 7741//1
f 7764//2 7745//2 8095//2 8099//2
f 8100//1 8101//1 8096//1 7747//1
f 8100//3 7767//3 8102//3 8101//3
f 8100//5 7747//5 7749//5 7767//5
f 7767//3 7769//3 8103//3 8102//3
f 7769//3 7771//3 8104//3 8103//3
f 7771//3 7773//3 8105//3 8104//3
f 8106//2 7754//2 8097//2 8107//2
f 7773//3 8106//3 8107//3 8105//3
f 7773//5 7755//5 7754//5 8106//5
f 8108//1 8109//1 8098//1 7757//1
f 8108//3 7775//3 8110//3 8109//3
f 8108//5 7757//5 7759//5 7775//5
f 7775//3 7777//3 8111//3 8110//3
f 7777//3 7779//3 8112//3 8111//3
f 7779//3 7781//3 8113//3 8112//3
f 8114//2 7764//2 8099//2 8115//2
f 7781//3 8114//3 8115//3 8113//3
f 7781//5 7765//5 7764//5 8114//5
f 8124//1 8125//1 8126//1 8127//1
f 8127//4 8126//4 8128//4 8129//4
f 8124//5 8127//5 8129//5 8130//5
f 8129//4 8128//4 8117//4 8116//4
f 8130//5 8129//5 8116//5 8131//5
f 8120//4 8123//4 8133//4 8134//4
f 8132//5 8120//5 8134//5 8135//5
f 8136//2 8137//2 8138//2 8139//2
f 8134//4 8133//4 8138//4 8137//4
f 8135//5 8134//5 8137//5 8136//5
f 8140//1 8141//1 8142//1 8143//1
f 8143//4 8142//4 8125//4 8124//4
f 8140//5 8143//5 8124//5 8144//5
f 8144//5 8124//5 8130//5 8145//5
f 8145//5 8130//5 8131//5 7801//5
f 7805//5 8132//5 8135//5 8146//5
f 8146//5 8135//5 8136//5 8147//5
f 8148//2 8149//2 8150//2 8151//2
f 8136//4 8139//4 8150//4 8149//4
f 8147//5 8136//5 8149//5 8148//5
f 8152//1 8153//1 8141//1 8140//1
f 8152//5 8140//5 8144//5 8154//5
f 8154//5 8144//5 8145//5 7820//5
f 7823//5 8146//5 8147//5 8155//5
f 8156//2 8148//2 8151//2 8157//2
f 8155//5 8147//5 8148//5 8156//5
f 8164//1 8165//1 8153//1 8152//1
f 8164//5 8152//5 8154//5 7839//5
f 7839//5 8154//5 7820//5 7819//5
f 7824//5 7823//5 8155//5 7842//5
f 8166//2 8156//2 8157//2 8167//2
f 7842//5 8155//5 8156//5 8166//5
f 7857//1 8180//1 8165//1 8164//1
f 7857//5 8164//5 7839//5 7838//5
f 7860//2 8166//2 8167//2 8181//2
f 7843//5 7842//5 8166//5 7860//5
f 7856//1 8194//1 8180//1 7857//1
f 7861//2 7860//2 8181//2 8195//2
f 7886//1 8207//1 8208//1 8209//1
f 8209//4 8208//4 8194//4 7856//4
f 7886//5 8209//5 7856//5 7873//5
f 7889//2 8210//2 8211//2 8212//2
f 7861//4 8195//4 8211//4 8210//4
f 7874//5 7861//5 8210//5 7889//5
f 7885//1 8223//1 8207//1 7886//1
f 7890//2 7889//2 8212//2 8224//2
f 7900//1 8233//1 8223//1 7885//1
f 7901//2 7890//2 8224//2 8234//2
f 7909//1 8238//1 8239//1 7908//1
f 7908//4 8239//4 8233//4 7900//4
f 8238//6 8240//6 8233//6 8239//6
f 7913//2 7910//2 8241//2 8242//2
f 7901//4 8234//4 8241//4 7910//4
f 8243//6 8242//6 8241//6 8234//6
f 7916//1 8244//1 8245//1 7906//1
f 7906//4 8245//4 8238//4 7909//4
f 8244//6 8246//6 8238//6 8245//6
f 7919//2 7912//2 8247//2 8248//2
f 7913//4 8242//4 8247//4 7912//4
f 8249//6 8248//6 8247//6 8242//6
f 7921//1 8250//1 8244//1 7916//1
f 8250//6 8251//6 8246//6 8244//6
f 7923//2 7919//2 8248//2 8252//2
f 8253//6 8252//6 8248//6 8249//6
f 7926//1 8254//1 8255//1 7920//1
f 7920//4 8255//4 8250//4 7921//4
f 8254//6 8256//6 8250//6 8255//6
f 7929//2 7922//2 8257//2 8258//2
f 7923//4 8252//4 8257//4 7922//4
f 8259//6 8258//6 8257//6 8252//6
f 7931//1 8260//1 8254//1 7926//1
f 8260//6 8261//6 8256//6 8254//6
f 7933//2 7929//2 8258//2 8262//2
f 8263//6 8262//6 8258//6 8259//6
f 7935//1 8264//1 8260//1 7931//1
f 7935//3 7944//3 8265//3 8264//3
f 8264//6 8265//6 8261//6 8260//6
f 7937//2 7933//2 8262//2 8266//2
f 7947//3 7937//3 8266//3 8267//3
f 8267//6 8266//6 8262//6 8263//6
f 7943//1 8268//1 8265//1 7944//1
f 8268//6 8269//6 8270//6 8265//6
f 7946//2 7947//2 8267//2 8271//2
f 8272//6 8271//6 8267//6 8273//6
f 7959//1 8274//1 8268//1 7943//1
f 7959//3 7976//3 8275//3 8274//3
f 8274//6 8275//6 8269//6 8268//6
f 7961//2 7946//2 8271//2 8276//2
f 7981//3 7961//3 8276//3 8277//3
f 8277//6 8276//6 8271//6 8272//6
f 7975//1 8278//1 8275//1 7976//1
f 7975//3 7977//3 8279//3 8278//3
f 8278//6 8279//6 8280//6 8275//6
f 7977//3 7995//3 8281//3 8279//3
f 8279//6 8281//6 8282//6 8280//6
f 7995//3 7997//3 8283//3 8281//3
f 8005//3 8004//3 8284//3 8285//3
f 8004//3 7979//3 8286//3 8284//3
f 8284//6 8286//6 8287//6 8288//6
f 7978//2 7981//2 8277//2 8289//2
f 7979//3 7978//3 8289//3 8286//3
f 8286//6 8289//6 8277//6 8287//6
f 7996//1 8290//1 8283//1 7997//1
f 7996//3 7998//3 8291//3 8290//3
f 8290//6 8291//6 8292//6 8283//6
f 7998//3 7999//3 8293//3 8291//3
f 8291//6 8293//6 8294//6 8292//6
f 7999//3 8000//3 8295//3 8293//3
f 8293//6 8295//6 8296//6 8294//6
f 8000//3 8001//3 8297//3 8295//3
f 8295//6 8297//6 8298//6 8296//6
f 8002//2 8005//2 8285//2 8299//2
f 8001//3 8002//3 8299//3 8297//3
f 8297//6 8299//6 8285//6 8298//6
f 8015//1 8300//1 8301//1 7989//1
f 7989//4 8301//4 8302//4 7990//4
f 8300//6 8303//6 8302//6 8301//6
f 8017//2 7991//2 8304//2 8305//2
f 7990//4 8302//4 8304//4 7991//4
f 8303//6 8305//6 8304//6 8302//6
f 8019//1 8306//1 8307//1 8008//1
f 8008//4 8307//4 8308//4 8009//4
f 8306//6 8309//6 8308//6 8307//6
f 8020//2 8010//2 8310//2 8311//2
f 8009//4 8308//4 8310//4 8010//4
f 8309//6 8311//6 8310//6 8308//6
f 8025//1 8312//1 8313//1 8014//1
f 8014//4 8313//4 8300//4 8015//4
f 8312//6 8314//6 8300//6 8313//6
f 8314//6 8315//6 8303//6 8300//6
f 8027//2 8017//2 8305//2 8316//2
f 8315//6 8316//6 8305//6 8303//6
f 8029//1 8317//1 8306//1 8019//1
f 8317//6 8318//6 8309//6 8306//6
f 8318//6 8319//6 8311//6 8309//6
f 8031//2 8021//2 8320//2 8321//2
f 8020//4 8311//4 8320//4 8021//4
f 8319//6 8321//6 8320//6 8311//6
f 8032//1 8322//1 8323//1 8024//1
f 8024//4 8323//4 8312//4 8025//4
f 8322//6 8324//6 8312//6 8323//6
f 8324//6 8325//6 8314//6 8312//6
f 8325//6 8326//6 8315//6 8314//6
f 8034//2 8027//2 8316//2 8327//2
f 8326//6 8327//6 8316//6 8315//6
f 8036//1 8328//1 8317//1 8029//1
f 8328//6 8329//6 8318//6 8317//6
f 8329//6 8330//6 8319//6 8318//6
f 8330//6 8331//6 8321//6 8319//6
f 8037//2 8030//2 8332//2 8333//2
f 8031//4 8321//4 8332//4 8030//4
f 8331//6 8333//6 8332//6 8321//6
f 8040//1 8334//1 8322//1 8032//1
f 8334//6 8335//6 8324//6 8322//6
f 8335//6 8336//6 8325//6 8324//6
f 8336//6 8337//6 8326//6 8325//6
f 8042//2 8034//2 8327//2 8338//2
f 8337//6 8338//6 8327//6 8326//6
f 8044//1 8339//1 8328//1 8036//1
f 8339//6 8340//6 8329//6 8328//6
f 8340//6 8341//6 8330//6 8329//6
f 8341//6 8342//6 8331//6 8330//6
f 8047//2 8037//2 8333//2 8343//2
f 8342//6 8343//6 8333//6 8331//6
f 8048//1 8344//1 8345//1 8038//1
f 8038//4 8345//4 8334//4 8040//4
f 8344//6 8346//6 8334//6 8345//6
f 8346//6 8347//6 8335//6 8334//6
f 8050//2 8042//2 8338//2 8348//2
f 8349//6 8348//6 8338//6 8337//6
f 8052//1 8350//1 8339//1 8044//1
f 8350//6 8351//6 8340//6 8339//6
f 8352//6 8353//6 8343//6 8342//6
f 8053//2 8046//2 8354//2 8355//2
f 8047//4 8343//4 8354//4 8046//4
f 8353//6 8355//6 8354//6 8343//6
f 8054//1 8356//1 8344//1 8048//1
f 8356//6 8357//6 8346//6 8344//6
f 8056//2 8050//2 8348//2 8358//2
f 8359//6 8358//6 8348//6 8349//6
f 8058//1 8360//1 8350//1 8052//1
f 8360//6 8361//6 8351//6 8350//6
f 8059//2 8053//2 8355//2 8362//2
f 8363//6 8362//6 8355//6 8353//6
f 8063//1 8364//1 8356//1 8054//1
f 8065//2 8056//2 8358//2 8365//2
f 8366//6 8365//6 8358//6 8359//6
f 8067//1 8367//1 8360//1 8058//1
f 8367//6 8368//6 8361//6 8360//6
f 8071//2 8059//2 8362//2 8369//2
f 8072//1 8370//1 8371//1 8060//1
f 8060//4 8371//4 8364//4 8063//4
f 8370//6 8372//6 8364//6 8371//6
f 8073//2 8065//2 8365//2 8373//2
f 8374//6 8373//6 8365//6 8366//6
f 8074//1 8375//1 8367//1 8067//1
f 8375//6 8376//6 8368//6 8367//6
f 8075//2 8070//2 8377//2 8378//2
f 8071//4 8369//4 8377//4 8070//4
f 8379//6 8378//6 8377//6 8369//6
f 8076//1 8380//1 8370//1 8072//1
f 8380//6 8381//6 8372//6 8370//6
f 8077//2 8073//2 8373//2 8382//2
f 8078//1 8383//1 8375//1 8074//1
f 8079//2 8075//2 8378//2 8384//2
f 8385//6 8384//6 8378//6 8379//6
f 8080//1 8386//1 8380//1 8076//1
f 8081//2 8077//2 8382//2 8387//2
f 8388//6 8387//6 8382//6 8389//6
f 8082//1 8390//1 8383//1 8078//1
f 8390//6 8391//6 8392//6 8383//6
f 8083//2 8079//2 8384//2 8393//2
f 8084//1 8394//1 8386//1 8080//1
f 8086//2 8081//2 8387//2 8395//2
f 8396//6 8395//6 8387//6 8388//6
f 8089//1 8397//1 8390//1 8082//1
f 8397//6 8398//6 8391//6 8390//6
f 8091//2 8083//2 8393//2 8399//2
f 8400//1 8401//1 8402//1 8403//1
f 8400//3 8092//3 8404//3 8401//3
f 8403//4 8402//4 8394//4 8084//4
f 8400//5 8403//5 8084//5 8092//5
f 8401//6 8404//6 8394//6 8402//6
f 8405//2 8086//2 8395//2 8406//2
f 8093//3 8405//3 8406//3 8407//3
f 8093//5 8087//5 8086//5 8405//5
f 8407//6 8406//6 8395//6 8396//6
f 8408//1 8409//1 8397//1 8089//1
f 8408//3 8094//3 8410//3 8409//3
f 8408//5 8089//5 8090//5 8094//5
f 8409//6 8410//6 8398//6 8397//6
f 8411//2 8412//2 8413//2 8414//2
f 8095//3 8411//3 8414//3 8415//3
f 8091//4 8399//4 8413//4 8412//4
f 8095//5 8091//5 8412//5 8411//5
f 8415//6 8414//6 8413//6 8399//6
f 8101//1 8420//1 8416//1 8096//1
f 8101//3 8102//3 8421//3 8420//3
f 8102//3 8103//3 8422//3 8421//3
f 8104//3 8105//3 8423//3 8424//3
f 8107//2 8097//2 8417//2 8425//2
f 8105//3 8107//3 8425//3 8423//3
f 8109//1 8426//1 8418//1 8098//1
f 8109//3 8110//3 8427//3 8426//3
f 8110//3 8111//3 8428//3 8427//3
f 8112//3 8113//3 8429//3 8430//3
f 8115//2 8099//2 8419//2 8431//2
f 8113//3 8115//3 8431//3 8429//3
f 8432//1 8433//1 8422//1 8103//1
f 8434//2 8104//2 8424//2 8435//2
f 8432//3 8434//3 8435//3 8433//3
f 8432//5 8103//5 8104//5 8434//5
f 8433//6 8435//6 8424//6 8422//6
f 8436//1 8437//1 8428//1 8111//1
f 8438//2 8112//2 8430//2 8439//2
f 8436//3 8438//3 8439//3 8437//3
f 8436//5 8111//5 8112//5 8438//5
f 8437//6 8439//6 8430//6 8428//6
f 8440//1 8441//1 8442//1 8443//1
f 8443//4 8442//4 8444//4 8445//4
f 8440//5 8443//5 8445//5 8118//5
f 8445//4 8444//4 8446//4 8447//4
f 8118//5 8445//5 8447//5 8122//5
f 8448//2 8449//2 8450//2 8451//2
f 8447//4 8446//4 8450//4 8449//4
f 8122//5 8447//5 8449//5 8448//5
f 8452//1 8453//1 8454//1 8455//1
f 8455//4 8454//4 8456//4 8457//4
f 8452//5 8455//5 8457//5 8126//5
f 8457//4 8456//4 8441//4 8440//4
f 8126//5 8457//5 8440//5 8128//5
f 8128//5 8440//5 8118//5 8117//5
f 8123//5 8122//5 8448//5 8133//5
f 8448//4 8451//4 8458//4 8459//4
f 8133//5 8448//5 8459//5 8138//5
f 8460//2 8461//2 8462//2 8463//2
f 8459//4 8458//4 8462//4 8461//4
f 8138//5 8459//5 8461//5 8460//5
f 8464//1 8465//1 8466//1 8467//1
f 8467//4 8466//4 8453//4 8452//4
f 8464//5 8467//5 8452//5 8142//5
f 8142//5 8452//5 8126//5 8125//5
f 8139//5 8138//5 8460//5 8150//5
f 8468//2 8469//2 8470//2 8471//2
f 8460//4 8463//4 8470//4 8469//4
f 8150//5 8460//5 8469//5 8468//5
f 8472//1 8473//1 8465//1 8464//1
f 8472//5 8464//5 8142//5 8141//5
f 8474//2 8468//2 8471//2 8475//2
f 8151//5 8150//5 8468//5 8474//5
f 8476//1 8477//1 8473//1 8472//1
f 8476//5 8472//5 8141//5 8153//5
f 8478//2 8474//2 8475//2 8479//2
f 8157//5 8151//5 8474//5 8478//5
f 8480//1 8481//1 8477//1 8476//1
f 8480//5 8476//5 8153//5 8165//5
f 8482//2 8478//2 8479//2 8483//2
f 8167//5 8157//5 8478//5 8482//5
f 8484//1 8485//1 8481//1 8480//1
f 8484//5 8480//5 8165//5 8180//5
f 8486//2 8482//2 8483//2 8487//2
f 8181//5 8167//5 8482//5 8486//5
f 8208//1 8494//1 8485//1 8484//1
f 8208//5 8484//5 8180//5 8194//5
f 8211//2 8486//2 8487//2 8495//2
f 8195//5 8181//5 8486//5 8211//5
f 8207//1 8507//1 8494//1 8208//1
f 8212//2 8211//2 8495//2 8508//2
f 8223//1 8521//1 8507//1 8207//1
f 8224//2 8212//2 8508//2 8522//2
f 8233//1 8533//1 8521//1 8223//1
f 8234//2 8224//2 8522//2 8534//2
f 8240//1 8538//1 8533//1 8233//1
f 8243//2 8234//2 8534//2 8539//2
f 8246//1 8540//1 8541//1 8238//1
f 8238//4 8541//4 8538//4 8240//4
f 8540//6 8542//6 8538//6 8541//6
f 8542//6 8543//6 8544//6 8538//6
f 8545//6 8546//6 8539//6 8547//6
f 8249//2 8242//2 8548//2 8549//2
f 8243//4 8539//4 8548//4 8242//4
f 8546//6 8549//6 8548//6 8539//6
f 8251//1 8550//1 8540//1 8246//1
f 8550//6 8551//6 8542//6 8540//6
f 8253//2 8249//2 8549//2 8552//2
f 8553//6 8552//6 8549//6 8546//6
f 8256//1 8554//1 8555//1 8250//1
f 8250//4 8555//4 8550//4 8251//4
f 8554//6 8556//6 8550//6 8555//6
f 8259//2 8252//2 8557//2 8558//2
f 8253//4 8552//4 8557//4 8252//4
f 8559//6 8558//6 8557//6 8552//6
f 8261//1 8560//1 8554//1 8256//1
f 8560//6 8561//6 8556//6 8554//6
f 8263//2 8259//2 8558//2 8562//2
f 8563//6 8562//6 8558//6 8559//6
f 8265//1 8564//1 8560//1 8261//1
f 8265//3 8270//3 8565//3 8564//3
f 8564//6 8565//6 8561//6 8560//6
f 8267//2 8263//2 8562//2 8566//2
f 8273//3 8267//3 8566//3 8567//3
f 8567//6 8566//6 8562//6 8563//6
f 8269//1 8568//1 8565//1 8270//1
f 8568//6 8569//6 8570//6 8565//6
f 8272//2 8273//2 8567//2 8571//2
f 8572//6 8571//6 8567//6 8573//6
f 8275//1 8574//1 8568//1 8269//1
f 8275//3 8280//3 8575//3 8574//3
f 8574//6 8575//6 8569//6 8568//6
f 8280//3 8282//3 8576//3 8575//3
f 8575//6 8576//6 8577//6 8569//6
f 8288//3 8287//3 8578//3 8579//3
f 8579//6 8578//6 8572//6 8580//6
f 8277//2 8272//2 8571//2 8581//2
f 8287//3 8277//3 8581//3 8578//3
f 8578//6 8581//6 8571//6 8572//6
f 8281//1 8582//1 8576//1 8282//1
f 8281//3 8283//3 8583//3 8582//3
f 8582//6 8583//6 8584//6 8576//6
f 8283//3 8292//3 8585//3 8583//3
f 8583//6 8585//6 8586//6 8584//6
f 8292//3 8294//3 8587//3 8585//3
f 8585//6 8587//6 8588//6 8586//6
f 8294//3 8296//3 8589//3 8587//3
f 8587//6 8589//6 8590//6 8588//6
f 8296//3 8298//3 8591//3 8589//3
f 8589//6 8591//6 8592//6 8590//6
f 8298//3 8285//3 8593//3 8591//3
f 8591//6 8593//6 8594//6 8592//6
f 8284//2 8288//2 8579//2 8595//2
f 8285//3 8284//3 8595//3 8593//3
f 8593//6 8595//6 8579//6 8594//6
f 8347//1 8596//1 8597//1 8335//1
f 8335//4 8597//4 8598//4 8336//4
f 8596//6 8599//6 8598//6 8597//6
f 8349//2 8337//2 8600//2 8601//2
f 8336//4 8598//4 8600//4 8337//4
f 8599//6 8601//6 8600//6 8598//6
f 8351//1 8602//1 8603//1 8340//1
f 8340//4 8603//4 8604//4 8341//4
f 8602//6 8605//6 8604//6 8603//6
f 8352//2 8342//2 8606//2 8607//2
f 8341//4 8604//4 8606//4 8342//4
f 8605//6 8607//6 8606//6 8604//6
f 8357//1 8608//1 8609//1 8346//1
f 8346//4 8609//4 8596//4 8347//4
f 8608//6 8610//6 8596//6 8609//6
f 8610//6 8611//6 8599//6 8596//6
f 8359//2 8349//2 8601//2 8612//2
f 8611//6 8612//6 8601//6 8599//6
f 8361//1 8613//1 8602//1 8351//1
f 8613//6 8614//6 8605//6 8602//6
f 8614//6 8615//6 8607//6 8605//6
f 8363//2 8353//2 8616//2 8617//2
f 8352//4 8607//4 8616//4 8353//4
f 8615//6 8617//6 8616//6 8607//6
f 8364//1 8618//1 8619//1 8356//1
f 8356//4 8619//4 8608//4 8357//4
f 8618//6 8620//6 8608//6 8619//6
f 8620//6 8621//6 8610//6 8608//6
f 8621//6 8622//6 8611//6 8610//6
f 8366//2 8359//2 8612//2 8623//2
f 8622//6 8623//6 8612//6 8611//6
f 8368//1 8624//1 8613//1 8361//1
f 8624//6 8625//6 8614//6 8613//6
f 8625//6 8626//6 8615//6 8614//6
f 8626//6 8627//6 8617//6 8615//6
f 8369//2 8362//2 8628//2 8629//2
f 8363//4 8617//4 8628//4 8362//4
f 8627//6 8629//6 8628//6 8617//6
f 8372//1 8630//1 8618//1 8364//1
f 8630//6 8631//6 8620//6 8618//6
f 8631//6 8632//6 8621//6 8620//6
f 8374//2 8366//2 8623//2 8633//2
f 8634//6 8633//6 8623//6 8622//6
f 8376//1 8635//1 8624//1 8368//1
f 8635//6 8636//6 8625//6 8624//6
f 8637//6 8638//6 8627//6 8626//6
f 8379//2 8369//2 8629//2 8639//2
f 8638//6 8639//6 8629//6 8627//6
f 8381//1 8640//1 8630//1 8372//1
f 8640//6 8641//6 8631//6 8630//6
f 8642//6 8643//6 8633//6 8634//6
f 8382//2 8373//2 8644//2 8645//2
f 8389//3 8382//3 8645//3 8643//3
f 8374//4 8633//4 8644//4 8373//4
f 8643//6 8645//6 8644//6 8633//6
f 8383//1 8646//1 8647//1 8375//1
f 8383//3 8392//3 8648//3 8646//3
f 8375//4 8647//4 8635//4 8376//4
f 8646//6 8648//6 8635//6 8647//6
f 8648//6 8649//6 8636//6 8635//6
f 8385//2 8379//2 8639//2 8650//2
f 8651//6 8650//6 8639//6 8638//6
f 8386//1 8652//1 8653//1 8380//1
f 8380//4 8653//4 8640//4 8381//4
f 8652//6 8654//6 8640//6 8653//6
f 8388//2 8389//2 8643//2 8655//2
f 8391//1 8656//1 8648//1 8392//1
f 8393//2 8384//2 8657//2 8658//2
f 8385//4 8650//4 8657//4 8384//4
f 8659//6 8658//6 8657//6 8650//6
f 8394//1 8660//1 8652//1 8386//1
f 8396//2 8388//2 8655//2 8661//2
f 8398//1 8662//1 8656//1 8391//1
f 8399//2 8393//2 8658//2 8663//2
f 8404//1 8664//1 8660//1 8394//1
f 8407//2 8396//2 8661//2 8665//2
f 8410//1 8666//1 8662//1 8398//1
f 8415//2 8399//2 8663//2 8667//2
f 8420//1 8672//1 8668//1 8416//1
f 8420//3 8421//3 8673//3 8672//3
f 8672//6 8673//6 8674//6 8668//6
f 8421//3 8422//3 8675//3 8673//3
f 8422//3 8424//3 8676//3 8675//3
f 8424//3 8423//3 8677//3 8676//3
f 8425//2 8417//2 8669//2 8678//2
f 8423//3 8425//3 8678//3 8677//3
f 8677//6 8678//6 8669//6 8679//6
f 8426//1 8680//1 8670//1 8418//1
f 8426//3 8427//3 8681//3 8680//3
f 8680//6 8681//6 8682//6 8670//6
f 8427//3 8428//3 8683//3 8681//3
f 8428//3 8430//3 8684//3 8683//3
f 8430//3 8429//3 8685//3 8684//3
f 8431//2 8419//2 8671//2 8686//2
f 8429//3 8431//3 8686//3 8685//3
f 8685//6 8686//6 8671//6 8687//6
f 8454//1 8688//1 8689//1 8690//1
f 8690//4 8689//4 8691//4 8692//4
f 8454//5 8690//5 8692//5 8456//5
f 8692//4 8691//4 8693//4 8442//4
f 8456//5 8692//5 8442//5 8441//5
f 8442//4 8693//4 8694//4 8444//4
f 8444//4 8694//4 8695//4 8446//4
f 8446//4 8695//4 8696//4 8450//4
f 8450//4 8696//4 8697//4 8698//4
f 8451//5 8450//5 8698//5 8458//5
f 8462//2 8699//2 8700//2 8701//2
f 8698//4 8697//4 8700//4 8699//4
f 8458//5 8698//5 8699//5 8462//5
f 8466//1 8702//1 8703//1 8704//1
f 8704//4 8703//4 8688//4 8454//4
f 8466//5 8704//5 8454//5 8453//5
f 8470//2 8705//2 8706//2 8707//2
f 8462//4 8701//4 8706//4 8705//4
f 8463//5 8462//5 8705//5 8470//5
f 8708//1 8709//1 8710//1 8711//1
f 8711//4 8710//4 8702//4 8466//4
f 8708//5 8711//5 8466//5 8465//5
f 8712//2 8713//2 8714//2 8715//2
f 8470//4 8707//4 8714//4 8713//4
f 8471//5 8470//5 8713//5 8712//5
f 8716//1 8717//1 8709//1 8708//1
f 8716//5 8708//5 8465//5 8473//5
f 8718//2 8712//2 8715//2 8719//2
f 8475//5 8471//5 8712//5 8718//5
f 8720//1 8721//1 8717//1 8716//1
f 8720//5 8716//5 8473//5 8477//5
f 8722//2 8718//2 8719//2 8723//2
f 8479//5 8475//5 8718//5 8722//5
f 8724//1 8725//1 8721//1 8720//1
f 8724//5 8720//5 8477//5 8481//5
f 8726//2 8722//2 8723//2 8727//2
f 8483//5 8479//5 8722//5 8726//5
f 8728//1 8729//1 8725//1 8724//1
f 8728//3 8485//3 8730//3 8729//3
f 8728//5 8724//5 8481//5 8485//5
f 8731//2 8726//2 8727//2 8732//2
f 8487//3 8731//3 8732//3 8733//3
f 8487//5 8483//5 8726//5 8731//5
f 8494//1 8734//1 8730//1 8485//1
f 8495//2 8487//2 8733//2 8735//2
f 8507//1 8736//1 8734//1 8494//1
f 8508//2 8495//2 8735//2 8737//2
f 8521//1 8744//1 8736//1 8507//1
f 8522//2 8508//2 8737//2 8745//2
f 8533//1 8756//1 8744//1 8521//1
f 8534//2 8522//2 8745//2 8757//2
f 8538//1 8762//1 8756//1 8533//1
f 8538//3 8544//3 8763//3 8762//3
f 8762//6 8763//6 8764//6 8756//6
f 8539//2 8534//2 8757//2 8765//2
f 8547//3 8539//3 8765//3 8766//3
f 8766//6 8765//6 8757//6 8767//6
f 8543//1 8768//1 8763//1 8544//1
f 8545//2 8547//2 8766//2 8769//2
f 8551//1 8770//1 8771//1 8542//1
f 8542//4 8771//4 8768//4 8543//4
f 8770//6 8772//6 8768//6 8771//6
f 8772//6 8773//6 8774//6 8768//6
f 8775//6 8776//6 8769//6 8777//6
f 8553//2 8546//2 8778//2 8779//2
f 8545//4 8769//4 8778//4 8546//4
f 8776//6 8779//6 8778//6 8769//6
f 8556//1 8780//1 8781//1 8550//1
f 8550//4 8781//4 8770//4 8551//4
f 8780//6 8782//6 8770//6 8781//6
f 8782//6 8783//6 8772//6 8770//6
f 8784//6 8785//6 8779//6 8776//6
f 8559//2 8552//2 8786//2 8787//2
f 8553//4 8779//4 8786//4 8552//4
f 8785//6 8787//6 8786//6 8779//6
f 8561//1 8788//1 8780//1 8556//1
f 8788//6 8789//6 8782//6 8780//6
f 8789//6 8790//6 8783//6 8782//6
f 8791//6 8792//6 8785//6 8784//6
f 8563//2 8559//2 8787//2 8793//2
f 8792//6 8793//6 8787//6 8785//6
f 8565//1 8794//1 8788//1 8561//1
f 8565//3 8570//3 8795//3 8794//3
f 8794//6 8795//6 8789//6 8788//6
f 8795//6 8796//6 8790//6 8789//6
f 8797//6 8798//6 8792//6 8791//6
f 8567//2 8563//2 8793//2 8799//2
f 8573//3 8567//3 8799//3 8798//3
f 8798//6 8799//6 8793//6 8792//6
f 8569//1 8800//1 8795//1 8570//1
f 8569//3 8577//3 8801//3 8800//3
f 8800//6 8801//6 8796//6 8795//6
f 8801//6 8802//6 8803//6 8796//6
f 8804//6 8805//6 8797//6 8806//6
f 8572//2 8573//2 8798//2 8807//2
f 8580//3 8572//3 8807//3 8805//3
f 8805//6 8807//6 8798//6 8797//6
f 8576//1 8808//1 8801//1 8577//1
f 8576//3 8584//3 8809//3 8808//3
f 8808//6 8809//6 8802//6 8801//6
f 8584//3 8586//3 8810//3 8809//3
f 8809//6 8810//6 8811//6 8802//6
f 8586//3 8588//3 8812//3 8810//3
f 8810//6 8812//6 8813//6 8811//6
f 8588//3 8590//3 8814//3 8812//3
f 8812//6 8814//6 8815//6 8813//6
f 8590//3 8592//3 8816//3 8814//3
f 8814//6 8816//6 8817//6 8815//6
f 8592//3 8594//3 8818//3 8816//3
f 8816//6 8818//6 8804//6 8817//6
f 8579//2 8580//2 8805//2 8819//2
f 8594//3 8579//3 8819//3 8818//3
f 8818//6 8819//6 8805//6 8804//6
f 8632//1 8820//1 8821//1 8621//1
f 8634//2 8622//2 8822//2 8823//2
f 8621//4 8821//4 8822//4 8622//4
f 8820//6 8823//6 8822//6 8821//6
f 8636//1 8824//1 8825//1 8625//1
f 8637//2 8626//2 8826//2 8827//2
f 8625//4 8825//4 8826//4 8626//4
f 8824//6 8827//6 8826//6 8825//6
f 8641//1 8828//1 8829//1 8631//1
f 8631//4 8829//4 8820//4 8632//4
f 8828//6 8830//6 8820//6 8829//6
f 8642//2 8634//2 8823//2 8831//2
f 8830//6 8831//6 8823//6 8820//6
f 8649//1 8832//1 8824//1 8636//1
f 8832//6 8833//6 8827//6 8824//6
f 8651//2 8638//2 8834//2 8835//2
f 8637//4 8827//4 8834//4 8638//4
f 8833//6 8835//6 8834//6 8827//6
f 8654//1 8836//1 8837//1 8640//1
f 8640//4 8837//4 8828//4 8641//4
f 8836//6 8838//6 8828//6 8837//6
f 8838//6 8839//6 8830//6 8828//6
f 8839//6 8840//6 8831//6 8830//6
f 8655//2 8643//2 8841//2 8842//2
f 8642//4 8831//4 8841//4 8643//4
f 8840//6 8842//6 8841//6 8831//6
f 8656//1 8843//1 8844//1 8648//1
f 8648//4 8844//4 8832//4 8649//4
f 8843//6 8845//6 8832//6 8844//6
f 8845//6 8846//6 8833//6 8832//6
f 8846//6 8847//6 8835//6 8833//6
f 8659//2 8650//2 8848//2 8849//2
f 8651//4 8835//4 8848//4 8650//4
f 8847//6 8849//6 8848//6 8835//6
f 8660//1 8850//1 8851//1 8652//1
f 8652//4 8851//4 8836//4 8654//4
f 8850//6 8852//6 8836//6 8851//6
f 8852//6 8853//6 8838//6 8836//6
f 8853//6 8854//6 8839//6 8838//6
f 8854//6 8855//6 8840//6 8839//6
f 8661//2 8655//2 8842//2 8856//2
f 8855//6 8856//6 8842//6 8840//6
f 8662//1 8857//1 8843//1 8656//1
f 8857//6 8858//6 8845//6 8843//6
f 8858//6 8859//6 8846//6 8845//6
f 8859//6 8860//6 8847//6 8846//6
f 8860//6 8861//6 8849//6 8847//6
f 8663//2 8658//2 8862//2 8863//2
f 8659//4 8849//4 8862//4 8658//4
f 8861//6 8863//6 8862//6 8849//6
f 8664//1 8864//1 8850//1 8660//1
f 8864//6 8865//6 8852//6 8850//6
f 8865//6 8866//6 8853//6 8852//6
f 8867//6 8868//6 8855//6 8854//6
f 8665//2 8661//2 8856//2 8869//2
f 8868//6 8869//6 8856//6 8855//6
f 8666//1 8870//1 8857//1 8662//1
f 8870//6 8871//6 8858//6 8857//6
f 8871//6 8872//6 8859//6 8858//6
f 8873//6 8874//6 8861//6 8860//6
f 8667//2 8663//2 8863//2 8875//2
f 8874//6 8875//6 8863//6 8861//6
f 8877//6 8878//6 8866//6 8865//6
f 8879//6 8880//6 8868//6 8867//6
f 8883//6 8884//6 8872//6 8871//6
f 8885//6 8886//6 8874//6 8873//6
f 8673//1 8888//1 8877//1 8674//1
f 8673//3 8675//3 8889//3 8888//3
f 8888//6 8889//6 8878//6 8877//6
f 8675//3 8676//3 8890//3 8889//3
f 8889//6 8890//6 8879//6 8878//6
f 8677//2 8679//2 8880//2 8891//2
f 8676//3 8677//3 8891//3 8890//3
f 8890//6 8891//6 8880//6 8879//6
f 8681//1 8892//1 8883//1 8682//1
f 8681//3 8683//3 8893//3 8892//3
f 8892//6 8893//6 8884//6 8883//6
f 8683//3 8684//3 8894//3 8893//3
f 8893//6 8894//6 8885//6 8884//6
f 8685//2 8687//2 8886//2 8895//2
f 8684//3 8685//3 8895//3 8894//3
f 8894//6 8895//6 8886//6 8885//6
f 8691//1 8940//1 8941//1 8942//1
f 8942//4 8941//4 8943//4 8944//4
f 8691//5 8942//5 8944//5 8693//5
f 8944//4 8943//4 8945//4 8946//4
f 8693//5 8944//5 8946//5 8694//5
f 8946//4 8945//4 8947//4 8948//4
f 8694//5 8946//5 8948//5 8695//5
f 8948//4 8947//4 8949//4 8950//4
f 8695//5 8948//5 8950//5 8696//5
f 8697//2 8951//2 8952//2 8953//2
f 8950//4 8949//4 8952//4 8951//4
f 8696//5 8950//5 8951//5 8697//5
f 8703//1 8954//1 8955//1 8956//1
f 8956//4 8955//4 8957//4 8689//4
f 8703//5 8956//5 8689//5 8688//5
f 8689//4 8957//4 8940//4 8691//4
f 8697//4 8953//4 8958//4 8700//4
f 8706//2 8959//2 8960//2 8961//2
f 8700//4 8958//4 8960//4 8959//4
f 8701//5 8700//5 8959//5 8706//5
f 8710//1 8962//1 8963//1 8964//1
f 8964//4 8963//4 8954//4 8703//4
f 8710//5 8964//5 8703//5 8702//5
f 8714//2 8965//2 8966//2 8967//2
f 8706//4 8961//4 8966//4 8965//4
f 8707//5 8706//5 8965//5 8714//5
f 8709//1 8968//1 8962//1 8710//1
f 8715//2 8714//2 8967//2 8969//2
f 8970//1 8971//1 8972//1 8973//1
f 8973//4 8972//4 8968//4 8709//4
f 8970//5 8973//5 8709//5 8717//5
f 8974//2 8975//2 8976//2 8977//2
f 8715//4 8969//4 8976//4 8975//4
f 8719//5 8715//5 8975//5 8974//5
f 8978//1 8979//1 8971//1 8970//1
f 8978//5 8970//5 8717//5 8721//5
f 8980//2 8974//2 8977//2 8981//2
f 8723//5 8719//5 8974//5 8980//5
f 8982//1 8983//1 8979//1 8978//1
f 8982//3 8725//3 8984//3 8983//3
f 8982//5 8978//5 8721//5 8725//5
f 8985//2 8980//2 8981//2 8986//2
f 8727//3 8985//3 8986//3 8987//3
f 8727//5 8723//5 8980//5 8985//5
f 8729//1 8988//1 8984//1 8725//1
f 8732//2 8727//2 8987//2 8989//2
f 8990//1 8991//1 8988//1 8729//1
f 8990//3 8734//3 8992//3 8991//3
f 8990//5 8729//5 8730//5 8734//5
f 8993//2 8732//2 8989//2 8994//2
f 8735//3 8993//3 8994//3 8995//3
f 8735//5 8733//5 8732//5 8993//5
f 8736//1 8996//1 8992//1 8734//1
f 8737//2 8735//2 8995//2 8997//2
f 8744//1 8998//1 8996//1 8736//1
f 8998//6 8999//6 9000//6 8996//6
f 8745//2 8737//2 8997//2 9001//2
f 9002//6 9001//6 8997//6 9003//6
f 8756//1 9004//1 8998//1 8744//1
f 8756//3 8764//3 9005//3 9004//3
f 9004//6 9005//6 8999//6 8998//6
f 8757//2 8745//2 9001//2 9006//2
f 8767//3 8757//3 9006//3 9007//3
f 9007//6 9006//6 9001//6 9002//6
f 8763//1 9008//1 9005//1 8764//1
f 9008//6 9009//6 9010//6 9005//6
f 8766//2 8767//2 9007//2 9011//2
f 9012//6 9011//6 9007//6 9013//6
f 8768//1 9014//1 9008//1 8763//1
f 8768//3 8774//3 9015//3 9014//3
f 9014//6 9015//6 9009//6 9008//6
f 8769//2 8766//2 9011//2 9016//2
f 8777//3 8769//3 9016//3 9017//3
f 9017//6 9016//6 9011//6 9012//6
f 8773//1 9018//1 9015//1 8774//1
f 9018//6 9019//6 9020//6 9015//6
f 9019//6 9021//6 9022//6 9020//6
f 9021//6 9023//6 9024//6 9022//6
f 9023//6 9025//6 9026//6 9024//6
f 8775//2 8777//2 9017//2 9027//2
f 9025//6 9027//6 9017//6 9026//6
f 8783//1 9028//1 9029//1 8772//1
f 8772//4 9029//4 9018//4 8773//4
f 9028//6 9030//6 9018//6 9029//6
f 9030//6 9031//6 9019//6 9018//6
f 9031//6 9032//6 9021//6 9019//6
f 9032//6 9033//6 9023//6 9021//6
f 9033//6 9034//6 9025//6 9023//6
f 9034//6 9035//6 9027//6 9025//6
f 8784//2 8776//2 9036//2 9037//2
f 8775//4 9027//4 9036//4 8776//4
f 9035//6 9037//6 9036//6 9027//6
f 8790//1 9038//1 9028//1 8783//1
f 9038//6 9039//6 9030//6 9028//6
f 9039//6 9040//6 9031//6 9030//6
f 9040//6 9041//6 9032//6 9031//6
f 9042//6 9043//6 9034//6 9033//6
f 9043//6 9044//6 9035//6 9034//6
f 8791//2 8784//2 9037//2 9045//2
f 9044//6 9045//6 9037//6 9035//6
f 8796//1 9046//1 9038//1 8790//1
f 8796//3 8803//3 9047//3 9046//3
f 9046//6 9047//6 9039//6 9038//6
f 9047//6 9048//6 9040//6 9039//6
f 9048//6 9049//6 9041//6 9040//6
f 9049//6 9050//6 9042//6 9041//6
f 9050//6 9051//6 9043//6 9042//6
f 9051//6 9052//6 9044//6 9043//6
f 8797//2 8791//2 9045//2 9053//2
f 8806//3 8797//3 9053//3 9052//3
f 9052//6 9053//6 9045//6 9044//6
f 8802//1 9054//1 9047//1 8803//1
f 8802//3 8811//3 9055//3 9054//3
f 9054//6 9055//6 9048//6 9047//6
f 8811//3 8813//3 9056//3 9055//3
f 9055//6 9056//6 9049//6 9048//6
f 8813//3 8815//3 9057//3 9056//3
f 9056//6 9057//6 9050//6 9049//6
f 8815//3 8817//3 9058//3 9057//3
f 9057//6 9058//6 9051//6 9050//6
f 8804//2 8806//2 9052//2 9059//2
f 8817//3 8804//3 9059//3 9058//3
f 9058//6 9059//6 9052//6 9051//6
f 8866//1 9060//1 9061//1 8853//1
f 8867//2 8854//2 9062//2 9063//2
f 8853//4 9061//4 9062//4 8854//4
f 9060//6 9063//6 9062//6 9061//6
f 8872//1 9064//1 9065//1 8859//1
f 8873//2 8860//2 9066//2 9067//2
f 8859//4 9065//4 9066//4 8860//4
f 9064//6 9067//6 9066//6 9065//6
f 8957//1 9154//1 9155//1 9156//1
f 9156//4 9155//4 9157//4 8941//4
f 8957//5 9156//5 8941//5 8940//5
f 8941//4 9157//4 9158//4 8943//4
f 8943//4 9158//4 9159//4 8945//4
f 8945//4 9159//4 9160//4 8947//4
f 8947//4 9160//4 9161//4 8949//4
f 8949//4 9161//4 9162//4 8952//4
f 8958//2 9163//2 9164//2 9165//2
f 8952//4 9162//4 9164//4 9163//4
f 8953//5 8952//5 9163//5 8958//5
f 8972//1 9178//1 9179//1 9180//1
f 9180//4 9179//4 9176//4 8962//4
f 8972//5 9180//5 8962//5 8968//5
f 8976//2 9181//2 9182//2 9183//2
f 8967//4 9177//4 9182//4 9181//4
f 8969//5 8967//5 9181//5 8976//5
f 8971//1 9184//1 9178//1 8972//1
f 8977//2 8976//2 9183//2 9185//2
f 8979//1 9186//1 9184//1 8971//1
f 8981//2 8977//2 9185//2 9187//2
f 8983//1 9188//1 9186//1 8979//1
f 8986//2 8981//2 9187//2 9189//2
f 9190//1 9191//1 9188//1 8983//1
f 9190//3 8988//3 9192//3 9191//3
f 9190//5 8983//5 8984//5 8988//5
f 9193//2 8986//2 9189//2 9194//2
f 8989//3 9193//3 9194//3 9195//3
f 8989//5 8987//5 8986//5 9193//5
f 8991//1 9196//1 9192//1 8988//1
f 8991//3 8992//3 9197//3 9196//3
f 8994//2 8989//2 9195//2 9198//2
f 8995//3 8994//3 9198//3 9199//3
f 8996//1 9200//1 9197//1 8992//1
f 8996//3 9000//3 9201//3 9200//3
f 8997//2 8995//2 9199//2 9202//2
f 9003//3 8997//3 9202//3 9203//3
f 8999//1 9204//1 9201//1 9000//1
f 9002//2 9003//2 9203//2 9205//2
f 9005//1 9206//1 9204//1 8999//1
f 9005//3 9010//3 9207//3 9206//3
f 9206//6 9207//6 9208//6 9204//6
f 9007//2 9002//2 9205//2 9209//2
f 9013//3 9007//3 9209//3 9210//3
f 9210//6 9209//6 9205//6 9211//6
f 9009//1 9212//1 9207//1 9010//1
f 9212//6 9213//6 9214//6 9207//6
f 9012//2 9013//2 9210//2 9215//2
f 9216//6 9215//6 9210//6 9217//6
f 9015//1 9218//1 9212//1 9009//1
f 9015//3 9020//3 9219//3 9218//3
f 9218//6 9219//6 9213//6 9212//6
f 9020//3 9022//3 9220//3 9219//3
f 9219//6 9220//6 9221//6 9213//6
f 9022//3 9024//3 9222//3 9220//3
f 9220//6 9222//6 9223//6 9221//6
f 9024//3 9026//3 9224//3 9222//3
f 9222//6 9224//6 9216//6 9223//6
f 9017//2 9012//2 9215//2 9225//2
f 9026//3 9017//3 9225//3 9224//3
f 9224//6 9225//6 9215//6 9216//6
f 9041//1 9226//1 9227//1 9032//1
f 9042//2 9033//2 9228//2 9229//2
f 9041//3 9042//3 9229//3 9226//3
f 9032//4 9227//4 9228//4 9033//4
f 9226//6 9229//6 9228//6 9227//6
f 9155//4 9276//4 9279//4 9157//4
f 9157//4 9279//4 9280//4 9158//4
f 9158//4 9280//4 9281//4 9159//4
f 9159//4 9281//4 9282//4 9160//4
f 9160//4 9282//4 9283//4 9161//4
f 9161//4 9283//4 9284//4 9162//4
f 9162//4 9284//4 9285//4 9164//4
f 9178//1 9294//1 9292//1 9179//1
f 9183//2 9182//2 9293//2 9295//2
f 9184//1 9296//1 9294//1 9178//1
f 9185//2 9183//2 9295//2 9297//2
f 9186//1 9298//1 9296//1 9184//1
f 9187//2 9185//2 9297//2 9299//2
f 9188//1 9300//1 9298//1 9186//1
f 9189//2 9187//2 9299//2 9301//2
f 9191//1 9302//1 9300//1 9188//1
f 9191//3 9192//3 9303//3 9302//3
f 9194//2 9189//2 9301//2 9304//2
f 9195//3 9194//3 9304//3 9305//3
f 9196//1 9306//1 9303//1 9192//1
f 9198//2 9195//2 9305//2 9307//2
f 9308//1 9309//1 9306//1 9196//1
f 9308//3 9200//3 9310//3 9309//3
f 9308//5 9196//5 9197//5 9200//5
f 9200//3 9201//3 9311//3 9310//3
f 9203//3 9202//3 9312//3 9313//3
f 9314//2 9198//2 9307//2 9315//2
f 9202//3 9314//3 9315//3 9312//3
f 9202//5 9199//5 9198//5 9314//5
f 9204//1 9316//1 9311//1 9201//1
f 9204//3 9208//3 9317//3 9316//3
f 9205//2 9203//2 9313//2 9318//2
f 9211//3 9205//3 9318//3 9319//3
f 9207//1 9320//1 9317//1 9208//1
f 9207//3 9214//3 9321//3 9320//3
f 9320//6 9321//6 9322//6 9317//6
f 9321//6 9323//6 9324//6 9322//6
f 9325//6 9326//6 9327//6 9328//6
f 9210//2 9211//2 9319//2 9329//2
f 9217//3 9210//3 9329//3 9326//3
f 9326//6 9329//6 9319//6 9327//6
f 9213//1 9330//1 9321//1 9214//1
f 9213//3 9221//3 9331//3 9330//3
f 9330//6 9331//6 9323//6 9321//6
f 9221//3 9223//3 9332//3 9331//3
f 9331//6 9332//6 9325//6 9323//6
f 9216//2 9217//2 9326//2 9333//2
f 9223//3 9216//3 9333//3 9332//3
f 9332//6 9333//6 9326//6 9325//6
f 9281//1 9334//1 9335//1 9336//1
f 9282//2 9337//2 9338//2 9339//2
f 9336//4 9335//4 9338//4 9337//4
f 9281//5 9336//5 9337//5 9282//5
f 9334//6 9339//6 9338//6 9335//6
f 9278//1 9344//1 9345//1 9276//1
f 9276//4 9345//4 9346//4 9279//4
f 9279//4 9346//4 9347//4 9280//4
f 9280//4 9347//4 9334//4 9281//4
f 9282//4 9339//4 9348//4 9283//4
f 9283//4 9348//4 9349//4 9284//4
f 9286//2 9285//2 9350//2 9351//2
f 9284//4 9349//4 9350//4 9285//4
f 9292//1 9362//1 9356//1 9290//1
f 9362//6 9363//6 9358//6 9356//6
f 9293//2 9291//2 9360//2 9364//2
f 9365//6 9364//6 9360//6 9361//6
f 9294//1 9366//1 9362//1 9292//1
f 9295//2 9293//2 9364//2 9367//2
f 9296//1 9368//1 9366//1 9294//1
f 9297//2 9295//2 9367//2 9369//2
f 9370//1 9371//1 9372//1 9373//1
f 9370//3 9298//3 9374//3 9371//3
f 9373//4 9372//4 9368//4 9296//4
f 9370//5 9373//5 9296//5 9298//5
f 9371//6 9374//6 9368//6 9372//6
f 9375//2 9376//2 9377//2 9378//2
f 9299//3 9375//3 9378//3 9379//3
f 9297//4 9369//4 9377//4 9376//4
f 9299//5 9297//5 9376//5 9375//5
f 9379//6 9378//6 9377//6 9369//6
f 9300//1 9380//1 9374//1 9298//1
f 9301//2 9299//2 9379//2 9381//2
f 9302//1 9382//1 9380//1 9300//1
f 9304//2 9301//2 9381//2 9383//2
f 9384//1 9385//1 9382//1 9302//1
f 9384//3 9306//3 9386//3 9385//3
f 9384//5 9302//5 9303//5 9306//5
f 9385//6 9386//6 9387//6 9382//6
f 9388//2 9304//2 9383//2 9389//2
f 9307//3 9388//3 9389//3 9390//3
f 9307//5 9305//5 9304//5 9388//5
f 9390//6 9389//6 9383//6 9391//6
f 9309//1 9392//1 9386//1 9306//1
f 9309//3 9310//3 9393//3 9392//3
f 9310//3 9311//3 9394//3 9393//3
f 9313//3 9312//3 9395//3 9396//3
f 9315//2 9307//2 9390//2 9397//2
f 9312//3 9315//3 9397//3 9395//3
f 9316//1 9398//1 9394//1 9311//1
f 9316//3 9317//3 9399//3 9398//3
f 9317//3 9322//3 9400//3 9399//3
f 9322//3 9324//3 9401//3 9400//3
f 9328//3 9327//3 9402//3 9403//3
f 9327//3 9319//3 9404//3 9402//3
f 9318//2 9313//2 9396//2 9405//2
f 9319//3 9318//3 9405//3 9404//3
f 9323//1 9406//1 9401//1 9324//1
f 9325//2 9328//2 9403//2 9407//2
f 9323//3 9325//3 9407//3 9406//3
f 9406//6 9407//6 9403//6 9401//6
f 9344//1 9408//1 9409//1 9345//1
f 9345//4 9409//4 9410//4 9346//4
f 9346//4 9410//4 9411//4 9347//4
f 9347//4 9411//4 9412//4 9334//4
f 9334//4 9412//4 9413//4 9339//4
f 9339//4 9413//4 9414//4 9348//4
f 9348//4 9414//4 9415//4 9349//4
f 9351//2 9350//2 9416//2 9417//2
f 9349//4 9415//4 9416//4 9350//4
f 9358//1 9418//1 9419//1 9340//1
f 9340//4 9419//4 9420//4 9343//4
f 9418//6 9421//6 9420//6 9419//6
f 9343//4 9420//4 9408//4 9344//4
f 9351//4 9417//4 9422//4 9352//4
f 9361//2 9355//2 9423//2 9424//2
f 9352//4 9422//4 9423//4 9355//4
f 9425//6 9424//6 9423//6 9422//6
f 9363//1 9426//1 9418//1 9358//1
f 9365//2 9361//2 9424//2 9427//2
f 9366//1 9428//1 9429//1 9362//1
f 9362//4 9429//4 9426//4 9363//4
f 9367//2 9364//2 9430//2 9431//2
f 9365//4 9427//4 9430//4 9364//4
f 9368//1 9432//1 9428//1 9366//1
f 9369//2 9367//2 9431//2 9433//2
f 9374//1 9434//1 9432//1 9368//1
f 9379//2 9369//2 9433//2 9435//2
f 9380//1 9436//1 9434//1 9374//1
f 9381//2 9379//2 9435//2 9437//2
f 9382//1 9438//1 9436//1 9380//1
f 9382//3 9387//3 9439//3 9438//3
f 9383//2 9381//2 9437//2 9440//2
f 9391//3 9383//3 9440//3 9441//3
f 9386//1 9442//1 9439//1 9387//1
f 9390//2 9391//2 9441//2 9443//2
f 9392//1 9444//1 9442//1 9386//1
f 9392//3 9393//3 9445//3 9444//3
f 9444//6 9445//6 9446//6 9442//6
f 9393//3 9394//3 9447//3 9445//3
f 9396//3 9395//3 9448//3 9449//3
f 9397//2 9390//2 9443//2 9450//2
f 9395//3 9397//3 9450//3 9448//3
f 9448//6 9450//6 9443//6 9451//6
f 9398//1 9452//1 9447//1 9394//1
f 9398//3 9399//3 9453//3 9452//3
f 9399//3 9400//3 9454//3 9453//3
f 9400//3 9401//3 9455//3 9454//3
f 9401//3 9403//3 9456//3 9455//3
f 9403//3 9402//3 9457//3 9456//3
f 9402//3 9404//3 9458//3 9457//3
f 9405//2 9396//2 9449//2 9459//2
f 9404//3 9405//3 9459//3 9458//3
f 9408//1 9460//1 9461//1 9409//1
f 9409//4 9461//4 9462//4 9410//4
f 9460//6 9463//6 9462//6 9461//6
f 9410//4 9462//4 9464//4 9411//4
f 9411//4 9464//4 9465//4 9412//4
f 9412//4 9465//4 9466//4 9413//4
f 9413//4 9466//4 9467//4 9414//4
f 9414//4 9467//4 9468//4 9415//4
f 9417//2 9416//2 9469//2 9470//2
f 9415//4 9468//4 9469//4 9416//4
f 9471//6 9470//6 9469//6 9468//6
f 9421//1 9472//1 9473//1 9420//1
f 9420//4 9473//4 9460//4 9408//4
f 9425//2 9422//2 9474//2 9475//2
f 9417//4 9470//4 9474//4 9422//4
f 9426//1 9476//1 9477//1 9418//1
f 9418//4 9477//4 9472//4 9421//4
f 9427//2 9424//2 9478//2 9479//2
f 9425//4 9475//4 9478//4 9424//4
f 9428//1 9480//1 9481//1 9429//1
f 9429//4 9481//4 9476//4 9426//4
f 9480//6 9482//6 9476//6 9481//6
f 9431//2 9430//2 9483//2 9484//2
f 9427//4 9479//4 9483//4 9430//4
f 9485//6 9484//6 9483//6 9479//6
f 9432//1 9486//1 9480//1 9428//1
f 9433//2 9431//2 9484//2 9487//2
f 9434//1 9488//1 9486//1 9432//1
f 9435//2 9433//2 9487//2 9489//2
f 9436//1 9490//1 9488//1 9434//1
f 9437//2 9435//2 9489//2 9491//2
f 9438//1 9492//1 9490//1 9436//1
f 9438//3 9439//3 9493//3 9492//3
f 9492//6 9493//6 9494//6 9490//6
f 9440//2 9437//2 9491//2 9495//2
f 9441//3 9440//3 9495//3 9496//3
f 9496//6 9495//6 9491//6 9497//6
f 9442//1 9498//1 9493//1 9439//1
f 9442//3 9446//3 9499//3 9498//3
f 9443//2 9441//2 9496//2 9500//2
f 9451//3 9443//3 9500//3 9501//3
f 9445//1 9502//1 9499//1 9446//1
f 9445//3 9447//3 9503//3 9502//3
f 9448//2 9451//2 9501//2 9504//2
f 9449//3 9448//3 9504//3 9505//3
f 9452//1 9506//1 9503//1 9447//1
f 9452//3 9453//3 9507//3 9506//3
f 9506//6 9507//6 9508//6 9503//6
f 9453//3 9454//3 9509//3 9507//3
f 9454//3 9455//3 9510//3 9509//3
f 9455//3 9456//3 9511//3 9510//3
f 9456//3 9457//3 9512//3 9511//3
f 9457//3 9458//3 9513//3 9512//3
f 9459//2 9449//2 9505//2 9514//2
f 9458//3 9459//3 9514//3 9513//3
f 9513//6 9514//6 9505//6 9515//6
f 9463//1 9516//1 9517//1 9462//1
f 9462//4 9517//4 9518//4 9464//4
f 9516//6 9519//6 9518//6 9517//6
f 9464//4 9518//4 9520//4 9465//4
f 9519//6 9521//6 9520//6 9518//6
f 9465//4 9520//4 9522//4 9466//4
f 9521//6 9523//6 9522//6 9520//6
f 9466//4 9522//4 9524//4 9467//4
f 9523//6 9525//6 9524//6 9522//6
f 9471//2 9468//2 9526//2 9527//2
f 9467//4 9524//4 9526//4 9468//4
f 9525//6 9527//6 9526//6 9524//6
f 9472//1 9528//1 9529//1 9473//1
f 9473//4 9529//4 9530//4 9460//4
f 9528//6 9531//6 9530//6 9529//6
f 9460//4 9530//4 9516//4 9463//4
f 9471//4 9527//4 9532//4 9470//4
f 9475//2 9474//2 9533//2 9534//2
f 9470//4 9532//4 9533//4 9474//4
f 9535//6 9534//6 9533//6 9532//6
f 9476//1 9536//1 9537//1 9477//1
f 9477//4 9537//4 9528//4 9472//4
f 9536//6 9538//6 9528//6 9537//6
f 9479//2 9478//2 9539//2 9540//2
f 9475//4 9534//4 9539//4 9478//4
f 9541//6 9540//6 9539//6 9534//6
f 9482//1 9542//1 9536//1 9476//1
f 9485//2 9479//2 9540//2 9543//2
f 9486//1 9544//1 9545//1 9480//1
f 9480//4 9545//4 9542//4 9482//4
f 9544//6 9546//6 9542//6 9545//6
f 9487//2 9484//2 9547//2 9548//2
f 9485//4 9543//4 9547//4 9484//4
f 9549//6 9548//6 9547//6 9543//6
f 9488//1 9550//1 9544//1 9486//1
f 9550//6 9551//6 9546//6 9544//6
f 9489//2 9487//2 9548//2 9552//2
f 9553//6 9552//6 9548//6 9549//6
f 9490//1 9554//1 9550//1 9488//1
f 9490//3 9494//3 9555//3 9554//3
f 9554//6 9555//6 9551//6 9550//6
f 9491//2 9489//2 9552//2 9556//2
f 9497//3 9491//3 9556//3 9557//3
f 9557//6 9556//6 9552//6 9553//6
f 9493//1 9558//1 9555//1 9494//1
f 9496//2 9497//2 9557//2 9559//2
f 9498//1 9560//1 9558//1 9493//1
f 9500//2 9496//2 9559//2 9561//2
f 9562//1 9563//1 9560//1 9498//1
f 9562//3 9502//3 9564//3 9563//3
f 9562//5 9498//5 9499//5 9502//5
f 9502//3 9503//3 9565//3 9564//3
f 9503//3 9508//3 9566//3 9565//3
f 9515//3 9505//3 9567//3 9568//3
f 9505//3 9504//3 9569//3 9567//3
f 9570//2 9500//2 9561//2 9571//2
f 9504//3 9570//3 9571//3 9569//3
f 9504//5 9501//5 9500//5 9570//5
f 9507//1 9572//1 9566//1 9508//1
f 9507//3 9509//3 9573//3 9572//3
f 9572//6 9573//6 9574//6 9566//6
f 9509//3 9510//3 9575//3 9573//3
f 9573//6 9575//6 9576//6 9574//6
f 9510//3 9511//3 9577//3 9575//3
f 9575//6 9577//6 9578//6 9576//6
f 9511//3 9512//3 9579//3 9577//3
f 9577//6 9579//6 9580//6 9578//6
f 9513//2 9515//2 9568//2 9581//2
f 9512//3 9513//3 9581//3 9579//3
f 9579//6 9581//6 9568//6 9580//6
f 9531//1 9634//1 9635//1 9530//1
f 9530//4 9635//4 9636//4 9516//4
f 9634//6 9637//6 9636//6 9635//6
f 9516//4 9636//4 9638//4 9519//4
f 9637//6 9639//6 9638//6 9636//6
f 9519//4 9638//4 9640//4 9521//4
f 9521//4 9640//4 9641//4 9523//4
f 9523//4 9641//4 9642//4 9525//4
f 9525//4 9642//4 9643//4 9527//4
f 9644//6 9645//6 9643//6 9642//6
f 9535//2 9532//2 9646//2 9647//2
f 9527//4 9643//4 9646//4 9532//4
f 9645//6 9647//6 9646//6 9643//6
f 9538//1 9648//1 9649//1 9528//1
f 9528//4 9649//4 9634//4 9531//4
f 9648//6 9650//6 9634//6 9649//6
f 9541//2 9534//2 9651//2 9652//2
f 9535//4 9647//4 9651//4 9534//4
f 9653//6 9652//6 9651//6 9647//6
f 9542//1 9654//1 9655//1 9536//1
f 9536//4 9655//4 9648//4 9538//4
f 9543//2 9540//2 9656//2 9657//2
f 9541//4 9652//4 9656//4 9540//4
f 9546//1 9658//1 9654//1 9542//1
f 9658//6 9659//6 9660//6 9654//6
f 9549//2 9543//2 9657//2 9661//2
f 9662//6 9661//6 9657//6 9663//6
f 9551//1 9664//1 9658//1 9546//1
f 9553//2 9549//2 9661//2 9665//2
f 9555//1 9666//1 9664//1 9551//1
f 9557//2 9553//2 9665//2 9667//2
f 9558//1 9668//1 9666//1 9555//1
f 9559//2 9557//2 9667//2 9669//2
f 9560//1 9670//1 9668//1 9558//1
f 9561//2 9559//2 9669//2 9671//2
f 9563//1 9672//1 9670//1 9560//1
f 9563//3 9564//3 9673//3 9672//3
f 9564//3 9565//3 9674//3 9673//3
f 9565//3 9566//3 9675//3 9674//3
f 9566//3 9574//3 9676//3 9675//3
f 9574//3 9576//3 9677//3 9676//3
f 9576//3 9578//3 9678//3 9677//3
f 9578//3 9580//3 9679//3 9678//3
f 9580//3 9568//3 9680//3 9679//3
f 9568//3 9567//3 9681//3 9680//3
f 9567//3 9569//3 9682//3 9681//3
f 9571//2 9561//2 9671//2 9683//2
f 9569//3 9571//3 9683//3 9682//3
f 9639//1 9706//1 9707//1 9638//1
f 9638//4 9707//4 9708//4 9640//4
f 9706//6 9709//6 9708//6 9707//6
f 9640//4 9708//4 9710//4 9641//4
f 9709//6 9711//6 9710//6 9708//6
f 9644//2 9642//2 9712//2 9713//2
f 9641//4 9710//4 9712//4 9642//4
f 9711//6 9713//6 9712//6 9710//6
f 9650//1 9714//1 9715//1 9634//1
f 9634//4 9715//4 9716//4 9637//4
f 9714//6 9717//6 9716//6 9715//6
f 9637//4 9716//4 9706//4 9639//4
f 9717//6 9718//6 9706//6 9716//6
f 9718//6 9719//6 9709//6 9706//6
f 9720//6 9721//6 9713//6 9711//6
f 9644//4 9713//4 9722//4 9645//4
f 9721//6 9723//6 9722//6 9713//6
f 9653//2 9647//2 9724//2 9725//2
f 9645//4 9722//4 9724//4 9647//4
f 9723//6 9725//6 9724//6 9722//6
f 9648//4 9729//4 9714//4 9650//4
f 9728//6 9730//6 9714//6 9729//6
f 9730//6 9731//6 9717//6 9714//6
f 9732//6 9733//6 9725//6 9723//6
f 9653//4 9725//4 9734//4 9652//4
f 9733//6 9735//6 9734//6 9725//6
f 9659//1 9738//1 9728//1 9660//1
f 9738//6 9739//6 9730//6 9728//6
f 9662//2 9663//2 9735//2 9740//2
f 9741//6 9740//6 9735//6 9733//6
f 9664//1 9742//1 9743//1 9658//1
f 9658//4 9743//4 9738//4 9659//4
f 9665//2 9661//2 9744//2 9745//2
f 9662//4 9740//4 9744//4 9661//4
f 9666//1 9746//1 9742//1 9664//1
f 9667//2 9665//2 9745//2 9747//2
f 9668//1 9748//1 9746//1 9666//1
f 9669//2 9667//2 9747//2 9749//2
f 9670//1 9750//1 9748//1 9668//1
f 9671//2 9669//2 9749//2 9751//2
f 9672//1 9752//1 9750//1 9670//1
f 9672//3 9673//3 9753//3 9752//3
f 9673//3 9674//3 9754//3 9753//3
f 9674//3 9675//3 9755//3 9754//3
f 9675//3 9676//3 9756//3 9755//3
f 9676//3 9677//3 9757//3 9756//3
f 9677//3 9678//3 9758//3 9757//3
f 9678//3 9679//3 9759//3 9758//3
f 9679//3 9680//3 9760//3 9759//3
f 9680//3 9681//3 9761//3 9760//3
f 9681//3 9682//3 9762//3 9761//3
f 9683//2 9671//2 9751//2 9763//2
f 9682//3 9683//3 9763//3 9762//3
f 9719//1 9786//1 9787//1 9709//1
f 9720//2 9711//2 9788//2 9789//2
f 9709//4 9787//4 9788//4 9711//4
f 9786//6 9789//6 9788//6 9787//6
f 9731//1 9790//1 9791//1 9717//1
f 9717//4 9791//4 9792//4 9718//4
f 9790//6 9793//6 9792//6 9791//6
f 9718//4 9792//4 9786//4 9719//4
f 9793//6 9794//6 9786//6 9792//6
f 9794//6 9795//6 9789//6 9786//6
f 9720//4 9789//4 9796//4 9721//4
f 9795//6 9797//6 9796//6 9789//6
f 9732//2 9723//2 9798//2 9799//2
f 9721//4 9796//4 9798//4 9723//4
f 9797//6 9799//6 9798//6 9796//6
f 9739//1 9800//1 9801//1 9730//1
f 9730//4 9801//4 9790//4 9731//4
f 9800//6 9802//6 9790//6 9801//6
f 9802//6 9803//6 9793//6 9790//6
f 9803//6 9804//6 9794//6 9793//6
f 9804//6 9805//6 9795//6 9794//6
f 9805//6 9806//6 9797//6 9795//6
f 9806//6 9807//6 9799//6 9797//6
f 9741//2 9733//2 9808//2 9809//2
f 9732//4 9799//4 9808//4 9733//4
f 9807//6 9809//6 9808//6 9799//6
f 9742//1 9810//1 9811//1 9743//1
f 9743//4 9811//4 9812//4 9738//4
f 9738//4 9812//4 9800//4 9739//4
f 9741//4 9809//4 9813//4 9740//4
f 9745//2 9744//2 9814//2 9815//2
f 9740//4 9813//4 9814//4 9744//4
f 9746//1 9816//1 9810//1 9742//1
f 9747//2 9745//2 9815//2 9817//2
f 9748//1 9818//1 9816//1 9746//1
f 9749//2 9747//2 9817//2 9819//2
f 9750//1 9820//1 9818//1 9748//1
f 9751//2 9749//2 9819//2 9821//2
f 9752//1 9822//1 9820//1 9750//1
f 9752//3 9753//3 9823//3 9822//3
f 9753//3 9754//3 9824//3 9823//3
f 9754//3 9755//3 9825//3 9824//3
f 9755//3 9756//3 9826//3 9825//3
f 9756//3 9757//3 9827//3 9826//3
f 9757//3 9758//3 9828//3 9827//3
f 9758//3 9759//3 9829//3 9828//3
f 9759//3 9760//3 9830//3 9829//3
f 9760//3 9761//3 9831//3 9830//3
f 9761//3 9762//3 9832//3 9831//3
f 9763//2 9751//2 9821//2 9833//2
f 9762//3 9763//3 9833//3 9832//3
f 9810//1 9856//1 9857//1 9811//1
f 9811//4 9857//4 9858//4 9812//4
f 9812//4 9858//4 9859//4 9800//4
f 9800//4 9859//4 9860//4 9802//4
f 9802//4 9860//4 9861//4 9803//4
f 9803//4 9861//4 9862//4 9804//4
f 9804//4 9862//4 9863//4 9805//4
f 9805//4 9863//4 9864//4 9806//4
f 9806//4 9864//4 9865//4 9807//4
f 9807//4 9865//4 9866//4 9809//4
f 9809//4 9866//4 9867//4 9813//4
f 9815//2 9814//2 9868//2 9869//2
f 9813//4 9867//4 9868//4 9814//4
f 9816//1 9870//1 9856//1 9810//1
f 9817//2 9815//2 9869//2 9871//2
f 9818//1 9872//1 9870//1 9816//1
f 9819//2 9817//2 9871//2 9873//2
f 9820//1 9874//1 9872//1 9818//1
f 9821//2 9819//2 9873//2 9875//2
f 9822//1 9876//1 9874//1 9820//1
f 9822//3 9823//3 9877//3 9876//3
f 9823//3 9824//3 9878//3 9877//3
f 9824//3 9825//3 9879//3 9878//3
f 9825//3 9826//3 9880//3 9879//3
f 9826//3 9827//3 9881//3 9880//3
f 9827//3 9828//3 9882//3 9881//3
f 9828//3 9829//3 9883//3 9882//3
f 9829//3 9830//3 9884//3 9883//3
f 9830//3 9831//3 9885//3 9884//3
f 9831//3 9832//3 9886//3 9885//3
f 9833//2 9821//2 9875//2 9887//2
f 9832//3 9833//3 9887//3 9886//3
f 9856//1 9910//1 9911//1 9857//1
f 9857//4 9911//4 9912//4 9858//4
f 9858//4 9912//4 9913//4 9859//4
f 9859//4 9913//4 9914//4 9860//4
f 9860//4 9914//4 9915//4 9861//4
f 9861//4 9915//4 9916//4 9862//4
f 9862//4 9916//4 9917//4 9863//4
f 9863//4 9917//4 9918//4 9864//4
f 9864//4 9918//4 9919//4 9865//4
f 9865//4 9919//4 9920//4 9866//4
f 9866//4 9920//4 9921//4 9867//4
f 9869//2 9868//2 9922//2 9923//2
f 9867//4 9921//4 9922//4 9868//4
f 9870//1 9924//1 9910//1 9856//1
f 9871//2 9869//2 9923//2 9925//2
f 9872//1 9926//1 9924//1 9870//1
f 9873//2 9871//2 9925//2 9927//2
f 9874//1 9928//1 9926//1 9872//1
f 9875//2 9873//2 9927//2 9929//2
f 9876//1 9930//1 9928//1 9874//1
f 9876//3 9877//3 9931//3 9930//3
f 9877//3 9878//3 9932//3 9931//3
f 9878//3 9879//3 9933//3 9932//3
f 9879//3 9880//3 9934//3 9933//3
f 9880//3 9881//3 9935//3 9934//3
f 9881//3 9882//3 9936//3 9935//3
f 9882//3 9883//3 9937//3 9936//3
f 9883//3 9884//3 9938//3 9937//3
f 9884//3 9885//3 9939//3 9938//3
f 9885//3 9886//3 9940//3 9939//3
f 9887//2 9875//2 9929//2 9941//2
f 9886//3 9887//3 9941//3 9940//3
f 9910//1 9964//1 9965//1 9911//1
f 9911//4 9965//4 9966//4 9912//4
f 9912//4 9966//4 9967//4 9913//4
f 9913//4 9967//4 9968//4 9914//4
f 9914//4 9968//4 9969//4 9915//4
f 9915//4 9969//4 9970//4 9916//4
f 9916//4 9970//4 9971//4 9917//4
f 9917//4 9971//4 9972//4 9918//4
f 9918//4 9972//4 9973//4 9919//4
f 9919//4 9973//4 9974//4 9920//4
f 9920//4 9974//4 9975//4 9921//4
f 9923//2 9922//2 9976//2 9977//2
f 9921//4 9975//4 9976//4 9922//4
f 9924//1 9978//1 9964//1 9910//1
f 9925//2 9923//2 9977//2 9979//2
f 9926//1 9980//1 9978//1 9924//1
f 9927//2 9925//2 9979//2 9981//2
f 9928//1 9982//1 9980//1 9926//1
f 9929//2 9927//2 9981//2 9983//2
f 9930//1 9984//1 9982//1 9928//1
f 9930//3 9931//3 9985//3 9984//3
f 9931//3 9932//3 9986//3 9985//3
f 9932//3 9933//3 9987//3 9986//3
f 9933//3 9934//3 9988//3 9987//3
f 9934//3 9935//3 9989//3 9988//3
f 9935//3 9936//3 9990//3 9989//3
f 9936//3 9937//3 9991//3 9990//3
f 9937//3 9938//3 9992//3 9991//3
f 9938//3 9939//3 9993//3 9992//3
f 9939//3 9940//3 9994//3 9993//3
f 9941//2 9929//2 9983//2 9995//2
f 9940//3 9941//3 9995//3 9994//3
f 9964//1 10018//1 10019//1 9965//1
f 9965//4 10019//4 10020//4 9966//4
f 9966//4 10020//4 10021//4 9967//4
f 9967//4 10021//4 10022//4 9968//4
f 9968//4 10022//4 10023//4 9969//4
f 9969//4 10023//4 10024//4 9970//4
f 9970//4 10024//4 10025//4 9971//4
f 9971//4 10025//4 10026//4 9972//4
f 9972//4 10026//4 10027//4 9973//4
f 9973//4 10027//4 10028//4 9974//4
f 9974//4 10028//4 10029//4 9975//4
f 9977//2 9976//2 10030//2 10031//2
f 9975//4 10029//4 10030//4 9976//4
f 9978//1 10032//1 10018//1 9964//1
f 9979//2 9977//2 10031//2 10033//2
f 9980//1 10034//1 10032//1 9978//1
f 9981//2 9979//2 10033//2 10035//2
f 9982//1 10036//1 10034//1 9980//1
f 9983//2 9981//2 10035//2 10037//2
f 9984//1 10038//1 10036//1 9982//1
f 9984//3 9985//3 10039//3 10038//3
f 9985//3 9986//3 10040//3 10039//3
f 9986//3 9987//3 10041//3 10040//3
f 9987//3 9988//3 10042//3 10041//3
f 9988//3 9989//3 10043//3 10042//3
f 9989//3 9990//3 10044//3 10043//3
f 9990//3 9991//3 10045//3 10044//3
f 9991//3 9992//3 10046//3 10045//3
f 9992//3 9993//3 10047//3 10046//3
f 9993//3 9994//3 10048//3 10047//3
f 9995//2 9983//2 10037//2 10049//2
f 9994//3 9995//3 10049//3 10048//3
f 10018//1 10072//1 10073//1 10019//1
f 10019//4 10073//4 10074//4 10020//4
f 10072//6 10075//6 10074//6 10073//6
f 10020//4 10074//4 10076//4 10021//4
f 10075//6 10077//6 10076//6 10074//6
f 10021//4 10076//4 10078//4 10022//4
f 10077//6 10079//6 10078//6 10076//6
f 10022//4 10078//4 10080//4 10023//4
f 10079//6 10081//6 10080//6 10078//6
f 10023//4 10080//4 10082//4 10024//4
f 10081//6 10083//6 10082//6 10080//6
f 10024//4 10082//4 10084//4 10025//4
f 10083//6 10085//6 10084//6 10082//6
f 10025//4 10084//4 10086//4 10026//4
f 10085//6 10087//6 10086//6 10084//6
f 10026//4 10086//4 10088//4 10027//4
f 10087//6 10089//6 10088//6 10086//6
f 10027//4 10088//4 10090//4 10028//4
f 10089//6 10091//6 10090//6 10088//6
f 10028//4 10090//4 10092//4 10029//4
f 10091//6 10093//6 10092//6 10090//6
f 10031//2 10030//2 10094//2 10095//2
f 10029//4 10092//4 10094//4 10030//4
f 10093//6 10095//6 10094//6 10092//6
f 10032//1 10096//1 10072//1 10018//1
f 10096//6 10097//6 10075//6 10072//6
f 10097//6 10098//6 10077//6 10075//6
f 10098//6 10099//6 10079//6 10077//6
f 10099//6 10100//6 10081//6 10079//6
f 10100//6 10101//6 10083//6 10081//6
f 10101//6 10102//6 10085//6 10083//6
f 10102//6 10103//6 10087//6 10085//6
f 10103//6 10104//6 10089//6 10087//6
f 10104//6 10105//6 10091//6 10089//6
f 10105//6 10106//6 10093//6 10091//6
f 10033//2 10031//2 10095//2 10107//2
f 10106//6 10107//6 10095//6 10093//6
f 10034//1 10108//1 10096//1 10032//1
f 10108//6 10109//6 10097//6 10096//6
f 10109//6 10110//6 10098//6 10097//6
f 10110//6 10111//6 10099//6 10098//6
f 10111//6 10112//6 10100//6 10099//6
f 10112//6 10113//6 10101//6 10100//6
f 10113//6 10114//6 10102//6 10101//6
f 10114//6 10115//6 10103//6 10102//6
f 10115//6 10116//6 10104//6 10103//6
f 10116//6 10117//6 10105//6 10104//6
f 10117//6 10118//6 10106//6 10105//6
f 10035//2 10033//2 10107//2 10119//2
f 10118//6 10119//6 10107//6 10106//6
f 10036//1 10120//1 10108//1 10034//1
f 10120//6 10121//6 10109//6 10108//6
f 10121//6 10122//6 10110//6 10109//6
f 10122//6 10123//6 10111//6 10110//6
f 10123//6 10124//6 10112//6 10111//6
f 10124//6 10125//6 10113//6 10112//6
f 10125//6 10126//6 10114//6 10113//6
f 10126//6 10127//6 10115//6 10114//6
f 10127//6 10128//6 10116//6 10115//6
f 10128//6 10129//6 10117//6 10116//6
f 10129//6 10130//6 10118//6 10117//6
f 10037//2 10035//2 10119//2 10131//2
f 10130//6 10131//6 10119//6 10118//6
f 10038//1 10132//1 10120//1 10036//1
f 10038//3 10039//3 10133//3 10132//3
f 10132//6 10133//6 10121//6 10120//6
f 10039//3 10040//3 10134//3 10133//3
f 10133//6 10134//6 10122//6 10121//6
f 10040//3 10041//3 10135//3 10134//3
f 10134//6 10135//6 10123//6 10122//6
f 10041//3 10042//3 10136//3 10135//3
f 10135//6 10136//6 10124//6 10123//6
f 10042//3 10043//3 10137//3 10136//3
f 10136//6 10137//6 10125//6 10124//6
f 10043//3 10044//3 10138//3 10137//3
f 10137//6 10138//6 10126//6 10125//6
f 10044//3 10045//3 10139//3 10138//3
f 10138//6 10139//6 10127//6 10126//6
f 10045//3 10046//3 10140//3 10139//3
f 10139//6 10140//6 10128//6 10127//6
f 10046//3 10047//3 10141//3 10140//3
f 10140//6 10141//6 10129//6 10128//6
f 10047//3 10048//3 10142//3 10141//3
f 10141//6 10142//6 10130//6 10129//6
f 10049//2 10037//2 10131//2 10143//2
f 10048//3 10049//3 10143//3 10142//3
f 10142//6 10143//6 10131//6 10130//6
g glyph_42
f 449//2 447//2 521//2 524//2
f 454//3 449//3 524//3 523//3
f 523//6 524//6 521//6 516//6
f 584//1 585//1 586//1 587//1
f 588//2 589//2 590//2 591//2
f 587//4 586//4 590//4 589//4
f 584//5 587//5 589//5 588//5
f 592//1 593//1 594//1 595//1
f 595//4 594//4 585//4 584//4
f 592//5 595//5 584//5 596//5
f 597//2 588//2 591//2 598//2
f 596//3 597//3 598//3 599//3
f 596//5 584//5 588//5 597//5
f 509//1 600//1 601//1 602//1
f 602//4 601//4 593//4 592//4
f 509//5 602//5 592//5 512//5
f 603//2 596//2 599//2 604//2
f 512//5 592//5 596//5 603//5
f 605//6 604//6 599//6 593//6
f 515//1 606//1 607//1 608//1
f 515//3 508//3 609//3 606//3
f 608//4 607//4 600//4 509//4
f 515//5 608//5 509//5 508//5
f 609//6 610//6 605//6 600//6
f 519//2 603//2 604//2 611//2
f 513//3 519//3 611//3 610//3
f 513//5 512//5 603//5 519//5
f 610//6 611//6 604//6 605//6
f 516//1 612//1 609//1 508//1
f 521//2 513//2 610//2 613//2
f 516//3 521//3 613//3 612//3
f 612//6 613//6 610//6 609//6
f 667//1 668//1 669//1 670//1
f 671//2 672//2 673//2 674//2
f 667//3 671//3 674//3 668//3
f 670//4 669//4 673//4 672//4
f 667//5 670//5 672//5 671//5
f 668//6 674//6 673//6 669//6
f 675//1 676//1 677//1 678//1
f 678//4 677//4 679//4 680//4
f 675//5 678//5 680//5 586//5
f 680//4 679//4 681//4 682//4
f 586//5 680//5 682//5 590//5
f 683//2 667//2 668//2 684//2
f 682//4 681//4 668//4 667//4
f 590//5 682//5 667//5 683//5
f 685//6 684//6 668//6 681//6
f 686//1 687//1 688//1 689//1
f 689//4 688//4 676//4 675//4
f 686//5 689//5 675//5 594//5
f 594//5 675//5 586//5 585//5
f 690//6 691//6 692//6 676//6
f 691//6 693//6 685//6 692//6
f 694//2 683//2 684//2 695//2
f 591//3 694//3 695//3 693//3
f 591//5 590//5 683//5 694//5
f 693//6 695//6 684//6 685//6
f 696//1 697//1 698//1 699//1
f 699//4 698//4 700//4 701//4
f 696//5 699//5 701//5 702//5
f 701//4 700//4 687//4 686//4
f 702//5 701//5 686//5 601//5
f 601//5 686//5 594//5 593//5
f 703//6 704//6 690//6 687//6
f 593//3 599//3 705//3 704//3
f 704//6 705//6 691//6 690//6
f 598//2 591//2 693//2 706//2
f 599//3 598//3 706//3 705//3
f 705//6 706//6 693//6 691//6
f 707//1 708//1 697//1 696//1
f 707//3 607//3 709//3 708//3
f 707//5 696//5 702//5 607//5
f 607//5 702//5 601//5 600//5
f 709//6 710//6 703//6 711//6
f 605//2 593//2 704//2 712//2
f 600//3 605//3 712//3 710//3
f 710//6 712//6 704//6 703//6
f 606//1 713//1 709//1 607//1
f 609//2 600//2 710//2 714//2
f 606//3 609//3 714//3 713//3
f 713//6 714//6 710//6 709//6
f 688//1 779//1 780//1 781//1
f 781//4 780//4 782//4 677//4
f 688//5 781//5 677//5 676//5
f 779//6 783//6 782//6 780//6
f 676//3 692//3 784//3 783//3
f 677//4 782//4 785//4 679//4
f 783//6 784//6 785//6 782//6
f 685//2 681//2 786//2 787//2
f 692//3 685//3 787//3 784//3
f 679//4 785//4 786//4 681//4
f 784//6 787//6 786//6 785//6
f 788//1 789//1 790//1 791//1
f 791//4 790//4 792//4 793//4
f 788//5 791//5 793//5 698//5
f 793//4 792//4 794//4 795//4
f 698//5 793//5 795//5 700//5
f 795//4 794//4 779//4 688//4
f 700//5 795//5 688//5 687//5
f 796//6 797//6 779//6 794//6
f 690//2 676//2 783//2 798//2
f 687//3 690//3 798//3 797//3
f 797//6 798//6 783//6 779//6
f 799//1 800//1 789//1 788//1
f 799//3 697//3 801//3 800//3
f 799//5 788//5 698//5 697//5
f 800//6 801//6 802//6 789//6
f 801//6 803//6 796//6 802//6
f 703//2 687//2 797//2 804//2
f 711//3 703//3 804//3 803//3
f 803//6 804//6 797//6 796//6
f 708//1 805//1 801//1 697//1
f 709//2 711//2 803//2 806//2
f 708//3 709//3 806//3 805//3
f 805//6 806//6 803//6 801//6
f 860//1 861//1 862//1 863//1
f 860//3 789//3 864//3 861//3
f 863//4 862//4 865//4 790//4
f 860//5 863//5 790//5 789//5
f 861//6 864//6 865//6 862//6
f 789//3 802//3 866//3 864//3
f 790//4 865//4 867//4 792//4
f 864//6 866//6 867//6 865//6
f 796//2 794//2 868//2 869//2
f 802//3 796//3 869//3 866//3
f 792//4 867//4 868//4 794//4
f 866//6 869//6 868//6 867//6
g glyph_43
f 976//1 977//1 978//1 979//1
f 979//4 978//4 980//4 981//4
f 976//5 979//5 981//5 982//5
f 983//2 984//2 985//2 986//2
f 981//4 980//4 985//4 984//4
f 982//5 981//5 984//5 983//5
f 987//1 988//1 989//1 990//1
f 990//4 989//4 991//4 992//4
f 987//5 990//5 992//5 993//5
f 994//2 995//2 996//2 997//2
f 992//4 991//4 996//4 995//4
f 993//5 992//5 995//5 994//5
f 998//1 999//1 977//1 976//1
f 998//3 1000//3 1001//3 999//3
f 998//5 976//5 982//5 1000//5
f 1002//2 983//2 986//2 1003//2
f 1000//3 1002//3 1003//3 1001//3
f 1000//5 982//5 983//5 1002//5
f 1004//1 1005//1 988//1 987//1
f 1004//3 1006//3 1007//3 1005//3
f 1004//5 987//5 993//5 1006//5
f 1008//2 994//2 997//2 1009//2
f 1006//3 1008//3 1009//3 1007//3
f 1006//5 993//5 994//5 1008//5
f 977//1 1059//1 1060//1 978//1
f 978//4 1060//4 1061//4 980//4
f 1059//6 1062//6 1061//6 1060//6
f 986//2 985//2 1063//2 1064//2
f 980//4 1061//4 1063//4 985//4
f 1062//6 1064//6 1063//6 1061//6
f 988//1 1065//1 1066//1 989//1
f 989//4 1066//4 1067//4 991//4
f 1065//6 1068//6 1067//6 1066//6
f 997//2 996//2 1069//2 1070//2
f 991//4 1067//4 1069//4 996//4
f 1068//6 1070//6 1069//6 1067//6
f 999//1 1071//1 1059//1 977//1
f 999//3 1001//3 1072//3 1071//3
f 1003//2 986//2 1064//2 1073//2
f 1005//1 1074//1 1065//1 988//1
f 1009//2 997//2 1070//2 1075//2
f 1007//3 1009//3 1075//3 1076//3
f 1077//1 1078//1 1072//1 1001//1
f 1079//2 1003//2 1073//2 1080//2
f 1077//3 1079//3 1080//3 1078//3
f 1077//5 1001//5 1003//5 1079//5
f 1081//1 1082//1 1074//1 1005//1
f 1083//2 1007//2 1076//2 1084//2
f 1081//3 1083//3 1084//3 1082//3
f 1081//5 1005//5 1007//5 1083//5
f 1071//1 1149//1 1150//1 1059//1
f 1059//4 1150//4 1151//4 1062//4
f 1073//2 1064//2 1152//2 1153//2
f 1062//4 1151//4 1152//4 1064//4
f 1154//6 1153//6 1152//6 1151//6
f 1074//1 1155//1 1156//1 1065//1
f 1065//4 1156//4 1157//4 1068//4
f 1155//6 1158//6 1157//6 1156//6
f 1075//2 1070//2 1159//2 1160//2
f 1068//4 1157//4 1159//4 1070//4
f 1161//1 1162//1 1149//1 1071//1
f 1161//3 1078//3 1163//3 1162//3
f 1161//5 1071//5 1072//5 1078//5
f 1078//3 1080//3 1164//3 1163//3
f 1165//2 1166//2 1167//2 1168//2
f 1073//4 1153//4 1167//4 1166//4
f 1080//5 1073//5 1166//5 1165//5
f 1169//1 1170//1 1171//1 1172//1
f 1172//4 1171//4 1155//4 1074//4
f 1169//5 1172//5 1074//5 1082//5
f 1082//3 1084//3 1173//3 1174//3
f 1175//2 1075//2 1160//2 1176//2
f 1084//3 1175//3 1176//3 1173//3
f 1084//5 1076//5 1075//5 1175//5
f 1177//1 1178//1 1164//1 1080//1
f 1179//2 1165//2 1168//2 1180//2
f 1177//3 1179//3 1180//3 1178//3
f 1177//5 1080//5 1165//5 1179//5
f 1181//1 1182//1 1170//1 1169//1
f 1183//2 1082//2 1174//2 1184//2
f 1181//3 1183//3 1184//3 1182//3
f 1181//5 1169//5 1082//5 1183//5
f 1149//1 1306//1 1307//1 1150//1
f 1154//2 1151//2 1308//2 1309//2
f 1150//4 1307//4 1308//4 1151//4
f 1306//6 1309//6 1308//6 1307//6
f 1158//1 1310//1 1311//1 1157//1
f 1160//2 1159//2 1312//2 1313//2
f 1157//4 1311//4 1312//4 1159//4
f 1310//6 1313//6 1312//6 1311//6
f 1162//1 1314//1 1306//1 1149//1
f 1162//3 1163//3 1315//3 1314//3
f 1154//4 1309//4 1316//4 1153//4
f 1168//2 1167//2 1317//2 1318//2
f 1153//4 1316//4 1317//4 1167//4
f 1319//6 1318//6 1317//6 1316//6
f 1170//1 1320//1 1321//1 1171//1
f 1171//4 1321//4 1322//4 1155//4
f 1320//6 1323//6 1322//6 1321//6
f 1155//4 1322//4 1310//4 1158//4
f 1176//2 1160//2 1313//2 1324//2
f 1173//3 1176//3 1324//3 1325//3
f 1178//3 1180//3 1329//3 1328//3
f 1330//2 1331//2 1332//2 1333//2
f 1168//4 1318//4 1332//4 1331//4
f 1180//5 1168//5 1331//5 1330//5
f 1334//1 1335//1 1336//1 1337//1
f 1337//4 1336//4 1320//4 1170//4
f 1334//5 1337//5 1170//5 1182//5
f 1182//3 1184//3 1338//3 1339//3
f 1342//1 1343//1 1329//1 1180//1
f 1344//2 1330//2 1333//2 1345//2
f 1342//3 1344//3 1345//3 1343//3
f 1342//5 1180//5 1330//5 1344//5
f 1346//1 1347//1 1335//1 1334//1
f 1348//2 1182//2 1339//2 1349//2
f 1346//3 1348//3 1349//3 1347//3
f 1346//5 1334//5 1182//5 1348//5
f 1314//1 1435//1 1436//1 1306//1
f 1306//4 1436//4 1437//4 1309//4
f 1435//6 1438//6 1437//6 1436//6
f 1319//2 1316//2 1439//2 1440//2
f 1309//4 1437//4 1439//4 1316//4
f 1438//6 1440//6 1439//6 1437//6
f 1323//1 1441//1 1442//1 1322//1
f 1322//4 1442//4 1443//4 1310//4
f 1441//6 1444//6 1443//6 1442//6
f 1324//2 1313//2 1445//2 1446//2
f 1310//4 1443//4 1445//4 1313//4
f 1444//6 1446//6 1445//6 1443//6
f 1447//1 1448//1 1435//1 1314//1
f 1447//3 1327//3 1449//3 1448//3
f 1447//5 1314//5 1315//5 1327//5
f 1327//3 1328//3 1450//3 1449//3
f 1333//2 1332//2 1452//2 1453//2
f 1318//4 1451//4 1452//4 1332//4
f 1454//6 1453//6 1452//6 1451//6
f 1335//1 1455//1 1456//1 1336//1
f 1336//4 1456//4 1457//4 1320//4
f 1455//6 1458//6 1457//6 1456//6
f 1338//3 1341//3 1459//3 1460//3
f 1461//2 1324//2 1446//2 1462//2
f 1341//3 1461//3 1462//3 1459//3
f 1341//5 1325//5 1324//5 1461//5
f 1466//2 1467//2 1468//2 1469//2
f 1333//4 1453//4 1468//4 1467//4
f 1345//5 1333//5 1467//5 1466//5
f 1470//1 1471//1 1472//1 1473//1
f 1473//4 1472//4 1455//4 1335//4
f 1470//5 1473//5 1335//5 1347//5
f 1477//1 1478//1 1465//1 1343//1
f 1477//3 1479//3 1480//3 1478//3
f 1477//5 1343//5 1345//5 1479//5
f 1481//2 1466//2 1469//2 1482//2
f 1479//3 1481//3 1482//3 1480//3
f 1479//5 1345//5 1466//5 1481//5
f 1483//1 1484//1 1471//1 1470//1
f 1483//3 1485//3 1486//3 1484//3
f 1483//5 1470//5 1347//5 1485//5
f 1487//2 1349//2 1476//2 1488//2
f 1485//3 1487//3 1488//3 1486//3
f 1485//5 1347//5 1349//5 1487//5
f 1448//1 1593//1 1594//1 1435//1
f 1448//3 1449//3 1595//3 1593//3
f 1435//4 1594//4 1596//4 1438//4
f 1438//4 1596//4 1597//4 1440//4
f 1441//4 1603//4 1605//4 1444//4
f 1462//2 1446//2 1606//2 1607//2
f 1459//3 1462//3 1607//3 1608//3
f 1444//4 1605//4 1606//4 1446//4
f 1454//4 1599//4 1613//4 1453//4
f 1612//6 1614//6 1613//6 1599//6
f 1469//2 1468//2 1615//2 1616//2
f 1453//4 1613//4 1615//4 1468//4
f 1614//6 1616//6 1615//6 1613//6
f 1471//1 1617//1 1618//1 1472//1
f 1472//4 1618//4 1619//4 1455//4
f 1617//6 1620//6 1619//6 1618//6
f 1455//4 1619//4 1601//4 1458//4
f 1620//6 1621//6 1601//6 1619//6
f 1478//1 1625//1 1612//1 1465//1
f 1478//3 1480//3 1626//3 1625//3
f 1482//2 1469//2 1616//2 1627//2
f 1484//1 1628//1 1617//1 1471//1
f 1488//2 1476//2 1621//2 1629//2
f 1486//3 1488//3 1629//3 1630//3
f 1631//1 1632//1 1626//1 1480//1
f 1633//2 1482//2 1627//2 1634//2
f 1631//3 1633//3 1634//3 1632//3
f 1631//5 1480//5 1482//5 1633//5
f 1635//1 1636//1 1628//1 1484//1
f 1637//2 1486//2 1630//2 1638//2
f 1635//3 1637//3 1638//3 1636//3
f 1635//5 1484//5 1486//5 1637//5
f 1593//1 1825//1 1826//1 1594//1
f 1594//4 1826//4 1827//4 1596//4
f 1825//6 1828//6 1827//6 1826//6
f 1600//2 1597//2 1829//2 1830//2
f 1596//4 1827//4 1829//4 1597//4
f 1828//6 1830//6 1829//6 1827//6
f 1604//1 1831//1 1832//1 1603//1
f 1603//4 1832//4 1833//4 1605//4
f 1831//6 1834//6 1833//6 1832//6
f 1607//2 1606//2 1835//2 1836//2
f 1605//4 1833//4 1835//4 1606//4
f 1834//6 1836//6 1835//6 1833//6
f 1837//1 1838//1 1825//1 1593//1
f 1837//3 1610//3 1839//3 1838//3
f 1837//5 1593//5 1595//5 1610//5
f 1610//3 1611//3 1840//3 1839//3
f 1622//3 1624//3 1846//3 1845//3
f 1847//2 1607//2 1836//2 1848//2
f 1624//3 1847//3 1848//3 1846//3
f 1624//5 1608//5 1607//5 1847//5
f 1627//2 1616//2 1854//2 1855//2
f 1614//4 1853//4 1854//4 1616//4
f 1852//6 1855//6 1854//6 1853//6
f 1628//1 1856//1 1857//1 1617//1
f 1617//4 1857//4 1858//4 1620//4
f 1856//6 1859//6 1858//6 1857//6
f 1632//1 1863//1 1852//1 1626//1
f 1632//3 1634//3 1864//3 1863//3
f 1865//2 1866//2 1867//2 1868//2
f 1627//4 1855//4 1867//4 1866//4
f 1634//5 1627//5 1866//5 1865//5
f 1869//1 1870//1 1871//1 1872//1
f 1872//4 1871//4 1856//4 1628//4
f 1869//5 1872//5 1628//5 1636//5
f 1638//2 1630//2 1859//2 1873//2
f 1636//3 1638//3 1873//3 1874//3
f 1875//1 1876//1 1864//1 1634//1
f 1877//2 1865//2 1868//2 1878//2
f 1875//3 1877//3 1878//3 1876//3
f 1875//5 1634//5 1865//5 1877//5
f 1879//1 1880//1 1870//1 1869//1
f 1881//2 1636//2 1874//2 1882//2
f 1879//3 1881//3 1882//3 1880//3
f 1879//5 1869//5 1636//5 1881//5
f 1838//1 2094//1 2095//1 1825//1
f 1838//3 1839//3 2096//3 2094//3
f 1825//4 2095//4 2097//4 1828//4
f 2094//6 2096//6 2097//6 2095//6
f 1840//2 1830//2 2098//2 2099//2
f 1828//4 2097//4 2098//4 1830//4
f 1845//1 2100//1 2101//1 1831//1
f 1831//4 2101//4 2102//4 1834//4
f 1848//2 1836//2 2103//2 2104//2
f 1846//3 1848//3 2104//3 2105//3
f 1834//4 2102//4 2103//4 1836//4
f 2105//6 2104//6 2103//6 2102//6
f 2106//1 2107//1 2096//1 1839//1
f 2106//3 1850//3 2108//3 2107//3
f 2106//5 1839//5 1840//5 1850//5
f 2118//2 1846//2 2105//2 2119//2
f 1862//3 2118//3 2119//3 2117//3
f 1862//5 1845//5 1846//5 2118//5
f 1868//2 1867//2 2124//2 2125//2
f 1855//4 2123//4 2124//4 1867//4
f 2126//6 2125//6 2124//6 2123//6
f 1870//1 2127//1 2128//1 1871//1
f 1871//4 2128//4 2129//4 1856//4
f 2127//6 2130//6 2129//6 2128//6
f 1876//3 1878//3 2137//3 2136//3
f 2138//2 2139//2 2140//2 2141//2
f 1868//4 2125//4 2140//4 2139//4
f 1878//5 1868//5 2139//5 2138//5
f 2142//1 2143//1 2144//1 2145//1
f 2145//4 2144//4 2127//4 1870//4
f 2142//5 2145//5 1870//5 1880//5
f 1880//3 1882//3 2146//3 2147//3
f 2150//1 2151//1 2137//1 1878//1
f 2152//2 2138//2 2141//2 2153//2
f 2150//3 2152//3 2153//3 2151//3
f 2150//5 1878//5 2138//5 2152//5
f 2154//1 2155//1 2143//1 2142//1
f 2156//2 1880//2 2147//2 2157//2
f 2154//3 2156//3 2157//3 2155//3
f 2154//5 2142//5 1880//5 2156//5
f 2096//1 2360//1 2361//1 2097//1
f 2099//2 2098//2 2362//2 2363//2
f 2097//4 2361//4 2362//4 2098//4
f 2360//6 2363//6 2362//6 2361//6
f 2100//1 2364//1 2365//1 2101//1
f 2105//2 2102//2 2366//2 2367//2
f 2101//4 2365//4 2366//4 2102//4
f 2364//6 2367//6 2366//6 2365//6
f 2368//1 2369//1 2370//1 2094//1
f 2368//3 2107//3 2371//3 2369//3
f 2094//4 2370//4 2360//4 2096//4
f 2368//5 2094//5 2096//5 2107//5
f 2107//3 2108//3 2372//3 2371//3
f 2117//3 2119//3 2378//3 2377//3
f 2379//2 2104//2 2380//2 2381//2
f 2119//3 2379//3 2381//3 2378//3
f 2105//4 2367//4 2380//4 2104//4
f 2119//5 2105//5 2104//5 2379//5
f 2141//2 2140//2 2399//2 2400//2
f 2125//4 2398//4 2399//4 2140//4
f 2401//6 2400//6 2399//6 2398//6
f 2143//1 2402//1 2403//1 2144//1
f 2144//4 2403//4 2404//4 2127//4
f 2402//6 2405//6 2404//6 2403//6
f 2411//2 2412//2 2413//2 2414//2
f 2141//4 2400//4 2413//4 2412//4
f 2153//5 2141//5 2412//5 2411//5
f 2415//1 2416//1 2417//1 2418//1
f 2418//4 2417//4 2402//4 2143//4
f 2415//5 2418//5 2143//5 2155//5
f 2422//1 2423//1 2410//1 2151//1
f 2422//3 2424//3 2425//3 2423//3
f 2422//5 2151//5 2153//5 2424//5
f 2426//2 2411//2 2414//2 2427//2
f 2424//3 2426//3 2427//3 2425//3
f 2424//5 2153//5 2411//5 2426//5
f 2428//1 2429//1 2416//1 2415//1
f 2428//3 2430//3 2431//3 2429//3
f 2428//5 2415//5 2155//5 2430//5
f 2432//2 2157//2 2421//2 2433//2
f 2430//3 2432//3 2433//3 2431//3
f 2430//5 2155//5 2157//5 2432//5
f 2369//1 2652//1 2653//1 2370//1
f 2369//3 2371//3 2654//3 2652//3
f 2370//4 2653//4 2655//4 2360//4
f 2652//6 2654//6 2655//6 2653//6
f 2372//2 2363//2 2656//2 2657//2
f 2360//4 2655//4 2656//4 2363//4
f 2377//1 2658//1 2659//1 2364//1
f 2364//4 2659//4 2660//4 2367//4
f 2381//2 2380//2 2661//2 2662//2
f 2378//3 2381//3 2662//3 2663//3
f 2367//4 2660//4 2661//4 2380//4
f 2663//6 2662//6 2661//6 2660//6
f 2664//1 2665//1 2654//1 2371//1
f 2664//3 2383//3 2666//3 2665//3
f 2664//5 2371//5 2372//5 2383//5
f 2676//2 2378//2 2663//2 2677//2
f 2395//3 2676//3 2677//3 2675//3
f 2395//5 2377//5 2378//5 2676//5
f 2401//4 2683//4 2696//4 2400//4
f 2695//6 2697//6 2696//6 2683//6
f 2414//2 2413//2 2698//2 2699//2
f 2400//4 2696//4 2698//4 2413//4
f 2697//6 2699//6 2698//6 2696//6
f 2416//1 2700//1 2701//1 2417//1
f 2417//4 2701//4 2702//4 2402//4
f 2700//6 2703//6 2702//6 2701//6
f 2402//4 2702//4 2685//4 2405//4
f 2703//6 2704//6 2685//6 2702//6
f 2423//1 2708//1 2695//1 2410//1
f 2423//3 2425//3 2709//3 2708//3
f 2710//2 2711//2 2712//2 2713//2
f 2414//4 2699//4 2712//4 2711//4
f 2427//5 2414//5 2711//5 2710//5
f 2714//6 2713//6 2712//6 2699//6
f 2715//1 2716//1 2717//1 2718//1
f 2718//4 2717//4 2700//4 2416//4
f 2715//5 2718//5 2416//5 2429//5
f 2716//6 2719//6 2700//6 2717//6
f 2433//2 2421//2 2704//2 2720//2
f 2431//3 2433//3 2720//3 2721//3
f 2722//1 2723//1 2709//1 2425//1
f 2722//3 2724//3 2725//3 2723//3
f 2722//5 2425//5 2427//5 2724//5
f 2726//2 2710//2 2713//2 2727//2
f 2724//3 2726//3 2727//3 2725//3
f 2724//5 2427//5 2710//5 2726//5
f 2728//1 2729//1 2716//1 2715//1
f 2728//3 2730//3 2731//3 2729//3
f 2728//5 2715//5 2429//5 2730//5
f 2732//2 2431//2 2721//2 2733//2
f 2730//3 2732//3 2733//3 2731//3
f 2730//5 2429//5 2431//5 2732//5
f 2734//1 2735//1 2727//1 2726//1
f 2736//2 2737//2 2738//2 2739//2
f 2734//3 2736//3 2739//3 2735//3
f 2726//4 2727//4 2738//4 2737//4
f 2734//5 2726//5 2737//5 2736//5
f 2740//1 2741//1 2742//1 2743//1
f 2744//2 2728//2 2729//2 2745//2
f 2740//3 2744//3 2745//3 2741//3
f 2743//4 2742//4 2729//4 2728//4
f 2740//5 2743//5 2728//5 2744//5
f 2654//1 2984//1 2985//1 2655//1
f 2657//2 2656//2 2986//2 2987//2
f 2655//4 2985//4 2986//4 2656//4
f 2984//6 2987//6 2986//6 2985//6
f 2658//1 2988//1 2989//1 2659//1
f 2663//2 2660//2 2990//2 2991//2
f 2659//4 2989//4 2990//4 2660//4
f 2988//6 2991//6 2990//6 2989//6
f 2665//1 2992//1 2984//1 2654//1
f 2665//3 2666//3 2993//3 2992//3
f 2677//2 2663//2 2991//2 2999//2
f 2675//3 2677//3 2999//3 2998//3
f 2714//4 3032//4 3042//4 2713//4
f 2738//2 3043//2 3044//2 3045//2
f 2713//4 3042//4 3044//4 3043//4
f 2727//5 2713//5 3043//5 2738//5
f 3046//6 3045//6 3044//6 3042//6
f 2742//1 3047//1 3048//1 3049//1
f 3049//4 3048//4 3050//4 2716//4
f 2742//5 3049//5 2716//5 2729//5
f 3047//6 3051//6 3050//6 3048//6
f 2716//4 3050//4 3033//4 2719//4
f 3054//1 3055//1 3041//1 2725//1
f 3054//3 2735//3 3056//3 3055//3
f 3054//5 2725//5 2727//5 2735//5
f 3057//2 3058//2 3059//2 3060//2
f 2738//4 3045//4 3059//4 3058//4
f 2739//5 2738//5 3058//5 3057//5
f 3061//6 3060//6 3059//6 3045//6
f 3062//1 3063//1 3064//1 3065//1
f 3065//4 3064//4 3047//4 2742//4
f 3062//5 3065//5 2742//5 2741//5
f 3063//6 3066//6 3047//6 3064//6
f 3067//2 2731//2 3053//2 3068//2
f 2745//3 3067//3 3068//3 3069//3
f 2745//5 2729//5 2731//5 3067//5
f 3070//1 3071//1 3056//1 2735//1
f 3070//3 3072//3 3073//3 3071//3
f 3070//5 2735//5 2739//5 3072//5
f 3072//5 2739//5 3057//5 3074//5
f 3075//2 3076//2 3077//2 3078//2
f 3057//4 3060//4 3077//4 3076//4
f 3074//5 3057//5 3076//5 3075//5
f 3079//6 3078//6 3077//6 3060//6
f 3080//1 3081//1 3082//1 3083//1
f 3083//4 3082//4 3063//4 3062//4
f 3080//5 3083//5 3062//5 3084//5
f 3081//6 3085//6 3063//6 3082//6
f 3084//5 3062//5 2741//5 3086//5
f 3087//2 2745//2 3069//2 3088//2
f 3086//3 3087//3 3088//3 3089//3
f 3086//5 2741//5 2745//5 3087//5
f 3090//1 3091//1 3073//1 3072//1
f 3090//3 3092//3 3093//3 3091//3
f 3090//5 3072//5 3074//5 3092//5
f 3094//2 3075//2 3078//2 3095//2
f 3092//3 3094//3 3095//3 3093//3
f 3092//5 3074//5 3075//5 3094//5
f 3096//1 3097//1 3081//1 3080//1
f 3096//3 3098//3 3099//3 3097//3
f 3096//5 3080//5 3084//5 3098//5
f 3100//2 3086//2 3089//2 3101//2
f 3098//3 3100//3 3101//3 3099//3
f 3098//5 3084//5 3086//5 3100//5
f 2992//1 3352//1 3353//1 2984//1
f 2993//2 2987//2 3354//2 3355//2
f 2984//4 3353//4 3354//4 2987//4
f 3352//6 3355//6 3354//6 3353//6
f 2998//1 3356//1 3357//1 2988//1
f 2999//2 2991//2 3358//2 3359//2
f 2988//4 3357//4 3358//4 2991//4
f 3356//6 3359//6 3358//6 3357//6
f 3360//1 3361//1 3352//1 2992//1
f 3360//3 3001//3 3362//3 3361//3
f 3360//5 2992//5 2993//5 3001//5
f 3372//2 2999//2 3359//2 3373//2
f 3012//3 3372//3 3373//3 3371//3
f 3012//5 2998//5 2999//5 3372//5
f 3079//2 3060//2 3426//2 3427//2
f 3061//4 3417//4 3426//4 3060//4
f 3425//6 3427//6 3426//6 3417//6
f 3085//1 3428//1 3429//1 3063//1
f 3063//4 3429//4 3418//4 3066//4
f 3428//6 3430//6 3418//6 3429//6
f 3079//4 3427//4 3434//4 3078//4
f 3435//2 3436//2 3437//2 3438//2
f 3078//4 3434//4 3437//4 3436//4
f 3095//5 3078//5 3436//5 3435//5
f 3439//6 3438//6 3437//6 3434//6
f 3440//1 3441//1 3442//1 3443//1
f 3443//4 3442//4 3444//4 3081//4
f 3440//5 3443//5 3081//5 3097//5
f 3441//6 3445//6 3444//6 3442//6
f 3081//4 3444//4 3428//4 3085//4
f 3448//1 3449//1 3433//1 3093//1
f 3448//3 3450//3 3451//3 3449//3
f 3448//5 3093//5 3095//5 3450//5
f 3450//5 3095//5 3435//5 3452//5
f 3453//2 3454//2 3455//2 3456//2
f 3435//4 3438//4 3455//4 3454//4
f 3452//5 3435//5 3454//5 3453//5
f 3457//6 3456//6 3455//6 3438//6
f 3458//1 3459//1 3460//1 3461//1
f 3461//4 3460//4 3441//4 3440//4
f 3458//5 3461//5 3440//5 3462//5
f 3459//6 3463//6 3441//6 3460//6
f 3462//5 3440//5 3097//5 3464//5
f 3465//2 3099//2 3447//2 3466//2
f 3464//3 3465//3 3466//3 3467//3
f 3464//5 3097//5 3099//5 3465//5
f 3468//1 3469//1 3451//1 3450//1
f 3468//3 3470//3 3471//3 3469//3
f 3468//5 3450//5 3452//5 3470//5
f 3472//2 3453//2 3456//2 3473//2
f 3470//3 3472//3 3473//3 3471//3
f 3470//5 3452//5 3453//5 3472//5
f 3474//1 3475//1 3459//1 3458//1
f 3474//3 3476//3 3477//3 3475//3
f 3474//5 3458//5 3462//5 3476//5
f 3478//2 3464//2 3467//2 3479//2
f 3476//3 3478//3 3479//3 3477//3
f 3476//5 3462//5 3464//5 3478//5
f 3480//1 3481//1 3473//1 3472//1
f 3482//2 3483//2 3484//2 3485//2
f 3480//3 3482//3 3485//3 3481//3
f 3472//4 3473//4 3484//4 3483//4
f 3480//5 3472//5 3483//5 3482//5
f 3486//1 3487//1 3488//1 3489//1
f 3490//2 3474//2 3475//2 3491//2
f 3486//3 3490//3 3491//3 3487//3
f 3489//4 3488//4 3475//4 3474//4
f 3486//5 3489//5 3474//5 3490//5
f 3361//1 3718//1 3719//1 3352//1
f 3352//4 3719//4 3720//4 3355//4
f 3373//2 3359//2 3728//2 3729//2
f 3356//4 3726//4 3728//4 3359//4
f 3730//1 3731//1 3718//1 3361//1
f 3730//3 3732//3 3733//3 3731//3
f 3730//5 3361//5 3362//5 3732//5
f 3746//2 3373//2 3729//2 3747//2
f 3743//3 3746//3 3747//3 3744//3
f 3743//5 3371//5 3373//5 3746//5
f 3457//4 3815//4 3824//4 3456//4
f 3484//2 3825//2 3826//2 3827//2
f 3456//4 3824//4 3826//4 3825//4
f 3473//5 3456//5 3825//5 3484//5
f 3828//6 3827//6 3826//6 3824//6
f 3488//1 3829//1 3830//1 3831//1
f 3831//4 3830//4 3832//4 3459//4
f 3488//5 3831//5 3459//5 3475//5
f 3829//6 3833//6 3832//6 3830//6
f 3459//4 3832//4 3816//4 3463//4
f 3836//1 3837//1 3823//1 3471//1
f 3836//3 3481//3 3838//3 3837//3
f 3836//5 3471//5 3473//5 3481//5
f 3839//2 3840//2 3841//2 3842//2
f 3484//4 3827//4 3841//4 3840//4
f 3485//5 3484//5 3840//5 3839//5
f 3843//6 3842//6 3841//6 3827//6
f 3844//1 3845//1 3846//1 3847//1
f 3847//4 3846//4 3829//4 3488//4
f 3844//5 3847//5 3488//5 3487//5
f 3845//6 3848//6 3829//6 3846//6
f 3849//2 3477//2 3835//2 3850//2
f 3491//3 3849//3 3850//3 3851//3
f 3491//5 3475//5 3477//5 3849//5
f 3852//1 3853//1 3838//1 3481//1
f 3852//3 3854//3 3855//3 3853//3
f 3852//5 3481//5 3485//5 3854//5
f 3854//5 3485//5 3839//5 3856//5
f 3857//2 3858//2 3859//2 3860//2
f 3839//4 3842//4 3859//4 3858//4
f 3856//5 3839//5 3858//5 3857//5
f 3861//6 3860//6 3859//6 3842//6
f 3862//1 3863//1 3864//1 3865//1
f 3865//4 3864//4 3845//4 3844//4
f 3862//5 3865//5 3844//5 3866//5
f 3863//6 3867//6 3845//6 3864//6
f 3866//5 3844//5 3487//5 3868//5
f 3869//2 3491//2 3851//2 3870//2
f 3868//3 3869//3 3870//3 3871//3
f 3868//5 3487//5 3491//5 3869//5
f 3872//1 3873//1 3855//1 3854//1
f 3872//3 3874//3 3875//3 3873//3
f 3872//5 3854//5 3856//5 3874//5
f 3876//2 3857//2 3860//2 3877//2
f 3874//3 3876//3 3877//3 3875//3
f 3874//5 3856//5 3857//5 3876//5
f 3878//1 3879//1 3863//1 3862//1
f 3878//3 3880//3 3881//3 3879//3
f 3878//5 3862//5 3866//5 3880//5
f 3882//2 3868//2 3871//2 3883//2
f 3880//3 3882//3 3883//3 3881//3
f 3880//5 3866//5 3868//5 3882//5
f 3718//1 4048//1 4049//1 3719//1
f 3723//2 3720//2 4050//2 4051//2
f 3719//4 4049//4 4050//4 3720//4
f 4048//6 4051//6 4050//6 4049//6
f 3727//1 4052//1 4053//1 3726//1
f 3729//2 3728//2 4054//2 4055//2
f 3726//4 4053//4 4054//4 3728//4
f 4052//6 4055//6 4054//6 4053//6
f 3731//1 4056//1 4048//1 3718//1
f 3731//3 3733//3 4057//3 4056//3
f 3723//4 4051//4 4058//4 3722//4
f 3724//4 4064//4 4052//4 3727//4
f 3747//2 3729//2 4055//2 4066//2
f 3744//3 3747//3 4066//3 4067//3
f 3861//2 3842//2 4164//2 4165//2
f 3843//4 4155//4 4164//4 3842//4
f 4163//6 4165//6 4164//6 4155//6
f 3867//1 4166//1 4167//1 3845//1
f 3845//4 4167//4 4156//4 3848//4
f 4166//6 4168//6 4156//6 4167//6
f 3861//4 4165//4 4172//4 3860//4
f 4173//2 4174//2 4175//2 4176//2
f 3860//4 4172//4 4175//4 4174//4
f 3877//5 3860//5 4174//5 4173//5
f 4177//6 4176//6 4175//6 4172//6
f 4178//1 4179//1 4180//1 4181//1
f 4181//4 4180//4 4182//4 3863//4
f 4178//5 4181//5 3863//5 3879//5
f 4179//6 4183//6 4182//6 4180//6
f 3863//4 4182//4 4166//4 3867//4
f 4186//1 4187//1 4171//1 3875//1
f 4186//3 4188//3 4189//3 4187//3
f 4186//5 3875//5 3877//5 4188//5
f 4188//5 3877//5 4173//5 4190//5
f 4191//2 4192//2 4193//2 4194//2
f 4173//4 4176//4 4193//4 4192//4
f 4190//5 4173//5 4192//5 4191//5
f 4195//6 4194//6 4193//6 4176//6
f 4196//1 4197//1 4198//1 4199//1
f 4199//4 4198//4 4179//4 4178//4
f 4196//5 4199//5 4178//5 4200//5
f 4197//6 4201//6 4179//6 4198//6
f 4200//5 4178//5 3879//5 4202//5
f 4203//2 3881//2 4185//2 4204//2
f 4202//3 4203//3 4204//3 4205//3
f 4202//5 3879//5 3881//5 4203//5
f 4206//1 4207//1 4189//1 4188//1
f 4206//3 4208//3 4209//3 4207//3
f 4206//5 4188//5 4190//5 4208//5
f 4210//2 4191//2 4194//2 4211//2
f 4208//3 4210//3 4211//3 4209//3
f 4208//5 4190//5 4191//5 4210//5
f 4212//1 4213//1 4197//1 4196//1
f 4212//3 4214//3 4215//3 4213//3
f 4212//5 4196//5 4200//5 4214//5
f 4216//2 4202//2 4205//2 4217//2
f 4214//3 4216//3 4217//3 4215//3
f 4214//5 4200//5 4202//5 4216//5
f 4218//1 4219//1 4211//1 4210//1
f 4220//2 4221//2 4222//2 4223//2
f 4218//3 4220//3 4223//3 4219//3
f 4210//4 4211//4 4222//4 4221//4
f 4218//5 4210//5 4221//5 4220//5
f 4232//1 4233//1 4234//1 4235//1
f 4236//2 4212//2 4213//2 4237//2
f 4232//3 4236//3 4237//3 4233//3
f 4235//4 4234//4 4213//4 4212//4
f 4232//5 4235//5 4212//5 4236//5
f 4056//1 4398//1 4399//1 4048//1
f 4048//4 4399//4 4400//4 4051//4
f 4061//2 4058//2 4401//2 4402//2
f 4051//4 4400//4 4401//4 4058//4
f 4403//6 4402//6 4401//6 4400//6
f 4065//1 4404//1 4405//1 4064//1
f 4064//4 4405//4 4406//4 4052//4
f 4404//6 4407//6 4406//6 4405//6
f 4066//2 4055//2 4408//2 4409//2
f 4052//4 4406//4 4408//4 4055//4
f 4410//1 4411//1 4398//1 4056//1
f 4410//3 4069//3 4412//3 4411//3
f 4410//5 4056//5 4057//5 4069//5
f 4424//2 4066//2 4409//2 4425//2
f 4079//3 4424//3 4425//3 4422//3
f 4079//5 4067//5 4066//5 4424//5
f 4195//4 4551//4 4572//4 4194//4
f 4222//2 4573//2 4574//2 4575//2
f 4194//4 4572//4 4574//4 4573//4
f 4211//5 4194//5 4573//5 4222//5
f 4576//6 4575//6 4574//6 4572//6
f 4234//1 4583//1 4584//1 4585//1
f 4585//4 4584//4 4586//4 4197//4
f 4234//5 4585//5 4197//5 4213//5
f 4583//6 4587//6 4586//6 4584//6
f 4197//4 4586//4 4564//4 4201//4
f 4590//1 4591//1 4571//1 4209//1
f 4590//3 4219//3 4592//3 4591//3
f 4590//5 4209//5 4211//5 4219//5
f 4593//2 4594//2 4595//2 4596//2
f 4222//4 4575//4 4595//4 4594//4
f 4223//5 4222//5 4594//5 4593//5
f 4597//6 4596//6 4595//6 4575//6
f 4604//1 4605//1 4606//1 4607//1
f 4607//4 4606//4 4583//4 4234//4
f 4604//5 4607//5 4234//5 4233//5
f 4605//6 4608//6 4583//6 4606//6
f 4609//2 4215//2 4589//2 4610//2
f 4237//3 4609//3 4610//3 4611//3
f 4237//5 4213//5 4215//5 4609//5
f 4612//1 4613//1 4592//1 4219//1
f 4612//3 4614//3 4615//3 4613//3
f 4612//5 4219//5 4223//5 4614//5
f 4614//5 4223//5 4593//5 4616//5
f 4617//2 4618//2 4619//2 4620//2
f 4593//4 4596//4 4619//4 4618//4
f 4616//5 4593//5 4618//5 4617//5
f 4621//6 4620//6 4619//6 4596//6
f 4625//1 4626//1 4627//1 4628//1
f 4628//4 4627//4 4605//4 4604//4
f 4625//5 4628//5 4604//5 4629//5
f 4626//6 4630//6 4605//6 4627//6
f 4629//5 4604//5 4233//5 4631//5
f 4632//2 4237//2 4611//2 4633//2
f 4631//3 4632//3 4633//3 4634//3
f 4631//5 4233//5 4237//5 4632//5
f 4635//1 4636//1 4615//1 4614//1
f 4635//3 4637//3 4638//3 4636//3
f 4635//5 4614//5 4616//5 4637//5
f 4255//2 4617//2 4620//2 4639//2
f 4637//3 4255//3 4639//3 4638//3
f 4637//5 4616//5 4617//5 4255//5
f 4260//1 4650//1 4626//1 4625//1
f 4260//3 4651//3 4652//3 4650//3
f 4260//5 4625//5 4629//5 4651//5
f 4653//2 4631//2 4634//2 4654//2
f 4651//3 4653//3 4654//3 4652//3
f 4651//5 4629//5 4631//5 4653//5
f 4398//1 4739//1 4740//1 4399//1
f 4403//2 4400//2 4741//2 4742//2
f 4399//4 4740//4 4741//4 4400//4
f 4739//6 4742//6 4741//6 4740//6
f 4407//1 4743//1 4744//1 4406//1
f 4409//2 4408//2 4745//2 4746//2
f 4406//4 4744//4 4745//4 4408//4
f 4743//6 4746//6 4745//6 4744//6
f 4411//1 4747//1 4739//1 4398//1
f 4411//3 4412//3 4748//3 4747//3
f 4403//4 4742//4 4749//4 4402//4
f 4404//4 4755//4 4743//4 4407//4
f 4425//2 4409//2 4746//2 4757//2
f 4422//3 4425//3 4757//3 4758//3
f 4621//2 4596//2 4907//2 4908//2
f 4597//4 4894//4 4907//4 4596//4
f 4630//1 4913//1 4914//1 4605//1
f 4605//4 4914//4 4899//4 4608//4
f 4636//1 4917//1 4906//1 4615//1
f 4636//3 4638//3 4918//3 4917//3
f 4621//4 4908//4 4919//4 4620//4
f 4656//2 4920//2 4921//2 4922//2
f 4620//4 4919//4 4921//4 4920//4
f 4639//5 4620//5 4920//5 4656//5
f 4923//6 4922//6 4921//6 4919//6
f 4657//1 4935//1 4936//1 4937//1
f 4937//4 4936//4 4938//4 4626//4
f 4657//5 4937//5 4626//5 4650//5
f 4935//6 4939//6 4938//6 4936//6
f 4626//4 4938//4 4913//4 4630//4
f 4654//2 4634//2 4916//2 4940//2
f 4652//3 4654//3 4940//3 4941//3
f 4660//1 4942//1 4918//1 4638//1
f 4660//5 4638//5 4639//5 4655//5
f 4661//2 4652//2 4941//2 4943//2
f 4658//5 4650//5 4652//5 4661//5
f 4747//1 5030//1 5031//1 4739//1
f 4739//4 5031//4 5032//4 4742//4
f 5030//6 5033//6 5032//6 5031//6
f 4752//2 4749//2 5034//2 5035//2
f 4742//4 5032//4 5034//4 4749//4
f 5033//6 5035//6 5034//6 5032//6
f 4756//1 5036//1 5037//1 4755//1
f 4755//4 5037//4 5038//4 4743//4
f 5036//6 5039//6 5038//6 5037//6
f 4757//2 4746//2 5040//2 5041//2
f 4743//4 5038//4 5040//4 4746//4
f 5039//6 5041//6 5040//6 5038//6
f 5042//1 5043//1 5030//1 4747//1
f 5042//3 4760//3 5044//3 5043//3
f 5042//5 4747//5 4748//5 4760//5
f 4760//3 4761//3 5045//3 5044//3
f 4768//3 4770//3 5051//3 5050//3
f 5052//2 4757//2 5041//2 5053//2
f 4770//3 5052//3 5053//3 5051//3
f 4770//5 4758//5 4757//5 5052//5
f 4892//2 4880//2 5169//2 5170//2
f 4881//4 5157//4 5169//4 4880//4
f 4901//1 5171//1 5172//1 4882//1
f 4882//4 5172//4 5159//4 4885//4
f 5176//1 5177//1 5168//1 4890//1
f 5176//3 5178//3 5179//3 5177//3
f 5176//5 4890//5 4891//5 5178//5
f 5178//3 4905//3 5180//3 5179//3
f 5178//5 4891//5 4892//5 4905//5
f 4892//4 5170//4 5181//4 4894//4
f 5180//6 5182//6 5181//6 5170//6
f 4908//2 4907//2 5183//2 5184//2
f 4894//4 5181//4 5183//4 4907//4
f 5182//6 5184//6 5183//6 5181//6
f 4913//1 5185//1 5186//1 4914//1
f 4914//4 5186//4 5187//4 4899//4
f 5185//6 5188//6 5187//6 5186//6
f 4899//4 5187//4 5171//4 4901//4
f 5188//6 5189//6 5171//6 5187//6
f 4915//3 5190//3 5191//3 5189//3
f 4915//5 4901//5 4902//5 5190//5
f 5192//2 4904//2 5175//2 5193//2
f 5190//3 5192//3 5193//3 5191//3
f 5190//5 4902//5 4904//5 5192//5
f 5194//1 5195//1 5180//1 4905//1
f 5194//3 4917//3 5196//3 5195//3
f 5194//5 4905//5 4906//5 4917//5
f 4923//2 4919//2 5197//2 5198//2
f 4908//4 5184//4 5197//4 4919//4
f 5199//6 5198//6 5197//6 5184//6
f 4939//1 5214//1 5215//1 4938//1
f 4938//4 5215//4 5185//4 4913//4
f 5214//6 5216//6 5185//6 5215//6
f 5217//2 4915//2 5189//2 5218//2
f 4940//3 5217//3 5218//3 5219//3
f 4940//5 4916//5 4915//5 5217//5
f 5222//6 5223//6 5198//6 5199//6
f 5226//6 5227//6 5216//6 5214//6
f 5043//1 5280//1 5281//1 5030//1
f 5043//3 5044//3 5282//3 5280//3
f 5030//4 5281//4 5283//4 5033//4
f 5045//2 5035//2 5284//2 5285//2
f 5033//4 5283//4 5284//4 5035//4
f 5050//1 5286//1 5287//1 5036//1
f 5036//4 5287//4 5288//4 5039//4
f 5053//2 5041//2 5289//2 5290//2
f 5051//3 5053//3 5290//3 5291//3
f 5039//4 5288//4 5289//4 5041//4
f 5402//1 5403//1 5390//1 5143//1
f 5402//3 5153//3 5404//3 5403//3
f 5402//5 5143//5 5144//5 5153//5
f 5158//2 5155//2 5405//2 5406//2
f 5146//4 5393//4 5405//4 5155//4
f 5407//6 5406//6 5405//6 5393//6
f 5162//1 5408//1 5409//1 5161//1
f 5161//4 5409//4 5395//4 5147//4
f 5408//6 5410//6 5395//6 5409//6
f 5411//2 5150//2 5401//2 5412//2
f 5164//3 5411//3 5412//3 5413//3
f 5164//5 5151//5 5150//5 5411//5
f 5414//1 5415//1 5404//1 5153//1
f 5414//3 5167//3 5416//3 5415//3
f 5414//5 5153//5 5154//5 5167//5
f 5167//3 5168//3 5417//3 5416//3
f 5158//4 5406//4 5418//4 5157//4
f 5417//6 5419//6 5418//6 5406//6
f 5170//2 5169//2 5420//2 5421//2
f 5157//4 5418//4 5420//4 5169//4
f 5419//6 5421//6 5420//6 5418//6
f 5171//1 5430//1 5431//1 5172//1
f 5172//4 5431//4 5432//4 5159//4
f 5430//6 5433//6 5432//6 5431//6
f 5159//4 5432//4 5408//4 5162//4
f 5433//6 5434//6 5408//6 5432//6
f 5175//3 5174//3 5435//3 5434//3
f 5436//2 5164//2 5413//2 5437//2
f 5174//3 5436//3 5437//3 5435//3
f 5174//5 5165//5 5164//5 5436//5
f 5177//1 5438//1 5417//1 5168//1
f 5177//3 5179//3 5439//3 5438//3
f 5180//2 5170//2 5421//2 5440//2
f 5189//1 5443//1 5430//1 5171//1
f 5193//2 5175//2 5434//2 5444//2
f 5191//3 5193//3 5444//3 5445//3
f 5280//1 5548//1 5549//1 5281//1
f 5281//4 5549//4 5550//4 5283//4
f 5548//6 5551//6 5550//6 5549//6
f 5285//2 5284//2 5552//2 5553//2
f 5283//4 5550//4 5552//4 5284//4
f 5551//6 5553//6 5552//6 5550//6
f 5286//1 5554//1 5555//1 5287//1
f 5287//4 5555//4 5556//4 5288//4
f 5554//6 5557//6 5556//6 5555//6
f 5290//2 5289//2 5558//2 5559//2
f 5288//4 5556//4 5558//4 5289//4
f 5557//6 5559//6 5558//6 5556//6
f 5560//1 5561//1 5548//1 5280//1
f 5560//3 5293//3 5562//3 5561//3
f 5560//5 5280//5 5282//5 5293//5
f 5293//3 5294//3 5563//3 5562//3
f 5303//3 5305//3 5569//3 5568//3
f 5570//2 5290//2 5559//2 5571//2
f 5305//3 5570//3 5571//3 5569//3
f 5305//5 5291//5 5290//5 5570//5
f 5652//1 5653//1 5641//1 5368//1
f 5652//3 5379//3 5654//3 5653//3
f 5652//5 5368//5 5369//5 5379//5
f 5369//4 5643//4 5655//4 5371//4
f 5372//4 5665//4 5648//4 5374//4
f 5667//2 5375//2 5651//2 5668//2
f 5386//3 5667//3 5668//3 5669//3
f 5386//5 5374//5 5375//5 5667//5
f 5670//1 5671//1 5654//1 5379//1
f 5670//3 5389//3 5672//3 5671//3
f 5670//5 5379//5 5380//5 5389//5
f 5394//2 5391//2 5673//2 5674//2
f 5382//4 5657//4 5673//4 5391//4
f 5675//6 5674//6 5673//6 5657//6
f 5398//1 5688//1 5689//1 5397//1
f 5397//4 5689//4 5663//4 5383//4
f 5688//6 5690//6 5663//6 5689//6
f 5691//2 5386//2 5669//2 5692//2
f 5400//3 5691//3 5692//3 5693//3
f 5400//5 5387//5 5386//5 5691//5
f 5694//1 5695//1 5672//1 5389//1
f 5694//3 5403//3 5696//3 5695//3
f 5694//5 5389//5 5390//5 5403//5
f 5403//3 5404//3 5697//3 5696//3
f 5407//2 5393//2 5698//2 5699//2
f 5394//4 5674//4 5698//4 5393//4
f 5697//6 5699//6 5698//6 5674//6
f 5410//1 5706//1 5707//1 5395//1
f 5395//4 5707//4 5688//4 5398//4
f 5706//6 5708//6 5688//6 5707//6
f 5413//3 5412//3 5709//3 5708//3
f 5710//2 5400//2 5693//2 5711//2
f 5412//3 5710//3 5711//3 5709//3
f 5412//5 5401//5 5400//5 5710//5
f 5561//1 5832//1 5833//1 5548//1
f 5561//3 5562//3 5834//3 5832//3
f 5548//4 5833//4 5835//4 5551//4
f 5832//6 5834//6 5835//6 5833//6
f 5563//2 5553//2 5836//2 5837//2
f 5551//4 5835//4 5836//4 5553//4
f 5568//1 5838//1 5839//1 5554//1
f 5554//4 5839//4 5840//4 5557//4
f 5571//2 5559//2 5841//2 5842//2
f 5569//3 5571//3 5842//3 5843//3
f 5557//4 5840//4 5841//4 5559//4
f 5843//6 5842//6 5841//6 5840//6
f 5844//1 5845//1 5834//1 5562//1
f 5844//3 5573//3 5846//3 5845//3
f 5844//5 5562//5 5563//5 5573//5
f 5856//2 5569//2 5843//2 5857//2
f 5584//3 5856//3 5857//3 5855//3
f 5584//5 5568//5 5569//5 5856//5
f 5898//1 5899//1 5891//1 5622//1
f 5898//3 5640//3 5900//3 5899//3
f 5898//5 5622//5 5623//5 5640//5
f 5623//4 5893//4 5901//4 5625//4
f 5643//2 5642//2 5902//2 5903//2
f 5625//4 5901//4 5902//4 5642//4
f 5904//6 5903//6 5902//6 5901//6
f 5648//1 5905//1 5906//1 5649//1
f 5649//4 5906//4 5907//4 5634//4
f 5905//6 5908//6 5907//6 5906//6
f 5634//4 5907//4 5894//4 5636//4
f 5909//2 5637//2 5897//2 5910//2
f 5650//3 5909//3 5910//3 5911//3
f 5650//5 5636//5 5637//5 5909//5
f 5912//1 5913//1 5900//1 5640//1
f 5912//3 5653//3 5914//3 5913//3
f 5912//5 5640//5 5641//5 5653//5
f 5658//2 5655//2 5915//2 5916//2
f 5643//4 5903//4 5915//4 5655//4
f 5917//6 5916//6 5915//6 5903//6
f 5666//1 5918//1 5919//1 5665//1
f 5665//4 5919//4 5905//4 5648//4
f 5918//6 5920//6 5905//6 5919//6
f 5921//2 5650//2 5911//2 5922//2
f 5668//3 5921//3 5922//3 5923//3
f 5668//5 5651//5 5650//5 5921//5
f 5671//3 5672//3 5927//3 5926//3
f 5675//2 5657//2 5928//2 5929//2
f 5658//4 5916//4 5928//4 5657//4
f 5927//6 5929//6 5928//6 5916//6
f 5690//1 5930//1 5931//1 5663//1
f 5663//4 5931//4 5918//4 5666//4
f 5930//6 5932//6 5918//6 5931//6
f 5693//3 5692//3 5933//3 5932//3
f 5834//1 6080//1 6081//1 5835//1
f 5837//2 5836//2 6082//2 6083//2
f 5835//4 6081//4 6082//4 5836//4
f 6080//6 6083//6 6082//6 6081//6
f 5838//1 6084//1 6085//1 5839//1
f 5843//2 5840//2 6086//2 6087//2
f 5839//4 6085//4 6086//4 5840//4
f 6084//6 6087//6 6086//6 6085//6
f 6088//1 6089//1 6090//1 5832//1
f 6088//3 5845//3 6091//3 6089//3
f 5832//4 6090//4 6080//4 5834//4
f 6088//5 5832//5 5834//5 5845//5
f 6089//6 6091//6 6080//6 6090//6
f 5845//3 5846//3 6092//3 6091//3
f 5855//3 5857//3 6098//3 6097//3
f 6099//2 5842//2 6100//2 6101//2
f 5857//3 6099//3 6101//3 6098//3
f 5843//4 6087//4 6100//4 5842//4
f 5857//5 5843//5 5842//5 6099//5
f 6098//6 6101//6 6100//6 6087//6
f 5879//2 5880//2 6129//2 6130//2
f 5870//4 6117//4 6129//4 5880//4
f 5886//1 6131//1 6132//1 5885//1
f 5885//4 6132//4 6119//4 5871//4
f 6136//1 6137//1 6128//1 5877//1
f 6136//3 6138//3 6139//3 6137//3
f 6136//5 5877//5 5878//5 6138//5
f 6138//3 5890//3 6140//3 6139//3
f 6138//5 5878//5 5879//5 5890//5
f 5879//4 6130//4 6141//4 5882//4
f 6140//6 6142//6 6141//6 6130//6
f 5893//2 5892//2 6143//2 6144//2
f 5882//4 6141//4 6143//4 5892//4
f 6142//6 6144//6 6143//6 6141//6
f 5894//1 6145//1 6146//1 5895//1
f 5895//4 6146//4 6147//4 5883//4
f 6145//6 6148//6 6147//6 6146//6
f 5883//4 6147//4 6131//4 5886//4
f 6148//6 6149//6 6131//6 6147//6
f 5896//3 6150//3 6151//3 6149//3
f 5896//5 5886//5 5887//5 6150//5
f 6152//2 5889//2 6135//2 6153//2
f 6150//3 6152//3 6153//3 6151//3
f 6150//5 5887//5 5889//5 6152//5
f 6154//1 6155//1 6140//1 5890//1
f 6154//3 5899//3 6156//3 6155//3
f 6154//5 5890//5 5891//5 5899//5
f 5904//2 5901//2 6157//2 6158//2
f 5893//4 6144//4 6157//4 5901//4
f 6159//6 6158//6 6157//6 6144//6
f 5908//1 6160//1 6161//1 5907//1
f 5907//4 6161//4 6145//4 5894//4
f 6160//6 6162//6 6145//6 6161//6
f 6163//2 5896//2 6149//2 6164//2
f 5910//3 6163//3 6164//3 6165//3
f 5910//5 5897//5 5896//5 6163//5
f 6091//1 6378//1 6379//1 6080//1
f 6092//2 6083//2 6380//2 6381//2
f 6080//4 6379//4 6380//4 6083//4
f 6097//1 6382//1 6383//1 6084//1
f 6098//2 6087//2 6384//2 6385//2
f 6084//4 6383//4 6384//4 6087//4
f 6386//1 6387//1 6378//1 6091//1
f 6386//3 6103//3 6388//3 6387//3
f 6386//5 6091//5 6092//5 6103//5
f 6092//4 6381//4 6389//4 6094//4
f 6095//4 6395//4 6382//4 6097//4
f 6397//2 6098//2 6385//2 6398//2
f 6110//3 6397//3 6398//3 6399//3
f 6110//5 6097//5 6098//5 6397//5
f 6400//1 6401//1 6388//1 6103//1
f 6400//3 6113//3 6402//3 6401//3
f 6400//5 6103//5 6104//5 6113//5
f 6118//2 6115//2 6403//2 6404//2
f 6106//4 6391//4 6403//4 6115//4
f 6405//6 6404//6 6403//6 6391//6
f 6122//1 6406//1 6407//1 6121//1
f 6121//4 6407//4 6393//4 6107//4
f 6406//6 6408//6 6393//6 6407//6
f 6409//2 6110//2 6399//2 6410//2
f 6124//3 6409//3 6410//3 6411//3
f 6124//5 6111//5 6110//5 6409//5
f 6412//1 6413//1 6402//1 6113//1
f 6412//3 6127//3 6414//3 6413//3
f 6412//5 6113//5 6114//5 6127//5
f 6127//3 6128//3 6415//3 6414//3
f 6118//4 6404//4 6416//4 6117//4
f 6415//6 6417//6 6416//6 6404//6
f 6130//2 6129//2 6418//2 6419//2
f 6117//4 6416//4 6418//4 6129//4
f 6417//6 6419//6 6418//6 6416//6
f 6131//1 6420//1 6421//1 6132//1
f 6132//4 6421//4 6422//4 6119//4
f 6420//6 6423//6 6422//6 6421//6
f 6119//4 6422//4 6406//4 6122//4
f 6423//6 6424//6 6406//6 6422//6
f 6135//3 6134//3 6425//3 6424//3
f 6426//2 6124//2 6411//2 6427//2
f 6134//3 6426//3 6427//3 6425//3
f 6134//5 6125//5 6124//5 6426//5
f 6137//1 6428//1 6415//1 6128//1
f 6137//3 6139//3 6429//3 6428//3
f 6140//2 6130//2 6419//2 6430//2
f 6429//6 6430//6 6419//6 6417//6
f 6149//1 6431//1 6420//1 6131//1
f 6431//6 6432//6 6423//6 6420//6
f 6153//2 6135//2 6424//2 6433//2
f 6151//3 6153//3 6433//3 6432//3
f 6378//1 6690//1 6691//1 6379//1
f 6381//2 6380//2 6692//2 6693//2
f 6379//4 6691//4 6692//4 6380//4
f 6690//6 6693//6 6692//6 6691//6
f 6382//1 6694//1 6695//1 6383//1
f 6385//2 6384//2 6696//2 6697//2
f 6383//4 6695//4 6696//4 6384//4
f 6694//6 6697//6 6696//6 6695//6
f 6387//1 6698//1 6690//1 6378//1
f 6698//6 6699//6 6693//6 6690//6
f 6392//2 6389//2 6700//2 6701//2
f 6381//4 6693//4 6700//4 6389//4
f 6699//6 6701//6 6700//6 6693//6
f 6396//1 6702//1 6703//1 6395//1
f 6395//4 6703//4 6694//4 6382//4
f 6702//6 6704//6 6694//6 6703//6
f 6398//2 6385//2 6697//2 6705//2
f 6704//6 6705//6 6697//6 6694//6
f 6706//1 6707//1 6698//1 6387//1
f 6706//3 6401//3 6708//3 6707//3
f 6706//5 6387//5 6388//5 6401//5
f 6401//3 6402//3 6709//3 6708//3
f 6405//2 6391//2 6710//2 6711//2
f 6392//4 6701//4 6710//4 6391//4
f 6709//6 6711//6 6710//6 6701//6
f 6408//1 6712//1 6713//1 6393//1
f 6393//4 6713//4 6702//4 6396//4
f 6712//6 6714//6 6702//6 6713//6
f 6411//3 6410//3 6715//3 6714//3
f 6716//2 6398//2 6705//2 6717//2
f 6410//3 6716//3 6717//3 6715//3
f 6410//5 6399//5 6398//5 6716//5
f 6707//1 7060//1 7061//1 6698//1
f 6707//3 6708//3 7062//3 7060//3
f 6698//4 7061//4 7063//4 6699//4
f 7060//6 7062//6 7063//6 7061//6
f 6709//2 6701//2 7064//2 7065//2
f 6699//4 7063//4 7064//4 6701//4
f 7062//6 7065//6 7064//6 7063//6
f 6714//1 7066//1 7067//1 6702//1
f 6702//4 7067//4 7068//4 6704//4
f 7066//6 7069//6 7068//6 7067//6
f 6717//2 6705//2 7070//2 7071//2
f 6715//3 6717//3 7071//3 7069//3
f 6704//4 7068//4 7070//4 6705//4
f 7069//6 7071//6 7070//6 7068//6
f 7072//1 7073//1 7062//1 6708//1
f 7072//3 6718//3 7074//3 7073//3
f 7072//5 6708//5 6709//5 6718//5
f 7073//6 7074//6 7065//6 7062//6
f 6719//2 6711//2 7075//2 7076//2
f 6709//4 7065//4 7075//4 6711//4
f 7074//6 7076//6 7075//6 7065//6
f 6724//1 7077//1 7078//1 6712//1
f 6712//4 7078//4 7066//4 6714//4
f 7077//6 7079//6 7066//6 7078//6
f 7080//2 6715//2 7069//2 7081//2
f 6725//3 7080//3 7081//3 7079//3
f 6725//5 6714//5 6715//5 7080//5
f 7079//6 7081//6 7069//6 7066//6
f 7082//1 7083//1 7074//1 6718//1
f 7082//3 6727//3 7084//3 7083//3
f 7082//5 6718//5 6719//5 6727//5
f 6719//4 7076//4 7085//4 6721//4
f 6722//4 7091//4 7077//4 6724//4
f 7093//2 6725//2 7079//2 7094//2
f 6742//3 7093//3 7094//3 7095//3
f 6742//5 6724//5 6725//5 7093//5
f 7083//1 7414//1 7415//1 7074//1
f 7074//4 7415//4 7416//4 7076//4
f 7414//6 7417//6 7416//6 7415//6
f 7088//2 7085//2 7418//2 7419//2
f 7076//4 7416//4 7418//4 7085//4
f 7417//6 7419//6 7418//6 7416//6
f 7092//1 7420//1 7421//1 7091//1
f 7091//4 7421//4 7422//4 7077//4
f 7420//6 7423//6 7422//6 7421//6
f 7094//2 7079//2 7424//2 7425//2
f 7077//4 7422//4 7424//4 7079//4
f 7423//6 7425//6 7424//6 7422//6
f 7426//1 7427//1 7414//1 7083//1
f 7426//3 7097//3 7428//3 7427//3
f 7426//5 7083//5 7084//5 7097//5
f 7427//6 7428//6 7417//6 7414//6
f 7428//6 7429//6 7419//6 7417//6
f 7101//2 7087//2 7430//2 7431//2
f 7088//4 7419//4 7430//4 7087//4
f 7429//6 7431//6 7430//6 7419//6
f 7104//1 7432//1 7433//1 7089//1
f 7089//4 7433//4 7420//4 7092//4
f 7432//6 7434//6 7420//6 7433//6
f 7434//6 7435//6 7423//6 7420//6
f 7436//2 7094//2 7425//2 7437//2
f 7106//3 7436//3 7437//3 7435//3
f 7106//5 7095//5 7094//5 7436//5
f 7435//6 7437//6 7425//6 7423//6
f 7438//1 7439//1 7428//1 7097//1
f 7438//3 7109//3 7440//3 7439//3
f 7438//5 7097//5 7098//5 7109//5
f 7109//3 7110//3 7441//3 7440//3
f 7117//3 7119//3 7447//3 7446//3
f 7448//2 7106//2 7435//2 7449//2
f 7119//3 7448//3 7449//3 7447//3
f 7119//5 7107//5 7106//5 7448//5
f 7439//1 7782//1 7783//1 7428//1
f 7439//3 7440//3 7784//3 7782//3
f 7428//4 7783//4 7785//4 7429//4
f 7782//6 7784//6 7785//6 7783//6
f 7441//2 7431//2 7786//2 7787//2
f 7429//4 7785//4 7786//4 7431//4
f 7784//6 7787//6 7786//6 7785//6
f 7446//1 7788//1 7789//1 7432//1
f 7432//4 7789//4 7790//4 7434//4
f 7788//6 7791//6 7790//6 7789//6
f 7449//2 7435//2 7792//2 7793//2
f 7447//3 7449//3 7793//3 7791//3
f 7434//4 7790//4 7792//4 7435//4
f 7791//6 7793//6 7792//6 7790//6
f 7794//1 7795//1 7784//1 7440//1
f 7794//3 7451//3 7796//3 7795//3
f 7794//5 7440//5 7441//5 7451//5
f 7795//6 7796//6 7787//6 7784//6
f 7452//2 7443//2 7797//2 7798//2
f 7441//4 7787//4 7797//4 7443//4
f 7796//6 7798//6 7797//6 7787//6
f 7457//1 7807//1 7808//1 7444//1
f 7444//4 7808//4 7788//4 7446//4
f 7807//6 7809//6 7788//6 7808//6
f 7810//2 7447//2 7791//2 7811//2
f 7459//3 7810//3 7811//3 7809//3
f 7459//5 7446//5 7447//5 7810//5
f 7809//6 7811//6 7791//6 7788//6
f 7812//1 7813//1 7796//1 7451//1
f 7812//3 7461//3 7814//3 7813//3
f 7812//5 7451//5 7452//5 7461//5
f 7452//4 7798//4 7815//4 7454//4
f 7455//4 7827//4 7807//4 7457//4
f 7829//2 7459//2 7809//2 7830//2
f 7468//3 7829//3 7830//3 7831//3
f 7468//5 7457//5 7459//5 7829//5
f 7813//1 8158//1 8159//1 7796//1
f 7796//4 8159//4 8160//4 7798//4
f 8158//6 8161//6 8160//6 8159//6
f 7818//2 7815//2 8162//2 8163//2
f 7798//4 8160//4 8162//4 7815//4
f 8161//6 8163//6 8162//6 8160//6
f 7828//1 8168//1 8169//1 7827//1
f 7827//4 8169//4 8170//4 7807//4
f 8168//6 8171//6 8170//6 8169//6
f 7830//2 7809//2 8172//2 8173//2
f 7807//4 8170//4 8172//4 7809//4
f 8171//6 8173//6 8172//6 8170//6
f 8174//1 8175//1 8158//1 7813//1
f 8174//3 7833//3 8176//3 8175//3
f 8174//5 7813//5 7814//5 7833//5
f 8175//6 8176//6 8161//6 8158//6
f 8176//6 8177//6 8163//6 8161//6
f 7837//2 7817//2 8178//2 8179//2
f 7818//4 8163//4 8178//4 7817//4
f 8177//6 8179//6 8178//6 8163//6
f 7846//1 8182//1 8183//1 7825//1
f 7825//4 8183//4 8168//4 7828//4
f 8182//6 8184//6 8168//6 8183//6
f 8184//6 8185//6 8171//6 8168//6
f 8186//2 7830//2 8173//2 8187//2
f 7848//3 8186//3 8187//3 8185//3
f 7848//5 7831//5 7830//5 8186//5
f 8185//6 8187//6 8173//6 8171//6
f 8188//1 8189//1 8176//1 7833//1
f 8188//3 7851//3 8190//3 8189//3
f 8188//5 7833//5 7834//5 7851//5
f 7851//3 7852//3 8191//3 8190//3
f 7865//3 7867//3 8199//3 8198//3
f 8200//2 7848//2 8185//2 8201//2
f 7867//3 8200//3 8201//3 8199//3
f 7867//5 7849//5 7848//5 8200//5
f 8189//1 8488//1 8489//1 8176//1
f 8189//3 8190//3 8490//3 8488//3
f 8176//4 8489//4 8491//4 8177//4
f 8488//6 8490//6 8491//6 8489//6
f 8191//2 8179//2 8492//2 8493//2
f 8177//4 8491//4 8492//4 8179//4
f 8490//6 8493//6 8492//6 8491//6
f 8198//1 8496//1 8497//1 8182//1
f 8182//4 8497//4 8498//4 8184//4
f 8496//6 8499//6 8498//6 8497//6
f 8201//2 8185//2 8500//2 8501//2
f 8199//3 8201//3 8501//3 8499//3
f 8184//4 8498//4 8500//4 8185//4
f 8499//6 8501//6 8500//6 8498//6
f 8502//1 8503//1 8490//1 8190//1
f 8502//3 8203//3 8504//3 8503//3
f 8502//5 8190//5 8191//5 8203//5
f 8503//6 8504//6 8493//6 8490//6
f 8204//2 8193//2 8505//2 8506//2
f 8191//4 8493//4 8505//4 8193//4
f 8504//6 8506//6 8505//6 8493//6
f 8215//1 8509//1 8510//1 8196//1
f 8196//4 8510//4 8496//4 8198//4
f 8509//6 8511//6 8496//6 8510//6
f 8512//2 8199//2 8499//2 8513//2
f 8217//3 8512//3 8513//3 8511//3
f 8217//5 8198//5 8199//5 8512//5
f 8511//6 8513//6 8499//6 8496//6
f 8514//1 8515//1 8504//1 8203//1
f 8514//3 8219//3 8516//3 8515//3
f 8514//5 8203//5 8204//5 8219//5
f 8204//4 8506//4 8517//4 8206//4
f 8213//4 8526//4 8509//4 8215//4
f 8527//2 8217//2 8511//2 8528//2
f 8228//3 8527//3 8528//3 8529//3
f 8228//5 8215//5 8217//5 8527//5
f 8515//1 8738//1 8739//1 8504//1
f 8504//4 8739//4 8740//4 8506//4
f 8738//6 8741//6 8740//6 8739//6
f 8520//2 8517//2 8742//2 8743//2
f 8506//4 8740//4 8742//4 8517//4
f 8741//6 8743//6 8742//6 8740//6
f 8525//1 8746//1 8747//1 8526//1
f 8526//4 8747//4 8748//4 8509//4
f 8746//6 8749//6 8748//6 8747//6
f 8528//2 8511//2 8750//2 8751//2
f 8509//4 8748//4 8750//4 8511//4
f 8749//6 8751//6 8750//6 8748//6
f 8752//1 8753//1 8738//1 8515//1
f 8752//3 8531//3 8754//3 8753//3
f 8752//5 8515//5 8516//5 8531//5
f 8753//6 8754//6 8741//6 8738//6
f 8532//2 8520//2 8743//2 8755//2
f 8531//3 8532//3 8755//3 8754//3
f 8754//6 8755//6 8743//6 8741//6
f 8535//1 8758//1 8746//1 8525//1
f 8535//3 8537//3 8759//3 8758//3
f 8758//6 8759//6 8749//6 8746//6
f 8760//2 8528//2 8751//2 8761//2
f 8537//3 8760//3 8761//3 8759//3
f 8537//5 8529//5 8528//5 8760//5
f 8759//6 8761//6 8751//6 8749//6
f 8896//1 8897//1 8898//1 8899//1
f 8900//2 8901//2 8902//2 8903//2
f 8899//4 8898//4 8902//4 8901//4
f 8896//5 8899//5 8901//5 8900//5
f 8897//6 8903//6 8902//6 8898//6
f 8904//1 8905//1 8906//1 8907//1
f 8908//2 8909//2 8910//2 8911//2
f 8907//4 8906//4 8910//4 8909//4
f 8904//5 8907//5 8909//5 8908//5
f 8905//6 8911//6 8910//6 8906//6
f 8912//1 8913//1 8897//1 8896//1
f 8914//2 8900//2 8903//2 8915//2
f 8912//3 8914//3 8915//3 8913//3
f 8912//5 8896//5 8900//5 8914//5
f 8913//6 8915//6 8903//6 8897//6
f 8916//1 8917//1 8905//1 8904//1
f 8918//2 8908//2 8911//2 8919//2
f 8916//3 8918//3 8919//3 8917//3
f 8916//5 8904//5 8908//5 8918//5
f 8917//6 8919//6 8911//6 8905//6
f 8920//1 8921//1 8915//1 8914//1
f 8922//2 8923//2 8924//2 8925//2
f 8914//4 8915//4 8924//4 8923//4
f 8920//5 8914//5 8923//5 8922//5
f 8926//1 8927//1 8928//1 8929//1
f 8930//2 8916//2 8917//2 8931//2
f 8929//4 8928//4 8917//4 8916//4
f 8926//5 8929//5 8916//5 8930//5
f 8932//1 8933//1 8921//1 8920//1
f 8934//2 8922//2 8925//2 8935//2
f 8932//3 8934//3 8935//3 8933//3
f 8932//5 8920//5 8922//5 8934//5
f 8936//1 8937//1 8927//1 8926//1
f 8938//2 8930//2 8931//2 8939//2
f 8936//3 8938//3 8939//3 8937//3
f 8936//5 8926//5 8930//5 8938//5
f 8921//1 9088//1 9089//1 8915//1
f 8925//2 8924//2 9090//2 9091//2
f 8915//4 9089//4 9090//4 8924//4
f 9088//6 9091//6 9090//6 9089//6
f 8927//1 9092//1 9093//1 8928//1
f 8931//2 8917//2 9094//2 9095//2
f 8928//4 9093//4 9094//4 8917//4
f 9092//6 9095//6 9094//6 9093//6
f 8933//1 9096//1 9088//1 8921//1
f 9096//6 9097//6 9091//6 9088//6
f 9098//2 9099//2 9100//2 9101//2
f 8925//4 9091//4 9100//4 9099//4
f 8935//5 8925//5 9099//5 9098//5
f 9097//6 9101//6 9100//6 9091//6
f 9102//1 9103//1 9104//1 9105//1
f 9105//4 9104//4 9092//4 8927//4
f 9102//5 9105//5 8927//5 8937//5
f 9103//6 9106//6 9092//6 9104//6
f 8939//2 8931//2 9095//2 9107//2
f 9106//6 9107//6 9095//6 9092//6
f 9108//1 9109//1 9096//1 8933//1
f 9108//5 8933//5 8935//5 9110//5
f 9109//6 9111//6 9097//6 9096//6
f 9112//2 9098//2 9101//2 9113//2
f 9110//5 8935//5 9098//5 9112//5
f 9114//1 9115//1 9103//1 9102//1
f 9114//5 9102//5 8937//5 9116//5
f 9117//2 8939//2 9107//2 9118//2
f 9116//5 8937//5 8939//5 9117//5
f 9119//6 9118//6 9107//6 9106//6
f 9120//1 9121//1 9109//1 9108//1
f 9120//3 9122//3 9123//3 9121//3
f 9120//5 9108//5 9110//5 9122//5
f 9121//6 9123//6 9111//6 9109//6
f 9122//5 9110//5 9112//5 9124//5
f 9125//2 9126//2 9127//2 9128//2
f 9112//4 9113//4 9127//4 9126//4
f 9124//5 9112//5 9126//5 9125//5
f 9129//6 9128//6 9127//6 9113//6
f 9130//1 9131//1 9132//1 9133//1
f 9133//4 9132//4 9115//4 9114//4
f 9130//5 9133//5 9114//5 9134//5
f 9131//6 9135//6 9115//6 9132//6
f 9134//5 9114//5 9116//5 9136//5
f 9137//2 9117//2 9118//2 9138//2
f 9136//3 9137//3 9138//3 9139//3
f 9136//5 9116//5 9117//5 9137//5
f 9139//6 9138//6 9118//6 9119//6
f 9140//1 9141//1 9123//1 9122//1
f 9140//5 9122//5 9124//5 9142//5
f 9143//2 9125//2 9128//2 9144//2
f 9142//5 9124//5 9125//5 9143//5
f 9145//1 9146//1 9131//1 9130//1
f 9145//5 9130//5 9134//5 9147//5
f 9148//2 9136//2 9139//2 9149//2
f 9147//5 9134//5 9136//5 9148//5
f 9150//1 9151//1 9141//1 9140//1
f 9150//5 9140//5 9142//5 9152//5
f 8955//2 9143//2 9144//2 9153//2
f 9152//5 9142//5 9143//5 8955//5
f 8960//1 9166//1 9146//1 9145//1
f 8960//5 9145//5 9147//5 9167//5
f 9168//2 9148//2 9149//2 9169//2
f 9167//5 9147//5 9148//5 9168//5
f 9170//1 9171//1 9151//1 9150//1
f 9170//3 8963//3 9172//3 9171//3
f 9170//5 9150//5 9152//5 8963//5
f 8963//5 9152//5 8955//5 8954//5
f 8955//4 9153//4 9154//4 8957//4
f 8958//4 9165//4 9166//4 8960//4
f 8961//5 8960//5 9167//5 8966//5
f 9173//2 9168//2 9169//2 9174//2
f 8966//3 9173//3 9174//3 9175//3
f 8966//5 9167//5 9168//5 9173//5
f 8962//1 9176//1 9172//1 8963//1
f 8967//2 8966//2 9175//2 9177//2
f 9111//1 9254//1 9255//1 9097//1
f 9113//2 9101//2 9256//2 9257//2
f 9097//4 9255//4 9256//4 9101//4
f 9254//6 9257//6 9256//6 9255//6
f 9115//1 9258//1 9259//1 9103//1
f 9119//2 9106//2 9260//2 9261//2
f 9103//4 9259//4 9260//4 9106//4
f 9258//6 9261//6 9260//6 9259//6
f 9123//1 9262//1 9254//1 9111//1
f 9129//2 9113//2 9257//2 9263//2
f 9262//6 9263//6 9257//6 9254//6
f 9135//1 9264//1 9258//1 9115//1
f 9139//2 9119//2 9261//2 9265//2
f 9264//6 9265//6 9261//6 9258//6
f 9141//1 9266//1 9262//1 9123//1
f 9266//6 9267//6 9263//6 9262//6
f 9144//2 9128//2 9268//2 9269//2
f 9129//4 9263//4 9268//4 9128//4
f 9267//6 9269//6 9268//6 9263//6
f 9146//1 9270//1 9271//1 9131//1
f 9131//4 9271//4 9264//4 9135//4
f 9270//6 9272//6 9264//6 9271//6
f 9149//2 9139//2 9265//2 9273//2
f 9272//6 9273//6 9265//6 9264//6
f 9151//1 9274//1 9266//1 9141//1
f 9274//6 9275//6 9267//6 9266//6
f 9144//4 9269//4 9276//4 9155//4
f 9153//5 9144//5 9155//5 9154//5
f 9277//6 9278//6 9276//6 9269//6
f 9164//4 9285//4 9270//4 9146//4
f 9165//5 9164//5 9146//5 9166//5
f 9286//6 9287//6 9270//6 9285//6
f 9169//2 9149//2 9273//2 9288//2
f 9289//6 9288//6 9273//6 9272//6
f 9171//1 9290//1 9274//1 9151//1
f 9174//2 9169//2 9288//2 9291//2
f 9179//1 9292//1 9290//1 9171//1
f 9179//5 9171//5 9172//5 9176//5
f 9182//2 9174//2 9291//2 9293//2
f 9177//5 9175//5 9174//5 9182//5
f 9275//1 9340//1 9341//1 9267//1
f 9277//2 9269//2 9342//2 9343//2
f 9267//4 9341//4 9342//4 9269//4
f 9340//6 9343//6 9342//6 9341//6
f 9287//1 9352//1 9353//1 9270//1
f 9289//2 9272//2 9354//2 9355//2
f 9270//4 9353//4 9354//4 9272//4
f 9352//6 9355//6 9354//6 9353//6
f 9290//1 9356//1 9357//1 9274//1
f 9274//4 9357//4 9340//4 9275//4
f 9356//6 9358//6 9340//6 9357//6
f 9277//4 9343//4 9344//4 9278//4
f 9286//4 9351//4 9352//4 9287//4
f 9291//2 9288//2 9359//2 9360//2
f 9289//4 9355//4 9359//4 9288//4
f 9361//6 9360//6 9359//6 9355//6
f 9582//1 9583//1 9584//1 9585//1
f 9585//4 9584//4 9586//4 9587//4
f 9582//5 9585//5 9587//5 9588//5
f 9587//4 9586//4 9589//4 9590//4
f 9588//5 9587//5 9590//5 9591//5
f 9590//4 9589//4 9592//4 9593//4
f 9591//5 9590//5 9593//5 9594//5
f 9593//4 9592//4 9595//4 9596//4
f 9594//5 9593//5 9596//5 9597//5
f 9596//4 9595//4 9598//4 9599//4
f 9597//5 9596//5 9599//5 9600//5
f 9599//4 9598//4 9601//4 9602//4
f 9600//5 9599//5 9602//5 9603//5
f 9602//4 9601//4 9604//4 9605//4
f 9603//5 9602//5 9605//5 9606//5
f 9605//4 9604//4 9607//4 9608//4
f 9606//5 9605//5 9608//5 9609//5
f 9610//2 9611//2 9612//2 9613//2
f 9608//4 9607//4 9612//4 9611//4
f 9609//5 9608//5 9611//5 9610//5
f 9614//1 9615//1 9583//1 9582//1
f 9614//3 9616//3 9617//3 9615//3
f 9614//5 9582//5 9588//5 9616//5
f 9616//3 9618//3 9619//3 9617//3
f 9616//5 9588//5 9591//5 9618//5
f 9618//3 9620//3 9621//3 9619//3
f 9618//5 9591//5 9594//5 9620//5
f 9620//3 9622//3 9623//3 9621//3
f 9620//5 9594//5 9597//5 9622//5
f 9622//3 9624//3 9625//3 9623//3
f 9622//5 9597//5 9600//5 9624//5
f 9624//3 9626//3 9627//3 9625//3
f 9624//5 9600//5 9603//5 9626//5
f 9626//3 9628//3 9629//3 9627//3
f 9626//5 9603//5 9606//5 9628//5
f 9628//3 9630//3 9631//3 9629//3
f 9628//5 9606//5 9609//5 9630//5
f 9632//2 9610//2 9613//2 9633//2
f 9630//3 9632//3 9633//3 9631//3
f 9630//5 9609//5 9610//5 9632//5
f 9583//1 9684//1 9685//1 9584//1
f 9584//4 9685//4 9686//4 9586//4
f 9586//4 9686//4 9687//4 9589//4
f 9589//4 9687//4 9688//4 9592//4
f 9592//4 9688//4 9689//4 9595//4
f 9595//4 9689//4 9690//4 9598//4
f 9598//4 9690//4 9691//4 9601//4
f 9601//4 9691//4 9692//4 9604//4
f 9604//4 9692//4 9693//4 9607//4
f 9613//2 9612//2 9694//2 9695//2
f 9607//4 9693//4 9694//4 9612//4
f 9615//1 9696//1 9684//1 9583//1
f 9615//3 9617//3 9697//3 9696//3
f 9617//3 9619//3 9698//3 9697//3
f 9619//3 9621//3 9699//3 9698//3
f 9621//3 9623//3 9700//3 9699//3
f 9623//3 9625//3 9701//3 9700//3
f 9625//3 9627//3 9702//3 9701//3
f 9627//3 9629//3 9703//3 9702//3
f 9629//3 9631//3 9704//3 9703//3
f 9633//2 9613//2 9695//2 9705//2
f 9631//3 9633//3 9705//3 9704//3
f 9684//1 9764//1 9765//1 9685//1
f 9685//4 9765//4 9766//4 9686//4
f 9686//4 9766//4 9767//4 9687//4
f 9687//4 9767//4 9768//4 9688//4
f 9688//4 9768//4 9769//4 9689//4
f 9689//4 9769//4 9770//4 9690//4
f 9690//4 9770//4 9771//4 9691//4
f 9691//4 9771//4 9772//4 9692//4
f 9692//4 9772//4 9773//4 9693//4
f 9695//2 9694//2 9774//2 9775//2
f 9693//4 9773//4 9774//4 9694//4
f 9696//1 9776//1 9764//1 9684//1
f 9696//3 9697//3 9777//3 9776//3
f 9697//3 9698//3 9778//3 9777//3
f 9698//3 9699//3 9779//3 9778//3
f 9699//3 9700//3 9780//3 9779//3
f 9700//3 9701//3 9781//3 9780//3
f 9701//3 9702//3 9782//3 9781//3
f 9702//3 9703//3 9783//3 9782//3
f 9703//3 9704//3 9784//3 9783//3
f 9705//2 9695//2 9775//2 9785//2
f 9704//3 9705//3 9785//3 9784//3
f 9764//1 9834//1 9835//1 9765//1
f 9765//4 9835//4 9836//4 9766//4
f 9766//4 9836//4 9837//4 9767//4
f 9767//4 9837//4 9838//4 9768//4
f 9768//4 9838//4 9839//4 9769//4
f 9769//4 9839//4 9840//4 9770//4
f 9770//4 9840//4 9841//4 9771//4
f 9771//4 9841//4 9842//4 9772//4
f 9772//4 9842//4 9843//4 9773//4
f 9775//2 9774//2 9844//2 9845//2
f 9773//4 9843//4 9844//4 9774//4
f 9776//1 9846//1 9834//1 9764//1
f 9776//3 9777//3 9847//3 9846//3
f 9777//3 9778//3 9848//3 9847//3
f 9778//3 9779//3 9849//3 9848//3
f 9779//3 9780//3 9850//3 9849//3
f 9780//3 9781//3 9851//3 9850//3
f 9781//3 9782//3 9852//3 9851//3
f 9782//3 9783//3 9853//3 9852//3
f 9783//3 9784//3 9854//3 9853//3
f 9785//2 9775//2 9845//2 9855//2
f 9784//3 9785//3 9855//3 9854//3
f 9834//1 9888//1 9889//1 9835//1
f 9835//4 9889//4 9890//4 9836//4
f 9836//4 9890//4 9891//4 9837//4
f 9837//4 9891//4 9892//4 9838//4
f 9838//4 9892//4 9893//4 9839//4
f 9839//4 9893//4 9894//4 9840//4
f 9840//4 9894//4 9895//4 9841//4
f 9841//4 9895//4 9896//4 9842//4
f 9842//4 9896//4 9897//4 9843//4
f 9845//2 9844//2 9898//2 9899//2
f 9843//4 9897//4 9898//4 9844//4
f 9846//1 9900//1 9888//1 9834//1
f 9846//3 9847//3 9901//3 9900//3
f 9847//3 9848//3 9902//3 9901//3
f 9848//3 9849//3 9903//3 9902//3
f 9849//3 9850//3 9904//3 9903//3
f 9850//3 9851//3 9905//3 9904//3
f 9851//3 9852//3 9906//3 9905//3
f 9852//3 9853//3 9907//3 9906//3
f 9853//3 9854//3 9908//3 9907//3
f 9855//2 9845//2 9899//2 9909//2
f 9854//3 9855//3 9909//3 9908//3
f 9888//1 9942//1 9943//1 9889//1
f 9889//4 9943//4 9944//4 9890//4
f 9890//4 9944//4 9945//4 9891//4
f 9891//4 9945//4 9946//4 9892//4
f 9892//4 9946//4 9947//4 9893//4
f 9893//4 9947//4 9948//4 9894//4
f 9894//4 9948//4 9949//4 9895//4
f 9895//4 9949//4 9950//4 9896//4
f 9896//4 9950//4 9951//4 9897//4
f 9899//2 9898//2 9952//2 9953//2
f 9897//4 9951//4 9952//4 9898//4
f 9900//1 9954//1 9942//1 9888//1
f 9900//3 9901//3 9955//3 9954//3
f 9901//3 9902//3 9956//3 9955//3
f 9902//3 9903//3 9957//3 9956//3
f 9903//3 9904//3 9958//3 9957//3
f 9904//3 9905//3 9959//3 9958//3
f 9905//3 9906//3 9960//3 9959//3
f 9906//3 9907//3 9961//3 9960//3
f 9907//3 9908//3 9962//3 9961//3
f 9909//2 9899//2 9953//2 9963//2
f 9908//3 9909//3 9963//3 9962//3
f 9942//1 9996//1 9997//1 9943//1
f 9943//4 9997//4 9998//4 9944//4
f 9944//4 9998//4 9999//4 9945//4
f 9945//4 9999//4 10000//4 9946//4
f 9946//4 10000//4 10001//4 9947//4
f 9947//4 10001//4 10002//4 9948//4
f 9948//4 10002//4 10003//4 9949//4
f 9949//4 10003//4 10004//4 9950//4
f 9950//4 10004//4 10005//4 9951//4
f 9953//2 9952//2 10006//2 10007//2
f 9951//4 10005//4 10006//4 9952//4
f 9954//1 10008//1 9996//1 9942//1
f 9954//3 9955//3 10009//3 10008//3
f 9955//3 9956//3 10010//3 10009//3
f 9956//3 9957//3 10011//3 10010//3
f 9957//3 9958//3 10012//3 10011//3
f 9958//3 9959//3 10013//3 10012//3
f 9959//3 9960//3 10014//3 10013//3
f 9960//3 9961//3 10015//3 10014//3
f 9961//3 9962//3 10016//3 10015//3
f 9963//2 9953//2 10007//2 10017//2
f 9962//3 9963//3 10017//3 10016//3
f 9996//1 10050//1 10051//1 9997//1
f 9997//4 10051//4 10052//4 9998//4
f 9998//4 10052//4 10053//4 9999//4
f 9999//4 10053//4 10054//4 10000//4
f 10000//4 10054//4 10055//4 10001//4
f 10001//4 10055//4 10056//4 10002//4
f 10002//4 10056//4 10057//4 10003//4
f 10003//4 10057//4 10058//4 10004//4
f 10004//4 10058//4 10059//4 10005//4
f 10007//2 10006//2 10060//2 10061//2
f 10005//4 10059//4 10060//4 10006//4
f 10008//1 10062//1 10050//1 9996//1
f 10008//3 10009//3 10063//3 10062//3
f 10009//3 10010//3 10064//3 10063//3
f 10010//3 10011//3 10065//3 10064//3
f 10011//3 10012//3 10066//3 10065//3
f 10012//3 10013//3 10067//3 10066//3
f 10013//3 10014//3 10068//3 10067//3
f 10014//3 10015//3 10069//3 10068//3
f 10015//3 10016//3 10070//3 10069//3
f 10017//2 10007//2 10061//2 10071//2
f 10016//3 10017//3 10071//3 10070//3
f 10050//1 10144//1 10145//1 10051//1
f 10051//4 10145//4 10146//4 10052//4
f 10144//6 10147//6 10146//6 10145//6
f 10052//4 10146//4 10148//4 10053//4
f 10147//6 10149//6 10148//6 10146//6
f 10053//4 10148//4 10150//4 10054//4
f 10149//6 10151//6 10150//6 10148//6
f 10054//4 10150//4 10152//4 10055//4
f 10151//6 10153//6 10152//6 10150//6
f 10055//4 10152//4 10154//4 10056//4
f 10153//6 10155//6 10154//6 10152//6
f 10056//4 10154//4 10156//4 10057//4
f 10155//6 10157//6 10156//6 10154//6
f 10057//4 10156//4 10158//4 10058//4
f 10157//6 10159//6 10158//6 10156//6
f 10058//4 10158//4 10160//4 10059//4
f 10159//6 10161//6 10160//6 10158//6
f 10061//2 10060//2 10162//2 10163//2
f 10059//4 10160//4 10162//4 10060//4
f 10161//6 10163//6 10162//6 10160//6
f 10062//1 10164//1 10144//1 10050//1
f 10062//3 10063//3 10165//3 10164//3
f 10164//6 10165//6 10147//6 10144//6
f 10063//3 10064//3 10166//3 10165//3
f 10165//6 10166//6 10149//6 10147//6
f 10064//3 10065//3 10167//3 10166//3
f 10166//6 10167//6 10151//6 10149//6
f 10065//3 10066//3 10168//3 10167//3
f 10167//6 10168//6 10153//6 10151//6
f 10066//3 10067//3 10169//3 10168//3
f 10168//6 10169//6 10155//6 10153//6
f 10067//3 10068//3 10170//3 10169//3
f 10169//6 10170//6 10157//6 10155//6
f 10068//3 10069//3 10171//3 10170//3
f 10170//6 10171//6 10159//6 10157//6
f 10069//3 10070//3 10172//3 10171//3
f 10171//6 10172//6 10161//6 10159//6
f 10071//2 10061//2 10163//2 10173//2
f 10070//3 10071//3 10173//3 10172//3
f 10172//6 10173//6 10163//6 10161//6
g glyph_64
f 1085//1 1086//1 1087//1 1088//1
f 1089//2 1090//2 1091//2 1092//2
f 1088//4 1087//4 1091//4 1090//4
f 1085//5 1088//5 1090//5 1089//5
f 1093//1 1094//1 1086//1 1085//1
f 1095//2 1089//2 1092//2 1096//2
f 1093//5 1085//5 1089//5 1095//5
f 1097//1 1098//1 1099//1 1100//1
f 1097//3 1101//3 1102//3 1098//3
f 1100//4 1099//4 1094//4 1093//4
f 1097//5 1100//5 1093//5 1101//5
f 1098//6 1102//6 1094//6 1099//6
f 1103//2 1095//2 1096//2 1104//2
f 1101//3 1103//3 1104//3 1102//3
f 1101//5 1093//5 1095//5 1103//5
f 1185//1 1186//1 1187//1 1188//1
f 1189//2 1190//2 1191//2 1192//2
f 1188//4 1187//4 1191//4 1190//4
f 1185//5 1188//5 1190//5 1189//5
f 1186//6 1192//6 1191//6 1187//6
f 1193//1 1194//1 1186//1 1185//1
f 1195//2 1189//2 1192//2 1196//2
f 1193//5 1185//5 1189//5 1195//5
f 1194//6 1196//6 1192//6 1186//6
f 1197//1 1198//1 1194//1 1193//1
f 1199//2 1195//2 1196//2 1200//2
f 1197//5 1193//5 1195//5 1199//5
f 1198//6 1200//6 1196//6 1194//6
f 1201//1 1202//1 1203//1 1204//1
f 1204//4 1203//4 1198//4 1197//4
f 1201//5 1204//5 1197//5 1205//5
f 1202//6 1206//6 1198//6 1203//6
f 1205//5 1197//5 1199//5 1207//5
f 1206//6 1208//6 1200//6 1198//6
f 1209//2 1210//2 1211//2 1212//2
f 1199//4 1200//4 1211//4 1210//4
f 1207//5 1199//5 1210//5 1209//5
f 1208//6 1212//6 1211//6 1200//6
f 1087//1 1213//1 1202//1 1201//1
f 1087//5 1201//5 1205//5 1091//5
f 1213//6 1214//6 1206//6 1202//6
f 1091//5 1205//5 1207//5 1215//5
f 1214//6 1216//6 1208//6 1206//6
f 1217//2 1209//2 1212//2 1218//2
f 1215//5 1207//5 1209//5 1217//5
f 1216//6 1218//6 1212//6 1208//6
f 1086//1 1219//1 1213//1 1087//1
f 1219//6 1220//6 1214//6 1213//6
f 1092//5 1091//5 1215//5 1221//5
f 1220//6 1222//6 1216//6 1214//6
f 1223//2 1217//2 1218//2 1224//2
f 1221//5 1215//5 1217//5 1223//5
f 1094//1 1225//1 1219//1 1086//1
f 1225//6 1226//6 1220//6 1219//6
f 1096//5 1092//5 1221//5 1227//5
f 1226//6 1228//6 1222//6 1220//6
f 1229//2 1223//2 1224//2 1230//2
f 1227//5 1221//5 1223//5 1229//5
f 1102//1 1231//1 1225//1 1094//1
f 1102//3 1104//3 1232//3 1231//3
f 1231//6 1232//6 1226//6 1225//6
f 1104//3 1233//3 1234//3 1232//3
f 1104//5 1096//5 1227//5 1233//5
f 1232//6 1234//6 1228//6 1226//6
f 1235//2 1229//2 1230//2 1236//2
f 1233//3 1235//3 1236//3 1234//3
f 1233//5 1227//5 1229//5 1235//5
f 1222//1 1350//1 1351//1 1216//1
f 1224//2 1218//2 1352//2 1353//2
f 1216//4 1351//4 1352//4 1218//4
f 1350//6 1353//6 1352//6 1351//6
f 1228//1 1354//1 1350//1 1222//1
f 1230//2 1224//2 1353//2 1355//2
f 1354//6 1355//6 1353//6 1350//6
f 1234//1 1356//1 1354//1 1228//1
f 1234//3 1236//3 1357//3 1356//3
f 1356//6 1357//6 1355//6 1354//6
f 1358//2 1359//2 1360//2 1361//2
f 1236//3 1358//3 1361//3 1357//3
f 1230//4 1355//4 1360//4 1359//4
f 1236//5 1230//5 1359//5 1358//5
f 1357//6 1361//6 1360//6 1355//6
f 1639//1 1640//1 1641//1 1642//1
f 1643//2 1644//2 1645//2 1646//2
f 1642//4 1641//4 1645//4 1644//4
f 1639//5 1642//5 1644//5 1643//5
f 1647//1 1648//1 1640//1 1639//1
f 1649//2 1643//2 1646//2 1650//2
f 1647//5 1639//5 1643//5 1649//5
f 1651//1 1652//1 1653//1 1654//1
f 1651//3 1655//3 1656//3 1652//3
f 1654//4 1653//4 1648//4 1647//4
f 1651//5 1654//5 1647//5 1655//5
f 1652//6 1656//6 1648//6 1653//6
f 1657//2 1649//2 1650//2 1658//2
f 1655//3 1657//3 1658//3 1656//3
f 1655//5 1647//5 1649//5 1657//5
f 1883//1 1884//1 1885//1 1886//1
f 1887//2 1888//2 1889//2 1890//2
f 1886//4 1885//4 1889//4 1888//4
f 1883//5 1886//5 1888//5 1887//5
f 1884//6 1890//6 1889//6 1885//6
f 1891//1 1892//1 1884//1 1883//1
f 1893//2 1887//2 1890//2 1894//2
f 1891//5 1883//5 1887//5 1893//5
f 1892//6 1894//6 1890//6 1884//6
f 1895//1 1896//1 1892//1 1891//1
f 1897//2 1893//2 1894//2 1898//2
f 1895//5 1891//5 1893//5 1897//5
f 1896//6 1898//6 1894//6 1892//6
f 1899//1 1900//1 1901//1 1902//1
f 1902//4 1901//4 1896//4 1895//4
f 1899//5 1902//5 1895//5 1903//5
f 1900//6 1904//6 1896//6 1901//6
f 1903//5 1895//5 1897//5 1905//5
f 1904//6 1906//6 1898//6 1896//6
f 1907//2 1908//2 1909//2 1910//2
f 1897//4 1898//4 1909//4 1908//4
f 1905//5 1897//5 1908//5 1907//5
f 1906//6 1910//6 1909//6 1898//6
f 1641//1 1911//1 1900//1 1899//1
f 1641//5 1899//5 1903//5 1645//5
f 1911//6 1912//6 1904//6 1900//6
f 1645//5 1903//5 1905//5 1913//5
f 1912//6 1914//6 1906//6 1904//6
f 1915//2 1907//2 1910//2 1916//2
f 1913//5 1905//5 1907//5 1915//5
f 1914//6 1916//6 1910//6 1906//6
f 1640//1 1917//1 1911//1 1641//1
f 1917//6 1918//6 1912//6 1911//6
f 1646//5 1645//5 1913//5 1919//5
f 1918//6 1920//6 1914//6 1912//6
f 1921//2 1915//2 1916//2 1922//2
f 1919//5 1913//5 1915//5 1921//5
f 1648//1 1923//1 1917//1 1640//1
f 1923//6 1924//6 1918//6 1917//6
f 1650//5 1646//5 1919//5 1925//5
f 1924//6 1926//6 1920//6 1918//6
f 1927//2 1921//2 1922//2 1928//2
f 1925//5 1919//5 1921//5 1927//5
f 1656//1 1929//1 1923//1 1648//1
f 1929//6 1930//6 1924//6 1923//6
f 1658//5 1650//5 1925//5 1931//5
f 1930//6 1932//6 1926//6 1924//6
f 1933//2 1927//2 1928//2 1934//2
f 1931//5 1925//5 1927//5 1933//5
f 1920//1 2158//1 2159//1 1914//1
f 1922//2 1916//2 2160//2 2161//2
f 1914//4 2159//4 2160//4 1916//4
f 2158//6 2161//6 2160//6 2159//6
f 1926//1 2162//1 2158//1 1920//1
f 1928//2 1922//2 2161//2 2163//2
f 2162//6 2163//6 2161//6 2158//6
f 1932//1 2164//1 2162//1 1926//1
f 1939//2 2165//2 2166//2 2167//2
f 1928//4 2163//4 2166//4 2165//4
f 1934//5 1928//5 2165//5 1939//5
f 2168//6 2167//6 2166//6 2163//6
f 2746//1 2747//1 2748//1 2749//1
f 2750//2 2751//2 2752//2 2753//2
f 2749//4 2748//4 2752//4 2751//4
f 2746//5 2749//5 2751//5 2750//5
f 2435//1 2754//1 2747//1 2746//1
f 2437//2 2750//2 2753//2 2755//2
f 2435//5 2746//5 2750//5 2437//5
f 2447//1 2756//1 2757//1 2758//1
f 2758//4 2757//4 2754//4 2435//4
f 2447//5 2758//5 2435//5 2434//5
f 3102//1 3103//1 3104//1 3105//1
f 3106//2 3107//2 3108//2 3109//2
f 3105//4 3104//4 3108//4 3107//4
f 3102//5 3105//5 3107//5 3106//5
f 3103//6 3109//6 3108//6 3104//6
f 3110//1 3111//1 3103//1 3102//1
f 3112//2 3106//2 3109//2 3113//2
f 3110//5 3102//5 3106//5 3112//5
f 3111//6 3113//6 3109//6 3103//6
f 3114//1 3115//1 3111//1 3110//1
f 3116//2 3112//2 3113//2 3117//2
f 3114//5 3110//5 3112//5 3116//5
f 3115//6 3117//6 3113//6 3111//6
f 3118//1 3119//1 3120//1 3121//1
f 3121//4 3120//4 3115//4 3114//4
f 3118//5 3121//5 3114//5 3122//5
f 3119//6 3123//6 3115//6 3120//6
f 3122//5 3114//5 3116//5 3124//5
f 3123//6 3125//6 3117//6 3115//6
f 3126//2 3127//2 3128//2 3129//2
f 3116//4 3117//4 3128//4 3127//4
f 3124//5 3116//5 3127//5 3126//5
f 3125//6 3129//6 3128//6 3117//6
f 2748//1 3130//1 3119//1 3118//1
f 2748//5 3118//5 3122//5 2752//5
f 3130//6 3131//6 3123//6 3119//6
f 2752//5 3122//5 3124//5 3132//5
f 3131//6 3133//6 3125//6 3123//6
f 3134//2 3126//2 3129//2 3135//2
f 3132//5 3124//5 3126//5 3134//5
f 3133//6 3135//6 3129//6 3125//6
f 2747//1 3136//1 3130//1 2748//1
f 3136//6 3137//6 3131//6 3130//6
f 2753//5 2752//5 3132//5 3138//5
f 3137//6 3139//6 3133//6 3131//6
f 3140//2 3134//2 3135//2 3141//2
f 3138//5 3132//5 3134//5 3140//5
f 2754//1 3142//1 3136//1 2747//1
f 3142//6 3143//6 3137//6 3136//6
f 2755//5 2753//5 3138//5 2759//5
f 3143//6 3144//6 3139//6 3137//6
f 2760//2 3140//2 3141//2 3145//2
f 2759//5 3138//5 3140//5 2760//5
f 3139//1 3492//1 3493//1 3133//1
f 3141//2 3135//2 3494//2 3495//2
f 3133//4 3493//4 3494//4 3135//4
f 3492//6 3495//6 3494//6 3493//6
f 3144//1 3496//1 3492//1 3139//1
f 3145//2 3141//2 3495//2 3497//2
f 3496//6 3497//6 3495//6 3492//6
f 3145//4 3497//4 3505//4 3150//4
f 3332//1 3694//1 3682//1 3328//1
f 3333//2 3329//2 3685//2 3695//2
f 3334//1 3696//1 3688//1 3330//1
f 3335//2 3331//2 3693//2 3697//2
f 3694//1 4028//1 4024//1 3682//1
f 3695//2 3685//2 4025//2 4029//2
f 3696//1 4030//1 4026//1 3688//1
f 3697//2 3693//2 4027//2 4031//2
f 4224//1 4225//1 4226//1 4227//1
f 4228//2 4229//2 4230//2 4231//2
f 4227//4 4226//4 4230//4 4229//4
f 4224//5 4227//5 4229//5 4228//5
f 3888//1 4238//1 4225//1 4224//1
f 3889//2 4228//2 4231//2 4239//2
f 3888//5 4224//5 4228//5 3889//5
f 3887//4 4245//4 4238//4 3888//4
f 4028//1 4378//1 4366//1 4024//1
f 4028//3 4034//3 4379//3 4378//3
f 4029//2 4025//2 4371//2 4383//2
f 4039//3 4029//3 4383//3 4382//3
f 4030//1 4384//1 4372//1 4026//1
f 4030//3 4042//3 4385//3 4384//3
f 4031//2 4027//2 4377//2 4389//2
f 4047//3 4031//3 4389//3 4388//3
f 4500//1 4501//1 4502//1 4503//1
f 4504//2 4505//2 4506//2 4507//2
f 4503//4 4502//4 4506//4 4505//4
f 4500//5 4503//5 4505//5 4504//5
f 4501//6 4507//6 4506//6 4502//6
f 4519//1 4520//1 4501//1 4500//1
f 4521//2 4504//2 4507//2 4522//2
f 4519//5 4500//5 4504//5 4521//5
f 4520//6 4522//6 4507//6 4501//6
f 4535//1 4536//1 4520//1 4519//1
f 4537//2 4521//2 4522//2 4538//2
f 4535//5 4519//5 4521//5 4537//5
f 4536//6 4538//6 4522//6 4520//6
f 4552//1 4553//1 4554//1 4555//1
f 4555//4 4554//4 4536//4 4535//4
f 4552//5 4555//5 4535//5 4556//5
f 4553//6 4557//6 4536//6 4554//6
f 4556//5 4535//5 4537//5 4558//5
f 4557//6 4559//6 4538//6 4536//6
f 4560//2 4561//2 4562//2 4563//2
f 4537//4 4538//4 4562//4 4561//4
f 4558//5 4537//5 4561//5 4560//5
f 4559//6 4563//6 4562//6 4538//6
f 4226//1 4577//1 4553//1 4552//1
f 4226//5 4552//5 4556//5 4230//5
f 4577//6 4578//6 4557//6 4553//6
f 4230//5 4556//5 4558//5 4579//5
f 4578//6 4580//6 4559//6 4557//6
f 4581//2 4560//2 4563//2 4582//2
f 4579//5 4558//5 4560//5 4581//5
f 4580//6 4582//6 4563//6 4559//6
f 4225//1 4598//1 4577//1 4226//1
f 4598//6 4599//6 4578//6 4577//6
f 4231//5 4230//5 4579//5 4600//5
f 4599//6 4601//6 4580//6 4578//6
f 4602//2 4581//2 4582//2 4603//2
f 4600//5 4579//5 4581//5 4602//5
f 4238//1 4622//1 4598//1 4225//1
f 4622//6 4623//6 4599//6 4598//6
f 4239//5 4231//5 4600//5 4246//5
f 4247//2 4602//2 4603//2 4624//2
f 4246//5 4600//5 4602//5 4247//5
f 4378//1 4719//1 4720//1 4366//1
f 4379//2 4367//2 4721//2 4722//2
f 4378//3 4379//3 4722//3 4719//3
f 4366//4 4720//4 4721//4 4367//4
f 4380//1 4723//1 4711//1 4368//1
f 4381//2 4369//2 4714//2 4724//2
f 4380//3 4381//3 4724//3 4723//3
f 4382//1 4725//1 4726//1 4370//1
f 4383//2 4371//2 4727//2 4728//2
f 4382//3 4383//3 4728//3 4725//3
f 4370//4 4726//4 4727//4 4371//4
f 4384//1 4729//1 4730//1 4372//1
f 4385//2 4373//2 4731//2 4732//2
f 4384//3 4385//3 4732//3 4729//3
f 4372//4 4730//4 4731//4 4373//4
f 4386//1 4733//1 4715//1 4374//1
f 4387//2 4375//2 4718//2 4734//2
f 4386//3 4387//3 4734//3 4733//3
f 4388//1 4735//1 4736//1 4376//1
f 4389//2 4377//2 4737//2 4738//2
f 4388//3 4389//3 4738//3 4735//3
f 4376//4 4736//4 4737//4 4377//4
f 4601//1 4895//1 4896//1 4580//1
f 4603//2 4582//2 4897//2 4898//2
f 4580//4 4896//4 4897//4 4582//4
f 4895//6 4898//6 4897//6 4896//6
f 4624//2 4603//2 4898//2 4912//2
f 4911//6 4912//6 4898//6 4895//6
f 4624//4 4912//4 4930//4 4645//4
f 4719//1 5006//1 5007//1 4720//1
f 4722//2 4721//2 5008//2 5009//2
f 4719//3 4722//3 5009//3 5006//3
f 4720//4 5007//4 5008//4 4721//4
f 5006//6 5009//6 5008//6 5007//6
f 4723//1 5010//1 5011//1 4711//1
f 4724//2 4714//2 5012//2 5013//2
f 4723//3 4724//3 5013//3 5010//3
f 4711//4 5011//4 5012//4 4714//4
f 5010//6 5013//6 5012//6 5011//6
f 4725//1 5014//1 5015//1 4726//1
f 4728//2 4727//2 5016//2 5017//2
f 4725//3 4728//3 5017//3 5014//3
f 4726//4 5015//4 5016//4 4727//4
f 5014//6 5017//6 5016//6 5015//6
f 4729//1 5018//1 5019//1 4730//1
f 4732//2 4731//2 5020//2 5021//2
f 4729//3 4732//3 5021//3 5018//3
f 4730//4 5019//4 5020//4 4731//4
f 5018//6 5021//6 5020//6 5019//6
f 4733//1 5022//1 5023//1 4715//1
f 4734//2 4718//2 5024//2 5025//2
f 4733//3 4734//3 5025//3 5022//3
f 4715//4 5023//4 5024//4 4718//4
f 5022//6 5025//6 5024//6 5023//6
f 4735//1 5026//1 5027//1 4736//1
f 4738//2 4737//2 5028//2 5029//2
f 4735//3 4738//3 5029//3 5026//3
f 4736//4 5027//4 5028//4 4737//4
f 5026//6 5029//6 5028//6 5027//6
f 5422//1 5423//1 5424//1 5425//1
f 5426//2 5427//2 5428//2 5429//2
f 5425//4 5424//4 5428//4 5427//4
f 5422//5 5425//5 5427//5 5426//5
f 5205//1 5441//1 5423//1 5422//1
f 5206//2 5426//2 5429//2 5442//2
f 5205//5 5422//5 5426//5 5206//5
f 5204//4 5458//4 5441//4 5205//4
f 5626//1 5627//1 5628//1 5629//1
f 5630//2 5631//2 5632//2 5633//2
f 5629//4 5628//4 5632//4 5631//4
f 5626//5 5629//5 5631//5 5630//5
f 5627//6 5633//6 5632//6 5628//6
f 5644//1 5645//1 5627//1 5626//1
f 5646//2 5630//2 5633//2 5647//2
f 5644//5 5626//5 5630//5 5646//5
f 5645//6 5647//6 5633//6 5627//6
f 5659//1 5660//1 5645//1 5644//1
f 5661//2 5646//2 5647//2 5662//2
f 5659//5 5644//5 5646//5 5661//5
f 5660//6 5662//6 5647//6 5645//6
f 5676//1 5677//1 5678//1 5679//1
f 5679//4 5678//4 5660//4 5659//4
f 5676//5 5679//5 5659//5 5680//5
f 5677//6 5681//6 5660//6 5678//6
f 5680//5 5659//5 5661//5 5682//5
f 5681//6 5683//6 5662//6 5660//6
f 5684//2 5685//2 5686//2 5687//2
f 5661//4 5662//4 5686//4 5685//4
f 5682//5 5661//5 5685//5 5684//5
f 5683//6 5687//6 5686//6 5662//6
f 5424//1 5700//1 5677//1 5676//1
f 5424//5 5676//5 5680//5 5428//5
f 5700//6 5701//6 5681//6 5677//6
f 5428//5 5680//5 5682//5 5702//5
f 5701//6 5703//6 5683//6 5681//6
f 5704//2 5684//2 5687//2 5705//2
f 5702//5 5682//5 5684//5 5704//5
f 5703//6 5705//6 5687//6 5683//6
f 5423//1 5716//1 5700//1 5424//1
f 5716//6 5717//6 5701//6 5700//6
f 5429//5 5428//5 5702//5 5718//5
f 5717//6 5719//6 5703//6 5701//6
f 5720//2 5704//2 5705//2 5721//2
f 5718//5 5702//5 5704//5 5720//5
f 5441//1 5733//1 5716//1 5423//1
f 5733//6 5734//6 5717//6 5716//6
f 5442//5 5429//5 5718//5 5459//5
f 5734//6 5735//6 5719//6 5717//6
f 5460//2 5720//2 5721//2 5736//2
f 5459//5 5718//5 5720//5 5460//5
f 5719//1 5949//1 5950//1 5703//1
f 5721//2 5705//2 5951//2 5952//2
f 5703//4 5950//4 5951//4 5705//4
f 5949//6 5952//6 5951//6 5950//6
f 5735//1 5965//1 5949//1 5719//1
f 5736//2 5721//2 5952//2 5966//2
f 5965//6 5966//6 5952//6 5949//6
f 5736//4 5966//4 5987//4 5754//4
f 6487//1 6488//1 6489//1 6490//1
f 6491//2 6492//2 6493//2 6494//2
f 6490//4 6489//4 6493//4 6492//4
f 6487//5 6490//5 6492//5 6491//5
f 6234//1 6507//1 6488//1 6487//1
f 6235//2 6491//2 6494//2 6508//2
f 6234//5 6487//5 6491//5 6235//5
f 6233//1 6522//1 6523//1 6232//1
f 6232//4 6523//4 6507//4 6234//4
f 6522//6 6524//6 6507//6 6523//6
f 6731//1 6732//1 6733//1 6734//1
f 6735//2 6736//2 6737//2 6738//2
f 6734//4 6733//4 6737//4 6736//4
f 6731//5 6734//5 6736//5 6735//5
f 6732//6 6738//6 6737//6 6733//6
f 6751//1 6752//1 6732//1 6731//1
f 6753//2 6735//2 6738//2 6754//2
f 6751//5 6731//5 6735//5 6753//5
f 6752//6 6754//6 6738//6 6732//6
f 6768//1 6769//1 6752//1 6751//1
f 6770//2 6753//2 6754//2 6771//2
f 6768//5 6751//5 6753//5 6770//5
f 6769//6 6771//6 6754//6 6752//6
f 6782//1 6783//1 6784//1 6785//1
f 6785//4 6784//4 6769//4 6768//4
f 6782//5 6785//5 6768//5 6786//5
f 6783//6 6787//6 6769//6 6784//6
f 6786//5 6768//5 6770//5 6788//5
f 6787//6 6789//6 6771//6 6769//6
f 6790//2 6791//2 6792//2 6793//2
f 6770//4 6771//4 6792//4 6791//4
f 6788//5 6770//5 6791//5 6790//5
f 6789//6 6793//6 6792//6 6771//6
f 6489//1 6803//1 6783//1 6782//1
f 6489//5 6782//5 6786//5 6493//5
f 6803//6 6804//6 6787//6 6783//6
f 6493//5 6786//5 6788//5 6805//5
f 6804//6 6806//6 6789//6 6787//6
f 6807//2 6790//2 6793//2 6808//2
f 6805//5 6788//5 6790//5 6807//5
f 6806//6 6808//6 6793//6 6789//6
f 6488//1 6821//1 6803//1 6489//1
f 6821//6 6822//6 6804//6 6803//6
f 6494//5 6493//5 6805//5 6823//5
f 6822//6 6824//6 6806//6 6804//6
f 6825//2 6807//2 6808//2 6826//2
f 6823//5 6805//5 6807//5 6825//5
f 6507//1 6840//1 6821//1 6488//1
f 6840//6 6841//6 6822//6 6821//6
f 6508//5 6494//5 6823//5 6525//5
f 6841//6 6842//6 6824//6 6822//6
f 6526//2 6825//2 6826//2 6843//2
f 6525//5 6823//5 6825//5 6526//5
f 6524//1 6856//1 6840//1 6507//1
f 6529//2 6526//2 6843//2 6857//2
f 6824//1 7147//1 7148//1 6806//1
f 6826//2 6808//2 7149//2 7150//2
f 6806//4 7148//4 7149//4 6808//4
f 6842//1 7164//1 7147//1 6824//1
f 6843//2 6826//2 7150//2 7165//2
f 6875//2 7183//2 7184//2 7185//2
f 6843//4 7165//4 7184//4 7183//4
f 6857//5 6843//5 7183//5 6875//5
f 8116//1 8117//1 8118//1 8119//1
f 8120//2 8121//2 8122//2 8123//2
f 8119//4 8118//4 8122//4 8121//4
f 8116//5 8119//5 8121//5 8120//5
f 8131//5 8116//5 8120//5 8132//5
f 7801//5 8131//5 8132//5 7805//5
f 7820//5 8145//5 7801//5 7800//5
f 7806//5 7805//5 8146//5 7823//5
f 8096//1 8416//1 8404//1 8092//1
f 8097//2 8093//2 8407//2 8417//2
f 8098//1 8418//1 8410//1 8094//1
f 8099//2 8095//2 8415//2 8419//2
f 8416//1 8668//1 8664//1 8404//1
f 8417//2 8407//2 8665//2 8669//2
f 8418//1 8670//1 8666//1 8410//1
f 8419//2 8415//2 8667//2 8671//2
f 8668//1 8876//1 8864//1 8664//1
f 8668//3 8674//3 8877//3 8876//3
f 8669//2 8665//2 8869//2 8881//2
f 8679//3 8669//3 8881//3 8880//3
f 8670//1 8882//1 8870//1 8666//1
f 8670//3 8682//3 8883//3 8882//3
f 8671//2 8667//2 8875//2 8887//2
f 8687//3 8671//3 8887//3 8886//3
f 8876//1 9068//1 9069//1 8864//1
f 8877//2 8865//2 9070//2 9071//2
f 8876//3 8877//3 9071//3 9068//3
f 8864//4 9069//4 9070//4 8865//4
f 8878//1 9072//1 9060//1 8866//1
f 8879//2 8867//2 9063//2 9073//2
f 8878//3 8879//3 9073//3 9072//3
f 8880//1 9074//1 9075//1 8868//1
f 8881//2 8869//2 9076//2 9077//2
f 8880//3 8881//3 9077//3 9074//3
f 8868//4 9075//4 9076//4 8869//4
f 8882//1 9078//1 9079//1 8870//1
f 8883//2 8871//2 9080//2 9081//2
f 8882//3 8883//3 9081//3 9078//3
f 8870//4 9079//4 9080//4 8871//4
f 8884//1 9082//1 9064//1 8872//1
f 8885//2 8873//2 9067//2 9083//2
f 8884//3 8885//3 9083//3 9082//3
f 8886//1 9084//1 9085//1 8874//1
f 8887//2 8875//2 9086//2 9087//2
f 8886//3 8887//3 9087//3 9084//3
f 8874//4 9085//4 9086//4 8875//4
f 9068//1 9230//1 9231//1 9069//1
f 9071//2 9070//2 9232//2 9233//2
f 9068//3 9071//3 9233//3 9230//3
f 9069//4 9231//4 9232//4 9070//4
f 9230//6 9233//6 9232//6 9231//6
f 9072//1 9234//1 9235//1 9060//1
f 9073//2 9063//2 9236//2 9237//2
f 9072//3 9073//3 9237//3 9234//3
f 9060//4 9235//4 9236//4 9063//4
f 9234//6 9237//6 9236//6 9235//6
f 9074//1 9238//1 9239//1 9075//1
f 9077//2 9076//2 9240//2 9241//2
f 9074//3 9077//3 9241//3 9238//3
f 9075//4 9239//4 9240//4 9076//4
f 9238//6 9241//6 9240//6 9239//6
f 9078//1 9242//1 9243//1 9079//1
f 9081//2 9080//2 9244//2 9245//2
f 9078//3 9081//3 9245//3 9242//3
f 9079//4 9243//4 9244//4 9080//4
f 9242//6 9245//6 9244//6 9243//6
f 9082//1 9246//1 9247//1 9064//1
f 9083//2 9067//2 9248//2 9249//2
f 9082//3 9083//3 9249//3 9246//3
f 9064//4 9247//4 9248//4 9067//4
f 9246//6 9249//6 9248//6 9247//6
f 9084//1 9250//1 9251//1 9085//1
f 9087//2 9086//2 9252//2 9253//2
f 9084//3 9087//3 9253//3 9250//3
f 9085//4 9251//4 9252//4 9086//4
f 9250//6 9253//6 9252//6 9251//6
f 9654//1 9726//1 9727//1 9655//1
f 9654//3 9660//3 9728//3 9726//3
f 9655//4 9727//4 9729//4 9648//4
f 9726//6 9728//6 9729//6 9727//6
f 9657//2 9656//2 9736//2 9737//2
f 9663//3 9657//3 9737//3 9735//3
f 9652//4 9734//4 9736//4 9656//4
f 9735//6 9737//6 9736//6 9734//6
g glyph_120
f 1326//1 1327//1 1315//1 1163//1
f 1326//3 1178//3 1328//3 1327//3
f 1326//5 1163//5 1164//5 1178//5
f 1340//2 1173//2 1325//2 1341//2
f 1184//3 1340//3 1341//3 1338//3
f 1184//5 1174//5 1173//5 1340//5
f 1319//4 1440//4 1451//4 1318//4
f 1320//4 1457//4 1441//4 1323//4
f 1463//1 1464//1 1450//1 1328//1
f 1463//3 1343//3 1465//3 1464//3
f 1463//5 1328//5 1329//5 1343//5
f 1474//2 1338//2 1460//2 1475//2
f 1349//3 1474//3 1475//3 1476//3
f 1349//5 1339//5 1338//5 1474//5
f 1454//2 1451//2 1598//2 1599//2
f 1440//4 1597//4 1598//4 1451//4
f 1600//6 1599//6 1598//6 1597//6
f 1458//1 1601//1 1602//1 1457//1
f 1457//4 1602//4 1603//4 1441//4
f 1601//6 1604//6 1603//6 1602//6
f 1609//1 1610//1 1595//1 1449//1
f 1609//3 1464//3 1611//3 1610//3
f 1609//5 1449//5 1450//5 1464//5
f 1464//3 1465//3 1612//3 1611//3
f 1476//3 1475//3 1622//3 1621//3
f 1623//2 1459//2 1608//2 1624//2
f 1475//3 1623//3 1624//3 1622//3
f 1475//5 1460//5 1459//5 1623//5
f 1612//2 1599//2 1841//2 1842//2
f 1600//4 1830//4 1841//4 1599//4
f 1840//6 1842//6 1841//6 1830//6
f 1621//1 1843//1 1844//1 1601//1
f 1601//4 1844//4 1831//4 1604//4
f 1843//6 1845//6 1831//6 1844//6
f 1849//1 1850//1 1840//1 1611//1
f 1849//3 1625//3 1851//3 1850//3
f 1849//5 1611//5 1612//5 1625//5
f 1625//3 1626//3 1852//3 1851//3
f 1612//4 1842//4 1853//4 1614//4
f 1630//3 1629//3 1860//3 1859//3
f 1620//4 1858//4 1843//4 1621//4
f 1861//2 1622//2 1845//2 1862//2
f 1629//3 1861//3 1862//3 1860//3
f 1629//5 1621//5 1622//5 1861//5
f 1850//3 1851//3 2109//3 2108//3
f 1840//4 2099//4 2110//4 1842//4
f 1852//2 1853//2 2111//2 2112//2
f 1842//4 2110//4 2111//4 1853//4
f 2109//6 2112//6 2111//6 2110//6
f 1859//1 2113//1 2114//1 1858//1
f 1858//4 2114//4 2115//4 1843//4
f 2113//6 2116//6 2115//6 2114//6
f 1860//3 1862//3 2117//3 2116//3
f 1843//4 2115//4 2100//4 1845//4
f 2120//1 2121//1 2109//1 1851//1
f 2120//3 1863//3 2122//3 2121//3
f 2120//5 1851//5 1852//5 1863//5
f 1852//4 2112//4 2123//4 1855//4
f 1856//4 2129//4 2113//4 1859//4
f 2131//2 1860//2 2116//2 2132//2
f 1873//3 2131//3 2132//3 2133//3
f 1873//5 1859//5 1860//5 2131//5
f 2134//1 2135//1 2122//1 1863//1
f 2134//3 1876//3 2136//3 2135//3
f 2134//5 1863//5 1864//5 1876//5
f 2148//2 1873//2 2133//2 2149//2
f 1882//3 2148//3 2149//3 2146//3
f 1882//5 1874//5 1873//5 2148//5
f 2109//2 2110//2 2373//2 2374//2
f 2099//4 2363//4 2373//4 2110//4
f 2372//6 2374//6 2373//6 2363//6
f 2116//1 2375//1 2376//1 2115//1
f 2115//4 2376//4 2364//4 2100//4
f 2375//6 2377//6 2364//6 2376//6
f 2382//1 2383//1 2372//1 2108//1
f 2382//3 2121//3 2384//3 2383//3
f 2382//5 2108//5 2109//5 2121//5
f 2121//3 2122//3 2385//3 2384//3
f 2109//4 2374//4 2386//4 2112//4
f 2126//2 2123//2 2387//2 2388//2
f 2112//4 2386//4 2387//4 2123//4
f 2385//6 2388//6 2387//6 2386//6
f 2130//1 2389//1 2390//1 2129//1
f 2129//4 2390//4 2391//4 2113//4
f 2389//6 2392//6 2391//6 2390//6
f 2133//3 2132//3 2393//3 2392//3
f 2113//4 2391//4 2375//4 2116//4
f 2394//2 2117//2 2377//2 2395//2
f 2132//3 2394//3 2395//3 2393//3
f 2132//5 2116//5 2117//5 2394//5
f 2135//1 2396//1 2385//1 2122//1
f 2135//3 2136//3 2397//3 2396//3
f 2126//4 2388//4 2398//4 2125//4
f 2127//4 2404//4 2389//4 2130//4
f 2149//2 2133//2 2392//2 2406//2
f 2146//3 2149//3 2406//3 2407//3
f 2408//1 2409//1 2397//1 2136//1
f 2408//3 2151//3 2410//3 2409//3
f 2408//5 2136//5 2137//5 2151//5
f 2419//2 2146//2 2407//2 2420//2
f 2157//3 2419//3 2420//3 2421//3
f 2157//5 2147//5 2146//5 2419//5
f 2383//3 2384//3 2667//3 2666//3
f 2372//4 2657//4 2668//4 2374//4
f 2385//2 2386//2 2669//2 2670//2
f 2374//4 2668//4 2669//4 2386//4
f 2667//6 2670//6 2669//6 2668//6
f 2392//1 2671//1 2672//1 2391//1
f 2391//4 2672//4 2673//4 2375//4
f 2671//6 2674//6 2673//6 2672//6
f 2393//3 2395//3 2675//3 2674//3
f 2375//4 2673//4 2658//4 2377//4
f 2678//1 2679//1 2667//1 2384//1
f 2678//3 2396//3 2680//3 2679//3
f 2678//5 2384//5 2385//5 2396//5
f 2385//4 2670//4 2681//4 2388//4
f 2401//2 2398//2 2682//2 2683//2
f 2388//4 2681//4 2682//4 2398//4
f 2684//6 2683//6 2682//6 2681//6
f 2405//1 2685//1 2686//1 2404//1
f 2404//4 2686//4 2687//4 2389//4
f 2685//6 2688//6 2687//6 2686//6
f 2389//4 2687//4 2671//4 2392//4
f 2689//2 2393//2 2674//2 2690//2
f 2406//3 2689//3 2690//3 2691//3
f 2406//5 2392//5 2393//5 2689//5
f 2692//1 2693//1 2680//1 2396//1
f 2692//3 2409//3 2694//3 2693//3
f 2692//5 2396//5 2397//5 2409//5
f 2409//3 2410//3 2695//3 2694//3
f 2421//3 2420//3 2705//3 2704//3
f 2706//2 2406//2 2691//2 2707//2
f 2420//3 2706//3 2707//3 2705//3
f 2420//5 2407//5 2406//5 2706//5
f 2667//2 2668//2 2994//2 2995//2
f 2657//4 2987//4 2994//4 2668//4
f 2993//6 2995//6 2994//6 2987//6
f 2674//1 2996//1 2997//1 2673//1
f 2673//4 2997//4 2988//4 2658//4
f 2996//6 2998//6 2988//6 2997//6
f 3000//1 3001//1 2993//1 2666//1
f 3000//3 2679//3 3002//3 3001//3
f 3000//5 2666//5 2667//5 2679//5
f 2667//4 2995//4 3003//4 2670//4
f 2684//2 2681//2 3004//2 3005//2
f 2670//4 3003//4 3004//4 2681//4
f 3006//6 3005//6 3004//6 3003//6
f 2688//1 3007//1 3008//1 2687//1
f 2687//4 3008//4 3009//4 2671//4
f 3007//6 3010//6 3009//6 3008//6
f 2671//4 3009//4 2996//4 2674//4
f 3011//2 2675//2 2998//2 3012//2
f 2690//3 3011//3 3012//3 3013//3
f 2690//5 2674//5 2675//5 3011//5
f 3014//1 3015//1 3002//1 2679//1
f 3014//3 2693//3 3016//3 3015//3
f 3014//5 2679//5 2680//5 2693//5
f 2693//3 2694//3 3017//3 3016//3
f 2695//2 2683//2 3018//2 3019//2
f 2684//4 3005//4 3018//4 2683//4
f 2704//1 3020//1 3021//1 2685//1
f 2685//4 3021//4 3007//4 2688//4
f 2705//3 2707//3 3022//3 3023//3
f 3024//2 2690//2 3013//2 3025//2
f 2707//3 3024//3 3025//3 3022//3
f 2707//5 2691//5 2690//5 3024//5
f 3026//1 3027//1 3017//1 2694//1
f 3026//3 2708//3 3028//3 3027//3
f 3026//5 2694//5 2695//5 2708//5
f 2708//3 2709//3 3029//3 3028//3
f 2695//4 3019//4 3030//4 2697//4
f 2714//2 2699//2 3031//2 3032//2
f 2697//4 3030//4 3031//4 2699//4
f 3029//6 3032//6 3031//6 3030//6
f 2719//1 3033//1 3034//1 2700//1
f 2700//4 3034//4 3035//4 2703//4
f 3033//6 3036//6 3035//6 3034//6
f 2721//3 2720//3 3037//3 3036//3
f 2703//4 3035//4 3020//4 2704//4
f 3038//2 2705//2 3023//2 3039//2
f 2720//3 3038//3 3039//3 3037//3
f 2720//5 2704//5 2705//5 3038//5
f 2723//1 3040//1 3029//1 2709//1
f 2723//3 2725//3 3041//3 3040//3
f 2733//2 2721//2 3036//2 3052//2
f 2731//3 2733//3 3052//3 3053//3
f 3001//3 3002//3 3363//3 3362//3
f 2993//4 3355//4 3364//4 2995//4
f 3006//2 3003//2 3365//2 3366//2
f 2995//4 3364//4 3365//4 3003//4
f 3363//6 3366//6 3365//6 3364//6
f 3010//1 3367//1 3368//1 3009//1
f 3009//4 3368//4 3369//4 2996//4
f 3367//6 3370//6 3369//6 3368//6
f 3013//3 3012//3 3371//3 3370//3
f 2996//4 3369//4 3356//4 2998//4
f 3015//1 3374//1 3363//1 3002//1
f 3015//3 3016//3 3375//3 3374//3
f 3006//4 3366//4 3376//4 3005//4
f 3019//2 3018//2 3377//2 3378//2
f 3005//4 3376//4 3377//4 3018//4
f 3379//6 3378//6 3377//6 3376//6
f 3020//1 3380//1 3381//1 3021//1
f 3021//4 3381//4 3382//4 3007//4
f 3380//6 3383//6 3382//6 3381//6
f 3007//4 3382//4 3367//4 3010//4
f 3025//2 3013//2 3370//2 3384//2
f 3022//3 3025//3 3384//3 3385//3
f 3386//1 3387//1 3375//1 3016//1
f 3386//3 3027//3 3388//3 3387//3
f 3386//5 3016//5 3017//5 3027//5
f 3027//3 3028//3 3389//3 3388//3
f 3029//2 3030//2 3390//2 3391//2
f 3019//4 3378//4 3390//4 3030//4
f 3389//6 3391//6 3390//6 3378//6
f 3036//1 3392//1 3393//1 3035//1
f 3035//4 3393//4 3380//4 3020//4
f 3392//6 3394//6 3380//6 3393//6
f 3037//3 3039//3 3395//3 3394//3
f 3396//2 3022//2 3385//2 3397//2
f 3039//3 3396//3 3397//3 3395//3
f 3039//5 3023//5 3022//5 3396//5
f 3398//1 3399//1 3389//1 3028//1
f 3398//3 3040//3 3400//3 3399//3
f 3398//5 3028//5 3029//5 3040//5
f 3029//4 3391//4 3401//4 3032//4
f 3046//2 3042//2 3402//2 3403//2
f 3032//4 3401//4 3402//4 3042//4
f 3404//6 3403//6 3402//6 3401//6
f 3051//1 3405//1 3406//1 3050//1
f 3050//4 3406//4 3407//4 3033//4
f 3405//6 3408//6 3407//6 3406//6
f 3033//4 3407//4 3392//4 3036//4
f 3409//2 3037//2 3394//2 3410//2
f 3052//3 3409//3 3410//3 3411//3
f 3052//5 3036//5 3037//5 3409//5
f 3412//1 3413//1 3400//1 3040//1
f 3412//3 3055//3 3414//3 3413//3
f 3412//5 3040//5 3041//5 3055//5
f 3055//3 3056//3 3415//3 3414//3
f 3061//2 3045//2 3416//2 3417//2
f 3046//4 3403//4 3416//4 3045//4
f 3415//6 3417//6 3416//6 3403//6
f 3066//1 3418//1 3419//1 3047//1
f 3047//4 3419//4 3405//4 3051//4
f 3418//6 3420//6 3405//6 3419//6
f 3069//3 3068//3 3421//3 3420//3
f 3422//2 3052//2 3411//2 3423//2
f 3068//3 3422//3 3423//3 3421//3
f 3068//5 3053//5 3052//5 3422//5
f 3071//1 3424//1 3415//1 3056//1
f 3071//3 3073//3 3425//3 3424//3
f 3088//2 3069//2 3420//2 3431//2
f 3089//3 3088//3 3431//3 3430//3
f 3091//1 3432//1 3425//1 3073//1
f 3091//3 3093//3 3433//3 3432//3
f 3101//2 3089//2 3430//2 3446//2
f 3099//3 3101//3 3446//3 3447//3
f 3363//2 3364//2 3721//2 3722//2
f 3355//4 3720//4 3721//4 3364//4
f 3723//6 3722//6 3721//6 3720//6
f 3370//1 3724//1 3725//1 3369//1
f 3369//4 3725//4 3726//4 3356//4
f 3724//6 3727//6 3726//6 3725//6
f 3732//3 3374//3 3734//3 3733//3
f 3732//5 3362//5 3363//5 3374//5
f 3363//4 3722//4 3735//4 3366//4
f 3379//2 3376//2 3736//2 3737//2
f 3366//4 3735//4 3736//4 3376//4
f 3738//6 3737//6 3736//6 3735//6
f 3383//1 3739//1 3740//1 3382//1
f 3382//4 3740//4 3741//4 3367//4
f 3739//6 3742//6 3741//6 3740//6
f 3367//4 3741//4 3724//4 3370//4
f 3384//3 3743//3 3744//3 3745//3
f 3384//5 3370//5 3371//5 3743//5
f 3748//1 3749//1 3734//1 3374//1
f 3748//3 3387//3 3750//3 3749//3
f 3748//5 3374//5 3375//5 3387//5
f 3387//3 3388//3 3751//3 3750//3
f 3389//2 3378//2 3752//2 3753//2
f 3379//4 3737//4 3752//4 3378//4
f 3751//6 3753//6 3752//6 3737//6
f 3394//1 3754//1 3755//1 3380//1
f 3380//4 3755//4 3739//4 3383//4
f 3754//6 3756//6 3739//6 3755//6
f 3395//3 3397//3 3757//3 3756//3
f 3758//2 3384//2 3745//2 3759//2
f 3397//3 3758//3 3759//3 3757//3
f 3397//5 3385//5 3384//5 3758//5
f 3760//1 3761//1 3751//1 3388//1
f 3760//3 3399//3 3762//3 3761//3
f 3760//5 3388//5 3389//5 3399//5
f 3389//4 3753//4 3763//4 3391//4
f 3404//2 3401//2 3764//2 3765//2
f 3391//4 3763//4 3764//4 3401//4
f 3766//6 3765//6 3764//6 3763//6
f 3408//1 3767//1 3768//1 3407//1
f 3407//4 3768//4 3769//4 3392//4
f 3767//6 3770//6 3769//6 3768//6
f 3392//4 3769//4 3754//4 3394//4
f 3771//2 3395//2 3756//2 3772//2
f 3410//3 3771//3 3772//3 3773//3
f 3410//5 3394//5 3395//5 3771//5
f 3774//1 3775//1 3762//1 3399//1
f 3774//3 3413//3 3776//3 3775//3
f 3774//5 3399//5 3400//5 3413//5
f 3413//3 3414//3 3777//3 3776//3
f 3415//2 3403//2 3778//2 3779//2
f 3404//4 3765//4 3778//4 3403//4
f 3777//6 3779//6 3778//6 3765//6
f 3420//1 3780//1 3781//1 3405//1
f 3405//4 3781//4 3767//4 3408//4
f 3780//6 3782//6 3767//6 3781//6
f 3421//3 3423//3 3783//3 3782//3
f 3784//2 3410//2 3773//2 3785//2
f 3423//3 3784//3 3785//3 3783//3
f 3423//5 3411//5 3410//5 3784//5
f 3786//1 3787//1 3777//1 3414//1
f 3786//3 3424//3 3788//3 3787//3
f 3786//5 3414//5 3415//5 3424//5
f 3425//2 3417//2 3789//2 3790//2
f 3415//4 3779//4 3789//4 3417//4
f 3430//1 3791//1 3792//1 3418//1
f 3418//4 3792//4 3780//4 3420//4
f 3793//2 3421//2 3782//2 3794//2
f 3431//3 3793//3 3794//3 3795//3
f 3431//5 3420//5 3421//5 3793//5
f 3796//1 3797//1 3788//1 3424//1
f 3796//3 3432//3 3798//3 3797//3
f 3796//5 3424//5 3425//5 3432//5
f 3425//4 3790//4 3799//4 3427//4
f 3439//2 3434//2 3800//2 3801//2
f 3427//4 3799//4 3800//4 3434//4
f 3802//6 3801//6 3800//6 3799//6
f 3445//1 3803//1 3804//1 3444//1
f 3444//4 3804//4 3805//4 3428//4
f 3803//6 3806//6 3805//6 3804//6
f 3428//4 3805//4 3791//4 3430//4
f 3807//2 3431//2 3795//2 3808//2
f 3446//3 3807//3 3808//3 3809//3
f 3446//5 3430//5 3431//5 3807//5
f 3810//1 3811//1 3798//1 3432//1
f 3810//3 3449//3 3812//3 3811//3
f 3810//5 3432//5 3433//5 3449//5
f 3449//3 3451//3 3813//3 3812//3
f 3457//2 3438//2 3814//2 3815//2
f 3439//4 3801//4 3814//4 3438//4
f 3813//6 3815//6 3814//6 3801//6
f 3463//1 3816//1 3817//1 3441//1
f 3441//4 3817//4 3803//4 3445//4
f 3816//6 3818//6 3803//6 3817//6
f 3467//3 3466//3 3819//3 3818//3
f 3820//2 3446//2 3809//2 3821//2
f 3466//3 3820//3 3821//3 3819//3
f 3466//5 3447//5 3446//5 3820//5
f 3469//1 3822//1 3813//1 3451//1
f 3469//3 3471//3 3823//3 3822//3
f 3479//2 3467//2 3818//2 3834//2
f 3477//3 3479//3 3834//3 3835//3
f 3738//2 3735//2 4059//2 4060//2
f 3722//4 4058//4 4059//4 3735//4
f 4061//6 4060//6 4059//6 4058//6
f 3742//1 4062//1 4063//1 3741//1
f 3741//4 4063//4 4064//4 3724//4
f 4062//6 4065//6 4064//6 4063//6
f 4068//1 4069//1 4057//1 3733//1
f 4068//3 3749//3 4070//3 4069//3
f 4068//5 3733//5 3734//5 3749//5
f 3749//3 3750//3 4071//3 4070//3
f 3751//2 3737//2 4072//2 4073//2
f 3738//4 4060//4 4072//4 3737//4
f 3756//1 4074//1 4075//1 3739//1
f 3739//4 4075//4 4062//4 3742//4
f 3757//3 3759//3 4076//3 4077//3
f 4078//2 3744//2 4067//2 4079//2
f 3759//3 4078//3 4079//3 4076//3
f 3759//5 3745//5 3744//5 4078//5
f 4080//1 4081//1 4071//1 3750//1
f 4080//3 3761//3 4082//3 4081//3
f 4080//5 3750//5 3751//5 3761//5
f 3761//3 3762//3 4083//3 4082//3
f 3751//4 4073//4 4084//4 3753//4
f 3766//2 3763//2 4085//2 4086//2
f 3753//4 4084//4 4085//4 3763//4
f 4083//6 4086//6 4085//6 4084//6
f 3770//1 4087//1 4088//1 3769//1
f 3769//4 4088//4 4089//4 3754//4
f 4087//6 4090//6 4089//6 4088//6
f 3773//3 3772//3 4091//3 4090//3
f 3754//4 4089//4 4074//4 3756//4
f 4092//2 3757//2 4077//2 4093//2
f 3772//3 4092//3 4093//3 4091//3
f 3772//5 3756//5 3757//5 4092//5
f 3775//1 4094//1 4083//1 3762//1
f 3775//3 3776//3 4095//3 4094//3
f 3777//2 3765//2 4096//2 4097//2
f 3766//4 4086//4 4096//4 3765//4
f 4095//6 4097//6 4096//6 4086//6
f 3782//1 4098//1 4099//1 3767//1
f 3767//4 4099//4 4087//4 3770//4
f 4098//6 4100//6 4087//6 4099//6
f 3785//2 3773//2 4090//2 4101//2
f 3783//3 3785//3 4101//3 4100//3
f 4102//1 4103//1 4095//1 3776//1
f 4102//3 3787//3 4104//3 4103//3
f 4102//5 3776//5 3777//5 3787//5
f 3777//4 4097//4 4105//4 3779//4
f 3790//2 3789//2 4106//2 4107//2
f 3779//4 4105//4 4106//4 3789//4
f 4108//6 4107//6 4106//6 4105//6
f 3791//1 4109//1 4110//1 3792//1
f 3792//4 4110//4 4111//4 3780//4
f 4109//6 4112//6 4111//6 4110//6
f 3780//4 4111//4 4098//4 3782//4
f 4113//2 3783//2 4100//2 4114//2
f 3794//3 4113//3 4114//3 4115//3
f 3794//5 3782//5 3783//5 4113//5
f 4116//1 4117//1 4104//1 3787//1
f 4116//3 3797//3 4118//3 4117//3
f 4116//5 3787//5 3788//5 3797//5
f 3797//3 3798//3 4119//3 4118//3
f 3802//2 3799//2 4120//2 4121//2
f 3790//4 4107//4 4120//4 3799//4
f 4119//6 4121//6 4120//6 4107//6
f 3806//1 4122//1 4123//1 3805//1
f 3805//4 4123//4 4109//4 3791//4
f 4122//6 4124//6 4109//6 4123//6
f 3809//3 3808//3 4125//3 4124//3
f 4126//2 3794//2 4115//2 4127//2
f 3808//3 4126//3 4127//3 4125//3
f 3808//5 3795//5 3794//5 4126//5
f 3811//1 4128//1 4119//1 3798//1
f 3811//3 3812//3 4129//3 4128//3
f 3813//2 3801//2 4130//2 4131//2
f 3802//4 4121//4 4130//4 3801//4
f 4129//6 4131//6 4130//6 4121//6
f 3818//1 4132//1 4133//1 3803//1
f 3803//4 4133//4 4122//4 3806//4
f 4132//6 4134//6 4122//6 4133//6
f 3821//2 3809//2 4124//2 4135//2
f 3819//3 3821//3 4135//3 4134//3
f 4136//1 4137//1 4129//1 3812//1
f 4136//3 3822//3 4138//3 4137//3
f 4136//5 3812//5 3813//5 3822//5
f 3813//4 4131//4 4139//4 3815//4
f 3828//2 3824//2 4140//2 4141//2
f 3815//4 4139//4 4140//4 3824//4
f 4142//6 4141//6 4140//6 4139//6
f 3833//1 4143//1 4144//1 3832//1
f 3832//4 4144//4 4145//4 3816//4
f 4143//6 4146//6 4145//6 4144//6
f 3816//4 4145//4 4132//4 3818//4
f 4147//2 3819//2 4134//2 4148//2
f 3834//3 4147//3 4148//3 4149//3
f 3834//5 3818//5 3819//5 4147//5
f 4150//1 4151//1 4138//1 3822//1
f 4150//3 3837//3 4152//3 4151//3
f 4150//5 3822//5 3823//5 3837//5
f 3837//3 3838//3 4153//3 4152//3
f 3843//2 3827//2 4154//2 4155//2
f 3828//4 4141//4 4154//4 3827//4
f 4153//6 4155//6 4154//6 4141//6
f 3848//1 4156//1 4157//1 3829//1
f 3829//4 4157//4 4143//4 3833//4
f 4156//6 4158//6 4143//6 4157//6
f 3851//3 3850//3 4159//3 4158//3
f 4160//2 3834//2 4149//2 4161//2
f 3850//3 4160//3 4161//3 4159//3
f 3850//5 3835//5 3834//5 4160//5
f 3853//1 4162//1 4153//1 3838//1
f 3853//3 3855//3 4163//3 4162//3
f 3870//2 3851//2 4158//2 4169//2
f 3871//3 3870//3 4169//3 4168//3
f 3873//1 4170//1 4163//1 3855//1
f 3873//3 3875//3 4171//3 4170//3
f 3883//2 3871//2 4168//2 4184//2
f 3881//3 3883//3 4184//3 4185//3
f 4069//3 4070//3 4413//3 4412//3
f 4061//4 4402//4 4414//4 4060//4
f 4073//2 4072//2 4415//2 4416//2
f 4060//4 4414//4 4415//4 4072//4
f 4417//6 4416//6 4415//6 4414//6
f 4074//1 4418//1 4419//1 4075//1
f 4075//4 4419//4 4420//4 4062//4
f 4418//6 4421//6 4420//6 4419//6
f 4062//4 4420//4 4404//4 4065//4
f 4076//3 4079//3 4422//3 4423//3
f 4426//1 4427//1 4413//1 4070//1
f 4426//3 4081//3 4428//3 4427//3
f 4426//5 4070//5 4071//5 4081//5
f 4081//3 4082//3 4429//3 4428//3
f 4083//2 4084//2 4430//2 4431//2
f 4073//4 4416//4 4430//4 4084//4
f 4429//6 4431//6 4430//6 4416//6
f 4090//1 4432//1 4433//1 4089//1
f 4089//4 4433//4 4418//4 4074//4
f 4432//6 4434//6 4418//6 4433//6
f 4091//3 4093//3 4435//3 4434//3
f 4436//2 4076//2 4423//2 4437//2
f 4093//3 4436//3 4437//3 4435//3
f 4093//5 4077//5 4076//5 4436//5
f 4438//1 4439//1 4429//1 4082//1
f 4438//3 4094//3 4440//3 4439//3
f 4438//5 4082//5 4083//5 4094//5
f 4095//2 4086//2 4441//2 4442//2
f 4083//4 4431//4 4441//4 4086//4
f 4100//1 4443//1 4444//1 4087//1
f 4087//4 4444//4 4432//4 4090//4
f 4445//2 4091//2 4434//2 4446//2
f 4101//3 4445//3 4446//3 4447//3
f 4101//5 4090//5 4091//5 4445//5
f 4448//1 4449//1 4440//1 4094//1
f 4448//3 4103//3 4450//3 4449//3
f 4448//5 4094//5 4095//5 4103//5
f 4103//3 4104//3 4451//3 4450//3
f 4095//4 4442//4 4452//4 4097//4
f 4108//2 4105//2 4453//2 4454//2
f 4097//4 4452//4 4453//4 4105//4
f 4451//6 4454//6 4453//6 4452//6
f 4112//1 4455//1 4456//1 4111//1
f 4111//4 4456//4 4457//4 4098//4
f 4455//6 4458//6 4457//6 4456//6
f 4115//3 4114//3 4459//3 4458//3
f 4098//4 4457//4 4443//4 4100//4
f 4460//2 4101//2 4447//2 4461//2
f 4114//3 4460//3 4461//3 4459//3
f 4114//5 4100//5 4101//5 4460//5
f 4117//1 4462//1 4451//1 4104//1
f 4117//3 4118//3 4463//3 4462//3
f 4119//2 4107//2 4464//2 4465//2
f 4108//4 4454//4 4464//4 4107//4
f 4463//6 4465//6 4464//6 4454//6
f 4124//1 4466//1 4467//1 4109//1
f 4109//4 4467//4 4455//4 4112//4
f 4466//6 4468//6 4455//6 4467//6
f 4127//2 4115//2 4458//2 4469//2
f 4125//3 4127//3 4469//3 4468//3
f 4470//1 4471//1 4463//1 4118//1
f 4470//3 4128//3 4472//3 4471//3
f 4470//5 4118//5 4119//5 4128//5
f 4129//2 4121//2 4473//2 4474//2
f 4119//4 4465//4 4473//4 4121//4
f 4134//1 4475//1 4476//1 4122//1
f 4122//4 4476//4 4466//4 4124//4
f 4477//2 4125//2 4468//2 4478//2
f 4135//3 4477//3 4478//3 4479//3
f 4135//5 4124//5 4125//5 4477//5
f 4480//1 4481//1 4472//1 4128//1
f 4480//3 4137//3 4482//3 4481//3
f 4480//5 4128//5 4129//5 4137//5
f 4129//4 4474//4 4483//4 4131//4
f 4142//2 4139//2 4484//2 4485//2
f 4131//4 4483//4 4484//4 4139//4
f 4486//6 4485//6 4484//6 4483//6
f 4146//1 4487//1 4488//1 4145//1
f 4145//4 4488//4 4489//4 4132//4
f 4487//6 4490//6 4489//6 4488//6
f 4132//4 4489//4 4475//4 4134//4
f 4491//2 4135//2 4479//2 4492//2
f 4148//3 4491//3 4492//3 4493//3
f 4148//5 4134//5 4135//5 4491//5
f 4494//1 4495//1 4482//1 4137//1
f 4494//3 4151//3 4496//3 4495//3
f 4494//5 4137//5 4138//5 4151//5
f 4151//3 4152//3 4497//3 4496//3
f 4153//2 4141//2 4498//2 4499//2
f 4142//4 4485//4 4498//4 4141//4
f 4497//6 4499//6 4498//6 4485//6
f 4158//1 4508//1 4509//1 4143//1
f 4143//4 4509//4 4487//4 4146//4
f 4508//6 4510//6 4487//6 4509//6
f 4159//3 4161//3 4511//3 4510//3
f 4512//2 4148//2 4493//2 4513//2
f 4161//3 4512//3 4513//3 4511//3
f 4161//5 4149//5 4148//5 4512//5
f 4514//1 4515//1 4497//1 4152//1
f 4514//3 4162//3 4516//3 4515//3
f 4514//5 4152//5 4153//5 4162//5
f 4163//2 4155//2 4517//2 4518//2
f 4153//4 4499//4 4517//4 4155//4
f 4168//1 4523//1 4524//1 4156//1
f 4156//4 4524//4 4508//4 4158//4
f 4525//2 4159//2 4510//2 4526//2
f 4169//3 4525//3 4526//3 4527//3
f 4169//5 4158//5 4159//5 4525//5
f 4528//1 4529//1 4516//1 4162//1
f 4528//3 4170//3 4530//3 4529//3
f 4528//5 4162//5 4163//5 4170//5
f 4163//4 4518//4 4531//4 4165//4
f 4177//2 4172//2 4532//2 4533//2
f 4165//4 4531//4 4532//4 4172//4
f 4534//6 4533//6 4532//6 4531//6
f 4183//1 4539//1 4540//1 4182//1
f 4182//4 4540//4 4541//4 4166//4
f 4539//6 4542//6 4541//6 4540//6
f 4166//4 4541//4 4523//4 4168//4
f 4543//2 4169//2 4527//2 4544//2
f 4184//3 4543//3 4544//3 4545//3
f 4184//5 4168//5 4169//5 4543//5
f 4546//1 4547//1 4530//1 4170//1
f 4546//3 4187//3 4548//3 4547//3
f 4546//5 4170//5 4171//5 4187//5
f 4187//3 4189//3 4549//3 4548//3
f 4195//2 4176//2 4550//2 4551//2
f 4177//4 4533//4 4550//4 4176//4
f 4549//6 4551//6 4550//6 4533//6
f 4201//1 4564//1 4565//1 4179//1
f 4179//4 4565//4 4539//4 4183//4
f 4564//6 4566//6 4539//6 4565//6
f 4205//3 4204//3 4567//3 4566//3
f 4568//2 4184//2 4545//2 4569//2
f 4204//3 4568//3 4569//3 4567//3
f 4204//5 4185//5 4184//5 4568//5
f 4207//1 4570//1 4549//1 4189//1
f 4207//3 4209//3 4571//3 4570//3
f 4217//2 4205//2 4566//2 4588//2
f 4215//3 4217//3 4588//3 4589//3
f 4417//2 4414//2 4750//2 4751//2
f 4402//4 4749//4 4750//4 4414//4
f 4752//6 4751//6 4750//6 4749//6
f 4421//1 4753//1 4754//1 4420//1
f 4420//4 4754//4 4755//4 4404//4
f 4753//6 4756//6 4755//6 4754//6
f 4759//1 4760//1 4748//1 4412//1
f 4759//3 4427//3 4761//3 4760//3
f 4759//5 4412//5 4413//5 4427//5
f 4427//3 4428//3 4762//3 4761//3
f 4429//2 4416//2 4763//2 4764//2
f 4417//4 4751//4 4763//4 4416//4
f 4762//6 4764//6 4763//6 4751//6
f 4434//1 4765//1 4766//1 4418//1
f 4418//4 4766//4 4753//4 4421//4
f 4765//6 4767//6 4753//6 4766//6
f 4435//3 4437//3 4768//3 4767//3
f 4769//2 4422//2 4758//2 4770//2
f 4437//3 4769//3 4770//3 4768//3
f 4437//5 4423//5 4422//5 4769//5
f 4771//1 4772//1 4762//1 4428//1
f 4771//3 4439//3 4773//3 4772//3
f 4771//5 4428//5 4429//5 4439//5
f 4429//4 4764//4 4774//4 4431//4
f 4442//2 4441//2 4775//2 4776//2
f 4431//4 4774//4 4775//4 4441//4
f 4777//6 4776//6 4775//6 4774//6
f 4443//1 4778//1 4779//1 4444//1
f 4444//4 4779//4 4780//4 4432//4
f 4778//6 4781//6 4780//6 4779//6
f 4432//4 4780//4 4765//4 4434//4
f 4782//2 4435//2 4767//2 4783//2
f 4446//3 4782//3 4783//3 4784//3
f 4446//5 4434//5 4435//5 4782//5
f 4785//1 4786//1 4773//1 4439//1
f 4785//3 4449//3 4787//3 4786//3
f 4785//5 4439//5 4440//5 4449//5
f 4449//3 4450//3 4788//3 4787//3
f 4451//2 4452//2 4789//2 4790//2
f 4442//4 4776//4 4789//4 4452//4
f 4788//6 4790//6 4789//6 4776//6
f 4458//1 4791//1 4792//1 4457//1
f 4457//4 4792//4 4778//4 4443//4
f 4791//6 4793//6 4778//6 4792//6
f 4459//3 4461//3 4794//3 4793//3
f 4795//2 4446//2 4784//2 4796//2
f 4461//3 4795//3 4796//3 4794//3
f 4461//5 4447//5 4446//5 4795//5
f 4797//1 4798//1 4788//1 4450//1
f 4797//3 4462//3 4799//3 4798//3
f 4797//5 4450//5 4451//5 4462//5
f 4463//2 4454//2 4800//2 4801//2
f 4451//4 4790//4 4800//4 4454//4
f 4468//1 4802//1 4803//1 4455//1
f 4455//4 4803//4 4791//4 4458//4
f 4804//2 4459//2 4793//2 4805//2
f 4469//3 4804//3 4805//3 4806//3
f 4469//5 4458//5 4459//5 4804//5
f 4807//1 4808//1 4799//1 4462//1
f 4807//3 4471//3 4809//3 4808//3
f 4807//5 4462//5 4463//5 4471//5
f 4463//4 4801//4 4810//4 4465//4
f 4474//2 4473//2 4811//2 4812//2
f 4465//4 4810//4 4811//4 4473//4
f 4813//6 4812//6 4811//6 4810//6
f 4475//1 4814//1 4815//1 4476//1
f 4476//4 4815//4 4816//4 4466//4
f 4814//6 4817//6 4816//6 4815//6
f 4466//4 4816//4 4802//4 4468//4
f 4818//2 4469//2 4806//2 4819//2
f 4478//3 4818//3 4819//3 4820//3
f 4478//5 4468//5 4469//5 4818//5
f 4821//1 4822//1 4809//1 4471//1
f 4821//3 4481//3 4823//3 4822//3
f 4821//5 4471//5 4472//5 4481//5
f 4481//3 4482//3 4824//3 4823//3
f 4486//2 4483//2 4825//2 4826//2
f 4474//4 4812//4 4825//4 4483//4
f 4824//6 4826//6 4825//6 4812//6
f 4490//1 4827//1 4828//1 4489//1
f 4489//4 4828//4 4814//4 4475//4
f 4827//6 4829//6 4814//6 4828//6
f 4493//3 4492//3 4830//3 4829//3
f 4831//2 4478//2 4820//2 4832//2
f 4492//3 4831//3 4832//3 4830//3
f 4492//5 4479//5 4478//5 4831//5
f 4495//1 4833//1 4824//1 4482//1
f 4495//3 4496//3 4834//3 4833//3
f 4497//2 4485//2 4835//2 4836//2
f 4486//4 4826//4 4835//4 4485//4
f 4834//6 4836//6 4835//6 4826//6
f 4510//1 4837//1 4838//1 4487//1
f 4487//4 4838//4 4827//4 4490//4
f 4837//6 4839//6 4827//6 4838//6
f 4513//2 4493//2 4829//2 4840//2
f 4511//3 4513//3 4840//3 4839//3
f 4841//1 4842//1 4834//1 4496//1
f 4841//3 4515//3 4843//3 4842//3
f 4841//5 4496//5 4497//5 4515//5
f 4497//4 4836//4 4844//4 4499//4
f 4518//2 4517//2 4845//2 4846//2
f 4499//4 4844//4 4845//4 4517//4
f 4847//6 4846//6 4845//6 4844//6
f 4523//1 4848//1 4849//1 4524//1
f 4524//4 4849//4 4850//4 4508//4
f 4848//6 4851//6 4850//6 4849//6
f 4508//4 4850//4 4837//4 4510//4
f 4852//2 4511//2 4839//2 4853//2
f 4526//3 4852//3 4853//3 4854//3
f 4526//5 4510//5 4511//5 4852//5
f 4855//1 4856//1 4843//1 4515//1
f 4855//3 4529//3 4857//3 4856//3
f 4855//5 4515//5 4516//5 4529//5
f 4529//3 4530//3 4858//3 4857//3
f 4534//2 4531//2 4859//2 4860//2
f 4518//4 4846//4 4859//4 4531//4
f 4858//6 4860//6 4859//6 4846//6
f 4542//1 4861//1 4862//1 4541//1
f 4541//4 4862//4 4848//4 4523//4
f 4861//6 4863//6 4848//6 4862//6
f 4545//3 4544//3 4864//3 4863//3
f 4865//2 4526//2 4854//2 4866//2
f 4544//3 4865//3 4866//3 4864//3
f 4544//5 4527//5 4526//5 4865//5
f 4547//1 4867//1 4858//1 4530//1
f 4547//3 4548//3 4868//3 4867//3
f 4549//2 4533//2 4869//2 4870//2
f 4534//4 4860//4 4869//4 4533//4
f 4868//6 4870//6 4869//6 4860//6
f 4566//1 4871//1 4872//1 4539//1
f 4539//4 4872//4 4861//4 4542//4
f 4871//6 4873//6 4861//6 4872//6
f 4569//2 4545//2 4863//2 4874//2
f 4567//3 4569//3 4874//3 4873//3
f 4875//1 4876//1 4868//1 4548//1
f 4875//3 4570//3 4877//3 4876//3
f 4875//5 4548//5 4549//5 4570//5
f 4549//4 4870//4 4878//4 4551//4
f 4576//2 4572//2 4879//2 4880//2
f 4551//4 4878//4 4879//4 4572//4
f 4881//6 4880//6 4879//6 4878//6
f 4587//1 4882//1 4883//1 4586//1
f 4586//4 4883//4 4884//4 4564//4
f 4882//6 4885//6 4884//6 4883//6
f 4564//4 4884//4 4871//4 4566//4
f 4886//2 4567//2 4873//2 4887//2
f 4588//3 4886//3 4887//3 4888//3
f 4588//5 4566//5 4567//5 4886//5
f 4889//1 4890//1 4877//1 4570//1
f 4889//3 4591//3 4891//3 4890//3
f 4889//5 4570//5 4571//5 4591//5
f 4591//3 4592//3 4892//3 4891//3
f 4597//2 4575//2 4893//2 4894//2
f 4576//4 4880//4 4893//4 4575//4
f 4892//6 4894//6 4893//6 4880//6
f 4608//1 4899//1 4900//1 4583//1
f 4583//4 4900//4 4882//4 4587//4
f 4899//6 4901//6 4882//6 4900//6
f 4611//3 4610//3 4902//3 4901//3
f 4903//2 4588//2 4888//2 4904//2
f 4610//3 4903//3 4904//3 4902//3
f 4610//5 4589//5 4588//5 4903//5
f 4613//1 4905//1 4892//1 4592//1
f 4613//3 4615//3 4906//3 4905//3
f 4633//2 4611//2 4901//2 4915//2
f 4634//3 4633//3 4915//3 4916//3
f 4762//2 4751//2 5046//2 5047//2
f 4752//4 5035//4 5046//4 4751//4
f 5045//6 5047//6 5046//6 5035//6
f 4767//1 5048//1 5049//1 4753//1
f 4753//4 5049//4 5036//4 4756//4
f 5048//6 5050//6 5036//6 5049//6
f 5054//1 5055//1 5045//1 4761//1
f 5054//3 4772//3 5056//3 5055//3
f 5054//5 4761//5 4762//5 4772//5
f 4772//3 4773//3 5057//3 5056//3
f 4762//4 5047//4 5058//4 4764//4
f 4777//2 4774//2 5059//2 5060//2
f 4764//4 5058//4 5059//4 4774//4
f 5057//6 5060//6 5059//6 5058//6
f 4781//1 5061//1 5062//1 4780//1
f 4780//4 5062//4 5063//4 4765//4
f 5061//6 5064//6 5063//6 5062//6
f 4784//3 4783//3 5065//3 5064//3
f 4765//4 5063//4 5048//4 4767//4
f 5066//2 4768//2 5050//2 5067//2
f 4783//3 5066//3 5067//3 5065//3
f 4783//5 4767//5 4768//5 5066//5
f 4786//1 5068//1 5057//1 4773//1
f 4786//3 4787//3 5069//3 5068//3
f 4788//2 4776//2 5070//2 5071//2
f 4777//4 5060//4 5070//4 4776//4
f 5069//6 5071//6 5070//6 5060//6
f 4793//1 5072//1 5073//1 4778//1
f 4778//4 5073//4 5061//4 4781//4
f 5072//6 5074//6 5061//6 5073//6
f 4796//2 4784//2 5064//2 5075//2
f 4794//3 4796//3 5075//3 5074//3
f 5076//1 5077//1 5069//1 4787//1
f 5076//3 4798//3 5078//3 5077//3
f 5076//5 4787//5 4788//5 4798//5
f 4788//4 5071//4 5079//4 4790//4
f 4801//2 4800//2 5080//2 5081//2
f 4790//4 5079//4 5080//4 4800//4
f 5082//6 5081//6 5080//6 5079//6
f 4802//1 5083//1 5084//1 4803//1
f 4803//4 5084//4 5085//4 4791//4
f 5083//6 5086//6 5085//6 5084//6
f 4791//4 5085//4 5072//4 4793//4
f 5087//2 4794//2 5074//2 5088//2
f 4805//3 5087//3 5088//3 5089//3
f 4805//5 4793//5 4794//5 5087//5
f 5090//1 5091//1 5078//1 4798//1
f 5090//3 4808//3 5092//3 5091//3
f 5090//5 4798//5 4799//5 4808//5
f 4808//3 4809//3 5093//3 5092//3
f 4813//2 4810//2 5094//2 5095//2
f 4801//4 5081//4 5094//4 4810//4
f 5093//6 5095//6 5094//6 5081//6
f 4817//1 5096//1 5097//1 4816//1
f 4816//4 5097//4 5083//4 4802//4
f 5096//6 5098//6 5083//6 5097//6
f 4820//3 4819//3 5099//3 5098//3
f 5100//2 4805//2 5089//2 5101//2
f 4819//3 5100//3 5101//3 5099//3
f 4819//5 4806//5 4805//5 5100//5
f 4822//1 5102//1 5093//1 4809//1
f 4822//3 4823//3 5103//3 5102//3
f 4824//2 4812//2 5104//2 5105//2
f 4813//4 5095//4 5104//4 4812//4
f 5103//6 5105//6 5104//6 5095//6
f 4829//1 5106//1 5107//1 4814//1
f 4814//4 5107//4 5096//4 4817//4
f 5106//6 5108//6 5096//6 5107//6
f 4832//2 4820//2 5098//2 5109//2
f 4830//3 4832//3 5109//3 5108//3
f 5110//1 5111//1 5103//1 4823//1
f 5110//3 4833//3 5112//3 5111//3
f 5110//5 4823//5 4824//5 4833//5
f 4834//2 4826//2 5113//2 5114//2
f 4824//4 5105//4 5113//4 4826//4
f 4839//1 5115//1 5116//1 4827//1
f 4827//4 5116//4 5106//4 4829//4
f 5117//2 4830//2 5108//2 5118//2
f 4840//3 5117//3 5118//3 5119//3
f 4840//5 4829//5 4830//5 5117//5
f 5120//1 5121//1 5112//1 4833//1
f 5120//3 4842//3 5122//3 5121//3
f 5120//5 4833//5 4834//5 4842//5
f 4842//3 4843//3 5123//3 5122//3
f 4834//4 5114//4 5124//4 4836//4
f 4847//2 4844//2 5125//2 5126//2
f 4836//4 5124//4 5125//4 4844//4
f 5123//6 5126//6 5125//6 5124//6
f 4851//1 5127//1 5128//1 4850//1
f 4850//4 5128//4 5129//4 4837//4
f 5127//6 5130//6 5129//6 5128//6
f 4854//3 4853//3 5131//3 5130//3
f 4837//4 5129//4 5115//4 4839//4
f 5132//2 4840//2 5119//2 5133//2
f 4853//3 5132//3 5133//3 5131//3
f 4853//5 4839//5 4840//5 5132//5
f 4856//1 5134//1 5123//1 4843//1
f 4856//3 4857//3 5135//3 5134//3
f 4858//2 4846//2 5136//2 5137//2
f 4847//4 5126//4 5136//4 4846//4
f 5135//6 5137//6 5136//6 5126//6
f 4863//1 5138//1 5139//1 4848//1
f 4848//4 5139//4 5127//4 4851//4
f 5138//6 5140//6 5127//6 5139//6
f 4866//2 4854//2 5130//2 5141//2
f 4864//3 4866//3 5141//3 5140//3
f 5142//1 5143//1 5135//1 4857//1
f 5142//3 4867//3 5144//3 5143//3
f 5142//5 4857//5 4858//5 4867//5
f 4868//2 4860//2 5145//2 5146//2
f 4858//4 5137//4 5145//4 4860//4
f 4873//1 5147//1 5148//1 4861//1
f 4861//4 5148//4 5138//4 4863//4
f 5149//2 4864//2 5140//2 5150//2
f 4874//3 5149//3 5150//3 5151//3
f 4874//5 4863//5 4864//5 5149//5
f 5152//1 5153//1 5144//1 4867//1
f 5152//3 4876//3 5154//3 5153//3
f 5152//5 4867//5 4868//5 4876//5
f 4868//4 5146//4 5155//4 4870//4
f 4881//2 4878//2 5156//2 5157//2
f 4870//4 5155//4 5156//4 4878//4
f 5158//6 5157//6 5156//6 5155//6
f 4885//1 5159//1 5160//1 4884//1
f 4884//4 5160//4 5161//4 4871//4
f 5159//6 5162//6 5161//6 5160//6
f 4871//4 5161//4 5147//4 4873//4
f 5163//2 4874//2 5151//2 5164//2
f 4887//3 5163//3 5164//3 5165//3
f 4887//5 4873//5 4874//5 5163//5
f 5166//1 5167//1 5154//1 4876//1
f 5166//3 4890//3 5168//3 5167//3
f 5166//5 4876//5 4877//5 4890//5
f 5173//2 4887//2 5165//2 5174//2
f 4904//3 5173//3 5174//3 5175//3
f 4904//5 4888//5 4887//5 5173//5
f 5220//1 5221//1 5196//1 4917//1
f 5220//3 4942//3 5222//3 5221//3
f 5220//5 4917//5 4918//5 4942//5
f 5228//2 4940//2 5219//2 5229//2
f 4943//3 5228//3 5229//3 5227//3
f 4943//5 4941//5 4940//5 5228//5
f 5292//1 5293//1 5282//1 5044//1
f 5292//3 5055//3 5294//3 5293//3
f 5292//5 5044//5 5045//5 5055//5
f 5055//3 5056//3 5295//3 5294//3
f 5045//4 5285//4 5296//4 5047//4
f 5057//2 5058//2 5297//2 5298//2
f 5047//4 5296//4 5297//4 5058//4
f 5295//6 5298//6 5297//6 5296//6
f 5064//1 5299//1 5300//1 5063//1
f 5063//4 5300//4 5301//4 5048//4
f 5299//6 5302//6 5301//6 5300//6
f 5065//3 5067//3 5303//3 5302//3
f 5048//4 5301//4 5286//4 5050//4
f 5304//2 5051//2 5291//2 5305//2
f 5067//3 5304//3 5305//3 5303//3
f 5067//5 5050//5 5051//5 5304//5
f 5306//1 5307//1 5295//1 5056//1
f 5306//3 5068//3 5308//3 5307//3
f 5306//5 5056//5 5057//5 5068//5
f 5069//2 5060//2 5309//2 5310//2
f 5057//4 5298//4 5309//4 5060//4
f 5074//1 5311//1 5312//1 5061//1
f 5061//4 5312//4 5299//4 5064//4
f 5313//2 5065//2 5302//2 5314//2
f 5075//3 5313//3 5314//3 5315//3
f 5075//5 5064//5 5065//5 5313//5
f 5316//1 5317//1 5308//1 5068//1
f 5316//3 5077//3 5318//3 5317//3
f 5316//5 5068//5 5069//5 5077//5
f 5069//4 5310//4 5319//4 5071//4
f 5082//2 5079//2 5320//2 5321//2
f 5071//4 5319//4 5320//4 5079//4
f 5322//6 5321//6 5320//6 5319//6
f 5086//1 5323//1 5324//1 5085//1
f 5085//4 5324//4 5325//4 5072//4
f 5323//6 5326//6 5325//6 5324//6
f 5072//4 5325//4 5311//4 5074//4
f 5327//2 5075//2 5315//2 5328//2
f 5088//3 5327//3 5328//3 5329//3
f 5088//5 5074//5 5075//5 5327//5
f 5330//1 5331//1 5318//1 5077//1
f 5330//3 5091//3 5332//3 5331//3
f 5330//5 5077//5 5078//5 5091//5
f 5091//3 5092//3 5333//3 5332//3
f 5093//2 5081//2 5334//2 5335//2
f 5082//4 5321//4 5334//4 5081//4
f 5333//6 5335//6 5334//6 5321//6
f 5098//1 5336//1 5337//1 5083//1
f 5083//4 5337//4 5323//4 5086//4
f 5336//6 5338//6 5323//6 5337//6
f 5099//3 5101//3 5339//3 5338//3
f 5340//2 5088//2 5329//2 5341//2
f 5101//3 5340//3 5341//3 5339//3
f 5101//5 5089//5 5088//5 5340//5
f 5342//1 5343//1 5333//1 5092//1
f 5342//3 5102//3 5344//3 5343//3
f 5342//5 5092//5 5093//5 5102//5
f 5103//2 5095//2 5345//2 5346//2
f 5093//4 5335//4 5345//4 5095//4
f 5108//1 5347//1 5348//1 5096//1
f 5096//4 5348//4 5336//4 5098//4
f 5349//2 5099//2 5338//2 5350//2
f 5109//3 5349//3 5350//3 5351//3
f 5109//5 5098//5 5099//5 5349//5
f 5352//1 5353//1 5344//1 5102//1
f 5352//3 5111//3 5354//3 5353//3
f 5352//5 5102//5 5103//5 5111//5
f 5103//4 5346//4 5355//4 5105//4
f 5114//2 5113//2 5356//2 5357//2
f 5105//4 5355//4 5356//4 5113//4
f 5358//6 5357//6 5356//6 5355//6
f 5115//1 5359//1 5360//1 5116//1
f 5116//4 5360//4 5361//4 5106//4
f 5359//6 5362//6 5361//6 5360//6
f 5106//4 5361//4 5347//4 5108//4
f 5363//2 5109//2 5351//2 5364//2
f 5118//3 5363//3 5364//3 5365//3
f 5118//5 5108//5 5109//5 5363//5
f 5366//1 5367//1 5354//1 5111//1
f 5366//3 5121//3 5368//3 5367//3
f 5366//5 5111//5 5112//5 5121//5
f 5121//3 5122//3 5369//3 5368//3
f 5123//2 5124//2 5370//2 5371//2
f 5114//4 5357//4 5370//4 5124//4
f 5369//6 5371//6 5370//6 5357//6
f 5130//1 5372//1 5373//1 5129//1
f 5129//4 5373//4 5359//4 5115//4
f 5372//6 5374//6 5359//6 5373//6
f 5131//3 5133//3 5375//3 5374//3
f 5376//2 5118//2 5365//2 5377//2
f 5133//3 5376//3 5377//3 5375//3
f 5133//5 5119//5 5118//5 5376//5
f 5378//1 5379//1 5369//1 5122//1
f 5378//3 5134//3 5380//3 5379//3
f 5378//5 5122//5 5123//5 5134//5
f 5135//2 5126//2 5381//2 5382//2
f 5123//4 5371//4 5381//4 5126//4
f 5140//1 5383//1 5384//1 5127//1
f 5127//4 5384//4 5372//4 5130//4
f 5385//2 5131//2 5374//2 5386//2
f 5141//3 5385//3 5386//3 5387//3
f 5141//5 5130//5 5131//5 5385//5
f 5388//1 5389//1 5380//1 5134//1
f 5388//3 5143//3 5390//3 5389//3
f 5388//5 5134//5 5135//5 5143//5
f 5135//4 5382//4 5391//4 5137//4
f 5146//2 5145//2 5392//2 5393//2
f 5137//4 5391//4 5392//4 5145//4
f 5394//6 5393//6 5392//6 5391//6
f 5147//1 5395//1 5396//1 5148//1
f 5148//4 5396//4 5397//4 5138//4
f 5395//6 5398//6 5397//6 5396//6
f 5138//4 5397//4 5383//4 5140//4
f 5399//2 5141//2 5387//2 5400//2
f 5150//3 5399//3 5400//3 5401//3
f 5150//5 5140//5 5141//5 5399//5
f 5446//1 5447//1 5439//1 5179//1
f 5446//3 5195//3 5448//3 5447//3
f 5446//5 5179//5 5180//5 5195//5
f 5180//4 5440//4 5449//4 5182//4
f 5199//2 5184//2 5450//2 5451//2
f 5182//4 5449//4 5450//4 5184//4
f 5452//6 5451//6 5450//6 5449//6
f 5216//1 5467//1 5468//1 5185//1
f 5185//4 5468//4 5469//4 5188//4
f 5467//6 5470//6 5469//6 5468//6
f 5188//4 5469//4 5443//4 5189//4
f 5471//2 5191//2 5445//2 5472//2
f 5218//3 5471//3 5472//3 5473//3
f 5218//5 5189//5 5191//5 5471//5
f 5474//1 5475//1 5448//1 5195//1
f 5474//3 5221//3 5476//3 5475//3
f 5474//5 5195//5 5196//5 5221//5
f 5222//2 5199//2 5451//2 5477//2
f 5221//3 5222//3 5477//3 5476//3
f 5476//6 5477//6 5451//6 5452//6
f 5227//1 5486//1 5467//1 5216//1
f 5227//3 5229//3 5487//3 5486//3
f 5486//6 5487//6 5470//6 5467//6
f 5488//2 5218//2 5473//2 5489//2
f 5229//3 5488//3 5489//3 5487//3
f 5229//5 5219//5 5218//5 5488//5
f 5295//2 5296//2 5564//2 5565//2
f 5285//4 5553//4 5564//4 5296//4
f 5563//6 5565//6 5564//6 5553//6
f 5302//1 5566//1 5567//1 5301//1
f 5301//4 5567//4 5554//4 5286//4
f 5566//6 5568//6 5554//6 5567//6
f 5572//1 5573//1 5563//1 5294//1
f 5572//3 5307//3 5574//3 5573//3
f 5572//5 5294//5 5295//5 5307//5
f 5295//4 5565//4 5575//4 5298//4
f 5310//2 5309//2 5576//2 5577//2
f 5298//4 5575//4 5576//4 5309//4
f 5578//6 5577//6 5576//6 5575//6
f 5311//1 5579//1 5580//1 5312//1
f 5312//4 5580//4 5581//4 5299//4
f 5579//6 5582//6 5581//6 5580//6
f 5299//4 5581//4 5566//4 5302//4
f 5583//2 5303//2 5568//2 5584//2
f 5314//3 5583//3 5584//3 5585//3
f 5314//5 5302//5 5303//5 5583//5
f 5586//1 5587//1 5574//1 5307//1
f 5586//3 5317//3 5588//3 5587//3
f 5586//5 5307//5 5308//5 5317//5
f 5317//3 5318//3 5589//3 5588//3
f 5322//2 5319//2 5590//2 5591//2
f 5310//4 5577//4 5590//4 5319//4
f 5589//6 5591//6 5590//6 5577//6
f 5326//1 5592//1 5593//1 5325//1
f 5325//4 5593//4 5579//4 5311//4
f 5592//6 5594//6 5579//6 5593//6
f 5329//3 5328//3 5595//3 5594//3
f 5596//2 5314//2 5585//2 5597//2
f 5328//3 5596//3 5597//3 5595//3
f 5328//5 5315//5 5314//5 5596//5
f 5331//1 5598//1 5589//1 5318//1
f 5331//3 5332//3 5599//3 5598//3
f 5333//2 5321//2 5600//2 5601//2
f 5322//4 5591//4 5600//4 5321//4
f 5599//6 5601//6 5600//6 5591//6
f 5338//1 5602//1 5603//1 5323//1
f 5323//4 5603//4 5592//4 5326//4
f 5602//6 5604//6 5592//6 5603//6
f 5341//2 5329//2 5594//2 5605//2
f 5339//3 5341//3 5605//3 5604//3
f 5606//1 5607//1 5599//1 5332//1
f 5606//3 5343//3 5608//3 5607//3
f 5606//5 5332//5 5333//5 5343//5
f 5333//4 5601//4 5609//4 5335//4
f 5346//2 5345//2 5610//2 5611//2
f 5335//4 5609//4 5610//4 5345//4
f 5612//6 5611//6 5610//6 5609//6
f 5347//1 5613//1 5614//1 5348//1
f 5348//4 5614//4 5615//4 5336//4
f 5613//6 5616//6 5615//6 5614//6
f 5336//4 5615//4 5602//4 5338//4
f 5617//2 5339//2 5604//2 5618//2
f 5350//3 5617//3 5618//3 5619//3
f 5350//5 5338//5 5339//5 5617//5
f 5620//1 5621//1 5608//1 5343//1
f 5620//3 5353//3 5622//3 5621//3
f 5620//5 5343//5 5344//5 5353//5
f 5353//3 5354//3 5623//3 5622//3
f 5358//2 5355//2 5624//2 5625//2
f 5346//4 5611//4 5624//4 5355//4
f 5623//6 5625//6 5624//6 5611//6
f 5362//1 5634//1 5635//1 5361//1
f 5361//4 5635//4 5613//4 5347//4
f 5634//6 5636//6 5613//6 5635//6
f 5365//3 5364//3 5637//3 5636//3
f 5638//2 5350//2 5619//2 5639//2
f 5364//3 5638//3 5639//3 5637//3
f 5364//5 5351//5 5350//5 5638//5
f 5367//1 5640//1 5623//1 5354//1
f 5367//3 5368//3 5641//3 5640//3
f 5369//2 5357//2 5642//2 5643//2
f 5358//4 5625//4 5642//4 5357//4
f 5374//1 5648//1 5649//1 5359//1
f 5359//4 5649//4 5634//4 5362//4
f 5377//2 5365//2 5636//2 5650//2
f 5375//3 5377//3 5650//3 5651//3
f 5382//2 5381//2 5656//2 5657//2
f 5371//4 5655//4 5656//4 5381//4
f 5658//6 5657//6 5656//6 5655//6
f 5383//1 5663//1 5664//1 5384//1
f 5384//4 5664//4 5665//4 5372//4
f 5663//6 5666//6 5665//6 5664//6
f 5415//1 5712//1 5697//1 5404//1
f 5415//3 5416//3 5713//3 5712//3
f 5417//2 5406//2 5714//2 5715//2
f 5407//4 5699//4 5714//4 5406//4
f 5713//6 5715//6 5714//6 5699//6
f 5434//1 5722//1 5723//1 5408//1
f 5408//4 5723//4 5706//4 5410//4
f 5722//6 5724//6 5706//6 5723//6
f 5437//2 5413//2 5708//2 5725//2
f 5435//3 5437//3 5725//3 5724//3
f 5726//1 5727//1 5713//1 5416//1
f 5726//3 5438//3 5728//3 5727//3
f 5726//5 5416//5 5417//5 5438//5
f 5417//4 5715//4 5729//4 5419//4
f 5440//2 5421//2 5730//2 5731//2
f 5419//4 5729//4 5730//4 5421//4
f 5732//6 5731//6 5730//6 5729//6
f 5443//1 5737//1 5738//1 5430//1
f 5430//4 5738//4 5739//4 5433//4
f 5737//6 5740//6 5739//6 5738//6
f 5433//4 5739//4 5722//4 5434//4
f 5741//2 5435//2 5724//2 5742//2
f 5444//3 5741//3 5742//3 5743//3
f 5444//5 5434//5 5435//5 5741//5
f 5744//1 5745//1 5728//1 5438//1
f 5744//3 5447//3 5746//3 5745//3
f 5744//5 5438//5 5439//5 5447//5
f 5452//2 5449//2 5747//2 5748//2
f 5440//4 5731//4 5747//4 5449//4
f 5749//6 5748//6 5747//6 5731//6
f 5470//1 5758//1 5759//1 5469//1
f 5469//4 5759//4 5737//4 5443//4
f 5758//6 5760//6 5737//6 5759//6
f 5761//2 5444//2 5743//2 5762//2
f 5472//3 5761//3 5762//3 5763//3
f 5472//5 5445//5 5444//5 5761//5
f 5764//1 5765//1 5746//1 5447//1
f 5764//3 5475//3 5766//3 5765//3
f 5764//5 5447//5 5448//5 5475//5
f 5476//2 5452//2 5748//2 5767//2
f 5475//3 5476//3 5767//3 5766//3
f 5487//1 5774//1 5758//1 5470//1
f 5487//3 5489//3 5775//3 5774//3
f 5776//2 5472//2 5763//2 5777//2
f 5489//3 5776//3 5777//3 5775//3
f 5489//5 5473//5 5472//5 5776//5
f 5573//3 5574//3 5847//3 5846//3
f 5563//4 5837//4 5848//4 5565//4
f 5578//2 5575//2 5849//2 5850//2
f 5565//4 5848//4 5849//4 5575//4
f 5847//6 5850//6 5849//6 5848//6
f 5582//1 5851//1 5852//1 5581//1
f 5581//4 5852//4 5853//4 5566//4
f 5851//6 5854//6 5853//6 5852//6
f 5585//3 5584//3 5855//3 5854//3
f 5566//4 5853//4 5838//4 5568//4
f 5587//1 5858//1 5847//1 5574//1
f 5587//3 5588//3 5859//3 5858//3
f 5589//2 5577//2 5860//2 5861//2
f 5578//4 5850//4 5860//4 5577//4
f 5859//6 5861//6 5860//6 5850//6
f 5594//1 5862//1 5863//1 5579//1
f 5579//4 5863//4 5851//4 5582//4
f 5862//6 5864//6 5851//6 5863//6
f 5597//2 5585//2 5854//2 5865//2
f 5595//3 5597//3 5865//3 5864//3
f 5866//1 5867//1 5859//1 5588//1
f 5866//3 5598//3 5868//3 5867//3
f 5866//5 5588//5 5589//5 5598//5
f 5599//2 5591//2 5869//2 5870//2
f 5589//4 5861//4 5869//4 5591//4
f 5604//1 5871//1 5872//1 5592//1
f 5592//4 5872//4 5862//4 5594//4
f 5873//2 5595//2 5864//2 5874//2
f 5605//3 5873//3 5874//3 5875//3
f 5605//5 5594//5 5595//5 5873//5
f 5876//1 5877//1 5868//1 5598//1
f 5876//3 5607//3 5878//3 5877//3
f 5876//5 5598//5 5599//5 5607//5
f 5607//3 5608//3 5879//3 5878//3
f 5599//4 5870//4 5880//4 5601//4
f 5612//2 5609//2 5881//2 5882//2
f 5601//4 5880//4 5881//4 5609//4
f 5879//6 5882//6 5881//6 5880//6
f 5616//1 5883//1 5884//1 5615//1
f 5615//4 5884//4 5885//4 5602//4
f 5883//6 5886//6 5885//6 5884//6
f 5619//3 5618//3 5887//3 5886//3
f 5602//4 5885//4 5871//4 5604//4
f 5888//2 5605//2 5875//2 5889//2
f 5618//3 5888//3 5889//3 5887//3
f 5618//5 5604//5 5605//5 5888//5
f 5621//1 5890//1 5879//1 5608//1
f 5621//3 5622//3 5891//3 5890//3
f 5623//2 5611//2 5892//2 5893//2
f 5612//4 5882//4 5892//4 5611//4
f 5636//1 5894//1 5895//1 5613//1
f 5613//4 5895//4 5883//4 5616//4
f 5639//2 5619//2 5886//2 5896//2
f 5637//3 5639//3 5896//3 5897//3
f 5924//1 5925//1 5914//1 5653//1
f 5924//3 5671//3 5926//3 5925//3
f 5924//5 5653//5 5654//5 5671//5
f 5934//2 5668//2 5923//2 5935//2
f 5692//3 5934//3 5935//3 5933//3
f 5692//5 5669//5 5668//5 5934//5
f 5695//1 5936//1 5927//1 5672//1
f 5695//3 5696//3 5937//3 5936//3
f 5697//2 5674//2 5938//2 5939//2
f 5675//4 5929//4 5938//4 5674//4
f 5937//6 5939//6 5938//6 5929//6
f 5708//1 5940//1 5941//1 5688//1
f 5688//4 5941//4 5930//4 5690//4
f 5940//6 5942//6 5930//6 5941//6
f 5711//2 5693//2 5932//2 5943//2
f 5709//3 5711//3 5943//3 5942//3
f 5944//1 5945//1 5937//1 5696//1
f 5944//3 5712//3 5946//3 5945//3
f 5944//5 5696//5 5697//5 5712//5
f 5713//2 5699//2 5947//2 5948//2
f 5697//4 5939//4 5947//4 5699//4
f 5946//6 5948//6 5947//6 5939//6
f 5724//1 5953//1 5954//1 5706//1
f 5706//4 5954//4 5940//4 5708//4
f 5953//6 5955//6 5940//6 5954//6
f 5956//2 5709//2 5942//2 5957//2
f 5725//3 5956//3 5957//3 5955//3
f 5725//5 5708//5 5709//5 5956//5
f 5958//1 5959//1 5946//1 5712//1
f 5958//3 5727//3 5960//3 5959//3
f 5958//5 5712//5 5713//5 5727//5
f 5713//4 5948//4 5961//4 5715//4
f 5732//2 5729//2 5962//2 5963//2
f 5715//4 5961//4 5962//4 5729//4
f 5964//6 5963//6 5962//6 5961//6
f 5740//1 5967//1 5968//1 5739//1
f 5739//4 5968//4 5969//4 5722//4
f 5967//6 5970//6 5969//6 5968//6
f 5722//4 5969//4 5953//4 5724//4
f 5971//2 5725//2 5955//2 5972//2
f 5742//3 5971//3 5972//3 5973//3
f 5742//5 5724//5 5725//5 5971//5
f 5974//1 5975//1 5960//1 5727//1
f 5974//3 5745//3 5976//3 5975//3
f 5974//5 5727//5 5728//5 5745//5
f 5749//2 5731//2 5977//2 5978//2
f 5732//4 5963//4 5977//4 5731//4
f 5979//6 5978//6 5977//6 5963//6
f 5760//1 5992//1 5993//1 5737//1
f 5737//4 5993//4 5967//4 5740//4
f 5992//6 5994//6 5967//6 5993//6
f 5995//2 5742//2 5973//2 5996//2
f 5762//3 5995//3 5996//3 5997//3
f 5762//5 5743//5 5742//5 5995//5
f 5998//1 5999//1 5976//1 5745//1
f 5998//3 5765//3 6000//3 5999//3
f 5998//5 5745//5 5746//5 5765//5
f 5765//3 5766//3 6001//3 6000//3
f 5767//2 5748//2 6002//2 6003//2
f 5766//3 5767//3 6003//3 6001//3
f 5749//4 5978//4 6002//4 5748//4
f 6001//6 6003//6 6002//6 5978//6
f 5774//1 6010//1 6011//1 5758//1
f 5774//3 5775//3 6012//3 6010//3
f 5758//4 6011//4 5992//4 5760//4
f 6010//6 6012//6 5992//6 6011//6
f 5775//3 5777//3 6013//3 6012//3
f 6014//2 5762//2 5997//2 6015//2
f 5777//3 6014//3 6015//3 6013//3
f 5777//5 5763//5 5762//5 6014//5
f 5847//2 5848//2 6093//2 6094//2
f 5837//4 6083//4 6093//4 5848//4
f 6092//6 6094//6 6093//6 6083//6
f 5854//1 6095//1 6096//1 5853//1
f 5853//4 6096//4 6084//4 5838//4
f 6095//6 6097//6 6084//6 6096//6
f 6102//1 6103//1 6092//1 5846//1
f 6102//3 5858//3 6104//3 6103//3
f 6102//5 5846//5 5847//5 5858//5
f 5859//2 5850//2 6105//2 6106//2
f 5847//4 6094//4 6105//4 5850//4
f 5864//1 6107//1 6108//1 5851//1
f 5851//4 6108//4 6095//4 5854//4
f 6109//2 5855//2 6097//2 6110//2
f 5865//3 6109//3 6110//3 6111//3
f 5865//5 5854//5 5855//5 6109//5
f 6112//1 6113//1 6104//1 5858//1
f 6112//3 5867//3 6114//3 6113//3
f 6112//5 5858//5 5859//5 5867//5
f 5859//4 6106//4 6115//4 5861//4
f 5870//2 5869//2 6116//2 6117//2
f 5861//4 6115//4 6116//4 5869//4
f 6118//6 6117//6 6116//6 6115//6
f 5871//1 6119//1 6120//1 5872//1
f 5872//4 6120//4 6121//4 5862//4
f 6119//6 6122//6 6121//6 6120//6
f 5862//4 6121//4 6107//4 5864//4
f 6123//2 5865//2 6111//2 6124//2
f 5874//3 6123//3 6124//3 6125//3
f 5874//5 5864//5 5865//5 6123//5
f 6126//1 6127//1 6114//1 5867//1
f 6126//3 5877//3 6128//3 6127//3
f 6126//5 5867//5 5868//5 5877//5
f 6133//2 5874//2 6125//2 6134//2
f 5889//3 6133//3 6134//3 6135//3
f 5889//5 5875//5 5874//5 6133//5
f 6166//1 6167//1 6156//1 5899//1
f 6166//3 5913//3 6168//3 6167//3
f 6166//5 5899//5 5900//5 5913//5
f 5917//2 5903//2 6169//2 6170//2
f 5904//4 6158//4 6169//4 5903//4
f 6171//6 6170//6 6169//6 6158//6
f 5920//1 6172//1 6173//1 5905//1
f 5905//4 6173//4 6160//4 5908//4
f 6172//6 6174//6 6160//6 6173//6
f 6175//2 5910//2 6165//2 6176//2
f 5922//3 6175//3 6176//3 6177//3
f 5922//5 5911//5 5910//5 6175//5
f 6178//1 6179//1 6168//1 5913//1
f 6178//3 5925//3 6180//3 6179//3
f 6178//5 5913//5 5914//5 5925//5
f 5925//3 5926//3 6181//3 6180//3
f 5927//2 5916//2 6182//2 6183//2
f 5917//4 6170//4 6182//4 5916//4
f 6181//6 6183//6 6182//6 6170//6
f 5932//1 6184//1 6185//1 5918//1
f 5918//4 6185//4 6172//4 5920//4
f 6184//6 6186//6 6172//6 6185//6
f 5933//3 5935//3 6187//3 6186//3
f 6188//2 5922//2 6177//2 6189//2
f 5935//3 6188//3 6189//3 6187//3
f 5935//5 5923//5 5922//5 6188//5
f 6190//1 6191//1 6181//1 5926//1
f 6190//3 5936//3 6192//3 6191//3
f 6190//5 5926//5 5927//5 5936//5
f 5937//2 5929//2 6193//2 6194//2
f 5927//4 6183//4 6193//4 5929//4
f 6192//6 6194//6 6193//6 6183//6
f 5942//1 6195//1 6196//1 5930//1
f 5930//4 6196//4 6184//4 5932//4
f 6195//6 6197//6 6184//6 6196//6
f 6198//2 5933//2 6186//2 6199//2
f 5943//3 6198//3 6199//3 6197//3
f 5943//5 5932//5 5933//5 6198//5
f 6200//1 6201//1 6192//1 5936//1
f 6200//3 5945//3 6202//3 6201//3
f 6200//5 5936//5 5937//5 5945//5
f 5946//2 5939//2 6203//2 6204//2
f 5937//4 6194//4 6203//4 5939//4
f 6202//6 6204//6 6203//6 6194//6
f 5955//1 6205//1 6206//1 5940//1
f 5940//4 6206//4 6195//4 5942//4
f 6205//6 6207//6 6195//6 6206//6
f 6208//2 5943//2 6197//2 6209//2
f 5957//3 6208//3 6209//3 6207//3
f 5957//5 5942//5 5943//5 6208//5
f 6210//1 6211//1 6202//1 5945//1
f 6210//3 5959//3 6212//3 6211//3
f 6210//5 5945//5 5946//5 5959//5
f 5946//4 6204//4 6213//4 5948//4
f 5964//2 5961//2 6214//2 6215//2
f 5948//4 6213//4 6214//4 5961//4
f 6216//6 6215//6 6214//6 6213//6
f 5970//1 6217//1 6218//1 5969//1
f 5969//4 6218//4 6219//4 5953//4
f 6217//6 6220//6 6219//6 6218//6
f 5953//4 6219//4 6205//4 5955//4
f 6221//2 5957//2 6207//2 6222//2
f 5972//3 6221//3 6222//3 6223//3
f 5972//5 5955//5 5957//5 6221//5
f 6224//1 6225//1 6212//1 5959//1
f 6224//3 5975//3 6226//3 6225//3
f 6224//5 5959//5 5960//5 5975//5
f 5975//3 5976//3 6227//3 6226//3
f 5979//2 5963//2 6228//2 6229//2
f 5964//4 6215//4 6228//4 5963//4
f 6227//6 6229//6 6228//6 6215//6
f 5994//1 6242//1 6243//1 5967//1
f 5967//4 6243//4 6217//4 5970//4
f 6242//6 6244//6 6217//6 6243//6
f 5997//3 5996//3 6245//3 6244//3
f 6246//2 5972//2 6223//2 6247//2
f 5996//3 6246//3 6247//3 6245//3
f 5996//5 5973//5 5972//5 6246//5
f 5999//1 6248//1 6227//1 5976//1
f 5999//3 6000//3 6249//3 6248//3
f 6001//2 5978//2 6250//2 6251//2
f 6000//3 6001//3 6251//3 6249//3
f 5979//4 6229//4 6250//4 5978//4
f 6249//6 6251//6 6250//6 6229//6
f 6012//1 6262//1 6263//1 5992//1
f 6012//3 6013//3 6264//3 6262//3
f 5992//4 6263//4 6242//4 5994//4
f 6262//6 6264//6 6242//6 6263//6
f 6015//2 5997//2 6244//2 6265//2
f 6013//3 6015//3 6265//3 6264//3
f 6106//2 6105//2 6390//2 6391//2
f 6094//4 6389//4 6390//4 6105//4
f 6392//6 6391//6 6390//6 6389//6
f 6107//1 6393//1 6394//1 6108//1
f 6108//4 6394//4 6395//4 6095//4
f 6393//6 6396//6 6395//6 6394//6
f 6434//1 6435//1 6429//1 6139//1
f 6434//3 6155//3 6436//3 6435//3
f 6434//5 6139//5 6140//5 6155//5
f 6140//4 6430//4 6437//4 6142//4
f 6159//2 6144//2 6438//2 6439//2
f 6142//4 6437//4 6438//4 6144//4
f 6440//6 6439//6 6438//6 6437//6
f 6162//1 6441//1 6442//1 6145//1
f 6145//4 6442//4 6443//4 6148//4
f 6441//6 6444//6 6443//6 6442//6
f 6148//4 6443//4 6431//4 6149//4
f 6445//2 6151//2 6432//2 6446//2
f 6164//3 6445//3 6446//3 6447//3
f 6164//5 6149//5 6151//5 6445//5
f 6448//1 6449//1 6436//1 6155//1
f 6448//3 6167//3 6450//3 6449//3
f 6448//5 6155//5 6156//5 6167//5
f 6171//2 6158//2 6451//2 6452//2
f 6159//4 6439//4 6451//4 6158//4
f 6453//6 6452//6 6451//6 6439//6
f 6174//1 6454//1 6455//1 6160//1
f 6160//4 6455//4 6441//4 6162//4
f 6454//6 6456//6 6441//6 6455//6
f 6457//2 6164//2 6447//2 6458//2
f 6176//3 6457//3 6458//3 6459//3
f 6176//5 6165//5 6164//5 6457//5
f 6460//1 6461//1 6450//1 6167//1
f 6460//3 6179//3 6462//3 6461//3
f 6460//5 6167//5 6168//5 6179//5
f 6179//3 6180//3 6463//3 6462//3
f 6181//2 6170//2 6464//2 6465//2
f 6171//4 6452//4 6464//4 6170//4
f 6463//6 6465//6 6464//6 6452//6
f 6186//1 6466//1 6467//1 6172//1
f 6172//4 6467//4 6454//4 6174//4
f 6466//6 6468//6 6454//6 6467//6
f 6187//3 6189//3 6469//3 6468//3
f 6470//2 6176//2 6459//2 6471//2
f 6189//3 6470//3 6471//3 6469//3
f 6189//5 6177//5 6176//5 6470//5
f 6472//1 6473//1 6463//1 6180//1
f 6472//3 6191//3 6474//3 6473//3
f 6472//5 6180//5 6181//5 6191//5
f 6192//2 6183//2 6475//2 6476//2
f 6181//4 6465//4 6475//4 6183//4
f 6474//6 6476//6 6475//6 6465//6
f 6197//1 6477//1 6478//1 6184//1
f 6184//4 6478//4 6466//4 6186//4
f 6477//6 6479//6 6466//6 6478//6
f 6480//2 6187//2 6468//2 6481//2
f 6199//3 6480//3 6481//3 6479//3
f 6199//5 6186//5 6187//5 6480//5
f 6482//1 6483//1 6474//1 6191//1
f 6482//3 6201//3 6484//3 6483//3
f 6482//5 6191//5 6192//5 6201//5
f 6202//2 6194//2 6485//2 6486//2
f 6192//4 6476//4 6485//4 6194//4
f 6207//1 6495//1 6496//1 6195//1
f 6195//4 6496//4 6477//4 6197//4
f 6497//2 6199//2 6479//2 6498//2
f 6209//3 6497//3 6498//3 6499//3
f 6209//5 6197//5 6199//5 6497//5
f 6500//1 6501//1 6484//1 6201//1
f 6500//3 6211//3 6502//3 6501//3
f 6500//5 6201//5 6202//5 6211//5
f 6202//4 6486//4 6503//4 6204//4
f 6216//2 6213//2 6504//2 6505//2
f 6204//4 6503//4 6504//4 6213//4
f 6506//6 6505//6 6504//6 6503//6
f 6220//1 6509//1 6510//1 6219//1
f 6219//4 6510//4 6511//4 6205//4
f 6509//6 6512//6 6511//6 6510//6
f 6205//4 6511//4 6495//4 6207//4
f 6513//2 6209//2 6499//2 6514//2
f 6222//3 6513//3 6514//3 6515//3
f 6222//5 6207//5 6209//5 6513//5
f 6516//1 6517//1 6502//1 6211//1
f 6516//3 6225//3 6518//3 6517//3
f 6516//5 6211//5 6212//5 6225//5
f 6225//3 6226//3 6519//3 6518//3
f 6227//2 6215//2 6520//2 6521//2
f 6216//4 6505//4 6520//4 6215//4
f 6519//6 6521//6 6520//6 6505//6
f 6244//1 6530//1 6531//1 6217//1
f 6217//4 6531//4 6509//4 6220//4
f 6530//6 6532//6 6509//6 6531//6
f 6245//3 6247//3 6533//3 6532//3
f 6534//2 6222//2 6515//2 6535//2
f 6247//3 6534//3 6535//3 6533//3
f 6247//5 6223//5 6222//5 6534//5
f 6536//1 6537//1 6519//1 6226//1
f 6536//3 6248//3 6538//3 6537//3
f 6536//5 6226//5 6227//5 6248//5
f 6249//2 6229//2 6539//2 6540//2
f 6248//3 6249//3 6540//3 6538//3
f 6227//4 6521//4 6539//4 6229//4
f 6538//6 6540//6 6539//6 6521//6
f 6264//1 6549//1 6550//1 6242//1
f 6264//3 6265//3 6551//3 6549//3
f 6242//4 6550//4 6530//4 6244//4
f 6549//6 6551//6 6530//6 6550//6
f 6552//2 6245//2 6532//2 6553//2
f 6265//3 6552//3 6553//3 6551//3
f 6265//5 6244//5 6245//5 6552//5
f 6413//1 6718//1 6709//1 6402//1
f 6413//3 6414//3 6719//3 6718//3
f 6415//2 6404//2 6720//2 6721//2
f 6405//4 6711//4 6720//4 6404//4
f 6719//6 6721//6 6720//6 6711//6
f 6424//1 6722//1 6723//1 6406//1
f 6406//4 6723//4 6712//4 6408//4
f 6722//6 6724//6 6712//6 6723//6
f 6427//2 6411//2 6714//2 6725//2
f 6425//3 6427//3 6725//3 6724//3
f 6726//1 6727//1 6719//1 6414//1
f 6726//3 6428//3 6728//3 6727//3
f 6726//5 6414//5 6415//5 6428//5
f 6429//2 6417//2 6729//2 6730//2
f 6415//4 6721//4 6729//4 6417//4
f 6432//1 6739//1 6740//1 6423//1
f 6423//4 6740//4 6722//4 6424//4
f 6741//2 6425//2 6724//2 6742//2
f 6433//3 6741//3 6742//3 6743//3
f 6433//5 6424//5 6425//5 6741//5
f 6744//1 6745//1 6728//1 6428//1
f 6744//3 6435//3 6746//3 6745//3
f 6744//5 6428//5 6429//5 6435//5
f 6429//4 6730//4 6747//4 6430//4
f 6440//2 6437//2 6748//2 6749//2
f 6430//4 6747//4 6748//4 6437//4
f 6750//6 6749//6 6748//6 6747//6
f 6444//1 6755//1 6756//1 6443//1
f 6443//4 6756//4 6757//4 6431//4
f 6755//6 6758//6 6757//6 6756//6
f 6431//4 6757//4 6739//4 6432//4
f 6759//2 6433//2 6743//2 6760//2
f 6446//3 6759//3 6760//3 6761//3
f 6446//5 6432//5 6433//5 6759//5
f 6762//1 6763//1 6746//1 6435//1
f 6762//3 6449//3 6764//3 6763//3
f 6762//5 6435//5 6436//5 6449//5
f 6449//3 6450//3 6765//3 6764//3
f 6453//2 6439//2 6766//2 6767//2
f 6440//4 6749//4 6766//4 6439//4
f 6765//6 6767//6 6766//6 6749//6
f 6456//1 6772//1 6773//1 6441//1
f 6441//4 6773//4 6755//4 6444//4
f 6772//6 6774//6 6755//6 6773//6
f 6459//3 6458//3 6775//3 6774//3
f 6776//2 6446//2 6761//2 6777//2
f 6458//3 6776//3 6777//3 6775//3
f 6458//5 6447//5 6446//5 6776//5
f 6461//1 6778//1 6765//1 6450//1
f 6461//3 6462//3 6779//3 6778//3
f 6463//2 6452//2 6780//2 6781//2
f 6453//4 6767//4 6780//4 6452//4
f 6779//6 6781//6 6780//6 6767//6
f 6468//1 6794//1 6795//1 6454//1
f 6454//4 6795//4 6772//4 6456//4
f 6794//6 6796//6 6772//6 6795//6
f 6471//2 6459//2 6774//2 6797//2
f 6469//3 6471//3 6797//3 6796//3
f 6798//1 6799//1 6779//1 6462//1
f 6798//3 6473//3 6800//3 6799//3
f 6798//5 6462//5 6463//5 6473//5
f 6474//2 6465//2 6801//2 6802//2
f 6463//4 6781//4 6801//4 6465//4
f 6800//6 6802//6 6801//6 6781//6
f 6479//1 6809//1 6810//1 6466//1
f 6466//4 6810//4 6794//4 6468//4
f 6809//6 6811//6 6794//6 6810//6
f 6812//2 6469//2 6796//2 6813//2
f 6481//3 6812//3 6813//3 6811//3
f 6481//5 6468//5 6469//5 6812//5
f 6814//1 6815//1 6800//1 6473//1
f 6814//3 6483//3 6816//3 6815//3
f 6814//5 6473//5 6474//5 6483//5
f 6474//4 6802//4 6817//4 6476//4
f 6486//2 6485//2 6818//2 6819//2
f 6476//4 6817//4 6818//4 6485//4
f 6820//6 6819//6 6818//6 6817//6
f 6495//1 6827//1 6828//1 6496//1
f 6496//4 6828//4 6829//4 6477//4
f 6827//6 6830//6 6829//6 6828//6
f 6477//4 6829//4 6809//4 6479//4
f 6831//2 6481//2 6811//2 6832//2
f 6498//3 6831//3 6832//3 6833//3
f 6498//5 6479//5 6481//5 6831//5
f 6834//1 6835//1 6816//1 6483//1
f 6834//3 6501//3 6836//3 6835//3
f 6834//5 6483//5 6484//5 6501//5
f 6506//2 6503//2 6837//2 6838//2
f 6486//4 6819//4 6837//4 6503//4
f 6839//6 6838//6 6837//6 6819//6
f 6512//1 6844//1 6845//1 6511//1
f 6511//4 6845//4 6827//4 6495//4
f 6844//6 6846//6 6827//6 6845//6
f 6847//2 6498//2 6833//2 6848//2
f 6514//3 6847//3 6848//3 6849//3
f 6514//5 6499//5 6498//5 6847//5
f 6850//1 6851//1 6836//1 6501//1
f 6850//3 6517//3 6852//3 6851//3
f 6850//5 6501//5 6502//5 6517//5
f 6517//3 6518//3 6853//3 6852//3
f 6519//2 6505//2 6854//2 6855//2
f 6506//4 6838//4 6854//4 6505//4
f 6853//6 6855//6 6854//6 6838//6
f 6532//1 6858//1 6859//1 6509//1
f 6509//4 6859//4 6844//4 6512//4
f 6858//6 6860//6 6844//6 6859//6
f 6533//3 6535//3 6861//3 6860//3
f 6862//2 6514//2 6849//2 6863//2
f 6535//3 6862//3 6863//3 6861//3
f 6535//5 6515//5 6514//5 6862//5
f 6864//1 6865//1 6853//1 6518//1
f 6864//3 6537//3 6866//3 6865//3
f 6864//5 6518//5 6519//5 6537//5
f 6538//2 6521//2 6867//2 6868//2
f 6537//3 6538//3 6868//3 6866//3
f 6519//4 6855//4 6867//4 6521//4
f 6866//6 6868//6 6867//6 6855//6
f 6551//1 6881//1 6882//1 6530//1
f 6551//3 6553//3 6883//3 6881//3
f 6530//4 6882//4 6858//4 6532//4
f 6881//6 6883//6 6858//6 6882//6
f 6884//2 6533//2 6860//2 6885//2
f 6553//3 6884//3 6885//3 6883//3
f 6553//5 6532//5 6533//5 6884//5
f 6730//2 6729//2 7086//2 7087//2
f 6721//4 7085//4 7086//4 6729//4
f 7088//6 7087//6 7086//6 7085//6
f 6739//1 7089//1 7090//1 6740//1
f 6740//4 7090//4 7091//4 6722//4
f 7089//6 7092//6 7091//6 7090//6
f 7096//1 7097//1 7084//1 6727//1
f 7096//3 6745//3 7098//3 7097//3
f 7096//5 6727//5 6728//5 6745//5
f 6750//2 6747//2 7099//2 7100//2
f 6730//4 7087//4 7099//4 6747//4
f 7101//6 7100//6 7099//6 7087//6
f 6758//1 7102//1 7103//1 6757//1
f 6757//4 7103//4 7089//4 6739//4
f 7102//6 7104//6 7089//6 7103//6
f 7105//2 6742//2 7095//2 7106//2
f 6760//3 7105//3 7106//3 7107//3
f 6760//5 6743//5 6742//5 7105//5
f 7108//1 7109//1 7098//1 6745//1
f 7108//3 6763//3 7110//3 7109//3
f 7108//5 6745//5 6746//5 6763//5
f 6763//3 6764//3 7111//3 7110//3
f 6765//2 6749//2 7112//2 7113//2
f 6750//4 7100//4 7112//4 6749//4
f 7111//6 7113//6 7112//6 7100//6
f 6774//1 7114//1 7115//1 6755//1
f 6755//4 7115//4 7102//4 6758//4
f 7114//6 7116//6 7102//6 7115//6
f 6775//3 6777//3 7117//3 7116//3
f 7118//2 6760//2 7107//2 7119//2
f 6777//3 7118//3 7119//3 7117//3
f 6777//5 6761//5 6760//5 7118//5
f 7120//1 7121//1 7111//1 6764//1
f 7120//3 6778//3 7122//3 7121//3
f 7120//5 6764//5 6765//5 6778//5
f 6779//2 6767//2 7123//2 7124//2
f 6765//4 7113//4 7123//4 6767//4
f 7122//6 7124//6 7123//6 7113//6
f 6796//1 7125//1 7126//1 6772//1
f 6772//4 7126//4 7114//4 6774//4
f 7125//6 7127//6 7114//6 7126//6
f 7128//2 6775//2 7116//2 7129//2
f 6797//3 7128//3 7129//3 7127//3
f 6797//5 6774//5 6775//5 7128//5
f 7130//1 7131//1 7122//1 6778//1
f 7130//3 6799//3 7132//3 7131//3
f 7130//5 6778//5 6779//5 6799//5
f 6800//2 6781//2 7133//2 7134//2
f 6779//4 7124//4 7133//4 6781//4
f 7132//6 7134//6 7133//6 7124//6
f 6811//1 7135//1 7136//1 6794//1
f 6794//4 7136//4 7125//4 6796//4
f 7135//6 7137//6 7125//6 7136//6
f 7138//2 6797//2 7127//2 7139//2
f 6813//3 7138//3 7139//3 7137//3
f 6813//5 6796//5 6797//5 7138//5
f 7140//1 7141//1 7132//1 6799//1
f 7140//3 6815//3 7142//3 7141//3
f 7140//5 6799//5 6800//5 6815//5
f 6800//4 7134//4 7143//4 6802//4
f 6820//2 6817//2 7144//2 7145//2
f 6802//4 7143//4 7144//4 6817//4
f 7146//6 7145//6 7144//6 7143//6
f 6830//1 7151//1 7152//1 6829//1
f 6829//4 7152//4 7153//4 6809//4
f 7151//6 7154//6 7153//6 7152//6
f 6809//4 7153//4 7135//4 6811//4
f 7155//2 6813//2 7137//2 7156//2
f 6832//3 7155//3 7156//3 7157//3
f 6832//5 6811//5 6813//5 7155//5
f 7158//1 7159//1 7142//1 6815//1
f 7158//3 6835//3 7160//3 7159//3
f 7158//5 6815//5 6816//5 6835//5
f 6839//2 6819//2 7161//2 7162//2
f 6820//4 7145//4 7161//4 6819//4
f 7163//6 7162//6 7161//6 7145//6
f 6846//1 7166//1 7167//1 6827//1
f 6827//4 7167//4 7151//4 6830//4
f 7166//6 7168//6 7151//6 7167//6
f 7169//2 6832//2 7157//2 7170//2
f 6848//3 7169//3 7170//3 7171//3
f 6848//5 6833//5 6832//5 7169//5
f 7172//1 7173//1 7160//1 6835//1
f 7172//3 6851//3 7174//3 7173//3
f 7172//5 6835//5 6836//5 6851//5
f 6851//3 6852//3 7175//3 7174//3
f 6853//2 6838//2 7176//2 7177//2
f 6839//4 7162//4 7176//4 6838//4
f 7175//6 7177//6 7176//6 7162//6
f 6860//1 7186//1 7187//1 6844//1
f 6844//4 7187//4 7166//4 6846//4
f 7186//6 7188//6 7166//6 7187//6
f 6861//3 6863//3 7189//3 7188//3
f 7190//2 6848//2 7171//2 7191//2
f 6863//3 7190//3 7191//3 7189//3
f 6863//5 6849//5 6848//5 7190//5
f 7192//1 7193//1 7175//1 6852//1
f 7192//3 6865//3 7194//3 7193//3
f 7192//5 6852//5 6853//5 6865//5
f 6866//2 6855//2 7195//2 7196//2
f 6865//3 6866//3 7196//3 7194//3
f 6853//4 7177//4 7195//4 6855//4
f 7194//6 7196//6 7195//6 7177//6
f 6883//1 7205//1 7206//1 6858//1
f 6883//3 6885//3 7207//3 7205//3
f 6858//4 7206//4 7186//4 6860//4
f 7205//6 7207//6 7186//6 7206//6
f 7208//2 6861//2 7188//2 7209//2
f 6885//3 7208//3 7209//3 7207//3
f 6885//5 6860//5 6861//5 7208//5
f 7111//2 7100//2 7442//2 7443//2
f 7101//4 7431//4 7442//4 7100//4
f 7441//6 7443//6 7442//6 7431//6
f 7116//1 7444//1 7445//1 7102//1
f 7102//4 7445//4 7432//4 7104//4
f 7444//6 7446//6 7432//6 7445//6
f 7450//1 7451//1 7441//1 7110//1
f 7450//3 7121//3 7452//3 7451//3
f 7450//5 7110//5 7111//5 7121//5
f 7122//2 7113//2 7453//2 7454//2
f 7111//4 7443//4 7453//4 7113//4
f 7452//6 7454//6 7453//6 7443//6
f 7127//1 7455//1 7456//1 7114//1
f 7114//4 7456//4 7444//4 7116//4
f 7455//6 7457//6 7444//6 7456//6
f 7458//2 7117//2 7446//2 7459//2
f 7129//3 7458//3 7459//3 7457//3
f 7129//5 7116//5 7117//5 7458//5
f 7460//1 7461//1 7452//1 7121//1
f 7460//3 7131//3 7462//3 7461//3
f 7460//5 7121//5 7122//5 7131//5
f 7132//2 7124//2 7463//2 7464//2
f 7122//4 7454//4 7463//4 7124//4
f 7137//1 7465//1 7466//1 7125//1
f 7125//4 7466//4 7455//4 7127//4
f 7467//2 7129//2 7457//2 7468//2
f 7139//3 7467//3 7468//3 7469//3
f 7139//5 7127//5 7129//5 7467//5
f 7470//1 7471//1 7462//1 7131//1
f 7470//3 7141//3 7472//3 7471//3
f 7470//5 7131//5 7132//5 7141//5
f 7132//4 7464//4 7473//4 7134//4
f 7146//2 7143//2 7474//2 7475//2
f 7134//4 7473//4 7474//4 7143//4
f 7476//6 7475//6 7474//6 7473//6
f 7154//1 7487//1 7488//1 7153//1
f 7153//4 7488//4 7489//4 7135//4
f 7487//6 7490//6 7489//6 7488//6
f 7135//4 7489//4 7465//4 7137//4
f 7491//2 7139//2 7469//2 7492//2
f 7156//3 7491//3 7492//3 7493//3
f 7156//5 7137//5 7139//5 7491//5
f 7494//1 7495//1 7472//1 7141//1
f 7494//3 7159//3 7496//3 7495//3
f 7494//5 7141//5 7142//5 7159//5
f 7159//3 7160//3 7497//3 7496//3
f 7163//2 7145//2 7498//2 7499//2
f 7146//4 7475//4 7498//4 7145//4
f 7497//6 7499//6 7498//6 7475//6
f 7168//1 7506//1 7507//1 7151//1
f 7151//4 7507//4 7487//4 7154//4
f 7506//6 7508//6 7487//6 7507//6
f 7171//3 7170//3 7509//3 7508//3
f 7510//2 7156//2 7493//2 7511//2
f 7170//3 7510//3 7511//3 7509//3
f 7170//5 7157//5 7156//5 7510//5
f 7173//1 7512//1 7497//1 7160//1
f 7173//3 7174//3 7513//3 7512//3
f 7175//2 7162//2 7514//2 7515//2
f 7163//4 7499//4 7514//4 7162//4
f 7513//6 7515//6 7514//6 7499//6
f 7188//1 7522//1 7523//1 7166//1
f 7166//4 7523//4 7506//4 7168//4
f 7522//6 7524//6 7506//6 7523//6
f 7191//2 7171//2 7508//2 7525//2
f 7189//3 7191//3 7525//3 7524//3
f 7526//1 7527//1 7513//1 7174//1
f 7526//3 7193//3 7528//3 7527//3
f 7526//5 7174//5 7175//5 7193//5
f 7194//2 7177//2 7529//2 7530//2
f 7193//3 7194//3 7530//3 7528//3
f 7175//4 7515//4 7529//4 7177//4
f 7528//6 7530//6 7529//6 7515//6
f 7207//1 7533//1 7534//1 7186//1
f 7207//3 7209//3 7535//3 7533//3
f 7186//4 7534//4 7522//4 7188//4
f 7533//6 7535//6 7522//6 7534//6
f 7536//2 7189//2 7524//2 7537//2
f 7209//3 7536//3 7537//3 7535//3
f 7209//5 7188//5 7189//5 7536//5
f 7464//2 7463//2 7816//2 7817//2
f 7454//4 7815//4 7816//4 7463//4
f 7818//6 7817//6 7816//6 7815//6
f 7465//1 7825//1 7826//1 7466//1
f 7466//4 7826//4 7827//4 7455//4
f 7825//6 7828//6 7827//6 7826//6
f 7832//1 7833//1 7814//1 7461//1
f 7832//3 7471//3 7834//3 7833//3
f 7832//5 7461//5 7462//5 7471//5
f 7476//2 7473//2 7835//2 7836//2
f 7464//4 7817//4 7835//4 7473//4
f 7837//6 7836//6 7835//6 7817//6
f 7490//1 7844//1 7845//1 7489//1
f 7489//4 7845//4 7825//4 7465//4
f 7844//6 7846//6 7825//6 7845//6
f 7847//2 7468//2 7831//2 7848//2
f 7492//3 7847//3 7848//3 7849//3
f 7492//5 7469//5 7468//5 7847//5
f 7850//1 7851//1 7834//1 7471//1
f 7850//3 7495//3 7852//3 7851//3
f 7850//5 7471//5 7472//5 7495//5
f 7495//3 7496//3 7853//3 7852//3
f 7497//2 7475//2 7854//2 7855//2
f 7476//4 7836//4 7854//4 7475//4
f 7853//6 7855//6 7854//6 7836//6
f 7508//1 7862//1 7863//1 7487//1
f 7487//4 7863//4 7844//4 7490//4
f 7862//6 7864//6 7844//6 7863//6
f 7509//3 7511//3 7865//3 7864//3
f 7866//2 7492//2 7849//2 7867//2
f 7511//3 7866//3 7867//3 7865//3
f 7511//5 7493//5 7492//5 7866//5
f 7868//1 7869//1 7853//1 7496//1
f 7868//3 7512//3 7870//3 7869//3
f 7868//5 7496//5 7497//5 7512//5
f 7513//2 7499//2 7871//2 7872//2
f 7497//4 7855//4 7871//4 7499//4
f 7870//6 7872//6 7871//6 7855//6
f 7524//1 7875//1 7876//1 7506//1
f 7506//4 7876//4 7862//4 7508//4
f 7875//6 7877//6 7862//6 7876//6
f 7878//2 7509//2 7864//2 7879//2
f 7525//3 7878//3 7879//3 7877//3
f 7525//5 7508//5 7509//5 7878//5
f 7880//1 7881//1 7870//1 7512//1
f 7880//3 7527//3 7882//3 7881//3
f 7880//5 7512//5 7513//5 7527//5
f 7528//2 7515//2 7883//2 7884//2
f 7513//4 7872//4 7883//4 7515//4
f 7882//6 7884//6 7883//6 7872//6
f 7535//1 7891//1 7892//1 7522//1
f 7522//4 7892//4 7875//4 7524//4
f 7891//6 7893//6 7875//6 7892//6
f 7894//2 7525//2 7877//2 7895//2
f 7537//3 7894//3 7895//3 7893//3
f 7537//5 7524//5 7525//5 7894//5
f 7896//1 7897//1 7882//1 7527//1
f 7898//2 7528//2 7884//2 7899//2
f 7896//3 7898//3 7899//3 7897//3
f 7896//5 7527//5 7528//5 7898//5
f 7897//6 7899//6 7884//6 7882//6
f 7902//1 7903//1 7891//1 7535//1
f 7904//2 7537//2 7893//2 7905//2
f 7902//3 7904//3 7905//3 7903//3
f 7902//5 7535//5 7537//5 7904//5
f 7903//6 7905//6 7893//6 7891//6
f 7853//2 7836//2 8192//2 8193//2
f 7837//4 8179//4 8192//4 7836//4
f 8191//6 8193//6 8192//6 8179//6
f 7864//1 8196//1 8197//1 7844//1
f 7844//4 8197//4 8182//4 7846//4
f 8196//6 8198//6 8182//6 8197//6
f 8202//1 8203//1 8191//1 7852//1
f 8202//3 7869//3 8204//3 8203//3
f 8202//5 7852//5 7853//5 7869//5
f 7870//2 7855//2 8205//2 8206//2
f 7853//4 8193//4 8205//4 7855//4
f 8204//6 8206//6 8205//6 8193//6
f 7877//1 8213//1 8214//1 7862//1
f 7862//4 8214//4 8196//4 7864//4
f 8213//6 8215//6 8196//6 8214//6
f 8216//2 7865//2 8198//2 8217//2
f 7879//3 8216//3 8217//3 8215//3
f 7879//5 7864//5 7865//5 8216//5
f 8218//1 8219//1 8204//1 7869//1
f 8218//3 7881//3 8220//3 8219//3
f 8218//5 7869//5 7870//5 7881//5
f 7882//2 7872//2 8221//2 8222//2
f 7870//4 8206//4 8221//4 7872//4
f 7893//1 8225//1 8226//1 7875//1
f 7875//4 8226//4 8213//4 7877//4
f 8227//2 7879//2 8215//2 8228//2
f 7895//3 8227//3 8228//3 8229//3
f 7895//5 7877//5 7879//5 8227//5
f 8230//1 8231//1 8220//1 7881//1
f 7897//2 7882//2 8222//2 8232//2
f 8230//3 7897//3 8232//3 8231//3
f 8230//5 7881//5 7882//5 7897//5
f 8231//6 8232//6 8222//6 8220//6
f 7905//1 8235//1 8225//1 7893//1
f 8236//2 7895//2 8229//2 8237//2
f 7905//3 8236//3 8237//3 8235//3
f 7905//5 7893//5 7895//5 8236//5
f 8235//6 8237//6 8229//6 8225//6
f 8222//2 8221//2 8518//2 8519//2
f 8220//3 8222//3 8519//3 8520//3
f 8206//4 8517//4 8518//4 8221//4
f 8520//6 8519//6 8518//6 8517//6
f 8225//1 8523//1 8524//1 8226//1
f 8225//3 8229//3 8525//3 8523//3
f 8226//4 8524//4 8526//4 8213//4
f 8523//6 8525//6 8526//6 8524//6
f 8530//1 8531//1 8516//1 8219//1
f 8231//2 8220//2 8520//2 8532//2
f 8530//3 8231//3 8532//3 8531//3
f 8530//5 8219//5 8220//5 8231//5
f 8237//1 8535//1 8525//1 8229//1
f 8536//2 8228//2 8529//2 8537//2
f 8237//3 8536//3 8537//3 8535//3
f 8237//5 8229//5 8228//5 8536//5
