# Rook occupied-cell surface mesh
# Deep sea whale
# One cell is one unit. Y points up; Z follows the 3md slice index.
o sculpture
v -24 8 -29
v -24 8 -28
v -24 9 -28
v -24 9 -29
v -23 8 -29
v -23 9 -29
v -23 9 -28
v -23 8 -28
v 24 8 -29
v 24 8 -28
v 24 9 -28
v 24 9 -29
v 25 8 -29
v 25 9 -29
v 25 9 -28
v 25 8 -28
v -23 7 -29
v -23 7 -28
v -22 7 -29
v -22 7 -28
v -22 8 -28
v -22 8 -29
v -21 7 -29
v -21 8 -29
v -21 8 -28
v -21 7 -28
v 22 7 -29
v 22 7 -28
v 22 8 -28
v 22 8 -29
v 23 7 -29
v 23 7 -28
v 23 8 -28
v 23 8 -29
v 24 7 -29
v 24 7 -28
v -23 8 -27
v -23 9 -27
v -22 9 -27
v -22 9 -28
v -22 8 -27
v -21 9 -27
v -21 9 -28
v -21 8 -27
v -20 8 -28
v -20 9 -28
v -20 9 -27
v -20 8 -27
v 21 8 -28
v 21 8 -27
v 21 9 -27
v 21 9 -28
v 22 9 -27
v 22 9 -28
v 22 8 -27
v 23 9 -27
v 23 9 -28
v 23 8 -27
v 24 9 -27
v 24 8 -27
v -23 7 -27
v -22 7 -27
v -21 7 -27
v -20 7 -28
v -20 7 -27
v -19 8 -27
v -19 8 -28
v -19 7 -28
v -18 8 -27
v -18 8 -28
v -18 7 -28
v -17 7 -28
v -17 8 -28
v -17 8 -27
v -17 7 -27
v 18 7 -28
v 18 7 -27
v 18 8 -27
v 18 8 -28
v 19 8 -27
v 19 8 -28
v 19 7 -28
v 20 8 -27
v 20 8 -28
v 20 7 -28
v 21 7 -28
v 22 7 -27
v 21 7 -27
v 23 7 -27
v 24 7 -27
v -20 6 -28
v -20 6 -27
v -19 6 -28
v -19 6 -27
v -18 6 -28
v -18 6 -27
v -17 6 -28
v -17 6 -27
v -16 6 -28
v -16 6 -27
v -16 7 -27
v -16 7 -28
v -15 6 -28
v -15 7 -28
v -15 7 -27
v -15 6 -27
v 16 6 -28
v 16 6 -27
v 16 7 -27
v 16 7 -28
v 17 6 -28
v 17 6 -27
v 17 7 -27
v 17 7 -28
v 18 6 -28
v 18 6 -27
v 19 6 -28
v 19 6 -27
v 20 6 -28
v 20 6 -27
v 21 6 -28
v 21 6 -27
v 0 3 -28
v 0 3 -27
v 0 4 -27
v 0 4 -28
v 1 3 -28
v 1 4 -28
v 1 4 -27
v 1 3 -27
v -22 7 -26
v -22 8 -26
v -21 8 -26
v -20 8 -26
v -19 8 -26
v -20 7 -26
v -19 7 -26
v -18 8 -26
v -18 7 -26
v -17 8 -26
v -17 7 -26
v 18 7 -26
v 18 8 -26
v 19 8 -26
v 19 7 -26
v 20 8 -26
v 20 7 -26
v 21 8 -26
v 21 7 -26
v 22 8 -26
v 23 8 -26
v 23 7 -26
v -22 6 -27
v -22 6 -26
v -21 6 -27
v -21 6 -26
v -21 7 -26
v -20 6 -26
v -19 6 -26
v -18 6 -26
v -17 6 -26
v -16 7 -26
v -15 7 -26
v -14 7 -26
v -14 7 -27
v -14 6 -27
v -13 7 -26
v -13 7 -27
v -13 6 -27
v -12 7 -26
v -12 7 -27
v -12 6 -27
v -13 6 -26
v -12 6 -26
v -11 7 -26
v -11 7 -27
v -11 6 -27
v -11 6 -26
v -10 6 -27
v -10 7 -27
v -10 7 -26
v -10 6 -26
v 11 6 -27
v 11 6 -26
v 11 7 -26
v 11 7 -27
v 12 7 -26
v 12 7 -27
v 12 6 -27
v 12 6 -26
v 13 7 -26
v 13 7 -27
v 13 6 -27
v 13 6 -26
v 14 7 -26
v 14 7 -27
v 14 6 -27
v 14 6 -26
v 15 7 -26
v 15 7 -27
v 15 6 -27
v 16 7 -26
v 17 7 -26
v 19 6 -26
v 18 6 -26
v 20 6 -26
v 21 6 -26
v 22 6 -27
v 22 6 -26
v 23 6 -27
v 23 6 -26
v 22 7 -26
v -17 5 -27
v -17 5 -26
v -16 5 -27
v -16 5 -26
v -15 5 -27
v -15 5 -26
v -14 5 -27
v -14 5 -26
v -13 5 -27
v -13 5 -26
v -12 5 -27
v -12 5 -26
v -11 5 -27
v -11 5 -26
v -10 5 -27
v -10 5 -26
v -9 6 -26
v -9 6 -27
v -9 5 -27
v -8 5 -27
v -8 6 -27
v -8 6 -26
v -8 5 -26
v 9 5 -27
v 9 5 -26
v 9 6 -26
v 9 6 -27
v 10 6 -26
v 10 6 -27
v 10 5 -27
v 11 5 -27
v 12 5 -27
v 12 5 -26
v 11 5 -26
v 13 5 -27
v 13 5 -26
v 14 5 -27
v 14 5 -26
v 15 5 -27
v 15 5 -26
v 16 5 -27
v 16 5 -26
v 17 5 -27
v 17 5 -26
v 18 5 -27
v 18 5 -26
v -10 4 -27
v -10 4 -26
v -9 4 -27
v -9 4 -26
v -8 4 -27
v -8 4 -26
v -7 4 -27
v -7 4 -26
v -7 5 -26
v -7 5 -27
v -6 4 -27
v -6 5 -27
v -6 5 -26
v -6 4 -26
v -1 4 -27
v -1 4 -26
v -1 5 -26
v -1 5 -27
v 0 5 -26
v 0 5 -27
v 1 5 -26
v 1 5 -27
v 2 4 -27
v 2 5 -27
v 2 5 -26
v 2 4 -26
v 7 4 -27
v 7 4 -26
v 7 5 -26
v 7 5 -27
v 8 4 -27
v 8 4 -26
v 8 5 -26
v 8 5 -27
v 9 4 -27
v 9 4 -26
v 10 4 -27
v 10 4 -26
v 11 4 -27
v 11 4 -26
v -1 3 -27
v -1 3 -26
v 2 3 -27
v 2 3 -26
v -1 2 -27
v -1 2 -26
v 0 2 -27
v 0 2 -26
v 1 2 -27
v 2 2 -27
v 2 2 -26
v 1 2 -26
v 0 1 -27
v 0 1 -26
v 1 1 -27
v 1 1 -26
v -22 7 -25
v -22 8 -25
v -21 7 -25
v -21 8 -25
v -20 8 -25
v -20 7 -25
v 21 7 -25
v 21 8 -25
v 22 8 -25
v 22 7 -25
v 23 8 -25
v 23 7 -25
v -21 6 -25
v -20 6 -25
v -19 7 -25
v -18 7 -25
v -17 7 -25
v -16 7 -25
v -15 7 -25
v -16 6 -25
v -15 6 -25
v -14 7 -25
v -14 6 -25
v -13 7 -25
v -13 6 -25
v 14 6 -25
v 14 7 -25
v 15 7 -25
v 15 6 -25
v 16 7 -25
v 16 6 -25
v 17 7 -25
v 17 6 -25
v 18 7 -25
v 19 7 -25
v 20 7 -25
v 22 6 -25
v 21 6 -25
v -20 5 -26
v -20 5 -25
v -19 5 -26
v -19 5 -25
v -18 5 -26
v -18 5 -25
v -17 5 -25
v -16 5 -25
v -15 5 -25
v -14 5 -25
v -13 5 -25
v -12 6 -25
v -11 6 -25
v -10 6 -25
v -9 6 -25
v -10 5 -25
v -9 5 -25
v -8 6 -25
v -8 5 -25
v -7 6 -25
v -7 6 -26
v -7 5 -25
v -6 6 -26
v -6 6 -25
v -6 5 -25
v 0 5 -25
v 0 6 -25
v 0 6 -26
v 1 6 -26
v 1 6 -25
v 1 5 -25
v 7 5 -25
v 7 6 -25
v 7 6 -26
v 8 6 -25
v 8 6 -26
v 8 5 -25
v 9 6 -25
v 9 5 -25
v 10 6 -25
v 10 5 -25
v 11 6 -25
v 11 5 -25
v 12 6 -25
v 13 6 -25
v 15 5 -25
v 14 5 -25
v 16 5 -25
v 17 5 -25
v 18 5 -25
v 19 5 -26
v 19 5 -25
v 20 5 -26
v 20 5 -25
v 21 5 -26
v 21 5 -25
v -13 4 -26
v -13 4 -25
v -12 4 -26
v -12 4 -25
v -11 4 -26
v -11 4 -25
v -10 4 -25
v -9 4 -25
v -8 4 -25
v -7 4 -25
v -6 4 -25
v -5 5 -25
v -5 5 -26
v -5 4 -26
v -4 5 -25
v -4 5 -26
v -4 4 -26
v -3 5 -25
v -3 5 -26
v -3 4 -26
v -2 4 -26
v -2 5 -26
v -2 5 -25
v -2 4 -25
v -3 4 -25
v -1 4 -25
v -1 5 -25
v 2 5 -25
v 2 4 -25
v 3 4 -26
v 3 4 -25
v 3 5 -25
v 3 5 -26
v 4 5 -25
v 4 5 -26
v 4 4 -26
v 4 4 -25
v 5 5 -25
v 5 5 -26
v 5 4 -26
v 6 5 -25
v 6 5 -26
v 6 4 -26
v 8 4 -25
v 7 4 -25
v 9 4 -25
v 10 4 -25
v 11 4 -25
v 12 4 -26
v 12 4 -25
v 13 4 -26
v 13 4 -25
v 14 4 -26
v 14 4 -25
v -6 3 -26
v -6 3 -25
v -5 3 -26
v -5 3 -25
v -4 3 -26
v -4 3 -25
v -3 3 -26
v -3 3 -25
v -2 3 -26
v -2 3 -25
v 3 3 -26
v 4 3 -26
v 4 3 -25
v 3 3 -25
v 5 3 -26
v 5 3 -25
v 6 3 -26
v 6 3 -25
v 7 3 -26
v 7 3 -25
v -2 2 -26
v -2 2 -25
v -1 2 -25
v 3 2 -26
v 3 2 -25
v 2 2 -25
v -1 1 -26
v -1 1 -25
v 2 1 -26
v 2 1 -25
v -1 0 -26
v -1 0 -25
v 0 0 -26
v 0 0 -25
v 1 0 -26
v 1 0 -25
v 2 0 -26
v 2 0 -25
v -21 6 -24
v -21 7 -24
v -20 7 -24
v -20 6 -24
v -19 7 -24
v -19 6 -24
v -18 7 -24
v -18 6 -24
v -17 7 -24
v -17 6 -24
v -16 7 -24
v -16 6 -24
v 17 6 -24
v 17 7 -24
v 18 7 -24
v 18 6 -24
v 19 7 -24
v 19 6 -24
v 20 7 -24
v 20 6 -24
v 21 7 -24
v 21 6 -24
v 22 7 -24
v 22 6 -24
v -21 5 -25
v -21 5 -24
v -20 5 -24
v -19 5 -24
v -18 5 -24
v -17 5 -24
v -15 6 -24
v -14 6 -24
v -13 6 -24
v -12 6 -24
v -13 5 -24
v -12 5 -24
v -11 6 -24
v -11 5 -24
v -10 6 -24
v -10 5 -24
v 11 5 -24
v 11 6 -24
v 12 6 -24
v 12 5 -24
v 13 6 -24
v 13 5 -24
v 14 6 -24
v 14 5 -24
v 15 6 -24
v 16 6 -24
v 19 5 -24
v 18 5 -24
v 20 5 -24
v 21 5 -24
v 22 5 -25
v 22 5 -24
v -17 4 -25
v -17 4 -24
v -16 4 -25
v -16 4 -24
v -15 4 -25
v -15 4 -24
v -14 4 -25
v -14 4 -24
v -13 4 -24
v -12 4 -24
v -11 4 -24
v -10 4 -24
v -9 5 -24
v -8 5 -24
v -7 5 -24
v -6 5 -24
v -5 5 -24
v -6 4 -24
v -5 4 -24
v -4 5 -24
v -4 4 -24
v -3 5 -24
v -3 4 -24
v -1 4 -24
v -1 5 -24
v 0 5 -24
v 0 4 -24
v 1 5 -24
v 2 5 -24
v 2 4 -24
v 1 4 -24
v 4 4 -24
v 4 5 -24
v 5 5 -24
v 5 4 -24
v 6 5 -24
v 6 4 -24
v 7 5 -24
v 7 4 -24
v 8 5 -24
v 9 5 -24
v 10 5 -24
v 12 4 -24
v 11 4 -24
v 13 4 -24
v 14 4 -24
v 15 4 -25
v 15 4 -24
v 16 4 -25
v 16 4 -24
v 17 4 -25
v 17 4 -24
v 18 4 -25
v 18 4 -24
v -10 3 -25
v -10 3 -24
v -9 3 -25
v -9 3 -24
v -8 3 -25
v -8 3 -24
v -7 3 -25
v -7 3 -24
v -6 3 -24
v -5 3 -24
v -4 3 -24
v -3 3 -24
v -2 3 -24
v -2 4 -24
v -1 3 -24
v 3 4 -24
v 2 3 -24
v 3 3 -24
v 4 3 -24
v 5 3 -24
v 6 3 -24
v 7 3 -24
v 8 3 -25
v 8 3 -24
v 9 3 -25
v 9 3 -24
v 10 3 -25
v 10 3 -24
v 11 3 -25
v 11 3 -24
v -2 2 -24
v 3 2 -24
v -2 1 -25
v -2 1 -24
v 3 1 -25
v 3 1 -24
v -2 0 -25
v -2 0 -24
v 3 0 -25
v 3 0 -24
v -2 -1 -25
v -2 -1 -24
v -1 -1 -25
v -1 -1 -24
v 0 -1 -25
v 1 -1 -25
v 2 -1 -25
v 3 -1 -25
v 3 -1 -24
v 2 -1 -24
v -1 -2 -25
v -1 -2 -24
v 0 -2 -25
v 0 -2 -24
v 1 -2 -25
v 1 -2 -24
v 2 -2 -25
v 2 -2 -24
v -20 5 -23
v -20 6 -23
v -19 6 -23
v -19 5 -23
v -18 6 -23
v -17 6 -23
v -16 6 -23
v -15 6 -23
v -16 5 -23
v -15 5 -23
v -14 6 -23
v -14 5 -23
v -13 6 -23
v -13 5 -23
v 14 5 -23
v 14 6 -23
v 15 6 -23
v 15 5 -23
v 16 6 -23
v 16 5 -23
v 17 6 -23
v 17 5 -23
v 18 6 -23
v 19 6 -23
v 20 6 -23
v 21 6 -23
v 21 5 -23
v 20 5 -23
v -20 4 -24
v -20 4 -23
v -19 4 -24
v -19 4 -23
v -18 4 -24
v -18 4 -23
v -17 4 -23
v -16 4 -23
v -15 4 -23
v -14 4 -23
v -13 4 -23
v -12 5 -23
v -11 5 -23
v -10 5 -23
v -9 5 -23
v -10 4 -23
v -9 4 -23
v -8 5 -23
v -8 4 -23
v -7 5 -23
v -7 4 -23
v -6 5 -23
v -6 4 -23
v 0 4 -23
v 0 5 -23
v 1 5 -23
v 1 4 -23
v 7 4 -23
v 7 5 -23
v 8 5 -23
v 8 4 -23
v 9 5 -23
v 9 4 -23
v 10 5 -23
v 10 4 -23
v 11 5 -23
v 11 4 -23
v 12 5 -23
v 13 5 -23
v 15 4 -23
v 14 4 -23
v 16 4 -23
v 17 4 -23
v 18 4 -23
v 19 4 -24
v 19 4 -23
v 20 4 -24
v 20 4 -23
v 21 4 -24
v 21 4 -23
v -13 3 -24
v -13 3 -23
v -12 3 -24
v -12 3 -23
v -11 3 -24
v -11 3 -23
v -10 3 -23
v -9 3 -23
v -8 3 -23
v -7 3 -23
v -6 3 -23
v -5 4 -23
v -5 3 -23
v -4 4 -23
v -4 3 -23
v -1 3 -23
v -1 4 -23
v 2 4 -23
v 2 3 -23
v 5 3 -23
v 5 4 -23
v 6 3 -23
v 6 4 -23
v 7 3 -23
v 8 3 -23
v 9 3 -23
v 10 3 -23
v 11 3 -23
v 12 3 -24
v 12 3 -23
v 13 3 -24
v 13 3 -23
v 14 3 -24
v 14 3 -23
v -6 2 -24
v -6 2 -23
v -5 2 -24
v -5 2 -23
v -2 2 -23
v -2 3 -23
v 3 3 -23
v 3 2 -23
v 6 2 -24
v 6 2 -23
v 7 2 -24
v 7 2 -23
v -2 1 -23
v 3 1 -23
v -2 0 -23
v 3 0 -23
v -2 -1 -23
v 3 -1 -23
v -2 -2 -24
v -2 -2 -23
v -1 -2 -23
v 0 -2 -23
v 1 -2 -23
v 2 -2 -23
v 3 -2 -24
v 3 -2 -23
v -19 5 -22
v -19 6 -22
v -18 6 -22
v -18 5 -22
v -17 6 -22
v -17 5 -22
v -16 6 -22
v -16 5 -22
v 17 5 -22
v 17 6 -22
v 18 6 -22
v 18 5 -22
v 19 6 -22
v 19 5 -22
v 20 6 -22
v 20 5 -22
v -19 4 -22
v -18 4 -22
v -17 4 -22
v -15 5 -22
v -14 5 -22
v -13 5 -22
v -12 5 -22
v -13 4 -22
v -12 4 -22
v -11 5 -22
v -11 4 -22
v -10 5 -22
v -10 4 -22
v 11 4 -22
v 11 5 -22
v 12 5 -22
v 12 4 -22
v 13 5 -22
v 13 4 -22
v 14 5 -22
v 14 4 -22
v 15 5 -22
v 16 5 -22
v 19 4 -22
v 18 4 -22
v 20 4 -22
v -17 3 -23
v -17 3 -22
v -16 3 -23
v -16 3 -22
v -15 3 -23
v -15 3 -22
v -14 3 -23
v -14 3 -22
v -13 3 -22
v -12 3 -22
v -11 3 -22
v -10 3 -22
v -9 4 -22
v -8 4 -22
v -7 3 -22
v -8 3 -22
v -7 4 -22
v -6 4 -22
v -6 3 -22
v -1 3 -22
v -1 4 -22
v 0 4 -22
v 0 3 -22
v 1 4 -22
v 1 3 -22
v 2 4 -22
v 2 3 -22
v 7 3 -22
v 7 4 -22
v 8 3 -22
v 8 4 -22
v 9 3 -22
v 9 4 -22
v 10 4 -22
v 12 3 -22
v 11 3 -22
v 13 3 -22
v 14 3 -22
v 15 3 -23
v 15 3 -22
v 16 3 -23
v 16 3 -22
v 17 3 -23
v 17 3 -22
v 18 3 -23
v 18 3 -22
v -10 2 -23
v -10 2 -22
v -9 2 -23
v -9 2 -22
v -9 3 -22
v -8 2 -23
v -8 2 -22
v -2 2 -22
v -2 3 -22
v 3 3 -22
v 3 2 -22
v 9 2 -23
v 9 2 -22
v 10 2 -23
v 10 2 -22
v 10 3 -22
v 11 2 -23
v 11 2 -22
v -2 1 -22
v 3 1 -22
v -3 0 -23
v -3 0 -22
v -3 1 -22
v -3 1 -23
v -2 0 -22
v 4 0 -23
v 4 1 -23
v 4 1 -22
v 4 0 -22
v 3 0 -22
v -2 -1 -22
v 3 -1 -22
v -2 -2 -22
v -1 -2 -22
v 3 -2 -22
v 2 -2 -22
v -1 -3 -23
v -1 -3 -22
v 0 -3 -23
v 0 -3 -22
v 1 -3 -23
v 1 -3 -22
v 2 -3 -23
v 2 -3 -22
v -19 4 -21
v -19 5 -21
v -18 4 -21
v -18 5 -21
v -17 5 -21
v -16 5 -21
v -15 5 -21
v -16 4 -21
v -15 4 -21
v -14 5 -21
v -14 4 -21
v -13 5 -21
v -13 4 -21
v 14 4 -21
v 14 5 -21
v 15 5 -21
v 15 4 -21
v 16 5 -21
v 16 4 -21
v 17 5 -21
v 17 4 -21
v 18 5 -21
v 19 5 -21
v 20 5 -21
v 20 4 -21
v 19 4 -21
v -18 3 -22
v -18 3 -21
v -17 3 -21
v -16 3 -21
v -15 3 -21
v -14 3 -21
v -13 3 -21
v -12 4 -21
v -11 4 -21
v -10 4 -21
v -11 3 -21
v -10 3 -21
v -9 3 -21
v -9 4 -21
v -8 4 -21
v -8 3 -21
v 9 3 -21
v 9 4 -21
v 10 3 -21
v 10 4 -21
v 11 3 -21
v 11 4 -21
v 12 4 -21
v 12 3 -21
v 13 4 -21
v 15 3 -21
v 14 3 -21
v 16 3 -21
v 17 3 -21
v 18 3 -21
v 19 3 -22
v 19 3 -21
v -13 2 -22
v -13 2 -21
v -12 2 -22
v -12 2 -21
v -11 2 -22
v -11 2 -21
v -12 3 -21
v -10 2 -21
v -2 2 -21
v -2 3 -21
v -1 3 -21
v 0 3 -21
v 1 3 -21
v 2 3 -21
v 3 3 -21
v 3 2 -21
v 11 2 -21
v 12 2 -22
v 12 2 -21
v 13 2 -22
v 13 2 -21
v 13 3 -21
v 14 2 -22
v 14 2 -21
v -3 1 -21
v -3 2 -21
v -3 2 -22
v 4 2 -22
v 4 2 -21
v 4 1 -21
v -3 0 -21
v 4 0 -21
v -3 -1 -22
v -3 -1 -21
v 4 -1 -22
v 4 -1 -21
v -3 -2 -22
v -3 -2 -21
v -2 -2 -21
v 4 -2 -22
v 4 -2 -21
v 3 -2 -21
v -2 -3 -22
v -2 -3 -21
v -1 -3 -21
v 0 -3 -21
v 2 -3 -21
v 1 -3 -21
v 3 -3 -22
v 3 -3 -21
v 0 -4 -22
v 0 -4 -21
v 1 -4 -22
v 1 -4 -21
v -24 -24 -22
v -24 -24 -21
v -24 -23 -21
v -24 -23 -22
v -23 -24 -22
v -23 -24 -21
v -23 -23 -21
v -23 -23 -22
v -22 -24 -22
v -22 -24 -21
v -22 -23 -21
v -22 -23 -22
v -21 -24 -22
v -21 -24 -21
v -21 -23 -21
v -21 -23 -22
v -20 -24 -22
v -20 -23 -22
v -20 -23 -21
v -20 -24 -21
v -5 -24 -22
v -5 -24 -21
v -5 -23 -21
v -5 -23 -22
v -4 -24 -22
v -4 -24 -21
v -4 -23 -21
v -4 -23 -22
v -3 -24 -22
v -3 -24 -21
v -3 -23 -21
v -3 -23 -22
v -2 -24 -22
v -2 -24 -21
v -2 -23 -21
v -2 -23 -22
v -1 -24 -22
v -1 -24 -21
v -1 -23 -21
v -1 -23 -22
v 0 -24 -22
v 0 -24 -21
v 0 -23 -21
v 0 -23 -22
v 1 -24 -22
v 1 -24 -21
v 1 -23 -21
v 1 -23 -22
v 2 -24 -22
v 2 -24 -21
v 2 -23 -21
v 2 -23 -22
v 3 -24 -22
v 3 -24 -21
v 3 -23 -21
v 3 -23 -22
v 4 -24 -22
v 4 -24 -21
v 4 -23 -21
v 4 -23 -22
v 5 -24 -22
v 5 -23 -22
v 5 -23 -21
v 5 -24 -21
v 20 -24 -22
v 20 -24 -21
v 20 -23 -21
v 20 -23 -22
v 21 -24 -22
v 21 -24 -21
v 21 -23 -21
v 21 -23 -22
v 22 -24 -22
v 22 -24 -21
v 22 -23 -21
v 22 -23 -22
v 23 -24 -22
v 23 -24 -21
v 23 -23 -21
v 23 -23 -22
v 24 -24 -22
v 24 -23 -22
v 24 -23 -21
v 24 -24 -21
v -20 -25 -22
v -20 -25 -21
v -19 -25 -22
v -19 -25 -21
v -19 -24 -21
v -19 -24 -22
v -18 -25 -22
v -18 -24 -22
v -18 -24 -21
v -18 -25 -21
v -8 -25 -22
v -8 -25 -21
v -8 -24 -21
v -8 -24 -22
v -7 -25 -22
v -7 -25 -21
v -7 -24 -21
v -7 -24 -22
v -6 -25 -22
v -6 -25 -21
v -6 -24 -21
v -6 -24 -22
v -5 -25 -22
v -5 -25 -21
v 5 -25 -22
v 5 -25 -21
v 6 -25 -22
v 6 -25 -21
v 6 -24 -21
v 6 -24 -22
v 7 -25 -22
v 7 -25 -21
v 7 -24 -21
v 7 -24 -22
v 8 -25 -22
v 8 -24 -22
v 8 -24 -21
v 8 -25 -21
v 17 -25 -22
v 17 -25 -21
v 17 -24 -21
v 17 -24 -22
v 18 -25 -22
v 18 -25 -21
v 18 -24 -21
v 18 -24 -22
v 19 -25 -22
v 19 -25 -21
v 19 -24 -21
v 19 -24 -22
v 20 -25 -22
v 20 -25 -21
v -18 -26 -22
v -18 -26 -21
v -17 -26 -22
v -17 -26 -21
v -17 -25 -21
v -17 -25 -22
v -16 -26 -22
v -16 -26 -21
v -16 -25 -21
v -16 -25 -22
v -15 -26 -22
v -15 -26 -21
v -15 -25 -21
v -15 -25 -22
v -14 -26 -22
v -14 -26 -21
v -14 -25 -21
v -14 -25 -22
v -13 -26 -22
v -13 -26 -21
v -13 -25 -21
v -13 -25 -22
v -12 -26 -22
v -12 -26 -21
v -12 -25 -21
v -12 -25 -22
v -11 -26 -22
v -11 -26 -21
v -11 -25 -21
v -11 -25 -22
v -10 -26 -22
v -10 -26 -21
v -10 -25 -21
v -10 -25 -22
v -9 -26 -22
v -9 -26 -21
v -9 -25 -21
v -9 -25 -22
v -8 -26 -22
v -8 -26 -21
v 8 -26 -22
v 8 -26 -21
v 9 -26 -22
v 9 -26 -21
v 9 -25 -21
v 9 -25 -22
v 10 -26 -22
v 10 -26 -21
v 10 -25 -21
v 10 -25 -22
v 11 -26 -22
v 11 -26 -21
v 11 -25 -21
v 11 -25 -22
v 12 -26 -22
v 12 -26 -21
v 12 -25 -21
v 12 -25 -22
v 13 -26 -22
v 13 -26 -21
v 13 -25 -21
v 13 -25 -22
v 14 -26 -22
v 14 -26 -21
v 14 -25 -21
v 14 -25 -22
v 15 -26 -22
v 15 -26 -21
v 15 -25 -21
v 15 -25 -22
v 16 -26 -22
v 16 -26 -21
v 16 -25 -21
v 16 -25 -22
v 17 -26 -22
v 17 -26 -21
v -18 4 -20
v -18 5 -20
v -17 5 -20
v -17 4 -20
v -16 5 -20
v -16 4 -20
v 17 4 -20
v 17 5 -20
v 18 5 -20
v 18 4 -20
v 19 5 -20
v 19 4 -20
v -18 3 -20
v -17 3 -20
v -15 4 -20
v -14 4 -20
v -13 4 -20
v -12 4 -20
v -13 3 -20
v -12 3 -20
v -11 4 -20
v -11 3 -20
v 0 3 -20
v 0 4 -20
v 0 4 -21
v 1 4 -21
v 1 4 -20
v 1 3 -20
v 12 3 -20
v 12 4 -20
v 13 3 -20
v 13 4 -20
v 14 4 -20
v 14 3 -20
v 15 4 -20
v 16 4 -20
v 19 3 -20
v 18 3 -20
v -17 2 -21
v -17 2 -20
v -16 2 -21
v -16 2 -20
v -15 2 -21
v -15 2 -20
v -14 2 -21
v -14 2 -20
v -13 2 -20
v -14 3 -20
v -12 2 -20
v -2 2 -20
v -2 3 -20
v -1 3 -20
v 2 3 -20
v 3 3 -20
v 3 2 -20
v 13 2 -20
v 14 2 -20
v 15 2 -21
v 15 2 -20
v 15 3 -20
v 16 2 -21
v 16 2 -20
v 17 2 -21
v 17 2 -20
v 18 2 -21
v 18 2 -20
v -3 1 -20
v -3 2 -20
v 4 2 -20
v 4 1 -20
v -3 0 -20
v 4 0 -20
v -3 -1 -20
v 4 -1 -20
v -3 -2 -20
v 4 -2 -20
v -3 -3 -21
v -3 -3 -20
v -2 -3 -20
v 4 -3 -21
v 4 -3 -20
v 3 -3 -20
v -2 -4 -21
v -2 -4 -20
v -1 -4 -21
v -1 -4 -20
v 0 -4 -20
v 1 -4 -20
v 2 -4 -21
v 2 -4 -20
v 3 -4 -21
v 3 -4 -20
v -17 3 -19
v -17 4 -19
v -16 4 -19
v -15 4 -19
v -16 3 -19
v -15 3 -19
v -14 4 -19
v -14 3 -19
v -13 4 -19
v -13 3 -19
v -1 3 -19
v -1 4 -19
v -1 4 -20
v 0 4 -19
v 1 4 -19
v 2 4 -20
v 2 4 -19
v 2 3 -19
v 14 3 -19
v 14 4 -19
v 15 3 -19
v 15 4 -19
v 16 4 -19
v 16 3 -19
v 17 4 -19
v 17 3 -19
v 18 4 -19
v 18 3 -19
v -17 2 -19
v -16 2 -19
v -15 2 -19
v -14 2 -19
v -2 2 -19
v -2 3 -19
v 3 3 -19
v 3 2 -19
v 15 2 -19
v 16 2 -19
v 17 2 -19
v 18 2 -19
v -3 1 -19
v -3 2 -19
v 4 2 -19
v 4 1 -19
v -3 0 -19
v 4 0 -19
v -4 -1 -20
v -4 -1 -19
v -4 0 -19
v -4 0 -20
v 5 -1 -20
v 5 0 -20
v 5 0 -19
v 5 -1 -19
v -4 -2 -20
v -4 -2 -19
v -3 -2 -19
v 5 -2 -20
v 5 -2 -19
v 4 -2 -19
v -3 -3 -19
v 4 -3 -19
v -3 -4 -20
v -3 -4 -19
v -2 -4 -19
v -1 -4 -19
v 3 -4 -19
v 2 -4 -19
v 4 -4 -20
v 4 -4 -19
v -1 -5 -20
v -1 -5 -19
v 0 -5 -20
v 0 -5 -19
v 1 -5 -20
v 1 -5 -19
v 2 -5 -20
v 2 -5 -19
v -17 3 -18
v -17 4 -18
v -16 4 -18
v -16 3 -18
v -1 3 -18
v -1 4 -18
v 0 4 -18
v 1 4 -18
v 2 4 -18
v 2 3 -18
v 17 3 -18
v 17 4 -18
v 18 4 -18
v 18 3 -18
v -17 2 -18
v -16 2 -18
v -3 2 -18
v -3 3 -18
v -3 3 -19
v -2 3 -18
v 3 3 -18
v 4 3 -19
v 4 3 -18
v 4 2 -18
v 17 2 -18
v 18 2 -18
v -3 1 -18
v 4 1 -18
v -4 0 -18
v -4 1 -18
v -4 1 -19
v 5 1 -19
v 5 1 -18
v 5 0 -18
v -4 -1 -18
v 5 -1 -18
v -4 -2 -18
v 5 -2 -18
v -4 -3 -19
v -4 -3 -18
v -3 -3 -18
v 5 -3 -19
v 5 -3 -18
v 4 -3 -18
v -3 -4 -18
v -2 -4 -18
v 4 -4 -18
v 3 -4 -18
v -2 -5 -19
v -2 -5 -18
v -1 -5 -18
v 0 -5 -18
v 2 -5 -18
v 1 -5 -18
v 3 -5 -19
v 3 -5 -18
v 0 -6 -19
v 0 -6 -18
v 1 -6 -19
v 1 -6 -18
v -1 3 -17
v -1 4 -17
v 0 4 -17
v 1 4 -17
v 2 4 -17
v 2 3 -17
v -3 2 -17
v -3 3 -17
v -2 3 -17
v 3 3 -17
v 4 3 -17
v 4 2 -17
v -4 1 -17
v -4 2 -17
v -4 2 -18
v 5 2 -18
v 5 2 -17
v 5 1 -17
v -4 0 -17
v 5 0 -17
v -4 -1 -17
v 5 -1 -17
v -4 -2 -17
v 5 -2 -17
v -4 -3 -17
v 5 -3 -17
v -4 -4 -18
v -4 -4 -17
v -3 -4 -17
v 5 -4 -18
v 5 -4 -17
v 4 -4 -17
v -3 -5 -18
v -3 -5 -17
v -2 -5 -17
v 4 -5 -18
v 4 -5 -17
v 3 -5 -17
v -2 -6 -18
v -2 -6 -17
v -1 -6 -18
v -1 -6 -17
v 0 -6 -17
v 1 -6 -17
v 2 -6 -18
v 2 -6 -17
v 3 -6 -18
v 3 -6 -17
v -2 3 -16
v -2 4 -16
v -2 4 -17
v -1 4 -16
v 0 4 -16
v 1 4 -16
v 2 4 -16
v 3 4 -17
v 3 4 -16
v 3 3 -16
v -3 2 -16
v -3 3 -16
v 4 3 -16
v 4 2 -16
v -4 1 -16
v -4 2 -16
v 5 2 -16
v 5 1 -16
v -4 0 -16
v 5 0 -16
v -5 -1 -17
v -5 -1 -16
v -5 0 -16
v -5 0 -17
v 6 -1 -17
v 6 0 -17
v 6 0 -16
v 6 -1 -16
v -5 -2 -17
v -5 -2 -16
v 6 -2 -17
v 6 -2 -16
v -5 -3 -17
v -5 -3 -16
v 6 -3 -17
v 6 -3 -16
v -5 -4 -17
v -5 -4 -16
v -4 -4 -16
v 6 -4 -17
v 6 -4 -16
v 5 -4 -16
v -4 -5 -17
v -4 -5 -16
v -3 -5 -16
v 5 -5 -17
v 5 -5 -16
v 4 -5 -16
v -3 -6 -17
v -3 -6 -16
v -2 -6 -16
v 4 -6 -17
v 4 -6 -16
v 3 -6 -16
v -2 -7 -17
v -2 -7 -16
v -1 -7 -17
v -1 -7 -16
v 0 -7 -17
v 0 -7 -16
v 1 -7 -17
v 1 -7 -16
v 2 -7 -17
v 2 -7 -16
v 3 -7 -17
v 3 -7 -16
v -2 3 -15
v -2 4 -15
v -1 4 -15
v 0 4 -15
v 1 4 -15
v 2 4 -15
v 3 4 -15
v 3 3 -15
v -3 2 -15
v -3 3 -15
v 4 3 -15
v 4 2 -15
v -4 1 -15
v -4 2 -15
v 5 2 -15
v 5 1 -15
v -5 0 -15
v -5 1 -15
v -5 1 -16
v 6 1 -16
v 6 1 -15
v 6 0 -15
v -5 -1 -15
v 6 -1 -15
v -6 -2 -16
v -6 -2 -15
v -6 -1 -15
v -6 -1 -16
v 7 -2 -16
v 7 -1 -16
v 7 -1 -15
v 7 -2 -15
v -6 -3 -16
v -6 -3 -15
v 7 -3 -16
v 7 -3 -15
v -6 -4 -16
v -6 -4 -15
v -5 -4 -15
v 7 -4 -16
v 7 -4 -15
v 6 -4 -15
v -5 -5 -16
v -5 -5 -15
v 6 -5 -16
v 6 -5 -15
v -5 -6 -16
v -5 -6 -15
v -4 -6 -16
v -4 -6 -15
v 5 -6 -16
v 6 -6 -16
v 6 -6 -15
v 5 -6 -15
v -4 -7 -16
v -4 -7 -15
v -3 -7 -16
v -3 -7 -15
v -2 -7 -15
v -1 -7 -15
v 3 -7 -15
v 2 -7 -15
v 4 -7 -16
v 4 -7 -15
v 5 -7 -16
v 5 -7 -15
v -1 -8 -16
v -1 -8 -15
v 0 -8 -16
v 0 -8 -15
v 1 -8 -16
v 1 -8 -15
v 2 -8 -16
v 2 -8 -15
v -1 6 -15
v -1 6 -14
v -1 7 -14
v -1 7 -15
v 0 6 -15
v 0 6 -14
v 0 7 -14
v 0 7 -15
v 1 6 -15
v 1 6 -14
v 1 7 -14
v 1 7 -15
v 2 6 -15
v 2 7 -15
v 2 7 -14
v 2 6 -14
v -2 3 -14
v -2 4 -14
v -1 4 -14
v 0 4 -14
v 1 4 -14
v 2 4 -14
v 3 4 -14
v 3 3 -14
v -4 2 -14
v -4 3 -14
v -4 3 -15
v -3 3 -14
v 4 3 -14
v 5 3 -15
v 5 3 -14
v 5 2 -14
v -5 1 -14
v -5 2 -14
v -5 2 -15
v 6 2 -15
v 6 2 -14
v 6 1 -14
v -6 0 -15
v -6 0 -14
v -6 1 -14
v -6 1 -15
v 7 0 -15
v 7 1 -15
v 7 1 -14
v 7 0 -14
v -6 -1 -14
v 7 -1 -14
v -7 -2 -15
v -7 -2 -14
v -7 -1 -14
v -7 -1 -15
v 8 -2 -15
v 8 -1 -15
v 8 -1 -14
v 8 -2 -14
v -7 -3 -15
v -7 -3 -14
v 8 -3 -15
v 8 -3 -14
v -7 -4 -15
v -7 -4 -14
v -6 -4 -14
v 8 -4 -15
v 8 -4 -14
v 7 -4 -14
v -6 -5 -15
v -6 -5 -14
v 7 -5 -15
v 7 -5 -14
v -6 -6 -15
v -6 -6 -14
v -5 -6 -14
v 7 -6 -15
v 7 -6 -14
v 6 -6 -14
v -5 -7 -15
v -5 -7 -14
v -4 -7 -14
v -3 -7 -14
v 5 -7 -14
v 4 -7 -14
v 6 -7 -15
v 6 -7 -14
v -3 -8 -15
v -3 -8 -14
v -2 -8 -15
v -2 -8 -14
v -1 -8 -14
v 0 -8 -14
v 2 -8 -14
v 1 -8 -14
v 3 -8 -15
v 3 -8 -14
v 4 -8 -15
v 4 -8 -14
v 0 -9 -15
v 0 -9 -14
v 1 -9 -15
v 1 -9 -14
v -1 14 -14
v -1 14 -13
v -1 15 -13
v -1 15 -14
v 0 15 -13
v 0 15 -14
v 0 14 -14
v 0 14 -13
v 1 15 -13
v 1 15 -14
v 1 14 -14
v 1 14 -13
v 2 14 -14
v 2 15 -14
v 2 15 -13
v 2 14 -13
v -1 13 -14
v -1 13 -13
v 0 13 -14
v 0 13 -13
v 1 13 -14
v 1 13 -13
v 2 13 -14
v 2 13 -13
v -1 12 -14
v -1 12 -13
v 0 12 -14
v 1 12 -14
v 2 12 -14
v 2 12 -13
v -1 11 -14
v -1 11 -13
v 0 11 -14
v 1 11 -14
v 2 11 -14
v 2 11 -13
v -1 10 -14
v -1 10 -13
v 0 10 -14
v 1 10 -14
v 2 10 -14
v 2 10 -13
v -1 9 -14
v -1 9 -13
v 0 9 -14
v 1 9 -14
v 2 9 -14
v 2 9 -13
v -1 8 -14
v -1 8 -13
v 0 8 -14
v 1 8 -14
v 2 8 -14
v 2 8 -13
v -1 7 -13
v 2 7 -13
v -1 6 -13
v 0 6 -13
v 1 6 -13
v 2 6 -13
v -3 3 -13
v -3 4 -13
v -3 4 -14
v -2 4 -13
v -1 4 -13
v 0 4 -13
v 1 4 -13
v 2 4 -13
v 3 4 -13
v 4 4 -14
v 4 4 -13
v 4 3 -13
v -5 2 -13
v -5 3 -13
v -5 3 -14
v -4 3 -13
v 5 3 -13
v 6 3 -14
v 6 3 -13
v 6 2 -13
v -6 1 -13
v -6 2 -13
v -6 2 -14
v 7 2 -14
v 7 2 -13
v 7 1 -13
v -7 0 -14
v -7 0 -13
v -7 1 -13
v -7 1 -14
v 8 0 -14
v 8 1 -14
v 8 1 -13
v 8 0 -13
v -7 -1 -13
v 8 -1 -13
v -7 -2 -13
v 8 -2 -13
v -7 -3 -13
v 8 -3 -13
v -7 -4 -13
v 8 -4 -13
v -7 -5 -14
v -7 -5 -13
v 8 -5 -14
v 8 -5 -13
v -7 -6 -14
v -7 -6 -13
v -6 -6 -13
v 8 -6 -14
v 8 -6 -13
v 7 -6 -13
v -6 -7 -14
v -6 -7 -13
v -5 -7 -13
v 7 -7 -14
v 7 -7 -13
v 6 -7 -13
v -5 -8 -14
v -5 -8 -13
v -4 -8 -14
v -4 -8 -13
v -3 -8 -13
v 5 -8 -14
v 5 -8 -13
v 4 -8 -13
v 6 -8 -14
v 6 -8 -13
v -3 -9 -14
v -3 -9 -13
v -2 -9 -14
v -2 -9 -13
v -1 -9 -14
v -1 -9 -13
v 0 -9 -13
v 1 -9 -13
v 2 -9 -14
v 2 -9 -13
v 3 -9 -14
v 3 -9 -13
v 4 -9 -14
v 4 -9 -13
v -1 12 -12
v -1 13 -12
v 0 13 -12
v 0 12 -12
v 1 13 -12
v 1 12 -12
v 2 13 -12
v 2 12 -12
v -1 11 -12
v 2 11 -12
v -1 10 -12
v 2 10 -12
v -1 9 -12
v 2 9 -12
v -1 8 -12
v 2 8 -12
v -1 7 -12
v 2 7 -12
v -1 6 -12
v 0 6 -12
v 1 6 -12
v 2 6 -12
v -1 4 -12
v -1 5 -12
v -1 5 -13
v 0 5 -12
v 0 5 -13
v 1 5 -12
v 1 5 -13
v 2 5 -13
v 2 5 -12
v 2 4 -12
v -4 3 -12
v -4 4 -12
v -4 4 -13
v -3 4 -12
v -2 4 -12
v 3 4 -12
v 4 4 -12
v 5 4 -13
v 5 4 -12
v 5 3 -12
v -6 2 -12
v -6 3 -12
v -6 3 -13
v -5 3 -12
v 6 3 -12
v 7 3 -13
v 7 3 -12
v 7 2 -12
v -7 1 -12
v -7 2 -12
v -7 2 -13
v 8 2 -13
v 8 2 -12
v 8 1 -12
v -7 0 -12
v 8 0 -12
v -8 -1 -13
v -8 -1 -12
v -8 0 -12
v -8 0 -13
v 9 -1 -13
v 9 0 -13
v 9 0 -12
v 9 -1 -12
v -8 -2 -13
v -8 -2 -12
v 9 -2 -13
v 9 -2 -12
v -8 -3 -13
v -8 -3 -12
v 9 -3 -13
v 9 -3 -12
v -8 -4 -13
v -8 -4 -12
v 9 -4 -13
v 9 -4 -12
v -8 -5 -13
v -8 -5 -12
v -7 -5 -12
v 9 -5 -13
v 9 -5 -12
v 8 -5 -12
v -7 -6 -12
v 8 -6 -12
v -7 -7 -13
v -7 -7 -12
v -6 -7 -12
v 8 -7 -13
v 8 -7 -12
v 7 -7 -12
v -6 -8 -13
v -6 -8 -12
v -5 -8 -12
v -4 -8 -12
v 6 -8 -12
v 5 -8 -12
v 7 -8 -13
v 7 -8 -12
v -4 -9 -13
v -4 -9 -12
v -3 -9 -12
v -2 -9 -12
v -1 -9 -12
v 3 -9 -12
v 2 -9 -12
v 4 -9 -12
v 5 -9 -13
v 5 -9 -12
v -1 -10 -13
v -1 -10 -12
v 0 -10 -13
v 0 -10 -12
v 1 -10 -13
v 1 -10 -12
v 2 -10 -13
v 2 -10 -12
v -1 11 -11
v -1 12 -11
v 0 12 -11
v 0 11 -11
v 1 12 -11
v 1 11 -11
v 2 12 -11
v 2 11 -11
v -1 10 -11
v 2 10 -11
v -1 9 -11
v 2 9 -11
v -1 8 -11
v 2 8 -11
v -1 7 -11
v 2 7 -11
v -1 6 -11
v 0 6 -11
v 1 6 -11
v 2 6 -11
v -3 4 -11
v -3 5 -11
v -3 5 -12
v -2 5 -11
v -2 5 -12
v -1 5 -11
v 0 5 -11
v 1 5 -11
v 2 5 -11
v 3 5 -11
v 3 5 -12
v 4 5 -12
v 4 5 -11
v 4 4 -11
v -5 3 -11
v -5 4 -11
v -5 4 -12
v -4 4 -11
v 5 4 -11
v 6 4 -12
v 6 4 -11
v 6 3 -11
v -6 2 -11
v -6 3 -11
v 7 3 -11
v 7 2 -11
v -7 1 -11
v -7 2 -11
v 8 2 -11
v 8 1 -11
v -8 0 -11
v -8 1 -11
v -8 1 -12
v 9 1 -12
v 9 1 -11
v 9 0 -11
v -8 -1 -11
v 9 -1 -11
v -9 -2 -12
v -9 -2 -11
v -9 -1 -11
v -9 -1 -12
v 10 -2 -12
v 10 -1 -12
v 10 -1 -11
v 10 -2 -11
v -9 -3 -12
v -9 -3 -11
v 10 -3 -12
v 10 -3 -11
v -9 -4 -12
v -9 -4 -11
v -8 -4 -11
v 10 -4 -12
v 10 -4 -11
v 9 -4 -11
v -8 -5 -11
v 9 -5 -11
v -8 -6 -12
v -8 -6 -11
v -7 -6 -11
v 9 -6 -12
v 9 -6 -11
v 8 -6 -11
v -7 -7 -11
v -6 -7 -11
v 8 -7 -11
v 7 -7 -11
v -6 -8 -11
v -5 -8 -11
v 7 -8 -11
v 6 -8 -11
v -5 -9 -12
v -5 -9 -11
v -4 -9 -11
v -3 -9 -11
v 5 -9 -11
v 4 -9 -11
v 6 -9 -12
v 6 -9 -11
v -3 -10 -12
v -3 -10 -11
v -2 -10 -12
v -2 -10 -11
v -1 -10 -11
v 0 -10 -11
v 1 -10 -11
v 2 -10 -11
v 3 -10 -12
v 3 -10 -11
v 4 -10 -12
v 4 -10 -11
v -1 10 -10
v -1 11 -10
v 0 11 -10
v 0 10 -10
v 1 11 -10
v 1 10 -10
v 2 11 -10
v 2 10 -10
v -1 9 -10
v 0 9 -10
v 1 9 -10
v 2 9 -10
v -1 8 -10
v 2 8 -10
v -1 7 -10
v 2 7 -10
v -1 6 -10
v 0 6 -10
v 2 6 -10
v 1 6 -10
v 0 5 -10
v 1 5 -10
v -4 4 -10
v -4 5 -10
v -4 5 -11
v -3 5 -10
v -2 5 -10
v -1 5 -10
v 2 5 -10
v 3 5 -10
v 4 5 -10
v 5 5 -11
v 5 5 -10
v 5 4 -10
v -6 3 -10
v -6 4 -10
v -6 4 -11
v -5 4 -10
v 6 4 -10
v 7 4 -11
v 7 4 -10
v 7 3 -10
v -7 2 -10
v -7 3 -10
v -7 3 -11
v 8 3 -11
v 8 3 -10
v 8 2 -10
v -8 1 -10
v -8 2 -10
v -8 2 -11
v 9 2 -11
v 9 2 -10
v 9 1 -10
v -8 0 -10
v 9 0 -10
v -9 -1 -10
v -9 0 -10
v -9 0 -11
v 10 0 -11
v 10 0 -10
v 10 -1 -10
v -9 -2 -10
v 10 -2 -10
v -9 -3 -10
v 10 -3 -10
v -9 -4 -10
v 10 -4 -10
v -9 -5 -11
v -9 -5 -10
v -8 -5 -10
v 10 -5 -11
v 10 -5 -10
v 9 -5 -10
v -8 -6 -10
v 9 -6 -10
v -8 -7 -11
v -8 -7 -10
v -7 -7 -10
v 9 -7 -11
v 9 -7 -10
v 8 -7 -10
v -7 -8 -11
v -7 -8 -10
v -6 -8 -10
v 8 -8 -11
v 8 -8 -10
v 7 -8 -10
v -6 -9 -11
v -6 -9 -10
v -5 -9 -10
v -4 -9 -10
v 6 -9 -10
v 5 -9 -10
v 7 -9 -11
v 7 -9 -10
v -4 -10 -11
v -4 -10 -10
v -3 -10 -10
v -2 -10 -10
v -1 -10 -10
v 0 -10 -10
v 2 -10 -10
v 1 -10 -10
v 3 -10 -10
v 4 -10 -10
v 5 -10 -11
v 5 -10 -10
v 0 -11 -11
v 0 -11 -10
v 1 -11 -11
v 1 -11 -10
v -1 8 -9
v -1 9 -9
v 0 9 -9
v 0 8 -9
v 1 9 -9
v 1 8 -9
v 2 9 -9
v 2 8 -9
v -1 7 -9
v 2 7 -9
v -1 6 -9
v 2 6 -9
v -2 5 -9
v -2 6 -9
v -2 6 -10
v 3 6 -10
v 3 6 -9
v 3 5 -9
v -5 4 -9
v -5 5 -9
v -5 5 -10
v -4 5 -9
v -3 5 -9
v 4 5 -9
v 5 5 -9
v 6 5 -10
v 6 5 -9
v 6 4 -9
v -6 3 -9
v -6 4 -9
v 7 4 -9
v 7 3 -9
v -8 2 -9
v -8 3 -9
v -8 3 -10
v -7 3 -9
v 8 3 -9
v 9 3 -10
v 9 3 -9
v 9 2 -9
v -8 1 -9
v 9 1 -9
v -9 0 -9
v -9 1 -9
v -9 1 -10
v 10 1 -10
v 10 1 -9
v 10 0 -9
v -9 -1 -9
v 10 -1 -9
v -9 -2 -9
v 10 -2 -9
v -10 -3 -10
v -10 -3 -9
v -10 -2 -9
v -10 -2 -10
v -9 -3 -9
v 11 -3 -10
v 11 -2 -10
v 11 -2 -9
v 11 -3 -9
v 10 -3 -9
v -9 -4 -9
v 10 -4 -9
v -9 -5 -9
v 10 -5 -9
v -9 -6 -10
v -9 -6 -9
v -8 -6 -9
v 10 -6 -10
v 10 -6 -9
v 9 -6 -9
v -8 -7 -9
v 9 -7 -9
v -8 -8 -10
v -8 -8 -9
v -7 -8 -9
v -6 -8 -9
v 8 -8 -9
v 7 -8 -9
v 9 -8 -10
v 9 -8 -9
v -6 -9 -9
v -5 -9 -9
v 7 -9 -9
v 6 -9 -9
v -5 -10 -10
v -5 -10 -9
v -4 -10 -9
v -3 -10 -9
v -2 -10 -9
v 4 -10 -9
v 3 -10 -9
v 5 -10 -9
v 6 -10 -10
v 6 -10 -9
v -2 -11 -10
v -2 -11 -9
v -1 -11 -10
v -1 -11 -9
v 0 -11 -9
v 1 -11 -9
v 2 -11 -10
v 2 -11 -9
v 3 -11 -10
v 3 -11 -9
v -24 -24 -10
v -24 -24 -9
v -24 -23 -9
v -24 -23 -10
v -23 -24 -10
v -23 -24 -9
v -23 -23 -9
v -23 -23 -10
v -22 -24 -10
v -22 -24 -9
v -22 -23 -9
v -22 -23 -10
v -21 -24 -10
v -21 -24 -9
v -21 -23 -9
v -21 -23 -10
v -20 -24 -10
v -20 -23 -10
v -20 -23 -9
v -20 -24 -9
v -5 -24 -10
v -5 -24 -9
v -5 -23 -9
v -5 -23 -10
v -4 -24 -10
v -4 -24 -9
v -4 -23 -9
v -4 -23 -10
v -3 -24 -10
v -3 -24 -9
v -3 -23 -9
v -3 -23 -10
v -2 -24 -10
v -2 -24 -9
v -2 -23 -9
v -2 -23 -10
v -1 -24 -10
v -1 -24 -9
v -1 -23 -9
v -1 -23 -10
v 0 -24 -10
v 0 -24 -9
v 0 -23 -9
v 0 -23 -10
v 1 -24 -10
v 1 -24 -9
v 1 -23 -9
v 1 -23 -10
v 2 -24 -10
v 2 -24 -9
v 2 -23 -9
v 2 -23 -10
v 3 -24 -10
v 3 -24 -9
v 3 -23 -9
v 3 -23 -10
v 4 -24 -10
v 4 -24 -9
v 4 -23 -9
v 4 -23 -10
v 5 -24 -10
v 5 -23 -10
v 5 -23 -9
v 5 -24 -9
v 20 -24 -10
v 20 -24 -9
v 20 -23 -9
v 20 -23 -10
v 21 -24 -10
v 21 -24 -9
v 21 -23 -9
v 21 -23 -10
v 22 -24 -10
v 22 -24 -9
v 22 -23 -9
v 22 -23 -10
v 23 -24 -10
v 23 -24 -9
v 23 -23 -9
v 23 -23 -10
v 24 -24 -10
v 24 -23 -10
v 24 -23 -9
v 24 -24 -9
v -20 -25 -10
v -20 -25 -9
v -19 -25 -10
v -19 -25 -9
v -19 -24 -9
v -19 -24 -10
v -18 -25 -10
v -18 -24 -10
v -18 -24 -9
v -18 -25 -9
v -8 -25 -10
v -8 -25 -9
v -8 -24 -9
v -8 -24 -10
v -7 -25 -10
v -7 -25 -9
v -7 -24 -9
v -7 -24 -10
v -6 -25 -10
v -6 -25 -9
v -6 -24 -9
v -6 -24 -10
v -5 -25 -10
v -5 -25 -9
v 5 -25 -10
v 5 -25 -9
v 6 -25 -10
v 6 -25 -9
v 6 -24 -9
v 6 -24 -10
v 7 -25 -10
v 7 -25 -9
v 7 -24 -9
v 7 -24 -10
v 8 -25 -10
v 8 -24 -10
v 8 -24 -9
v 8 -25 -9
v 17 -25 -10
v 17 -25 -9
v 17 -24 -9
v 17 -24 -10
v 18 -25 -10
v 18 -25 -9
v 18 -24 -9
v 18 -24 -10
v 19 -25 -10
v 19 -25 -9
v 19 -24 -9
v 19 -24 -10
v 20 -25 -10
v 20 -25 -9
v -18 -26 -10
v -18 -26 -9
v -17 -26 -10
v -17 -26 -9
v -17 -25 -9
v -17 -25 -10
v -16 -26 -10
v -16 -26 -9
v -16 -25 -9
v -16 -25 -10
v -15 -26 -10
v -15 -26 -9
v -15 -25 -9
v -15 -25 -10
v -14 -26 -10
v -14 -26 -9
v -14 -25 -9
v -14 -25 -10
v -13 -26 -10
v -13 -26 -9
v -13 -25 -9
v -13 -25 -10
v -12 -26 -10
v -12 -26 -9
v -12 -25 -9
v -12 -25 -10
v -11 -26 -10
v -11 -26 -9
v -11 -25 -9
v -11 -25 -10
v -10 -26 -10
v -10 -26 -9
v -10 -25 -9
v -10 -25 -10
v -9 -26 -10
v -9 -26 -9
v -9 -25 -9
v -9 -25 -10
v -8 -26 -10
v -8 -26 -9
v 8 -26 -10
v 8 -26 -9
v 9 -26 -10
v 9 -26 -9
v 9 -25 -9
v 9 -25 -10
v 10 -26 -10
v 10 -26 -9
v 10 -25 -9
v 10 -25 -10
v 11 -26 -10
v 11 -26 -9
v 11 -25 -9
v 11 -25 -10
v 12 -26 -10
v 12 -26 -9
v 12 -25 -9
v 12 -25 -10
v 13 -26 -10
v 13 -26 -9
v 13 -25 -9
v 13 -25 -10
v 14 -26 -10
v 14 -26 -9
v 14 -25 -9
v 14 -25 -10
v 15 -26 -10
v 15 -26 -9
v 15 -25 -9
v 15 -25 -10
v 16 -26 -10
v 16 -26 -9
v 16 -25 -9
v 16 -25 -10
v 17 -26 -10
v 17 -26 -9
v -1 7 -8
v -1 8 -8
v 0 8 -8
v 0 7 -8
v 1 8 -8
v 1 7 -8
v 2 8 -8
v 2 7 -8
v -1 6 -8
v 2 6 -8
v -3 5 -8
v -3 6 -8
v -3 6 -9
v -2 6 -8
v 3 6 -8
v 4 6 -9
v 4 6 -8
v 4 5 -8
v -6 4 -8
v -6 5 -8
v -6 5 -9
v -5 5 -8
v -4 5 -8
v 5 5 -8
v 6 5 -8
v 7 5 -9
v 7 5 -8
v 7 4 -8
v -7 3 -8
v -7 4 -8
v -7 4 -9
v 8 4 -9
v 8 4 -8
v 8 3 -8
v -8 2 -8
v -8 3 -8
v 9 3 -8
v 9 2 -8
v -9 1 -8
v -9 2 -8
v -9 2 -9
v 10 2 -9
v 10 2 -8
v 10 1 -8
v -9 0 -8
v 10 0 -8
v -10 -1 -9
v -10 -1 -8
v -10 0 -8
v -10 0 -9
v 11 -1 -9
v 11 0 -9
v 11 0 -8
v 11 -1 -8
v -10 -2 -8
v 11 -2 -8
v -10 -3 -8
v 11 -3 -8
v -10 -4 -9
v -10 -4 -8
v 11 -4 -9
v 11 -4 -8
v -10 -5 -9
v -10 -5 -8
v -9 -5 -8
v 11 -5 -9
v 11 -5 -8
v 10 -5 -8
v -9 -6 -8
v 10 -6 -8
v -9 -7 -9
v -9 -7 -8
v -8 -7 -8
v 10 -7 -9
v 10 -7 -8
v 9 -7 -8
v -8 -8 -8
v -7 -8 -8
v 9 -8 -8
v 8 -8 -8
v -7 -9 -9
v -7 -9 -8
v -6 -9 -8
v 8 -9 -9
v 8 -9 -8
v 7 -9 -8
v -6 -10 -9
v -6 -10 -8
v -5 -10 -8
v -4 -10 -8
v -3 -10 -8
v 5 -10 -8
v 4 -10 -8
v 6 -10 -8
v 7 -10 -9
v 7 -10 -8
v -3 -11 -9
v -3 -11 -8
v -2 -11 -8
v -1 -11 -8
v 0 -11 -8
v 1 -11 -8
v 2 -11 -8
v 3 -11 -8
v 4 -11 -9
v 4 -11 -8
v -1 6 -7
v -1 7 -7
v 0 7 -7
v 1 7 -7
v 2 7 -7
v 2 6 -7
v -4 5 -7
v -4 6 -7
v -4 6 -8
v -3 6 -7
v -2 6 -7
v 3 6 -7
v 4 6 -7
v 5 6 -8
v 5 6 -7
v 5 5 -7
v -6 4 -7
v -6 5 -7
v -5 5 -7
v 6 5 -7
v 7 5 -7
v 7 4 -7
v -7 3 -7
v -7 4 -7
v 8 4 -7
v 8 3 -7
v -8 2 -7
v -8 3 -7
v 9 3 -7
v 9 2 -7
v -9 1 -7
v -9 2 -7
v 10 2 -7
v 10 1 -7
v -10 0 -7
v -10 1 -7
v -10 1 -8
v 11 1 -8
v 11 1 -7
v 11 0 -7
v -10 -1 -7
v 11 -1 -7
v -10 -2 -7
v 11 -2 -7
v -10 -3 -7
v 11 -3 -7
v -10 -4 -7
v 11 -4 -7
v -10 -5 -7
v 11 -5 -7
v -10 -6 -8
v -10 -6 -7
v -9 -6 -7
v 11 -6 -8
v 11 -6 -7
v 10 -6 -7
v -9 -7 -7
v -8 -7 -7
v 10 -7 -7
v 9 -7 -7
v -8 -8 -7
v -7 -8 -7
v 9 -8 -7
v 8 -8 -7
v -7 -9 -7
v -6 -9 -7
v 8 -9 -7
v 7 -9 -7
v -6 -10 -7
v -5 -10 -7
v -4 -10 -7
v 6 -10 -7
v 5 -10 -7
v 7 -10 -7
v -4 -11 -8
v -4 -11 -7
v -3 -11 -7
v -2 -11 -7
v -1 -11 -7
v 0 -11 -7
v 1 -11 -7
v 2 -11 -7
v 3 -11 -7
v 4 -11 -7
v 5 -11 -8
v 5 -11 -7
v -2 6 -6
v -2 7 -6
v -2 7 -7
v -1 7 -6
v 0 7 -6
v 1 7 -6
v 2 7 -6
v 3 7 -7
v 3 7 -6
v 3 6 -6
v -5 5 -6
v -5 6 -6
v -5 6 -7
v -4 6 -6
v -3 6 -6
v 4 6 -6
v 5 6 -6
v 6 6 -7
v 6 6 -6
v 6 5 -6
v -7 4 -6
v -7 5 -6
v -7 5 -7
v -6 5 -6
v 7 5 -6
v 8 5 -7
v 8 5 -6
v 8 4 -6
v -8 3 -6
v -8 4 -6
v -8 4 -7
v 9 4 -7
v 9 4 -6
v 9 3 -6
v -9 2 -6
v -9 3 -6
v -9 3 -7
v 10 3 -7
v 10 3 -6
v 10 2 -6
v -9 1 -6
v 10 1 -6
v -10 0 -6
v -10 1 -6
v 11 1 -6
v 11 0 -6
v -10 -1 -6
v 11 -1 -6
v -10 -2 -6
v 11 -2 -6
v -10 -3 -6
v 11 -3 -6
v -10 -4 -6
v 11 -4 -6
v -10 -5 -6
v 11 -5 -6
v -10 -6 -6
v -9 -6 -6
v 11 -6 -6
v 10 -6 -6
v -9 -7 -6
v 10 -7 -6
v -9 -8 -7
v -9 -8 -6
v -8 -8 -6
v 10 -8 -7
v 10 -8 -6
v 9 -8 -6
v -8 -9 -7
v -8 -9 -6
v -7 -9 -6
v 9 -9 -7
v 9 -9 -6
v 8 -9 -6
v -7 -10 -7
v -7 -10 -6
v -6 -10 -6
v -5 -10 -6
v 7 -10 -6
v 6 -10 -6
v 8 -10 -7
v 8 -10 -6
v -5 -11 -7
v -5 -11 -6
v -4 -11 -6
v -3 -11 -6
v -2 -11 -6
v 4 -11 -6
v 3 -11 -6
v 5 -11 -6
v 6 -11 -7
v 6 -11 -6
v -2 -12 -7
v -2 -12 -6
v -1 -12 -7
v -1 -12 -6
v 0 -12 -7
v 0 -12 -6
v 1 -12 -7
v 1 -12 -6
v 2 -12 -7
v 2 -12 -6
v 3 -12 -7
v 3 -12 -6
v -3 6 -5
v -3 7 -5
v -3 7 -6
v -2 7 -5
v -1 7 -5
v 0 7 -5
v 1 7 -5
v 2 7 -5
v 3 7 -5
v 4 7 -6
v 4 7 -5
v 4 6 -5
v -5 5 -5
v -5 6 -5
v -4 6 -5
v 5 6 -5
v 6 6 -5
v 6 5 -5
v -7 4 -5
v -7 5 -5
v -6 5 -5
v 7 5 -5
v 8 5 -5
v 8 4 -5
v -8 3 -5
v -8 4 -5
v 9 4 -5
v 9 3 -5
v -9 2 -5
v -9 3 -5
v 10 3 -5
v 10 2 -5
v -10 1 -5
v -10 2 -5
v -10 2 -6
v 11 2 -6
v 11 2 -5
v 11 1 -5
v -10 0 -5
v 11 0 -5
v -10 -1 -5
v 11 -1 -5
v -11 -2 -6
v -11 -2 -5
v -11 -1 -5
v -11 -1 -6
v 12 -2 -6
v 12 -1 -6
v 12 -1 -5
v 12 -2 -5
v -11 -3 -6
v -11 -3 -5
v 12 -3 -6
v 12 -3 -5
v -11 -4 -6
v -11 -4 -5
v -10 -4 -5
v 12 -4 -6
v 12 -4 -5
v 11 -4 -5
v -10 -5 -5
v 11 -5 -5
v -10 -6 -5
v 11 -6 -5
v -10 -7 -6
v -10 -7 -5
v -9 -7 -5
v 11 -7 -6
v 11 -7 -5
v 10 -7 -5
v -9 -8 -5
v -8 -8 -5
v 10 -8 -5
v 9 -8 -5
v -8 -9 -5
v -7 -9 -5
v 9 -9 -5
v 8 -9 -5
v -7 -10 -5
v -6 -10 -5
v -5 -10 -5
v 7 -10 -5
v 6 -10 -5
v 8 -10 -5
v -5 -11 -5
v -4 -11 -5
v -3 -11 -5
v 5 -11 -5
v 4 -11 -5
v 6 -11 -5
v -3 -12 -6
v -3 -12 -5
v -2 -12 -5
v -1 -12 -5
v 0 -12 -5
v 1 -12 -5
v 2 -12 -5
v 3 -12 -5
v 4 -12 -6
v 4 -12 -5
v -3 6 -4
v -3 7 -4
v -2 7 -4
v -1 7 -4
v 0 7 -4
v 1 7 -4
v 2 7 -4
v 3 7 -4
v 4 7 -4
v 4 6 -4
v -6 5 -4
v -6 6 -4
v -6 6 -5
v -5 6 -4
v -4 6 -4
v 5 6 -4
v 6 6 -4
v 7 6 -5
v 7 6 -4
v 7 5 -4
v -7 4 -4
v -7 5 -4
v 8 5 -4
v 8 4 -4
v -8 3 -4
v -8 4 -4
v 9 4 -4
v 9 3 -4
v -9 2 -4
v -9 3 -4
v 10 3 -4
v 10 2 -4
v -10 1 -4
v -10 2 -4
v 11 2 -4
v 11 1 -4
v -10 0 -4
v 11 0 -4
v -11 -1 -4
v -11 0 -4
v -11 0 -5
v 12 0 -5
v 12 0 -4
v 12 -1 -4
v -11 -2 -4
v 12 -2 -4
v -11 -3 -4
v 12 -3 -4
v -11 -4 -4
v 12 -4 -4
v -11 -5 -5
v -11 -5 -4
v -10 -5 -4
v 12 -5 -5
v 12 -5 -4
v 11 -5 -4
v -10 -6 -4
v 11 -6 -4
v -10 -7 -4
v -9 -7 -4
v 11 -7 -4
v 10 -7 -4
v -9 -8 -4
v -8 -8 -4
v 10 -8 -4
v 9 -8 -4
v -8 -9 -4
v -7 -9 -4
v 9 -9 -4
v 8 -9 -4
v -7 -10 -4
v -6 -10 -4
v 8 -10 -4
v 7 -10 -4
v -6 -11 -5
v -6 -11 -4
v -5 -11 -4
v -4 -11 -4
v -3 -11 -4
v 5 -11 -4
v 4 -11 -4
v 6 -11 -4
v 7 -11 -5
v 7 -11 -4
v -3 -12 -4
v -2 -12 -4
v -1 -12 -4
v 0 -12 -4
v 1 -12 -4
v 2 -12 -4
v 3 -12 -4
v 4 -12 -4
v -4 6 -3
v -4 7 -3
v -4 7 -4
v -3 7 -3
v -2 7 -3
v -1 7 -3
v 0 7 -3
v 1 7 -3
v 2 7 -3
v 3 7 -3
v 4 7 -3
v 5 7 -4
v 5 7 -3
v 5 6 -3
v -6 5 -3
v -6 6 -3
v -5 6 -3
v 6 6 -3
v 7 6 -3
v 7 5 -3
v -8 4 -3
v -8 5 -3
v -8 5 -4
v -7 5 -3
v 8 5 -3
v 9 5 -4
v 9 5 -3
v 9 4 -3
v -9 3 -3
v -9 4 -3
v -9 4 -4
v 10 4 -4
v 10 4 -3
v 10 3 -3
v -9 2 -3
v 10 2 -3
v -10 1 -3
v -10 2 -3
v 11 2 -3
v 11 1 -3
v -11 0 -3
v -11 1 -3
v -11 1 -4
v 12 1 -4
v 12 1 -3
v 12 0 -3
v -11 -1 -3
v 12 -1 -3
v -11 -2 -3
v 12 -2 -3
v -11 -3 -3
v 12 -3 -3
v -11 -4 -3
v 12 -4 -3
v -11 -5 -3
v 12 -5 -3
v -11 -6 -4
v -11 -6 -3
v -10 -6 -3
v 12 -6 -4
v 12 -6 -3
v 11 -6 -3
v -10 -7 -3
v -9 -7 -3
v 11 -7 -3
v 10 -7 -3
v -9 -8 -3
v 10 -8 -3
v -9 -9 -4
v -9 -9 -3
v -8 -9 -3
v 10 -9 -4
v 10 -9 -3
v 9 -9 -3
v -8 -10 -4
v -8 -10 -3
v -7 -10 -3
v -6 -10 -3
v 8 -10 -3
v 7 -10 -3
v 9 -10 -4
v 9 -10 -3
v -6 -11 -3
v -5 -11 -3
v -4 -11 -3
v 6 -11 -3
v 5 -11 -3
v 7 -11 -3
v -29 -12 -4
v -29 -12 -3
v -29 -11 -3
v -29 -11 -4
v -28 -12 -4
v -28 -11 -4
v -28 -11 -3
v -28 -12 -3
v -4 -12 -4
v -4 -12 -3
v -3 -12 -3
v -2 -12 -3
v -1 -12 -3
v 0 -12 -3
v 1 -12 -3
v 2 -12 -3
v 3 -12 -3
v 4 -12 -3
v 5 -12 -4
v 5 -12 -3
v 29 -12 -4
v 29 -12 -3
v 29 -11 -3
v 29 -11 -4
v 30 -12 -4
v 30 -11 -4
v 30 -11 -3
v 30 -12 -3
v -4 6 -2
v -4 7 -2
v -3 7 -2
v -2 7 -2
v -1 7 -2
v 0 7 -2
v 1 7 -2
v 2 7 -2
v 3 7 -2
v 4 7 -2
v 5 7 -2
v 5 6 -2
v -6 5 -2
v -6 6 -2
v -5 6 -2
v 6 6 -2
v 7 6 -2
v 7 5 -2
v -8 4 -2
v -8 5 -2
v -7 5 -2
v 8 5 -2
v 9 5 -2
v 9 4 -2
v -9 3 -2
v -9 4 -2
v 10 4 -2
v 10 3 -2
v -10 2 -2
v -10 3 -2
v -10 3 -3
v 11 3 -3
v 11 3 -2
v 11 2 -2
v -10 1 -2
v 11 1 -2
v -11 0 -2
v -11 1 -2
v 12 1 -2
v 12 0 -2
v -11 -1 -2
v 12 -1 -2
v -11 -2 -2
v 12 -2 -2
v -11 -3 -2
v 12 -3 -2
v -11 -4 -2
v 12 -4 -2
v -11 -5 -2
v 12 -5 -2
v -11 -6 -2
v -10 -6 -2
v 12 -6 -2
v 11 -6 -2
v -10 -7 -2
v 11 -7 -2
v -10 -8 -3
v -10 -8 -2
v -9 -8 -2
v 11 -8 -3
v 11 -8 -2
v 10 -8 -2
v -9 -9 -2
v -8 -9 -2
v 10 -9 -2
v 9 -9 -2
v -8 -10 -2
v -7 -10 -2
v -6 -10 -2
v 8 -10 -2
v 7 -10 -2
v 9 -10 -2
v -28 -11 -2
v -28 -10 -2
v -28 -10 -3
v -27 -11 -3
v -27 -10 -3
v -27 -10 -2
v -27 -11 -2
v -6 -11 -2
v -5 -11 -2
v -4 -11 -2
v 6 -11 -2
v 5 -11 -2
v 7 -11 -2
v 28 -11 -3
v 28 -11 -2
v 28 -10 -2
v 28 -10 -3
v 29 -10 -3
v 29 -10 -2
v 29 -11 -2
v -28 -12 -2
v -27 -12 -3
v -27 -12 -2
v -26 -12 -3
v -26 -11 -3
v -26 -11 -2
v -26 -12 -2
v -4 -12 -2
v -3 -12 -2
v -2 -12 -2
v -1 -12 -2
v 0 -12 -2
v 1 -12 -2
v 2 -12 -2
v 3 -12 -2
v 4 -12 -2
v 5 -12 -2
v 27 -12 -3
v 27 -12 -2
v 27 -11 -2
v 27 -11 -3
v 28 -12 -3
v 28 -12 -2
v 29 -12 -2
v -4 6 -1
v -4 7 -1
v -3 7 -1
v -2 7 -1
v -1 7 -1
v 0 7 -1
v 1 7 -1
v 2 7 -1
v 3 7 -1
v 4 7 -1
v 5 7 -1
v 5 6 -1
v -6 5 -1
v -6 6 -1
v -5 6 -1
v 6 6 -1
v 7 6 -1
v 7 5 -1
v -8 4 -1
v -8 5 -1
v -7 5 -1
v 8 5 -1
v 9 5 -1
v 9 4 -1
v -9 3 -1
v -9 4 -1
v 10 4 -1
v 10 3 -1
v -10 2 -1
v -10 3 -1
v 11 3 -1
v 11 2 -1
v -10 1 -1
v 11 1 -1
v -11 0 -1
v -11 1 -1
v 12 1 -1
v 12 0 -1
v -11 -1 -1
v 12 -1 -1
v -11 -2 -1
v 12 -2 -1
v -11 -3 -1
v 12 -3 -1
v -11 -4 -1
v 12 -4 -1
v -11 -5 -1
v 12 -5 -1
v -11 -6 -1
v -10 -6 -1
v 12 -6 -1
v 11 -6 -1
v -10 -7 -1
v 11 -7 -1
v -10 -8 -1
v -9 -8 -1
v 11 -8 -1
v 10 -8 -1
v -9 -9 -1
v -8 -9 -1
v 10 -9 -1
v 9 -9 -1
v -26 -10 -2
v -26 -10 -1
v -26 -9 -1
v -26 -9 -2
v -25 -10 -2
v -25 -9 -2
v -25 -9 -1
v -25 -10 -1
v -8 -10 -1
v -7 -10 -1
v -6 -10 -1
v 8 -10 -1
v 7 -10 -1
v 9 -10 -1
v 26 -10 -2
v 26 -10 -1
v 26 -9 -1
v 26 -9 -2
v 27 -10 -2
v 27 -9 -2
v 27 -9 -1
v 27 -10 -1
v -28 -11 -1
v -28 -10 -1
v -27 -11 -1
v -27 -10 -1
v -25 -11 -2
v -25 -11 -1
v -26 -11 -1
v -6 -11 -1
v -5 -11 -1
v -4 -11 -1
v 6 -11 -1
v 5 -11 -1
v 7 -11 -1
v 26 -11 -2
v 26 -11 -1
v 27 -11 -1
v 28 -10 -1
v 29 -10 -1
v 29 -11 -1
v 28 -11 -1
v -27 -12 -1
v -26 -12 -1
v -4 -12 -1
v -3 -12 -1
v -2 -12 -1
v -1 -12 -1
v 0 -12 -1
v 1 -12 -1
v 2 -12 -1
v 3 -12 -1
v 4 -12 -1
v 5 -12 -1
v 27 -12 -1
v 28 -12 -1
v -5 6 0
v -5 7 0
v -5 7 -1
v -4 7 0
v -3 7 0
v -2 7 0
v -1 7 0
v 0 7 0
v 1 7 0
v 2 7 0
v 3 7 0
v 4 7 0
v 5 7 0
v 6 7 -1
v 6 7 0
v 6 6 0
v -7 5 0
v -7 6 0
v -7 6 -1
v -6 6 0
v 7 6 0
v 8 6 -1
v 8 6 0
v 8 5 0
v -8 4 0
v -8 5 0
v 9 5 0
v 9 4 0
v -9 3 0
v -9 4 0
v 10 4 0
v 10 3 0
v -10 2 0
v -10 3 0
v 11 3 0
v 11 2 0
v -10 1 0
v 11 1 0
v -11 0 0
v -11 1 0
v 12 1 0
v 12 0 0
v -11 -1 0
v 12 -1 0
v -11 -2 0
v 12 -2 0
v -11 -3 0
v 12 -3 0
v -11 -4 0
v 12 -4 0
v -11 -5 0
v 12 -5 0
v -11 -6 0
v -10 -6 0
v 12 -6 0
v 11 -6 0
v -10 -7 0
v 11 -7 0
v -10 -8 0
v -9 -8 0
v 11 -8 0
v 10 -8 0
v -24 -9 -1
v -24 -9 0
v -24 -8 0
v -24 -8 -1
v -23 -9 -1
v -23 -8 -1
v -23 -8 0
v -23 -9 0
v -9 -9 0
v -8 -9 0
v 10 -9 0
v 9 -9 0
v 24 -9 -1
v 24 -9 0
v 24 -8 0
v 24 -8 -1
v 25 -9 -1
v 25 -8 -1
v 25 -8 0
v 25 -9 0
v -26 -10 0
v -26 -9 0
v -25 -9 0
v -24 -10 -1
v -23 -10 -1
v -23 -10 0
v -24 -10 0
v -8 -10 0
v -7 -10 0
v 9 -10 0
v 8 -10 0
v 24 -10 -1
v 24 -10 0
v 25 -10 -1
v 25 -10 0
v 26 -9 0
v 27 -9 0
v 27 -10 0
v -27 -11 0
v -27 -10 0
v -25 -11 0
v -26 -11 0
v -24 -11 -1
v -24 -11 0
v -7 -11 -1
v -7 -11 0
v -6 -11 0
v -5 -11 0
v 7 -11 0
v 6 -11 0
v 8 -11 -1
v 8 -11 0
v 25 -11 -1
v 25 -11 0
v 26 -11 0
v 27 -11 0
v 28 -10 0
v 28 -11 0
v -27 -12 0
v -26 -12 0
v -5 -12 -1
v -5 -12 0
v -4 -12 0
v -3 -12 0
v -2 -12 0
v -1 -12 0
v 0 -12 0
v 1 -12 0
v 2 -12 0
v 3 -12 0
v 4 -12 0
v 5 -12 0
v 6 -12 -1
v 6 -12 0
v 27 -12 0
v 28 -12 0
v -5 6 1
v -5 7 1
v -4 7 1
v -3 7 1
v -2 7 1
v -1 7 1
v 0 7 1
v 1 7 1
v 2 7 1
v 3 7 1
v 4 7 1
v 5 7 1
v 6 7 1
v 6 6 1
v -7 5 1
v -7 6 1
v -6 6 1
v 7 6 1
v 8 6 1
v 8 5 1
v -8 4 1
v -8 5 1
v 9 5 1
v 9 4 1
v -9 3 1
v -9 4 1
v 10 4 1
v 10 3 1
v -10 2 1
v -10 3 1
v 11 3 1
v 11 2 1
v -10 1 1
v 11 1 1
v -11 0 1
v -11 1 1
v 12 1 1
v 12 0 1
v -11 -1 1
v 12 -1 1
v -11 -2 1
v 12 -2 1
v -11 -3 1
v 12 -3 1
v -11 -4 1
v 12 -4 1
v -11 -5 1
v 12 -5 1
v -11 -6 1
v -10 -6 1
v 12 -6 1
v 11 -6 1
v -10 -7 1
v 11 -7 1
v -10 -8 1
v -9 -8 1
v 11 -8 1
v 10 -8 1
v -24 -9 1
v -24 -8 1
v -23 -8 1
v -22 -8 1
v -22 -8 0
v -22 -9 0
v -21 -9 0
v -21 -8 0
v -21 -8 1
v -21 -9 1
v -22 -9 1
v -9 -9 1
v -8 -9 1
v 10 -9 1
v 9 -9 1
v 22 -9 0
v 22 -9 1
v 22 -8 1
v 22 -8 0
v 23 -9 0
v 23 -9 1
v 23 -8 1
v 23 -8 0
v 24 -8 1
v 25 -8 1
v 25 -9 1
v -26 -10 1
v -26 -9 1
v -25 -9 1
v -23 -10 1
v -24 -10 1
v -22 -10 0
v -22 -10 1
v -8 -10 1
v -7 -10 1
v 9 -10 1
v 8 -10 1
v 23 -10 0
v 23 -10 1
v 24 -10 1
v 25 -10 1
v 26 -9 1
v 27 -9 1
v 27 -10 1
v -27 -11 1
v -27 -10 1
v -26 -11 1
v -25 -11 1
v -24 -11 1
v -7 -11 1
v -6 -11 1
v -5 -11 1
v 7 -11 1
v 6 -11 1
v 8 -11 1
v 25 -11 1
v 26 -11 1
v 27 -11 1
v 28 -10 1
v 28 -11 1
v -5 -12 1
v -4 -12 1
v -3 -12 1
v -2 -12 1
v -1 -12 1
v 0 -12 1
v 1 -12 1
v 2 -12 1
v 3 -12 1
v 4 -12 1
v 5 -12 1
v 6 -12 1
v 0 7 2
v 0 8 2
v 0 8 1
v 1 8 1
v 1 8 2
v 1 7 2
v -5 6 2
v -5 7 2
v -4 7 2
v -3 7 2
v -2 7 2
v -1 7 2
v 2 7 2
v 3 7 2
v 4 7 2
v 5 7 2
v 6 7 2
v 6 6 2
v -7 5 2
v -7 6 2
v -6 6 2
v 7 6 2
v 8 6 2
v 8 5 2
v -8 4 2
v -8 5 2
v 9 5 2
v 9 4 2
v -9 3 2
v -9 4 2
v 10 4 2
v 10 3 2
v -10 2 2
v -10 3 2
v 11 3 2
v 11 2 2
v -10 1 2
v 11 1 2
v -11 0 2
v -11 1 2
v 12 1 2
v 12 0 2
v -11 -1 2
v 12 -1 2
v -11 -2 2
v 12 -2 2
v -12 -3 1
v -12 -3 2
v -12 -2 2
v -12 -2 1
v -11 -3 2
v 13 -3 1
v 13 -2 1
v 13 -2 2
v 13 -3 2
v 12 -3 2
v -11 -4 2
v 12 -4 2
v -11 -5 2
v 12 -5 2
v -11 -6 2
v -10 -6 2
v 12 -6 2
v 11 -6 2
v -10 -7 2
v 11 -7 2
v -22 -8 2
v -22 -7 2
v -22 -7 1
v -21 -7 2
v -21 -7 1
v -20 -7 2
v -20 -7 1
v -20 -8 1
v -19 -8 1
v -19 -7 1
v -19 -7 2
v -19 -8 2
v -20 -8 2
v -10 -8 2
v -9 -8 2
v 11 -8 2
v 10 -8 2
v 20 -8 1
v 20 -8 2
v 20 -7 2
v 20 -7 1
v 21 -8 1
v 21 -8 2
v 21 -7 2
v 21 -7 1
v 22 -7 2
v 22 -7 1
v 23 -7 1
v 23 -7 2
v 23 -8 2
v -24 -9 2
v -24 -8 2
v -23 -8 2
v -21 -9 2
v -22 -9 2
v -20 -9 1
v -20 -9 2
v -9 -9 2
v -8 -9 2
v 10 -9 2
v 9 -9 2
v 21 -9 1
v 21 -9 2
v 22 -9 2
v 23 -9 2
v 24 -8 2
v 25 -8 2
v 25 -9 2
v -26 -10 2
v -26 -9 2
v -25 -9 2
v -23 -10 2
v -24 -10 2
v -22 -10 2
v -8 -10 2
v -7 -10 2
v 9 -10 2
v 8 -10 2
v 23 -10 2
v 24 -10 2
v 25 -10 2
v 26 -9 2
v 27 -9 2
v 27 -10 2
v -26 -11 2
v -25 -11 2
v -24 -11 2
v -7 -11 2
v -6 -11 2
v -5 -11 2
v 7 -11 2
v 6 -11 2
v 8 -11 2
v 25 -11 2
v 26 -11 2
v 27 -11 2
v -5 -12 2
v -4 -12 2
v -3 -12 2
v -2 -12 2
v -1 -12 2
v 0 -12 2
v 2 -12 2
v 1 -12 2
v 3 -12 2
v 4 -12 2
v 5 -12 2
v 6 -12 2
v 0 -13 1
v 0 -13 2
v 1 -13 1
v 1 -13 2
v -5 6 3
v -5 7 3
v -4 7 3
v -3 7 3
v -2 7 3
v -1 7 3
v 0 7 3
v 1 7 3
v 2 7 3
v 3 7 3
v 4 7 3
v 5 7 3
v 6 7 3
v 6 6 3
v -7 5 3
v -7 6 3
v -6 6 3
v 7 6 3
v 8 6 3
v 8 5 3
v -8 4 3
v -8 5 3
v 9 5 3
v 9 4 3
v -9 3 3
v -9 4 3
v 10 4 3
v 10 3 3
v -10 2 3
v -10 3 3
v 11 3 3
v 11 2 3
v -10 1 3
v 11 1 3
v -11 0 3
v -11 1 3
v 12 1 3
v 12 0 3
v -11 -1 3
v 12 -1 3
v -11 -2 3
v 12 -2 3
v -11 -3 3
v 12 -3 3
v -11 -4 3
v 12 -4 3
v -11 -5 3
v 12 -5 3
v -11 -6 3
v -10 -6 3
v 12 -6 3
v 11 -6 3
v -19 -7 3
v -19 -6 3
v -19 -6 2
v -18 -7 2
v -18 -6 2
v -18 -6 3
v -18 -7 3
v -10 -7 3
v 11 -7 3
v 19 -7 2
v 19 -7 3
v 19 -6 3
v 19 -6 2
v 20 -6 2
v 20 -6 3
v 20 -7 3
v -22 -8 3
v -22 -7 3
v -21 -7 3
v -21 -8 3
v -20 -7 3
v -18 -8 2
v -18 -8 3
v -19 -8 3
v -17 -8 2
v -17 -7 2
v -17 -7 3
v -17 -8 3
v -10 -8 3
v -9 -8 3
v 11 -8 3
v 10 -8 3
v 18 -8 2
v 18 -8 3
v 18 -7 3
v 18 -7 2
v 19 -8 2
v 19 -8 3
v 20 -8 3
v 21 -7 3
v 22 -7 3
v 23 -7 3
v 23 -8 3
v 22 -8 3
v -24 -9 3
v -24 -8 3
v -23 -8 3
v -21 -9 3
v -22 -9 3
v -20 -9 3
v -19 -9 2
v -19 -9 3
v -9 -9 3
v -8 -9 3
v 10 -9 3
v 9 -9 3
v 20 -9 2
v 20 -9 3
v 21 -9 3
v 22 -9 3
v 23 -9 3
v 24 -8 3
v 25 -8 3
v 25 -9 3
v -26 -10 3
v -26 -9 3
v -25 -9 3
v -23 -10 3
v -24 -10 3
v -22 -10 3
v -8 -10 3
v -7 -10 3
v 9 -10 3
v 8 -10 3
v 23 -10 3
v 24 -10 3
v 25 -10 3
v 26 -9 3
v 27 -9 3
v 27 -10 3
v -26 -11 3
v -25 -11 3
v -25 -10 3
v -24 -11 3
v -7 -11 3
v -6 -11 3
v -5 -11 3
v 7 -11 3
v 6 -11 3
v 8 -11 3
v 25 -11 3
v 26 -11 3
v 27 -11 3
v 26 -10 3
v -5 -12 3
v -4 -12 3
v -3 -12 3
v -2 -12 3
v -1 -12 3
v 0 -12 3
v 1 -12 3
v 2 -12 3
v 3 -12 3
v 4 -12 3
v 5 -12 3
v 6 -12 3
v -5 6 4
v -5 7 4
v -4 7 4
v -4 6 4
v -3 7 4
v -2 7 4
v -1 7 4
v 0 7 4
v 1 7 4
v 2 7 4
v 3 7 4
v 4 7 4
v 5 7 4
v 6 7 4
v 6 6 4
v 5 6 4
v -7 5 4
v -7 6 4
v -6 6 4
v -6 5 4
v 7 6 4
v 8 6 4
v 8 5 4
v 7 5 4
v -8 4 4
v -8 5 4
v 9 5 4
v 9 4 4
v -9 3 4
v -9 4 4
v 10 4 4
v 10 3 4
v -10 2 4
v -10 3 4
v 11 3 4
v 11 2 4
v -10 1 4
v 11 1 4
v -11 0 4
v -11 1 4
v 12 1 4
v 12 0 4
v -11 -1 4
v 12 -1 4
v -11 -2 4
v 12 -2 4
v -11 -3 4
v 12 -3 4
v -11 -4 4
v 12 -4 4
v -11 -5 4
v 12 -5 4
v -17 -6 3
v -17 -6 4
v -17 -5 4
v -17 -5 3
v -16 -6 3
v -16 -5 3
v -16 -5 4
v -16 -6 4
v -11 -6 4
v -10 -6 4
v 12 -6 4
v 11 -6 4
v 17 -6 3
v 17 -6 4
v 17 -5 4
v 17 -5 3
v 18 -6 3
v 18 -5 3
v 18 -5 4
v 18 -6 4
v -19 -7 4
v -19 -6 4
v -18 -6 4
v -16 -7 3
v -16 -7 4
v -17 -7 4
v -10 -7 4
v 11 -7 4
v 17 -7 3
v 17 -7 4
v 18 -7 4
v 19 -6 4
v 20 -6 4
v 20 -7 4
v -21 -8 4
v -21 -7 4
v -20 -7 4
v -18 -8 4
v -19 -8 4
v -17 -8 4
v -10 -8 4
v 11 -8 4
v 18 -8 4
v 19 -8 4
v 20 -8 4
v 21 -7 4
v 22 -7 4
v 22 -8 4
v -24 -9 4
v -24 -8 4
v -23 -8 4
v -23 -9 4
v -22 -8 4
v -20 -9 4
v -21 -9 4
v -19 -9 4
v -10 -9 3
v -10 -9 4
v -9 -9 4
v 11 -9 3
v 11 -9 4
v 10 -9 4
v 20 -9 4
v 21 -9 4
v 22 -9 4
v 23 -8 4
v 24 -8 4
v 25 -8 4
v 25 -9 4
v 24 -9 4
v -26 -10 4
v -26 -9 4
v -25 -10 4
v -25 -9 4
v -23 -10 4
v -24 -10 4
v -22 -10 4
v -21 -10 3
v -21 -10 4
v -9 -10 3
v -9 -10 4
v -8 -10 4
v -7 -10 4
v 9 -10 4
v 8 -10 4
v 10 -10 3
v 10 -10 4
v 22 -10 3
v 22 -10 4
v 23 -10 4
v 24 -10 4
v 25 -10 4
v 26 -9 4
v 27 -9 4
v 27 -10 4
v 26 -10 4
v -25 -11 4
v -24 -11 4
v -7 -11 4
v -6 -11 4
v -5 -11 4
v 7 -11 4
v 6 -11 4
v 8 -11 4
v 25 -11 4
v 26 -11 4
v -5 -12 4
v -4 -12 4
v -3 -12 4
v -2 -12 4
v -1 -12 4
v 0 -12 4
v 1 -12 4
v 2 -12 4
v 3 -12 4
v 4 -12 4
v 5 -12 4
v 6 -12 4
v -4 6 5
v -4 7 5
v -3 7 5
v -2 7 5
v -1 7 5
v 0 7 5
v 1 7 5
v 2 7 5
v 3 7 5
v 4 7 5
v 5 7 5
v 5 6 5
v -6 5 5
v -6 6 5
v -5 6 5
v 6 6 5
v 7 6 5
v 7 5 5
v -8 4 5
v -8 5 5
v -7 5 5
v 8 5 5
v 9 5 5
v 9 4 5
v -9 3 5
v -9 4 5
v 10 4 5
v 10 3 5
v -10 2 5
v -10 3 5
v 11 3 5
v 11 2 5
v -10 1 5
v 11 1 5
v -11 0 5
v -11 1 5
v 12 1 5
v 12 0 5
v -11 -1 5
v 12 -1 5
v -11 -2 5
v 12 -2 5
v -11 -3 5
v 12 -3 5
v -11 -4 5
v 12 -4 5
v -15 -5 4
v -15 -5 5
v -15 -4 5
v -15 -4 4
v -14 -5 4
v -14 -4 4
v -14 -4 5
v -14 -5 5
v -11 -5 5
v 12 -5 5
v 15 -5 4
v 15 -5 5
v 15 -4 5
v 15 -4 4
v 16 -5 4
v 16 -4 4
v 16 -4 5
v 16 -5 5
v -17 -6 5
v -17 -5 5
v -16 -5 5
v -15 -6 4
v -14 -6 4
v -14 -6 5
v -15 -6 5
v -11 -6 5
v -10 -6 5
v 12 -6 5
v 11 -6 5
v 15 -6 4
v 15 -6 5
v 16 -6 4
v 16 -6 5
v 17 -5 5
v 18 -5 5
v 18 -6 5
v -19 -7 5
v -19 -6 5
v -18 -6 5
v -16 -7 5
v -17 -7 5
v -15 -7 4
v -15 -7 5
v -10 -7 5
v 11 -7 5
v 16 -7 4
v 16 -7 5
v 17 -7 5
v 18 -7 5
v 19 -6 5
v 20 -6 5
v 20 -7 5
v -21 -8 5
v -21 -7 5
v -20 -7 5
v -18 -8 5
v -19 -8 5
v -17 -8 5
v -10 -8 5
v 11 -8 5
v 18 -8 5
v 19 -8 5
v 20 -8 5
v 21 -7 5
v 22 -7 5
v 22 -8 5
v -23 -9 5
v -23 -8 5
v -22 -8 5
v -20 -9 5
v -21 -9 5
v -19 -9 5
v -10 -9 5
v -9 -9 5
v 11 -9 5
v 10 -9 5
v 20 -9 5
v 21 -9 5
v 22 -9 5
v 23 -8 5
v 24 -8 5
v 24 -9 5
v -25 -10 5
v -25 -9 5
v -24 -9 5
v -24 -10 5
v -22 -10 5
v -23 -10 5
v -21 -10 5
v -9 -10 5
v -8 -10 5
v 10 -10 5
v 9 -10 5
v 22 -10 5
v 23 -10 5
v 24 -10 5
v 25 -9 5
v 26 -9 5
v 26 -10 5
v 25 -10 5
v -25 -11 5
v -24 -11 5
v -23 -11 4
v -23 -11 5
v -8 -11 4
v -8 -11 5
v -7 -11 5
v -6 -11 5
v -5 -11 5
v 7 -11 5
v 6 -11 5
v 8 -11 5
v 9 -11 4
v 9 -11 5
v 24 -11 4
v 24 -11 5
v 25 -11 5
v 26 -11 5
v -5 -12 5
v -4 -12 5
v -3 -12 5
v -2 -12 5
v -1 -12 5
v 0 -12 5
v 1 -12 5
v 2 -12 5
v 3 -12 5
v 4 -12 5
v 5 -12 5
v 6 -12 5
v -4 6 6
v -4 7 6
v -3 7 6
v -2 7 6
v -1 7 6
v 0 7 6
v 1 7 6
v 2 7 6
v 3 7 6
v 4 7 6
v 5 7 6
v 5 6 6
v -6 5 6
v -6 6 6
v -5 6 6
v 6 6 6
v 7 6 6
v 7 5 6
v -8 4 6
v -8 5 6
v -7 5 6
v 8 5 6
v 9 5 6
v 9 4 6
v -9 3 6
v -9 4 6
v 10 4 6
v 10 3 6
v -10 2 6
v -10 3 6
v -9 2 6
v 11 3 6
v 11 2 6
v 10 2 6
v -10 1 6
v 11 1 6
v -11 0 6
v -11 1 6
v 12 1 6
v 12 0 6
v -11 -1 6
v 12 -1 6
v -11 -2 6
v 12 -2 6
v -11 -3 6
v 12 -3 6
v -11 -4 6
v 12 -4 6
v -15 -5 6
v -15 -4 6
v -14 -4 6
v -13 -4 6
v -13 -4 5
v -13 -5 5
v -12 -5 5
v -12 -4 5
v -12 -4 6
v -12 -5 6
v -13 -5 6
v -11 -5 6
v 12 -5 6
v 13 -5 5
v 13 -5 6
v 13 -4 6
v 13 -4 5
v 14 -5 5
v 14 -5 6
v 14 -4 6
v 14 -4 5
v 15 -4 6
v 16 -4 6
v 16 -5 6
v -17 -6 6
v -17 -5 6
v -16 -5 6
v -14 -6 6
v -15 -6 6
v -13 -6 5
v -13 -6 6
v -11 -6 6
v -10 -6 6
v 12 -6 6
v 11 -6 6
v 14 -6 5
v 14 -6 6
v 15 -6 6
v 16 -6 6
v 17 -5 6
v 18 -5 6
v 18 -6 6
v -19 -7 6
v -19 -6 6
v -18 -6 6
v -16 -7 6
v -17 -7 6
v -15 -7 6
v -10 -7 6
v 11 -7 6
v 16 -7 6
v 17 -7 6
v 18 -7 6
v 19 -6 6
v 20 -6 6
v 20 -7 6
v -21 -8 6
v -21 -7 6
v -20 -7 6
v -18 -8 6
v -19 -8 6
v -17 -8 6
v -10 -8 6
v 11 -8 6
v 18 -8 6
v 19 -8 6
v 20 -8 6
v 21 -7 6
v 22 -7 6
v 22 -8 6
v -23 -9 6
v -23 -8 6
v -22 -8 6
v -20 -9 6
v -21 -9 6
v -19 -9 6
v -10 -9 6
v -9 -9 6
v 11 -9 6
v 10 -9 6
v 20 -9 6
v 21 -9 6
v 22 -9 6
v 23 -8 6
v 24 -8 6
v 24 -9 6
v -24 -10 6
v -24 -9 6
v -22 -10 6
v -23 -10 6
v -21 -10 6
v -9 -10 6
v -8 -10 6
v 10 -10 6
v 9 -10 6
v 22 -10 6
v 23 -10 6
v 24 -10 6
v 25 -9 6
v 25 -10 6
v -24 -11 6
v -23 -11 6
v -8 -11 6
v -7 -11 6
v -6 -11 6
v 8 -11 6
v 7 -11 6
v 9 -11 6
v 24 -11 6
v 25 -11 6
v -6 -12 5
v -6 -12 6
v -5 -12 6
v -4 -12 6
v -3 -12 6
v -2 -12 6
v -1 -12 6
v 0 -12 6
v 1 -12 6
v 2 -12 6
v 3 -12 6
v 4 -12 6
v 5 -12 6
v 6 -12 6
v 7 -12 5
v 7 -12 6
v -4 6 7
v -4 7 7
v -3 7 7
v -3 6 7
v -2 7 7
v -1 7 7
v 0 7 7
v 1 7 7
v 2 7 7
v 3 7 7
v 4 7 7
v 5 7 7
v 5 6 7
v 4 6 7
v -6 5 7
v -6 6 7
v -5 6 7
v 6 6 7
v 7 6 7
v 7 5 7
v -8 4 7
v -8 5 7
v -7 5 7
v -7 4 7
v 8 5 7
v 9 5 7
v 9 4 7
v 8 4 7
v -9 3 7
v -9 4 7
v -8 3 7
v 10 4 7
v 10 3 7
v 9 3 7
v -9 2 7
v 10 2 7
v -10 1 7
v -10 2 7
v 11 2 7
v 11 1 7
v -11 0 7
v -11 1 7
v -10 0 7
v 12 1 7
v 12 0 7
v 11 0 7
v -11 -1 7
v 12 -1 7
v -11 -2 7
v 12 -2 7
v -11 -3 7
v 12 -3 7
v -13 -4 7
v -13 -3 7
v -13 -3 6
v -12 -3 7
v -12 -3 6
v -12 -4 7
v -11 -4 7
v 13 -3 7
v 13 -3 6
v 12 -4 7
v 13 -4 7
v 14 -3 6
v 14 -3 7
v 14 -4 7
v -15 -5 7
v -15 -4 7
v -14 -4 7
v -12 -5 7
v -13 -5 7
v -11 -5 7
v 13 -5 7
v 12 -5 7
v 14 -5 7
v 15 -4 7
v 16 -4 7
v 16 -5 7
v -17 -6 7
v -17 -5 7
v -16 -5 7
v -14 -6 7
v -15 -6 7
v -13 -6 7
v -11 -6 7
v -10 -6 7
v -10 -5 7
v 12 -6 7
v 11 -6 7
v 11 -5 7
v 14 -6 7
v 15 -6 7
v 16 -6 7
v 17 -5 7
v 18 -5 7
v 18 -6 7
v -19 -7 7
v -19 -6 7
v -18 -6 7
v -16 -7 7
v -17 -7 7
v -15 -7 7
v -11 -7 6
v -11 -7 7
v -10 -7 7
v 12 -7 6
v 12 -7 7
v 11 -7 7
v 16 -7 7
v 17 -7 7
v 18 -7 7
v 19 -6 7
v 20 -6 7
v 20 -7 7
v -21 -8 7
v -21 -7 7
v -20 -7 7
v -18 -8 7
v -19 -8 7
v -17 -8 7
v -10 -8 7
v 11 -8 7
v 18 -8 7
v 19 -8 7
v 20 -8 7
v 21 -7 7
v 22 -7 7
v 22 -8 7
v -23 -9 7
v -23 -8 7
v -22 -8 7
v -20 -9 7
v -21 -9 7
v -19 -9 7
v -10 -9 7
v -9 -9 7
v 11 -9 7
v 10 -9 7
v 20 -9 7
v 21 -9 7
v 22 -9 7
v 23 -8 7
v 24 -8 7
v 24 -9 7
v -24 -10 7
v -24 -9 7
v -23 -10 7
v -22 -10 7
v -21 -10 7
v -9 -10 7
v -8 -10 7
v 10 -10 7
v 9 -10 7
v 22 -10 7
v 23 -10 7
v 24 -10 7
v 25 -9 7
v 25 -10 7
v -8 -11 7
v -7 -11 7
v -6 -11 7
v 8 -11 7
v 7 -11 7
v 9 -11 7
v -6 -12 7
v -5 -12 7
v -4 -12 7
v -3 -12 7
v -2 -12 7
v -1 -12 7
v 0 -12 7
v 2 -12 7
v 1 -12 7
v 3 -12 7
v 4 -12 7
v 5 -12 7
v 6 -12 7
v 7 -12 7
v 0 -13 6
v 0 -13 7
v 1 -13 6
v 1 -13 7
v -3 6 8
v -3 7 8
v -2 7 8
v -1 7 8
v 0 7 8
v 1 7 8
v 2 7 8
v 3 7 8
v 4 7 8
v 4 6 8
v -6 5 8
v -6 6 8
v -5 6 8
v -5 5 8
v -4 6 8
v 5 6 8
v 6 6 8
v 7 6 8
v 7 5 8
v 6 5 8
v -7 4 8
v -7 5 8
v 8 5 8
v 8 4 8
v -8 3 8
v -8 4 8
v 9 4 8
v 9 3 8
v -9 2 8
v -9 3 8
v 10 3 8
v 10 2 8
v -10 1 8
v -10 2 8
v 11 2 8
v 11 1 8
v -10 0 8
v 11 0 8
v -11 -1 8
v -11 0 8
v -10 -1 8
v 12 0 8
v 12 -1 8
v 11 -1 8
v -11 -2 8
v 12 -2 8
v -11 -3 8
v 12 -3 8
v -13 -4 8
v -13 -3 8
v -12 -3 8
v -12 -4 8
v -11 -4 8
v 12 -4 8
v 13 -4 8
v 13 -3 8
v 14 -3 8
v 14 -4 8
v -15 -5 8
v -15 -4 8
v -14 -4 8
v -14 -5 8
v -13 -5 8
v -12 -5 8
v -11 -5 8
v -10 -5 8
v -10 -4 8
v 12 -5 8
v 11 -5 8
v 11 -4 8
v 13 -5 8
v 14 -5 8
v 15 -4 8
v 15 -5 8
v 16 -4 8
v 16 -5 8
v -17 -6 8
v -17 -5 8
v -16 -5 8
v -14 -6 8
v -15 -6 8
v -13 -6 8
v -10 -6 8
v 11 -6 8
v 14 -6 8
v 15 -6 8
v 16 -6 8
v 17 -5 8
v 18 -5 8
v 18 -6 8
v -19 -7 8
v -19 -6 8
v -18 -6 8
v -16 -7 8
v -17 -7 8
v -15 -7 8
v -10 -7 8
v 11 -7 8
v 16 -7 8
v 17 -7 8
v 18 -7 8
v 19 -6 8
v 20 -6 8
v 20 -7 8
v -21 -8 8
v -21 -7 8
v -20 -7 8
v -18 -8 8
v -19 -8 8
v -17 -8 8
v -10 -8 8
v 11 -8 8
v 18 -8 8
v 19 -8 8
v 20 -8 8
v 21 -7 8
v 22 -7 8
v 22 -8 8
v -23 -9 8
v -23 -8 8
v -22 -8 8
v -20 -9 8
v -21 -9 8
v -19 -9 8
v -10 -9 8
v -9 -9 8
v 11 -9 8
v 10 -9 8
v 20 -9 8
v 21 -9 8
v 22 -9 8
v 23 -8 8
v 24 -8 8
v 24 -9 8
v -23 -10 8
v -22 -10 8
v -21 -10 8
v -9 -10 8
v -8 -10 8
v 10 -10 8
v 9 -10 8
v 22 -10 8
v 23 -10 8
v 24 -10 8
v -8 -11 8
v -7 -11 8
v -6 -11 8
v 8 -11 8
v 7 -11 8
v 9 -11 8
v -6 -12 8
v -5 -12 8
v -5 -11 8
v -4 -12 8
v -3 -12 8
v -2 -12 8
v -1 -12 8
v 0 -12 8
v 1 -12 8
v 2 -12 8
v 3 -12 8
v 4 -12 8
v 5 -12 8
v 6 -12 8
v 7 -12 8
v 6 -11 8
v -3 6 9
v -3 7 9
v -2 7 9
v -2 6 9
v -1 7 9
v 0 7 9
v 1 7 9
v 2 7 9
v 3 7 9
v 4 7 9
v 4 6 9
v 3 6 9
v -5 5 9
v -5 6 9
v -4 6 9
v 5 6 9
v 6 6 9
v 6 5 9
v -7 4 9
v -7 5 9
v -6 5 9
v 7 5 9
v 8 5 9
v 8 4 9
v -8 3 9
v -8 4 9
v 9 4 9
v 9 3 9
v -9 2 9
v -9 3 9
v 10 3 9
v 10 2 9
v -10 1 9
v -10 2 9
v -9 1 9
v 11 2 9
v 11 1 9
v 10 1 9
v -10 0 9
v 11 0 9
v -10 -1 9
v 11 -1 9
v -11 -2 9
v -11 -1 9
v -10 -2 9
v 12 -1 9
v 12 -2 9
v 11 -2 9
v -11 -3 9
v -10 -3 9
v 12 -3 9
v 11 -3 9
v -11 -4 9
v -10 -4 9
v 12 -4 9
v 11 -4 9
v -15 -5 9
v -15 -4 9
v -14 -4 9
v -14 -5 9
v -10 -5 9
v 11 -5 9
v 15 -5 9
v 15 -4 9
v 16 -4 9
v 16 -5 9
v -17 -6 9
v -17 -5 9
v -16 -5 9
v -14 -6 9
v -15 -6 9
v -13 -5 9
v -13 -6 9
v -10 -6 9
v 11 -6 9
v 14 -6 9
v 14 -5 9
v 15 -6 9
v 16 -6 9
v 17 -5 9
v 18 -5 9
v 18 -6 9
v -19 -7 9
v -19 -6 9
v -18 -6 9
v -16 -7 9
v -17 -7 9
v -15 -7 9
v -10 -7 9
v 11 -7 9
v 16 -7 9
v 17 -7 9
v 18 -7 9
v 19 -6 9
v 20 -6 9
v 20 -7 9
v -21 -8 9
v -21 -7 9
v -20 -7 9
v -18 -8 9
v -19 -8 9
v -17 -8 9
v -10 -8 9
v 11 -8 9
v 18 -8 9
v 19 -8 9
v 20 -8 9
v 21 -7 9
v 22 -7 9
v 22 -8 9
v -23 -9 9
v -23 -8 9
v -22 -8 9
v -20 -9 9
v -21 -9 9
v -19 -9 9
v -10 -9 9
v -9 -9 9
v 11 -9 9
v 10 -9 9
v 20 -9 9
v 21 -9 9
v 22 -9 9
v 23 -8 9
v 24 -8 9
v 24 -9 9
v -23 -10 9
v -22 -10 9
v -22 -9 9
v -21 -10 9
v -9 -10 9
v -8 -10 9
v 10 -10 9
v 9 -10 9
v 22 -10 9
v 23 -10 9
v 24 -10 9
v 23 -9 9
v -8 -11 9
v -7 -11 9
v -7 -10 9
v -6 -11 9
v -5 -11 9
v 7 -11 9
v 6 -11 9
v 8 -11 9
v 9 -11 9
v 8 -10 9
v -5 -12 9
v -4 -12 9
v -3 -12 9
v -2 -12 9
v -1 -12 9
v 0 -12 9
v 1 -12 9
v 2 -12 9
v 3 -12 9
v 4 -12 9
v 5 -12 9
v 6 -12 9
v -2 6 10
v -2 7 10
v -1 7 10
v -1 6 10
v 0 7 10
v 0 6 10
v 1 7 10
v 1 6 10
v 2 7 10
v 2 6 10
v 3 7 10
v 3 6 10
v -5 5 10
v -5 6 10
v -4 6 10
v -4 5 10
v -3 6 10
v 4 6 10
v 5 6 10
v 6 6 10
v 6 5 10
v 5 5 10
v -7 4 10
v -7 5 10
v -6 5 10
v -6 4 10
v 7 5 10
v 8 5 10
v 8 4 10
v 7 4 10
v -8 3 10
v -8 4 10
v -7 3 10
v 9 4 10
v 9 3 10
v 8 3 10
v -9 2 10
v -9 3 10
v -8 2 10
v 10 3 10
v 10 2 10
v 9 2 10
v -9 1 10
v 10 1 10
v -10 0 10
v -10 1 10
v 11 1 10
v 11 0 10
v -10 -1 10
v 11 -1 10
v -10 -2 10
v 11 -2 10
v -10 -3 10
v 11 -3 10
v -10 -4 10
v 11 -4 10
v -10 -5 10
v 11 -5 10
v -17 -6 10
v -17 -5 10
v -16 -5 10
v -16 -6 10
v -15 -5 10
v -15 -6 10
v -10 -6 10
v 11 -6 10
v 16 -6 10
v 16 -5 10
v 17 -5 10
v 17 -6 10
v 18 -5 10
v 18 -6 10
v -19 -7 10
v -19 -6 10
v -18 -6 10
v -16 -7 10
v -17 -7 10
v -15 -7 10
v -14 -7 9
v -14 -6 10
v -14 -7 10
v -10 -7 10
v 11 -7 10
v 15 -7 9
v 15 -7 10
v 15 -6 10
v 16 -7 10
v 17 -7 10
v 18 -7 10
v 19 -6 10
v 20 -6 10
v 20 -7 10
v -21 -8 10
v -21 -7 10
v -20 -7 10
v -18 -8 10
v -19 -8 10
v -17 -8 10
v -10 -8 10
v 11 -8 10
v 18 -8 10
v 19 -8 10
v 20 -8 10
v 21 -7 10
v 22 -7 10
v 22 -8 10
v -23 -9 10
v -23 -8 10
v -22 -9 10
v -22 -8 10
v -20 -9 10
v -21 -9 10
v -19 -9 10
v -10 -9 10
v -9 -9 10
v -9 -8 10
v 11 -9 10
v 10 -9 10
v 10 -8 10
v 20 -9 10
v 21 -9 10
v 22 -9 10
v 23 -8 10
v 24 -8 10
v 24 -9 10
v 23 -9 10
v -22 -10 10
v -21 -10 10
v -9 -10 10
v -8 -10 10
v -8 -9 10
v -7 -10 10
v 9 -10 10
v 8 -10 10
v 10 -10 10
v 9 -9 10
v 22 -10 10
v 23 -10 10
v -7 -11 10
v -6 -11 10
v -5 -11 10
v 7 -11 10
v 6 -11 10
v 8 -11 10
v -5 -12 10
v -4 -12 10
v -3 -12 10
v -2 -12 10
v -1 -12 10
v 0 -12 10
v 1 -12 10
v 2 -12 10
v 3 -12 10
v 4 -12 10
v 5 -12 10
v 6 -12 10
v -9 25 10
v -9 25 11
v -9 26 11
v -9 26 10
v -8 25 10
v -8 25 11
v -8 26 11
v -8 26 10
v -7 25 10
v -7 26 10
v -7 26 11
v -7 25 11
v -8 24 10
v -8 24 11
v -7 24 10
v -7 24 11
v -4 5 11
v -4 6 11
v -3 6 11
v -3 5 11
v -2 6 11
v -1 6 11
v 0 6 11
v 1 6 11
v 2 6 11
v 3 6 11
v 4 6 11
v 5 6 11
v 5 5 11
v 4 5 11
v -6 4 11
v -6 5 11
v -5 5 11
v 6 5 11
v 7 5 11
v 7 4 11
v -7 3 11
v -7 4 11
v 8 4 11
v 8 3 11
v -8 2 11
v -8 3 11
v 9 3 11
v 9 2 11
v -9 1 11
v -9 2 11
v 10 2 11
v 10 1 11
v -10 0 11
v -10 1 11
v -9 0 11
v 11 1 11
v 11 0 11
v 10 0 11
v -10 -1 11
v 11 -1 11
v -10 -2 11
v 11 -2 11
v -10 -3 11
v 11 -3 11
v -10 -4 11
v 11 -4 11
v -10 -5 11
v 11 -5 11
v -10 -6 11
v -9 -6 11
v -9 -5 11
v 11 -6 11
v 10 -6 11
v 10 -5 11
v -19 -7 11
v -19 -6 11
v -18 -6 11
v -17 -6 11
v -18 -7 11
v -17 -7 11
v -16 -6 11
v -16 -7 11
v -10 -7 11
v 11 -7 11
v 17 -7 11
v 17 -6 11
v 18 -7 11
v 18 -6 11
v 19 -6 11
v 19 -7 11
v 20 -6 11
v 20 -7 11
v -21 -8 11
v -21 -7 11
v -20 -7 11
v -18 -8 11
v -19 -8 11
v -17 -8 11
v -10 -8 11
v -9 -8 11
v -9 -7 11
v 11 -8 11
v 10 -8 11
v 10 -7 11
v 18 -8 11
v 19 -8 11
v 20 -8 11
v 21 -7 11
v 22 -7 11
v 22 -8 11
v -22 -9 11
v -22 -8 11
v -20 -9 11
v -21 -9 11
v -19 -9 11
v -9 -9 11
v -8 -9 11
v 10 -9 11
v 9 -9 11
v 20 -9 11
v 21 -9 11
v 22 -9 11
v 23 -8 11
v 23 -9 11
v -22 -10 11
v -21 -10 11
v -8 -10 11
v -7 -10 11
v 9 -10 11
v 8 -10 11
v 22 -10 11
v 23 -10 11
v -7 -11 11
v -6 -11 11
v -5 -11 11
v 7 -11 11
v 6 -11 11
v 8 -11 11
v -5 -12 11
v -4 -12 11
v -4 -11 11
v -3 -12 11
v -2 -12 11
v -1 -12 11
v 0 -12 11
v 1 -12 11
v 2 -12 11
v 3 -12 11
v 4 -12 11
v 5 -12 11
v 6 -12 11
v 5 -11 11
v -8 24 12
v -8 25 12
v -7 24 12
v -7 25 12
v -6 24 11
v -6 25 11
v -6 25 12
v -6 24 12
v -7 23 11
v -7 23 12
v -6 23 11
v -6 23 12
v -5 23 11
v -5 24 11
v -5 24 12
v -5 23 12
v -6 22 11
v -6 22 12
v -5 22 11
v -5 22 12
v -4 22 11
v -4 23 11
v -4 23 12
v -4 22 12
v -5 21 11
v -5 21 12
v -4 21 11
v -4 21 12
v -3 5 12
v -3 6 12
v -2 6 12
v -1 6 12
v 0 6 12
v 1 6 12
v 2 6 12
v 3 6 12
v 4 6 12
v 4 5 12
v -6 4 12
v -6 5 12
v -5 5 12
v -5 4 12
v -4 5 12
v 5 5 12
v 6 5 12
v 7 5 12
v 7 4 12
v 6 4 12
v -7 3 12
v -7 4 12
v -6 3 12
v 8 4 12
v 8 3 12
v 7 3 12
v -8 2 12
v -8 3 12
v 9 3 12
v 9 2 12
v -9 1 12
v -9 2 12
v -8 1 12
v 10 2 12
v 10 1 12
v 9 1 12
v -9 0 12
v 10 0 12
v -10 -1 12
v -10 0 12
v -9 -1 12
v 11 0 12
v 11 -1 12
v 10 -1 12
v -10 -2 12
v -9 -2 12
v 11 -2 12
v 10 -2 12
v -10 -3 12
v 11 -3 12
v -10 -4 12
v -9 -4 12
v -9 -3 12
v 11 -4 12
v 10 -4 12
v 10 -3 12
v -10 -5 12
v -9 -5 12
v 11 -5 12
v 10 -5 12
v -9 -6 12
v 10 -6 12
v -19 -7 12
v -19 -6 12
v -18 -6 12
v -18 -7 12
v -10 -7 12
v -10 -6 12
v -9 -7 12
v 11 -6 12
v 11 -7 12
v 10 -7 12
v 19 -7 12
v 19 -6 12
v 20 -6 12
v 20 -7 12
v -21 -8 12
v -21 -7 12
v -20 -7 12
v -18 -8 12
v -19 -8 12
v -17 -7 12
v -17 -8 12
v -9 -8 12
v 10 -8 12
v 18 -8 12
v 18 -7 12
v 19 -8 12
v 20 -8 12
v 21 -7 12
v 22 -7 12
v 22 -8 12
v -22 -9 12
v -22 -8 12
v -21 -9 12
v -20 -9 12
v -19 -9 12
v -9 -9 12
v -8 -9 12
v 10 -9 12
v 9 -9 12
v 20 -9 12
v 21 -9 12
v 22 -9 12
v 23 -8 12
v 23 -9 12
v -8 -10 12
v -7 -10 12
v 9 -10 12
v 8 -10 12
v -7 -11 12
v -6 -11 12
v -6 -10 12
v -5 -11 12
v -4 -11 12
v 6 -11 12
v 5 -11 12
v 7 -11 12
v 8 -11 12
v 7 -10 12
v -4 -12 12
v -3 -12 12
v -3 -11 12
v -2 -12 12
v -1 -12 12
v 0 -12 12
v 1 -12 12
v 2 -12 12
v 3 -12 12
v 4 -12 12
v 5 -12 12
v 4 -11 12
v -24 -24 11
v -24 -24 12
v -24 -23 12
v -24 -23 11
v -23 -24 11
v -23 -24 12
v -23 -23 12
v -23 -23 11
v -22 -24 11
v -22 -24 12
v -22 -23 12
v -22 -23 11
v -21 -24 11
v -21 -24 12
v -21 -23 12
v -21 -23 11
v -20 -24 11
v -20 -23 11
v -20 -23 12
v -20 -24 12
v -5 -24 11
v -5 -24 12
v -5 -23 12
v -5 -23 11
v -4 -24 11
v -4 -24 12
v -4 -23 12
v -4 -23 11
v -3 -24 11
v -3 -24 12
v -3 -23 12
v -3 -23 11
v -2 -24 11
v -2 -24 12
v -2 -23 12
v -2 -23 11
v -1 -24 11
v -1 -24 12
v -1 -23 12
v -1 -23 11
v 0 -24 11
v 0 -24 12
v 0 -23 12
v 0 -23 11
v 1 -24 11
v 1 -24 12
v 1 -23 12
v 1 -23 11
v 2 -24 11
v 2 -24 12
v 2 -23 12
v 2 -23 11
v 3 -24 11
v 3 -24 12
v 3 -23 12
v 3 -23 11
v 4 -24 11
v 4 -24 12
v 4 -23 12
v 4 -23 11
v 5 -24 11
v 5 -23 11
v 5 -23 12
v 5 -24 12
v 20 -24 11
v 20 -24 12
v 20 -23 12
v 20 -23 11
v 21 -24 11
v 21 -24 12
v 21 -23 12
v 21 -23 11
v 22 -24 11
v 22 -24 12
v 22 -23 12
v 22 -23 11
v 23 -24 11
v 23 -24 12
v 23 -23 12
v 23 -23 11
v 24 -24 11
v 24 -23 11
v 24 -23 12
v 24 -24 12
v -20 -25 11
v -20 -25 12
v -19 -25 11
v -19 -25 12
v -19 -24 12
v -19 -24 11
v -18 -25 11
v -18 -24 11
v -18 -24 12
v -18 -25 12
v -8 -25 11
v -8 -25 12
v -8 -24 12
v -8 -24 11
v -7 -25 11
v -7 -25 12
v -7 -24 12
v -7 -24 11
v -6 -25 11
v -6 -25 12
v -6 -24 12
v -6 -24 11
v -5 -25 11
v -5 -25 12
v 5 -25 11
v 5 -25 12
v 6 -25 11
v 6 -25 12
v 6 -24 12
v 6 -24 11
v 7 -25 11
v 7 -25 12
v 7 -24 12
v 7 -24 11
v 8 -25 11
v 8 -24 11
v 8 -24 12
v 8 -25 12
v 17 -25 11
v 17 -25 12
v 17 -24 12
v 17 -24 11
v 18 -25 11
v 18 -25 12
v 18 -24 12
v 18 -24 11
v 19 -25 11
v 19 -25 12
v 19 -24 12
v 19 -24 11
v 20 -25 11
v 20 -25 12
v -18 -26 11
v -18 -26 12
v -17 -26 11
v -17 -26 12
v -17 -25 12
v -17 -25 11
v -16 -26 11
v -16 -26 12
v -16 -25 12
v -16 -25 11
v -15 -26 11
v -15 -26 12
v -15 -25 12
v -15 -25 11
v -14 -26 11
v -14 -26 12
v -14 -25 12
v -14 -25 11
v -13 -26 11
v -13 -26 12
v -13 -25 12
v -13 -25 11
v -12 -26 11
v -12 -26 12
v -12 -25 12
v -12 -25 11
v -11 -26 11
v -11 -26 12
v -11 -25 12
v -11 -25 11
v -10 -26 11
v -10 -26 12
v -10 -25 12
v -10 -25 11
v -9 -26 11
v -9 -26 12
v -9 -25 12
v -9 -25 11
v -8 -26 11
v -8 -26 12
v 8 -26 11
v 8 -26 12
v 9 -26 11
v 9 -26 12
v 9 -25 12
v 9 -25 11
v 10 -26 11
v 10 -26 12
v 10 -25 12
v 10 -25 11
v 11 -26 11
v 11 -26 12
v 11 -25 12
v 11 -25 11
v 12 -26 11
v 12 -26 12
v 12 -25 12
v 12 -25 11
v 13 -26 11
v 13 -26 12
v 13 -25 12
v 13 -25 11
v 14 -26 11
v 14 -26 12
v 14 -25 12
v 14 -25 11
v 15 -26 11
v 15 -26 12
v 15 -25 12
v 15 -25 11
v 16 -26 11
v 16 -26 12
v 16 -25 12
v 16 -25 11
v 17 -26 11
v 17 -26 12
v -5 22 13
v -5 23 13
v -4 23 13
v -4 22 13
v -5 21 13
v -4 21 13
v -3 21 12
v -3 22 12
v -3 22 13
v -3 21 13
v -4 20 12
v -4 20 13
v -3 20 12
v -3 20 13
v -2 20 12
v -2 21 12
v -2 21 13
v -2 20 13
v -3 19 12
v -3 19 13
v -2 19 12
v -2 19 13
v -1 19 12
v -1 20 12
v -1 20 13
v -1 19 13
v -3 5 13
v -3 6 13
v -2 6 13
v -1 6 13
v 0 6 13
v 1 6 13
v 2 6 13
v 3 6 13
v 4 6 13
v 4 5 13
v -5 4 13
v -5 5 13
v -4 5 13
v 5 5 13
v 6 5 13
v 6 4 13
v -6 3 13
v -6 4 13
v 7 4 13
v 7 3 13
v -8 2 13
v -8 3 13
v -7 3 13
v 8 3 13
v 9 3 13
v 9 2 13
v -8 1 13
v 9 1 13
v -9 0 13
v -9 1 13
v -8 0 13
v 10 1 13
v 10 0 13
v 9 0 13
v -9 -1 13
v 10 -1 13
v -9 -2 13
v 10 -2 13
v -10 -3 13
v -10 -2 13
v -9 -3 13
v 11 -2 13
v 11 -3 13
v 10 -3 13
v -9 -4 13
v 10 -4 13
v -9 -5 13
v 10 -5 13
v -9 -6 13
v 10 -6 13
v -9 -7 13
v 10 -7 13
v -21 -8 13
v -21 -7 13
v -20 -7 13
v -20 -8 13
v -19 -7 13
v -19 -8 13
v -9 -8 13
v 10 -8 13
v 20 -8 13
v 20 -7 13
v 21 -7 13
v 21 -8 13
v 22 -7 13
v 22 -8 13
v -21 -9 13
v -20 -9 13
v -19 -9 13
v -9 -9 13
v -8 -9 13
v -8 -8 13
v 10 -9 13
v 9 -9 13
v 9 -8 13
v 20 -9 13
v 21 -9 13
v 22 -9 13
v -8 -10 13
v -7 -10 13
v -7 -9 13
v -6 -10 13
v 8 -10 13
v 7 -10 13
v 9 -10 13
v 8 -9 13
v -6 -11 13
v -5 -11 13
v -5 -10 13
v -4 -11 13
v -3 -11 13
v 5 -11 13
v 4 -11 13
v 6 -11 13
v 7 -11 13
v 6 -10 13
v -3 -12 13
v -2 -12 13
v -2 -11 13
v -1 -12 13
v -1 -11 13
v 0 -12 13
v 1 -12 13
v 2 -12 13
v 3 -12 13
v 3 -11 13
v 2 -11 13
v 4 -12 13
v -2 19 14
v -2 20 14
v -1 20 14
v -1 19 14
v 0 19 13
v 0 19 14
v 0 20 14
v 0 20 13
v 1 19 13
v 1 20 13
v 1 20 14
v 1 19 14
v -2 18 13
v -2 18 14
v -1 18 13
v -1 18 14
v 0 18 13
v 0 18 14
v 1 18 13
v 1 18 14
v -1 17 13
v -1 17 14
v 0 17 13
v 0 17 14
v -1 16 13
v -1 16 14
v 0 16 13
v 0 16 14
v -1 15 13
v -1 15 14
v 0 15 13
v 0 15 14
v -1 14 13
v -1 14 14
v 0 14 13
v 0 14 14
v 1 14 13
v 1 15 13
v 1 15 14
v 1 14 14
v -1 13 13
v -1 13 14
v 0 13 13
v 0 13 14
v 1 13 13
v 1 13 14
v -1 12 13
v -1 12 14
v 0 12 13
v 0 12 14
v 1 12 13
v 1 12 14
v -1 11 13
v -1 11 14
v 0 11 13
v 0 11 14
v 1 11 13
v 1 11 14
v 0 10 13
v 0 10 14
v 1 10 13
v 1 10 14
v 0 9 13
v 0 9 14
v 1 9 13
v 1 9 14
v 0 8 13
v 0 8 14
v 1 8 13
v 1 8 14
v 0 7 13
v 0 7 14
v 1 7 13
v 1 7 14
v -2 6 14
v -2 7 14
v -2 7 13
v -1 7 14
v -1 7 13
v 2 7 14
v 2 7 13
v 3 7 13
v 3 7 14
v 3 6 14
v -4 5 14
v -4 6 14
v -4 6 13
v -3 6 14
v 4 6 14
v 5 6 13
v 5 6 14
v 5 5 14
v -6 4 14
v -6 5 14
v -6 5 13
v -5 5 14
v 6 5 14
v 7 5 13
v 7 5 14
v 7 4 14
v -7 3 14
v -7 4 14
v -7 4 13
v 8 4 13
v 8 4 14
v 8 3 14
v -8 2 14
v -8 3 14
v 9 3 14
v 9 2 14
v -8 1 14
v 9 1 14
v -8 0 14
v 9 0 14
v -9 -1 14
v -9 0 14
v 10 0 14
v 10 -1 14
v -9 -2 14
v 10 -2 14
v -9 -3 14
v 10 -3 14
v -9 -4 14
v 10 -4 14
v -9 -5 14
v -8 -5 14
v -8 -4 14
v 10 -5 14
v 9 -5 14
v 9 -4 14
v -9 -6 14
v -8 -6 14
v 10 -6 14
v 9 -6 14
v -9 -7 14
v -8 -7 14
v 10 -7 14
v 9 -7 14
v -9 -8 14
v -8 -8 14
v 10 -8 14
v 9 -8 14
v -21 -9 14
v -21 -8 14
v -20 -8 14
v -20 -9 14
v -8 -9 14
v -7 -9 14
v -7 -8 14
v 9 -9 14
v 8 -9 14
v 8 -8 14
v 21 -9 14
v 21 -8 14
v 22 -8 14
v 22 -9 14
v -7 -10 14
v -6 -10 14
v -6 -9 14
v -5 -10 14
v 7 -10 14
v 6 -10 14
v 8 -10 14
v 7 -9 14
v -5 -11 14
v -4 -11 14
v -4 -10 14
v -3 -11 14
v -2 -11 14
v -1 -11 14
v 3 -11 14
v 2 -11 14
v 4 -11 14
v 5 -11 14
v 6 -11 14
v 5 -10 14
v -1 -12 14
v 0 -12 14
v 0 -11 14
v 1 -12 14
v 1 -11 14
v 2 -12 14
v 3 21 14
v 3 21 15
v 3 22 15
v 3 22 14
v 4 21 14
v 4 22 14
v 4 22 15
v 4 21 15
v 1 20 15
v 1 21 15
v 1 21 14
v 2 21 15
v 2 21 14
v 2 20 14
v 2 20 15
v 3 20 14
v 3 20 15
v 4 20 14
v 4 20 15
v 0 19 15
v 0 20 15
v 1 19 15
v 2 19 14
v 2 19 15
v -3 6 15
v -3 7 15
v -3 7 14
v -2 7 15
v -1 7 15
v 0 7 15
v 1 7 15
v 2 7 15
v 3 7 15
v 4 7 14
v 4 7 15
v 4 6 15
v -5 5 15
v -5 6 15
v -5 6 14
v -4 6 15
v 5 6 15
v 6 6 14
v 6 6 15
v 6 5 15
v -6 4 15
v -6 5 15
v 7 5 15
v 7 4 15
v -7 3 15
v -7 4 15
v 8 4 15
v 8 3 15
v -8 2 15
v -8 3 15
v 9 3 15
v 9 2 15
v -8 1 15
v 9 1 15
v -9 0 15
v -9 1 15
v -9 1 14
v 10 1 14
v 10 1 15
v 10 0 15
v -9 -1 15
v 10 -1 15
v -9 -2 15
v 10 -2 15
v -9 -3 15
v 10 -3 15
v -9 -4 15
v -8 -4 15
v 10 -4 15
v 9 -4 15
v -8 -5 15
v 9 -5 15
v -8 -6 15
v 9 -6 15
v -8 -7 15
v 9 -7 15
v -8 -8 15
v -7 -8 15
v -7 -7 15
v 9 -8 15
v 8 -8 15
v 8 -7 15
v -7 -9 15
v -6 -9 15
v 8 -9 15
v 7 -9 15
v -6 -10 15
v -5 -10 15
v -5 -9 15
v -4 -10 15
v 6 -10 15
v 5 -10 15
v 7 -10 15
v 6 -9 15
v -4 -11 15
v -3 -11 15
v -3 -10 15
v -2 -11 15
v -1 -11 15
v 0 -11 15
v 1 -11 15
v 2 -11 15
v 3 -11 15
v 4 -11 15
v 5 -11 15
v 4 -10 15
v 5 22 15
v 5 22 16
v 5 23 16
v 5 23 15
v 6 23 16
v 6 23 15
v 6 22 15
v 6 22 16
v 7 22 15
v 7 23 15
v 7 23 16
v 7 22 16
v 3 21 16
v 3 22 16
v 4 22 16
v 4 21 16
v 5 21 15
v 5 21 16
v 6 21 15
v 6 21 16
v 3 20 16
v 4 20 16
v -4 6 16
v -4 7 16
v -4 7 15
v -3 7 16
v -2 7 16
v -1 7 16
v 0 7 16
v 1 7 16
v 2 7 16
v 3 7 16
v 4 7 16
v 5 7 15
v 5 7 16
v 5 6 16
v -5 5 16
v -5 6 16
v 6 6 16
v 6 5 16
v -7 4 16
v -7 5 16
v -7 5 15
v -6 5 16
v 7 5 16
v 8 5 15
v 8 5 16
v 8 4 16
v -8 3 16
v -8 4 16
v -8 4 15
v 9 4 15
v 9 4 16
v 9 3 16
v -8 2 16
v 9 2 16
v -9 1 16
v -9 2 16
v -9 2 15
v 10 2 15
v 10 2 16
v 10 1 16
v -9 0 16
v 10 0 16
v -9 -1 16
v 10 -1 16
v -9 -2 16
v 10 -2 16
v -9 -3 16
v 10 -3 16
v -9 -4 16
v 10 -4 16
v -9 -5 15
v -9 -5 16
v -8 -5 16
v 10 -5 15
v 10 -5 16
v 9 -5 16
v -8 -6 16
v 9 -6 16
v -8 -7 16
v -7 -7 16
v 9 -7 16
v 8 -7 16
v -7 -8 16
v 8 -8 16
v -7 -9 16
v -6 -9 16
v -6 -8 16
v -5 -9 16
v 7 -9 16
v 6 -9 16
v 8 -9 16
v 7 -8 16
v -5 -10 16
v -4 -10 16
v -4 -9 16
v -3 -10 16
v 5 -10 16
v 4 -10 16
v 6 -10 16
v 5 -9 16
v -3 -11 16
v -2 -11 16
v -2 -10 16
v -1 -11 16
v -1 -10 16
v 0 -11 16
v 0 -10 16
v 1 -11 16
v 1 -10 16
v 2 -11 16
v 2 -10 16
v 3 -11 16
v 3 -10 16
v 4 -11 16
v 6 23 17
v 6 24 17
v 6 24 16
v 7 24 17
v 7 24 16
v 7 23 17
v 8 23 16
v 8 24 16
v 8 24 17
v 8 23 17
v 6 22 17
v 7 22 17
v -4 6 17
v -4 7 17
v -3 7 17
v -2 7 17
v -1 7 17
v 0 7 17
v 1 7 17
v 2 7 17
v 3 7 17
v 4 7 17
v 5 7 17
v 5 6 17
v -6 5 17
v -6 6 17
v -6 6 16
v -5 6 17
v 6 6 17
v 7 6 16
v 7 6 17
v 7 5 17
v -7 4 17
v -7 5 17
v 8 5 17
v 8 4 17
v -8 3 17
v -8 4 17
v 9 4 17
v 9 3 17
v -8 2 17
v 9 2 17
v -9 1 17
v -9 2 17
v 10 2 17
v 10 1 17
v -9 0 17
v 10 0 17
v -9 -1 17
v 10 -1 17
v -9 -2 17
v 10 -2 17
v -9 -3 17
v 10 -3 17
v -9 -4 17
v 10 -4 17
v -9 -5 17
v -8 -5 17
v 10 -5 17
v 9 -5 17
v -8 -6 17
v 9 -6 17
v -8 -7 17
v -7 -7 17
v 9 -7 17
v 8 -7 17
v -7 -8 17
v -6 -8 17
v 8 -8 17
v 7 -8 17
v -6 -9 17
v -5 -9 17
v -4 -9 17
v 6 -9 17
v 5 -9 17
v 7 -9 17
v -4 -10 17
v -3 -10 17
v -2 -10 17
v -1 -10 17
v 0 -10 17
v 1 -10 17
v 2 -10 17
v 3 -10 17
v 4 -10 17
v 5 -10 17
v 0 7 18
v 0 8 18
v 0 8 17
v 1 8 17
v 1 8 18
v 1 7 18
v -4 6 18
v -4 7 18
v -3 7 18
v -2 7 18
v -1 7 18
v 2 7 18
v 3 7 18
v 4 7 18
v 5 7 18
v 5 6 18
v -6 5 18
v -6 6 18
v -5 6 18
v 6 6 18
v 7 6 18
v 7 5 18
v -7 4 18
v -7 5 18
v 8 5 18
v 8 4 18
v -8 3 18
v -8 4 18
v 9 4 18
v 9 3 18
v -8 2 18
v 9 2 18
v -9 1 18
v -9 2 18
v 10 2 18
v 10 1 18
v -9 0 18
v 10 0 18
v -9 -1 18
v 10 -1 18
v -10 -2 17
v -10 -2 18
v -10 -1 18
v -10 -1 17
v -9 -2 18
v 11 -2 17
v 11 -1 17
v 11 -1 18
v 11 -2 18
v 10 -2 18
v -9 -3 18
v 10 -3 18
v -9 -4 18
v 10 -4 18
v -9 -5 18
v -8 -5 18
v 10 -5 18
v 9 -5 18
v -8 -6 18
v 9 -6 18
v -8 -7 18
v -7 -7 18
v 9 -7 18
v 8 -7 18
v -7 -8 18
v -6 -8 18
v 8 -8 18
v 7 -8 18
v -6 -9 18
v -5 -9 18
v -4 -9 18
v 6 -9 18
v 5 -9 18
v 7 -9 18
v -4 -10 18
v -3 -10 18
v -2 -10 18
v -1 -10 18
v 0 -10 18
v 2 -10 18
v 1 -10 18
v 3 -10 18
v 4 -10 18
v 5 -10 18
v 0 -11 17
v 0 -11 18
v 1 -11 17
v 1 -11 18
v -4 6 19
v -4 7 19
v -3 7 19
v -2 7 19
v -1 7 19
v 0 7 19
v 1 7 19
v 2 7 19
v 3 7 19
v 4 7 19
v 5 7 19
v 5 6 19
v -6 5 19
v -6 6 19
v -5 6 19
v -5 5 19
v 6 6 19
v 7 6 19
v 7 5 19
v 6 5 19
v -7 4 19
v -7 5 19
v 8 5 19
v 8 4 19
v -8 3 19
v -8 4 19
v 9 4 19
v 9 3 19
v -8 2 19
v 9 2 19
v -9 1 19
v -9 2 19
v 10 2 19
v 10 1 19
v -9 0 19
v 10 0 19
v -9 -1 19
v 10 -1 19
v -9 -2 19
v 10 -2 19
v -9 -3 19
v 10 -3 19
v -9 -4 19
v 10 -4 19
v -9 -5 19
v -8 -5 19
v 10 -5 19
v 9 -5 19
v -8 -6 19
v 9 -6 19
v -8 -7 19
v -7 -7 19
v 9 -7 19
v 8 -7 19
v -7 -8 19
v -6 -8 19
v 8 -8 19
v 7 -8 19
v -6 -9 19
v -5 -9 19
v -5 -8 19
v -4 -9 19
v 6 -9 19
v 5 -9 19
v 7 -9 19
v 6 -8 19
v -4 -10 19
v -3 -10 19
v -2 -10 19
v -1 -10 19
v 0 -10 19
v 1 -10 19
v 2 -10 19
v 3 -10 19
v 4 -10 19
v 5 -10 19
v -4 6 20
v -4 7 20
v -3 7 20
v -3 6 20
v -2 7 20
v -1 7 20
v 0 7 20
v 1 7 20
v 2 7 20
v 3 7 20
v 4 7 20
v 5 7 20
v 5 6 20
v 4 6 20
v -5 5 20
v -5 6 20
v 6 6 20
v 6 5 20
v -7 4 20
v -7 5 20
v -6 5 20
v -6 4 20
v 7 5 20
v 8 5 20
v 8 4 20
v 7 4 20
v -8 3 20
v -8 4 20
v -7 3 20
v 9 4 20
v 9 3 20
v 8 3 20
v -8 2 20
v 9 2 20
v -9 1 20
v -9 2 20
v -8 1 20
v 10 2 20
v 10 1 20
v 9 1 20
v -9 0 20
v 10 0 20
v -9 -1 20
v 10 -1 20
v -9 -2 20
v 10 -2 20
v -9 -3 20
v 10 -3 20
v -9 -4 20
v 10 -4 20
v -9 -5 20
v -8 -5 20
v -8 -4 20
v 10 -5 20
v 9 -5 20
v 9 -4 20
v -8 -6 20
v 9 -6 20
v -8 -7 20
v -7 -7 20
v -7 -6 20
v 9 -7 20
v 8 -7 20
v 8 -6 20
v -7 -8 20
v -6 -8 20
v -6 -7 20
v -5 -8 20
v 7 -8 20
v 6 -8 20
v 8 -8 20
v 7 -7 20
v -5 -9 20
v -4 -9 20
v 6 -9 20
v 5 -9 20
v -4 -10 20
v -3 -10 20
v -3 -9 20
v -2 -10 20
v -1 -10 20
v 0 -10 20
v 1 -10 20
v 2 -10 20
v 3 -10 20
v 4 -10 20
v 5 -10 20
v 4 -9 20
v -3 6 21
v -3 7 21
v -2 7 21
v -2 6 21
v -1 7 21
v 0 7 21
v 1 7 21
v 2 7 21
v 3 7 21
v 4 7 21
v 4 6 21
v 3 6 21
v -5 5 21
v -5 6 21
v -4 6 21
v -4 5 21
v 5 6 21
v 6 6 21
v 6 5 21
v 5 5 21
v -6 4 21
v -6 5 21
v 7 5 21
v 7 4 21
v -7 3 21
v -7 4 21
v 8 4 21
v 8 3 21
v -8 2 21
v -8 3 21
v 9 3 21
v 9 2 21
v -8 1 21
v 9 1 21
v -9 0 21
v -9 1 21
v -8 0 21
v 10 1 21
v 10 0 21
v 9 0 21
v -9 -1 21
v 10 -1 21
v -9 -2 21
v 10 -2 21
v -9 -3 21
v 10 -3 21
v -9 -4 21
v -8 -4 21
v -8 -3 21
v 10 -4 21
v 9 -4 21
v 9 -3 21
v -8 -5 21
v 9 -5 21
v -8 -6 21
v -7 -6 21
v 9 -6 21
v 8 -6 21
v -7 -7 21
v -6 -7 21
v 8 -7 21
v 7 -7 21
v -6 -8 21
v -5 -8 21
v 7 -8 21
v 6 -8 21
v -5 -9 21
v -4 -9 21
v -4 -8 21
v -3 -9 21
v 5 -9 21
v 4 -9 21
v 6 -9 21
v 5 -8 21
v -3 -10 21
v -2 -10 21
v -2 -9 21
v -1 -10 21
v 0 -10 21
v 1 -10 21
v 2 -10 21
v 3 -10 21
v 4 -10 21
v 3 -9 21
v -2 6 22
v -2 7 22
v -1 7 22
v -1 6 22
v 0 7 22
v 0 6 22
v 1 7 22
v 1 6 22
v 2 7 22
v 2 6 22
v 3 7 22
v 3 6 22
v -4 5 22
v -4 6 22
v -3 6 22
v -3 5 22
v 4 6 22
v 5 6 22
v 5 5 22
v 4 5 22
v -6 4 22
v -6 5 22
v -5 5 22
v -5 4 22
v 6 5 22
v 7 5 22
v 7 4 22
v 6 4 22
v -7 3 22
v -7 4 22
v -6 3 22
v 8 4 22
v 8 3 22
v 7 3 22
v -8 2 22
v -8 3 22
v -7 2 22
v 9 3 22
v 9 2 22
v 8 2 22
v -9 1 22
v -9 2 22
v -9 2 21
v -8 1 22
v -7 1 22
v 8 1 22
v 9 1 22
v 10 2 21
v 10 2 22
v 10 1 22
v -8 0 22
v 9 0 22
v -9 -1 22
v -9 0 22
v -8 -1 22
v 10 0 22
v 10 -1 22
v 9 -1 22
v -9 -2 22
v -8 -2 22
v 10 -2 22
v 9 -2 22
v -9 -3 22
v -8 -3 22
v 10 -3 22
v 9 -3 22
v -8 -4 22
v 9 -4 22
v -8 -5 22
v -7 -5 22
v -7 -4 22
v 9 -5 22
v 8 -5 22
v 8 -4 22
v -8 -6 22
v -7 -6 22
v 9 -6 22
v 8 -6 22
v -7 -7 22
v -6 -7 22
v -6 -6 22
v 8 -7 22
v 7 -7 22
v 7 -6 22
v -6 -8 22
v -5 -8 22
v -5 -7 22
v -4 -8 22
v 6 -8 22
v 5 -8 22
v 7 -8 22
v 6 -7 22
v -4 -9 22
v -3 -9 22
v -3 -8 22
v -2 -9 22
v 4 -9 22
v 3 -9 22
v 5 -9 22
v 4 -8 22
v -2 -10 22
v -1 -10 22
v -1 -9 22
v 0 -10 22
v 0 -9 22
v 1 -10 22
v 1 -9 22
v 2 -10 22
v 2 -9 22
v 3 -10 22
v -3 5 23
v -3 6 23
v -2 6 23
v -2 5 23
v -1 6 23
v -1 5 23
v 0 6 23
v 1 6 23
v 2 6 23
v 3 6 23
v 2 5 23
v 3 5 23
v 4 6 23
v 4 5 23
v -5 4 23
v -5 5 23
v -4 5 23
v -4 4 23
v 5 5 23
v 6 5 23
v 6 4 23
v 5 4 23
v -6 3 23
v -6 4 23
v -5 3 23
v 7 4 23
v 7 3 23
v 6 3 23
v -7 2 23
v -7 3 23
v -6 2 23
v 8 3 23
v 8 2 23
v 7 2 23
v -7 1 23
v 8 1 23
v -8 0 23
v -8 1 23
v -7 0 23
v 9 1 23
v 9 0 23
v 8 0 23
v -8 -1 23
v -7 -1 23
v 9 -1 23
v 8 -1 23
v -8 -2 23
v 9 -2 23
v -8 -3 23
v -7 -3 23
v -7 -2 23
v 9 -3 23
v 8 -3 23
v 8 -2 23
v -8 -4 23
v -7 -4 23
v 9 -4 23
v 8 -4 23
v -7 -5 23
v 8 -5 23
v -7 -6 23
v -6 -6 23
v -6 -5 23
v 8 -6 23
v 7 -6 23
v 7 -5 23
v -6 -7 23
v -5 -7 23
v -5 -6 23
v 7 -7 23
v 6 -7 23
v 6 -6 23
v -5 -8 23
v -4 -8 23
v -4 -7 23
v -3 -8 23
v 5 -8 23
v 4 -8 23
v 6 -8 23
v 5 -7 23
v -3 -9 23
v -2 -9 23
v -2 -8 23
v -1 -9 23
v -1 -8 23
v 0 -9 23
v 1 -9 23
v 2 -9 23
v 3 -9 23
v 3 -8 23
v 2 -8 23
v 4 -9 23
v -1 5 24
v -1 6 24
v 0 6 24
v 0 5 24
v 1 6 24
v 1 5 24
v 2 6 24
v 2 5 24
v -4 4 24
v -4 5 24
v -3 5 24
v -3 4 24
v -2 5 24
v -2 4 24
v 3 5 24
v 4 5 24
v 3 4 24
v 4 4 24
v 5 5 24
v 5 4 24
v -5 3 24
v -5 4 24
v -4 3 24
v 6 4 24
v 6 3 24
v 5 3 24
v -6 2 24
v -6 3 24
v -5 2 24
v 7 3 24
v 7 2 24
v 6 2 24
v -7 1 24
v -7 2 24
v -6 1 24
v 8 2 24
v 8 1 24
v 7 1 24
v -7 0 24
v -6 0 24
v 8 0 24
v 7 0 24
v -7 -1 24
v 8 -1 24
v -8 -2 24
v -8 -1 24
v -7 -2 24
v 9 -1 24
v 9 -2 24
v 8 -2 24
v -7 -3 24
v 8 -3 24
v -7 -4 24
v -6 -4 24
v -6 -3 24
v 8 -4 24
v 7 -4 24
v 7 -3 24
v -7 -5 24
v -6 -5 24
v 8 -5 24
v 7 -5 24
v -6 -6 24
v -5 -6 24
v -5 -5 24
v 7 -6 24
v 6 -6 24
v 6 -5 24
v -5 -7 24
v -4 -7 24
v -4 -6 24
v 6 -7 24
v 5 -7 24
v 5 -6 24
v -4 -8 24
v -3 -8 24
v -3 -7 24
v -2 -8 24
v -2 -7 24
v -1 -8 24
v 3 -8 24
v 2 -8 24
v 4 -8 24
v 4 -7 24
v 3 -7 24
v 5 -8 24
v -1 -9 24
v 0 -9 24
v 0 -8 24
v 1 -9 24
v 1 -8 24
v 2 -9 24
v -24 -24 23
v -24 -24 24
v -24 -23 24
v -24 -23 23
v -23 -24 23
v -23 -24 24
v -23 -23 24
v -23 -23 23
v -22 -24 23
v -22 -24 24
v -22 -23 24
v -22 -23 23
v -21 -24 23
v -21 -24 24
v -21 -23 24
v -21 -23 23
v -20 -24 23
v -20 -23 23
v -20 -23 24
v -20 -24 24
v -5 -24 23
v -5 -24 24
v -5 -23 24
v -5 -23 23
v -4 -24 23
v -4 -24 24
v -4 -23 24
v -4 -23 23
v -3 -24 23
v -3 -24 24
v -3 -23 24
v -3 -23 23
v -2 -24 23
v -2 -24 24
v -2 -23 24
v -2 -23 23
v -1 -24 23
v -1 -24 24
v -1 -23 24
v -1 -23 23
v 0 -24 23
v 0 -24 24
v 0 -23 24
v 0 -23 23
v 1 -24 23
v 1 -24 24
v 1 -23 24
v 1 -23 23
v 2 -24 23
v 2 -24 24
v 2 -23 24
v 2 -23 23
v 3 -24 23
v 3 -24 24
v 3 -23 24
v 3 -23 23
v 4 -24 23
v 4 -24 24
v 4 -23 24
v 4 -23 23
v 5 -24 23
v 5 -23 23
v 5 -23 24
v 5 -24 24
v 20 -24 23
v 20 -24 24
v 20 -23 24
v 20 -23 23
v 21 -24 23
v 21 -24 24
v 21 -23 24
v 21 -23 23
v 22 -24 23
v 22 -24 24
v 22 -23 24
v 22 -23 23
v 23 -24 23
v 23 -24 24
v 23 -23 24
v 23 -23 23
v 24 -24 23
v 24 -23 23
v 24 -23 24
v 24 -24 24
v -20 -25 23
v -20 -25 24
v -19 -25 23
v -19 -25 24
v -19 -24 24
v -19 -24 23
v -18 -25 23
v -18 -24 23
v -18 -24 24
v -18 -25 24
v -8 -25 23
v -8 -25 24
v -8 -24 24
v -8 -24 23
v -7 -25 23
v -7 -25 24
v -7 -24 24
v -7 -24 23
v -6 -25 23
v -6 -25 24
v -6 -24 24
v -6 -24 23
v -5 -25 23
v -5 -25 24
v 5 -25 23
v 5 -25 24
v 6 -25 23
v 6 -25 24
v 6 -24 24
v 6 -24 23
v 7 -25 23
v 7 -25 24
v 7 -24 24
v 7 -24 23
v 8 -25 23
v 8 -24 23
v 8 -24 24
v 8 -25 24
v 17 -25 23
v 17 -25 24
v 17 -24 24
v 17 -24 23
v 18 -25 23
v 18 -25 24
v 18 -24 24
v 18 -24 23
v 19 -25 23
v 19 -25 24
v 19 -24 24
v 19 -24 23
v 20 -25 23
v 20 -25 24
v -18 -26 23
v -18 -26 24
v -17 -26 23
v -17 -26 24
v -17 -25 24
v -17 -25 23
v -16 -26 23
v -16 -26 24
v -16 -25 24
v -16 -25 23
v -15 -26 23
v -15 -26 24
v -15 -25 24
v -15 -25 23
v -14 -26 23
v -14 -26 24
v -14 -25 24
v -14 -25 23
v -13 -26 23
v -13 -26 24
v -13 -25 24
v -13 -25 23
v -12 -26 23
v -12 -26 24
v -12 -25 24
v -12 -25 23
v -11 -26 23
v -11 -26 24
v -11 -25 24
v -11 -25 23
v -10 -26 23
v -10 -26 24
v -10 -25 24
v -10 -25 23
v -9 -26 23
v -9 -26 24
v -9 -25 24
v -9 -25 23
v -8 -26 23
v -8 -26 24
v 8 -26 23
v 8 -26 24
v 9 -26 23
v 9 -26 24
v 9 -25 24
v 9 -25 23
v 10 -26 23
v 10 -26 24
v 10 -25 24
v 10 -25 23
v 11 -26 23
v 11 -26 24
v 11 -25 24
v 11 -25 23
v 12 -26 23
v 12 -26 24
v 12 -25 24
v 12 -25 23
v 13 -26 23
v 13 -26 24
v 13 -25 24
v 13 -25 23
v 14 -26 23
v 14 -26 24
v 14 -25 24
v 14 -25 23
v 15 -26 23
v 15 -26 24
v 15 -25 24
v 15 -25 23
v 16 -26 23
v 16 -26 24
v 16 -25 24
v 16 -25 23
v 17 -26 23
v 17 -26 24
v -2 4 25
v -2 5 25
v -1 5 25
v -1 4 25
v 0 5 25
v 0 4 25
v 1 5 25
v 1 4 25
v 2 5 25
v 2 4 25
v 3 5 25
v 3 4 25
v -4 3 25
v -4 4 25
v -3 4 25
v -3 3 25
v -2 3 25
v 4 4 25
v 3 3 25
v 4 3 25
v 5 4 25
v 5 3 25
v -5 2 25
v -5 3 25
v -4 2 25
v 6 3 25
v 6 2 25
v 5 2 25
v -6 1 25
v -6 2 25
v -5 1 25
v -4 1 25
v 5 1 25
v 6 1 25
v 7 2 25
v 7 1 25
v -6 0 25
v -5 0 25
v 7 0 25
v 6 0 25
v -7 -1 25
v -7 0 25
v -6 -1 25
v -5 -1 25
v 6 -1 25
v 7 -1 25
v 8 0 25
v 8 -1 25
v -7 -2 25
v -6 -2 25
v 8 -2 25
v 7 -2 25
v -7 -3 25
v -6 -3 25
v -5 -3 25
v -5 -2 25
v 6 -3 25
v 7 -3 25
v 6 -2 25
v 8 -3 25
v -6 -4 25
v -5 -4 25
v 7 -4 25
v 6 -4 25
v -6 -5 25
v -5 -5 25
v -4 -5 25
v -4 -4 25
v 5 -5 25
v 6 -5 25
v 5 -4 25
v 7 -5 25
v -5 -6 25
v -4 -6 25
v 6 -6 25
v 5 -6 25
v -4 -7 25
v -3 -7 25
v -3 -6 25
v -2 -7 25
v -2 -6 25
v 4 -7 25
v 3 -7 25
v 4 -6 25
v 3 -6 25
v 5 -7 25
v -2 -8 25
v -1 -8 25
v -1 -7 25
v 0 -8 25
v 0 -7 25
v 1 -8 25
v 1 -7 25
v 2 -8 25
v 2 -7 25
v 3 -8 25
v -2 3 26
v -2 4 26
v -1 4 26
v -1 3 26
v 0 4 26
v 0 3 26
v 1 4 26
v 1 3 26
v 2 4 26
v 2 3 26
v 3 4 26
v 3 3 26
v -4 2 26
v -4 3 26
v -3 3 26
v -3 2 26
v -2 2 26
v -1 2 26
v 0 2 26
v 1 2 26
v 2 2 26
v 3 2 26
v 4 3 26
v 4 2 26
v 5 3 26
v 5 2 26
v -4 1 26
v -3 1 26
v -2 1 26
v 3 1 26
v 4 1 26
v 5 1 26
v -5 0 26
v -5 1 26
v -4 0 26
v -3 0 26
v 4 0 26
v 5 0 26
v 6 1 26
v 6 0 26
v -5 -1 26
v -4 -1 26
v 6 -1 26
v 5 -1 26
v -6 -2 26
v -6 -1 26
v -5 -2 26
v -4 -2 26
v 5 -2 26
v 6 -2 26
v 7 -1 26
v 7 -2 26
v -5 -3 26
v -4 -3 26
v 6 -3 26
v 5 -3 26
v -5 -4 26
v -4 -4 26
v -3 -4 26
v -3 -3 26
v 4 -4 26
v 5 -4 26
v 4 -3 26
v 6 -4 26
v -4 -5 26
v -3 -5 26
v -2 -5 26
v -2 -4 26
v 3 -5 26
v 4 -5 26
v 3 -4 26
v 5 -5 26
v -4 -6 26
v -3 -6 26
v -2 -6 26
v -1 -6 26
v -1 -5 26
v 0 -6 26
v 0 -5 26
v 1 -6 26
v 1 -5 26
v 2 -6 26
v 2 -5 26
v 3 -6 26
v 4 -6 26
v 5 -6 26
v -2 -7 26
v -1 -7 26
v 0 -7 26
v 1 -7 26
v 2 -7 26
v 3 -7 26
v -2 1 27
v -2 2 27
v -1 2 27
v -1 1 27
v 0 2 27
v 0 1 27
v 1 2 27
v 1 1 27
v 2 2 27
v 2 1 27
v 3 2 27
v 3 1 27
v -3 0 27
v -3 1 27
v -2 0 27
v -1 0 27
v 0 0 27
v 1 0 27
v 2 0 27
v 3 0 27
v 4 1 27
v 4 0 27
v -4 -1 27
v -4 0 27
v -3 -1 27
v -2 -1 27
v -1 -1 27
v 0 -1 27
v 1 -1 27
v 2 -1 27
v 3 -1 27
v 4 -1 27
v 5 0 27
v 5 -1 27
v -4 -2 27
v -3 -2 27
v -2 -2 27
v -1 -2 27
v 0 -2 27
v 1 -2 27
v 2 -2 27
v 3 -2 27
v 4 -2 27
v 5 -2 27
v -4 -3 27
v -3 -3 27
v -2 -3 27
v -1 -3 27
v 0 -3 27
v 1 -3 27
v 2 -3 27
v 3 -3 27
v 4 -3 27
v 5 -3 27
v -3 -4 27
v -2 -4 27
v -1 -4 27
v 0 -4 27
v 1 -4 27
v 2 -4 27
v 3 -4 27
v 4 -4 27
v -2 -5 27
v -1 -5 27
v 0 -5 27
v 1 -5 27
v 2 -5 27
v 3 -5 27
v 0 -2 28
v 0 -1 28
v 1 -1 28
v 1 -2 28
vn -1 0 0
vn 1 0 0
vn 0 -1 0
vn 0 1 0
vn 0 0 -1
vn 0 0 1
s off
g glyph_35
f 1//1 2//1 3//1 4//1
f 5//2 6//2 7//2 8//2
f 1//3 5//3 8//3 2//3
f 4//4 3//4 7//4 6//4
f 1//5 4//5 6//5 5//5
f 2//6 8//6 7//6 3//6
f 9//1 10//1 11//1 12//1
f 13//2 14//2 15//2 16//2
f 9//3 13//3 16//3 10//3
f 12//4 11//4 15//4 14//4
f 9//5 12//5 14//5 13//5
f 10//6 16//6 15//6 11//6
f 17//1 18//1 8//1 5//1
f 17//3 19//3 20//3 18//3
f 5//4 8//4 21//4 22//4
f 17//5 5//5 22//5 19//5
f 23//2 24//2 25//2 26//2
f 19//3 23//3 26//3 20//3
f 22//4 21//4 25//4 24//4
f 19//5 22//5 24//5 23//5
f 27//1 28//1 29//1 30//1
f 27//3 31//3 32//3 28//3
f 30//4 29//4 33//4 34//4
f 27//5 30//5 34//5 31//5
f 35//2 9//2 10//2 36//2
f 31//3 35//3 36//3 32//3
f 34//4 33//4 10//4 9//4
f 31//5 34//5 9//5 35//5
f 8//1 37//1 38//1 7//1
f 7//4 38//4 39//4 40//4
f 8//5 7//5 40//5 21//5
f 37//6 41//6 39//6 38//6
f 40//4 39//4 42//4 43//4
f 21//5 40//5 43//5 25//5
f 41//6 44//6 42//6 39//6
f 45//2 46//2 47//2 48//2
f 43//4 42//4 47//4 46//4
f 25//5 43//5 46//5 45//5
f 44//6 48//6 47//6 42//6
f 49//1 50//1 51//1 52//1
f 52//4 51//4 53//4 54//4
f 49//5 52//5 54//5 29//5
f 50//6 55//6 53//6 51//6
f 54//4 53//4 56//4 57//4
f 29//5 54//5 57//5 33//5
f 55//6 58//6 56//6 53//6
f 10//2 11//2 59//2 60//2
f 57//4 56//4 59//4 11//4
f 33//5 57//5 11//5 10//5
f 58//6 60//6 59//6 56//6
f 18//1 61//1 37//1 8//1
f 18//3 20//3 62//3 61//3
f 61//6 62//6 41//6 37//6
f 20//3 26//3 63//3 62//3
f 26//3 64//3 65//3 63//3
f 26//5 25//5 45//5 64//5
f 45//4 48//4 66//4 67//4
f 64//5 45//5 67//5 68//5
f 67//4 66//4 69//4 70//4
f 68//5 67//5 70//5 71//5
f 72//2 73//2 74//2 75//2
f 70//4 69//4 74//4 73//4
f 71//5 70//5 73//5 72//5
f 76//1 77//1 78//1 79//1
f 79//4 78//4 80//4 81//4
f 76//5 79//5 81//5 82//5
f 81//4 80//4 83//4 84//4
f 82//5 81//5 84//5 85//5
f 84//4 83//4 50//4 49//4
f 85//5 84//5 49//5 86//5
f 86//3 28//3 87//3 88//3
f 86//5 49//5 29//5 28//5
f 28//3 32//3 89//3 87//3
f 36//2 10//2 60//2 90//2
f 32//3 36//3 90//3 89//3
f 89//6 90//6 60//6 58//6
f 91//1 92//1 65//1 64//1
f 91//3 93//3 94//3 92//3
f 91//5 64//5 68//5 93//5
f 93//3 95//3 96//3 94//3
f 93//5 68//5 71//5 95//5
f 95//3 97//3 98//3 96//3
f 95//5 71//5 72//5 97//5
f 97//3 99//3 100//3 98//3
f 72//4 75//4 101//4 102//4
f 97//5 72//5 102//5 99//5
f 103//2 104//2 105//2 106//2
f 99//3 103//3 106//3 100//3
f 102//4 101//4 105//4 104//4
f 99//5 102//5 104//5 103//5
f 107//1 108//1 109//1 110//1
f 107//3 111//3 112//3 108//3
f 110//4 109//4 113//4 114//4
f 107//5 110//5 114//5 111//5
f 111//3 115//3 116//3 112//3
f 114//4 113//4 77//4 76//4
f 111//5 114//5 76//5 115//5
f 115//3 117//3 118//3 116//3
f 115//5 76//5 82//5 117//5
f 117//3 119//3 120//3 118//3
f 117//5 82//5 85//5 119//5
f 121//2 86//2 88//2 122//2
f 119//3 121//3 122//3 120//3
f 119//5 85//5 86//5 121//5
f 62//1 131//1 132//1 41//1
f 41//4 132//4 133//4 44//4
f 44//4 133//4 134//4 48//4
f 48//4 134//4 135//4 66//4
f 136//6 137//6 135//6 134//6
f 66//4 135//4 138//4 69//4
f 137//6 139//6 138//6 135//6
f 75//2 74//2 140//2 141//2
f 69//4 138//4 140//4 74//4
f 139//6 141//6 140//6 138//6
f 77//1 142//1 143//1 78//1
f 78//4 143//4 144//4 80//4
f 142//6 145//6 144//6 143//6
f 80//4 144//4 146//4 83//4
f 145//6 147//6 146//6 144//6
f 83//4 146//4 148//4 50//4
f 147//6 149//6 148//6 146//6
f 50//4 148//4 150//4 55//4
f 89//2 58//2 151//2 152//2
f 55//4 150//4 151//4 58//4
f 153//1 154//1 131//1 62//1
f 153//3 155//3 156//3 154//3
f 153//5 62//5 63//5 155//5
f 154//6 156//6 157//6 131//6
f 155//3 92//3 158//3 156//3
f 155//5 63//5 65//5 92//5
f 92//3 94//3 159//3 158//3
f 94//3 96//3 160//3 159//3
f 96//3 98//3 161//3 160//3
f 75//4 141//4 162//4 101//4
f 101//4 162//4 163//4 105//4
f 105//4 163//4 164//4 165//4
f 106//5 105//5 165//5 166//5
f 165//4 164//4 167//4 168//4
f 166//5 165//5 168//5 169//5
f 168//4 167//4 170//4 171//4
f 169//5 168//5 171//5 172//5
f 173//6 174//6 170//6 167//6
f 171//4 170//4 175//4 176//4
f 172//5 171//5 176//5 177//5
f 174//6 178//6 175//6 170//6
f 179//2 180//2 181//2 182//2
f 176//4 175//4 181//4 180//4
f 177//5 176//5 180//5 179//5
f 178//6 182//6 181//6 175//6
f 183//1 184//1 185//1 186//1
f 186//4 185//4 187//4 188//4
f 183//5 186//5 188//5 189//5
f 184//6 190//6 187//6 185//6
f 188//4 187//4 191//4 192//4
f 189//5 188//5 192//5 193//5
f 190//6 194//6 191//6 187//6
f 192//4 191//4 195//4 196//4
f 193//5 192//5 196//5 197//5
f 194//6 198//6 195//6 191//6
f 196//4 195//4 199//4 200//4
f 197//5 196//5 200//5 201//5
f 200//4 199//4 202//4 109//4
f 201//5 200//5 109//5 108//5
f 109//4 202//4 203//4 113//4
f 113//4 203//4 142//4 77//4
f 116//3 118//3 204//3 205//3
f 118//3 120//3 206//3 204//3
f 120//3 122//3 207//3 206//3
f 122//3 208//3 209//3 207//3
f 122//5 88//5 87//5 208//5
f 210//2 89//2 152//2 211//2
f 208//3 210//3 211//3 209//3
f 208//5 87//5 89//5 210//5
f 209//6 211//6 152//6 212//6
f 213//1 214//1 161//1 98//1
f 213//3 215//3 216//3 214//3
f 213//5 98//5 100//5 215//5
f 215//3 217//3 218//3 216//3
f 215//5 100//5 106//5 217//5
f 217//3 219//3 220//3 218//3
f 217//5 106//5 166//5 219//5
f 219//3 221//3 222//3 220//3
f 219//5 166//5 169//5 221//5
f 221//3 223//3 224//3 222//3
f 221//5 169//5 172//5 223//5
f 223//3 225//3 226//3 224//3
f 223//5 172//5 177//5 225//5
f 225//3 227//3 228//3 226//3
f 225//5 177//5 179//5 227//5
f 179//4 182//4 229//4 230//4
f 227//5 179//5 230//5 231//5
f 232//2 233//2 234//2 235//2
f 230//4 229//4 234//4 233//4
f 231//5 230//5 233//5 232//5
f 236//1 237//1 238//1 239//1
f 239//4 238//4 240//4 241//4
f 236//5 239//5 241//5 242//5
f 241//4 240//4 184//4 183//4
f 242//5 241//5 183//5 243//5
f 243//3 244//3 245//3 246//3
f 243//5 183//5 189//5 244//5
f 244//3 247//3 248//3 245//3
f 244//5 189//5 193//5 247//5
f 247//3 249//3 250//3 248//3
f 247//5 193//5 197//5 249//5
f 249//3 251//3 252//3 250//3
f 249//5 197//5 201//5 251//5
f 251//3 253//3 254//3 252//3
f 251//5 201//5 108//5 253//5
f 253//3 255//3 256//3 254//3
f 253//5 108//5 112//5 255//5
f 257//2 116//2 205//2 258//2
f 255//3 257//3 258//3 256//3
f 255//5 112//5 116//5 257//5
f 259//1 260//1 228//1 227//1
f 259//3 261//3 262//3 260//3
f 259//5 227//5 231//5 261//5
f 261//3 263//3 264//3 262//3
f 261//5 231//5 232//5 263//5
f 263//3 265//3 266//3 264//3
f 232//4 235//4 267//4 268//4
f 263//5 232//5 268//5 265//5
f 269//2 270//2 271//2 272//2
f 265//3 269//3 272//3 266//3
f 268//4 267//4 271//4 270//4
f 265//5 268//5 270//5 269//5
f 285//1 286//1 287//1 288//1
f 285//3 289//3 290//3 286//3
f 288//4 287//4 291//4 292//4
f 285//5 288//5 292//5 289//5
f 289//3 293//3 294//3 290//3
f 292//4 291//4 237//4 236//4
f 289//5 292//5 236//5 293//5
f 293//3 295//3 296//3 294//3
f 293//5 236//5 242//5 295//5
f 297//2 243//2 246//2 298//2
f 295//3 297//3 298//3 296//3
f 295//5 242//5 243//5 297//5
f 131//1 315//1 316//1 132//1
f 131//3 157//3 317//3 315//3
f 132//4 316//4 318//4 133//4
f 315//6 317//6 318//6 316//6
f 136//2 134//2 319//2 320//2
f 133//4 318//4 319//4 134//4
f 317//6 320//6 319//6 318//6
f 149//1 321//1 322//1 148//1
f 148//4 322//4 323//4 150//4
f 321//6 324//6 323//6 322//6
f 152//2 151//2 325//2 326//2
f 212//3 152//3 326//3 324//3
f 150//4 323//4 325//4 151//4
f 324//6 326//6 325//6 323//6
f 156//1 327//1 317//1 157//1
f 156//3 158//3 328//3 327//3
f 136//4 320//4 329//4 137//4
f 137//4 329//4 330//4 139//4
f 139//4 330//4 331//4 141//4
f 141//4 331//4 332//4 162//4
f 162//4 332//4 333//4 163//4
f 334//6 335//6 333//6 332//6
f 163//4 333//4 336//4 164//4
f 335//6 337//6 336//6 333//6
f 173//2 167//2 338//2 339//2
f 164//4 336//4 338//4 167//4
f 337//6 339//6 338//6 336//6
f 198//1 340//1 341//1 195//1
f 195//4 341//4 342//4 199//4
f 340//6 343//6 342//6 341//6
f 199//4 342//4 344//4 202//4
f 343//6 345//6 344//6 342//6
f 202//4 344//4 346//4 203//4
f 345//6 347//6 346//6 344//6
f 203//4 346//4 348//4 142//4
f 142//4 348//4 349//4 145//4
f 145//4 349//4 350//4 147//4
f 147//4 350//4 321//4 149//4
f 209//2 212//2 324//2 351//2
f 207//3 209//3 351//3 352//3
f 353//1 354//1 328//1 158//1
f 353//3 355//3 356//3 354//3
f 353//5 158//5 159//5 355//5
f 355//3 357//3 358//3 356//3
f 355//5 159//5 160//5 357//5
f 357//3 214//3 359//3 358//3
f 357//5 160//5 161//5 214//5
f 214//3 216//3 360//3 359//3
f 216//3 218//3 361//3 360//3
f 218//3 220//3 362//3 361//3
f 220//3 222//3 363//3 362//3
f 173//4 339//4 364//4 174//4
f 174//4 364//4 365//4 178//4
f 178//4 365//4 366//4 182//4
f 182//4 366//4 367//4 229//4
f 368//6 369//6 367//6 366//6
f 229//4 367//4 370//4 234//4
f 369//6 371//6 370//6 367//6
f 234//4 370//4 372//4 373//4
f 235//5 234//5 373//5 267//5
f 371//6 374//6 372//6 370//6
f 271//2 375//2 376//2 377//2
f 373//4 372//4 376//4 375//4
f 267//5 373//5 375//5 271//5
f 374//6 377//6 376//6 372//6
f 287//1 384//1 385//1 386//1
f 386//4 385//4 387//4 388//4
f 287//5 386//5 388//5 291//5
f 384//6 389//6 387//6 385//6
f 388//4 387//4 390//4 238//4
f 291//5 388//5 238//5 237//5
f 389//6 391//6 390//6 387//6
f 238//4 390//4 392//4 240//4
f 391//6 393//6 392//6 390//6
f 240//4 392//4 394//4 184//4
f 393//6 395//6 394//6 392//6
f 184//4 394//4 396//4 190//4
f 190//4 396//4 397//4 194//4
f 194//4 397//4 340//4 198//4
f 250//3 252//3 398//3 399//3
f 252//3 254//3 400//3 398//3
f 254//3 256//3 401//3 400//3
f 256//3 258//3 402//3 401//3
f 258//3 403//3 404//3 402//3
f 258//5 205//5 204//5 403//5
f 403//3 405//3 406//3 404//3
f 403//5 204//5 206//5 405//5
f 407//2 207//2 352//2 408//2
f 405//3 407//3 408//3 406//3
f 405//5 206//5 207//5 407//5
f 409//1 410//1 363//1 222//1
f 409//3 411//3 412//3 410//3
f 409//5 222//5 224//5 411//5
f 411//3 413//3 414//3 412//3
f 411//5 224//5 226//5 413//5
f 413//3 260//3 415//3 414//3
f 413//5 226//5 228//5 260//5
f 260//3 262//3 416//3 415//3
f 262//3 264//3 417//3 416//3
f 264//3 266//3 418//3 417//3
f 266//3 272//3 419//3 418//3
f 271//4 377//4 420//4 421//4
f 272//5 271//5 421//5 422//5
f 421//4 420//4 423//4 424//4
f 422//5 421//5 424//5 425//5
f 424//4 423//4 426//4 427//4
f 425//5 424//5 427//5 428//5
f 429//2 430//2 431//2 432//2
f 427//4 426//4 431//4 430//4
f 428//5 427//5 430//5 429//5
f 433//6 432//6 431//6 426//6
f 438//1 439//1 440//1 441//1
f 441//4 440//4 442//4 443//4
f 438//5 441//5 443//5 444//5
f 439//6 445//6 442//6 440//6
f 443//4 442//4 446//4 447//4
f 444//5 443//5 447//5 448//5
f 447//4 446//4 449//4 450//4
f 448//5 447//5 450//5 451//5
f 450//4 449//4 384//4 287//4
f 451//5 450//5 287//5 286//5
f 286//3 290//3 452//3 453//3
f 290//3 294//3 454//3 452//3
f 294//3 296//3 455//3 454//3
f 296//3 298//3 456//3 455//3
f 298//3 457//3 458//3 456//3
f 298//5 246//5 245//5 457//5
f 457//3 459//3 460//3 458//3
f 457//5 245//5 248//5 459//5
f 461//2 250//2 399//2 462//2
f 459//3 461//3 462//3 460//3
f 459//5 248//5 250//5 461//5
f 463//1 464//1 419//1 272//1
f 463//3 465//3 466//3 464//3
f 463//5 272//5 422//5 465//5
f 465//3 467//3 468//3 466//3
f 465//5 422//5 425//5 467//5
f 467//3 469//3 470//3 468//3
f 467//5 425//5 428//5 469//5
f 469//3 471//3 472//3 470//3
f 469//5 428//5 429//5 471//5
f 473//3 474//3 475//3 476//3
f 473//5 438//5 444//5 474//5
f 474//3 477//3 478//3 475//3
f 474//5 444//5 448//5 477//5
f 477//3 479//3 480//3 478//3
f 477//5 448//5 451//5 479//5
f 481//2 286//2 453//2 482//2
f 479//3 481//3 482//3 480//3
f 479//5 451//5 286//5 481//5
f 327//1 501//1 502//1 317//1
f 317//4 502//4 503//4 320//4
f 501//6 504//6 503//6 502//6
f 320//4 503//4 505//4 329//4
f 504//6 506//6 505//6 503//6
f 329//4 505//4 507//4 330//4
f 506//6 508//6 507//6 505//6
f 330//4 507//4 509//4 331//4
f 508//6 510//6 509//6 507//6
f 334//2 332//2 511//2 512//2
f 331//4 509//4 511//4 332//4
f 510//6 512//6 511//6 509//6
f 347//1 513//1 514//1 346//1
f 346//4 514//4 515//4 348//4
f 513//6 516//6 515//6 514//6
f 348//4 515//4 517//4 349//4
f 516//6 518//6 517//6 515//6
f 349//4 517//4 519//4 350//4
f 518//6 520//6 519//6 517//6
f 350//4 519//4 521//4 321//4
f 520//6 522//6 521//6 519//6
f 351//2 324//2 523//2 524//2
f 321//4 521//4 523//4 324//4
f 522//6 524//6 523//6 521//6
f 525//1 526//1 501//1 327//1
f 525//3 354//3 527//3 526//3
f 525//5 327//5 328//5 354//5
f 526//6 527//6 504//6 501//6
f 354//3 356//3 528//3 527//3
f 356//3 358//3 529//3 528//3
f 358//3 359//3 530//3 529//3
f 334//4 512//4 531//4 335//4
f 335//4 531//4 532//4 337//4
f 337//4 532//4 533//4 339//4
f 339//4 533//4 534//4 364//4
f 535//6 536//6 534//6 533//6
f 364//4 534//4 537//4 365//4
f 536//6 538//6 537//6 534//6
f 368//2 366//2 539//2 540//2
f 365//4 537//4 539//4 366//4
f 538//6 540//6 539//6 537//6
f 395//1 541//1 542//1 394//1
f 394//4 542//4 543//4 396//4
f 541//6 544//6 543//6 542//6
f 396//4 543//4 545//4 397//4
f 544//6 546//6 545//6 543//6
f 397//4 545//4 547//4 340//4
f 546//6 548//6 547//6 545//6
f 340//4 547//4 549//4 343//4
f 343//4 549//4 550//4 345//4
f 345//4 550//4 513//4 347//4
f 402//3 404//3 551//3 552//3
f 404//3 406//3 553//3 551//3
f 406//3 408//3 554//3 553//3
f 555//2 351//2 524//2 556//2
f 408//3 555//3 556//3 554//3
f 408//5 352//5 351//5 555//5
f 554//6 556//6 524//6 522//6
f 557//1 558//1 530//1 359//1
f 557//3 559//3 560//3 558//3
f 557//5 359//5 360//5 559//5
f 559//3 561//3 562//3 560//3
f 559//5 360//5 361//5 561//5
f 561//3 563//3 564//3 562//3
f 561//5 361//5 362//5 563//5
f 563//3 410//3 565//3 564//3
f 563//5 362//5 363//5 410//5
f 410//3 412//3 566//3 565//3
f 412//3 414//3 567//3 566//3
f 414//3 415//3 568//3 567//3
f 368//4 540//4 569//4 369//4
f 369//4 569//4 570//4 371//4
f 371//4 570//4 571//4 374//4
f 374//4 571//4 572//4 377//4
f 377//4 572//4 573//4 420//4
f 574//6 575//6 573//6 572//6
f 420//4 573//4 576//4 423//4
f 575//6 577//6 576//6 573//6
f 433//2 426//2 578//2 579//2
f 423//4 576//4 578//4 426//4
f 577//6 579//6 578//6 576//6
f 445//1 588//1 589//1 442//1
f 442//4 589//4 590//4 446//4
f 588//6 591//6 590//6 589//6
f 446//4 590//4 592//4 449//4
f 591//6 593//6 592//6 590//6
f 449//4 592//4 594//4 384//4
f 593//6 595//6 594//6 592//6
f 384//4 594//4 596//4 389//4
f 389//4 596//4 597//4 391//4
f 391//4 597//4 598//4 393//4
f 393//4 598//4 541//4 395//4
f 456//3 458//3 599//3 600//3
f 458//3 460//3 601//3 599//3
f 460//3 462//3 602//3 601//3
f 462//3 603//3 604//3 602//3
f 462//5 399//5 398//5 603//5
f 603//3 605//3 606//3 604//3
f 603//5 398//5 400//5 605//5
f 605//3 607//3 608//3 606//3
f 605//5 400//5 401//5 607//5
f 609//2 402//2 552//2 610//2
f 607//3 609//3 610//3 608//3
f 607//5 401//5 402//5 609//5
f 611//1 612//1 568//1 415//1
f 611//3 613//3 614//3 612//3
f 611//5 415//5 416//5 613//5
f 613//3 615//3 616//3 614//3
f 613//5 416//5 417//5 615//5
f 615//3 617//3 618//3 616//3
f 615//5 417//5 418//5 617//5
f 617//3 464//3 619//3 618//3
f 617//5 418//5 419//5 464//5
f 464//3 466//3 620//3 619//3
f 466//3 468//3 621//3 620//3
f 468//3 470//3 622//3 621//3
f 621//6 622//6 579//6 577//6
f 470//3 472//3 623//3 622//3
f 433//4 579//4 624//4 432//4
f 622//6 623//6 624//6 579//6
f 476//3 475//3 629//3 628//3
f 439//4 626//4 588//4 445//4
f 628//6 629//6 588//6 626//6
f 475//3 478//3 630//3 629//3
f 629//6 630//6 591//6 588//6
f 478//3 480//3 631//3 630//3
f 480//3 482//3 632//3 631//3
f 482//3 633//3 634//3 632//3
f 482//5 453//5 452//5 633//5
f 633//3 635//3 636//3 634//3
f 633//5 452//5 454//5 635//5
f 635//3 637//3 638//3 636//3
f 635//5 454//5 455//5 637//5
f 639//2 456//2 600//2 640//2
f 637//3 639//3 640//3 638//3
f 637//5 455//5 456//5 639//5
f 527//1 669//1 670//1 504//1
f 504//4 670//4 671//4 506//4
f 669//6 672//6 671//6 670//6
f 506//4 671//4 673//4 508//4
f 508//4 673//4 674//4 510//4
f 510//4 674//4 675//4 512//4
f 512//4 675//4 676//4 531//4
f 677//6 678//6 676//6 675//6
f 531//4 676//4 679//4 532//4
f 678//6 680//6 679//6 676//6
f 535//2 533//2 681//2 682//2
f 532//4 679//4 681//4 533//4
f 680//6 682//6 681//6 679//6
f 548//1 683//1 684//1 547//1
f 547//4 684//4 685//4 549//4
f 683//6 686//6 685//6 684//6
f 549//4 685//4 687//4 550//4
f 686//6 688//6 687//6 685//6
f 550//4 687//4 689//4 513//4
f 688//6 690//6 689//6 687//6
f 513//4 689//4 691//4 516//4
f 516//4 691//4 692//4 518//4
f 518//4 692//4 693//4 520//4
f 554//2 522//2 694//2 695//2
f 520//4 693//4 694//4 522//4
f 696//6 695//6 694//6 693//6
f 697//1 698//1 669//1 527//1
f 697//3 699//3 700//3 698//3
f 697//5 527//5 528//5 699//5
f 698//6 700//6 672//6 669//6
f 699//3 701//3 702//3 700//3
f 699//5 528//5 529//5 701//5
f 701//3 558//3 703//3 702//3
f 701//5 529//5 530//5 558//5
f 558//3 560//3 704//3 703//3
f 560//3 562//3 705//3 704//3
f 562//3 564//3 706//3 705//3
f 564//3 565//3 707//3 706//3
f 535//4 682//4 708//4 536//4
f 536//4 708//4 709//4 538//4
f 538//4 709//4 710//4 540//4
f 540//4 710//4 711//4 569//4
f 712//6 713//6 711//6 710//6
f 569//4 711//4 714//4 570//4
f 713//6 715//6 714//6 711//6
f 570//4 714//4 716//4 571//4
f 715//6 717//6 716//6 714//6
f 574//2 572//2 718//2 719//2
f 571//4 716//4 718//4 572//4
f 717//6 719//6 718//6 716//6
f 595//1 724//1 725//1 594//1
f 594//4 725//4 726//4 596//4
f 724//6 727//6 726//6 725//6
f 596//4 726//4 728//4 597//4
f 727//6 729//6 728//6 726//6
f 597//4 728//4 730//4 598//4
f 729//6 731//6 730//6 728//6
f 598//4 730//4 732//4 541//4
f 731//6 733//6 732//6 730//6
f 541//4 732//4 734//4 544//4
f 544//4 734//4 735//4 546//4
f 546//4 735//4 683//4 548//4
f 602//3 604//3 736//3 737//3
f 604//3 606//3 738//3 736//3
f 606//3 608//3 739//3 738//3
f 608//3 610//3 740//3 739//3
f 610//3 741//3 742//3 740//3
f 610//5 552//5 551//5 741//5
f 741//3 743//3 744//3 742//3
f 741//5 551//5 553//5 743//5
f 745//2 554//2 695//2 746//2
f 743//3 745//3 746//3 744//3
f 743//5 553//5 554//5 745//5
f 744//6 746//6 695//6 696//6
f 747//1 748//1 707//1 565//1
f 747//3 749//3 750//3 748//3
f 747//5 565//5 566//5 749//5
f 749//3 751//3 752//3 750//3
f 749//5 566//5 567//5 751//5
f 751//3 612//3 753//3 752//3
f 751//5 567//5 568//5 612//5
f 612//3 614//3 754//3 753//3
f 614//3 616//3 755//3 754//3
f 616//3 618//3 756//3 755//3
f 618//3 619//3 757//3 756//3
f 574//4 719//4 758//4 575//4
f 757//6 759//6 758//6 719//6
f 621//2 577//2 760//2 761//2
f 620//3 621//3 761//3 759//3
f 575//4 758//4 760//4 577//4
f 759//6 761//6 760//6 758//6
f 630//1 766//1 767//1 591//1
f 630//3 631//3 768//3 766//3
f 591//4 767//4 769//4 593//4
f 766//6 768//6 769//6 767//6
f 593//4 769//4 724//4 595//4
f 768//6 770//6 724//6 769//6
f 632//3 634//3 771//3 770//3
f 634//3 636//3 772//3 771//3
f 636//3 638//3 773//3 772//3
f 638//3 640//3 774//3 773//3
f 640//3 775//3 776//3 774//3
f 640//5 600//5 599//5 775//5
f 775//3 777//3 778//3 776//3
f 775//5 599//5 601//5 777//5
f 779//2 602//2 737//2 780//2
f 777//3 779//3 780//3 778//3
f 777//5 601//5 602//5 779//5
f 781//1 782//1 757//1 619//1
f 783//2 620//2 759//2 784//2
f 781//3 783//3 784//3 782//3
f 781//5 619//5 620//5 783//5
f 782//6 784//6 759//6 757//6
f 789//1 790//1 768//1 631//1
f 791//2 632//2 770//2 792//2
f 789//3 791//3 792//3 790//3
f 789//5 631//5 632//5 791//5
f 790//6 792//6 770//6 768//6
f 672//1 807//1 808//1 671//1
f 671//4 808//4 809//4 673//4
f 807//6 810//6 809//6 808//6
f 673//4 809//4 811//4 674//4
f 810//6 812//6 811//6 809//6
f 677//2 675//2 813//2 814//2
f 674//4 811//4 813//4 675//4
f 812//6 814//6 813//6 811//6
f 690//1 815//1 816//1 689//1
f 689//4 816//4 817//4 691//4
f 815//6 818//6 817//6 816//6
f 691//4 817//4 819//4 692//4
f 818//6 820//6 819//6 817//6
f 696//2 693//2 821//2 822//2
f 692//4 819//4 821//4 693//4
f 820//6 822//6 821//6 819//6
f 700//1 823//1 807//1 672//1
f 700//3 702//3 824//3 823//3
f 702//3 703//3 825//3 824//3
f 677//4 814//4 826//4 678//4
f 678//4 826//4 827//4 680//4
f 680//4 827//4 828//4 682//4
f 682//4 828//4 829//4 708//4
f 830//6 831//6 829//6 828//6
f 708//4 829//4 832//4 709//4
f 831//6 833//6 832//6 829//6
f 712//2 710//2 834//2 835//2
f 709//4 832//4 834//4 710//4
f 833//6 835//6 834//6 832//6
f 733//1 836//1 837//1 732//1
f 732//4 837//4 838//4 734//4
f 836//6 839//6 838//6 837//6
f 734//4 838//4 840//4 735//4
f 839//6 841//6 840//6 838//6
f 735//4 840//4 842//4 683//4
f 841//6 843//6 842//6 840//6
f 683//4 842//4 844//4 686//4
f 686//4 844//4 845//4 688//4
f 688//4 845//4 815//4 690//4
f 740//3 742//3 846//3 847//3
f 744//2 696//2 822//2 848//2
f 742//3 744//3 848//3 846//3
f 849//1 850//1 825//1 703//1
f 849//3 851//3 852//3 850//3
f 849//5 703//5 704//5 851//5
f 851//3 853//3 854//3 852//3
f 851//5 704//5 705//5 853//5
f 853//3 855//3 856//3 854//3
f 853//5 705//5 706//5 855//5
f 855//3 748//3 857//3 856//3
f 855//5 706//5 707//5 748//5
f 748//3 750//3 858//3 857//3
f 750//3 752//3 859//3 858//3
f 752//3 753//3 860//3 859//3
f 712//4 835//4 861//4 713//4
f 713//4 861//4 862//4 715//4
f 755//3 756//3 863//3 864//3
f 715//4 862//4 865//4 717//4
f 864//6 863//6 865//6 862//6
f 757//2 719//2 866//2 867//2
f 756//3 757//3 867//3 863//3
f 717//4 865//4 866//4 719//4
f 863//6 867//6 866//6 865//6
f 770//1 876//1 877//1 724//1
f 770//3 771//3 878//3 876//3
f 724//4 877//4 879//4 727//4
f 876//6 878//6 879//6 877//6
f 771//3 772//3 880//3 878//3
f 727//4 879//4 881//4 729//4
f 878//6 880//6 881//6 879//6
f 729//4 881//4 882//4 731//4
f 731//4 882//4 836//4 733//4
f 774//3 776//3 883//3 884//3
f 776//3 778//3 885//3 883//3
f 778//3 780//3 886//3 885//3
f 780//3 887//3 888//3 886//3
f 780//5 737//5 736//5 887//5
f 887//3 889//3 890//3 888//3
f 887//5 736//5 738//5 889//5
f 889//3 891//3 892//3 890//3
f 889//5 738//5 739//5 891//5
f 893//2 740//2 847//2 894//2
f 891//3 893//3 894//3 892//3
f 891//5 739//5 740//5 893//5
f 895//1 896//1 860//1 753//1
f 895//3 897//3 898//3 896//3
f 895//5 753//5 754//5 897//5
f 896//6 898//6 899//6 860//6
f 900//2 755//2 864//2 901//2
f 897//3 900//3 901//3 898//3
f 897//5 754//5 755//5 900//5
f 898//6 901//6 864//6 899//6
f 906//1 907//1 880//1 772//1
f 906//3 908//3 909//3 907//3
f 906//5 772//5 773//5 908//5
f 907//6 909//6 910//6 880//6
f 911//2 774//2 884//2 912//2
f 908//3 911//3 912//3 909//3
f 908//5 773//5 774//5 911//5
f 909//6 912//6 884//6 910//6
f 823//1 939//1 940//1 807//1
f 823//3 824//3 941//3 939//3
f 807//4 940//4 942//4 810//4
f 939//6 941//6 942//6 940//6
f 810//4 942//4 943//4 812//4
f 812//4 943//4 944//4 814//4
f 814//4 944//4 945//4 826//4
f 946//6 947//6 945//6 944//6
f 826//4 945//4 948//4 827//4
f 947//6 949//6 948//6 945//6
f 830//2 828//2 950//2 951//2
f 827//4 948//4 950//4 828//4
f 949//6 951//6 950//6 948//6
f 843//1 952//1 953//1 842//1
f 842//4 953//4 954//4 844//4
f 952//6 955//6 954//6 953//6
f 844//4 954//4 956//4 845//4
f 955//6 957//6 956//6 954//6
f 845//4 956//4 958//4 815//4
f 957//6 959//6 958//6 956//6
f 815//4 958//4 960//4 818//4
f 818//4 960//4 961//4 820//4
f 848//2 822//2 962//2 963//2
f 846//3 848//3 963//3 964//3
f 820//4 961//4 962//4 822//4
f 964//6 963//6 962//6 961//6
f 965//1 966//1 941//1 824//1
f 965//3 850//3 967//3 966//3
f 965//5 824//5 825//5 850//5
f 850//3 852//3 968//3 967//3
f 852//3 854//3 969//3 968//3
f 854//3 856//3 970//3 969//3
f 856//3 857//3 971//3 970//3
f 830//4 951//4 972//4 831//4
f 831//4 972//4 973//4 833//4
f 833//4 973//4 974//4 835//4
f 975//6 976//6 974//6 973//6
f 860//3 899//3 977//3 976//3
f 835//4 974//4 978//4 861//4
f 976//6 977//6 978//6 974//6
f 864//2 862//2 979//2 980//2
f 899//3 864//3 980//3 977//3
f 861//4 978//4 979//4 862//4
f 977//6 980//6 979//6 978//6
f 880//1 981//1 982//1 881//1
f 880//3 910//3 983//3 981//3
f 881//4 982//4 984//4 882//4
f 981//6 983//6 984//6 982//6
f 910//3 884//3 985//3 983//3
f 882//4 984//4 986//4 836//4
f 983//6 985//6 986//6 984//6
f 836//4 986//4 987//4 839//4
f 985//6 988//6 987//6 986//6
f 839//4 987//4 989//4 841//4
f 841//4 989//4 952//4 843//4
f 886//3 888//3 990//3 991//3
f 888//3 890//3 992//3 990//3
f 890//3 892//3 993//3 992//3
f 892//3 894//3 994//3 993//3
f 995//2 846//2 964//2 996//2
f 894//3 995//3 996//3 994//3
f 894//5 847//5 846//5 995//5
f 997//1 998//1 971//1 857//1
f 997//3 999//3 1000//3 998//3
f 997//5 857//5 858//5 999//5
f 999//3 1001//3 1002//3 1000//3
f 999//5 858//5 859//5 1001//5
f 1000//6 1002//6 975//6 1003//6
f 896//2 860//2 976//2 1004//2
f 1001//3 896//3 1004//3 1002//3
f 1001//5 859//5 860//5 896//5
f 1002//6 1004//6 976//6 975//6
f 912//1 1013//1 985//1 884//1
f 912//3 1014//3 1015//3 1013//3
f 912//5 884//5 883//5 1014//5
f 1013//6 1015//6 988//6 985//6
f 1014//3 1016//3 1017//3 1015//3
f 1014//5 883//5 885//5 1016//5
f 1015//6 1017//6 1018//6 988//6
f 1019//2 886//2 991//2 1020//2
f 1016//3 1019//3 1020//3 1017//3
f 1016//5 885//5 886//5 1019//5
f 941//1 1263//1 1264//1 942//1
f 942//4 1264//4 1265//4 943//4
f 1263//6 1266//6 1265//6 1264//6
f 946//2 944//2 1267//2 1268//2
f 943//4 1265//4 1267//4 944//4
f 1266//6 1268//6 1267//6 1265//6
f 959//1 1269//1 1270//1 958//1
f 958//4 1270//4 1271//4 960//4
f 1269//6 1272//6 1271//6 1270//6
f 964//2 961//2 1273//2 1274//2
f 960//4 1271//4 1273//4 961//4
f 1272//6 1274//6 1273//6 1271//6
f 966//1 1275//1 1263//1 941//1
f 966//3 967//3 1276//3 1275//3
f 1275//6 1276//6 1266//6 1263//6
f 946//4 1268//4 1277//4 947//4
f 947//4 1277//4 1278//4 949//4
f 949//4 1278//4 1279//4 951//4
f 951//4 1279//4 1280//4 972//4
f 1281//6 1282//6 1280//6 1279//6
f 975//2 973//2 1283//2 1284//2
f 1003//3 975//3 1284//3 1282//3
f 972//4 1280//4 1283//4 973//4
f 1282//6 1284//6 1283//6 1280//6
f 988//1 1291//1 1292//1 987//1
f 988//3 1018//3 1293//3 1291//3
f 987//4 1292//4 1294//4 989//4
f 1291//6 1293//6 1294//6 1292//6
f 989//4 1294//4 1295//4 952//4
f 1293//6 1296//6 1295//6 1294//6
f 952//4 1295//4 1297//4 955//4
f 955//4 1297//4 1298//4 957//4
f 957//4 1298//4 1269//4 959//4
f 996//2 964//2 1274//2 1299//2
f 994//3 996//3 1299//3 1300//3
f 1300//6 1299//6 1274//6 1272//6
f 1301//1 1302//1 1276//1 967//1
f 1301//3 1303//3 1304//3 1302//3
f 1301//5 967//5 968//5 1303//5
f 1303//3 1305//3 1306//3 1304//3
f 1303//5 968//5 969//5 1305//5
f 1305//3 1307//3 1308//3 1306//3
f 1305//5 969//5 970//5 1307//5
f 1307//3 998//3 1309//3 1308//3
f 1307//5 970//5 971//5 998//5
f 1308//6 1309//6 1281//6 1310//6
f 1000//2 1003//2 1282//2 1311//2
f 998//3 1000//3 1311//3 1309//3
f 1309//6 1311//6 1282//6 1281//6
f 1017//1 1318//1 1293//1 1018//1
f 1017//3 1020//3 1319//3 1318//3
f 1318//6 1319//6 1296//6 1293//6
f 1020//3 1320//3 1321//3 1319//3
f 1020//5 991//5 990//5 1320//5
f 1319//6 1321//6 1322//6 1296//6
f 1320//3 1323//3 1324//3 1321//3
f 1320//5 990//5 992//5 1323//5
f 1323//3 1325//3 1326//3 1324//3
f 1323//5 992//5 993//5 1325//5
f 1327//2 994//2 1300//2 1328//2
f 1325//3 1327//3 1328//3 1326//3
f 1325//5 993//5 994//5 1327//5
f 1276//1 1355//1 1356//1 1266//1
f 1266//4 1356//4 1357//4 1268//4
f 1268//4 1357//4 1358//4 1277//4
f 1359//6 1360//6 1358//6 1357//6
f 1277//4 1358//4 1361//4 1278//4
f 1360//6 1362//6 1361//6 1358//6
f 1281//2 1279//2 1363//2 1364//2
f 1310//3 1281//3 1364//3 1362//3
f 1278//4 1361//4 1363//4 1279//4
f 1362//6 1364//6 1363//6 1361//6
f 1296//1 1373//1 1374//1 1295//1
f 1296//3 1322//3 1375//3 1373//3
f 1295//4 1374//4 1376//4 1297//4
f 1373//6 1375//6 1376//6 1374//6
f 1297//4 1376//4 1377//4 1298//4
f 1375//6 1378//6 1377//6 1376//6
f 1298//4 1377//4 1379//4 1269//4
f 1378//6 1380//6 1379//6 1377//6
f 1300//2 1272//2 1381//2 1382//2
f 1269//4 1379//4 1381//4 1272//4
f 1302//1 1383//1 1355//1 1276//1
f 1302//3 1304//3 1384//3 1383//3
f 1304//3 1306//3 1385//3 1384//3
f 1384//6 1385//6 1360//6 1359//6
f 1308//2 1310//2 1362//2 1386//2
f 1306//3 1308//3 1386//3 1385//3
f 1385//6 1386//6 1362//6 1360//6
f 1321//1 1391//1 1375//1 1322//1
f 1321//3 1324//3 1392//3 1391//3
f 1391//6 1392//6 1378//6 1375//6
f 1324//3 1326//3 1393//3 1392//3
f 1392//6 1393//6 1380//6 1378//6
f 1328//2 1300//2 1382//2 1394//2
f 1326//3 1328//3 1394//3 1393//3
f 1355//1 1433//1 1434//1 1356//1
f 1359//2 1357//2 1435//2 1436//2
f 1356//4 1434//4 1435//4 1357//4
f 1433//6 1436//6 1435//6 1434//6
f 1380//1 1443//1 1444//1 1379//1
f 1382//2 1381//2 1445//2 1446//2
f 1379//4 1444//4 1445//4 1381//4
f 1443//6 1446//6 1445//6 1444//6
f 1383//1 1447//1 1433//1 1355//1
f 1384//2 1359//2 1436//2 1448//2
f 1383//3 1384//3 1448//3 1447//3
f 1447//6 1448//6 1436//6 1433//6
f 1393//1 1457//1 1443//1 1380//1
f 1394//2 1382//2 1446//2 1458//2
f 1393//3 1394//3 1458//3 1457//3
f 1457//6 1458//6 1446//6 1443//6
f 1681//1 1682//1 1683//1 1684//1
f 1681//3 1685//3 1686//3 1682//3
f 1684//4 1683//4 1687//4 1688//4
f 1681//5 1684//5 1688//5 1685//5
f 1685//3 1689//3 1690//3 1686//3
f 1688//4 1687//4 1691//4 1692//4
f 1685//5 1688//5 1692//5 1689//5
f 1693//2 1694//2 1695//2 1696//2
f 1689//3 1693//3 1696//3 1690//3
f 1692//4 1691//4 1695//4 1694//4
f 1689//5 1692//5 1694//5 1693//5
f 1781//1 1782//1 1783//1 1784//1
f 1784//4 1783//4 1785//4 1786//4
f 1781//5 1784//5 1786//5 1787//5
f 1782//6 1788//6 1785//6 1783//6
f 1786//4 1785//4 1789//4 1790//4
f 1787//5 1786//5 1790//5 1791//5
f 1788//6 1792//6 1789//6 1785//6
f 1793//2 1794//2 1795//2 1796//2
f 1790//4 1789//4 1795//4 1794//4
f 1791//5 1790//5 1794//5 1793//5
f 1792//6 1796//6 1795//6 1789//6
f 1797//1 1798//1 1782//1 1781//1
f 1797//5 1781//5 1787//5 1799//5
f 1798//6 1800//6 1788//6 1782//6
f 1799//5 1787//5 1791//5 1801//5
f 1800//6 1802//6 1792//6 1788//6
f 1803//2 1793//2 1796//2 1804//2
f 1801//5 1791//5 1793//5 1803//5
f 1802//6 1804//6 1796//6 1792//6
f 1805//1 1806//1 1798//1 1797//1
f 1805//5 1797//5 1799//5 1807//5
f 1807//5 1799//5 1801//5 1808//5
f 1809//2 1803//2 1804//2 1810//2
f 1808//5 1801//5 1803//5 1809//5
f 1811//1 1812//1 1806//1 1805//1
f 1811//5 1805//5 1807//5 1813//5
f 1813//5 1807//5 1808//5 1814//5
f 1815//2 1809//2 1810//2 1816//2
f 1814//5 1808//5 1809//5 1815//5
f 1817//1 1818//1 1812//1 1811//1
f 1817//5 1811//5 1813//5 1819//5
f 1819//5 1813//5 1814//5 1820//5
f 1821//2 1815//2 1816//2 1822//2
f 1820//5 1814//5 1815//5 1821//5
f 1823//1 1824//1 1818//1 1817//1
f 1823//5 1817//5 1819//5 1825//5
f 1825//5 1819//5 1820//5 1826//5
f 1827//2 1821//2 1822//2 1828//2
f 1826//5 1820//5 1821//5 1827//5
f 1829//1 1830//1 1824//1 1823//1
f 1829//5 1823//5 1825//5 1831//5
f 1831//5 1825//5 1826//5 1832//5
f 1833//2 1827//2 1828//2 1834//2
f 1832//5 1826//5 1827//5 1833//5
f 1683//1 1835//1 1830//1 1829//1
f 1683//5 1829//5 1831//5 1687//5
f 1687//5 1831//5 1832//5 1691//5
f 1695//2 1833//2 1834//2 1836//2
f 1691//5 1832//5 1833//5 1695//5
f 1682//1 1837//1 1835//1 1683//1
f 1682//3 1686//3 1838//3 1837//3
f 1686//3 1690//3 1839//3 1838//3
f 1696//2 1695//2 1836//2 1840//2
f 1690//3 1696//3 1840//3 1839//3
f 1806//1 1923//1 1924//1 1798//1
f 1798//4 1924//4 1925//4 1800//4
f 1923//6 1926//6 1925//6 1924//6
f 1800//4 1925//4 1927//4 1802//4
f 1926//6 1928//6 1927//6 1925//6
f 1810//2 1804//2 1929//2 1930//2
f 1802//4 1927//4 1929//4 1804//4
f 1928//6 1930//6 1929//6 1927//6
f 1812//1 1931//1 1923//1 1806//1
f 1816//2 1810//2 1930//2 1932//2
f 1818//1 1933//1 1931//1 1812//1
f 1822//2 1816//2 1932//2 1934//2
f 1824//1 1935//1 1933//1 1818//1
f 1828//2 1822//2 1934//2 1936//2
f 1830//1 1937//1 1935//1 1824//1
f 1834//2 1828//2 1936//2 1938//2
f 1835//1 1939//1 1937//1 1830//1
f 1836//2 1834//2 1938//2 1940//2
f 1837//1 1941//1 1939//1 1835//1
f 1837//3 1838//3 1942//3 1941//3
f 1838//3 1839//3 1943//3 1942//3
f 1840//2 1836//2 1940//2 1944//2
f 1839//3 1840//3 1944//3 1943//3
f 1931//1 2041//1 2042//1 1923//1
f 1923//4 2042//4 2043//4 1926//4
f 2041//6 2044//6 2043//6 2042//6
f 1926//4 2043//4 2045//4 1928//4
f 2044//6 2046//6 2045//6 2043//6
f 1932//2 1930//2 2047//2 2048//2
f 1928//4 2045//4 2047//4 1930//4
f 2046//6 2048//6 2047//6 2045//6
f 1933//1 2049//1 2041//1 1931//1
f 1934//2 1932//2 2048//2 2050//2
f 1935//1 2051//1 2049//1 1933//1
f 1936//2 1934//2 2050//2 2052//2
f 1937//1 2053//1 2051//1 1935//1
f 1938//2 1936//2 2052//2 2054//2
f 1939//1 2055//1 2053//1 1937//1
f 1940//2 1938//2 2054//2 2056//2
f 1941//1 2057//1 2055//1 1939//1
f 1941//3 1942//3 2058//3 2057//3
f 1942//3 1943//3 2059//3 2058//3
f 1944//2 1940//2 2056//2 2060//2
f 1943//3 1944//3 2060//3 2059//3
f 2049//1 2153//1 2154//1 2041//1
f 2041//4 2154//4 2155//4 2044//4
f 2153//6 2156//6 2155//6 2154//6
f 2044//4 2155//4 2157//4 2046//4
f 2156//6 2158//6 2157//6 2155//6
f 2050//2 2048//2 2159//2 2160//2
f 2046//4 2157//4 2159//4 2048//4
f 2158//6 2160//6 2159//6 2157//6
f 2051//1 2161//1 2153//1 2049//1
f 2161//6 2162//6 2156//6 2153//6
f 2162//6 2163//6 2158//6 2156//6
f 2052//2 2050//2 2160//2 2164//2
f 2163//6 2164//6 2160//6 2158//6
f 2053//1 2165//1 2161//1 2051//1
f 2054//2 2052//2 2164//2 2166//2
f 2055//1 2167//1 2165//1 2053//1
f 2056//2 2054//2 2166//2 2168//2
f 2057//1 2169//1 2167//1 2055//1
f 2057//3 2058//3 2170//3 2169//3
f 2060//2 2056//2 2168//2 2171//2
f 2059//3 2060//3 2171//3 2172//3
f 2165//1 2265//1 2266//1 2161//1
f 2161//4 2266//4 2267//4 2162//4
f 2265//6 2268//6 2267//6 2266//6
f 2162//4 2267//4 2269//4 2163//4
f 2268//6 2270//6 2269//6 2267//6
f 2166//2 2164//2 2271//2 2272//2
f 2163//4 2269//4 2271//4 2164//4
f 2270//6 2272//6 2271//6 2269//6
f 2167//1 2273//1 2265//1 2165//1
f 2168//2 2166//2 2272//2 2274//2
f 2169//1 2275//1 2273//1 2167//1
f 2171//2 2168//2 2274//2 2276//2
f 2273//1 2583//1 2584//1 2265//1
f 2265//4 2584//4 2585//4 2268//4
f 2583//6 2586//6 2585//6 2584//6
f 2268//4 2585//4 2587//4 2270//4
f 2586//6 2588//6 2587//6 2585//6
f 2274//2 2272//2 2589//2 2590//2
f 2270//4 2587//4 2589//4 2272//4
f 2588//6 2590//6 2589//6 2587//6
f 2275//1 2591//1 2583//1 2273//1
f 2276//2 2274//2 2590//2 2592//2
f 2591//1 2689//1 2690//1 2583//1
f 2583//4 2690//4 2691//4 2586//4
f 2586//4 2691//4 2692//4 2588//4
f 2592//2 2590//2 2693//2 2694//2
f 2588//4 2692//4 2693//4 2590//4
f 3159//1 3160//1 3161//1 3162//1
f 3163//2 3164//2 3165//2 3166//2
f 3159//3 3163//3 3166//3 3160//3
f 3162//4 3161//4 3165//4 3164//4
f 3159//5 3162//5 3164//5 3163//5
f 3160//6 3166//6 3165//6 3161//6
f 3179//1 3180//1 3181//1 3182//1
f 3183//2 3184//2 3185//2 3186//2
f 3179//3 3183//3 3186//3 3180//3
f 3182//4 3181//4 3185//4 3184//4
f 3179//5 3182//5 3184//5 3183//5
f 3180//6 3186//6 3185//6 3181//6
f 3165//1 3259//1 3260//1 3261//1
f 3262//2 3263//2 3264//2 3265//2
f 3261//4 3260//4 3264//4 3263//4
f 3165//5 3261//5 3263//5 3262//5
f 3272//1 3273//1 3274//1 3275//1
f 3181//2 3276//2 3277//2 3278//2
f 3275//4 3274//4 3277//4 3276//4
f 3272//5 3275//5 3276//5 3181//5
f 3166//1 3279//1 3259//1 3165//1
f 3166//3 3280//3 3281//3 3279//3
f 3166//5 3165//5 3262//5 3280//5
f 3279//6 3281//6 3265//6 3259//6
f 3282//2 3283//2 3284//2 3285//2
f 3280//3 3282//3 3285//3 3281//3
f 3262//4 3265//4 3284//4 3283//4
f 3280//5 3262//5 3283//5 3282//5
f 3296//1 3297//1 3298//1 3299//1
f 3296//3 3300//3 3301//3 3297//3
f 3299//4 3298//4 3273//4 3272//4
f 3296//5 3299//5 3272//5 3300//5
f 3180//2 3181//2 3278//2 3302//2
f 3300//3 3180//3 3302//3 3301//3
f 3300//5 3272//5 3181//5 3180//5
f 3301//6 3302//6 3278//6 3273//6
f 3365//1 3366//1 3367//1 3368//1
f 3369//2 3370//2 3371//2 3372//2
f 3368//4 3367//4 3371//4 3370//4
f 3365//5 3368//5 3370//5 3369//5
f 3379//1 3380//1 3381//1 3382//1
f 3383//2 3384//2 3385//2 3386//2
f 3382//4 3381//4 3385//4 3384//4
f 3379//5 3382//5 3384//5 3383//5
f 3259//1 3387//1 3388//1 3260//1
f 3259//3 3265//3 3389//3 3387//3
f 3260//4 3388//4 3390//4 3264//4
f 3387//6 3389//6 3390//6 3388//6
f 3264//4 3390//4 3366//4 3365//4
f 3265//5 3264//5 3365//5 3284//5
f 3391//2 3369//2 3372//2 3392//2
f 3284//3 3391//3 3392//3 3393//3
f 3284//5 3365//5 3369//5 3391//5
f 3400//1 3401//1 3380//1 3379//1
f 3400//3 3298//3 3402//3 3401//3
f 3400//5 3379//5 3383//5 3298//5
f 3383//4 3386//4 3403//4 3274//4
f 3298//5 3383//5 3274//5 3273//5
f 3278//2 3277//2 3404//2 3405//2
f 3273//3 3278//3 3405//3 3406//3
f 3274//4 3403//4 3404//4 3277//4
f 3406//6 3405//6 3404//6 3403//6
f 3281//1 3407//1 3389//1 3265//1
f 3285//2 3284//2 3393//2 3408//2
f 3281//3 3285//3 3408//3 3407//3
f 3297//1 3419//1 3402//1 3298//1
f 3301//2 3273//2 3406//2 3420//2
f 3297//3 3301//3 3420//3 3419//3
f 3483//1 3484//1 3485//1 3486//1
f 3487//2 3488//2 3489//2 3490//2
f 3486//4 3485//4 3489//4 3488//4
f 3483//5 3486//5 3488//5 3487//5
f 3495//1 3496//1 3497//1 3498//1
f 3499//2 3500//2 3501//2 3502//2
f 3498//4 3497//4 3501//4 3500//4
f 3495//5 3498//5 3500//5 3499//5
f 3366//1 3503//1 3504//1 3367//1
f 3367//4 3504//4 3505//4 3371//4
f 3371//4 3505//4 3484//4 3483//4
f 3372//5 3371//5 3483//5 3506//5
f 3507//2 3487//2 3490//2 3508//2
f 3506//3 3507//3 3508//3 3509//3
f 3506//5 3483//5 3487//5 3507//5
f 3514//1 3515//1 3496//1 3495//1
f 3514//3 3516//3 3517//3 3515//3
f 3514//5 3495//5 3499//5 3516//5
f 3499//4 3502//4 3518//4 3381//4
f 3516//5 3499//5 3381//5 3380//5
f 3386//2 3385//2 3519//2 3520//2
f 3381//4 3518//4 3519//4 3385//4
f 3389//1 3521//1 3522//1 3390//1
f 3390//4 3522//4 3503//4 3366//4
f 3393//3 3392//3 3523//3 3524//3
f 3525//2 3506//2 3509//2 3526//2
f 3392//3 3525//3 3526//3 3523//3
f 3392//5 3372//5 3506//5 3525//5
f 3535//1 3536//1 3517//1 3516//1
f 3535//3 3401//3 3537//3 3536//3
f 3535//5 3516//5 3380//5 3401//5
f 3401//3 3402//3 3538//3 3537//3
f 3406//2 3403//2 3539//2 3540//2
f 3386//4 3520//4 3539//4 3403//4
f 3407//1 3541//1 3521//1 3389//1
f 3408//2 3393//2 3524//2 3542//2
f 3407//3 3408//3 3542//3 3541//3
f 3541//6 3542//6 3524//6 3521//6
f 3419//1 3557//1 3538//1 3402//1
f 3420//2 3406//2 3540//2 3558//2
f 3419//3 3420//3 3558//3 3557//3
f 3557//6 3558//6 3540//6 3538//6
f 3484//1 3617//1 3618//1 3485//1
f 3485//4 3618//4 3619//4 3489//4
f 3489//4 3619//4 3620//4 3621//4
f 3490//5 3489//5 3621//5 3622//5
f 3623//2 3624//2 3625//2 3626//2
f 3622//3 3623//3 3626//3 3627//3
f 3621//4 3620//4 3625//4 3624//4
f 3622//5 3621//5 3624//5 3623//5
f 3632//1 3633//1 3634//1 3635//1
f 3632//3 3636//3 3637//3 3633//3
f 3635//4 3634//4 3638//4 3639//4
f 3632//5 3635//5 3639//5 3636//5
f 3639//4 3638//4 3640//4 3497//4
f 3636//5 3639//5 3497//5 3496//5
f 3502//2 3501//2 3641//2 3642//2
f 3497//4 3640//4 3641//4 3501//4
f 3503//1 3643//1 3644//1 3504//1
f 3504//4 3644//4 3645//4 3505//4
f 3505//4 3645//4 3617//4 3484//4
f 3509//3 3508//3 3646//3 3647//3
f 3648//2 3622//2 3627//2 3649//2
f 3508//3 3648//3 3649//3 3646//3
f 3508//5 3490//5 3622//5 3648//5
f 3654//1 3655//1 3637//1 3636//1
f 3654//3 3515//3 3656//3 3655//3
f 3654//5 3636//5 3496//5 3515//5
f 3515//3 3517//3 3657//3 3656//3
f 3502//4 3642//4 3658//4 3518//4
f 3520//2 3519//2 3659//2 3660//2
f 3518//4 3658//4 3659//4 3519//4
f 3521//1 3661//1 3662//1 3522//1
f 3521//3 3524//3 3663//3 3661//3
f 3522//4 3662//4 3643//4 3503//4
f 3661//6 3663//6 3643//6 3662//6
f 3524//3 3523//3 3664//3 3663//3
f 3526//2 3509//2 3647//2 3665//2
f 3523//3 3526//3 3665//3 3664//3
f 3536//1 3672//1 3657//1 3517//1
f 3536//3 3537//3 3673//3 3672//3
f 3537//3 3538//3 3674//3 3673//3
f 3540//2 3539//2 3675//2 3676//2
f 3538//3 3540//3 3676//3 3674//3
f 3520//4 3660//4 3675//4 3539//4
f 3674//6 3676//6 3675//6 3660//6
f 3620//1 3755//1 3756//1 3757//1
f 3757//4 3756//4 3758//4 3759//4
f 3620//5 3757//5 3759//5 3625//5
f 3759//4 3758//4 3760//4 3761//4
f 3625//5 3759//5 3761//5 3762//5
f 3763//2 3764//2 3765//2 3766//2
f 3762//3 3763//3 3766//3 3767//3
f 3761//4 3760//4 3765//4 3764//4
f 3762//5 3761//5 3764//5 3763//5
f 3772//1 3773//1 3774//1 3775//1
f 3772//3 3776//3 3777//3 3773//3
f 3775//4 3774//4 3778//4 3779//4
f 3772//5 3775//5 3779//5 3776//5
f 3779//4 3778//4 3780//4 3781//4
f 3776//5 3779//5 3781//5 3634//5
f 3638//2 3782//2 3783//2 3784//2
f 3781//4 3780//4 3783//4 3782//4
f 3634//5 3781//5 3782//5 3638//5
f 3617//1 3785//1 3786//1 3618//1
f 3618//4 3786//4 3787//4 3619//4
f 3619//4 3787//4 3755//4 3620//4
f 3627//3 3626//3 3788//3 3789//3
f 3790//2 3762//2 3767//2 3791//2
f 3626//3 3790//3 3791//3 3788//3
f 3626//5 3625//5 3762//5 3790//5
f 3796//1 3797//1 3777//1 3776//1
f 3796//3 3633//3 3798//3 3797//3
f 3796//5 3776//5 3634//5 3633//5
f 3633//3 3637//3 3799//3 3798//3
f 3638//4 3784//4 3800//4 3640//4
f 3642//2 3641//2 3801//2 3802//2
f 3640//4 3800//4 3801//4 3641//4
f 3643//1 3803//1 3804//1 3644//1
f 3644//4 3804//4 3805//4 3645//4
f 3645//4 3805//4 3785//4 3617//4
f 3647//3 3646//3 3806//3 3807//3
f 3649//2 3627//2 3789//2 3808//2
f 3646//3 3649//3 3808//3 3806//3
f 3655//1 3813//1 3799//1 3637//1
f 3655//3 3656//3 3814//3 3813//3
f 3656//3 3657//3 3815//3 3814//3
f 3642//4 3802//4 3816//4 3658//4
f 3660//2 3659//2 3817//2 3818//2
f 3658//4 3816//4 3817//4 3659//4
f 3663//1 3819//1 3803//1 3643//1
f 3663//3 3664//3 3820//3 3819//3
f 3665//2 3647//2 3807//2 3821//2
f 3664//3 3665//3 3821//3 3820//3
f 3672//1 3828//1 3815//1 3657//1
f 3672//3 3673//3 3829//3 3828//3
f 3674//2 3660//2 3818//2 3830//2
f 3673//3 3674//3 3830//3 3829//3
f 3765//1 3899//1 3900//1 3901//1
f 3902//2 3903//2 3904//2 3905//2
f 3901//4 3900//4 3904//4 3903//4
f 3765//5 3901//5 3903//5 3902//5
f 3908//1 3909//1 3910//1 3911//1
f 3774//2 3912//2 3913//2 3914//2
f 3911//4 3910//4 3913//4 3912//4
f 3908//5 3911//5 3912//5 3774//5
f 3755//1 3915//1 3916//1 3756//1
f 3756//4 3916//4 3917//4 3758//4
f 3915//6 3918//6 3917//6 3916//6
f 3758//4 3917//4 3919//4 3760//4
f 3760//4 3919//4 3899//4 3765//4
f 3766//3 3920//3 3921//3 3922//3
f 3766//5 3765//5 3902//5 3920//5
f 3923//2 3924//2 3925//2 3926//2
f 3920//3 3923//3 3926//3 3921//3
f 3902//4 3905//4 3925//4 3924//4
f 3920//5 3902//5 3924//5 3923//5
f 3931//1 3932//1 3933//1 3934//1
f 3931//3 3935//3 3936//3 3932//3
f 3934//4 3933//4 3909//4 3908//4
f 3931//5 3934//5 3908//5 3935//5
f 3935//3 3773//3 3937//3 3936//3
f 3935//5 3908//5 3774//5 3773//5
f 3774//4 3914//4 3938//4 3778//4
f 3778//4 3938//4 3939//4 3780//4
f 3784//2 3783//2 3940//2 3941//2
f 3780//4 3939//4 3940//4 3783//4
f 3942//6 3941//6 3940//6 3939//6
f 3785//1 3943//1 3944//1 3786//1
f 3786//4 3944//4 3945//4 3787//4
f 3787//4 3945//4 3915//4 3755//4
f 3789//3 3788//3 3946//3 3947//3
f 3788//3 3791//3 3948//3 3946//3
f 3949//2 3766//2 3922//2 3950//2
f 3791//3 3949//3 3950//3 3948//3
f 3791//5 3767//5 3766//5 3949//5
f 3955//1 3956//1 3937//1 3773//1
f 3955//3 3797//3 3957//3 3956//3
f 3955//5 3773//5 3777//5 3797//5
f 3797//3 3798//3 3958//3 3957//3
f 3798//3 3799//3 3959//3 3958//3
f 3784//4 3941//4 3960//4 3800//4
f 3802//2 3801//2 3961//2 3962//2
f 3800//4 3960//4 3961//4 3801//4
f 3803//1 3963//1 3964//1 3804//1
f 3804//4 3964//4 3965//4 3805//4
f 3805//4 3965//4 3943//4 3785//4
f 3807//3 3806//3 3966//3 3967//3
f 3808//2 3789//2 3947//2 3968//2
f 3806//3 3808//3 3968//3 3966//3
f 3813//1 3973//1 3959//1 3799//1
f 3813//3 3814//3 3974//3 3973//3
f 3814//3 3815//3 3975//3 3974//3
f 3802//4 3962//4 3976//4 3816//4
f 3818//2 3817//2 3977//2 3978//2
f 3816//4 3976//4 3977//4 3817//4
f 3819//1 3979//1 3963//1 3803//1
f 3819//3 3820//3 3980//3 3979//3
f 3979//6 3980//6 3981//6 3963//6
f 3821//2 3807//2 3967//2 3982//2
f 3820//3 3821//3 3982//3 3980//3
f 3828//1 3989//1 3975//1 3815//1
f 3828//3 3829//3 3990//3 3989//3
f 3830//2 3818//2 3978//2 3991//2
f 3829//3 3830//3 3991//3 3990//3
f 3990//6 3991//6 3978//6 3992//6
f 4057//1 4058//1 4059//1 4060//1
f 4061//2 4062//2 4063//2 4064//2
f 4060//4 4059//4 4063//4 4062//4
f 4057//5 4060//5 4062//5 4061//5
f 4069//1 4070//1 4071//1 4072//1
f 4073//2 4074//2 4075//2 4076//2
f 4072//4 4071//4 4075//4 4074//4
f 4069//5 4072//5 4074//5 4073//5
f 3899//1 4077//1 4078//1 3900//1
f 3900//4 4078//4 4079//4 3904//4
f 3904//4 4079//4 4058//4 4057//4
f 3905//5 3904//5 4057//5 3925//5
f 4080//2 4061//2 4064//2 4081//2
f 3925//3 4080//3 4081//3 4082//3
f 3925//5 4057//5 4061//5 4080//5
f 4085//1 4086//1 4070//1 4069//1
f 4085//3 3933//3 4087//3 4086//3
f 4085//5 4069//5 4073//5 3933//5
f 4073//4 4076//4 4088//4 3910//4
f 3933//5 4073//5 3910//5 3909//5
f 3914//2 3913//2 4089//2 4090//2
f 3910//4 4088//4 4089//4 3913//4
f 3918//1 4091//1 4092//1 3917//1
f 3917//4 4092//4 4093//4 3919//4
f 3919//4 4093//4 4077//4 3899//4
f 3922//3 3921//3 4094//3 4095//3
f 3926//2 3925//2 4082//2 4096//2
f 3921//3 3926//3 4096//3 4094//3
f 3932//1 4099//1 4087//1 3933//1
f 3932//3 3936//3 4100//3 4099//3
f 3936//3 3937//3 4101//3 4100//3
f 3914//4 4090//4 4102//4 3938//4
f 3942//2 3939//2 4103//2 4104//2
f 3938//4 4102//4 4103//4 3939//4
f 3943//1 4105//1 4106//1 3944//1
f 3944//4 4106//4 4107//4 3945//4
f 4105//6 4108//6 4107//6 4106//6
f 3945//4 4107//4 4109//4 3915//4
f 3915//4 4109//4 4091//4 3918//4
f 3946//3 3948//3 4110//3 4111//3
f 3950//2 3922//2 4095//2 4112//2
f 3948//3 3950//3 4112//3 4110//3
f 3956//1 4119//1 4101//1 3937//1
f 3956//3 3957//3 4120//3 4119//3
f 3957//3 3958//3 4121//3 4120//3
f 3942//4 4104//4 4122//4 3941//4
f 3941//4 4122//4 4123//4 3960//4
f 3962//2 3961//2 4124//2 4125//2
f 3960//4 4123//4 4124//4 3961//4
f 4126//6 4125//6 4124//6 4123//6
f 3963//1 4127//1 4128//1 3964//1
f 3963//3 3981//3 4129//3 4127//3
f 3964//4 4128//4 4130//4 3965//4
f 4127//6 4129//6 4130//6 4128//6
f 3965//4 4130//4 4105//4 3943//4
f 3967//3 3966//3 4131//3 4132//3
f 3966//3 3968//3 4133//3 4131//3
f 4134//2 3946//2 4111//2 4135//2
f 3968//3 4134//3 4135//3 4133//3
f 3968//5 3947//5 3946//5 4134//5
f 4144//1 4145//1 4121//1 3958//1
f 4144//3 3973//3 4146//3 4145//3
f 4144//5 3958//5 3959//5 3973//5
f 3973//3 3974//3 4147//3 4146//3
f 3974//3 3975//3 4148//3 4147//3
f 3962//4 4125//4 4149//4 3976//4
f 3978//2 3977//2 4150//2 4151//2
f 3992//3 3978//3 4151//3 4152//3
f 3976//4 4149//4 4150//4 3977//4
f 4152//6 4151//6 4150//6 4149//6
f 3980//1 4153//1 4129//1 3981//1
f 3982//2 3967//2 4132//2 4154//2
f 3980//3 3982//3 4154//3 4153//3
f 3989//1 4161//1 4148//1 3975//1
f 3990//2 3992//2 4152//2 4162//2
f 3989//3 3990//3 4162//3 4161//3
f 4221//1 4222//1 4223//1 4224//1
f 4225//2 4226//2 4227//2 4228//2
f 4224//4 4223//4 4227//4 4226//4
f 4221//5 4224//5 4226//5 4225//5
f 4231//1 4232//1 4233//1 4234//1
f 4235//2 4236//2 4237//2 4238//2
f 4234//4 4233//4 4237//4 4236//4
f 4231//5 4234//5 4236//5 4235//5
f 4058//1 4239//1 4240//1 4059//1
f 4059//4 4240//4 4241//4 4063//4
f 4063//4 4241//4 4222//4 4221//4
f 4064//5 4063//5 4221//5 4242//5
f 4243//2 4225//2 4228//2 4244//2
f 4242//3 4243//3 4244//3 4245//3
f 4242//5 4221//5 4225//5 4243//5
f 4250//1 4251//1 4232//1 4231//1
f 4250//3 4252//3 4253//3 4251//3
f 4250//5 4231//5 4235//5 4252//5
f 4235//4 4238//4 4254//4 4071//4
f 4252//5 4235//5 4071//5 4070//5
f 4076//2 4075//2 4255//2 4256//2
f 4071//4 4254//4 4255//4 4075//4
f 4077//1 4257//1 4258//1 4078//1
f 4078//4 4258//4 4259//4 4079//4
f 4079//4 4259//4 4239//4 4058//4
f 4082//3 4081//3 4260//3 4261//3
f 4262//2 4242//2 4245//2 4263//2
f 4081//3 4262//3 4263//3 4260//3
f 4081//5 4064//5 4242//5 4262//5
f 4266//1 4267//1 4253//1 4252//1
f 4266//3 4086//3 4268//3 4267//3
f 4266//5 4252//5 4070//5 4086//5
f 4086//3 4087//3 4269//3 4268//3
f 4076//4 4256//4 4270//4 4088//4
f 4090//2 4089//2 4271//2 4272//2
f 4088//4 4270//4 4271//4 4089//4
f 4091//1 4273//1 4274//1 4092//1
f 4092//4 4274//4 4275//4 4093//4
f 4093//4 4275//4 4257//4 4077//4
f 4095//3 4094//3 4276//3 4277//3
f 4096//2 4082//2 4261//2 4278//2
f 4094//3 4096//3 4278//3 4276//3
f 4099//1 4281//1 4269//1 4087//1
f 4099//3 4100//3 4282//3 4281//3
f 4100//3 4101//3 4283//3 4282//3
f 4090//4 4272//4 4284//4 4102//4
f 4104//2 4103//2 4285//2 4286//2
f 4102//4 4284//4 4285//4 4103//4
f 4108//1 4287//1 4288//1 4107//1
f 4107//4 4288//4 4289//4 4109//4
f 4109//4 4289//4 4273//4 4091//4
f 4111//3 4110//3 4290//3 4291//3
f 4112//2 4095//2 4277//2 4292//2
f 4110//3 4112//3 4292//3 4290//3
f 4119//1 4297//1 4283//1 4101//1
f 4119//3 4120//3 4298//3 4297//3
f 4120//3 4121//3 4299//3 4298//3
f 4104//4 4286//4 4300//4 4122//4
f 4126//2 4123//2 4301//2 4302//2
f 4122//4 4300//4 4301//4 4123//4
f 4129//1 4303//1 4304//1 4130//1
f 4130//4 4304//4 4305//4 4105//4
f 4303//6 4306//6 4305//6 4304//6
f 4105//4 4305//4 4287//4 4108//4
f 4131//3 4133//3 4307//3 4308//3
f 4135//2 4111//2 4291//2 4309//2
f 4133//3 4135//3 4309//3 4307//3
f 4145//1 4314//1 4299//1 4121//1
f 4145//3 4146//3 4315//3 4314//3
f 4146//3 4147//3 4316//3 4315//3
f 4126//4 4302//4 4317//4 4125//4
f 4152//2 4149//2 4318//2 4319//2
f 4125//4 4317//4 4318//4 4149//4
f 4320//6 4319//6 4318//6 4317//6
f 4153//1 4321//1 4303//1 4129//1
f 4153//3 4154//3 4322//3 4321//3
f 4321//6 4322//6 4306//6 4303//6
f 4323//2 4131//2 4308//2 4324//2
f 4154//3 4323//3 4324//3 4322//3
f 4154//5 4132//5 4131//5 4323//5
f 4335//1 4336//1 4316//1 4147//1
f 4335//3 4161//3 4337//3 4336//3
f 4335//5 4147//5 4148//5 4161//5
f 4162//2 4152//2 4319//2 4338//2
f 4161//3 4162//3 4338//3 4337//3
f 4337//6 4338//6 4319//6 4320//6
f 4222//1 4399//1 4400//1 4223//1
f 4223//4 4400//4 4401//4 4227//4
f 4227//4 4401//4 4402//4 4403//4
f 4228//5 4227//5 4403//5 4404//5
f 4405//2 4406//2 4407//2 4408//2
f 4404//3 4405//3 4408//3 4409//3
f 4403//4 4402//4 4407//4 4406//4
f 4404//5 4403//5 4406//5 4405//5
f 4412//1 4413//1 4414//1 4415//1
f 4412//3 4416//3 4417//3 4413//3
f 4415//4 4414//4 4418//4 4419//4
f 4412//5 4415//5 4419//5 4416//5
f 4419//4 4418//4 4420//4 4233//4
f 4416//5 4419//5 4233//5 4232//5
f 4238//2 4237//2 4421//2 4422//2
f 4233//4 4420//4 4421//4 4237//4
f 4239//1 4423//1 4424//1 4240//1
f 4240//4 4424//4 4425//4 4241//4
f 4241//4 4425//4 4399//4 4222//4
f 4245//3 4244//3 4426//3 4427//3
f 4428//2 4404//2 4409//2 4429//2
f 4244//3 4428//3 4429//3 4426//3
f 4244//5 4228//5 4404//5 4428//5
f 4434//1 4435//1 4417//1 4416//1
f 4434//3 4251//3 4436//3 4435//3
f 4434//5 4416//5 4232//5 4251//5
f 4251//3 4253//3 4437//3 4436//3
f 4238//4 4422//4 4438//4 4254//4
f 4256//2 4255//2 4439//2 4440//2
f 4254//4 4438//4 4439//4 4255//4
f 4257//1 4441//1 4442//1 4258//1
f 4258//4 4442//4 4443//4 4259//4
f 4259//4 4443//4 4423//4 4239//4
f 4261//3 4260//3 4444//3 4445//3
f 4263//2 4245//2 4427//2 4446//2
f 4260//3 4263//3 4446//3 4444//3
f 4267//1 4449//1 4437//1 4253//1
f 4267//3 4268//3 4450//3 4449//3
f 4268//3 4269//3 4451//3 4450//3
f 4256//4 4440//4 4452//4 4270//4
f 4272//2 4271//2 4453//2 4454//2
f 4270//4 4452//4 4453//4 4271//4
f 4273//1 4455//1 4456//1 4274//1
f 4274//4 4456//4 4457//4 4275//4
f 4275//4 4457//4 4441//4 4257//4
f 4277//3 4276//3 4458//3 4459//3
f 4278//2 4261//2 4445//2 4460//2
f 4276//3 4278//3 4460//3 4458//3
f 4281//1 4463//1 4451//1 4269//1
f 4281//3 4282//3 4464//3 4463//3
f 4282//3 4283//3 4465//3 4464//3
f 4272//4 4454//4 4466//4 4284//4
f 4286//2 4285//2 4467//2 4468//2
f 4284//4 4466//4 4467//4 4285//4
f 4287//1 4469//1 4470//1 4288//1
f 4288//4 4470//4 4471//4 4289//4
f 4289//4 4471//4 4455//4 4273//4
f 4291//3 4290//3 4472//3 4473//3
f 4292//2 4277//2 4459//2 4474//2
f 4290//3 4292//3 4474//3 4472//3
f 4297//1 4479//1 4465//1 4283//1
f 4297//3 4298//3 4480//3 4479//3
f 4298//3 4299//3 4481//3 4480//3
f 4286//4 4468//4 4482//4 4300//4
f 4302//2 4301//2 4483//2 4484//2
f 4300//4 4482//4 4483//4 4301//4
f 4306//1 4485//1 4486//1 4305//1
f 4305//4 4486//4 4469//4 4287//4
f 4308//3 4307//3 4487//3 4488//3
f 4309//2 4291//2 4473//2 4489//2
f 4307//3 4309//3 4489//3 4487//3
f 4314//1 4494//1 4481//1 4299//1
f 4314//3 4315//3 4495//3 4494//3
f 4315//3 4316//3 4496//3 4495//3
f 4320//2 4317//2 4497//2 4498//2
f 4302//4 4484//4 4497//4 4317//4
f 4322//1 4499//1 4485//1 4306//1
f 4324//2 4308//2 4488//2 4500//2
f 4322//3 4324//3 4500//3 4499//3
f 4499//6 4500//6 4488//6 4485//6
f 4336//1 4507//1 4496//1 4316//1
f 4337//2 4320//2 4498//2 4508//2
f 4336//3 4337//3 4508//3 4507//3
f 4507//6 4508//6 4498//6 4496//6
f 4402//1 4577//1 4578//1 4579//1
f 4579//4 4578//4 4580//4 4581//4
f 4402//5 4579//5 4581//5 4407//5
f 4581//4 4580//4 4575//4 4395//4
f 4407//5 4581//5 4395//5 4397//5
f 4582//6 4583//6 4575//6 4580//6
f 4396//4 4576//4 4584//4 4585//4
f 4398//5 4396//5 4585//5 4414//5
f 4586//6 4587//6 4584//6 4576//6
f 4418//2 4588//2 4589//2 4590//2
f 4585//4 4584//4 4589//4 4588//4
f 4414//5 4585//5 4588//5 4418//5
f 4399//1 4591//1 4592//1 4400//1
f 4400//4 4592//4 4593//4 4401//4
f 4401//4 4593//4 4577//4 4402//4
f 4409//3 4408//3 4594//3 4595//3
f 4408//3 4410//3 4596//3 4594//3
f 4408//5 4407//5 4397//5 4410//5
f 4594//6 4596//6 4583//6 4582//6
f 4411//3 4413//3 4597//3 4598//3
f 4411//5 4398//5 4414//5 4413//5
f 4598//6 4597//6 4587//6 4586//6
f 4413//3 4417//3 4599//3 4597//3
f 4418//4 4590//4 4600//4 4420//4
f 4422//2 4421//2 4601//2 4602//2
f 4420//4 4600//4 4601//4 4421//4
f 4423//1 4603//1 4604//1 4424//1
f 4424//4 4604//4 4605//4 4425//4
f 4425//4 4605//4 4591//4 4399//4
f 4427//3 4426//3 4606//3 4607//3
f 4429//2 4409//2 4595//2 4608//2
f 4426//3 4429//3 4608//3 4606//3
f 4435//1 4615//1 4599//1 4417//1
f 4435//3 4436//3 4616//3 4615//3
f 4436//3 4437//3 4617//3 4616//3
f 4422//4 4602//4 4618//4 4438//4
f 4440//2 4439//2 4619//2 4620//2
f 4438//4 4618//4 4619//4 4439//4
f 4441//1 4621//1 4622//1 4442//1
f 4442//4 4622//4 4623//4 4443//4
f 4443//4 4623//4 4603//4 4423//4
f 4445//3 4444//3 4624//3 4625//3
f 4446//2 4427//2 4607//2 4626//2
f 4444//3 4446//3 4626//3 4624//3
f 4449//1 4633//1 4617//1 4437//1
f 4449//3 4450//3 4634//3 4633//3
f 4450//3 4451//3 4635//3 4634//3
f 4440//4 4620//4 4636//4 4452//4
f 4454//2 4453//2 4637//2 4638//2
f 4452//4 4636//4 4637//4 4453//4
f 4455//1 4639//1 4640//1 4456//1
f 4456//4 4640//4 4641//4 4457//4
f 4457//4 4641//4 4621//4 4441//4
f 4459//3 4458//3 4642//3 4643//3
f 4460//2 4445//2 4625//2 4644//2
f 4458//3 4460//3 4644//3 4642//3
f 4463//1 4647//1 4635//1 4451//1
f 4463//3 4464//3 4648//3 4647//3
f 4464//3 4465//3 4649//3 4648//3
f 4454//4 4638//4 4650//4 4466//4
f 4468//2 4467//2 4651//2 4652//2
f 4466//4 4650//4 4651//4 4467//4
f 4469//1 4653//1 4654//1 4470//1
f 4470//4 4654//4 4655//4 4471//4
f 4471//4 4655//4 4639//4 4455//4
f 4473//3 4472//3 4656//3 4657//3
f 4474//2 4459//2 4643//2 4658//2
f 4472//3 4474//3 4658//3 4656//3
f 4479//1 4663//1 4649//1 4465//1
f 4479//3 4480//3 4664//3 4663//3
f 4480//3 4481//3 4665//3 4664//3
f 4468//4 4652//4 4666//4 4482//4
f 4484//2 4483//2 4667//2 4668//2
f 4482//4 4666//4 4667//4 4483//4
f 4485//1 4669//1 4670//1 4486//1
f 4485//3 4488//3 4671//3 4669//3
f 4486//4 4670//4 4653//4 4469//4
f 4669//6 4671//6 4653//6 4670//6
f 4488//3 4487//3 4672//3 4671//3
f 4489//2 4473//2 4657//2 4673//2
f 4487//3 4489//3 4673//3 4672//3
f 4494//1 4678//1 4665//1 4481//1
f 4494//3 4495//3 4679//3 4678//3
f 4495//3 4496//3 4680//3 4679//3
f 4498//2 4497//2 4681//2 4682//2
f 4496//3 4498//3 4682//3 4680//3
f 4484//4 4668//4 4681//4 4497//4
f 4680//6 4682//6 4681//6 4668//6
f 4577//1 4755//1 4756//1 4578//1
f 4582//2 4580//2 4757//2 4758//2
f 4578//4 4756//4 4757//4 4580//4
f 4755//6 4758//6 4757//6 4756//6
f 4587//1 4761//1 4762//1 4584//1
f 4590//2 4589//2 4763//2 4764//2
f 4584//4 4762//4 4763//4 4589//4
f 4761//6 4764//6 4763//6 4762//6
f 4591//1 4765//1 4766//1 4592//1
f 4592//4 4766//4 4767//4 4593//4
f 4593//4 4767//4 4755//4 4577//4
f 4768//6 4769//6 4755//6 4767//6
f 4594//2 4582//2 4758//2 4770//2
f 4595//3 4594//3 4770//3 4769//3
f 4769//6 4770//6 4758//6 4755//6
f 4597//1 4777//1 4761//1 4587//1
f 4597//3 4599//3 4778//3 4777//3
f 4777//6 4778//6 4764//6 4761//6
f 4590//4 4764//4 4779//4 4600//4
f 4778//6 4780//6 4779//6 4764//6
f 4602//2 4601//2 4781//2 4782//2
f 4600//4 4779//4 4781//4 4601//4
f 4603//1 4783//1 4784//1 4604//1
f 4604//4 4784//4 4785//4 4605//4
f 4605//4 4785//4 4765//4 4591//4
f 4607//3 4606//3 4786//3 4787//3
f 4608//2 4595//2 4769//2 4788//2
f 4606//3 4608//3 4788//3 4786//3
f 4615//1 4791//1 4778//1 4599//1
f 4615//3 4616//3 4792//3 4791//3
f 4616//3 4617//3 4793//3 4792//3
f 4602//4 4782//4 4794//4 4618//4
f 4620//2 4619//2 4795//2 4796//2
f 4618//4 4794//4 4795//4 4619//4
f 4621//1 4797//1 4798//1 4622//1
f 4622//4 4798//4 4799//4 4623//4
f 4623//4 4799//4 4783//4 4603//4
f 4625//3 4624//3 4800//3 4801//3
f 4626//2 4607//2 4787//2 4802//2
f 4624//3 4626//3 4802//3 4800//3
f 4633//1 4805//1 4793//1 4617//1
f 4633//3 4634//3 4806//3 4805//3
f 4634//3 4635//3 4807//3 4806//3
f 4620//4 4796//4 4808//4 4636//4
f 4638//2 4637//2 4809//2 4810//2
f 4636//4 4808//4 4809//4 4637//4
f 4639//1 4811//1 4812//1 4640//1
f 4640//4 4812//4 4813//4 4641//4
f 4641//4 4813//4 4797//4 4621//4
f 4643//3 4642//3 4814//3 4815//3
f 4644//2 4625//2 4801//2 4816//2
f 4642//3 4644//3 4816//3 4814//3
f 4647//1 4819//1 4807//1 4635//1
f 4647//3 4648//3 4820//3 4819//3
f 4648//3 4649//3 4821//3 4820//3
f 4638//4 4810//4 4822//4 4650//4
f 4652//2 4651//2 4823//2 4824//2
f 4650//4 4822//4 4823//4 4651//4
f 4653//1 4825//1 4826//1 4654//1
f 4654//4 4826//4 4827//4 4655//4
f 4655//4 4827//4 4811//4 4639//4
f 4657//3 4656//3 4828//3 4829//3
f 4658//2 4643//2 4815//2 4830//2
f 4656//3 4658//3 4830//3 4828//3
f 4663//1 4835//1 4821//1 4649//1
f 4663//3 4664//3 4836//3 4835//3
f 4664//3 4665//3 4837//3 4836//3
f 4652//4 4824//4 4838//4 4666//4
f 4668//2 4667//2 4839//2 4840//2
f 4666//4 4838//4 4839//4 4667//4
f 4671//1 4841//1 4825//1 4653//1
f 4671//3 4672//3 4842//3 4841//3
f 4673//2 4657//2 4829//2 4843//2
f 4672//3 4673//3 4843//3 4842//3
f 4678//1 4848//1 4837//1 4665//1
f 4678//3 4679//3 4849//3 4848//3
f 4680//2 4668//2 4840//2 4850//2
f 4679//3 4680//3 4850//3 4849//3
f 4765//1 4929//1 4930//1 4766//1
f 4768//2 4767//2 4931//2 4932//2
f 4766//4 4930//4 4931//4 4767//4
f 4929//6 4932//6 4931//6 4930//6
f 4780//1 4935//1 4936//1 4779//1
f 4782//2 4781//2 4937//2 4938//2
f 4779//4 4936//4 4937//4 4781//4
f 4935//6 4938//6 4937//6 4936//6
f 4783//1 4939//1 4940//1 4784//1
f 4784//4 4940//4 4941//4 4785//4
f 4785//4 4941//4 4929//4 4765//4
f 4787//3 4786//3 4942//3 4943//3
f 4943//6 4942//6 4932//6 4929//6
f 4788//2 4769//2 4944//2 4945//2
f 4786//3 4788//3 4945//3 4942//3
f 4768//4 4932//4 4944//4 4769//4
f 4942//6 4945//6 4944//6 4932//6
f 4791//1 4948//1 4949//1 4778//1
f 4791//3 4792//3 4950//3 4948//3
f 4778//4 4949//4 4935//4 4780//4
f 4948//6 4950//6 4935//6 4949//6
f 4792//3 4793//3 4951//3 4950//3
f 4950//6 4951//6 4938//6 4935//6
f 4782//4 4938//4 4952//4 4794//4
f 4796//2 4795//2 4953//2 4954//2
f 4794//4 4952//4 4953//4 4795//4
f 4797//1 4955//1 4956//1 4798//1
f 4798//4 4956//4 4957//4 4799//4
f 4799//4 4957//4 4939//4 4783//4
f 4801//3 4800//3 4958//3 4959//3
f 4802//2 4787//2 4943//2 4960//2
f 4800//3 4802//3 4960//3 4958//3
f 4805//1 4963//1 4951//1 4793//1
f 4805//3 4806//3 4964//3 4963//3
f 4806//3 4807//3 4965//3 4964//3
f 4796//4 4954//4 4966//4 4808//4
f 4810//2 4809//2 4967//2 4968//2
f 4808//4 4966//4 4967//4 4809//4
f 4811//1 4969//1 4970//1 4812//1
f 4812//4 4970//4 4971//4 4813//4
f 4813//4 4971//4 4955//4 4797//4
f 4815//3 4814//3 4972//3 4973//3
f 4816//2 4801//2 4959//2 4974//2
f 4814//3 4816//3 4974//3 4972//3
f 4819//1 4977//1 4965//1 4807//1
f 4819//3 4820//3 4978//3 4977//3
f 4820//3 4821//3 4979//3 4978//3
f 4810//4 4968//4 4980//4 4822//4
f 4824//2 4823//2 4981//2 4982//2
f 4822//4 4980//4 4981//4 4823//4
f 4825//1 4983//1 4984//1 4826//1
f 4826//4 4984//4 4985//4 4827//4
f 4827//4 4985//4 4969//4 4811//4
f 4829//3 4828//3 4986//3 4987//3
f 4830//2 4815//2 4973//2 4988//2
f 4828//3 4830//3 4988//3 4986//3
f 4835//1 4993//1 4979//1 4821//1
f 4835//3 4836//3 4994//3 4993//3
f 4836//3 4837//3 4995//3 4994//3
f 4824//4 4982//4 4996//4 4838//4
f 4840//2 4839//2 4997//2 4998//2
f 4838//4 4996//4 4997//4 4839//4
f 4841//1 4999//1 4983//1 4825//1
f 4841//3 4842//3 5000//3 4999//3
f 4999//6 5000//6 5001//6 4983//6
f 4843//2 4829//2 4987//2 5002//2
f 4842//3 4843//3 5002//3 5000//3
f 4848//1 5007//1 4995//1 4837//1
f 4848//3 4849//3 5008//3 5007//3
f 4850//2 4840//2 4998//2 5009//2
f 4849//3 4850//3 5009//3 5008//3
f 5008//6 5009//6 4998//6 5010//6
f 4939//1 5091//1 5092//1 4940//1
f 4940//4 5092//4 5093//4 4941//4
f 5091//6 5094//6 5093//6 5092//6
f 4943//2 4929//2 5095//2 5096//2
f 4941//4 5093//4 5095//4 4929//4
f 5094//6 5096//6 5095//6 5093//6
f 4951//1 5099//1 5100//1 4938//1
f 4938//4 5100//4 5101//4 4952//4
f 5099//6 5102//6 5101//6 5100//6
f 4954//2 4953//2 5103//2 5104//2
f 4952//4 5101//4 5103//4 4953//4
f 5102//6 5104//6 5103//6 5101//6
f 4955//1 5105//1 5106//1 4956//1
f 4956//4 5106//4 5107//4 4957//4
f 4957//4 5107//4 5091//4 4939//4
f 4959//3 4958//3 5108//3 5109//3
f 4958//3 4960//3 5110//3 5108//3
f 5108//6 5110//6 5096//6 5094//6
f 5111//2 4942//2 5112//2 5113//2
f 4960//3 5111//3 5113//3 5110//3
f 4943//4 5096//4 5112//4 4942//4
f 4960//5 4943//5 4942//5 5111//5
f 5110//6 5113//6 5112//6 5096//6
f 5116//1 5117//1 5118//1 4950//1
f 5116//3 4963//3 5119//3 5117//3
f 4950//4 5118//4 5099//4 4951//4
f 5116//5 4950//5 4951//5 4963//5
f 5117//6 5119//6 5099//6 5118//6
f 4963//3 4964//3 5120//3 5119//3
f 5119//6 5120//6 5102//6 5099//6
f 4964//3 4965//3 5121//3 5120//3
f 4954//4 5104//4 5122//4 4966//4
f 4968//2 4967//2 5123//2 5124//2
f 4966//4 5122//4 5123//4 4967//4
f 4969//1 5125//1 5126//1 4970//1
f 4970//4 5126//4 5127//4 4971//4
f 4971//4 5127//4 5105//4 4955//4
f 4973//3 4972//3 5128//3 5129//3
f 4974//2 4959//2 5109//2 5130//2
f 4972//3 4974//3 5130//3 5128//3
f 4977//1 5133//1 5121//1 4965//1
f 4977//3 4978//3 5134//3 5133//3
f 4978//3 4979//3 5135//3 5134//3
f 4968//4 5124//4 5136//4 4980//4
f 4982//2 4981//2 5137//2 5138//2
f 4980//4 5136//4 5137//4 4981//4
f 4983//1 5139//1 5140//1 4984//1
f 4983//3 5001//3 5141//3 5139//3
f 4984//4 5140//4 5142//4 4985//4
f 5139//6 5141//6 5142//6 5140//6
f 4985//4 5142//4 5125//4 4969//4
f 4987//3 4986//3 5143//3 5144//3
f 4988//2 4973//2 5129//2 5145//2
f 4986//3 4988//3 5145//3 5143//3
f 4993//1 5152//1 5135//1 4979//1
f 4993//3 4994//3 5153//3 5152//3
f 4994//3 4995//3 5154//3 5153//3
f 4982//4 5138//4 5155//4 4996//4
f 4998//2 4997//2 5156//2 5157//2
f 5010//3 4998//3 5157//3 5158//3
f 4996//4 5155//4 5156//4 4997//4
f 5158//6 5157//6 5156//6 5155//6
f 5000//1 5159//1 5141//1 5001//1
f 5002//2 4987//2 5144//2 5160//2
f 5000//3 5002//3 5160//3 5159//3
f 5007//1 5169//1 5154//1 4995//1
f 5008//2 5010//2 5158//2 5170//2
f 5007//3 5008//3 5170//3 5169//3
f 5105//1 5259//1 5260//1 5106//1
f 5106//4 5260//4 5261//4 5107//4
f 5107//4 5261//4 5262//4 5091//4
f 5263//6 5264//6 5262//6 5261//6
f 5108//2 5094//2 5265//2 5266//2
f 5109//3 5108//3 5266//3 5264//3
f 5091//4 5262//4 5265//4 5094//4
f 5264//6 5266//6 5265//6 5262//6
f 5120//1 5269//1 5270//1 5102//1
f 5120//3 5121//3 5271//3 5269//3
f 5102//4 5270//4 5272//4 5104//4
f 5269//6 5271//6 5272//6 5270//6
f 5104//4 5272//4 5273//4 5122//4
f 5271//6 5274//6 5273//6 5272//6
f 5124//2 5123//2 5275//2 5276//2
f 5122//4 5273//4 5275//4 5123//4
f 5125//1 5277//1 5278//1 5126//1
f 5126//4 5278//4 5279//4 5127//4
f 5127//4 5279//4 5259//4 5105//4
f 5129//3 5128//3 5280//3 5281//3
f 5130//2 5109//2 5264//2 5282//2
f 5128//3 5130//3 5282//3 5280//3
f 5133//1 5289//1 5271//1 5121//1
f 5133//3 5134//3 5290//3 5289//3
f 5134//3 5135//3 5291//3 5290//3
f 5124//4 5276//4 5292//4 5136//4
f 5138//2 5137//2 5293//2 5294//2
f 5136//4 5292//4 5293//4 5137//4
f 5141//1 5295//1 5296//1 5142//1
f 5142//4 5296//4 5277//4 5125//4
f 5144//3 5143//3 5297//3 5298//3
f 5145//2 5129//2 5281//2 5299//2
f 5143//3 5145//3 5299//3 5297//3
f 5152//1 5304//1 5291//1 5135//1
f 5152//3 5153//3 5305//3 5304//3
f 5153//3 5154//3 5306//3 5305//3
f 5158//2 5155//2 5307//2 5308//2
f 5138//4 5294//4 5307//4 5155//4
f 5159//1 5309//1 5295//1 5141//1
f 5160//2 5144//2 5298//2 5310//2
f 5159//3 5160//3 5310//3 5309//3
f 5309//6 5310//6 5298//6 5295//6
f 5169//1 5315//1 5306//1 5154//1
f 5170//2 5158//2 5308//2 5316//2
f 5169//3 5170//3 5316//3 5315//3
f 5315//6 5316//6 5308//6 5306//6
f 5259//1 5427//1 5428//1 5260//1
f 5263//2 5261//2 5429//2 5430//2
f 5260//4 5428//4 5429//4 5261//4
f 5427//6 5430//6 5429//6 5428//6
f 5274//1 5437//1 5438//1 5273//1
f 5276//2 5275//2 5439//2 5440//2
f 5273//4 5438//4 5439//4 5275//4
f 5437//6 5440//6 5439//6 5438//6
f 5277//1 5441//1 5442//1 5278//1
f 5278//4 5442//4 5443//4 5279//4
f 5279//4 5443//4 5427//4 5259//4
f 5281//3 5280//3 5444//3 5445//3
f 5445//6 5444//6 5430//6 5427//6
f 5282//2 5264//2 5446//2 5447//2
f 5280//3 5282//3 5447//3 5444//3
f 5263//4 5430//4 5446//4 5264//4
f 5444//6 5447//6 5446//6 5430//6
f 5289//1 5450//1 5451//1 5271//1
f 5289//3 5290//3 5452//3 5450//3
f 5271//4 5451//4 5437//4 5274//4
f 5450//6 5452//6 5437//6 5451//6
f 5290//3 5291//3 5453//3 5452//3
f 5452//6 5453//6 5440//6 5437//6
f 5276//4 5440//4 5454//4 5292//4
f 5294//2 5293//2 5455//2 5456//2
f 5292//4 5454//4 5455//4 5293//4
f 5295//1 5457//1 5458//1 5296//1
f 5295//3 5298//3 5459//3 5457//3
f 5296//4 5458//4 5441//4 5277//4
f 5457//6 5459//6 5441//6 5458//6
f 5298//3 5297//3 5460//3 5459//3
f 5299//2 5281//2 5445//2 5461//2
f 5297//3 5299//3 5461//3 5460//3
f 5304//1 5466//1 5453//1 5291//1
f 5304//3 5305//3 5467//3 5466//3
f 5305//3 5306//3 5468//3 5467//3
f 5308//2 5307//2 5469//2 5470//2
f 5306//3 5308//3 5470//3 5468//3
f 5294//4 5456//4 5469//4 5307//4
f 5468//6 5470//6 5469//6 5456//6
f 5441//1 5787//1 5788//1 5442//1
f 5442//4 5788//4 5789//4 5443//4
f 5787//6 5790//6 5789//6 5788//6
f 5445//2 5427//2 5791//2 5792//2
f 5443//4 5789//4 5791//4 5427//4
f 5790//6 5792//6 5791//6 5789//6
f 5453//1 5795//1 5796//1 5440//1
f 5440//4 5796//4 5797//4 5454//4
f 5795//6 5798//6 5797//6 5796//6
f 5456//2 5455//2 5799//2 5800//2
f 5454//4 5797//4 5799//4 5455//4
f 5798//6 5800//6 5799//6 5797//6
f 5459//1 5801//1 5787//1 5441//1
f 5459//3 5460//3 5802//3 5801//3
f 5461//2 5445//2 5792//2 5803//2
f 5460//3 5461//3 5803//3 5802//3
f 5802//6 5803//6 5792//6 5790//6
f 5466//1 5810//1 5795//1 5453//1
f 5466//3 5467//3 5811//3 5810//3
f 5810//6 5811//6 5798//6 5795//6
f 5468//2 5456//2 5800//2 5812//2
f 5467//3 5468//3 5812//3 5811//3
f 5801//1 5985//1 5986//1 5787//1
f 5802//2 5790//2 5987//2 5988//2
f 5801//3 5802//3 5988//3 5985//3
f 5787//4 5986//4 5987//4 5790//4
f 5985//6 5988//6 5987//6 5986//6
f 5811//1 5995//1 5996//1 5798//1
f 5812//2 5800//2 5997//2 5998//2
f 5811//3 5812//3 5998//3 5995//3
f 5798//4 5996//4 5997//4 5800//4
f 5995//6 5998//6 5997//6 5996//6
g glyph_42
f 5189//1 5190//1 5191//1 5192//1
f 5189//3 5193//3 5194//3 5190//3
f 5192//4 5191//4 5195//4 5196//4
f 5189//5 5192//5 5196//5 5193//5
f 5190//6 5194//6 5195//6 5191//6
f 5197//2 5198//2 5199//2 5200//2
f 5196//4 5195//4 5199//4 5198//4
f 5193//5 5196//5 5198//5 5197//5
f 5194//6 5200//6 5199//6 5195//6
f 5201//1 5202//1 5194//1 5193//1
f 5203//2 5197//2 5200//2 5204//2
f 5201//3 5203//3 5204//3 5202//3
f 5201//5 5193//5 5197//5 5203//5
f 5202//1 5337//1 5338//1 5194//1
f 5202//3 5204//3 5339//3 5337//3
f 5194//4 5338//4 5340//4 5200//4
f 5337//6 5339//6 5340//6 5338//6
f 5341//2 5342//2 5343//2 5344//2
f 5200//4 5340//4 5343//4 5342//4
f 5204//5 5200//5 5342//5 5341//5
f 5339//6 5344//6 5343//6 5340//6
f 5345//1 5346//1 5339//1 5204//1
f 5345//3 5347//3 5348//3 5346//3
f 5345//5 5204//5 5341//5 5347//5
f 5346//6 5348//6 5344//6 5339//6
f 5349//2 5350//2 5351//2 5352//2
f 5341//4 5344//4 5351//4 5350//4
f 5347//5 5341//5 5350//5 5349//5
f 5348//6 5352//6 5351//6 5344//6
f 5353//1 5354//1 5348//1 5347//1
f 5353//3 5355//3 5356//3 5354//3
f 5353//5 5347//5 5349//5 5355//5
f 5354//6 5356//6 5352//6 5348//6
f 5357//2 5358//2 5359//2 5360//2
f 5349//4 5352//4 5359//4 5358//4
f 5355//5 5349//5 5358//5 5357//5
f 5361//1 5362//1 5356//1 5355//1
f 5363//2 5357//2 5360//2 5364//2
f 5361//3 5363//3 5364//3 5362//3
f 5361//5 5355//5 5357//5 5363//5
f 5356//1 5709//1 5710//1 5352//1
f 5360//2 5359//2 5711//2 5712//2
f 5352//4 5710//4 5711//4 5359//4
f 5709//6 5712//6 5711//6 5710//6
f 5362//1 5713//1 5709//1 5356//1
f 5362//3 5364//3 5714//3 5713//3
f 5713//6 5714//6 5712//6 5709//6
f 5715//2 5716//2 5717//2 5718//2
f 5360//4 5712//4 5717//4 5716//4
f 5364//5 5360//5 5716//5 5715//5
f 5714//6 5718//6 5717//6 5712//6
f 5719//1 5720//1 5714//1 5364//1
f 5719//3 5721//3 5722//3 5720//3
f 5719//5 5364//5 5715//5 5721//5
f 5720//6 5722//6 5718//6 5714//6
f 5723//2 5724//2 5725//2 5726//2
f 5715//4 5718//4 5725//4 5724//4
f 5721//5 5715//5 5724//5 5723//5
f 5722//6 5726//6 5725//6 5718//6
f 5727//1 5728//1 5722//1 5721//1
f 5727//3 5729//3 5730//3 5728//3
f 5727//5 5721//5 5723//5 5729//5
f 5728//6 5730//6 5726//6 5722//6
f 5731//2 5732//2 5733//2 5734//2
f 5729//3 5731//3 5734//3 5730//3
f 5723//4 5726//4 5733//4 5732//4
f 5729//5 5723//5 5732//5 5731//5
f 5730//1 5843//1 5844//1 5726//1
f 5734//2 5733//2 5845//2 5846//2
f 5726//4 5844//4 5845//4 5733//4
f 5843//6 5846//6 5845//6 5844//6
f 5847//1 5848//1 5849//1 5850//1
f 5851//2 5852//2 5853//2 5854//2
f 5850//4 5849//4 5853//4 5852//4
f 5847//5 5850//5 5852//5 5851//5
f 5855//1 5856//1 5843//1 5730//1
f 5855//3 5857//3 5858//3 5856//3
f 5855//5 5730//5 5734//5 5857//5
f 5856//6 5858//6 5846//6 5843//6
f 5734//4 5846//4 5848//4 5847//4
f 5857//5 5734//5 5847//5 5859//5
f 5858//6 5860//6 5848//6 5846//6
f 5861//2 5851//2 5854//2 5862//2
f 5859//3 5861//3 5862//3 5860//3
f 5859//5 5847//5 5851//5 5861//5
f 5860//6 5862//6 5854//6 5848//6
f 6025//1 6026//1 6027//1 6028//1
f 6029//2 6030//2 6031//2 6032//2
f 6028//4 6027//4 6031//4 6030//4
f 6025//5 6028//5 6030//5 6029//5
f 5853//1 6033//1 6034//1 6035//1
f 6035//4 6034//4 6036//4 6037//4
f 5853//5 6035//5 6037//5 6038//5
f 6033//6 6039//6 6036//6 6034//6
f 6038//3 6040//3 6041//3 6039//3
f 6037//4 6036//4 6026//4 6025//4
f 6038//5 6037//5 6025//5 6040//5
f 6039//6 6041//6 6026//6 6036//6
f 6042//2 6029//2 6032//2 6043//2
f 6040//3 6042//3 6043//3 6041//3
f 6040//5 6025//5 6029//5 6042//5
f 5848//1 6044//1 6045//1 5849//1
f 5848//3 5854//3 6046//3 6044//3
f 5849//4 6045//4 6033//4 5853//4
f 6044//6 6046//6 6033//6 6045//6
f 6047//2 6038//2 6039//2 6048//2
f 5854//3 6047//3 6048//3 6046//3
f 5854//5 5853//5 6038//5 6047//5
f 6046//6 6048//6 6039//6 6033//6
f 6135//1 6136//1 6137//1 6138//1
f 6138//4 6137//4 6139//4 6140//4
f 6135//5 6138//5 6140//5 6141//5
f 6136//6 6142//6 6139//6 6137//6
f 6143//2 6144//2 6145//2 6146//2
f 6141//3 6143//3 6146//3 6142//3
f 6140//4 6139//4 6145//4 6144//4
f 6141//5 6140//5 6144//5 6143//5
f 6026//1 6147//1 6148//1 6027//1
f 6027//4 6148//4 6149//4 6031//4
f 6147//6 6150//6 6149//6 6148//6
f 6032//3 6151//3 6152//3 6150//3
f 6031//4 6149//4 6136//4 6135//4
f 6032//5 6031//5 6135//5 6151//5
f 6150//6 6152//6 6136//6 6149//6
f 6153//2 6141//2 6142//2 6154//2
f 6151//3 6153//3 6154//3 6152//3
f 6151//5 6135//5 6141//5 6153//5
f 6152//6 6154//6 6142//6 6136//6
f 6041//1 6155//1 6147//1 6026//1
f 6043//2 6032//2 6150//2 6156//2
f 6041//3 6043//3 6156//3 6155//3
f 6155//6 6156//6 6150//6 6147//6
f 6139//1 6251//1 6252//1 6253//1
f 6253//4 6252//4 6254//4 6255//4
f 6139//5 6253//5 6255//5 6145//5
f 6251//6 6256//6 6254//6 6252//6
f 6257//2 6258//2 6259//2 6260//2
f 6145//3 6257//3 6260//3 6256//3
f 6255//4 6254//4 6259//4 6258//4
f 6145//5 6255//5 6258//5 6257//5
f 6256//6 6260//6 6259//6 6254//6
f 6142//1 6261//1 6251//1 6139//1
f 6146//2 6145//2 6256//2 6262//2
f 6142//3 6146//3 6262//3 6261//3
f 6261//6 6262//6 6256//6 6251//6
g glyph_43
f 3412//3 3413//3 3549//3 3548//3
f 3413//3 3414//3 3550//3 3549//3
f 3414//3 3415//3 3551//3 3550//3
f 3491//1 3628//1 3614//1 3480//1
f 3491//3 3492//3 3629//3 3628//3
f 3493//2 3482//2 3616//2 3630//2
f 3494//3 3493//3 3630//3 3631//3
f 3510//1 3650//1 3629//1 3492//1
f 3510//3 3511//3 3651//3 3650//3
f 3512//2 3494//2 3631//2 3652//2
f 3513//3 3512//3 3652//3 3653//3
f 3529//3 3530//3 3668//3 3667//3
f 3532//3 3531//3 3669//3 3670//3
f 3546//3 3547//3 3680//3 3679//3
f 3547//3 3548//3 3681//3 3680//3
f 3548//3 3549//3 3682//3 3681//3
f 3549//3 3550//3 3683//3 3682//3
f 3550//3 3551//3 3684//3 3683//3
f 3551//3 3552//3 3685//3 3684//3
f 3552//3 3553//3 3686//3 3685//3
f 3611//1 3753//1 3750//1 3608//1
f 3612//2 3610//2 3752//2 3754//2
f 3628//1 3792//1 3769//1 3614//1
f 3628//3 3629//3 3793//3 3792//3
f 3630//2 3616//2 3771//2 3794//2
f 3631//3 3630//3 3794//3 3795//3
f 3650//1 3809//1 3793//1 3629//1
f 3650//3 3651//3 3810//3 3809//3
f 3652//2 3631//2 3795//2 3811//2
f 3653//3 3652//3 3811//3 3812//3
f 3666//1 3822//1 3810//1 3651//1
f 3666//3 3667//3 3823//3 3822//3
f 3667//3 3668//3 3824//3 3823//3
f 3670//3 3669//3 3825//3 3826//3
f 3671//2 3653//2 3812//2 3827//2
f 3669//3 3671//3 3827//3 3825//3
f 3678//3 3679//3 3833//3 3832//3
f 3679//3 3680//3 3834//3 3833//3
f 3680//3 3681//3 3835//3 3834//3
f 3681//3 3682//3 3836//3 3835//3
f 3683//3 3684//3 3837//3 3838//3
f 3684//3 3685//3 3839//3 3837//3
f 3685//3 3686//3 3840//3 3839//3
f 3686//3 3687//3 3841//3 3840//3
f 3753//1 3906//1 3896//1 3750//1
f 3754//2 3752//2 3898//2 3907//2
f 3768//1 3927//1 3906//1 3753//1
f 3768//3 3769//3 3928//3 3927//3
f 3770//2 3754//2 3907//2 3929//2
f 3771//3 3770//3 3929//3 3930//3
f 3792//1 3951//1 3928//1 3769//1
f 3792//3 3793//3 3952//3 3951//3
f 3794//2 3771//2 3930//2 3953//2
f 3795//3 3794//3 3953//3 3954//3
f 3809//1 3969//1 3952//1 3793//1
f 3809//3 3810//3 3970//3 3969//3
f 3811//2 3795//2 3954//2 3971//2
f 3812//3 3811//3 3971//3 3972//3
f 3822//1 3983//1 3970//1 3810//1
f 3822//3 3823//3 3984//3 3983//3
f 3823//3 3824//3 3985//3 3984//3
f 3826//3 3825//3 3986//3 3987//3
f 3827//2 3812//2 3972//2 3988//2
f 3825//3 3827//3 3988//3 3986//3
f 3831//1 3993//1 3985//1 3824//1
f 3831//3 3832//3 3994//3 3993//3
f 3832//3 3833//3 3995//3 3994//3
f 3833//3 3834//3 3996//3 3995//3
f 3834//3 3835//3 3997//3 3996//3
f 3835//3 3836//3 3998//3 3997//3
f 3836//3 3838//3 3999//3 3998//3
f 3838//3 3837//3 4000//3 3999//3
f 3837//3 3839//3 4001//3 4000//3
f 3839//3 3840//3 4002//3 4001//3
f 3840//3 3841//3 4003//3 4002//3
f 3842//2 3826//2 3987//2 4004//2
f 3841//3 3842//3 4004//3 4003//3
f 3906//1 4083//1 4066//1 3896//1
f 3907//2 3898//2 4068//2 4084//2
f 3927//1 4097//1 4083//1 3906//1
f 3929//2 3907//2 4084//2 4098//2
f 4113//1 4114//1 4097//1 3927//1
f 4113//3 3951//3 4115//3 4114//3
f 4113//5 3927//5 3928//5 3951//5
f 4116//2 3929//2 4098//2 4117//2
f 3953//3 4116//3 4117//3 4118//3
f 3953//5 3930//5 3929//5 4116//5
f 4136//1 4137//1 4115//1 3951//1
f 4136//3 3969//3 4138//3 4137//3
f 4136//5 3951//5 3952//5 3969//5
f 3969//3 3970//3 4139//3 4138//3
f 3972//3 3971//3 4140//3 4141//3
f 4142//2 3953//2 4118//2 4143//2
f 3971//3 4142//3 4143//3 4140//3
f 3971//5 3954//5 3953//5 4142//5
f 3983//1 4155//1 4139//1 3970//1
f 3983//3 3984//3 4156//3 4155//3
f 3984//3 3985//3 4157//3 4156//3
f 3987//3 3986//3 4158//3 4159//3
f 3988//2 3972//2 4141//2 4160//2
f 3986//3 3988//3 4160//3 4158//3
f 3993//1 4163//1 4157//1 3985//1
f 3993//3 3994//3 4164//3 4163//3
f 3994//3 3995//3 4165//3 4164//3
f 3995//3 3996//3 4166//3 4165//3
f 3996//3 3997//3 4167//3 4166//3
f 3997//3 3998//3 4168//3 4167//3
f 3998//3 3999//3 4169//3 4168//3
f 3999//3 4000//3 4170//3 4169//3
f 4000//3 4001//3 4171//3 4170//3
f 4001//3 4002//3 4172//3 4171//3
f 4002//3 4003//3 4173//3 4172//3
f 4004//2 3987//2 4159//2 4174//2
f 4003//3 4004//3 4174//3 4173//3
f 4083//1 4264//1 4247//1 4066//1
f 4084//2 4068//2 4249//2 4265//2
f 4097//1 4279//1 4264//1 4083//1
f 4098//2 4084//2 4265//2 4280//2
f 4114//1 4293//1 4279//1 4097//1
f 4114//3 4115//3 4294//3 4293//3
f 4117//2 4098//2 4280//2 4295//2
f 4118//3 4117//3 4295//3 4296//3
f 4137//1 4310//1 4294//1 4115//1
f 4137//3 4138//3 4311//3 4310//3
f 4143//2 4118//2 4296//2 4312//2
f 4140//3 4143//3 4312//3 4313//3
f 4325//1 4326//1 4311//1 4138//1
f 4325//3 4155//3 4327//3 4326//3
f 4325//5 4138//5 4139//5 4155//5
f 4155//3 4156//3 4328//3 4327//3
f 4156//3 4157//3 4329//3 4328//3
f 4159//3 4158//3 4330//3 4331//3
f 4158//3 4160//3 4332//3 4330//3
f 4333//2 4140//2 4313//2 4334//2
f 4160//3 4333//3 4334//3 4332//3
f 4160//5 4141//5 4140//5 4333//5
f 4163//1 4339//1 4329//1 4157//1
f 4163//3 4164//3 4340//3 4339//3
f 4164//3 4165//3 4341//3 4340//3
f 4165//3 4166//3 4342//3 4341//3
f 4166//3 4167//3 4343//3 4342//3
f 4167//3 4168//3 4344//3 4343//3
f 4168//3 4169//3 4345//3 4344//3
f 4169//3 4170//3 4346//3 4345//3
f 4170//3 4171//3 4347//3 4346//3
f 4171//3 4172//3 4348//3 4347//3
f 4172//3 4173//3 4349//3 4348//3
f 4174//2 4159//2 4331//2 4350//2
f 4173//3 4174//3 4350//3 4349//3
f 4264//1 4447//1 4431//1 4247//1
f 4265//2 4249//2 4433//2 4448//2
f 4279//1 4461//1 4447//1 4264//1
f 4280//2 4265//2 4448//2 4462//2
f 4293//1 4475//1 4461//1 4279//1
f 4293//3 4294//3 4476//3 4475//3
f 4295//2 4280//2 4462//2 4477//2
f 4296//3 4295//3 4477//3 4478//3
f 4310//1 4490//1 4476//1 4294//1
f 4310//3 4311//3 4491//3 4490//3
f 4312//2 4296//2 4478//2 4492//2
f 4313//3 4312//3 4492//3 4493//3
f 4326//1 4501//1 4491//1 4311//1
f 4326//3 4327//3 4502//3 4501//3
f 4327//3 4328//3 4503//3 4502//3
f 4330//3 4332//3 4504//3 4505//3
f 4334//2 4313//2 4493//2 4506//2
f 4332//3 4334//3 4506//3 4504//3
f 4509//1 4510//1 4503//1 4328//1
f 4509//3 4339//3 4511//3 4510//3
f 4509//5 4328//5 4329//5 4339//5
f 4339//3 4340//3 4512//3 4511//3
f 4340//3 4341//3 4513//3 4512//3
f 4341//3 4342//3 4514//3 4513//3
f 4342//3 4343//3 4515//3 4514//3
f 4343//3 4344//3 4516//3 4515//3
f 4344//3 4345//3 4517//3 4516//3
f 4345//3 4346//3 4518//3 4517//3
f 4346//3 4347//3 4519//3 4518//3
f 4347//3 4348//3 4520//3 4519//3
f 4348//3 4349//3 4521//3 4520//3
f 4349//3 4350//3 4522//3 4521//3
f 4523//2 4330//2 4505//2 4524//2
f 4350//3 4523//3 4524//3 4522//3
f 4350//5 4331//5 4330//5 4523//5
f 4627//1 4628//1 4609//1 4430//1
f 4627//3 4447//3 4629//3 4628//3
f 4627//5 4430//5 4431//5 4447//5
f 4628//6 4629//6 4610//6 4609//6
f 4630//2 4432//2 4612//2 4631//2
f 4448//3 4630//3 4631//3 4632//3
f 4448//5 4433//5 4432//5 4630//5
f 4632//6 4631//6 4612//6 4613//6
f 4461//1 4645//1 4629//1 4447//1
f 4462//2 4448//2 4632//2 4646//2
f 4475//1 4659//1 4645//1 4461//1
f 4475//3 4476//3 4660//3 4659//3
f 4477//2 4462//2 4646//2 4661//2
f 4478//3 4477//3 4661//3 4662//3
f 4490//1 4674//1 4660//1 4476//1
f 4490//3 4491//3 4675//3 4674//3
f 4492//2 4478//2 4662//2 4676//2
f 4493//3 4492//3 4676//3 4677//3
f 4501//1 4683//1 4675//1 4491//1
f 4501//3 4502//3 4684//3 4683//3
f 4502//3 4503//3 4685//3 4684//3
f 4505//3 4504//3 4686//3 4687//3
f 4506//2 4493//2 4677//2 4688//2
f 4504//3 4506//3 4688//3 4686//3
f 4510//1 4689//1 4685//1 4503//1
f 4510//3 4511//3 4690//3 4689//3
f 4511//3 4512//3 4691//3 4690//3
f 4512//3 4513//3 4692//3 4691//3
f 4513//3 4514//3 4693//3 4692//3
f 4514//3 4515//3 4694//3 4693//3
f 4515//3 4516//3 4695//3 4694//3
f 4517//3 4518//3 4696//3 4697//3
f 4518//3 4519//3 4698//3 4696//3
f 4519//3 4520//3 4699//3 4698//3
f 4520//3 4521//3 4700//3 4699//3
f 4521//3 4522//3 4701//3 4700//3
f 4524//2 4505//2 4687//2 4702//2
f 4522//3 4524//3 4702//3 4701//3
f 4703//1 4704//1 4695//1 4516//1
f 4705//2 4517//2 4697//2 4706//2
f 4703//3 4705//3 4706//3 4704//3
f 4703//5 4516//5 4517//5 4705//5
f 4704//6 4706//6 4697//6 4695//6
f 4610//1 4789//1 4772//1 4611//1
f 4613//2 4614//2 4775//2 4790//2
f 4629//1 4803//1 4789//1 4610//1
f 4632//2 4613//2 4790//2 4804//2
f 4645//1 4817//1 4803//1 4629//1
f 4646//2 4632//2 4804//2 4818//2
f 4659//1 4831//1 4817//1 4645//1
f 4659//3 4660//3 4832//3 4831//3
f 4661//2 4646//2 4818//2 4833//2
f 4662//3 4661//3 4833//3 4834//3
f 4674//1 4844//1 4832//1 4660//1
f 4674//3 4675//3 4845//3 4844//3
f 4676//2 4662//2 4834//2 4846//2
f 4677//3 4676//3 4846//3 4847//3
f 4683//1 4851//1 4845//1 4675//1
f 4683//3 4684//3 4852//3 4851//3
f 4684//3 4685//3 4853//3 4852//3
f 4687//3 4686//3 4854//3 4855//3
f 4688//2 4677//2 4847//2 4856//2
f 4686//3 4688//3 4856//3 4854//3
f 4689//1 4857//1 4853//1 4685//1
f 4689//3 4690//3 4858//3 4857//3
f 4857//6 4858//6 4859//6 4853//6
f 4690//3 4691//3 4860//3 4858//3
f 4691//3 4692//3 4861//3 4860//3
f 4692//3 4693//3 4862//3 4861//3
f 4693//3 4694//3 4863//3 4862//3
f 4694//3 4695//3 4864//3 4863//3
f 4695//3 4697//3 4865//3 4864//3
f 4697//3 4696//3 4866//3 4865//3
f 4696//3 4698//3 4867//3 4866//3
f 4698//3 4699//3 4868//3 4867//3
f 4699//3 4700//3 4869//3 4868//3
f 4700//3 4701//3 4870//3 4869//3
f 4702//2 4687//2 4855//2 4871//2
f 4701//3 4702//3 4871//3 4870//3
f 4870//6 4871//6 4855//6 4872//6
f 4772//1 4933//1 4926//1 4773//1
f 4775//2 4776//2 4928//2 4934//2
f 4789//1 4946//1 4933//1 4772//1
f 4790//2 4775//2 4934//2 4947//2
f 4851//1 5011//1 5004//1 4845//1
f 4851//3 4852//3 5012//3 5011//3
f 5011//6 5012//6 5013//6 5004//6
f 4852//3 4853//3 5014//3 5012//3
f 4853//3 4859//3 5015//3 5014//3
f 4872//3 4855//3 5016//3 5017//3
f 4855//3 4854//3 5018//3 5016//3
f 4856//2 4847//2 5006//2 5019//2
f 4854//3 4856//3 5019//3 5018//3
f 5018//6 5019//6 5006//6 5020//6
f 4858//1 5021//1 5015//1 4859//1
f 4858//3 4860//3 5022//3 5021//3
f 4860//3 4861//3 5023//3 5022//3
f 4861//3 4862//3 5024//3 5023//3
f 4862//3 4863//3 5025//3 5024//3
f 4863//3 4864//3 5026//3 5025//3
f 4864//3 4865//3 5027//3 5026//3
f 4865//3 4866//3 5028//3 5027//3
f 4866//3 4867//3 5029//3 5028//3
f 4867//3 4868//3 5030//3 5029//3
f 4868//3 4869//3 5031//3 5030//3
f 4870//2 4872//2 5017//2 5032//2
f 4869//3 4870//3 5032//3 5031//3
f 4933//1 5089//1 5087//1 4926//1
f 4934//2 4928//2 5088//2 5090//2
f 4946//1 5097//1 5089//1 4933//1
f 4947//2 4934//2 5090//2 5098//2
f 4961//1 5114//1 5097//1 4946//1
f 4962//2 4947//2 5098//2 5115//2
f 4975//1 5131//1 5114//1 4961//1
f 4976//2 4962//2 5115//2 5132//2
f 4989//1 5146//1 5131//1 4975//1
f 4989//3 4990//3 5147//3 5146//3
f 5146//6 5147//6 5148//6 5131//6
f 4991//2 4976//2 5132//2 5149//2
f 4992//3 4991//3 5149//3 5150//3
f 5150//6 5149//6 5132//6 5151//6
f 5003//1 5161//1 5147//1 4990//1
f 5003//3 5004//3 5162//3 5161//3
f 5161//6 5162//6 5163//6 5147//6
f 5004//3 5013//3 5164//3 5162//3
f 5020//3 5006//3 5165//3 5166//3
f 5005//2 4992//2 5150//2 5167//2
f 5006//3 5005//3 5167//3 5165//3
f 5165//6 5167//6 5150//6 5168//6
f 5012//1 5171//1 5164//1 5013//1
f 5012//3 5014//3 5172//3 5171//3
f 5014//3 5015//3 5173//3 5172//3
f 5017//3 5016//3 5174//3 5175//3
f 5018//2 5020//2 5166//2 5176//2
f 5016//3 5018//3 5176//3 5174//3
f 5021//1 5177//1 5173//1 5015//1
f 5021//3 5022//3 5178//3 5177//3
f 5022//3 5023//3 5179//3 5178//3
f 5023//3 5024//3 5180//3 5179//3
f 5024//3 5025//3 5181//3 5180//3
f 5025//3 5026//3 5182//3 5181//3
f 5026//3 5027//3 5183//3 5182//3
f 5027//3 5028//3 5184//3 5183//3
f 5028//3 5029//3 5185//3 5184//3
f 5029//3 5030//3 5186//3 5185//3
f 5030//3 5031//3 5187//3 5186//3
f 5032//2 5017//2 5175//2 5188//2
f 5031//3 5032//3 5188//3 5187//3
f 5097//1 5253//1 5251//1 5089//1
f 5253//6 5254//6 5255//6 5251//6
f 5098//2 5090//2 5252//2 5256//2
f 5257//6 5256//6 5252//6 5258//6
f 5114//1 5267//1 5253//1 5097//1
f 5115//2 5098//2 5256//2 5268//2
f 5131//1 5283//1 5267//1 5114//1
f 5131//3 5148//3 5284//3 5283//3
f 5283//6 5284//6 5285//6 5267//6
f 5132//2 5115//2 5268//2 5286//2
f 5151//3 5132//3 5286//3 5287//3
f 5287//6 5286//6 5268//6 5288//6
f 5147//1 5300//1 5284//1 5148//1
f 5147//3 5163//3 5301//3 5300//3
f 5150//2 5151//2 5287//2 5302//2
f 5168//3 5150//3 5302//3 5303//3
f 5162//1 5311//1 5301//1 5163//1
f 5162//3 5164//3 5312//3 5311//3
f 5165//2 5168//2 5303//2 5313//2
f 5166//3 5165//3 5313//3 5314//3
f 5171//1 5317//1 5312//1 5164//1
f 5171//3 5172//3 5318//3 5317//3
f 5172//3 5173//3 5319//3 5318//3
f 5175//3 5174//3 5320//3 5321//3
f 5176//2 5166//2 5314//2 5322//2
f 5174//3 5176//3 5322//3 5320//3
f 5177//1 5323//1 5319//1 5173//1
f 5177//3 5178//3 5324//3 5323//3
f 5323//6 5324//6 5325//6 5319//6
f 5178//3 5179//3 5326//3 5324//3
f 5179//3 5180//3 5327//3 5326//3
f 5180//3 5181//3 5328//3 5327//3
f 5181//3 5182//3 5329//3 5328//3
f 5182//3 5183//3 5330//3 5329//3
f 5183//3 5184//3 5331//3 5330//3
f 5184//3 5185//3 5332//3 5331//3
f 5185//3 5186//3 5333//3 5332//3
f 5186//3 5187//3 5334//3 5333//3
f 5188//2 5175//2 5321//2 5335//2
f 5187//3 5188//3 5335//3 5334//3
f 5334//6 5335//6 5321//6 5336//6
f 5254//1 5425//1 5422//1 5255//1
f 5257//2 5258//2 5424//2 5426//2
f 5317//1 5475//1 5472//1 5312//1
f 5317//3 5318//3 5476//3 5475//3
f 5475//6 5476//6 5477//6 5472//6
f 5318//3 5319//3 5478//3 5476//3
f 5319//3 5325//3 5479//3 5478//3
f 5336//3 5321//3 5480//3 5481//3
f 5321//3 5320//3 5482//3 5480//3
f 5322//2 5314//2 5474//2 5483//2
f 5320//3 5322//3 5483//3 5482//3
f 5482//6 5483//6 5474//6 5484//6
f 5324//1 5485//1 5479//1 5325//1
f 5324//3 5326//3 5486//3 5485//3
f 5485//6 5486//6 5487//6 5479//6
f 5326//3 5327//3 5488//3 5486//3
f 5327//3 5328//3 5489//3 5488//3
f 5328//3 5329//3 5490//3 5489//3
f 5329//3 5330//3 5491//3 5490//3
f 5330//3 5331//3 5492//3 5491//3
f 5331//3 5332//3 5493//3 5492//3
f 5332//3 5333//3 5494//3 5493//3
f 5334//2 5336//2 5481//2 5495//2
f 5333//3 5334//3 5495//3 5494//3
f 5494//6 5495//6 5481//6 5496//6
f 5422//1 5781//1 5779//1 5416//1
f 5424//2 5419//2 5780//2 5782//2
f 5425//1 5783//1 5781//1 5422//1
f 5426//2 5424//2 5782//2 5784//2
f 5433//1 5785//1 5783//1 5425//1
f 5436//2 5426//2 5784//2 5786//2
f 5448//1 5793//1 5785//1 5433//1
f 5449//2 5436//2 5786//2 5794//2
f 5462//1 5804//1 5793//1 5448//1
f 5462//3 5463//3 5805//3 5804//3
f 5804//6 5805//6 5806//6 5793//6
f 5464//2 5449//2 5794//2 5807//2
f 5465//3 5464//3 5807//3 5808//3
f 5808//6 5807//6 5794//6 5809//6
f 5471//1 5813//1 5805//1 5463//1
f 5471//3 5472//3 5814//3 5813//3
f 5813//6 5814//6 5815//6 5805//6
f 5472//3 5477//3 5816//3 5814//3
f 5484//3 5474//3 5817//3 5818//3
f 5473//2 5465//2 5808//2 5819//2
f 5474//3 5473//3 5819//3 5817//3
f 5817//6 5819//6 5808//6 5820//6
f 5476//1 5821//1 5816//1 5477//1
f 5476//3 5478//3 5822//3 5821//3
f 5821//6 5822//6 5823//6 5816//6
f 5478//3 5479//3 5824//3 5822//3
f 5479//3 5487//3 5825//3 5824//3
f 5496//3 5481//3 5826//3 5827//3
f 5481//3 5480//3 5828//3 5826//3
f 5482//2 5484//2 5818//2 5829//2
f 5480//3 5482//3 5829//3 5828//3
f 5828//6 5829//6 5818//6 5830//6
f 5486//1 5831//1 5825//1 5487//1
f 5486//3 5488//3 5832//3 5831//3
f 5831//6 5832//6 5833//6 5825//6
f 5488//3 5489//3 5834//3 5832//3
f 5832//6 5834//6 5835//6 5833//6
f 5489//3 5490//3 5836//3 5834//3
f 5490//3 5491//3 5837//3 5836//3
f 5491//3 5492//3 5838//3 5837//3
f 5492//3 5493//3 5839//3 5838//3
f 5838//6 5839//6 5840//6 5841//6
f 5494//2 5496//2 5827//2 5842//2
f 5493//3 5494//3 5842//3 5839//3
f 5839//6 5842//6 5827//6 5840//6
f 5783//1 5973//1 5967//1 5781//1
f 5973//6 5974//6 5968//6 5967//6
f 5784//2 5782//2 5970//2 5975//2
f 5976//6 5975//6 5970//6 5971//6
f 5785//1 5977//1 5973//1 5783//1
f 5977//6 5978//6 5974//6 5973//6
f 5786//2 5784//2 5975//2 5979//2
f 5980//6 5979//6 5975//6 5976//6
f 5793//1 5981//1 5977//1 5785//1
f 5793//3 5806//3 5982//3 5981//3
f 5981//6 5982//6 5978//6 5977//6
f 5794//2 5786//2 5979//2 5983//2
f 5809//3 5794//3 5983//3 5984//3
f 5984//6 5983//6 5979//6 5980//6
f 5805//1 5989//1 5982//1 5806//1
f 5805//3 5815//3 5990//3 5989//3
f 5989//6 5990//6 5991//6 5982//6
f 5808//2 5809//2 5984//2 5992//2
f 5820//3 5808//3 5992//3 5993//3
f 5993//6 5992//6 5984//6 5994//6
f 5814//1 5999//1 5990//1 5815//1
f 5814//3 5816//3 6000//3 5999//3
f 5999//6 6000//6 6001//6 5990//6
f 5816//3 5823//3 6002//3 6000//3
f 5830//3 5818//3 6003//3 6004//3
f 5817//2 5820//2 5993//2 6005//2
f 5818//3 5817//3 6005//3 6003//3
f 6003//6 6005//6 5993//6 6006//6
f 5822//1 6007//1 6002//1 5823//1
f 5822//3 5824//3 6008//3 6007//3
f 6007//6 6008//6 6009//6 6002//6
f 5824//3 5825//3 6010//3 6008//3
f 5825//3 5833//3 6011//3 6010//3
f 5833//3 5835//3 6012//3 6011//3
f 5841//3 5840//3 6013//3 6014//3
f 5840//3 5827//3 6015//3 6013//3
f 5827//3 5826//3 6016//3 6015//3
f 5828//2 5830//2 6004//2 6017//2
f 5826//3 5828//3 6017//3 6016//3
f 6016//6 6017//6 6004//6 6018//6
f 5834//1 6019//1 6012//1 5835//1
f 5834//3 5836//3 6020//3 6019//3
f 6019//6 6020//6 6021//6 6012//6
f 5836//3 5837//3 6022//3 6020//3
f 6020//6 6022//6 6023//6 6021//6
f 5838//2 5841//2 6014//2 6024//2
f 5837//3 5838//3 6024//3 6022//3
f 6022//6 6024//6 6014//6 6023//6
f 5974//1 6101//1 6099//1 5968//1
f 5976//2 5971//2 6100//2 6102//2
f 6008//1 6123//1 6118//1 6009//1
f 6008//3 6010//3 6124//3 6123//3
f 6123//6 6124//6 6125//6 6118//6
f 6010//3 6011//3 6126//3 6124//3
f 6011//3 6012//3 6127//3 6126//3
f 6012//3 6021//3 6128//3 6127//3
f 6021//3 6023//3 6129//3 6128//3
f 6023//3 6014//3 6130//3 6129//3
f 6014//3 6013//3 6131//3 6130//3
f 6013//3 6015//3 6132//3 6131//3
f 6016//2 6018//2 6120//2 6133//2
f 6015//3 6016//3 6133//3 6132//3
f 6132//6 6133//6 6120//6 6134//6
f 6106//1 6219//1 6216//1 6107//1
f 6109//2 6110//2 6218//2 6220//2
f 6111//1 6221//1 6219//1 6106//1
f 6111//3 6112//3 6222//3 6221//3
f 6221//6 6222//6 6223//6 6219//6
f 6112//3 6117//3 6224//3 6222//3
f 6122//3 6114//3 6225//3 6226//3
f 6113//2 6109//2 6220//2 6227//2
f 6114//3 6113//3 6227//3 6225//3
f 6225//6 6227//6 6220//6 6228//6
f 6116//1 6229//1 6224//1 6117//1
f 6116//3 6118//3 6230//3 6229//3
f 6229//6 6230//6 6231//6 6224//6
f 6118//3 6125//3 6232//3 6230//3
f 6134//3 6120//3 6233//3 6234//3
f 6119//2 6122//2 6226//2 6235//2
f 6120//3 6119//3 6235//3 6233//3
f 6233//6 6235//6 6226//6 6236//6
f 6124//1 6237//1 6232//1 6125//1
f 6124//3 6126//3 6238//3 6237//3
f 6237//6 6238//6 6239//6 6232//6
f 6126//3 6127//3 6240//3 6238//3
f 6238//6 6240//6 6241//6 6239//6
f 6127//3 6128//3 6242//3 6240//3
f 6240//6 6242//6 6243//6 6241//6
f 6128//3 6129//3 6244//3 6242//3
f 6242//6 6244//6 6245//6 6243//6
f 6129//3 6130//3 6246//3 6244//3
f 6244//6 6246//6 6247//6 6245//6
f 6130//3 6131//3 6248//3 6246//3
f 6246//6 6248//6 6249//6 6247//6
f 6132//2 6134//2 6234//2 6250//2
f 6131//3 6132//3 6250//3 6248//3
f 6248//6 6250//6 6234//6 6249//6
f 6224//3 6231//3 6323//3 6322//3
f 6236//3 6226//3 6324//3 6325//3
f 6230//1 6327//1 6323//1 6231//1
f 6230//3 6232//3 6328//3 6327//3
f 6232//3 6239//3 6329//3 6328//3
f 6239//3 6241//3 6330//3 6329//3
f 6241//3 6243//3 6331//3 6330//3
f 6243//3 6245//3 6332//3 6331//3
f 6245//3 6247//3 6333//3 6332//3
f 6247//3 6249//3 6334//3 6333//3
f 6249//3 6234//3 6335//3 6334//3
f 6233//2 6236//2 6325//2 6336//2
f 6234//3 6233//3 6336//3 6335//3
g glyph_61
f 1051//1 1052//1 1053//1 1054//1
f 1051//3 1055//3 1056//3 1052//3
f 1054//4 1053//4 1057//4 1058//4
f 1051//5 1054//5 1058//5 1055//5
f 1052//6 1056//6 1057//6 1053//6
f 1055//3 1059//3 1060//3 1056//3
f 1058//4 1057//4 1061//4 1062//4
f 1055//5 1058//5 1062//5 1059//5
f 1056//6 1060//6 1061//6 1057//6
f 1059//3 1063//3 1064//3 1060//3
f 1062//4 1061//4 1065//4 1066//4
f 1059//5 1062//5 1066//5 1063//5
f 1060//6 1064//6 1065//6 1061//6
f 1067//2 1068//2 1069//2 1070//2
f 1063//3 1067//3 1070//3 1064//3
f 1066//4 1065//4 1069//4 1068//4
f 1063//5 1066//5 1068//5 1067//5
f 1064//6 1070//6 1069//6 1065//6
f 1071//1 1072//1 1073//1 1074//1
f 1071//3 1075//3 1076//3 1072//3
f 1074//4 1073//4 1077//4 1078//4
f 1071//5 1074//5 1078//5 1075//5
f 1072//6 1076//6 1077//6 1073//6
f 1075//3 1079//3 1080//3 1076//3
f 1078//4 1077//4 1081//4 1082//4
f 1075//5 1078//5 1082//5 1079//5
f 1076//6 1080//6 1081//6 1077//6
f 1079//3 1083//3 1084//3 1080//3
f 1082//4 1081//4 1085//4 1086//4
f 1079//5 1082//5 1086//5 1083//5
f 1080//6 1084//6 1085//6 1081//6
f 1083//3 1087//3 1088//3 1084//3
f 1086//4 1085//4 1089//4 1090//4
f 1083//5 1086//5 1090//5 1087//5
f 1084//6 1088//6 1089//6 1085//6
f 1087//3 1091//3 1092//3 1088//3
f 1090//4 1089//4 1093//4 1094//4
f 1087//5 1090//5 1094//5 1091//5
f 1088//6 1092//6 1093//6 1089//6
f 1091//3 1095//3 1096//3 1092//3
f 1094//4 1093//4 1097//4 1098//4
f 1091//5 1094//5 1098//5 1095//5
f 1092//6 1096//6 1097//6 1093//6
f 1095//3 1099//3 1100//3 1096//3
f 1098//4 1097//4 1101//4 1102//4
f 1095//5 1098//5 1102//5 1099//5
f 1096//6 1100//6 1101//6 1097//6
f 1099//3 1103//3 1104//3 1100//3
f 1102//4 1101//4 1105//4 1106//4
f 1099//5 1102//5 1106//5 1103//5
f 1100//6 1104//6 1105//6 1101//6
f 1103//3 1107//3 1108//3 1104//3
f 1106//4 1105//4 1109//4 1110//4
f 1103//5 1106//5 1110//5 1107//5
f 1104//6 1108//6 1109//6 1105//6
f 1111//2 1112//2 1113//2 1114//2
f 1107//3 1111//3 1114//3 1108//3
f 1110//4 1109//4 1113//4 1112//4
f 1107//5 1110//5 1112//5 1111//5
f 1108//6 1114//6 1113//6 1109//6
f 1115//1 1116//1 1117//1 1118//1
f 1115//3 1119//3 1120//3 1116//3
f 1118//4 1117//4 1121//4 1122//4
f 1115//5 1118//5 1122//5 1119//5
f 1116//6 1120//6 1121//6 1117//6
f 1119//3 1123//3 1124//3 1120//3
f 1122//4 1121//4 1125//4 1126//4
f 1119//5 1122//5 1126//5 1123//5
f 1120//6 1124//6 1125//6 1121//6
f 1123//3 1127//3 1128//3 1124//3
f 1126//4 1125//4 1129//4 1130//4
f 1123//5 1126//5 1130//5 1127//5
f 1124//6 1128//6 1129//6 1125//6
f 1131//2 1132//2 1133//2 1134//2
f 1127//3 1131//3 1134//3 1128//3
f 1130//4 1129//4 1133//4 1132//4
f 1127//5 1130//5 1132//5 1131//5
f 1128//6 1134//6 1133//6 1129//6
f 1135//1 1136//1 1070//1 1067//1
f 1135//3 1137//3 1138//3 1136//3
f 1067//4 1070//4 1139//4 1140//4
f 1135//5 1067//5 1140//5 1137//5
f 1136//6 1138//6 1139//6 1070//6
f 1141//2 1142//2 1143//2 1144//2
f 1137//3 1141//3 1144//3 1138//3
f 1140//4 1139//4 1143//4 1142//4
f 1137//5 1140//5 1142//5 1141//5
f 1138//6 1144//6 1143//6 1139//6
f 1145//1 1146//1 1147//1 1148//1
f 1145//3 1149//3 1150//3 1146//3
f 1148//4 1147//4 1151//4 1152//4
f 1145//5 1148//5 1152//5 1149//5
f 1146//6 1150//6 1151//6 1147//6
f 1149//3 1153//3 1154//3 1150//3
f 1152//4 1151//4 1155//4 1156//4
f 1149//5 1152//5 1156//5 1153//5
f 1150//6 1154//6 1155//6 1151//6
f 1157//2 1071//2 1072//2 1158//2
f 1153//3 1157//3 1158//3 1154//3
f 1156//4 1155//4 1072//4 1071//4
f 1153//5 1156//5 1071//5 1157//5
f 1154//6 1158//6 1072//6 1155//6
f 1159//1 1160//1 1114//1 1111//1
f 1159//3 1161//3 1162//3 1160//3
f 1111//4 1114//4 1163//4 1164//4
f 1159//5 1111//5 1164//5 1161//5
f 1160//6 1162//6 1163//6 1114//6
f 1161//3 1165//3 1166//3 1162//3
f 1164//4 1163//4 1167//4 1168//4
f 1161//5 1164//5 1168//5 1165//5
f 1162//6 1166//6 1167//6 1163//6
f 1169//2 1170//2 1171//2 1172//2
f 1165//3 1169//3 1172//3 1166//3
f 1168//4 1167//4 1171//4 1170//4
f 1165//5 1168//5 1170//5 1169//5
f 1166//6 1172//6 1171//6 1167//6
f 1173//1 1174//1 1175//1 1176//1
f 1173//3 1177//3 1178//3 1174//3
f 1176//4 1175//4 1179//4 1180//4
f 1173//5 1176//5 1180//5 1177//5
f 1174//6 1178//6 1179//6 1175//6
f 1177//3 1181//3 1182//3 1178//3
f 1180//4 1179//4 1183//4 1184//4
f 1177//5 1180//5 1184//5 1181//5
f 1178//6 1182//6 1183//6 1179//6
f 1185//2 1115//2 1116//2 1186//2
f 1181//3 1185//3 1186//3 1182//3
f 1184//4 1183//4 1116//4 1115//4
f 1181//5 1184//5 1115//5 1185//5
f 1182//6 1186//6 1116//6 1183//6
f 1187//1 1188//1 1144//1 1141//1
f 1187//3 1189//3 1190//3 1188//3
f 1141//4 1144//4 1191//4 1192//4
f 1187//5 1141//5 1192//5 1189//5
f 1188//6 1190//6 1191//6 1144//6
f 1189//3 1193//3 1194//3 1190//3
f 1192//4 1191//4 1195//4 1196//4
f 1189//5 1192//5 1196//5 1193//5
f 1190//6 1194//6 1195//6 1191//6
f 1193//3 1197//3 1198//3 1194//3
f 1196//4 1195//4 1199//4 1200//4
f 1193//5 1196//5 1200//5 1197//5
f 1194//6 1198//6 1199//6 1195//6
f 1197//3 1201//3 1202//3 1198//3
f 1200//4 1199//4 1203//4 1204//4
f 1197//5 1200//5 1204//5 1201//5
f 1198//6 1202//6 1203//6 1199//6
f 1201//3 1205//3 1206//3 1202//3
f 1204//4 1203//4 1207//4 1208//4
f 1201//5 1204//5 1208//5 1205//5
f 1202//6 1206//6 1207//6 1203//6
f 1205//3 1209//3 1210//3 1206//3
f 1208//4 1207//4 1211//4 1212//4
f 1205//5 1208//5 1212//5 1209//5
f 1206//6 1210//6 1211//6 1207//6
f 1209//3 1213//3 1214//3 1210//3
f 1212//4 1211//4 1215//4 1216//4
f 1209//5 1212//5 1216//5 1213//5
f 1210//6 1214//6 1215//6 1211//6
f 1213//3 1217//3 1218//3 1214//3
f 1216//4 1215//4 1219//4 1220//4
f 1213//5 1216//5 1220//5 1217//5
f 1214//6 1218//6 1219//6 1215//6
f 1217//3 1221//3 1222//3 1218//3
f 1220//4 1219//4 1223//4 1224//4
f 1217//5 1220//5 1224//5 1221//5
f 1218//6 1222//6 1223//6 1219//6
f 1225//2 1145//2 1146//2 1226//2
f 1221//3 1225//3 1226//3 1222//3
f 1224//4 1223//4 1146//4 1145//4
f 1221//5 1224//5 1145//5 1225//5
f 1222//6 1226//6 1146//6 1223//6
f 1227//1 1228//1 1172//1 1169//1
f 1227//3 1229//3 1230//3 1228//3
f 1169//4 1172//4 1231//4 1232//4
f 1227//5 1169//5 1232//5 1229//5
f 1228//6 1230//6 1231//6 1172//6
f 1229//3 1233//3 1234//3 1230//3
f 1232//4 1231//4 1235//4 1236//4
f 1229//5 1232//5 1236//5 1233//5
f 1230//6 1234//6 1235//6 1231//6
f 1233//3 1237//3 1238//3 1234//3
f 1236//4 1235//4 1239//4 1240//4
f 1233//5 1236//5 1240//5 1237//5
f 1234//6 1238//6 1239//6 1235//6
f 1237//3 1241//3 1242//3 1238//3
f 1240//4 1239//4 1243//4 1244//4
f 1237//5 1240//5 1244//5 1241//5
f 1238//6 1242//6 1243//6 1239//6
f 1241//3 1245//3 1246//3 1242//3
f 1244//4 1243//4 1247//4 1248//4
f 1241//5 1244//5 1248//5 1245//5
f 1242//6 1246//6 1247//6 1243//6
f 1245//3 1249//3 1250//3 1246//3
f 1248//4 1247//4 1251//4 1252//4
f 1245//5 1248//5 1252//5 1249//5
f 1246//6 1250//6 1251//6 1247//6
f 1249//3 1253//3 1254//3 1250//3
f 1252//4 1251//4 1255//4 1256//4
f 1249//5 1252//5 1256//5 1253//5
f 1250//6 1254//6 1255//6 1251//6
f 1253//3 1257//3 1258//3 1254//3
f 1256//4 1255//4 1259//4 1260//4
f 1253//5 1256//5 1260//5 1257//5
f 1254//6 1258//6 1259//6 1255//6
f 1261//2 1173//2 1174//2 1262//2
f 1257//3 1261//3 1262//3 1258//3
f 1260//4 1259//4 1174//4 1173//4
f 1257//5 1260//5 1173//5 1261//5
f 1258//6 1262//6 1174//6 1259//6
f 2371//1 2372//1 2373//1 2374//1
f 2371//3 2375//3 2376//3 2372//3
f 2374//4 2373//4 2377//4 2378//4
f 2371//5 2374//5 2378//5 2375//5
f 2372//6 2376//6 2377//6 2373//6
f 2375//3 2379//3 2380//3 2376//3
f 2378//4 2377//4 2381//4 2382//4
f 2375//5 2378//5 2382//5 2379//5
f 2376//6 2380//6 2381//6 2377//6
f 2379//3 2383//3 2384//3 2380//3
f 2382//4 2381//4 2385//4 2386//4
f 2379//5 2382//5 2386//5 2383//5
f 2380//6 2384//6 2385//6 2381//6
f 2387//2 2388//2 2389//2 2390//2
f 2383//3 2387//3 2390//3 2384//3
f 2386//4 2385//4 2389//4 2388//4
f 2383//5 2386//5 2388//5 2387//5
f 2384//6 2390//6 2389//6 2385//6
f 2391//1 2392//1 2393//1 2394//1
f 2391//3 2395//3 2396//3 2392//3
f 2394//4 2393//4 2397//4 2398//4
f 2391//5 2394//5 2398//5 2395//5
f 2392//6 2396//6 2397//6 2393//6
f 2395//3 2399//3 2400//3 2396//3
f 2398//4 2397//4 2401//4 2402//4
f 2395//5 2398//5 2402//5 2399//5
f 2396//6 2400//6 2401//6 2397//6
f 2399//3 2403//3 2404//3 2400//3
f 2402//4 2401//4 2405//4 2406//4
f 2399//5 2402//5 2406//5 2403//5
f 2400//6 2404//6 2405//6 2401//6
f 2403//3 2407//3 2408//3 2404//3
f 2406//4 2405//4 2409//4 2410//4
f 2403//5 2406//5 2410//5 2407//5
f 2404//6 2408//6 2409//6 2405//6
f 2407//3 2411//3 2412//3 2408//3
f 2410//4 2409//4 2413//4 2414//4
f 2407//5 2410//5 2414//5 2411//5
f 2408//6 2412//6 2413//6 2409//6
f 2411//3 2415//3 2416//3 2412//3
f 2414//4 2413//4 2417//4 2418//4
f 2411//5 2414//5 2418//5 2415//5
f 2412//6 2416//6 2417//6 2413//6
f 2415//3 2419//3 2420//3 2416//3
f 2418//4 2417//4 2421//4 2422//4
f 2415//5 2418//5 2422//5 2419//5
f 2416//6 2420//6 2421//6 2417//6
f 2419//3 2423//3 2424//3 2420//3
f 2422//4 2421//4 2425//4 2426//4
f 2419//5 2422//5 2426//5 2423//5
f 2420//6 2424//6 2425//6 2421//6
f 2423//3 2427//3 2428//3 2424//3
f 2426//4 2425//4 2429//4 2430//4
f 2423//5 2426//5 2430//5 2427//5
f 2424//6 2428//6 2429//6 2425//6
f 2431//2 2432//2 2433//2 2434//2
f 2427//3 2431//3 2434//3 2428//3
f 2430//4 2429//4 2433//4 2432//4
f 2427//5 2430//5 2432//5 2431//5
f 2428//6 2434//6 2433//6 2429//6
f 2435//1 2436//1 2437//1 2438//1
f 2435//3 2439//3 2440//3 2436//3
f 2438//4 2437//4 2441//4 2442//4
f 2435//5 2438//5 2442//5 2439//5
f 2436//6 2440//6 2441//6 2437//6
f 2439//3 2443//3 2444//3 2440//3
f 2442//4 2441//4 2445//4 2446//4
f 2439//5 2442//5 2446//5 2443//5
f 2440//6 2444//6 2445//6 2441//6
f 2443//3 2447//3 2448//3 2444//3
f 2446//4 2445//4 2449//4 2450//4
f 2443//5 2446//5 2450//5 2447//5
f 2444//6 2448//6 2449//6 2445//6
f 2451//2 2452//2 2453//2 2454//2
f 2447//3 2451//3 2454//3 2448//3
f 2450//4 2449//4 2453//4 2452//4
f 2447//5 2450//5 2452//5 2451//5
f 2448//6 2454//6 2453//6 2449//6
f 2455//1 2456//1 2390//1 2387//1
f 2455//3 2457//3 2458//3 2456//3
f 2387//4 2390//4 2459//4 2460//4
f 2455//5 2387//5 2460//5 2457//5
f 2456//6 2458//6 2459//6 2390//6
f 2461//2 2462//2 2463//2 2464//2
f 2457//3 2461//3 2464//3 2458//3
f 2460//4 2459//4 2463//4 2462//4
f 2457//5 2460//5 2462//5 2461//5
f 2458//6 2464//6 2463//6 2459//6
f 2465//1 2466//1 2467//1 2468//1
f 2465//3 2469//3 2470//3 2466//3
f 2468//4 2467//4 2471//4 2472//4
f 2465//5 2468//5 2472//5 2469//5
f 2466//6 2470//6 2471//6 2467//6
f 2469//3 2473//3 2474//3 2470//3
f 2472//4 2471//4 2475//4 2476//4
f 2469//5 2472//5 2476//5 2473//5
f 2470//6 2474//6 2475//6 2471//6
f 2477//2 2391//2 2392//2 2478//2
f 2473//3 2477//3 2478//3 2474//3
f 2476//4 2475//4 2392//4 2391//4
f 2473//5 2476//5 2391//5 2477//5
f 2474//6 2478//6 2392//6 2475//6
f 2479//1 2480//1 2434//1 2431//1
f 2479//3 2481//3 2482//3 2480//3
f 2431//4 2434//4 2483//4 2484//4
f 2479//5 2431//5 2484//5 2481//5
f 2480//6 2482//6 2483//6 2434//6
f 2481//3 2485//3 2486//3 2482//3
f 2484//4 2483//4 2487//4 2488//4
f 2481//5 2484//5 2488//5 2485//5
f 2482//6 2486//6 2487//6 2483//6
f 2489//2 2490//2 2491//2 2492//2
f 2485//3 2489//3 2492//3 2486//3
f 2488//4 2487//4 2491//4 2490//4
f 2485//5 2488//5 2490//5 2489//5
f 2486//6 2492//6 2491//6 2487//6
f 2493//1 2494//1 2495//1 2496//1
f 2493//3 2497//3 2498//3 2494//3
f 2496//4 2495//4 2499//4 2500//4
f 2493//5 2496//5 2500//5 2497//5
f 2494//6 2498//6 2499//6 2495//6
f 2497//3 2501//3 2502//3 2498//3
f 2500//4 2499//4 2503//4 2504//4
f 2497//5 2500//5 2504//5 2501//5
f 2498//6 2502//6 2503//6 2499//6
f 2505//2 2435//2 2436//2 2506//2
f 2501//3 2505//3 2506//3 2502//3
f 2504//4 2503//4 2436//4 2435//4
f 2501//5 2504//5 2435//5 2505//5
f 2502//6 2506//6 2436//6 2503//6
f 2507//1 2508//1 2464//1 2461//1
f 2507//3 2509//3 2510//3 2508//3
f 2461//4 2464//4 2511//4 2512//4
f 2507//5 2461//5 2512//5 2509//5
f 2508//6 2510//6 2511//6 2464//6
f 2509//3 2513//3 2514//3 2510//3
f 2512//4 2511//4 2515//4 2516//4
f 2509//5 2512//5 2516//5 2513//5
f 2510//6 2514//6 2515//6 2511//6
f 2513//3 2517//3 2518//3 2514//3
f 2516//4 2515//4 2519//4 2520//4
f 2513//5 2516//5 2520//5 2517//5
f 2514//6 2518//6 2519//6 2515//6
f 2517//3 2521//3 2522//3 2518//3
f 2520//4 2519//4 2523//4 2524//4
f 2517//5 2520//5 2524//5 2521//5
f 2518//6 2522//6 2523//6 2519//6
f 2521//3 2525//3 2526//3 2522//3
f 2524//4 2523//4 2527//4 2528//4
f 2521//5 2524//5 2528//5 2525//5
f 2522//6 2526//6 2527//6 2523//6
f 2525//3 2529//3 2530//3 2526//3
f 2528//4 2527//4 2531//4 2532//4
f 2525//5 2528//5 2532//5 2529//5
f 2526//6 2530//6 2531//6 2527//6
f 2529//3 2533//3 2534//3 2530//3
f 2532//4 2531//4 2535//4 2536//4
f 2529//5 2532//5 2536//5 2533//5
f 2530//6 2534//6 2535//6 2531//6
f 2533//3 2537//3 2538//3 2534//3
f 2536//4 2535//4 2539//4 2540//4
f 2533//5 2536//5 2540//5 2537//5
f 2534//6 2538//6 2539//6 2535//6
f 2537//3 2541//3 2542//3 2538//3
f 2540//4 2539//4 2543//4 2544//4
f 2537//5 2540//5 2544//5 2541//5
f 2538//6 2542//6 2543//6 2539//6
f 2545//2 2465//2 2466//2 2546//2
f 2541//3 2545//3 2546//3 2542//3
f 2544//4 2543//4 2466//4 2465//4
f 2541//5 2544//5 2465//5 2545//5
f 2542//6 2546//6 2466//6 2543//6
f 2547//1 2548//1 2492//1 2489//1
f 2547//3 2549//3 2550//3 2548//3
f 2489//4 2492//4 2551//4 2552//4
f 2547//5 2489//5 2552//5 2549//5
f 2548//6 2550//6 2551//6 2492//6
f 2549//3 2553//3 2554//3 2550//3
f 2552//4 2551//4 2555//4 2556//4
f 2549//5 2552//5 2556//5 2553//5
f 2550//6 2554//6 2555//6 2551//6
f 2553//3 2557//3 2558//3 2554//3
f 2556//4 2555//4 2559//4 2560//4
f 2553//5 2556//5 2560//5 2557//5
f 2554//6 2558//6 2559//6 2555//6
f 2557//3 2561//3 2562//3 2558//3
f 2560//4 2559//4 2563//4 2564//4
f 2557//5 2560//5 2564//5 2561//5
f 2558//6 2562//6 2563//6 2559//6
f 2561//3 2565//3 2566//3 2562//3
f 2564//4 2563//4 2567//4 2568//4
f 2561//5 2564//5 2568//5 2565//5
f 2562//6 2566//6 2567//6 2563//6
f 2565//3 2569//3 2570//3 2566//3
f 2568//4 2567//4 2571//4 2572//4
f 2565//5 2568//5 2572//5 2569//5
f 2566//6 2570//6 2571//6 2567//6
f 2569//3 2573//3 2574//3 2570//3
f 2572//4 2571//4 2575//4 2576//4
f 2569//5 2572//5 2576//5 2573//5
f 2570//6 2574//6 2575//6 2571//6
f 2573//3 2577//3 2578//3 2574//3
f 2576//4 2575//4 2579//4 2580//4
f 2573//5 2576//5 2580//5 2577//5
f 2574//6 2578//6 2579//6 2575//6
f 2581//2 2493//2 2494//2 2582//2
f 2577//3 2581//3 2582//3 2578//3
f 2580//4 2579//4 2494//4 2493//4
f 2577//5 2580//5 2493//5 2581//5
f 2578//6 2582//6 2494//6 2579//6
f 4803//1 4961//1 4946//1 4789//1
f 4804//2 4790//2 4947//2 4962//2
f 4817//1 4975//1 4961//1 4803//1
f 4818//2 4804//2 4962//2 4976//2
f 4831//1 4989//1 4975//1 4817//1
f 4831//3 4832//3 4990//3 4989//3
f 4833//2 4818//2 4976//2 4991//2
f 4834//3 4833//3 4991//3 4992//3
f 4844//1 5003//1 4990//1 4832//1
f 4844//3 4845//3 5004//3 5003//3
f 4846//2 4834//2 4992//2 5005//2
f 4847//3 4846//3 5005//3 5006//3
f 5267//1 5431//1 5432//1 5253//1
f 5267//3 5285//3 5433//3 5431//3
f 5253//4 5432//4 5425//4 5254//4
f 5431//6 5433//6 5425//6 5432//6
f 5268//2 5256//2 5434//2 5435//2
f 5288//3 5268//3 5435//3 5436//3
f 5257//4 5426//4 5434//4 5256//4
f 5436//6 5435//6 5434//6 5426//6
f 5284//1 5448//1 5433//1 5285//1
f 5287//2 5288//2 5436//2 5449//2
f 5300//1 5462//1 5448//1 5284//1
f 5300//3 5301//3 5463//3 5462//3
f 5302//2 5287//2 5449//2 5464//2
f 5303//3 5302//3 5464//3 5465//3
f 5311//1 5471//1 5463//1 5301//1
f 5311//3 5312//3 5472//3 5471//3
f 5313//2 5303//2 5465//2 5473//2
f 5314//3 5313//3 5473//3 5474//3
f 5497//1 5498//1 5499//1 5500//1
f 5497//3 5501//3 5502//3 5498//3
f 5500//4 5499//4 5503//4 5504//4
f 5497//5 5500//5 5504//5 5501//5
f 5498//6 5502//6 5503//6 5499//6
f 5501//3 5505//3 5506//3 5502//3
f 5504//4 5503//4 5507//4 5508//4
f 5501//5 5504//5 5508//5 5505//5
f 5502//6 5506//6 5507//6 5503//6
f 5505//3 5509//3 5510//3 5506//3
f 5508//4 5507//4 5511//4 5512//4
f 5505//5 5508//5 5512//5 5509//5
f 5506//6 5510//6 5511//6 5507//6
f 5513//2 5514//2 5515//2 5516//2
f 5509//3 5513//3 5516//3 5510//3
f 5512//4 5511//4 5515//4 5514//4
f 5509//5 5512//5 5514//5 5513//5
f 5510//6 5516//6 5515//6 5511//6
f 5517//1 5518//1 5519//1 5520//1
f 5517//3 5521//3 5522//3 5518//3
f 5520//4 5519//4 5523//4 5524//4
f 5517//5 5520//5 5524//5 5521//5
f 5518//6 5522//6 5523//6 5519//6
f 5521//3 5525//3 5526//3 5522//3
f 5524//4 5523//4 5527//4 5528//4
f 5521//5 5524//5 5528//5 5525//5
f 5522//6 5526//6 5527//6 5523//6
f 5525//3 5529//3 5530//3 5526//3
f 5528//4 5527//4 5531//4 5532//4
f 5525//5 5528//5 5532//5 5529//5
f 5526//6 5530//6 5531//6 5527//6
f 5529//3 5533//3 5534//3 5530//3
f 5532//4 5531//4 5535//4 5536//4
f 5529//5 5532//5 5536//5 5533//5
f 5530//6 5534//6 5535//6 5531//6
f 5533//3 5537//3 5538//3 5534//3
f 5536//4 5535//4 5539//4 5540//4
f 5533//5 5536//5 5540//5 5537//5
f 5534//6 5538//6 5539//6 5535//6
f 5537//3 5541//3 5542//3 5538//3
f 5540//4 5539//4 5543//4 5544//4
f 5537//5 5540//5 5544//5 5541//5
f 5538//6 5542//6 5543//6 5539//6
f 5541//3 5545//3 5546//3 5542//3
f 5544//4 5543//4 5547//4 5548//4
f 5541//5 5544//5 5548//5 5545//5
f 5542//6 5546//6 5547//6 5543//6
f 5545//3 5549//3 5550//3 5546//3
f 5548//4 5547//4 5551//4 5552//4
f 5545//5 5548//5 5552//5 5549//5
f 5546//6 5550//6 5551//6 5547//6
f 5549//3 5553//3 5554//3 5550//3
f 5552//4 5551//4 5555//4 5556//4
f 5549//5 5552//5 5556//5 5553//5
f 5550//6 5554//6 5555//6 5551//6
f 5557//2 5558//2 5559//2 5560//2
f 5553//3 5557//3 5560//3 5554//3
f 5556//4 5555//4 5559//4 5558//4
f 5553//5 5556//5 5558//5 5557//5
f 5554//6 5560//6 5559//6 5555//6
f 5561//1 5562//1 5563//1 5564//1
f 5561//3 5565//3 5566//3 5562//3
f 5564//4 5563//4 5567//4 5568//4
f 5561//5 5564//5 5568//5 5565//5
f 5562//6 5566//6 5567//6 5563//6
f 5565//3 5569//3 5570//3 5566//3
f 5568//4 5567//4 5571//4 5572//4
f 5565//5 5568//5 5572//5 5569//5
f 5566//6 5570//6 5571//6 5567//6
f 5569//3 5573//3 5574//3 5570//3
f 5572//4 5571//4 5575//4 5576//4
f 5569//5 5572//5 5576//5 5573//5
f 5570//6 5574//6 5575//6 5571//6
f 5577//2 5578//2 5579//2 5580//2
f 5573//3 5577//3 5580//3 5574//3
f 5576//4 5575//4 5579//4 5578//4
f 5573//5 5576//5 5578//5 5577//5
f 5574//6 5580//6 5579//6 5575//6
f 5581//1 5582//1 5516//1 5513//1
f 5581//3 5583//3 5584//3 5582//3
f 5513//4 5516//4 5585//4 5586//4
f 5581//5 5513//5 5586//5 5583//5
f 5582//6 5584//6 5585//6 5516//6
f 5587//2 5588//2 5589//2 5590//2
f 5583//3 5587//3 5590//3 5584//3
f 5586//4 5585//4 5589//4 5588//4
f 5583//5 5586//5 5588//5 5587//5
f 5584//6 5590//6 5589//6 5585//6
f 5591//1 5592//1 5593//1 5594//1
f 5591//3 5595//3 5596//3 5592//3
f 5594//4 5593//4 5597//4 5598//4
f 5591//5 5594//5 5598//5 5595//5
f 5592//6 5596//6 5597//6 5593//6
f 5595//3 5599//3 5600//3 5596//3
f 5598//4 5597//4 5601//4 5602//4
f 5595//5 5598//5 5602//5 5599//5
f 5596//6 5600//6 5601//6 5597//6
f 5603//2 5517//2 5518//2 5604//2
f 5599//3 5603//3 5604//3 5600//3
f 5602//4 5601//4 5518//4 5517//4
f 5599//5 5602//5 5517//5 5603//5
f 5600//6 5604//6 5518//6 5601//6
f 5605//1 5606//1 5560//1 5557//1
f 5605//3 5607//3 5608//3 5606//3
f 5557//4 5560//4 5609//4 5610//4
f 5605//5 5557//5 5610//5 5607//5
f 5606//6 5608//6 5609//6 5560//6
f 5607//3 5611//3 5612//3 5608//3
f 5610//4 5609//4 5613//4 5614//4
f 5607//5 5610//5 5614//5 5611//5
f 5608//6 5612//6 5613//6 5609//6
f 5615//2 5616//2 5617//2 5618//2
f 5611//3 5615//3 5618//3 5612//3
f 5614//4 5613//4 5617//4 5616//4
f 5611//5 5614//5 5616//5 5615//5
f 5612//6 5618//6 5617//6 5613//6
f 5619//1 5620//1 5621//1 5622//1
f 5619//3 5623//3 5624//3 5620//3
f 5622//4 5621//4 5625//4 5626//4
f 5619//5 5622//5 5626//5 5623//5
f 5620//6 5624//6 5625//6 5621//6
f 5623//3 5627//3 5628//3 5624//3
f 5626//4 5625//4 5629//4 5630//4
f 5623//5 5626//5 5630//5 5627//5
f 5624//6 5628//6 5629//6 5625//6
f 5631//2 5561//2 5562//2 5632//2
f 5627//3 5631//3 5632//3 5628//3
f 5630//4 5629//4 5562//4 5561//4
f 5627//5 5630//5 5561//5 5631//5
f 5628//6 5632//6 5562//6 5629//6
f 5633//1 5634//1 5590//1 5587//1
f 5633//3 5635//3 5636//3 5634//3
f 5587//4 5590//4 5637//4 5638//4
f 5633//5 5587//5 5638//5 5635//5
f 5634//6 5636//6 5637//6 5590//6
f 5635//3 5639//3 5640//3 5636//3
f 5638//4 5637//4 5641//4 5642//4
f 5635//5 5638//5 5642//5 5639//5
f 5636//6 5640//6 5641//6 5637//6
f 5639//3 5643//3 5644//3 5640//3
f 5642//4 5641//4 5645//4 5646//4
f 5639//5 5642//5 5646//5 5643//5
f 5640//6 5644//6 5645//6 5641//6
f 5643//3 5647//3 5648//3 5644//3
f 5646//4 5645//4 5649//4 5650//4
f 5643//5 5646//5 5650//5 5647//5
f 5644//6 5648//6 5649//6 5645//6
f 5647//3 5651//3 5652//3 5648//3
f 5650//4 5649//4 5653//4 5654//4
f 5647//5 5650//5 5654//5 5651//5
f 5648//6 5652//6 5653//6 5649//6
f 5651//3 5655//3 5656//3 5652//3
f 5654//4 5653//4 5657//4 5658//4
f 5651//5 5654//5 5658//5 5655//5
f 5652//6 5656//6 5657//6 5653//6
f 5655//3 5659//3 5660//3 5656//3
f 5658//4 5657//4 5661//4 5662//4
f 5655//5 5658//5 5662//5 5659//5
f 5656//6 5660//6 5661//6 5657//6
f 5659//3 5663//3 5664//3 5660//3
f 5662//4 5661//4 5665//4 5666//4
f 5659//5 5662//5 5666//5 5663//5
f 5660//6 5664//6 5665//6 5661//6
f 5663//3 5667//3 5668//3 5664//3
f 5666//4 5665//4 5669//4 5670//4
f 5663//5 5666//5 5670//5 5667//5
f 5664//6 5668//6 5669//6 5665//6
f 5671//2 5591//2 5592//2 5672//2
f 5667//3 5671//3 5672//3 5668//3
f 5670//4 5669//4 5592//4 5591//4
f 5667//5 5670//5 5591//5 5671//5
f 5668//6 5672//6 5592//6 5669//6
f 5673//1 5674//1 5618//1 5615//1
f 5673//3 5675//3 5676//3 5674//3
f 5615//4 5618//4 5677//4 5678//4
f 5673//5 5615//5 5678//5 5675//5
f 5674//6 5676//6 5677//6 5618//6
f 5675//3 5679//3 5680//3 5676//3
f 5678//4 5677//4 5681//4 5682//4
f 5675//5 5678//5 5682//5 5679//5
f 5676//6 5680//6 5681//6 5677//6
f 5679//3 5683//3 5684//3 5680//3
f 5682//4 5681//4 5685//4 5686//4
f 5679//5 5682//5 5686//5 5683//5
f 5680//6 5684//6 5685//6 5681//6
f 5683//3 5687//3 5688//3 5684//3
f 5686//4 5685//4 5689//4 5690//4
f 5683//5 5686//5 5690//5 5687//5
f 5684//6 5688//6 5689//6 5685//6
f 5687//3 5691//3 5692//3 5688//3
f 5690//4 5689//4 5693//4 5694//4
f 5687//5 5690//5 5694//5 5691//5
f 5688//6 5692//6 5693//6 5689//6
f 5691//3 5695//3 5696//3 5692//3
f 5694//4 5693//4 5697//4 5698//4
f 5691//5 5694//5 5698//5 5695//5
f 5692//6 5696//6 5697//6 5693//6
f 5695//3 5699//3 5700//3 5696//3
f 5698//4 5697//4 5701//4 5702//4
f 5695//5 5698//5 5702//5 5699//5
f 5696//6 5700//6 5701//6 5697//6
f 5699//3 5703//3 5704//3 5700//3
f 5702//4 5701//4 5705//4 5706//4
f 5699//5 5702//5 5706//5 5703//5
f 5700//6 5704//6 5705//6 5701//6
f 5707//2 5619//2 5620//2 5708//2
f 5703//3 5707//3 5708//3 5704//3
f 5706//4 5705//4 5620//4 5619//4
f 5703//5 5706//5 5619//5 5707//5
f 5704//6 5708//6 5620//6 5705//6
f 5863//1 5864//1 5858//1 5857//1
f 5865//2 5859//2 5860//2 5866//2
f 5863//5 5857//5 5859//5 5865//5
f 5864//6 5866//6 5860//6 5858//6
f 5867//1 5868//1 5864//1 5863//1
f 5869//2 5865//2 5866//2 5870//2
f 5867//5 5863//5 5865//5 5869//5
f 5868//6 5870//6 5866//6 5864//6
f 5871//1 5872//1 5868//1 5867//1
f 5873//2 5869//2 5870//2 5874//2
f 5871//5 5867//5 5869//5 5873//5
f 5872//6 5874//6 5870//6 5868//6
f 5875//1 5876//1 5872//1 5871//1
f 5875//5 5871//5 5873//5 5877//5
f 5876//6 5878//6 5874//6 5872//6
f 5879//2 5880//2 5881//2 5882//2
f 5873//4 5874//4 5881//4 5880//4
f 5877//5 5873//5 5880//5 5879//5
f 5878//6 5882//6 5881//6 5874//6
f 5883//1 5884//1 5876//1 5875//1
f 5883//5 5875//5 5877//5 5885//5
f 5884//6 5886//6 5878//6 5876//6
f 5887//2 5879//2 5882//2 5888//2
f 5885//5 5877//5 5879//5 5887//5
f 5886//6 5888//6 5882//6 5878//6
f 5889//1 5890//1 5884//1 5883//1
f 5889//5 5883//5 5885//5 5891//5
f 5890//6 5892//6 5886//6 5884//6
f 5893//2 5887//2 5888//2 5894//2
f 5891//5 5885//5 5887//5 5893//5
f 5892//6 5894//6 5888//6 5886//6
f 5895//1 5896//1 5890//1 5889//1
f 5895//3 5897//3 5898//3 5896//3
f 5895//5 5889//5 5891//5 5897//5
f 5896//6 5898//6 5892//6 5890//6
f 5899//2 5893//2 5894//2 5900//2
f 5897//5 5891//5 5893//5 5899//5
f 5898//6 5900//6 5894//6 5892//6
f 5901//1 5902//1 5898//1 5897//1
f 5903//2 5899//2 5900//2 5904//2
f 5901//5 5897//5 5899//5 5903//5
f 5902//6 5904//6 5900//6 5898//6
f 5905//1 5906//1 5902//1 5901//1
f 5907//2 5903//2 5904//2 5908//2
f 5905//5 5901//5 5903//5 5907//5
f 5906//6 5908//6 5904//6 5902//6
f 5909//1 5910//1 5906//1 5905//1
f 5911//2 5907//2 5908//2 5912//2
f 5909//5 5905//5 5907//5 5911//5
f 5910//6 5912//6 5908//6 5906//6
f 5913//1 5914//1 5910//1 5909//1
f 5915//2 5911//2 5912//2 5916//2
f 5913//5 5909//5 5911//5 5915//5
f 5914//6 5916//6 5912//6 5910//6
f 5978//1 6103//1 6101//1 5974//1
f 5980//2 5976//2 6102//2 6104//2
f 5982//1 6105//1 6103//1 5978//1
f 5982//3 5991//3 6106//3 6105//3
f 6105//6 6106//6 6107//6 6103//6
f 5984//2 5980//2 6104//2 6108//2
f 5994//3 5984//3 6108//3 6109//3
f 6109//6 6108//6 6104//6 6110//6
f 5990//1 6111//1 6106//1 5991//1
f 5990//3 6001//3 6112//3 6111//3
f 5993//2 5994//2 6109//2 6113//2
f 6006//3 5993//3 6113//3 6114//3
f 6000//1 6115//1 6112//1 6001//1
f 6000//3 6002//3 6116//3 6115//3
f 6115//6 6116//6 6117//6 6112//6
f 6002//3 6009//3 6118//3 6116//3
f 6018//3 6004//3 6119//3 6120//3
f 6003//2 6006//2 6114//2 6121//2
f 6004//3 6003//3 6121//3 6119//3
f 6119//6 6121//6 6114//6 6122//6
f 6313//1 6397//1 6395//1 6311//1
f 6313//3 6314//3 6398//3 6397//3
f 6315//2 6312//2 6396//2 6399//2
f 6316//3 6315//3 6399//3 6400//3
f 6317//1 6401//1 6398//1 6314//1
f 6317//3 6318//3 6402//3 6401//3
f 6319//2 6316//2 6400//2 6403//2
f 6320//3 6319//3 6403//3 6404//3
f 6321//1 6405//1 6402//1 6318//1
f 6321//3 6322//3 6406//3 6405//3
f 6322//3 6323//3 6407//3 6406//3
f 6325//3 6324//3 6408//3 6409//3
f 6326//2 6320//2 6404//2 6410//2
f 6324//3 6326//3 6410//3 6408//3
f 6327//1 6411//1 6407//1 6323//1
f 6327//3 6328//3 6412//3 6411//3
f 6328//3 6329//3 6413//3 6412//3
f 6329//3 6330//3 6414//3 6413//3
f 6330//3 6331//3 6415//3 6414//3
f 6332//3 6333//3 6416//3 6417//3
f 6333//3 6334//3 6418//3 6416//3
f 6334//3 6335//3 6419//3 6418//3
f 6336//2 6325//2 6409//2 6420//2
f 6335//3 6336//3 6420//3 6419//3
f 6560//1 6647//1 6644//1 6561//1
f 6560//3 6567//3 6648//3 6647//3
f 6563//2 6564//2 6646//2 6649//2
f 6572//3 6563//3 6649//3 6650//3
f 6566//1 6651//1 6648//1 6567//1
f 6566//3 6568//3 6652//3 6651//3
f 6569//2 6572//2 6650//2 6653//2
f 6570//3 6569//3 6653//3 6654//3
f 6573//1 6655//1 6652//1 6568//1
f 6573//3 6574//3 6656//3 6655//3
f 6655//6 6656//6 6657//6 6652//6
f 6574//3 6579//3 6658//3 6656//3
f 6588//3 6576//3 6659//3 6660//3
f 6575//2 6570//2 6654//2 6661//2
f 6576//3 6575//3 6661//3 6659//3
f 6659//6 6661//6 6654//6 6662//6
f 6578//1 6663//1 6658//1 6579//1
f 6578//3 6580//3 6664//3 6663//3
f 6663//6 6664//6 6665//6 6658//6
f 6580//3 6581//3 6666//3 6664//3
f 6581//3 6582//3 6667//3 6666//3
f 6582//3 6583//3 6668//3 6667//3
f 6583//3 6584//3 6669//3 6668//3
f 6584//3 6585//3 6670//3 6669//3
f 6586//2 6588//2 6660//2 6671//2
f 6585//3 6586//3 6671//3 6670//3
f 6670//6 6671//6 6660//6 6672//6
f 6967//1 6968//1 6969//1 6970//1
f 6967//3 6971//3 6972//3 6968//3
f 6970//4 6969//4 6973//4 6974//4
f 6967//5 6970//5 6974//5 6971//5
f 6968//6 6972//6 6973//6 6969//6
f 6971//3 6975//3 6976//3 6972//3
f 6974//4 6973//4 6977//4 6978//4
f 6971//5 6974//5 6978//5 6975//5
f 6972//6 6976//6 6977//6 6973//6
f 6975//3 6979//3 6980//3 6976//3
f 6978//4 6977//4 6981//4 6982//4
f 6975//5 6978//5 6982//5 6979//5
f 6976//6 6980//6 6981//6 6977//6
f 6983//2 6984//2 6985//2 6986//2
f 6979//3 6983//3 6986//3 6980//3
f 6982//4 6981//4 6985//4 6984//4
f 6979//5 6982//5 6984//5 6983//5
f 6980//6 6986//6 6985//6 6981//6
f 6987//1 6988//1 6989//1 6990//1
f 6987//3 6991//3 6992//3 6988//3
f 6990//4 6989//4 6993//4 6994//4
f 6987//5 6990//5 6994//5 6991//5
f 6988//6 6992//6 6993//6 6989//6
f 6991//3 6995//3 6996//3 6992//3
f 6994//4 6993//4 6997//4 6998//4
f 6991//5 6994//5 6998//5 6995//5
f 6992//6 6996//6 6997//6 6993//6
f 6995//3 6999//3 7000//3 6996//3
f 6998//4 6997//4 7001//4 7002//4
f 6995//5 6998//5 7002//5 6999//5
f 6996//6 7000//6 7001//6 6997//6
f 6999//3 7003//3 7004//3 7000//3
f 7002//4 7001//4 7005//4 7006//4
f 6999//5 7002//5 7006//5 7003//5
f 7000//6 7004//6 7005//6 7001//6
f 7003//3 7007//3 7008//3 7004//3
f 7006//4 7005//4 7009//4 7010//4
f 7003//5 7006//5 7010//5 7007//5
f 7004//6 7008//6 7009//6 7005//6
f 7007//3 7011//3 7012//3 7008//3
f 7010//4 7009//4 7013//4 7014//4
f 7007//5 7010//5 7014//5 7011//5
f 7008//6 7012//6 7013//6 7009//6
f 7011//3 7015//3 7016//3 7012//3
f 7014//4 7013//4 7017//4 7018//4
f 7011//5 7014//5 7018//5 7015//5
f 7012//6 7016//6 7017//6 7013//6
f 7015//3 7019//3 7020//3 7016//3
f 7018//4 7017//4 7021//4 7022//4
f 7015//5 7018//5 7022//5 7019//5
f 7016//6 7020//6 7021//6 7017//6
f 7019//3 7023//3 7024//3 7020//3
f 7022//4 7021//4 7025//4 7026//4
f 7019//5 7022//5 7026//5 7023//5
f 7020//6 7024//6 7025//6 7021//6
f 7027//2 7028//2 7029//2 7030//2
f 7023//3 7027//3 7030//3 7024//3
f 7026//4 7025//4 7029//4 7028//4
f 7023//5 7026//5 7028//5 7027//5
f 7024//6 7030//6 7029//6 7025//6
f 7031//1 7032//1 7033//1 7034//1
f 7031//3 7035//3 7036//3 7032//3
f 7034//4 7033//4 7037//4 7038//4
f 7031//5 7034//5 7038//5 7035//5
f 7032//6 7036//6 7037//6 7033//6
f 7035//3 7039//3 7040//3 7036//3
f 7038//4 7037//4 7041//4 7042//4
f 7035//5 7038//5 7042//5 7039//5
f 7036//6 7040//6 7041//6 7037//6
f 7039//3 7043//3 7044//3 7040//3
f 7042//4 7041//4 7045//4 7046//4
f 7039//5 7042//5 7046//5 7043//5
f 7040//6 7044//6 7045//6 7041//6
f 7047//2 7048//2 7049//2 7050//2
f 7043//3 7047//3 7050//3 7044//3
f 7046//4 7045//4 7049//4 7048//4
f 7043//5 7046//5 7048//5 7047//5
f 7044//6 7050//6 7049//6 7045//6
f 7051//1 7052//1 6986//1 6983//1
f 7051//3 7053//3 7054//3 7052//3
f 6983//4 6986//4 7055//4 7056//4
f 7051//5 6983//5 7056//5 7053//5
f 7052//6 7054//6 7055//6 6986//6
f 7057//2 7058//2 7059//2 7060//2
f 7053//3 7057//3 7060//3 7054//3
f 7056//4 7055//4 7059//4 7058//4
f 7053//5 7056//5 7058//5 7057//5
f 7054//6 7060//6 7059//6 7055//6
f 7061//1 7062//1 7063//1 7064//1
f 7061//3 7065//3 7066//3 7062//3
f 7064//4 7063//4 7067//4 7068//4
f 7061//5 7064//5 7068//5 7065//5
f 7062//6 7066//6 7067//6 7063//6
f 7065//3 7069//3 7070//3 7066//3
f 7068//4 7067//4 7071//4 7072//4
f 7065//5 7068//5 7072//5 7069//5
f 7066//6 7070//6 7071//6 7067//6
f 7073//2 6987//2 6988//2 7074//2
f 7069//3 7073//3 7074//3 7070//3
f 7072//4 7071//4 6988//4 6987//4
f 7069//5 7072//5 6987//5 7073//5
f 7070//6 7074//6 6988//6 7071//6
f 7075//1 7076//1 7030//1 7027//1
f 7075//3 7077//3 7078//3 7076//3
f 7027//4 7030//4 7079//4 7080//4
f 7075//5 7027//5 7080//5 7077//5
f 7076//6 7078//6 7079//6 7030//6
f 7077//3 7081//3 7082//3 7078//3
f 7080//4 7079//4 7083//4 7084//4
f 7077//5 7080//5 7084//5 7081//5
f 7078//6 7082//6 7083//6 7079//6
f 7085//2 7086//2 7087//2 7088//2
f 7081//3 7085//3 7088//3 7082//3
f 7084//4 7083//4 7087//4 7086//4
f 7081//5 7084//5 7086//5 7085//5
f 7082//6 7088//6 7087//6 7083//6
f 7089//1 7090//1 7091//1 7092//1
f 7089//3 7093//3 7094//3 7090//3
f 7092//4 7091//4 7095//4 7096//4
f 7089//5 7092//5 7096//5 7093//5
f 7090//6 7094//6 7095//6 7091//6
f 7093//3 7097//3 7098//3 7094//3
f 7096//4 7095//4 7099//4 7100//4
f 7093//5 7096//5 7100//5 7097//5
f 7094//6 7098//6 7099//6 7095//6
f 7101//2 7031//2 7032//2 7102//2
f 7097//3 7101//3 7102//3 7098//3
f 7100//4 7099//4 7032//4 7031//4
f 7097//5 7100//5 7031//5 7101//5
f 7098//6 7102//6 7032//6 7099//6
f 7103//1 7104//1 7060//1 7057//1
f 7103//3 7105//3 7106//3 7104//3
f 7057//4 7060//4 7107//4 7108//4
f 7103//5 7057//5 7108//5 7105//5
f 7104//6 7106//6 7107//6 7060//6
f 7105//3 7109//3 7110//3 7106//3
f 7108//4 7107//4 7111//4 7112//4
f 7105//5 7108//5 7112//5 7109//5
f 7106//6 7110//6 7111//6 7107//6
f 7109//3 7113//3 7114//3 7110//3
f 7112//4 7111//4 7115//4 7116//4
f 7109//5 7112//5 7116//5 7113//5
f 7110//6 7114//6 7115//6 7111//6
f 7113//3 7117//3 7118//3 7114//3
f 7116//4 7115//4 7119//4 7120//4
f 7113//5 7116//5 7120//5 7117//5
f 7114//6 7118//6 7119//6 7115//6
f 7117//3 7121//3 7122//3 7118//3
f 7120//4 7119//4 7123//4 7124//4
f 7117//5 7120//5 7124//5 7121//5
f 7118//6 7122//6 7123//6 7119//6
f 7121//3 7125//3 7126//3 7122//3
f 7124//4 7123//4 7127//4 7128//4
f 7121//5 7124//5 7128//5 7125//5
f 7122//6 7126//6 7127//6 7123//6
f 7125//3 7129//3 7130//3 7126//3
f 7128//4 7127//4 7131//4 7132//4
f 7125//5 7128//5 7132//5 7129//5
f 7126//6 7130//6 7131//6 7127//6
f 7129//3 7133//3 7134//3 7130//3
f 7132//4 7131//4 7135//4 7136//4
f 7129//5 7132//5 7136//5 7133//5
f 7130//6 7134//6 7135//6 7131//6
f 7133//3 7137//3 7138//3 7134//3
f 7136//4 7135//4 7139//4 7140//4
f 7133//5 7136//5 7140//5 7137//5
f 7134//6 7138//6 7139//6 7135//6
f 7141//2 7061//2 7062//2 7142//2
f 7137//3 7141//3 7142//3 7138//3
f 7140//4 7139//4 7062//4 7061//4
f 7137//5 7140//5 7061//5 7141//5
f 7138//6 7142//6 7062//6 7139//6
f 7143//1 7144//1 7088//1 7085//1
f 7143//3 7145//3 7146//3 7144//3
f 7085//4 7088//4 7147//4 7148//4
f 7143//5 7085//5 7148//5 7145//5
f 7144//6 7146//6 7147//6 7088//6
f 7145//3 7149//3 7150//3 7146//3
f 7148//4 7147//4 7151//4 7152//4
f 7145//5 7148//5 7152//5 7149//5
f 7146//6 7150//6 7151//6 7147//6
f 7149//3 7153//3 7154//3 7150//3
f 7152//4 7151//4 7155//4 7156//4
f 7149//5 7152//5 7156//5 7153//5
f 7150//6 7154//6 7155//6 7151//6
f 7153//3 7157//3 7158//3 7154//3
f 7156//4 7155//4 7159//4 7160//4
f 7153//5 7156//5 7160//5 7157//5
f 7154//6 7158//6 7159//6 7155//6
f 7157//3 7161//3 7162//3 7158//3
f 7160//4 7159//4 7163//4 7164//4
f 7157//5 7160//5 7164//5 7161//5
f 7158//6 7162//6 7163//6 7159//6
f 7161//3 7165//3 7166//3 7162//3
f 7164//4 7163//4 7167//4 7168//4
f 7161//5 7164//5 7168//5 7165//5
f 7162//6 7166//6 7167//6 7163//6
f 7165//3 7169//3 7170//3 7166//3
f 7168//4 7167//4 7171//4 7172//4
f 7165//5 7168//5 7172//5 7169//5
f 7166//6 7170//6 7171//6 7167//6
f 7169//3 7173//3 7174//3 7170//3
f 7172//4 7171//4 7175//4 7176//4
f 7169//5 7172//5 7176//5 7173//5
f 7170//6 7174//6 7175//6 7171//6
f 7177//2 7089//2 7090//2 7178//2
f 7173//3 7177//3 7178//3 7174//3
f 7176//4 7175//4 7090//4 7089//4
f 7173//5 7176//5 7089//5 7177//5
f 7174//6 7178//6 7090//6 7175//6
g glyph_64
f 5739//5 5913//5 5915//5 5740//5
f 6624//1 6713//1 6714//1 6715//1
f 6624//3 6621//3 6716//3 6713//3
f 6715//4 6714//4 6707//4 6617//4
f 6624//5 6715//5 6617//5 6621//5
f 6713//6 6716//6 6707//6 6714//6
f 6626//2 6720//2 6721//2 6722//2
f 6622//3 6626//3 6722//3 6719//3
f 6620//4 6711//4 6721//4 6720//4
f 6622//5 6620//5 6720//5 6626//5
f 6719//6 6722//6 6721//6 6711//6
g glyph_111
f 123//1 124//1 125//1 126//1
f 127//2 128//2 129//2 130//2
f 123//3 127//3 130//3 124//3
f 126//4 125//4 129//4 128//4
f 123//5 126//5 128//5 127//5
f 273//1 274//1 275//1 276//1
f 276//4 275//4 277//4 278//4
f 273//5 276//5 278//5 125//5
f 278//4 277//4 279//4 280//4
f 125//5 278//5 280//5 129//5
f 281//2 282//2 283//2 284//2
f 280//4 279//4 283//4 282//4
f 129//5 280//5 282//5 281//5
f 299//1 300//1 274//1 273//1
f 299//5 273//5 125//5 124//5
f 301//2 281//2 284//2 302//2
f 130//5 129//5 281//5 301//5
f 303//1 304//1 300//1 299//1
f 303//3 305//3 306//3 304//3
f 303//5 299//5 124//5 305//5
f 305//5 124//5 130//5 307//5
f 308//2 301//2 302//2 309//2
f 307//3 308//3 309//3 310//3
f 307//5 130//5 301//5 308//5
f 311//1 312//1 306//1 305//1
f 313//2 307//2 310//2 314//2
f 311//3 313//3 314//3 312//3
f 311//5 305//5 307//5 313//5
f 277//1 378//1 379//1 380//1
f 279//2 381//2 382//2 383//2
f 380//4 379//4 382//4 381//4
f 277//5 380//5 381//5 279//5
f 378//6 383//6 382//6 379//6
f 274//1 434//1 435//1 275//1
f 275//4 435//4 378//4 277//4
f 284//2 283//2 436//2 437//2
f 279//4 383//4 436//4 283//4
f 429//4 432//4 434//4 274//4
f 471//5 429//5 274//5 300//5
f 284//4 437//4 439//4 438//4
f 302//5 284//5 438//5 473//5
f 483//1 484//1 472//1 471//1
f 483//3 304//3 485//3 484//3
f 483//5 471//5 300//5 304//5
f 486//2 473//2 476//2 487//2
f 309//3 486//3 487//3 488//3
f 309//5 302//5 473//5 486//5
f 489//1 490//1 485//1 304//1
f 489//5 304//5 306//5 312//5
f 491//2 309//2 488//2 492//2
f 314//5 310//5 309//5 491//5
f 493//1 494//1 490//1 489//1
f 493//3 495//3 496//3 494//3
f 493//5 489//5 312//5 495//5
f 495//3 497//3 498//3 496//3
f 495//5 312//5 314//5 497//5
f 499//2 491//2 492//2 500//2
f 497//3 499//3 500//3 498//3
f 497//5 314//5 491//5 499//5
f 434//1 580//1 581//1 435//1
f 435//4 581//4 582//4 378//4
f 580//6 583//6 582//6 581//6
f 378//4 582//4 584//4 383//4
f 437//2 436//2 585//2 586//2
f 383//4 584//4 585//4 436//4
f 587//6 586//6 585//6 584//6
f 432//4 624//4 580//4 434//4
f 623//6 625//6 580//6 624//6
f 437//4 586//4 626//4 439//4
f 627//6 628//6 626//6 586//6
f 484//1 641//1 623//1 472//1
f 487//2 476//2 628//2 642//2
f 643//1 644//1 641//1 484//1
f 643//5 484//5 485//5 490//5
f 645//2 487//2 642//2 646//2
f 492//5 488//5 487//5 645//5
f 647//1 648//1 644//1 643//1
f 647//5 643//5 490//5 494//5
f 649//2 645//2 646//2 650//2
f 500//5 492//5 645//5 649//5
f 651//1 652//1 648//1 647//1
f 651//3 653//3 654//3 652//3
f 651//5 647//5 494//5 653//5
f 653//5 494//5 496//5 655//5
f 655//5 496//5 498//5 656//5
f 656//5 498//5 500//5 657//5
f 658//2 649//2 650//2 659//2
f 657//3 658//3 659//3 660//3
f 657//5 500//5 649//5 658//5
f 661//1 662//1 654//1 653//1
f 661//3 663//3 664//3 662//3
f 661//5 653//5 655//5 663//5
f 663//3 665//3 666//3 664//3
f 663//5 655//5 656//5 665//5
f 667//2 657//2 660//2 668//2
f 665//3 667//3 668//3 666//3
f 665//5 656//5 657//5 667//5
f 583//1 720//1 721//1 582//1
f 587//2 584//2 722//2 723//2
f 582//4 721//4 722//4 584//4
f 720//6 723//6 722//6 721//6
f 625//1 762//1 763//1 580//1
f 580//4 763//4 720//4 583//4
f 627//2 586//2 764//2 765//2
f 587//4 723//4 764//4 586//4
f 641//1 785//1 786//1 623//1
f 623//4 786//4 762//4 625//4
f 642//2 628//2 787//2 788//2
f 627//4 765//4 787//4 628//4
f 644//1 793//1 785//1 641//1
f 646//2 642//2 788//2 794//2
f 648//1 795//1 793//1 644//1
f 650//2 646//2 794//2 796//2
f 652//1 797//1 795//1 648//1
f 659//2 650//2 796//2 798//2
f 799//1 800//1 797//1 652//1
f 799//3 662//3 801//3 800//3
f 799//5 652//5 654//5 662//5
f 662//3 664//3 802//3 801//3
f 664//3 666//3 803//3 802//3
f 666//3 668//3 804//3 803//3
f 805//2 659//2 798//2 806//2
f 668//3 805//3 806//3 804//3
f 668//5 660//5 659//5 805//5
f 762//1 868//1 869//1 763//1
f 763//4 869//4 870//4 720//4
f 868//6 871//6 870//6 869//6
f 720//4 870//4 872//4 723//4
f 871//6 873//6 872//6 870//6
f 765//2 764//2 874//2 875//2
f 723//4 872//4 874//4 764//4
f 873//6 875//6 874//6 872//6
f 785//1 902//1 903//1 786//1
f 786//4 903//4 868//4 762//4
f 788//2 787//2 904//2 905//2
f 765//4 875//4 904//4 787//4
f 793//1 913//1 902//1 785//1
f 794//2 788//2 905//2 914//2
f 915//1 916//1 917//1 918//1
f 915//3 795//3 919//3 916//3
f 918//4 917//4 913//4 793//4
f 915//5 918//5 793//5 795//5
f 920//2 921//2 922//2 923//2
f 796//3 920//3 923//3 924//3
f 794//4 914//4 922//4 921//4
f 796//5 794//5 921//5 920//5
f 797//1 925//1 919//1 795//1
f 798//2 796//2 924//2 926//2
f 800//1 927//1 925//1 797//1
f 800//3 801//3 928//3 927//3
f 806//2 798//2 926//2 929//2
f 804//3 806//3 929//3 930//3
f 931//1 932//1 928//1 801//1
f 931//3 933//3 934//3 932//3
f 931//5 801//5 802//5 933//5
f 933//3 935//3 936//3 934//3
f 933//5 802//5 803//5 935//5
f 937//2 804//2 930//2 938//2
f 935//3 937//3 938//3 936//3
f 935//5 803//5 804//5 937//5
f 902//1 1005//1 1006//1 903//1
f 903//4 1006//4 1007//4 868//4
f 868//4 1007//4 1008//4 871//4
f 871//4 1008//4 1009//4 873//4
f 873//4 1009//4 1010//4 875//4
f 905//2 904//2 1011//2 1012//2
f 875//4 1010//4 1011//4 904//4
f 917//1 1021//1 1022//1 1023//1
f 1023//4 1022//4 1005//4 902//4
f 917//5 1023//5 902//5 913//5
f 922//2 1024//2 1025//2 1026//2
f 905//4 1012//4 1025//4 1024//4
f 914//5 905//5 1024//5 922//5
f 916//1 1027//1 1021//1 917//1
f 923//2 922//2 1026//2 1028//2
f 1029//1 1030//1 1027//1 916//1
f 1029//5 916//5 919//5 925//5
f 1031//2 923//2 1028//2 1032//2
f 926//5 924//5 923//5 1031//5
f 1033//1 1034//1 1030//1 1029//1
f 1033//3 927//3 1035//3 1034//3
f 1033//5 1029//5 925//5 927//5
f 1036//2 1031//2 1032//2 1037//2
f 929//3 1036//3 1037//3 1038//3
f 929//5 926//5 1031//5 1036//5
f 1039//1 1040//1 1035//1 927//1
f 1039//3 932//3 1041//3 1040//3
f 1039//5 927//5 928//5 932//5
f 932//3 934//3 1042//3 1041//3
f 936//3 938//3 1043//3 1044//3
f 1045//2 929//2 1038//2 1046//2
f 938//3 1045//3 1046//3 1043//3
f 938//5 930//5 929//5 1045//5
f 1047//1 1048//1 1042//1 934//1
f 1049//2 936//2 1044//2 1050//2
f 1047//3 1049//3 1050//3 1048//3
f 1047//5 934//5 936//5 1049//5
f 1008//1 1285//1 1286//1 1287//1
f 1009//2 1288//2 1289//2 1290//2
f 1287//4 1286//4 1289//4 1288//4
f 1008//5 1287//5 1288//5 1009//5
f 1005//1 1312//1 1313//1 1006//1
f 1006//4 1313//4 1314//4 1007//4
f 1007//4 1314//4 1285//4 1008//4
f 1009//4 1290//4 1315//4 1010//4
f 1012//2 1011//2 1316//2 1317//2
f 1010//4 1315//4 1316//4 1011//4
f 1021//1 1329//1 1330//1 1022//1
f 1022//4 1330//4 1312//4 1005//4
f 1026//2 1025//2 1331//2 1332//2
f 1012//4 1317//4 1331//4 1025//4
f 1027//1 1333//1 1329//1 1021//1
f 1028//2 1026//2 1332//2 1334//2
f 1030//1 1335//1 1333//1 1027//1
f 1032//2 1028//2 1334//2 1336//2
f 1034//1 1337//1 1335//1 1030//1
f 1037//2 1032//2 1336//2 1338//2
f 1339//1 1340//1 1337//1 1034//1
f 1339//3 1040//3 1341//3 1340//3
f 1339//5 1034//5 1035//5 1040//5
f 1342//2 1037//2 1338//2 1343//2
f 1046//3 1342//3 1343//3 1344//3
f 1046//5 1038//5 1037//5 1342//5
f 1345//1 1346//1 1341//1 1040//1
f 1345//3 1347//3 1348//3 1346//3
f 1345//5 1040//5 1041//5 1347//5
f 1347//3 1048//3 1349//3 1348//3
f 1347//5 1041//5 1042//5 1048//5
f 1048//3 1050//3 1350//3 1349//3
f 1050//3 1351//3 1352//3 1350//3
f 1050//5 1044//5 1043//5 1351//5
f 1353//2 1046//2 1344//2 1354//2
f 1351//3 1353//3 1354//3 1352//3
f 1351//5 1043//5 1046//5 1353//5
f 1314//1 1365//1 1366//1 1367//1
f 1367//4 1366//4 1368//4 1286//4
f 1314//5 1367//5 1286//5 1285//5
f 1286//4 1368//4 1369//4 1289//4
f 1315//2 1370//2 1371//2 1372//2
f 1289//4 1369//4 1371//4 1370//4
f 1290//5 1289//5 1370//5 1315//5
f 1312//1 1387//1 1388//1 1313//1
f 1313//4 1388//4 1365//4 1314//4
f 1317//2 1316//2 1389//2 1390//2
f 1315//4 1372//4 1389//4 1316//4
f 1329//1 1395//1 1396//1 1330//1
f 1330//4 1396//4 1387//4 1312//4
f 1332//2 1331//2 1397//2 1398//2
f 1317//4 1390//4 1397//4 1331//4
f 1333//1 1399//1 1395//1 1329//1
f 1334//2 1332//2 1398//2 1400//2
f 1401//1 1402//1 1403//1 1404//1
f 1404//4 1403//4 1399//4 1333//4
f 1401//5 1404//5 1333//5 1335//5
f 1405//2 1406//2 1407//2 1408//2
f 1334//4 1400//4 1407//4 1406//4
f 1336//5 1334//5 1406//5 1405//5
f 1409//1 1410//1 1402//1 1401//1
f 1409//3 1337//3 1411//3 1410//3
f 1409//5 1401//5 1335//5 1337//5
f 1412//2 1405//2 1408//2 1413//2
f 1338//3 1412//3 1413//3 1414//3
f 1338//5 1336//5 1405//5 1412//5
f 1340//1 1415//1 1411//1 1337//1
f 1343//2 1338//2 1414//2 1416//2
f 1417//1 1418//1 1415//1 1340//1
f 1417//3 1346//3 1419//3 1418//3
f 1417//5 1340//5 1341//5 1346//5
f 1346//3 1348//3 1420//3 1419//3
f 1352//3 1354//3 1421//3 1422//3
f 1423//2 1343//2 1416//2 1424//2
f 1354//3 1423//3 1424//3 1421//3
f 1354//5 1344//5 1343//5 1423//5
f 1425//1 1426//1 1420//1 1348//1
f 1425//3 1427//3 1428//3 1426//3
f 1425//5 1348//5 1349//5 1427//5
f 1427//3 1429//3 1430//3 1428//3
f 1427//5 1349//5 1350//5 1429//5
f 1431//2 1352//2 1422//2 1432//2
f 1429//3 1431//3 1432//3 1430//3
f 1429//5 1350//5 1352//5 1431//5
f 1365//1 1437//1 1438//1 1366//1
f 1366//4 1438//4 1439//4 1368//4
f 1368//4 1439//4 1440//4 1369//4
f 1372//2 1371//2 1441//2 1442//2
f 1369//4 1440//4 1441//4 1371//4
f 1396//1 1449//1 1450//1 1451//1
f 1451//4 1450//4 1452//4 1388//4
f 1396//5 1451//5 1388//5 1387//5
f 1388//4 1452//4 1437//4 1365//4
f 1372//4 1442//4 1453//4 1389//4
f 1397//2 1454//2 1455//2 1456//2
f 1389//4 1453//4 1455//4 1454//4
f 1390//5 1389//5 1454//5 1397//5
f 1395//1 1459//1 1449//1 1396//1
f 1398//2 1397//2 1456//2 1460//2
f 1403//1 1461//1 1462//1 1463//1
f 1463//4 1462//4 1459//4 1395//4
f 1403//5 1463//5 1395//5 1399//5
f 1407//2 1464//2 1465//2 1466//2
f 1398//4 1460//4 1465//4 1464//4
f 1400//5 1398//5 1464//5 1407//5
f 1402//1 1467//1 1461//1 1403//1
f 1408//2 1407//2 1466//2 1468//2
f 1410//1 1469//1 1467//1 1402//1
f 1413//2 1408//2 1468//2 1470//2
f 1471//1 1472//1 1469//1 1410//1
f 1471//3 1415//3 1473//3 1472//3
f 1471//5 1410//5 1411//5 1415//5
f 1474//2 1413//2 1470//2 1475//2
f 1416//3 1474//3 1475//3 1476//3
f 1416//5 1414//5 1413//5 1474//5
f 1418//1 1477//1 1473//1 1415//1
f 1418//3 1419//3 1478//3 1477//3
f 1424//2 1416//2 1476//2 1479//2
f 1421//3 1424//3 1479//3 1480//3
f 1481//1 1482//1 1478//1 1419//1
f 1481//3 1426//3 1483//3 1482//3
f 1481//5 1419//5 1420//5 1426//5
f 1426//3 1428//3 1484//3 1483//3
f 1430//3 1432//3 1485//3 1486//3
f 1487//2 1421//2 1480//2 1488//2
f 1432//3 1487//3 1488//3 1485//3
f 1432//5 1422//5 1421//5 1487//5
f 1489//1 1490//1 1484//1 1428//1
f 1491//2 1430//2 1486//2 1492//2
f 1489//3 1491//3 1492//3 1490//3
f 1489//5 1428//5 1430//5 1491//5
f 1437//1 1493//1 1494//1 1438//1
f 1438//4 1494//4 1495//4 1439//4
f 1439//4 1495//4 1496//4 1440//4
f 1442//2 1441//2 1497//2 1498//2
f 1440//4 1496//4 1497//4 1441//4
f 1449//1 1499//1 1500//1 1450//1
f 1450//4 1500//4 1501//4 1452//4
f 1452//4 1501//4 1493//4 1437//4
f 1442//4 1498//4 1502//4 1453//4
f 1456//2 1455//2 1503//2 1504//2
f 1453//4 1502//4 1503//4 1455//4
f 1462//1 1505//1 1506//1 1507//1
f 1507//4 1506//4 1499//4 1449//4
f 1462//5 1507//5 1449//5 1459//5
f 1465//2 1508//2 1509//2 1510//2
f 1456//4 1504//4 1509//4 1508//4
f 1460//5 1456//5 1508//5 1465//5
f 1461//1 1511//1 1505//1 1462//1
f 1466//2 1465//2 1510//2 1512//2
f 1467//1 1513//1 1511//1 1461//1
f 1468//2 1466//2 1512//2 1514//2
f 1469//1 1515//1 1513//1 1467//1
f 1470//2 1468//2 1514//2 1516//2
f 1472//1 1517//1 1515//1 1469//1
f 1475//2 1470//2 1516//2 1518//2
f 1519//1 1520//1 1517//1 1472//1
f 1519//3 1477//3 1521//3 1520//3
f 1519//5 1472//5 1473//5 1477//5
f 1522//2 1475//2 1518//2 1523//2
f 1479//3 1522//3 1523//3 1524//3
f 1479//5 1476//5 1475//5 1522//5
f 1525//1 1526//1 1521//1 1477//1
f 1525//3 1482//3 1527//3 1526//3
f 1525//5 1477//5 1478//5 1482//5
f 1528//2 1479//2 1524//2 1529//2
f 1488//3 1528//3 1529//3 1530//3
f 1488//5 1480//5 1479//5 1528//5
f 1531//1 1532//1 1527//1 1482//1
f 1531//3 1533//3 1534//3 1532//3
f 1531//5 1482//5 1483//5 1533//5
f 1533//3 1490//3 1535//3 1534//3
f 1533//5 1483//5 1484//5 1490//5
f 1490//3 1492//3 1536//3 1535//3
f 1492//3 1537//3 1538//3 1536//3
f 1492//5 1486//5 1485//5 1537//5
f 1539//2 1488//2 1530//2 1540//2
f 1537//3 1539//3 1540//3 1538//3
f 1537//5 1485//5 1488//5 1539//5
f 1501//1 1541//1 1542//1 1543//1
f 1543//4 1542//4 1544//4 1494//4
f 1501//5 1543//5 1494//5 1493//5
f 1494//4 1544//4 1545//4 1495//4
f 1495//4 1545//4 1546//4 1496//4
f 1496//4 1546//4 1547//4 1497//4
f 1502//2 1548//2 1549//2 1550//2
f 1497//4 1547//4 1549//4 1548//4
f 1498//5 1497//5 1548//5 1502//5
f 1499//1 1551//1 1552//1 1500//1
f 1500//4 1552//4 1541//4 1501//4
f 1504//2 1503//2 1553//2 1554//2
f 1502//4 1550//4 1553//4 1503//4
f 1505//1 1555//1 1556//1 1506//1
f 1506//4 1556//4 1551//4 1499//4
f 1510//2 1509//2 1557//2 1558//2
f 1504//4 1554//4 1557//4 1509//4
f 1511//1 1559//1 1555//1 1505//1
f 1512//2 1510//2 1558//2 1560//2
f 1561//1 1562//1 1563//1 1564//1
f 1564//4 1563//4 1559//4 1511//4
f 1561//5 1564//5 1511//5 1513//5
f 1565//2 1566//2 1567//2 1568//2
f 1512//4 1560//4 1567//4 1566//4
f 1514//5 1512//5 1566//5 1565//5
f 1569//1 1570//1 1562//1 1561//1
f 1569//5 1561//5 1513//5 1515//5
f 1571//2 1565//2 1568//2 1572//2
f 1516//5 1514//5 1565//5 1571//5
f 1573//1 1574//1 1570//1 1569//1
f 1573//5 1569//5 1515//5 1517//5
f 1575//2 1571//2 1572//2 1576//2
f 1518//5 1516//5 1571//5 1575//5
f 1577//1 1578//1 1574//1 1573//1
f 1577//3 1520//3 1579//3 1578//3
f 1577//5 1573//5 1517//5 1520//5
f 1580//2 1575//2 1576//2 1581//2
f 1523//3 1580//3 1581//3 1582//3
f 1523//5 1518//5 1575//5 1580//5
f 1583//1 1584//1 1579//1 1520//1
f 1583//3 1526//3 1585//3 1584//3
f 1583//5 1520//5 1521//5 1526//5
f 1586//2 1523//2 1582//2 1587//2
f 1529//3 1586//3 1587//3 1588//3
f 1529//5 1524//5 1523//5 1586//5
f 1589//1 1590//1 1585//1 1526//1
f 1589//3 1532//3 1591//3 1590//3
f 1589//5 1526//5 1527//5 1532//5
f 1592//2 1529//2 1588//2 1593//2
f 1540//3 1592//3 1593//3 1594//3
f 1540//5 1530//5 1529//5 1592//5
f 1595//1 1596//1 1591//1 1532//1
f 1595//3 1597//3 1598//3 1596//3
f 1595//5 1532//5 1534//5 1597//5
f 1597//3 1599//3 1600//3 1598//3
f 1597//5 1534//5 1535//5 1599//5
f 1599//3 1601//3 1602//3 1600//3
f 1599//5 1535//5 1536//5 1601//5
f 1601//3 1603//3 1604//3 1602//3
f 1601//5 1536//5 1538//5 1603//5
f 1605//2 1540//2 1594//2 1606//2
f 1603//3 1605//3 1606//3 1604//3
f 1603//5 1538//5 1540//5 1605//5
f 1541//1 1607//1 1608//1 1542//1
f 1542//4 1608//4 1609//4 1544//4
f 1544//4 1609//4 1610//4 1545//4
f 1545//4 1610//4 1611//4 1546//4
f 1546//4 1611//4 1612//4 1547//4
f 1550//2 1549//2 1613//2 1614//2
f 1547//4 1612//4 1613//4 1549//4
f 1551//1 1615//1 1616//1 1552//1
f 1552//4 1616//4 1607//4 1541//4
f 1554//2 1553//2 1617//2 1618//2
f 1550//4 1614//4 1617//4 1553//4
f 1555//1 1619//1 1620//1 1556//1
f 1556//4 1620//4 1615//4 1551//4
f 1558//2 1557//2 1621//2 1622//2
f 1554//4 1618//4 1621//4 1557//4
f 1563//1 1623//1 1624//1 1625//1
f 1625//4 1624//4 1619//4 1555//4
f 1563//5 1625//5 1555//5 1559//5
f 1567//2 1626//2 1627//2 1628//2
f 1558//4 1622//4 1627//4 1626//4
f 1560//5 1558//5 1626//5 1567//5
f 1562//1 1629//1 1623//1 1563//1
f 1568//2 1567//2 1628//2 1630//2
f 1631//1 1632//1 1633//1 1634//1
f 1634//4 1633//4 1629//4 1562//4
f 1631//5 1634//5 1562//5 1570//5
f 1635//2 1636//2 1637//2 1638//2
f 1568//4 1630//4 1637//4 1636//4
f 1572//5 1568//5 1636//5 1635//5
f 1639//1 1640//1 1632//1 1631//1
f 1639//5 1631//5 1570//5 1574//5
f 1641//2 1635//2 1638//2 1642//2
f 1576//5 1572//5 1635//5 1641//5
f 1643//1 1644//1 1640//1 1639//1
f 1643//3 1578//3 1645//3 1644//3
f 1643//5 1639//5 1574//5 1578//5
f 1646//2 1641//2 1642//2 1647//2
f 1581//3 1646//3 1647//3 1648//3
f 1581//5 1576//5 1641//5 1646//5
f 1649//1 1650//1 1645//1 1578//1
f 1649//5 1578//5 1579//5 1584//5
f 1651//2 1581//2 1648//2 1652//2
f 1587//5 1582//5 1581//5 1651//5
f 1653//1 1654//1 1650//1 1649//1
f 1653//3 1655//3 1656//3 1654//3
f 1653//5 1649//5 1584//5 1655//5
f 1655//5 1584//5 1585//5 1590//5
f 1593//5 1588//5 1587//5 1657//5
f 1658//2 1651//2 1652//2 1659//2
f 1657//3 1658//3 1659//3 1660//3
f 1657//5 1587//5 1651//5 1658//5
f 1661//1 1662//1 1656//1 1655//1
f 1661//3 1663//3 1664//3 1662//3
f 1661//5 1655//5 1590//5 1663//5
f 1663//3 1596//3 1665//3 1664//3
f 1663//5 1590//5 1591//5 1596//5
f 1596//3 1598//3 1666//3 1665//3
f 1604//3 1606//3 1667//3 1668//3
f 1606//3 1669//3 1670//3 1667//3
f 1606//5 1594//5 1593//5 1669//5
f 1671//2 1657//2 1660//2 1672//2
f 1669//3 1671//3 1672//3 1670//3
f 1669//5 1593//5 1657//5 1671//5
f 1673//1 1674//1 1666//1 1598//1
f 1673//3 1675//3 1676//3 1674//3
f 1673//5 1598//5 1600//5 1675//5
f 1675//3 1677//3 1678//3 1676//3
f 1675//5 1600//5 1602//5 1677//5
f 1679//2 1604//2 1668//2 1680//2
f 1677//3 1679//3 1680//3 1678//3
f 1677//5 1602//5 1604//5 1679//5
f 1607//1 1697//1 1698//1 1608//1
f 1608//4 1698//4 1699//4 1609//4
f 1609//4 1699//4 1700//4 1610//4
f 1610//4 1700//4 1701//4 1611//4
f 1611//4 1701//4 1702//4 1612//4
f 1614//2 1613//2 1703//2 1704//2
f 1612//4 1702//4 1703//4 1613//4
f 1620//1 1705//1 1706//1 1707//1
f 1707//4 1706//4 1708//4 1616//4
f 1620//5 1707//5 1616//5 1615//5
f 1616//4 1708//4 1697//4 1607//4
f 1614//4 1704//4 1709//4 1617//4
f 1621//2 1710//2 1711//2 1712//2
f 1617//4 1709//4 1711//4 1710//4
f 1618//5 1617//5 1710//5 1621//5
f 1624//1 1713//1 1714//1 1715//1
f 1715//4 1714//4 1705//4 1620//4
f 1624//5 1715//5 1620//5 1619//5
f 1627//2 1716//2 1717//2 1718//2
f 1621//4 1712//4 1717//4 1716//4
f 1622//5 1621//5 1716//5 1627//5
f 1719//1 1720//1 1721//1 1722//1
f 1722//4 1721//4 1713//4 1624//4
f 1719//5 1722//5 1624//5 1623//5
f 1723//2 1724//2 1725//2 1726//2
f 1627//4 1718//4 1725//4 1724//4
f 1628//5 1627//5 1724//5 1723//5
f 1633//1 1727//1 1720//1 1719//1
f 1633//5 1719//5 1623//5 1629//5
f 1637//2 1723//2 1726//2 1728//2
f 1630//5 1628//5 1723//5 1637//5
f 1729//1 1730//1 1731//1 1732//1
f 1732//4 1731//4 1727//4 1633//4
f 1729//5 1732//5 1633//5 1632//5
f 1733//2 1734//2 1735//2 1736//2
f 1637//4 1728//4 1735//4 1734//4
f 1638//5 1637//5 1734//5 1733//5
f 1737//1 1738//1 1730//1 1729//1
f 1737//5 1729//5 1632//5 1640//5
f 1739//2 1733//2 1736//2 1740//2
f 1642//5 1638//5 1733//5 1739//5
f 1741//1 1742//1 1738//1 1737//1
f 1741//3 1644//3 1743//3 1742//3
f 1741//5 1737//5 1640//5 1644//5
f 1744//2 1739//2 1740//2 1745//2
f 1647//3 1744//3 1745//3 1746//3
f 1647//5 1642//5 1739//5 1744//5
f 1747//1 1748//1 1743//1 1644//1
f 1747//5 1644//5 1645//5 1650//5
f 1749//2 1647//2 1746//2 1750//2
f 1652//5 1648//5 1647//5 1749//5
f 1751//1 1752//1 1748//1 1747//1
f 1751//3 1654//3 1753//3 1752//3
f 1751//5 1747//5 1650//5 1654//5
f 1754//2 1749//2 1750//2 1755//2
f 1659//3 1754//3 1755//3 1756//3
f 1659//5 1652//5 1749//5 1754//5
f 1757//1 1758//1 1753//1 1654//1
f 1757//3 1662//3 1759//3 1758//3
f 1757//5 1654//5 1656//5 1662//5
f 1662//3 1664//3 1760//3 1759//3
f 1670//3 1672//3 1761//3 1762//3
f 1763//2 1659//2 1756//2 1764//2
f 1672//3 1763//3 1764//3 1761//3
f 1672//5 1660//5 1659//5 1763//5
f 1765//1 1766//1 1760//1 1664//1
f 1765//3 1767//3 1768//3 1766//3
f 1765//5 1664//5 1665//5 1767//5
f 1767//3 1674//3 1769//3 1768//3
f 1767//5 1665//5 1666//5 1674//5
f 1674//3 1676//3 1770//3 1769//3
f 1678//3 1680//3 1771//3 1772//3
f 1680//3 1773//3 1774//3 1771//3
f 1680//5 1668//5 1667//5 1773//5
f 1775//2 1670//2 1762//2 1776//2
f 1773//3 1775//3 1776//3 1774//3
f 1773//5 1667//5 1670//5 1775//5
f 1777//1 1778//1 1770//1 1676//1
f 1779//2 1678//2 1772//2 1780//2
f 1777//3 1779//3 1780//3 1778//3
f 1777//5 1676//5 1678//5 1779//5
f 1708//1 1841//1 1842//1 1843//1
f 1843//4 1842//4 1844//4 1698//4
f 1708//5 1843//5 1698//5 1697//5
f 1698//4 1844//4 1845//4 1699//4
f 1699//4 1845//4 1846//4 1700//4
f 1700//4 1846//4 1847//4 1701//4
f 1701//4 1847//4 1848//4 1702//4
f 1702//4 1848//4 1849//4 1703//4
f 1709//2 1850//2 1851//2 1852//2
f 1703//4 1849//4 1851//4 1850//4
f 1704//5 1703//5 1850//5 1709//5
f 1714//1 1853//1 1854//1 1855//1
f 1855//4 1854//4 1856//4 1706//4
f 1714//5 1855//5 1706//5 1705//5
f 1706//4 1856//4 1841//4 1708//4
f 1709//4 1852//4 1857//4 1711//4
f 1717//2 1858//2 1859//2 1860//2
f 1711//4 1857//4 1859//4 1858//4
f 1712//5 1711//5 1858//5 1717//5
f 1721//1 1861//1 1862//1 1863//1
f 1863//4 1862//4 1853//4 1714//4
f 1721//5 1863//5 1714//5 1713//5
f 1725//2 1864//2 1865//2 1866//2
f 1717//4 1860//4 1865//4 1864//4
f 1718//5 1717//5 1864//5 1725//5
f 1867//1 1868//1 1869//1 1870//1
f 1870//4 1869//4 1861//4 1721//4
f 1867//5 1870//5 1721//5 1720//5
f 1871//2 1872//2 1873//2 1874//2
f 1725//4 1866//4 1873//4 1872//4
f 1726//5 1725//5 1872//5 1871//5
f 1731//1 1875//1 1868//1 1867//1
f 1731//5 1867//5 1720//5 1727//5
f 1735//2 1871//2 1874//2 1876//2
f 1728//5 1726//5 1871//5 1735//5
f 1730//1 1877//1 1875//1 1731//1
f 1736//2 1735//2 1876//2 1878//2
f 1738//1 1879//1 1877//1 1730//1
f 1740//2 1736//2 1878//2 1880//2
f 1742//1 1881//1 1879//1 1738//1
f 1745//2 1740//2 1880//2 1882//2
f 1883//1 1884//1 1881//1 1742//1
f 1883//5 1742//5 1743//5 1748//5
f 1885//2 1745//2 1882//2 1886//2
f 1750//5 1746//5 1745//5 1885//5
f 1887//1 1888//1 1884//1 1883//1
f 1887//3 1752//3 1889//3 1888//3
f 1887//5 1883//5 1748//5 1752//5
f 1890//2 1885//2 1886//2 1891//2
f 1755//3 1890//3 1891//3 1892//3
f 1755//5 1750//5 1885//5 1890//5
f 1893//1 1894//1 1889//1 1752//1
f 1893//3 1758//3 1895//3 1894//3
f 1893//5 1752//5 1753//5 1758//5
f 1896//2 1755//2 1892//2 1897//2
f 1764//3 1896//3 1897//3 1898//3
f 1764//5 1756//5 1755//5 1896//5
f 1899//1 1900//1 1895//1 1758//1
f 1899//3 1901//3 1902//3 1900//3
f 1899//5 1758//5 1759//5 1901//5
f 1901//3 1766//3 1903//3 1902//3
f 1901//5 1759//5 1760//5 1766//5
f 1776//3 1904//3 1905//3 1906//3
f 1776//5 1762//5 1761//5 1904//5
f 1907//2 1764//2 1898//2 1908//2
f 1904//3 1907//3 1908//3 1905//3
f 1904//5 1761//5 1764//5 1907//5
f 1909//1 1910//1 1903//1 1766//1
f 1909//3 1911//3 1912//3 1910//3
f 1909//5 1766//5 1768//5 1911//5
f 1911//3 1913//3 1914//3 1912//3
f 1911//5 1768//5 1769//5 1913//5
f 1913//3 1778//3 1915//3 1914//3
f 1913//5 1769//5 1770//5 1778//5
f 1778//3 1780//3 1916//3 1915//3
f 1780//3 1917//3 1918//3 1916//3
f 1780//5 1772//5 1771//5 1917//5
f 1917//3 1919//3 1920//3 1918//3
f 1917//5 1771//5 1774//5 1919//5
f 1921//2 1776//2 1906//2 1922//2
f 1919//3 1921//3 1922//3 1920//3
f 1919//5 1774//5 1776//5 1921//5
f 1845//1 1945//1 1946//1 1947//1
f 1947//4 1946//4 1948//4 1949//4
f 1845//5 1947//5 1949//5 1846//5
f 1949//4 1948//4 1950//4 1951//4
f 1846//5 1949//5 1951//5 1847//5
f 1848//2 1952//2 1953//2 1954//2
f 1951//4 1950//4 1953//4 1952//4
f 1847//5 1951//5 1952//5 1848//5
f 1856//1 1955//1 1956//1 1957//1
f 1957//4 1956//4 1958//4 1842//4
f 1856//5 1957//5 1842//5 1841//5
f 1842//4 1958//4 1959//4 1844//4
f 1844//4 1959//4 1945//4 1845//4
f 1848//4 1954//4 1960//4 1849//4
f 1849//4 1960//4 1961//4 1851//4
f 1857//2 1962//2 1963//2 1964//2
f 1851//4 1961//4 1963//4 1962//4
f 1852//5 1851//5 1962//5 1857//5
f 1862//1 1965//1 1966//1 1967//1
f 1967//4 1966//4 1968//4 1854//4
f 1862//5 1967//5 1854//5 1853//5
f 1854//4 1968//4 1955//4 1856//4
f 1857//4 1964//4 1969//4 1859//4
f 1865//2 1970//2 1971//2 1972//2
f 1859//4 1969//4 1971//4 1970//4
f 1860//5 1859//5 1970//5 1865//5
f 1869//1 1973//1 1974//1 1975//1
f 1975//4 1974//4 1965//4 1862//4
f 1869//5 1975//5 1862//5 1861//5
f 1873//2 1976//2 1977//2 1978//2
f 1865//4 1972//4 1977//4 1976//4
f 1866//5 1865//5 1976//5 1873//5
f 1868//1 1979//1 1973//1 1869//1
f 1874//2 1873//2 1978//2 1980//2
f 1981//1 1982//1 1983//1 1984//1
f 1984//4 1983//4 1979//4 1868//4
f 1981//5 1984//5 1868//5 1875//5
f 1985//2 1986//2 1987//2 1988//2
f 1874//4 1980//4 1987//4 1986//4
f 1876//5 1874//5 1986//5 1985//5
f 1989//1 1990//1 1982//1 1981//1
f 1989//5 1981//5 1875//5 1877//5
f 1991//2 1985//2 1988//2 1992//2
f 1878//5 1876//5 1985//5 1991//5
f 1993//1 1994//1 1990//1 1989//1
f 1993//5 1989//5 1877//5 1879//5
f 1995//2 1991//2 1992//2 1996//2
f 1880//5 1878//5 1991//5 1995//5
f 1997//1 1998//1 1994//1 1993//1
f 1997//5 1993//5 1879//5 1881//5
f 1999//2 1995//2 1996//2 2000//2
f 1882//5 1880//5 1995//5 1999//5
f 2001//1 2002//1 1998//1 1997//1
f 2001//3 1884//3 2003//3 2002//3
f 2001//5 1997//5 1881//5 1884//5
f 2004//2 1999//2 2000//2 2005//2
f 1886//3 2004//3 2005//3 2006//3
f 1886//5 1882//5 1999//5 2004//5
f 1888//1 2007//1 2003//1 1884//1
f 1891//2 1886//2 2006//2 2008//2
f 2009//1 2010//1 2007//1 1888//1
f 2009//3 1894//3 2011//3 2010//3
f 2009//5 1888//5 1889//5 1894//5
f 2012//2 1891//2 2008//2 2013//2
f 1897//3 2012//3 2013//3 2014//3
f 1897//5 1892//5 1891//5 2012//5
f 2015//1 2016//1 2011//1 1894//1
f 2015//3 1900//3 2017//3 2016//3
f 2015//5 1894//5 1895//5 1900//5
f 1900//3 1902//3 2018//3 2017//3
f 1905//3 1908//3 2019//3 2020//3
f 2021//2 1897//2 2014//2 2022//2
f 1908//3 2021//3 2022//3 2019//3
f 1908//5 1898//5 1897//5 2021//5
f 2023//1 2024//1 2018//1 1902//1
f 2023//3 1910//3 2025//3 2024//3
f 2023//5 1902//5 1903//5 1910//5
f 1910//3 1912//3 2026//3 2025//3
f 1912//3 1914//3 2027//3 2026//3
f 1918//3 1920//3 2028//3 2029//3
f 1920//3 1922//3 2030//3 2028//3
f 2031//2 1905//2 2020//2 2032//2
f 1922//3 2031//3 2032//3 2030//3
f 1922//5 1906//5 1905//5 2031//5
f 2033//1 2034//1 2027//1 1914//1
f 2033//3 2035//3 2036//3 2034//3
f 2033//5 1914//5 1915//5 2035//5
f 2035//3 2037//3 2038//3 2036//3
f 2035//5 1915//5 1916//5 2037//5
f 2039//2 1918//2 2029//2 2040//2
f 2037//3 2039//3 2040//3 2038//3
f 2037//5 1916//5 1918//5 2039//5
f 1958//1 2061//1 2062//1 2063//1
f 2063//4 2062//4 2064//4 2065//4
f 1958//5 2063//5 2065//5 1959//5
f 2065//4 2064//4 2066//4 1946//4
f 1959//5 2065//5 1946//5 1945//5
f 1946//4 2066//4 2067//4 1948//4
f 1948//4 2067//4 2068//4 1950//4
f 1950//4 2068//4 2069//4 1953//4
f 1953//4 2069//4 2070//4 2071//4
f 1954//5 1953//5 2071//5 1960//5
f 1961//2 2072//2 2073//2 2074//2
f 2071//4 2070//4 2073//4 2072//4
f 1960//5 2071//5 2072//5 1961//5
f 1968//1 2075//1 2076//1 2077//1
f 2077//4 2076//4 2078//4 1956//4
f 1968//5 2077//5 1956//5 1955//5
f 1956//4 2078//4 2061//4 1958//4
f 1961//4 2074//4 2079//4 1963//4
f 1969//2 2080//2 2081//2 2082//2
f 1963//4 2079//4 2081//4 2080//4
f 1964//5 1963//5 2080//5 1969//5
f 1965//1 2083//1 2084//1 1966//1
f 1966//4 2084//4 2075//4 1968//4
f 1972//2 1971//2 2085//2 2086//2
f 1969//4 2082//4 2085//4 1971//4
f 1973//1 2087//1 2088//1 1974//1
f 1974//4 2088//4 2083//4 1965//4
f 1978//2 1977//2 2089//2 2090//2
f 1972//4 2086//4 2089//4 1977//4
f 1983//1 2091//1 2092//1 2093//1
f 2093//4 2092//4 2087//4 1973//4
f 1983//5 2093//5 1973//5 1979//5
f 1987//2 2094//2 2095//2 2096//2
f 1978//4 2090//4 2095//4 2094//4
f 1980//5 1978//5 2094//5 1987//5
f 1982//1 2097//1 2091//1 1983//1
f 1988//2 1987//2 2096//2 2098//2
f 2099//1 2100//1 2101//1 2102//1
f 2102//4 2101//4 2097//4 1982//4
f 2099//5 2102//5 1982//5 1990//5
f 2103//2 2104//2 2105//2 2106//2
f 1988//4 2098//4 2105//4 2104//4
f 1992//5 1988//5 2104//5 2103//5
f 2107//1 2108//1 2100//1 2099//1
f 2107//5 2099//5 1990//5 1994//5
f 2109//2 2103//2 2106//2 2110//2
f 1996//5 1992//5 2103//5 2109//5
f 2111//1 2112//1 2108//1 2107//1
f 2111//3 1998//3 2113//3 2112//3
f 2111//5 2107//5 1994//5 1998//5
f 2114//2 2109//2 2110//2 2115//2
f 2000//3 2114//3 2115//3 2116//3
f 2000//5 1996//5 2109//5 2114//5
f 2002//1 2117//1 2113//1 1998//1
f 2005//2 2000//2 2116//2 2118//2
f 2119//1 2120//1 2117//1 2002//1
f 2119//3 2007//3 2121//3 2120//3
f 2119//5 2002//5 2003//5 2007//5
f 2122//2 2005//2 2118//2 2123//2
f 2008//3 2122//3 2123//3 2124//3
f 2008//5 2006//5 2005//5 2122//5
f 2010//1 2125//1 2121//1 2007//1
f 2010//3 2011//3 2126//3 2125//3
f 2013//2 2008//2 2124//2 2127//2
f 2014//3 2013//3 2127//3 2128//3
f 2016//1 2129//1 2126//1 2011//1
f 2016//3 2017//3 2130//3 2129//3
f 2022//2 2014//2 2128//2 2131//2
f 2019//3 2022//3 2131//3 2132//3
f 2133//1 2134//1 2130//1 2017//1
f 2133//3 2024//3 2135//3 2134//3
f 2133//5 2017//5 2018//5 2024//5
f 2024//3 2025//3 2136//3 2135//3
f 2030//3 2032//3 2137//3 2138//3
f 2139//2 2019//2 2132//2 2140//2
f 2032//3 2139//3 2140//3 2137//3
f 2032//5 2020//5 2019//5 2139//5
f 2141//1 2142//1 2136//1 2025//1
f 2141//3 2143//3 2144//3 2142//3
f 2141//5 2025//5 2026//5 2143//5
f 2143//3 2034//3 2145//3 2144//3
f 2143//5 2026//5 2027//5 2034//5
f 2034//3 2036//3 2146//3 2145//3
f 2036//3 2038//3 2147//3 2146//3
f 2038//3 2040//3 2148//3 2147//3
f 2040//3 2149//3 2150//3 2148//3
f 2040//5 2029//5 2028//5 2149//5
f 2151//2 2030//2 2138//2 2152//2
f 2149//3 2151//3 2152//3 2150//3
f 2149//5 2028//5 2030//5 2151//5
f 2067//1 2173//1 2170//1 2058//1
f 2068//2 2059//2 2172//2 2174//2
f 2067//5 2058//5 2059//5 2068//5
f 2078//1 2175//1 2176//1 2177//1
f 2177//4 2176//4 2178//4 2062//4
f 2078//5 2177//5 2062//5 2061//5
f 2062//4 2178//4 2179//4 2064//4
f 2064//4 2179//4 2180//4 2066//4
f 2066//4 2180//4 2173//4 2067//4
f 2068//4 2174//4 2181//4 2069//4
f 2069//4 2181//4 2182//4 2070//4
f 2070//4 2182//4 2183//4 2073//4
f 2079//2 2184//2 2185//2 2186//2
f 2073//4 2183//4 2185//4 2184//4
f 2074//5 2073//5 2184//5 2079//5
f 2084//1 2187//1 2188//1 2189//1
f 2189//4 2188//4 2190//4 2076//4
f 2084//5 2189//5 2076//5 2075//5
f 2076//4 2190//4 2175//4 2078//4
f 2079//4 2186//4 2191//4 2081//4
f 2085//2 2192//2 2193//2 2194//2
f 2081//4 2191//4 2193//4 2192//4
f 2082//5 2081//5 2192//5 2085//5
f 2088//1 2195//1 2196//1 2197//1
f 2197//4 2196//4 2187//4 2084//4
f 2088//5 2197//5 2084//5 2083//5
f 2089//2 2198//2 2199//2 2200//2
f 2085//4 2194//4 2199//4 2198//4
f 2086//5 2085//5 2198//5 2089//5
f 2092//1 2201//1 2202//1 2203//1
f 2203//4 2202//4 2195//4 2088//4
f 2092//5 2203//5 2088//5 2087//5
f 2095//2 2204//2 2205//2 2206//2
f 2089//4 2200//4 2205//4 2204//4
f 2090//5 2089//5 2204//5 2095//5
f 2091//1 2207//1 2201//1 2092//1
f 2096//2 2095//2 2206//2 2208//2
f 2101//1 2209//1 2210//1 2211//1
f 2211//4 2210//4 2207//4 2091//4
f 2101//5 2211//5 2091//5 2097//5
f 2105//2 2212//2 2213//2 2214//2
f 2096//4 2208//4 2213//4 2212//4
f 2098//5 2096//5 2212//5 2105//5
f 2100//1 2215//1 2209//1 2101//1
f 2106//2 2105//2 2214//2 2216//2
f 2108//1 2217//1 2215//1 2100//1
f 2110//2 2106//2 2216//2 2218//2
f 2112//1 2219//1 2217//1 2108//1
f 2115//2 2110//2 2218//2 2220//2
f 2221//1 2222//1 2219//1 2112//1
f 2221//3 2117//3 2223//3 2222//3
f 2221//5 2112//5 2113//5 2117//5
f 2224//2 2115//2 2220//2 2225//2
f 2118//3 2224//3 2225//3 2226//3
f 2118//5 2116//5 2115//5 2224//5
f 2120//1 2227//1 2223//1 2117//1
f 2123//2 2118//2 2226//2 2228//2
f 2229//1 2230//1 2227//1 2120//1
f 2229//3 2125//3 2231//3 2230//3
f 2229//5 2120//5 2121//5 2125//5
f 2232//2 2123//2 2228//2 2233//2
f 2127//3 2232//3 2233//3 2234//3
f 2127//5 2124//5 2123//5 2232//5
f 2235//1 2236//1 2231//1 2125//1
f 2235//3 2129//3 2237//3 2236//3
f 2235//5 2125//5 2126//5 2129//5
f 2238//2 2127//2 2234//2 2239//2
f 2131//3 2238//3 2239//3 2240//3
f 2131//5 2128//5 2127//5 2238//5
f 2241//1 2242//1 2237//1 2129//1
f 2241//3 2134//3 2243//3 2242//3
f 2241//5 2129//5 2130//5 2134//5
f 2134//3 2135//3 2244//3 2243//3
f 2137//3 2140//3 2245//3 2246//3
f 2247//2 2131//2 2240//2 2248//2
f 2140//3 2247//3 2248//3 2245//3
f 2140//5 2132//5 2131//5 2247//5
f 2249//1 2250//1 2244//1 2135//1
f 2249//3 2142//3 2251//3 2250//3
f 2249//5 2135//5 2136//5 2142//5
f 2142//3 2144//3 2252//3 2251//3
f 2144//3 2145//3 2253//3 2252//3
f 2145//3 2146//3 2254//3 2253//3
f 2147//3 2148//3 2255//3 2256//3
f 2148//3 2150//3 2257//3 2255//3
f 2150//3 2152//3 2258//3 2257//3
f 2259//2 2137//2 2246//2 2260//2
f 2152//3 2259//3 2260//3 2258//3
f 2152//5 2138//5 2137//5 2259//5
f 2261//1 2262//1 2254//1 2146//1
f 2263//2 2147//2 2256//2 2264//2
f 2261//3 2263//3 2264//3 2262//3
f 2261//5 2146//5 2147//5 2263//5
f 2179//1 2277//1 2278//1 2279//1
f 2279//4 2278//4 2275//4 2169//4
f 2179//5 2279//5 2169//5 2180//5
f 2180//5 2169//5 2170//5 2173//5
f 2174//5 2172//5 2171//5 2181//5
f 2182//2 2280//2 2281//2 2282//2
f 2171//4 2276//4 2281//4 2280//4
f 2181//5 2171//5 2280//5 2182//5
f 2190//1 2283//1 2284//1 2285//1
f 2285//4 2284//4 2286//4 2176//4
f 2190//5 2285//5 2176//5 2175//5
f 2176//4 2286//4 2287//4 2178//4
f 2178//4 2287//4 2277//4 2179//4
f 2182//4 2282//4 2288//4 2183//4
f 2183//4 2288//4 2289//4 2185//4
f 2191//2 2290//2 2291//2 2292//2
f 2185//4 2289//4 2291//4 2290//4
f 2186//5 2185//5 2290//5 2191//5
f 2187//1 2293//1 2294//1 2188//1
f 2188//4 2294//4 2283//4 2190//4
f 2194//2 2193//2 2295//2 2296//2
f 2191//4 2292//4 2295//4 2193//4
f 2202//1 2297//1 2298//1 2299//1
f 2299//4 2298//4 2300//4 2196//4
f 2202//5 2299//5 2196//5 2195//5
f 2196//4 2300//4 2293//4 2187//4
f 2194//4 2296//4 2301//4 2199//4
f 2205//2 2302//2 2303//2 2304//2
f 2199//4 2301//4 2303//4 2302//4
f 2200//5 2199//5 2302//5 2205//5
f 2201//1 2305//1 2297//1 2202//1
f 2206//2 2205//2 2304//2 2306//2
f 2210//1 2307//1 2308//1 2309//1
f 2309//4 2308//4 2305//4 2201//4
f 2210//5 2309//5 2201//5 2207//5
f 2213//2 2310//2 2311//2 2312//2
f 2206//4 2306//4 2311//4 2310//4
f 2208//5 2206//5 2310//5 2213//5
f 2209//1 2313//1 2307//1 2210//1
f 2214//2 2213//2 2312//2 2314//2
f 2215//1 2315//1 2313//1 2209//1
f 2216//2 2214//2 2314//2 2316//2
f 2317//1 2318//1 2319//1 2320//1
f 2317//3 2217//3 2321//3 2318//3
f 2320//4 2319//4 2315//4 2215//4
f 2317//5 2320//5 2215//5 2217//5
f 2322//2 2323//2 2324//2 2325//2
f 2218//3 2322//3 2325//3 2326//3
f 2216//4 2316//4 2324//4 2323//4
f 2218//5 2216//5 2323//5 2322//5
f 2219//1 2327//1 2321//1 2217//1
f 2220//2 2218//2 2326//2 2328//2
f 2222//1 2329//1 2327//1 2219//1
f 2225//2 2220//2 2328//2 2330//2
f 2331//1 2332//1 2329//1 2222//1
f 2331//3 2227//3 2333//3 2332//3
f 2331//5 2222//5 2223//5 2227//5
f 2334//2 2225//2 2330//2 2335//2
f 2228//3 2334//3 2335//3 2336//3
f 2228//5 2226//5 2225//5 2334//5
f 2230//1 2337//1 2333//1 2227//1
f 2233//2 2228//2 2336//2 2338//2
f 2339//1 2340//1 2337//1 2230//1
f 2339//3 2236//3 2341//3 2340//3
f 2339//5 2230//5 2231//5 2236//5
f 2236//3 2237//3 2342//3 2341//3
f 2240//3 2239//3 2343//3 2344//3
f 2345//2 2233//2 2338//2 2346//2
f 2239//3 2345//3 2346//3 2343//3
f 2239//5 2234//5 2233//5 2345//5
f 2242//1 2347//1 2342//1 2237//1
f 2242//3 2243//3 2348//3 2347//3
f 2248//2 2240//2 2344//2 2349//2
f 2245//3 2248//3 2349//3 2350//3
f 2351//1 2352//1 2348//1 2243//1
f 2351//3 2250//3 2353//3 2352//3
f 2351//5 2243//5 2244//5 2250//5
f 2250//3 2251//3 2354//3 2353//3
f 2251//3 2252//3 2355//3 2354//3
f 2257//3 2258//3 2356//3 2357//3
f 2258//3 2260//3 2358//3 2356//3
f 2359//2 2245//2 2350//2 2360//2
f 2260//3 2359//3 2360//3 2358//3
f 2260//5 2246//5 2245//5 2359//5
f 2361//1 2362//1 2355//1 2252//1
f 2361//3 2363//3 2364//3 2362//3
f 2361//5 2252//5 2253//5 2363//5
f 2363//3 2262//3 2365//3 2364//3
f 2363//5 2253//5 2254//5 2262//5
f 2262//3 2264//3 2366//3 2365//3
f 2264//3 2367//3 2368//3 2366//3
f 2264//5 2256//5 2255//5 2367//5
f 2369//2 2257//2 2357//2 2370//2
f 2367//3 2369//3 2370//3 2368//3
f 2367//5 2255//5 2257//5 2369//5
f 2287//1 2593//1 2594//1 2595//1
f 2595//4 2594//4 2596//4 2278//4
f 2287//5 2595//5 2278//5 2277//5
f 2278//4 2596//4 2591//4 2275//4
f 2276//4 2592//4 2597//4 2281//4
f 2288//2 2598//2 2599//2 2600//2
f 2281//4 2597//4 2599//4 2598//4
f 2282//5 2281//5 2598//5 2288//5
f 2294//1 2601//1 2602//1 2603//1
f 2603//4 2602//4 2604//4 2284//4
f 2294//5 2603//5 2284//5 2283//5
f 2284//4 2604//4 2605//4 2286//4
f 2286//4 2605//4 2593//4 2287//4
f 2288//4 2600//4 2606//4 2289//4
f 2289//4 2606//4 2607//4 2291//4
f 2295//2 2608//2 2609//2 2610//2
f 2291//4 2607//4 2609//4 2608//4
f 2292//5 2291//5 2608//5 2295//5
f 2300//1 2611//1 2612//1 2613//1
f 2613//4 2612//4 2601//4 2294//4
f 2300//5 2613//5 2294//5 2293//5
f 2301//2 2614//2 2615//2 2616//2
f 2295//4 2610//4 2615//4 2614//4
f 2296//5 2295//5 2614//5 2301//5
f 2297//1 2617//1 2618//1 2298//1
f 2298//4 2618//4 2611//4 2300//4
f 2304//2 2303//2 2619//2 2620//2
f 2301//4 2616//4 2619//4 2303//4
f 2308//1 2621//1 2622//1 2623//1
f 2623//4 2622//4 2617//4 2297//4
f 2308//5 2623//5 2297//5 2305//5
f 2311//2 2624//2 2625//2 2626//2
f 2304//4 2620//4 2625//4 2624//4
f 2306//5 2304//5 2624//5 2311//5
f 2307//1 2627//1 2621//1 2308//1
f 2312//2 2311//2 2626//2 2628//2
f 2629//1 2630//1 2631//1 2632//1
f 2632//4 2631//4 2627//4 2307//4
f 2629//5 2632//5 2307//5 2313//5
f 2633//2 2634//2 2635//2 2636//2
f 2312//4 2628//4 2635//4 2634//4
f 2314//5 2312//5 2634//5 2633//5
f 2319//1 2637//1 2630//1 2629//1
f 2319//5 2629//5 2313//5 2315//5
f 2324//2 2633//2 2636//2 2638//2
f 2316//5 2314//5 2633//5 2324//5
f 2318//1 2639//1 2637//1 2319//1
f 2325//2 2324//2 2638//2 2640//2
f 2641//1 2642//1 2639//1 2318//1
f 2641//5 2318//5 2321//5 2327//5
f 2643//2 2325//2 2640//2 2644//2
f 2328//5 2326//5 2325//5 2643//5
f 2645//1 2646//1 2642//1 2641//1
f 2645//3 2329//3 2647//3 2646//3
f 2645//5 2641//5 2327//5 2329//5
f 2648//2 2643//2 2644//2 2649//2
f 2330//3 2648//3 2649//3 2650//3
f 2330//5 2328//5 2643//5 2648//5
f 2332//1 2651//1 2647//1 2329//1
f 2335//2 2330//2 2650//2 2652//2
f 2653//1 2654//1 2651//1 2332//1
f 2653//3 2337//3 2655//3 2654//3
f 2653//5 2332//5 2333//5 2337//5
f 2656//2 2335//2 2652//2 2657//2
f 2338//3 2656//3 2657//3 2658//3
f 2338//5 2336//5 2335//5 2656//5
f 2340//1 2659//1 2655//1 2337//1
f 2340//3 2341//3 2660//3 2659//3
f 2346//2 2338//2 2658//2 2661//2
f 2343//3 2346//3 2661//3 2662//3
f 2663//1 2664//1 2660//1 2341//1
f 2663//3 2347//3 2665//3 2664//3
f 2663//5 2341//5 2342//5 2347//5
f 2666//2 2343//2 2662//2 2667//2
f 2349//3 2666//3 2667//3 2668//3
f 2349//5 2344//5 2343//5 2666//5
f 2669//1 2670//1 2665//1 2347//1
f 2669//3 2352//3 2671//3 2670//3
f 2669//5 2347//5 2348//5 2352//5
f 2352//3 2353//3 2672//3 2671//3
f 2353//3 2354//3 2673//3 2672//3
f 2356//3 2358//3 2674//3 2675//3
f 2358//3 2360//3 2676//3 2674//3
f 2677//2 2349//2 2668//2 2678//2
f 2360//3 2677//3 2678//3 2676//3
f 2360//5 2350//5 2349//5 2677//5
f 2679//1 2680//1 2673//1 2354//1
f 2679//3 2362//3 2681//3 2680//3
f 2679//5 2354//5 2355//5 2362//5
f 2362//3 2364//3 2682//3 2681//3
f 2364//3 2365//3 2683//3 2682//3
f 2365//3 2366//3 2684//3 2683//3
f 2366//3 2368//3 2685//3 2684//3
f 2368//3 2370//3 2686//3 2685//3
f 2687//2 2356//2 2675//2 2688//2
f 2370//3 2687//3 2688//3 2686//3
f 2370//5 2357//5 2356//5 2687//5
f 2605//1 2695//1 2696//1 2697//1
f 2697//4 2696//4 2698//4 2594//4
f 2605//5 2697//5 2594//5 2593//5
f 2594//4 2698//4 2699//4 2596//4
f 2596//4 2699//4 2689//4 2591//4
f 2592//4 2694//4 2700//4 2597//4
f 2597//4 2700//4 2701//4 2599//4
f 2606//2 2702//2 2703//2 2704//2
f 2599//4 2701//4 2703//4 2702//4
f 2600//5 2599//5 2702//5 2606//5
f 2601//1 2705//1 2706//1 2602//1
f 2602//4 2706//4 2707//4 2604//4
f 2604//4 2707//4 2695//4 2605//4
f 2606//4 2704//4 2708//4 2607//4
f 2610//2 2609//2 2709//2 2710//2
f 2607//4 2708//4 2709//4 2609//4
f 2611//1 2711//1 2712//1 2612//1
f 2612//4 2712//4 2705//4 2601//4
f 2616//2 2615//2 2713//2 2714//2
f 2610//4 2710//4 2713//4 2615//4
f 2617//1 2715//1 2716//1 2618//1
f 2618//4 2716//4 2711//4 2611//4
f 2620//2 2619//2 2717//2 2718//2
f 2616//4 2714//4 2717//4 2619//4
f 2621//1 2719//1 2720//1 2622//1
f 2622//4 2720//4 2715//4 2617//4
f 2626//2 2625//2 2721//2 2722//2
f 2620//4 2718//4 2721//4 2625//4
f 2631//1 2723//1 2724//1 2725//1
f 2725//4 2724//4 2719//4 2621//4
f 2631//5 2725//5 2621//5 2627//5
f 2635//2 2726//2 2727//2 2728//2
f 2626//4 2722//4 2727//4 2726//4
f 2628//5 2626//5 2726//5 2635//5
f 2630//1 2729//1 2723//1 2631//1
f 2636//2 2635//2 2728//2 2730//2
f 2637//1 2731//1 2729//1 2630//1
f 2638//2 2636//2 2730//2 2732//2
f 2639//1 2733//1 2731//1 2637//1
f 2640//2 2638//2 2732//2 2734//2
f 2642//1 2735//1 2733//1 2639//1
f 2644//2 2640//2 2734//2 2736//2
f 2646//1 2737//1 2735//1 2642//1
f 2649//2 2644//2 2736//2 2738//2
f 2739//1 2740//1 2737//1 2646//1
f 2739//3 2651//3 2741//3 2740//3
f 2739//5 2646//5 2647//5 2651//5
f 2742//2 2649//2 2738//2 2743//2
f 2652//3 2742//3 2743//3 2744//3
f 2652//5 2650//5 2649//5 2742//5
f 2654//1 2745//1 2741//1 2651//1
f 2654//3 2655//3 2746//3 2745//3
f 2657//2 2652//2 2744//2 2747//2
f 2658//3 2657//3 2747//3 2748//3
f 2659//1 2749//1 2746//1 2655//1
f 2659//3 2660//3 2750//3 2749//3
f 2661//2 2658//2 2748//2 2751//2
f 2662//3 2661//3 2751//3 2752//3
f 2664//1 2753//1 2750//1 2660//1
f 2664//3 2665//3 2754//3 2753//3
f 2667//2 2662//2 2752//2 2755//2
f 2668//3 2667//3 2755//3 2756//3
f 2670//1 2757//1 2754//1 2665//1
f 2670//3 2671//3 2758//3 2757//3
f 2671//3 2672//3 2759//3 2758//3
f 2674//3 2676//3 2760//3 2761//3
f 2678//2 2668//2 2756//2 2762//2
f 2676//3 2678//3 2762//3 2760//3
f 2763//1 2764//1 2759//1 2672//1
f 2763//3 2680//3 2765//3 2764//3
f 2763//5 2672//5 2673//5 2680//5
f 2680//3 2681//3 2766//3 2765//3
f 2681//3 2682//3 2767//3 2766//3
f 2682//3 2683//3 2768//3 2767//3
f 2683//3 2684//3 2769//3 2768//3
f 2684//3 2685//3 2770//3 2769//3
f 2685//3 2686//3 2771//3 2770//3
f 2686//3 2688//3 2772//3 2771//3
f 2773//2 2674//2 2761//2 2774//2
f 2688//3 2773//3 2774//3 2772//3
f 2688//5 2675//5 2674//5 2773//5
f 2699//1 2775//1 2776//1 2777//1
f 2777//4 2776//4 2778//4 2690//4
f 2699//5 2777//5 2690//5 2689//5
f 2690//4 2778//4 2779//4 2691//4
f 2691//4 2779//4 2780//4 2692//4
f 2692//4 2780//4 2781//4 2693//4
f 2700//2 2782//2 2783//2 2784//2
f 2693//4 2781//4 2783//4 2782//4
f 2694//5 2693//5 2782//5 2700//5
f 2707//1 2785//1 2786//1 2787//1
f 2787//4 2786//4 2788//4 2696//4
f 2707//5 2787//5 2696//5 2695//5
f 2696//4 2788//4 2789//4 2698//4
f 2698//4 2789//4 2775//4 2699//4
f 2700//4 2784//4 2790//4 2701//4
f 2701//4 2790//4 2791//4 2703//4
f 2708//2 2792//2 2793//2 2794//2
f 2703//4 2791//4 2793//4 2792//4
f 2704//5 2703//5 2792//5 2708//5
f 2712//1 2795//1 2796//1 2797//1
f 2797//4 2796//4 2798//4 2706//4
f 2712//5 2797//5 2706//5 2705//5
f 2706//4 2798//4 2785//4 2707//4
f 2708//4 2794//4 2799//4 2709//4
f 2713//2 2800//2 2801//2 2802//2
f 2709//4 2799//4 2801//4 2800//4
f 2710//5 2709//5 2800//5 2713//5
f 2716//1 2803//1 2804//1 2805//1
f 2805//4 2804//4 2795//4 2712//4
f 2716//5 2805//5 2712//5 2711//5
f 2717//2 2806//2 2807//2 2808//2
f 2713//4 2802//4 2807//4 2806//4
f 2714//5 2713//5 2806//5 2717//5
f 2720//1 2809//1 2810//1 2811//1
f 2811//4 2810//4 2803//4 2716//4
f 2720//5 2811//5 2716//5 2715//5
f 2721//2 2812//2 2813//2 2814//2
f 2717//4 2808//4 2813//4 2812//4
f 2718//5 2717//5 2812//5 2721//5
f 2719//1 2815//1 2809//1 2720//1
f 2722//2 2721//2 2814//2 2816//2
f 2723//1 2817//1 2818//1 2724//1
f 2724//4 2818//4 2815//4 2719//4
f 2728//2 2727//2 2819//2 2820//2
f 2722//4 2816//4 2819//4 2727//4
f 2729//1 2821//1 2817//1 2723//1
f 2730//2 2728//2 2820//2 2822//2
f 2731//1 2823//1 2821//1 2729//1
f 2732//2 2730//2 2822//2 2824//2
f 2733//1 2825//1 2823//1 2731//1
f 2734//2 2732//2 2824//2 2826//2
f 2735//1 2827//1 2825//1 2733//1
f 2736//2 2734//2 2826//2 2828//2
f 2737//1 2829//1 2827//1 2735//1
f 2738//2 2736//2 2828//2 2830//2
f 2740//1 2831//1 2829//1 2737//1
f 2740//3 2741//3 2832//3 2831//3
f 2743//2 2738//2 2830//2 2833//2
f 2744//3 2743//3 2833//3 2834//3
f 2745//1 2835//1 2832//1 2741//1
f 2747//2 2744//2 2834//2 2836//2
f 2837//1 2838//1 2835//1 2745//1
f 2837//3 2749//3 2839//3 2838//3
f 2837//5 2745//5 2746//5 2749//5
f 2840//2 2747//2 2836//2 2841//2
f 2751//3 2840//3 2841//3 2842//3
f 2751//5 2748//5 2747//5 2840//5
f 2843//1 2844//1 2839//1 2749//1
f 2843//3 2753//3 2845//3 2844//3
f 2843//5 2749//5 2750//5 2753//5
f 2846//2 2751//2 2842//2 2847//2
f 2755//3 2846//3 2847//3 2848//3
f 2755//5 2752//5 2751//5 2846//5
f 2849//1 2850//1 2845//1 2753//1
f 2849//3 2757//3 2851//3 2850//3
f 2849//5 2753//5 2754//5 2757//5
f 2757//3 2758//3 2852//3 2851//3
f 2760//3 2762//3 2853//3 2854//3
f 2855//2 2755//2 2848//2 2856//2
f 2762//3 2855//3 2856//3 2853//3
f 2762//5 2756//5 2755//5 2855//5
f 2857//1 2858//1 2852//1 2758//1
f 2857//3 2764//3 2859//3 2858//3
f 2857//5 2758//5 2759//5 2764//5
f 2764//3 2765//3 2860//3 2859//3
f 2765//3 2766//3 2861//3 2860//3
f 2771//3 2772//3 2862//3 2863//3
f 2772//3 2774//3 2864//3 2862//3
f 2865//2 2760//2 2854//2 2866//2
f 2774//3 2865//3 2866//3 2864//3
f 2774//5 2761//5 2760//5 2865//5
f 2867//1 2868//1 2861//1 2766//1
f 2867//3 2869//3 2870//3 2868//3
f 2867//5 2766//5 2767//5 2869//5
f 2869//3 2871//3 2872//3 2870//3
f 2869//5 2767//5 2768//5 2871//5
f 2871//3 2873//3 2874//3 2872//3
f 2871//5 2768//5 2769//5 2873//5
f 2873//3 2875//3 2876//3 2874//3
f 2873//5 2769//5 2770//5 2875//5
f 2877//2 2771//2 2863//2 2878//2
f 2875//3 2877//3 2878//3 2876//3
f 2875//5 2770//5 2771//5 2877//5
f 2789//1 2879//1 2880//1 2881//1
f 2881//4 2880//4 2882//4 2776//4
f 2789//5 2881//5 2776//5 2775//5
f 2776//4 2882//4 2883//4 2778//4
f 2778//4 2883//4 2884//4 2779//4
f 2779//4 2884//4 2885//4 2780//4
f 2780//4 2885//4 2886//4 2781//4
f 2781//4 2886//4 2887//4 2783//4
f 2790//2 2888//2 2889//2 2890//2
f 2783//4 2887//4 2889//4 2888//4
f 2784//5 2783//5 2888//5 2790//5
f 2785//1 2891//1 2892//1 2786//1
f 2786//4 2892//4 2893//4 2788//4
f 2788//4 2893//4 2879//4 2789//4
f 2790//4 2890//4 2894//4 2791//4
f 2794//2 2793//2 2895//2 2896//2
f 2791//4 2894//4 2895//4 2793//4
f 2795//1 2897//1 2898//1 2796//1
f 2796//4 2898//4 2899//4 2798//4
f 2798//4 2899//4 2891//4 2785//4
f 2794//4 2896//4 2900//4 2799//4
f 2802//2 2801//2 2901//2 2902//2
f 2799//4 2900//4 2901//4 2801//4
f 2803//1 2903//1 2904//1 2804//1
f 2804//4 2904//4 2897//4 2795//4
f 2808//2 2807//2 2905//2 2906//2
f 2802//4 2902//4 2905//4 2807//4
f 2809//1 2907//1 2908//1 2810//1
f 2810//4 2908//4 2903//4 2803//4
f 2814//2 2813//2 2909//2 2910//2
f 2808//4 2906//4 2909//4 2813//4
f 2818//1 2911//1 2912//1 2913//1
f 2913//4 2912//4 2907//4 2809//4
f 2818//5 2913//5 2809//5 2815//5
f 2819//2 2914//2 2915//2 2916//2
f 2814//4 2910//4 2915//4 2914//4
f 2816//5 2814//5 2914//5 2819//5
f 2817//1 2917//1 2911//1 2818//1
f 2820//2 2819//2 2916//2 2918//2
f 2821//1 2919//1 2917//1 2817//1
f 2822//2 2820//2 2918//2 2920//2
f 2921//1 2922//1 2923//1 2924//1
f 2924//4 2923//4 2919//4 2821//4
f 2921//5 2924//5 2821//5 2823//5
f 2925//2 2926//2 2927//2 2928//2
f 2822//4 2920//4 2927//4 2926//4
f 2824//5 2822//5 2926//5 2925//5
f 2929//1 2930//1 2922//1 2921//1
f 2929//5 2921//5 2823//5 2825//5
f 2931//2 2925//2 2928//2 2932//2
f 2826//5 2824//5 2925//5 2931//5
f 2933//1 2934//1 2930//1 2929//1
f 2933//3 2827//3 2935//3 2934//3
f 2933//5 2929//5 2825//5 2827//5
f 2936//2 2931//2 2932//2 2937//2
f 2828//3 2936//3 2937//3 2938//3
f 2828//5 2826//5 2931//5 2936//5
f 2829//1 2939//1 2935//1 2827//1
f 2830//2 2828//2 2938//2 2940//2
f 2831//1 2941//1 2939//1 2829//1
f 2833//2 2830//2 2940//2 2942//2
f 2943//1 2944//1 2941//1 2831//1
f 2943//3 2835//3 2945//3 2944//3
f 2943//5 2831//5 2832//5 2835//5
f 2946//2 2833//2 2942//2 2947//2
f 2836//3 2946//3 2947//3 2948//3
f 2836//5 2834//5 2833//5 2946//5
f 2838//1 2949//1 2945//1 2835//1
f 2838//3 2839//3 2950//3 2949//3
f 2841//2 2836//2 2948//2 2951//2
f 2842//3 2841//3 2951//3 2952//3
f 2844//1 2953//1 2950//1 2839//1
f 2844//3 2845//3 2954//3 2953//3
f 2847//2 2842//2 2952//2 2955//2
f 2848//3 2847//3 2955//3 2956//3
f 2850//1 2957//1 2954//1 2845//1
f 2850//3 2851//3 2958//3 2957//3
f 2851//3 2852//3 2959//3 2958//3
f 2854//3 2853//3 2960//3 2961//3
f 2856//2 2848//2 2956//2 2962//2
f 2853//3 2856//3 2962//3 2960//3
f 2858//1 2963//1 2959//1 2852//1
f 2858//3 2859//3 2964//3 2963//3
f 2859//3 2860//3 2965//3 2964//3
f 2862//3 2864//3 2966//3 2967//3
f 2866//2 2854//2 2961//2 2968//2
f 2864//3 2866//3 2968//3 2966//3
f 2969//1 2970//1 2965//1 2860//1
f 2969//3 2868//3 2971//3 2970//3
f 2969//5 2860//5 2861//5 2868//5
f 2868//3 2870//3 2972//3 2971//3
f 2870//3 2872//3 2973//3 2972//3
f 2872//3 2874//3 2974//3 2973//3
f 2874//3 2876//3 2975//3 2974//3
f 2876//3 2878//3 2976//3 2975//3
f 2977//2 2862//2 2967//2 2978//2
f 2878//3 2977//3 2978//3 2976//3
f 2878//5 2863//5 2862//5 2977//5
f 2879//1 2979//1 2980//1 2880//1
f 2880//4 2980//4 2981//4 2882//4
f 2882//4 2981//4 2982//4 2883//4
f 2883//4 2982//4 2983//4 2884//4
f 2884//4 2983//4 2984//4 2885//4
f 2885//4 2984//4 2985//4 2886//4
f 2886//4 2985//4 2986//4 2887//4
f 2890//2 2889//2 2987//2 2988//2
f 2887//4 2986//4 2987//4 2889//4
f 2899//1 2989//1 2990//1 2991//1
f 2991//4 2990//4 2992//4 2892//4
f 2899//5 2991//5 2892//5 2891//5
f 2892//4 2992//4 2993//4 2893//4
f 2893//4 2993//4 2979//4 2879//4
f 2890//4 2988//4 2994//4 2894//4
f 2894//4 2994//4 2995//4 2895//4
f 2900//2 2996//2 2997//2 2998//2
f 2895//4 2995//4 2997//4 2996//4
f 2896//5 2895//5 2996//5 2900//5
f 2897//1 2999//1 3000//1 2898//1
f 2898//4 3000//4 2989//4 2899//4
f 2902//2 2901//2 3001//2 3002//2
f 2900//4 2998//4 3001//4 2901//4
f 2903//1 3003//1 3004//1 2904//1
f 2904//4 3004//4 2999//4 2897//4
f 2906//2 2905//2 3005//2 3006//2
f 2902//4 3002//4 3005//4 2905//4
f 2907//1 3007//1 3008//1 2908//1
f 2908//4 3008//4 3003//4 2903//4
f 2910//2 2909//2 3009//2 3010//2
f 2906//4 3006//4 3009//4 2909//4
f 2911//1 3011//1 3012//1 2912//1
f 2912//4 3012//4 3007//4 2907//4
f 2916//2 2915//2 3013//2 3014//2
f 2910//4 3010//4 3013//4 2915//4
f 2917//1 3015//1 3011//1 2911//1
f 2918//2 2916//2 3014//2 3016//2
f 2923//1 3017//1 3018//1 3019//1
f 3019//4 3018//4 3015//4 2917//4
f 2923//5 3019//5 2917//5 2919//5
f 2927//2 3020//2 3021//2 3022//2
f 2918//4 3016//4 3021//4 3020//4
f 2920//5 2918//5 3020//5 2927//5
f 2922//1 3023//1 3017//1 2923//1
f 2928//2 2927//2 3022//2 3024//2
f 2930//1 3025//1 3023//1 2922//1
f 2932//2 2928//2 3024//2 3026//2
f 2934//1 3027//1 3025//1 2930//1
f 2937//2 2932//2 3026//2 3028//2
f 3029//1 3030//1 3027//1 2934//1
f 3029//3 2939//3 3031//3 3030//3
f 3029//5 2934//5 2935//5 2939//5
f 3032//2 2937//2 3028//2 3033//2
f 2940//3 3032//3 3033//3 3034//3
f 2940//5 2938//5 2937//5 3032//5
f 2941//1 3035//1 3031//1 2939//1
f 2942//2 2940//2 3034//2 3036//2
f 2944//1 3037//1 3035//1 2941//1
f 2944//3 2945//3 3038//3 3037//3
f 2947//2 2942//2 3036//2 3039//2
f 2948//3 2947//3 3039//3 3040//3
f 2949//1 3041//1 3038//1 2945//1
f 2949//3 2950//3 3042//3 3041//3
f 2951//2 2948//2 3040//2 3043//2
f 2952//3 2951//3 3043//3 3044//3
f 2953//1 3045//1 3042//1 2950//1
f 2953//3 2954//3 3046//3 3045//3
f 2955//2 2952//2 3044//2 3047//2
f 2956//3 2955//3 3047//3 3048//3
f 2957//1 3049//1 3046//1 2954//1
f 2957//3 2958//3 3050//3 3049//3
f 2962//2 2956//2 3048//2 3051//2
f 2960//3 2962//3 3051//3 3052//3
f 3053//1 3054//1 3050//1 2958//1
f 3053//3 2963//3 3055//3 3054//3
f 3053//5 2958//5 2959//5 2963//5
f 2963//3 2964//3 3056//3 3055//3
f 2964//3 2965//3 3057//3 3056//3
f 2967//3 2966//3 3058//3 3059//3
f 2966//3 2968//3 3060//3 3058//3
f 3061//2 2960//2 3052//2 3062//2
f 2968//3 3061//3 3062//3 3060//3
f 2968//5 2961//5 2960//5 3061//5
f 2970//1 3063//1 3057//1 2965//1
f 2970//3 2971//3 3064//3 3063//3
f 2971//3 2972//3 3065//3 3064//3
f 2972//3 2973//3 3066//3 3065//3
f 2973//3 2974//3 3067//3 3066//3
f 2974//3 2975//3 3068//3 3067//3
f 2975//3 2976//3 3069//3 3068//3
f 2978//2 2967//2 3059//2 3070//2
f 2976//3 2978//3 3070//3 3069//3
f 2993//1 3071//1 3072//1 3073//1
f 3073//4 3072//4 3074//4 2980//4
f 2993//5 3073//5 2980//5 2979//5
f 2980//4 3074//4 3075//4 2981//4
f 2981//4 3075//4 3076//4 2982//4
f 2982//4 3076//4 3077//4 2983//4
f 2983//4 3077//4 3078//4 2984//4
f 2984//4 3078//4 3079//4 2985//4
f 2985//4 3079//4 3080//4 2986//4
f 2986//4 3080//4 3081//4 2987//4
f 2994//2 3082//2 3083//2 3084//2
f 2987//4 3081//4 3083//4 3082//4
f 2988//5 2987//5 3082//5 2994//5
f 2989//1 3085//1 3086//1 2990//1
f 2990//4 3086//4 3087//4 2992//4
f 2992//4 3087//4 3071//4 2993//4
f 2994//4 3084//4 3088//4 2995//4
f 2998//2 2997//2 3089//2 3090//2
f 2995//4 3088//4 3089//4 2997//4
f 3004//1 3091//1 3092//1 3093//1
f 3093//4 3092//4 3094//4 3000//4
f 3004//5 3093//5 3000//5 2999//5
f 3000//4 3094//4 3085//4 2989//4
f 2998//4 3090//4 3095//4 3001//4
f 3005//2 3096//2 3097//2 3098//2
f 3001//4 3095//4 3097//4 3096//4
f 3002//5 3001//5 3096//5 3005//5
f 3008//1 3099//1 3100//1 3101//1
f 3101//4 3100//4 3091//4 3004//4
f 3008//5 3101//5 3004//5 3003//5
f 3009//2 3102//2 3103//2 3104//2
f 3005//4 3098//4 3103//4 3102//4
f 3006//5 3005//5 3102//5 3009//5
f 3007//1 3105//1 3099//1 3008//1
f 3010//2 3009//2 3104//2 3106//2
f 3011//1 3107//1 3108//1 3012//1
f 3012//4 3108//4 3105//4 3007//4
f 3014//2 3013//2 3109//2 3110//2
f 3010//4 3106//4 3109//4 3013//4
f 3018//1 3111//1 3112//1 3113//1
f 3113//4 3112//4 3107//4 3011//4
f 3018//5 3113//5 3011//5 3015//5
f 3021//2 3114//2 3115//2 3116//2
f 3014//4 3110//4 3115//4 3114//4
f 3016//5 3014//5 3114//5 3021//5
f 3017//1 3117//1 3111//1 3018//1
f 3022//2 3021//2 3116//2 3118//2
f 3023//1 3119//1 3117//1 3017//1
f 3024//2 3022//2 3118//2 3120//2
f 3025//1 3121//1 3119//1 3023//1
f 3026//2 3024//2 3120//2 3122//2
f 3027//1 3123//1 3121//1 3025//1
f 3028//2 3026//2 3122//2 3124//2
f 3030//1 3125//1 3123//1 3027//1
f 3033//2 3028//2 3124//2 3126//2
f 3127//1 3128//1 3125//1 3030//1
f 3127//3 3035//3 3129//3 3128//3
f 3127//5 3030//5 3031//5 3035//5
f 3130//2 3033//2 3126//2 3131//2
f 3036//3 3130//3 3131//3 3132//3
f 3036//5 3034//5 3033//5 3130//5
f 3037//1 3133//1 3129//1 3035//1
f 3037//3 3038//3 3134//3 3133//3
f 3039//2 3036//2 3132//2 3135//2
f 3040//3 3039//3 3135//3 3136//3
f 3041//1 3137//1 3134//1 3038//1
f 3043//2 3040//2 3136//2 3138//2
f 3139//1 3140//1 3137//1 3041//1
f 3139//3 3045//3 3141//3 3140//3
f 3139//5 3041//5 3042//5 3045//5
f 3142//2 3043//2 3138//2 3143//2
f 3047//3 3142//3 3143//3 3144//3
f 3047//5 3044//5 3043//5 3142//5
f 3145//1 3146//1 3141//1 3045//1
f 3145//3 3049//3 3147//3 3146//3
f 3145//5 3045//5 3046//5 3049//5
f 3049//3 3050//3 3148//3 3147//3
f 3052//3 3051//3 3149//3 3150//3
f 3151//2 3047//2 3144//2 3152//2
f 3051//3 3151//3 3152//3 3149//3
f 3051//5 3048//5 3047//5 3151//5
f 3054//1 3153//1 3148//1 3050//1
f 3054//3 3055//3 3154//3 3153//3
f 3055//3 3056//3 3155//3 3154//3
f 3058//3 3060//3 3156//3 3157//3
f 3062//2 3052//2 3150//2 3158//2
f 3060//3 3062//3 3158//3 3156//3
f 3167//1 3168//1 3155//1 3056//1
f 3167//3 3063//3 3169//3 3168//3
f 3167//5 3056//5 3057//5 3063//5
f 3063//3 3064//3 3170//3 3169//3
f 3064//3 3065//3 3171//3 3170//3
f 3065//3 3066//3 3172//3 3171//3
f 3066//3 3067//3 3173//3 3172//3
f 3067//3 3068//3 3174//3 3173//3
f 3068//3 3069//3 3175//3 3174//3
f 3069//3 3070//3 3176//3 3175//3
f 3177//2 3058//2 3157//2 3178//2
f 3070//3 3177//3 3178//3 3176//3
f 3070//5 3059//5 3058//5 3177//5
f 3071//1 3187//1 3188//1 3072//1
f 3072//4 3188//4 3189//4 3074//4
f 3074//4 3189//4 3190//4 3075//4
f 3075//4 3190//4 3191//4 3076//4
f 3076//4 3191//4 3192//4 3077//4
f 3077//4 3192//4 3193//4 3078//4
f 3078//4 3193//4 3194//4 3079//4
f 3079//4 3194//4 3195//4 3080//4
f 3080//4 3195//4 3196//4 3081//4
f 3084//2 3083//2 3197//2 3198//2
f 3081//4 3196//4 3197//4 3083//4
f 3085//1 3199//1 3200//1 3086//1
f 3086//4 3200//4 3201//4 3087//4
f 3087//4 3201//4 3187//4 3071//4
f 3084//4 3198//4 3202//4 3088//4
f 3090//2 3089//2 3203//2 3204//2
f 3088//4 3202//4 3203//4 3089//4
f 3091//1 3205//1 3206//1 3092//1
f 3092//4 3206//4 3207//4 3094//4
f 3094//4 3207//4 3199//4 3085//4
f 3090//4 3204//4 3208//4 3095//4
f 3098//2 3097//2 3209//2 3210//2
f 3095//4 3208//4 3209//4 3097//4
f 3099//1 3211//1 3212//1 3100//1
f 3100//4 3212//4 3205//4 3091//4
f 3104//2 3103//2 3213//2 3214//2
f 3098//4 3210//4 3213//4 3103//4
f 3108//1 3215//1 3216//1 3217//1
f 3217//4 3216//4 3211//4 3099//4
f 3108//5 3217//5 3099//5 3105//5
f 3109//2 3218//2 3219//2 3220//2
f 3104//4 3214//4 3219//4 3218//4
f 3106//5 3104//5 3218//5 3109//5
f 3107//1 3221//1 3215//1 3108//1
f 3110//2 3109//2 3220//2 3222//2
f 3111//1 3223//1 3224//1 3112//1
f 3112//4 3224//4 3221//4 3107//4
f 3116//2 3115//2 3225//2 3226//2
f 3110//4 3222//4 3225//4 3115//4
f 3117//1 3227//1 3223//1 3111//1
f 3118//2 3116//2 3226//2 3228//2
f 3119//1 3229//1 3227//1 3117//1
f 3120//2 3118//2 3228//2 3230//2
f 3121//1 3231//1 3229//1 3119//1
f 3122//2 3120//2 3230//2 3232//2
f 3123//1 3233//1 3231//1 3121//1
f 3124//2 3122//2 3232//2 3234//2
f 3125//1 3235//1 3233//1 3123//1
f 3126//2 3124//2 3234//2 3236//2
f 3128//1 3237//1 3235//1 3125//1
f 3128//3 3129//3 3238//3 3237//3
f 3131//2 3126//2 3236//2 3239//2
f 3132//3 3131//3 3239//3 3240//3
f 3133//1 3241//1 3238//1 3129//1
f 3135//2 3132//2 3240//2 3242//2
f 3243//1 3244//1 3241//1 3133//1
f 3243//3 3137//3 3245//3 3244//3
f 3243//5 3133//5 3134//5 3137//5
f 3246//2 3135//2 3242//2 3247//2
f 3138//3 3246//3 3247//3 3248//3
f 3138//5 3136//5 3135//5 3246//5
f 3140//1 3249//1 3245//1 3137//1
f 3140//3 3141//3 3250//3 3249//3
f 3143//2 3138//2 3248//2 3251//2
f 3144//3 3143//3 3251//3 3252//3
f 3146//1 3253//1 3250//1 3141//1
f 3146//3 3147//3 3254//3 3253//3
f 3147//3 3148//3 3255//3 3254//3
f 3150//3 3149//3 3256//3 3257//3
f 3152//2 3144//2 3252//2 3258//2
f 3149//3 3152//3 3258//3 3256//3
f 3153//1 3266//1 3255//1 3148//1
f 3153//3 3154//3 3267//3 3266//3
f 3154//3 3155//3 3268//3 3267//3
f 3157//3 3156//3 3269//3 3270//3
f 3158//2 3150//2 3257//2 3271//2
f 3156//3 3158//3 3271//3 3269//3
f 3168//1 3286//1 3268//1 3155//1
f 3168//3 3169//3 3287//3 3286//3
f 3169//3 3170//3 3288//3 3287//3
f 3170//3 3171//3 3289//3 3288//3
f 3171//3 3172//3 3290//3 3289//3
f 3172//3 3173//3 3291//3 3290//3
f 3173//3 3174//3 3292//3 3291//3
f 3174//3 3175//3 3293//3 3292//3
f 3175//3 3176//3 3294//3 3293//3
f 3178//2 3157//2 3270//2 3295//2
f 3176//3 3178//3 3295//3 3294//3
f 3187//1 3303//1 3304//1 3188//1
f 3188//4 3304//4 3305//4 3189//4
f 3189//4 3305//4 3306//4 3190//4
f 3190//4 3306//4 3307//4 3191//4
f 3191//4 3307//4 3308//4 3192//4
f 3192//4 3308//4 3309//4 3193//4
f 3193//4 3309//4 3310//4 3194//4
f 3194//4 3310//4 3311//4 3195//4
f 3195//4 3311//4 3312//4 3196//4
f 3198//2 3197//2 3313//2 3314//2
f 3196//4 3312//4 3313//4 3197//4
f 3199//1 3315//1 3316//1 3200//1
f 3200//4 3316//4 3317//4 3201//4
f 3201//4 3317//4 3303//4 3187//4
f 3198//4 3314//4 3318//4 3202//4
f 3204//2 3203//2 3319//2 3320//2
f 3202//4 3318//4 3319//4 3203//4
f 3205//1 3321//1 3322//1 3206//1
f 3206//4 3322//4 3323//4 3207//4
f 3207//4 3323//4 3315//4 3199//4
f 3204//4 3320//4 3324//4 3208//4
f 3210//2 3209//2 3325//2 3326//2
f 3208//4 3324//4 3325//4 3209//4
f 3211//1 3327//1 3328//1 3212//1
f 3212//4 3328//4 3321//4 3205//4
f 3214//2 3213//2 3329//2 3330//2
f 3210//4 3326//4 3329//4 3213//4
f 3215//1 3331//1 3332//1 3216//1
f 3216//4 3332//4 3327//4 3211//4
f 3220//2 3219//2 3333//2 3334//2
f 3214//4 3330//4 3333//4 3219//4
f 3221//1 3335//1 3331//1 3215//1
f 3222//2 3220//2 3334//2 3336//2
f 3223//1 3337//1 3338//1 3224//1
f 3224//4 3338//4 3335//4 3221//4
f 3226//2 3225//2 3339//2 3340//2
f 3222//4 3336//4 3339//4 3225//4
f 3227//1 3341//1 3337//1 3223//1
f 3228//2 3226//2 3340//2 3342//2
f 3229//1 3343//1 3341//1 3227//1
f 3230//2 3228//2 3342//2 3344//2
f 3231//1 3345//1 3343//1 3229//1
f 3232//2 3230//2 3344//2 3346//2
f 3233//1 3347//1 3345//1 3231//1
f 3234//2 3232//2 3346//2 3348//2
f 3235//1 3349//1 3347//1 3233//1
f 3236//2 3234//2 3348//2 3350//2
f 3237//1 3351//1 3349//1 3235//1
f 3237//3 3238//3 3352//3 3351//3
f 3239//2 3236//2 3350//2 3353//2
f 3240//3 3239//3 3353//3 3354//3
f 3241//1 3355//1 3352//1 3238//1
f 3242//2 3240//2 3354//2 3356//2
f 3244//1 3357//1 3355//1 3241//1
f 3244//3 3245//3 3358//3 3357//3
f 3247//2 3242//2 3356//2 3359//2
f 3248//3 3247//3 3359//3 3360//3
f 3249//1 3361//1 3358//1 3245//1
f 3249//3 3250//3 3362//3 3361//3
f 3251//2 3248//2 3360//2 3363//2
f 3252//3 3251//3 3363//3 3364//3
f 3253//1 3373//1 3362//1 3250//1
f 3253//3 3254//3 3374//3 3373//3
f 3254//3 3255//3 3375//3 3374//3
f 3257//3 3256//3 3376//3 3377//3
f 3258//2 3252//2 3364//2 3378//2
f 3256//3 3258//3 3378//3 3376//3
f 3266//1 3394//1 3375//1 3255//1
f 3266//3 3267//3 3395//3 3394//3
f 3267//3 3268//3 3396//3 3395//3
f 3270//3 3269//3 3397//3 3398//3
f 3271//2 3257//2 3377//2 3399//2
f 3269//3 3271//3 3399//3 3397//3
f 3286//1 3409//1 3396//1 3268//1
f 3286//3 3287//3 3410//3 3409//3
f 3287//3 3288//3 3411//3 3410//3
f 3288//3 3289//3 3412//3 3411//3
f 3289//3 3290//3 3413//3 3412//3
f 3290//3 3291//3 3414//3 3413//3
f 3291//3 3292//3 3415//3 3414//3
f 3292//3 3293//3 3416//3 3415//3
f 3293//3 3294//3 3417//3 3416//3
f 3295//2 3270//2 3398//2 3418//2
f 3294//3 3295//3 3418//3 3417//3
f 3317//1 3421//1 3422//1 3423//1
f 3423//4 3422//4 3424//4 3304//4
f 3317//5 3423//5 3304//5 3303//5
f 3304//4 3424//4 3425//4 3305//4
f 3305//4 3425//4 3426//4 3306//4
f 3306//4 3426//4 3427//4 3307//4
f 3307//4 3427//4 3428//4 3308//4
f 3308//4 3428//4 3429//4 3309//4
f 3309//4 3429//4 3430//4 3310//4
f 3310//4 3430//4 3431//4 3311//4
f 3311//4 3431//4 3432//4 3312//4
f 3312//4 3432//4 3433//4 3313//4
f 3318//2 3434//2 3435//2 3436//2
f 3313//4 3433//4 3435//4 3434//4
f 3314//5 3313//5 3434//5 3318//5
f 3323//1 3437//1 3438//1 3439//1
f 3439//4 3438//4 3440//4 3316//4
f 3323//5 3439//5 3316//5 3315//5
f 3316//4 3440//4 3421//4 3317//4
f 3318//4 3436//4 3441//4 3319//4
f 3324//2 3442//2 3443//2 3444//2
f 3319//4 3441//4 3443//4 3442//4
f 3320//5 3319//5 3442//5 3324//5
f 3321//1 3445//1 3446//1 3322//1
f 3322//4 3446//4 3437//4 3323//4
f 3326//2 3325//2 3447//2 3448//2
f 3324//4 3444//4 3447//4 3325//4
f 3327//1 3449//1 3450//1 3328//1
f 3328//4 3450//4 3445//4 3321//4
f 3330//2 3329//2 3451//2 3452//2
f 3326//4 3448//4 3451//4 3329//4
f 3331//1 3453//1 3454//1 3332//1
f 3332//4 3454//4 3449//4 3327//4
f 3334//2 3333//2 3455//2 3456//2
f 3330//4 3452//4 3455//4 3333//4
f 3335//1 3457//1 3453//1 3331//1
f 3336//2 3334//2 3456//2 3458//2
f 3337//1 3459//1 3460//1 3338//1
f 3338//4 3460//4 3457//4 3335//4
f 3340//2 3339//2 3461//2 3462//2
f 3336//4 3458//4 3461//4 3339//4
f 3341//1 3463//1 3459//1 3337//1
f 3342//2 3340//2 3462//2 3464//2
f 3343//1 3465//1 3463//1 3341//1
f 3344//2 3342//2 3464//2 3466//2
f 3345//1 3467//1 3465//1 3343//1
f 3346//2 3344//2 3466//2 3468//2
f 3347//1 3469//1 3467//1 3345//1
f 3348//2 3346//2 3468//2 3470//2
f 3349//1 3471//1 3469//1 3347//1
f 3350//2 3348//2 3470//2 3472//2
f 3351//1 3473//1 3471//1 3349//1
f 3351//3 3352//3 3474//3 3473//3
f 3353//2 3350//2 3472//2 3475//2
f 3354//3 3353//3 3475//3 3476//3
f 3355//1 3477//1 3474//1 3352//1
f 3356//2 3354//2 3476//2 3478//2
f 3357//1 3479//1 3477//1 3355//1
f 3357//3 3358//3 3480//3 3479//3
f 3359//2 3356//2 3478//2 3481//2
f 3360//3 3359//3 3481//3 3482//3
f 3361//1 3491//1 3480//1 3358//1
f 3361//3 3362//3 3492//3 3491//3
f 3363//2 3360//2 3482//2 3493//2
f 3364//3 3363//3 3493//3 3494//3
f 3373//1 3510//1 3492//1 3362//1
f 3373//3 3374//3 3511//3 3510//3
f 3378//2 3364//2 3494//2 3512//2
f 3376//3 3378//3 3512//3 3513//3
f 3527//1 3528//1 3511//1 3374//1
f 3527//3 3394//3 3529//3 3528//3
f 3527//5 3374//5 3375//5 3394//5
f 3394//3 3395//3 3530//3 3529//3
f 3397//3 3399//3 3531//3 3532//3
f 3533//2 3376//2 3513//2 3534//2
f 3399//3 3533//3 3534//3 3531//3
f 3399//5 3377//5 3376//5 3533//5
f 3543//1 3544//1 3530//1 3395//1
f 3543//3 3409//3 3545//3 3544//3
f 3543//5 3395//5 3396//5 3409//5
f 3409//3 3410//3 3546//3 3545//3
f 3410//3 3411//3 3547//3 3546//3
f 3411//3 3412//3 3548//3 3547//3
f 3415//3 3416//3 3552//3 3551//3
f 3416//3 3417//3 3553//3 3552//3
f 3417//3 3418//3 3554//3 3553//3
f 3555//2 3397//2 3532//2 3556//2
f 3418//3 3555//3 3556//3 3554//3
f 3418//5 3398//5 3397//5 3555//5
f 3421//1 3559//1 3560//1 3422//1
f 3422//4 3560//4 3561//4 3424//4
f 3424//4 3561//4 3562//4 3425//4
f 3425//4 3562//4 3563//4 3426//4
f 3426//4 3563//4 3564//4 3427//4
f 3427//4 3564//4 3565//4 3428//4
f 3428//4 3565//4 3566//4 3429//4
f 3429//4 3566//4 3567//4 3430//4
f 3430//4 3567//4 3568//4 3431//4
f 3431//4 3568//4 3569//4 3432//4
f 3432//4 3569//4 3570//4 3433//4
f 3436//2 3435//2 3571//2 3572//2
f 3433//4 3570//4 3571//4 3435//4
f 3437//1 3573//1 3574//1 3438//1
f 3438//4 3574//4 3575//4 3440//4
f 3440//4 3575//4 3559//4 3421//4
f 3436//4 3572//4 3576//4 3441//4
f 3444//2 3443//2 3577//2 3578//2
f 3441//4 3576//4 3577//4 3443//4
f 3445//1 3579//1 3580//1 3446//1
f 3446//4 3580//4 3573//4 3437//4
f 3448//2 3447//2 3581//2 3582//2
f 3444//4 3578//4 3581//4 3447//4
f 3449//1 3583//1 3584//1 3450//1
f 3450//4 3584//4 3579//4 3445//4
f 3452//2 3451//2 3585//2 3586//2
f 3448//4 3582//4 3585//4 3451//4
f 3453//1 3587//1 3588//1 3454//1
f 3454//4 3588//4 3583//4 3449//4
f 3456//2 3455//2 3589//2 3590//2
f 3452//4 3586//4 3589//4 3455//4
f 3457//1 3591//1 3587//1 3453//1
f 3458//2 3456//2 3590//2 3592//2
f 3459//1 3593//1 3594//1 3460//1
f 3460//4 3594//4 3591//4 3457//4
f 3462//2 3461//2 3595//2 3596//2
f 3458//4 3592//4 3595//4 3461//4
f 3463//1 3597//1 3593//1 3459//1
f 3464//2 3462//2 3596//2 3598//2
f 3465//1 3599//1 3597//1 3463//1
f 3466//2 3464//2 3598//2 3600//2
f 3467//1 3601//1 3599//1 3465//1
f 3468//2 3466//2 3600//2 3602//2
f 3469//1 3603//1 3601//1 3467//1
f 3470//2 3468//2 3602//2 3604//2
f 3471//1 3605//1 3603//1 3469//1
f 3472//2 3470//2 3604//2 3606//2
f 3473//1 3607//1 3605//1 3471//1
f 3473//3 3474//3 3608//3 3607//3
f 3475//2 3472//2 3606//2 3609//2
f 3476//3 3475//3 3609//3 3610//3
f 3477//1 3611//1 3608//1 3474//1
f 3478//2 3476//2 3610//2 3612//2
f 3479//1 3613//1 3611//1 3477//1
f 3479//3 3480//3 3614//3 3613//3
f 3481//2 3478//2 3612//2 3615//2
f 3482//3 3481//3 3615//3 3616//3
f 3528//1 3666//1 3651//1 3511//1
f 3528//3 3529//3 3667//3 3666//3
f 3534//2 3513//2 3653//2 3671//2
f 3531//3 3534//3 3671//3 3669//3
f 3544//1 3677//1 3668//1 3530//1
f 3544//3 3545//3 3678//3 3677//3
f 3545//3 3546//3 3679//3 3678//3
f 3553//3 3554//3 3687//3 3686//3
f 3556//2 3532//2 3670//2 3688//2
f 3554//3 3556//3 3688//3 3687//3
f 3565//1 3689//1 3690//1 3691//1
f 3566//2 3692//2 3693//2 3694//2
f 3691//4 3690//4 3693//4 3692//4
f 3565//5 3691//5 3692//5 3566//5
f 3689//6 3694//6 3693//6 3690//6
f 3559//1 3695//1 3696//1 3560//1
f 3560//4 3696//4 3697//4 3561//4
f 3561//4 3697//4 3698//4 3562//4
f 3562//4 3698//4 3699//4 3563//4
f 3563//4 3699//4 3700//4 3564//4
f 3564//4 3700//4 3689//4 3565//4
f 3566//4 3694//4 3701//4 3567//4
f 3567//4 3701//4 3702//4 3568//4
f 3568//4 3702//4 3703//4 3569//4
f 3569//4 3703//4 3704//4 3570//4
f 3572//2 3571//2 3705//2 3706//2
f 3570//4 3704//4 3705//4 3571//4
f 3573//1 3707//1 3708//1 3574//1
f 3574//4 3708//4 3709//4 3575//4
f 3575//4 3709//4 3695//4 3559//4
f 3572//4 3706//4 3710//4 3576//4
f 3578//2 3577//2 3711//2 3712//2
f 3576//4 3710//4 3711//4 3577//4
f 3579//1 3713//1 3714//1 3580//1
f 3580//4 3714//4 3707//4 3573//4
f 3582//2 3581//2 3715//2 3716//2
f 3578//4 3712//4 3715//4 3581//4
f 3583//1 3717//1 3718//1 3584//1
f 3584//4 3718//4 3713//4 3579//4
f 3586//2 3585//2 3719//2 3720//2
f 3582//4 3716//4 3719//4 3585//4
f 3587//1 3721//1 3722//1 3588//1
f 3588//4 3722//4 3717//4 3583//4
f 3590//2 3589//2 3723//2 3724//2
f 3586//4 3720//4 3723//4 3589//4
f 3591//1 3725//1 3721//1 3587//1
f 3592//2 3590//2 3724//2 3726//2
f 3593//1 3727//1 3728//1 3594//1
f 3594//4 3728//4 3725//4 3591//4
f 3596//2 3595//2 3729//2 3730//2
f 3592//4 3726//4 3729//4 3595//4
f 3597//1 3731//1 3727//1 3593//1
f 3598//2 3596//2 3730//2 3732//2
f 3599//1 3733//1 3731//1 3597//1
f 3600//2 3598//2 3732//2 3734//2
f 3735//1 3736//1 3737//1 3738//1
f 3735//3 3601//3 3739//3 3736//3
f 3738//4 3737//4 3733//4 3599//4
f 3735//5 3738//5 3599//5 3601//5
f 3736//6 3739//6 3733//6 3737//6
f 3740//2 3741//2 3742//2 3743//2
f 3602//3 3740//3 3743//3 3744//3
f 3600//4 3734//4 3742//4 3741//4
f 3602//5 3600//5 3741//5 3740//5
f 3744//6 3743//6 3742//6 3734//6
f 3603//1 3745//1 3739//1 3601//1
f 3604//2 3602//2 3744//2 3746//2
f 3605//1 3747//1 3745//1 3603//1
f 3606//2 3604//2 3746//2 3748//2
f 3607//1 3749//1 3747//1 3605//1
f 3607//3 3608//3 3750//3 3749//3
f 3609//2 3606//2 3748//2 3751//2
f 3610//3 3609//3 3751//3 3752//3
f 3613//1 3768//1 3753//1 3611//1
f 3613//3 3614//3 3769//3 3768//3
f 3615//2 3612//2 3754//2 3770//2
f 3616//3 3615//3 3770//3 3771//3
f 3677//1 3831//1 3824//1 3668//1
f 3677//3 3678//3 3832//3 3831//3
f 3688//2 3670//2 3826//2 3842//2
f 3687//3 3688//3 3842//3 3841//3
f 3843//1 3844//1 3836//1 3682//1
f 3845//2 3683//2 3838//2 3846//2
f 3843//3 3845//3 3846//3 3844//3
f 3843//5 3682//5 3683//5 3845//5
f 3844//6 3846//6 3838//6 3836//6
f 3695//1 3847//1 3848//1 3696//1
f 3696//4 3848//4 3849//4 3697//4
f 3697//4 3849//4 3850//4 3698//4
f 3698//4 3850//4 3851//4 3699//4
f 3699//4 3851//4 3852//4 3700//4
f 3700//4 3852//4 3853//4 3689//4
f 3689//4 3853//4 3854//4 3694//4
f 3694//4 3854//4 3855//4 3701//4
f 3701//4 3855//4 3856//4 3702//4
f 3702//4 3856//4 3857//4 3703//4
f 3703//4 3857//4 3858//4 3704//4
f 3706//2 3705//2 3859//2 3860//2
f 3704//4 3858//4 3859//4 3705//4
f 3707//1 3861//1 3862//1 3708//1
f 3708//4 3862//4 3863//4 3709//4
f 3709//4 3863//4 3847//4 3695//4
f 3706//4 3860//4 3864//4 3710//4
f 3712//2 3711//2 3865//2 3866//2
f 3710//4 3864//4 3865//4 3711//4
f 3713//1 3867//1 3868//1 3714//1
f 3714//4 3868//4 3861//4 3707//4
f 3716//2 3715//2 3869//2 3870//2
f 3712//4 3866//4 3869//4 3715//4
f 3717//1 3871//1 3872//1 3718//1
f 3718//4 3872//4 3867//4 3713//4
f 3720//2 3719//2 3873//2 3874//2
f 3716//4 3870//4 3873//4 3719//4
f 3721//1 3875//1 3876//1 3722//1
f 3722//4 3876//4 3871//4 3717//4
f 3724//2 3723//2 3877//2 3878//2
f 3720//4 3874//4 3877//4 3723//4
f 3725//1 3879//1 3875//1 3721//1
f 3726//2 3724//2 3878//2 3880//2
f 3727//1 3881//1 3882//1 3728//1
f 3728//4 3882//4 3879//4 3725//4
f 3730//2 3729//2 3883//2 3884//2
f 3726//4 3880//4 3883//4 3729//4
f 3731//1 3885//1 3881//1 3727//1
f 3732//2 3730//2 3884//2 3886//2
f 3733//1 3887//1 3885//1 3731//1
f 3734//2 3732//2 3886//2 3888//2
f 3739//1 3889//1 3887//1 3733//1
f 3744//2 3734//2 3888//2 3890//2
f 3745//1 3891//1 3889//1 3739//1
f 3746//2 3744//2 3890//2 3892//2
f 3747//1 3893//1 3891//1 3745//1
f 3748//2 3746//2 3892//2 3894//2
f 3749//1 3895//1 3893//1 3747//1
f 3749//3 3750//3 3896//3 3895//3
f 3751//2 3748//2 3894//2 3897//2
f 3752//3 3751//3 3897//3 3898//3
f 3847//1 4005//1 4006//1 3848//1
f 3848//4 4006//4 4007//4 3849//4
f 4005//6 4008//6 4007//6 4006//6
f 3849//4 4007//4 4009//4 3850//4
f 3850//4 4009//4 4010//4 3851//4
f 3851//4 4010//4 4011//4 3852//4
f 3852//4 4011//4 4012//4 3853//4
f 3853//4 4012//4 4013//4 3854//4
f 3854//4 4013//4 4014//4 3855//4
f 3855//4 4014//4 4015//4 3856//4
f 3856//4 4015//4 4016//4 3857//4
f 3857//4 4016//4 4017//4 3858//4
f 3860//2 3859//2 4018//2 4019//2
f 3858//4 4017//4 4018//4 3859//4
f 4020//6 4019//6 4018//6 4017//6
f 3861//1 4021//1 4022//1 3862//1
f 3862//4 4022//4 4023//4 3863//4
f 4021//6 4024//6 4023//6 4022//6
f 3863//4 4023//4 4005//4 3847//4
f 3860//4 4019//4 4025//4 3864//4
f 3866//2 3865//2 4026//2 4027//2
f 3864//4 4025//4 4026//4 3865//4
f 4028//6 4027//6 4026//6 4025//6
f 3867//1 4029//1 4030//1 3868//1
f 3868//4 4030//4 4021//4 3861//4
f 3870//2 3869//2 4031//2 4032//2
f 3866//4 4027//4 4031//4 3869//4
f 3871//1 4033//1 4034//1 3872//1
f 3872//4 4034//4 4029//4 3867//4
f 3874//2 3873//2 4035//2 4036//2
f 3870//4 4032//4 4035//4 3873//4
f 3875//1 4037//1 4038//1 3876//1
f 3876//4 4038//4 4033//4 3871//4
f 3878//2 3877//2 4039//2 4040//2
f 3874//4 4036//4 4039//4 3877//4
f 3879//1 4041//1 4037//1 3875//1
f 3880//2 3878//2 4040//2 4042//2
f 3881//1 4043//1 4044//1 3882//1
f 3882//4 4044//4 4041//4 3879//4
f 3884//2 3883//2 4045//2 4046//2
f 3880//4 4042//4 4045//4 3883//4
f 3885//1 4047//1 4043//1 3881//1
f 3886//2 3884//2 4046//2 4048//2
f 3887//1 4049//1 4047//1 3885//1
f 3888//2 3886//2 4048//2 4050//2
f 3889//1 4051//1 4049//1 3887//1
f 3890//2 3888//2 4050//2 4052//2
f 3891//1 4053//1 4051//1 3889//1
f 3892//2 3890//2 4052//2 4054//2
f 3893//1 4055//1 4053//1 3891//1
f 3894//2 3892//2 4054//2 4056//2
f 3895//1 4065//1 4055//1 3893//1
f 3895//3 3896//3 4066//3 4065//3
f 3897//2 3894//2 4056//2 4067//2
f 3898//3 3897//3 4067//3 4068//3
f 4008//1 4175//1 4176//1 4007//1
f 4007//4 4176//4 4177//4 4009//4
f 4009//4 4177//4 4178//4 4010//4
f 4010//4 4178//4 4179//4 4011//4
f 4011//4 4179//4 4180//4 4012//4
f 4012//4 4180//4 4181//4 4013//4
f 4013//4 4181//4 4182//4 4014//4
f 4014//4 4182//4 4183//4 4015//4
f 4015//4 4183//4 4184//4 4016//4
f 4020//2 4017//2 4185//2 4186//2
f 4016//4 4184//4 4185//4 4017//4
f 4024//1 4187//1 4188//1 4023//1
f 4023//4 4188//4 4189//4 4005//4
f 4005//4 4189//4 4175//4 4008//4
f 4020//4 4186//4 4190//4 4019//4
f 4028//2 4025//2 4191//2 4192//2
f 4019//4 4190//4 4191//4 4025//4
f 4029//1 4193//1 4194//1 4030//1
f 4030//4 4194//4 4195//4 4021//4
f 4021//4 4195//4 4187//4 4024//4
f 4028//4 4192//4 4196//4 4027//4
f 4032//2 4031//2 4197//2 4198//2
f 4027//4 4196//4 4197//4 4031//4
f 4033//1 4199//1 4200//1 4034//1
f 4034//4 4200//4 4193//4 4029//4
f 4036//2 4035//2 4201//2 4202//2
f 4032//4 4198//4 4201//4 4035//4
f 4037//1 4203//1 4204//1 4038//1
f 4038//4 4204//4 4199//4 4033//4
f 4040//2 4039//2 4205//2 4206//2
f 4036//4 4202//4 4205//4 4039//4
f 4041//1 4207//1 4203//1 4037//1
f 4042//2 4040//2 4206//2 4208//2
f 4043//1 4209//1 4210//1 4044//1
f 4044//4 4210//4 4207//4 4041//4
f 4046//2 4045//2 4211//2 4212//2
f 4042//4 4208//4 4211//4 4045//4
f 4047//1 4213//1 4209//1 4043//1
f 4048//2 4046//2 4212//2 4214//2
f 4049//1 4215//1 4213//1 4047//1
f 4050//2 4048//2 4214//2 4216//2
f 4051//1 4217//1 4215//1 4049//1
f 4052//2 4050//2 4216//2 4218//2
f 4053//1 4219//1 4217//1 4051//1
f 4054//2 4052//2 4218//2 4220//2
f 4055//1 4229//1 4219//1 4053//1
f 4056//2 4054//2 4220//2 4230//2
f 4065//1 4246//1 4229//1 4055//1
f 4065//3 4066//3 4247//3 4246//3
f 4067//2 4056//2 4230//2 4248//2
f 4068//3 4067//3 4248//3 4249//3
f 4175//1 4351//1 4352//1 4176//1
f 4176//4 4352//4 4353//4 4177//4
f 4177//4 4353//4 4354//4 4178//4
f 4178//4 4354//4 4355//4 4179//4
f 4179//4 4355//4 4356//4 4180//4
f 4180//4 4356//4 4357//4 4181//4
f 4181//4 4357//4 4358//4 4182//4
f 4182//4 4358//4 4359//4 4183//4
f 4183//4 4359//4 4360//4 4184//4
f 4186//2 4185//2 4361//2 4362//2
f 4184//4 4360//4 4361//4 4185//4
f 4187//1 4363//1 4364//1 4188//1
f 4188//4 4364//4 4365//4 4189//4
f 4189//4 4365//4 4351//4 4175//4
f 4186//4 4362//4 4366//4 4190//4
f 4192//2 4191//2 4367//2 4368//2
f 4190//4 4366//4 4367//4 4191//4
f 4193//1 4369//1 4370//1 4194//1
f 4194//4 4370//4 4371//4 4195//4
f 4195//4 4371//4 4363//4 4187//4
f 4192//4 4368//4 4372//4 4196//4
f 4198//2 4197//2 4373//2 4374//2
f 4196//4 4372//4 4373//4 4197//4
f 4199//1 4375//1 4376//1 4200//1
f 4200//4 4376//4 4369//4 4193//4
f 4202//2 4201//2 4377//2 4378//2
f 4198//4 4374//4 4377//4 4201//4
f 4203//1 4379//1 4380//1 4204//1
f 4204//4 4380//4 4375//4 4199//4
f 4379//6 4381//6 4375//6 4380//6
f 4206//2 4205//2 4382//2 4383//2
f 4202//4 4378//4 4382//4 4205//4
f 4384//6 4383//6 4382//6 4378//6
f 4207//1 4385//1 4379//1 4203//1
f 4208//2 4206//2 4383//2 4386//2
f 4209//1 4387//1 4388//1 4210//1
f 4210//4 4388//4 4385//4 4207//4
f 4212//2 4211//2 4389//2 4390//2
f 4208//4 4386//4 4389//4 4211//4
f 4213//1 4391//1 4387//1 4209//1
f 4214//2 4212//2 4390//2 4392//2
f 4215//1 4393//1 4391//1 4213//1
f 4216//2 4214//2 4392//2 4394//2
f 4217//1 4395//1 4393//1 4215//1
f 4218//2 4216//2 4394//2 4396//2
f 4219//1 4397//1 4395//1 4217//1
f 4220//2 4218//2 4396//2 4398//2
f 4229//1 4410//1 4397//1 4219//1
f 4230//2 4220//2 4398//2 4411//2
f 4246//1 4430//1 4410//1 4229//1
f 4246//3 4247//3 4431//3 4430//3
f 4248//2 4230//2 4411//2 4432//2
f 4249//3 4248//3 4432//3 4433//3
f 4351//1 4525//1 4526//1 4352//1
f 4352//4 4526//4 4527//4 4353//4
f 4525//6 4528//6 4527//6 4526//6
f 4353//4 4527//4 4529//4 4354//4
f 4354//4 4529//4 4530//4 4355//4
f 4355//4 4530//4 4531//4 4356//4
f 4356//4 4531//4 4532//4 4357//4
f 4357//4 4532//4 4533//4 4358//4
f 4358//4 4533//4 4534//4 4359//4
f 4359//4 4534//4 4535//4 4360//4
f 4362//2 4361//2 4536//2 4537//2
f 4360//4 4535//4 4536//4 4361//4
f 4538//6 4537//6 4536//6 4535//6
f 4363//1 4539//1 4540//1 4364//1
f 4364//4 4540//4 4541//4 4365//4
f 4365//4 4541//4 4525//4 4351//4
f 4362//4 4537//4 4542//4 4366//4
f 4368//2 4367//2 4543//2 4544//2
f 4366//4 4542//4 4543//4 4367//4
f 4369//1 4545//1 4546//1 4370//1
f 4370//4 4546//4 4547//4 4371//4
f 4545//6 4548//6 4547//6 4546//6
f 4371//4 4547//4 4539//4 4363//4
f 4368//4 4544//4 4549//4 4372//4
f 4374//2 4373//2 4550//2 4551//2
f 4372//4 4549//4 4550//4 4373//4
f 4552//6 4551//6 4550//6 4549//6
f 4375//1 4553//1 4554//1 4376//1
f 4376//4 4554//4 4545//4 4369//4
f 4553//6 4555//6 4545//6 4554//6
f 4378//2 4377//2 4556//2 4557//2
f 4374//4 4551//4 4556//4 4377//4
f 4558//6 4557//6 4556//6 4551//6
f 4381//1 4559//1 4553//1 4375//1
f 4384//2 4378//2 4557//2 4560//2
f 4385//1 4561//1 4562//1 4379//1
f 4379//4 4562//4 4559//4 4381//4
f 4386//2 4383//2 4563//2 4564//2
f 4384//4 4560//4 4563//4 4383//4
f 4387//1 4565//1 4566//1 4388//1
f 4388//4 4566//4 4561//4 4385//4
f 4565//6 4567//6 4561//6 4566//6
f 4390//2 4389//2 4568//2 4569//2
f 4386//4 4564//4 4568//4 4389//4
f 4570//6 4569//6 4568//6 4564//6
f 4391//1 4571//1 4565//1 4387//1
f 4392//2 4390//2 4569//2 4572//2
f 4393//1 4573//1 4571//1 4391//1
f 4394//2 4392//2 4572//2 4574//2
f 4395//1 4575//1 4573//1 4393//1
f 4396//2 4394//2 4574//2 4576//2
f 4430//1 4609//1 4596//1 4410//1
f 4609//6 4610//6 4611//6 4596//6
f 4432//2 4411//2 4598//2 4612//2
f 4613//6 4612//6 4598//6 4614//6
f 4528//1 4707//1 4708//1 4527//1
f 4527//4 4708//4 4709//4 4529//4
f 4529//4 4709//4 4710//4 4530//4
f 4530//4 4710//4 4711//4 4531//4
f 4531//4 4711//4 4712//4 4532//4
f 4532//4 4712//4 4713//4 4533//4
f 4533//4 4713//4 4714//4 4534//4
f 4538//2 4535//2 4715//2 4716//2
f 4534//4 4714//4 4715//4 4535//4
f 4539//1 4717//1 4718//1 4540//1
f 4540//4 4718//4 4719//4 4541//4
f 4717//6 4720//6 4719//6 4718//6
f 4541//4 4719//4 4721//4 4525//4
f 4525//4 4721//4 4707//4 4528//4
f 4538//4 4716//4 4722//4 4537//4
f 4537//4 4722//4 4723//4 4542//4
f 4544//2 4543//2 4724//2 4725//2
f 4542//4 4723//4 4724//4 4543//4
f 4726//6 4725//6 4724//6 4723//6
f 4548//1 4727//1 4728//1 4547//1
f 4547//4 4728//4 4717//4 4539//4
f 4552//2 4549//2 4729//2 4730//2
f 4544//4 4725//4 4729//4 4549//4
f 4555//1 4731//1 4732//1 4545//1
f 4545//4 4732//4 4727//4 4548//4
f 4558//2 4551//2 4733//2 4734//2
f 4552//4 4730//4 4733//4 4551//4
f 4559//1 4735//1 4736//1 4553//1
f 4553//4 4736//4 4731//4 4555//4
f 4560//2 4557//2 4737//2 4738//2
f 4558//4 4734//4 4737//4 4557//4
f 4561//1 4739//1 4740//1 4562//1
f 4562//4 4740//4 4735//4 4559//4
f 4564//2 4563//2 4741//2 4742//2
f 4560//4 4738//4 4741//4 4563//4
f 4567//1 4743//1 4739//1 4561//1
f 4570//2 4564//2 4742//2 4744//2
f 4571//1 4745//1 4746//1 4565//1
f 4565//4 4746//4 4743//4 4567//4
f 4745//6 4747//6 4743//6 4746//6
f 4572//2 4569//2 4748//2 4749//2
f 4570//4 4744//4 4748//4 4569//4
f 4750//6 4749//6 4748//6 4744//6
f 4573//1 4751//1 4745//1 4571//1
f 4574//2 4572//2 4749//2 4752//2
f 4575//1 4753//1 4751//1 4573//1
f 4576//2 4574//2 4752//2 4754//2
f 4583//1 4759//1 4753//1 4575//1
f 4586//2 4576//2 4754//2 4760//2
f 4596//1 4771//1 4759//1 4583//1
f 4596//3 4611//3 4772//3 4771//3
f 4771//6 4772//6 4773//6 4759//6
f 4598//2 4586//2 4760//2 4774//2
f 4614//3 4598//3 4774//3 4775//3
f 4775//6 4774//6 4760//6 4776//6
f 4707//1 4873//1 4874//1 4708//1
f 4708//4 4874//4 4875//4 4709//4
f 4873//6 4876//6 4875//6 4874//6
f 4709//4 4875//4 4877//4 4710//4
f 4710//4 4877//4 4878//4 4711//4
f 4711//4 4878//4 4879//4 4712//4
f 4712//4 4879//4 4880//4 4713//4
f 4713//4 4880//4 4881//4 4714//4
f 4716//2 4715//2 4882//2 4883//2
f 4714//4 4881//4 4882//4 4715//4
f 4884//6 4883//6 4882//6 4881//6
f 4720//1 4885//1 4886//1 4719//1
f 4719//4 4886//4 4887//4 4721//4
f 4721//4 4887//4 4873//4 4707//4
f 4716//4 4883//4 4888//4 4722//4
f 4726//2 4723//2 4889//2 4890//2
f 4722//4 4888//4 4889//4 4723//4
f 4727//1 4891//1 4892//1 4728//1
f 4728//4 4892//4 4893//4 4717//4
f 4717//4 4893//4 4885//4 4720//4
f 4726//4 4890//4 4894//4 4725//4
f 4730//2 4729//2 4895//2 4896//2
f 4725//4 4894//4 4895//4 4729//4
f 4731//1 4897//1 4898//1 4732//1
f 4732//4 4898//4 4891//4 4727//4
f 4734//2 4733//2 4899//2 4900//2
f 4730//4 4896//4 4899//4 4733//4
f 4735//1 4901//1 4902//1 4736//1
f 4736//4 4902//4 4897//4 4731//4
f 4738//2 4737//2 4903//2 4904//2
f 4734//4 4900//4 4903//4 4737//4
f 4739//1 4905//1 4906//1 4740//1
f 4740//4 4906//4 4901//4 4735//4
f 4905//6 4907//6 4901//6 4906//6
f 4742//2 4741//2 4908//2 4909//2
f 4738//4 4904//4 4908//4 4741//4
f 4910//6 4909//6 4908//6 4904//6
f 4743//1 4911//1 4905//1 4739//1
f 4744//2 4742//2 4909//2 4912//2
f 4747//1 4913//1 4911//1 4743//1
f 4750//2 4744//2 4912//2 4914//2
f 4751//1 4915//1 4916//1 4745//1
f 4745//4 4916//4 4913//4 4747//4
f 4915//6 4917//6 4913//6 4916//6
f 4752//2 4749//2 4918//2 4919//2
f 4750//4 4914//4 4918//4 4749//4
f 4920//6 4919//6 4918//6 4914//6
f 4753//1 4921//1 4915//1 4751//1
f 4921//6 4922//6 4917//6 4915//6
f 4754//2 4752//2 4919//2 4923//2
f 4924//6 4923//6 4919//6 4920//6
f 4759//1 4925//1 4921//1 4753//1
f 4759//3 4773//3 4926//3 4925//3
f 4925//6 4926//6 4922//6 4921//6
f 4760//2 4754//2 4923//2 4927//2
f 4776//3 4760//3 4927//3 4928//3
f 4928//6 4927//6 4923//6 4924//6
f 4876//1 5033//1 5034//1 4875//1
f 4875//4 5034//4 5035//4 4877//4
f 5033//6 5036//6 5035//6 5034//6
f 4877//4 5035//4 5037//4 4878//4
f 5036//6 5038//6 5037//6 5035//6
f 4878//4 5037//4 5039//4 4879//4
f 5038//6 5040//6 5039//6 5037//6
f 4879//4 5039//4 5041//4 4880//4
f 5040//6 5042//6 5041//6 5039//6
f 4884//2 4881//2 5043//2 5044//2
f 4880//4 5041//4 5043//4 4881//4
f 5042//6 5044//6 5043//6 5041//6
f 4885//1 5045//1 5046//1 4886//1
f 4886//4 5046//4 5047//4 4887//4
f 5045//6 5048//6 5047//6 5046//6
f 4887//4 5047//4 5049//4 4873//4
f 4873//4 5049//4 5033//4 4876//4
f 4884//4 5044//4 5050//4 4883//4
f 4883//4 5050//4 5051//4 4888//4
f 4890//2 4889//2 5052//2 5053//2
f 4888//4 5051//4 5052//4 4889//4
f 5054//6 5053//6 5052//6 5051//6
f 4891//1 5055//1 5056//1 4892//1
f 4892//4 5056//4 5057//4 4893//4
f 5055//6 5058//6 5057//6 5056//6
f 4893//4 5057//4 5045//4 4885//4
f 4890//4 5053//4 5059//4 4894//4
f 4896//2 4895//2 5060//2 5061//2
f 4894//4 5059//4 5060//4 4895//4
f 5062//6 5061//6 5060//6 5059//6
f 4897//1 5063//1 5064//1 4898//1
f 4898//4 5064//4 5055//4 4891//4
f 5063//6 5065//6 5055//6 5064//6
f 4900//2 4899//2 5066//2 5067//2
f 4896//4 5061//4 5066//4 4899//4
f 5068//6 5067//6 5066//6 5061//6
f 4901//1 5069//1 5070//1 4902//1
f 4902//4 5070//4 5063//4 4897//4
f 5069//6 5071//6 5063//6 5070//6
f 4904//2 4903//2 5072//2 5073//2
f 4900//4 5067//4 5072//4 4903//4
f 5074//6 5073//6 5072//6 5067//6
f 4907//1 5075//1 5069//1 4901//1
f 4910//2 4904//2 5073//2 5076//2
f 4911//1 5077//1 5078//1 4905//1
f 4905//4 5078//4 5075//4 4907//4
f 4912//2 4909//2 5079//2 5080//2
f 4910//4 5076//4 5079//4 4909//4
f 4913//1 5081//1 5077//1 4911//1
f 4914//2 4912//2 5080//2 5082//2
f 4917//1 5083//1 5081//1 4913//1
f 4920//2 4914//2 5082//2 5084//2
f 4922//1 5085//1 5083//1 4917//1
f 4924//2 4920//2 5084//2 5086//2
f 4926//1 5087//1 5085//1 4922//1
f 4928//2 4924//2 5086//2 5088//2
f 5048//1 5205//1 5206//1 5047//1
f 5047//4 5206//4 5207//4 5049//4
f 5205//6 5208//6 5207//6 5206//6
f 5049//4 5207//4 5209//4 5033//4
f 5033//4 5209//4 5210//4 5036//4
f 5036//4 5210//4 5211//4 5038//4
f 5038//4 5211//4 5212//4 5040//4
f 5040//4 5212//4 5213//4 5042//4
f 5042//4 5213//4 5214//4 5044//4
f 5044//4 5214//4 5215//4 5050//4
f 5054//2 5051//2 5216//2 5217//2
f 5050//4 5215//4 5216//4 5051//4
f 5218//6 5217//6 5216//6 5215//6
f 5058//1 5219//1 5220//1 5057//1
f 5057//4 5220//4 5221//4 5045//4
f 5045//4 5221//4 5205//4 5048//4
f 5054//4 5217//4 5222//4 5053//4
f 5062//2 5059//2 5223//2 5224//2
f 5053//4 5222//4 5223//4 5059//4
f 5065//1 5225//1 5226//1 5055//1
f 5055//4 5226//4 5219//4 5058//4
f 5068//2 5061//2 5227//2 5228//2
f 5062//4 5224//4 5227//4 5061//4
f 5071//1 5229//1 5230//1 5063//1
f 5063//4 5230//4 5225//4 5065//4
f 5074//2 5067//2 5231//2 5232//2
f 5068//4 5228//4 5231//4 5067//4
f 5075//1 5233//1 5234//1 5069//1
f 5069//4 5234//4 5229//4 5071//4
f 5076//2 5073//2 5235//2 5236//2
f 5074//4 5232//4 5235//4 5073//4
f 5077//1 5237//1 5238//1 5078//1
f 5078//4 5238//4 5233//4 5075//4
f 5237//6 5239//6 5233//6 5238//6
f 5080//2 5079//2 5240//2 5241//2
f 5076//4 5236//4 5240//4 5079//4
f 5242//6 5241//6 5240//6 5236//6
f 5081//1 5243//1 5237//1 5077//1
f 5082//2 5080//2 5241//2 5244//2
f 5083//1 5245//1 5243//1 5081//1
f 5084//2 5082//2 5244//2 5246//2
f 5085//1 5247//1 5245//1 5083//1
f 5086//2 5084//2 5246//2 5248//2
f 5087//1 5249//1 5247//1 5085//1
f 5088//2 5086//2 5248//2 5250//2
f 5089//1 5251//1 5249//1 5087//1
f 5090//2 5088//2 5250//2 5252//2
f 5208//1 5365//1 5366//1 5207//1
f 5207//4 5366//4 5367//4 5209//4
f 5209//4 5367//4 5368//4 5210//4
f 5210//4 5368//4 5369//4 5211//4
f 5211//4 5369//4 5370//4 5212//4
f 5212//4 5370//4 5371//4 5213//4
f 5213//4 5371//4 5372//4 5214//4
f 5218//2 5215//2 5373//2 5374//2
f 5214//4 5372//4 5373//4 5215//4
f 5219//1 5375//1 5376//1 5220//1
f 5220//4 5376//4 5377//4 5221//4
f 5375//6 5378//6 5377//6 5376//6
f 5221//4 5377//4 5379//4 5205//4
f 5205//4 5379//4 5365//4 5208//4
f 5218//4 5374//4 5380//4 5217//4
f 5217//4 5380//4 5381//4 5222//4
f 5224//2 5223//2 5382//2 5383//2
f 5222//4 5381//4 5382//4 5223//4
f 5384//6 5383//6 5382//6 5381//6
f 5225//1 5385//1 5386//1 5226//1
f 5226//4 5386//4 5375//4 5219//4
f 5385//6 5387//6 5375//6 5386//6
f 5228//2 5227//2 5388//2 5389//2
f 5224//4 5383//4 5388//4 5227//4
f 5390//6 5389//6 5388//6 5383//6
f 5229//1 5391//1 5392//1 5230//1
f 5230//4 5392//4 5385//4 5225//4
f 5232//2 5231//2 5393//2 5394//2
f 5228//4 5389//4 5393//4 5231//4
f 5233//1 5395//1 5396//1 5234//1
f 5234//4 5396//4 5391//4 5229//4
f 5395//6 5397//6 5391//6 5396//6
f 5236//2 5235//2 5398//2 5399//2
f 5232//4 5394//4 5398//4 5235//4
f 5400//6 5399//6 5398//6 5394//6
f 5239//1 5401//1 5395//1 5233//1
f 5242//2 5236//2 5399//2 5402//2
f 5243//1 5403//1 5404//1 5237//1
f 5237//4 5404//4 5401//4 5239//4
f 5403//6 5405//6 5401//6 5404//6
f 5244//2 5241//2 5406//2 5407//2
f 5242//4 5402//4 5406//4 5241//4
f 5408//6 5407//6 5406//6 5402//6
f 5245//1 5409//1 5403//1 5243//1
f 5409//6 5410//6 5405//6 5403//6
f 5246//2 5244//2 5407//2 5411//2
f 5412//6 5411//6 5407//6 5408//6
f 5247//1 5413//1 5409//1 5245//1
f 5248//2 5246//2 5411//2 5414//2
f 5249//1 5415//1 5413//1 5247//1
f 5415//6 5416//6 5417//6 5413//6
f 5250//2 5248//2 5414//2 5418//2
f 5419//6 5418//6 5414//6 5420//6
f 5251//1 5421//1 5415//1 5249//1
f 5251//3 5255//3 5422//3 5421//3
f 5421//6 5422//6 5416//6 5415//6
f 5252//2 5250//2 5418//2 5423//2
f 5258//3 5252//3 5423//3 5424//3
f 5424//6 5423//6 5418//6 5419//6
f 5365//1 5735//1 5736//1 5366//1
f 5366//4 5736//4 5737//4 5367//4
f 5367//4 5737//4 5738//4 5368//4
f 5368//4 5738//4 5739//4 5369//4
f 5369//4 5739//4 5740//4 5370//4
f 5370//4 5740//4 5741//4 5371//4
f 5371//4 5741//4 5742//4 5372//4
f 5374//2 5373//2 5743//2 5744//2
f 5372//4 5742//4 5743//4 5373//4
f 5378//1 5745//1 5746//1 5377//1
f 5377//4 5746//4 5747//4 5379//4
f 5379//4 5747//4 5735//4 5365//4
f 5374//4 5744//4 5748//4 5380//4
f 5384//2 5381//2 5749//2 5750//2
f 5380//4 5748//4 5749//4 5381//4
f 5387//1 5751//1 5752//1 5375//1
f 5375//4 5752//4 5745//4 5378//4
f 5390//2 5383//2 5753//2 5754//2
f 5384//4 5750//4 5753//4 5383//4
f 5391//1 5755//1 5756//1 5392//1
f 5392//4 5756//4 5757//4 5385//4
f 5385//4 5757//4 5751//4 5387//4
f 5390//4 5754//4 5758//4 5389//4
f 5394//2 5393//2 5759//2 5760//2
f 5389//4 5758//4 5759//4 5393//4
f 5397//1 5761//1 5755//1 5391//1
f 5400//2 5394//2 5760//2 5762//2
f 5401//1 5763//1 5764//1 5395//1
f 5395//4 5764//4 5761//4 5397//4
f 5763//6 5765//6 5761//6 5764//6
f 5402//2 5399//2 5766//2 5767//2
f 5400//4 5762//4 5766//4 5399//4
f 5768//6 5767//6 5766//6 5762//6
f 5405//1 5769//1 5763//1 5401//1
f 5408//2 5402//2 5767//2 5770//2
f 5410//1 5771//1 5769//1 5405//1
f 5412//2 5408//2 5770//2 5772//2
f 5413//1 5773//1 5774//1 5409//1
f 5413//3 5417//3 5775//3 5773//3
f 5409//4 5774//4 5771//4 5410//4
f 5773//6 5775//6 5771//6 5774//6
f 5414//2 5411//2 5776//2 5777//2
f 5420//3 5414//3 5777//3 5778//3
f 5412//4 5772//4 5776//4 5411//4
f 5778//6 5777//6 5776//6 5772//6
f 5416//1 5779//1 5775//1 5417//1
f 5419//2 5420//2 5778//2 5780//2
f 5737//1 5917//1 5918//1 5919//1
f 5919//4 5918//4 5920//4 5921//4
f 5737//5 5919//5 5921//5 5738//5
f 5921//4 5920//4 5914//4 5913//4
f 5738//5 5921//5 5913//5 5739//5
f 5915//4 5916//4 5922//4 5923//4
f 5740//5 5915//5 5923//5 5741//5
f 5742//2 5924//2 5925//2 5926//2
f 5923//4 5922//4 5925//4 5924//4
f 5741//5 5923//5 5924//5 5742//5
f 5747//1 5927//1 5928//1 5929//1
f 5929//4 5928//4 5930//4 5736//4
f 5747//5 5929//5 5736//5 5735//5
f 5736//4 5930//4 5917//4 5737//4
f 5742//4 5926//4 5931//4 5743//4
f 5748//2 5932//2 5933//2 5934//2
f 5743//4 5931//4 5933//4 5932//4
f 5744//5 5743//5 5932//5 5748//5
f 5752//1 5935//1 5936//1 5937//1
f 5937//4 5936//4 5938//4 5746//4
f 5752//5 5937//5 5746//5 5745//5
f 5746//4 5938//4 5927//4 5747//4
f 5748//4 5934//4 5939//4 5749//4
f 5753//2 5940//2 5941//2 5942//2
f 5749//4 5939//4 5941//4 5940//4
f 5750//5 5749//5 5940//5 5753//5
f 5757//1 5943//1 5944//1 5945//1
f 5945//4 5944//4 5935//4 5752//4
f 5757//5 5945//5 5752//5 5751//5
f 5758//2 5946//2 5947//2 5948//2
f 5753//4 5942//4 5947//4 5946//4
f 5754//5 5753//5 5946//5 5758//5
f 5755//1 5949//1 5950//1 5756//1
f 5756//4 5950//4 5943//4 5757//4
f 5760//2 5759//2 5951//2 5952//2
f 5758//4 5948//4 5951//4 5759//4
f 5761//1 5953//1 5949//1 5755//1
f 5762//2 5760//2 5952//2 5954//2
f 5765//1 5955//1 5953//1 5761//1
f 5768//2 5762//2 5954//2 5956//2
f 5769//1 5957//1 5958//1 5763//1
f 5763//4 5958//4 5955//4 5765//4
f 5770//2 5767//2 5959//2 5960//2
f 5768//4 5956//4 5959//4 5767//4
f 5771//1 5961//1 5957//1 5769//1
f 5772//2 5770//2 5960//2 5962//2
f 5775//1 5963//1 5961//1 5771//1
f 5778//2 5772//2 5962//2 5964//2
f 5779//1 5965//1 5963//1 5775//1
f 5780//2 5778//2 5964//2 5966//2
f 5781//1 5967//1 5965//1 5779//1
f 5967//6 5968//6 5969//6 5965//6
f 5782//2 5780//2 5966//2 5970//2
f 5971//6 5970//6 5966//6 5972//6
f 5930//1 6049//1 6050//1 6051//1
f 6051//4 6050//4 6052//4 5918//4
f 5930//5 6051//5 5918//5 5917//5
f 5918//4 6052//4 6053//4 5920//4
f 5920//4 6053//4 6054//4 5914//4
f 5914//4 6054//4 6055//4 5916//4
f 5916//4 6055//4 6056//4 5922//4
f 5922//4 6056//4 6057//4 5925//4
f 5931//2 6058//2 6059//2 6060//2
f 5925//4 6057//4 6059//4 6058//4
f 5926//5 5925//5 6058//5 5931//5
f 5938//1 6061//1 6062//1 6063//1
f 6063//4 6062//4 6064//4 5928//4
f 5938//5 6063//5 5928//5 5927//5
f 5928//4 6064//4 6049//4 5930//4
f 5931//4 6060//4 6065//4 5933//4
f 5939//2 6066//2 6067//2 6068//2
f 5933//4 6065//4 6067//4 6066//4
f 5934//5 5933//5 6066//5 5939//5
f 5935//1 6069//1 6070//1 5936//1
f 5936//4 6070//4 6061//4 5938//4
f 5942//2 5941//2 6071//2 6072//2
f 5939//4 6068//4 6071//4 5941//4
f 5943//1 6073//1 6074//1 5944//1
f 5944//4 6074//4 6069//4 5935//4
f 5948//2 5947//2 6075//2 6076//2
f 5942//4 6072//4 6075//4 5947//4
f 5949//1 6077//1 6078//1 5950//1
f 5950//4 6078//4 6073//4 5943//4
f 5952//2 5951//2 6079//2 6080//2
f 5948//4 6076//4 6079//4 5951//4
f 5953//1 6081//1 6077//1 5949//1
f 5954//2 5952//2 6080//2 6082//2
f 5958//1 6083//1 6084//1 6085//1
f 6085//4 6084//4 6081//4 5953//4
f 5958//5 6085//5 5953//5 5955//5
f 5959//2 6086//2 6087//2 6088//2
f 5954//4 6082//4 6087//4 6086//4
f 5956//5 5954//5 6086//5 5959//5
f 5957//1 6089//1 6083//1 5958//1
f 5960//2 5959//2 6088//2 6090//2
f 5961//1 6091//1 6089//1 5957//1
f 5962//2 5960//2 6090//2 6092//2
f 5963//1 6093//1 6091//1 5961//1
f 5964//2 5962//2 6092//2 6094//2
f 5965//1 6095//1 6093//1 5963//1
f 5965//3 5969//3 6096//3 6095//3
f 5966//2 5964//2 6094//2 6097//2
f 5972//3 5966//3 6097//3 6098//3
f 5968//1 6099//1 6096//1 5969//1
f 5971//2 5972//2 6098//2 6100//2
f 6064//1 6157//1 6158//1 6159//1
f 6159//4 6158//4 6160//4 6050//4
f 6064//5 6159//5 6050//5 6049//5
f 6050//4 6160//4 6161//4 6052//4
f 6052//4 6161//4 6162//4 6053//4
f 6053//4 6162//4 6163//4 6054//4
f 6054//4 6163//4 6164//4 6055//4
f 6055//4 6164//4 6165//4 6056//4
f 6056//4 6165//4 6166//4 6057//4
f 6057//4 6166//4 6167//4 6059//4
f 6065//2 6168//2 6169//2 6170//2
f 6059//4 6167//4 6169//4 6168//4
f 6060//5 6059//5 6168//5 6065//5
f 6061//1 6171//1 6172//1 6062//1
f 6062//4 6172//4 6157//4 6064//4
f 6068//2 6067//2 6173//2 6174//2
f 6065//4 6170//4 6173//4 6067//4
f 6074//1 6175//1 6176//1 6177//1
f 6177//4 6176//4 6178//4 6070//4
f 6074//5 6177//5 6070//5 6069//5
f 6070//4 6178//4 6171//4 6061//4
f 6068//4 6174//4 6179//4 6071//4
f 6075//2 6180//2 6181//2 6182//2
f 6071//4 6179//4 6181//4 6180//4
f 6072//5 6071//5 6180//5 6075//5
f 6078//1 6183//1 6184//1 6185//1
f 6185//4 6184//4 6175//4 6074//4
f 6078//5 6185//5 6074//5 6073//5
f 6079//2 6186//2 6187//2 6188//2
f 6075//4 6182//4 6187//4 6186//4
f 6076//5 6075//5 6186//5 6079//5
f 6077//1 6189//1 6183//1 6078//1
f 6080//2 6079//2 6188//2 6190//2
f 6084//1 6191//1 6192//1 6193//1
f 6193//4 6192//4 6189//4 6077//4
f 6084//5 6193//5 6077//5 6081//5
f 6087//2 6194//2 6195//2 6196//2
f 6080//4 6190//4 6195//4 6194//4
f 6082//5 6080//5 6194//5 6087//5
f 6083//1 6197//1 6191//1 6084//1
f 6088//2 6087//2 6196//2 6198//2
f 6089//1 6199//1 6197//1 6083//1
f 6090//2 6088//2 6198//2 6200//2
f 6091//1 6201//1 6199//1 6089//1
f 6092//2 6090//2 6200//2 6202//2
f 6093//1 6203//1 6201//1 6091//1
f 6094//2 6092//2 6202//2 6204//2
f 6095//1 6205//1 6203//1 6093//1
f 6097//2 6094//2 6204//2 6206//2
f 6207//1 6208//1 6205//1 6095//1
f 6207//3 6099//3 6209//3 6208//3
f 6207//5 6095//5 6096//5 6099//5
f 6210//2 6097//2 6206//2 6211//2
f 6100//3 6210//3 6211//3 6212//3
f 6100//5 6098//5 6097//5 6210//5
f 6101//1 6213//1 6209//1 6099//1
f 6102//2 6100//2 6212//2 6214//2
f 6103//1 6215//1 6213//1 6101//1
f 6103//3 6107//3 6216//3 6215//3
f 6104//2 6102//2 6214//2 6217//2
f 6110//3 6104//3 6217//3 6218//3
f 6157//1 6263//1 6264//1 6158//1
f 6158//4 6264//4 6265//4 6160//4
f 6160//4 6265//4 6266//4 6161//4
f 6161//4 6266//4 6267//4 6162//4
f 6162//4 6267//4 6268//4 6163//4
f 6163//4 6268//4 6269//4 6164//4
f 6164//4 6269//4 6270//4 6165//4
f 6165//4 6270//4 6271//4 6166//4
f 6166//4 6271//4 6272//4 6167//4
f 6170//2 6169//2 6273//2 6274//2
f 6167//4 6272//4 6273//4 6169//4
f 6178//1 6275//1 6276//1 6277//1
f 6277//4 6276//4 6278//4 6172//4
f 6178//5 6277//5 6172//5 6171//5
f 6172//4 6278//4 6263//4 6157//4
f 6170//4 6274//4 6279//4 6173//4
f 6179//2 6280//2 6281//2 6282//2
f 6173//4 6279//4 6281//4 6280//4
f 6174//5 6173//5 6280//5 6179//5
f 6175//1 6283//1 6284//1 6176//1
f 6176//4 6284//4 6275//4 6178//4
f 6182//2 6181//2 6285//2 6286//2
f 6179//4 6282//4 6285//4 6181//4
f 6183//1 6287//1 6288//1 6184//1
f 6184//4 6288//4 6283//4 6175//4
f 6188//2 6187//2 6289//2 6290//2
f 6182//4 6286//4 6289//4 6187//4
f 6189//1 6291//1 6287//1 6183//1
f 6190//2 6188//2 6290//2 6292//2
f 6191//1 6293//1 6294//1 6192//1
f 6192//4 6294//4 6291//4 6189//4
f 6196//2 6195//2 6295//2 6296//2
f 6190//4 6292//4 6295//4 6195//4
f 6197//1 6297//1 6293//1 6191//1
f 6198//2 6196//2 6296//2 6298//2
f 6199//1 6299//1 6297//1 6197//1
f 6200//2 6198//2 6298//2 6300//2
f 6201//1 6301//1 6299//1 6199//1
f 6202//2 6200//2 6300//2 6302//2
f 6203//1 6303//1 6301//1 6201//1
f 6204//2 6202//2 6302//2 6304//2
f 6205//1 6305//1 6303//1 6203//1
f 6206//2 6204//2 6304//2 6306//2
f 6208//1 6307//1 6305//1 6205//1
f 6208//3 6209//3 6308//3 6307//3
f 6211//2 6206//2 6306//2 6309//2
f 6212//3 6211//3 6309//3 6310//3
f 6213//1 6311//1 6308//1 6209//1
f 6214//2 6212//2 6310//2 6312//2
f 6215//1 6313//1 6311//1 6213//1
f 6215//3 6216//3 6314//3 6313//3
f 6217//2 6214//2 6312//2 6315//2
f 6218//3 6217//3 6315//3 6316//3
f 6219//1 6317//1 6314//1 6216//1
f 6219//3 6223//3 6318//3 6317//3
f 6220//2 6218//2 6316//2 6319//2
f 6228//3 6220//3 6319//3 6320//3
f 6222//1 6321//1 6318//1 6223//1
f 6222//3 6224//3 6322//3 6321//3
f 6225//2 6228//2 6320//2 6326//2
f 6226//3 6225//3 6326//3 6324//3
f 6268//1 6337//1 6338//1 6339//1
f 6269//2 6340//2 6341//2 6342//2
f 6339//4 6338//4 6341//4 6340//4
f 6268//5 6339//5 6340//5 6269//5
f 6337//6 6342//6 6341//6 6338//6
f 6263//1 6343//1 6344//1 6264//1
f 6264//4 6344//4 6345//4 6265//4
f 6265//4 6345//4 6346//4 6266//4
f 6266//4 6346//4 6347//4 6267//4
f 6267//4 6347//4 6337//4 6268//4
f 6269//4 6342//4 6348//4 6270//4
f 6270//4 6348//4 6349//4 6271//4
f 6271//4 6349//4 6350//4 6272//4
f 6274//2 6273//2 6351//2 6352//2
f 6272//4 6350//4 6351//4 6273//4
f 6275//1 6353//1 6354//1 6276//1
f 6276//4 6354//4 6355//4 6278//4
f 6278//4 6355//4 6343//4 6263//4
f 6274//4 6352//4 6356//4 6279//4
f 6282//2 6281//2 6357//2 6358//2
f 6279//4 6356//4 6357//4 6281//4
f 6283//1 6359//1 6360//1 6284//1
f 6284//4 6360//4 6353//4 6275//4
f 6286//2 6285//2 6361//2 6362//2
f 6282//4 6358//4 6361//4 6285//4
f 6287//1 6363//1 6364//1 6288//1
f 6288//4 6364//4 6359//4 6283//4
f 6290//2 6289//2 6365//2 6366//2
f 6286//4 6362//4 6365//4 6289//4
f 6291//1 6367//1 6363//1 6287//1
f 6292//2 6290//2 6366//2 6368//2
f 6293//1 6369//1 6370//1 6294//1
f 6294//4 6370//4 6367//4 6291//4
f 6296//2 6295//2 6371//2 6372//2
f 6292//4 6368//4 6371//4 6295//4
f 6297//1 6373//1 6369//1 6293//1
f 6298//2 6296//2 6372//2 6374//2
f 6299//1 6375//1 6373//1 6297//1
f 6300//2 6298//2 6374//2 6376//2
f 6377//1 6378//1 6379//1 6380//1
f 6377//3 6301//3 6381//3 6378//3
f 6380//4 6379//4 6375//4 6299//4
f 6377//5 6380//5 6299//5 6301//5
f 6378//6 6381//6 6375//6 6379//6
f 6382//2 6383//2 6384//2 6385//2
f 6302//3 6382//3 6385//3 6386//3
f 6300//4 6376//4 6384//4 6383//4
f 6302//5 6300//5 6383//5 6382//5
f 6386//6 6385//6 6384//6 6376//6
f 6303//1 6387//1 6381//1 6301//1
f 6304//2 6302//2 6386//2 6388//2
f 6305//1 6389//1 6387//1 6303//1
f 6306//2 6304//2 6388//2 6390//2
f 6307//1 6391//1 6389//1 6305//1
f 6307//3 6308//3 6392//3 6391//3
f 6309//2 6306//2 6390//2 6393//2
f 6310//3 6309//3 6393//3 6394//3
f 6311//1 6395//1 6392//1 6308//1
f 6312//2 6310//2 6394//2 6396//2
f 6421//1 6422//1 6415//1 6331//1
f 6423//2 6332//2 6417//2 6424//2
f 6421//3 6423//3 6424//3 6422//3
f 6421//5 6331//5 6332//5 6423//5
f 6422//6 6424//6 6417//6 6415//6
f 6343//1 6425//1 6426//1 6344//1
f 6344//4 6426//4 6427//4 6345//4
f 6345//4 6427//4 6428//4 6346//4
f 6346//4 6428//4 6429//4 6347//4
f 6347//4 6429//4 6430//4 6337//4
f 6337//4 6430//4 6431//4 6342//4
f 6342//4 6431//4 6432//4 6348//4
f 6348//4 6432//4 6433//4 6349//4
f 6349//4 6433//4 6434//4 6350//4
f 6352//2 6351//2 6435//2 6436//2
f 6350//4 6434//4 6435//4 6351//4
f 6353//1 6437//1 6438//1 6354//1
f 6354//4 6438//4 6439//4 6355//4
f 6437//6 6440//6 6439//6 6438//6
f 6355//4 6439//4 6425//4 6343//4
f 6352//4 6436//4 6441//4 6356//4
f 6358//2 6357//2 6442//2 6443//2
f 6356//4 6441//4 6442//4 6357//4
f 6444//6 6443//6 6442//6 6441//6
f 6359//1 6445//1 6446//1 6360//1
f 6360//4 6446//4 6437//4 6353//4
f 6362//2 6361//2 6447//2 6448//2
f 6358//4 6443//4 6447//4 6361//4
f 6363//1 6449//1 6450//1 6364//1
f 6364//4 6450//4 6445//4 6359//4
f 6366//2 6365//2 6451//2 6452//2
f 6362//4 6448//4 6451//4 6365//4
f 6367//1 6453//1 6449//1 6363//1
f 6368//2 6366//2 6452//2 6454//2
f 6369//1 6455//1 6456//1 6370//1
f 6370//4 6456//4 6453//4 6367//4
f 6372//2 6371//2 6457//2 6458//2
f 6368//4 6454//4 6457//4 6371//4
f 6373//1 6459//1 6455//1 6369//1
f 6374//2 6372//2 6458//2 6460//2
f 6375//1 6461//1 6459//1 6373//1
f 6376//2 6374//2 6460//2 6462//2
f 6381//1 6463//1 6461//1 6375//1
f 6386//2 6376//2 6462//2 6464//2
f 6387//1 6465//1 6463//1 6381//1
f 6388//2 6386//2 6464//2 6466//2
f 6389//1 6467//1 6465//1 6387//1
f 6390//2 6388//2 6466//2 6468//2
f 6391//1 6469//1 6467//1 6389//1
f 6391//3 6392//3 6470//3 6469//3
f 6393//2 6390//2 6468//2 6471//2
f 6394//3 6393//3 6471//3 6472//3
f 6395//1 6473//1 6470//1 6392//1
f 6396//2 6394//2 6472//2 6474//2
f 6397//1 6475//1 6473//1 6395//1
f 6397//3 6398//3 6476//3 6475//3
f 6399//2 6396//2 6474//2 6477//2
f 6400//3 6399//3 6477//3 6478//3
f 6401//1 6479//1 6476//1 6398//1
f 6401//3 6402//3 6480//3 6479//3
f 6403//2 6400//2 6478//2 6481//2
f 6404//3 6403//3 6481//3 6482//3
f 6405//1 6483//1 6480//1 6402//1
f 6405//3 6406//3 6484//3 6483//3
f 6483//6 6484//6 6485//6 6480//6
f 6406//3 6407//3 6486//3 6484//3
f 6409//3 6408//3 6487//3 6488//3
f 6410//2 6404//2 6482//2 6489//2
f 6408//3 6410//3 6489//3 6487//3
f 6487//6 6489//6 6482//6 6490//6
f 6411//1 6491//1 6486//1 6407//1
f 6411//3 6412//3 6492//3 6491//3
f 6412//3 6413//3 6493//3 6492//3
f 6413//3 6414//3 6494//3 6493//3
f 6414//3 6415//3 6495//3 6494//3
f 6415//3 6417//3 6496//3 6495//3
f 6417//3 6416//3 6497//3 6496//3
f 6416//3 6418//3 6498//3 6497//3
f 6418//3 6419//3 6499//3 6498//3
f 6420//2 6409//2 6488//2 6500//2
f 6419//3 6420//3 6500//3 6499//3
f 6425//1 6501//1 6502//1 6426//1
f 6426//4 6502//4 6503//4 6427//4
f 6501//6 6504//6 6503//6 6502//6
f 6427//4 6503//4 6505//4 6428//4
f 6428//4 6505//4 6506//4 6429//4
f 6429//4 6506//4 6507//4 6430//4
f 6430//4 6507//4 6508//4 6431//4
f 6431//4 6508//4 6509//4 6432//4
f 6432//4 6509//4 6510//4 6433//4
f 6433//4 6510//4 6511//4 6434//4
f 6436//2 6435//2 6512//2 6513//2
f 6434//4 6511//4 6512//4 6435//4
f 6514//6 6513//6 6512//6 6511//6
f 6440//1 6515//1 6516//1 6439//1
f 6439//4 6516//4 6501//4 6425//4
f 6444//2 6441//2 6517//2 6518//2
f 6436//4 6513//4 6517//4 6441//4
f 6445//1 6519//1 6520//1 6446//1
f 6446//4 6520//4 6521//4 6437//4
f 6519//6 6522//6 6521//6 6520//6
f 6437//4 6521//4 6515//4 6440//4
f 6444//4 6518//4 6523//4 6443//4
f 6448//2 6447//2 6524//2 6525//2
f 6443//4 6523//4 6524//4 6447//4
f 6526//6 6525//6 6524//6 6523//6
f 6449//1 6527//1 6528//1 6450//1
f 6450//4 6528//4 6519//4 6445//4
f 6527//6 6529//6 6519//6 6528//6
f 6452//2 6451//2 6530//2 6531//2
f 6448//4 6525//4 6530//4 6451//4
f 6532//6 6531//6 6530//6 6525//6
f 6453//1 6533//1 6527//1 6449//1
f 6454//2 6452//2 6531//2 6534//2
f 6455//1 6535//1 6536//1 6456//1
f 6456//4 6536//4 6533//4 6453//4
f 6535//6 6537//6 6533//6 6536//6
f 6458//2 6457//2 6538//2 6539//2
f 6454//4 6534//4 6538//4 6457//4
f 6540//6 6539//6 6538//6 6534//6
f 6459//1 6541//1 6535//1 6455//1
f 6460//2 6458//2 6539//2 6542//2
f 6461//1 6543//1 6541//1 6459//1
f 6462//2 6460//2 6542//2 6544//2
f 6463//1 6545//1 6543//1 6461//1
f 6464//2 6462//2 6544//2 6546//2
f 6465//1 6547//1 6545//1 6463//1
f 6466//2 6464//2 6546//2 6548//2
f 6467//1 6549//1 6547//1 6465//1
f 6468//2 6466//2 6548//2 6550//2
f 6469//1 6551//1 6549//1 6467//1
f 6469//3 6470//3 6552//3 6551//3
f 6551//6 6552//6 6553//6 6549//6
f 6471//2 6468//2 6550//2 6554//2
f 6472//3 6471//3 6554//3 6555//3
f 6555//6 6554//6 6550//6 6556//6
f 6473//1 6557//1 6552//1 6470//1
f 6474//2 6472//2 6555//2 6558//2
f 6475//1 6559//1 6557//1 6473//1
f 6475//3 6476//3 6560//3 6559//3
f 6559//6 6560//6 6561//6 6557//6
f 6477//2 6474//2 6558//2 6562//2
f 6478//3 6477//3 6562//3 6563//3
f 6563//6 6562//6 6558//6 6564//6
f 6479//1 6565//1 6560//1 6476//1
f 6479//3 6480//3 6566//3 6565//3
f 6565//6 6566//6 6567//6 6560//6
f 6480//3 6485//3 6568//3 6566//3
f 6490//3 6482//3 6569//3 6570//3
f 6481//2 6478//2 6563//2 6571//2
f 6482//3 6481//3 6571//3 6569//3
f 6569//6 6571//6 6563//6 6572//6
f 6484//1 6573//1 6568//1 6485//1
f 6484//3 6486//3 6574//3 6573//3
f 6487//2 6490//2 6570//2 6575//2
f 6488//3 6487//3 6575//3 6576//3
f 6491//1 6577//1 6574//1 6486//1
f 6491//3 6492//3 6578//3 6577//3
f 6577//6 6578//6 6579//6 6574//6
f 6492//3 6493//3 6580//3 6578//3
f 6493//3 6494//3 6581//3 6580//3
f 6494//3 6495//3 6582//3 6581//3
f 6495//3 6496//3 6583//3 6582//3
f 6496//3 6497//3 6584//3 6583//3
f 6497//3 6498//3 6585//3 6584//3
f 6498//3 6499//3 6586//3 6585//3
f 6500//2 6488//2 6576//2 6587//2
f 6499//3 6500//3 6587//3 6586//3
f 6586//6 6587//6 6576//6 6588//6
f 6504//1 6589//1 6590//1 6503//1
f 6503//4 6590//4 6591//4 6505//4
f 6589//6 6592//6 6591//6 6590//6
f 6505//4 6591//4 6593//4 6506//4
f 6506//4 6593//4 6594//4 6507//4
f 6507//4 6594//4 6595//4 6508//4
f 6508//4 6595//4 6596//4 6509//4
f 6509//4 6596//4 6597//4 6510//4
f 6514//2 6511//2 6598//2 6599//2
f 6510//4 6597//4 6598//4 6511//4
f 6600//6 6599//6 6598//6 6597//6
f 6515//1 6601//1 6602//1 6516//1
f 6516//4 6602//4 6603//4 6501//4
f 6601//6 6604//6 6603//6 6602//6
f 6501//4 6603//4 6589//4 6504//4
f 6514//4 6599//4 6605//4 6513//4
f 6518//2 6517//2 6606//2 6607//2
f 6513//4 6605//4 6606//4 6517//4
f 6608//6 6607//6 6606//6 6605//6
f 6522//1 6609//1 6610//1 6521//1
f 6521//4 6610//4 6601//4 6515//4
f 6526//2 6523//2 6611//2 6612//2
f 6518//4 6607//4 6611//4 6523//4
f 6529//1 6613//1 6614//1 6519//1
f 6519//4 6614//4 6609//4 6522//4
f 6532//2 6525//2 6615//2 6616//2
f 6526//4 6612//4 6615//4 6525//4
f 6533//1 6617//1 6618//1 6527//1
f 6527//4 6618//4 6613//4 6529//4
f 6534//2 6531//2 6619//2 6620//2
f 6532//4 6616//4 6619//4 6531//4
f 6537//1 6621//1 6617//1 6533//1
f 6540//2 6534//2 6620//2 6622//2
f 6541//1 6623//1 6624//1 6535//1
f 6535//4 6624//4 6621//4 6537//4
f 6623//6 6625//6 6621//6 6624//6
f 6542//2 6539//2 6626//2 6627//2
f 6540//4 6622//4 6626//4 6539//4
f 6628//6 6627//6 6626//6 6622//6
f 6543//1 6629//1 6623//1 6541//1
f 6544//2 6542//2 6627//2 6630//2
f 6545//1 6631//1 6629//1 6543//1
f 6546//2 6544//2 6630//2 6632//2
f 6547//1 6633//1 6631//1 6545//1
f 6548//2 6546//2 6632//2 6634//2
f 6549//1 6635//1 6633//1 6547//1
f 6549//3 6553//3 6636//3 6635//3
f 6635//6 6636//6 6637//6 6633//6
f 6550//2 6548//2 6634//2 6638//2
f 6556//3 6550//3 6638//3 6639//3
f 6639//6 6638//6 6634//6 6640//6
f 6552//1 6641//1 6636//1 6553//1
f 6555//2 6556//2 6639//2 6642//2
f 6557//1 6643//1 6641//1 6552//1
f 6557//3 6561//3 6644//3 6643//3
f 6558//2 6555//2 6642//2 6645//2
f 6564//3 6558//3 6645//3 6646//3
f 6592//1 6673//1 6674//1 6591//1
f 6591//4 6674//4 6675//4 6593//4
f 6673//6 6676//6 6675//6 6674//6
f 6593//4 6675//4 6677//4 6594//4
f 6676//6 6678//6 6677//6 6675//6
f 6594//4 6677//4 6679//4 6595//4
f 6678//6 6680//6 6679//6 6677//6
f 6595//4 6679//4 6681//4 6596//4
f 6680//6 6682//6 6681//6 6679//6
f 6600//2 6597//2 6683//2 6684//2
f 6596//4 6681//4 6683//4 6597//4
f 6682//6 6684//6 6683//6 6681//6
f 6604//1 6685//1 6686//1 6603//1
f 6603//4 6686//4 6687//4 6589//4
f 6685//6 6688//6 6687//6 6686//6
f 6589//4 6687//4 6673//4 6592//4
f 6600//4 6684//4 6689//4 6599//4
f 6608//2 6605//2 6690//2 6691//2
f 6599//4 6689//4 6690//4 6605//4
f 6692//6 6691//6 6690//6 6689//6
f 6609//1 6693//1 6694//1 6610//1
f 6610//4 6694//4 6695//4 6601//4
f 6693//6 6696//6 6695//6 6694//6
f 6601//4 6695//4 6685//4 6604//4
f 6608//4 6691//4 6697//4 6607//4
f 6612//2 6611//2 6698//2 6699//2
f 6607//4 6697//4 6698//4 6611//4
f 6700//6 6699//6 6698//6 6697//6
f 6613//1 6701//1 6702//1 6614//1
f 6614//4 6702//4 6693//4 6609//4
f 6701//6 6703//6 6693//6 6702//6
f 6616//2 6615//2 6704//2 6705//2
f 6612//4 6699//4 6704//4 6615//4
f 6706//6 6705//6 6704//6 6699//6
f 6617//1 6707//1 6708//1 6618//1
f 6618//4 6708//4 6701//4 6613//4
f 6707//6 6709//6 6701//6 6708//6
f 6620//2 6619//2 6710//2 6711//2
f 6616//4 6705//4 6710//4 6619//4
f 6712//6 6711//6 6710//6 6705//6
f 6716//6 6717//6 6709//6 6707//6
f 6718//6 6719//6 6711//6 6712//6
f 6625//1 6723//1 6716//1 6621//1
f 6628//2 6622//2 6719//2 6724//2
f 6629//1 6725//1 6726//1 6623//1
f 6623//4 6726//4 6723//4 6625//4
f 6725//6 6727//6 6723//6 6726//6
f 6630//2 6627//2 6728//2 6729//2
f 6628//4 6724//4 6728//4 6627//4
f 6730//6 6729//6 6728//6 6724//6
f 6631//1 6731//1 6725//1 6629//1
f 6731//6 6732//6 6727//6 6725//6
f 6632//2 6630//2 6729//2 6733//2
f 6734//6 6733//6 6729//6 6730//6
f 6633//1 6735//1 6731//1 6631//1
f 6633//3 6637//3 6736//3 6735//3
f 6735//6 6736//6 6732//6 6731//6
f 6634//2 6632//2 6733//2 6737//2
f 6640//3 6634//3 6737//3 6738//3
f 6738//6 6737//6 6733//6 6734//6
f 6636//1 6739//1 6736//1 6637//1
f 6639//2 6640//2 6738//2 6740//2
f 6641//1 6741//1 6739//1 6636//1
f 6741//6 6742//6 6743//6 6739//6
f 6642//2 6639//2 6740//2 6744//2
f 6745//6 6744//6 6740//6 6746//6
f 6643//1 6747//1 6741//1 6641//1
f 6643//3 6644//3 6748//3 6747//3
f 6747//6 6748//6 6742//6 6741//6
f 6645//2 6642//2 6744//2 6749//2
f 6646//3 6645//3 6749//3 6750//3
f 6750//6 6749//6 6744//6 6745//6
f 6647//1 6751//1 6748//1 6644//1
f 6647//3 6648//3 6752//3 6751//3
f 6751//6 6752//6 6753//6 6748//6
f 6649//2 6646//2 6750//2 6754//2
f 6650//3 6649//3 6754//3 6755//3
f 6755//6 6754//6 6750//6 6756//6
f 6651//1 6757//1 6752//1 6648//1
f 6651//3 6652//3 6758//3 6757//3
f 6757//6 6758//6 6759//6 6752//6
f 6652//3 6657//3 6760//3 6758//3
f 6662//3 6654//3 6761//3 6762//3
f 6653//2 6650//2 6755//2 6763//2
f 6654//3 6653//3 6763//3 6761//3
f 6761//6 6763//6 6755//6 6764//6
f 6656//1 6765//1 6760//1 6657//1
f 6656//3 6658//3 6766//3 6765//3
f 6765//6 6766//6 6767//6 6760//6
f 6658//3 6665//3 6768//3 6766//3
f 6672//3 6660//3 6769//3 6770//3
f 6659//2 6662//2 6762//2 6771//2
f 6660//3 6659//3 6771//3 6769//3
f 6769//6 6771//6 6762//6 6772//6
f 6664//1 6773//1 6768//1 6665//1
f 6664//3 6666//3 6774//3 6773//3
f 6773//6 6774//6 6775//6 6768//6
f 6666//3 6667//3 6776//3 6774//3
f 6774//6 6776//6 6777//6 6775//6
f 6667//3 6668//3 6778//3 6776//3
f 6776//6 6778//6 6779//6 6777//6
f 6668//3 6669//3 6780//3 6778//3
f 6778//6 6780//6 6781//6 6779//6
f 6670//2 6672//2 6770//2 6782//2
f 6669//3 6670//3 6782//3 6780//3
f 6780//6 6782//6 6770//6 6781//6
f 6688//1 6783//1 6784//1 6687//1
f 6687//4 6784//4 6785//4 6673//4
f 6783//6 6786//6 6785//6 6784//6
f 6673//4 6785//4 6787//4 6676//4
f 6786//6 6788//6 6787//6 6785//6
f 6676//4 6787//4 6789//4 6678//4
f 6678//4 6789//4 6790//4 6680//4
f 6680//4 6790//4 6791//4 6682//4
f 6682//4 6791//4 6792//4 6684//4
f 6793//6 6794//6 6792//6 6791//6
f 6692//2 6689//2 6795//2 6796//2
f 6684//4 6792//4 6795//4 6689//4
f 6794//6 6796//6 6795//6 6792//6
f 6696//1 6797//1 6798//1 6695//1
f 6695//4 6798//4 6799//4 6685//4
f 6797//6 6800//6 6799//6 6798//6
f 6685//4 6799//4 6783//4 6688//4
f 6692//4 6796//4 6801//4 6691//4
f 6700//2 6697//2 6802//2 6803//2
f 6691//4 6801//4 6802//4 6697//4
f 6804//6 6803//6 6802//6 6801//6
f 6703//1 6805//1 6806//1 6693//1
f 6693//4 6806//4 6797//4 6696//4
f 6805//6 6807//6 6797//6 6806//6
f 6706//2 6699//2 6808//2 6809//2
f 6700//4 6803//4 6808//4 6699//4
f 6810//6 6809//6 6808//6 6803//6
f 6709//1 6811//1 6812//1 6701//1
f 6701//4 6812//4 6805//4 6703//4
f 6811//6 6813//6 6805//6 6812//6
f 6712//2 6705//2 6814//2 6815//2
f 6706//4 6809//4 6814//4 6705//4
f 6816//6 6815//6 6814//6 6809//6
f 6717//1 6817//1 6811//1 6709//1
f 6718//2 6712//2 6815//2 6818//2
f 6723//1 6819//1 6820//1 6716//1
f 6716//4 6820//4 6817//4 6717//4
f 6819//6 6821//6 6817//6 6820//6
f 6724//2 6719//2 6822//2 6823//2
f 6718//4 6818//4 6822//4 6719//4
f 6824//6 6823//6 6822//6 6818//6
f 6727//1 6825//1 6819//1 6723//1
f 6825//6 6826//6 6821//6 6819//6
f 6730//2 6724//2 6823//2 6827//2
f 6828//6 6827//6 6823//6 6824//6
f 6732//1 6829//1 6825//1 6727//1
f 6734//2 6730//2 6827//2 6830//2
f 6736//1 6831//1 6829//1 6732//1
f 6831//6 6832//6 6833//6 6829//6
f 6738//2 6734//2 6830//2 6834//2
f 6835//6 6834//6 6830//6 6836//6
f 6739//1 6837//1 6831//1 6736//1
f 6739//3 6743//3 6838//3 6837//3
f 6837//6 6838//6 6832//6 6831//6
f 6740//2 6738//2 6834//2 6839//2
f 6746//3 6740//3 6839//3 6840//3
f 6840//6 6839//6 6834//6 6835//6
f 6742//1 6841//1 6838//1 6743//1
f 6745//2 6746//2 6840//2 6842//2
f 6748//1 6843//1 6841//1 6742//1
f 6748//3 6753//3 6844//3 6843//3
f 6843//6 6844//6 6845//6 6841//6
f 6750//2 6745//2 6842//2 6846//2
f 6756//3 6750//3 6846//3 6847//3
f 6847//6 6846//6 6842//6 6848//6
f 6752//1 6849//1 6844//1 6753//1
f 6752//3 6759//3 6850//3 6849//3
f 6849//6 6850//6 6851//6 6844//6
f 6755//2 6756//2 6847//2 6852//2
f 6764//3 6755//3 6852//3 6853//3
f 6853//6 6852//6 6847//6 6854//6
f 6758//1 6855//1 6850//1 6759//1
f 6758//3 6760//3 6856//3 6855//3
f 6855//6 6856//6 6857//6 6850//6
f 6760//3 6767//3 6858//3 6856//3
f 6772//3 6762//3 6859//3 6860//3
f 6761//2 6764//2 6853//2 6861//2
f 6762//3 6761//3 6861//3 6859//3
f 6859//6 6861//6 6853//6 6862//6
f 6766//1 6863//1 6858//1 6767//1
f 6766//3 6768//3 6864//3 6863//3
f 6863//6 6864//6 6865//6 6858//6
f 6768//3 6775//3 6866//3 6864//3
f 6864//6 6866//6 6867//6 6865//6
f 6775//3 6777//3 6868//3 6866//3
f 6777//3 6779//3 6869//3 6868//3
f 6779//3 6781//3 6870//3 6869//3
f 6781//3 6770//3 6871//3 6870//3
f 6870//6 6871//6 6872//6 6873//6
f 6769//2 6772//2 6860//2 6874//2
f 6770//3 6769//3 6874//3 6871//3
f 6871//6 6874//6 6860//6 6872//6
f 6788//1 6875//1 6876//1 6787//1
f 6787//4 6876//4 6877//4 6789//4
f 6875//6 6878//6 6877//6 6876//6
f 6789//4 6877//4 6879//4 6790//4
f 6878//6 6880//6 6879//6 6877//6
f 6793//2 6791//2 6881//2 6882//2
f 6790//4 6879//4 6881//4 6791//4
f 6880//6 6882//6 6881//6 6879//6
f 6800//1 6883//1 6884//1 6799//1
f 6799//4 6884//4 6885//4 6783//4
f 6883//6 6886//6 6885//6 6884//6
f 6783//4 6885//4 6887//4 6786//4
f 6886//6 6888//6 6887//6 6885//6
f 6786//4 6887//4 6875//4 6788//4
f 6793//4 6882//4 6889//4 6794//4
f 6794//4 6889//4 6890//4 6796//4
f 6891//6 6892//6 6890//6 6889//6
f 6804//2 6801//2 6893//2 6894//2
f 6796//4 6890//4 6893//4 6801//4
f 6892//6 6894//6 6893//6 6890//6
f 6807//1 6895//1 6896//1 6797//1
f 6797//4 6896//4 6883//4 6800//4
f 6895//6 6897//6 6883//6 6896//6
f 6810//2 6803//2 6898//2 6899//2
f 6804//4 6894//4 6898//4 6803//4
f 6900//6 6899//6 6898//6 6894//6
f 6813//1 6901//1 6902//1 6805//1
f 6805//4 6902//4 6895//4 6807//4
f 6901//6 6903//6 6895//6 6902//6
f 6816//2 6809//2 6904//2 6905//2
f 6810//4 6899//4 6904//4 6809//4
f 6906//6 6905//6 6904//6 6899//6
f 6817//1 6907//1 6908//1 6811//1
f 6811//4 6908//4 6901//4 6813//4
f 6907//6 6909//6 6901//6 6908//6
f 6818//2 6815//2 6910//2 6911//2
f 6816//4 6905//4 6910//4 6815//4
f 6912//6 6911//6 6910//6 6905//6
f 6821//1 6913//1 6907//1 6817//1
f 6913//6 6914//6 6909//6 6907//6
f 6824//2 6818//2 6911//2 6915//2
f 6916//6 6915//6 6911//6 6912//6
f 6826//1 6917//1 6913//1 6821//1
f 6828//2 6824//2 6915//2 6918//2
f 6829//1 6919//1 6920//1 6825//1
f 6829//3 6833//3 6921//3 6919//3
f 6825//4 6920//4 6917//4 6826//4
f 6919//6 6921//6 6917//6 6920//6
f 6830//2 6827//2 6922//2 6923//2
f 6836//3 6830//3 6923//3 6924//3
f 6828//4 6918//4 6922//4 6827//4
f 6924//6 6923//6 6922//6 6918//6
f 6832//1 6925//1 6921//1 6833//1
f 6835//2 6836//2 6924//2 6926//2
f 6838//1 6927//1 6925//1 6832//1
f 6927//6 6928//6 6929//6 6925//6
f 6840//2 6835//2 6926//2 6930//2
f 6931//6 6930//6 6926//6 6932//6
f 6841//1 6933//1 6927//1 6838//1
f 6841//3 6845//3 6934//3 6933//3
f 6933//6 6934//6 6928//6 6927//6
f 6842//2 6840//2 6930//2 6935//2
f 6848//3 6842//3 6935//3 6936//3
f 6936//6 6935//6 6930//6 6931//6
f 6844//1 6937//1 6934//1 6845//1
f 6844//3 6851//3 6938//3 6937//3
f 6937//6 6938//6 6939//6 6934//6
f 6847//2 6848//2 6936//2 6940//2
f 6854//3 6847//3 6940//3 6941//3
f 6941//6 6940//6 6936//6 6942//6
f 6850//1 6943//1 6938//1 6851//1
f 6850//3 6857//3 6944//3 6943//3
f 6943//6 6944//6 6945//6 6938//6
f 6853//2 6854//2 6941//2 6946//2
f 6862//3 6853//3 6946//3 6947//3
f 6947//6 6946//6 6941//6 6948//6
f 6856//1 6949//1 6944//1 6857//1
f 6856//3 6858//3 6950//3 6949//3
f 6949//6 6950//6 6951//6 6944//6
f 6858//3 6865//3 6952//3 6950//3
f 6950//6 6952//6 6953//6 6951//6
f 6865//3 6867//3 6954//3 6952//3
f 6873//3 6872//3 6955//3 6956//3
f 6872//3 6860//3 6957//3 6955//3
f 6955//6 6957//6 6958//6 6959//6
f 6859//2 6862//2 6947//2 6960//2
f 6860//3 6859//3 6960//3 6957//3
f 6957//6 6960//6 6947//6 6958//6
f 6866//1 6961//1 6954//1 6867//1
f 6866//3 6868//3 6962//3 6961//3
f 6961//6 6962//6 6963//6 6954//6
f 6868//3 6869//3 6964//3 6962//3
f 6962//6 6964//6 6965//6 6963//6
f 6870//2 6873//2 6956//2 6966//2
f 6869//3 6870//3 6966//3 6964//3
f 6964//6 6966//6 6956//6 6965//6
f 6888//1 7179//1 7180//1 6887//1
f 6887//4 7180//4 7181//4 6875//4
f 7179//6 7182//6 7181//6 7180//6
f 6875//4 7181//4 7183//4 6878//4
f 7182//6 7184//6 7183//6 7181//6
f 6878//4 7183//4 7185//4 6880//4
f 7184//6 7186//6 7185//6 7183//6
f 6880//4 7185//4 7187//4 6882//4
f 7186//6 7188//6 7187//6 7185//6
f 6891//2 6889//2 7189//2 7190//2
f 6882//4 7187//4 7189//4 6889//4
f 7188//6 7190//6 7189//6 7187//6
f 6897//1 7191//1 7192//1 6883//1
f 6883//4 7192//4 7193//4 6886//4
f 7191//6 7194//6 7193//6 7192//6
f 6886//4 7193//4 7179//4 6888//4
f 7194//6 7195//6 7179//6 7193//6
f 6891//4 7190//4 7196//4 6892//4
f 7197//6 7198//6 7196//6 7190//6
f 6900//2 6894//2 7199//2 7200//2
f 6892//4 7196//4 7199//4 6894//4
f 7198//6 7200//6 7199//6 7196//6
f 6903//1 7201//1 7202//1 6895//1
f 6895//4 7202//4 7191//4 6897//4
f 7201//6 7203//6 7191//6 7202//6
f 6906//2 6899//2 7204//2 7205//2
f 6900//4 7200//4 7204//4 6899//4
f 7206//6 7205//6 7204//6 7200//6
f 6909//1 7207//1 7208//1 6901//1
f 6901//4 7208//4 7201//4 6903//4
f 7207//6 7209//6 7201//6 7208//6
f 7209//6 7210//6 7203//6 7201//6
f 7211//6 7212//6 7205//6 7206//6
f 6912//2 6905//2 7213//2 7214//2
f 6906//4 7205//4 7213//4 6905//4
f 7212//6 7214//6 7213//6 7205//6
f 6914//1 7215//1 7207//1 6909//1
f 7215//6 7216//6 7209//6 7207//6
f 6916//2 6912//2 7214//2 7217//2
f 7218//6 7217//6 7214//6 7212//6
f 6917//1 7219//1 7220//1 6913//1
f 6913//4 7220//4 7215//4 6914//4
f 7219//6 7221//6 7215//6 7220//6
f 7221//6 7222//6 7216//6 7215//6
f 7223//6 7224//6 7217//6 7218//6
f 6918//2 6915//2 7225//2 7226//2
f 6916//4 7217//4 7225//4 6915//4
f 7224//6 7226//6 7225//6 7217//6
f 6921//1 7227//1 7219//1 6917//1
f 7227//6 7228//6 7221//6 7219//6
f 6924//2 6918//2 7226//2 7229//2
f 7230//6 7229//6 7226//6 7224//6
f 6925//1 7231//1 7227//1 6921//1
f 6925//3 6929//3 7232//3 7231//3
f 7231//6 7232//6 7228//6 7227//6
f 7232//6 7233//6 7234//6 7228//6
f 7235//6 7236//6 7230//6 7237//6
f 6926//2 6924//2 7229//2 7238//2
f 6932//3 6926//3 7238//3 7236//3
f 7236//6 7238//6 7229//6 7230//6
f 6928//1 7239//1 7232//1 6929//1
f 7239//6 7240//6 7233//6 7232//6
f 6931//2 6932//2 7236//2 7241//2
f 7242//6 7241//6 7236//6 7235//6
f 6934//1 7243//1 7239//1 6928//1
f 6934//3 6939//3 7244//3 7243//3
f 7243//6 7244//6 7240//6 7239//6
f 7244//6 7245//6 7246//6 7240//6
f 7247//6 7248//6 7242//6 7249//6
f 6936//2 6931//2 7241//2 7250//2
f 6942//3 6936//3 7250//3 7248//3
f 7248//6 7250//6 7241//6 7242//6
f 6938//1 7251//1 7244//1 6939//1
f 6938//3 6945//3 7252//3 7251//3
f 7251//6 7252//6 7245//6 7244//6
f 6941//2 6942//2 7248//2 7253//2
f 6948//3 6941//3 7253//3 7254//3
f 7254//6 7253//6 7248//6 7247//6
f 6944//1 7255//1 7252//1 6945//1
f 6944//3 6951//3 7256//3 7255//3
f 7255//6 7256//6 7257//6 7252//6
f 6951//3 6953//3 7258//3 7256//3
f 7256//6 7258//6 7259//6 7257//6
f 6959//3 6958//3 7260//3 7261//3
f 7261//6 7260//6 7262//6 7263//6
f 6947//2 6948//2 7254//2 7264//2
f 6958//3 6947//3 7264//3 7260//3
f 7260//6 7264//6 7254//6 7262//6
f 6952//1 7265//1 7258//1 6953//1
f 6952//3 6954//3 7266//3 7265//3
f 7265//6 7266//6 7267//6 7258//6
f 6954//3 6963//3 7268//3 7266//3
f 7266//6 7268//6 7269//6 7267//6
f 6963//3 6965//3 7270//3 7268//3
f 7268//6 7270//6 7271//6 7269//6
f 6965//3 6956//3 7272//3 7270//3
f 7270//6 7272//6 7273//6 7271//6
f 6955//2 6959//2 7261//2 7274//2
f 6956//3 6955//3 7274//3 7272//3
f 7272//6 7274//6 7261//6 7273//6
f 7195//1 7275//1 7276//1 7179//1
f 7179//4 7276//4 7277//4 7182//4
f 7275//6 7278//6 7277//6 7276//6
f 7182//4 7277//4 7279//4 7184//4
f 7278//6 7280//6 7279//6 7277//6
f 7184//4 7279//4 7281//4 7186//4
f 7280//6 7282//6 7281//6 7279//6
f 7186//4 7281//4 7283//4 7188//4
f 7282//6 7284//6 7283//6 7281//6
f 7197//2 7190//2 7285//2 7286//2
f 7188//4 7283//4 7285//4 7190//4
f 7284//6 7286//6 7285//6 7283//6
f 7203//1 7287//1 7288//1 7191//1
f 7191//4 7288//4 7289//4 7194//4
f 7287//6 7290//6 7289//6 7288//6
f 7194//4 7289//4 7275//4 7195//4
f 7290//6 7291//6 7275//6 7289//6
f 7291//6 7292//6 7278//6 7275//6
f 7292//6 7293//6 7280//6 7278//6
f 7293//6 7294//6 7282//6 7280//6
f 7294//6 7295//6 7284//6 7282//6
f 7295//6 7296//6 7286//6 7284//6
f 7197//4 7286//4 7297//4 7198//4
f 7296//6 7298//6 7297//6 7286//6
f 7206//2 7200//2 7299//2 7300//2
f 7198//4 7297//4 7299//4 7200//4
f 7298//6 7300//6 7299//6 7297//6
f 7210//1 7301//1 7287//1 7203//1
f 7301//6 7302//6 7290//6 7287//6
f 7302//6 7303//6 7291//6 7290//6
f 7304//6 7305//6 7298//6 7296//6
f 7211//2 7206//2 7300//2 7306//2
f 7305//6 7306//6 7300//6 7298//6
f 7216//1 7307//1 7308//1 7209//1
f 7209//4 7308//4 7301//4 7210//4
f 7307//6 7309//6 7301//6 7308//6
f 7309//6 7310//6 7302//6 7301//6
f 7311//6 7312//6 7306//6 7305//6
f 7218//2 7212//2 7313//2 7314//2
f 7211//4 7306//4 7313//4 7212//4
f 7312//6 7314//6 7313//6 7306//6
f 7222//1 7315//1 7307//1 7216//1
f 7315//6 7316//6 7309//6 7307//6
f 7223//2 7218//2 7314//2 7317//2
f 7318//6 7317//6 7314//6 7312//6
f 7228//1 7319//1 7320//1 7221//1
f 7228//3 7234//3 7321//3 7319//3
f 7221//4 7320//4 7315//4 7222//4
f 7319//6 7321//6 7315//6 7320//6
f 7321//6 7322//6 7316//6 7315//6
f 7323//6 7324//6 7317//6 7318//6
f 7230//2 7224//2 7325//2 7326//2
f 7237//3 7230//3 7326//3 7324//3
f 7223//4 7317//4 7325//4 7224//4
f 7324//6 7326//6 7325//6 7317//6
f 7233//1 7327//1 7321//1 7234//1
f 7327//6 7328//6 7322//6 7321//6
f 7235//2 7237//2 7324//2 7329//2
f 7330//6 7329//6 7324//6 7323//6
f 7240//1 7331//1 7327//1 7233//1
f 7240//3 7246//3 7332//3 7331//3
f 7331//6 7332//6 7328//6 7327//6
f 7332//6 7333//6 7334//6 7328//6
f 7335//6 7336//6 7330//6 7337//6
f 7242//2 7235//2 7329//2 7338//2
f 7249//3 7242//3 7338//3 7336//3
f 7336//6 7338//6 7329//6 7330//6
f 7245//1 7339//1 7332//1 7246//1
f 7339//6 7340//6 7333//6 7332//6
f 7340//6 7341//6 7342//6 7333//6
f 7343//6 7344//6 7335//6 7345//6
f 7247//2 7249//2 7336//2 7346//2
f 7344//6 7346//6 7336//6 7335//6
f 7252//1 7347//1 7339//1 7245//1
f 7252//3 7257//3 7348//3 7347//3
f 7347//6 7348//6 7340//6 7339//6
f 7257//3 7259//3 7349//3 7348//3
f 7348//6 7349//6 7341//6 7340//6
f 7349//6 7350//6 7351//6 7341//6
f 7350//6 7352//6 7353//6 7351//6
f 7352//6 7354//6 7355//6 7353//6
f 7354//6 7356//6 7357//6 7355//6
f 7356//6 7358//6 7343//6 7357//6
f 7263//3 7262//3 7359//3 7358//3
f 7358//6 7359//6 7344//6 7343//6
f 7254//2 7247//2 7346//2 7360//2
f 7262//3 7254//3 7360//3 7359//3
f 7359//6 7360//6 7346//6 7344//6
f 7258//1 7361//1 7349//1 7259//1
f 7258//3 7267//3 7362//3 7361//3
f 7361//6 7362//6 7350//6 7349//6
f 7267//3 7269//3 7363//3 7362//3
f 7362//6 7363//6 7352//6 7350//6
f 7269//3 7271//3 7364//3 7363//3
f 7363//6 7364//6 7354//6 7352//6
f 7271//3 7273//3 7365//3 7364//3
f 7364//6 7365//6 7356//6 7354//6
f 7261//2 7263//2 7358//2 7366//2
f 7273//3 7261//3 7366//3 7365//3
f 7365//6 7366//6 7358//6 7356//6
f 7303//1 7367//1 7368//1 7291//1
f 7291//4 7368//4 7369//4 7292//4
f 7367//6 7370//6 7369//6 7368//6
f 7292//4 7369//4 7371//4 7293//4
f 7370//6 7372//6 7371//6 7369//6
f 7293//4 7371//4 7373//4 7294//4
f 7372//6 7374//6 7373//6 7371//6
f 7294//4 7373//4 7375//4 7295//4
f 7374//6 7376//6 7375//6 7373//6
f 7304//2 7296//2 7377//2 7378//2
f 7295//4 7375//4 7377//4 7296//4
f 7376//6 7378//6 7377//6 7375//6
f 7310//1 7379//1 7380//1 7302//1
f 7302//4 7380//4 7367//4 7303//4
f 7379//6 7381//6 7367//6 7380//6
f 7381//6 7382//6 7370//6 7367//6
f 7382//6 7383//6 7372//6 7370//6
f 7383//6 7384//6 7374//6 7372//6
f 7384//6 7385//6 7376//6 7374//6
f 7385//6 7386//6 7378//6 7376//6
f 7311//2 7305//2 7387//2 7388//2
f 7304//4 7378//4 7387//4 7305//4
f 7386//6 7388//6 7387//6 7378//6
f 7316//1 7389//1 7390//1 7309//1
f 7309//4 7390//4 7379//4 7310//4
f 7389//6 7391//6 7379//6 7390//6
f 7391//6 7392//6 7381//6 7379//6
f 7392//6 7393//6 7382//6 7381//6
f 7393//6 7394//6 7383//6 7382//6
f 7394//6 7395//6 7384//6 7383//6
f 7395//6 7396//6 7385//6 7384//6
f 7396//6 7397//6 7386//6 7385//6
f 7397//6 7398//6 7388//6 7386//6
f 7318//2 7312//2 7399//2 7400//2
f 7311//4 7388//4 7399//4 7312//4
f 7398//6 7400//6 7399//6 7388//6
f 7322//1 7401//1 7389//1 7316//1
f 7401//6 7402//6 7391//6 7389//6
f 7402//6 7403//6 7392//6 7391//6
f 7403//6 7404//6 7393//6 7392//6
f 7404//6 7405//6 7394//6 7393//6
f 7406//6 7407//6 7396//6 7395//6
f 7407//6 7408//6 7397//6 7396//6
f 7408//6 7409//6 7398//6 7397//6
f 7323//2 7318//2 7400//2 7410//2
f 7409//6 7410//6 7400//6 7398//6
f 7328//1 7411//1 7401//1 7322//1
f 7328//3 7334//3 7412//3 7411//3
f 7411//6 7412//6 7402//6 7401//6
f 7412//6 7413//6 7403//6 7402//6
f 7413//6 7414//6 7404//6 7403//6
f 7414//6 7415//6 7405//6 7404//6
f 7415//6 7416//6 7406//6 7405//6
f 7416//6 7417//6 7407//6 7406//6
f 7417//6 7418//6 7408//6 7407//6
f 7418//6 7419//6 7409//6 7408//6
f 7330//2 7323//2 7410//2 7420//2
f 7337//3 7330//3 7420//3 7419//3
f 7419//6 7420//6 7410//6 7409//6
f 7333//1 7421//1 7412//1 7334//1
f 7333//3 7342//3 7422//3 7421//3
f 7421//6 7422//6 7413//6 7412//6
f 7422//6 7423//6 7414//6 7413//6
f 7423//6 7424//6 7415//6 7414//6
f 7424//6 7425//6 7416//6 7415//6
f 7425//6 7426//6 7417//6 7416//6
f 7426//6 7427//6 7418//6 7417//6
f 7335//2 7337//2 7419//2 7428//2
f 7345//3 7335//3 7428//3 7427//3
f 7427//6 7428//6 7419//6 7418//6
f 7341//1 7429//1 7422//1 7342//1
f 7341//3 7351//3 7430//3 7429//3
f 7429//6 7430//6 7423//6 7422//6
f 7351//3 7353//3 7431//3 7430//3
f 7430//6 7431//6 7424//6 7423//6
f 7353//3 7355//3 7432//3 7431//3
f 7431//6 7432//6 7425//6 7424//6
f 7355//3 7357//3 7433//3 7432//3
f 7432//6 7433//6 7426//6 7425//6
f 7343//2 7345//2 7427//2 7434//2
f 7357//3 7343//3 7434//3 7433//3
f 7433//6 7434//6 7427//6 7426//6
f 7405//1 7435//1 7436//1 7394//1
f 7406//2 7395//2 7437//2 7438//2
f 7405//3 7406//3 7438//3 7435//3
f 7394//4 7436//4 7437//4 7395//4
f 7435//6 7438//6 7437//6 7436//6
