# Rook occupied-cell surface mesh
# Moonlit harbor
# One cell is one unit. Y points up; Z follows the 3md slice index.
o sculpture
v -27 -22 -27
v -27 -22 -26
v -27 -21 -26
v -27 -21 -27
v -26 -21 -26
v -26 -21 -27
v -26 -22 -27
v -25 -21 -26
v -25 -21 -27
v -25 -22 -27
v -24 -21 -26
v -24 -21 -27
v -24 -22 -27
v -23 -21 -26
v -23 -21 -27
v -23 -22 -27
v -22 -21 -26
v -22 -21 -27
v -22 -22 -27
v -21 -21 -26
v -21 -21 -27
v -21 -22 -27
v -20 -21 -26
v -20 -21 -27
v -20 -22 -27
v -19 -21 -26
v -19 -21 -27
v -19 -22 -27
v -18 -21 -26
v -18 -21 -27
v -18 -22 -27
v -17 -21 -26
v -17 -21 -27
v -17 -22 -27
v -16 -21 -26
v -16 -21 -27
v -16 -22 -27
v -15 -21 -26
v -15 -21 -27
v -15 -22 -27
v -14 -21 -26
v -14 -21 -27
v -14 -22 -27
v -13 -21 -26
v -13 -21 -27
v -13 -22 -27
v -12 -21 -26
v -12 -21 -27
v -12 -22 -27
v -11 -21 -26
v -11 -21 -27
v -11 -22 -27
v -10 -21 -26
v -10 -21 -27
v -10 -22 -27
v -9 -21 -26
v -9 -21 -27
v -9 -22 -27
v -8 -21 -26
v -8 -21 -27
v -8 -22 -27
v -7 -21 -26
v -7 -21 -27
v -7 -22 -27
v -6 -21 -26
v -6 -21 -27
v -6 -22 -27
v -5 -21 -26
v -5 -21 -27
v -5 -22 -27
v -4 -21 -26
v -4 -21 -27
v -4 -22 -27
v -3 -21 -26
v -3 -21 -27
v -3 -22 -27
v -2 -21 -26
v -2 -21 -27
v -2 -22 -27
v -1 -21 -26
v -1 -21 -27
v -1 -22 -27
v 0 -21 -26
v 0 -21 -27
v 0 -22 -27
v 1 -21 -26
v 1 -21 -27
v 1 -22 -27
v 2 -21 -26
v 2 -21 -27
v 2 -22 -27
v 3 -21 -26
v 3 -21 -27
v 3 -22 -27
v 4 -21 -26
v 4 -21 -27
v 4 -22 -27
v 5 -21 -26
v 5 -21 -27
v 5 -22 -27
v 6 -21 -26
v 6 -21 -27
v 6 -22 -27
v 7 -21 -26
v 7 -21 -27
v 7 -22 -27
v 8 -21 -26
v 8 -21 -27
v 8 -22 -27
v 9 -21 -26
v 9 -21 -27
v 9 -22 -27
v 10 -21 -26
v 10 -21 -27
v 10 -22 -27
v 11 -21 -26
v 11 -21 -27
v 11 -22 -27
v 12 -21 -26
v 12 -21 -27
v 12 -22 -27
v 13 -21 -26
v 13 -21 -27
v 13 -22 -27
v 14 -21 -26
v 14 -21 -27
v 14 -22 -27
v 15 -21 -26
v 15 -21 -27
v 15 -22 -27
v 16 -21 -26
v 16 -21 -27
v 16 -22 -27
v 17 -21 -26
v 17 -21 -27
v 17 -22 -27
v 18 -21 -26
v 18 -21 -27
v 18 -22 -27
v 19 -21 -26
v 19 -21 -27
v 19 -22 -27
v 20 -21 -26
v 20 -21 -27
v 20 -22 -27
v 21 -21 -26
v 21 -21 -27
v 21 -22 -27
v 22 -21 -26
v 22 -21 -27
v 22 -22 -27
v 23 -21 -26
v 23 -21 -27
v 23 -22 -27
v 24 -21 -26
v 24 -21 -27
v 24 -22 -27
v 25 -21 -26
v 25 -21 -27
v 25 -22 -27
v 26 -21 -26
v 26 -21 -27
v 26 -22 -27
v 27 -22 -27
v 27 -21 -27
v 27 -21 -26
v 27 -22 -26
v -27 -23 -27
v -27 -23 -26
v -26 -23 -27
v -26 -23 -26
v -25 -23 -27
v -25 -23 -26
v -24 -23 -27
v -24 -23 -26
v -23 -23 -27
v -23 -23 -26
v -22 -23 -27
v -22 -23 -26
v -21 -23 -27
v -21 -23 -26
v -20 -23 -27
v -20 -23 -26
v -19 -23 -27
v -19 -23 -26
v -18 -23 -27
v -18 -23 -26
v -17 -23 -27
v -17 -23 -26
v -16 -23 -27
v -16 -23 -26
v -15 -23 -27
v -15 -23 -26
v -14 -23 -27
v -14 -23 -26
v -13 -23 -27
v -13 -23 -26
v -12 -23 -27
v -12 -23 -26
v -11 -23 -27
v -11 -23 -26
v -10 -23 -27
v -10 -23 -26
v -9 -23 -27
v -9 -23 -26
v -8 -23 -27
v -8 -23 -26
v -7 -23 -27
v -7 -23 -26
v -6 -23 -27
v -6 -23 -26
v -5 -23 -27
v -5 -23 -26
v -4 -23 -27
v -4 -23 -26
v -3 -23 -27
v -3 -23 -26
v -2 -23 -27
v -2 -23 -26
v -1 -23 -27
v -1 -23 -26
v 0 -23 -27
v 0 -23 -26
v 1 -23 -27
v 1 -23 -26
v 2 -23 -27
v 2 -23 -26
v 3 -23 -27
v 3 -23 -26
v 4 -23 -27
v 4 -23 -26
v 5 -23 -27
v 5 -23 -26
v 6 -23 -27
v 6 -23 -26
v 7 -23 -27
v 7 -23 -26
v 8 -23 -27
v 8 -23 -26
v 9 -23 -27
v 9 -23 -26
v 10 -23 -27
v 10 -23 -26
v 11 -23 -27
v 11 -23 -26
v 12 -23 -27
v 12 -23 -26
v 13 -23 -27
v 13 -23 -26
v 14 -23 -27
v 14 -23 -26
v 15 -23 -27
v 15 -23 -26
v 16 -23 -27
v 16 -23 -26
v 17 -23 -27
v 17 -23 -26
v 18 -23 -27
v 18 -23 -26
v 19 -23 -27
v 19 -23 -26
v 20 -23 -27
v 20 -23 -26
v 21 -23 -27
v 21 -23 -26
v 22 -23 -27
v 22 -23 -26
v 23 -23 -27
v 23 -23 -26
v 24 -23 -27
v 24 -23 -26
v 25 -23 -27
v 25 -23 -26
v 26 -23 -27
v 26 -23 -26
v 27 -23 -27
v 27 -23 -26
v -27 -22 -25
v -27 -21 -25
v -26 -21 -25
v -25 -21 -25
v -24 -21 -25
v -23 -21 -25
v -22 -21 -25
v -21 -21 -25
v -20 -21 -25
v -19 -21 -25
v -18 -21 -25
v -17 -21 -25
v -16 -21 -25
v -15 -21 -25
v -14 -21 -25
v -13 -21 -25
v -12 -21 -25
v -11 -21 -25
v -10 -21 -25
v -9 -21 -25
v -8 -21 -25
v -7 -21 -25
v -6 -21 -25
v -5 -21 -25
v -4 -21 -25
v -3 -21 -25
v -2 -21 -25
v -1 -21 -25
v 0 -21 -25
v 1 -21 -25
v 2 -21 -25
v 3 -21 -25
v 4 -21 -25
v 5 -21 -25
v 6 -21 -25
v 7 -21 -25
v 8 -21 -25
v 9 -21 -25
v 10 -21 -25
v 11 -21 -25
v 12 -21 -25
v 13 -21 -25
v 14 -21 -25
v 15 -21 -25
v 16 -21 -25
v 17 -21 -25
v 18 -21 -25
v 19 -21 -25
v 20 -21 -25
v 21 -21 -25
v 22 -21 -25
v 23 -21 -25
v 24 -21 -25
v 25 -21 -25
v 26 -21 -25
v 27 -21 -25
v 27 -22 -25
v -27 -23 -25
v -26 -23 -25
v -25 -23 -25
v -24 -23 -25
v -23 -23 -25
v -22 -23 -25
v -21 -23 -25
v -20 -23 -25
v -19 -23 -25
v -18 -23 -25
v -17 -23 -25
v -16 -23 -25
v -15 -23 -25
v -14 -23 -25
v -13 -23 -25
v -12 -23 -25
v -11 -23 -25
v -10 -23 -25
v -9 -23 -25
v -8 -23 -25
v -7 -23 -25
v -6 -23 -25
v -5 -23 -25
v -4 -23 -25
v -3 -23 -25
v -2 -23 -25
v -1 -23 -25
v 0 -23 -25
v 1 -23 -25
v 2 -23 -25
v 3 -23 -25
v 4 -23 -25
v 5 -23 -25
v 6 -23 -25
v 7 -23 -25
v 8 -23 -25
v 9 -23 -25
v 10 -23 -25
v 11 -23 -25
v 12 -23 -25
v 13 -23 -25
v 14 -23 -25
v 15 -23 -25
v 16 -23 -25
v 17 -23 -25
v 18 -23 -25
v 19 -23 -25
v 20 -23 -25
v 21 -23 -25
v 22 -23 -25
v 23 -23 -25
v 24 -23 -25
v 25 -23 -25
v 26 -23 -25
v 27 -23 -25
v -20 21 -25
v -20 21 -24
v -20 22 -24
v -20 22 -25
v -19 21 -25
v -19 22 -25
v -19 22 -24
v -19 21 -24
v -20 20 -25
v -20 20 -24
v -19 20 -25
v -18 20 -25
v -18 21 -25
v -18 21 -24
v -18 20 -24
v -19 20 -24
v -20 19 -25
v -20 19 -24
v -19 19 -25
v -19 19 -24
v -18 19 -25
v -18 19 -24
v -19 18 -25
v -19 18 -24
v -18 18 -25
v -18 18 -24
v -17 18 -25
v -17 19 -25
v -17 19 -24
v -17 18 -24
v -18 17 -25
v -18 17 -24
v -17 17 -25
v -17 17 -24
v -16 17 -25
v -16 17 -24
v -16 18 -24
v -16 18 -25
v -15 17 -25
v -15 18 -25
v -15 18 -24
v -15 17 -24
v -27 -22 -24
v -27 -21 -24
v -26 -21 -24
v -25 -21 -24
v -24 -21 -24
v -23 -21 -24
v -22 -21 -24
v -21 -21 -24
v -20 -21 -24
v -19 -21 -24
v -18 -21 -24
v -17 -21 -24
v -16 -21 -24
v -15 -21 -24
v -14 -21 -24
v -13 -21 -24
v -12 -21 -24
v -11 -21 -24
v -10 -21 -24
v -9 -21 -24
v -8 -21 -24
v -7 -21 -24
v -6 -21 -24
v -5 -21 -24
v -4 -21 -24
v -3 -21 -24
v -2 -21 -24
v -1 -21 -24
v 0 -21 -24
v 1 -21 -24
v 2 -21 -24
v 3 -21 -24
v 4 -21 -24
v 5 -21 -24
v 6 -21 -24
v 7 -21 -24
v 8 -21 -24
v 9 -21 -24
v 10 -21 -24
v 11 -21 -24
v 12 -21 -24
v 13 -21 -24
v 14 -21 -24
v 15 -21 -24
v 16 -21 -24
v 17 -21 -24
v 18 -21 -24
v 19 -21 -24
v 20 -21 -24
v 21 -21 -24
v 22 -21 -24
v 23 -21 -24
v 24 -21 -24
v 25 -21 -24
v 26 -21 -24
v 27 -21 -24
v 27 -22 -24
v -27 -23 -24
v -26 -23 -24
v -25 -23 -24
v -24 -23 -24
v -23 -23 -24
v -22 -23 -24
v -21 -23 -24
v -20 -23 -24
v -19 -23 -24
v -18 -23 -24
v -17 -23 -24
v -16 -23 -24
v -15 -23 -24
v -14 -23 -24
v -13 -23 -24
v -12 -23 -24
v -11 -23 -24
v -10 -23 -24
v -9 -23 -24
v -8 -23 -24
v -7 -23 -24
v -6 -23 -24
v -5 -23 -24
v -4 -23 -24
v -3 -23 -24
v -2 -23 -24
v -1 -23 -24
v 0 -23 -24
v 1 -23 -24
v 2 -23 -24
v 3 -23 -24
v 4 -23 -24
v 5 -23 -24
v 6 -23 -24
v 7 -23 -24
v 8 -23 -24
v 9 -23 -24
v 10 -23 -24
v 11 -23 -24
v 12 -23 -24
v 13 -23 -24
v 14 -23 -24
v 15 -23 -24
v 16 -23 -24
v 17 -23 -24
v 18 -23 -24
v 19 -23 -24
v 20 -23 -24
v 21 -23 -24
v 22 -23 -24
v 23 -23 -24
v 24 -23 -24
v 25 -23 -24
v 26 -23 -24
v 27 -23 -24
v -20 23 -24
v -20 23 -23
v -20 24 -23
v -20 24 -24
v -19 23 -24
v -19 24 -24
v -19 24 -23
v -19 23 -23
v -21 22 -24
v -21 22 -23
v -21 23 -23
v -21 23 -24
v -19 22 -23
v -21 21 -24
v -21 21 -23
v -19 21 -23
v -21 20 -24
v -21 20 -23
v -19 20 -23
v -21 19 -24
v -21 19 -23
v -18 20 -23
v -18 19 -23
v -21 18 -24
v -21 18 -23
v -20 18 -24
v -20 18 -23
v -17 19 -23
v -17 18 -23
v -18 18 -23
v -20 17 -24
v -20 17 -23
v -19 17 -24
v -19 17 -23
v -16 18 -23
v -16 17 -23
v -19 16 -24
v -19 16 -23
v -18 16 -24
v -18 16 -23
v -17 16 -24
v -17 16 -23
v -16 16 -24
v -16 16 -23
v -15 16 -24
v -15 16 -23
v -15 17 -23
v -14 16 -24
v -14 17 -24
v -14 17 -23
v -14 16 -23
v -5 -4 -24
v -5 -4 -23
v -5 -3 -23
v -5 -3 -24
v -4 -4 -24
v -4 -3 -24
v -4 -3 -23
v -4 -4 -23
v -6 -5 -24
v -6 -5 -23
v -6 -4 -23
v -6 -4 -24
v -5 -5 -24
v -5 -5 -23
v -4 -5 -24
v -4 -5 -23
v -3 -5 -24
v -3 -4 -24
v -3 -4 -23
v -3 -5 -23
v -19 -6 -24
v -19 -6 -23
v -19 -5 -23
v -19 -5 -24
v -18 -6 -24
v -18 -5 -24
v -18 -5 -23
v -18 -6 -23
v -7 -6 -24
v -7 -6 -23
v -7 -5 -23
v -7 -5 -24
v -6 -6 -24
v -6 -6 -23
v -3 -6 -24
v -3 -6 -23
v -2 -6 -24
v -2 -5 -24
v -2 -5 -23
v -2 -6 -23
v -20 -7 -24
v -20 -7 -23
v -20 -6 -23
v -20 -6 -24
v -19 -7 -24
v -19 -7 -23
v -18 -7 -24
v -18 -7 -23
v -17 -7 -24
v -17 -6 -24
v -17 -6 -23
v -17 -7 -23
v -8 -7 -24
v -8 -7 -23
v -8 -6 -23
v -8 -6 -24
v -7 -7 -24
v -7 -7 -23
v -2 -7 -24
v -2 -7 -23
v -1 -7 -24
v -1 -6 -24
v -1 -6 -23
v -1 -7 -23
v -21 -8 -24
v -21 -8 -23
v -21 -7 -23
v -21 -7 -24
v -20 -8 -24
v -20 -8 -23
v -17 -8 -24
v -17 -8 -23
v -16 -8 -24
v -16 -7 -24
v -16 -7 -23
v -16 -8 -23
v -9 -8 -24
v -9 -8 -23
v -9 -7 -23
v -9 -7 -24
v -8 -8 -24
v -8 -8 -23
v -1 -8 -24
v -1 -8 -23
v 0 -8 -24
v 0 -7 -24
v 0 -7 -23
v 0 -8 -23
v -22 -9 -24
v -22 -9 -23
v -22 -8 -23
v -22 -8 -24
v -21 -9 -24
v -21 -9 -23
v -16 -9 -24
v -16 -9 -23
v -15 -9 -24
v -15 -8 -24
v -15 -8 -23
v -15 -9 -23
v -10 -9 -24
v -10 -9 -23
v -10 -8 -23
v -10 -8 -24
v -9 -9 -24
v -9 -9 -23
v 0 -9 -24
v 0 -9 -23
v 1 -9 -24
v 1 -8 -24
v 1 -8 -23
v 1 -9 -23
v -23 -10 -24
v -23 -10 -23
v -23 -9 -23
v -23 -9 -24
v -22 -10 -24
v -22 -10 -23
v -15 -10 -24
v -15 -10 -23
v -14 -10 -24
v -14 -9 -24
v -14 -9 -23
v -14 -10 -23
v -11 -10 -24
v -11 -10 -23
v -11 -9 -23
v -11 -9 -24
v -10 -10 -24
v -10 -10 -23
v 1 -10 -24
v 1 -10 -23
v 2 -10 -24
v 2 -9 -24
v 2 -9 -23
v 2 -10 -23
v 2 -11 -24
v 2 -11 -23
v 3 -11 -24
v 3 -10 -24
v 3 -10 -23
v 3 -11 -23
v -24 -12 -24
v -24 -12 -23
v -24 -11 -23
v -24 -11 -24
v -23 -12 -24
v -23 -11 -24
v -23 -11 -23
v -23 -12 -23
v -14 -12 -24
v -14 -12 -23
v -14 -11 -23
v -14 -11 -24
v -13 -12 -24
v -13 -11 -24
v -13 -11 -23
v -13 -12 -23
v -25 -13 -24
v -25 -13 -23
v -25 -12 -23
v -25 -12 -24
v -24 -13 -24
v -24 -13 -23
v -13 -13 -24
v -13 -13 -23
v -12 -13 -24
v -12 -12 -24
v -12 -12 -23
v -12 -13 -23
v -27 -22 -23
v -27 -21 -23
v -26 -21 -23
v -25 -21 -23
v -24 -21 -23
v -23 -21 -23
v -22 -21 -23
v -21 -21 -23
v -20 -21 -23
v -19 -21 -23
v -18 -21 -23
v -17 -21 -23
v -16 -21 -23
v -15 -21 -23
v -14 -21 -23
v -13 -21 -23
v -12 -21 -23
v -11 -21 -23
v -10 -21 -23
v -9 -21 -23
v -8 -21 -23
v -7 -21 -23
v -6 -21 -23
v -5 -21 -23
v -4 -21 -23
v -3 -21 -23
v -2 -21 -23
v -1 -21 -23
v 0 -21 -23
v 1 -21 -23
v 2 -21 -23
v 3 -21 -23
v 4 -21 -23
v 5 -21 -23
v 6 -21 -23
v 7 -21 -23
v 8 -21 -23
v 9 -21 -23
v 10 -21 -23
v 11 -21 -23
v 12 -21 -23
v 13 -21 -23
v 14 -21 -23
v 15 -21 -23
v 16 -21 -23
v 17 -21 -23
v 18 -21 -23
v 19 -21 -23
v 20 -21 -23
v 21 -21 -23
v 22 -21 -23
v 23 -21 -23
v 24 -21 -23
v 25 -21 -23
v 26 -21 -23
v 27 -21 -23
v 27 -22 -23
v -27 -23 -23
v -26 -23 -23
v -25 -23 -23
v -24 -23 -23
v -23 -23 -23
v -22 -23 -23
v -21 -23 -23
v -20 -23 -23
v -19 -23 -23
v -18 -23 -23
v -17 -23 -23
v -16 -23 -23
v -15 -23 -23
v -14 -23 -23
v -13 -23 -23
v -12 -23 -23
v -11 -23 -23
v -10 -23 -23
v -9 -23 -23
v -8 -23 -23
v -7 -23 -23
v -6 -23 -23
v -5 -23 -23
v -4 -23 -23
v -3 -23 -23
v -2 -23 -23
v -1 -23 -23
v 0 -23 -23
v 1 -23 -23
v 2 -23 -23
v 3 -23 -23
v 4 -23 -23
v 5 -23 -23
v 6 -23 -23
v 7 -23 -23
v 8 -23 -23
v 9 -23 -23
v 10 -23 -23
v 11 -23 -23
v 12 -23 -23
v 13 -23 -23
v 14 -23 -23
v 15 -23 -23
v 16 -23 -23
v 17 -23 -23
v 18 -23 -23
v 19 -23 -23
v 20 -23 -23
v 21 -23 -23
v 22 -23 -23
v 23 -23 -23
v 24 -23 -23
v 25 -23 -23
v 26 -23 -23
v 27 -23 -23
v -20 24 -22
v -20 25 -22
v -20 25 -23
v -19 25 -23
v -19 25 -22
v -19 24 -22
v -21 23 -22
v -21 24 -22
v -21 24 -23
v -19 23 -22
v -21 22 -22
v -19 22 -22
v -22 21 -23
v -22 21 -22
v -22 22 -22
v -22 22 -23
v -19 21 -22
v -22 20 -23
v -22 20 -22
v -19 20 -22
v -22 19 -23
v -22 19 -22
v -21 19 -22
v -18 20 -22
v -18 19 -22
v -19 19 -22
v -21 18 -22
v -18 18 -22
v -21 17 -23
v -21 17 -22
v -20 17 -22
v -17 18 -22
v -16 18 -22
v -16 17 -22
v -17 17 -22
v -20 16 -23
v -20 16 -22
v -19 16 -22
v -18 16 -22
v -15 17 -22
v -14 16 -22
v -15 16 -22
v -14 17 -22
v -13 16 -23
v -13 17 -23
v -13 17 -22
v -13 16 -22
v -18 15 -23
v -18 15 -22
v -17 15 -23
v -17 15 -22
v -16 15 -23
v -16 15 -22
v -15 15 -23
v -15 15 -22
v -5 -4 -22
v -5 -3 -22
v -4 -3 -22
v -4 -4 -22
v -6 -5 -22
v -6 -4 -22
v -5 -5 -22
v -4 -5 -22
v -3 -4 -22
v -3 -5 -22
v 14 -5 -23
v 14 -5 -22
v 14 -4 -22
v 14 -4 -23
v 15 -5 -23
v 15 -4 -23
v 15 -4 -22
v 15 -5 -22
v -19 -6 -22
v -19 -5 -22
v -18 -5 -22
v -18 -6 -22
v -7 -6 -22
v -7 -5 -22
v -5 -6 -23
v -6 -6 -22
v -5 -6 -22
v -4 -6 -23
v -4 -6 -22
v -3 -6 -22
v -2 -5 -22
v -2 -6 -22
v 13 -6 -23
v 13 -6 -22
v 13 -5 -22
v 13 -5 -23
v 14 -6 -23
v 14 -6 -22
v 15 -6 -23
v 15 -6 -22
v 16 -6 -23
v 16 -5 -23
v 16 -5 -22
v 16 -6 -22
v -20 -7 -22
v -20 -6 -22
v -19 -7 -22
v -18 -7 -22
v -17 -6 -22
v -17 -7 -22
v -8 -7 -22
v -8 -6 -22
v -6 -7 -23
v -7 -7 -22
v -6 -7 -22
v -5 -7 -23
v -5 -7 -22
v -4 -7 -23
v -4 -7 -22
v -3 -7 -23
v -3 -7 -22
v -2 -7 -22
v -1 -6 -22
v -1 -7 -22
v 12 -7 -23
v 12 -7 -22
v 12 -6 -22
v 12 -6 -23
v 13 -7 -23
v 13 -7 -22
v 16 -7 -23
v 16 -7 -22
v 17 -7 -23
v 17 -6 -23
v 17 -6 -22
v 17 -7 -22
v -21 -8 -22
v -21 -7 -22
v -19 -8 -23
v -20 -8 -22
v -19 -8 -22
v -18 -8 -23
v -18 -8 -22
v -17 -8 -22
v -16 -7 -22
v -16 -8 -22
v -9 -8 -22
v -9 -7 -22
v -7 -8 -23
v -8 -8 -22
v -7 -8 -22
v -6 -8 -23
v -6 -8 -22
v -5 -8 -23
v -5 -8 -22
v -4 -8 -23
v -4 -8 -22
v -3 -8 -23
v -3 -8 -22
v -2 -8 -23
v -2 -8 -22
v -1 -8 -22
v 0 -7 -22
v 0 -8 -22
v 11 -8 -23
v 11 -8 -22
v 11 -7 -22
v 11 -7 -23
v 12 -8 -23
v 12 -8 -22
v 17 -8 -23
v 17 -8 -22
v 18 -8 -23
v 18 -7 -23
v 18 -7 -22
v 18 -8 -22
v -22 -9 -22
v -22 -8 -22
v -20 -9 -23
v -21 -9 -22
v -20 -9 -22
v -19 -9 -23
v -19 -9 -22
v -18 -9 -23
v -18 -9 -22
v -17 -9 -23
v -17 -9 -22
v -16 -9 -22
v -15 -8 -22
v -15 -9 -22
v -10 -9 -22
v -10 -8 -22
v -8 -9 -23
v -9 -9 -22
v -8 -9 -22
v -7 -9 -23
v -7 -9 -22
v -6 -9 -23
v -6 -9 -22
v -5 -9 -23
v -5 -9 -22
v -4 -9 -23
v -4 -9 -22
v -3 -9 -23
v -3 -9 -22
v -2 -9 -23
v -2 -9 -22
v -1 -9 -23
v -1 -9 -22
v 0 -9 -22
v 1 -8 -22
v 1 -9 -22
v 10 -9 -23
v 10 -9 -22
v 10 -8 -22
v 10 -8 -23
v 11 -9 -23
v 11 -9 -22
v 18 -9 -23
v 18 -9 -22
v 19 -9 -23
v 19 -8 -23
v 19 -8 -22
v 19 -9 -22
v -23 -10 -22
v -23 -9 -22
v -21 -10 -23
v -22 -10 -22
v -21 -10 -22
v -20 -10 -23
v -20 -10 -22
v -19 -10 -23
v -19 -10 -22
v -18 -10 -23
v -18 -10 -22
v -17 -10 -23
v -17 -10 -22
v -16 -10 -23
v -16 -10 -22
v -15 -10 -22
v -14 -9 -22
v -14 -10 -22
v -11 -10 -22
v -11 -9 -22
v -10 -10 -22
v -9 -10 -23
v -8 -10 -23
v -9 -10 -22
v -8 -10 -22
v -7 -10 -23
v -7 -10 -22
v -6 -10 -23
v -6 -10 -22
v -5 -10 -23
v -5 -10 -22
v -4 -10 -23
v -4 -10 -22
v -3 -10 -23
v -3 -10 -22
v -2 -10 -23
v -2 -10 -22
v -1 -10 -23
v -1 -10 -22
v 0 -10 -23
v 0 -10 -22
v 1 -10 -22
v 2 -9 -22
v 2 -10 -22
v 9 -10 -23
v 9 -10 -22
v 9 -9 -22
v 9 -9 -23
v 10 -10 -23
v 10 -10 -22
v 19 -10 -23
v 19 -10 -22
v 20 -10 -23
v 20 -9 -23
v 20 -9 -22
v 20 -10 -22
v -23 -11 -22
v -22 -11 -23
v -22 -11 -22
v -21 -11 -23
v -21 -11 -22
v -20 -11 -23
v -20 -11 -22
v -19 -11 -23
v -19 -11 -22
v -18 -11 -23
v -18 -11 -22
v -17 -11 -23
v -17 -11 -22
v -16 -11 -23
v -16 -11 -22
v -15 -11 -23
v -15 -11 -22
v -14 -11 -22
v -10 -11 -23
v -10 -11 -22
v -9 -11 -23
v -8 -11 -23
v -9 -11 -22
v -8 -11 -22
v -7 -11 -23
v -7 -11 -22
v -6 -11 -23
v -6 -11 -22
v -5 -11 -23
v -5 -11 -22
v -4 -11 -23
v -4 -11 -22
v -3 -11 -23
v -3 -11 -22
v -2 -11 -23
v -2 -11 -22
v -1 -11 -23
v -1 -11 -22
v 0 -11 -23
v 0 -11 -22
v 1 -11 -23
v 1 -11 -22
v 3 -10 -22
v 3 -11 -22
v 2 -11 -22
v -24 -12 -22
v -24 -11 -22
v -22 -12 -23
v -23 -12 -22
v -22 -12 -22
v -21 -12 -23
v -21 -12 -22
v -20 -12 -23
v -20 -12 -22
v -19 -12 -23
v -19 -12 -22
v -18 -12 -23
v -18 -12 -22
v -17 -12 -23
v -17 -12 -22
v -16 -12 -23
v -16 -12 -22
v -15 -12 -23
v -15 -12 -22
v -14 -12 -22
v -13 -11 -22
v -13 -12 -22
v -10 -12 -23
v -10 -12 -22
v -9 -12 -23
v -8 -12 -23
v -9 -12 -22
v -8 -12 -22
v -7 -12 -23
v -7 -12 -22
v -6 -12 -23
v -6 -12 -22
v -5 -12 -23
v -5 -12 -22
v -4 -12 -23
v -4 -12 -22
v -3 -12 -23
v -3 -12 -22
v -2 -12 -23
v -2 -12 -22
v -1 -12 -23
v -1 -12 -22
v 0 -12 -23
v 0 -12 -22
v 1 -12 -23
v 1 -12 -22
v 2 -12 -23
v 2 -12 -22
v 8 -12 -23
v 8 -12 -22
v 8 -11 -22
v 8 -11 -23
v 9 -12 -23
v 9 -11 -23
v 9 -11 -22
v 9 -12 -22
v 20 -12 -23
v 20 -12 -22
v 20 -11 -22
v 20 -11 -23
v 21 -12 -23
v 21 -11 -23
v 21 -11 -22
v 21 -12 -22
v -25 -13 -22
v -25 -12 -22
v -24 -13 -22
v -23 -13 -23
v -22 -13 -23
v -23 -13 -22
v -22 -13 -22
v -21 -13 -23
v -21 -13 -22
v -20 -13 -23
v -20 -13 -22
v -19 -13 -23
v -19 -13 -22
v -18 -13 -23
v -18 -13 -22
v -17 -13 -23
v -17 -13 -22
v -16 -13 -23
v -16 -13 -22
v -15 -13 -23
v -15 -13 -22
v -14 -13 -23
v -14 -13 -22
v -12 -12 -22
v -12 -13 -22
v -13 -13 -22
v -10 -13 -23
v -10 -13 -22
v -9 -13 -23
v -8 -13 -23
v -9 -13 -22
v -8 -13 -22
v -7 -13 -23
v -7 -13 -22
v -6 -13 -23
v -6 -13 -22
v -5 -13 -23
v -5 -13 -22
v -4 -13 -23
v -4 -13 -22
v -3 -13 -23
v -3 -13 -22
v -2 -13 -23
v -2 -13 -22
v -1 -13 -23
v -1 -13 -22
v 0 -13 -23
v 0 -13 -22
v 1 -13 -23
v 1 -13 -22
v 2 -13 -23
v 2 -13 -22
v 7 -13 -23
v 7 -13 -22
v 7 -12 -22
v 7 -12 -23
v 8 -13 -23
v 8 -13 -22
v 21 -13 -23
v 21 -13 -22
v 22 -13 -23
v 22 -12 -23
v 22 -12 -22
v 22 -13 -22
v -24 -14 -23
v -24 -14 -22
v -23 -14 -23
v -22 -14 -23
v -23 -14 -22
v -22 -14 -22
v -21 -14 -23
v -21 -14 -22
v -20 -14 -23
v -20 -14 -22
v -19 -14 -23
v -19 -14 -22
v -18 -14 -23
v -18 -14 -22
v -17 -14 -23
v -17 -14 -22
v -16 -14 -23
v -16 -14 -22
v -15 -14 -23
v -15 -14 -22
v -14 -14 -23
v -14 -14 -22
v -13 -14 -23
v -13 -14 -22
v -10 -14 -23
v -10 -14 -22
v -9 -14 -23
v -8 -14 -23
v -9 -14 -22
v -8 -14 -22
v -7 -14 -23
v -7 -14 -22
v -6 -14 -23
v -6 -14 -22
v -5 -14 -23
v -5 -14 -22
v -4 -14 -23
v -4 -14 -22
v -3 -14 -23
v -3 -14 -22
v -2 -14 -23
v -2 -14 -22
v -1 -14 -23
v -1 -14 -22
v 0 -14 -23
v 0 -14 -22
v 1 -14 -23
v 1 -14 -22
v 2 -14 -23
v 2 -14 -22
v -24 -15 -23
v -24 -15 -22
v -23 -15 -23
v -22 -15 -23
v -23 -15 -22
v -22 -15 -22
v -21 -15 -23
v -21 -15 -22
v -20 -15 -23
v -20 -15 -22
v -19 -15 -23
v -19 -15 -22
v -18 -15 -23
v -18 -15 -22
v -17 -15 -23
v -17 -15 -22
v -16 -15 -23
v -16 -15 -22
v -15 -15 -23
v -15 -15 -22
v -14 -15 -23
v -14 -15 -22
v -13 -15 -23
v -13 -15 -22
v -10 -15 -23
v -10 -15 -22
v -9 -15 -23
v -8 -15 -23
v -9 -15 -22
v -8 -15 -22
v -7 -15 -23
v -7 -15 -22
v -6 -15 -23
v -6 -15 -22
v -5 -15 -23
v -5 -15 -22
v -4 -15 -23
v -4 -15 -22
v -3 -15 -23
v -3 -15 -22
v -2 -15 -23
v -2 -15 -22
v -1 -15 -23
v -1 -15 -22
v 0 -15 -23
v 0 -15 -22
v 1 -15 -23
v 1 -15 -22
v 2 -15 -23
v 2 -15 -22
v -24 -16 -23
v -24 -16 -22
v -23 -16 -23
v -22 -16 -23
v -23 -16 -22
v -22 -16 -22
v -21 -16 -23
v -21 -16 -22
v -20 -16 -23
v -20 -16 -22
v -19 -16 -23
v -19 -16 -22
v -18 -16 -23
v -18 -16 -22
v -17 -16 -23
v -17 -16 -22
v -16 -16 -23
v -16 -16 -22
v -15 -16 -23
v -15 -16 -22
v -14 -16 -23
v -14 -16 -22
v -13 -16 -23
v -13 -16 -22
v -10 -16 -23
v -10 -16 -22
v -9 -16 -23
v -8 -16 -23
v -9 -16 -22
v -8 -16 -22
v -7 -16 -23
v -7 -16 -22
v -6 -16 -23
v -6 -16 -22
v -5 -16 -23
v -5 -16 -22
v -4 -16 -23
v -4 -16 -22
v -3 -16 -23
v -3 -16 -22
v -2 -16 -23
v -2 -16 -22
v -1 -16 -23
v -1 -16 -22
v 0 -16 -23
v 0 -16 -22
v 1 -16 -23
v 1 -16 -22
v 2 -16 -23
v 2 -16 -22
v -24 -17 -23
v -24 -17 -22
v -23 -17 -23
v -22 -17 -23
v -23 -17 -22
v -22 -17 -22
v -21 -17 -23
v -21 -17 -22
v -20 -17 -23
v -20 -17 -22
v -19 -17 -23
v -19 -17 -22
v -18 -17 -23
v -18 -17 -22
v -17 -17 -23
v -17 -17 -22
v -16 -17 -23
v -16 -17 -22
v -15 -17 -23
v -15 -17 -22
v -14 -17 -23
v -14 -17 -22
v -13 -17 -23
v -13 -17 -22
v -10 -17 -23
v -10 -17 -22
v -9 -17 -23
v -8 -17 -23
v -9 -17 -22
v -8 -17 -22
v -7 -17 -23
v -7 -17 -22
v -6 -17 -23
v -6 -17 -22
v -5 -17 -23
v -5 -17 -22
v -4 -17 -23
v -4 -17 -22
v -3 -17 -23
v -3 -17 -22
v -2 -17 -23
v -2 -17 -22
v -1 -17 -23
v -1 -17 -22
v 0 -17 -23
v 0 -17 -22
v 1 -17 -23
v 1 -17 -22
v 2 -17 -23
v 2 -17 -22
v -24 -18 -23
v -24 -18 -22
v -23 -18 -23
v -22 -18 -23
v -23 -18 -22
v -22 -18 -22
v -21 -18 -23
v -21 -18 -22
v -20 -18 -23
v -20 -18 -22
v -19 -18 -23
v -19 -18 -22
v -18 -18 -23
v -18 -18 -22
v -17 -18 -23
v -17 -18 -22
v -16 -18 -23
v -16 -18 -22
v -15 -18 -23
v -15 -18 -22
v -14 -18 -23
v -14 -18 -22
v -13 -18 -23
v -13 -18 -22
v -10 -18 -23
v -10 -18 -22
v -9 -18 -23
v -8 -18 -23
v -9 -18 -22
v -8 -18 -22
v -7 -18 -23
v -7 -18 -22
v -6 -18 -23
v -6 -18 -22
v -5 -18 -23
v -5 -18 -22
v -4 -18 -23
v -4 -18 -22
v -3 -18 -23
v -3 -18 -22
v -2 -18 -23
v -2 -18 -22
v -1 -18 -23
v -1 -18 -22
v 0 -18 -23
v 0 -18 -22
v 1 -18 -23
v 1 -18 -22
v 2 -18 -23
v 2 -18 -22
v -24 -19 -23
v -24 -19 -22
v -23 -19 -23
v -22 -19 -23
v -23 -19 -22
v -22 -19 -22
v -21 -19 -23
v -21 -19 -22
v -20 -19 -23
v -20 -19 -22
v -19 -19 -23
v -19 -19 -22
v -18 -19 -23
v -18 -19 -22
v -17 -19 -23
v -17 -19 -22
v -16 -19 -23
v -16 -19 -22
v -15 -19 -23
v -15 -19 -22
v -14 -19 -23
v -14 -19 -22
v -13 -19 -23
v -13 -19 -22
v -10 -19 -23
v -10 -19 -22
v -9 -19 -23
v -8 -19 -23
v -9 -19 -22
v -8 -19 -22
v -7 -19 -23
v -7 -19 -22
v -6 -19 -23
v -6 -19 -22
v -5 -19 -23
v -5 -19 -22
v -4 -19 -23
v -4 -19 -22
v -3 -19 -23
v -3 -19 -22
v -2 -19 -23
v -2 -19 -22
v -1 -19 -23
v -1 -19 -22
v 0 -19 -23
v 0 -19 -22
v 1 -19 -23
v 1 -19 -22
v 2 -19 -23
v 2 -19 -22
v -24 -20 -23
v -24 -20 -22
v -23 -20 -23
v -22 -20 -23
v -23 -20 -22
v -22 -20 -22
v -21 -20 -23
v -21 -20 -22
v -20 -20 -23
v -20 -20 -22
v -19 -20 -23
v -19 -20 -22
v -18 -20 -23
v -18 -20 -22
v -17 -20 -23
v -17 -20 -22
v -16 -20 -23
v -16 -20 -22
v -15 -20 -23
v -15 -20 -22
v -14 -20 -23
v -14 -20 -22
v -13 -20 -23
v -13 -20 -22
v -10 -20 -23
v -10 -20 -22
v -9 -20 -23
v -8 -20 -23
v -9 -20 -22
v -8 -20 -22
v -7 -20 -23
v -7 -20 -22
v -6 -20 -23
v -6 -20 -22
v -5 -20 -23
v -5 -20 -22
v -4 -20 -23
v -4 -20 -22
v -3 -20 -23
v -3 -20 -22
v -2 -20 -23
v -2 -20 -22
v -1 -20 -23
v -1 -20 -22
v 0 -20 -23
v 0 -20 -22
v 1 -20 -23
v 1 -20 -22
v 2 -20 -23
v 2 -20 -22
v -24 -21 -22
v -13 -21 -22
v -10 -21 -22
v 2 -21 -22
v -27 -22 -22
v -27 -21 -22
v -26 -21 -22
v -25 -21 -22
v -12 -21 -22
v -11 -21 -22
v 3 -21 -22
v 4 -21 -22
v 5 -21 -22
v 6 -21 -22
v 7 -21 -22
v 8 -21 -22
v 9 -21 -22
v 10 -21 -22
v 11 -21 -22
v 12 -21 -22
v 13 -21 -22
v 14 -21 -22
v 15 -21 -22
v 16 -21 -22
v 17 -21 -22
v 18 -21 -22
v 19 -21 -22
v 20 -21 -22
v 21 -21 -22
v 22 -21 -22
v 23 -21 -22
v 24 -21 -22
v 25 -21 -22
v 26 -21 -22
v 27 -21 -22
v 27 -22 -22
v -27 -23 -22
v -26 -23 -22
v -25 -23 -22
v -24 -23 -22
v -23 -23 -22
v -22 -23 -22
v -21 -23 -22
v -20 -23 -22
v -19 -23 -22
v -18 -23 -22
v -17 -23 -22
v -16 -23 -22
v -15 -23 -22
v -14 -23 -22
v -13 -23 -22
v -12 -23 -22
v -11 -23 -22
v -10 -23 -22
v -9 -23 -22
v -8 -23 -22
v -7 -23 -22
v -6 -23 -22
v -5 -23 -22
v -4 -23 -22
v -3 -23 -22
v -2 -23 -22
v -1 -23 -22
v 0 -23 -22
v 1 -23 -22
v 2 -23 -22
v 3 -23 -22
v 4 -23 -22
v 5 -23 -22
v 6 -23 -22
v 7 -23 -22
v 8 -23 -22
v 9 -23 -22
v 10 -23 -22
v 11 -23 -22
v 12 -23 -22
v 13 -23 -22
v 14 -23 -22
v 15 -23 -22
v 16 -23 -22
v 17 -23 -22
v 18 -23 -22
v 19 -23 -22
v 20 -23 -22
v 21 -23 -22
v 22 -23 -22
v 23 -23 -22
v 24 -23 -22
v 25 -23 -22
v 26 -23 -22
v 27 -23 -22
v -3 25 -22
v -3 25 -21
v -3 26 -21
v -3 26 -22
v -2 25 -22
v -2 26 -22
v -2 26 -21
v -2 25 -21
v -21 24 -21
v -21 25 -21
v -21 25 -22
v -20 25 -21
v -19 25 -21
v -19 24 -21
v -4 24 -22
v -4 24 -21
v -4 25 -21
v -4 25 -22
v -3 24 -22
v -3 24 -21
v -2 24 -22
v -2 24 -21
v -1 24 -22
v -1 25 -22
v -1 25 -21
v -1 24 -21
v -21 23 -21
v -19 23 -21
v -3 23 -22
v -3 23 -21
v -2 23 -22
v -2 23 -21
v -22 22 -21
v -22 23 -21
v -22 23 -22
v -19 22 -21
v -22 21 -21
v -19 21 -21
v -22 20 -21
v -19 20 -21
v -22 19 -21
v -19 19 -21
v -22 18 -22
v -22 18 -21
v -21 18 -21
v -18 19 -21
v -18 18 -21
v -21 17 -21
v -17 18 -21
v -17 17 -21
v -21 16 -22
v -21 16 -21
v -20 16 -21
v -19 16 -21
v -16 17 -21
v -15 17 -21
v -14 17 -21
v -13 16 -21
v -14 16 -21
v -13 17 -21
v -12 16 -22
v -12 17 -22
v -12 17 -21
v -12 16 -21
v -19 15 -22
v -19 15 -21
v -18 15 -21
v -17 15 -21
v -16 15 -21
v -15 15 -21
v -14 15 -22
v -14 15 -21
v -5 -4 -21
v -5 -3 -21
v -4 -3 -21
v -4 -4 -21
v -6 -5 -21
v -6 -4 -21
v -5 -5 -21
v -4 -5 -21
v -3 -4 -21
v -3 -5 -21
v 14 -5 -21
v 14 -4 -21
v 15 -4 -21
v 15 -5 -21
v -19 -6 -21
v -19 -5 -21
v -18 -5 -21
v -18 -6 -21
v -7 -6 -21
v -7 -5 -21
v -6 -6 -21
v -3 -6 -21
v -2 -5 -21
v -2 -6 -21
v 13 -6 -21
v 13 -5 -21
v 14 -6 -21
v 15 -6 -21
v 16 -5 -21
v 16 -6 -21
v -20 -7 -21
v -20 -6 -21
v -19 -7 -21
v -18 -7 -21
v -17 -6 -21
v -17 -7 -21
v -8 -7 -21
v -8 -6 -21
v -7 -7 -21
v -2 -7 -21
v -1 -6 -21
v -1 -7 -21
v 12 -7 -21
v 12 -6 -21
v 14 -7 -22
v 13 -7 -21
v 14 -7 -21
v 15 -7 -22
v 15 -7 -21
v 16 -7 -21
v 17 -6 -21
v 17 -7 -21
v -21 -8 -21
v -21 -7 -21
v -20 -8 -21
v -17 -8 -21
v -16 -7 -21
v -16 -8 -21
v -9 -8 -21
v -9 -7 -21
v -8 -8 -21
v -1 -8 -21
v 0 -7 -21
v 0 -8 -21
v 11 -8 -21
v 11 -7 -21
v 13 -8 -22
v 12 -8 -21
v 13 -8 -21
v 14 -8 -22
v 14 -8 -21
v 15 -8 -22
v 15 -8 -21
v 16 -8 -22
v 16 -8 -21
v 17 -8 -21
v 18 -7 -21
v 18 -8 -21
v -22 -9 -21
v -22 -8 -21
v -21 -9 -21
v -16 -9 -21
v -15 -8 -21
v -15 -9 -21
v -10 -9 -21
v -10 -8 -21
v -9 -9 -21
v 0 -9 -21
v 1 -8 -21
v 1 -9 -21
v 10 -9 -21
v 10 -8 -21
v 12 -9 -22
v 11 -9 -21
v 12 -9 -21
v 13 -9 -22
v 13 -9 -21
v 14 -9 -22
v 14 -9 -21
v 15 -9 -22
v 15 -9 -21
v 16 -9 -22
v 16 -9 -21
v 17 -9 -22
v 17 -9 -21
v 18 -9 -21
v 19 -8 -21
v 19 -9 -21
v -23 -10 -21
v -23 -9 -21
v -22 -10 -21
v -15 -10 -21
v -14 -9 -21
v -14 -10 -21
v -11 -10 -21
v -11 -9 -21
v -10 -10 -21
v -9 -10 -21
v 1 -10 -21
v 2 -9 -21
v 2 -10 -21
v 9 -10 -21
v 9 -9 -21
v 11 -10 -22
v 10 -10 -21
v 11 -10 -21
v 12 -10 -22
v 12 -10 -21
v 13 -10 -22
v 13 -10 -21
v 14 -10 -22
v 14 -10 -21
v 15 -10 -22
v 15 -10 -21
v 16 -10 -22
v 16 -10 -21
v 17 -10 -22
v 17 -10 -21
v 18 -10 -22
v 18 -10 -21
v 19 -10 -21
v 20 -9 -21
v 20 -10 -21
v -10 -11 -21
v -9 -11 -21
v 1 -11 -21
v 3 -10 -21
v 3 -11 -21
v 2 -11 -21
v 9 -11 -21
v 10 -11 -22
v 10 -11 -21
v 11 -11 -22
v 11 -11 -21
v 12 -11 -22
v 12 -11 -21
v 13 -11 -22
v 13 -11 -21
v 14 -11 -22
v 14 -11 -21
v 15 -11 -22
v 15 -11 -21
v 16 -11 -22
v 16 -11 -21
v 17 -11 -22
v 17 -11 -21
v 18 -11 -22
v 18 -11 -21
v 19 -11 -22
v 19 -11 -21
v 20 -11 -21
v -24 -12 -21
v -24 -11 -21
v -23 -11 -21
v -23 -12 -21
v -14 -12 -21
v -14 -11 -21
v -13 -11 -21
v -13 -12 -21
v -10 -12 -21
v -9 -12 -21
v 1 -12 -21
v 2 -12 -21
v 8 -12 -21
v 8 -11 -21
v 10 -12 -22
v 9 -12 -21
v 10 -12 -21
v 11 -12 -22
v 11 -12 -21
v 12 -12 -22
v 12 -12 -21
v 13 -12 -22
v 13 -12 -21
v 14 -12 -22
v 14 -12 -21
v 15 -12 -22
v 15 -12 -21
v 16 -12 -22
v 16 -12 -21
v 17 -12 -22
v 17 -12 -21
v 18 -12 -22
v 18 -12 -21
v 19 -12 -22
v 19 -12 -21
v 20 -12 -21
v 21 -11 -21
v 21 -12 -21
v -25 -13 -21
v -25 -12 -21
v -24 -13 -21
v -23 -13 -21
v -14 -13 -21
v -12 -12 -21
v -12 -13 -21
v -13 -13 -21
v -10 -13 -21
v -9 -13 -21
v 1 -13 -21
v 2 -13 -21
v 7 -13 -21
v 7 -12 -21
v 8 -13 -21
v 9 -13 -22
v 10 -13 -22
v 9 -13 -21
v 10 -13 -21
v 11 -13 -22
v 11 -13 -21
v 12 -13 -22
v 12 -13 -21
v 13 -13 -22
v 13 -13 -21
v 14 -13 -22
v 14 -13 -21
v 15 -13 -22
v 15 -13 -21
v 16 -13 -22
v 16 -13 -21
v 17 -13 -22
v 17 -13 -21
v 18 -13 -22
v 18 -13 -21
v 19 -13 -22
v 19 -13 -21
v 20 -13 -22
v 20 -13 -21
v 22 -12 -21
v 22 -13 -21
v 21 -13 -21
v -24 -14 -21
v -23 -14 -21
v -14 -14 -21
v -13 -14 -21
v -10 -14 -21
v -9 -14 -21
v 1 -14 -21
v 2 -14 -21
v 8 -14 -22
v 8 -14 -21
v 9 -14 -22
v 10 -14 -22
v 9 -14 -21
v 10 -14 -21
v 11 -14 -22
v 11 -14 -21
v 12 -14 -22
v 12 -14 -21
v 13 -14 -22
v 13 -14 -21
v 14 -14 -22
v 14 -14 -21
v 15 -14 -22
v 15 -14 -21
v 16 -14 -22
v 16 -14 -21
v 17 -14 -22
v 17 -14 -21
v 18 -14 -22
v 18 -14 -21
v 19 -14 -22
v 19 -14 -21
v 20 -14 -22
v 20 -14 -21
v 21 -14 -22
v 21 -14 -21
v -24 -15 -21
v -23 -15 -21
v -14 -15 -21
v -13 -15 -21
v -10 -15 -21
v -9 -15 -21
v 1 -15 -21
v 2 -15 -21
v 8 -15 -22
v 8 -15 -21
v 9 -15 -22
v 10 -15 -22
v 9 -15 -21
v 10 -15 -21
v 11 -15 -22
v 11 -15 -21
v 12 -15 -22
v 12 -15 -21
v 13 -15 -22
v 13 -15 -21
v 14 -15 -22
v 14 -15 -21
v 15 -15 -22
v 15 -15 -21
v 16 -15 -22
v 16 -15 -21
v 17 -15 -22
v 17 -15 -21
v 18 -15 -22
v 18 -15 -21
v 19 -15 -22
v 19 -15 -21
v 20 -15 -22
v 20 -15 -21
v 21 -15 -22
v 21 -15 -21
v -24 -16 -21
v -23 -16 -21
v -14 -16 -21
v -13 -16 -21
v -10 -16 -21
v -9 -16 -21
v 1 -16 -21
v 2 -16 -21
v 8 -16 -22
v 8 -16 -21
v 9 -16 -22
v 10 -16 -22
v 9 -16 -21
v 10 -16 -21
v 11 -16 -22
v 11 -16 -21
v 12 -16 -22
v 12 -16 -21
v 13 -16 -22
v 13 -16 -21
v 14 -16 -22
v 14 -16 -21
v 15 -16 -22
v 15 -16 -21
v 16 -16 -22
v 16 -16 -21
v 17 -16 -22
v 17 -16 -21
v 18 -16 -22
v 18 -16 -21
v 19 -16 -22
v 19 -16 -21
v 20 -16 -22
v 20 -16 -21
v 21 -16 -22
v 21 -16 -21
v -24 -17 -21
v -23 -17 -21
v -14 -17 -21
v -13 -17 -21
v -10 -17 -21
v -9 -17 -21
v 1 -17 -21
v 2 -17 -21
v 8 -17 -22
v 8 -17 -21
v 9 -17 -22
v 10 -17 -22
v 9 -17 -21
v 10 -17 -21
v 11 -17 -22
v 11 -17 -21
v 12 -17 -22
v 12 -17 -21
v 13 -17 -22
v 13 -17 -21
v 14 -17 -22
v 14 -17 -21
v 15 -17 -22
v 15 -17 -21
v 16 -17 -22
v 16 -17 -21
v 17 -17 -22
v 17 -17 -21
v 18 -17 -22
v 18 -17 -21
v 19 -17 -22
v 19 -17 -21
v 20 -17 -22
v 20 -17 -21
v 21 -17 -22
v 21 -17 -21
v -24 -18 -21
v -23 -18 -21
v -14 -18 -21
v -13 -18 -21
v -10 -18 -21
v -9 -18 -21
v 1 -18 -21
v 2 -18 -21
v 8 -18 -22
v 8 -18 -21
v 9 -18 -22
v 10 -18 -22
v 9 -18 -21
v 10 -18 -21
v 11 -18 -22
v 11 -18 -21
v 12 -18 -22
v 12 -18 -21
v 13 -18 -22
v 13 -18 -21
v 14 -18 -22
v 14 -18 -21
v 15 -18 -22
v 15 -18 -21
v 16 -18 -22
v 16 -18 -21
v 17 -18 -22
v 17 -18 -21
v 18 -18 -22
v 18 -18 -21
v 19 -18 -22
v 19 -18 -21
v 20 -18 -22
v 20 -18 -21
v 21 -18 -22
v 21 -18 -21
v -24 -19 -21
v -23 -19 -21
v -14 -19 -21
v -13 -19 -21
v -10 -19 -21
v -9 -19 -21
v 1 -19 -21
v 2 -19 -21
v 8 -19 -22
v 8 -19 -21
v 9 -19 -22
v 10 -19 -22
v 9 -19 -21
v 10 -19 -21
v 11 -19 -22
v 11 -19 -21
v 12 -19 -22
v 12 -19 -21
v 13 -19 -22
v 13 -19 -21
v 14 -19 -22
v 14 -19 -21
v 15 -19 -22
v 15 -19 -21
v 16 -19 -22
v 16 -19 -21
v 17 -19 -22
v 17 -19 -21
v 18 -19 -22
v 18 -19 -21
v 19 -19 -22
v 19 -19 -21
v 20 -19 -22
v 20 -19 -21
v 21 -19 -22
v 21 -19 -21
v -24 -20 -21
v -23 -20 -21
v -14 -20 -21
v -13 -20 -21
v -10 -20 -21
v -9 -20 -21
v 1 -20 -21
v 2 -20 -21
v 8 -20 -22
v 8 -20 -21
v 9 -20 -22
v 10 -20 -22
v 9 -20 -21
v 10 -20 -21
v 11 -20 -22
v 11 -20 -21
v 12 -20 -22
v 12 -20 -21
v 13 -20 -22
v 13 -20 -21
v 14 -20 -22
v 14 -20 -21
v 15 -20 -22
v 15 -20 -21
v 16 -20 -22
v 16 -20 -21
v 17 -20 -22
v 17 -20 -21
v 18 -20 -22
v 18 -20 -21
v 19 -20 -22
v 19 -20 -21
v 20 -20 -22
v 20 -20 -21
v 21 -20 -22
v 21 -20 -21
v -24 -21 -21
v -22 -20 -21
v -21 -20 -21
v -20 -20 -21
v -19 -20 -21
v -18 -20 -21
v -17 -20 -21
v -16 -20 -21
v -15 -20 -21
v -13 -21 -21
v -10 -21 -21
v -8 -20 -21
v -7 -20 -21
v -6 -20 -21
v -5 -20 -21
v -4 -20 -21
v -3 -20 -21
v -2 -20 -21
v -1 -20 -21
v 0 -20 -21
v 2 -21 -21
v 8 -21 -21
v 21 -21 -21
v -27 -22 -21
v -27 -21 -21
v -26 -21 -21
v -25 -21 -21
v -12 -21 -21
v -11 -21 -21
v 3 -21 -21
v 4 -21 -21
v 5 -21 -21
v 6 -21 -21
v 7 -21 -21
v 22 -21 -21
v 23 -21 -21
v 24 -21 -21
v 25 -21 -21
v 26 -21 -21
v 27 -21 -21
v 27 -22 -21
v -27 -23 -21
v -26 -23 -21
v -25 -23 -21
v -24 -23 -21
v -23 -23 -21
v -22 -23 -21
v -21 -23 -21
v -20 -23 -21
v -19 -23 -21
v -18 -23 -21
v -17 -23 -21
v -16 -23 -21
v -15 -23 -21
v -14 -23 -21
v -13 -23 -21
v -12 -23 -21
v -11 -23 -21
v -10 -23 -21
v -9 -23 -21
v -8 -23 -21
v -7 -23 -21
v -6 -23 -21
v -5 -23 -21
v -4 -23 -21
v -3 -23 -21
v -2 -23 -21
v -1 -23 -21
v 0 -23 -21
v 1 -23 -21
v 2 -23 -21
v 3 -23 -21
v 4 -23 -21
v 5 -23 -21
v 6 -23 -21
v 7 -23 -21
v 8 -23 -21
v 9 -23 -21
v 10 -23 -21
v 11 -23 -21
v 12 -23 -21
v 13 -23 -21
v 14 -23 -21
v 15 -23 -21
v 16 -23 -21
v 17 -23 -21
v 18 -23 -21
v 19 -23 -21
v 20 -23 -21
v 21 -23 -21
v 22 -23 -21
v 23 -23 -21
v 24 -23 -21
v 25 -23 -21
v 26 -23 -21
v 27 -23 -21
v -20 25 -20
v -20 26 -20
v -20 26 -21
v -19 26 -21
v -19 26 -20
v -19 25 -20
v -21 24 -20
v -21 25 -20
v -19 24 -20
v -22 23 -20
v -22 24 -20
v -22 24 -21
v -19 23 -20
v -22 22 -20
v -19 22 -20
v -20 22 -20
v -20 23 -20
v -22 21 -20
v -19 21 -20
v -22 20 -20
v -19 20 -20
v -22 19 -20
v -19 19 -20
v -22 18 -20
v -18 19 -20
v -18 18 -20
v -22 17 -21
v -22 17 -20
v -21 17 -20
v -17 18 -20
v -17 17 -20
v -21 16 -20
v -20 16 -20
v -16 17 -20
v -15 17 -20
v -14 17 -20
v -13 17 -20
v -14 16 -20
v -13 16 -20
v -12 17 -20
v -12 16 -20
v -20 15 -21
v -20 15 -20
v -19 15 -20
v -18 15 -20
v -17 15 -20
v -16 15 -20
v -15 15 -20
v -14 15 -20
v -13 15 -21
v -13 15 -20
v -5 -4 -20
v -5 -3 -20
v -4 -3 -20
v -4 -4 -20
v -6 -5 -20
v -6 -4 -20
v -5 -5 -20
v -4 -5 -20
v -3 -4 -20
v -3 -5 -20
v 14 -5 -20
v 14 -4 -20
v 15 -4 -20
v 15 -5 -20
v -19 -6 -20
v -19 -5 -20
v -18 -5 -20
v -18 -6 -20
v -7 -6 -20
v -7 -5 -20
v -6 -6 -20
v -3 -6 -20
v -2 -5 -20
v -2 -6 -20
v 13 -6 -20
v 13 -5 -20
v 14 -6 -20
v 15 -6 -20
v 16 -5 -20
v 16 -6 -20
v -20 -7 -20
v -20 -6 -20
v -19 -7 -20
v -18 -7 -20
v -17 -6 -20
v -17 -7 -20
v -8 -7 -20
v -8 -6 -20
v -7 -7 -20
v -2 -7 -20
v -1 -6 -20
v -1 -7 -20
v 12 -7 -20
v 12 -6 -20
v 13 -7 -20
v 16 -7 -20
v 17 -6 -20
v 17 -7 -20
v -21 -8 -20
v -21 -7 -20
v -20 -8 -20
v -17 -8 -20
v -16 -7 -20
v -16 -8 -20
v -9 -8 -20
v -9 -7 -20
v -8 -8 -20
v -1 -8 -20
v 0 -7 -20
v 0 -8 -20
v 11 -8 -20
v 11 -7 -20
v 12 -8 -20
v 17 -8 -20
v 18 -7 -20
v 18 -8 -20
v -22 -9 -20
v -22 -8 -20
v -21 -9 -20
v -16 -9 -20
v -15 -8 -20
v -15 -9 -20
v -10 -9 -20
v -10 -8 -20
v -9 -9 -20
v 0 -9 -20
v 1 -8 -20
v 1 -9 -20
v 10 -9 -20
v 10 -8 -20
v 11 -9 -20
v 18 -9 -20
v 19 -8 -20
v 19 -9 -20
v -23 -10 -20
v -23 -9 -20
v -22 -10 -20
v -15 -10 -20
v -14 -9 -20
v -14 -10 -20
v -11 -10 -20
v -11 -9 -20
v -10 -10 -20
v -9 -10 -20
v 1 -10 -20
v 2 -9 -20
v 2 -10 -20
v 9 -10 -20
v 9 -9 -20
v 10 -10 -20
v 19 -10 -20
v 20 -9 -20
v 20 -10 -20
v -10 -11 -20
v -9 -11 -20
v 1 -11 -20
v 3 -10 -20
v 3 -11 -20
v 2 -11 -20
v -24 -12 -20
v -24 -11 -20
v -23 -11 -20
v -23 -12 -20
v -14 -12 -20
v -14 -11 -20
v -13 -11 -20
v -13 -12 -20
v -10 -12 -20
v -9 -12 -20
v 1 -12 -20
v 2 -12 -20
v 8 -12 -20
v 8 -11 -20
v 9 -11 -20
v 9 -12 -20
v 20 -12 -20
v 20 -11 -20
v 21 -11 -20
v 21 -12 -20
v -25 -13 -20
v -25 -12 -20
v -24 -13 -20
v -23 -13 -20
v -14 -13 -20
v -12 -12 -20
v -12 -13 -20
v -13 -13 -20
v -10 -13 -20
v -9 -13 -20
v 1 -13 -20
v 2 -13 -20
v 7 -13 -20
v 7 -12 -20
v 8 -13 -20
v 9 -13 -20
v 20 -13 -20
v 22 -12 -20
v 22 -13 -20
v 21 -13 -20
v -24 -14 -20
v -23 -14 -20
v -14 -14 -20
v -13 -14 -20
v -10 -14 -20
v -9 -14 -20
v 1 -14 -20
v 2 -14 -20
v 8 -14 -20
v 9 -14 -20
v 20 -14 -20
v 21 -14 -20
v -24 -15 -20
v -23 -15 -20
v -14 -15 -20
v -13 -15 -20
v -10 -15 -20
v -9 -15 -20
v 1 -15 -20
v 2 -15 -20
v 8 -15 -20
v 9 -15 -20
v 20 -15 -20
v 21 -15 -20
v -24 -16 -20
v -23 -16 -20
v -14 -16 -20
v -13 -16 -20
v -10 -16 -20
v -9 -16 -20
v 1 -16 -20
v 2 -16 -20
v 8 -16 -20
v 9 -16 -20
v 20 -16 -20
v 21 -16 -20
v -24 -17 -20
v -23 -17 -20
v -14 -17 -20
v -13 -17 -20
v -10 -17 -20
v -9 -17 -20
v 1 -17 -20
v 2 -17 -20
v 8 -17 -20
v 9 -17 -20
v 20 -17 -20
v 21 -17 -20
v -24 -18 -20
v -23 -18 -20
v -14 -18 -20
v -13 -18 -20
v -10 -18 -20
v -9 -18 -20
v 1 -18 -20
v 2 -18 -20
v 8 -18 -20
v 9 -18 -20
v 20 -18 -20
v 21 -18 -20
v -24 -19 -20
v -23 -19 -20
v -14 -19 -20
v -13 -19 -20
v -10 -19 -20
v -9 -19 -20
v 1 -19 -20
v 2 -19 -20
v 8 -19 -20
v 9 -19 -20
v 20 -19 -20
v 21 -19 -20
v -24 -20 -20
v -23 -20 -20
v -14 -20 -20
v -13 -20 -20
v -10 -20 -20
v -9 -20 -20
v 1 -20 -20
v 2 -20 -20
v 8 -20 -20
v 9 -20 -20
v 20 -20 -20
v 21 -20 -20
v -24 -21 -20
v -22 -20 -20
v -21 -20 -20
v -20 -20 -20
v -19 -20 -20
v -18 -20 -20
v -17 -20 -20
v -16 -20 -20
v -15 -20 -20
v -13 -21 -20
v -10 -21 -20
v -8 -20 -20
v -7 -20 -20
v -6 -20 -20
v -5 -20 -20
v -4 -20 -20
v -3 -20 -20
v -2 -20 -20
v -1 -20 -20
v 0 -20 -20
v 2 -21 -20
v 8 -21 -20
v 10 -20 -20
v 11 -20 -20
v 12 -20 -20
v 13 -20 -20
v 14 -20 -20
v 15 -20 -20
v 16 -20 -20
v 17 -20 -20
v 18 -20 -20
v 19 -20 -20
v 21 -21 -20
v -27 -22 -20
v -27 -21 -20
v -26 -21 -20
v -25 -21 -20
v -12 -21 -20
v -11 -21 -20
v 3 -21 -20
v 4 -21 -20
v 5 -21 -20
v 6 -21 -20
v 7 -21 -20
v 22 -21 -20
v 23 -21 -20
v 24 -21 -20
v 25 -21 -20
v 26 -21 -20
v 27 -21 -20
v 27 -22 -20
v -27 -23 -20
v -26 -23 -20
v -25 -23 -20
v -24 -23 -20
v -23 -23 -20
v -22 -23 -20
v -21 -23 -20
v -20 -23 -20
v -19 -23 -20
v -18 -23 -20
v -17 -23 -20
v -16 -23 -20
v -15 -23 -20
v -14 -23 -20
v -13 -23 -20
v -12 -23 -20
v -11 -23 -20
v -10 -23 -20
v -9 -23 -20
v -8 -23 -20
v -7 -23 -20
v -6 -23 -20
v -5 -23 -20
v -4 -23 -20
v -3 -23 -20
v -2 -23 -20
v -1 -23 -20
v 0 -23 -20
v 1 -23 -20
v 2 -23 -20
v 3 -23 -20
v 4 -23 -20
v 5 -23 -20
v 6 -23 -20
v 7 -23 -20
v 8 -23 -20
v 9 -23 -20
v 10 -23 -20
v 11 -23 -20
v 12 -23 -20
v 13 -23 -20
v 14 -23 -20
v 15 -23 -20
v 16 -23 -20
v 17 -23 -20
v 18 -23 -20
v 19 -23 -20
v 20 -23 -20
v 21 -23 -20
v 22 -23 -20
v 23 -23 -20
v 24 -23 -20
v 25 -23 -20
v 26 -23 -20
v 27 -23 -20
v -20 25 -19
v -20 26 -19
v -19 26 -19
v -19 25 -19
v -21 24 -19
v -21 25 -19
v -19 24 -19
v -22 23 -19
v -22 24 -19
v -19 23 -19
v -20 23 -19
v -22 22 -19
v -20 22 -19
v -22 21 -19
v -19 22 -19
v -19 21 -19
v -23 20 -20
v -23 20 -19
v -23 21 -19
v -23 21 -20
v -22 20 -19
v -19 20 -19
v -22 19 -19
v -19 19 -19
v -22 18 -19
v -18 19 -19
v -18 18 -19
v -22 17 -19
v -21 17 -19
v -17 18 -19
v -17 17 -19
v -21 16 -19
v -20 16 -19
v -16 17 -19
v -15 17 -19
v -14 17 -19
v -14 16 -19
v -13 16 -19
v -13 17 -19
v -12 17 -19
v -12 16 -19
v -20 15 -19
v -19 15 -19
v -18 15 -19
v -17 15 -19
v -15 15 -19
v -16 15 -19
v -14 15 -19
v -13 15 -19
v -17 14 -20
v -17 14 -19
v -16 14 -20
v -16 14 -19
v -5 -4 -19
v -5 -3 -19
v -4 -3 -19
v -4 -4 -19
v -6 -5 -19
v -6 -4 -19
v -5 -5 -19
v -4 -5 -19
v -3 -4 -19
v -3 -5 -19
v 14 -5 -19
v 14 -4 -19
v 15 -4 -19
v 15 -5 -19
v -19 -6 -19
v -19 -5 -19
v -18 -5 -19
v -18 -6 -19
v -7 -6 -19
v -7 -5 -19
v -6 -6 -19
v -3 -6 -19
v -2 -5 -19
v -2 -6 -19
v 13 -6 -19
v 13 -5 -19
v 14 -6 -19
v 15 -6 -19
v 16 -5 -19
v 16 -6 -19
v -20 -7 -19
v -20 -6 -19
v -19 -7 -19
v -18 -7 -19
v -17 -6 -19
v -17 -7 -19
v -8 -7 -19
v -8 -6 -19
v -7 -7 -19
v -2 -7 -19
v -1 -6 -19
v -1 -7 -19
v 12 -7 -19
v 12 -6 -19
v 13 -7 -19
v 16 -7 -19
v 17 -6 -19
v 17 -7 -19
v -21 -8 -19
v -21 -7 -19
v -20 -8 -19
v -17 -8 -19
v -16 -7 -19
v -16 -8 -19
v -9 -8 -19
v -9 -7 -19
v -8 -8 -19
v -1 -8 -19
v 0 -7 -19
v 0 -8 -19
v 11 -8 -19
v 11 -7 -19
v 12 -8 -19
v 17 -8 -19
v 18 -7 -19
v 18 -8 -19
v -22 -9 -19
v -22 -8 -19
v -21 -9 -19
v -16 -9 -19
v -15 -8 -19
v -15 -9 -19
v -10 -9 -19
v -10 -8 -19
v -9 -9 -19
v 0 -9 -19
v 1 -8 -19
v 1 -9 -19
v 10 -9 -19
v 10 -8 -19
v 11 -9 -19
v 18 -9 -19
v 19 -8 -19
v 19 -9 -19
v -23 -10 -19
v -23 -9 -19
v -22 -10 -19
v -15 -10 -19
v -14 -9 -19
v -14 -10 -19
v -11 -10 -19
v -11 -9 -19
v -10 -10 -19
v -9 -10 -19
v 1 -10 -19
v 2 -9 -19
v 2 -10 -19
v 9 -10 -19
v 9 -9 -19
v 10 -10 -19
v 19 -10 -19
v 20 -9 -19
v 20 -10 -19
v -10 -11 -19
v -9 -11 -19
v 1 -11 -19
v 3 -10 -19
v 3 -11 -19
v 2 -11 -19
v -24 -12 -19
v -24 -11 -19
v -23 -11 -19
v -23 -12 -19
v -14 -12 -19
v -14 -11 -19
v -13 -11 -19
v -13 -12 -19
v -10 -12 -19
v -9 -12 -19
v 1 -12 -19
v 2 -12 -19
v 8 -12 -19
v 8 -11 -19
v 9 -11 -19
v 9 -12 -19
v 20 -12 -19
v 20 -11 -19
v 21 -11 -19
v 21 -12 -19
v -25 -13 -19
v -25 -12 -19
v -24 -13 -19
v -23 -13 -19
v -14 -13 -19
v -12 -12 -19
v -12 -13 -19
v -13 -13 -19
v -10 -13 -19
v -9 -13 -19
v 1 -13 -19
v 2 -13 -19
v 7 -13 -19
v 7 -12 -19
v 8 -13 -19
v 9 -13 -19
v 20 -13 -19
v 22 -12 -19
v 22 -13 -19
v 21 -13 -19
v -24 -14 -19
v -23 -14 -19
v -14 -14 -19
v -13 -14 -19
v -10 -14 -19
v -9 -14 -19
v 1 -14 -19
v 2 -14 -19
v 8 -14 -19
v 9 -14 -19
v 20 -14 -19
v 21 -14 -19
v -24 -15 -19
v -23 -15 -19
v -14 -15 -19
v -13 -15 -19
v -10 -15 -19
v -9 -15 -19
v 1 -15 -19
v 2 -15 -19
v 8 -15 -19
v 9 -15 -19
v 20 -15 -19
v 21 -15 -19
v -24 -16 -19
v -23 -16 -19
v -14 -16 -19
v -13 -16 -19
v -10 -16 -19
v -9 -16 -19
v 1 -16 -19
v 2 -16 -19
v 8 -16 -19
v 9 -16 -19
v 20 -16 -19
v 21 -16 -19
v -24 -17 -19
v -23 -17 -19
v -14 -17 -19
v -13 -17 -19
v -10 -17 -19
v -9 -17 -19
v 1 -17 -19
v 2 -17 -19
v 8 -17 -19
v 9 -17 -19
v 20 -17 -19
v 21 -17 -19
v -24 -18 -19
v -23 -18 -19
v -14 -18 -19
v -13 -18 -19
v -10 -18 -19
v -9 -18 -19
v 1 -18 -19
v 2 -18 -19
v 8 -18 -19
v 9 -18 -19
v 20 -18 -19
v 21 -18 -19
v -24 -19 -19
v -23 -19 -19
v -14 -19 -19
v -13 -19 -19
v -10 -19 -19
v -9 -19 -19
v 1 -19 -19
v 2 -19 -19
v 8 -19 -19
v 9 -19 -19
v 20 -19 -19
v 21 -19 -19
v -24 -20 -19
v -23 -20 -19
v -14 -20 -19
v -13 -20 -19
v -10 -20 -19
v -9 -20 -19
v 1 -20 -19
v 2 -20 -19
v 8 -20 -19
v 9 -20 -19
v 20 -20 -19
v 21 -20 -19
v -24 -21 -19
v -22 -20 -19
v -21 -20 -19
v -20 -20 -19
v -19 -20 -19
v -18 -20 -19
v -17 -20 -19
v -16 -20 -19
v -15 -20 -19
v -13 -21 -19
v -10 -21 -19
v -8 -20 -19
v -7 -20 -19
v -6 -20 -19
v -5 -20 -19
v -4 -20 -19
v -3 -20 -19
v -2 -20 -19
v -1 -20 -19
v 0 -20 -19
v 2 -21 -19
v 8 -21 -19
v 10 -20 -19
v 11 -20 -19
v 12 -20 -19
v 13 -20 -19
v 14 -20 -19
v 15 -20 -19
v 16 -20 -19
v 17 -20 -19
v 18 -20 -19
v 19 -20 -19
v 21 -21 -19
v -27 -22 -19
v -27 -21 -19
v -26 -21 -19
v -25 -21 -19
v -12 -21 -19
v -11 -21 -19
v 3 -21 -19
v 4 -21 -19
v 5 -21 -19
v 6 -21 -19
v 7 -21 -19
v 22 -21 -19
v 23 -21 -19
v 24 -21 -19
v 25 -21 -19
v 26 -21 -19
v 27 -21 -19
v 27 -22 -19
v -27 -23 -19
v -26 -23 -19
v -25 -23 -19
v -24 -23 -19
v -23 -23 -19
v -22 -23 -19
v -21 -23 -19
v -20 -23 -19
v -19 -23 -19
v -18 -23 -19
v -17 -23 -19
v -16 -23 -19
v -15 -23 -19
v -14 -23 -19
v -13 -23 -19
v -12 -23 -19
v -11 -23 -19
v -10 -23 -19
v -9 -23 -19
v -8 -23 -19
v -7 -23 -19
v -6 -23 -19
v -5 -23 -19
v -4 -23 -19
v -3 -23 -19
v -2 -23 -19
v -1 -23 -19
v 0 -23 -19
v 1 -23 -19
v 2 -23 -19
v 3 -23 -19
v 4 -23 -19
v 5 -23 -19
v 6 -23 -19
v 7 -23 -19
v 8 -23 -19
v 9 -23 -19
v 10 -23 -19
v 11 -23 -19
v 12 -23 -19
v 13 -23 -19
v 14 -23 -19
v 15 -23 -19
v 16 -23 -19
v 17 -23 -19
v 18 -23 -19
v 19 -23 -19
v 20 -23 -19
v 21 -23 -19
v 22 -23 -19
v 23 -23 -19
v 24 -23 -19
v 25 -23 -19
v 26 -23 -19
v 27 -23 -19
v -20 25 -18
v -20 26 -18
v -19 26 -18
v -19 25 -18
v -21 24 -18
v -21 25 -18
v -19 24 -18
v -22 23 -18
v -22 24 -18
v -21 23 -18
v -19 23 -18
v -22 22 -18
v -19 22 -18
v -22 21 -18
v -19 21 -18
v -22 20 -18
v -19 20 -18
v -22 19 -18
v -19 19 -18
v -22 18 -18
v -18 19 -18
v -18 18 -18
v -22 17 -18
v -21 17 -18
v -21 18 -18
v -17 18 -18
v -17 17 -18
v -21 16 -18
v -20 16 -18
v -16 17 -18
v -15 17 -18
v -14 17 -18
v -13 17 -18
v -12 17 -18
v -12 16 -18
v -13 16 -18
v -20 15 -18
v -19 15 -18
v -19 16 -18
v -18 15 -18
v -17 15 -18
v -16 15 -18
v -15 15 -18
v -14 15 -18
v -13 15 -18
v -14 16 -18
v -5 -4 -18
v -5 -3 -18
v -4 -3 -18
v -4 -4 -18
v -6 -5 -18
v -6 -4 -18
v -5 -5 -18
v -4 -5 -18
v -3 -4 -18
v -3 -5 -18
v 14 -5 -18
v 14 -4 -18
v 15 -4 -18
v 15 -5 -18
v -19 -6 -18
v -19 -5 -18
v -18 -5 -18
v -18 -6 -18
v -7 -6 -18
v -7 -5 -18
v -6 -6 -18
v -3 -6 -18
v -2 -5 -18
v -2 -6 -18
v 13 -6 -18
v 13 -5 -18
v 14 -6 -18
v 15 -6 -18
v 16 -5 -18
v 16 -6 -18
v -20 -7 -18
v -20 -6 -18
v -19 -7 -18
v -18 -7 -18
v -17 -6 -18
v -17 -7 -18
v -8 -7 -18
v -8 -6 -18
v -7 -7 -18
v -2 -7 -18
v -1 -6 -18
v -1 -7 -18
v 12 -7 -18
v 12 -6 -18
v 13 -7 -18
v 16 -7 -18
v 17 -6 -18
v 17 -7 -18
v -21 -8 -18
v -21 -7 -18
v -20 -8 -18
v -17 -8 -18
v -16 -7 -18
v -16 -8 -18
v -9 -8 -18
v -9 -7 -18
v -8 -8 -18
v -1 -8 -18
v 0 -7 -18
v 0 -8 -18
v 11 -8 -18
v 11 -7 -18
v 12 -8 -18
v 17 -8 -18
v 18 -7 -18
v 18 -8 -18
v -22 -9 -18
v -22 -8 -18
v -21 -9 -18
v -16 -9 -18
v -15 -8 -18
v -15 -9 -18
v -10 -9 -18
v -10 -8 -18
v -9 -9 -18
v 0 -9 -18
v 1 -8 -18
v 1 -9 -18
v 10 -9 -18
v 10 -8 -18
v 11 -9 -18
v 18 -9 -18
v 19 -8 -18
v 19 -9 -18
v -23 -10 -18
v -23 -9 -18
v -22 -10 -18
v -15 -10 -18
v -14 -9 -18
v -14 -10 -18
v -11 -10 -18
v -11 -9 -18
v -10 -10 -18
v -9 -10 -18
v 1 -10 -18
v 2 -9 -18
v 2 -10 -18
v 9 -10 -18
v 9 -9 -18
v 10 -10 -18
v 19 -10 -18
v 20 -9 -18
v 20 -10 -18
v -10 -11 -18
v -9 -11 -18
v 1 -11 -18
v 3 -10 -18
v 3 -11 -18
v 2 -11 -18
v -24 -12 -18
v -24 -11 -18
v -23 -11 -18
v -23 -12 -18
v -14 -12 -18
v -14 -11 -18
v -13 -11 -18
v -13 -12 -18
v -10 -12 -18
v -9 -12 -18
v 1 -12 -18
v 2 -12 -18
v 8 -12 -18
v 8 -11 -18
v 9 -11 -18
v 9 -12 -18
v 20 -12 -18
v 20 -11 -18
v 21 -11 -18
v 21 -12 -18
v -25 -13 -18
v -25 -12 -18
v -24 -13 -18
v -23 -13 -18
v -14 -13 -18
v -12 -12 -18
v -12 -13 -18
v -13 -13 -18
v -10 -13 -18
v -9 -13 -18
v 1 -13 -18
v 2 -13 -18
v 7 -13 -18
v 7 -12 -18
v 8 -13 -18
v 9 -13 -18
v 20 -13 -18
v 22 -12 -18
v 22 -13 -18
v 21 -13 -18
v -24 -14 -18
v -23 -14 -18
v -14 -14 -18
v -13 -14 -18
v -10 -14 -18
v -9 -14 -18
v 1 -14 -18
v 2 -14 -18
v 8 -14 -18
v 9 -14 -18
v 20 -14 -18
v 21 -14 -18
v -24 -15 -18
v -23 -15 -18
v -14 -15 -18
v -13 -15 -18
v -10 -15 -18
v -9 -15 -18
v 1 -15 -18
v 2 -15 -18
v 8 -15 -18
v 9 -15 -18
v 20 -15 -18
v 21 -15 -18
v -24 -16 -18
v -23 -16 -18
v -14 -16 -18
v -13 -16 -18
v -10 -16 -18
v -9 -16 -18
v 1 -16 -18
v 2 -16 -18
v 8 -16 -18
v 9 -16 -18
v 20 -16 -18
v 21 -16 -18
v -24 -17 -18
v -23 -17 -18
v -14 -17 -18
v -13 -17 -18
v -10 -17 -18
v -9 -17 -18
v 1 -17 -18
v 2 -17 -18
v 8 -17 -18
v 9 -17 -18
v 20 -17 -18
v 21 -17 -18
v -24 -18 -18
v -23 -18 -18
v -14 -18 -18
v -13 -18 -18
v -10 -18 -18
v -9 -18 -18
v 1 -18 -18
v 2 -18 -18
v 8 -18 -18
v 9 -18 -18
v 20 -18 -18
v 21 -18 -18
v -24 -19 -18
v -23 -19 -18
v -14 -19 -18
v -13 -19 -18
v -10 -19 -18
v -9 -19 -18
v 1 -19 -18
v 2 -19 -18
v 8 -19 -18
v 9 -19 -18
v 20 -19 -18
v 21 -19 -18
v -24 -20 -18
v -23 -20 -18
v -14 -20 -18
v -13 -20 -18
v -10 -20 -18
v -9 -20 -18
v 1 -20 -18
v 2 -20 -18
v 8 -20 -18
v 9 -20 -18
v 20 -20 -18
v 21 -20 -18
v -24 -21 -18
v -22 -20 -18
v -21 -20 -18
v -20 -20 -18
v -19 -20 -18
v -18 -20 -18
v -17 -20 -18
v -16 -20 -18
v -15 -20 -18
v -13 -21 -18
v -10 -21 -18
v -8 -20 -18
v -7 -20 -18
v -6 -20 -18
v -5 -20 -18
v -4 -20 -18
v -3 -20 -18
v -2 -20 -18
v -1 -20 -18
v 0 -20 -18
v 2 -21 -18
v 8 -21 -18
v 10 -20 -18
v 11 -20 -18
v 12 -20 -18
v 13 -20 -18
v 14 -20 -18
v 15 -20 -18
v 16 -20 -18
v 17 -20 -18
v 18 -20 -18
v 19 -20 -18
v 21 -21 -18
v -27 -22 -18
v -27 -21 -18
v -26 -21 -18
v -25 -21 -18
v -12 -21 -18
v -11 -21 -18
v 3 -21 -18
v 4 -21 -18
v 5 -21 -18
v 6 -21 -18
v 7 -21 -18
v 22 -21 -18
v 23 -21 -18
v 24 -21 -18
v 25 -21 -18
v 26 -21 -18
v 27 -21 -18
v 27 -22 -18
v -27 -23 -18
v -26 -23 -18
v -25 -23 -18
v -24 -23 -18
v -23 -23 -18
v -22 -23 -18
v -21 -23 -18
v -20 -23 -18
v -19 -23 -18
v -18 -23 -18
v -17 -23 -18
v -16 -23 -18
v -15 -23 -18
v -14 -23 -18
v -13 -23 -18
v -12 -23 -18
v -11 -23 -18
v -10 -23 -18
v -9 -23 -18
v -8 -23 -18
v -7 -23 -18
v -6 -23 -18
v -5 -23 -18
v -4 -23 -18
v -3 -23 -18
v -2 -23 -18
v -1 -23 -18
v 0 -23 -18
v 1 -23 -18
v 2 -23 -18
v 3 -23 -18
v 4 -23 -18
v 5 -23 -18
v 6 -23 -18
v 7 -23 -18
v 8 -23 -18
v 9 -23 -18
v 10 -23 -18
v 11 -23 -18
v 12 -23 -18
v 13 -23 -18
v 14 -23 -18
v 15 -23 -18
v 16 -23 -18
v 17 -23 -18
v 18 -23 -18
v 19 -23 -18
v 20 -23 -18
v 21 -23 -18
v 22 -23 -18
v 23 -23 -18
v 24 -23 -18
v 25 -23 -18
v 26 -23 -18
v 27 -23 -18
v -21 24 -17
v -21 25 -17
v -20 25 -17
v -20 24 -17
v -19 25 -17
v -19 24 -17
v -21 23 -17
v -19 23 -17
v -22 22 -17
v -22 23 -17
v -21 22 -17
v -19 22 -17
v -22 21 -17
v -19 21 -17
v -22 20 -17
v -19 20 -17
v -22 19 -17
v -19 19 -17
v -22 18 -17
v -21 18 -17
v -21 19 -17
v -18 19 -17
v -18 18 -17
v -21 17 -17
v -17 18 -17
v -17 17 -17
v -21 16 -17
v -20 16 -17
v -20 17 -17
v -19 16 -17
v -16 17 -17
v -15 17 -17
v -14 17 -17
v -13 16 -17
v -14 16 -17
v -13 17 -17
v -12 17 -17
v -12 16 -17
v -19 15 -17
v -18 15 -17
v -18 16 -17
v -17 15 -17
v -16 15 -17
v -15 15 -17
v -14 15 -17
v -15 16 -17
v -5 -4 -17
v -5 -3 -17
v -4 -3 -17
v -4 -4 -17
v -6 -5 -17
v -6 -4 -17
v -5 -5 -17
v -4 -5 -17
v -3 -4 -17
v -3 -5 -17
v 14 -5 -17
v 14 -4 -17
v 15 -4 -17
v 15 -5 -17
v -19 -6 -17
v -19 -5 -17
v -18 -5 -17
v -18 -6 -17
v -7 -6 -17
v -7 -5 -17
v -6 -6 -17
v -3 -6 -17
v -2 -5 -17
v -2 -6 -17
v 13 -6 -17
v 13 -5 -17
v 14 -6 -17
v 15 -6 -17
v 16 -5 -17
v 16 -6 -17
v -20 -7 -17
v -20 -6 -17
v -19 -7 -17
v -18 -7 -17
v -17 -6 -17
v -17 -7 -17
v -8 -7 -17
v -8 -6 -17
v -7 -7 -17
v -2 -7 -17
v -1 -6 -17
v -1 -7 -17
v 12 -7 -17
v 12 -6 -17
v 13 -7 -17
v 16 -7 -17
v 17 -6 -17
v 17 -7 -17
v -21 -8 -17
v -21 -7 -17
v -20 -8 -17
v -17 -8 -17
v -16 -7 -17
v -16 -8 -17
v -9 -8 -17
v -9 -7 -17
v -8 -8 -17
v -1 -8 -17
v 0 -7 -17
v 0 -8 -17
v 11 -8 -17
v 11 -7 -17
v 12 -8 -17
v 17 -8 -17
v 18 -7 -17
v 18 -8 -17
v -22 -9 -17
v -22 -8 -17
v -21 -9 -17
v -16 -9 -17
v -15 -8 -17
v -15 -9 -17
v -10 -9 -17
v -10 -8 -17
v -9 -9 -17
v 0 -9 -17
v 1 -8 -17
v 1 -9 -17
v 10 -9 -17
v 10 -8 -17
v 11 -9 -17
v 18 -9 -17
v 19 -8 -17
v 19 -9 -17
v -23 -10 -17
v -23 -9 -17
v -22 -10 -17
v -15 -10 -17
v -14 -9 -17
v -14 -10 -17
v -11 -10 -17
v -11 -9 -17
v -10 -10 -17
v -9 -10 -17
v 1 -10 -17
v 2 -9 -17
v 2 -10 -17
v 9 -10 -17
v 9 -9 -17
v 10 -10 -17
v 19 -10 -17
v 20 -9 -17
v 20 -10 -17
v -10 -11 -17
v -9 -11 -17
v 1 -11 -17
v 3 -10 -17
v 3 -11 -17
v 2 -11 -17
v -24 -12 -17
v -24 -11 -17
v -23 -11 -17
v -23 -12 -17
v -14 -12 -17
v -14 -11 -17
v -13 -11 -17
v -13 -12 -17
v -10 -12 -17
v -9 -12 -17
v 1 -12 -17
v 2 -12 -17
v 8 -12 -17
v 8 -11 -17
v 9 -11 -17
v 9 -12 -17
v 20 -12 -17
v 20 -11 -17
v 21 -11 -17
v 21 -12 -17
v -25 -13 -17
v -25 -12 -17
v -24 -13 -17
v -23 -13 -17
v -14 -13 -17
v -12 -12 -17
v -12 -13 -17
v -13 -13 -17
v -10 -13 -17
v -9 -13 -17
v 1 -13 -17
v 2 -13 -17
v 7 -13 -17
v 7 -12 -17
v 8 -13 -17
v 9 -13 -17
v 20 -13 -17
v 22 -12 -17
v 22 -13 -17
v 21 -13 -17
v -24 -14 -17
v -23 -14 -17
v -14 -14 -17
v -13 -14 -17
v -10 -14 -17
v -9 -14 -17
v 1 -14 -17
v 2 -14 -17
v 8 -14 -17
v 9 -14 -17
v 20 -14 -17
v 21 -14 -17
v -24 -15 -17
v -23 -15 -17
v -14 -15 -17
v -13 -15 -17
v -10 -15 -17
v -9 -15 -17
v 1 -15 -17
v 2 -15 -17
v 8 -15 -17
v 9 -15 -17
v 20 -15 -17
v 21 -15 -17
v -24 -16 -17
v -23 -16 -17
v -14 -16 -17
v -13 -16 -17
v -10 -16 -17
v -9 -16 -17
v 1 -16 -17
v 2 -16 -17
v 8 -16 -17
v 9 -16 -17
v 20 -16 -17
v 21 -16 -17
v -24 -17 -17
v -23 -17 -17
v -14 -17 -17
v -13 -17 -17
v -10 -17 -17
v -9 -17 -17
v 1 -17 -17
v 2 -17 -17
v 8 -17 -17
v 9 -17 -17
v 20 -17 -17
v 21 -17 -17
v -24 -18 -17
v -23 -18 -17
v -14 -18 -17
v -13 -18 -17
v -10 -18 -17
v -9 -18 -17
v 1 -18 -17
v 2 -18 -17
v 8 -18 -17
v 9 -18 -17
v 20 -18 -17
v 21 -18 -17
v -24 -19 -17
v -23 -19 -17
v -14 -19 -17
v -13 -19 -17
v -10 -19 -17
v -9 -19 -17
v 1 -19 -17
v 2 -19 -17
v 8 -19 -17
v 9 -19 -17
v 20 -19 -17
v 21 -19 -17
v -24 -20 -17
v -23 -20 -17
v -14 -20 -17
v -13 -20 -17
v -10 -20 -17
v -9 -20 -17
v 1 -20 -17
v 2 -20 -17
v 8 -20 -17
v 9 -20 -17
v 20 -20 -17
v 21 -20 -17
v -24 -21 -17
v -22 -20 -17
v -21 -20 -17
v -20 -20 -17
v -19 -20 -17
v -18 -20 -17
v -17 -20 -17
v -16 -20 -17
v -15 -20 -17
v -13 -21 -17
v -10 -21 -17
v -8 -20 -17
v -7 -20 -17
v -6 -20 -17
v -5 -20 -17
v -4 -20 -17
v -3 -20 -17
v -2 -20 -17
v -1 -20 -17
v 0 -20 -17
v 2 -21 -17
v 8 -21 -17
v 10 -20 -17
v 11 -20 -17
v 12 -20 -17
v 13 -20 -17
v 14 -20 -17
v 15 -20 -17
v 16 -20 -17
v 17 -20 -17
v 18 -20 -17
v 19 -20 -17
v 21 -21 -17
v -27 -22 -17
v -27 -21 -17
v -26 -21 -17
v -25 -21 -17
v -12 -21 -17
v -11 -21 -17
v 3 -21 -17
v 4 -21 -17
v 5 -21 -17
v 6 -21 -17
v 7 -21 -17
v 22 -21 -17
v 23 -21 -17
v 24 -21 -17
v 25 -21 -17
v 26 -21 -17
v 27 -21 -17
v 27 -22 -17
v -27 -23 -17
v -26 -23 -17
v -25 -23 -17
v -24 -23 -17
v -23 -23 -17
v -22 -23 -17
v -21 -23 -17
v -20 -23 -17
v -19 -23 -17
v -18 -23 -17
v -17 -23 -17
v -16 -23 -17
v -15 -23 -17
v -14 -23 -17
v -13 -23 -17
v -12 -23 -17
v -11 -23 -17
v -10 -23 -17
v -9 -23 -17
v -8 -23 -17
v -7 -23 -17
v -6 -23 -17
v -5 -23 -17
v -4 -23 -17
v -3 -23 -17
v -2 -23 -17
v -1 -23 -17
v 0 -23 -17
v 1 -23 -17
v 2 -23 -17
v 3 -23 -17
v 4 -23 -17
v 5 -23 -17
v 6 -23 -17
v 7 -23 -17
v 8 -23 -17
v 9 -23 -17
v 10 -23 -17
v 11 -23 -17
v 12 -23 -17
v 13 -23 -17
v 14 -23 -17
v 15 -23 -17
v 16 -23 -17
v 17 -23 -17
v 18 -23 -17
v 19 -23 -17
v 20 -23 -17
v 21 -23 -17
v 22 -23 -17
v 23 -23 -17
v 24 -23 -17
v 25 -23 -17
v 26 -23 -17
v 27 -23 -17
v -20 24 -16
v -20 25 -16
v -19 25 -16
v -19 24 -16
v -21 23 -16
v -21 24 -16
v -20 23 -16
v -19 23 -16
v -21 22 -16
v -19 22 -16
v -22 21 -16
v -22 22 -16
v -21 21 -16
v -19 21 -16
v -22 20 -16
v -21 20 -16
v -19 20 -16
v -22 19 -16
v -21 19 -16
v -18 20 -17
v -18 20 -16
v -18 19 -16
v -21 18 -16
v -18 18 -16
v -21 17 -16
v -20 17 -16
v -20 18 -16
v -17 18 -16
v -16 18 -17
v -16 18 -16
v -16 17 -16
v -20 16 -16
v -19 16 -16
v -19 17 -16
v -18 16 -16
v -15 17 -16
v -14 16 -16
v -15 16 -16
v -14 17 -16
v -13 17 -16
v -13 16 -16
v -18 15 -16
v -17 15 -16
v -17 16 -16
v -16 15 -16
v -16 16 -16
v -15 15 -16
v -5 -4 -16
v -5 -3 -16
v -4 -3 -16
v -4 -4 -16
v -6 -5 -16
v -6 -4 -16
v -5 -5 -16
v -4 -5 -16
v -3 -4 -16
v -3 -5 -16
v 14 -5 -16
v 14 -4 -16
v 15 -4 -16
v 15 -5 -16
v -19 -6 -16
v -19 -5 -16
v -18 -5 -16
v -18 -6 -16
v -7 -6 -16
v -7 -5 -16
v -6 -6 -16
v -3 -6 -16
v -2 -5 -16
v -2 -6 -16
v 13 -6 -16
v 13 -5 -16
v 14 -6 -16
v 15 -6 -16
v 16 -5 -16
v 16 -6 -16
v -20 -7 -16
v -20 -6 -16
v -19 -7 -16
v -18 -7 -16
v -17 -6 -16
v -17 -7 -16
v -8 -7 -16
v -8 -6 -16
v -7 -7 -16
v -2 -7 -16
v -1 -6 -16
v -1 -7 -16
v 12 -7 -16
v 12 -6 -16
v 13 -7 -16
v 16 -7 -16
v 17 -6 -16
v 17 -7 -16
v -21 -8 -16
v -21 -7 -16
v -20 -8 -16
v -17 -8 -16
v -16 -7 -16
v -16 -8 -16
v -9 -8 -16
v -9 -7 -16
v -8 -8 -16
v -1 -8 -16
v 0 -7 -16
v 0 -8 -16
v 11 -8 -16
v 11 -7 -16
v 12 -8 -16
v 17 -8 -16
v 18 -7 -16
v 18 -8 -16
v -22 -9 -16
v -22 -8 -16
v -21 -9 -16
v -16 -9 -16
v -15 -8 -16
v -15 -9 -16
v -10 -9 -16
v -10 -8 -16
v -9 -9 -16
v 0 -9 -16
v 1 -8 -16
v 1 -9 -16
v 10 -9 -16
v 10 -8 -16
v 11 -9 -16
v 18 -9 -16
v 19 -8 -16
v 19 -9 -16
v -23 -10 -16
v -23 -9 -16
v -22 -10 -16
v -15 -10 -16
v -14 -9 -16
v -14 -10 -16
v -11 -10 -16
v -11 -9 -16
v -10 -10 -16
v -9 -10 -16
v 1 -10 -16
v 2 -9 -16
v 2 -10 -16
v 9 -10 -16
v 9 -9 -16
v 10 -10 -16
v 19 -10 -16
v 20 -9 -16
v 20 -10 -16
v -10 -11 -16
v -9 -11 -16
v 1 -11 -16
v 3 -10 -16
v 3 -11 -16
v 2 -11 -16
v -24 -12 -16
v -24 -11 -16
v -23 -11 -16
v -23 -12 -16
v -14 -12 -16
v -14 -11 -16
v -13 -11 -16
v -13 -12 -16
v -10 -12 -16
v -9 -12 -16
v 1 -12 -16
v 2 -12 -16
v 8 -12 -16
v 8 -11 -16
v 9 -11 -16
v 9 -12 -16
v 20 -12 -16
v 20 -11 -16
v 21 -11 -16
v 21 -12 -16
v -25 -13 -16
v -25 -12 -16
v -24 -13 -16
v -23 -13 -16
v -14 -13 -16
v -12 -12 -16
v -12 -13 -16
v -13 -13 -16
v -10 -13 -16
v -9 -13 -16
v 1 -13 -16
v 2 -13 -16
v 7 -13 -16
v 7 -12 -16
v 8 -13 -16
v 9 -13 -16
v 20 -13 -16
v 22 -12 -16
v 22 -13 -16
v 21 -13 -16
v -24 -14 -16
v -23 -14 -16
v -14 -14 -16
v -13 -14 -16
v -10 -14 -16
v -9 -14 -16
v 1 -14 -16
v 2 -14 -16
v 8 -14 -16
v 9 -14 -16
v 20 -14 -16
v 21 -14 -16
v -24 -15 -16
v -23 -15 -16
v -14 -15 -16
v -13 -15 -16
v -10 -15 -16
v -9 -15 -16
v 1 -15 -16
v 2 -15 -16
v 8 -15 -16
v 9 -15 -16
v 20 -15 -16
v 21 -15 -16
v -24 -16 -16
v -23 -16 -16
v -14 -16 -16
v -13 -16 -16
v -10 -16 -16
v -9 -16 -16
v 1 -16 -16
v 2 -16 -16
v 8 -16 -16
v 9 -16 -16
v 20 -16 -16
v 21 -16 -16
v -24 -17 -16
v -23 -17 -16
v -14 -17 -16
v -13 -17 -16
v -10 -17 -16
v -9 -17 -16
v 1 -17 -16
v 2 -17 -16
v 8 -17 -16
v 9 -17 -16
v 20 -17 -16
v 21 -17 -16
v -24 -18 -16
v -23 -18 -16
v -14 -18 -16
v -13 -18 -16
v -10 -18 -16
v -9 -18 -16
v 1 -18 -16
v 2 -18 -16
v 8 -18 -16
v 9 -18 -16
v 20 -18 -16
v 21 -18 -16
v -24 -19 -16
v -23 -19 -16
v -14 -19 -16
v -13 -19 -16
v -10 -19 -16
v -9 -19 -16
v 1 -19 -16
v 2 -19 -16
v 8 -19 -16
v 9 -19 -16
v 20 -19 -16
v 21 -19 -16
v -24 -20 -16
v -23 -20 -16
v -14 -20 -16
v -13 -20 -16
v -10 -20 -16
v -9 -20 -16
v 1 -20 -16
v 2 -20 -16
v 8 -20 -16
v 9 -20 -16
v 20 -20 -16
v 21 -20 -16
v -24 -21 -16
v -22 -20 -16
v -21 -20 -16
v -20 -20 -16
v -19 -20 -16
v -18 -20 -16
v -17 -20 -16
v -16 -20 -16
v -15 -20 -16
v -13 -21 -16
v -10 -21 -16
v -8 -20 -16
v -7 -20 -16
v -6 -20 -16
v -5 -20 -16
v -4 -20 -16
v -3 -20 -16
v -2 -20 -16
v -1 -20 -16
v 0 -20 -16
v 2 -21 -16
v 8 -21 -16
v 10 -20 -16
v 11 -20 -16
v 12 -20 -16
v 13 -20 -16
v 14 -20 -16
v 15 -20 -16
v 16 -20 -16
v 17 -20 -16
v 18 -20 -16
v 19 -20 -16
v 21 -21 -16
v -27 -22 -16
v -27 -21 -16
v -26 -21 -16
v -25 -21 -16
v -12 -21 -16
v -11 -21 -16
v 3 -21 -16
v 4 -21 -16
v 5 -21 -16
v 6 -21 -16
v 7 -21 -16
v 22 -21 -16
v 23 -21 -16
v 24 -21 -16
v 25 -21 -16
v 26 -21 -16
v 27 -21 -16
v 27 -22 -16
v -27 -23 -16
v -26 -23 -16
v -25 -23 -16
v -24 -23 -16
v -23 -23 -16
v -22 -23 -16
v -21 -23 -16
v -20 -23 -16
v -19 -23 -16
v -18 -23 -16
v -17 -23 -16
v -16 -23 -16
v -15 -23 -16
v -14 -23 -16
v -13 -23 -16
v -12 -23 -16
v -11 -23 -16
v -10 -23 -16
v -9 -23 -16
v -8 -23 -16
v -7 -23 -16
v -6 -23 -16
v -5 -23 -16
v -4 -23 -16
v -3 -23 -16
v -2 -23 -16
v -1 -23 -16
v 0 -23 -16
v 1 -23 -16
v 2 -23 -16
v 3 -23 -16
v 4 -23 -16
v 5 -23 -16
v 6 -23 -16
v 7 -23 -16
v 8 -23 -16
v 9 -23 -16
v 10 -23 -16
v 11 -23 -16
v 12 -23 -16
v 13 -23 -16
v 14 -23 -16
v 15 -23 -16
v 16 -23 -16
v 17 -23 -16
v 18 -23 -16
v 19 -23 -16
v 20 -23 -16
v 21 -23 -16
v 22 -23 -16
v 23 -23 -16
v 24 -23 -16
v 25 -23 -16
v 26 -23 -16
v 27 -23 -16
v -20 23 -15
v -20 24 -15
v -19 24 -15
v -19 23 -15
v -21 22 -15
v -21 23 -15
v -20 22 -15
v -19 22 -15
v -21 21 -15
v -20 21 -15
v -19 21 -15
v -21 20 -15
v -20 20 -15
v -19 20 -15
v -21 19 -15
v -20 19 -15
v -18 20 -15
v -18 19 -15
v -21 18 -15
v -20 18 -15
v -19 18 -15
v -19 19 -15
v -17 19 -16
v -17 19 -15
v -17 18 -15
v -20 17 -15
v -19 17 -15
v -18 17 -15
v -18 18 -15
v -16 18 -15
v -16 17 -15
v -19 16 -15
v -18 16 -15
v -17 16 -15
v -17 17 -15
v -16 16 -15
v -15 16 -15
v -15 17 -15
v -14 17 -15
v -14 16 -15
v -5 -4 -15
v -5 -3 -15
v -4 -3 -15
v -4 -4 -15
v -6 -5 -15
v -6 -4 -15
v -5 -5 -15
v -4 -5 -15
v -3 -4 -15
v -3 -5 -15
v 14 -5 -15
v 14 -4 -15
v 15 -4 -15
v 15 -5 -15
v -19 -6 -15
v -19 -5 -15
v -18 -5 -15
v -18 -6 -15
v -7 -6 -15
v -7 -5 -15
v -6 -6 -15
v -3 -6 -15
v -2 -5 -15
v -2 -6 -15
v 13 -6 -15
v 13 -5 -15
v 14 -6 -15
v 15 -6 -15
v 16 -5 -15
v 16 -6 -15
v -20 -7 -15
v -20 -6 -15
v -19 -7 -15
v -18 -7 -15
v -17 -6 -15
v -17 -7 -15
v -8 -7 -15
v -8 -6 -15
v -7 -7 -15
v -2 -7 -15
v -1 -6 -15
v -1 -7 -15
v 12 -7 -15
v 12 -6 -15
v 13 -7 -15
v 16 -7 -15
v 17 -6 -15
v 17 -7 -15
v -21 -8 -15
v -21 -7 -15
v -20 -8 -15
v -17 -8 -15
v -16 -7 -15
v -16 -8 -15
v -9 -8 -15
v -9 -7 -15
v -8 -8 -15
v -1 -8 -15
v 0 -7 -15
v 0 -8 -15
v 11 -8 -15
v 11 -7 -15
v 12 -8 -15
v 17 -8 -15
v 18 -7 -15
v 18 -8 -15
v -22 -9 -15
v -22 -8 -15
v -21 -9 -15
v -16 -9 -15
v -15 -8 -15
v -15 -9 -15
v -10 -9 -15
v -10 -8 -15
v -9 -9 -15
v 0 -9 -15
v 1 -8 -15
v 1 -9 -15
v 10 -9 -15
v 10 -8 -15
v 11 -9 -15
v 18 -9 -15
v 19 -8 -15
v 19 -9 -15
v -23 -10 -15
v -23 -9 -15
v -22 -10 -15
v -15 -10 -15
v -14 -9 -15
v -14 -10 -15
v -11 -10 -15
v -11 -9 -15
v -10 -10 -15
v -9 -10 -15
v 1 -10 -15
v 2 -9 -15
v 2 -10 -15
v 9 -10 -15
v 9 -9 -15
v 10 -10 -15
v 19 -10 -15
v 20 -9 -15
v 20 -10 -15
v -10 -11 -15
v -9 -11 -15
v 1 -11 -15
v 3 -10 -15
v 3 -11 -15
v 2 -11 -15
v -24 -12 -15
v -24 -11 -15
v -23 -11 -15
v -23 -12 -15
v -14 -12 -15
v -14 -11 -15
v -13 -11 -15
v -13 -12 -15
v -10 -12 -15
v -9 -12 -15
v 1 -12 -15
v 2 -12 -15
v 8 -12 -15
v 8 -11 -15
v 9 -11 -15
v 9 -12 -15
v 20 -12 -15
v 20 -11 -15
v 21 -11 -15
v 21 -12 -15
v -25 -13 -15
v -25 -12 -15
v -24 -13 -15
v -23 -13 -15
v -14 -13 -15
v -12 -12 -15
v -12 -13 -15
v -13 -13 -15
v -10 -13 -15
v -9 -13 -15
v 1 -13 -15
v 2 -13 -15
v 7 -13 -15
v 7 -12 -15
v 8 -13 -15
v 9 -13 -15
v 20 -13 -15
v 22 -12 -15
v 22 -13 -15
v 21 -13 -15
v -24 -14 -15
v -23 -14 -15
v -14 -14 -15
v -13 -14 -15
v -10 -14 -15
v -9 -14 -15
v 1 -14 -15
v 2 -14 -15
v 8 -14 -15
v 9 -14 -15
v 20 -14 -15
v 21 -14 -15
v -24 -15 -15
v -23 -15 -15
v -14 -15 -15
v -13 -15 -15
v -10 -15 -15
v -9 -15 -15
v 1 -15 -15
v 2 -15 -15
v 8 -15 -15
v 9 -15 -15
v 20 -15 -15
v 21 -15 -15
v -24 -16 -15
v -23 -16 -15
v -14 -16 -15
v -13 -16 -15
v -10 -16 -15
v -9 -16 -15
v 1 -16 -15
v 2 -16 -15
v 8 -16 -15
v 9 -16 -15
v 20 -16 -15
v 21 -16 -15
v -24 -17 -15
v -23 -17 -15
v -14 -17 -15
v -13 -17 -15
v -10 -17 -15
v -9 -17 -15
v 1 -17 -15
v 2 -17 -15
v 8 -17 -15
v 9 -17 -15
v 20 -17 -15
v 21 -17 -15
v -24 -18 -15
v -23 -18 -15
v -14 -18 -15
v -13 -18 -15
v -10 -18 -15
v -9 -18 -15
v 1 -18 -15
v 2 -18 -15
v 8 -18 -15
v 9 -18 -15
v 20 -18 -15
v 21 -18 -15
v -24 -19 -15
v -23 -19 -15
v -14 -19 -15
v -13 -19 -15
v -10 -19 -15
v -9 -19 -15
v 1 -19 -15
v 2 -19 -15
v 8 -19 -15
v 9 -19 -15
v 20 -19 -15
v 21 -19 -15
v -24 -20 -15
v -23 -20 -15
v -14 -20 -15
v -13 -20 -15
v -10 -20 -15
v -9 -20 -15
v 1 -20 -15
v 2 -20 -15
v 8 -20 -15
v 9 -20 -15
v 20 -20 -15
v 21 -20 -15
v -24 -21 -15
v -22 -20 -15
v -21 -20 -15
v -20 -20 -15
v -19 -20 -15
v -18 -20 -15
v -17 -20 -15
v -16 -20 -15
v -15 -20 -15
v -13 -21 -15
v -10 -21 -15
v -8 -20 -15
v -7 -20 -15
v -6 -20 -15
v -5 -20 -15
v -4 -20 -15
v -3 -20 -15
v -2 -20 -15
v -1 -20 -15
v 0 -20 -15
v 2 -21 -15
v 8 -21 -15
v 10 -20 -15
v 11 -20 -15
v 12 -20 -15
v 13 -20 -15
v 14 -20 -15
v 15 -20 -15
v 16 -20 -15
v 17 -20 -15
v 18 -20 -15
v 19 -20 -15
v 21 -21 -15
v -27 -22 -15
v -27 -21 -15
v -26 -21 -15
v -25 -21 -15
v -12 -21 -15
v -11 -21 -15
v 3 -21 -15
v 4 -21 -15
v 5 -21 -15
v 6 -21 -15
v 7 -21 -15
v 22 -21 -15
v 23 -21 -15
v 24 -21 -15
v 25 -21 -15
v 26 -21 -15
v 27 -21 -15
v 27 -22 -15
v -27 -23 -15
v -26 -23 -15
v -25 -23 -15
v -24 -23 -15
v -23 -23 -15
v -22 -23 -15
v -21 -23 -15
v -20 -23 -15
v -19 -23 -15
v -18 -23 -15
v -17 -23 -15
v -16 -23 -15
v -15 -23 -15
v -14 -23 -15
v -13 -23 -15
v -12 -23 -15
v -11 -23 -15
v -10 -23 -15
v -9 -23 -15
v -8 -23 -15
v -7 -23 -15
v -6 -23 -15
v -5 -23 -15
v -4 -23 -15
v -3 -23 -15
v -2 -23 -15
v -1 -23 -15
v 0 -23 -15
v 1 -23 -15
v 2 -23 -15
v 3 -23 -15
v 4 -23 -15
v 5 -23 -15
v 6 -23 -15
v 7 -23 -15
v 8 -23 -15
v 9 -23 -15
v 10 -23 -15
v 11 -23 -15
v 12 -23 -15
v 13 -23 -15
v 14 -23 -15
v 15 -23 -15
v 16 -23 -15
v 17 -23 -15
v 18 -23 -15
v 19 -23 -15
v 20 -23 -15
v 21 -23 -15
v 22 -23 -15
v 23 -23 -15
v 24 -23 -15
v 25 -23 -15
v 26 -23 -15
v 27 -23 -15
v -20 21 -14
v -20 22 -14
v -19 22 -14
v -19 21 -14
v -20 20 -14
v -19 20 -14
v -18 21 -15
v -18 21 -14
v -18 20 -14
v -20 19 -14
v -19 19 -14
v -18 19 -14
v -19 18 -14
v -18 18 -14
v -17 19 -14
v -17 18 -14
v -18 17 -14
v -17 17 -14
v -16 17 -14
v -16 18 -14
v -15 18 -15
v -15 18 -14
v -15 17 -14
v -5 -4 -14
v -5 -3 -14
v -4 -3 -14
v -4 -4 -14
v -6 -5 -14
v -6 -4 -14
v -5 -5 -14
v -4 -5 -14
v -3 -4 -14
v -3 -5 -14
v 14 -5 -14
v 14 -4 -14
v 15 -4 -14
v 15 -5 -14
v -19 -6 -14
v -19 -5 -14
v -18 -5 -14
v -18 -6 -14
v -7 -6 -14
v -7 -5 -14
v -6 -6 -14
v -3 -6 -14
v -2 -5 -14
v -2 -6 -14
v 13 -6 -14
v 13 -5 -14
v 14 -6 -14
v 15 -6 -14
v 16 -5 -14
v 16 -6 -14
v -20 -7 -14
v -20 -6 -14
v -19 -7 -14
v -18 -7 -14
v -17 -6 -14
v -17 -7 -14
v -8 -7 -14
v -8 -6 -14
v -7 -7 -14
v -2 -7 -14
v -1 -6 -14
v -1 -7 -14
v 12 -7 -14
v 12 -6 -14
v 13 -7 -14
v 16 -7 -14
v 17 -6 -14
v 17 -7 -14
v -21 -8 -14
v -21 -7 -14
v -20 -8 -14
v -17 -8 -14
v -16 -7 -14
v -16 -8 -14
v -9 -8 -14
v -9 -7 -14
v -8 -8 -14
v -1 -8 -14
v 0 -7 -14
v 0 -8 -14
v 11 -8 -14
v 11 -7 -14
v 12 -8 -14
v 17 -8 -14
v 18 -7 -14
v 18 -8 -14
v -22 -9 -14
v -22 -8 -14
v -21 -9 -14
v -16 -9 -14
v -15 -8 -14
v -15 -9 -14
v -10 -9 -14
v -10 -8 -14
v -9 -9 -14
v 0 -9 -14
v 1 -8 -14
v 1 -9 -14
v 10 -9 -14
v 10 -8 -14
v 11 -9 -14
v 18 -9 -14
v 19 -8 -14
v 19 -9 -14
v -23 -10 -14
v -23 -9 -14
v -22 -10 -14
v -15 -10 -14
v -14 -9 -14
v -14 -10 -14
v -11 -10 -14
v -11 -9 -14
v -10 -10 -14
v -9 -10 -14
v 1 -10 -14
v 2 -9 -14
v 2 -10 -14
v 9 -10 -14
v 9 -9 -14
v 10 -10 -14
v 19 -10 -14
v 20 -9 -14
v 20 -10 -14
v -10 -11 -14
v -9 -11 -14
v 1 -11 -14
v 3 -10 -14
v 3 -11 -14
v 2 -11 -14
v -24 -12 -14
v -24 -11 -14
v -23 -11 -14
v -23 -12 -14
v -14 -12 -14
v -14 -11 -14
v -13 -11 -14
v -13 -12 -14
v -10 -12 -14
v -9 -12 -14
v 1 -12 -14
v 2 -12 -14
v 8 -12 -14
v 8 -11 -14
v 9 -11 -14
v 9 -12 -14
v 20 -12 -14
v 20 -11 -14
v 21 -11 -14
v 21 -12 -14
v -25 -13 -14
v -25 -12 -14
v -24 -13 -14
v -23 -13 -14
v -14 -13 -14
v -12 -12 -14
v -12 -13 -14
v -13 -13 -14
v -10 -13 -14
v -9 -13 -14
v 1 -13 -14
v 2 -13 -14
v 7 -13 -14
v 7 -12 -14
v 8 -13 -14
v 9 -13 -14
v 20 -13 -14
v 22 -12 -14
v 22 -13 -14
v 21 -13 -14
v -24 -14 -14
v -23 -14 -14
v -14 -14 -14
v -13 -14 -14
v -10 -14 -14
v -9 -14 -14
v 1 -14 -14
v 2 -14 -14
v 8 -14 -14
v 9 -14 -14
v 20 -14 -14
v 21 -14 -14
v -24 -15 -14
v -23 -15 -14
v -14 -15 -14
v -13 -15 -14
v -10 -15 -14
v -9 -15 -14
v 1 -15 -14
v 2 -15 -14
v 8 -15 -14
v 9 -15 -14
v 20 -15 -14
v 21 -15 -14
v -24 -16 -14
v -23 -16 -14
v -14 -16 -14
v -13 -16 -14
v -10 -16 -14
v -9 -16 -14
v 1 -16 -14
v 2 -16 -14
v 8 -16 -14
v 9 -16 -14
v 20 -16 -14
v 21 -16 -14
v -24 -17 -14
v -23 -17 -14
v -14 -17 -14
v -13 -17 -14
v -10 -17 -14
v -9 -17 -14
v 1 -17 -14
v 2 -17 -14
v 8 -17 -14
v 9 -17 -14
v 20 -17 -14
v 21 -17 -14
v -24 -18 -14
v -23 -18 -14
v -14 -18 -14
v -13 -18 -14
v -10 -18 -14
v -9 -18 -14
v 1 -18 -14
v 2 -18 -14
v 8 -18 -14
v 9 -18 -14
v 20 -18 -14
v 21 -18 -14
v -24 -19 -14
v -23 -19 -14
v -14 -19 -14
v -13 -19 -14
v -10 -19 -14
v -9 -19 -14
v 1 -19 -14
v 2 -19 -14
v 8 -19 -14
v 9 -19 -14
v 20 -19 -14
v 21 -19 -14
v -24 -20 -14
v -23 -20 -14
v -14 -20 -14
v -13 -20 -14
v -10 -20 -14
v -9 -20 -14
v 1 -20 -14
v 2 -20 -14
v 8 -20 -14
v 9 -20 -14
v 20 -20 -14
v 21 -20 -14
v -24 -21 -14
v -22 -20 -14
v -21 -20 -14
v -20 -20 -14
v -19 -20 -14
v -18 -20 -14
v -17 -20 -14
v -16 -20 -14
v -15 -20 -14
v -13 -21 -14
v -10 -21 -14
v -8 -20 -14
v -7 -20 -14
v -6 -20 -14
v -5 -20 -14
v -4 -20 -14
v -3 -20 -14
v -2 -20 -14
v -1 -20 -14
v 0 -20 -14
v 2 -21 -14
v 8 -21 -14
v 10 -20 -14
v 11 -20 -14
v 12 -20 -14
v 13 -20 -14
v 14 -20 -14
v 15 -20 -14
v 16 -20 -14
v 17 -20 -14
v 18 -20 -14
v 19 -20 -14
v 21 -21 -14
v -27 -22 -14
v -27 -21 -14
v -26 -21 -14
v -25 -21 -14
v -12 -21 -14
v -11 -21 -14
v 3 -21 -14
v 4 -21 -14
v 5 -21 -14
v 6 -21 -14
v 7 -21 -14
v 22 -21 -14
v 23 -21 -14
v 24 -21 -14
v 25 -21 -14
v 26 -21 -14
v 27 -21 -14
v 27 -22 -14
v -27 -23 -14
v -26 -23 -14
v -25 -23 -14
v -24 -23 -14
v -23 -23 -14
v -22 -23 -14
v -21 -23 -14
v -20 -23 -14
v -19 -23 -14
v -18 -23 -14
v -17 -23 -14
v -16 -23 -14
v -15 -23 -14
v -14 -23 -14
v -13 -23 -14
v -12 -23 -14
v -11 -23 -14
v -10 -23 -14
v -9 -23 -14
v -8 -23 -14
v -7 -23 -14
v -6 -23 -14
v -5 -23 -14
v -4 -23 -14
v -3 -23 -14
v -2 -23 -14
v -1 -23 -14
v 0 -23 -14
v 1 -23 -14
v 2 -23 -14
v 3 -23 -14
v 4 -23 -14
v 5 -23 -14
v 6 -23 -14
v 7 -23 -14
v 8 -23 -14
v 9 -23 -14
v 10 -23 -14
v 11 -23 -14
v 12 -23 -14
v 13 -23 -14
v 14 -23 -14
v 15 -23 -14
v 16 -23 -14
v 17 -23 -14
v 18 -23 -14
v 19 -23 -14
v 20 -23 -14
v 21 -23 -14
v 22 -23 -14
v 23 -23 -14
v 24 -23 -14
v 25 -23 -14
v 26 -23 -14
v 27 -23 -14
v 6 17 -14
v 6 17 -13
v 6 18 -13
v 6 18 -14
v 7 17 -14
v 7 18 -14
v 7 18 -13
v 7 17 -13
v 5 16 -14
v 5 16 -13
v 5 17 -13
v 5 17 -14
v 6 16 -14
v 6 16 -13
v 7 16 -14
v 7 16 -13
v 8 16 -14
v 8 17 -14
v 8 17 -13
v 8 16 -13
v 6 15 -14
v 6 15 -13
v 7 15 -14
v 7 15 -13
v -5 -4 -13
v -5 -3 -13
v -4 -3 -13
v -4 -4 -13
v -6 -5 -13
v -6 -4 -13
v -5 -5 -13
v -4 -5 -13
v -3 -4 -13
v -3 -5 -13
v 14 -5 -13
v 14 -4 -13
v 15 -4 -13
v 15 -5 -13
v -19 -6 -13
v -19 -5 -13
v -18 -5 -13
v -18 -6 -13
v -7 -6 -13
v -7 -5 -13
v -6 -6 -13
v -3 -6 -13
v -2 -5 -13
v -2 -6 -13
v 13 -6 -13
v 13 -5 -13
v 14 -6 -13
v 15 -6 -13
v 16 -5 -13
v 16 -6 -13
v -20 -7 -13
v -20 -6 -13
v -19 -7 -13
v -18 -7 -13
v -17 -6 -13
v -17 -7 -13
v -8 -7 -13
v -8 -6 -13
v -7 -7 -13
v -2 -7 -13
v -1 -6 -13
v -1 -7 -13
v 12 -7 -13
v 12 -6 -13
v 13 -7 -13
v 16 -7 -13
v 17 -6 -13
v 17 -7 -13
v -21 -8 -13
v -21 -7 -13
v -20 -8 -13
v -17 -8 -13
v -16 -7 -13
v -16 -8 -13
v -9 -8 -13
v -9 -7 -13
v -8 -8 -13
v -1 -8 -13
v 0 -7 -13
v 0 -8 -13
v 11 -8 -13
v 11 -7 -13
v 12 -8 -13
v 17 -8 -13
v 18 -7 -13
v 18 -8 -13
v -22 -9 -13
v -22 -8 -13
v -21 -9 -13
v -16 -9 -13
v -15 -8 -13
v -15 -9 -13
v -10 -9 -13
v -10 -8 -13
v -9 -9 -13
v 0 -9 -13
v 1 -8 -13
v 1 -9 -13
v 10 -9 -13
v 10 -8 -13
v 11 -9 -13
v 18 -9 -13
v 19 -8 -13
v 19 -9 -13
v -23 -10 -13
v -23 -9 -13
v -22 -10 -13
v -15 -10 -13
v -14 -9 -13
v -14 -10 -13
v -11 -10 -13
v -11 -9 -13
v -10 -10 -13
v -9 -10 -13
v 1 -10 -13
v 2 -9 -13
v 2 -10 -13
v 9 -10 -13
v 9 -9 -13
v 10 -10 -13
v 19 -10 -13
v 20 -9 -13
v 20 -10 -13
v -10 -11 -13
v -9 -11 -13
v 1 -11 -13
v 3 -10 -13
v 3 -11 -13
v 2 -11 -13
v -24 -12 -13
v -24 -11 -13
v -23 -11 -13
v -23 -12 -13
v -14 -12 -13
v -14 -11 -13
v -13 -11 -13
v -13 -12 -13
v -10 -12 -13
v -9 -12 -13
v 1 -12 -13
v 2 -12 -13
v 8 -12 -13
v 8 -11 -13
v 9 -11 -13
v 9 -12 -13
v 20 -12 -13
v 20 -11 -13
v 21 -11 -13
v 21 -12 -13
v -25 -13 -13
v -25 -12 -13
v -24 -13 -13
v -23 -13 -13
v -14 -13 -13
v -12 -12 -13
v -12 -13 -13
v -13 -13 -13
v -10 -13 -13
v -9 -13 -13
v 1 -13 -13
v 2 -13 -13
v 7 -13 -13
v 7 -12 -13
v 8 -13 -13
v 9 -13 -13
v 20 -13 -13
v 22 -12 -13
v 22 -13 -13
v 21 -13 -13
v -24 -14 -13
v -23 -14 -13
v -14 -14 -13
v -13 -14 -13
v -10 -14 -13
v -9 -14 -13
v 1 -14 -13
v 2 -14 -13
v 8 -14 -13
v 9 -14 -13
v 20 -14 -13
v 21 -14 -13
v -24 -15 -13
v -23 -15 -13
v -14 -15 -13
v -13 -15 -13
v -10 -15 -13
v -9 -15 -13
v 1 -15 -13
v 2 -15 -13
v 8 -15 -13
v 9 -15 -13
v 20 -15 -13
v 21 -15 -13
v -24 -16 -13
v -23 -16 -13
v -14 -16 -13
v -13 -16 -13
v -10 -16 -13
v -9 -16 -13
v 1 -16 -13
v 2 -16 -13
v 8 -16 -13
v 9 -16 -13
v 20 -16 -13
v 21 -16 -13
v -24 -17 -13
v -23 -17 -13
v -14 -17 -13
v -13 -17 -13
v -10 -17 -13
v -9 -17 -13
v 1 -17 -13
v 2 -17 -13
v 8 -17 -13
v 9 -17 -13
v 20 -17 -13
v 21 -17 -13
v -24 -18 -13
v -23 -18 -13
v -14 -18 -13
v -13 -18 -13
v -10 -18 -13
v -9 -18 -13
v 1 -18 -13
v 2 -18 -13
v 8 -18 -13
v 9 -18 -13
v 20 -18 -13
v 21 -18 -13
v -24 -19 -13
v -23 -19 -13
v -14 -19 -13
v -13 -19 -13
v -10 -19 -13
v -9 -19 -13
v 1 -19 -13
v 2 -19 -13
v 8 -19 -13
v 9 -19 -13
v 20 -19 -13
v 21 -19 -13
v -24 -20 -13
v -23 -20 -13
v -14 -20 -13
v -13 -20 -13
v -10 -20 -13
v -9 -20 -13
v 1 -20 -13
v 2 -20 -13
v 8 -20 -13
v 9 -20 -13
v 20 -20 -13
v 21 -20 -13
v -24 -21 -13
v -22 -20 -13
v -21 -20 -13
v -20 -20 -13
v -19 -20 -13
v -18 -20 -13
v -17 -20 -13
v -16 -20 -13
v -15 -20 -13
v -13 -21 -13
v -10 -21 -13
v -8 -20 -13
v -7 -20 -13
v -6 -20 -13
v -5 -20 -13
v -4 -20 -13
v -3 -20 -13
v -2 -20 -13
v -1 -20 -13
v 0 -20 -13
v 2 -21 -13
v 8 -21 -13
v 10 -20 -13
v 11 -20 -13
v 12 -20 -13
v 13 -20 -13
v 14 -20 -13
v 15 -20 -13
v 16 -20 -13
v 17 -20 -13
v 18 -20 -13
v 19 -20 -13
v 21 -21 -13
v -27 -22 -13
v -27 -21 -13
v -26 -21 -13
v -25 -21 -13
v -12 -21 -13
v -11 -21 -13
v 3 -21 -13
v 4 -21 -13
v 5 -21 -13
v 6 -21 -13
v 7 -21 -13
v 22 -21 -13
v 23 -21 -13
v 24 -21 -13
v 25 -21 -13
v 26 -21 -13
v 27 -21 -13
v 27 -22 -13
v -27 -23 -13
v -26 -23 -13
v -25 -23 -13
v -24 -23 -13
v -23 -23 -13
v -22 -23 -13
v -21 -23 -13
v -20 -23 -13
v -19 -23 -13
v -18 -23 -13
v -17 -23 -13
v -16 -23 -13
v -15 -23 -13
v -14 -23 -13
v -13 -23 -13
v -12 -23 -13
v -11 -23 -13
v -10 -23 -13
v -9 -23 -13
v -8 -23 -13
v -7 -23 -13
v -6 -23 -13
v -5 -23 -13
v -4 -23 -13
v -3 -23 -13
v -2 -23 -13
v -1 -23 -13
v 0 -23 -13
v 1 -23 -13
v 2 -23 -13
v 3 -23 -13
v 4 -23 -13
v 5 -23 -13
v 6 -23 -13
v 7 -23 -13
v 8 -23 -13
v 9 -23 -13
v 10 -23 -13
v 11 -23 -13
v 12 -23 -13
v 13 -23 -13
v 14 -23 -13
v 15 -23 -13
v 16 -23 -13
v 17 -23 -13
v 18 -23 -13
v 19 -23 -13
v 20 -23 -13
v 21 -23 -13
v 22 -23 -13
v 23 -23 -13
v 24 -23 -13
v 25 -23 -13
v 26 -23 -13
v 27 -23 -13
v -5 -4 -12
v -5 -3 -12
v -4 -3 -12
v -4 -4 -12
v -6 -5 -12
v -6 -4 -12
v -5 -5 -12
v -4 -5 -12
v -3 -4 -12
v -3 -5 -12
v 14 -5 -12
v 14 -4 -12
v 15 -4 -12
v 15 -5 -12
v -19 -6 -12
v -19 -5 -12
v -18 -5 -12
v -18 -6 -12
v -7 -6 -12
v -7 -5 -12
v -6 -6 -12
v -3 -6 -12
v -2 -5 -12
v -2 -6 -12
v 13 -6 -12
v 13 -5 -12
v 14 -6 -12
v 15 -6 -12
v 16 -5 -12
v 16 -6 -12
v -20 -7 -12
v -20 -6 -12
v -19 -7 -12
v -18 -7 -12
v -17 -6 -12
v -17 -7 -12
v -8 -7 -12
v -8 -6 -12
v -7 -7 -12
v -2 -7 -12
v -1 -6 -12
v -1 -7 -12
v 12 -7 -12
v 12 -6 -12
v 13 -7 -12
v 16 -7 -12
v 17 -6 -12
v 17 -7 -12
v -21 -8 -12
v -21 -7 -12
v -20 -8 -12
v -17 -8 -12
v -16 -7 -12
v -16 -8 -12
v -9 -8 -12
v -9 -7 -12
v -8 -8 -12
v -1 -8 -12
v 0 -7 -12
v 0 -8 -12
v 11 -8 -12
v 11 -7 -12
v 12 -8 -12
v 17 -8 -12
v 18 -7 -12
v 18 -8 -12
v -22 -9 -12
v -22 -8 -12
v -21 -9 -12
v -16 -9 -12
v -15 -8 -12
v -15 -9 -12
v -10 -9 -12
v -10 -8 -12
v -9 -9 -12
v 0 -9 -12
v 1 -8 -12
v 1 -9 -12
v 10 -9 -12
v 10 -8 -12
v 11 -9 -12
v 18 -9 -12
v 19 -8 -12
v 19 -9 -12
v -23 -10 -12
v -23 -9 -12
v -22 -10 -12
v -15 -10 -12
v -14 -9 -12
v -14 -10 -12
v -11 -10 -12
v -11 -9 -12
v -10 -10 -12
v -9 -10 -12
v 1 -10 -12
v 2 -9 -12
v 2 -10 -12
v 9 -10 -12
v 9 -9 -12
v 10 -10 -12
v 19 -10 -12
v 20 -9 -12
v 20 -10 -12
v -10 -11 -12
v -9 -11 -12
v 1 -11 -12
v 3 -10 -12
v 3 -11 -12
v 2 -11 -12
v -24 -12 -12
v -24 -11 -12
v -23 -11 -12
v -23 -12 -12
v -14 -12 -12
v -14 -11 -12
v -13 -11 -12
v -13 -12 -12
v -10 -12 -12
v -9 -12 -12
v 1 -12 -12
v 2 -12 -12
v 8 -12 -12
v 8 -11 -12
v 9 -11 -12
v 9 -12 -12
v 20 -12 -12
v 20 -11 -12
v 21 -11 -12
v 21 -12 -12
v -25 -13 -12
v -25 -12 -12
v -24 -13 -12
v -23 -13 -12
v -14 -13 -12
v -12 -12 -12
v -12 -13 -12
v -13 -13 -12
v -10 -13 -12
v -9 -13 -12
v 1 -13 -12
v 2 -13 -12
v 7 -13 -12
v 7 -12 -12
v 8 -13 -12
v 9 -13 -12
v 20 -13 -12
v 22 -12 -12
v 22 -13 -12
v 21 -13 -12
v -24 -14 -12
v -23 -14 -12
v -14 -14 -12
v -13 -14 -12
v -10 -14 -12
v -9 -14 -12
v 1 -14 -12
v 2 -14 -12
v 8 -14 -12
v 9 -14 -12
v 20 -14 -12
v 21 -14 -12
v -24 -15 -12
v -23 -15 -12
v -14 -15 -12
v -13 -15 -12
v -10 -15 -12
v -9 -15 -12
v 1 -15 -12
v 2 -15 -12
v 8 -15 -12
v 9 -15 -12
v 20 -15 -12
v 21 -15 -12
v -24 -16 -12
v -23 -16 -12
v -14 -16 -12
v -13 -16 -12
v -10 -16 -12
v -9 -16 -12
v 1 -16 -12
v 2 -16 -12
v 8 -16 -12
v 9 -16 -12
v 20 -16 -12
v 21 -16 -12
v -24 -17 -12
v -23 -17 -12
v -14 -17 -12
v -13 -17 -12
v -10 -17 -12
v -9 -17 -12
v 1 -17 -12
v 2 -17 -12
v 8 -17 -12
v 9 -17 -12
v 20 -17 -12
v 21 -17 -12
v -24 -18 -12
v -23 -18 -12
v -14 -18 -12
v -13 -18 -12
v -10 -18 -12
v -9 -18 -12
v 1 -18 -12
v 2 -18 -12
v 8 -18 -12
v 9 -18 -12
v 20 -18 -12
v 21 -18 -12
v -24 -19 -12
v -23 -19 -12
v -14 -19 -12
v -13 -19 -12
v -10 -19 -12
v -9 -19 -12
v 1 -19 -12
v 2 -19 -12
v 8 -19 -12
v 9 -19 -12
v 20 -19 -12
v 21 -19 -12
v -24 -20 -12
v -23 -20 -12
v -14 -20 -12
v -13 -20 -12
v -10 -20 -12
v -9 -20 -12
v 1 -20 -12
v 2 -20 -12
v 8 -20 -12
v 9 -20 -12
v 20 -20 -12
v 21 -20 -12
v -24 -21 -12
v -22 -20 -12
v -21 -20 -12
v -20 -20 -12
v -19 -20 -12
v -18 -20 -12
v -17 -20 -12
v -16 -20 -12
v -15 -20 -12
v -13 -21 -12
v -10 -21 -12
v -8 -20 -12
v -7 -20 -12
v -6 -20 -12
v -5 -20 -12
v -4 -20 -12
v -3 -20 -12
v -2 -20 -12
v -1 -20 -12
v 0 -20 -12
v 2 -21 -12
v 8 -21 -12
v 10 -20 -12
v 11 -20 -12
v 12 -20 -12
v 13 -20 -12
v 14 -20 -12
v 15 -20 -12
v 16 -20 -12
v 17 -20 -12
v 18 -20 -12
v 19 -20 -12
v 21 -21 -12
v -27 -22 -12
v -27 -21 -12
v -26 -21 -12
v -25 -21 -12
v -12 -21 -12
v -11 -21 -12
v 3 -21 -12
v 4 -21 -12
v 5 -21 -12
v 6 -21 -12
v 7 -21 -12
v 22 -21 -12
v 23 -21 -12
v 24 -21 -12
v 25 -21 -12
v 26 -21 -12
v 27 -21 -12
v 27 -22 -12
v -27 -23 -12
v -26 -23 -12
v -25 -23 -12
v -24 -23 -12
v -23 -23 -12
v -22 -23 -12
v -21 -23 -12
v -20 -23 -12
v -19 -23 -12
v -18 -23 -12
v -17 -23 -12
v -16 -23 -12
v -15 -23 -12
v -14 -23 -12
v -13 -23 -12
v -12 -23 -12
v -11 -23 -12
v -10 -23 -12
v -9 -23 -12
v -8 -23 -12
v -7 -23 -12
v -6 -23 -12
v -5 -23 -12
v -4 -23 -12
v -3 -23 -12
v -2 -23 -12
v -1 -23 -12
v 0 -23 -12
v 1 -23 -12
v 2 -23 -12
v 3 -23 -12
v 4 -23 -12
v 5 -23 -12
v 6 -23 -12
v 7 -23 -12
v 8 -23 -12
v 9 -23 -12
v 10 -23 -12
v 11 -23 -12
v 12 -23 -12
v 13 -23 -12
v 14 -23 -12
v 15 -23 -12
v 16 -23 -12
v 17 -23 -12
v 18 -23 -12
v 19 -23 -12
v 20 -23 -12
v 21 -23 -12
v 22 -23 -12
v 23 -23 -12
v 24 -23 -12
v 25 -23 -12
v 26 -23 -12
v 27 -23 -12
v -5 -4 -11
v -5 -3 -11
v -4 -3 -11
v -4 -4 -11
v -6 -5 -11
v -6 -4 -11
v -5 -5 -11
v -4 -5 -11
v -3 -4 -11
v -3 -5 -11
v 14 -5 -11
v 14 -4 -11
v 15 -4 -11
v 15 -5 -11
v -19 -6 -11
v -19 -5 -11
v -18 -5 -11
v -18 -6 -11
v -7 -6 -11
v -7 -5 -11
v -5 -6 -12
v -6 -6 -11
v -5 -6 -11
v -4 -6 -12
v -4 -6 -11
v -3 -6 -11
v -2 -5 -11
v -2 -6 -11
v 13 -6 -11
v 13 -5 -11
v 14 -6 -11
v 15 -6 -11
v 16 -5 -11
v 16 -6 -11
v -20 -7 -11
v -20 -6 -11
v -19 -7 -11
v -18 -7 -11
v -17 -6 -11
v -17 -7 -11
v -8 -7 -11
v -8 -6 -11
v -6 -7 -12
v -7 -7 -11
v -6 -7 -11
v -5 -7 -12
v -5 -7 -11
v -4 -7 -12
v -4 -7 -11
v -3 -7 -12
v -3 -7 -11
v -2 -7 -11
v -1 -6 -11
v -1 -7 -11
v 12 -7 -11
v 12 -6 -11
v 13 -7 -11
v 16 -7 -11
v 17 -6 -11
v 17 -7 -11
v -21 -8 -11
v -21 -7 -11
v -19 -8 -12
v -20 -8 -11
v -19 -8 -11
v -18 -8 -12
v -18 -8 -11
v -17 -8 -11
v -16 -7 -11
v -16 -8 -11
v -9 -8 -11
v -9 -7 -11
v -7 -8 -12
v -8 -8 -11
v -7 -8 -11
v -6 -8 -12
v -6 -8 -11
v -5 -8 -12
v -5 -8 -11
v -4 -8 -12
v -4 -8 -11
v -3 -8 -12
v -3 -8 -11
v -2 -8 -12
v -2 -8 -11
v -1 -8 -11
v 0 -7 -11
v 0 -8 -11
v 11 -8 -11
v 11 -7 -11
v 12 -8 -11
v 17 -8 -11
v 18 -7 -11
v 18 -8 -11
v -22 -9 -11
v -22 -8 -11
v -20 -9 -12
v -21 -9 -11
v -20 -9 -11
v -19 -9 -12
v -19 -9 -11
v -18 -9 -12
v -18 -9 -11
v -17 -9 -12
v -17 -9 -11
v -16 -9 -11
v -15 -8 -11
v -15 -9 -11
v -10 -9 -11
v -10 -8 -11
v -8 -9 -12
v -9 -9 -11
v -8 -9 -11
v -7 -9 -12
v -7 -9 -11
v -6 -9 -12
v -6 -9 -11
v -5 -9 -12
v -5 -9 -11
v -4 -9 -12
v -4 -9 -11
v -3 -9 -12
v -3 -9 -11
v -2 -9 -12
v -2 -9 -11
v -1 -9 -12
v -1 -9 -11
v 0 -9 -11
v 1 -8 -11
v 1 -9 -11
v 10 -9 -11
v 10 -8 -11
v 11 -9 -11
v 18 -9 -11
v 19 -8 -11
v 19 -9 -11
v -23 -10 -11
v -23 -9 -11
v -21 -10 -12
v -22 -10 -11
v -21 -10 -11
v -20 -10 -12
v -20 -10 -11
v -19 -10 -12
v -19 -10 -11
v -18 -10 -12
v -18 -10 -11
v -17 -10 -12
v -17 -10 -11
v -16 -10 -12
v -16 -10 -11
v -15 -10 -11
v -14 -9 -11
v -14 -10 -11
v -11 -10 -11
v -11 -9 -11
v -10 -10 -11
v -9 -10 -11
v -8 -10 -12
v -8 -10 -11
v -7 -10 -12
v -7 -10 -11
v -6 -10 -12
v -6 -10 -11
v -5 -10 -12
v -5 -10 -11
v -4 -10 -12
v -4 -10 -11
v -3 -10 -12
v -3 -10 -11
v -2 -10 -12
v -2 -10 -11
v -1 -10 -12
v -1 -10 -11
v 0 -10 -12
v 0 -10 -11
v 1 -10 -11
v 2 -9 -11
v 2 -10 -11
v 9 -10 -11
v 9 -9 -11
v 10 -10 -11
v 19 -10 -11
v 20 -9 -11
v 20 -10 -11
v -23 -11 -11
v -22 -11 -12
v -22 -11 -11
v -21 -11 -12
v -21 -11 -11
v -20 -11 -12
v -20 -11 -11
v -19 -11 -12
v -19 -11 -11
v -18 -11 -12
v -18 -11 -11
v -17 -11 -12
v -17 -11 -11
v -16 -11 -12
v -16 -11 -11
v -15 -11 -12
v -15 -11 -11
v -14 -11 -11
v -10 -11 -11
v -9 -11 -11
v -8 -11 -12
v -8 -11 -11
v -7 -11 -12
v -7 -11 -11
v -6 -11 -12
v -6 -11 -11
v -5 -11 -12
v -5 -11 -11
v -4 -11 -12
v -4 -11 -11
v -3 -11 -12
v -3 -11 -11
v -2 -11 -12
v -2 -11 -11
v -1 -11 -12
v -1 -11 -11
v 0 -11 -12
v 0 -11 -11
v 1 -11 -11
v 2 -11 -11
v 3 -10 -11
v 3 -11 -11
v -24 -12 -11
v -24 -11 -11
v -22 -12 -12
v -23 -12 -11
v -22 -12 -11
v -21 -12 -12
v -21 -12 -11
v -20 -12 -12
v -20 -12 -11
v -19 -12 -12
v -19 -12 -11
v -18 -12 -12
v -18 -12 -11
v -17 -12 -12
v -17 -12 -11
v -16 -12 -12
v -16 -12 -11
v -15 -12 -12
v -15 -12 -11
v -14 -12 -11
v -13 -11 -11
v -13 -12 -11
v -10 -12 -11
v -9 -12 -11
v -8 -12 -12
v -8 -12 -11
v -7 -12 -12
v -7 -12 -11
v -6 -12 -12
v -6 -12 -11
v -5 -12 -12
v -5 -12 -11
v -4 -12 -12
v -4 -12 -11
v -3 -12 -12
v -3 -12 -11
v -2 -12 -12
v -2 -12 -11
v -1 -12 -12
v -1 -12 -11
v 0 -12 -12
v 0 -12 -11
v 1 -12 -11
v 2 -12 -11
v 8 -12 -11
v 8 -11 -11
v 9 -11 -11
v 9 -12 -11
v 20 -12 -11
v 20 -11 -11
v 21 -11 -11
v 21 -12 -11
v -25 -13 -11
v -25 -12 -11
v -24 -13 -11
v -23 -13 -11
v -22 -13 -12
v -22 -13 -11
v -21 -13 -12
v -21 -13 -11
v -20 -13 -12
v -20 -13 -11
v -19 -13 -12
v -19 -13 -11
v -18 -13 -12
v -18 -13 -11
v -17 -13 -12
v -17 -13 -11
v -16 -13 -12
v -16 -13 -11
v -15 -13 -12
v -15 -13 -11
v -14 -13 -11
v -13 -13 -11
v -12 -12 -11
v -12 -13 -11
v -10 -13 -11
v -9 -13 -11
v -8 -13 -12
v -8 -13 -11
v -7 -13 -12
v -7 -13 -11
v -6 -13 -12
v -6 -13 -11
v -5 -13 -12
v -5 -13 -11
v -4 -13 -12
v -4 -13 -11
v -3 -13 -12
v -3 -13 -11
v -2 -13 -12
v -2 -13 -11
v -1 -13 -12
v -1 -13 -11
v 0 -13 -12
v 0 -13 -11
v 1 -13 -11
v 2 -13 -11
v 7 -13 -11
v 7 -12 -11
v 8 -13 -11
v 9 -13 -11
v 20 -13 -11
v 22 -12 -11
v 22 -13 -11
v 21 -13 -11
v -24 -14 -11
v -23 -14 -11
v -22 -14 -12
v -22 -14 -11
v -21 -14 -12
v -21 -14 -11
v -20 -14 -12
v -20 -14 -11
v -19 -14 -12
v -19 -14 -11
v -18 -14 -12
v -18 -14 -11
v -17 -14 -12
v -17 -14 -11
v -16 -14 -12
v -16 -14 -11
v -15 -14 -12
v -15 -14 -11
v -14 -14 -11
v -13 -14 -11
v -10 -14 -11
v -9 -14 -11
v -8 -14 -12
v -8 -14 -11
v -7 -14 -12
v -7 -14 -11
v -6 -14 -12
v -6 -14 -11
v -5 -14 -12
v -5 -14 -11
v -4 -14 -12
v -4 -14 -11
v -3 -14 -12
v -3 -14 -11
v -2 -14 -12
v -2 -14 -11
v -1 -14 -12
v -1 -14 -11
v 0 -14 -12
v 0 -14 -11
v 1 -14 -11
v 2 -14 -11
v 8 -14 -11
v 9 -14 -11
v 20 -14 -11
v 21 -14 -11
v -24 -15 -11
v -23 -15 -11
v -22 -15 -12
v -22 -15 -11
v -21 -15 -12
v -21 -15 -11
v -20 -15 -12
v -20 -15 -11
v -19 -15 -12
v -19 -15 -11
v -18 -15 -12
v -18 -15 -11
v -17 -15 -12
v -17 -15 -11
v -16 -15 -12
v -16 -15 -11
v -15 -15 -12
v -15 -15 -11
v -14 -15 -11
v -13 -15 -11
v -10 -15 -11
v -9 -15 -11
v -8 -15 -12
v -8 -15 -11
v -7 -15 -12
v -7 -15 -11
v -6 -15 -12
v -6 -15 -11
v -5 -15 -12
v -5 -15 -11
v -4 -15 -12
v -4 -15 -11
v -3 -15 -12
v -3 -15 -11
v -2 -15 -12
v -2 -15 -11
v -1 -15 -12
v -1 -15 -11
v 0 -15 -12
v 0 -15 -11
v 1 -15 -11
v 2 -15 -11
v 8 -15 -11
v 9 -15 -11
v 20 -15 -11
v 21 -15 -11
v -24 -16 -11
v -23 -16 -11
v -22 -16 -12
v -22 -16 -11
v -21 -16 -12
v -21 -16 -11
v -20 -16 -12
v -20 -16 -11
v -19 -16 -12
v -19 -16 -11
v -18 -16 -12
v -18 -16 -11
v -17 -16 -12
v -17 -16 -11
v -16 -16 -12
v -16 -16 -11
v -15 -16 -12
v -15 -16 -11
v -14 -16 -11
v -13 -16 -11
v -10 -16 -11
v -9 -16 -11
v -8 -16 -12
v -8 -16 -11
v -7 -16 -12
v -7 -16 -11
v -6 -16 -12
v -6 -16 -11
v -5 -16 -12
v -5 -16 -11
v -4 -16 -12
v -4 -16 -11
v -3 -16 -12
v -3 -16 -11
v -2 -16 -12
v -2 -16 -11
v -1 -16 -12
v -1 -16 -11
v 0 -16 -12
v 0 -16 -11
v 1 -16 -11
v 2 -16 -11
v 8 -16 -11
v 9 -16 -11
v 20 -16 -11
v 21 -16 -11
v -24 -17 -11
v -23 -17 -11
v -22 -17 -12
v -22 -17 -11
v -21 -17 -12
v -21 -17 -11
v -20 -17 -12
v -20 -17 -11
v -17 -17 -12
v -17 -17 -11
v -16 -17 -12
v -16 -17 -11
v -15 -17 -12
v -15 -17 -11
v -14 -17 -11
v -13 -17 -11
v -10 -17 -11
v -9 -17 -11
v -8 -17 -12
v -8 -17 -11
v -7 -17 -12
v -7 -17 -11
v -6 -17 -12
v -6 -17 -11
v -3 -17 -12
v -3 -17 -11
v -2 -17 -12
v -2 -17 -11
v -1 -17 -12
v -1 -17 -11
v 0 -17 -12
v 0 -17 -11
v 1 -17 -11
v 2 -17 -11
v 8 -17 -11
v 9 -17 -11
v 20 -17 -11
v 21 -17 -11
v -24 -18 -11
v -23 -18 -11
v -22 -18 -12
v -22 -18 -11
v -21 -18 -12
v -21 -18 -11
v -20 -18 -12
v -20 -18 -11
v -17 -18 -12
v -17 -18 -11
v -16 -18 -12
v -16 -18 -11
v -15 -18 -12
v -15 -18 -11
v -14 -18 -11
v -13 -18 -11
v -10 -18 -11
v -9 -18 -11
v -8 -18 -12
v -8 -18 -11
v -7 -18 -12
v -7 -18 -11
v -6 -18 -12
v -6 -18 -11
v -3 -18 -12
v -3 -18 -11
v -2 -18 -12
v -2 -18 -11
v -1 -18 -12
v -1 -18 -11
v 0 -18 -12
v 0 -18 -11
v 1 -18 -11
v 2 -18 -11
v 8 -18 -11
v 9 -18 -11
v 20 -18 -11
v 21 -18 -11
v -24 -19 -11
v -23 -19 -11
v -22 -19 -12
v -22 -19 -11
v -21 -19 -12
v -21 -19 -11
v -20 -19 -12
v -20 -19 -11
v -17 -19 -12
v -17 -19 -11
v -16 -19 -12
v -16 -19 -11
v -15 -19 -12
v -15 -19 -11
v -14 -19 -11
v -13 -19 -11
v -10 -19 -11
v -9 -19 -11
v -8 -19 -12
v -8 -19 -11
v -7 -19 -12
v -7 -19 -11
v -6 -19 -12
v -6 -19 -11
v -3 -19 -12
v -3 -19 -11
v -2 -19 -12
v -2 -19 -11
v -1 -19 -12
v -1 -19 -11
v 0 -19 -12
v 0 -19 -11
v 1 -19 -11
v 2 -19 -11
v 8 -19 -11
v 9 -19 -11
v 20 -19 -11
v 21 -19 -11
v -24 -20 -11
v -23 -20 -11
v -22 -20 -11
v -21 -20 -11
v -20 -20 -11
v -17 -20 -11
v -16 -20 -11
v -15 -20 -11
v -14 -20 -11
v -13 -20 -11
v -10 -20 -11
v -9 -20 -11
v -8 -20 -11
v -7 -20 -11
v -6 -20 -11
v -3 -20 -11
v -2 -20 -11
v -1 -20 -11
v 0 -20 -11
v 1 -20 -11
v 2 -20 -11
v 8 -20 -11
v 9 -20 -11
v 20 -20 -11
v 21 -20 -11
v -24 -21 -11
v -23 -21 -11
v -22 -21 -11
v -21 -21 -11
v -20 -21 -11
v -19 -20 -11
v -19 -21 -11
v -18 -20 -11
v -18 -21 -11
v -17 -21 -11
v -16 -21 -11
v -15 -21 -11
v -14 -21 -11
v -13 -21 -11
v -10 -21 -11
v -9 -21 -11
v -8 -21 -11
v -7 -21 -11
v -6 -21 -11
v -5 -20 -11
v -5 -21 -11
v -4 -20 -11
v -4 -21 -11
v -3 -21 -11
v -2 -21 -11
v -1 -21 -11
v 0 -21 -11
v 1 -21 -11
v 2 -21 -11
v 8 -21 -11
v 10 -20 -11
v 11 -20 -11
v 12 -20 -11
v 13 -20 -11
v 14 -20 -11
v 15 -20 -11
v 16 -20 -11
v 17 -20 -11
v 18 -20 -11
v 19 -20 -11
v 21 -21 -11
v -27 -22 -11
v -27 -21 -11
v -26 -21 -11
v -25 -21 -11
v -12 -21 -11
v -11 -21 -11
v 3 -21 -11
v 4 -21 -11
v 5 -21 -11
v 6 -21 -11
v 7 -21 -11
v 22 -21 -11
v 23 -21 -11
v 24 -21 -11
v 25 -21 -11
v 26 -21 -11
v 27 -21 -11
v 27 -22 -11
v -27 -23 -11
v -26 -23 -11
v -25 -23 -11
v -24 -23 -11
v -23 -23 -11
v -22 -23 -11
v -21 -23 -11
v -20 -23 -11
v -19 -23 -11
v -18 -23 -11
v -17 -23 -11
v -16 -23 -11
v -15 -23 -11
v -14 -23 -11
v -13 -23 -11
v -12 -23 -11
v -11 -23 -11
v -10 -23 -11
v -9 -23 -11
v -8 -23 -11
v -7 -23 -11
v -6 -23 -11
v -5 -23 -11
v -4 -23 -11
v -3 -23 -11
v -2 -23 -11
v -1 -23 -11
v 0 -23 -11
v 1 -23 -11
v 2 -23 -11
v 3 -23 -11
v 4 -23 -11
v 5 -23 -11
v 6 -23 -11
v 7 -23 -11
v 8 -23 -11
v 9 -23 -11
v 10 -23 -11
v 11 -23 -11
v 12 -23 -11
v 13 -23 -11
v 14 -23 -11
v 15 -23 -11
v 16 -23 -11
v 17 -23 -11
v 18 -23 -11
v 19 -23 -11
v 20 -23 -11
v 21 -23 -11
v 22 -23 -11
v 23 -23 -11
v 24 -23 -11
v 25 -23 -11
v 26 -23 -11
v 27 -23 -11
v -5 -4 -10
v -5 -3 -10
v -4 -3 -10
v -4 -4 -10
v -6 -5 -10
v -6 -4 -10
v -5 -5 -10
v -4 -5 -10
v -3 -4 -10
v -3 -5 -10
v 14 -5 -10
v 14 -4 -10
v 15 -4 -10
v 15 -5 -10
v -19 -6 -10
v -19 -5 -10
v -18 -5 -10
v -18 -6 -10
v -7 -6 -10
v -7 -5 -10
v -6 -6 -10
v -3 -6 -10
v -2 -5 -10
v -2 -6 -10
v 13 -6 -10
v 13 -5 -10
v 14 -6 -10
v 15 -6 -10
v 16 -5 -10
v 16 -6 -10
v -20 -7 -10
v -20 -6 -10
v -19 -7 -10
v -18 -7 -10
v -17 -6 -10
v -17 -7 -10
v -8 -7 -10
v -8 -6 -10
v -7 -7 -10
v -2 -7 -10
v -1 -6 -10
v -1 -7 -10
v 12 -7 -10
v 12 -6 -10
v 13 -7 -10
v 16 -7 -10
v 17 -6 -10
v 17 -7 -10
v -21 -8 -10
v -21 -7 -10
v -20 -8 -10
v -17 -8 -10
v -16 -7 -10
v -16 -8 -10
v -9 -8 -10
v -9 -7 -10
v -8 -8 -10
v -1 -8 -10
v 0 -7 -10
v 0 -8 -10
v 11 -8 -10
v 11 -7 -10
v 12 -8 -10
v 17 -8 -10
v 18 -7 -10
v 18 -8 -10
v -22 -9 -10
v -22 -8 -10
v -21 -9 -10
v -16 -9 -10
v -15 -8 -10
v -15 -9 -10
v -10 -9 -10
v -10 -8 -10
v -9 -9 -10
v 0 -9 -10
v 1 -8 -10
v 1 -9 -10
v 10 -9 -10
v 10 -8 -10
v 11 -9 -10
v 18 -9 -10
v 19 -8 -10
v 19 -9 -10
v -23 -10 -10
v -23 -9 -10
v -22 -10 -10
v -15 -10 -10
v -14 -9 -10
v -14 -10 -10
v -11 -10 -10
v -11 -9 -10
v -10 -10 -10
v 1 -10 -10
v 2 -9 -10
v 2 -10 -10
v 9 -10 -10
v 9 -9 -10
v 10 -10 -10
v 19 -10 -10
v 20 -9 -10
v 20 -10 -10
v 2 -11 -10
v 3 -10 -10
v 3 -11 -10
v -24 -12 -10
v -24 -11 -10
v -23 -11 -10
v -23 -12 -10
v -14 -12 -10
v -14 -11 -10
v -13 -11 -10
v -13 -12 -10
v 8 -12 -10
v 8 -11 -10
v 9 -11 -10
v 9 -12 -10
v 20 -12 -10
v 20 -11 -10
v 21 -11 -10
v 21 -12 -10
v -25 -13 -10
v -25 -12 -10
v -24 -13 -10
v -13 -13 -10
v -12 -12 -10
v -12 -13 -10
v 7 -13 -10
v 7 -12 -10
v 8 -13 -10
v 9 -13 -10
v 20 -13 -10
v 22 -12 -10
v 22 -13 -10
v 21 -13 -10
v 8 -14 -10
v 9 -14 -10
v 20 -14 -10
v 21 -14 -10
v 8 -15 -10
v 9 -15 -10
v 20 -15 -10
v 21 -15 -10
v 8 -16 -10
v 9 -16 -10
v 20 -16 -10
v 21 -16 -10
v 8 -17 -10
v 9 -17 -10
v 20 -17 -10
v 21 -17 -10
v 8 -18 -10
v 9 -18 -10
v 20 -18 -10
v 21 -18 -10
v 8 -19 -10
v 9 -19 -10
v 20 -19 -10
v 21 -19 -10
v 8 -20 -10
v 9 -20 -10
v 20 -20 -10
v 21 -20 -10
v 8 -21 -10
v 10 -20 -10
v 11 -20 -10
v 12 -20 -10
v 13 -20 -10
v 14 -20 -10
v 15 -20 -10
v 16 -20 -10
v 17 -20 -10
v 18 -20 -10
v 19 -20 -10
v 21 -21 -10
v -27 -22 -10
v -27 -21 -10
v -26 -21 -10
v -25 -21 -10
v -24 -21 -10
v -23 -21 -10
v -22 -21 -10
v -21 -21 -10
v -20 -21 -10
v -19 -21 -10
v -18 -21 -10
v -17 -21 -10
v -16 -21 -10
v -15 -21 -10
v -14 -21 -10
v -13 -21 -10
v -12 -21 -10
v -11 -21 -10
v -10 -21 -10
v -9 -21 -10
v -8 -21 -10
v -7 -21 -10
v -6 -21 -10
v -5 -21 -10
v -4 -21 -10
v -3 -21 -10
v -2 -21 -10
v -1 -21 -10
v 0 -21 -10
v 1 -21 -10
v 2 -21 -10
v 3 -21 -10
v 4 -21 -10
v 5 -21 -10
v 6 -21 -10
v 7 -21 -10
v 22 -21 -10
v 23 -21 -10
v 24 -21 -10
v 25 -21 -10
v 26 -21 -10
v 27 -21 -10
v 27 -22 -10
v -27 -23 -10
v -26 -23 -10
v -25 -23 -10
v -24 -23 -10
v -23 -23 -10
v -22 -23 -10
v -21 -23 -10
v -20 -23 -10
v -19 -23 -10
v -18 -23 -10
v -17 -23 -10
v -16 -23 -10
v -15 -23 -10
v -14 -23 -10
v -13 -23 -10
v -12 -23 -10
v -11 -23 -10
v -10 -23 -10
v -9 -23 -10
v -8 -23 -10
v -7 -23 -10
v -6 -23 -10
v -5 -23 -10
v -4 -23 -10
v -3 -23 -10
v -2 -23 -10
v -1 -23 -10
v 0 -23 -10
v 1 -23 -10
v 2 -23 -10
v 3 -23 -10
v 4 -23 -10
v 5 -23 -10
v 6 -23 -10
v 7 -23 -10
v 8 -23 -10
v 9 -23 -10
v 10 -23 -10
v 11 -23 -10
v 12 -23 -10
v 13 -23 -10
v 14 -23 -10
v 15 -23 -10
v 16 -23 -10
v 17 -23 -10
v 18 -23 -10
v 19 -23 -10
v 20 -23 -10
v 21 -23 -10
v 22 -23 -10
v 23 -23 -10
v 24 -23 -10
v 25 -23 -10
v 26 -23 -10
v 27 -23 -10
v 14 -5 -9
v 14 -4 -9
v 15 -4 -9
v 15 -5 -9
v 13 -6 -9
v 13 -5 -9
v 14 -6 -9
v 15 -6 -9
v 16 -5 -9
v 16 -6 -9
v 12 -7 -9
v 12 -6 -9
v 14 -7 -10
v 13 -7 -9
v 14 -7 -9
v 15 -7 -10
v 15 -7 -9
v 16 -7 -9
v 17 -6 -9
v 17 -7 -9
v 11 -8 -9
v 11 -7 -9
v 13 -8 -10
v 12 -8 -9
v 13 -8 -9
v 14 -8 -10
v 14 -8 -9
v 15 -8 -10
v 15 -8 -9
v 16 -8 -10
v 16 -8 -9
v 17 -8 -9
v 18 -7 -9
v 18 -8 -9
v 10 -9 -9
v 10 -8 -9
v 12 -9 -10
v 11 -9 -9
v 12 -9 -9
v 13 -9 -10
v 13 -9 -9
v 14 -9 -10
v 14 -9 -9
v 15 -9 -10
v 15 -9 -9
v 16 -9 -10
v 16 -9 -9
v 17 -9 -10
v 17 -9 -9
v 18 -9 -9
v 19 -8 -9
v 19 -9 -9
v 9 -10 -9
v 9 -9 -9
v 11 -10 -10
v 10 -10 -9
v 11 -10 -9
v 12 -10 -10
v 12 -10 -9
v 13 -10 -10
v 13 -10 -9
v 14 -10 -10
v 14 -10 -9
v 15 -10 -10
v 15 -10 -9
v 16 -10 -10
v 16 -10 -9
v 17 -10 -10
v 17 -10 -9
v 18 -10 -10
v 18 -10 -9
v 19 -10 -9
v 20 -9 -9
v 20 -10 -9
v 9 -11 -9
v 10 -11 -10
v 10 -11 -9
v 11 -11 -10
v 11 -11 -9
v 12 -11 -10
v 12 -11 -9
v 13 -11 -10
v 13 -11 -9
v 14 -11 -10
v 14 -11 -9
v 15 -11 -10
v 15 -11 -9
v 16 -11 -10
v 16 -11 -9
v 17 -11 -10
v 17 -11 -9
v 18 -11 -10
v 18 -11 -9
v 19 -11 -10
v 19 -11 -9
v 20 -11 -9
v 8 -12 -9
v 8 -11 -9
v 10 -12 -10
v 9 -12 -9
v 10 -12 -9
v 11 -12 -10
v 11 -12 -9
v 12 -12 -10
v 12 -12 -9
v 13 -12 -10
v 13 -12 -9
v 14 -12 -10
v 14 -12 -9
v 15 -12 -10
v 15 -12 -9
v 16 -12 -10
v 16 -12 -9
v 17 -12 -10
v 17 -12 -9
v 18 -12 -10
v 18 -12 -9
v 19 -12 -10
v 19 -12 -9
v 20 -12 -9
v 21 -11 -9
v 21 -12 -9
v 7 -13 -9
v 7 -12 -9
v 8 -13 -9
v 9 -13 -9
v 10 -13 -10
v 10 -13 -9
v 11 -13 -10
v 11 -13 -9
v 12 -13 -10
v 12 -13 -9
v 13 -13 -10
v 13 -13 -9
v 14 -13 -10
v 14 -13 -9
v 15 -13 -10
v 15 -13 -9
v 16 -13 -10
v 16 -13 -9
v 17 -13 -10
v 17 -13 -9
v 18 -13 -10
v 18 -13 -9
v 19 -13 -10
v 19 -13 -9
v 20 -13 -9
v 21 -13 -9
v 22 -12 -9
v 22 -13 -9
v 8 -14 -9
v 9 -14 -9
v 10 -14 -10
v 10 -14 -9
v 11 -14 -10
v 11 -14 -9
v 12 -14 -10
v 12 -14 -9
v 13 -14 -10
v 13 -14 -9
v 14 -14 -10
v 14 -14 -9
v 15 -14 -10
v 15 -14 -9
v 16 -14 -10
v 16 -14 -9
v 17 -14 -10
v 17 -14 -9
v 18 -14 -10
v 18 -14 -9
v 19 -14 -10
v 19 -14 -9
v 20 -14 -9
v 21 -14 -9
v 8 -15 -9
v 9 -15 -9
v 10 -15 -10
v 10 -15 -9
v 11 -15 -10
v 11 -15 -9
v 12 -15 -10
v 12 -15 -9
v 13 -15 -10
v 13 -15 -9
v 14 -15 -10
v 14 -15 -9
v 15 -15 -10
v 15 -15 -9
v 16 -15 -10
v 16 -15 -9
v 17 -15 -10
v 17 -15 -9
v 18 -15 -10
v 18 -15 -9
v 19 -15 -10
v 19 -15 -9
v 20 -15 -9
v 21 -15 -9
v 8 -16 -9
v 9 -16 -9
v 10 -16 -10
v 10 -16 -9
v 11 -16 -10
v 11 -16 -9
v 12 -16 -10
v 12 -16 -9
v 13 -16 -10
v 13 -16 -9
v 14 -16 -10
v 14 -16 -9
v 15 -16 -10
v 15 -16 -9
v 16 -16 -10
v 16 -16 -9
v 17 -16 -10
v 17 -16 -9
v 18 -16 -10
v 18 -16 -9
v 19 -16 -10
v 19 -16 -9
v 20 -16 -9
v 21 -16 -9
v 8 -17 -9
v 9 -17 -9
v 10 -17 -10
v 10 -17 -9
v 11 -17 -10
v 11 -17 -9
v 12 -17 -10
v 12 -17 -9
v 13 -17 -10
v 13 -17 -9
v 16 -17 -10
v 16 -17 -9
v 17 -17 -10
v 17 -17 -9
v 18 -17 -10
v 18 -17 -9
v 19 -17 -10
v 19 -17 -9
v 20 -17 -9
v 21 -17 -9
v 8 -18 -9
v 9 -18 -9
v 10 -18 -10
v 10 -18 -9
v 11 -18 -10
v 11 -18 -9
v 12 -18 -10
v 12 -18 -9
v 13 -18 -10
v 13 -18 -9
v 16 -18 -10
v 16 -18 -9
v 17 -18 -10
v 17 -18 -9
v 18 -18 -10
v 18 -18 -9
v 19 -18 -10
v 19 -18 -9
v 20 -18 -9
v 21 -18 -9
v 8 -19 -9
v 9 -19 -9
v 10 -19 -10
v 10 -19 -9
v 11 -19 -10
v 11 -19 -9
v 12 -19 -10
v 12 -19 -9
v 13 -19 -10
v 13 -19 -9
v 16 -19 -10
v 16 -19 -9
v 17 -19 -10
v 17 -19 -9
v 18 -19 -10
v 18 -19 -9
v 19 -19 -10
v 19 -19 -9
v 20 -19 -9
v 21 -19 -9
v 8 -20 -9
v 9 -20 -9
v 10 -20 -9
v 11 -20 -9
v 12 -20 -9
v 13 -20 -9
v 16 -20 -9
v 17 -20 -9
v 18 -20 -9
v 19 -20 -9
v 20 -20 -9
v 21 -20 -9
v 8 -21 -9
v 9 -21 -9
v 10 -21 -9
v 11 -21 -9
v 12 -21 -9
v 13 -21 -9
v 14 -20 -9
v 14 -21 -9
v 15 -20 -9
v 15 -21 -9
v 16 -21 -9
v 17 -21 -9
v 18 -21 -9
v 19 -21 -9
v 20 -21 -9
v 21 -21 -9
v -27 -22 -9
v -27 -21 -9
v -26 -21 -9
v -25 -21 -9
v -24 -21 -9
v -23 -21 -9
v -22 -21 -9
v -21 -21 -9
v -20 -21 -9
v -19 -21 -9
v -18 -21 -9
v -17 -21 -9
v -16 -21 -9
v -15 -21 -9
v -14 -21 -9
v -13 -21 -9
v -12 -21 -9
v -11 -21 -9
v -10 -21 -9
v -9 -21 -9
v -8 -21 -9
v -7 -21 -9
v -6 -21 -9
v -5 -21 -9
v -4 -21 -9
v -3 -21 -9
v -2 -21 -9
v -1 -21 -9
v 0 -21 -9
v 1 -21 -9
v 2 -21 -9
v 3 -21 -9
v 4 -21 -9
v 5 -21 -9
v 6 -21 -9
v 7 -21 -9
v 22 -21 -9
v 23 -21 -9
v 24 -21 -9
v 25 -21 -9
v 26 -21 -9
v 27 -21 -9
v 27 -22 -9
v -27 -23 -9
v -26 -23 -9
v -25 -23 -9
v -24 -23 -9
v -23 -23 -9
v -22 -23 -9
v -21 -23 -9
v -20 -23 -9
v -19 -23 -9
v -18 -23 -9
v -17 -23 -9
v -16 -23 -9
v -15 -23 -9
v -14 -23 -9
v -13 -23 -9
v -12 -23 -9
v -11 -23 -9
v -10 -23 -9
v -9 -23 -9
v -8 -23 -9
v -7 -23 -9
v -6 -23 -9
v -5 -23 -9
v -4 -23 -9
v -3 -23 -9
v -2 -23 -9
v -1 -23 -9
v 0 -23 -9
v 1 -23 -9
v 2 -23 -9
v 3 -23 -9
v 4 -23 -9
v 5 -23 -9
v 6 -23 -9
v 7 -23 -9
v 8 -23 -9
v 9 -23 -9
v 10 -23 -9
v 11 -23 -9
v 12 -23 -9
v 13 -23 -9
v 14 -23 -9
v 15 -23 -9
v 16 -23 -9
v 17 -23 -9
v 18 -23 -9
v 19 -23 -9
v 20 -23 -9
v 21 -23 -9
v 22 -23 -9
v 23 -23 -9
v 24 -23 -9
v 25 -23 -9
v 26 -23 -9
v 27 -23 -9
v -27 19 -9
v -27 19 -8
v -27 20 -8
v -27 20 -9
v -26 19 -9
v -26 20 -9
v -26 20 -8
v -26 19 -8
v -28 18 -9
v -28 18 -8
v -28 19 -8
v -28 19 -9
v -27 18 -9
v -27 18 -8
v -26 18 -9
v -26 18 -8
v -25 18 -9
v -25 19 -9
v -25 19 -8
v -25 18 -8
v -27 17 -9
v -27 17 -8
v -26 17 -9
v -26 17 -8
v 14 -5 -8
v 14 -4 -8
v 15 -4 -8
v 15 -5 -8
v 13 -6 -8
v 13 -5 -8
v 14 -6 -8
v 15 -6 -8
v 16 -5 -8
v 16 -6 -8
v 12 -7 -8
v 12 -6 -8
v 13 -7 -8
v 16 -7 -8
v 17 -6 -8
v 17 -7 -8
v 11 -8 -8
v 11 -7 -8
v 12 -8 -8
v 17 -8 -8
v 18 -7 -8
v 18 -8 -8
v 10 -9 -8
v 10 -8 -8
v 11 -9 -8
v 18 -9 -8
v 19 -8 -8
v 19 -9 -8
v 9 -10 -8
v 9 -9 -8
v 10 -10 -8
v 19 -10 -8
v 20 -9 -8
v 20 -10 -8
v 8 -12 -8
v 8 -11 -8
v 9 -11 -8
v 9 -12 -8
v 20 -12 -8
v 20 -11 -8
v 21 -11 -8
v 21 -12 -8
v 7 -13 -8
v 7 -12 -8
v 8 -13 -8
v 21 -13 -8
v 22 -12 -8
v 22 -13 -8
v -27 -22 -8
v -27 -21 -8
v -26 -21 -8
v -25 -21 -8
v -24 -21 -8
v -23 -21 -8
v -22 -21 -8
v -21 -21 -8
v -20 -21 -8
v -19 -21 -8
v -18 -21 -8
v -17 -21 -8
v -16 -21 -8
v -15 -21 -8
v -14 -21 -8
v -13 -21 -8
v -12 -21 -8
v -11 -21 -8
v -10 -21 -8
v -9 -21 -8
v -8 -21 -8
v -7 -21 -8
v -6 -21 -8
v -5 -21 -8
v -4 -21 -8
v -3 -21 -8
v -2 -21 -8
v -1 -21 -8
v 0 -21 -8
v 1 -21 -8
v 2 -21 -8
v 3 -21 -8
v 4 -21 -8
v 5 -21 -8
v 6 -21 -8
v 7 -21 -8
v 8 -21 -8
v 9 -21 -8
v 10 -21 -8
v 11 -21 -8
v 12 -21 -8
v 13 -21 -8
v 14 -21 -8
v 15 -21 -8
v 16 -21 -8
v 17 -21 -8
v 18 -21 -8
v 19 -21 -8
v 20 -21 -8
v 21 -21 -8
v 22 -21 -8
v 23 -21 -8
v 24 -21 -8
v 25 -21 -8
v 26 -21 -8
v 27 -21 -8
v 27 -22 -8
v -27 -23 -8
v -26 -23 -8
v -25 -23 -8
v -24 -23 -8
v -23 -23 -8
v -22 -23 -8
v -21 -23 -8
v -20 -23 -8
v -19 -23 -8
v -18 -23 -8
v -17 -23 -8
v -16 -23 -8
v -15 -23 -8
v -14 -23 -8
v -13 -23 -8
v -12 -23 -8
v -11 -23 -8
v -10 -23 -8
v -9 -23 -8
v -8 -23 -8
v -7 -23 -8
v -6 -23 -8
v -5 -23 -8
v -4 -23 -8
v -3 -23 -8
v -2 -23 -8
v -1 -23 -8
v 0 -23 -8
v 1 -23 -8
v 2 -23 -8
v 3 -23 -8
v 4 -23 -8
v 5 -23 -8
v 6 -23 -8
v 7 -23 -8
v 8 -23 -8
v 9 -23 -8
v 10 -23 -8
v 11 -23 -8
v 12 -23 -8
v 13 -23 -8
v 14 -23 -8
v 15 -23 -8
v 16 -23 -8
v 17 -23 -8
v 18 -23 -8
v 19 -23 -8
v 20 -23 -8
v 21 -23 -8
v 22 -23 -8
v 23 -23 -8
v 24 -23 -8
v 25 -23 -8
v 26 -23 -8
v 27 -23 -8
v -27 -22 -7
v -27 -21 -7
v -26 -21 -7
v -25 -21 -7
v -24 -21 -7
v -23 -21 -7
v -22 -21 -7
v -21 -21 -7
v -20 -21 -7
v -19 -21 -7
v -18 -21 -7
v -17 -21 -7
v -16 -21 -7
v -15 -21 -7
v -14 -21 -7
v -13 -21 -7
v -12 -21 -7
v -11 -21 -7
v -10 -21 -7
v -9 -21 -7
v -8 -21 -7
v -7 -21 -7
v -6 -21 -7
v -5 -21 -7
v -4 -21 -7
v -3 -21 -7
v -2 -21 -7
v -1 -21 -7
v 0 -21 -7
v 1 -21 -7
v 2 -21 -7
v 3 -21 -7
v 4 -21 -7
v 5 -21 -7
v 6 -21 -7
v 7 -21 -7
v 8 -21 -7
v 9 -21 -7
v 10 -21 -7
v 11 -21 -7
v 12 -21 -7
v 13 -21 -7
v 14 -21 -7
v 15 -21 -7
v 16 -21 -7
v 17 -21 -7
v 18 -21 -7
v 19 -21 -7
v 20 -21 -7
v 21 -21 -7
v 22 -21 -7
v 23 -21 -7
v 24 -21 -7
v 25 -21 -7
v 26 -21 -7
v 27 -21 -7
v 27 -22 -7
v -27 -23 -7
v -26 -23 -7
v -25 -23 -7
v -24 -23 -7
v -23 -23 -7
v -22 -23 -7
v -21 -23 -7
v -20 -23 -7
v -19 -23 -7
v -18 -23 -7
v -17 -23 -7
v -16 -23 -7
v -15 -23 -7
v -14 -23 -7
v -13 -23 -7
v -12 -23 -7
v -11 -23 -7
v -10 -23 -7
v -9 -23 -7
v -8 -23 -7
v -7 -23 -7
v -6 -23 -7
v -5 -23 -7
v -4 -23 -7
v -3 -23 -7
v -2 -23 -7
v -1 -23 -7
v 0 -23 -7
v 1 -23 -7
v 2 -23 -7
v 3 -23 -7
v 4 -23 -7
v 5 -23 -7
v 6 -23 -7
v 7 -23 -7
v 8 -23 -7
v 9 -23 -7
v 10 -23 -7
v 11 -23 -7
v 12 -23 -7
v 13 -23 -7
v 14 -23 -7
v 15 -23 -7
v 16 -23 -7
v 17 -23 -7
v 18 -23 -7
v 19 -23 -7
v 20 -23 -7
v 21 -23 -7
v 22 -23 -7
v 23 -23 -7
v 24 -23 -7
v 25 -23 -7
v 26 -23 -7
v 27 -23 -7
v -27 -22 -6
v -27 -21 -6
v -26 -21 -6
v -25 -21 -6
v -24 -21 -6
v -23 -21 -6
v -22 -21 -6
v -21 -21 -6
v -20 -21 -6
v -19 -21 -6
v -18 -21 -6
v -17 -21 -6
v -16 -21 -6
v -15 -21 -6
v -14 -21 -6
v -13 -21 -6
v -12 -21 -6
v -11 -21 -6
v -10 -21 -6
v -9 -21 -6
v -8 -21 -6
v -7 -21 -6
v -6 -21 -6
v -5 -21 -6
v -4 -21 -6
v -3 -21 -6
v -2 -21 -6
v -1 -21 -6
v 0 -21 -6
v 1 -21 -6
v 2 -21 -6
v 3 -21 -6
v 4 -21 -6
v 5 -21 -6
v 6 -21 -6
v 7 -21 -6
v 8 -21 -6
v 9 -21 -6
v 10 -21 -6
v 11 -21 -6
v 12 -21 -6
v 13 -21 -6
v 14 -21 -6
v 15 -21 -6
v 16 -21 -6
v 17 -21 -6
v 18 -21 -6
v 19 -21 -6
v 20 -21 -6
v 21 -21 -6
v 22 -21 -6
v 23 -21 -6
v 24 -21 -6
v 25 -21 -6
v 26 -21 -6
v 27 -21 -6
v 27 -22 -6
v -27 -23 -6
v -26 -23 -6
v -25 -23 -6
v -24 -23 -6
v -23 -23 -6
v -22 -23 -6
v -21 -23 -6
v -20 -23 -6
v -19 -23 -6
v -18 -23 -6
v -17 -23 -6
v -16 -23 -6
v -15 -23 -6
v -14 -23 -6
v -13 -23 -6
v -12 -23 -6
v -11 -23 -6
v -10 -23 -6
v -9 -23 -6
v -8 -23 -6
v -7 -23 -6
v -6 -23 -6
v -5 -23 -6
v -4 -23 -6
v -3 -23 -6
v -2 -23 -6
v -1 -23 -6
v 0 -23 -6
v 1 -23 -6
v 2 -23 -6
v 3 -23 -6
v 4 -23 -6
v 5 -23 -6
v 6 -23 -6
v 7 -23 -6
v 8 -23 -6
v 9 -23 -6
v 10 -23 -6
v 11 -23 -6
v 12 -23 -6
v 13 -23 -6
v 14 -23 -6
v 15 -23 -6
v 16 -23 -6
v 17 -23 -6
v 18 -23 -6
v 19 -23 -6
v 20 -23 -6
v 21 -23 -6
v 22 -23 -6
v 23 -23 -6
v 24 -23 -6
v 25 -23 -6
v 26 -23 -6
v 27 -23 -6
v -27 -22 -5
v -27 -21 -5
v -26 -21 -5
v -25 -21 -5
v -24 -21 -5
v -23 -21 -5
v -22 -21 -5
v -21 -21 -5
v -20 -21 -5
v -19 -21 -5
v -18 -21 -5
v -17 -21 -5
v -16 -21 -5
v -15 -21 -5
v -14 -21 -5
v -13 -21 -5
v -12 -21 -5
v -11 -21 -5
v -10 -21 -5
v -9 -21 -5
v -8 -21 -5
v -7 -21 -5
v -6 -21 -5
v -5 -21 -5
v -4 -21 -5
v -3 -21 -5
v -2 -21 -5
v -1 -21 -5
v 0 -21 -5
v 1 -21 -5
v 2 -21 -5
v 3 -21 -5
v 4 -21 -5
v 5 -21 -5
v 6 -21 -5
v 7 -21 -5
v 8 -21 -5
v 9 -21 -5
v 10 -21 -5
v 11 -21 -5
v 12 -21 -5
v 13 -21 -5
v 14 -21 -5
v 15 -21 -5
v 16 -21 -5
v 17 -21 -5
v 18 -21 -5
v 19 -21 -5
v 20 -21 -5
v 21 -21 -5
v 22 -21 -5
v 23 -21 -5
v 24 -21 -5
v 25 -21 -5
v 26 -21 -5
v 27 -21 -5
v 27 -22 -5
v -27 -23 -5
v -26 -23 -5
v -25 -23 -5
v -24 -23 -5
v -23 -23 -5
v -22 -23 -5
v -21 -23 -5
v -20 -23 -5
v -19 -23 -5
v -18 -23 -5
v -17 -23 -5
v -16 -23 -5
v -15 -23 -5
v -14 -23 -5
v -13 -23 -5
v -12 -23 -5
v -11 -23 -5
v -10 -23 -5
v -9 -23 -5
v -8 -23 -5
v -7 -23 -5
v -6 -23 -5
v -5 -23 -5
v -4 -23 -5
v -3 -23 -5
v -2 -23 -5
v -1 -23 -5
v 0 -23 -5
v 1 -23 -5
v 2 -23 -5
v 3 -23 -5
v 4 -23 -5
v 5 -23 -5
v 6 -23 -5
v 7 -23 -5
v 8 -23 -5
v 9 -23 -5
v 10 -23 -5
v 11 -23 -5
v 12 -23 -5
v 13 -23 -5
v 14 -23 -5
v 15 -23 -5
v 16 -23 -5
v 17 -23 -5
v 18 -23 -5
v 19 -23 -5
v 20 -23 -5
v 21 -23 -5
v 22 -23 -5
v 23 -23 -5
v 24 -23 -5
v 25 -23 -5
v 26 -23 -5
v 27 -23 -5
v 22 20 -5
v 22 20 -4
v 22 21 -4
v 22 21 -5
v 23 20 -5
v 23 21 -5
v 23 21 -4
v 23 20 -4
v 22 14 -5
v 22 14 -4
v 22 15 -4
v 22 15 -5
v 23 14 -5
v 23 15 -5
v 23 15 -4
v 23 14 -4
v -27 -22 -4
v -27 -21 -4
v -26 -21 -4
v -25 -21 -4
v -24 -21 -4
v -23 -21 -4
v -22 -21 -4
v -21 -21 -4
v -20 -21 -4
v -19 -21 -4
v -18 -21 -4
v -17 -21 -4
v -16 -21 -4
v -15 -21 -4
v -14 -21 -4
v -13 -21 -4
v -12 -21 -4
v -11 -21 -4
v -10 -21 -4
v -9 -21 -4
v -8 -21 -4
v -7 -21 -4
v -6 -21 -4
v -5 -21 -4
v -4 -21 -4
v -3 -21 -4
v -2 -21 -4
v -1 -21 -4
v 0 -21 -4
v 1 -21 -4
v 2 -21 -4
v 3 -21 -4
v 4 -21 -4
v 5 -21 -4
v 6 -21 -4
v 7 -21 -4
v 8 -21 -4
v 9 -21 -4
v 10 -21 -4
v 11 -21 -4
v 12 -21 -4
v 13 -21 -4
v 14 -21 -4
v 15 -21 -4
v 16 -21 -4
v 17 -21 -4
v 18 -21 -4
v 19 -21 -4
v 20 -21 -4
v 21 -21 -4
v 22 -21 -4
v 23 -21 -4
v 24 -21 -4
v 25 -21 -4
v 26 -21 -4
v 27 -21 -4
v 27 -22 -4
v -27 -23 -4
v -26 -23 -4
v -25 -23 -4
v -24 -23 -4
v -23 -23 -4
v -22 -23 -4
v -21 -23 -4
v -20 -23 -4
v -19 -23 -4
v -18 -23 -4
v -17 -23 -4
v -16 -23 -4
v -15 -23 -4
v -14 -23 -4
v -13 -23 -4
v -12 -23 -4
v -11 -23 -4
v -10 -23 -4
v -9 -23 -4
v -8 -23 -4
v -7 -23 -4
v -6 -23 -4
v -5 -23 -4
v -4 -23 -4
v -3 -23 -4
v -2 -23 -4
v -1 -23 -4
v 0 -23 -4
v 1 -23 -4
v 2 -23 -4
v 3 -23 -4
v 4 -23 -4
v 5 -23 -4
v 6 -23 -4
v 7 -23 -4
v 8 -23 -4
v 9 -23 -4
v 10 -23 -4
v 11 -23 -4
v 12 -23 -4
v 13 -23 -4
v 14 -23 -4
v 15 -23 -4
v 16 -23 -4
v 17 -23 -4
v 18 -23 -4
v 19 -23 -4
v 20 -23 -4
v 21 -23 -4
v 22 -23 -4
v 23 -23 -4
v 24 -23 -4
v 25 -23 -4
v 26 -23 -4
v 27 -23 -4
v 22 21 -3
v 22 22 -3
v 22 22 -4
v 23 22 -4
v 23 22 -3
v 23 21 -3
v 19 20 -4
v 19 20 -3
v 19 21 -3
v 19 21 -4
v 20 20 -4
v 20 20 -3
v 20 21 -3
v 20 21 -4
v 21 20 -4
v 21 20 -3
v 21 21 -3
v 21 21 -4
v 22 20 -3
v 23 20 -3
v 24 20 -4
v 24 20 -3
v 24 21 -3
v 24 21 -4
v 25 20 -4
v 25 20 -3
v 25 21 -3
v 25 21 -4
v 26 20 -4
v 26 21 -4
v 26 21 -3
v 26 20 -3
v 19 14 -4
v 19 14 -3
v 19 15 -3
v 19 15 -4
v 20 14 -4
v 20 14 -3
v 20 15 -3
v 20 15 -4
v 21 14 -4
v 21 14 -3
v 21 15 -3
v 21 15 -4
v 22 14 -3
v 22 15 -3
v 23 14 -3
v 23 15 -3
v 24 14 -4
v 24 14 -3
v 24 15 -3
v 24 15 -4
v 25 14 -4
v 25 14 -3
v 25 15 -3
v 25 15 -4
v 26 14 -4
v 26 15 -4
v 26 15 -3
v 26 14 -3
v -27 -19 -4
v -27 -19 -3
v -27 -18 -3
v -27 -18 -4
v -26 -18 -3
v -26 -18 -4
v -26 -19 -4
v -25 -18 -3
v -25 -18 -4
v -25 -19 -4
v -24 -18 -3
v -24 -18 -4
v -24 -19 -4
v -23 -18 -3
v -23 -18 -4
v -23 -19 -4
v -22 -18 -3
v -22 -18 -4
v -22 -19 -4
v -21 -18 -3
v -21 -18 -4
v -21 -19 -4
v -20 -18 -3
v -20 -18 -4
v -20 -19 -4
v -19 -18 -3
v -19 -18 -4
v -19 -19 -4
v -18 -18 -3
v -18 -18 -4
v -18 -19 -4
v -17 -18 -3
v -17 -18 -4
v -17 -19 -4
v -16 -18 -3
v -16 -18 -4
v -16 -19 -4
v -15 -18 -3
v -15 -18 -4
v -15 -19 -4
v -14 -18 -3
v -14 -18 -4
v -14 -19 -4
v -13 -18 -3
v -13 -18 -4
v -13 -19 -4
v -12 -18 -3
v -12 -18 -4
v -12 -19 -4
v -11 -18 -3
v -11 -18 -4
v -11 -19 -4
v -10 -18 -3
v -10 -18 -4
v -10 -19 -4
v -9 -18 -3
v -9 -18 -4
v -9 -19 -4
v -8 -18 -3
v -8 -18 -4
v -8 -19 -4
v -7 -18 -3
v -7 -18 -4
v -7 -19 -4
v -6 -18 -3
v -6 -18 -4
v -6 -19 -4
v -5 -18 -3
v -5 -18 -4
v -5 -19 -4
v -4 -18 -3
v -4 -18 -4
v -4 -19 -4
v -3 -18 -3
v -3 -18 -4
v -3 -19 -4
v -2 -18 -3
v -2 -18 -4
v -2 -19 -4
v -1 -18 -3
v -1 -18 -4
v -1 -19 -4
v 0 -18 -3
v 0 -18 -4
v 0 -19 -4
v 1 -18 -3
v 1 -18 -4
v 1 -19 -4
v 2 -18 -3
v 2 -18 -4
v 2 -19 -4
v 3 -18 -3
v 3 -18 -4
v 3 -19 -4
v 4 -18 -3
v 4 -18 -4
v 4 -19 -4
v 5 -18 -3
v 5 -18 -4
v 5 -19 -4
v 6 -18 -3
v 6 -18 -4
v 6 -19 -4
v 7 -18 -3
v 7 -18 -4
v 7 -19 -4
v 8 -18 -3
v 8 -18 -4
v 8 -19 -4
v 9 -18 -3
v 9 -18 -4
v 9 -19 -4
v 10 -18 -3
v 10 -18 -4
v 10 -19 -4
v 11 -18 -3
v 11 -18 -4
v 11 -19 -4
v 12 -18 -3
v 12 -18 -4
v 12 -19 -4
v 13 -18 -3
v 13 -18 -4
v 13 -19 -4
v 14 -18 -3
v 14 -18 -4
v 14 -19 -4
v 15 -18 -3
v 15 -18 -4
v 15 -19 -4
v 16 -18 -3
v 16 -18 -4
v 16 -19 -4
v 17 -18 -3
v 17 -18 -4
v 17 -19 -4
v 18 -18 -3
v 18 -18 -4
v 18 -19 -4
v 19 -18 -3
v 19 -18 -4
v 19 -19 -4
v 20 -18 -3
v 20 -18 -4
v 20 -19 -4
v 21 -18 -3
v 21 -18 -4
v 21 -19 -4
v 22 -18 -3
v 22 -18 -4
v 22 -19 -4
v 23 -18 -3
v 23 -18 -4
v 23 -19 -4
v 24 -18 -3
v 24 -18 -4
v 24 -19 -4
v 25 -18 -3
v 25 -18 -4
v 25 -19 -4
v 26 -18 -3
v 26 -18 -4
v 26 -19 -4
v 27 -19 -4
v 27 -18 -4
v 27 -18 -3
v 27 -19 -3
v -27 -20 -4
v -27 -20 -3
v -26 -20 -4
v -25 -20 -4
v -24 -20 -4
v -23 -20 -4
v -22 -20 -4
v -21 -20 -4
v -20 -20 -4
v -19 -20 -4
v -18 -20 -4
v -17 -20 -4
v -16 -20 -4
v -15 -20 -4
v -14 -20 -4
v -13 -20 -4
v -12 -20 -4
v -11 -20 -4
v -10 -20 -4
v -9 -20 -4
v -8 -20 -4
v -7 -20 -4
v -6 -20 -4
v -5 -20 -4
v -4 -20 -4
v -3 -20 -4
v -2 -20 -4
v -1 -20 -4
v 0 -20 -4
v 1 -20 -4
v 2 -20 -4
v 3 -20 -4
v 4 -20 -4
v 5 -20 -4
v 6 -20 -4
v 7 -20 -4
v 8 -20 -4
v 9 -20 -4
v 10 -20 -4
v 11 -20 -4
v 12 -20 -4
v 13 -20 -4
v 14 -20 -4
v 15 -20 -4
v 16 -20 -4
v 17 -20 -4
v 18 -20 -4
v 19 -20 -4
v 20 -20 -4
v 21 -20 -4
v 22 -20 -4
v 23 -20 -4
v 24 -20 -4
v 25 -20 -4
v 26 -20 -4
v 27 -20 -4
v 27 -20 -3
v -27 -21 -3
v 27 -21 -3
v -27 -22 -3
v 27 -22 -3
v -27 -23 -3
v 27 -23 -3
v -27 -24 -4
v -27 -24 -3
v -26 -24 -4
v -26 -24 -3
v -25 -24 -4
v -25 -24 -3
v -24 -24 -4
v -24 -24 -3
v -23 -24 -4
v -23 -24 -3
v -22 -24 -4
v -22 -24 -3
v -21 -24 -4
v -21 -24 -3
v -20 -24 -4
v -20 -24 -3
v -19 -24 -4
v -19 -24 -3
v -18 -24 -4
v -18 -24 -3
v -17 -24 -4
v -17 -24 -3
v -16 -24 -4
v -16 -24 -3
v -15 -24 -4
v -15 -24 -3
v -14 -24 -4
v -14 -24 -3
v -13 -24 -4
v -13 -24 -3
v -12 -24 -4
v -12 -24 -3
v -11 -24 -4
v -11 -24 -3
v -10 -24 -4
v -10 -24 -3
v -9 -24 -4
v -9 -24 -3
v -8 -24 -4
v -8 -24 -3
v -7 -24 -4
v -7 -24 -3
v -6 -24 -4
v -6 -24 -3
v -5 -24 -4
v -5 -24 -3
v -4 -24 -4
v -4 -24 -3
v -3 -24 -4
v -3 -24 -3
v -2 -24 -4
v -2 -24 -3
v -1 -24 -4
v -1 -24 -3
v 0 -24 -4
v 0 -24 -3
v 1 -24 -4
v 1 -24 -3
v 2 -24 -4
v 2 -24 -3
v 3 -24 -4
v 3 -24 -3
v 4 -24 -4
v 4 -24 -3
v 5 -24 -4
v 5 -24 -3
v 6 -24 -4
v 6 -24 -3
v 7 -24 -4
v 7 -24 -3
v 8 -24 -4
v 8 -24 -3
v 9 -24 -4
v 9 -24 -3
v 10 -24 -4
v 10 -24 -3
v 11 -24 -4
v 11 -24 -3
v 12 -24 -4
v 12 -24 -3
v 13 -24 -4
v 13 -24 -3
v 14 -24 -4
v 14 -24 -3
v 15 -24 -4
v 15 -24 -3
v 16 -24 -4
v 16 -24 -3
v 17 -24 -4
v 17 -24 -3
v 18 -24 -4
v 18 -24 -3
v 19 -24 -4
v 19 -24 -3
v 20 -24 -4
v 20 -24 -3
v 21 -24 -4
v 21 -24 -3
v 22 -24 -4
v 22 -24 -3
v 23 -24 -4
v 23 -24 -3
v 24 -24 -4
v 24 -24 -3
v 25 -24 -4
v 25 -24 -3
v 26 -24 -4
v 26 -24 -3
v 27 -24 -4
v 27 -24 -3
v 22 22 -2
v 22 23 -2
v 22 23 -3
v 23 23 -3
v 23 23 -2
v 23 22 -2
v 20 21 -2
v 20 22 -2
v 20 22 -3
v 21 22 -2
v 21 22 -3
v 24 22 -2
v 24 22 -3
v 25 22 -3
v 25 22 -2
v 25 21 -2
v 18 20 -3
v 18 20 -2
v 18 21 -2
v 18 21 -3
v 19 20 -2
v 19 21 -2
v 20 20 -2
v 21 20 -2
v 22 20 -2
v 24 20 -2
v 23 20 -2
v 25 20 -2
v 26 20 -2
v 26 21 -2
v 27 20 -3
v 27 21 -3
v 27 21 -2
v 27 20 -2
v 22 19 -3
v 22 19 -2
v 23 19 -3
v 23 19 -2
v 22 18 -3
v 22 18 -2
v 23 18 -3
v 23 18 -2
v 22 17 -3
v 22 17 -2
v 23 17 -3
v 23 17 -2
v 22 16 -3
v 22 16 -2
v 23 16 -3
v 23 16 -2
v 22 15 -2
v 23 15 -2
v 18 14 -3
v 18 14 -2
v 18 15 -2
v 18 15 -3
v 19 14 -2
v 19 15 -2
v 20 14 -2
v 20 15 -2
v 21 15 -2
v 24 15 -2
v 25 15 -2
v 26 14 -2
v 25 14 -2
v 26 15 -2
v 27 14 -3
v 27 15 -3
v 27 15 -2
v 27 14 -2
v 20 13 -3
v 20 13 -2
v 21 13 -3
v 22 13 -3
v 21 13 -2
v 22 13 -2
v 22 14 -2
v 21 14 -2
v 23 13 -3
v 23 13 -2
v 23 14 -2
v 24 13 -3
v 24 13 -2
v 24 14 -2
v 25 13 -3
v 25 13 -2
v 20 12 -3
v 20 12 -2
v 21 12 -3
v 22 12 -3
v 21 12 -2
v 22 12 -2
v 23 12 -3
v 23 12 -2
v 24 12 -3
v 24 12 -2
v 25 12 -3
v 25 12 -2
v 20 11 -3
v 20 11 -2
v 21 11 -3
v 22 11 -3
v 21 11 -2
v 22 11 -2
v 23 11 -3
v 23 11 -2
v 24 11 -3
v 24 11 -2
v 25 11 -3
v 25 11 -2
v 20 10 -3
v 20 10 -2
v 21 10 -3
v 22 10 -3
v 21 10 -2
v 22 10 -2
v 23 10 -3
v 23 10 -2
v 24 10 -3
v 24 10 -2
v 25 10 -3
v 25 10 -2
v 20 9 -3
v 20 9 -2
v 21 9 -3
v 22 9 -3
v 21 9 -2
v 22 9 -2
v 23 9 -3
v 23 9 -2
v 24 9 -3
v 24 9 -2
v 25 9 -3
v 25 9 -2
v 20 8 -3
v 20 8 -2
v 21 8 -3
v 22 8 -3
v 21 8 -2
v 22 8 -2
v 23 8 -3
v 23 8 -2
v 24 8 -3
v 24 8 -2
v 25 8 -3
v 25 8 -2
v 20 7 -3
v 20 7 -2
v 21 7 -3
v 22 7 -3
v 21 7 -2
v 22 7 -2
v 23 7 -3
v 23 7 -2
v 24 7 -3
v 24 7 -2
v 25 7 -3
v 25 7 -2
v 20 6 -3
v 20 6 -2
v 21 6 -3
v 22 6 -3
v 21 6 -2
v 22 6 -2
v 23 6 -3
v 23 6 -2
v 24 6 -3
v 24 6 -2
v 25 6 -3
v 25 6 -2
v 20 5 -3
v 20 5 -2
v 21 5 -3
v 22 5 -3
v 21 5 -2
v 22 5 -2
v 23 5 -3
v 23 5 -2
v 24 5 -3
v 24 5 -2
v 25 5 -3
v 25 5 -2
v 20 4 -3
v 20 4 -2
v 21 4 -3
v 22 4 -3
v 21 4 -2
v 22 4 -2
v 23 4 -3
v 23 4 -2
v 24 4 -3
v 24 4 -2
v 25 4 -3
v 25 4 -2
v 20 3 -3
v 20 3 -2
v 21 3 -3
v 22 3 -3
v 21 3 -2
v 22 3 -2
v 23 3 -3
v 23 3 -2
v 24 3 -3
v 24 3 -2
v 25 3 -3
v 25 3 -2
v 20 2 -3
v 20 2 -2
v 21 2 -3
v 22 2 -3
v 21 2 -2
v 22 2 -2
v 23 2 -3
v 23 2 -2
v 24 2 -3
v 24 2 -2
v 25 2 -3
v 25 2 -2
v 20 1 -3
v 20 1 -2
v 21 1 -3
v 22 1 -3
v 21 1 -2
v 22 1 -2
v 23 1 -3
v 23 1 -2
v 24 1 -3
v 24 1 -2
v 25 1 -3
v 25 1 -2
v 20 0 -3
v 20 0 -2
v 21 0 -3
v 22 0 -3
v 21 0 -2
v 22 0 -2
v 23 0 -3
v 23 0 -2
v 24 0 -3
v 24 0 -2
v 25 0 -3
v 25 0 -2
v 20 -1 -3
v 20 -1 -2
v 21 -1 -3
v 22 -1 -3
v 21 -1 -2
v 22 -1 -2
v 23 -1 -3
v 23 -1 -2
v 24 -1 -3
v 24 -1 -2
v 25 -1 -3
v 25 -1 -2
v 20 -2 -3
v 20 -2 -2
v 21 -2 -3
v 22 -2 -3
v 21 -2 -2
v 22 -2 -2
v 23 -2 -3
v 23 -2 -2
v 24 -2 -3
v 24 -2 -2
v 25 -2 -3
v 25 -2 -2
v 20 -3 -3
v 20 -3 -2
v 21 -3 -3
v 22 -3 -3
v 21 -3 -2
v 22 -3 -2
v 23 -3 -3
v 23 -3 -2
v 24 -3 -3
v 24 -3 -2
v 25 -3 -3
v 25 -3 -2
v 20 -4 -3
v 20 -4 -2
v 21 -4 -3
v 22 -4 -3
v 21 -4 -2
v 22 -4 -2
v 23 -4 -3
v 23 -4 -2
v 24 -4 -3
v 24 -4 -2
v 25 -4 -3
v 25 -4 -2
v 20 -5 -3
v 20 -5 -2
v 21 -5 -3
v 22 -5 -3
v 21 -5 -2
v 22 -5 -2
v 23 -5 -3
v 23 -5 -2
v 24 -5 -3
v 24 -5 -2
v 25 -5 -3
v 25 -5 -2
v 20 -6 -3
v 20 -6 -2
v 21 -6 -3
v 22 -6 -3
v 21 -6 -2
v 22 -6 -2
v 23 -6 -3
v 23 -6 -2
v 24 -6 -3
v 24 -6 -2
v 25 -6 -3
v 25 -6 -2
v 20 -7 -3
v 20 -7 -2
v 21 -7 -3
v 22 -7 -3
v 21 -7 -2
v 22 -7 -2
v 23 -7 -3
v 23 -7 -2
v 24 -7 -3
v 24 -7 -2
v 25 -7 -3
v 25 -7 -2
v 20 -8 -3
v 20 -8 -2
v 21 -8 -3
v 22 -8 -3
v 21 -8 -2
v 22 -8 -2
v 23 -8 -3
v 23 -8 -2
v 24 -8 -3
v 24 -8 -2
v 25 -8 -3
v 25 -8 -2
v 20 -9 -3
v 20 -9 -2
v 21 -9 -3
v 22 -9 -3
v 21 -9 -2
v 22 -9 -2
v 23 -9 -3
v 23 -9 -2
v 24 -9 -3
v 24 -9 -2
v 25 -9 -3
v 25 -9 -2
v 20 -10 -3
v 20 -10 -2
v 21 -10 -3
v 22 -10 -3
v 21 -10 -2
v 22 -10 -2
v 23 -10 -3
v 23 -10 -2
v 24 -10 -3
v 24 -10 -2
v 25 -10 -3
v 25 -10 -2
v 20 -11 -3
v 20 -11 -2
v 21 -11 -3
v 22 -11 -3
v 21 -11 -2
v 22 -11 -2
v 23 -11 -3
v 23 -11 -2
v 24 -11 -3
v 24 -11 -2
v 25 -11 -3
v 25 -11 -2
v 20 -12 -3
v 20 -12 -2
v 21 -12 -3
v 22 -12 -3
v 21 -12 -2
v 22 -12 -2
v 23 -12 -3
v 23 -12 -2
v 24 -12 -3
v 24 -12 -2
v 25 -12 -3
v 25 -12 -2
v 20 -13 -3
v 20 -13 -2
v 21 -13 -3
v 22 -13 -3
v 21 -13 -2
v 22 -13 -2
v 23 -13 -3
v 23 -13 -2
v 24 -13 -3
v 24 -13 -2
v 25 -13 -3
v 25 -13 -2
v 20 -14 -3
v 20 -14 -2
v 21 -14 -3
v 22 -14 -3
v 21 -14 -2
v 22 -14 -2
v 23 -14 -3
v 23 -14 -2
v 24 -14 -3
v 24 -14 -2
v 25 -14 -3
v 25 -14 -2
v 20 -15 -3
v 20 -15 -2
v 21 -15 -3
v 22 -15 -3
v 21 -15 -2
v 22 -15 -2
v 23 -15 -3
v 23 -15 -2
v 24 -15 -3
v 24 -15 -2
v 25 -15 -3
v 25 -15 -2
v 20 -16 -3
v 20 -16 -2
v 21 -16 -3
v 22 -16 -3
v 21 -16 -2
v 22 -16 -2
v 23 -16 -3
v 23 -16 -2
v 24 -16 -3
v 24 -16 -2
v 25 -16 -3
v 25 -16 -2
v 20 -17 -3
v 20 -17 -2
v 21 -17 -3
v 22 -17 -3
v 21 -17 -2
v 22 -17 -2
v 23 -17 -3
v 23 -17 -2
v 24 -17 -3
v 24 -17 -2
v 25 -17 -3
v 25 -17 -2
v 20 -18 -2
v 21 -18 -2
v 22 -18 -2
v 23 -18 -2
v 24 -18 -2
v 25 -18 -2
v -27 -19 -2
v -27 -18 -2
v -26 -18 -2
v -26 -19 -2
v -25 -18 -2
v -25 -19 -2
v -24 -18 -2
v -24 -19 -2
v -23 -18 -2
v -23 -19 -2
v -22 -18 -2
v -22 -19 -2
v -21 -18 -2
v -21 -19 -2
v -20 -18 -2
v -20 -19 -2
v -19 -18 -2
v -19 -19 -2
v -18 -18 -2
v -18 -19 -2
v -17 -18 -2
v -17 -19 -2
v -16 -18 -2
v -16 -19 -2
v -15 -18 -2
v -15 -19 -2
v -14 -18 -2
v -14 -19 -2
v -13 -18 -2
v -13 -19 -2
v -12 -18 -2
v -12 -19 -2
v -11 -18 -2
v -11 -19 -2
v -10 -18 -2
v -10 -19 -2
v -9 -18 -2
v -9 -19 -2
v -8 -18 -2
v -8 -19 -2
v -7 -18 -2
v -7 -19 -2
v -6 -18 -2
v -6 -19 -2
v -5 -18 -2
v -5 -19 -2
v -4 -18 -2
v -4 -19 -2
v -3 -18 -2
v -3 -19 -2
v -2 -18 -2
v -2 -19 -2
v -1 -18 -2
v -1 -19 -2
v 0 -18 -2
v 0 -19 -2
v 1 -18 -2
v 1 -19 -2
v 2 -18 -2
v 2 -19 -2
v 3 -18 -2
v 3 -19 -2
v 4 -18 -2
v 4 -19 -2
v 5 -18 -2
v 5 -19 -2
v 6 -18 -2
v 6 -19 -2
v 7 -18 -2
v 7 -19 -2
v 8 -18 -2
v 8 -19 -2
v 9 -18 -2
v 9 -19 -2
v 10 -18 -2
v 10 -19 -2
v 11 -18 -2
v 11 -19 -2
v 12 -18 -2
v 12 -19 -2
v 13 -18 -2
v 13 -19 -2
v 14 -18 -2
v 14 -19 -2
v 15 -18 -2
v 15 -19 -2
v 16 -18 -2
v 16 -19 -2
v 17 -18 -2
v 17 -19 -2
v 18 -18 -2
v 18 -19 -2
v 19 -18 -2
v 19 -19 -2
v 21 -19 -2
v 22 -19 -2
v 23 -19 -2
v 24 -19 -2
v 26 -18 -2
v 27 -18 -2
v 27 -19 -2
v 26 -19 -2
v -27 -20 -2
v -26 -20 -2
v -25 -20 -2
v -24 -20 -2
v -23 -20 -2
v -17 -20 -2
v -16 -20 -2
v -15 -20 -2
v -14 -20 -2
v -13 -20 -2
v -12 -20 -2
v -11 -20 -2
v -10 -20 -2
v -9 -20 -2
v -8 -20 -2
v -7 -20 -2
v -6 -20 -2
v -5 -20 -2
v -4 -20 -2
v -3 -20 -2
v -2 -20 -2
v -1 -20 -2
v 0 -20 -2
v 1 -20 -2
v 2 -20 -2
v 3 -20 -2
v 4 -20 -2
v 5 -20 -2
v 6 -20 -2
v 7 -20 -2
v 8 -20 -2
v 9 -20 -2
v 10 -20 -2
v 11 -20 -2
v 18 -20 -2
v 19 -20 -2
v 21 -20 -2
v 22 -20 -2
v 23 -20 -2
v 24 -20 -2
v 27 -20 -2
v 26 -20 -2
v -27 -21 -2
v -26 -21 -2
v -25 -21 -2
v -24 -21 -2
v -23 -21 -2
v -22 -21 -2
v -22 -20 -2
v -21 -21 -2
v -21 -20 -2
v -20 -21 -2
v -20 -20 -2
v -19 -21 -2
v -19 -20 -2
v -18 -21 -2
v -18 -20 -2
v -17 -21 -2
v -16 -21 -2
v -15 -21 -2
v -14 -21 -2
v -13 -21 -2
v -12 -21 -2
v -11 -21 -2
v -10 -21 -2
v -9 -21 -2
v -8 -21 -2
v -7 -21 -2
v -6 -21 -2
v -5 -21 -2
v -4 -21 -2
v -3 -21 -2
v -2 -21 -2
v -1 -21 -2
v 0 -21 -2
v 1 -21 -2
v 2 -21 -2
v 3 -21 -2
v 4 -21 -2
v 5 -21 -2
v 6 -21 -2
v 7 -21 -2
v 8 -21 -2
v 9 -21 -2
v 10 -21 -2
v 11 -21 -2
v 12 -21 -2
v 12 -20 -2
v 13 -21 -2
v 13 -20 -2
v 14 -21 -2
v 14 -20 -2
v 15 -21 -2
v 15 -20 -2
v 16 -21 -2
v 16 -20 -2
v 17 -21 -2
v 17 -20 -2
v 18 -21 -2
v 19 -21 -2
v 21 -21 -2
v 22 -21 -2
v 23 -21 -2
v 24 -21 -2
v 27 -21 -2
v 26 -21 -2
v -27 -22 -2
v -26 -22 -2
v -25 -22 -2
v -24 -22 -2
v -23 -22 -2
v -22 -22 -2
v -21 -22 -2
v -20 -22 -2
v -19 -22 -2
v -18 -22 -2
v -17 -22 -2
v -16 -22 -2
v -15 -22 -2
v -14 -22 -2
v -13 -22 -2
v -12 -22 -2
v -11 -22 -2
v -10 -22 -2
v -9 -22 -2
v -8 -22 -2
v -7 -22 -2
v -6 -22 -2
v -5 -22 -2
v -4 -22 -2
v -3 -22 -2
v -2 -22 -2
v -1 -22 -2
v 0 -22 -2
v 1 -22 -2
v 2 -22 -2
v 3 -22 -2
v 4 -22 -2
v 5 -22 -2
v 6 -22 -2
v 7 -22 -2
v 8 -22 -2
v 9 -22 -2
v 10 -22 -2
v 11 -22 -2
v 12 -22 -2
v 13 -22 -2
v 14 -22 -2
v 15 -22 -2
v 16 -22 -2
v 17 -22 -2
v 18 -22 -2
v 19 -22 -2
v 21 -22 -2
v 22 -22 -2
v 23 -22 -2
v 24 -22 -2
v 27 -22 -2
v 26 -22 -2
v -28 -23 -3
v -28 -23 -2
v -28 -22 -2
v -28 -22 -3
v -27 -23 -2
v 28 -23 -3
v 28 -22 -3
v 28 -22 -2
v 28 -23 -2
v 27 -23 -2
v -27 -24 -2
v -26 -24 -2
v -26 -23 -2
v -25 -24 -2
v -25 -23 -2
v -24 -24 -2
v -24 -23 -2
v -23 -24 -2
v -23 -23 -2
v -22 -24 -2
v -22 -23 -2
v -21 -24 -2
v -21 -23 -2
v -20 -24 -2
v -20 -23 -2
v -19 -24 -2
v -19 -23 -2
v -18 -24 -2
v -18 -23 -2
v -17 -24 -2
v -17 -23 -2
v -16 -24 -2
v -16 -23 -2
v -15 -24 -2
v -15 -23 -2
v -14 -24 -2
v -14 -23 -2
v -13 -24 -2
v -13 -23 -2
v -12 -24 -2
v -12 -23 -2
v -11 -24 -2
v -11 -23 -2
v -10 -24 -2
v -10 -23 -2
v -9 -24 -2
v -9 -23 -2
v -8 -24 -2
v -8 -23 -2
v -7 -24 -2
v -7 -23 -2
v -6 -24 -2
v -6 -23 -2
v -5 -24 -2
v -5 -23 -2
v -4 -24 -2
v -4 -23 -2
v -3 -24 -2
v -3 -23 -2
v -2 -24 -2
v -2 -23 -2
v -1 -24 -2
v -1 -23 -2
v 0 -24 -2
v 0 -23 -2
v 1 -24 -2
v 1 -23 -2
v 2 -24 -2
v 2 -23 -2
v 3 -24 -2
v 3 -23 -2
v 4 -24 -2
v 4 -23 -2
v 5 -24 -2
v 5 -23 -2
v 6 -24 -2
v 6 -23 -2
v 7 -24 -2
v 7 -23 -2
v 8 -24 -2
v 8 -23 -2
v 9 -24 -2
v 9 -23 -2
v 10 -24 -2
v 10 -23 -2
v 11 -24 -2
v 11 -23 -2
v 12 -24 -2
v 12 -23 -2
v 13 -24 -2
v 13 -23 -2
v 14 -24 -2
v 14 -23 -2
v 15 -24 -2
v 15 -23 -2
v 16 -24 -2
v 16 -23 -2
v 17 -24 -2
v 17 -23 -2
v 18 -24 -2
v 18 -23 -2
v 19 -24 -2
v 19 -23 -2
v 20 -24 -2
v 20 -23 -2
v 21 -24 -2
v 21 -23 -2
v 22 -24 -2
v 22 -23 -2
v 23 -24 -2
v 23 -23 -2
v 24 -24 -2
v 24 -23 -2
v 25 -24 -2
v 25 -23 -2
v 26 -24 -2
v 26 -23 -2
v 27 -24 -2
v 22 23 -1
v 22 24 -1
v 22 24 -2
v 23 24 -2
v 23 24 -1
v 23 23 -1
v 20 22 -1
v 20 23 -1
v 20 23 -2
v 21 23 -1
v 21 23 -2
v 24 23 -1
v 24 23 -2
v 25 23 -2
v 25 23 -1
v 25 22 -1
v 19 21 -1
v 19 22 -1
v 19 22 -2
v 26 22 -2
v 26 22 -1
v 26 21 -1
v 18 20 -1
v 18 21 -1
v 19 20 -1
v 20 20 -1
v 22 20 -1
v 21 20 -1
v 23 20 -1
v 24 20 -1
v 26 20 -1
v 25 20 -1
v 27 21 -1
v 27 20 -1
v 20 19 -2
v 20 19 -1
v 21 19 -2
v 21 19 -1
v 24 19 -2
v 24 19 -1
v 25 19 -2
v 25 19 -1
v 20 18 -2
v 20 18 -1
v 21 18 -2
v 21 18 -1
v 24 18 -2
v 24 18 -1
v 25 18 -2
v 25 18 -1
v 20 17 -2
v 20 17 -1
v 21 17 -2
v 21 17 -1
v 24 17 -2
v 24 17 -1
v 25 17 -2
v 25 17 -1
v 20 16 -2
v 20 16 -1
v 21 16 -2
v 21 16 -1
v 24 16 -2
v 24 16 -1
v 25 16 -2
v 25 16 -1
v 20 15 -1
v 21 15 -1
v 24 15 -1
v 25 15 -1
v 18 14 -1
v 18 15 -1
v 19 14 -1
v 19 15 -1
v 22 14 -1
v 21 14 -1
v 22 15 -1
v 23 14 -1
v 23 15 -1
v 24 14 -1
v 26 15 -1
v 27 15 -1
v 27 14 -1
v 26 14 -1
v 19 13 -2
v 19 13 -1
v 21 13 -1
v 20 13 -1
v 20 14 -1
v 24 13 -1
v 25 13 -1
v 25 14 -1
v 26 13 -2
v 26 13 -1
v 19 12 -2
v 19 12 -1
v 21 12 -1
v 20 12 -1
v 24 12 -1
v 25 12 -1
v 26 12 -2
v 26 12 -1
v 19 11 -2
v 19 11 -1
v 21 11 -1
v 20 11 -1
v 24 11 -1
v 25 11 -1
v 26 11 -2
v 26 11 -1
v 19 10 -2
v 19 10 -1
v 21 10 -1
v 20 10 -1
v 24 10 -1
v 25 10 -1
v 26 10 -2
v 26 10 -1
v 19 9 -2
v 19 9 -1
v 21 9 -1
v 20 9 -1
v 24 9 -1
v 25 9 -1
v 26 9 -2
v 26 9 -1
v 19 8 -2
v 19 8 -1
v 21 8 -1
v 20 8 -1
v 24 8 -1
v 25 8 -1
v 26 8 -2
v 26 8 -1
v 19 7 -2
v 19 7 -1
v 21 7 -1
v 20 7 -1
v 24 7 -1
v 25 7 -1
v 26 7 -2
v 26 7 -1
v 19 6 -2
v 19 6 -1
v 21 6 -1
v 20 6 -1
v 24 6 -1
v 25 6 -1
v 26 6 -2
v 26 6 -1
v 19 5 -2
v 19 5 -1
v 21 5 -1
v 20 5 -1
v 24 5 -1
v 25 5 -1
v 26 5 -2
v 26 5 -1
v 19 4 -2
v 19 4 -1
v 21 4 -1
v 20 4 -1
v 24 4 -1
v 25 4 -1
v 26 4 -2
v 26 4 -1
v 19 3 -2
v 19 3 -1
v 21 3 -1
v 20 3 -1
v 24 3 -1
v 25 3 -1
v 26 3 -2
v 26 3 -1
v 19 2 -2
v 19 2 -1
v 21 2 -1
v 20 2 -1
v 24 2 -1
v 25 2 -1
v 26 2 -2
v 26 2 -1
v 19 1 -2
v 19 1 -1
v 21 1 -1
v 20 1 -1
v 24 1 -1
v 25 1 -1
v 26 1 -2
v 26 1 -1
v 19 0 -2
v 19 0 -1
v 21 0 -1
v 20 0 -1
v 24 0 -1
v 25 0 -1
v 26 0 -2
v 26 0 -1
v 19 -1 -2
v 19 -1 -1
v 21 -1 -1
v 20 -1 -1
v 24 -1 -1
v 25 -1 -1
v 26 -1 -2
v 26 -1 -1
v 19 -2 -2
v 19 -2 -1
v 21 -2 -1
v 20 -2 -1
v 24 -2 -1
v 25 -2 -1
v 26 -2 -2
v 26 -2 -1
v 19 -3 -2
v 19 -3 -1
v 21 -3 -1
v 20 -3 -1
v 24 -3 -1
v 25 -3 -1
v 26 -3 -2
v 26 -3 -1
v 19 -4 -2
v 19 -4 -1
v 21 -4 -1
v 20 -4 -1
v 24 -4 -1
v 25 -4 -1
v 26 -4 -2
v 26 -4 -1
v 19 -5 -2
v 19 -5 -1
v 21 -5 -1
v 20 -5 -1
v 24 -5 -1
v 25 -5 -1
v 26 -5 -2
v 26 -5 -1
v 19 -6 -2
v 19 -6 -1
v 21 -6 -1
v 20 -6 -1
v 24 -6 -1
v 25 -6 -1
v 26 -6 -2
v 26 -6 -1
v 19 -7 -2
v 19 -7 -1
v 21 -7 -1
v 20 -7 -1
v 24 -7 -1
v 25 -7 -1
v 26 -7 -2
v 26 -7 -1
v 19 -8 -2
v 19 -8 -1
v 21 -8 -1
v 20 -8 -1
v 24 -8 -1
v 25 -8 -1
v 26 -8 -2
v 26 -8 -1
v 19 -9 -2
v 19 -9 -1
v 21 -9 -1
v 20 -9 -1
v 24 -9 -1
v 25 -9 -1
v 26 -9 -2
v 26 -9 -1
v 19 -10 -2
v 19 -10 -1
v 21 -10 -1
v 20 -10 -1
v 24 -10 -1
v 25 -10 -1
v 26 -10 -2
v 26 -10 -1
v 19 -11 -2
v 19 -11 -1
v 21 -11 -1
v 20 -11 -1
v 24 -11 -1
v 25 -11 -1
v 26 -11 -2
v 26 -11 -1
v 19 -12 -2
v 19 -12 -1
v 21 -12 -1
v 20 -12 -1
v 24 -12 -1
v 25 -12 -1
v 26 -12 -2
v 26 -12 -1
v 19 -13 -2
v 19 -13 -1
v 21 -13 -1
v 20 -13 -1
v 24 -13 -1
v 25 -13 -1
v 26 -13 -2
v 26 -13 -1
v 19 -14 -2
v 19 -14 -1
v 21 -14 -1
v 20 -14 -1
v 24 -14 -1
v 25 -14 -1
v 26 -14 -2
v 26 -14 -1
v 19 -15 -2
v 19 -15 -1
v 21 -15 -1
v 20 -15 -1
v 24 -15 -1
v 25 -15 -1
v 26 -15 -2
v 26 -15 -1
v 19 -16 -2
v 19 -16 -1
v 21 -16 -1
v 20 -16 -1
v 24 -16 -1
v 25 -16 -1
v 26 -16 -2
v 26 -16 -1
v 19 -17 -2
v 19 -17 -1
v 21 -17 -1
v 20 -17 -1
v 24 -17 -1
v 25 -17 -1
v 26 -17 -2
v 26 -17 -1
v 19 -18 -1
v 21 -18 -1
v 20 -18 -1
v 24 -18 -1
v 25 -18 -1
v 26 -18 -1
v 19 -19 -1
v 21 -19 -1
v 20 -19 -1
v 24 -19 -1
v 25 -19 -1
v 26 -19 -1
v -23 -20 -1
v -23 -19 -1
v -22 -20 -1
v -22 -19 -1
v -21 -20 -1
v -21 -19 -1
v -20 -20 -1
v -20 -19 -1
v -19 -20 -1
v -19 -19 -1
v -18 -20 -1
v -18 -19 -1
v -17 -19 -1
v -17 -20 -1
v 11 -20 -1
v 11 -19 -1
v 12 -20 -1
v 12 -19 -1
v 13 -20 -1
v 13 -19 -1
v 14 -20 -1
v 14 -19 -1
v 15 -20 -1
v 15 -19 -1
v 16 -20 -1
v 16 -19 -1
v 17 -20 -1
v 17 -19 -1
v 18 -19 -1
v 18 -20 -1
v 19 -20 -1
v 21 -20 -1
v 20 -20 -1
v 24 -20 -1
v 25 -20 -1
v 26 -20 -1
v 19 -21 -1
v 21 -21 -1
v 20 -21 -1
v 24 -21 -1
v 25 -21 -1
v 26 -21 -1
v 19 -22 -1
v 21 -22 -1
v 20 -22 -1
v 24 -22 -1
v 25 -22 -1
v 26 -22 -1
v -28 -23 -1
v -28 -22 -1
v -27 -23 -1
v -27 -22 -1
v -26 -23 -1
v -26 -22 -1
v -25 -23 -1
v -25 -22 -1
v -24 -23 -1
v -24 -22 -1
v -23 -23 -1
v -23 -22 -1
v -22 -23 -1
v -22 -22 -1
v -21 -23 -1
v -21 -22 -1
v -20 -23 -1
v -20 -22 -1
v -19 -23 -1
v -19 -22 -1
v -18 -23 -1
v -18 -22 -1
v -17 -23 -1
v -17 -22 -1
v -16 -23 -1
v -16 -22 -1
v -15 -23 -1
v -15 -22 -1
v -14 -23 -1
v -14 -22 -1
v -13 -23 -1
v -13 -22 -1
v -12 -23 -1
v -12 -22 -1
v -11 -23 -1
v -11 -22 -1
v -10 -23 -1
v -10 -22 -1
v -9 -23 -1
v -9 -22 -1
v -8 -23 -1
v -8 -22 -1
v -7 -23 -1
v -7 -22 -1
v -6 -23 -1
v -6 -22 -1
v -5 -23 -1
v -5 -22 -1
v -4 -23 -1
v -4 -22 -1
v -3 -23 -1
v -3 -22 -1
v -2 -23 -1
v -2 -22 -1
v -1 -23 -1
v -1 -22 -1
v 0 -23 -1
v 0 -22 -1
v 1 -23 -1
v 1 -22 -1
v 2 -23 -1
v 2 -22 -1
v 3 -23 -1
v 3 -22 -1
v 4 -23 -1
v 4 -22 -1
v 5 -23 -1
v 5 -22 -1
v 6 -23 -1
v 6 -22 -1
v 7 -23 -1
v 7 -22 -1
v 8 -23 -1
v 8 -22 -1
v 9 -23 -1
v 9 -22 -1
v 10 -23 -1
v 10 -22 -1
v 11 -23 -1
v 11 -22 -1
v 12 -23 -1
v 12 -22 -1
v 13 -23 -1
v 13 -22 -1
v 14 -23 -1
v 14 -22 -1
v 15 -23 -1
v 15 -22 -1
v 16 -23 -1
v 16 -22 -1
v 17 -23 -1
v 17 -22 -1
v 18 -23 -1
v 18 -22 -1
v 19 -23 -1
v 20 -23 -1
v 21 -23 -1
v 22 -23 -1
v 22 -22 -1
v 23 -23 -1
v 23 -22 -1
v 24 -23 -1
v 25 -23 -1
v 26 -23 -1
v 27 -23 -1
v 27 -22 -1
v 28 -22 -1
v 28 -23 -1
v 21 23 0
v 21 24 0
v 21 24 -1
v 22 24 0
v 23 24 0
v 24 24 -1
v 24 24 0
v 24 23 0
v 20 22 0
v 20 23 0
v 25 23 0
v 25 22 0
v 19 21 0
v 19 22 0
v 26 22 0
v 26 21 0
v 18 20 0
v 18 21 0
v 19 20 0
v 20 20 0
v 21 20 0
v 22 20 0
v 23 20 0
v 24 20 0
v 25 20 0
v 26 20 0
v 27 21 0
v 27 20 0
v 22 18 -1
v 22 18 0
v 22 19 0
v 22 19 -1
v 23 18 -1
v 23 19 -1
v 23 19 0
v 23 18 0
v 21 17 0
v 21 18 0
v 22 17 -1
v 22 17 0
v 23 17 -1
v 24 18 0
v 24 17 0
v 23 17 0
v 22 16 -1
v 22 16 0
v 23 16 -1
v 23 16 0
v 18 14 0
v 18 15 0
v 19 14 0
v 19 15 0
v 20 15 0
v 21 14 0
v 20 14 0
v 21 15 0
v 22 14 0
v 22 15 0
v 23 14 0
v 23 15 0
v 24 14 0
v 24 15 0
v 25 14 0
v 25 15 0
v 26 15 0
v 27 15 0
v 27 14 0
v 26 14 0
v 19 13 0
v 20 13 0
v 25 13 0
v 26 13 0
v 19 12 0
v 20 12 0
v 25 12 0
v 26 12 0
v 19 11 0
v 20 11 0
v 25 11 0
v 26 11 0
v 19 10 0
v 20 10 0
v 25 10 0
v 26 10 0
v 19 9 0
v 20 9 0
v 25 9 0
v 26 9 0
v 19 8 0
v 20 8 0
v 25 8 0
v 26 8 0
v 19 7 0
v 20 7 0
v 25 7 0
v 26 7 0
v 19 6 0
v 20 6 0
v 25 6 0
v 26 6 0
v 19 5 0
v 20 5 0
v 25 5 0
v 26 5 0
v 19 4 0
v 20 4 0
v 25 4 0
v 26 4 0
v 19 3 0
v 20 3 0
v 25 3 0
v 26 3 0
v 19 2 0
v 20 2 0
v 25 2 0
v 26 2 0
v 19 1 0
v 20 1 0
v 25 1 0
v 26 1 0
v 19 0 0
v 20 0 0
v 25 0 0
v 26 0 0
v 19 -1 0
v 20 -1 0
v 25 -1 0
v 26 -1 0
v 19 -2 0
v 20 -2 0
v 25 -2 0
v 26 -2 0
v 19 -3 0
v 20 -3 0
v 25 -3 0
v 26 -3 0
v 19 -4 0
v 20 -4 0
v 25 -4 0
v 26 -4 0
v 19 -5 0
v 20 -5 0
v 25 -5 0
v 26 -5 0
v 19 -6 0
v 20 -6 0
v 25 -6 0
v 26 -6 0
v 19 -7 0
v 20 -7 0
v 25 -7 0
v 26 -7 0
v 19 -8 0
v 20 -8 0
v 25 -8 0
v 26 -8 0
v 19 -9 0
v 20 -9 0
v 25 -9 0
v 26 -9 0
v 19 -10 0
v 20 -10 0
v 25 -10 0
v 26 -10 0
v 19 -11 0
v 20 -11 0
v 25 -11 0
v 26 -11 0
v 19 -12 0
v 20 -12 0
v 25 -12 0
v 26 -12 0
v 19 -13 0
v 20 -13 0
v 25 -13 0
v 26 -13 0
v 19 -14 0
v 20 -14 0
v 25 -14 0
v 26 -14 0
v 19 -15 0
v 20 -15 0
v 25 -15 0
v 26 -15 0
v 19 -16 0
v 20 -16 0
v 25 -16 0
v 26 -16 0
v 19 -17 0
v 20 -17 0
v 25 -17 0
v 26 -17 0
v 19 -18 0
v 20 -18 0
v 25 -18 0
v 26 -18 0
v 19 -19 0
v 20 -19 0
v 25 -19 0
v 26 -19 0
v -23 -20 0
v -23 -19 0
v -22 -20 0
v -22 -19 0
v -21 -20 0
v -21 -19 0
v -20 -20 0
v -20 -19 0
v -19 -20 0
v -19 -19 0
v -18 -20 0
v -18 -19 0
v -17 -19 0
v -17 -20 0
v 11 -20 0
v 11 -19 0
v 12 -20 0
v 12 -19 0
v 13 -20 0
v 13 -19 0
v 14 -20 0
v 14 -19 0
v 15 -20 0
v 15 -19 0
v 16 -20 0
v 16 -19 0
v 17 -20 0
v 17 -19 0
v 18 -19 0
v 18 -20 0
v 19 -20 0
v 20 -20 0
v 25 -20 0
v 26 -20 0
v 19 -21 0
v 20 -21 0
v 25 -21 0
v 26 -21 0
v 19 -22 0
v 20 -22 0
v 25 -22 0
v 26 -22 0
v -28 -23 0
v -28 -22 0
v -27 -23 0
v -27 -22 0
v -26 -23 0
v -26 -22 0
v -25 -23 0
v -25 -22 0
v -24 -23 0
v -24 -22 0
v -23 -23 0
v -23 -22 0
v -22 -23 0
v -22 -22 0
v -21 -23 0
v -21 -22 0
v -20 -23 0
v -20 -22 0
v -19 -23 0
v -19 -22 0
v -18 -23 0
v -18 -22 0
v -17 -23 0
v -17 -22 0
v -16 -23 0
v -16 -22 0
v -15 -23 0
v -15 -22 0
v -14 -23 0
v -14 -22 0
v -13 -23 0
v -13 -22 0
v -12 -23 0
v -12 -22 0
v -11 -23 0
v -11 -22 0
v -10 -23 0
v -10 -22 0
v -9 -23 0
v -9 -22 0
v -8 -23 0
v -8 -22 0
v -7 -23 0
v -7 -22 0
v -6 -23 0
v -6 -22 0
v -5 -23 0
v -5 -22 0
v -4 -23 0
v -4 -22 0
v -3 -23 0
v -3 -22 0
v -2 -23 0
v -2 -22 0
v -1 -23 0
v -1 -22 0
v 0 -23 0
v 0 -22 0
v 1 -23 0
v 1 -22 0
v 2 -23 0
v 2 -22 0
v 3 -23 0
v 3 -22 0
v 4 -23 0
v 4 -22 0
v 5 -23 0
v 5 -22 0
v 6 -23 0
v 6 -22 0
v 7 -23 0
v 7 -22 0
v 8 -23 0
v 8 -22 0
v 9 -23 0
v 9 -22 0
v 10 -23 0
v 10 -22 0
v 11 -23 0
v 11 -22 0
v 12 -23 0
v 12 -22 0
v 13 -23 0
v 13 -22 0
v 14 -23 0
v 14 -22 0
v 15 -23 0
v 15 -22 0
v 16 -23 0
v 16 -22 0
v 17 -23 0
v 17 -22 0
v 18 -23 0
v 18 -22 0
v 19 -23 0
v 20 -23 0
v 21 -23 0
v 21 -22 0
v 22 -23 0
v 22 -22 0
v 23 -23 0
v 23 -22 0
v 24 -23 0
v 24 -22 0
v 25 -23 0
v 26 -23 0
v 27 -23 0
v 27 -22 0
v 28 -22 0
v 28 -23 0
v 22 25 0
v 22 25 1
v 22 26 1
v 22 26 0
v 23 25 0
v 23 26 0
v 23 26 1
v 23 25 1
v 22 24 1
v 23 24 1
v 20 23 1
v 20 24 1
v 20 24 0
v 21 24 1
v 21 23 1
v 24 24 1
v 25 24 0
v 25 24 1
v 25 23 1
v 24 23 1
v 19 22 1
v 19 23 1
v 19 23 0
v 20 22 1
v 26 23 0
v 26 23 1
v 26 22 1
v 25 22 1
v 18 21 1
v 18 22 1
v 18 22 0
v 19 21 1
v 27 22 0
v 27 22 1
v 27 21 1
v 26 21 1
v 17 20 0
v 17 20 1
v 17 21 1
v 17 21 0
v 18 20 1
v 19 20 1
v 21 20 1
v 20 20 1
v 22 20 1
v 24 20 1
v 23 20 1
v 25 20 1
v 27 20 1
v 26 20 1
v 28 20 0
v 28 21 0
v 28 21 1
v 28 20 1
v 19 19 0
v 19 19 1
v 20 19 0
v 20 19 1
v 22 19 1
v 23 19 1
v 25 19 0
v 25 19 1
v 26 19 0
v 26 19 1
v 19 18 0
v 19 18 1
v 20 18 0
v 20 18 1
v 21 18 1
v 21 19 1
v 21 19 0
v 22 18 1
v 24 19 0
v 24 19 1
v 24 18 1
v 23 18 1
v 25 18 0
v 25 18 1
v 26 18 0
v 26 18 1
v 19 17 0
v 19 17 1
v 20 17 0
v 20 17 1
v 21 17 1
v 24 17 1
v 25 17 0
v 25 17 1
v 26 17 0
v 26 17 1
v 19 16 0
v 19 16 1
v 20 16 0
v 20 16 1
v 21 16 0
v 21 16 1
v 22 16 1
v 22 17 1
v 24 16 0
v 24 16 1
v 23 16 1
v 23 17 1
v 25 16 0
v 25 16 1
v 26 16 0
v 26 16 1
v 19 15 1
v 20 15 1
v 22 15 1
v 23 15 1
v 25 15 1
v 26 15 1
v 17 14 0
v 17 14 1
v 17 15 1
v 17 15 0
v 18 14 1
v 18 15 1
v 19 14 1
v 21 14 1
v 20 14 1
v 21 15 1
v 22 14 1
v 23 14 1
v 24 14 1
v 24 15 1
v 25 14 1
v 27 14 1
v 26 14 1
v 27 15 1
v 28 14 0
v 28 15 0
v 28 15 1
v 28 14 1
v 19 13 1
v 20 13 1
v 25 13 1
v 26 13 1
v 19 12 1
v 20 12 1
v 25 12 1
v 26 12 1
v 19 11 1
v 20 11 1
v 25 11 1
v 26 11 1
v 19 10 1
v 20 10 1
v 25 10 1
v 26 10 1
v 19 9 1
v 20 9 1
v 25 9 1
v 26 9 1
v 19 8 1
v 20 8 1
v 25 8 1
v 26 8 1
v 19 7 1
v 20 7 1
v 25 7 1
v 26 7 1
v 19 6 1
v 20 6 1
v 25 6 1
v 26 6 1
v 19 5 1
v 20 5 1
v 25 5 1
v 26 5 1
v 19 4 1
v 20 4 1
v 25 4 1
v 26 4 1
v 19 3 1
v 20 3 1
v 25 3 1
v 26 3 1
v 19 2 1
v 20 2 1
v 25 2 1
v 26 2 1
v 19 1 1
v 20 1 1
v 25 1 1
v 26 1 1
v 19 0 1
v 20 0 1
v 25 0 1
v 26 0 1
v 19 -1 1
v 20 -1 1
v 25 -1 1
v 26 -1 1
v 19 -2 1
v 20 -2 1
v 25 -2 1
v 26 -2 1
v 19 -3 1
v 20 -3 1
v 25 -3 1
v 26 -3 1
v 19 -4 1
v 20 -4 1
v 25 -4 1
v 26 -4 1
v 19 -5 1
v 20 -5 1
v 25 -5 1
v 26 -5 1
v 19 -6 1
v 20 -6 1
v 25 -6 1
v 26 -6 1
v 19 -7 1
v 20 -7 1
v 25 -7 1
v 26 -7 1
v 19 -8 1
v 20 -8 1
v 25 -8 1
v 26 -8 1
v 19 -9 1
v 20 -9 1
v 25 -9 1
v 26 -9 1
v 19 -10 1
v 20 -10 1
v 25 -10 1
v 26 -10 1
v 19 -11 1
v 20 -11 1
v 25 -11 1
v 26 -11 1
v 19 -12 1
v 20 -12 1
v 25 -12 1
v 26 -12 1
v 19 -13 1
v 20 -13 1
v 25 -13 1
v 26 -13 1
v 19 -14 1
v 20 -14 1
v 25 -14 1
v 26 -14 1
v 19 -15 1
v 20 -15 1
v 25 -15 1
v 26 -15 1
v 19 -16 1
v 20 -16 1
v 25 -16 1
v 26 -16 1
v 19 -17 1
v 20 -17 1
v 25 -17 1
v 26 -17 1
v 19 -18 1
v 20 -18 1
v 25 -18 1
v 26 -18 1
v 19 -19 1
v 20 -19 1
v 25 -19 1
v 26 -19 1
v -23 -20 1
v -23 -19 1
v -22 -20 1
v -22 -19 1
v -21 -20 1
v -21 -19 1
v -20 -20 1
v -20 -19 1
v -19 -20 1
v -19 -19 1
v -18 -20 1
v -18 -19 1
v -17 -19 1
v -17 -20 1
v 11 -20 1
v 11 -19 1
v 12 -20 1
v 12 -19 1
v 13 -20 1
v 13 -19 1
v 14 -20 1
v 14 -19 1
v 15 -20 1
v 15 -19 1
v 16 -20 1
v 16 -19 1
v 17 -20 1
v 17 -19 1
v 18 -19 1
v 18 -20 1
v 19 -20 1
v 20 -20 1
v 25 -20 1
v 26 -20 1
v 19 -21 1
v 20 -21 1
v 25 -21 1
v 26 -21 1
v 19 -22 1
v 20 -22 1
v 25 -22 1
v 26 -22 1
v -28 -23 1
v -28 -22 1
v -27 -23 1
v -27 -22 1
v -26 -23 1
v -26 -22 1
v -25 -23 1
v -25 -22 1
v -24 -23 1
v -24 -22 1
v -23 -23 1
v -23 -22 1
v -22 -23 1
v -22 -22 1
v -21 -23 1
v -21 -22 1
v -20 -23 1
v -20 -22 1
v -19 -23 1
v -19 -22 1
v -18 -23 1
v -18 -22 1
v -17 -23 1
v -17 -22 1
v -16 -23 1
v -16 -22 1
v -15 -23 1
v -15 -22 1
v -14 -23 1
v -14 -22 1
v -13 -23 1
v -13 -22 1
v -12 -23 1
v -12 -22 1
v -11 -23 1
v -11 -22 1
v -10 -23 1
v -10 -22 1
v -9 -23 1
v -9 -22 1
v -8 -23 1
v -8 -22 1
v -7 -23 1
v -7 -22 1
v -6 -23 1
v -6 -22 1
v -5 -23 1
v -5 -22 1
v -4 -23 1
v -4 -22 1
v -3 -23 1
v -3 -22 1
v -2 -23 1
v -2 -22 1
v -1 -23 1
v -1 -22 1
v 0 -23 1
v 0 -22 1
v 1 -23 1
v 1 -22 1
v 2 -23 1
v 2 -22 1
v 3 -23 1
v 3 -22 1
v 4 -23 1
v 4 -22 1
v 5 -23 1
v 5 -22 1
v 6 -23 1
v 6 -22 1
v 7 -23 1
v 7 -22 1
v 8 -23 1
v 8 -22 1
v 9 -23 1
v 9 -22 1
v 10 -23 1
v 10 -22 1
v 11 -23 1
v 11 -22 1
v 12 -23 1
v 12 -22 1
v 13 -23 1
v 13 -22 1
v 14 -23 1
v 14 -22 1
v 15 -23 1
v 15 -22 1
v 16 -23 1
v 16 -22 1
v 17 -23 1
v 17 -22 1
v 18 -23 1
v 18 -22 1
v 19 -23 1
v 20 -23 1
v 21 -23 1
v 21 -22 1
v 22 -23 1
v 22 -22 1
v 23 -23 1
v 23 -22 1
v 24 -23 1
v 24 -22 1
v 25 -23 1
v 26 -23 1
v 27 -23 1
v 27 -22 1
v 28 -22 1
v 28 -23 1
v 21 23 2
v 21 24 2
v 22 24 2
v 22 23 2
v 23 24 2
v 24 24 2
v 24 23 2
v 23 23 2
v 20 22 2
v 20 23 2
v 25 23 2
v 25 22 2
v 19 21 2
v 19 22 2
v 26 22 2
v 26 21 2
v 18 20 2
v 18 21 2
v 19 20 2
v 20 20 2
v 21 20 2
v 22 20 2
v 23 20 2
v 24 20 2
v 25 20 2
v 26 20 2
v 27 21 2
v 27 20 2
v 22 18 2
v 22 19 2
v 23 19 2
v 23 18 2
v 21 17 2
v 21 18 2
v 22 17 2
v 23 17 2
v 24 18 2
v 24 17 2
v 22 16 2
v 23 16 2
v 18 14 2
v 18 15 2
v 19 14 2
v 19 15 2
v 20 15 2
v 21 14 2
v 20 14 2
v 21 15 2
v 22 14 2
v 22 15 2
v 23 14 2
v 23 15 2
v 24 14 2
v 24 15 2
v 25 14 2
v 25 15 2
v 26 15 2
v 27 15 2
v 27 14 2
v 26 14 2
v 19 13 2
v 20 13 2
v 25 13 2
v 26 13 2
v 19 12 2
v 20 12 2
v 25 12 2
v 26 12 2
v 19 11 2
v 20 11 2
v 25 11 2
v 26 11 2
v 19 10 2
v 20 10 2
v 25 10 2
v 26 10 2
v 19 9 2
v 20 9 2
v 25 9 2
v 26 9 2
v 19 8 2
v 20 8 2
v 25 8 2
v 26 8 2
v 19 7 2
v 20 7 2
v 25 7 2
v 26 7 2
v 19 6 2
v 20 6 2
v 25 6 2
v 26 6 2
v 19 5 2
v 20 5 2
v 25 5 2
v 26 5 2
v 19 4 2
v 20 4 2
v 25 4 2
v 26 4 2
v 19 3 2
v 20 3 2
v 25 3 2
v 26 3 2
v 19 2 2
v 20 2 2
v 25 2 2
v 26 2 2
v 19 1 2
v 20 1 2
v 25 1 2
v 26 1 2
v 19 0 2
v 20 0 2
v 25 0 2
v 26 0 2
v 19 -1 2
v 20 -1 2
v 25 -1 2
v 26 -1 2
v 19 -2 2
v 20 -2 2
v 25 -2 2
v 26 -2 2
v 19 -3 2
v 20 -3 2
v 25 -3 2
v 26 -3 2
v 19 -4 2
v 20 -4 2
v 25 -4 2
v 26 -4 2
v 19 -5 2
v 20 -5 2
v 25 -5 2
v 26 -5 2
v 19 -6 2
v 20 -6 2
v 25 -6 2
v 26 -6 2
v 19 -7 2
v 20 -7 2
v 25 -7 2
v 26 -7 2
v 19 -8 2
v 20 -8 2
v 25 -8 2
v 26 -8 2
v 19 -9 2
v 20 -9 2
v 25 -9 2
v 26 -9 2
v 19 -10 2
v 20 -10 2
v 25 -10 2
v 26 -10 2
v 19 -11 2
v 20 -11 2
v 25 -11 2
v 26 -11 2
v 19 -12 2
v 20 -12 2
v 25 -12 2
v 26 -12 2
v 19 -13 2
v 20 -13 2
v 25 -13 2
v 26 -13 2
v 19 -14 2
v 20 -14 2
v 25 -14 2
v 26 -14 2
v 19 -15 2
v 20 -15 2
v 25 -15 2
v 26 -15 2
v 19 -16 2
v 20 -16 2
v 25 -16 2
v 26 -16 2
v 19 -17 2
v 20 -17 2
v 25 -17 2
v 26 -17 2
v 19 -18 2
v 20 -18 2
v 25 -18 2
v 26 -18 2
v -23 -19 2
v -23 -18 2
v -23 -18 1
v -22 -18 1
v -22 -18 2
v -22 -19 2
v -18 -19 2
v -18 -18 2
v -18 -18 1
v -17 -18 1
v -17 -18 2
v -17 -19 2
v 11 -19 2
v 11 -18 2
v 11 -18 1
v 12 -18 1
v 12 -18 2
v 12 -19 2
v 17 -19 2
v 17 -18 2
v 17 -18 1
v 18 -18 1
v 18 -18 2
v 18 -19 2
v 19 -19 2
v 20 -19 2
v 25 -19 2
v 26 -19 2
v -23 -20 2
v -21 -20 2
v -22 -20 2
v -21 -19 2
v -20 -20 2
v -20 -19 2
v -19 -20 2
v -19 -19 2
v -18 -20 2
v -17 -20 2
v 11 -20 2
v 13 -20 2
v 12 -20 2
v 13 -19 2
v 14 -20 2
v 14 -19 2
v 15 -20 2
v 15 -19 2
v 16 -20 2
v 16 -19 2
v 17 -20 2
v 18 -20 2
v 19 -20 2
v 20 -20 2
v 25 -20 2
v 26 -20 2
v -23 -21 1
v -23 -21 2
v -22 -21 1
v -22 -21 2
v -18 -21 1
v -18 -21 2
v -17 -21 1
v -17 -21 2
v 11 -21 1
v 11 -21 2
v 12 -21 1
v 12 -21 2
v 17 -21 1
v 17 -21 2
v 18 -21 1
v 18 -21 2
v 19 -21 2
v 20 -21 2
v 25 -21 2
v 26 -21 2
v -23 -22 2
v -22 -22 2
v -18 -22 2
v -17 -22 2
v 11 -22 2
v 12 -22 2
v 17 -22 2
v 18 -22 2
v 19 -22 2
v 20 -22 2
v 25 -22 2
v 26 -22 2
v -28 -23 2
v -28 -22 2
v -27 -23 2
v -27 -22 2
v -26 -23 2
v -26 -22 2
v -25 -23 2
v -25 -22 2
v -24 -23 2
v -24 -22 2
v -23 -23 2
v -21 -23 2
v -22 -23 2
v -21 -22 2
v -20 -23 2
v -20 -22 2
v -19 -23 2
v -19 -22 2
v -18 -23 2
v -16 -23 2
v -17 -23 2
v -16 -22 2
v -15 -23 2
v -15 -22 2
v -14 -23 2
v -14 -22 2
v -13 -23 2
v -13 -22 2
v -12 -23 2
v -12 -22 2
v -11 -23 2
v -11 -22 2
v -10 -23 2
v -10 -22 2
v -9 -23 2
v -9 -22 2
v -8 -23 2
v -8 -22 2
v -7 -23 2
v -7 -22 2
v -6 -23 2
v -6 -22 2
v -5 -23 2
v -5 -22 2
v -4 -23 2
v -4 -22 2
v -3 -23 2
v -3 -22 2
v -2 -23 2
v -2 -22 2
v -1 -23 2
v -1 -22 2
v 0 -23 2
v 0 -22 2
v 1 -23 2
v 1 -22 2
v 2 -23 2
v 2 -22 2
v 3 -23 2
v 3 -22 2
v 4 -23 2
v 4 -22 2
v 5 -23 2
v 5 -22 2
v 6 -23 2
v 6 -22 2
v 7 -23 2
v 7 -22 2
v 8 -23 2
v 8 -22 2
v 9 -23 2
v 9 -22 2
v 10 -23 2
v 10 -22 2
v 11 -23 2
v 13 -23 2
v 12 -23 2
v 13 -22 2
v 14 -23 2
v 14 -22 2
v 15 -23 2
v 15 -22 2
v 16 -23 2
v 16 -22 2
v 17 -23 2
v 19 -23 2
v 18 -23 2
v 20 -23 2
v 21 -23 2
v 21 -22 2
v 22 -23 2
v 22 -22 2
v 23 -23 2
v 23 -22 2
v 24 -23 2
v 24 -22 2
v 25 -23 2
v 26 -23 2
v 27 -23 2
v 27 -22 2
v 28 -22 2
v 28 -23 2
v -23 -24 1
v -23 -24 2
v -22 -24 1
v -22 -24 2
v -18 -24 1
v -18 -24 2
v -17 -24 1
v -17 -24 2
v 11 -24 1
v 11 -24 2
v 12 -24 1
v 12 -24 2
v 17 -24 1
v 17 -24 2
v 18 -24 1
v 18 -24 2
v -23 -25 1
v -23 -25 2
v -22 -25 1
v -22 -25 2
v -18 -25 1
v -18 -25 2
v -17 -25 1
v -17 -25 2
v 11 -25 1
v 11 -25 2
v 12 -25 1
v 12 -25 2
v 17 -25 1
v 17 -25 2
v 18 -25 1
v 18 -25 2
v -23 -26 1
v -23 -26 2
v -22 -26 1
v -22 -26 2
v -18 -26 1
v -18 -26 2
v -17 -26 1
v -17 -26 2
v 11 -26 1
v 11 -26 2
v 12 -26 1
v 12 -26 2
v 17 -26 1
v 17 -26 2
v 18 -26 1
v 18 -26 2
v -23 -27 1
v -23 -27 2
v -22 -27 1
v -22 -27 2
v -18 -27 1
v -18 -27 2
v -17 -27 1
v -17 -27 2
v 11 -27 1
v 11 -27 2
v 12 -27 1
v 12 -27 2
v 17 -27 1
v 17 -27 2
v 18 -27 1
v 18 -27 2
v 22 23 3
v 22 24 3
v 23 24 3
v 23 23 3
v 20 22 3
v 20 23 3
v 21 23 3
v 21 22 3
v 22 22 3
v 24 23 3
v 23 22 3
v 24 22 3
v 25 23 3
v 25 22 3
v 19 21 3
v 19 22 3
v 20 21 3
v 26 22 3
v 26 21 3
v 25 21 3
v 18 20 3
v 18 21 3
v 19 20 3
v 20 20 3
v 22 20 3
v 21 20 3
v 23 20 3
v 24 20 3
v 26 20 3
v 25 20 3
v 27 21 3
v 27 20 3
v 20 19 2
v 20 19 3
v 21 19 2
v 21 19 3
v 24 19 2
v 24 19 3
v 25 19 2
v 25 19 3
v 20 18 2
v 20 18 3
v 21 18 3
v 24 18 3
v 25 18 2
v 25 18 3
v 20 17 2
v 20 17 3
v 21 17 3
v 24 17 3
v 25 17 2
v 25 17 3
v 20 16 2
v 20 16 3
v 21 16 2
v 21 16 3
v 24 16 2
v 24 16 3
v 25 16 2
v 25 16 3
v 20 15 3
v 21 15 3
v 24 15 3
v 25 15 3
v 18 14 3
v 18 15 3
v 19 14 3
v 19 15 3
v 22 14 3
v 21 14 3
v 22 15 3
v 23 14 3
v 23 15 3
v 24 14 3
v 26 15 3
v 27 15 3
v 27 14 3
v 26 14 3
v 19 13 3
v 20 13 3
v 20 14 3
v 21 13 2
v 21 13 3
v 24 13 2
v 24 13 3
v 26 13 3
v 25 13 3
v 25 14 3
v 19 12 3
v 20 12 3
v 21 12 2
v 21 12 3
v 24 12 2
v 24 12 3
v 26 12 3
v 25 12 3
v 19 11 3
v 20 11 3
v 21 11 2
v 21 11 3
v 24 11 2
v 24 11 3
v 26 11 3
v 25 11 3
v 19 10 3
v 20 10 3
v 21 10 2
v 21 10 3
v 24 10 2
v 24 10 3
v 26 10 3
v 25 10 3
v 19 9 3
v 20 9 3
v 21 9 2
v 21 9 3
v 24 9 2
v 24 9 3
v 26 9 3
v 25 9 3
v 19 8 3
v 20 8 3
v 21 8 2
v 21 8 3
v 24 8 2
v 24 8 3
v 26 8 3
v 25 8 3
v 19 7 3
v 20 7 3
v 21 7 2
v 21 7 3
v 24 7 2
v 24 7 3
v 26 7 3
v 25 7 3
v 19 6 3
v 20 6 3
v 21 6 2
v 21 6 3
v 24 6 2
v 24 6 3
v 26 6 3
v 25 6 3
v 19 5 3
v 20 5 3
v 21 5 2
v 21 5 3
v 24 5 2
v 24 5 3
v 26 5 3
v 25 5 3
v 19 4 3
v 20 4 3
v 21 4 2
v 21 4 3
v 24 4 2
v 24 4 3
v 26 4 3
v 25 4 3
v 19 3 3
v 20 3 3
v 21 3 2
v 21 3 3
v 24 3 2
v 24 3 3
v 26 3 3
v 25 3 3
v 19 2 3
v 20 2 3
v 21 2 2
v 21 2 3
v 24 2 2
v 24 2 3
v 26 2 3
v 25 2 3
v 19 1 3
v 20 1 3
v 21 1 2
v 21 1 3
v 24 1 2
v 24 1 3
v 26 1 3
v 25 1 3
v 19 0 3
v 20 0 3
v 21 0 2
v 21 0 3
v 24 0 2
v 24 0 3
v 26 0 3
v 25 0 3
v 19 -1 3
v 20 -1 3
v 21 -1 2
v 21 -1 3
v 24 -1 2
v 24 -1 3
v 26 -1 3
v 25 -1 3
v 19 -2 3
v 20 -2 3
v 21 -2 2
v 21 -2 3
v 24 -2 2
v 24 -2 3
v 26 -2 3
v 25 -2 3
v 19 -3 3
v 20 -3 3
v 21 -3 2
v 21 -3 3
v 24 -3 2
v 24 -3 3
v 26 -3 3
v 25 -3 3
v 19 -4 3
v 20 -4 3
v 21 -4 2
v 21 -4 3
v 24 -4 2
v 24 -4 3
v 26 -4 3
v 25 -4 3
v 19 -5 3
v 20 -5 3
v 21 -5 2
v 21 -5 3
v 24 -5 2
v 24 -5 3
v 26 -5 3
v 25 -5 3
v 19 -6 3
v 20 -6 3
v 21 -6 2
v 21 -6 3
v 24 -6 2
v 24 -6 3
v 26 -6 3
v 25 -6 3
v 19 -7 3
v 20 -7 3
v 21 -7 2
v 21 -7 3
v 24 -7 2
v 24 -7 3
v 26 -7 3
v 25 -7 3
v 19 -8 3
v 20 -8 3
v 21 -8 2
v 21 -8 3
v 24 -8 2
v 24 -8 3
v 26 -8 3
v 25 -8 3
v 19 -9 3
v 20 -9 3
v 21 -9 2
v 21 -9 3
v 24 -9 2
v 24 -9 3
v 26 -9 3
v 25 -9 3
v 19 -10 3
v 20 -10 3
v 21 -10 2
v 21 -10 3
v 24 -10 2
v 24 -10 3
v 26 -10 3
v 25 -10 3
v 19 -11 3
v 20 -11 3
v 21 -11 2
v 21 -11 3
v 24 -11 2
v 24 -11 3
v 26 -11 3
v 25 -11 3
v 19 -12 3
v 20 -12 3
v 21 -12 2
v 21 -12 3
v 24 -12 2
v 24 -12 3
v 26 -12 3
v 25 -12 3
v 19 -13 3
v 20 -13 3
v 21 -13 2
v 21 -13 3
v 24 -13 2
v 24 -13 3
v 26 -13 3
v 25 -13 3
v 19 -14 3
v 20 -14 3
v 21 -14 2
v 21 -14 3
v 24 -14 2
v 24 -14 3
v 26 -14 3
v 25 -14 3
v 19 -15 3
v 20 -15 3
v 21 -15 2
v 21 -15 3
v 24 -15 2
v 24 -15 3
v 26 -15 3
v 25 -15 3
v 19 -16 3
v 20 -16 3
v 21 -16 2
v 21 -16 3
v 24 -16 2
v 24 -16 3
v 26 -16 3
v 25 -16 3
v 19 -17 3
v 20 -17 3
v 21 -17 2
v 21 -17 3
v 24 -17 2
v 24 -17 3
v 26 -17 3
v 25 -17 3
v 19 -18 3
v 20 -18 3
v 21 -18 2
v 21 -18 3
v 24 -18 2
v 24 -18 3
v 26 -18 3
v 25 -18 3
v 19 -19 3
v 20 -19 3
v 21 -19 2
v 21 -19 3
v 24 -19 2
v 24 -19 3
v 26 -19 3
v 25 -19 3
v -23 -20 3
v -23 -19 3
v -22 -20 3
v -22 -19 3
v -21 -20 3
v -21 -19 3
v -20 -20 3
v -20 -19 3
v -19 -20 3
v -19 -19 3
v -18 -20 3
v -18 -19 3
v -17 -19 3
v -17 -20 3
v 11 -20 3
v 11 -19 3
v 12 -20 3
v 12 -19 3
v 13 -20 3
v 13 -19 3
v 14 -20 3
v 14 -19 3
v 15 -20 3
v 15 -19 3
v 16 -20 3
v 16 -19 3
v 17 -20 3
v 17 -19 3
v 18 -19 3
v 18 -20 3
v 19 -20 3
v 20 -20 3
v 21 -20 2
v 21 -20 3
v 24 -20 2
v 24 -20 3
v 26 -20 3
v 25 -20 3
v 19 -21 3
v 20 -21 3
v 21 -21 2
v 21 -21 3
v 24 -21 2
v 24 -21 3
v 26 -21 3
v 25 -21 3
v 19 -22 3
v 20 -22 3
v 21 -22 3
v 24 -22 3
v 26 -22 3
v 25 -22 3
v -28 -23 3
v -28 -22 3
v -27 -23 3
v -27 -22 3
v -26 -23 3
v -26 -22 3
v -25 -23 3
v -25 -22 3
v -24 -23 3
v -24 -22 3
v -23 -23 3
v -23 -22 3
v -22 -23 3
v -22 -22 3
v -21 -23 3
v -21 -22 3
v -20 -23 3
v -20 -22 3
v -19 -23 3
v -19 -22 3
v -18 -23 3
v -18 -22 3
v -17 -23 3
v -17 -22 3
v -16 -23 3
v -16 -22 3
v -15 -23 3
v -15 -22 3
v -14 -23 3
v -14 -22 3
v -13 -23 3
v -13 -22 3
v -12 -23 3
v -12 -22 3
v -11 -23 3
v -11 -22 3
v -10 -23 3
v -10 -22 3
v -9 -23 3
v -9 -22 3
v -8 -23 3
v -8 -22 3
v -7 -23 3
v -7 -22 3
v -6 -23 3
v -6 -22 3
v -5 -23 3
v -5 -22 3
v -4 -23 3
v -4 -22 3
v -3 -23 3
v -3 -22 3
v -2 -23 3
v -2 -22 3
v -1 -23 3
v -1 -22 3
v 0 -23 3
v 0 -22 3
v 1 -23 3
v 1 -22 3
v 2 -23 3
v 2 -22 3
v 3 -23 3
v 3 -22 3
v 4 -23 3
v 4 -22 3
v 5 -23 3
v 5 -22 3
v 6 -23 3
v 6 -22 3
v 7 -23 3
v 7 -22 3
v 8 -23 3
v 8 -22 3
v 9 -23 3
v 9 -22 3
v 10 -23 3
v 10 -22 3
v 11 -23 3
v 11 -22 3
v 12 -23 3
v 12 -22 3
v 13 -23 3
v 13 -22 3
v 14 -23 3
v 14 -22 3
v 15 -23 3
v 15 -22 3
v 16 -23 3
v 16 -22 3
v 17 -23 3
v 17 -22 3
v 18 -23 3
v 18 -22 3
v 19 -23 3
v 20 -23 3
v 21 -23 3
v 22 -23 3
v 22 -22 3
v 23 -23 3
v 23 -22 3
v 24 -23 3
v 25 -23 3
v 26 -23 3
v 27 -23 3
v 27 -22 3
v 28 -22 3
v 28 -23 3
v 22 22 4
v 22 23 4
v 23 23 4
v 23 22 4
v 20 21 4
v 20 22 4
v 21 22 4
v 21 21 4
v 22 21 4
v 24 22 4
v 23 21 4
v 24 21 4
v 25 22 4
v 25 21 4
v 18 20 4
v 18 21 4
v 19 20 4
v 19 21 4
v 20 20 4
v 21 20 4
v 22 20 4
v 24 20 4
v 23 20 4
v 25 20 4
v 26 20 4
v 26 21 4
v 27 21 4
v 27 20 4
v 22 19 3
v 22 19 4
v 23 19 3
v 23 19 4
v 22 18 3
v 22 18 4
v 23 18 3
v 23 18 4
v 22 17 3
v 22 17 4
v 23 17 3
v 23 17 4
v 22 16 3
v 22 16 4
v 23 16 3
v 23 16 4
v 22 15 4
v 23 15 4
v 18 14 4
v 18 15 4
v 19 14 4
v 19 15 4
v 20 14 4
v 20 15 4
v 21 15 4
v 24 15 4
v 25 15 4
v 26 14 4
v 25 14 4
v 26 15 4
v 27 15 4
v 27 14 4
v 20 13 4
v 21 13 4
v 21 14 4
v 22 13 3
v 22 13 4
v 22 14 4
v 23 13 3
v 23 13 4
v 23 14 4
v 24 13 4
v 24 14 4
v 25 13 4
v 20 12 4
v 21 12 4
v 22 12 3
v 22 12 4
v 23 12 3
v 23 12 4
v 24 12 4
v 25 12 4
v 20 11 4
v 21 11 4
v 22 11 3
v 22 11 4
v 23 11 3
v 23 11 4
v 24 11 4
v 25 11 4
v 20 10 4
v 21 10 4
v 22 10 3
v 22 10 4
v 23 10 3
v 23 10 4
v 24 10 4
v 25 10 4
v 20 9 4
v 21 9 4
v 22 9 3
v 22 9 4
v 23 9 3
v 23 9 4
v 24 9 4
v 25 9 4
v 20 8 4
v 21 8 4
v 22 8 3
v 22 8 4
v 23 8 3
v 23 8 4
v 24 8 4
v 25 8 4
v 20 7 4
v 21 7 4
v 22 7 3
v 22 7 4
v 23 7 3
v 23 7 4
v 24 7 4
v 25 7 4
v 20 6 4
v 21 6 4
v 22 6 3
v 22 6 4
v 23 6 3
v 23 6 4
v 24 6 4
v 25 6 4
v 20 5 4
v 21 5 4
v 22 5 3
v 22 5 4
v 23 5 3
v 23 5 4
v 24 5 4
v 25 5 4
v 20 4 4
v 21 4 4
v 22 4 3
v 22 4 4
v 23 4 3
v 23 4 4
v 24 4 4
v 25 4 4
v 20 3 4
v 21 3 4
v 22 3 3
v 22 3 4
v 23 3 3
v 23 3 4
v 24 3 4
v 25 3 4
v 20 2 4
v 21 2 4
v 22 2 3
v 22 2 4
v 23 2 3
v 23 2 4
v 24 2 4
v 25 2 4
v 20 1 4
v 21 1 4
v 22 1 3
v 22 1 4
v 23 1 3
v 23 1 4
v 24 1 4
v 25 1 4
v 20 0 4
v 21 0 4
v 22 0 3
v 22 0 4
v 23 0 3
v 23 0 4
v 24 0 4
v 25 0 4
v 20 -1 4
v 21 -1 4
v 22 -1 3
v 22 -1 4
v 23 -1 3
v 23 -1 4
v 24 -1 4
v 25 -1 4
v 20 -2 4
v 21 -2 4
v 22 -2 3
v 22 -2 4
v 23 -2 3
v 23 -2 4
v 24 -2 4
v 25 -2 4
v 20 -3 4
v 21 -3 4
v 22 -3 3
v 22 -3 4
v 23 -3 3
v 23 -3 4
v 24 -3 4
v 25 -3 4
v 20 -4 4
v 21 -4 4
v 22 -4 3
v 22 -4 4
v 23 -4 3
v 23 -4 4
v 24 -4 4
v 25 -4 4
v 20 -5 4
v 21 -5 4
v 22 -5 3
v 22 -5 4
v 23 -5 3
v 23 -5 4
v 24 -5 4
v 25 -5 4
v 20 -6 4
v 21 -6 4
v 22 -6 3
v 22 -6 4
v 23 -6 3
v 23 -6 4
v 24 -6 4
v 25 -6 4
v 20 -7 4
v 21 -7 4
v 22 -7 3
v 22 -7 4
v 23 -7 3
v 23 -7 4
v 24 -7 4
v 25 -7 4
v 20 -8 4
v 21 -8 4
v 22 -8 3
v 22 -8 4
v 23 -8 3
v 23 -8 4
v 24 -8 4
v 25 -8 4
v 20 -9 4
v 21 -9 4
v 22 -9 3
v 22 -9 4
v 23 -9 3
v 23 -9 4
v 24 -9 4
v 25 -9 4
v 20 -10 4
v 21 -10 4
v 22 -10 3
v 22 -10 4
v 23 -10 3
v 23 -10 4
v 24 -10 4
v 25 -10 4
v 20 -11 4
v 21 -11 4
v 22 -11 3
v 22 -11 4
v 23 -11 3
v 23 -11 4
v 24 -11 4
v 25 -11 4
v 20 -12 4
v 21 -12 4
v 22 -12 3
v 22 -12 4
v 23 -12 3
v 23 -12 4
v 24 -12 4
v 25 -12 4
v 20 -13 4
v 21 -13 4
v 22 -13 3
v 22 -13 4
v 23 -13 3
v 23 -13 4
v 24 -13 4
v 25 -13 4
v 20 -14 4
v 21 -14 4
v 22 -14 3
v 22 -14 4
v 23 -14 3
v 23 -14 4
v 24 -14 4
v 25 -14 4
v 20 -15 4
v 21 -15 4
v 22 -15 3
v 22 -15 4
v 23 -15 3
v 23 -15 4
v 24 -15 4
v 25 -15 4
v 20 -16 4
v 21 -16 4
v 22 -16 3
v 22 -16 4
v 23 -16 3
v 23 -16 4
v 24 -16 4
v 25 -16 4
v 20 -17 4
v 21 -17 4
v 22 -17 3
v 22 -17 4
v 23 -17 3
v 23 -17 4
v 24 -17 4
v 25 -17 4
v 20 -18 4
v 21 -18 4
v 22 -18 3
v 22 -18 4
v 23 -18 3
v 23 -18 4
v 24 -18 4
v 25 -18 4
v 20 -19 4
v 21 -19 4
v 22 -19 3
v 22 -19 4
v 23 -19 3
v 23 -19 4
v 24 -19 4
v 25 -19 4
v -23 -20 4
v -23 -19 4
v -22 -20 4
v -22 -19 4
v -21 -20 4
v -21 -19 4
v -20 -20 4
v -20 -19 4
v -19 -20 4
v -19 -19 4
v -18 -20 4
v -18 -19 4
v -17 -19 4
v -17 -20 4
v 11 -20 4
v 11 -19 4
v 12 -20 4
v 12 -19 4
v 13 -20 4
v 13 -19 4
v 14 -20 4
v 14 -19 4
v 15 -20 4
v 15 -19 4
v 16 -20 4
v 16 -19 4
v 17 -20 4
v 17 -19 4
v 18 -19 4
v 18 -20 4
v 20 -20 4
v 21 -20 4
v 22 -20 3
v 22 -20 4
v 23 -20 3
v 23 -20 4
v 24 -20 4
v 25 -20 4
v 20 -21 4
v 21 -21 4
v 22 -21 3
v 22 -21 4
v 23 -21 3
v 23 -21 4
v 24 -21 4
v 25 -21 4
v 20 -22 4
v 21 -22 4
v 22 -22 4
v 23 -22 4
v 24 -22 4
v 25 -22 4
v -28 -23 4
v -28 -22 4
v -27 -23 4
v -27 -22 4
v -26 -23 4
v -26 -22 4
v -25 -23 4
v -25 -22 4
v -24 -23 4
v -24 -22 4
v -23 -23 4
v -23 -22 4
v -22 -23 4
v -22 -22 4
v -21 -23 4
v -21 -22 4
v -20 -23 4
v -20 -22 4
v -19 -23 4
v -19 -22 4
v -18 -23 4
v -18 -22 4
v -17 -23 4
v -17 -22 4
v -16 -23 4
v -16 -22 4
v -15 -23 4
v -15 -22 4
v -14 -23 4
v -14 -22 4
v -13 -23 4
v -13 -22 4
v -12 -23 4
v -12 -22 4
v -11 -23 4
v -11 -22 4
v -10 -23 4
v -10 -22 4
v -9 -23 4
v -9 -22 4
v -8 -23 4
v -8 -22 4
v -7 -23 4
v -7 -22 4
v -6 -23 4
v -6 -22 4
v -5 -23 4
v -5 -22 4
v -4 -23 4
v -4 -22 4
v -3 -23 4
v -3 -22 4
v -2 -23 4
v -2 -22 4
v -1 -23 4
v -1 -22 4
v 0 -23 4
v 0 -22 4
v 1 -23 4
v 1 -22 4
v 2 -23 4
v 2 -22 4
v 3 -23 4
v 3 -22 4
v 4 -23 4
v 4 -22 4
v 5 -23 4
v 5 -22 4
v 6 -23 4
v 6 -22 4
v 7 -23 4
v 7 -22 4
v 8 -23 4
v 8 -22 4
v 9 -23 4
v 9 -22 4
v 10 -23 4
v 10 -22 4
v 11 -23 4
v 11 -22 4
v 12 -23 4
v 12 -22 4
v 13 -23 4
v 13 -22 4
v 14 -23 4
v 14 -22 4
v 15 -23 4
v 15 -22 4
v 16 -23 4
v 16 -22 4
v 17 -23 4
v 17 -22 4
v 18 -23 4
v 18 -22 4
v 19 -23 4
v 19 -22 4
v 20 -23 4
v 21 -23 4
v 22 -23 4
v 23 -23 4
v 24 -23 4
v 25 -23 4
v 26 -23 4
v 26 -22 4
v 27 -23 4
v 27 -22 4
v 28 -22 4
v 28 -23 4
v 22 21 5
v 22 22 5
v 23 22 5
v 23 21 5
v 19 20 5
v 19 21 5
v 20 20 5
v 20 21 5
v 21 20 5
v 21 21 5
v 22 20 5
v 23 20 5
v 24 20 5
v 24 21 5
v 25 20 5
v 25 21 5
v 26 21 5
v 26 20 5
v 19 14 5
v 19 15 5
v 20 14 5
v 20 15 5
v 21 14 5
v 21 15 5
v 22 14 5
v 22 15 5
v 23 14 5
v 23 15 5
v 24 14 5
v 24 15 5
v 25 14 5
v 25 15 5
v 26 15 5
v 26 14 5
v -23 -20 5
v -23 -19 5
v -22 -20 5
v -22 -19 5
v -21 -20 5
v -21 -19 5
v -20 -20 5
v -20 -19 5
v -19 -20 5
v -19 -19 5
v -18 -20 5
v -18 -19 5
v -17 -19 5
v -17 -20 5
v 11 -20 5
v 11 -19 5
v 12 -20 5
v 12 -19 5
v 13 -20 5
v 13 -19 5
v 14 -20 5
v 14 -19 5
v 15 -20 5
v 15 -19 5
v 16 -20 5
v 16 -19 5
v 17 -20 5
v 17 -19 5
v 18 -19 5
v 18 -20 5
v -28 -23 5
v -28 -22 5
v -27 -23 5
v -27 -22 5
v -26 -23 5
v -26 -22 5
v -25 -23 5
v -25 -22 5
v -24 -23 5
v -24 -22 5
v -23 -23 5
v -23 -22 5
v -22 -23 5
v -22 -22 5
v -21 -23 5
v -21 -22 5
v -20 -23 5
v -20 -22 5
v -19 -23 5
v -19 -22 5
v -18 -23 5
v -18 -22 5
v -17 -23 5
v -17 -22 5
v -16 -23 5
v -16 -22 5
v -15 -23 5
v -15 -22 5
v -14 -23 5
v -14 -22 5
v -13 -23 5
v -13 -22 5
v -12 -23 5
v -12 -22 5
v -11 -23 5
v -11 -22 5
v -10 -23 5
v -10 -22 5
v -9 -23 5
v -9 -22 5
v -8 -23 5
v -8 -22 5
v -7 -23 5
v -7 -22 5
v -6 -23 5
v -6 -22 5
v -5 -23 5
v -5 -22 5
v -4 -23 5
v -4 -22 5
v -3 -23 5
v -3 -22 5
v -2 -23 5
v -2 -22 5
v -1 -23 5
v -1 -22 5
v 0 -23 5
v 0 -22 5
v 1 -23 5
v 1 -22 5
v 2 -23 5
v 2 -22 5
v 3 -23 5
v 3 -22 5
v 4 -23 5
v 4 -22 5
v 5 -23 5
v 5 -22 5
v 6 -23 5
v 6 -22 5
v 7 -23 5
v 7 -22 5
v 8 -23 5
v 8 -22 5
v 9 -23 5
v 9 -22 5
v 10 -23 5
v 10 -22 5
v 11 -23 5
v 11 -22 5
v 12 -23 5
v 12 -22 5
v 13 -23 5
v 13 -22 5
v 14 -23 5
v 14 -22 5
v 15 -23 5
v 15 -22 5
v 16 -23 5
v 16 -22 5
v 17 -23 5
v 17 -22 5
v 18 -23 5
v 18 -22 5
v 19 -23 5
v 19 -22 5
v 20 -23 5
v 20 -22 5
v 21 -23 5
v 21 -22 5
v 22 -23 5
v 22 -22 5
v 23 -23 5
v 23 -22 5
v 24 -23 5
v 24 -22 5
v 25 -23 5
v 25 -22 5
v 26 -23 5
v 26 -22 5
v 27 -23 5
v 27 -22 5
v 28 -22 5
v 28 -23 5
v 22 20 6
v 22 21 6
v 23 21 6
v 23 20 6
v 22 14 6
v 22 15 6
v 23 15 6
v 23 14 6
v -23 -20 6
v -23 -19 6
v -22 -20 6
v -22 -19 6
v -21 -20 6
v -21 -19 6
v -20 -20 6
v -20 -19 6
v -19 -20 6
v -19 -19 6
v -18 -20 6
v -18 -19 6
v -17 -19 6
v -17 -20 6
v 11 -20 6
v 11 -19 6
v 12 -20 6
v 12 -19 6
v 13 -20 6
v 13 -19 6
v 14 -20 6
v 14 -19 6
v 15 -20 6
v 15 -19 6
v 16 -20 6
v 16 -19 6
v 17 -20 6
v 17 -19 6
v 18 -19 6
v 18 -20 6
v -28 -23 6
v -28 -22 6
v -27 -23 6
v -27 -22 6
v -26 -23 6
v -26 -22 6
v -25 -23 6
v -25 -22 6
v -24 -23 6
v -24 -22 6
v -23 -23 6
v -23 -22 6
v -22 -23 6
v -22 -22 6
v -21 -23 6
v -21 -22 6
v -20 -23 6
v -20 -22 6
v -19 -23 6
v -19 -22 6
v -18 -23 6
v -18 -22 6
v -17 -23 6
v -17 -22 6
v -16 -23 6
v -16 -22 6
v -15 -23 6
v -15 -22 6
v -14 -23 6
v -14 -22 6
v -13 -23 6
v -13 -22 6
v -12 -23 6
v -12 -22 6
v -11 -23 6
v -11 -22 6
v -10 -23 6
v -10 -22 6
v -9 -23 6
v -9 -22 6
v -8 -23 6
v -8 -22 6
v -7 -23 6
v -7 -22 6
v -6 -23 6
v -6 -22 6
v -5 -23 6
v -5 -22 6
v -4 -23 6
v -4 -22 6
v -3 -23 6
v -3 -22 6
v -2 -23 6
v -2 -22 6
v -1 -23 6
v -1 -22 6
v 0 -23 6
v 0 -22 6
v 1 -23 6
v 1 -22 6
v 2 -23 6
v 2 -22 6
v 3 -23 6
v 3 -22 6
v 4 -23 6
v 4 -22 6
v 5 -23 6
v 5 -22 6
v 6 -23 6
v 6 -22 6
v 7 -23 6
v 7 -22 6
v 8 -23 6
v 8 -22 6
v 9 -23 6
v 9 -22 6
v 10 -23 6
v 10 -22 6
v 11 -23 6
v 11 -22 6
v 12 -23 6
v 12 -22 6
v 13 -23 6
v 13 -22 6
v 14 -23 6
v 14 -22 6
v 15 -23 6
v 15 -22 6
v 16 -23 6
v 16 -22 6
v 17 -23 6
v 17 -22 6
v 18 -23 6
v 18 -22 6
v 19 -23 6
v 19 -22 6
v 20 -23 6
v 20 -22 6
v 21 -23 6
v 21 -22 6
v 22 -23 6
v 22 -22 6
v 23 -23 6
v 23 -22 6
v 24 -23 6
v 24 -22 6
v 25 -23 6
v 25 -22 6
v 26 -23 6
v 26 -22 6
v 27 -23 6
v 27 -22 6
v 28 -22 6
v 28 -23 6
v -23 -20 7
v -23 -19 7
v -22 -20 7
v -22 -19 7
v -21 -20 7
v -21 -19 7
v -20 -20 7
v -20 -19 7
v -19 -20 7
v -19 -19 7
v -18 -20 7
v -18 -19 7
v -17 -19 7
v -17 -20 7
v 11 -20 7
v 11 -19 7
v 12 -20 7
v 12 -19 7
v 13 -20 7
v 13 -19 7
v 14 -20 7
v 14 -19 7
v 15 -20 7
v 15 -19 7
v 16 -20 7
v 16 -19 7
v 17 -20 7
v 17 -19 7
v 18 -19 7
v 18 -20 7
v -28 -23 7
v -28 -22 7
v -27 -23 7
v -27 -22 7
v -26 -23 7
v -26 -22 7
v -25 -23 7
v -25 -22 7
v -24 -23 7
v -24 -22 7
v -23 -23 7
v -23 -22 7
v -22 -23 7
v -22 -22 7
v -21 -23 7
v -21 -22 7
v -20 -23 7
v -20 -22 7
v -19 -23 7
v -19 -22 7
v -18 -23 7
v -18 -22 7
v -17 -23 7
v -17 -22 7
v -16 -23 7
v -16 -22 7
v -15 -23 7
v -15 -22 7
v -14 -23 7
v -14 -22 7
v -13 -23 7
v -13 -22 7
v -12 -23 7
v -12 -22 7
v -11 -23 7
v -11 -22 7
v -10 -23 7
v -10 -22 7
v -9 -23 7
v -9 -22 7
v -8 -23 7
v -8 -22 7
v -7 -23 7
v -7 -22 7
v -6 -23 7
v -6 -22 7
v -5 -23 7
v -5 -22 7
v -4 -23 7
v -4 -22 7
v -3 -23 7
v -3 -22 7
v -2 -23 7
v -2 -22 7
v -1 -23 7
v -1 -22 7
v 0 -23 7
v 0 -22 7
v 1 -23 7
v 1 -22 7
v 2 -23 7
v 2 -22 7
v 3 -23 7
v 3 -22 7
v 4 -23 7
v 4 -22 7
v 5 -23 7
v 5 -22 7
v 6 -23 7
v 6 -22 7
v 7 -23 7
v 7 -22 7
v 8 -23 7
v 8 -22 7
v 9 -23 7
v 9 -22 7
v 10 -23 7
v 10 -22 7
v 11 -23 7
v 11 -22 7
v 12 -23 7
v 12 -22 7
v 13 -23 7
v 13 -22 7
v 14 -23 7
v 14 -22 7
v 15 -23 7
v 15 -22 7
v 16 -23 7
v 16 -22 7
v 17 -23 7
v 17 -22 7
v 18 -23 7
v 18 -22 7
v 19 -23 7
v 19 -22 7
v 20 -23 7
v 20 -22 7
v 21 -23 7
v 21 -22 7
v 22 -23 7
v 22 -22 7
v 23 -23 7
v 23 -22 7
v 24 -23 7
v 24 -22 7
v 25 -23 7
v 25 -22 7
v 26 -23 7
v 26 -22 7
v 27 -23 7
v 27 -22 7
v 28 -22 7
v 28 -23 7
v -23 -19 8
v -23 -18 8
v -23 -18 7
v -22 -18 7
v -22 -18 8
v -22 -19 8
v -18 -19 8
v -18 -18 8
v -18 -18 7
v -17 -18 7
v -17 -18 8
v -17 -19 8
v 11 -19 8
v 11 -18 8
v 11 -18 7
v 12 -18 7
v 12 -18 8
v 12 -19 8
v 17 -19 8
v 17 -18 8
v 17 -18 7
v 18 -18 7
v 18 -18 8
v 18 -19 8
v -23 -20 8
v -21 -20 8
v -22 -20 8
v -21 -19 8
v -20 -20 8
v -20 -19 8
v -19 -20 8
v -19 -19 8
v -18 -20 8
v -17 -20 8
v 11 -20 8
v 13 -20 8
v 12 -20 8
v 13 -19 8
v 14 -20 8
v 14 -19 8
v 15 -20 8
v 15 -19 8
v 16 -20 8
v 16 -19 8
v 17 -20 8
v 18 -20 8
v -23 -21 7
v -23 -21 8
v -22 -21 7
v -22 -21 8
v -18 -21 7
v -18 -21 8
v -17 -21 7
v -17 -21 8
v 11 -21 7
v 11 -21 8
v 12 -21 7
v 12 -21 8
v 17 -21 7
v 17 -21 8
v 18 -21 7
v 18 -21 8
v -23 -22 8
v -22 -22 8
v -18 -22 8
v -17 -22 8
v 11 -22 8
v 12 -22 8
v 17 -22 8
v 18 -22 8
v -28 -23 8
v -28 -22 8
v -27 -23 8
v -27 -22 8
v -26 -23 8
v -26 -22 8
v -25 -23 8
v -25 -22 8
v -24 -23 8
v -24 -22 8
v -23 -23 8
v -21 -23 8
v -22 -23 8
v -21 -22 8
v -20 -23 8
v -20 -22 8
v -19 -23 8
v -19 -22 8
v -18 -23 8
v -16 -23 8
v -17 -23 8
v -16 -22 8
v -15 -23 8
v -15 -22 8
v -14 -23 8
v -14 -22 8
v -13 -23 8
v -13 -22 8
v -12 -23 8
v -12 -22 8
v -11 -23 8
v -11 -22 8
v -10 -23 8
v -10 -22 8
v -9 -23 8
v -9 -22 8
v -8 -23 8
v -8 -22 8
v -7 -23 8
v -7 -22 8
v -6 -23 8
v -6 -22 8
v -5 -23 8
v -5 -22 8
v -4 -23 8
v -4 -22 8
v -3 -23 8
v -3 -22 8
v -2 -23 8
v -2 -22 8
v -1 -23 8
v -1 -22 8
v 0 -23 8
v 0 -22 8
v 1 -23 8
v 1 -22 8
v 2 -23 8
v 2 -22 8
v 3 -23 8
v 3 -22 8
v 4 -23 8
v 4 -22 8
v 5 -23 8
v 5 -22 8
v 6 -23 8
v 6 -22 8
v 7 -23 8
v 7 -22 8
v 8 -23 8
v 8 -22 8
v 9 -23 8
v 9 -22 8
v 10 -23 8
v 10 -22 8
v 11 -23 8
v 13 -23 8
v 12 -23 8
v 13 -22 8
v 14 -23 8
v 14 -22 8
v 15 -23 8
v 15 -22 8
v 16 -23 8
v 16 -22 8
v 17 -23 8
v 19 -23 8
v 18 -23 8
v 19 -22 8
v 20 -23 8
v 20 -22 8
v 21 -23 8
v 21 -22 8
v 22 -23 8
v 22 -22 8
v 23 -23 8
v 23 -22 8
v 24 -23 8
v 24 -22 8
v 25 -23 8
v 25 -22 8
v 26 -23 8
v 26 -22 8
v 27 -23 8
v 27 -22 8
v 28 -22 8
v 28 -23 8
v -23 -24 7
v -23 -24 8
v -22 -24 7
v -22 -24 8
v -18 -24 7
v -18 -24 8
v -17 -24 7
v -17 -24 8
v 11 -24 7
v 11 -24 8
v 12 -24 7
v 12 -24 8
v 17 -24 7
v 17 -24 8
v 18 -24 7
v 18 -24 8
v -23 -25 7
v -23 -25 8
v -22 -25 7
v -22 -25 8
v -18 -25 7
v -18 -25 8
v -17 -25 7
v -17 -25 8
v 11 -25 7
v 11 -25 8
v 12 -25 7
v 12 -25 8
v 17 -25 7
v 17 -25 8
v 18 -25 7
v 18 -25 8
v -23 -26 7
v -23 -26 8
v -22 -26 7
v -22 -26 8
v -18 -26 7
v -18 -26 8
v -17 -26 7
v -17 -26 8
v 11 -26 7
v 11 -26 8
v 12 -26 7
v 12 -26 8
v 17 -26 7
v 17 -26 8
v 18 -26 7
v 18 -26 8
v -23 -27 7
v -23 -27 8
v -22 -27 7
v -22 -27 8
v -18 -27 7
v -18 -27 8
v -17 -27 7
v -17 -27 8
v 11 -27 7
v 11 -27 8
v 12 -27 7
v 12 -27 8
v 17 -27 7
v 17 -27 8
v 18 -27 7
v 18 -27 8
v -23 -20 9
v -23 -19 9
v -22 -20 9
v -22 -19 9
v -21 -20 9
v -21 -19 9
v -20 -20 9
v -20 -19 9
v -19 -20 9
v -19 -19 9
v -18 -20 9
v -18 -19 9
v -17 -19 9
v -17 -20 9
v -5 -20 8
v -5 -20 9
v -5 -19 9
v -5 -19 8
v -4 -20 8
v -4 -19 8
v -4 -19 9
v -4 -20 9
v 11 -20 9
v 11 -19 9
v 12 -20 9
v 12 -19 9
v 13 -20 9
v 13 -19 9
v 14 -20 9
v 14 -19 9
v 15 -20 9
v 15 -19 9
v 16 -20 9
v 16 -19 9
v 17 -20 9
v 17 -19 9
v 18 -19 9
v 18 -20 9
v -28 -23 9
v -28 -22 9
v -27 -23 9
v -27 -22 9
v -26 -23 9
v -26 -22 9
v -25 -23 9
v -25 -22 9
v -24 -23 9
v -24 -22 9
v -23 -23 9
v -23 -22 9
v -22 -23 9
v -22 -22 9
v -21 -23 9
v -21 -22 9
v -20 -23 9
v -20 -22 9
v -19 -23 9
v -19 -22 9
v -18 -23 9
v -18 -22 9
v -17 -23 9
v -17 -22 9
v -16 -23 9
v -16 -22 9
v -15 -23 9
v -15 -22 9
v -14 -23 9
v -14 -22 9
v -13 -23 9
v -13 -22 9
v -12 -23 9
v -12 -22 9
v -11 -23 9
v -11 -22 9
v -10 -23 9
v -10 -22 9
v -9 -23 9
v -9 -22 9
v -8 -23 9
v -8 -22 9
v -7 -23 9
v -7 -22 9
v -6 -23 9
v -6 -22 9
v -5 -23 9
v -5 -22 9
v -4 -23 9
v -4 -22 9
v -3 -23 9
v -3 -22 9
v -2 -23 9
v -2 -22 9
v -1 -23 9
v -1 -22 9
v 0 -23 9
v 0 -22 9
v 1 -23 9
v 1 -22 9
v 2 -23 9
v 2 -22 9
v 3 -23 9
v 3 -22 9
v 4 -23 9
v 4 -22 9
v 5 -23 9
v 5 -22 9
v 6 -23 9
v 6 -22 9
v 7 -23 9
v 7 -22 9
v 8 -23 9
v 8 -22 9
v 9 -23 9
v 9 -22 9
v 10 -23 9
v 10 -22 9
v 11 -23 9
v 11 -22 9
v 12 -23 9
v 12 -22 9
v 13 -23 9
v 13 -22 9
v 14 -23 9
v 14 -22 9
v 15 -23 9
v 15 -22 9
v 16 -23 9
v 16 -22 9
v 17 -23 9
v 17 -22 9
v 18 -23 9
v 18 -22 9
v 19 -23 9
v 19 -22 9
v 20 -23 9
v 20 -22 9
v 21 -23 9
v 21 -22 9
v 22 -23 9
v 22 -22 9
v 23 -23 9
v 23 -22 9
v 24 -23 9
v 24 -22 9
v 25 -23 9
v 25 -22 9
v 26 -23 9
v 26 -22 9
v 27 -23 9
v 27 -22 9
v 28 -22 9
v 28 -23 9
v -8 -19 9
v -8 -19 10
v -8 -18 10
v -8 -18 9
v -7 -18 10
v -7 -18 9
v -7 -19 9
v -6 -18 10
v -6 -18 9
v -6 -19 9
v -7 -19 10
v -6 -19 10
v -5 -18 10
v -5 -18 9
v -5 -19 10
v -4 -18 10
v -4 -18 9
v -4 -19 10
v -3 -18 10
v -3 -18 9
v -3 -19 9
v -3 -19 10
v -2 -18 10
v -2 -18 9
v -2 -19 9
v -2 -19 10
v -1 -19 9
v -1 -18 9
v -1 -18 10
v -1 -19 10
v -23 -20 10
v -23 -19 10
v -22 -20 10
v -22 -19 10
v -21 -20 10
v -21 -19 10
v -20 -20 10
v -20 -19 10
v -19 -20 10
v -19 -19 10
v -18 -20 10
v -18 -19 10
v -17 -19 10
v -17 -20 10
v -9 -20 9
v -9 -20 10
v -9 -19 10
v -9 -19 9
v -8 -20 9
v -8 -20 10
v -7 -20 9
v -6 -20 9
v -3 -20 9
v -2 -20 9
v -1 -20 9
v 0 -20 9
v 0 -19 9
v 0 -19 10
v 0 -20 10
v -1 -20 10
v 11 -20 10
v 11 -19 10
v 12 -20 10
v 12 -19 10
v 13 -20 10
v 13 -19 10
v 14 -20 10
v 14 -19 10
v 15 -20 10
v 15 -19 10
v 16 -20 10
v 16 -19 10
v 17 -20 10
v 17 -19 10
v 18 -19 10
v 18 -20 10
v -8 -21 9
v -8 -21 10
v -7 -21 9
v -7 -21 10
v -6 -21 9
v -6 -21 10
v -5 -21 9
v -5 -21 10
v -4 -21 9
v -4 -21 10
v -3 -21 9
v -3 -21 10
v -2 -21 9
v -2 -21 10
v -1 -21 9
v -1 -21 10
v -28 -23 10
v -28 -22 10
v -27 -23 10
v -27 -22 10
v -26 -23 10
v -26 -22 10
v -25 -23 10
v -25 -22 10
v -24 -23 10
v -24 -22 10
v -23 -23 10
v -23 -22 10
v -22 -23 10
v -22 -22 10
v -21 -23 10
v -21 -22 10
v -20 -23 10
v -20 -22 10
v -19 -23 10
v -19 -22 10
v -18 -23 10
v -18 -22 10
v -17 -23 10
v -17 -22 10
v -16 -23 10
v -16 -22 10
v -15 -23 10
v -15 -22 10
v -14 -23 10
v -14 -22 10
v -13 -23 10
v -13 -22 10
v -12 -23 10
v -12 -22 10
v -11 -23 10
v -11 -22 10
v -10 -23 10
v -10 -22 10
v -9 -23 10
v -9 -22 10
v -8 -23 10
v -8 -22 10
v -7 -23 10
v -7 -22 10
v -6 -23 10
v -6 -22 10
v -5 -23 10
v -5 -22 10
v -4 -23 10
v -4 -22 10
v -3 -23 10
v -3 -22 10
v -2 -23 10
v -2 -22 10
v -1 -23 10
v -1 -22 10
v 0 -23 10
v 0 -22 10
v 1 -23 10
v 1 -22 10
v 2 -23 10
v 2 -22 10
v 3 -23 10
v 3 -22 10
v 4 -23 10
v 4 -22 10
v 5 -23 10
v 5 -22 10
v 6 -23 10
v 6 -22 10
v 7 -23 10
v 7 -22 10
v 8 -23 10
v 8 -22 10
v 9 -23 10
v 9 -22 10
v 10 -23 10
v 10 -22 10
v 11 -23 10
v 11 -22 10
v 12 -23 10
v 12 -22 10
v 13 -23 10
v 13 -22 10
v 14 -23 10
v 14 -22 10
v 15 -23 10
v 15 -22 10
v 16 -23 10
v 16 -22 10
v 17 -23 10
v 17 -22 10
v 18 -23 10
v 18 -22 10
v 19 -23 10
v 19 -22 10
v 20 -23 10
v 20 -22 10
v 21 -23 10
v 21 -22 10
v 22 -23 10
v 22 -22 10
v 23 -23 10
v 23 -22 10
v 24 -23 10
v 24 -22 10
v 25 -23 10
v 25 -22 10
v 26 -23 10
v 26 -22 10
v 27 -23 10
v 27 -22 10
v 28 -22 10
v 28 -23 10
v -9 -19 11
v -9 -18 11
v -9 -18 10
v -8 -18 11
v -8 -19 11
v -7 -18 11
v -7 -19 11
v -2 -19 11
v -2 -18 11
v -1 -18 11
v -1 -19 11
v 0 -18 10
v 0 -18 11
v 0 -19 11
v -23 -20 11
v -23 -19 11
v -22 -20 11
v -22 -19 11
v -21 -20 11
v -21 -19 11
v -20 -20 11
v -20 -19 11
v -19 -20 11
v -19 -19 11
v -18 -20 11
v -18 -19 11
v -17 -19 11
v -17 -20 11
v -11 -20 10
v -11 -20 11
v -11 -19 11
v -11 -19 10
v -10 -20 10
v -10 -20 11
v -10 -19 11
v -10 -19 10
v -9 -20 11
v -6 -19 11
v -5 -19 11
v -4 -19 11
v -3 -19 11
v 1 -20 10
v 1 -20 11
v 0 -20 11
v 1 -19 11
v 1 -19 10
v 2 -20 10
v 2 -19 10
v 2 -19 11
v 2 -20 11
v 11 -20 11
v 11 -19 11
v 12 -20 11
v 12 -19 11
v 13 -20 11
v 13 -19 11
v 14 -20 11
v 14 -19 11
v 15 -20 11
v 15 -19 11
v 16 -20 11
v 16 -19 11
v 17 -20 11
v 17 -19 11
v 18 -19 11
v 18 -20 11
v -9 -21 10
v -9 -21 11
v -8 -21 11
v -7 -21 11
v -6 -21 11
v -5 -21 11
v -4 -21 11
v -3 -21 11
v -2 -21 11
v -1 -21 11
v 0 -21 10
v 0 -21 11
v -28 -23 11
v -28 -22 11
v -27 -23 11
v -27 -22 11
v -26 -23 11
v -26 -22 11
v -25 -23 11
v -25 -22 11
v -24 -23 11
v -24 -22 11
v -23 -23 11
v -23 -22 11
v -22 -23 11
v -22 -22 11
v -21 -23 11
v -21 -22 11
v -20 -23 11
v -20 -22 11
v -19 -23 11
v -19 -22 11
v -18 -23 11
v -18 -22 11
v -17 -23 11
v -17 -22 11
v -16 -23 11
v -16 -22 11
v -15 -23 11
v -15 -22 11
v -14 -23 11
v -14 -22 11
v -13 -23 11
v -13 -22 11
v -12 -23 11
v -12 -22 11
v -11 -23 11
v -11 -22 11
v -10 -23 11
v -10 -22 11
v -9 -23 11
v -9 -22 11
v -8 -23 11
v -8 -22 11
v -7 -23 11
v -7 -22 11
v -6 -23 11
v -6 -22 11
v -5 -23 11
v -5 -22 11
v -4 -23 11
v -4 -22 11
v -3 -23 11
v -3 -22 11
v -2 -23 11
v -2 -22 11
v -1 -23 11
v -1 -22 11
v 0 -23 11
v 0 -22 11
v 1 -23 11
v 1 -22 11
v 2 -23 11
v 2 -22 11
v 3 -23 11
v 3 -22 11
v 4 -23 11
v 4 -22 11
v 5 -23 11
v 5 -22 11
v 6 -23 11
v 6 -22 11
v 7 -23 11
v 7 -22 11
v 8 -23 11
v 8 -22 11
v 9 -23 11
v 9 -22 11
v 10 -23 11
v 10 -22 11
v 11 -23 11
v 11 -22 11
v 12 -23 11
v 12 -22 11
v 13 -23 11
v 13 -22 11
v 14 -23 11
v 14 -22 11
v 15 -23 11
v 15 -22 11
v 16 -23 11
v 16 -22 11
v 17 -23 11
v 17 -22 11
v 18 -23 11
v 18 -22 11
v 19 -23 11
v 19 -22 11
v 20 -23 11
v 20 -22 11
v 21 -23 11
v 21 -22 11
v 22 -23 11
v 22 -22 11
v 23 -23 11
v 23 -22 11
v 24 -23 11
v 24 -22 11
v 25 -23 11
v 25 -22 11
v 26 -23 11
v 26 -22 11
v 27 -23 11
v 27 -22 11
v 28 -22 11
v 28 -23 11
v -10 -19 12
v -10 -18 12
v -10 -18 11
v -9 -18 12
v -9 -19 12
v 0 -19 12
v 0 -18 12
v 1 -18 11
v 1 -18 12
v 1 -19 12
v -23 -20 12
v -23 -19 12
v -22 -20 12
v -22 -19 12
v -21 -20 12
v -21 -19 12
v -20 -20 12
v -20 -19 12
v -19 -20 12
v -19 -19 12
v -18 -20 12
v -18 -19 12
v -17 -19 12
v -17 -20 12
v -11 -20 12
v -11 -19 12
v -10 -20 12
v -8 -19 12
v -7 -19 12
v -6 -19 12
v -5 -19 12
v -4 -19 12
v -3 -19 12
v -2 -19 12
v -1 -19 12
v 2 -19 12
v 2 -20 12
v 1 -20 12
v 11 -20 12
v 11 -19 12
v 12 -20 12
v 12 -19 12
v 13 -20 12
v 13 -19 12
v 14 -20 12
v 14 -19 12
v 15 -20 12
v 15 -19 12
v 16 -20 12
v 16 -19 12
v 17 -20 12
v 17 -19 12
v 18 -19 12
v 18 -20 12
v -10 -21 11
v -10 -21 12
v -9 -21 12
v -8 -21 12
v -7 -21 12
v -6 -21 12
v -5 -21 12
v -4 -21 12
v -3 -21 12
v -2 -21 12
v -1 -21 12
v 0 -21 12
v 1 -21 11
v 1 -21 12
v -28 -23 12
v -28 -22 12
v -27 -23 12
v -27 -22 12
v -26 -23 12
v -26 -22 12
v -25 -23 12
v -25 -22 12
v -24 -23 12
v -24 -22 12
v -23 -23 12
v -23 -22 12
v -22 -23 12
v -22 -22 12
v -21 -23 12
v -21 -22 12
v -20 -23 12
v -20 -22 12
v -19 -23 12
v -19 -22 12
v -18 -23 12
v -18 -22 12
v -17 -23 12
v -17 -22 12
v -16 -23 12
v -16 -22 12
v -15 -23 12
v -15 -22 12
v -14 -23 12
v -14 -22 12
v -13 -23 12
v -13 -22 12
v -12 -23 12
v -12 -22 12
v -11 -23 12
v -11 -22 12
v -10 -23 12
v -10 -22 12
v -9 -23 12
v -9 -22 12
v -8 -23 12
v -8 -22 12
v -7 -23 12
v -7 -22 12
v -6 -23 12
v -6 -22 12
v -5 -23 12
v -5 -22 12
v -4 -23 12
v -4 -22 12
v -3 -23 12
v -3 -22 12
v -2 -23 12
v -2 -22 12
v -1 -23 12
v -1 -22 12
v 0 -23 12
v 0 -22 12
v 1 -23 12
v 1 -22 12
v 2 -23 12
v 2 -22 12
v 3 -23 12
v 3 -22 12
v 4 -23 12
v 4 -22 12
v 5 -23 12
v 5 -22 12
v 6 -23 12
v 6 -22 12
v 7 -23 12
v 7 -22 12
v 8 -23 12
v 8 -22 12
v 9 -23 12
v 9 -22 12
v 10 -23 12
v 10 -22 12
v 11 -23 12
v 11 -22 12
v 12 -23 12
v 12 -22 12
v 13 -23 12
v 13 -22 12
v 14 -23 12
v 14 -22 12
v 15 -23 12
v 15 -22 12
v 16 -23 12
v 16 -22 12
v 17 -23 12
v 17 -22 12
v 18 -23 12
v 18 -22 12
v 19 -23 12
v 19 -22 12
v 20 -23 12
v 20 -22 12
v 21 -23 12
v 21 -22 12
v 22 -23 12
v 22 -22 12
v 23 -23 12
v 23 -22 12
v 24 -23 12
v 24 -22 12
v 25 -23 12
v 25 -22 12
v 26 -23 12
v 26 -22 12
v 27 -23 12
v 27 -22 12
v 28 -22 12
v 28 -23 12
v -5 7 12
v -5 7 13
v -5 8 13
v -5 8 12
v -4 7 12
v -4 8 12
v -4 8 13
v -4 7 13
v -5 6 12
v -5 6 13
v -4 6 12
v -4 6 13
v -5 5 12
v -5 5 13
v -4 5 12
v -4 5 13
v -3 5 12
v -3 6 12
v -3 6 13
v -3 5 13
v -5 4 12
v -5 4 13
v -4 4 12
v -4 4 13
v -3 4 12
v -3 4 13
v -6 3 12
v -6 3 13
v -6 4 13
v -6 4 12
v -5 3 12
v -5 3 13
v -4 3 12
v -4 3 13
v -3 3 12
v -3 3 13
v -2 3 12
v -2 4 12
v -2 4 13
v -2 3 13
v -6 2 12
v -6 2 13
v -5 2 12
v -5 2 13
v -4 2 12
v -4 2 13
v -3 2 12
v -3 2 13
v -2 2 12
v -2 2 13
v -7 1 12
v -7 1 13
v -7 2 13
v -7 2 12
v -6 1 12
v -6 1 13
v -5 1 12
v -5 1 13
v -4 1 12
v -4 1 13
v -3 1 12
v -3 1 13
v -2 1 12
v -2 1 13
v -1 1 12
v -1 2 12
v -1 2 13
v -1 1 13
v -7 0 12
v -7 0 13
v -6 0 12
v -6 0 13
v -5 0 12
v -5 0 13
v -4 0 12
v -4 0 13
v -3 0 12
v -3 0 13
v -2 0 12
v -2 0 13
v -1 0 12
v -1 0 13
v 0 0 12
v 0 1 12
v 0 1 13
v 0 0 13
v -8 -1 12
v -8 -1 13
v -8 0 13
v -8 0 12
v -7 -1 12
v -7 -1 13
v -6 -1 12
v -6 -1 13
v -5 -1 12
v -5 -1 13
v -4 -1 12
v -4 -1 13
v -3 -1 12
v -3 -1 13
v -2 -1 12
v -2 -1 13
v -1 -1 12
v -1 -1 13
v 0 -1 12
v 0 -1 13
v -8 -2 12
v -8 -2 13
v -7 -2 12
v -7 -2 13
v -6 -2 12
v -6 -2 13
v -5 -2 12
v -5 -2 13
v -4 -2 12
v -4 -2 13
v -3 -2 12
v -3 -2 13
v -2 -2 12
v -2 -2 13
v -1 -2 12
v -1 -2 13
v 0 -2 12
v 0 -2 13
v 1 -2 12
v 1 -1 12
v 1 -1 13
v 1 -2 13
v -9 -3 12
v -9 -3 13
v -9 -2 13
v -9 -2 12
v -8 -3 12
v -8 -3 13
v -7 -3 12
v -7 -3 13
v -6 -3 12
v -6 -3 13
v -5 -3 12
v -5 -3 13
v -4 -3 12
v -4 -3 13
v -3 -3 12
v -3 -3 13
v -2 -3 12
v -2 -3 13
v -1 -3 12
v -1 -3 13
v 0 -3 12
v 0 -3 13
v 1 -3 12
v 1 -3 13
v 2 -3 12
v 2 -2 12
v 2 -2 13
v 2 -3 13
v -10 -4 12
v -10 -4 13
v -10 -3 13
v -10 -3 12
v -9 -4 12
v -9 -4 13
v -8 -4 12
v -8 -4 13
v -7 -4 12
v -7 -4 13
v -6 -4 12
v -6 -4 13
v -5 -4 12
v -5 -4 13
v -4 -4 12
v -4 -4 13
v -3 -4 12
v -3 -4 13
v -2 -4 12
v -2 -4 13
v -1 -4 12
v -1 -4 13
v 0 -4 12
v 0 -4 13
v 1 -4 12
v 1 -4 13
v 2 -4 12
v 2 -4 13
v -10 -5 12
v -10 -5 13
v -9 -5 12
v -9 -5 13
v -8 -5 12
v -8 -5 13
v -7 -5 12
v -7 -5 13
v -6 -5 12
v -6 -5 13
v -5 -5 12
v -5 -5 13
v -4 -5 12
v -4 -5 13
v -3 -5 12
v -3 -5 13
v -2 -5 12
v -2 -5 13
v -1 -5 12
v -1 -5 13
v 0 -5 12
v 0 -5 13
v 1 -5 12
v 1 -5 13
v 2 -5 12
v 2 -5 13
v 3 -5 12
v 3 -4 12
v 3 -4 13
v 3 -5 13
v -11 -6 12
v -11 -6 13
v -11 -5 13
v -11 -5 12
v -10 -6 12
v -10 -6 13
v -9 -6 12
v -9 -6 13
v -8 -6 12
v -8 -6 13
v -7 -6 12
v -7 -6 13
v -6 -6 12
v -6 -6 13
v -5 -6 12
v -5 -6 13
v -4 -6 12
v -4 -6 13
v -3 -6 12
v -3 -6 13
v -2 -6 12
v -2 -6 13
v -1 -6 12
v -1 -6 13
v 0 -6 12
v 0 -6 13
v 1 -6 12
v 1 -6 13
v 2 -6 12
v 2 -6 13
v 3 -6 12
v 3 -6 13
v -11 -7 12
v -11 -7 13
v -10 -7 12
v -10 -7 13
v -9 -7 12
v -9 -7 13
v -8 -7 12
v -8 -7 13
v -7 -7 12
v -7 -7 13
v -6 -7 12
v -6 -7 13
v -5 -7 12
v -5 -7 13
v -4 -7 12
v -4 -7 13
v -3 -7 12
v -3 -7 13
v -2 -7 12
v -2 -7 13
v -1 -7 12
v -1 -7 13
v 0 -7 12
v 0 -7 13
v 1 -7 12
v 1 -7 13
v 2 -7 12
v 2 -7 13
v 3 -7 12
v 3 -7 13
v 4 -7 12
v 4 -6 12
v 4 -6 13
v 4 -7 13
v -12 -8 12
v -12 -8 13
v -12 -7 13
v -12 -7 12
v -11 -8 12
v -11 -8 13
v -10 -8 12
v -10 -8 13
v -9 -8 12
v -9 -8 13
v -8 -8 12
v -8 -8 13
v -7 -8 12
v -7 -8 13
v -6 -8 12
v -6 -8 13
v -5 -8 12
v -5 -8 13
v -4 -8 12
v -4 -8 13
v -3 -8 12
v -3 -8 13
v -2 -8 12
v -2 -8 13
v -1 -8 12
v -1 -8 13
v 0 -8 12
v 0 -8 13
v 1 -8 12
v 1 -8 13
v 2 -8 12
v 2 -8 13
v 3 -8 12
v 3 -8 13
v 4 -8 12
v 4 -8 13
v 5 -8 12
v 5 -7 12
v 5 -7 13
v 5 -8 13
v -12 -9 12
v -12 -9 13
v -11 -9 12
v -11 -9 13
v -10 -9 12
v -10 -9 13
v -9 -9 12
v -9 -9 13
v -8 -9 12
v -8 -9 13
v -7 -9 12
v -7 -9 13
v -6 -9 12
v -6 -9 13
v -5 -9 12
v -5 -9 13
v -4 -9 12
v -4 -9 13
v -3 -9 12
v -3 -9 13
v -2 -9 12
v -2 -9 13
v -1 -9 12
v -1 -9 13
v 0 -9 12
v 0 -9 13
v 1 -9 12
v 1 -9 13
v 2 -9 12
v 2 -9 13
v 3 -9 12
v 3 -9 13
v 4 -9 12
v 4 -9 13
v 5 -9 12
v 5 -9 13
v -13 -10 12
v -13 -10 13
v -13 -9 13
v -13 -9 12
v -12 -10 12
v -12 -10 13
v -11 -10 12
v -11 -10 13
v -10 -10 12
v -10 -10 13
v -9 -10 12
v -9 -10 13
v -8 -10 12
v -8 -10 13
v -7 -10 12
v -7 -10 13
v -6 -10 12
v -6 -10 13
v -5 -10 12
v -5 -10 13
v -4 -10 12
v -4 -10 13
v -3 -10 12
v -3 -10 13
v -2 -10 12
v -2 -10 13
v -1 -10 12
v -1 -10 13
v 0 -10 12
v 0 -10 13
v 1 -10 12
v 1 -10 13
v 2 -10 12
v 2 -10 13
v 3 -10 12
v 3 -10 13
v 4 -10 12
v 4 -10 13
v 5 -10 12
v 5 -10 13
v 6 -10 12
v 6 -9 12
v 6 -9 13
v 6 -10 13
v -14 -11 12
v -14 -11 13
v -14 -10 13
v -14 -10 12
v -13 -11 12
v -13 -11 13
v -12 -11 12
v -12 -11 13
v -11 -11 12
v -11 -11 13
v -10 -11 12
v -10 -11 13
v -9 -11 12
v -9 -11 13
v -8 -11 12
v -8 -11 13
v -7 -11 12
v -7 -11 13
v -6 -11 12
v -6 -11 13
v -5 -11 12
v -5 -11 13
v -4 -11 12
v -4 -11 13
v -3 -11 12
v -3 -11 13
v -2 -11 12
v -2 -11 13
v -1 -11 12
v -1 -11 13
v 0 -11 12
v 0 -11 13
v 1 -11 12
v 1 -11 13
v 2 -11 12
v 2 -11 13
v 3 -11 12
v 3 -11 13
v 4 -11 12
v 4 -11 13
v 5 -11 12
v 5 -11 13
v 6 -11 12
v 6 -11 13
v 7 -11 12
v 7 -10 12
v 7 -10 13
v 7 -11 13
v -5 -12 12
v -5 -12 13
v -4 -12 12
v -4 -12 13
v -3 -12 12
v -3 -12 13
v -2 -12 12
v -2 -12 13
v -1 -12 12
v -1 -12 13
v 0 -12 12
v 0 -12 13
v 1 -12 12
v 1 -12 13
v 2 -12 12
v 2 -12 13
v 3 -12 12
v 3 -12 13
v 4 -12 12
v 4 -12 13
v 5 -12 12
v 5 -12 13
v 6 -12 12
v 6 -12 13
v 7 -12 12
v 7 -12 13
v -5 -13 12
v -5 -13 13
v -4 -13 12
v -4 -13 13
v -3 -13 12
v -3 -13 13
v -2 -13 12
v -2 -13 13
v -1 -13 12
v -1 -13 13
v 0 -13 12
v 0 -13 13
v 1 -13 12
v 1 -13 13
v 2 -13 12
v 2 -13 13
v 3 -13 12
v 3 -13 13
v 4 -13 12
v 4 -13 13
v 5 -13 12
v 5 -13 13
v 6 -13 12
v 6 -13 13
v 7 -13 12
v 7 -13 13
v 8 -13 12
v 8 -12 12
v 8 -12 13
v 8 -13 13
v -14 -14 12
v -14 -14 13
v -14 -13 13
v -14 -13 12
v -13 -14 12
v -13 -14 13
v -13 -13 13
v -13 -13 12
v -12 -14 12
v -12 -14 13
v -12 -13 13
v -12 -13 12
v -11 -14 12
v -11 -14 13
v -11 -13 13
v -11 -13 12
v -10 -14 12
v -10 -14 13
v -10 -13 13
v -10 -13 12
v -9 -14 12
v -9 -14 13
v -9 -13 13
v -9 -13 12
v -8 -14 12
v -8 -14 13
v -8 -13 13
v -8 -13 12
v -7 -14 12
v -7 -14 13
v -7 -13 13
v -7 -13 12
v -6 -14 12
v -6 -14 13
v -6 -13 13
v -6 -13 12
v -5 -14 12
v -5 -14 13
v -4 -14 12
v -4 -14 13
v -3 -14 12
v -3 -14 13
v -2 -14 12
v -2 -14 13
v -1 -14 12
v -1 -14 13
v 0 -14 12
v 0 -14 13
v 1 -14 12
v 1 -14 13
v 2 -14 12
v 2 -14 13
v 3 -14 12
v 3 -14 13
v 4 -14 12
v 4 -14 13
v 5 -14 12
v 5 -14 13
v 6 -14 12
v 6 -14 13
v 7 -14 12
v 7 -14 13
v 8 -14 12
v 8 -14 13
v 9 -14 12
v 9 -13 12
v 9 -13 13
v 9 -14 13
v -5 -15 12
v -5 -15 13
v -4 -15 12
v -4 -15 13
v -5 -16 12
v -5 -16 13
v -4 -16 12
v -4 -16 13
v -5 -17 12
v -5 -17 13
v -4 -17 12
v -4 -17 13
v -5 -18 12
v -5 -18 13
v -4 -18 12
v -4 -18 13
v -11 -19 13
v -11 -18 13
v -11 -18 12
v -10 -18 13
v -10 -19 13
v -9 -18 13
v -9 -19 13
v 0 -19 13
v 0 -18 13
v 1 -18 13
v 2 -18 12
v 2 -18 13
v 2 -19 13
v 1 -19 13
v -23 -20 13
v -23 -19 13
v -22 -20 13
v -22 -19 13
v -21 -20 13
v -21 -19 13
v -20 -20 13
v -20 -19 13
v -19 -20 13
v -19 -19 13
v -18 -20 13
v -18 -19 13
v -17 -19 13
v -17 -20 13
v -12 -20 12
v -12 -20 13
v -12 -19 13
v -12 -19 12
v -11 -20 13
v -8 -19 13
v -7 -19 13
v -6 -19 13
v -5 -19 13
v -4 -19 13
v -3 -19 13
v -2 -19 13
v -1 -19 13
v 3 -20 12
v 3 -19 12
v 3 -19 13
v 3 -20 13
v 2 -20 13
v 11 -20 13
v 11 -19 13
v 12 -20 13
v 12 -19 13
v 13 -20 13
v 13 -19 13
v 14 -20 13
v 14 -19 13
v 15 -20 13
v 15 -19 13
v 16 -20 13
v 16 -19 13
v 17 -20 13
v 17 -19 13
v 18 -19 13
v 18 -20 13
v -11 -21 12
v -11 -21 13
v -10 -21 13
v -10 -20 13
v -9 -21 13
v -8 -21 13
v -7 -21 13
v -6 -21 13
v -5 -21 13
v -3 -21 13
v -4 -21 13
v -2 -21 13
v -1 -21 13
v 0 -21 13
v 1 -21 13
v 2 -21 12
v 2 -21 13
v 1 -20 13
v -5 -22 13
v -4 -22 13
v -28 -23 13
v -28 -22 13
v -27 -23 13
v -27 -22 13
v -26 -23 13
v -26 -22 13
v -25 -23 13
v -25 -22 13
v -24 -23 13
v -24 -22 13
v -23 -23 13
v -23 -22 13
v -22 -23 13
v -22 -22 13
v -21 -23 13
v -21 -22 13
v -20 -23 13
v -20 -22 13
v -19 -23 13
v -19 -22 13
v -18 -23 13
v -18 -22 13
v -17 -23 13
v -17 -22 13
v -16 -23 13
v -16 -22 13
v -15 -23 13
v -15 -22 13
v -14 -23 13
v -14 -22 13
v -13 -23 13
v -13 -22 13
v -12 -23 13
v -12 -22 13
v -11 -23 13
v -11 -22 13
v -10 -23 13
v -10 -22 13
v -9 -23 13
v -9 -22 13
v -8 -23 13
v -8 -22 13
v -7 -23 13
v -7 -22 13
v -6 -23 13
v -6 -22 13
v -5 -23 13
v -4 -23 13
v -3 -23 13
v -3 -22 13
v -2 -23 13
v -2 -22 13
v -1 -23 13
v -1 -22 13
v 0 -23 13
v 0 -22 13
v 1 -23 13
v 1 -22 13
v 2 -23 13
v 2 -22 13
v 3 -23 13
v 3 -22 13
v 4 -23 13
v 4 -22 13
v 5 -23 13
v 5 -22 13
v 6 -23 13
v 6 -22 13
v 7 -23 13
v 7 -22 13
v 8 -23 13
v 8 -22 13
v 9 -23 13
v 9 -22 13
v 10 -23 13
v 10 -22 13
v 11 -23 13
v 11 -22 13
v 12 -23 13
v 12 -22 13
v 13 -23 13
v 13 -22 13
v 14 -23 13
v 14 -22 13
v 15 -23 13
v 15 -22 13
v 16 -23 13
v 16 -22 13
v 17 -23 13
v 17 -22 13
v 18 -23 13
v 18 -22 13
v 19 -23 13
v 19 -22 13
v 20 -23 13
v 20 -22 13
v 21 -23 13
v 21 -22 13
v 22 -23 13
v 22 -22 13
v 23 -23 13
v 23 -22 13
v 24 -23 13
v 24 -22 13
v 25 -23 13
v 25 -22 13
v 26 -23 13
v 26 -22 13
v 27 -23 13
v 27 -22 13
v 28 -22 13
v 28 -23 13
v -23 -19 14
v -23 -18 14
v -23 -18 13
v -22 -18 13
v -22 -18 14
v -22 -19 14
v -18 -19 14
v -18 -18 14
v -18 -18 13
v -17 -18 13
v -17 -18 14
v -17 -19 14
v -10 -19 14
v -10 -18 14
v -9 -18 14
v -9 -19 14
v 0 -19 14
v 0 -18 14
v 1 -18 14
v 1 -19 14
v 11 -19 14
v 11 -18 14
v 11 -18 13
v 12 -18 13
v 12 -18 14
v 12 -19 14
v 17 -19 14
v 17 -18 14
v 17 -18 13
v 18 -18 13
v 18 -18 14
v 18 -19 14
v -23 -20 14
v -21 -20 14
v -22 -20 14
v -21 -19 14
v -20 -20 14
v -20 -19 14
v -19 -20 14
v -19 -19 14
v -18 -20 14
v -17 -20 14
v -11 -20 14
v -11 -19 14
v -10 -20 14
v -8 -19 14
v -7 -19 14
v -6 -19 14
v -5 -19 14
v -4 -19 14
v -3 -19 14
v -2 -19 14
v -1 -19 14
v 2 -19 14
v 2 -20 14
v 1 -20 14
v 11 -20 14
v 13 -20 14
v 12 -20 14
v 13 -19 14
v 14 -20 14
v 14 -19 14
v 15 -20 14
v 15 -19 14
v 16 -20 14
v 16 -19 14
v 17 -20 14
v 18 -20 14
v -23 -21 13
v -23 -21 14
v -22 -21 13
v -22 -21 14
v -18 -21 13
v -18 -21 14
v -17 -21 13
v -17 -21 14
v -10 -21 14
v -9 -21 14
v -9 -20 14
v -8 -21 14
v -7 -21 14
v -6 -21 14
v -5 -21 14
v -4 -21 14
v -3 -21 14
v -2 -21 14
v -1 -21 14
v 0 -21 14
v 1 -21 14
v 0 -20 14
v 11 -21 13
v 11 -21 14
v 12 -21 13
v 12 -21 14
v 17 -21 13
v 17 -21 14
v 18 -21 13
v 18 -21 14
v -23 -22 14
v -22 -22 14
v -18 -22 14
v -17 -22 14
v 11 -22 14
v 12 -22 14
v 17 -22 14
v 18 -22 14
v -28 -23 14
v -28 -22 14
v -27 -23 14
v -27 -22 14
v -26 -23 14
v -26 -22 14
v -25 -23 14
v -25 -22 14
v -24 -23 14
v -24 -22 14
v -23 -23 14
v -21 -23 14
v -22 -23 14
v -21 -22 14
v -20 -23 14
v -20 -22 14
v -19 -23 14
v -19 -22 14
v -18 -23 14
v -16 -23 14
v -17 -23 14
v -16 -22 14
v -15 -23 14
v -15 -22 14
v -14 -23 14
v -14 -22 14
v -13 -23 14
v -13 -22 14
v -12 -23 14
v -12 -22 14
v -11 -23 14
v -11 -22 14
v -10 -23 14
v -10 -22 14
v -9 -23 14
v -9 -22 14
v -8 -23 14
v -8 -22 14
v -7 -23 14
v -7 -22 14
v -6 -23 14
v -6 -22 14
v -5 -23 14
v -5 -22 14
v -4 -23 14
v -4 -22 14
v -3 -23 14
v -3 -22 14
v -2 -23 14
v -2 -22 14
v -1 -23 14
v -1 -22 14
v 0 -23 14
v 0 -22 14
v 1 -23 14
v 1 -22 14
v 2 -23 14
v 2 -22 14
v 3 -23 14
v 3 -22 14
v 4 -23 14
v 4 -22 14
v 5 -23 14
v 5 -22 14
v 6 -23 14
v 6 -22 14
v 7 -23 14
v 7 -22 14
v 8 -23 14
v 8 -22 14
v 9 -23 14
v 9 -22 14
v 10 -23 14
v 10 -22 14
v 11 -23 14
v 13 -23 14
v 12 -23 14
v 13 -22 14
v 14 -23 14
v 14 -22 14
v 15 -23 14
v 15 -22 14
v 16 -23 14
v 16 -22 14
v 17 -23 14
v 19 -23 14
v 18 -23 14
v 19 -22 14
v 20 -23 14
v 20 -22 14
v 21 -23 14
v 21 -22 14
v 22 -23 14
v 22 -22 14
v 23 -23 14
v 23 -22 14
v 24 -23 14
v 24 -22 14
v 25 -23 14
v 25 -22 14
v 26 -23 14
v 26 -22 14
v 27 -23 14
v 27 -22 14
v 28 -22 14
v 28 -23 14
v -23 -24 13
v -23 -24 14
v -22 -24 13
v -22 -24 14
v -18 -24 13
v -18 -24 14
v -17 -24 13
v -17 -24 14
v 11 -24 13
v 11 -24 14
v 12 -24 13
v 12 -24 14
v 17 -24 13
v 17 -24 14
v 18 -24 13
v 18 -24 14
v -23 -25 13
v -23 -25 14
v -22 -25 13
v -22 -25 14
v -18 -25 13
v -18 -25 14
v -17 -25 13
v -17 -25 14
v 11 -25 13
v 11 -25 14
v 12 -25 13
v 12 -25 14
v 17 -25 13
v 17 -25 14
v 18 -25 13
v 18 -25 14
v -23 -26 13
v -23 -26 14
v -22 -26 13
v -22 -26 14
v -18 -26 13
v -18 -26 14
v -17 -26 13
v -17 -26 14
v 11 -26 13
v 11 -26 14
v 12 -26 13
v 12 -26 14
v 17 -26 13
v 17 -26 14
v 18 -26 13
v 18 -26 14
v -23 -27 13
v -23 -27 14
v -22 -27 13
v -22 -27 14
v -18 -27 13
v -18 -27 14
v -17 -27 13
v -17 -27 14
v 11 -27 13
v 11 -27 14
v 12 -27 13
v 12 -27 14
v 17 -27 13
v 17 -27 14
v 18 -27 13
v 18 -27 14
v -9 -19 15
v -9 -18 15
v -8 -18 15
v -8 -18 14
v -8 -19 15
v -7 -18 14
v -7 -18 15
v -7 -19 15
v -2 -19 15
v -2 -18 15
v -2 -18 14
v -1 -18 15
v -1 -18 14
v 0 -18 15
v 0 -19 15
v -1 -19 15
v -23 -20 15
v -23 -19 15
v -22 -20 15
v -22 -19 15
v -21 -20 15
v -21 -19 15
v -20 -20 15
v -20 -19 15
v -19 -20 15
v -19 -19 15
v -18 -20 15
v -18 -19 15
v -17 -19 15
v -17 -20 15
v -11 -20 15
v -11 -19 15
v -10 -20 15
v -10 -19 15
v -9 -20 15
v -6 -19 15
v -5 -19 15
v -4 -19 15
v -3 -19 15
v 1 -20 15
v 0 -20 15
v 1 -19 15
v 2 -19 15
v 2 -20 15
v 11 -20 15
v 11 -19 15
v 12 -20 15
v 12 -19 15
v 13 -20 15
v 13 -19 15
v 14 -20 15
v 14 -19 15
v 15 -20 15
v 15 -19 15
v 16 -20 15
v 16 -19 15
v 17 -20 15
v 17 -19 15
v 18 -19 15
v 18 -20 15
v -9 -21 15
v -8 -21 15
v -8 -20 15
v -7 -21 15
v -6 -21 15
v -5 -21 15
v -4 -21 15
v -3 -21 15
v -2 -21 15
v -1 -21 15
v 0 -21 15
v -1 -20 15
v -28 -23 15
v -28 -22 15
v -27 -23 15
v -27 -22 15
v -26 -23 15
v -26 -22 15
v -25 -23 15
v -25 -22 15
v -24 -23 15
v -24 -22 15
v -23 -23 15
v -23 -22 15
v -22 -23 15
v -22 -22 15
v -21 -23 15
v -21 -22 15
v -20 -23 15
v -20 -22 15
v -19 -23 15
v -19 -22 15
v -18 -23 15
v -18 -22 15
v -17 -23 15
v -17 -22 15
v -16 -23 15
v -16 -22 15
v -15 -23 15
v -15 -22 15
v -14 -23 15
v -14 -22 15
v -13 -23 15
v -13 -22 15
v -12 -23 15
v -12 -22 15
v -11 -23 15
v -11 -22 15
v -10 -23 15
v -10 -22 15
v -9 -23 15
v -9 -22 15
v -8 -23 15
v -8 -22 15
v -7 -23 15
v -7 -22 15
v -6 -23 15
v -6 -22 15
v -5 -23 15
v -5 -22 15
v -4 -23 15
v -4 -22 15
v -3 -23 15
v -3 -22 15
v -2 -23 15
v -2 -22 15
v -1 -23 15
v -1 -22 15
v 0 -23 15
v 0 -22 15
v 1 -23 15
v 1 -22 15
v 2 -23 15
v 2 -22 15
v 3 -23 15
v 3 -22 15
v 4 -23 15
v 4 -22 15
v 5 -23 15
v 5 -22 15
v 6 -23 15
v 6 -22 15
v 7 -23 15
v 7 -22 15
v 8 -23 15
v 8 -22 15
v 9 -23 15
v 9 -22 15
v 10 -23 15
v 10 -22 15
v 11 -23 15
v 11 -22 15
v 12 -23 15
v 12 -22 15
v 13 -23 15
v 13 -22 15
v 14 -23 15
v 14 -22 15
v 15 -23 15
v 15 -22 15
v 16 -23 15
v 16 -22 15
v 17 -23 15
v 17 -22 15
v 18 -23 15
v 18 -22 15
v 19 -23 15
v 19 -22 15
v 20 -23 15
v 20 -22 15
v 21 -23 15
v 21 -22 15
v 22 -23 15
v 22 -22 15
v 23 -23 15
v 23 -22 15
v 24 -23 15
v 24 -22 15
v 25 -23 15
v 25 -22 15
v 26 -23 15
v 26 -22 15
v 27 -23 15
v 27 -22 15
v 28 -22 15
v 28 -23 15
v -8 -19 16
v -8 -18 16
v -7 -18 16
v -7 -19 16
v -6 -18 16
v -6 -18 15
v -6 -19 16
v -5 -18 16
v -5 -18 15
v -5 -19 16
v -4 -18 16
v -4 -18 15
v -4 -19 16
v -3 -18 16
v -3 -18 15
v -3 -19 16
v -2 -18 16
v -2 -19 16
v -1 -18 16
v -1 -19 16
v -9 -20 16
v -9 -19 16
v -8 -20 16
v -7 -20 16
v -6 -20 16
v -5 -20 16
v -4 -20 16
v -3 -20 16
v -2 -20 16
v -1 -20 16
v 0 -19 16
v 0 -20 16
v -8 -21 16
v -7 -21 16
v -6 -21 16
v -5 -21 16
v -4 -21 16
v -3 -21 16
v -2 -21 16
v -1 -21 16
v -28 -23 16
v -28 -22 16
v -27 -23 16
v -27 -22 16
v -26 -23 16
v -26 -22 16
v -25 -23 16
v -25 -22 16
v -24 -23 16
v -24 -22 16
v -23 -23 16
v -23 -22 16
v -22 -23 16
v -22 -22 16
v -21 -23 16
v -21 -22 16
v -20 -23 16
v -20 -22 16
v -19 -23 16
v -19 -22 16
v -18 -23 16
v -18 -22 16
v -17 -23 16
v -17 -22 16
v -16 -23 16
v -16 -22 16
v -15 -23 16
v -15 -22 16
v -14 -23 16
v -14 -22 16
v -13 -23 16
v -13 -22 16
v -12 -23 16
v -12 -22 16
v -11 -23 16
v -11 -22 16
v -10 -23 16
v -10 -22 16
v -9 -23 16
v -9 -22 16
v -8 -23 16
v -8 -22 16
v -7 -23 16
v -7 -22 16
v -6 -23 16
v -6 -22 16
v -5 -23 16
v -5 -22 16
v -4 -23 16
v -4 -22 16
v -3 -23 16
v -3 -22 16
v -2 -23 16
v -2 -22 16
v -1 -23 16
v -1 -22 16
v 0 -23 16
v 0 -22 16
v 1 -23 16
v 1 -22 16
v 2 -23 16
v 2 -22 16
v 3 -23 16
v 3 -22 16
v 4 -23 16
v 4 -22 16
v 5 -23 16
v 5 -22 16
v 6 -23 16
v 6 -22 16
v 7 -23 16
v 7 -22 16
v 8 -23 16
v 8 -22 16
v 9 -23 16
v 9 -22 16
v 10 -23 16
v 10 -22 16
v 11 -23 16
v 11 -22 16
v 12 -23 16
v 12 -22 16
v 13 -23 16
v 13 -22 16
v 14 -23 16
v 14 -22 16
v 15 -23 16
v 15 -22 16
v 16 -23 16
v 16 -22 16
v 17 -23 16
v 17 -22 16
v 18 -23 16
v 18 -22 16
v 19 -23 16
v 19 -22 16
v 20 -23 16
v 20 -22 16
v 21 -23 16
v 21 -22 16
v 22 -23 16
v 22 -22 16
v 23 -23 16
v 23 -22 16
v 24 -23 16
v 24 -22 16
v 25 -23 16
v 25 -22 16
v 26 -23 16
v 26 -22 16
v 27 -23 16
v 27 -22 16
v 28 -22 16
v 28 -23 16
v -5 -20 17
v -5 -19 17
v -4 -19 17
v -4 -20 17
v -28 -23 17
v -28 -22 17
v -27 -23 17
v -27 -22 17
v -26 -23 17
v -26 -22 17
v -25 -23 17
v -25 -22 17
v -24 -23 17
v -24 -22 17
v -23 -23 17
v -23 -22 17
v -22 -23 17
v -22 -22 17
v -21 -23 17
v -21 -22 17
v -20 -23 17
v -20 -22 17
v -19 -23 17
v -19 -22 17
v -18 -23 17
v -18 -22 17
v -17 -23 17
v -17 -22 17
v -16 -23 17
v -16 -22 17
v -15 -23 17
v -15 -22 17
v -14 -23 17
v -14 -22 17
v -13 -23 17
v -13 -22 17
v -12 -23 17
v -12 -22 17
v -11 -23 17
v -11 -22 17
v -10 -23 17
v -10 -22 17
v -9 -23 17
v -9 -22 17
v -8 -23 17
v -8 -22 17
v -7 -23 17
v -7 -22 17
v -6 -23 17
v -6 -22 17
v -5 -23 17
v -5 -22 17
v -4 -23 17
v -4 -22 17
v -3 -23 17
v -3 -22 17
v -2 -23 17
v -2 -22 17
v -1 -23 17
v -1 -22 17
v 0 -23 17
v 0 -22 17
v 1 -23 17
v 1 -22 17
v 2 -23 17
v 2 -22 17
v 3 -23 17
v 3 -22 17
v 4 -23 17
v 4 -22 17
v 5 -23 17
v 5 -22 17
v 6 -23 17
v 6 -22 17
v 7 -23 17
v 7 -22 17
v 8 -23 17
v 8 -22 17
v 9 -23 17
v 9 -22 17
v 10 -23 17
v 10 -22 17
v 11 -23 17
v 11 -22 17
v 12 -23 17
v 12 -22 17
v 13 -23 17
v 13 -22 17
v 14 -23 17
v 14 -22 17
v 15 -23 17
v 15 -22 17
v 16 -23 17
v 16 -22 17
v 17 -23 17
v 17 -22 17
v 18 -23 17
v 18 -22 17
v 19 -23 17
v 19 -22 17
v 20 -23 17
v 20 -22 17
v 21 -23 17
v 21 -22 17
v 22 -23 17
v 22 -22 17
v 23 -23 17
v 23 -22 17
v 24 -23 17
v 24 -22 17
v 25 -23 17
v 25 -22 17
v 26 -23 17
v 26 -22 17
v 27 -23 17
v 27 -22 17
v 28 -22 17
v 28 -23 17
v -28 -23 18
v -28 -22 18
v -27 -23 18
v -27 -22 18
v -26 -23 18
v -26 -22 18
v -25 -23 18
v -25 -22 18
v -24 -23 18
v -24 -22 18
v -23 -23 18
v -23 -22 18
v -22 -23 18
v -22 -22 18
v -21 -23 18
v -21 -22 18
v -20 -23 18
v -20 -22 18
v -19 -23 18
v -19 -22 18
v -18 -23 18
v -18 -22 18
v -17 -23 18
v -17 -22 18
v -16 -23 18
v -16 -22 18
v -15 -23 18
v -15 -22 18
v -14 -23 18
v -14 -22 18
v -13 -23 18
v -13 -22 18
v -12 -23 18
v -12 -22 18
v -11 -23 18
v -11 -22 18
v -10 -23 18
v -10 -22 18
v -9 -23 18
v -9 -22 18
v -8 -23 18
v -8 -22 18
v -7 -23 18
v -7 -22 18
v -6 -23 18
v -6 -22 18
v -5 -23 18
v -5 -22 18
v -4 -23 18
v -4 -22 18
v -3 -23 18
v -3 -22 18
v -2 -23 18
v -2 -22 18
v -1 -23 18
v -1 -22 18
v 0 -23 18
v 0 -22 18
v 1 -23 18
v 1 -22 18
v 2 -23 18
v 2 -22 18
v 3 -23 18
v 3 -22 18
v 4 -23 18
v 4 -22 18
v 5 -23 18
v 5 -22 18
v 6 -23 18
v 6 -22 18
v 7 -23 18
v 7 -22 18
v 8 -23 18
v 8 -22 18
v 9 -23 18
v 9 -22 18
v 10 -23 18
v 10 -22 18
v 11 -23 18
v 11 -22 18
v 12 -23 18
v 12 -22 18
v 13 -23 18
v 13 -22 18
v 14 -23 18
v 14 -22 18
v 15 -23 18
v 15 -22 18
v 16 -23 18
v 16 -22 18
v 17 -23 18
v 17 -22 18
v 18 -23 18
v 18 -22 18
v 19 -23 18
v 19 -22 18
v 20 -23 18
v 20 -22 18
v 21 -23 18
v 21 -22 18
v 22 -23 18
v 22 -22 18
v 23 -23 18
v 23 -22 18
v 24 -23 18
v 24 -22 18
v 25 -23 18
v 25 -22 18
v 26 -23 18
v 26 -22 18
v 27 -23 18
v 27 -22 18
v 28 -22 18
v 28 -23 18
v 14 -20 18
v 14 -20 19
v 14 -19 19
v 14 -19 18
v 15 -20 18
v 15 -19 18
v 15 -19 19
v 15 -20 19
v -28 -23 19
v -28 -22 19
v -27 -23 19
v -27 -22 19
v -26 -23 19
v -26 -22 19
v -25 -23 19
v -25 -22 19
v -24 -23 19
v -24 -22 19
v -23 -23 19
v -23 -22 19
v -22 -23 19
v -22 -22 19
v -21 -23 19
v -21 -22 19
v -20 -23 19
v -20 -22 19
v -19 -23 19
v -19 -22 19
v -18 -23 19
v -18 -22 19
v -17 -23 19
v -17 -22 19
v -16 -23 19
v -16 -22 19
v -15 -23 19
v -15 -22 19
v -14 -23 19
v -14 -22 19
v -13 -23 19
v -13 -22 19
v -12 -23 19
v -12 -22 19
v -11 -23 19
v -11 -22 19
v -10 -23 19
v -10 -22 19
v -9 -23 19
v -9 -22 19
v -8 -23 19
v -8 -22 19
v -7 -23 19
v -7 -22 19
v -6 -23 19
v -6 -22 19
v -5 -23 19
v -5 -22 19
v -4 -23 19
v -4 -22 19
v -3 -23 19
v -3 -22 19
v -2 -23 19
v -2 -22 19
v -1 -23 19
v -1 -22 19
v 0 -23 19
v 0 -22 19
v 1 -23 19
v 1 -22 19
v 2 -23 19
v 2 -22 19
v 3 -23 19
v 3 -22 19
v 4 -23 19
v 4 -22 19
v 5 -23 19
v 5 -22 19
v 6 -23 19
v 6 -22 19
v 7 -23 19
v 7 -22 19
v 8 -23 19
v 8 -22 19
v 9 -23 19
v 9 -22 19
v 10 -23 19
v 10 -22 19
v 11 -23 19
v 11 -22 19
v 12 -23 19
v 12 -22 19
v 13 -23 19
v 13 -22 19
v 14 -23 19
v 14 -22 19
v 15 -23 19
v 15 -22 19
v 16 -23 19
v 16 -22 19
v 17 -23 19
v 17 -22 19
v 18 -23 19
v 18 -22 19
v 19 -23 19
v 19 -22 19
v 20 -23 19
v 20 -22 19
v 21 -23 19
v 21 -22 19
v 22 -23 19
v 22 -22 19
v 23 -23 19
v 23 -22 19
v 24 -23 19
v 24 -22 19
v 25 -23 19
v 25 -22 19
v 26 -23 19
v 26 -22 19
v 27 -23 19
v 27 -22 19
v 28 -22 19
v 28 -23 19
v 12 -19 19
v 12 -19 20
v 12 -18 20
v 12 -18 19
v 13 -18 20
v 13 -18 19
v 13 -19 19
v 14 -18 20
v 14 -18 19
v 13 -19 20
v 14 -19 20
v 15 -18 20
v 15 -18 19
v 15 -19 20
v 16 -18 20
v 16 -18 19
v 16 -19 19
v 16 -19 20
v 17 -19 19
v 17 -18 19
v 17 -18 20
v 17 -19 20
v 11 -20 19
v 11 -20 20
v 11 -19 20
v 11 -19 19
v 12 -20 19
v 12 -20 20
v 13 -20 19
v 16 -20 19
v 17 -20 19
v 18 -20 19
v 18 -19 19
v 18 -19 20
v 18 -20 20
v 17 -20 20
v 12 -21 19
v 12 -21 20
v 13 -21 19
v 13 -21 20
v 14 -21 19
v 14 -21 20
v 15 -21 19
v 15 -21 20
v 16 -21 19
v 16 -21 20
v 17 -21 19
v 17 -21 20
v -28 -23 20
v -28 -22 20
v -27 -23 20
v -27 -22 20
v -26 -23 20
v -26 -22 20
v -25 -23 20
v -25 -22 20
v -24 -23 20
v -24 -22 20
v -23 -23 20
v -23 -22 20
v -22 -23 20
v -22 -22 20
v -21 -23 20
v -21 -22 20
v -20 -23 20
v -20 -22 20
v -19 -23 20
v -19 -22 20
v -18 -23 20
v -18 -22 20
v -17 -23 20
v -17 -22 20
v -16 -23 20
v -16 -22 20
v -15 -23 20
v -15 -22 20
v -14 -23 20
v -14 -22 20
v -13 -23 20
v -13 -22 20
v -12 -23 20
v -12 -22 20
v -11 -23 20
v -11 -22 20
v -10 -23 20
v -10 -22 20
v -9 -23 20
v -9 -22 20
v -8 -23 20
v -8 -22 20
v -7 -23 20
v -7 -22 20
v -6 -23 20
v -6 -22 20
v -5 -23 20
v -5 -22 20
v -4 -23 20
v -4 -22 20
v -3 -23 20
v -3 -22 20
v -2 -23 20
v -2 -22 20
v -1 -23 20
v -1 -22 20
v 0 -23 20
v 0 -22 20
v 1 -23 20
v 1 -22 20
v 2 -23 20
v 2 -22 20
v 3 -23 20
v 3 -22 20
v 4 -23 20
v 4 -22 20
v 5 -23 20
v 5 -22 20
v 6 -23 20
v 6 -22 20
v 7 -23 20
v 7 -22 20
v 8 -23 20
v 8 -22 20
v 9 -23 20
v 9 -22 20
v 10 -23 20
v 10 -22 20
v 11 -23 20
v 11 -22 20
v 12 -23 20
v 12 -22 20
v 13 -23 20
v 13 -22 20
v 14 -23 20
v 14 -22 20
v 15 -23 20
v 15 -22 20
v 16 -23 20
v 16 -22 20
v 17 -23 20
v 17 -22 20
v 18 -23 20
v 18 -22 20
v 19 -23 20
v 19 -22 20
v 20 -23 20
v 20 -22 20
v 21 -23 20
v 21 -22 20
v 22 -23 20
v 22 -22 20
v 23 -23 20
v 23 -22 20
v 24 -23 20
v 24 -22 20
v 25 -23 20
v 25 -22 20
v 26 -23 20
v 26 -22 20
v 27 -23 20
v 27 -22 20
v 28 -22 20
v 28 -23 20
v 11 -19 21
v 11 -18 21
v 11 -18 20
v 12 -18 21
v 13 -18 21
v 13 -19 21
v 12 -19 21
v 16 -19 21
v 16 -18 21
v 17 -18 21
v 17 -19 21
v 18 -18 20
v 18 -18 21
v 18 -19 21
v 10 -20 20
v 10 -20 21
v 10 -19 21
v 10 -19 20
v 11 -20 21
v 14 -19 21
v 15 -19 21
v 19 -20 20
v 19 -19 20
v 19 -19 21
v 19 -20 21
v 18 -20 21
v 11 -21 20
v 11 -21 21
v 12 -21 21
v 13 -21 21
v 14 -21 21
v 15 -21 21
v 16 -21 21
v 17 -21 21
v 18 -21 20
v 18 -21 21
v -28 -23 21
v -28 -22 21
v -27 -23 21
v -27 -22 21
v -26 -23 21
v -26 -22 21
v -25 -23 21
v -25 -22 21
v -24 -23 21
v -24 -22 21
v -23 -23 21
v -23 -22 21
v -22 -23 21
v -22 -22 21
v -21 -23 21
v -21 -22 21
v -20 -23 21
v -20 -22 21
v -19 -23 21
v -19 -22 21
v -18 -23 21
v -18 -22 21
v -17 -23 21
v -17 -22 21
v -16 -23 21
v -16 -22 21
v -15 -23 21
v -15 -22 21
v -14 -23 21
v -14 -22 21
v -13 -23 21
v -13 -22 21
v -12 -23 21
v -12 -22 21
v -11 -23 21
v -11 -22 21
v -10 -23 21
v -10 -22 21
v -9 -23 21
v -9 -22 21
v -8 -23 21
v -8 -22 21
v -7 -23 21
v -7 -22 21
v -6 -23 21
v -6 -22 21
v -5 -23 21
v -5 -22 21
v -4 -23 21
v -4 -22 21
v -3 -23 21
v -3 -22 21
v -2 -23 21
v -2 -22 21
v -1 -23 21
v -1 -22 21
v 0 -23 21
v 0 -22 21
v 1 -23 21
v 1 -22 21
v 2 -23 21
v 2 -22 21
v 3 -23 21
v 3 -22 21
v 4 -23 21
v 4 -22 21
v 5 -23 21
v 5 -22 21
v 6 -23 21
v 6 -22 21
v 7 -23 21
v 7 -22 21
v 8 -23 21
v 8 -22 21
v 9 -23 21
v 9 -22 21
v 10 -23 21
v 10 -22 21
v 11 -23 21
v 11 -22 21
v 12 -23 21
v 12 -22 21
v 13 -23 21
v 13 -22 21
v 14 -23 21
v 14 -22 21
v 15 -23 21
v 15 -22 21
v 16 -23 21
v 16 -22 21
v 17 -23 21
v 17 -22 21
v 18 -23 21
v 18 -22 21
v 19 -23 21
v 19 -22 21
v 20 -23 21
v 20 -22 21
v 21 -23 21
v 21 -22 21
v 22 -23 21
v 22 -22 21
v 23 -23 21
v 23 -22 21
v 24 -23 21
v 24 -22 21
v 25 -23 21
v 25 -22 21
v 26 -23 21
v 26 -22 21
v 27 -23 21
v 27 -22 21
v 28 -22 21
v 28 -23 21
v 10 -19 22
v 10 -18 22
v 10 -18 21
v 11 -18 22
v 12 -18 22
v 12 -19 22
v 17 -19 22
v 17 -18 22
v 18 -18 22
v 19 -18 21
v 19 -18 22
v 19 -19 22
v 10 -20 22
v 13 -19 22
v 14 -19 22
v 15 -19 22
v 16 -19 22
v 19 -20 22
v 10 -21 21
v 10 -21 22
v 11 -21 22
v 12 -21 22
v 13 -21 22
v 14 -21 22
v 15 -21 22
v 16 -21 22
v 17 -21 22
v 18 -21 22
v 19 -21 21
v 19 -21 22
v -28 -23 22
v -28 -22 22
v -27 -23 22
v -27 -22 22
v -26 -23 22
v -26 -22 22
v -25 -23 22
v -25 -22 22
v -24 -23 22
v -24 -22 22
v -23 -23 22
v -23 -22 22
v -22 -23 22
v -22 -22 22
v -21 -23 22
v -21 -22 22
v -20 -23 22
v -20 -22 22
v -19 -23 22
v -19 -22 22
v -18 -23 22
v -18 -22 22
v -17 -23 22
v -17 -22 22
v -16 -23 22
v -16 -22 22
v -15 -23 22
v -15 -22 22
v -14 -23 22
v -14 -22 22
v -13 -23 22
v -13 -22 22
v -12 -23 22
v -12 -22 22
v -11 -23 22
v -11 -22 22
v -10 -23 22
v -10 -22 22
v -9 -23 22
v -9 -22 22
v -8 -23 22
v -8 -22 22
v -7 -23 22
v -7 -22 22
v -6 -23 22
v -6 -22 22
v -5 -23 22
v -5 -22 22
v -4 -23 22
v -4 -22 22
v -3 -23 22
v -3 -22 22
v -2 -23 22
v -2 -22 22
v -1 -23 22
v -1 -22 22
v 0 -23 22
v 0 -22 22
v 1 -23 22
v 1 -22 22
v 2 -23 22
v 2 -22 22
v 3 -23 22
v 3 -22 22
v 4 -23 22
v 4 -22 22
v 5 -23 22
v 5 -22 22
v 6 -23 22
v 6 -22 22
v 7 -23 22
v 7 -22 22
v 8 -23 22
v 8 -22 22
v 9 -23 22
v 9 -22 22
v 10 -23 22
v 10 -22 22
v 11 -23 22
v 11 -22 22
v 12 -23 22
v 12 -22 22
v 13 -23 22
v 13 -22 22
v 14 -23 22
v 14 -22 22
v 15 -23 22
v 15 -22 22
v 16 -23 22
v 16 -22 22
v 17 -23 22
v 17 -22 22
v 18 -23 22
v 18 -22 22
v 19 -23 22
v 19 -22 22
v 20 -23 22
v 20 -22 22
v 21 -23 22
v 21 -22 22
v 22 -23 22
v 22 -22 22
v 23 -23 22
v 23 -22 22
v 24 -23 22
v 24 -22 22
v 25 -23 22
v 25 -22 22
v 26 -23 22
v 26 -22 22
v 27 -23 22
v 27 -22 22
v 28 -22 22
v 28 -23 22
v 14 -3 22
v 14 -3 23
v 14 -2 23
v 14 -2 22
v 15 -3 22
v 15 -2 22
v 15 -2 23
v 15 -3 23
v 14 -4 22
v 14 -4 23
v 15 -4 22
v 15 -4 23
v 14 -5 22
v 14 -5 23
v 15 -5 22
v 15 -5 23
v 16 -5 22
v 16 -4 22
v 16 -4 23
v 16 -5 23
v 14 -6 22
v 14 -6 23
v 15 -6 22
v 15 -6 23
v 16 -6 22
v 16 -6 23
v 13 -7 22
v 13 -7 23
v 13 -6 23
v 13 -6 22
v 14 -7 22
v 14 -7 23
v 15 -7 22
v 15 -7 23
v 16 -7 22
v 16 -7 23
v 17 -7 22
v 17 -6 22
v 17 -6 23
v 17 -7 23
v 12 -8 22
v 12 -8 23
v 12 -7 23
v 12 -7 22
v 13 -8 22
v 13 -8 23
v 14 -8 22
v 14 -8 23
v 15 -8 22
v 15 -8 23
v 16 -8 22
v 16 -8 23
v 17 -8 22
v 17 -8 23
v 18 -8 22
v 18 -7 22
v 18 -7 23
v 18 -8 23
v 11 -9 22
v 11 -9 23
v 11 -8 23
v 11 -8 22
v 12 -9 22
v 12 -9 23
v 13 -9 22
v 13 -9 23
v 14 -9 22
v 14 -9 23
v 15 -9 22
v 15 -9 23
v 16 -9 22
v 16 -9 23
v 17 -9 22
v 17 -9 23
v 18 -9 22
v 18 -9 23
v 19 -9 22
v 19 -8 22
v 19 -8 23
v 19 -9 23
v 10 -10 22
v 10 -10 23
v 10 -9 23
v 10 -9 22
v 11 -10 22
v 11 -10 23
v 12 -10 22
v 12 -10 23
v 13 -10 22
v 13 -10 23
v 14 -10 22
v 14 -10 23
v 15 -10 22
v 15 -10 23
v 16 -10 22
v 16 -10 23
v 17 -10 22
v 17 -10 23
v 18 -10 22
v 18 -10 23
v 19 -10 22
v 19 -10 23
v 20 -10 22
v 20 -9 22
v 20 -9 23
v 20 -10 23
v 8 -11 22
v 8 -11 23
v 8 -10 23
v 8 -10 22
v 9 -11 22
v 9 -11 23
v 9 -10 23
v 9 -10 22
v 10 -11 22
v 10 -11 23
v 11 -11 22
v 11 -11 23
v 12 -11 22
v 12 -11 23
v 13 -11 22
v 13 -11 23
v 14 -11 22
v 14 -11 23
v 15 -11 22
v 15 -11 23
v 16 -11 22
v 16 -11 23
v 17 -11 22
v 17 -11 23
v 18 -11 22
v 18 -11 23
v 19 -11 22
v 19 -11 23
v 20 -11 22
v 20 -11 23
v 21 -11 22
v 21 -10 22
v 21 -10 23
v 21 -11 23
v 14 -12 22
v 14 -12 23
v 15 -12 22
v 15 -12 23
v 16 -12 22
v 16 -12 23
v 17 -12 22
v 17 -12 23
v 18 -12 22
v 18 -12 23
v 19 -12 22
v 19 -12 23
v 20 -12 22
v 20 -12 23
v 21 -12 22
v 21 -12 23
v 22 -12 22
v 22 -11 22
v 22 -11 23
v 22 -12 23
v 14 -13 22
v 14 -13 23
v 15 -13 22
v 15 -13 23
v 16 -13 22
v 16 -13 23
v 17 -13 22
v 17 -13 23
v 18 -13 22
v 18 -13 23
v 19 -13 22
v 19 -13 23
v 20 -13 22
v 20 -13 23
v 21 -13 22
v 21 -13 23
v 22 -13 22
v 22 -13 23
v 23 -13 22
v 23 -12 22
v 23 -12 23
v 23 -13 23
v 5 -14 22
v 5 -14 23
v 5 -13 23
v 5 -13 22
v 6 -14 22
v 6 -14 23
v 6 -13 23
v 6 -13 22
v 7 -14 22
v 7 -14 23
v 7 -13 23
v 7 -13 22
v 8 -14 22
v 8 -14 23
v 8 -13 23
v 8 -13 22
v 9 -14 22
v 9 -14 23
v 9 -13 23
v 9 -13 22
v 10 -14 22
v 10 -14 23
v 10 -13 23
v 10 -13 22
v 11 -14 22
v 11 -14 23
v 11 -13 23
v 11 -13 22
v 12 -14 22
v 12 -14 23
v 12 -13 23
v 12 -13 22
v 13 -14 22
v 13 -14 23
v 13 -13 23
v 13 -13 22
v 14 -14 22
v 14 -14 23
v 15 -14 22
v 15 -14 23
v 16 -14 22
v 16 -14 23
v 17 -14 22
v 17 -14 23
v 18 -14 22
v 18 -14 23
v 19 -14 22
v 19 -14 23
v 20 -14 22
v 20 -14 23
v 21 -14 22
v 21 -14 23
v 22 -14 22
v 22 -14 23
v 23 -14 22
v 23 -14 23
v 24 -14 22
v 24 -14 23
v 24 -13 23
v 24 -13 22
v 25 -14 22
v 25 -14 23
v 25 -13 23
v 25 -13 22
v 26 -14 22
v 26 -14 23
v 26 -13 23
v 26 -13 22
v 27 -14 22
v 27 -14 23
v 27 -13 23
v 27 -13 22
v 28 -14 22
v 28 -13 22
v 28 -13 23
v 28 -14 23
v 14 -15 22
v 14 -15 23
v 15 -15 22
v 15 -15 23
v 14 -16 22
v 14 -16 23
v 15 -16 22
v 15 -16 23
v 14 -17 22
v 14 -17 23
v 15 -17 22
v 15 -17 23
v 14 -18 22
v 14 -18 23
v 15 -18 22
v 15 -18 23
v 10 -19 23
v 10 -18 23
v 11 -18 23
v 12 -18 23
v 12 -19 23
v 17 -19 23
v 17 -18 23
v 18 -18 23
v 19 -18 23
v 19 -19 23
v 9 -20 22
v 9 -20 23
v 9 -19 23
v 9 -19 22
v 10 -20 23
v 13 -19 23
v 14 -19 23
v 15 -19 23
v 16 -19 23
v 20 -20 22
v 20 -19 22
v 20 -19 23
v 20 -20 23
v 19 -20 23
v 10 -21 23
v 11 -21 23
v 12 -21 23
v 13 -21 23
v 14 -21 23
v 16 -21 23
v 15 -21 23
v 17 -21 23
v 18 -21 23
v 19 -21 23
v 14 -22 23
v 15 -22 23
v -28 -23 23
v -28 -22 23
v -27 -23 23
v -27 -22 23
v -26 -23 23
v -26 -22 23
v -25 -23 23
v -25 -22 23
v -24 -23 23
v -24 -22 23
v -23 -23 23
v -23 -22 23
v -22 -23 23
v -22 -22 23
v -21 -23 23
v -21 -22 23
v -20 -23 23
v -20 -22 23
v -19 -23 23
v -19 -22 23
v -18 -23 23
v -18 -22 23
v -17 -23 23
v -17 -22 23
v -16 -23 23
v -16 -22 23
v -15 -23 23
v -15 -22 23
v -14 -23 23
v -14 -22 23
v -13 -23 23
v -13 -22 23
v -12 -23 23
v -12 -22 23
v -11 -23 23
v -11 -22 23
v -10 -23 23
v -10 -22 23
v -9 -23 23
v -9 -22 23
v -8 -23 23
v -8 -22 23
v -7 -23 23
v -7 -22 23
v -6 -23 23
v -6 -22 23
v -5 -23 23
v -5 -22 23
v -4 -23 23
v -4 -22 23
v -3 -23 23
v -3 -22 23
v -2 -23 23
v -2 -22 23
v -1 -23 23
v -1 -22 23
v 0 -23 23
v 0 -22 23
v 1 -23 23
v 1 -22 23
v 2 -23 23
v 2 -22 23
v 3 -23 23
v 3 -22 23
v 4 -23 23
v 4 -22 23
v 5 -23 23
v 5 -22 23
v 6 -23 23
v 6 -22 23
v 7 -23 23
v 7 -22 23
v 8 -23 23
v 8 -22 23
v 9 -23 23
v 9 -22 23
v 10 -23 23
v 10 -22 23
v 11 -23 23
v 11 -22 23
v 12 -23 23
v 12 -22 23
v 13 -23 23
v 13 -22 23
v 14 -23 23
v 15 -23 23
v 16 -23 23
v 16 -22 23
v 17 -23 23
v 17 -22 23
v 18 -23 23
v 18 -22 23
v 19 -23 23
v 19 -22 23
v 20 -23 23
v 20 -22 23
v 21 -23 23
v 21 -22 23
v 22 -23 23
v 22 -22 23
v 23 -23 23
v 23 -22 23
v 24 -23 23
v 24 -22 23
v 25 -23 23
v 25 -22 23
v 26 -23 23
v 26 -22 23
v 27 -23 23
v 27 -22 23
v 28 -22 23
v 28 -23 23
v 10 -19 24
v 10 -18 24
v 11 -18 24
v 11 -19 24
v 12 -18 24
v 12 -19 24
v 17 -19 24
v 17 -18 24
v 18 -18 24
v 19 -18 24
v 19 -19 24
v 18 -19 24
v 10 -20 24
v 13 -19 24
v 14 -19 24
v 15 -19 24
v 16 -19 24
v 19 -20 24
v 10 -21 24
v 11 -21 24
v 11 -20 24
v 12 -21 24
v 13 -21 24
v 14 -21 24
v 15 -21 24
v 16 -21 24
v 17 -21 24
v 18 -21 24
v 19 -21 24
v 18 -20 24
v -28 -23 24
v -28 -22 24
v -27 -23 24
v -27 -22 24
v -26 -23 24
v -26 -22 24
v -25 -23 24
v -25 -22 24
v -24 -23 24
v -24 -22 24
v -23 -23 24
v -23 -22 24
v -22 -23 24
v -22 -22 24
v -21 -23 24
v -21 -22 24
v -20 -23 24
v -20 -22 24
v -19 -23 24
v -19 -22 24
v -18 -23 24
v -18 -22 24
v -17 -23 24
v -17 -22 24
v -16 -23 24
v -16 -22 24
v -15 -23 24
v -15 -22 24
v -14 -23 24
v -14 -22 24
v -13 -23 24
v -13 -22 24
v -12 -23 24
v -12 -22 24
v -11 -23 24
v -11 -22 24
v -10 -23 24
v -10 -22 24
v -9 -23 24
v -9 -22 24
v -8 -23 24
v -8 -22 24
v -7 -23 24
v -7 -22 24
v -6 -23 24
v -6 -22 24
v -5 -23 24
v -5 -22 24
v -4 -23 24
v -4 -22 24
v -3 -23 24
v -3 -22 24
v -2 -23 24
v -2 -22 24
v -1 -23 24
v -1 -22 24
v 0 -23 24
v 0 -22 24
v 1 -23 24
v 1 -22 24
v 2 -23 24
v 2 -22 24
v 3 -23 24
v 3 -22 24
v 4 -23 24
v 4 -22 24
v 5 -23 24
v 5 -22 24
v 6 -23 24
v 6 -22 24
v 7 -23 24
v 7 -22 24
v 8 -23 24
v 8 -22 24
v 9 -23 24
v 9 -22 24
v 10 -23 24
v 10 -22 24
v 11 -23 24
v 11 -22 24
v 12 -23 24
v 12 -22 24
v 13 -23 24
v 13 -22 24
v 14 -23 24
v 14 -22 24
v 15 -23 24
v 15 -22 24
v 16 -23 24
v 16 -22 24
v 17 -23 24
v 17 -22 24
v 18 -23 24
v 18 -22 24
v 19 -23 24
v 19 -22 24
v 20 -23 24
v 20 -22 24
v 21 -23 24
v 21 -22 24
v 22 -23 24
v 22 -22 24
v 23 -23 24
v 23 -22 24
v 24 -23 24
v 24 -22 24
v 25 -23 24
v 25 -22 24
v 26 -23 24
v 26 -22 24
v 27 -23 24
v 27 -22 24
v 28 -22 24
v 28 -23 24
v 11 -19 25
v 11 -18 25
v 12 -18 25
v 12 -19 25
v 13 -18 24
v 13 -18 25
v 13 -19 25
v 16 -19 25
v 16 -18 25
v 16 -18 24
v 17 -18 25
v 18 -18 25
v 18 -19 25
v 17 -19 25
v 10 -20 25
v 10 -19 25
v 11 -20 25
v 14 -19 25
v 15 -19 25
v 19 -19 25
v 19 -20 25
v 18 -20 25
v 11 -21 25
v 12 -21 25
v 12 -20 25
v 13 -21 25
v 14 -21 25
v 15 -21 25
v 16 -21 25
v 17 -21 25
v 18 -21 25
v 17 -20 25
v -28 -23 25
v -28 -22 25
v -27 -23 25
v -27 -22 25
v -26 -23 25
v -26 -22 25
v -25 -23 25
v -25 -22 25
v -24 -23 25
v -24 -22 25
v -23 -23 25
v -23 -22 25
v -22 -23 25
v -22 -22 25
v -21 -23 25
v -21 -22 25
v -20 -23 25
v -20 -22 25
v -19 -23 25
v -19 -22 25
v -18 -23 25
v -18 -22 25
v -17 -23 25
v -17 -22 25
v -16 -23 25
v -16 -22 25
v -15 -23 25
v -15 -22 25
v -14 -23 25
v -14 -22 25
v -13 -23 25
v -13 -22 25
v -12 -23 25
v -12 -22 25
v -11 -23 25
v -11 -22 25
v -10 -23 25
v -10 -22 25
v -9 -23 25
v -9 -22 25
v -8 -23 25
v -8 -22 25
v -7 -23 25
v -7 -22 25
v -6 -23 25
v -6 -22 25
v -5 -23 25
v -5 -22 25
v -4 -23 25
v -4 -22 25
v -3 -23 25
v -3 -22 25
v -2 -23 25
v -2 -22 25
v -1 -23 25
v -1 -22 25
v 0 -23 25
v 0 -22 25
v 1 -23 25
v 1 -22 25
v 2 -23 25
v 2 -22 25
v 3 -23 25
v 3 -22 25
v 4 -23 25
v 4 -22 25
v 5 -23 25
v 5 -22 25
v 6 -23 25
v 6 -22 25
v 7 -23 25
v 7 -22 25
v 8 -23 25
v 8 -22 25
v 9 -23 25
v 9 -22 25
v 10 -23 25
v 10 -22 25
v 11 -23 25
v 11 -22 25
v 12 -23 25
v 12 -22 25
v 13 -23 25
v 13 -22 25
v 14 -23 25
v 14 -22 25
v 15 -23 25
v 15 -22 25
v 16 -23 25
v 16 -22 25
v 17 -23 25
v 17 -22 25
v 18 -23 25
v 18 -22 25
v 19 -23 25
v 19 -22 25
v 20 -23 25
v 20 -22 25
v 21 -23 25
v 21 -22 25
v 22 -23 25
v 22 -22 25
v 23 -23 25
v 23 -22 25
v 24 -23 25
v 24 -22 25
v 25 -23 25
v 25 -22 25
v 26 -23 25
v 26 -22 25
v 27 -23 25
v 27 -22 25
v 28 -22 25
v 28 -23 25
v 12 -19 26
v 12 -18 26
v 13 -18 26
v 13 -19 26
v 14 -18 26
v 14 -18 25
v 14 -19 26
v 15 -18 26
v 15 -18 25
v 15 -19 26
v 16 -18 26
v 16 -19 26
v 17 -18 26
v 17 -19 26
v 11 -20 26
v 11 -19 26
v 12 -20 26
v 13 -20 26
v 14 -20 26
v 15 -20 26
v 16 -20 26
v 17 -20 26
v 18 -19 26
v 18 -20 26
v 12 -21 26
v 13 -21 26
v 14 -21 26
v 15 -21 26
v 16 -21 26
v 17 -21 26
v -28 -23 26
v -28 -22 26
v -27 -23 26
v -27 -22 26
v -26 -23 26
v -26 -22 26
v -25 -23 26
v -25 -22 26
v -24 -23 26
v -24 -22 26
v -23 -23 26
v -23 -22 26
v -22 -23 26
v -22 -22 26
v -21 -23 26
v -21 -22 26
v -20 -23 26
v -20 -22 26
v -19 -23 26
v -19 -22 26
v -18 -23 26
v -18 -22 26
v -17 -23 26
v -17 -22 26
v -16 -23 26
v -16 -22 26
v -15 -23 26
v -15 -22 26
v -14 -23 26
v -14 -22 26
v -13 -23 26
v -13 -22 26
v -12 -23 26
v -12 -22 26
v -11 -23 26
v -11 -22 26
v -10 -23 26
v -10 -22 26
v -9 -23 26
v -9 -22 26
v -8 -23 26
v -8 -22 26
v -7 -23 26
v -7 -22 26
v -6 -23 26
v -6 -22 26
v -5 -23 26
v -5 -22 26
v -4 -23 26
v -4 -22 26
v -3 -23 26
v -3 -22 26
v -2 -23 26
v -2 -22 26
v -1 -23 26
v -1 -22 26
v 0 -23 26
v 0 -22 26
v 1 -23 26
v 1 -22 26
v 2 -23 26
v 2 -22 26
v 3 -23 26
v 3 -22 26
v 4 -23 26
v 4 -22 26
v 5 -23 26
v 5 -22 26
v 6 -23 26
v 6 -22 26
v 7 -23 26
v 7 -22 26
v 8 -23 26
v 8 -22 26
v 9 -23 26
v 9 -22 26
v 10 -23 26
v 10 -22 26
v 11 -23 26
v 11 -22 26
v 12 -23 26
v 12 -22 26
v 13 -23 26
v 13 -22 26
v 14 -23 26
v 14 -22 26
v 15 -23 26
v 15 -22 26
v 16 -23 26
v 16 -22 26
v 17 -23 26
v 17 -22 26
v 18 -23 26
v 18 -22 26
v 19 -23 26
v 19 -22 26
v 20 -23 26
v 20 -22 26
v 21 -23 26
v 21 -22 26
v 22 -23 26
v 22 -22 26
v 23 -23 26
v 23 -22 26
v 24 -23 26
v 24 -22 26
v 25 -23 26
v 25 -22 26
v 26 -23 26
v 26 -22 26
v 27 -23 26
v 27 -22 26
v 28 -22 26
v 28 -23 26
v 14 -20 27
v 14 -19 27
v 15 -19 27
v 15 -20 27
v -28 -23 27
v -28 -22 27
v -27 -23 27
v -27 -22 27
v -26 -23 27
v -26 -22 27
v -25 -23 27
v -25 -22 27
v -24 -23 27
v -24 -22 27
v -23 -23 27
v -23 -22 27
v -22 -23 27
v -22 -22 27
v -21 -23 27
v -21 -22 27
v -20 -23 27
v -20 -22 27
v -19 -23 27
v -19 -22 27
v -18 -23 27
v -18 -22 27
v -17 -23 27
v -17 -22 27
v -16 -23 27
v -16 -22 27
v -15 -23 27
v -15 -22 27
v -14 -23 27
v -14 -22 27
v -13 -23 27
v -13 -22 27
v -12 -23 27
v -12 -22 27
v -11 -23 27
v -11 -22 27
v -10 -23 27
v -10 -22 27
v -9 -23 27
v -9 -22 27
v -8 -23 27
v -8 -22 27
v -7 -23 27
v -7 -22 27
v -6 -23 27
v -6 -22 27
v -5 -23 27
v -5 -22 27
v -4 -23 27
v -4 -22 27
v -3 -23 27
v -3 -22 27
v -2 -23 27
v -2 -22 27
v -1 -23 27
v -1 -22 27
v 0 -23 27
v 0 -22 27
v 1 -23 27
v 1 -22 27
v 2 -23 27
v 2 -22 27
v 3 -23 27
v 3 -22 27
v 4 -23 27
v 4 -22 27
v 5 -23 27
v 5 -22 27
v 6 -23 27
v 6 -22 27
v 7 -23 27
v 7 -22 27
v 8 -23 27
v 8 -22 27
v 9 -23 27
v 9 -22 27
v 10 -23 27
v 10 -22 27
v 11 -23 27
v 11 -22 27
v 12 -23 27
v 12 -22 27
v 13 -23 27
v 13 -22 27
v 14 -23 27
v 14 -22 27
v 15 -23 27
v 15 -22 27
v 16 -23 27
v 16 -22 27
v 17 -23 27
v 17 -22 27
v 18 -23 27
v 18 -22 27
v 19 -23 27
v 19 -22 27
v 20 -23 27
v 20 -22 27
v 21 -23 27
v 21 -22 27
v 22 -23 27
v 22 -22 27
v 23 -23 27
v 23 -22 27
v 24 -23 27
v 24 -22 27
v 25 -23 27
v 25 -22 27
v 26 -23 27
v 26 -22 27
v 27 -23 27
v 27 -22 27
v 28 -22 27
v 28 -23 27
v -28 -23 28
v -28 -22 28
v -27 -23 28
v -27 -22 28
v -26 -23 28
v -26 -22 28
v -25 -23 28
v -25 -22 28
v -24 -23 28
v -24 -22 28
v -23 -23 28
v -23 -22 28
v -22 -23 28
v -22 -22 28
v -21 -23 28
v -21 -22 28
v -20 -23 28
v -20 -22 28
v -19 -23 28
v -19 -22 28
v -18 -23 28
v -18 -22 28
v -17 -23 28
v -17 -22 28
v -16 -23 28
v -16 -22 28
v -15 -23 28
v -15 -22 28
v -14 -23 28
v -14 -22 28
v -13 -23 28
v -13 -22 28
v -12 -23 28
v -12 -22 28
v -11 -23 28
v -11 -22 28
v -10 -23 28
v -10 -22 28
v -9 -23 28
v -9 -22 28
v -8 -23 28
v -8 -22 28
v -7 -23 28
v -7 -22 28
v -6 -23 28
v -6 -22 28
v -5 -23 28
v -5 -22 28
v -4 -23 28
v -4 -22 28
v -3 -23 28
v -3 -22 28
v -2 -23 28
v -2 -22 28
v -1 -23 28
v -1 -22 28
v 0 -23 28
v 0 -22 28
v 1 -23 28
v 1 -22 28
v 2 -23 28
v 2 -22 28
v 3 -23 28
v 3 -22 28
v 4 -23 28
v 4 -22 28
v 5 -23 28
v 5 -22 28
v 6 -23 28
v 6 -22 28
v 7 -23 28
v 7 -22 28
v 8 -23 28
v 8 -22 28
v 9 -23 28
v 9 -22 28
v 10 -23 28
v 10 -22 28
v 11 -23 28
v 11 -22 28
v 12 -23 28
v 12 -22 28
v 13 -23 28
v 13 -22 28
v 14 -23 28
v 14 -22 28
v 15 -23 28
v 15 -22 28
v 16 -23 28
v 16 -22 28
v 17 -23 28
v 17 -22 28
v 18 -23 28
v 18 -22 28
v 19 -23 28
v 19 -22 28
v 20 -23 28
v 20 -22 28
v 21 -23 28
v 21 -22 28
v 22 -23 28
v 22 -22 28
v 23 -23 28
v 23 -22 28
v 24 -23 28
v 24 -22 28
v 25 -23 28
v 25 -22 28
v 26 -23 28
v 26 -22 28
v 27 -23 28
v 27 -22 28
v 28 -22 28
v 28 -23 28
vn -1 0 0
vn 1 0 0
vn 0 -1 0
vn 0 1 0
vn 0 0 -1
vn 0 0 1
s off
g glyph_35
f 608//5 596//5 602//5 610//5
f 938//6 939//6 935//6 932//6
f 628//5 604//5 608//5 956//5
f 957//6 958//6 938//6 936//6
f 956//5 608//5 610//5 959//5
f 958//6 960//6 939//6 938//6
f 959//5 610//5 614//5 630//5
f 960//6 961//6 941//6 939//6
f 640//5 616//5 622//5 642//5
f 978//6 979//6 953//6 950//6
f 652//5 624//5 628//5 984//5
f 985//6 986//6 957//6 954//6
f 984//5 628//5 956//5 987//5
f 986//6 988//6 958//6 957//6
f 987//5 956//5 959//5 989//5
f 988//6 990//6 960//6 958//6
f 989//5 959//5 630//5 991//5
f 990//6 992//6 961//6 960//6
f 991//5 630//5 634//5 654//5
f 992//6 993//6 963//6 961//6
f 664//5 636//5 640//5 1010//5
f 1011//6 1012//6 978//6 976//6
f 1010//5 640//5 642//5 1013//5
f 1012//6 1014//6 979//6 978//6
f 1013//5 642//5 646//5 666//5
f 1014//6 1015//6 981//6 979//6
f 676//5 648//5 652//5 1020//5
f 1021//6 1022//6 985//6 982//6
f 1020//5 652//5 984//5 1023//5
f 1022//6 1024//6 986//6 985//6
f 1023//5 984//5 987//5 1025//5
f 1024//6 1026//6 988//6 986//6
f 1025//5 987//5 989//5 1027//5
f 1026//6 1028//6 990//6 988//6
f 1027//5 989//5 991//5 1029//5
f 1028//6 1030//6 992//6 990//6
f 1029//5 991//5 654//5 1031//5
f 1030//6 1032//6 993//6 992//6
f 1031//5 654//5 658//5 678//5
f 1032//6 1033//6 995//6 993//6
f 688//5 660//5 664//5 1050//5
f 1051//6 1052//6 1011//6 1008//6
f 1050//5 664//5 1010//5 1053//5
f 1052//6 1054//6 1012//6 1011//6
f 1053//5 1010//5 1013//5 1055//5
f 1054//6 1056//6 1014//6 1012//6
f 1055//5 1013//5 666//5 1057//5
f 1056//6 1058//6 1015//6 1014//6
f 1057//5 666//5 670//5 690//5
f 1058//6 1059//6 1017//6 1015//6
f 700//5 672//5 676//5 1064//5
f 1065//6 1066//6 1021//6 1018//6
f 1064//5 676//5 1020//5 1067//5
f 1066//6 1068//6 1022//6 1021//6
f 1067//5 1020//5 1023//5 1069//5
f 1068//6 1070//6 1024//6 1022//6
f 1069//5 1023//5 1025//5 1071//5
f 1070//6 1072//6 1026//6 1024//6
f 1071//5 1025//5 1027//5 1073//5
f 1072//6 1074//6 1028//6 1026//6
f 1073//5 1027//5 1029//5 1075//5
f 1074//6 1076//6 1030//6 1028//6
f 1075//5 1029//5 1031//5 1077//5
f 1076//6 1078//6 1032//6 1030//6
f 1077//5 1031//5 678//5 1079//5
f 1078//6 1080//6 1033//6 1032//6
f 1079//5 678//5 682//5 702//5
f 1080//6 1081//6 1035//6 1033//6
f 712//5 684//5 688//5 1098//5
f 1099//6 1100//6 1051//6 1048//6
f 1098//5 688//5 1050//5 1101//5
f 1100//6 1102//6 1052//6 1051//6
f 1101//5 1050//5 1053//5 1103//5
f 1102//6 1104//6 1054//6 1052//6
f 1103//5 1053//5 1055//5 1105//5
f 1104//6 1106//6 1056//6 1054//6
f 1105//5 1055//5 1057//5 1107//5
f 1106//6 1108//6 1058//6 1056//6
f 1107//5 1057//5 690//5 1109//5
f 1108//6 1110//6 1059//6 1058//6
f 1109//5 690//5 694//5 714//5
f 1110//6 1111//6 1061//6 1059//6
f 724//5 696//5 700//5 1117//5
f 1117//5 700//5 1064//5 1118//5
f 1119//6 1120//6 1066//6 1065//6
f 1118//5 1064//5 1067//5 1121//5
f 1120//6 1122//6 1068//6 1066//6
f 1121//5 1067//5 1069//5 1123//5
f 1122//6 1124//6 1070//6 1068//6
f 1123//5 1069//5 1071//5 1125//5
f 1124//6 1126//6 1072//6 1070//6
f 1125//5 1071//5 1073//5 1127//5
f 1126//6 1128//6 1074//6 1072//6
f 1127//5 1073//5 1075//5 1129//5
f 1128//6 1130//6 1076//6 1074//6
f 1129//5 1075//5 1077//5 1131//5
f 1130//6 1132//6 1078//6 1076//6
f 1131//5 1077//5 1079//5 1133//5
f 1132//6 1134//6 1080//6 1078//6
f 1133//5 1079//5 702//5 1135//5
f 1134//6 1136//6 1081//6 1080//6
f 1135//5 702//5 706//5 726//5
f 1136//6 1137//6 1083//6 1081//6
f 743//1 1152//1 1096//1 708//1
f 743//5 708//5 712//5 1153//5
f 1152//6 1154//6 1099//6 1096//6
f 1153//5 712//5 1098//5 1155//5
f 1154//6 1156//6 1100//6 1099//6
f 1155//5 1098//5 1101//5 1157//5
f 1156//6 1158//6 1102//6 1100//6
f 1157//5 1101//5 1103//5 1159//5
f 1158//6 1160//6 1104//6 1102//6
f 1159//5 1103//5 1105//5 1161//5
f 1160//6 1162//6 1106//6 1104//6
f 1161//5 1105//5 1107//5 1163//5
f 1162//6 1164//6 1108//6 1106//6
f 1163//5 1107//5 1109//5 1165//5
f 1164//6 1166//6 1110//6 1108//6
f 1165//5 1109//5 714//5 1167//5
f 1166//6 1168//6 1111//6 1110//6
f 747//2 718//2 1113//2 1169//2
f 1167//5 714//5 718//5 747//5
f 1168//6 1169//6 1113//6 1111//6
f 1170//1 1171//1 1116//1 724//1
f 1170//5 724//5 1117//5 1172//5
f 1172//5 1117//5 1118//5 1173//5
f 1174//6 1175//6 1120//6 1119//6
f 1173//5 1118//5 1121//5 1176//5
f 1175//6 1177//6 1122//6 1120//6
f 1176//5 1121//5 1123//5 1178//5
f 1177//6 1179//6 1124//6 1122//6
f 1178//5 1123//5 1125//5 1180//5
f 1179//6 1181//6 1126//6 1124//6
f 1180//5 1125//5 1127//5 1182//5
f 1181//6 1183//6 1128//6 1126//6
f 1182//5 1127//5 1129//5 1184//5
f 1183//6 1185//6 1130//6 1128//6
f 1184//5 1129//5 1131//5 1186//5
f 1185//6 1187//6 1132//6 1130//6
f 1186//5 1131//5 1133//5 1188//5
f 1187//6 1189//6 1134//6 1132//6
f 1188//5 1133//5 1135//5 1190//5
f 1189//6 1191//6 1136//6 1134//6
f 1190//5 1135//5 726//5 1192//5
f 1191//6 1193//6 1137//6 1136//6
f 1192//5 726//5 730//5 732//5
f 744//5 743//5 1153//5 1199//5
f 1200//6 1201//6 1154//6 1152//6
f 1199//5 1153//5 1155//5 1202//5
f 1201//6 1203//6 1156//6 1154//6
f 1202//5 1155//5 1157//5 1204//5
f 1203//6 1205//6 1158//6 1156//6
f 1204//5 1157//5 1159//5 1206//5
f 1205//6 1207//6 1160//6 1158//6
f 1206//5 1159//5 1161//5 1208//5
f 1207//6 1209//6 1162//6 1160//6
f 1208//5 1161//5 1163//5 1210//5
f 1209//6 1211//6 1164//6 1162//6
f 1210//5 1163//5 1165//5 1212//5
f 1211//6 1213//6 1166//6 1164//6
f 1212//5 1165//5 1167//5 1214//5
f 1213//6 1215//6 1168//6 1166//6
f 1214//5 1167//5 747//5 746//5
f 1215//6 1216//6 1169//6 1168//6
f 1219//1 1220//1 1171//1 1170//1
f 1219//5 1170//5 1172//5 1221//5
f 1221//5 1172//5 1173//5 1222//5
f 1223//6 1224//6 1175//6 1174//6
f 1222//5 1173//5 1176//5 1225//5
f 1224//6 1226//6 1177//6 1175//6
f 1225//5 1176//5 1178//5 1227//5
f 1226//6 1228//6 1179//6 1177//6
f 1227//5 1178//5 1180//5 1229//5
f 1228//6 1230//6 1181//6 1179//6
f 1229//5 1180//5 1182//5 1231//5
f 1230//6 1232//6 1183//6 1181//6
f 1231//5 1182//5 1184//5 1233//5
f 1232//6 1234//6 1185//6 1183//6
f 1233//5 1184//5 1186//5 1235//5
f 1234//6 1236//6 1187//6 1185//6
f 1235//5 1186//5 1188//5 1237//5
f 1236//6 1238//6 1189//6 1187//6
f 1237//5 1188//5 1190//5 1239//5
f 1238//6 1240//6 1191//6 1189//6
f 1239//5 1190//5 1192//5 1241//5
f 1240//6 1242//6 1193//6 1191//6
f 1243//2 732//2 1196//2 1244//2
f 1241//5 1192//5 732//5 1243//5
f 758//5 738//5 744//5 1264//5
f 1264//5 744//5 1199//5 1265//5
f 1266//6 1267//6 1201//6 1200//6
f 1265//5 1199//5 1202//5 1268//5
f 1267//6 1269//6 1203//6 1201//6
f 1268//5 1202//5 1204//5 1270//5
f 1269//6 1271//6 1205//6 1203//6
f 1270//5 1204//5 1206//5 1272//5
f 1271//6 1273//6 1207//6 1205//6
f 1272//5 1206//5 1208//5 1274//5
f 1273//6 1275//6 1209//6 1207//6
f 1274//5 1208//5 1210//5 1276//5
f 1275//6 1277//6 1211//6 1209//6
f 1276//5 1210//5 1212//5 1278//5
f 1277//6 1279//6 1213//6 1211//6
f 1278//5 1212//5 1214//5 1280//5
f 1279//6 1281//6 1215//6 1213//6
f 1280//5 1214//5 746//5 1282//5
f 1281//6 1283//6 1216//6 1215//6
f 1282//5 746//5 752//5 760//5
f 1287//1 1288//1 1220//1 1219//1
f 1287//5 1219//5 1221//5 1289//5
f 1289//5 1221//5 1222//5 1290//5
f 1291//6 1292//6 1224//6 1223//6
f 1290//5 1222//5 1225//5 1293//5
f 1292//6 1294//6 1226//6 1224//6
f 1293//5 1225//5 1227//5 1295//5
f 1294//6 1296//6 1228//6 1226//6
f 1295//5 1227//5 1229//5 1297//5
f 1296//6 1298//6 1230//6 1228//6
f 1297//5 1229//5 1231//5 1299//5
f 1298//6 1300//6 1232//6 1230//6
f 1299//5 1231//5 1233//5 1301//5
f 1300//6 1302//6 1234//6 1232//6
f 1301//5 1233//5 1235//5 1303//5
f 1302//6 1304//6 1236//6 1234//6
f 1303//5 1235//5 1237//5 1305//5
f 1304//6 1306//6 1238//6 1236//6
f 1305//5 1237//5 1239//5 1307//5
f 1306//6 1308//6 1240//6 1238//6
f 1307//5 1239//5 1241//5 1309//5
f 1308//6 1310//6 1242//6 1240//6
f 1311//2 1243//2 1244//2 1312//2
f 1309//5 1241//5 1243//5 1311//5
f 1325//1 1326//1 1263//1 758//1
f 1325//5 758//5 1264//5 1327//5
f 1327//5 1264//5 1265//5 1328//5
f 1329//6 1330//6 1267//6 1266//6
f 1328//5 1265//5 1268//5 1331//5
f 1330//6 1332//6 1269//6 1267//6
f 1331//5 1268//5 1270//5 1333//5
f 1332//6 1334//6 1271//6 1269//6
f 1333//5 1270//5 1272//5 1335//5
f 1334//6 1336//6 1273//6 1271//6
f 1335//5 1272//5 1274//5 1337//5
f 1336//6 1338//6 1275//6 1273//6
f 1337//5 1274//5 1276//5 1339//5
f 1338//6 1340//6 1277//6 1275//6
f 1339//5 1276//5 1278//5 1341//5
f 1340//6 1342//6 1279//6 1277//6
f 1341//5 1278//5 1280//5 1343//5
f 1342//6 1344//6 1281//6 1279//6
f 1343//5 1280//5 1282//5 1345//5
f 1344//6 1346//6 1283//6 1281//6
f 1347//2 760//2 1286//2 1348//2
f 1345//5 1282//5 760//5 1347//5
f 1349//1 1350//1 1288//1 1287//1
f 1349//5 1287//5 1289//5 1351//5
f 1351//5 1289//5 1290//5 1352//5
f 1353//6 1354//6 1292//6 1291//6
f 1352//5 1290//5 1293//5 1355//5
f 1354//6 1356//6 1294//6 1292//6
f 1355//5 1293//5 1295//5 1357//5
f 1356//6 1358//6 1296//6 1294//6
f 1357//5 1295//5 1297//5 1359//5
f 1358//6 1360//6 1298//6 1296//6
f 1359//5 1297//5 1299//5 1361//5
f 1360//6 1362//6 1300//6 1298//6
f 1361//5 1299//5 1301//5 1363//5
f 1362//6 1364//6 1302//6 1300//6
f 1363//5 1301//5 1303//5 1365//5
f 1364//6 1366//6 1304//6 1302//6
f 1365//5 1303//5 1305//5 1367//5
f 1366//6 1368//6 1306//6 1304//6
f 1367//5 1305//5 1307//5 1369//5
f 1368//6 1370//6 1308//6 1306//6
f 1369//5 1307//5 1309//5 1371//5
f 1370//6 1372//6 1310//6 1308//6
f 1373//2 1311//2 1312//2 1374//2
f 1371//5 1309//5 1311//5 1373//5
f 1375//1 1376//1 1326//1 1325//1
f 1375//5 1325//5 1327//5 1377//5
f 1377//5 1327//5 1328//5 1378//5
f 1379//6 1380//6 1330//6 1329//6
f 1378//5 1328//5 1331//5 1381//5
f 1380//6 1382//6 1332//6 1330//6
f 1381//5 1331//5 1333//5 1383//5
f 1382//6 1384//6 1334//6 1332//6
f 1383//5 1333//5 1335//5 1385//5
f 1384//6 1386//6 1336//6 1334//6
f 1385//5 1335//5 1337//5 1387//5
f 1386//6 1388//6 1338//6 1336//6
f 1387//5 1337//5 1339//5 1389//5
f 1388//6 1390//6 1340//6 1338//6
f 1389//5 1339//5 1341//5 1391//5
f 1390//6 1392//6 1342//6 1340//6
f 1391//5 1341//5 1343//5 1393//5
f 1392//6 1394//6 1344//6 1342//6
f 1393//5 1343//5 1345//5 1395//5
f 1394//6 1396//6 1346//6 1344//6
f 1397//2 1347//2 1348//2 1398//2
f 1395//5 1345//5 1347//5 1397//5
f 1399//1 1400//1 1350//1 1349//1
f 1399//5 1349//5 1351//5 1401//5
f 1401//5 1351//5 1352//5 1402//5
f 1403//6 1404//6 1354//6 1353//6
f 1402//5 1352//5 1355//5 1405//5
f 1404//6 1406//6 1356//6 1354//6
f 1405//5 1355//5 1357//5 1407//5
f 1406//6 1408//6 1358//6 1356//6
f 1407//5 1357//5 1359//5 1409//5
f 1408//6 1410//6 1360//6 1358//6
f 1409//5 1359//5 1361//5 1411//5
f 1410//6 1412//6 1362//6 1360//6
f 1411//5 1361//5 1363//5 1413//5
f 1412//6 1414//6 1364//6 1362//6
f 1413//5 1363//5 1365//5 1415//5
f 1414//6 1416//6 1366//6 1364//6
f 1415//5 1365//5 1367//5 1417//5
f 1416//6 1418//6 1368//6 1366//6
f 1417//5 1367//5 1369//5 1419//5
f 1418//6 1420//6 1370//6 1368//6
f 1419//5 1369//5 1371//5 1421//5
f 1420//6 1422//6 1372//6 1370//6
f 1423//2 1373//2 1374//2 1424//2
f 1421//5 1371//5 1373//5 1423//5
f 1425//1 1426//1 1376//1 1375//1
f 1425//5 1375//5 1377//5 1427//5
f 1427//5 1377//5 1378//5 1428//5
f 1429//6 1430//6 1380//6 1379//6
f 1428//5 1378//5 1381//5 1431//5
f 1430//6 1432//6 1382//6 1380//6
f 1431//5 1381//5 1383//5 1433//5
f 1432//6 1434//6 1384//6 1382//6
f 1433//5 1383//5 1385//5 1435//5
f 1434//6 1436//6 1386//6 1384//6
f 1435//5 1385//5 1387//5 1437//5
f 1436//6 1438//6 1388//6 1386//6
f 1437//5 1387//5 1389//5 1439//5
f 1438//6 1440//6 1390//6 1388//6
f 1439//5 1389//5 1391//5 1441//5
f 1440//6 1442//6 1392//6 1390//6
f 1441//5 1391//5 1393//5 1443//5
f 1442//6 1444//6 1394//6 1392//6
f 1443//5 1393//5 1395//5 1445//5
f 1444//6 1446//6 1396//6 1394//6
f 1447//2 1397//2 1398//2 1448//2
f 1445//5 1395//5 1397//5 1447//5
f 1449//1 1450//1 1400//1 1399//1
f 1449//5 1399//5 1401//5 1451//5
f 1451//5 1401//5 1402//5 1452//5
f 1453//6 1454//6 1404//6 1403//6
f 1452//5 1402//5 1405//5 1455//5
f 1454//6 1456//6 1406//6 1404//6
f 1455//5 1405//5 1407//5 1457//5
f 1456//6 1458//6 1408//6 1406//6
f 1457//5 1407//5 1409//5 1459//5
f 1458//6 1460//6 1410//6 1408//6
f 1459//5 1409//5 1411//5 1461//5
f 1460//6 1462//6 1412//6 1410//6
f 1461//5 1411//5 1413//5 1463//5
f 1462//6 1464//6 1414//6 1412//6
f 1463//5 1413//5 1415//5 1465//5
f 1464//6 1466//6 1416//6 1414//6
f 1465//5 1415//5 1417//5 1467//5
f 1466//6 1468//6 1418//6 1416//6
f 1467//5 1417//5 1419//5 1469//5
f 1468//6 1470//6 1420//6 1418//6
f 1469//5 1419//5 1421//5 1471//5
f 1470//6 1472//6 1422//6 1420//6
f 1473//2 1423//2 1424//2 1474//2
f 1471//5 1421//5 1423//5 1473//5
f 1475//1 1476//1 1426//1 1425//1
f 1475//5 1425//5 1427//5 1477//5
f 1477//5 1427//5 1428//5 1478//5
f 1479//6 1480//6 1430//6 1429//6
f 1478//5 1428//5 1431//5 1481//5
f 1480//6 1482//6 1432//6 1430//6
f 1481//5 1431//5 1433//5 1483//5
f 1482//6 1484//6 1434//6 1432//6
f 1483//5 1433//5 1435//5 1485//5
f 1484//6 1486//6 1436//6 1434//6
f 1485//5 1435//5 1437//5 1487//5
f 1486//6 1488//6 1438//6 1436//6
f 1487//5 1437//5 1439//5 1489//5
f 1488//6 1490//6 1440//6 1438//6
f 1489//5 1439//5 1441//5 1491//5
f 1490//6 1492//6 1442//6 1440//6
f 1491//5 1441//5 1443//5 1493//5
f 1492//6 1494//6 1444//6 1442//6
f 1493//5 1443//5 1445//5 1495//5
f 1494//6 1496//6 1446//6 1444//6
f 1497//2 1447//2 1448//2 1498//2
f 1495//5 1445//5 1447//5 1497//5
f 1499//1 1500//1 1450//1 1449//1
f 1499//5 1449//5 1451//5 1501//5
f 1501//5 1451//5 1452//5 1502//5
f 1503//6 1504//6 1454//6 1453//6
f 1502//5 1452//5 1455//5 1505//5
f 1504//6 1506//6 1456//6 1454//6
f 1505//5 1455//5 1457//5 1507//5
f 1506//6 1508//6 1458//6 1456//6
f 1507//5 1457//5 1459//5 1509//5
f 1508//6 1510//6 1460//6 1458//6
f 1509//5 1459//5 1461//5 1511//5
f 1510//6 1512//6 1462//6 1460//6
f 1511//5 1461//5 1463//5 1513//5
f 1512//6 1514//6 1464//6 1462//6
f 1513//5 1463//5 1465//5 1515//5
f 1514//6 1516//6 1466//6 1464//6
f 1515//5 1465//5 1467//5 1517//5
f 1516//6 1518//6 1468//6 1466//6
f 1517//5 1467//5 1469//5 1519//5
f 1518//6 1520//6 1470//6 1468//6
f 1519//5 1469//5 1471//5 1521//5
f 1520//6 1522//6 1472//6 1470//6
f 1523//2 1473//2 1474//2 1524//2
f 1521//5 1471//5 1473//5 1523//5
f 1525//1 1526//1 1476//1 1475//1
f 1525//5 1475//5 1477//5 1527//5
f 1527//5 1477//5 1478//5 1528//5
f 1529//6 1530//6 1480//6 1479//6
f 1528//5 1478//5 1481//5 1531//5
f 1530//6 1532//6 1482//6 1480//6
f 1531//5 1481//5 1483//5 1533//5
f 1532//6 1534//6 1484//6 1482//6
f 1533//5 1483//5 1485//5 1535//5
f 1534//6 1536//6 1486//6 1484//6
f 1535//5 1485//5 1487//5 1537//5
f 1536//6 1538//6 1488//6 1486//6
f 1537//5 1487//5 1489//5 1539//5
f 1538//6 1540//6 1490//6 1488//6
f 1539//5 1489//5 1491//5 1541//5
f 1540//6 1542//6 1492//6 1490//6
f 1541//5 1491//5 1493//5 1543//5
f 1542//6 1544//6 1494//6 1492//6
f 1543//5 1493//5 1495//5 1545//5
f 1544//6 1546//6 1496//6 1494//6
f 1547//2 1497//2 1498//2 1548//2
f 1545//5 1495//5 1497//5 1547//5
f 1549//1 1550//1 1500//1 1499//1
f 1549//5 1499//5 1501//5 1551//5
f 1551//5 1501//5 1502//5 1552//5
f 1553//6 1554//6 1504//6 1503//6
f 1552//5 1502//5 1505//5 1555//5
f 1554//6 1556//6 1506//6 1504//6
f 1555//5 1505//5 1507//5 1557//5
f 1556//6 1558//6 1508//6 1506//6
f 1557//5 1507//5 1509//5 1559//5
f 1558//6 1560//6 1510//6 1508//6
f 1559//5 1509//5 1511//5 1561//5
f 1560//6 1562//6 1512//6 1510//6
f 1561//5 1511//5 1513//5 1563//5
f 1562//6 1564//6 1514//6 1512//6
f 1563//5 1513//5 1515//5 1565//5
f 1564//6 1566//6 1516//6 1514//6
f 1565//5 1515//5 1517//5 1567//5
f 1566//6 1568//6 1518//6 1516//6
f 1567//5 1517//5 1519//5 1569//5
f 1568//6 1570//6 1520//6 1518//6
f 1569//5 1519//5 1521//5 1571//5
f 1570//6 1572//6 1522//6 1520//6
f 1573//2 1523//2 1524//2 1574//2
f 1571//5 1521//5 1523//5 1573//5
f 1575//1 1576//1 1526//1 1525//1
f 1575//5 1525//5 1527//5 1577//5
f 1577//5 1527//5 1528//5 1578//5
f 1579//6 1580//6 1530//6 1529//6
f 1578//5 1528//5 1531//5 1581//5
f 1580//6 1582//6 1532//6 1530//6
f 1581//5 1531//5 1533//5 1583//5
f 1582//6 1584//6 1534//6 1532//6
f 1583//5 1533//5 1535//5 1585//5
f 1584//6 1586//6 1536//6 1534//6
f 1585//5 1535//5 1537//5 1587//5
f 1586//6 1588//6 1538//6 1536//6
f 1587//5 1537//5 1539//5 1589//5
f 1588//6 1590//6 1540//6 1538//6
f 1589//5 1539//5 1541//5 1591//5
f 1590//6 1592//6 1542//6 1540//6
f 1591//5 1541//5 1543//5 1593//5
f 1592//6 1594//6 1544//6 1542//6
f 1593//5 1543//5 1545//5 1595//5
f 1594//6 1596//6 1546//6 1544//6
f 1597//2 1547//2 1548//2 1598//2
f 1595//5 1545//5 1547//5 1597//5
f 1599//1 1600//1 1550//1 1549//1
f 1599//5 1549//5 1551//5 1601//5
f 1601//5 1551//5 1552//5 1602//5
f 1603//6 1604//6 1554//6 1553//6
f 1602//5 1552//5 1555//5 1605//5
f 1604//6 1606//6 1556//6 1554//6
f 1605//5 1555//5 1557//5 1607//5
f 1606//6 1608//6 1558//6 1556//6
f 1607//5 1557//5 1559//5 1609//5
f 1608//6 1610//6 1560//6 1558//6
f 1609//5 1559//5 1561//5 1611//5
f 1610//6 1612//6 1562//6 1560//6
f 1611//5 1561//5 1563//5 1613//5
f 1612//6 1614//6 1564//6 1562//6
f 1613//5 1563//5 1565//5 1615//5
f 1614//6 1616//6 1566//6 1564//6
f 1615//5 1565//5 1567//5 1617//5
f 1616//6 1618//6 1568//6 1566//6
f 1617//5 1567//5 1569//5 1619//5
f 1618//6 1620//6 1570//6 1568//6
f 1619//5 1569//5 1571//5 1621//5
f 1620//6 1622//6 1572//6 1570//6
f 1623//2 1573//2 1574//2 1624//2
f 1621//5 1571//5 1573//5 1623//5
f 1625//1 1626//1 1576//1 1575//1
f 1625//5 1575//5 1577//5 1627//5
f 1627//5 1577//5 1578//5 1628//5
f 1629//6 1630//6 1580//6 1579//6
f 1628//5 1578//5 1581//5 1631//5
f 1630//6 1632//6 1582//6 1580//6
f 1631//5 1581//5 1583//5 1633//5
f 1632//6 1634//6 1584//6 1582//6
f 1633//5 1583//5 1585//5 1635//5
f 1634//6 1636//6 1586//6 1584//6
f 1635//5 1585//5 1587//5 1637//5
f 1636//6 1638//6 1588//6 1586//6
f 1637//5 1587//5 1589//5 1639//5
f 1638//6 1640//6 1590//6 1588//6
f 1639//5 1589//5 1591//5 1641//5
f 1640//6 1642//6 1592//6 1590//6
f 1641//5 1591//5 1593//5 1643//5
f 1642//6 1644//6 1594//6 1592//6
f 1643//5 1593//5 1595//5 1645//5
f 1644//6 1646//6 1596//6 1594//6
f 1647//2 1597//2 1598//2 1648//2
f 1645//5 1595//5 1597//5 1647//5
f 1649//1 1650//1 1600//1 1599//1
f 1649//5 1599//5 1601//5 1651//5
f 1651//5 1601//5 1602//5 1652//5
f 1653//6 1654//6 1604//6 1603//6
f 1652//5 1602//5 1605//5 1655//5
f 1654//6 1656//6 1606//6 1604//6
f 1655//5 1605//5 1607//5 1657//5
f 1656//6 1658//6 1608//6 1606//6
f 1657//5 1607//5 1609//5 1659//5
f 1658//6 1660//6 1610//6 1608//6
f 1659//5 1609//5 1611//5 1661//5
f 1660//6 1662//6 1612//6 1610//6
f 1661//5 1611//5 1613//5 1663//5
f 1662//6 1664//6 1614//6 1612//6
f 1663//5 1613//5 1615//5 1665//5
f 1664//6 1666//6 1616//6 1614//6
f 1665//5 1615//5 1617//5 1667//5
f 1666//6 1668//6 1618//6 1616//6
f 1667//5 1617//5 1619//5 1669//5
f 1668//6 1670//6 1620//6 1618//6
f 1669//5 1619//5 1621//5 1671//5
f 1670//6 1672//6 1622//6 1620//6
f 1673//2 1623//2 1624//2 1674//2
f 1671//5 1621//5 1623//5 1673//5
f 969//5 943//5 949//5 971//5
f 1864//6 1865//6 1851//6 1848//6
f 1001//5 965//5 969//5 1882//5
f 1883//6 1884//6 1864//6 1862//6
f 1882//5 969//5 971//5 1885//5
f 1884//6 1886//6 1865//6 1864//6
f 1885//5 971//5 975//5 1003//5
f 1886//6 1887//6 1867//6 1865//6
f 1041//5 997//5 1001//5 1904//5
f 1905//6 1906//6 1883//6 1880//6
f 1904//5 1001//5 1882//5 1907//5
f 1906//6 1908//6 1884//6 1883//6
f 1907//5 1882//5 1885//5 1909//5
f 1908//6 1910//6 1886//6 1884//6
f 1909//5 1885//5 1003//5 1911//5
f 1910//6 1912//6 1887//6 1886//6
f 1911//5 1003//5 1007//5 1043//5
f 1912//6 1913//6 1889//6 1887//6
f 1089//5 1037//5 1041//5 1930//5
f 1931//6 1932//6 1905//6 1902//6
f 1930//5 1041//5 1904//5 1933//5
f 1932//6 1934//6 1906//6 1905//6
f 1933//5 1904//5 1907//5 1935//5
f 1934//6 1936//6 1908//6 1906//6
f 1935//5 1907//5 1909//5 1937//5
f 1936//6 1938//6 1910//6 1908//6
f 1937//5 1909//5 1911//5 1939//5
f 1938//6 1940//6 1912//6 1910//6
f 1939//5 1911//5 1043//5 1941//5
f 1940//6 1942//6 1913//6 1912//6
f 1941//5 1043//5 1047//5 1091//5
f 1942//6 1943//6 1915//6 1913//6
f 1119//2 1065//2 1924//2 1955//2
f 1145//5 1085//5 1089//5 1961//5
f 1962//6 1963//6 1931//6 1928//6
f 1961//5 1089//5 1930//5 1964//5
f 1963//6 1965//6 1932//6 1931//6
f 1964//5 1930//5 1933//5 1966//5
f 1965//6 1967//6 1934//6 1932//6
f 1966//5 1933//5 1935//5 1968//5
f 1967//6 1969//6 1936//6 1934//6
f 1968//5 1935//5 1937//5 1970//5
f 1969//6 1971//6 1938//6 1936//6
f 1970//5 1937//5 1939//5 1972//5
f 1971//6 1973//6 1940//6 1938//6
f 1972//5 1939//5 1941//5 1974//5
f 1973//6 1975//6 1942//6 1940//6
f 1974//5 1941//5 1091//5 1976//5
f 1975//6 1977//6 1943//6 1942//6
f 1976//5 1091//5 1095//5 1147//5
f 1977//6 1978//6 1945//6 1943//6
f 1171//1 1981//1 1954//1 1116//1
f 1174//2 1119//2 1955//2 1982//2
f 1193//1 1983//1 1956//1 1137//1
f 1251//1 1987//1 1959//1 1141//1
f 1251//5 1141//5 1145//5 1988//5
f 1987//6 1989//6 1962//6 1959//6
f 1988//5 1145//5 1961//5 1990//5
f 1989//6 1991//6 1963//6 1962//6
f 1990//5 1961//5 1964//5 1992//5
f 1991//6 1993//6 1965//6 1963//6
f 1992//5 1964//5 1966//5 1994//5
f 1993//6 1995//6 1967//6 1965//6
f 1994//5 1966//5 1968//5 1996//5
f 1995//6 1997//6 1969//6 1967//6
f 1996//5 1968//5 1970//5 1998//5
f 1997//6 1999//6 1971//6 1969//6
f 1998//5 1970//5 1972//5 2000//5
f 1999//6 2001//6 1973//6 1971//6
f 2000//5 1972//5 1974//5 2002//5
f 2001//6 2003//6 1975//6 1973//6
f 2002//5 1974//5 1976//5 2004//5
f 2003//6 2005//6 1977//6 1975//6
f 2004//5 1976//5 1147//5 2006//5
f 2005//6 2007//6 1978//6 1977//6
f 1255//2 1151//2 1980//2 2008//2
f 2006//5 1147//5 1151//5 1255//5
f 2007//6 2008//6 1980//6 1978//6
f 1220//1 2017//1 1981//1 1171//1
f 1223//2 1174//2 1982//2 2018//2
f 1242//1 2019//1 1983//1 1193//1
f 1244//2 1196//2 1986//2 2020//2
f 1252//5 1251//5 1988//5 2023//5
f 2024//6 2025//6 1989//6 1987//6
f 2023//5 1988//5 1990//5 2026//5
f 2025//6 2027//6 1991//6 1989//6
f 2026//5 1990//5 1992//5 2028//5
f 2027//6 2029//6 1993//6 1991//6
f 2028//5 1992//5 1994//5 2030//5
f 2029//6 2031//6 1995//6 1993//6
f 2030//5 1994//5 1996//5 2032//5
f 2031//6 2033//6 1997//6 1995//6
f 2032//5 1996//5 1998//5 2034//5
f 2033//6 2035//6 1999//6 1997//6
f 2034//5 1998//5 2000//5 2036//5
f 2035//6 2037//6 2001//6 1999//6
f 2036//5 2000//5 2002//5 2038//5
f 2037//6 2039//6 2003//6 2001//6
f 2038//5 2002//5 2004//5 2040//5
f 2039//6 2041//6 2005//6 2003//6
f 2040//5 2004//5 2006//5 2042//5
f 2041//6 2043//6 2007//6 2005//6
f 2042//5 2006//5 1255//5 1254//5
f 2043//6 2044//6 2008//6 2007//6
f 1266//2 1200//2 2012//2 2050//2
f 1283//1 2051//1 2013//1 1216//1
f 1288//1 2055//1 2017//1 1220//1
f 1291//2 1223//2 2018//2 2056//2
f 1310//1 2057//1 2019//1 1242//1
f 1312//2 1244//2 2020//2 2058//2
f 1318//5 1246//5 1252//5 2062//5
f 2062//5 1252//5 2023//5 2063//5
f 2064//6 2065//6 2025//6 2024//6
f 2063//5 2023//5 2026//5 2066//5
f 2065//6 2067//6 2027//6 2025//6
f 2066//5 2026//5 2028//5 2068//5
f 2067//6 2069//6 2029//6 2027//6
f 2068//5 2028//5 2030//5 2070//5
f 2069//6 2071//6 2031//6 2029//6
f 2070//5 2030//5 2032//5 2072//5
f 2071//6 2073//6 2033//6 2031//6
f 2072//5 2032//5 2034//5 2074//5
f 2073//6 2075//6 2035//6 2033//6
f 2074//5 2034//5 2036//5 2076//5
f 2075//6 2077//6 2037//6 2035//6
f 2076//5 2036//5 2038//5 2078//5
f 2077//6 2079//6 2039//6 2037//6
f 2078//5 2038//5 2040//5 2080//5
f 2079//6 2081//6 2041//6 2039//6
f 2080//5 2040//5 2042//5 2082//5
f 2081//6 2083//6 2043//6 2041//6
f 2082//5 2042//5 1254//5 2084//5
f 2083//6 2085//6 2044//6 2043//6
f 2084//5 1254//5 1260//5 1320//5
f 1326//1 2089//1 2049//1 1263//1
f 1329//2 1266//2 2050//2 2090//2
f 1346//1 2091//1 2051//1 1283//1
f 1348//2 1286//2 2054//2 2092//2
f 1350//1 2093//1 2055//1 1288//1
f 1353//2 1291//2 2056//2 2094//2
f 1372//1 2095//1 2057//1 1310//1
f 1374//2 1312//2 2058//2 2096//2
f 2097//1 2098//1 2061//1 1318//1
f 2097//5 1318//5 2062//5 2099//5
f 2099//5 2062//5 2063//5 2100//5
f 2101//6 2102//6 2065//6 2064//6
f 2100//5 2063//5 2066//5 2103//5
f 2102//6 2104//6 2067//6 2065//6
f 2103//5 2066//5 2068//5 2105//5
f 2104//6 2106//6 2069//6 2067//6
f 2105//5 2068//5 2070//5 2107//5
f 2106//6 2108//6 2071//6 2069//6
f 2107//5 2070//5 2072//5 2109//5
f 2108//6 2110//6 2073//6 2071//6
f 2109//5 2072//5 2074//5 2111//5
f 2110//6 2112//6 2075//6 2073//6
f 2111//5 2074//5 2076//5 2113//5
f 2112//6 2114//6 2077//6 2075//6
f 2113//5 2076//5 2078//5 2115//5
f 2114//6 2116//6 2079//6 2077//6
f 2115//5 2078//5 2080//5 2117//5
f 2116//6 2118//6 2081//6 2079//6
f 2117//5 2080//5 2082//5 2119//5
f 2118//6 2120//6 2083//6 2081//6
f 2119//5 2082//5 2084//5 2121//5
f 2120//6 2122//6 2085//6 2083//6
f 2123//2 1320//2 2088//2 2124//2
f 2121//5 2084//5 1320//5 2123//5
f 1376//1 2125//1 2089//1 1326//1
f 1379//2 1329//2 2090//2 2126//2
f 1396//1 2127//1 2091//1 1346//1
f 1398//2 1348//2 2092//2 2128//2
f 1400//1 2129//1 2093//1 1350//1
f 1403//2 1353//2 2094//2 2130//2
f 1422//1 2131//1 2095//1 1372//1
f 1424//2 1374//2 2096//2 2132//2
f 2133//1 2134//1 2098//1 2097//1
f 2133//5 2097//5 2099//5 2135//5
f 2135//5 2099//5 2100//5 2136//5
f 2137//6 2138//6 2102//6 2101//6
f 2136//5 2100//5 2103//5 2139//5
f 2138//6 2140//6 2104//6 2102//6
f 2139//5 2103//5 2105//5 2141//5
f 2140//6 2142//6 2106//6 2104//6
f 2141//5 2105//5 2107//5 2143//5
f 2142//6 2144//6 2108//6 2106//6
f 2143//5 2107//5 2109//5 2145//5
f 2144//6 2146//6 2110//6 2108//6
f 2145//5 2109//5 2111//5 2147//5
f 2146//6 2148//6 2112//6 2110//6
f 2147//5 2111//5 2113//5 2149//5
f 2148//6 2150//6 2114//6 2112//6
f 2149//5 2113//5 2115//5 2151//5
f 2150//6 2152//6 2116//6 2114//6
f 2151//5 2115//5 2117//5 2153//5
f 2152//6 2154//6 2118//6 2116//6
f 2153//5 2117//5 2119//5 2155//5
f 2154//6 2156//6 2120//6 2118//6
f 2155//5 2119//5 2121//5 2157//5
f 2156//6 2158//6 2122//6 2120//6
f 2159//2 2123//2 2124//2 2160//2
f 2157//5 2121//5 2123//5 2159//5
f 1426//1 2161//1 2125//1 1376//1
f 1429//2 1379//2 2126//2 2162//2
f 1446//1 2163//1 2127//1 1396//1
f 1448//2 1398//2 2128//2 2164//2
f 1450//1 2165//1 2129//1 1400//1
f 1453//2 1403//2 2130//2 2166//2
f 1472//1 2167//1 2131//1 1422//1
f 1474//2 1424//2 2132//2 2168//2
f 2169//1 2170//1 2134//1 2133//1
f 2169//5 2133//5 2135//5 2171//5
f 2171//5 2135//5 2136//5 2172//5
f 2173//6 2174//6 2138//6 2137//6
f 2172//5 2136//5 2139//5 2175//5
f 2174//6 2176//6 2140//6 2138//6
f 2175//5 2139//5 2141//5 2177//5
f 2176//6 2178//6 2142//6 2140//6
f 2177//5 2141//5 2143//5 2179//5
f 2178//6 2180//6 2144//6 2142//6
f 2179//5 2143//5 2145//5 2181//5
f 2180//6 2182//6 2146//6 2144//6
f 2181//5 2145//5 2147//5 2183//5
f 2182//6 2184//6 2148//6 2146//6
f 2183//5 2147//5 2149//5 2185//5
f 2184//6 2186//6 2150//6 2148//6
f 2185//5 2149//5 2151//5 2187//5
f 2186//6 2188//6 2152//6 2150//6
f 2187//5 2151//5 2153//5 2189//5
f 2188//6 2190//6 2154//6 2152//6
f 2189//5 2153//5 2155//5 2191//5
f 2190//6 2192//6 2156//6 2154//6
f 2191//5 2155//5 2157//5 2193//5
f 2192//6 2194//6 2158//6 2156//6
f 2195//2 2159//2 2160//2 2196//2
f 2193//5 2157//5 2159//5 2195//5
f 1476//1 2197//1 2161//1 1426//1
f 1479//2 1429//2 2162//2 2198//2
f 1496//1 2199//1 2163//1 1446//1
f 1498//2 1448//2 2164//2 2200//2
f 1500//1 2201//1 2165//1 1450//1
f 1503//2 1453//2 2166//2 2202//2
f 1522//1 2203//1 2167//1 1472//1
f 1524//2 1474//2 2168//2 2204//2
f 2205//1 2206//1 2170//1 2169//1
f 2205//5 2169//5 2171//5 2207//5
f 2207//5 2171//5 2172//5 2208//5
f 2209//6 2210//6 2174//6 2173//6
f 2208//5 2172//5 2175//5 2211//5
f 2210//6 2212//6 2176//6 2174//6
f 2211//5 2175//5 2177//5 2213//5
f 2212//6 2214//6 2178//6 2176//6
f 2213//5 2177//5 2179//5 2215//5
f 2214//6 2216//6 2180//6 2178//6
f 2215//5 2179//5 2181//5 2217//5
f 2216//6 2218//6 2182//6 2180//6
f 2217//5 2181//5 2183//5 2219//5
f 2218//6 2220//6 2184//6 2182//6
f 2219//5 2183//5 2185//5 2221//5
f 2220//6 2222//6 2186//6 2184//6
f 2221//5 2185//5 2187//5 2223//5
f 2222//6 2224//6 2188//6 2186//6
f 2223//5 2187//5 2189//5 2225//5
f 2224//6 2226//6 2190//6 2188//6
f 2225//5 2189//5 2191//5 2227//5
f 2226//6 2228//6 2192//6 2190//6
f 2227//5 2191//5 2193//5 2229//5
f 2228//6 2230//6 2194//6 2192//6
f 2231//2 2195//2 2196//2 2232//2
f 2229//5 2193//5 2195//5 2231//5
f 1526//1 2233//1 2197//1 1476//1
f 1529//2 1479//2 2198//2 2234//2
f 1546//1 2235//1 2199//1 1496//1
f 1548//2 1498//2 2200//2 2236//2
f 1550//1 2237//1 2201//1 1500//1
f 1553//2 1503//2 2202//2 2238//2
f 1572//1 2239//1 2203//1 1522//1
f 1574//2 1524//2 2204//2 2240//2
f 2241//1 2242//1 2206//1 2205//1
f 2241//5 2205//5 2207//5 2243//5
f 2243//5 2207//5 2208//5 2244//5
f 2245//6 2246//6 2210//6 2209//6
f 2244//5 2208//5 2211//5 2247//5
f 2246//6 2248//6 2212//6 2210//6
f 2247//5 2211//5 2213//5 2249//5
f 2248//6 2250//6 2214//6 2212//6
f 2249//5 2213//5 2215//5 2251//5
f 2250//6 2252//6 2216//6 2214//6
f 2251//5 2215//5 2217//5 2253//5
f 2252//6 2254//6 2218//6 2216//6
f 2253//5 2217//5 2219//5 2255//5
f 2254//6 2256//6 2220//6 2218//6
f 2255//5 2219//5 2221//5 2257//5
f 2256//6 2258//6 2222//6 2220//6
f 2257//5 2221//5 2223//5 2259//5
f 2258//6 2260//6 2224//6 2222//6
f 2259//5 2223//5 2225//5 2261//5
f 2260//6 2262//6 2226//6 2224//6
f 2261//5 2225//5 2227//5 2263//5
f 2262//6 2264//6 2228//6 2226//6
f 2263//5 2227//5 2229//5 2265//5
f 2264//6 2266//6 2230//6 2228//6
f 2267//2 2231//2 2232//2 2268//2
f 2265//5 2229//5 2231//5 2267//5
f 1576//1 2269//1 2233//1 1526//1
f 1579//2 1529//2 2234//2 2270//2
f 1596//1 2271//1 2235//1 1546//1
f 1598//2 1548//2 2236//2 2272//2
f 1600//1 2273//1 2237//1 1550//1
f 1603//2 1553//2 2238//2 2274//2
f 1622//1 2275//1 2239//1 1572//1
f 1624//2 1574//2 2240//2 2276//2
f 2277//1 2278//1 2242//1 2241//1
f 2277//5 2241//5 2243//5 2279//5
f 2279//5 2243//5 2244//5 2280//5
f 2281//6 2282//6 2246//6 2245//6
f 2280//5 2244//5 2247//5 2283//5
f 2282//6 2284//6 2248//6 2246//6
f 2283//5 2247//5 2249//5 2285//5
f 2284//6 2286//6 2250//6 2248//6
f 2285//5 2249//5 2251//5 2287//5
f 2286//6 2288//6 2252//6 2250//6
f 2287//5 2251//5 2253//5 2289//5
f 2288//6 2290//6 2254//6 2252//6
f 2289//5 2253//5 2255//5 2291//5
f 2290//6 2292//6 2256//6 2254//6
f 2291//5 2255//5 2257//5 2293//5
f 2292//6 2294//6 2258//6 2256//6
f 2293//5 2257//5 2259//5 2295//5
f 2294//6 2296//6 2260//6 2258//6
f 2295//5 2259//5 2261//5 2297//5
f 2296//6 2298//6 2262//6 2260//6
f 2297//5 2261//5 2263//5 2299//5
f 2298//6 2300//6 2264//6 2262//6
f 2299//5 2263//5 2265//5 2301//5
f 2300//6 2302//6 2266//6 2264//6
f 2303//2 2267//2 2268//2 2304//2
f 2301//5 2265//5 2267//5 2303//5
f 1626//1 2305//1 2269//1 1576//1
f 1629//2 1579//2 2270//2 2306//2
f 1646//1 2307//1 2271//1 1596//1
f 1648//2 1598//2 2272//2 2308//2
f 1650//1 2309//1 2273//1 1600//1
f 1653//2 1603//2 2274//2 2310//2
f 1672//1 2311//1 2275//1 1622//1
f 1674//2 1624//2 2276//2 2312//2
f 2313//1 2314//1 2278//1 2277//1
f 2313//5 2277//5 2279//5 2315//5
f 2315//5 2279//5 2280//5 2316//5
f 2317//6 2318//6 2282//6 2281//6
f 2316//5 2280//5 2283//5 2319//5
f 2318//6 2320//6 2284//6 2282//6
f 2319//5 2283//5 2285//5 2321//5
f 2320//6 2322//6 2286//6 2284//6
f 2321//5 2285//5 2287//5 2323//5
f 2322//6 2324//6 2288//6 2286//6
f 2323//5 2287//5 2289//5 2325//5
f 2324//6 2326//6 2290//6 2288//6
f 2325//5 2289//5 2291//5 2327//5
f 2326//6 2328//6 2292//6 2290//6
f 2327//5 2291//5 2293//5 2329//5
f 2328//6 2330//6 2294//6 2292//6
f 2329//5 2293//5 2295//5 2331//5
f 2330//6 2332//6 2296//6 2294//6
f 2331//5 2295//5 2297//5 2333//5
f 2332//6 2334//6 2298//6 2296//6
f 2333//5 2297//5 2299//5 2335//5
f 2334//6 2336//6 2300//6 2298//6
f 2335//5 2299//5 2301//5 2337//5
f 2336//6 2338//6 2302//6 2300//6
f 2339//2 2303//2 2304//2 2340//2
f 2337//5 2301//5 2303//5 2339//5
f 1955//2 1924//2 2562//2 2581//2
f 1981//1 2591//1 2580//1 1954//1
f 1982//2 1955//2 2581//2 2592//2
f 1983//1 2593//1 2582//1 1956//1
f 2017//1 2605//1 2591//1 1981//1
f 2018//2 1982//2 2592//2 2606//2
f 2019//1 2607//1 2593//1 1983//1
f 2020//2 1986//2 2596//2 2608//2
f 2050//2 2012//2 2600//2 2620//2
f 2051//1 2621//1 2601//1 2013//1
f 2055//1 2625//1 2605//1 2017//1
f 2056//2 2018//2 2606//2 2626//2
f 2057//1 2627//1 2607//1 2019//1
f 2058//2 2020//2 2608//2 2628//2
f 2064//2 2024//2 2612//2 2632//2
f 2085//1 2633//1 2613//1 2044//1
f 2089//1 2637//1 2619//1 2049//1
f 2090//2 2050//2 2620//2 2638//2
f 2091//1 2639//1 2621//1 2051//1
f 2092//2 2054//2 2624//2 2640//2
f 2093//1 2641//1 2625//1 2055//1
f 2094//2 2056//2 2626//2 2642//2
f 2095//1 2643//1 2627//1 2057//1
f 2096//2 2058//2 2628//2 2644//2
f 2098//1 2645//1 2631//1 2061//1
f 2101//2 2064//2 2632//2 2646//2
f 2122//1 2647//1 2633//1 2085//1
f 2124//2 2088//2 2636//2 2648//2
f 2125//1 2649//1 2637//1 2089//1
f 2126//2 2090//2 2638//2 2650//2
f 2127//1 2651//1 2639//1 2091//1
f 2128//2 2092//2 2640//2 2652//2
f 2129//1 2653//1 2641//1 2093//1
f 2130//2 2094//2 2642//2 2654//2
f 2131//1 2655//1 2643//1 2095//1
f 2132//2 2096//2 2644//2 2656//2
f 2134//1 2657//1 2645//1 2098//1
f 2137//2 2101//2 2646//2 2658//2
f 2158//1 2659//1 2647//1 2122//1
f 2160//2 2124//2 2648//2 2660//2
f 2161//1 2661//1 2649//1 2125//1
f 2162//2 2126//2 2650//2 2662//2
f 2163//1 2663//1 2651//1 2127//1
f 2164//2 2128//2 2652//2 2664//2
f 2165//1 2665//1 2653//1 2129//1
f 2166//2 2130//2 2654//2 2666//2
f 2167//1 2667//1 2655//1 2131//1
f 2168//2 2132//2 2656//2 2668//2
f 2170//1 2669//1 2657//1 2134//1
f 2173//2 2137//2 2658//2 2670//2
f 2194//1 2671//1 2659//1 2158//1
f 2196//2 2160//2 2660//2 2672//2
f 2197//1 2673//1 2661//1 2161//1
f 2198//2 2162//2 2662//2 2674//2
f 2199//1 2675//1 2663//1 2163//1
f 2200//2 2164//2 2664//2 2676//2
f 2201//1 2677//1 2665//1 2165//1
f 2202//2 2166//2 2666//2 2678//2
f 2203//1 2679//1 2667//1 2167//1
f 2204//2 2168//2 2668//2 2680//2
f 2206//1 2681//1 2669//1 2170//1
f 2209//2 2173//2 2670//2 2682//2
f 2230//1 2683//1 2671//1 2194//1
f 2232//2 2196//2 2672//2 2684//2
f 2233//1 2685//1 2673//1 2197//1
f 2234//2 2198//2 2674//2 2686//2
f 2235//1 2687//1 2675//1 2199//1
f 2236//2 2200//2 2676//2 2688//2
f 2237//1 2689//1 2677//1 2201//1
f 2238//2 2202//2 2678//2 2690//2
f 2239//1 2691//1 2679//1 2203//1
f 2240//2 2204//2 2680//2 2692//2
f 2242//1 2693//1 2681//1 2206//1
f 2245//2 2209//2 2682//2 2694//2
f 2266//1 2695//1 2683//1 2230//1
f 2268//2 2232//2 2684//2 2696//2
f 2269//1 2697//1 2685//1 2233//1
f 2270//2 2234//2 2686//2 2698//2
f 2271//1 2699//1 2687//1 2235//1
f 2272//2 2236//2 2688//2 2700//2
f 2273//1 2701//1 2689//1 2237//1
f 2274//2 2238//2 2690//2 2702//2
f 2275//1 2703//1 2691//1 2239//1
f 2276//2 2240//2 2692//2 2704//2
f 2278//1 2705//1 2693//1 2242//1
f 2281//2 2245//2 2694//2 2706//2
f 2302//1 2707//1 2695//1 2266//1
f 2304//2 2268//2 2696//2 2708//2
f 2305//1 2709//1 2697//1 2269//1
f 2306//2 2270//2 2698//2 2710//2
f 2307//1 2711//1 2699//1 2271//1
f 2308//2 2272//2 2700//2 2712//2
f 2309//1 2713//1 2701//1 2273//1
f 2310//2 2274//2 2702//2 2714//2
f 2311//1 2715//1 2703//1 2275//1
f 2312//2 2276//2 2704//2 2716//2
f 2314//1 2717//1 2705//1 2278//1
f 2317//2 2281//2 2706//2 2718//2
f 2338//1 2719//1 2707//1 2302//1
f 2340//2 2304//2 2708//2 2720//2
f 2581//2 2562//2 2954//2 2973//2
f 2591//1 2983//1 2972//1 2580//1
f 2592//2 2581//2 2973//2 2984//2
f 2593//1 2985//1 2974//1 2582//1
f 2605//1 2997//1 2983//1 2591//1
f 2606//2 2592//2 2984//2 2998//2
f 2607//1 2999//1 2985//1 2593//1
f 2608//2 2596//2 2988//2 3000//2
f 2620//2 2600//2 2992//2 3012//2
f 2621//1 3013//1 2993//1 2601//1
f 2625//1 3017//1 2997//1 2605//1
f 2626//2 2606//2 2998//2 3018//2
f 2627//1 3019//1 2999//1 2607//1
f 2628//2 2608//2 3000//2 3020//2
f 2632//2 2612//2 3004//2 3024//2
f 2633//1 3025//1 3005//1 2613//1
f 2637//1 3029//1 3011//1 2619//1
f 2638//2 2620//2 3012//2 3030//2
f 2639//1 3031//1 3013//1 2621//1
f 2640//2 2624//2 3016//2 3032//2
f 2641//1 3033//1 3017//1 2625//1
f 2642//2 2626//2 3018//2 3034//2
f 2643//1 3035//1 3019//1 2627//1
f 2644//2 2628//2 3020//2 3036//2
f 2645//1 3037//1 3023//1 2631//1
f 2646//2 2632//2 3024//2 3038//2
f 2647//1 3039//1 3025//1 2633//1
f 2648//2 2636//2 3028//2 3040//2
f 2649//1 3041//1 3029//1 2637//1
f 2650//2 2638//2 3030//2 3042//2
f 2651//1 3043//1 3031//1 2639//1
f 2652//2 2640//2 3032//2 3044//2
f 2653//1 3045//1 3033//1 2641//1
f 2654//2 2642//2 3034//2 3046//2
f 2655//1 3047//1 3035//1 2643//1
f 2656//2 2644//2 3036//2 3048//2
f 2657//1 3049//1 3037//1 2645//1
f 2658//2 2646//2 3038//2 3050//2
f 2659//1 3051//1 3039//1 2647//1
f 2660//2 2648//2 3040//2 3052//2
f 2661//1 3053//1 3041//1 2649//1
f 2662//2 2650//2 3042//2 3054//2
f 2663//1 3055//1 3043//1 2651//1
f 2664//2 2652//2 3044//2 3056//2
f 2665//1 3057//1 3045//1 2653//1
f 2666//2 2654//2 3046//2 3058//2
f 2667//1 3059//1 3047//1 2655//1
f 2668//2 2656//2 3048//2 3060//2
f 2669//1 3061//1 3049//1 2657//1
f 2670//2 2658//2 3050//2 3062//2
f 2671//1 3063//1 3051//1 2659//1
f 2672//2 2660//2 3052//2 3064//2
f 2673//1 3065//1 3053//1 2661//1
f 2674//2 2662//2 3054//2 3066//2
f 2675//1 3067//1 3055//1 2663//1
f 2676//2 2664//2 3056//2 3068//2
f 2677//1 3069//1 3057//1 2665//1
f 2678//2 2666//2 3058//2 3070//2
f 2679//1 3071//1 3059//1 2667//1
f 2680//2 2668//2 3060//2 3072//2
f 2681//1 3073//1 3061//1 2669//1
f 2682//2 2670//2 3062//2 3074//2
f 2683//1 3075//1 3063//1 2671//1
f 2684//2 2672//2 3064//2 3076//2
f 2685//1 3077//1 3065//1 2673//1
f 2686//2 2674//2 3066//2 3078//2
f 2687//1 3079//1 3067//1 2675//1
f 2688//2 2676//2 3068//2 3080//2
f 2689//1 3081//1 3069//1 2677//1
f 2690//2 2678//2 3070//2 3082//2
f 2691//1 3083//1 3071//1 2679//1
f 2692//2 2680//2 3072//2 3084//2
f 2693//1 3085//1 3073//1 2681//1
f 2694//2 2682//2 3074//2 3086//2
f 2695//1 3087//1 3075//1 2683//1
f 2696//2 2684//2 3076//2 3088//2
f 2697//1 3089//1 3077//1 2685//1
f 2698//2 2686//2 3078//2 3090//2
f 2699//1 3091//1 3079//1 2687//1
f 2700//2 2688//2 3080//2 3092//2
f 2701//1 3093//1 3081//1 2689//1
f 2702//2 2690//2 3082//2 3094//2
f 2703//1 3095//1 3083//1 2691//1
f 2704//2 2692//2 3084//2 3096//2
f 2705//1 3097//1 3085//1 2693//1
f 2706//2 2694//2 3086//2 3098//2
f 2707//1 3099//1 3087//1 2695//1
f 2708//2 2696//2 3088//2 3100//2
f 2709//1 3101//1 3089//1 2697//1
f 2710//2 2698//2 3090//2 3102//2
f 2711//1 3103//1 3091//1 2699//1
f 2712//2 2700//2 3092//2 3104//2
f 2713//1 3105//1 3093//1 2701//1
f 2714//2 2702//2 3094//2 3106//2
f 2715//1 3107//1 3095//1 2703//1
f 2716//2 2704//2 3096//2 3108//2
f 2717//1 3109//1 3097//1 2705//1
f 2718//2 2706//2 3098//2 3110//2
f 2719//1 3111//1 3099//1 2707//1
f 2720//2 2708//2 3100//2 3112//2
f 2973//2 2954//2 3339//2 3358//2
f 2983//1 3368//1 3357//1 2972//1
f 2984//2 2973//2 3358//2 3369//2
f 2985//1 3370//1 3359//1 2974//1
f 2997//1 3382//1 3368//1 2983//1
f 2998//2 2984//2 3369//2 3383//2
f 2999//1 3384//1 3370//1 2985//1
f 3000//2 2988//2 3373//2 3385//2
f 3012//2 2992//2 3377//2 3397//2
f 3013//1 3398//1 3378//1 2993//1
f 3017//1 3402//1 3382//1 2997//1
f 3018//2 2998//2 3383//2 3403//2
f 3019//1 3404//1 3384//1 2999//1
f 3020//2 3000//2 3385//2 3405//2
f 3024//2 3004//2 3389//2 3409//2
f 3025//1 3410//1 3390//1 3005//1
f 3029//1 3414//1 3396//1 3011//1
f 3030//2 3012//2 3397//2 3415//2
f 3031//1 3416//1 3398//1 3013//1
f 3032//2 3016//2 3401//2 3417//2
f 3033//1 3418//1 3402//1 3017//1
f 3034//2 3018//2 3403//2 3419//2
f 3035//1 3420//1 3404//1 3019//1
f 3036//2 3020//2 3405//2 3421//2
f 3037//1 3422//1 3408//1 3023//1
f 3038//2 3024//2 3409//2 3423//2
f 3039//1 3424//1 3410//1 3025//1
f 3040//2 3028//2 3413//2 3425//2
f 3041//1 3426//1 3414//1 3029//1
f 3042//2 3030//2 3415//2 3427//2
f 3043//1 3428//1 3416//1 3031//1
f 3044//2 3032//2 3417//2 3429//2
f 3045//1 3430//1 3418//1 3033//1
f 3046//2 3034//2 3419//2 3431//2
f 3047//1 3432//1 3420//1 3035//1
f 3048//2 3036//2 3421//2 3433//2
f 3049//1 3434//1 3422//1 3037//1
f 3050//2 3038//2 3423//2 3435//2
f 3051//1 3436//1 3424//1 3039//1
f 3052//2 3040//2 3425//2 3437//2
f 3053//1 3438//1 3426//1 3041//1
f 3054//2 3042//2 3427//2 3439//2
f 3055//1 3440//1 3428//1 3043//1
f 3056//2 3044//2 3429//2 3441//2
f 3057//1 3442//1 3430//1 3045//1
f 3058//2 3046//2 3431//2 3443//2
f 3059//1 3444//1 3432//1 3047//1
f 3060//2 3048//2 3433//2 3445//2
f 3061//1 3446//1 3434//1 3049//1
f 3062//2 3050//2 3435//2 3447//2
f 3063//1 3448//1 3436//1 3051//1
f 3064//2 3052//2 3437//2 3449//2
f 3065//1 3450//1 3438//1 3053//1
f 3066//2 3054//2 3439//2 3451//2
f 3067//1 3452//1 3440//1 3055//1
f 3068//2 3056//2 3441//2 3453//2
f 3069//1 3454//1 3442//1 3057//1
f 3070//2 3058//2 3443//2 3455//2
f 3071//1 3456//1 3444//1 3059//1
f 3072//2 3060//2 3445//2 3457//2
f 3073//1 3458//1 3446//1 3061//1
f 3074//2 3062//2 3447//2 3459//2
f 3075//1 3460//1 3448//1 3063//1
f 3076//2 3064//2 3449//2 3461//2
f 3077//1 3462//1 3450//1 3065//1
f 3078//2 3066//2 3451//2 3463//2
f 3079//1 3464//1 3452//1 3067//1
f 3080//2 3068//2 3453//2 3465//2
f 3081//1 3466//1 3454//1 3069//1
f 3082//2 3070//2 3455//2 3467//2
f 3083//1 3468//1 3456//1 3071//1
f 3084//2 3072//2 3457//2 3469//2
f 3085//1 3470//1 3458//1 3073//1
f 3086//2 3074//2 3459//2 3471//2
f 3087//1 3472//1 3460//1 3075//1
f 3088//2 3076//2 3461//2 3473//2
f 3089//1 3474//1 3462//1 3077//1
f 3090//2 3078//2 3463//2 3475//2
f 3091//1 3476//1 3464//1 3079//1
f 3092//2 3080//2 3465//2 3477//2
f 3093//1 3478//1 3466//1 3081//1
f 3094//2 3082//2 3467//2 3479//2
f 3095//1 3480//1 3468//1 3083//1
f 3096//2 3084//2 3469//2 3481//2
f 3097//1 3482//1 3470//1 3085//1
f 3098//2 3086//2 3471//2 3483//2
f 3099//1 3484//1 3472//1 3087//1
f 3100//2 3088//2 3473//2 3485//2
f 3101//1 3486//1 3474//1 3089//1
f 3102//2 3090//2 3475//2 3487//2
f 3103//1 3488//1 3476//1 3091//1
f 3104//2 3092//2 3477//2 3489//2
f 3105//1 3490//1 3478//1 3093//1
f 3106//2 3094//2 3479//2 3491//2
f 3107//1 3492//1 3480//1 3095//1
f 3108//2 3096//2 3481//2 3493//2
f 3109//1 3494//1 3482//1 3097//1
f 3110//2 3098//2 3483//2 3495//2
f 3111//1 3496//1 3484//1 3099//1
f 3112//2 3100//2 3485//2 3497//2
f 3358//2 3339//2 3724//2 3743//2
f 3368//1 3753//1 3742//1 3357//1
f 3369//2 3358//2 3743//2 3754//2
f 3370//1 3755//1 3744//1 3359//1
f 3382//1 3767//1 3753//1 3368//1
f 3383//2 3369//2 3754//2 3768//2
f 3384//1 3769//1 3755//1 3370//1
f 3385//2 3373//2 3758//2 3770//2
f 3397//2 3377//2 3762//2 3782//2
f 3398//1 3783//1 3763//1 3378//1
f 3402//1 3787//1 3767//1 3382//1
f 3403//2 3383//2 3768//2 3788//2
f 3404//1 3789//1 3769//1 3384//1
f 3405//2 3385//2 3770//2 3790//2
f 3409//2 3389//2 3774//2 3794//2
f 3410//1 3795//1 3775//1 3390//1
f 3414//1 3799//1 3781//1 3396//1
f 3415//2 3397//2 3782//2 3800//2
f 3416//1 3801//1 3783//1 3398//1
f 3417//2 3401//2 3786//2 3802//2
f 3418//1 3803//1 3787//1 3402//1
f 3419//2 3403//2 3788//2 3804//2
f 3420//1 3805//1 3789//1 3404//1
f 3421//2 3405//2 3790//2 3806//2
f 3422//1 3807//1 3793//1 3408//1
f 3423//2 3409//2 3794//2 3808//2
f 3424//1 3809//1 3795//1 3410//1
f 3425//2 3413//2 3798//2 3810//2
f 3426//1 3811//1 3799//1 3414//1
f 3427//2 3415//2 3800//2 3812//2
f 3428//1 3813//1 3801//1 3416//1
f 3429//2 3417//2 3802//2 3814//2
f 3430//1 3815//1 3803//1 3418//1
f 3431//2 3419//2 3804//2 3816//2
f 3432//1 3817//1 3805//1 3420//1
f 3433//2 3421//2 3806//2 3818//2
f 3434//1 3819//1 3807//1 3422//1
f 3435//2 3423//2 3808//2 3820//2
f 3436//1 3821//1 3809//1 3424//1
f 3437//2 3425//2 3810//2 3822//2
f 3438//1 3823//1 3811//1 3426//1
f 3439//2 3427//2 3812//2 3824//2
f 3440//1 3825//1 3813//1 3428//1
f 3441//2 3429//2 3814//2 3826//2
f 3442//1 3827//1 3815//1 3430//1
f 3443//2 3431//2 3816//2 3828//2
f 3444//1 3829//1 3817//1 3432//1
f 3445//2 3433//2 3818//2 3830//2
f 3446//1 3831//1 3819//1 3434//1
f 3447//2 3435//2 3820//2 3832//2
f 3448//1 3833//1 3821//1 3436//1
f 3449//2 3437//2 3822//2 3834//2
f 3450//1 3835//1 3823//1 3438//1
f 3451//2 3439//2 3824//2 3836//2
f 3452//1 3837//1 3825//1 3440//1
f 3453//2 3441//2 3826//2 3838//2
f 3454//1 3839//1 3827//1 3442//1
f 3455//2 3443//2 3828//2 3840//2
f 3456//1 3841//1 3829//1 3444//1
f 3457//2 3445//2 3830//2 3842//2
f 3458//1 3843//1 3831//1 3446//1
f 3459//2 3447//2 3832//2 3844//2
f 3460//1 3845//1 3833//1 3448//1
f 3461//2 3449//2 3834//2 3846//2
f 3462//1 3847//1 3835//1 3450//1
f 3463//2 3451//2 3836//2 3848//2
f 3464//1 3849//1 3837//1 3452//1
f 3465//2 3453//2 3838//2 3850//2
f 3466//1 3851//1 3839//1 3454//1
f 3467//2 3455//2 3840//2 3852//2
f 3468//1 3853//1 3841//1 3456//1
f 3469//2 3457//2 3842//2 3854//2
f 3470//1 3855//1 3843//1 3458//1
f 3471//2 3459//2 3844//2 3856//2
f 3472//1 3857//1 3845//1 3460//1
f 3473//2 3461//2 3846//2 3858//2
f 3474//1 3859//1 3847//1 3462//1
f 3475//2 3463//2 3848//2 3860//2
f 3476//1 3861//1 3849//1 3464//1
f 3477//2 3465//2 3850//2 3862//2
f 3478//1 3863//1 3851//1 3466//1
f 3479//2 3467//2 3852//2 3864//2
f 3480//1 3865//1 3853//1 3468//1
f 3481//2 3469//2 3854//2 3866//2
f 3482//1 3867//1 3855//1 3470//1
f 3483//2 3471//2 3856//2 3868//2
f 3484//1 3869//1 3857//1 3472//1
f 3485//2 3473//2 3858//2 3870//2
f 3486//1 3871//1 3859//1 3474//1
f 3487//2 3475//2 3860//2 3872//2
f 3488//1 3873//1 3861//1 3476//1
f 3489//2 3477//2 3862//2 3874//2
f 3490//1 3875//1 3863//1 3478//1
f 3491//2 3479//2 3864//2 3876//2
f 3492//1 3877//1 3865//1 3480//1
f 3493//2 3481//2 3866//2 3878//2
f 3494//1 3879//1 3867//1 3482//1
f 3495//2 3483//2 3868//2 3880//2
f 3496//1 3881//1 3869//1 3484//1
f 3497//2 3485//2 3870//2 3882//2
f 3743//2 3724//2 4110//2 4129//2
f 3753//1 4139//1 4128//1 3742//1
f 3754//2 3743//2 4129//2 4140//2
f 3755//1 4141//1 4130//1 3744//1
f 3767//1 4153//1 4139//1 3753//1
f 3768//2 3754//2 4140//2 4154//2
f 3769//1 4155//1 4141//1 3755//1
f 3770//2 3758//2 4144//2 4156//2
f 3782//2 3762//2 4148//2 4168//2
f 3783//1 4169//1 4149//1 3763//1
f 3787//1 4173//1 4153//1 3767//1
f 3788//2 3768//2 4154//2 4174//2
f 3789//1 4175//1 4155//1 3769//1
f 3790//2 3770//2 4156//2 4176//2
f 3794//2 3774//2 4160//2 4180//2
f 3795//1 4181//1 4161//1 3775//1
f 3799//1 4185//1 4167//1 3781//1
f 3800//2 3782//2 4168//2 4186//2
f 3801//1 4187//1 4169//1 3783//1
f 3802//2 3786//2 4172//2 4188//2
f 3803//1 4189//1 4173//1 3787//1
f 3804//2 3788//2 4174//2 4190//2
f 3805//1 4191//1 4175//1 3789//1
f 3806//2 3790//2 4176//2 4192//2
f 3807//1 4193//1 4179//1 3793//1
f 3808//2 3794//2 4180//2 4194//2
f 3809//1 4195//1 4181//1 3795//1
f 3810//2 3798//2 4184//2 4196//2
f 3811//1 4197//1 4185//1 3799//1
f 3812//2 3800//2 4186//2 4198//2
f 3813//1 4199//1 4187//1 3801//1
f 3814//2 3802//2 4188//2 4200//2
f 3815//1 4201//1 4189//1 3803//1
f 3816//2 3804//2 4190//2 4202//2
f 3817//1 4203//1 4191//1 3805//1
f 3818//2 3806//2 4192//2 4204//2
f 3819//1 4205//1 4193//1 3807//1
f 3820//2 3808//2 4194//2 4206//2
f 3821//1 4207//1 4195//1 3809//1
f 3822//2 3810//2 4196//2 4208//2
f 3823//1 4209//1 4197//1 3811//1
f 3824//2 3812//2 4198//2 4210//2
f 3825//1 4211//1 4199//1 3813//1
f 3826//2 3814//2 4200//2 4212//2
f 3827//1 4213//1 4201//1 3815//1
f 3828//2 3816//2 4202//2 4214//2
f 3829//1 4215//1 4203//1 3817//1
f 3830//2 3818//2 4204//2 4216//2
f 3831//1 4217//1 4205//1 3819//1
f 3832//2 3820//2 4206//2 4218//2
f 3833//1 4219//1 4207//1 3821//1
f 3834//2 3822//2 4208//2 4220//2
f 3835//1 4221//1 4209//1 3823//1
f 3836//2 3824//2 4210//2 4222//2
f 3837//1 4223//1 4211//1 3825//1
f 3838//2 3826//2 4212//2 4224//2
f 3839//1 4225//1 4213//1 3827//1
f 3840//2 3828//2 4214//2 4226//2
f 3841//1 4227//1 4215//1 3829//1
f 3842//2 3830//2 4216//2 4228//2
f 3843//1 4229//1 4217//1 3831//1
f 3844//2 3832//2 4218//2 4230//2
f 3845//1 4231//1 4219//1 3833//1
f 3846//2 3834//2 4220//2 4232//2
f 3847//1 4233//1 4221//1 3835//1
f 3848//2 3836//2 4222//2 4234//2
f 3849//1 4235//1 4223//1 3837//1
f 3850//2 3838//2 4224//2 4236//2
f 3851//1 4237//1 4225//1 3839//1
f 3852//2 3840//2 4226//2 4238//2
f 3853//1 4239//1 4227//1 3841//1
f 3854//2 3842//2 4228//2 4240//2
f 3855//1 4241//1 4229//1 3843//1
f 3856//2 3844//2 4230//2 4242//2
f 3857//1 4243//1 4231//1 3845//1
f 3858//2 3846//2 4232//2 4244//2
f 3859//1 4245//1 4233//1 3847//1
f 3860//2 3848//2 4234//2 4246//2
f 3861//1 4247//1 4235//1 3849//1
f 3862//2 3850//2 4236//2 4248//2
f 3863//1 4249//1 4237//1 3851//1
f 3864//2 3852//2 4238//2 4250//2
f 3865//1 4251//1 4239//1 3853//1
f 3866//2 3854//2 4240//2 4252//2
f 3867//1 4253//1 4241//1 3855//1
f 3868//2 3856//2 4242//2 4254//2
f 3869//1 4255//1 4243//1 3857//1
f 3870//2 3858//2 4244//2 4256//2
f 3871//1 4257//1 4245//1 3859//1
f 3872//2 3860//2 4246//2 4258//2
f 3873//1 4259//1 4247//1 3861//1
f 3874//2 3862//2 4248//2 4260//2
f 3875//1 4261//1 4249//1 3863//1
f 3876//2 3864//2 4250//2 4262//2
f 3877//1 4263//1 4251//1 3865//1
f 3878//2 3866//2 4252//2 4264//2
f 3879//1 4265//1 4253//1 3867//1
f 3880//2 3868//2 4254//2 4266//2
f 3881//1 4267//1 4255//1 3869//1
f 3882//2 3870//2 4256//2 4268//2
f 4129//2 4110//2 4489//2 4508//2
f 4139//1 4518//1 4507//1 4128//1
f 4140//2 4129//2 4508//2 4519//2
f 4141//1 4520//1 4509//1 4130//1
f 4153//1 4532//1 4518//1 4139//1
f 4154//2 4140//2 4519//2 4533//2
f 4155//1 4534//1 4520//1 4141//1
f 4156//2 4144//2 4523//2 4535//2
f 4168//2 4148//2 4527//2 4547//2
f 4169//1 4548//1 4528//1 4149//1
f 4173//1 4552//1 4532//1 4153//1
f 4174//2 4154//2 4533//2 4553//2
f 4175//1 4554//1 4534//1 4155//1
f 4176//2 4156//2 4535//2 4555//2
f 4180//2 4160//2 4539//2 4559//2
f 4181//1 4560//1 4540//1 4161//1
f 4185//1 4564//1 4546//1 4167//1
f 4186//2 4168//2 4547//2 4565//2
f 4187//1 4566//1 4548//1 4169//1
f 4188//2 4172//2 4551//2 4567//2
f 4189//1 4568//1 4552//1 4173//1
f 4190//2 4174//2 4553//2 4569//2
f 4191//1 4570//1 4554//1 4175//1
f 4192//2 4176//2 4555//2 4571//2
f 4193//1 4572//1 4558//1 4179//1
f 4194//2 4180//2 4559//2 4573//2
f 4195//1 4574//1 4560//1 4181//1
f 4196//2 4184//2 4563//2 4575//2
f 4197//1 4576//1 4564//1 4185//1
f 4198//2 4186//2 4565//2 4577//2
f 4199//1 4578//1 4566//1 4187//1
f 4200//2 4188//2 4567//2 4579//2
f 4201//1 4580//1 4568//1 4189//1
f 4202//2 4190//2 4569//2 4581//2
f 4203//1 4582//1 4570//1 4191//1
f 4204//2 4192//2 4571//2 4583//2
f 4205//1 4584//1 4572//1 4193//1
f 4206//2 4194//2 4573//2 4585//2
f 4207//1 4586//1 4574//1 4195//1
f 4208//2 4196//2 4575//2 4587//2
f 4209//1 4588//1 4576//1 4197//1
f 4210//2 4198//2 4577//2 4589//2
f 4211//1 4590//1 4578//1 4199//1
f 4212//2 4200//2 4579//2 4591//2
f 4213//1 4592//1 4580//1 4201//1
f 4214//2 4202//2 4581//2 4593//2
f 4215//1 4594//1 4582//1 4203//1
f 4216//2 4204//2 4583//2 4595//2
f 4217//1 4596//1 4584//1 4205//1
f 4218//2 4206//2 4585//2 4597//2
f 4219//1 4598//1 4586//1 4207//1
f 4220//2 4208//2 4587//2 4599//2
f 4221//1 4600//1 4588//1 4209//1
f 4222//2 4210//2 4589//2 4601//2
f 4223//1 4602//1 4590//1 4211//1
f 4224//2 4212//2 4591//2 4603//2
f 4225//1 4604//1 4592//1 4213//1
f 4226//2 4214//2 4593//2 4605//2
f 4227//1 4606//1 4594//1 4215//1
f 4228//2 4216//2 4595//2 4607//2
f 4229//1 4608//1 4596//1 4217//1
f 4230//2 4218//2 4597//2 4609//2
f 4231//1 4610//1 4598//1 4219//1
f 4232//2 4220//2 4599//2 4611//2
f 4233//1 4612//1 4600//1 4221//1
f 4234//2 4222//2 4601//2 4613//2
f 4235//1 4614//1 4602//1 4223//1
f 4236//2 4224//2 4603//2 4615//2
f 4237//1 4616//1 4604//1 4225//1
f 4238//2 4226//2 4605//2 4617//2
f 4239//1 4618//1 4606//1 4227//1
f 4240//2 4228//2 4607//2 4619//2
f 4241//1 4620//1 4608//1 4229//1
f 4242//2 4230//2 4609//2 4621//2
f 4243//1 4622//1 4610//1 4231//1
f 4244//2 4232//2 4611//2 4623//2
f 4245//1 4624//1 4612//1 4233//1
f 4246//2 4234//2 4613//2 4625//2
f 4247//1 4626//1 4614//1 4235//1
f 4248//2 4236//2 4615//2 4627//2
f 4249//1 4628//1 4616//1 4237//1
f 4250//2 4238//2 4617//2 4629//2
f 4251//1 4630//1 4618//1 4239//1
f 4252//2 4240//2 4619//2 4631//2
f 4253//1 4632//1 4620//1 4241//1
f 4254//2 4242//2 4621//2 4633//2
f 4255//1 4634//1 4622//1 4243//1
f 4256//2 4244//2 4623//2 4635//2
f 4257//1 4636//1 4624//1 4245//1
f 4258//2 4246//2 4625//2 4637//2
f 4259//1 4638//1 4626//1 4247//1
f 4260//2 4248//2 4627//2 4639//2
f 4261//1 4640//1 4628//1 4249//1
f 4262//2 4250//2 4629//2 4641//2
f 4263//1 4642//1 4630//1 4251//1
f 4264//2 4252//2 4631//2 4643//2
f 4265//1 4644//1 4632//1 4253//1
f 4266//2 4254//2 4633//2 4645//2
f 4267//1 4646//1 4634//1 4255//1
f 4268//2 4256//2 4635//2 4647//2
f 4508//2 4489//2 4851//2 4870//2
f 4518//1 4880//1 4869//1 4507//1
f 4519//2 4508//2 4870//2 4881//2
f 4520//1 4882//1 4871//1 4509//1
f 4532//1 4894//1 4880//1 4518//1
f 4533//2 4519//2 4881//2 4895//2
f 4534//1 4896//1 4882//1 4520//1
f 4535//2 4523//2 4885//2 4897//2
f 4547//2 4527//2 4889//2 4909//2
f 4548//1 4910//1 4890//1 4528//1
f 4552//1 4914//1 4894//1 4532//1
f 4553//2 4533//2 4895//2 4915//2
f 4554//1 4916//1 4896//1 4534//1
f 4555//2 4535//2 4897//2 4917//2
f 4559//2 4539//2 4901//2 4921//2
f 4560//1 4922//1 4902//1 4540//1
f 4564//1 4926//1 4908//1 4546//1
f 4565//2 4547//2 4909//2 4927//2
f 4566//1 4928//1 4910//1 4548//1
f 4567//2 4551//2 4913//2 4929//2
f 4568//1 4930//1 4914//1 4552//1
f 4569//2 4553//2 4915//2 4931//2
f 4570//1 4932//1 4916//1 4554//1
f 4571//2 4555//2 4917//2 4933//2
f 4572//1 4934//1 4920//1 4558//1
f 4573//2 4559//2 4921//2 4935//2
f 4574//1 4936//1 4922//1 4560//1
f 4575//2 4563//2 4925//2 4937//2
f 4576//1 4938//1 4926//1 4564//1
f 4577//2 4565//2 4927//2 4939//2
f 4578//1 4940//1 4928//1 4566//1
f 4579//2 4567//2 4929//2 4941//2
f 4580//1 4942//1 4930//1 4568//1
f 4581//2 4569//2 4931//2 4943//2
f 4582//1 4944//1 4932//1 4570//1
f 4583//2 4571//2 4933//2 4945//2
f 4584//1 4946//1 4934//1 4572//1
f 4585//2 4573//2 4935//2 4947//2
f 4586//1 4948//1 4936//1 4574//1
f 4587//2 4575//2 4937//2 4949//2
f 4588//1 4950//1 4938//1 4576//1
f 4589//2 4577//2 4939//2 4951//2
f 4590//1 4952//1 4940//1 4578//1
f 4591//2 4579//2 4941//2 4953//2
f 4592//1 4954//1 4942//1 4580//1
f 4593//2 4581//2 4943//2 4955//2
f 4594//1 4956//1 4944//1 4582//1
f 4595//2 4583//2 4945//2 4957//2
f 4596//1 4958//1 4946//1 4584//1
f 4597//2 4585//2 4947//2 4959//2
f 4598//1 4960//1 4948//1 4586//1
f 4599//2 4587//2 4949//2 4961//2
f 4600//1 4962//1 4950//1 4588//1
f 4601//2 4589//2 4951//2 4963//2
f 4602//1 4964//1 4952//1 4590//1
f 4603//2 4591//2 4953//2 4965//2
f 4604//1 4966//1 4954//1 4592//1
f 4605//2 4593//2 4955//2 4967//2
f 4606//1 4968//1 4956//1 4594//1
f 4607//2 4595//2 4957//2 4969//2
f 4608//1 4970//1 4958//1 4596//1
f 4609//2 4597//2 4959//2 4971//2
f 4610//1 4972//1 4960//1 4598//1
f 4611//2 4599//2 4961//2 4973//2
f 4612//1 4974//1 4962//1 4600//1
f 4613//2 4601//2 4963//2 4975//2
f 4614//1 4976//1 4964//1 4602//1
f 4615//2 4603//2 4965//2 4977//2
f 4616//1 4978//1 4966//1 4604//1
f 4617//2 4605//2 4967//2 4979//2
f 4618//1 4980//1 4968//1 4606//1
f 4619//2 4607//2 4969//2 4981//2
f 4620//1 4982//1 4970//1 4608//1
f 4621//2 4609//2 4971//2 4983//2
f 4622//1 4984//1 4972//1 4610//1
f 4623//2 4611//2 4973//2 4985//2
f 4624//1 4986//1 4974//1 4612//1
f 4625//2 4613//2 4975//2 4987//2
f 4626//1 4988//1 4976//1 4614//1
f 4627//2 4615//2 4977//2 4989//2
f 4628//1 4990//1 4978//1 4616//1
f 4629//2 4617//2 4979//2 4991//2
f 4630//1 4992//1 4980//1 4618//1
f 4631//2 4619//2 4981//2 4993//2
f 4632//1 4994//1 4982//1 4620//1
f 4633//2 4621//2 4983//2 4995//2
f 4634//1 4996//1 4984//1 4622//1
f 4635//2 4623//2 4985//2 4997//2
f 4636//1 4998//1 4986//1 4624//1
f 4637//2 4625//2 4987//2 4999//2
f 4638//1 5000//1 4988//1 4626//1
f 4639//2 4627//2 4989//2 5001//2
f 4640//1 5002//1 4990//1 4628//1
f 4641//2 4629//2 4991//2 5003//2
f 4642//1 5004//1 4992//1 4630//1
f 4643//2 4631//2 4993//2 5005//2
f 4644//1 5006//1 4994//1 4632//1
f 4645//2 4633//2 4995//2 5007//2
f 4646//1 5008//1 4996//1 4634//1
f 4647//2 4635//2 4997//2 5009//2
f 4870//2 4851//2 5214//2 5233//2
f 4880//1 5243//1 5232//1 4869//1
f 4881//2 4870//2 5233//2 5244//2
f 4882//1 5245//1 5234//1 4871//1
f 4894//1 5257//1 5243//1 4880//1
f 4895//2 4881//2 5244//2 5258//2
f 4896//1 5259//1 5245//1 4882//1
f 4897//2 4885//2 5248//2 5260//2
f 4909//2 4889//2 5252//2 5272//2
f 4910//1 5273//1 5253//1 4890//1
f 4914//1 5277//1 5257//1 4894//1
f 4915//2 4895//2 5258//2 5278//2
f 4916//1 5279//1 5259//1 4896//1
f 4917//2 4897//2 5260//2 5280//2
f 4921//2 4901//2 5264//2 5284//2
f 4922//1 5285//1 5265//1 4902//1
f 4926//1 5289//1 5271//1 4908//1
f 4927//2 4909//2 5272//2 5290//2
f 4928//1 5291//1 5273//1 4910//1
f 4929//2 4913//2 5276//2 5292//2
f 4930//1 5293//1 5277//1 4914//1
f 4931//2 4915//2 5278//2 5294//2
f 4932//1 5295//1 5279//1 4916//1
f 4933//2 4917//2 5280//2 5296//2
f 4934//1 5297//1 5283//1 4920//1
f 4935//2 4921//2 5284//2 5298//2
f 4936//1 5299//1 5285//1 4922//1
f 4937//2 4925//2 5288//2 5300//2
f 4938//1 5301//1 5289//1 4926//1
f 4939//2 4927//2 5290//2 5302//2
f 4940//1 5303//1 5291//1 4928//1
f 4941//2 4929//2 5292//2 5304//2
f 4942//1 5305//1 5293//1 4930//1
f 4943//2 4931//2 5294//2 5306//2
f 4944//1 5307//1 5295//1 4932//1
f 4945//2 4933//2 5296//2 5308//2
f 4946//1 5309//1 5297//1 4934//1
f 4947//2 4935//2 5298//2 5310//2
f 4948//1 5311//1 5299//1 4936//1
f 4949//2 4937//2 5300//2 5312//2
f 4950//1 5313//1 5301//1 4938//1
f 4951//2 4939//2 5302//2 5314//2
f 4952//1 5315//1 5303//1 4940//1
f 4953//2 4941//2 5304//2 5316//2
f 4954//1 5317//1 5305//1 4942//1
f 4955//2 4943//2 5306//2 5318//2
f 4956//1 5319//1 5307//1 4944//1
f 4957//2 4945//2 5308//2 5320//2
f 4958//1 5321//1 5309//1 4946//1
f 4959//2 4947//2 5310//2 5322//2
f 4960//1 5323//1 5311//1 4948//1
f 4961//2 4949//2 5312//2 5324//2
f 4962//1 5325//1 5313//1 4950//1
f 4963//2 4951//2 5314//2 5326//2
f 4964//1 5327//1 5315//1 4952//1
f 4965//2 4953//2 5316//2 5328//2
f 4966//1 5329//1 5317//1 4954//1
f 4967//2 4955//2 5318//2 5330//2
f 4968//1 5331//1 5319//1 4956//1
f 4969//2 4957//2 5320//2 5332//2
f 4970//1 5333//1 5321//1 4958//1
f 4971//2 4959//2 5322//2 5334//2
f 4972//1 5335//1 5323//1 4960//1
f 4973//2 4961//2 5324//2 5336//2
f 4974//1 5337//1 5325//1 4962//1
f 4975//2 4963//2 5326//2 5338//2
f 4976//1 5339//1 5327//1 4964//1
f 4977//2 4965//2 5328//2 5340//2
f 4978//1 5341//1 5329//1 4966//1
f 4979//2 4967//2 5330//2 5342//2
f 4980//1 5343//1 5331//1 4968//1
f 4981//2 4969//2 5332//2 5344//2
f 4982//1 5345//1 5333//1 4970//1
f 4983//2 4971//2 5334//2 5346//2
f 4984//1 5347//1 5335//1 4972//1
f 4985//2 4973//2 5336//2 5348//2
f 4986//1 5349//1 5337//1 4974//1
f 4987//2 4975//2 5338//2 5350//2
f 4988//1 5351//1 5339//1 4976//1
f 4989//2 4977//2 5340//2 5352//2
f 4990//1 5353//1 5341//1 4978//1
f 4991//2 4979//2 5342//2 5354//2
f 4992//1 5355//1 5343//1 4980//1
f 4993//2 4981//2 5344//2 5356//2
f 4994//1 5357//1 5345//1 4982//1
f 4995//2 4983//2 5346//2 5358//2
f 4996//1 5359//1 5347//1 4984//1
f 4997//2 4985//2 5348//2 5360//2
f 4998//1 5361//1 5349//1 4986//1
f 4999//2 4987//2 5350//2 5362//2
f 5000//1 5363//1 5351//1 4988//1
f 5001//2 4989//2 5352//2 5364//2
f 5002//1 5365//1 5353//1 4990//1
f 5003//2 4991//2 5354//2 5366//2
f 5004//1 5367//1 5355//1 4992//1
f 5005//2 4993//2 5356//2 5368//2
f 5006//1 5369//1 5357//1 4994//1
f 5007//2 4995//2 5358//2 5370//2
f 5008//1 5371//1 5359//1 4996//1
f 5009//2 4997//2 5360//2 5372//2
f 5233//2 5214//2 5553//2 5572//2
f 5243//1 5582//1 5571//1 5232//1
f 5244//2 5233//2 5572//2 5583//2
f 5245//1 5584//1 5573//1 5234//1
f 5257//1 5596//1 5582//1 5243//1
f 5258//2 5244//2 5583//2 5597//2
f 5259//1 5598//1 5584//1 5245//1
f 5260//2 5248//2 5587//2 5599//2
f 5272//2 5252//2 5591//2 5611//2
f 5273//1 5612//1 5592//1 5253//1
f 5277//1 5616//1 5596//1 5257//1
f 5278//2 5258//2 5597//2 5617//2
f 5279//1 5618//1 5598//1 5259//1
f 5280//2 5260//2 5599//2 5619//2
f 5284//2 5264//2 5603//2 5623//2
f 5285//1 5624//1 5604//1 5265//1
f 5289//1 5628//1 5610//1 5271//1
f 5290//2 5272//2 5611//2 5629//2
f 5291//1 5630//1 5612//1 5273//1
f 5292//2 5276//2 5615//2 5631//2
f 5293//1 5632//1 5616//1 5277//1
f 5294//2 5278//2 5617//2 5633//2
f 5295//1 5634//1 5618//1 5279//1
f 5296//2 5280//2 5619//2 5635//2
f 5297//1 5636//1 5622//1 5283//1
f 5298//2 5284//2 5623//2 5637//2
f 5299//1 5638//1 5624//1 5285//1
f 5300//2 5288//2 5627//2 5639//2
f 5301//1 5640//1 5628//1 5289//1
f 5302//2 5290//2 5629//2 5641//2
f 5303//1 5642//1 5630//1 5291//1
f 5304//2 5292//2 5631//2 5643//2
f 5305//1 5644//1 5632//1 5293//1
f 5306//2 5294//2 5633//2 5645//2
f 5307//1 5646//1 5634//1 5295//1
f 5308//2 5296//2 5635//2 5647//2
f 5309//1 5648//1 5636//1 5297//1
f 5310//2 5298//2 5637//2 5649//2
f 5311//1 5650//1 5638//1 5299//1
f 5312//2 5300//2 5639//2 5651//2
f 5313//1 5652//1 5640//1 5301//1
f 5314//2 5302//2 5641//2 5653//2
f 5315//1 5654//1 5642//1 5303//1
f 5316//2 5304//2 5643//2 5655//2
f 5317//1 5656//1 5644//1 5305//1
f 5318//2 5306//2 5645//2 5657//2
f 5319//1 5658//1 5646//1 5307//1
f 5320//2 5308//2 5647//2 5659//2
f 5321//1 5660//1 5648//1 5309//1
f 5322//2 5310//2 5649//2 5661//2
f 5323//1 5662//1 5650//1 5311//1
f 5324//2 5312//2 5651//2 5663//2
f 5325//1 5664//1 5652//1 5313//1
f 5326//2 5314//2 5653//2 5665//2
f 5327//1 5666//1 5654//1 5315//1
f 5328//2 5316//2 5655//2 5667//2
f 5329//1 5668//1 5656//1 5317//1
f 5330//2 5318//2 5657//2 5669//2
f 5331//1 5670//1 5658//1 5319//1
f 5332//2 5320//2 5659//2 5671//2
f 5333//1 5672//1 5660//1 5321//1
f 5334//2 5322//2 5661//2 5673//2
f 5335//1 5674//1 5662//1 5323//1
f 5336//2 5324//2 5663//2 5675//2
f 5337//1 5676//1 5664//1 5325//1
f 5338//2 5326//2 5665//2 5677//2
f 5339//1 5678//1 5666//1 5327//1
f 5340//2 5328//2 5667//2 5679//2
f 5341//1 5680//1 5668//1 5329//1
f 5342//2 5330//2 5669//2 5681//2
f 5343//1 5682//1 5670//1 5331//1
f 5344//2 5332//2 5671//2 5683//2
f 5345//1 5684//1 5672//1 5333//1
f 5346//2 5334//2 5673//2 5685//2
f 5347//1 5686//1 5674//1 5335//1
f 5348//2 5336//2 5675//2 5687//2
f 5349//1 5688//1 5676//1 5337//1
f 5350//2 5338//2 5677//2 5689//2
f 5351//1 5690//1 5678//1 5339//1
f 5352//2 5340//2 5679//2 5691//2
f 5353//1 5692//1 5680//1 5341//1
f 5354//2 5342//2 5681//2 5693//2
f 5355//1 5694//1 5682//1 5343//1
f 5356//2 5344//2 5683//2 5695//2
f 5357//1 5696//1 5684//1 5345//1
f 5358//2 5346//2 5685//2 5697//2
f 5359//1 5698//1 5686//1 5347//1
f 5360//2 5348//2 5687//2 5699//2
f 5361//1 5700//1 5688//1 5349//1
f 5362//2 5350//2 5689//2 5701//2
f 5363//1 5702//1 5690//1 5351//1
f 5364//2 5352//2 5691//2 5703//2
f 5365//1 5704//1 5692//1 5353//1
f 5366//2 5354//2 5693//2 5705//2
f 5367//1 5706//1 5694//1 5355//1
f 5368//2 5356//2 5695//2 5707//2
f 5369//1 5708//1 5696//1 5357//1
f 5370//2 5358//2 5697//2 5709//2
f 5371//1 5710//1 5698//1 5359//1
f 5372//2 5360//2 5699//2 5711//2
f 5485//5 5479//5 5482//5 5486//5
f 5824//6 5825//6 5821//6 5818//6
f 5499//5 5483//5 5485//5 5838//5
f 5839//6 5840//6 5824//6 5822//6
f 5838//5 5485//5 5486//5 5841//5
f 5840//6 5842//6 5825//6 5824//6
f 5841//5 5486//5 5488//5 5500//5
f 5842//6 5843//6 5827//6 5825//6
f 5511//5 5493//5 5496//5 5512//5
f 5854//6 5855//6 5835//6 5832//6
f 5517//5 5497//5 5499//5 5860//5
f 5861//6 5862//6 5839//6 5836//6
f 5860//5 5499//5 5838//5 5863//5
f 5862//6 5864//6 5840//6 5839//6
f 5863//5 5838//5 5841//5 5865//5
f 5864//6 5866//6 5842//6 5840//6
f 5865//5 5841//5 5500//5 5867//5
f 5866//6 5868//6 5843//6 5842//6
f 5867//5 5500//5 5502//5 5518//5
f 5868//6 5869//6 5845//6 5843//6
f 5529//5 5509//5 5511//5 5880//5
f 5881//6 5882//6 5854//6 5852//6
f 5880//5 5511//5 5512//5 5883//5
f 5882//6 5884//6 5855//6 5854//6
f 5883//5 5512//5 5514//5 5530//5
f 5884//6 5885//6 5857//6 5855//6
f 5535//5 5515//5 5517//5 5890//5
f 5891//6 5892//6 5861//6 5858//6
f 5890//5 5517//5 5860//5 5893//5
f 5892//6 5894//6 5862//6 5861//6
f 5893//5 5860//5 5863//5 5895//5
f 5894//6 5896//6 5864//6 5862//6
f 5895//5 5863//5 5865//5 5897//5
f 5896//6 5898//6 5866//6 5864//6
f 5897//5 5865//5 5867//5 5899//5
f 5898//6 5900//6 5868//6 5866//6
f 5899//5 5867//5 5518//5 5901//5
f 5900//6 5902//6 5869//6 5868//6
f 5901//5 5518//5 5520//5 5536//5
f 5902//6 5903//6 5871//6 5869//6
f 5547//5 5527//5 5529//5 5914//5
f 5915//6 5916//6 5881//6 5878//6
f 5914//5 5529//5 5880//5 5917//5
f 5916//6 5918//6 5882//6 5881//6
f 5917//5 5880//5 5883//5 5919//5
f 5918//6 5920//6 5884//6 5882//6
f 5919//5 5883//5 5530//5 5921//5
f 5920//6 5922//6 5885//6 5884//6
f 5921//5 5530//5 5532//5 5548//5
f 5922//6 5923//6 5887//6 5885//6
f 5553//5 5533//5 5535//5 5928//5
f 5929//6 5930//6 5891//6 5888//6
f 5928//5 5535//5 5890//5 5931//5
f 5930//6 5932//6 5892//6 5891//6
f 5931//5 5890//5 5893//5 5933//5
f 5932//6 5934//6 5894//6 5892//6
f 5933//5 5893//5 5895//5 5935//5
f 5934//6 5936//6 5896//6 5894//6
f 5935//5 5895//5 5897//5 5937//5
f 5936//6 5938//6 5898//6 5896//6
f 5937//5 5897//5 5899//5 5939//5
f 5938//6 5940//6 5900//6 5898//6
f 5939//5 5899//5 5901//5 5941//5
f 5940//6 5942//6 5902//6 5900//6
f 5941//5 5901//5 5536//5 5943//5
f 5942//6 5944//6 5903//6 5902//6
f 5943//5 5536//5 5538//5 5554//5
f 5944//6 5945//6 5905//6 5903//6
f 5565//5 5545//5 5547//5 5956//5
f 5957//6 5958//6 5915//6 5912//6
f 5956//5 5547//5 5914//5 5959//5
f 5958//6 5960//6 5916//6 5915//6
f 5959//5 5914//5 5917//5 5961//5
f 5960//6 5962//6 5918//6 5916//6
f 5961//5 5917//5 5919//5 5963//5
f 5962//6 5964//6 5920//6 5918//6
f 5963//5 5919//5 5921//5 5965//5
f 5964//6 5966//6 5922//6 5920//6
f 5965//5 5921//5 5548//5 5967//5
f 5966//6 5968//6 5923//6 5922//6
f 5967//5 5548//5 5550//5 5566//5
f 5968//6 5969//6 5925//6 5923//6
f 5974//6 5975//6 5929//6 5926//6
f 5572//5 5553//5 5928//5 5976//5
f 5975//6 5977//6 5930//6 5929//6
f 5976//5 5928//5 5931//5 5978//5
f 5977//6 5979//6 5932//6 5930//6
f 5978//5 5931//5 5933//5 5980//5
f 5979//6 5981//6 5934//6 5932//6
f 5980//5 5933//5 5935//5 5982//5
f 5981//6 5983//6 5936//6 5934//6
f 5982//5 5935//5 5937//5 5984//5
f 5983//6 5985//6 5938//6 5936//6
f 5984//5 5937//5 5939//5 5986//5
f 5985//6 5987//6 5940//6 5938//6
f 5986//5 5939//5 5941//5 5988//5
f 5987//6 5989//6 5942//6 5940//6
f 5988//5 5941//5 5943//5 5990//5
f 5989//6 5991//6 5944//6 5942//6
f 5990//5 5943//5 5554//5 5992//5
f 5991//6 5993//6 5945//6 5944//6
f 5992//5 5554//5 5556//5 5573//5
f 5993//6 5994//6 5947//6 5945//6
f 5590//1 6003//1 5954//1 5563//1
f 5590//5 5563//5 5565//5 6004//5
f 6003//6 6005//6 5957//6 5954//6
f 6004//5 5565//5 5956//5 6006//5
f 6005//6 6007//6 5958//6 5957//6
f 6006//5 5956//5 5959//5 6008//5
f 6007//6 6009//6 5960//6 5958//6
f 6008//5 5959//5 5961//5 6010//5
f 6009//6 6011//6 5962//6 5960//6
f 6010//5 5961//5 5963//5 6012//5
f 6011//6 6013//6 5964//6 5962//6
f 6012//5 5963//5 5965//5 6014//5
f 6013//6 6015//6 5966//6 5964//6
f 6014//5 5965//5 5967//5 6016//5
f 6015//6 6017//6 5968//6 5966//6
f 6016//5 5967//5 5566//5 6018//5
f 6017//6 6019//6 5969//6 5968//6
f 5593//2 5568//2 5971//2 6020//2
f 6018//5 5566//5 5568//5 5593//5
f 6019//6 6020//6 5971//6 5969//6
f 5582//1 6021//1 5974//1 5571//1
f 6021//6 6022//6 5975//6 5974//6
f 5583//5 5572//5 5976//5 6023//5
f 6022//6 6024//6 5977//6 5975//6
f 6023//5 5976//5 5978//5 6025//5
f 6024//6 6026//6 5979//6 5977//6
f 6025//5 5978//5 5980//5 6027//5
f 6026//6 6028//6 5981//6 5979//6
f 6027//5 5980//5 5982//5 6029//5
f 6028//6 6030//6 5983//6 5981//6
f 6029//5 5982//5 5984//5 6031//5
f 6030//6 6032//6 5985//6 5983//6
f 6031//5 5984//5 5986//5 6033//5
f 6032//6 6034//6 5987//6 5985//6
f 6033//5 5986//5 5988//5 6035//5
f 6034//6 6036//6 5989//6 5987//6
f 6035//5 5988//5 5990//5 6037//5
f 6036//6 6038//6 5991//6 5989//6
f 6037//5 5990//5 5992//5 6039//5
f 6038//6 6040//6 5993//6 5991//6
f 6039//5 5992//5 5573//5 5584//5
f 6040//6 6041//6 5994//6 5993//6
f 6041//6 6042//6 5996//6 5994//6
f 5591//5 5590//5 6004//5 6047//5
f 6048//6 6049//6 6005//6 6003//6
f 6047//5 6004//5 6006//5 6050//5
f 6049//6 6051//6 6007//6 6005//6
f 6050//5 6006//5 6008//5 6052//5
f 6051//6 6053//6 6009//6 6007//6
f 6052//5 6008//5 6010//5 6054//5
f 6053//6 6055//6 6011//6 6009//6
f 6054//5 6010//5 6012//5 6056//5
f 6055//6 6057//6 6013//6 6011//6
f 6056//5 6012//5 6014//5 6058//5
f 6057//6 6059//6 6015//6 6013//6
f 6058//5 6014//5 6016//5 6060//5
f 6059//6 6061//6 6017//6 6015//6
f 6060//5 6016//5 6018//5 6062//5
f 6061//6 6063//6 6019//6 6017//6
f 6062//5 6018//5 5593//5 5592//5
f 6063//6 6064//6 6020//6 6019//6
f 5596//1 6067//1 6021//1 5582//1
f 6067//6 6068//6 6022//6 6021//6
f 5597//5 5583//5 6023//5 6069//5
f 6068//6 6070//6 6024//6 6022//6
f 6069//5 6023//5 6025//5 6071//5
f 6070//6 6072//6 6026//6 6024//6
f 6071//5 6025//5 6027//5 6073//5
f 6072//6 6074//6 6028//6 6026//6
f 6073//5 6027//5 6029//5 6075//5
f 6074//6 6076//6 6030//6 6028//6
f 6075//5 6029//5 6031//5 6077//5
f 6076//6 6078//6 6032//6 6030//6
f 6077//5 6031//5 6033//5 6079//5
f 6078//6 6080//6 6034//6 6032//6
f 6079//5 6033//5 6035//5 6081//5
f 6080//6 6082//6 6036//6 6034//6
f 6081//5 6035//5 6037//5 6083//5
f 6082//6 6084//6 6038//6 6036//6
f 6083//5 6037//5 6039//5 6085//5
f 6084//6 6086//6 6040//6 6038//6
f 6085//5 6039//5 5584//5 5598//5
f 6086//6 6087//6 6041//6 6040//6
f 5599//2 5587//2 6042//2 6088//2
f 6087//6 6088//6 6042//6 6041//6
f 6099//6 6100//6 6048//6 6045//6
f 5611//5 5591//5 6047//5 6101//5
f 6100//6 6102//6 6049//6 6048//6
f 6101//5 6047//5 6050//5 6103//5
f 6102//6 6104//6 6051//6 6049//6
f 6103//5 6050//5 6052//5 6105//5
f 6104//6 6106//6 6053//6 6051//6
f 6105//5 6052//5 6054//5 6107//5
f 6106//6 6108//6 6055//6 6053//6
f 6107//5 6054//5 6056//5 6109//5
f 6108//6 6110//6 6057//6 6055//6
f 6109//5 6056//5 6058//5 6111//5
f 6110//6 6112//6 6059//6 6057//6
f 6111//5 6058//5 6060//5 6113//5
f 6112//6 6114//6 6061//6 6059//6
f 6113//5 6060//5 6062//5 6115//5
f 6114//6 6116//6 6063//6 6061//6
f 6115//5 6062//5 5592//5 5612//5
f 6116//6 6117//6 6064//6 6063//6
f 6117//6 6118//6 6066//6 6064//6
f 5616//1 6121//1 6067//1 5596//1
f 6121//6 6122//6 6068//6 6067//6
f 5617//5 5597//5 6069//5 6123//5
f 6122//6 6124//6 6070//6 6068//6
f 6127//5 6073//5 6075//5 6129//5
f 6128//6 6130//6 6076//6 6074//6
f 6129//5 6075//5 6077//5 6131//5
f 6130//6 6132//6 6078//6 6076//6
f 6131//5 6077//5 6079//5 6133//5
f 6132//6 6134//6 6080//6 6078//6
f 6133//5 6079//5 6081//5 6135//5
f 6134//6 6136//6 6082//6 6080//6
f 6135//5 6081//5 6083//5 6137//5
f 6136//6 6138//6 6084//6 6082//6
f 5619//2 5599//2 6088//2 6142//2
f 6141//6 6142//6 6088//6 6087//6
f 5623//2 5603//2 6092//2 6146//2
f 5624//1 6147//1 6093//1 5604//1
f 5628//1 6151//1 6099//1 5610//1
f 6151//6 6152//6 6100//6 6099//6
f 5629//5 5611//5 6101//5 6153//5
f 6152//6 6154//6 6102//6 6100//6
f 6153//5 6101//5 6103//5 6155//5
f 6154//6 6156//6 6104//6 6102//6
f 6155//5 6103//5 6105//5 6157//5
f 6156//6 6158//6 6106//6 6104//6
f 6157//5 6105//5 6107//5 6159//5
f 6158//6 6160//6 6108//6 6106//6
f 6159//5 6107//5 6109//5 6161//5
f 6160//6 6162//6 6110//6 6108//6
f 6161//5 6109//5 6111//5 6163//5
f 6162//6 6164//6 6112//6 6110//6
f 6163//5 6111//5 6113//5 6165//5
f 6164//6 6166//6 6114//6 6112//6
f 6165//5 6113//5 6115//5 6167//5
f 6166//6 6168//6 6116//6 6114//6
f 6167//5 6115//5 5612//5 5630//5
f 6168//6 6169//6 6117//6 6116//6
f 5631//2 5615//2 6118//2 6170//2
f 6169//6 6170//6 6118//6 6117//6
f 5632//1 6171//1 6121//1 5616//1
f 6171//6 6172//6 6122//6 6121//6
f 5633//5 5617//5 6123//5 6173//5
f 6172//6 6174//6 6124//6 6122//6
f 6177//5 6127//5 6129//5 6179//5
f 6178//6 6180//6 6130//6 6128//6
f 6179//5 6129//5 6131//5 6181//5
f 6180//6 6182//6 6132//6 6130//6
f 6181//5 6131//5 6133//5 6183//5
f 6182//6 6184//6 6134//6 6132//6
f 6183//5 6133//5 6135//5 6185//5
f 6184//6 6186//6 6136//6 6134//6
f 6185//5 6135//5 6137//5 6187//5
f 6186//6 6188//6 6138//6 6136//6
f 5635//2 5619//2 6142//2 6192//2
f 6191//6 6192//6 6142//6 6141//6
f 5636//1 6193//1 6145//1 5622//1
f 5637//2 5623//2 6146//2 6194//2
f 5638//1 6195//1 6147//1 5624//1
f 5639//2 5627//2 6150//2 6196//2
f 5640//1 6197//1 6151//1 5628//1
f 6197//6 6198//6 6152//6 6151//6
f 5641//5 5629//5 6153//5 6199//5
f 6198//6 6200//6 6154//6 6152//6
f 6203//5 6157//5 6159//5 6205//5
f 6204//6 6206//6 6160//6 6158//6
f 6205//5 6159//5 6161//5 6207//5
f 6206//6 6208//6 6162//6 6160//6
f 6207//5 6161//5 6163//5 6209//5
f 6208//6 6210//6 6164//6 6162//6
f 6209//5 6163//5 6165//5 6211//5
f 6210//6 6212//6 6166//6 6164//6
f 5643//2 5631//2 6170//2 6216//2
f 6215//6 6216//6 6170//6 6169//6
f 5644//1 6217//1 6171//1 5632//1
f 6217//6 6218//6 6172//6 6171//6
f 5645//5 5633//5 6173//5 6219//5
f 6218//6 6220//6 6174//6 6172//6
f 6223//5 6177//5 6179//5 6225//5
f 6224//6 6226//6 6180//6 6178//6
f 6225//5 6179//5 6181//5 6227//5
f 6226//6 6228//6 6182//6 6180//6
f 6227//5 6181//5 6183//5 6229//5
f 6228//6 6230//6 6184//6 6182//6
f 6229//5 6183//5 6185//5 6231//5
f 6230//6 6232//6 6186//6 6184//6
f 6231//5 6185//5 6187//5 6233//5
f 6232//6 6234//6 6188//6 6186//6
f 5647//2 5635//2 6192//2 6238//2
f 6237//6 6238//6 6192//6 6191//6
f 5648//1 6239//1 6193//1 5636//1
f 5649//2 5637//2 6194//2 6240//2
f 5650//1 6241//1 6195//1 5638//1
f 5651//2 5639//2 6196//2 6242//2
f 5652//1 6243//1 6197//1 5640//1
f 6243//6 6244//6 6198//6 6197//6
f 5653//5 5641//5 6199//5 6245//5
f 6244//6 6246//6 6200//6 6198//6
f 6249//3 6251//3 6252//3 6250//3
f 6249//5 6203//5 6205//5 6251//5
f 6250//6 6252//6 6206//6 6204//6
f 6251//3 6253//3 6254//3 6252//3
f 6251//5 6205//5 6207//5 6253//5
f 6252//6 6254//6 6208//6 6206//6
f 6253//3 6255//3 6256//3 6254//3
f 6253//5 6207//5 6209//5 6255//5
f 6254//6 6256//6 6210//6 6208//6
f 6255//5 6209//5 6211//5 6257//5
f 6256//6 6258//6 6212//6 6210//6
f 5655//2 5643//2 6216//2 6262//2
f 6261//6 6262//6 6216//6 6215//6
f 5656//1 6263//1 6217//1 5644//1
f 6263//6 6264//6 6218//6 6217//6
f 5657//5 5645//5 6219//5 6265//5
f 6264//6 6266//6 6220//6 6218//6
f 6265//5 6219//5 6221//5 6267//5
f 6266//6 6268//6 6222//6 6220//6
f 6267//5 6221//5 6223//5 6269//5
f 6268//6 6270//6 6224//6 6222//6
f 6269//3 6271//3 6272//3 6270//3
f 6269//5 6223//5 6225//5 6271//5
f 6270//6 6272//6 6226//6 6224//6
f 6271//3 6273//3 6274//3 6272//3
f 6271//5 6225//5 6227//5 6273//5
f 6272//6 6274//6 6228//6 6226//6
f 6273//3 6275//3 6276//3 6274//3
f 6273//5 6227//5 6229//5 6275//5
f 6274//6 6276//6 6230//6 6228//6
f 6275//5 6229//5 6231//5 6277//5
f 6276//6 6278//6 6232//6 6230//6
f 6277//5 6231//5 6233//5 6279//5
f 6278//6 6280//6 6234//6 6232//6
f 6279//5 6233//5 6235//5 6281//5
f 6280//6 6282//6 6236//6 6234//6
f 6281//5 6235//5 5646//5 5658//5
f 6282//6 6283//6 6237//6 6236//6
f 5659//2 5647//2 6238//2 6284//2
f 6283//6 6284//6 6238//6 6237//6
f 5660//1 6285//1 6239//1 5648//1
f 5661//2 5649//2 6240//2 6286//2
f 5662//1 6287//1 6241//1 5650//1
f 5663//2 5651//2 6242//2 6288//2
f 5664//1 6289//1 6243//1 5652//1
f 6289//6 6290//6 6244//6 6243//6
f 5665//5 5653//5 6245//5 6291//5
f 6290//6 6292//6 6246//6 6244//6
f 6297//1 6298//1 6256//1 6255//1
f 6297//5 6255//5 6257//5 6299//5
f 6298//6 6300//6 6258//6 6256//6
f 5667//2 5655//2 6262//2 6304//2
f 6303//6 6304//6 6262//6 6261//6
f 5668//1 6305//1 6263//1 5656//1
f 6305//6 6306//6 6264//6 6263//6
f 5669//5 5657//5 6265//5 6307//5
f 6306//6 6308//6 6266//6 6264//6
f 6307//5 6265//5 6267//5 6309//5
f 6308//6 6310//6 6268//6 6266//6
f 6311//2 6269//2 6270//2 6312//2
f 6309//5 6267//5 6269//5 6311//5
f 6310//6 6312//6 6270//6 6268//6
f 6313//1 6314//1 6276//1 6275//1
f 6313//5 6275//5 6277//5 6315//5
f 6314//6 6316//6 6278//6 6276//6
f 6315//5 6277//5 6279//5 6317//5
f 6316//6 6318//6 6280//6 6278//6
f 6317//5 6279//5 6281//5 6319//5
f 6318//6 6320//6 6282//6 6280//6
f 6319//5 6281//5 5658//5 5670//5
f 6320//6 6321//6 6283//6 6282//6
f 5671//2 5659//2 6284//2 6322//2
f 6321//6 6322//6 6284//6 6283//6
f 5672//1 6323//1 6285//1 5660//1
f 5673//2 5661//2 6286//2 6324//2
f 5674//1 6325//1 6287//1 5662//1
f 5675//2 5663//2 6288//2 6326//2
f 5676//1 6327//1 6289//1 5664//1
f 6327//6 6328//6 6290//6 6289//6
f 5677//5 5665//5 6291//5 6329//5
f 6328//6 6330//6 6292//6 6290//6
f 6329//5 6291//5 6293//5 6331//5
f 6330//6 6332//6 6294//6 6292//6
f 6333//2 6295//2 6296//2 6334//2
f 6331//5 6293//5 6295//5 6333//5
f 6332//6 6334//6 6296//6 6294//6
f 6335//1 6336//1 6298//1 6297//1
f 6335//5 6297//5 6299//5 6337//5
f 6336//6 6338//6 6300//6 6298//6
f 6337//5 6299//5 6301//5 6339//5
f 6338//6 6340//6 6302//6 6300//6
f 6339//5 6301//5 5666//5 5678//5
f 6340//6 6341//6 6303//6 6302//6
f 5679//2 5667//2 6304//2 6342//2
f 6341//6 6342//6 6304//6 6303//6
f 5680//1 6343//1 6305//1 5668//1
f 6343//6 6344//6 6306//6 6305//6
f 5681//5 5669//5 6307//5 6345//5
f 6344//6 6346//6 6308//6 6306//6
f 6345//5 6307//5 6309//5 6347//5
f 6346//6 6348//6 6310//6 6308//6
f 6349//2 6311//2 6312//2 6350//2
f 6347//5 6309//5 6311//5 6349//5
f 6348//6 6350//6 6312//6 6310//6
f 6351//1 6352//1 6314//1 6313//1
f 6351//5 6313//5 6315//5 6353//5
f 6352//6 6354//6 6316//6 6314//6
f 6353//5 6315//5 6317//5 6355//5
f 6354//6 6356//6 6318//6 6316//6
f 6355//5 6317//5 6319//5 6357//5
f 6356//6 6358//6 6320//6 6318//6
f 6357//5 6319//5 5670//5 5682//5
f 6358//6 6359//6 6321//6 6320//6
f 5683//2 5671//2 6322//2 6360//2
f 6359//6 6360//6 6322//6 6321//6
f 5684//1 6361//1 6323//1 5672//1
f 5685//2 5673//2 6324//2 6362//2
f 5686//1 6363//1 6325//1 5674//1
f 5687//2 5675//2 6326//2 6364//2
f 5688//1 6365//1 6327//1 5676//1
f 6365//6 6366//6 6328//6 6327//6
f 5689//5 5677//5 6329//5 6367//5
f 6366//6 6368//6 6330//6 6328//6
f 6367//5 6329//5 6331//5 6369//5
f 6368//6 6370//6 6332//6 6330//6
f 6371//2 6333//2 6334//2 6372//2
f 6369//5 6331//5 6333//5 6371//5
f 6370//6 6372//6 6334//6 6332//6
f 6373//1 6374//1 6336//1 6335//1
f 6373//5 6335//5 6337//5 6375//5
f 6374//6 6376//6 6338//6 6336//6
f 6375//5 6337//5 6339//5 6377//5
f 6376//6 6378//6 6340//6 6338//6
f 6377//5 6339//5 5678//5 5690//5
f 6378//6 6379//6 6341//6 6340//6
f 5691//2 5679//2 6342//2 6380//2
f 6379//6 6380//6 6342//6 6341//6
f 5692//1 6381//1 6343//1 5680//1
f 6381//6 6382//6 6344//6 6343//6
f 5693//5 5681//5 6345//5 6383//5
f 6382//6 6384//6 6346//6 6344//6
f 6383//5 6345//5 6347//5 6385//5
f 6384//6 6386//6 6348//6 6346//6
f 6387//2 6349//2 6350//2 6388//2
f 6385//5 6347//5 6349//5 6387//5
f 6386//6 6388//6 6350//6 6348//6
f 6389//1 6390//1 6352//1 6351//1
f 6389//5 6351//5 6353//5 6391//5
f 6390//6 6392//6 6354//6 6352//6
f 6391//5 6353//5 6355//5 6393//5
f 6392//6 6394//6 6356//6 6354//6
f 6393//5 6355//5 6357//5 6395//5
f 6394//6 6396//6 6358//6 6356//6
f 6395//5 6357//5 5682//5 5694//5
f 6396//6 6397//6 6359//6 6358//6
f 5695//2 5683//2 6360//2 6398//2
f 6397//6 6398//6 6360//6 6359//6
f 5696//1 6399//1 6361//1 5684//1
f 5697//2 5685//2 6362//2 6400//2
f 5698//1 6401//1 6363//1 5686//1
f 5699//2 5687//2 6364//2 6402//2
f 5700//1 6403//1 6365//1 5688//1
f 6403//6 6404//6 6366//6 6365//6
f 5701//5 5689//5 6367//5 5713//5
f 6404//6 6405//6 6368//6 6366//6
f 5713//5 6367//5 6369//5 5714//5
f 6405//6 6406//6 6370//6 6368//6
f 5715//2 6371//2 6372//2 6407//2
f 5714//5 6369//5 6371//5 5715//5
f 6406//6 6407//6 6372//6 6370//6
f 5718//1 6408//1 6374//1 6373//1
f 5718//5 6373//5 6375//5 5719//5
f 6408//6 6409//6 6376//6 6374//6
f 5719//5 6375//5 6377//5 5720//5
f 6409//6 6410//6 6378//6 6376//6
f 5720//5 6377//5 5690//5 5702//5
f 6410//6 6411//6 6379//6 6378//6
f 5703//2 5691//2 6380//2 6412//2
f 6411//6 6412//6 6380//6 6379//6
f 5704//1 6413//1 6381//1 5692//1
f 6413//6 6414//6 6382//6 6381//6
f 5705//5 5693//5 6383//5 5723//5
f 6414//6 6415//6 6384//6 6382//6
f 5723//5 6383//5 6385//5 5724//5
f 6415//6 6416//6 6386//6 6384//6
f 5725//2 6387//2 6388//2 6417//2
f 5724//5 6385//5 6387//5 5725//5
f 6416//6 6417//6 6388//6 6386//6
f 5728//1 6418//1 6390//1 6389//1
f 5728//5 6389//5 6391//5 5729//5
f 6418//6 6419//6 6392//6 6390//6
f 5729//5 6391//5 6393//5 5730//5
f 6419//6 6420//6 6394//6 6392//6
f 5730//5 6393//5 6395//5 5731//5
f 6420//6 6421//6 6396//6 6394//6
f 5731//5 6395//5 5694//5 5706//5
f 6421//6 6422//6 6397//6 6396//6
f 5707//2 5695//2 6398//2 6423//2
f 6422//6 6423//6 6398//6 6397//6
f 5708//1 6424//1 6399//1 5696//1
f 5709//2 5697//2 6400//2 6425//2
f 5710//1 6426//1 6401//1 5698//1
f 5711//2 5699//2 6402//2 6427//2
f 6146//2 6092//2 6658//2 6672//2
f 6147//1 6673//1 6659//1 6093//1
f 6193//1 6677//1 6671//1 6145//1
f 6194//2 6146//2 6672//2 6678//2
f 6195//1 6679//1 6673//1 6147//1
f 6196//2 6150//2 6676//2 6680//2
f 6239//1 6681//1 6677//1 6193//1
f 6240//2 6194//2 6678//2 6682//2
f 6241//1 6683//1 6679//1 6195//1
f 6242//2 6196//2 6680//2 6684//2
f 6285//1 6685//1 6681//1 6239//1
f 6286//2 6240//2 6682//2 6686//2
f 6287//1 6687//1 6683//1 6241//1
f 6288//2 6242//2 6684//2 6688//2
f 6323//1 6689//1 6685//1 6285//1
f 6324//2 6286//2 6686//2 6690//2
f 6325//1 6691//1 6687//1 6287//1
f 6326//2 6288//2 6688//2 6692//2
f 6361//1 6693//1 6689//1 6323//1
f 6362//2 6324//2 6690//2 6694//2
f 6363//1 6695//1 6691//1 6325//1
f 6364//2 6326//2 6692//2 6696//2
f 6399//1 6697//1 6693//1 6361//1
f 6400//2 6362//2 6694//2 6698//2
f 6401//1 6699//1 6695//1 6363//1
f 6402//2 6364//2 6696//2 6700//2
f 6424//1 6701//1 6697//1 6399//1
f 6425//2 6400//2 6698//2 6702//2
f 6426//1 6703//1 6699//1 6401//1
f 6427//2 6402//2 6700//2 6704//2
f 6568//5 6552//5 6555//5 6569//5
f 6821//6 6822//6 6818//6 6815//6
f 6586//5 6566//5 6568//5 6827//5
f 6828//6 6829//6 6821//6 6819//6
f 6827//5 6568//5 6569//5 6830//5
f 6829//6 6831//6 6822//6 6821//6
f 6830//5 6569//5 6571//5 6587//5
f 6831//6 6832//6 6824//6 6822//6
f 6604//5 6584//5 6586//5 6837//5
f 6838//6 6839//6 6828//6 6825//6
f 6837//5 6586//5 6827//5 6840//5
f 6839//6 6841//6 6829//6 6828//6
f 6840//5 6827//5 6830//5 6842//5
f 6841//6 6843//6 6831//6 6829//6
f 6842//5 6830//5 6587//5 6844//5
f 6843//6 6845//6 6832//6 6831//6
f 6844//5 6587//5 6589//5 6605//5
f 6845//6 6846//6 6834//6 6832//6
f 6622//5 6602//5 6604//5 6851//5
f 6852//6 6853//6 6838//6 6835//6
f 6851//5 6604//5 6837//5 6854//5
f 6853//6 6855//6 6839//6 6838//6
f 6854//5 6837//5 6840//5 6856//5
f 6855//6 6857//6 6841//6 6839//6
f 6856//5 6840//5 6842//5 6858//5
f 6857//6 6859//6 6843//6 6841//6
f 6858//5 6842//5 6844//5 6860//5
f 6859//6 6861//6 6845//6 6843//6
f 6860//5 6844//5 6605//5 6862//5
f 6861//6 6863//6 6846//6 6845//6
f 6862//5 6605//5 6607//5 6623//5
f 6863//6 6864//6 6848//6 6846//6
f 6640//5 6620//5 6622//5 6869//5
f 6870//6 6871//6 6852//6 6849//6
f 6869//5 6622//5 6851//5 6872//5
f 6871//6 6873//6 6853//6 6852//6
f 6872//5 6851//5 6854//5 6874//5
f 6873//6 6875//6 6855//6 6853//6
f 6874//5 6854//5 6856//5 6876//5
f 6875//6 6877//6 6857//6 6855//6
f 6876//5 6856//5 6858//5 6878//5
f 6877//6 6879//6 6859//6 6857//6
f 6878//5 6858//5 6860//5 6880//5
f 6879//6 6881//6 6861//6 6859//6
f 6880//5 6860//5 6862//5 6882//5
f 6881//6 6883//6 6863//6 6861//6
f 6882//5 6862//5 6623//5 6884//5
f 6883//6 6885//6 6864//6 6863//6
f 6884//5 6623//5 6625//5 6641//5
f 6885//6 6886//6 6866//6 6864//6
f 6657//1 6889//1 6867//1 6638//1
f 6657//5 6638//5 6640//5 6890//5
f 6889//6 6891//6 6870//6 6867//6
f 6890//5 6640//5 6869//5 6892//5
f 6891//6 6893//6 6871//6 6870//6
f 6892//5 6869//5 6872//5 6894//5
f 6893//6 6895//6 6873//6 6871//6
f 6894//5 6872//5 6874//5 6896//5
f 6895//6 6897//6 6875//6 6873//6
f 6896//5 6874//5 6876//5 6898//5
f 6897//6 6899//6 6877//6 6875//6
f 6898//5 6876//5 6878//5 6900//5
f 6899//6 6901//6 6879//6 6877//6
f 6900//5 6878//5 6880//5 6902//5
f 6901//6 6903//6 6881//6 6879//6
f 6902//5 6880//5 6882//5 6904//5
f 6903//6 6905//6 6883//6 6881//6
f 6904//5 6882//5 6884//5 6906//5
f 6905//6 6907//6 6885//6 6883//6
f 6906//5 6884//5 6641//5 6908//5
f 6907//6 6909//6 6886//6 6885//6
f 6660//2 6643//2 6888//2 6910//2
f 6908//5 6641//5 6643//5 6660//5
f 6909//6 6910//6 6888//6 6886//6
f 6658//5 6657//5 6890//5 6913//5
f 6914//6 6915//6 6891//6 6889//6
f 6913//5 6890//5 6892//5 6916//5
f 6915//6 6917//6 6893//6 6891//6
f 6916//5 6892//5 6894//5 6918//5
f 6917//6 6919//6 6895//6 6893//6
f 6918//5 6894//5 6896//5 6920//5
f 6919//6 6921//6 6897//6 6895//6
f 6920//5 6896//5 6898//5 6922//5
f 6921//6 6923//6 6899//6 6897//6
f 6922//5 6898//5 6900//5 6924//5
f 6923//6 6925//6 6901//6 6899//6
f 6924//5 6900//5 6902//5 6926//5
f 6925//6 6927//6 6903//6 6901//6
f 6926//5 6902//5 6904//5 6928//5
f 6927//6 6929//6 6905//6 6903//6
f 6928//5 6904//5 6906//5 6930//5
f 6929//6 6931//6 6907//6 6905//6
f 6930//5 6906//5 6908//5 6932//5
f 6931//6 6933//6 6909//6 6907//6
f 6932//5 6908//5 6660//5 6659//5
f 6933//6 6934//6 6910//6 6909//6
f 6939//6 6940//6 6914//6 6911//6
f 6672//5 6658//5 6913//5 6941//5
f 6940//6 6942//6 6915//6 6914//6
f 6941//5 6913//5 6916//5 6943//5
f 6942//6 6944//6 6917//6 6915//6
f 6943//5 6916//5 6918//5 6945//5
f 6944//6 6946//6 6919//6 6917//6
f 6945//5 6918//5 6920//5 6947//5
f 6946//6 6948//6 6921//6 6919//6
f 6947//5 6920//5 6922//5 6949//5
f 6948//6 6950//6 6923//6 6921//6
f 6949//5 6922//5 6924//5 6951//5
f 6950//6 6952//6 6925//6 6923//6
f 6951//5 6924//5 6926//5 6953//5
f 6952//6 6954//6 6927//6 6925//6
f 6953//5 6926//5 6928//5 6955//5
f 6954//6 6956//6 6929//6 6927//6
f 6955//5 6928//5 6930//5 6957//5
f 6956//6 6958//6 6931//6 6929//6
f 6957//5 6930//5 6932//5 6959//5
f 6958//6 6960//6 6933//6 6931//6
f 6959//5 6932//5 6659//5 6673//5
f 6960//6 6961//6 6934//6 6933//6
f 6961//6 6962//6 6936//6 6934//6
f 6677//1 6965//1 6939//1 6671//1
f 6965//6 6966//6 6940//6 6939//6
f 6678//5 6672//5 6941//5 6967//5
f 6966//6 6968//6 6942//6 6940//6
f 6967//5 6941//5 6943//5 6969//5
f 6968//6 6970//6 6944//6 6942//6
f 6969//5 6943//5 6945//5 6971//5
f 6970//6 6972//6 6946//6 6944//6
f 6971//5 6945//5 6947//5 6973//5
f 6972//6 6974//6 6948//6 6946//6
f 6973//5 6947//5 6949//5 6975//5
f 6974//6 6976//6 6950//6 6948//6
f 6975//5 6949//5 6951//5 6977//5
f 6976//6 6978//6 6952//6 6950//6
f 6977//5 6951//5 6953//5 6979//5
f 6978//6 6980//6 6954//6 6952//6
f 6979//5 6953//5 6955//5 6981//5
f 6980//6 6982//6 6956//6 6954//6
f 6981//5 6955//5 6957//5 6983//5
f 6982//6 6984//6 6958//6 6956//6
f 6983//5 6957//5 6959//5 6985//5
f 6984//6 6986//6 6960//6 6958//6
f 6985//5 6959//5 6673//5 6679//5
f 6986//6 6987//6 6961//6 6960//6
f 6680//2 6676//2 6962//2 6988//2
f 6987//6 6988//6 6962//6 6961//6
f 6681//1 6989//1 6965//1 6677//1
f 6989//6 6990//6 6966//6 6965//6
f 6682//5 6678//5 6967//5 6991//5
f 6990//6 6992//6 6968//6 6966//6
f 6995//5 6971//5 6973//5 6997//5
f 6996//6 6998//6 6974//6 6972//6
f 6997//5 6973//5 6975//5 6999//5
f 6998//6 7000//6 6976//6 6974//6
f 6999//5 6975//5 6977//5 7001//5
f 7000//6 7002//6 6978//6 6976//6
f 7001//5 6977//5 6979//5 7003//5
f 7002//6 7004//6 6980//6 6978//6
f 7003//5 6979//5 6981//5 7005//5
f 7004//6 7006//6 6982//6 6980//6
f 7005//5 6981//5 6983//5 7007//5
f 7006//6 7008//6 6984//6 6982//6
f 6684//2 6680//2 6988//2 7012//2
f 7011//6 7012//6 6988//6 6987//6
f 6685//1 7013//1 6989//1 6681//1
f 7013//6 7014//6 6990//6 6989//6
f 6686//5 6682//5 6991//5 7015//5
f 7014//6 7016//6 6992//6 6990//6
f 7019//5 6995//5 6997//5 7021//5
f 7020//6 7022//6 6998//6 6996//6
f 7021//3 7023//3 7024//3 7022//3
f 7021//5 6997//5 6999//5 7023//5
f 7022//6 7024//6 7000//6 6998//6
f 7023//3 7025//3 7026//3 7024//3
f 7023//5 6999//5 7001//5 7025//5
f 7024//6 7026//6 7002//6 7000//6
f 7025//3 7027//3 7028//3 7026//3
f 7025//5 7001//5 7003//5 7027//5
f 7026//6 7028//6 7004//6 7002//6
f 7027//5 7003//5 7005//5 7029//5
f 7028//6 7030//6 7006//6 7004//6
f 7029//5 7005//5 7007//5 7031//5
f 7030//6 7032//6 7008//6 7006//6
f 6688//2 6684//2 7012//2 7036//2
f 7035//6 7036//6 7012//6 7011//6
f 6689//1 7037//1 7013//1 6685//1
f 7037//6 7038//6 7014//6 7013//6
f 6690//5 6686//5 7015//5 7039//5
f 7038//6 7040//6 7016//6 7014//6
f 7045//2 7021//2 7022//2 7046//2
f 7043//5 7019//5 7021//5 7045//5
f 7044//6 7046//6 7022//6 7020//6
f 7047//1 7048//1 7028//1 7027//1
f 7047//5 7027//5 7029//5 7049//5
f 7048//6 7050//6 7030//6 7028//6
f 7049//5 7029//5 7031//5 7051//5
f 7050//6 7052//6 7032//6 7030//6
f 6692//2 6688//2 7036//2 7056//2
f 7055//6 7056//6 7036//6 7035//6
f 6693//1 7057//1 7037//1 6689//1
f 7057//6 7058//6 7038//6 7037//6
f 6694//5 6690//5 7039//5 7059//5
f 7058//6 7060//6 7040//6 7038//6
f 7059//5 7039//5 7041//5 7061//5
f 7060//6 7062//6 7042//6 7040//6
f 7061//5 7041//5 7043//5 7063//5
f 7062//6 7064//6 7044//6 7042//6
f 7065//2 7045//2 7046//2 7066//2
f 7063//5 7043//5 7045//5 7065//5
f 7064//6 7066//6 7046//6 7044//6
f 7067//1 7068//1 7048//1 7047//1
f 7067//5 7047//5 7049//5 7069//5
f 7068//6 7070//6 7050//6 7048//6
f 7069//5 7049//5 7051//5 7071//5
f 7070//6 7072//6 7052//6 7050//6
f 7071//5 7051//5 7053//5 7073//5
f 7072//6 7074//6 7054//6 7052//6
f 7073//5 7053//5 6691//5 6695//5
f 7074//6 7075//6 7055//6 7054//6
f 6696//2 6692//2 7056//2 7076//2
f 7075//6 7076//6 7056//6 7055//6
f 6697//1 7077//1 7057//1 6693//1
f 7077//6 7078//6 7058//6 7057//6
f 6698//5 6694//5 7059//5 7079//5
f 7078//6 7080//6 7060//6 7058//6
f 7079//5 7059//5 7061//5 7081//5
f 7080//6 7082//6 7062//6 7060//6
f 7081//5 7061//5 7063//5 7083//5
f 7082//6 7084//6 7064//6 7062//6
f 7085//2 7065//2 7066//2 7086//2
f 7083//5 7063//5 7065//5 7085//5
f 7084//6 7086//6 7066//6 7064//6
f 7087//1 7088//1 7068//1 7067//1
f 7087//5 7067//5 7069//5 7089//5
f 7088//6 7090//6 7070//6 7068//6
f 7089//5 7069//5 7071//5 7091//5
f 7090//6 7092//6 7072//6 7070//6
f 7091//5 7071//5 7073//5 7093//5
f 7092//6 7094//6 7074//6 7072//6
f 7093//5 7073//5 6695//5 6699//5
f 7094//6 7095//6 7075//6 7074//6
f 6700//2 6696//2 7076//2 7096//2
f 7095//6 7096//6 7076//6 7075//6
f 6701//1 7097//1 7077//1 6697//1
f 7097//6 7098//6 7078//6 7077//6
f 6702//5 6698//5 7079//5 6706//5
f 7098//6 7099//6 7080//6 7078//6
f 6706//5 7079//5 7081//5 6707//5
f 7099//6 7100//6 7082//6 7080//6
f 6707//5 7081//5 7083//5 6708//5
f 7100//6 7101//6 7084//6 7082//6
f 6709//2 7085//2 7086//2 7102//2
f 6708//5 7083//5 7085//5 6709//5
f 7101//6 7102//6 7086//6 7084//6
f 6712//1 7103//1 7088//1 7087//1
f 6712//5 7087//5 7089//5 6713//5
f 7103//6 7104//6 7090//6 7088//6
f 6713//5 7089//5 7091//5 6714//5
f 7104//6 7105//6 7092//6 7090//6
f 6714//5 7091//5 7093//5 6715//5
f 7105//6 7106//6 7094//6 7092//6
f 6715//5 7093//5 6699//5 6703//5
f 7106//6 7107//6 7095//6 7094//6
f 6704//2 6700//2 7096//2 7108//2
f 7107//6 7108//6 7096//6 7095//6
f 7751//1 7752//1 7753//1 7754//1
f 7755//2 7756//2 7757//2 7758//2
f 7751//3 7755//3 7758//3 7752//3
f 7754//4 7753//4 7757//4 7756//4
f 7751//5 7754//5 7756//5 7755//5
f 7903//1 7904//1 7905//1 7906//1
f 7903//3 7907//3 7908//3 7904//3
f 7906//4 7905//4 7909//4 7910//4
f 7903//5 7906//5 7910//5 7907//5
f 7907//3 7911//3 7912//3 7908//3
f 7910//4 7909//4 7913//4 7914//4
f 7907//5 7910//5 7914//5 7911//5
f 7911//3 7752//3 7915//3 7912//3
f 7914//4 7913//4 7916//4 7753//4
f 7911//5 7914//5 7753//5 7752//5
f 7752//3 7758//3 7917//3 7915//3
f 7753//4 7916//4 7918//4 7757//4
f 7758//3 7919//3 7920//3 7917//3
f 7757//4 7918//4 7921//4 7922//4
f 7758//5 7757//5 7922//5 7919//5
f 7919//3 7923//3 7924//3 7920//3
f 7922//4 7921//4 7925//4 7926//4
f 7919//5 7922//5 7926//5 7923//5
f 7927//2 7928//2 7929//2 7930//2
f 7923//3 7927//3 7930//3 7924//3
f 7926//4 7925//4 7929//4 7928//4
f 7923//5 7926//5 7928//5 7927//5
f 7931//1 7932//1 7933//1 7934//1
f 7934//4 7933//4 7935//4 7936//4
f 7931//5 7934//5 7936//5 7937//5
f 7936//4 7935//4 7938//4 7939//4
f 7937//5 7936//5 7939//5 7940//5
f 7939//4 7938//4 7941//4 7942//4
f 7940//5 7939//5 7942//5 7943//5
f 7942//4 7941//4 7944//4 7945//4
f 7943//5 7942//5 7945//5 7946//5
f 7945//4 7944//4 7947//4 7948//4
f 7946//5 7945//5 7948//5 7949//5
f 7948//4 7947//4 7950//4 7951//4
f 7949//5 7948//5 7951//5 7952//5
f 7951//4 7950//4 7953//4 7954//4
f 7952//5 7951//5 7954//5 7955//5
f 7954//4 7953//4 7956//4 7957//4
f 7955//5 7954//5 7957//5 7958//5
f 7957//4 7956//4 7959//4 7960//4
f 7958//5 7957//5 7960//5 7961//5
f 7960//4 7959//4 7962//4 7963//4
f 7961//5 7960//5 7963//5 7964//5
f 7963//4 7962//4 7965//4 7966//4
f 7964//5 7963//5 7966//5 7967//5
f 7966//4 7965//4 7968//4 7969//4
f 7967//5 7966//5 7969//5 7970//5
f 7969//4 7968//4 7971//4 7972//4
f 7970//5 7969//5 7972//5 7973//5
f 7972//4 7971//4 7974//4 7975//4
f 7973//5 7972//5 7975//5 7976//5
f 7975//4 7974//4 7977//4 7978//4
f 7976//5 7975//5 7978//5 7979//5
f 7978//4 7977//4 7980//4 7981//4
f 7979//5 7978//5 7981//5 7982//5
f 7981//4 7980//4 7983//4 7984//4
f 7982//5 7981//5 7984//5 7985//5
f 7984//4 7983//4 7986//4 7987//4
f 7985//5 7984//5 7987//5 7988//5
f 7987//4 7986//4 7989//4 7990//4
f 7988//5 7987//5 7990//5 7991//5
f 7990//4 7989//4 7992//4 7993//4
f 7991//5 7990//5 7993//5 7994//5
f 7993//4 7992//4 7995//4 7996//4
f 7994//5 7993//5 7996//5 7997//5
f 7996//4 7995//4 7998//4 7999//4
f 7997//5 7996//5 7999//5 8000//5
f 7999//4 7998//4 8001//4 8002//4
f 8000//5 7999//5 8002//5 8003//5
f 8002//4 8001//4 8004//4 8005//4
f 8003//5 8002//5 8005//5 8006//5
f 8005//4 8004//4 8007//4 8008//4
f 8006//5 8005//5 8008//5 8009//5
f 8008//4 8007//4 8010//4 8011//4
f 8009//5 8008//5 8011//5 8012//5
f 8011//4 8010//4 8013//4 8014//4
f 8012//5 8011//5 8014//5 8015//5
f 8014//4 8013//4 8016//4 8017//4
f 8015//5 8014//5 8017//5 8018//5
f 8017//4 8016//4 8019//4 8020//4
f 8018//5 8017//5 8020//5 8021//5
f 8020//4 8019//4 8022//4 8023//4
f 8021//5 8020//5 8023//5 8024//5
f 8023//4 8022//4 8025//4 8026//4
f 8024//5 8023//5 8026//5 8027//5
f 8026//4 8025//4 8028//4 8029//4
f 8027//5 8026//5 8029//5 8030//5
f 8029//4 8028//4 8031//4 8032//4
f 8030//5 8029//5 8032//5 8033//5
f 8032//4 8031//4 8034//4 8035//4
f 8033//5 8032//5 8035//5 8036//5
f 8035//4 8034//4 8037//4 8038//4
f 8036//5 8035//5 8038//5 8039//5
f 8038//4 8037//4 8040//4 8041//4
f 8039//5 8038//5 8041//5 8042//5
f 8041//4 8040//4 8043//4 8044//4
f 8042//5 8041//5 8044//5 8045//5
f 8044//4 8043//4 8046//4 8047//4
f 8045//5 8044//5 8047//5 8048//5
f 8047//4 8046//4 8049//4 8050//4
f 8048//5 8047//5 8050//5 8051//5
f 8050//4 8049//4 8052//4 8053//4
f 8051//5 8050//5 8053//5 8054//5
f 8053//4 8052//4 8055//4 8056//4
f 8054//5 8053//5 8056//5 8057//5
f 8056//4 8055//4 8058//4 8059//4
f 8057//5 8056//5 8059//5 8060//5
f 8059//4 8058//4 8061//4 8062//4
f 8060//5 8059//5 8062//5 8063//5
f 8062//4 8061//4 8064//4 8065//4
f 8063//5 8062//5 8065//5 8066//5
f 8065//4 8064//4 8067//4 8068//4
f 8066//5 8065//5 8068//5 8069//5
f 8068//4 8067//4 8070//4 8071//4
f 8069//5 8068//5 8071//5 8072//5
f 8071//4 8070//4 8073//4 8074//4
f 8072//5 8071//5 8074//5 8075//5
f 8074//4 8073//4 8076//4 8077//4
f 8075//5 8074//5 8077//5 8078//5
f 8077//4 8076//4 8079//4 8080//4
f 8078//5 8077//5 8080//5 8081//5
f 8080//4 8079//4 8082//4 8083//4
f 8081//5 8080//5 8083//5 8084//5
f 8083//4 8082//4 8085//4 8086//4
f 8084//5 8083//5 8086//5 8087//5
f 8086//4 8085//4 8088//4 8089//4
f 8087//5 8086//5 8089//5 8090//5
f 8089//4 8088//4 8091//4 8092//4
f 8090//5 8089//5 8092//5 8093//5
f 8094//2 8095//2 8096//2 8097//2
f 8092//4 8091//4 8096//4 8095//4
f 8093//5 8092//5 8095//5 8094//5
f 8098//1 8099//1 7932//1 7931//1
f 8098//5 7931//5 7937//5 8100//5
f 8100//5 7937//5 7940//5 8101//5
f 8101//5 7940//5 7943//5 8102//5
f 8102//5 7943//5 7946//5 8103//5
f 8103//5 7946//5 7949//5 8104//5
f 8104//5 7949//5 7952//5 8105//5
f 8105//5 7952//5 7955//5 8106//5
f 8106//5 7955//5 7958//5 8107//5
f 8107//5 7958//5 7961//5 8108//5
f 8108//5 7961//5 7964//5 8109//5
f 8109//5 7964//5 7967//5 8110//5
f 8110//5 7967//5 7970//5 8111//5
f 8111//5 7970//5 7973//5 8112//5
f 8112//5 7973//5 7976//5 8113//5
f 8113//5 7976//5 7979//5 8114//5
f 8114//5 7979//5 7982//5 8115//5
f 8115//5 7982//5 7985//5 8116//5
f 8116//5 7985//5 7988//5 8117//5
f 8117//5 7988//5 7991//5 8118//5
f 8118//5 7991//5 7994//5 8119//5
f 8119//5 7994//5 7997//5 8120//5
f 8120//5 7997//5 8000//5 8121//5
f 8121//5 8000//5 8003//5 8122//5
f 8122//5 8003//5 8006//5 8123//5
f 8123//5 8006//5 8009//5 8124//5
f 8124//5 8009//5 8012//5 8125//5
f 8125//5 8012//5 8015//5 8126//5
f 8126//5 8015//5 8018//5 8127//5
f 8127//5 8018//5 8021//5 8128//5
f 8128//5 8021//5 8024//5 8129//5
f 8129//5 8024//5 8027//5 8130//5
f 8130//5 8027//5 8030//5 8131//5
f 8131//5 8030//5 8033//5 8132//5
f 8132//5 8033//5 8036//5 8133//5
f 8133//5 8036//5 8039//5 8134//5
f 8134//5 8039//5 8042//5 8135//5
f 8135//5 8042//5 8045//5 8136//5
f 8136//5 8045//5 8048//5 8137//5
f 8137//5 8048//5 8051//5 8138//5
f 8138//5 8051//5 8054//5 8139//5
f 8139//5 8054//5 8057//5 8140//5
f 8140//5 8057//5 8060//5 8141//5
f 8141//5 8060//5 8063//5 8142//5
f 8142//5 8063//5 8066//5 8143//5
f 8143//5 8066//5 8069//5 8144//5
f 8144//5 8069//5 8072//5 8145//5
f 8145//5 8072//5 8075//5 8146//5
f 8146//5 8075//5 8078//5 8147//5
f 8147//5 8078//5 8081//5 8148//5
f 8148//5 8081//5 8084//5 8149//5
f 8149//5 8084//5 8087//5 8150//5
f 8150//5 8087//5 8090//5 8151//5
f 8151//5 8090//5 8093//5 8152//5
f 8153//2 8094//2 8097//2 8154//2
f 8152//5 8093//5 8094//5 8153//5
f 7760//1 8155//1 8099//1 8098//1
f 7760//5 8098//5 8100//5 7761//5
f 7761//5 8100//5 8101//5 7762//5
f 7762//5 8101//5 8102//5 7763//5
f 7763//5 8102//5 8103//5 7764//5
f 7764//5 8103//5 8104//5 7765//5
f 7765//5 8104//5 8105//5 7766//5
f 7766//5 8105//5 8106//5 7767//5
f 7767//5 8106//5 8107//5 7768//5
f 7768//5 8107//5 8108//5 7769//5
f 7769//5 8108//5 8109//5 7770//5
f 7770//5 8109//5 8110//5 7771//5
f 7771//5 8110//5 8111//5 7772//5
f 7772//5 8111//5 8112//5 7773//5
f 7773//5 8112//5 8113//5 7774//5
f 7774//5 8113//5 8114//5 7775//5
f 7775//5 8114//5 8115//5 7776//5
f 7776//5 8115//5 8116//5 7777//5
f 7777//5 8116//5 8117//5 7778//5
f 7778//5 8117//5 8118//5 7779//5
f 7779//5 8118//5 8119//5 7780//5
f 7780//5 8119//5 8120//5 7781//5
f 7781//5 8120//5 8121//5 7782//5
f 7782//5 8121//5 8122//5 7783//5
f 7783//5 8122//5 8123//5 7784//5
f 7784//5 8123//5 8124//5 7785//5
f 7785//5 8124//5 8125//5 7786//5
f 7786//5 8125//5 8126//5 7787//5
f 7787//5 8126//5 8127//5 7788//5
f 7788//5 8127//5 8128//5 7789//5
f 7789//5 8128//5 8129//5 7790//5
f 7790//5 8129//5 8130//5 7791//5
f 7791//5 8130//5 8131//5 7792//5
f 7792//5 8131//5 8132//5 7793//5
f 7793//5 8132//5 8133//5 7794//5
f 7794//5 8133//5 8134//5 7795//5
f 7795//5 8134//5 8135//5 7796//5
f 7796//5 8135//5 8136//5 7797//5
f 7797//5 8136//5 8137//5 7798//5
f 7798//5 8137//5 8138//5 7799//5
f 7799//5 8138//5 8139//5 7800//5
f 7800//5 8139//5 8140//5 7801//5
f 7801//5 8140//5 8141//5 7802//5
f 7802//5 8141//5 8142//5 7803//5
f 7803//5 8142//5 8143//5 7804//5
f 7804//5 8143//5 8144//5 7805//5
f 7805//5 8144//5 8145//5 7806//5
f 7806//5 8145//5 8146//5 7807//5
f 7807//5 8146//5 8147//5 7808//5
f 7808//5 8147//5 8148//5 7809//5
f 7809//5 8148//5 8149//5 7810//5
f 7810//5 8149//5 8150//5 7811//5
f 7811//5 8150//5 8151//5 7812//5
f 7812//5 8151//5 8152//5 7813//5
f 7814//2 8153//2 8154//2 8156//2
f 7813//5 8152//5 8153//5 7814//5
f 7759//1 8157//1 8155//1 7760//1
f 7815//2 7814//2 8156//2 8158//2
f 7816//1 8159//1 8157//1 7759//1
f 7870//2 7815//2 8158//2 8160//2
f 8161//1 8162//1 8159//1 7816//1
f 8161//3 8163//3 8164//3 8162//3
f 8161//5 7816//5 7817//5 8163//5
f 8163//3 8165//3 8166//3 8164//3
f 8163//5 7817//5 7818//5 8165//5
f 8165//3 8167//3 8168//3 8166//3
f 8165//5 7818//5 7819//5 8167//5
f 8167//3 8169//3 8170//3 8168//3
f 8167//5 7819//5 7820//5 8169//5
f 8169//3 8171//3 8172//3 8170//3
f 8169//5 7820//5 7821//5 8171//5
f 8171//3 8173//3 8174//3 8172//3
f 8171//5 7821//5 7822//5 8173//5
f 8173//3 8175//3 8176//3 8174//3
f 8173//5 7822//5 7823//5 8175//5
f 8175//3 8177//3 8178//3 8176//3
f 8175//5 7823//5 7824//5 8177//5
f 8177//3 8179//3 8180//3 8178//3
f 8177//5 7824//5 7825//5 8179//5
f 8179//3 8181//3 8182//3 8180//3
f 8179//5 7825//5 7826//5 8181//5
f 8181//3 8183//3 8184//3 8182//3
f 8181//5 7826//5 7827//5 8183//5
f 8183//3 8185//3 8186//3 8184//3
f 8183//5 7827//5 7828//5 8185//5
f 8185//3 8187//3 8188//3 8186//3
f 8185//5 7828//5 7829//5 8187//5
f 8187//3 8189//3 8190//3 8188//3
f 8187//5 7829//5 7830//5 8189//5
f 8189//3 8191//3 8192//3 8190//3
f 8189//5 7830//5 7831//5 8191//5
f 8191//3 8193//3 8194//3 8192//3
f 8191//5 7831//5 7832//5 8193//5
f 8193//3 8195//3 8196//3 8194//3
f 8193//5 7832//5 7833//5 8195//5
f 8195//3 8197//3 8198//3 8196//3
f 8195//5 7833//5 7834//5 8197//5
f 8197//3 8199//3 8200//3 8198//3
f 8197//5 7834//5 7835//5 8199//5
f 8199//3 8201//3 8202//3 8200//3
f 8199//5 7835//5 7836//5 8201//5
f 8201//3 8203//3 8204//3 8202//3
f 8201//5 7836//5 7837//5 8203//5
f 8203//3 8205//3 8206//3 8204//3
f 8203//5 7837//5 7838//5 8205//5
f 8205//3 8207//3 8208//3 8206//3
f 8205//5 7838//5 7839//5 8207//5
f 8207//3 8209//3 8210//3 8208//3
f 8207//5 7839//5 7840//5 8209//5
f 8209//3 8211//3 8212//3 8210//3
f 8209//5 7840//5 7841//5 8211//5
f 8211//3 8213//3 8214//3 8212//3
f 8211//5 7841//5 7842//5 8213//5
f 8213//3 8215//3 8216//3 8214//3
f 8213//5 7842//5 7843//5 8215//5
f 8215//3 8217//3 8218//3 8216//3
f 8215//5 7843//5 7844//5 8217//5
f 8217//3 8219//3 8220//3 8218//3
f 8217//5 7844//5 7845//5 8219//5
f 8219//3 8221//3 8222//3 8220//3
f 8219//5 7845//5 7846//5 8221//5
f 8221//3 8223//3 8224//3 8222//3
f 8221//5 7846//5 7847//5 8223//5
f 8223//3 8225//3 8226//3 8224//3
f 8223//5 7847//5 7848//5 8225//5
f 8225//3 8227//3 8228//3 8226//3
f 8225//5 7848//5 7849//5 8227//5
f 8227//3 8229//3 8230//3 8228//3
f 8227//5 7849//5 7850//5 8229//5
f 8229//3 8231//3 8232//3 8230//3
f 8229//5 7850//5 7851//5 8231//5
f 8231//3 8233//3 8234//3 8232//3
f 8231//5 7851//5 7852//5 8233//5
f 8233//3 8235//3 8236//3 8234//3
f 8233//5 7852//5 7853//5 8235//5
f 8235//3 8237//3 8238//3 8236//3
f 8235//5 7853//5 7854//5 8237//5
f 8237//3 8239//3 8240//3 8238//3
f 8237//5 7854//5 7855//5 8239//5
f 8239//3 8241//3 8242//3 8240//3
f 8239//5 7855//5 7856//5 8241//5
f 8241//3 8243//3 8244//3 8242//3
f 8241//5 7856//5 7857//5 8243//5
f 8243//3 8245//3 8246//3 8244//3
f 8243//5 7857//5 7858//5 8245//5
f 8245//3 8247//3 8248//3 8246//3
f 8245//5 7858//5 7859//5 8247//5
f 8247//3 8249//3 8250//3 8248//3
f 8247//5 7859//5 7860//5 8249//5
f 8249//3 8251//3 8252//3 8250//3
f 8249//5 7860//5 7861//5 8251//5
f 8251//3 8253//3 8254//3 8252//3
f 8251//5 7861//5 7862//5 8253//5
f 8253//3 8255//3 8256//3 8254//3
f 8253//5 7862//5 7863//5 8255//5
f 8255//3 8257//3 8258//3 8256//3
f 8255//5 7863//5 7864//5 8257//5
f 8257//3 8259//3 8260//3 8258//3
f 8257//5 7864//5 7865//5 8259//5
f 8259//3 8261//3 8262//3 8260//3
f 8259//5 7865//5 7866//5 8261//5
f 8261//3 8263//3 8264//3 8262//3
f 8261//5 7866//5 7867//5 8263//5
f 8263//3 8265//3 8266//3 8264//3
f 8263//5 7867//5 7868//5 8265//5
f 8265//3 8267//3 8268//3 8266//3
f 8265//5 7868//5 7869//5 8267//5
f 8269//2 7870//2 8160//2 8270//2
f 8267//3 8269//3 8270//3 8268//3
f 8267//5 7869//5 7870//5 8269//5
f 8323//1 8324//1 8325//1 8326//1
f 8323//3 7904//3 8327//3 8324//3
f 8326//4 8325//4 8328//4 7905//4
f 8323//5 8326//5 7905//5 7904//5
f 7904//3 7908//3 8329//3 8327//3
f 7905//4 8328//4 8330//4 7909//4
f 7909//4 8330//4 8331//4 7913//4
f 7913//4 8331//4 8321//4 7916//4
f 7918//4 8322//4 8332//4 7921//4
f 7921//4 8332//4 8333//4 7925//4
f 7924//3 7930//3 8334//3 8335//3
f 7925//4 8333//4 8336//4 7929//4
f 8337//2 8338//2 8339//2 8340//2
f 7930//3 8337//3 8340//3 8334//3
f 7929//4 8336//4 8339//4 8338//4
f 7930//5 7929//5 8338//5 8337//5
f 8453//1 8454//1 8442//1 8441//1
f 8453//5 8441//5 8443//5 8455//5
f 8455//5 8443//5 8444//5 8456//5
f 8457//6 8458//6 8446//6 8445//6
f 8456//5 8444//5 8447//5 8459//5
f 8458//6 8460//6 8448//6 8446//6
f 8459//5 8447//5 8449//5 8461//5
f 8460//6 8462//6 8450//6 8448//6
f 8463//2 8451//2 8452//2 8464//2
f 8461//5 8449//5 8451//5 8463//5
f 8561//1 8562//1 8550//1 8549//1
f 8561//5 8549//5 8551//5 8563//5
f 8563//5 8551//5 8552//5 8564//5
f 8565//6 8566//6 8554//6 8553//6
f 8564//5 8552//5 8555//5 8567//5
f 8566//6 8568//6 8556//6 8554//6
f 8567//5 8555//5 8557//5 8569//5
f 8568//6 8570//6 8558//6 8556//6
f 8571//2 8559//2 8560//2 8572//2
f 8569//5 8557//5 8559//5 8571//5
f 8669//1 8670//1 8658//1 8657//1
f 8669//5 8657//5 8659//5 8671//5
f 8671//5 8659//5 8660//5 8672//5
f 8673//6 8674//6 8662//6 8661//6
f 8672//5 8660//5 8663//5 8675//5
f 8674//6 8676//6 8664//6 8662//6
f 8675//5 8663//5 8665//5 8677//5
f 8676//6 8678//6 8666//6 8664//6
f 8679//2 8667//2 8668//2 8680//2
f 8677//5 8665//5 8667//5 8679//5
f 7932//1 8723//1 8724//1 7933//1
f 7933//4 8724//4 8725//4 7935//4
f 8723//6 8726//6 8725//6 8724//6
f 7935//4 8725//4 8727//4 7938//4
f 8726//6 8728//6 8727//6 8725//6
f 7938//4 8727//4 8729//4 7941//4
f 8728//6 8730//6 8729//6 8727//6
f 7941//4 8729//4 8731//4 7944//4
f 8730//6 8732//6 8731//6 8729//6
f 7944//4 8731//4 8733//4 7947//4
f 8732//6 8734//6 8733//6 8731//6
f 7947//4 8733//4 8735//4 7950//4
f 8734//6 8736//6 8735//6 8733//6
f 7950//4 8735//4 8737//4 7953//4
f 8736//6 8738//6 8737//6 8735//6
f 7953//4 8737//4 8739//4 7956//4
f 8738//6 8740//6 8739//6 8737//6
f 7956//4 8739//4 8741//4 7959//4
f 8740//6 8742//6 8741//6 8739//6
f 7959//4 8741//4 8743//4 7962//4
f 8742//6 8744//6 8743//6 8741//6
f 7962//4 8743//4 8745//4 7965//4
f 8744//6 8746//6 8745//6 8743//6
f 7965//4 8745//4 8747//4 7968//4
f 8746//6 8748//6 8747//6 8745//6
f 7968//4 8747//4 8749//4 7971//4
f 8748//6 8750//6 8749//6 8747//6
f 7971//4 8749//4 8751//4 7974//4
f 8750//6 8752//6 8751//6 8749//6
f 7974//4 8751//4 8753//4 7977//4
f 8752//6 8754//6 8753//6 8751//6
f 7977//4 8753//4 8755//4 7980//4
f 8754//6 8756//6 8755//6 8753//6
f 7980//4 8755//4 8757//4 7983//4
f 8756//6 8758//6 8757//6 8755//6
f 7983//4 8757//4 8759//4 7986//4
f 8758//6 8760//6 8759//6 8757//6
f 7986//4 8759//4 8761//4 7989//4
f 8760//6 8762//6 8761//6 8759//6
f 7989//4 8761//4 8763//4 7992//4
f 8762//6 8764//6 8763//6 8761//6
f 7992//4 8763//4 8765//4 7995//4
f 8764//6 8766//6 8765//6 8763//6
f 7995//4 8765//4 8767//4 7998//4
f 8766//6 8768//6 8767//6 8765//6
f 7998//4 8767//4 8769//4 8001//4
f 8768//6 8770//6 8769//6 8767//6
f 8001//4 8769//4 8771//4 8004//4
f 8770//6 8772//6 8771//6 8769//6
f 8004//4 8771//4 8773//4 8007//4
f 8772//6 8774//6 8773//6 8771//6
f 8007//4 8773//4 8775//4 8010//4
f 8774//6 8776//6 8775//6 8773//6
f 8010//4 8775//4 8777//4 8013//4
f 8776//6 8778//6 8777//6 8775//6
f 8013//4 8777//4 8779//4 8016//4
f 8778//6 8780//6 8779//6 8777//6
f 8016//4 8779//4 8781//4 8019//4
f 8780//6 8782//6 8781//6 8779//6
f 8019//4 8781//4 8783//4 8022//4
f 8782//6 8784//6 8783//6 8781//6
f 8022//4 8783//4 8785//4 8025//4
f 8784//6 8786//6 8785//6 8783//6
f 8025//4 8785//4 8787//4 8028//4
f 8786//6 8788//6 8787//6 8785//6
f 8028//4 8787//4 8789//4 8031//4
f 8788//6 8790//6 8789//6 8787//6
f 8031//4 8789//4 8791//4 8034//4
f 8790//6 8792//6 8791//6 8789//6
f 8034//4 8791//4 8793//4 8037//4
f 8792//6 8794//6 8793//6 8791//6
f 8037//4 8793//4 8795//4 8040//4
f 8794//6 8796//6 8795//6 8793//6
f 8040//4 8795//4 8797//4 8043//4
f 8796//6 8798//6 8797//6 8795//6
f 8043//4 8797//4 8799//4 8046//4
f 8798//6 8800//6 8799//6 8797//6
f 8046//4 8799//4 8801//4 8049//4
f 8800//6 8802//6 8801//6 8799//6
f 8049//4 8801//4 8803//4 8052//4
f 8802//6 8804//6 8803//6 8801//6
f 8052//4 8803//4 8805//4 8055//4
f 8804//6 8806//6 8805//6 8803//6
f 8055//4 8805//4 8807//4 8058//4
f 8806//6 8808//6 8807//6 8805//6
f 8058//4 8807//4 8809//4 8061//4
f 8808//6 8810//6 8809//6 8807//6
f 8061//4 8809//4 8811//4 8064//4
f 8810//6 8812//6 8811//6 8809//6
f 8064//4 8811//4 8813//4 8067//4
f 8812//6 8814//6 8813//6 8811//6
f 8067//4 8813//4 8815//4 8070//4
f 8814//6 8816//6 8815//6 8813//6
f 8070//4 8815//4 8717//4 8073//4
f 8088//4 8722//4 8821//4 8091//4
f 8097//2 8096//2 8822//2 8823//2
f 8091//4 8821//4 8822//4 8096//4
f 8824//6 8823//6 8822//6 8821//6
f 8099//1 8825//1 8723//1 7932//1
f 8825//6 8826//6 8726//6 8723//6
f 8826//6 8827//6 8728//6 8726//6
f 8827//6 8828//6 8730//6 8728//6
f 8828//6 8829//6 8732//6 8730//6
f 8830//6 8831//6 8746//6 8744//6
f 8831//6 8832//6 8748//6 8746//6
f 8832//6 8833//6 8750//6 8748//6
f 8833//6 8834//6 8752//6 8750//6
f 8834//6 8835//6 8754//6 8752//6
f 8835//6 8836//6 8756//6 8754//6
f 8836//6 8837//6 8758//6 8756//6
f 8837//6 8838//6 8760//6 8758//6
f 8838//6 8839//6 8762//6 8760//6
f 8839//6 8840//6 8764//6 8762//6
f 8840//6 8841//6 8766//6 8764//6
f 8841//6 8842//6 8768//6 8766//6
f 8842//6 8843//6 8770//6 8768//6
f 8843//6 8844//6 8772//6 8770//6
f 8844//6 8845//6 8774//6 8772//6
f 8845//6 8846//6 8776//6 8774//6
f 8846//6 8847//6 8778//6 8776//6
f 8847//6 8848//6 8780//6 8778//6
f 8848//6 8849//6 8782//6 8780//6
f 8849//6 8850//6 8784//6 8782//6
f 8850//6 8851//6 8786//6 8784//6
f 8851//6 8852//6 8788//6 8786//6
f 8852//6 8853//6 8790//6 8788//6
f 8853//6 8854//6 8792//6 8790//6
f 8854//6 8855//6 8794//6 8792//6
f 8855//6 8856//6 8796//6 8794//6
f 8856//6 8857//6 8798//6 8796//6
f 8857//6 8858//6 8800//6 8798//6
f 8859//6 8860//6 8816//6 8814//6
f 8154//2 8097//2 8823//2 8865//2
f 8866//6 8865//6 8823//6 8824//6
f 8155//1 8867//1 8825//1 8099//1
f 8867//6 8868//6 8826//6 8825//6
f 8868//6 8869//6 8827//6 8826//6
f 8869//6 8870//6 8828//6 8827//6
f 8870//6 8871//6 8829//6 8828//6
f 8871//6 8872//6 8873//6 8829//6
f 8872//6 8874//6 8875//6 8873//6
f 8874//6 8876//6 8877//6 8875//6
f 8876//6 8878//6 8879//6 8877//6
f 8878//6 8880//6 8881//6 8879//6
f 8880//6 8882//6 8830//6 8881//6
f 8882//6 8883//6 8831//6 8830//6
f 8883//6 8884//6 8832//6 8831//6
f 8884//6 8885//6 8833//6 8832//6
f 8885//6 8886//6 8834//6 8833//6
f 8886//6 8887//6 8835//6 8834//6
f 8887//6 8888//6 8836//6 8835//6
f 8888//6 8889//6 8837//6 8836//6
f 8889//6 8890//6 8838//6 8837//6
f 8890//6 8891//6 8839//6 8838//6
f 8891//6 8892//6 8840//6 8839//6
f 8892//6 8893//6 8841//6 8840//6
f 8893//6 8894//6 8842//6 8841//6
f 8894//6 8895//6 8843//6 8842//6
f 8895//6 8896//6 8844//6 8843//6
f 8896//6 8897//6 8845//6 8844//6
f 8897//6 8898//6 8846//6 8845//6
f 8898//6 8899//6 8847//6 8846//6
f 8899//6 8900//6 8848//6 8847//6
f 8900//6 8901//6 8849//6 8848//6
f 8901//6 8902//6 8850//6 8849//6
f 8902//6 8903//6 8851//6 8850//6
f 8903//6 8904//6 8852//6 8851//6
f 8904//6 8905//6 8853//6 8852//6
f 8905//6 8906//6 8854//6 8853//6
f 8906//6 8907//6 8855//6 8854//6
f 8907//6 8908//6 8856//6 8855//6
f 8908//6 8909//6 8857//6 8856//6
f 8909//6 8910//6 8858//6 8857//6
f 8910//6 8911//6 8912//6 8858//6
f 8911//6 8913//6 8914//6 8912//6
f 8913//6 8915//6 8916//6 8914//6
f 8915//6 8917//6 8918//6 8916//6
f 8917//6 8919//6 8920//6 8918//6
f 8919//6 8921//6 8922//6 8920//6
f 8921//6 8923//6 8859//6 8922//6
f 8923//6 8924//6 8860//6 8859//6
f 8156//2 8154//2 8865//2 8929//2
f 8930//6 8929//6 8865//6 8866//6
f 8157//1 8931//1 8867//1 8155//1
f 8931//6 8932//6 8868//6 8867//6
f 8932//6 8933//6 8869//6 8868//6
f 8933//6 8934//6 8870//6 8869//6
f 8934//6 8935//6 8871//6 8870//6
f 8935//6 8936//6 8872//6 8871//6
f 8936//6 8937//6 8874//6 8872//6
f 8937//6 8938//6 8876//6 8874//6
f 8938//6 8939//6 8878//6 8876//6
f 8939//6 8940//6 8880//6 8878//6
f 8940//6 8941//6 8882//6 8880//6
f 8941//6 8942//6 8883//6 8882//6
f 8942//6 8943//6 8884//6 8883//6
f 8943//6 8944//6 8885//6 8884//6
f 8944//6 8945//6 8886//6 8885//6
f 8945//6 8946//6 8887//6 8886//6
f 8946//6 8947//6 8888//6 8887//6
f 8947//6 8948//6 8889//6 8888//6
f 8948//6 8949//6 8890//6 8889//6
f 8949//6 8950//6 8891//6 8890//6
f 8950//6 8951//6 8892//6 8891//6
f 8951//6 8952//6 8893//6 8892//6
f 8952//6 8953//6 8894//6 8893//6
f 8953//6 8954//6 8895//6 8894//6
f 8954//6 8955//6 8896//6 8895//6
f 8955//6 8956//6 8897//6 8896//6
f 8956//6 8957//6 8898//6 8897//6
f 8957//6 8958//6 8899//6 8898//6
f 8958//6 8959//6 8900//6 8899//6
f 8959//6 8960//6 8901//6 8900//6
f 8960//6 8961//6 8902//6 8901//6
f 8961//6 8962//6 8903//6 8902//6
f 8962//6 8963//6 8904//6 8903//6
f 8963//6 8964//6 8905//6 8904//6
f 8964//6 8965//6 8906//6 8905//6
f 8965//6 8966//6 8907//6 8906//6
f 8966//6 8967//6 8908//6 8907//6
f 8967//6 8968//6 8909//6 8908//6
f 8968//6 8969//6 8910//6 8909//6
f 8969//6 8970//6 8911//6 8910//6
f 8970//6 8971//6 8913//6 8911//6
f 8971//6 8972//6 8915//6 8913//6
f 8972//6 8973//6 8917//6 8915//6
f 8973//6 8974//6 8919//6 8917//6
f 8974//6 8975//6 8921//6 8919//6
f 8975//6 8976//6 8923//6 8921//6
f 8976//6 8977//6 8924//6 8923//6
f 8158//2 8156//2 8929//2 8982//2
f 8983//6 8982//6 8929//6 8930//6
f 8162//1 8994//1 8988//1 8159//1
f 8162//3 8164//3 8995//3 8994//3
f 8994//6 8995//6 8996//6 8988//6
f 8164//3 8166//3 8997//3 8995//3
f 8995//6 8997//6 8998//6 8996//6
f 8166//3 8168//3 8999//3 8997//3
f 8997//6 8999//6 9000//6 8998//6
f 8168//3 8170//3 9001//3 8999//3
f 8999//6 9001//6 9002//6 9000//6
f 8170//3 8172//3 9003//3 9001//3
f 9001//6 9003//6 9004//6 9002//6
f 8172//3 8174//3 9005//3 9003//3
f 9003//6 9005//6 9006//6 9004//6
f 8174//3 8176//3 9007//3 9005//3
f 9005//6 9007//6 9008//6 9006//6
f 8176//3 8178//3 9009//3 9007//3
f 9007//6 9009//6 9010//6 9008//6
f 8178//3 8180//3 9011//3 9009//3
f 9009//6 9011//6 9012//6 9010//6
f 8180//3 8182//3 9013//3 9011//3
f 9011//6 9013//6 9014//6 9012//6
f 8182//3 8184//3 9015//3 9013//3
f 9013//6 9015//6 9016//6 9014//6
f 8184//3 8186//3 9017//3 9015//3
f 9015//6 9017//6 9018//6 9016//6
f 8186//3 8188//3 9019//3 9017//3
f 9017//6 9019//6 9020//6 9018//6
f 8188//3 8190//3 9021//3 9019//3
f 9019//6 9021//6 9022//6 9020//6
f 8190//3 8192//3 9023//3 9021//3
f 9021//6 9023//6 9024//6 9022//6
f 8192//3 8194//3 9025//3 9023//3
f 9023//6 9025//6 9026//6 9024//6
f 8194//3 8196//3 9027//3 9025//3
f 9025//6 9027//6 9028//6 9026//6
f 8196//3 8198//3 9029//3 9027//3
f 9027//6 9029//6 9030//6 9028//6
f 8198//3 8200//3 9031//3 9029//3
f 9029//6 9031//6 9032//6 9030//6
f 8200//3 8202//3 9033//3 9031//3
f 9031//6 9033//6 9034//6 9032//6
f 8202//3 8204//3 9035//3 9033//3
f 9033//6 9035//6 9036//6 9034//6
f 8204//3 8206//3 9037//3 9035//3
f 9035//6 9037//6 9038//6 9036//6
f 8206//3 8208//3 9039//3 9037//3
f 9037//6 9039//6 9040//6 9038//6
f 8208//3 8210//3 9041//3 9039//3
f 9039//6 9041//6 9042//6 9040//6
f 8210//3 8212//3 9043//3 9041//3
f 9041//6 9043//6 9044//6 9042//6
f 8212//3 8214//3 9045//3 9043//3
f 9043//6 9045//6 9046//6 9044//6
f 8214//3 8216//3 9047//3 9045//3
f 9045//6 9047//6 9048//6 9046//6
f 8216//3 8218//3 9049//3 9047//3
f 9047//6 9049//6 9050//6 9048//6
f 8218//3 8220//3 9051//3 9049//3
f 9049//6 9051//6 9052//6 9050//6
f 8220//3 8222//3 9053//3 9051//3
f 9051//6 9053//6 9054//6 9052//6
f 8222//3 8224//3 9055//3 9053//3
f 9053//6 9055//6 9056//6 9054//6
f 8224//3 8226//3 9057//3 9055//3
f 9055//6 9057//6 9058//6 9056//6
f 8226//3 8228//3 9059//3 9057//3
f 9057//6 9059//6 9060//6 9058//6
f 8228//3 8230//3 9061//3 9059//3
f 9059//6 9061//6 9062//6 9060//6
f 8230//3 8232//3 9063//3 9061//3
f 9061//6 9063//6 9064//6 9062//6
f 8232//3 8234//3 9065//3 9063//3
f 9063//6 9065//6 9066//6 9064//6
f 8234//3 8236//3 9067//3 9065//3
f 9065//6 9067//6 9068//6 9066//6
f 8236//3 8238//3 9069//3 9067//3
f 9067//6 9069//6 9070//6 9068//6
f 8238//3 8240//3 9071//3 9069//3
f 9069//6 9071//6 9072//6 9070//6
f 8240//3 8242//3 9073//3 9071//3
f 9071//6 9073//6 9074//6 9072//6
f 8242//3 8244//3 9075//3 9073//3
f 9073//6 9075//6 9076//6 9074//6
f 8244//3 8246//3 9077//3 9075//3
f 9075//6 9077//6 9078//6 9076//6
f 8246//3 8248//3 9079//3 9077//3
f 9077//6 9079//6 9080//6 9078//6
f 8248//3 8250//3 9081//3 9079//3
f 9079//6 9081//6 9082//6 9080//6
f 8250//3 8252//3 9083//3 9081//3
f 9081//6 9083//6 9084//6 9082//6
f 8252//3 8254//3 9085//3 9083//3
f 9083//6 9085//6 9086//6 9084//6
f 8254//3 8256//3 9087//3 9085//3
f 9085//6 9087//6 9088//6 9086//6
f 8256//3 8258//3 9089//3 9087//3
f 9087//6 9089//6 9090//6 9088//6
f 8258//3 8260//3 9091//3 9089//3
f 9089//6 9091//6 9092//6 9090//6
f 8260//3 8262//3 9093//3 9091//3
f 9091//6 9093//6 9094//6 9092//6
f 8262//3 8264//3 9095//3 9093//3
f 9093//6 9095//6 9096//6 9094//6
f 8264//3 8266//3 9097//3 9095//3
f 9095//6 9097//6 9098//6 9096//6
f 8266//3 8268//3 9099//3 9097//3
f 9097//6 9099//6 9100//6 9098//6
f 8270//2 8160//2 8993//2 9101//2
f 8268//3 8270//3 9101//3 9099//3
f 9099//6 9101//6 8993//6 9100//6
f 8324//1 9172//1 9173//1 8325//1
f 8324//3 8327//3 9174//3 9172//3
f 8325//4 9173//4 9175//4 8328//4
f 8328//4 9175//4 9168//4 8330//4
f 8348//3 8347//3 9176//3 9177//3
f 8331//4 9169//4 9178//4 8321//4
f 8347//3 8351//3 9179//3 9176//3
f 8321//4 9178//4 9180//4 8322//4
f 8351//3 8354//3 9181//3 9179//3
f 8322//4 9180//4 9170//4 8332//4
f 8333//4 9171//4 9182//4 8336//4
f 8340//2 8339//2 9183//2 9184//2
f 8334//3 8340//3 9184//3 9185//3
f 8336//4 9182//4 9183//4 8339//4
f 9260//1 9261//1 9253//1 9252//1
f 9260//5 9252//5 8442//5 8454//5
f 9266//2 9258//2 9259//2 9267//2
f 8464//5 8452//5 9258//5 9266//5
f 9332//1 9333//1 9325//1 9324//1
f 9332//5 9324//5 8550//5 8562//5
f 9338//2 9330//2 9331//2 9339//2
f 8572//5 8560//5 9330//5 9338//5
f 9404//1 9405//1 9397//1 9396//1
f 9404//5 9396//5 8658//5 8670//5
f 9410//2 9402//2 9403//2 9411//2
f 8680//5 8668//5 9402//5 9410//5
f 9172//1 9652//1 9653//1 9173//1
f 9172//3 9174//3 9654//3 9652//3
f 9173//4 9653//4 9655//4 9175//4
f 9175//4 9655//4 9656//4 9168//4
f 9190//3 9177//3 9657//3 9658//3
f 9168//4 9656//4 9659//4 9169//4
f 9177//3 9176//3 9660//3 9657//3
f 9169//4 9659//4 9661//4 9178//4
f 9176//3 9179//3 9662//3 9660//3
f 9178//4 9661//4 9663//4 9180//4
f 9179//3 9181//3 9664//3 9662//3
f 9180//4 9663//4 9665//4 9170//4
f 9181//3 9193//3 9666//3 9664//3
f 9170//4 9665//4 9667//4 9171//4
f 9171//4 9667//4 9668//4 9182//4
f 9184//2 9183//2 9669//2 9670//2
f 9185//3 9184//3 9670//3 9671//3
f 9182//4 9668//4 9669//4 9183//4
f 9261//1 9708//1 9704//1 9253//1
f 9263//2 9255//2 9705//2 9709//2
f 9265//1 9710//1 9706//1 9257//1
f 9267//2 9259//2 9707//2 9711//2
f 9333//1 9744//1 9740//1 9325//1
f 9335//2 9327//2 9741//2 9745//2
f 9337//1 9746//1 9742//1 9329//1
f 9339//2 9331//2 9743//2 9747//2
f 9405//1 9780//1 9776//1 9397//1
f 9407//2 9399//2 9777//2 9781//2
f 9409//1 9782//1 9778//1 9401//1
f 9411//2 9403//2 9779//2 9783//2
f 10068//1 10069//1 10070//1 10071//1
f 10068//3 9652//3 10072//3 10069//3
f 10071//4 10070//4 10073//4 9653//4
f 10068//5 10071//5 9653//5 9652//5
f 10069//6 10072//6 10073//6 10070//6
f 9652//3 9654//3 10074//3 10072//3
f 9653//4 10073//4 10062//4 9655//4
f 9658//3 9657//3 10075//3 10076//3
f 9656//4 10063//4 10077//4 9659//4
f 9657//3 9660//3 10078//3 10075//3
f 9659//4 10077//4 10064//4 9661//4
f 9660//3 9662//3 10079//3 10078//3
f 9662//3 9664//3 10080//3 10079//3
f 9663//4 10065//4 10081//4 9665//4
f 9664//3 9666//3 10082//3 10080//3
f 9665//4 10081//4 10066//4 9667//4
f 9671//3 9670//3 10083//3 10084//3
f 9668//4 10067//4 10085//4 9669//4
f 10086//2 10087//2 10088//2 10089//2
f 9670//3 10086//3 10089//3 10083//3
f 9669//4 10085//4 10088//4 10087//4
f 9670//5 9669//5 10087//5 10086//5
f 10083//6 10089//6 10088//6 10085//6
f 9708//1 10126//1 10122//1 9704//1
f 9709//2 9705//2 10123//2 10127//2
f 9710//1 10128//1 10124//1 9706//1
f 9711//2 9707//2 10125//2 10129//2
f 9744//1 10162//1 10158//1 9740//1
f 9745//2 9741//2 10159//2 10163//2
f 9746//1 10164//1 10160//1 9742//1
f 9747//2 9743//2 10161//2 10165//2
f 9780//1 10198//1 10194//1 9776//1
f 9781//2 9777//2 10195//2 10199//2
f 9782//1 10200//1 10196//1 9778//1
f 9783//2 9779//2 10197//2 10201//2
f 10072//1 10414//1 10415//1 10073//1
f 10072//3 10074//3 10416//3 10414//3
f 10073//4 10415//4 10417//4 10062//4
f 10062//4 10417//4 10418//4 10063//4
f 10076//3 10075//3 10419//3 10420//3
f 10063//4 10418//4 10421//4 10077//4
f 10075//3 10078//3 10422//3 10419//3
f 10077//4 10421//4 10423//4 10064//4
f 10078//3 10079//3 10424//3 10422//3
f 10064//4 10423//4 10425//4 10065//4
f 10079//3 10080//3 10426//3 10424//3
f 10065//4 10425//4 10427//4 10081//4
f 10080//3 10082//3 10428//3 10426//3
f 10081//4 10427//4 10429//4 10066//4
f 10066//4 10429//4 10430//4 10067//4
f 10083//2 10085//2 10431//2 10432//2
f 10084//3 10083//3 10432//3 10433//3
f 10067//4 10430//4 10431//4 10085//4
f 10126//1 10470//1 10466//1 10122//1
f 10127//2 10123//2 10467//2 10471//2
f 10128//1 10472//1 10468//1 10124//1
f 10129//2 10125//2 10469//2 10473//2
f 10162//1 10506//1 10502//1 10158//1
f 10163//2 10159//2 10503//2 10507//2
f 10164//1 10508//1 10504//1 10160//1
f 10165//2 10161//2 10505//2 10509//2
f 10198//1 10542//1 10538//1 10194//1
f 10199//2 10195//2 10539//2 10543//2
f 10200//1 10544//1 10540//1 10196//1
f 10201//2 10197//2 10541//2 10545//2
f 10223//1 10562//1 10563//1 10564//1
f 10225//2 10565//2 10566//2 10567//2
f 10564//4 10563//4 10566//4 10565//4
f 10223//5 10564//5 10565//5 10225//5
f 10562//6 10567//6 10566//6 10563//6
f 10233//1 10568//1 10569//1 10570//1
f 10234//2 10571//2 10572//2 10573//2
f 10570//4 10569//4 10572//4 10571//4
f 10233//5 10570//5 10571//5 10234//5
f 10568//6 10573//6 10572//6 10569//6
f 10237//1 10574//1 10575//1 10576//1
f 10239//2 10577//2 10578//2 10579//2
f 10576//4 10575//4 10578//4 10577//4
f 10237//5 10576//5 10577//5 10239//5
f 10574//6 10579//6 10578//6 10575//6
f 10249//1 10580//1 10581//1 10582//1
f 10250//2 10583//2 10584//2 10585//2
f 10582//4 10581//4 10584//4 10583//4
f 10249//5 10582//5 10583//5 10250//5
f 10580//6 10585//6 10584//6 10581//6
f 10222//1 10590//1 10562//1 10223//1
f 10235//2 10234//2 10573//2 10599//2
f 10236//1 10600//1 10574//1 10237//1
f 10251//2 10250//2 10585//2 10611//2
f 10616//1 10617//1 10590//1 10222//1
f 10618//2 10224//2 10592//2 10619//2
f 10616//5 10222//5 10224//5 10618//5
f 10617//6 10619//6 10592//6 10590//6
f 10620//1 10621//1 10598//1 10232//1
f 10622//2 10235//2 10599//2 10623//2
f 10620//5 10232//5 10235//5 10622//5
f 10621//6 10623//6 10599//6 10598//6
f 10624//1 10625//1 10600//1 10236//1
f 10626//2 10238//2 10602//2 10627//2
f 10624//5 10236//5 10238//5 10626//5
f 10625//6 10627//6 10602//6 10600//6
f 10628//1 10629//1 10610//1 10248//1
f 10630//2 10251//2 10611//2 10631//2
f 10628//5 10248//5 10251//5 10630//5
f 10629//6 10631//6 10611//6 10610//6
f 10275//1 10636//1 10617//1 10616//1
f 10277//2 10618//2 10619//2 10637//2
f 10275//5 10616//5 10618//5 10277//5
f 10636//6 10637//6 10619//6 10617//6
f 10285//1 10638//1 10621//1 10620//1
f 10287//2 10622//2 10623//2 10639//2
f 10285//5 10620//5 10622//5 10287//5
f 10638//6 10639//6 10623//6 10621//6
f 10343//1 10640//1 10625//1 10624//1
f 10345//2 10626//2 10627//2 10641//2
f 10343//5 10624//5 10626//5 10345//5
f 10640//6 10641//6 10627//6 10625//6
f 10355//1 10642//1 10629//1 10628//1
f 10357//2 10630//2 10631//2 10643//2
f 10355//5 10628//5 10630//5 10357//5
f 10642//6 10643//6 10631//6 10629//6
f 10750//1 10751//1 10658//1 10274//1
f 10752//2 10276//2 10660//2 10753//2
f 10750//5 10274//5 10276//5 10752//5
f 10751//6 10753//6 10660//6 10658//6
f 10754//1 10755//1 10666//1 10284//1
f 10756//2 10286//2 10668//2 10757//2
f 10754//5 10284//5 10286//5 10756//5
f 10755//6 10757//6 10668//6 10666//6
f 10758//1 10759//1 10722//1 10342//1
f 10760//2 10344//2 10724//2 10761//2
f 10758//5 10342//5 10344//5 10760//5
f 10759//6 10761//6 10724//6 10722//6
f 10762//1 10763//1 10732//1 10354//1
f 10764//2 10356//2 10734//2 10765//2
f 10762//5 10354//5 10356//5 10764//5
f 10763//6 10765//6 10734//6 10732//6
f 10766//1 10767//1 10751//1 10750//1
f 10768//2 10752//2 10753//2 10769//2
f 10766//5 10750//5 10752//5 10768//5
f 10767//6 10769//6 10753//6 10751//6
f 10770//1 10771//1 10755//1 10754//1
f 10772//2 10756//2 10757//2 10773//2
f 10770//5 10754//5 10756//5 10772//5
f 10771//6 10773//6 10757//6 10755//6
f 10774//1 10775//1 10759//1 10758//1
f 10776//2 10760//2 10761//2 10777//2
f 10774//5 10758//5 10760//5 10776//5
f 10775//6 10777//6 10761//6 10759//6
f 10778//1 10779//1 10763//1 10762//1
f 10780//2 10764//2 10765//2 10781//2
f 10778//5 10762//5 10764//5 10780//5
f 10779//6 10781//6 10765//6 10763//6
f 10782//1 10783//1 10767//1 10766//1
f 10784//2 10768//2 10769//2 10785//2
f 10782//5 10766//5 10768//5 10784//5
f 10783//6 10785//6 10769//6 10767//6
f 10786//1 10787//1 10771//1 10770//1
f 10788//2 10772//2 10773//2 10789//2
f 10786//5 10770//5 10772//5 10788//5
f 10787//6 10789//6 10773//6 10771//6
f 10790//1 10791//1 10775//1 10774//1
f 10792//2 10776//2 10777//2 10793//2
f 10790//5 10774//5 10776//5 10792//5
f 10791//6 10793//6 10777//6 10775//6
f 10794//1 10795//1 10779//1 10778//1
f 10796//2 10780//2 10781//2 10797//2
f 10794//5 10778//5 10780//5 10796//5
f 10795//6 10797//6 10781//6 10779//6
f 10798//1 10799//1 10783//1 10782//1
f 10800//2 10784//2 10785//2 10801//2
f 10798//3 10800//3 10801//3 10799//3
f 10798//5 10782//5 10784//5 10800//5
f 10799//6 10801//6 10785//6 10783//6
f 10802//1 10803//1 10787//1 10786//1
f 10804//2 10788//2 10789//2 10805//2
f 10802//3 10804//3 10805//3 10803//3
f 10802//5 10786//5 10788//5 10804//5
f 10803//6 10805//6 10789//6 10787//6
f 10806//1 10807//1 10791//1 10790//1
f 10808//2 10792//2 10793//2 10809//2
f 10806//3 10808//3 10809//3 10807//3
f 10806//5 10790//5 10792//5 10808//5
f 10807//6 10809//6 10793//6 10791//6
f 10810//1 10811//1 10795//1 10794//1
f 10812//2 10796//2 10797//2 10813//2
f 10810//3 10812//3 10813//3 10811//3
f 10810//5 10794//5 10796//5 10812//5
f 10811//6 10813//6 10797//6 10795//6
f 10414//1 10878//1 10879//1 10415//1
f 10414//3 10416//3 10880//3 10878//3
f 10415//4 10879//4 10881//4 10417//4
f 10417//4 10881//4 10874//4 10418//4
f 10419//3 10422//3 10882//3 10883//3
f 10421//4 10875//4 10884//4 10423//4
f 10422//3 10424//3 10885//3 10882//3
f 10423//4 10884//4 10886//4 10425//4
f 10424//3 10426//3 10887//3 10885//3
f 10425//4 10886//4 10876//4 10427//4
f 10429//4 10877//4 10888//4 10430//4
f 10432//2 10431//2 10889//2 10890//2
f 10433//3 10432//3 10890//3 10891//3
f 10430//4 10888//4 10889//4 10431//4
f 10470//1 10966//1 10958//1 10466//1
f 10966//6 10967//6 10959//6 10958//6
f 10473//2 10469//2 10964//2 10972//2
f 10973//6 10972//6 10964//6 10965//6
f 10506//1 11038//1 11030//1 10502//1
f 11038//6 11039//6 11031//6 11030//6
f 10509//2 10505//2 11036//2 11044//2
f 11045//6 11044//6 11036//6 11037//6
f 10542//1 11110//1 11102//1 10538//1
f 11110//6 11111//6 11103//6 11102//6
f 10545//2 10541//2 11108//2 11116//2
f 11117//6 11116//6 11108//6 11109//6
f 10878//1 11364//1 11365//1 10879//1
f 10878//3 10880//3 11366//3 11364//3
f 10879//4 11365//4 11367//4 10881//4
f 11364//6 11366//6 11367//6 11365//6
f 10880//3 10894//3 11368//3 11366//3
f 10881//4 11367//4 11369//4 10874//4
f 10874//4 11369//4 11370//4 10875//4
f 10875//4 11370//4 11362//4 10884//4
f 10886//4 11363//4 11371//4 10876//4
f 10876//4 11371//4 11372//4 10877//4
f 10901//3 10891//3 11373//3 11374//3
f 10877//4 11372//4 11375//4 10888//4
f 10890//2 10889//2 11376//2 11377//2
f 10891//3 10890//3 11377//3 11373//3
f 10888//4 11375//4 11376//4 10889//4
f 11373//6 11377//6 11376//6 11375//6
f 10967//1 11454//1 11446//1 10959//1
f 11454//6 11455//6 11447//6 11446//6
f 10969//5 10961//5 11448//5 11456//5
f 11455//6 11457//6 11449//6 11447//6
f 11456//5 11448//5 11450//5 11458//5
f 11457//6 11459//6 11451//6 11449//6
f 11458//5 11450//5 10963//5 10971//5
f 11459//6 11460//6 11452//6 11451//6
f 10973//2 10965//2 11453//2 11461//2
f 11460//6 11461//6 11453//6 11452//6
f 11039//1 11526//1 11518//1 11031//1
f 11526//6 11527//6 11519//6 11518//6
f 11041//5 11033//5 11520//5 11528//5
f 11527//6 11529//6 11521//6 11519//6
f 11528//5 11520//5 11522//5 11530//5
f 11529//6 11531//6 11523//6 11521//6
f 11530//5 11522//5 11035//5 11043//5
f 11531//6 11532//6 11524//6 11523//6
f 11045//2 11037//2 11525//2 11533//2
f 11532//6 11533//6 11525//6 11524//6
f 11111//1 11598//1 11590//1 11103//1
f 11598//6 11599//6 11591//6 11590//6
f 11113//5 11105//5 11592//5 11600//5
f 11599//6 11601//6 11593//6 11591//6
f 11600//5 11592//5 11594//5 11602//5
f 11601//6 11603//6 11595//6 11593//6
f 11602//5 11594//5 11107//5 11115//5
f 11603//6 11604//6 11596//6 11595//6
f 11117//2 11109//2 11597//2 11605//2
f 11604//6 11605//6 11597//6 11596//6
f 11366//1 11824//1 11825//1 11367//1
f 11366//3 11368//3 11826//3 11824//3
f 11367//4 11825//4 11827//4 11369//4
f 11824//6 11826//6 11827//6 11825//6
f 11368//3 11380//3 11828//3 11826//3
f 11369//4 11827//4 11829//4 11370//4
f 11826//6 11828//6 11829//6 11827//6
f 11380//3 11383//3 11830//3 11828//3
f 11370//4 11829//4 11831//4 11362//4
f 11828//6 11830//6 11831//6 11829//6
f 11383//3 11386//3 11832//3 11830//3
f 11362//4 11831//4 11833//4 11363//4
f 11386//3 11388//3 11834//3 11832//3
f 11363//4 11833//4 11835//4 11371//4
f 11832//6 11834//6 11835//6 11833//6
f 11388//3 11374//3 11836//3 11834//3
f 11371//4 11835//4 11837//4 11372//4
f 11834//6 11836//6 11837//6 11835//6
f 11373//2 11375//2 11838//2 11839//2
f 11374//3 11373//3 11839//3 11836//3
f 11372//4 11837//4 11838//4 11375//4
f 11836//6 11839//6 11838//6 11837//6
f 11830//1 11988//1 11989//1 11831//1
f 11832//2 11833//2 11990//2 11991//2
f 11830//3 11832//3 11991//3 11988//3
f 11831//4 11989//4 11990//4 11833//4
f 11988//6 11991//6 11990//6 11989//6
f 12137//1 12280//1 12281//1 12282//1
f 12139//2 12283//2 12284//2 12285//2
f 12282//4 12281//4 12284//4 12283//4
f 12137//5 12282//5 12283//5 12139//5
f 12280//6 12285//6 12284//6 12281//6
f 12147//1 12286//1 12287//1 12288//1
f 12148//2 12289//2 12290//2 12291//2
f 12288//4 12287//4 12290//4 12289//4
f 12147//5 12288//5 12289//5 12148//5
f 12286//6 12291//6 12290//6 12287//6
f 12151//1 12292//1 12293//1 12294//1
f 12153//2 12295//2 12296//2 12297//2
f 12294//4 12293//4 12296//4 12295//4
f 12151//5 12294//5 12295//5 12153//5
f 12292//6 12297//6 12296//6 12293//6
f 12163//1 12298//1 12299//1 12300//1
f 12164//2 12301//2 12302//2 12303//2
f 12300//4 12299//4 12302//4 12301//4
f 12163//5 12300//5 12301//5 12164//5
f 12298//6 12303//6 12302//6 12299//6
f 12136//1 12304//1 12280//1 12137//1
f 12149//2 12148//2 12291//2 12313//2
f 12150//1 12314//1 12292//1 12151//1
f 12165//2 12164//2 12303//2 12325//2
f 12326//1 12327//1 12304//1 12136//1
f 12328//2 12138//2 12306//2 12329//2
f 12326//5 12136//5 12138//5 12328//5
f 12327//6 12329//6 12306//6 12304//6
f 12330//1 12331//1 12312//1 12146//1
f 12332//2 12149//2 12313//2 12333//2
f 12330//5 12146//5 12149//5 12332//5
f 12331//6 12333//6 12313//6 12312//6
f 12334//1 12335//1 12314//1 12150//1
f 12336//2 12152//2 12316//2 12337//2
f 12334//5 12150//5 12152//5 12336//5
f 12335//6 12337//6 12316//6 12314//6
f 12338//1 12339//1 12324//1 12162//1
f 12340//2 12165//2 12325//2 12341//2
f 12338//5 12162//5 12165//5 12340//5
f 12339//6 12341//6 12325//6 12324//6
f 12177//1 12342//1 12327//1 12326//1
f 12179//2 12328//2 12329//2 12343//2
f 12177//5 12326//5 12328//5 12179//5
f 12342//6 12343//6 12329//6 12327//6
f 12187//1 12344//1 12331//1 12330//1
f 12189//2 12332//2 12333//2 12345//2
f 12187//5 12330//5 12332//5 12189//5
f 12344//6 12345//6 12333//6 12331//6
f 12245//1 12346//1 12335//1 12334//1
f 12247//2 12336//2 12337//2 12347//2
f 12245//5 12334//5 12336//5 12247//5
f 12346//6 12347//6 12337//6 12335//6
f 12257//1 12348//1 12339//1 12338//1
f 12259//2 12340//2 12341//2 12349//2
f 12257//5 12338//5 12340//5 12259//5
f 12348//6 12349//6 12341//6 12339//6
f 12456//1 12457//1 12360//1 12176//1
f 12458//2 12178//2 12362//2 12459//2
f 12456//5 12176//5 12178//5 12458//5
f 12457//6 12459//6 12362//6 12360//6
f 12460//1 12461//1 12368//1 12186//1
f 12462//2 12188//2 12370//2 12463//2
f 12460//5 12186//5 12188//5 12462//5
f 12461//6 12463//6 12370//6 12368//6
f 12464//1 12465//1 12424//1 12244//1
f 12466//2 12246//2 12426//2 12467//2
f 12464//5 12244//5 12246//5 12466//5
f 12465//6 12467//6 12426//6 12424//6
f 12468//1 12469//1 12434//1 12256//1
f 12470//2 12258//2 12436//2 12471//2
f 12468//5 12256//5 12258//5 12470//5
f 12469//6 12471//6 12436//6 12434//6
f 12472//1 12473//1 12457//1 12456//1
f 12474//2 12458//2 12459//2 12475//2
f 12472//5 12456//5 12458//5 12474//5
f 12473//6 12475//6 12459//6 12457//6
f 12476//1 12477//1 12461//1 12460//1
f 12478//2 12462//2 12463//2 12479//2
f 12476//5 12460//5 12462//5 12478//5
f 12477//6 12479//6 12463//6 12461//6
f 12480//1 12481//1 12465//1 12464//1
f 12482//2 12466//2 12467//2 12483//2
f 12480//5 12464//5 12466//5 12482//5
f 12481//6 12483//6 12467//6 12465//6
f 12484//1 12485//1 12469//1 12468//1
f 12486//2 12470//2 12471//2 12487//2
f 12484//5 12468//5 12470//5 12486//5
f 12485//6 12487//6 12471//6 12469//6
f 12488//1 12489//1 12473//1 12472//1
f 12490//2 12474//2 12475//2 12491//2
f 12488//5 12472//5 12474//5 12490//5
f 12489//6 12491//6 12475//6 12473//6
f 12492//1 12493//1 12477//1 12476//1
f 12494//2 12478//2 12479//2 12495//2
f 12492//5 12476//5 12478//5 12494//5
f 12493//6 12495//6 12479//6 12477//6
f 12496//1 12497//1 12481//1 12480//1
f 12498//2 12482//2 12483//2 12499//2
f 12496//5 12480//5 12482//5 12498//5
f 12497//6 12499//6 12483//6 12481//6
f 12500//1 12501//1 12485//1 12484//1
f 12502//2 12486//2 12487//2 12503//2
f 12500//5 12484//5 12486//5 12502//5
f 12501//6 12503//6 12487//6 12485//6
f 12504//1 12505//1 12489//1 12488//1
f 12506//2 12490//2 12491//2 12507//2
f 12504//3 12506//3 12507//3 12505//3
f 12504//5 12488//5 12490//5 12506//5
f 12505//6 12507//6 12491//6 12489//6
f 12508//1 12509//1 12493//1 12492//1
f 12510//2 12494//2 12495//2 12511//2
f 12508//3 12510//3 12511//3 12509//3
f 12508//5 12492//5 12494//5 12510//5
f 12509//6 12511//6 12495//6 12493//6
f 12512//1 12513//1 12497//1 12496//1
f 12514//2 12498//2 12499//2 12515//2
f 12512//3 12514//3 12515//3 12513//3
f 12512//5 12496//5 12498//5 12514//5
f 12513//6 12515//6 12499//6 12497//6
f 12516//1 12517//1 12501//1 12500//1
f 12518//2 12502//2 12503//2 12519//2
f 12516//3 12518//3 12519//3 12517//3
f 12516//5 12500//5 12502//5 12518//5
f 12517//6 12519//6 12503//6 12501//6
f 12534//1 12535//1 12536//1 12537//1
f 12538//2 12539//2 12540//2 12541//2
f 12534//3 12538//3 12541//3 12535//3
f 12537//4 12536//4 12540//4 12539//4
f 12534//5 12537//5 12539//5 12538//5
f 12672//1 12673//1 12674//1 12675//1
f 12675//4 12674//4 12676//4 12677//4
f 12672//5 12675//5 12677//5 12678//5
f 12677//4 12676//4 12679//4 12680//4
f 12678//5 12677//5 12680//5 12681//5
f 12682//6 12683//6 12679//6 12676//6
f 12680//4 12679//4 12684//4 12685//4
f 12681//5 12680//5 12685//5 12536//5
f 12683//6 12686//6 12684//6 12679//6
f 12685//4 12684//4 12687//4 12688//4
f 12536//5 12685//5 12688//5 12540//5
f 12686//6 12689//6 12687//6 12684//6
f 12688//4 12687//4 12690//4 12691//4
f 12540//5 12688//5 12691//5 12692//5
f 12689//6 12693//6 12690//6 12687//6
f 12691//4 12690//4 12694//4 12695//4
f 12692//5 12691//5 12695//5 12696//5
f 12693//6 12697//6 12694//6 12690//6
f 12698//2 12699//2 12700//2 12701//2
f 12695//4 12694//4 12700//4 12699//4
f 12696//5 12695//5 12699//5 12698//5
f 12716//1 12717//1 12718//1 12719//1
f 12716//3 12720//3 12721//3 12717//3
f 12719//4 12718//4 12673//4 12672//4
f 12716//5 12719//5 12672//5 12720//5
f 12720//5 12672//5 12678//5 12722//5
f 12722//5 12678//5 12681//5 12723//5
f 12723//5 12681//5 12536//5 12535//5
f 12541//5 12540//5 12692//5 12724//5
f 12724//5 12692//5 12696//5 12725//5
f 12725//5 12696//5 12698//5 12726//5
f 12727//2 12728//2 12729//2 12730//2
f 12726//3 12727//3 12730//3 12731//3
f 12698//4 12701//4 12729//4 12728//4
f 12726//5 12698//5 12728//5 12727//5
f 12748//1 12749//1 12721//1 12720//1
f 12748//3 12750//3 12751//3 12749//3
f 12748//5 12720//5 12722//5 12750//5
f 12750//3 12752//3 12753//3 12751//3
f 12750//5 12722//5 12723//5 12752//5
f 12752//3 12754//3 12755//3 12753//3
f 12752//5 12723//5 12535//5 12754//5
f 12754//3 12756//3 12757//3 12755//3
f 12754//5 12535//5 12541//5 12756//5
f 12756//3 12758//3 12759//3 12757//3
f 12756//5 12541//5 12724//5 12758//5
f 12758//3 12760//3 12761//3 12759//3
f 12758//5 12724//5 12725//5 12760//5
f 12762//2 12726//2 12731//2 12763//2
f 12760//3 12762//3 12763//3 12761//3
f 12760//5 12725//5 12726//5 12762//5
f 12718//1 12878//1 12879//1 12880//1
f 12880//4 12879//4 12881//4 12674//4
f 12718//5 12880//5 12674//5 12673//5
f 12878//6 12882//6 12881//6 12879//6
f 12682//2 12676//2 12883//2 12884//2
f 12674//4 12881//4 12883//4 12676//4
f 12882//6 12884//6 12883//6 12881//6
f 12697//1 12885//1 12886//1 12694//1
f 12694//4 12886//4 12887//4 12700//4
f 12885//6 12888//6 12887//6 12886//6
f 12729//2 12889//2 12890//2 12891//2
f 12700//4 12887//4 12890//4 12889//4
f 12701//5 12700//5 12889//5 12729//5
f 12888//6 12891//6 12890//6 12887//6
f 12906//1 12907//1 12908//1 12909//1
f 12906//3 12910//3 12911//3 12907//3
f 12909//4 12908//4 12912//4 12913//4
f 12906//5 12909//5 12913//5 12910//5
f 12910//3 12717//3 12914//3 12911//3
f 12913//4 12912//4 12878//4 12718//4
f 12910//5 12913//5 12718//5 12717//5
f 12682//4 12884//4 12915//4 12683//4
f 12683//4 12915//4 12916//4 12686//4
f 12686//4 12916//4 12917//4 12689//4
f 12689//4 12917//4 12918//4 12693//4
f 12693//4 12918//4 12885//4 12697//4
f 12730//3 12919//3 12920//3 12921//3
f 12729//4 12891//4 12922//4 12923//4
f 12730//5 12729//5 12923//5 12919//5
f 12924//2 12925//2 12926//2 12927//2
f 12919//3 12924//3 12927//3 12920//3
f 12923//4 12922//4 12926//4 12925//4
f 12919//5 12923//5 12925//5 12924//5
f 12944//1 12945//1 12914//1 12717//1
f 12944//3 12749//3 12946//3 12945//3
f 12944//5 12717//5 12721//5 12749//5
f 12749//3 12751//3 12947//3 12946//3
f 12751//3 12753//3 12948//3 12947//3
f 12753//3 12755//3 12949//3 12948//3
f 12755//3 12757//3 12950//3 12949//3
f 12757//3 12759//3 12951//3 12950//3
f 12759//3 12761//3 12952//3 12951//3
f 12761//3 12763//3 12953//3 12952//3
f 12954//2 12730//2 12921//2 12955//2
f 12763//3 12954//3 12955//3 12953//3
f 12763//5 12731//5 12730//5 12954//5
f 12912//1 13070//1 13071//1 13072//1
f 12878//2 12879//2 13073//2 13074//2
f 13072//4 13071//4 13073//4 12879//4
f 12912//5 13072//5 12879//5 12878//5
f 12891//1 13075//1 13076//1 12890//1
f 12922//2 13077//2 13078//2 13079//2
f 12890//4 13076//4 13078//4 13077//4
f 12891//5 12890//5 13077//5 12922//5
f 12907//1 13094//1 13095//1 12908//1
f 12907//3 12911//3 13096//3 13094//3
f 12908//4 13095//4 13070//4 12912//4
f 12878//4 13074//4 13097//4 12882//4
f 12882//4 13097//4 13098//4 12884//4
f 12884//4 13098//4 13099//4 12915//4
f 12915//4 13099//4 13100//4 12916//4
f 12916//4 13100//4 13101//4 12917//4
f 12917//4 13101//4 13102//4 12918//4
f 12918//4 13102//4 13103//4 12885//4
f 12885//4 13103//4 13104//4 12888//4
f 12888//4 13104//4 13075//4 12891//4
f 12927//2 12926//2 13105//2 13106//2
f 12920//3 12927//3 13106//3 13107//3
f 12922//4 13079//4 13105//4 12926//4
f 13124//1 13125//1 13096//1 12911//1
f 13124//3 12945//3 13126//3 13125//3
f 13124//5 12911//5 12914//5 12945//5
f 12945//3 12946//3 13127//3 13126//3
f 12946//3 12947//3 13128//3 13127//3
f 12947//3 12948//3 13129//3 13128//3
f 12948//3 12949//3 13130//3 13129//3
f 12949//3 12950//3 13131//3 13130//3
f 12950//3 12951//3 13132//3 13131//3
f 12951//3 12952//3 13133//3 13132//3
f 12952//3 12953//3 13134//3 13133//3
f 12953//3 12955//3 13135//3 13134//3
f 13136//2 12920//2 13107//2 13137//2
f 12955//3 13136//3 13137//3 13135//3
f 12955//5 12921//5 12920//5 13136//5
f 13756//1 13757//1 13758//1 13759//1
f 13756//3 13760//3 13761//3 13757//3
f 13759//4 13758//4 13762//4 13763//4
f 13756//5 13759//5 13763//5 13760//5
f 13757//6 13761//6 13762//6 13758//6
f 13760//3 13764//3 13765//3 13761//3
f 13763//4 13762//4 13766//4 13767//4
f 13760//5 13763//5 13767//5 13764//5
f 13761//6 13765//6 13766//6 13762//6
f 13764//3 13768//3 13769//3 13765//3
f 13767//4 13766//4 13770//4 13771//4
f 13764//5 13767//5 13771//5 13768//5
f 13765//6 13769//6 13770//6 13766//6
f 13768//3 13772//3 13773//3 13769//3
f 13771//4 13770//4 13774//4 13775//4
f 13768//5 13771//5 13775//5 13772//5
f 13769//6 13773//6 13774//6 13770//6
f 13772//3 13776//3 13777//3 13773//3
f 13775//4 13774//4 13778//4 13779//4
f 13772//5 13775//5 13779//5 13776//5
f 13773//6 13777//6 13778//6 13774//6
f 13776//3 13780//3 13781//3 13777//3
f 13779//4 13778//4 13782//4 13783//4
f 13776//5 13779//5 13783//5 13780//5
f 13777//6 13781//6 13782//6 13778//6
f 13780//3 13784//3 13785//3 13781//3
f 13783//4 13782//4 13786//4 13787//4
f 13780//5 13783//5 13787//5 13784//5
f 13781//6 13785//6 13786//6 13782//6
f 13784//3 13788//3 13789//3 13785//3
f 13787//4 13786//4 13790//4 13791//4
f 13784//5 13787//5 13791//5 13788//5
f 13785//6 13789//6 13790//6 13786//6
f 13788//3 13792//3 13793//3 13789//3
f 13791//4 13790//4 13727//4 13726//4
f 13788//5 13791//5 13726//5 13792//5
f 13789//6 13793//6 13727//6 13790//6
f 13792//5 13726//5 13728//5 13794//5
f 13793//6 13795//6 13729//6 13727//6
f 13794//3 13796//3 13797//3 13795//3
f 13794//5 13728//5 13730//5 13796//5
f 13795//6 13797//6 13731//6 13729//6
f 13796//3 13798//3 13799//3 13797//3
f 13796//5 13730//5 13732//5 13798//5
f 13797//6 13799//6 13733//6 13731//6
f 13798//3 13800//3 13801//3 13799//3
f 13798//5 13732//5 13734//5 13800//5
f 13799//6 13801//6 13735//6 13733//6
f 13800//3 13802//3 13803//3 13801//3
f 13800//5 13734//5 13736//5 13802//5
f 13801//6 13803//6 13737//6 13735//6
f 13802//3 13804//3 13805//3 13803//3
f 13802//5 13736//5 13738//5 13804//5
f 13803//6 13805//6 13739//6 13737//6
f 13804//3 13806//3 13807//3 13805//3
f 13804//5 13738//5 13740//5 13806//5
f 13805//6 13807//6 13741//6 13739//6
f 13806//3 13808//3 13809//3 13807//3
f 13806//5 13740//5 13742//5 13808//5
f 13807//6 13809//6 13743//6 13741//6
f 13808//3 13810//3 13811//3 13809//3
f 13808//5 13742//5 13744//5 13810//5
f 13809//6 13811//6 13745//6 13743//6
f 13810//3 13812//3 13813//3 13811//3
f 13810//5 13744//5 13746//5 13812//5
f 13811//6 13813//6 13747//6 13745//6
f 13812//3 13814//3 13815//3 13813//3
f 13812//5 13746//5 13748//5 13814//5
f 13813//6 13815//6 13749//6 13747//6
f 13814//3 13816//3 13817//3 13815//3
f 13814//5 13748//5 13750//5 13816//5
f 13815//6 13817//6 13751//6 13749//6
f 13816//3 13818//3 13819//3 13817//3
f 13816//5 13750//5 13752//5 13818//5
f 13817//6 13819//6 13755//6 13751//6
f 13820//2 13821//2 13822//2 13823//2
f 13818//3 13820//3 13823//3 13819//3
f 13752//4 13755//4 13822//4 13821//4
f 13818//5 13752//5 13821//5 13820//5
f 13819//6 13823//6 13822//6 13755//6
f 13095//1 13840//1 13841//1 13842//1
f 13842//4 13841//4 13843//4 13071//4
f 13095//5 13842//5 13071//5 13070//5
f 13840//6 13844//6 13843//6 13841//6
f 13074//2 13073//2 13845//2 13846//2
f 13071//4 13843//4 13845//4 13073//4
f 13075//1 13847//1 13848//1 13076//1
f 13076//4 13848//4 13849//4 13078//4
f 13105//2 13850//2 13851//2 13852//2
f 13078//4 13849//4 13851//4 13850//4
f 13079//5 13078//5 13850//5 13105//5
f 13853//6 13852//6 13851//6 13849//6
f 13868//1 13869//1 13870//1 13871//1
f 13868//3 13094//3 13872//3 13869//3
f 13871//4 13870//4 13840//4 13095//4
f 13868//5 13871//5 13095//5 13094//5
f 13869//6 13872//6 13840//6 13870//6
f 13074//4 13846//4 13873//4 13097//4
f 13097//4 13873//4 13874//4 13098//4
f 13098//4 13874//4 13875//4 13099//4
f 13099//4 13875//4 13876//4 13100//4
f 13100//4 13876//4 13877//4 13101//4
f 13101//4 13877//4 13878//4 13102//4
f 13102//4 13878//4 13879//4 13103//4
f 13103//4 13879//4 13880//4 13104//4
f 13104//4 13880//4 13847//4 13075//4
f 13881//2 13882//2 13883//2 13884//2
f 13106//3 13881//3 13884//3 13885//3
f 13105//4 13852//4 13883//4 13882//4
f 13106//5 13105//5 13882//5 13881//5
f 13885//6 13884//6 13883//6 13852//6
f 13902//1 13903//1 13872//1 13094//1
f 13902//3 13125//3 13904//3 13903//3
f 13902//5 13094//5 13096//5 13125//5
f 13903//6 13904//6 13905//6 13872//6
f 13125//3 13126//3 13906//3 13904//3
f 13126//3 13127//3 13907//3 13906//3
f 13127//3 13128//3 13908//3 13907//3
f 13128//3 13129//3 13909//3 13908//3
f 13129//3 13130//3 13910//3 13909//3
f 13131//3 13132//3 13911//3 13912//3
f 13132//3 13133//3 13913//3 13911//3
f 13133//3 13134//3 13914//3 13913//3
f 13134//3 13135//3 13915//3 13914//3
f 13135//3 13137//3 13916//3 13915//3
f 13917//2 13106//2 13885//2 13918//2
f 13137//3 13917//3 13918//3 13916//3
f 13137//5 13107//5 13106//5 13917//5
f 13916//6 13918//6 13885//6 13919//6
f 13185//1 13920//1 13910//1 13130//1
f 13187//2 13131//2 13912//2 13921//2
f 13185//5 13130//5 13131//5 13187//5
f 13920//6 13921//6 13912//6 13910//6
f 13855//1 14034//1 14035//1 14036//1
f 13857//2 14037//2 14038//2 14039//2
f 14036//4 14035//4 14038//4 14037//4
f 13855//5 14036//5 14037//5 13857//5
f 14034//6 14039//6 14038//6 14035//6
f 13865//1 14040//1 14041//1 14042//1
f 13866//2 14043//2 14044//2 14045//2
f 14042//4 14041//4 14044//4 14043//4
f 13865//5 14042//5 14043//5 13866//5
f 14040//6 14045//6 14044//6 14041//6
f 13844//1 14046//1 14047//1 13843//1
f 13846//2 13845//2 14048//2 14049//2
f 13843//4 14047//4 14048//4 13845//4
f 14046//6 14049//6 14048//6 14047//6
f 13847//1 14050//1 14051//1 13848//1
f 13853//2 13849//2 14052//2 14053//2
f 13848//4 14051//4 14052//4 13849//4
f 14050//6 14053//6 14052//6 14051//6
f 13887//1 14054//1 14055//1 14056//1
f 13889//2 14057//2 14058//2 14059//2
f 14056//4 14055//4 14058//4 14057//4
f 13887//5 14056//5 14057//5 13889//5
f 14054//6 14059//6 14058//6 14055//6
f 13899//1 14060//1 14061//1 14062//1
f 13900//2 14063//2 14064//2 14065//2
f 14062//4 14061//4 14064//4 14063//4
f 13899//5 14062//5 14063//5 13900//5
f 14060//6 14065//6 14064//6 14061//6
f 13854//1 14066//1 14034//1 13855//1
f 13867//2 13866//2 14045//2 14075//2
f 13872//1 14076//1 14077//1 13840//1
f 13872//3 13905//3 14078//3 14076//3
f 13840//4 14077//4 14046//4 13844//4
f 13846//4 14049//4 14079//4 13873//4
f 13873//4 14079//4 14080//4 13874//4
f 13874//4 14080//4 14081//4 13875//4
f 13875//4 14081//4 14082//4 13876//4
f 13876//4 14082//4 14083//4 13877//4
f 13877//4 14083//4 14084//4 13878//4
f 13878//4 14084//4 14085//4 13879//4
f 13879//4 14085//4 14086//4 13880//4
f 13880//4 14086//4 14050//4 13847//4
f 13885//2 13852//2 14087//2 14088//2
f 13919//3 13885//3 14088//3 14089//3
f 13853//4 14053//4 14087//4 13852//4
f 13886//1 14090//1 14054//1 13887//1
f 13901//2 13900//2 14065//2 14101//2
f 14102//1 14103//1 14066//1 13854//1
f 14104//2 13856//2 14068//2 14105//2
f 14102//5 13854//5 13856//5 14104//5
f 14103//6 14105//6 14068//6 14066//6
f 14106//1 14107//1 14074//1 13864//1
f 14108//2 13867//2 14075//2 14109//2
f 14106//5 13864//5 13867//5 14108//5
f 14107//6 14109//6 14075//6 14074//6
f 13904//1 14110//1 14078//1 13905//1
f 13904//3 13906//3 14111//3 14110//3
f 14110//6 14111//6 14112//6 14078//6
f 13906//3 13907//3 14113//3 14111//3
f 13907//3 13908//3 14114//3 14113//3
f 13908//3 13909//3 14115//3 14114//3
f 13909//3 13910//3 14116//3 14115//3
f 13910//3 13912//3 14117//3 14116//3
f 13912//3 13911//3 14118//3 14117//3
f 13911//3 13913//3 14119//3 14118//3
f 13913//3 13914//3 14120//3 14119//3
f 13914//3 13915//3 14121//3 14120//3
f 13916//2 13919//2 14089//2 14122//2
f 13915//3 13916//3 14122//3 14121//3
f 14121//6 14122//6 14089//6 14123//6
f 14124//1 14125//1 14090//1 13886//1
f 14126//2 13888//2 14092//2 14127//2
f 14124//5 13886//5 13888//5 14126//5
f 14125//6 14127//6 14092//6 14090//6
f 14128//1 14129//1 14100//1 13898//1
f 14130//2 13901//2 14101//2 14131//2
f 14128//5 13898//5 13901//5 14130//5
f 14129//6 14131//6 14101//6 14100//6
f 13933//1 14132//1 14103//1 14102//1
f 13935//2 14104//2 14105//2 14133//2
f 13933//5 14102//5 14104//5 13935//5
f 14132//6 14133//6 14105//6 14103//6
f 13943//1 14134//1 14107//1 14106//1
f 13945//2 14108//2 14109//2 14135//2
f 13943//5 14106//5 14108//5 13945//5
f 14134//6 14135//6 14109//6 14107//6
f 13999//1 14136//1 14125//1 14124//1
f 14001//2 14126//2 14127//2 14137//2
f 13999//5 14124//5 14126//5 14001//5
f 14136//6 14137//6 14127//6 14125//6
f 14011//1 14138//1 14129//1 14128//1
f 14013//2 14130//2 14131//2 14139//2
f 14011//5 14128//5 14130//5 14013//5
f 14138//6 14139//6 14131//6 14129//6
f 14246//1 14247//1 14150//1 13932//1
f 14248//2 13934//2 14152//2 14249//2
f 14246//5 13932//5 13934//5 14248//5
f 14247//6 14249//6 14152//6 14150//6
f 14250//1 14251//1 14158//1 13942//1
f 14252//2 13944//2 14160//2 14253//2
f 14250//5 13942//5 13944//5 14252//5
f 14251//6 14253//6 14160//6 14158//6
f 14254//1 14255//1 14214//1 13998//1
f 14256//2 14000//2 14216//2 14257//2
f 14254//5 13998//5 14000//5 14256//5
f 14255//6 14257//6 14216//6 14214//6
f 14258//1 14259//1 14224//1 14010//1
f 14260//2 14012//2 14226//2 14261//2
f 14258//5 14010//5 14012//5 14260//5
f 14259//6 14261//6 14226//6 14224//6
f 14262//1 14263//1 14247//1 14246//1
f 14264//2 14248//2 14249//2 14265//2
f 14262//5 14246//5 14248//5 14264//5
f 14263//6 14265//6 14249//6 14247//6
f 14266//1 14267//1 14251//1 14250//1
f 14268//2 14252//2 14253//2 14269//2
f 14266//5 14250//5 14252//5 14268//5
f 14267//6 14269//6 14253//6 14251//6
f 14270//1 14271//1 14255//1 14254//1
f 14272//2 14256//2 14257//2 14273//2
f 14270//5 14254//5 14256//5 14272//5
f 14271//6 14273//6 14257//6 14255//6
f 14274//1 14275//1 14259//1 14258//1
f 14276//2 14260//2 14261//2 14277//2
f 14274//5 14258//5 14260//5 14276//5
f 14275//6 14277//6 14261//6 14259//6
f 14278//1 14279//1 14263//1 14262//1
f 14280//2 14264//2 14265//2 14281//2
f 14278//5 14262//5 14264//5 14280//5
f 14279//6 14281//6 14265//6 14263//6
f 14282//1 14283//1 14267//1 14266//1
f 14284//2 14268//2 14269//2 14285//2
f 14282//5 14266//5 14268//5 14284//5
f 14283//6 14285//6 14269//6 14267//6
f 14286//1 14287//1 14271//1 14270//1
f 14288//2 14272//2 14273//2 14289//2
f 14286//5 14270//5 14272//5 14288//5
f 14287//6 14289//6 14273//6 14271//6
f 14290//1 14291//1 14275//1 14274//1
f 14292//2 14276//2 14277//2 14293//2
f 14290//5 14274//5 14276//5 14292//5
f 14291//6 14293//6 14277//6 14275//6
f 14294//1 14295//1 14279//1 14278//1
f 14296//2 14280//2 14281//2 14297//2
f 14294//3 14296//3 14297//3 14295//3
f 14294//5 14278//5 14280//5 14296//5
f 14295//6 14297//6 14281//6 14279//6
f 14298//1 14299//1 14283//1 14282//1
f 14300//2 14284//2 14285//2 14301//2
f 14298//3 14300//3 14301//3 14299//3
f 14298//5 14282//5 14284//5 14300//5
f 14299//6 14301//6 14285//6 14283//6
f 14302//1 14303//1 14287//1 14286//1
f 14304//2 14288//2 14289//2 14305//2
f 14302//3 14304//3 14305//3 14303//3
f 14302//5 14286//5 14288//5 14304//5
f 14303//6 14305//6 14289//6 14287//6
f 14306//1 14307//1 14291//1 14290//1
f 14308//2 14292//2 14293//2 14309//2
f 14306//3 14308//3 14309//3 14307//3
f 14306//5 14290//5 14292//5 14308//5
f 14307//6 14309//6 14293//6 14291//6
f 14049//1 14310//1 14311//1 14048//1
f 14048//4 14311//4 14312//4 14313//4
f 14049//5 14048//5 14313//5 14079//5
f 14310//6 14314//6 14312//6 14311//6
f 14080//2 14315//2 14316//2 14317//2
f 14313//4 14312//4 14316//4 14315//4
f 14079//5 14313//5 14315//5 14080//5
f 14085//1 14318//1 14319//1 14320//1
f 14320//4 14319//4 14321//4 14322//4
f 14085//5 14320//5 14322//5 14086//5
f 14050//2 14051//2 14323//2 14324//2
f 14322//4 14321//4 14323//4 14051//4
f 14086//5 14322//5 14051//5 14050//5
f 14325//6 14324//6 14323//6 14321//6
f 14076//1 14340//1 14341//1 14077//1
f 14076//3 14078//3 14342//3 14340//3
f 14077//4 14341//4 14343//4 14046//4
f 14340//6 14342//6 14343//6 14341//6
f 14078//3 14112//3 14344//3 14342//3
f 14046//4 14343//4 14310//4 14049//4
f 14342//6 14344//6 14310//6 14343//6
f 14080//4 14317//4 14345//4 14081//4
f 14081//4 14345//4 14346//4 14082//4
f 14082//4 14346//4 14347//4 14083//4
f 14083//4 14347//4 14348//4 14084//4
f 14084//4 14348//4 14318//4 14085//4
f 14123//3 14089//3 14349//3 14350//3
f 14050//4 14324//4 14351//4 14053//4
f 14350//6 14349//6 14351//6 14324//6
f 14088//2 14087//2 14352//2 14353//2
f 14089//3 14088//3 14353//3 14349//3
f 14053//4 14351//4 14352//4 14087//4
f 14349//6 14353//6 14352//6 14351//6
f 14111//1 14370//1 14344//1 14112//1
f 14111//3 14113//3 14371//3 14370//3
f 14370//6 14371//6 14372//6 14344//6
f 14113//3 14114//3 14373//3 14371//3
f 14114//3 14115//3 14374//3 14373//3
f 14115//3 14116//3 14375//3 14374//3
f 14116//3 14117//3 14376//3 14375//3
f 14117//3 14118//3 14377//3 14376//3
f 14118//3 14119//3 14378//3 14377//3
f 14119//3 14120//3 14379//3 14378//3
f 14121//2 14123//2 14350//2 14380//2
f 14120//3 14121//3 14380//3 14379//3
f 14379//6 14380//6 14350//6 14381//6
f 14314//1 14496//1 14497//1 14312//1
f 14312//4 14497//4 14498//4 14316//4
f 14496//6 14499//6 14498//6 14497//6
f 14316//4 14498//4 14500//4 14501//4
f 14317//5 14316//5 14501//5 14345//5
f 14499//6 14502//6 14500//6 14498//6
f 14501//4 14500//4 14503//4 14504//4
f 14345//5 14501//5 14504//5 14346//5
f 14502//6 14505//6 14503//6 14500//6
f 14504//4 14503//4 14506//4 14507//4
f 14346//5 14504//5 14507//5 14347//5
f 14505//6 14508//6 14506//6 14503//6
f 14507//4 14506//4 14509//4 14510//4
f 14347//5 14507//5 14510//5 14348//5
f 14508//6 14511//6 14509//6 14506//6
f 14510//4 14509//4 14512//4 14319//4
f 14348//5 14510//5 14319//5 14318//5
f 14511//6 14513//6 14512//6 14509//6
f 14325//2 14321//2 14514//2 14515//2
f 14319//4 14512//4 14514//4 14321//4
f 14513//6 14515//6 14514//6 14512//6
f 14344//1 14516//1 14517//1 14310//1
f 14344//3 14372//3 14518//3 14516//3
f 14310//4 14517//4 14496//4 14314//4
f 14516//6 14518//6 14496//6 14517//6
f 14518//6 14519//6 14499//6 14496//6
f 14519//6 14520//6 14502//6 14499//6
f 14520//6 14521//6 14505//6 14502//6
f 14522//6 14523//6 14511//6 14508//6
f 14523//6 14524//6 14513//6 14511//6
f 14524//6 14525//6 14515//6 14513//6
f 14350//2 14324//2 14526//2 14527//2
f 14381//3 14350//3 14527//3 14525//3
f 14325//4 14515//4 14526//4 14324//4
f 14525//6 14527//6 14526//6 14515//6
f 14371//1 14528//1 14518//1 14372//1
f 14371//3 14373//3 14529//3 14528//3
f 14528//6 14529//6 14519//6 14518//6
f 14373//3 14374//3 14530//3 14529//3
f 14529//6 14530//6 14520//6 14519//6
f 14374//3 14375//3 14531//3 14530//3
f 14530//6 14531//6 14521//6 14520//6
f 14375//3 14376//3 14532//3 14531//3
f 14531//6 14532//6 14522//6 14521//6
f 14376//3 14377//3 14533//3 14532//3
f 14532//6 14533//6 14523//6 14522//6
f 14377//3 14378//3 14534//3 14533//3
f 14533//6 14534//6 14524//6 14523//6
f 14379//2 14381//2 14525//2 14535//2
f 14378//3 14379//3 14535//3 14534//3
f 14534//6 14535//6 14525//6 14524//6
f 14521//1 14650//1 14651//1 14505//1
f 14522//2 14508//2 14652//2 14653//2
f 14521//3 14522//3 14653//3 14650//3
f 14505//4 14651//4 14652//4 14508//4
f 14650//6 14653//6 14652//6 14651//6
f 14882//1 14883//1 14884//1 14885//1
f 14886//2 14887//2 14888//2 14889//2
f 14882//3 14886//3 14889//3 14883//3
f 14885//4 14884//4 14888//4 14887//4
f 14882//5 14885//5 14887//5 14886//5
f 15004//1 15005//1 15006//1 15007//1
f 15007//4 15006//4 15008//4 15009//4
f 15004//5 15007//5 15009//5 15010//5
f 15009//4 15008//4 15011//4 15012//4
f 15010//5 15009//5 15012//5 14884//5
f 15013//6 15014//6 15011//6 15008//6
f 15012//4 15011//4 15015//4 15016//4
f 14884//5 15012//5 15016//5 14888//5
f 15014//6 15017//6 15015//6 15011//6
f 15016//4 15015//4 15018//4 15019//4
f 14888//5 15016//5 15019//5 15020//5
f 15017//6 15021//6 15018//6 15015//6
f 15022//2 15023//2 15024//2 15025//2
f 15019//4 15018//4 15024//4 15023//4
f 15020//5 15019//5 15023//5 15022//5
f 15026//1 15027//1 15028//1 15029//1
f 15026//3 15030//3 15031//3 15027//3
f 15029//4 15028//4 15005//4 15004//4
f 15026//5 15029//5 15004//5 15030//5
f 15030//5 15004//5 15010//5 15032//5
f 15032//5 15010//5 14884//5 14883//5
f 14889//5 14888//5 15020//5 15033//5
f 15033//5 15020//5 15022//5 15034//5
f 15035//2 15036//2 15037//2 15038//2
f 15034//3 15035//3 15038//3 15039//3
f 15022//4 15025//4 15037//4 15036//4
f 15034//5 15022//5 15036//5 15035//5
f 15040//1 15041//1 15031//1 15030//1
f 15040//3 15042//3 15043//3 15041//3
f 15040//5 15030//5 15032//5 15042//5
f 15042//3 15044//3 15045//3 15043//3
f 15042//5 15032//5 14883//5 15044//5
f 15044//3 15046//3 15047//3 15045//3
f 15044//5 14883//5 14889//5 15046//5
f 15046//3 15048//3 15049//3 15047//3
f 15046//5 14889//5 15033//5 15048//5
f 15050//2 15034//2 15039//2 15051//2
f 15048//3 15050//3 15051//3 15049//3
f 15048//5 15033//5 15034//5 15050//5
f 15028//1 15166//1 15167//1 15168//1
f 15168//4 15167//4 15169//4 15006//4
f 15028//5 15168//5 15006//5 15005//5
f 15013//2 15008//2 15170//2 15171//2
f 15006//4 15169//4 15170//4 15008//4
f 15172//6 15171//6 15170//6 15169//6
f 15021//1 15173//1 15174//1 15018//1
f 15018//4 15174//4 15175//4 15024//4
f 15173//6 15176//6 15175//6 15174//6
f 15037//2 15177//2 15178//2 15179//2
f 15024//4 15175//4 15178//4 15177//4
f 15025//5 15024//5 15177//5 15037//5
f 15180//1 15181//1 15182//1 15183//1
f 15180//3 15027//3 15184//3 15181//3
f 15183//4 15182//4 15166//4 15028//4
f 15180//5 15183//5 15028//5 15027//5
f 15013//4 15171//4 15185//4 15014//4
f 15014//4 15185//4 15186//4 15017//4
f 15017//4 15186//4 15173//4 15021//4
f 15187//2 15188//2 15189//2 15190//2
f 15038//3 15187//3 15190//3 15191//3
f 15037//4 15179//4 15189//4 15188//4
f 15038//5 15037//5 15188//5 15187//5
f 15192//1 15193//1 15184//1 15027//1
f 15192//3 15041//3 15194//3 15193//3
f 15192//5 15027//5 15031//5 15041//5
f 15041//3 15043//3 15195//3 15194//3
f 15043//3 15045//3 15196//3 15195//3
f 15045//3 15047//3 15197//3 15196//3
f 15047//3 15049//3 15198//3 15197//3
f 15049//3 15051//3 15199//3 15198//3
f 15200//2 15038//2 15191//2 15201//2
f 15051//3 15200//3 15201//3 15199//3
f 15051//5 15039//5 15038//5 15200//5
f 15182//1 15316//1 15317//1 15318//1
f 15318//4 15317//4 15319//4 15167//4
f 15182//5 15318//5 15167//5 15166//5
f 15172//2 15169//2 15320//2 15321//2
f 15167//4 15319//4 15320//4 15169//4
f 15176//1 15322//1 15323//1 15175//1
f 15175//4 15323//4 15324//4 15178//4
f 15189//2 15325//2 15326//2 15327//2
f 15178//4 15324//4 15326//4 15325//4
f 15179//5 15178//5 15325//5 15189//5
f 15181//1 15328//1 15316//1 15182//1
f 15172//4 15321//4 15329//4 15171//4
f 15171//4 15329//4 15330//4 15185//4
f 15185//4 15330//4 15331//4 15186//4
f 15186//4 15331//4 15332//4 15173//4
f 15173//4 15332//4 15322//4 15176//4
f 15190//2 15189//2 15327//2 15333//2
f 15334//1 15335//1 15328//1 15181//1
f 15334//3 15193//3 15336//3 15335//3
f 15334//5 15181//5 15184//5 15193//5
f 15193//3 15194//3 15337//3 15336//3
f 15194//3 15195//3 15338//3 15337//3
f 15195//3 15196//3 15339//3 15338//3
f 15196//3 15197//3 15340//3 15339//3
f 15197//3 15198//3 15341//3 15340//3
f 15198//3 15199//3 15342//3 15341//3
f 15199//3 15201//3 15343//3 15342//3
f 15344//2 15190//2 15333//2 15345//2
f 15201//3 15344//3 15345//3 15343//3
f 15201//5 15191//5 15190//5 15344//5
f 15642//1 15643//1 15644//1 15645//1
f 15642//3 15646//3 15647//3 15643//3
f 15645//4 15644//4 15648//4 15649//4
f 15642//5 15645//5 15649//5 15646//5
f 15643//6 15647//6 15648//6 15644//6
f 15646//3 15650//3 15651//3 15647//3
f 15649//4 15648//4 15652//4 15653//4
f 15646//5 15649//5 15653//5 15650//5
f 15647//6 15651//6 15652//6 15648//6
f 15650//3 15654//3 15655//3 15651//3
f 15653//4 15652//4 15656//4 15657//4
f 15650//5 15653//5 15657//5 15654//5
f 15651//6 15655//6 15656//6 15652//6
f 15654//3 15658//3 15659//3 15655//3
f 15657//4 15656//4 15660//4 15661//4
f 15654//5 15657//5 15661//5 15658//5
f 15655//6 15659//6 15660//6 15656//6
f 15658//3 15662//3 15663//3 15659//3
f 15661//4 15660//4 15664//4 15665//4
f 15658//5 15661//5 15665//5 15662//5
f 15659//6 15663//6 15664//6 15660//6
f 15662//3 15666//3 15667//3 15663//3
f 15665//4 15664//4 15668//4 15669//4
f 15662//5 15665//5 15669//5 15666//5
f 15663//6 15667//6 15668//6 15664//6
f 15666//3 15670//3 15671//3 15667//3
f 15669//4 15668//4 15672//4 15673//4
f 15666//5 15669//5 15673//5 15670//5
f 15667//6 15671//6 15672//6 15668//6
f 15670//3 15674//3 15675//3 15671//3
f 15673//4 15672//4 15676//4 15677//4
f 15670//5 15673//5 15677//5 15674//5
f 15671//6 15675//6 15676//6 15672//6
f 15674//3 15678//3 15679//3 15675//3
f 15677//4 15676//4 15621//4 15620//4
f 15674//5 15677//5 15620//5 15678//5
f 15675//6 15679//6 15621//6 15676//6
f 15678//5 15620//5 15622//5 15680//5
f 15679//6 15681//6 15623//6 15621//6
f 15680//3 15682//3 15683//3 15681//3
f 15680//5 15622//5 15624//5 15682//5
f 15681//6 15683//6 15625//6 15623//6
f 15682//3 15684//3 15685//3 15683//3
f 15682//5 15624//5 15626//5 15684//5
f 15683//6 15685//6 15627//6 15625//6
f 15684//3 15686//3 15687//3 15685//3
f 15684//5 15626//5 15628//5 15686//5
f 15685//6 15687//6 15629//6 15627//6
f 15686//3 15688//3 15689//3 15687//3
f 15686//5 15628//5 15630//5 15688//5
f 15687//6 15689//6 15631//6 15629//6
f 15688//3 15690//3 15691//3 15689//3
f 15688//5 15630//5 15632//5 15690//5
f 15689//6 15691//6 15633//6 15631//6
f 15690//3 15692//3 15693//3 15691//3
f 15690//5 15632//5 15634//5 15692//5
f 15691//6 15693//6 15635//6 15633//6
f 15692//3 15694//3 15695//3 15693//3
f 15692//5 15634//5 15636//5 15694//5
f 15693//6 15695//6 15637//6 15635//6
f 15694//3 15696//3 15697//3 15695//3
f 15694//5 15636//5 15638//5 15696//5
f 15695//6 15697//6 15641//6 15637//6
f 15696//3 15698//3 15699//3 15697//3
f 15638//4 15641//4 15700//4 15701//4
f 15696//5 15638//5 15701//5 15698//5
f 15697//6 15699//6 15700//6 15641//6
f 15698//3 15702//3 15703//3 15699//3
f 15701//4 15700//4 15704//4 15705//4
f 15698//5 15701//5 15705//5 15702//5
f 15699//6 15703//6 15704//6 15700//6
f 15702//3 15706//3 15707//3 15703//3
f 15705//4 15704//4 15708//4 15709//4
f 15702//5 15705//5 15709//5 15706//5
f 15703//6 15707//6 15708//6 15704//6
f 15706//3 15710//3 15711//3 15707//3
f 15709//4 15708//4 15712//4 15713//4
f 15706//5 15709//5 15713//5 15710//5
f 15707//6 15711//6 15712//6 15708//6
f 15714//2 15715//2 15716//2 15717//2
f 15710//3 15714//3 15717//3 15711//3
f 15713//4 15712//4 15716//4 15715//4
f 15710//5 15713//5 15715//5 15714//5
f 15711//6 15717//6 15716//6 15712//6
f 15316//1 15734//1 15735//1 15317//1
f 15317//4 15735//4 15736//4 15319//4
f 15321//2 15320//2 15737//2 15738//2
f 15319//4 15736//4 15737//4 15320//4
f 15322//1 15739//1 15740//1 15323//1
f 15323//4 15740//4 15741//4 15324//4
f 15327//2 15326//2 15742//2 15743//2
f 15324//4 15741//4 15742//4 15326//4
f 15744//1 15745//1 15746//1 15747//1
f 15744//3 15328//3 15748//3 15745//3
f 15747//4 15746//4 15734//4 15316//4
f 15744//5 15747//5 15316//5 15328//5
f 15745//6 15748//6 15734//6 15746//6
f 15321//4 15738//4 15749//4 15329//4
f 15329//4 15749//4 15750//4 15330//4
f 15330//4 15750//4 15751//4 15331//4
f 15331//4 15751//4 15752//4 15332//4
f 15332//4 15752//4 15739//4 15322//4
f 15753//2 15754//2 15755//2 15756//2
f 15333//3 15753//3 15756//3 15757//3
f 15327//4 15743//4 15755//4 15754//4
f 15333//5 15327//5 15754//5 15753//5
f 15757//6 15756//6 15755//6 15743//6
f 15335//1 15758//1 15748//1 15328//1
f 15335//3 15336//3 15759//3 15758//3
f 15336//3 15337//3 15760//3 15759//3
f 15337//3 15338//3 15761//3 15760//3
f 15338//3 15339//3 15762//3 15761//3
f 15340//3 15341//3 15763//3 15764//3
f 15341//3 15342//3 15765//3 15763//3
f 15342//3 15343//3 15766//3 15765//3
f 15345//2 15333//2 15757//2 15767//2
f 15343//3 15345//3 15767//3 15766//3
f 15431//1 15768//1 15762//1 15339//1
f 15433//2 15340//2 15764//2 15769//2
f 15431//5 15339//5 15340//5 15433//5
f 15768//6 15769//6 15764//6 15762//6
f 15734//1 15882//1 15883//1 15735//1
f 15735//4 15883//4 15884//4 15736//4
f 15882//6 15885//6 15884//6 15883//6
f 15738//2 15737//2 15886//2 15887//2
f 15736//4 15884//4 15886//4 15737//4
f 15739//1 15888//1 15889//1 15740//1
f 15740//4 15889//4 15890//4 15741//4
f 15743//2 15742//2 15891//2 15892//2
f 15741//4 15890//4 15891//4 15742//4
f 15893//6 15892//6 15891//6 15890//6
f 15748//1 15894//1 15882//1 15734//1
f 15738//4 15887//4 15895//4 15749//4
f 15749//4 15895//4 15896//4 15750//4
f 15750//4 15896//4 15897//4 15751//4
f 15751//4 15897//4 15898//4 15752//4
f 15752//4 15898//4 15888//4 15739//4
f 15757//2 15743//2 15892//2 15899//2
f 15758//1 15900//1 15894//1 15748//1
f 15758//3 15759//3 15901//3 15900//3
f 15900//6 15901//6 15902//6 15894//6
f 15759//3 15760//3 15903//3 15901//3
f 15760//3 15761//3 15904//3 15903//3
f 15761//3 15762//3 15905//3 15904//3
f 15762//3 15764//3 15906//3 15905//3
f 15764//3 15763//3 15907//3 15906//3
f 15763//3 15765//3 15908//3 15907//3
f 15765//3 15766//3 15909//3 15908//3
f 15767//2 15757//2 15899//2 15910//2
f 15766//3 15767//3 15910//3 15909//3
f 15909//6 15910//6 15899//6 15911//6
f 15885//1 16026//1 16027//1 15884//1
f 15884//4 16027//4 16028//4 15886//4
f 16026//6 16029//6 16028//6 16027//6
f 15895//2 16030//2 16031//2 16032//2
f 15886//4 16028//4 16031//4 16030//4
f 15887//5 15886//5 16030//5 15895//5
f 15898//1 16033//1 16034//1 16035//1
f 16035//4 16034//4 16036//4 15889//4
f 15898//5 16035//5 15889//5 15888//5
f 15893//2 15890//2 16037//2 16038//2
f 15889//4 16036//4 16037//4 15890//4
f 16039//6 16038//6 16037//6 16036//6
f 15894//1 16040//1 16041//1 15882//1
f 15894//3 15902//3 16042//3 16040//3
f 15882//4 16041//4 16026//4 15885//4
f 16040//6 16042//6 16026//6 16041//6
f 15895//4 16032//4 16043//4 15896//4
f 15896//4 16043//4 16044//4 15897//4
f 15897//4 16044//4 16033//4 15898//4
f 15899//2 15892//2 16045//2 16046//2
f 15911//3 15899//3 16046//3 16047//3
f 15893//4 16038//4 16045//4 15892//4
f 16047//6 16046//6 16045//6 16038//6
f 15901//1 16048//1 16042//1 15902//1
f 15901//3 15903//3 16049//3 16048//3
f 16048//6 16049//6 16050//6 16042//6
f 15903//3 15904//3 16051//3 16049//3
f 15904//3 15905//3 16052//3 16051//3
f 15905//3 15906//3 16053//3 16052//3
f 15906//3 15907//3 16054//3 16053//3
f 15907//3 15908//3 16055//3 16054//3
f 15909//2 15911//2 16047//2 16056//2
f 15908//3 15909//3 16056//3 16055//3
f 16055//6 16056//6 16047//6 16057//6
f 16029//1 16172//1 16173//1 16028//1
f 16028//4 16173//4 16174//4 16031//4
f 16172//6 16175//6 16174//6 16173//6
f 16031//4 16174//4 16176//4 16177//4
f 16032//5 16031//5 16177//5 16043//5
f 16175//6 16178//6 16176//6 16174//6
f 16177//4 16176//4 16179//4 16180//4
f 16043//5 16177//5 16180//5 16044//5
f 16178//6 16181//6 16179//6 16176//6
f 16180//4 16179//4 16182//4 16034//4
f 16044//5 16180//5 16034//5 16033//5
f 16181//6 16183//6 16182//6 16179//6
f 16039//2 16036//2 16184//2 16185//2
f 16034//4 16182//4 16184//4 16036//4
f 16183//6 16185//6 16184//6 16182//6
f 16042//1 16186//1 16187//1 16026//1
f 16042//3 16050//3 16188//3 16186//3
f 16026//4 16187//4 16172//4 16029//4
f 16186//6 16188//6 16172//6 16187//6
f 16188//6 16189//6 16175//6 16172//6
f 16189//6 16190//6 16178//6 16175//6
f 16191//6 16192//6 16183//6 16181//6
f 16192//6 16193//6 16185//6 16183//6
f 16047//2 16038//2 16194//2 16195//2
f 16057//3 16047//3 16195//3 16193//3
f 16039//4 16185//4 16194//4 16038//4
f 16193//6 16195//6 16194//6 16185//6
f 16049//1 16196//1 16188//1 16050//1
f 16049//3 16051//3 16197//3 16196//3
f 16196//6 16197//6 16189//6 16188//6
f 16051//3 16052//3 16198//3 16197//3
f 16197//6 16198//6 16190//6 16189//6
f 16052//3 16053//3 16199//3 16198//3
f 16198//6 16199//6 16191//6 16190//6
f 16053//3 16054//3 16200//3 16199//3
f 16199//6 16200//6 16192//6 16191//6
f 16055//2 16057//2 16193//2 16201//2
f 16054//3 16055//3 16201//3 16200//3
f 16200//6 16201//6 16193//6 16192//6
f 16190//1 16316//1 16317//1 16178//1
f 16191//2 16181//2 16318//2 16319//2
f 16190//3 16191//3 16319//3 16316//3
f 16178//4 16317//4 16318//4 16181//4
f 16316//6 16319//6 16318//6 16317//6
g glyph_42
f 390//1 391//1 392//1 393//1
f 394//2 395//2 396//2 397//2
f 393//4 392//4 396//4 395//4
f 390//5 393//5 395//5 394//5
f 398//1 399//1 391//1 390//1
f 398//5 390//5 394//5 400//5
f 401//2 402//2 403//2 404//2
f 394//4 397//4 403//4 402//4
f 400//5 394//5 402//5 401//5
f 405//6 404//6 403//6 397//6
f 406//1 407//1 399//1 398//1
f 406//3 408//3 409//3 407//3
f 406//5 398//5 400//5 408//5
f 410//2 401//2 404//2 411//2
f 408//5 400//5 401//5 410//5
f 412//1 413//1 409//1 408//1
f 412//3 414//3 415//3 413//3
f 412//5 408//5 410//5 414//5
f 416//2 417//2 418//2 419//2
f 410//4 411//4 418//4 417//4
f 414//5 410//5 417//5 416//5
f 420//1 421//1 415//1 414//1
f 420//3 422//3 423//3 421//3
f 420//5 414//5 416//5 422//5
f 422//3 424//3 425//3 423//3
f 416//4 419//4 426//4 427//4
f 422//5 416//5 427//5 424//5
f 428//2 429//2 430//2 431//2
f 424//3 428//3 431//3 425//3
f 427//4 426//4 430//4 429//4
f 424//5 427//5 429//5 428//5
f 425//6 431//6 430//6 426//6
f 544//1 545//1 546//1 547//1
f 548//2 549//2 550//2 551//2
f 547//4 546//4 550//4 549//4
f 544//5 547//5 549//5 548//5
f 552//1 553//1 554//1 555//1
f 555//4 554//4 545//4 544//4
f 552//5 555//5 544//5 392//5
f 396//2 548//2 551//2 556//2
f 392//5 544//5 548//5 396//5
f 557//1 558//1 553//1 552//1
f 557//5 552//5 392//5 391//5
f 397//2 396//2 556//2 559//2
f 560//1 561//1 558//1 557//1
f 560//5 557//5 391//5 399//5
f 405//2 397//2 559//2 562//2
f 563//1 564//1 561//1 560//1
f 563//5 560//5 399//5 407//5
f 411//2 404//2 565//2 566//2
f 405//4 562//4 565//4 404//4
f 567//1 568//1 564//1 563//1
f 567//3 569//3 570//3 568//3
f 567//5 563//5 407//5 569//5
f 569//5 407//5 409//5 413//5
f 419//2 418//2 571//2 572//2
f 411//4 566//4 571//4 418//4
f 573//6 572//6 571//6 566//6
f 574//1 575//1 570//1 569//1
f 574//3 576//3 577//3 575//3
f 574//5 569//5 413//5 576//5
f 576//5 413//5 415//5 421//5
f 425//2 426//2 578//2 579//2
f 419//4 572//4 578//4 426//4
f 580//1 581//1 577//1 576//1
f 580//3 582//3 583//3 581//3
f 580//5 576//5 421//5 582//5
f 582//3 584//3 585//3 583//3
f 582//5 421//5 423//5 584//5
f 584//3 586//3 587//3 585//3
f 584//5 423//5 425//5 586//5
f 586//3 588//3 589//3 587//3
f 425//4 579//4 590//4 431//4
f 586//5 425//5 431//5 588//5
f 591//2 592//2 593//2 594//2
f 588//3 591//3 594//3 589//3
f 431//4 590//4 593//4 592//4
f 588//5 431//5 592//5 591//5
f 546//1 877//1 878//1 879//1
f 550//2 880//2 881//2 882//2
f 879//4 878//4 881//4 880//4
f 546//5 879//5 880//5 550//5
f 554//1 883//1 884//1 885//1
f 885//4 884//4 877//4 546//4
f 554//5 885//5 546//5 545//5
f 551//2 550//2 882//2 886//2
f 553//1 887//1 883//1 554//1
f 556//2 551//2 886//2 888//2
f 889//1 890//1 891//1 892//1
f 892//4 891//4 887//4 553//4
f 889//5 892//5 553//5 558//5
f 559//2 556//2 888//2 893//2
f 894//1 895//1 890//1 889//1
f 894//5 889//5 558//5 561//5
f 562//2 559//2 893//2 896//2
f 897//1 898//1 895//1 894//1
f 897//3 564//3 899//3 898//3
f 897//5 894//5 561//5 564//5
f 566//2 565//2 900//2 901//2
f 562//4 896//4 900//4 565//4
f 902//6 901//6 900//6 896//6
f 568//1 903//1 899//1 564//1
f 573//2 566//2 901//2 904//2
f 905//1 906//1 903//1 568//1
f 905//3 575//3 907//3 906//3
f 905//5 568//5 570//5 575//5
f 573//4 904//4 908//4 572//4
f 579//2 578//2 909//2 910//2
f 572//4 908//4 909//4 578//4
f 911//6 910//6 909//6 908//6
f 912//1 913//1 907//1 575//1
f 912//3 581//3 914//3 913//3
f 912//5 575//5 577//5 581//5
f 581//3 583//3 915//3 914//3
f 579//4 910//4 916//4 590//4
f 589//3 594//3 917//3 918//3
f 590//4 916//4 919//4 593//4
f 920//2 921//2 922//2 923//2
f 594//3 920//3 923//3 917//3
f 593//4 919//4 922//4 921//4
f 594//5 593//5 921//5 920//5
f 924//1 925//1 915//1 583//1
f 924//3 926//3 927//3 925//3
f 924//5 583//5 585//5 926//5
f 926//3 928//3 929//3 927//3
f 926//5 585//5 587//5 928//5
f 930//2 589//2 918//2 931//2
f 928//3 930//3 931//3 929//3
f 928//5 587//5 589//5 930//5
f 1766//1 1767//1 1768//1 1769//1
f 1770//2 1771//2 1772//2 1773//2
f 1769//4 1768//4 1772//4 1771//4
f 1766//5 1769//5 1771//5 1770//5
f 1767//6 1773//6 1772//6 1768//6
f 884//1 1774//1 1775//1 1776//1
f 1776//4 1775//4 1777//4 878//4
f 884//5 1776//5 878//5 877//5
f 882//2 881//2 1778//2 1779//2
f 878//4 1777//4 1778//4 881//4
f 1780//1 1781//1 1782//1 1783//1
f 1780//3 1784//3 1785//3 1781//3
f 1783//4 1782//4 1767//4 1766//4
f 1780//5 1783//5 1766//5 1784//5
f 1781//6 1785//6 1767//6 1782//6
f 1784//5 1766//5 1770//5 1786//5
f 1785//6 1787//6 1773//6 1767//6
f 1788//2 1789//2 1790//2 1791//2
f 1786//3 1788//3 1791//3 1787//3
f 1770//4 1773//4 1790//4 1789//4
f 1786//5 1770//5 1789//5 1788//5
f 1787//6 1791//6 1790//6 1773//6
f 883//1 1792//1 1774//1 884//1
f 886//2 882//2 1779//2 1793//2
f 1794//1 1795//1 1785//1 1784//1
f 1796//2 1786//2 1787//2 1797//2
f 1794//3 1796//3 1797//3 1795//3
f 1794//5 1784//5 1786//5 1796//5
f 1795//6 1797//6 1787//6 1785//6
f 891//1 1798//1 1799//1 1800//1
f 1800//4 1799//4 1792//4 883//4
f 891//5 1800//5 883//5 887//5
f 888//2 886//2 1793//2 1801//2
f 890//1 1802//1 1798//1 891//1
f 893//2 888//2 1801//2 1803//2
f 895//1 1804//1 1802//1 890//1
f 896//2 893//2 1803//2 1805//2
f 898//1 1806//1 1804//1 895//1
f 902//2 896//2 1805//2 1807//2
f 1808//1 1809//1 1806//1 898//1
f 1808//3 903//3 1810//3 1809//3
f 1808//5 898//5 899//5 903//5
f 904//2 901//2 1811//2 1812//2
f 902//4 1807//4 1811//4 901//4
f 906//1 1813//1 1810//1 903//1
f 911//2 908//2 1814//2 1815//2
f 904//4 1812//4 1814//4 908//4
f 1816//1 1817//1 1813//1 906//1
f 1816//3 913//3 1818//3 1817//3
f 1816//5 906//5 907//5 913//5
f 913//3 914//3 1819//3 1818//3
f 911//4 1815//4 1820//4 910//4
f 910//4 1820//4 1821//4 916//4
f 916//4 1821//4 1822//4 919//4
f 917//3 923//3 1823//3 1824//3
f 919//4 1822//4 1825//4 922//4
f 1826//2 1827//2 1828//2 1829//2
f 923//3 1826//3 1829//3 1823//3
f 922//4 1825//4 1828//4 1827//4
f 923//5 922//5 1827//5 1826//5
f 1830//1 1831//1 1819//1 914//1
f 1830//3 925//3 1832//3 1831//3
f 1830//5 914//5 915//5 925//5
f 925//3 927//3 1833//3 1832//3
f 927//3 929//3 1834//3 1833//3
f 929//3 931//3 1835//3 1834//3
f 1836//2 917//2 1824//2 1837//2
f 931//3 1836//3 1837//3 1835//3
f 931//5 918//5 917//5 1836//5
f 1777//1 2437//1 2438//1 2439//1
f 1778//2 2440//2 2441//2 2442//2
f 2439//4 2438//4 2441//4 2440//4
f 1777//5 2439//5 2440//5 1778//5
f 1774//1 2443//1 2444//1 1775//1
f 1775//4 2444//4 2437//4 1777//4
f 1779//2 1778//2 2442//2 2445//2
f 1799//1 2446//1 2447//1 2448//1
f 2448//4 2447//4 2443//4 1774//4
f 1799//5 2448//5 1774//5 1792//5
f 1793//2 1779//2 2445//2 2449//2
f 1798//1 2450//1 2446//1 1799//1
f 1801//2 1793//2 2449//2 2451//2
f 2452//6 2451//6 2449//6 2453//6
f 1802//1 2454//1 2450//1 1798//1
f 1803//2 1801//2 2451//2 2455//2
f 1804//1 2456//1 2454//1 1802//1
f 1805//2 1803//2 2455//2 2457//2
f 1806//1 2458//1 2456//1 1804//1
f 1807//2 1805//2 2457//2 2459//2
f 1809//1 2460//1 2458//1 1806//1
f 1812//2 1811//2 2461//2 2462//2
f 1807//4 2459//4 2461//4 1811//4
f 2463//1 2464//1 2460//1 1809//1
f 2463//3 1813//3 2465//3 2464//3
f 2463//5 1809//5 1810//5 1813//5
f 1815//2 1814//2 2466//2 2467//2
f 1812//4 2462//4 2466//4 1814//4
f 1817//1 2468//1 2465//1 1813//1
f 1817//3 1818//3 2469//3 2468//3
f 1815//4 2467//4 2470//4 1820//4
f 1820//4 2470//4 2471//4 1821//4
f 1821//4 2471//4 2472//4 1822//4
f 1822//4 2472//4 2473//4 1825//4
f 2474//6 2475//6 2473//6 2472//6
f 1829//2 1828//2 2476//2 2477//2
f 1823//3 1829//3 2477//3 2475//3
f 1825//4 2473//4 2476//4 1828//4
f 2478//1 2479//1 2469//1 1818//1
f 2478//3 1831//3 2480//3 2479//3
f 2478//5 1818//5 1819//5 1831//5
f 1831//3 1832//3 2481//3 2480//3
f 1832//3 1833//3 2482//3 2481//3
f 1833//3 1834//3 2483//3 2482//3
f 1834//3 1835//3 2484//3 2483//3
f 1835//3 1837//3 2485//3 2484//3
f 2486//2 1823//2 2475//2 2487//2
f 1837//3 2486//3 2487//3 2485//3
f 1837//5 1824//5 1823//5 2486//5
f 2437//1 2827//1 2828//1 2438//1
f 2442//2 2441//2 2829//2 2830//2
f 2438//4 2828//4 2829//4 2441//4
f 2443//1 2831//1 2832//1 2444//1
f 2444//4 2832//4 2827//4 2437//4
f 2445//2 2442//2 2830//2 2833//2
f 2446//1 2834//1 2835//1 2447//1
f 2447//4 2835//4 2831//4 2443//4
f 2449//2 2445//2 2833//2 2836//2
f 2453//3 2449//3 2836//3 2837//3
f 2450//1 2838//1 2834//1 2446//1
f 2452//2 2453//2 2837//2 2839//2
f 2454//1 2840//1 2838//1 2450//1
f 2455//2 2451//2 2841//2 2842//2
f 2452//4 2839//4 2841//4 2451//4
f 2843//1 2844//1 2845//1 2846//1
f 2843//3 2456//3 2847//3 2844//3
f 2846//4 2845//4 2840//4 2454//4
f 2843//5 2846//5 2454//5 2456//5
f 2844//6 2847//6 2840//6 2845//6
f 2457//2 2455//2 2842//2 2848//2
f 2458//1 2849//1 2847//1 2456//1
f 2459//2 2457//2 2848//2 2850//2
f 2460//1 2851//1 2849//1 2458//1
f 2462//2 2461//2 2852//2 2853//2
f 2459//4 2850//4 2852//4 2461//4
f 2464//1 2854//1 2851//1 2460//1
f 2464//3 2465//3 2855//3 2854//3
f 2467//2 2466//2 2856//2 2857//2
f 2462//4 2853//4 2856//4 2466//4
f 2468//1 2858//1 2855//1 2465//1
f 2468//3 2469//3 2859//3 2858//3
f 2467//4 2857//4 2860//4 2470//4
f 2470//4 2860//4 2861//4 2471//4
f 2474//2 2472//2 2862//2 2863//2
f 2471//4 2861//4 2862//4 2472//4
f 2475//1 2864//1 2865//1 2473//1
f 2477//2 2476//2 2866//2 2867//2
f 2475//3 2477//3 2867//3 2864//3
f 2473//4 2865//4 2866//4 2476//4
f 2479//1 2868//1 2859//1 2469//1
f 2479//3 2480//3 2869//3 2868//3
f 2480//3 2481//3 2870//3 2869//3
f 2481//3 2482//3 2871//3 2870//3
f 2483//3 2484//3 2872//3 2873//3
f 2484//3 2485//3 2874//3 2872//3
f 2487//2 2475//2 2864//2 2875//2
f 2485//3 2487//3 2875//3 2874//3
f 2474//4 2863//4 2864//4 2475//4
f 2876//1 2877//1 2871//1 2482//1
f 2878//2 2483//2 2873//2 2879//2
f 2876//3 2878//3 2879//3 2877//3
f 2876//5 2482//5 2483//5 2878//5
f 2877//6 2879//6 2873//6 2871//6
f 2827//1 3219//1 3220//1 2828//1
f 2830//2 2829//2 3221//2 3222//2
f 2828//4 3220//4 3221//4 2829//4
f 3219//6 3222//6 3221//6 3220//6
f 2831//1 3223//1 3224//1 2832//1
f 2832//4 3224//4 3219//4 2827//4
f 2833//2 2830//2 3222//2 3225//2
f 2834//1 3226//1 3227//1 2835//1
f 2835//4 3227//4 3223//4 2831//4
f 3226//6 3228//6 3223//6 3227//6
f 2836//2 2833//2 3225//2 3229//2
f 2838//1 3230//1 3226//1 2834//1
f 2841//2 2836//2 3229//2 3231//2
f 2839//5 2837//5 2836//5 2841//5
f 2840//1 3232//1 3230//1 2838//1
f 2842//2 2841//2 3231//2 3233//2
f 2847//1 3234//1 3232//1 2840//1
f 2848//2 2842//2 3233//2 3235//2
f 2849//1 3236//1 3234//1 2847//1
f 2850//2 2848//2 3235//2 3237//2
f 2851//1 3238//1 3236//1 2849//1
f 2853//2 2852//2 3239//2 3240//2
f 2850//4 3237//4 3239//4 2852//4
f 2854//1 3241//1 3238//1 2851//1
f 2854//3 2855//3 3242//3 3241//3
f 3241//6 3242//6 3243//6 3238//6
f 2857//2 2856//2 3244//2 3245//2
f 2853//4 3240//4 3244//4 2856//4
f 2858//1 3246//1 3242//1 2855//1
f 2858//3 2859//3 3247//3 3246//3
f 2857//4 3245//4 3248//4 2860//4
f 2860//4 3248//4 3249//4 2861//4
f 2861//4 3249//4 3250//4 2862//4
f 2862//4 3250//4 3251//4 2865//4
f 2863//5 2862//5 2865//5 2864//5
f 2867//2 2866//2 3252//2 3253//2
f 2864//3 2867//3 3253//3 3254//3
f 2865//4 3251//4 3252//4 2866//4
f 2868//1 3255//1 3247//1 2859//1
f 2868//3 2869//3 3256//3 3255//3
f 3255//6 3256//6 3257//6 3247//6
f 2869//3 2870//3 3258//3 3256//3
f 2870//3 2871//3 3259//3 3258//3
f 2871//3 2873//3 3260//3 3259//3
f 2873//3 2872//3 3261//3 3260//3
f 2872//3 2874//3 3262//3 3261//3
f 2875//2 2864//2 3254//2 3263//2
f 2874//3 2875//3 3263//3 3262//3
f 3262//6 3263//6 3254//6 3264//6
f 3223//1 3604//1 3605//1 3224//1
f 3224//4 3605//4 3606//4 3219//4
f 3604//6 3607//6 3606//6 3605//6
f 3225//2 3222//2 3608//2 3609//2
f 3219//4 3606//4 3608//4 3222//4
f 3228//1 3610//1 3604//1 3223//1
f 3229//2 3225//2 3609//2 3611//2
f 3230//1 3612//1 3613//1 3226//1
f 3226//4 3613//4 3610//4 3228//4
f 3612//6 3614//6 3610//6 3613//6
f 3231//2 3229//2 3611//2 3615//2
f 3232//1 3616//1 3612//1 3230//1
f 3233//2 3231//2 3615//2 3617//2
f 3234//1 3618//1 3616//1 3232//1
f 3235//2 3233//2 3617//2 3619//2
f 3236//1 3620//1 3618//1 3234//1
f 3237//2 3235//2 3619//2 3621//2
f 3238//1 3622//1 3620//1 3236//1
f 3238//3 3243//3 3623//3 3622//3
f 3622//6 3623//6 3624//6 3620//6
f 3240//2 3239//2 3625//2 3626//2
f 3237//4 3621//4 3625//4 3239//4
f 3242//1 3627//1 3623//1 3243//1
f 3245//2 3244//2 3628//2 3629//2
f 3240//4 3626//4 3628//4 3244//4
f 3246//1 3630//1 3627//1 3242//1
f 3246//3 3247//3 3631//3 3630//3
f 3630//6 3631//6 3632//6 3627//6
f 3247//3 3257//3 3633//3 3631//3
f 3245//4 3629//4 3634//4 3248//4
f 3248//4 3634//4 3635//4 3249//4
f 3249//4 3635//4 3636//4 3250//4
f 3264//3 3254//3 3637//3 3638//3
f 3250//4 3636//4 3639//4 3251//4
f 3253//2 3252//2 3640//2 3641//2
f 3254//3 3253//3 3641//3 3637//3
f 3251//4 3639//4 3640//4 3252//4
f 3637//6 3641//6 3640//6 3639//6
f 3256//1 3642//1 3633//1 3257//1
f 3256//3 3258//3 3643//3 3642//3
f 3642//6 3643//6 3644//6 3633//6
f 3258//3 3259//3 3645//3 3643//3
f 3259//3 3260//3 3646//3 3645//3
f 3260//3 3261//3 3647//3 3646//3
f 3262//2 3264//2 3638//2 3648//2
f 3261//3 3262//3 3648//3 3647//3
f 3647//6 3648//6 3638//6 3649//6
f 3607//1 3989//1 3990//1 3606//1
f 3609//2 3608//2 3991//2 3992//2
f 3606//4 3990//4 3991//4 3608//4
f 3989//6 3992//6 3991//6 3990//6
f 3610//1 3993//1 3994//1 3604//1
f 3604//4 3994//4 3989//4 3607//4
f 3993//6 3995//6 3989//6 3994//6
f 3611//2 3609//2 3992//2 3996//2
f 3614//1 3997//1 3993//1 3610//1
f 3615//2 3611//2 3996//2 3998//2
f 3616//1 3999//1 4000//1 3612//1
f 3612//4 4000//4 3997//4 3614//4
f 3999//6 4001//6 3997//6 4000//6
f 3617//2 3615//2 3998//2 4002//2
f 3618//1 4003//1 3999//1 3616//1
f 4003//6 4004//6 4001//6 3999//6
f 3619//2 3617//2 4002//2 4005//2
f 3620//1 4006//1 4003//1 3618//1
f 3620//3 3624//3 4007//3 4006//3
f 4006//6 4007//6 4004//6 4003//6
f 3625//2 4008//2 4009//2 4010//2
f 3619//4 4005//4 4009//4 4008//4
f 3621//5 3619//5 4008//5 3625//5
f 3623//1 4011//1 4007//1 3624//1
f 3626//2 3625//2 4010//2 4012//2
f 3627//1 4013//1 4011//1 3623//1
f 3627//3 3632//3 4014//3 4013//3
f 4013//6 4014//6 4015//6 4011//6
f 3626//4 4012//4 4016//4 3628//4
f 3634//2 4017//2 4018//2 4019//2
f 3628//4 4016//4 4018//4 4017//4
f 3629//5 3628//5 4017//5 3634//5
f 3631//1 4020//1 4014//1 3632//1
f 3631//3 3633//3 4021//3 4020//3
f 4020//6 4021//6 4022//6 4014//6
f 3633//3 3644//3 4023//3 4021//3
f 3634//4 4019//4 4024//4 3635//4
f 3649//3 3638//3 4025//3 4026//3
f 3635//4 4024//4 4027//4 3636//4
f 3637//2 3639//2 4028//2 4029//2
f 3638//3 3637//3 4029//3 4025//3
f 3636//4 4027//4 4028//4 3639//4
f 4025//6 4029//6 4028//6 4027//6
f 3643//1 4030//1 4023//1 3644//1
f 3643//3 3645//3 4031//3 4030//3
f 4030//6 4031//6 4032//6 4023//6
f 3645//3 3646//3 4033//3 4031//3
f 4031//6 4033//6 4034//6 4032//6
f 3647//2 3649//2 4026//2 4035//2
f 3646//3 3647//3 4035//3 4033//3
f 4033//6 4035//6 4026//6 4034//6
f 3995//1 4375//1 4376//1 3989//1
f 3996//2 3992//2 4377//2 4378//2
f 3989//4 4376//4 4377//4 3992//4
f 4375//6 4378//6 4377//6 4376//6
f 3997//1 4379//1 4380//1 3993//1
f 3993//4 4380//4 4375//4 3995//4
f 4379//6 4381//6 4375//6 4380//6
f 3998//2 3996//2 4378//2 4382//2
f 4381//6 4382//6 4378//6 4375//6
f 4001//1 4383//1 4379//1 3997//1
f 4383//6 4384//6 4381//6 4379//6
f 4002//2 3998//2 4382//2 4385//2
f 4004//1 4386//1 4383//1 4001//1
f 4386//6 4387//6 4384//6 4383//6
f 4005//2 4002//2 4385//2 4388//2
f 4007//1 4389//1 4386//1 4004//1
f 4389//6 4390//6 4387//6 4386//6
f 4010//2 4009//2 4391//2 4392//2
f 4005//4 4388//4 4391//4 4009//4
f 4011//1 4393//1 4389//1 4007//1
f 4011//3 4015//3 4394//3 4393//3
f 4393//6 4394//6 4390//6 4389//6
f 4394//6 4395//6 4396//6 4390//6
f 4016//2 4397//2 4398//2 4399//2
f 4010//4 4392//4 4398//4 4397//4
f 4012//5 4010//5 4397//5 4016//5
f 4014//1 4400//1 4394//1 4015//1
f 4014//3 4022//3 4401//3 4400//3
f 4400//6 4401//6 4395//6 4394//6
f 4401//6 4402//6 4403//6 4395//6
f 4019//2 4018//2 4404//2 4405//2
f 4016//4 4399//4 4404//4 4018//4
f 4021//1 4406//1 4401//1 4022//1
f 4021//3 4023//3 4407//3 4406//3
f 4406//6 4407//6 4402//6 4401//6
f 4023//3 4032//3 4408//3 4407//3
f 4407//6 4408//6 4409//6 4402//6
f 4032//3 4034//3 4410//3 4408//3
f 4408//6 4410//6 4405//6 4409//6
f 4034//3 4026//3 4411//3 4410//3
f 4019//4 4405//4 4412//4 4024//4
f 4410//6 4411//6 4412//6 4405//6
f 4025//2 4027//2 4413//2 4414//2
f 4026//3 4025//3 4414//3 4411//3
f 4024//4 4412//4 4413//4 4027//4
f 4411//6 4414//6 4413//6 4412//6
f 4384//1 4754//1 4755//1 4381//1
f 4385//2 4382//2 4756//2 4757//2
f 4381//4 4755//4 4756//4 4382//4
f 4754//6 4757//6 4756//6 4755//6
f 4387//1 4758//1 4754//1 4384//1
f 4758//6 4759//6 4757//6 4754//6
f 4391//2 4760//2 4761//2 4762//2
f 4385//4 4757//4 4761//4 4760//4
f 4388//5 4385//5 4760//5 4391//5
f 4759//6 4762//6 4761//6 4757//6
f 4390//1 4763//1 4758//1 4387//1
f 4390//3 4396//3 4764//3 4763//3
f 4763//6 4764//6 4759//6 4758//6
f 4392//2 4391//2 4762//2 4765//2
f 4764//6 4765//6 4762//6 4759//6
f 4395//1 4766//1 4764//1 4396//1
f 4395//3 4403//3 4767//3 4766//3
f 4766//6 4767//6 4765//6 4764//6
f 4399//2 4398//2 4768//2 4769//2
f 4392//4 4765//4 4768//4 4398//4
f 4767//6 4769//6 4768//6 4765//6
f 4402//1 4770//1 4767//1 4403//1
f 4402//3 4409//3 4771//3 4770//3
f 4770//6 4771//6 4769//6 4767//6
f 4409//3 4405//3 4772//3 4771//3
f 4399//4 4769//4 4773//4 4404//4
f 4771//6 4772//6 4773//6 4769//6
f 4412//2 4774//2 4775//2 4776//2
f 4405//3 4412//3 4776//3 4772//3
f 4404//4 4773//4 4775//4 4774//4
f 4405//5 4404//5 4774//5 4412//5
f 4772//6 4776//6 4775//6 4773//6
f 5116//1 5117//1 5118//1 5119//1
f 5120//2 5121//2 5122//2 5123//2
f 5119//4 5118//4 5122//4 5121//4
f 5116//5 5119//5 5121//5 5120//5
f 5117//6 5123//6 5122//6 5118//6
f 5124//1 5125//1 5126//1 5127//1
f 5124//3 5128//3 5129//3 5125//3
f 5127//4 5126//4 5117//4 5116//4
f 5124//5 5127//5 5116//5 5128//5
f 5125//6 5129//6 5117//6 5126//6
f 5128//5 5116//5 5120//5 5130//5
f 5129//6 5131//6 5123//6 5117//6
f 5132//2 5133//2 5134//2 5135//2
f 5130//3 5132//3 5135//3 5131//3
f 5120//4 5123//4 5134//4 5133//4
f 5130//5 5120//5 5133//5 5132//5
f 5131//6 5135//6 5134//6 5123//6
f 5136//1 5137//1 5129//1 5128//1
f 5138//2 5130//2 5131//2 5139//2
f 5136//3 5138//3 5139//3 5137//3
f 5136//5 5128//5 5130//5 5138//5
f 5137//6 5139//6 5131//6 5129//6
f 7223//1 7224//1 7225//1 7226//1
f 7227//2 7228//2 7229//2 7230//2
f 7226//4 7225//4 7229//4 7228//4
f 7223//5 7226//5 7228//5 7227//5
f 7224//6 7230//6 7229//6 7225//6
f 7231//1 7232//1 7233//1 7234//1
f 7231//3 7235//3 7236//3 7232//3
f 7234//4 7233//4 7224//4 7223//4
f 7231//5 7234//5 7223//5 7235//5
f 7232//6 7236//6 7224//6 7233//6
f 7235//5 7223//5 7227//5 7237//5
f 7236//6 7238//6 7230//6 7224//6
f 7239//2 7240//2 7241//2 7242//2
f 7237//3 7239//3 7242//3 7238//3
f 7227//4 7230//4 7241//4 7240//4
f 7237//5 7227//5 7240//5 7239//5
f 7238//6 7242//6 7241//6 7230//6
f 7243//1 7244//1 7236//1 7235//1
f 7245//2 7237//2 7238//2 7246//2
f 7243//3 7245//3 7246//3 7244//3
f 7243//5 7235//5 7237//5 7245//5
f 7244//6 7246//6 7238//6 7236//6
f 8988//3 8996//3 9500//3 9498//3
f 8931//4 9499//4 9501//4 8932//4
f 9008//3 9010//3 9514//3 9512//3
f 8938//4 9513//4 9515//4 8939//4
f 9022//3 9024//3 9528//3 9526//3
f 8945//4 9527//4 9529//4 8946//4
f 9036//3 9038//3 9542//3 9540//3
f 8952//4 9541//4 9543//4 8953//4
f 9050//3 9052//3 9556//3 9554//3
f 8959//4 9555//4 9557//4 8960//4
f 9064//3 9066//3 9570//3 9568//3
f 8966//4 9569//4 9571//4 8967//4
f 9078//3 9080//3 9584//3 9582//3
f 8973//4 9583//4 9585//4 8974//4
f 9092//3 9094//3 9595//3 9593//3
f 8979//4 9594//4 9596//4 8980//4
f 9632//1 9633//1 9634//1 9635//1
f 9636//2 9637//2 9638//2 9639//2
f 9635//4 9634//4 9638//4 9637//4
f 9632//5 9635//5 9637//5 9636//5
f 9155//1 9640//1 9641//1 9147//1
f 9155//3 9642//3 9643//3 9640//3
f 9147//4 9641//4 9633//4 9632//4
f 9155//5 9147//5 9632//5 9642//5
f 9642//5 9632//5 9636//5 9644//5
f 9157//2 9149//2 9645//2 9646//2
f 9644//3 9157//3 9646//3 9647//3
f 9636//4 9639//4 9645//4 9149//4
f 9644//5 9636//5 9149//5 9157//5
f 9648//1 9649//1 9643//1 9642//1
f 9650//2 9644//2 9647//2 9651//2
f 9648//3 9650//3 9651//3 9649//3
f 9648//5 9642//5 9644//5 9650//5
f 9496//1 9846//1 9847//1 9497//1
f 9496//3 9498//3 9848//3 9846//3
f 9497//4 9847//4 9849//4 9499//4
f 9510//3 9512//3 9862//3 9860//3
f 9511//4 9861//4 9863//4 9513//4
f 9524//3 9526//3 9876//3 9874//3
f 9525//4 9875//4 9877//4 9527//4
f 9538//3 9540//3 9890//3 9888//3
f 9539//4 9889//4 9891//4 9541//4
f 9552//3 9554//3 9904//3 9902//3
f 9553//4 9903//4 9905//4 9555//4
f 9566//3 9568//3 9918//3 9916//3
f 9567//4 9917//4 9919//4 9569//4
f 9580//3 9582//3 9932//3 9930//3
f 9581//4 9931//4 9933//4 9583//4
f 9592//3 9593//3 9944//3 9942//3
f 9491//4 9943//4 9945//4 9594//4
f 9634//1 10014//1 10000//1 9625//1
f 9638//2 9626//2 10002//2 10015//2
f 9634//5 9625//5 9626//5 9638//5
f 10014//6 10015//6 10002//6 10000//6
f 9641//1 10024//1 10025//1 10026//1
f 10026//4 10025//4 10014//4 9634//4
f 9641//5 10026//5 9634//5 9633//5
f 10024//6 10027//6 10014//6 10025//6
f 9645//2 10028//2 10029//2 10030//2
f 9638//4 10015//4 10029//4 10028//4
f 9639//5 9638//5 10028//5 9645//5
f 10031//6 10030//6 10029//6 10015//6
f 9640//1 10040//1 10024//1 9641//1
f 9646//2 9645//2 10030//2 10041//2
f 10050//1 10051//1 10040//1 9640//1
f 10050//3 9649//3 10052//3 10051//3
f 10050//5 9640//5 9643//5 9649//5
f 10051//6 10052//6 10053//6 10040//6
f 10054//2 9646//2 10041//2 10055//2
f 9651//3 10054//3 10055//3 10056//3
f 9651//5 9647//5 9646//5 10054//5
f 10056//6 10055//6 10041//6 10057//6
f 9661//1 10064//1 10052//1 9649//1
f 9663//2 9651//2 10056//2 10065//2
f 9661//5 9649//5 9651//5 9663//5
f 10064//6 10065//6 10056//6 10052//6
f 9858//3 9860//3 10278//3 10276//3
f 9859//4 10277//4 10279//4 9861//4
f 9872//3 9874//3 10292//3 10290//3
f 9873//4 10291//4 10293//4 9875//4
f 9886//3 9888//3 10306//3 10304//3
f 9887//4 10305//4 10307//4 9889//4
f 9900//3 9902//3 10320//3 10318//3
f 9901//4 10319//4 10321//4 9903//4
f 9914//3 9916//3 10334//3 10332//3
f 9915//4 10333//4 10335//4 9917//4
f 9928//3 9930//3 10348//3 10346//3
f 9929//4 10347//4 10349//4 9931//4
f 9941//3 9942//3 10360//3 10359//3
f 9843//4 10261//4 10361//4 9943//4
f 9955//2 9954//2 10372//2 10373//2
f 9952//3 9955//3 10373//3 10370//3
f 9953//4 10371//4 10372//4 9954//4
f 10027//1 10402//1 10403//1 10014//1
f 10031//2 10015//2 10404//2 10405//2
f 10014//4 10403//4 10404//4 10015//4
f 10402//6 10405//6 10404//6 10403//6
f 10040//1 10406//1 10407//1 10024//1
f 10040//3 10053//3 10408//3 10406//3
f 10024//4 10407//4 10402//4 10027//4
f 10406//6 10408//6 10402//6 10407//6
f 10408//6 10409//6 10405//6 10402//6
f 10041//2 10030//2 10410//2 10411//2
f 10057//3 10041//3 10411//3 10409//3
f 10031//4 10405//4 10410//4 10030//4
f 10409//6 10411//6 10410//6 10405//6
f 10052//1 10412//1 10408//1 10053//1
f 10056//2 10057//2 10409//2 10413//2
f 10052//3 10056//3 10413//3 10412//3
f 10412//6 10413//6 10409//6 10408//6
f 10288//3 10290//3 10670//3 10667//3
f 10289//4 10669//4 10671//4 10291//4
f 10302//3 10304//3 10684//3 10682//3
f 10303//4 10683//4 10685//4 10305//4
f 10316//3 10318//3 10698//3 10696//3
f 10317//4 10697//4 10699//4 10319//4
f 10330//3 10332//3 10712//3 10710//3
f 10331//4 10711//4 10713//4 10333//4
f 10344//3 10346//3 10723//3 10724//3
f 10345//4 10641//4 10725//4 10347//4
f 10358//3 10359//3 10735//3 10733//3
f 10369//3 10370//3 10746//3 10745//3
f 10263//4 10647//4 10747//4 10371//4
f 10656//3 10658//3 11220//3 11218//3
f 10657//4 11219//4 11221//4 10636//4
f 10668//3 10667//3 11234//3 11232//3
f 10639//4 11233//4 11235//4 10669//4
f 10680//3 10682//3 11248//3 11246//3
f 10681//4 11247//4 11249//4 10683//4
f 10694//3 10696//3 11262//3 11260//3
f 10695//4 11261//4 11263//4 10697//4
f 10708//3 10710//3 11276//3 11274//3
f 10709//4 11275//4 11277//4 10711//4
f 10722//3 10724//3 11290//3 11288//3
f 10640//4 11289//4 11291//4 10641//4
f 10734//3 10733//3 11304//3 11302//3
f 10643//4 11303//4 11204//4 10644//4
f 10744//3 10745//3 11313//3 11312//3
f 11216//3 11218//3 11706//3 11704//3
f 11217//4 11705//4 11707//4 11219//4
f 11230//3 11232//3 11720//3 11718//3
f 11231//4 11719//4 11721//4 11233//4
f 11244//3 11246//3 11734//3 11732//3
f 11245//4 11733//4 11735//4 11247//4
f 11258//3 11260//3 11748//3 11746//3
f 11259//4 11747//4 11749//4 11261//4
f 11272//3 11274//3 11762//3 11760//3
f 11273//4 11761//4 11763//4 11275//4
f 11286//3 11288//3 11776//3 11774//3
f 11287//4 11775//4 11777//4 11289//4
f 11300//3 11302//3 11790//3 11788//3
f 11301//4 11789//4 11791//4 11303//4
f 11311//3 11312//3 11799//3 11798//3
f 11702//3 11704//3 11876//3 11874//3
f 11703//4 11875//4 11877//4 11705//4
f 11716//3 11718//3 11890//3 11888//3
f 11717//4 11889//4 11891//4 11719//4
f 11730//3 11732//3 11904//3 11902//3
f 11731//4 11903//4 11905//4 11733//4
f 11744//3 11746//3 11918//3 11916//3
f 11745//4 11917//4 11919//4 11747//4
f 11758//3 11760//3 11932//3 11930//3
f 11759//4 11931//4 11933//4 11761//4
f 11772//3 11774//3 11946//3 11944//3
f 11773//4 11945//4 11947//4 11775//4
f 11786//3 11788//3 11960//3 11958//3
f 11787//4 11959//4 11961//4 11789//4
f 11797//3 11798//3 11974//3 11972//3
f 11695//4 11973//4 11975//4 11696//4
f 11872//3 11874//3 12026//3 12024//3
f 11873//4 12025//4 12027//4 11875//4
f 11886//3 11888//3 12040//3 12038//3
f 11887//4 12039//4 12041//4 11889//4
f 11900//3 11902//3 12054//3 12052//3
f 11901//4 12053//4 12055//4 11903//4
f 11914//3 11916//3 12068//3 12066//3
f 11915//4 12067//4 12069//4 11917//4
f 11928//3 11930//3 12082//3 12080//3
f 11929//4 12081//4 12083//4 11931//4
f 11942//3 11944//3 12096//3 12094//3
f 11943//4 12095//4 12097//4 11945//4
f 11956//3 11958//3 12110//3 12108//3
f 11957//4 12109//4 12111//4 11959//4
f 11970//3 11972//3 12124//3 12122//3
f 11971//4 12123//4 12125//4 11973//4
f 12022//1 12166//1 12167//1 12023//1
f 12022//3 12024//3 12168//3 12166//3
f 12023//4 12167//4 12169//4 12025//4
f 12036//3 12038//3 12182//3 12180//3
f 12037//4 12181//4 12183//4 12039//4
f 12050//3 12052//3 12196//3 12194//3
f 12051//4 12195//4 12197//4 12053//4
f 12064//3 12066//3 12210//3 12208//3
f 12065//4 12209//4 12211//4 12067//4
f 12078//3 12080//3 12224//3 12222//3
f 12079//4 12223//4 12225//4 12081//4
f 12092//3 12094//3 12238//3 12236//3
f 12093//4 12237//4 12239//4 12095//4
f 12106//3 12108//3 12252//3 12250//3
f 12107//4 12251//4 12253//4 12109//4
f 12120//3 12122//3 12266//3 12264//3
f 12121//4 12265//4 12267//4 12123//4
f 12178//3 12180//3 12361//3 12362//3
f 12179//4 12343//4 12363//4 12181//4
f 12192//3 12194//3 12374//3 12372//3
f 12193//4 12373//4 12375//4 12195//4
f 12206//3 12208//3 12388//3 12386//3
f 12207//4 12387//4 12389//4 12209//4
f 12220//3 12222//3 12402//3 12400//3
f 12221//4 12401//4 12403//4 12223//4
f 12234//3 12236//3 12416//3 12414//3
f 12235//4 12415//4 12417//4 12237//4
f 12248//3 12250//3 12428//3 12425//3
f 12249//4 12427//4 12429//4 12251//4
f 12262//3 12264//3 12440//3 12438//3
f 12263//4 12439//4 12441//4 12265//4
f 12279//2 12278//2 12454//2 12455//2
f 12276//3 12279//3 12455//3 12452//3
f 12277//4 12453//4 12454//4 12278//4
f 12360//3 12362//3 12570//3 12568//3
f 12342//4 12569//4 12571//4 12343//4
f 12369//3 12372//3 12584//3 12582//3
f 12371//4 12583//4 12585//4 12373//4
f 12384//3 12386//3 12598//3 12596//3
f 12385//4 12597//4 12599//4 12387//4
f 12398//3 12400//3 12612//3 12610//3
f 12399//4 12611//4 12613//4 12401//4
f 12412//3 12414//3 12626//3 12624//3
f 12413//4 12625//4 12627//4 12415//4
f 12426//3 12425//3 12640//3 12638//3
f 12347//4 12639//4 12641//4 12427//4
f 12435//3 12438//3 12654//3 12652//3
f 12437//4 12653//4 12655//4 12439//4
f 12450//3 12452//3 12668//3 12666//3
f 12451//4 12667//4 12669//4 12453//4
f 12566//3 12568//3 12774//3 12772//3
f 12567//4 12773//4 12775//4 12569//4
f 12580//3 12582//3 12788//3 12786//3
f 12581//4 12787//4 12789//4 12583//4
f 12594//3 12596//3 12802//3 12800//3
f 12595//4 12801//4 12803//4 12597//4
f 12608//3 12610//3 12816//3 12814//3
f 12609//4 12815//4 12817//4 12611//4
f 12622//3 12624//3 12830//3 12828//3
f 12623//4 12829//4 12831//4 12625//4
f 12636//3 12638//3 12844//3 12842//3
f 12637//4 12843//4 12845//4 12639//4
f 12650//3 12652//3 12858//3 12856//3
f 12651//4 12857//4 12859//4 12653//4
f 12664//3 12666//3 12872//3 12870//3
f 12665//4 12871//4 12873//4 12667//4
f 12770//3 12772//3 12964//3 12962//3
f 12771//4 12963//4 12965//4 12773//4
f 12784//3 12786//3 12978//3 12976//3
f 12785//4 12977//4 12979//4 12787//4
f 12798//3 12800//3 12992//3 12990//3
f 12799//4 12991//4 12993//4 12801//4
f 12812//3 12814//3 13006//3 13004//3
f 12813//4 13005//4 13007//4 12815//4
f 12826//3 12828//3 13020//3 13018//3
f 12827//4 13019//4 13021//4 12829//4
f 12840//3 12842//3 13034//3 13032//3
f 12841//4 13033//4 13035//4 12843//4
f 12854//3 12856//3 13048//3 13046//3
f 12855//4 13047//4 13049//4 12857//4
f 12868//3 12870//3 13062//3 13060//3
f 12869//4 13061//4 13063//4 12871//4
f 12960//3 12962//3 13144//3 13142//3
f 12961//4 13143//4 13145//4 12963//4
f 12974//3 12976//3 13158//3 13156//3
f 12975//4 13157//4 13159//4 12977//4
f 12988//3 12990//3 13172//3 13170//3
f 12989//4 13171//4 13173//4 12991//4
f 13002//3 13004//3 13186//3 13184//3
f 13003//4 13185//4 13187//4 13005//4
f 13016//3 13018//3 13200//3 13198//3
f 13017//4 13199//4 13201//4 13019//4
f 13030//3 13032//3 13214//3 13212//3
f 13031//4 13213//4 13215//4 13033//4
f 13044//3 13046//3 13228//3 13226//3
f 13045//4 13227//4 13229//4 13047//4
f 13058//3 13060//3 13242//3 13240//3
f 13059//4 13241//4 13243//4 13061//4
f 13278//1 13279//1 13280//1 13281//1
f 13281//4 13280//4 13273//4 13272//4
f 13278//5 13281//5 13272//5 13282//5
f 13279//6 13283//6 13273//6 13280//6
f 13292//1 13293//1 13279//1 13278//1
f 13292//5 13278//5 13282//5 13294//5
f 13293//6 13295//6 13283//6 13279//6
f 13302//1 13303//1 13304//1 13305//1
f 13305//4 13304//4 13293//4 13292//4
f 13302//5 13305//5 13292//5 13306//5
f 13303//6 13307//6 13293//6 13304//6
f 13306//5 13292//5 13294//5 13308//5
f 13307//6 13309//6 13295//6 13293//6
f 13320//1 13321//1 13303//1 13302//1
f 13320//5 13302//5 13306//5 13322//5
f 13321//6 13323//6 13307//6 13303//6
f 13322//5 13306//5 13308//5 13324//5
f 13323//6 13325//6 13309//6 13307//6
f 13338//1 13339//1 13340//1 13341//1
f 13341//4 13340//4 13321//4 13320//4
f 13338//5 13341//5 13320//5 13342//5
f 13339//6 13343//6 13321//6 13340//6
f 13342//5 13320//5 13322//5 13344//5
f 13343//6 13345//6 13323//6 13321//6
f 13344//5 13322//5 13324//5 13346//5
f 13345//6 13347//6 13325//6 13323//6
f 13358//1 13359//1 13339//1 13338//1
f 13358//5 13338//5 13342//5 13360//5
f 13359//6 13361//6 13343//6 13339//6
f 13360//5 13342//5 13344//5 13362//5
f 13361//6 13363//6 13345//6 13343//6
f 13362//5 13344//5 13346//5 13364//5
f 13363//6 13365//6 13347//6 13345//6
f 13380//1 13381//1 13382//1 13383//1
f 13383//4 13382//4 13359//4 13358//4
f 13380//5 13383//5 13358//5 13384//5
f 13381//6 13385//6 13359//6 13382//6
f 13384//5 13358//5 13360//5 13386//5
f 13385//6 13387//6 13361//6 13359//6
f 13386//5 13360//5 13362//5 13388//5
f 13387//6 13389//6 13363//6 13361//6
f 13388//5 13362//5 13364//5 13390//5
f 13389//6 13391//6 13365//6 13363//6
f 13408//1 13409//1 13410//1 13411//1
f 13411//4 13410//4 13381//4 13380//4
f 13408//5 13411//5 13380//5 13412//5
f 13409//6 13413//6 13381//6 13410//6
f 13412//5 13380//5 13384//5 13414//5
f 13413//6 13415//6 13385//6 13381//6
f 13414//5 13384//5 13386//5 13416//5
f 13415//6 13417//6 13387//6 13385//6
f 13416//5 13386//5 13388//5 13418//5
f 13417//6 13419//6 13389//6 13387//6
f 13418//5 13388//5 13390//5 13420//5
f 13419//6 13421//6 13391//6 13389//6
f 13436//1 13437//1 13409//1 13408//1
f 13436//5 13408//5 13412//5 13438//5
f 13437//6 13439//6 13413//6 13409//6
f 13438//5 13412//5 13414//5 13440//5
f 13439//6 13441//6 13415//6 13413//6
f 13440//5 13414//5 13416//5 13442//5
f 13441//6 13443//6 13417//6 13415//6
f 13442//5 13416//5 13418//5 13444//5
f 13443//6 13445//6 13419//6 13417//6
f 13444//5 13418//5 13420//5 13446//5
f 13445//6 13447//6 13421//6 13419//6
f 13466//1 13467//1 13468//1 13469//1
f 13469//4 13468//4 13437//4 13436//4
f 13466//5 13469//5 13436//5 13470//5
f 13467//6 13471//6 13437//6 13468//6
f 13470//5 13436//5 13438//5 13472//5
f 13471//6 13473//6 13439//6 13437//6
f 13472//5 13438//5 13440//5 13474//5
f 13473//6 13475//6 13441//6 13439//6
f 13474//5 13440//5 13442//5 13476//5
f 13475//6 13477//6 13443//6 13441//6
f 13476//5 13442//5 13444//5 13478//5
f 13477//6 13479//6 13445//6 13443//6
f 13478//5 13444//5 13446//5 13480//5
f 13479//6 13481//6 13447//6 13445//6
f 13498//1 13499//1 13467//1 13466//1
f 13498//5 13466//5 13470//5 13500//5
f 13499//6 13501//6 13471//6 13467//6
f 13500//5 13470//5 13472//5 13502//5
f 13501//6 13503//6 13473//6 13471//6
f 13502//5 13472//5 13474//5 13504//5
f 13503//6 13505//6 13475//6 13473//6
f 13504//5 13474//5 13476//5 13506//5
f 13505//6 13507//6 13477//6 13475//6
f 13506//5 13476//5 13478//5 13508//5
f 13507//6 13509//6 13479//6 13477//6
f 13508//5 13478//5 13480//5 13510//5
f 13509//6 13511//6 13481//6 13479//6
f 13532//1 13533//1 13534//1 13535//1
f 13535//4 13534//4 13499//4 13498//4
f 13532//5 13535//5 13498//5 13536//5
f 13533//6 13537//6 13499//6 13534//6
f 13536//5 13498//5 13500//5 13538//5
f 13537//6 13539//6 13501//6 13499//6
f 13538//5 13500//5 13502//5 13540//5
f 13539//6 13541//6 13503//6 13501//6
f 13540//5 13502//5 13504//5 13542//5
f 13541//6 13543//6 13505//6 13503//6
f 13542//5 13504//5 13506//5 13544//5
f 13543//6 13545//6 13507//6 13505//6
f 13544//5 13506//5 13508//5 13546//5
f 13545//6 13547//6 13509//6 13507//6
f 13546//5 13508//5 13510//5 13548//5
f 13547//6 13549//6 13511//6 13509//6
f 13572//1 13573//1 13533//1 13532//1
f 13572//5 13532//5 13536//5 13574//5
f 13573//6 13575//6 13537//6 13533//6
f 13574//5 13536//5 13538//5 13576//5
f 13575//6 13577//6 13539//6 13537//6
f 13576//5 13538//5 13540//5 13578//5
f 13577//6 13579//6 13541//6 13539//6
f 13578//5 13540//5 13542//5 13580//5
f 13579//6 13581//6 13543//6 13541//6
f 13580//5 13542//5 13544//5 13582//5
f 13581//6 13583//6 13545//6 13543//6
f 13582//5 13544//5 13546//5 13584//5
f 13583//6 13585//6 13547//6 13545//6
f 13584//5 13546//5 13548//5 13586//5
f 13585//6 13587//6 13549//6 13547//6
f 13608//1 13609//1 13610//1 13611//1
f 13611//4 13610//4 13573//4 13572//4
f 13608//5 13611//5 13572//5 13612//5
f 13609//6 13613//6 13573//6 13610//6
f 13612//5 13572//5 13574//5 13614//5
f 13613//6 13615//6 13575//6 13573//6
f 13614//5 13574//5 13576//5 13616//5
f 13615//6 13617//6 13577//6 13575//6
f 13616//5 13576//5 13578//5 13618//5
f 13617//6 13619//6 13579//6 13577//6
f 13618//5 13578//5 13580//5 13620//5
f 13619//6 13621//6 13581//6 13579//6
f 13620//5 13580//5 13582//5 13622//5
f 13621//6 13623//6 13583//6 13581//6
f 13622//5 13582//5 13584//5 13624//5
f 13623//6 13625//6 13585//6 13583//6
f 13624//5 13584//5 13586//5 13626//5
f 13625//6 13627//6 13587//6 13585//6
f 13652//1 13653//1 13654//1 13655//1
f 13652//3 13656//3 13657//3 13653//3
f 13655//4 13654//4 13609//4 13608//4
f 13652//5 13655//5 13608//5 13656//5
f 13653//6 13657//6 13609//6 13654//6
f 13656//3 13658//3 13659//3 13657//3
f 13656//5 13608//5 13612//5 13658//5
f 13657//6 13659//6 13613//6 13609//6
f 13658//3 13660//3 13661//3 13659//3
f 13658//5 13612//5 13614//5 13660//5
f 13659//6 13661//6 13615//6 13613//6
f 13660//3 13662//3 13663//3 13661//3
f 13660//5 13614//5 13616//5 13662//5
f 13661//6 13663//6 13617//6 13615//6
f 13662//3 13664//3 13665//3 13663//3
f 13662//5 13616//5 13618//5 13664//5
f 13663//6 13665//6 13619//6 13617//6
f 13664//3 13666//3 13667//3 13665//3
f 13664//5 13618//5 13620//5 13666//5
f 13665//6 13667//6 13621//6 13619//6
f 13666//3 13668//3 13669//3 13667//3
f 13666//5 13620//5 13622//5 13668//5
f 13667//6 13669//6 13623//6 13621//6
f 13668//3 13670//3 13671//3 13669//3
f 13668//5 13622//5 13624//5 13670//5
f 13669//6 13671//6 13625//6 13623//6
f 13670//3 13672//3 13673//3 13671//3
f 13670//5 13624//5 13626//5 13672//5
f 13671//6 13673//6 13627//6 13625//6
f 13140//3 13142//3 13926//3 13924//3
f 13141//4 13925//4 13927//4 13143//4
f 13154//3 13156//3 13940//3 13938//3
f 13155//4 13939//4 13941//4 13157//4
f 13168//3 13170//3 13954//3 13952//3
f 13169//4 13953//4 13955//4 13171//4
f 13182//3 13184//3 13968//3 13966//3
f 13183//4 13967//4 13920//4 13185//4
f 13196//3 13198//3 13980//3 13978//3
f 13197//4 13979//4 13981//4 13199//4
f 13210//3 13212//3 13994//3 13992//3
f 13211//4 13993//4 13995//4 13213//4
f 13224//3 13226//3 14008//3 14006//3
f 13225//4 14007//4 14009//4 13227//4
f 13238//3 13240//3 14022//3 14020//3
f 13239//4 14021//4 14023//4 13241//4
f 13922//1 14140//1 14141//1 13923//1
f 13922//3 13924//3 14142//3 14140//3
f 13923//4 14141//4 14143//4 13925//4
f 13936//3 13938//3 14154//3 14151//3
f 13937//4 14153//4 14155//4 13939//4
f 13950//3 13952//3 14166//3 14164//3
f 13951//4 14165//4 14167//4 13953//4
f 13964//3 13966//3 14180//3 14178//3
f 13965//4 14179//4 14181//4 13967//4
f 13976//3 13978//3 14194//3 14192//3
f 13977//4 14193//4 14195//4 13979//4
f 13990//3 13992//3 14208//3 14206//3
f 13991//4 14207//4 14209//4 13993//4
f 14004//3 14006//3 14220//3 14218//3
f 14005//4 14219//4 14221//4 14007//4
f 14018//3 14020//3 14232//3 14230//3
f 14019//4 14231//4 14233//4 14021//4
f 14152//3 14151//3 14396//3 14394//3
f 14133//4 14395//4 14397//4 14153//4
f 14162//3 14164//3 14410//3 14408//3
f 14163//4 14409//4 14411//4 14165//4
f 14176//3 14178//3 14424//3 14422//3
f 14177//4 14423//4 14425//4 14179//4
f 14190//3 14192//3 14438//3 14436//3
f 14191//4 14437//4 14439//4 14193//4
f 14204//3 14206//3 14452//3 14450//3
f 14205//4 14451//4 14453//4 14207//4
f 14215//3 14218//3 14466//3 14464//3
f 14217//4 14465//4 14467//4 14219//4
f 14228//3 14230//3 14480//3 14478//3
f 14229//4 14479//4 14481//4 14231//4
f 14245//2 14244//2 14494//2 14495//2
f 14242//3 14245//3 14495//3 14492//3
f 14243//4 14493//4 14494//4 14244//4
f 14392//3 14394//3 14548//3 14546//3
f 14393//4 14547//4 14549//4 14395//4
f 14406//3 14408//3 14562//3 14560//3
f 14407//4 14561//4 14563//4 14409//4
f 14420//3 14422//3 14576//3 14574//3
f 14421//4 14575//4 14577//4 14423//4
f 14434//3 14436//3 14590//3 14588//3
f 14435//4 14589//4 14591//4 14437//4
f 14448//3 14450//3 14604//3 14602//3
f 14449//4 14603//4 14605//4 14451//4
f 14462//3 14464//3 14618//3 14616//3
f 14463//4 14617//4 14619//4 14465//4
f 14476//3 14478//3 14632//3 14630//3
f 14477//4 14631//4 14633//4 14479//4
f 14490//3 14492//3 14646//3 14644//3
f 14491//4 14645//4 14647//4 14493//4
f 14544//3 14546//3 14664//3 14662//3
f 14545//4 14663//4 14665//4 14547//4
f 14558//3 14560//3 14678//3 14676//3
f 14559//4 14677//4 14679//4 14561//4
f 14572//3 14574//3 14692//3 14690//3
f 14573//4 14691//4 14693//4 14575//4
f 14586//3 14588//3 14706//3 14704//3
f 14587//4 14705//4 14707//4 14589//4
f 14600//3 14602//3 14720//3 14718//3
f 14601//4 14719//4 14721//4 14603//4
f 14614//3 14616//3 14734//3 14732//3
f 14615//4 14733//4 14735//4 14617//4
f 14628//3 14630//3 14748//3 14746//3
f 14629//4 14747//4 14749//4 14631//4
f 14642//3 14644//3 14762//3 14760//3
f 14643//4 14761//4 14763//4 14645//4
f 14660//3 14662//3 14776//3 14774//3
f 14661//4 14775//4 14777//4 14663//4
f 14674//3 14676//3 14790//3 14788//3
f 14675//4 14789//4 14791//4 14677//4
f 14688//3 14690//3 14804//3 14802//3
f 14689//4 14803//4 14805//4 14691//4
f 14702//3 14704//3 14818//3 14816//3
f 14703//4 14817//4 14819//4 14705//4
f 14716//3 14718//3 14832//3 14830//3
f 14717//4 14831//4 14833//4 14719//4
f 14730//3 14732//3 14846//3 14844//3
f 14731//4 14845//4 14847//4 14733//4
f 14744//3 14746//3 14860//3 14858//3
f 14745//4 14859//4 14861//4 14747//4
f 14758//3 14760//3 14874//3 14872//3
f 14759//4 14873//4 14875//4 14761//4
f 14772//3 14774//3 14896//3 14894//3
f 14773//4 14895//4 14897//4 14775//4
f 14786//3 14788//3 14910//3 14908//3
f 14787//4 14909//4 14911//4 14789//4
f 14800//3 14802//3 14924//3 14922//3
f 14801//4 14923//4 14925//4 14803//4
f 14814//3 14816//3 14938//3 14936//3
f 14815//4 14937//4 14939//4 14817//4
f 14828//3 14830//3 14952//3 14950//3
f 14829//4 14951//4 14953//4 14831//4
f 14842//3 14844//3 14966//3 14964//3
f 14843//4 14965//4 14967//4 14845//4
f 14856//3 14858//3 14980//3 14978//3
f 14857//4 14979//4 14981//4 14859//4
f 14870//3 14872//3 14994//3 14992//3
f 14871//4 14993//4 14995//4 14873//4
f 14892//3 14894//3 15056//3 15054//3
f 14893//4 15055//4 15057//4 14895//4
f 14906//3 14908//3 15070//3 15068//3
f 14907//4 15069//4 15071//4 14909//4
f 14920//3 14922//3 15084//3 15082//3
f 14921//4 15083//4 15085//4 14923//4
f 14934//3 14936//3 15098//3 15096//3
f 14935//4 15097//4 15099//4 14937//4
f 14948//3 14950//3 15112//3 15110//3
f 14949//4 15111//4 15113//4 14951//4
f 14962//3 14964//3 15126//3 15124//3
f 14963//4 15125//4 15127//4 14965//4
f 14976//3 14978//3 15140//3 15138//3
f 14977//4 15139//4 15141//4 14979//4
f 14990//3 14992//3 15154//3 15152//3
f 14991//4 15153//4 15155//4 14993//4
f 15052//1 15202//1 15203//1 15053//1
f 15052//3 15054//3 15204//3 15202//3
f 15053//4 15203//4 15205//4 15055//4
f 15066//3 15068//3 15218//3 15216//3
f 15067//4 15217//4 15219//4 15069//4
f 15080//3 15082//3 15232//3 15230//3
f 15081//4 15231//4 15233//4 15083//4
f 15094//3 15096//3 15246//3 15244//3
f 15095//4 15245//4 15247//4 15097//4
f 15108//3 15110//3 15260//3 15258//3
f 15109//4 15259//4 15261//4 15111//4
f 15122//3 15124//3 15274//3 15272//3
f 15123//4 15273//4 15275//4 15125//4
f 15136//3 15138//3 15288//3 15286//3
f 15137//4 15287//4 15289//4 15139//4
f 15150//3 15152//3 15302//3 15300//3
f 15151//4 15301//4 15303//4 15153//4
f 15214//3 15216//3 15360//3 15358//3
f 15215//4 15359//4 15361//4 15217//4
f 15228//3 15230//3 15374//3 15372//3
f 15229//4 15373//4 15375//4 15231//4
f 15242//3 15244//3 15388//3 15386//3
f 15243//4 15387//4 15389//4 15245//4
f 15256//3 15258//3 15402//3 15400//3
f 15257//4 15401//4 15403//4 15259//4
f 15270//3 15272//3 15416//3 15414//3
f 15271//4 15415//4 15417//4 15273//4
f 15284//3 15286//3 15430//3 15428//3
f 15285//4 15429//4 15431//4 15287//4
f 15298//3 15300//3 15444//3 15442//3
f 15299//4 15443//4 15445//4 15301//4
f 15315//2 15314//2 15458//2 15459//2
f 15312//3 15315//3 15459//3 15456//3
f 15313//4 15457//4 15458//4 15314//4
f 15486//1 15487//1 15488//1 15489//1
f 15489//4 15488//4 15481//4 15480//4
f 15486//5 15489//5 15480//5 15490//5
f 15487//6 15491//6 15481//6 15488//6
f 15500//1 15501//1 15502//1 15503//1
f 15503//4 15502//4 15487//4 15486//4
f 15500//5 15503//5 15486//5 15504//5
f 15501//6 15505//6 15487//6 15502//6
f 15504//5 15486//5 15490//5 15506//5
f 15505//6 15507//6 15491//6 15487//6
f 15518//1 15519//1 15520//1 15521//1
f 15521//4 15520//4 15501//4 15500//4
f 15518//5 15521//5 15500//5 15522//5
f 15519//6 15523//6 15501//6 15520//6
f 15522//5 15500//5 15504//5 15524//5
f 15523//6 15525//6 15505//6 15501//6
f 15524//5 15504//5 15506//5 15526//5
f 15525//6 15527//6 15507//6 15505//6
f 15540//1 15541//1 15542//1 15543//1
f 15543//4 15542//4 15519//4 15518//4
f 15540//5 15543//5 15518//5 15544//5
f 15541//6 15545//6 15519//6 15542//6
f 15544//5 15518//5 15522//5 15546//5
f 15545//6 15547//6 15523//6 15519//6
f 15546//5 15522//5 15524//5 15548//5
f 15547//6 15549//6 15525//6 15523//6
f 15548//5 15524//5 15526//5 15550//5
f 15549//6 15551//6 15527//6 15525//6
f 15566//1 15567//1 15568//1 15569//1
f 15566//3 15570//3 15571//3 15567//3
f 15569//4 15568//4 15572//4 15573//4
f 15566//5 15569//5 15573//5 15570//5
f 15567//6 15571//6 15572//6 15568//6
f 15570//3 15574//3 15575//3 15571//3
f 15573//4 15572//4 15541//4 15540//4
f 15570//5 15573//5 15540//5 15574//5
f 15571//6 15575//6 15541//6 15572//6
f 15574//3 15576//3 15577//3 15575//3
f 15574//5 15540//5 15544//5 15576//5
f 15575//6 15577//6 15545//6 15541//6
f 15576//3 15578//3 15579//3 15577//3
f 15576//5 15544//5 15546//5 15578//5
f 15577//6 15579//6 15547//6 15545//6
f 15578//3 15580//3 15581//3 15579//3
f 15578//5 15546//5 15548//5 15580//5
f 15579//6 15581//6 15549//6 15547//6
f 15580//3 15582//3 15583//3 15581//3
f 15580//5 15548//5 15550//5 15582//5
f 15581//6 15583//6 15551//6 15549//6
f 15356//3 15358//3 15782//3 15780//3
f 15357//4 15781//4 15783//4 15359//4
f 15370//3 15372//3 15796//3 15794//3
f 15371//4 15795//4 15797//4 15373//4
f 15384//3 15386//3 15810//3 15808//3
f 15385//4 15809//4 15811//4 15387//4
f 15398//3 15400//3 15824//3 15822//3
f 15399//4 15823//4 15825//4 15401//4
f 15412//3 15414//3 15838//3 15836//3
f 15413//4 15837//4 15839//4 15415//4
f 15426//3 15428//3 15852//3 15850//3
f 15427//4 15851//4 15853//4 15429//4
f 15440//3 15442//3 15864//3 15862//3
f 15441//4 15863//4 15865//4 15443//4
f 15454//3 15456//3 15878//3 15876//3
f 15455//4 15877//4 15879//4 15457//4
f 15778//3 15780//3 15922//3 15920//3
f 15779//4 15921//4 15923//4 15781//4
f 15792//3 15794//3 15936//3 15934//3
f 15793//4 15935//4 15937//4 15795//4
f 15806//3 15808//3 15950//3 15948//3
f 15807//4 15949//4 15951//4 15809//4
f 15820//3 15822//3 15964//3 15962//3
f 15821//4 15963//4 15965//4 15823//4
f 15834//3 15836//3 15978//3 15976//3
f 15835//4 15977//4 15979//4 15837//4
f 15848//3 15850//3 15992//3 15990//3
f 15849//4 15991//4 15993//4 15851//4
f 15860//3 15862//3 16006//3 16004//3
f 15861//4 16005//4 16007//4 15863//4
f 15874//3 15876//3 16020//3 16018//3
f 15875//4 16019//4 16021//4 15877//4
f 15918//3 15920//3 16066//3 16064//3
f 15919//4 16065//4 16067//4 15921//4
f 15932//3 15934//3 16080//3 16078//3
f 15933//4 16079//4 16081//4 15935//4
f 15946//3 15948//3 16094//3 16092//3
f 15947//4 16093//4 16095//4 15949//4
f 15960//3 15962//3 16108//3 16106//3
f 15961//4 16107//4 16109//4 15963//4
f 15974//3 15976//3 16122//3 16120//3
f 15975//4 16121//4 16123//4 15977//4
f 15988//3 15990//3 16136//3 16134//3
f 15989//4 16135//4 16137//4 15991//4
f 16002//3 16004//3 16150//3 16148//3
f 16003//4 16149//4 16151//4 16005//4
f 16016//3 16018//3 16164//3 16162//3
f 16017//4 16163//4 16165//4 16019//4
f 16062//3 16064//3 16208//3 16206//3
f 16063//4 16207//4 16209//4 16065//4
f 16076//3 16078//3 16222//3 16220//3
f 16077//4 16221//4 16223//4 16079//4
f 16090//3 16092//3 16236//3 16234//3
f 16091//4 16235//4 16237//4 16093//4
f 16104//3 16106//3 16250//3 16248//3
f 16105//4 16249//4 16251//4 16107//4
f 16118//3 16120//3 16264//3 16262//3
f 16119//4 16263//4 16265//4 16121//4
f 16132//3 16134//3 16278//3 16276//3
f 16133//4 16277//4 16279//4 16135//4
f 16146//3 16148//3 16292//3 16290//3
f 16147//4 16291//4 16293//4 16149//4
f 16160//3 16162//3 16306//3 16304//3
f 16161//4 16305//4 16307//4 16163//4
f 16204//3 16206//3 16324//3 16322//3
f 16205//4 16323//4 16325//4 16207//4
f 16218//3 16220//3 16338//3 16336//3
f 16219//4 16337//4 16339//4 16221//4
f 16232//3 16234//3 16352//3 16350//3
f 16233//4 16351//4 16353//4 16235//4
f 16246//3 16248//3 16366//3 16364//3
f 16247//4 16365//4 16367//4 16249//4
f 16260//3 16262//3 16380//3 16378//3
f 16261//4 16379//4 16381//4 16263//4
f 16274//3 16276//3 16394//3 16392//3
f 16275//4 16393//4 16395//4 16277//4
f 16288//3 16290//3 16408//3 16406//3
f 16289//4 16407//4 16409//4 16291//4
f 16302//3 16304//3 16422//3 16420//3
f 16303//4 16421//4 16423//4 16305//4
f 16320//1 16434//1 16435//1 16321//1
f 16320//3 16322//3 16436//3 16434//3
f 16321//4 16435//4 16437//4 16323//4
f 16434//6 16436//6 16437//6 16435//6
f 16334//3 16336//3 16450//3 16448//3
f 16335//4 16449//4 16451//4 16337//4
f 16448//6 16450//6 16451//6 16449//6
f 16348//3 16350//3 16464//3 16462//3
f 16349//4 16463//4 16465//4 16351//4
f 16462//6 16464//6 16465//6 16463//6
f 16362//3 16364//3 16478//3 16476//3
f 16363//4 16477//4 16479//4 16365//4
f 16476//6 16478//6 16479//6 16477//6
f 16376//3 16378//3 16492//3 16490//3
f 16377//4 16491//4 16493//4 16379//4
f 16490//6 16492//6 16493//6 16491//6
f 16390//3 16392//3 16506//3 16504//3
f 16391//4 16505//4 16507//4 16393//4
f 16504//6 16506//6 16507//6 16505//6
f 16404//3 16406//3 16520//3 16518//3
f 16405//4 16519//4 16521//4 16407//4
f 16518//6 16520//6 16521//6 16519//6
f 16418//3 16420//3 16534//3 16532//3
f 16419//4 16533//4 16535//4 16421//4
f 16532//6 16534//6 16535//6 16533//6
g glyph_43
f 769//1 1675//1 1626//1 1625//1
f 769//5 1625//5 1627//5 770//5
f 770//5 1627//5 1628//5 771//5
f 771//5 1628//5 1631//5 772//5
f 772//5 1631//5 1633//5 773//5
f 773//5 1633//5 1635//5 774//5
f 774//5 1635//5 1637//5 775//5
f 775//5 1637//5 1639//5 776//5
f 776//5 1639//5 1641//5 777//5
f 777//5 1641//5 1643//5 778//5
f 778//5 1643//5 1645//5 779//5
f 780//2 1647//2 1648//2 1676//2
f 779//5 1645//5 1647//5 780//5
f 783//1 1677//1 1650//1 1649//1
f 783//5 1649//5 1651//5 784//5
f 784//5 1651//5 1652//5 785//5
f 785//5 1652//5 1655//5 786//5
f 786//5 1655//5 1657//5 787//5
f 787//5 1657//5 1659//5 788//5
f 788//5 1659//5 1661//5 789//5
f 789//5 1661//5 1663//5 790//5
f 790//5 1663//5 1665//5 791//5
f 791//5 1665//5 1667//5 792//5
f 792//5 1667//5 1669//5 793//5
f 793//5 1669//5 1671//5 794//5
f 795//2 1673//2 1674//2 1678//2
f 794//5 1671//5 1673//5 795//5
f 1675//1 2341//1 2305//1 1626//1
f 1629//4 2306//4 2342//4 1630//4
f 1630//4 2342//4 2343//4 1632//4
f 1632//4 2343//4 2344//4 1634//4
f 1634//4 2344//4 2345//4 1636//4
f 1636//4 2345//4 2346//4 1638//4
f 1638//4 2346//4 2347//4 1640//4
f 1640//4 2347//4 2348//4 1642//4
f 1642//4 2348//4 2349//4 1644//4
f 1644//4 2349//4 2307//4 1646//4
f 1676//2 1648//2 2308//2 2350//2
f 1677//1 2351//1 2309//1 1650//1
f 1653//4 2310//4 2352//4 1654//4
f 1654//4 2352//4 2353//4 1656//4
f 1656//4 2353//4 2354//4 1658//4
f 1658//4 2354//4 2355//4 1660//4
f 1660//4 2355//4 2356//4 1662//4
f 1662//4 2356//4 2357//4 1664//4
f 1664//4 2357//4 2358//4 1666//4
f 1666//4 2358//4 2359//4 1668//4
f 1668//4 2359//4 2360//4 1670//4
f 1670//4 2360//4 2311//4 1672//4
f 1678//2 1674//2 2312//2 2361//2
f 1690//1 2362//1 2314//1 2313//1
f 1690//5 2313//5 2315//5 1691//5
f 1691//5 2315//5 2316//5 1692//5
f 1692//5 2316//5 2319//5 1693//5
f 1693//5 2319//5 2321//5 1694//5
f 1694//5 2321//5 2323//5 1695//5
f 1695//5 2323//5 2325//5 1696//5
f 1696//5 2325//5 2327//5 1697//5
f 1697//5 2327//5 2329//5 1698//5
f 1698//5 2329//5 2331//5 1699//5
f 1699//5 2331//5 2333//5 1700//5
f 1700//5 2333//5 2335//5 1701//5
f 1701//5 2335//5 2337//5 1702//5
f 1703//2 2339//2 2340//2 2363//2
f 1702//5 2337//5 2339//5 1703//5
f 2341//1 2721//1 2709//1 2305//1
f 2306//4 2710//4 2722//4 2342//4
f 2342//4 2722//4 2723//4 2343//4
f 2343//4 2723//4 2724//4 2344//4
f 2344//4 2724//4 2725//4 2345//4
f 2345//4 2725//4 2726//4 2346//4
f 2346//4 2726//4 2727//4 2347//4
f 2347//4 2727//4 2728//4 2348//4
f 2348//4 2728//4 2729//4 2349//4
f 2349//4 2729//4 2711//4 2307//4
f 2350//2 2308//2 2712//2 2730//2
f 2351//1 2731//1 2713//1 2309//1
f 2310//4 2714//4 2732//4 2352//4
f 2352//4 2732//4 2733//4 2353//4
f 2353//4 2733//4 2734//4 2354//4
f 2354//4 2734//4 2735//4 2355//4
f 2355//4 2735//4 2736//4 2356//4
f 2356//4 2736//4 2737//4 2357//4
f 2357//4 2737//4 2738//4 2358//4
f 2358//4 2738//4 2739//4 2359//4
f 2359//4 2739//4 2740//4 2360//4
f 2360//4 2740//4 2715//4 2311//4
f 2361//2 2312//2 2716//2 2741//2
f 2362//1 2742//1 2717//1 2314//1
f 2317//4 2718//4 2743//4 2318//4
f 2318//4 2743//4 2744//4 2320//4
f 2320//4 2744//4 2745//4 2322//4
f 2322//4 2745//4 2746//4 2324//4
f 2324//4 2746//4 2747//4 2326//4
f 2326//4 2747//4 2748//4 2328//4
f 2328//4 2748//4 2749//4 2330//4
f 2330//4 2749//4 2750//4 2332//4
f 2332//4 2750//4 2751//4 2334//4
f 2334//4 2751//4 2752//4 2336//4
f 2336//4 2752//4 2719//4 2338//4
f 2363//2 2340//2 2720//2 2753//2
f 2721//1 3113//1 3101//1 2709//1
f 2710//4 3102//4 3114//4 2722//4
f 2722//4 3114//4 3115//4 2723//4
f 2723//4 3115//4 3116//4 2724//4
f 2724//4 3116//4 3117//4 2725//4
f 2725//4 3117//4 3118//4 2726//4
f 2726//4 3118//4 3119//4 2727//4
f 2727//4 3119//4 3120//4 2728//4
f 2728//4 3120//4 3121//4 2729//4
f 2729//4 3121//4 3103//4 2711//4
f 2730//2 2712//2 3104//2 3122//2
f 2731//1 3123//1 3105//1 2713//1
f 2714//4 3106//4 3124//4 2732//4
f 2732//4 3124//4 3125//4 2733//4
f 2733//4 3125//4 3126//4 2734//4
f 2734//4 3126//4 3127//4 2735//4
f 2735//4 3127//4 3128//4 2736//4
f 2736//4 3128//4 3129//4 2737//4
f 2737//4 3129//4 3130//4 2738//4
f 2738//4 3130//4 3131//4 2739//4
f 2739//4 3131//4 3132//4 2740//4
f 2740//4 3132//4 3107//4 2715//4
f 2741//2 2716//2 3108//2 3133//2
f 2742//1 3134//1 3109//1 2717//1
f 2718//4 3110//4 3135//4 2743//4
f 2743//4 3135//4 3136//4 2744//4
f 2744//4 3136//4 3137//4 2745//4
f 2745//4 3137//4 3138//4 2746//4
f 2746//4 3138//4 3139//4 2747//4
f 2747//4 3139//4 3140//4 2748//4
f 2748//4 3140//4 3141//4 2749//4
f 2749//4 3141//4 3142//4 2750//4
f 2750//4 3142//4 3143//4 2751//4
f 2751//4 3143//4 3144//4 2752//4
f 2752//4 3144//4 3111//4 2719//4
f 2753//2 2720//2 3112//2 3145//2
f 3113//1 3498//1 3486//1 3101//1
f 3102//4 3487//4 3499//4 3114//4
f 3114//4 3499//4 3500//4 3115//4
f 3115//4 3500//4 3501//4 3116//4
f 3116//4 3501//4 3502//4 3117//4
f 3117//4 3502//4 3503//4 3118//4
f 3118//4 3503//4 3504//4 3119//4
f 3119//4 3504//4 3505//4 3120//4
f 3120//4 3505//4 3506//4 3121//4
f 3121//4 3506//4 3488//4 3103//4
f 3122//2 3104//2 3489//2 3507//2
f 3123//1 3508//1 3490//1 3105//1
f 3106//4 3491//4 3509//4 3124//4
f 3124//4 3509//4 3510//4 3125//4
f 3125//4 3510//4 3511//4 3126//4
f 3126//4 3511//4 3512//4 3127//4
f 3127//4 3512//4 3513//4 3128//4
f 3128//4 3513//4 3514//4 3129//4
f 3129//4 3514//4 3515//4 3130//4
f 3130//4 3515//4 3516//4 3131//4
f 3131//4 3516//4 3517//4 3132//4
f 3132//4 3517//4 3492//4 3107//4
f 3133//2 3108//2 3493//2 3518//2
f 3134//1 3519//1 3494//1 3109//1
f 3110//4 3495//4 3520//4 3135//4
f 3135//4 3520//4 3521//4 3136//4
f 3136//4 3521//4 3522//4 3137//4
f 3137//4 3522//4 3523//4 3138//4
f 3138//4 3523//4 3524//4 3139//4
f 3139//4 3524//4 3525//4 3140//4
f 3140//4 3525//4 3526//4 3141//4
f 3141//4 3526//4 3527//4 3142//4
f 3142//4 3527//4 3528//4 3143//4
f 3143//4 3528//4 3529//4 3144//4
f 3144//4 3529//4 3496//4 3111//4
f 3145//2 3112//2 3497//2 3530//2
f 3498//1 3883//1 3871//1 3486//1
f 3487//4 3872//4 3884//4 3499//4
f 3499//4 3884//4 3885//4 3500//4
f 3500//4 3885//4 3886//4 3501//4
f 3501//4 3886//4 3887//4 3502//4
f 3502//4 3887//4 3888//4 3503//4
f 3503//4 3888//4 3889//4 3504//4
f 3504//4 3889//4 3890//4 3505//4
f 3505//4 3890//4 3891//4 3506//4
f 3506//4 3891//4 3873//4 3488//4
f 3507//2 3489//2 3874//2 3892//2
f 3508//1 3893//1 3875//1 3490//1
f 3491//4 3876//4 3894//4 3509//4
f 3509//4 3894//4 3895//4 3510//4
f 3510//4 3895//4 3896//4 3511//4
f 3511//4 3896//4 3897//4 3512//4
f 3512//4 3897//4 3898//4 3513//4
f 3513//4 3898//4 3899//4 3514//4
f 3514//4 3899//4 3900//4 3515//4
f 3515//4 3900//4 3901//4 3516//4
f 3516//4 3901//4 3902//4 3517//4
f 3517//4 3902//4 3877//4 3492//4
f 3518//2 3493//2 3878//2 3903//2
f 3519//1 3904//1 3879//1 3494//1
f 3495//4 3880//4 3905//4 3520//4
f 3520//4 3905//4 3906//4 3521//4
f 3521//4 3906//4 3907//4 3522//4
f 3522//4 3907//4 3908//4 3523//4
f 3523//4 3908//4 3909//4 3524//4
f 3524//4 3909//4 3910//4 3525//4
f 3525//4 3910//4 3911//4 3526//4
f 3526//4 3911//4 3912//4 3527//4
f 3527//4 3912//4 3913//4 3528//4
f 3528//4 3913//4 3914//4 3529//4
f 3529//4 3914//4 3881//4 3496//4
f 3530//2 3497//2 3882//2 3915//2
f 3883//1 4269//1 4257//1 3871//1
f 3872//4 4258//4 4270//4 3884//4
f 3884//4 4270//4 4271//4 3885//4
f 3885//4 4271//4 4272//4 3886//4
f 3886//4 4272//4 4273//4 3887//4
f 3887//4 4273//4 4274//4 3888//4
f 3888//4 4274//4 4275//4 3889//4
f 3889//4 4275//4 4276//4 3890//4
f 3890//4 4276//4 4277//4 3891//4
f 3891//4 4277//4 4259//4 3873//4
f 3892//2 3874//2 4260//2 4278//2
f 3893//1 4279//1 4261//1 3875//1
f 3876//4 4262//4 4280//4 3894//4
f 3894//4 4280//4 4281//4 3895//4
f 3895//4 4281//4 4282//4 3896//4
f 3896//4 4282//4 4283//4 3897//4
f 3897//4 4283//4 4284//4 3898//4
f 3898//4 4284//4 4285//4 3899//4
f 3899//4 4285//4 4286//4 3900//4
f 3900//4 4286//4 4287//4 3901//4
f 3901//4 4287//4 4288//4 3902//4
f 3902//4 4288//4 4263//4 3877//4
f 3903//2 3878//2 4264//2 4289//2
f 3904//1 4290//1 4265//1 3879//1
f 3880//4 4266//4 4291//4 3905//4
f 3905//4 4291//4 4292//4 3906//4
f 3906//4 4292//4 4293//4 3907//4
f 3907//4 4293//4 4294//4 3908//4
f 3908//4 4294//4 4295//4 3909//4
f 3909//4 4295//4 4296//4 3910//4
f 3910//4 4296//4 4297//4 3911//4
f 3911//4 4297//4 4298//4 3912//4
f 3912//4 4298//4 4299//4 3913//4
f 3913//4 4299//4 4300//4 3914//4
f 3914//4 4300//4 4267//4 3881//4
f 3915//2 3882//2 4268//2 4301//2
f 4269//1 4648//1 4636//1 4257//1
f 4258//4 4637//4 4649//4 4270//4
f 4270//4 4649//4 4650//4 4271//4
f 4271//4 4650//4 4651//4 4272//4
f 4272//4 4651//4 4652//4 4273//4
f 4273//4 4652//4 4653//4 4274//4
f 4274//4 4653//4 4654//4 4275//4
f 4275//4 4654//4 4655//4 4276//4
f 4276//4 4655//4 4656//4 4277//4
f 4277//4 4656//4 4638//4 4259//4
f 4278//2 4260//2 4639//2 4657//2
f 4279//1 4658//1 4640//1 4261//1
f 4262//4 4641//4 4659//4 4280//4
f 4280//4 4659//4 4660//4 4281//4
f 4281//4 4660//4 4661//4 4282//4
f 4282//4 4661//4 4662//4 4283//4
f 4283//4 4662//4 4663//4 4284//4
f 4284//4 4663//4 4664//4 4285//4
f 4285//4 4664//4 4665//4 4286//4
f 4286//4 4665//4 4666//4 4287//4
f 4287//4 4666//4 4667//4 4288//4
f 4288//4 4667//4 4642//4 4263//4
f 4289//2 4264//2 4643//2 4668//2
f 4290//1 4669//1 4644//1 4265//1
f 4266//4 4645//4 4670//4 4291//4
f 4291//4 4670//4 4671//4 4292//4
f 4292//4 4671//4 4672//4 4293//4
f 4293//4 4672//4 4673//4 4294//4
f 4294//4 4673//4 4674//4 4295//4
f 4295//4 4674//4 4675//4 4296//4
f 4296//4 4675//4 4676//4 4297//4
f 4297//4 4676//4 4677//4 4298//4
f 4298//4 4677//4 4678//4 4299//4
f 4299//4 4678//4 4679//4 4300//4
f 4300//4 4679//4 4646//4 4267//4
f 4301//2 4268//2 4647//2 4680//2
f 4648//1 5010//1 4998//1 4636//1
f 4637//4 4999//4 5011//4 4649//4
f 4649//4 5011//4 5012//4 4650//4
f 4650//4 5012//4 5013//4 4651//4
f 4651//4 5013//4 5014//4 4652//4
f 4652//4 5014//4 5015//4 4653//4
f 4653//4 5015//4 5016//4 4654//4
f 4654//4 5016//4 5017//4 4655//4
f 4655//4 5017//4 5018//4 4656//4
f 4656//4 5018//4 5000//4 4638//4
f 4657//2 4639//2 5001//2 5019//2
f 4658//1 5020//1 5002//1 4640//1
f 4641//4 5003//4 5021//4 4659//4
f 4659//4 5021//4 5022//4 4660//4
f 4660//4 5022//4 5023//4 4661//4
f 4661//4 5023//4 5024//4 4662//4
f 4662//4 5024//4 5025//4 4663//4
f 4663//4 5025//4 5026//4 4664//4
f 4664//4 5026//4 5027//4 4665//4
f 4665//4 5027//4 5028//4 4666//4
f 4666//4 5028//4 5029//4 4667//4
f 4667//4 5029//4 5004//4 4642//4
f 4668//2 4643//2 5005//2 5030//2
f 4669//1 5031//1 5006//1 4644//1
f 4645//4 5007//4 5032//4 4670//4
f 4670//4 5032//4 5033//4 4671//4
f 4671//4 5033//4 5034//4 4672//4
f 4672//4 5034//4 5035//4 4673//4
f 4673//4 5035//4 5036//4 4674//4
f 4674//4 5036//4 5037//4 4675//4
f 4675//4 5037//4 5038//4 4676//4
f 4676//4 5038//4 5039//4 4677//4
f 4677//4 5039//4 5040//4 4678//4
f 4678//4 5040//4 5041//4 4679//4
f 4679//4 5041//4 5008//4 4646//4
f 4680//2 4647//2 5009//2 5042//2
f 5010//1 5373//1 5361//1 4998//1
f 4999//4 5362//4 5374//4 5011//4
f 5011//4 5374//4 5375//4 5012//4
f 5012//4 5375//4 5376//4 5013//4
f 5013//4 5376//4 5377//4 5014//4
f 5014//4 5377//4 5378//4 5015//4
f 5015//4 5378//4 5379//4 5016//4
f 5016//4 5379//4 5380//4 5017//4
f 5017//4 5380//4 5381//4 5018//4
f 5018//4 5381//4 5363//4 5000//4
f 5019//2 5001//2 5364//2 5382//2
f 5020//1 5383//1 5365//1 5002//1
f 5003//4 5366//4 5384//4 5021//4
f 5021//4 5384//4 5385//4 5022//4
f 5022//4 5385//4 5386//4 5023//4
f 5023//4 5386//4 5387//4 5024//4
f 5024//4 5387//4 5388//4 5025//4
f 5025//4 5388//4 5389//4 5026//4
f 5026//4 5389//4 5390//4 5027//4
f 5027//4 5390//4 5391//4 5028//4
f 5028//4 5391//4 5392//4 5029//4
f 5029//4 5392//4 5367//4 5004//4
f 5030//2 5005//2 5368//2 5393//2
f 5031//1 5394//1 5369//1 5006//1
f 5007//4 5370//4 5395//4 5032//4
f 5032//4 5395//4 5396//4 5033//4
f 5033//4 5396//4 5397//4 5034//4
f 5034//4 5397//4 5398//4 5035//4
f 5035//4 5398//4 5399//4 5036//4
f 5036//4 5399//4 5400//4 5037//4
f 5037//4 5400//4 5401//4 5038//4
f 5038//4 5401//4 5402//4 5039//4
f 5039//4 5402//4 5403//4 5040//4
f 5040//4 5403//4 5404//4 5041//4
f 5041//4 5404//4 5371//4 5008//4
f 5042//2 5009//2 5372//2 5405//2
f 5373//1 5712//1 5700//1 5361//1
f 5362//4 5701//4 5713//4 5374//4
f 5374//4 5713//4 5714//4 5375//4
f 5375//4 5714//4 5715//4 5376//4
f 5376//4 5715//4 5716//4 5377//4
f 5377//4 5716//4 5717//4 5378//4
f 5378//4 5717//4 5718//4 5379//4
f 5379//4 5718//4 5719//4 5380//4
f 5380//4 5719//4 5720//4 5381//4
f 5381//4 5720//4 5702//4 5363//4
f 5382//2 5364//2 5703//2 5721//2
f 5383//1 5722//1 5704//1 5365//1
f 5366//4 5705//4 5723//4 5384//4
f 5384//4 5723//4 5724//4 5385//4
f 5385//4 5724//4 5725//4 5386//4
f 5386//4 5725//4 5726//4 5387//4
f 5387//4 5726//4 5727//4 5388//4
f 5388//4 5727//4 5728//4 5389//4
f 5389//4 5728//4 5729//4 5390//4
f 5390//4 5729//4 5730//4 5391//4
f 5391//4 5730//4 5731//4 5392//4
f 5392//4 5731//4 5706//4 5367//4
f 5393//2 5368//2 5707//2 5732//2
f 5394//1 5733//1 5708//1 5369//1
f 5370//4 5709//4 5734//4 5395//4
f 5395//4 5734//4 5735//4 5396//4
f 5396//4 5735//4 5736//4 5397//4
f 5397//4 5736//4 5737//4 5398//4
f 5398//4 5737//4 5738//4 5399//4
f 5399//4 5738//4 5739//4 5400//4
f 5400//4 5739//4 5740//4 5401//4
f 5401//4 5740//4 5741//4 5402//4
f 5402//4 5741//4 5742//4 5403//4
f 5403//4 5742//4 5743//4 5404//4
f 5404//4 5743//4 5710//4 5371//4
f 5405//2 5372//2 5711//2 5744//2
f 5712//1 6428//1 6403//1 5700//1
f 6428//6 6429//6 6404//6 6403//6
f 6429//6 6430//6 6405//6 6404//6
f 6430//6 6431//6 6406//6 6405//6
f 6431//6 6432//6 6407//6 6406//6
f 5715//4 6407//4 6433//4 5716//4
f 6432//6 6434//6 6433//6 6407//6
f 5716//4 6433//4 6435//4 5717//4
f 6434//6 6436//6 6435//6 6433//6
f 5717//4 6435//4 6408//4 5718//4
f 6436//6 6437//6 6408//6 6435//6
f 6437//6 6438//6 6409//6 6408//6
f 6438//6 6439//6 6410//6 6409//6
f 6439//6 6440//6 6411//6 6410//6
f 5721//2 5703//2 6412//2 6441//2
f 6440//6 6441//6 6412//6 6411//6
f 5722//1 6442//1 6413//1 5704//1
f 6442//6 6443//6 6414//6 6413//6
f 6443//6 6444//6 6415//6 6414//6
f 6444//6 6445//6 6416//6 6415//6
f 6445//6 6446//6 6417//6 6416//6
f 5725//4 6417//4 6447//4 5726//4
f 6446//6 6448//6 6447//6 6417//6
f 5726//4 6447//4 6449//4 5727//4
f 6448//6 6450//6 6449//6 6447//6
f 5727//4 6449//4 6418//4 5728//4
f 6450//6 6451//6 6418//6 6449//6
f 6451//6 6452//6 6419//6 6418//6
f 6452//6 6453//6 6420//6 6419//6
f 6453//6 6454//6 6421//6 6420//6
f 6454//6 6455//6 6422//6 6421//6
f 5732//2 5707//2 6423//2 6456//2
f 6455//6 6456//6 6423//6 6422//6
f 5733//1 6457//1 6424//1 5708//1
f 5709//4 6425//4 6458//4 5734//4
f 5734//4 6458//4 6459//4 5735//4
f 5735//4 6459//4 6460//4 5736//4
f 5736//4 6460//4 6461//4 5737//4
f 5737//4 6461//4 6462//4 5738//4
f 5738//4 6462//4 6463//4 5739//4
f 5739//4 6463//4 6464//4 5740//4
f 5740//4 6464//4 6465//4 5741//4
f 5741//4 6465//4 6466//4 5742//4
f 5742//4 6466//4 6467//4 5743//4
f 5743//4 6467//4 6426//4 5710//4
f 5744//2 5711//2 6427//2 6468//2
f 6457//1 6705//1 6701//1 6424//1
f 6425//4 6702//4 6706//4 6458//4
f 6458//4 6706//4 6707//4 6459//4
f 6459//4 6707//4 6708//4 6460//4
f 6460//4 6708//4 6709//4 6461//4
f 6461//4 6709//4 6710//4 6462//4
f 6462//4 6710//4 6711//4 6463//4
f 6463//4 6711//4 6712//4 6464//4
f 6464//4 6712//4 6713//4 6465//4
f 6465//4 6713//4 6714//4 6466//4
f 6466//4 6714//4 6715//4 6467//4
f 6467//4 6715//4 6703//4 6426//4
f 6468//2 6427//2 6704//2 6716//2
f 6705//1 7109//1 7097//1 6701//1
f 7109//6 7110//6 7098//6 7097//6
f 7110//6 7111//6 7099//6 7098//6
f 7111//6 7112//6 7100//6 7099//6
f 7112//6 7113//6 7101//6 7100//6
f 7113//6 7114//6 7102//6 7101//6
f 6709//4 7102//4 7115//4 6710//4
f 7114//6 7116//6 7115//6 7102//6
f 6710//4 7115//4 7117//4 6711//4
f 7116//6 7118//6 7117//6 7115//6
f 6711//4 7117//4 7103//4 6712//4
f 7118//6 7119//6 7103//6 7117//6
f 7119//6 7120//6 7104//6 7103//6
f 7120//6 7121//6 7105//6 7104//6
f 7121//6 7122//6 7106//6 7105//6
f 7122//6 7123//6 7107//6 7106//6
f 6716//2 6704//2 7108//2 7124//2
f 7123//6 7124//6 7108//6 7107//6
f 8305//1 8306//1 8295//1 7889//1
f 8307//2 7890//2 8297//2 8308//2
f 8305//5 7889//5 7890//5 8307//5
f 8306//6 8308//6 8297//6 8295//6
f 8309//1 8310//1 8306//1 8305//1
f 8311//2 8307//2 8308//2 8312//2
f 8309//5 8305//5 8307//5 8311//5
f 8310//6 8312//6 8308//6 8306//6
f 8313//1 8314//1 8310//1 8309//1
f 8315//2 8311//2 8312//2 8316//2
f 8313//5 8309//5 8311//5 8315//5
f 8314//6 8316//6 8312//6 8310//6
f 8317//1 8318//1 8314//1 8313//1
f 8319//2 8315//2 8316//2 8320//2
f 8317//5 8313//5 8315//5 8319//5
f 8318//6 8320//6 8316//6 8314//6
f 7916//1 8321//1 8318//1 8317//1
f 7918//2 8319//2 8320//2 8322//2
f 7916//5 8317//5 8319//5 7918//5
f 8321//6 8322//6 8320//6 8318//6
f 9136//1 9137//1 9127//1 8293//1
f 9138//2 8294//2 9129//2 9139//2
f 9136//5 8293//5 8294//5 9138//5
f 9137//6 9139//6 9129//6 9127//6
f 9140//1 9141//1 9131//1 8296//1
f 9142//2 8298//2 9133//2 9143//2
f 9140//5 8296//5 8298//5 9142//5
f 9141//6 9143//6 9133//6 9131//6
f 9144//1 9145//1 9137//1 9136//1
f 9146//2 9138//2 9139//2 9147//2
f 9144//5 9136//5 9138//5 9146//5
f 9145//6 9147//6 9139//6 9137//6
f 9148//1 9149//1 9141//1 9140//1
f 9150//2 9142//2 9143//2 9151//2
f 9148//5 9140//5 9142//5 9150//5
f 9149//6 9151//6 9143//6 9141//6
f 9152//1 9153//1 9145//1 9144//1
f 9154//2 9146//2 9147//2 9155//2
f 9152//5 9144//5 9146//5 9154//5
f 9153//6 9155//6 9147//6 9145//6
f 9156//1 9157//1 9149//1 9148//1
f 9158//2 9150//2 9151//2 9159//2
f 9156//5 9148//5 9150//5 9158//5
f 9157//6 9159//6 9151//6 9149//6
f 9160//1 9161//1 9153//1 9152//1
f 9162//2 9154//2 9155//2 9163//2
f 9160//5 9152//5 9154//5 9162//5
f 9161//6 9163//6 9155//6 9153//6
f 9164//1 9165//1 9157//1 9156//1
f 9166//2 9158//2 9159//2 9167//2
f 9164//5 9156//5 9158//5 9166//5
f 9165//6 9167//6 9159//6 9157//6
f 8330//1 9168//1 9161//1 9160//1
f 8331//2 9162//2 9163//2 9169//2
f 8330//5 9160//5 9162//5 8331//5
f 9168//6 9169//6 9163//6 9161//6
f 8332//1 9170//1 9165//1 9164//1
f 8333//2 9166//2 9167//2 9171//2
f 8332//5 9164//5 9166//5 8333//5
f 9170//6 9171//6 9167//6 9165//6
f 8829//1 9448//1 9449//1 8732//1
f 8829//3 8873//3 9450//3 9448//3
f 8732//4 9449//4 9451//4 8734//4
f 8873//3 8875//3 9452//3 9450//3
f 8734//4 9451//4 9453//4 8736//4
f 8875//3 8877//3 9454//3 9452//3
f 8736//4 9453//4 9455//4 8738//4
f 8877//3 8879//3 9456//3 9454//3
f 8738//4 9455//4 9457//4 8740//4
f 8879//3 8881//3 9458//3 9456//3
f 8740//4 9457//4 9459//4 8742//4
f 8830//2 8744//2 9460//2 9461//2
f 8881//3 8830//3 9461//3 9458//3
f 8742//4 9459//4 9460//4 8744//4
f 8858//1 9462//1 9463//1 8800//1
f 8858//3 8912//3 9464//3 9462//3
f 8800//4 9463//4 9465//4 8802//4
f 8912//3 8914//3 9466//3 9464//3
f 8802//4 9465//4 9467//4 8804//4
f 8914//3 8916//3 9468//3 9466//3
f 8804//4 9467//4 9469//4 8806//4
f 8916//3 8918//3 9470//3 9468//3
f 8806//4 9469//4 9471//4 8808//4
f 8918//3 8920//3 9472//3 9470//3
f 8808//4 9471//4 9473//4 8810//4
f 8920//3 8922//3 9474//3 9472//3
f 8810//4 9473//4 9475//4 8812//4
f 8859//2 8814//2 9476//2 9477//2
f 8922//3 8859//3 9477//3 9474//3
f 8812//4 9475//4 9476//4 8814//4
f 9448//1 9804//1 9805//1 9449//1
f 9448//3 9450//3 9806//3 9804//3
f 9449//4 9805//4 9807//4 9451//4
f 9450//3 9452//3 9808//3 9806//3
f 9451//4 9807//4 9809//4 9453//4
f 9452//3 9454//3 9810//3 9808//3
f 9453//4 9809//4 9811//4 9455//4
f 9454//3 9456//3 9812//3 9810//3
f 9455//4 9811//4 9813//4 9457//4
f 9456//3 9458//3 9814//3 9812//3
f 9457//4 9813//4 9815//4 9459//4
f 9461//2 9460//2 9816//2 9817//2
f 9458//3 9461//3 9817//3 9814//3
f 9459//4 9815//4 9816//4 9460//4
f 9462//1 9818//1 9819//1 9463//1
f 9462//3 9464//3 9820//3 9818//3
f 9463//4 9819//4 9821//4 9465//4
f 9464//3 9466//3 9822//3 9820//3
f 9465//4 9821//4 9823//4 9467//4
f 9466//3 9468//3 9824//3 9822//3
f 9467//4 9823//4 9825//4 9469//4
f 9468//3 9470//3 9826//3 9824//3
f 9469//4 9825//4 9827//4 9471//4
f 9470//3 9472//3 9828//3 9826//3
f 9471//4 9827//4 9829//4 9473//4
f 9472//3 9474//3 9830//3 9828//3
f 9473//4 9829//4 9831//4 9475//4
f 9477//2 9476//2 9832//2 9833//2
f 9474//3 9477//3 9833//3 9830//3
f 9475//4 9831//4 9832//4 9476//4
f 10010//1 10011//1 9997//1 9622//1
f 10012//2 9623//2 9999//2 10013//2
f 10010//5 9622//5 9623//5 10012//5
f 10011//6 10013//6 9999//6 9997//6
f 10016//1 10017//1 10003//1 9628//1
f 10018//2 9629//2 10005//2 10019//2
f 10016//5 9628//5 9629//5 10018//5
f 10017//6 10019//6 10005//6 10003//6
f 10020//1 10021//1 10011//1 10010//1
f 10022//2 10012//2 10013//2 10023//2
f 10020//5 10010//5 10012//5 10022//5
f 10021//6 10023//6 10013//6 10011//6
f 10032//1 10033//1 10017//1 10016//1
f 10034//2 10018//2 10019//2 10035//2
f 10032//5 10016//5 10018//5 10034//5
f 10033//6 10035//6 10019//6 10017//6
f 10036//1 10037//1 10021//1 10020//1
f 10038//2 10022//2 10023//2 10039//2
f 10036//5 10020//5 10022//5 10038//5
f 10037//6 10039//6 10023//6 10021//6
f 10042//1 10043//1 10033//1 10032//1
f 10044//2 10034//2 10035//2 10045//2
f 10042//5 10032//5 10034//5 10044//5
f 10043//6 10045//6 10035//6 10033//6
f 10046//1 10047//1 10037//1 10036//1
f 10048//2 10038//2 10039//2 10049//2
f 10046//5 10036//5 10038//5 10048//5
f 10047//6 10049//6 10039//6 10037//6
f 10058//1 10059//1 10043//1 10042//1
f 10060//2 10044//2 10045//2 10061//2
f 10058//5 10042//5 10044//5 10060//5
f 10059//6 10061//6 10045//6 10043//6
f 9655//1 10062//1 10047//1 10046//1
f 9656//2 10048//2 10049//2 10063//2
f 9655//5 10046//5 10048//5 9656//5
f 10062//6 10063//6 10049//6 10047//6
f 9667//1 10066//1 10059//1 10058//1
f 9668//2 10060//2 10061//2 10067//2
f 9667//5 10058//5 10060//5 9668//5
f 10066//6 10067//6 10061//6 10059//6
f 9804//1 10222//1 10223//1 9805//1
f 9804//3 9806//3 10224//3 10222//3
f 9805//4 10223//4 10225//4 9807//4
f 9806//3 9808//3 10226//3 10224//3
f 9807//4 10225//4 10227//4 9809//4
f 9808//3 9810//3 10228//3 10226//3
f 9809//4 10227//4 10229//4 9811//4
f 9810//3 9812//3 10230//3 10228//3
f 9811//4 10229//4 10231//4 9813//4
f 9812//3 9814//3 10232//3 10230//3
f 9813//4 10231//4 10233//4 9815//4
f 9817//2 9816//2 10234//2 10235//2
f 9814//3 9817//3 10235//3 10232//3
f 9815//4 10233//4 10234//4 9816//4
f 9818//1 10236//1 10237//1 9819//1
f 9818//3 9820//3 10238//3 10236//3
f 9819//4 10237//4 10239//4 9821//4
f 9820//3 9822//3 10240//3 10238//3
f 9821//4 10239//4 10241//4 9823//4
f 9822//3 9824//3 10242//3 10240//3
f 9823//4 10241//4 10243//4 9825//4
f 9824//3 9826//3 10244//3 10242//3
f 9825//4 10243//4 10245//4 9827//4
f 9826//3 9828//3 10246//3 10244//3
f 9827//4 10245//4 10247//4 9829//4
f 9828//3 9830//3 10248//3 10246//3
f 9829//4 10247//4 10249//4 9831//4
f 9833//2 9832//2 10250//2 10251//2
f 9830//3 9833//3 10251//3 10248//3
f 9831//4 10249//4 10250//4 9832//4
f 10224//3 10226//3 10591//3 10592//3
f 10225//4 10567//4 10593//4 10227//4
f 10226//3 10228//3 10594//3 10591//3
f 10227//4 10593//4 10595//4 10229//4
f 10228//3 10230//3 10596//3 10594//3
f 10229//4 10595//4 10597//4 10231//4
f 10230//3 10232//3 10598//3 10596//3
f 10231//4 10597//4 10568//4 10233//4
f 10238//3 10240//3 10601//3 10602//3
f 10239//4 10579//4 10603//4 10241//4
f 10240//3 10242//3 10604//3 10601//3
f 10241//4 10603//4 10605//4 10243//4
f 10242//3 10244//3 10606//3 10604//3
f 10243//4 10605//4 10607//4 10245//4
f 10244//3 10246//3 10608//3 10606//3
f 10245//4 10607//4 10609//4 10247//4
f 10246//3 10248//3 10610//3 10608//3
f 10247//4 10609//4 10580//4 10249//4
f 10846//1 10847//1 10837//1 10393//1
f 10848//2 10394//2 10839//2 10849//2
f 10846//5 10393//5 10394//5 10848//5
f 10847//6 10849//6 10839//6 10837//6
f 10850//1 10851//1 10841//1 10397//1
f 10852//2 10398//2 10843//2 10853//2
f 10850//5 10397//5 10398//5 10852//5
f 10851//6 10853//6 10843//6 10841//6
f 10854//1 10855//1 10847//1 10846//1
f 10407//2 10848//2 10849//2 10856//2
f 10854//5 10846//5 10848//5 10407//5
f 10855//6 10856//6 10849//6 10847//6
f 10410//1 10857//1 10851//1 10850//1
f 10858//2 10852//2 10853//2 10859//2
f 10410//5 10850//5 10852//5 10858//5
f 10857//6 10859//6 10853//6 10851//6
f 10860//1 10861//1 10855//1 10854//1
f 10406//2 10407//2 10856//2 10862//2
f 10860//5 10854//5 10407//5 10406//5
f 10861//6 10862//6 10856//6 10855//6
f 10411//1 10863//1 10857//1 10410//1
f 10864//2 10858//2 10859//2 10865//2
f 10411//5 10410//5 10858//5 10864//5
f 10863//6 10865//6 10859//6 10857//6
f 10866//1 10867//1 10861//1 10860//1
f 10868//2 10406//2 10862//2 10869//2
f 10866//5 10860//5 10406//5 10868//5
f 10867//6 10869//6 10862//6 10861//6
f 10870//1 10871//1 10863//1 10411//1
f 10872//2 10864//2 10865//2 10873//2
f 10870//5 10411//5 10864//5 10872//5
f 10871//6 10873//6 10865//6 10863//6
f 10418//1 10874//1 10867//1 10866//1
f 10421//2 10868//2 10869//2 10875//2
f 10418//5 10866//5 10868//5 10421//5
f 10874//6 10875//6 10869//6 10867//6
f 10427//1 10876//1 10871//1 10870//1
f 10429//2 10872//2 10873//2 10877//2
f 10427//5 10870//5 10872//5 10429//5
f 10876//6 10877//6 10873//6 10871//6
f 10590//1 11158//1 11159//1 10562//1
f 10590//3 10592//3 11160//3 11158//3
f 10562//4 11159//4 11161//4 10567//4
f 10592//3 10591//3 11162//3 11160//3
f 10567//4 11161//4 11163//4 10593//4
f 10591//3 10594//3 11164//3 11162//3
f 10593//4 11163//4 11165//4 10595//4
f 10594//3 10596//3 11166//3 11164//3
f 10595//4 11165//4 11167//4 10597//4
f 10596//3 10598//3 11168//3 11166//3
f 10597//4 11167//4 11169//4 10568//4
f 10599//2 10573//2 11170//2 11171//2
f 10598//3 10599//3 11171//3 11168//3
f 10568//4 11169//4 11170//4 10573//4
f 10600//1 11172//1 11173//1 10574//1
f 10600//3 10602//3 11174//3 11172//3
f 10574//4 11173//4 11175//4 10579//4
f 10602//3 10601//3 11176//3 11174//3
f 10579//4 11175//4 11177//4 10603//4
f 10601//3 10604//3 11178//3 11176//3
f 10603//4 11177//4 11179//4 10605//4
f 10604//3 10606//3 11180//3 11178//3
f 10605//4 11179//4 11181//4 10607//4
f 10606//3 10608//3 11182//3 11180//3
f 10607//4 11181//4 11183//4 10609//4
f 10608//3 10610//3 11184//3 11182//3
f 10609//4 11183//4 11185//4 10580//4
f 10611//2 10585//2 11186//2 11187//2
f 10610//3 10611//3 11187//3 11184//3
f 10580//4 11185//4 11186//4 10585//4
f 11346//1 11347//1 11338//1 10838//1
f 11348//2 10840//2 11340//2 11349//2
f 11346//5 10838//5 10840//5 11348//5
f 11347//6 11349//6 11340//6 11338//6
f 11350//1 11351//1 11347//1 11346//1
f 11352//2 11348//2 11349//2 11353//2
f 11350//5 11346//5 11348//5 11352//5
f 11351//6 11353//6 11349//6 11347//6
f 11354//1 11355//1 11351//1 11350//1
f 11356//2 11352//2 11353//2 11357//2
f 11354//5 11350//5 11352//5 11356//5
f 11355//6 11357//6 11353//6 11351//6
f 11358//1 11359//1 11355//1 11354//1
f 11360//2 11356//2 11357//2 11361//2
f 11358//5 11354//5 11356//5 11360//5
f 11359//6 11361//6 11357//6 11355//6
f 10884//1 11362//1 11359//1 11358//1
f 10886//2 11360//2 11361//2 11363//2
f 10884//5 11358//5 11360//5 10886//5
f 11362//6 11363//6 11361//6 11359//6
f 11158//1 11646//1 11647//1 11159//1
f 11158//3 11160//3 11648//3 11646//3
f 11159//4 11647//4 11649//4 11161//4
f 11160//3 11162//3 11650//3 11648//3
f 11161//4 11649//4 11651//4 11163//4
f 11162//3 11164//3 11652//3 11650//3
f 11163//4 11651//4 11653//4 11165//4
f 11164//3 11166//3 11654//3 11652//3
f 11165//4 11653//4 11655//4 11167//4
f 11166//3 11168//3 11656//3 11654//3
f 11167//4 11655//4 11657//4 11169//4
f 11171//2 11170//2 11658//2 11659//2
f 11168//3 11171//3 11659//3 11656//3
f 11169//4 11657//4 11658//4 11170//4
f 11172//1 11660//1 11661//1 11173//1
f 11172//3 11174//3 11662//3 11660//3
f 11173//4 11661//4 11663//4 11175//4
f 11174//3 11176//3 11664//3 11662//3
f 11175//4 11663//4 11665//4 11177//4
f 11176//3 11178//3 11666//3 11664//3
f 11177//4 11665//4 11667//4 11179//4
f 11178//3 11180//3 11668//3 11666//3
f 11179//4 11667//4 11669//4 11181//4
f 11180//3 11182//3 11670//3 11668//3
f 11181//4 11669//4 11671//4 11183//4
f 11182//3 11184//3 11672//3 11670//3
f 11183//4 11671//4 11673//4 11185//4
f 11187//2 11186//2 11674//2 11675//2
f 11184//3 11187//3 11675//3 11672//3
f 11185//4 11673//4 11674//4 11186//4
f 11646//1 11840//1 11841//1 11647//1
f 11646//3 11648//3 11842//3 11840//3
f 11647//4 11841//4 11843//4 11649//4
f 11648//3 11650//3 11844//3 11842//3
f 11649//4 11843//4 11845//4 11651//4
f 11650//3 11652//3 11846//3 11844//3
f 11651//4 11845//4 11847//4 11653//4
f 11652//3 11654//3 11848//3 11846//3
f 11653//4 11847//4 11849//4 11655//4
f 11654//3 11656//3 11850//3 11848//3
f 11655//4 11849//4 11851//4 11657//4
f 11659//2 11658//2 11852//2 11853//2
f 11656//3 11659//3 11853//3 11850//3
f 11657//4 11851//4 11852//4 11658//4
f 11660//1 11854//1 11855//1 11661//1
f 11660//3 11662//3 11856//3 11854//3
f 11661//4 11855//4 11857//4 11663//4
f 11662//3 11664//3 11858//3 11856//3
f 11663//4 11857//4 11859//4 11665//4
f 11664//3 11666//3 11860//3 11858//3
f 11665//4 11859//4 11861//4 11667//4
f 11666//3 11668//3 11862//3 11860//3
f 11667//4 11861//4 11863//4 11669//4
f 11668//3 11670//3 11864//3 11862//3
f 11669//4 11863//4 11865//4 11671//4
f 11670//3 11672//3 11866//3 11864//3
f 11671//4 11865//4 11867//4 11673//4
f 11675//2 11674//2 11868//2 11869//2
f 11672//3 11675//3 11869//3 11866//3
f 11673//4 11867//4 11868//4 11674//4
f 11840//1 11992//1 11993//1 11841//1
f 11840//3 11842//3 11994//3 11992//3
f 11841//4 11993//4 11995//4 11843//4
f 11842//3 11844//3 11996//3 11994//3
f 11843//4 11995//4 11997//4 11845//4
f 11844//3 11846//3 11998//3 11996//3
f 11845//4 11997//4 11999//4 11847//4
f 11846//3 11848//3 12000//3 11998//3
f 11847//4 11999//4 12001//4 11849//4
f 11848//3 11850//3 12002//3 12000//3
f 11849//4 12001//4 12003//4 11851//4
f 11853//2 11852//2 12004//2 12005//2
f 11850//3 11853//3 12005//3 12002//3
f 11851//4 12003//4 12004//4 11852//4
f 11854//1 12006//1 12007//1 11855//1
f 11854//3 11856//3 12008//3 12006//3
f 11855//4 12007//4 12009//4 11857//4
f 11856//3 11858//3 12010//3 12008//3
f 11857//4 12009//4 12011//4 11859//4
f 11858//3 11860//3 12012//3 12010//3
f 11859//4 12011//4 12013//4 11861//4
f 11860//3 11862//3 12014//3 12012//3
f 11861//4 12013//4 12015//4 11863//4
f 11862//3 11864//3 12016//3 12014//3
f 11863//4 12015//4 12017//4 11865//4
f 11864//3 11866//3 12018//3 12016//3
f 11865//4 12017//4 12019//4 11867//4
f 11869//2 11868//2 12020//2 12021//2
f 11866//3 11869//3 12021//3 12018//3
f 11867//4 12019//4 12020//4 11868//4
f 11992//1 12136//1 12137//1 11993//1
f 11992//3 11994//3 12138//3 12136//3
f 11993//4 12137//4 12139//4 11995//4
f 11994//3 11996//3 12140//3 12138//3
f 11995//4 12139//4 12141//4 11997//4
f 11996//3 11998//3 12142//3 12140//3
f 11997//4 12141//4 12143//4 11999//4
f 11998//3 12000//3 12144//3 12142//3
f 11999//4 12143//4 12145//4 12001//4
f 12000//3 12002//3 12146//3 12144//3
f 12001//4 12145//4 12147//4 12003//4
f 12005//2 12004//2 12148//2 12149//2
f 12002//3 12005//3 12149//3 12146//3
f 12003//4 12147//4 12148//4 12004//4
f 12006//1 12150//1 12151//1 12007//1
f 12006//3 12008//3 12152//3 12150//3
f 12007//4 12151//4 12153//4 12009//4
f 12008//3 12010//3 12154//3 12152//3
f 12009//4 12153//4 12155//4 12011//4
f 12010//3 12012//3 12156//3 12154//3
f 12011//4 12155//4 12157//4 12013//4
f 12012//3 12014//3 12158//3 12156//3
f 12013//4 12157//4 12159//4 12015//4
f 12014//3 12016//3 12160//3 12158//3
f 12015//4 12159//4 12161//4 12017//4
f 12016//3 12018//3 12162//3 12160//3
f 12017//4 12161//4 12163//4 12019//4
f 12021//2 12020//2 12164//2 12165//2
f 12018//3 12021//3 12165//3 12162//3
f 12019//4 12163//4 12164//4 12020//4
f 12138//3 12140//3 12305//3 12306//3
f 12139//4 12285//4 12307//4 12141//4
f 12140//3 12142//3 12308//3 12305//3
f 12141//4 12307//4 12309//4 12143//4
f 12142//3 12144//3 12310//3 12308//3
f 12143//4 12309//4 12311//4 12145//4
f 12144//3 12146//3 12312//3 12310//3
f 12145//4 12311//4 12286//4 12147//4
f 12152//3 12154//3 12315//3 12316//3
f 12153//4 12297//4 12317//4 12155//4
f 12154//3 12156//3 12318//3 12315//3
f 12155//4 12317//4 12319//4 12157//4
f 12156//3 12158//3 12320//3 12318//3
f 12157//4 12319//4 12321//4 12159//4
f 12158//3 12160//3 12322//3 12320//3
f 12159//4 12321//4 12323//4 12161//4
f 12160//3 12162//3 12324//3 12322//3
f 12161//4 12323//4 12298//4 12163//4
f 12304//1 12520//1 12521//1 12280//1
f 12304//3 12306//3 12522//3 12520//3
f 12280//4 12521//4 12523//4 12285//4
f 12306//3 12305//3 12524//3 12522//3
f 12285//4 12523//4 12525//4 12307//4
f 12305//3 12308//3 12526//3 12524//3
f 12307//4 12525//4 12527//4 12309//4
f 12308//3 12310//3 12528//3 12526//3
f 12309//4 12527//4 12529//4 12311//4
f 12310//3 12312//3 12530//3 12528//3
f 12311//4 12529//4 12531//4 12286//4
f 12313//2 12291//2 12532//2 12533//2
f 12312//3 12313//3 12533//3 12530//3
f 12286//4 12531//4 12532//4 12291//4
f 12314//1 12542//1 12543//1 12292//1
f 12314//3 12316//3 12544//3 12542//3
f 12292//4 12543//4 12545//4 12297//4
f 12316//3 12315//3 12546//3 12544//3
f 12297//4 12545//4 12547//4 12317//4
f 12315//3 12318//3 12548//3 12546//3
f 12317//4 12547//4 12549//4 12319//4
f 12318//3 12320//3 12550//3 12548//3
f 12319//4 12549//4 12551//4 12321//4
f 12320//3 12322//3 12552//3 12550//3
f 12321//4 12551//4 12553//4 12323//4
f 12322//3 12324//3 12554//3 12552//3
f 12323//4 12553//4 12555//4 12298//4
f 12325//2 12303//2 12556//2 12557//2
f 12324//3 12325//3 12557//3 12554//3
f 12298//4 12555//4 12556//4 12303//4
f 12520//1 12702//1 12703//1 12521//1
f 12520//3 12522//3 12704//3 12702//3
f 12521//4 12703//4 12705//4 12523//4
f 12522//3 12524//3 12706//3 12704//3
f 12523//4 12705//4 12707//4 12525//4
f 12524//3 12526//3 12708//3 12706//3
f 12525//4 12707//4 12709//4 12527//4
f 12526//3 12528//3 12710//3 12708//3
f 12527//4 12709//4 12711//4 12529//4
f 12528//3 12530//3 12712//3 12710//3
f 12529//4 12711//4 12713//4 12531//4
f 12533//2 12532//2 12714//2 12715//2
f 12530//3 12533//3 12715//3 12712//3
f 12531//4 12713//4 12714//4 12532//4
f 12542//1 12732//1 12733//1 12543//1
f 12542//3 12544//3 12734//3 12732//3
f 12543//4 12733//4 12735//4 12545//4
f 12544//3 12546//3 12736//3 12734//3
f 12545//4 12735//4 12737//4 12547//4
f 12546//3 12548//3 12738//3 12736//3
f 12547//4 12737//4 12739//4 12549//4
f 12548//3 12550//3 12740//3 12738//3
f 12549//4 12739//4 12741//4 12551//4
f 12550//3 12552//3 12742//3 12740//3
f 12551//4 12741//4 12743//4 12553//4
f 12552//3 12554//3 12744//3 12742//3
f 12553//4 12743//4 12745//4 12555//4
f 12557//2 12556//2 12746//2 12747//2
f 12554//3 12557//3 12747//3 12744//3
f 12555//4 12745//4 12746//4 12556//4
f 12702//1 12892//1 12893//1 12703//1
f 12702//3 12704//3 12894//3 12892//3
f 12703//4 12893//4 12895//4 12705//4
f 12704//3 12706//3 12896//3 12894//3
f 12705//4 12895//4 12897//4 12707//4
f 12706//3 12708//3 12898//3 12896//3
f 12707//4 12897//4 12899//4 12709//4
f 12708//3 12710//3 12900//3 12898//3
f 12709//4 12899//4 12901//4 12711//4
f 12710//3 12712//3 12902//3 12900//3
f 12711//4 12901//4 12903//4 12713//4
f 12715//2 12714//2 12904//2 12905//2
f 12712//3 12715//3 12905//3 12902//3
f 12713//4 12903//4 12904//4 12714//4
f 12732//1 12928//1 12929//1 12733//1
f 12732//3 12734//3 12930//3 12928//3
f 12733//4 12929//4 12931//4 12735//4
f 12734//3 12736//3 12932//3 12930//3
f 12735//4 12931//4 12933//4 12737//4
f 12736//3 12738//3 12934//3 12932//3
f 12737//4 12933//4 12935//4 12739//4
f 12738//3 12740//3 12936//3 12934//3
f 12739//4 12935//4 12937//4 12741//4
f 12740//3 12742//3 12938//3 12936//3
f 12741//4 12937//4 12939//4 12743//4
f 12742//3 12744//3 12940//3 12938//3
f 12743//4 12939//4 12941//4 12745//4
f 12747//2 12746//2 12942//2 12943//2
f 12744//3 12747//3 12943//3 12940//3
f 12745//4 12941//4 12942//4 12746//4
f 12892//1 13080//1 13081//1 12893//1
f 12892//3 12894//3 13082//3 13080//3
f 12893//4 13081//4 13083//4 12895//4
f 12894//3 12896//3 13084//3 13082//3
f 12895//4 13083//4 13085//4 12897//4
f 12896//3 12898//3 13086//3 13084//3
f 12897//4 13085//4 13087//4 12899//4
f 12898//3 12900//3 13088//3 13086//3
f 12899//4 13087//4 13089//4 12901//4
f 12900//3 12902//3 13090//3 13088//3
f 12901//4 13089//4 13091//4 12903//4
f 12905//2 12904//2 13092//2 13093//2
f 12902//3 12905//3 13093//3 13090//3
f 12903//4 13091//4 13092//4 12904//4
f 12928//1 13108//1 13109//1 12929//1
f 12928//3 12930//3 13110//3 13108//3
f 12929//4 13109//4 13111//4 12931//4
f 12930//3 12932//3 13112//3 13110//3
f 12931//4 13111//4 13113//4 12933//4
f 12932//3 12934//3 13114//3 13112//3
f 12933//4 13113//4 13115//4 12935//4
f 12934//3 12936//3 13116//3 13114//3
f 12935//4 13115//4 13117//4 12937//4
f 12936//3 12938//3 13118//3 13116//3
f 12937//4 13117//4 13119//4 12939//4
f 12938//3 12940//3 13120//3 13118//3
f 12939//4 13119//4 13121//4 12941//4
f 12943//2 12942//2 13122//2 13123//2
f 12940//3 12943//3 13123//3 13120//3
f 12941//4 13121//4 13122//4 12942//4
f 13252//1 13253//1 13254//1 13255//1
f 13256//2 13257//2 13258//2 13259//2
f 13255//4 13254//4 13258//4 13257//4
f 13252//5 13255//5 13257//5 13256//5
f 13253//6 13259//6 13258//6 13254//6
f 13260//1 13261//1 13253//1 13252//1
f 13262//2 13256//2 13259//2 13263//2
f 13260//5 13252//5 13256//5 13262//5
f 13261//6 13263//6 13259//6 13253//6
f 13264//1 13265//1 13261//1 13260//1
f 13264//5 13260//5 13262//5 13266//5
f 13265//6 13267//6 13263//6 13261//6
f 13272//1 13273//1 13265//1 13264//1
f 13272//5 13264//5 13266//5 13274//5
f 13273//6 13275//6 13267//6 13265//6
f 13282//5 13272//5 13274//5 13284//5
f 13283//6 13285//6 13275//6 13273//6
f 13294//5 13282//5 13284//5 13296//5
f 13295//6 13297//6 13285//6 13283//6
f 13308//5 13294//5 13296//5 13310//5
f 13309//6 13311//6 13297//6 13295//6
f 13324//5 13308//5 13310//5 13326//5
f 13325//6 13327//6 13311//6 13309//6
f 13346//5 13324//5 13326//5 13348//5
f 13347//6 13349//6 13327//6 13325//6
f 13364//5 13346//5 13348//5 13366//5
f 13365//6 13367//6 13349//6 13347//6
f 13390//5 13364//5 13366//5 13392//5
f 13391//6 13393//6 13367//6 13365//6
f 13420//5 13390//5 13392//5 13422//5
f 13421//6 13423//6 13393//6 13391//6
f 13446//5 13420//5 13422//5 13448//5
f 13447//6 13449//6 13423//6 13421//6
f 13480//5 13446//5 13448//5 13482//5
f 13481//6 13483//6 13449//6 13447//6
f 13510//5 13480//5 13482//5 13512//5
f 13511//6 13513//6 13483//6 13481//6
f 13548//5 13510//5 13512//5 13550//5
f 13549//6 13551//6 13513//6 13511//6
f 13586//5 13548//5 13550//5 13588//5
f 13587//6 13589//6 13551//6 13549//6
f 13626//5 13586//5 13588//5 13628//5
f 13627//6 13629//6 13589//6 13587//6
f 13672//5 13626//5 13628//5 13674//5
f 13673//6 13675//6 13629//6 13627//6
f 13700//1 13701//1 13673//1 13672//1
f 13700//5 13672//5 13674//5 13702//5
f 13701//6 13703//6 13675//6 13673//6
f 13726//1 13727//1 13701//1 13700//1
f 13726//5 13700//5 13702//5 13728//5
f 13727//6 13729//6 13703//6 13701//6
f 13824//1 13825//1 13793//1 13792//1
f 13826//2 13794//2 13795//2 13827//2
f 13824//5 13792//5 13794//5 13826//5
f 13825//6 13827//6 13795//6 13793//6
f 13828//1 13829//1 13825//1 13824//1
f 13830//2 13826//2 13827//2 13831//2
f 13828//5 13824//5 13826//5 13830//5
f 13829//6 13831//6 13827//6 13825//6
f 13832//1 13833//1 13829//1 13828//1
f 13834//2 13830//2 13831//2 13835//2
f 13832//5 13828//5 13830//5 13834//5
f 13833//6 13835//6 13831//6 13829//6
f 13836//1 13837//1 13833//1 13832//1
f 13838//2 13834//2 13835//2 13839//2
f 13836//3 13838//3 13839//3 13837//3
f 13836//5 13832//5 13834//5 13838//5
f 13837//6 13839//6 13835//6 13833//6
f 13080//1 13854//1 13855//1 13081//1
f 13080//3 13082//3 13856//3 13854//3
f 13081//4 13855//4 13857//4 13083//4
f 13082//3 13084//3 13858//3 13856//3
f 13083//4 13857//4 13859//4 13085//4
f 13084//3 13086//3 13860//3 13858//3
f 13085//4 13859//4 13861//4 13087//4
f 13086//3 13088//3 13862//3 13860//3
f 13087//4 13861//4 13863//4 13089//4
f 13088//3 13090//3 13864//3 13862//3
f 13089//4 13863//4 13865//4 13091//4
f 13093//2 13092//2 13866//2 13867//2
f 13090//3 13093//3 13867//3 13864//3
f 13091//4 13865//4 13866//4 13092//4
f 13108//1 13886//1 13887//1 13109//1
f 13108//3 13110//3 13888//3 13886//3
f 13109//4 13887//4 13889//4 13111//4
f 13110//3 13112//3 13890//3 13888//3
f 13111//4 13889//4 13891//4 13113//4
f 13112//3 13114//3 13892//3 13890//3
f 13113//4 13891//4 13893//4 13115//4
f 13114//3 13116//3 13894//3 13892//3
f 13115//4 13893//4 13895//4 13117//4
f 13116//3 13118//3 13896//3 13894//3
f 13117//4 13895//4 13897//4 13119//4
f 13118//3 13120//3 13898//3 13896//3
f 13119//4 13897//4 13899//4 13121//4
f 13123//2 13122//2 13900//2 13901//2
f 13120//3 13123//3 13901//3 13898//3
f 13121//4 13899//4 13900//4 13122//4
f 13856//3 13858//3 14067//3 14068//3
f 13857//4 14039//4 14069//4 13859//4
f 13858//3 13860//3 14070//3 14067//3
f 13859//4 14069//4 14071//4 13861//4
f 13860//3 13862//3 14072//3 14070//3
f 13861//4 14071//4 14073//4 13863//4
f 13862//3 13864//3 14074//3 14072//3
f 13863//4 14073//4 14040//4 13865//4
f 13888//3 13890//3 14091//3 14092//3
f 13889//4 14059//4 14093//4 13891//4
f 13890//3 13892//3 14094//3 14091//3
f 13891//4 14093//4 14095//4 13893//4
f 13892//3 13894//3 14096//3 14094//3
f 13893//4 14095//4 14097//4 13895//4
f 13894//3 13896//3 14098//3 14096//3
f 13895//4 14097//4 14099//4 13897//4
f 13896//3 13898//3 14100//3 14098//3
f 13897//4 14099//4 14060//4 13899//4
f 14066//1 14326//1 14327//1 14034//1
f 14066//3 14068//3 14328//3 14326//3
f 14034//4 14327//4 14329//4 14039//4
f 14326//6 14328//6 14329//6 14327//6
f 14068//3 14067//3 14330//3 14328//3
f 14039//4 14329//4 14331//4 14069//4
f 14328//6 14330//6 14331//6 14329//6
f 14067//3 14070//3 14332//3 14330//3
f 14069//4 14331//4 14333//4 14071//4
f 14330//6 14332//6 14333//6 14331//6
f 14070//3 14072//3 14334//3 14332//3
f 14071//4 14333//4 14335//4 14073//4
f 14332//6 14334//6 14335//6 14333//6
f 14072//3 14074//3 14336//3 14334//3
f 14073//4 14335//4 14337//4 14040//4
f 14334//6 14336//6 14337//6 14335//6
f 14075//2 14045//2 14338//2 14339//2
f 14074//3 14075//3 14339//3 14336//3
f 14040//4 14337//4 14338//4 14045//4
f 14336//6 14339//6 14338//6 14337//6
f 14090//1 14354//1 14355//1 14054//1
f 14090//3 14092//3 14356//3 14354//3
f 14054//4 14355//4 14357//4 14059//4
f 14354//6 14356//6 14357//6 14355//6
f 14092//3 14091//3 14358//3 14356//3
f 14059//4 14357//4 14359//4 14093//4
f 14356//6 14358//6 14359//6 14357//6
f 14091//3 14094//3 14360//3 14358//3
f 14093//4 14359//4 14361//4 14095//4
f 14358//6 14360//6 14361//6 14359//6
f 14094//3 14096//3 14362//3 14360//3
f 14095//4 14361//4 14363//4 14097//4
f 14360//6 14362//6 14363//6 14361//6
f 14096//3 14098//3 14364//3 14362//3
f 14097//4 14363//4 14365//4 14099//4
f 14362//6 14364//6 14365//6 14363//6
f 14098//3 14100//3 14366//3 14364//3
f 14099//4 14365//4 14367//4 14060//4
f 14364//6 14366//6 14367//6 14365//6
f 14101//2 14065//2 14368//2 14369//2
f 14100//3 14101//3 14369//3 14366//3
f 14060//4 14367//4 14368//4 14065//4
f 14366//6 14369//6 14368//6 14367//6
f 15460//1 15461//1 15462//1 15463//1
f 15464//2 15465//2 15466//2 15467//2
f 15463//4 15462//4 15466//4 15465//4
f 15460//5 15463//5 15465//5 15464//5
f 15461//6 15467//6 15466//6 15462//6
f 15468//1 15469//1 15461//1 15460//1
f 15470//2 15464//2 15467//2 15471//2
f 15468//5 15460//5 15464//5 15470//5
f 15469//6 15471//6 15467//6 15461//6
f 15472//1 15473//1 15469//1 15468//1
f 15472//5 15468//5 15470//5 15474//5
f 15473//6 15475//6 15471//6 15469//6
f 15480//1 15481//1 15473//1 15472//1
f 15480//5 15472//5 15474//5 15482//5
f 15481//6 15483//6 15475//6 15473//6
f 15490//5 15480//5 15482//5 15492//5
f 15491//6 15493//6 15483//6 15481//6
f 15506//5 15490//5 15492//5 15508//5
f 15507//6 15509//6 15493//6 15491//6
f 15526//5 15506//5 15508//5 15528//5
f 15527//6 15529//6 15509//6 15507//6
f 15550//5 15526//5 15528//5 15552//5
f 15551//6 15553//6 15529//6 15527//6
f 15582//5 15550//5 15552//5 15584//5
f 15583//6 15585//6 15553//6 15551//6
f 15600//1 15601//1 15583//1 15582//1
f 15600//5 15582//5 15584//5 15602//5
f 15601//6 15603//6 15585//6 15583//6
f 15620//1 15621//1 15601//1 15600//1
f 15620//5 15600//5 15602//5 15622//5
f 15621//6 15623//6 15603//6 15601//6
f 15718//1 15719//1 15679//1 15678//1
f 15720//2 15680//2 15681//2 15721//2
f 15718//5 15678//5 15680//5 15720//5
f 15719//6 15721//6 15681//6 15679//6
f 15722//1 15723//1 15719//1 15718//1
f 15724//2 15720//2 15721//2 15725//2
f 15722//5 15718//5 15720//5 15724//5
f 15723//6 15725//6 15721//6 15719//6
f 15726//1 15727//1 15723//1 15722//1
f 15728//2 15724//2 15725//2 15729//2
f 15726//5 15722//5 15724//5 15728//5
f 15727//6 15729//6 15725//6 15723//6
f 15730//1 15731//1 15727//1 15726//1
f 15732//2 15728//2 15729//2 15733//2
f 15730//3 15732//3 15733//3 15731//3
f 15730//5 15726//5 15728//5 15732//5
f 15731//6 15733//6 15729//6 15727//6
g glyph_58
f 1//1 2//1 3//1 4//1
f 4//4 3//4 5//4 6//4
f 1//5 4//5 6//5 7//5
f 6//4 5//4 8//4 9//4
f 7//5 6//5 9//5 10//5
f 9//4 8//4 11//4 12//4
f 10//5 9//5 12//5 13//5
f 12//4 11//4 14//4 15//4
f 13//5 12//5 15//5 16//5
f 15//4 14//4 17//4 18//4
f 16//5 15//5 18//5 19//5
f 18//4 17//4 20//4 21//4
f 19//5 18//5 21//5 22//5
f 21//4 20//4 23//4 24//4
f 22//5 21//5 24//5 25//5
f 24//4 23//4 26//4 27//4
f 25//5 24//5 27//5 28//5
f 27//4 26//4 29//4 30//4
f 28//5 27//5 30//5 31//5
f 30//4 29//4 32//4 33//4
f 31//5 30//5 33//5 34//5
f 33//4 32//4 35//4 36//4
f 34//5 33//5 36//5 37//5
f 36//4 35//4 38//4 39//4
f 37//5 36//5 39//5 40//5
f 39//4 38//4 41//4 42//4
f 40//5 39//5 42//5 43//5
f 42//4 41//4 44//4 45//4
f 43//5 42//5 45//5 46//5
f 45//4 44//4 47//4 48//4
f 46//5 45//5 48//5 49//5
f 48//4 47//4 50//4 51//4
f 49//5 48//5 51//5 52//5
f 51//4 50//4 53//4 54//4
f 52//5 51//5 54//5 55//5
f 54//4 53//4 56//4 57//4
f 55//5 54//5 57//5 58//5
f 57//4 56//4 59//4 60//4
f 58//5 57//5 60//5 61//5
f 60//4 59//4 62//4 63//4
f 61//5 60//5 63//5 64//5
f 63//4 62//4 65//4 66//4
f 64//5 63//5 66//5 67//5
f 66//4 65//4 68//4 69//4
f 67//5 66//5 69//5 70//5
f 69//4 68//4 71//4 72//4
f 70//5 69//5 72//5 73//5
f 72//4 71//4 74//4 75//4
f 73//5 72//5 75//5 76//5
f 75//4 74//4 77//4 78//4
f 76//5 75//5 78//5 79//5
f 78//4 77//4 80//4 81//4
f 79//5 78//5 81//5 82//5
f 81//4 80//4 83//4 84//4
f 82//5 81//5 84//5 85//5
f 84//4 83//4 86//4 87//4
f 85//5 84//5 87//5 88//5
f 87//4 86//4 89//4 90//4
f 88//5 87//5 90//5 91//5
f 90//4 89//4 92//4 93//4
f 91//5 90//5 93//5 94//5
f 93//4 92//4 95//4 96//4
f 94//5 93//5 96//5 97//5
f 96//4 95//4 98//4 99//4
f 97//5 96//5 99//5 100//5
f 99//4 98//4 101//4 102//4
f 100//5 99//5 102//5 103//5
f 102//4 101//4 104//4 105//4
f 103//5 102//5 105//5 106//5
f 105//4 104//4 107//4 108//4
f 106//5 105//5 108//5 109//5
f 108//4 107//4 110//4 111//4
f 109//5 108//5 111//5 112//5
f 111//4 110//4 113//4 114//4
f 112//5 111//5 114//5 115//5
f 114//4 113//4 116//4 117//4
f 115//5 114//5 117//5 118//5
f 117//4 116//4 119//4 120//4
f 118//5 117//5 120//5 121//5
f 120//4 119//4 122//4 123//4
f 121//5 120//5 123//5 124//5
f 123//4 122//4 125//4 126//4
f 124//5 123//5 126//5 127//5
f 126//4 125//4 128//4 129//4
f 127//5 126//5 129//5 130//5
f 129//4 128//4 131//4 132//4
f 130//5 129//5 132//5 133//5
f 132//4 131//4 134//4 135//4
f 133//5 132//5 135//5 136//5
f 135//4 134//4 137//4 138//4
f 136//5 135//5 138//5 139//5
f 138//4 137//4 140//4 141//4
f 139//5 138//5 141//5 142//5
f 141//4 140//4 143//4 144//4
f 142//5 141//5 144//5 145//5
f 144//4 143//4 146//4 147//4
f 145//5 144//5 147//5 148//5
f 147//4 146//4 149//4 150//4
f 148//5 147//5 150//5 151//5
f 150//4 149//4 152//4 153//4
f 151//5 150//5 153//5 154//5
f 153//4 152//4 155//4 156//4
f 154//5 153//5 156//5 157//5
f 156//4 155//4 158//4 159//4
f 157//5 156//5 159//5 160//5
f 159//4 158//4 161//4 162//4
f 160//5 159//5 162//5 163//5
f 164//2 165//2 166//2 167//2
f 162//4 161//4 166//4 165//4
f 163//5 162//5 165//5 164//5
f 168//1 169//1 2//1 1//1
f 168//3 170//3 171//3 169//3
f 168//5 1//5 7//5 170//5
f 170//3 172//3 173//3 171//3
f 170//5 7//5 10//5 172//5
f 172//3 174//3 175//3 173//3
f 172//5 10//5 13//5 174//5
f 174//3 176//3 177//3 175//3
f 174//5 13//5 16//5 176//5
f 176//3 178//3 179//3 177//3
f 176//5 16//5 19//5 178//5
f 178//3 180//3 181//3 179//3
f 178//5 19//5 22//5 180//5
f 180//3 182//3 183//3 181//3
f 180//5 22//5 25//5 182//5
f 182//3 184//3 185//3 183//3
f 182//5 25//5 28//5 184//5
f 184//3 186//3 187//3 185//3
f 184//5 28//5 31//5 186//5
f 186//3 188//3 189//3 187//3
f 186//5 31//5 34//5 188//5
f 188//3 190//3 191//3 189//3
f 188//5 34//5 37//5 190//5
f 190//3 192//3 193//3 191//3
f 190//5 37//5 40//5 192//5
f 192//3 194//3 195//3 193//3
f 192//5 40//5 43//5 194//5
f 194//3 196//3 197//3 195//3
f 194//5 43//5 46//5 196//5
f 196//3 198//3 199//3 197//3
f 196//5 46//5 49//5 198//5
f 198//3 200//3 201//3 199//3
f 198//5 49//5 52//5 200//5
f 200//3 202//3 203//3 201//3
f 200//5 52//5 55//5 202//5
f 202//3 204//3 205//3 203//3
f 202//5 55//5 58//5 204//5
f 204//3 206//3 207//3 205//3
f 204//5 58//5 61//5 206//5
f 206//3 208//3 209//3 207//3
f 206//5 61//5 64//5 208//5
f 208//3 210//3 211//3 209//3
f 208//5 64//5 67//5 210//5
f 210//3 212//3 213//3 211//3
f 210//5 67//5 70//5 212//5
f 212//3 214//3 215//3 213//3
f 212//5 70//5 73//5 214//5
f 214//3 216//3 217//3 215//3
f 214//5 73//5 76//5 216//5
f 216//3 218//3 219//3 217//3
f 216//5 76//5 79//5 218//5
f 218//3 220//3 221//3 219//3
f 218//5 79//5 82//5 220//5
f 220//3 222//3 223//3 221//3
f 220//5 82//5 85//5 222//5
f 222//3 224//3 225//3 223//3
f 222//5 85//5 88//5 224//5
f 224//3 226//3 227//3 225//3
f 224//5 88//5 91//5 226//5
f 226//3 228//3 229//3 227//3
f 226//5 91//5 94//5 228//5
f 228//3 230//3 231//3 229//3
f 228//5 94//5 97//5 230//5
f 230//3 232//3 233//3 231//3
f 230//5 97//5 100//5 232//5
f 232//3 234//3 235//3 233//3
f 232//5 100//5 103//5 234//5
f 234//3 236//3 237//3 235//3
f 234//5 103//5 106//5 236//5
f 236//3 238//3 239//3 237//3
f 236//5 106//5 109//5 238//5
f 238//3 240//3 241//3 239//3
f 238//5 109//5 112//5 240//5
f 240//3 242//3 243//3 241//3
f 240//5 112//5 115//5 242//5
f 242//3 244//3 245//3 243//3
f 242//5 115//5 118//5 244//5
f 244//3 246//3 247//3 245//3
f 244//5 118//5 121//5 246//5
f 246//3 248//3 249//3 247//3
f 246//5 121//5 124//5 248//5
f 248//3 250//3 251//3 249//3
f 248//5 124//5 127//5 250//5
f 250//3 252//3 253//3 251//3
f 250//5 127//5 130//5 252//5
f 252//3 254//3 255//3 253//3
f 252//5 130//5 133//5 254//5
f 254//3 256//3 257//3 255//3
f 254//5 133//5 136//5 256//5
f 256//3 258//3 259//3 257//3
f 256//5 136//5 139//5 258//5
f 258//3 260//3 261//3 259//3
f 258//5 139//5 142//5 260//5
f 260//3 262//3 263//3 261//3
f 260//5 142//5 145//5 262//5
f 262//3 264//3 265//3 263//3
f 262//5 145//5 148//5 264//5
f 264//3 266//3 267//3 265//3
f 264//5 148//5 151//5 266//5
f 266//3 268//3 269//3 267//3
f 266//5 151//5 154//5 268//5
f 268//3 270//3 271//3 269//3
f 268//5 154//5 157//5 270//5
f 270//3 272//3 273//3 271//3
f 270//5 157//5 160//5 272//5
f 272//3 274//3 275//3 273//3
f 272//5 160//5 163//5 274//5
f 276//2 164//2 167//2 277//2
f 274//3 276//3 277//3 275//3
f 274//5 163//5 164//5 276//5
f 2//1 278//1 279//1 3//1
f 3//4 279//4 280//4 5//4
f 5//4 280//4 281//4 8//4
f 8//4 281//4 282//4 11//4
f 11//4 282//4 283//4 14//4
f 14//4 283//4 284//4 17//4
f 17//4 284//4 285//4 20//4
f 20//4 285//4 286//4 23//4
f 23//4 286//4 287//4 26//4
f 26//4 287//4 288//4 29//4
f 29//4 288//4 289//4 32//4
f 32//4 289//4 290//4 35//4
f 35//4 290//4 291//4 38//4
f 38//4 291//4 292//4 41//4
f 41//4 292//4 293//4 44//4
f 44//4 293//4 294//4 47//4
f 47//4 294//4 295//4 50//4
f 50//4 295//4 296//4 53//4
f 53//4 296//4 297//4 56//4
f 56//4 297//4 298//4 59//4
f 59//4 298//4 299//4 62//4
f 62//4 299//4 300//4 65//4
f 65//4 300//4 301//4 68//4
f 68//4 301//4 302//4 71//4
f 71//4 302//4 303//4 74//4
f 74//4 303//4 304//4 77//4
f 77//4 304//4 305//4 80//4
f 80//4 305//4 306//4 83//4
f 83//4 306//4 307//4 86//4
f 86//4 307//4 308//4 89//4
f 89//4 308//4 309//4 92//4
f 92//4 309//4 310//4 95//4
f 95//4 310//4 311//4 98//4
f 98//4 311//4 312//4 101//4
f 101//4 312//4 313//4 104//4
f 104//4 313//4 314//4 107//4
f 107//4 314//4 315//4 110//4
f 110//4 315//4 316//4 113//4
f 113//4 316//4 317//4 116//4
f 116//4 317//4 318//4 119//4
f 119//4 318//4 319//4 122//4
f 122//4 319//4 320//4 125//4
f 125//4 320//4 321//4 128//4
f 128//4 321//4 322//4 131//4
f 131//4 322//4 323//4 134//4
f 134//4 323//4 324//4 137//4
f 137//4 324//4 325//4 140//4
f 140//4 325//4 326//4 143//4
f 143//4 326//4 327//4 146//4
f 146//4 327//4 328//4 149//4
f 149//4 328//4 329//4 152//4
f 152//4 329//4 330//4 155//4
f 155//4 330//4 331//4 158//4
f 158//4 331//4 332//4 161//4
f 167//2 166//2 333//2 334//2
f 161//4 332//4 333//4 166//4
f 169//1 335//1 278//1 2//1
f 169//3 171//3 336//3 335//3
f 171//3 173//3 337//3 336//3
f 173//3 175//3 338//3 337//3
f 175//3 177//3 339//3 338//3
f 177//3 179//3 340//3 339//3
f 179//3 181//3 341//3 340//3
f 181//3 183//3 342//3 341//3
f 183//3 185//3 343//3 342//3
f 185//3 187//3 344//3 343//3
f 187//3 189//3 345//3 344//3
f 189//3 191//3 346//3 345//3
f 191//3 193//3 347//3 346//3
f 193//3 195//3 348//3 347//3
f 195//3 197//3 349//3 348//3
f 197//3 199//3 350//3 349//3
f 199//3 201//3 351//3 350//3
f 201//3 203//3 352//3 351//3
f 203//3 205//3 353//3 352//3
f 205//3 207//3 354//3 353//3
f 207//3 209//3 355//3 354//3
f 209//3 211//3 356//3 355//3
f 211//3 213//3 357//3 356//3
f 213//3 215//3 358//3 357//3
f 215//3 217//3 359//3 358//3
f 217//3 219//3 360//3 359//3
f 219//3 221//3 361//3 360//3
f 221//3 223//3 362//3 361//3
f 223//3 225//3 363//3 362//3
f 225//3 227//3 364//3 363//3
f 227//3 229//3 365//3 364//3
f 229//3 231//3 366//3 365//3
f 231//3 233//3 367//3 366//3
f 233//3 235//3 368//3 367//3
f 235//3 237//3 369//3 368//3
f 237//3 239//3 370//3 369//3
f 239//3 241//3 371//3 370//3
f 241//3 243//3 372//3 371//3
f 243//3 245//3 373//3 372//3
f 245//3 247//3 374//3 373//3
f 247//3 249//3 375//3 374//3
f 249//3 251//3 376//3 375//3
f 251//3 253//3 377//3 376//3
f 253//3 255//3 378//3 377//3
f 255//3 257//3 379//3 378//3
f 257//3 259//3 380//3 379//3
f 259//3 261//3 381//3 380//3
f 261//3 263//3 382//3 381//3
f 263//3 265//3 383//3 382//3
f 265//3 267//3 384//3 383//3
f 267//3 269//3 385//3 384//3
f 269//3 271//3 386//3 385//3
f 271//3 273//3 387//3 386//3
f 273//3 275//3 388//3 387//3
f 277//2 167//2 334//2 389//2
f 275//3 277//3 389//3 388//3
f 278//1 432//1 433//1 279//1
f 279//4 433//4 434//4 280//4
f 280//4 434//4 435//4 281//4
f 281//4 435//4 436//4 282//4
f 282//4 436//4 437//4 283//4
f 283//4 437//4 438//4 284//4
f 284//4 438//4 439//4 285//4
f 285//4 439//4 440//4 286//4
f 286//4 440//4 441//4 287//4
f 287//4 441//4 442//4 288//4
f 288//4 442//4 443//4 289//4
f 289//4 443//4 444//4 290//4
f 290//4 444//4 445//4 291//4
f 291//4 445//4 446//4 292//4
f 292//4 446//4 447//4 293//4
f 293//4 447//4 448//4 294//4
f 294//4 448//4 449//4 295//4
f 295//4 449//4 450//4 296//4
f 296//4 450//4 451//4 297//4
f 297//4 451//4 452//4 298//4
f 298//4 452//4 453//4 299//4
f 299//4 453//4 454//4 300//4
f 300//4 454//4 455//4 301//4
f 301//4 455//4 456//4 302//4
f 302//4 456//4 457//4 303//4
f 303//4 457//4 458//4 304//4
f 304//4 458//4 459//4 305//4
f 305//4 459//4 460//4 306//4
f 306//4 460//4 461//4 307//4
f 307//4 461//4 462//4 308//4
f 308//4 462//4 463//4 309//4
f 309//4 463//4 464//4 310//4
f 310//4 464//4 465//4 311//4
f 311//4 465//4 466//4 312//4
f 312//4 466//4 467//4 313//4
f 313//4 467//4 468//4 314//4
f 314//4 468//4 469//4 315//4
f 315//4 469//4 470//4 316//4
f 316//4 470//4 471//4 317//4
f 317//4 471//4 472//4 318//4
f 318//4 472//4 473//4 319//4
f 319//4 473//4 474//4 320//4
f 320//4 474//4 475//4 321//4
f 321//4 475//4 476//4 322//4
f 322//4 476//4 477//4 323//4
f 323//4 477//4 478//4 324//4
f 324//4 478//4 479//4 325//4
f 325//4 479//4 480//4 326//4
f 326//4 480//4 481//4 327//4
f 327//4 481//4 482//4 328//4
f 328//4 482//4 483//4 329//4
f 329//4 483//4 484//4 330//4
f 330//4 484//4 485//4 331//4
f 331//4 485//4 486//4 332//4
f 334//2 333//2 487//2 488//2
f 332//4 486//4 487//4 333//4
f 335//1 489//1 432//1 278//1
f 335//3 336//3 490//3 489//3
f 336//3 337//3 491//3 490//3
f 337//3 338//3 492//3 491//3
f 338//3 339//3 493//3 492//3
f 339//3 340//3 494//3 493//3
f 340//3 341//3 495//3 494//3
f 341//3 342//3 496//3 495//3
f 342//3 343//3 497//3 496//3
f 343//3 344//3 498//3 497//3
f 344//3 345//3 499//3 498//3
f 345//3 346//3 500//3 499//3
f 346//3 347//3 501//3 500//3
f 347//3 348//3 502//3 501//3
f 348//3 349//3 503//3 502//3
f 349//3 350//3 504//3 503//3
f 350//3 351//3 505//3 504//3
f 351//3 352//3 506//3 505//3
f 352//3 353//3 507//3 506//3
f 353//3 354//3 508//3 507//3
f 354//3 355//3 509//3 508//3
f 355//3 356//3 510//3 509//3
f 356//3 357//3 511//3 510//3
f 357//3 358//3 512//3 511//3
f 358//3 359//3 513//3 512//3
f 359//3 360//3 514//3 513//3
f 360//3 361//3 515//3 514//3
f 361//3 362//3 516//3 515//3
f 362//3 363//3 517//3 516//3
f 363//3 364//3 518//3 517//3
f 364//3 365//3 519//3 518//3
f 365//3 366//3 520//3 519//3
f 366//3 367//3 521//3 520//3
f 367//3 368//3 522//3 521//3
f 368//3 369//3 523//3 522//3
f 369//3 370//3 524//3 523//3
f 370//3 371//3 525//3 524//3
f 371//3 372//3 526//3 525//3
f 372//3 373//3 527//3 526//3
f 373//3 374//3 528//3 527//3
f 374//3 375//3 529//3 528//3
f 375//3 376//3 530//3 529//3
f 376//3 377//3 531//3 530//3
f 377//3 378//3 532//3 531//3
f 378//3 379//3 533//3 532//3
f 379//3 380//3 534//3 533//3
f 380//3 381//3 535//3 534//3
f 381//3 382//3 536//3 535//3
f 382//3 383//3 537//3 536//3
f 383//3 384//3 538//3 537//3
f 384//3 385//3 539//3 538//3
f 385//3 386//3 540//3 539//3
f 386//3 387//3 541//3 540//3
f 387//3 388//3 542//3 541//3
f 389//2 334//2 488//2 543//2
f 388//3 389//3 543//3 542//3
f 432//1 765//1 766//1 433//1
f 433//4 766//4 767//4 434//4
f 434//4 767//4 768//4 435//4
f 435//4 768//4 769//4 436//4
f 436//4 769//4 770//4 437//4
f 437//4 770//4 771//4 438//4
f 438//4 771//4 772//4 439//4
f 439//4 772//4 773//4 440//4
f 440//4 773//4 774//4 441//4
f 441//4 774//4 775//4 442//4
f 442//4 775//4 776//4 443//4
f 443//4 776//4 777//4 444//4
f 444//4 777//4 778//4 445//4
f 445//4 778//4 779//4 446//4
f 446//4 779//4 780//4 447//4
f 447//4 780//4 781//4 448//4
f 448//4 781//4 782//4 449//4
f 449//4 782//4 783//4 450//4
f 450//4 783//4 784//4 451//4
f 451//4 784//4 785//4 452//4
f 452//4 785//4 786//4 453//4
f 453//4 786//4 787//4 454//4
f 454//4 787//4 788//4 455//4
f 455//4 788//4 789//4 456//4
f 456//4 789//4 790//4 457//4
f 457//4 790//4 791//4 458//4
f 458//4 791//4 792//4 459//4
f 459//4 792//4 793//4 460//4
f 460//4 793//4 794//4 461//4
f 461//4 794//4 795//4 462//4
f 462//4 795//4 796//4 463//4
f 463//4 796//4 797//4 464//4
f 464//4 797//4 798//4 465//4
f 465//4 798//4 799//4 466//4
f 466//4 799//4 800//4 467//4
f 467//4 800//4 801//4 468//4
f 468//4 801//4 802//4 469//4
f 469//4 802//4 803//4 470//4
f 470//4 803//4 804//4 471//4
f 471//4 804//4 805//4 472//4
f 472//4 805//4 806//4 473//4
f 473//4 806//4 807//4 474//4
f 474//4 807//4 808//4 475//4
f 475//4 808//4 809//4 476//4
f 476//4 809//4 810//4 477//4
f 477//4 810//4 811//4 478//4
f 478//4 811//4 812//4 479//4
f 479//4 812//4 813//4 480//4
f 480//4 813//4 814//4 481//4
f 481//4 814//4 815//4 482//4
f 482//4 815//4 816//4 483//4
f 483//4 816//4 817//4 484//4
f 484//4 817//4 818//4 485//4
f 485//4 818//4 819//4 486//4
f 488//2 487//2 820//2 821//2
f 486//4 819//4 820//4 487//4
f 489//1 822//1 765//1 432//1
f 489//3 490//3 823//3 822//3
f 490//3 491//3 824//3 823//3
f 491//3 492//3 825//3 824//3
f 492//3 493//3 826//3 825//3
f 493//3 494//3 827//3 826//3
f 494//3 495//3 828//3 827//3
f 495//3 496//3 829//3 828//3
f 496//3 497//3 830//3 829//3
f 497//3 498//3 831//3 830//3
f 498//3 499//3 832//3 831//3
f 499//3 500//3 833//3 832//3
f 500//3 501//3 834//3 833//3
f 501//3 502//3 835//3 834//3
f 502//3 503//3 836//3 835//3
f 503//3 504//3 837//3 836//3
f 504//3 505//3 838//3 837//3
f 505//3 506//3 839//3 838//3
f 506//3 507//3 840//3 839//3
f 507//3 508//3 841//3 840//3
f 508//3 509//3 842//3 841//3
f 509//3 510//3 843//3 842//3
f 510//3 511//3 844//3 843//3
f 511//3 512//3 845//3 844//3
f 512//3 513//3 846//3 845//3
f 513//3 514//3 847//3 846//3
f 514//3 515//3 848//3 847//3
f 515//3 516//3 849//3 848//3
f 516//3 517//3 850//3 849//3
f 517//3 518//3 851//3 850//3
f 518//3 519//3 852//3 851//3
f 519//3 520//3 853//3 852//3
f 520//3 521//3 854//3 853//3
f 521//3 522//3 855//3 854//3
f 522//3 523//3 856//3 855//3
f 523//3 524//3 857//3 856//3
f 524//3 525//3 858//3 857//3
f 525//3 526//3 859//3 858//3
f 526//3 527//3 860//3 859//3
f 527//3 528//3 861//3 860//3
f 528//3 529//3 862//3 861//3
f 529//3 530//3 863//3 862//3
f 530//3 531//3 864//3 863//3
f 531//3 532//3 865//3 864//3
f 532//3 533//3 866//3 865//3
f 533//3 534//3 867//3 866//3
f 534//3 535//3 868//3 867//3
f 535//3 536//3 869//3 868//3
f 536//3 537//3 870//3 869//3
f 537//3 538//3 871//3 870//3
f 538//3 539//3 872//3 871//3
f 539//3 540//3 873//3 872//3
f 540//3 541//3 874//3 873//3
f 541//3 542//3 875//3 874//3
f 543//2 488//2 821//2 876//2
f 542//3 543//3 876//3 875//3
f 765//1 1679//1 1680//1 766//1
f 766//4 1680//4 1681//4 767//4
f 767//4 1681//4 1682//4 768//4
f 768//4 1682//4 1675//4 769//4
f 780//4 1676//4 1683//4 781//4
f 781//4 1683//4 1684//4 782//4
f 782//4 1684//4 1677//4 783//4
f 795//4 1678//4 1685//4 796//4
f 796//4 1685//4 1686//4 797//4
f 797//4 1686//4 1687//4 798//4
f 798//4 1687//4 1688//4 799//4
f 799//4 1688//4 1689//4 800//4
f 800//4 1689//4 1690//4 801//4
f 801//4 1690//4 1691//4 802//4
f 802//4 1691//4 1692//4 803//4
f 803//4 1692//4 1693//4 804//4
f 804//4 1693//4 1694//4 805//4
f 805//4 1694//4 1695//4 806//4
f 806//4 1695//4 1696//4 807//4
f 807//4 1696//4 1697//4 808//4
f 808//4 1697//4 1698//4 809//4
f 809//4 1698//4 1699//4 810//4
f 810//4 1699//4 1700//4 811//4
f 811//4 1700//4 1701//4 812//4
f 812//4 1701//4 1702//4 813//4
f 813//4 1702//4 1703//4 814//4
f 814//4 1703//4 1704//4 815//4
f 815//4 1704//4 1705//4 816//4
f 816//4 1705//4 1706//4 817//4
f 817//4 1706//4 1707//4 818//4
f 818//4 1707//4 1708//4 819//4
f 821//2 820//2 1709//2 1710//2
f 819//4 1708//4 1709//4 820//4
f 822//1 1711//1 1679//1 765//1
f 822//3 823//3 1712//3 1711//3
f 823//3 824//3 1713//3 1712//3
f 824//3 825//3 1714//3 1713//3
f 825//3 826//3 1715//3 1714//3
f 826//3 827//3 1716//3 1715//3
f 827//3 828//3 1717//3 1716//3
f 828//3 829//3 1718//3 1717//3
f 829//3 830//3 1719//3 1718//3
f 830//3 831//3 1720//3 1719//3
f 831//3 832//3 1721//3 1720//3
f 832//3 833//3 1722//3 1721//3
f 833//3 834//3 1723//3 1722//3
f 834//3 835//3 1724//3 1723//3
f 835//3 836//3 1725//3 1724//3
f 836//3 837//3 1726//3 1725//3
f 837//3 838//3 1727//3 1726//3
f 838//3 839//3 1728//3 1727//3
f 839//3 840//3 1729//3 1728//3
f 840//3 841//3 1730//3 1729//3
f 841//3 842//3 1731//3 1730//3
f 842//3 843//3 1732//3 1731//3
f 843//3 844//3 1733//3 1732//3
f 844//3 845//3 1734//3 1733//3
f 845//3 846//3 1735//3 1734//3
f 846//3 847//3 1736//3 1735//3
f 847//3 848//3 1737//3 1736//3
f 848//3 849//3 1738//3 1737//3
f 849//3 850//3 1739//3 1738//3
f 850//3 851//3 1740//3 1739//3
f 851//3 852//3 1741//3 1740//3
f 852//3 853//3 1742//3 1741//3
f 853//3 854//3 1743//3 1742//3
f 854//3 855//3 1744//3 1743//3
f 855//3 856//3 1745//3 1744//3
f 856//3 857//3 1746//3 1745//3
f 857//3 858//3 1747//3 1746//3
f 858//3 859//3 1748//3 1747//3
f 859//3 860//3 1749//3 1748//3
f 860//3 861//3 1750//3 1749//3
f 861//3 862//3 1751//3 1750//3
f 862//3 863//3 1752//3 1751//3
f 863//3 864//3 1753//3 1752//3
f 864//3 865//3 1754//3 1753//3
f 865//3 866//3 1755//3 1754//3
f 866//3 867//3 1756//3 1755//3
f 867//3 868//3 1757//3 1756//3
f 868//3 869//3 1758//3 1757//3
f 869//3 870//3 1759//3 1758//3
f 870//3 871//3 1760//3 1759//3
f 871//3 872//3 1761//3 1760//3
f 872//3 873//3 1762//3 1761//3
f 873//3 874//3 1763//3 1762//3
f 874//3 875//3 1764//3 1763//3
f 876//2 821//2 1710//2 1765//2
f 875//3 876//3 1765//3 1764//3
f 1679//1 2364//1 2365//1 1680//1
f 1680//4 2365//4 2366//4 1681//4
f 1681//4 2366//4 2367//4 1682//4
f 1682//4 2367//4 2341//4 1675//4
f 1676//4 2350//4 2368//4 1683//4
f 1683//4 2368//4 2369//4 1684//4
f 1684//4 2369//4 2351//4 1677//4
f 1678//4 2361//4 2370//4 1685//4
f 1685//4 2370//4 2371//4 1686//4
f 1686//4 2371//4 2372//4 1687//4
f 1687//4 2372//4 2373//4 1688//4
f 1688//4 2373//4 2374//4 1689//4
f 1689//4 2374//4 2362//4 1690//4
f 1703//4 2363//4 2375//4 1704//4
f 1704//4 2375//4 2376//4 1705//4
f 1705//4 2376//4 2377//4 1706//4
f 1706//4 2377//4 2378//4 1707//4
f 1707//4 2378//4 2379//4 1708//4
f 1710//2 1709//2 2380//2 2381//2
f 1708//4 2379//4 2380//4 1709//4
f 1711//1 2382//1 2364//1 1679//1
f 1711//3 1712//3 2383//3 2382//3
f 1712//3 1713//3 2384//3 2383//3
f 1713//3 1714//3 2385//3 2384//3
f 1714//3 1715//3 2386//3 2385//3
f 1715//3 1716//3 2387//3 2386//3
f 1716//3 1717//3 2388//3 2387//3
f 1717//3 1718//3 2389//3 2388//3
f 1718//3 1719//3 2390//3 2389//3
f 1719//3 1720//3 2391//3 2390//3
f 1720//3 1721//3 2392//3 2391//3
f 1721//3 1722//3 2393//3 2392//3
f 1722//3 1723//3 2394//3 2393//3
f 1723//3 1724//3 2395//3 2394//3
f 1724//3 1725//3 2396//3 2395//3
f 1725//3 1726//3 2397//3 2396//3
f 1726//3 1727//3 2398//3 2397//3
f 1727//3 1728//3 2399//3 2398//3
f 1728//3 1729//3 2400//3 2399//3
f 1729//3 1730//3 2401//3 2400//3
f 1730//3 1731//3 2402//3 2401//3
f 1731//3 1732//3 2403//3 2402//3
f 1732//3 1733//3 2404//3 2403//3
f 1733//3 1734//3 2405//3 2404//3
f 1734//3 1735//3 2406//3 2405//3
f 1735//3 1736//3 2407//3 2406//3
f 1736//3 1737//3 2408//3 2407//3
f 1737//3 1738//3 2409//3 2408//3
f 1738//3 1739//3 2410//3 2409//3
f 1739//3 1740//3 2411//3 2410//3
f 1740//3 1741//3 2412//3 2411//3
f 1741//3 1742//3 2413//3 2412//3
f 1742//3 1743//3 2414//3 2413//3
f 1743//3 1744//3 2415//3 2414//3
f 1744//3 1745//3 2416//3 2415//3
f 1745//3 1746//3 2417//3 2416//3
f 1746//3 1747//3 2418//3 2417//3
f 1747//3 1748//3 2419//3 2418//3
f 1748//3 1749//3 2420//3 2419//3
f 1749//3 1750//3 2421//3 2420//3
f 1750//3 1751//3 2422//3 2421//3
f 1751//3 1752//3 2423//3 2422//3
f 1752//3 1753//3 2424//3 2423//3
f 1753//3 1754//3 2425//3 2424//3
f 1754//3 1755//3 2426//3 2425//3
f 1755//3 1756//3 2427//3 2426//3
f 1756//3 1757//3 2428//3 2427//3
f 1757//3 1758//3 2429//3 2428//3
f 1758//3 1759//3 2430//3 2429//3
f 1759//3 1760//3 2431//3 2430//3
f 1760//3 1761//3 2432//3 2431//3
f 1761//3 1762//3 2433//3 2432//3
f 1762//3 1763//3 2434//3 2433//3
f 1763//3 1764//3 2435//3 2434//3
f 1765//2 1710//2 2381//2 2436//2
f 1764//3 1765//3 2436//3 2435//3
f 2364//1 2754//1 2755//1 2365//1
f 2365//4 2755//4 2756//4 2366//4
f 2366//4 2756//4 2757//4 2367//4
f 2367//4 2757//4 2721//4 2341//4
f 2350//4 2730//4 2758//4 2368//4
f 2368//4 2758//4 2759//4 2369//4
f 2369//4 2759//4 2731//4 2351//4
f 2361//4 2741//4 2760//4 2370//4
f 2370//4 2760//4 2761//4 2371//4
f 2371//4 2761//4 2762//4 2372//4
f 2372//4 2762//4 2763//4 2373//4
f 2373//4 2763//4 2764//4 2374//4
f 2374//4 2764//4 2742//4 2362//4
f 2363//4 2753//4 2765//4 2375//4
f 2375//4 2765//4 2766//4 2376//4
f 2376//4 2766//4 2767//4 2377//4
f 2377//4 2767//4 2768//4 2378//4
f 2378//4 2768//4 2769//4 2379//4
f 2381//2 2380//2 2770//2 2771//2
f 2379//4 2769//4 2770//4 2380//4
f 2382//1 2772//1 2754//1 2364//1
f 2382//3 2383//3 2773//3 2772//3
f 2383//3 2384//3 2774//3 2773//3
f 2384//3 2385//3 2775//3 2774//3
f 2385//3 2386//3 2776//3 2775//3
f 2386//3 2387//3 2777//3 2776//3
f 2387//3 2388//3 2778//3 2777//3
f 2388//3 2389//3 2779//3 2778//3
f 2389//3 2390//3 2780//3 2779//3
f 2390//3 2391//3 2781//3 2780//3
f 2391//3 2392//3 2782//3 2781//3
f 2392//3 2393//3 2783//3 2782//3
f 2393//3 2394//3 2784//3 2783//3
f 2394//3 2395//3 2785//3 2784//3
f 2395//3 2396//3 2786//3 2785//3
f 2396//3 2397//3 2787//3 2786//3
f 2397//3 2398//3 2788//3 2787//3
f 2398//3 2399//3 2789//3 2788//3
f 2399//3 2400//3 2790//3 2789//3
f 2400//3 2401//3 2791//3 2790//3
f 2401//3 2402//3 2792//3 2791//3
f 2402//3 2403//3 2793//3 2792//3
f 2403//3 2404//3 2794//3 2793//3
f 2404//3 2405//3 2795//3 2794//3
f 2405//3 2406//3 2796//3 2795//3
f 2406//3 2407//3 2797//3 2796//3
f 2407//3 2408//3 2798//3 2797//3
f 2408//3 2409//3 2799//3 2798//3
f 2409//3 2410//3 2800//3 2799//3
f 2410//3 2411//3 2801//3 2800//3
f 2411//3 2412//3 2802//3 2801//3
f 2412//3 2413//3 2803//3 2802//3
f 2413//3 2414//3 2804//3 2803//3
f 2414//3 2415//3 2805//3 2804//3
f 2415//3 2416//3 2806//3 2805//3
f 2416//3 2417//3 2807//3 2806//3
f 2417//3 2418//3 2808//3 2807//3
f 2418//3 2419//3 2809//3 2808//3
f 2419//3 2420//3 2810//3 2809//3
f 2420//3 2421//3 2811//3 2810//3
f 2421//3 2422//3 2812//3 2811//3
f 2422//3 2423//3 2813//3 2812//3
f 2423//3 2424//3 2814//3 2813//3
f 2424//3 2425//3 2815//3 2814//3
f 2425//3 2426//3 2816//3 2815//3
f 2426//3 2427//3 2817//3 2816//3
f 2427//3 2428//3 2818//3 2817//3
f 2428//3 2429//3 2819//3 2818//3
f 2429//3 2430//3 2820//3 2819//3
f 2430//3 2431//3 2821//3 2820//3
f 2431//3 2432//3 2822//3 2821//3
f 2432//3 2433//3 2823//3 2822//3
f 2433//3 2434//3 2824//3 2823//3
f 2434//3 2435//3 2825//3 2824//3
f 2436//2 2381//2 2771//2 2826//2
f 2435//3 2436//3 2826//3 2825//3
f 2754//1 3146//1 3147//1 2755//1
f 2755//4 3147//4 3148//4 2756//4
f 2756//4 3148//4 3149//4 2757//4
f 2757//4 3149//4 3113//4 2721//4
f 2730//4 3122//4 3150//4 2758//4
f 2758//4 3150//4 3151//4 2759//4
f 2759//4 3151//4 3123//4 2731//4
f 2741//4 3133//4 3152//4 2760//4
f 2760//4 3152//4 3153//4 2761//4
f 2761//4 3153//4 3154//4 2762//4
f 2762//4 3154//4 3155//4 2763//4
f 2763//4 3155//4 3156//4 2764//4
f 2764//4 3156//4 3134//4 2742//4
f 2753//4 3145//4 3157//4 2765//4
f 2765//4 3157//4 3158//4 2766//4
f 2766//4 3158//4 3159//4 2767//4
f 2767//4 3159//4 3160//4 2768//4
f 2768//4 3160//4 3161//4 2769//4
f 2771//2 2770//2 3162//2 3163//2
f 2769//4 3161//4 3162//4 2770//4
f 2772//1 3164//1 3146//1 2754//1
f 2772//3 2773//3 3165//3 3164//3
f 2773//3 2774//3 3166//3 3165//3
f 2774//3 2775//3 3167//3 3166//3
f 2775//3 2776//3 3168//3 3167//3
f 2776//3 2777//3 3169//3 3168//3
f 2777//3 2778//3 3170//3 3169//3
f 2778//3 2779//3 3171//3 3170//3
f 2779//3 2780//3 3172//3 3171//3
f 2780//3 2781//3 3173//3 3172//3
f 2781//3 2782//3 3174//3 3173//3
f 2782//3 2783//3 3175//3 3174//3
f 2783//3 2784//3 3176//3 3175//3
f 2784//3 2785//3 3177//3 3176//3
f 2785//3 2786//3 3178//3 3177//3
f 2786//3 2787//3 3179//3 3178//3
f 2787//3 2788//3 3180//3 3179//3
f 2788//3 2789//3 3181//3 3180//3
f 2789//3 2790//3 3182//3 3181//3
f 2790//3 2791//3 3183//3 3182//3
f 2791//3 2792//3 3184//3 3183//3
f 2792//3 2793//3 3185//3 3184//3
f 2793//3 2794//3 3186//3 3185//3
f 2794//3 2795//3 3187//3 3186//3
f 2795//3 2796//3 3188//3 3187//3
f 2796//3 2797//3 3189//3 3188//3
f 2797//3 2798//3 3190//3 3189//3
f 2798//3 2799//3 3191//3 3190//3
f 2799//3 2800//3 3192//3 3191//3
f 2800//3 2801//3 3193//3 3192//3
f 2801//3 2802//3 3194//3 3193//3
f 2802//3 2803//3 3195//3 3194//3
f 2803//3 2804//3 3196//3 3195//3
f 2804//3 2805//3 3197//3 3196//3
f 2805//3 2806//3 3198//3 3197//3
f 2806//3 2807//3 3199//3 3198//3
f 2807//3 2808//3 3200//3 3199//3
f 2808//3 2809//3 3201//3 3200//3
f 2809//3 2810//3 3202//3 3201//3
f 2810//3 2811//3 3203//3 3202//3
f 2811//3 2812//3 3204//3 3203//3
f 2812//3 2813//3 3205//3 3204//3
f 2813//3 2814//3 3206//3 3205//3
f 2814//3 2815//3 3207//3 3206//3
f 2815//3 2816//3 3208//3 3207//3
f 2816//3 2817//3 3209//3 3208//3
f 2817//3 2818//3 3210//3 3209//3
f 2818//3 2819//3 3211//3 3210//3
f 2819//3 2820//3 3212//3 3211//3
f 2820//3 2821//3 3213//3 3212//3
f 2821//3 2822//3 3214//3 3213//3
f 2822//3 2823//3 3215//3 3214//3
f 2823//3 2824//3 3216//3 3215//3
f 2824//3 2825//3 3217//3 3216//3
f 2826//2 2771//2 3163//2 3218//2
f 2825//3 2826//3 3218//3 3217//3
f 3146//1 3531//1 3532//1 3147//1
f 3147//4 3532//4 3533//4 3148//4
f 3148//4 3533//4 3534//4 3149//4
f 3149//4 3534//4 3498//4 3113//4
f 3122//4 3507//4 3535//4 3150//4
f 3150//4 3535//4 3536//4 3151//4
f 3151//4 3536//4 3508//4 3123//4
f 3133//4 3518//4 3537//4 3152//4
f 3152//4 3537//4 3538//4 3153//4
f 3153//4 3538//4 3539//4 3154//4
f 3154//4 3539//4 3540//4 3155//4
f 3155//4 3540//4 3541//4 3156//4
f 3156//4 3541//4 3519//4 3134//4
f 3145//4 3530//4 3542//4 3157//4
f 3157//4 3542//4 3543//4 3158//4
f 3158//4 3543//4 3544//4 3159//4
f 3159//4 3544//4 3545//4 3160//4
f 3160//4 3545//4 3546//4 3161//4
f 3163//2 3162//2 3547//2 3548//2
f 3161//4 3546//4 3547//4 3162//4
f 3164//1 3549//1 3531//1 3146//1
f 3164//3 3165//3 3550//3 3549//3
f 3165//3 3166//3 3551//3 3550//3
f 3166//3 3167//3 3552//3 3551//3
f 3167//3 3168//3 3553//3 3552//3
f 3168//3 3169//3 3554//3 3553//3
f 3169//3 3170//3 3555//3 3554//3
f 3170//3 3171//3 3556//3 3555//3
f 3171//3 3172//3 3557//3 3556//3
f 3172//3 3173//3 3558//3 3557//3
f 3173//3 3174//3 3559//3 3558//3
f 3174//3 3175//3 3560//3 3559//3
f 3175//3 3176//3 3561//3 3560//3
f 3176//3 3177//3 3562//3 3561//3
f 3177//3 3178//3 3563//3 3562//3
f 3178//3 3179//3 3564//3 3563//3
f 3179//3 3180//3 3565//3 3564//3
f 3180//3 3181//3 3566//3 3565//3
f 3181//3 3182//3 3567//3 3566//3
f 3182//3 3183//3 3568//3 3567//3
f 3183//3 3184//3 3569//3 3568//3
f 3184//3 3185//3 3570//3 3569//3
f 3185//3 3186//3 3571//3 3570//3
f 3186//3 3187//3 3572//3 3571//3
f 3187//3 3188//3 3573//3 3572//3
f 3188//3 3189//3 3574//3 3573//3
f 3189//3 3190//3 3575//3 3574//3
f 3190//3 3191//3 3576//3 3575//3
f 3191//3 3192//3 3577//3 3576//3
f 3192//3 3193//3 3578//3 3577//3
f 3193//3 3194//3 3579//3 3578//3
f 3194//3 3195//3 3580//3 3579//3
f 3195//3 3196//3 3581//3 3580//3
f 3196//3 3197//3 3582//3 3581//3
f 3197//3 3198//3 3583//3 3582//3
f 3198//3 3199//3 3584//3 3583//3
f 3199//3 3200//3 3585//3 3584//3
f 3200//3 3201//3 3586//3 3585//3
f 3201//3 3202//3 3587//3 3586//3
f 3202//3 3203//3 3588//3 3587//3
f 3203//3 3204//3 3589//3 3588//3
f 3204//3 3205//3 3590//3 3589//3
f 3205//3 3206//3 3591//3 3590//3
f 3206//3 3207//3 3592//3 3591//3
f 3207//3 3208//3 3593//3 3592//3
f 3208//3 3209//3 3594//3 3593//3
f 3209//3 3210//3 3595//3 3594//3
f 3210//3 3211//3 3596//3 3595//3
f 3211//3 3212//3 3597//3 3596//3
f 3212//3 3213//3 3598//3 3597//3
f 3213//3 3214//3 3599//3 3598//3
f 3214//3 3215//3 3600//3 3599//3
f 3215//3 3216//3 3601//3 3600//3
f 3216//3 3217//3 3602//3 3601//3
f 3218//2 3163//2 3548//2 3603//2
f 3217//3 3218//3 3603//3 3602//3
f 3531//1 3916//1 3917//1 3532//1
f 3532//4 3917//4 3918//4 3533//4
f 3533//4 3918//4 3919//4 3534//4
f 3534//4 3919//4 3883//4 3498//4
f 3507//4 3892//4 3920//4 3535//4
f 3535//4 3920//4 3921//4 3536//4
f 3536//4 3921//4 3893//4 3508//4
f 3518//4 3903//4 3922//4 3537//4
f 3537//4 3922//4 3923//4 3538//4
f 3538//4 3923//4 3924//4 3539//4
f 3539//4 3924//4 3925//4 3540//4
f 3540//4 3925//4 3926//4 3541//4
f 3541//4 3926//4 3904//4 3519//4
f 3530//4 3915//4 3927//4 3542//4
f 3542//4 3927//4 3928//4 3543//4
f 3543//4 3928//4 3929//4 3544//4
f 3544//4 3929//4 3930//4 3545//4
f 3545//4 3930//4 3931//4 3546//4
f 3548//2 3547//2 3932//2 3933//2
f 3546//4 3931//4 3932//4 3547//4
f 3549//1 3934//1 3916//1 3531//1
f 3549//3 3550//3 3935//3 3934//3
f 3550//3 3551//3 3936//3 3935//3
f 3551//3 3552//3 3937//3 3936//3
f 3552//3 3553//3 3938//3 3937//3
f 3553//3 3554//3 3939//3 3938//3
f 3554//3 3555//3 3940//3 3939//3
f 3555//3 3556//3 3941//3 3940//3
f 3556//3 3557//3 3942//3 3941//3
f 3557//3 3558//3 3943//3 3942//3
f 3558//3 3559//3 3944//3 3943//3
f 3559//3 3560//3 3945//3 3944//3
f 3560//3 3561//3 3946//3 3945//3
f 3561//3 3562//3 3947//3 3946//3
f 3562//3 3563//3 3948//3 3947//3
f 3563//3 3564//3 3949//3 3948//3
f 3564//3 3565//3 3950//3 3949//3
f 3565//3 3566//3 3951//3 3950//3
f 3566//3 3567//3 3952//3 3951//3
f 3567//3 3568//3 3953//3 3952//3
f 3568//3 3569//3 3954//3 3953//3
f 3569//3 3570//3 3955//3 3954//3
f 3570//3 3571//3 3956//3 3955//3
f 3571//3 3572//3 3957//3 3956//3
f 3572//3 3573//3 3958//3 3957//3
f 3573//3 3574//3 3959//3 3958//3
f 3574//3 3575//3 3960//3 3959//3
f 3575//3 3576//3 3961//3 3960//3
f 3576//3 3577//3 3962//3 3961//3
f 3577//3 3578//3 3963//3 3962//3
f 3578//3 3579//3 3964//3 3963//3
f 3579//3 3580//3 3965//3 3964//3
f 3580//3 3581//3 3966//3 3965//3
f 3581//3 3582//3 3967//3 3966//3
f 3582//3 3583//3 3968//3 3967//3
f 3583//3 3584//3 3969//3 3968//3
f 3584//3 3585//3 3970//3 3969//3
f 3585//3 3586//3 3971//3 3970//3
f 3586//3 3587//3 3972//3 3971//3
f 3587//3 3588//3 3973//3 3972//3
f 3588//3 3589//3 3974//3 3973//3
f 3589//3 3590//3 3975//3 3974//3
f 3590//3 3591//3 3976//3 3975//3
f 3591//3 3592//3 3977//3 3976//3
f 3592//3 3593//3 3978//3 3977//3
f 3593//3 3594//3 3979//3 3978//3
f 3594//3 3595//3 3980//3 3979//3
f 3595//3 3596//3 3981//3 3980//3
f 3596//3 3597//3 3982//3 3981//3
f 3597//3 3598//3 3983//3 3982//3
f 3598//3 3599//3 3984//3 3983//3
f 3599//3 3600//3 3985//3 3984//3
f 3600//3 3601//3 3986//3 3985//3
f 3601//3 3602//3 3987//3 3986//3
f 3603//2 3548//2 3933//2 3988//2
f 3602//3 3603//3 3988//3 3987//3
f 3916//1 4302//1 4303//1 3917//1
f 3917//4 4303//4 4304//4 3918//4
f 3918//4 4304//4 4305//4 3919//4
f 3919//4 4305//4 4269//4 3883//4
f 3892//4 4278//4 4306//4 3920//4
f 3920//4 4306//4 4307//4 3921//4
f 3921//4 4307//4 4279//4 3893//4
f 3903//4 4289//4 4308//4 3922//4
f 3922//4 4308//4 4309//4 3923//4
f 3923//4 4309//4 4310//4 3924//4
f 3924//4 4310//4 4311//4 3925//4
f 3925//4 4311//4 4312//4 3926//4
f 3926//4 4312//4 4290//4 3904//4
f 3915//4 4301//4 4313//4 3927//4
f 3927//4 4313//4 4314//4 3928//4
f 3928//4 4314//4 4315//4 3929//4
f 3929//4 4315//4 4316//4 3930//4
f 3930//4 4316//4 4317//4 3931//4
f 3933//2 3932//2 4318//2 4319//2
f 3931//4 4317//4 4318//4 3932//4
f 3934//1 4320//1 4302//1 3916//1
f 3934//3 3935//3 4321//3 4320//3
f 3935//3 3936//3 4322//3 4321//3
f 3936//3 3937//3 4323//3 4322//3
f 3937//3 3938//3 4324//3 4323//3
f 3938//3 3939//3 4325//3 4324//3
f 3939//3 3940//3 4326//3 4325//3
f 3940//3 3941//3 4327//3 4326//3
f 3941//3 3942//3 4328//3 4327//3
f 3942//3 3943//3 4329//3 4328//3
f 3943//3 3944//3 4330//3 4329//3
f 3944//3 3945//3 4331//3 4330//3
f 3945//3 3946//3 4332//3 4331//3
f 3946//3 3947//3 4333//3 4332//3
f 3947//3 3948//3 4334//3 4333//3
f 3948//3 3949//3 4335//3 4334//3
f 3949//3 3950//3 4336//3 4335//3
f 3950//3 3951//3 4337//3 4336//3
f 3951//3 3952//3 4338//3 4337//3
f 3952//3 3953//3 4339//3 4338//3
f 3953//3 3954//3 4340//3 4339//3
f 3954//3 3955//3 4341//3 4340//3
f 3955//3 3956//3 4342//3 4341//3
f 3956//3 3957//3 4343//3 4342//3
f 3957//3 3958//3 4344//3 4343//3
f 3958//3 3959//3 4345//3 4344//3
f 3959//3 3960//3 4346//3 4345//3
f 3960//3 3961//3 4347//3 4346//3
f 3961//3 3962//3 4348//3 4347//3
f 3962//3 3963//3 4349//3 4348//3
f 3963//3 3964//3 4350//3 4349//3
f 3964//3 3965//3 4351//3 4350//3
f 3965//3 3966//3 4352//3 4351//3
f 3966//3 3967//3 4353//3 4352//3
f 3967//3 3968//3 4354//3 4353//3
f 3968//3 3969//3 4355//3 4354//3
f 3969//3 3970//3 4356//3 4355//3
f 3970//3 3971//3 4357//3 4356//3
f 3971//3 3972//3 4358//3 4357//3
f 3972//3 3973//3 4359//3 4358//3
f 3973//3 3974//3 4360//3 4359//3
f 3974//3 3975//3 4361//3 4360//3
f 3975//3 3976//3 4362//3 4361//3
f 3976//3 3977//3 4363//3 4362//3
f 3977//3 3978//3 4364//3 4363//3
f 3978//3 3979//3 4365//3 4364//3
f 3979//3 3980//3 4366//3 4365//3
f 3980//3 3981//3 4367//3 4366//3
f 3981//3 3982//3 4368//3 4367//3
f 3982//3 3983//3 4369//3 4368//3
f 3983//3 3984//3 4370//3 4369//3
f 3984//3 3985//3 4371//3 4370//3
f 3985//3 3986//3 4372//3 4371//3
f 3986//3 3987//3 4373//3 4372//3
f 3988//2 3933//2 4319//2 4374//2
f 3987//3 3988//3 4374//3 4373//3
f 4302//1 4681//1 4682//1 4303//1
f 4303//4 4682//4 4683//4 4304//4
f 4304//4 4683//4 4684//4 4305//4
f 4305//4 4684//4 4648//4 4269//4
f 4278//4 4657//4 4685//4 4306//4
f 4306//4 4685//4 4686//4 4307//4
f 4307//4 4686//4 4658//4 4279//4
f 4289//4 4668//4 4687//4 4308//4
f 4308//4 4687//4 4688//4 4309//4
f 4309//4 4688//4 4689//4 4310//4
f 4310//4 4689//4 4690//4 4311//4
f 4311//4 4690//4 4691//4 4312//4
f 4312//4 4691//4 4669//4 4290//4
f 4301//4 4680//4 4692//4 4313//4
f 4313//4 4692//4 4693//4 4314//4
f 4314//4 4693//4 4694//4 4315//4
f 4315//4 4694//4 4695//4 4316//4
f 4316//4 4695//4 4696//4 4317//4
f 4319//2 4318//2 4697//2 4698//2
f 4317//4 4696//4 4697//4 4318//4
f 4320//1 4699//1 4681//1 4302//1
f 4320//3 4321//3 4700//3 4699//3
f 4321//3 4322//3 4701//3 4700//3
f 4322//3 4323//3 4702//3 4701//3
f 4323//3 4324//3 4703//3 4702//3
f 4324//3 4325//3 4704//3 4703//3
f 4325//3 4326//3 4705//3 4704//3
f 4326//3 4327//3 4706//3 4705//3
f 4327//3 4328//3 4707//3 4706//3
f 4328//3 4329//3 4708//3 4707//3
f 4329//3 4330//3 4709//3 4708//3
f 4330//3 4331//3 4710//3 4709//3
f 4331//3 4332//3 4711//3 4710//3
f 4332//3 4333//3 4712//3 4711//3
f 4333//3 4334//3 4713//3 4712//3
f 4334//3 4335//3 4714//3 4713//3
f 4335//3 4336//3 4715//3 4714//3
f 4336//3 4337//3 4716//3 4715//3
f 4337//3 4338//3 4717//3 4716//3
f 4338//3 4339//3 4718//3 4717//3
f 4339//3 4340//3 4719//3 4718//3
f 4340//3 4341//3 4720//3 4719//3
f 4341//3 4342//3 4721//3 4720//3
f 4342//3 4343//3 4722//3 4721//3
f 4343//3 4344//3 4723//3 4722//3
f 4344//3 4345//3 4724//3 4723//3
f 4345//3 4346//3 4725//3 4724//3
f 4346//3 4347//3 4726//3 4725//3
f 4347//3 4348//3 4727//3 4726//3
f 4348//3 4349//3 4728//3 4727//3
f 4349//3 4350//3 4729//3 4728//3
f 4350//3 4351//3 4730//3 4729//3
f 4351//3 4352//3 4731//3 4730//3
f 4352//3 4353//3 4732//3 4731//3
f 4353//3 4354//3 4733//3 4732//3
f 4354//3 4355//3 4734//3 4733//3
f 4355//3 4356//3 4735//3 4734//3
f 4356//3 4357//3 4736//3 4735//3
f 4357//3 4358//3 4737//3 4736//3
f 4358//3 4359//3 4738//3 4737//3
f 4359//3 4360//3 4739//3 4738//3
f 4360//3 4361//3 4740//3 4739//3
f 4361//3 4362//3 4741//3 4740//3
f 4362//3 4363//3 4742//3 4741//3
f 4363//3 4364//3 4743//3 4742//3
f 4364//3 4365//3 4744//3 4743//3
f 4365//3 4366//3 4745//3 4744//3
f 4366//3 4367//3 4746//3 4745//3
f 4367//3 4368//3 4747//3 4746//3
f 4368//3 4369//3 4748//3 4747//3
f 4369//3 4370//3 4749//3 4748//3
f 4370//3 4371//3 4750//3 4749//3
f 4371//3 4372//3 4751//3 4750//3
f 4372//3 4373//3 4752//3 4751//3
f 4374//2 4319//2 4698//2 4753//2
f 4373//3 4374//3 4753//3 4752//3
f 4681//1 5043//1 5044//1 4682//1
f 4682//4 5044//4 5045//4 4683//4
f 4683//4 5045//4 5046//4 4684//4
f 4684//4 5046//4 5010//4 4648//4
f 4657//4 5019//4 5047//4 4685//4
f 4685//4 5047//4 5048//4 4686//4
f 4686//4 5048//4 5020//4 4658//4
f 4668//4 5030//4 5049//4 4687//4
f 4687//4 5049//4 5050//4 4688//4
f 4688//4 5050//4 5051//4 4689//4
f 4689//4 5051//4 5052//4 4690//4
f 4690//4 5052//4 5053//4 4691//4
f 4691//4 5053//4 5031//4 4669//4
f 4680//4 5042//4 5054//4 4692//4
f 4692//4 5054//4 5055//4 4693//4
f 4693//4 5055//4 5056//4 4694//4
f 4694//4 5056//4 5057//4 4695//4
f 4695//4 5057//4 5058//4 4696//4
f 4698//2 4697//2 5059//2 5060//2
f 4696//4 5058//4 5059//4 4697//4
f 4699//1 5061//1 5043//1 4681//1
f 4699//3 4700//3 5062//3 5061//3
f 4700//3 4701//3 5063//3 5062//3
f 4701//3 4702//3 5064//3 5063//3
f 4702//3 4703//3 5065//3 5064//3
f 4703//3 4704//3 5066//3 5065//3
f 4704//3 4705//3 5067//3 5066//3
f 4705//3 4706//3 5068//3 5067//3
f 4706//3 4707//3 5069//3 5068//3
f 4707//3 4708//3 5070//3 5069//3
f 4708//3 4709//3 5071//3 5070//3
f 4709//3 4710//3 5072//3 5071//3
f 4710//3 4711//3 5073//3 5072//3
f 4711//3 4712//3 5074//3 5073//3
f 4712//3 4713//3 5075//3 5074//3
f 4713//3 4714//3 5076//3 5075//3
f 4714//3 4715//3 5077//3 5076//3
f 4715//3 4716//3 5078//3 5077//3
f 4716//3 4717//3 5079//3 5078//3
f 4717//3 4718//3 5080//3 5079//3
f 4718//3 4719//3 5081//3 5080//3
f 4719//3 4720//3 5082//3 5081//3
f 4720//3 4721//3 5083//3 5082//3
f 4721//3 4722//3 5084//3 5083//3
f 4722//3 4723//3 5085//3 5084//3
f 4723//3 4724//3 5086//3 5085//3
f 4724//3 4725//3 5087//3 5086//3
f 4725//3 4726//3 5088//3 5087//3
f 4726//3 4727//3 5089//3 5088//3
f 4727//3 4728//3 5090//3 5089//3
f 4728//3 4729//3 5091//3 5090//3
f 4729//3 4730//3 5092//3 5091//3
f 4730//3 4731//3 5093//3 5092//3
f 4731//3 4732//3 5094//3 5093//3
f 4732//3 4733//3 5095//3 5094//3
f 4733//3 4734//3 5096//3 5095//3
f 4734//3 4735//3 5097//3 5096//3
f 4735//3 4736//3 5098//3 5097//3
f 4736//3 4737//3 5099//3 5098//3
f 4737//3 4738//3 5100//3 5099//3
f 4738//3 4739//3 5101//3 5100//3
f 4739//3 4740//3 5102//3 5101//3
f 4740//3 4741//3 5103//3 5102//3
f 4741//3 4742//3 5104//3 5103//3
f 4742//3 4743//3 5105//3 5104//3
f 4743//3 4744//3 5106//3 5105//3
f 4744//3 4745//3 5107//3 5106//3
f 4745//3 4746//3 5108//3 5107//3
f 4746//3 4747//3 5109//3 5108//3
f 4747//3 4748//3 5110//3 5109//3
f 4748//3 4749//3 5111//3 5110//3
f 4749//3 4750//3 5112//3 5111//3
f 4750//3 4751//3 5113//3 5112//3
f 4751//3 4752//3 5114//3 5113//3
f 4753//2 4698//2 5060//2 5115//2
f 4752//3 4753//3 5115//3 5114//3
f 5043//1 5406//1 5407//1 5044//1
f 5044//4 5407//4 5408//4 5045//4
f 5045//4 5408//4 5409//4 5046//4
f 5046//4 5409//4 5373//4 5010//4
f 5019//4 5382//4 5410//4 5047//4
f 5047//4 5410//4 5411//4 5048//4
f 5048//4 5411//4 5383//4 5020//4
f 5030//4 5393//4 5412//4 5049//4
f 5049//4 5412//4 5413//4 5050//4
f 5050//4 5413//4 5414//4 5051//4
f 5051//4 5414//4 5415//4 5052//4
f 5052//4 5415//4 5416//4 5053//4
f 5053//4 5416//4 5394//4 5031//4
f 5042//4 5405//4 5417//4 5054//4
f 5054//4 5417//4 5418//4 5055//4
f 5055//4 5418//4 5419//4 5056//4
f 5056//4 5419//4 5420//4 5057//4
f 5057//4 5420//4 5421//4 5058//4
f 5060//2 5059//2 5422//2 5423//2
f 5058//4 5421//4 5422//4 5059//4
f 5061//1 5424//1 5406//1 5043//1
f 5061//3 5062//3 5425//3 5424//3
f 5062//3 5063//3 5426//3 5425//3
f 5063//3 5064//3 5427//3 5426//3
f 5064//3 5065//3 5428//3 5427//3
f 5065//3 5066//3 5429//3 5428//3
f 5066//3 5067//3 5430//3 5429//3
f 5067//3 5068//3 5431//3 5430//3
f 5068//3 5069//3 5432//3 5431//3
f 5069//3 5070//3 5433//3 5432//3
f 5070//3 5071//3 5434//3 5433//3
f 5071//3 5072//3 5435//3 5434//3
f 5072//3 5073//3 5436//3 5435//3
f 5073//3 5074//3 5437//3 5436//3
f 5074//3 5075//3 5438//3 5437//3
f 5075//3 5076//3 5439//3 5438//3
f 5076//3 5077//3 5440//3 5439//3
f 5077//3 5078//3 5441//3 5440//3
f 5078//3 5079//3 5442//3 5441//3
f 5079//3 5080//3 5443//3 5442//3
f 5080//3 5081//3 5444//3 5443//3
f 5081//3 5082//3 5445//3 5444//3
f 5082//3 5083//3 5446//3 5445//3
f 5083//3 5084//3 5447//3 5446//3
f 5084//3 5085//3 5448//3 5447//3
f 5085//3 5086//3 5449//3 5448//3
f 5086//3 5087//3 5450//3 5449//3
f 5087//3 5088//3 5451//3 5450//3
f 5088//3 5089//3 5452//3 5451//3
f 5089//3 5090//3 5453//3 5452//3
f 5090//3 5091//3 5454//3 5453//3
f 5091//3 5092//3 5455//3 5454//3
f 5092//3 5093//3 5456//3 5455//3
f 5093//3 5094//3 5457//3 5456//3
f 5094//3 5095//3 5458//3 5457//3
f 5095//3 5096//3 5459//3 5458//3
f 5096//3 5097//3 5460//3 5459//3
f 5097//3 5098//3 5461//3 5460//3
f 5098//3 5099//3 5462//3 5461//3
f 5099//3 5100//3 5463//3 5462//3
f 5100//3 5101//3 5464//3 5463//3
f 5101//3 5102//3 5465//3 5464//3
f 5102//3 5103//3 5466//3 5465//3
f 5103//3 5104//3 5467//3 5466//3
f 5104//3 5105//3 5468//3 5467//3
f 5105//3 5106//3 5469//3 5468//3
f 5106//3 5107//3 5470//3 5469//3
f 5107//3 5108//3 5471//3 5470//3
f 5108//3 5109//3 5472//3 5471//3
f 5109//3 5110//3 5473//3 5472//3
f 5110//3 5111//3 5474//3 5473//3
f 5111//3 5112//3 5475//3 5474//3
f 5112//3 5113//3 5476//3 5475//3
f 5113//3 5114//3 5477//3 5476//3
f 5115//2 5060//2 5423//2 5478//2
f 5114//3 5115//3 5478//3 5477//3
f 5406//1 5745//1 5746//1 5407//1
f 5407//4 5746//4 5747//4 5408//4
f 5408//4 5747//4 5748//4 5409//4
f 5409//4 5748//4 5712//4 5373//4
f 5382//4 5721//4 5749//4 5410//4
f 5410//4 5749//4 5750//4 5411//4
f 5411//4 5750//4 5722//4 5383//4
f 5393//4 5732//4 5751//4 5412//4
f 5412//4 5751//4 5752//4 5413//4
f 5413//4 5752//4 5753//4 5414//4
f 5414//4 5753//4 5754//4 5415//4
f 5415//4 5754//4 5755//4 5416//4
f 5416//4 5755//4 5733//4 5394//4
f 5405//4 5744//4 5756//4 5417//4
f 5417//4 5756//4 5757//4 5418//4
f 5418//4 5757//4 5758//4 5419//4
f 5419//4 5758//4 5759//4 5420//4
f 5420//4 5759//4 5760//4 5421//4
f 5423//2 5422//2 5761//2 5762//2
f 5421//4 5760//4 5761//4 5422//4
f 5424//1 5763//1 5745//1 5406//1
f 5424//3 5425//3 5764//3 5763//3
f 5425//3 5426//3 5765//3 5764//3
f 5426//3 5427//3 5766//3 5765//3
f 5427//3 5428//3 5767//3 5766//3
f 5428//3 5429//3 5768//3 5767//3
f 5429//3 5430//3 5769//3 5768//3
f 5430//3 5431//3 5770//3 5769//3
f 5431//3 5432//3 5771//3 5770//3
f 5432//3 5433//3 5772//3 5771//3
f 5433//3 5434//3 5773//3 5772//3
f 5434//3 5435//3 5774//3 5773//3
f 5435//3 5436//3 5775//3 5774//3
f 5436//3 5437//3 5776//3 5775//3
f 5437//3 5438//3 5777//3 5776//3
f 5438//3 5439//3 5778//3 5777//3
f 5439//3 5440//3 5779//3 5778//3
f 5440//3 5441//3 5780//3 5779//3
f 5441//3 5442//3 5781//3 5780//3
f 5442//3 5443//3 5782//3 5781//3
f 5443//3 5444//3 5783//3 5782//3
f 5444//3 5445//3 5784//3 5783//3
f 5445//3 5446//3 5785//3 5784//3
f 5446//3 5447//3 5786//3 5785//3
f 5447//3 5448//3 5787//3 5786//3
f 5448//3 5449//3 5788//3 5787//3
f 5449//3 5450//3 5789//3 5788//3
f 5450//3 5451//3 5790//3 5789//3
f 5451//3 5452//3 5791//3 5790//3
f 5452//3 5453//3 5792//3 5791//3
f 5453//3 5454//3 5793//3 5792//3
f 5454//3 5455//3 5794//3 5793//3
f 5455//3 5456//3 5795//3 5794//3
f 5456//3 5457//3 5796//3 5795//3
f 5457//3 5458//3 5797//3 5796//3
f 5458//3 5459//3 5798//3 5797//3
f 5459//3 5460//3 5799//3 5798//3
f 5460//3 5461//3 5800//3 5799//3
f 5461//3 5462//3 5801//3 5800//3
f 5462//3 5463//3 5802//3 5801//3
f 5463//3 5464//3 5803//3 5802//3
f 5464//3 5465//3 5804//3 5803//3
f 5465//3 5466//3 5805//3 5804//3
f 5466//3 5467//3 5806//3 5805//3
f 5467//3 5468//3 5807//3 5806//3
f 5468//3 5469//3 5808//3 5807//3
f 5469//3 5470//3 5809//3 5808//3
f 5470//3 5471//3 5810//3 5809//3
f 5471//3 5472//3 5811//3 5810//3
f 5472//3 5473//3 5812//3 5811//3
f 5473//3 5474//3 5813//3 5812//3
f 5474//3 5475//3 5814//3 5813//3
f 5475//3 5476//3 5815//3 5814//3
f 5476//3 5477//3 5816//3 5815//3
f 5478//2 5423//2 5762//2 5817//2
f 5477//3 5478//3 5817//3 5816//3
f 5745//1 6469//1 6470//1 5746//1
f 5746//4 6470//4 6471//4 5747//4
f 5747//4 6471//4 6472//4 5748//4
f 5748//4 6472//4 6428//4 5712//4
f 5721//4 6441//4 6473//4 5749//4
f 5749//4 6473//4 6474//4 5750//4
f 5750//4 6474//4 6442//4 5722//4
f 5732//4 6456//4 6475//4 5751//4
f 5751//4 6475//4 6476//4 5752//4
f 5752//4 6476//4 6477//4 5753//4
f 5753//4 6477//4 6478//4 5754//4
f 5754//4 6478//4 6479//4 5755//4
f 5755//4 6479//4 6457//4 5733//4
f 5744//4 6468//4 6480//4 5756//4
f 5756//4 6480//4 6481//4 5757//4
f 5757//4 6481//4 6482//4 5758//4
f 5758//4 6482//4 6483//4 5759//4
f 5759//4 6483//4 6484//4 5760//4
f 5762//2 5761//2 6485//2 6486//2
f 5760//4 6484//4 6485//4 5761//4
f 5763//1 6487//1 6469//1 5745//1
f 5763//3 5764//3 6488//3 6487//3
f 5764//3 5765//3 6489//3 6488//3
f 5765//3 5766//3 6490//3 6489//3
f 5766//3 5767//3 6491//3 6490//3
f 5767//3 5768//3 6492//3 6491//3
f 5768//3 5769//3 6493//3 6492//3
f 5769//3 5770//3 6494//3 6493//3
f 5770//3 5771//3 6495//3 6494//3
f 5771//3 5772//3 6496//3 6495//3
f 5772//3 5773//3 6497//3 6496//3
f 5773//3 5774//3 6498//3 6497//3
f 5774//3 5775//3 6499//3 6498//3
f 5775//3 5776//3 6500//3 6499//3
f 5776//3 5777//3 6501//3 6500//3
f 5777//3 5778//3 6502//3 6501//3
f 5778//3 5779//3 6503//3 6502//3
f 5779//3 5780//3 6504//3 6503//3
f 5780//3 5781//3 6505//3 6504//3
f 5781//3 5782//3 6506//3 6505//3
f 5782//3 5783//3 6507//3 6506//3
f 5783//3 5784//3 6508//3 6507//3
f 5784//3 5785//3 6509//3 6508//3
f 5785//3 5786//3 6510//3 6509//3
f 5786//3 5787//3 6511//3 6510//3
f 5787//3 5788//3 6512//3 6511//3
f 5788//3 5789//3 6513//3 6512//3
f 5789//3 5790//3 6514//3 6513//3
f 5790//3 5791//3 6515//3 6514//3
f 5791//3 5792//3 6516//3 6515//3
f 5792//3 5793//3 6517//3 6516//3
f 5793//3 5794//3 6518//3 6517//3
f 5794//3 5795//3 6519//3 6518//3
f 5795//3 5796//3 6520//3 6519//3
f 5796//3 5797//3 6521//3 6520//3
f 5797//3 5798//3 6522//3 6521//3
f 5798//3 5799//3 6523//3 6522//3
f 5799//3 5800//3 6524//3 6523//3
f 5800//3 5801//3 6525//3 6524//3
f 5801//3 5802//3 6526//3 6525//3
f 5802//3 5803//3 6527//3 6526//3
f 5803//3 5804//3 6528//3 6527//3
f 5804//3 5805//3 6529//3 6528//3
f 5805//3 5806//3 6530//3 6529//3
f 5806//3 5807//3 6531//3 6530//3
f 5807//3 5808//3 6532//3 6531//3
f 5808//3 5809//3 6533//3 6532//3
f 5809//3 5810//3 6534//3 6533//3
f 5810//3 5811//3 6535//3 6534//3
f 5811//3 5812//3 6536//3 6535//3
f 5812//3 5813//3 6537//3 6536//3
f 5813//3 5814//3 6538//3 6537//3
f 5814//3 5815//3 6539//3 6538//3
f 5815//3 5816//3 6540//3 6539//3
f 5817//2 5762//2 6486//2 6541//2
f 5816//3 5817//3 6541//3 6540//3
f 6469//1 6717//1 6718//1 6470//1
f 6470//4 6718//4 6719//4 6471//4
f 6471//4 6719//4 6720//4 6472//4
f 6472//4 6720//4 6721//4 6428//4
f 6428//4 6721//4 6722//4 6429//4
f 6429//4 6722//4 6723//4 6430//4
f 6430//4 6723//4 6724//4 6431//4
f 6431//4 6724//4 6725//4 6432//4
f 6432//4 6725//4 6726//4 6434//4
f 6434//4 6726//4 6727//4 6436//4
f 6436//4 6727//4 6728//4 6437//4
f 6437//4 6728//4 6729//4 6438//4
f 6438//4 6729//4 6730//4 6439//4
f 6439//4 6730//4 6731//4 6440//4
f 6440//4 6731//4 6732//4 6441//4
f 6441//4 6732//4 6733//4 6473//4
f 6473//4 6733//4 6734//4 6474//4
f 6474//4 6734//4 6735//4 6442//4
f 6442//4 6735//4 6736//4 6443//4
f 6443//4 6736//4 6737//4 6444//4
f 6444//4 6737//4 6738//4 6445//4
f 6445//4 6738//4 6739//4 6446//4
f 6446//4 6739//4 6740//4 6448//4
f 6448//4 6740//4 6741//4 6450//4
f 6450//4 6741//4 6742//4 6451//4
f 6451//4 6742//4 6743//4 6452//4
f 6452//4 6743//4 6744//4 6453//4
f 6453//4 6744//4 6745//4 6454//4
f 6454//4 6745//4 6746//4 6455//4
f 6455//4 6746//4 6747//4 6456//4
f 6456//4 6747//4 6748//4 6475//4
f 6475//4 6748//4 6749//4 6476//4
f 6476//4 6749//4 6750//4 6477//4
f 6477//4 6750//4 6751//4 6478//4
f 6478//4 6751//4 6752//4 6479//4
f 6479//4 6752//4 6705//4 6457//4
f 6468//4 6716//4 6753//4 6480//4
f 6480//4 6753//4 6754//4 6481//4
f 6481//4 6754//4 6755//4 6482//4
f 6482//4 6755//4 6756//4 6483//4
f 6483//4 6756//4 6757//4 6484//4
f 6486//2 6485//2 6758//2 6759//2
f 6484//4 6757//4 6758//4 6485//4
f 6487//1 6760//1 6717//1 6469//1
f 6487//3 6488//3 6761//3 6760//3
f 6488//3 6489//3 6762//3 6761//3
f 6489//3 6490//3 6763//3 6762//3
f 6490//3 6491//3 6764//3 6763//3
f 6491//3 6492//3 6765//3 6764//3
f 6492//3 6493//3 6766//3 6765//3
f 6493//3 6494//3 6767//3 6766//3
f 6494//3 6495//3 6768//3 6767//3
f 6495//3 6496//3 6769//3 6768//3
f 6496//3 6497//3 6770//3 6769//3
f 6497//3 6498//3 6771//3 6770//3
f 6498//3 6499//3 6772//3 6771//3
f 6499//3 6500//3 6773//3 6772//3
f 6500//3 6501//3 6774//3 6773//3
f 6501//3 6502//3 6775//3 6774//3
f 6502//3 6503//3 6776//3 6775//3
f 6503//3 6504//3 6777//3 6776//3
f 6504//3 6505//3 6778//3 6777//3
f 6505//3 6506//3 6779//3 6778//3
f 6506//3 6507//3 6780//3 6779//3
f 6507//3 6508//3 6781//3 6780//3
f 6508//3 6509//3 6782//3 6781//3
f 6509//3 6510//3 6783//3 6782//3
f 6510//3 6511//3 6784//3 6783//3
f 6511//3 6512//3 6785//3 6784//3
f 6512//3 6513//3 6786//3 6785//3
f 6513//3 6514//3 6787//3 6786//3
f 6514//3 6515//3 6788//3 6787//3
f 6515//3 6516//3 6789//3 6788//3
f 6516//3 6517//3 6790//3 6789//3
f 6517//3 6518//3 6791//3 6790//3
f 6518//3 6519//3 6792//3 6791//3
f 6519//3 6520//3 6793//3 6792//3
f 6520//3 6521//3 6794//3 6793//3
f 6521//3 6522//3 6795//3 6794//3
f 6522//3 6523//3 6796//3 6795//3
f 6523//3 6524//3 6797//3 6796//3
f 6524//3 6525//3 6798//3 6797//3
f 6525//3 6526//3 6799//3 6798//3
f 6526//3 6527//3 6800//3 6799//3
f 6527//3 6528//3 6801//3 6800//3
f 6528//3 6529//3 6802//3 6801//3
f 6529//3 6530//3 6803//3 6802//3
f 6530//3 6531//3 6804//3 6803//3
f 6531//3 6532//3 6805//3 6804//3
f 6532//3 6533//3 6806//3 6805//3
f 6533//3 6534//3 6807//3 6806//3
f 6534//3 6535//3 6808//3 6807//3
f 6535//3 6536//3 6809//3 6808//3
f 6536//3 6537//3 6810//3 6809//3
f 6537//3 6538//3 6811//3 6810//3
f 6538//3 6539//3 6812//3 6811//3
f 6539//3 6540//3 6813//3 6812//3
f 6541//2 6486//2 6759//2 6814//2
f 6540//3 6541//3 6814//3 6813//3
f 6717//1 7125//1 7126//1 6718//1
f 6718//4 7126//4 7127//4 6719//4
f 6719//4 7127//4 7128//4 6720//4
f 6720//4 7128//4 7129//4 6721//4
f 6721//4 7129//4 7130//4 6722//4
f 6722//4 7130//4 7131//4 6723//4
f 6723//4 7131//4 7132//4 6724//4
f 6724//4 7132//4 7133//4 6725//4
f 6725//4 7133//4 7134//4 6726//4
f 6726//4 7134//4 7135//4 6727//4
f 6727//4 7135//4 7136//4 6728//4
f 6728//4 7136//4 7137//4 6729//4
f 6729//4 7137//4 7138//4 6730//4
f 6730//4 7138//4 7139//4 6731//4
f 6731//4 7139//4 7140//4 6732//4
f 6732//4 7140//4 7141//4 6733//4
f 6733//4 7141//4 7142//4 6734//4
f 6734//4 7142//4 7143//4 6735//4
f 6735//4 7143//4 7144//4 6736//4
f 6736//4 7144//4 7145//4 6737//4
f 6737//4 7145//4 7146//4 6738//4
f 6738//4 7146//4 7147//4 6739//4
f 6739//4 7147//4 7148//4 6740//4
f 6740//4 7148//4 7149//4 6741//4
f 6741//4 7149//4 7150//4 6742//4
f 6742//4 7150//4 7151//4 6743//4
f 6743//4 7151//4 7152//4 6744//4
f 6744//4 7152//4 7153//4 6745//4
f 6745//4 7153//4 7154//4 6746//4
f 6746//4 7154//4 7155//4 6747//4
f 6747//4 7155//4 7156//4 6748//4
f 6748//4 7156//4 7157//4 6749//4
f 6749//4 7157//4 7158//4 6750//4
f 6750//4 7158//4 7159//4 6751//4
f 6751//4 7159//4 7160//4 6752//4
f 6752//4 7160//4 7109//4 6705//4
f 6716//4 7124//4 7161//4 6753//4
f 6753//4 7161//4 7162//4 6754//4
f 6754//4 7162//4 7163//4 6755//4
f 6755//4 7163//4 7164//4 6756//4
f 6756//4 7164//4 7165//4 6757//4
f 6759//2 6758//2 7166//2 7167//2
f 6757//4 7165//4 7166//4 6758//4
f 6760//1 7168//1 7125//1 6717//1
f 6760//3 6761//3 7169//3 7168//3
f 6761//3 6762//3 7170//3 7169//3
f 6762//3 6763//3 7171//3 7170//3
f 6763//3 6764//3 7172//3 7171//3
f 6764//3 6765//3 7173//3 7172//3
f 6765//3 6766//3 7174//3 7173//3
f 6766//3 6767//3 7175//3 7174//3
f 6767//3 6768//3 7176//3 7175//3
f 6768//3 6769//3 7177//3 7176//3
f 6769//3 6770//3 7178//3 7177//3
f 6770//3 6771//3 7179//3 7178//3
f 6771//3 6772//3 7180//3 7179//3
f 6772//3 6773//3 7181//3 7180//3
f 6773//3 6774//3 7182//3 7181//3
f 6774//3 6775//3 7183//3 7182//3
f 6775//3 6776//3 7184//3 7183//3
f 6776//3 6777//3 7185//3 7184//3
f 6777//3 6778//3 7186//3 7185//3
f 6778//3 6779//3 7187//3 7186//3
f 6779//3 6780//3 7188//3 7187//3
f 6780//3 6781//3 7189//3 7188//3
f 6781//3 6782//3 7190//3 7189//3
f 6782//3 6783//3 7191//3 7190//3
f 6783//3 6784//3 7192//3 7191//3
f 6784//3 6785//3 7193//3 7192//3
f 6785//3 6786//3 7194//3 7193//3
f 6786//3 6787//3 7195//3 7194//3
f 6787//3 6788//3 7196//3 7195//3
f 6788//3 6789//3 7197//3 7196//3
f 6789//3 6790//3 7198//3 7197//3
f 6790//3 6791//3 7199//3 7198//3
f 6791//3 6792//3 7200//3 7199//3
f 6792//3 6793//3 7201//3 7200//3
f 6793//3 6794//3 7202//3 7201//3
f 6794//3 6795//3 7203//3 7202//3
f 6795//3 6796//3 7204//3 7203//3
f 6796//3 6797//3 7205//3 7204//3
f 6797//3 6798//3 7206//3 7205//3
f 6798//3 6799//3 7207//3 7206//3
f 6799//3 6800//3 7208//3 7207//3
f 6800//3 6801//3 7209//3 7208//3
f 6801//3 6802//3 7210//3 7209//3
f 6802//3 6803//3 7211//3 7210//3
f 6803//3 6804//3 7212//3 7211//3
f 6804//3 6805//3 7213//3 7212//3
f 6805//3 6806//3 7214//3 7213//3
f 6806//3 6807//3 7215//3 7214//3
f 6807//3 6808//3 7216//3 7215//3
f 6808//3 6809//3 7217//3 7216//3
f 6809//3 6810//3 7218//3 7217//3
f 6810//3 6811//3 7219//3 7218//3
f 6811//3 6812//3 7220//3 7219//3
f 6812//3 6813//3 7221//3 7220//3
f 6814//2 6759//2 7167//2 7222//2
f 6813//3 6814//3 7222//3 7221//3
f 7125//1 7295//1 7296//1 7126//1
f 7126//4 7296//4 7297//4 7127//4
f 7127//4 7297//4 7298//4 7128//4
f 7128//4 7298//4 7299//4 7129//4
f 7129//4 7299//4 7300//4 7130//4
f 7130//4 7300//4 7301//4 7131//4
f 7131//4 7301//4 7302//4 7132//4
f 7132//4 7302//4 7303//4 7133//4
f 7133//4 7303//4 7304//4 7134//4
f 7134//4 7304//4 7305//4 7135//4
f 7135//4 7305//4 7306//4 7136//4
f 7136//4 7306//4 7307//4 7137//4
f 7137//4 7307//4 7308//4 7138//4
f 7138//4 7308//4 7309//4 7139//4
f 7139//4 7309//4 7310//4 7140//4
f 7140//4 7310//4 7311//4 7141//4
f 7141//4 7311//4 7312//4 7142//4
f 7142//4 7312//4 7313//4 7143//4
f 7143//4 7313//4 7314//4 7144//4
f 7144//4 7314//4 7315//4 7145//4
f 7145//4 7315//4 7316//4 7146//4
f 7146//4 7316//4 7317//4 7147//4
f 7147//4 7317//4 7318//4 7148//4
f 7148//4 7318//4 7319//4 7149//4
f 7149//4 7319//4 7320//4 7150//4
f 7150//4 7320//4 7321//4 7151//4
f 7151//4 7321//4 7322//4 7152//4
f 7152//4 7322//4 7323//4 7153//4
f 7153//4 7323//4 7324//4 7154//4
f 7154//4 7324//4 7325//4 7155//4
f 7155//4 7325//4 7326//4 7156//4
f 7156//4 7326//4 7327//4 7157//4
f 7157//4 7327//4 7328//4 7158//4
f 7158//4 7328//4 7329//4 7159//4
f 7159//4 7329//4 7330//4 7160//4
f 7160//4 7330//4 7331//4 7109//4
f 7109//4 7331//4 7332//4 7110//4
f 7110//4 7332//4 7333//4 7111//4
f 7111//4 7333//4 7334//4 7112//4
f 7112//4 7334//4 7335//4 7113//4
f 7113//4 7335//4 7336//4 7114//4
f 7114//4 7336//4 7337//4 7116//4
f 7116//4 7337//4 7338//4 7118//4
f 7118//4 7338//4 7339//4 7119//4
f 7119//4 7339//4 7340//4 7120//4
f 7120//4 7340//4 7341//4 7121//4
f 7121//4 7341//4 7342//4 7122//4
f 7122//4 7342//4 7343//4 7123//4
f 7123//4 7343//4 7344//4 7124//4
f 7124//4 7344//4 7345//4 7161//4
f 7161//4 7345//4 7346//4 7162//4
f 7162//4 7346//4 7347//4 7163//4
f 7163//4 7347//4 7348//4 7164//4
f 7164//4 7348//4 7349//4 7165//4
f 7167//2 7166//2 7350//2 7351//2
f 7165//4 7349//4 7350//4 7166//4
f 7168//1 7352//1 7295//1 7125//1
f 7168//3 7169//3 7353//3 7352//3
f 7169//3 7170//3 7354//3 7353//3
f 7170//3 7171//3 7355//3 7354//3
f 7171//3 7172//3 7356//3 7355//3
f 7172//3 7173//3 7357//3 7356//3
f 7173//3 7174//3 7358//3 7357//3
f 7174//3 7175//3 7359//3 7358//3
f 7175//3 7176//3 7360//3 7359//3
f 7176//3 7177//3 7361//3 7360//3
f 7177//3 7178//3 7362//3 7361//3
f 7178//3 7179//3 7363//3 7362//3
f 7179//3 7180//3 7364//3 7363//3
f 7180//3 7181//3 7365//3 7364//3
f 7181//3 7182//3 7366//3 7365//3
f 7182//3 7183//3 7367//3 7366//3
f 7183//3 7184//3 7368//3 7367//3
f 7184//3 7185//3 7369//3 7368//3
f 7185//3 7186//3 7370//3 7369//3
f 7186//3 7187//3 7371//3 7370//3
f 7187//3 7188//3 7372//3 7371//3
f 7188//3 7189//3 7373//3 7372//3
f 7189//3 7190//3 7374//3 7373//3
f 7190//3 7191//3 7375//3 7374//3
f 7191//3 7192//3 7376//3 7375//3
f 7192//3 7193//3 7377//3 7376//3
f 7193//3 7194//3 7378//3 7377//3
f 7194//3 7195//3 7379//3 7378//3
f 7195//3 7196//3 7380//3 7379//3
f 7196//3 7197//3 7381//3 7380//3
f 7197//3 7198//3 7382//3 7381//3
f 7198//3 7199//3 7383//3 7382//3
f 7199//3 7200//3 7384//3 7383//3
f 7200//3 7201//3 7385//3 7384//3
f 7201//3 7202//3 7386//3 7385//3
f 7202//3 7203//3 7387//3 7386//3
f 7203//3 7204//3 7388//3 7387//3
f 7204//3 7205//3 7389//3 7388//3
f 7205//3 7206//3 7390//3 7389//3
f 7206//3 7207//3 7391//3 7390//3
f 7207//3 7208//3 7392//3 7391//3
f 7208//3 7209//3 7393//3 7392//3
f 7209//3 7210//3 7394//3 7393//3
f 7210//3 7211//3 7395//3 7394//3
f 7211//3 7212//3 7396//3 7395//3
f 7212//3 7213//3 7397//3 7396//3
f 7213//3 7214//3 7398//3 7397//3
f 7214//3 7215//3 7399//3 7398//3
f 7215//3 7216//3 7400//3 7399//3
f 7216//3 7217//3 7401//3 7400//3
f 7217//3 7218//3 7402//3 7401//3
f 7218//3 7219//3 7403//3 7402//3
f 7219//3 7220//3 7404//3 7403//3
f 7220//3 7221//3 7405//3 7404//3
f 7222//2 7167//2 7351//2 7406//2
f 7221//3 7222//3 7406//3 7405//3
f 7295//1 7407//1 7408//1 7296//1
f 7296//4 7408//4 7409//4 7297//4
f 7297//4 7409//4 7410//4 7298//4
f 7298//4 7410//4 7411//4 7299//4
f 7299//4 7411//4 7412//4 7300//4
f 7300//4 7412//4 7413//4 7301//4
f 7301//4 7413//4 7414//4 7302//4
f 7302//4 7414//4 7415//4 7303//4
f 7303//4 7415//4 7416//4 7304//4
f 7304//4 7416//4 7417//4 7305//4
f 7305//4 7417//4 7418//4 7306//4
f 7306//4 7418//4 7419//4 7307//4
f 7307//4 7419//4 7420//4 7308//4
f 7308//4 7420//4 7421//4 7309//4
f 7309//4 7421//4 7422//4 7310//4
f 7310//4 7422//4 7423//4 7311//4
f 7311//4 7423//4 7424//4 7312//4
f 7312//4 7424//4 7425//4 7313//4
f 7313//4 7425//4 7426//4 7314//4
f 7314//4 7426//4 7427//4 7315//4
f 7315//4 7427//4 7428//4 7316//4
f 7316//4 7428//4 7429//4 7317//4
f 7317//4 7429//4 7430//4 7318//4
f 7318//4 7430//4 7431//4 7319//4
f 7319//4 7431//4 7432//4 7320//4
f 7320//4 7432//4 7433//4 7321//4
f 7321//4 7433//4 7434//4 7322//4
f 7322//4 7434//4 7435//4 7323//4
f 7323//4 7435//4 7436//4 7324//4
f 7324//4 7436//4 7437//4 7325//4
f 7325//4 7437//4 7438//4 7326//4
f 7326//4 7438//4 7439//4 7327//4
f 7327//4 7439//4 7440//4 7328//4
f 7328//4 7440//4 7441//4 7329//4
f 7329//4 7441//4 7442//4 7330//4
f 7330//4 7442//4 7443//4 7331//4
f 7331//4 7443//4 7444//4 7332//4
f 7332//4 7444//4 7445//4 7333//4
f 7333//4 7445//4 7446//4 7334//4
f 7334//4 7446//4 7447//4 7335//4
f 7335//4 7447//4 7448//4 7336//4
f 7336//4 7448//4 7449//4 7337//4
f 7337//4 7449//4 7450//4 7338//4
f 7338//4 7450//4 7451//4 7339//4
f 7339//4 7451//4 7452//4 7340//4
f 7340//4 7452//4 7453//4 7341//4
f 7341//4 7453//4 7454//4 7342//4
f 7342//4 7454//4 7455//4 7343//4
f 7343//4 7455//4 7456//4 7344//4
f 7344//4 7456//4 7457//4 7345//4
f 7345//4 7457//4 7458//4 7346//4
f 7346//4 7458//4 7459//4 7347//4
f 7347//4 7459//4 7460//4 7348//4
f 7348//4 7460//4 7461//4 7349//4
f 7351//2 7350//2 7462//2 7463//2
f 7349//4 7461//4 7462//4 7350//4
f 7352//1 7464//1 7407//1 7295//1
f 7352//3 7353//3 7465//3 7464//3
f 7353//3 7354//3 7466//3 7465//3
f 7354//3 7355//3 7467//3 7466//3
f 7355//3 7356//3 7468//3 7467//3
f 7356//3 7357//3 7469//3 7468//3
f 7357//3 7358//3 7470//3 7469//3
f 7358//3 7359//3 7471//3 7470//3
f 7359//3 7360//3 7472//3 7471//3
f 7360//3 7361//3 7473//3 7472//3
f 7361//3 7362//3 7474//3 7473//3
f 7362//3 7363//3 7475//3 7474//3
f 7363//3 7364//3 7476//3 7475//3
f 7364//3 7365//3 7477//3 7476//3
f 7365//3 7366//3 7478//3 7477//3
f 7366//3 7367//3 7479//3 7478//3
f 7367//3 7368//3 7480//3 7479//3
f 7368//3 7369//3 7481//3 7480//3
f 7369//3 7370//3 7482//3 7481//3
f 7370//3 7371//3 7483//3 7482//3
f 7371//3 7372//3 7484//3 7483//3
f 7372//3 7373//3 7485//3 7484//3
f 7373//3 7374//3 7486//3 7485//3
f 7374//3 7375//3 7487//3 7486//3
f 7375//3 7376//3 7488//3 7487//3
f 7376//3 7377//3 7489//3 7488//3
f 7377//3 7378//3 7490//3 7489//3
f 7378//3 7379//3 7491//3 7490//3
f 7379//3 7380//3 7492//3 7491//3
f 7380//3 7381//3 7493//3 7492//3
f 7381//3 7382//3 7494//3 7493//3
f 7382//3 7383//3 7495//3 7494//3
f 7383//3 7384//3 7496//3 7495//3
f 7384//3 7385//3 7497//3 7496//3
f 7385//3 7386//3 7498//3 7497//3
f 7386//3 7387//3 7499//3 7498//3
f 7387//3 7388//3 7500//3 7499//3
f 7388//3 7389//3 7501//3 7500//3
f 7389//3 7390//3 7502//3 7501//3
f 7390//3 7391//3 7503//3 7502//3
f 7391//3 7392//3 7504//3 7503//3
f 7392//3 7393//3 7505//3 7504//3
f 7393//3 7394//3 7506//3 7505//3
f 7394//3 7395//3 7507//3 7506//3
f 7395//3 7396//3 7508//3 7507//3
f 7396//3 7397//3 7509//3 7508//3
f 7397//3 7398//3 7510//3 7509//3
f 7398//3 7399//3 7511//3 7510//3
f 7399//3 7400//3 7512//3 7511//3
f 7400//3 7401//3 7513//3 7512//3
f 7401//3 7402//3 7514//3 7513//3
f 7402//3 7403//3 7515//3 7514//3
f 7403//3 7404//3 7516//3 7515//3
f 7404//3 7405//3 7517//3 7516//3
f 7406//2 7351//2 7463//2 7518//2
f 7405//3 7406//3 7518//3 7517//3
f 7407//1 7519//1 7520//1 7408//1
f 7408//4 7520//4 7521//4 7409//4
f 7409//4 7521//4 7522//4 7410//4
f 7410//4 7522//4 7523//4 7411//4
f 7411//4 7523//4 7524//4 7412//4
f 7412//4 7524//4 7525//4 7413//4
f 7413//4 7525//4 7526//4 7414//4
f 7414//4 7526//4 7527//4 7415//4
f 7415//4 7527//4 7528//4 7416//4
f 7416//4 7528//4 7529//4 7417//4
f 7417//4 7529//4 7530//4 7418//4
f 7418//4 7530//4 7531//4 7419//4
f 7419//4 7531//4 7532//4 7420//4
f 7420//4 7532//4 7533//4 7421//4
f 7421//4 7533//4 7534//4 7422//4
f 7422//4 7534//4 7535//4 7423//4
f 7423//4 7535//4 7536//4 7424//4
f 7424//4 7536//4 7537//4 7425//4
f 7425//4 7537//4 7538//4 7426//4
f 7426//4 7538//4 7539//4 7427//4
f 7427//4 7539//4 7540//4 7428//4
f 7428//4 7540//4 7541//4 7429//4
f 7429//4 7541//4 7542//4 7430//4
f 7430//4 7542//4 7543//4 7431//4
f 7431//4 7543//4 7544//4 7432//4
f 7432//4 7544//4 7545//4 7433//4
f 7433//4 7545//4 7546//4 7434//4
f 7434//4 7546//4 7547//4 7435//4
f 7435//4 7547//4 7548//4 7436//4
f 7436//4 7548//4 7549//4 7437//4
f 7437//4 7549//4 7550//4 7438//4
f 7438//4 7550//4 7551//4 7439//4
f 7439//4 7551//4 7552//4 7440//4
f 7440//4 7552//4 7553//4 7441//4
f 7441//4 7553//4 7554//4 7442//4
f 7442//4 7554//4 7555//4 7443//4
f 7443//4 7555//4 7556//4 7444//4
f 7444//4 7556//4 7557//4 7445//4
f 7445//4 7557//4 7558//4 7446//4
f 7446//4 7558//4 7559//4 7447//4
f 7447//4 7559//4 7560//4 7448//4
f 7448//4 7560//4 7561//4 7449//4
f 7449//4 7561//4 7562//4 7450//4
f 7450//4 7562//4 7563//4 7451//4
f 7451//4 7563//4 7564//4 7452//4
f 7452//4 7564//4 7565//4 7453//4
f 7453//4 7565//4 7566//4 7454//4
f 7454//4 7566//4 7567//4 7455//4
f 7455//4 7567//4 7568//4 7456//4
f 7456//4 7568//4 7569//4 7457//4
f 7457//4 7569//4 7570//4 7458//4
f 7458//4 7570//4 7571//4 7459//4
f 7459//4 7571//4 7572//4 7460//4
f 7460//4 7572//4 7573//4 7461//4
f 7463//2 7462//2 7574//2 7575//2
f 7461//4 7573//4 7574//4 7462//4
f 7464//1 7576//1 7519//1 7407//1
f 7464//3 7465//3 7577//3 7576//3
f 7465//3 7466//3 7578//3 7577//3
f 7466//3 7467//3 7579//3 7578//3
f 7467//3 7468//3 7580//3 7579//3
f 7468//3 7469//3 7581//3 7580//3
f 7469//3 7470//3 7582//3 7581//3
f 7470//3 7471//3 7583//3 7582//3
f 7471//3 7472//3 7584//3 7583//3
f 7472//3 7473//3 7585//3 7584//3
f 7473//3 7474//3 7586//3 7585//3
f 7474//3 7475//3 7587//3 7586//3
f 7475//3 7476//3 7588//3 7587//3
f 7476//3 7477//3 7589//3 7588//3
f 7477//3 7478//3 7590//3 7589//3
f 7478//3 7479//3 7591//3 7590//3
f 7479//3 7480//3 7592//3 7591//3
f 7480//3 7481//3 7593//3 7592//3
f 7481//3 7482//3 7594//3 7593//3
f 7482//3 7483//3 7595//3 7594//3
f 7483//3 7484//3 7596//3 7595//3
f 7484//3 7485//3 7597//3 7596//3
f 7485//3 7486//3 7598//3 7597//3
f 7486//3 7487//3 7599//3 7598//3
f 7487//3 7488//3 7600//3 7599//3
f 7488//3 7489//3 7601//3 7600//3
f 7489//3 7490//3 7602//3 7601//3
f 7490//3 7491//3 7603//3 7602//3
f 7491//3 7492//3 7604//3 7603//3
f 7492//3 7493//3 7605//3 7604//3
f 7493//3 7494//3 7606//3 7605//3
f 7494//3 7495//3 7607//3 7606//3
f 7495//3 7496//3 7608//3 7607//3
f 7496//3 7497//3 7609//3 7608//3
f 7497//3 7498//3 7610//3 7609//3
f 7498//3 7499//3 7611//3 7610//3
f 7499//3 7500//3 7612//3 7611//3
f 7500//3 7501//3 7613//3 7612//3
f 7501//3 7502//3 7614//3 7613//3
f 7502//3 7503//3 7615//3 7614//3
f 7503//3 7504//3 7616//3 7615//3
f 7504//3 7505//3 7617//3 7616//3
f 7505//3 7506//3 7618//3 7617//3
f 7506//3 7507//3 7619//3 7618//3
f 7507//3 7508//3 7620//3 7619//3
f 7508//3 7509//3 7621//3 7620//3
f 7509//3 7510//3 7622//3 7621//3
f 7510//3 7511//3 7623//3 7622//3
f 7511//3 7512//3 7624//3 7623//3
f 7512//3 7513//3 7625//3 7624//3
f 7513//3 7514//3 7626//3 7625//3
f 7514//3 7515//3 7627//3 7626//3
f 7515//3 7516//3 7628//3 7627//3
f 7516//3 7517//3 7629//3 7628//3
f 7518//2 7463//2 7575//2 7630//2
f 7517//3 7518//3 7630//3 7629//3
f 7519//1 7631//1 7632//1 7520//1
f 7520//4 7632//4 7633//4 7521//4
f 7521//4 7633//4 7634//4 7522//4
f 7522//4 7634//4 7635//4 7523//4
f 7523//4 7635//4 7636//4 7524//4
f 7524//4 7636//4 7637//4 7525//4
f 7525//4 7637//4 7638//4 7526//4
f 7526//4 7638//4 7639//4 7527//4
f 7527//4 7639//4 7640//4 7528//4
f 7528//4 7640//4 7641//4 7529//4
f 7529//4 7641//4 7642//4 7530//4
f 7530//4 7642//4 7643//4 7531//4
f 7531//4 7643//4 7644//4 7532//4
f 7532//4 7644//4 7645//4 7533//4
f 7533//4 7645//4 7646//4 7534//4
f 7534//4 7646//4 7647//4 7535//4
f 7535//4 7647//4 7648//4 7536//4
f 7536//4 7648//4 7649//4 7537//4
f 7537//4 7649//4 7650//4 7538//4
f 7538//4 7650//4 7651//4 7539//4
f 7539//4 7651//4 7652//4 7540//4
f 7540//4 7652//4 7653//4 7541//4
f 7541//4 7653//4 7654//4 7542//4
f 7542//4 7654//4 7655//4 7543//4
f 7543//4 7655//4 7656//4 7544//4
f 7544//4 7656//4 7657//4 7545//4
f 7545//4 7657//4 7658//4 7546//4
f 7546//4 7658//4 7659//4 7547//4
f 7547//4 7659//4 7660//4 7548//4
f 7548//4 7660//4 7661//4 7549//4
f 7549//4 7661//4 7662//4 7550//4
f 7550//4 7662//4 7663//4 7551//4
f 7551//4 7663//4 7664//4 7552//4
f 7552//4 7664//4 7665//4 7553//4
f 7553//4 7665//4 7666//4 7554//4
f 7554//4 7666//4 7667//4 7555//4
f 7555//4 7667//4 7668//4 7556//4
f 7556//4 7668//4 7669//4 7557//4
f 7557//4 7669//4 7670//4 7558//4
f 7558//4 7670//4 7671//4 7559//4
f 7559//4 7671//4 7672//4 7560//4
f 7560//4 7672//4 7673//4 7561//4
f 7561//4 7673//4 7674//4 7562//4
f 7562//4 7674//4 7675//4 7563//4
f 7563//4 7675//4 7676//4 7564//4
f 7564//4 7676//4 7677//4 7565//4
f 7565//4 7677//4 7678//4 7566//4
f 7566//4 7678//4 7679//4 7567//4
f 7567//4 7679//4 7680//4 7568//4
f 7568//4 7680//4 7681//4 7569//4
f 7569//4 7681//4 7682//4 7570//4
f 7570//4 7682//4 7683//4 7571//4
f 7571//4 7683//4 7684//4 7572//4
f 7572//4 7684//4 7685//4 7573//4
f 7575//2 7574//2 7686//2 7687//2
f 7573//4 7685//4 7686//4 7574//4
f 7576//1 7688//1 7631//1 7519//1
f 7576//3 7577//3 7689//3 7688//3
f 7577//3 7578//3 7690//3 7689//3
f 7578//3 7579//3 7691//3 7690//3
f 7579//3 7580//3 7692//3 7691//3
f 7580//3 7581//3 7693//3 7692//3
f 7581//3 7582//3 7694//3 7693//3
f 7582//3 7583//3 7695//3 7694//3
f 7583//3 7584//3 7696//3 7695//3
f 7584//3 7585//3 7697//3 7696//3
f 7585//3 7586//3 7698//3 7697//3
f 7586//3 7587//3 7699//3 7698//3
f 7587//3 7588//3 7700//3 7699//3
f 7588//3 7589//3 7701//3 7700//3
f 7589//3 7590//3 7702//3 7701//3
f 7590//3 7591//3 7703//3 7702//3
f 7591//3 7592//3 7704//3 7703//3
f 7592//3 7593//3 7705//3 7704//3
f 7593//3 7594//3 7706//3 7705//3
f 7594//3 7595//3 7707//3 7706//3
f 7595//3 7596//3 7708//3 7707//3
f 7596//3 7597//3 7709//3 7708//3
f 7597//3 7598//3 7710//3 7709//3
f 7598//3 7599//3 7711//3 7710//3
f 7599//3 7600//3 7712//3 7711//3
f 7600//3 7601//3 7713//3 7712//3
f 7601//3 7602//3 7714//3 7713//3
f 7602//3 7603//3 7715//3 7714//3
f 7603//3 7604//3 7716//3 7715//3
f 7604//3 7605//3 7717//3 7716//3
f 7605//3 7606//3 7718//3 7717//3
f 7606//3 7607//3 7719//3 7718//3
f 7607//3 7608//3 7720//3 7719//3
f 7608//3 7609//3 7721//3 7720//3
f 7609//3 7610//3 7722//3 7721//3
f 7610//3 7611//3 7723//3 7722//3
f 7611//3 7612//3 7724//3 7723//3
f 7612//3 7613//3 7725//3 7724//3
f 7613//3 7614//3 7726//3 7725//3
f 7614//3 7615//3 7727//3 7726//3
f 7615//3 7616//3 7728//3 7727//3
f 7616//3 7617//3 7729//3 7728//3
f 7617//3 7618//3 7730//3 7729//3
f 7618//3 7619//3 7731//3 7730//3
f 7619//3 7620//3 7732//3 7731//3
f 7620//3 7621//3 7733//3 7732//3
f 7621//3 7622//3 7734//3 7733//3
f 7622//3 7623//3 7735//3 7734//3
f 7623//3 7624//3 7736//3 7735//3
f 7624//3 7625//3 7737//3 7736//3
f 7625//3 7626//3 7738//3 7737//3
f 7626//3 7627//3 7739//3 7738//3
f 7627//3 7628//3 7740//3 7739//3
f 7628//3 7629//3 7741//3 7740//3
f 7630//2 7575//2 7687//2 7742//2
f 7629//3 7630//3 7742//3 7741//3
f 7631//1 7759//1 7760//1 7632//1
f 7632//4 7760//4 7761//4 7633//4
f 7633//4 7761//4 7762//4 7634//4
f 7634//4 7762//4 7763//4 7635//4
f 7635//4 7763//4 7764//4 7636//4
f 7636//4 7764//4 7765//4 7637//4
f 7637//4 7765//4 7766//4 7638//4
f 7638//4 7766//4 7767//4 7639//4
f 7639//4 7767//4 7768//4 7640//4
f 7640//4 7768//4 7769//4 7641//4
f 7641//4 7769//4 7770//4 7642//4
f 7642//4 7770//4 7771//4 7643//4
f 7643//4 7771//4 7772//4 7644//4
f 7644//4 7772//4 7773//4 7645//4
f 7645//4 7773//4 7774//4 7646//4
f 7646//4 7774//4 7775//4 7647//4
f 7647//4 7775//4 7776//4 7648//4
f 7648//4 7776//4 7777//4 7649//4
f 7649//4 7777//4 7778//4 7650//4
f 7650//4 7778//4 7779//4 7651//4
f 7651//4 7779//4 7780//4 7652//4
f 7652//4 7780//4 7781//4 7653//4
f 7653//4 7781//4 7782//4 7654//4
f 7654//4 7782//4 7783//4 7655//4
f 7655//4 7783//4 7784//4 7656//4
f 7656//4 7784//4 7785//4 7657//4
f 7657//4 7785//4 7786//4 7658//4
f 7658//4 7786//4 7787//4 7659//4
f 7659//4 7787//4 7788//4 7660//4
f 7660//4 7788//4 7789//4 7661//4
f 7661//4 7789//4 7790//4 7662//4
f 7662//4 7790//4 7791//4 7663//4
f 7663//4 7791//4 7792//4 7664//4
f 7664//4 7792//4 7793//4 7665//4
f 7665//4 7793//4 7794//4 7666//4
f 7666//4 7794//4 7795//4 7667//4
f 7667//4 7795//4 7796//4 7668//4
f 7668//4 7796//4 7797//4 7669//4
f 7669//4 7797//4 7798//4 7670//4
f 7670//4 7798//4 7799//4 7671//4
f 7671//4 7799//4 7800//4 7672//4
f 7672//4 7800//4 7801//4 7673//4
f 7673//4 7801//4 7802//4 7674//4
f 7674//4 7802//4 7803//4 7675//4
f 7675//4 7803//4 7804//4 7676//4
f 7676//4 7804//4 7805//4 7677//4
f 7677//4 7805//4 7806//4 7678//4
f 7678//4 7806//4 7807//4 7679//4
f 7679//4 7807//4 7808//4 7680//4
f 7680//4 7808//4 7809//4 7681//4
f 7681//4 7809//4 7810//4 7682//4
f 7682//4 7810//4 7811//4 7683//4
f 7683//4 7811//4 7812//4 7684//4
f 7684//4 7812//4 7813//4 7685//4
f 7687//2 7686//2 7814//2 7815//2
f 7685//4 7813//4 7814//4 7686//4
f 7688//1 7816//1 7759//1 7631//1
f 7688//3 7689//3 7817//3 7816//3
f 7689//3 7690//3 7818//3 7817//3
f 7690//3 7691//3 7819//3 7818//3
f 7691//3 7692//3 7820//3 7819//3
f 7692//3 7693//3 7821//3 7820//3
f 7693//3 7694//3 7822//3 7821//3
f 7694//3 7695//3 7823//3 7822//3
f 7695//3 7696//3 7824//3 7823//3
f 7696//3 7697//3 7825//3 7824//3
f 7697//3 7698//3 7826//3 7825//3
f 7698//3 7699//3 7827//3 7826//3
f 7699//3 7700//3 7828//3 7827//3
f 7700//3 7701//3 7829//3 7828//3
f 7701//3 7702//3 7830//3 7829//3
f 7702//3 7703//3 7831//3 7830//3
f 7703//3 7704//3 7832//3 7831//3
f 7704//3 7705//3 7833//3 7832//3
f 7705//3 7706//3 7834//3 7833//3
f 7706//3 7707//3 7835//3 7834//3
f 7707//3 7708//3 7836//3 7835//3
f 7708//3 7709//3 7837//3 7836//3
f 7709//3 7710//3 7838//3 7837//3
f 7710//3 7711//3 7839//3 7838//3
f 7711//3 7712//3 7840//3 7839//3
f 7712//3 7713//3 7841//3 7840//3
f 7713//3 7714//3 7842//3 7841//3
f 7714//3 7715//3 7843//3 7842//3
f 7715//3 7716//3 7844//3 7843//3
f 7716//3 7717//3 7845//3 7844//3
f 7717//3 7718//3 7846//3 7845//3
f 7718//3 7719//3 7847//3 7846//3
f 7719//3 7720//3 7848//3 7847//3
f 7720//3 7721//3 7849//3 7848//3
f 7721//3 7722//3 7850//3 7849//3
f 7722//3 7723//3 7851//3 7850//3
f 7723//3 7724//3 7852//3 7851//3
f 7724//3 7725//3 7853//3 7852//3
f 7725//3 7726//3 7854//3 7853//3
f 7726//3 7727//3 7855//3 7854//3
f 7727//3 7728//3 7856//3 7855//3
f 7728//3 7729//3 7857//3 7856//3
f 7729//3 7730//3 7858//3 7857//3
f 7730//3 7731//3 7859//3 7858//3
f 7731//3 7732//3 7860//3 7859//3
f 7732//3 7733//3 7861//3 7860//3
f 7733//3 7734//3 7862//3 7861//3
f 7734//3 7735//3 7863//3 7862//3
f 7735//3 7736//3 7864//3 7863//3
f 7736//3 7737//3 7865//3 7864//3
f 7737//3 7738//3 7866//3 7865//3
f 7738//3 7739//3 7867//3 7866//3
f 7739//3 7740//3 7868//3 7867//3
f 7740//3 7741//3 7869//3 7868//3
f 7742//2 7687//2 7815//2 7870//2
f 7741//3 7742//3 7870//3 7869//3
g glyph_61
f 8984//1 8985//1 8986//1 8987//1
f 8984//3 8159//3 8988//3 8985//3
f 8987//4 8986//4 8931//4 8157//4
f 8984//5 8987//5 8157//5 8159//5
f 8989//2 8990//2 8991//2 8992//2
f 8160//3 8989//3 8992//3 8993//3
f 8158//4 8982//4 8991//4 8990//4
f 8160//5 8158//5 8990//5 8989//5
f 8985//1 9496//1 9497//1 8986//1
f 8985//3 8988//3 9498//3 9496//3
f 8986//4 9497//4 9499//4 8931//4
f 8996//3 8998//3 9502//3 9500//3
f 8932//4 9501//4 9503//4 8933//4
f 8998//3 9000//3 9504//3 9502//3
f 8933//4 9503//4 9505//4 8934//4
f 9000//3 9002//3 9506//3 9504//3
f 8934//4 9505//4 9507//4 8935//4
f 9002//3 9004//3 9508//3 9506//3
f 8935//4 9507//4 9509//4 8936//4
f 9004//3 9006//3 9510//3 9508//3
f 8936//4 9509//4 9511//4 8937//4
f 9006//3 9008//3 9512//3 9510//3
f 8937//4 9511//4 9513//4 8938//4
f 9010//3 9012//3 9516//3 9514//3
f 8939//4 9515//4 9517//4 8940//4
f 9012//3 9014//3 9518//3 9516//3
f 8940//4 9517//4 9519//4 8941//4
f 9014//3 9016//3 9520//3 9518//3
f 8941//4 9519//4 9521//4 8942//4
f 9016//3 9018//3 9522//3 9520//3
f 8942//4 9521//4 9523//4 8943//4
f 9018//3 9020//3 9524//3 9522//3
f 8943//4 9523//4 9525//4 8944//4
f 9020//3 9022//3 9526//3 9524//3
f 8944//4 9525//4 9527//4 8945//4
f 9024//3 9026//3 9530//3 9528//3
f 8946//4 9529//4 9531//4 8947//4
f 9026//3 9028//3 9532//3 9530//3
f 8947//4 9531//4 9533//4 8948//4
f 9028//3 9030//3 9534//3 9532//3
f 8948//4 9533//4 9535//4 8949//4
f 9030//3 9032//3 9536//3 9534//3
f 8949//4 9535//4 9537//4 8950//4
f 9032//3 9034//3 9538//3 9536//3
f 8950//4 9537//4 9539//4 8951//4
f 9034//3 9036//3 9540//3 9538//3
f 8951//4 9539//4 9541//4 8952//4
f 9038//3 9040//3 9544//3 9542//3
f 8953//4 9543//4 9545//4 8954//4
f 9040//3 9042//3 9546//3 9544//3
f 8954//4 9545//4 9547//4 8955//4
f 9042//3 9044//3 9548//3 9546//3
f 8955//4 9547//4 9549//4 8956//4
f 9044//3 9046//3 9550//3 9548//3
f 8956//4 9549//4 9551//4 8957//4
f 9046//3 9048//3 9552//3 9550//3
f 8957//4 9551//4 9553//4 8958//4
f 9048//3 9050//3 9554//3 9552//3
f 8958//4 9553//4 9555//4 8959//4
f 9052//3 9054//3 9558//3 9556//3
f 8960//4 9557//4 9559//4 8961//4
f 9054//3 9056//3 9560//3 9558//3
f 8961//4 9559//4 9561//4 8962//4
f 9056//3 9058//3 9562//3 9560//3
f 8962//4 9561//4 9563//4 8963//4
f 9058//3 9060//3 9564//3 9562//3
f 8963//4 9563//4 9565//4 8964//4
f 9060//3 9062//3 9566//3 9564//3
f 8964//4 9565//4 9567//4 8965//4
f 9062//3 9064//3 9568//3 9566//3
f 8965//4 9567//4 9569//4 8966//4
f 9066//3 9068//3 9572//3 9570//3
f 8967//4 9571//4 9573//4 8968//4
f 9068//3 9070//3 9574//3 9572//3
f 8968//4 9573//4 9575//4 8969//4
f 9070//3 9072//3 9576//3 9574//3
f 8969//4 9575//4 9577//4 8970//4
f 9072//3 9074//3 9578//3 9576//3
f 8970//4 9577//4 9579//4 8971//4
f 9074//3 9076//3 9580//3 9578//3
f 8971//4 9579//4 9581//4 8972//4
f 9076//3 9078//3 9582//3 9580//3
f 8972//4 9581//4 9583//4 8973//4
f 9080//3 9082//3 9586//3 9584//3
f 8974//4 9585//4 9587//4 8975//4
f 9082//3 9084//3 9588//3 9586//3
f 8975//4 9587//4 9589//4 8976//4
f 9084//3 9086//3 9590//3 9588//3
f 8976//4 9589//4 9490//4 8977//4
f 9086//3 9088//3 9591//3 9590//3
f 9088//3 9090//3 9592//3 9591//3
f 9090//3 9092//3 9593//3 9592//3
f 8978//4 9491//4 9594//4 8979//4
f 9094//3 9096//3 9597//3 9595//3
f 8980//4 9596//4 9493//4 8981//4
f 9096//3 9098//3 9598//3 9597//3
f 9098//3 9100//3 9599//3 9598//3
f 9100//3 8993//3 9600//3 9599//3
f 8983//4 9495//4 9601//4 8982//4
f 8992//2 8991//2 9602//2 9603//2
f 8993//3 8992//3 9603//3 9600//3
f 8982//4 9601//4 9602//4 8991//4
f 9498//3 9500//3 9850//3 9848//3
f 9499//4 9849//4 9851//4 9501//4
f 9500//3 9502//3 9852//3 9850//3
f 9501//4 9851//4 9853//4 9503//4
f 9502//3 9504//3 9854//3 9852//3
f 9503//4 9853//4 9855//4 9505//4
f 9504//3 9506//3 9856//3 9854//3
f 9505//4 9855//4 9857//4 9507//4
f 9506//3 9508//3 9858//3 9856//3
f 9507//4 9857//4 9859//4 9509//4
f 9508//3 9510//3 9860//3 9858//3
f 9509//4 9859//4 9861//4 9511//4
f 9512//3 9514//3 9864//3 9862//3
f 9513//4 9863//4 9865//4 9515//4
f 9514//3 9516//3 9866//3 9864//3
f 9515//4 9865//4 9867//4 9517//4
f 9516//3 9518//3 9868//3 9866//3
f 9517//4 9867//4 9869//4 9519//4
f 9518//3 9520//3 9870//3 9868//3
f 9519//4 9869//4 9871//4 9521//4
f 9520//3 9522//3 9872//3 9870//3
f 9521//4 9871//4 9873//4 9523//4
f 9522//3 9524//3 9874//3 9872//3
f 9523//4 9873//4 9875//4 9525//4
f 9526//3 9528//3 9878//3 9876//3
f 9527//4 9877//4 9879//4 9529//4
f 9528//3 9530//3 9880//3 9878//3
f 9529//4 9879//4 9881//4 9531//4
f 9530//3 9532//3 9882//3 9880//3
f 9531//4 9881//4 9883//4 9533//4
f 9532//3 9534//3 9884//3 9882//3
f 9533//4 9883//4 9885//4 9535//4
f 9534//3 9536//3 9886//3 9884//3
f 9535//4 9885//4 9887//4 9537//4
f 9536//3 9538//3 9888//3 9886//3
f 9537//4 9887//4 9889//4 9539//4
f 9540//3 9542//3 9892//3 9890//3
f 9541//4 9891//4 9893//4 9543//4
f 9542//3 9544//3 9894//3 9892//3
f 9543//4 9893//4 9895//4 9545//4
f 9544//3 9546//3 9896//3 9894//3
f 9545//4 9895//4 9897//4 9547//4
f 9546//3 9548//3 9898//3 9896//3
f 9547//4 9897//4 9899//4 9549//4
f 9548//3 9550//3 9900//3 9898//3
f 9549//4 9899//4 9901//4 9551//4
f 9550//3 9552//3 9902//3 9900//3
f 9551//4 9901//4 9903//4 9553//4
f 9554//3 9556//3 9906//3 9904//3
f 9555//4 9905//4 9907//4 9557//4
f 9556//3 9558//3 9908//3 9906//3
f 9557//4 9907//4 9909//4 9559//4
f 9558//3 9560//3 9910//3 9908//3
f 9559//4 9909//4 9911//4 9561//4
f 9560//3 9562//3 9912//3 9910//3
f 9561//4 9911//4 9913//4 9563//4
f 9562//3 9564//3 9914//3 9912//3
f 9563//4 9913//4 9915//4 9565//4
f 9564//3 9566//3 9916//3 9914//3
f 9565//4 9915//4 9917//4 9567//4
f 9568//3 9570//3 9920//3 9918//3
f 9569//4 9919//4 9921//4 9571//4
f 9570//3 9572//3 9922//3 9920//3
f 9571//4 9921//4 9923//4 9573//4
f 9572//3 9574//3 9924//3 9922//3
f 9573//4 9923//4 9925//4 9575//4
f 9574//3 9576//3 9926//3 9924//3
f 9575//4 9925//4 9927//4 9577//4
f 9576//3 9578//3 9928//3 9926//3
f 9577//4 9927//4 9929//4 9579//4
f 9578//3 9580//3 9930//3 9928//3
f 9579//4 9929//4 9931//4 9581//4
f 9582//3 9584//3 9934//3 9932//3
f 9583//4 9933//4 9935//4 9585//4
f 9584//3 9586//3 9936//3 9934//3
f 9585//4 9935//4 9937//4 9587//4
f 9586//3 9588//3 9938//3 9936//3
f 9587//4 9937//4 9939//4 9589//4
f 9588//3 9590//3 9940//3 9938//3
f 9589//4 9939//4 9842//4 9490//4
f 9590//3 9591//3 9941//3 9940//3
f 9591//3 9592//3 9942//3 9941//3
f 9492//4 9843//4 9943//4 9491//4
f 9593//3 9595//3 9946//3 9944//3
f 9594//4 9945//4 9947//4 9596//4
f 9595//3 9597//3 9948//3 9946//3
f 9596//4 9947//4 9949//4 9493//4
f 9597//3 9598//3 9950//3 9948//3
f 9493//4 9949//4 9844//4 9494//4
f 9598//3 9599//3 9951//3 9950//3
f 9599//3 9600//3 9952//3 9951//3
f 9495//4 9845//4 9953//4 9601//4
f 9603//2 9602//2 9954//2 9955//2
f 9600//3 9603//3 9955//3 9952//3
f 9601//4 9953//4 9954//4 9602//4
f 9846//1 10264//1 10265//1 9847//1
f 9846//3 9848//3 10266//3 10264//3
f 9847//4 10265//4 10267//4 9849//4
f 9848//3 9850//3 10268//3 10266//3
f 9849//4 10267//4 10269//4 9851//4
f 9850//3 9852//3 10270//3 10268//3
f 9851//4 10269//4 10271//4 9853//4
f 9852//3 9854//3 10272//3 10270//3
f 9853//4 10271//4 10273//4 9855//4
f 9854//3 9856//3 10274//3 10272//3
f 9855//4 10273//4 10275//4 9857//4
f 9856//3 9858//3 10276//3 10274//3
f 9857//4 10275//4 10277//4 9859//4
f 9860//3 9862//3 10280//3 10278//3
f 9861//4 10279//4 10281//4 9863//4
f 9862//3 9864//3 10282//3 10280//3
f 9863//4 10281//4 10283//4 9865//4
f 9864//3 9866//3 10284//3 10282//3
f 9865//4 10283//4 10285//4 9867//4
f 9866//3 9868//3 10286//3 10284//3
f 9867//4 10285//4 10287//4 9869//4
f 9868//3 9870//3 10288//3 10286//3
f 9869//4 10287//4 10289//4 9871//4
f 9870//3 9872//3 10290//3 10288//3
f 9871//4 10289//4 10291//4 9873//4
f 9874//3 9876//3 10294//3 10292//3
f 9875//4 10293//4 10295//4 9877//4
f 9876//3 9878//3 10296//3 10294//3
f 9877//4 10295//4 10297//4 9879//4
f 9878//3 9880//3 10298//3 10296//3
f 9879//4 10297//4 10299//4 9881//4
f 9880//3 9882//3 10300//3 10298//3
f 9881//4 10299//4 10301//4 9883//4
f 9882//3 9884//3 10302//3 10300//3
f 9883//4 10301//4 10303//4 9885//4
f 9884//3 9886//3 10304//3 10302//3
f 9885//4 10303//4 10305//4 9887//4
f 9888//3 9890//3 10308//3 10306//3
f 9889//4 10307//4 10309//4 9891//4
f 9890//3 9892//3 10310//3 10308//3
f 9891//4 10309//4 10311//4 9893//4
f 9892//3 9894//3 10312//3 10310//3
f 9893//4 10311//4 10313//4 9895//4
f 9894//3 9896//3 10314//3 10312//3
f 9895//4 10313//4 10315//4 9897//4
f 9896//3 9898//3 10316//3 10314//3
f 9897//4 10315//4 10317//4 9899//4
f 9898//3 9900//3 10318//3 10316//3
f 9899//4 10317//4 10319//4 9901//4
f 9902//3 9904//3 10322//3 10320//3
f 9903//4 10321//4 10323//4 9905//4
f 9904//3 9906//3 10324//3 10322//3
f 9905//4 10323//4 10325//4 9907//4
f 9906//3 9908//3 10326//3 10324//3
f 9907//4 10325//4 10327//4 9909//4
f 9908//3 9910//3 10328//3 10326//3
f 9909//4 10327//4 10329//4 9911//4
f 9910//3 9912//3 10330//3 10328//3
f 9911//4 10329//4 10331//4 9913//4
f 9912//3 9914//3 10332//3 10330//3
f 9913//4 10331//4 10333//4 9915//4
f 9916//3 9918//3 10336//3 10334//3
f 9917//4 10335//4 10337//4 9919//4
f 9918//3 9920//3 10338//3 10336//3
f 9919//4 10337//4 10339//4 9921//4
f 9920//3 9922//3 10340//3 10338//3
f 9921//4 10339//4 10341//4 9923//4
f 9922//3 9924//3 10342//3 10340//3
f 9923//4 10341//4 10343//4 9925//4
f 9924//3 9926//3 10344//3 10342//3
f 9925//4 10343//4 10345//4 9927//4
f 9926//3 9928//3 10346//3 10344//3
f 9927//4 10345//4 10347//4 9929//4
f 9930//3 9932//3 10350//3 10348//3
f 9931//4 10349//4 10351//4 9933//4
f 9932//3 9934//3 10352//3 10350//3
f 9933//4 10351//4 10353//4 9935//4
f 9934//3 9936//3 10354//3 10352//3
f 9935//4 10353//4 10355//4 9937//4
f 9936//3 9938//3 10356//3 10354//3
f 9937//4 10355//4 10357//4 9939//4
f 9938//3 9940//3 10358//3 10356//3
f 9939//4 10357//4 10260//4 9842//4
f 9940//3 9941//3 10359//3 10358//3
f 9942//3 9944//3 10362//3 10360//3
f 9943//4 10361//4 10363//4 9945//4
f 9944//3 9946//3 10364//3 10362//3
f 9945//4 10363//4 10365//4 9947//4
f 9946//3 9948//3 10366//3 10364//3
f 9947//4 10365//4 10367//4 9949//4
f 9948//3 9950//3 10368//3 10366//3
f 9949//4 10367//4 10262//4 9844//4
f 9950//3 9951//3 10369//3 10368//3
f 9951//3 9952//3 10370//3 10369//3
f 9845//4 10263//4 10371//4 9953//4
f 10264//1 10648//1 10649//1 10265//1
f 10264//3 10266//3 10650//3 10648//3
f 10265//4 10649//4 10651//4 10267//4
f 10266//3 10268//3 10652//3 10650//3
f 10267//4 10651//4 10653//4 10269//4
f 10268//3 10270//3 10654//3 10652//3
f 10269//4 10653//4 10655//4 10271//4
f 10270//3 10272//3 10656//3 10654//3
f 10271//4 10655//4 10657//4 10273//4
f 10272//3 10274//3 10658//3 10656//3
f 10273//4 10657//4 10636//4 10275//4
f 10276//3 10278//3 10659//3 10660//3
f 10277//4 10637//4 10661//4 10279//4
f 10278//3 10280//3 10662//3 10659//3
f 10279//4 10661//4 10663//4 10281//4
f 10280//3 10282//3 10664//3 10662//3
f 10281//4 10663//4 10665//4 10283//4
f 10282//3 10284//3 10666//3 10664//3
f 10283//4 10665//4 10638//4 10285//4
f 10286//3 10288//3 10667//3 10668//3
f 10287//4 10639//4 10669//4 10289//4
f 10290//3 10292//3 10672//3 10670//3
f 10291//4 10671//4 10673//4 10293//4
f 10292//3 10294//3 10674//3 10672//3
f 10293//4 10673//4 10675//4 10295//4
f 10294//3 10296//3 10676//3 10674//3
f 10295//4 10675//4 10677//4 10297//4
f 10296//3 10298//3 10678//3 10676//3
f 10297//4 10677//4 10679//4 10299//4
f 10298//3 10300//3 10680//3 10678//3
f 10299//4 10679//4 10681//4 10301//4
f 10300//3 10302//3 10682//3 10680//3
f 10301//4 10681//4 10683//4 10303//4
f 10304//3 10306//3 10686//3 10684//3
f 10305//4 10685//4 10687//4 10307//4
f 10306//3 10308//3 10688//3 10686//3
f 10307//4 10687//4 10689//4 10309//4
f 10308//3 10310//3 10690//3 10688//3
f 10309//4 10689//4 10691//4 10311//4
f 10310//3 10312//3 10692//3 10690//3
f 10311//4 10691//4 10693//4 10313//4
f 10312//3 10314//3 10694//3 10692//3
f 10313//4 10693//4 10695//4 10315//4
f 10314//3 10316//3 10696//3 10694//3
f 10315//4 10695//4 10697//4 10317//4
f 10318//3 10320//3 10700//3 10698//3
f 10319//4 10699//4 10701//4 10321//4
f 10320//3 10322//3 10702//3 10700//3
f 10321//4 10701//4 10703//4 10323//4
f 10322//3 10324//3 10704//3 10702//3
f 10323//4 10703//4 10705//4 10325//4
f 10324//3 10326//3 10706//3 10704//3
f 10325//4 10705//4 10707//4 10327//4
f 10326//3 10328//3 10708//3 10706//3
f 10327//4 10707//4 10709//4 10329//4
f 10328//3 10330//3 10710//3 10708//3
f 10329//4 10709//4 10711//4 10331//4
f 10332//3 10334//3 10714//3 10712//3
f 10333//4 10713//4 10715//4 10335//4
f 10334//3 10336//3 10716//3 10714//3
f 10335//4 10715//4 10717//4 10337//4
f 10336//3 10338//3 10718//3 10716//3
f 10337//4 10717//4 10719//4 10339//4
f 10338//3 10340//3 10720//3 10718//3
f 10339//4 10719//4 10721//4 10341//4
f 10340//3 10342//3 10722//3 10720//3
f 10341//4 10721//4 10640//4 10343//4
f 10346//3 10348//3 10726//3 10723//3
f 10347//4 10725//4 10727//4 10349//4
f 10348//3 10350//3 10728//3 10726//3
f 10349//4 10727//4 10729//4 10351//4
f 10350//3 10352//3 10730//3 10728//3
f 10351//4 10729//4 10731//4 10353//4
f 10352//3 10354//3 10732//3 10730//3
f 10353//4 10731//4 10642//4 10355//4
f 10356//3 10358//3 10733//3 10734//3
f 10357//4 10643//4 10644//4 10260//4
f 10359//3 10360//3 10736//3 10735//3
f 10261//4 10645//4 10737//4 10361//4
f 10360//3 10362//3 10738//3 10736//3
f 10361//4 10737//4 10739//4 10363//4
f 10362//3 10364//3 10740//3 10738//3
f 10363//4 10739//4 10741//4 10365//4
f 10364//3 10366//3 10742//3 10740//3
f 10365//4 10741//4 10743//4 10367//4
f 10366//3 10368//3 10744//3 10742//3
f 10367//4 10743//4 10646//4 10262//4
f 10368//3 10369//3 10745//3 10744//3
f 10373//2 10372//2 10748//2 10749//2
f 10370//3 10373//3 10749//3 10746//3
f 10371//4 10747//4 10748//4 10372//4
f 10648//1 11210//1 11211//1 10649//1
f 10648//3 10650//3 11212//3 11210//3
f 10649//4 11211//4 11213//4 10651//4
f 10650//3 10652//3 11214//3 11212//3
f 10651//4 11213//4 11215//4 10653//4
f 10652//3 10654//3 11216//3 11214//3
f 10653//4 11215//4 11217//4 10655//4
f 10654//3 10656//3 11218//3 11216//3
f 10655//4 11217//4 11219//4 10657//4
f 10658//3 10660//3 11222//3 11220//3
f 10636//4 11221//4 11223//4 10637//4
f 10660//3 10659//3 11224//3 11222//3
f 10637//4 11223//4 11225//4 10661//4
f 10659//3 10662//3 11226//3 11224//3
f 10661//4 11225//4 11227//4 10663//4
f 10662//3 10664//3 11228//3 11226//3
f 10663//4 11227//4 11229//4 10665//4
f 10664//3 10666//3 11230//3 11228//3
f 10665//4 11229//4 11231//4 10638//4
f 10666//3 10668//3 11232//3 11230//3
f 10638//4 11231//4 11233//4 10639//4
f 10667//3 10670//3 11236//3 11234//3
f 10669//4 11235//4 11237//4 10671//4
f 10670//3 10672//3 11238//3 11236//3
f 10671//4 11237//4 11239//4 10673//4
f 10672//3 10674//3 11240//3 11238//3
f 10673//4 11239//4 11241//4 10675//4
f 10674//3 10676//3 11242//3 11240//3
f 10675//4 11241//4 11243//4 10677//4
f 10676//3 10678//3 11244//3 11242//3
f 10677//4 11243//4 11245//4 10679//4
f 10678//3 10680//3 11246//3 11244//3
f 10679//4 11245//4 11247//4 10681//4
f 10682//3 10684//3 11250//3 11248//3
f 10683//4 11249//4 11251//4 10685//4
f 10684//3 10686//3 11252//3 11250//3
f 10685//4 11251//4 11253//4 10687//4
f 10686//3 10688//3 11254//3 11252//3
f 10687//4 11253//4 11255//4 10689//4
f 10688//3 10690//3 11256//3 11254//3
f 10689//4 11255//4 11257//4 10691//4
f 10690//3 10692//3 11258//3 11256//3
f 10691//4 11257//4 11259//4 10693//4
f 10692//3 10694//3 11260//3 11258//3
f 10693//4 11259//4 11261//4 10695//4
f 10696//3 10698//3 11264//3 11262//3
f 10697//4 11263//4 11265//4 10699//4
f 10698//3 10700//3 11266//3 11264//3
f 10699//4 11265//4 11267//4 10701//4
f 10700//3 10702//3 11268//3 11266//3
f 10701//4 11267//4 11269//4 10703//4
f 10702//3 10704//3 11270//3 11268//3
f 10703//4 11269//4 11271//4 10705//4
f 10704//3 10706//3 11272//3 11270//3
f 10705//4 11271//4 11273//4 10707//4
f 10706//3 10708//3 11274//3 11272//3
f 10707//4 11273//4 11275//4 10709//4
f 10710//3 10712//3 11278//3 11276//3
f 10711//4 11277//4 11279//4 10713//4
f 10712//3 10714//3 11280//3 11278//3
f 10713//4 11279//4 11281//4 10715//4
f 10714//3 10716//3 11282//3 11280//3
f 10715//4 11281//4 11283//4 10717//4
f 10716//3 10718//3 11284//3 11282//3
f 10717//4 11283//4 11285//4 10719//4
f 10718//3 10720//3 11286//3 11284//3
f 10719//4 11285//4 11287//4 10721//4
f 10720//3 10722//3 11288//3 11286//3
f 10721//4 11287//4 11289//4 10640//4
f 10724//3 10723//3 11292//3 11290//3
f 10641//4 11291//4 11293//4 10725//4
f 10723//3 10726//3 11294//3 11292//3
f 10725//4 11293//4 11295//4 10727//4
f 10726//3 10728//3 11296//3 11294//3
f 10727//4 11295//4 11297//4 10729//4
f 10728//3 10730//3 11298//3 11296//3
f 10729//4 11297//4 11299//4 10731//4
f 10730//3 10732//3 11300//3 11298//3
f 10731//4 11299//4 11301//4 10642//4
f 10732//3 10734//3 11302//3 11300//3
f 10642//4 11301//4 11303//4 10643//4
f 10733//3 10735//3 11305//3 11304//3
f 10735//3 10736//3 11306//3 11305//3
f 10736//3 10738//3 11307//3 11306//3
f 10737//4 11206//4 11308//4 10739//4
f 10738//3 10740//3 11309//3 11307//3
f 10739//4 11308//4 11310//4 10741//4
f 10740//3 10742//3 11311//3 11309//3
f 10741//4 11310//4 11207//4 10743//4
f 10742//3 10744//3 11312//3 11311//3
f 10745//3 10746//3 11314//3 11313//3
f 10647//4 11208//4 11315//4 10747//4
f 10749//2 10748//2 11316//2 11317//2
f 10746//3 10749//3 11317//3 11314//3
f 10747//4 11315//4 11316//4 10748//4
f 11210//1 11698//1 11699//1 11211//1
f 11210//3 11212//3 11700//3 11698//3
f 11211//4 11699//4 11701//4 11213//4
f 11212//3 11214//3 11702//3 11700//3
f 11213//4 11701//4 11703//4 11215//4
f 11214//3 11216//3 11704//3 11702//3
f 11215//4 11703//4 11705//4 11217//4
f 11218//3 11220//3 11708//3 11706//3
f 11219//4 11707//4 11709//4 11221//4
f 11220//3 11222//3 11710//3 11708//3
f 11221//4 11709//4 11711//4 11223//4
f 11222//3 11224//3 11712//3 11710//3
f 11223//4 11711//4 11713//4 11225//4
f 11224//3 11226//3 11714//3 11712//3
f 11225//4 11713//4 11715//4 11227//4
f 11226//3 11228//3 11716//3 11714//3
f 11227//4 11715//4 11717//4 11229//4
f 11228//3 11230//3 11718//3 11716//3
f 11229//4 11717//4 11719//4 11231//4
f 11232//3 11234//3 11722//3 11720//3
f 11233//4 11721//4 11723//4 11235//4
f 11234//3 11236//3 11724//3 11722//3
f 11235//4 11723//4 11725//4 11237//4
f 11236//3 11238//3 11726//3 11724//3
f 11237//4 11725//4 11727//4 11239//4
f 11238//3 11240//3 11728//3 11726//3
f 11239//4 11727//4 11729//4 11241//4
f 11240//3 11242//3 11730//3 11728//3
f 11241//4 11729//4 11731//4 11243//4
f 11242//3 11244//3 11732//3 11730//3
f 11243//4 11731//4 11733//4 11245//4
f 11246//3 11248//3 11736//3 11734//3
f 11247//4 11735//4 11737//4 11249//4
f 11248//3 11250//3 11738//3 11736//3
f 11249//4 11737//4 11739//4 11251//4
f 11250//3 11252//3 11740//3 11738//3
f 11251//4 11739//4 11741//4 11253//4
f 11252//3 11254//3 11742//3 11740//3
f 11253//4 11741//4 11743//4 11255//4
f 11254//3 11256//3 11744//3 11742//3
f 11255//4 11743//4 11745//4 11257//4
f 11256//3 11258//3 11746//3 11744//3
f 11257//4 11745//4 11747//4 11259//4
f 11260//3 11262//3 11750//3 11748//3
f 11261//4 11749//4 11751//4 11263//4
f 11262//3 11264//3 11752//3 11750//3
f 11263//4 11751//4 11753//4 11265//4
f 11264//3 11266//3 11754//3 11752//3
f 11265//4 11753//4 11755//4 11267//4
f 11266//3 11268//3 11756//3 11754//3
f 11267//4 11755//4 11757//4 11269//4
f 11268//3 11270//3 11758//3 11756//3
f 11269//4 11757//4 11759//4 11271//4
f 11270//3 11272//3 11760//3 11758//3
f 11271//4 11759//4 11761//4 11273//4
f 11274//3 11276//3 11764//3 11762//3
f 11275//4 11763//4 11765//4 11277//4
f 11276//3 11278//3 11766//3 11764//3
f 11277//4 11765//4 11767//4 11279//4
f 11278//3 11280//3 11768//3 11766//3
f 11279//4 11767//4 11769//4 11281//4
f 11280//3 11282//3 11770//3 11768//3
f 11281//4 11769//4 11771//4 11283//4
f 11282//3 11284//3 11772//3 11770//3
f 11283//4 11771//4 11773//4 11285//4
f 11284//3 11286//3 11774//3 11772//3
f 11285//4 11773//4 11775//4 11287//4
f 11288//3 11290//3 11778//3 11776//3
f 11289//4 11777//4 11779//4 11291//4
f 11290//3 11292//3 11780//3 11778//3
f 11291//4 11779//4 11781//4 11293//4
f 11292//3 11294//3 11782//3 11780//3
f 11293//4 11781//4 11783//4 11295//4
f 11294//3 11296//3 11784//3 11782//3
f 11295//4 11783//4 11785//4 11297//4
f 11296//3 11298//3 11786//3 11784//3
f 11297//4 11785//4 11787//4 11299//4
f 11298//3 11300//3 11788//3 11786//3
f 11299//4 11787//4 11789//4 11301//4
f 11302//3 11304//3 11792//3 11790//3
f 11303//4 11791//4 11793//4 11204//4
f 11304//3 11305//3 11794//3 11792//3
f 11204//4 11793//4 11692//4 11205//4
f 11305//3 11306//3 11795//3 11794//3
f 11306//3 11307//3 11796//3 11795//3
f 11307//3 11309//3 11797//3 11796//3
f 11309//3 11311//3 11798//3 11797//3
f 11312//3 11313//3 11800//3 11799//3
f 11209//4 11697//4 11801//4 11208//4
f 11313//3 11314//3 11802//3 11800//3
f 11208//4 11801//4 11803//4 11315//4
f 11317//2 11316//2 11804//2 11805//2
f 11314//3 11317//3 11805//3 11802//3
f 11315//4 11803//4 11804//4 11316//4
f 11698//1 11870//1 11871//1 11699//1
f 11698//3 11700//3 11872//3 11870//3
f 11699//4 11871//4 11873//4 11701//4
f 11700//3 11702//3 11874//3 11872//3
f 11701//4 11873//4 11875//4 11703//4
f 11704//3 11706//3 11878//3 11876//3
f 11705//4 11877//4 11879//4 11707//4
f 11706//3 11708//3 11880//3 11878//3
f 11707//4 11879//4 11881//4 11709//4
f 11708//3 11710//3 11882//3 11880//3
f 11709//4 11881//4 11883//4 11711//4
f 11710//3 11712//3 11884//3 11882//3
f 11711//4 11883//4 11885//4 11713//4
f 11712//3 11714//3 11886//3 11884//3
f 11713//4 11885//4 11887//4 11715//4
f 11714//3 11716//3 11888//3 11886//3
f 11715//4 11887//4 11889//4 11717//4
f 11718//3 11720//3 11892//3 11890//3
f 11719//4 11891//4 11893//4 11721//4
f 11720//3 11722//3 11894//3 11892//3
f 11721//4 11893//4 11895//4 11723//4
f 11722//3 11724//3 11896//3 11894//3
f 11723//4 11895//4 11897//4 11725//4
f 11724//3 11726//3 11898//3 11896//3
f 11725//4 11897//4 11899//4 11727//4
f 11726//3 11728//3 11900//3 11898//3
f 11727//4 11899//4 11901//4 11729//4
f 11728//3 11730//3 11902//3 11900//3
f 11729//4 11901//4 11903//4 11731//4
f 11732//3 11734//3 11906//3 11904//3
f 11733//4 11905//4 11907//4 11735//4
f 11734//3 11736//3 11908//3 11906//3
f 11735//4 11907//4 11909//4 11737//4
f 11736//3 11738//3 11910//3 11908//3
f 11737//4 11909//4 11911//4 11739//4
f 11738//3 11740//3 11912//3 11910//3
f 11739//4 11911//4 11913//4 11741//4
f 11740//3 11742//3 11914//3 11912//3
f 11741//4 11913//4 11915//4 11743//4
f 11742//3 11744//3 11916//3 11914//3
f 11743//4 11915//4 11917//4 11745//4
f 11746//3 11748//3 11920//3 11918//3
f 11747//4 11919//4 11921//4 11749//4
f 11748//3 11750//3 11922//3 11920//3
f 11749//4 11921//4 11923//4 11751//4
f 11750//3 11752//3 11924//3 11922//3
f 11751//4 11923//4 11925//4 11753//4
f 11752//3 11754//3 11926//3 11924//3
f 11753//4 11925//4 11927//4 11755//4
f 11754//3 11756//3 11928//3 11926//3
f 11755//4 11927//4 11929//4 11757//4
f 11756//3 11758//3 11930//3 11928//3
f 11757//4 11929//4 11931//4 11759//4
f 11760//3 11762//3 11934//3 11932//3
f 11761//4 11933//4 11935//4 11763//4
f 11762//3 11764//3 11936//3 11934//3
f 11763//4 11935//4 11937//4 11765//4
f 11764//3 11766//3 11938//3 11936//3
f 11765//4 11937//4 11939//4 11767//4
f 11766//3 11768//3 11940//3 11938//3
f 11767//4 11939//4 11941//4 11769//4
f 11768//3 11770//3 11942//3 11940//3
f 11769//4 11941//4 11943//4 11771//4
f 11770//3 11772//3 11944//3 11942//3
f 11771//4 11943//4 11945//4 11773//4
f 11774//3 11776//3 11948//3 11946//3
f 11775//4 11947//4 11949//4 11777//4
f 11776//3 11778//3 11950//3 11948//3
f 11777//4 11949//4 11951//4 11779//4
f 11778//3 11780//3 11952//3 11950//3
f 11779//4 11951//4 11953//4 11781//4
f 11780//3 11782//3 11954//3 11952//3
f 11781//4 11953//4 11955//4 11783//4
f 11782//3 11784//3 11956//3 11954//3
f 11783//4 11955//4 11957//4 11785//4
f 11784//3 11786//3 11958//3 11956//3
f 11785//4 11957//4 11959//4 11787//4
f 11788//3 11790//3 11962//3 11960//3
f 11789//4 11961//4 11963//4 11791//4
f 11790//3 11792//3 11964//3 11962//3
f 11791//4 11963//4 11965//4 11793//4
f 11792//3 11794//3 11966//3 11964//3
f 11793//4 11965//4 11967//4 11692//4
f 11794//3 11795//3 11968//3 11966//3
f 11692//4 11967//4 11969//4 11693//4
f 11795//3 11796//3 11970//3 11968//3
f 11693//4 11969//4 11971//4 11694//4
f 11796//3 11797//3 11972//3 11970//3
f 11694//4 11971//4 11973//4 11695//4
f 11798//3 11799//3 11976//3 11974//3
f 11696//4 11975//4 11977//4 11697//4
f 11799//3 11800//3 11978//3 11976//3
f 11697//4 11977//4 11979//4 11801//4
f 11800//3 11802//3 11980//3 11978//3
f 11801//4 11979//4 11981//4 11803//4
f 11805//2 11804//2 11982//2 11983//2
f 11802//3 11805//3 11983//3 11980//3
f 11803//4 11981//4 11982//4 11804//4
f 11870//1 12022//1 12023//1 11871//1
f 11870//3 11872//3 12024//3 12022//3
f 11871//4 12023//4 12025//4 11873//4
f 11874//3 11876//3 12028//3 12026//3
f 11875//4 12027//4 12029//4 11877//4
f 11876//3 11878//3 12030//3 12028//3
f 11877//4 12029//4 12031//4 11879//4
f 11878//3 11880//3 12032//3 12030//3
f 11879//4 12031//4 12033//4 11881//4
f 11880//3 11882//3 12034//3 12032//3
f 11881//4 12033//4 12035//4 11883//4
f 11882//3 11884//3 12036//3 12034//3
f 11883//4 12035//4 12037//4 11885//4
f 11884//3 11886//3 12038//3 12036//3
f 11885//4 12037//4 12039//4 11887//4
f 11888//3 11890//3 12042//3 12040//3
f 11889//4 12041//4 12043//4 11891//4
f 11890//3 11892//3 12044//3 12042//3
f 11891//4 12043//4 12045//4 11893//4
f 11892//3 11894//3 12046//3 12044//3
f 11893//4 12045//4 12047//4 11895//4
f 11894//3 11896//3 12048//3 12046//3
f 11895//4 12047//4 12049//4 11897//4
f 11896//3 11898//3 12050//3 12048//3
f 11897//4 12049//4 12051//4 11899//4
f 11898//3 11900//3 12052//3 12050//3
f 11899//4 12051//4 12053//4 11901//4
f 11902//3 11904//3 12056//3 12054//3
f 11903//4 12055//4 12057//4 11905//4
f 11904//3 11906//3 12058//3 12056//3
f 11905//4 12057//4 12059//4 11907//4
f 11906//3 11908//3 12060//3 12058//3
f 11907//4 12059//4 12061//4 11909//4
f 11908//3 11910//3 12062//3 12060//3
f 11909//4 12061//4 12063//4 11911//4
f 11910//3 11912//3 12064//3 12062//3
f 11911//4 12063//4 12065//4 11913//4
f 11912//3 11914//3 12066//3 12064//3
f 11913//4 12065//4 12067//4 11915//4
f 11916//3 11918//3 12070//3 12068//3
f 11917//4 12069//4 12071//4 11919//4
f 11918//3 11920//3 12072//3 12070//3
f 11919//4 12071//4 12073//4 11921//4
f 11920//3 11922//3 12074//3 12072//3
f 11921//4 12073//4 12075//4 11923//4
f 11922//3 11924//3 12076//3 12074//3
f 11923//4 12075//4 12077//4 11925//4
f 11924//3 11926//3 12078//3 12076//3
f 11925//4 12077//4 12079//4 11927//4
f 11926//3 11928//3 12080//3 12078//3
f 11927//4 12079//4 12081//4 11929//4
f 11930//3 11932//3 12084//3 12082//3
f 11931//4 12083//4 12085//4 11933//4
f 11932//3 11934//3 12086//3 12084//3
f 11933//4 12085//4 12087//4 11935//4
f 11934//3 11936//3 12088//3 12086//3
f 11935//4 12087//4 12089//4 11937//4
f 11936//3 11938//3 12090//3 12088//3
f 11937//4 12089//4 12091//4 11939//4
f 11938//3 11940//3 12092//3 12090//3
f 11939//4 12091//4 12093//4 11941//4
f 11940//3 11942//3 12094//3 12092//3
f 11941//4 12093//4 12095//4 11943//4
f 11944//3 11946//3 12098//3 12096//3
f 11945//4 12097//4 12099//4 11947//4
f 11946//3 11948//3 12100//3 12098//3
f 11947//4 12099//4 12101//4 11949//4
f 11948//3 11950//3 12102//3 12100//3
f 11949//4 12101//4 12103//4 11951//4
f 11950//3 11952//3 12104//3 12102//3
f 11951//4 12103//4 12105//4 11953//4
f 11952//3 11954//3 12106//3 12104//3
f 11953//4 12105//4 12107//4 11955//4
f 11954//3 11956//3 12108//3 12106//3
f 11955//4 12107//4 12109//4 11957//4
f 11958//3 11960//3 12112//3 12110//3
f 11959//4 12111//4 12113//4 11961//4
f 11960//3 11962//3 12114//3 12112//3
f 11961//4 12113//4 12115//4 11963//4
f 11962//3 11964//3 12116//3 12114//3
f 11963//4 12115//4 12117//4 11965//4
f 11964//3 11966//3 12118//3 12116//3
f 11965//4 12117//4 12119//4 11967//4
f 11966//3 11968//3 12120//3 12118//3
f 11967//4 12119//4 12121//4 11969//4
f 11968//3 11970//3 12122//3 12120//3
f 11969//4 12121//4 12123//4 11971//4
f 11972//3 11974//3 12126//3 12124//3
f 11973//4 12125//4 12127//4 11975//4
f 11974//3 11976//3 12128//3 12126//3
f 11975//4 12127//4 12129//4 11977//4
f 11976//3 11978//3 12130//3 12128//3
f 11977//4 12129//4 12131//4 11979//4
f 11978//3 11980//3 12132//3 12130//3
f 11979//4 12131//4 12133//4 11981//4
f 11983//2 11982//2 12134//2 12135//2
f 11980//3 11983//3 12135//3 12132//3
f 11981//4 12133//4 12134//4 11982//4
f 12024//3 12026//3 12170//3 12168//3
f 12025//4 12169//4 12171//4 12027//4
f 12026//3 12028//3 12172//3 12170//3
f 12027//4 12171//4 12173//4 12029//4
f 12028//3 12030//3 12174//3 12172//3
f 12029//4 12173//4 12175//4 12031//4
f 12030//3 12032//3 12176//3 12174//3
f 12031//4 12175//4 12177//4 12033//4
f 12032//3 12034//3 12178//3 12176//3
f 12033//4 12177//4 12179//4 12035//4
f 12034//3 12036//3 12180//3 12178//3
f 12035//4 12179//4 12181//4 12037//4
f 12038//3 12040//3 12184//3 12182//3
f 12039//4 12183//4 12185//4 12041//4
f 12040//3 12042//3 12186//3 12184//3
f 12041//4 12185//4 12187//4 12043//4
f 12042//3 12044//3 12188//3 12186//3
f 12043//4 12187//4 12189//4 12045//4
f 12044//3 12046//3 12190//3 12188//3
f 12045//4 12189//4 12191//4 12047//4
f 12046//3 12048//3 12192//3 12190//3
f 12047//4 12191//4 12193//4 12049//4
f 12048//3 12050//3 12194//3 12192//3
f 12049//4 12193//4 12195//4 12051//4
f 12052//3 12054//3 12198//3 12196//3
f 12053//4 12197//4 12199//4 12055//4
f 12054//3 12056//3 12200//3 12198//3
f 12055//4 12199//4 12201//4 12057//4
f 12056//3 12058//3 12202//3 12200//3
f 12057//4 12201//4 12203//4 12059//4
f 12058//3 12060//3 12204//3 12202//3
f 12059//4 12203//4 12205//4 12061//4
f 12060//3 12062//3 12206//3 12204//3
f 12061//4 12205//4 12207//4 12063//4
f 12062//3 12064//3 12208//3 12206//3
f 12063//4 12207//4 12209//4 12065//4
f 12066//3 12068//3 12212//3 12210//3
f 12067//4 12211//4 12213//4 12069//4
f 12068//3 12070//3 12214//3 12212//3
f 12069//4 12213//4 12215//4 12071//4
f 12070//3 12072//3 12216//3 12214//3
f 12071//4 12215//4 12217//4 12073//4
f 12072//3 12074//3 12218//3 12216//3
f 12073//4 12217//4 12219//4 12075//4
f 12074//3 12076//3 12220//3 12218//3
f 12075//4 12219//4 12221//4 12077//4
f 12076//3 12078//3 12222//3 12220//3
f 12077//4 12221//4 12223//4 12079//4
f 12080//3 12082//3 12226//3 12224//3
f 12081//4 12225//4 12227//4 12083//4
f 12082//3 12084//3 12228//3 12226//3
f 12083//4 12227//4 12229//4 12085//4
f 12084//3 12086//3 12230//3 12228//3
f 12085//4 12229//4 12231//4 12087//4
f 12086//3 12088//3 12232//3 12230//3
f 12087//4 12231//4 12233//4 12089//4
f 12088//3 12090//3 12234//3 12232//3
f 12089//4 12233//4 12235//4 12091//4
f 12090//3 12092//3 12236//3 12234//3
f 12091//4 12235//4 12237//4 12093//4
f 12094//3 12096//3 12240//3 12238//3
f 12095//4 12239//4 12241//4 12097//4
f 12096//3 12098//3 12242//3 12240//3
f 12097//4 12241//4 12243//4 12099//4
f 12098//3 12100//3 12244//3 12242//3
f 12099//4 12243//4 12245//4 12101//4
f 12100//3 12102//3 12246//3 12244//3
f 12101//4 12245//4 12247//4 12103//4
f 12102//3 12104//3 12248//3 12246//3
f 12103//4 12247//4 12249//4 12105//4
f 12104//3 12106//3 12250//3 12248//3
f 12105//4 12249//4 12251//4 12107//4
f 12108//3 12110//3 12254//3 12252//3
f 12109//4 12253//4 12255//4 12111//4
f 12110//3 12112//3 12256//3 12254//3
f 12111//4 12255//4 12257//4 12113//4
f 12112//3 12114//3 12258//3 12256//3
f 12113//4 12257//4 12259//4 12115//4
f 12114//3 12116//3 12260//3 12258//3
f 12115//4 12259//4 12261//4 12117//4
f 12116//3 12118//3 12262//3 12260//3
f 12117//4 12261//4 12263//4 12119//4
f 12118//3 12120//3 12264//3 12262//3
f 12119//4 12263//4 12265//4 12121//4
f 12122//3 12124//3 12268//3 12266//3
f 12123//4 12267//4 12269//4 12125//4
f 12124//3 12126//3 12270//3 12268//3
f 12125//4 12269//4 12271//4 12127//4
f 12126//3 12128//3 12272//3 12270//3
f 12127//4 12271//4 12273//4 12129//4
f 12128//3 12130//3 12274//3 12272//3
f 12129//4 12273//4 12275//4 12131//4
f 12130//3 12132//3 12276//3 12274//3
f 12131//4 12275//4 12277//4 12133//4
f 12135//2 12134//2 12278//2 12279//2
f 12132//3 12135//3 12279//3 12276//3
f 12133//4 12277//4 12278//4 12134//4
f 12166//1 12350//1 12351//1 12167//1
f 12166//3 12168//3 12352//3 12350//3
f 12167//4 12351//4 12353//4 12169//4
f 12168//3 12170//3 12354//3 12352//3
f 12169//4 12353//4 12355//4 12171//4
f 12170//3 12172//3 12356//3 12354//3
f 12171//4 12355//4 12357//4 12173//4
f 12172//3 12174//3 12358//3 12356//3
f 12173//4 12357//4 12359//4 12175//4
f 12174//3 12176//3 12360//3 12358//3
f 12175//4 12359//4 12342//4 12177//4
f 12180//3 12182//3 12364//3 12361//3
f 12181//4 12363//4 12365//4 12183//4
f 12182//3 12184//3 12366//3 12364//3
f 12183//4 12365//4 12367//4 12185//4
f 12184//3 12186//3 12368//3 12366//3
f 12185//4 12367//4 12344//4 12187//4
f 12188//3 12190//3 12369//3 12370//3
f 12189//4 12345//4 12371//4 12191//4
f 12190//3 12192//3 12372//3 12369//3
f 12191//4 12371//4 12373//4 12193//4
f 12194//3 12196//3 12376//3 12374//3
f 12195//4 12375//4 12377//4 12197//4
f 12196//3 12198//3 12378//3 12376//3
f 12197//4 12377//4 12379//4 12199//4
f 12198//3 12200//3 12380//3 12378//3
f 12199//4 12379//4 12381//4 12201//4
f 12200//3 12202//3 12382//3 12380//3
f 12201//4 12381//4 12383//4 12203//4
f 12202//3 12204//3 12384//3 12382//3
f 12203//4 12383//4 12385//4 12205//4
f 12204//3 12206//3 12386//3 12384//3
f 12205//4 12385//4 12387//4 12207//4
f 12208//3 12210//3 12390//3 12388//3
f 12209//4 12389//4 12391//4 12211//4
f 12210//3 12212//3 12392//3 12390//3
f 12211//4 12391//4 12393//4 12213//4
f 12212//3 12214//3 12394//3 12392//3
f 12213//4 12393//4 12395//4 12215//4
f 12214//3 12216//3 12396//3 12394//3
f 12215//4 12395//4 12397//4 12217//4
f 12216//3 12218//3 12398//3 12396//3
f 12217//4 12397//4 12399//4 12219//4
f 12218//3 12220//3 12400//3 12398//3
f 12219//4 12399//4 12401//4 12221//4
f 12222//3 12224//3 12404//3 12402//3
f 12223//4 12403//4 12405//4 12225//4
f 12224//3 12226//3 12406//3 12404//3
f 12225//4 12405//4 12407//4 12227//4
f 12226//3 12228//3 12408//3 12406//3
f 12227//4 12407//4 12409//4 12229//4
f 12228//3 12230//3 12410//3 12408//3
f 12229//4 12409//4 12411//4 12231//4
f 12230//3 12232//3 12412//3 12410//3
f 12231//4 12411//4 12413//4 12233//4
f 12232//3 12234//3 12414//3 12412//3
f 12233//4 12413//4 12415//4 12235//4
f 12236//3 12238//3 12418//3 12416//3
f 12237//4 12417//4 12419//4 12239//4
f 12238//3 12240//3 12420//3 12418//3
f 12239//4 12419//4 12421//4 12241//4
f 12240//3 12242//3 12422//3 12420//3
f 12241//4 12421//4 12423//4 12243//4
f 12242//3 12244//3 12424//3 12422//3
f 12243//4 12423//4 12346//4 12245//4
f 12246//3 12248//3 12425//3 12426//3
f 12247//4 12347//4 12427//4 12249//4
f 12250//3 12252//3 12430//3 12428//3
f 12251//4 12429//4 12431//4 12253//4
f 12252//3 12254//3 12432//3 12430//3
f 12253//4 12431//4 12433//4 12255//4
f 12254//3 12256//3 12434//3 12432//3
f 12255//4 12433//4 12348//4 12257//4
f 12258//3 12260//3 12435//3 12436//3
f 12259//4 12349//4 12437//4 12261//4
f 12260//3 12262//3 12438//3 12435//3
f 12261//4 12437//4 12439//4 12263//4
f 12264//3 12266//3 12442//3 12440//3
f 12265//4 12441//4 12443//4 12267//4
f 12266//3 12268//3 12444//3 12442//3
f 12267//4 12443//4 12445//4 12269//4
f 12268//3 12270//3 12446//3 12444//3
f 12269//4 12445//4 12447//4 12271//4
f 12270//3 12272//3 12448//3 12446//3
f 12271//4 12447//4 12449//4 12273//4
f 12272//3 12274//3 12450//3 12448//3
f 12273//4 12449//4 12451//4 12275//4
f 12274//3 12276//3 12452//3 12450//3
f 12275//4 12451//4 12453//4 12277//4
f 12350//1 12558//1 12559//1 12351//1
f 12350//3 12352//3 12560//3 12558//3
f 12351//4 12559//4 12561//4 12353//4
f 12352//3 12354//3 12562//3 12560//3
f 12353//4 12561//4 12563//4 12355//4
f 12354//3 12356//3 12564//3 12562//3
f 12355//4 12563//4 12565//4 12357//4
f 12356//3 12358//3 12566//3 12564//3
f 12357//4 12565//4 12567//4 12359//4
f 12358//3 12360//3 12568//3 12566//3
f 12359//4 12567//4 12569//4 12342//4
f 12362//3 12361//3 12572//3 12570//3
f 12343//4 12571//4 12573//4 12363//4
f 12361//3 12364//3 12574//3 12572//3
f 12363//4 12573//4 12575//4 12365//4
f 12364//3 12366//3 12576//3 12574//3
f 12365//4 12575//4 12577//4 12367//4
f 12366//3 12368//3 12578//3 12576//3
f 12367//4 12577//4 12579//4 12344//4
f 12368//3 12370//3 12580//3 12578//3
f 12344//4 12579//4 12581//4 12345//4
f 12370//3 12369//3 12582//3 12580//3
f 12345//4 12581//4 12583//4 12371//4
f 12372//3 12374//3 12586//3 12584//3
f 12373//4 12585//4 12587//4 12375//4
f 12374//3 12376//3 12588//3 12586//3
f 12375//4 12587//4 12589//4 12377//4
f 12376//3 12378//3 12590//3 12588//3
f 12377//4 12589//4 12591//4 12379//4
f 12378//3 12380//3 12592//3 12590//3
f 12379//4 12591//4 12593//4 12381//4
f 12380//3 12382//3 12594//3 12592//3
f 12381//4 12593//4 12595//4 12383//4
f 12382//3 12384//3 12596//3 12594//3
f 12383//4 12595//4 12597//4 12385//4
f 12386//3 12388//3 12600//3 12598//3
f 12387//4 12599//4 12601//4 12389//4
f 12388//3 12390//3 12602//3 12600//3
f 12389//4 12601//4 12603//4 12391//4
f 12390//3 12392//3 12604//3 12602//3
f 12391//4 12603//4 12605//4 12393//4
f 12392//3 12394//3 12606//3 12604//3
f 12393//4 12605//4 12607//4 12395//4
f 12394//3 12396//3 12608//3 12606//3
f 12395//4 12607//4 12609//4 12397//4
f 12396//3 12398//3 12610//3 12608//3
f 12397//4 12609//4 12611//4 12399//4
f 12400//3 12402//3 12614//3 12612//3
f 12401//4 12613//4 12615//4 12403//4
f 12402//3 12404//3 12616//3 12614//3
f 12403//4 12615//4 12617//4 12405//4
f 12404//3 12406//3 12618//3 12616//3
f 12405//4 12617//4 12619//4 12407//4
f 12406//3 12408//3 12620//3 12618//3
f 12407//4 12619//4 12621//4 12409//4
f 12408//3 12410//3 12622//3 12620//3
f 12409//4 12621//4 12623//4 12411//4
f 12410//3 12412//3 12624//3 12622//3
f 12411//4 12623//4 12625//4 12413//4
f 12414//3 12416//3 12628//3 12626//3
f 12415//4 12627//4 12629//4 12417//4
f 12416//3 12418//3 12630//3 12628//3
f 12417//4 12629//4 12631//4 12419//4
f 12418//3 12420//3 12632//3 12630//3
f 12419//4 12631//4 12633//4 12421//4
f 12420//3 12422//3 12634//3 12632//3
f 12421//4 12633//4 12635//4 12423//4
f 12422//3 12424//3 12636//3 12634//3
f 12423//4 12635//4 12637//4 12346//4
f 12424//3 12426//3 12638//3 12636//3
f 12346//4 12637//4 12639//4 12347//4
f 12425//3 12428//3 12642//3 12640//3
f 12427//4 12641//4 12643//4 12429//4
f 12428//3 12430//3 12644//3 12642//3
f 12429//4 12643//4 12645//4 12431//4
f 12430//3 12432//3 12646//3 12644//3
f 12431//4 12645//4 12647//4 12433//4
f 12432//3 12434//3 12648//3 12646//3
f 12433//4 12647//4 12649//4 12348//4
f 12434//3 12436//3 12650//3 12648//3
f 12348//4 12649//4 12651//4 12349//4
f 12436//3 12435//3 12652//3 12650//3
f 12349//4 12651//4 12653//4 12437//4
f 12438//3 12440//3 12656//3 12654//3
f 12439//4 12655//4 12657//4 12441//4
f 12440//3 12442//3 12658//3 12656//3
f 12441//4 12657//4 12659//4 12443//4
f 12442//3 12444//3 12660//3 12658//3
f 12443//4 12659//4 12661//4 12445//4
f 12444//3 12446//3 12662//3 12660//3
f 12445//4 12661//4 12663//4 12447//4
f 12446//3 12448//3 12664//3 12662//3
f 12447//4 12663//4 12665//4 12449//4
f 12448//3 12450//3 12666//3 12664//3
f 12449//4 12665//4 12667//4 12451//4
f 12455//2 12454//2 12670//2 12671//2
f 12452//3 12455//3 12671//3 12668//3
f 12453//4 12669//4 12670//4 12454//4
f 12558//1 12764//1 12765//1 12559//1
f 12558//3 12560//3 12766//3 12764//3
f 12559//4 12765//4 12767//4 12561//4
f 12560//3 12562//3 12768//3 12766//3
f 12561//4 12767//4 12769//4 12563//4
f 12562//3 12564//3 12770//3 12768//3
f 12563//4 12769//4 12771//4 12565//4
f 12564//3 12566//3 12772//3 12770//3
f 12565//4 12771//4 12773//4 12567//4
f 12568//3 12570//3 12776//3 12774//3
f 12569//4 12775//4 12777//4 12571//4
f 12570//3 12572//3 12778//3 12776//3
f 12571//4 12777//4 12779//4 12573//4
f 12572//3 12574//3 12780//3 12778//3
f 12573//4 12779//4 12781//4 12575//4
f 12574//3 12576//3 12782//3 12780//3
f 12575//4 12781//4 12783//4 12577//4
f 12576//3 12578//3 12784//3 12782//3
f 12577//4 12783//4 12785//4 12579//4
f 12578//3 12580//3 12786//3 12784//3
f 12579//4 12785//4 12787//4 12581//4
f 12582//3 12584//3 12790//3 12788//3
f 12583//4 12789//4 12791//4 12585//4
f 12584//3 12586//3 12792//3 12790//3
f 12585//4 12791//4 12793//4 12587//4
f 12586//3 12588//3 12794//3 12792//3
f 12587//4 12793//4 12795//4 12589//4
f 12588//3 12590//3 12796//3 12794//3
f 12589//4 12795//4 12797//4 12591//4
f 12590//3 12592//3 12798//3 12796//3
f 12591//4 12797//4 12799//4 12593//4
f 12592//3 12594//3 12800//3 12798//3
f 12593//4 12799//4 12801//4 12595//4
f 12596//3 12598//3 12804//3 12802//3
f 12597//4 12803//4 12805//4 12599//4
f 12598//3 12600//3 12806//3 12804//3
f 12599//4 12805//4 12807//4 12601//4
f 12600//3 12602//3 12808//3 12806//3
f 12601//4 12807//4 12809//4 12603//4
f 12602//3 12604//3 12810//3 12808//3
f 12603//4 12809//4 12811//4 12605//4
f 12604//3 12606//3 12812//3 12810//3
f 12605//4 12811//4 12813//4 12607//4
f 12606//3 12608//3 12814//3 12812//3
f 12607//4 12813//4 12815//4 12609//4
f 12610//3 12612//3 12818//3 12816//3
f 12611//4 12817//4 12819//4 12613//4
f 12612//3 12614//3 12820//3 12818//3
f 12613//4 12819//4 12821//4 12615//4
f 12614//3 12616//3 12822//3 12820//3
f 12615//4 12821//4 12823//4 12617//4
f 12616//3 12618//3 12824//3 12822//3
f 12617//4 12823//4 12825//4 12619//4
f 12618//3 12620//3 12826//3 12824//3
f 12619//4 12825//4 12827//4 12621//4
f 12620//3 12622//3 12828//3 12826//3
f 12621//4 12827//4 12829//4 12623//4
f 12624//3 12626//3 12832//3 12830//3
f 12625//4 12831//4 12833//4 12627//4
f 12626//3 12628//3 12834//3 12832//3
f 12627//4 12833//4 12835//4 12629//4
f 12628//3 12630//3 12836//3 12834//3
f 12629//4 12835//4 12837//4 12631//4
f 12630//3 12632//3 12838//3 12836//3
f 12631//4 12837//4 12839//4 12633//4
f 12632//3 12634//3 12840//3 12838//3
f 12633//4 12839//4 12841//4 12635//4
f 12634//3 12636//3 12842//3 12840//3
f 12635//4 12841//4 12843//4 12637//4
f 12638//3 12640//3 12846//3 12844//3
f 12639//4 12845//4 12847//4 12641//4
f 12640//3 12642//3 12848//3 12846//3
f 12641//4 12847//4 12849//4 12643//4
f 12642//3 12644//3 12850//3 12848//3
f 12643//4 12849//4 12851//4 12645//4
f 12644//3 12646//3 12852//3 12850//3
f 12645//4 12851//4 12853//4 12647//4
f 12646//3 12648//3 12854//3 12852//3
f 12647//4 12853//4 12855//4 12649//4
f 12648//3 12650//3 12856//3 12854//3
f 12649//4 12855//4 12857//4 12651//4
f 12652//3 12654//3 12860//3 12858//3
f 12653//4 12859//4 12861//4 12655//4
f 12654//3 12656//3 12862//3 12860//3
f 12655//4 12861//4 12863//4 12657//4
f 12656//3 12658//3 12864//3 12862//3
f 12657//4 12863//4 12865//4 12659//4
f 12658//3 12660//3 12866//3 12864//3
f 12659//4 12865//4 12867//4 12661//4
f 12660//3 12662//3 12868//3 12866//3
f 12661//4 12867//4 12869//4 12663//4
f 12662//3 12664//3 12870//3 12868//3
f 12663//4 12869//4 12871//4 12665//4
f 12666//3 12668//3 12874//3 12872//3
f 12667//4 12873//4 12875//4 12669//4
f 12671//2 12670//2 12876//2 12877//2
f 12668//3 12671//3 12877//3 12874//3
f 12669//4 12875//4 12876//4 12670//4
f 12764//1 12956//1 12957//1 12765//1
f 12764//3 12766//3 12958//3 12956//3
f 12765//4 12957//4 12959//4 12767//4
f 12766//3 12768//3 12960//3 12958//3
f 12767//4 12959//4 12961//4 12769//4
f 12768//3 12770//3 12962//3 12960//3
f 12769//4 12961//4 12963//4 12771//4
f 12772//3 12774//3 12966//3 12964//3
f 12773//4 12965//4 12967//4 12775//4
f 12774//3 12776//3 12968//3 12966//3
f 12775//4 12967//4 12969//4 12777//4
f 12776//3 12778//3 12970//3 12968//3
f 12777//4 12969//4 12971//4 12779//4
f 12778//3 12780//3 12972//3 12970//3
f 12779//4 12971//4 12973//4 12781//4
f 12780//3 12782//3 12974//3 12972//3
f 12781//4 12973//4 12975//4 12783//4
f 12782//3 12784//3 12976//3 12974//3
f 12783//4 12975//4 12977//4 12785//4
f 12786//3 12788//3 12980//3 12978//3
f 12787//4 12979//4 12981//4 12789//4
f 12788//3 12790//3 12982//3 12980//3
f 12789//4 12981//4 12983//4 12791//4
f 12790//3 12792//3 12984//3 12982//3
f 12791//4 12983//4 12985//4 12793//4
f 12792//3 12794//3 12986//3 12984//3
f 12793//4 12985//4 12987//4 12795//4
f 12794//3 12796//3 12988//3 12986//3
f 12795//4 12987//4 12989//4 12797//4
f 12796//3 12798//3 12990//3 12988//3
f 12797//4 12989//4 12991//4 12799//4
f 12800//3 12802//3 12994//3 12992//3
f 12801//4 12993//4 12995//4 12803//4
f 12802//3 12804//3 12996//3 12994//3
f 12803//4 12995//4 12997//4 12805//4
f 12804//3 12806//3 12998//3 12996//3
f 12805//4 12997//4 12999//4 12807//4
f 12806//3 12808//3 13000//3 12998//3
f 12807//4 12999//4 13001//4 12809//4
f 12808//3 12810//3 13002//3 13000//3
f 12809//4 13001//4 13003//4 12811//4
f 12810//3 12812//3 13004//3 13002//3
f 12811//4 13003//4 13005//4 12813//4
f 12814//3 12816//3 13008//3 13006//3
f 12815//4 13007//4 13009//4 12817//4
f 12816//3 12818//3 13010//3 13008//3
f 12817//4 13009//4 13011//4 12819//4
f 12818//3 12820//3 13012//3 13010//3
f 12819//4 13011//4 13013//4 12821//4
f 12820//3 12822//3 13014//3 13012//3
f 12821//4 13013//4 13015//4 12823//4
f 12822//3 12824//3 13016//3 13014//3
f 12823//4 13015//4 13017//4 12825//4
f 12824//3 12826//3 13018//3 13016//3
f 12825//4 13017//4 13019//4 12827//4
f 12828//3 12830//3 13022//3 13020//3
f 12829//4 13021//4 13023//4 12831//4
f 12830//3 12832//3 13024//3 13022//3
f 12831//4 13023//4 13025//4 12833//4
f 12832//3 12834//3 13026//3 13024//3
f 12833//4 13025//4 13027//4 12835//4
f 12834//3 12836//3 13028//3 13026//3
f 12835//4 13027//4 13029//4 12837//4
f 12836//3 12838//3 13030//3 13028//3
f 12837//4 13029//4 13031//4 12839//4
f 12838//3 12840//3 13032//3 13030//3
f 12839//4 13031//4 13033//4 12841//4
f 12842//3 12844//3 13036//3 13034//3
f 12843//4 13035//4 13037//4 12845//4
f 12844//3 12846//3 13038//3 13036//3
f 12845//4 13037//4 13039//4 12847//4
f 12846//3 12848//3 13040//3 13038//3
f 12847//4 13039//4 13041//4 12849//4
f 12848//3 12850//3 13042//3 13040//3
f 12849//4 13041//4 13043//4 12851//4
f 12850//3 12852//3 13044//3 13042//3
f 12851//4 13043//4 13045//4 12853//4
f 12852//3 12854//3 13046//3 13044//3
f 12853//4 13045//4 13047//4 12855//4
f 12856//3 12858//3 13050//3 13048//3
f 12857//4 13049//4 13051//4 12859//4
f 12858//3 12860//3 13052//3 13050//3
f 12859//4 13051//4 13053//4 12861//4
f 12860//3 12862//3 13054//3 13052//3
f 12861//4 13053//4 13055//4 12863//4
f 12862//3 12864//3 13056//3 13054//3
f 12863//4 13055//4 13057//4 12865//4
f 12864//3 12866//3 13058//3 13056//3
f 12865//4 13057//4 13059//4 12867//4
f 12866//3 12868//3 13060//3 13058//3
f 12867//4 13059//4 13061//4 12869//4
f 12870//3 12872//3 13064//3 13062//3
f 12871//4 13063//4 13065//4 12873//4
f 12872//3 12874//3 13066//3 13064//3
f 12873//4 13065//4 13067//4 12875//4
f 12877//2 12876//2 13068//2 13069//2
f 12874//3 12877//3 13069//3 13066//3
f 12875//4 13067//4 13068//4 12876//4
f 12956//1 13138//1 13139//1 12957//1
f 12956//3 12958//3 13140//3 13138//3
f 12957//4 13139//4 13141//4 12959//4
f 12958//3 12960//3 13142//3 13140//3
f 12959//4 13141//4 13143//4 12961//4
f 12962//3 12964//3 13146//3 13144//3
f 12963//4 13145//4 13147//4 12965//4
f 12964//3 12966//3 13148//3 13146//3
f 12965//4 13147//4 13149//4 12967//4
f 12966//3 12968//3 13150//3 13148//3
f 12967//4 13149//4 13151//4 12969//4
f 12968//3 12970//3 13152//3 13150//3
f 12969//4 13151//4 13153//4 12971//4
f 12970//3 12972//3 13154//3 13152//3
f 12971//4 13153//4 13155//4 12973//4
f 12972//3 12974//3 13156//3 13154//3
f 12973//4 13155//4 13157//4 12975//4
f 12976//3 12978//3 13160//3 13158//3
f 12977//4 13159//4 13161//4 12979//4
f 12978//3 12980//3 13162//3 13160//3
f 12979//4 13161//4 13163//4 12981//4
f 12980//3 12982//3 13164//3 13162//3
f 12981//4 13163//4 13165//4 12983//4
f 12982//3 12984//3 13166//3 13164//3
f 12983//4 13165//4 13167//4 12985//4
f 12984//3 12986//3 13168//3 13166//3
f 12985//4 13167//4 13169//4 12987//4
f 12986//3 12988//3 13170//3 13168//3
f 12987//4 13169//4 13171//4 12989//4
f 12990//3 12992//3 13174//3 13172//3
f 12991//4 13173//4 13175//4 12993//4
f 12992//3 12994//3 13176//3 13174//3
f 12993//4 13175//4 13177//4 12995//4
f 12994//3 12996//3 13178//3 13176//3
f 12995//4 13177//4 13179//4 12997//4
f 12996//3 12998//3 13180//3 13178//3
f 12997//4 13179//4 13181//4 12999//4
f 12998//3 13000//3 13182//3 13180//3
f 12999//4 13181//4 13183//4 13001//4
f 13000//3 13002//3 13184//3 13182//3
f 13001//4 13183//4 13185//4 13003//4
f 13004//3 13006//3 13188//3 13186//3
f 13005//4 13187//4 13189//4 13007//4
f 13006//3 13008//3 13190//3 13188//3
f 13007//4 13189//4 13191//4 13009//4
f 13008//3 13010//3 13192//3 13190//3
f 13009//4 13191//4 13193//4 13011//4
f 13010//3 13012//3 13194//3 13192//3
f 13011//4 13193//4 13195//4 13013//4
f 13012//3 13014//3 13196//3 13194//3
f 13013//4 13195//4 13197//4 13015//4
f 13014//3 13016//3 13198//3 13196//3
f 13015//4 13197//4 13199//4 13017//4
f 13018//3 13020//3 13202//3 13200//3
f 13019//4 13201//4 13203//4 13021//4
f 13020//3 13022//3 13204//3 13202//3
f 13021//4 13203//4 13205//4 13023//4
f 13022//3 13024//3 13206//3 13204//3
f 13023//4 13205//4 13207//4 13025//4
f 13024//3 13026//3 13208//3 13206//3
f 13025//4 13207//4 13209//4 13027//4
f 13026//3 13028//3 13210//3 13208//3
f 13027//4 13209//4 13211//4 13029//4
f 13028//3 13030//3 13212//3 13210//3
f 13029//4 13211//4 13213//4 13031//4
f 13032//3 13034//3 13216//3 13214//3
f 13033//4 13215//4 13217//4 13035//4
f 13034//3 13036//3 13218//3 13216//3
f 13035//4 13217//4 13219//4 13037//4
f 13036//3 13038//3 13220//3 13218//3
f 13037//4 13219//4 13221//4 13039//4
f 13038//3 13040//3 13222//3 13220//3
f 13039//4 13221//4 13223//4 13041//4
f 13040//3 13042//3 13224//3 13222//3
f 13041//4 13223//4 13225//4 13043//4
f 13042//3 13044//3 13226//3 13224//3
f 13043//4 13225//4 13227//4 13045//4
f 13046//3 13048//3 13230//3 13228//3
f 13047//4 13229//4 13231//4 13049//4
f 13048//3 13050//3 13232//3 13230//3
f 13049//4 13231//4 13233//4 13051//4
f 13050//3 13052//3 13234//3 13232//3
f 13051//4 13233//4 13235//4 13053//4
f 13052//3 13054//3 13236//3 13234//3
f 13053//4 13235//4 13237//4 13055//4
f 13054//3 13056//3 13238//3 13236//3
f 13055//4 13237//4 13239//4 13057//4
f 13056//3 13058//3 13240//3 13238//3
f 13057//4 13239//4 13241//4 13059//4
f 13060//3 13062//3 13244//3 13242//3
f 13061//4 13243//4 13245//4 13063//4
f 13062//3 13064//3 13246//3 13244//3
f 13063//4 13245//4 13247//4 13065//4
f 13064//3 13066//3 13248//3 13246//3
f 13065//4 13247//4 13249//4 13067//4
f 13069//2 13068//2 13250//2 13251//2
f 13066//3 13069//3 13251//3 13248//3
f 13067//4 13249//4 13250//4 13068//4
f 13138//1 13922//1 13923//1 13139//1
f 13138//3 13140//3 13924//3 13922//3
f 13139//4 13923//4 13925//4 13141//4
f 13142//3 13144//3 13928//3 13926//3
f 13143//4 13927//4 13929//4 13145//4
f 13144//3 13146//3 13930//3 13928//3
f 13145//4 13929//4 13931//4 13147//4
f 13146//3 13148//3 13932//3 13930//3
f 13147//4 13931//4 13933//4 13149//4
f 13148//3 13150//3 13934//3 13932//3
f 13149//4 13933//4 13935//4 13151//4
f 13150//3 13152//3 13936//3 13934//3
f 13151//4 13935//4 13937//4 13153//4
f 13152//3 13154//3 13938//3 13936//3
f 13153//4 13937//4 13939//4 13155//4
f 13156//3 13158//3 13942//3 13940//3
f 13157//4 13941//4 13943//4 13159//4
f 13158//3 13160//3 13944//3 13942//3
f 13159//4 13943//4 13945//4 13161//4
f 13160//3 13162//3 13946//3 13944//3
f 13161//4 13945//4 13947//4 13163//4
f 13162//3 13164//3 13948//3 13946//3
f 13163//4 13947//4 13949//4 13165//4
f 13164//3 13166//3 13950//3 13948//3
f 13165//4 13949//4 13951//4 13167//4
f 13166//3 13168//3 13952//3 13950//3
f 13167//4 13951//4 13953//4 13169//4
f 13170//3 13172//3 13956//3 13954//3
f 13171//4 13955//4 13957//4 13173//4
f 13172//3 13174//3 13958//3 13956//3
f 13173//4 13957//4 13959//4 13175//4
f 13174//3 13176//3 13960//3 13958//3
f 13175//4 13959//4 13961//4 13177//4
f 13176//3 13178//3 13962//3 13960//3
f 13177//4 13961//4 13963//4 13179//4
f 13178//3 13180//3 13964//3 13962//3
f 13179//4 13963//4 13965//4 13181//4
f 13180//3 13182//3 13966//3 13964//3
f 13181//4 13965//4 13967//4 13183//4
f 13184//3 13186//3 13969//3 13968//3
f 13186//3 13188//3 13970//3 13969//3
f 13187//4 13921//4 13971//4 13189//4
f 13188//3 13190//3 13972//3 13970//3
f 13189//4 13971//4 13973//4 13191//4
f 13190//3 13192//3 13974//3 13972//3
f 13191//4 13973//4 13975//4 13193//4
f 13192//3 13194//3 13976//3 13974//3
f 13193//4 13975//4 13977//4 13195//4
f 13194//3 13196//3 13978//3 13976//3
f 13195//4 13977//4 13979//4 13197//4
f 13198//3 13200//3 13982//3 13980//3
f 13199//4 13981//4 13983//4 13201//4
f 13200//3 13202//3 13984//3 13982//3
f 13201//4 13983//4 13985//4 13203//4
f 13202//3 13204//3 13986//3 13984//3
f 13203//4 13985//4 13987//4 13205//4
f 13204//3 13206//3 13988//3 13986//3
f 13205//4 13987//4 13989//4 13207//4
f 13206//3 13208//3 13990//3 13988//3
f 13207//4 13989//4 13991//4 13209//4
f 13208//3 13210//3 13992//3 13990//3
f 13209//4 13991//4 13993//4 13211//4
f 13212//3 13214//3 13996//3 13994//3
f 13213//4 13995//4 13997//4 13215//4
f 13214//3 13216//3 13998//3 13996//3
f 13215//4 13997//4 13999//4 13217//4
f 13216//3 13218//3 14000//3 13998//3
f 13217//4 13999//4 14001//4 13219//4
f 13218//3 13220//3 14002//3 14000//3
f 13219//4 14001//4 14003//4 13221//4
f 13220//3 13222//3 14004//3 14002//3
f 13221//4 14003//4 14005//4 13223//4
f 13222//3 13224//3 14006//3 14004//3
f 13223//4 14005//4 14007//4 13225//4
f 13226//3 13228//3 14010//3 14008//3
f 13227//4 14009//4 14011//4 13229//4
f 13228//3 13230//3 14012//3 14010//3
f 13229//4 14011//4 14013//4 13231//4
f 13230//3 13232//3 14014//3 14012//3
f 13231//4 14013//4 14015//4 13233//4
f 13232//3 13234//3 14016//3 14014//3
f 13233//4 14015//4 14017//4 13235//4
f 13234//3 13236//3 14018//3 14016//3
f 13235//4 14017//4 14019//4 13237//4
f 13236//3 13238//3 14020//3 14018//3
f 13237//4 14019//4 14021//4 13239//4
f 13240//3 13242//3 14024//3 14022//3
f 13241//4 14023//4 14025//4 13243//4
f 13242//3 13244//3 14026//3 14024//3
f 13243//4 14025//4 14027//4 13245//4
f 13244//3 13246//3 14028//3 14026//3
f 13245//4 14027//4 14029//4 13247//4
f 13246//3 13248//3 14030//3 14028//3
f 13247//4 14029//4 14031//4 13249//4
f 13251//2 13250//2 14032//2 14033//2
f 13248//3 13251//3 14033//3 14030//3
f 13249//4 14031//4 14032//4 13250//4
f 13924//3 13926//3 14144//3 14142//3
f 13925//4 14143//4 14145//4 13927//4
f 13926//3 13928//3 14146//3 14144//3
f 13927//4 14145//4 14147//4 13929//4
f 13928//3 13930//3 14148//3 14146//3
f 13929//4 14147//4 14149//4 13931//4
f 13930//3 13932//3 14150//3 14148//3
f 13931//4 14149//4 14132//4 13933//4
f 13934//3 13936//3 14151//3 14152//3
f 13935//4 14133//4 14153//4 13937//4
f 13938//3 13940//3 14156//3 14154//3
f 13939//4 14155//4 14157//4 13941//4
f 13940//3 13942//3 14158//3 14156//3
f 13941//4 14157//4 14134//4 13943//4
f 13944//3 13946//3 14159//3 14160//3
f 13945//4 14135//4 14161//4 13947//4
f 13946//3 13948//3 14162//3 14159//3
f 13947//4 14161//4 14163//4 13949//4
f 13948//3 13950//3 14164//3 14162//3
f 13949//4 14163//4 14165//4 13951//4
f 13952//3 13954//3 14168//3 14166//3
f 13953//4 14167//4 14169//4 13955//4
f 13954//3 13956//3 14170//3 14168//3
f 13955//4 14169//4 14171//4 13957//4
f 13956//3 13958//3 14172//3 14170//3
f 13957//4 14171//4 14173//4 13959//4
f 13958//3 13960//3 14174//3 14172//3
f 13959//4 14173//4 14175//4 13961//4
f 13960//3 13962//3 14176//3 14174//3
f 13961//4 14175//4 14177//4 13963//4
f 13962//3 13964//3 14178//3 14176//3
f 13963//4 14177//4 14179//4 13965//4
f 13966//3 13968//3 14182//3 14180//3
f 13967//4 14181//4 14183//4 13920//4
f 13968//3 13969//3 14184//3 14182//3
f 13920//4 14183//4 14185//4 13921//4
f 13969//3 13970//3 14186//3 14184//3
f 13921//4 14185//4 14187//4 13971//4
f 13970//3 13972//3 14188//3 14186//3
f 13971//4 14187//4 14189//4 13973//4
f 13972//3 13974//3 14190//3 14188//3
f 13973//4 14189//4 14191//4 13975//4
f 13974//3 13976//3 14192//3 14190//3
f 13975//4 14191//4 14193//4 13977//4
f 13978//3 13980//3 14196//3 14194//3
f 13979//4 14195//4 14197//4 13981//4
f 13980//3 13982//3 14198//3 14196//3
f 13981//4 14197//4 14199//4 13983//4
f 13982//3 13984//3 14200//3 14198//3
f 13983//4 14199//4 14201//4 13985//4
f 13984//3 13986//3 14202//3 14200//3
f 13985//4 14201//4 14203//4 13987//4
f 13986//3 13988//3 14204//3 14202//3
f 13987//4 14203//4 14205//4 13989//4
f 13988//3 13990//3 14206//3 14204//3
f 13989//4 14205//4 14207//4 13991//4
f 13992//3 13994//3 14210//3 14208//3
f 13993//4 14209//4 14211//4 13995//4
f 13994//3 13996//3 14212//3 14210//3
f 13995//4 14211//4 14213//4 13997//4
f 13996//3 13998//3 14214//3 14212//3
f 13997//4 14213//4 14136//4 13999//4
f 14000//3 14002//3 14215//3 14216//3
f 14001//4 14137//4 14217//4 14003//4
f 14002//3 14004//3 14218//3 14215//3
f 14003//4 14217//4 14219//4 14005//4
f 14006//3 14008//3 14222//3 14220//3
f 14007//4 14221//4 14223//4 14009//4
f 14008//3 14010//3 14224//3 14222//3
f 14009//4 14223//4 14138//4 14011//4
f 14012//3 14014//3 14225//3 14226//3
f 14013//4 14139//4 14227//4 14015//4
f 14014//3 14016//3 14228//3 14225//3
f 14015//4 14227//4 14229//4 14017//4
f 14016//3 14018//3 14230//3 14228//3
f 14017//4 14229//4 14231//4 14019//4
f 14020//3 14022//3 14234//3 14232//3
f 14021//4 14233//4 14235//4 14023//4
f 14022//3 14024//3 14236//3 14234//3
f 14023//4 14235//4 14237//4 14025//4
f 14024//3 14026//3 14238//3 14236//3
f 14025//4 14237//4 14239//4 14027//4
f 14026//3 14028//3 14240//3 14238//3
f 14027//4 14239//4 14241//4 14029//4
f 14028//3 14030//3 14242//3 14240//3
f 14029//4 14241//4 14243//4 14031//4
f 14033//2 14032//2 14244//2 14245//2
f 14030//3 14033//3 14245//3 14242//3
f 14031//4 14243//4 14244//4 14032//4
f 14140//1 14382//1 14383//1 14141//1
f 14140//3 14142//3 14384//3 14382//3
f 14141//4 14383//4 14385//4 14143//4
f 14142//3 14144//3 14386//3 14384//3
f 14143//4 14385//4 14387//4 14145//4
f 14144//3 14146//3 14388//3 14386//3
f 14145//4 14387//4 14389//4 14147//4
f 14146//3 14148//3 14390//3 14388//3
f 14147//4 14389//4 14391//4 14149//4
f 14148//3 14150//3 14392//3 14390//3
f 14149//4 14391//4 14393//4 14132//4
f 14150//3 14152//3 14394//3 14392//3
f 14132//4 14393//4 14395//4 14133//4
f 14151//3 14154//3 14398//3 14396//3
f 14153//4 14397//4 14399//4 14155//4
f 14154//3 14156//3 14400//3 14398//3
f 14155//4 14399//4 14401//4 14157//4
f 14156//3 14158//3 14402//3 14400//3
f 14157//4 14401//4 14403//4 14134//4
f 14158//3 14160//3 14404//3 14402//3
f 14134//4 14403//4 14405//4 14135//4
f 14160//3 14159//3 14406//3 14404//3
f 14135//4 14405//4 14407//4 14161//4
f 14159//3 14162//3 14408//3 14406//3
f 14161//4 14407//4 14409//4 14163//4
f 14164//3 14166//3 14412//3 14410//3
f 14165//4 14411//4 14413//4 14167//4
f 14166//3 14168//3 14414//3 14412//3
f 14167//4 14413//4 14415//4 14169//4
f 14168//3 14170//3 14416//3 14414//3
f 14169//4 14415//4 14417//4 14171//4
f 14170//3 14172//3 14418//3 14416//3
f 14171//4 14417//4 14419//4 14173//4
f 14172//3 14174//3 14420//3 14418//3
f 14173//4 14419//4 14421//4 14175//4
f 14174//3 14176//3 14422//3 14420//3
f 14175//4 14421//4 14423//4 14177//4
f 14178//3 14180//3 14426//3 14424//3
f 14179//4 14425//4 14427//4 14181//4
f 14180//3 14182//3 14428//3 14426//3
f 14181//4 14427//4 14429//4 14183//4
f 14182//3 14184//3 14430//3 14428//3
f 14183//4 14429//4 14431//4 14185//4
f 14184//3 14186//3 14432//3 14430//3
f 14185//4 14431//4 14433//4 14187//4
f 14186//3 14188//3 14434//3 14432//3
f 14187//4 14433//4 14435//4 14189//4
f 14188//3 14190//3 14436//3 14434//3
f 14189//4 14435//4 14437//4 14191//4
f 14192//3 14194//3 14440//3 14438//3
f 14193//4 14439//4 14441//4 14195//4
f 14194//3 14196//3 14442//3 14440//3
f 14195//4 14441//4 14443//4 14197//4
f 14196//3 14198//3 14444//3 14442//3
f 14197//4 14443//4 14445//4 14199//4
f 14198//3 14200//3 14446//3 14444//3
f 14199//4 14445//4 14447//4 14201//4
f 14200//3 14202//3 14448//3 14446//3
f 14201//4 14447//4 14449//4 14203//4
f 14202//3 14204//3 14450//3 14448//3
f 14203//4 14449//4 14451//4 14205//4
f 14206//3 14208//3 14454//3 14452//3
f 14207//4 14453//4 14455//4 14209//4
f 14208//3 14210//3 14456//3 14454//3
f 14209//4 14455//4 14457//4 14211//4
f 14210//3 14212//3 14458//3 14456//3
f 14211//4 14457//4 14459//4 14213//4
f 14212//3 14214//3 14460//3 14458//3
f 14213//4 14459//4 14461//4 14136//4
f 14214//3 14216//3 14462//3 14460//3
f 14136//4 14461//4 14463//4 14137//4
f 14216//3 14215//3 14464//3 14462//3
f 14137//4 14463//4 14465//4 14217//4
f 14218//3 14220//3 14468//3 14466//3
f 14219//4 14467//4 14469//4 14221//4
f 14220//3 14222//3 14470//3 14468//3
f 14221//4 14469//4 14471//4 14223//4
f 14222//3 14224//3 14472//3 14470//3
f 14223//4 14471//4 14473//4 14138//4
f 14224//3 14226//3 14474//3 14472//3
f 14138//4 14473//4 14475//4 14139//4
f 14226//3 14225//3 14476//3 14474//3
f 14139//4 14475//4 14477//4 14227//4
f 14225//3 14228//3 14478//3 14476//3
f 14227//4 14477//4 14479//4 14229//4
f 14230//3 14232//3 14482//3 14480//3
f 14231//4 14481//4 14483//4 14233//4
f 14232//3 14234//3 14484//3 14482//3
f 14233//4 14483//4 14485//4 14235//4
f 14234//3 14236//3 14486//3 14484//3
f 14235//4 14485//4 14487//4 14237//4
f 14236//3 14238//3 14488//3 14486//3
f 14237//4 14487//4 14489//4 14239//4
f 14238//3 14240//3 14490//3 14488//3
f 14239//4 14489//4 14491//4 14241//4
f 14240//3 14242//3 14492//3 14490//3
f 14241//4 14491//4 14493//4 14243//4
f 14382//1 14536//1 14537//1 14383//1
f 14382//3 14384//3 14538//3 14536//3
f 14383//4 14537//4 14539//4 14385//4
f 14384//3 14386//3 14540//3 14538//3
f 14385//4 14539//4 14541//4 14387//4
f 14386//3 14388//3 14542//3 14540//3
f 14387//4 14541//4 14543//4 14389//4
f 14388//3 14390//3 14544//3 14542//3
f 14389//4 14543//4 14545//4 14391//4
f 14390//3 14392//3 14546//3 14544//3
f 14391//4 14545//4 14547//4 14393//4
f 14394//3 14396//3 14550//3 14548//3
f 14395//4 14549//4 14551//4 14397//4
f 14396//3 14398//3 14552//3 14550//3
f 14397//4 14551//4 14553//4 14399//4
f 14398//3 14400//3 14554//3 14552//3
f 14399//4 14553//4 14555//4 14401//4
f 14400//3 14402//3 14556//3 14554//3
f 14401//4 14555//4 14557//4 14403//4
f 14402//3 14404//3 14558//3 14556//3
f 14403//4 14557//4 14559//4 14405//4
f 14404//3 14406//3 14560//3 14558//3
f 14405//4 14559//4 14561//4 14407//4
f 14408//3 14410//3 14564//3 14562//3
f 14409//4 14563//4 14565//4 14411//4
f 14410//3 14412//3 14566//3 14564//3
f 14411//4 14565//4 14567//4 14413//4
f 14412//3 14414//3 14568//3 14566//3
f 14413//4 14567//4 14569//4 14415//4
f 14414//3 14416//3 14570//3 14568//3
f 14415//4 14569//4 14571//4 14417//4
f 14416//3 14418//3 14572//3 14570//3
f 14417//4 14571//4 14573//4 14419//4
f 14418//3 14420//3 14574//3 14572//3
f 14419//4 14573//4 14575//4 14421//4
f 14422//3 14424//3 14578//3 14576//3
f 14423//4 14577//4 14579//4 14425//4
f 14424//3 14426//3 14580//3 14578//3
f 14425//4 14579//4 14581//4 14427//4
f 14426//3 14428//3 14582//3 14580//3
f 14427//4 14581//4 14583//4 14429//4
f 14428//3 14430//3 14584//3 14582//3
f 14429//4 14583//4 14585//4 14431//4
f 14430//3 14432//3 14586//3 14584//3
f 14431//4 14585//4 14587//4 14433//4
f 14432//3 14434//3 14588//3 14586//3
f 14433//4 14587//4 14589//4 14435//4
f 14436//3 14438//3 14592//3 14590//3
f 14437//4 14591//4 14593//4 14439//4
f 14438//3 14440//3 14594//3 14592//3
f 14439//4 14593//4 14595//4 14441//4
f 14440//3 14442//3 14596//3 14594//3
f 14441//4 14595//4 14597//4 14443//4
f 14442//3 14444//3 14598//3 14596//3
f 14443//4 14597//4 14599//4 14445//4
f 14444//3 14446//3 14600//3 14598//3
f 14445//4 14599//4 14601//4 14447//4
f 14446//3 14448//3 14602//3 14600//3
f 14447//4 14601//4 14603//4 14449//4
f 14450//3 14452//3 14606//3 14604//3
f 14451//4 14605//4 14607//4 14453//4
f 14452//3 14454//3 14608//3 14606//3
f 14453//4 14607//4 14609//4 14455//4
f 14454//3 14456//3 14610//3 14608//3
f 14455//4 14609//4 14611//4 14457//4
f 14456//3 14458//3 14612//3 14610//3
f 14457//4 14611//4 14613//4 14459//4
f 14458//3 14460//3 14614//3 14612//3
f 14459//4 14613//4 14615//4 14461//4
f 14460//3 14462//3 14616//3 14614//3
f 14461//4 14615//4 14617//4 14463//4
f 14464//3 14466//3 14620//3 14618//3
f 14465//4 14619//4 14621//4 14467//4
f 14466//3 14468//3 14622//3 14620//3
f 14467//4 14621//4 14623//4 14469//4
f 14468//3 14470//3 14624//3 14622//3
f 14469//4 14623//4 14625//4 14471//4
f 14470//3 14472//3 14626//3 14624//3
f 14471//4 14625//4 14627//4 14473//4
f 14472//3 14474//3 14628//3 14626//3
f 14473//4 14627//4 14629//4 14475//4
f 14474//3 14476//3 14630//3 14628//3
f 14475//4 14629//4 14631//4 14477//4
f 14478//3 14480//3 14634//3 14632//3
f 14479//4 14633//4 14635//4 14481//4
f 14480//3 14482//3 14636//3 14634//3
f 14481//4 14635//4 14637//4 14483//4
f 14482//3 14484//3 14638//3 14636//3
f 14483//4 14637//4 14639//4 14485//4
f 14484//3 14486//3 14640//3 14638//3
f 14485//4 14639//4 14641//4 14487//4
f 14486//3 14488//3 14642//3 14640//3
f 14487//4 14641//4 14643//4 14489//4
f 14488//3 14490//3 14644//3 14642//3
f 14489//4 14643//4 14645//4 14491//4
f 14495//2 14494//2 14648//2 14649//2
f 14492//3 14495//3 14649//3 14646//3
f 14493//4 14647//4 14648//4 14494//4
f 14536//1 14654//1 14655//1 14537//1
f 14536//3 14538//3 14656//3 14654//3
f 14537//4 14655//4 14657//4 14539//4
f 14538//3 14540//3 14658//3 14656//3
f 14539//4 14657//4 14659//4 14541//4
f 14540//3 14542//3 14660//3 14658//3
f 14541//4 14659//4 14661//4 14543//4
f 14542//3 14544//3 14662//3 14660//3
f 14543//4 14661//4 14663//4 14545//4
f 14546//3 14548//3 14666//3 14664//3
f 14547//4 14665//4 14667//4 14549//4
f 14548//3 14550//3 14668//3 14666//3
f 14549//4 14667//4 14669//4 14551//4
f 14550//3 14552//3 14670//3 14668//3
f 14551//4 14669//4 14671//4 14553//4
f 14552//3 14554//3 14672//3 14670//3
f 14553//4 14671//4 14673//4 14555//4
f 14554//3 14556//3 14674//3 14672//3
f 14555//4 14673//4 14675//4 14557//4
f 14556//3 14558//3 14676//3 14674//3
f 14557//4 14675//4 14677//4 14559//4
f 14560//3 14562//3 14680//3 14678//3
f 14561//4 14679//4 14681//4 14563//4
f 14562//3 14564//3 14682//3 14680//3
f 14563//4 14681//4 14683//4 14565//4
f 14564//3 14566//3 14684//3 14682//3
f 14565//4 14683//4 14685//4 14567//4
f 14566//3 14568//3 14686//3 14684//3
f 14567//4 14685//4 14687//4 14569//4
f 14568//3 14570//3 14688//3 14686//3
f 14569//4 14687//4 14689//4 14571//4
f 14570//3 14572//3 14690//3 14688//3
f 14571//4 14689//4 14691//4 14573//4
f 14574//3 14576//3 14694//3 14692//3
f 14575//4 14693//4 14695//4 14577//4
f 14576//3 14578//3 14696//3 14694//3
f 14577//4 14695//4 14697//4 14579//4
f 14578//3 14580//3 14698//3 14696//3
f 14579//4 14697//4 14699//4 14581//4
f 14580//3 14582//3 14700//3 14698//3
f 14581//4 14699//4 14701//4 14583//4
f 14582//3 14584//3 14702//3 14700//3
f 14583//4 14701//4 14703//4 14585//4
f 14584//3 14586//3 14704//3 14702//3
f 14585//4 14703//4 14705//4 14587//4
f 14588//3 14590//3 14708//3 14706//3
f 14589//4 14707//4 14709//4 14591//4
f 14590//3 14592//3 14710//3 14708//3
f 14591//4 14709//4 14711//4 14593//4
f 14592//3 14594//3 14712//3 14710//3
f 14593//4 14711//4 14713//4 14595//4
f 14594//3 14596//3 14714//3 14712//3
f 14595//4 14713//4 14715//4 14597//4
f 14596//3 14598//3 14716//3 14714//3
f 14597//4 14715//4 14717//4 14599//4
f 14598//3 14600//3 14718//3 14716//3
f 14599//4 14717//4 14719//4 14601//4
f 14602//3 14604//3 14722//3 14720//3
f 14603//4 14721//4 14723//4 14605//4
f 14604//3 14606//3 14724//3 14722//3
f 14605//4 14723//4 14725//4 14607//4
f 14606//3 14608//3 14726//3 14724//3
f 14607//4 14725//4 14727//4 14609//4
f 14608//3 14610//3 14728//3 14726//3
f 14609//4 14727//4 14729//4 14611//4
f 14610//3 14612//3 14730//3 14728//3
f 14611//4 14729//4 14731//4 14613//4
f 14612//3 14614//3 14732//3 14730//3
f 14613//4 14731//4 14733//4 14615//4
f 14616//3 14618//3 14736//3 14734//3
f 14617//4 14735//4 14737//4 14619//4
f 14618//3 14620//3 14738//3 14736//3
f 14619//4 14737//4 14739//4 14621//4
f 14620//3 14622//3 14740//3 14738//3
f 14621//4 14739//4 14741//4 14623//4
f 14622//3 14624//3 14742//3 14740//3
f 14623//4 14741//4 14743//4 14625//4
f 14624//3 14626//3 14744//3 14742//3
f 14625//4 14743//4 14745//4 14627//4
f 14626//3 14628//3 14746//3 14744//3
f 14627//4 14745//4 14747//4 14629//4
f 14630//3 14632//3 14750//3 14748//3
f 14631//4 14749//4 14751//4 14633//4
f 14632//3 14634//3 14752//3 14750//3
f 14633//4 14751//4 14753//4 14635//4
f 14634//3 14636//3 14754//3 14752//3
f 14635//4 14753//4 14755//4 14637//4
f 14636//3 14638//3 14756//3 14754//3
f 14637//4 14755//4 14757//4 14639//4
f 14638//3 14640//3 14758//3 14756//3
f 14639//4 14757//4 14759//4 14641//4
f 14640//3 14642//3 14760//3 14758//3
f 14641//4 14759//4 14761//4 14643//4
f 14644//3 14646//3 14764//3 14762//3
f 14645//4 14763//4 14765//4 14647//4
f 14649//2 14648//2 14766//2 14767//2
f 14646//3 14649//3 14767//3 14764//3
f 14647//4 14765//4 14766//4 14648//4
f 14654//1 14768//1 14769//1 14655//1
f 14654//3 14656//3 14770//3 14768//3
f 14655//4 14769//4 14771//4 14657//4
f 14656//3 14658//3 14772//3 14770//3
f 14657//4 14771//4 14773//4 14659//4
f 14658//3 14660//3 14774//3 14772//3
f 14659//4 14773//4 14775//4 14661//4
f 14662//3 14664//3 14778//3 14776//3
f 14663//4 14777//4 14779//4 14665//4
f 14664//3 14666//3 14780//3 14778//3
f 14665//4 14779//4 14781//4 14667//4
f 14666//3 14668//3 14782//3 14780//3
f 14667//4 14781//4 14783//4 14669//4
f 14668//3 14670//3 14784//3 14782//3
f 14669//4 14783//4 14785//4 14671//4
f 14670//3 14672//3 14786//3 14784//3
f 14671//4 14785//4 14787//4 14673//4
f 14672//3 14674//3 14788//3 14786//3
f 14673//4 14787//4 14789//4 14675//4
f 14676//3 14678//3 14792//3 14790//3
f 14677//4 14791//4 14793//4 14679//4
f 14678//3 14680//3 14794//3 14792//3
f 14679//4 14793//4 14795//4 14681//4
f 14680//3 14682//3 14796//3 14794//3
f 14681//4 14795//4 14797//4 14683//4
f 14682//3 14684//3 14798//3 14796//3
f 14683//4 14797//4 14799//4 14685//4
f 14684//3 14686//3 14800//3 14798//3
f 14685//4 14799//4 14801//4 14687//4
f 14686//3 14688//3 14802//3 14800//3
f 14687//4 14801//4 14803//4 14689//4
f 14690//3 14692//3 14806//3 14804//3
f 14691//4 14805//4 14807//4 14693//4
f 14692//3 14694//3 14808//3 14806//3
f 14693//4 14807//4 14809//4 14695//4
f 14694//3 14696//3 14810//3 14808//3
f 14695//4 14809//4 14811//4 14697//4
f 14696//3 14698//3 14812//3 14810//3
f 14697//4 14811//4 14813//4 14699//4
f 14698//3 14700//3 14814//3 14812//3
f 14699//4 14813//4 14815//4 14701//4
f 14700//3 14702//3 14816//3 14814//3
f 14701//4 14815//4 14817//4 14703//4
f 14704//3 14706//3 14820//3 14818//3
f 14705//4 14819//4 14821//4 14707//4
f 14706//3 14708//3 14822//3 14820//3
f 14707//4 14821//4 14823//4 14709//4
f 14708//3 14710//3 14824//3 14822//3
f 14709//4 14823//4 14825//4 14711//4
f 14710//3 14712//3 14826//3 14824//3
f 14711//4 14825//4 14827//4 14713//4
f 14712//3 14714//3 14828//3 14826//3
f 14713//4 14827//4 14829//4 14715//4
f 14714//3 14716//3 14830//3 14828//3
f 14715//4 14829//4 14831//4 14717//4
f 14718//3 14720//3 14834//3 14832//3
f 14719//4 14833//4 14835//4 14721//4
f 14720//3 14722//3 14836//3 14834//3
f 14721//4 14835//4 14837//4 14723//4
f 14722//3 14724//3 14838//3 14836//3
f 14723//4 14837//4 14839//4 14725//4
f 14724//3 14726//3 14840//3 14838//3
f 14725//4 14839//4 14841//4 14727//4
f 14726//3 14728//3 14842//3 14840//3
f 14727//4 14841//4 14843//4 14729//4
f 14728//3 14730//3 14844//3 14842//3
f 14729//4 14843//4 14845//4 14731//4
f 14732//3 14734//3 14848//3 14846//3
f 14733//4 14847//4 14849//4 14735//4
f 14734//3 14736//3 14850//3 14848//3
f 14735//4 14849//4 14851//4 14737//4
f 14736//3 14738//3 14852//3 14850//3
f 14737//4 14851//4 14853//4 14739//4
f 14738//3 14740//3 14854//3 14852//3
f 14739//4 14853//4 14855//4 14741//4
f 14740//3 14742//3 14856//3 14854//3
f 14741//4 14855//4 14857//4 14743//4
f 14742//3 14744//3 14858//3 14856//3
f 14743//4 14857//4 14859//4 14745//4
f 14746//3 14748//3 14862//3 14860//3
f 14747//4 14861//4 14863//4 14749//4
f 14748//3 14750//3 14864//3 14862//3
f 14749//4 14863//4 14865//4 14751//4
f 14750//3 14752//3 14866//3 14864//3
f 14751//4 14865//4 14867//4 14753//4
f 14752//3 14754//3 14868//3 14866//3
f 14753//4 14867//4 14869//4 14755//4
f 14754//3 14756//3 14870//3 14868//3
f 14755//4 14869//4 14871//4 14757//4
f 14756//3 14758//3 14872//3 14870//3
f 14757//4 14871//4 14873//4 14759//4
f 14760//3 14762//3 14876//3 14874//3
f 14761//4 14875//4 14877//4 14763//4
f 14762//3 14764//3 14878//3 14876//3
f 14763//4 14877//4 14879//4 14765//4
f 14767//2 14766//2 14880//2 14881//2
f 14764//3 14767//3 14881//3 14878//3
f 14765//4 14879//4 14880//4 14766//4
f 14768//1 14890//1 14891//1 14769//1
f 14768//3 14770//3 14892//3 14890//3
f 14769//4 14891//4 14893//4 14771//4
f 14770//3 14772//3 14894//3 14892//3
f 14771//4 14893//4 14895//4 14773//4
f 14774//3 14776//3 14898//3 14896//3
f 14775//4 14897//4 14899//4 14777//4
f 14776//3 14778//3 14900//3 14898//3
f 14777//4 14899//4 14901//4 14779//4
f 14778//3 14780//3 14902//3 14900//3
f 14779//4 14901//4 14903//4 14781//4
f 14780//3 14782//3 14904//3 14902//3
f 14781//4 14903//4 14905//4 14783//4
f 14782//3 14784//3 14906//3 14904//3
f 14783//4 14905//4 14907//4 14785//4
f 14784//3 14786//3 14908//3 14906//3
f 14785//4 14907//4 14909//4 14787//4
f 14788//3 14790//3 14912//3 14910//3
f 14789//4 14911//4 14913//4 14791//4
f 14790//3 14792//3 14914//3 14912//3
f 14791//4 14913//4 14915//4 14793//4
f 14792//3 14794//3 14916//3 14914//3
f 14793//4 14915//4 14917//4 14795//4
f 14794//3 14796//3 14918//3 14916//3
f 14795//4 14917//4 14919//4 14797//4
f 14796//3 14798//3 14920//3 14918//3
f 14797//4 14919//4 14921//4 14799//4
f 14798//3 14800//3 14922//3 14920//3
f 14799//4 14921//4 14923//4 14801//4
f 14802//3 14804//3 14926//3 14924//3
f 14803//4 14925//4 14927//4 14805//4
f 14804//3 14806//3 14928//3 14926//3
f 14805//4 14927//4 14929//4 14807//4
f 14806//3 14808//3 14930//3 14928//3
f 14807//4 14929//4 14931//4 14809//4
f 14808//3 14810//3 14932//3 14930//3
f 14809//4 14931//4 14933//4 14811//4
f 14810//3 14812//3 14934//3 14932//3
f 14811//4 14933//4 14935//4 14813//4
f 14812//3 14814//3 14936//3 14934//3
f 14813//4 14935//4 14937//4 14815//4
f 14816//3 14818//3 14940//3 14938//3
f 14817//4 14939//4 14941//4 14819//4
f 14818//3 14820//3 14942//3 14940//3
f 14819//4 14941//4 14943//4 14821//4
f 14820//3 14822//3 14944//3 14942//3
f 14821//4 14943//4 14945//4 14823//4
f 14822//3 14824//3 14946//3 14944//3
f 14823//4 14945//4 14947//4 14825//4
f 14824//3 14826//3 14948//3 14946//3
f 14825//4 14947//4 14949//4 14827//4
f 14826//3 14828//3 14950//3 14948//3
f 14827//4 14949//4 14951//4 14829//4
f 14830//3 14832//3 14954//3 14952//3
f 14831//4 14953//4 14955//4 14833//4
f 14832//3 14834//3 14956//3 14954//3
f 14833//4 14955//4 14957//4 14835//4
f 14834//3 14836//3 14958//3 14956//3
f 14835//4 14957//4 14959//4 14837//4
f 14836//3 14838//3 14960//3 14958//3
f 14837//4 14959//4 14961//4 14839//4
f 14838//3 14840//3 14962//3 14960//3
f 14839//4 14961//4 14963//4 14841//4
f 14840//3 14842//3 14964//3 14962//3
f 14841//4 14963//4 14965//4 14843//4
f 14844//3 14846//3 14968//3 14966//3
f 14845//4 14967//4 14969//4 14847//4
f 14846//3 14848//3 14970//3 14968//3
f 14847//4 14969//4 14971//4 14849//4
f 14848//3 14850//3 14972//3 14970//3
f 14849//4 14971//4 14973//4 14851//4
f 14850//3 14852//3 14974//3 14972//3
f 14851//4 14973//4 14975//4 14853//4
f 14852//3 14854//3 14976//3 14974//3
f 14853//4 14975//4 14977//4 14855//4
f 14854//3 14856//3 14978//3 14976//3
f 14855//4 14977//4 14979//4 14857//4
f 14858//3 14860//3 14982//3 14980//3
f 14859//4 14981//4 14983//4 14861//4
f 14860//3 14862//3 14984//3 14982//3
f 14861//4 14983//4 14985//4 14863//4
f 14862//3 14864//3 14986//3 14984//3
f 14863//4 14985//4 14987//4 14865//4
f 14864//3 14866//3 14988//3 14986//3
f 14865//4 14987//4 14989//4 14867//4
f 14866//3 14868//3 14990//3 14988//3
f 14867//4 14989//4 14991//4 14869//4
f 14868//3 14870//3 14992//3 14990//3
f 14869//4 14991//4 14993//4 14871//4
f 14872//3 14874//3 14996//3 14994//3
f 14873//4 14995//4 14997//4 14875//4
f 14874//3 14876//3 14998//3 14996//3
f 14875//4 14997//4 14999//4 14877//4
f 14876//3 14878//3 15000//3 14998//3
f 14877//4 14999//4 15001//4 14879//4
f 14881//2 14880//2 15002//2 15003//2
f 14878//3 14881//3 15003//3 15000//3
f 14879//4 15001//4 15002//4 14880//4
f 14890//1 15052//1 15053//1 14891//1
f 14890//3 14892//3 15054//3 15052//3
f 14891//4 15053//4 15055//4 14893//4
f 14894//3 14896//3 15058//3 15056//3
f 14895//4 15057//4 15059//4 14897//4
f 14896//3 14898//3 15060//3 15058//3
f 14897//4 15059//4 15061//4 14899//4
f 14898//3 14900//3 15062//3 15060//3
f 14899//4 15061//4 15063//4 14901//4
f 14900//3 14902//3 15064//3 15062//3
f 14901//4 15063//4 15065//4 14903//4
f 14902//3 14904//3 15066//3 15064//3
f 14903//4 15065//4 15067//4 14905//4
f 14904//3 14906//3 15068//3 15066//3
f 14905//4 15067//4 15069//4 14907//4
f 14908//3 14910//3 15072//3 15070//3
f 14909//4 15071//4 15073//4 14911//4
f 14910//3 14912//3 15074//3 15072//3
f 14911//4 15073//4 15075//4 14913//4
f 14912//3 14914//3 15076//3 15074//3
f 14913//4 15075//4 15077//4 14915//4
f 14914//3 14916//3 15078//3 15076//3
f 14915//4 15077//4 15079//4 14917//4
f 14916//3 14918//3 15080//3 15078//3
f 14917//4 15079//4 15081//4 14919//4
f 14918//3 14920//3 15082//3 15080//3
f 14919//4 15081//4 15083//4 14921//4
f 14922//3 14924//3 15086//3 15084//3
f 14923//4 15085//4 15087//4 14925//4
f 14924//3 14926//3 15088//3 15086//3
f 14925//4 15087//4 15089//4 14927//4
f 14926//3 14928//3 15090//3 15088//3
f 14927//4 15089//4 15091//4 14929//4
f 14928//3 14930//3 15092//3 15090//3
f 14929//4 15091//4 15093//4 14931//4
f 14930//3 14932//3 15094//3 15092//3
f 14931//4 15093//4 15095//4 14933//4
f 14932//3 14934//3 15096//3 15094//3
f 14933//4 15095//4 15097//4 14935//4
f 14936//3 14938//3 15100//3 15098//3
f 14937//4 15099//4 15101//4 14939//4
f 14938//3 14940//3 15102//3 15100//3
f 14939//4 15101//4 15103//4 14941//4
f 14940//3 14942//3 15104//3 15102//3
f 14941//4 15103//4 15105//4 14943//4
f 14942//3 14944//3 15106//3 15104//3
f 14943//4 15105//4 15107//4 14945//4
f 14944//3 14946//3 15108//3 15106//3
f 14945//4 15107//4 15109//4 14947//4
f 14946//3 14948//3 15110//3 15108//3
f 14947//4 15109//4 15111//4 14949//4
f 14950//3 14952//3 15114//3 15112//3
f 14951//4 15113//4 15115//4 14953//4
f 14952//3 14954//3 15116//3 15114//3
f 14953//4 15115//4 15117//4 14955//4
f 14954//3 14956//3 15118//3 15116//3
f 14955//4 15117//4 15119//4 14957//4
f 14956//3 14958//3 15120//3 15118//3
f 14957//4 15119//4 15121//4 14959//4
f 14958//3 14960//3 15122//3 15120//3
f 14959//4 15121//4 15123//4 14961//4
f 14960//3 14962//3 15124//3 15122//3
f 14961//4 15123//4 15125//4 14963//4
f 14964//3 14966//3 15128//3 15126//3
f 14965//4 15127//4 15129//4 14967//4
f 14966//3 14968//3 15130//3 15128//3
f 14967//4 15129//4 15131//4 14969//4
f 14968//3 14970//3 15132//3 15130//3
f 14969//4 15131//4 15133//4 14971//4
f 14970//3 14972//3 15134//3 15132//3
f 14971//4 15133//4 15135//4 14973//4
f 14972//3 14974//3 15136//3 15134//3
f 14973//4 15135//4 15137//4 14975//4
f 14974//3 14976//3 15138//3 15136//3
f 14975//4 15137//4 15139//4 14977//4
f 14978//3 14980//3 15142//3 15140//3
f 14979//4 15141//4 15143//4 14981//4
f 14980//3 14982//3 15144//3 15142//3
f 14981//4 15143//4 15145//4 14983//4
f 14982//3 14984//3 15146//3 15144//3
f 14983//4 15145//4 15147//4 14985//4
f 14984//3 14986//3 15148//3 15146//3
f 14985//4 15147//4 15149//4 14987//4
f 14986//3 14988//3 15150//3 15148//3
f 14987//4 15149//4 15151//4 14989//4
f 14988//3 14990//3 15152//3 15150//3
f 14989//4 15151//4 15153//4 14991//4
f 14992//3 14994//3 15156//3 15154//3
f 14993//4 15155//4 15157//4 14995//4
f 14994//3 14996//3 15158//3 15156//3
f 14995//4 15157//4 15159//4 14997//4
f 14996//3 14998//3 15160//3 15158//3
f 14997//4 15159//4 15161//4 14999//4
f 14998//3 15000//3 15162//3 15160//3
f 14999//4 15161//4 15163//4 15001//4
f 15003//2 15002//2 15164//2 15165//2
f 15000//3 15003//3 15165//3 15162//3
f 15001//4 15163//4 15164//4 15002//4
f 15054//3 15056//3 15206//3 15204//3
f 15055//4 15205//4 15207//4 15057//4
f 15056//3 15058//3 15208//3 15206//3
f 15057//4 15207//4 15209//4 15059//4
f 15058//3 15060//3 15210//3 15208//3
f 15059//4 15209//4 15211//4 15061//4
f 15060//3 15062//3 15212//3 15210//3
f 15061//4 15211//4 15213//4 15063//4
f 15062//3 15064//3 15214//3 15212//3
f 15063//4 15213//4 15215//4 15065//4
f 15064//3 15066//3 15216//3 15214//3
f 15065//4 15215//4 15217//4 15067//4
f 15068//3 15070//3 15220//3 15218//3
f 15069//4 15219//4 15221//4 15071//4
f 15070//3 15072//3 15222//3 15220//3
f 15071//4 15221//4 15223//4 15073//4
f 15072//3 15074//3 15224//3 15222//3
f 15073//4 15223//4 15225//4 15075//4
f 15074//3 15076//3 15226//3 15224//3
f 15075//4 15225//4 15227//4 15077//4
f 15076//3 15078//3 15228//3 15226//3
f 15077//4 15227//4 15229//4 15079//4
f 15078//3 15080//3 15230//3 15228//3
f 15079//4 15229//4 15231//4 15081//4
f 15082//3 15084//3 15234//3 15232//3
f 15083//4 15233//4 15235//4 15085//4
f 15084//3 15086//3 15236//3 15234//3
f 15085//4 15235//4 15237//4 15087//4
f 15086//3 15088//3 15238//3 15236//3
f 15087//4 15237//4 15239//4 15089//4
f 15088//3 15090//3 15240//3 15238//3
f 15089//4 15239//4 15241//4 15091//4
f 15090//3 15092//3 15242//3 15240//3
f 15091//4 15241//4 15243//4 15093//4
f 15092//3 15094//3 15244//3 15242//3
f 15093//4 15243//4 15245//4 15095//4
f 15096//3 15098//3 15248//3 15246//3
f 15097//4 15247//4 15249//4 15099//4
f 15098//3 15100//3 15250//3 15248//3
f 15099//4 15249//4 15251//4 15101//4
f 15100//3 15102//3 15252//3 15250//3
f 15101//4 15251//4 15253//4 15103//4
f 15102//3 15104//3 15254//3 15252//3
f 15103//4 15253//4 15255//4 15105//4
f 15104//3 15106//3 15256//3 15254//3
f 15105//4 15255//4 15257//4 15107//4
f 15106//3 15108//3 15258//3 15256//3
f 15107//4 15257//4 15259//4 15109//4
f 15110//3 15112//3 15262//3 15260//3
f 15111//4 15261//4 15263//4 15113//4
f 15112//3 15114//3 15264//3 15262//3
f 15113//4 15263//4 15265//4 15115//4
f 15114//3 15116//3 15266//3 15264//3
f 15115//4 15265//4 15267//4 15117//4
f 15116//3 15118//3 15268//3 15266//3
f 15117//4 15267//4 15269//4 15119//4
f 15118//3 15120//3 15270//3 15268//3
f 15119//4 15269//4 15271//4 15121//4
f 15120//3 15122//3 15272//3 15270//3
f 15121//4 15271//4 15273//4 15123//4
f 15124//3 15126//3 15276//3 15274//3
f 15125//4 15275//4 15277//4 15127//4
f 15126//3 15128//3 15278//3 15276//3
f 15127//4 15277//4 15279//4 15129//4
f 15128//3 15130//3 15280//3 15278//3
f 15129//4 15279//4 15281//4 15131//4
f 15130//3 15132//3 15282//3 15280//3
f 15131//4 15281//4 15283//4 15133//4
f 15132//3 15134//3 15284//3 15282//3
f 15133//4 15283//4 15285//4 15135//4
f 15134//3 15136//3 15286//3 15284//3
f 15135//4 15285//4 15287//4 15137//4
f 15138//3 15140//3 15290//3 15288//3
f 15139//4 15289//4 15291//4 15141//4
f 15140//3 15142//3 15292//3 15290//3
f 15141//4 15291//4 15293//4 15143//4
f 15142//3 15144//3 15294//3 15292//3
f 15143//4 15293//4 15295//4 15145//4
f 15144//3 15146//3 15296//3 15294//3
f 15145//4 15295//4 15297//4 15147//4
f 15146//3 15148//3 15298//3 15296//3
f 15147//4 15297//4 15299//4 15149//4
f 15148//3 15150//3 15300//3 15298//3
f 15149//4 15299//4 15301//4 15151//4
f 15152//3 15154//3 15304//3 15302//3
f 15153//4 15303//4 15305//4 15155//4
f 15154//3 15156//3 15306//3 15304//3
f 15155//4 15305//4 15307//4 15157//4
f 15156//3 15158//3 15308//3 15306//3
f 15157//4 15307//4 15309//4 15159//4
f 15158//3 15160//3 15310//3 15308//3
f 15159//4 15309//4 15311//4 15161//4
f 15160//3 15162//3 15312//3 15310//3
f 15161//4 15311//4 15313//4 15163//4
f 15165//2 15164//2 15314//2 15315//2
f 15162//3 15165//3 15315//3 15312//3
f 15163//4 15313//4 15314//4 15164//4
f 15202//1 15346//1 15347//1 15203//1
f 15202//3 15204//3 15348//3 15346//3
f 15203//4 15347//4 15349//4 15205//4
f 15204//3 15206//3 15350//3 15348//3
f 15205//4 15349//4 15351//4 15207//4
f 15206//3 15208//3 15352//3 15350//3
f 15207//4 15351//4 15353//4 15209//4
f 15208//3 15210//3 15354//3 15352//3
f 15209//4 15353//4 15355//4 15211//4
f 15210//3 15212//3 15356//3 15354//3
f 15211//4 15355//4 15357//4 15213//4
f 15212//3 15214//3 15358//3 15356//3
f 15213//4 15357//4 15359//4 15215//4
f 15216//3 15218//3 15362//3 15360//3
f 15217//4 15361//4 15363//4 15219//4
f 15218//3 15220//3 15364//3 15362//3
f 15219//4 15363//4 15365//4 15221//4
f 15220//3 15222//3 15366//3 15364//3
f 15221//4 15365//4 15367//4 15223//4
f 15222//3 15224//3 15368//3 15366//3
f 15223//4 15367//4 15369//4 15225//4
f 15224//3 15226//3 15370//3 15368//3
f 15225//4 15369//4 15371//4 15227//4
f 15226//3 15228//3 15372//3 15370//3
f 15227//4 15371//4 15373//4 15229//4
f 15230//3 15232//3 15376//3 15374//3
f 15231//4 15375//4 15377//4 15233//4
f 15232//3 15234//3 15378//3 15376//3
f 15233//4 15377//4 15379//4 15235//4
f 15234//3 15236//3 15380//3 15378//3
f 15235//4 15379//4 15381//4 15237//4
f 15236//3 15238//3 15382//3 15380//3
f 15237//4 15381//4 15383//4 15239//4
f 15238//3 15240//3 15384//3 15382//3
f 15239//4 15383//4 15385//4 15241//4
f 15240//3 15242//3 15386//3 15384//3
f 15241//4 15385//4 15387//4 15243//4
f 15244//3 15246//3 15390//3 15388//3
f 15245//4 15389//4 15391//4 15247//4
f 15246//3 15248//3 15392//3 15390//3
f 15247//4 15391//4 15393//4 15249//4
f 15248//3 15250//3 15394//3 15392//3
f 15249//4 15393//4 15395//4 15251//4
f 15250//3 15252//3 15396//3 15394//3
f 15251//4 15395//4 15397//4 15253//4
f 15252//3 15254//3 15398//3 15396//3
f 15253//4 15397//4 15399//4 15255//4
f 15254//3 15256//3 15400//3 15398//3
f 15255//4 15399//4 15401//4 15257//4
f 15258//3 15260//3 15404//3 15402//3
f 15259//4 15403//4 15405//4 15261//4
f 15260//3 15262//3 15406//3 15404//3
f 15261//4 15405//4 15407//4 15263//4
f 15262//3 15264//3 15408//3 15406//3
f 15263//4 15407//4 15409//4 15265//4
f 15264//3 15266//3 15410//3 15408//3
f 15265//4 15409//4 15411//4 15267//4
f 15266//3 15268//3 15412//3 15410//3
f 15267//4 15411//4 15413//4 15269//4
f 15268//3 15270//3 15414//3 15412//3
f 15269//4 15413//4 15415//4 15271//4
f 15272//3 15274//3 15418//3 15416//3
f 15273//4 15417//4 15419//4 15275//4
f 15274//3 15276//3 15420//3 15418//3
f 15275//4 15419//4 15421//4 15277//4
f 15276//3 15278//3 15422//3 15420//3
f 15277//4 15421//4 15423//4 15279//4
f 15278//3 15280//3 15424//3 15422//3
f 15279//4 15423//4 15425//4 15281//4
f 15280//3 15282//3 15426//3 15424//3
f 15281//4 15425//4 15427//4 15283//4
f 15282//3 15284//3 15428//3 15426//3
f 15283//4 15427//4 15429//4 15285//4
f 15286//3 15288//3 15432//3 15430//3
f 15287//4 15431//4 15433//4 15289//4
f 15288//3 15290//3 15434//3 15432//3
f 15289//4 15433//4 15435//4 15291//4
f 15290//3 15292//3 15436//3 15434//3
f 15291//4 15435//4 15437//4 15293//4
f 15292//3 15294//3 15438//3 15436//3
f 15293//4 15437//4 15439//4 15295//4
f 15294//3 15296//3 15440//3 15438//3
f 15295//4 15439//4 15441//4 15297//4
f 15296//3 15298//3 15442//3 15440//3
f 15297//4 15441//4 15443//4 15299//4
f 15300//3 15302//3 15446//3 15444//3
f 15301//4 15445//4 15447//4 15303//4
f 15302//3 15304//3 15448//3 15446//3
f 15303//4 15447//4 15449//4 15305//4
f 15304//3 15306//3 15450//3 15448//3
f 15305//4 15449//4 15451//4 15307//4
f 15306//3 15308//3 15452//3 15450//3
f 15307//4 15451//4 15453//4 15309//4
f 15308//3 15310//3 15454//3 15452//3
f 15309//4 15453//4 15455//4 15311//4
f 15310//3 15312//3 15456//3 15454//3
f 15311//4 15455//4 15457//4 15313//4
f 15346//1 15770//1 15771//1 15347//1
f 15346//3 15348//3 15772//3 15770//3
f 15347//4 15771//4 15773//4 15349//4
f 15348//3 15350//3 15774//3 15772//3
f 15349//4 15773//4 15775//4 15351//4
f 15350//3 15352//3 15776//3 15774//3
f 15351//4 15775//4 15777//4 15353//4
f 15352//3 15354//3 15778//3 15776//3
f 15353//4 15777//4 15779//4 15355//4
f 15354//3 15356//3 15780//3 15778//3
f 15355//4 15779//4 15781//4 15357//4
f 15358//3 15360//3 15784//3 15782//3
f 15359//4 15783//4 15785//4 15361//4
f 15360//3 15362//3 15786//3 15784//3
f 15361//4 15785//4 15787//4 15363//4
f 15362//3 15364//3 15788//3 15786//3
f 15363//4 15787//4 15789//4 15365//4
f 15364//3 15366//3 15790//3 15788//3
f 15365//4 15789//4 15791//4 15367//4
f 15366//3 15368//3 15792//3 15790//3
f 15367//4 15791//4 15793//4 15369//4
f 15368//3 15370//3 15794//3 15792//3
f 15369//4 15793//4 15795//4 15371//4
f 15372//3 15374//3 15798//3 15796//3
f 15373//4 15797//4 15799//4 15375//4
f 15374//3 15376//3 15800//3 15798//3
f 15375//4 15799//4 15801//4 15377//4
f 15376//3 15378//3 15802//3 15800//3
f 15377//4 15801//4 15803//4 15379//4
f 15378//3 15380//3 15804//3 15802//3
f 15379//4 15803//4 15805//4 15381//4
f 15380//3 15382//3 15806//3 15804//3
f 15381//4 15805//4 15807//4 15383//4
f 15382//3 15384//3 15808//3 15806//3
f 15383//4 15807//4 15809//4 15385//4
f 15386//3 15388//3 15812//3 15810//3
f 15387//4 15811//4 15813//4 15389//4
f 15388//3 15390//3 15814//3 15812//3
f 15389//4 15813//4 15815//4 15391//4
f 15390//3 15392//3 15816//3 15814//3
f 15391//4 15815//4 15817//4 15393//4
f 15392//3 15394//3 15818//3 15816//3
f 15393//4 15817//4 15819//4 15395//4
f 15394//3 15396//3 15820//3 15818//3
f 15395//4 15819//4 15821//4 15397//4
f 15396//3 15398//3 15822//3 15820//3
f 15397//4 15821//4 15823//4 15399//4
f 15400//3 15402//3 15826//3 15824//3
f 15401//4 15825//4 15827//4 15403//4
f 15402//3 15404//3 15828//3 15826//3
f 15403//4 15827//4 15829//4 15405//4
f 15404//3 15406//3 15830//3 15828//3
f 15405//4 15829//4 15831//4 15407//4
f 15406//3 15408//3 15832//3 15830//3
f 15407//4 15831//4 15833//4 15409//4
f 15408//3 15410//3 15834//3 15832//3
f 15409//4 15833//4 15835//4 15411//4
f 15410//3 15412//3 15836//3 15834//3
f 15411//4 15835//4 15837//4 15413//4
f 15414//3 15416//3 15840//3 15838//3
f 15415//4 15839//4 15841//4 15417//4
f 15416//3 15418//3 15842//3 15840//3
f 15417//4 15841//4 15843//4 15419//4
f 15418//3 15420//3 15844//3 15842//3
f 15419//4 15843//4 15845//4 15421//4
f 15420//3 15422//3 15846//3 15844//3
f 15421//4 15845//4 15847//4 15423//4
f 15422//3 15424//3 15848//3 15846//3
f 15423//4 15847//4 15849//4 15425//4
f 15424//3 15426//3 15850//3 15848//3
f 15425//4 15849//4 15851//4 15427//4
f 15428//3 15430//3 15854//3 15852//3
f 15429//4 15853//4 15768//4 15431//4
f 15430//3 15432//3 15855//3 15854//3
f 15432//3 15434//3 15856//3 15855//3
f 15433//4 15769//4 15857//4 15435//4
f 15434//3 15436//3 15858//3 15856//3
f 15435//4 15857//4 15859//4 15437//4
f 15436//3 15438//3 15860//3 15858//3
f 15437//4 15859//4 15861//4 15439//4
f 15438//3 15440//3 15862//3 15860//3
f 15439//4 15861//4 15863//4 15441//4
f 15442//3 15444//3 15866//3 15864//3
f 15443//4 15865//4 15867//4 15445//4
f 15444//3 15446//3 15868//3 15866//3
f 15445//4 15867//4 15869//4 15447//4
f 15446//3 15448//3 15870//3 15868//3
f 15447//4 15869//4 15871//4 15449//4
f 15448//3 15450//3 15872//3 15870//3
f 15449//4 15871//4 15873//4 15451//4
f 15450//3 15452//3 15874//3 15872//3
f 15451//4 15873//4 15875//4 15453//4
f 15452//3 15454//3 15876//3 15874//3
f 15453//4 15875//4 15877//4 15455//4
f 15459//2 15458//2 15880//2 15881//2
f 15456//3 15459//3 15881//3 15878//3
f 15457//4 15879//4 15880//4 15458//4
f 15770//1 15912//1 15913//1 15771//1
f 15770//3 15772//3 15914//3 15912//3
f 15771//4 15913//4 15915//4 15773//4
f 15772//3 15774//3 15916//3 15914//3
f 15773//4 15915//4 15917//4 15775//4
f 15774//3 15776//3 15918//3 15916//3
f 15775//4 15917//4 15919//4 15777//4
f 15776//3 15778//3 15920//3 15918//3
f 15777//4 15919//4 15921//4 15779//4
f 15780//3 15782//3 15924//3 15922//3
f 15781//4 15923//4 15925//4 15783//4
f 15782//3 15784//3 15926//3 15924//3
f 15783//4 15925//4 15927//4 15785//4
f 15784//3 15786//3 15928//3 15926//3
f 15785//4 15927//4 15929//4 15787//4
f 15786//3 15788//3 15930//3 15928//3
f 15787//4 15929//4 15931//4 15789//4
f 15788//3 15790//3 15932//3 15930//3
f 15789//4 15931//4 15933//4 15791//4
f 15790//3 15792//3 15934//3 15932//3
f 15791//4 15933//4 15935//4 15793//4
f 15794//3 15796//3 15938//3 15936//3
f 15795//4 15937//4 15939//4 15797//4
f 15796//3 15798//3 15940//3 15938//3
f 15797//4 15939//4 15941//4 15799//4
f 15798//3 15800//3 15942//3 15940//3
f 15799//4 15941//4 15943//4 15801//4
f 15800//3 15802//3 15944//3 15942//3
f 15801//4 15943//4 15945//4 15803//4
f 15802//3 15804//3 15946//3 15944//3
f 15803//4 15945//4 15947//4 15805//4
f 15804//3 15806//3 15948//3 15946//3
f 15805//4 15947//4 15949//4 15807//4
f 15808//3 15810//3 15952//3 15950//3
f 15809//4 15951//4 15953//4 15811//4
f 15810//3 15812//3 15954//3 15952//3
f 15811//4 15953//4 15955//4 15813//4
f 15812//3 15814//3 15956//3 15954//3
f 15813//4 15955//4 15957//4 15815//4
f 15814//3 15816//3 15958//3 15956//3
f 15815//4 15957//4 15959//4 15817//4
f 15816//3 15818//3 15960//3 15958//3
f 15817//4 15959//4 15961//4 15819//4
f 15818//3 15820//3 15962//3 15960//3
f 15819//4 15961//4 15963//4 15821//4
f 15822//3 15824//3 15966//3 15964//3
f 15823//4 15965//4 15967//4 15825//4
f 15824//3 15826//3 15968//3 15966//3
f 15825//4 15967//4 15969//4 15827//4
f 15826//3 15828//3 15970//3 15968//3
f 15827//4 15969//4 15971//4 15829//4
f 15828//3 15830//3 15972//3 15970//3
f 15829//4 15971//4 15973//4 15831//4
f 15830//3 15832//3 15974//3 15972//3
f 15831//4 15973//4 15975//4 15833//4
f 15832//3 15834//3 15976//3 15974//3
f 15833//4 15975//4 15977//4 15835//4
f 15836//3 15838//3 15980//3 15978//3
f 15837//4 15979//4 15981//4 15839//4
f 15838//3 15840//3 15982//3 15980//3
f 15839//4 15981//4 15983//4 15841//4
f 15840//3 15842//3 15984//3 15982//3
f 15841//4 15983//4 15985//4 15843//4
f 15842//3 15844//3 15986//3 15984//3
f 15843//4 15985//4 15987//4 15845//4
f 15844//3 15846//3 15988//3 15986//3
f 15845//4 15987//4 15989//4 15847//4
f 15846//3 15848//3 15990//3 15988//3
f 15847//4 15989//4 15991//4 15849//4
f 15850//3 15852//3 15994//3 15992//3
f 15851//4 15993//4 15995//4 15853//4
f 15852//3 15854//3 15996//3 15994//3
f 15853//4 15995//4 15997//4 15768//4
f 15854//3 15855//3 15998//3 15996//3
f 15768//4 15997//4 15999//4 15769//4
f 15855//3 15856//3 16000//3 15998//3
f 15769//4 15999//4 16001//4 15857//4
f 15856//3 15858//3 16002//3 16000//3
f 15857//4 16001//4 16003//4 15859//4
f 15858//3 15860//3 16004//3 16002//3
f 15859//4 16003//4 16005//4 15861//4
f 15862//3 15864//3 16008//3 16006//3
f 15863//4 16007//4 16009//4 15865//4
f 15864//3 15866//3 16010//3 16008//3
f 15865//4 16009//4 16011//4 15867//4
f 15866//3 15868//3 16012//3 16010//3
f 15867//4 16011//4 16013//4 15869//4
f 15868//3 15870//3 16014//3 16012//3
f 15869//4 16013//4 16015//4 15871//4
f 15870//3 15872//3 16016//3 16014//3
f 15871//4 16015//4 16017//4 15873//4
f 15872//3 15874//3 16018//3 16016//3
f 15873//4 16017//4 16019//4 15875//4
f 15876//3 15878//3 16022//3 16020//3
f 15877//4 16021//4 16023//4 15879//4
f 15881//2 15880//2 16024//2 16025//2
f 15878//3 15881//3 16025//3 16022//3
f 15879//4 16023//4 16024//4 15880//4
f 15912//1 16058//1 16059//1 15913//1
f 15912//3 15914//3 16060//3 16058//3
f 15913//4 16059//4 16061//4 15915//4
f 15914//3 15916//3 16062//3 16060//3
f 15915//4 16061//4 16063//4 15917//4
f 15916//3 15918//3 16064//3 16062//3
f 15917//4 16063//4 16065//4 15919//4
f 15920//3 15922//3 16068//3 16066//3
f 15921//4 16067//4 16069//4 15923//4
f 15922//3 15924//3 16070//3 16068//3
f 15923//4 16069//4 16071//4 15925//4
f 15924//3 15926//3 16072//3 16070//3
f 15925//4 16071//4 16073//4 15927//4
f 15926//3 15928//3 16074//3 16072//3
f 15927//4 16073//4 16075//4 15929//4
f 15928//3 15930//3 16076//3 16074//3
f 15929//4 16075//4 16077//4 15931//4
f 15930//3 15932//3 16078//3 16076//3
f 15931//4 16077//4 16079//4 15933//4
f 15934//3 15936//3 16082//3 16080//3
f 15935//4 16081//4 16083//4 15937//4
f 15936//3 15938//3 16084//3 16082//3
f 15937//4 16083//4 16085//4 15939//4
f 15938//3 15940//3 16086//3 16084//3
f 15939//4 16085//4 16087//4 15941//4
f 15940//3 15942//3 16088//3 16086//3
f 15941//4 16087//4 16089//4 15943//4
f 15942//3 15944//3 16090//3 16088//3
f 15943//4 16089//4 16091//4 15945//4
f 15944//3 15946//3 16092//3 16090//3
f 15945//4 16091//4 16093//4 15947//4
f 15948//3 15950//3 16096//3 16094//3
f 15949//4 16095//4 16097//4 15951//4
f 15950//3 15952//3 16098//3 16096//3
f 15951//4 16097//4 16099//4 15953//4
f 15952//3 15954//3 16100//3 16098//3
f 15953//4 16099//4 16101//4 15955//4
f 15954//3 15956//3 16102//3 16100//3
f 15955//4 16101//4 16103//4 15957//4
f 15956//3 15958//3 16104//3 16102//3
f 15957//4 16103//4 16105//4 15959//4
f 15958//3 15960//3 16106//3 16104//3
f 15959//4 16105//4 16107//4 15961//4
f 15962//3 15964//3 16110//3 16108//3
f 15963//4 16109//4 16111//4 15965//4
f 15964//3 15966//3 16112//3 16110//3
f 15965//4 16111//4 16113//4 15967//4
f 15966//3 15968//3 16114//3 16112//3
f 15967//4 16113//4 16115//4 15969//4
f 15968//3 15970//3 16116//3 16114//3
f 15969//4 16115//4 16117//4 15971//4
f 15970//3 15972//3 16118//3 16116//3
f 15971//4 16117//4 16119//4 15973//4
f 15972//3 15974//3 16120//3 16118//3
f 15973//4 16119//4 16121//4 15975//4
f 15976//3 15978//3 16124//3 16122//3
f 15977//4 16123//4 16125//4 15979//4
f 15978//3 15980//3 16126//3 16124//3
f 15979//4 16125//4 16127//4 15981//4
f 15980//3 15982//3 16128//3 16126//3
f 15981//4 16127//4 16129//4 15983//4
f 15982//3 15984//3 16130//3 16128//3
f 15983//4 16129//4 16131//4 15985//4
f 15984//3 15986//3 16132//3 16130//3
f 15985//4 16131//4 16133//4 15987//4
f 15986//3 15988//3 16134//3 16132//3
f 15987//4 16133//4 16135//4 15989//4
f 15990//3 15992//3 16138//3 16136//3
f 15991//4 16137//4 16139//4 15993//4
f 15992//3 15994//3 16140//3 16138//3
f 15993//4 16139//4 16141//4 15995//4
f 15994//3 15996//3 16142//3 16140//3
f 15995//4 16141//4 16143//4 15997//4
f 15996//3 15998//3 16144//3 16142//3
f 15997//4 16143//4 16145//4 15999//4
f 15998//3 16000//3 16146//3 16144//3
f 15999//4 16145//4 16147//4 16001//4
f 16000//3 16002//3 16148//3 16146//3
f 16001//4 16147//4 16149//4 16003//4
f 16004//3 16006//3 16152//3 16150//3
f 16005//4 16151//4 16153//4 16007//4
f 16006//3 16008//3 16154//3 16152//3
f 16007//4 16153//4 16155//4 16009//4
f 16008//3 16010//3 16156//3 16154//3
f 16009//4 16155//4 16157//4 16011//4
f 16010//3 16012//3 16158//3 16156//3
f 16011//4 16157//4 16159//4 16013//4
f 16012//3 16014//3 16160//3 16158//3
f 16013//4 16159//4 16161//4 16015//4
f 16014//3 16016//3 16162//3 16160//3
f 16015//4 16161//4 16163//4 16017//4
f 16018//3 16020//3 16166//3 16164//3
f 16019//4 16165//4 16167//4 16021//4
f 16020//3 16022//3 16168//3 16166//3
f 16021//4 16167//4 16169//4 16023//4
f 16025//2 16024//2 16170//2 16171//2
f 16022//3 16025//3 16171//3 16168//3
f 16023//4 16169//4 16170//4 16024//4
f 16058//1 16202//1 16203//1 16059//1
f 16058//3 16060//3 16204//3 16202//3
f 16059//4 16203//4 16205//4 16061//4
f 16060//3 16062//3 16206//3 16204//3
f 16061//4 16205//4 16207//4 16063//4
f 16064//3 16066//3 16210//3 16208//3
f 16065//4 16209//4 16211//4 16067//4
f 16066//3 16068//3 16212//3 16210//3
f 16067//4 16211//4 16213//4 16069//4
f 16068//3 16070//3 16214//3 16212//3
f 16069//4 16213//4 16215//4 16071//4
f 16070//3 16072//3 16216//3 16214//3
f 16071//4 16215//4 16217//4 16073//4
f 16072//3 16074//3 16218//3 16216//3
f 16073//4 16217//4 16219//4 16075//4
f 16074//3 16076//3 16220//3 16218//3
f 16075//4 16219//4 16221//4 16077//4
f 16078//3 16080//3 16224//3 16222//3
f 16079//4 16223//4 16225//4 16081//4
f 16080//3 16082//3 16226//3 16224//3
f 16081//4 16225//4 16227//4 16083//4
f 16082//3 16084//3 16228//3 16226//3
f 16083//4 16227//4 16229//4 16085//4
f 16084//3 16086//3 16230//3 16228//3
f 16085//4 16229//4 16231//4 16087//4
f 16086//3 16088//3 16232//3 16230//3
f 16087//4 16231//4 16233//4 16089//4
f 16088//3 16090//3 16234//3 16232//3
f 16089//4 16233//4 16235//4 16091//4
f 16092//3 16094//3 16238//3 16236//3
f 16093//4 16237//4 16239//4 16095//4
f 16094//3 16096//3 16240//3 16238//3
f 16095//4 16239//4 16241//4 16097//4
f 16096//3 16098//3 16242//3 16240//3
f 16097//4 16241//4 16243//4 16099//4
f 16098//3 16100//3 16244//3 16242//3
f 16099//4 16243//4 16245//4 16101//4
f 16100//3 16102//3 16246//3 16244//3
f 16101//4 16245//4 16247//4 16103//4
f 16102//3 16104//3 16248//3 16246//3
f 16103//4 16247//4 16249//4 16105//4
f 16106//3 16108//3 16252//3 16250//3
f 16107//4 16251//4 16253//4 16109//4
f 16108//3 16110//3 16254//3 16252//3
f 16109//4 16253//4 16255//4 16111//4
f 16110//3 16112//3 16256//3 16254//3
f 16111//4 16255//4 16257//4 16113//4
f 16112//3 16114//3 16258//3 16256//3
f 16113//4 16257//4 16259//4 16115//4
f 16114//3 16116//3 16260//3 16258//3
f 16115//4 16259//4 16261//4 16117//4
f 16116//3 16118//3 16262//3 16260//3
f 16117//4 16261//4 16263//4 16119//4
f 16120//3 16122//3 16266//3 16264//3
f 16121//4 16265//4 16267//4 16123//4
f 16122//3 16124//3 16268//3 16266//3
f 16123//4 16267//4 16269//4 16125//4
f 16124//3 16126//3 16270//3 16268//3
f 16125//4 16269//4 16271//4 16127//4
f 16126//3 16128//3 16272//3 16270//3
f 16127//4 16271//4 16273//4 16129//4
f 16128//3 16130//3 16274//3 16272//3
f 16129//4 16273//4 16275//4 16131//4
f 16130//3 16132//3 16276//3 16274//3
f 16131//4 16275//4 16277//4 16133//4
f 16134//3 16136//3 16280//3 16278//3
f 16135//4 16279//4 16281//4 16137//4
f 16136//3 16138//3 16282//3 16280//3
f 16137//4 16281//4 16283//4 16139//4
f 16138//3 16140//3 16284//3 16282//3
f 16139//4 16283//4 16285//4 16141//4
f 16140//3 16142//3 16286//3 16284//3
f 16141//4 16285//4 16287//4 16143//4
f 16142//3 16144//3 16288//3 16286//3
f 16143//4 16287//4 16289//4 16145//4
f 16144//3 16146//3 16290//3 16288//3
f 16145//4 16289//4 16291//4 16147//4
f 16148//3 16150//3 16294//3 16292//3
f 16149//4 16293//4 16295//4 16151//4
f 16150//3 16152//3 16296//3 16294//3
f 16151//4 16295//4 16297//4 16153//4
f 16152//3 16154//3 16298//3 16296//3
f 16153//4 16297//4 16299//4 16155//4
f 16154//3 16156//3 16300//3 16298//3
f 16155//4 16299//4 16301//4 16157//4
f 16156//3 16158//3 16302//3 16300//3
f 16157//4 16301//4 16303//4 16159//4
f 16158//3 16160//3 16304//3 16302//3
f 16159//4 16303//4 16305//4 16161//4
f 16162//3 16164//3 16308//3 16306//3
f 16163//4 16307//4 16309//4 16165//4
f 16164//3 16166//3 16310//3 16308//3
f 16165//4 16309//4 16311//4 16167//4
f 16166//3 16168//3 16312//3 16310//3
f 16167//4 16311//4 16313//4 16169//4
f 16171//2 16170//2 16314//2 16315//2
f 16168//3 16171//3 16315//3 16312//3
f 16169//4 16313//4 16314//4 16170//4
f 16202//1 16320//1 16321//1 16203//1
f 16202//3 16204//3 16322//3 16320//3
f 16203//4 16321//4 16323//4 16205//4
f 16206//3 16208//3 16326//3 16324//3
f 16207//4 16325//4 16327//4 16209//4
f 16208//3 16210//3 16328//3 16326//3
f 16209//4 16327//4 16329//4 16211//4
f 16210//3 16212//3 16330//3 16328//3
f 16211//4 16329//4 16331//4 16213//4
f 16212//3 16214//3 16332//3 16330//3
f 16213//4 16331//4 16333//4 16215//4
f 16214//3 16216//3 16334//3 16332//3
f 16215//4 16333//4 16335//4 16217//4
f 16216//3 16218//3 16336//3 16334//3
f 16217//4 16335//4 16337//4 16219//4
f 16220//3 16222//3 16340//3 16338//3
f 16221//4 16339//4 16341//4 16223//4
f 16222//3 16224//3 16342//3 16340//3
f 16223//4 16341//4 16343//4 16225//4
f 16224//3 16226//3 16344//3 16342//3
f 16225//4 16343//4 16345//4 16227//4
f 16226//3 16228//3 16346//3 16344//3
f 16227//4 16345//4 16347//4 16229//4
f 16228//3 16230//3 16348//3 16346//3
f 16229//4 16347//4 16349//4 16231//4
f 16230//3 16232//3 16350//3 16348//3
f 16231//4 16349//4 16351//4 16233//4
f 16234//3 16236//3 16354//3 16352//3
f 16235//4 16353//4 16355//4 16237//4
f 16236//3 16238//3 16356//3 16354//3
f 16237//4 16355//4 16357//4 16239//4
f 16238//3 16240//3 16358//3 16356//3
f 16239//4 16357//4 16359//4 16241//4
f 16240//3 16242//3 16360//3 16358//3
f 16241//4 16359//4 16361//4 16243//4
f 16242//3 16244//3 16362//3 16360//3
f 16243//4 16361//4 16363//4 16245//4
f 16244//3 16246//3 16364//3 16362//3
f 16245//4 16363//4 16365//4 16247//4
f 16248//3 16250//3 16368//3 16366//3
f 16249//4 16367//4 16369//4 16251//4
f 16250//3 16252//3 16370//3 16368//3
f 16251//4 16369//4 16371//4 16253//4
f 16252//3 16254//3 16372//3 16370//3
f 16253//4 16371//4 16373//4 16255//4
f 16254//3 16256//3 16374//3 16372//3
f 16255//4 16373//4 16375//4 16257//4
f 16256//3 16258//3 16376//3 16374//3
f 16257//4 16375//4 16377//4 16259//4
f 16258//3 16260//3 16378//3 16376//3
f 16259//4 16377//4 16379//4 16261//4
f 16262//3 16264//3 16382//3 16380//3
f 16263//4 16381//4 16383//4 16265//4
f 16264//3 16266//3 16384//3 16382//3
f 16265//4 16383//4 16385//4 16267//4
f 16266//3 16268//3 16386//3 16384//3
f 16267//4 16385//4 16387//4 16269//4
f 16268//3 16270//3 16388//3 16386//3
f 16269//4 16387//4 16389//4 16271//4
f 16270//3 16272//3 16390//3 16388//3
f 16271//4 16389//4 16391//4 16273//4
f 16272//3 16274//3 16392//3 16390//3
f 16273//4 16391//4 16393//4 16275//4
f 16276//3 16278//3 16396//3 16394//3
f 16277//4 16395//4 16397//4 16279//4
f 16278//3 16280//3 16398//3 16396//3
f 16279//4 16397//4 16399//4 16281//4
f 16280//3 16282//3 16400//3 16398//3
f 16281//4 16399//4 16401//4 16283//4
f 16282//3 16284//3 16402//3 16400//3
f 16283//4 16401//4 16403//4 16285//4
f 16284//3 16286//3 16404//3 16402//3
f 16285//4 16403//4 16405//4 16287//4
f 16286//3 16288//3 16406//3 16404//3
f 16287//4 16405//4 16407//4 16289//4
f 16290//3 16292//3 16410//3 16408//3
f 16291//4 16409//4 16411//4 16293//4
f 16292//3 16294//3 16412//3 16410//3
f 16293//4 16411//4 16413//4 16295//4
f 16294//3 16296//3 16414//3 16412//3
f 16295//4 16413//4 16415//4 16297//4
f 16296//3 16298//3 16416//3 16414//3
f 16297//4 16415//4 16417//4 16299//4
f 16298//3 16300//3 16418//3 16416//3
f 16299//4 16417//4 16419//4 16301//4
f 16300//3 16302//3 16420//3 16418//3
f 16301//4 16419//4 16421//4 16303//4
f 16304//3 16306//3 16424//3 16422//3
f 16305//4 16423//4 16425//4 16307//4
f 16306//3 16308//3 16426//3 16424//3
f 16307//4 16425//4 16427//4 16309//4
f 16308//3 16310//3 16428//3 16426//3
f 16309//4 16427//4 16429//4 16311//4
f 16310//3 16312//3 16430//3 16428//3
f 16311//4 16429//4 16431//4 16313//4
f 16315//2 16314//2 16432//2 16433//2
f 16312//3 16315//3 16433//3 16430//3
f 16313//4 16431//4 16432//4 16314//4
f 16322//3 16324//3 16438//3 16436//3
f 16323//4 16437//4 16439//4 16325//4
f 16436//6 16438//6 16439//6 16437//6
f 16324//3 16326//3 16440//3 16438//3
f 16325//4 16439//4 16441//4 16327//4
f 16438//6 16440//6 16441//6 16439//6
f 16326//3 16328//3 16442//3 16440//3
f 16327//4 16441//4 16443//4 16329//4
f 16440//6 16442//6 16443//6 16441//6
f 16328//3 16330//3 16444//3 16442//3
f 16329//4 16443//4 16445//4 16331//4
f 16442//6 16444//6 16445//6 16443//6
f 16330//3 16332//3 16446//3 16444//3
f 16331//4 16445//4 16447//4 16333//4
f 16444//6 16446//6 16447//6 16445//6
f 16332//3 16334//3 16448//3 16446//3
f 16333//4 16447//4 16449//4 16335//4
f 16446//6 16448//6 16449//6 16447//6
f 16336//3 16338//3 16452//3 16450//3
f 16337//4 16451//4 16453//4 16339//4
f 16450//6 16452//6 16453//6 16451//6
f 16338//3 16340//3 16454//3 16452//3
f 16339//4 16453//4 16455//4 16341//4
f 16452//6 16454//6 16455//6 16453//6
f 16340//3 16342//3 16456//3 16454//3
f 16341//4 16455//4 16457//4 16343//4
f 16454//6 16456//6 16457//6 16455//6
f 16342//3 16344//3 16458//3 16456//3
f 16343//4 16457//4 16459//4 16345//4
f 16456//6 16458//6 16459//6 16457//6
f 16344//3 16346//3 16460//3 16458//3
f 16345//4 16459//4 16461//4 16347//4
f 16458//6 16460//6 16461//6 16459//6
f 16346//3 16348//3 16462//3 16460//3
f 16347//4 16461//4 16463//4 16349//4
f 16460//6 16462//6 16463//6 16461//6
f 16350//3 16352//3 16466//3 16464//3
f 16351//4 16465//4 16467//4 16353//4
f 16464//6 16466//6 16467//6 16465//6
f 16352//3 16354//3 16468//3 16466//3
f 16353//4 16467//4 16469//4 16355//4
f 16466//6 16468//6 16469//6 16467//6
f 16354//3 16356//3 16470//3 16468//3
f 16355//4 16469//4 16471//4 16357//4
f 16468//6 16470//6 16471//6 16469//6
f 16356//3 16358//3 16472//3 16470//3
f 16357//4 16471//4 16473//4 16359//4
f 16470//6 16472//6 16473//6 16471//6
f 16358//3 16360//3 16474//3 16472//3
f 16359//4 16473//4 16475//4 16361//4
f 16472//6 16474//6 16475//6 16473//6
f 16360//3 16362//3 16476//3 16474//3
f 16361//4 16475//4 16477//4 16363//4
f 16474//6 16476//6 16477//6 16475//6
f 16364//3 16366//3 16480//3 16478//3
f 16365//4 16479//4 16481//4 16367//4
f 16478//6 16480//6 16481//6 16479//6
f 16366//3 16368//3 16482//3 16480//3
f 16367//4 16481//4 16483//4 16369//4
f 16480//6 16482//6 16483//6 16481//6
f 16368//3 16370//3 16484//3 16482//3
f 16369//4 16483//4 16485//4 16371//4
f 16482//6 16484//6 16485//6 16483//6
f 16370//3 16372//3 16486//3 16484//3
f 16371//4 16485//4 16487//4 16373//4
f 16484//6 16486//6 16487//6 16485//6
f 16372//3 16374//3 16488//3 16486//3
f 16373//4 16487//4 16489//4 16375//4
f 16486//6 16488//6 16489//6 16487//6
f 16374//3 16376//3 16490//3 16488//3
f 16375//4 16489//4 16491//4 16377//4
f 16488//6 16490//6 16491//6 16489//6
f 16378//3 16380//3 16494//3 16492//3
f 16379//4 16493//4 16495//4 16381//4
f 16492//6 16494//6 16495//6 16493//6
f 16380//3 16382//3 16496//3 16494//3
f 16381//4 16495//4 16497//4 16383//4
f 16494//6 16496//6 16497//6 16495//6
f 16382//3 16384//3 16498//3 16496//3
f 16383//4 16497//4 16499//4 16385//4
f 16496//6 16498//6 16499//6 16497//6
f 16384//3 16386//3 16500//3 16498//3
f 16385//4 16499//4 16501//4 16387//4
f 16498//6 16500//6 16501//6 16499//6
f 16386//3 16388//3 16502//3 16500//3
f 16387//4 16501//4 16503//4 16389//4
f 16500//6 16502//6 16503//6 16501//6
f 16388//3 16390//3 16504//3 16502//3
f 16389//4 16503//4 16505//4 16391//4
f 16502//6 16504//6 16505//6 16503//6
f 16392//3 16394//3 16508//3 16506//3
f 16393//4 16507//4 16509//4 16395//4
f 16506//6 16508//6 16509//6 16507//6
f 16394//3 16396//3 16510//3 16508//3
f 16395//4 16509//4 16511//4 16397//4
f 16508//6 16510//6 16511//6 16509//6
f 16396//3 16398//3 16512//3 16510//3
f 16397//4 16511//4 16513//4 16399//4
f 16510//6 16512//6 16513//6 16511//6
f 16398//3 16400//3 16514//3 16512//3
f 16399//4 16513//4 16515//4 16401//4
f 16512//6 16514//6 16515//6 16513//6
f 16400//3 16402//3 16516//3 16514//3
f 16401//4 16515//4 16517//4 16403//4
f 16514//6 16516//6 16517//6 16515//6
f 16402//3 16404//3 16518//3 16516//3
f 16403//4 16517//4 16519//4 16405//4
f 16516//6 16518//6 16519//6 16517//6
f 16406//3 16408//3 16522//3 16520//3
f 16407//4 16521//4 16523//4 16409//4
f 16520//6 16522//6 16523//6 16521//6
f 16408//3 16410//3 16524//3 16522//3
f 16409//4 16523//4 16525//4 16411//4
f 16522//6 16524//6 16525//6 16523//6
f 16410//3 16412//3 16526//3 16524//3
f 16411//4 16525//4 16527//4 16413//4
f 16524//6 16526//6 16527//6 16525//6
f 16412//3 16414//3 16528//3 16526//3
f 16413//4 16527//4 16529//4 16415//4
f 16526//6 16528//6 16529//6 16527//6
f 16414//3 16416//3 16530//3 16528//3
f 16415//4 16529//4 16531//4 16417//4
f 16528//6 16530//6 16531//6 16529//6
f 16416//3 16418//3 16532//3 16530//3
f 16417//4 16531//4 16533//4 16419//4
f 16530//6 16532//6 16533//6 16531//6
f 16420//3 16422//3 16536//3 16534//3
f 16421//4 16535//4 16537//4 16423//4
f 16534//6 16536//6 16537//6 16535//6
f 16422//3 16424//3 16538//3 16536//3
f 16423//4 16537//4 16539//4 16425//4
f 16536//6 16538//6 16539//6 16537//6
f 16424//3 16426//3 16540//3 16538//3
f 16425//4 16539//4 16541//4 16427//4
f 16538//6 16540//6 16541//6 16539//6
f 16426//3 16428//3 16542//3 16540//3
f 16427//4 16541//4 16543//4 16429//4
f 16540//6 16542//6 16543//6 16541//6
f 16428//3 16430//3 16544//3 16542//3
f 16429//4 16543//4 16545//4 16431//4
f 16542//6 16544//6 16545//6 16543//6
f 16433//2 16432//2 16546//2 16547//2
f 16430//3 16433//3 16547//3 16544//3
f 16431//4 16545//4 16546//4 16432//4
f 16544//6 16547//6 16546//6 16545//6
g glyph_64
f 595//1 596//1 597//1 598//1
f 599//2 600//2 601//2 602//2
f 595//3 599//3 602//3 596//3
f 598//4 597//4 601//4 600//4
f 595//5 598//5 600//5 599//5
f 603//1 604//1 605//1 606//1
f 607//2 595//2 596//2 608//2
f 603//3 607//3 608//3 604//3
f 606//4 605//4 596//4 595//4
f 603//5 606//5 595//5 607//5
f 609//1 610//1 602//1 599//1
f 611//2 612//2 613//2 614//2
f 609//3 611//3 614//3 610//3
f 599//4 602//4 613//4 612//4
f 609//5 599//5 612//5 611//5
f 615//1 616//1 617//1 618//1
f 619//2 620//2 621//2 622//2
f 615//3 619//3 622//3 616//3
f 618//4 617//4 621//4 620//4
f 615//5 618//5 620//5 619//5
f 623//1 624//1 625//1 626//1
f 627//2 603//2 604//2 628//2
f 623//3 627//3 628//3 624//3
f 626//4 625//4 604//4 603//4
f 623//5 626//5 603//5 627//5
f 629//1 630//1 614//1 611//1
f 631//2 632//2 633//2 634//2
f 629//3 631//3 634//3 630//3
f 611//4 614//4 633//4 632//4
f 629//5 611//5 632//5 631//5
f 635//1 636//1 637//1 638//1
f 639//2 615//2 616//2 640//2
f 635//3 639//3 640//3 636//3
f 638//4 637//4 616//4 615//4
f 635//5 638//5 615//5 639//5
f 641//1 642//1 622//1 619//1
f 643//2 644//2 645//2 646//2
f 641//3 643//3 646//3 642//3
f 619//4 622//4 645//4 644//4
f 641//5 619//5 644//5 643//5
f 647//1 648//1 649//1 650//1
f 651//2 623//2 624//2 652//2
f 647//3 651//3 652//3 648//3
f 650//4 649//4 624//4 623//4
f 647//5 650//5 623//5 651//5
f 653//1 654//1 634//1 631//1
f 655//2 656//2 657//2 658//2
f 653//3 655//3 658//3 654//3
f 631//4 634//4 657//4 656//4
f 653//5 631//5 656//5 655//5
f 659//1 660//1 661//1 662//1
f 663//2 635//2 636//2 664//2
f 659//3 663//3 664//3 660//3
f 662//4 661//4 636//4 635//4
f 659//5 662//5 635//5 663//5
f 665//1 666//1 646//1 643//1
f 667//2 668//2 669//2 670//2
f 665//3 667//3 670//3 666//3
f 643//4 646//4 669//4 668//4
f 665//5 643//5 668//5 667//5
f 671//1 672//1 673//1 674//1
f 675//2 647//2 648//2 676//2
f 671//3 675//3 676//3 672//3
f 674//4 673//4 648//4 647//4
f 671//5 674//5 647//5 675//5
f 677//1 678//1 658//1 655//1
f 679//2 680//2 681//2 682//2
f 677//3 679//3 682//3 678//3
f 655//4 658//4 681//4 680//4
f 677//5 655//5 680//5 679//5
f 683//1 684//1 685//1 686//1
f 687//2 659//2 660//2 688//2
f 683//3 687//3 688//3 684//3
f 686//4 685//4 660//4 659//4
f 683//5 686//5 659//5 687//5
f 689//1 690//1 670//1 667//1
f 691//2 692//2 693//2 694//2
f 689//3 691//3 694//3 690//3
f 667//4 670//4 693//4 692//4
f 689//5 667//5 692//5 691//5
f 695//1 696//1 697//1 698//1
f 699//2 671//2 672//2 700//2
f 695//3 699//3 700//3 696//3
f 698//4 697//4 672//4 671//4
f 695//5 698//5 671//5 699//5
f 701//1 702//1 682//1 679//1
f 703//2 704//2 705//2 706//2
f 701//3 703//3 706//3 702//3
f 679//4 682//4 705//4 704//4
f 701//5 679//5 704//5 703//5
f 707//1 708//1 709//1 710//1
f 711//2 683//2 684//2 712//2
f 707//3 711//3 712//3 708//3
f 710//4 709//4 684//4 683//4
f 707//5 710//5 683//5 711//5
f 713//1 714//1 694//1 691//1
f 715//2 716//2 717//2 718//2
f 713//3 715//3 718//3 714//3
f 691//4 694//4 717//4 716//4
f 713//5 691//5 716//5 715//5
f 719//1 720//1 721//1 722//1
f 723//2 695//2 696//2 724//2
f 719//3 723//3 724//3 720//3
f 722//4 721//4 696//4 695//4
f 719//5 722//5 695//5 723//5
f 725//1 726//1 706//1 703//1
f 727//2 728//2 729//2 730//2
f 725//3 727//3 730//3 726//3
f 703//4 706//4 729//4 728//4
f 725//5 703//5 728//5 727//5
f 731//1 732//1 730//1 727//1
f 733//2 734//2 735//2 736//2
f 731//3 733//3 736//3 732//3
f 727//4 730//4 735//4 734//4
f 731//5 727//5 734//5 733//5
f 737//1 738//1 739//1 740//1
f 741//2 742//2 743//2 744//2
f 737//3 741//3 744//3 738//3
f 740//4 739//4 743//4 742//4
f 737//5 740//5 742//5 741//5
f 745//1 746//1 747//1 748//1
f 749//2 750//2 751//2 752//2
f 745//3 749//3 752//3 746//3
f 748//4 747//4 751//4 750//4
f 745//5 748//5 750//5 749//5
f 753//1 754//1 755//1 756//1
f 757//2 737//2 738//2 758//2
f 753//3 757//3 758//3 754//3
f 756//4 755//4 738//4 737//4
f 753//5 756//5 737//5 757//5
f 759//1 760//1 752//1 749//1
f 761//2 762//2 763//2 764//2
f 759//3 761//3 764//3 760//3
f 749//4 752//4 763//4 762//4
f 759//5 749//5 762//5 761//5
f 596//1 932//1 933//1 597//1
f 602//2 601//2 934//2 935//2
f 597//4 933//4 934//4 601//4
f 604//1 936//1 937//1 605//1
f 605//4 937//4 932//4 596//4
f 614//2 613//2 940//2 941//2
f 602//4 935//4 940//4 613//4
f 942//1 943//1 944//1 945//1
f 946//2 947//2 948//2 949//2
f 942//3 946//3 949//3 943//3
f 945//4 944//4 948//4 947//4
f 942//5 945//5 947//5 946//5
f 616//1 950//1 951//1 617//1
f 622//2 621//2 952//2 953//2
f 617//4 951//4 952//4 621//4
f 624//1 954//1 955//1 625//1
f 625//4 955//4 936//4 604//4
f 634//2 633//2 962//2 963//2
f 614//4 941//4 962//4 633//4
f 964//1 965//1 966//1 967//1
f 968//2 942//2 943//2 969//2
f 964//3 968//3 969//3 965//3
f 967//4 966//4 943//4 942//4
f 964//5 967//5 942//5 968//5
f 970//1 971//1 949//1 946//1
f 972//2 973//2 974//2 975//2
f 970//3 972//3 975//3 971//3
f 946//4 949//4 974//4 973//4
f 970//5 946//5 973//5 972//5
f 636//1 976//1 977//1 637//1
f 637//4 977//4 950//4 616//4
f 646//2 645//2 980//2 981//2
f 622//4 953//4 980//4 645//4
f 648//1 982//1 983//1 649//1
f 649//4 983//4 954//4 624//4
f 658//2 657//2 994//2 995//2
f 634//4 963//4 994//4 657//4
f 996//1 997//1 998//1 999//1
f 1000//2 964//2 965//2 1001//2
f 996//3 1000//3 1001//3 997//3
f 999//4 998//4 965//4 964//4
f 996//5 999//5 964//5 1000//5
f 1002//1 1003//1 975//1 972//1
f 1004//2 1005//2 1006//2 1007//2
f 1002//3 1004//3 1007//3 1003//3
f 972//4 975//4 1006//4 1005//4
f 1002//5 972//5 1005//5 1004//5
f 660//1 1008//1 1009//1 661//1
f 661//4 1009//4 976//4 636//4
f 670//2 669//2 1016//2 1017//2
f 646//4 981//4 1016//4 669//4
f 672//1 1018//1 1019//1 673//1
f 673//4 1019//4 982//4 648//4
f 682//2 681//2 1034//2 1035//2
f 658//4 995//4 1034//4 681//4
f 1036//1 1037//1 1038//1 1039//1
f 1040//2 996//2 997//2 1041//2
f 1036//3 1040//3 1041//3 1037//3
f 1039//4 1038//4 997//4 996//4
f 1036//5 1039//5 996//5 1040//5
f 1042//1 1043//1 1007//1 1004//1
f 1044//2 1045//2 1046//2 1047//2
f 1042//3 1044//3 1047//3 1043//3
f 1004//4 1007//4 1046//4 1045//4
f 1042//5 1004//5 1045//5 1044//5
f 684//1 1048//1 1049//1 685//1
f 685//4 1049//4 1008//4 660//4
f 694//2 693//2 1060//2 1061//2
f 670//4 1017//4 1060//4 693//4
f 696//1 1062//1 1063//1 697//1
f 697//4 1063//4 1018//4 672//4
f 706//2 705//2 1082//2 1083//2
f 682//4 1035//4 1082//4 705//4
f 1084//1 1085//1 1086//1 1087//1
f 1088//2 1036//2 1037//2 1089//2
f 1084//3 1088//3 1089//3 1085//3
f 1087//4 1086//4 1037//4 1036//4
f 1084//5 1087//5 1036//5 1088//5
f 1090//1 1091//1 1047//1 1044//1
f 1092//2 1093//2 1094//2 1095//2
f 1090//3 1092//3 1095//3 1091//3
f 1044//4 1047//4 1094//4 1093//4
f 1090//5 1044//5 1093//5 1092//5
f 708//1 1096//1 1097//1 709//1
f 709//4 1097//4 1048//4 684//4
f 718//2 717//2 1112//2 1113//2
f 694//4 1061//4 1112//4 717//4
f 720//1 1114//1 1115//1 721//1
f 720//3 724//3 1116//3 1114//3
f 721//4 1115//4 1062//4 696//4
f 730//2 729//2 1138//2 1139//2
f 706//4 1083//4 1138//4 729//4
f 1140//1 1141//1 1142//1 1143//1
f 1144//2 1084//2 1085//2 1145//2
f 1140//3 1144//3 1145//3 1141//3
f 1143//4 1142//4 1085//4 1084//4
f 1140//5 1143//5 1084//5 1144//5
f 1146//1 1147//1 1095//1 1092//1
f 1148//2 1149//2 1150//2 1151//2
f 1146//3 1148//3 1151//3 1147//3
f 1092//4 1095//4 1150//4 1149//4
f 1146//5 1092//5 1149//5 1148//5
f 736//2 735//2 1194//2 1195//2
f 732//3 736//3 1195//3 1196//3
f 730//4 1139//4 1194//4 735//4
f 738//1 1197//1 1198//1 739//1
f 739//4 1198//4 1152//4 743//4
f 752//2 751//2 1217//2 1218//2
f 747//4 1169//4 1217//4 751//4
f 1245//1 1246//1 1247//1 1248//1
f 1249//2 1250//2 1251//2 1252//2
f 1245//3 1249//3 1252//3 1246//3
f 1248//4 1247//4 1251//4 1250//4
f 1245//5 1248//5 1250//5 1249//5
f 1253//1 1254//1 1255//1 1256//1
f 1257//2 1258//2 1259//2 1260//2
f 1253//3 1257//3 1260//3 1254//3
f 1256//4 1255//4 1259//4 1258//4
f 1253//5 1256//5 1258//5 1257//5
f 754//1 1261//1 1262//1 755//1
f 754//3 758//3 1263//3 1261//3
f 755//4 1262//4 1197//4 738//4
f 764//2 763//2 1284//2 1285//2
f 760//3 764//3 1285//3 1286//3
f 752//4 1218//4 1284//4 763//4
f 1313//1 1314//1 1315//1 1316//1
f 1317//2 1245//2 1246//2 1318//2
f 1313//3 1317//3 1318//3 1314//3
f 1316//4 1315//4 1246//4 1245//4
f 1313//5 1316//5 1245//5 1317//5
f 1319//1 1320//1 1260//1 1257//1
f 1321//2 1322//2 1323//2 1324//2
f 1319//3 1321//3 1324//3 1320//3
f 1257//4 1260//4 1323//4 1322//4
f 1319//5 1257//5 1322//5 1321//5
f 932//1 1838//1 1839//1 933//1
f 935//2 934//2 1840//2 1841//2
f 932//3 935//3 1841//3 1838//3
f 933//4 1839//4 1840//4 934//4
f 936//1 1842//1 1843//1 937//1
f 938//2 932//2 1838//2 1844//2
f 936//3 938//3 1844//3 1842//3
f 937//4 1843//4 1838//4 932//4
f 939//1 1845//1 1841//1 935//1
f 941//2 940//2 1846//2 1847//2
f 939//3 941//3 1847//3 1845//3
f 935//4 1841//4 1846//4 940//4
f 943//1 1848//1 1849//1 944//1
f 949//2 948//2 1850//2 1851//2
f 944//4 1849//4 1850//4 948//4
f 950//1 1852//1 1853//1 951//1
f 953//2 952//2 1854//2 1855//2
f 950//3 953//3 1855//3 1852//3
f 951//4 1853//4 1854//4 952//4
f 954//1 1856//1 1857//1 955//1
f 957//2 936//2 1842//2 1858//2
f 954//3 957//3 1858//3 1856//3
f 955//4 1857//4 1842//4 936//4
f 961//1 1859//1 1847//1 941//1
f 963//2 962//2 1860//2 1861//2
f 961//3 963//3 1861//3 1859//3
f 941//4 1847//4 1860//4 962//4
f 965//1 1862//1 1863//1 966//1
f 966//4 1863//4 1848//4 943//4
f 975//2 974//2 1866//2 1867//2
f 949//4 1851//4 1866//4 974//4
f 976//1 1868//1 1869//1 977//1
f 978//2 950//2 1852//2 1870//2
f 976//3 978//3 1870//3 1868//3
f 977//4 1869//4 1852//4 950//4
f 979//1 1871//1 1855//1 953//1
f 981//2 980//2 1872//2 1873//2
f 979//3 981//3 1873//3 1871//3
f 953//4 1855//4 1872//4 980//4
f 982//1 1874//1 1875//1 983//1
f 985//2 954//2 1856//2 1876//2
f 982//3 985//3 1876//3 1874//3
f 983//4 1875//4 1856//4 954//4
f 993//1 1877//1 1861//1 963//1
f 995//2 994//2 1878//2 1879//2
f 993//3 995//3 1879//3 1877//3
f 963//4 1861//4 1878//4 994//4
f 997//1 1880//1 1881//1 998//1
f 998//4 1881//4 1862//4 965//4
f 1007//2 1006//2 1888//2 1889//2
f 975//4 1867//4 1888//4 1006//4
f 1008//1 1890//1 1891//1 1009//1
f 1011//2 976//2 1868//2 1892//2
f 1008//3 1011//3 1892//3 1890//3
f 1009//4 1891//4 1868//4 976//4
f 1015//1 1893//1 1873//1 981//1
f 1017//2 1016//2 1894//2 1895//2
f 1015//3 1017//3 1895//3 1893//3
f 981//4 1873//4 1894//4 1016//4
f 1018//1 1896//1 1897//1 1019//1
f 1021//2 982//2 1874//2 1898//2
f 1018//3 1021//3 1898//3 1896//3
f 1019//4 1897//4 1874//4 982//4
f 1033//1 1899//1 1879//1 995//1
f 1035//2 1034//2 1900//2 1901//2
f 1033//3 1035//3 1901//3 1899//3
f 995//4 1879//4 1900//4 1034//4
f 1037//1 1902//1 1903//1 1038//1
f 1038//4 1903//4 1880//4 997//4
f 1047//2 1046//2 1914//2 1915//2
f 1007//4 1889//4 1914//4 1046//4
f 1048//1 1916//1 1917//1 1049//1
f 1051//2 1008//2 1890//2 1918//2
f 1048//3 1051//3 1918//3 1916//3
f 1049//4 1917//4 1890//4 1008//4
f 1059//1 1919//1 1895//1 1017//1
f 1061//2 1060//2 1920//2 1921//2
f 1059//3 1061//3 1921//3 1919//3
f 1017//4 1895//4 1920//4 1060//4
f 1062//1 1922//1 1923//1 1063//1
f 1065//2 1018//2 1896//2 1924//2
f 1063//4 1923//4 1896//4 1018//4
f 1081//1 1925//1 1901//1 1035//1
f 1083//2 1082//2 1926//2 1927//2
f 1081//3 1083//3 1927//3 1925//3
f 1035//4 1901//4 1926//4 1082//4
f 1085//1 1928//1 1929//1 1086//1
f 1086//4 1929//4 1902//4 1037//4
f 1095//2 1094//2 1944//2 1945//2
f 1047//4 1915//4 1944//4 1094//4
f 1096//1 1946//1 1947//1 1097//1
f 1099//2 1048//2 1916//2 1948//2
f 1096//3 1099//3 1948//3 1946//3
f 1097//4 1947//4 1916//4 1048//4
f 1111//1 1949//1 1921//1 1061//1
f 1113//2 1112//2 1950//2 1951//2
f 1111//3 1113//3 1951//3 1949//3
f 1061//4 1921//4 1950//4 1112//4
f 1114//1 1952//1 1953//1 1115//1
f 1114//3 1116//3 1954//3 1952//3
f 1115//4 1953//4 1922//4 1062//4
f 1137//1 1956//1 1927//1 1083//1
f 1139//2 1138//2 1957//2 1958//2
f 1083//4 1927//4 1957//4 1138//4
f 1141//1 1959//1 1960//1 1142//1
f 1142//4 1960//4 1928//4 1085//4
f 1151//2 1150//2 1979//2 1980//2
f 1095//4 1945//4 1979//4 1150//4
f 1195//2 1194//2 1984//2 1985//2
f 1196//3 1195//3 1985//3 1986//3
f 1139//4 1958//4 1984//4 1194//4
f 1197//1 2009//1 2010//1 1198//1
f 1200//2 1152//2 2011//2 2012//2
f 1198//4 2010//4 2011//4 1152//4
f 1216//1 2013//1 2014//1 1169//1
f 1218//2 1217//2 2015//2 2016//2
f 1169//4 2014//4 2015//4 1217//4
f 1246//1 2021//1 2022//1 1247//1
f 1247//4 2022//4 1987//4 1251//4
f 1260//2 1259//2 2045//2 2046//2
f 1255//4 2008//4 2045//4 1259//4
f 1261//1 2047//1 2048//1 1262//1
f 1261//3 1263//3 2049//3 2047//3
f 1262//4 2048//4 2009//4 1197//4
f 1285//2 1284//2 2052//2 2053//2
f 1286//3 1285//3 2053//3 2054//3
f 1218//4 2016//4 2052//4 1284//4
f 1314//1 2059//1 2060//1 1315//1
f 1314//3 1318//3 2061//3 2059//3
f 1315//4 2060//4 2021//4 1246//4
f 1324//2 1323//2 2086//2 2087//2
f 1320//3 1324//3 2087//3 2088//3
f 1260//4 2046//4 2086//4 1323//4
f 1838//1 2488//1 2489//1 1839//1
f 1841//2 1840//2 2490//2 2491//2
f 1838//3 1841//3 2491//3 2488//3
f 1839//4 2489//4 2490//4 1840//4
f 1842//1 2492//1 2493//1 1843//1
f 1844//2 1838//2 2488//2 2494//2
f 1842//3 1844//3 2494//3 2492//3
f 1843//4 2493//4 2488//4 1838//4
f 1845//1 2495//1 2491//1 1841//1
f 1847//2 1846//2 2496//2 2497//2
f 1845//3 1847//3 2497//3 2495//3
f 1841//4 2491//4 2496//4 1846//4
f 1848//1 2498//1 2499//1 1849//1
f 1851//2 1850//2 2500//2 2501//2
f 1848//3 1851//3 2501//3 2498//3
f 1849//4 2499//4 2500//4 1850//4
f 1852//1 2502//1 2503//1 1853//1
f 1855//2 1854//2 2504//2 2505//2
f 1852//3 1855//3 2505//3 2502//3
f 1853//4 2503//4 2504//4 1854//4
f 1856//1 2506//1 2507//1 1857//1
f 1858//2 1842//2 2492//2 2508//2
f 1856//3 1858//3 2508//3 2506//3
f 1857//4 2507//4 2492//4 1842//4
f 1859//1 2509//1 2497//1 1847//1
f 1861//2 1860//2 2510//2 2511//2
f 1859//3 1861//3 2511//3 2509//3
f 1847//4 2497//4 2510//4 1860//4
f 1862//1 2512//1 2513//1 1863//1
f 1864//2 1848//2 2498//2 2514//2
f 1862//3 1864//3 2514//3 2512//3
f 1863//4 2513//4 2498//4 1848//4
f 1865//1 2515//1 2501//1 1851//1
f 1867//2 1866//2 2516//2 2517//2
f 1865//3 1867//3 2517//3 2515//3
f 1851//4 2501//4 2516//4 1866//4
f 1868//1 2518//1 2519//1 1869//1
f 1870//2 1852//2 2502//2 2520//2
f 1868//3 1870//3 2520//3 2518//3
f 1869//4 2519//4 2502//4 1852//4
f 1871//1 2521//1 2505//1 1855//1
f 1873//2 1872//2 2522//2 2523//2
f 1871//3 1873//3 2523//3 2521//3
f 1855//4 2505//4 2522//4 1872//4
f 1874//1 2524//1 2525//1 1875//1
f 1876//2 1856//2 2506//2 2526//2
f 1874//3 1876//3 2526//3 2524//3
f 1875//4 2525//4 2506//4 1856//4
f 1877//1 2527//1 2511//1 1861//1
f 1879//2 1878//2 2528//2 2529//2
f 1877//3 1879//3 2529//3 2527//3
f 1861//4 2511//4 2528//4 1878//4
f 1880//1 2530//1 2531//1 1881//1
f 1883//2 1862//2 2512//2 2532//2
f 1880//3 1883//3 2532//3 2530//3
f 1881//4 2531//4 2512//4 1862//4
f 1887//1 2533//1 2517//1 1867//1
f 1889//2 1888//2 2534//2 2535//2
f 1887//3 1889//3 2535//3 2533//3
f 1867//4 2517//4 2534//4 1888//4
f 1890//1 2536//1 2537//1 1891//1
f 1892//2 1868//2 2518//2 2538//2
f 1890//3 1892//3 2538//3 2536//3
f 1891//4 2537//4 2518//4 1868//4
f 1893//1 2539//1 2523//1 1873//1
f 1895//2 1894//2 2540//2 2541//2
f 1893//3 1895//3 2541//3 2539//3
f 1873//4 2523//4 2540//4 1894//4
f 1896//1 2542//1 2543//1 1897//1
f 1898//2 1874//2 2524//2 2544//2
f 1896//3 1898//3 2544//3 2542//3
f 1897//4 2543//4 2524//4 1874//4
f 1899//1 2545//1 2529//1 1879//1
f 1901//2 1900//2 2546//2 2547//2
f 1899//3 1901//3 2547//3 2545//3
f 1879//4 2529//4 2546//4 1900//4
f 1902//1 2548//1 2549//1 1903//1
f 1905//2 1880//2 2530//2 2550//2
f 1902//3 1905//3 2550//3 2548//3
f 1903//4 2549//4 2530//4 1880//4
f 1913//1 2551//1 2535//1 1889//1
f 1915//2 1914//2 2552//2 2553//2
f 1913//3 1915//3 2553//3 2551//3
f 1889//4 2535//4 2552//4 1914//4
f 1916//1 2554//1 2555//1 1917//1
f 1918//2 1890//2 2536//2 2556//2
f 1916//3 1918//3 2556//3 2554//3
f 1917//4 2555//4 2536//4 1890//4
f 1919//1 2557//1 2541//1 1895//1
f 1921//2 1920//2 2558//2 2559//2
f 1919//3 1921//3 2559//3 2557//3
f 1895//4 2541//4 2558//4 1920//4
f 1922//1 2560//1 2561//1 1923//1
f 1924//2 1896//2 2542//2 2562//2
f 1923//4 2561//4 2542//4 1896//4
f 1925//1 2563//1 2547//1 1901//1
f 1927//2 1926//2 2564//2 2565//2
f 1925//3 1927//3 2565//3 2563//3
f 1901//4 2547//4 2564//4 1926//4
f 1928//1 2566//1 2567//1 1929//1
f 1931//2 1902//2 2548//2 2568//2
f 1928//3 1931//3 2568//3 2566//3
f 1929//4 2567//4 2548//4 1902//4
f 1943//1 2569//1 2553//1 1915//1
f 1945//2 1944//2 2570//2 2571//2
f 1943//3 1945//3 2571//3 2569//3
f 1915//4 2553//4 2570//4 1944//4
f 1946//1 2572//1 2573//1 1947//1
f 1948//2 1916//2 2554//2 2574//2
f 1946//3 1948//3 2574//3 2572//3
f 1947//4 2573//4 2554//4 1916//4
f 1949//1 2575//1 2559//1 1921//1
f 1951//2 1950//2 2576//2 2577//2
f 1949//3 1951//3 2577//3 2575//3
f 1921//4 2559//4 2576//4 1950//4
f 1952//1 2578//1 2579//1 1953//1
f 1952//3 1954//3 2580//3 2578//3
f 1953//4 2579//4 2560//4 1922//4
f 1956//1 2582//1 2565//1 1927//1
f 1958//2 1957//2 2583//2 2584//2
f 1927//4 2565//4 2583//4 1957//4
f 1959//1 2585//1 2586//1 1960//1
f 1962//2 1928//2 2566//2 2587//2
f 1959//3 1962//3 2587//3 2585//3
f 1960//4 2586//4 2566//4 1928//4
f 1978//1 2588//1 2571//1 1945//1
f 1980//2 1979//2 2589//2 2590//2
f 1978//3 1980//3 2590//3 2588//3
f 1945//4 2571//4 2589//4 1979//4
f 1985//2 1984//2 2594//2 2595//2
f 1986//3 1985//3 2595//3 2596//3
f 1958//4 2584//4 2594//4 1984//4
f 2009//1 2597//1 2598//1 2010//1
f 2012//2 2011//2 2599//2 2600//2
f 2010//4 2598//4 2599//4 2011//4
f 2013//1 2601//1 2602//1 2014//1
f 2016//2 2015//2 2603//2 2604//2
f 2014//4 2602//4 2603//4 2015//4
f 2021//1 2609//1 2610//1 2022//1
f 2024//2 1987//2 2611//2 2612//2
f 2022//4 2610//4 2611//4 1987//4
f 2044//1 2613//1 2614//1 2008//1
f 2046//2 2045//2 2615//2 2616//2
f 2008//4 2614//4 2615//4 2045//4
f 2047//1 2617//1 2618//1 2048//1
f 2047//3 2049//3 2619//3 2617//3
f 2048//4 2618//4 2597//4 2009//4
f 2053//2 2052//2 2622//2 2623//2
f 2054//3 2053//3 2623//3 2624//3
f 2016//4 2604//4 2622//4 2052//4
f 2059//1 2629//1 2630//1 2060//1
f 2059//3 2061//3 2631//3 2629//3
f 2060//4 2630//4 2609//4 2021//4
f 2087//2 2086//2 2634//2 2635//2
f 2088//3 2087//3 2635//3 2636//3
f 2046//4 2616//4 2634//4 2086//4
f 2488//1 2880//1 2881//1 2489//1
f 2491//2 2490//2 2882//2 2883//2
f 2488//3 2491//3 2883//3 2880//3
f 2489//4 2881//4 2882//4 2490//4
f 2492//1 2884//1 2885//1 2493//1
f 2494//2 2488//2 2880//2 2886//2
f 2492//3 2494//3 2886//3 2884//3
f 2493//4 2885//4 2880//4 2488//4
f 2495//1 2887//1 2883//1 2491//1
f 2497//2 2496//2 2888//2 2889//2
f 2495//3 2497//3 2889//3 2887//3
f 2491//4 2883//4 2888//4 2496//4
f 2498//1 2890//1 2891//1 2499//1
f 2501//2 2500//2 2892//2 2893//2
f 2498//3 2501//3 2893//3 2890//3
f 2499//4 2891//4 2892//4 2500//4
f 2502//1 2894//1 2895//1 2503//1
f 2505//2 2504//2 2896//2 2897//2
f 2502//3 2505//3 2897//3 2894//3
f 2503//4 2895//4 2896//4 2504//4
f 2506//1 2898//1 2899//1 2507//1
f 2508//2 2492//2 2884//2 2900//2
f 2506//3 2508//3 2900//3 2898//3
f 2507//4 2899//4 2884//4 2492//4
f 2509//1 2901//1 2889//1 2497//1
f 2511//2 2510//2 2902//2 2903//2
f 2509//3 2511//3 2903//3 2901//3
f 2497//4 2889//4 2902//4 2510//4
f 2512//1 2904//1 2905//1 2513//1
f 2514//2 2498//2 2890//2 2906//2
f 2512//3 2514//3 2906//3 2904//3
f 2513//4 2905//4 2890//4 2498//4
f 2515//1 2907//1 2893//1 2501//1
f 2517//2 2516//2 2908//2 2909//2
f 2515//3 2517//3 2909//3 2907//3
f 2501//4 2893//4 2908//4 2516//4
f 2518//1 2910//1 2911//1 2519//1
f 2520//2 2502//2 2894//2 2912//2
f 2518//3 2520//3 2912//3 2910//3
f 2519//4 2911//4 2894//4 2502//4
f 2521//1 2913//1 2897//1 2505//1
f 2523//2 2522//2 2914//2 2915//2
f 2521//3 2523//3 2915//3 2913//3
f 2505//4 2897//4 2914//4 2522//4
f 2524//1 2916//1 2917//1 2525//1
f 2526//2 2506//2 2898//2 2918//2
f 2524//3 2526//3 2918//3 2916//3
f 2525//4 2917//4 2898//4 2506//4
f 2527//1 2919//1 2903//1 2511//1
f 2529//2 2528//2 2920//2 2921//2
f 2527//3 2529//3 2921//3 2919//3
f 2511//4 2903//4 2920//4 2528//4
f 2530//1 2922//1 2923//1 2531//1
f 2532//2 2512//2 2904//2 2924//2
f 2530//3 2532//3 2924//3 2922//3
f 2531//4 2923//4 2904//4 2512//4
f 2533//1 2925//1 2909//1 2517//1
f 2535//2 2534//2 2926//2 2927//2
f 2533//3 2535//3 2927//3 2925//3
f 2517//4 2909//4 2926//4 2534//4
f 2536//1 2928//1 2929//1 2537//1
f 2538//2 2518//2 2910//2 2930//2
f 2536//3 2538//3 2930//3 2928//3
f 2537//4 2929//4 2910//4 2518//4
f 2539//1 2931//1 2915//1 2523//1
f 2541//2 2540//2 2932//2 2933//2
f 2539//3 2541//3 2933//3 2931//3
f 2523//4 2915//4 2932//4 2540//4
f 2542//1 2934//1 2935//1 2543//1
f 2544//2 2524//2 2916//2 2936//2
f 2542//3 2544//3 2936//3 2934//3
f 2543//4 2935//4 2916//4 2524//4
f 2545//1 2937//1 2921//1 2529//1
f 2547//2 2546//2 2938//2 2939//2
f 2545//3 2547//3 2939//3 2937//3
f 2529//4 2921//4 2938//4 2546//4
f 2548//1 2940//1 2941//1 2549//1
f 2550//2 2530//2 2922//2 2942//2
f 2548//3 2550//3 2942//3 2940//3
f 2549//4 2941//4 2922//4 2530//4
f 2551//1 2943//1 2927//1 2535//1
f 2553//2 2552//2 2944//2 2945//2
f 2551//3 2553//3 2945//3 2943//3
f 2535//4 2927//4 2944//4 2552//4
f 2554//1 2946//1 2947//1 2555//1
f 2556//2 2536//2 2928//2 2948//2
f 2554//3 2556//3 2948//3 2946//3
f 2555//4 2947//4 2928//4 2536//4
f 2557//1 2949//1 2933//1 2541//1
f 2559//2 2558//2 2950//2 2951//2
f 2557//3 2559//3 2951//3 2949//3
f 2541//4 2933//4 2950//4 2558//4
f 2560//1 2952//1 2953//1 2561//1
f 2562//2 2542//2 2934//2 2954//2
f 2561//4 2953//4 2934//4 2542//4
f 2563//1 2955//1 2939//1 2547//1
f 2565//2 2564//2 2956//2 2957//2
f 2563//3 2565//3 2957//3 2955//3
f 2547//4 2939//4 2956//4 2564//4
f 2566//1 2958//1 2959//1 2567//1
f 2568//2 2548//2 2940//2 2960//2
f 2566//3 2568//3 2960//3 2958//3
f 2567//4 2959//4 2940//4 2548//4
f 2569//1 2961//1 2945//1 2553//1
f 2571//2 2570//2 2962//2 2963//2
f 2569//3 2571//3 2963//3 2961//3
f 2553//4 2945//4 2962//4 2570//4
f 2572//1 2964//1 2965//1 2573//1
f 2574//2 2554//2 2946//2 2966//2
f 2572//3 2574//3 2966//3 2964//3
f 2573//4 2965//4 2946//4 2554//4
f 2575//1 2967//1 2951//1 2559//1
f 2577//2 2576//2 2968//2 2969//2
f 2575//3 2577//3 2969//3 2967//3
f 2559//4 2951//4 2968//4 2576//4
f 2578//1 2970//1 2971//1 2579//1
f 2578//3 2580//3 2972//3 2970//3
f 2579//4 2971//4 2952//4 2560//4
f 2582//1 2974//1 2957//1 2565//1
f 2584//2 2583//2 2975//2 2976//2
f 2565//4 2957//4 2975//4 2583//4
f 2585//1 2977//1 2978//1 2586//1
f 2587//2 2566//2 2958//2 2979//2
f 2585//3 2587//3 2979//3 2977//3
f 2586//4 2978//4 2958//4 2566//4
f 2588//1 2980//1 2963//1 2571//1
f 2590//2 2589//2 2981//2 2982//2
f 2588//3 2590//3 2982//3 2980//3
f 2571//4 2963//4 2981//4 2589//4
f 2595//2 2594//2 2986//2 2987//2
f 2596//3 2595//3 2987//3 2988//3
f 2584//4 2976//4 2986//4 2594//4
f 2597//1 2989//1 2990//1 2598//1
f 2600//2 2599//2 2991//2 2992//2
f 2598//4 2990//4 2991//4 2599//4
f 2601//1 2993//1 2994//1 2602//1
f 2604//2 2603//2 2995//2 2996//2
f 2602//4 2994//4 2995//4 2603//4
f 2609//1 3001//1 3002//1 2610//1
f 2612//2 2611//2 3003//2 3004//2
f 2610//4 3002//4 3003//4 2611//4
f 2613//1 3005//1 3006//1 2614//1
f 2616//2 2615//2 3007//2 3008//2
f 2614//4 3006//4 3007//4 2615//4
f 2617//1 3009//1 3010//1 2618//1
f 2617//3 2619//3 3011//3 3009//3
f 2618//4 3010//4 2989//4 2597//4
f 2623//2 2622//2 3014//2 3015//2
f 2624//3 2623//3 3015//3 3016//3
f 2604//4 2996//4 3014//4 2622//4
f 2629//1 3021//1 3022//1 2630//1
f 2629//3 2631//3 3023//3 3021//3
f 2630//4 3022//4 3001//4 2609//4
f 2635//2 2634//2 3026//2 3027//2
f 2636//3 2635//3 3027//3 3028//3
f 2616//4 3008//4 3026//4 2634//4
f 2880//1 3265//1 3266//1 2881//1
f 2883//2 2882//2 3267//2 3268//2
f 2880//3 2883//3 3268//3 3265//3
f 2881//4 3266//4 3267//4 2882//4
f 2884//1 3269//1 3270//1 2885//1
f 2886//2 2880//2 3265//2 3271//2
f 2884//3 2886//3 3271//3 3269//3
f 2885//4 3270//4 3265//4 2880//4
f 2887//1 3272//1 3268//1 2883//1
f 2889//2 2888//2 3273//2 3274//2
f 2887//3 2889//3 3274//3 3272//3
f 2883//4 3268//4 3273//4 2888//4
f 2890//1 3275//1 3276//1 2891//1
f 2893//2 2892//2 3277//2 3278//2
f 2890//3 2893//3 3278//3 3275//3
f 2891//4 3276//4 3277//4 2892//4
f 2894//1 3279//1 3280//1 2895//1
f 2897//2 2896//2 3281//2 3282//2
f 2894//3 2897//3 3282//3 3279//3
f 2895//4 3280//4 3281//4 2896//4
f 2898//1 3283//1 3284//1 2899//1
f 2900//2 2884//2 3269//2 3285//2
f 2898//3 2900//3 3285//3 3283//3
f 2899//4 3284//4 3269//4 2884//4
f 2901//1 3286//1 3274//1 2889//1
f 2903//2 2902//2 3287//2 3288//2
f 2901//3 2903//3 3288//3 3286//3
f 2889//4 3274//4 3287//4 2902//4
f 2904//1 3289//1 3290//1 2905//1
f 2906//2 2890//2 3275//2 3291//2
f 2904//3 2906//3 3291//3 3289//3
f 2905//4 3290//4 3275//4 2890//4
f 2907//1 3292//1 3278//1 2893//1
f 2909//2 2908//2 3293//2 3294//2
f 2907//3 2909//3 3294//3 3292//3
f 2893//4 3278//4 3293//4 2908//4
f 2910//1 3295//1 3296//1 2911//1
f 2912//2 2894//2 3279//2 3297//2
f 2910//3 2912//3 3297//3 3295//3
f 2911//4 3296//4 3279//4 2894//4
f 2913//1 3298//1 3282//1 2897//1
f 2915//2 2914//2 3299//2 3300//2
f 2913//3 2915//3 3300//3 3298//3
f 2897//4 3282//4 3299//4 2914//4
f 2916//1 3301//1 3302//1 2917//1
f 2918//2 2898//2 3283//2 3303//2
f 2916//3 2918//3 3303//3 3301//3
f 2917//4 3302//4 3283//4 2898//4
f 2919//1 3304//1 3288//1 2903//1
f 2921//2 2920//2 3305//2 3306//2
f 2919//3 2921//3 3306//3 3304//3
f 2903//4 3288//4 3305//4 2920//4
f 2922//1 3307//1 3308//1 2923//1
f 2924//2 2904//2 3289//2 3309//2
f 2922//3 2924//3 3309//3 3307//3
f 2923//4 3308//4 3289//4 2904//4
f 2925//1 3310//1 3294//1 2909//1
f 2927//2 2926//2 3311//2 3312//2
f 2925//3 2927//3 3312//3 3310//3
f 2909//4 3294//4 3311//4 2926//4
f 2928//1 3313//1 3314//1 2929//1
f 2930//2 2910//2 3295//2 3315//2
f 2928//3 2930//3 3315//3 3313//3
f 2929//4 3314//4 3295//4 2910//4
f 2931//1 3316//1 3300//1 2915//1
f 2933//2 2932//2 3317//2 3318//2
f 2931//3 2933//3 3318//3 3316//3
f 2915//4 3300//4 3317//4 2932//4
f 2934//1 3319//1 3320//1 2935//1
f 2936//2 2916//2 3301//2 3321//2
f 2934//3 2936//3 3321//3 3319//3
f 2935//4 3320//4 3301//4 2916//4
f 2937//1 3322//1 3306//1 2921//1
f 2939//2 2938//2 3323//2 3324//2
f 2937//3 2939//3 3324//3 3322//3
f 2921//4 3306//4 3323//4 2938//4
f 2940//1 3325//1 3326//1 2941//1
f 2942//2 2922//2 3307//2 3327//2
f 2940//3 2942//3 3327//3 3325//3
f 2941//4 3326//4 3307//4 2922//4
f 2943//1 3328//1 3312//1 2927//1
f 2945//2 2944//2 3329//2 3330//2
f 2943//3 2945//3 3330//3 3328//3
f 2927//4 3312//4 3329//4 2944//4
f 2946//1 3331//1 3332//1 2947//1
f 2948//2 2928//2 3313//2 3333//2
f 2946//3 2948//3 3333//3 3331//3
f 2947//4 3332//4 3313//4 2928//4
f 2949//1 3334//1 3318//1 2933//1
f 2951//2 2950//2 3335//2 3336//2
f 2949//3 2951//3 3336//3 3334//3
f 2933//4 3318//4 3335//4 2950//4
f 2952//1 3337//1 3338//1 2953//1
f 2954//2 2934//2 3319//2 3339//2
f 2953//4 3338//4 3319//4 2934//4
f 2955//1 3340//1 3324//1 2939//1
f 2957//2 2956//2 3341//2 3342//2
f 2955//3 2957//3 3342//3 3340//3
f 2939//4 3324//4 3341//4 2956//4
f 2958//1 3343//1 3344//1 2959//1
f 2960//2 2940//2 3325//2 3345//2
f 2958//3 2960//3 3345//3 3343//3
f 2959//4 3344//4 3325//4 2940//4
f 2961//1 3346//1 3330//1 2945//1
f 2963//2 2962//2 3347//2 3348//2
f 2961//3 2963//3 3348//3 3346//3
f 2945//4 3330//4 3347//4 2962//4
f 2964//1 3349//1 3350//1 2965//1
f 2966//2 2946//2 3331//2 3351//2
f 2964//3 2966//3 3351//3 3349//3
f 2965//4 3350//4 3331//4 2946//4
f 2967//1 3352//1 3336//1 2951//1
f 2969//2 2968//2 3353//2 3354//2
f 2967//3 2969//3 3354//3 3352//3
f 2951//4 3336//4 3353//4 2968//4
f 2970//1 3355//1 3356//1 2971//1
f 2970//3 2972//3 3357//3 3355//3
f 2971//4 3356//4 3337//4 2952//4
f 2974//1 3359//1 3342//1 2957//1
f 2976//2 2975//2 3360//2 3361//2
f 2957//4 3342//4 3360//4 2975//4
f 2977//1 3362//1 3363//1 2978//1
f 2979//2 2958//2 3343//2 3364//2
f 2977//3 2979//3 3364//3 3362//3
f 2978//4 3363//4 3343//4 2958//4
f 2980//1 3365//1 3348//1 2963//1
f 2982//2 2981//2 3366//2 3367//2
f 2980//3 2982//3 3367//3 3365//3
f 2963//4 3348//4 3366//4 2981//4
f 2987//2 2986//2 3371//2 3372//2
f 2988//3 2987//3 3372//3 3373//3
f 2976//4 3361//4 3371//4 2986//4
f 2989//1 3374//1 3375//1 2990//1
f 2992//2 2991//2 3376//2 3377//2
f 2990//4 3375//4 3376//4 2991//4
f 2993//1 3378//1 3379//1 2994//1
f 2996//2 2995//2 3380//2 3381//2
f 2994//4 3379//4 3380//4 2995//4
f 3001//1 3386//1 3387//1 3002//1
f 3004//2 3003//2 3388//2 3389//2
f 3002//4 3387//4 3388//4 3003//4
f 3005//1 3390//1 3391//1 3006//1
f 3008//2 3007//2 3392//2 3393//2
f 3006//4 3391//4 3392//4 3007//4
f 3009//1 3394//1 3395//1 3010//1
f 3009//3 3011//3 3396//3 3394//3
f 3010//4 3395//4 3374//4 2989//4
f 3015//2 3014//2 3399//2 3400//2
f 3016//3 3015//3 3400//3 3401//3
f 2996//4 3381//4 3399//4 3014//4
f 3021//1 3406//1 3407//1 3022//1
f 3021//3 3023//3 3408//3 3406//3
f 3022//4 3407//4 3386//4 3001//4
f 3027//2 3026//2 3411//2 3412//2
f 3028//3 3027//3 3412//3 3413//3
f 3008//4 3393//4 3411//4 3026//4
f 3265//1 3650//1 3651//1 3266//1
f 3268//2 3267//2 3652//2 3653//2
f 3265//3 3268//3 3653//3 3650//3
f 3266//4 3651//4 3652//4 3267//4
f 3269//1 3654//1 3655//1 3270//1
f 3271//2 3265//2 3650//2 3656//2
f 3269//3 3271//3 3656//3 3654//3
f 3270//4 3655//4 3650//4 3265//4
f 3272//1 3657//1 3653//1 3268//1
f 3274//2 3273//2 3658//2 3659//2
f 3272//3 3274//3 3659//3 3657//3
f 3268//4 3653//4 3658//4 3273//4
f 3275//1 3660//1 3661//1 3276//1
f 3278//2 3277//2 3662//2 3663//2
f 3275//3 3278//3 3663//3 3660//3
f 3276//4 3661//4 3662//4 3277//4
f 3279//1 3664//1 3665//1 3280//1
f 3282//2 3281//2 3666//2 3667//2
f 3279//3 3282//3 3667//3 3664//3
f 3280//4 3665//4 3666//4 3281//4
f 3283//1 3668//1 3669//1 3284//1
f 3285//2 3269//2 3654//2 3670//2
f 3283//3 3285//3 3670//3 3668//3
f 3284//4 3669//4 3654//4 3269//4
f 3286//1 3671//1 3659//1 3274//1
f 3288//2 3287//2 3672//2 3673//2
f 3286//3 3288//3 3673//3 3671//3
f 3274//4 3659//4 3672//4 3287//4
f 3289//1 3674//1 3675//1 3290//1
f 3291//2 3275//2 3660//2 3676//2
f 3289//3 3291//3 3676//3 3674//3
f 3290//4 3675//4 3660//4 3275//4
f 3292//1 3677//1 3663//1 3278//1
f 3294//2 3293//2 3678//2 3679//2
f 3292//3 3294//3 3679//3 3677//3
f 3278//4 3663//4 3678//4 3293//4
f 3295//1 3680//1 3681//1 3296//1
f 3297//2 3279//2 3664//2 3682//2
f 3295//3 3297//3 3682//3 3680//3
f 3296//4 3681//4 3664//4 3279//4
f 3298//1 3683//1 3667//1 3282//1
f 3300//2 3299//2 3684//2 3685//2
f 3298//3 3300//3 3685//3 3683//3
f 3282//4 3667//4 3684//4 3299//4
f 3301//1 3686//1 3687//1 3302//1
f 3303//2 3283//2 3668//2 3688//2
f 3301//3 3303//3 3688//3 3686//3
f 3302//4 3687//4 3668//4 3283//4
f 3304//1 3689//1 3673//1 3288//1
f 3306//2 3305//2 3690//2 3691//2
f 3304//3 3306//3 3691//3 3689//3
f 3288//4 3673//4 3690//4 3305//4
f 3307//1 3692//1 3693//1 3308//1
f 3309//2 3289//2 3674//2 3694//2
f 3307//3 3309//3 3694//3 3692//3
f 3308//4 3693//4 3674//4 3289//4
f 3310//1 3695//1 3679//1 3294//1
f 3312//2 3311//2 3696//2 3697//2
f 3310//3 3312//3 3697//3 3695//3
f 3294//4 3679//4 3696//4 3311//4
f 3313//1 3698//1 3699//1 3314//1
f 3315//2 3295//2 3680//2 3700//2
f 3313//3 3315//3 3700//3 3698//3
f 3314//4 3699//4 3680//4 3295//4
f 3316//1 3701//1 3685//1 3300//1
f 3318//2 3317//2 3702//2 3703//2
f 3316//3 3318//3 3703//3 3701//3
f 3300//4 3685//4 3702//4 3317//4
f 3319//1 3704//1 3705//1 3320//1
f 3321//2 3301//2 3686//2 3706//2
f 3319//3 3321//3 3706//3 3704//3
f 3320//4 3705//4 3686//4 3301//4
f 3322//1 3707//1 3691//1 3306//1
f 3324//2 3323//2 3708//2 3709//2
f 3322//3 3324//3 3709//3 3707//3
f 3306//4 3691//4 3708//4 3323//4
f 3325//1 3710//1 3711//1 3326//1
f 3327//2 3307//2 3692//2 3712//2
f 3325//3 3327//3 3712//3 3710//3
f 3326//4 3711//4 3692//4 3307//4
f 3328//1 3713//1 3697//1 3312//1
f 3330//2 3329//2 3714//2 3715//2
f 3328//3 3330//3 3715//3 3713//3
f 3312//4 3697//4 3714//4 3329//4
f 3331//1 3716//1 3717//1 3332//1
f 3333//2 3313//2 3698//2 3718//2
f 3331//3 3333//3 3718//3 3716//3
f 3332//4 3717//4 3698//4 3313//4
f 3334//1 3719//1 3703//1 3318//1
f 3336//2 3335//2 3720//2 3721//2
f 3334//3 3336//3 3721//3 3719//3
f 3318//4 3703//4 3720//4 3335//4
f 3337//1 3722//1 3723//1 3338//1
f 3339//2 3319//2 3704//2 3724//2
f 3338//4 3723//4 3704//4 3319//4
f 3340//1 3725//1 3709//1 3324//1
f 3342//2 3341//2 3726//2 3727//2
f 3340//3 3342//3 3727//3 3725//3
f 3324//4 3709//4 3726//4 3341//4
f 3343//1 3728//1 3729//1 3344//1
f 3345//2 3325//2 3710//2 3730//2
f 3343//3 3345//3 3730//3 3728//3
f 3344//4 3729//4 3710//4 3325//4
f 3346//1 3731//1 3715//1 3330//1
f 3348//2 3347//2 3732//2 3733//2
f 3346//3 3348//3 3733//3 3731//3
f 3330//4 3715//4 3732//4 3347//4
f 3349//1 3734//1 3735//1 3350//1
f 3351//2 3331//2 3716//2 3736//2
f 3349//3 3351//3 3736//3 3734//3
f 3350//4 3735//4 3716//4 3331//4
f 3352//1 3737//1 3721//1 3336//1
f 3354//2 3353//2 3738//2 3739//2
f 3352//3 3354//3 3739//3 3737//3
f 3336//4 3721//4 3738//4 3353//4
f 3355//1 3740//1 3741//1 3356//1
f 3355//3 3357//3 3742//3 3740//3
f 3356//4 3741//4 3722//4 3337//4
f 3359//1 3744//1 3727//1 3342//1
f 3361//2 3360//2 3745//2 3746//2
f 3342//4 3727//4 3745//4 3360//4
f 3362//1 3747//1 3748//1 3363//1
f 3364//2 3343//2 3728//2 3749//2
f 3362//3 3364//3 3749//3 3747//3
f 3363//4 3748//4 3728//4 3343//4
f 3365//1 3750//1 3733//1 3348//1
f 3367//2 3366//2 3751//2 3752//2
f 3365//3 3367//3 3752//3 3750//3
f 3348//4 3733//4 3751//4 3366//4
f 3372//2 3371//2 3756//2 3757//2
f 3373//3 3372//3 3757//3 3758//3
f 3361//4 3746//4 3756//4 3371//4
f 3374//1 3759//1 3760//1 3375//1
f 3377//2 3376//2 3761//2 3762//2
f 3375//4 3760//4 3761//4 3376//4
f 3378//1 3763//1 3764//1 3379//1
f 3381//2 3380//2 3765//2 3766//2
f 3379//4 3764//4 3765//4 3380//4
f 3386//1 3771//1 3772//1 3387//1
f 3389//2 3388//2 3773//2 3774//2
f 3387//4 3772//4 3773//4 3388//4
f 3390//1 3775//1 3776//1 3391//1
f 3393//2 3392//2 3777//2 3778//2
f 3391//4 3776//4 3777//4 3392//4
f 3394//1 3779//1 3780//1 3395//1
f 3394//3 3396//3 3781//3 3779//3
f 3395//4 3780//4 3759//4 3374//4
f 3400//2 3399//2 3784//2 3785//2
f 3401//3 3400//3 3785//3 3786//3
f 3381//4 3766//4 3784//4 3399//4
f 3406//1 3791//1 3792//1 3407//1
f 3406//3 3408//3 3793//3 3791//3
f 3407//4 3792//4 3771//4 3386//4
f 3412//2 3411//2 3796//2 3797//2
f 3413//3 3412//3 3797//3 3798//3
f 3393//4 3778//4 3796//4 3411//4
f 3650//1 4036//1 4037//1 3651//1
f 3653//2 3652//2 4038//2 4039//2
f 3650//3 3653//3 4039//3 4036//3
f 3651//4 4037//4 4038//4 3652//4
f 3654//1 4040//1 4041//1 3655//1
f 3656//2 3650//2 4036//2 4042//2
f 3654//3 3656//3 4042//3 4040//3
f 3655//4 4041//4 4036//4 3650//4
f 3657//1 4043//1 4039//1 3653//1
f 3659//2 3658//2 4044//2 4045//2
f 3657//3 3659//3 4045//3 4043//3
f 3653//4 4039//4 4044//4 3658//4
f 3660//1 4046//1 4047//1 3661//1
f 3663//2 3662//2 4048//2 4049//2
f 3660//3 3663//3 4049//3 4046//3
f 3661//4 4047//4 4048//4 3662//4
f 3664//1 4050//1 4051//1 3665//1
f 3667//2 3666//2 4052//2 4053//2
f 3664//3 3667//3 4053//3 4050//3
f 3665//4 4051//4 4052//4 3666//4
f 3668//1 4054//1 4055//1 3669//1
f 3670//2 3654//2 4040//2 4056//2
f 3668//3 3670//3 4056//3 4054//3
f 3669//4 4055//4 4040//4 3654//4
f 3671//1 4057//1 4045//1 3659//1
f 3673//2 3672//2 4058//2 4059//2
f 3671//3 3673//3 4059//3 4057//3
f 3659//4 4045//4 4058//4 3672//4
f 3674//1 4060//1 4061//1 3675//1
f 3676//2 3660//2 4046//2 4062//2
f 3674//3 3676//3 4062//3 4060//3
f 3675//4 4061//4 4046//4 3660//4
f 3677//1 4063//1 4049//1 3663//1
f 3679//2 3678//2 4064//2 4065//2
f 3677//3 3679//3 4065//3 4063//3
f 3663//4 4049//4 4064//4 3678//4
f 3680//1 4066//1 4067//1 3681//1
f 3682//2 3664//2 4050//2 4068//2
f 3680//3 3682//3 4068//3 4066//3
f 3681//4 4067//4 4050//4 3664//4
f 3683//1 4069//1 4053//1 3667//1
f 3685//2 3684//2 4070//2 4071//2
f 3683//3 3685//3 4071//3 4069//3
f 3667//4 4053//4 4070//4 3684//4
f 3686//1 4072//1 4073//1 3687//1
f 3688//2 3668//2 4054//2 4074//2
f 3686//3 3688//3 4074//3 4072//3
f 3687//4 4073//4 4054//4 3668//4
f 3689//1 4075//1 4059//1 3673//1
f 3691//2 3690//2 4076//2 4077//2
f 3689//3 3691//3 4077//3 4075//3
f 3673//4 4059//4 4076//4 3690//4
f 3692//1 4078//1 4079//1 3693//1
f 3694//2 3674//2 4060//2 4080//2
f 3692//3 3694//3 4080//3 4078//3
f 3693//4 4079//4 4060//4 3674//4
f 3695//1 4081//1 4065//1 3679//1
f 3697//2 3696//2 4082//2 4083//2
f 3695//3 3697//3 4083//3 4081//3
f 3679//4 4065//4 4082//4 3696//4
f 3698//1 4084//1 4085//1 3699//1
f 3700//2 3680//2 4066//2 4086//2
f 3698//3 3700//3 4086//3 4084//3
f 3699//4 4085//4 4066//4 3680//4
f 3701//1 4087//1 4071//1 3685//1
f 3703//2 3702//2 4088//2 4089//2
f 3701//3 3703//3 4089//3 4087//3
f 3685//4 4071//4 4088//4 3702//4
f 3704//1 4090//1 4091//1 3705//1
f 3706//2 3686//2 4072//2 4092//2
f 3704//3 3706//3 4092//3 4090//3
f 3705//4 4091//4 4072//4 3686//4
f 3707//1 4093//1 4077//1 3691//1
f 3709//2 3708//2 4094//2 4095//2
f 3707//3 3709//3 4095//3 4093//3
f 3691//4 4077//4 4094//4 3708//4
f 3710//1 4096//1 4097//1 3711//1
f 3712//2 3692//2 4078//2 4098//2
f 3710//3 3712//3 4098//3 4096//3
f 3711//4 4097//4 4078//4 3692//4
f 3713//1 4099//1 4083//1 3697//1
f 3715//2 3714//2 4100//2 4101//2
f 3713//3 3715//3 4101//3 4099//3
f 3697//4 4083//4 4100//4 3714//4
f 3716//1 4102//1 4103//1 3717//1
f 3718//2 3698//2 4084//2 4104//2
f 3716//3 3718//3 4104//3 4102//3
f 3717//4 4103//4 4084//4 3698//4
f 3719//1 4105//1 4089//1 3703//1
f 3721//2 3720//2 4106//2 4107//2
f 3719//3 3721//3 4107//3 4105//3
f 3703//4 4089//4 4106//4 3720//4
f 3722//1 4108//1 4109//1 3723//1
f 3724//2 3704//2 4090//2 4110//2
f 3723//4 4109//4 4090//4 3704//4
f 3725//1 4111//1 4095//1 3709//1
f 3727//2 3726//2 4112//2 4113//2
f 3725//3 3727//3 4113//3 4111//3
f 3709//4 4095//4 4112//4 3726//4
f 3728//1 4114//1 4115//1 3729//1
f 3730//2 3710//2 4096//2 4116//2
f 3728//3 3730//3 4116//3 4114//3
f 3729//4 4115//4 4096//4 3710//4
f 3731//1 4117//1 4101//1 3715//1
f 3733//2 3732//2 4118//2 4119//2
f 3731//3 3733//3 4119//3 4117//3
f 3715//4 4101//4 4118//4 3732//4
f 3734//1 4120//1 4121//1 3735//1
f 3736//2 3716//2 4102//2 4122//2
f 3734//3 3736//3 4122//3 4120//3
f 3735//4 4121//4 4102//4 3716//4
f 3737//1 4123//1 4107//1 3721//1
f 3739//2 3738//2 4124//2 4125//2
f 3737//3 3739//3 4125//3 4123//3
f 3721//4 4107//4 4124//4 3738//4
f 3740//1 4126//1 4127//1 3741//1
f 3740//3 3742//3 4128//3 4126//3
f 3741//4 4127//4 4108//4 3722//4
f 3744//1 4130//1 4113//1 3727//1
f 3746//2 3745//2 4131//2 4132//2
f 3727//4 4113//4 4131//4 3745//4
f 3747//1 4133//1 4134//1 3748//1
f 3749//2 3728//2 4114//2 4135//2
f 3747//3 3749//3 4135//3 4133//3
f 3748//4 4134//4 4114//4 3728//4
f 3750//1 4136//1 4119//1 3733//1
f 3752//2 3751//2 4137//2 4138//2
f 3750//3 3752//3 4138//3 4136//3
f 3733//4 4119//4 4137//4 3751//4
f 3757//2 3756//2 4142//2 4143//2
f 3758//3 3757//3 4143//3 4144//3
f 3746//4 4132//4 4142//4 3756//4
f 3759//1 4145//1 4146//1 3760//1
f 3762//2 3761//2 4147//2 4148//2
f 3760//4 4146//4 4147//4 3761//4
f 3763//1 4149//1 4150//1 3764//1
f 3766//2 3765//2 4151//2 4152//2
f 3764//4 4150//4 4151//4 3765//4
f 3771//1 4157//1 4158//1 3772//1
f 3774//2 3773//2 4159//2 4160//2
f 3772//4 4158//4 4159//4 3773//4
f 3775//1 4161//1 4162//1 3776//1
f 3778//2 3777//2 4163//2 4164//2
f 3776//4 4162//4 4163//4 3777//4
f 3779//1 4165//1 4166//1 3780//1
f 3779//3 3781//3 4167//3 4165//3
f 3780//4 4166//4 4145//4 3759//4
f 3785//2 3784//2 4170//2 4171//2
f 3786//3 3785//3 4171//3 4172//3
f 3766//4 4152//4 4170//4 3784//4
f 3791//1 4177//1 4178//1 3792//1
f 3791//3 3793//3 4179//3 4177//3
f 3792//4 4178//4 4157//4 3771//4
f 3797//2 3796//2 4182//2 4183//2
f 3798//3 3797//3 4183//3 4184//3
f 3778//4 4164//4 4182//4 3796//4
f 4036//1 4415//1 4416//1 4037//1
f 4039//2 4038//2 4417//2 4418//2
f 4036//3 4039//3 4418//3 4415//3
f 4037//4 4416//4 4417//4 4038//4
f 4040//1 4419//1 4420//1 4041//1
f 4042//2 4036//2 4415//2 4421//2
f 4040//3 4042//3 4421//3 4419//3
f 4041//4 4420//4 4415//4 4036//4
f 4043//1 4422//1 4418//1 4039//1
f 4045//2 4044//2 4423//2 4424//2
f 4043//3 4045//3 4424//3 4422//3
f 4039//4 4418//4 4423//4 4044//4
f 4046//1 4425//1 4426//1 4047//1
f 4049//2 4048//2 4427//2 4428//2
f 4046//3 4049//3 4428//3 4425//3
f 4047//4 4426//4 4427//4 4048//4
f 4050//1 4429//1 4430//1 4051//1
f 4053//2 4052//2 4431//2 4432//2
f 4050//3 4053//3 4432//3 4429//3
f 4051//4 4430//4 4431//4 4052//4
f 4054//1 4433//1 4434//1 4055//1
f 4056//2 4040//2 4419//2 4435//2
f 4054//3 4056//3 4435//3 4433//3
f 4055//4 4434//4 4419//4 4040//4
f 4057//1 4436//1 4424//1 4045//1
f 4059//2 4058//2 4437//2 4438//2
f 4057//3 4059//3 4438//3 4436//3
f 4045//4 4424//4 4437//4 4058//4
f 4060//1 4439//1 4440//1 4061//1
f 4062//2 4046//2 4425//2 4441//2
f 4060//3 4062//3 4441//3 4439//3
f 4061//4 4440//4 4425//4 4046//4
f 4063//1 4442//1 4428//1 4049//1
f 4065//2 4064//2 4443//2 4444//2
f 4063//3 4065//3 4444//3 4442//3
f 4049//4 4428//4 4443//4 4064//4
f 4066//1 4445//1 4446//1 4067//1
f 4068//2 4050//2 4429//2 4447//2
f 4066//3 4068//3 4447//3 4445//3
f 4067//4 4446//4 4429//4 4050//4
f 4069//1 4448//1 4432//1 4053//1
f 4071//2 4070//2 4449//2 4450//2
f 4069//3 4071//3 4450//3 4448//3
f 4053//4 4432//4 4449//4 4070//4
f 4072//1 4451//1 4452//1 4073//1
f 4074//2 4054//2 4433//2 4453//2
f 4072//3 4074//3 4453//3 4451//3
f 4073//4 4452//4 4433//4 4054//4
f 4075//1 4454//1 4438//1 4059//1
f 4077//2 4076//2 4455//2 4456//2
f 4075//3 4077//3 4456//3 4454//3
f 4059//4 4438//4 4455//4 4076//4
f 4078//1 4457//1 4458//1 4079//1
f 4080//2 4060//2 4439//2 4459//2
f 4078//3 4080//3 4459//3 4457//3
f 4079//4 4458//4 4439//4 4060//4
f 4081//1 4460//1 4444//1 4065//1
f 4083//2 4082//2 4461//2 4462//2
f 4081//3 4083//3 4462//3 4460//3
f 4065//4 4444//4 4461//4 4082//4
f 4084//1 4463//1 4464//1 4085//1
f 4086//2 4066//2 4445//2 4465//2
f 4084//3 4086//3 4465//3 4463//3
f 4085//4 4464//4 4445//4 4066//4
f 4087//1 4466//1 4450//1 4071//1
f 4089//2 4088//2 4467//2 4468//2
f 4087//3 4089//3 4468//3 4466//3
f 4071//4 4450//4 4467//4 4088//4
f 4090//1 4469//1 4470//1 4091//1
f 4092//2 4072//2 4451//2 4471//2
f 4090//3 4092//3 4471//3 4469//3
f 4091//4 4470//4 4451//4 4072//4
f 4093//1 4472//1 4456//1 4077//1
f 4095//2 4094//2 4473//2 4474//2
f 4093//3 4095//3 4474//3 4472//3
f 4077//4 4456//4 4473//4 4094//4
f 4096//1 4475//1 4476//1 4097//1
f 4098//2 4078//2 4457//2 4477//2
f 4096//3 4098//3 4477//3 4475//3
f 4097//4 4476//4 4457//4 4078//4
f 4099//1 4478//1 4462//1 4083//1
f 4101//2 4100//2 4479//2 4480//2
f 4099//3 4101//3 4480//3 4478//3
f 4083//4 4462//4 4479//4 4100//4
f 4102//1 4481//1 4482//1 4103//1
f 4104//2 4084//2 4463//2 4483//2
f 4102//3 4104//3 4483//3 4481//3
f 4103//4 4482//4 4463//4 4084//4
f 4105//1 4484//1 4468//1 4089//1
f 4107//2 4106//2 4485//2 4486//2
f 4105//3 4107//3 4486//3 4484//3
f 4089//4 4468//4 4485//4 4106//4
f 4108//1 4487//1 4488//1 4109//1
f 4110//2 4090//2 4469//2 4489//2
f 4109//4 4488//4 4469//4 4090//4
f 4111//1 4490//1 4474//1 4095//1
f 4113//2 4112//2 4491//2 4492//2
f 4111//3 4113//3 4492//3 4490//3
f 4095//4 4474//4 4491//4 4112//4
f 4114//1 4493//1 4494//1 4115//1
f 4116//2 4096//2 4475//2 4495//2
f 4114//3 4116//3 4495//3 4493//3
f 4115//4 4494//4 4475//4 4096//4
f 4117//1 4496//1 4480//1 4101//1
f 4119//2 4118//2 4497//2 4498//2
f 4117//3 4119//3 4498//3 4496//3
f 4101//4 4480//4 4497//4 4118//4
f 4120//1 4499//1 4500//1 4121//1
f 4122//2 4102//2 4481//2 4501//2
f 4120//3 4122//3 4501//3 4499//3
f 4121//4 4500//4 4481//4 4102//4
f 4123//1 4502//1 4486//1 4107//1
f 4125//2 4124//2 4503//2 4504//2
f 4123//3 4125//3 4504//3 4502//3
f 4107//4 4486//4 4503//4 4124//4
f 4126//1 4505//1 4506//1 4127//1
f 4126//3 4128//3 4507//3 4505//3
f 4127//4 4506//4 4487//4 4108//4
f 4130//1 4509//1 4492//1 4113//1
f 4132//2 4131//2 4510//2 4511//2
f 4113//4 4492//4 4510//4 4131//4
f 4133//1 4512//1 4513//1 4134//1
f 4135//2 4114//2 4493//2 4514//2
f 4133//3 4135//3 4514//3 4512//3
f 4134//4 4513//4 4493//4 4114//4
f 4136//1 4515//1 4498//1 4119//1
f 4138//2 4137//2 4516//2 4517//2
f 4136//3 4138//3 4517//3 4515//3
f 4119//4 4498//4 4516//4 4137//4
f 4143//2 4142//2 4521//2 4522//2
f 4144//3 4143//3 4522//3 4523//3
f 4132//4 4511//4 4521//4 4142//4
f 4145//1 4524//1 4525//1 4146//1
f 4148//2 4147//2 4526//2 4527//2
f 4146//4 4525//4 4526//4 4147//4
f 4149//1 4528//1 4529//1 4150//1
f 4152//2 4151//2 4530//2 4531//2
f 4150//4 4529//4 4530//4 4151//4
f 4157//1 4536//1 4537//1 4158//1
f 4160//2 4159//2 4538//2 4539//2
f 4158//4 4537//4 4538//4 4159//4
f 4161//1 4540//1 4541//1 4162//1
f 4164//2 4163//2 4542//2 4543//2
f 4162//4 4541//4 4542//4 4163//4
f 4165//1 4544//1 4545//1 4166//1
f 4165//3 4167//3 4546//3 4544//3
f 4166//4 4545//4 4524//4 4145//4
f 4171//2 4170//2 4549//2 4550//2
f 4172//3 4171//3 4550//3 4551//3
f 4152//4 4531//4 4549//4 4170//4
f 4177//1 4556//1 4557//1 4178//1
f 4177//3 4179//3 4558//3 4556//3
f 4178//4 4557//4 4536//4 4157//4
f 4183//2 4182//2 4561//2 4562//2
f 4184//3 4183//3 4562//3 4563//3
f 4164//4 4543//4 4561//4 4182//4
f 4415//1 4777//1 4778//1 4416//1
f 4418//2 4417//2 4779//2 4780//2
f 4415//3 4418//3 4780//3 4777//3
f 4416//4 4778//4 4779//4 4417//4
f 4419//1 4781//1 4782//1 4420//1
f 4421//2 4415//2 4777//2 4783//2
f 4419//3 4421//3 4783//3 4781//3
f 4420//4 4782//4 4777//4 4415//4
f 4422//1 4784//1 4780//1 4418//1
f 4424//2 4423//2 4785//2 4786//2
f 4422//3 4424//3 4786//3 4784//3
f 4418//4 4780//4 4785//4 4423//4
f 4425//1 4787//1 4788//1 4426//1
f 4428//2 4427//2 4789//2 4790//2
f 4425//3 4428//3 4790//3 4787//3
f 4426//4 4788//4 4789//4 4427//4
f 4429//1 4791//1 4792//1 4430//1
f 4432//2 4431//2 4793//2 4794//2
f 4429//3 4432//3 4794//3 4791//3
f 4430//4 4792//4 4793//4 4431//4
f 4433//1 4795//1 4796//1 4434//1
f 4435//2 4419//2 4781//2 4797//2
f 4433//3 4435//3 4797//3 4795//3
f 4434//4 4796//4 4781//4 4419//4
f 4436//1 4798//1 4786//1 4424//1
f 4438//2 4437//2 4799//2 4800//2
f 4436//3 4438//3 4800//3 4798//3
f 4424//4 4786//4 4799//4 4437//4
f 4439//1 4801//1 4802//1 4440//1
f 4441//2 4425//2 4787//2 4803//2
f 4439//3 4441//3 4803//3 4801//3
f 4440//4 4802//4 4787//4 4425//4
f 4442//1 4804//1 4790//1 4428//1
f 4444//2 4443//2 4805//2 4806//2
f 4442//3 4444//3 4806//3 4804//3
f 4428//4 4790//4 4805//4 4443//4
f 4445//1 4807//1 4808//1 4446//1
f 4447//2 4429//2 4791//2 4809//2
f 4445//3 4447//3 4809//3 4807//3
f 4446//4 4808//4 4791//4 4429//4
f 4448//1 4810//1 4794//1 4432//1
f 4450//2 4449//2 4811//2 4812//2
f 4448//3 4450//3 4812//3 4810//3
f 4432//4 4794//4 4811//4 4449//4
f 4451//1 4813//1 4814//1 4452//1
f 4453//2 4433//2 4795//2 4815//2
f 4451//3 4453//3 4815//3 4813//3
f 4452//4 4814//4 4795//4 4433//4
f 4454//1 4816//1 4800//1 4438//1
f 4456//2 4455//2 4817//2 4818//2
f 4454//3 4456//3 4818//3 4816//3
f 4438//4 4800//4 4817//4 4455//4
f 4457//1 4819//1 4820//1 4458//1
f 4459//2 4439//2 4801//2 4821//2
f 4457//3 4459//3 4821//3 4819//3
f 4458//4 4820//4 4801//4 4439//4
f 4460//1 4822//1 4806//1 4444//1
f 4462//2 4461//2 4823//2 4824//2
f 4460//3 4462//3 4824//3 4822//3
f 4444//4 4806//4 4823//4 4461//4
f 4463//1 4825//1 4826//1 4464//1
f 4465//2 4445//2 4807//2 4827//2
f 4463//3 4465//3 4827//3 4825//3
f 4464//4 4826//4 4807//4 4445//4
f 4466//1 4828//1 4812//1 4450//1
f 4468//2 4467//2 4829//2 4830//2
f 4466//3 4468//3 4830//3 4828//3
f 4450//4 4812//4 4829//4 4467//4
f 4469//1 4831//1 4832//1 4470//1
f 4471//2 4451//2 4813//2 4833//2
f 4469//3 4471//3 4833//3 4831//3
f 4470//4 4832//4 4813//4 4451//4
f 4472//1 4834//1 4818//1 4456//1
f 4474//2 4473//2 4835//2 4836//2
f 4472//3 4474//3 4836//3 4834//3
f 4456//4 4818//4 4835//4 4473//4
f 4475//1 4837//1 4838//1 4476//1
f 4477//2 4457//2 4819//2 4839//2
f 4475//3 4477//3 4839//3 4837//3
f 4476//4 4838//4 4819//4 4457//4
f 4478//1 4840//1 4824//1 4462//1
f 4480//2 4479//2 4841//2 4842//2
f 4478//3 4480//3 4842//3 4840//3
f 4462//4 4824//4 4841//4 4479//4
f 4481//1 4843//1 4844//1 4482//1
f 4483//2 4463//2 4825//2 4845//2
f 4481//3 4483//3 4845//3 4843//3
f 4482//4 4844//4 4825//4 4463//4
f 4484//1 4846//1 4830//1 4468//1
f 4486//2 4485//2 4847//2 4848//2
f 4484//3 4486//3 4848//3 4846//3
f 4468//4 4830//4 4847//4 4485//4
f 4487//1 4849//1 4850//1 4488//1
f 4489//2 4469//2 4831//2 4851//2
f 4488//4 4850//4 4831//4 4469//4
f 4490//1 4852//1 4836//1 4474//1
f 4492//2 4491//2 4853//2 4854//2
f 4490//3 4492//3 4854//3 4852//3
f 4474//4 4836//4 4853//4 4491//4
f 4493//1 4855//1 4856//1 4494//1
f 4495//2 4475//2 4837//2 4857//2
f 4493//3 4495//3 4857//3 4855//3
f 4494//4 4856//4 4837//4 4475//4
f 4496//1 4858//1 4842//1 4480//1
f 4498//2 4497//2 4859//2 4860//2
f 4496//3 4498//3 4860//3 4858//3
f 4480//4 4842//4 4859//4 4497//4
f 4499//1 4861//1 4862//1 4500//1
f 4501//2 4481//2 4843//2 4863//2
f 4499//3 4501//3 4863//3 4861//3
f 4500//4 4862//4 4843//4 4481//4
f 4502//1 4864//1 4848//1 4486//1
f 4504//2 4503//2 4865//2 4866//2
f 4502//3 4504//3 4866//3 4864//3
f 4486//4 4848//4 4865//4 4503//4
f 4505//1 4867//1 4868//1 4506//1
f 4505//3 4507//3 4869//3 4867//3
f 4506//4 4868//4 4849//4 4487//4
f 4509//1 4871//1 4854//1 4492//1
f 4511//2 4510//2 4872//2 4873//2
f 4492//4 4854//4 4872//4 4510//4
f 4512//1 4874//1 4875//1 4513//1
f 4514//2 4493//2 4855//2 4876//2
f 4512//3 4514//3 4876//3 4874//3
f 4513//4 4875//4 4855//4 4493//4
f 4515//1 4877//1 4860//1 4498//1
f 4517//2 4516//2 4878//2 4879//2
f 4515//3 4517//3 4879//3 4877//3
f 4498//4 4860//4 4878//4 4516//4
f 4522//2 4521//2 4883//2 4884//2
f 4523//3 4522//3 4884//3 4885//3
f 4511//4 4873//4 4883//4 4521//4
f 4524//1 4886//1 4887//1 4525//1
f 4527//2 4526//2 4888//2 4889//2
f 4525//4 4887//4 4888//4 4526//4
f 4528//1 4890//1 4891//1 4529//1
f 4531//2 4530//2 4892//2 4893//2
f 4529//4 4891//4 4892//4 4530//4
f 4536//1 4898//1 4899//1 4537//1
f 4539//2 4538//2 4900//2 4901//2
f 4537//4 4899//4 4900//4 4538//4
f 4540//1 4902//1 4903//1 4541//1
f 4543//2 4542//2 4904//2 4905//2
f 4541//4 4903//4 4904//4 4542//4
f 4544//1 4906//1 4907//1 4545//1
f 4544//3 4546//3 4908//3 4906//3
f 4545//4 4907//4 4886//4 4524//4
f 4550//2 4549//2 4911//2 4912//2
f 4551//3 4550//3 4912//3 4913//3
f 4531//4 4893//4 4911//4 4549//4
f 4556//1 4918//1 4919//1 4557//1
f 4556//3 4558//3 4920//3 4918//3
f 4557//4 4919//4 4898//4 4536//4
f 4562//2 4561//2 4923//2 4924//2
f 4563//3 4562//3 4924//3 4925//3
f 4543//4 4905//4 4923//4 4561//4
f 4777//1 5140//1 5141//1 4778//1
f 4780//2 4779//2 5142//2 5143//2
f 4777//3 4780//3 5143//3 5140//3
f 4778//4 5141//4 5142//4 4779//4
f 4781//1 5144//1 5145//1 4782//1
f 4783//2 4777//2 5140//2 5146//2
f 4781//3 4783//3 5146//3 5144//3
f 4782//4 5145//4 5140//4 4777//4
f 4784//1 5147//1 5143//1 4780//1
f 4786//2 4785//2 5148//2 5149//2
f 4784//3 4786//3 5149//3 5147//3
f 4780//4 5143//4 5148//4 4785//4
f 4787//1 5150//1 5151//1 4788//1
f 4790//2 4789//2 5152//2 5153//2
f 4787//3 4790//3 5153//3 5150//3
f 4788//4 5151//4 5152//4 4789//4
f 4791//1 5154//1 5155//1 4792//1
f 4794//2 4793//2 5156//2 5157//2
f 4791//3 4794//3 5157//3 5154//3
f 4792//4 5155//4 5156//4 4793//4
f 4795//1 5158//1 5159//1 4796//1
f 4797//2 4781//2 5144//2 5160//2
f 4795//3 4797//3 5160//3 5158//3
f 4796//4 5159//4 5144//4 4781//4
f 4798//1 5161//1 5149//1 4786//1
f 4800//2 4799//2 5162//2 5163//2
f 4798//3 4800//3 5163//3 5161//3
f 4786//4 5149//4 5162//4 4799//4
f 4801//1 5164//1 5165//1 4802//1
f 4803//2 4787//2 5150//2 5166//2
f 4801//3 4803//3 5166//3 5164//3
f 4802//4 5165//4 5150//4 4787//4
f 4804//1 5167//1 5153//1 4790//1
f 4806//2 4805//2 5168//2 5169//2
f 4804//3 4806//3 5169//3 5167//3
f 4790//4 5153//4 5168//4 4805//4
f 4807//1 5170//1 5171//1 4808//1
f 4809//2 4791//2 5154//2 5172//2
f 4807//3 4809//3 5172//3 5170//3
f 4808//4 5171//4 5154//4 4791//4
f 4810//1 5173//1 5157//1 4794//1
f 4812//2 4811//2 5174//2 5175//2
f 4810//3 4812//3 5175//3 5173//3
f 4794//4 5157//4 5174//4 4811//4
f 4813//1 5176//1 5177//1 4814//1
f 4815//2 4795//2 5158//2 5178//2
f 4813//3 4815//3 5178//3 5176//3
f 4814//4 5177//4 5158//4 4795//4
f 4816//1 5179//1 5163//1 4800//1
f 4818//2 4817//2 5180//2 5181//2
f 4816//3 4818//3 5181//3 5179//3
f 4800//4 5163//4 5180//4 4817//4
f 4819//1 5182//1 5183//1 4820//1
f 4821//2 4801//2 5164//2 5184//2
f 4819//3 4821//3 5184//3 5182//3
f 4820//4 5183//4 5164//4 4801//4
f 4822//1 5185//1 5169//1 4806//1
f 4824//2 4823//2 5186//2 5187//2
f 4822//3 4824//3 5187//3 5185//3
f 4806//4 5169//4 5186//4 4823//4
f 4825//1 5188//1 5189//1 4826//1
f 4827//2 4807//2 5170//2 5190//2
f 4825//3 4827//3 5190//3 5188//3
f 4826//4 5189//4 5170//4 4807//4
f 4828//1 5191//1 5175//1 4812//1
f 4830//2 4829//2 5192//2 5193//2
f 4828//3 4830//3 5193//3 5191//3
f 4812//4 5175//4 5192//4 4829//4
f 4831//1 5194//1 5195//1 4832//1
f 4833//2 4813//2 5176//2 5196//2
f 4831//3 4833//3 5196//3 5194//3
f 4832//4 5195//4 5176//4 4813//4
f 4834//1 5197//1 5181//1 4818//1
f 4836//2 4835//2 5198//2 5199//2
f 4834//3 4836//3 5199//3 5197//3
f 4818//4 5181//4 5198//4 4835//4
f 4837//1 5200//1 5201//1 4838//1
f 4839//2 4819//2 5182//2 5202//2
f 4837//3 4839//3 5202//3 5200//3
f 4838//4 5201//4 5182//4 4819//4
f 4840//1 5203//1 5187//1 4824//1
f 4842//2 4841//2 5204//2 5205//2
f 4840//3 4842//3 5205//3 5203//3
f 4824//4 5187//4 5204//4 4841//4
f 4843//1 5206//1 5207//1 4844//1
f 4845//2 4825//2 5188//2 5208//2
f 4843//3 4845//3 5208//3 5206//3
f 4844//4 5207//4 5188//4 4825//4
f 4846//1 5209//1 5193//1 4830//1
f 4848//2 4847//2 5210//2 5211//2
f 4846//3 4848//3 5211//3 5209//3
f 4830//4 5193//4 5210//4 4847//4
f 4849//1 5212//1 5213//1 4850//1
f 4851//2 4831//2 5194//2 5214//2
f 4850//4 5213//4 5194//4 4831//4
f 4852//1 5215//1 5199//1 4836//1
f 4854//2 4853//2 5216//2 5217//2
f 4852//3 4854//3 5217//3 5215//3
f 4836//4 5199//4 5216//4 4853//4
f 4855//1 5218//1 5219//1 4856//1
f 4857//2 4837//2 5200//2 5220//2
f 4855//3 4857//3 5220//3 5218//3
f 4856//4 5219//4 5200//4 4837//4
f 4858//1 5221//1 5205//1 4842//1
f 4860//2 4859//2 5222//2 5223//2
f 4858//3 4860//3 5223//3 5221//3
f 4842//4 5205//4 5222//4 4859//4
f 4861//1 5224//1 5225//1 4862//1
f 4863//2 4843//2 5206//2 5226//2
f 4861//3 4863//3 5226//3 5224//3
f 4862//4 5225//4 5206//4 4843//4
f 4864//1 5227//1 5211//1 4848//1
f 4866//2 4865//2 5228//2 5229//2
f 4864//3 4866//3 5229//3 5227//3
f 4848//4 5211//4 5228//4 4865//4
f 4867//1 5230//1 5231//1 4868//1
f 4867//3 4869//3 5232//3 5230//3
f 4868//4 5231//4 5212//4 4849//4
f 4871//1 5234//1 5217//1 4854//1
f 4873//2 4872//2 5235//2 5236//2
f 4854//4 5217//4 5235//4 4872//4
f 4874//1 5237//1 5238//1 4875//1
f 4876//2 4855//2 5218//2 5239//2
f 4874//3 4876//3 5239//3 5237//3
f 4875//4 5238//4 5218//4 4855//4
f 4877//1 5240//1 5223//1 4860//1
f 4879//2 4878//2 5241//2 5242//2
f 4877//3 4879//3 5242//3 5240//3
f 4860//4 5223//4 5241//4 4878//4
f 4884//2 4883//2 5246//2 5247//2
f 4885//3 4884//3 5247//3 5248//3
f 4873//4 5236//4 5246//4 4883//4
f 4886//1 5249//1 5250//1 4887//1
f 4889//2 4888//2 5251//2 5252//2
f 4887//4 5250//4 5251//4 4888//4
f 4890//1 5253//1 5254//1 4891//1
f 4893//2 4892//2 5255//2 5256//2
f 4891//4 5254//4 5255//4 4892//4
f 4898//1 5261//1 5262//1 4899//1
f 4901//2 4900//2 5263//2 5264//2
f 4899//4 5262//4 5263//4 4900//4
f 4902//1 5265//1 5266//1 4903//1
f 4905//2 4904//2 5267//2 5268//2
f 4903//4 5266//4 5267//4 4904//4
f 4906//1 5269//1 5270//1 4907//1
f 4906//3 4908//3 5271//3 5269//3
f 4907//4 5270//4 5249//4 4886//4
f 4912//2 4911//2 5274//2 5275//2
f 4913//3 4912//3 5275//3 5276//3
f 4893//4 5256//4 5274//4 4911//4
f 4918//1 5281//1 5282//1 4919//1
f 4918//3 4920//3 5283//3 5281//3
f 4919//4 5282//4 5261//4 4898//4
f 4924//2 4923//2 5286//2 5287//2
f 4925//3 4924//3 5287//3 5288//3
f 4905//4 5268//4 5286//4 4923//4
f 5140//1 5479//1 5480//1 5141//1
f 5143//2 5142//2 5481//2 5482//2
f 5140//3 5143//3 5482//3 5479//3
f 5141//4 5480//4 5481//4 5142//4
f 5144//1 5483//1 5484//1 5145//1
f 5146//2 5140//2 5479//2 5485//2
f 5144//3 5146//3 5485//3 5483//3
f 5145//4 5484//4 5479//4 5140//4
f 5147//1 5486//1 5482//1 5143//1
f 5149//2 5148//2 5487//2 5488//2
f 5147//3 5149//3 5488//3 5486//3
f 5143//4 5482//4 5487//4 5148//4
f 5150//1 5489//1 5490//1 5151//1
f 5153//2 5152//2 5491//2 5492//2
f 5150//3 5153//3 5492//3 5489//3
f 5151//4 5490//4 5491//4 5152//4
f 5154//1 5493//1 5494//1 5155//1
f 5157//2 5156//2 5495//2 5496//2
f 5154//3 5157//3 5496//3 5493//3
f 5155//4 5494//4 5495//4 5156//4
f 5158//1 5497//1 5498//1 5159//1
f 5160//2 5144//2 5483//2 5499//2
f 5158//3 5160//3 5499//3 5497//3
f 5159//4 5498//4 5483//4 5144//4
f 5161//1 5500//1 5488//1 5149//1
f 5163//2 5162//2 5501//2 5502//2
f 5161//3 5163//3 5502//3 5500//3
f 5149//4 5488//4 5501//4 5162//4
f 5164//1 5503//1 5504//1 5165//1
f 5166//2 5150//2 5489//2 5505//2
f 5164//3 5166//3 5505//3 5503//3
f 5165//4 5504//4 5489//4 5150//4
f 5167//1 5506//1 5492//1 5153//1
f 5169//2 5168//2 5507//2 5508//2
f 5167//3 5169//3 5508//3 5506//3
f 5153//4 5492//4 5507//4 5168//4
f 5170//1 5509//1 5510//1 5171//1
f 5172//2 5154//2 5493//2 5511//2
f 5170//3 5172//3 5511//3 5509//3
f 5171//4 5510//4 5493//4 5154//4
f 5173//1 5512//1 5496//1 5157//1
f 5175//2 5174//2 5513//2 5514//2
f 5173//3 5175//3 5514//3 5512//3
f 5157//4 5496//4 5513//4 5174//4
f 5176//1 5515//1 5516//1 5177//1
f 5178//2 5158//2 5497//2 5517//2
f 5176//3 5178//3 5517//3 5515//3
f 5177//4 5516//4 5497//4 5158//4
f 5179//1 5518//1 5502//1 5163//1
f 5181//2 5180//2 5519//2 5520//2
f 5179//3 5181//3 5520//3 5518//3
f 5163//4 5502//4 5519//4 5180//4
f 5182//1 5521//1 5522//1 5183//1
f 5184//2 5164//2 5503//2 5523//2
f 5182//3 5184//3 5523//3 5521//3
f 5183//4 5522//4 5503//4 5164//4
f 5185//1 5524//1 5508//1 5169//1
f 5187//2 5186//2 5525//2 5526//2
f 5185//3 5187//3 5526//3 5524//3
f 5169//4 5508//4 5525//4 5186//4
f 5188//1 5527//1 5528//1 5189//1
f 5190//2 5170//2 5509//2 5529//2
f 5188//3 5190//3 5529//3 5527//3
f 5189//4 5528//4 5509//4 5170//4
f 5191//1 5530//1 5514//1 5175//1
f 5193//2 5192//2 5531//2 5532//2
f 5191//3 5193//3 5532//3 5530//3
f 5175//4 5514//4 5531//4 5192//4
f 5194//1 5533//1 5534//1 5195//1
f 5196//2 5176//2 5515//2 5535//2
f 5194//3 5196//3 5535//3 5533//3
f 5195//4 5534//4 5515//4 5176//4
f 5197//1 5536//1 5520//1 5181//1
f 5199//2 5198//2 5537//2 5538//2
f 5197//3 5199//3 5538//3 5536//3
f 5181//4 5520//4 5537//4 5198//4
f 5200//1 5539//1 5540//1 5201//1
f 5202//2 5182//2 5521//2 5541//2
f 5200//3 5202//3 5541//3 5539//3
f 5201//4 5540//4 5521//4 5182//4
f 5203//1 5542//1 5526//1 5187//1
f 5205//2 5204//2 5543//2 5544//2
f 5203//3 5205//3 5544//3 5542//3
f 5187//4 5526//4 5543//4 5204//4
f 5206//1 5545//1 5546//1 5207//1
f 5208//2 5188//2 5527//2 5547//2
f 5206//3 5208//3 5547//3 5545//3
f 5207//4 5546//4 5527//4 5188//4
f 5209//1 5548//1 5532//1 5193//1
f 5211//2 5210//2 5549//2 5550//2
f 5209//3 5211//3 5550//3 5548//3
f 5193//4 5532//4 5549//4 5210//4
f 5212//1 5551//1 5552//1 5213//1
f 5214//2 5194//2 5533//2 5553//2
f 5213//4 5552//4 5533//4 5194//4
f 5215//1 5554//1 5538//1 5199//1
f 5217//2 5216//2 5555//2 5556//2
f 5215//3 5217//3 5556//3 5554//3
f 5199//4 5538//4 5555//4 5216//4
f 5218//1 5557//1 5558//1 5219//1
f 5220//2 5200//2 5539//2 5559//2
f 5218//3 5220//3 5559//3 5557//3
f 5219//4 5558//4 5539//4 5200//4
f 5221//1 5560//1 5544//1 5205//1
f 5223//2 5222//2 5561//2 5562//2
f 5221//3 5223//3 5562//3 5560//3
f 5205//4 5544//4 5561//4 5222//4
f 5224//1 5563//1 5564//1 5225//1
f 5226//2 5206//2 5545//2 5565//2
f 5224//3 5226//3 5565//3 5563//3
f 5225//4 5564//4 5545//4 5206//4
f 5227//1 5566//1 5550//1 5211//1
f 5229//2 5228//2 5567//2 5568//2
f 5227//3 5229//3 5568//3 5566//3
f 5211//4 5550//4 5567//4 5228//4
f 5230//1 5569//1 5570//1 5231//1
f 5230//3 5232//3 5571//3 5569//3
f 5231//4 5570//4 5551//4 5212//4
f 5234//1 5573//1 5556//1 5217//1
f 5236//2 5235//2 5574//2 5575//2
f 5217//4 5556//4 5574//4 5235//4
f 5237//1 5576//1 5577//1 5238//1
f 5239//2 5218//2 5557//2 5578//2
f 5237//3 5239//3 5578//3 5576//3
f 5238//4 5577//4 5557//4 5218//4
f 5240//1 5579//1 5562//1 5223//1
f 5242//2 5241//2 5580//2 5581//2
f 5240//3 5242//3 5581//3 5579//3
f 5223//4 5562//4 5580//4 5241//4
f 5247//2 5246//2 5585//2 5586//2
f 5248//3 5247//3 5586//3 5587//3
f 5236//4 5575//4 5585//4 5246//4
f 5249//1 5588//1 5589//1 5250//1
f 5252//2 5251//2 5590//2 5591//2
f 5250//4 5589//4 5590//4 5251//4
f 5253//1 5592//1 5593//1 5254//1
f 5256//2 5255//2 5594//2 5595//2
f 5254//4 5593//4 5594//4 5255//4
f 5261//1 5600//1 5601//1 5262//1
f 5264//2 5263//2 5602//2 5603//2
f 5262//4 5601//4 5602//4 5263//4
f 5265//1 5604//1 5605//1 5266//1
f 5268//2 5267//2 5606//2 5607//2
f 5266//4 5605//4 5606//4 5267//4
f 5269//1 5608//1 5609//1 5270//1
f 5269//3 5271//3 5610//3 5608//3
f 5270//4 5609//4 5588//4 5249//4
f 5275//2 5274//2 5613//2 5614//2
f 5276//3 5275//3 5614//3 5615//3
f 5256//4 5595//4 5613//4 5274//4
f 5281//1 5620//1 5621//1 5282//1
f 5281//3 5283//3 5622//3 5620//3
f 5282//4 5621//4 5600//4 5261//4
f 5287//2 5286//2 5625//2 5626//2
f 5288//3 5287//3 5626//3 5627//3
f 5268//4 5607//4 5625//4 5286//4
f 5479//1 5818//1 5819//1 5480//1
f 5482//2 5481//2 5820//2 5821//2
f 5480//4 5819//4 5820//4 5481//4
f 5483//1 5822//1 5823//1 5484//1
f 5484//4 5823//4 5818//4 5479//4
f 5488//2 5487//2 5826//2 5827//2
f 5482//4 5821//4 5826//4 5487//4
f 5489//1 5828//1 5829//1 5490//1
f 5492//2 5491//2 5830//2 5831//2
f 5489//3 5492//3 5831//3 5828//3
f 5490//4 5829//4 5830//4 5491//4
f 5493//1 5832//1 5833//1 5494//1
f 5496//2 5495//2 5834//2 5835//2
f 5494//4 5833//4 5834//4 5495//4
f 5497//1 5836//1 5837//1 5498//1
f 5498//4 5837//4 5822//4 5483//4
f 5502//2 5501//2 5844//2 5845//2
f 5488//4 5827//4 5844//4 5501//4
f 5503//1 5846//1 5847//1 5504//1
f 5505//2 5489//2 5828//2 5848//2
f 5503//3 5505//3 5848//3 5846//3
f 5504//4 5847//4 5828//4 5489//4
f 5506//1 5849//1 5831//1 5492//1
f 5508//2 5507//2 5850//2 5851//2
f 5506//3 5508//3 5851//3 5849//3
f 5492//4 5831//4 5850//4 5507//4
f 5509//1 5852//1 5853//1 5510//1
f 5510//4 5853//4 5832//4 5493//4
f 5514//2 5513//2 5856//2 5857//2
f 5496//4 5835//4 5856//4 5513//4
f 5515//1 5858//1 5859//1 5516//1
f 5516//4 5859//4 5836//4 5497//4
f 5520//2 5519//2 5870//2 5871//2
f 5502//4 5845//4 5870//4 5519//4
f 5521//1 5872//1 5873//1 5522//1
f 5523//2 5503//2 5846//2 5874//2
f 5521//3 5523//3 5874//3 5872//3
f 5522//4 5873//4 5846//4 5503//4
f 5524//1 5875//1 5851//1 5508//1
f 5526//2 5525//2 5876//2 5877//2
f 5524//3 5526//3 5877//3 5875//3
f 5508//4 5851//4 5876//4 5525//4
f 5527//1 5878//1 5879//1 5528//1
f 5528//4 5879//4 5852//4 5509//4
f 5532//2 5531//2 5886//2 5887//2
f 5514//4 5857//4 5886//4 5531//4
f 5533//1 5888//1 5889//1 5534//1
f 5534//4 5889//4 5858//4 5515//4
f 5538//2 5537//2 5904//2 5905//2
f 5520//4 5871//4 5904//4 5537//4
f 5539//1 5906//1 5907//1 5540//1
f 5541//2 5521//2 5872//2 5908//2
f 5539//3 5541//3 5908//3 5906//3
f 5540//4 5907//4 5872//4 5521//4
f 5542//1 5909//1 5877//1 5526//1
f 5544//2 5543//2 5910//2 5911//2
f 5542//3 5544//3 5911//3 5909//3
f 5526//4 5877//4 5910//4 5543//4
f 5545//1 5912//1 5913//1 5546//1
f 5546//4 5913//4 5878//4 5527//4
f 5550//2 5549//2 5924//2 5925//2
f 5532//4 5887//4 5924//4 5549//4
f 5551//1 5926//1 5927//1 5552//1
f 5552//4 5927//4 5888//4 5533//4
f 5556//2 5555//2 5946//2 5947//2
f 5538//4 5905//4 5946//4 5555//4
f 5557//1 5948//1 5949//1 5558//1
f 5559//2 5539//2 5906//2 5950//2
f 5557//3 5559//3 5950//3 5948//3
f 5558//4 5949//4 5906//4 5539//4
f 5560//1 5951//1 5911//1 5544//1
f 5562//2 5561//2 5952//2 5953//2
f 5560//3 5562//3 5953//3 5951//3
f 5544//4 5911//4 5952//4 5561//4
f 5563//1 5954//1 5955//1 5564//1
f 5564//4 5955//4 5912//4 5545//4
f 5568//2 5567//2 5970//2 5971//2
f 5550//4 5925//4 5970//4 5567//4
f 5569//1 5972//1 5973//1 5570//1
f 5569//3 5571//3 5974//3 5972//3
f 5570//4 5973//4 5926//4 5551//4
f 5575//2 5574//2 5995//2 5996//2
f 5556//4 5947//4 5995//4 5574//4
f 5576//1 5997//1 5998//1 5577//1
f 5578//2 5557//2 5948//2 5999//2
f 5576//3 5578//3 5999//3 5997//3
f 5577//4 5998//4 5948//4 5557//4
f 5579//1 6000//1 5953//1 5562//1
f 5581//2 5580//2 6001//2 6002//2
f 5579//3 5581//3 6002//3 6000//3
f 5562//4 5953//4 6001//4 5580//4
f 5586//2 5585//2 6043//2 6044//2
f 5587//3 5586//3 6044//3 6042//3
f 5575//4 5996//4 6043//4 5585//4
f 5588//1 6045//1 6046//1 5589//1
f 5589//4 6046//4 6003//4 5590//4
f 5595//2 5594//2 6065//2 6066//2
f 5593//4 6020//4 6065//4 5594//4
f 5600//1 6089//1 6090//1 5601//1
f 5603//2 5602//2 6091//2 6092//2
f 5601//4 6090//4 6091//4 5602//4
f 5604//1 6093//1 6094//1 5605//1
f 5607//2 5606//2 6095//2 6096//2
f 5605//4 6094//4 6095//4 5606//4
f 5608//1 6097//1 6098//1 5609//1
f 5608//3 5610//3 6099//3 6097//3
f 5609//4 6098//4 6045//4 5588//4
f 5614//2 5613//2 6119//2 6120//2
f 5615//3 5614//3 6120//3 6118//3
f 5595//4 6066//4 6119//4 5613//4
f 5620//1 6143//1 6144//1 5621//1
f 5620//3 5622//3 6145//3 6143//3
f 5621//4 6144//4 6089//4 5600//4
f 5626//2 5625//2 6148//2 6149//2
f 5627//3 5626//3 6149//3 6150//3
f 5607//4 6096//4 6148//4 5625//4
f 5818//1 6542//1 6543//1 5819//1
f 5821//2 5820//2 6544//2 6545//2
f 5818//3 5821//3 6545//3 6542//3
f 5819//4 6543//4 6544//4 5820//4
f 6542//6 6545//6 6544//6 6543//6
f 5822//1 6546//1 6547//1 5823//1
f 5824//2 5818//2 6542//2 6548//2
f 5822//3 5824//3 6548//3 6546//3
f 5823//4 6547//4 6542//4 5818//4
f 6546//6 6548//6 6542//6 6547//6
f 5825//1 6549//1 6545//1 5821//1
f 5827//2 5826//2 6550//2 6551//2
f 5825//3 5827//3 6551//3 6549//3
f 5821//4 6545//4 6550//4 5826//4
f 6549//6 6551//6 6550//6 6545//6
f 5828//1 6552//1 6553//1 5829//1
f 5831//2 5830//2 6554//2 6555//2
f 5828//3 5831//3 6555//3 6552//3
f 5829//4 6553//4 6554//4 5830//4
f 5832//1 6556//1 6557//1 5833//1
f 5835//2 5834//2 6558//2 6559//2
f 5832//3 5835//3 6559//3 6556//3
f 5833//4 6557//4 6558//4 5834//4
f 6556//6 6559//6 6558//6 6557//6
f 5836//1 6560//1 6561//1 5837//1
f 5839//2 5822//2 6546//2 6562//2
f 5836//3 5839//3 6562//3 6560//3
f 5837//4 6561//4 6546//4 5822//4
f 6560//6 6562//6 6546//6 6561//6
f 5843//1 6563//1 6551//1 5827//1
f 5845//2 5844//2 6564//2 6565//2
f 5843//3 5845//3 6565//3 6563//3
f 5827//4 6551//4 6564//4 5844//4
f 6563//6 6565//6 6564//6 6551//6
f 5846//1 6566//1 6567//1 5847//1
f 5848//2 5828//2 6552//2 6568//2
f 5846//3 5848//3 6568//3 6566//3
f 5847//4 6567//4 6552//4 5828//4
f 5849//1 6569//1 6555//1 5831//1
f 5851//2 5850//2 6570//2 6571//2
f 5849//3 5851//3 6571//3 6569//3
f 5831//4 6555//4 6570//4 5850//4
f 5852//1 6572//1 6573//1 5853//1
f 5854//2 5832//2 6556//2 6574//2
f 5852//3 5854//3 6574//3 6572//3
f 5853//4 6573//4 6556//4 5832//4
f 6572//6 6574//6 6556//6 6573//6
f 5855//1 6575//1 6559//1 5835//1
f 5857//2 5856//2 6576//2 6577//2
f 5855//3 5857//3 6577//3 6575//3
f 5835//4 6559//4 6576//4 5856//4
f 6575//6 6577//6 6576//6 6559//6
f 5858//1 6578//1 6579//1 5859//1
f 5861//2 5836//2 6560//2 6580//2
f 5858//3 5861//3 6580//3 6578//3
f 5859//4 6579//4 6560//4 5836//4
f 6578//6 6580//6 6560//6 6579//6
f 5869//1 6581//1 6565//1 5845//1
f 5871//2 5870//2 6582//2 6583//2
f 5869//3 5871//3 6583//3 6581//3
f 5845//4 6565//4 6582//4 5870//4
f 6581//6 6583//6 6582//6 6565//6
f 5872//1 6584//1 6585//1 5873//1
f 5874//2 5846//2 6566//2 6586//2
f 5872//3 5874//3 6586//3 6584//3
f 5873//4 6585//4 6566//4 5846//4
f 5875//1 6587//1 6571//1 5851//1
f 5877//2 5876//2 6588//2 6589//2
f 5875//3 5877//3 6589//3 6587//3
f 5851//4 6571//4 6588//4 5876//4
f 5878//1 6590//1 6591//1 5879//1
f 5881//2 5852//2 6572//2 6592//2
f 5878//3 5881//3 6592//3 6590//3
f 5879//4 6591//4 6572//4 5852//4
f 6590//6 6592//6 6572//6 6591//6
f 5885//1 6593//1 6577//1 5857//1
f 5887//2 5886//2 6594//2 6595//2
f 5885//3 5887//3 6595//3 6593//3
f 5857//4 6577//4 6594//4 5886//4
f 6593//6 6595//6 6594//6 6577//6
f 5888//1 6596//1 6597//1 5889//1
f 5891//2 5858//2 6578//2 6598//2
f 5888//3 5891//3 6598//3 6596//3
f 5889//4 6597//4 6578//4 5858//4
f 6596//6 6598//6 6578//6 6597//6
f 5903//1 6599//1 6583//1 5871//1
f 5905//2 5904//2 6600//2 6601//2
f 5903//3 5905//3 6601//3 6599//3
f 5871//4 6583//4 6600//4 5904//4
f 6599//6 6601//6 6600//6 6583//6
f 5906//1 6602//1 6603//1 5907//1
f 5908//2 5872//2 6584//2 6604//2
f 5906//3 5908//3 6604//3 6602//3
f 5907//4 6603//4 6584//4 5872//4
f 5909//1 6605//1 6589//1 5877//1
f 5911//2 5910//2 6606//2 6607//2
f 5909//3 5911//3 6607//3 6605//3
f 5877//4 6589//4 6606//4 5910//4
f 5912//1 6608//1 6609//1 5913//1
f 5915//2 5878//2 6590//2 6610//2
f 5912//3 5915//3 6610//3 6608//3
f 5913//4 6609//4 6590//4 5878//4
f 6608//6 6610//6 6590//6 6609//6
f 5923//1 6611//1 6595//1 5887//1
f 5925//2 5924//2 6612//2 6613//2
f 5923//3 5925//3 6613//3 6611//3
f 5887//4 6595//4 6612//4 5924//4
f 6611//6 6613//6 6612//6 6595//6
f 5926//1 6614//1 6615//1 5927//1
f 5929//2 5888//2 6596//2 6616//2
f 5926//3 5929//3 6616//3 6614//3
f 5927//4 6615//4 6596//4 5888//4
f 6614//6 6616//6 6596//6 6615//6
f 5945//1 6617//1 6601//1 5905//1
f 5947//2 5946//2 6618//2 6619//2
f 5945//3 5947//3 6619//3 6617//3
f 5905//4 6601//4 6618//4 5946//4
f 6617//6 6619//6 6618//6 6601//6
f 5948//1 6620//1 6621//1 5949//1
f 5950//2 5906//2 6602//2 6622//2
f 5948//3 5950//3 6622//3 6620//3
f 5949//4 6621//4 6602//4 5906//4
f 5951//1 6623//1 6607//1 5911//1
f 5953//2 5952//2 6624//2 6625//2
f 5951//3 5953//3 6625//3 6623//3
f 5911//4 6607//4 6624//4 5952//4
f 5954//1 6626//1 6627//1 5955//1
f 5957//2 5912//2 6608//2 6628//2
f 5954//3 5957//3 6628//3 6626//3
f 5955//4 6627//4 6608//4 5912//4
f 6626//6 6628//6 6608//6 6627//6
f 5969//1 6629//1 6613//1 5925//1
f 5971//2 5970//2 6630//2 6631//2
f 5969//3 5971//3 6631//3 6629//3
f 5925//4 6613//4 6630//4 5970//4
f 6629//6 6631//6 6630//6 6613//6
f 5972//1 6632//1 6633//1 5973//1
f 5974//2 5926//2 6614//2 6634//2
f 5972//3 5974//3 6634//3 6632//3
f 5973//4 6633//4 6614//4 5926//4
f 6632//6 6634//6 6614//6 6633//6
f 5994//1 6635//1 6619//1 5947//1
f 5996//2 5995//2 6636//2 6637//2
f 5994//3 5996//3 6637//3 6635//3
f 5947//4 6619//4 6636//4 5995//4
f 6635//6 6637//6 6636//6 6619//6
f 5997//1 6638//1 6639//1 5998//1
f 5999//2 5948//2 6620//2 6640//2
f 5997//3 5999//3 6640//3 6638//3
f 5998//4 6639//4 6620//4 5948//4
f 6000//1 6641//1 6625//1 5953//1
f 6002//2 6001//2 6642//2 6643//2
f 6000//3 6002//3 6643//3 6641//3
f 5953//4 6625//4 6642//4 6001//4
f 6042//1 6644//1 6637//1 5996//1
f 6044//2 6043//2 6645//2 6646//2
f 6042//3 6044//3 6646//3 6644//3
f 5996//4 6637//4 6645//4 6043//4
f 6644//6 6646//6 6645//6 6637//6
f 6045//1 6647//1 6648//1 6046//1
f 6048//2 6003//2 6649//2 6650//2
f 6045//3 6048//3 6650//3 6647//3
f 6046//4 6648//4 6649//4 6003//4
f 6647//6 6650//6 6649//6 6648//6
f 6064//1 6651//1 6652//1 6020//1
f 6066//2 6065//2 6653//2 6654//2
f 6064//3 6066//3 6654//3 6651//3
f 6020//4 6652//4 6653//4 6065//4
f 6651//6 6654//6 6653//6 6652//6
f 6089//1 6655//1 6656//1 6090//1
f 6092//2 6091//2 6657//2 6658//2
f 6090//4 6656//4 6657//4 6091//4
f 6093//1 6659//1 6660//1 6094//1
f 6096//2 6095//2 6661//2 6662//2
f 6094//4 6660//4 6661//4 6095//4
f 6097//1 6663//1 6664//1 6098//1
f 6099//2 6045//2 6647//2 6665//2
f 6097//3 6099//3 6665//3 6663//3
f 6098//4 6664//4 6647//4 6045//4
f 6663//6 6665//6 6647//6 6664//6
f 6118//1 6666//1 6654//1 6066//1
f 6120//2 6119//2 6667//2 6668//2
f 6118//3 6120//3 6668//3 6666//3
f 6066//4 6654//4 6667//4 6119//4
f 6666//6 6668//6 6667//6 6654//6
f 6143//1 6669//1 6670//1 6144//1
f 6143//3 6145//3 6671//3 6669//3
f 6144//4 6670//4 6655//4 6089//4
f 6149//2 6148//2 6674//2 6675//2
f 6150//3 6149//3 6675//3 6676//3
f 6096//4 6662//4 6674//4 6148//4
f 6552//1 6815//1 6816//1 6553//1
f 6555//2 6554//2 6817//2 6818//2
f 6553//4 6816//4 6817//4 6554//4
f 6566//1 6819//1 6820//1 6567//1
f 6567//4 6820//4 6815//4 6552//4
f 6571//2 6570//2 6823//2 6824//2
f 6555//4 6818//4 6823//4 6570//4
f 6584//1 6825//1 6826//1 6585//1
f 6585//4 6826//4 6819//4 6566//4
f 6589//2 6588//2 6833//2 6834//2
f 6571//4 6824//4 6833//4 6588//4
f 6602//1 6835//1 6836//1 6603//1
f 6603//4 6836//4 6825//4 6584//4
f 6607//2 6606//2 6847//2 6848//2
f 6589//4 6834//4 6847//4 6606//4
f 6620//1 6849//1 6850//1 6621//1
f 6621//4 6850//4 6835//4 6602//4
f 6625//2 6624//2 6865//2 6866//2
f 6607//4 6848//4 6865//4 6624//4
f 6638//1 6867//1 6868//1 6639//1
f 6639//4 6868//4 6849//4 6620//4
f 6643//2 6642//2 6887//2 6888//2
f 6625//4 6866//4 6887//4 6642//4
f 6655//1 6911//1 6912//1 6656//1
f 6656//4 6912//4 6889//4 6657//4
f 6662//2 6661//2 6935//2 6936//2
f 6660//4 6910//4 6935//4 6661//4
f 6669//1 6937//1 6938//1 6670//1
f 6669//3 6671//3 6939//3 6937//3
f 6670//4 6938//4 6911//4 6655//4
f 6675//2 6674//2 6963//2 6964//2
f 6676//3 6675//3 6964//3 6962//3
f 6662//4 6936//4 6963//4 6674//4
f 6815//1 7247//1 7248//1 6816//1
f 6818//2 6817//2 7249//2 7250//2
f 6815//3 6818//3 7250//3 7247//3
f 6816//4 7248//4 7249//4 6817//4
f 7247//6 7250//6 7249//6 7248//6
f 6819//1 7251//1 7252//1 6820//1
f 6821//2 6815//2 7247//2 7253//2
f 6819//3 6821//3 7253//3 7251//3
f 6820//4 7252//4 7247//4 6815//4
f 7251//6 7253//6 7247//6 7252//6
f 6822//1 7254//1 7250//1 6818//1
f 6824//2 6823//2 7255//2 7256//2
f 6822//3 6824//3 7256//3 7254//3
f 6818//4 7250//4 7255//4 6823//4
f 7254//6 7256//6 7255//6 7250//6
f 6825//1 7257//1 7258//1 6826//1
f 6828//2 6819//2 7251//2 7259//2
f 6825//3 6828//3 7259//3 7257//3
f 6826//4 7258//4 7251//4 6819//4
f 7257//6 7259//6 7251//6 7258//6
f 6832//1 7260//1 7256//1 6824//1
f 6834//2 6833//2 7261//2 7262//2
f 6832//3 6834//3 7262//3 7260//3
f 6824//4 7256//4 7261//4 6833//4
f 7260//6 7262//6 7261//6 7256//6
f 6835//1 7263//1 7264//1 6836//1
f 6838//2 6825//2 7257//2 7265//2
f 6835//3 6838//3 7265//3 7263//3
f 6836//4 7264//4 7257//4 6825//4
f 7263//6 7265//6 7257//6 7264//6
f 6846//1 7266//1 7262//1 6834//1
f 6848//2 6847//2 7267//2 7268//2
f 6846//3 6848//3 7268//3 7266//3
f 6834//4 7262//4 7267//4 6847//4
f 7266//6 7268//6 7267//6 7262//6
f 6849//1 7269//1 7270//1 6850//1
f 6852//2 6835//2 7263//2 7271//2
f 6849//3 6852//3 7271//3 7269//3
f 6850//4 7270//4 7263//4 6835//4
f 7269//6 7271//6 7263//6 7270//6
f 6864//1 7272//1 7268//1 6848//1
f 6866//2 6865//2 7273//2 7274//2
f 6864//3 6866//3 7274//3 7272//3
f 6848//4 7268//4 7273//4 6865//4
f 7272//6 7274//6 7273//6 7268//6
f 6867//1 7275//1 7276//1 6868//1
f 6870//2 6849//2 7269//2 7277//2
f 6867//3 6870//3 7277//3 7275//3
f 6868//4 7276//4 7269//4 6849//4
f 7275//6 7277//6 7269//6 7276//6
f 6886//1 7278//1 7274//1 6866//1
f 6888//2 6887//2 7279//2 7280//2
f 6886//3 6888//3 7280//3 7278//3
f 6866//4 7274//4 7279//4 6887//4
f 7278//6 7280//6 7279//6 7274//6
f 6911//1 7281//1 7282//1 6912//1
f 6914//2 6889//2 7283//2 7284//2
f 6911//3 6914//3 7284//3 7281//3
f 6912//4 7282//4 7283//4 6889//4
f 7281//6 7284//6 7283//6 7282//6
f 6934//1 7285//1 7286//1 6910//1
f 6936//2 6935//2 7287//2 7288//2
f 6934//3 6936//3 7288//3 7285//3
f 6910//4 7286//4 7287//4 6935//4
f 7285//6 7288//6 7287//6 7286//6
f 6937//1 7289//1 7290//1 6938//1
f 6939//2 6911//2 7281//2 7291//2
f 6937//3 6939//3 7291//3 7289//3
f 6938//4 7290//4 7281//4 6911//4
f 7289//6 7291//6 7281//6 7290//6
f 6962//1 7292//1 7288//1 6936//1
f 6964//2 6963//2 7293//2 7294//2
f 6962//3 6964//3 7294//3 7292//3
f 6936//4 7288//4 7293//4 6963//4
f 7292//6 7294//6 7293//6 7288//6
f 7743//1 7744//1 7745//1 7746//1
f 7747//2 7748//2 7749//2 7750//2
f 7743//3 7747//3 7750//3 7744//3
f 7746//4 7745//4 7749//4 7748//4
f 7743//5 7746//5 7748//5 7747//5
f 7745//1 7871//1 7872//1 7873//1
f 7749//2 7874//2 7875//2 7876//2
f 7873//4 7872//4 7875//4 7874//4
f 7745//5 7873//5 7874//5 7749//5
f 7877//1 7878//1 7879//1 7880//1
f 7877//3 7881//3 7882//3 7878//3
f 7880//4 7879//4 7883//4 7884//4
f 7877//5 7880//5 7884//5 7881//5
f 7881//3 7885//3 7886//3 7882//3
f 7884//4 7883//4 7887//4 7888//4
f 7881//5 7884//5 7888//5 7885//5
f 7885//3 7744//3 7889//3 7886//3
f 7888//4 7887//4 7871//4 7745//4
f 7885//5 7888//5 7745//5 7744//5
f 7744//3 7750//3 7890//3 7889//3
f 7750//3 7891//3 7892//3 7890//3
f 7749//4 7876//4 7893//4 7894//4
f 7750//5 7749//5 7894//5 7891//5
f 7891//3 7895//3 7896//3 7892//3
f 7894//4 7893//4 7897//4 7898//4
f 7891//5 7894//5 7898//5 7895//5
f 7899//2 7900//2 7901//2 7902//2
f 7895//3 7899//3 7902//3 7896//3
f 7898//4 7897//4 7901//4 7900//4
f 7895//5 7898//5 7900//5 7899//5
f 7872//1 8271//1 8272//1 8273//1
f 7875//2 8274//2 8275//2 8276//2
f 8273//4 8272//4 8275//4 8274//4
f 7872//5 8273//5 8274//5 7875//5
f 7883//1 8277//1 8278//1 8279//1
f 8279//4 8278//4 8280//4 8281//4
f 7883//5 8279//5 8281//5 7887//5
f 8281//4 8280//4 8271//4 7872//4
f 7887//5 8281//5 7872//5 7871//5
f 7875//4 8276//4 8282//4 8283//4
f 7876//5 7875//5 8283//5 7893//5
f 7897//2 8284//2 8285//2 8286//2
f 8283//4 8282//4 8285//4 8284//4
f 7893//5 8283//5 8284//5 7897//5
f 8287//1 8288//1 8289//1 8290//1
f 8287//3 7878//3 8291//3 8288//3
f 8290//4 8289//4 8292//4 7879//4
f 8287//5 8290//5 7879//5 7878//5
f 7878//3 7882//3 8293//3 8291//3
f 7879//4 8292//4 8277//4 7883//4
f 7882//3 7886//3 8294//3 8293//3
f 7886//3 7889//3 8295//3 8294//3
f 7890//3 7892//3 8296//3 8297//3
f 7892//3 7896//3 8298//3 8296//3
f 7896//3 7902//3 8299//3 8298//3
f 7897//4 8286//4 8300//4 7901//4
f 8301//2 8302//2 8303//2 8304//2
f 7902//3 8301//3 8304//3 8299//3
f 7901//4 8300//4 8303//4 8302//4
f 7902//5 7901//5 8302//5 8301//5
f 8272//1 9102//1 9103//1 9104//1
f 8275//2 9105//2 9106//2 9107//2
f 9104//4 9103//4 9106//4 9105//4
f 8272//5 9104//5 9105//5 8275//5
f 8278//1 9108//1 9109//1 9110//1
f 9110//4 9109//4 9111//4 9112//4
f 8278//5 9110//5 9112//5 8280//5
f 9112//4 9111//4 9102//4 8272//4
f 8280//5 9112//5 8272//5 8271//5
f 8275//4 9107//4 9113//4 9114//4
f 8276//5 8275//5 9114//5 8282//5
f 8285//2 9115//2 9116//2 9117//2
f 9114//4 9113//4 9116//4 9115//4
f 8282//5 9114//5 9115//5 8285//5
f 8292//1 9118//1 9119//1 9120//1
f 9120//4 9119//4 9108//4 8278//4
f 8292//5 9120//5 8278//5 8277//5
f 8300//2 9121//2 9122//2 9123//2
f 8285//4 9117//4 9122//4 9121//4
f 8286//5 8285//5 9121//5 8300//5
f 8288//1 9124//1 9125//1 8289//1
f 8288//3 8291//3 9126//3 9124//3
f 8289//4 9125//4 9118//4 8292//4
f 8291//3 8293//3 9127//3 9126//3
f 8294//3 8295//3 9128//3 9129//3
f 8295//3 8297//3 9130//3 9128//3
f 8297//3 8296//3 9131//3 9130//3
f 8298//3 8299//3 9132//3 9133//3
f 8304//2 8303//2 9134//2 9135//2
f 8299//3 8304//3 9135//3 9132//3
f 8300//4 9123//4 9134//4 8303//4
f 9111//1 9604//1 9605//1 9606//1
f 9606//4 9605//4 9607//4 9103//4
f 9111//5 9606//5 9103//5 9102//5
f 9103//4 9607//4 9608//4 9106//4
f 9113//2 9609//2 9610//2 9611//2
f 9106//4 9608//4 9610//4 9609//4
f 9107//5 9106//5 9609//5 9113//5
f 9108//1 9612//1 9613//1 9109//1
f 9109//4 9613//4 9604//4 9111//4
f 9117//2 9116//2 9614//2 9615//2
f 9113//4 9611//4 9614//4 9116//4
f 9118//1 9616//1 9617//1 9119//1
f 9119//4 9617//4 9612//4 9108//4
f 9123//2 9122//2 9618//2 9619//2
f 9117//4 9615//4 9618//4 9122//4
f 9124//1 9620//1 9621//1 9125//1
f 9124//3 9126//3 9622//3 9620//3
f 9125//4 9621//4 9616//4 9118//4
f 9126//3 9127//3 9623//3 9622//3
f 9127//3 9129//3 9624//3 9623//3
f 9129//3 9128//3 9625//3 9624//3
f 9128//3 9130//3 9626//3 9625//3
f 9130//3 9131//3 9627//3 9626//3
f 9131//3 9133//3 9628//3 9627//3
f 9133//3 9132//3 9629//3 9628//3
f 9135//2 9134//2 9630//2 9631//2
f 9132//3 9135//3 9631//3 9629//3
f 9123//4 9619//4 9630//4 9134//4
f 9956//1 9957//1 9958//1 9959//1
f 9960//2 9961//2 9962//2 9963//2
f 9959//4 9958//4 9962//4 9961//4
f 9956//5 9959//5 9961//5 9960//5
f 9957//6 9963//6 9962//6 9958//6
f 9607//1 9964//1 9957//1 9956//1
f 9608//2 9960//2 9963//2 9965//2
f 9607//5 9956//5 9960//5 9608//5
f 9964//6 9965//6 9963//6 9957//6
f 9613//1 9966//1 9967//1 9968//1
f 9968//4 9967//4 9969//4 9605//4
f 9613//5 9968//5 9605//5 9604//5
f 9966//6 9970//6 9969//6 9967//6
f 9605//4 9969//4 9964//4 9607//4
f 9608//4 9965//4 9971//4 9610//4
f 9614//2 9972//2 9973//2 9974//2
f 9610//4 9971//4 9973//4 9972//4
f 9611//5 9610//5 9972//5 9614//5
f 9975//6 9974//6 9973//6 9971//6
f 9617//1 9976//1 9977//1 9978//1
f 9978//4 9977//4 9966//4 9613//4
f 9617//5 9978//5 9613//5 9612//5
f 9976//6 9979//6 9966//6 9977//6
f 9618//2 9980//2 9981//2 9982//2
f 9614//4 9974//4 9981//4 9980//4
f 9615//5 9614//5 9980//5 9618//5
f 9983//6 9982//6 9981//6 9974//6
f 9621//1 9984//1 9985//1 9986//1
f 9986//4 9985//4 9976//4 9617//4
f 9621//5 9986//5 9617//5 9616//5
f 9984//6 9987//6 9976//6 9985//6
f 9630//2 9988//2 9989//2 9990//2
f 9618//4 9982//4 9989//4 9988//4
f 9619//5 9618//5 9988//5 9630//5
f 9991//6 9990//6 9989//6 9982//6
f 9992//1 9993//1 9994//1 9995//1
f 9992//3 9620//3 9996//3 9993//3
f 9995//4 9994//4 9984//4 9621//4
f 9992//5 9995//5 9621//5 9620//5
f 9993//6 9996//6 9984//6 9994//6
f 9620//3 9622//3 9997//3 9996//3
f 9623//3 9624//3 9998//3 9999//3
f 9624//3 9625//3 10000//3 9998//3
f 9626//3 9627//3 10001//3 10002//3
f 9627//3 9628//3 10003//3 10001//3
f 9629//3 9631//3 10004//3 10005//3
f 10006//2 10007//2 10008//2 10009//2
f 9631//3 10006//3 10009//3 10004//3
f 9630//4 9990//4 10008//4 10007//4
f 9631//5 9630//5 10007//5 10006//5
f 10004//6 10009//6 10008//6 9990//6
f 9970//1 10374//1 10375//1 9969//1
f 9969//4 10375//4 10376//4 9964//4
f 10374//6 10377//6 10376//6 10375//6
f 9964//4 10376//4 10378//4 9965//4
f 9975//2 9971//2 10379//2 10380//2
f 9965//4 10378//4 10379//4 9971//4
f 10381//6 10380//6 10379//6 10378//6
f 9979//1 10382//1 10383//1 9966//1
f 9966//4 10383//4 10374//4 9970//4
f 9983//2 9974//2 10384//2 10385//2
f 9975//4 10380//4 10384//4 9974//4
f 9987//1 10386//1 10387//1 9976//1
f 9976//4 10387//4 10382//4 9979//4
f 9991//2 9982//2 10388//2 10389//2
f 9983//4 10385//4 10388//4 9982//4
f 9996//1 10390//1 10391//1 9984//1
f 9996//3 9997//3 10392//3 10390//3
f 9984//4 10391//4 10386//4 9987//4
f 9997//3 9999//3 10393//3 10392//3
f 9999//3 9998//3 10394//3 10393//3
f 9998//3 10000//3 10395//3 10394//3
f 10000//3 10002//3 10396//3 10395//3
f 10002//3 10001//3 10397//3 10396//3
f 10001//3 10003//3 10398//3 10397//3
f 10003//3 10005//3 10399//3 10398//3
f 10004//2 9990//2 10400//2 10401//2
f 10005//3 10004//3 10401//3 10399//3
f 9991//4 10389//4 10400//4 9990//4
f 10377//1 10814//1 10815//1 10376//1
f 10381//2 10378//2 10816//2 10817//2
f 10376//4 10815//4 10816//4 10378//4
f 10814//6 10817//6 10816//6 10815//6
f 10382//1 10818//1 10819//1 10383//1
f 10383//4 10819//4 10820//4 10374//4
f 10818//6 10821//6 10820//6 10819//6
f 10374//4 10820//4 10814//4 10377//4
f 10821//6 10822//6 10814//6 10820//6
f 10381//4 10817//4 10823//4 10380//4
f 10824//6 10825//6 10823//6 10817//6
f 10385//2 10384//2 10826//2 10827//2
f 10380//4 10823//4 10826//4 10384//4
f 10825//6 10827//6 10826//6 10823//6
f 10386//1 10828//1 10829//1 10387//1
f 10387//4 10829//4 10818//4 10382//4
f 10828//6 10830//6 10818//6 10829//6
f 10389//2 10388//2 10831//2 10832//2
f 10385//4 10827//4 10831//4 10388//4
f 10833//6 10832//6 10831//6 10827//6
f 10390//1 10834//1 10835//1 10391//1
f 10390//3 10392//3 10836//3 10834//3
f 10391//4 10835//4 10828//4 10386//4
f 10392//3 10393//3 10837//3 10836//3
f 10394//3 10395//3 10838//3 10839//3
f 10395//3 10396//3 10840//3 10838//3
f 10396//3 10397//3 10841//3 10840//3
f 10398//3 10399//3 10842//3 10843//3
f 10401//2 10400//2 10844//2 10845//2
f 10399//3 10401//3 10845//3 10842//3
f 10389//4 10832//4 10844//4 10400//4
f 10822//1 11318//1 11319//1 10814//1
f 10824//2 10817//2 11320//2 11321//2
f 10814//4 11319//4 11320//4 10817//4
f 11318//6 11321//6 11320//6 11319//6
f 10830//1 11322//1 11323//1 10818//1
f 10818//4 11323//4 11324//4 10821//4
f 11322//6 11325//6 11324//6 11323//6
f 10821//4 11324//4 11318//4 10822//4
f 11325//6 11326//6 11318//6 11324//6
f 10824//4 11321//4 11327//4 10825//4
f 11328//6 11329//6 11327//6 11321//6
f 10833//2 10827//2 11330//2 11331//2
f 10825//4 11327//4 11330//4 10827//4
f 11329//6 11331//6 11330//6 11327//6
f 10834//1 11332//1 11333//1 10835//1
f 10834//3 10836//3 11334//3 11332//3
f 10835//4 11333//4 11335//4 10828//4
f 11332//6 11334//6 11335//6 11333//6
f 10836//3 10837//3 11336//3 11334//3
f 10828//4 11335//4 11322//4 10830//4
f 10837//3 10839//3 11337//3 11336//3
f 10839//3 10838//3 11338//3 11337//3
f 10840//3 10841//3 11339//3 11340//3
f 10841//3 10843//3 11341//3 11339//3
f 10843//3 10842//3 11342//3 11341//3
f 10833//4 11331//4 11343//4 10832//4
f 10845//2 10844//2 11344//2 11345//2
f 10842//3 10845//3 11345//3 11342//3
f 10832//4 11343//4 11344//4 10844//4
f 11342//6 11345//6 11344//6 11343//6
f 11326//1 11806//1 11807//1 11318//1
f 11328//2 11321//2 11808//2 11809//2
f 11318//4 11807//4 11808//4 11321//4
f 11806//6 11809//6 11808//6 11807//6
f 11334//1 11810//1 11811//1 11335//1
f 11334//3 11336//3 11812//3 11810//3
f 11335//4 11811//4 11813//4 11322//4
f 11810//6 11812//6 11813//6 11811//6
f 11336//3 11337//3 11814//3 11812//3
f 11322//4 11813//4 11815//4 11325//4
f 11812//6 11814//6 11815//6 11813//6
f 11337//3 11338//3 11816//3 11814//3
f 11325//4 11815//4 11806//4 11326//4
f 11814//6 11816//6 11806//6 11815//6
f 11338//3 11340//3 11817//3 11816//3
f 11340//3 11339//3 11818//3 11817//3
f 11328//4 11809//4 11819//4 11329//4
f 11817//6 11818//6 11819//6 11809//6
f 11339//3 11341//3 11820//3 11818//3
f 11329//4 11819//4 11821//4 11331//4
f 11818//6 11820//6 11821//6 11819//6
f 11342//2 11343//2 11822//2 11823//2
f 11341//3 11342//3 11823//3 11820//3
f 11331//4 11821//4 11822//4 11343//4
f 11820//6 11823//6 11822//6 11821//6
f 11816//1 11984//1 11985//1 11806//1
f 11817//2 11809//2 11986//2 11987//2
f 11816//3 11817//3 11987//3 11984//3
f 11806//4 11985//4 11986//4 11809//4
f 11984//6 11987//6 11986//6 11985//6
g glyph_111
f 6123//5 6069//5 6071//5 6125//5
f 6124//6 6126//6 6072//6 6070//6
f 6125//5 6071//5 6073//5 6127//5
f 6126//6 6128//6 6074//6 6072//6
f 6137//5 6083//5 6085//5 6139//5
f 6138//6 6140//6 6086//6 6084//6
f 6139//5 6085//5 5598//5 5618//5
f 6140//6 6141//6 6087//6 6086//6
f 6173//5 6123//5 6125//5 6175//5
f 6174//6 6176//6 6126//6 6124//6
f 6175//5 6125//5 6127//5 6177//5
f 6176//6 6178//6 6128//6 6126//6
f 6187//5 6137//5 6139//5 6189//5
f 6188//6 6190//6 6140//6 6138//6
f 6189//5 6139//5 5618//5 5634//5
f 6190//6 6191//6 6141//6 6140//6
f 6199//5 6153//5 6155//5 6201//5
f 6200//6 6202//6 6156//6 6154//6
f 6201//5 6155//5 6157//5 6203//5
f 6202//6 6204//6 6158//6 6156//6
f 6211//5 6165//5 6167//5 6213//5
f 6212//6 6214//6 6168//6 6166//6
f 6213//5 6167//5 5630//5 5642//5
f 6214//6 6215//6 6169//6 6168//6
f 6219//5 6173//5 6175//5 6221//5
f 6220//6 6222//6 6176//6 6174//6
f 6221//5 6175//5 6177//5 6223//5
f 6222//6 6224//6 6178//6 6176//6
f 6233//5 6187//5 6189//5 6235//5
f 6234//6 6236//6 6190//6 6188//6
f 6235//5 6189//5 5634//5 5646//5
f 6236//6 6237//6 6191//6 6190//6
f 6245//5 6199//5 6201//5 6247//5
f 6246//6 6248//6 6202//6 6200//6
f 6247//5 6201//5 6203//5 6249//5
f 6248//6 6250//6 6204//6 6202//6
f 6257//5 6211//5 6213//5 6259//5
f 6258//6 6260//6 6214//6 6212//6
f 6259//5 6213//5 5642//5 5654//5
f 6260//6 6261//6 6215//6 6214//6
f 6291//5 6245//5 6247//5 6293//5
f 6292//6 6294//6 6248//6 6246//6
f 6295//2 6249//2 6250//2 6296//2
f 6293//5 6247//5 6249//5 6295//5
f 6294//6 6296//6 6250//6 6248//6
f 6299//5 6257//5 6259//5 6301//5
f 6300//6 6302//6 6260//6 6258//6
f 6301//5 6259//5 5654//5 5666//5
f 6302//6 6303//6 6261//6 6260//6
f 6991//5 6967//5 6969//5 6993//5
f 6992//6 6994//6 6970//6 6968//6
f 6993//5 6969//5 6971//5 6995//5
f 6994//6 6996//6 6972//6 6970//6
f 7007//5 6983//5 6985//5 7009//5
f 7008//6 7010//6 6986//6 6984//6
f 7009//5 6985//5 6679//5 6683//5
f 7010//6 7011//6 6987//6 6986//6
f 7015//5 6991//5 6993//5 7017//5
f 7016//6 7018//6 6994//6 6992//6
f 7017//5 6993//5 6995//5 7019//5
f 7018//6 7020//6 6996//6 6994//6
f 7031//5 7007//5 7009//5 7033//5
f 7032//6 7034//6 7010//6 7008//6
f 7033//5 7009//5 6683//5 6687//5
f 7034//6 7035//6 7011//6 7010//6
f 7039//5 7015//5 7017//5 7041//5
f 7040//6 7042//6 7018//6 7016//6
f 7041//5 7017//5 7019//5 7043//5
f 7042//6 7044//6 7020//6 7018//6
f 7051//5 7031//5 7033//5 7053//5
f 7052//6 7054//6 7034//6 7032//6
f 7053//5 7033//5 6687//5 6691//5
f 7054//6 7055//6 7035//6 7034//6
f 8341//1 8342//1 8329//1 7908//1
f 8341//5 7908//5 7912//5 8343//5
f 8343//5 7912//5 7915//5 8344//5
f 8345//6 8346//6 8347//6 8348//6
f 8344//5 7915//5 7917//5 8349//5
f 8346//6 8350//6 8351//6 8347//6
f 8349//5 7917//5 7920//5 8352//5
f 8350//6 8353//6 8354//6 8351//6
f 8355//2 7924//2 8335//2 8356//2
f 8352//5 7920//5 7924//5 8355//5
f 8357//1 8358//1 8342//1 8341//1
f 8357//5 8341//5 8343//5 8359//5
f 8359//5 8343//5 8344//5 8360//5
f 8361//6 8362//6 8346//6 8345//6
f 8360//5 8344//5 8349//5 8363//5
f 8362//6 8364//6 8350//6 8346//6
f 8363//5 8349//5 8352//5 8365//5
f 8364//6 8366//6 8353//6 8350//6
f 8367//2 8355//2 8356//2 8368//2
f 8365//5 8352//5 8355//5 8367//5
f 8369//1 8370//1 8358//1 8357//1
f 8369//5 8357//5 8359//5 8371//5
f 8371//5 8359//5 8360//5 8372//5
f 8373//6 8374//6 8362//6 8361//6
f 8372//5 8360//5 8363//5 8375//5
f 8374//6 8376//6 8364//6 8362//6
f 8375//5 8363//5 8365//5 8377//5
f 8376//6 8378//6 8366//6 8364//6
f 8379//2 8367//2 8368//2 8380//2
f 8377//5 8365//5 8367//5 8379//5
f 8381//1 8382//1 8370//1 8369//1
f 8381//5 8369//5 8371//5 8383//5
f 8383//5 8371//5 8372//5 8384//5
f 8385//6 8386//6 8374//6 8373//6
f 8384//5 8372//5 8375//5 8387//5
f 8386//6 8388//6 8376//6 8374//6
f 8387//5 8375//5 8377//5 8389//5
f 8388//6 8390//6 8378//6 8376//6
f 8391//2 8379//2 8380//2 8392//2
f 8389//5 8377//5 8379//5 8391//5
f 8393//1 8394//1 8382//1 8381//1
f 8393//5 8381//5 8383//5 8395//5
f 8395//5 8383//5 8384//5 8396//5
f 8397//6 8398//6 8386//6 8385//6
f 8396//5 8384//5 8387//5 8399//5
f 8398//6 8400//6 8388//6 8386//6
f 8399//5 8387//5 8389//5 8401//5
f 8400//6 8402//6 8390//6 8388//6
f 8403//2 8391//2 8392//2 8404//2
f 8401//5 8389//5 8391//5 8403//5
f 8405//1 8406//1 8394//1 8393//1
f 8405//5 8393//5 8395//5 8407//5
f 8407//5 8395//5 8396//5 8408//5
f 8409//6 8410//6 8398//6 8397//6
f 8408//5 8396//5 8399//5 8411//5
f 8410//6 8412//6 8400//6 8398//6
f 8411//5 8399//5 8401//5 8413//5
f 8412//6 8414//6 8402//6 8400//6
f 8415//2 8403//2 8404//2 8416//2
f 8413//5 8401//5 8403//5 8415//5
f 8417//1 8418//1 8406//1 8405//1
f 8417//5 8405//5 8407//5 8419//5
f 8419//5 8407//5 8408//5 8420//5
f 8421//6 8422//6 8410//6 8409//6
f 8420//5 8408//5 8411//5 8423//5
f 8422//6 8424//6 8412//6 8410//6
f 8423//5 8411//5 8413//5 8425//5
f 8424//6 8426//6 8414//6 8412//6
f 8427//2 8415//2 8416//2 8428//2
f 8425//5 8413//5 8415//5 8427//5
f 8429//1 8430//1 8418//1 8417//1
f 8429//5 8417//5 8419//5 8431//5
f 8431//5 8419//5 8420//5 8432//5
f 8433//6 8434//6 8422//6 8421//6
f 8432//5 8420//5 8423//5 8435//5
f 8434//6 8436//6 8424//6 8422//6
f 8435//5 8423//5 8425//5 8437//5
f 8436//6 8438//6 8426//6 8424//6
f 8439//2 8427//2 8428//2 8440//2
f 8437//5 8425//5 8427//5 8439//5
f 8441//1 8442//1 8430//1 8429//1
f 8441//5 8429//5 8431//5 8443//5
f 8443//5 8431//5 8432//5 8444//5
f 8445//6 8446//6 8434//6 8433//6
f 8444//5 8432//5 8435//5 8447//5
f 8446//6 8448//6 8436//6 8434//6
f 8447//5 8435//5 8437//5 8449//5
f 8448//6 8450//6 8438//6 8436//6
f 8451//2 8439//2 8440//2 8452//2
f 8449//5 8437//5 8439//5 8451//5
f 8465//1 8466//1 8454//1 8453//1
f 8465//5 8453//5 8455//5 8467//5
f 8467//5 8455//5 8456//5 8468//5
f 8469//6 8470//6 8458//6 8457//6
f 8468//5 8456//5 8459//5 8471//5
f 8470//6 8472//6 8460//6 8458//6
f 8471//5 8459//5 8461//5 8473//5
f 8472//6 8474//6 8462//6 8460//6
f 8475//2 8463//2 8464//2 8476//2
f 8473//5 8461//5 8463//5 8475//5
f 8477//1 8478//1 8466//1 8465//1
f 8477//5 8465//5 8467//5 8479//5
f 8479//5 8467//5 8468//5 8480//5
f 8481//6 8482//6 8470//6 8469//6
f 8480//5 8468//5 8471//5 8483//5
f 8482//6 8484//6 8472//6 8470//6
f 8483//5 8471//5 8473//5 8485//5
f 8484//6 8486//6 8474//6 8472//6
f 8487//2 8475//2 8476//2 8488//2
f 8485//5 8473//5 8475//5 8487//5
f 8489//1 8490//1 8478//1 8477//1
f 8489//5 8477//5 8479//5 8491//5
f 8491//5 8479//5 8480//5 8492//5
f 8493//6 8494//6 8482//6 8481//6
f 8492//5 8480//5 8483//5 8495//5
f 8494//6 8496//6 8484//6 8482//6
f 8495//5 8483//5 8485//5 8497//5
f 8496//6 8498//6 8486//6 8484//6
f 8499//2 8487//2 8488//2 8500//2
f 8497//5 8485//5 8487//5 8499//5
f 8501//1 8502//1 8490//1 8489//1
f 8501//5 8489//5 8491//5 8503//5
f 8503//5 8491//5 8492//5 8504//5
f 8505//6 8506//6 8494//6 8493//6
f 8504//5 8492//5 8495//5 8507//5
f 8506//6 8508//6 8496//6 8494//6
f 8507//5 8495//5 8497//5 8509//5
f 8508//6 8510//6 8498//6 8496//6
f 8511//2 8499//2 8500//2 8512//2
f 8509//5 8497//5 8499//5 8511//5
f 8513//1 8514//1 8502//1 8501//1
f 8513//5 8501//5 8503//5 8515//5
f 8515//5 8503//5 8504//5 8516//5
f 8517//6 8518//6 8506//6 8505//6
f 8516//5 8504//5 8507//5 8519//5
f 8518//6 8520//6 8508//6 8506//6
f 8519//5 8507//5 8509//5 8521//5
f 8520//6 8522//6 8510//6 8508//6
f 8523//2 8511//2 8512//2 8524//2
f 8521//5 8509//5 8511//5 8523//5
f 8525//1 8526//1 8514//1 8513//1
f 8525//5 8513//5 8515//5 8527//5
f 8527//5 8515//5 8516//5 8528//5
f 8529//6 8530//6 8518//6 8517//6
f 8528//5 8516//5 8519//5 8531//5
f 8530//6 8532//6 8520//6 8518//6
f 8531//5 8519//5 8521//5 8533//5
f 8532//6 8534//6 8522//6 8520//6
f 8535//2 8523//2 8524//2 8536//2
f 8533//5 8521//5 8523//5 8535//5
f 8537//1 8538//1 8526//1 8525//1
f 8537//5 8525//5 8527//5 8539//5
f 8539//5 8527//5 8528//5 8540//5
f 8541//6 8542//6 8530//6 8529//6
f 8540//5 8528//5 8531//5 8543//5
f 8542//6 8544//6 8532//6 8530//6
f 8543//5 8531//5 8533//5 8545//5
f 8544//6 8546//6 8534//6 8532//6
f 8547//2 8535//2 8536//2 8548//2
f 8545//5 8533//5 8535//5 8547//5
f 8549//1 8550//1 8538//1 8537//1
f 8549//5 8537//5 8539//5 8551//5
f 8551//5 8539//5 8540//5 8552//5
f 8553//6 8554//6 8542//6 8541//6
f 8552//5 8540//5 8543//5 8555//5
f 8554//6 8556//6 8544//6 8542//6
f 8555//5 8543//5 8545//5 8557//5
f 8556//6 8558//6 8546//6 8544//6
f 8559//2 8547//2 8548//2 8560//2
f 8557//5 8545//5 8547//5 8559//5
f 8573//1 8574//1 8562//1 8561//1
f 8573//5 8561//5 8563//5 8575//5
f 8575//5 8563//5 8564//5 8576//5
f 8577//6 8578//6 8566//6 8565//6
f 8576//5 8564//5 8567//5 8579//5
f 8578//6 8580//6 8568//6 8566//6
f 8579//5 8567//5 8569//5 8581//5
f 8580//6 8582//6 8570//6 8568//6
f 8583//2 8571//2 8572//2 8584//2
f 8581//5 8569//5 8571//5 8583//5
f 8585//1 8586//1 8574//1 8573//1
f 8585//5 8573//5 8575//5 8587//5
f 8587//5 8575//5 8576//5 8588//5
f 8589//6 8590//6 8578//6 8577//6
f 8588//5 8576//5 8579//5 8591//5
f 8590//6 8592//6 8580//6 8578//6
f 8591//5 8579//5 8581//5 8593//5
f 8592//6 8594//6 8582//6 8580//6
f 8595//2 8583//2 8584//2 8596//2
f 8593//5 8581//5 8583//5 8595//5
f 8597//1 8598//1 8586//1 8585//1
f 8597//5 8585//5 8587//5 8599//5
f 8599//5 8587//5 8588//5 8600//5
f 8601//6 8602//6 8590//6 8589//6
f 8600//5 8588//5 8591//5 8603//5
f 8602//6 8604//6 8592//6 8590//6
f 8603//5 8591//5 8593//5 8605//5
f 8604//6 8606//6 8594//6 8592//6
f 8607//2 8595//2 8596//2 8608//2
f 8605//5 8593//5 8595//5 8607//5
f 8609//1 8610//1 8598//1 8597//1
f 8609//5 8597//5 8599//5 8611//5
f 8611//5 8599//5 8600//5 8612//5
f 8613//6 8614//6 8602//6 8601//6
f 8612//5 8600//5 8603//5 8615//5
f 8614//6 8616//6 8604//6 8602//6
f 8615//5 8603//5 8605//5 8617//5
f 8616//6 8618//6 8606//6 8604//6
f 8619//2 8607//2 8608//2 8620//2
f 8617//5 8605//5 8607//5 8619//5
f 8621//1 8622//1 8610//1 8609//1
f 8621//5 8609//5 8611//5 8623//5
f 8623//5 8611//5 8612//5 8624//5
f 8625//6 8626//6 8614//6 8613//6
f 8624//5 8612//5 8615//5 8627//5
f 8626//6 8628//6 8616//6 8614//6
f 8627//5 8615//5 8617//5 8629//5
f 8628//6 8630//6 8618//6 8616//6
f 8631//2 8619//2 8620//2 8632//2
f 8629//5 8617//5 8619//5 8631//5
f 8633//1 8634//1 8622//1 8621//1
f 8633//5 8621//5 8623//5 8635//5
f 8635//5 8623//5 8624//5 8636//5
f 8637//6 8638//6 8626//6 8625//6
f 8636//5 8624//5 8627//5 8639//5
f 8638//6 8640//6 8628//6 8626//6
f 8639//5 8627//5 8629//5 8641//5
f 8640//6 8642//6 8630//6 8628//6
f 8643//2 8631//2 8632//2 8644//2
f 8641//5 8629//5 8631//5 8643//5
f 8645//1 8646//1 8634//1 8633//1
f 8645//5 8633//5 8635//5 8647//5
f 8647//5 8635//5 8636//5 8648//5
f 8649//6 8650//6 8638//6 8637//6
f 8648//5 8636//5 8639//5 8651//5
f 8650//6 8652//6 8640//6 8638//6
f 8651//5 8639//5 8641//5 8653//5
f 8652//6 8654//6 8642//6 8640//6
f 8655//2 8643//2 8644//2 8656//2
f 8653//5 8641//5 8643//5 8655//5
f 8657//1 8658//1 8646//1 8645//1
f 8657//5 8645//5 8647//5 8659//5
f 8659//5 8647//5 8648//5 8660//5
f 8661//6 8662//6 8650//6 8649//6
f 8660//5 8648//5 8651//5 8663//5
f 8662//6 8664//6 8652//6 8650//6
f 8663//5 8651//5 8653//5 8665//5
f 8664//6 8666//6 8654//6 8652//6
f 8667//2 8655//2 8656//2 8668//2
f 8665//5 8653//5 8655//5 8667//5
f 8681//1 8682//1 8670//1 8669//1
f 8681//5 8669//5 8671//5 8683//5
f 8683//5 8671//5 8672//5 8684//5
f 8685//6 8686//6 8674//6 8673//6
f 8684//5 8672//5 8675//5 8687//5
f 8686//6 8688//6 8676//6 8674//6
f 8687//5 8675//5 8677//5 8689//5
f 8688//6 8690//6 8678//6 8676//6
f 8691//2 8679//2 8680//2 8692//2
f 8689//5 8677//5 8679//5 8691//5
f 8693//1 8694//1 8682//1 8681//1
f 8693//5 8681//5 8683//5 8695//5
f 8695//5 8683//5 8684//5 8696//5
f 8697//6 8698//6 8686//6 8685//6
f 8696//5 8684//5 8687//5 8699//5
f 8698//6 8700//6 8688//6 8686//6
f 8699//5 8687//5 8689//5 8701//5
f 8700//6 8702//6 8690//6 8688//6
f 8703//2 8691//2 8692//2 8704//2
f 8701//5 8689//5 8691//5 8703//5
f 8705//1 8706//1 8694//1 8693//1
f 8705//5 8693//5 8695//5 8707//5
f 8707//5 8695//5 8696//5 8708//5
f 8709//6 8710//6 8698//6 8697//6
f 8708//5 8696//5 8699//5 8711//5
f 8710//6 8712//6 8700//6 8698//6
f 8711//5 8699//5 8701//5 8713//5
f 8712//6 8714//6 8702//6 8700//6
f 8715//2 8703//2 8704//2 8716//2
f 8713//5 8701//5 8703//5 8715//5
f 8073//1 8717//1 8706//1 8705//1
f 8073//5 8705//5 8707//5 8076//5
f 8076//5 8707//5 8708//5 8079//5
f 8718//6 8719//6 8710//6 8709//6
f 8079//5 8708//5 8711//5 8082//5
f 8719//6 8720//6 8712//6 8710//6
f 8082//5 8711//5 8713//5 8085//5
f 8720//6 8721//6 8714//6 8712//6
f 8088//2 8715//2 8716//2 8722//2
f 8085//5 8713//5 8715//5 8088//5
f 8817//6 8818//6 8719//6 8718//6
f 8818//6 8819//6 8720//6 8719//6
f 8819//6 8820//6 8721//6 8720//6
f 8861//6 8862//6 8818//6 8817//6
f 8862//6 8863//6 8819//6 8818//6
f 8863//6 8864//6 8820//6 8819//6
f 8925//6 8926//6 8862//6 8861//6
f 8926//6 8927//6 8863//6 8862//6
f 8927//6 8928//6 8864//6 8863//6
f 8978//6 8979//6 8926//6 8925//6
f 8979//6 8980//6 8927//6 8926//6
f 8980//6 8981//6 8928//6 8927//6
f 9186//1 9187//1 9174//1 8327//1
f 9186//5 8327//5 8329//5 8342//5
f 8345//2 8348//2 9177//2 9188//2
f 9189//6 9188//6 9177//6 9190//6
f 8353//1 9191//1 9181//1 8354//1
f 9191//6 9192//6 9193//6 9181//6
f 9194//2 8334//2 9185//2 9195//2
f 8356//5 8335//5 8334//5 9194//5
f 9196//1 9197//1 9187//1 9186//1
f 9196//5 9186//5 8342//5 8358//5
f 8361//2 8345//2 9188//2 9198//2
f 9199//6 9198//6 9188//6 9189//6
f 8366//1 9200//1 9191//1 8353//1
f 9200//6 9201//6 9192//6 9191//6
f 9202//2 9194//2 9195//2 9203//2
f 8368//5 8356//5 9194//5 9202//5
f 9204//1 9205//1 9197//1 9196//1
f 9204//5 9196//5 8358//5 8370//5
f 8373//2 8361//2 9198//2 9206//2
f 9207//6 9206//6 9198//6 9199//6
f 8378//1 9208//1 9200//1 8366//1
f 9208//6 9209//6 9201//6 9200//6
f 9210//2 9202//2 9203//2 9211//2
f 8380//5 8368//5 9202//5 9210//5
f 9212//1 9213//1 9205//1 9204//1
f 9212//5 9204//5 8370//5 8382//5
f 8385//2 8373//2 9206//2 9214//2
f 9215//6 9214//6 9206//6 9207//6
f 8390//1 9216//1 9208//1 8378//1
f 9216//6 9217//6 9209//6 9208//6
f 9218//2 9210//2 9211//2 9219//2
f 8392//5 8380//5 9210//5 9218//5
f 9220//1 9221//1 9213//1 9212//1
f 9220//5 9212//5 8382//5 8394//5
f 8397//2 8385//2 9214//2 9222//2
f 9223//6 9222//6 9214//6 9215//6
f 8402//1 9224//1 9216//1 8390//1
f 9224//6 9225//6 9217//6 9216//6
f 9226//2 9218//2 9219//2 9227//2
f 8404//5 8392//5 9218//5 9226//5
f 9228//1 9229//1 9221//1 9220//1
f 9228//5 9220//5 8394//5 8406//5
f 8409//2 8397//2 9222//2 9230//2
f 9231//6 9230//6 9222//6 9223//6
f 8414//1 9232//1 9224//1 8402//1
f 9232//6 9233//6 9225//6 9224//6
f 9234//2 9226//2 9227//2 9235//2
f 8416//5 8404//5 9226//5 9234//5
f 9236//1 9237//1 9229//1 9228//1
f 9236//5 9228//5 8406//5 8418//5
f 8421//2 8409//2 9230//2 9238//2
f 9239//6 9238//6 9230//6 9231//6
f 8426//1 9240//1 9232//1 8414//1
f 9240//6 9241//6 9233//6 9232//6
f 9242//2 9234//2 9235//2 9243//2
f 8428//5 8416//5 9234//5 9242//5
f 9244//1 9245//1 9237//1 9236//1
f 9244//5 9236//5 8418//5 8430//5
f 8433//2 8421//2 9238//2 9246//2
f 9247//6 9246//6 9238//6 9239//6
f 8438//1 9248//1 9240//1 8426//1
f 9248//6 9249//6 9241//6 9240//6
f 9250//2 9242//2 9243//2 9251//2
f 8440//5 8428//5 9242//5 9250//5
f 9252//1 9253//1 9245//1 9244//1
f 9252//5 9244//5 8430//5 8442//5
f 8445//2 8433//2 9246//2 9254//2
f 9255//6 9254//6 9246//6 9247//6
f 8450//1 9256//1 9248//1 8438//1
f 9256//6 9257//6 9249//6 9248//6
f 9258//2 9250//2 9251//2 9259//2
f 8452//5 8440//5 9250//5 9258//5
f 8457//2 8445//2 9254//2 9262//2
f 9263//6 9262//6 9254//6 9255//6
f 8462//1 9264//1 9256//1 8450//1
f 9264//6 9265//6 9257//6 9256//6
f 9268//1 9269//1 9261//1 9260//1
f 9268//5 9260//5 8454//5 8466//5
f 8469//2 8457//2 9262//2 9270//2
f 9271//6 9270//6 9262//6 9263//6
f 8474//1 9272//1 9264//1 8462//1
f 9272//6 9273//6 9265//6 9264//6
f 9274//2 9266//2 9267//2 9275//2
f 8476//5 8464//5 9266//5 9274//5
f 9276//1 9277//1 9269//1 9268//1
f 9276//5 9268//5 8466//5 8478//5
f 8481//2 8469//2 9270//2 9278//2
f 9279//6 9278//6 9270//6 9271//6
f 8486//1 9280//1 9272//1 8474//1
f 9280//6 9281//6 9273//6 9272//6
f 9282//2 9274//2 9275//2 9283//2
f 8488//5 8476//5 9274//5 9282//5
f 9284//1 9285//1 9277//1 9276//1
f 9284//5 9276//5 8478//5 8490//5
f 8493//2 8481//2 9278//2 9286//2
f 9287//6 9286//6 9278//6 9279//6
f 8498//1 9288//1 9280//1 8486//1
f 9288//6 9289//6 9281//6 9280//6
f 9290//2 9282//2 9283//2 9291//2
f 8500//5 8488//5 9282//5 9290//5
f 9292//1 9293//1 9285//1 9284//1
f 9292//5 9284//5 8490//5 8502//5
f 8505//2 8493//2 9286//2 9294//2
f 9295//6 9294//6 9286//6 9287//6
f 8510//1 9296//1 9288//1 8498//1
f 9296//6 9297//6 9289//6 9288//6
f 9298//2 9290//2 9291//2 9299//2
f 8512//5 8500//5 9290//5 9298//5
f 9300//1 9301//1 9293//1 9292//1
f 9300//5 9292//5 8502//5 8514//5
f 8517//2 8505//2 9294//2 9302//2
f 9303//6 9302//6 9294//6 9295//6
f 8522//1 9304//1 9296//1 8510//1
f 9304//6 9305//6 9297//6 9296//6
f 9306//2 9298//2 9299//2 9307//2
f 8524//5 8512//5 9298//5 9306//5
f 9308//1 9309//1 9301//1 9300//1
f 9308//5 9300//5 8514//5 8526//5
f 8529//2 8517//2 9302//2 9310//2
f 9311//6 9310//6 9302//6 9303//6
f 8534//1 9312//1 9304//1 8522//1
f 9312//6 9313//6 9305//6 9304//6
f 9314//2 9306//2 9307//2 9315//2
f 8536//5 8524//5 9306//5 9314//5
f 9316//1 9317//1 9309//1 9308//1
f 9316//5 9308//5 8526//5 8538//5
f 8541//2 8529//2 9310//2 9318//2
f 9319//6 9318//6 9310//6 9311//6
f 8546//1 9320//1 9312//1 8534//1
f 9320//6 9321//6 9313//6 9312//6
f 9322//2 9314//2 9315//2 9323//2
f 8548//5 8536//5 9314//5 9322//5
f 9324//1 9325//1 9317//1 9316//1
f 9324//5 9316//5 8538//5 8550//5
f 8553//2 8541//2 9318//2 9326//2
f 9327//6 9326//6 9318//6 9319//6
f 8558//1 9328//1 9320//1 8546//1
f 9328//6 9329//6 9321//6 9320//6
f 9330//2 9322//2 9323//2 9331//2
f 8560//5 8548//5 9322//5 9330//5
f 8565//2 8553//2 9326//2 9334//2
f 9335//6 9334//6 9326//6 9327//6
f 8570//1 9336//1 9328//1 8558//1
f 9336//6 9337//6 9329//6 9328//6
f 9340//1 9341//1 9333//1 9332//1
f 9340//5 9332//5 8562//5 8574//5
f 8577//2 8565//2 9334//2 9342//2
f 9343//6 9342//6 9334//6 9335//6
f 8582//1 9344//1 9336//1 8570//1
f 9344//6 9345//6 9337//6 9336//6
f 9346//2 9338//2 9339//2 9347//2
f 8584//5 8572//5 9338//5 9346//5
f 9348//1 9349//1 9341//1 9340//1
f 9348//5 9340//5 8574//5 8586//5
f 8589//2 8577//2 9342//2 9350//2
f 9351//6 9350//6 9342//6 9343//6
f 8594//1 9352//1 9344//1 8582//1
f 9352//6 9353//6 9345//6 9344//6
f 9354//2 9346//2 9347//2 9355//2
f 8596//5 8584//5 9346//5 9354//5
f 9356//1 9357//1 9349//1 9348//1
f 9356//5 9348//5 8586//5 8598//5
f 8601//2 8589//2 9350//2 9358//2
f 9359//6 9358//6 9350//6 9351//6
f 8606//1 9360//1 9352//1 8594//1
f 9360//6 9361//6 9353//6 9352//6
f 9362//2 9354//2 9355//2 9363//2
f 8608//5 8596//5 9354//5 9362//5
f 9364//1 9365//1 9357//1 9356//1
f 9364//5 9356//5 8598//5 8610//5
f 8613//2 8601//2 9358//2 9366//2
f 9367//6 9366//6 9358//6 9359//6
f 8618//1 9368//1 9360//1 8606//1
f 9368//6 9369//6 9361//6 9360//6
f 9370//2 9362//2 9363//2 9371//2
f 8620//5 8608//5 9362//5 9370//5
f 9372//1 9373//1 9365//1 9364//1
f 9372//5 9364//5 8610//5 8622//5
f 8625//2 8613//2 9366//2 9374//2
f 9375//6 9374//6 9366//6 9367//6
f 8630//1 9376//1 9368//1 8618//1
f 9376//6 9377//6 9369//6 9368//6
f 9378//2 9370//2 9371//2 9379//2
f 8632//5 8620//5 9370//5 9378//5
f 9380//1 9381//1 9373//1 9372//1
f 9380//5 9372//5 8622//5 8634//5
f 8637//2 8625//2 9374//2 9382//2
f 9383//6 9382//6 9374//6 9375//6
f 8642//1 9384//1 9376//1 8630//1
f 9384//6 9385//6 9377//6 9376//6
f 9386//2 9378//2 9379//2 9387//2
f 8644//5 8632//5 9378//5 9386//5
f 9388//1 9389//1 9381//1 9380//1
f 9388//5 9380//5 8634//5 8646//5
f 8649//2 8637//2 9382//2 9390//2
f 9391//6 9390//6 9382//6 9383//6
f 8654//1 9392//1 9384//1 8642//1
f 9392//6 9393//6 9385//6 9384//6
f 9394//2 9386//2 9387//2 9395//2
f 8656//5 8644//5 9386//5 9394//5
f 9396//1 9397//1 9389//1 9388//1
f 9396//5 9388//5 8646//5 8658//5
f 8661//2 8649//2 9390//2 9398//2
f 9399//6 9398//6 9390//6 9391//6
f 8666//1 9400//1 9392//1 8654//1
f 9400//6 9401//6 9393//6 9392//6
f 9402//2 9394//2 9395//2 9403//2
f 8668//5 8656//5 9394//5 9402//5
f 8673//2 8661//2 9398//2 9406//2
f 9407//6 9406//6 9398//6 9399//6
f 8678//1 9408//1 9400//1 8666//1
f 9408//6 9409//6 9401//6 9400//6
f 9412//1 9413//1 9405//1 9404//1
f 9412//5 9404//5 8670//5 8682//5
f 8685//2 8673//2 9406//2 9414//2
f 9415//6 9414//6 9406//6 9407//6
f 8690//1 9416//1 9408//1 8678//1
f 9416//6 9417//6 9409//6 9408//6
f 9418//2 9410//2 9411//2 9419//2
f 8692//5 8680//5 9410//5 9418//5
f 9420//1 9421//1 9413//1 9412//1
f 9420//5 9412//5 8682//5 8694//5
f 8697//2 8685//2 9414//2 9422//2
f 9423//6 9422//6 9414//6 9415//6
f 8702//1 9424//1 9416//1 8690//1
f 9424//6 9425//6 9417//6 9416//6
f 9426//2 9418//2 9419//2 9427//2
f 8704//5 8692//5 9418//5 9426//5
f 9428//1 9429//1 9421//1 9420//1
f 9428//5 9420//5 8694//5 8706//5
f 8709//2 8697//2 9422//2 9430//2
f 9431//6 9430//6 9422//6 9423//6
f 8714//1 9432//1 9424//1 8702//1
f 9432//6 9433//6 9425//6 9424//6
f 9434//2 9426//2 9427//2 9435//2
f 8716//5 8704//5 9426//5 9434//5
f 8815//1 9436//1 9429//1 9428//1
f 8815//5 9428//5 8706//5 8717//5
f 8718//2 8709//2 9430//2 9437//2
f 9438//6 9437//6 9430//6 9431//6
f 8721//1 9439//1 9432//1 8714//1
f 9439//6 9440//6 9433//6 9432//6
f 8821//2 9434//2 9435//2 9441//2
f 8722//5 8716//5 9434//5 8821//5
f 8816//1 9442//1 9436//1 8815//1
f 8817//2 8718//2 9437//2 9443//2
f 9444//6 9443//6 9437//6 9438//6
f 8820//1 9445//1 9439//1 8721//1
f 9445//6 9446//6 9440//6 9439//6
f 8824//2 8821//2 9441//2 9447//2
f 8860//1 9478//1 9442//1 8816//1
f 8861//2 8817//2 9443//2 9479//2
f 9480//6 9479//6 9443//6 9444//6
f 8864//1 9481//1 9445//1 8820//1
f 9481//6 9482//6 9446//6 9445//6
f 8866//2 8824//2 9447//2 9483//2
f 8924//1 9484//1 9478//1 8860//1
f 8925//2 8861//2 9479//2 9485//2
f 9486//6 9485//6 9479//6 9480//6
f 8928//1 9487//1 9481//1 8864//1
f 9487//6 9488//6 9482//6 9481//6
f 8930//2 8866//2 9483//2 9489//2
f 8977//1 9490//1 9484//1 8924//1
f 8978//2 8925//2 9485//2 9491//2
f 9492//6 9491//6 9485//6 9486//6
f 8981//1 9493//1 9487//1 8928//1
f 9493//6 9494//6 9488//6 9487//6
f 8983//2 8930//2 9489//2 9495//2
f 9187//1 9672//1 9654//1 9174//1
f 9189//2 9190//2 9658//2 9673//2
f 9192//1 9674//1 9666//1 9193//1
f 9195//2 9185//2 9671//2 9675//2
f 9197//1 9676//1 9672//1 9187//1
f 9199//2 9189//2 9673//2 9677//2
f 9201//1 9678//1 9674//1 9192//1
f 9203//2 9195//2 9675//2 9679//2
f 9205//1 9680//1 9676//1 9197//1
f 9207//2 9199//2 9677//2 9681//2
f 9209//1 9682//1 9678//1 9201//1
f 9211//2 9203//2 9679//2 9683//2
f 9213//1 9684//1 9680//1 9205//1
f 9215//2 9207//2 9681//2 9685//2
f 9217//1 9686//1 9682//1 9209//1
f 9219//2 9211//2 9683//2 9687//2
f 9221//1 9688//1 9684//1 9213//1
f 9223//2 9215//2 9685//2 9689//2
f 9225//1 9690//1 9686//1 9217//1
f 9227//2 9219//2 9687//2 9691//2
f 9229//1 9692//1 9688//1 9221//1
f 9231//2 9223//2 9689//2 9693//2
f 9233//1 9694//1 9690//1 9225//1
f 9235//2 9227//2 9691//2 9695//2
f 9237//1 9696//1 9692//1 9229//1
f 9239//2 9231//2 9693//2 9697//2
f 9241//1 9698//1 9694//1 9233//1
f 9243//2 9235//2 9695//2 9699//2
f 9245//1 9700//1 9696//1 9237//1
f 9247//2 9239//2 9697//2 9701//2
f 9249//1 9702//1 9698//1 9241//1
f 9251//2 9243//2 9699//2 9703//2
f 9253//1 9704//1 9700//1 9245//1
f 9255//2 9247//2 9701//2 9705//2
f 9257//1 9706//1 9702//1 9249//1
f 9259//2 9251//2 9703//2 9707//2
f 9269//1 9712//1 9708//1 9261//1
f 9271//2 9263//2 9709//2 9713//2
f 9273//1 9714//1 9710//1 9265//1
f 9275//2 9267//2 9711//2 9715//2
f 9277//1 9716//1 9712//1 9269//1
f 9279//2 9271//2 9713//2 9717//2
f 9281//1 9718//1 9714//1 9273//1
f 9283//2 9275//2 9715//2 9719//2
f 9285//1 9720//1 9716//1 9277//1
f 9287//2 9279//2 9717//2 9721//2
f 9289//1 9722//1 9718//1 9281//1
f 9291//2 9283//2 9719//2 9723//2
f 9293//1 9724//1 9720//1 9285//1
f 9295//2 9287//2 9721//2 9725//2
f 9297//1 9726//1 9722//1 9289//1
f 9299//2 9291//2 9723//2 9727//2
f 9301//1 9728//1 9724//1 9293//1
f 9303//2 9295//2 9725//2 9729//2
f 9305//1 9730//1 9726//1 9297//1
f 9307//2 9299//2 9727//2 9731//2
f 9309//1 9732//1 9728//1 9301//1
f 9311//2 9303//2 9729//2 9733//2
f 9313//1 9734//1 9730//1 9305//1
f 9315//2 9307//2 9731//2 9735//2
f 9317//1 9736//1 9732//1 9309//1
f 9319//2 9311//2 9733//2 9737//2
f 9321//1 9738//1 9734//1 9313//1
f 9323//2 9315//2 9735//2 9739//2
f 9325//1 9740//1 9736//1 9317//1
f 9327//2 9319//2 9737//2 9741//2
f 9329//1 9742//1 9738//1 9321//1
f 9331//2 9323//2 9739//2 9743//2
f 9341//1 9748//1 9744//1 9333//1
f 9343//2 9335//2 9745//2 9749//2
f 9345//1 9750//1 9746//1 9337//1
f 9347//2 9339//2 9747//2 9751//2
f 9349//1 9752//1 9748//1 9341//1
f 9351//2 9343//2 9749//2 9753//2
f 9353//1 9754//1 9750//1 9345//1
f 9355//2 9347//2 9751//2 9755//2
f 9357//1 9756//1 9752//1 9349//1
f 9359//2 9351//2 9753//2 9757//2
f 9361//1 9758//1 9754//1 9353//1
f 9363//2 9355//2 9755//2 9759//2
f 9365//1 9760//1 9756//1 9357//1
f 9367//2 9359//2 9757//2 9761//2
f 9369//1 9762//1 9758//1 9361//1
f 9371//2 9363//2 9759//2 9763//2
f 9373//1 9764//1 9760//1 9365//1
f 9375//2 9367//2 9761//2 9765//2
f 9377//1 9766//1 9762//1 9369//1
f 9379//2 9371//2 9763//2 9767//2
f 9381//1 9768//1 9764//1 9373//1
f 9383//2 9375//2 9765//2 9769//2
f 9385//1 9770//1 9766//1 9377//1
f 9387//2 9379//2 9767//2 9771//2
f 9389//1 9772//1 9768//1 9381//1
f 9391//2 9383//2 9769//2 9773//2
f 9393//1 9774//1 9770//1 9385//1
f 9395//2 9387//2 9771//2 9775//2
f 9397//1 9776//1 9772//1 9389//1
f 9399//2 9391//2 9773//2 9777//2
f 9401//1 9778//1 9774//1 9393//1
f 9403//2 9395//2 9775//2 9779//2
f 9413//1 9784//1 9780//1 9405//1
f 9415//2 9407//2 9781//2 9785//2
f 9417//1 9786//1 9782//1 9409//1
f 9419//2 9411//2 9783//2 9787//2
f 9421//1 9788//1 9784//1 9413//1
f 9423//2 9415//2 9785//2 9789//2
f 9425//1 9790//1 9786//1 9417//1
f 9427//2 9419//2 9787//2 9791//2
f 9429//1 9792//1 9788//1 9421//1
f 9431//2 9423//2 9789//2 9793//2
f 9433//1 9794//1 9790//1 9425//1
f 9435//2 9427//2 9791//2 9795//2
f 9436//1 9796//1 9792//1 9429//1
f 9438//2 9431//2 9793//2 9797//2
f 9440//1 9798//1 9794//1 9433//1
f 9441//2 9435//2 9795//2 9799//2
f 9442//1 9800//1 9796//1 9436//1
f 9444//2 9438//2 9797//2 9801//2
f 9446//1 9802//1 9798//1 9440//1
f 9447//2 9441//2 9799//2 9803//2
f 9478//1 9834//1 9800//1 9442//1
f 9480//2 9444//2 9801//2 9835//2
f 9482//1 9836//1 9802//1 9446//1
f 9483//2 9447//2 9803//2 9837//2
f 9484//1 9838//1 9834//1 9478//1
f 9486//2 9480//2 9835//2 9839//2
f 9488//1 9840//1 9836//1 9482//1
f 9489//2 9483//2 9837//2 9841//2
f 9490//1 9842//1 9838//1 9484//1
f 9492//2 9486//2 9839//2 9843//2
f 9494//1 9844//1 9840//1 9488//1
f 9495//2 9489//2 9841//2 9845//2
f 9672//1 10090//1 10074//1 9654//1
f 9673//2 9658//2 10076//2 10091//2
f 9674//1 10092//1 10082//1 9666//1
f 9675//2 9671//2 10084//2 10093//2
f 9676//1 10094//1 10090//1 9672//1
f 9677//2 9673//2 10091//2 10095//2
f 9678//1 10096//1 10092//1 9674//1
f 9679//2 9675//2 10093//2 10097//2
f 9680//1 10098//1 10094//1 9676//1
f 9681//2 9677//2 10095//2 10099//2
f 9682//1 10100//1 10096//1 9678//1
f 9683//2 9679//2 10097//2 10101//2
f 9684//1 10102//1 10098//1 9680//1
f 9685//2 9681//2 10099//2 10103//2
f 9686//1 10104//1 10100//1 9682//1
f 9687//2 9683//2 10101//2 10105//2
f 9688//1 10106//1 10102//1 9684//1
f 9689//2 9685//2 10103//2 10107//2
f 9690//1 10108//1 10104//1 9686//1
f 9691//2 9687//2 10105//2 10109//2
f 9692//1 10110//1 10106//1 9688//1
f 9693//2 9689//2 10107//2 10111//2
f 9694//1 10112//1 10108//1 9690//1
f 9695//2 9691//2 10109//2 10113//2
f 9696//1 10114//1 10110//1 9692//1
f 9697//2 9693//2 10111//2 10115//2
f 9698//1 10116//1 10112//1 9694//1
f 9699//2 9695//2 10113//2 10117//2
f 9700//1 10118//1 10114//1 9696//1
f 9701//2 9697//2 10115//2 10119//2
f 9702//1 10120//1 10116//1 9698//1
f 9703//2 9699//2 10117//2 10121//2
f 9704//1 10122//1 10118//1 9700//1
f 9705//2 9701//2 10119//2 10123//2
f 9706//1 10124//1 10120//1 9702//1
f 9707//2 9703//2 10121//2 10125//2
f 9712//1 10130//1 10126//1 9708//1
f 9713//2 9709//2 10127//2 10131//2
f 9714//1 10132//1 10128//1 9710//1
f 9715//2 9711//2 10129//2 10133//2
f 9716//1 10134//1 10130//1 9712//1
f 9717//2 9713//2 10131//2 10135//2
f 9718//1 10136//1 10132//1 9714//1
f 9719//2 9715//2 10133//2 10137//2
f 9720//1 10138//1 10134//1 9716//1
f 9721//2 9717//2 10135//2 10139//2
f 9722//1 10140//1 10136//1 9718//1
f 9723//2 9719//2 10137//2 10141//2
f 9724//1 10142//1 10138//1 9720//1
f 9725//2 9721//2 10139//2 10143//2
f 9726//1 10144//1 10140//1 9722//1
f 9727//2 9723//2 10141//2 10145//2
f 9728//1 10146//1 10142//1 9724//1
f 9729//2 9725//2 10143//2 10147//2
f 9730//1 10148//1 10144//1 9726//1
f 9731//2 9727//2 10145//2 10149//2
f 9732//1 10150//1 10146//1 9728//1
f 9733//2 9729//2 10147//2 10151//2
f 9734//1 10152//1 10148//1 9730//1
f 9735//2 9731//2 10149//2 10153//2
f 9736//1 10154//1 10150//1 9732//1
f 9737//2 9733//2 10151//2 10155//2
f 9738//1 10156//1 10152//1 9734//1
f 9739//2 9735//2 10153//2 10157//2
f 9740//1 10158//1 10154//1 9736//1
f 9741//2 9737//2 10155//2 10159//2
f 9742//1 10160//1 10156//1 9738//1
f 9743//2 9739//2 10157//2 10161//2
f 9748//1 10166//1 10162//1 9744//1
f 9749//2 9745//2 10163//2 10167//2
f 9750//1 10168//1 10164//1 9746//1
f 9751//2 9747//2 10165//2 10169//2
f 9752//1 10170//1 10166//1 9748//1
f 9753//2 9749//2 10167//2 10171//2
f 9754//1 10172//1 10168//1 9750//1
f 9755//2 9751//2 10169//2 10173//2
f 9756//1 10174//1 10170//1 9752//1
f 9757//2 9753//2 10171//2 10175//2
f 9758//1 10176//1 10172//1 9754//1
f 9759//2 9755//2 10173//2 10177//2
f 9760//1 10178//1 10174//1 9756//1
f 9761//2 9757//2 10175//2 10179//2
f 9762//1 10180//1 10176//1 9758//1
f 9763//2 9759//2 10177//2 10181//2
f 9764//1 10182//1 10178//1 9760//1
f 9765//2 9761//2 10179//2 10183//2
f 9766//1 10184//1 10180//1 9762//1
f 9767//2 9763//2 10181//2 10185//2
f 9768//1 10186//1 10182//1 9764//1
f 9769//2 9765//2 10183//2 10187//2
f 9770//1 10188//1 10184//1 9766//1
f 9771//2 9767//2 10185//2 10189//2
f 9772//1 10190//1 10186//1 9768//1
f 9773//2 9769//2 10187//2 10191//2
f 9774//1 10192//1 10188//1 9770//1
f 9775//2 9771//2 10189//2 10193//2
f 9776//1 10194//1 10190//1 9772//1
f 9777//2 9773//2 10191//2 10195//2
f 9778//1 10196//1 10192//1 9774//1
f 9779//2 9775//2 10193//2 10197//2
f 9784//1 10202//1 10198//1 9780//1
f 9785//2 9781//2 10199//2 10203//2
f 9786//1 10204//1 10200//1 9782//1
f 9787//2 9783//2 10201//2 10205//2
f 9788//1 10206//1 10202//1 9784//1
f 9789//2 9785//2 10203//2 10207//2
f 9790//1 10208//1 10204//1 9786//1
f 9791//2 9787//2 10205//2 10209//2
f 9792//1 10210//1 10206//1 9788//1
f 9793//2 9789//2 10207//2 10211//2
f 9794//1 10212//1 10208//1 9790//1
f 9795//2 9791//2 10209//2 10213//2
f 9796//1 10214//1 10210//1 9792//1
f 9797//2 9793//2 10211//2 10215//2
f 9798//1 10216//1 10212//1 9794//1
f 9799//2 9795//2 10213//2 10217//2
f 9800//1 10218//1 10214//1 9796//1
f 9801//2 9797//2 10215//2 10219//2
f 9802//1 10220//1 10216//1 9798//1
f 9803//2 9799//2 10217//2 10221//2
f 9834//1 10252//1 10218//1 9800//1
f 9835//2 9801//2 10219//2 10253//2
f 9836//1 10254//1 10220//1 9802//1
f 9837//2 9803//2 10221//2 10255//2
f 9838//1 10256//1 10252//1 9834//1
f 9839//2 9835//2 10253//2 10257//2
f 9840//1 10258//1 10254//1 9836//1
f 9841//2 9837//2 10255//2 10259//2
f 9842//1 10260//1 10256//1 9838//1
f 9843//2 9839//2 10257//2 10261//2
f 9844//1 10262//1 10258//1 9840//1
f 9845//2 9841//2 10259//2 10263//2
f 10090//1 10434//1 10416//1 10074//1
f 10091//2 10076//2 10420//2 10435//2
f 10092//1 10436//1 10428//1 10082//1
f 10093//2 10084//2 10433//2 10437//2
f 10094//1 10438//1 10434//1 10090//1
f 10095//2 10091//2 10435//2 10439//2
f 10096//1 10440//1 10436//1 10092//1
f 10097//2 10093//2 10437//2 10441//2
f 10098//1 10442//1 10438//1 10094//1
f 10099//2 10095//2 10439//2 10443//2
f 10100//1 10444//1 10440//1 10096//1
f 10101//2 10097//2 10441//2 10445//2
f 10102//1 10446//1 10442//1 10098//1
f 10103//2 10099//2 10443//2 10447//2
f 10104//1 10448//1 10444//1 10100//1
f 10105//2 10101//2 10445//2 10449//2
f 10106//1 10450//1 10446//1 10102//1
f 10107//2 10103//2 10447//2 10451//2
f 10108//1 10452//1 10448//1 10104//1
f 10109//2 10105//2 10449//2 10453//2
f 10110//1 10454//1 10450//1 10106//1
f 10111//2 10107//2 10451//2 10455//2
f 10112//1 10456//1 10452//1 10108//1
f 10113//2 10109//2 10453//2 10457//2
f 10114//1 10458//1 10454//1 10110//1
f 10115//2 10111//2 10455//2 10459//2
f 10116//1 10460//1 10456//1 10112//1
f 10117//2 10113//2 10457//2 10461//2
f 10118//1 10462//1 10458//1 10114//1
f 10119//2 10115//2 10459//2 10463//2
f 10120//1 10464//1 10460//1 10116//1
f 10121//2 10117//2 10461//2 10465//2
f 10122//1 10466//1 10462//1 10118//1
f 10123//2 10119//2 10463//2 10467//2
f 10124//1 10468//1 10464//1 10120//1
f 10125//2 10121//2 10465//2 10469//2
f 10130//1 10474//1 10470//1 10126//1
f 10131//2 10127//2 10471//2 10475//2
f 10132//1 10476//1 10472//1 10128//1
f 10133//2 10129//2 10473//2 10477//2
f 10134//1 10478//1 10474//1 10130//1
f 10135//2 10131//2 10475//2 10479//2
f 10136//1 10480//1 10476//1 10132//1
f 10137//2 10133//2 10477//2 10481//2
f 10138//1 10482//1 10478//1 10134//1
f 10139//2 10135//2 10479//2 10483//2
f 10140//1 10484//1 10480//1 10136//1
f 10141//2 10137//2 10481//2 10485//2
f 10142//1 10486//1 10482//1 10138//1
f 10143//2 10139//2 10483//2 10487//2
f 10144//1 10488//1 10484//1 10140//1
f 10145//2 10141//2 10485//2 10489//2
f 10146//1 10490//1 10486//1 10142//1
f 10147//2 10143//2 10487//2 10491//2
f 10148//1 10492//1 10488//1 10144//1
f 10149//2 10145//2 10489//2 10493//2
f 10150//1 10494//1 10490//1 10146//1
f 10151//2 10147//2 10491//2 10495//2
f 10152//1 10496//1 10492//1 10148//1
f 10153//2 10149//2 10493//2 10497//2
f 10154//1 10498//1 10494//1 10150//1
f 10155//2 10151//2 10495//2 10499//2
f 10156//1 10500//1 10496//1 10152//1
f 10157//2 10153//2 10497//2 10501//2
f 10158//1 10502//1 10498//1 10154//1
f 10159//2 10155//2 10499//2 10503//2
f 10160//1 10504//1 10500//1 10156//1
f 10161//2 10157//2 10501//2 10505//2
f 10166//1 10510//1 10506//1 10162//1
f 10167//2 10163//2 10507//2 10511//2
f 10168//1 10512//1 10508//1 10164//1
f 10169//2 10165//2 10509//2 10513//2
f 10170//1 10514//1 10510//1 10166//1
f 10171//2 10167//2 10511//2 10515//2
f 10172//1 10516//1 10512//1 10168//1
f 10173//2 10169//2 10513//2 10517//2
f 10174//1 10518//1 10514//1 10170//1
f 10175//2 10171//2 10515//2 10519//2
f 10176//1 10520//1 10516//1 10172//1
f 10177//2 10173//2 10517//2 10521//2
f 10178//1 10522//1 10518//1 10174//1
f 10179//2 10175//2 10519//2 10523//2
f 10180//1 10524//1 10520//1 10176//1
f 10181//2 10177//2 10521//2 10525//2
f 10182//1 10526//1 10522//1 10178//1
f 10183//2 10179//2 10523//2 10527//2
f 10184//1 10528//1 10524//1 10180//1
f 10185//2 10181//2 10525//2 10529//2
f 10186//1 10530//1 10526//1 10182//1
f 10187//2 10183//2 10527//2 10531//2
f 10188//1 10532//1 10528//1 10184//1
f 10189//2 10185//2 10529//2 10533//2
f 10190//1 10534//1 10530//1 10186//1
f 10191//2 10187//2 10531//2 10535//2
f 10192//1 10536//1 10532//1 10188//1
f 10193//2 10189//2 10533//2 10537//2
f 10194//1 10538//1 10534//1 10190//1
f 10195//2 10191//2 10535//2 10539//2
f 10196//1 10540//1 10536//1 10192//1
f 10197//2 10193//2 10537//2 10541//2
f 10202//1 10546//1 10542//1 10198//1
f 10203//2 10199//2 10543//2 10547//2
f 10204//1 10548//1 10544//1 10200//1
f 10205//2 10201//2 10545//2 10549//2
f 10206//1 10550//1 10546//1 10202//1
f 10207//2 10203//2 10547//2 10551//2
f 10208//1 10552//1 10548//1 10204//1
f 10209//2 10205//2 10549//2 10553//2
f 10210//1 10554//1 10550//1 10206//1
f 10211//2 10207//2 10551//2 10555//2
f 10212//1 10556//1 10552//1 10208//1
f 10213//2 10209//2 10553//2 10557//2
f 10214//1 10558//1 10554//1 10210//1
f 10215//2 10211//2 10555//2 10559//2
f 10216//1 10560//1 10556//1 10212//1
f 10217//2 10213//2 10557//2 10561//2
f 10218//1 10586//1 10558//1 10214//1
f 10219//2 10215//2 10559//2 10587//2
f 10220//1 10588//1 10560//1 10216//1
f 10221//2 10217//2 10561//2 10589//2
f 10252//1 10612//1 10586//1 10218//1
f 10253//2 10219//2 10587//2 10613//2
f 10254//1 10614//1 10588//1 10220//1
f 10255//2 10221//2 10589//2 10615//2
f 10256//1 10632//1 10612//1 10252//1
f 10257//2 10253//2 10613//2 10633//2
f 10258//1 10634//1 10614//1 10254//1
f 10259//2 10255//2 10615//2 10635//2
f 10260//1 10644//1 10632//1 10256//1
f 10261//2 10257//2 10633//2 10645//2
f 10262//1 10646//1 10634//1 10258//1
f 10263//2 10259//2 10635//2 10647//2
f 10434//1 10892//1 10880//1 10416//1
f 10892//6 10893//6 10894//6 10880//6
f 10895//2 10419//2 10883//2 10896//2
f 10435//5 10420//5 10419//5 10895//5
f 10897//1 10898//1 10887//1 10426//1
f 10897//5 10426//5 10428//5 10436//5
f 10437//2 10433//2 10891//2 10899//2
f 10900//6 10899//6 10891//6 10901//6
f 10438//1 10902//1 10892//1 10434//1
f 10902//6 10903//6 10893//6 10892//6
f 10904//2 10895//2 10896//2 10905//2
f 10439//5 10435//5 10895//5 10904//5
f 10906//1 10907//1 10898//1 10897//1
f 10906//5 10897//5 10436//5 10440//5
f 10441//2 10437//2 10899//2 10908//2
f 10909//6 10908//6 10899//6 10900//6
f 10442//1 10910//1 10902//1 10438//1
f 10910//6 10911//6 10903//6 10902//6
f 10912//2 10904//2 10905//2 10913//2
f 10443//5 10439//5 10904//5 10912//5
f 10914//1 10915//1 10907//1 10906//1
f 10914//5 10906//5 10440//5 10444//5
f 10445//2 10441//2 10908//2 10916//2
f 10917//6 10916//6 10908//6 10909//6
f 10446//1 10918//1 10910//1 10442//1
f 10918//6 10919//6 10911//6 10910//6
f 10920//2 10912//2 10913//2 10921//2
f 10447//5 10443//5 10912//5 10920//5
f 10922//1 10923//1 10915//1 10914//1
f 10922//5 10914//5 10444//5 10448//5
f 10449//2 10445//2 10916//2 10924//2
f 10925//6 10924//6 10916//6 10917//6
f 10450//1 10926//1 10918//1 10446//1
f 10926//6 10927//6 10919//6 10918//6
f 10928//2 10920//2 10921//2 10929//2
f 10451//5 10447//5 10920//5 10928//5
f 10930//1 10931//1 10923//1 10922//1
f 10930//5 10922//5 10448//5 10452//5
f 10453//2 10449//2 10924//2 10932//2
f 10933//6 10932//6 10924//6 10925//6
f 10454//1 10934//1 10926//1 10450//1
f 10934//6 10935//6 10927//6 10926//6
f 10936//2 10928//2 10929//2 10937//2
f 10455//5 10451//5 10928//5 10936//5
f 10938//1 10939//1 10931//1 10930//1
f 10938//5 10930//5 10452//5 10456//5
f 10457//2 10453//2 10932//2 10940//2
f 10941//6 10940//6 10932//6 10933//6
f 10458//1 10942//1 10934//1 10454//1
f 10942//6 10943//6 10935//6 10934//6
f 10944//2 10936//2 10937//2 10945//2
f 10459//5 10455//5 10936//5 10944//5
f 10946//1 10947//1 10939//1 10938//1
f 10946//5 10938//5 10456//5 10460//5
f 10461//2 10457//2 10940//2 10948//2
f 10949//6 10948//6 10940//6 10941//6
f 10462//1 10950//1 10942//1 10458//1
f 10950//6 10951//6 10943//6 10942//6
f 10952//2 10944//2 10945//2 10953//2
f 10463//5 10459//5 10944//5 10952//5
f 10954//1 10955//1 10947//1 10946//1
f 10954//5 10946//5 10460//5 10464//5
f 10465//2 10461//2 10948//2 10956//2
f 10957//6 10956//6 10948//6 10949//6
f 10466//1 10958//1 10950//1 10462//1
f 10958//6 10959//6 10951//6 10950//6
f 10960//2 10952//2 10953//2 10961//2
f 10467//5 10463//5 10952//5 10960//5
f 10962//1 10963//1 10955//1 10954//1
f 10962//5 10954//5 10464//5 10468//5
f 10469//2 10465//2 10956//2 10964//2
f 10965//6 10964//6 10956//6 10957//6
f 10968//2 10960//2 10961//2 10969//2
f 10471//5 10467//5 10960//5 10968//5
f 10970//1 10971//1 10963//1 10962//1
f 10970//5 10962//5 10468//5 10472//5
f 10474//1 10974//1 10966//1 10470//1
f 10974//6 10975//6 10967//6 10966//6
f 10976//2 10968//2 10969//2 10977//2
f 10475//5 10471//5 10968//5 10976//5
f 10978//1 10979//1 10971//1 10970//1
f 10978//5 10970//5 10472//5 10476//5
f 10477//2 10473//2 10972//2 10980//2
f 10981//6 10980//6 10972//6 10973//6
f 10478//1 10982//1 10974//1 10474//1
f 10982//6 10983//6 10975//6 10974//6
f 10984//2 10976//2 10977//2 10985//2
f 10479//5 10475//5 10976//5 10984//5
f 10986//1 10987//1 10979//1 10978//1
f 10986//5 10978//5 10476//5 10480//5
f 10481//2 10477//2 10980//2 10988//2
f 10989//6 10988//6 10980//6 10981//6
f 10482//1 10990//1 10982//1 10478//1
f 10990//6 10991//6 10983//6 10982//6
f 10992//2 10984//2 10985//2 10993//2
f 10483//5 10479//5 10984//5 10992//5
f 10994//1 10995//1 10987//1 10986//1
f 10994//5 10986//5 10480//5 10484//5
f 10485//2 10481//2 10988//2 10996//2
f 10997//6 10996//6 10988//6 10989//6
f 10486//1 10998//1 10990//1 10482//1
f 10998//6 10999//6 10991//6 10990//6
f 11000//2 10992//2 10993//2 11001//2
f 10487//5 10483//5 10992//5 11000//5
f 11002//1 11003//1 10995//1 10994//1
f 11002//5 10994//5 10484//5 10488//5
f 10489//2 10485//2 10996//2 11004//2
f 11005//6 11004//6 10996//6 10997//6
f 10490//1 11006//1 10998//1 10486//1
f 11006//6 11007//6 10999//6 10998//6
f 11008//2 11000//2 11001//2 11009//2
f 10491//5 10487//5 11000//5 11008//5
f 11010//1 11011//1 11003//1 11002//1
f 11010//5 11002//5 10488//5 10492//5
f 10493//2 10489//2 11004//2 11012//2
f 11013//6 11012//6 11004//6 11005//6
f 10494//1 11014//1 11006//1 10490//1
f 11014//6 11015//6 11007//6 11006//6
f 11016//2 11008//2 11009//2 11017//2
f 10495//5 10491//5 11008//5 11016//5
f 11018//1 11019//1 11011//1 11010//1
f 11018//5 11010//5 10492//5 10496//5
f 10497//2 10493//2 11012//2 11020//2
f 11021//6 11020//6 11012//6 11013//6
f 10498//1 11022//1 11014//1 10494//1
f 11022//6 11023//6 11015//6 11014//6
f 11024//2 11016//2 11017//2 11025//2
f 10499//5 10495//5 11016//5 11024//5
f 11026//1 11027//1 11019//1 11018//1
f 11026//5 11018//5 10496//5 10500//5
f 10501//2 10497//2 11020//2 11028//2
f 11029//6 11028//6 11020//6 11021//6
f 10502//1 11030//1 11022//1 10498//1
f 11030//6 11031//6 11023//6 11022//6
f 11032//2 11024//2 11025//2 11033//2
f 10503//5 10499//5 11024//5 11032//5
f 11034//1 11035//1 11027//1 11026//1
f 11034//5 11026//5 10500//5 10504//5
f 10505//2 10501//2 11028//2 11036//2
f 11037//6 11036//6 11028//6 11029//6
f 11040//2 11032//2 11033//2 11041//2
f 10507//5 10503//5 11032//5 11040//5
f 11042//1 11043//1 11035//1 11034//1
f 11042//5 11034//5 10504//5 10508//5
f 10510//1 11046//1 11038//1 10506//1
f 11046//6 11047//6 11039//6 11038//6
f 11048//2 11040//2 11041//2 11049//2
f 10511//5 10507//5 11040//5 11048//5
f 11050//1 11051//1 11043//1 11042//1
f 11050//5 11042//5 10508//5 10512//5
f 10513//2 10509//2 11044//2 11052//2
f 11053//6 11052//6 11044//6 11045//6
f 10514//1 11054//1 11046//1 10510//1
f 11054//6 11055//6 11047//6 11046//6
f 11056//2 11048//2 11049//2 11057//2
f 10515//5 10511//5 11048//5 11056//5
f 11058//1 11059//1 11051//1 11050//1
f 11058//5 11050//5 10512//5 10516//5
f 10517//2 10513//2 11052//2 11060//2
f 11061//6 11060//6 11052//6 11053//6
f 10518//1 11062//1 11054//1 10514//1
f 11062//6 11063//6 11055//6 11054//6
f 11064//2 11056//2 11057//2 11065//2
f 10519//5 10515//5 11056//5 11064//5
f 11066//1 11067//1 11059//1 11058//1
f 11066//5 11058//5 10516//5 10520//5
f 10521//2 10517//2 11060//2 11068//2
f 11069//6 11068//6 11060//6 11061//6
f 10522//1 11070//1 11062//1 10518//1
f 11070//6 11071//6 11063//6 11062//6
f 11072//2 11064//2 11065//2 11073//2
f 10523//5 10519//5 11064//5 11072//5
f 11074//1 11075//1 11067//1 11066//1
f 11074//5 11066//5 10520//5 10524//5
f 10525//2 10521//2 11068//2 11076//2
f 11077//6 11076//6 11068//6 11069//6
f 10526//1 11078//1 11070//1 10522//1
f 11078//6 11079//6 11071//6 11070//6
f 11080//2 11072//2 11073//2 11081//2
f 10527//5 10523//5 11072//5 11080//5
f 11082//1 11083//1 11075//1 11074//1
f 11082//5 11074//5 10524//5 10528//5
f 10529//2 10525//2 11076//2 11084//2
f 11085//6 11084//6 11076//6 11077//6
f 10530//1 11086//1 11078//1 10526//1
f 11086//6 11087//6 11079//6 11078//6
f 11088//2 11080//2 11081//2 11089//2
f 10531//5 10527//5 11080//5 11088//5
f 11090//1 11091//1 11083//1 11082//1
f 11090//5 11082//5 10528//5 10532//5
f 10533//2 10529//2 11084//2 11092//2
f 11093//6 11092//6 11084//6 11085//6
f 10534//1 11094//1 11086//1 10530//1
f 11094//6 11095//6 11087//6 11086//6
f 11096//2 11088//2 11089//2 11097//2
f 10535//5 10531//5 11088//5 11096//5
f 11098//1 11099//1 11091//1 11090//1
f 11098//5 11090//5 10532//5 10536//5
f 10537//2 10533//2 11092//2 11100//2
f 11101//6 11100//6 11092//6 11093//6
f 10538//1 11102//1 11094//1 10534//1
f 11102//6 11103//6 11095//6 11094//6
f 11104//2 11096//2 11097//2 11105//2
f 10539//5 10535//5 11096//5 11104//5
f 11106//1 11107//1 11099//1 11098//1
f 11106//5 11098//5 10536//5 10540//5
f 10541//2 10537//2 11100//2 11108//2
f 11109//6 11108//6 11100//6 11101//6
f 11112//2 11104//2 11105//2 11113//2
f 10543//5 10539//5 11104//5 11112//5
f 11114//1 11115//1 11107//1 11106//1
f 11114//5 11106//5 10540//5 10544//5
f 10546//1 11118//1 11110//1 10542//1
f 11118//6 11119//6 11111//6 11110//6
f 11120//2 11112//2 11113//2 11121//2
f 10547//5 10543//5 11112//5 11120//5
f 11122//1 11123//1 11115//1 11114//1
f 11122//5 11114//5 10544//5 10548//5
f 10549//2 10545//2 11116//2 11124//2
f 11125//6 11124//6 11116//6 11117//6
f 10550//1 11126//1 11118//1 10546//1
f 11126//6 11127//6 11119//6 11118//6
f 11128//2 11120//2 11121//2 11129//2
f 10551//5 10547//5 11120//5 11128//5
f 11130//1 11131//1 11123//1 11122//1
f 11130//5 11122//5 10548//5 10552//5
f 10553//2 10549//2 11124//2 11132//2
f 11133//6 11132//6 11124//6 11125//6
f 10554//1 11134//1 11126//1 10550//1
f 11134//6 11135//6 11127//6 11126//6
f 11136//2 11128//2 11129//2 11137//2
f 10555//5 10551//5 11128//5 11136//5
f 11138//1 11139//1 11131//1 11130//1
f 11138//5 11130//5 10552//5 10556//5
f 10557//2 10553//2 11132//2 11140//2
f 11141//6 11140//6 11132//6 11133//6
f 10558//1 11142//1 11134//1 10554//1
f 11142//6 11143//6 11135//6 11134//6
f 11144//2 11136//2 11137//2 11145//2
f 10559//5 10555//5 11136//5 11144//5
f 11146//1 11147//1 11139//1 11138//1
f 11146//5 11138//5 10556//5 10560//5
f 10561//2 10557//2 11140//2 11148//2
f 11149//6 11148//6 11140//6 11141//6
f 10586//1 11150//1 11142//1 10558//1
f 11150//6 11151//6 11143//6 11142//6
f 11152//2 11144//2 11145//2 11153//2
f 10587//5 10559//5 11144//5 11152//5
f 11154//1 11155//1 11147//1 11146//1
f 11154//5 11146//5 10560//5 10588//5
f 10589//2 10561//2 11148//2 11156//2
f 11157//6 11156//6 11148//6 11149//6
f 10612//1 11188//1 11150//1 10586//1
f 11188//6 11189//6 11151//6 11150//6
f 11190//2 11152//2 11153//2 11191//2
f 10613//5 10587//5 11152//5 11190//5
f 11192//1 11193//1 11155//1 11154//1
f 11192//5 11154//5 10588//5 10614//5
f 10615//2 10589//2 11156//2 11194//2
f 11195//6 11194//6 11156//6 11157//6
f 10632//1 11196//1 11188//1 10612//1
f 11196//6 11197//6 11189//6 11188//6
f 11198//2 11190//2 11191//2 11199//2
f 10633//5 10613//5 11190//5 11198//5
f 11200//1 11201//1 11193//1 11192//1
f 11200//5 11192//5 10614//5 10634//5
f 10635//2 10615//2 11194//2 11202//2
f 11203//6 11202//6 11194//6 11195//6
f 10644//1 11204//1 11196//1 10632//1
f 11204//6 11205//6 11197//6 11196//6
f 10737//2 11198//2 11199//2 11206//2
f 10645//5 10633//5 11198//5 10737//5
f 10743//1 11207//1 11201//1 11200//1
f 10743//5 11200//5 10634//5 10646//5
f 10647//2 10635//2 11202//2 11208//2
f 11209//6 11208//6 11202//6 11203//6
f 10893//1 11378//1 11368//1 10894//1
f 11378//6 11379//6 11380//6 11368//6
f 10896//5 10883//5 10882//5 11381//5
f 11379//6 11382//6 11383//6 11380//6
f 11381//5 10882//5 10885//5 11384//5
f 11382//6 11385//6 11386//6 11383//6
f 11384//5 10885//5 10887//5 10898//5
f 11385//6 11387//6 11388//6 11386//6
f 10900//2 10901//2 11374//2 11389//2
f 11387//6 11389//6 11374//6 11388//6
f 10903//1 11390//1 11378//1 10893//1
f 11390//6 11391//6 11379//6 11378//6
f 10905//5 10896//5 11381//5 11392//5
f 11391//6 11393//6 11382//6 11379//6
f 11392//5 11381//5 11384//5 11394//5
f 11393//6 11395//6 11385//6 11382//6
f 11394//5 11384//5 10898//5 10907//5
f 11395//6 11396//6 11387//6 11385//6
f 10909//2 10900//2 11389//2 11397//2
f 11396//6 11397//6 11389//6 11387//6
f 10911//1 11398//1 11390//1 10903//1
f 11398//6 11399//6 11391//6 11390//6
f 10913//5 10905//5 11392//5 11400//5
f 11399//6 11401//6 11393//6 11391//6
f 11400//5 11392//5 11394//5 11402//5
f 11401//6 11403//6 11395//6 11393//6
f 11402//5 11394//5 10907//5 10915//5
f 11403//6 11404//6 11396//6 11395//6
f 10917//2 10909//2 11397//2 11405//2
f 11404//6 11405//6 11397//6 11396//6
f 10919//1 11406//1 11398//1 10911//1
f 11406//6 11407//6 11399//6 11398//6
f 10921//5 10913//5 11400//5 11408//5
f 11407//6 11409//6 11401//6 11399//6
f 11408//5 11400//5 11402//5 11410//5
f 11409//6 11411//6 11403//6 11401//6
f 11410//5 11402//5 10915//5 10923//5
f 11411//6 11412//6 11404//6 11403//6
f 10925//2 10917//2 11405//2 11413//2
f 11412//6 11413//6 11405//6 11404//6
f 10927//1 11414//1 11406//1 10919//1
f 11414//6 11415//6 11407//6 11406//6
f 10929//5 10921//5 11408//5 11416//5
f 11415//6 11417//6 11409//6 11407//6
f 11416//5 11408//5 11410//5 11418//5
f 11417//6 11419//6 11411//6 11409//6
f 11418//5 11410//5 10923//5 10931//5
f 11419//6 11420//6 11412//6 11411//6
f 10933//2 10925//2 11413//2 11421//2
f 11420//6 11421//6 11413//6 11412//6
f 10935//1 11422//1 11414//1 10927//1
f 11422//6 11423//6 11415//6 11414//6
f 10937//5 10929//5 11416//5 11424//5
f 11423//6 11425//6 11417//6 11415//6
f 11424//5 11416//5 11418//5 11426//5
f 11425//6 11427//6 11419//6 11417//6
f 11426//5 11418//5 10931//5 10939//5
f 11427//6 11428//6 11420//6 11419//6
f 10941//2 10933//2 11421//2 11429//2
f 11428//6 11429//6 11421//6 11420//6
f 10943//1 11430//1 11422//1 10935//1
f 11430//6 11431//6 11423//6 11422//6
f 10945//5 10937//5 11424//5 11432//5
f 11431//6 11433//6 11425//6 11423//6
f 11432//5 11424//5 11426//5 11434//5
f 11433//6 11435//6 11427//6 11425//6
f 11434//5 11426//5 10939//5 10947//5
f 11435//6 11436//6 11428//6 11427//6
f 10949//2 10941//2 11429//2 11437//2
f 11436//6 11437//6 11429//6 11428//6
f 10951//1 11438//1 11430//1 10943//1
f 11438//6 11439//6 11431//6 11430//6
f 10953//5 10945//5 11432//5 11440//5
f 11439//6 11441//6 11433//6 11431//6
f 11440//5 11432//5 11434//5 11442//5
f 11441//6 11443//6 11435//6 11433//6
f 11442//5 11434//5 10947//5 10955//5
f 11443//6 11444//6 11436//6 11435//6
f 10957//2 10949//2 11437//2 11445//2
f 11444//6 11445//6 11437//6 11436//6
f 10959//1 11446//1 11438//1 10951//1
f 11446//6 11447//6 11439//6 11438//6
f 10961//5 10953//5 11440//5 11448//5
f 11447//6 11449//6 11441//6 11439//6
f 11448//5 11440//5 11442//5 11450//5
f 11449//6 11451//6 11443//6 11441//6
f 11450//5 11442//5 10955//5 10963//5
f 11451//6 11452//6 11444//6 11443//6
f 10965//2 10957//2 11445//2 11453//2
f 11452//6 11453//6 11445//6 11444//6
f 10975//1 11462//1 11454//1 10967//1
f 11462//6 11463//6 11455//6 11454//6
f 10977//5 10969//5 11456//5 11464//5
f 11463//6 11465//6 11457//6 11455//6
f 11464//5 11456//5 11458//5 11466//5
f 11465//6 11467//6 11459//6 11457//6
f 11466//5 11458//5 10971//5 10979//5
f 11467//6 11468//6 11460//6 11459//6
f 10981//2 10973//2 11461//2 11469//2
f 11468//6 11469//6 11461//6 11460//6
f 10983//1 11470//1 11462//1 10975//1
f 11470//6 11471//6 11463//6 11462//6
f 10985//5 10977//5 11464//5 11472//5
f 11471//6 11473//6 11465//6 11463//6
f 11472//5 11464//5 11466//5 11474//5
f 11473//6 11475//6 11467//6 11465//6
f 11474//5 11466//5 10979//5 10987//5
f 11475//6 11476//6 11468//6 11467//6
f 10989//2 10981//2 11469//2 11477//2
f 11476//6 11477//6 11469//6 11468//6
f 10991//1 11478//1 11470//1 10983//1
f 11478//6 11479//6 11471//6 11470//6
f 10993//5 10985//5 11472//5 11480//5
f 11479//6 11481//6 11473//6 11471//6
f 11480//5 11472//5 11474//5 11482//5
f 11481//6 11483//6 11475//6 11473//6
f 11482//5 11474//5 10987//5 10995//5
f 11483//6 11484//6 11476//6 11475//6
f 10997//2 10989//2 11477//2 11485//2
f 11484//6 11485//6 11477//6 11476//6
f 10999//1 11486//1 11478//1 10991//1
f 11486//6 11487//6 11479//6 11478//6
f 11001//5 10993//5 11480//5 11488//5
f 11487//6 11489//6 11481//6 11479//6
f 11488//5 11480//5 11482//5 11490//5
f 11489//6 11491//6 11483//6 11481//6
f 11490//5 11482//5 10995//5 11003//5
f 11491//6 11492//6 11484//6 11483//6
f 11005//2 10997//2 11485//2 11493//2
f 11492//6 11493//6 11485//6 11484//6
f 11007//1 11494//1 11486//1 10999//1
f 11494//6 11495//6 11487//6 11486//6
f 11009//5 11001//5 11488//5 11496//5
f 11495//6 11497//6 11489//6 11487//6
f 11496//5 11488//5 11490//5 11498//5
f 11497//6 11499//6 11491//6 11489//6
f 11498//5 11490//5 11003//5 11011//5
f 11499//6 11500//6 11492//6 11491//6
f 11013//2 11005//2 11493//2 11501//2
f 11500//6 11501//6 11493//6 11492//6
f 11015//1 11502//1 11494//1 11007//1
f 11502//6 11503//6 11495//6 11494//6
f 11017//5 11009//5 11496//5 11504//5
f 11503//6 11505//6 11497//6 11495//6
f 11504//5 11496//5 11498//5 11506//5
f 11505//6 11507//6 11499//6 11497//6
f 11506//5 11498//5 11011//5 11019//5
f 11507//6 11508//6 11500//6 11499//6
f 11021//2 11013//2 11501//2 11509//2
f 11508//6 11509//6 11501//6 11500//6
f 11023//1 11510//1 11502//1 11015//1
f 11510//6 11511//6 11503//6 11502//6
f 11025//5 11017//5 11504//5 11512//5
f 11511//6 11513//6 11505//6 11503//6
f 11512//5 11504//5 11506//5 11514//5
f 11513//6 11515//6 11507//6 11505//6
f 11514//5 11506//5 11019//5 11027//5
f 11515//6 11516//6 11508//6 11507//6
f 11029//2 11021//2 11509//2 11517//2
f 11516//6 11517//6 11509//6 11508//6
f 11031//1 11518//1 11510//1 11023//1
f 11518//6 11519//6 11511//6 11510//6
f 11033//5 11025//5 11512//5 11520//5
f 11519//6 11521//6 11513//6 11511//6
f 11520//5 11512//5 11514//5 11522//5
f 11521//6 11523//6 11515//6 11513//6
f 11522//5 11514//5 11027//5 11035//5
f 11523//6 11524//6 11516//6 11515//6
f 11037//2 11029//2 11517//2 11525//2
f 11524//6 11525//6 11517//6 11516//6
f 11047//1 11534//1 11526//1 11039//1
f 11534//6 11535//6 11527//6 11526//6
f 11049//5 11041//5 11528//5 11536//5
f 11535//6 11537//6 11529//6 11527//6
f 11536//5 11528//5 11530//5 11538//5
f 11537//6 11539//6 11531//6 11529//6
f 11538//5 11530//5 11043//5 11051//5
f 11539//6 11540//6 11532//6 11531//6
f 11053//2 11045//2 11533//2 11541//2
f 11540//6 11541//6 11533//6 11532//6
f 11055//1 11542//1 11534//1 11047//1
f 11542//6 11543//6 11535//6 11534//6
f 11057//5 11049//5 11536//5 11544//5
f 11543//6 11545//6 11537//6 11535//6
f 11544//5 11536//5 11538//5 11546//5
f 11545//6 11547//6 11539//6 11537//6
f 11546//5 11538//5 11051//5 11059//5
f 11547//6 11548//6 11540//6 11539//6
f 11061//2 11053//2 11541//2 11549//2
f 11548//6 11549//6 11541//6 11540//6
f 11063//1 11550//1 11542//1 11055//1
f 11550//6 11551//6 11543//6 11542//6
f 11065//5 11057//5 11544//5 11552//5
f 11551//6 11553//6 11545//6 11543//6
f 11552//5 11544//5 11546//5 11554//5
f 11553//6 11555//6 11547//6 11545//6
f 11554//5 11546//5 11059//5 11067//5
f 11555//6 11556//6 11548//6 11547//6
f 11069//2 11061//2 11549//2 11557//2
f 11556//6 11557//6 11549//6 11548//6
f 11071//1 11558//1 11550//1 11063//1
f 11558//6 11559//6 11551//6 11550//6
f 11073//5 11065//5 11552//5 11560//5
f 11559//6 11561//6 11553//6 11551//6
f 11560//5 11552//5 11554//5 11562//5
f 11561//6 11563//6 11555//6 11553//6
f 11562//5 11554//5 11067//5 11075//5
f 11563//6 11564//6 11556//6 11555//6
f 11077//2 11069//2 11557//2 11565//2
f 11564//6 11565//6 11557//6 11556//6
f 11079//1 11566//1 11558//1 11071//1
f 11566//6 11567//6 11559//6 11558//6
f 11081//5 11073//5 11560//5 11568//5
f 11567//6 11569//6 11561//6 11559//6
f 11568//5 11560//5 11562//5 11570//5
f 11569//6 11571//6 11563//6 11561//6
f 11570//5 11562//5 11075//5 11083//5
f 11571//6 11572//6 11564//6 11563//6
f 11085//2 11077//2 11565//2 11573//2
f 11572//6 11573//6 11565//6 11564//6
f 11087//1 11574//1 11566//1 11079//1
f 11574//6 11575//6 11567//6 11566//6
f 11089//5 11081//5 11568//5 11576//5
f 11575//6 11577//6 11569//6 11567//6
f 11576//5 11568//5 11570//5 11578//5
f 11577//6 11579//6 11571//6 11569//6
f 11578//5 11570//5 11083//5 11091//5
f 11579//6 11580//6 11572//6 11571//6
f 11093//2 11085//2 11573//2 11581//2
f 11580//6 11581//6 11573//6 11572//6
f 11095//1 11582//1 11574//1 11087//1
f 11582//6 11583//6 11575//6 11574//6
f 11097//5 11089//5 11576//5 11584//5
f 11583//6 11585//6 11577//6 11575//6
f 11584//5 11576//5 11578//5 11586//5
f 11585//6 11587//6 11579//6 11577//6
f 11586//5 11578//5 11091//5 11099//5
f 11587//6 11588//6 11580//6 11579//6
f 11101//2 11093//2 11581//2 11589//2
f 11588//6 11589//6 11581//6 11580//6
f 11103//1 11590//1 11582//1 11095//1
f 11590//6 11591//6 11583//6 11582//6
f 11105//5 11097//5 11584//5 11592//5
f 11591//6 11593//6 11585//6 11583//6
f 11592//5 11584//5 11586//5 11594//5
f 11593//6 11595//6 11587//6 11585//6
f 11594//5 11586//5 11099//5 11107//5
f 11595//6 11596//6 11588//6 11587//6
f 11109//2 11101//2 11589//2 11597//2
f 11596//6 11597//6 11589//6 11588//6
f 11119//1 11606//1 11598//1 11111//1
f 11606//6 11607//6 11599//6 11598//6
f 11121//5 11113//5 11600//5 11608//5
f 11607//6 11609//6 11601//6 11599//6
f 11608//5 11600//5 11602//5 11610//5
f 11609//6 11611//6 11603//6 11601//6
f 11610//5 11602//5 11115//5 11123//5
f 11611//6 11612//6 11604//6 11603//6
f 11125//2 11117//2 11605//2 11613//2
f 11612//6 11613//6 11605//6 11604//6
f 11127//1 11614//1 11606//1 11119//1
f 11614//6 11615//6 11607//6 11606//6
f 11129//5 11121//5 11608//5 11616//5
f 11615//6 11617//6 11609//6 11607//6
f 11616//5 11608//5 11610//5 11618//5
f 11617//6 11619//6 11611//6 11609//6
f 11618//5 11610//5 11123//5 11131//5
f 11619//6 11620//6 11612//6 11611//6
f 11133//2 11125//2 11613//2 11621//2
f 11620//6 11621//6 11613//6 11612//6
f 11135//1 11622//1 11614//1 11127//1
f 11622//6 11623//6 11615//6 11614//6
f 11137//5 11129//5 11616//5 11624//5
f 11623//6 11625//6 11617//6 11615//6
f 11624//5 11616//5 11618//5 11626//5
f 11625//6 11627//6 11619//6 11617//6
f 11626//5 11618//5 11131//5 11139//5
f 11627//6 11628//6 11620//6 11619//6
f 11141//2 11133//2 11621//2 11629//2
f 11628//6 11629//6 11621//6 11620//6
f 11143//1 11630//1 11622//1 11135//1
f 11630//6 11631//6 11623//6 11622//6
f 11145//5 11137//5 11624//5 11632//5
f 11631//6 11633//6 11625//6 11623//6
f 11632//5 11624//5 11626//5 11634//5
f 11633//6 11635//6 11627//6 11625//6
f 11634//5 11626//5 11139//5 11147//5
f 11635//6 11636//6 11628//6 11627//6
f 11149//2 11141//2 11629//2 11637//2
f 11636//6 11637//6 11629//6 11628//6
f 11151//1 11638//1 11630//1 11143//1
f 11638//6 11639//6 11631//6 11630//6
f 11153//5 11145//5 11632//5 11640//5
f 11639//6 11641//6 11633//6 11631//6
f 11640//5 11632//5 11634//5 11642//5
f 11641//6 11643//6 11635//6 11633//6
f 11642//5 11634//5 11147//5 11155//5
f 11643//6 11644//6 11636//6 11635//6
f 11157//2 11149//2 11637//2 11645//2
f 11644//6 11645//6 11637//6 11636//6
f 11189//1 11676//1 11638//1 11151//1
f 11676//6 11677//6 11639//6 11638//6
f 11191//5 11153//5 11640//5 11678//5
f 11677//6 11679//6 11641//6 11639//6
f 11678//5 11640//5 11642//5 11680//5
f 11679//6 11681//6 11643//6 11641//6
f 11680//5 11642//5 11155//5 11193//5
f 11681//6 11682//6 11644//6 11643//6
f 11195//2 11157//2 11645//2 11683//2
f 11682//6 11683//6 11645//6 11644//6
f 11197//1 11684//1 11676//1 11189//1
f 11684//6 11685//6 11677//6 11676//6
f 11199//5 11191//5 11678//5 11686//5
f 11685//6 11687//6 11679//6 11677//6
f 11686//5 11678//5 11680//5 11688//5
f 11687//6 11689//6 11681//6 11679//6
f 11688//5 11680//5 11193//5 11201//5
f 11689//6 11690//6 11682//6 11681//6
f 11203//2 11195//2 11683//2 11691//2
f 11690//6 11691//6 11683//6 11682//6
f 11205//1 11692//1 11684//1 11197//1
f 11692//6 11693//6 11685//6 11684//6
f 11206//5 11199//5 11686//5 11308//5
f 11693//6 11694//6 11687//6 11685//6
f 11308//5 11686//5 11688//5 11310//5
f 11694//6 11695//6 11689//6 11687//6
f 11310//5 11688//5 11201//5 11207//5
f 11695//6 11696//6 11690//6 11689//6
f 11209//2 11203//2 11691//2 11697//2
f 11696//6 11697//6 11691//6 11690//6
f 13268//2 13269//2 13270//2 13271//2
f 13262//4 13263//4 13270//4 13269//4
f 13266//5 13262//5 13269//5 13268//5
f 13267//6 13271//6 13270//6 13263//6
f 13276//2 13268//2 13271//2 13277//2
f 13274//5 13266//5 13268//5 13276//5
f 13275//6 13277//6 13271//6 13267//6
f 13284//5 13274//5 13276//5 13286//5
f 13285//6 13287//6 13277//6 13275//6
f 13288//2 13289//2 13290//2 13291//2
f 13276//4 13277//4 13290//4 13289//4
f 13286//5 13276//5 13289//5 13288//5
f 13287//6 13291//6 13290//6 13277//6
f 13296//5 13284//5 13286//5 13298//5
f 13297//6 13299//6 13287//6 13285//6
f 13300//2 13288//2 13291//2 13301//2
f 13298//5 13286//5 13288//5 13300//5
f 13299//6 13301//6 13291//6 13287//6
f 13310//5 13296//5 13298//5 13312//5
f 13311//6 13313//6 13299//6 13297//6
f 13312//5 13298//5 13300//5 13314//5
f 13313//6 13315//6 13301//6 13299//6
f 13316//2 13317//2 13318//2 13319//2
f 13300//4 13301//4 13318//4 13317//4
f 13314//5 13300//5 13317//5 13316//5
f 13315//6 13319//6 13318//6 13301//6
f 13326//5 13310//5 13312//5 13328//5
f 13327//6 13329//6 13313//6 13311//6
f 13328//5 13312//5 13314//5 13330//5
f 13329//6 13331//6 13315//6 13313//6
f 13330//5 13314//5 13316//5 13332//5
f 13331//6 13333//6 13319//6 13315//6
f 13334//2 13335//2 13336//2 13337//2
f 13316//4 13319//4 13336//4 13335//4
f 13332//5 13316//5 13335//5 13334//5
f 13333//6 13337//6 13336//6 13319//6
f 13348//5 13326//5 13328//5 13350//5
f 13349//6 13351//6 13329//6 13327//6
f 13350//5 13328//5 13330//5 13352//5
f 13351//6 13353//6 13331//6 13329//6
f 13352//5 13330//5 13332//5 13354//5
f 13353//6 13355//6 13333//6 13331//6
f 13356//2 13334//2 13337//2 13357//2
f 13354//5 13332//5 13334//5 13356//5
f 13355//6 13357//6 13337//6 13333//6
f 13366//5 13348//5 13350//5 13368//5
f 13367//6 13369//6 13351//6 13349//6
f 13368//5 13350//5 13352//5 13370//5
f 13369//6 13371//6 13353//6 13351//6
f 13370//5 13352//5 13354//5 13372//5
f 13371//6 13373//6 13355//6 13353//6
f 13372//5 13354//5 13356//5 13374//5
f 13373//6 13375//6 13357//6 13355//6
f 13376//2 13377//2 13378//2 13379//2
f 13356//4 13357//4 13378//4 13377//4
f 13374//5 13356//5 13377//5 13376//5
f 13375//6 13379//6 13378//6 13357//6
f 13392//5 13366//5 13368//5 13394//5
f 13393//6 13395//6 13369//6 13367//6
f 13394//5 13368//5 13370//5 13396//5
f 13395//6 13397//6 13371//6 13369//6
f 13396//5 13370//5 13372//5 13398//5
f 13397//6 13399//6 13373//6 13371//6
f 13398//5 13372//5 13374//5 13400//5
f 13399//6 13401//6 13375//6 13373//6
f 13400//5 13374//5 13376//5 13402//5
f 13401//6 13403//6 13379//6 13375//6
f 13404//2 13405//2 13406//2 13407//2
f 13376//4 13379//4 13406//4 13405//4
f 13402//5 13376//5 13405//5 13404//5
f 13403//6 13407//6 13406//6 13379//6
f 13422//5 13392//5 13394//5 13424//5
f 13423//6 13425//6 13395//6 13393//6
f 13424//5 13394//5 13396//5 13426//5
f 13425//6 13427//6 13397//6 13395//6
f 13426//5 13396//5 13398//5 13428//5
f 13427//6 13429//6 13399//6 13397//6
f 13428//5 13398//5 13400//5 13430//5
f 13429//6 13431//6 13401//6 13399//6
f 13430//5 13400//5 13402//5 13432//5
f 13431//6 13433//6 13403//6 13401//6
f 13434//2 13404//2 13407//2 13435//2
f 13432//5 13402//5 13404//5 13434//5
f 13433//6 13435//6 13407//6 13403//6
f 13448//5 13422//5 13424//5 13450//5
f 13449//6 13451//6 13425//6 13423//6
f 13450//5 13424//5 13426//5 13452//5
f 13451//6 13453//6 13427//6 13425//6
f 13452//5 13426//5 13428//5 13454//5
f 13453//6 13455//6 13429//6 13427//6
f 13454//5 13428//5 13430//5 13456//5
f 13455//6 13457//6 13431//6 13429//6
f 13456//5 13430//5 13432//5 13458//5
f 13457//6 13459//6 13433//6 13431//6
f 13458//5 13432//5 13434//5 13460//5
f 13459//6 13461//6 13435//6 13433//6
f 13462//2 13463//2 13464//2 13465//2
f 13434//4 13435//4 13464//4 13463//4
f 13460//5 13434//5 13463//5 13462//5
f 13461//6 13465//6 13464//6 13435//6
f 13482//5 13448//5 13450//5 13484//5
f 13483//6 13485//6 13451//6 13449//6
f 13484//5 13450//5 13452//5 13486//5
f 13485//6 13487//6 13453//6 13451//6
f 13486//5 13452//5 13454//5 13488//5
f 13487//6 13489//6 13455//6 13453//6
f 13488//5 13454//5 13456//5 13490//5
f 13489//6 13491//6 13457//6 13455//6
f 13490//5 13456//5 13458//5 13492//5
f 13491//6 13493//6 13459//6 13457//6
f 13492//5 13458//5 13460//5 13494//5
f 13493//6 13495//6 13461//6 13459//6
f 13496//2 13462//2 13465//2 13497//2
f 13494//5 13460//5 13462//5 13496//5
f 13495//6 13497//6 13465//6 13461//6
f 13512//5 13482//5 13484//5 13514//5
f 13513//6 13515//6 13485//6 13483//6
f 13514//5 13484//5 13486//5 13516//5
f 13515//6 13517//6 13487//6 13485//6
f 13516//5 13486//5 13488//5 13518//5
f 13517//6 13519//6 13489//6 13487//6
f 13518//5 13488//5 13490//5 13520//5
f 13519//6 13521//6 13491//6 13489//6
f 13520//5 13490//5 13492//5 13522//5
f 13521//6 13523//6 13493//6 13491//6
f 13522//5 13492//5 13494//5 13524//5
f 13523//6 13525//6 13495//6 13493//6
f 13524//5 13494//5 13496//5 13526//5
f 13525//6 13527//6 13497//6 13495//6
f 13528//2 13529//2 13530//2 13531//2
f 13496//4 13497//4 13530//4 13529//4
f 13526//5 13496//5 13529//5 13528//5
f 13527//6 13531//6 13530//6 13497//6
f 13550//5 13512//5 13514//5 13552//5
f 13551//6 13553//6 13515//6 13513//6
f 13552//5 13514//5 13516//5 13554//5
f 13553//6 13555//6 13517//6 13515//6
f 13554//5 13516//5 13518//5 13556//5
f 13555//6 13557//6 13519//6 13517//6
f 13556//5 13518//5 13520//5 13558//5
f 13557//6 13559//6 13521//6 13519//6
f 13558//5 13520//5 13522//5 13560//5
f 13559//6 13561//6 13523//6 13521//6
f 13560//5 13522//5 13524//5 13562//5
f 13561//6 13563//6 13525//6 13523//6
f 13562//5 13524//5 13526//5 13564//5
f 13563//6 13565//6 13527//6 13525//6
f 13564//5 13526//5 13528//5 13566//5
f 13565//6 13567//6 13531//6 13527//6
f 13568//2 13569//2 13570//2 13571//2
f 13528//4 13531//4 13570//4 13569//4
f 13566//5 13528//5 13569//5 13568//5
f 13567//6 13571//6 13570//6 13531//6
f 13588//5 13550//5 13552//5 13590//5
f 13589//6 13591//6 13553//6 13551//6
f 13590//5 13552//5 13554//5 13592//5
f 13591//6 13593//6 13555//6 13553//6
f 13592//5 13554//5 13556//5 13594//5
f 13593//6 13595//6 13557//6 13555//6
f 13594//5 13556//5 13558//5 13596//5
f 13595//6 13597//6 13559//6 13557//6
f 13596//5 13558//5 13560//5 13598//5
f 13597//6 13599//6 13561//6 13559//6
f 13598//5 13560//5 13562//5 13600//5
f 13599//6 13601//6 13563//6 13561//6
f 13600//5 13562//5 13564//5 13602//5
f 13601//6 13603//6 13565//6 13563//6
f 13602//5 13564//5 13566//5 13604//5
f 13603//6 13605//6 13567//6 13565//6
f 13606//2 13568//2 13571//2 13607//2
f 13604//5 13566//5 13568//5 13606//5
f 13605//6 13607//6 13571//6 13567//6
f 13628//5 13588//5 13590//5 13630//5
f 13629//6 13631//6 13591//6 13589//6
f 13630//5 13590//5 13592//5 13632//5
f 13631//6 13633//6 13593//6 13591//6
f 13632//5 13592//5 13594//5 13634//5
f 13633//6 13635//6 13595//6 13593//6
f 13634//5 13594//5 13596//5 13636//5
f 13635//6 13637//6 13597//6 13595//6
f 13636//5 13596//5 13598//5 13638//5
f 13637//6 13639//6 13599//6 13597//6
f 13638//5 13598//5 13600//5 13640//5
f 13639//6 13641//6 13601//6 13599//6
f 13640//5 13600//5 13602//5 13642//5
f 13641//6 13643//6 13603//6 13601//6
f 13642//5 13602//5 13604//5 13644//5
f 13643//6 13645//6 13605//6 13603//6
f 13644//5 13604//5 13606//5 13646//5
f 13645//6 13647//6 13607//6 13605//6
f 13648//2 13649//2 13650//2 13651//2
f 13606//4 13607//4 13650//4 13649//4
f 13646//5 13606//5 13649//5 13648//5
f 13647//6 13651//6 13650//6 13607//6
f 13674//5 13628//5 13630//5 13676//5
f 13675//6 13677//6 13631//6 13629//6
f 13676//5 13630//5 13632//5 13678//5
f 13677//6 13679//6 13633//6 13631//6
f 13678//5 13632//5 13634//5 13680//5
f 13679//6 13681//6 13635//6 13633//6
f 13680//5 13634//5 13636//5 13682//5
f 13681//6 13683//6 13637//6 13635//6
f 13682//5 13636//5 13638//5 13684//5
f 13683//6 13685//6 13639//6 13637//6
f 13684//5 13638//5 13640//5 13686//5
f 13685//6 13687//6 13641//6 13639//6
f 13686//5 13640//5 13642//5 13688//5
f 13687//6 13689//6 13643//6 13641//6
f 13688//5 13642//5 13644//5 13690//5
f 13689//6 13691//6 13645//6 13643//6
f 13690//5 13644//5 13646//5 13692//5
f 13691//6 13693//6 13647//6 13645//6
f 13692//5 13646//5 13648//5 13694//5
f 13693//6 13695//6 13651//6 13647//6
f 13696//2 13697//2 13698//2 13699//2
f 13648//4 13651//4 13698//4 13697//4
f 13694//5 13648//5 13697//5 13696//5
f 13695//6 13699//6 13698//6 13651//6
f 13702//5 13674//5 13676//5 13704//5
f 13703//6 13705//6 13677//6 13675//6
f 13704//5 13676//5 13678//5 13706//5
f 13705//6 13707//6 13679//6 13677//6
f 13706//5 13678//5 13680//5 13708//5
f 13707//6 13709//6 13681//6 13679//6
f 13708//5 13680//5 13682//5 13710//5
f 13709//6 13711//6 13683//6 13681//6
f 13710//5 13682//5 13684//5 13712//5
f 13711//6 13713//6 13685//6 13683//6
f 13712//5 13684//5 13686//5 13714//5
f 13713//6 13715//6 13687//6 13685//6
f 13714//5 13686//5 13688//5 13716//5
f 13715//6 13717//6 13689//6 13687//6
f 13716//5 13688//5 13690//5 13718//5
f 13717//6 13719//6 13691//6 13689//6
f 13718//5 13690//5 13692//5 13720//5
f 13719//6 13721//6 13693//6 13691//6
f 13720//5 13692//5 13694//5 13722//5
f 13721//6 13723//6 13695//6 13693//6
f 13724//2 13696//2 13699//2 13725//2
f 13722//5 13694//5 13696//5 13724//5
f 13723//6 13725//6 13699//6 13695//6
f 13728//5 13702//5 13704//5 13730//5
f 13729//6 13731//6 13705//6 13703//6
f 13730//5 13704//5 13706//5 13732//5
f 13731//6 13733//6 13707//6 13705//6
f 13732//5 13706//5 13708//5 13734//5
f 13733//6 13735//6 13709//6 13707//6
f 13734//5 13708//5 13710//5 13736//5
f 13735//6 13737//6 13711//6 13709//6
f 13736//5 13710//5 13712//5 13738//5
f 13737//6 13739//6 13713//6 13711//6
f 13738//5 13712//5 13714//5 13740//5
f 13739//6 13741//6 13715//6 13713//6
f 13740//5 13714//5 13716//5 13742//5
f 13741//6 13743//6 13717//6 13715//6
f 13742//5 13716//5 13718//5 13744//5
f 13743//6 13745//6 13719//6 13717//6
f 13744//5 13718//5 13720//5 13746//5
f 13745//6 13747//6 13721//6 13719//6
f 13746//5 13720//5 13722//5 13748//5
f 13747//6 13749//6 13723//6 13721//6
f 13748//5 13722//5 13724//5 13750//5
f 13749//6 13751//6 13725//6 13723//6
f 13752//2 13753//2 13754//2 13755//2
f 13724//4 13725//4 13754//4 13753//4
f 13750//5 13724//5 13753//5 13752//5
f 13751//6 13755//6 13754//6 13725//6
f 15476//2 15477//2 15478//2 15479//2
f 15470//4 15471//4 15478//4 15477//4
f 15474//5 15470//5 15477//5 15476//5
f 15475//6 15479//6 15478//6 15471//6
f 15484//2 15476//2 15479//2 15485//2
f 15482//5 15474//5 15476//5 15484//5
f 15483//6 15485//6 15479//6 15475//6
f 15492//5 15482//5 15484//5 15494//5
f 15493//6 15495//6 15485//6 15483//6
f 15496//2 15497//2 15498//2 15499//2
f 15484//4 15485//4 15498//4 15497//4
f 15494//5 15484//5 15497//5 15496//5
f 15495//6 15499//6 15498//6 15485//6
f 15508//5 15492//5 15494//5 15510//5
f 15509//6 15511//6 15495//6 15493//6
f 15510//5 15494//5 15496//5 15512//5
f 15511//6 15513//6 15499//6 15495//6
f 15514//2 15515//2 15516//2 15517//2
f 15496//4 15499//4 15516//4 15515//4
f 15512//5 15496//5 15515//5 15514//5
f 15513//6 15517//6 15516//6 15499//6
f 15528//5 15508//5 15510//5 15530//5
f 15529//6 15531//6 15511//6 15509//6
f 15530//5 15510//5 15512//5 15532//5
f 15531//6 15533//6 15513//6 15511//6
f 15532//5 15512//5 15514//5 15534//5
f 15533//6 15535//6 15517//6 15513//6
f 15536//2 15537//2 15538//2 15539//2
f 15514//4 15517//4 15538//4 15537//4
f 15534//5 15514//5 15537//5 15536//5
f 15535//6 15539//6 15538//6 15517//6
f 15552//5 15528//5 15530//5 15554//5
f 15553//6 15555//6 15531//6 15529//6
f 15554//5 15530//5 15532//5 15556//5
f 15555//6 15557//6 15533//6 15531//6
f 15556//5 15532//5 15534//5 15558//5
f 15557//6 15559//6 15535//6 15533//6
f 15558//5 15534//5 15536//5 15560//5
f 15559//6 15561//6 15539//6 15535//6
f 15562//2 15563//2 15564//2 15565//2
f 15536//4 15539//4 15564//4 15563//4
f 15560//5 15536//5 15563//5 15562//5
f 15561//6 15565//6 15564//6 15539//6
f 15584//5 15552//5 15554//5 15586//5
f 15585//6 15587//6 15555//6 15553//6
f 15586//5 15554//5 15556//5 15588//5
f 15587//6 15589//6 15557//6 15555//6
f 15588//5 15556//5 15558//5 15590//5
f 15589//6 15591//6 15559//6 15557//6
f 15590//5 15558//5 15560//5 15592//5
f 15591//6 15593//6 15561//6 15559//6
f 15592//5 15560//5 15562//5 15594//5
f 15593//6 15595//6 15565//6 15561//6
f 15596//2 15597//2 15598//2 15599//2
f 15562//4 15565//4 15598//4 15597//4
f 15594//5 15562//5 15597//5 15596//5
f 15595//6 15599//6 15598//6 15565//6
f 15602//5 15584//5 15586//5 15604//5
f 15603//6 15605//6 15587//6 15585//6
f 15604//5 15586//5 15588//5 15606//5
f 15605//6 15607//6 15589//6 15587//6
f 15606//5 15588//5 15590//5 15608//5
f 15607//6 15609//6 15591//6 15589//6
f 15608//5 15590//5 15592//5 15610//5
f 15609//6 15611//6 15593//6 15591//6
f 15610//5 15592//5 15594//5 15612//5
f 15611//6 15613//6 15595//6 15593//6
f 15612//5 15594//5 15596//5 15614//5
f 15613//6 15615//6 15599//6 15595//6
f 15616//2 15617//2 15618//2 15619//2
f 15596//4 15599//4 15618//4 15617//4
f 15614//5 15596//5 15617//5 15616//5
f 15615//6 15619//6 15618//6 15599//6
f 15622//5 15602//5 15604//5 15624//5
f 15623//6 15625//6 15605//6 15603//6
f 15624//5 15604//5 15606//5 15626//5
f 15625//6 15627//6 15607//6 15605//6
f 15626//5 15606//5 15608//5 15628//5
f 15627//6 15629//6 15609//6 15607//6
f 15628//5 15608//5 15610//5 15630//5
f 15629//6 15631//6 15611//6 15609//6
f 15630//5 15610//5 15612//5 15632//5
f 15631//6 15633//6 15613//6 15611//6
f 15632//5 15612//5 15614//5 15634//5
f 15633//6 15635//6 15615//6 15613//6
f 15634//5 15614//5 15616//5 15636//5
f 15635//6 15637//6 15619//6 15615//6
f 15638//2 15639//2 15640//2 15641//2
f 15616//4 15619//4 15640//4 15639//4
f 15636//5 15616//5 15639//5 15638//5
f 15637//6 15641//6 15640//6 15619//6
