# Rook occupied-cell surface mesh
# Sky island village
# One cell is one unit. Y points up; Z follows the 3md slice index.
o sculpture
v -25 -9 -27
v -25 -9 -26
v -25 -8 -26
v -25 -8 -27
v -24 -9 -27
v -24 -8 -27
v -24 -8 -26
v -24 -9 -26
v -25 -10 -27
v -25 -10 -26
v -24 -10 -27
v -24 -10 -26
v -28 -9 -26
v -28 -9 -25
v -28 -8 -25
v -28 -8 -26
v -27 -8 -25
v -27 -8 -26
v -27 -9 -26
v -26 -8 -25
v -26 -8 -26
v -26 -9 -26
v -25 -8 -25
v -24 -8 -25
v -23 -8 -25
v -23 -8 -26
v -23 -9 -26
v -22 -8 -25
v -22 -8 -26
v -22 -9 -26
v -21 -9 -26
v -21 -8 -26
v -21 -8 -25
v -21 -9 -25
v -28 -10 -26
v -28 -10 -25
v -27 -10 -26
v -27 -10 -25
v -26 -10 -26
v -23 -10 -26
v -22 -10 -26
v -21 -10 -26
v -21 -10 -25
v -22 -10 -25
v -27 -11 -26
v -27 -11 -25
v -26 -11 -26
v -26 -11 -25
v -25 -11 -26
v -25 -11 -25
v -25 -10 -25
v -26 -10 -25
v -24 -11 -26
v -24 -11 -25
v -24 -10 -25
v -23 -11 -26
v -23 -11 -25
v -23 -10 -25
v -22 -11 -26
v -22 -11 -25
v 23 -12 -26
v 23 -12 -25
v 23 -11 -25
v 23 -11 -26
v 24 -12 -26
v 24 -11 -26
v 24 -11 -25
v 24 -12 -25
v 23 -13 -26
v 23 -13 -25
v 24 -13 -26
v 24 -13 -25
v -29 -9 -25
v -29 -9 -24
v -29 -8 -24
v -29 -8 -25
v -28 -8 -24
v -27 -8 -24
v -26 -8 -24
v -25 -8 -24
v -24 -8 -24
v -23 -8 -24
v -22 -8 -24
v -21 -8 -24
v -20 -9 -25
v -20 -8 -25
v -20 -8 -24
v -20 -9 -24
v -29 -10 -25
v -29 -10 -24
v -28 -10 -24
v -27 -10 -24
v -26 -10 -24
v -26 -9 -24
v -27 -9 -24
v -25 -10 -24
v -25 -9 -24
v -24 -10 -24
v -24 -9 -24
v -23 -10 -24
v -23 -9 -24
v -22 -10 -24
v -22 -9 -24
v -20 -10 -25
v -20 -10 -24
v -21 -10 -24
v -28 -11 -25
v -28 -11 -24
v -27 -11 -24
v -26 -11 -24
v -23 -11 -24
v -22 -11 -24
v -21 -11 -25
v -21 -11 -24
v -27 -12 -25
v -27 -12 -24
v -26 -12 -25
v -26 -12 -24
v -25 -11 -24
v -25 -12 -25
v -25 -12 -24
v -24 -11 -24
v -24 -12 -25
v -24 -12 -24
v -23 -12 -25
v -23 -12 -24
v -22 -12 -25
v -22 -12 -24
v 20 -12 -25
v 20 -12 -24
v 20 -11 -24
v 20 -11 -25
v 21 -11 -24
v 21 -11 -25
v 21 -12 -25
v 22 -11 -24
v 22 -11 -25
v 22 -12 -25
v 23 -11 -24
v 24 -11 -24
v 25 -11 -24
v 25 -11 -25
v 25 -12 -25
v 26 -11 -24
v 26 -11 -25
v 26 -12 -25
v 27 -12 -25
v 27 -11 -25
v 27 -11 -24
v 27 -12 -24
v -26 -13 -25
v -26 -13 -24
v -25 -13 -25
v -25 -13 -24
v -24 -13 -25
v -24 -13 -24
v -23 -13 -25
v -23 -13 -24
v 20 -13 -25
v 20 -13 -24
v 21 -13 -25
v 21 -13 -24
v 22 -13 -25
v 25 -13 -25
v 26 -13 -25
v 27 -13 -25
v 27 -13 -24
v 26 -13 -24
v 21 -14 -25
v 21 -14 -24
v 22 -14 -25
v 22 -14 -24
v 23 -14 -25
v 23 -14 -24
v 23 -13 -24
v 22 -13 -24
v 24 -14 -25
v 24 -14 -24
v 24 -13 -24
v 25 -14 -25
v 25 -14 -24
v 25 -13 -24
v 26 -14 -25
v 26 -14 -24
v -27 -8 -23
v -27 -7 -23
v -27 -7 -24
v -26 -7 -23
v -26 -7 -24
v -25 -7 -23
v -25 -7 -24
v -24 -7 -23
v -24 -7 -24
v -23 -7 -23
v -23 -7 -24
v -22 -7 -24
v -22 -7 -23
v -22 -8 -23
v -29 -9 -23
v -29 -8 -23
v -28 -8 -23
v -26 -9 -23
v -27 -9 -23
v -25 -9 -23
v -24 -9 -23
v -23 -9 -23
v -22 -9 -23
v -21 -8 -23
v -20 -8 -23
v -20 -9 -23
v -29 -10 -23
v -27 -10 -23
v -28 -10 -23
v -28 -9 -23
v -22 -10 -23
v -21 -10 -23
v -21 -9 -23
v -20 -10 -23
v -29 -11 -24
v -29 -11 -23
v -28 -11 -23
v -21 -11 -23
v -20 -11 -24
v -20 -11 -23
v -28 -12 -24
v -28 -12 -23
v -27 -11 -23
v -27 -12 -23
v -22 -12 -23
v -22 -11 -23
v -21 -12 -24
v -21 -12 -23
v 19 -12 -24
v 19 -12 -23
v 19 -11 -23
v 19 -11 -24
v 20 -11 -23
v 21 -11 -23
v 22 -11 -23
v 23 -11 -23
v 24 -11 -23
v 25 -11 -23
v 26 -11 -23
v 27 -11 -23
v 28 -12 -24
v 28 -11 -24
v 28 -11 -23
v 28 -12 -23
v -28 -13 -24
v -28 -13 -23
v -27 -13 -24
v -27 -13 -23
v -26 -12 -23
v -26 -13 -23
v -23 -13 -23
v -23 -12 -23
v -22 -13 -24
v -22 -13 -23
v -21 -13 -24
v -21 -13 -23
v 19 -13 -24
v 19 -13 -23
v 21 -13 -23
v 22 -13 -23
v 22 -12 -23
v 21 -12 -23
v 23 -13 -23
v 23 -12 -23
v 24 -13 -23
v 24 -12 -23
v 25 -13 -23
v 25 -12 -23
v 26 -13 -23
v 26 -12 -23
v 28 -13 -24
v 28 -13 -23
v -27 -14 -24
v -27 -14 -23
v -26 -14 -24
v -26 -14 -23
v -25 -13 -23
v -25 -14 -24
v -25 -14 -23
v -24 -13 -23
v -24 -14 -24
v -24 -14 -23
v -23 -14 -24
v -23 -14 -23
v -22 -14 -24
v -22 -14 -23
v 19 -14 -24
v 19 -14 -23
v 20 -14 -24
v 20 -14 -23
v 21 -14 -23
v 20 -13 -23
v 22 -14 -23
v 25 -14 -23
v 26 -14 -23
v 27 -14 -24
v 27 -14 -23
v 27 -13 -23
v 28 -14 -24
v 28 -14 -23
v -26 -15 -24
v -26 -15 -23
v -25 -15 -24
v -25 -15 -23
v -24 -15 -24
v -24 -15 -23
v -23 -15 -24
v -23 -15 -23
v 20 -15 -24
v 20 -15 -23
v 21 -15 -24
v 21 -15 -23
v 22 -15 -24
v 22 -15 -23
v 23 -14 -23
v 23 -15 -24
v 23 -15 -23
v 24 -14 -23
v 24 -15 -24
v 24 -15 -23
v 25 -15 -24
v 25 -15 -23
v 26 -15 -24
v 26 -15 -23
v 27 -15 -24
v 27 -15 -23
v 22 -16 -24
v 22 -16 -23
v 23 -16 -24
v 23 -16 -23
v 24 -16 -24
v 24 -16 -23
v 25 -16 -24
v 25 -16 -23
v -28 -8 -22
v -28 -7 -22
v -28 -7 -23
v -27 -7 -22
v -26 -7 -22
v -25 -7 -22
v -24 -7 -22
v -23 -7 -22
v -22 -7 -22
v -21 -7 -23
v -21 -7 -22
v -21 -8 -22
v -30 -9 -23
v -30 -9 -22
v -30 -8 -22
v -30 -8 -23
v -29 -8 -22
v -27 -9 -22
v -28 -9 -22
v -26 -9 -22
v -25 -9 -22
v -25 -8 -22
v -26 -8 -22
v -24 -9 -22
v -24 -8 -22
v -23 -9 -22
v -23 -8 -22
v -22 -9 -22
v -21 -9 -22
v -20 -8 -22
v -19 -9 -23
v -19 -8 -23
v -19 -8 -22
v -19 -9 -22
v -30 -10 -23
v -30 -10 -22
v -29 -10 -22
v -28 -10 -22
v -21 -10 -22
v -19 -10 -23
v -19 -10 -22
v -20 -10 -22
v -29 -11 -22
v -28 -11 -22
v -21 -11 -22
v -20 -11 -22
v 21 -11 -22
v 21 -10 -22
v 21 -10 -23
v 22 -10 -22
v 22 -10 -23
v 23 -10 -22
v 23 -10 -23
v 24 -10 -22
v 24 -10 -23
v 25 -10 -22
v 25 -10 -23
v 26 -10 -23
v 26 -10 -22
v 26 -11 -22
v -29 -12 -23
v -29 -12 -22
v -28 -12 -22
v -21 -12 -22
v -20 -12 -23
v -20 -12 -22
v 18 -12 -23
v 18 -12 -22
v 18 -11 -22
v 18 -11 -23
v 19 -11 -22
v 20 -11 -22
v 22 -12 -22
v 21 -12 -22
v 23 -12 -22
v 24 -12 -22
v 25 -12 -22
v 26 -12 -22
v 27 -11 -22
v 28 -11 -22
v 29 -12 -23
v 29 -11 -23
v 29 -11 -22
v 29 -12 -22
v -28 -13 -22
v -27 -12 -22
v -27 -13 -22
v -22 -13 -22
v -22 -12 -22
v -21 -13 -22
v 18 -13 -23
v 18 -13 -22
v 21 -13 -22
v 20 -13 -22
v 20 -12 -22
v 26 -13 -22
v 27 -13 -22
v 27 -12 -22
v 29 -13 -23
v 29 -13 -22
v -28 -14 -23
v -28 -14 -22
v -27 -14 -22
v -26 -13 -22
v -26 -14 -22
v -23 -14 -22
v -23 -13 -22
v -22 -14 -22
v -21 -14 -23
v -21 -14 -22
v 18 -14 -23
v 18 -14 -22
v 19 -14 -22
v 20 -14 -22
v 19 -13 -22
v 27 -14 -22
v 28 -14 -22
v 28 -13 -22
v 29 -14 -23
v 29 -14 -22
v -27 -15 -23
v -27 -15 -22
v -26 -15 -22
v -25 -14 -22
v -25 -15 -22
v -24 -14 -22
v -24 -15 -22
v -23 -15 -22
v -22 -15 -23
v -22 -15 -22
v 19 -15 -23
v 19 -15 -22
v 20 -15 -22
v 21 -14 -22
v 21 -15 -22
v 26 -15 -22
v 26 -14 -22
v 27 -15 -22
v 28 -15 -23
v 28 -15 -22
v -26 -16 -23
v -26 -16 -22
v -25 -16 -23
v -25 -16 -22
v -24 -16 -23
v -24 -16 -22
v -23 -16 -23
v -23 -16 -22
v 20 -16 -23
v 20 -16 -22
v 21 -16 -23
v 21 -16 -22
v 22 -15 -22
v 22 -16 -22
v 23 -15 -22
v 23 -16 -22
v 24 -15 -22
v 24 -16 -22
v 25 -15 -22
v 25 -16 -22
v 26 -16 -23
v 26 -16 -22
v 27 -16 -23
v 27 -16 -22
v 21 -17 -23
v 21 -17 -22
v 22 -17 -23
v 22 -17 -22
v 23 -17 -23
v 23 -17 -22
v 24 -17 -23
v 24 -17 -22
v 25 -17 -23
v 25 -17 -22
v 26 -17 -23
v 26 -17 -22
v -26 -7 -21
v -26 -6 -21
v -26 -6 -22
v -25 -6 -21
v -25 -6 -22
v -24 -6 -21
v -24 -6 -22
v -23 -6 -22
v -23 -6 -21
v -23 -7 -21
v -28 -8 -21
v -28 -7 -21
v -27 -7 -21
v -25 -8 -21
v -26 -8 -21
v -24 -8 -21
v -23 -8 -21
v -22 -7 -21
v -21 -7 -21
v -21 -8 -21
v -30 -9 -21
v -30 -8 -21
v -29 -8 -21
v -27 -9 -21
v -28 -9 -21
v -26 -9 -21
v -23 -9 -21
v -22 -9 -21
v -21 -9 -21
v -20 -8 -21
v -19 -8 -21
v -19 -9 -21
v -30 -10 -21
v -28 -10 -21
v -29 -10 -21
v -21 -10 -21
v -20 -10 -21
v -19 -10 -21
v -30 -11 -22
v -30 -11 -21
v -29 -11 -21
v -20 -11 -21
v -19 -11 -22
v -19 -11 -21
v 20 -11 -21
v 20 -10 -21
v 20 -10 -22
v 21 -10 -21
v 22 -10 -21
v 23 -10 -21
v 24 -10 -21
v 25 -10 -21
v 26 -10 -21
v 27 -10 -22
v 27 -10 -21
v 27 -11 -21
v -29 -12 -21
v -28 -11 -21
v -28 -12 -21
v -21 -12 -21
v -21 -11 -21
v -20 -12 -21
v 17 -12 -22
v 17 -12 -21
v 17 -11 -21
v 17 -11 -22
v 18 -11 -21
v 19 -11 -21
v 21 -12 -21
v 20 -12 -21
v 22 -12 -21
v 23 -12 -21
v 23 -11 -21
v 22 -11 -21
v 24 -12 -21
v 24 -11 -21
v 25 -12 -21
v 25 -11 -21
v 26 -12 -21
v 27 -12 -21
v 28 -11 -21
v 29 -11 -21
v 30 -12 -22
v 30 -11 -22
v 30 -11 -21
v 30 -12 -21
v -29 -13 -22
v -29 -13 -21
v -28 -13 -21
v -21 -13 -21
v -20 -13 -22
v -20 -13 -21
v 17 -13 -22
v 17 -13 -21
v 18 -13 -21
v 20 -13 -21
v 19 -13 -21
v 19 -12 -21
v 27 -13 -21
v 28 -13 -21
v 28 -12 -21
v 30 -13 -22
v 30 -13 -21
v 29 -13 -21
v -28 -14 -21
v -27 -13 -21
v -27 -14 -21
v -22 -14 -21
v -22 -13 -21
v -21 -14 -21
v 18 -14 -21
v 19 -14 -21
v 28 -14 -21
v 29 -14 -21
v -28 -15 -22
v -28 -15 -21
v -27 -15 -21
v -26 -14 -21
v -26 -15 -21
v -23 -15 -21
v -23 -14 -21
v -22 -15 -21
v -21 -15 -22
v -21 -15 -21
v 18 -15 -22
v 18 -15 -21
v 19 -15 -21
v 20 -14 -21
v 20 -15 -21
v 27 -15 -21
v 27 -14 -21
v 28 -15 -21
v 29 -15 -22
v 29 -15 -21
v -27 -16 -22
v -27 -16 -21
v -26 -16 -21
v -25 -15 -21
v -25 -16 -21
v -24 -15 -21
v -24 -16 -21
v -23 -16 -21
v -22 -16 -22
v -22 -16 -21
v 19 -16 -22
v 19 -16 -21
v 20 -16 -21
v 21 -15 -21
v 21 -16 -21
v 26 -16 -21
v 26 -15 -21
v 27 -16 -21
v 28 -16 -22
v 28 -16 -21
v -26 -17 -22
v -26 -17 -21
v -25 -17 -22
v -25 -17 -21
v -24 -17 -22
v -24 -17 -21
v -23 -17 -22
v -23 -17 -21
v 20 -17 -22
v 20 -17 -21
v 21 -17 -21
v 22 -16 -21
v 22 -17 -21
v 23 -16 -21
v 23 -17 -21
v 24 -16 -21
v 24 -17 -21
v 25 -16 -21
v 25 -17 -21
v 26 -17 -21
v 27 -17 -22
v 27 -17 -21
v 21 -18 -22
v 21 -18 -21
v 22 -18 -22
v 22 -18 -21
v 23 -18 -22
v 23 -18 -21
v 24 -18 -22
v 24 -18 -21
v 25 -18 -22
v 25 -18 -21
v 26 -18 -22
v 26 -18 -21
v -26 -7 -20
v -26 -6 -20
v -25 -6 -20
v -24 -6 -20
v -23 -6 -20
v -23 -7 -20
v -28 -8 -20
v -28 -7 -20
v -27 -7 -20
v -25 -8 -20
v -26 -8 -20
v -24 -8 -20
v -24 -7 -20
v -25 -7 -20
v -23 -8 -20
v -22 -7 -20
v -21 -7 -20
v -21 -8 -20
v -30 -9 -20
v -30 -8 -20
v -29 -8 -20
v -27 -9 -20
v -28 -9 -20
v -26 -9 -20
v -27 -8 -20
v -23 -9 -20
v -22 -9 -20
v -22 -8 -20
v -21 -9 -20
v -20 -8 -20
v -19 -8 -20
v -19 -9 -20
v -30 -10 -20
v -28 -10 -20
v -29 -10 -20
v -29 -9 -20
v -21 -10 -20
v -20 -10 -20
v -20 -9 -20
v -19 -10 -20
v 22 -10 -20
v 22 -9 -20
v 22 -9 -21
v 23 -9 -20
v 23 -9 -21
v 24 -9 -20
v 24 -9 -21
v 25 -9 -21
v 25 -9 -20
v 25 -10 -20
v -30 -11 -20
v -29 -11 -20
v -20 -11 -20
v -19 -11 -20
v 19 -11 -20
v 19 -10 -20
v 19 -10 -21
v 20 -10 -20
v 21 -10 -20
v 23 -11 -20
v 22 -11 -20
v 24 -11 -20
v 25 -11 -20
v 26 -10 -20
v 27 -10 -20
v 28 -10 -21
v 28 -10 -20
v 28 -11 -20
v -30 -12 -21
v -30 -12 -20
v -29 -12 -20
v -20 -12 -20
v -19 -12 -21
v -19 -12 -20
v 17 -12 -20
v 17 -11 -20
v 18 -11 -20
v 20 -12 -20
v 19 -12 -20
v 21 -12 -20
v 22 -12 -20
v 21 -11 -20
v 25 -12 -20
v 26 -12 -20
v 26 -11 -20
v 27 -12 -20
v 28 -12 -20
v 29 -11 -20
v 30 -11 -20
v 30 -12 -20
v -29 -13 -20
v -28 -12 -20
v -28 -13 -20
v -21 -13 -20
v -21 -12 -20
v -20 -13 -20
v 17 -13 -20
v 19 -13 -20
v 28 -13 -20
v 30 -13 -20
v -29 -14 -21
v -29 -14 -20
v -28 -14 -20
v -27 -13 -20
v -27 -14 -20
v -22 -14 -20
v -22 -13 -20
v -21 -14 -20
v -20 -14 -21
v -20 -14 -20
v 17 -14 -21
v 17 -14 -20
v 18 -14 -20
v 19 -14 -20
v 18 -13 -20
v 28 -14 -20
v 29 -14 -20
v 29 -13 -20
v 30 -14 -21
v 30 -14 -20
v -28 -15 -20
v -27 -15 -20
v -22 -15 -20
v -21 -15 -20
v 18 -15 -20
v 19 -15 -20
v 28 -15 -20
v 29 -15 -20
v -27 -16 -20
v -26 -15 -20
v -26 -16 -20
v -23 -16 -20
v -23 -15 -20
v -22 -16 -20
v 19 -16 -20
v 20 -15 -20
v 20 -16 -20
v 27 -16 -20
v 27 -15 -20
v 28 -16 -20
v -27 -17 -21
v -27 -17 -20
v -26 -17 -20
v -25 -16 -20
v -24 -16 -20
v -22 -17 -21
v -22 -17 -20
v -23 -17 -20
v 19 -17 -21
v 19 -17 -20
v 20 -17 -20
v 21 -16 -20
v 21 -17 -20
v 26 -17 -20
v 26 -16 -20
v 28 -17 -21
v 28 -17 -20
v 27 -17 -20
v -26 -18 -21
v -26 -18 -20
v -25 -18 -21
v -25 -18 -20
v -24 -18 -21
v -24 -18 -20
v -23 -18 -21
v -23 -18 -20
v 20 -18 -21
v 20 -18 -20
v 21 -18 -20
v 22 -17 -20
v 23 -17 -20
v 22 -18 -20
v 23 -18 -20
v 24 -17 -20
v 24 -18 -20
v 25 -17 -20
v 25 -18 -20
v 27 -18 -21
v 27 -18 -20
v 26 -18 -20
v 21 -19 -21
v 21 -19 -20
v 22 -19 -21
v 22 -19 -20
v 23 -19 -21
v 23 -19 -20
v 24 -19 -21
v 24 -19 -20
v 25 -19 -21
v 25 -19 -20
v 26 -19 -21
v 26 -19 -20
v -25 -6 -19
v -25 -5 -19
v -25 -5 -20
v -24 -5 -20
v -24 -5 -19
v -24 -6 -19
v -27 -7 -19
v -27 -6 -19
v -27 -6 -20
v -26 -6 -19
v -26 -7 -19
v -24 -7 -19
v -25 -7 -19
v -23 -6 -19
v -22 -6 -20
v -22 -6 -19
v -22 -7 -19
v -23 -7 -19
v -29 -8 -19
v -29 -7 -19
v -29 -7 -20
v -28 -7 -19
v -28 -8 -19
v -26 -8 -19
v -27 -8 -19
v -25 -8 -19
v -24 -8 -19
v -23 -8 -19
v -22 -8 -19
v -21 -7 -19
v -20 -7 -20
v -20 -7 -19
v -20 -8 -19
v -21 -8 -19
v -31 -9 -20
v -31 -9 -19
v -31 -8 -19
v -31 -8 -20
v -30 -8 -19
v -30 -9 -19
v -28 -9 -19
v -29 -9 -19
v -27 -9 -19
v -22 -9 -19
v -21 -9 -19
v -20 -9 -19
v -19 -8 -19
v -18 -9 -20
v -18 -8 -20
v -18 -8 -19
v -18 -9 -19
v -19 -9 -19
v -31 -10 -20
v -31 -10 -19
v -30 -10 -19
v -29 -10 -19
v -20 -10 -19
v -18 -10 -20
v -18 -10 -19
v -19 -10 -19
v 21 -10 -19
v 21 -9 -19
v 21 -9 -20
v 22 -9 -19
v 23 -9 -19
v 24 -9 -19
v 25 -9 -19
v 26 -9 -20
v 26 -9 -19
v 26 -10 -19
v -30 -11 -19
v -29 -11 -19
v -20 -11 -19
v -19 -11 -19
v 19 -11 -19
v 19 -10 -19
v 20 -10 -19
v 22 -11 -19
v 21 -11 -19
v 23 -11 -19
v 24 -11 -19
v 24 -10 -19
v 23 -10 -19
v 25 -11 -19
v 26 -11 -19
v 27 -10 -19
v 28 -10 -19
v 28 -11 -19
v -30 -12 -19
v -29 -12 -19
v -20 -12 -19
v -19 -12 -19
v 17 -12 -19
v 17 -11 -19
v 18 -11 -19
v 20 -12 -19
v 19 -12 -19
v 21 -12 -19
v 26 -12 -19
v 27 -12 -19
v 28 -12 -19
v 29 -11 -19
v 30 -11 -19
v 30 -12 -19
v -29 -13 -19
v -28 -12 -19
v -28 -13 -19
v -21 -13 -19
v -21 -12 -19
v -20 -13 -19
v 17 -13 -19
v 19 -13 -19
v 18 -13 -19
v 28 -13 -19
v 29 -13 -19
v 30 -13 -19
v -29 -14 -19
v -28 -14 -19
v -21 -14 -19
v -20 -14 -19
v 17 -14 -19
v 18 -14 -19
v 29 -14 -19
v 30 -14 -19
v -28 -15 -19
v -27 -14 -19
v -27 -15 -19
v -22 -15 -19
v -22 -14 -19
v -21 -15 -19
v 18 -15 -19
v 19 -14 -19
v 19 -15 -19
v 28 -15 -19
v 28 -14 -19
v 29 -15 -19
v -28 -16 -20
v -28 -16 -19
v -27 -16 -19
v -26 -15 -19
v -26 -16 -19
v -23 -16 -19
v -23 -15 -19
v -21 -16 -20
v -21 -16 -19
v -22 -16 -19
v 18 -16 -20
v 18 -16 -19
v 19 -16 -19
v 20 -15 -19
v 20 -16 -19
v 27 -16 -19
v 27 -15 -19
v 29 -16 -20
v 29 -16 -19
v 28 -16 -19
v -27 -17 -19
v -26 -17 -19
v -25 -16 -19
v -24 -16 -19
v -22 -17 -19
v -23 -17 -19
v 19 -17 -19
v 20 -17 -19
v 21 -16 -19
v 21 -17 -19
v 26 -17 -19
v 26 -16 -19
v 28 -17 -19
v 27 -17 -19
v -26 -18 -19
v -25 -18 -19
v -24 -18 -19
v -23 -18 -19
v 20 -18 -19
v 21 -18 -19
v 22 -17 -19
v 22 -18 -19
v 25 -18 -19
v 25 -17 -19
v 27 -18 -19
v 26 -18 -19
v 21 -19 -19
v 22 -19 -19
v 23 -18 -19
v 24 -18 -19
v 26 -19 -19
v 25 -19 -19
v 22 -20 -20
v 22 -20 -19
v 23 -20 -20
v 23 -20 -19
v 24 -20 -20
v 24 -20 -19
v 25 -20 -20
v 25 -20 -19
v 0 -5 -19
v 0 -5 -18
v 0 -4 -18
v 0 -4 -19
v 1 -5 -19
v 1 -4 -19
v 1 -4 -18
v 1 -5 -18
v 0 -6 -19
v 0 -6 -18
v 1 -6 -19
v 1 -6 -18
v -26 -7 -18
v -26 -6 -18
v -25 -6 -18
v -24 -6 -18
v -23 -6 -18
v -23 -7 -18
v -28 -8 -18
v -28 -7 -18
v -27 -7 -18
v -25 -8 -18
v -26 -8 -18
v -24 -8 -18
v -23 -8 -18
v -22 -7 -18
v -21 -7 -18
v -21 -8 -18
v -30 -9 -18
v -30 -8 -18
v -29 -8 -18
v -27 -9 -18
v -28 -9 -18
v -26 -9 -19
v -26 -9 -18
v -23 -9 -19
v -23 -9 -18
v -22 -9 -18
v -21 -9 -18
v -20 -8 -18
v -19 -8 -18
v -19 -9 -18
v 23 -9 -18
v 23 -8 -18
v 23 -8 -19
v 24 -8 -19
v 24 -8 -18
v 24 -9 -18
v -30 -10 -18
v -28 -10 -19
v -28 -10 -18
v -29 -10 -18
v -21 -10 -19
v -21 -10 -18
v -20 -10 -18
v -19 -10 -18
v 21 -10 -18
v 21 -9 -18
v 22 -9 -18
v 24 -10 -18
v 23 -10 -18
v 25 -9 -18
v 26 -9 -18
v 26 -10 -18
v -30 -11 -18
v -29 -11 -18
v -20 -11 -18
v -19 -11 -18
v 19 -11 -18
v 19 -10 -18
v 20 -10 -18
v 22 -11 -18
v 21 -11 -18
v 23 -11 -18
v 24 -11 -18
v 25 -11 -18
v 26 -11 -18
v 27 -10 -18
v 28 -10 -18
v 28 -11 -18
v -30 -12 -18
v -29 -12 -18
v -20 -12 -18
v -19 -12 -18
v 16 -12 -19
v 16 -12 -18
v 16 -11 -18
v 16 -11 -19
v 17 -11 -18
v 17 -12 -18
v 18 -11 -18
v 20 -12 -18
v 19 -12 -18
v 21 -12 -18
v 26 -12 -18
v 27 -12 -18
v 28 -12 -18
v 29 -11 -18
v 30 -11 -18
v 31 -12 -19
v 31 -11 -19
v 31 -11 -18
v 31 -12 -18
v 30 -12 -18
v -29 -13 -18
v -28 -12 -18
v -28 -13 -18
v -21 -13 -18
v -21 -12 -18
v -20 -13 -18
v 16 -13 -19
v 16 -13 -18
v 17 -13 -18
v 19 -13 -18
v 18 -13 -18
v 28 -13 -18
v 29 -13 -18
v 31 -13 -19
v 31 -13 -18
v 30 -13 -18
v -29 -14 -18
v -28 -14 -18
v -27 -13 -19
v -27 -13 -18
v -27 -14 -18
v -22 -14 -18
v -22 -13 -18
v -22 -13 -19
v -20 -14 -18
v -21 -14 -18
v 17 -14 -18
v 18 -14 -18
v 29 -14 -18
v 30 -14 -18
v -28 -15 -18
v -27 -15 -18
v -22 -15 -18
v -21 -15 -18
v 18 -15 -18
v 19 -14 -18
v 19 -15 -18
v 28 -15 -18
v 28 -14 -18
v 29 -15 -18
v -27 -16 -18
v -26 -15 -18
v -26 -16 -18
v -23 -16 -18
v -23 -15 -18
v -22 -16 -18
v 18 -16 -18
v 19 -16 -18
v 20 -15 -18
v 20 -16 -18
v 27 -16 -18
v 27 -15 -18
v 29 -16 -18
v 28 -16 -18
v -27 -17 -18
v -26 -17 -18
v -25 -16 -18
v -24 -16 -18
v -22 -17 -18
v -23 -17 -18
v 19 -17 -18
v 20 -17 -18
v 21 -16 -18
v 21 -17 -18
v 26 -17 -18
v 26 -16 -18
v 28 -17 -18
v 27 -17 -18
v -26 -18 -18
v -25 -18 -18
v -25 -17 -18
v -24 -18 -18
v -24 -17 -18
v -23 -18 -18
v 20 -18 -18
v 21 -18 -18
v 22 -17 -18
v 22 -18 -18
v 25 -18 -18
v 25 -17 -18
v 27 -18 -18
v 26 -18 -18
v 21 -19 -18
v 22 -19 -18
v 23 -18 -18
v 24 -18 -18
v 26 -19 -18
v 25 -19 -18
v 22 -20 -18
v 23 -20 -18
v 24 -20 -18
v 25 -20 -18
v -25 -4 -18
v -25 -4 -17
v -25 -3 -17
v -25 -3 -18
v -24 -4 -18
v -24 -3 -18
v -24 -3 -17
v -24 -4 -17
v -21 -4 -18
v -21 -4 -17
v -21 -3 -17
v -21 -3 -18
v -20 -4 -18
v -20 -3 -18
v -20 -3 -17
v -20 -4 -17
v -25 -5 -18
v -25 -5 -17
v -24 -5 -18
v -24 -5 -17
v -21 -5 -18
v -21 -5 -17
v -20 -5 -18
v -20 -5 -17
v -7 -5 -18
v -7 -5 -17
v -7 -4 -17
v -7 -4 -18
v -6 -4 -17
v -6 -4 -18
v -6 -5 -18
v -5 -4 -17
v -5 -4 -18
v -5 -5 -18
v -4 -4 -17
v -4 -4 -18
v -4 -5 -18
v -3 -4 -17
v -3 -4 -18
v -3 -5 -18
v -2 -4 -17
v -2 -4 -18
v -2 -5 -18
v -1 -4 -17
v -1 -4 -18
v -1 -5 -18
v 0 -4 -17
v 1 -4 -17
v 2 -4 -17
v 2 -4 -18
v 2 -5 -18
v 3 -4 -17
v 3 -4 -18
v 3 -5 -18
v 4 -4 -17
v 4 -4 -18
v 4 -5 -18
v 5 -4 -17
v 5 -4 -18
v 5 -5 -18
v 6 -4 -17
v 6 -4 -18
v 6 -5 -18
v 7 -4 -17
v 7 -4 -18
v 7 -5 -18
v 8 -5 -18
v 8 -4 -18
v 8 -4 -17
v 8 -5 -17
v -25 -6 -17
v -24 -6 -17
v -21 -6 -18
v -21 -6 -17
v -20 -6 -18
v -20 -6 -17
v -7 -6 -18
v -7 -6 -17
v -6 -6 -18
v -6 -6 -17
v -5 -6 -18
v -5 -6 -17
v -4 -6 -18
v -4 -6 -17
v -3 -6 -18
v -2 -6 -18
v -1 -6 -18
v 2 -6 -18
v 3 -6 -18
v 4 -6 -18
v 5 -6 -18
v 6 -6 -18
v 6 -6 -17
v 5 -6 -17
v 7 -6 -18
v 7 -6 -17
v 8 -6 -18
v 8 -6 -17
v -26 -7 -17
v -26 -6 -17
v -25 -7 -17
v -24 -7 -17
v -23 -6 -17
v -22 -6 -17
v -22 -6 -18
v -21 -7 -17
v -4 -7 -18
v -4 -7 -17
v -3 -7 -18
v -3 -7 -17
v -2 -7 -18
v -2 -7 -17
v -1 -7 -18
v -1 -7 -17
v 0 -7 -18
v 0 -7 -17
v 1 -7 -18
v 1 -7 -17
v 2 -7 -18
v 2 -7 -17
v 3 -7 -18
v 3 -7 -17
v 4 -7 -18
v 4 -7 -17
v 5 -7 -18
v 5 -7 -17
v 21 -7 -18
v 21 -7 -17
v 21 -6 -17
v 21 -6 -18
v 22 -7 -18
v 22 -6 -18
v 22 -6 -17
v 22 -7 -17
v 25 -7 -18
v 25 -7 -17
v 25 -6 -17
v 25 -6 -18
v 26 -7 -18
v 26 -6 -18
v 26 -6 -17
v 26 -7 -17
v -28 -8 -17
v -28 -7 -17
v -27 -7 -17
v -25 -8 -17
v -26 -8 -17
v -24 -8 -17
v -23 -8 -17
v -21 -8 -17
v 21 -8 -18
v 21 -8 -17
v 22 -8 -18
v 22 -8 -17
v 25 -8 -18
v 25 -8 -17
v 26 -8 -18
v 26 -8 -17
v -30 -9 -17
v -30 -8 -17
v -29 -8 -17
v -27 -9 -17
v -28 -9 -17
v -26 -9 -17
v -23 -9 -17
v -22 -9 -17
v -21 -9 -17
v -20 -8 -17
v -19 -8 -17
v -19 -9 -17
v 21 -9 -17
v 22 -9 -17
v 25 -9 -17
v 26 -9 -17
v -30 -10 -17
v -28 -10 -17
v -29 -10 -17
v -21 -10 -17
v -20 -10 -17
v -19 -10 -17
v 21 -10 -17
v 23 -9 -17
v 24 -9 -17
v 26 -10 -17
v 25 -10 -17
v -30 -11 -17
v -29 -11 -17
v -20 -11 -17
v -19 -11 -17
v 19 -11 -17
v 19 -10 -17
v 20 -10 -17
v 22 -11 -17
v 21 -11 -17
v 23 -11 -17
v 24 -11 -17
v 25 -11 -17
v 26 -11 -17
v 27 -10 -17
v 28 -10 -17
v 28 -11 -17
v -29 -12 -17
v -28 -11 -18
v -28 -11 -17
v -28 -12 -17
v -21 -12 -17
v -21 -11 -17
v -21 -11 -18
v -20 -12 -17
v 17 -12 -17
v 17 -11 -17
v 18 -11 -17
v 20 -12 -17
v 19 -12 -17
v 21 -12 -17
v 26 -12 -17
v 27 -12 -17
v 28 -12 -17
v 29 -11 -17
v 30 -11 -17
v 30 -12 -17
v -29 -13 -17
v -28 -13 -17
v -21 -13 -17
v -20 -13 -17
v 17 -13 -17
v 19 -13 -17
v 18 -13 -17
v 28 -13 -17
v 29 -13 -17
v 30 -13 -17
v -28 -14 -17
v -27 -13 -17
v -27 -14 -17
v -22 -14 -17
v -22 -13 -17
v -21 -14 -17
v 17 -14 -17
v 18 -14 -17
v 29 -14 -17
v 30 -14 -17
v -28 -15 -17
v -27 -15 -17
v -26 -14 -18
v -26 -14 -17
v -26 -15 -17
v -23 -15 -17
v -23 -14 -17
v -23 -14 -18
v -21 -15 -17
v -22 -15 -17
v 18 -15 -17
v 19 -14 -17
v 19 -15 -17
v 28 -15 -17
v 28 -14 -17
v 29 -15 -17
v -27 -16 -17
v -26 -16 -17
v -25 -15 -17
v -25 -15 -18
v -24 -15 -17
v -24 -15 -18
v -22 -16 -17
v -23 -16 -17
v 18 -16 -17
v 19 -16 -17
v 20 -15 -17
v 20 -16 -17
v 27 -16 -17
v 27 -15 -17
v 29 -16 -17
v 28 -16 -17
v -26 -17 -17
v -25 -17 -17
v -25 -16 -17
v -24 -17 -17
v -24 -16 -17
v -23 -17 -17
v 19 -17 -17
v 20 -17 -17
v 21 -16 -17
v 21 -17 -17
v 26 -17 -17
v 26 -16 -17
v 28 -17 -17
v 27 -17 -17
v 20 -18 -17
v 21 -18 -17
v 22 -17 -17
v 22 -18 -17
v 25 -18 -17
v 25 -17 -17
v 27 -18 -17
v 26 -18 -17
v 21 -19 -17
v 22 -19 -17
v 23 -18 -17
v 24 -18 -17
v 26 -19 -17
v 25 -19 -17
v 22 -20 -17
v 23 -20 -17
v 23 -19 -17
v 24 -20 -17
v 24 -19 -17
v 25 -20 -17
v -25 -4 -16
v -25 -3 -16
v -24 -4 -16
v -24 -3 -16
v -23 -4 -17
v -23 -3 -17
v -23 -3 -16
v -23 -4 -16
v -21 -4 -16
v -21 -3 -16
v -20 -4 -16
v -20 -3 -16
v -19 -4 -17
v -19 -3 -17
v -19 -3 -16
v -19 -4 -16
v -24 -5 -16
v -23 -5 -17
v -23 -5 -16
v -20 -5 -16
v -19 -5 -17
v -19 -5 -16
v -9 -5 -17
v -9 -5 -16
v -9 -4 -16
v -9 -4 -17
v -8 -4 -16
v -8 -4 -17
v -8 -5 -17
v -7 -4 -16
v -6 -4 -16
v -5 -4 -16
v -4 -4 -16
v -3 -4 -16
v -2 -4 -16
v -1 -4 -16
v 0 -4 -16
v 1 -4 -16
v 2 -4 -16
v 3 -4 -16
v 4 -4 -16
v 5 -4 -16
v 6 -4 -16
v 7 -4 -16
v 8 -4 -16
v 9 -4 -16
v 9 -4 -17
v 9 -5 -17
v 10 -5 -17
v 10 -4 -17
v 10 -4 -16
v 10 -5 -16
v -9 -6 -17
v -9 -6 -16
v -8 -6 -17
v -8 -6 -16
v 9 -6 -17
v 10 -6 -17
v 10 -6 -16
v 9 -6 -16
v -24 -7 -16
v -24 -6 -16
v -23 -6 -16
v -23 -7 -16
v -22 -6 -16
v -21 -6 -16
v -22 -7 -16
v -21 -7 -16
v -20 -7 -17
v -20 -6 -16
v -20 -7 -16
v -8 -7 -17
v -8 -7 -16
v -7 -7 -17
v -7 -7 -16
v -6 -7 -17
v -6 -7 -16
v -5 -7 -17
v -5 -7 -16
v -5 -6 -16
v -6 -6 -16
v -4 -7 -16
v -4 -6 -16
v -3 -7 -16
v -3 -6 -16
v -2 -7 -16
v -2 -6 -16
v -1 -7 -16
v -1 -6 -16
v 0 -7 -16
v 0 -6 -16
v 1 -7 -16
v 1 -6 -16
v 2 -7 -16
v 2 -6 -16
v 3 -7 -16
v 3 -6 -16
v 4 -7 -16
v 4 -6 -16
v 5 -7 -16
v 5 -6 -16
v 6 -7 -17
v 6 -7 -16
v 6 -6 -16
v 7 -7 -17
v 7 -7 -16
v 7 -6 -16
v 8 -7 -17
v 8 -7 -16
v 9 -7 -17
v 9 -7 -16
v 20 -7 -17
v 20 -7 -16
v 20 -6 -16
v 20 -6 -17
v 21 -6 -16
v 21 -7 -16
v 24 -7 -17
v 24 -7 -16
v 24 -6 -16
v 24 -6 -17
v 25 -6 -16
v 25 -7 -16
v -28 -8 -16
v -28 -7 -16
v -27 -7 -16
v -27 -8 -16
v -26 -7 -16
v -25 -7 -16
v -20 -8 -16
v -5 -8 -17
v -5 -8 -16
v -4 -8 -17
v -4 -8 -16
v -3 -8 -17
v -3 -8 -16
v -2 -8 -17
v -2 -8 -16
v -1 -8 -17
v -1 -8 -16
v 0 -8 -17
v 0 -8 -16
v 1 -8 -17
v 1 -8 -16
v 2 -8 -17
v 2 -8 -16
v 3 -8 -17
v 3 -8 -16
v 4 -8 -17
v 4 -8 -16
v 5 -8 -17
v 5 -8 -16
v 6 -8 -17
v 6 -8 -16
v -30 -9 -16
v -30 -8 -16
v -29 -8 -16
v -29 -9 -16
v -27 -9 -16
v -28 -9 -16
v -26 -9 -16
v -25 -9 -17
v -25 -9 -16
v -24 -9 -17
v -24 -9 -16
v -23 -9 -16
v -22 -9 -16
v -21 -9 -16
v -19 -8 -16
v -19 -9 -16
v -20 -9 -16
v -1 -9 -17
v -1 -9 -16
v 0 -9 -17
v 0 -9 -16
v 1 -9 -17
v 1 -9 -16
v 2 -9 -17
v 2 -9 -16
v -30 -10 -16
v -29 -10 -16
v -28 -10 -16
v -21 -10 -16
v -19 -10 -16
v -20 -10 -16
v 21 -10 -16
v 21 -9 -16
v 22 -9 -16
v 23 -9 -16
v 24 -9 -16
v 23 -10 -16
v 24 -10 -16
v 25 -9 -16
v 25 -10 -16
v -29 -11 -16
v -28 -11 -16
v -21 -11 -16
v -20 -11 -16
v 19 -11 -16
v 19 -10 -16
v 20 -10 -16
v 20 -11 -16
v 23 -11 -16
v 22 -11 -16
v 24 -11 -16
v 25 -11 -16
v 26 -10 -16
v 27 -10 -16
v 28 -10 -16
v 28 -11 -16
v 27 -11 -16
v -29 -12 -16
v -28 -12 -16
v -21 -12 -16
v -20 -12 -16
v 17 -12 -16
v 17 -11 -16
v 18 -11 -16
v 20 -12 -16
v 19 -12 -16
v 21 -12 -16
v 22 -12 -17
v 22 -12 -16
v 25 -12 -17
v 25 -12 -16
v 26 -12 -16
v 27 -12 -16
v 28 -12 -16
v 29 -11 -16
v 30 -11 -16
v 30 -12 -16
v -28 -13 -16
v -27 -12 -17
v -27 -12 -16
v -27 -13 -16
v -22 -13 -16
v -22 -12 -16
v -22 -12 -17
v -21 -13 -16
v 17 -13 -16
v 19 -13 -16
v 28 -13 -16
v 30 -13 -16
v -28 -14 -16
v -27 -14 -16
v -26 -13 -17
v -26 -13 -16
v -26 -14 -16
v -23 -14 -16
v -23 -13 -16
v -23 -13 -17
v -21 -14 -16
v -22 -14 -16
v 17 -14 -16
v 18 -14 -16
v 18 -13 -16
v 19 -14 -16
v 28 -14 -16
v 30 -14 -16
v 29 -14 -16
v 29 -13 -16
v -27 -15 -16
v -26 -15 -16
v -25 -14 -16
v -25 -14 -17
v -24 -14 -16
v -24 -14 -17
v -22 -15 -16
v -23 -15 -16
v 18 -15 -16
v 19 -15 -16
v 28 -15 -16
v 29 -15 -16
v -26 -16 -16
v -25 -16 -16
v -25 -15 -16
v -24 -16 -16
v -24 -15 -16
v -23 -16 -16
v 19 -16 -16
v 20 -15 -16
v 20 -16 -16
v 27 -16 -16
v 27 -15 -16
v 28 -16 -16
v 19 -17 -16
v 20 -17 -16
v 21 -16 -16
v 21 -17 -16
v 26 -17 -16
v 26 -16 -16
v 28 -17 -16
v 27 -17 -16
v 20 -18 -16
v 21 -18 -16
v 22 -17 -16
v 23 -17 -16
v 23 -17 -17
v 24 -17 -16
v 24 -17 -17
v 25 -17 -16
v 27 -18 -16
v 26 -18 -16
v 21 -19 -16
v 22 -19 -16
v 22 -18 -16
v 23 -19 -16
v 23 -18 -16
v 24 -19 -16
v 24 -18 -16
v 25 -19 -16
v 25 -18 -16
v 26 -19 -16
v -24 -5 -15
v -24 -4 -15
v -23 -5 -15
v -23 -4 -15
v -22 -5 -16
v -22 -4 -16
v -22 -4 -15
v -22 -5 -15
v -20 -5 -15
v -20 -4 -15
v -19 -5 -15
v -19 -4 -15
v -18 -5 -16
v -18 -4 -16
v -18 -4 -15
v -18 -5 -15
v -11 -5 -16
v -11 -5 -15
v -11 -4 -15
v -11 -4 -16
v -10 -4 -15
v -10 -4 -16
v -10 -5 -16
v -9 -4 -15
v -8 -4 -15
v -7 -4 -15
v -6 -4 -15
v -5 -4 -15
v -4 -4 -15
v -3 -4 -15
v -2 -4 -15
v -1 -4 -15
v 0 -4 -15
v 1 -4 -15
v 2 -4 -15
v 3 -4 -15
v 4 -4 -15
v 5 -4 -15
v 6 -4 -15
v 7 -4 -15
v 8 -4 -15
v 9 -4 -15
v 10 -4 -15
v 11 -4 -15
v 11 -4 -16
v 11 -5 -16
v 12 -5 -16
v 12 -4 -16
v 12 -4 -15
v 12 -5 -15
v -23 -6 -15
v -22 -6 -15
v -19 -6 -16
v -19 -6 -15
v -18 -6 -16
v -18 -6 -15
v -11 -6 -16
v -11 -6 -15
v -10 -6 -16
v -10 -6 -15
v -5 -6 -15
v -6 -6 -15
v -4 -6 -15
v -3 -6 -15
v -2 -6 -15
v -1 -6 -15
v 0 -6 -15
v 1 -6 -15
v 2 -6 -15
v 3 -6 -15
v 4 -6 -15
v 5 -6 -15
v 6 -6 -15
v 7 -6 -15
v 11 -6 -16
v 12 -6 -16
v 12 -6 -15
v 11 -6 -15
v -23 -7 -15
v -22 -7 -15
v -19 -7 -16
v -19 -7 -15
v -18 -7 -16
v -18 -7 -15
v -10 -7 -16
v -10 -7 -15
v -9 -7 -16
v -9 -7 -15
v -8 -7 -15
v -8 -6 -15
v -9 -6 -15
v -7 -7 -15
v -7 -6 -15
v -6 -7 -15
v 7 -7 -15
v 8 -7 -15
v 8 -6 -15
v 9 -7 -15
v 9 -6 -15
v 10 -7 -16
v 10 -7 -15
v 10 -6 -15
v 11 -7 -16
v 11 -7 -15
v 18 -7 -16
v 18 -7 -15
v 18 -6 -15
v 18 -6 -16
v 19 -7 -16
v 19 -7 -15
v 19 -6 -15
v 19 -6 -16
v 20 -6 -15
v 20 -7 -15
v 22 -7 -16
v 22 -7 -15
v 22 -6 -15
v 22 -6 -16
v 23 -7 -16
v 23 -7 -15
v 23 -6 -15
v 23 -6 -16
v 24 -6 -15
v 24 -7 -15
v -27 -8 -15
v -27 -7 -15
v -26 -7 -15
v -26 -8 -15
v -25 -7 -15
v -25 -8 -15
v -24 -7 -15
v -24 -8 -15
v -23 -8 -15
v -22 -8 -15
v -21 -7 -15
v -20 -7 -15
v -19 -8 -15
v -20 -8 -15
v -8 -8 -16
v -8 -8 -15
v -7 -8 -16
v -7 -8 -15
v -6 -8 -16
v -6 -8 -15
v -5 -7 -15
v -5 -8 -15
v -4 -7 -15
v -4 -8 -15
v 5 -8 -15
v 5 -7 -15
v 6 -7 -15
v 6 -8 -15
v 7 -8 -16
v 7 -8 -15
v 8 -8 -16
v 8 -8 -15
v 9 -8 -16
v 9 -8 -15
v 19 -8 -16
v 19 -8 -15
v 20 -8 -16
v 20 -8 -15
v 23 -8 -16
v 23 -8 -15
v 24 -8 -16
v 24 -8 -15
v -29 -9 -15
v -29 -8 -15
v -28 -8 -15
v -26 -9 -15
v -27 -9 -15
v -25 -9 -15
v -24 -9 -15
v -23 -9 -15
v -22 -9 -15
v -20 -9 -15
v -6 -9 -16
v -6 -9 -15
v -5 -9 -16
v -5 -9 -15
v -4 -9 -16
v -4 -9 -15
v -3 -8 -15
v -3 -9 -16
v -3 -9 -15
v -2 -8 -15
v -2 -9 -16
v -2 -9 -15
v -1 -8 -15
v -1 -9 -15
v 0 -8 -15
v 0 -9 -15
v 1 -8 -15
v 1 -9 -15
v 2 -8 -15
v 2 -9 -15
v 3 -8 -15
v 3 -9 -16
v 3 -9 -15
v 4 -8 -15
v 4 -9 -16
v 4 -9 -15
v 5 -9 -16
v 5 -9 -15
v 6 -9 -16
v 6 -9 -15
v 7 -9 -16
v 7 -9 -15
v 19 -9 -16
v 19 -9 -15
v 20 -9 -16
v 20 -9 -15
v 23 -9 -15
v 24 -9 -15
v -29 -10 -15
v -27 -10 -16
v -27 -10 -15
v -28 -10 -15
v -22 -10 -16
v -22 -10 -15
v -21 -10 -15
v -20 -10 -15
v -4 -10 -16
v -4 -10 -15
v -3 -10 -16
v -3 -10 -15
v -2 -10 -16
v -2 -10 -15
v -1 -10 -16
v -1 -10 -15
v 0 -10 -16
v 0 -10 -15
v 1 -10 -16
v 1 -10 -15
v 2 -10 -16
v 2 -10 -15
v 3 -10 -16
v 3 -10 -15
v 4 -10 -16
v 4 -10 -15
v 5 -10 -16
v 5 -10 -15
v 19 -10 -15
v 20 -10 -15
v 21 -9 -15
v 22 -9 -15
v 23 -10 -15
v 22 -10 -15
v -29 -11 -15
v -28 -11 -15
v -21 -11 -15
v -20 -11 -15
v 20 -11 -15
v 21 -11 -15
v 21 -10 -15
v 24 -10 -15
v 25 -10 -15
v 26 -10 -15
v 27 -10 -15
v 27 -11 -15
v 26 -11 -15
v -28 -12 -15
v -27 -11 -16
v -27 -11 -15
v -27 -12 -15
v -22 -12 -15
v -22 -11 -15
v -22 -11 -16
v -21 -12 -15
v 17 -12 -15
v 17 -11 -15
v 18 -11 -15
v 18 -12 -15
v 19 -11 -15
v 21 -12 -15
v 20 -12 -15
v 22 -12 -15
v 23 -12 -16
v 23 -12 -15
v 24 -12 -16
v 24 -12 -15
v 25 -12 -15
v 26 -12 -15
v 27 -12 -15
v 28 -11 -15
v 29 -11 -15
v 30 -11 -15
v 30 -12 -15
v 29 -12 -15
v -28 -13 -15
v -27 -13 -15
v -26 -12 -16
v -26 -12 -15
v -26 -13 -15
v -23 -13 -15
v -23 -12 -15
v -23 -12 -16
v -22 -13 -15
v -21 -13 -15
v 17 -13 -15
v 18 -13 -15
v 20 -13 -16
v 20 -13 -15
v 19 -13 -15
v 27 -13 -16
v 27 -13 -15
v 28 -13 -15
v 30 -13 -15
v 29 -13 -15
v -27 -14 -15
v -26 -14 -15
v -25 -13 -15
v -25 -13 -16
v -25 -14 -15
v -24 -13 -15
v -24 -13 -16
v -24 -14 -15
v -23 -14 -15
v -22 -14 -15
v 18 -14 -15
v 19 -14 -15
v 28 -14 -15
v 29 -14 -15
v -26 -15 -15
v -25 -15 -15
v -24 -15 -15
v -23 -15 -15
v 18 -15 -15
v 19 -15 -15
v 20 -14 -16
v 20 -14 -15
v 20 -15 -15
v 27 -15 -15
v 27 -14 -15
v 27 -14 -16
v 29 -15 -15
v 28 -15 -15
v 19 -16 -15
v 20 -16 -15
v 21 -15 -16
v 21 -15 -15
v 21 -16 -15
v 26 -16 -15
v 26 -15 -15
v 26 -15 -16
v 28 -16 -15
v 27 -16 -15
v 20 -17 -15
v 21 -17 -15
v 22 -16 -15
v 22 -16 -16
v 23 -16 -15
v 23 -16 -16
v 24 -16 -15
v 24 -16 -16
v 25 -16 -15
v 25 -16 -16
v 27 -17 -15
v 26 -17 -15
v 21 -18 -15
v 22 -18 -15
v 22 -17 -15
v 23 -18 -15
v 23 -17 -15
v 24 -18 -15
v 24 -17 -15
v 25 -18 -15
v 25 -17 -15
v 26 -18 -15
v 0 -1 -15
v 0 -1 -14
v 0 0 -14
v 0 0 -15
v 1 -1 -15
v 1 0 -15
v 1 0 -14
v 1 -1 -14
v -23 -5 -14
v -23 -4 -14
v -22 -4 -14
v -22 -5 -14
v -19 -5 -14
v -19 -4 -14
v -18 -4 -14
v -18 -5 -14
v -13 -5 -15
v -13 -5 -14
v -13 -4 -14
v -13 -4 -15
v -12 -4 -14
v -12 -4 -15
v -12 -5 -15
v -11 -4 -14
v -10 -4 -14
v -9 -4 -14
v -8 -4 -14
v -7 -4 -14
v -6 -4 -14
v -5 -4 -14
v -4 -4 -14
v -3 -4 -14
v -2 -4 -14
v -1 -4 -14
v 0 -4 -14
v 1 -4 -14
v 2 -4 -14
v 3 -4 -14
v 4 -4 -14
v 5 -4 -14
v 6 -4 -14
v 7 -4 -14
v 8 -4 -14
v 9 -4 -14
v 10 -4 -14
v 11 -4 -14
v 12 -4 -14
v 13 -4 -14
v 13 -4 -15
v 13 -5 -15
v 14 -5 -15
v 14 -4 -15
v 14 -4 -14
v 14 -5 -14
v -13 -6 -15
v -13 -6 -14
v -12 -6 -15
v -12 -6 -14
v -8 -6 -14
v -9 -6 -14
v -7 -6 -14
v -6 -6 -14
v -5 -6 -14
v -4 -6 -14
v -3 -6 -14
v -2 -6 -14
v -1 -6 -14
v 0 -6 -14
v 1 -6 -14
v 2 -6 -14
v 3 -6 -14
v 4 -6 -14
v 5 -6 -14
v 6 -6 -14
v 7 -6 -14
v 8 -6 -14
v 9 -6 -14
v 10 -6 -14
v 13 -6 -15
v 14 -6 -15
v 14 -6 -14
v 13 -6 -14
v -12 -7 -15
v -12 -7 -14
v -11 -7 -15
v -11 -7 -14
v -10 -7 -14
v -10 -6 -14
v -11 -6 -14
v -9 -7 -14
v 10 -7 -14
v 11 -7 -14
v 11 -6 -14
v 12 -7 -15
v 12 -7 -14
v 12 -6 -14
v 13 -7 -15
v 13 -7 -14
v 17 -7 -15
v 17 -7 -14
v 17 -6 -14
v 17 -6 -15
v 18 -7 -14
v 18 -6 -14
v 19 -6 -14
v 19 -7 -14
v 21 -7 -15
v 21 -7 -14
v 21 -6 -14
v 21 -6 -15
v 22 -7 -14
v 22 -6 -14
v 23 -6 -14
v 23 -7 -14
v -22 -8 -14
v -22 -7 -14
v -21 -7 -14
v -21 -8 -14
v -20 -7 -14
v -19 -7 -14
v -19 -8 -14
v -20 -8 -14
v -10 -8 -15
v -10 -8 -14
v -9 -8 -15
v -9 -8 -14
v -8 -7 -14
v -8 -8 -14
v -7 -7 -14
v -7 -8 -14
v 8 -8 -14
v 8 -7 -14
v 9 -7 -14
v 9 -8 -14
v 10 -8 -15
v 10 -8 -14
v 11 -8 -15
v 11 -8 -14
v -29 -9 -14
v -29 -8 -14
v -28 -8 -14
v -28 -9 -14
v -27 -8 -14
v -26 -8 -14
v -25 -8 -14
v -24 -8 -14
v -23 -8 -14
v -20 -9 -14
v -21 -9 -14
v -9 -9 -15
v -9 -9 -14
v -8 -9 -15
v -8 -9 -14
v -7 -9 -15
v -7 -9 -14
v -6 -8 -14
v -6 -9 -14
v -5 -8 -14
v -5 -9 -14
v 6 -9 -14
v 6 -8 -14
v 7 -8 -14
v 7 -9 -14
v 8 -9 -15
v 8 -9 -14
v 9 -9 -15
v 9 -9 -14
v 10 -9 -15
v 10 -9 -14
v -29 -10 -14
v -28 -10 -14
v -26 -10 -15
v -25 -10 -15
v -25 -10 -14
v -26 -10 -14
v -24 -10 -15
v -24 -10 -14
v -23 -10 -15
v -23 -10 -14
v -20 -10 -14
v -21 -10 -14
v -7 -10 -15
v -7 -10 -14
v -6 -10 -15
v -6 -10 -14
v -5 -10 -15
v -5 -10 -14
v -4 -9 -14
v -4 -10 -14
v -3 -9 -14
v -3 -10 -14
v -2 -9 -14
v -2 -10 -14
v -1 -9 -14
v -1 -10 -14
v 0 -9 -14
v 0 -10 -14
v 1 -10 -14
v 1 -9 -14
v 2 -9 -14
v 2 -10 -14
v 3 -9 -14
v 3 -10 -14
v 4 -9 -14
v 4 -10 -14
v 5 -9 -14
v 5 -10 -14
v 6 -10 -15
v 6 -10 -14
v 7 -10 -15
v 7 -10 -14
v 8 -10 -15
v 8 -10 -14
v 18 -10 -15
v 18 -10 -14
v 18 -9 -14
v 18 -9 -15
v 19 -10 -14
v 19 -9 -14
v 20 -10 -14
v 20 -9 -14
v 21 -10 -14
v 21 -9 -14
v 22 -9 -14
v 22 -10 -14
v -28 -11 -14
v -27 -11 -14
v -27 -10 -14
v -26 -11 -15
v -26 -11 -14
v -23 -11 -15
v -23 -11 -14
v -21 -11 -14
v -22 -11 -14
v -22 -10 -14
v -5 -11 -15
v -5 -11 -14
v -4 -11 -15
v -4 -11 -14
v -3 -11 -15
v -3 -11 -14
v -2 -11 -15
v -2 -11 -14
v -1 -11 -15
v -1 -11 -14
v 0 -11 -15
v 0 -11 -14
v 1 -11 -15
v 1 -11 -14
v 2 -11 -15
v 2 -11 -14
v 3 -11 -15
v 3 -11 -14
v 4 -11 -15
v 4 -11 -14
v 5 -11 -15
v 5 -11 -14
v 6 -11 -15
v 6 -11 -14
v 21 -11 -14
v 22 -11 -14
v 23 -10 -14
v 23 -11 -14
v 24 -10 -14
v 24 -11 -14
v 25 -10 -14
v 25 -11 -14
v 26 -10 -14
v 26 -11 -14
v -27 -12 -14
v -26 -12 -14
v -25 -11 -14
v -25 -11 -15
v -25 -12 -15
v -25 -12 -14
v -24 -11 -14
v -24 -11 -15
v -24 -12 -15
v -24 -12 -14
v -23 -12 -14
v -22 -12 -14
v 0 -12 -15
v 0 -12 -14
v 1 -12 -15
v 1 -12 -14
v 18 -12 -14
v 18 -11 -14
v 19 -11 -14
v 19 -12 -14
v 20 -11 -14
v 22 -12 -14
v 21 -12 -14
v 23 -12 -14
v 24 -12 -14
v 25 -12 -14
v 26 -12 -14
v 27 -11 -14
v 28 -11 -14
v 29 -11 -14
v 29 -12 -14
v 28 -12 -14
v -26 -13 -14
v -25 -13 -14
v -24 -13 -14
v -23 -13 -14
v 18 -13 -14
v 19 -13 -14
v 21 -13 -15
v 21 -13 -14
v 20 -13 -14
v 26 -13 -15
v 26 -13 -14
v 27 -13 -14
v 29 -13 -14
v 28 -13 -14
v 18 -14 -14
v 19 -14 -14
v 20 -14 -14
v 27 -14 -14
v 29 -14 -14
v 28 -14 -14
v 19 -15 -14
v 20 -15 -14
v 21 -14 -15
v 21 -14 -14
v 21 -15 -14
v 26 -15 -14
v 26 -14 -14
v 26 -14 -15
v 28 -15 -14
v 27 -15 -14
v 20 -16 -14
v 21 -16 -14
v 22 -15 -14
v 22 -15 -15
v 22 -16 -14
v 23 -15 -14
v 23 -15 -15
v 24 -15 -14
v 24 -15 -15
v 25 -15 -14
v 25 -15 -15
v 25 -16 -14
v 26 -16 -14
v 27 -16 -14
v 21 -17 -14
v 22 -17 -14
v 23 -17 -14
v 23 -16 -14
v 24 -17 -14
v 24 -16 -14
v 25 -17 -14
v 26 -17 -14
v 1 18 -14
v 1 18 -13
v 1 19 -13
v 1 19 -14
v 2 18 -14
v 2 19 -14
v 2 19 -13
v 2 18 -13
v 0 -1 -13
v 0 0 -13
v 1 0 -13
v 1 -1 -13
v -22 -5 -13
v -22 -4 -13
v -21 -5 -14
v -21 -4 -14
v -21 -4 -13
v -21 -5 -13
v -18 -5 -13
v -18 -4 -13
v -17 -5 -14
v -17 -4 -14
v -17 -4 -13
v -17 -5 -13
v -14 -5 -14
v -14 -5 -13
v -14 -4 -13
v -14 -4 -14
v -13 -4 -13
v -12 -4 -13
v -11 -4 -13
v -10 -4 -13
v -9 -4 -13
v -8 -4 -13
v -7 -4 -13
v -6 -4 -13
v -5 -4 -13
v -4 -4 -13
v -3 -4 -13
v -2 -4 -13
v -1 -4 -13
v 0 -4 -13
v 1 -4 -13
v 2 -4 -13
v 3 -4 -13
v 4 -4 -13
v 5 -4 -13
v 6 -4 -13
v 7 -4 -13
v 8 -4 -13
v 9 -4 -13
v 10 -4 -13
v 11 -4 -13
v 12 -4 -13
v 13 -4 -13
v 14 -4 -13
v 15 -5 -14
v 15 -4 -14
v 15 -4 -13
v 15 -5 -13
v -14 -6 -14
v -14 -6 -13
v -13 -6 -13
v -10 -6 -13
v -11 -6 -13
v -9 -6 -13
v -8 -6 -13
v -7 -6 -13
v -6 -6 -13
v -5 -6 -13
v -4 -6 -13
v -3 -6 -13
v -2 -6 -13
v -1 -6 -13
v 0 -6 -13
v 1 -6 -13
v 2 -6 -13
v 3 -6 -13
v 4 -6 -13
v 5 -6 -13
v 6 -6 -13
v 7 -6 -13
v 8 -6 -13
v 9 -6 -13
v 10 -6 -13
v 11 -6 -13
v 12 -6 -13
v 15 -6 -14
v 15 -6 -13
v 14 -6 -13
v -13 -7 -14
v -13 -7 -13
v -12 -7 -13
v -11 -7 -13
v -12 -6 -13
v 12 -7 -13
v 13 -7 -13
v 13 -6 -13
v 14 -7 -14
v 14 -7 -13
v 16 -7 -14
v 16 -7 -13
v 16 -6 -13
v 16 -6 -14
v 17 -6 -13
v 18 -6 -13
v 18 -7 -13
v 17 -7 -13
v 20 -7 -14
v 20 -7 -13
v 20 -6 -13
v 20 -6 -14
v 21 -6 -13
v 22 -6 -13
v 22 -7 -13
v 21 -7 -13
v -21 -8 -13
v -21 -7 -13
v -20 -8 -13
v -20 -7 -13
v -19 -8 -13
v -19 -7 -13
v -18 -8 -14
v -18 -7 -14
v -18 -7 -13
v -18 -8 -13
v -12 -8 -14
v -12 -8 -13
v -11 -8 -14
v -11 -8 -13
v -10 -7 -13
v -10 -8 -13
v -9 -7 -13
v -9 -8 -13
v 10 -8 -13
v 10 -7 -13
v 11 -7 -13
v 11 -8 -13
v 12 -8 -14
v 12 -8 -13
v 13 -8 -14
v 13 -8 -13
v 16 -8 -14
v 16 -8 -13
v 17 -8 -14
v 17 -8 -13
v 20 -8 -14
v 20 -8 -13
v 21 -8 -14
v 21 -8 -13
v -28 -9 -13
v -28 -8 -13
v -27 -8 -13
v -27 -9 -13
v -26 -8 -13
v -26 -9 -13
v -25 -8 -13
v -25 -9 -13
v -24 -8 -13
v -23 -8 -13
v -24 -9 -13
v -23 -9 -13
v -22 -8 -13
v -22 -9 -13
v -21 -9 -13
v -11 -9 -14
v -11 -9 -13
v -10 -9 -14
v -10 -9 -13
v -9 -9 -13
v -8 -8 -13
v -8 -9 -13
v 9 -9 -13
v 9 -8 -13
v 10 -9 -13
v 11 -9 -14
v 11 -9 -13
v 12 -9 -14
v 12 -9 -13
v 16 -9 -14
v 16 -9 -13
v 17 -9 -14
v 17 -9 -13
v 20 -9 -13
v 21 -9 -13
v -28 -10 -13
v -27 -10 -13
v -26 -10 -13
v -25 -10 -13
v -24 -10 -13
v -23 -10 -13
v -22 -10 -13
v -21 -10 -13
v -9 -10 -14
v -9 -10 -13
v -8 -10 -14
v -8 -10 -13
v -7 -9 -13
v -7 -10 -13
v -6 -9 -13
v -6 -10 -13
v 7 -10 -13
v 7 -9 -13
v 8 -9 -13
v 8 -10 -13
v 9 -10 -14
v 9 -10 -13
v 10 -10 -14
v 10 -10 -13
v 17 -10 -14
v 17 -10 -13
v 18 -10 -13
v 18 -9 -13
v 19 -10 -13
v 19 -9 -13
v 20 -10 -13
v 21 -10 -13
v -27 -11 -13
v -26 -11 -13
v -25 -11 -13
v -24 -11 -13
v -23 -11 -13
v -22 -11 -13
v -8 -11 -14
v -8 -11 -13
v -7 -11 -14
v -7 -11 -13
v -6 -11 -14
v -6 -11 -13
v -5 -10 -13
v -5 -11 -13
v -4 -10 -13
v -4 -11 -13
v -3 -10 -13
v -3 -11 -13
v 4 -11 -13
v 4 -10 -13
v 5 -10 -13
v 5 -11 -13
v 6 -10 -13
v 6 -11 -13
v 7 -11 -14
v 7 -11 -13
v 8 -11 -14
v 8 -11 -13
v 9 -11 -14
v 9 -11 -13
v -6 -12 -14
v -6 -12 -13
v -5 -12 -14
v -5 -12 -13
v -4 -12 -14
v -4 -12 -13
v -3 -12 -14
v -3 -12 -13
v -2 -11 -13
v -2 -12 -14
v -2 -12 -13
v -1 -11 -13
v -1 -12 -14
v -1 -12 -13
v 0 -11 -13
v 0 -12 -13
v 1 -11 -13
v 1 -12 -13
v 2 -11 -13
v 2 -12 -14
v 2 -12 -13
v 3 -11 -13
v 3 -12 -14
v 3 -12 -13
v 4 -12 -14
v 4 -12 -13
v 5 -12 -14
v 5 -12 -13
v 6 -12 -14
v 6 -12 -13
v 7 -12 -14
v 7 -12 -13
v 19 -12 -13
v 19 -11 -13
v 20 -11 -13
v 20 -12 -13
v 21 -11 -13
v 22 -11 -13
v 23 -11 -13
v 24 -11 -13
v 25 -11 -13
v 26 -11 -13
v 27 -11 -13
v 28 -11 -13
v 28 -12 -13
v 27 -12 -13
v -3 -13 -14
v -3 -13 -13
v -2 -13 -14
v -2 -13 -13
v -1 -13 -14
v -1 -13 -13
v 0 -13 -14
v 0 -13 -13
v 1 -13 -14
v 1 -13 -13
v 2 -13 -14
v 2 -13 -13
v 3 -13 -14
v 3 -13 -13
v 4 -13 -14
v 4 -13 -13
v 19 -13 -13
v 20 -13 -13
v 22 -13 -14
v 23 -13 -14
v 23 -13 -13
v 22 -13 -13
v 24 -13 -14
v 24 -13 -13
v 25 -13 -14
v 25 -13 -13
v 28 -13 -13
v 27 -13 -13
v 19 -14 -13
v 20 -14 -13
v 21 -14 -13
v 21 -13 -13
v 22 -14 -14
v 22 -14 -13
v 25 -14 -14
v 25 -14 -13
v 26 -14 -13
v 27 -14 -13
v 26 -13 -13
v 28 -14 -13
v 20 -15 -13
v 21 -15 -13
v 22 -15 -13
v 23 -14 -13
v 23 -14 -14
v 23 -15 -13
v 24 -14 -13
v 24 -14 -14
v 24 -15 -13
v 25 -15 -13
v 26 -15 -13
v 27 -15 -13
v 22 -16 -13
v 23 -16 -13
v 24 -16 -13
v 25 -16 -13
v 0 19 -13
v 0 19 -12
v 0 20 -12
v 0 20 -13
v 1 20 -12
v 1 20 -13
v 2 20 -12
v 2 20 -13
v 3 19 -13
v 3 20 -13
v 3 20 -12
v 3 19 -12
v -1 18 -13
v -1 18 -12
v -1 19 -12
v -1 19 -13
v 0 18 -13
v 0 18 -12
v 1 18 -12
v 2 18 -12
v 3 18 -13
v 3 18 -12
v 4 18 -13
v 4 19 -13
v 4 19 -12
v 4 18 -12
v 0 -1 -12
v 0 0 -12
v 1 0 -12
v 1 -1 -12
v -22 -5 -12
v -22 -4 -12
v -21 -5 -12
v -21 -4 -12
v -20 -5 -13
v -20 -4 -13
v -20 -4 -12
v -20 -5 -12
v -18 -5 -12
v -18 -4 -12
v -17 -5 -12
v -17 -4 -12
v -16 -4 -12
v -16 -4 -13
v -16 -5 -13
v -15 -4 -12
v -15 -4 -13
v -15 -5 -13
v -14 -4 -12
v -13 -4 -12
v -12 -4 -12
v -11 -4 -12
v -10 -4 -12
v -9 -4 -12
v -8 -4 -12
v -7 -4 -12
v -6 -4 -12
v -5 -4 -12
v -4 -4 -12
v -3 -4 -12
v -2 -4 -12
v -1 -4 -12
v 0 -4 -12
v 1 -4 -12
v 2 -4 -12
v 3 -4 -12
v 4 -4 -12
v 5 -4 -12
v 6 -4 -12
v 7 -4 -12
v 8 -4 -12
v 9 -4 -12
v 10 -4 -12
v 11 -4 -12
v 12 -4 -12
v 13 -4 -12
v 14 -4 -12
v 15 -4 -12
v 16 -4 -12
v 16 -4 -13
v 16 -5 -13
v 17 -5 -13
v 17 -4 -13
v 17 -4 -12
v 17 -5 -12
v -21 -6 -13
v -21 -6 -12
v -20 -6 -13
v -20 -6 -12
v -17 -6 -13
v -17 -6 -12
v -16 -6 -13
v -15 -6 -13
v -15 -6 -12
v -16 -6 -12
v -11 -6 -12
v -12 -6 -12
v -10 -6 -12
v -9 -6 -12
v -8 -6 -12
v -7 -6 -12
v -6 -6 -12
v -5 -6 -12
v -4 -6 -12
v -3 -6 -12
v -2 -6 -12
v -1 -6 -12
v 0 -6 -12
v 1 -6 -12
v 1 -5 -12
v 0 -5 -12
v 2 -6 -12
v 3 -6 -12
v 4 -6 -12
v 5 -6 -12
v 6 -6 -12
v 7 -6 -12
v 8 -6 -12
v 9 -6 -12
v 10 -6 -12
v 11 -6 -12
v 12 -6 -12
v 13 -6 -12
v 17 -6 -12
v -21 -7 -12
v -20 -7 -12
v -17 -7 -13
v -17 -7 -12
v -16 -7 -13
v -16 -7 -12
v -15 -7 -13
v -15 -7 -12
v -14 -7 -13
v -14 -7 -12
v -12 -7 -12
v -13 -7 -12
v -13 -6 -12
v 13 -7 -12
v 14 -7 -12
v 14 -6 -12
v 15 -7 -13
v 16 -7 -12
v 15 -7 -12
v 17 -7 -12
v 19 -7 -13
v 19 -7 -12
v 19 -6 -12
v 19 -6 -13
v 20 -7 -12
v 20 -6 -12
v 21 -6 -12
v 21 -7 -12
v -21 -8 -12
v -20 -8 -12
v -19 -8 -12
v -19 -7 -12
v -18 -8 -12
v -18 -7 -12
v -17 -8 -13
v -17 -8 -12
v -14 -8 -13
v -14 -8 -12
v -13 -8 -13
v -13 -8 -12
v -12 -8 -12
v -11 -7 -12
v -11 -8 -12
v 12 -8 -12
v 12 -7 -12
v 13 -8 -12
v 14 -8 -13
v 14 -8 -12
v 15 -8 -13
v 15 -8 -12
v -25 -9 -12
v -25 -8 -12
v -24 -8 -12
v -24 -9 -12
v -12 -9 -13
v -12 -9 -12
v -11 -9 -12
v -10 -8 -12
v -10 -9 -12
v 11 -9 -12
v 11 -8 -12
v 12 -9 -12
v 13 -9 -13
v 13 -9 -12
v -25 -10 -12
v -24 -10 -12
v -11 -10 -13
v -11 -10 -12
v -10 -10 -13
v -10 -10 -12
v -9 -9 -12
v -9 -10 -12
v -8 -9 -12
v -8 -10 -12
v 9 -10 -12
v 9 -9 -12
v 10 -9 -12
v 10 -10 -12
v 11 -10 -13
v 11 -10 -12
v 12 -10 -13
v 12 -10 -12
v 16 -10 -13
v 16 -10 -12
v 16 -9 -12
v 17 -10 -12
v 17 -9 -12
v 18 -10 -12
v 18 -9 -12
v 19 -10 -12
v 19 -9 -12
v 20 -9 -12
v 20 -10 -12
v -10 -11 -13
v -10 -11 -12
v -9 -11 -13
v -9 -11 -12
v -8 -11 -12
v -7 -10 -12
v -7 -11 -12
v -6 -10 -12
v -6 -11 -12
v 7 -11 -12
v 7 -10 -12
v 8 -10 -12
v 8 -11 -12
v 9 -11 -12
v 10 -11 -13
v 10 -11 -12
v 11 -11 -13
v 11 -11 -12
v -8 -12 -13
v -8 -12 -12
v -7 -12 -13
v -7 -12 -12
v -6 -12 -12
v -5 -11 -12
v -5 -12 -12
v -4 -11 -12
v -4 -12 -12
v 5 -12 -12
v 5 -11 -12
v 6 -11 -12
v 6 -12 -12
v 7 -12 -12
v 8 -12 -13
v 8 -12 -12
v 9 -12 -13
v 9 -12 -12
v 20 -12 -12
v 20 -11 -12
v 21 -11 -12
v 21 -12 -12
v 22 -11 -12
v 22 -12 -12
v 23 -11 -12
v 23 -12 -12
v 24 -11 -12
v 25 -11 -12
v 24 -12 -12
v 25 -12 -12
v 26 -11 -12
v 26 -12 -12
v 27 -11 -12
v 27 -12 -12
v -6 -13 -13
v -6 -13 -12
v -5 -13 -13
v -5 -13 -12
v -4 -13 -13
v -4 -13 -12
v -3 -12 -12
v -3 -13 -12
v -2 -12 -12
v -2 -13 -12
v -1 -12 -12
v -1 -13 -12
v 0 -12 -12
v 0 -13 -12
v 1 -12 -12
v 1 -13 -12
v 2 -12 -12
v 2 -13 -12
v 3 -12 -12
v 3 -13 -12
v 4 -12 -12
v 4 -13 -12
v 5 -13 -13
v 5 -13 -12
v 6 -13 -13
v 6 -13 -12
v 7 -13 -13
v 7 -13 -12
v 20 -13 -12
v 21 -13 -12
v 22 -13 -12
v 23 -13 -12
v 24 -13 -12
v 25 -13 -12
v 26 -13 -12
v 27 -13 -12
v -4 -14 -13
v -4 -14 -12
v -3 -14 -13
v -3 -14 -12
v -2 -14 -13
v -2 -14 -12
v -1 -14 -13
v -1 -14 -12
v 0 -14 -13
v 0 -14 -12
v 1 -14 -13
v 1 -14 -12
v 2 -14 -13
v 2 -14 -12
v 3 -14 -13
v 3 -14 -12
v 4 -14 -13
v 4 -14 -12
v 5 -14 -13
v 5 -14 -12
v 21 -14 -12
v 22 -14 -12
v 23 -14 -12
v 24 -14 -12
v 25 -14 -12
v 26 -14 -12
v 0 20 -11
v 0 21 -11
v 0 21 -12
v 1 21 -11
v 1 21 -12
v 2 21 -11
v 2 21 -12
v 3 21 -12
v 3 21 -11
v 3 20 -11
v -1 19 -11
v -1 20 -11
v -1 20 -12
v 4 20 -12
v 4 20 -11
v 4 19 -11
v -2 18 -12
v -2 18 -11
v -2 19 -11
v -2 19 -12
v -1 18 -11
v 0 18 -11
v 4 18 -11
v 3 18 -11
v 5 18 -12
v 5 19 -12
v 5 19 -11
v 5 18 -11
v 0 17 -12
v 0 17 -11
v 1 17 -12
v 1 17 -11
v 1 18 -11
v 2 17 -12
v 2 17 -11
v 2 18 -11
v 3 17 -12
v 3 17 -11
v 0 16 -12
v 0 16 -11
v 1 16 -12
v 1 16 -11
v 2 16 -12
v 2 16 -11
v 3 16 -12
v 3 16 -11
v 0 15 -12
v 0 15 -11
v 1 15 -12
v 1 15 -11
v 2 15 -12
v 2 15 -11
v 3 15 -12
v 3 15 -11
v 0 14 -12
v 0 14 -11
v 1 14 -12
v 1 14 -11
v 2 14 -12
v 2 14 -11
v 3 14 -12
v 3 14 -11
v 0 13 -12
v 0 13 -11
v 1 13 -12
v 1 13 -11
v 2 13 -12
v 2 13 -11
v 3 13 -12
v 3 13 -11
v 0 12 -12
v 0 12 -11
v 1 12 -12
v 1 12 -11
v 2 12 -12
v 2 12 -11
v 3 12 -12
v 3 12 -11
v 0 11 -12
v 0 11 -11
v 1 11 -12
v 1 11 -11
v 2 11 -12
v 2 11 -11
v 3 11 -12
v 3 11 -11
v 0 10 -12
v 0 10 -11
v 1 10 -12
v 1 10 -11
v 2 10 -12
v 2 10 -11
v 3 10 -12
v 3 10 -11
v 0 9 -12
v 0 9 -11
v 1 9 -12
v 1 9 -11
v 2 9 -12
v 2 9 -11
v 3 9 -12
v 3 9 -11
v 0 8 -12
v 0 8 -11
v 1 8 -12
v 1 8 -11
v 2 8 -12
v 2 8 -11
v 3 8 -12
v 3 8 -11
v 0 7 -12
v 0 7 -11
v 1 7 -12
v 1 7 -11
v 2 7 -12
v 2 7 -11
v 3 7 -12
v 3 7 -11
v 0 6 -12
v 0 6 -11
v 1 6 -12
v 1 6 -11
v 2 6 -12
v 2 6 -11
v 3 6 -12
v 3 6 -11
v 0 5 -12
v 0 5 -11
v 1 5 -12
v 1 5 -11
v 2 5 -12
v 2 5 -11
v 3 5 -12
v 3 5 -11
v 0 4 -12
v 0 4 -11
v 1 4 -12
v 1 4 -11
v 2 4 -12
v 2 4 -11
v 3 4 -12
v 3 4 -11
v 0 3 -12
v 0 3 -11
v 1 3 -12
v 1 3 -11
v 2 3 -12
v 2 3 -11
v 3 3 -12
v 3 3 -11
v 0 2 -12
v 0 2 -11
v 1 2 -12
v 1 2 -11
v 2 2 -12
v 2 2 -11
v 3 2 -12
v 3 2 -11
v 0 1 -12
v 0 1 -11
v 1 1 -12
v 1 1 -11
v 2 1 -12
v 2 1 -11
v 3 1 -12
v 3 1 -11
v 0 0 -11
v 1 0 -11
v 2 0 -12
v 2 0 -11
v 3 0 -12
v 3 0 -11
v 0 -1 -11
v 2 -1 -12
v 1 -1 -11
v 2 -1 -11
v 3 -1 -12
v 3 -1 -11
v 0 -2 -12
v 0 -2 -11
v 1 -2 -12
v 1 -2 -11
v 2 -2 -12
v 2 -2 -11
v 3 -2 -12
v 3 -2 -11
v 0 -4 -11
v 0 -3 -11
v 0 -3 -12
v 1 -3 -12
v 1 -3 -11
v 1 -4 -11
v -21 -5 -11
v -21 -4 -11
v -20 -5 -11
v -20 -4 -11
v -19 -5 -12
v -19 -4 -12
v -19 -4 -11
v -19 -5 -11
v -17 -5 -11
v -17 -4 -11
v -16 -4 -11
v -15 -4 -11
v -14 -4 -11
v -13 -4 -11
v -12 -4 -11
v -11 -4 -11
v -10 -4 -11
v -9 -4 -11
v -8 -4 -11
v -7 -4 -11
v -6 -4 -11
v -5 -4 -11
v -4 -4 -11
v -3 -4 -11
v -2 -4 -11
v -1 -4 -11
v 1 -5 -11
v 0 -5 -11
v 2 -4 -11
v 3 -4 -11
v 4 -4 -11
v 5 -4 -11
v 6 -4 -11
v 7 -4 -11
v 8 -4 -11
v 9 -4 -11
v 10 -4 -11
v 11 -4 -11
v 12 -4 -11
v 13 -4 -11
v 14 -4 -11
v 15 -4 -11
v 16 -4 -11
v 17 -4 -11
v 18 -5 -12
v 18 -4 -12
v 18 -4 -11
v 18 -5 -11
v -17 -6 -11
v -16 -6 -11
v -12 -6 -11
v -13 -6 -11
v -11 -6 -11
v -10 -6 -11
v -9 -6 -11
v -8 -6 -11
v -7 -6 -11
v -6 -6 -11
v -5 -6 -11
v -4 -6 -11
v -4 -5 -11
v -5 -5 -11
v -3 -6 -11
v -3 -5 -11
v -2 -6 -11
v -2 -5 -11
v -1 -6 -11
v -1 -5 -11
v 0 -6 -11
v 1 -6 -11
v 2 -6 -11
v 2 -5 -11
v 3 -6 -11
v 3 -5 -11
v 4 -6 -11
v 4 -5 -11
v 5 -6 -11
v 5 -5 -11
v 6 -6 -11
v 6 -5 -11
v 7 -6 -11
v 8 -6 -11
v 9 -6 -11
v 10 -6 -11
v 11 -6 -11
v 12 -6 -11
v 13 -6 -11
v 14 -6 -11
v 18 -6 -12
v 18 -6 -11
v 17 -6 -11
v 19 -6 -11
v 19 -5 -11
v 19 -5 -12
v 20 -5 -12
v 20 -5 -11
v 20 -6 -11
v -16 -7 -11
v -15 -7 -11
v -14 -7 -11
v -14 -6 -11
v -15 -6 -11
v -13 -7 -11
v 14 -7 -11
v 15 -7 -11
v 16 -7 -11
v 16 -6 -11
v 15 -6 -11
v 17 -7 -11
v -20 -8 -11
v -20 -7 -11
v -19 -8 -11
v -19 -7 -11
v -18 -8 -11
v -18 -7 -11
v -17 -8 -11
v -17 -7 -11
v -16 -8 -12
v -16 -8 -11
v -15 -8 -12
v -15 -8 -11
v -14 -8 -11
v -13 -8 -11
v 14 -8 -11
v 16 -8 -12
v 16 -8 -11
v -14 -9 -12
v -14 -9 -11
v -13 -9 -12
v -13 -9 -11
v -12 -8 -11
v -12 -9 -11
v -11 -8 -11
v -11 -9 -11
v 12 -9 -11
v 12 -8 -11
v 13 -8 -11
v 13 -9 -11
v 14 -9 -12
v 14 -9 -11
v 15 -9 -12
v 15 -9 -11
v 16 -9 -11
v 17 -9 -11
v 17 -8 -11
v 17 -8 -12
v 18 -9 -11
v 18 -8 -11
v 18 -8 -12
v 19 -8 -12
v 19 -8 -11
v 19 -9 -11
v -13 -10 -12
v -13 -10 -11
v -12 -10 -12
v -12 -10 -11
v -11 -10 -11
v -10 -9 -11
v -10 -10 -11
v 11 -10 -11
v 11 -9 -11
v 12 -10 -11
v 13 -10 -12
v 13 -10 -11
v 14 -10 -12
v 14 -10 -11
v -11 -11 -12
v -11 -11 -11
v -10 -11 -11
v -9 -10 -11
v -9 -11 -11
v 10 -11 -11
v 10 -10 -11
v 11 -11 -11
v 12 -11 -12
v 12 -11 -11
v -10 -12 -12
v -10 -12 -11
v -9 -12 -12
v -9 -12 -11
v -8 -11 -11
v -8 -12 -11
v -7 -11 -11
v -7 -12 -11
v 8 -12 -11
v 8 -11 -11
v 9 -11 -11
v 9 -12 -11
v 10 -12 -12
v 10 -12 -11
v 11 -12 -12
v 11 -12 -11
v 23 -12 -11
v 23 -11 -11
v 24 -11 -11
v 24 -12 -11
v -9 -13 -12
v -9 -13 -11
v -8 -13 -12
v -8 -13 -11
v -7 -13 -12
v -7 -13 -11
v -6 -12 -11
v -6 -13 -11
v -5 -12 -11
v -5 -13 -11
v 6 -13 -11
v 6 -12 -11
v 7 -12 -11
v 7 -13 -11
v 8 -13 -12
v 8 -13 -11
v 9 -13 -12
v 9 -13 -11
v 10 -13 -12
v 10 -13 -11
v 23 -13 -11
v 24 -13 -11
v -7 -14 -12
v -7 -14 -11
v -6 -14 -12
v -6 -14 -11
v -5 -14 -12
v -5 -14 -11
v -4 -13 -11
v -4 -14 -11
v -3 -13 -11
v -3 -14 -11
v -2 -13 -11
v -2 -14 -11
v -1 -13 -11
v -1 -14 -11
v 0 -13 -11
v 0 -14 -11
v 1 -14 -11
v 1 -13 -11
v 2 -13 -11
v 2 -14 -11
v 3 -13 -11
v 3 -14 -11
v 4 -13 -11
v 4 -14 -11
v 5 -13 -11
v 5 -14 -11
v 6 -14 -12
v 6 -14 -11
v 7 -14 -12
v 7 -14 -11
v 8 -14 -12
v 8 -14 -11
v -5 -15 -12
v -5 -15 -11
v -4 -15 -12
v -4 -15 -11
v -3 -15 -12
v -3 -15 -11
v -2 -15 -12
v -2 -15 -11
v -1 -15 -12
v -1 -15 -11
v 0 -15 -12
v 0 -15 -11
v 1 -15 -12
v 1 -15 -11
v 2 -15 -12
v 2 -15 -11
v 3 -15 -12
v 3 -15 -11
v 4 -15 -12
v 4 -15 -11
v 5 -15 -12
v 5 -15 -11
v 6 -15 -12
v 6 -15 -11
v 0 -16 -12
v 0 -16 -11
v 1 -16 -12
v 1 -16 -11
v 0 21 -10
v 0 22 -10
v 0 22 -11
v 1 22 -10
v 1 22 -11
v 2 22 -10
v 2 22 -11
v 3 22 -11
v 3 22 -10
v 3 21 -10
v -1 20 -10
v -1 21 -10
v -1 21 -11
v 4 21 -11
v 4 21 -10
v 4 20 -10
v -2 19 -10
v -2 20 -10
v -2 20 -11
v 5 20 -11
v 5 20 -10
v 5 19 -10
v -2 18 -10
v -1 18 -10
v 1 18 -10
v 0 18 -10
v 2 18 -10
v 3 18 -10
v 5 18 -10
v 4 18 -10
v -1 17 -11
v -1 17 -10
v 0 17 -10
v 3 17 -10
v 4 17 -11
v 4 17 -10
v -1 16 -11
v -1 16 -10
v 0 16 -10
v 3 16 -10
v 4 16 -11
v 4 16 -10
v -1 15 -11
v -1 15 -10
v 0 15 -10
v 3 15 -10
v 4 15 -11
v 4 15 -10
v -1 14 -11
v -1 14 -10
v 0 14 -10
v 3 14 -10
v 4 14 -11
v 4 14 -10
v -1 13 -11
v -1 13 -10
v 0 13 -10
v 3 13 -10
v 4 13 -11
v 4 13 -10
v -1 12 -11
v -1 12 -10
v 0 12 -10
v 3 12 -10
v 4 12 -11
v 4 12 -10
v -1 11 -11
v -1 11 -10
v 0 11 -10
v 3 11 -10
v 4 11 -11
v 4 11 -10
v -1 10 -11
v -1 10 -10
v 0 10 -10
v 3 10 -10
v 4 10 -11
v 4 10 -10
v -1 9 -11
v -1 9 -10
v 0 9 -10
v 3 9 -10
v 4 9 -11
v 4 9 -10
v -1 8 -11
v -1 8 -10
v 0 8 -10
v 3 8 -10
v 4 8 -11
v 4 8 -10
v -1 7 -11
v -1 7 -10
v 0 7 -10
v 3 7 -10
v 4 7 -11
v 4 7 -10
v -1 6 -11
v -1 6 -10
v 0 6 -10
v 3 6 -10
v 4 6 -11
v 4 6 -10
v -1 5 -11
v -1 5 -10
v 0 5 -10
v 3 5 -10
v 4 5 -11
v 4 5 -10
v -1 4 -11
v -1 4 -10
v 0 4 -10
v 3 4 -10
v 4 4 -11
v 4 4 -10
v -1 3 -11
v -1 3 -10
v 0 3 -10
v 3 3 -10
v 4 3 -11
v 4 3 -10
v -1 2 -11
v -1 2 -10
v 0 2 -10
v 3 2 -10
v 4 2 -11
v 4 2 -10
v -1 1 -11
v -1 1 -10
v 0 1 -10
v 3 1 -10
v 4 1 -11
v 4 1 -10
v -1 0 -11
v -1 0 -10
v 0 0 -10
v 3 0 -10
v 4 0 -11
v 4 0 -10
v -1 -1 -11
v -1 -1 -10
v 1 0 -10
v 1 -1 -10
v 0 -1 -10
v 3 -1 -10
v 4 -1 -11
v 4 -1 -10
v -1 -2 -11
v -1 -2 -10
v 0 -2 -10
v 3 -2 -10
v 4 -2 -11
v 4 -2 -10
v -20 -4 -10
v -20 -3 -10
v -20 -3 -11
v -19 -3 -11
v -19 -3 -10
v -19 -4 -10
v -16 -4 -10
v -16 -3 -10
v -16 -3 -11
v -15 -3 -11
v -15 -3 -10
v -15 -4 -10
v -5 -4 -10
v -5 -3 -10
v -5 -3 -11
v -4 -3 -10
v -4 -3 -11
v -3 -3 -10
v -3 -3 -11
v -2 -3 -10
v -2 -3 -11
v -1 -3 -10
v -1 -3 -11
v 0 -3 -10
v 1 -3 -10
v 2 -3 -10
v 2 -3 -11
v 3 -3 -10
v 3 -3 -11
v 4 -3 -10
v 4 -3 -11
v 5 -3 -10
v 5 -3 -11
v 6 -3 -11
v 6 -3 -10
v 6 -4 -10
v -20 -5 -10
v -19 -5 -10
v -18 -5 -11
v -18 -5 -10
v -18 -4 -10
v -18 -4 -11
v -17 -4 -10
v -14 -4 -10
v -13 -4 -10
v -12 -4 -10
v -11 -4 -10
v -10 -4 -10
v -9 -4 -10
v -8 -4 -10
v -7 -4 -10
v -6 -4 -10
v -4 -5 -10
v -5 -5 -10
v -3 -5 -10
v -2 -5 -10
v -1 -5 -10
v 0 -5 -10
v 1 -5 -10
v 2 -5 -10
v 3 -5 -10
v 4 -5 -10
v 5 -5 -10
v 6 -5 -10
v 7 -4 -10
v 8 -4 -10
v 9 -4 -10
v 10 -4 -10
v 11 -4 -10
v 12 -4 -10
v 13 -4 -10
v 14 -4 -10
v 15 -4 -10
v 16 -4 -10
v 17 -4 -10
v 18 -4 -10
v 19 -4 -11
v 19 -4 -10
v 19 -5 -10
v -20 -6 -11
v -20 -6 -10
v -19 -6 -11
v -19 -6 -10
v -18 -6 -11
v -18 -6 -10
v -14 -6 -10
v -15 -6 -10
v -13 -6 -10
v -12 -6 -10
v -11 -6 -10
v -10 -6 -10
v -9 -6 -10
v -8 -6 -10
v -7 -6 -10
v -6 -6 -10
v -6 -5 -10
v -7 -5 -10
v -5 -6 -10
v 6 -6 -10
v 7 -6 -10
v 7 -5 -10
v 8 -6 -10
v 8 -5 -10
v 9 -6 -10
v 10 -6 -10
v 11 -6 -10
v 12 -6 -10
v 13 -6 -10
v 14 -6 -10
v 16 -6 -10
v 15 -6 -10
v 19 -6 -10
v -19 -7 -10
v -18 -7 -10
v -15 -7 -10
v 14 -7 -10
v 15 -7 -10
v 16 -7 -10
v 18 -7 -11
v 19 -7 -11
v 19 -7 -10
v -19 -8 -10
v -18 -8 -10
v -17 -8 -10
v -17 -7 -10
v -16 -8 -10
v -15 -8 -10
v -14 -7 -10
v -14 -8 -10
v 14 -8 -10
v 19 -8 -10
v 18 -8 -10
v 18 -7 -10
v -15 -9 -11
v -15 -9 -10
v -14 -9 -10
v -13 -8 -10
v -13 -9 -10
v 14 -9 -10
v 15 -9 -10
v 15 -8 -10
v 16 -9 -10
v 17 -9 -10
v 18 -9 -10
v 17 -8 -10
v -14 -10 -11
v -14 -10 -10
v -13 -10 -10
v -12 -9 -10
v -12 -10 -10
v 13 -10 -10
v 13 -9 -10
v 14 -10 -10
v 15 -10 -11
v 15 -10 -10
v -13 -11 -11
v -13 -11 -10
v -12 -11 -11
v -12 -11 -10
v -11 -10 -10
v -11 -11 -10
v -10 -10 -10
v -10 -11 -10
v 11 -11 -10
v 11 -10 -10
v 12 -10 -10
v 12 -11 -10
v 13 -11 -11
v 13 -11 -10
v 14 -11 -11
v 14 -11 -10
v -12 -12 -11
v -12 -12 -10
v -11 -12 -11
v -11 -12 -10
v -10 -12 -10
v -9 -11 -10
v -9 -12 -10
v 10 -12 -10
v 10 -11 -10
v 11 -12 -10
v 12 -12 -11
v 12 -12 -10
v 13 -12 -11
v 13 -12 -10
v -10 -13 -11
v -10 -13 -10
v -9 -13 -10
v -8 -12 -10
v -8 -13 -10
v -7 -12 -10
v -7 -13 -10
v 8 -13 -10
v 8 -12 -10
v 9 -12 -10
v 9 -13 -10
v 10 -13 -10
v 11 -13 -11
v 11 -13 -10
v -9 -14 -11
v -9 -14 -10
v -8 -14 -11
v -8 -14 -10
v -7 -14 -10
v -6 -13 -10
v -6 -14 -10
v -5 -13 -10
v -5 -14 -10
v 6 -14 -10
v 6 -13 -10
v 7 -13 -10
v 7 -14 -10
v 8 -14 -10
v 9 -14 -11
v 9 -14 -10
v 10 -14 -11
v 10 -14 -10
v -7 -15 -11
v -7 -15 -10
v -6 -15 -11
v -6 -15 -10
v -5 -15 -10
v -4 -14 -10
v -4 -15 -10
v -3 -14 -10
v -3 -15 -10
v -2 -14 -10
v -2 -15 -10
v 3 -15 -10
v 3 -14 -10
v 4 -14 -10
v 4 -15 -10
v 5 -14 -10
v 5 -15 -10
v 6 -15 -10
v 7 -15 -11
v 7 -15 -10
v 8 -15 -11
v 8 -15 -10
v -5 -16 -11
v -5 -16 -10
v -4 -16 -11
v -4 -16 -10
v -3 -16 -11
v -3 -16 -10
v -2 -16 -11
v -2 -16 -10
v -1 -15 -10
v -1 -16 -11
v -1 -16 -10
v 0 -15 -10
v 0 -16 -10
v 1 -15 -10
v 1 -16 -10
v 2 -15 -10
v 2 -16 -11
v 2 -16 -10
v 3 -16 -11
v 3 -16 -10
v 4 -16 -11
v 4 -16 -10
v 5 -16 -11
v 5 -16 -10
v 6 -16 -11
v 6 -16 -10
v -2 -17 -11
v -2 -17 -10
v -1 -17 -11
v -1 -17 -10
v 0 -17 -11
v 0 -17 -10
v 1 -17 -11
v 1 -17 -10
v 2 -17 -11
v 2 -17 -10
v 3 -17 -11
v 3 -17 -10
v 1 23 -10
v 1 23 -9
v 1 24 -9
v 1 24 -10
v 2 23 -10
v 2 24 -10
v 2 24 -9
v 2 23 -9
v 1 22 -9
v 2 22 -9
v 0 21 -9
v 0 22 -9
v 3 22 -9
v 3 21 -9
v -1 20 -9
v -1 21 -9
v 4 21 -9
v 4 20 -9
v -2 19 -9
v -2 20 -9
v 5 20 -9
v 5 19 -9
v -3 18 -10
v -3 18 -9
v -3 19 -9
v -3 19 -10
v -2 18 -9
v -1 18 -9
v 1 18 -9
v 0 18 -9
v 2 18 -9
v 3 18 -9
v 5 18 -9
v 4 18 -9
v 6 18 -10
v 6 19 -10
v 6 19 -9
v 6 18 -9
v -1 17 -9
v 0 17 -9
v 3 17 -9
v 4 17 -9
v -1 16 -9
v 0 16 -9
v 3 16 -9
v 4 16 -9
v -1 15 -9
v 0 15 -9
v 3 15 -9
v 4 15 -9
v -1 14 -9
v 0 14 -9
v 3 14 -9
v 4 14 -9
v -1 13 -9
v 0 13 -9
v 3 13 -9
v 4 13 -9
v -1 12 -9
v 0 12 -9
v 3 12 -9
v 4 12 -9
v -1 11 -9
v 0 11 -9
v 3 11 -9
v 4 11 -9
v -1 10 -9
v 0 10 -9
v 3 10 -9
v 4 10 -9
v -1 9 -9
v 0 9 -9
v 3 9 -9
v 4 9 -9
v -1 8 -9
v 0 8 -9
v 3 8 -9
v 4 8 -9
v -1 7 -9
v 0 7 -9
v 3 7 -9
v 4 7 -9
v -1 6 -9
v 0 6 -9
v 3 6 -9
v 4 6 -9
v -1 5 -9
v 0 5 -9
v 3 5 -9
v 4 5 -9
v -1 4 -9
v 0 4 -9
v 3 4 -9
v 4 4 -9
v -1 3 -9
v 0 3 -9
v 3 3 -9
v 4 3 -9
v -1 2 -9
v 0 2 -9
v 3 2 -9
v 4 2 -9
v -1 1 -9
v 0 1 -9
v 3 1 -9
v 4 1 -9
v -1 0 -9
v 0 0 -9
v 3 0 -9
v 4 0 -9
v -1 -1 -9
v 1 0 -9
v 1 -1 -9
v 0 -1 -9
v 3 -1 -9
v 4 -1 -9
v -1 -2 -9
v 0 -2 -9
v 3 -2 -9
v 4 -2 -9
v -19 -4 -9
v -19 -3 -9
v -18 -3 -10
v -18 -3 -9
v -18 -4 -9
v -15 -4 -9
v -15 -3 -9
v -14 -3 -10
v -14 -3 -9
v -14 -4 -9
v -7 -4 -9
v -7 -3 -9
v -7 -3 -10
v -6 -3 -9
v -6 -3 -10
v -5 -3 -9
v -4 -3 -9
v -3 -3 -9
v -2 -3 -9
v -1 -3 -9
v 0 -3 -9
v 1 -3 -9
v 2 -3 -9
v 3 -3 -9
v 4 -3 -9
v 5 -3 -9
v 6 -3 -9
v 7 -3 -9
v 7 -3 -10
v 8 -3 -10
v 8 -3 -9
v 8 -4 -9
v 12 -4 -9
v 12 -3 -9
v 12 -3 -10
v 13 -3 -10
v 13 -3 -9
v 13 -4 -9
v 16 -4 -9
v 16 -3 -9
v 16 -3 -10
v 17 -3 -10
v 17 -3 -9
v 17 -4 -9
v -18 -5 -9
v -17 -4 -9
v -16 -4 -9
v -13 -4 -9
v -12 -4 -9
v -11 -4 -9
v -10 -4 -9
v -9 -4 -9
v -8 -4 -9
v -6 -5 -9
v -7 -5 -9
v -5 -5 -9
v -4 -5 -9
v -3 -5 -9
v -2 -5 -9
v -1 -5 -9
v 0 -5 -9
v 1 -5 -9
v 2 -5 -9
v 3 -5 -9
v 4 -5 -9
v 5 -5 -9
v 6 -5 -9
v 7 -5 -9
v 8 -5 -9
v 9 -4 -9
v 10 -4 -9
v 11 -4 -9
v 14 -4 -9
v 15 -4 -9
v 18 -4 -9
v 19 -4 -9
v 19 -5 -9
v -18 -6 -9
v -14 -6 -9
v -15 -6 -9
v -13 -6 -9
v -12 -6 -9
v -11 -6 -9
v -10 -6 -9
v -9 -6 -9
v -8 -6 -9
v -8 -5 -9
v -9 -5 -9
v -7 -6 -9
v 8 -6 -9
v 9 -6 -9
v 9 -5 -9
v 10 -6 -9
v 10 -5 -9
v 11 -6 -9
v 12 -6 -9
v 13 -6 -9
v 19 -6 -9
v -18 -7 -9
v -17 -7 -9
v -15 -7 -9
v -16 -7 -9
v -16 -6 -9
v 13 -7 -10
v 13 -7 -9
v 14 -7 -9
v 16 -7 -9
v 17 -7 -9
v 17 -6 -9
v 16 -6 -9
v 19 -7 -9
v 18 -7 -9
v -17 -8 -9
v -16 -8 -9
v -15 -8 -9
v 14 -8 -9
v 15 -8 -9
v 15 -7 -9
v 16 -8 -9
v 17 -8 -9
v 18 -8 -9
v -16 -9 -10
v -16 -9 -9
v -15 -9 -9
v -14 -8 -9
v -14 -9 -9
v 15 -9 -9
v 16 -9 -9
v 17 -9 -9
v -15 -10 -10
v -15 -10 -9
v -14 -10 -9
v -13 -9 -9
v -13 -10 -9
v 14 -10 -9
v 14 -9 -9
v 15 -10 -9
v 16 -10 -10
v 16 -10 -9
v -14 -11 -10
v -14 -11 -9
v -13 -11 -9
v -12 -10 -9
v -12 -11 -9
v 13 -11 -9
v 13 -10 -9
v 14 -11 -9
v 15 -11 -10
v 15 -11 -9
v -13 -12 -10
v -13 -12 -9
v -12 -12 -9
v -11 -11 -9
v -11 -12 -9
v -10 -11 -9
v -10 -12 -9
v 11 -12 -9
v 11 -11 -9
v 12 -11 -9
v 12 -12 -9
v 13 -12 -9
v 14 -12 -10
v 14 -12 -9
v -12 -13 -10
v -12 -13 -9
v -11 -13 -10
v -11 -13 -9
v -10 -13 -9
v -9 -12 -9
v -9 -13 -9
v 10 -13 -9
v 10 -12 -9
v 11 -13 -9
v 12 -13 -10
v 12 -13 -9
v 13 -13 -10
v 13 -13 -9
v -10 -14 -10
v -10 -14 -9
v -9 -14 -9
v -8 -13 -9
v -8 -14 -9
v -7 -13 -9
v -7 -14 -9
v 8 -14 -9
v 8 -13 -9
v 9 -13 -9
v 9 -14 -9
v 10 -14 -9
v 11 -14 -10
v 11 -14 -9
v -9 -15 -10
v -9 -15 -9
v -8 -15 -10
v -8 -15 -9
v -7 -15 -9
v -6 -14 -9
v -6 -15 -9
v 7 -15 -9
v 7 -14 -9
v 8 -15 -9
v 9 -15 -10
v 9 -15 -9
v 10 -15 -10
v 10 -15 -9
v -7 -16 -10
v -7 -16 -9
v -6 -16 -10
v -6 -16 -9
v -5 -15 -9
v -5 -16 -9
v -4 -15 -9
v -4 -16 -9
v -3 -15 -9
v -3 -16 -9
v 4 -16 -9
v 4 -15 -9
v 5 -15 -9
v 5 -16 -9
v 6 -15 -9
v 6 -16 -9
v 7 -16 -10
v 7 -16 -9
v 8 -16 -10
v 8 -16 -9
v -6 -17 -10
v -6 -17 -9
v -5 -17 -10
v -5 -17 -9
v -4 -17 -10
v -4 -17 -9
v -3 -17 -10
v -3 -17 -9
v -2 -16 -9
v -2 -17 -9
v -1 -16 -9
v -1 -17 -9
v 0 -16 -9
v 0 -17 -9
v 1 -16 -9
v 1 -17 -9
v 2 -16 -9
v 2 -17 -9
v 3 -16 -9
v 3 -17 -9
v 4 -17 -10
v 4 -17 -9
v 5 -17 -10
v 5 -17 -9
v 6 -17 -10
v 6 -17 -9
v 7 -17 -10
v 7 -17 -9
v -3 -18 -10
v -3 -18 -9
v -2 -18 -10
v -2 -18 -9
v -1 -18 -10
v -1 -18 -9
v 0 -18 -10
v 0 -18 -9
v 1 -18 -10
v 1 -18 -9
v 2 -18 -10
v 2 -18 -9
v 3 -18 -10
v 3 -18 -9
v 4 -18 -10
v 4 -18 -9
v 0 21 -8
v 0 22 -8
v 1 22 -8
v 1 21 -8
v 2 22 -8
v 2 21 -8
v 3 22 -8
v 3 21 -8
v -1 20 -8
v -1 21 -8
v 0 20 -8
v 4 21 -8
v 4 20 -8
v 3 20 -8
v -2 19 -8
v -2 20 -8
v -1 19 -8
v 5 20 -8
v 5 19 -8
v 4 19 -8
v -2 18 -8
v -1 18 -8
v 1 18 -8
v 0 18 -8
v 2 18 -8
v 3 18 -8
v 5 18 -8
v 4 18 -8
v -1 17 -8
v 0 17 -8
v 3 17 -8
v 4 17 -8
v -1 16 -8
v 0 16 -8
v 3 16 -8
v 4 16 -8
v -1 15 -8
v 0 15 -8
v 3 15 -8
v 4 15 -8
v -1 14 -8
v 0 14 -8
v 3 14 -8
v 4 14 -8
v -1 13 -8
v 0 13 -8
v 3 13 -8
v 4 13 -8
v -1 12 -8
v 0 12 -8
v 3 12 -8
v 4 12 -8
v -1 11 -8
v 0 11 -8
v 3 11 -8
v 4 11 -8
v -9 10 -9
v -9 10 -8
v -9 11 -8
v -9 11 -9
v -8 10 -9
v -8 11 -9
v -8 11 -8
v -8 10 -8
v -1 10 -8
v 0 10 -8
v 3 10 -8
v 4 10 -8
v -10 9 -9
v -10 9 -8
v -10 10 -8
v -10 10 -9
v -9 9 -9
v -9 9 -8
v -8 9 -9
v -8 9 -8
v -7 9 -9
v -7 10 -9
v -7 10 -8
v -7 9 -8
v -1 9 -8
v 0 9 -8
v 3 9 -8
v 4 9 -8
v -11 8 -9
v -11 8 -8
v -11 9 -8
v -11 9 -9
v -10 8 -9
v -10 8 -8
v -7 8 -9
v -7 8 -8
v -6 8 -9
v -6 9 -9
v -6 9 -8
v -6 8 -8
v -1 8 -8
v 0 8 -8
v 3 8 -8
v 4 8 -8
v -12 7 -9
v -12 7 -8
v -12 8 -8
v -12 8 -9
v -11 7 -9
v -11 7 -8
v -6 7 -9
v -6 7 -8
v -5 7 -9
v -5 8 -9
v -5 8 -8
v -5 7 -8
v -1 7 -8
v 0 7 -8
v 3 7 -8
v 4 7 -8
v -13 6 -9
v -13 6 -8
v -13 7 -8
v -13 7 -9
v -12 6 -9
v -12 6 -8
v -5 6 -9
v -5 6 -8
v -4 6 -9
v -4 7 -9
v -4 7 -8
v -4 6 -8
v -1 6 -8
v 0 6 -8
v 3 6 -8
v 4 6 -8
v -14 5 -9
v -14 5 -8
v -14 6 -8
v -14 6 -9
v -13 5 -9
v -13 5 -8
v -4 5 -9
v -4 5 -8
v -3 5 -9
v -3 6 -9
v -3 6 -8
v -3 5 -8
v -1 5 -8
v 0 5 -8
v 3 5 -8
v 4 5 -8
v -15 4 -9
v -15 4 -8
v -15 5 -8
v -15 5 -9
v -14 4 -9
v -14 4 -8
v -3 4 -9
v -3 4 -8
v -2 4 -9
v -2 5 -9
v -2 5 -8
v -2 4 -8
v -1 4 -8
v 0 4 -8
v 3 4 -8
v 4 4 -8
v -1 3 -8
v 0 3 -8
v 3 3 -8
v 4 3 -8
v -1 2 -8
v 0 2 -8
v 3 2 -8
v 4 2 -8
v -1 1 -8
v 0 1 -8
v 3 1 -8
v 4 1 -8
v -1 0 -8
v 0 0 -8
v 3 0 -8
v 4 0 -8
v -1 -1 -8
v 0 -1 -8
v 1 0 -8
v 1 -1 -8
v 3 -1 -8
v 4 -1 -8
v -1 -2 -8
v 0 -2 -8
v 3 -2 -8
v 4 -2 -8
v 11 -2 -9
v 11 -2 -8
v 11 -1 -8
v 11 -1 -9
v 12 -2 -9
v 12 -1 -9
v 12 -1 -8
v 12 -2 -8
v 15 -2 -9
v 15 -2 -8
v 15 -1 -8
v 15 -1 -9
v 16 -2 -9
v 16 -1 -9
v 16 -1 -8
v 16 -2 -8
v -18 -3 -8
v -18 -2 -8
v -18 -2 -9
v -17 -3 -9
v -17 -2 -9
v -17 -2 -8
v -17 -3 -8
v -14 -3 -8
v -14 -2 -8
v -14 -2 -9
v -13 -3 -9
v -13 -2 -9
v -13 -2 -8
v -13 -3 -8
v 11 -3 -9
v 11 -3 -8
v 12 -3 -8
v 15 -3 -9
v 15 -3 -8
v 16 -3 -8
v -9 -4 -8
v -9 -3 -8
v -9 -3 -9
v -8 -3 -8
v -8 -3 -9
v -7 -3 -8
v -6 -3 -8
v -5 -3 -8
v -4 -3 -8
v -3 -3 -8
v -2 -3 -8
v -1 -3 -8
v 0 -3 -8
v 1 -3 -8
v 2 -3 -8
v 3 -3 -8
v 4 -3 -8
v 5 -3 -8
v 6 -3 -8
v 7 -3 -8
v 8 -3 -8
v 9 -3 -8
v 9 -3 -9
v 10 -3 -9
v 10 -3 -8
v 10 -4 -8
v 11 -4 -8
v 13 -3 -8
v 13 -4 -8
v 15 -4 -8
v 16 -4 -8
v 17 -3 -8
v 17 -4 -8
v -19 -5 -9
v -19 -5 -8
v -19 -4 -8
v -18 -4 -8
v -17 -4 -8
v -16 -4 -8
v -15 -4 -8
v -14 -4 -8
v -13 -4 -8
v -12 -4 -8
v -11 -4 -8
v -10 -4 -8
v -8 -5 -8
v -9 -5 -8
v -7 -5 -8
v -6 -5 -8
v -5 -5 -8
v -4 -5 -8
v -3 -5 -8
v -2 -5 -8
v -1 -5 -8
v 0 -5 -8
v 1 -5 -8
v 2 -5 -8
v 3 -5 -8
v 4 -5 -8
v 5 -5 -8
v 6 -5 -8
v 7 -5 -8
v 8 -5 -8
v 9 -5 -8
v 10 -5 -8
v 14 -4 -8
v 18 -4 -8
v 19 -4 -8
v 20 -5 -9
v 20 -4 -9
v 20 -4 -8
v 20 -5 -8
v -19 -6 -9
v -19 -6 -8
v -18 -6 -8
v -15 -6 -8
v -16 -6 -8
v -14 -6 -8
v -13 -6 -8
v -12 -6 -8
v -11 -6 -8
v -10 -6 -8
v -9 -6 -8
v -10 -5 -8
v 10 -6 -8
v 11 -6 -8
v 11 -5 -8
v 12 -6 -8
v 13 -6 -8
v 17 -6 -8
v 16 -6 -8
v 20 -6 -9
v 20 -6 -8
v 19 -6 -8
v -18 -7 -8
v -17 -7 -8
v -16 -7 -8
v -17 -6 -8
v 13 -7 -8
v 14 -7 -8
v 14 -6 -8
v 15 -7 -8
v 15 -6 -8
v 16 -7 -8
v 17 -7 -8
v 18 -7 -8
v 18 -6 -8
v 19 -7 -8
v -17 -8 -8
v -16 -8 -8
v 17 -8 -8
v 18 -8 -8
v -17 -9 -9
v -17 -9 -8
v -16 -9 -8
v -15 -8 -8
v -15 -9 -8
v 16 -9 -8
v 16 -8 -8
v 17 -9 -8
v 18 -9 -9
v 18 -9 -8
v -16 -10 -9
v -16 -10 -8
v -15 -10 -8
v -14 -9 -8
v -14 -10 -8
v 15 -10 -8
v 15 -9 -8
v 16 -10 -8
v 17 -10 -9
v 17 -10 -8
v -15 -11 -9
v -15 -11 -8
v -14 -11 -8
v -13 -10 -8
v -13 -11 -8
v 14 -11 -8
v 14 -10 -8
v 15 -11 -8
v 16 -11 -9
v 16 -11 -8
v -14 -12 -9
v -14 -12 -8
v -13 -12 -8
v -12 -11 -8
v -12 -12 -8
v 13 -12 -8
v 13 -11 -8
v 14 -12 -8
v 15 -12 -9
v 15 -12 -8
v -13 -13 -9
v -13 -13 -8
v -12 -13 -8
v -11 -12 -8
v -10 -12 -8
v -10 -13 -8
v -11 -13 -8
v 11 -13 -8
v 11 -12 -8
v 12 -12 -8
v 12 -13 -8
v 14 -13 -9
v 14 -13 -8
v 13 -13 -8
v -12 -14 -9
v -12 -14 -8
v -11 -14 -9
v -11 -14 -8
v -10 -14 -8
v -9 -13 -8
v -9 -14 -8
v 10 -14 -8
v 10 -13 -8
v 11 -14 -8
v 12 -14 -9
v 12 -14 -8
v 13 -14 -9
v 13 -14 -8
v -10 -15 -9
v -10 -15 -8
v -9 -15 -8
v -8 -14 -8
v -8 -15 -8
v 9 -15 -8
v 9 -14 -8
v 10 -15 -8
v 11 -15 -9
v 11 -15 -8
v -9 -16 -9
v -9 -16 -8
v -8 -16 -9
v -8 -16 -8
v -7 -15 -8
v -6 -15 -8
v -6 -16 -8
v -7 -16 -8
v 7 -16 -8
v 7 -15 -8
v 8 -15 -8
v 8 -16 -8
v 9 -16 -9
v 10 -16 -9
v 10 -16 -8
v 9 -16 -8
v -8 -17 -9
v -8 -17 -8
v -7 -17 -9
v -7 -17 -8
v -6 -17 -8
v -5 -16 -8
v -5 -17 -8
v -4 -16 -8
v -4 -17 -8
v -3 -16 -8
v -3 -17 -8
v 4 -17 -8
v 4 -16 -8
v 5 -16 -8
v 5 -17 -8
v 6 -16 -8
v 6 -17 -8
v 7 -17 -8
v 8 -17 -9
v 8 -17 -8
v 9 -17 -9
v 9 -17 -8
v -6 -18 -9
v -6 -18 -8
v -5 -18 -9
v -5 -18 -8
v -4 -18 -9
v -4 -18 -8
v -3 -18 -8
v -2 -17 -8
v -2 -18 -8
v -1 -17 -8
v -1 -18 -8
v 0 -17 -8
v 0 -18 -8
v 1 -17 -8
v 1 -18 -8
v 2 -17 -8
v 2 -18 -8
v 3 -17 -8
v 3 -18 -8
v 4 -18 -8
v 5 -18 -9
v 5 -18 -8
v 6 -18 -9
v 6 -18 -8
v 7 -18 -9
v 7 -18 -8
v -3 -19 -9
v -3 -19 -8
v -2 -19 -9
v -2 -19 -8
v -1 -19 -9
v -1 -19 -8
v 0 -19 -9
v 0 -19 -8
v 1 -19 -9
v 1 -19 -8
v 2 -19 -9
v 2 -19 -8
v 3 -19 -9
v 3 -19 -8
v 4 -19 -9
v 4 -19 -8
v 0 20 -7
v 0 21 -7
v 1 21 -7
v 1 20 -7
v 2 21 -7
v 2 20 -7
v 3 21 -7
v 3 20 -7
v -1 19 -7
v -1 20 -7
v 0 19 -7
v 4 20 -7
v 4 19 -7
v 3 19 -7
v -2 18 -7
v -2 19 -7
v -1 18 -7
v 0 18 -7
v 4 18 -7
v 3 18 -7
v 5 19 -7
v 5 18 -7
v 0 17 -7
v 1 17 -8
v 1 17 -7
v 1 18 -7
v 2 17 -8
v 2 17 -7
v 2 18 -7
v 3 17 -7
v 0 16 -7
v 1 16 -8
v 1 16 -7
v 2 16 -8
v 2 16 -7
v 3 16 -7
v 0 15 -7
v 1 15 -8
v 1 15 -7
v 2 15 -8
v 3 15 -7
v 2 15 -7
v 0 14 -7
v 1 14 -8
v 1 14 -7
v 2 14 -8
v 2 14 -7
v 3 14 -7
v 0 13 -7
v 1 13 -8
v 1 13 -7
v 2 13 -8
v 2 13 -7
v 3 13 -7
v 0 12 -7
v 1 12 -8
v 1 12 -7
v 2 12 -8
v 2 12 -7
v 3 12 -7
v 0 11 -7
v 1 11 -8
v 1 11 -7
v 2 11 -8
v 2 11 -7
v 3 11 -7
v -9 10 -7
v -9 11 -7
v -8 11 -7
v -8 10 -7
v 0 10 -7
v 1 10 -8
v 1 10 -7
v 2 10 -8
v 2 10 -7
v 3 10 -7
v -10 9 -7
v -10 10 -7
v -9 9 -7
v -8 9 -7
v -7 10 -7
v -7 9 -7
v 0 9 -7
v 1 9 -8
v 1 9 -7
v 2 9 -8
v 2 9 -7
v 3 9 -7
v -11 8 -7
v -11 9 -7
v -9 8 -8
v -10 8 -7
v -9 8 -7
v -8 8 -8
v -8 8 -7
v -7 8 -7
v -6 9 -7
v -6 8 -7
v 0 8 -7
v 1 8 -8
v 1 8 -7
v 2 8 -8
v 2 8 -7
v 3 8 -7
v -12 7 -7
v -12 8 -7
v -10 7 -8
v -11 7 -7
v -10 7 -7
v -9 7 -8
v -9 7 -7
v -8 7 -8
v -8 7 -7
v -7 7 -8
v -7 7 -7
v -6 7 -7
v -5 8 -7
v -5 7 -7
v 0 7 -7
v 1 7 -8
v 1 7 -7
v 2 7 -8
v 2 7 -7
v 3 7 -7
v -13 6 -7
v -13 7 -7
v -11 6 -8
v -12 6 -7
v -11 6 -7
v -10 6 -8
v -10 6 -7
v -9 6 -8
v -9 6 -7
v -8 6 -8
v -8 6 -7
v -7 6 -8
v -7 6 -7
v -6 6 -8
v -6 6 -7
v -5 6 -7
v -4 7 -7
v -4 6 -7
v 0 6 -7
v 1 6 -8
v 1 6 -7
v 2 6 -8
v 2 6 -7
v 3 6 -7
v -14 5 -7
v -14 6 -7
v -12 5 -8
v -13 5 -7
v -12 5 -7
v -11 5 -8
v -11 5 -7
v -10 5 -8
v -10 5 -7
v -9 5 -8
v -9 5 -7
v -8 5 -8
v -8 5 -7
v -7 5 -8
v -7 5 -7
v -6 5 -8
v -6 5 -7
v -5 5 -8
v -5 5 -7
v -4 5 -7
v -3 6 -7
v -3 5 -7
v 0 5 -7
v 1 5 -8
v 1 5 -7
v 2 5 -8
v 2 5 -7
v 3 5 -7
v -15 4 -7
v -15 5 -7
v -14 4 -7
v -13 4 -8
v -12 4 -8
v -13 4 -7
v -12 4 -7
v -11 4 -8
v -11 4 -7
v -10 4 -8
v -10 4 -7
v -9 4 -8
v -9 4 -7
v -8 4 -8
v -8 4 -7
v -7 4 -8
v -7 4 -7
v -6 4 -8
v -6 4 -7
v -5 4 -8
v -5 4 -7
v -4 4 -8
v -4 4 -7
v -2 5 -7
v -2 4 -7
v -3 4 -7
v 0 4 -7
v 1 4 -8
v 1 4 -7
v 2 4 -8
v 2 4 -7
v 3 4 -7
v -14 3 -8
v -14 3 -7
v -13 3 -8
v -12 3 -8
v -13 3 -7
v -12 3 -7
v -11 3 -8
v -11 3 -7
v -10 3 -8
v -10 3 -7
v -9 3 -8
v -9 3 -7
v -8 3 -8
v -8 3 -7
v -7 3 -8
v -7 3 -7
v -6 3 -8
v -6 3 -7
v -5 3 -8
v -5 3 -7
v -4 3 -8
v -4 3 -7
v -3 3 -8
v -3 3 -7
v 0 3 -7
v 1 3 -8
v 1 3 -7
v 2 3 -8
v 2 3 -7
v 3 3 -7
v -14 2 -8
v -14 2 -7
v -13 2 -8
v -12 2 -8
v -13 2 -7
v -12 2 -7
v -11 2 -8
v -11 2 -7
v -10 2 -8
v -10 2 -7
v -9 2 -8
v -9 2 -7
v -8 2 -8
v -8 2 -7
v -7 2 -8
v -7 2 -7
v -6 2 -8
v -6 2 -7
v -5 2 -8
v -5 2 -7
v -4 2 -8
v -4 2 -7
v -3 2 -8
v -3 2 -7
v 0 2 -7
v 1 2 -8
v 1 2 -7
v 2 2 -8
v 2 2 -7
v 3 2 -7
v -14 1 -8
v -14 1 -7
v -13 1 -8
v -12 1 -8
v -13 1 -7
v -12 1 -7
v -11 1 -8
v -11 1 -7
v -10 1 -8
v -10 1 -7
v -9 1 -8
v -9 1 -7
v -8 1 -8
v -8 1 -7
v -7 1 -8
v -7 1 -7
v -6 1 -8
v -6 1 -7
v -5 1 -8
v -5 1 -7
v -4 1 -8
v -4 1 -7
v -3 1 -8
v -3 1 -7
v 0 1 -7
v 1 1 -8
v 1 1 -7
v 2 1 -8
v 2 1 -7
v 3 1 -7
v -14 0 -8
v -14 0 -7
v -13 0 -8
v -12 0 -8
v -13 0 -7
v -12 0 -7
v -11 0 -8
v -11 0 -7
v -10 0 -8
v -10 0 -7
v -9 0 -8
v -9 0 -7
v -8 0 -8
v -8 0 -7
v -7 0 -8
v -7 0 -7
v -6 0 -8
v -6 0 -7
v -5 0 -8
v -5 0 -7
v -4 0 -8
v -4 0 -7
v -3 0 -8
v -3 0 -7
v 0 0 -7
v 1 0 -7
v 2 0 -8
v 2 0 -7
v 3 0 -7
v -14 -1 -8
v -14 -1 -7
v -13 -1 -8
v -12 -1 -8
v -11 -1 -8
v -10 -1 -8
v -11 -1 -7
v -10 -1 -7
v -9 -1 -8
v -9 -1 -7
v -8 -1 -8
v -8 -1 -7
v -7 -1 -8
v -7 -1 -7
v -6 -1 -8
v -6 -1 -7
v -5 -1 -8
v -5 -1 -7
v -4 -1 -8
v -4 -1 -7
v -3 -1 -8
v -3 -1 -7
v 0 -1 -7
v 1 -1 -7
v 2 -1 -8
v 2 -1 -7
v 3 -1 -7
v 10 -1 -8
v 10 -1 -7
v 10 0 -7
v 10 0 -8
v 11 0 -8
v 11 0 -7
v 11 -1 -7
v 14 -1 -8
v 14 -1 -7
v 14 0 -7
v 14 0 -8
v 15 0 -8
v 15 0 -7
v 15 -1 -7
v -18 -2 -7
v -18 -1 -7
v -18 -1 -8
v -17 -1 -7
v -17 -1 -8
v -17 -2 -7
v -16 -2 -8
v -16 -1 -8
v -16 -1 -7
v -16 -2 -7
v -14 -2 -7
v -12 -2 -8
v -12 -2 -7
v -13 -2 -7
v -11 -2 -8
v -11 -2 -7
v -10 -2 -8
v -10 -2 -7
v -9 -2 -8
v -9 -2 -7
v -8 -2 -8
v -8 -2 -7
v -7 -2 -8
v -7 -2 -7
v -6 -2 -8
v -6 -2 -7
v -5 -2 -8
v -5 -2 -7
v -4 -2 -8
v -4 -2 -7
v -3 -2 -8
v -3 -2 -7
v 0 -2 -7
v 1 -2 -8
v 1 -2 -7
v 2 -2 -8
v 2 -2 -7
v 3 -2 -7
v 10 -2 -8
v 10 -2 -7
v 11 -2 -7
v 12 -1 -7
v 12 -2 -7
v 14 -2 -8
v 14 -2 -7
v 15 -2 -7
v 16 -1 -7
v 16 -2 -7
v -18 -3 -7
v -17 -3 -7
v -14 -3 -7
v -13 -3 -7
v -18 -4 -7
v -17 -4 -7
v -14 -4 -7
v -13 -4 -7
v -10 -4 -7
v -10 -3 -7
v -10 -3 -8
v -9 -3 -7
v -8 -3 -7
v -7 -3 -7
v -6 -3 -7
v -5 -3 -7
v -4 -3 -7
v -3 -3 -7
v -2 -3 -7
v -1 -3 -7
v 0 -3 -7
v 1 -3 -7
v 2 -3 -7
v 3 -3 -7
v 4 -3 -7
v 5 -3 -7
v 6 -3 -7
v 7 -3 -7
v 8 -3 -7
v 9 -3 -7
v 10 -3 -7
v 11 -3 -7
v 12 -3 -7
v 13 -3 -7
v 12 -4 -7
v 13 -4 -7
v 14 -3 -8
v 14 -3 -7
v 14 -4 -7
v -20 -5 -8
v -20 -5 -7
v -20 -4 -7
v -20 -4 -8
v -19 -4 -7
v -16 -4 -7
v -15 -4 -7
v -12 -4 -7
v -11 -4 -7
v -9 -5 -7
v -10 -5 -7
v -8 -5 -7
v -7 -5 -7
v -6 -5 -7
v -5 -5 -7
v -4 -5 -7
v -3 -5 -7
v -2 -5 -7
v -1 -5 -7
v 0 -5 -7
v 1 -5 -7
v 2 -5 -7
v 3 -5 -7
v 4 -5 -7
v 5 -5 -7
v 6 -5 -7
v 7 -5 -7
v 8 -5 -7
v 9 -5 -7
v 10 -5 -7
v 11 -5 -7
v 15 -4 -7
v 16 -4 -7
v 17 -4 -7
v 18 -4 -7
v 19 -4 -7
v 20 -4 -7
v 21 -5 -8
v 21 -4 -8
v 21 -4 -7
v 21 -5 -7
v -20 -6 -8
v -20 -6 -7
v -19 -6 -7
v -16 -6 -7
v -17 -6 -7
v -15 -6 -7
v -14 -6 -7
v -13 -6 -7
v -12 -6 -7
v -11 -6 -7
v -10 -6 -7
v -11 -5 -7
v 11 -6 -7
v 12 -6 -7
v 12 -5 -7
v 13 -6 -7
v 14 -6 -7
v 15 -6 -7
v 16 -6 -7
v 17 -6 -7
v 18 -6 -7
v 21 -6 -8
v 21 -6 -7
v 20 -6 -7
v -19 -7 -8
v -19 -7 -7
v -18 -7 -7
v -17 -7 -7
v -18 -6 -7
v 18 -7 -7
v 19 -7 -7
v 19 -6 -7
v 20 -7 -8
v 20 -7 -7
v -18 -8 -8
v -18 -8 -7
v -17 -8 -7
v -16 -7 -7
v -16 -8 -7
v 17 -8 -7
v 17 -7 -7
v 18 -8 -7
v 19 -8 -8
v 19 -8 -7
v -17 -9 -7
v -16 -9 -7
v 17 -9 -7
v 18 -9 -7
v -16 -10 -7
v -15 -9 -7
v -15 -10 -7
v 16 -10 -7
v 16 -9 -7
v 17 -10 -7
v -16 -11 -8
v -16 -11 -7
v -15 -11 -7
v -14 -10 -7
v -14 -11 -7
v 15 -11 -7
v 15 -10 -7
v 17 -11 -8
v 17 -11 -7
v 16 -11 -7
v -15 -12 -8
v -15 -12 -7
v -14 -12 -7
v -13 -11 -7
v -13 -12 -7
v 14 -12 -7
v 14 -11 -7
v 16 -12 -8
v 16 -12 -7
v 15 -12 -7
v -14 -13 -8
v -14 -13 -7
v -13 -13 -7
v -12 -12 -7
v -11 -12 -7
v -11 -13 -7
v -12 -13 -7
v 12 -13 -7
v 12 -12 -7
v 13 -12 -7
v 13 -13 -7
v 15 -13 -8
v 15 -13 -7
v 14 -13 -7
v -13 -14 -8
v -13 -14 -7
v -12 -14 -7
v -11 -14 -7
v -10 -13 -7
v -10 -14 -7
v 11 -14 -7
v 11 -13 -7
v 12 -14 -7
v 13 -14 -7
v 14 -14 -8
v 14 -14 -7
v -11 -15 -8
v -11 -15 -7
v -10 -15 -7
v -9 -14 -7
v -9 -15 -7
v 10 -15 -7
v 10 -14 -7
v 11 -15 -7
v 12 -15 -8
v 12 -15 -7
v -10 -16 -8
v -10 -16 -7
v -9 -16 -7
v -8 -15 -7
v -8 -16 -7
v -7 -15 -7
v -7 -16 -7
v 8 -16 -7
v 8 -15 -7
v 9 -15 -7
v 9 -16 -7
v 10 -16 -7
v 11 -16 -8
v 11 -16 -7
v -9 -17 -8
v -9 -17 -7
v -8 -17 -7
v -7 -17 -7
v -6 -16 -7
v -6 -17 -7
v 7 -17 -7
v 7 -16 -7
v 8 -17 -7
v 9 -17 -7
v 10 -17 -8
v 10 -17 -7
v -7 -18 -8
v -7 -18 -7
v -6 -18 -7
v -5 -17 -7
v -5 -18 -7
v -4 -17 -7
v -4 -18 -7
v -3 -17 -7
v -3 -18 -7
v 4 -18 -7
v 4 -17 -7
v 5 -17 -7
v 5 -18 -7
v 6 -17 -7
v 6 -18 -7
v 7 -18 -7
v 8 -18 -8
v 8 -18 -7
v -6 -19 -8
v -6 -19 -7
v -5 -19 -8
v -5 -19 -7
v -4 -19 -8
v -4 -19 -7
v -3 -19 -7
v -2 -18 -7
v -2 -19 -7
v -1 -18 -7
v -1 -19 -7
v 0 -18 -7
v 0 -19 -7
v 1 -18 -7
v 1 -19 -7
v 2 -18 -7
v 2 -19 -7
v 3 -18 -7
v 3 -19 -7
v 4 -19 -7
v 5 -19 -8
v 5 -19 -7
v 6 -19 -8
v 6 -19 -7
v 7 -19 -8
v 7 -19 -7
v -3 -20 -8
v -3 -20 -7
v -2 -20 -8
v -2 -20 -7
v -1 -20 -8
v -1 -20 -7
v 0 -20 -8
v 0 -20 -7
v 1 -20 -8
v 1 -20 -7
v 2 -20 -8
v 2 -20 -7
v 3 -20 -8
v 3 -20 -7
v 4 -20 -8
v 4 -20 -7
v 0 19 -6
v 0 20 -6
v 1 20 -6
v 1 19 -6
v 2 20 -6
v 2 19 -6
v 3 20 -6
v 3 19 -6
v -1 18 -6
v -1 19 -6
v 0 18 -6
v 1 18 -6
v 2 18 -6
v 3 18 -6
v 4 19 -6
v 4 18 -6
v 1 15 -6
v 1 16 -6
v 2 16 -6
v 2 15 -6
v -9 10 -6
v -9 11 -6
v -8 11 -6
v -8 10 -6
v -10 9 -6
v -10 10 -6
v -9 9 -6
v -8 9 -6
v -7 10 -6
v -7 9 -6
v -11 8 -6
v -11 9 -6
v -10 8 -6
v -7 8 -6
v -6 9 -6
v -6 8 -6
v -12 7 -6
v -12 8 -6
v -11 7 -6
v -6 7 -6
v -5 8 -6
v -5 7 -6
v -13 6 -6
v -13 7 -6
v -12 6 -6
v -5 6 -6
v -4 7 -6
v -4 6 -6
v -14 5 -6
v -14 6 -6
v -13 5 -6
v -4 5 -6
v -3 6 -6
v -3 5 -6
v -15 4 -6
v -15 5 -6
v -14 4 -6
v -13 4 -6
v -4 4 -6
v -2 5 -6
v -2 4 -6
v -3 4 -6
v -14 3 -6
v -13 3 -6
v -4 3 -6
v -3 3 -6
v -14 2 -6
v -13 2 -6
v -4 2 -6
v -3 2 -6
v -14 1 -6
v -13 1 -6
v -4 1 -6
v -3 1 -6
v -14 0 -6
v -13 0 -6
v -4 0 -6
v -3 0 -6
v 9 0 -7
v 9 0 -6
v 9 1 -6
v 9 1 -7
v 10 1 -7
v 10 1 -6
v 10 0 -6
v 13 0 -7
v 13 0 -6
v 13 1 -6
v 13 1 -7
v 14 1 -7
v 14 1 -6
v 14 0 -6
v -17 -1 -6
v -17 0 -6
v -17 0 -7
v -16 0 -6
v -16 0 -7
v -16 -1 -6
v -15 -1 -7
v -15 0 -7
v -15 0 -6
v -15 -1 -6
v -14 -1 -6
v -12 0 -6
v -13 -1 -6
v -12 -1 -6
v -11 0 -6
v -11 -1 -6
v -4 -1 -6
v -3 -1 -6
v 9 -1 -7
v 9 -1 -6
v 10 -1 -6
v 13 -1 -7
v 13 -1 -6
v 14 -1 -6
v -17 -2 -6
v -16 -2 -6
v -14 -2 -6
v -13 -2 -6
v -12 -2 -6
v -11 -2 -6
v -10 -2 -6
v -10 -1 -6
v -9 -2 -6
v -9 -1 -6
v -8 -2 -6
v -8 -1 -6
v -7 -2 -6
v -7 -1 -6
v -6 -2 -6
v -6 -1 -6
v -5 -2 -6
v -5 -1 -6
v -4 -2 -6
v -3 -2 -6
v 9 -2 -7
v 9 -2 -6
v 10 -2 -6
v 13 -2 -7
v 13 -2 -6
v 14 -2 -6
v 10 -3 -6
v 11 -2 -6
v 11 -3 -6
v 12 -2 -6
v 12 -3 -6
v 13 -3 -6
v -16 -4 -6
v -16 -3 -6
v -16 -3 -7
v -15 -3 -6
v -15 -3 -7
v -15 -4 -6
v -14 -3 -6
v -14 -4 -6
v -13 -3 -6
v -13 -4 -6
v -12 -3 -7
v -12 -3 -6
v -12 -4 -6
v -11 -4 -6
v -11 -3 -6
v -11 -3 -7
v -10 -3 -6
v -9 -3 -6
v -8 -3 -6
v -7 -3 -6
v -6 -3 -6
v -5 -3 -6
v -4 -3 -6
v -3 -3 -6
v -2 -3 -6
v -1 -3 -6
v 0 -3 -6
v 1 -3 -6
v 2 -3 -6
v 3 -3 -6
v 4 -3 -6
v 5 -3 -6
v 6 -3 -6
v 7 -3 -6
v 8 -3 -6
v 9 -3 -6
v 12 -4 -6
v -20 -5 -6
v -20 -4 -6
v -19 -4 -6
v -18 -4 -6
v -17 -4 -6
v -10 -5 -6
v -11 -5 -6
v -9 -5 -6
v -8 -5 -6
v -7 -5 -6
v -6 -5 -6
v -5 -5 -6
v -4 -5 -6
v -3 -5 -6
v -2 -5 -6
v -1 -5 -6
v 0 -5 -6
v 1 -5 -6
v 2 -5 -6
v 3 -5 -6
v 4 -5 -6
v 5 -5 -6
v 6 -5 -6
v 7 -5 -6
v 8 -5 -6
v 9 -5 -6
v 10 -5 -6
v 11 -5 -6
v 12 -5 -6
v 13 -4 -6
v 14 -4 -6
v 15 -4 -6
v 16 -4 -6
v 17 -4 -6
v 18 -4 -6
v 19 -4 -6
v 20 -4 -6
v 21 -4 -6
v 21 -5 -6
v -20 -6 -6
v -17 -6 -6
v -18 -6 -6
v -16 -6 -6
v -15 -6 -6
v -14 -6 -6
v -13 -6 -6
v -12 -6 -6
v -11 -6 -6
v -12 -5 -6
v 12 -6 -6
v 13 -6 -6
v 13 -5 -6
v 14 -6 -6
v 15 -6 -6
v 16 -6 -6
v 17 -6 -6
v 18 -6 -6
v 19 -6 -6
v 21 -6 -6
v -20 -7 -7
v -20 -7 -6
v -19 -7 -6
v -18 -7 -6
v 19 -7 -6
v 21 -7 -7
v 21 -7 -6
v 20 -7 -6
v -19 -8 -7
v -19 -8 -6
v -18 -8 -6
v -17 -7 -6
v -17 -8 -6
v 18 -8 -6
v 18 -7 -6
v 19 -8 -6
v 20 -8 -7
v 20 -8 -6
v -18 -9 -7
v -18 -9 -6
v -17 -9 -6
v -16 -8 -6
v -16 -9 -6
v 17 -9 -6
v 17 -8 -6
v 18 -9 -6
v 19 -9 -7
v 19 -9 -6
v -17 -10 -7
v -17 -10 -6
v -16 -10 -6
v -15 -9 -6
v -15 -10 -6
v 16 -10 -6
v 16 -9 -6
v 17 -10 -6
v 18 -10 -7
v 18 -10 -6
v -16 -11 -6
v -15 -11 -6
v -14 -10 -6
v -14 -11 -6
v 15 -11 -6
v 15 -10 -6
v 16 -11 -6
v 17 -11 -6
v -15 -12 -6
v -14 -12 -6
v -13 -11 -6
v -13 -12 -6
v 14 -12 -6
v 14 -11 -6
v 15 -12 -6
v 16 -12 -6
v -14 -13 -6
v -13 -13 -6
v -12 -12 -6
v -12 -13 -6
v 13 -13 -6
v 13 -12 -6
v 14 -13 -6
v 15 -13 -6
v -13 -14 -6
v -12 -14 -6
v -11 -13 -6
v -11 -14 -6
v 12 -14 -6
v 12 -13 -6
v 13 -14 -6
v 14 -14 -6
v -12 -15 -7
v -12 -15 -6
v -11 -15 -6
v -10 -14 -6
v -10 -15 -6
v 11 -15 -6
v 11 -14 -6
v 12 -15 -6
v 13 -15 -7
v 13 -15 -6
v -11 -16 -7
v -11 -16 -6
v -10 -16 -6
v -9 -15 -6
v -9 -16 -6
v 10 -16 -6
v 10 -15 -6
v 11 -16 -6
v 12 -16 -7
v 12 -16 -6
v -10 -17 -7
v -10 -17 -6
v -9 -17 -6
v -8 -16 -6
v -8 -17 -6
v -7 -16 -6
v -7 -17 -6
v 8 -17 -6
v 8 -16 -6
v 9 -16 -6
v 9 -17 -6
v 10 -17 -6
v 11 -17 -7
v 11 -17 -6
v -9 -18 -7
v -9 -18 -6
v -8 -18 -7
v -8 -18 -6
v -7 -18 -6
v -6 -17 -6
v -6 -18 -6
v 7 -18 -6
v 7 -17 -6
v 8 -18 -6
v 9 -18 -7
v 9 -18 -6
v 10 -18 -7
v 10 -18 -6
v -7 -19 -7
v -7 -19 -6
v -6 -19 -6
v -5 -18 -6
v -4 -18 -6
v -5 -19 -6
v -4 -19 -6
v -3 -18 -6
v -3 -19 -6
v 4 -19 -6
v 4 -18 -6
v 5 -18 -6
v 5 -19 -6
v 6 -18 -6
v 6 -19 -6
v 8 -19 -7
v 8 -19 -6
v 7 -19 -6
v -6 -20 -7
v -6 -20 -6
v -5 -20 -7
v -5 -20 -6
v -4 -20 -7
v -4 -20 -6
v -3 -20 -6
v -2 -19 -6
v -2 -20 -6
v -1 -19 -6
v -1 -20 -6
v 0 -19 -6
v 0 -20 -6
v 1 -19 -6
v 1 -20 -6
v 2 -19 -6
v 2 -20 -6
v 3 -19 -6
v 3 -20 -6
v 4 -20 -6
v 5 -20 -7
v 5 -20 -6
v 6 -20 -7
v 6 -20 -6
v 7 -20 -7
v 7 -20 -6
v -3 -21 -7
v -3 -21 -6
v -2 -21 -7
v -2 -21 -6
v -1 -21 -7
v -1 -21 -6
v 0 -21 -7
v 0 -21 -6
v 1 -21 -7
v 1 -21 -6
v 2 -21 -7
v 2 -21 -6
v 3 -21 -7
v 3 -21 -6
v 4 -21 -7
v 4 -21 -6
v 9 27 -6
v 9 27 -5
v 9 28 -5
v 9 28 -6
v 10 27 -6
v 10 28 -6
v 10 28 -5
v 10 27 -5
v 8 26 -6
v 8 26 -5
v 8 27 -5
v 8 27 -6
v 9 26 -6
v 9 26 -5
v 10 26 -6
v 10 26 -5
v -7 25 -6
v -7 25 -5
v -7 26 -5
v -7 26 -6
v -6 25 -6
v -6 26 -6
v -6 26 -5
v -6 25 -5
v 7 25 -6
v 7 25 -5
v 7 26 -5
v 7 26 -6
v 8 25 -6
v 8 25 -5
v 9 25 -6
v 9 25 -5
v 10 25 -6
v 10 25 -5
v 11 25 -6
v 11 26 -6
v 11 26 -5
v 11 25 -5
v -9 24 -6
v -9 24 -5
v -9 25 -5
v -9 25 -6
v -8 25 -5
v -8 25 -6
v -8 24 -6
v -8 24 -5
v -7 24 -6
v -7 24 -5
v -6 24 -6
v -6 24 -5
v 7 24 -6
v 7 24 -5
v 8 24 -6
v 8 24 -5
v 9 24 -6
v 9 24 -5
v 10 24 -6
v 10 24 -5
v 11 24 -6
v 11 24 -5
v -11 23 -6
v -11 23 -5
v -11 24 -5
v -11 24 -6
v -10 23 -6
v -10 23 -5
v -10 24 -5
v -10 24 -6
v -9 23 -6
v -9 23 -5
v -8 23 -6
v -8 23 -5
v -7 23 -6
v -7 23 -5
v -6 23 -6
v -6 23 -5
v -5 23 -6
v -5 24 -6
v -5 24 -5
v -5 23 -5
v 6 23 -6
v 6 23 -5
v 6 24 -5
v 6 24 -6
v 7 23 -6
v 7 23 -5
v 8 23 -6
v 8 23 -5
v 9 23 -6
v 9 23 -5
v 10 23 -6
v 10 23 -5
v 11 23 -6
v 11 23 -5
v 12 23 -6
v 12 24 -6
v 12 24 -5
v 12 23 -5
v -10 22 -6
v -10 22 -5
v -9 22 -6
v -9 22 -5
v -8 22 -6
v -8 22 -5
v -7 22 -6
v -7 22 -5
v -6 22 -6
v -6 22 -5
v -5 22 -6
v -5 22 -5
v -4 22 -6
v -4 23 -6
v -4 23 -5
v -4 22 -5
v 5 22 -6
v 5 22 -5
v 5 23 -5
v 5 23 -6
v 6 22 -6
v 6 22 -5
v 7 22 -6
v 7 22 -5
v 8 22 -6
v 8 22 -5
v 9 22 -6
v 9 22 -5
v 10 22 -6
v 10 22 -5
v -9 21 -6
v -9 21 -5
v -8 21 -6
v -8 21 -5
v -7 21 -6
v -7 21 -5
v -6 21 -6
v -6 21 -5
v -5 21 -6
v -5 21 -5
v -4 21 -6
v -4 21 -5
v -3 21 -6
v -3 22 -6
v -3 22 -5
v -3 21 -5
v 5 21 -6
v 5 21 -5
v 6 21 -6
v 6 21 -5
v 7 21 -6
v 7 21 -5
v 8 21 -6
v 8 21 -5
v 9 21 -6
v 9 21 -5
v -7 20 -6
v -7 20 -5
v -6 20 -6
v -6 20 -5
v -5 20 -6
v -5 20 -5
v -4 20 -6
v -4 20 -5
v -3 20 -6
v -3 20 -5
v -2 20 -6
v -2 21 -6
v -2 21 -5
v -2 20 -5
v 4 20 -6
v 4 20 -5
v 4 21 -5
v 4 21 -6
v 5 20 -6
v 5 20 -5
v 6 20 -6
v 6 20 -5
v 7 20 -6
v 7 20 -5
v 8 20 -6
v 8 20 -5
v -6 19 -6
v -6 19 -5
v -5 19 -6
v -5 19 -5
v -4 19 -6
v -4 19 -5
v -3 19 -6
v -3 19 -5
v -2 19 -6
v -2 19 -5
v 3 19 -5
v 3 20 -5
v 4 19 -5
v 5 19 -6
v 5 19 -5
v 6 19 -6
v 6 19 -5
v 7 19 -6
v 7 19 -5
v -4 18 -6
v -4 18 -5
v -3 18 -6
v -3 18 -5
v -2 18 -6
v -2 18 -5
v -1 19 -5
v -1 18 -5
v 1 18 -5
v 1 19 -5
v 2 19 -5
v 2 18 -5
v 3 18 -5
v 4 18 -5
v 5 18 -6
v 5 18 -5
v -3 17 -6
v -3 17 -5
v -2 17 -6
v -2 17 -5
v -1 17 -6
v -1 17 -5
v 0 17 -6
v 0 18 -5
v 0 17 -5
v 2 17 -6
v 2 17 -5
v 3 17 -6
v 3 17 -5
v 4 17 -6
v 4 17 -5
v -1 16 -6
v -1 16 -5
v 0 16 -6
v 0 16 -5
v 1 17 -5
v 1 17 -6
v 1 16 -5
v 2 16 -5
v 3 16 -6
v 3 16 -5
v 0 15 -6
v 0 15 -5
v 1 15 -5
v 3 15 -6
v 3 15 -5
v 2 15 -5
v 0 14 -6
v 0 14 -5
v 1 14 -6
v 1 14 -5
v 2 14 -6
v 2 14 -5
v 3 14 -6
v 3 14 -5
v 4 14 -6
v 4 15 -6
v 4 15 -5
v 4 14 -5
v -1 13 -6
v -1 13 -5
v -1 14 -5
v -1 14 -6
v 0 13 -6
v 0 13 -5
v 1 13 -6
v 1 13 -5
v 3 13 -6
v 3 13 -5
v 4 13 -6
v 4 13 -5
v 5 14 -5
v 5 14 -6
v 5 13 -6
v 5 13 -5
v 6 13 -6
v 6 14 -6
v 6 14 -5
v 6 13 -5
v -2 12 -6
v -2 12 -5
v -2 13 -5
v -2 13 -6
v -1 12 -6
v -1 12 -5
v 0 12 -6
v 0 12 -5
v 4 12 -6
v 4 12 -5
v 5 12 -6
v 5 12 -5
v 6 12 -6
v 6 12 -5
v 7 12 -6
v 7 13 -6
v 7 13 -5
v 7 12 -5
v -4 11 -6
v -4 11 -5
v -4 12 -5
v -4 12 -6
v -3 12 -5
v -3 12 -6
v -3 11 -6
v -3 11 -5
v -2 11 -6
v -2 11 -5
v -1 11 -6
v -1 11 -5
v 0 11 -6
v 0 11 -5
v 5 11 -6
v 5 11 -5
v 6 11 -6
v 6 11 -5
v 7 11 -6
v 7 11 -5
v 8 12 -5
v 8 12 -6
v 8 11 -6
v 8 11 -5
v 9 11 -6
v 9 12 -6
v 9 12 -5
v 9 11 -5
v -9 10 -5
v -9 11 -5
v -8 11 -5
v -8 10 -5
v -5 10 -6
v -5 10 -5
v -5 11 -5
v -5 11 -6
v -4 10 -6
v -4 10 -5
v -3 10 -6
v -3 10 -5
v -2 10 -6
v -2 10 -5
v -1 10 -6
v -1 10 -5
v 5 10 -6
v 5 10 -5
v 6 10 -6
v 6 10 -5
v 7 10 -6
v 7 10 -5
v 8 10 -6
v 8 10 -5
v 9 10 -6
v 9 10 -5
v 10 10 -6
v 10 11 -6
v 10 11 -5
v 10 10 -5
v -10 9 -5
v -10 10 -5
v -9 9 -5
v -8 9 -5
v -7 10 -5
v -7 9 -5
v -6 9 -5
v -6 10 -5
v -6 10 -6
v -5 9 -6
v -5 9 -5
v -4 9 -6
v -4 9 -5
v -3 9 -6
v -3 9 -5
v -2 9 -6
v -2 9 -5
v 6 9 -6
v 6 9 -5
v 7 9 -6
v 7 9 -5
v 8 9 -6
v 8 9 -5
v 9 9 -6
v 9 9 -5
v 10 9 -6
v 10 9 -5
v 11 10 -5
v 11 10 -6
v 11 9 -6
v 11 9 -5
v 12 9 -6
v 12 10 -6
v 12 10 -5
v 12 9 -5
v -11 8 -5
v -11 9 -5
v -10 8 -5
v -7 8 -5
v -6 8 -5
v -5 8 -5
v -4 8 -6
v -4 8 -5
v -3 8 -6
v -3 8 -5
v -2 8 -6
v -2 8 -5
v 7 8 -6
v 7 8 -5
v 8 8 -6
v 8 8 -5
v 9 8 -6
v 9 8 -5
v 10 8 -6
v 10 8 -5
v 11 8 -6
v 11 8 -5
v 12 8 -6
v 12 8 -5
v 13 8 -6
v 13 9 -6
v 13 9 -5
v 13 8 -5
v -12 7 -5
v -12 8 -5
v -11 7 -5
v -9 7 -6
v -9 7 -5
v -9 8 -5
v -9 8 -6
v -8 7 -6
v -8 7 -5
v -8 8 -5
v -8 8 -6
v -7 7 -6
v -7 7 -5
v -6 7 -5
v -5 7 -5
v -4 7 -5
v -3 7 -6
v -3 7 -5
v 8 7 -6
v 8 7 -5
v 9 7 -6
v 9 7 -5
v 10 7 -6
v 10 7 -5
v 11 7 -6
v 11 7 -5
v 12 7 -6
v 12 7 -5
v 13 7 -6
v 13 7 -5
v 14 7 -6
v 14 8 -6
v 14 8 -5
v 14 7 -5
v -13 6 -5
v -13 7 -5
v -12 6 -5
v -8 6 -6
v -8 6 -5
v -7 6 -6
v -7 6 -5
v -6 6 -6
v -6 6 -5
v -5 6 -5
v -4 6 -5
v 9 6 -6
v 9 6 -5
v 10 6 -6
v 10 6 -5
v 11 6 -6
v 11 6 -5
v 12 6 -6
v 12 6 -5
v -14 5 -5
v -14 6 -5
v -13 5 -5
v -8 5 -6
v -8 5 -5
v -7 5 -6
v -7 5 -5
v -6 5 -6
v -6 5 -5
v -5 5 -6
v -5 5 -5
v -4 5 -5
v -3 6 -5
v -3 5 -5
v 9 5 -6
v 9 5 -5
v 10 5 -6
v 10 5 -5
v -15 4 -5
v -15 5 -5
v -14 4 -5
v -13 4 -5
v -7 4 -6
v -7 4 -5
v -6 4 -6
v -6 4 -5
v -5 4 -6
v -5 4 -5
v -4 4 -5
v -2 5 -5
v -2 4 -5
v -3 4 -5
v -14 3 -5
v -13 3 -5
v -7 3 -6
v -7 3 -5
v -6 3 -6
v -6 3 -5
v -4 3 -5
v -3 3 -5
v -14 2 -5
v -13 2 -5
v -4 2 -5
v -3 2 -5
v -14 1 -5
v -13 1 -5
v -4 1 -5
v -3 1 -5
v -16 0 -5
v -16 1 -5
v -16 1 -6
v -15 1 -6
v -15 1 -5
v -15 0 -5
v -14 0 -5
v -13 0 -5
v -12 0 -5
v -12 1 -5
v -12 1 -6
v -11 1 -6
v -11 1 -5
v -11 0 -5
v -4 0 -5
v -3 0 -5
v -16 -1 -5
v -15 -1 -5
v -14 -1 -5
v -13 -1 -5
v -12 -1 -5
v -11 -1 -5
v -4 -1 -5
v -3 -1 -5
v -16 -2 -5
v -15 -2 -6
v -15 -2 -5
v -14 -2 -5
v -11 -2 -5
v -12 -2 -5
v -10 -2 -5
v -10 -1 -5
v -9 -2 -5
v -9 -1 -5
v -8 -2 -5
v -8 -1 -5
v -7 -2 -5
v -7 -1 -5
v -6 -2 -5
v -6 -1 -5
v -5 -2 -5
v -5 -1 -5
v -4 -2 -5
v -3 -2 -5
v -15 -3 -5
v -14 -3 -5
v -13 -3 -5
v -13 -2 -5
v -12 -3 -5
v -12 -4 -5
v -11 -3 -5
v -10 -3 -5
v -9 -3 -5
v -8 -3 -5
v -7 -3 -5
v -6 -3 -5
v -5 -3 -5
v -4 -3 -5
v -3 -3 -5
v -2 -3 -5
v -1 -3 -5
v 0 -3 -5
v 1 -3 -5
v 2 -3 -5
v 3 -3 -5
v 4 -3 -5
v 5 -3 -5
v 6 -3 -5
v 7 -3 -5
v 8 -3 -5
v 9 -3 -5
v 10 -3 -5
v 11 -3 -5
v 12 -3 -5
v 13 -3 -5
v 13 -4 -5
v -21 -5 -6
v -21 -5 -5
v -21 -4 -5
v -21 -4 -6
v -20 -4 -5
v -19 -4 -5
v -18 -4 -5
v -17 -4 -5
v -16 -4 -5
v -15 -4 -5
v -14 -4 -5
v -13 -4 -5
v -11 -5 -5
v -12 -5 -5
v -10 -5 -5
v -9 -5 -5
v -8 -5 -5
v -7 -5 -5
v -6 -5 -5
v -5 -5 -5
v -4 -5 -5
v -3 -5 -5
v -2 -5 -5
v -1 -5 -5
v 0 -5 -5
v 1 -5 -5
v 1 -4 -5
v 0 -4 -5
v 2 -5 -5
v 3 -5 -5
v 4 -5 -5
v 5 -5 -5
v 6 -5 -5
v 7 -5 -5
v 8 -5 -5
v 9 -5 -5
v 10 -5 -5
v 11 -5 -5
v 12 -5 -5
v 13 -5 -5
v 14 -4 -5
v 15 -4 -5
v 16 -4 -5
v 17 -4 -5
v 18 -4 -5
v 19 -4 -5
v 20 -4 -5
v 21 -4 -5
v 22 -5 -6
v 22 -4 -6
v 22 -4 -5
v 22 -5 -5
v -21 -6 -6
v -21 -6 -5
v -20 -6 -5
v -17 -6 -5
v -18 -6 -5
v -16 -6 -5
v -15 -6 -5
v -14 -6 -5
v -13 -6 -5
v -12 -6 -5
v -13 -5 -5
v 13 -6 -5
v 14 -6 -5
v 14 -5 -5
v 15 -6 -5
v 16 -6 -5
v 17 -6 -5
v 18 -6 -5
v 19 -6 -5
v 22 -6 -6
v 22 -6 -5
v 21 -6 -5
v -20 -7 -5
v -19 -7 -5
v -18 -7 -5
v -19 -6 -5
v 19 -7 -5
v 20 -7 -5
v 20 -6 -5
v 21 -7 -5
v -19 -8 -5
v -18 -8 -5
v 19 -8 -5
v 20 -8 -5
v -18 -9 -5
v -17 -8 -5
v -17 -9 -5
v 18 -9 -5
v 18 -8 -5
v 19 -9 -5
v -18 -10 -6
v -18 -10 -5
v -17 -10 -5
v -16 -9 -5
v -16 -10 -5
v 17 -10 -5
v 17 -9 -5
v 19 -10 -6
v 19 -10 -5
v 18 -10 -5
v -17 -11 -6
v -17 -11 -5
v -16 -11 -5
v -15 -10 -5
v -15 -11 -5
v 16 -11 -5
v 16 -10 -5
v 17 -11 -5
v 18 -11 -6
v 18 -11 -5
v -16 -12 -6
v -16 -12 -5
v -15 -12 -5
v -14 -11 -5
v -14 -12 -5
v 15 -12 -5
v 15 -11 -5
v 16 -12 -5
v 17 -12 -6
v 17 -12 -5
v -15 -13 -6
v -15 -13 -5
v -14 -13 -5
v -13 -12 -5
v -13 -13 -5
v 14 -13 -5
v 14 -12 -5
v 15 -13 -5
v 16 -13 -6
v 16 -13 -5
v -14 -14 -6
v -14 -14 -5
v -13 -14 -5
v -12 -13 -5
v -12 -14 -5
v 13 -14 -5
v 13 -13 -5
v 14 -14 -5
v 15 -14 -6
v 15 -14 -5
v -13 -15 -6
v -13 -15 -5
v -12 -15 -5
v -11 -14 -5
v -11 -15 -5
v 12 -15 -5
v 12 -14 -5
v 13 -15 -5
v 14 -15 -6
v 14 -15 -5
v -12 -16 -6
v -12 -16 -5
v -11 -16 -5
v -10 -15 -5
v -10 -16 -5
v 11 -16 -5
v 11 -15 -5
v 12 -16 -5
v 13 -16 -6
v 13 -16 -5
v -11 -17 -6
v -11 -17 -5
v -10 -17 -5
v -9 -16 -5
v -9 -17 -5
v 10 -17 -5
v 10 -16 -5
v 12 -17 -6
v 12 -17 -5
v 11 -17 -5
v -10 -18 -6
v -10 -18 -5
v -9 -18 -5
v -8 -17 -5
v -7 -17 -5
v -7 -18 -5
v -8 -18 -5
v 8 -18 -5
v 8 -17 -5
v 9 -17 -5
v 9 -18 -5
v 11 -18 -6
v 11 -18 -5
v 10 -18 -5
v -9 -19 -6
v -9 -19 -5
v -8 -19 -6
v -8 -19 -5
v -7 -19 -5
v -6 -18 -5
v -6 -19 -5
v -5 -18 -5
v -5 -19 -5
v 6 -19 -5
v 6 -18 -5
v 7 -18 -5
v 7 -19 -5
v 8 -19 -5
v 9 -19 -6
v 9 -19 -5
v 10 -19 -6
v 10 -19 -5
v -7 -20 -6
v -7 -20 -5
v -6 -20 -5
v -5 -20 -5
v -4 -19 -5
v -4 -20 -5
v -3 -19 -5
v -3 -20 -5
v 4 -20 -5
v 4 -19 -5
v 5 -19 -5
v 5 -20 -5
v 6 -20 -5
v 7 -20 -5
v 8 -20 -6
v 8 -20 -5
v -5 -21 -6
v -5 -21 -5
v -4 -21 -6
v -4 -21 -5
v -3 -21 -5
v -2 -20 -5
v -1 -20 -5
v -2 -21 -5
v -1 -21 -5
v 0 -20 -5
v 0 -21 -5
v 1 -20 -5
v 1 -21 -5
v 2 -20 -5
v 2 -21 -5
v 3 -20 -5
v 3 -21 -5
v 5 -21 -6
v 5 -21 -5
v 4 -21 -5
v 6 -21 -6
v 6 -21 -5
v -3 -22 -6
v -3 -22 -5
v -2 -22 -6
v -2 -22 -5
v -1 -22 -6
v -1 -22 -5
v 0 -22 -6
v 0 -22 -5
v 1 -22 -6
v 1 -22 -5
v 2 -22 -6
v 2 -22 -5
v 3 -22 -6
v 3 -22 -5
v 4 -22 -6
v 4 -22 -5
v 1 15 -4
v 1 16 -4
v 2 16 -4
v 2 15 -4
v -9 10 -4
v -9 11 -4
v -8 11 -4
v -8 10 -4
v -10 9 -4
v -10 10 -4
v -9 9 -4
v -8 9 -4
v -7 10 -4
v -7 9 -4
v -11 8 -4
v -11 9 -4
v -10 8 -4
v -7 8 -4
v -6 9 -4
v -6 8 -4
v -12 7 -4
v -12 8 -4
v -11 7 -4
v -6 7 -4
v -5 8 -4
v -5 7 -4
v -13 6 -4
v -13 7 -4
v -12 6 -4
v -5 6 -4
v -4 7 -4
v -4 6 -4
v -14 5 -4
v -14 6 -4
v -13 5 -4
v -4 5 -4
v -3 6 -4
v -3 5 -4
v -15 4 -4
v -15 5 -4
v -14 4 -4
v -13 4 -4
v -4 4 -4
v -2 5 -4
v -2 4 -4
v -3 4 -4
v -14 3 -4
v -13 3 -4
v -4 3 -4
v -3 3 -4
v -14 2 -4
v -13 2 -4
v -4 2 -4
v -3 2 -4
v -14 1 -4
v -13 1 -4
v -4 1 -4
v -3 1 -4
v -14 0 -4
v -13 0 -4
v -4 0 -4
v -3 0 -4
v -14 -1 -4
v -13 -1 -4
v -4 -1 -4
v -3 -1 -4
v -14 -2 -4
v -13 -2 -4
v -12 -2 -4
v -12 -1 -4
v -11 -2 -4
v -11 -1 -4
v -10 -2 -4
v -10 -1 -4
v -9 -2 -4
v -9 -1 -4
v -8 -2 -4
v -8 -1 -4
v -7 -2 -4
v -7 -1 -4
v -6 -2 -4
v -6 -1 -4
v -5 -2 -4
v -5 -1 -4
v -4 -2 -4
v -3 -2 -4
v 0 -3 -4
v 0 -2 -4
v 0 -2 -5
v 1 -2 -5
v 1 -2 -4
v 1 -3 -4
v -13 -4 -4
v -13 -3 -4
v -12 -3 -4
v -11 -3 -4
v -10 -3 -4
v -9 -3 -4
v -8 -3 -4
v -7 -3 -4
v -6 -3 -4
v -5 -3 -4
v -4 -3 -4
v -3 -3 -4
v -2 -3 -4
v -1 -3 -4
v 1 -4 -4
v 0 -4 -4
v 2 -3 -4
v 3 -3 -4
v 4 -3 -4
v 5 -3 -4
v 6 -3 -4
v 7 -3 -4
v 8 -3 -4
v 9 -3 -4
v 10 -3 -4
v 11 -3 -4
v 12 -3 -4
v 13 -3 -4
v 14 -3 -5
v 14 -3 -4
v 14 -4 -4
v -21 -5 -4
v -21 -4 -4
v -20 -4 -4
v -19 -4 -4
v -18 -4 -4
v -17 -4 -4
v -16 -4 -4
v -15 -4 -4
v -14 -4 -4
v -12 -5 -4
v -13 -5 -4
v -11 -5 -4
v -10 -5 -4
v -9 -5 -4
v -8 -5 -4
v -7 -5 -4
v -6 -5 -4
v -5 -5 -4
v -4 -5 -4
v -3 -5 -4
v -2 -5 -4
v -2 -4 -4
v -3 -4 -4
v -1 -5 -4
v -1 -4 -4
v 0 -5 -4
v 1 -5 -4
v 2 -5 -4
v 2 -4 -4
v 3 -5 -4
v 3 -4 -4
v 4 -5 -4
v 4 -4 -4
v 5 -5 -4
v 6 -5 -4
v 7 -5 -4
v 8 -5 -4
v 9 -5 -4
v 10 -5 -4
v 11 -5 -4
v 12 -5 -4
v 13 -5 -4
v 14 -5 -4
v 15 -4 -4
v 16 -4 -4
v 17 -4 -4
v 18 -4 -4
v 19 -4 -4
v 20 -4 -4
v 21 -4 -4
v 22 -4 -4
v 22 -5 -4
v -21 -6 -4
v -20 -6 -4
v -18 -6 -4
v -19 -6 -4
v -17 -6 -4
v -16 -6 -4
v -15 -6 -4
v -14 -6 -4
v -13 -6 -4
v 14 -6 -4
v 15 -6 -4
v 16 -6 -4
v 17 -6 -4
v 18 -6 -4
v 19 -6 -4
v 20 -6 -4
v 22 -6 -4
v 21 -6 -4
v -20 -7 -4
v -19 -7 -4
v 20 -7 -4
v 21 -7 -4
v -20 -8 -5
v -20 -8 -4
v -19 -8 -4
v -18 -7 -4
v -18 -8 -4
v 19 -8 -4
v 19 -7 -4
v 20 -8 -4
v 21 -8 -5
v 21 -8 -4
v -19 -9 -5
v -19 -9 -4
v -18 -9 -4
v -17 -8 -4
v -17 -9 -4
v 18 -9 -4
v 18 -8 -4
v 19 -9 -4
v 20 -9 -5
v 20 -9 -4
v -18 -10 -4
v -17 -10 -4
v -16 -9 -4
v -16 -10 -4
v 17 -10 -4
v 17 -9 -4
v 18 -10 -4
v 19 -10 -4
v -17 -11 -4
v -16 -11 -4
v 17 -11 -4
v 18 -11 -4
v -16 -12 -4
v -15 -11 -4
v -15 -12 -4
v 16 -12 -4
v 16 -11 -4
v 17 -12 -4
v -16 -13 -5
v -16 -13 -4
v -15 -13 -4
v -14 -12 -4
v -14 -13 -4
v 15 -13 -4
v 15 -12 -4
v 17 -13 -5
v 17 -13 -4
v 16 -13 -4
v -15 -14 -5
v -15 -14 -4
v -14 -14 -4
v -13 -13 -4
v -13 -14 -4
v 14 -14 -4
v 14 -13 -4
v 16 -14 -5
v 16 -14 -4
v 15 -14 -4
v -14 -15 -5
v -14 -15 -4
v -13 -15 -4
v -12 -14 -4
v -12 -15 -4
v 13 -15 -4
v 13 -14 -4
v 15 -15 -5
v 15 -15 -4
v 14 -15 -4
v -13 -16 -5
v -13 -16 -4
v -12 -16 -4
v -11 -15 -4
v -11 -16 -4
v 12 -16 -4
v 12 -15 -4
v 14 -16 -5
v 14 -16 -4
v 13 -16 -4
v -12 -17 -5
v -12 -17 -4
v -11 -17 -4
v -10 -16 -4
v -9 -16 -4
v -9 -17 -4
v -10 -17 -4
v 10 -17 -4
v 10 -16 -4
v 11 -16 -4
v 11 -17 -4
v 13 -17 -5
v 13 -17 -4
v 12 -17 -4
v -11 -18 -5
v -11 -18 -4
v -10 -18 -4
v -9 -18 -4
v -8 -17 -4
v -8 -18 -4
v 9 -18 -4
v 9 -17 -4
v 10 -18 -4
v 11 -18 -4
v 12 -18 -5
v 12 -18 -4
v -9 -19 -4
v -8 -19 -4
v -7 -18 -4
v -7 -19 -4
v 8 -19 -4
v 8 -18 -4
v 9 -19 -4
v 10 -19 -4
v -8 -20 -5
v -8 -20 -4
v -7 -20 -4
v -6 -19 -4
v -5 -19 -4
v -5 -20 -4
v -6 -20 -4
v 6 -20 -4
v 6 -19 -4
v 7 -19 -4
v 7 -20 -4
v 9 -20 -5
v 9 -20 -4
v 8 -20 -4
v -7 -21 -5
v -7 -21 -4
v -6 -21 -5
v -6 -21 -4
v -5 -21 -4
v -4 -20 -4
v -3 -20 -4
v -4 -21 -4
v -3 -21 -4
v -2 -20 -4
v -2 -21 -4
v 3 -21 -4
v 3 -20 -4
v 4 -20 -4
v 4 -21 -4
v 5 -20 -4
v 5 -21 -4
v 7 -21 -5
v 7 -21 -4
v 6 -21 -4
v 8 -21 -5
v 8 -21 -4
v -5 -22 -5
v -5 -22 -4
v -4 -22 -5
v -4 -22 -4
v -3 -22 -4
v -2 -22 -4
v -1 -21 -4
v 0 -21 -4
v -1 -22 -4
v 0 -22 -4
v 1 -21 -4
v 1 -22 -4
v 2 -21 -4
v 2 -22 -4
v 4 -22 -4
v 3 -22 -4
v 5 -22 -5
v 5 -22 -4
v 6 -22 -5
v 6 -22 -4
v -2 -23 -5
v -2 -23 -4
v -1 -23 -5
v -1 -23 -4
v 0 -23 -5
v 0 -23 -4
v 1 -23 -5
v 1 -23 -4
v 2 -23 -5
v 2 -23 -4
v 3 -23 -5
v 3 -23 -4
v -9 10 -3
v -9 11 -3
v -8 11 -3
v -8 10 -3
v -10 9 -3
v -10 10 -3
v -9 9 -3
v -8 9 -3
v -7 10 -3
v -7 9 -3
v -11 8 -3
v -11 9 -3
v -10 8 -3
v -7 8 -3
v -6 9 -3
v -6 8 -3
v -12 7 -3
v -12 8 -3
v -11 7 -3
v -6 7 -3
v -5 8 -3
v -5 7 -3
v -13 6 -3
v -13 7 -3
v -12 6 -3
v -5 6 -3
v -4 7 -3
v -4 6 -3
v -14 5 -3
v -14 6 -3
v -13 5 -3
v -4 5 -3
v -3 6 -3
v -3 5 -3
v -15 4 -3
v -15 5 -3
v -14 4 -3
v -13 4 -3
v -4 4 -3
v -2 5 -3
v -2 4 -3
v -3 4 -3
v -14 3 -3
v -13 3 -3
v -4 3 -3
v -3 3 -3
v -14 2 -3
v -13 2 -3
v -4 2 -3
v -3 2 -3
v -14 1 -3
v -13 1 -3
v -4 1 -3
v -3 1 -3
v -14 0 -3
v -13 0 -3
v -4 0 -3
v -3 0 -3
v -14 -1 -3
v -13 -1 -3
v -4 -1 -3
v -3 -1 -3
v -14 -2 -3
v -13 -2 -3
v -12 -2 -3
v -12 -1 -3
v -11 -2 -3
v -11 -1 -3
v -10 -2 -3
v -10 -1 -3
v -9 -2 -3
v -9 -1 -3
v -8 -2 -3
v -8 -1 -3
v -7 -2 -3
v -7 -1 -3
v -6 -2 -3
v -6 -1 -3
v -5 -2 -3
v -5 -1 -3
v -4 -2 -3
v -3 -2 -3
v -3 -3 -3
v -2 -2 -3
v -2 -2 -4
v -1 -2 -3
v -1 -2 -4
v 0 -2 -3
v 1 -2 -3
v 2 -2 -3
v 2 -2 -4
v 3 -2 -3
v 3 -2 -4
v 4 -2 -4
v 4 -2 -3
v 4 -3 -3
v -13 -4 -3
v -13 -3 -3
v -12 -3 -3
v -11 -3 -3
v -10 -3 -3
v -9 -3 -3
v -8 -3 -3
v -7 -3 -3
v -6 -3 -3
v -5 -3 -3
v -4 -3 -3
v -2 -4 -3
v -3 -4 -3
v -1 -4 -3
v 0 -4 -3
v 1 -4 -3
v 2 -4 -3
v 3 -4 -3
v 4 -4 -3
v 5 -3 -3
v 6 -3 -3
v 7 -3 -3
v 8 -3 -3
v 9 -3 -3
v 10 -3 -3
v 11 -3 -3
v 12 -3 -3
v 13 -3 -3
v 14 -3 -3
v 14 -4 -3
v -22 -5 -4
v -22 -5 -3
v -22 -4 -3
v -22 -4 -4
v -21 -4 -3
v -20 -4 -3
v -19 -4 -3
v -18 -4 -3
v -17 -4 -3
v -16 -4 -3
v -15 -4 -3
v -14 -4 -3
v -12 -5 -3
v -13 -5 -3
v -11 -5 -3
v -10 -5 -3
v -9 -5 -3
v -8 -5 -3
v -7 -5 -3
v -6 -5 -3
v -5 -5 -3
v -4 -5 -3
v -4 -4 -3
v -5 -4 -3
v -3 -5 -3
v 4 -5 -3
v 5 -5 -3
v 5 -4 -3
v 6 -5 -3
v 6 -4 -3
v 7 -5 -3
v 8 -5 -3
v 9 -5 -3
v 10 -5 -3
v 11 -5 -3
v 12 -5 -3
v 13 -5 -3
v 14 -5 -3
v 15 -4 -3
v 16 -4 -3
v 17 -4 -3
v 18 -4 -3
v 19 -4 -3
v 20 -4 -3
v 21 -4 -3
v 22 -4 -3
v 23 -5 -4
v 23 -4 -4
v 23 -4 -3
v 23 -5 -3
v -22 -6 -4
v -22 -6 -3
v -21 -6 -3
v -18 -6 -3
v -19 -6 -3
v -17 -6 -3
v -16 -6 -3
v -15 -6 -3
v -14 -6 -3
v -13 -6 -3
v -14 -5 -3
v 14 -6 -3
v 15 -6 -3
v 15 -5 -3
v 16 -6 -3
v 17 -6 -3
v 18 -6 -3
v 19 -6 -3
v 20 -6 -3
v 23 -6 -4
v 23 -6 -3
v 22 -6 -3
v -21 -7 -4
v -21 -7 -3
v -20 -7 -3
v -19 -7 -3
v 20 -7 -3
v 22 -7 -4
v 22 -7 -3
v 21 -7 -3
v -20 -8 -3
v -19 -8 -3
v 20 -8 -3
v 21 -8 -3
v -19 -9 -3
v -18 -8 -3
v -18 -9 -3
v 19 -9 -3
v 19 -8 -3
v 20 -9 -3
v -19 -10 -4
v -19 -10 -3
v -18 -10 -3
v -17 -9 -3
v -17 -10 -3
v 18 -10 -3
v 18 -9 -3
v 20 -10 -4
v 20 -10 -3
v 19 -10 -3
v -18 -11 -4
v -18 -11 -3
v -17 -11 -3
v -16 -10 -3
v -16 -11 -3
v 17 -11 -3
v 17 -10 -3
v 19 -11 -4
v 19 -11 -3
v 18 -11 -3
v -17 -12 -4
v -17 -12 -3
v -16 -12 -3
v -15 -11 -3
v -15 -12 -3
v 16 -12 -3
v 16 -11 -3
v 17 -12 -3
v 18 -12 -4
v 18 -12 -3
v -16 -13 -3
v -15 -13 -3
v -14 -12 -3
v -14 -13 -3
v 15 -13 -3
v 15 -12 -3
v 16 -13 -3
v 17 -13 -3
v -15 -14 -3
v -14 -14 -3
v -13 -13 -3
v -13 -14 -3
v 14 -14 -3
v 14 -13 -3
v 15 -14 -3
v 16 -14 -3
v -14 -15 -3
v -13 -15 -3
v -12 -14 -3
v -12 -15 -3
v 13 -15 -3
v 13 -14 -3
v 14 -15 -3
v 15 -15 -3
v -13 -16 -3
v -12 -16 -3
v -11 -15 -3
v -11 -16 -3
v 12 -16 -3
v 12 -15 -3
v 13 -16 -3
v 14 -16 -3
v -12 -17 -3
v -11 -17 -3
v -10 -16 -3
v -10 -17 -3
v 11 -17 -3
v 11 -16 -3
v 12 -17 -3
v 13 -17 -3
v -11 -18 -3
v -10 -18 -3
v -9 -17 -3
v -9 -18 -3
v 10 -18 -3
v 10 -17 -3
v 11 -18 -3
v 12 -18 -3
v -10 -19 -4
v -10 -19 -3
v -9 -19 -3
v -8 -18 -3
v -8 -19 -3
v 9 -19 -3
v 9 -18 -3
v 11 -19 -4
v 11 -19 -3
v 10 -19 -3
v -9 -20 -4
v -9 -20 -3
v -8 -20 -3
v -7 -19 -3
v -6 -19 -3
v -6 -20 -3
v -7 -20 -3
v 7 -20 -3
v 7 -19 -3
v 8 -19 -3
v 8 -20 -3
v 10 -20 -4
v 10 -20 -3
v 9 -20 -3
v -8 -21 -4
v -8 -21 -3
v -7 -21 -3
v -6 -21 -3
v -5 -20 -3
v -5 -21 -3
v -4 -20 -3
v -4 -21 -3
v 5 -21 -3
v 5 -20 -3
v 6 -20 -3
v 6 -21 -3
v 7 -21 -3
v 8 -21 -3
v 9 -21 -4
v 9 -21 -3
v -6 -22 -4
v -6 -22 -3
v -5 -22 -3
v -4 -22 -3
v -3 -21 -3
v -3 -22 -3
v -2 -21 -3
v -2 -22 -3
v -1 -21 -3
v -1 -22 -3
v 2 -22 -3
v 2 -21 -3
v 3 -21 -3
v 3 -22 -3
v 4 -21 -3
v 4 -22 -3
v 5 -22 -3
v 6 -22 -3
v 7 -22 -4
v 7 -22 -3
v -4 -23 -4
v -4 -23 -3
v -3 -23 -4
v -3 -23 -3
v -2 -23 -3
v -1 -23 -3
v 0 -22 -3
v 1 -22 -3
v 3 -23 -3
v 2 -23 -3
v 4 -23 -4
v 4 -23 -3
v 5 -23 -4
v 5 -23 -3
v -1 -24 -4
v -1 -24 -3
v 0 -24 -4
v 0 -24 -3
v 1 -24 -4
v 1 -24 -3
v 2 -24 -4
v 2 -24 -3
v 6 12 -3
v 6 12 -2
v 6 13 -2
v 6 13 -3
v 7 12 -3
v 7 13 -3
v 7 13 -2
v 7 12 -2
v 5 11 -3
v 5 11 -2
v 5 12 -2
v 5 12 -3
v 6 11 -3
v 6 11 -2
v 7 11 -3
v 7 11 -2
v 8 11 -3
v 8 12 -3
v 8 12 -2
v 8 11 -2
v -9 10 -2
v -9 11 -2
v -8 11 -2
v -8 10 -2
v 4 10 -3
v 4 10 -2
v 4 11 -2
v 4 11 -3
v 5 10 -3
v 5 10 -2
v 8 10 -3
v 8 10 -2
v 9 10 -3
v 9 11 -3
v 9 11 -2
v 9 10 -2
v -10 9 -2
v -10 10 -2
v -9 9 -2
v -8 9 -2
v -7 10 -2
v -7 9 -2
v 3 9 -3
v 3 9 -2
v 3 10 -2
v 3 10 -3
v 4 9 -3
v 4 9 -2
v 9 9 -3
v 9 9 -2
v 10 9 -3
v 10 10 -3
v 10 10 -2
v 10 9 -2
v -11 8 -2
v -11 9 -2
v -10 8 -2
v -7 8 -2
v -6 9 -2
v -6 8 -2
v -12 7 -2
v -12 8 -2
v -11 7 -2
v -6 7 -2
v -5 8 -2
v -5 7 -2
v 2 7 -3
v 2 7 -2
v 2 8 -2
v 2 8 -3
v 3 7 -3
v 3 8 -3
v 3 8 -2
v 3 7 -2
v 10 7 -3
v 10 7 -2
v 10 8 -2
v 10 8 -3
v 11 7 -3
v 11 8 -3
v 11 8 -2
v 11 7 -2
v -13 6 -2
v -13 7 -2
v -12 6 -2
v -5 6 -2
v -4 7 -2
v -4 6 -2
v 1 6 -3
v 1 6 -2
v 1 7 -2
v 1 7 -3
v 2 6 -3
v 2 6 -2
v 11 6 -3
v 11 6 -2
v 12 6 -3
v 12 7 -3
v 12 7 -2
v 12 6 -2
v -14 5 -2
v -14 6 -2
v -13 5 -2
v -4 5 -2
v -3 6 -2
v -3 5 -2
v 12 5 -3
v 12 5 -2
v 13 5 -3
v 13 6 -3
v 13 6 -2
v 13 5 -2
v -15 4 -2
v -15 5 -2
v -14 4 -2
v -13 4 -2
v -4 4 -2
v -2 5 -2
v -2 4 -2
v -3 4 -2
v -14 3 -2
v -13 3 -2
v -4 3 -2
v -3 3 -2
v -14 2 -2
v -13 2 -2
v -4 2 -2
v -3 2 -2
v -14 1 -2
v -13 1 -2
v -4 1 -2
v -3 1 -2
v -14 0 -2
v -13 0 -2
v -4 0 -2
v -3 0 -2
v -14 -1 -2
v -13 -1 -2
v -4 -1 -2
v -3 -1 -2
v -14 -2 -2
v -13 -2 -2
v -12 -2 -2
v -12 -1 -2
v -11 -2 -2
v -11 -1 -2
v -10 -2 -2
v -10 -1 -2
v -9 -2 -2
v -9 -1 -2
v -8 -2 -2
v -8 -1 -2
v -7 -2 -2
v -7 -1 -2
v -6 -2 -2
v -6 -1 -2
v -5 -2 -2
v -5 -1 -2
v -3 -2 -2
v -5 -3 -2
v -2 -2 -2
v -1 -2 -2
v 0 -2 -2
v 1 -2 -2
v 2 -2 -2
v 3 -2 -2
v 4 -2 -2
v 5 -2 -2
v 5 -2 -3
v 6 -2 -3
v 6 -2 -2
v 6 -3 -2
v -14 -4 -2
v -14 -3 -2
v -14 -3 -3
v -13 -3 -2
v -12 -3 -2
v -11 -3 -2
v -10 -3 -2
v -9 -3 -2
v -8 -3 -2
v -7 -3 -2
v -6 -3 -2
v -4 -4 -2
v -5 -4 -2
v -3 -4 -2
v -2 -4 -2
v -1 -4 -2
v 0 -4 -2
v 1 -4 -2
v 2 -4 -2
v 3 -4 -2
v 4 -4 -2
v 5 -4 -2
v 6 -4 -2
v 7 -3 -2
v 8 -3 -2
v 9 -3 -2
v 10 -3 -2
v 11 -3 -2
v 12 -3 -2
v 13 -3 -2
v 14 -3 -2
v 15 -3 -3
v 15 -3 -2
v 15 -4 -2
v -22 -5 -2
v -22 -4 -2
v -21 -4 -2
v -20 -4 -2
v -19 -4 -2
v -18 -4 -2
v -17 -4 -2
v -16 -4 -2
v -15 -4 -2
v -13 -5 -2
v -14 -5 -2
v -12 -5 -2
v -11 -5 -2
v -10 -5 -2
v -9 -5 -2
v -8 -5 -2
v -7 -5 -2
v -6 -5 -2
v -5 -5 -2
v -6 -4 -2
v 6 -5 -2
v 7 -5 -2
v 7 -4 -2
v 8 -5 -2
v 9 -5 -2
v 10 -5 -2
v 11 -5 -2
v 12 -5 -2
v 13 -5 -2
v 14 -5 -2
v 15 -5 -2
v 16 -4 -2
v 17 -4 -2
v 18 -4 -2
v 19 -4 -2
v 20 -4 -2
v 21 -4 -2
v 22 -4 -2
v 23 -4 -2
v 23 -5 -2
v -22 -6 -2
v -21 -6 -2
v -18 -6 -2
v -19 -6 -2
v -17 -6 -2
v -16 -6 -2
v -15 -6 -2
v -14 -6 -2
v 15 -6 -2
v 16 -6 -2
v 17 -6 -2
v 18 -6 -2
v 19 -6 -2
v 20 -6 -2
v 23 -6 -2
v 22 -6 -2
v -21 -7 -2
v -20 -7 -2
v -19 -7 -2
v -20 -6 -2
v 20 -7 -2
v 21 -7 -2
v 21 -6 -2
v 22 -7 -2
v -20 -8 -2
v -19 -8 -2
v 20 -8 -2
v 21 -8 -2
v -20 -9 -3
v -20 -9 -2
v -19 -9 -2
v -18 -8 -2
v -18 -9 -2
v 19 -9 -2
v 19 -8 -2
v 21 -9 -3
v 21 -9 -2
v 20 -9 -2
v -19 -10 -2
v -18 -10 -2
v -17 -9 -2
v -17 -10 -2
v 18 -10 -2
v 18 -9 -2
v 19 -10 -2
v 20 -10 -2
v -18 -11 -2
v -17 -11 -2
v -16 -10 -2
v -16 -11 -2
v 17 -11 -2
v 17 -10 -2
v 18 -11 -2
v 19 -11 -2
v -17 -12 -2
v -16 -12 -2
v 17 -12 -2
v 18 -12 -2
v -16 -13 -2
v -15 -12 -2
v -15 -13 -2
v 16 -13 -2
v 16 -12 -2
v 17 -13 -2
v -16 -14 -3
v -16 -14 -2
v -15 -14 -2
v -14 -13 -2
v -14 -14 -2
v 15 -14 -2
v 15 -13 -2
v 17 -14 -3
v 17 -14 -2
v 16 -14 -2
v -15 -15 -3
v -15 -15 -2
v -14 -15 -2
v -13 -14 -2
v -13 -15 -2
v 14 -15 -2
v 14 -14 -2
v 16 -15 -3
v 16 -15 -2
v 15 -15 -2
v -14 -16 -3
v -14 -16 -2
v -13 -16 -2
v -12 -15 -2
v -12 -16 -2
v 13 -16 -2
v 13 -15 -2
v 15 -16 -3
v 15 -16 -2
v 14 -16 -2
v -13 -17 -3
v -13 -17 -2
v -12 -17 -2
v -11 -16 -2
v -11 -17 -2
v 12 -17 -2
v 12 -16 -2
v 14 -17 -3
v 14 -17 -2
v 13 -17 -2
v -12 -18 -3
v -12 -18 -2
v -11 -18 -2
v -10 -17 -2
v -10 -18 -2
v 11 -18 -2
v 11 -17 -2
v 13 -18 -3
v 13 -18 -2
v 12 -18 -2
v -11 -19 -3
v -11 -19 -2
v -10 -19 -2
v -9 -18 -2
v -8 -18 -2
v -8 -19 -2
v -9 -19 -2
v 9 -19 -2
v 9 -18 -2
v 10 -18 -2
v 10 -19 -2
v 12 -19 -3
v 12 -19 -2
v 11 -19 -2
v -10 -20 -3
v -10 -20 -2
v -9 -20 -2
v -8 -20 -2
v -7 -19 -2
v -7 -20 -2
v 8 -20 -2
v 8 -19 -2
v 9 -20 -2
v 10 -20 -2
v 11 -20 -3
v 11 -20 -2
v -8 -21 -2
v -7 -21 -2
v -6 -20 -2
v -6 -21 -2
v 7 -21 -2
v 7 -20 -2
v 9 -21 -2
v 8 -21 -2
v -7 -22 -3
v -7 -22 -2
v -6 -22 -2
v -5 -21 -2
v -4 -21 -2
v -4 -22 -2
v -5 -22 -2
v 5 -22 -2
v 5 -21 -2
v 6 -21 -2
v 6 -22 -2
v 8 -22 -3
v 8 -22 -2
v 7 -22 -2
v -6 -23 -3
v -6 -23 -2
v -5 -23 -3
v -5 -23 -2
v -4 -23 -2
v -3 -22 -2
v -2 -22 -2
v -1 -22 -2
v -2 -23 -2
v -1 -23 -2
v 0 -22 -2
v 0 -23 -2
v 1 -22 -2
v 1 -23 -2
v 2 -22 -2
v 2 -23 -2
v 3 -22 -2
v 3 -23 -2
v 4 -22 -2
v 6 -23 -3
v 6 -23 -2
v 5 -23 -2
v 7 -23 -3
v 7 -23 -2
v -4 -24 -3
v -4 -24 -2
v -3 -24 -3
v -3 -24 -2
v -2 -24 -3
v -2 -24 -2
v -1 -24 -2
v 0 -24 -2
v 1 -24 -2
v 2 -24 -2
v 3 -24 -3
v 3 -24 -2
v 4 -24 -3
v 4 -24 -2
v 5 -24 -3
v 5 -24 -2
v 6 12 -1
v 6 13 -1
v 7 13 -1
v 7 12 -1
v 5 11 -1
v 5 12 -1
v 6 11 -1
v 7 11 -1
v 8 12 -1
v 8 11 -1
v -9 10 -1
v -9 11 -1
v -8 11 -1
v -8 10 -1
v 4 10 -1
v 4 11 -1
v 6 10 -2
v 5 10 -1
v 6 10 -1
v 7 10 -2
v 7 10 -1
v 8 10 -1
v 9 11 -1
v 9 10 -1
v -10 9 -1
v -10 10 -1
v -9 9 -1
v -8 9 -1
v -7 10 -1
v -7 9 -1
v 3 9 -1
v 3 10 -1
v 5 9 -2
v 4 9 -1
v 5 9 -1
v 6 9 -2
v 6 9 -1
v 7 9 -2
v 7 9 -1
v 8 9 -2
v 8 9 -1
v 9 9 -1
v 10 10 -1
v 10 9 -1
v -11 8 -1
v -11 9 -1
v -10 8 -1
v -7 8 -1
v -6 9 -1
v -6 8 -1
v 3 8 -1
v 4 8 -2
v 4 8 -1
v 5 8 -2
v 5 8 -1
v 6 8 -2
v 6 8 -1
v 7 8 -2
v 7 8 -1
v 8 8 -2
v 8 8 -1
v 9 8 -2
v 9 8 -1
v 10 8 -1
v -12 7 -1
v -12 8 -1
v -11 7 -1
v -6 7 -1
v -5 8 -1
v -5 7 -1
v 2 7 -1
v 2 8 -1
v 4 7 -2
v 3 7 -1
v 4 7 -1
v 5 7 -2
v 5 7 -1
v 6 7 -2
v 6 7 -1
v 7 7 -2
v 7 7 -1
v 8 7 -2
v 8 7 -1
v 9 7 -2
v 9 7 -1
v 10 7 -1
v 11 8 -1
v 11 7 -1
v -13 6 -1
v -13 7 -1
v -12 6 -1
v -5 6 -1
v -4 7 -1
v -4 6 -1
v 1 6 -1
v 1 7 -1
v 2 6 -1
v 3 6 -2
v 4 6 -2
v 3 6 -1
v 4 6 -1
v 5 6 -2
v 5 6 -1
v 6 6 -2
v 6 6 -1
v 7 6 -2
v 7 6 -1
v 8 6 -2
v 8 6 -1
v 9 6 -2
v 9 6 -1
v 10 6 -2
v 10 6 -1
v 11 6 -1
v 12 7 -1
v 12 6 -1
v -14 5 -1
v -14 6 -1
v -13 5 -1
v -4 5 -1
v -3 6 -1
v -3 5 -1
v 2 5 -2
v 2 5 -1
v 3 5 -2
v 4 5 -2
v 3 5 -1
v 4 5 -1
v 5 5 -2
v 5 5 -1
v 6 5 -2
v 6 5 -1
v 7 5 -2
v 7 5 -1
v 8 5 -2
v 8 5 -1
v 9 5 -2
v 9 5 -1
v 10 5 -2
v 10 5 -1
v 11 5 -2
v 11 5 -1
v 13 6 -1
v 13 5 -1
v 12 5 -1
v -15 4 -1
v -15 5 -1
v -14 4 -1
v -13 4 -1
v -4 4 -1
v -2 5 -1
v -2 4 -1
v -3 4 -1
v 2 4 -2
v 2 4 -1
v 3 4 -2
v 4 4 -2
v 3 4 -1
v 4 4 -1
v 5 4 -2
v 5 4 -1
v 6 4 -2
v 6 4 -1
v 7 4 -2
v 7 4 -1
v 8 4 -2
v 8 4 -1
v 9 4 -2
v 9 4 -1
v 10 4 -2
v 10 4 -1
v 11 4 -2
v 11 4 -1
v 12 4 -2
v 12 4 -1
v -14 3 -1
v -13 3 -1
v -4 3 -1
v -3 3 -1
v 2 3 -2
v 2 3 -1
v 3 3 -2
v 4 3 -2
v 3 3 -1
v 4 3 -1
v 5 3 -2
v 5 3 -1
v 6 3 -2
v 6 3 -1
v 7 3 -2
v 7 3 -1
v 8 3 -2
v 8 3 -1
v 9 3 -2
v 9 3 -1
v 10 3 -2
v 10 3 -1
v 11 3 -2
v 11 3 -1
v 12 3 -2
v 12 3 -1
v -14 2 -1
v -13 2 -1
v -4 2 -1
v -3 2 -1
v 2 2 -2
v 2 2 -1
v 3 2 -2
v 4 2 -2
v 3 2 -1
v 4 2 -1
v 5 2 -2
v 5 2 -1
v 6 2 -2
v 6 2 -1
v 7 2 -2
v 7 2 -1
v 8 2 -2
v 8 2 -1
v 9 2 -2
v 9 2 -1
v 10 2 -2
v 10 2 -1
v 11 2 -2
v 11 2 -1
v 12 2 -2
v 12 2 -1
v -14 1 -1
v -13 1 -1
v -4 1 -1
v -3 1 -1
v 2 1 -2
v 2 1 -1
v 3 1 -2
v 4 1 -2
v 3 1 -1
v 4 1 -1
v 5 1 -2
v 5 1 -1
v 6 1 -2
v 6 1 -1
v 7 1 -2
v 7 1 -1
v 8 1 -2
v 8 1 -1
v 9 1 -2
v 9 1 -1
v 10 1 -2
v 10 1 -1
v 11 1 -2
v 11 1 -1
v 12 1 -2
v 12 1 -1
v -14 0 -1
v -13 0 -1
v -4 0 -1
v -3 0 -1
v 2 0 -2
v 2 0 -1
v 3 0 -2
v 4 0 -2
v 3 0 -1
v 4 0 -1
v 5 0 -2
v 5 0 -1
v 6 0 -2
v 6 0 -1
v 7 0 -2
v 7 0 -1
v 8 0 -2
v 8 0 -1
v 9 0 -2
v 9 0 -1
v 10 0 -2
v 10 0 -1
v 11 0 -2
v 11 0 -1
v 12 0 -2
v 12 0 -1
v -14 -1 -1
v -13 -1 -1
v -4 -1 -1
v -3 -1 -1
v 2 -1 -2
v 2 -1 -1
v 3 -1 -2
v 4 -1 -2
v 3 -1 -1
v 4 -1 -1
v 5 -1 -2
v 5 -1 -1
v 6 -1 -2
v 6 -1 -1
v 7 -1 -2
v 7 -1 -1
v 8 -1 -2
v 8 -1 -1
v 9 -1 -2
v 9 -1 -1
v 10 -1 -2
v 10 -1 -1
v 11 -1 -2
v 11 -1 -1
v 12 -1 -2
v 12 -1 -1
v -14 -2 -1
v -13 -2 -1
v -12 -2 -1
v -12 -1 -1
v -11 -2 -1
v -11 -1 -1
v -10 -2 -1
v -10 -1 -1
v -9 -2 -1
v -9 -1 -1
v -8 -2 -1
v -8 -1 -1
v -7 -2 -1
v -7 -1 -1
v -6 -2 -1
v -6 -1 -1
v -5 -1 -1
v -3 -2 -1
v 2 -2 -1
v 7 -2 -2
v 8 -2 -2
v 8 -2 -1
v 7 -2 -1
v 9 -2 -2
v 9 -2 -1
v 10 -2 -2
v 10 -2 -1
v 11 -2 -2
v 11 -2 -1
v 12 -2 -2
v 12 -2 -1
v -6 -3 -1
v -2 -2 -1
v -1 -2 -1
v 0 -2 -1
v 1 -2 -1
v 7 -3 -1
v -14 -4 -1
v -14 -3 -1
v -13 -3 -1
v -12 -3 -1
v -11 -3 -1
v -10 -3 -1
v -9 -3 -1
v -8 -3 -1
v -7 -3 -1
v -5 -4 -1
v -6 -4 -1
v -4 -4 -1
v -3 -4 -1
v -2 -4 -1
v -1 -4 -1
v 0 -4 -1
v 1 -4 -1
v 2 -4 -1
v 3 -4 -1
v 4 -4 -1
v 5 -4 -1
v 6 -4 -1
v 7 -4 -1
v 8 -3 -1
v 9 -3 -1
v 10 -3 -1
v 11 -3 -1
v 12 -3 -1
v 13 -3 -1
v 14 -3 -1
v 15 -3 -1
v 15 -4 -1
v -22 -5 -1
v -22 -4 -1
v -21 -4 -1
v -20 -4 -1
v -19 -4 -1
v -18 -4 -1
v -17 -4 -1
v -16 -4 -1
v -15 -4 -1
v -13 -5 -1
v -14 -5 -1
v -12 -5 -1
v -11 -5 -1
v -10 -5 -1
v -9 -5 -1
v -8 -5 -1
v -7 -5 -1
v -6 -5 -1
v 7 -5 -1
v 8 -5 -1
v 9 -5 -1
v 10 -5 -1
v 11 -5 -1
v 12 -5 -1
v 13 -5 -1
v 14 -5 -1
v 15 -5 -1
v 16 -4 -1
v 17 -4 -1
v 18 -4 -1
v 19 -4 -1
v 20 -4 -1
v 21 -4 -1
v 22 -4 -1
v 23 -4 -1
v 23 -5 -1
v -22 -6 -1
v -21 -6 -1
v -19 -6 -1
v -20 -6 -1
v -18 -6 -1
v -17 -6 -1
v -16 -6 -1
v -15 -6 -1
v -14 -6 -1
v 15 -6 -1
v 16 -6 -1
v 17 -6 -1
v 18 -6 -1
v 19 -6 -1
v 20 -6 -1
v 21 -6 -1
v 23 -6 -1
v 22 -6 -1
v -21 -7 -1
v -20 -7 -1
v 21 -7 -1
v 22 -7 -1
v -21 -8 -2
v -21 -8 -1
v -20 -8 -1
v -19 -7 -1
v -19 -8 -1
v 20 -8 -1
v 20 -7 -1
v 22 -8 -2
v 22 -8 -1
v 21 -8 -1
v -20 -9 -1
v -19 -9 -1
v -18 -8 -1
v -18 -9 -1
v 19 -9 -1
v 19 -8 -1
v 20 -9 -1
v 21 -9 -1
v -19 -10 -1
v -18 -10 -1
v 19 -10 -1
v 20 -10 -1
v -18 -11 -1
v -17 -10 -1
v -17 -11 -1
v 18 -11 -1
v 18 -10 -1
v 19 -11 -1
v -18 -12 -2
v -18 -12 -1
v -17 -12 -1
v -16 -11 -1
v -16 -12 -1
v 17 -12 -1
v 17 -11 -1
v 19 -12 -2
v 19 -12 -1
v 18 -12 -1
v -17 -13 -2
v -17 -13 -1
v -16 -13 -1
v -15 -12 -1
v -15 -13 -1
v 16 -13 -1
v 16 -12 -1
v 18 -13 -2
v 18 -13 -1
v 17 -13 -1
v -16 -14 -1
v -15 -14 -1
v -14 -13 -1
v -14 -14 -1
v 15 -14 -1
v 15 -13 -1
v 17 -14 -1
v 16 -14 -1
v -15 -15 -1
v -14 -15 -1
v -13 -14 -1
v -13 -15 -1
v 14 -15 -1
v 14 -14 -1
v 15 -15 -1
v 16 -15 -1
v -14 -16 -1
v -13 -16 -1
v -12 -15 -1
v -12 -16 -1
v 13 -16 -1
v 13 -15 -1
v 14 -16 -1
v 15 -16 -1
v -13 -17 -1
v -12 -17 -1
v -11 -16 -1
v -11 -17 -1
v 12 -17 -1
v 12 -16 -1
v 13 -17 -1
v 14 -17 -1
v -12 -18 -1
v -11 -18 -1
v -10 -17 -1
v -10 -18 -1
v 11 -18 -1
v 11 -17 -1
v 12 -18 -1
v 13 -18 -1
v -11 -19 -1
v -10 -19 -1
v -9 -18 -1
v -9 -19 -1
v 10 -19 -1
v 10 -18 -1
v 12 -19 -1
v 11 -19 -1
v -10 -20 -1
v -9 -20 -1
v -8 -19 -1
v -8 -20 -1
v 9 -20 -1
v 9 -19 -1
v 11 -20 -1
v 10 -20 -1
v -9 -21 -2
v -9 -21 -1
v -8 -21 -1
v -7 -20 -1
v -6 -20 -1
v -6 -21 -1
v -7 -21 -1
v 7 -21 -1
v 7 -20 -1
v 8 -20 -1
v 8 -21 -1
v 10 -21 -2
v 10 -21 -1
v 9 -21 -1
v -8 -22 -2
v -8 -22 -1
v -7 -22 -1
v -6 -22 -1
v -5 -21 -1
v -5 -22 -1
v 6 -22 -1
v 6 -21 -1
v 8 -22 -1
v 7 -22 -1
v 9 -22 -2
v 9 -22 -1
v -6 -23 -1
v -5 -23 -1
v -4 -22 -1
v -3 -22 -1
v -4 -23 -1
v -3 -23 -1
v -2 -22 -1
v -2 -23 -1
v 3 -23 -1
v 3 -22 -1
v 4 -22 -1
v 4 -23 -1
v 5 -22 -1
v 5 -23 -1
v 7 -23 -1
v 6 -23 -1
v -5 -24 -2
v -5 -24 -1
v -4 -24 -1
v -3 -24 -1
v -2 -24 -1
v -1 -23 -1
v 0 -23 -1
v 1 -23 -1
v 0 -24 -1
v 1 -24 -1
v 2 -23 -1
v 4 -24 -1
v 3 -24 -1
v 5 -24 -1
v 6 -24 -2
v 6 -24 -1
v -2 -25 -2
v -2 -25 -1
v -1 -25 -2
v -1 -25 -1
v 0 -25 -2
v 0 -25 -1
v 1 -25 -2
v 1 -25 -1
v 2 -25 -2
v 2 -25 -1
v 3 -25 -2
v 3 -25 -1
v 6 12 0
v 6 13 0
v 7 13 0
v 7 12 0
v 5 11 0
v 5 12 0
v 6 11 0
v 7 11 0
v 8 12 0
v 8 11 0
v -9 10 0
v -9 11 0
v -8 11 0
v -8 10 0
v 4 10 0
v 4 11 0
v 5 10 0
v 8 10 0
v 9 11 0
v 9 10 0
v -10 9 0
v -10 10 0
v -9 9 0
v -8 9 0
v -7 10 0
v -7 9 0
v 3 9 0
v 3 10 0
v 4 9 0
v 9 9 0
v 10 10 0
v 10 9 0
v -11 8 0
v -11 9 0
v -10 8 0
v -7 8 0
v -6 9 0
v -6 8 0
v -12 7 0
v -12 8 0
v -11 7 0
v -6 7 0
v -5 8 0
v -5 7 0
v 2 7 0
v 2 8 0
v 3 8 0
v 3 7 0
v 10 7 0
v 10 8 0
v 11 8 0
v 11 7 0
v -13 6 0
v -13 7 0
v -12 6 0
v -5 6 0
v -4 7 0
v -4 6 0
v 1 6 0
v 1 7 0
v 2 6 0
v 3 6 0
v 11 6 0
v 12 7 0
v 12 6 0
v -14 5 0
v -14 6 0
v -13 5 0
v -4 5 0
v -3 6 0
v -3 5 0
v 2 5 0
v 3 5 0
v 11 5 0
v 13 6 0
v 13 5 0
v 12 5 0
v -15 4 0
v -15 5 0
v -14 4 0
v -13 4 0
v -4 4 0
v -2 5 0
v -2 4 0
v -3 4 0
v 2 4 0
v 3 4 0
v 11 4 0
v 12 4 0
v -14 3 0
v -13 3 0
v -4 3 0
v -3 3 0
v 2 3 0
v 3 3 0
v 11 3 0
v 12 3 0
v -14 2 0
v -13 2 0
v -4 2 0
v -3 2 0
v 2 2 0
v 3 2 0
v 11 2 0
v 12 2 0
v -14 1 0
v -13 1 0
v -4 1 0
v -3 1 0
v 2 1 0
v 3 1 0
v 11 1 0
v 12 1 0
v -14 0 0
v -13 0 0
v -4 0 0
v -3 0 0
v 2 0 0
v 3 0 0
v 11 0 0
v 12 0 0
v -14 -1 0
v -13 -1 0
v -4 -1 0
v -3 -1 0
v 2 -1 0
v 3 -1 0
v 11 -1 0
v 12 -1 0
v -20 -2 -1
v -20 -2 0
v -20 -1 0
v -20 -1 -1
v -19 -2 -1
v -19 -1 -1
v -19 -1 0
v -19 -2 0
v -14 -2 0
v -13 -2 0
v -12 -2 0
v -12 -1 0
v -11 -2 0
v -11 -1 0
v -10 -2 0
v -10 -1 0
v -9 -2 0
v -9 -1 0
v -8 -2 0
v -8 -1 0
v -7 -2 0
v -7 -1 0
v -6 -2 0
v -6 -1 0
v -5 -1 0
v -3 -2 0
v 2 -2 0
v 4 -1 0
v 5 -1 0
v 6 -1 0
v 7 -1 0
v 8 -2 0
v 7 -2 0
v 8 -1 0
v 9 -2 0
v 9 -1 0
v 10 -2 0
v 10 -1 0
v 11 -2 0
v 12 -2 0
v -6 -3 0
v -2 -2 0
v -1 -2 0
v 0 -2 0
v 1 -2 0
v 7 -3 0
v -14 -4 0
v -14 -3 0
v -13 -3 0
v -12 -3 0
v -11 -3 0
v -10 -3 0
v -9 -3 0
v -8 -3 0
v -7 -3 0
v -5 -4 0
v -6 -4 0
v -4 -4 0
v -3 -4 0
v -2 -4 0
v -1 -4 0
v 0 -4 0
v 1 -4 0
v 2 -4 0
v 3 -4 0
v 4 -4 0
v 5 -4 0
v 6 -4 0
v 7 -4 0
v 8 -3 0
v 9 -3 0
v 10 -3 0
v 11 -3 0
v 12 -3 0
v 13 -3 0
v 14 -3 0
v 15 -3 0
v 15 -4 0
v -22 -5 0
v -22 -4 0
v -21 -4 0
v -20 -4 0
v -19 -4 0
v -18 -4 0
v -17 -4 0
v -16 -4 0
v -15 -4 0
v -13 -5 0
v -14 -5 0
v -12 -5 0
v -11 -5 0
v -10 -5 0
v -9 -5 0
v -8 -5 0
v -7 -5 0
v -6 -5 0
v -7 -4 0
v 7 -5 0
v 8 -5 0
v 8 -4 0
v 9 -5 0
v 10 -5 0
v 11 -5 0
v 12 -5 0
v 13 -5 0
v 14 -5 0
v 15 -5 0
v 16 -4 0
v 17 -4 0
v 18 -4 0
v 19 -4 0
v 20 -4 0
v 21 -4 0
v 22 -4 0
v 23 -4 0
v 23 -5 0
v -22 -6 0
v -19 -6 0
v -20 -6 0
v -18 -6 0
v -17 -6 0
v -16 -6 0
v -15 -6 0
v -14 -6 0
v -15 -5 0
v 15 -6 0
v 16 -6 0
v 16 -5 0
v 17 -6 0
v 18 -6 0
v 19 -6 0
v 20 -6 0
v 21 -6 0
v 23 -6 0
v -22 -7 -1
v -22 -7 0
v -21 -7 0
v -20 -7 0
v 21 -7 0
v 23 -7 -1
v 23 -7 0
v 22 -7 0
v -21 -8 0
v -20 -8 0
v -19 -7 0
v -19 -8 0
v 20 -8 0
v 20 -7 0
v 21 -8 0
v 22 -8 0
v -20 -9 0
v -19 -9 0
v 20 -9 0
v 21 -9 0
v -19 -10 0
v -18 -9 0
v -18 -10 0
v 19 -10 0
v 19 -9 0
v 20 -10 0
v -19 -11 -1
v -19 -11 0
v -18 -11 0
v -17 -10 0
v -17 -11 0
v 18 -11 0
v 18 -10 0
v 20 -11 -1
v 20 -11 0
v 19 -11 0
v -18 -12 0
v -17 -12 0
v -16 -11 0
v -16 -12 0
v 17 -12 0
v 17 -11 0
v 19 -12 0
v 18 -12 0
v -17 -13 0
v -16 -13 0
v -15 -12 0
v -15 -13 0
v 16 -13 0
v 16 -12 0
v 17 -13 0
v 18 -13 0
v -16 -14 0
v -15 -14 0
v -14 -13 0
v -14 -14 0
v 15 -14 0
v 15 -13 0
v 16 -14 0
v 17 -14 0
v -15 -15 0
v -14 -15 0
v 15 -15 0
v 16 -15 0
v -14 -16 0
v -13 -15 0
v -13 -16 0
v 14 -16 0
v 14 -15 0
v 15 -16 0
v -14 -17 -1
v -14 -17 0
v -13 -17 0
v -12 -16 0
v -12 -17 0
v 13 -17 0
v 13 -16 0
v 15 -17 -1
v 15 -17 0
v 14 -17 0
v -13 -18 -1
v -13 -18 0
v -12 -18 0
v -11 -17 0
v -11 -18 0
v 12 -18 0
v 12 -17 0
v 14 -18 -1
v 14 -18 0
v 13 -18 0
v -12 -19 -1
v -12 -19 0
v -11 -19 0
v -10 -18 0
v -9 -18 0
v -9 -19 0
v -10 -19 0
v 10 -19 0
v 10 -18 0
v 11 -18 0
v 11 -19 0
v 13 -19 -1
v 13 -19 0
v 12 -19 0
v -11 -20 -1
v -11 -20 0
v -10 -20 0
v -9 -20 0
v -8 -19 0
v -8 -20 0
v 9 -20 0
v 9 -19 0
v 10 -20 0
v 11 -20 0
v 12 -20 -1
v 12 -20 0
v -9 -21 0
v -8 -21 0
v -7 -20 0
v -7 -21 0
v 8 -21 0
v 8 -20 0
v 10 -21 0
v 9 -21 0
v -8 -22 0
v -7 -22 0
v -6 -21 0
v -5 -21 0
v -5 -22 0
v -6 -22 0
v 6 -22 0
v 6 -21 0
v 7 -21 0
v 7 -22 0
v 9 -22 0
v 8 -22 0
v -7 -23 -1
v -7 -23 0
v -6 -23 0
v -5 -23 0
v -4 -22 0
v -4 -23 0
v 5 -23 0
v 5 -22 0
v 7 -23 0
v 6 -23 0
v 8 -23 -1
v 8 -23 0
v -5 -24 0
v -4 -24 0
v -3 -23 0
v -2 -23 0
v -1 -23 0
v -2 -24 0
v -1 -24 0
v 0 -23 0
v 0 -24 0
v 1 -24 0
v 1 -23 0
v 2 -23 0
v 2 -24 0
v 3 -23 0
v 3 -24 0
v 4 -23 0
v 6 -24 0
v 5 -24 0
v -4 -25 -1
v -4 -25 0
v -3 -25 -1
v -3 -25 0
v -2 -25 0
v -1 -25 0
v 0 -25 0
v 2 -25 0
v 1 -25 0
v 3 -25 0
v 4 -25 -1
v 4 -25 0
v 5 -25 -1
v 5 -25 0
v 0 -26 -1
v 0 -26 0
v 1 -26 -1
v 1 -26 0
v 6 12 1
v 6 13 1
v 7 13 1
v 7 12 1
v 5 11 1
v 5 12 1
v 6 11 1
v 7 11 1
v 8 12 1
v 8 11 1
v -9 10 1
v -9 11 1
v -8 11 1
v -8 10 1
v 4 10 1
v 4 11 1
v 5 10 1
v 8 10 1
v 9 11 1
v 9 10 1
v -10 9 1
v -10 10 1
v -9 9 1
v -8 9 1
v -7 10 1
v -7 9 1
v 3 9 1
v 3 10 1
v 4 9 1
v 9 9 1
v 10 10 1
v 10 9 1
v -11 8 1
v -11 9 1
v -10 8 1
v -7 8 1
v -6 9 1
v -6 8 1
v -12 7 1
v -12 8 1
v -11 7 1
v -6 7 1
v -5 8 1
v -5 7 1
v 2 7 1
v 2 8 1
v 3 8 1
v 3 7 1
v 10 7 1
v 10 8 1
v 11 8 1
v 11 7 1
v -13 6 1
v -13 7 1
v -12 6 1
v -5 6 1
v -4 7 1
v -4 6 1
v 1 6 1
v 1 7 1
v 2 6 1
v 3 6 1
v 11 6 1
v 12 7 1
v 12 6 1
v -14 5 1
v -14 6 1
v -13 5 1
v -4 5 1
v -3 6 1
v -3 5 1
v 2 5 1
v 3 5 1
v 11 5 1
v 13 6 1
v 13 5 1
v 12 5 1
v -15 4 1
v -15 5 1
v -14 4 1
v -13 4 1
v -4 4 1
v -2 5 1
v -2 4 1
v -3 4 1
v 2 4 1
v 3 4 1
v 11 4 1
v 12 4 1
v -14 3 1
v -13 3 1
v -4 3 1
v -3 3 1
v 2 3 1
v 3 3 1
v 11 3 1
v 12 3 1
v -14 2 1
v -13 2 1
v -4 2 1
v -3 2 1
v 2 2 1
v 3 2 1
v 11 2 1
v 12 2 1
v -14 1 1
v -13 1 1
v -4 1 1
v -3 1 1
v 2 1 1
v 3 1 1
v 11 1 1
v 12 1 1
v -20 0 0
v -20 0 1
v -20 1 1
v -20 1 0
v -19 0 0
v -19 1 0
v -19 1 1
v -19 0 1
v -14 0 1
v -13 0 1
v -4 0 1
v -3 0 1
v 2 0 1
v 3 0 1
v 11 0 1
v 12 0 1
v -21 -1 0
v -21 -1 1
v -21 0 1
v -21 0 0
v -18 -1 0
v -18 0 0
v -18 0 1
v -18 -1 1
v -14 -1 1
v -13 -1 1
v -4 -1 1
v -3 -1 1
v 2 -1 1
v 3 -1 1
v 11 -1 1
v 12 -1 1
v -22 -2 0
v -22 -2 1
v -22 -1 1
v -22 -1 0
v -21 -2 0
v -21 -2 1
v -20 -2 1
v -19 -2 1
v -18 -2 0
v -18 -2 1
v -17 -2 0
v -17 -1 0
v -17 -1 1
v -17 -2 1
v -14 -2 1
v -13 -2 1
v -12 -2 1
v -12 -1 1
v -11 -2 1
v -11 -1 1
v -10 -2 1
v -10 -1 1
v -9 -2 1
v -9 -1 1
v -8 -2 1
v -8 -1 1
v -7 -2 1
v -7 -1 1
v -6 -1 1
v -5 -1 1
v -3 -2 1
v 2 -2 1
v 4 -1 1
v 5 -1 1
v 6 -1 1
v 7 -1 1
v 8 -1 1
v 9 -2 1
v 8 -2 1
v 9 -1 1
v 10 -2 1
v 10 -1 1
v 11 -2 1
v 12 -2 1
v -7 -3 1
v -2 -2 1
v -1 -2 1
v 0 -2 1
v 1 -2 1
v 8 -3 1
v -15 -4 1
v -15 -3 1
v -15 -3 0
v -14 -3 1
v -13 -3 1
v -12 -3 1
v -11 -3 1
v -10 -3 1
v -9 -3 1
v -8 -3 1
v -6 -4 1
v -7 -4 1
v -5 -4 1
v -4 -4 1
v -3 -4 1
v -2 -4 1
v -1 -4 1
v 0 -4 1
v 1 -4 1
v 2 -4 1
v 3 -4 1
v 4 -4 1
v 5 -4 1
v 6 -4 1
v 7 -4 1
v 8 -4 1
v 9 -3 1
v 10 -3 1
v 11 -3 1
v 12 -3 1
v 13 -3 1
v 14 -3 1
v 15 -3 1
v 16 -3 0
v 16 -3 1
v 16 -4 1
v -22 -5 1
v -22 -4 1
v -21 -4 1
v -20 -4 1
v -19 -4 1
v -18 -4 1
v -17 -4 1
v -16 -4 1
v -14 -5 1
v -15 -5 1
v -13 -5 1
v -12 -5 1
v -11 -5 1
v -10 -5 1
v -9 -5 1
v -8 -5 1
v -7 -5 1
v 8 -5 1
v 9 -5 1
v 10 -5 1
v 11 -5 1
v 12 -5 1
v 13 -5 1
v 14 -5 1
v 15 -5 1
v 16 -5 1
v 17 -4 1
v 18 -4 1
v 19 -4 1
v 20 -4 1
v 21 -4 1
v 22 -4 1
v 23 -4 1
v 23 -5 1
v -22 -6 1
v -19 -6 1
v -20 -6 1
v -18 -6 1
v -17 -6 1
v -16 -6 1
v -15 -6 1
v 16 -6 1
v 17 -6 1
v 18 -6 1
v 19 -6 1
v 20 -6 1
v 21 -6 1
v 23 -6 1
v -22 -7 1
v -21 -7 1
v -20 -7 1
v 21 -7 1
v 23 -7 1
v 22 -7 1
v -21 -8 1
v -20 -8 1
v 21 -8 1
v 22 -8 1
v -20 -9 1
v -19 -8 1
v -19 -9 1
v 20 -9 1
v 20 -8 1
v 21 -9 1
v -20 -10 0
v -20 -10 1
v -19 -10 1
v -18 -9 1
v -18 -10 1
v 19 -10 1
v 19 -9 1
v 21 -10 0
v 21 -10 1
v 20 -10 1
v -19 -11 1
v -18 -11 1
v -17 -10 1
v -17 -11 1
v 18 -11 1
v 18 -10 1
v 20 -11 1
v 19 -11 1
v -18 -12 1
v -17 -12 1
v -16 -11 1
v -16 -12 1
v 17 -12 1
v 17 -11 1
v 18 -12 1
v 19 -12 1
v -17 -13 1
v -16 -13 1
v 17 -13 1
v 18 -13 1
v -16 -14 1
v -15 -13 1
v -15 -14 1
v 16 -14 1
v 16 -13 1
v 17 -14 1
v -16 -15 0
v -16 -15 1
v -15 -15 1
v -14 -14 1
v -14 -15 1
v 15 -15 1
v 15 -14 1
v 17 -15 0
v 17 -15 1
v 16 -15 1
v -15 -16 0
v -15 -16 1
v -14 -16 1
v -13 -15 1
v -13 -16 1
v 14 -16 1
v 14 -15 1
v 16 -16 0
v 16 -16 1
v 15 -16 1
v -14 -17 1
v -13 -17 1
v -12 -16 1
v -12 -17 1
v 13 -17 1
v 13 -16 1
v 15 -17 1
v 14 -17 1
v -13 -18 1
v -12 -18 1
v -11 -17 1
v -11 -18 1
v 12 -18 1
v 12 -17 1
v 14 -18 1
v 13 -18 1
v -12 -19 1
v -11 -19 1
v -10 -18 1
v -10 -19 1
v 11 -19 1
v 11 -18 1
v 13 -19 1
v 12 -19 1
v -11 -20 1
v -10 -20 1
v -9 -19 1
v -9 -20 1
v 10 -20 1
v 10 -19 1
v 12 -20 1
v 11 -20 1
v -10 -21 0
v -10 -21 1
v -9 -21 1
v -8 -20 1
v -7 -20 1
v -7 -21 1
v -8 -21 1
v 8 -21 1
v 8 -20 1
v 9 -20 1
v 9 -21 1
v 11 -21 0
v 11 -21 1
v 10 -21 1
v -9 -22 0
v -9 -22 1
v -8 -22 1
v -7 -22 1
v -6 -21 1
v -6 -22 1
v 7 -22 1
v 7 -21 1
v 9 -22 1
v 8 -22 1
v 10 -22 0
v 10 -22 1
v -7 -23 1
v -6 -23 1
v -5 -22 1
v -4 -22 1
v -4 -23 1
v -5 -23 1
v 5 -23 1
v 5 -22 1
v 6 -22 1
v 6 -23 1
v 8 -23 1
v 7 -23 1
v -6 -24 0
v -6 -24 1
v -5 -24 1
v -4 -24 1
v -3 -23 1
v -2 -23 1
v -2 -24 1
v -3 -24 1
v 3 -24 1
v 3 -23 1
v 4 -23 1
v 4 -24 1
v 6 -24 1
v 5 -24 1
v 7 -24 0
v 7 -24 1
v -4 -25 1
v -3 -25 1
v -2 -25 1
v -1 -24 1
v 0 -24 1
v 1 -24 1
v 2 -24 1
v 4 -25 1
v 3 -25 1
v 5 -25 1
v -2 -26 0
v -2 -26 1
v -1 -26 0
v -1 -26 1
v 0 -26 1
v 1 -26 1
v 2 -26 0
v 2 -26 1
v 3 -26 0
v 3 -26 1
v 6 12 2
v 6 13 2
v 7 13 2
v 7 12 2
v 5 11 2
v 5 12 2
v 6 11 2
v 7 11 2
v 8 12 2
v 8 11 2
v -9 10 2
v -9 11 2
v -8 11 2
v -8 10 2
v 4 10 2
v 4 11 2
v 5 10 2
v 8 10 2
v 9 11 2
v 9 10 2
v -10 9 2
v -10 10 2
v -9 9 2
v -8 9 2
v -7 10 2
v -7 9 2
v 3 9 2
v 3 10 2
v 4 9 2
v 9 9 2
v 10 10 2
v 10 9 2
v -11 8 2
v -11 9 2
v -10 8 2
v -7 8 2
v -6 9 2
v -6 8 2
v -12 7 2
v -12 8 2
v -11 7 2
v -6 7 2
v -5 8 2
v -5 7 2
v 2 7 2
v 2 8 2
v 3 8 2
v 3 7 2
v 10 7 2
v 10 8 2
v 11 8 2
v 11 7 2
v -13 6 2
v -13 7 2
v -12 6 2
v -5 6 2
v -4 7 2
v -4 6 2
v 1 6 2
v 1 7 2
v 2 6 2
v 3 6 2
v 11 6 2
v 12 7 2
v 12 6 2
v -14 5 2
v -14 6 2
v -13 5 2
v -4 5 2
v -3 6 2
v -3 5 2
v 2 5 2
v 3 5 2
v 11 5 2
v 13 6 2
v 13 5 2
v 12 5 2
v -15 4 2
v -15 5 2
v -14 4 2
v -13 4 2
v -4 4 2
v -2 5 2
v -2 4 2
v -3 4 2
v 2 4 2
v 3 4 2
v 11 4 2
v 12 4 2
v -14 3 2
v -13 3 2
v -4 3 2
v -3 3 2
v 2 3 2
v 3 3 2
v 11 3 2
v 12 3 2
v -14 2 2
v -13 2 2
v -4 2 2
v -3 2 2
v 2 2 2
v 3 2 2
v 11 2 2
v 12 2 2
v -21 1 1
v -21 1 2
v -21 2 2
v -21 2 1
v -20 2 2
v -20 2 1
v -19 2 2
v -19 2 1
v -18 1 1
v -18 2 1
v -18 2 2
v -18 1 2
v -14 1 2
v -13 1 2
v -4 1 2
v -3 1 2
v 2 1 2
v 3 1 2
v 11 1 2
v 12 1 2
v -22 0 1
v -22 0 2
v -22 1 2
v -22 1 1
v -17 0 1
v -17 1 1
v -17 1 2
v -17 0 2
v -14 0 2
v -13 0 2
v -4 0 2
v -3 0 2
v 2 0 2
v 3 0 2
v 11 0 2
v 12 0 2
v -22 -1 2
v -17 -1 2
v -14 -1 2
v -13 -1 2
v -4 -1 2
v -3 -1 2
v 2 -1 2
v 3 -1 2
v 11 -1 2
v 12 -1 2
v -23 -2 1
v -23 -2 2
v -23 -1 2
v -23 -1 1
v -22 -2 2
v -21 -2 2
v -20 -2 2
v -19 -2 2
v -18 -2 2
v -17 -2 2
v -16 -2 1
v -16 -1 1
v -16 -1 2
v -16 -2 2
v -14 -2 2
v -13 -2 2
v -12 -2 2
v -12 -1 2
v -11 -2 2
v -11 -1 2
v -10 -2 2
v -10 -1 2
v -9 -2 2
v -9 -1 2
v -8 -2 2
v -8 -1 2
v -7 -2 2
v -7 -1 2
v -6 -1 2
v -5 -1 2
v -3 -2 2
v 2 -2 2
v 4 -1 2
v 5 -1 2
v 6 -1 2
v 7 -1 2
v 8 -1 2
v 9 -2 2
v 8 -2 2
v 9 -1 2
v 10 -2 2
v 10 -1 2
v 11 -2 2
v 12 -2 2
v -7 -3 2
v -2 -2 2
v -1 -2 2
v 0 -2 2
v 1 -2 2
v 8 -3 2
v -15 -4 2
v -15 -3 2
v -14 -3 2
v -13 -3 2
v -12 -3 2
v -11 -3 2
v -10 -3 2
v -9 -3 2
v -8 -3 2
v -6 -4 2
v -7 -4 2
v -5 -4 2
v -4 -4 2
v -3 -4 2
v -2 -4 2
v -1 -4 2
v 0 -4 2
v 1 -4 2
v 1 -3 2
v 0 -3 2
v 2 -4 2
v 3 -4 2
v 4 -4 2
v 5 -4 2
v 6 -4 2
v 7 -4 2
v 8 -4 2
v 9 -3 2
v 10 -3 2
v 11 -3 2
v 12 -3 2
v 13 -3 2
v 14 -3 2
v 15 -3 2
v 16 -3 2
v 16 -4 2
v -22 -5 2
v -22 -4 2
v -21 -4 2
v -20 -4 2
v -19 -4 2
v -18 -4 2
v -17 -4 2
v -16 -4 2
v -14 -5 2
v -15 -5 2
v -13 -5 2
v -12 -5 2
v -11 -5 2
v -10 -5 2
v -9 -5 2
v -8 -5 2
v -7 -5 2
v 8 -5 2
v 9 -5 2
v 10 -5 2
v 11 -5 2
v 12 -5 2
v 13 -5 2
v 14 -5 2
v 15 -5 2
v 16 -5 2
v 17 -4 2
v 18 -4 2
v 19 -4 2
v 20 -4 2
v 21 -4 2
v 22 -4 2
v 23 -4 2
v 23 -5 2
v -22 -6 2
v -19 -6 2
v -20 -6 2
v -18 -6 2
v -17 -6 2
v -16 -6 2
v -15 -6 2
v 16 -6 2
v 17 -6 2
v 18 -6 2
v 19 -6 2
v 20 -6 2
v 21 -6 2
v 23 -6 2
v -22 -7 2
v -21 -7 2
v -20 -7 2
v 21 -7 2
v 23 -7 2
v 22 -7 2
v -21 -8 2
v -20 -8 2
v 21 -8 2
v 22 -8 2
v -20 -9 2
v -19 -8 2
v -19 -9 2
v 20 -9 2
v 20 -8 2
v 21 -9 2
v -20 -10 2
v -19 -10 2
v -18 -9 2
v -18 -10 2
v 19 -10 2
v 19 -9 2
v 21 -10 2
v 20 -10 2
v -19 -11 2
v -18 -11 2
v -17 -10 2
v -17 -11 2
v 18 -11 2
v 18 -10 2
v 20 -11 2
v 19 -11 2
v -18 -12 2
v -17 -12 2
v 18 -12 2
v 19 -12 2
v -17 -13 2
v -16 -12 2
v -16 -13 2
v 17 -13 2
v 17 -12 2
v 18 -13 2
v -17 -14 1
v -17 -14 2
v -16 -14 2
v -15 -13 2
v -15 -14 2
v 16 -14 2
v 16 -13 2
v 18 -14 1
v 18 -14 2
v 17 -14 2
v -16 -15 2
v -15 -15 2
v -14 -14 2
v -14 -15 2
v 15 -15 2
v 15 -14 2
v 17 -15 2
v 16 -15 2
v -15 -16 2
v -14 -16 2
v -13 -15 2
v -13 -16 2
v 14 -16 2
v 14 -15 2
v 16 -16 2
v 15 -16 2
v -14 -17 2
v -13 -17 2
v -12 -16 2
v -12 -17 2
v 13 -17 2
v 13 -16 2
v 15 -17 2
v 14 -17 2
v -13 -18 2
v -12 -18 2
v -11 -17 2
v -11 -18 2
v 12 -18 2
v 12 -17 2
v 14 -18 2
v 13 -18 2
v -12 -19 2
v -11 -19 2
v -10 -18 2
v -10 -19 2
v 11 -19 2
v 11 -18 2
v 13 -19 2
v 12 -19 2
v -11 -20 2
v -10 -20 2
v -9 -19 2
v -9 -20 2
v 10 -20 2
v 10 -19 2
v 12 -20 2
v 11 -20 2
v -10 -21 2
v -9 -21 2
v -8 -20 2
v -8 -21 2
v 9 -21 2
v 9 -20 2
v 11 -21 2
v 10 -21 2
v -9 -22 2
v -8 -22 2
v -7 -21 2
v -6 -21 2
v -6 -22 2
v 7 -22 2
v 7 -21 2
v 8 -21 2
v 10 -22 2
v 9 -22 2
v -8 -23 1
v -8 -23 2
v -7 -23 2
v -6 -23 2
v -5 -22 2
v -5 -23 2
v 6 -23 2
v 6 -22 2
v 8 -23 2
v 7 -23 2
v 9 -23 1
v 9 -23 2
v -6 -24 2
v -5 -24 2
v -4 -23 2
v -3 -23 2
v -3 -24 2
v 4 -24 2
v 4 -23 2
v 5 -23 2
v 7 -24 2
v 6 -24 2
v -5 -25 1
v -5 -25 2
v -4 -25 2
v -3 -25 2
v -2 -24 2
v -1 -24 2
v 0 -24 2
v 1 -24 2
v 2 -24 2
v 3 -24 2
v 5 -25 2
v 4 -25 2
v 6 -25 1
v 6 -25 2
v -3 -26 1
v -3 -26 2
v -2 -26 2
v -1 -26 2
v 0 -26 2
v 1 -26 2
v 2 -26 2
v 3 -26 2
v 4 -26 1
v 4 -26 2
v 6 12 3
v 6 13 3
v 7 13 3
v 7 12 3
v 5 11 3
v 5 12 3
v 6 11 3
v 7 11 3
v 8 12 3
v 8 11 3
v -9 10 3
v -9 11 3
v -8 11 3
v -8 10 3
v 4 10 3
v 4 11 3
v 5 10 3
v 8 10 3
v 9 11 3
v 9 10 3
v -10 9 3
v -10 10 3
v -9 9 3
v -8 9 3
v -7 10 3
v -7 9 3
v 3 9 3
v 3 10 3
v 4 9 3
v 9 9 3
v 10 10 3
v 10 9 3
v -11 8 3
v -11 9 3
v -9 8 2
v -10 8 3
v -9 8 3
v -8 8 2
v -8 8 3
v -7 8 3
v -6 9 3
v -6 8 3
v -12 7 3
v -12 8 3
v -10 7 2
v -11 7 3
v -10 7 3
v -9 7 2
v -9 7 3
v -8 7 2
v -8 7 3
v -7 7 2
v -7 7 3
v -6 7 3
v -5 8 3
v -5 7 3
v 2 7 3
v 2 8 3
v 3 8 3
v 3 7 3
v 10 7 3
v 10 8 3
v 11 8 3
v 11 7 3
v -13 6 3
v -13 7 3
v -11 6 2
v -12 6 3
v -11 6 3
v -10 6 2
v -10 6 3
v -9 6 2
v -9 6 3
v -8 6 2
v -8 6 3
v -7 6 2
v -7 6 3
v -6 6 2
v -6 6 3
v -5 6 3
v -4 7 3
v -4 6 3
v 1 6 3
v 1 7 3
v 2 6 3
v 3 6 3
v 11 6 3
v 12 7 3
v 12 6 3
v -14 5 3
v -14 6 3
v -12 5 2
v -13 5 3
v -12 5 3
v -11 5 2
v -11 5 3
v -10 5 2
v -10 5 3
v -9 5 2
v -9 5 3
v -8 5 2
v -8 5 3
v -7 5 2
v -7 5 3
v -6 5 2
v -6 5 3
v -5 5 2
v -5 5 3
v -4 5 3
v -3 6 3
v -3 5 3
v 2 5 3
v 3 5 3
v 11 5 3
v 13 6 3
v 13 5 3
v 12 5 3
v -15 4 3
v -15 5 3
v -14 4 3
v -13 4 3
v -12 4 2
v -12 4 3
v -11 4 2
v -11 4 3
v -10 4 2
v -10 4 3
v -9 4 2
v -9 4 3
v -8 4 2
v -8 4 3
v -7 4 2
v -7 4 3
v -6 4 2
v -6 4 3
v -5 4 2
v -5 4 3
v -4 4 3
v -3 4 3
v -2 5 3
v -2 4 3
v 2 4 3
v 3 4 3
v 11 4 3
v 12 4 3
v -20 3 2
v -20 3 3
v -20 4 3
v -20 4 2
v -19 3 2
v -19 4 2
v -19 4 3
v -19 3 3
v -14 3 3
v -13 3 3
v -12 3 2
v -12 3 3
v -11 3 2
v -11 3 3
v -10 3 2
v -10 3 3
v -9 3 2
v -9 3 3
v -8 3 2
v -8 3 3
v -7 3 2
v -7 3 3
v -6 3 2
v -6 3 3
v -5 3 2
v -5 3 3
v -4 3 3
v -3 3 3
v 2 3 3
v 3 3 3
v 11 3 3
v 12 3 3
v -21 2 3
v -21 3 3
v -21 3 2
v -18 3 2
v -18 3 3
v -18 2 3
v -14 2 3
v -13 2 3
v -12 2 2
v -12 2 3
v -11 2 2
v -11 2 3
v -10 2 2
v -10 2 3
v -7 2 2
v -7 2 3
v -6 2 2
v -6 2 3
v -5 2 2
v -5 2 3
v -4 2 3
v -3 2 3
v 2 2 3
v 3 2 3
v 11 2 3
v 12 2 3
v -22 1 3
v -22 2 3
v -22 2 2
v -17 2 2
v -17 2 3
v -17 1 3
v -14 1 3
v -13 1 3
v -12 1 2
v -12 1 3
v -11 1 2
v -11 1 3
v -10 1 2
v -10 1 3
v -7 1 2
v -7 1 3
v -6 1 2
v -6 1 3
v -5 1 2
v -5 1 3
v -4 1 3
v -3 1 3
v 2 1 3
v 3 1 3
v 11 1 3
v 12 1 3
v -22 0 3
v -17 0 3
v -14 0 3
v -13 0 3
v -12 0 2
v -12 0 3
v -11 0 2
v -11 0 3
v -10 0 2
v -10 0 3
v -7 0 2
v -7 0 3
v -6 0 2
v -6 0 3
v -5 0 2
v -5 0 3
v -4 0 3
v -3 0 3
v 2 0 3
v 3 0 3
v 11 0 3
v 12 0 3
v -23 -1 3
v -23 0 3
v -23 0 2
v -16 0 2
v -16 0 3
v -16 -1 3
v -14 -1 3
v -13 -1 3
v -12 -1 3
v -11 -1 3
v -10 -1 3
v -7 -1 3
v -6 -1 3
v -5 -1 3
v -4 -1 3
v -3 -1 3
v 2 -1 3
v 3 -1 3
v 11 -1 3
v 12 -1 3
v -23 -2 3
v -22 -2 3
v -21 -2 3
v -20 -2 3
v -19 -2 3
v -18 -2 3
v -17 -2 3
v -16 -2 3
v -14 -2 3
v -13 -2 3
v -12 -2 3
v -11 -2 3
v -10 -2 3
v -9 -2 3
v -9 -1 3
v -8 -2 3
v -8 -1 3
v -7 -2 3
v -6 -2 3
v -5 -2 3
v -4 -2 3
v -3 -2 3
v 0 -2 3
v 0 -1 3
v 0 -1 2
v 1 -1 2
v 1 -1 3
v 1 -2 3
v 2 -2 3
v 4 -1 3
v 5 -1 3
v 6 -1 3
v 7 -1 3
v 8 -1 3
v 9 -2 3
v 8 -2 3
v 9 -1 3
v 10 -2 3
v 10 -1 3
v 11 -2 3
v 12 -2 3
v -7 -3 3
v -2 -2 3
v -1 -2 3
v 1 -3 3
v 0 -3 3
v 8 -3 3
v -15 -4 3
v -15 -3 3
v -14 -3 3
v -13 -3 3
v -12 -3 3
v -11 -3 3
v -10 -3 3
v -9 -3 3
v -8 -3 3
v -6 -4 3
v -7 -4 3
v -5 -4 3
v -4 -4 3
v -3 -4 3
v -2 -4 3
v -1 -4 3
v 0 -4 3
v 1 -4 3
v 2 -4 3
v 3 -4 3
v 4 -4 3
v 5 -4 3
v 6 -4 3
v 7 -4 3
v 8 -4 3
v 9 -3 3
v 10 -3 3
v 11 -3 3
v 12 -3 3
v 13 -3 3
v 14 -3 3
v 15 -3 3
v 16 -3 3
v 16 -4 3
v -23 -5 2
v -23 -5 3
v -23 -4 3
v -23 -4 2
v -22 -4 3
v -22 -5 3
v -21 -4 3
v -20 -4 3
v -19 -4 3
v -18 -4 3
v -17 -4 3
v -16 -4 3
v -14 -5 3
v -15 -5 3
v -13 -5 3
v -12 -5 3
v -11 -5 3
v -10 -5 3
v -9 -5 3
v -8 -5 3
v -7 -5 3
v 8 -5 3
v 9 -5 3
v 10 -5 3
v 11 -5 3
v 12 -5 3
v 13 -5 3
v 14 -5 3
v 15 -5 3
v 16 -5 3
v 17 -4 3
v 18 -4 3
v 19 -4 3
v 20 -4 3
v 21 -4 3
v 22 -4 3
v 23 -4 3
v 24 -5 2
v 24 -4 2
v 24 -4 3
v 24 -5 3
v 23 -5 3
v -23 -6 2
v -23 -6 3
v -22 -6 3
v -19 -6 3
v -20 -6 3
v -18 -6 3
v -17 -6 3
v -16 -6 3
v -15 -6 3
v 16 -6 3
v 17 -6 3
v 18 -6 3
v 19 -6 3
v 20 -6 3
v 21 -6 3
v 24 -6 2
v 24 -6 3
v 23 -6 3
v -22 -7 3
v -21 -7 3
v -20 -7 3
v 21 -7 3
v 23 -7 3
v 22 -7 3
v -21 -8 3
v -20 -8 3
v 21 -8 3
v 22 -8 3
v -20 -9 3
v -19 -8 3
v -19 -9 3
v 20 -9 3
v 20 -8 3
v 21 -9 3
v -20 -10 3
v -19 -10 3
v -18 -9 3
v -18 -10 3
v 19 -10 3
v 19 -9 3
v 21 -10 3
v 20 -10 3
v -19 -11 3
v -18 -11 3
v -17 -10 3
v -17 -11 3
v 18 -11 3
v 18 -10 3
v 20 -11 3
v 19 -11 3
v -18 -12 3
v -17 -12 3
v 18 -12 3
v 19 -12 3
v -17 -13 3
v -16 -12 3
v -16 -13 3
v 17 -13 3
v 17 -12 3
v 18 -13 3
v -17 -14 3
v -16 -14 3
v -15 -13 3
v -15 -14 3
v 16 -14 3
v 16 -13 3
v 18 -14 3
v 17 -14 3
v -16 -15 3
v -15 -15 3
v -14 -14 3
v -14 -15 3
v 15 -15 3
v 15 -14 3
v 17 -15 3
v 16 -15 3
v -15 -16 3
v -14 -16 3
v -13 -15 3
v -13 -16 3
v 14 -16 3
v 14 -15 3
v 16 -16 3
v 15 -16 3
v -14 -17 3
v -13 -17 3
v -12 -16 3
v -12 -17 3
v 13 -17 3
v 13 -16 3
v 15 -17 3
v 14 -17 3
v -13 -18 3
v -12 -18 3
v -11 -17 3
v -11 -18 3
v 12 -18 3
v 12 -17 3
v 14 -18 3
v 13 -18 3
v -12 -19 3
v -11 -19 3
v -10 -18 3
v -10 -19 3
v 11 -19 3
v 11 -18 3
v 13 -19 3
v 12 -19 3
v -11 -20 3
v -10 -20 3
v -9 -19 3
v -9 -20 3
v 10 -20 3
v 10 -19 3
v 12 -20 3
v 11 -20 3
v -10 -21 3
v -9 -21 3
v -8 -20 3
v -8 -21 3
v 9 -21 3
v 9 -20 3
v 11 -21 3
v 10 -21 3
v -9 -22 3
v -8 -22 3
v -7 -21 3
v -6 -21 3
v -6 -22 3
v 7 -22 3
v 7 -21 3
v 8 -21 3
v 10 -22 3
v 9 -22 3
v -8 -23 3
v -7 -23 3
v -6 -23 3
v -5 -22 3
v -5 -23 3
v 6 -23 3
v 6 -22 3
v 8 -23 3
v 7 -23 3
v 9 -23 3
v -6 -24 3
v -5 -24 3
v -4 -23 3
v -3 -23 3
v -3 -24 3
v 4 -24 3
v 4 -23 3
v 5 -23 3
v 7 -24 3
v 6 -24 3
v -5 -25 3
v -4 -25 3
v -3 -25 3
v -2 -24 3
v -1 -24 3
v 0 -24 3
v 1 -24 3
v 2 -24 3
v 3 -24 3
v 5 -25 3
v 4 -25 3
v 6 -25 3
v -3 -26 3
v -2 -26 3
v -1 -26 3
v 0 -26 3
v 1 -26 3
v 2 -26 3
v 3 -26 3
v 4 -26 3
v 6 12 4
v 6 13 4
v 7 13 4
v 7 12 4
v 5 11 4
v 5 12 4
v 6 11 4
v 7 11 4
v 8 12 4
v 8 11 4
v -9 10 4
v -9 11 4
v -8 11 4
v -8 10 4
v 4 10 4
v 4 11 4
v 5 10 4
v 8 10 4
v 9 11 4
v 9 10 4
v -10 9 4
v -10 10 4
v -9 9 4
v -8 9 4
v -7 10 4
v -7 9 4
v 3 9 4
v 3 10 4
v 4 9 4
v 9 9 4
v 10 10 4
v 10 9 4
v -11 8 4
v -11 9 4
v -10 8 4
v -7 8 4
v -6 9 4
v -6 8 4
v -12 7 4
v -12 8 4
v -11 7 4
v -6 7 4
v -5 8 4
v -5 7 4
v 2 7 4
v 2 8 4
v 3 8 4
v 3 7 4
v 10 7 4
v 10 8 4
v 11 8 4
v 11 7 4
v -13 6 4
v -13 7 4
v -12 6 4
v -5 6 4
v -4 7 4
v -4 6 4
v 1 6 4
v 1 7 4
v 2 6 4
v 3 6 4
v 11 6 4
v 12 7 4
v 12 6 4
v -20 5 3
v -20 5 4
v -20 6 4
v -20 6 3
v -19 5 3
v -19 6 3
v -19 6 4
v -19 5 4
v -14 5 4
v -14 6 4
v -13 5 4
v -4 5 4
v -3 6 4
v -3 5 4
v 2 5 4
v 3 5 4
v 11 5 4
v 13 6 4
v 13 5 4
v 12 5 4
v -20 4 4
v -19 4 4
v -15 4 4
v -15 5 4
v -14 4 4
v -3 4 4
v -2 5 4
v -2 4 4
v 2 4 4
v 3 4 4
v 11 4 4
v 12 4 4
v -21 3 4
v -21 4 4
v -21 4 3
v -20 3 4
v -18 4 3
v -18 4 4
v -18 3 4
v -19 3 4
v 2 3 4
v 3 3 4
v 11 3 4
v 12 3 4
v -21 2 4
v -18 2 4
v 2 2 4
v 3 2 4
v 11 2 4
v 12 2 4
v -22 1 4
v -22 2 4
v -17 2 4
v -17 1 4
v 2 1 4
v 3 1 4
v 11 1 4
v 12 1 4
v -23 0 4
v -23 1 4
v -23 1 3
v -22 0 4
v -16 1 3
v -16 1 4
v -16 0 4
v -17 0 4
v 2 0 4
v 3 0 4
v 11 0 4
v 12 0 4
v -23 -1 4
v -16 -1 4
v 2 -1 4
v 3 -1 4
v 11 -1 4
v 12 -1 4
v -24 -2 3
v -24 -2 4
v -24 -1 4
v -24 -1 3
v -23 -2 4
v -22 -2 4
v -21 -2 4
v -20 -2 4
v -18 -2 4
v -19 -2 4
v -17 -2 4
v -16 -2 4
v -15 -2 3
v -15 -1 3
v -15 -1 4
v -15 -2 4
v 2 -2 4
v 4 -1 4
v 5 -1 4
v 6 -1 4
v 7 -1 4
v 8 -1 4
v 9 -2 4
v 8 -2 4
v 9 -1 4
v 10 -2 4
v 10 -1 4
v 11 -2 4
v 12 -2 4
v -20 -3 3
v -20 -3 4
v -19 -3 3
v -19 -3 4
v -7 -3 4
v -7 -2 4
v -6 -2 4
v -5 -2 4
v -4 -2 4
v -3 -2 4
v -2 -2 4
v -1 -2 4
v 0 -2 4
v 1 -2 4
v 8 -3 4
v -20 -4 4
v -19 -4 4
v -15 -4 4
v -15 -3 4
v -14 -3 4
v -13 -3 4
v -12 -3 4
v -11 -3 4
v -10 -3 4
v -9 -3 4
v -8 -3 4
v -6 -4 4
v -7 -4 4
v -5 -4 4
v -4 -4 4
v -3 -4 4
v -2 -4 4
v -1 -4 4
v 0 -4 4
v 1 -4 4
v 2 -4 4
v 3 -4 4
v 4 -4 4
v 5 -4 4
v 6 -4 4
v 7 -4 4
v 8 -4 4
v 9 -3 4
v 10 -3 4
v 11 -3 4
v 12 -3 4
v 13 -3 4
v 14 -3 4
v 15 -3 4
v 16 -3 4
v 16 -4 4
v -22 -5 4
v -22 -4 4
v -21 -4 4
v -18 -4 4
v -17 -4 4
v -16 -4 4
v -14 -5 4
v -15 -5 4
v -13 -5 4
v -12 -5 4
v -11 -5 4
v -10 -5 4
v -9 -5 4
v -8 -5 4
v -7 -5 4
v 8 -5 4
v 9 -5 4
v 10 -5 4
v 11 -5 4
v 12 -5 4
v 13 -5 4
v 14 -5 4
v 15 -5 4
v 16 -5 4
v 17 -4 4
v 18 -4 4
v 19 -4 4
v 20 -4 4
v 21 -4 4
v 22 -4 4
v 23 -4 4
v 23 -5 4
v -22 -6 4
v -19 -6 4
v -20 -6 4
v -18 -6 4
v -17 -6 4
v -16 -6 4
v -15 -6 4
v 16 -6 4
v 17 -6 4
v 18 -6 4
v 19 -6 4
v 20 -6 4
v 21 -6 4
v 23 -6 4
v -22 -7 4
v -21 -7 4
v -20 -7 4
v 21 -7 4
v 23 -7 4
v 22 -7 4
v -21 -8 4
v -20 -8 4
v 21 -8 4
v 22 -8 4
v -20 -9 4
v -19 -8 4
v -19 -9 4
v 20 -9 4
v 20 -8 4
v 21 -9 4
v -20 -10 4
v -19 -10 4
v -18 -9 4
v -18 -10 4
v 19 -10 4
v 19 -9 4
v 21 -10 4
v 20 -10 4
v -19 -11 4
v -18 -11 4
v -17 -10 4
v -17 -11 4
v 18 -11 4
v 18 -10 4
v 20 -11 4
v 19 -11 4
v -18 -12 4
v -17 -12 4
v 18 -12 4
v 19 -12 4
v -17 -13 4
v -16 -12 4
v -16 -13 4
v 17 -13 4
v 17 -12 4
v 18 -13 4
v -17 -14 4
v -16 -14 4
v -15 -13 4
v -15 -14 4
v 16 -14 4
v 16 -13 4
v 18 -14 4
v 17 -14 4
v -16 -15 4
v -15 -15 4
v -14 -14 4
v -14 -15 4
v 15 -15 4
v 15 -14 4
v 17 -15 4
v 16 -15 4
v -15 -16 4
v -14 -16 4
v -13 -15 4
v -13 -16 4
v 14 -16 4
v 14 -15 4
v 16 -16 4
v 15 -16 4
v -14 -17 4
v -13 -17 4
v -12 -16 4
v -12 -17 4
v 13 -17 4
v 13 -16 4
v 15 -17 4
v 14 -17 4
v -13 -18 4
v -12 -18 4
v -11 -17 4
v -11 -18 4
v 12 -18 4
v 12 -17 4
v 14 -18 4
v 13 -18 4
v -12 -19 4
v -11 -19 4
v -10 -18 4
v -10 -19 4
v 11 -19 4
v 11 -18 4
v 13 -19 4
v 12 -19 4
v -11 -20 4
v -10 -20 4
v -9 -19 4
v -9 -20 4
v 10 -20 4
v 10 -19 4
v 12 -20 4
v 11 -20 4
v -10 -21 4
v -9 -21 4
v -8 -20 4
v -8 -21 4
v 9 -21 4
v 9 -20 4
v 11 -21 4
v 10 -21 4
v -9 -22 4
v -8 -22 4
v -7 -21 4
v -6 -21 4
v -6 -22 4
v 7 -22 4
v 7 -21 4
v 8 -21 4
v 10 -22 4
v 9 -22 4
v -8 -23 4
v -7 -23 4
v -7 -22 4
v -6 -23 4
v -5 -22 4
v -5 -23 4
v 6 -23 4
v 6 -22 4
v 8 -23 4
v 7 -23 4
v 9 -23 4
v 8 -22 4
v -6 -24 4
v -5 -24 4
v -4 -23 4
v -3 -23 4
v -3 -24 4
v 4 -24 4
v 4 -23 4
v 5 -23 4
v 7 -24 4
v 6 -24 4
v -5 -25 4
v -4 -25 4
v -4 -24 4
v -3 -25 4
v -2 -24 4
v -1 -24 4
v 0 -24 4
v 1 -24 4
v 2 -24 4
v 3 -24 4
v 5 -25 4
v 4 -25 4
v 6 -25 4
v 5 -24 4
v -3 -26 4
v -2 -26 4
v -2 -25 4
v -1 -26 4
v 0 -26 4
v 1 -26 4
v 2 -26 4
v 3 -26 4
v 4 -26 4
v 3 -25 4
v 6 12 5
v 6 13 5
v 7 13 5
v 7 12 5
v 5 11 5
v 5 12 5
v 6 11 5
v 7 11 5
v 8 12 5
v 8 11 5
v 4 10 5
v 4 11 5
v 5 10 5
v 8 10 5
v 9 11 5
v 9 10 5
v 3 9 5
v 3 10 5
v 4 9 5
v 9 9 5
v 10 10 5
v 10 9 5
v 2 7 5
v 2 8 5
v 3 8 5
v 3 7 5
v 10 7 5
v 10 8 5
v 11 8 5
v 11 7 5
v 1 6 5
v 1 7 5
v 2 6 5
v 3 6 5
v 11 6 5
v 12 7 5
v 12 6 5
v 2 5 5
v 3 5 5
v 11 5 5
v 13 6 5
v 13 5 5
v 12 5 5
v 2 4 5
v 3 4 5
v 11 4 5
v 12 4 5
v -20 3 5
v -20 4 5
v -19 4 5
v -19 3 5
v 2 3 5
v 3 3 5
v 11 3 5
v 12 3 5
v -21 2 5
v -21 3 5
v -20 2 5
v -19 2 5
v -18 3 5
v -18 2 5
v 2 2 5
v 3 2 5
v 11 2 5
v 12 2 5
v -22 1 5
v -22 2 5
v -21 1 5
v -17 2 5
v -17 1 5
v -18 1 5
v 2 1 5
v 3 1 5
v 11 1 5
v 12 1 5
v -22 0 5
v -17 0 5
v 2 0 5
v 3 0 5
v 11 0 5
v 12 0 5
v -23 -1 5
v -23 0 5
v -22 -1 5
v -16 0 5
v -16 -1 5
v -17 -1 5
v 2 -1 5
v 3 -1 5
v 11 -1 5
v 12 -1 5
v -23 -2 5
v -22 -2 5
v -21 -2 5
v -20 -2 5
v -19 -2 5
v -18 -2 5
v -17 -2 5
v -16 -2 5
v 2 -2 5
v 4 -1 5
v 5 -1 5
v 6 -1 5
v 7 -1 5
v 8 -1 5
v 9 -2 5
v 8 -2 5
v 9 -1 5
v 10 -2 5
v 10 -1 5
v 11 -2 5
v 12 -2 5
v -7 -3 5
v -7 -2 5
v -6 -2 5
v -6 -3 5
v -5 -2 5
v -4 -2 5
v -3 -2 5
v -2 -2 5
v -1 -2 5
v 0 -2 5
v 1 -2 5
v 8 -3 5
v 7 -3 5
v 7 -2 5
v -15 -4 5
v -15 -3 5
v -14 -3 5
v -14 -4 5
v -13 -3 5
v -12 -3 5
v -11 -3 5
v -10 -3 5
v -9 -3 5
v -8 -3 5
v -6 -4 5
v -7 -4 5
v -5 -4 5
v -4 -4 5
v -3 -4 5
v -2 -4 5
v -1 -4 5
v 0 -4 5
v 1 -4 5
v 2 -4 5
v 3 -4 5
v 4 -4 5
v 5 -4 5
v 6 -4 5
v 7 -4 5
v 8 -4 5
v 9 -3 5
v 10 -3 5
v 11 -3 5
v 12 -3 5
v 13 -3 5
v 14 -3 5
v 15 -3 5
v 16 -3 5
v 16 -4 5
v 15 -4 5
v -22 -5 5
v -22 -4 5
v -21 -4 5
v -20 -4 5
v -19 -4 5
v -18 -4 5
v -17 -4 5
v -16 -4 5
v -14 -5 5
v -15 -5 5
v -13 -5 5
v -12 -5 5
v -11 -5 5
v -10 -5 5
v -9 -5 5
v -8 -5 5
v -7 -5 5
v 8 -5 5
v 9 -5 5
v 10 -5 5
v 11 -5 5
v 12 -5 5
v 13 -5 5
v 14 -5 5
v 15 -5 5
v 16 -5 5
v 17 -4 5
v 18 -4 5
v 19 -4 5
v 20 -4 5
v 21 -4 5
v 22 -4 5
v 23 -4 5
v 23 -5 5
v -22 -6 5
v -19 -6 5
v -20 -6 5
v -18 -6 5
v -17 -6 5
v -16 -6 5
v -15 -6 5
v 16 -6 5
v 17 -6 5
v 18 -6 5
v 19 -6 5
v 20 -6 5
v 21 -6 5
v 23 -6 5
v -22 -7 5
v -21 -7 5
v -20 -7 5
v 21 -7 5
v 23 -7 5
v 22 -7 5
v -21 -8 5
v -20 -8 5
v 21 -8 5
v 22 -8 5
v -20 -9 5
v -19 -8 5
v -19 -9 5
v 20 -9 5
v 20 -8 5
v 21 -9 5
v -20 -10 5
v -19 -10 5
v -18 -9 5
v -18 -10 5
v 19 -10 5
v 19 -9 5
v 21 -10 5
v 20 -10 5
v -19 -11 5
v -18 -11 5
v -17 -10 5
v -17 -11 5
v 18 -11 5
v 18 -10 5
v 20 -11 5
v 19 -11 5
v -18 -12 5
v -17 -12 5
v -16 -11 4
v -16 -11 5
v -16 -12 5
v 17 -12 5
v 17 -11 5
v 17 -11 4
v 19 -12 5
v 18 -12 5
v -17 -13 5
v -16 -13 5
v 17 -13 5
v 18 -13 5
v -16 -14 5
v -15 -13 5
v -15 -14 5
v 16 -14 5
v 16 -13 5
v 17 -14 5
v -16 -15 5
v -15 -15 5
v -14 -14 5
v -14 -15 5
v 15 -15 5
v 15 -14 5
v 17 -15 5
v 16 -15 5
v -15 -16 5
v -14 -16 5
v -13 -15 5
v -13 -16 5
v 14 -16 5
v 14 -15 5
v 16 -16 5
v 15 -16 5
v -14 -17 5
v -13 -17 5
v -12 -16 5
v -12 -17 5
v 13 -17 5
v 13 -16 5
v 15 -17 5
v 14 -17 5
v -13 -18 5
v -12 -18 5
v -11 -17 5
v -11 -18 5
v 12 -18 5
v 12 -17 5
v 14 -18 5
v 13 -18 5
v -12 -19 5
v -11 -19 5
v -10 -18 5
v -10 -19 5
v 11 -19 5
v 11 -18 5
v 13 -19 5
v 12 -19 5
v -11 -20 5
v -10 -20 5
v -9 -19 5
v -9 -20 5
v 10 -20 5
v 10 -19 5
v 12 -20 5
v 11 -20 5
v -10 -21 5
v -9 -21 5
v -8 -20 5
v -7 -20 4
v -7 -20 5
v -7 -21 5
v 8 -21 5
v 8 -20 5
v 8 -20 4
v 9 -20 5
v 11 -21 5
v 10 -21 5
v -9 -22 5
v -8 -22 5
v -8 -21 5
v -7 -22 5
v -6 -21 5
v -6 -22 5
v 7 -22 5
v 7 -21 5
v 9 -22 5
v 8 -22 5
v 10 -22 5
v 9 -21 5
v -7 -23 5
v -6 -23 5
v -5 -22 5
v -4 -22 4
v -4 -22 5
v -4 -23 5
v 5 -23 5
v 5 -22 5
v 5 -22 4
v 6 -22 5
v 8 -23 5
v 7 -23 5
v -6 -24 5
v -5 -24 5
v -5 -23 5
v -4 -24 5
v -3 -23 5
v -2 -23 4
v -2 -23 5
v -2 -24 5
v 3 -24 5
v 3 -23 5
v 3 -23 4
v 4 -23 5
v 6 -24 5
v 5 -24 5
v 7 -24 5
v 6 -23 5
v -4 -25 5
v -3 -25 5
v -2 -25 5
v -1 -24 5
v 0 -24 5
v 1 -24 5
v 2 -24 5
v 4 -25 5
v 3 -25 5
v 5 -25 5
v -2 -26 5
v -1 -26 5
v -1 -25 5
v 0 -26 5
v 0 -25 5
v 1 -26 5
v 2 -26 5
v 2 -25 5
v 1 -25 5
v 3 -26 5
v 6 12 6
v 6 13 6
v 7 13 6
v 7 12 6
v 5 11 6
v 5 12 6
v 6 11 6
v 7 11 6
v 8 12 6
v 8 11 6
v 4 10 6
v 4 11 6
v 5 10 6
v 8 10 6
v 9 11 6
v 9 10 6
v 3 9 6
v 3 10 6
v 4 9 6
v 9 9 6
v 10 10 6
v 10 9 6
v 2 7 6
v 2 8 6
v 3 8 6
v 3 7 6
v 10 7 6
v 10 8 6
v 11 8 6
v 11 7 6
v 1 6 6
v 1 7 6
v 2 6 6
v 3 6 6
v 11 6 6
v 12 7 6
v 12 6 6
v 2 5 6
v 3 5 6
v 11 5 6
v 13 6 6
v 13 5 6
v 12 5 6
v 2 4 6
v 3 4 6
v 11 4 6
v 12 4 6
v 2 3 6
v 3 3 6
v 11 3 6
v 12 3 6
v 2 2 6
v 3 2 6
v 11 2 6
v 12 2 6
v -21 1 6
v -21 2 6
v -20 2 6
v -20 1 6
v -19 2 6
v -19 1 6
v -18 2 6
v -18 1 6
v 2 1 6
v 3 1 6
v 11 1 6
v 12 1 6
v -22 0 6
v -22 1 6
v -21 0 6
v -20 0 6
v -19 0 6
v -18 0 6
v -17 1 6
v -17 0 6
v 2 0 6
v 3 0 6
v 11 0 6
v 12 0 6
v -22 -1 6
v -21 -1 6
v -17 -1 6
v -18 -1 6
v 2 -1 6
v 3 -1 6
v 11 -1 6
v 12 -1 6
v -23 -2 6
v -23 -1 6
v -22 -2 6
v -21 -2 6
v -20 -2 6
v -19 -2 6
v -18 -2 6
v -17 -2 6
v -16 -1 6
v -16 -2 6
v 2 -2 6
v 4 -1 6
v 5 -1 6
v 6 -1 6
v 7 -1 6
v 8 -2 6
v 7 -2 6
v 8 -1 6
v 9 -2 6
v 9 -1 6
v 10 -2 6
v 10 -1 6
v 11 -2 6
v 12 -2 6
v -6 -3 6
v -6 -2 6
v -5 -2 6
v -4 -2 6
v -3 -2 6
v -2 -2 6
v -1 -2 6
v 0 -2 6
v 1 -2 6
v 7 -3 6
v -14 -4 6
v -14 -3 6
v -13 -3 6
v -12 -3 6
v -11 -3 6
v -10 -3 6
v -9 -3 6
v -8 -3 6
v -7 -3 6
v -5 -4 6
v -6 -4 6
v -4 -4 6
v -3 -4 6
v -2 -4 6
v -1 -4 6
v 0 -4 6
v 1 -4 6
v 2 -4 6
v 3 -4 6
v 4 -4 6
v 5 -4 6
v 6 -4 6
v 7 -4 6
v 8 -3 6
v 9 -3 6
v 10 -3 6
v 11 -3 6
v 12 -3 6
v 13 -3 6
v 14 -3 6
v 15 -3 6
v 15 -4 6
v -22 -5 6
v -22 -4 6
v -21 -4 6
v -20 -4 6
v -19 -4 6
v -18 -4 6
v -17 -4 6
v -16 -4 6
v -15 -4 6
v -13 -5 6
v -14 -5 6
v -12 -5 6
v -11 -5 6
v -10 -5 6
v -9 -5 6
v -8 -5 6
v -7 -5 6
v -6 -5 5
v -6 -5 6
v 7 -5 5
v 7 -5 6
v 8 -5 6
v 9 -5 6
v 10 -5 6
v 11 -5 6
v 12 -5 6
v 13 -5 6
v 14 -5 6
v 15 -5 6
v 16 -4 6
v 17 -4 6
v 18 -4 6
v 19 -4 6
v 20 -4 6
v 21 -4 6
v 22 -4 6
v 23 -4 6
v 23 -5 6
v -22 -6 6
v -19 -6 6
v -20 -6 6
v -18 -6 6
v -17 -6 6
v -16 -6 6
v -15 -6 6
v -14 -6 5
v -14 -6 6
v 15 -6 5
v 15 -6 6
v 16 -6 6
v 17 -6 6
v 18 -6 6
v 19 -6 6
v 20 -6 6
v 21 -6 6
v 23 -6 6
v -22 -7 6
v -21 -7 6
v -21 -6 6
v -20 -7 6
v 21 -7 6
v 23 -7 6
v 22 -7 6
v 22 -6 6
v -21 -8 6
v -20 -8 6
v -19 -7 5
v -19 -7 6
v -19 -8 6
v 20 -8 6
v 20 -7 6
v 20 -7 5
v 22 -8 6
v 21 -8 6
v -20 -9 6
v -19 -9 6
v 20 -9 6
v 21 -9 6
v -19 -10 6
v -18 -9 6
v -18 -10 6
v 19 -10 6
v 19 -9 6
v 20 -10 6
v -19 -11 6
v -18 -11 6
v -17 -10 6
v -17 -11 6
v 18 -11 6
v 18 -10 6
v 20 -11 6
v 19 -11 6
v -18 -12 6
v -17 -12 6
v -16 -11 6
v -16 -12 6
v 17 -12 6
v 17 -11 6
v 19 -12 6
v 18 -12 6
v -17 -13 6
v -16 -13 6
v -15 -12 5
v -15 -12 6
v -15 -13 6
v 16 -13 6
v 16 -12 6
v 16 -12 5
v 18 -13 6
v 17 -13 6
v -16 -14 6
v -15 -14 6
v -14 -13 5
v -14 -13 6
v -14 -14 6
v 15 -14 6
v 15 -13 6
v 15 -13 5
v 17 -14 6
v 16 -14 6
v -15 -15 6
v -14 -15 6
v 15 -15 6
v 16 -15 6
v -14 -16 6
v -13 -15 6
v -13 -16 6
v 14 -16 6
v 14 -15 6
v 15 -16 6
v -14 -17 6
v -13 -17 6
v -12 -16 6
v -12 -17 6
v 13 -17 6
v 13 -16 6
v 15 -17 6
v 14 -17 6
v -13 -18 6
v -12 -18 6
v -11 -17 6
v -11 -18 6
v 12 -18 6
v 12 -17 6
v 14 -18 6
v 13 -18 6
v -12 -19 6
v -11 -19 6
v -10 -18 6
v -9 -18 5
v -9 -18 6
v -9 -19 6
v 10 -19 6
v 10 -18 6
v 10 -18 5
v 11 -18 6
v 13 -19 6
v 12 -19 6
v -11 -20 6
v -10 -20 6
v -10 -19 6
v -9 -20 6
v -8 -19 5
v -8 -19 6
v -8 -20 6
v 9 -20 6
v 9 -19 6
v 9 -19 5
v 11 -20 6
v 10 -20 6
v 12 -20 6
v 11 -19 6
v -9 -21 6
v -8 -21 6
v -7 -20 6
v -7 -21 6
v 8 -21 6
v 8 -20 6
v 10 -21 6
v 9 -21 6
v -8 -22 6
v -7 -22 6
v -6 -21 6
v -5 -21 5
v -5 -21 6
v -5 -22 6
v 6 -22 6
v 6 -21 6
v 6 -21 5
v 7 -21 6
v 9 -22 6
v 8 -22 6
v -7 -23 6
v -6 -23 6
v -6 -22 6
v -5 -23 6
v -4 -22 6
v -4 -23 6
v 5 -23 6
v 5 -22 6
v 7 -23 6
v 6 -23 6
v 8 -23 6
v 7 -22 6
v -5 -24 6
v -4 -24 6
v -3 -23 6
v -2 -23 6
v -1 -23 6
v -1 -23 5
v 0 -23 5
v 0 -23 6
v 0 -24 6
v 1 -24 6
v 1 -23 6
v 1 -23 5
v 2 -23 6
v 2 -23 5
v 3 -23 6
v 4 -23 6
v 6 -24 6
v 5 -24 6
v -4 -25 6
v -3 -25 6
v -3 -24 6
v -2 -25 6
v -2 -24 6
v -1 -25 6
v 0 -25 6
v 2 -25 6
v 1 -25 6
v 3 -25 6
v 4 -25 6
v 4 -24 6
v 3 -24 6
v 5 -25 6
v 0 -26 6
v 1 -26 6
v 6 12 7
v 6 13 7
v 7 13 7
v 7 12 7
v 5 11 7
v 5 12 7
v 6 11 7
v 7 11 7
v 8 12 7
v 8 11 7
v 4 10 7
v 4 11 7
v 5 10 7
v 8 10 7
v 9 11 7
v 9 10 7
v 3 9 7
v 3 10 7
v 4 9 7
v 9 9 7
v 10 10 7
v 10 9 7
v 2 7 7
v 2 8 7
v 3 8 7
v 3 7 7
v 10 7 7
v 10 8 7
v 11 8 7
v 11 7 7
v 1 6 7
v 1 7 7
v 2 6 7
v 3 6 7
v 11 6 7
v 12 7 7
v 12 6 7
v 2 5 7
v 3 5 7
v 11 5 7
v 13 6 7
v 13 5 7
v 12 5 7
v 2 4 7
v 3 4 7
v 11 4 7
v 12 4 7
v 2 3 7
v 3 3 7
v 11 3 7
v 12 3 7
v 2 2 7
v 3 2 7
v 11 2 7
v 12 2 7
v 2 1 7
v 3 1 7
v 11 1 7
v 12 1 7
v -20 0 7
v -20 1 7
v -19 1 7
v -19 0 7
v 2 0 7
v 3 0 7
v 11 0 7
v 12 0 7
v -21 -1 7
v -21 0 7
v -20 -1 7
v -19 -1 7
v -18 0 7
v -18 -1 7
v 2 -1 7
v 3 -1 7
v 11 -1 7
v 12 -1 7
v -22 -2 7
v -22 -1 7
v -21 -2 7
v -20 -2 7
v -19 -2 7
v -18 -2 7
v -17 -1 7
v -17 -2 7
v 2 -2 7
v 4 -1 7
v 5 -1 7
v 6 -1 7
v 7 -1 7
v 8 -2 7
v 7 -2 7
v 8 -1 7
v 9 -2 7
v 9 -1 7
v 10 -2 7
v 10 -1 7
v 11 -2 7
v 12 -2 7
v -6 -3 7
v -6 -2 7
v -5 -2 7
v -5 -3 7
v -4 -2 7
v -3 -2 7
v -2 -2 7
v -1 -2 7
v 0 -2 7
v 1 -2 7
v 7 -3 7
v 6 -3 7
v 6 -2 7
v -14 -4 7
v -14 -3 7
v -13 -3 7
v -12 -3 7
v -11 -3 7
v -10 -3 7
v -9 -3 7
v -8 -3 7
v -7 -3 7
v -5 -4 7
v -6 -4 7
v -4 -4 7
v -3 -4 7
v -2 -4 7
v -1 -4 7
v 0 -4 7
v 1 -4 7
v 2 -4 7
v 3 -4 7
v 4 -4 7
v 5 -4 7
v 6 -4 7
v 7 -4 7
v 8 -3 7
v 9 -3 7
v 10 -3 7
v 11 -3 7
v 12 -3 7
v 13 -3 7
v 14 -3 7
v 15 -3 7
v 15 -4 7
v -22 -5 7
v -22 -4 7
v -21 -4 7
v -20 -4 7
v -19 -4 7
v -18 -4 7
v -17 -4 7
v -16 -4 7
v -15 -4 7
v -13 -5 7
v -14 -5 7
v -12 -5 7
v -11 -5 7
v -10 -5 7
v -9 -5 7
v -8 -5 7
v -7 -5 7
v -6 -5 7
v 7 -5 7
v 8 -5 7
v 9 -5 7
v 10 -5 7
v 11 -5 7
v 12 -5 7
v 13 -5 7
v 14 -5 7
v 15 -5 7
v 16 -4 7
v 17 -4 7
v 18 -4 7
v 19 -4 7
v 20 -4 7
v 21 -4 7
v 22 -4 7
v 23 -4 7
v 23 -5 7
v -22 -6 7
v -21 -6 7
v -19 -6 7
v -20 -6 7
v -18 -6 7
v -17 -6 7
v -16 -6 7
v -15 -6 7
v -14 -6 7
v 15 -6 7
v 16 -6 7
v 17 -6 7
v 18 -6 7
v 19 -6 7
v 20 -6 7
v 21 -6 7
v 23 -6 7
v 22 -6 7
v -21 -7 7
v -20 -7 7
v 21 -7 7
v 22 -7 7
v -21 -8 7
v -20 -8 7
v -19 -7 7
v -19 -8 7
v 20 -8 7
v 20 -7 7
v 22 -8 7
v 21 -8 7
v -20 -9 7
v -19 -9 7
v -18 -8 6
v -18 -8 7
v -18 -9 7
v 19 -9 7
v 19 -8 7
v 19 -8 6
v 21 -9 7
v 20 -9 7
v -19 -10 7
v -18 -10 7
v 19 -10 7
v 20 -10 7
v -18 -11 7
v -17 -10 7
v -17 -11 7
v 18 -11 7
v 18 -10 7
v 19 -11 7
v -18 -12 7
v -17 -12 7
v -16 -11 7
v -16 -12 7
v 17 -12 7
v 17 -11 7
v 19 -12 7
v 18 -12 7
v -17 -13 7
v -16 -13 7
v -15 -12 7
v -15 -13 7
v 16 -13 7
v 16 -12 7
v 18 -13 7
v 17 -13 7
v -16 -14 7
v -15 -14 7
v -14 -13 7
v -14 -14 7
v 15 -14 7
v 15 -13 7
v 17 -14 7
v 16 -14 7
v -15 -15 7
v -14 -15 7
v -13 -14 6
v -13 -14 7
v -13 -15 7
v 14 -15 7
v 14 -14 7
v 14 -14 6
v 16 -15 7
v 15 -15 7
v -14 -16 7
v -13 -16 7
v -12 -15 6
v -12 -15 7
v -12 -16 7
v 13 -16 7
v 13 -15 7
v 13 -15 6
v 15 -16 7
v 14 -16 7
v -13 -17 7
v -12 -17 7
v -11 -16 6
v -11 -16 7
v -11 -17 7
v 12 -17 7
v 12 -16 7
v 12 -16 6
v 14 -17 7
v 13 -17 7
v -12 -18 7
v -11 -18 7
v -10 -17 6
v -10 -17 7
v -10 -18 7
v 11 -18 7
v 11 -17 7
v 11 -17 6
v 13 -18 7
v 12 -18 7
v -11 -19 7
v -10 -19 7
v -9 -18 7
v -9 -19 7
v 10 -19 7
v 10 -18 7
v 12 -19 7
v 11 -19 7
v -10 -20 7
v -9 -20 7
v -8 -19 7
v -8 -20 7
v 9 -20 7
v 9 -19 7
v 11 -20 7
v 10 -20 7
v -9 -21 7
v -8 -21 7
v -7 -20 7
v -6 -20 6
v -6 -20 7
v -6 -21 7
v 7 -21 7
v 7 -20 7
v 7 -20 6
v 8 -20 7
v 10 -21 7
v 9 -21 7
v -8 -22 7
v -7 -22 7
v -7 -21 7
v -6 -22 7
v -5 -21 7
v -5 -22 7
v 6 -22 7
v 6 -21 7
v 8 -22 7
v 7 -22 7
v 9 -22 7
v 8 -21 7
v -6 -23 7
v -5 -23 7
v -4 -22 7
v -3 -22 7
v -3 -22 6
v -2 -22 6
v -2 -22 7
v -2 -23 7
v 3 -23 7
v 3 -22 7
v 3 -22 6
v 4 -22 7
v 4 -22 6
v 5 -22 7
v 7 -23 7
v 6 -23 7
v -5 -24 7
v -4 -24 7
v -4 -23 7
v -3 -24 7
v -2 -24 7
v -1 -23 7
v 0 -23 7
v 1 -23 7
v 2 -23 7
v 4 -24 7
v 3 -24 7
v 5 -24 7
v 6 -24 7
v 5 -23 7
v -2 -25 7
v -1 -25 7
v -1 -24 7
v 0 -25 7
v 0 -24 7
v 1 -25 7
v 1 -24 7
v 2 -25 7
v 2 -24 7
v 3 -25 7
v 6 12 8
v 6 13 8
v 7 13 8
v 7 12 8
v 5 11 8
v 5 12 8
v 6 11 8
v 7 11 8
v 8 12 8
v 8 11 8
v 4 10 8
v 4 11 8
v 6 10 7
v 5 10 8
v 6 10 8
v 7 10 7
v 7 10 8
v 8 10 8
v 9 11 8
v 9 10 8
v 3 9 8
v 3 10 8
v 5 9 7
v 4 9 8
v 5 9 8
v 6 9 7
v 6 9 8
v 7 9 7
v 7 9 8
v 8 9 7
v 8 9 8
v 9 9 8
v 10 10 8
v 10 9 8
v 3 8 8
v 4 8 7
v 4 8 8
v 5 8 7
v 5 8 8
v 6 8 7
v 6 8 8
v 7 8 7
v 7 8 8
v 8 8 7
v 8 8 8
v 9 8 7
v 9 8 8
v 10 8 8
v 2 7 8
v 2 8 8
v 4 7 7
v 3 7 8
v 4 7 8
v 5 7 7
v 5 7 8
v 6 7 7
v 6 7 8
v 7 7 7
v 7 7 8
v 8 7 7
v 8 7 8
v 9 7 7
v 9 7 8
v 10 7 8
v 11 8 8
v 11 7 8
v 1 6 8
v 1 7 8
v 2 6 8
v 3 6 8
v 4 6 7
v 4 6 8
v 5 6 7
v 5 6 8
v 6 6 7
v 6 6 8
v 7 6 7
v 7 6 8
v 8 6 7
v 8 6 8
v 9 6 7
v 9 6 8
v 10 6 7
v 10 6 8
v 11 6 8
v 12 7 8
v 12 6 8
v 2 5 8
v 3 5 8
v 4 5 7
v 4 5 8
v 5 5 7
v 5 5 8
v 6 5 7
v 6 5 8
v 7 5 7
v 7 5 8
v 8 5 7
v 8 5 8
v 9 5 7
v 9 5 8
v 10 5 7
v 10 5 8
v 11 5 8
v 12 5 8
v 13 6 8
v 13 5 8
v 2 4 8
v 3 4 8
v 4 4 7
v 4 4 8
v 5 4 7
v 5 4 8
v 6 4 7
v 6 4 8
v 7 4 7
v 7 4 8
v 8 4 7
v 8 4 8
v 9 4 7
v 9 4 8
v 10 4 7
v 10 4 8
v 11 4 8
v 12 4 8
v 2 3 8
v 3 3 8
v 4 3 7
v 4 3 8
v 5 3 7
v 5 3 8
v 6 3 7
v 6 3 8
v 7 3 7
v 7 3 8
v 8 3 7
v 8 3 8
v 9 3 7
v 9 3 8
v 10 3 7
v 10 3 8
v 11 3 8
v 12 3 8
v 2 2 8
v 3 2 8
v 4 2 7
v 4 2 8
v 5 2 7
v 5 2 8
v 8 2 7
v 8 2 8
v 9 2 7
v 9 2 8
v 10 2 7
v 10 2 8
v 11 2 8
v 12 2 8
v 2 1 8
v 3 1 8
v 4 1 7
v 4 1 8
v 5 1 7
v 5 1 8
v 8 1 7
v 8 1 8
v 9 1 7
v 9 1 8
v 10 1 7
v 10 1 8
v 11 1 8
v 12 1 8
v 2 0 8
v 3 0 8
v 4 0 7
v 4 0 8
v 5 0 7
v 5 0 8
v 8 0 7
v 8 0 8
v 9 0 7
v 9 0 8
v 10 0 7
v 10 0 8
v 11 0 8
v 12 0 8
v 2 -1 8
v 3 -1 8
v 4 -1 8
v 5 -1 8
v 8 -1 8
v 9 -1 8
v 10 -1 8
v 11 -1 8
v 12 -1 8
v -20 -2 8
v -20 -1 8
v -19 -1 8
v -19 -2 8
v 2 -2 8
v 3 -2 8
v 4 -2 8
v 5 -2 8
v 6 -1 8
v 6 -2 8
v 7 -2 8
v 7 -1 8
v 8 -2 8
v 9 -2 8
v 10 -2 8
v 11 -2 8
v 12 -2 8
v -5 -3 8
v -5 -2 8
v -4 -2 8
v -4 -3 8
v -3 -2 8
v -3 -3 8
v -2 -2 8
v -1 -2 8
v 0 -2 8
v 1 -2 8
v 4 -3 8
v 5 -3 8
v 6 -3 8
v -14 -4 8
v -14 -3 8
v -13 -3 8
v -13 -4 8
v -12 -3 8
v -11 -3 8
v -10 -3 8
v -9 -3 8
v -8 -3 8
v -7 -3 8
v -6 -3 8
v -4 -4 8
v -5 -4 8
v -3 -4 8
v -2 -4 8
v -1 -4 8
v 0 -4 8
v 1 -4 8
v 2 -4 8
v 3 -4 8
v 4 -4 8
v 5 -4 8
v 6 -4 8
v 7 -3 8
v 8 -3 8
v 9 -3 8
v 10 -3 8
v 11 -3 8
v 12 -3 8
v 13 -3 8
v 14 -3 8
v 15 -3 8
v 15 -4 8
v 14 -4 8
v -22 -5 8
v -22 -4 8
v -21 -4 8
v -20 -4 8
v -19 -4 8
v -18 -4 8
v -17 -4 8
v -16 -4 8
v -15 -4 8
v -13 -5 8
v -14 -5 8
v -12 -5 8
v -11 -5 8
v -10 -5 8
v -9 -5 8
v -8 -5 8
v -7 -5 8
v -6 -5 8
v -5 -5 7
v -5 -5 8
v 6 -5 7
v 6 -5 8
v 7 -5 8
v 8 -5 8
v 9 -5 8
v 10 -5 8
v 11 -5 8
v 12 -5 8
v 13 -5 8
v 14 -5 8
v 15 -5 8
v 16 -4 8
v 17 -4 8
v 18 -4 8
v 19 -4 8
v 20 -4 8
v 21 -4 8
v 22 -4 8
v 23 -4 8
v 23 -5 8
v -22 -6 8
v -21 -6 8
v -18 -6 8
v -19 -6 8
v -17 -6 8
v -16 -6 8
v -15 -6 8
v -14 -6 8
v 15 -6 8
v 16 -6 8
v 17 -6 8
v 18 -6 8
v 19 -6 8
v 20 -6 8
v 23 -6 8
v 22 -6 8
v -21 -7 8
v -20 -7 8
v -19 -7 8
v 20 -7 8
v 22 -7 8
v 21 -7 8
v -20 -8 8
v -19 -8 8
v 20 -8 8
v 21 -8 8
v -20 -9 8
v -19 -9 8
v -18 -8 8
v -18 -9 8
v 19 -9 8
v 19 -8 8
v 21 -9 8
v 20 -9 8
v -19 -10 8
v -18 -10 8
v -17 -9 7
v -17 -9 8
v -17 -10 8
v 18 -10 8
v 18 -9 8
v 18 -9 7
v 20 -10 8
v 19 -10 8
v -18 -11 8
v -17 -11 8
v -16 -10 7
v -16 -10 8
v -16 -11 8
v 17 -11 8
v 17 -10 8
v 17 -10 7
v 19 -11 8
v 18 -11 8
v -17 -12 8
v -16 -12 8
v 17 -12 8
v 18 -12 8
v -16 -13 8
v -15 -12 8
v -15 -13 8
v 16 -13 8
v 16 -12 8
v 17 -13 8
v -16 -14 8
v -15 -14 8
v -14 -13 8
v -14 -14 8
v 15 -14 8
v 15 -13 8
v 17 -14 8
v 16 -14 8
v -15 -15 8
v -14 -15 8
v -13 -14 8
v -13 -15 8
v 14 -15 8
v 14 -14 8
v 16 -15 8
v 15 -15 8
v -14 -16 8
v -13 -16 8
v -12 -15 8
v -12 -16 8
v 13 -16 8
v 13 -15 8
v 15 -16 8
v 14 -16 8
v -13 -17 8
v -12 -17 8
v -11 -16 8
v -11 -17 8
v 12 -17 8
v 12 -16 8
v 14 -17 8
v 13 -17 8
v -12 -18 8
v -11 -18 8
v -10 -17 8
v -10 -18 8
v 11 -18 8
v 11 -17 8
v 13 -18 8
v 12 -18 8
v -11 -19 8
v -10 -19 8
v -9 -18 8
v -8 -18 7
v -8 -18 8
v -8 -19 8
v 9 -19 8
v 9 -18 8
v 9 -18 7
v 10 -18 8
v 12 -19 8
v 11 -19 8
v -10 -20 8
v -9 -20 8
v -9 -19 8
v -8 -20 8
v -7 -19 7
v -7 -19 8
v -7 -20 8
v 8 -20 8
v 8 -19 8
v 8 -19 7
v 10 -20 8
v 9 -20 8
v 11 -20 8
v 10 -19 8
v -8 -21 8
v -7 -21 8
v -6 -20 8
v -6 -21 8
v 7 -21 8
v 7 -20 8
v 9 -21 8
v 8 -21 8
v -7 -22 8
v -6 -22 8
v -5 -21 8
v -4 -21 7
v -4 -21 8
v -4 -22 8
v 5 -22 8
v 5 -21 8
v 5 -21 7
v 6 -21 8
v 8 -22 8
v 7 -22 8
v -6 -23 8
v -5 -23 8
v -5 -22 8
v -4 -23 8
v -3 -22 8
v -2 -22 8
v -1 -22 8
v -1 -22 7
v 0 -22 8
v 0 -22 7
v 1 -22 8
v 1 -22 7
v 2 -22 8
v 2 -22 7
v 3 -22 8
v 4 -22 8
v 6 -23 8
v 5 -23 8
v 6 -22 8
v 7 -23 8
v -4 -24 8
v -3 -24 8
v -3 -23 8
v -2 -24 8
v -2 -23 8
v -1 -24 8
v -1 -23 8
v 0 -24 8
v 1 -24 8
v 2 -24 8
v 3 -24 8
v 3 -23 8
v 2 -23 8
v 4 -24 8
v 4 -23 8
v 5 -24 8
v 6 12 9
v 6 13 9
v 7 13 9
v 7 12 9
v 5 11 9
v 5 12 9
v 6 11 9
v 7 11 9
v 8 12 9
v 8 11 9
v 4 10 9
v 4 11 9
v 5 10 9
v 8 10 9
v 9 11 9
v 9 10 9
v 3 9 9
v 3 10 9
v 4 9 9
v 9 9 9
v 10 10 9
v 10 9 9
v 2 7 9
v 2 8 9
v 3 8 9
v 3 7 9
v 10 7 9
v 10 8 9
v 11 8 9
v 11 7 9
v 1 6 9
v 1 7 9
v 2 6 9
v 11 6 9
v 12 7 9
v 12 6 9
v 12 5 9
v 13 6 9
v 13 5 9
v -3 -3 9
v -3 -2 9
v -2 -2 9
v -2 -3 9
v -1 -2 9
v -1 -3 9
v 0 -2 9
v 0 -3 9
v 1 -2 9
v 2 -2 9
v 1 -3 9
v 2 -3 9
v 3 -2 9
v 3 -3 9
v 4 -2 9
v 4 -3 9
v -13 -4 9
v -13 -3 9
v -12 -3 9
v -11 -3 9
v -10 -3 9
v -9 -3 9
v -8 -3 9
v -7 -3 9
v -6 -3 9
v -5 -3 9
v -4 -3 9
v -2 -4 9
v -3 -4 9
v -1 -4 9
v 0 -4 9
v 1 -4 9
v 2 -4 9
v 3 -4 9
v 4 -4 9
v 5 -3 9
v 6 -3 9
v 7 -3 9
v 8 -3 9
v 9 -3 9
v 10 -3 9
v 11 -3 9
v 12 -3 9
v 13 -3 9
v 14 -3 9
v 14 -4 9
v -22 -5 9
v -22 -4 9
v -21 -4 9
v -21 -5 9
v -20 -4 9
v -19 -4 9
v -18 -4 9
v -17 -4 9
v -16 -4 9
v -15 -4 9
v -14 -4 9
v -12 -5 9
v -13 -5 9
v -11 -5 9
v -10 -5 9
v -9 -5 9
v -8 -5 9
v -7 -5 9
v -6 -5 9
v -5 -5 9
v -4 -5 8
v -4 -5 9
v -3 -5 8
v -3 -5 9
v 4 -5 8
v 4 -5 9
v 5 -5 8
v 5 -5 9
v 6 -5 9
v 7 -5 9
v 8 -5 9
v 9 -5 9
v 10 -5 9
v 11 -5 9
v 12 -5 9
v 13 -5 9
v 14 -5 9
v 15 -4 9
v 16 -4 9
v 17 -4 9
v 18 -4 9
v 19 -4 9
v 20 -4 9
v 21 -4 9
v 22 -4 9
v 23 -4 9
v 23 -5 9
v 22 -5 9
v -22 -6 9
v -21 -6 9
v -18 -6 9
v -19 -6 9
v -17 -6 9
v -16 -6 9
v -15 -6 9
v -14 -6 9
v -13 -6 8
v -13 -6 9
v 14 -6 8
v 14 -6 9
v 15 -6 9
v 16 -6 9
v 17 -6 9
v 18 -6 9
v 19 -6 9
v 20 -6 9
v 23 -6 9
v 22 -6 9
v -21 -7 9
v -20 -7 9
v -20 -6 9
v -19 -7 9
v 20 -7 9
v 22 -7 9
v 21 -7 9
v 21 -6 9
v -20 -8 9
v -19 -8 9
v 20 -8 9
v 21 -8 9
v -19 -9 9
v -18 -8 9
v -18 -9 9
v 19 -9 9
v 19 -8 9
v 20 -9 9
v -19 -10 9
v -18 -10 9
v -17 -9 9
v -17 -10 9
v 18 -10 9
v 18 -9 9
v 20 -10 9
v 19 -10 9
v -18 -11 9
v -17 -11 9
v -16 -10 9
v -16 -11 9
v 17 -11 9
v 17 -10 9
v 19 -11 9
v 18 -11 9
v -17 -12 9
v -16 -12 9
v -15 -11 8
v -15 -11 9
v -15 -12 9
v 16 -12 9
v 16 -11 9
v 16 -11 8
v 18 -12 9
v 17 -12 9
v -16 -13 9
v -15 -13 9
v -14 -12 8
v -14 -12 9
v -14 -13 9
v 15 -13 9
v 15 -12 9
v 15 -12 8
v 17 -13 9
v 16 -13 9
v -15 -14 9
v -14 -14 9
v -13 -13 8
v -13 -13 9
v -13 -14 9
v 14 -14 9
v 14 -13 9
v 14 -13 8
v 16 -14 9
v 15 -14 9
v -14 -15 9
v -13 -15 9
v -12 -14 8
v -12 -14 9
v -12 -15 9
v 13 -15 9
v 13 -14 9
v 13 -14 8
v 15 -15 9
v 14 -15 9
v -13 -16 9
v -12 -16 9
v -11 -15 8
v -11 -15 9
v -11 -16 9
v 12 -16 9
v 12 -15 9
v 12 -15 8
v 14 -16 9
v 13 -16 9
v -12 -17 9
v -11 -17 9
v -10 -16 8
v -10 -16 9
v -10 -17 9
v 11 -17 9
v 11 -16 9
v 11 -16 8
v 13 -17 9
v 12 -17 9
v -11 -18 9
v -10 -18 9
v -9 -17 8
v -9 -17 9
v -9 -18 9
v 10 -18 9
v 10 -17 9
v 10 -17 8
v 12 -18 9
v 11 -18 9
v -10 -19 9
v -9 -19 9
v -8 -18 9
v -8 -19 9
v 9 -19 9
v 9 -18 9
v 11 -19 9
v 10 -19 9
v -9 -20 9
v -8 -20 9
v -7 -19 9
v -6 -19 8
v -6 -19 9
v -6 -20 9
v 7 -20 9
v 7 -19 9
v 7 -19 8
v 8 -19 9
v 10 -20 9
v 9 -20 9
v -8 -21 9
v -7 -21 9
v -7 -20 9
v -6 -21 9
v -5 -20 9
v -5 -20 8
v -4 -20 8
v -4 -20 9
v -4 -21 9
v 5 -21 9
v 5 -20 9
v 5 -20 8
v 6 -20 9
v 6 -20 8
v 8 -21 9
v 7 -21 9
v 9 -21 9
v 8 -20 9
v -6 -22 9
v -5 -22 9
v -5 -21 9
v -4 -22 9
v -3 -21 9
v -3 -21 8
v -2 -21 9
v -2 -21 8
v -1 -21 8
v -1 -21 9
v -1 -22 9
v 2 -22 9
v 2 -21 9
v 2 -21 8
v 3 -21 9
v 3 -21 8
v 4 -21 9
v 4 -21 8
v 6 -22 9
v 5 -22 9
v 7 -22 9
v 6 -21 9
v -4 -23 9
v -3 -23 9
v -3 -22 9
v -2 -23 9
v -2 -22 9
v -1 -23 9
v 0 -22 9
v 1 -22 9
v 3 -23 9
v 2 -23 9
v 4 -23 9
v 4 -22 9
v 3 -22 9
v 5 -23 9
v -1 -24 9
v 0 -24 9
v 0 -23 9
v 1 -24 9
v 1 -23 9
v 2 -24 9
v -1 6 9
v -1 6 10
v -1 7 10
v -1 7 9
v 0 6 9
v 0 7 9
v 0 7 10
v 0 6 10
v -2 5 9
v -2 5 10
v -2 6 10
v -2 6 9
v -1 5 9
v -1 5 10
v 0 5 9
v 0 5 10
v 1 5 9
v 1 6 10
v 1 5 10
v -3 4 9
v -3 4 10
v -3 5 10
v -3 5 9
v -2 4 9
v -2 4 10
v 1 4 9
v 1 4 10
v 2 4 9
v 2 5 9
v 2 5 10
v 2 4 10
v -4 2 9
v -4 2 10
v -4 3 10
v -4 3 9
v -3 2 9
v -3 3 9
v -3 3 10
v -3 2 10
v 2 2 9
v 2 2 10
v 2 3 10
v 2 3 9
v 3 2 9
v 3 3 9
v 3 3 10
v 3 2 10
v -5 1 9
v -5 1 10
v -5 2 10
v -5 2 9
v -4 1 9
v -4 1 10
v 3 1 9
v 3 1 10
v 4 1 9
v 4 2 9
v 4 2 10
v 4 1 10
v 4 0 9
v 4 0 10
v 5 0 9
v 5 1 9
v 5 1 10
v 5 0 10
v 0 -3 10
v 0 -2 10
v 1 -2 10
v 1 -3 10
v -13 -4 10
v -13 -3 10
v -12 -3 10
v -12 -4 10
v -11 -3 10
v -10 -3 10
v -9 -3 10
v -8 -3 10
v -7 -3 10
v -6 -3 10
v -5 -3 10
v -4 -3 10
v -3 -3 10
v -2 -3 10
v -1 -3 10
v 1 -4 10
v 0 -4 10
v 2 -3 10
v 3 -3 10
v 4 -3 10
v 5 -3 10
v 6 -3 10
v 7 -3 10
v 8 -3 10
v 9 -3 10
v 10 -3 10
v 11 -3 10
v 12 -3 10
v 13 -3 10
v 14 -3 10
v 14 -4 10
v 13 -4 10
v -21 -5 10
v -21 -4 10
v -20 -4 10
v -19 -4 10
v -18 -4 10
v -17 -4 10
v -16 -4 10
v -15 -4 10
v -14 -4 10
v -12 -5 10
v -13 -5 10
v -11 -5 10
v -10 -5 10
v -9 -5 10
v -8 -5 10
v -7 -5 10
v -6 -5 10
v -5 -5 10
v -4 -5 10
v -3 -5 10
v -2 -5 9
v -2 -5 10
v -1 -5 9
v -1 -5 10
v 0 -5 9
v 0 -5 10
v 1 -5 9
v 1 -5 10
v 2 -5 9
v 2 -5 10
v 3 -5 9
v 3 -5 10
v 4 -5 10
v 5 -5 10
v 6 -5 10
v 7 -5 10
v 8 -5 10
v 9 -5 10
v 10 -5 10
v 11 -5 10
v 12 -5 10
v 13 -5 10
v 14 -5 10
v 15 -4 10
v 16 -4 10
v 17 -4 10
v 18 -4 10
v 19 -4 10
v 20 -4 10
v 21 -4 10
v 22 -4 10
v 22 -5 10
v -21 -6 10
v -20 -6 10
v -18 -6 10
v -19 -6 10
v -17 -6 10
v -16 -6 10
v -15 -6 10
v -14 -6 10
v -13 -6 10
v 14 -6 10
v 15 -6 10
v 16 -6 10
v 17 -6 10
v 18 -6 10
v 19 -6 10
v 20 -6 10
v 22 -6 10
v 21 -6 10
v -20 -7 10
v -19 -7 10
v 20 -7 10
v 21 -7 10
v -20 -8 10
v -19 -8 10
v -18 -7 9
v -18 -7 10
v -18 -8 10
v 19 -8 10
v 19 -7 10
v 19 -7 9
v 21 -8 10
v 20 -8 10
v -19 -9 10
v -18 -9 10
v -17 -8 9
v -17 -8 10
v -17 -9 10
v 18 -9 10
v 18 -8 10
v 18 -8 9
v 20 -9 10
v 19 -9 10
v -18 -10 10
v -17 -10 10
v -16 -9 9
v -16 -9 10
v -16 -10 10
v 17 -10 10
v 17 -9 10
v 17 -9 9
v 19 -10 10
v 18 -10 10
v -17 -11 10
v -16 -11 10
v 17 -11 10
v 18 -11 10
v -16 -12 10
v -15 -11 10
v -15 -12 10
v 16 -12 10
v 16 -11 10
v 17 -12 10
v -16 -13 10
v -15 -13 10
v -14 -12 10
v -14 -13 10
v 15 -13 10
v 15 -12 10
v 17 -13 10
v 16 -13 10
v -15 -14 10
v -14 -14 10
v -13 -13 10
v -13 -14 10
v 14 -14 10
v 14 -13 10
v 16 -14 10
v 15 -14 10
v -14 -15 10
v -13 -15 10
v -12 -14 10
v -12 -15 10
v 13 -15 10
v 13 -14 10
v 15 -15 10
v 14 -15 10
v -13 -16 10
v -12 -16 10
v -11 -15 10
v -11 -16 10
v 12 -16 10
v 12 -15 10
v 14 -16 10
v 13 -16 10
v -12 -17 10
v -11 -17 10
v -10 -16 10
v -9 -16 9
v -9 -16 10
v -9 -17 10
v 10 -17 10
v 10 -16 10
v 10 -16 9
v 11 -16 10
v 13 -17 10
v 12 -17 10
v -11 -18 10
v -10 -18 10
v -10 -17 10
v -9 -18 10
v -8 -17 9
v -8 -17 10
v -8 -18 10
v 9 -18 10
v 9 -17 10
v 9 -17 9
v 11 -18 10
v 10 -18 10
v 12 -18 10
v 11 -17 10
v -9 -19 10
v -8 -19 10
v -7 -18 9
v -7 -18 10
v -7 -19 10
v 8 -19 10
v 8 -18 10
v 8 -18 9
v 10 -19 10
v 9 -19 10
v -8 -20 10
v -7 -20 10
v -6 -19 10
v -5 -19 9
v -5 -19 10
v -5 -20 10
v 6 -20 10
v 6 -19 10
v 6 -19 9
v 7 -19 10
v 9 -20 10
v 8 -20 10
v -7 -21 10
v -6 -21 10
v -6 -20 10
v -5 -21 10
v -4 -20 10
v -3 -20 10
v -3 -20 9
v -2 -20 9
v -2 -20 10
v -2 -21 10
v 3 -21 10
v 3 -20 10
v 3 -20 9
v 4 -20 10
v 4 -20 9
v 5 -20 10
v 7 -21 10
v 6 -21 10
v 7 -20 10
v 8 -21 10
v -5 -22 10
v -4 -22 10
v -4 -21 10
v -3 -22 10
v -3 -21 10
v -2 -22 10
v -1 -21 10
v 0 -21 10
v 0 -21 9
v 1 -21 10
v 1 -21 9
v 2 -21 10
v 4 -22 10
v 3 -22 10
v 5 -22 10
v 5 -21 10
v 4 -21 10
v 6 -22 10
v -2 -23 10
v -1 -23 10
v -1 -22 10
v 0 -23 10
v 0 -22 10
v 1 -23 10
v 1 -22 10
v 2 -23 10
v 2 -22 10
v 3 -23 10
v -1 6 11
v -1 7 11
v 0 7 11
v 0 6 11
v -2 5 11
v -2 6 11
v -1 5 11
v 0 5 11
v 1 6 11
v 1 5 11
v -3 4 11
v -3 5 11
v -1 4 10
v -2 4 11
v -1 4 11
v 0 4 10
v 0 4 11
v 1 4 11
v 2 5 11
v 2 4 11
v -3 3 11
v -2 3 10
v -2 3 11
v -1 3 10
v -1 3 11
v 0 3 10
v 0 3 11
v 1 3 10
v 1 3 11
v 2 3 11
v -4 2 11
v -4 3 11
v -2 2 10
v -3 2 11
v -2 2 11
v -1 2 10
v -1 2 11
v 0 2 10
v 0 2 11
v 1 2 10
v 1 2 11
v 2 2 11
v 3 3 11
v 3 2 11
v -5 1 11
v -5 2 11
v -4 1 11
v -3 1 10
v -2 1 10
v -3 1 11
v -2 1 11
v -1 1 10
v -1 1 11
v 0 1 10
v 0 1 11
v 1 1 10
v 1 1 11
v 2 1 10
v 2 1 11
v 3 1 11
v 4 2 11
v 4 1 11
v -4 0 10
v -4 0 11
v -3 0 10
v -2 0 10
v -3 0 11
v -2 0 11
v -1 0 10
v -1 0 11
v 0 0 10
v 0 0 11
v 1 0 10
v 1 0 11
v 2 0 10
v 2 0 11
v 3 0 10
v 3 0 11
v 5 1 11
v 5 0 11
v 4 0 11
v -4 -1 10
v -4 -1 11
v -3 -1 10
v -2 -1 10
v -3 -1 11
v -2 -1 11
v -1 -1 10
v -1 -1 11
v 0 -1 10
v 0 -1 11
v 1 -1 10
v 1 -1 11
v 2 -1 10
v 2 -1 11
v 3 -1 10
v 3 -1 11
v 4 -1 10
v 4 -1 11
v -4 -2 10
v -4 -2 11
v -3 -2 10
v -2 -2 10
v -3 -2 11
v -2 -2 11
v -1 -2 10
v -1 -2 11
v 0 -2 11
v 1 -2 11
v 2 -2 10
v 2 -2 11
v 3 -2 10
v 3 -2 11
v 4 -2 10
v 4 -2 11
v -4 -3 11
v -3 -3 11
v -2 -3 11
v -1 -3 11
v 0 -3 11
v 1 -3 11
v 2 -3 11
v 3 -3 11
v 4 -3 11
v -12 -4 11
v -12 -3 11
v -11 -3 11
v -11 -4 11
v -10 -3 11
v -9 -3 11
v -8 -3 11
v -7 -3 11
v -6 -3 11
v -5 -3 11
v 5 -3 11
v 6 -3 11
v 7 -3 11
v 8 -3 11
v 9 -3 11
v 10 -3 11
v 11 -3 11
v 12 -3 11
v 13 -3 11
v 13 -4 11
v 12 -4 11
v -21 -5 11
v -21 -4 11
v -20 -4 11
v -20 -5 11
v -19 -4 11
v -18 -4 11
v -17 -4 11
v -16 -4 11
v -15 -4 11
v -14 -4 11
v -13 -4 11
v -11 -5 11
v -12 -5 11
v -10 -5 11
v -9 -5 11
v -8 -5 11
v -7 -5 11
v -6 -5 11
v -5 -5 11
v -4 -5 11
v -3 -5 11
v -2 -5 11
v -1 -5 11
v 0 -5 11
v 1 -5 11
v 2 -5 11
v 3 -5 11
v 4 -5 11
v 5 -5 11
v 6 -5 11
v 7 -5 11
v 8 -5 11
v 9 -5 11
v 10 -5 11
v 11 -5 11
v 12 -5 11
v 13 -5 11
v 14 -4 11
v 15 -4 11
v 16 -4 11
v 17 -4 11
v 18 -4 11
v 19 -4 11
v 20 -4 11
v 21 -4 11
v 22 -4 11
v 22 -5 11
v 21 -5 11
v -21 -6 11
v -20 -6 11
v -17 -6 11
v -18 -6 11
v -16 -6 11
v -15 -6 11
v -14 -6 11
v -13 -6 11
v -12 -6 10
v -12 -6 11
v 13 -6 10
v 13 -6 11
v 14 -6 11
v 15 -6 11
v 16 -6 11
v 17 -6 11
v 18 -6 11
v 19 -6 11
v 22 -6 11
v 21 -6 11
v -20 -7 11
v -19 -7 11
v -18 -7 11
v 19 -7 11
v 21 -7 11
v 20 -7 11
v -19 -8 11
v -18 -8 11
v 19 -8 11
v 20 -8 11
v -18 -9 11
v -17 -8 11
v -17 -9 11
v 18 -9 11
v 18 -8 11
v 19 -9 11
v -18 -10 11
v -17 -10 11
v -16 -9 11
v -16 -10 11
v 17 -10 11
v 17 -9 11
v 19 -10 11
v 18 -10 11
v -17 -11 11
v -16 -11 11
v -15 -10 10
v -15 -10 11
v -15 -11 11
v 16 -11 11
v 16 -10 11
v 16 -10 10
v 18 -11 11
v 17 -11 11
v -16 -12 11
v -15 -12 11
v -14 -11 10
v -14 -11 11
v -14 -12 11
v 15 -12 11
v 15 -11 11
v 15 -11 10
v 17 -12 11
v 16 -12 11
v -15 -13 11
v -14 -13 11
v -13 -12 10
v -13 -12 11
v -13 -13 11
v 14 -13 11
v 14 -12 11
v 14 -12 10
v 16 -13 11
v 15 -13 11
v -14 -14 11
v -13 -14 11
v -12 -13 10
v -12 -13 11
v -12 -14 11
v 13 -14 11
v 13 -13 11
v 13 -13 10
v 15 -14 11
v 14 -14 11
v -13 -15 11
v -12 -15 11
v -11 -14 10
v -11 -14 11
v -11 -15 11
v 12 -15 11
v 12 -14 11
v 12 -14 10
v 14 -15 11
v 13 -15 11
v -12 -16 11
v -11 -16 11
v -10 -15 10
v -10 -15 11
v -10 -16 11
v 11 -16 11
v 11 -15 11
v 11 -15 10
v 13 -16 11
v 12 -16 11
v -11 -17 11
v -10 -17 11
v -9 -16 11
v -9 -17 11
v 10 -17 11
v 10 -16 11
v 12 -17 11
v 11 -17 11
v -10 -18 11
v -9 -18 11
v -8 -17 11
v -7 -17 10
v -7 -17 11
v -7 -18 11
v 8 -18 11
v 8 -17 11
v 8 -17 10
v 9 -17 11
v 11 -18 11
v 10 -18 11
v -9 -19 11
v -8 -19 11
v -8 -18 11
v -7 -19 11
v -6 -18 11
v -6 -18 10
v -5 -18 10
v -5 -18 11
v -5 -19 11
v 6 -19 11
v 6 -18 11
v 6 -18 10
v 7 -18 11
v 7 -18 10
v 9 -19 11
v 8 -19 11
v 9 -18 11
v 10 -19 11
v -7 -20 11
v -6 -20 11
v -6 -19 11
v -5 -20 11
v -4 -19 11
v -4 -19 10
v -3 -19 10
v -3 -19 11
v -3 -20 11
v 4 -20 11
v 4 -19 11
v 4 -19 10
v 5 -19 11
v 5 -19 10
v 7 -20 11
v 6 -20 11
v 8 -20 11
v 7 -19 11
v -5 -21 11
v -4 -21 11
v -4 -20 11
v -3 -21 11
v -2 -20 11
v -1 -20 11
v -1 -20 10
v 0 -20 11
v 0 -20 10
v 1 -20 11
v 1 -20 10
v 2 -20 11
v 2 -20 10
v 3 -20 11
v 5 -21 11
v 4 -21 11
v 5 -20 11
v 6 -21 11
v -3 -22 11
v -2 -22 11
v -2 -21 11
v -1 -22 11
v -1 -21 11
v 0 -22 11
v 0 -21 11
v 1 -22 11
v 1 -21 11
v 2 -22 11
v 2 -21 11
v 3 -22 11
v 3 -21 11
v 4 -22 11
v -1 6 12
v -1 7 12
v 0 7 12
v 0 6 12
v -2 5 12
v -2 6 12
v -1 5 12
v 0 5 12
v 1 6 12
v 1 5 12
v -3 4 12
v -3 5 12
v -2 4 12
v 1 4 12
v 2 5 12
v 2 4 12
v -4 2 12
v -4 3 12
v -3 3 12
v -3 2 12
v 2 2 12
v 2 3 12
v 3 3 12
v 3 2 12
v -5 1 12
v -5 2 12
v -4 1 12
v -3 1 12
v 3 1 12
v 4 2 12
v 4 1 12
v -4 0 12
v -3 0 12
v 3 0 12
v 5 1 12
v 5 0 12
v 4 0 12
v -4 -1 12
v -3 -1 12
v 3 -1 12
v 4 -1 12
v -4 -2 12
v -3 -2 12
v 3 -2 12
v 4 -2 12
v 12 -2 11
v 12 -2 12
v 12 -1 12
v 12 -1 11
v 13 -2 11
v 13 -1 11
v 13 -1 12
v 13 -2 12
v -4 -3 12
v -3 -3 12
v 3 -3 12
v 4 -3 12
v -11 -4 12
v -11 -3 12
v -10 -3 12
v -10 -4 12
v -9 -3 12
v -8 -3 12
v -7 -3 12
v -6 -3 12
v -5 -3 12
v -2 -3 12
v -1 -3 12
v 0 -3 12
v 1 -3 12
v 2 -3 12
v 5 -3 12
v 6 -3 12
v 7 -3 12
v 8 -3 12
v 9 -3 12
v 10 -3 12
v 11 -3 12
v 12 -3 12
v 12 -4 12
v 11 -4 12
v -20 -5 12
v -20 -4 12
v -19 -4 12
v -18 -4 12
v -17 -4 12
v -16 -4 12
v -15 -4 12
v -14 -4 12
v -13 -4 12
v -12 -4 12
v -10 -5 12
v -11 -5 12
v -9 -5 12
v -8 -5 12
v -7 -5 12
v -6 -5 12
v -5 -5 12
v -4 -5 12
v -3 -5 12
v -2 -5 12
v -1 -5 12
v 0 -5 12
v 1 -5 12
v 2 -5 12
v 3 -5 12
v 4 -5 12
v 5 -5 12
v 6 -5 12
v 7 -5 12
v 8 -5 12
v 9 -5 12
v 10 -5 12
v 11 -5 12
v 12 -5 12
v 13 -4 12
v 14 -4 12
v 15 -4 12
v 16 -4 12
v 17 -4 12
v 18 -4 12
v 19 -4 12
v 20 -4 12
v 21 -4 12
v 21 -5 12
v -20 -6 12
v -17 -6 12
v -18 -6 12
v -16 -6 12
v -15 -6 12
v -14 -6 12
v -13 -6 12
v -12 -6 12
v -11 -6 11
v -11 -6 12
v 12 -6 11
v 12 -6 12
v 13 -6 12
v 14 -6 12
v 15 -6 12
v 16 -6 12
v 17 -6 12
v 19 -6 12
v 18 -6 12
v 21 -6 12
v -20 -7 12
v -19 -7 12
v -19 -6 12
v -18 -7 12
v 17 -7 11
v 17 -7 12
v 18 -7 11
v 18 -7 12
v 19 -7 12
v 21 -7 12
v 20 -7 12
v 20 -6 12
v -19 -8 12
v -18 -8 12
v -17 -7 11
v -17 -7 12
v -17 -8 12
v 17 -8 11
v 17 -8 12
v 20 -8 12
v 19 -8 12
v -18 -9 12
v -17 -9 12
v -16 -8 11
v -16 -8 12
v -16 -9 12
v 17 -9 12
v 19 -9 12
v 18 -9 12
v 18 -8 12
v -17 -10 12
v -16 -10 12
v -15 -9 11
v -15 -9 12
v -15 -10 12
v 16 -10 12
v 16 -9 12
v 16 -9 11
v 18 -10 12
v 17 -10 12
v -16 -11 12
v -15 -11 12
v -14 -10 11
v -14 -10 12
v -14 -11 12
v 15 -11 12
v 15 -10 12
v 15 -10 11
v 17 -11 12
v 16 -11 12
v 18 -11 12
v -15 -12 12
v -14 -12 12
v -13 -11 11
v -13 -11 12
v -13 -12 12
v 14 -12 12
v 14 -11 12
v 14 -11 11
v 16 -12 12
v 15 -12 12
v 17 -12 12
v 18 -12 11
v 18 -12 12
v -14 -13 12
v -13 -13 12
v -12 -12 11
v -12 -12 12
v -12 -13 12
v 13 -13 12
v 13 -12 12
v 13 -12 11
v 15 -13 12
v 14 -13 12
v 17 -13 11
v 17 -13 12
v 18 -13 11
v 18 -13 12
v -13 -14 12
v -12 -14 12
v -11 -13 11
v -11 -13 12
v -11 -14 12
v 12 -14 12
v 12 -13 12
v 12 -13 11
v 14 -14 12
v 13 -14 12
v 17 -14 11
v 17 -14 12
v 18 -14 11
v 18 -14 12
v -12 -15 12
v -11 -15 12
v -10 -14 11
v -10 -14 12
v -10 -15 12
v 11 -15 12
v 11 -14 12
v 11 -14 11
v 13 -15 12
v 12 -15 12
v 17 -15 11
v 17 -15 12
v 18 -15 11
v 18 -15 12
v -11 -16 12
v -10 -16 12
v -9 -15 11
v -9 -15 12
v -9 -16 12
v 10 -16 12
v 10 -15 12
v 10 -15 11
v 12 -16 12
v 11 -16 12
v 17 -16 11
v 17 -16 12
v 18 -16 11
v 18 -16 12
v -10 -17 12
v -9 -17 12
v -8 -16 12
v -8 -16 11
v -7 -16 11
v -7 -16 12
v -7 -17 12
v 8 -17 12
v 8 -16 12
v 8 -16 11
v 9 -16 12
v 9 -16 11
v 11 -17 12
v 10 -17 12
v 17 -17 11
v 17 -17 12
v 18 -17 11
v 18 -17 12
v -9 -18 12
v -8 -18 12
v -8 -17 12
v -7 -18 12
v -6 -17 11
v -6 -17 12
v -6 -18 12
v 7 -18 12
v 7 -17 12
v 7 -17 11
v 9 -18 12
v 8 -18 12
v 9 -17 12
v 10 -18 12
v 17 -18 11
v 17 -18 12
v 18 -18 11
v 18 -18 12
v -7 -19 12
v -6 -19 12
v -5 -18 12
v -4 -18 12
v -4 -18 11
v -3 -18 11
v -3 -18 12
v -3 -19 12
v 4 -19 12
v 4 -18 12
v 4 -18 11
v 5 -18 12
v 5 -18 11
v 6 -18 12
v 8 -19 12
v 7 -19 12
v 17 -19 11
v 17 -19 12
v 18 -19 11
v 18 -19 12
v -6 -20 12
v -5 -20 12
v -5 -19 12
v -4 -20 12
v -4 -19 12
v -3 -20 12
v -2 -19 12
v -2 -19 11
v -1 -19 12
v -1 -19 11
v 0 -19 12
v 0 -19 11
v 1 -19 12
v 1 -19 11
v 2 -19 12
v 2 -19 11
v 3 -19 12
v 3 -19 11
v 5 -20 12
v 4 -20 12
v 5 -19 12
v 6 -20 12
v 6 -19 12
v 7 -20 12
v 17 -20 11
v 17 -20 12
v 18 -20 11
v 18 -20 12
v -3 -21 12
v -2 -21 12
v -2 -20 12
v -1 -21 12
v -1 -20 12
v 0 -21 12
v 0 -20 12
v 1 -21 12
v 1 -20 12
v 2 -21 12
v 2 -20 12
v 3 -21 12
v 3 -20 12
v 4 -21 12
v -1 6 13
v -1 7 13
v 0 7 13
v 0 6 13
v -2 5 13
v -2 6 13
v -1 5 13
v 0 5 13
v 1 6 13
v 1 5 13
v -3 4 13
v -3 5 13
v -2 4 13
v 1 4 13
v 2 5 13
v 2 4 13
v -4 2 13
v -4 3 13
v -3 3 13
v -3 2 13
v 2 2 13
v 2 3 13
v 3 3 13
v 3 2 13
v -5 1 13
v -5 2 13
v -4 1 13
v -3 1 13
v 3 1 13
v 4 2 13
v 4 1 13
v -4 0 13
v -3 0 13
v 3 0 13
v 5 1 13
v 5 0 13
v 4 0 13
v 12 0 12
v 12 0 13
v 12 1 13
v 12 1 12
v 13 0 12
v 13 1 12
v 13 1 13
v 13 0 13
v -4 -1 13
v -3 -1 13
v 3 -1 13
v 4 -1 13
v 11 -1 12
v 11 -1 13
v 11 0 13
v 11 0 12
v 14 -1 12
v 14 0 12
v 14 0 13
v 14 -1 13
v -4 -2 13
v -3 -2 13
v 3 -2 13
v 4 -2 13
v 10 -2 12
v 10 -2 13
v 10 -1 13
v 10 -1 12
v 11 -2 12
v 11 -2 13
v 12 -2 13
v 13 -2 13
v 14 -2 12
v 14 -2 13
v 15 -2 12
v 15 -1 12
v 15 -1 13
v 15 -2 13
v -4 -3 13
v -3 -3 13
v 3 -3 13
v 4 -3 13
v -10 -4 13
v -10 -3 13
v -9 -3 13
v -9 -4 13
v -8 -3 13
v -7 -3 13
v -6 -3 13
v -5 -3 13
v -2 -3 13
v -1 -3 13
v 0 -3 13
v 1 -3 13
v 2 -3 13
v 5 -3 13
v 6 -3 13
v 7 -3 13
v 8 -3 13
v 9 -3 13
v 10 -3 13
v 11 -3 13
v 11 -4 13
v 10 -4 13
v -20 -5 13
v -20 -4 13
v -19 -4 13
v -19 -5 13
v -18 -4 13
v -17 -4 13
v -16 -4 13
v -15 -4 13
v -14 -4 13
v -13 -4 13
v -12 -4 13
v -11 -4 13
v -9 -5 13
v -10 -5 13
v -8 -5 13
v -7 -5 13
v -6 -5 13
v -5 -5 13
v -4 -5 13
v -3 -5 13
v -2 -5 13
v -1 -5 13
v 0 -5 13
v 1 -5 13
v 2 -5 13
v 3 -5 13
v 4 -5 13
v 5 -5 13
v 6 -5 13
v 7 -5 13
v 8 -5 13
v 9 -5 13
v 10 -5 13
v 11 -5 13
v 12 -4 13
v 13 -4 13
v 14 -4 13
v 15 -4 13
v 16 -4 13
v 17 -4 13
v 18 -4 13
v 19 -4 13
v 20 -4 13
v 21 -4 13
v 21 -5 13
v 20 -5 13
v -20 -6 13
v -19 -6 13
v -16 -6 13
v -17 -6 13
v -15 -6 13
v -14 -6 13
v -13 -6 13
v -12 -6 13
v -11 -6 13
v -10 -6 12
v -10 -6 13
v 11 -6 12
v 11 -6 13
v 12 -6 13
v 13 -6 13
v 14 -6 13
v 15 -6 13
v 16 -6 13
v 17 -6 13
v 18 -6 13
v 21 -6 13
v 20 -6 13
v -19 -7 13
v -18 -7 13
v -18 -6 13
v -17 -7 13
v 18 -7 13
v 20 -7 13
v 19 -7 13
v 19 -6 13
v -18 -8 13
v -17 -8 13
v -16 -7 12
v -16 -7 13
v -16 -8 13
v 17 -8 13
v 17 -7 13
v 19 -8 13
v 18 -8 13
v -17 -9 13
v -16 -9 13
v 17 -9 13
v 18 -9 13
v -16 -10 13
v -15 -9 13
v -15 -10 13
v 16 -10 13
v 16 -9 13
v 17 -10 13
v -16 -11 13
v -15 -11 13
v -14 -10 13
v -14 -11 13
v 15 -11 13
v 15 -10 13
v 17 -11 13
v 16 -11 13
v -15 -12 13
v -14 -12 13
v -13 -11 13
v -13 -12 13
v 14 -12 13
v 14 -11 13
v 16 -12 13
v 15 -12 13
v -14 -13 13
v -13 -13 13
v -12 -12 13
v -11 -12 12
v -11 -12 13
v -11 -13 13
v 12 -13 13
v 12 -12 13
v 12 -12 12
v 13 -12 13
v 15 -13 13
v 14 -13 13
v -13 -14 13
v -12 -14 13
v -12 -13 13
v -11 -14 13
v -10 -13 12
v -10 -13 13
v -10 -14 13
v 11 -14 13
v 11 -13 13
v 11 -13 12
v 13 -14 13
v 12 -14 13
v 14 -14 13
v 13 -13 13
v -11 -15 13
v -10 -15 13
v -9 -14 12
v -9 -14 13
v -9 -15 13
v 10 -15 13
v 10 -14 13
v 10 -14 12
v 12 -15 13
v 11 -15 13
v -10 -16 13
v -9 -16 13
v -8 -15 13
v -8 -15 12
v -7 -15 12
v -7 -15 13
v -7 -16 13
v 8 -16 13
v 8 -15 13
v 8 -15 12
v 9 -15 13
v 9 -15 12
v 11 -16 13
v 10 -16 13
v -9 -17 13
v -8 -17 13
v -8 -16 13
v -7 -17 13
v -6 -16 12
v -6 -16 13
v -6 -17 13
v 7 -17 13
v 7 -16 13
v 7 -16 12
v 9 -17 13
v 8 -17 13
v 10 -17 13
v 9 -16 13
v -7 -18 13
v -6 -18 13
v -5 -17 13
v -5 -17 12
v -4 -17 13
v -4 -17 12
v -3 -17 12
v -3 -17 13
v -3 -18 13
v 4 -18 13
v 4 -17 13
v 4 -17 12
v 5 -17 13
v 5 -17 12
v 6 -17 13
v 6 -17 12
v 8 -18 13
v 7 -18 13
v -6 -19 13
v -5 -19 13
v -5 -18 13
v -4 -19 13
v -4 -18 13
v -3 -19 13
v -2 -18 13
v -2 -18 12
v -1 -18 13
v -1 -18 12
v 0 -18 13
v 0 -18 12
v 1 -18 13
v 1 -18 12
v 2 -18 13
v 2 -18 12
v 3 -18 13
v 3 -18 12
v 5 -19 13
v 4 -19 13
v 5 -18 13
v 6 -19 13
v 6 -18 13
v 7 -19 13
v -3 -20 13
v -2 -20 13
v -2 -19 13
v -1 -20 13
v -1 -19 13
v 0 -20 13
v 0 -19 13
v 1 -20 13
v 1 -19 13
v 2 -20 13
v 2 -19 13
v 3 -20 13
v 3 -19 13
v 4 -20 13
v -1 6 14
v -1 7 14
v 0 7 14
v 0 6 14
v -2 5 14
v -2 6 14
v -1 5 14
v 0 5 14
v 1 6 14
v 1 5 14
v -3 4 14
v -3 5 14
v -2 4 14
v 1 4 14
v 2 5 14
v 2 4 14
v -4 2 14
v -4 3 14
v -3 3 14
v -3 2 14
v 2 2 14
v 2 3 14
v 3 3 14
v 3 2 14
v 12 2 13
v 12 2 14
v 12 3 14
v 12 3 13
v 13 2 13
v 13 3 13
v 13 3 14
v 13 2 14
v -5 1 14
v -5 2 14
v -4 1 14
v -3 1 14
v 3 1 14
v 4 2 14
v 4 1 14
v 11 1 13
v 11 1 14
v 11 2 14
v 11 2 13
v 14 1 13
v 14 2 13
v 14 2 14
v 14 1 14
v -4 0 14
v -3 0 14
v 3 0 14
v 5 1 14
v 5 0 14
v 4 0 14
v 10 0 13
v 10 0 14
v 10 1 14
v 10 1 13
v 15 0 13
v 15 1 13
v 15 1 14
v 15 0 14
v -4 -1 14
v -3 -1 14
v 3 -1 14
v 4 -1 14
v 10 -1 14
v 15 -1 14
v -4 -2 14
v -3 -2 14
v 3 -2 14
v 4 -2 14
v 9 -2 13
v 9 -2 14
v 9 -1 14
v 9 -1 13
v 10 -2 14
v 11 -2 14
v 12 -2 14
v 13 -2 14
v 14 -2 14
v 15 -2 14
v 16 -2 13
v 16 -1 13
v 16 -1 14
v 16 -2 14
v -4 -3 14
v -3 -3 14
v 3 -3 14
v 4 -3 14
v -9 -4 14
v -9 -3 14
v -8 -3 14
v -8 -4 14
v -7 -3 14
v -7 -4 14
v -6 -3 14
v -5 -3 14
v -2 -3 14
v -1 -3 14
v 0 -3 14
v 1 -3 14
v 2 -3 14
v 5 -3 14
v 6 -3 14
v 7 -3 14
v 8 -3 14
v 9 -3 14
v 8 -4 14
v 9 -4 14
v 10 -3 14
v 10 -4 14
v -19 -5 14
v -19 -4 14
v -18 -4 14
v -18 -5 14
v -17 -4 14
v -16 -4 14
v -15 -4 14
v -14 -4 14
v -13 -4 14
v -12 -4 14
v -11 -4 14
v -10 -4 14
v -8 -5 14
v -9 -5 14
v -7 -5 14
v -6 -5 14
v -5 -5 14
v -4 -5 14
v -3 -5 14
v -2 -5 14
v -1 -5 14
v 0 -5 14
v 1 -5 14
v 2 -5 14
v 3 -5 14
v 4 -5 14
v 5 -5 14
v 6 -5 14
v 7 -5 14
v 8 -5 14
v 9 -5 14
v 10 -5 14
v 11 -4 14
v 12 -4 14
v 13 -4 14
v 14 -4 14
v 15 -4 14
v 16 -4 14
v 17 -4 14
v 18 -4 14
v 19 -4 14
v 20 -4 14
v 20 -5 14
v 19 -5 14
v -19 -6 14
v -18 -6 14
v -15 -6 14
v -16 -6 14
v -14 -6 14
v -13 -6 14
v -12 -6 14
v -11 -6 14
v -10 -6 14
v -9 -6 13
v -9 -6 14
v 10 -6 13
v 10 -6 14
v 11 -6 14
v 12 -6 14
v 13 -6 14
v 14 -6 14
v 15 -6 14
v 16 -6 14
v 17 -6 14
v 20 -6 14
v 19 -6 14
v -18 -7 14
v -17 -7 14
v -16 -7 14
v 17 -7 14
v 19 -7 14
v 18 -7 14
v -17 -8 14
v -16 -8 14
v 17 -8 14
v 18 -8 14
v -17 -9 14
v -16 -9 14
v -15 -8 13
v -15 -8 14
v -15 -9 14
v 16 -9 14
v 16 -8 14
v 16 -8 13
v 18 -9 14
v 17 -9 14
v -16 -10 14
v -15 -10 14
v -14 -9 13
v -14 -9 14
v -14 -10 14
v 15 -10 14
v 15 -9 14
v 15 -9 13
v 17 -10 14
v 16 -10 14
v -15 -11 14
v -14 -11 14
v -13 -10 13
v -13 -10 14
v -13 -11 14
v 14 -11 14
v 14 -10 14
v 14 -10 13
v 16 -11 14
v 15 -11 14
v -14 -12 14
v -13 -12 14
v -12 -11 13
v -12 -11 14
v -12 -12 14
v 13 -12 14
v 13 -11 14
v 13 -11 13
v 15 -12 14
v 14 -12 14
v -13 -13 14
v -12 -13 14
v -11 -12 14
v -10 -12 13
v -10 -12 14
v -10 -13 14
v 11 -13 14
v 11 -12 14
v 11 -12 13
v 12 -12 14
v 14 -13 14
v 13 -13 14
v -12 -14 14
v -11 -14 14
v -11 -13 14
v -10 -14 14
v -9 -13 13
v -9 -13 14
v -9 -14 14
v 10 -14 14
v 10 -13 14
v 10 -13 13
v 12 -14 14
v 11 -14 14
v 12 -13 14
v 13 -14 14
v -10 -15 14
v -9 -15 14
v -8 -14 13
v -8 -14 14
v -8 -15 14
v 9 -15 14
v 9 -14 14
v 9 -14 13
v 11 -15 14
v 10 -15 14
v -9 -16 14
v -8 -16 14
v -7 -15 14
v -7 -16 14
v -6 -15 13
v -6 -15 14
v -6 -16 14
v 7 -16 14
v 7 -15 14
v 7 -15 13
v 8 -15 14
v 8 -16 14
v 9 -16 14
v 10 -16 14
v -8 -17 14
v -7 -17 14
v -6 -17 14
v -5 -16 14
v -5 -16 13
v -4 -16 14
v -4 -16 13
v -3 -16 13
v -3 -16 14
v -3 -17 14
v 4 -17 14
v 4 -16 14
v 4 -16 13
v 5 -16 14
v 5 -16 13
v 6 -16 14
v 6 -16 13
v 8 -17 14
v 7 -17 14
v 9 -17 14
v -6 -18 14
v -5 -18 14
v -5 -17 14
v -4 -18 14
v -4 -17 14
v -3 -18 14
v -2 -17 14
v -2 -17 13
v -1 -17 14
v -1 -17 13
v 0 -17 14
v 0 -17 13
v 1 -17 14
v 1 -17 13
v 2 -17 14
v 2 -17 13
v 3 -17 14
v 3 -17 13
v 5 -18 14
v 4 -18 14
v 5 -17 14
v 6 -18 14
v 6 -17 14
v 7 -18 14
v -3 -19 14
v -2 -19 14
v -2 -18 14
v -1 -19 14
v -1 -18 14
v 0 -19 14
v 0 -18 14
v 1 -19 14
v 1 -18 14
v 2 -19 14
v 2 -18 14
v 3 -19 14
v 3 -18 14
v 4 -19 14
v 24 19 14
v 24 19 15
v 24 20 15
v 24 20 14
v 25 19 14
v 25 20 14
v 25 20 15
v 25 19 15
v -1 6 15
v -1 7 15
v 0 7 15
v 0 6 15
v -2 5 15
v -2 6 15
v -1 5 15
v 0 5 15
v 1 6 15
v 1 5 15
v -3 4 15
v -3 5 15
v -2 4 15
v 1 4 15
v 2 5 15
v 2 4 15
v 12 4 14
v 12 4 15
v 12 5 15
v 12 5 14
v 13 4 14
v 13 5 14
v 13 5 15
v 13 4 15
v 11 3 14
v 11 3 15
v 11 4 15
v 11 4 14
v 14 3 14
v 14 4 14
v 14 4 15
v 14 3 15
v -4 2 15
v -4 3 15
v -3 3 15
v -3 2 15
v 2 2 15
v 2 3 15
v 3 3 15
v 3 2 15
v 11 2 15
v 14 2 15
v -5 1 15
v -5 2 15
v -4 1 15
v -3 1 15
v 3 1 15
v 4 2 15
v 4 1 15
v 10 1 15
v 10 2 15
v 10 2 14
v 15 2 14
v 15 2 15
v 15 1 15
v -4 0 15
v -3 0 15
v 3 0 15
v 5 1 15
v 5 0 15
v 4 0 15
v 10 0 15
v 15 0 15
v -4 -1 15
v -3 -1 15
v 3 -1 15
v 4 -1 15
v 9 -1 15
v 9 0 15
v 9 0 14
v 16 0 14
v 16 0 15
v 16 -1 15
v -4 -2 15
v -3 -2 15
v 3 -2 15
v 4 -2 15
v 9 -2 15
v 10 -2 15
v 11 -2 15
v 12 -2 15
v 13 -2 15
v 14 -2 15
v 15 -2 15
v 16 -2 15
v -4 -3 15
v -3 -3 15
v 3 -3 15
v 4 -3 15
v -7 -4 15
v -7 -3 15
v -6 -3 15
v -6 -4 15
v -5 -3 15
v -5 -4 15
v -2 -3 15
v -1 -3 15
v 0 -3 15
v 1 -3 15
v 2 -3 15
v 5 -3 15
v 6 -3 15
v 7 -3 15
v 6 -4 15
v 7 -4 15
v 8 -3 15
v 8 -4 15
v -18 -5 15
v -18 -4 15
v -17 -4 15
v -16 -4 15
v -15 -4 15
v -14 -4 15
v -13 -4 15
v -12 -4 15
v -11 -4 15
v -10 -4 15
v -9 -4 15
v -8 -4 15
v -6 -5 15
v -7 -5 15
v -5 -5 15
v -4 -5 15
v -3 -5 15
v -2 -5 15
v -1 -5 15
v 0 -5 15
v 1 -5 15
v 2 -5 15
v 3 -5 15
v 4 -5 15
v 5 -5 15
v 6 -5 15
v 7 -5 15
v 8 -5 15
v 9 -4 15
v 10 -4 15
v 11 -4 15
v 12 -4 15
v 13 -4 15
v 14 -4 15
v 15 -4 15
v 16 -4 15
v 17 -4 15
v 18 -4 15
v 19 -4 15
v 19 -5 15
v -18 -6 15
v -14 -6 15
v -15 -6 15
v -13 -6 15
v -12 -6 15
v -11 -6 15
v -10 -6 15
v -9 -6 15
v -8 -6 14
v -8 -6 15
v -7 -6 14
v -7 -6 15
v 8 -6 14
v 8 -6 15
v 9 -6 14
v 9 -6 15
v 10 -6 15
v 11 -6 15
v 12 -6 15
v 13 -6 15
v 14 -6 15
v 15 -6 15
v 16 -6 15
v 19 -6 15
v -18 -7 15
v -17 -7 15
v -17 -6 15
v -15 -7 14
v -15 -7 15
v 16 -7 14
v 16 -7 15
v 19 -7 15
v 18 -7 15
v 18 -6 15
v -17 -8 15
v -16 -8 15
v -16 -7 15
v -15 -8 15
v 16 -8 15
v 18 -8 15
v 17 -8 15
v 17 -7 15
v -16 -9 15
v -15 -9 15
v -14 -8 14
v -14 -8 15
v -14 -9 15
v 15 -9 15
v 15 -8 15
v 15 -8 14
v 17 -9 15
v 16 -9 15
v -15 -10 15
v -14 -10 15
v -13 -9 14
v -13 -9 15
v -13 -10 15
v 14 -10 15
v 14 -9 15
v 14 -9 14
v 16 -10 15
v 15 -10 15
v -14 -11 15
v -13 -11 15
v -12 -10 14
v -12 -10 15
v -12 -11 15
v 13 -11 15
v 13 -10 15
v 13 -10 14
v 15 -11 15
v 14 -11 15
v -13 -12 15
v -12 -12 15
v -11 -11 15
v -11 -11 14
v -10 -11 14
v -10 -11 15
v -10 -12 15
v 11 -12 15
v 11 -11 15
v 11 -11 14
v 12 -11 15
v 12 -11 14
v 14 -12 15
v 13 -12 15
v -12 -13 15
v -11 -13 15
v -11 -12 15
v -10 -13 15
v -9 -12 14
v -9 -12 15
v -9 -13 15
v 10 -13 15
v 10 -12 15
v 10 -12 14
v 12 -13 15
v 11 -13 15
v 12 -12 15
v 13 -13 15
v -10 -14 15
v -9 -14 15
v -8 -13 15
v -8 -13 14
v -7 -14 14
v -7 -13 14
v -7 -13 15
v -7 -14 15
v 8 -14 14
v 8 -14 15
v 8 -13 15
v 8 -13 14
v 9 -13 15
v 9 -13 14
v 11 -14 15
v 10 -14 15
v -9 -15 15
v -8 -15 15
v -8 -14 15
v -7 -15 15
v -6 -14 14
v -6 -14 15
v -6 -15 15
v 7 -15 15
v 7 -14 15
v 7 -14 14
v 9 -15 15
v 8 -15 15
v 9 -14 15
v 10 -15 15
v -7 -16 15
v -6 -16 15
v -5 -15 15
v -5 -15 14
v -5 -16 15
v -4 -15 15
v -4 -15 14
v -3 -15 14
v -3 -15 15
v -3 -16 15
v 4 -16 15
v 4 -15 15
v 4 -15 14
v 5 -15 15
v 5 -15 14
v 6 -15 15
v 6 -15 14
v 6 -16 15
v 7 -16 15
v 8 -16 15
v -6 -17 15
v -5 -17 15
v -4 -17 15
v -4 -16 15
v -3 -17 15
v -2 -16 15
v -2 -16 14
v -2 -17 15
v -1 -16 15
v -1 -16 14
v 0 -16 15
v 0 -16 14
v 1 -16 15
v 1 -16 14
v 2 -16 15
v 2 -16 14
v 3 -16 15
v 3 -16 14
v 3 -17 15
v 4 -17 15
v 5 -17 15
v 5 -16 15
v 6 -17 15
v 7 -17 15
v -3 -18 15
v -2 -18 15
v -1 -18 15
v -1 -17 15
v 0 -18 15
v 0 -17 15
v 1 -18 15
v 1 -17 15
v 2 -18 15
v 2 -17 15
v 3 -18 15
v 4 -18 15
v 22 20 15
v 22 20 16
v 22 21 16
v 22 21 15
v 23 21 16
v 23 21 15
v 23 20 15
v 24 21 16
v 24 21 15
v 25 21 16
v 25 21 15
v 26 21 16
v 26 21 15
v 26 20 15
v 27 20 15
v 27 21 15
v 27 21 16
v 27 20 16
v 21 19 15
v 21 19 16
v 21 20 16
v 21 20 15
v 22 19 15
v 22 19 16
v 23 19 15
v 26 19 15
v 27 19 15
v 28 19 15
v 28 20 15
v 28 20 16
v 28 19 16
v 27 19 16
v 22 18 15
v 22 18 16
v 23 18 15
v 23 18 16
v 24 18 15
v 24 18 16
v 25 18 15
v 25 18 16
v 26 18 15
v 26 18 16
v 27 18 15
v 27 18 16
v 12 7 15
v 12 7 16
v 12 8 16
v 12 8 15
v 13 7 15
v 13 8 15
v 13 8 16
v 13 7 16
v -1 6 16
v -1 7 16
v 0 7 16
v 0 6 16
v 12 6 15
v 12 6 16
v 13 6 15
v 13 6 16
v -2 5 16
v -2 6 16
v -1 5 16
v 0 5 16
v 1 6 16
v 1 5 16
v 12 5 16
v 13 5 16
v -3 4 16
v -3 5 16
v -2 4 16
v 1 4 16
v 2 5 16
v 2 4 16
v 11 4 16
v 11 5 16
v 11 5 15
v 12 4 16
v 14 5 15
v 14 5 16
v 14 4 16
v 13 4 16
v 11 3 16
v 14 3 16
v -4 2 16
v -4 3 16
v -3 3 16
v -3 2 16
v 2 2 16
v 2 3 16
v 3 3 16
v 3 2 16
v 10 2 16
v 10 3 16
v 10 3 15
v 11 2 16
v 15 3 15
v 15 3 16
v 15 2 16
v 14 2 16
v -5 1 16
v -5 2 16
v -4 1 16
v -3 1 16
v 3 1 16
v 4 2 16
v 4 1 16
v 10 1 16
v 15 1 16
v -4 0 16
v -3 0 16
v 3 0 16
v 5 1 16
v 5 0 16
v 4 0 16
v 9 0 16
v 9 1 16
v 9 1 15
v 10 0 16
v 16 1 15
v 16 1 16
v 16 0 16
v 15 0 16
v -4 -1 16
v -3 -1 16
v 3 -1 16
v 4 -1 16
v 9 -1 16
v 16 -1 16
v -4 -2 16
v -3 -2 16
v 3 -2 16
v 4 -2 16
v 8 -2 15
v 8 -2 16
v 8 -1 16
v 8 -1 15
v 9 -2 16
v 10 -2 16
v 11 -2 16
v 12 -2 16
v 14 -2 16
v 13 -2 16
v 15 -2 16
v 16 -2 16
v 17 -2 15
v 17 -1 15
v 17 -1 16
v 17 -2 16
v -4 -3 16
v -3 -3 16
v 3 -3 16
v 4 -3 16
v 12 -3 15
v 12 -3 16
v 13 -3 15
v 13 -3 16
v -5 -4 16
v -5 -3 16
v -4 -4 16
v -2 -3 16
v -1 -3 16
v 0 -3 16
v 1 -3 16
v 2 -3 16
v 5 -3 16
v 4 -4 16
v 5 -4 16
v 6 -3 16
v 6 -4 16
v 12 -4 16
v 13 -4 16
v -18 -5 16
v -18 -4 16
v -17 -4 16
v -17 -5 16
v -16 -4 16
v -15 -4 16
v -14 -4 16
v -13 -4 16
v -12 -4 16
v -11 -4 16
v -10 -4 16
v -9 -4 16
v -8 -4 16
v -7 -4 16
v -6 -4 16
v -4 -5 16
v -5 -5 16
v -3 -5 16
v -2 -5 16
v -1 -5 16
v 0 -5 16
v 1 -5 16
v 2 -5 16
v 3 -5 16
v 4 -5 16
v 5 -5 16
v 6 -5 16
v 7 -4 16
v 8 -4 16
v 9 -4 16
v 10 -4 16
v 11 -4 16
v 14 -4 16
v 15 -4 16
v 16 -4 16
v 17 -4 16
v 18 -4 16
v 19 -4 16
v 19 -5 16
v 18 -5 16
v -18 -6 16
v -17 -6 16
v -14 -6 16
v -15 -6 16
v -13 -6 16
v -12 -6 16
v -11 -6 16
v -10 -6 16
v -9 -6 16
v -8 -6 16
v -7 -6 16
v -6 -6 15
v -6 -6 16
v -5 -6 15
v -5 -6 16
v 6 -6 15
v 6 -6 16
v 7 -6 15
v 7 -6 16
v 8 -6 16
v 9 -6 16
v 10 -6 16
v 11 -6 16
v 12 -6 16
v 13 -6 16
v 14 -6 16
v 15 -6 16
v 16 -6 16
v 19 -6 16
v 18 -6 16
v -17 -7 16
v -16 -7 16
v -16 -6 16
v -15 -7 16
v 16 -7 16
v 18 -7 16
v 17 -7 16
v 17 -6 16
v -16 -8 16
v -15 -8 16
v -14 -7 15
v -14 -7 16
v -14 -8 16
v 15 -8 16
v 15 -7 16
v 15 -7 15
v 17 -8 16
v 16 -8 16
v -15 -9 16
v -14 -9 16
v -13 -8 15
v -13 -8 16
v -13 -9 16
v 14 -9 16
v 14 -8 16
v 14 -8 15
v 16 -9 16
v 15 -9 16
v -14 -10 16
v -13 -10 16
v -12 -9 15
v -12 -9 16
v -12 -10 16
v 13 -10 16
v 13 -9 16
v 13 -9 15
v 15 -10 16
v 14 -10 16
v -13 -11 16
v -12 -11 16
v -11 -10 16
v -11 -10 15
v -11 -11 16
v -10 -10 15
v -10 -10 16
v -10 -11 16
v 11 -11 16
v 11 -10 16
v 11 -10 15
v 12 -10 16
v 12 -10 15
v 12 -11 16
v 13 -11 16
v 14 -11 16
v -12 -12 16
v -11 -12 16
v -10 -12 16
v -9 -11 15
v -9 -11 16
v -9 -12 16
v 10 -12 16
v 10 -11 16
v 10 -11 15
v 12 -12 16
v 11 -12 16
v 13 -12 16
v -10 -13 16
v -9 -13 16
v -8 -12 16
v -8 -12 15
v -7 -12 15
v -7 -12 16
v -7 -13 16
v 8 -13 16
v 8 -12 16
v 8 -12 15
v 9 -12 16
v 9 -12 15
v 11 -13 16
v 10 -13 16
v -9 -14 16
v -8 -14 16
v -8 -13 16
v -7 -14 16
v -6 -13 16
v -6 -13 15
v -5 -14 15
v -5 -13 15
v -5 -13 16
v -5 -14 16
v 6 -14 15
v 6 -14 16
v 6 -13 16
v 6 -13 15
v 7 -13 16
v 7 -13 15
v 9 -14 16
v 8 -14 16
v 9 -13 16
v 10 -14 16
v -7 -15 16
v -6 -15 16
v -6 -14 16
v -5 -15 16
v -4 -14 16
v -4 -14 15
v -3 -14 16
v -3 -14 15
v -2 -15 15
v -2 -14 15
v -2 -14 16
v -2 -15 16
v 3 -15 15
v 3 -15 16
v 3 -14 16
v 3 -14 15
v 4 -14 16
v 4 -14 15
v 5 -14 16
v 5 -14 15
v 7 -15 16
v 6 -15 16
v 7 -14 16
v 8 -15 16
v -5 -16 16
v -4 -16 16
v -4 -15 16
v -3 -16 16
v -3 -15 16
v -2 -16 16
v -1 -15 16
v -1 -15 15
v -1 -16 16
v 0 -15 16
v 0 -15 15
v 0 -16 16
v 1 -15 16
v 1 -15 15
v 2 -15 16
v 2 -15 15
v 1 -16 16
v 2 -16 16
v 3 -16 16
v 4 -16 16
v 4 -15 16
v 5 -16 16
v 5 -15 16
v 6 -16 16
v -2 -17 16
v -1 -17 16
v 0 -17 16
v 1 -17 16
v 2 -17 16
v 3 -17 16
v 21 20 17
v 21 21 17
v 21 21 16
v 22 21 17
v 23 21 17
v 24 21 17
v 25 21 17
v 26 21 17
v 27 21 17
v 28 21 16
v 28 21 17
v 28 20 17
v 20 19 16
v 20 19 17
v 20 20 17
v 20 20 16
v 21 19 17
v 29 19 16
v 29 20 16
v 29 20 17
v 29 19 17
v 28 19 17
v 21 18 16
v 21 18 17
v 22 18 17
v 23 18 17
v 24 18 17
v 25 18 17
v 26 18 17
v 27 18 17
v 28 18 16
v 28 18 17
v -25 15 16
v -25 15 17
v -25 16 17
v -25 16 16
v -24 15 16
v -24 16 16
v -24 16 17
v -24 15 17
v -1 6 17
v -1 7 17
v 0 7 17
v 0 6 17
v -2 5 17
v -2 6 17
v -1 5 17
v 0 5 17
v 1 6 17
v 1 5 17
v -3 4 17
v -3 5 17
v -2 4 17
v 1 4 17
v 2 5 17
v 2 4 17
v 12 4 17
v 12 5 17
v 13 5 17
v 13 4 17
v 11 3 17
v 11 4 17
v 12 3 17
v 13 3 17
v 14 4 17
v 14 3 17
v -4 2 17
v -4 3 17
v -3 3 17
v -3 2 17
v 2 2 17
v 2 3 17
v 3 3 17
v 3 2 17
v 11 2 17
v 12 2 17
v 14 2 17
v 13 2 17
v -5 1 17
v -5 2 17
v -4 1 17
v -3 1 17
v 3 1 17
v 4 2 17
v 4 1 17
v 10 1 17
v 10 2 17
v 11 1 17
v 15 2 17
v 15 1 17
v 14 1 17
v -4 0 17
v -3 0 17
v 3 0 17
v 5 1 17
v 5 0 17
v 4 0 17
v 10 0 17
v 15 0 17
v -4 -1 17
v -3 -1 17
v 3 -1 17
v 4 -1 17
v 9 -1 17
v 9 0 17
v 10 -1 17
v 16 0 17
v 16 -1 17
v 15 -1 17
v -4 -2 17
v -3 -2 17
v 3 -2 17
v 4 -2 17
v 9 -2 17
v 10 -2 17
v 11 -2 17
v 12 -2 17
v 13 -2 17
v 14 -2 17
v 15 -2 17
v 16 -2 17
v -4 -3 17
v -3 -3 17
v 3 -3 17
v 4 -3 17
v -4 -4 17
v -2 -3 17
v -1 -3 17
v 0 -3 17
v 1 -3 17
v 2 -3 17
v 4 -4 17
v -17 -5 17
v -17 -4 17
v -16 -4 17
v -16 -5 17
v -15 -4 17
v -14 -4 17
v -13 -4 17
v -12 -4 17
v -11 -4 17
v -10 -4 17
v -9 -4 17
v -8 -4 17
v -7 -4 17
v -6 -4 17
v -5 -4 17
v 1 -5 17
v 0 -5 17
v 5 -4 17
v 6 -4 17
v 7 -4 17
v 8 -4 17
v 9 -4 17
v 10 -4 17
v 11 -4 17
v 12 -4 17
v 13 -4 17
v 14 -4 17
v 15 -4 17
v 16 -4 17
v 17 -4 17
v 18 -4 17
v 18 -5 17
v 17 -5 17
v -17 -6 17
v -16 -6 17
v -12 -6 17
v -13 -6 17
v -11 -6 17
v -10 -6 17
v -9 -6 17
v -8 -6 17
v -7 -6 17
v -6 -6 17
v -5 -6 17
v -4 -6 16
v -4 -6 17
v -3 -6 16
v -3 -6 17
v -2 -6 16
v -2 -6 17
v -1 -6 16
v -1 -6 17
v 0 -6 16
v 0 -6 17
v 1 -6 16
v 1 -6 17
v 2 -6 16
v 2 -6 17
v 3 -6 16
v 3 -6 17
v 4 -6 16
v 4 -6 17
v 5 -6 16
v 5 -6 17
v 6 -6 17
v 7 -6 17
v 8 -6 17
v 9 -6 17
v 10 -6 17
v 11 -6 17
v 12 -6 17
v 13 -6 17
v 14 -6 17
v 18 -6 17
v 17 -6 17
v -16 -7 17
v -15 -7 17
v -15 -6 17
v -13 -7 16
v -13 -7 17
v 14 -7 16
v 14 -7 17
v 17 -7 17
v 16 -7 17
v 16 -6 17
v -15 -8 17
v -14 -8 17
v -14 -7 17
v -13 -8 17
v 14 -8 17
v 16 -8 17
v 15 -8 17
v 15 -7 17
v -14 -9 17
v -13 -9 17
v -12 -8 17
v -12 -8 16
v -12 -9 17
v -11 -9 16
v -11 -8 16
v -11 -8 17
v -11 -9 17
v 12 -9 16
v 12 -9 17
v 12 -8 17
v 12 -8 16
v 13 -8 17
v 13 -8 16
v 13 -9 17
v 14 -9 17
v 15 -9 17
v -13 -10 17
v -12 -10 17
v -11 -10 17
v -10 -9 16
v -10 -9 17
v -10 -10 17
v 11 -10 17
v 11 -9 17
v 11 -9 16
v 13 -10 17
v 12 -10 17
v 14 -10 17
v -11 -11 17
v -10 -11 17
v -9 -10 16
v -9 -10 17
v -9 -11 17
v 10 -11 17
v 10 -10 17
v 10 -10 16
v 12 -11 17
v 11 -11 17
v -10 -12 17
v -9 -12 17
v -8 -11 17
v -8 -11 16
v -8 -12 17
v -7 -11 16
v -7 -11 17
v -7 -12 17
v 8 -12 17
v 8 -11 17
v 8 -11 16
v 9 -11 17
v 9 -11 16
v 9 -12 17
v 10 -12 17
v 11 -12 17
v -9 -13 17
v -8 -13 17
v -7 -13 17
v -6 -12 17
v -6 -12 16
v -6 -13 17
v -5 -12 16
v -5 -12 17
v -5 -13 17
v 6 -13 17
v 6 -12 17
v 6 -12 16
v 7 -12 17
v 7 -12 16
v 7 -13 17
v 8 -13 17
v 9 -13 17
v 10 -13 17
v -7 -14 17
v -6 -14 17
v -5 -14 17
v -4 -13 17
v -4 -13 16
v -4 -14 17
v -3 -13 17
v -3 -13 16
v -2 -13 17
v -2 -13 16
v -1 -13 17
v -1 -13 16
v -1 -14 16
v 0 -14 16
v 0 -13 16
v 0 -13 17
v 0 -14 17
v 1 -14 16
v 1 -14 17
v 1 -13 17
v 1 -13 16
v 2 -13 17
v 2 -13 16
v 2 -14 16
v 3 -13 17
v 3 -13 16
v 4 -13 17
v 4 -13 16
v 5 -13 17
v 5 -13 16
v 5 -14 17
v 6 -14 17
v 7 -14 17
v 8 -14 17
v -5 -15 17
v -4 -15 17
v -3 -15 17
v -3 -14 17
v -2 -15 17
v -2 -14 17
v -1 -15 17
v -1 -14 17
v 0 -15 17
v 1 -15 17
v 2 -15 17
v 2 -14 17
v 3 -15 17
v 3 -14 17
v 4 -15 17
v 4 -14 17
v 5 -15 17
v 6 -15 17
v 0 -16 17
v 1 -16 17
v 24 21 18
v 24 22 18
v 24 22 17
v 25 22 17
v 25 22 18
v 25 21 18
v 20 20 18
v 20 21 18
v 20 21 17
v 21 21 18
v 21 20 18
v 22 21 18
v 23 21 18
v 26 21 18
v 27 21 18
v 28 21 18
v 29 21 17
v 29 21 18
v 29 20 18
v 28 20 18
v 19 19 17
v 19 19 18
v 19 20 18
v 19 20 17
v 20 19 18
v 30 19 17
v 30 20 17
v 30 20 18
v 30 19 18
v 29 19 18
v 20 18 17
v 20 18 18
v 21 18 18
v 21 19 18
v 22 18 18
v 23 18 18
v 24 18 18
v 26 18 18
v 25 18 18
v 27 18 18
v 28 18 18
v 29 18 17
v 29 18 18
v 28 19 18
v 24 17 17
v 24 17 18
v 25 17 17
v 25 17 18
v -27 16 17
v -27 16 18
v -27 17 18
v -27 17 17
v -26 17 18
v -26 17 17
v -26 16 17
v -25 17 18
v -25 17 17
v -24 17 18
v -24 17 17
v -23 17 18
v -23 17 17
v -23 16 17
v -22 16 17
v -22 17 17
v -22 17 18
v -22 16 18
v -28 15 17
v -28 15 18
v -28 16 18
v -28 16 17
v -27 15 17
v -27 15 18
v -26 15 17
v -23 15 17
v -22 15 17
v -21 15 17
v -21 16 17
v -21 16 18
v -21 15 18
v -22 15 18
v -27 14 17
v -27 14 18
v -26 14 17
v -26 14 18
v -25 14 17
v -25 14 18
v -24 14 17
v -24 14 18
v -23 14 17
v -23 14 18
v -22 14 17
v -22 14 18
v -1 6 18
v -1 7 18
v 0 7 18
v 0 6 18
v -2 5 18
v -2 6 18
v -1 5 18
v 0 5 18
v 1 6 18
v 1 5 18
v -3 4 18
v -3 5 18
v -2 4 18
v 1 4 18
v 2 5 18
v 2 4 18
v -4 2 18
v -4 3 18
v -3 3 18
v -3 2 18
v 2 2 18
v 2 3 18
v 3 3 18
v 3 2 18
v 12 2 18
v 12 3 18
v 13 3 18
v 13 2 18
v -5 1 18
v -5 2 18
v -4 1 18
v -3 1 18
v 3 1 18
v 4 2 18
v 4 1 18
v 11 1 18
v 11 2 18
v 12 1 18
v 13 1 18
v 14 2 18
v 14 1 18
v -4 0 18
v -3 0 18
v 3 0 18
v 5 1 18
v 5 0 18
v 4 0 18
v 10 0 18
v 10 1 18
v 11 0 18
v 12 0 18
v 13 0 18
v 14 0 18
v 15 1 18
v 15 0 18
v -4 -1 18
v -3 -1 18
v 3 -1 18
v 4 -1 18
v 10 -1 18
v 11 -1 18
v 15 -1 18
v 14 -1 18
v -4 -2 18
v -3 -2 18
v 3 -2 18
v 4 -2 18
v 9 -2 18
v 9 -1 18
v 10 -2 18
v 11 -2 18
v 12 -2 18
v 13 -2 18
v 14 -2 18
v 15 -2 18
v 16 -1 18
v 16 -2 18
v -4 -3 18
v -3 -3 18
v 3 -3 18
v 4 -3 18
v -4 -4 18
v -2 -3 18
v -1 -3 18
v 0 -3 18
v 1 -3 18
v 2 -3 18
v 4 -4 18
v -16 -5 18
v -16 -4 18
v -15 -4 18
v -15 -5 18
v -14 -4 18
v -14 -5 18
v -13 -4 18
v -12 -4 18
v -11 -4 18
v -10 -4 18
v -9 -4 18
v -8 -4 18
v -7 -4 18
v -6 -4 18
v -5 -4 18
v 5 -4 18
v 6 -4 18
v 7 -4 18
v 8 -4 18
v 9 -4 18
v 10 -4 18
v 11 -4 18
v 12 -4 18
v 13 -4 18
v 14 -4 18
v 15 -4 18
v 16 -4 18
v 15 -5 18
v 16 -5 18
v 17 -4 18
v 17 -5 18
v -16 -6 18
v -15 -6 18
v -14 -6 18
v -11 -6 18
v -12 -6 18
v -10 -6 18
v -9 -6 18
v -8 -6 18
v -7 -6 18
v -6 -6 18
v -5 -6 18
v -4 -6 18
v -3 -6 18
v -2 -6 18
v -1 -6 18
v 0 -6 18
v 1 -6 18
v 2 -6 18
v 3 -6 18
v 4 -6 18
v 5 -6 18
v 6 -6 18
v 7 -6 18
v 8 -6 18
v 9 -6 18
v 10 -6 18
v 11 -6 18
v 12 -6 18
v 13 -6 18
v 15 -6 18
v 16 -6 18
v 17 -6 18
v -15 -7 18
v -14 -7 18
v -13 -7 18
v -13 -6 18
v -12 -7 17
v -12 -7 18
v 13 -7 17
v 13 -7 18
v 14 -7 18
v 15 -7 18
v 14 -6 18
v 16 -7 18
v -14 -8 18
v -13 -8 18
v -12 -8 18
v -11 -7 17
v -11 -7 18
v -11 -8 18
v 12 -8 18
v 12 -7 18
v 12 -7 17
v 14 -8 18
v 13 -8 18
v 15 -8 18
v -12 -9 18
v -11 -9 18
v -10 -8 17
v -10 -8 18
v -10 -9 18
v 11 -9 18
v 11 -8 18
v 11 -8 17
v 13 -9 18
v 12 -9 18
v -11 -10 18
v -10 -10 18
v -9 -9 18
v -9 -9 17
v -9 -10 18
v -8 -10 17
v -8 -9 17
v -8 -9 18
v -8 -10 18
v 9 -10 17
v 9 -10 18
v 9 -9 18
v 9 -9 17
v 10 -9 18
v 10 -9 17
v 10 -10 18
v 11 -10 18
v 12 -10 18
v -10 -11 18
v -9 -11 18
v -8 -11 18
v -7 -10 18
v -7 -10 17
v -6 -11 17
v -6 -10 17
v -6 -10 18
v -6 -11 18
v 7 -11 17
v 7 -11 18
v 7 -10 18
v 7 -10 17
v 8 -10 18
v 8 -10 17
v 10 -11 18
v 9 -11 18
v 11 -11 18
v -8 -12 18
v -7 -12 18
v -7 -11 18
v -6 -12 18
v -5 -11 18
v -5 -11 17
v -4 -12 17
v -4 -11 17
v -4 -11 18
v -4 -12 18
v 5 -12 17
v 5 -12 18
v 5 -11 18
v 5 -11 17
v 6 -11 18
v 6 -11 17
v 8 -12 18
v 7 -12 18
v 8 -11 18
v 9 -12 18
v -6 -13 18
v -5 -13 18
v -5 -12 18
v -4 -13 18
v -3 -12 18
v -3 -12 17
v -3 -13 18
v -2 -12 18
v -2 -12 17
v -1 -12 18
v -1 -12 17
v 0 -12 18
v 0 -12 17
v 1 -12 18
v 1 -12 17
v 2 -12 18
v 2 -12 17
v 3 -12 18
v 3 -12 17
v 4 -12 18
v 4 -12 17
v 4 -13 18
v 5 -13 18
v 6 -13 18
v 6 -12 18
v 7 -13 18
v -4 -14 18
v -3 -14 18
v -2 -14 18
v -2 -13 18
v -1 -14 18
v -1 -13 18
v 0 -14 18
v 0 -13 18
v 1 -14 18
v 1 -13 18
v 2 -14 18
v 2 -13 18
v 3 -14 18
v 3 -13 18
v 4 -14 18
v 5 -14 18
v 21 20 19
v 21 21 19
v 22 21 19
v 22 20 19
v 23 21 19
v 24 21 19
v 25 21 19
v 26 21 19
v 27 21 19
v 28 21 19
v 28 20 19
v 27 20 19
v 20 19 19
v 20 20 19
v 21 19 19
v 29 20 19
v 29 19 19
v 28 19 19
v 21 18 19
v 22 18 19
v 22 19 19
v 23 18 19
v 24 18 19
v 25 18 19
v 26 18 19
v 27 18 19
v 28 18 19
v 27 19 19
v -28 16 19
v -28 17 19
v -28 17 18
v -27 17 19
v -26 17 19
v -25 17 19
v -24 17 19
v -23 17 19
v -22 17 19
v -21 17 18
v -21 17 19
v -21 16 19
v -29 15 18
v -29 15 19
v -29 16 19
v -29 16 18
v -28 15 19
v -20 15 18
v -20 16 18
v -20 16 19
v -20 15 19
v -21 15 19
v -28 14 18
v -28 14 19
v -27 14 19
v -26 14 19
v -25 14 19
v -24 14 19
v -23 14 19
v -22 14 19
v -21 14 18
v -21 14 19
v -1 6 19
v -1 7 19
v 0 7 19
v 0 6 19
v -2 5 19
v -2 6 19
v -1 5 19
v 0 5 19
v 1 6 19
v 1 5 19
v -3 4 19
v -3 5 19
v -1 4 18
v -2 4 19
v -1 4 19
v 0 4 18
v 0 4 19
v 1 4 19
v 2 5 19
v 2 4 19
v -3 3 19
v -2 3 18
v -2 3 19
v -1 3 18
v -1 3 19
v 0 3 18
v 0 3 19
v 1 3 18
v 1 3 19
v 2 3 19
v -4 2 19
v -4 3 19
v -2 2 18
v -3 2 19
v -2 2 19
v -1 2 18
v -1 2 19
v 0 2 18
v 0 2 19
v 1 2 18
v 1 2 19
v 2 2 19
v 3 3 19
v 3 2 19
v -5 1 19
v -5 2 19
v -4 1 19
v -3 1 19
v -2 1 18
v -2 1 19
v -1 1 18
v -1 1 19
v 0 1 18
v 0 1 19
v 1 1 18
v 1 1 19
v 2 1 18
v 2 1 19
v 3 1 19
v 4 2 19
v 4 1 19
v -4 0 19
v -3 0 19
v -2 0 18
v -2 0 19
v 1 0 18
v 1 0 19
v 2 0 18
v 2 0 19
v 3 0 19
v 4 0 19
v 5 1 19
v 5 0 19
v 12 0 19
v 12 1 19
v 13 1 19
v 13 0 19
v -4 -1 19
v -3 -1 19
v -2 -1 18
v -2 -1 19
v 1 -1 18
v 1 -1 19
v 2 -1 18
v 2 -1 19
v 3 -1 19
v 4 -1 19
v 11 -1 19
v 11 0 19
v 12 -1 19
v 13 -1 19
v 14 0 19
v 14 -1 19
v -4 -2 19
v -3 -2 19
v -2 -2 18
v -2 -2 19
v 1 -2 18
v 1 -2 19
v 2 -2 18
v 2 -2 19
v 3 -2 19
v 4 -2 19
v 10 -2 19
v 10 -1 19
v 11 -2 19
v 12 -2 19
v 13 -2 19
v 14 -2 19
v 15 -1 19
v 15 -2 19
v -4 -3 19
v -3 -3 19
v -2 -3 19
v 1 -3 19
v 2 -3 19
v 3 -3 19
v 4 -3 19
v -4 -4 19
v -3 -4 19
v -2 -4 19
v -1 -3 19
v -1 -4 19
v 0 -3 19
v 0 -4 19
v 1 -4 19
v 2 -4 19
v 3 -4 19
v 4 -4 19
v -14 -5 19
v -14 -4 19
v -13 -4 19
v -13 -5 19
v -12 -4 19
v -11 -4 19
v -10 -4 19
v -9 -4 19
v -8 -4 19
v -7 -4 19
v -6 -4 19
v -5 -4 19
v 5 -4 19
v 6 -4 19
v 7 -4 19
v 8 -4 19
v 9 -4 19
v 10 -4 19
v 11 -4 19
v 12 -4 19
v 13 -4 19
v 14 -4 19
v 15 -4 19
v 15 -5 19
v 14 -5 19
v -14 -6 19
v -13 -6 19
v -10 -6 19
v -11 -6 19
v -9 -6 19
v -8 -6 19
v -7 -6 19
v -6 -6 19
v -5 -6 19
v -4 -6 19
v -3 -6 19
v -2 -6 19
v -1 -6 19
v 0 -6 19
v 1 -6 19
v 2 -6 19
v 3 -6 19
v 4 -6 19
v 5 -6 19
v 6 -6 19
v 7 -6 19
v 8 -6 19
v 9 -6 19
v 10 -6 19
v 11 -6 19
v 12 -6 19
v 15 -6 19
v 14 -6 19
v -13 -7 19
v -12 -7 19
v -12 -6 19
v -11 -7 19
v 12 -7 19
v 14 -7 19
v 13 -7 19
v 13 -6 19
v -12 -8 19
v -11 -8 19
v -10 -7 19
v -10 -7 18
v -10 -8 19
v -9 -8 18
v -9 -7 18
v -9 -7 19
v -9 -8 19
v 10 -8 18
v 10 -8 19
v 10 -7 19
v 10 -7 18
v 11 -7 19
v 11 -7 18
v 11 -8 19
v 12 -8 19
v 13 -8 19
v -11 -9 19
v -10 -9 19
v -9 -9 19
v -8 -8 18
v -8 -8 19
v -8 -9 19
v 9 -9 19
v 9 -8 19
v 9 -8 18
v 11 -9 19
v 10 -9 19
v 12 -9 19
v -9 -10 19
v -8 -10 19
v -7 -9 19
v -7 -9 18
v -7 -10 19
v -6 -9 18
v -6 -9 19
v -6 -10 19
v 7 -10 19
v 7 -9 19
v 7 -9 18
v 8 -9 19
v 8 -9 18
v 8 -10 19
v 9 -10 19
v 10 -10 19
v -8 -11 19
v -7 -11 19
v -6 -11 19
v -5 -10 19
v -5 -10 18
v -5 -11 19
v -4 -10 19
v -4 -10 18
v -3 -11 18
v -3 -10 18
v -3 -10 19
v -3 -11 19
v 4 -11 18
v 4 -11 19
v 4 -10 19
v 4 -10 18
v 5 -10 19
v 5 -10 18
v 6 -10 19
v 6 -10 18
v 6 -11 19
v 7 -11 19
v 8 -11 19
v 9 -11 19
v -6 -12 19
v -5 -12 19
v -4 -12 19
v -4 -11 19
v -3 -12 19
v -2 -11 19
v -2 -11 18
v -2 -12 19
v -1 -11 19
v -1 -11 18
v -1 -12 19
v 0 -11 19
v 0 -11 18
v 0 -12 19
v 1 -11 19
v 1 -11 18
v 2 -11 19
v 2 -11 18
v 1 -12 19
v 2 -12 19
v 3 -11 19
v 3 -11 18
v 3 -12 19
v 4 -12 19
v 5 -12 19
v 5 -11 19
v 6 -12 19
v 7 -12 19
v -3 -13 19
v -2 -13 19
v -1 -13 19
v 0 -13 19
v 1 -13 19
v 2 -13 19
v 3 -13 19
v 4 -13 19
v 22 20 20
v 22 21 20
v 23 21 20
v 23 20 20
v 24 21 20
v 24 20 20
v 25 21 20
v 25 20 20
v 26 21 20
v 26 20 20
v 27 21 20
v 27 20 20
v 21 19 20
v 21 20 20
v 22 19 20
v 23 19 20
v 24 19 20
v 25 19 20
v 26 19 20
v 27 19 20
v 28 20 20
v 28 19 20
v 22 18 20
v 23 18 20
v 24 18 20
v 25 18 20
v 26 18 20
v 27 18 20
v -25 17 20
v -25 18 20
v -25 18 19
v -24 18 19
v -24 18 20
v -24 17 20
v -29 16 20
v -29 17 20
v -29 17 19
v -28 17 20
v -28 16 20
v -27 17 20
v -26 17 20
v -23 17 20
v -22 17 20
v -21 17 20
v -20 17 19
v -20 17 20
v -20 16 20
v -21 16 20
v -30 15 19
v -30 15 20
v -30 16 20
v -30 16 19
v -29 15 20
v -19 15 19
v -19 16 19
v -19 16 20
v -19 15 20
v -20 15 20
v -29 14 19
v -29 14 20
v -28 14 20
v -28 15 20
v -27 14 20
v -26 14 20
v -25 14 20
v -23 14 20
v -24 14 20
v -22 14 20
v -21 14 20
v -20 14 19
v -20 14 20
v -21 15 20
v -25 13 19
v -25 13 20
v -24 13 19
v -24 13 20
v -1 6 20
v -1 7 20
v 0 7 20
v 0 6 20
v -2 5 20
v -2 6 20
v -1 5 20
v 0 5 20
v 1 6 20
v 1 5 20
v -3 4 20
v -3 5 20
v -2 4 20
v 1 4 20
v 2 5 20
v 2 4 20
v -4 2 20
v -4 3 20
v -3 3 20
v -3 2 20
v 2 2 20
v 2 3 20
v 3 3 20
v 3 2 20
v -5 1 20
v -5 2 20
v -4 1 20
v 3 1 20
v 4 2 20
v 4 1 20
v 4 0 20
v 5 1 20
v 5 0 20
v 12 -2 20
v 12 -1 20
v 13 -1 20
v 13 -2 20
v -13 -5 20
v -13 -4 20
v -12 -4 20
v -12 -5 20
v -11 -4 20
v -11 -5 20
v -10 -4 20
v -9 -4 20
v -8 -4 20
v -7 -4 20
v -6 -4 20
v -5 -4 20
v -4 -4 20
v -3 -4 20
v -2 -4 20
v -1 -4 20
v 0 -4 20
v 1 -4 20
v 2 -4 20
v 3 -4 20
v 4 -4 20
v 5 -4 20
v 6 -4 20
v 7 -4 20
v 8 -4 20
v 9 -4 20
v 10 -4 20
v 11 -4 20
v 12 -4 20
v 13 -4 20
v 12 -5 20
v 13 -5 20
v 14 -4 20
v 14 -5 20
v -13 -6 20
v -12 -6 20
v -11 -6 20
v -8 -6 20
v -9 -6 20
v -7 -6 20
v -6 -6 20
v -5 -6 20
v -4 -6 20
v -3 -6 20
v -2 -6 20
v -1 -6 20
v 0 -6 20
v 1 -6 20
v 2 -6 20
v 3 -6 20
v 4 -6 20
v 5 -6 20
v 6 -6 20
v 7 -6 20
v 8 -6 20
v 9 -6 20
v 10 -6 20
v 12 -6 20
v 13 -6 20
v 14 -6 20
v -12 -7 20
v -11 -7 20
v -10 -7 20
v -10 -6 20
v -9 -7 20
v 10 -7 20
v 12 -7 20
v 11 -7 20
v 11 -6 20
v 13 -7 20
v -10 -8 20
v -9 -8 20
v -8 -7 20
v -8 -7 19
v -8 -8 20
v -7 -8 19
v -7 -7 19
v -7 -7 20
v -7 -8 20
v 8 -8 19
v 8 -8 20
v 8 -7 20
v 8 -7 19
v 9 -7 20
v 9 -7 19
v 9 -8 20
v 10 -8 20
v 11 -8 20
v -9 -9 20
v -8 -9 20
v -7 -9 20
v -6 -8 20
v -6 -8 19
v -6 -9 20
v -5 -9 19
v -5 -8 19
v -5 -8 20
v -5 -9 20
v 6 -9 19
v 6 -9 20
v 6 -8 20
v 6 -8 19
v 7 -8 20
v 7 -8 19
v 7 -9 20
v 8 -9 20
v 9 -9 20
v 10 -9 20
v -7 -10 20
v -6 -10 20
v -5 -10 20
v -4 -9 20
v -4 -9 19
v -4 -10 20
v -3 -9 20
v -3 -9 19
v -2 -9 20
v -2 -9 19
v -2 -10 19
v -1 -9 20
v -1 -9 19
v -1 -10 19
v 0 -10 19
v 0 -9 19
v 0 -9 20
v 0 -10 20
v 1 -10 19
v 1 -10 20
v 1 -9 20
v 1 -9 19
v 2 -9 20
v 2 -9 19
v 2 -10 19
v 3 -9 20
v 3 -9 19
v 3 -10 19
v 4 -9 20
v 4 -9 19
v 5 -9 20
v 5 -9 19
v 5 -10 20
v 6 -10 20
v 7 -10 20
v 8 -10 20
v -5 -11 20
v -4 -11 20
v -3 -11 20
v -3 -10 20
v -2 -11 20
v -2 -10 20
v -1 -11 20
v -1 -10 20
v 0 -11 20
v 1 -11 20
v 2 -11 20
v 2 -10 20
v 3 -11 20
v 3 -10 20
v 4 -11 20
v 4 -10 20
v 5 -11 20
v 6 -11 20
v 0 -12 20
v 1 -12 20
v 24 19 21
v 24 20 21
v 25 20 21
v 25 19 21
v -28 16 21
v -28 17 21
v -27 17 21
v -27 16 21
v -26 17 21
v -25 17 21
v -24 17 21
v -23 17 21
v -22 17 21
v -21 17 21
v -21 16 21
v -22 16 21
v -29 15 21
v -29 16 21
v -28 15 21
v -20 16 21
v -20 15 21
v -21 15 21
v -28 14 21
v -27 14 21
v -27 15 21
v -26 14 21
v -25 14 21
v -24 14 21
v -23 14 21
v -22 14 21
v -21 14 21
v -22 15 21
v -11 -5 21
v -11 -4 21
v -10 -4 21
v -10 -5 21
v -9 -4 21
v -9 -5 21
v -8 -4 21
v -7 -4 21
v -6 -4 21
v -5 -4 21
v -4 -4 21
v -3 -4 21
v -2 -4 21
v -1 -4 21
v 0 -4 21
v 1 -4 21
v 2 -4 21
v 3 -4 21
v 4 -4 21
v 5 -4 21
v 6 -4 21
v 7 -4 21
v 8 -4 21
v 9 -4 21
v 10 -4 21
v 11 -4 21
v 10 -5 21
v 11 -5 21
v 12 -4 21
v 12 -5 21
v -11 -6 21
v -10 -6 21
v -9 -6 21
v -5 -6 21
v -6 -6 21
v -4 -6 21
v -3 -6 21
v -2 -6 21
v -1 -6 21
v 0 -6 21
v 1 -6 21
v 2 -6 21
v 3 -6 21
v 4 -6 21
v 5 -6 21
v 6 -6 21
v 7 -6 21
v 10 -6 21
v 11 -6 21
v 12 -6 21
v -10 -7 21
v -9 -7 21
v -8 -7 21
v -8 -6 21
v -6 -7 20
v -6 -7 21
v 7 -7 20
v 7 -7 21
v 10 -7 21
v 9 -7 21
v 9 -6 21
v 11 -7 21
v -8 -8 21
v -7 -8 21
v -7 -7 21
v -6 -8 21
v -5 -7 21
v -5 -7 20
v -5 -8 21
v -4 -8 20
v -4 -7 20
v -4 -7 21
v -4 -8 21
v 5 -8 20
v 5 -8 21
v 5 -7 21
v 5 -7 20
v 6 -7 21
v 6 -7 20
v 6 -8 21
v 7 -8 21
v 8 -8 21
v 8 -7 21
v 9 -8 21
v -6 -9 21
v -5 -9 21
v -4 -9 21
v -3 -8 21
v -3 -8 20
v -3 -9 21
v -2 -8 21
v -2 -8 20
v -2 -9 21
v -1 -8 21
v -1 -8 20
v -1 -9 21
v 0 -8 21
v 0 -8 20
v 1 -8 21
v 1 -8 20
v 2 -8 21
v 2 -8 20
v 3 -8 21
v 3 -8 20
v 2 -9 21
v 3 -9 21
v 4 -8 21
v 4 -8 20
v 4 -9 21
v 5 -9 21
v 6 -9 21
v 7 -9 21
v -4 -10 21
v -3 -10 21
v -2 -10 21
v -1 -10 21
v 0 -10 21
v 0 -9 21
v 1 -10 21
v 1 -9 21
v 2 -10 21
v 3 -10 21
v 4 -10 21
v 5 -10 21
v -27 16 22
v -27 17 22
v -26 17 22
v -26 16 22
v -25 17 22
v -25 16 22
v -24 17 22
v -24 16 22
v -23 17 22
v -23 16 22
v -22 17 22
v -22 16 22
v -28 15 22
v -28 16 22
v -27 15 22
v -26 15 22
v -25 15 22
v -24 15 22
v -23 15 22
v -22 15 22
v -21 16 22
v -21 15 22
v -27 14 22
v -26 14 22
v -25 14 22
v -24 14 22
v -23 14 22
v -22 14 22
v -9 -5 22
v -9 -4 22
v -8 -4 22
v -8 -5 22
v -7 -4 22
v -7 -5 22
v -6 -4 22
v -5 -4 22
v -4 -4 22
v -3 -4 22
v -2 -4 22
v -1 -4 22
v 0 -4 22
v 1 -4 22
v 2 -4 22
v 3 -4 22
v 4 -4 22
v 5 -4 22
v 6 -4 22
v 7 -4 22
v 8 -4 22
v 9 -4 22
v 8 -5 22
v 9 -5 22
v 10 -4 22
v 10 -5 22
v -9 -6 22
v -8 -6 22
v -7 -6 22
v 8 -6 22
v 9 -6 22
v 10 -6 22
v -8 -7 22
v -7 -7 22
v -6 -7 22
v -6 -6 22
v -5 -7 22
v -5 -6 22
v -4 -7 22
v -4 -6 22
v -3 -7 21
v -2 -7 21
v -1 -7 21
v 0 -7 21
v 1 -7 21
v 2 -7 21
v 3 -7 21
v 4 -7 21
v 5 -7 22
v 6 -7 22
v 6 -6 22
v 5 -6 22
v 7 -7 22
v 7 -6 22
v 8 -7 22
v 9 -7 22
v -5 -8 22
v -4 -8 22
v -3 -8 22
v -3 -7 22
v -2 -8 22
v -2 -7 22
v -1 -8 22
v -1 -7 22
v 0 -8 22
v 0 -7 22
v 1 -8 22
v 1 -7 22
v 2 -8 22
v 2 -7 22
v 3 -8 22
v 3 -7 22
v 4 -8 22
v 4 -7 22
v 5 -8 22
v 6 -8 22
v -1 -9 22
v 0 -9 22
v 1 -9 22
v 2 -9 22
v -25 15 23
v -25 16 23
v -24 16 23
v -24 15 23
v -7 -5 23
v -7 -4 23
v -6 -4 23
v -6 -5 23
v -5 -4 23
v -5 -5 23
v -4 -4 23
v -4 -5 23
v -3 -4 23
v -3 -5 23
v -2 -4 23
v -2 -5 23
v -1 -4 23
v -1 -5 23
v 0 -4 23
v 0 -5 23
v 1 -4 23
v 2 -4 23
v 1 -5 23
v 2 -5 23
v 3 -4 23
v 3 -5 23
v 4 -4 23
v 4 -5 23
v 5 -4 23
v 5 -5 23
v 6 -4 23
v 6 -5 23
v 7 -4 23
v 7 -5 23
v 8 -4 23
v 8 -5 23
v -7 -6 23
v -6 -6 23
v -5 -6 23
v -4 -6 23
v -3 -6 23
v -2 -6 23
v -1 -6 23
v 0 -6 23
v 1 -6 23
v 2 -6 23
v 3 -6 23
v 4 -6 23
v 5 -6 23
v 6 -6 23
v 7 -6 23
v 8 -6 23
v -4 -7 23
v -3 -7 23
v -2 -7 23
v -1 -7 23
v 0 -7 23
v 1 -7 23
v 2 -7 23
v 3 -7 23
v 4 -7 23
v 5 -7 23
v 0 -5 24
v 0 -4 24
v 1 -4 24
v 1 -5 24
v 0 -6 24
v 1 -6 24
vn -1 0 0
vn 1 0 0
vn 0 -1 0
vn 0 1 0
vn 0 0 -1
vn 0 0 1
s off
g glyph_35
f 1287//1 1288//1 1289//1 1290//1
f 1291//2 1292//2 1293//2 1294//2
f 1290//4 1289//4 1293//4 1292//4
f 1287//5 1290//5 1292//5 1291//5
f 1295//1 1296//1 1297//1 1298//1
f 1299//2 1300//2 1301//2 1302//2
f 1298//4 1297//4 1301//4 1300//4
f 1295//5 1298//5 1300//5 1299//5
f 1303//1 1304//1 1288//1 1287//1
f 1305//2 1291//2 1294//2 1306//2
f 1303//5 1287//5 1291//5 1305//5
f 1304//6 1306//6 1294//6 1288//6
f 1307//1 1308//1 1296//1 1295//1
f 1309//2 1299//2 1302//2 1310//2
f 1307//5 1295//5 1299//5 1309//5
f 1308//6 1310//6 1302//6 1296//6
f 1105//1 1357//1 1304//1 1303//1
f 1106//2 1305//2 1306//2 1358//2
f 1105//5 1303//5 1305//5 1106//5
f 1357//6 1358//6 1306//6 1304//6
f 1359//1 1360//1 1308//1 1307//1
f 1361//2 1309//2 1310//2 1362//2
f 1359//3 1361//3 1362//3 1360//3
f 1359//5 1307//5 1309//5 1361//5
f 1360//6 1362//6 1310//6 1308//6
f 1413//1 1414//1 1415//1 1416//1
f 1417//2 1418//2 1419//2 1420//2
f 1416//4 1415//4 1419//4 1418//4
f 1413//5 1416//5 1418//5 1417//5
f 1414//6 1420//6 1419//6 1415//6
f 1421//1 1422//1 1423//1 1424//1
f 1425//2 1426//2 1427//2 1428//2
f 1424//4 1423//4 1427//4 1426//4
f 1421//5 1424//5 1426//5 1425//5
f 1422//6 1428//6 1427//6 1423//6
f 1437//1 1438//1 1414//1 1413//1
f 1439//2 1417//2 1420//2 1440//2
f 1437//5 1413//5 1417//5 1439//5
f 1438//6 1440//6 1420//6 1414//6
f 1441//1 1442//1 1422//1 1421//1
f 1443//2 1425//2 1428//2 1444//2
f 1441//5 1421//5 1425//5 1443//5
f 1442//6 1444//6 1428//6 1422//6
f 1148//1 1457//1 1438//1 1437//1
f 1149//2 1439//2 1440//2 1458//2
f 1148//5 1437//5 1439//5 1149//5
f 1457//6 1458//6 1440//6 1438//6
f 1152//1 1459//1 1442//1 1441//1
f 1153//2 1443//2 1444//2 1460//2
f 1152//5 1441//5 1443//5 1153//5
f 1459//6 1460//6 1444//6 1442//6
f 1656//1 1957//1 1909//1 1612//1
f 1658//2 1911//2 1914//2 1958//2
f 1656//5 1612//5 1911//5 1658//5
f 1957//6 1958//6 1914//6 1909//6
f 1959//1 1960//1 1917//1 1615//1
f 1961//2 1919//2 1922//2 1962//2
f 1959//5 1615//5 1919//5 1961//5
f 1960//6 1962//6 1922//6 1917//6
f 1657//1 1985//1 1957//1 1656//1
f 1660//2 1658//2 1958//2 1986//2
f 1985//6 1986//6 1958//6 1957//6
f 1987//1 1988//1 1960//1 1959//1
f 1989//2 1961//2 1962//2 1990//2
f 1987//3 1989//3 1990//3 1988//3
f 1987//5 1959//5 1961//5 1989//5
f 1988//6 1990//6 1962//6 1960//6
f 2065//1 2066//1 2016//1 2015//1
f 2067//2 1706//2 2020//2 2068//2
f 2065//5 2015//5 1706//5 2067//5
f 2066//6 2068//6 2020//6 2016//6
f 2069//1 2070//1 2026//1 2025//1
f 2071//2 1712//2 2030//2 2072//2
f 2069//5 2025//5 1712//5 2071//5
f 2070//6 2072//6 2030//6 2026//6
f 2115//1 2116//1 2066//1 2065//1
f 2117//2 2067//2 2068//2 2118//2
f 2115//5 2065//5 2067//5 2117//5
f 2116//6 2118//6 2068//6 2066//6
f 1782//1 2119//1 2070//1 2069//1
f 1783//2 2071//2 2072//2 2120//2
f 1782//3 1783//3 2120//3 2119//3
f 1782//5 2069//5 2071//5 1783//5
f 2119//6 2120//6 2072//6 2070//6
f 2729//1 2730//1 2731//1 2732//1
f 2732//4 2731//4 2733//4 2376//4
f 2729//5 2732//5 2376//5 2375//5
f 2737//1 2738//1 2739//1 2740//1
f 2740//4 2739//4 2741//4 2384//4
f 2737//5 2740//5 2384//5 2383//5
f 2771//1 2772//1 2730//1 2729//1
f 2773//2 2375//2 2736//2 2774//2
f 2771//5 2729//5 2375//5 2773//5
f 2772//6 2774//6 2736//6 2730//6
f 2775//1 2776//1 2738//1 2737//1
f 2777//2 2383//2 2744//2 2778//2
f 2775//5 2737//5 2383//5 2777//5
f 2776//6 2778//6 2744//6 2738//6
f 2808//1 2809//1 2772//1 2771//1
f 2810//2 2773//2 2774//2 2811//2
f 2808//3 2810//3 2811//3 2809//3
f 2808//5 2771//5 2773//5 2810//5
f 2809//6 2811//6 2774//6 2772//6
f 2496//1 2812//1 2776//1 2775//1
f 2498//2 2777//2 2778//2 2813//2
f 2496//5 2775//5 2777//5 2498//5
f 2812//6 2813//6 2778//6 2776//6
f 3012//2 3013//2 3014//2 3015//2
f 2645//4 3011//4 3014//4 3013//4
f 2646//5 2645//5 3013//5 3012//5
f 2651//4 3019//4 3020//4 3021//4
f 2652//5 2651//5 3021//5 3022//5
f 3063//1 3064//1 3010//1 2646//1
f 3065//2 3012//2 3015//2 3066//2
f 3063//5 2646//5 3012//5 3065//5
f 3064//6 3066//6 3015//6 3010//6
f 3067//1 3068//1 3018//1 2652//1
f 3067//5 2652//5 3022//5 3069//5
f 2746//1 3102//1 3064//1 3063//1
f 2748//2 3065//2 3066//2 3103//2
f 2746//5 3063//5 3065//5 2748//5
f 3102//6 3103//6 3066//6 3064//6
f 3104//1 3105//1 3068//1 3067//1
f 3106//2 3069//2 3072//2 3107//2
f 3104//3 3106//3 3107//3 3105//3
f 3104//5 3067//5 3069//5 3106//5
f 3105//6 3107//6 3072//6 3068//6
f 3337//1 3338//1 3330//1 2995//1
f 3337//5 2995//5 2996//5 3339//5
f 3338//6 3340//6 3341//6 3330//6
f 3339//5 2996//5 2997//5 3342//5
f 3340//6 3343//6 3344//6 3341//6
f 3345//2 2999//2 3332//2 3346//2
f 3342//5 2997//5 2999//5 3345//5
f 3343//6 3346//6 3332//6 3344//6
f 3347//1 3348//1 3338//1 3337//1
f 3347//5 3337//5 3339//5 3349//5
f 3348//6 3350//6 3340//6 3338//6
f 3349//5 3339//5 3342//5 3351//5
f 3350//6 3352//6 3343//6 3340//6
f 3353//2 3345//2 3346//2 3354//2
f 3351//5 3342//5 3345//5 3353//5
f 3352//6 3354//6 3346//6 3343//6
f 3355//1 3356//1 3348//1 3347//1
f 3355//5 3347//5 3349//5 3357//5
f 3356//6 3358//6 3350//6 3348//6
f 3357//5 3349//5 3351//5 3359//5
f 3358//6 3360//6 3352//6 3350//6
f 3361//2 3353//2 3354//2 3362//2
f 3359//5 3351//5 3353//5 3361//5
f 3360//6 3362//6 3354//6 3352//6
f 3363//1 3364//1 3356//1 3355//1
f 3363//5 3355//5 3357//5 3365//5
f 3364//6 3366//6 3358//6 3356//6
f 3365//5 3357//5 3359//5 3367//5
f 3366//6 3368//6 3360//6 3358//6
f 3369//2 3361//2 3362//2 3370//2
f 3367//5 3359//5 3361//5 3369//5
f 3368//6 3370//6 3362//6 3360//6
f 3371//1 3372//1 3364//1 3363//1
f 3371//5 3363//5 3365//5 3373//5
f 3372//6 3374//6 3366//6 3364//6
f 3373//5 3365//5 3367//5 3375//5
f 3374//6 3376//6 3368//6 3366//6
f 3377//2 3369//2 3370//2 3378//2
f 3375//5 3367//5 3369//5 3377//5
f 3376//6 3378//6 3370//6 3368//6
f 3379//1 3380//1 3372//1 3371//1
f 3379//5 3371//5 3373//5 3381//5
f 3380//6 3382//6 3374//6 3372//6
f 3381//5 3373//5 3375//5 3383//5
f 3382//6 3384//6 3376//6 3374//6
f 3385//2 3377//2 3378//2 3386//2
f 3383//5 3375//5 3377//5 3385//5
f 3384//6 3386//6 3378//6 3376//6
f 3387//1 3388//1 3380//1 3379//1
f 3387//5 3379//5 3381//5 3389//5
f 3388//6 3390//6 3382//6 3380//6
f 3389//5 3381//5 3383//5 3391//5
f 3390//6 3392//6 3384//6 3382//6
f 3393//2 3385//2 3386//2 3394//2
f 3391//5 3383//5 3385//5 3393//5
f 3392//6 3394//6 3386//6 3384//6
f 3395//1 3396//1 3388//1 3387//1
f 3395//5 3387//5 3389//5 3397//5
f 3396//6 3398//6 3390//6 3388//6
f 3397//5 3389//5 3391//5 3399//5
f 3398//6 3400//6 3392//6 3390//6
f 3401//2 3393//2 3394//2 3402//2
f 3399//5 3391//5 3393//5 3401//5
f 3400//6 3402//6 3394//6 3392//6
f 3403//1 3404//1 3396//1 3395//1
f 3403//5 3395//5 3397//5 3405//5
f 3404//6 3406//6 3398//6 3396//6
f 3405//5 3397//5 3399//5 3407//5
f 3406//6 3408//6 3400//6 3398//6
f 3409//2 3401//2 3402//2 3410//2
f 3407//5 3399//5 3401//5 3409//5
f 3408//6 3410//6 3402//6 3400//6
f 3411//1 3412//1 3404//1 3403//1
f 3411//5 3403//5 3405//5 3413//5
f 3412//6 3414//6 3406//6 3404//6
f 3413//5 3405//5 3407//5 3415//5
f 3414//6 3416//6 3408//6 3406//6
f 3417//2 3409//2 3410//2 3418//2
f 3415//5 3407//5 3409//5 3417//5
f 3416//6 3418//6 3410//6 3408//6
f 3419//1 3420//1 3412//1 3411//1
f 3419//5 3411//5 3413//5 3421//5
f 3420//6 3422//6 3414//6 3412//6
f 3421//5 3413//5 3415//5 3423//5
f 3422//6 3424//6 3416//6 3414//6
f 3425//2 3417//2 3418//2 3426//2
f 3423//5 3415//5 3417//5 3425//5
f 3424//6 3426//6 3418//6 3416//6
f 3427//1 3428//1 3420//1 3419//1
f 3427//5 3419//5 3421//5 3429//5
f 3428//6 3430//6 3422//6 3420//6
f 3429//5 3421//5 3423//5 3431//5
f 3430//6 3432//6 3424//6 3422//6
f 3433//2 3425//2 3426//2 3434//2
f 3431//5 3423//5 3425//5 3433//5
f 3432//6 3434//6 3426//6 3424//6
f 3435//1 3436//1 3428//1 3427//1
f 3435//5 3427//5 3429//5 3437//5
f 3436//6 3438//6 3430//6 3428//6
f 3437//5 3429//5 3431//5 3439//5
f 3438//6 3440//6 3432//6 3430//6
f 3441//2 3433//2 3434//2 3442//2
f 3439//5 3431//5 3433//5 3441//5
f 3440//6 3442//6 3434//6 3432//6
f 3443//1 3444//1 3436//1 3435//1
f 3443//5 3435//5 3437//5 3445//5
f 3444//6 3446//6 3438//6 3436//6
f 3445//5 3437//5 3439//5 3447//5
f 3446//6 3448//6 3440//6 3438//6
f 3449//2 3441//2 3442//2 3450//2
f 3447//5 3439//5 3441//5 3449//5
f 3448//6 3450//6 3442//6 3440//6
f 3451//1 3452//1 3444//1 3443//1
f 3451//5 3443//5 3445//5 3453//5
f 3452//6 3454//6 3446//6 3444//6
f 3453//5 3445//5 3447//5 3455//5
f 3454//6 3456//6 3448//6 3446//6
f 3457//2 3449//2 3450//2 3458//2
f 3455//5 3447//5 3449//5 3457//5
f 3456//6 3458//6 3450//6 3448//6
f 3459//1 3460//1 3452//1 3451//1
f 3459//5 3451//5 3453//5 3461//5
f 3460//6 3462//6 3454//6 3452//6
f 3461//5 3453//5 3455//5 3463//5
f 3462//6 3464//6 3456//6 3454//6
f 3465//2 3457//2 3458//2 3466//2
f 3463//5 3455//5 3457//5 3465//5
f 3464//6 3466//6 3458//6 3456//6
f 3467//1 3468//1 3460//1 3459//1
f 3467//5 3459//5 3461//5 3469//5
f 3468//6 3470//6 3462//6 3460//6
f 3469//5 3461//5 3463//5 3471//5
f 3470//6 3472//6 3464//6 3462//6
f 3473//2 3465//2 3466//2 3474//2
f 3471//5 3463//5 3465//5 3473//5
f 3472//6 3474//6 3466//6 3464//6
f 3005//1 3475//1 3468//1 3467//1
f 3005//5 3467//5 3469//5 3006//5
f 3475//6 3476//6 3470//6 3468//6
f 3006//5 3469//5 3471//5 3477//5
f 3476//6 3478//6 3472//6 3470//6
f 3479//2 3473//2 3474//2 3480//2
f 3477//5 3471//5 3473//5 3479//5
f 3478//6 3480//6 3474//6 3472//6
f 3007//5 3006//5 3477//5 3482//5
f 3483//6 3484//6 3478//6 3476//6
f 3485//2 3479//2 3480//2 3486//2
f 3482//5 3477//5 3479//5 3485//5
f 3484//6 3486//6 3480//6 3478//6
f 3487//1 3488//1 3481//1 3004//1
f 3487//3 3489//3 3490//3 3488//3
f 3487//5 3004//5 3007//5 3489//5
f 3488//6 3490//6 3483//6 3481//6
f 3489//3 3491//3 3492//3 3490//3
f 3489//5 3007//5 3482//5 3491//5
f 3490//6 3492//6 3484//6 3483//6
f 3493//2 3485//2 3486//2 3494//2
f 3491//3 3493//3 3494//3 3492//3
f 3491//5 3482//5 3485//5 3493//5
f 3492//6 3494//6 3486//6 3484//6
f 3809//1 3810//1 3802//1 3329//1
f 3338//2 3330//2 3804//2 3811//2
f 3809//5 3329//5 3330//5 3338//5
f 3346//1 3812//1 3806//1 3332//1
f 3813//2 3331//2 3808//2 3814//2
f 3346//5 3332//5 3331//5 3813//5
f 3815//1 3816//1 3810//1 3809//1
f 3348//2 3338//2 3811//2 3817//2
f 3815//5 3809//5 3338//5 3348//5
f 3354//1 3818//1 3812//1 3346//1
f 3819//2 3813//2 3814//2 3820//2
f 3354//5 3346//5 3813//5 3819//5
f 3821//1 3822//1 3816//1 3815//1
f 3356//2 3348//2 3817//2 3823//2
f 3821//5 3815//5 3348//5 3356//5
f 3362//1 3824//1 3818//1 3354//1
f 3825//2 3819//2 3820//2 3826//2
f 3362//5 3354//5 3819//5 3825//5
f 3827//1 3828//1 3822//1 3821//1
f 3364//2 3356//2 3823//2 3829//2
f 3827//5 3821//5 3356//5 3364//5
f 3370//1 3830//1 3824//1 3362//1
f 3831//2 3825//2 3826//2 3832//2
f 3370//5 3362//5 3825//5 3831//5
f 3833//1 3834//1 3828//1 3827//1
f 3372//2 3364//2 3829//2 3835//2
f 3833//5 3827//5 3364//5 3372//5
f 3378//1 3836//1 3830//1 3370//1
f 3837//2 3831//2 3832//2 3838//2
f 3378//5 3370//5 3831//5 3837//5
f 3839//1 3840//1 3834//1 3833//1
f 3380//2 3372//2 3835//2 3841//2
f 3839//5 3833//5 3372//5 3380//5
f 3386//1 3842//1 3836//1 3378//1
f 3843//2 3837//2 3838//2 3844//2
f 3386//5 3378//5 3837//5 3843//5
f 3845//1 3846//1 3840//1 3839//1
f 3388//2 3380//2 3841//2 3847//2
f 3845//5 3839//5 3380//5 3388//5
f 3394//1 3848//1 3842//1 3386//1
f 3849//2 3843//2 3844//2 3850//2
f 3394//5 3386//5 3843//5 3849//5
f 3851//1 3852//1 3846//1 3845//1
f 3396//2 3388//2 3847//2 3853//2
f 3851//5 3845//5 3388//5 3396//5
f 3402//1 3854//1 3848//1 3394//1
f 3855//2 3849//2 3850//2 3856//2
f 3402//5 3394//5 3849//5 3855//5
f 3857//1 3858//1 3852//1 3851//1
f 3404//2 3396//2 3853//2 3859//2
f 3857//5 3851//5 3396//5 3404//5
f 3410//1 3860//1 3854//1 3402//1
f 3861//2 3855//2 3856//2 3862//2
f 3410//5 3402//5 3855//5 3861//5
f 3863//1 3864//1 3858//1 3857//1
f 3412//2 3404//2 3859//2 3865//2
f 3863//5 3857//5 3404//5 3412//5
f 3418//1 3866//1 3860//1 3410//1
f 3867//2 3861//2 3862//2 3868//2
f 3418//5 3410//5 3861//5 3867//5
f 3869//1 3870//1 3864//1 3863//1
f 3420//2 3412//2 3865//2 3871//2
f 3869//5 3863//5 3412//5 3420//5
f 3426//1 3872//1 3866//1 3418//1
f 3873//2 3867//2 3868//2 3874//2
f 3426//5 3418//5 3867//5 3873//5
f 3875//1 3876//1 3870//1 3869//1
f 3428//2 3420//2 3871//2 3877//2
f 3875//5 3869//5 3420//5 3428//5
f 3434//1 3878//1 3872//1 3426//1
f 3879//2 3873//2 3874//2 3880//2
f 3434//5 3426//5 3873//5 3879//5
f 3881//1 3882//1 3876//1 3875//1
f 3436//2 3428//2 3877//2 3883//2
f 3881//5 3875//5 3428//5 3436//5
f 3442//1 3884//1 3878//1 3434//1
f 3885//2 3879//2 3880//2 3886//2
f 3442//5 3434//5 3879//5 3885//5
f 3887//1 3888//1 3882//1 3881//1
f 3444//2 3436//2 3883//2 3889//2
f 3887//5 3881//5 3436//5 3444//5
f 3450//1 3890//1 3884//1 3442//1
f 3891//2 3885//2 3886//2 3892//2
f 3450//5 3442//5 3885//5 3891//5
f 3893//1 3894//1 3888//1 3887//1
f 3452//2 3444//2 3889//2 3895//2
f 3893//5 3887//5 3444//5 3452//5
f 3458//1 3896//1 3890//1 3450//1
f 3897//2 3891//2 3892//2 3898//2
f 3458//5 3450//5 3891//5 3897//5
f 3899//1 3900//1 3894//1 3893//1
f 3460//2 3452//2 3895//2 3901//2
f 3899//5 3893//5 3452//5 3460//5
f 3466//1 3902//1 3896//1 3458//1
f 3903//2 3897//2 3898//2 3904//2
f 3466//5 3458//5 3897//5 3903//5
f 3905//1 3906//1 3900//1 3899//1
f 3468//2 3460//2 3901//2 3907//2
f 3905//5 3899//5 3460//5 3468//5
f 3474//1 3908//1 3902//1 3466//1
f 3909//2 3903//2 3904//2 3910//2
f 3474//5 3466//5 3903//5 3909//5
f 3911//1 3912//1 3906//1 3905//1
f 3475//2 3468//2 3907//2 3913//2
f 3911//5 3905//5 3468//5 3475//5
f 3480//1 3914//1 3908//1 3474//1
f 3915//2 3909//2 3910//2 3916//2
f 3480//5 3474//5 3909//5 3915//5
f 3917//1 3918//1 3912//1 3911//1
f 3917//5 3911//5 3475//5 3481//5
f 3486//1 3922//1 3914//1 3480//1
f 3923//2 3915//2 3916//2 3924//2
f 3486//5 3480//5 3915//5 3923//5
f 3925//1 3926//1 3918//1 3917//1
f 3488//2 3481//2 3921//2 3927//2
f 3925//3 3488//3 3927//3 3926//3
f 3925//5 3917//5 3481//5 3488//5
f 3494//1 3928//1 3922//1 3486//1
f 3929//2 3923//2 3924//2 3930//2
f 3494//3 3929//3 3930//3 3928//3
f 3494//5 3486//5 3923//5 3929//5
f 3504//1 3931//1 3932//1 3933//1
f 3507//2 3934//2 3935//2 3936//2
f 3933//4 3932//4 3935//4 3934//4
f 3504//5 3933//5 3934//5 3507//5
f 3931//6 3936//6 3935//6 3932//6
f 3511//1 3937//1 3938//1 3939//1
f 3512//2 3940//2 3941//2 3942//2
f 3939//4 3938//4 3941//4 3940//4
f 3511//5 3939//5 3940//5 3512//5
f 3937//6 3942//6 3941//6 3938//6
f 4010//1 4011//1 3967//1 3503//1
f 4012//2 3508//2 3968//2 4013//2
f 4010//3 4012//3 4013//3 4011//3
f 4010//5 3503//5 3508//5 4012//5
f 4011//6 4013//6 3968//6 3967//6
f 3592//2 3593//2 4009//2 4042//2
f 3604//1 4046//1 4039//1 3588//1
f 3605//2 3608//2 4041//2 4047//2
f 4050//2 3592//2 4042//2 4051//2
f 4049//5 3590//5 3592//5 4050//5
f 3624//1 4060//1 4046//1 3604//1
f 3651//2 4050//2 4051//2 4061//2
f 3648//3 3651//3 4061//3 4062//3
f 3648//5 4049//5 4050//5 3651//5
f 4062//6 4061//6 4051//6 4063//6
f 3810//1 4246//1 4235//1 3802//1
f 3811//2 3804//2 4237//2 4247//2
f 3812//1 4248//1 4239//1 3806//1
f 3814//2 3808//2 4241//2 4249//2
f 3816//1 4250//1 4246//1 3810//1
f 3817//2 3811//2 4247//2 4251//2
f 3818//1 4252//1 4248//1 3812//1
f 3820//2 3814//2 4249//2 4253//2
f 3822//1 4254//1 4250//1 3816//1
f 3823//2 3817//2 4251//2 4255//2
f 3824//1 4256//1 4252//1 3818//1
f 3826//2 3820//2 4253//2 4257//2
f 3828//1 4258//1 4254//1 3822//1
f 3829//2 3823//2 4255//2 4259//2
f 3830//1 4260//1 4256//1 3824//1
f 3832//2 3826//2 4257//2 4261//2
f 3834//1 4262//1 4258//1 3828//1
f 3835//2 3829//2 4259//2 4263//2
f 3836//1 4264//1 4260//1 3830//1
f 3838//2 3832//2 4261//2 4265//2
f 3840//1 4266//1 4262//1 3834//1
f 3841//2 3835//2 4263//2 4267//2
f 3842//1 4268//1 4264//1 3836//1
f 3844//2 3838//2 4265//2 4269//2
f 3846//1 4270//1 4266//1 3840//1
f 3847//2 3841//2 4267//2 4271//2
f 3848//1 4272//1 4268//1 3842//1
f 3850//2 3844//2 4269//2 4273//2
f 3852//1 4274//1 4270//1 3846//1
f 3853//2 3847//2 4271//2 4275//2
f 3854//1 4276//1 4272//1 3848//1
f 3856//2 3850//2 4273//2 4277//2
f 3858//1 4278//1 4274//1 3852//1
f 3859//2 3853//2 4275//2 4279//2
f 3860//1 4280//1 4276//1 3854//1
f 3862//2 3856//2 4277//2 4281//2
f 3864//1 4282//1 4278//1 3858//1
f 3865//2 3859//2 4279//2 4283//2
f 3866//1 4284//1 4280//1 3860//1
f 3868//2 3862//2 4281//2 4285//2
f 3870//1 4286//1 4282//1 3864//1
f 3871//2 3865//2 4283//2 4287//2
f 3872//1 4288//1 4284//1 3866//1
f 3874//2 3868//2 4285//2 4289//2
f 3876//1 4290//1 4286//1 3870//1
f 3877//2 3871//2 4287//2 4291//2
f 3878//1 4292//1 4288//1 3872//1
f 3880//2 3874//2 4289//2 4293//2
f 3882//1 4294//1 4290//1 3876//1
f 3883//2 3877//2 4291//2 4295//2
f 3884//1 4296//1 4292//1 3878//1
f 3886//2 3880//2 4293//2 4297//2
f 3888//1 4298//1 4294//1 3882//1
f 3889//2 3883//2 4295//2 4299//2
f 3890//1 4300//1 4296//1 3884//1
f 3892//2 3886//2 4297//2 4301//2
f 3894//1 4302//1 4298//1 3888//1
f 3895//2 3889//2 4299//2 4303//2
f 3896//1 4304//1 4300//1 3890//1
f 3898//2 3892//2 4301//2 4305//2
f 3900//1 4306//1 4302//1 3894//1
f 3901//2 3895//2 4303//2 4307//2
f 3902//1 4308//1 4304//1 3896//1
f 3904//2 3898//2 4305//2 4309//2
f 3906//1 4310//1 4306//1 3900//1
f 3907//2 3901//2 4307//2 4311//2
f 3908//1 4312//1 4308//1 3902//1
f 3910//2 3904//2 4309//2 4313//2
f 3912//1 4314//1 4310//1 3906//1
f 3913//2 3907//2 4311//2 4315//2
f 3914//1 4316//1 4312//1 3908//1
f 3916//2 3910//2 4313//2 4317//2
f 3918//1 4318//1 4314//1 3912//1
f 3922//1 4322//1 4316//1 3914//1
f 3924//2 3916//2 4317//2 4323//2
f 3926//1 4324//1 4318//1 3918//1
f 3927//2 3921//2 4321//2 4325//2
f 3926//3 3927//3 4325//3 4324//3
f 3928//1 4326//1 4322//1 3922//1
f 3930//2 3924//2 4323//2 4327//2
f 3928//3 3930//3 4327//3 4326//3
f 4246//1 4625//1 4618//1 4235//1
f 4247//2 4237//2 4620//2 4626//2
f 4625//6 4626//6 4620//6 4618//6
f 4248//1 4627//1 4622//1 4239//1
f 4249//2 4241//2 4624//2 4628//2
f 4627//6 4628//6 4624//6 4622//6
f 4250//1 4629//1 4625//1 4246//1
f 4251//2 4247//2 4626//2 4630//2
f 4629//6 4630//6 4626//6 4625//6
f 4252//1 4631//1 4627//1 4248//1
f 4253//2 4249//2 4628//2 4632//2
f 4631//6 4632//6 4628//6 4627//6
f 4254//1 4633//1 4629//1 4250//1
f 4255//2 4251//2 4630//2 4634//2
f 4633//6 4634//6 4630//6 4629//6
f 4256//1 4635//1 4631//1 4252//1
f 4257//2 4253//2 4632//2 4636//2
f 4635//6 4636//6 4632//6 4631//6
f 4258//1 4637//1 4633//1 4254//1
f 4259//2 4255//2 4634//2 4638//2
f 4637//6 4638//6 4634//6 4633//6
f 4260//1 4639//1 4635//1 4256//1
f 4261//2 4257//2 4636//2 4640//2
f 4639//6 4640//6 4636//6 4635//6
f 4262//1 4641//1 4637//1 4258//1
f 4263//2 4259//2 4638//2 4642//2
f 4641//6 4642//6 4638//6 4637//6
f 4264//1 4643//1 4639//1 4260//1
f 4265//2 4261//2 4640//2 4644//2
f 4643//6 4644//6 4640//6 4639//6
f 4266//1 4645//1 4641//1 4262//1
f 4267//2 4263//2 4642//2 4646//2
f 4645//6 4646//6 4642//6 4641//6
f 4268//1 4647//1 4643//1 4264//1
f 4269//2 4265//2 4644//2 4648//2
f 4647//6 4648//6 4644//6 4643//6
f 4270//1 4649//1 4645//1 4266//1
f 4271//2 4267//2 4646//2 4650//2
f 4649//6 4650//6 4646//6 4645//6
f 4272//1 4651//1 4647//1 4268//1
f 4273//2 4269//2 4648//2 4652//2
f 4651//6 4652//6 4648//6 4647//6
f 4274//1 4661//1 4649//1 4270//1
f 4275//2 4271//2 4650//2 4662//2
f 4661//6 4662//6 4650//6 4649//6
f 4276//1 4663//1 4651//1 4272//1
f 4277//2 4273//2 4652//2 4664//2
f 4663//6 4664//6 4652//6 4651//6
f 4278//1 4677//1 4661//1 4274//1
f 4279//2 4275//2 4662//2 4678//2
f 4677//6 4678//6 4662//6 4661//6
f 4280//1 4679//1 4663//1 4276//1
f 4281//2 4277//2 4664//2 4680//2
f 4679//6 4680//6 4664//6 4663//6
f 4282//1 4693//1 4677//1 4278//1
f 4283//2 4279//2 4678//2 4694//2
f 4693//6 4694//6 4678//6 4677//6
f 4284//1 4695//1 4679//1 4280//1
f 4285//2 4281//2 4680//2 4696//2
f 4695//6 4696//6 4680//6 4679//6
f 4286//1 4709//1 4693//1 4282//1
f 4287//2 4283//2 4694//2 4710//2
f 4709//6 4710//6 4694//6 4693//6
f 4288//1 4711//1 4695//1 4284//1
f 4289//2 4285//2 4696//2 4712//2
f 4711//6 4712//6 4696//6 4695//6
f 4290//1 4725//1 4709//1 4286//1
f 4291//2 4287//2 4710//2 4726//2
f 4725//6 4726//6 4710//6 4709//6
f 4292//1 4727//1 4711//1 4288//1
f 4293//2 4289//2 4712//2 4728//2
f 4727//6 4728//6 4712//6 4711//6
f 4294//1 4741//1 4725//1 4290//1
f 4295//2 4291//2 4726//2 4742//2
f 4741//6 4742//6 4726//6 4725//6
f 4296//1 4743//1 4727//1 4292//1
f 4297//2 4293//2 4728//2 4744//2
f 4743//6 4744//6 4728//6 4727//6
f 4298//1 4757//1 4741//1 4294//1
f 4299//2 4295//2 4742//2 4758//2
f 4757//6 4758//6 4742//6 4741//6
f 4300//1 4759//1 4743//1 4296//1
f 4301//2 4297//2 4744//2 4760//2
f 4759//6 4760//6 4744//6 4743//6
f 4302//1 4761//1 4757//1 4298//1
f 4303//2 4299//2 4758//2 4762//2
f 4761//6 4762//6 4758//6 4757//6
f 4304//1 4763//1 4759//1 4300//1
f 4305//2 4301//2 4760//2 4764//2
f 4763//6 4764//6 4760//6 4759//6
f 4306//1 4765//1 4761//1 4302//1
f 4307//2 4303//2 4762//2 4766//2
f 4765//6 4766//6 4762//6 4761//6
f 4308//1 4767//1 4763//1 4304//1
f 4309//2 4305//2 4764//2 4768//2
f 4767//6 4768//6 4764//6 4763//6
f 4310//1 4769//1 4765//1 4306//1
f 4311//2 4307//2 4766//2 4770//2
f 4769//6 4770//6 4766//6 4765//6
f 4312//1 4771//1 4767//1 4308//1
f 4313//2 4309//2 4768//2 4772//2
f 4771//6 4772//6 4768//6 4767//6
f 4314//1 4773//1 4769//1 4310//1
f 4315//2 4311//2 4770//2 4774//2
f 4773//6 4774//6 4770//6 4769//6
f 4316//1 4775//1 4771//1 4312//1
f 4317//2 4313//2 4772//2 4776//2
f 4775//6 4776//6 4772//6 4771//6
f 4318//1 4777//1 4773//1 4314//1
f 4777//6 4778//6 4774//6 4773//6
f 4322//1 4781//1 4775//1 4316//1
f 4323//2 4317//2 4776//2 4782//2
f 4781//6 4782//6 4776//6 4775//6
f 4324//1 4783//1 4777//1 4318//1
f 4325//2 4321//2 4778//2 4784//2
f 4324//3 4325//3 4784//3 4783//3
f 4783//6 4784//6 4778//6 4777//6
f 4326//1 4785//1 4781//1 4322//1
f 4327//2 4323//2 4782//2 4786//2
f 4326//3 4327//3 4786//3 4785//3
f 4785//6 4786//6 4782//6 4781//6
f 4817//1 4818//1 4788//1 4787//1
f 4361//2 4791//2 4794//2 4819//2
f 4817//5 4787//5 4791//5 4361//5
f 4818//6 4819//6 4794//6 4788//6
f 4820//1 4821//1 4796//1 4795//1
f 4367//2 4799//2 4802//2 4822//2
f 4820//5 4795//5 4799//5 4367//5
f 4821//6 4822//6 4802//6 4796//6
f 4399//1 4849//1 4818//1 4817//1
f 4399//5 4817//5 4361//5 4360//5
f 4401//1 4852//1 4821//1 4820//1
f 4401//5 4820//5 4367//5 4366//5
f 4852//6 4853//6 4822//6 4821//6
f 4626//1 5115//1 5110//1 4620//1
f 4626//5 4620//5 4619//5 5116//5
f 5115//6 5117//6 5118//6 5110//6
f 5116//5 4619//5 4621//5 5119//5
f 5117//6 5120//6 5121//6 5118//6
f 4627//2 4622//2 5112//2 5122//2
f 5119//5 4621//5 4622//5 4627//5
f 5120//6 5122//6 5112//6 5121//6
f 4630//1 5123//1 5115//1 4626//1
f 4630//5 4626//5 5116//5 5124//5
f 5123//6 5125//6 5117//6 5115//6
f 5124//5 5116//5 5119//5 5126//5
f 5125//6 5127//6 5120//6 5117//6
f 4631//2 4627//2 5122//2 5128//2
f 5126//5 5119//5 4627//5 4631//5
f 5127//6 5128//6 5122//6 5120//6
f 4634//1 5129//1 5123//1 4630//1
f 4634//5 4630//5 5124//5 5130//5
f 5129//6 5131//6 5125//6 5123//6
f 5130//5 5124//5 5126//5 5132//5
f 4635//2 4631//2 5128//2 5133//2
f 5132//5 5126//5 4631//5 4635//5
f 5134//6 5133//6 5128//6 5127//6
f 4638//1 5135//1 5129//1 4634//1
f 4638//5 4634//5 5130//5 5136//5
f 5135//6 5137//6 5131//6 5129//6
f 5136//5 5130//5 5132//5 5138//5
f 5137//6 5139//6 5134//6 5131//6
f 4639//2 4635//2 5133//2 5140//2
f 5138//5 5132//5 4635//5 4639//5
f 5139//6 5140//6 5133//6 5134//6
f 4642//1 5141//1 5135//1 4638//1
f 4642//5 4638//5 5136//5 5142//5
f 5141//6 5143//6 5137//6 5135//6
f 5142//5 5136//5 5138//5 5144//5
f 5143//6 5145//6 5139//6 5137//6
f 4643//2 4639//2 5140//2 5146//2
f 5144//5 5138//5 4639//5 4643//5
f 5145//6 5146//6 5140//6 5139//6
f 4646//1 5147//1 5141//1 4642//1
f 4646//5 4642//5 5142//5 5148//5
f 5147//6 5149//6 5143//6 5141//6
f 5148//5 5142//5 5144//5 5150//5
f 5149//6 5151//6 5145//6 5143//6
f 4647//2 4643//2 5146//2 5152//2
f 5150//5 5144//5 4643//5 4647//5
f 5151//6 5152//6 5146//6 5145//6
f 4650//1 5153//1 5147//1 4646//1
f 4650//5 4646//5 5148//5 5154//5
f 5153//6 5155//6 5149//6 5147//6
f 5154//5 5148//5 5150//5 5156//5
f 5155//6 5157//6 5151//6 5149//6
f 4651//2 4647//2 5152//2 5158//2
f 5156//5 5150//5 4647//5 4651//5
f 5157//6 5158//6 5152//6 5151//6
f 4662//1 5163//1 5153//1 4650//1
f 4662//5 4650//5 5154//5 5164//5
f 5163//6 5165//6 5155//6 5153//6
f 5164//5 5154//5 5156//5 5166//5
f 5165//6 5167//6 5157//6 5155//6
f 4663//2 4651//2 5158//2 5168//2
f 5166//5 5156//5 4651//5 4663//5
f 5167//6 5168//6 5158//6 5157//6
f 4670//5 4654//5 4660//5 4672//5
f 5171//6 5172//6 5162//6 5159//6
f 4678//1 5175//1 5163//1 4662//1
f 4678//5 4662//5 5164//5 5176//5
f 5175//6 5177//6 5165//6 5163//6
f 5176//5 5164//5 5166//5 5178//5
f 5177//6 5179//6 5167//6 5165//6
f 4679//2 4663//2 5168//2 5180//2
f 5178//5 5166//5 4663//5 4679//5
f 5179//6 5180//6 5168//6 5167//6
f 4686//5 4666//5 4670//5 5183//5
f 5184//6 5185//6 5171//6 5169//6
f 5183//5 4670//5 4672//5 5186//5
f 5185//6 5187//6 5172//6 5171//6
f 5186//5 4672//5 4676//5 4688//5
f 5187//6 5188//6 5174//6 5172//6
f 4694//1 5191//1 5175//1 4678//1
f 4694//5 4678//5 5176//5 5192//5
f 5191//6 5193//6 5177//6 5175//6
f 5192//5 5176//5 5178//5 5194//5
f 5193//6 5195//6 5179//6 5177//6
f 4695//2 4679//2 5180//2 5196//2
f 5194//5 5178//5 4679//5 4695//5
f 5195//6 5196//6 5180//6 5179//6
f 4702//5 4682//5 4686//5 5199//5
f 5200//6 5201//6 5184//6 5181//6
f 5199//5 4686//5 5183//5 5202//5
f 5201//6 5203//6 5185//6 5184//6
f 5202//5 5183//5 5186//5 5204//5
f 5203//6 5205//6 5187//6 5185//6
f 5204//5 5186//5 4688//5 5206//5
f 5205//6 5207//6 5188//6 5187//6
f 5206//5 4688//5 4692//5 4704//5
f 5207//6 5208//6 5190//6 5188//6
f 4710//1 5211//1 5191//1 4694//1
f 4710//5 4694//5 5192//5 5212//5
f 5211//6 5213//6 5193//6 5191//6
f 5212//5 5192//5 5194//5 5214//5
f 5213//6 5215//6 5195//6 5193//6
f 4711//2 4695//2 5196//2 5216//2
f 5214//5 5194//5 4695//5 4711//5
f 5215//6 5216//6 5196//6 5195//6
f 4718//5 4698//5 4702//5 5219//5
f 5220//6 5221//6 5200//6 5197//6
f 5219//5 4702//5 5199//5 5222//5
f 5221//6 5223//6 5201//6 5200//6
f 5222//5 5199//5 5202//5 5224//5
f 5223//6 5225//6 5203//6 5201//6
f 5224//5 5202//5 5204//5 5226//5
f 5225//6 5227//6 5205//6 5203//6
f 5226//5 5204//5 5206//5 5228//5
f 5227//6 5229//6 5207//6 5205//6
f 5228//5 5206//5 4704//5 5230//5
f 5229//6 5231//6 5208//6 5207//6
f 5230//5 4704//5 4708//5 4720//5
f 5231//6 5232//6 5210//6 5208//6
f 4726//1 5235//1 5211//1 4710//1
f 4726//5 4710//5 5212//5 5236//5
f 5235//6 5237//6 5213//6 5211//6
f 5236//5 5212//5 5214//5 5238//5
f 5237//6 5239//6 5215//6 5213//6
f 4727//2 4711//2 5216//2 5240//2
f 5238//5 5214//5 4711//5 4727//5
f 5239//6 5240//6 5216//6 5215//6
f 4734//5 4714//5 4718//5 5243//5
f 5244//6 5245//6 5220//6 5217//6
f 5243//5 4718//5 5219//5 5246//5
f 5245//6 5247//6 5221//6 5220//6
f 5246//5 5219//5 5222//5 5248//5
f 5247//6 5249//6 5223//6 5221//6
f 5248//5 5222//5 5224//5 5250//5
f 5249//6 5251//6 5225//6 5223//6
f 5250//5 5224//5 5226//5 5252//5
f 5251//6 5253//6 5227//6 5225//6
f 5252//5 5226//5 5228//5 5254//5
f 5253//6 5255//6 5229//6 5227//6
f 5254//5 5228//5 5230//5 5256//5
f 5255//6 5257//6 5231//6 5229//6
f 5256//5 5230//5 4720//5 5258//5
f 5257//6 5259//6 5232//6 5231//6
f 5258//5 4720//5 4724//5 4736//5
f 5259//6 5260//6 5234//6 5232//6
f 4742//1 5263//1 5235//1 4726//1
f 4742//5 4726//5 5236//5 5264//5
f 5263//6 5265//6 5237//6 5235//6
f 5264//5 5236//5 5238//5 5266//5
f 5265//6 5267//6 5239//6 5237//6
f 4743//2 4727//2 5240//2 5268//2
f 5266//5 5238//5 4727//5 4743//5
f 5267//6 5268//6 5240//6 5239//6
f 4750//5 4730//5 4734//5 5272//5
f 5272//5 4734//5 5243//5 5273//5
f 5274//6 5275//6 5245//6 5244//6
f 5273//5 5243//5 5246//5 5276//5
f 5275//6 5277//6 5247//6 5245//6
f 5276//5 5246//5 5248//5 5278//5
f 5277//6 5279//6 5249//6 5247//6
f 5278//5 5248//5 5250//5 5280//5
f 5279//6 5281//6 5251//6 5249//6
f 5280//5 5250//5 5252//5 5282//5
f 5281//6 5283//6 5253//6 5251//6
f 5282//5 5252//5 5254//5 5284//5
f 5283//6 5285//6 5255//6 5253//6
f 5284//5 5254//5 5256//5 5286//5
f 5285//6 5287//6 5257//6 5255//6
f 5286//5 5256//5 5258//5 5288//5
f 5287//6 5289//6 5259//6 5257//6
f 5288//5 5258//5 4736//5 5290//5
f 5289//6 5291//6 5260//6 5259//6
f 5290//5 4736//5 4740//5 4752//5
f 4758//1 5295//1 5263//1 4742//1
f 4758//5 4742//5 5264//5 5296//5
f 5295//6 5297//6 5265//6 5263//6
f 5296//5 5264//5 5266//5 5298//5
f 5297//6 5299//6 5267//6 5265//6
f 4759//2 4743//2 5268//2 5300//2
f 5298//5 5266//5 4743//5 4759//5
f 5299//6 5300//6 5268//6 5267//6
f 5301//1 5302//1 5271//1 4750//1
f 5301//5 4750//5 5272//5 5303//5
f 5303//5 5272//5 5273//5 5304//5
f 5305//6 5306//6 5275//6 5274//6
f 5304//5 5273//5 5276//5 5307//5
f 5306//6 5308//6 5277//6 5275//6
f 5307//5 5276//5 5278//5 5309//5
f 5308//6 5310//6 5279//6 5277//6
f 5309//5 5278//5 5280//5 5311//5
f 5310//6 5312//6 5281//6 5279//6
f 5311//5 5280//5 5282//5 5313//5
f 5312//6 5314//6 5283//6 5281//6
f 5313//5 5282//5 5284//5 5315//5
f 5314//6 5316//6 5285//6 5283//6
f 5315//5 5284//5 5286//5 5317//5
f 5316//6 5318//6 5287//6 5285//6
f 5317//5 5286//5 5288//5 5319//5
f 5318//6 5320//6 5289//6 5287//6
f 5319//5 5288//5 5290//5 5321//5
f 5320//6 5322//6 5291//6 5289//6
f 5323//2 4752//2 5294//2 5324//2
f 5321//5 5290//5 4752//5 5323//5
f 4762//1 5325//1 5295//1 4758//1
f 4762//5 4758//5 5296//5 5326//5
f 5325//6 5327//6 5297//6 5295//6
f 5326//5 5296//5 5298//5 5328//5
f 5327//6 5329//6 5299//6 5297//6
f 4763//2 4759//2 5300//2 5330//2
f 5328//5 5298//5 4759//5 4763//5
f 5329//6 5330//6 5300//6 5299//6
f 5331//1 5332//1 5302//1 5301//1
f 5331//5 5301//5 5303//5 5333//5
f 5333//5 5303//5 5304//5 5334//5
f 5335//6 5336//6 5306//6 5305//6
f 5334//5 5304//5 5307//5 5337//5
f 5336//6 5338//6 5308//6 5306//6
f 5337//5 5307//5 5309//5 5339//5
f 5338//6 5340//6 5310//6 5308//6
f 5339//5 5309//5 5311//5 5341//5
f 5340//6 5342//6 5312//6 5310//6
f 5341//5 5311//5 5313//5 5343//5
f 5342//6 5344//6 5314//6 5312//6
f 5343//5 5313//5 5315//5 5345//5
f 5344//6 5346//6 5316//6 5314//6
f 5345//5 5315//5 5317//5 5347//5
f 5346//6 5348//6 5318//6 5316//6
f 5347//5 5317//5 5319//5 5349//5
f 5348//6 5350//6 5320//6 5318//6
f 5349//5 5319//5 5321//5 5351//5
f 5350//6 5352//6 5322//6 5320//6
f 5353//2 5323//2 5324//2 5354//2
f 5351//5 5321//5 5323//5 5353//5
f 4766//1 5355//1 5325//1 4762//1
f 4766//5 4762//5 5326//5 5356//5
f 5355//6 5357//6 5327//6 5325//6
f 5356//5 5326//5 5328//5 5358//5
f 5357//6 5359//6 5329//6 5327//6
f 4767//2 4763//2 5330//2 5360//2
f 5358//5 5328//5 4763//5 4767//5
f 5359//6 5360//6 5330//6 5329//6
f 5361//1 5362//1 5332//1 5331//1
f 5361//5 5331//5 5333//5 5363//5
f 5363//5 5333//5 5334//5 5364//5
f 5365//6 5366//6 5336//6 5335//6
f 5364//5 5334//5 5337//5 5367//5
f 5366//6 5368//6 5338//6 5336//6
f 5367//5 5337//5 5339//5 5369//5
f 5368//6 5370//6 5340//6 5338//6
f 5369//5 5339//5 5341//5 5371//5
f 5370//6 5372//6 5342//6 5340//6
f 5371//5 5341//5 5343//5 5373//5
f 5372//6 5374//6 5344//6 5342//6
f 5373//5 5343//5 5345//5 5375//5
f 5374//6 5376//6 5346//6 5344//6
f 5375//5 5345//5 5347//5 5377//5
f 5376//6 5378//6 5348//6 5346//6
f 5377//5 5347//5 5349//5 5379//5
f 5378//6 5380//6 5350//6 5348//6
f 5379//5 5349//5 5351//5 5381//5
f 5380//6 5382//6 5352//6 5350//6
f 5383//2 5353//2 5354//2 5384//2
f 5381//5 5351//5 5353//5 5383//5
f 4770//1 5385//1 5355//1 4766//1
f 4770//5 4766//5 5356//5 5386//5
f 5385//6 5387//6 5357//6 5355//6
f 5386//5 5356//5 5358//5 5388//5
f 5387//6 5389//6 5359//6 5357//6
f 4771//2 4767//2 5360//2 5390//2
f 5388//5 5358//5 4767//5 4771//5
f 5389//6 5390//6 5360//6 5359//6
f 5391//1 5392//1 5362//1 5361//1
f 5391//5 5361//5 5363//5 5393//5
f 5393//5 5363//5 5364//5 5394//5
f 5395//6 5396//6 5366//6 5365//6
f 5394//5 5364//5 5367//5 5397//5
f 5396//6 5398//6 5368//6 5366//6
f 5397//5 5367//5 5369//5 5399//5
f 5398//6 5400//6 5370//6 5368//6
f 5399//5 5369//5 5371//5 5401//5
f 5400//6 5402//6 5372//6 5370//6
f 5401//5 5371//5 5373//5 5403//5
f 5402//6 5404//6 5374//6 5372//6
f 5403//5 5373//5 5375//5 5405//5
f 5404//6 5406//6 5376//6 5374//6
f 5405//5 5375//5 5377//5 5407//5
f 5406//6 5408//6 5378//6 5376//6
f 5407//5 5377//5 5379//5 5409//5
f 5408//6 5410//6 5380//6 5378//6
f 5409//5 5379//5 5381//5 5411//5
f 5410//6 5412//6 5382//6 5380//6
f 5413//2 5383//2 5384//2 5414//2
f 5411//5 5381//5 5383//5 5413//5
f 4774//1 5415//1 5385//1 4770//1
f 4774//5 4770//5 5386//5 4779//5
f 5415//6 5416//6 5387//6 5385//6
f 4779//5 5386//5 5388//5 5417//5
f 5416//6 5418//6 5389//6 5387//6
f 4775//2 4771//2 5390//2 5419//2
f 5417//5 5388//5 4771//5 4775//5
f 5418//6 5419//6 5390//6 5389//6
f 5420//1 5421//1 5392//1 5391//1
f 5420//5 5391//5 5393//5 5422//5
f 5422//5 5393//5 5394//5 5423//5
f 5423//5 5394//5 5397//5 5424//5
f 5424//5 5397//5 5399//5 5425//5
f 5426//6 5427//6 5400//6 5398//6
f 5425//5 5399//5 5401//5 5428//5
f 5427//6 5429//6 5402//6 5400//6
f 5428//5 5401//5 5403//5 5430//5
f 5429//6 5431//6 5404//6 5402//6
f 5430//5 5403//5 5405//5 5432//5
f 5431//6 5433//6 5406//6 5404//6
f 5432//5 5405//5 5407//5 5434//5
f 5433//6 5435//6 5408//6 5406//6
f 5434//5 5407//5 5409//5 5436//5
f 5435//6 5437//6 5410//6 5408//6
f 5436//5 5409//5 5411//5 5438//5
f 5437//6 5439//6 5412//6 5410//6
f 5440//2 5413//2 5414//2 5441//2
f 5438//5 5411//5 5413//5 5440//5
f 4780//5 4779//5 5417//5 5444//5
f 5443//6 5445//6 5418//6 5416//6
f 4781//2 4775//2 5419//2 5446//2
f 5444//5 5417//5 4775//5 4781//5
f 5445//6 5446//6 5419//6 5418//6
f 4784//1 5493//1 5442//1 4778//1
f 4784//3 5494//3 5495//3 5493//3
f 4784//5 4778//5 4780//5 5494//5
f 5493//6 5495//6 5443//6 5442//6
f 5494//3 5496//3 5497//3 5495//3
f 5494//5 4780//5 5444//5 5496//5
f 5495//6 5497//6 5445//6 5443//6
f 4785//2 4781//2 5446//2 5498//2
f 5496//3 4785//3 5498//3 5497//3
f 5496//5 5444//5 4781//5 4785//5
f 5497//6 5498//6 5446//6 5445//6
f 4803//1 5509//1 5461//1 4804//1
f 4809//2 4808//2 5466//2 5510//2
f 5509//6 5510//6 5466//6 5461//6
f 4810//1 5511//1 5471//1 4811//1
f 4816//2 4815//2 5474//2 5512//2
f 5511//6 5512//6 5474//6 5471//6
f 4859//1 5513//1 5509//1 4803//1
f 4860//2 4809//2 5510//2 5514//2
f 4859//5 4803//5 4809//5 4860//5
f 5513//6 5514//6 5510//6 5509//6
f 4863//1 5515//1 5511//1 4810//1
f 4864//2 4816//2 5512//2 5516//2
f 4863//5 4810//5 4816//5 4864//5
f 5274//2 5244//2 5835//2 5842//2
f 5291//1 5843//1 5836//1 5260//1
f 5302//1 5847//1 5841//1 5271//1
f 5305//2 5274//2 5842//2 5848//2
f 5322//1 5849//1 5843//1 5291//1
f 5324//2 5294//2 5846//2 5850//2
f 5332//1 5851//1 5847//1 5302//1
f 5335//2 5305//2 5848//2 5852//2
f 5352//1 5853//1 5849//1 5322//1
f 5354//2 5324//2 5850//2 5854//2
f 5362//1 5855//1 5851//1 5332//1
f 5365//2 5335//2 5852//2 5856//2
f 5382//1 5857//1 5853//1 5352//1
f 5384//2 5354//2 5854//2 5858//2
f 5392//1 5859//1 5855//1 5362//1
f 5395//2 5365//2 5856//2 5860//2
f 5412//1 5861//1 5857//1 5382//1
f 5414//2 5384//2 5858//2 5862//2
f 5421//1 5887//1 5859//1 5392//1
f 5439//1 5893//1 5861//1 5412//1
f 5441//2 5414//2 5862//2 5894//2
f 5895//1 5896//1 5864//1 5863//1
f 5448//2 5449//2 5869//2 5897//2
f 5895//5 5863//5 5449//5 5448//5
f 5896//6 5897//6 5869//6 5864//6
f 5898//1 5899//1 5871//1 5870//1
f 5455//2 5456//2 5876//2 5900//2
f 5898//5 5870//5 5456//5 5455//5
f 5899//6 5900//6 5876//6 5871//6
f 5921//1 5922//1 5896//1 5895//1
f 5500//2 5448//2 5897//2 5923//2
f 5921//3 5500//3 5923//3 5922//3
f 5921//5 5895//5 5448//5 5500//5
f 5922//6 5923//6 5897//6 5896//6
f 5924//1 5925//1 5899//1 5898//1
f 5505//2 5455//2 5900//2 5926//2
f 5924//3 5505//3 5926//3 5925//3
f 5924//5 5898//5 5455//5 5505//5
f 5925//6 5926//6 5900//6 5899//6
f 5842//2 5835//2 6679//2 6698//2
f 5843//1 6705//1 6688//1 5836//1
f 5847//1 6709//1 6697//1 5841//1
f 5848//2 5842//2 6698//2 6710//2
f 5849//1 6715//1 6705//1 5843//1
f 5850//2 5846//2 6708//2 6716//2
f 5851//1 6717//1 6709//1 5847//1
f 5852//2 5848//2 6710//2 6718//2
f 5853//1 6719//1 6715//1 5849//1
f 5854//2 5850//2 6716//2 6720//2
f 5855//1 6721//1 6717//1 5851//1
f 5856//2 5852//2 6718//2 6722//2
f 5857//1 6723//1 6719//1 5853//1
f 5858//2 5854//2 6720//2 6724//2
f 5859//1 6731//1 6721//1 5855//1
f 5860//2 5856//2 6722//2 6732//2
f 5861//1 6739//1 6723//1 5857//1
f 5862//2 5858//2 6724//2 6740//2
f 5882//1 6741//1 6725//1 5880//1
f 5886//2 5885//2 6730//2 6742//2
f 6741//6 6742//6 6730//6 6725//6
f 5887//1 6743//1 6731//1 5859//1
f 5889//2 5860//2 6732//2 6744//2
f 5890//1 6745//1 6733//1 5888//1
f 5892//2 5891//2 6738//2 6746//2
f 6745//6 6746//6 6738//6 6733//6
f 5893//1 6747//1 6739//1 5861//1
f 5894//2 5862//2 6740//2 6748//2
f 5902//1 6749//1 6741//1 5882//1
f 6750//2 5886//2 6742//2 6751//2
f 5902//3 6750//3 6751//3 6749//3
f 5902//5 5882//5 5886//5 6750//5
f 6749//6 6751//6 6742//6 6741//6
f 5905//3 5906//3 6753//3 6754//3
f 6698//2 6679//2 7093//2 7100//2
f 6705//1 7101//1 7094//1 6688//1
f 6709//1 7105//1 7099//1 6697//1
f 6710//2 6698//2 7100//2 7106//2
f 6715//1 7107//1 7101//1 6705//1
f 6716//2 6708//2 7104//2 7108//2
f 6717//1 7109//1 7105//1 6709//1
f 6718//2 6710//2 7106//2 7110//2
f 6719//1 7111//1 7107//1 6715//1
f 6720//2 6716//2 7108//2 7112//2
f 6721//1 7113//1 7109//1 6717//1
f 6722//2 6718//2 7110//2 7114//2
f 6723//1 7115//1 7111//1 6719//1
f 6724//2 6720//2 7112//2 7116//2
f 6731//1 7117//1 7113//1 6721//1
f 6732//2 6722//2 7114//2 7118//2
f 6739//1 7119//1 7115//1 6723//1
f 6740//2 6724//2 7116//2 7120//2
f 6743//1 7121//1 7117//1 6731//1
f 6744//2 6732//2 7118//2 7122//2
f 6747//1 7123//1 7119//1 6739//1
f 6748//2 6740//2 7120//2 7124//2
f 7100//2 7093//2 7466//2 7473//2
f 7101//1 7474//1 7467//1 7094//1
f 7105//1 7478//1 7472//1 7099//1
f 7106//2 7100//2 7473//2 7479//2
f 7107//1 7480//1 7474//1 7101//1
f 7108//2 7104//2 7477//2 7481//2
f 7109//1 7482//1 7478//1 7105//1
f 7110//2 7106//2 7479//2 7483//2
f 7111//1 7484//1 7480//1 7107//1
f 7112//2 7108//2 7481//2 7485//2
f 7113//1 7486//1 7482//1 7109//1
f 7114//2 7110//2 7483//2 7487//2
f 7115//1 7488//1 7484//1 7111//1
f 7116//2 7112//2 7485//2 7489//2
f 7117//1 7490//1 7486//1 7113//1
f 7118//2 7114//2 7487//2 7491//2
f 7119//1 7492//1 7488//1 7115//1
f 7120//2 7116//2 7489//2 7493//2
f 7121//1 7494//1 7490//1 7117//1
f 7122//2 7118//2 7491//2 7495//2
f 7123//1 7496//1 7492//1 7119//1
f 7124//2 7120//2 7493//2 7497//2
f 7473//2 7466//2 7914//2 7927//2
f 7474//1 7928//1 7915//1 7467//1
f 7478//1 7932//1 7926//1 7472//1
f 7479//2 7473//2 7927//2 7933//2
f 7480//1 7934//1 7928//1 7474//1
f 7481//2 7477//2 7931//2 7935//2
f 7482//1 7936//1 7932//1 7478//1
f 7483//2 7479//2 7933//2 7937//2
f 7484//1 7938//1 7934//1 7480//1
f 7485//2 7481//2 7935//2 7939//2
f 7486//1 7940//1 7936//1 7482//1
f 7487//2 7483//2 7937//2 7941//2
f 7488//1 7942//1 7938//1 7484//1
f 7489//2 7485//2 7939//2 7943//2
f 7490//1 7944//1 7940//1 7486//1
f 7491//2 7487//2 7941//2 7945//2
f 7492//1 7946//1 7942//1 7488//1
f 7493//2 7489//2 7943//2 7947//2
f 7494//1 7948//1 7944//1 7490//1
f 7495//2 7491//2 7945//2 7949//2
f 7496//1 7950//1 7946//1 7492//1
f 7497//2 7493//2 7947//2 7951//2
f 7825//5 7813//5 7819//5 7827//5
f 8266//6 8267//6 8263//6 8260//6
f 7841//5 7821//5 7825//5 8276//5
f 8277//6 8278//6 8266//6 8264//6
f 8276//5 7825//5 7827//5 8279//5
f 8278//6 8280//6 8267//6 8266//6
f 8279//5 7827//5 7831//5 7843//5
f 8280//6 8281//6 8269//6 8267//6
f 7859//5 7837//5 7841//5 8292//5
f 8293//6 8294//6 8277//6 8274//6
f 8292//5 7841//5 8276//5 8295//5
f 8294//6 8296//6 8278//6 8277//6
f 8295//5 8276//5 8279//5 8297//5
f 8296//6 8298//6 8280//6 8278//6
f 8297//5 8279//5 7843//5 8299//5
f 8298//6 8300//6 8281//6 8280//6
f 8299//5 7843//5 7847//5 7861//5
f 8300//6 8301//6 8283//6 8281//6
f 7884//1 8310//1 8290//1 7855//1
f 7884//5 7855//5 7859//5 8311//5
f 8310//6 8312//6 8293//6 8290//6
f 8311//5 7859//5 8292//5 8313//5
f 8312//6 8314//6 8294//6 8293//6
f 8313//5 8292//5 8295//5 8315//5
f 8314//6 8316//6 8296//6 8294//6
f 8315//5 8295//5 8297//5 8317//5
f 8316//6 8318//6 8298//6 8296//6
f 8317//5 8297//5 8299//5 8319//5
f 8318//6 8320//6 8300//6 8298//6
f 8319//5 8299//5 7861//5 8321//5
f 8320//6 8322//6 8301//6 8300//6
f 7888//2 7865//2 8303//2 8323//2
f 8321//5 7861//5 7865//5 7888//5
f 8322//6 8323//6 8303//6 8301//6
f 7885//5 7884//5 8311//5 8332//5
f 8333//6 8334//6 8312//6 8310//6
f 8332//5 8311//5 8313//5 8335//5
f 8334//6 8336//6 8314//6 8312//6
f 8335//5 8313//5 8315//5 8337//5
f 8336//6 8338//6 8316//6 8314//6
f 8337//5 8315//5 8317//5 8339//5
f 8338//6 8340//6 8318//6 8316//6
f 8339//5 8317//5 8319//5 8341//5
f 8340//6 8342//6 8320//6 8318//6
f 8341//5 8319//5 8321//5 8343//5
f 8342//6 8344//6 8322//6 8320//6
f 8343//5 8321//5 7888//5 7887//5
f 8344//6 8345//6 8323//6 8322//6
f 7905//5 7879//5 7885//5 8357//5
f 8357//5 7885//5 8332//5 8358//5
f 8359//6 8360//6 8334//6 8333//6
f 8358//5 8332//5 8335//5 8361//5
f 8360//6 8362//6 8336//6 8334//6
f 8361//5 8335//5 8337//5 8363//5
f 8362//6 8364//6 8338//6 8336//6
f 8363//5 8337//5 8339//5 8365//5
f 8364//6 8366//6 8340//6 8338//6
f 8365//5 8339//5 8341//5 8367//5
f 8366//6 8368//6 8342//6 8340//6
f 8367//5 8341//5 8343//5 8369//5
f 8368//6 8370//6 8344//6 8342//6
f 8369//5 8343//5 7887//5 8371//5
f 8370//6 8372//6 8345//6 8344//6
f 8371//5 7887//5 7893//5 7907//5
f 8372//6 8373//6 8347//6 8345//6
f 8382//1 8383//1 8356//1 7905//1
f 8382//5 7905//5 8357//5 8384//5
f 8384//5 8357//5 8358//5 8385//5
f 8386//6 8387//6 8360//6 8359//6
f 8385//5 8358//5 8361//5 8388//5
f 8387//6 8389//6 8362//6 8360//6
f 8388//5 8361//5 8363//5 8390//5
f 8389//6 8391//6 8364//6 8362//6
f 8390//5 8363//5 8365//5 8392//5
f 8391//6 8393//6 8366//6 8364//6
f 8392//5 8365//5 8367//5 8394//5
f 8393//6 8395//6 8368//6 8366//6
f 8394//5 8367//5 8369//5 8396//5
f 8395//6 8397//6 8370//6 8368//6
f 8396//5 8369//5 8371//5 8398//5
f 8397//6 8399//6 8372//6 8370//6
f 8398//5 8371//5 7907//5 8400//5
f 8399//6 8401//6 8373//6 8372//6
f 8400//5 7907//5 7911//5 7919//5
f 7927//2 7914//2 8378//2 8408//2
f 7928//1 8409//1 8379//1 7915//1
f 8413//1 8414//1 8383//1 8382//1
f 8413//5 8382//5 8384//5 8415//5
f 8415//5 8384//5 8385//5 8416//5
f 8417//6 8418//6 8387//6 8386//6
f 8416//5 8385//5 8388//5 8419//5
f 8418//6 8420//6 8389//6 8387//6
f 8419//5 8388//5 8390//5 8421//5
f 8420//6 8422//6 8391//6 8389//6
f 8421//5 8390//5 8392//5 8423//5
f 8422//6 8424//6 8393//6 8391//6
f 8423//5 8392//5 8394//5 8425//5
f 8424//6 8426//6 8395//6 8393//6
f 8425//5 8394//5 8396//5 8427//5
f 8426//6 8428//6 8397//6 8395//6
f 8427//5 8396//5 8398//5 8429//5
f 8428//6 8430//6 8399//6 8397//6
f 8429//5 8398//5 8400//5 8431//5
f 8430//6 8432//6 8401//6 8399//6
f 8433//2 7919//2 8404//2 8434//2
f 8431//5 8400//5 7919//5 8433//5
f 7932//1 8435//1 8407//1 7926//1
f 7933//2 7927//2 8408//2 8436//2
f 7934//1 8437//1 8409//1 7928//1
f 7935//2 7931//2 8412//2 8438//2
f 8439//1 8440//1 8414//1 8413//1
f 8439//5 8413//5 8415//5 8441//5
f 8441//5 8415//5 8416//5 8442//5
f 8443//6 8444//6 8418//6 8417//6
f 8442//5 8416//5 8419//5 8445//5
f 8444//6 8446//6 8420//6 8418//6
f 8445//5 8419//5 8421//5 8447//5
f 8446//6 8448//6 8422//6 8420//6
f 8447//5 8421//5 8423//5 8449//5
f 8448//6 8450//6 8424//6 8422//6
f 8449//5 8423//5 8425//5 8451//5
f 8450//6 8452//6 8426//6 8424//6
f 8451//5 8425//5 8427//5 8453//5
f 8452//6 8454//6 8428//6 8426//6
f 8453//5 8427//5 8429//5 8455//5
f 8454//6 8456//6 8430//6 8428//6
f 8455//5 8429//5 8431//5 8457//5
f 8456//6 8458//6 8432//6 8430//6
f 8459//2 8433//2 8434//2 8460//2
f 8457//5 8431//5 8433//5 8459//5
f 7936//1 8461//1 8435//1 7932//1
f 7937//2 7933//2 8436//2 8462//2
f 7938//1 8463//1 8437//1 7934//1
f 7939//2 7935//2 8438//2 8464//2
f 8465//1 8466//1 8440//1 8439//1
f 8465//5 8439//5 8441//5 8467//5
f 8467//5 8441//5 8442//5 8468//5
f 8469//6 8470//6 8444//6 8443//6
f 8468//5 8442//5 8445//5 8471//5
f 8470//6 8472//6 8446//6 8444//6
f 8471//5 8445//5 8447//5 8473//5
f 8472//6 8474//6 8448//6 8446//6
f 8473//5 8447//5 8449//5 8475//5
f 8474//6 8476//6 8450//6 8448//6
f 8475//5 8449//5 8451//5 8477//5
f 8476//6 8478//6 8452//6 8450//6
f 8477//5 8451//5 8453//5 8479//5
f 8478//6 8480//6 8454//6 8452//6
f 8479//5 8453//5 8455//5 8481//5
f 8480//6 8482//6 8456//6 8454//6
f 8481//5 8455//5 8457//5 8483//5
f 8482//6 8484//6 8458//6 8456//6
f 8485//2 8459//2 8460//2 8486//2
f 8483//5 8457//5 8459//5 8485//5
f 7940//1 8487//1 8461//1 7936//1
f 7941//2 7937//2 8462//2 8488//2
f 7942//1 8489//1 8463//1 7938//1
f 7943//2 7939//2 8464//2 8490//2
f 8491//1 8492//1 8466//1 8465//1
f 8491//5 8465//5 8467//5 8493//5
f 8493//5 8467//5 8468//5 8494//5
f 8495//6 8496//6 8470//6 8469//6
f 8494//5 8468//5 8471//5 8497//5
f 8496//6 8498//6 8472//6 8470//6
f 8497//5 8471//5 8473//5 8499//5
f 8498//6 8500//6 8474//6 8472//6
f 8499//5 8473//5 8475//5 8501//5
f 8500//6 8502//6 8476//6 8474//6
f 8501//5 8475//5 8477//5 8503//5
f 8502//6 8504//6 8478//6 8476//6
f 8503//5 8477//5 8479//5 8505//5
f 8504//6 8506//6 8480//6 8478//6
f 8505//5 8479//5 8481//5 8507//5
f 8506//6 8508//6 8482//6 8480//6
f 8507//5 8481//5 8483//5 8509//5
f 8508//6 8510//6 8484//6 8482//6
f 8511//2 8485//2 8486//2 8512//2
f 8509//5 8483//5 8485//5 8511//5
f 7944//1 8513//1 8487//1 7940//1
f 7945//2 7941//2 8488//2 8514//2
f 7946//1 8515//1 8489//1 7942//1
f 7947//2 7943//2 8490//2 8516//2
f 8517//1 8518//1 8492//1 8491//1
f 8517//5 8491//5 8493//5 8519//5
f 8519//5 8493//5 8494//5 8520//5
f 8521//6 8522//6 8496//6 8495//6
f 8520//5 8494//5 8497//5 8523//5
f 8522//6 8524//6 8498//6 8496//6
f 8523//5 8497//5 8499//5 8525//5
f 8524//6 8526//6 8500//6 8498//6
f 8525//5 8499//5 8501//5 8527//5
f 8526//6 8528//6 8502//6 8500//6
f 8527//5 8501//5 8503//5 8529//5
f 8528//6 8530//6 8504//6 8502//6
f 8529//5 8503//5 8505//5 8531//5
f 8530//6 8532//6 8506//6 8504//6
f 8531//5 8505//5 8507//5 8533//5
f 8532//6 8534//6 8508//6 8506//6
f 8533//5 8507//5 8509//5 8535//5
f 8534//6 8536//6 8510//6 8508//6
f 8537//2 8511//2 8512//2 8538//2
f 8535//5 8509//5 8511//5 8537//5
f 7948//1 8539//1 8513//1 7944//1
f 7949//2 7945//2 8514//2 8540//2
f 7950//1 8541//1 8515//1 7946//1
f 7951//2 7947//2 8516//2 8542//2
f 8543//1 8544//1 8518//1 8517//1
f 8543//5 8517//5 8519//5 8545//5
f 8545//5 8519//5 8520//5 8546//5
f 8547//6 8548//6 8522//6 8521//6
f 8546//5 8520//5 8523//5 8549//5
f 8548//6 8550//6 8524//6 8522//6
f 8549//5 8523//5 8525//5 8551//5
f 8550//6 8552//6 8526//6 8524//6
f 8551//5 8525//5 8527//5 8553//5
f 8552//6 8554//6 8528//6 8526//6
f 8553//5 8527//5 8529//5 8555//5
f 8554//6 8556//6 8530//6 8528//6
f 8555//5 8529//5 8531//5 8557//5
f 8556//6 8558//6 8532//6 8530//6
f 8557//5 8531//5 8533//5 8559//5
f 8558//6 8560//6 8534//6 8532//6
f 8559//5 8533//5 8535//5 8561//5
f 8560//6 8562//6 8536//6 8534//6
f 8563//2 8537//2 8538//2 8564//2
f 8561//5 8535//5 8537//5 8563//5
f 8359//2 8333//2 8913//2 8927//2
f 8383//1 8937//1 8926//1 8356//1
f 8386//2 8359//2 8927//2 8938//2
f 8401//1 8939//1 8928//1 8373//1
f 8408//2 8378//2 8933//2 8946//2
f 8409//1 8947//1 8934//1 8379//1
f 8414//1 8951//1 8937//1 8383//1
f 8417//2 8386//2 8938//2 8952//2
f 8432//1 8953//1 8939//1 8401//1
f 8434//2 8404//2 8942//2 8954//2
f 8435//1 8955//1 8945//1 8407//1
f 8436//2 8408//2 8946//2 8956//2
f 8437//1 8957//1 8947//1 8409//1
f 8438//2 8412//2 8950//2 8958//2
f 8440//1 8959//1 8951//1 8414//1
f 8443//2 8417//2 8952//2 8960//2
f 8458//1 8961//1 8953//1 8432//1
f 8460//2 8434//2 8954//2 8962//2
f 8461//1 8963//1 8955//1 8435//1
f 8462//2 8436//2 8956//2 8964//2
f 8463//1 8965//1 8957//1 8437//1
f 8464//2 8438//2 8958//2 8966//2
f 8466//1 8967//1 8959//1 8440//1
f 8469//2 8443//2 8960//2 8968//2
f 8484//1 8969//1 8961//1 8458//1
f 8486//2 8460//2 8962//2 8970//2
f 8487//1 8971//1 8963//1 8461//1
f 8488//2 8462//2 8964//2 8972//2
f 8489//1 8973//1 8965//1 8463//1
f 8490//2 8464//2 8966//2 8974//2
f 8492//1 8975//1 8967//1 8466//1
f 8495//2 8469//2 8968//2 8976//2
f 8510//1 8977//1 8969//1 8484//1
f 8512//2 8486//2 8970//2 8978//2
f 8513//1 8979//1 8971//1 8487//1
f 8514//2 8488//2 8972//2 8980//2
f 8515//1 8981//1 8973//1 8489//1
f 8516//2 8490//2 8974//2 8982//2
f 8518//1 8983//1 8975//1 8492//1
f 8521//2 8495//2 8976//2 8984//2
f 8536//1 8985//1 8977//1 8510//1
f 8538//2 8512//2 8978//2 8986//2
f 8539//1 8987//1 8979//1 8513//1
f 8540//2 8514//2 8980//2 8988//2
f 8541//1 8989//1 8981//1 8515//1
f 8542//2 8516//2 8982//2 8990//2
f 8544//1 8991//1 8983//1 8518//1
f 8547//2 8521//2 8984//2 8992//2
f 8562//1 8993//1 8985//1 8536//1
f 8564//2 8538//2 8986//2 8994//2
f 8927//2 8913//2 9360//2 9374//2
f 8937//1 9384//1 9373//1 8926//1
f 8938//2 8927//2 9374//2 9385//2
f 8939//1 9386//1 9375//1 8928//1
f 8946//2 8933//2 9380//2 9393//2
f 8947//1 9394//1 9381//1 8934//1
f 8951//1 9398//1 9384//1 8937//1
f 8952//2 8938//2 9385//2 9399//2
f 8953//1 9400//1 9386//1 8939//1
f 8954//2 8942//2 9389//2 9401//2
f 8955//1 9402//1 9392//1 8945//1
f 8956//2 8946//2 9393//2 9403//2
f 8957//1 9404//1 9394//1 8947//1
f 8958//2 8950//2 9397//2 9405//2
f 8959//1 9406//1 9398//1 8951//1
f 8960//2 8952//2 9399//2 9407//2
f 8961//1 9408//1 9400//1 8953//1
f 8962//2 8954//2 9401//2 9409//2
f 8963//1 9410//1 9402//1 8955//1
f 8964//2 8956//2 9403//2 9411//2
f 8965//1 9412//1 9404//1 8957//1
f 8966//2 8958//2 9405//2 9413//2
f 8967//1 9414//1 9406//1 8959//1
f 8968//2 8960//2 9407//2 9415//2
f 8969//1 9416//1 9408//1 8961//1
f 8970//2 8962//2 9409//2 9417//2
f 8971//1 9418//1 9410//1 8963//1
f 8972//2 8964//2 9411//2 9419//2
f 8973//1 9420//1 9412//1 8965//1
f 8974//2 8966//2 9413//2 9421//2
f 8975//1 9422//1 9414//1 8967//1
f 8976//2 8968//2 9415//2 9423//2
f 8977//1 9424//1 9416//1 8969//1
f 8978//2 8970//2 9417//2 9425//2
f 8979//1 9434//1 9418//1 8971//1
f 8980//2 8972//2 9419//2 9435//2
f 8981//1 9436//1 9420//1 8973//1
f 8982//2 8974//2 9421//2 9437//2
f 8983//1 9438//1 9422//1 8975//1
f 8984//2 8976//2 9423//2 9439//2
f 8985//1 9440//1 9424//1 8977//1
f 8986//2 8978//2 9425//2 9441//2
f 8987//1 9450//1 9434//1 8979//1
f 8988//2 8980//2 9435//2 9451//2
f 8989//1 9452//1 9436//1 8981//1
f 8990//2 8982//2 9437//2 9453//2
f 8991//1 9454//1 9438//1 8983//1
f 8992//2 8984//2 9439//2 9455//2
f 8993//1 9456//1 9440//1 8985//1
f 8994//2 8986//2 9441//2 9457//2
f 9374//2 9360//2 9817//2 9831//2
f 9384//1 9841//1 9830//1 9373//1
f 9385//2 9374//2 9831//2 9842//2
f 9386//1 9843//1 9832//1 9375//1
f 9393//2 9380//2 9837//2 9850//2
f 9394//1 9851//1 9838//1 9381//1
f 9398//1 9855//1 9841//1 9384//1
f 9399//2 9385//2 9842//2 9856//2
f 9400//1 9857//1 9843//1 9386//1
f 9401//2 9389//2 9846//2 9858//2
f 9402//1 9859//1 9849//1 9392//1
f 9403//2 9393//2 9850//2 9860//2
f 9404//1 9861//1 9851//1 9394//1
f 9405//2 9397//2 9854//2 9862//2
f 9406//1 9863//1 9855//1 9398//1
f 9407//2 9399//2 9856//2 9864//2
f 9408//1 9865//1 9857//1 9400//1
f 9409//2 9401//2 9858//2 9866//2
f 9410//1 9867//1 9859//1 9402//1
f 9411//2 9403//2 9860//2 9868//2
f 9412//1 9869//1 9861//1 9404//1
f 9413//2 9405//2 9862//2 9870//2
f 9414//1 9871//1 9863//1 9406//1
f 9415//2 9407//2 9864//2 9872//2
f 9416//1 9873//1 9865//1 9408//1
f 9417//2 9409//2 9866//2 9874//2
f 9418//1 9887//1 9867//1 9410//1
f 9419//2 9411//2 9868//2 9888//2
f 9420//1 9889//1 9869//1 9412//1
f 9421//2 9413//2 9870//2 9890//2
f 9422//1 9891//1 9871//1 9414//1
f 9423//2 9415//2 9872//2 9892//2
f 9424//1 9893//1 9873//1 9416//1
f 9425//2 9417//2 9874//2 9894//2
f 9434//1 9903//1 9887//1 9418//1
f 9435//2 9419//2 9888//2 9904//2
f 9436//1 9905//1 9889//1 9420//1
f 9437//2 9421//2 9890//2 9906//2
f 9438//1 9907//1 9891//1 9422//1
f 9439//2 9423//2 9892//2 9908//2
f 9440//1 9909//1 9893//1 9424//1
f 9441//2 9425//2 9894//2 9910//2
f 9450//1 9913//1 9903//1 9434//1
f 9451//2 9435//2 9904//2 9914//2
f 9452//1 9915//1 9905//1 9436//1
f 9453//2 9437//2 9906//2 9916//2
f 9454//1 9917//1 9907//1 9438//1
f 9455//2 9439//2 9908//2 9918//2
f 9456//1 9919//1 9909//1 9440//1
f 9457//2 9441//2 9910//2 9920//2
f 9792//5 9780//5 9783//5 9793//5
f 10241//6 10242//6 10232//6 10229//6
f 9804//5 9790//5 9792//5 10253//5
f 10254//6 10255//6 10241//6 10239//6
f 10253//5 9792//5 9793//5 10256//5
f 10255//6 10257//6 10242//6 10241//6
f 10256//5 9793//5 9795//5 9805//5
f 10257//6 10258//6 10244//6 10242//6
f 9810//5 9802//5 9804//5 10263//5
f 10264//6 10265//6 10254//6 10251//6
f 10263//5 9804//5 10253//5 10266//5
f 10265//6 10267//6 10255//6 10254//6
f 10266//5 10253//5 10256//5 10268//5
f 10267//6 10269//6 10257//6 10255//6
f 10268//5 10256//5 9805//5 10270//5
f 10269//6 10271//6 10258//6 10257//6
f 10270//5 9805//5 9807//5 9811//5
f 10271//6 10272//6 10260//6 10258//6
f 9824//5 9808//5 9810//5 10285//5
f 10286//6 10287//6 10264//6 10261//6
f 10285//5 9810//5 10263//5 10288//5
f 10287//6 10289//6 10265//6 10264//6
f 10288//5 10263//5 10266//5 10290//5
f 10289//6 10291//6 10267//6 10265//6
f 10290//5 10266//5 10268//5 10292//5
f 10291//6 10293//6 10269//6 10267//6
f 10292//5 10268//5 10270//5 10294//5
f 10293//6 10295//6 10271//6 10269//6
f 10294//5 10270//5 9811//5 10296//5
f 10295//6 10297//6 10272//6 10271//6
f 10296//5 9811//5 9813//5 9825//5
f 10297//6 10298//6 10274//6 10272//6
f 9831//2 9817//2 10278//2 10304//2
f 9837//5 9822//5 9824//5 10310//5
f 10311//6 10312//6 10286//6 10283//6
f 10310//5 9824//5 10285//5 10313//5
f 10312//6 10314//6 10287//6 10286//6
f 10313//5 10285//5 10288//5 10315//5
f 10314//6 10316//6 10289//6 10287//6
f 10315//5 10288//5 10290//5 10317//5
f 10316//6 10318//6 10291//6 10289//6
f 10317//5 10290//5 10292//5 10319//5
f 10318//6 10320//6 10293//6 10291//6
f 10319//5 10292//5 10294//5 10321//5
f 10320//6 10322//6 10295//6 10293//6
f 10321//5 10294//5 10296//5 10323//5
f 10322//6 10324//6 10297//6 10295//6
f 10323//5 10296//5 9825//5 10325//5
f 10324//6 10326//6 10298//6 10297//6
f 10325//5 9825//5 9827//5 9838//5
f 10326//6 10327//6 10300//6 10298//6
f 9841//1 10330//1 10303//1 9830//1
f 9842//2 9831//2 10304//2 10331//2
f 9843//1 10332//1 10305//1 9832//1
f 10338//6 10339//6 10311//6 10308//6
f 9850//5 9837//5 10310//5 10340//5
f 10339//6 10341//6 10312//6 10311//6
f 10340//5 10310//5 10313//5 10342//5
f 10341//6 10343//6 10314//6 10312//6
f 10342//5 10313//5 10315//5 10344//5
f 10343//6 10345//6 10316//6 10314//6
f 10344//5 10315//5 10317//5 10346//5
f 10345//6 10347//6 10318//6 10316//6
f 10346//5 10317//5 10319//5 10348//5
f 10347//6 10349//6 10320//6 10318//6
f 10348//5 10319//5 10321//5 10350//5
f 10349//6 10351//6 10322//6 10320//6
f 10350//5 10321//5 10323//5 10352//5
f 10351//6 10353//6 10324//6 10322//6
f 10352//5 10323//5 10325//5 10354//5
f 10353//6 10355//6 10326//6 10324//6
f 10354//5 10325//5 9838//5 9851//5
f 10355//6 10356//6 10327//6 10326//6
f 10356//6 10357//6 10329//6 10327//6
f 9855//1 10360//1 10330//1 9841//1
f 9856//2 9842//2 10331//2 10361//2
f 9857//1 10362//1 10332//1 9843//1
f 9858//2 9846//2 10335//2 10363//2
f 9859//1 10372//1 10338//1 9849//1
f 10372//6 10373//6 10339//6 10338//6
f 9860//5 9850//5 10340//5 10374//5
f 10373//6 10375//6 10341//6 10339//6
f 10378//3 10380//3 10381//3 10379//3
f 10378//5 10344//5 10346//5 10380//5
f 10379//6 10381//6 10347//6 10345//6
f 10380//3 10382//3 10383//3 10381//3
f 10380//5 10346//5 10348//5 10382//5
f 10381//6 10383//6 10349//6 10347//6
f 10382//3 10384//3 10385//3 10383//3
f 10382//5 10348//5 10350//5 10384//5
f 10383//6 10385//6 10351//6 10349//6
f 10384//5 10350//5 10352//5 10386//5
f 10385//6 10387//6 10353//6 10351//6
f 9862//2 9854//2 10357//2 10391//2
f 10390//6 10391//6 10357//6 10356//6
f 9863//1 10392//1 10360//1 9855//1
f 9864//2 9856//2 10361//2 10393//2
f 9865//1 10394//1 10362//1 9857//1
f 9866//2 9858//2 10363//2 10395//2
f 9867//1 10402//1 10372//1 9859//1
f 10402//6 10403//6 10373//6 10372//6
f 9868//5 9860//5 10374//5 10404//5
f 10403//6 10405//6 10375//6 10373//6
f 10410//1 10411//1 10385//1 10384//1
f 10410//5 10384//5 10386//5 10412//5
f 10411//6 10413//6 10387//6 10385//6
f 9870//2 9862//2 10391//2 10417//2
f 10416//6 10417//6 10391//6 10390//6
f 9871//1 10418//1 10392//1 9863//1
f 9872//2 9864//2 10393//2 10419//2
f 9873//1 10420//1 10394//1 9865//1
f 9874//2 9866//2 10395//2 10421//2
f 9887//1 10428//1 10402//1 9867//1
f 10428//6 10429//6 10403//6 10402//6
f 9888//5 9868//5 10404//5 10430//5
f 10429//6 10431//6 10405//6 10403//6
f 10436//1 10437//1 10411//1 10410//1
f 10436//5 10410//5 10412//5 10438//5
f 10437//6 10439//6 10413//6 10411//6
f 9890//2 9870//2 10417//2 10443//2
f 10442//6 10443//6 10417//6 10416//6
f 9891//1 10444//1 10418//1 9871//1
f 9892//2 9872//2 10419//2 10445//2
f 9893//1 10446//1 10420//1 9873//1
f 9894//2 9874//2 10421//2 10447//2
f 9903//1 10450//1 10428//1 9887//1
f 10450//6 10451//6 10429//6 10428//6
f 9904//5 9888//5 10430//5 10452//5
f 10451//6 10453//6 10431//6 10429//6
f 10452//5 10430//5 10432//5 10454//5
f 10453//6 10455//6 10433//6 10431//6
f 10456//2 10434//2 10435//2 10457//2
f 10454//5 10432//5 10434//5 10456//5
f 10455//6 10457//6 10435//6 10433//6
f 10458//1 10459//1 10437//1 10436//1
f 10458//5 10436//5 10438//5 10460//5
f 10459//6 10461//6 10439//6 10437//6
f 10460//5 10438//5 10440//5 10462//5
f 10461//6 10463//6 10441//6 10439//6
f 10462//5 10440//5 9889//5 9905//5
f 10463//6 10464//6 10442//6 10441//6
f 9906//2 9890//2 10443//2 10465//2
f 10464//6 10465//6 10443//6 10442//6
f 9907//1 10466//1 10444//1 9891//1
f 9908//2 9892//2 10445//2 10467//2
f 9909//1 10468//1 10446//1 9893//1
f 9910//2 9894//2 10447//2 10469//2
f 9913//1 10476//1 10450//1 9903//1
f 10476//6 10477//6 10451//6 10450//6
f 9914//5 9904//5 10452//5 9938//5
f 10477//6 10478//6 10453//6 10451//6
f 9938//5 10452//5 10454//5 9940//5
f 10478//6 10479//6 10455//6 10453//6
f 9942//2 10456//2 10457//2 10480//2
f 9940//5 10454//5 10456//5 9942//5
f 10479//6 10480//6 10457//6 10455//6
f 9948//1 10481//1 10459//1 10458//1
f 9948//5 10458//5 10460//5 9949//5
f 10481//6 10482//6 10461//6 10459//6
f 9949//5 10460//5 10462//5 9950//5
f 10482//6 10483//6 10463//6 10461//6
f 9950//5 10462//5 9905//5 9915//5
f 10483//6 10484//6 10464//6 10463//6
f 9916//2 9906//2 10465//2 10485//2
f 10484//6 10485//6 10465//6 10464//6
f 9917//1 10486//1 10466//1 9907//1
f 9918//2 9908//2 10467//2 10487//2
f 9919//1 10488//1 10468//1 9909//1
f 9920//2 9910//2 10469//2 10489//2
f 10304//2 10278//2 10834//2 10848//2
f 10330//1 10866//1 10847//1 10303//1
f 10331//2 10304//2 10848//2 10867//2
f 10332//1 10868//1 10849//1 10305//1
f 10360//1 10880//1 10866//1 10330//1
f 10361//2 10331//2 10867//2 10881//2
f 10362//1 10882//1 10868//1 10332//1
f 10363//2 10335//2 10871//2 10883//2
f 10392//1 10892//1 10880//1 10360//1
f 10393//2 10361//2 10881//2 10893//2
f 10394//1 10894//1 10882//1 10362//1
f 10395//2 10363//2 10883//2 10895//2
f 10418//1 10898//1 10892//1 10392//1
f 10419//2 10393//2 10893//2 10899//2
f 10420//1 10900//1 10894//1 10394//1
f 10421//2 10395//2 10895//2 10901//2
f 10444//1 10906//1 10898//1 10418//1
f 10445//2 10419//2 10899//2 10907//2
f 10446//1 10908//1 10900//1 10420//1
f 10447//2 10421//2 10901//2 10909//2
f 10466//1 10918//1 10906//1 10444//1
f 10467//2 10445//2 10907//2 10919//2
f 10468//1 10920//1 10908//1 10446//1
f 10469//2 10447//2 10909//2 10921//2
f 10486//1 10924//1 10918//1 10466//1
f 10487//2 10467//2 10919//2 10925//2
f 10488//1 10926//1 10920//1 10468//1
f 10489//2 10469//2 10921//2 10927//2
f 10957//1 10958//1 10935//1 10493//1
f 10959//2 10494//2 10937//2 10960//2
f 10957//5 10493//5 10494//5 10959//5
f 10958//6 10960//6 10937//6 10935//6
f 10578//1 10972//1 10958//1 10957//1
f 10579//2 10959//2 10960//2 10973//2
f 10578//5 10957//5 10959//5 10579//5
f 10972//6 10973//6 10960//6 10958//6
f 10848//2 10834//2 11241//2 11249//2
f 10866//1 11253//1 11248//1 10847//1
f 10867//2 10848//2 11249//2 11254//2
f 10868//1 11255//1 11250//1 10849//1
f 10880//1 11259//1 11253//1 10866//1
f 10881//2 10867//2 11254//2 11260//2
f 10882//1 11261//1 11255//1 10868//1
f 10883//2 10871//2 11258//2 11262//2
f 10892//1 11267//1 11259//1 10880//1
f 10893//2 10881//2 11260//2 11268//2
f 10894//1 11269//1 11261//1 10882//1
f 10895//2 10883//2 11262//2 11270//2
f 10898//1 11277//1 11267//1 10892//1
f 10899//2 10893//2 11268//2 11278//2
f 10900//1 11279//1 11269//1 10894//1
f 10901//2 10895//2 11270//2 11280//2
f 10906//1 11287//1 11277//1 10898//1
f 10907//2 10899//2 11278//2 11288//2
f 10908//1 11289//1 11279//1 10900//1
f 10909//2 10901//2 11280//2 11290//2
f 10918//1 11293//1 11287//1 10906//1
f 10919//2 10907//2 11288//2 11294//2
f 10920//1 11295//1 11289//1 10908//1
f 10921//2 10909//2 11290//2 11296//2
f 10924//1 11303//1 11293//1 10918//1
f 10925//2 10919//2 11294//2 11304//2
f 10926//1 11305//1 11295//1 10920//1
f 10927//2 10921//2 11296//2 11306//2
f 11249//2 11241//2 11623//2 11631//2
f 11253//1 11635//1 11630//1 11248//1
f 11254//2 11249//2 11631//2 11636//2
f 11255//1 11637//1 11632//1 11250//1
f 11259//1 11641//1 11635//1 11253//1
f 11260//2 11254//2 11636//2 11642//2
f 11261//1 11643//1 11637//1 11255//1
f 11262//2 11258//2 11640//2 11644//2
f 11267//1 11645//1 11641//1 11259//1
f 11268//2 11260//2 11642//2 11646//2
f 11269//1 11647//1 11643//1 11261//1
f 11270//2 11262//2 11644//2 11648//2
f 11277//1 11649//1 11645//1 11267//1
f 11278//2 11268//2 11646//2 11650//2
f 11279//1 11651//1 11647//1 11269//1
f 11280//2 11270//2 11648//2 11652//2
f 11287//1 11661//1 11649//1 11277//1
f 11288//2 11278//2 11650//2 11662//2
f 11289//1 11663//1 11651//1 11279//1
f 11290//2 11280//2 11652//2 11664//2
f 11293//1 11673//1 11661//1 11287//1
f 11294//2 11288//2 11662//2 11674//2
f 11295//1 11675//1 11663//1 11289//1
f 11296//2 11290//2 11664//2 11676//2
f 11303//1 11681//1 11673//1 11293//1
f 11304//2 11294//2 11674//2 11682//2
f 11305//1 11683//1 11675//1 11295//1
f 11306//2 11296//2 11676//2 11684//2
f 11631//2 11623//2 12014//2 12022//2
f 11635//1 12026//1 12021//1 11630//1
f 11636//2 11631//2 12022//2 12027//2
f 11637//1 12028//1 12023//1 11632//1
f 11641//1 12032//1 12026//1 11635//1
f 11642//2 11636//2 12027//2 12033//2
f 11643//1 12034//1 12028//1 11637//1
f 11644//2 11640//2 12031//2 12035//2
f 11645//1 12036//1 12032//1 11641//1
f 11646//2 11642//2 12033//2 12037//2
f 11647//1 12038//1 12034//1 11643//1
f 11648//2 11644//2 12035//2 12039//2
f 11649//1 12040//1 12036//1 11645//1
f 11650//2 11646//2 12037//2 12041//2
f 11651//1 12042//1 12038//1 11647//1
f 11652//2 11648//2 12039//2 12043//2
f 11661//1 12044//1 12040//1 11649//1
f 11662//2 11650//2 12041//2 12045//2
f 11663//1 12046//1 12042//1 11651//1
f 11664//2 11652//2 12043//2 12047//2
f 11673//1 12052//1 12044//1 11661//1
f 11674//2 11662//2 12045//2 12053//2
f 11675//1 12054//1 12046//1 11663//1
f 11676//2 11664//2 12047//2 12055//2
f 11681//1 12062//1 12052//1 11673//1
f 11682//2 11674//2 12053//2 12063//2
f 11683//1 12064//1 12054//1 11675//1
f 11684//2 11676//2 12055//2 12065//2
f 11995//5 11989//5 11992//5 11996//5
f 12369//6 12370//6 12366//6 12363//6
f 12001//5 11993//5 11995//5 12375//5
f 12376//6 12377//6 12369//6 12367//6
f 12375//5 11995//5 11996//5 12378//5
f 12377//6 12379//6 12370//6 12369//6
f 12378//5 11996//5 11998//5 12002//5
f 12379//6 12380//6 12372//6 12370//6
f 12007//5 11999//5 12001//5 12385//5
f 12386//6 12387//6 12376//6 12373//6
f 12385//5 12001//5 12375//5 12388//5
f 12387//6 12389//6 12377//6 12376//6
f 12388//5 12375//5 12378//5 12390//5
f 12389//6 12391//6 12379//6 12377//6
f 12390//5 12378//5 12002//5 12392//5
f 12391//6 12393//6 12380//6 12379//6
f 12392//5 12002//5 12004//5 12008//5
f 12393//6 12394//6 12382//6 12380//6
f 12013//1 12397//1 12383//1 12005//1
f 12013//5 12005//5 12007//5 12398//5
f 12397//6 12399//6 12386//6 12383//6
f 12398//5 12007//5 12385//5 12400//5
f 12399//6 12401//6 12387//6 12386//6
f 12400//5 12385//5 12388//5 12402//5
f 12401//6 12403//6 12389//6 12387//6
f 12402//5 12388//5 12390//5 12404//5
f 12403//6 12405//6 12391//6 12389//6
f 12404//5 12390//5 12392//5 12406//5
f 12405//6 12407//6 12393//6 12391//6
f 12406//5 12392//5 12008//5 12408//5
f 12407//6 12409//6 12394//6 12393//6
f 12016//2 12010//2 12396//2 12410//2
f 12408//5 12008//5 12010//5 12016//5
f 12409//6 12410//6 12396//6 12394//6
f 12014//5 12013//5 12398//5 12413//5
f 12414//6 12415//6 12399//6 12397//6
f 12413//5 12398//5 12400//5 12416//5
f 12415//6 12417//6 12401//6 12399//6
f 12416//5 12400//5 12402//5 12418//5
f 12417//6 12419//6 12403//6 12401//6
f 12418//5 12402//5 12404//5 12420//5
f 12419//6 12421//6 12405//6 12403//6
f 12420//5 12404//5 12406//5 12422//5
f 12421//6 12423//6 12407//6 12405//6
f 12422//5 12406//5 12408//5 12424//5
f 12423//6 12425//6 12409//6 12407//6
f 12424//5 12408//5 12016//5 12015//5
f 12425//6 12426//6 12410//6 12409//6
f 12431//6 12432//6 12414//6 12411//6
f 12022//5 12014//5 12413//5 12433//5
f 12432//6 12434//6 12415//6 12414//6
f 12433//5 12413//5 12416//5 12435//5
f 12434//6 12436//6 12417//6 12415//6
f 12435//5 12416//5 12418//5 12437//5
f 12436//6 12438//6 12419//6 12417//6
f 12437//5 12418//5 12420//5 12439//5
f 12438//6 12440//6 12421//6 12419//6
f 12439//5 12420//5 12422//5 12441//5
f 12440//6 12442//6 12423//6 12421//6
f 12441//5 12422//5 12424//5 12443//5
f 12442//6 12444//6 12425//6 12423//6
f 12443//5 12424//5 12015//5 12445//5
f 12444//6 12446//6 12426//6 12425//6
f 12445//5 12015//5 12018//5 12023//5
f 12446//6 12447//6 12428//6 12426//6
f 12026//1 12450//1 12431//1 12021//1
f 12450//6 12451//6 12432//6 12431//6
f 12027//5 12022//5 12433//5 12452//5
f 12451//6 12453//6 12434//6 12432//6
f 12452//5 12433//5 12435//5 12454//5
f 12453//6 12455//6 12436//6 12434//6
f 12454//5 12435//5 12437//5 12456//5
f 12455//6 12457//6 12438//6 12436//6
f 12456//5 12437//5 12439//5 12458//5
f 12457//6 12459//6 12440//6 12438//6
f 12458//5 12439//5 12441//5 12460//5
f 12459//6 12461//6 12442//6 12440//6
f 12460//5 12441//5 12443//5 12462//5
f 12461//6 12463//6 12444//6 12442//6
f 12462//5 12443//5 12445//5 12464//5
f 12463//6 12465//6 12446//6 12444//6
f 12464//5 12445//5 12023//5 12028//5
f 12465//6 12466//6 12447//6 12446//6
f 12466//6 12467//6 12449//6 12447//6
f 12032//1 12470//1 12450//1 12026//1
f 12470//6 12471//6 12451//6 12450//6
f 12033//5 12027//5 12452//5 12472//5
f 12471//6 12473//6 12453//6 12451//6
f 12476//5 12456//5 12458//5 12478//5
f 12477//6 12479//6 12459//6 12457//6
f 12478//5 12458//5 12460//5 12480//5
f 12479//6 12481//6 12461//6 12459//6
f 12480//5 12460//5 12462//5 12482//5
f 12481//6 12483//6 12463//6 12461//6
f 12035//2 12031//2 12467//2 12487//2
f 12486//6 12487//6 12467//6 12466//6
f 12036//1 12488//1 12470//1 12032//1
f 12488//6 12489//6 12471//6 12470//6
f 12037//5 12033//5 12472//5 12490//5
f 12489//6 12491//6 12473//6 12471//6
f 12494//3 12496//3 12497//3 12495//3
f 12494//5 12476//5 12478//5 12496//5
f 12495//6 12497//6 12479//6 12477//6
f 12496//3 12498//3 12499//3 12497//3
f 12496//5 12478//5 12480//5 12498//5
f 12497//6 12499//6 12481//6 12479//6
f 12498//5 12480//5 12482//5 12500//5
f 12499//6 12501//6 12483//6 12481//6
f 12039//2 12035//2 12487//2 12505//2
f 12504//6 12505//6 12487//6 12486//6
f 12040//1 12506//1 12488//1 12036//1
f 12506//6 12507//6 12489//6 12488//6
f 12041//5 12037//5 12490//5 12508//5
f 12507//6 12509//6 12491//6 12489//6
f 12512//1 12513//1 12499//1 12498//1
f 12512//5 12498//5 12500//5 12514//5
f 12513//6 12515//6 12501//6 12499//6
f 12043//2 12039//2 12505//2 12519//2
f 12518//6 12519//6 12505//6 12504//6
f 12044//1 12520//1 12506//1 12040//1
f 12520//6 12521//6 12507//6 12506//6
f 12045//5 12041//5 12508//5 12522//5
f 12521//6 12523//6 12509//6 12507//6
f 12524//2 12510//2 12511//2 12525//2
f 12522//5 12508//5 12510//5 12524//5
f 12523//6 12525//6 12511//6 12509//6
f 12526//1 12527//1 12513//1 12512//1
f 12526//5 12512//5 12514//5 12528//5
f 12527//6 12529//6 12515//6 12513//6
f 12528//5 12514//5 12516//5 12530//5
f 12529//6 12531//6 12517//6 12515//6
f 12530//5 12516//5 12042//5 12046//5
f 12531//6 12532//6 12518//6 12517//6
f 12047//2 12043//2 12519//2 12533//2
f 12532//6 12533//6 12519//6 12518//6
f 12052//1 12534//1 12520//1 12044//1
f 12534//6 12535//6 12521//6 12520//6
f 12053//5 12045//5 12522//5 12536//5
f 12535//6 12537//6 12523//6 12521//6
f 12538//2 12524//2 12525//2 12539//2
f 12536//5 12522//5 12524//5 12538//5
f 12537//6 12539//6 12525//6 12523//6
f 12540//1 12541//1 12527//1 12526//1
f 12540//5 12526//5 12528//5 12542//5
f 12541//6 12543//6 12529//6 12527//6
f 12542//5 12528//5 12530//5 12544//5
f 12543//6 12545//6 12531//6 12529//6
f 12544//5 12530//5 12046//5 12054//5
f 12545//6 12546//6 12532//6 12531//6
f 12055//2 12047//2 12533//2 12547//2
f 12546//6 12547//6 12533//6 12532//6
f 12062//1 12548//1 12534//1 12052//1
f 12548//6 12549//6 12535//6 12534//6
f 12063//5 12053//5 12536//5 12075//5
f 12549//6 12550//6 12537//6 12535//6
f 12076//2 12538//2 12539//2 12551//2
f 12075//5 12536//5 12538//5 12076//5
f 12550//6 12551//6 12539//6 12537//6
f 12081//1 12552//1 12541//1 12540//1
f 12081//5 12540//5 12542//5 12083//5
f 12552//6 12553//6 12543//6 12541//6
f 12083//5 12542//5 12544//5 12085//5
f 12553//6 12554//6 12545//6 12543//6
f 12085//5 12544//5 12054//5 12064//5
f 12554//6 12555//6 12546//6 12545//6
f 12065//2 12055//2 12547//2 12556//2
f 12555//6 12556//6 12547//6 12546//6
f 13197//5 13185//5 13191//5 13199//5
f 13533//6 13534//6 13530//6 13527//6
f 13208//5 13193//5 13197//5 13539//5
f 13540//6 13541//6 13533//6 13531//6
f 13539//5 13197//5 13199//5 13542//5
f 13541//6 13543//6 13534//6 13533//6
f 13542//5 13199//5 13202//5 13210//5
f 13543//6 13544//6 13536//6 13534//6
f 13221//1 13547//1 13537//1 13204//1
f 13221//5 13204//5 13208//5 13548//5
f 13547//6 13549//6 13540//6 13537//6
f 13548//5 13208//5 13539//5 13550//5
f 13549//6 13551//6 13541//6 13540//6
f 13550//5 13539//5 13542//5 13552//5
f 13551//6 13553//6 13543//6 13541//6
f 13552//5 13542//5 13210//5 13554//5
f 13553//6 13555//6 13544//6 13543//6
f 13225//2 13214//2 13546//2 13556//2
f 13554//5 13210//5 13214//5 13225//5
f 13555//6 13556//6 13546//6 13544//6
f 13222//5 13221//5 13548//5 13559//5
f 13560//6 13561//6 13549//6 13547//6
f 13559//5 13548//5 13550//5 13562//5
f 13561//6 13563//6 13551//6 13549//6
f 13562//5 13550//5 13552//5 13564//5
f 13563//6 13565//6 13553//6 13551//6
f 13564//5 13552//5 13554//5 13566//5
f 13565//6 13567//6 13555//6 13553//6
f 13566//5 13554//5 13225//5 13224//5
f 13567//6 13568//6 13556//6 13555//6
f 13236//5 13216//5 13222//5 13574//5
f 13574//5 13222//5 13559//5 13575//5
f 13576//6 13577//6 13561//6 13560//6
f 13575//5 13559//5 13562//5 13578//5
f 13577//6 13579//6 13563//6 13561//6
f 13578//5 13562//5 13564//5 13580//5
f 13579//6 13581//6 13565//6 13563//6
f 13580//5 13564//5 13566//5 13582//5
f 13581//6 13583//6 13567//6 13565//6
f 13582//5 13566//5 13224//5 13584//5
f 13583//6 13585//6 13568//6 13567//6
f 13584//5 13224//5 13230//5 13238//5
f 13585//6 13586//6 13570//6 13568//6
f 13589//1 13590//1 13573//1 13236//1
f 13589//5 13236//5 13574//5 13591//5
f 13591//5 13574//5 13575//5 13592//5
f 13593//6 13594//6 13577//6 13576//6
f 13592//5 13575//5 13578//5 13595//5
f 13594//6 13596//6 13579//6 13577//6
f 13595//5 13578//5 13580//5 13597//5
f 13596//6 13598//6 13581//6 13579//6
f 13597//5 13580//5 13582//5 13599//5
f 13598//6 13600//6 13583//6 13581//6
f 13599//5 13582//5 13584//5 13601//5
f 13600//6 13602//6 13585//6 13583//6
f 13601//5 13584//5 13238//5 13603//5
f 13602//6 13604//6 13586//6 13585//6
f 13603//5 13238//5 13242//5 13244//5
f 13608//1 13609//1 13590//1 13589//1
f 13608//5 13589//5 13591//5 13610//5
f 13610//5 13591//5 13592//5 13611//5
f 13612//6 13613//6 13594//6 13593//6
f 13611//5 13592//5 13595//5 13614//5
f 13613//6 13615//6 13596//6 13594//6
f 13614//5 13595//5 13597//5 13616//5
f 13615//6 13617//6 13598//6 13596//6
f 13616//5 13597//5 13599//5 13618//5
f 13617//6 13619//6 13600//6 13598//6
f 13618//5 13599//5 13601//5 13620//5
f 13619//6 13621//6 13602//6 13600//6
f 13620//5 13601//5 13603//5 13622//5
f 13621//6 13623//6 13604//6 13602//6
f 13624//2 13244//2 13607//2 13625//2
f 13622//5 13603//5 13244//5 13624//5
f 13626//1 13627//1 13609//1 13608//1
f 13626//5 13608//5 13610//5 13628//5
f 13628//5 13610//5 13611//5 13629//5
f 13630//6 13631//6 13613//6 13612//6
f 13629//5 13611//5 13614//5 13632//5
f 13631//6 13633//6 13615//6 13613//6
f 13632//5 13614//5 13616//5 13250//5
f 13633//6 13634//6 13617//6 13615//6
f 13250//5 13616//5 13618//5 13251//5
f 13634//6 13635//6 13619//6 13617//6
f 13251//5 13618//5 13620//5 13636//5
f 13635//6 13637//6 13621//6 13619//6
f 13636//5 13620//5 13622//5 13638//5
f 13637//6 13639//6 13623//6 13621//6
f 13640//2 13624//2 13625//2 13641//2
f 13638//5 13622//5 13624//5 13640//5
f 13264//1 13642//1 13627//1 13626//1
f 13264//5 13626//5 13628//5 13265//5
f 13265//5 13628//5 13629//5 13266//5
f 13643//6 13644//6 13631//6 13630//6
f 13266//5 13629//5 13632//5 13267//5
f 13644//6 13645//6 13633//6 13631//6
f 13267//5 13632//5 13250//5 13249//5
f 13645//6 13646//6 13634//6 13633//6
f 13646//6 13647//6 13635//6 13634//6
f 13252//5 13251//5 13636//5 13270//5
f 13647//6 13648//6 13637//6 13635//6
f 13270//5 13636//5 13638//5 13271//5
f 13648//6 13649//6 13639//6 13637//6
f 13272//2 13640//2 13641//2 13650//2
f 13271//5 13638//5 13640//5 13272//5
f 13576//2 13560//2 13931//2 13939//2
f 13590//1 13943//1 13938//1 13573//1
f 13593//2 13576//2 13939//2 13944//2
f 13604//1 13945//1 13940//1 13586//1
f 13609//1 13949//1 13943//1 13590//1
f 13612//2 13593//2 13944//2 13950//2
f 13623//1 13951//1 13945//1 13604//1
f 13625//2 13607//2 13948//2 13952//2
f 13627//1 13953//1 13949//1 13609//1
f 13630//2 13612//2 13950//2 13954//2
f 13639//1 13955//1 13951//1 13623//1
f 13641//2 13625//2 13952//2 13956//2
f 13642//1 13965//1 13953//1 13627//1
f 13643//2 13630//2 13954//2 13966//2
f 13649//1 13967//1 13955//1 13639//1
f 13650//2 13641//2 13956//2 13968//2
f 13939//2 13931//2 14294//2 14302//2
f 13943//1 14306//1 14301//1 13938//1
f 13944//2 13939//2 14302//2 14307//2
f 13945//1 14308//1 14303//1 13940//1
f 13949//1 14320//1 14306//1 13943//1
f 13950//2 13944//2 14307//2 14321//2
f 13951//1 14322//1 14308//1 13945//1
f 13952//2 13948//2 14311//2 14323//2
f 13953//1 14332//1 14320//1 13949//1
f 13954//2 13950//2 14321//2 14333//2
f 13955//1 14334//1 14322//1 13951//1
f 13956//2 13952//2 14323//2 14335//2
f 13965//1 14350//1 14332//1 13953//1
f 13966//2 13954//2 14333//2 14351//2
f 13967//1 14352//1 14334//1 13955//1
f 13968//2 13956//2 14335//2 14353//2
f 14302//2 14294//2 14626//2 14642//2
f 14306//1 14654//1 14641//1 14301//1
f 14307//2 14302//2 14642//2 14655//2
f 14308//1 14656//1 14643//1 14303//1
f 14320//1 14668//1 14654//1 14306//1
f 14321//2 14307//2 14655//2 14669//2
f 14322//1 14670//1 14656//1 14308//1
f 14323//2 14311//2 14659//2 14671//2
f 14332//1 14674//1 14668//1 14320//1
f 14333//2 14321//2 14669//2 14675//2
f 14334//1 14676//1 14670//1 14322//1
f 14335//2 14323//2 14671//2 14677//2
f 14350//1 14692//1 14674//1 14332//1
f 14351//2 14333//2 14675//2 14693//2
f 14352//1 14694//1 14676//1 14334//1
f 14353//2 14335//2 14677//2 14695//2
f 14642//2 14626//2 14985//2 14995//2
f 14654//1 15005//1 14994//1 14641//1
f 14655//2 14642//2 14995//2 15006//2
f 14656//1 15007//1 14996//1 14643//1
f 14668//1 15013//1 15005//1 14654//1
f 14669//2 14655//2 15006//2 15014//2
f 14670//1 15015//1 15007//1 14656//1
f 14671//2 14659//2 15010//2 15016//2
f 14674//1 15023//1 15013//1 14668//1
f 14675//2 14669//2 15014//2 15024//2
f 14676//1 15025//1 15015//1 14670//1
f 14677//2 14671//2 15016//2 15026//2
f 14692//1 15035//1 15023//1 14674//1
f 14693//2 14675//2 15024//2 15036//2
f 14694//1 15037//1 15025//1 14676//1
f 14695//2 14677//2 15026//2 15038//2
f 14995//2 14985//2 15370//2 15386//2
f 15005//1 15392//1 15385//1 14994//1
f 15006//2 14995//2 15386//2 15393//2
f 15007//1 15394//1 15387//1 14996//1
f 15013//1 15406//1 15392//1 15005//1
f 15014//2 15006//2 15393//2 15407//2
f 15015//1 15408//1 15394//1 15007//1
f 15016//2 15010//2 15397//2 15409//2
f 15023//1 15412//1 15406//1 15013//1
f 15024//2 15014//2 15407//2 15413//2
f 15025//1 15414//1 15408//1 15015//1
f 15026//2 15016//2 15409//2 15415//2
f 15035//1 15432//1 15412//1 15023//1
f 15036//2 15024//2 15413//2 15433//2
f 15037//1 15434//1 15414//1 15025//1
f 15038//2 15026//2 15415//2 15435//2
f 15436//1 15437//1 15423//1 15030//1
f 15438//2 15031//2 15425//2 15439//2
f 15436//5 15030//5 15031//5 15438//5
f 15437//6 15439//6 15425//6 15423//6
f 15088//1 15453//1 15437//1 15436//1
f 15089//2 15438//2 15439//2 15454//2
f 15088//5 15436//5 15438//5 15089//5
f 15453//6 15454//6 15439//6 15437//6
f 15386//2 15370//2 15748//2 15760//2
f 15392//1 15770//1 15759//1 15385//1
f 15393//2 15386//2 15760//2 15771//2
f 15394//1 15772//1 15761//1 15387//1
f 15406//1 15778//1 15770//1 15392//1
f 15407//2 15393//2 15771//2 15779//2
f 15408//1 15780//1 15772//1 15394//1
f 15409//2 15397//2 15775//2 15781//2
f 15412//1 15788//1 15778//1 15406//1
f 15413//2 15407//2 15779//2 15789//2
f 15414//1 15790//1 15780//1 15408//1
f 15415//2 15409//2 15781//2 15791//2
f 15432//1 15800//1 15788//1 15412//1
f 15433//2 15413//2 15789//2 15801//2
f 15434//1 15802//1 15790//1 15414//1
f 15435//2 15415//2 15791//2 15803//2
f 15760//2 15748//2 16143//2 16155//2
f 15770//1 16165//1 16154//1 15759//1
f 15771//2 15760//2 16155//2 16166//2
f 15772//1 16167//1 16156//1 15761//1
f 15778//1 16179//1 16165//1 15770//1
f 15779//2 15771//2 16166//2 16180//2
f 15780//1 16181//1 16167//1 15772//1
f 15781//2 15775//2 16170//2 16182//2
f 15788//1 16187//1 16179//1 15778//1
f 15789//2 15779//2 16180//2 16188//2
f 15790//1 16189//1 16181//1 15780//1
f 15791//2 15781//2 16182//2 16190//2
f 15800//1 16201//1 16187//1 15788//1
f 15801//2 15789//2 16188//2 16202//2
f 15802//1 16203//1 16189//1 15790//1
f 15803//2 15791//2 16190//2 16204//2
f 16130//5 16124//5 16127//5 16131//5
f 16473//6 16474//6 16470//6 16467//6
f 16136//5 16128//5 16130//5 16479//5
f 16480//6 16481//6 16473//6 16471//6
f 16479//5 16130//5 16131//5 16482//5
f 16481//6 16483//6 16474//6 16473//6
f 16482//5 16131//5 16133//5 16137//5
f 16483//6 16484//6 16476//6 16474//6
f 16142//1 16487//1 16477//1 16134//1
f 16142//5 16134//5 16136//5 16488//5
f 16487//6 16489//6 16480//6 16477//6
f 16488//5 16136//5 16479//5 16490//5
f 16489//6 16491//6 16481//6 16480//6
f 16490//5 16479//5 16482//5 16492//5
f 16491//6 16493//6 16483//6 16481//6
f 16492//5 16482//5 16137//5 16494//5
f 16493//6 16495//6 16484//6 16483//6
f 16145//2 16139//2 16486//2 16496//2
f 16494//5 16137//5 16139//5 16145//5
f 16495//6 16496//6 16486//6 16484//6
f 16143//5 16142//5 16488//5 16499//5
f 16500//6 16501//6 16489//6 16487//6
f 16499//5 16488//5 16490//5 16502//5
f 16501//6 16503//6 16491//6 16489//6
f 16502//5 16490//5 16492//5 16504//5
f 16503//6 16505//6 16493//6 16491//6
f 16504//5 16492//5 16494//5 16506//5
f 16505//6 16507//6 16495//6 16493//6
f 16506//5 16494//5 16145//5 16144//5
f 16507//6 16508//6 16496//6 16495//6
f 16513//6 16514//6 16500//6 16497//6
f 16155//5 16143//5 16499//5 16515//5
f 16514//6 16516//6 16501//6 16500//6
f 16519//3 16521//3 16522//3 16520//3
f 16519//5 16504//5 16506//5 16521//5
f 16520//6 16522//6 16507//6 16505//6
f 16165//1 16528//1 16513//1 16154//1
f 16528//6 16529//6 16514//6 16513//6
f 16530//2 16515//2 16516//2 16531//2
f 16166//5 16155//5 16515//5 16530//5
f 16529//6 16531//6 16516//6 16514//6
f 16536//6 16537//6 16527//6 16525//6
f 16179//1 16544//1 16528//1 16165//1
f 16544//6 16545//6 16529//6 16528//6
f 16546//2 16530//2 16531//2 16547//2
f 16180//5 16166//5 16530//5 16546//5
f 16545//6 16547//6 16531//6 16529//6
f 16182//2 16170//2 16537//2 16553//2
f 16552//6 16553//6 16537//6 16536//6
f 16187//1 16560//1 16544//1 16179//1
f 16560//6 16561//6 16545//6 16544//6
f 16562//2 16546//2 16547//2 16563//2
f 16188//5 16180//5 16546//5 16562//5
f 16561//6 16563//6 16547//6 16545//6
f 16564//1 16565//1 16549//1 16548//1
f 16564//5 16548//5 16550//5 16566//5
f 16565//6 16567//6 16551//6 16549//6
f 16566//5 16550//5 16181//5 16189//5
f 16567//6 16568//6 16552//6 16551//6
f 16190//2 16182//2 16553//2 16569//2
f 16568//6 16569//6 16553//6 16552//6
f 16201//1 16578//1 16560//1 16187//1
f 16578//6 16579//6 16561//6 16560//6
f 16206//2 16562//2 16563//2 16580//2
f 16202//5 16188//5 16562//5 16206//5
f 16579//6 16580//6 16563//6 16561//6
f 16209//1 16581//1 16565//1 16564//1
f 16209//5 16564//5 16566//5 16210//5
f 16581//6 16582//6 16567//6 16565//6
f 16210//5 16566//5 16189//5 16203//5
f 16582//6 16583//6 16568//6 16567//6
f 16204//2 16190//2 16569//2 16584//2
f 16583//6 16584//6 16569//6 16568//6
g glyph_43
f 1//1 2//1 3//1 4//1
f 5//2 6//2 7//2 8//2
f 4//4 3//4 7//4 6//4
f 1//5 4//5 6//5 5//5
f 9//1 10//1 2//1 1//1
f 11//2 5//2 8//2 12//2
f 9//3 11//3 12//3 10//3
f 9//5 1//5 5//5 11//5
f 13//1 14//1 15//1 16//1
f 16//4 15//4 17//4 18//4
f 13//5 16//5 18//5 19//5
f 18//4 17//4 20//4 21//4
f 19//5 18//5 21//5 22//5
f 21//4 20//4 23//4 3//4
f 22//5 21//5 3//5 2//5
f 3//4 23//4 24//4 7//4
f 7//4 24//4 25//4 26//4
f 8//5 7//5 26//5 27//5
f 26//4 25//4 28//4 29//4
f 27//5 26//5 29//5 30//5
f 31//2 32//2 33//2 34//2
f 29//4 28//4 33//4 32//4
f 30//5 29//5 32//5 31//5
f 35//1 36//1 14//1 13//1
f 35//3 37//3 38//3 36//3
f 35//5 13//5 19//5 37//5
f 37//5 19//5 22//5 39//5
f 39//5 22//5 2//5 10//5
f 12//5 8//5 27//5 40//5
f 40//5 27//5 30//5 41//5
f 42//2 31//2 34//2 43//2
f 41//3 42//3 43//3 44//3
f 41//5 30//5 31//5 42//5
f 61//1 62//1 63//1 64//1
f 65//2 66//2 67//2 68//2
f 64//4 63//4 67//4 66//4
f 61//5 64//5 66//5 65//5
f 69//1 70//1 62//1 61//1
f 71//2 65//2 68//2 72//2
f 69//3 71//3 72//3 70//3
f 69//5 61//5 65//5 71//5
f 73//1 74//1 75//1 76//1
f 76//4 75//4 77//4 15//4
f 73//5 76//5 15//5 14//5
f 15//4 77//4 78//4 17//4
f 17//4 78//4 79//4 20//4
f 20//4 79//4 80//4 23//4
f 23//4 80//4 81//4 24//4
f 24//4 81//4 82//4 25//4
f 25//4 82//4 83//4 28//4
f 28//4 83//4 84//4 33//4
f 85//2 86//2 87//2 88//2
f 33//4 84//4 87//4 86//4
f 34//5 33//5 86//5 85//5
f 89//1 90//1 74//1 73//1
f 89//3 36//3 91//3 90//3
f 89//5 73//5 14//5 36//5
f 92//6 93//6 94//6 95//6
f 52//3 51//3 96//3 93//3
f 93//6 96//6 97//6 94//6
f 51//3 55//3 98//3 96//3
f 96//6 98//6 99//6 97//6
f 55//3 58//3 100//3 98//3
f 98//6 100//6 101//6 99//6
f 100//6 102//6 103//6 101//6
f 104//2 85//2 88//2 105//2
f 43//3 104//3 105//3 106//3
f 43//5 34//5 85//5 104//5
f 129//1 130//1 131//1 132//1
f 132//4 131//4 133//4 134//4
f 129//5 132//5 134//5 135//5
f 134//4 133//4 136//4 137//4
f 135//5 134//5 137//5 138//5
f 137//4 136//4 139//4 63//4
f 138//5 137//5 63//5 62//5
f 63//4 139//4 140//4 67//4
f 67//4 140//4 141//4 142//4
f 68//5 67//5 142//5 143//5
f 142//4 141//4 144//4 145//4
f 143//5 142//5 145//5 146//5
f 147//2 148//2 149//2 150//2
f 145//4 144//4 149//4 148//4
f 146//5 145//5 148//5 147//5
f 159//1 160//1 130//1 129//1
f 159//3 161//3 162//3 160//3
f 159//5 129//5 135//5 161//5
f 161//5 135//5 138//5 163//5
f 163//5 138//5 62//5 70//5
f 72//5 68//5 143//5 164//5
f 164//5 143//5 146//5 165//5
f 166//2 147//2 150//2 167//2
f 165//3 166//3 167//3 168//3
f 165//5 146//5 147//5 166//5
f 78//1 185//1 186//1 187//1
f 187//4 186//4 188//4 189//4
f 78//5 187//5 189//5 79//5
f 189//4 188//4 190//4 191//4
f 79//5 189//5 191//5 80//5
f 191//4 190//4 192//4 193//4
f 80//5 191//5 193//5 81//5
f 193//4 192//4 194//4 195//4
f 81//5 193//5 195//5 82//5
f 83//2 196//2 197//2 198//2
f 195//4 194//4 197//4 196//4
f 82//5 195//5 196//5 83//5
f 74//1 199//1 200//1 75//1
f 75//4 200//4 201//4 77//4
f 77//4 201//4 185//4 78//4
f 95//3 94//3 202//3 203//3
f 94//3 97//3 204//3 202//3
f 97//3 99//3 205//3 204//3
f 99//3 101//3 206//3 205//3
f 101//3 103//3 207//3 206//3
f 83//4 198//4 208//4 84//4
f 88//2 87//2 209//2 210//2
f 84//4 208//4 209//4 87//4
f 90//1 211//1 199//1 74//1
f 92//2 95//2 203//2 212//2
f 91//3 92//3 212//3 213//3
f 213//6 212//6 203//6 214//6
f 102//1 215//1 207//1 103//1
f 102//3 106//3 216//3 215//3
f 215//6 216//6 217//6 207//6
f 105//2 88//2 210//2 218//2
f 233//1 234//1 235//1 236//1
f 236//4 235//4 237//4 131//4
f 233//5 236//5 131//5 130//5
f 131//4 237//4 238//4 133//4
f 133//4 238//4 239//4 136//4
f 136//4 239//4 240//4 139//4
f 139//4 240//4 241//4 140//4
f 140//4 241//4 242//4 141//4
f 141//4 242//4 243//4 144//4
f 144//4 243//4 244//4 149//4
f 245//2 246//2 247//2 248//2
f 149//4 244//4 247//4 246//4
f 150//5 149//5 246//5 245//5
f 261//1 262//1 234//1 233//1
f 261//5 233//5 130//5 160//5
f 263//6 264//6 265//6 266//6
f 176//3 175//3 267//3 264//3
f 264//6 267//6 268//6 265//6
f 175//3 179//3 269//3 267//3
f 267//6 269//6 270//6 268//6
f 179//3 182//3 271//3 269//3
f 269//6 271//6 272//6 270//6
f 271//6 273//6 274//6 272//6
f 275//2 245//2 248//2 276//2
f 167//5 150//5 245//5 275//5
f 201//1 339//1 340//1 341//1
f 341//4 340//4 342//4 186//4
f 201//5 341//5 186//5 185//5
f 186//4 342//4 343//4 188//4
f 188//4 343//4 344//4 190//4
f 190//4 344//4 345//4 192//4
f 192//4 345//4 346//4 194//4
f 194//4 346//4 347//4 197//4
f 208//2 348//2 349//2 350//2
f 197//4 347//4 349//4 348//4
f 198//5 197//5 348//5 208//5
f 351//1 352//1 353//1 354//1
f 354//4 353//4 355//4 200//4
f 351//5 354//5 200//5 199//5
f 200//4 355//4 339//4 201//4
f 214//3 203//3 356//3 357//3
f 203//3 202//3 358//3 356//3
f 202//3 204//3 359//3 358//3
f 358//6 359//6 360//6 361//6
f 204//3 205//3 362//3 359//3
f 359//6 362//6 363//6 360//6
f 205//3 206//3 364//3 362//3
f 362//6 364//6 365//6 363//6
f 206//3 207//3 366//3 364//3
f 207//3 217//3 367//3 366//3
f 208//4 350//4 368//4 209//4
f 369//2 370//2 371//2 372//2
f 209//4 368//4 371//4 370//4
f 210//5 209//5 370//5 369//5
f 373//1 374//1 352//1 351//1
f 373//3 211//3 375//3 374//3
f 373//5 351//5 199//5 211//5
f 213//2 214//2 357//2 376//2
f 216//1 377//1 367//1 217//1
f 378//2 369//2 372//2 379//2
f 218//3 378//3 379//3 380//3
f 218//5 210//5 369//5 378//5
f 238//1 385//1 386//1 387//1
f 387//4 386//4 388//4 389//4
f 238//5 387//5 389//5 239//5
f 389//4 388//4 390//4 391//4
f 239//5 389//5 391//5 240//5
f 391//4 390//4 392//4 393//4
f 240//5 391//5 393//5 241//5
f 393//4 392//4 394//4 395//4
f 241//5 393//5 395//5 242//5
f 243//2 396//2 397//2 398//2
f 395//4 394//4 397//4 396//4
f 242//5 395//5 396//5 243//5
f 405//1 406//1 407//1 408//1
f 408//4 407//4 409//4 235//4
f 405//5 408//5 235//5 234//5
f 235//4 409//4 410//4 237//4
f 237//4 410//4 385//4 238//4
f 266//3 265//3 411//3 412//3
f 265//3 268//3 413//3 411//3
f 268//3 270//3 414//3 413//3
f 270//3 272//3 415//3 414//3
f 272//3 274//3 416//3 415//3
f 243//4 398//4 417//4 244//4
f 244//4 417//4 418//4 247//4
f 419//2 420//2 421//2 422//2
f 247//4 418//4 421//4 420//4
f 248//5 247//5 420//5 419//5
f 429//1 430//1 406//1 405//1
f 429//5 405//5 234//5 262//5
f 263//2 266//2 412//2 431//2
f 296//3 263//3 431//3 432//3
f 432//6 431//6 412//6 433//6
f 273//1 434//1 416//1 274//1
f 273//3 302//3 435//3 434//3
f 434//6 435//6 436//6 416//6
f 437//2 419//2 422//2 438//2
f 276//5 248//5 419//5 437//5
f 343//1 515//1 516//1 517//1
f 517//4 516//4 518//4 519//4
f 343//5 517//5 519//5 344//5
f 519//4 518//4 520//4 521//4
f 344//5 519//5 521//5 345//5
f 346//2 522//2 523//2 524//2
f 521//4 520//4 523//4 522//4
f 345//5 521//5 522//5 346//5
f 339//1 525//1 526//1 340//1
f 340//4 526//4 527//4 342//4
f 342//4 527//4 515//4 343//4
f 361//3 360//3 528//3 529//3
f 360//3 363//3 530//3 528//3
f 363//3 365//3 531//3 530//3
f 346//4 524//4 532//4 347//4
f 350//2 349//2 533//2 534//2
f 347//4 532//4 533//4 349//4
f 352//1 535//1 536//1 353//1
f 353//4 536//4 537//4 355//4
f 355//4 537//4 525//4 339//4
f 357//3 356//3 538//3 539//3
f 358//2 361//2 529//2 540//2
f 356//3 358//3 540//3 538//3
f 364//1 541//1 531//1 365//1
f 364//3 366//3 542//3 541//3
f 366//3 367//3 543//3 542//3
f 350//4 534//4 544//4 368//4
f 372//2 371//2 545//2 546//2
f 368//4 544//4 545//4 371//4
f 374//1 547//1 535//1 352//1
f 376//2 357//2 539//2 548//2
f 375//3 376//3 548//3 549//3
f 377//1 550//1 543//1 367//1
f 377//3 380//3 551//3 550//3
f 379//2 372//2 546//2 552//2
f 410//1 559//1 560//1 561//1
f 561//4 560//4 562//4 386//4
f 410//5 561//5 386//5 385//5
f 386//4 562//4 563//4 388//4
f 388//4 563//4 564//4 390//4
f 390//4 564//4 565//4 392//4
f 392//4 565//4 566//4 394//4
f 394//4 566//4 567//4 397//4
f 417//2 568//2 569//2 570//2
f 397//4 567//4 569//4 568//4
f 398//5 397//5 568//5 417//5
f 577//1 578//1 579//1 580//1
f 580//4 579//4 581//4 407//4
f 577//5 580//5 407//5 406//5
f 407//4 581//4 582//4 409//4
f 409//4 582//4 559//4 410//4
f 433//3 412//3 583//3 584//3
f 412//3 411//3 585//3 583//3
f 411//3 413//3 586//3 585//3
f 585//6 586//6 587//6 588//6
f 413//3 414//3 589//3 586//3
f 586//6 589//6 590//6 587//6
f 414//3 415//3 591//3 589//3
f 589//6 591//6 592//6 590//6
f 415//3 416//3 593//3 591//3
f 416//3 436//3 594//3 593//3
f 417//4 570//4 595//4 418//4
f 418//4 595//4 596//4 421//4
f 597//2 598//2 599//2 600//2
f 421//4 596//4 599//4 598//4
f 422//5 421//5 598//5 597//5
f 607//1 608//1 578//1 577//1
f 607//3 430//3 609//3 608//3
f 607//5 577//5 406//5 430//5
f 432//2 433//2 584//2 610//2
f 453//3 432//3 610//3 611//3
f 611//6 610//6 584//6 612//6
f 435//1 613//1 594//1 436//1
f 435//3 456//3 614//3 613//3
f 613//6 614//6 615//6 594//6
f 616//2 597//2 600//2 617//2
f 438//3 616//3 617//3 618//3
f 438//5 422//5 597//5 616//5
f 515//1 703//1 704//1 516//1
f 516//4 704//4 705//4 518//4
f 518//4 705//4 706//4 520//4
f 524//2 523//2 707//2 708//2
f 520//4 706//4 707//4 523//4
f 525//1 709//1 710//1 526//1
f 526//4 710//4 711//4 527//4
f 527//4 711//4 703//4 515//4
f 529//3 528//3 712//3 713//3
f 528//3 530//3 714//3 712//3
f 712//6 714//6 715//6 716//6
f 530//3 531//3 717//3 714//3
f 524//4 708//4 718//4 532//4
f 534//2 533//2 719//2 720//2
f 532//4 718//4 719//4 533//4
f 535//1 721//1 722//1 536//1
f 536//4 722//4 723//4 537//4
f 537//4 723//4 709//4 525//4
f 539//3 538//3 724//3 725//3
f 540//2 529//2 713//2 726//2
f 538//3 540//3 726//3 724//3
f 724//6 726//6 713//6 727//6
f 541//1 728//1 717//1 531//1
f 541//3 542//3 729//3 728//3
f 728//6 729//6 730//6 717//6
f 542//3 543//3 731//3 729//3
f 534//4 720//4 732//4 544//4
f 546//2 545//2 733//2 734//2
f 544//4 732//4 733//4 545//4
f 547//1 735//1 721//1 535//1
f 548//2 539//2 725//2 736//2
f 549//3 548//3 736//3 737//3
f 737//6 736//6 725//6 738//6
f 550//1 739//1 731//1 543//1
f 550//3 551//3 740//3 739//3
f 739//6 740//6 741//6 731//6
f 552//2 546//2 734//2 742//2
f 563//1 743//1 744//1 745//1
f 745//4 744//4 746//4 747//4
f 563//5 745//5 747//5 564//5
f 747//4 746//4 748//4 749//4
f 564//5 747//5 749//5 565//5
f 566//2 750//2 751//2 752//2
f 749//4 748//4 751//4 750//4
f 565//5 749//5 750//5 566//5
f 582//1 757//1 758//1 759//1
f 759//4 758//4 760//4 560//4
f 582//5 759//5 560//5 559//5
f 560//4 760//4 761//4 562//4
f 562//4 761//4 743//4 563//4
f 588//3 587//3 762//3 763//3
f 587//3 590//3 764//3 762//3
f 590//3 592//3 765//3 764//3
f 566//4 752//4 766//4 567//4
f 567//4 766//4 767//4 569//4
f 595//2 768//2 769//2 770//2
f 569//4 767//4 769//4 768//4
f 570//5 569//5 768//5 595//5
f 578//1 777//1 778//1 579//1
f 579//4 778//4 779//4 581//4
f 581//4 779//4 757//4 582//4
f 612//3 584//3 780//3 781//3
f 584//3 583//3 782//3 780//3
f 585//2 588//2 763//2 783//2
f 583//3 585//3 783//3 782//3
f 782//6 783//6 763//6 784//6
f 591//1 785//1 765//1 592//1
f 591//3 593//3 786//3 785//3
f 785//6 786//6 787//6 765//6
f 593//3 594//3 788//3 786//3
f 594//3 615//3 789//3 788//3
f 595//4 770//4 790//4 596//4
f 600//2 599//2 791//2 792//2
f 596//4 790//4 791//4 599//4
f 608//1 799//1 777//1 578//1
f 611//2 612//2 781//2 800//2
f 614//1 801//1 789//1 615//1
f 617//2 600//2 792//2 802//2
f 705//1 895//1 896//1 897//1
f 706//2 898//2 899//2 900//2
f 897//4 896//4 899//4 898//4
f 705//5 897//5 898//5 706//5
f 895//6 900//6 899//6 896//6
f 711//1 901//1 902//1 903//1
f 903//4 902//4 904//4 704//4
f 711//5 903//5 704//5 703//5
f 901//6 905//6 904//6 902//6
f 704//4 904//4 895//4 705//4
f 716//3 715//3 906//3 907//3
f 706//4 900//4 908//4 707//4
f 718//2 909//2 910//2 911//2
f 707//4 908//4 910//4 909//4
f 708//5 707//5 909//5 718//5
f 912//6 911//6 910//6 908//6
f 723//1 913//1 914//1 915//1
f 915//4 914//4 916//4 710//4
f 723//5 915//5 710//5 709//5
f 913//6 917//6 916//6 914//6
f 710//4 916//4 901//4 711//4
f 727//3 713//3 918//3 919//3
f 712//2 716//2 907//2 920//2
f 713//3 712//3 920//3 918//3
f 714//1 921//1 906//1 715//1
f 714//3 717//3 922//3 921//3
f 717//3 730//3 923//3 922//3
f 718//4 911//4 924//4 719//4
f 732//2 925//2 926//2 927//2
f 719//4 924//4 926//4 925//4
f 720//5 719//5 925//5 732//5
f 928//6 927//6 926//6 924//6
f 929//1 930//1 931//1 932//1
f 932//4 931//4 933//4 722//4
f 929//5 932//5 722//5 721//5
f 930//6 934//6 933//6 931//6
f 722//4 933//4 913//4 723//4
f 738//3 725//3 935//3 936//3
f 724//2 727//2 919//2 937//2
f 725//3 724//3 937//3 935//3
f 729//1 938//1 923//1 730//1
f 729//3 731//3 939//3 938//3
f 731//3 741//3 940//3 939//3
f 732//4 927//4 941//4 733//4
f 942//2 943//2 944//2 945//2
f 733//4 941//4 944//4 943//4
f 734//5 733//5 943//5 942//5
f 946//6 945//6 944//6 941//6
f 947//1 948//1 930//1 929//1
f 947//3 735//3 949//3 948//3
f 947//5 929//5 721//5 735//5
f 948//6 949//6 934//6 930//6
f 737//2 738//2 936//2 950//2
f 740//1 951//1 940//1 741//1
f 952//2 942//2 945//2 953//2
f 742//3 952//3 953//3 954//3
f 742//5 734//5 942//5 952//5
f 954//6 953//6 945//6 946//6
f 761//1 955//1 956//1 957//1
f 957//4 956//4 958//4 744//4
f 761//5 957//5 744//5 743//5
f 744//4 958//4 959//4 746//4
f 746//4 959//4 960//4 748//4
f 748//4 960//4 961//4 751//4
f 766//2 962//2 963//2 964//2
f 751//4 961//4 963//4 962//4
f 752//5 751//5 962//5 766//5
f 757//1 969//1 970//1 758//1
f 758//4 970//4 971//4 760//4
f 760//4 971//4 955//4 761//4
f 784//3 763//3 972//3 973//3
f 763//3 762//3 974//3 972//3
f 762//3 764//3 975//3 974//3
f 974//6 975//6 976//6 977//6
f 764//3 765//3 978//3 975//3
f 765//3 787//3 979//3 978//3
f 766//4 964//4 980//4 767//4
f 770//2 769//2 981//2 982//2
f 767//4 980//4 981//4 769//4
f 777//1 987//1 988//1 778//1
f 778//4 988//4 989//4 779//4
f 779//4 989//4 969//4 757//4
f 781//3 780//3 990//3 991//3
f 782//2 784//2 973//2 992//2
f 780//3 782//3 992//3 990//3
f 786//1 993//1 979//1 787//1
f 786//3 788//3 994//3 993//3
f 788//3 789//3 995//3 994//3
f 770//4 982//4 996//4 790//4
f 792//2 791//2 997//2 998//2
f 790//4 996//4 997//4 791//4
f 799//1 1005//1 987//1 777//1
f 800//2 781//2 991//2 1006//2
f 817//3 800//3 1006//3 1007//3
f 801//1 1008//1 995//1 789//1
f 801//3 820//3 1009//3 1008//3
f 802//2 792//2 998//2 1010//2
f 1091//1 1092//1 1093//1 1094//1
f 1095//2 1096//2 1097//2 1098//2
f 1094//4 1093//4 1097//4 1096//4
f 1091//5 1094//5 1096//5 1095//5
f 1099//1 1100//1 1092//1 1091//1
f 1101//2 1095//2 1098//2 1102//2
f 1099//3 1101//3 1102//3 1100//3
f 1099//5 1091//5 1095//5 1101//5
f 905//1 1103//1 1104//1 904//1
f 904//4 1104//4 1105//4 895//4
f 895//4 1105//4 1106//4 900//4
f 912//2 908//2 1107//2 1108//2
f 900//4 1106//4 1107//4 908//4
f 917//1 1109//1 1110//1 916//1
f 916//4 1110//4 1111//4 901//4
f 901//4 1111//4 1103//4 905//4
f 918//3 920//3 1112//3 1113//3
f 920//3 921//3 1114//3 1112//3
f 920//5 907//5 906//5 921//5
f 921//3 922//3 1115//3 1114//3
f 912//4 1108//4 1116//4 911//4
f 928//2 924//2 1117//2 1118//2
f 911//4 1116//4 1117//4 924//4
f 934//1 1119//1 1120//1 933//1
f 933//4 1120//4 1121//4 913//4
f 913//4 1121//4 1109//4 917//4
f 935//3 937//3 1122//3 1123//3
f 1124//2 918//2 1113//2 1125//2
f 937//3 1124//3 1125//3 1122//3
f 937//5 919//5 918//5 1124//5
f 1126//1 1127//1 1115//1 922//1
f 1126//3 938//3 1128//3 1127//3
f 1126//5 922//5 923//5 938//5
f 938//3 939//3 1129//3 1128//3
f 928//4 1118//4 1130//4 927//4
f 946//2 941//2 1131//2 1132//2
f 927//4 1130//4 1131//4 941//4
f 959//1 1133//1 1134//1 1135//1
f 960//2 1136//2 1137//2 1138//2
f 1135//4 1134//4 1137//4 1136//4
f 959//5 1135//5 1136//5 960//5
f 1133//6 1138//6 1137//6 1134//6
f 949//1 1139//1 1119//1 934//1
f 1140//2 935//2 1123//2 1141//2
f 950//3 1140//3 1141//3 1142//3
f 950//5 936//5 935//5 1140//5
f 1143//1 1144//1 1129//1 939//1
f 1143//3 951//3 1145//3 1144//3
f 1143//5 939//5 940//5 951//5
f 954//2 946//2 1132//2 1146//2
f 955//1 1147//1 1148//1 956//1
f 956//4 1148//4 1149//4 958//4
f 958//4 1149//4 1133//4 959//4
f 977//3 976//3 1150//3 1151//3
f 960//4 1138//4 1152//4 961//4
f 964//2 963//2 1153//2 1154//2
f 961//4 1152//4 1153//4 963//4
f 969//1 1159//1 1160//1 970//1
f 970//4 1160//4 1161//4 971//4
f 971//4 1161//4 1147//4 955//4
f 973//3 972//3 1162//3 1163//3
f 974//2 977//2 1151//2 1164//2
f 972//3 974//3 1164//3 1162//3
f 975//1 1165//1 1150//1 976//1
f 975//3 978//3 1166//3 1165//3
f 978//3 979//3 1167//3 1166//3
f 964//4 1154//4 1168//4 980//4
f 982//2 981//2 1169//2 1170//2
f 980//4 1168//4 1169//4 981//4
f 1175//1 1176//1 1177//1 1178//1
f 1178//4 1177//4 1179//4 988//4
f 1175//5 1178//5 988//5 987//5
f 1176//6 1180//6 1179//6 1177//6
f 988//4 1179//4 1181//4 989//4
f 989//4 1181//4 1159//4 969//4
f 991//3 990//3 1182//3 1183//3
f 992//2 973//2 1163//2 1184//2
f 990//3 992//3 1184//3 1182//3
f 993//1 1185//1 1167//1 979//1
f 993//3 994//3 1186//3 1185//3
f 994//3 995//3 1187//3 1186//3
f 982//4 1170//4 1188//4 996//4
f 996//4 1188//4 1189//4 997//4
f 1190//2 1191//2 1192//2 1193//2
f 997//4 1189//4 1192//4 1191//4
f 998//5 997//5 1191//5 1190//5
f 1194//6 1193//6 1192//6 1189//6
f 1201//1 1202//1 1176//1 1175//1
f 1201//3 1005//3 1203//3 1202//3
f 1201//5 1175//5 987//5 1005//5
f 1202//6 1203//6 1180//6 1176//6
f 1006//2 991//2 1183//2 1204//2
f 1007//3 1006//3 1204//3 1205//3
f 1008//1 1206//1 1187//1 995//1
f 1008//3 1009//3 1207//3 1206//3
f 1208//2 1190//2 1193//2 1209//2
f 1010//3 1208//3 1209//3 1210//3
f 1010//5 998//5 1190//5 1208//5
f 1210//6 1209//6 1193//6 1194//6
f 1311//1 1312//1 1313//1 1314//1
f 1314//4 1313//4 1315//4 1316//4
f 1311//5 1314//5 1316//5 1317//5
f 1316//4 1315//4 1318//4 1319//4
f 1317//5 1316//5 1319//5 1320//5
f 1319//4 1318//4 1321//4 1322//4
f 1320//5 1319//5 1322//5 1323//5
f 1322//4 1321//4 1324//4 1325//4
f 1323//5 1322//5 1325//5 1326//5
f 1325//4 1324//4 1327//4 1328//4
f 1326//5 1325//5 1328//5 1329//5
f 1328//4 1327//4 1330//4 1331//4
f 1329//5 1328//5 1331//5 1332//5
f 1331//4 1330//4 1333//4 1093//4
f 1332//5 1331//5 1093//5 1092//5
f 1093//4 1333//4 1334//4 1097//4
f 1097//4 1334//4 1335//4 1336//4
f 1098//5 1097//5 1336//5 1337//5
f 1336//4 1335//4 1338//4 1339//4
f 1337//5 1336//5 1339//5 1340//5
f 1339//4 1338//4 1341//4 1342//4
f 1340//5 1339//5 1342//5 1343//5
f 1342//4 1341//4 1344//4 1345//4
f 1343//5 1342//5 1345//5 1346//5
f 1345//4 1344//4 1347//4 1348//4
f 1346//5 1345//5 1348//5 1349//5
f 1348//4 1347//4 1350//4 1351//4
f 1349//5 1348//5 1351//5 1352//5
f 1353//2 1354//2 1355//2 1356//2
f 1351//4 1350//4 1355//4 1354//4
f 1352//5 1351//5 1354//5 1353//5
f 1363//1 1364//1 1312//1 1311//1
f 1363//3 1365//3 1366//3 1364//3
f 1363//5 1311//5 1317//5 1365//5
f 1365//3 1367//3 1368//3 1366//3
f 1365//5 1317//5 1320//5 1367//5
f 1367//3 1369//3 1370//3 1368//3
f 1367//5 1320//5 1323//5 1369//5
f 1369//5 1323//5 1326//5 1371//5
f 1371//5 1326//5 1329//5 1372//5
f 1372//5 1329//5 1332//5 1373//5
f 1373//5 1332//5 1092//5 1100//5
f 1102//5 1098//5 1337//5 1374//5
f 1374//5 1337//5 1340//5 1375//5
f 1375//5 1340//5 1343//5 1376//5
f 1376//5 1343//5 1346//5 1377//5
f 1377//3 1378//3 1379//3 1380//3
f 1377//5 1346//5 1349//5 1378//5
f 1378//3 1381//3 1382//3 1379//3
f 1378//5 1349//5 1352//5 1381//5
f 1383//2 1353//2 1356//2 1384//2
f 1381//3 1383//3 1384//3 1382//3
f 1381//5 1352//5 1353//5 1383//5
f 1103//1 1385//1 1386//1 1104//1
f 1104//4 1386//4 1357//4 1105//4
f 1385//6 1387//6 1357//6 1386//6
f 1387//6 1388//6 1358//6 1357//6
f 1109//1 1429//1 1430//1 1110//1
f 1110//4 1430//4 1431//4 1111//4
f 1111//4 1431//4 1385//4 1103//4
f 1113//3 1112//3 1432//3 1433//3
f 1112//3 1114//3 1434//3 1432//3
f 1114//3 1115//3 1435//3 1434//3
f 1118//2 1117//2 1392//2 1436//2
f 1119//1 1445//1 1446//1 1120//1
f 1120//4 1446//4 1447//4 1121//4
f 1121//4 1447//4 1429//4 1109//4
f 1123//3 1122//3 1448//3 1449//3
f 1125//2 1113//2 1433//2 1450//2
f 1122//3 1125//3 1450//3 1448//3
f 1127//1 1451//1 1435//1 1115//1
f 1127//3 1128//3 1452//3 1451//3
f 1128//3 1129//3 1453//3 1452//3
f 1118//4 1436//4 1454//4 1130//4
f 1132//2 1131//2 1455//2 1456//2
f 1130//4 1454//4 1455//4 1131//4
f 1139//1 1461//1 1445//1 1119//1
f 1141//2 1123//2 1449//2 1462//2
f 1142//3 1141//3 1462//3 1463//3
f 1144//1 1464//1 1453//1 1129//1
f 1144//3 1145//3 1465//3 1464//3
f 1146//2 1132//2 1456//2 1466//2
f 1147//1 1467//1 1457//1 1148//1
f 1154//2 1153//2 1460//2 1470//2
f 1471//6 1470//6 1460//6 1459//6
f 1159//1 1476//1 1477//1 1160//1
f 1160//4 1477//4 1478//4 1161//4
f 1161//4 1478//4 1467//4 1147//4
f 1163//3 1162//3 1479//3 1480//3
f 1162//3 1164//3 1481//3 1479//3
f 1164//3 1165//3 1482//3 1481//3
f 1164//5 1151//5 1150//5 1165//5
f 1165//3 1166//3 1483//3 1482//3
f 1166//3 1167//3 1484//3 1483//3
f 1154//4 1470//4 1485//4 1168//4
f 1170//2 1169//2 1486//2 1487//2
f 1168//4 1485//4 1486//4 1169//4
f 1180//1 1496//1 1497//1 1179//1
f 1179//4 1497//4 1498//4 1181//4
f 1181//4 1498//4 1476//4 1159//4
f 1183//3 1182//3 1499//3 1500//3
f 1184//2 1163//2 1480//2 1501//2
f 1182//3 1184//3 1501//3 1499//3
f 1185//1 1502//1 1484//1 1167//1
f 1185//3 1186//3 1503//3 1502//3
f 1186//3 1187//3 1504//3 1503//3
f 1170//4 1487//4 1505//4 1188//4
f 1194//2 1189//2 1506//2 1507//2
f 1188//4 1505//4 1506//4 1189//4
f 1203//1 1512//1 1496//1 1180//1
f 1204//2 1183//2 1500//2 1513//2
f 1205//3 1204//3 1513//3 1514//3
f 1206//1 1515//1 1504//1 1187//1
f 1206//3 1207//3 1516//3 1515//3
f 1210//2 1194//2 1507//2 1517//2
f 1288//1 1594//1 1595//1 1289//1
f 1288//3 1294//3 1596//3 1594//3
f 1289//4 1595//4 1597//4 1293//4
f 1594//6 1596//6 1597//6 1595//6
f 1598//2 1599//2 1600//2 1601//2
f 1293//4 1597//4 1600//4 1599//4
f 1294//5 1293//5 1599//5 1598//5
f 1596//6 1601//6 1600//6 1597//6
f 1296//1 1602//1 1603//1 1297//1
f 1296//3 1302//3 1604//3 1602//3
f 1297//4 1603//4 1605//4 1301//4
f 1602//6 1604//6 1605//6 1603//6
f 1606//2 1607//2 1608//2 1609//2
f 1301//4 1605//4 1608//4 1607//4
f 1302//5 1301//5 1607//5 1606//5
f 1604//6 1609//6 1608//6 1605//6
f 1306//1 1610//1 1596//1 1294//1
f 1611//2 1598//2 1601//2 1612//2
f 1306//3 1611//3 1612//3 1610//3
f 1306//5 1294//5 1598//5 1611//5
f 1310//1 1613//1 1604//1 1302//1
f 1614//2 1606//2 1609//2 1615//2
f 1310//3 1614//3 1615//3 1613//3
f 1310//5 1302//5 1606//5 1614//5
f 1616//1 1617//1 1618//1 1619//1
f 1619//4 1618//4 1620//4 1621//4
f 1616//5 1619//5 1621//5 1622//5
f 1621//4 1620//4 1623//4 1313//4
f 1622//5 1621//5 1313//5 1312//5
f 1313//4 1623//4 1624//4 1315//4
f 1315//4 1624//4 1625//4 1318//4
f 1318//4 1625//4 1626//4 1321//4
f 1321//4 1626//4 1627//4 1324//4
f 1324//4 1627//4 1628//4 1327//4
f 1327//4 1628//4 1629//4 1330//4
f 1330//4 1629//4 1630//4 1333//4
f 1333//4 1630//4 1631//4 1334//4
f 1334//4 1631//4 1632//4 1335//4
f 1335//4 1632//4 1633//4 1338//4
f 1338//4 1633//4 1634//4 1341//4
f 1341//4 1634//4 1635//4 1344//4
f 1344//4 1635//4 1636//4 1347//4
f 1347//4 1636//4 1637//4 1350//4
f 1350//4 1637//4 1638//4 1355//4
f 1355//4 1638//4 1639//4 1640//4
f 1356//5 1355//5 1640//5 1641//5
f 1642//2 1643//2 1644//2 1645//2
f 1640//4 1639//4 1644//4 1643//4
f 1641//5 1640//5 1643//5 1642//5
f 1646//1 1647//1 1617//1 1616//1
f 1646//3 1648//3 1649//3 1647//3
f 1646//5 1616//5 1622//5 1648//5
f 1648//5 1622//5 1312//5 1364//5
f 1384//5 1356//5 1641//5 1650//5
f 1651//2 1642//2 1645//2 1652//2
f 1650//3 1651//3 1652//3 1653//3
f 1650//5 1641//5 1642//5 1651//5
f 1705//1 1706//1 1707//1 1708//1
f 1414//2 1415//2 1709//2 1710//2
f 1705//3 1414//3 1710//3 1706//3
f 1708//4 1707//4 1709//4 1415//4
f 1705//5 1708//5 1415//5 1414//5
f 1706//6 1710//6 1709//6 1707//6
f 1711//1 1712//1 1713//1 1714//1
f 1422//2 1423//2 1715//2 1716//2
f 1711//3 1422//3 1716//3 1712//3
f 1714//4 1713//4 1715//4 1423//4
f 1711//5 1714//5 1423//5 1422//5
f 1712//6 1716//6 1715//6 1713//6
f 1429//1 1717//1 1718//1 1430//1
f 1430//4 1718//4 1719//4 1431//4
f 1717//6 1720//6 1719//6 1718//6
f 1431//4 1719//4 1721//4 1385//4
f 1385//4 1721//4 1722//4 1387//4
f 1387//4 1722//4 1654//4 1388//4
f 1445//1 1748//1 1749//1 1446//1
f 1446//4 1749//4 1750//4 1447//4
f 1748//6 1751//6 1750//6 1749//6
f 1447//4 1750//4 1717//4 1429//4
f 1449//3 1448//3 1752//3 1753//3
f 1448//3 1450//3 1754//3 1752//3
f 1450//3 1755//3 1756//3 1754//3
f 1450//5 1433//5 1432//5 1755//5
f 1755//3 1757//3 1758//3 1756//3
f 1755//5 1432//5 1434//5 1757//5
f 1757//3 1451//3 1759//3 1758//3
f 1757//5 1434//5 1435//5 1451//5
f 1451//3 1452//3 1760//3 1759//3
f 1452//3 1453//3 1761//3 1760//3
f 1456//2 1455//2 1762//2 1763//2
f 1454//4 1723//4 1762//4 1455//4
f 1764//6 1763//6 1762//6 1723//6
f 1461//1 1773//1 1748//1 1445//1
f 1461//3 1463//3 1774//3 1773//3
f 1773//6 1774//6 1751//6 1748//6
f 1462//2 1449//2 1753//2 1775//2
f 1464//1 1776//1 1761//1 1453//1
f 1466//2 1456//2 1763//2 1777//2
f 1465//3 1466//3 1777//3 1778//3
f 1778//6 1777//6 1763//6 1764//6
f 1471//2 1459//2 1786//2 1787//2
f 1469//4 1783//4 1786//4 1459//4
f 1785//6 1787//6 1786//6 1783//6
f 1476//1 1792//1 1793//1 1477//1
f 1477//4 1793//4 1794//4 1478//4
f 1792//6 1795//6 1794//6 1793//6
f 1478//4 1794//4 1779//4 1467//4
f 1479//3 1481//3 1796//3 1797//3
f 1481//3 1482//3 1798//3 1796//3
f 1482//3 1483//3 1799//3 1798//3
f 1471//4 1787//4 1800//4 1470//4
f 1470//4 1800//4 1801//4 1485//4
f 1487//2 1486//2 1802//2 1803//2
f 1485//4 1801//4 1802//4 1486//4
f 1804//6 1803//6 1802//6 1801//6
f 1496//1 1809//1 1810//1 1497//1
f 1497//4 1810//4 1811//4 1498//4
f 1498//4 1811//4 1792//4 1476//4
f 1500//3 1499//3 1812//3 1813//3
f 1499//3 1501//3 1814//3 1812//3
f 1815//2 1479//2 1797//2 1816//2
f 1501//3 1815//3 1816//3 1814//3
f 1501//5 1480//5 1479//5 1815//5
f 1817//1 1818//1 1799//1 1483//1
f 1817//3 1502//3 1819//3 1818//3
f 1817//5 1483//5 1484//5 1502//5
f 1502//3 1503//3 1820//3 1819//3
f 1503//3 1504//3 1821//3 1820//3
f 1487//4 1803//4 1822//4 1505//4
f 1507//2 1506//2 1823//2 1824//2
f 1505//4 1822//4 1823//4 1506//4
f 1512//1 1833//1 1809//1 1496//1
f 1513//2 1500//2 1813//2 1834//2
f 1515//1 1835//1 1821//1 1504//1
f 1517//2 1507//2 1824//2 1836//2
f 1610//1 1907//1 1908//1 1596//1
f 1610//3 1612//3 1909//3 1907//3
f 1596//4 1908//4 1910//4 1601//4
f 1907//6 1909//6 1910//6 1908//6
f 1911//2 1912//2 1913//2 1914//2
f 1601//4 1910//4 1913//4 1912//4
f 1612//5 1601//5 1912//5 1911//5
f 1613//1 1915//1 1916//1 1604//1
f 1613//3 1615//3 1917//3 1915//3
f 1604//4 1916//4 1918//4 1609//4
f 1915//6 1917//6 1918//6 1916//6
f 1919//2 1920//2 1921//2 1922//2
f 1609//4 1918//4 1921//4 1920//4
f 1615//5 1609//5 1920//5 1919//5
f 1923//1 1924//1 1925//1 1926//1
f 1926//4 1925//4 1927//4 1928//4
f 1923//5 1926//5 1928//5 1929//5
f 1928//4 1927//4 1930//4 1618//4
f 1929//5 1928//5 1618//5 1617//5
f 1618//4 1930//4 1931//4 1620//4
f 1620//4 1931//4 1932//4 1623//4
f 1623//4 1932//4 1933//4 1624//4
f 1624//4 1933//4 1934//4 1625//4
f 1625//4 1934//4 1935//4 1626//4
f 1626//4 1935//4 1936//4 1627//4
f 1627//4 1936//4 1937//4 1628//4
f 1628//4 1937//4 1938//4 1629//4
f 1629//4 1938//4 1939//4 1630//4
f 1630//4 1939//4 1940//4 1631//4
f 1631//4 1940//4 1941//4 1632//4
f 1632//4 1941//4 1942//4 1633//4
f 1633//4 1942//4 1943//4 1634//4
f 1634//4 1943//4 1944//4 1635//4
f 1635//4 1944//4 1945//4 1636//4
f 1636//4 1945//4 1946//4 1637//4
f 1637//4 1946//4 1947//4 1638//4
f 1638//4 1947//4 1948//4 1639//4
f 1639//4 1948//4 1949//4 1644//4
f 1644//4 1949//4 1950//4 1951//4
f 1645//5 1644//5 1951//5 1952//5
f 1953//2 1954//2 1955//2 1956//2
f 1951//4 1950//4 1955//4 1954//4
f 1952//5 1951//5 1954//5 1953//5
f 1963//1 1964//1 1924//1 1923//1
f 1963//3 1965//3 1966//3 1964//3
f 1963//5 1923//5 1929//5 1965//5
f 1965//5 1929//5 1617//5 1647//5
f 1674//3 1673//3 1967//3 1968//3
f 1673//3 1676//3 1969//3 1967//3
f 1676//3 1678//3 1970//3 1969//3
f 1678//3 1680//3 1971//3 1970//3
f 1680//3 1682//3 1972//3 1971//3
f 1682//3 1684//3 1973//3 1972//3
f 1684//3 1686//3 1974//3 1973//3
f 1686//3 1688//3 1975//3 1974//3
f 1688//3 1690//3 1976//3 1975//3
f 1690//3 1692//3 1977//3 1976//3
f 1692//3 1694//3 1978//3 1977//3
f 1694//3 1697//3 1979//3 1978//3
f 1697//3 1700//3 1980//3 1979//3
f 1652//5 1645//5 1952//5 1981//5
f 1982//2 1953//2 1956//2 1983//2
f 1981//3 1982//3 1983//3 1984//3
f 1981//5 1952//5 1953//5 1982//5
f 2011//1 2012//1 2013//1 2014//1
f 2011//3 2015//3 2016//3 2012//3
f 2014//4 2013//4 2017//4 2018//4
f 2011//5 2014//5 2018//5 2015//5
f 1706//2 1707//2 2019//2 2020//2
f 2018//4 2017//4 2019//4 1707//4
f 2015//5 2018//5 1707//5 1706//5
f 2016//6 2020//6 2019//6 2017//6
f 2021//1 2022//1 2023//1 2024//1
f 2021//3 2025//3 2026//3 2022//3
f 2024//4 2023//4 2027//4 2028//4
f 2021//5 2024//5 2028//5 2025//5
f 1712//2 1713//2 2029//2 2030//2
f 2028//4 2027//4 2029//4 1713//4
f 2025//5 2028//5 1713//5 1712//5
f 2026//6 2030//6 2029//6 2027//6
f 1720//1 2031//1 2032//1 1719//1
f 1719//4 2032//4 2033//4 1721//4
f 2031//6 2034//6 2033//6 2032//6
f 1721//4 2033//4 2035//4 1722//4
f 2034//6 2036//6 2035//6 2033//6
f 1722//4 2035//4 2037//4 1654//4
f 2036//6 2038//6 2037//6 2035//6
f 1654//4 2037//4 1985//4 1657//4
f 2038//6 2039//6 1985//6 2037//6
f 1751//1 2073//1 2074//1 1750//1
f 1750//4 2074//4 2075//4 1717//4
f 1717//4 2075//4 2031//4 1720//4
f 1752//3 1754//3 2076//3 2077//3
f 1754//3 1756//3 2078//3 2076//3
f 1756//3 1758//3 2079//3 2078//3
f 1758//3 1759//3 2080//3 2079//3
f 1759//3 1760//3 2081//3 2080//3
f 1764//2 1723//2 2044//2 2082//2
f 1774//1 2121//1 2073//1 1751//1
f 2122//2 1752//2 2077//2 2123//2
f 1775//3 2122//3 2123//3 2124//3
f 1775//5 1753//5 1752//5 2122//5
f 2125//1 2126//1 2081//1 1760//1
f 2125//3 1776//3 2127//3 2126//3
f 2125//5 1760//5 1761//5 1776//5
f 1778//2 1764//2 2082//2 2128//2
f 1795//1 2159//1 2150//1 1794//1
f 2159//6 2160//6 2161//6 2150//6
f 1784//4 2153//4 2162//4 1785//4
f 1785//4 2162//4 2163//4 1787//4
f 1787//4 2163//4 2164//4 1800//4
f 1804//2 1801//2 2165//2 2166//2
f 1800//4 2164//4 2165//4 1801//4
f 2167//6 2166//6 2165//6 2164//6
f 1809//1 2176//1 2177//1 1810//1
f 1810//4 2177//4 2178//4 1811//4
f 2176//6 2179//6 2178//6 2177//6
f 1811//4 2178//4 2180//4 1792//4
f 1792//4 2180//4 2159//4 1795//4
f 1812//3 1814//3 2181//3 2182//3
f 1814//3 1816//3 2183//3 2181//3
f 1816//3 2184//3 2185//3 2183//3
f 1816//5 1797//5 1796//5 2184//5
f 2184//3 2186//3 2187//3 2185//3
f 2184//5 1796//5 1798//5 2186//5
f 2186//3 1818//3 2188//3 2187//3
f 2186//5 1798//5 1799//5 1818//5
f 1818//3 1819//3 2189//3 2188//3
f 1819//3 1820//3 2190//3 2189//3
f 1804//4 2166//4 2191//4 1803//4
f 1803//4 2191//4 2192//4 1822//4
f 1824//2 1823//2 2193//2 2194//2
f 1822//4 2192//4 2193//4 1823//4
f 2195//6 2194//6 2193//6 2192//6
f 1833//1 2206//1 2176//1 1809//1
f 1833//3 1849//3 2207//3 2206//3
f 2206//6 2207//6 2179//6 2176//6
f 2208//2 1812//2 2182//2 2209//2
f 1834//3 2208//3 2209//3 2210//3
f 1834//5 1813//5 1812//5 2208//5
f 2211//1 2212//1 2190//1 1820//1
f 2211//3 1835//3 2213//3 2212//3
f 2211//5 1820//5 1821//5 1835//5
f 1836//2 1824//2 2194//2 2214//2
f 1854//3 1836//3 2214//3 2215//3
f 2215//6 2214//6 2194//6 2195//6
f 1909//1 2284//1 2285//1 1910//1
f 1914//2 1913//2 2286//2 2287//2
f 1909//3 1914//3 2287//3 2284//3
f 1910//4 2285//4 2286//4 1913//4
f 2284//6 2287//6 2286//6 2285//6
f 1917//1 2288//1 2289//1 1918//1
f 1922//2 1921//2 2290//2 2291//2
f 1917//3 1922//3 2291//3 2288//3
f 1918//4 2289//4 2290//4 1921//4
f 2288//6 2291//6 2290//6 2289//6
f 2292//1 2293//1 2294//1 2295//1
f 2295//4 2294//4 2296//4 2297//4
f 2292//5 2295//5 2297//5 2298//5
f 2297//4 2296//4 2299//4 1925//4
f 2298//5 2297//5 1925//5 1924//5
f 1925//4 2299//4 2300//4 1927//4
f 1927//4 2300//4 2301//4 1930//4
f 1930//4 2301//4 2302//4 1931//4
f 1931//4 2302//4 2303//4 1932//4
f 1932//4 2303//4 2304//4 1933//4
f 1933//4 2304//4 2305//4 1934//4
f 1934//4 2305//4 2306//4 1935//4
f 1935//4 2306//4 2307//4 1936//4
f 1936//4 2307//4 2308//4 1937//4
f 1937//4 2308//4 2309//4 1938//4
f 1938//4 2309//4 2310//4 1939//4
f 1939//4 2310//4 2311//4 1940//4
f 1940//4 2311//4 2312//4 1941//4
f 1941//4 2312//4 2313//4 1942//4
f 1942//4 2313//4 2314//4 1943//4
f 1943//4 2314//4 2315//4 1944//4
f 1944//4 2315//4 2316//4 1945//4
f 1945//4 2316//4 2317//4 1946//4
f 1946//4 2317//4 2318//4 1947//4
f 1947//4 2318//4 2319//4 1948//4
f 1948//4 2319//4 2320//4 1949//4
f 1949//4 2320//4 2321//4 1950//4
f 1950//4 2321//4 2322//4 1955//4
f 1955//4 2322//4 2323//4 2324//4
f 1956//5 1955//5 2324//5 2325//5
f 2326//2 2327//2 2328//2 2329//2
f 2324//4 2323//4 2328//4 2327//4
f 2325//5 2324//5 2327//5 2326//5
f 2330//1 2331//1 2293//1 2292//1
f 2330//3 2332//3 2333//3 2331//3
f 2330//5 2292//5 2298//5 2332//5
f 2332//5 2298//5 1924//5 1964//5
f 1997//3 1996//3 2334//3 2335//3
f 1996//3 1999//3 2336//3 2334//3
f 1999//3 1968//3 2337//3 2336//3
f 1968//3 1967//3 2338//3 2337//3
f 1967//3 1969//3 2339//3 2338//3
f 1969//3 1970//3 2340//3 2339//3
f 1970//3 1971//3 2341//3 2340//3
f 1971//3 1972//3 2342//3 2341//3
f 1972//3 1973//3 2343//3 2342//3
f 1973//3 1974//3 2344//3 2343//3
f 1974//3 1975//3 2345//3 2344//3
f 1975//3 1976//3 2346//3 2345//3
f 1976//3 1977//3 2347//3 2346//3
f 1977//3 1978//3 2348//3 2347//3
f 1978//3 1979//3 2349//3 2348//3
f 1979//3 1980//3 2350//3 2349//3
f 1980//3 2003//3 2351//3 2350//3
f 2003//3 2005//3 2352//3 2351//3
f 2005//3 2008//3 2353//3 2352//3
f 1983//5 1956//5 2325//5 2354//5
f 2355//2 2326//2 2329//2 2356//2
f 2354//3 2355//3 2356//3 2357//3
f 2354//5 2325//5 2326//5 2355//5
f 2374//1 2375//1 2376//1 2377//1
f 2374//3 2012//3 2378//3 2375//3
f 2377//4 2376//4 2379//4 2013//4
f 2374//5 2377//5 2013//5 2012//5
f 2016//2 2017//2 2380//2 2381//2
f 2012//3 2016//3 2381//3 2378//3
f 2013//4 2379//4 2380//4 2017//4
f 2378//6 2381//6 2380//6 2379//6
f 2382//1 2383//1 2384//1 2385//1
f 2382//3 2022//3 2386//3 2383//3
f 2385//4 2384//4 2387//4 2023//4
f 2382//5 2385//5 2023//5 2022//5
f 2026//2 2027//2 2388//2 2389//2
f 2022//3 2026//3 2389//3 2386//3
f 2023//4 2387//4 2388//4 2027//4
f 2386//6 2389//6 2388//6 2387//6
f 2073//1 2414//1 2415//1 2074//1
f 2074//4 2415//4 2416//4 2075//4
f 2414//6 2417//6 2416//6 2415//6
f 2075//4 2416//4 2418//4 2031//4
f 2031//4 2418//4 2419//4 2034//4
f 2034//4 2419//4 2420//4 2036//4
f 2036//4 2420//4 2421//4 2038//4
f 2038//4 2421//4 2422//4 2039//4
f 2039//4 2422//4 2390//4 2040//4
f 2082//2 2044//2 2397//2 2423//2
f 2424//6 2423//6 2397//6 2393//6
f 2121//1 2445//1 2414//1 2073//1
f 2121//3 2124//3 2446//3 2445//3
f 2445//6 2446//6 2417//6 2414//6
f 2123//5 2077//5 2076//5 2447//5
f 2447//3 2448//3 2449//3 2450//3
f 2447//5 2076//5 2078//5 2448//5
f 2448//3 2451//3 2452//3 2449//3
f 2448//5 2078//5 2079//5 2451//5
f 2451//3 2453//3 2454//3 2452//3
f 2451//5 2079//5 2080//5 2453//5
f 2453//5 2080//5 2081//5 2126//5
f 2128//2 2082//2 2423//2 2455//2
f 2127//3 2128//3 2455//3 2456//3
f 2456//6 2455//6 2423//6 2424//6
f 2160//1 2535//1 2497//1 2161//1
f 2535//6 2536//6 2500//6 2497//6
f 2154//4 2500//4 2537//4 2153//4
f 2536//6 2538//6 2537//6 2500//6
f 2153//4 2537//4 2539//4 2162//4
f 2538//6 2540//6 2539//6 2537//6
f 2162//4 2539//4 2541//4 2163//4
f 2540//6 2542//6 2541//6 2539//6
f 2167//2 2164//2 2543//2 2544//2
f 2163//4 2541//4 2543//4 2164//4
f 2542//6 2544//6 2543//6 2541//6
f 2179//1 2561//1 2562//1 2178//1
f 2178//4 2562//4 2563//4 2180//4
f 2561//6 2564//6 2563//6 2562//6
f 2180//4 2563//4 2565//4 2159//4
f 2159//4 2565//4 2535//4 2160//4
f 2181//3 2183//3 2566//3 2567//3
f 2183//3 2185//3 2568//3 2566//3
f 2185//3 2187//3 2569//3 2568//3
f 2187//3 2188//3 2570//3 2569//3
f 2188//3 2189//3 2571//3 2570//3
f 2167//4 2544//4 2572//4 2166//4
f 2166//4 2572//4 2573//4 2191//4
f 2195//2 2192//2 2574//2 2575//2
f 2191//4 2573//4 2574//4 2192//4
f 2576//6 2575//6 2574//6 2573//6
f 2207//1 2581//1 2561//1 2179//1
f 2581//6 2582//6 2564//6 2561//6
f 2583//2 2181//2 2567//2 2584//2
f 2209//3 2583//3 2584//3 2585//3
f 2209//5 2182//5 2181//5 2583//5
f 2586//1 2587//1 2571//1 2189//1
f 2586//3 2212//3 2588//3 2587//3
f 2586//5 2189//5 2190//5 2212//5
f 2215//2 2195//2 2575//2 2589//2
f 2590//6 2589//6 2575//6 2576//6
f 2287//1 2641//1 2642//1 2286//1
f 2643//2 2644//2 2645//2 2646//2
f 2287//3 2643//3 2646//3 2641//3
f 2286//4 2642//4 2645//4 2644//4
f 2287//5 2286//5 2644//5 2643//5
f 2291//1 2647//1 2648//1 2290//1
f 2649//2 2650//2 2651//2 2652//2
f 2291//3 2649//3 2652//3 2647//3
f 2290//4 2648//4 2651//4 2650//4
f 2291//5 2290//5 2650//5 2649//5
f 2653//1 2654//1 2655//1 2656//1
f 2656//4 2655//4 2657//4 2294//4
f 2653//5 2656//5 2294//5 2293//5
f 2294//4 2657//4 2658//4 2296//4
f 2296//4 2658//4 2659//4 2299//4
f 2299//4 2659//4 2660//4 2300//4
f 2300//4 2660//4 2661//4 2301//4
f 2301//4 2661//4 2662//4 2302//4
f 2302//4 2662//4 2663//4 2303//4
f 2303//4 2663//4 2664//4 2304//4
f 2304//4 2664//4 2665//4 2305//4
f 2305//4 2665//4 2666//4 2306//4
f 2306//4 2666//4 2667//4 2307//4
f 2307//4 2667//4 2668//4 2308//4
f 2308//4 2668//4 2669//4 2309//4
f 2309//4 2669//4 2670//4 2310//4
f 2310//4 2670//4 2671//4 2311//4
f 2311//4 2671//4 2672//4 2312//4
f 2312//4 2672//4 2673//4 2313//4
f 2313//4 2673//4 2674//4 2314//4
f 2314//4 2674//4 2675//4 2315//4
f 2315//4 2675//4 2676//4 2316//4
f 2316//4 2676//4 2677//4 2317//4
f 2317//4 2677//4 2678//4 2318//4
f 2318//4 2678//4 2679//4 2319//4
f 2319//4 2679//4 2680//4 2320//4
f 2320//4 2680//4 2681//4 2321//4
f 2321//4 2681//4 2682//4 2322//4
f 2322//4 2682//4 2683//4 2323//4
f 2323//4 2683//4 2684//4 2328//4
f 2685//2 2686//2 2687//2 2688//2
f 2328//4 2684//4 2687//4 2686//4
f 2329//5 2328//5 2686//5 2685//5
f 2689//1 2690//1 2654//1 2653//1
f 2689//3 2331//3 2691//3 2690//3
f 2689//5 2653//5 2293//5 2331//5
f 2364//3 2363//3 2692//3 2693//3
f 2363//3 2335//3 2694//3 2692//3
f 2335//3 2334//3 2695//3 2694//3
f 2334//3 2336//3 2696//3 2695//3
f 2336//3 2337//3 2697//3 2696//3
f 2337//3 2338//3 2698//3 2697//3
f 2338//3 2339//3 2699//3 2698//3
f 2339//3 2340//3 2700//3 2699//3
f 2340//3 2341//3 2701//3 2700//3
f 2341//3 2342//3 2702//3 2701//3
f 2342//3 2343//3 2703//3 2702//3
f 2343//3 2344//3 2704//3 2703//3
f 2344//3 2345//3 2705//3 2704//3
f 2345//3 2346//3 2706//3 2705//3
f 2346//3 2347//3 2707//3 2706//3
f 2347//3 2348//3 2708//3 2707//3
f 2348//3 2349//3 2709//3 2708//3
f 2349//3 2350//3 2710//3 2709//3
f 2350//3 2351//3 2711//3 2710//3
f 2351//3 2352//3 2712//3 2711//3
f 2352//3 2353//3 2713//3 2712//3
f 2353//3 2368//3 2714//3 2713//3
f 2368//3 2371//3 2715//3 2714//3
f 2716//2 2685//2 2688//2 2717//2
f 2356//3 2716//3 2717//3 2718//3
f 2356//5 2329//5 2685//5 2716//5
f 2378//2 2379//2 2734//2 2735//2
f 2375//3 2378//3 2735//3 2736//3
f 2376//4 2733//4 2734//4 2379//4
f 2736//6 2735//6 2734//6 2733//6
f 2386//2 2387//2 2742//2 2743//2
f 2383//3 2386//3 2743//3 2744//3
f 2384//4 2741//4 2742//4 2387//4
f 2744//6 2743//6 2742//6 2741//6
f 2417//1 2779//1 2780//1 2416//1
f 2416//4 2780//4 2781//4 2418//4
f 2779//6 2782//6 2781//6 2780//6
f 2418//4 2781//4 2783//4 2419//4
f 2782//6 2784//6 2783//6 2781//6
f 2419//4 2783//4 2785//4 2420//4
f 2784//6 2786//6 2785//6 2783//6
f 2420//4 2785//4 2787//4 2421//4
f 2421//4 2787//4 2788//4 2422//4
f 2789//6 2790//6 2788//6 2787//6
f 2422//4 2788//4 2791//4 2390//4
f 2790//6 2792//6 2791//6 2788//6
f 2424//2 2393//2 2745//2 2793//2
f 2390//4 2791//4 2745//4 2393//4
f 2792//6 2793//6 2745//6 2791//6
f 2446//1 2814//1 2779//1 2417//1
f 2446//3 2503//3 2815//3 2814//3
f 2814//6 2815//6 2782//6 2779//6
f 2815//6 2816//6 2784//6 2782//6
f 2816//6 2817//6 2786//6 2784//6
f 2818//6 2819//6 2790//6 2789//6
f 2819//6 2820//6 2792//6 2790//6
f 2456//2 2424//2 2793//2 2821//2
f 2510//3 2456//3 2821//3 2820//3
f 2820//6 2821//6 2793//6 2792//6
f 2564//1 2908//1 2909//1 2563//1
f 2563//4 2909//4 2910//4 2565//4
f 2908//6 2911//6 2910//6 2909//6
f 2565//4 2910//4 2912//4 2535//4
f 2535//4 2912//4 2913//4 2536//4
f 2536//4 2913//4 2914//4 2538//4
f 2538//4 2914//4 2915//4 2540//4
f 2540//4 2915//4 2916//4 2542//4
f 2542//4 2916//4 2917//4 2544//4
f 2544//4 2917//4 2918//4 2572//4
f 2576//2 2573//2 2919//2 2920//2
f 2572//4 2918//4 2919//4 2573//4
f 2921//6 2920//6 2919//6 2918//6
f 2582//1 2938//1 2908//1 2564//1
f 2938//6 2939//6 2911//6 2908//6
f 2584//5 2567//5 2566//5 2940//5
f 2940//3 2941//3 2942//3 2943//3
f 2940//5 2566//5 2568//5 2941//5
f 2941//3 2944//3 2945//3 2942//3
f 2941//5 2568//5 2569//5 2944//5
f 2944//3 2946//3 2947//3 2945//3
f 2944//5 2569//5 2570//5 2946//5
f 2946//5 2570//5 2571//5 2587//5
f 2590//2 2576//2 2920//2 2948//2
f 2949//6 2948//6 2920//6 2921//6
f 2641//1 3008//1 3009//1 2642//1
f 2641//3 2646//3 3010//3 3008//3
f 2642//4 3009//4 3011//4 2645//4
f 3008//6 3010//6 3011//6 3009//6
f 2647//1 3016//1 3017//1 2648//1
f 2647//3 2652//3 3018//3 3016//3
f 2648//4 3017//4 3019//4 2651//4
f 3016//6 3018//6 3019//6 3017//6
f 3021//4 3020//4 3023//4 3024//4
f 3022//5 3021//5 3024//5 3025//5
f 3024//4 3023//4 3026//4 2655//4
f 3025//5 3024//5 2655//5 2654//5
f 2655//4 3026//4 3027//4 2657//4
f 2657//4 3027//4 3028//4 2658//4
f 2658//4 3028//4 3029//4 2659//4
f 2659//4 3029//4 3030//4 2660//4
f 2660//4 3030//4 3031//4 2661//4
f 2661//4 3031//4 3032//4 2662//4
f 2662//4 3032//4 3033//4 2663//4
f 2663//4 3033//4 3034//4 2664//4
f 2664//4 3034//4 3035//4 2665//4
f 2665//4 3035//4 3036//4 2666//4
f 2666//4 3036//4 3037//4 2667//4
f 2667//4 3037//4 3038//4 2668//4
f 2668//4 3038//4 3039//4 2669//4
f 2669//4 3039//4 3040//4 2670//4
f 2670//4 3040//4 3041//4 2671//4
f 2671//4 3041//4 3042//4 2672//4
f 2672//4 3042//4 3043//4 2673//4
f 2673//4 3043//4 3044//4 2674//4
f 2674//4 3044//4 3045//4 2675//4
f 2675//4 3045//4 3046//4 2676//4
f 2676//4 3046//4 3047//4 2677//4
f 2677//4 3047//4 3048//4 2678//4
f 2678//4 3048//4 3049//4 2679//4
f 2679//4 3049//4 3050//4 2680//4
f 2680//4 3050//4 3051//4 2681//4
f 2681//4 3051//4 3052//4 2682//4
f 2682//4 3052//4 3053//4 2683//4
f 2683//4 3053//4 3054//4 2684//4
f 2684//4 3054//4 3055//4 2687//4
f 2687//4 3055//4 3056//4 3057//4
f 2688//5 2687//5 3057//5 3058//5
f 3059//2 3060//2 3061//2 3062//2
f 3057//4 3056//4 3061//4 3060//4
f 3058//5 3057//5 3060//5 3059//5
f 3069//3 3070//3 3071//3 3072//3
f 3069//5 3022//5 3025//5 3070//5
f 3070//5 3025//5 2654//5 2690//5
f 2723//3 2693//3 3073//3 3074//3
f 2693//3 2692//3 3075//3 3073//3
f 2692//3 2694//3 3076//3 3075//3
f 2694//3 2695//3 3077//3 3076//3
f 2695//3 2696//3 3078//3 3077//3
f 2696//3 2697//3 3079//3 3078//3
f 2697//3 2698//3 3080//3 3079//3
f 2698//3 2699//3 3081//3 3080//3
f 2699//3 2700//3 3082//3 3081//3
f 2700//3 2701//3 3083//3 3082//3
f 2701//3 2702//3 3084//3 3083//3
f 2702//3 2703//3 3085//3 3084//3
f 2703//3 2704//3 3086//3 3085//3
f 3085//6 3086//6 3087//6 3088//6
f 2704//3 2705//3 3089//3 3086//3
f 2705//3 2706//3 3090//3 3089//3
f 2706//3 2707//3 3091//3 3090//3
f 2707//3 2708//3 3092//3 3091//3
f 2708//3 2709//3 3093//3 3092//3
f 2709//3 2710//3 3094//3 3093//3
f 2710//3 2711//3 3095//3 3094//3
f 2711//3 2712//3 3096//3 3095//3
f 2712//3 2713//3 3097//3 3096//3
f 2713//3 2714//3 3098//3 3097//3
f 2714//3 2715//3 3099//3 3098//3
f 2715//3 2726//3 3100//3 3099//3
f 2717//5 2688//5 3058//5 2731//5
f 2733//2 3059//2 3062//2 3101//2
f 2731//5 3058//5 3059//5 2733//5
f 3118//3 2730//3 3119//3 3120//3
f 3118//5 2717//5 2731//5 2730//5
f 2736//2 2733//2 3101//2 3121//2
f 2730//3 2736//3 3121//3 3119//3
f 3122//1 3123//1 3124//1 3125//1
f 3122//3 2738//3 3126//3 3123//3
f 3125//4 3124//4 3127//4 2739//4
f 3122//5 3125//5 2739//5 2738//5
f 3123//6 3126//6 3127//6 3124//6
f 2744//2 2741//2 3128//2 3129//2
f 2738//3 2744//3 3129//3 3126//3
f 2739//4 3127//4 3128//4 2741//4
f 3126//6 3129//6 3128//6 3127//6
f 2786//1 3152//1 3153//1 2785//1
f 2789//2 2787//2 3154//2 3155//2
f 2785//4 3153//4 3154//4 2787//4
f 3152//6 3155//6 3154//6 3153//6
f 2817//1 3166//1 3152//1 2786//1
f 2818//2 2789//2 3155//2 3167//2
f 2817//3 2818//3 3167//3 3166//3
f 3166//6 3167//6 3155//6 3152//6
f 2911//1 3231//1 3232//1 2910//1
f 2910//4 3232//4 3233//4 2912//4
f 3231//6 3234//6 3233//6 3232//6
f 2912//4 3233//4 3235//4 2913//4
f 3234//6 3236//6 3235//6 3233//6
f 2913//4 3235//4 3237//4 2914//4
f 3236//6 3238//6 3237//6 3235//6
f 2914//4 3237//4 3239//4 2915//4
f 2915//4 3239//4 3240//4 2916//4
f 3241//6 3242//6 3240//6 3239//6
f 2916//4 3240//4 3243//4 2917//4
f 3242//6 3244//6 3243//6 3240//6
f 2921//2 2918//2 3245//2 3246//2
f 2917//4 3243//4 3245//4 2918//4
f 3244//6 3246//6 3245//6 3243//6
f 2939//1 3275//1 3231//1 2911//1
f 2939//3 2953//3 3276//3 3275//3
f 3275//6 3276//6 3234//6 3231//6
f 3276//6 3277//6 3236//6 3234//6
f 3277//6 3278//6 3238//6 3236//6
f 3279//6 3280//6 3242//6 3241//6
f 3280//6 3281//6 3244//6 3242//6
f 2949//2 2921//2 3246//2 3282//2
f 2960//3 2949//3 3282//3 3281//3
f 3281//6 3282//6 3246//6 3244//6
f 3040//1 3495//1 3496//1 3497//1
f 3041//2 3498//2 3499//2 3500//2
f 3497//4 3496//4 3499//4 3498//4
f 3040//5 3497//5 3498//5 3041//5
f 3010//1 3501//1 3502//1 3011//1
f 3010//3 3015//3 3503//3 3501//3
f 3011//4 3502//4 3504//4 3014//4
f 3501//6 3503//6 3504//6 3502//6
f 3505//2 3506//2 3507//2 3508//2
f 3015//3 3505//3 3508//3 3503//3
f 3014//4 3504//4 3507//4 3506//4
f 3015//5 3014//5 3506//5 3505//5
f 3018//1 3509//1 3510//1 3019//1
f 3019//4 3510//4 3511//4 3020//4
f 3020//4 3511//4 3512//4 3023//4
f 3023//4 3512//4 3513//4 3026//4
f 3026//4 3513//4 3514//4 3027//4
f 3027//4 3514//4 3515//4 3028//4
f 3028//4 3515//4 3516//4 3029//4
f 3029//4 3516//4 3517//4 3030//4
f 3030//4 3517//4 3518//4 3031//4
f 3031//4 3518//4 3519//4 3032//4
f 3032//4 3519//4 3520//4 3033//4
f 3033//4 3520//4 3521//4 3034//4
f 3034//4 3521//4 3522//4 3035//4
f 3035//4 3522//4 3523//4 3036//4
f 3036//4 3523//4 3524//4 3037//4
f 3037//4 3524//4 3525//4 3038//4
f 3038//4 3525//4 3526//4 3039//4
f 3039//4 3526//4 3495//4 3040//4
f 3088//3 3087//3 3527//3 3528//3
f 3041//4 3500//4 3529//4 3042//4
f 3042//4 3529//4 3530//4 3043//4
f 3043//4 3530//4 3531//4 3044//4
f 3044//4 3531//4 3532//4 3045//4
f 3045//4 3532//4 3533//4 3046//4
f 3046//4 3533//4 3534//4 3047//4
f 3047//4 3534//4 3535//4 3048//4
f 3048//4 3535//4 3536//4 3049//4
f 3049//4 3536//4 3537//4 3050//4
f 3050//4 3537//4 3538//4 3051//4
f 3051//4 3538//4 3539//4 3052//4
f 3052//4 3539//4 3540//4 3053//4
f 3053//4 3540//4 3541//4 3054//4
f 3054//4 3541//4 3542//4 3055//4
f 3055//4 3542//4 3543//4 3056//4
f 3056//4 3543//4 3544//4 3061//4
f 3545//2 3546//2 3547//2 3548//2
f 3061//4 3544//4 3547//4 3546//4
f 3062//5 3061//5 3546//5 3545//5
f 3068//1 3549//1 3509//1 3018//1
f 3068//3 3072//3 3550//3 3549//3
f 3114//3 3074//3 3551//3 3552//3
f 3074//3 3073//3 3553//3 3551//3
f 3073//3 3075//3 3554//3 3553//3
f 3075//3 3076//3 3555//3 3554//3
f 3076//3 3077//3 3556//3 3555//3
f 3077//3 3078//3 3557//3 3556//3
f 3078//3 3079//3 3558//3 3557//3
f 3079//3 3080//3 3559//3 3558//3
f 3080//3 3081//3 3560//3 3559//3
f 3559//6 3560//6 3561//6 3562//6
f 3081//3 3082//3 3563//3 3560//3
f 3560//6 3563//6 3564//6 3561//6
f 3082//3 3083//3 3565//3 3563//3
f 3563//6 3565//6 3566//6 3564//6
f 3083//3 3084//3 3567//3 3565//3
f 3565//6 3567//6 3568//6 3566//6
f 3085//2 3088//2 3528//2 3569//2
f 3084//3 3085//3 3569//3 3567//3
f 3567//6 3569//6 3528//6 3568//6
f 3086//1 3570//1 3527//1 3087//1
f 3086//3 3089//3 3571//3 3570//3
f 3570//6 3571//6 3572//6 3527//6
f 3089//3 3090//3 3573//3 3571//3
f 3571//6 3573//6 3574//6 3572//6
f 3090//3 3091//3 3575//3 3573//3
f 3573//6 3575//6 3576//6 3574//6
f 3091//3 3092//3 3577//3 3575//3
f 3575//6 3577//6 3578//6 3576//6
f 3092//3 3093//3 3579//3 3577//3
f 3577//6 3579//6 3580//6 3578//6
f 3093//3 3094//3 3581//3 3579//3
f 3094//3 3095//3 3582//3 3581//3
f 3095//3 3096//3 3583//3 3582//3
f 3096//3 3097//3 3584//3 3583//3
f 3097//3 3098//3 3585//3 3584//3
f 3098//3 3099//3 3586//3 3585//3
f 3099//3 3100//3 3587//3 3586//3
f 3100//3 3117//3 3588//3 3587//3
f 3101//3 3589//3 3590//3 3591//3
f 3101//5 3062//5 3545//5 3589//5
f 3589//3 3124//3 3592//3 3590//3
f 3545//4 3548//4 3593//4 3594//4
f 3589//5 3545//5 3594//5 3124//5
f 3127//2 3595//2 3596//2 3597//2
f 3124//3 3127//3 3597//3 3592//3
f 3594//4 3593//4 3596//4 3595//4
f 3124//5 3594//5 3595//5 3127//5
f 3592//6 3597//6 3596//6 3593//6
f 3238//1 3693//1 3694//1 3237//1
f 3241//2 3239//2 3695//2 3696//2
f 3237//4 3694//4 3695//4 3239//4
f 3693//6 3696//6 3695//6 3694//6
f 3278//1 3717//1 3693//1 3238//1
f 3279//2 3241//2 3696//2 3718//2
f 3278//3 3279//3 3718//3 3717//3
f 3717//6 3718//6 3696//6 3693//6
f 3522//1 3943//1 3944//1 3945//1
f 3945//4 3944//4 3946//4 3947//4
f 3522//5 3945//5 3947//5 3523//5
f 3947//4 3946//4 3948//4 3949//4
f 3523//5 3947//5 3949//5 3524//5
f 3949//4 3948//4 3950//4 3951//4
f 3524//5 3949//5 3951//5 3525//5
f 3951//4 3950//4 3952//4 3953//4
f 3525//5 3951//5 3953//5 3526//5
f 3953//4 3952//4 3954//4 3496//4
f 3526//5 3953//5 3496//5 3495//5
f 3496//4 3954//4 3955//4 3499//4
f 3499//4 3955//4 3956//4 3957//4
f 3500//5 3499//5 3957//5 3529//5
f 3957//4 3956//4 3958//4 3959//4
f 3529//5 3957//5 3959//5 3530//5
f 3959//4 3958//4 3960//4 3961//4
f 3530//5 3959//5 3961//5 3531//5
f 3961//4 3960//4 3962//4 3963//4
f 3531//5 3961//5 3963//5 3532//5
f 3533//2 3964//2 3965//2 3966//2
f 3963//4 3962//4 3965//4 3964//4
f 3532//5 3963//5 3964//5 3533//5
f 3503//1 3967//1 3931//1 3504//1
f 3508//2 3507//2 3936//2 3968//2
f 3967//6 3968//6 3936//6 3931//6
f 3969//1 3970//1 3971//1 3972//1
f 3972//4 3971//4 3973//4 3510//4
f 3969//5 3972//5 3510//5 3509//5
f 3510//4 3973//4 3937//4 3511//4
f 3512//4 3942//4 3974//4 3513//4
f 3513//4 3974//4 3975//4 3514//4
f 3514//4 3975//4 3976//4 3515//4
f 3515//4 3976//4 3977//4 3516//4
f 3516//4 3977//4 3978//4 3517//4
f 3517//4 3978//4 3979//4 3518//4
f 3518//4 3979//4 3980//4 3519//4
f 3519//4 3980//4 3981//4 3520//4
f 3520//4 3981//4 3982//4 3521//4
f 3521//4 3982//4 3943//4 3522//4
f 3562//3 3561//3 3983//3 3984//3
f 3561//3 3564//3 3985//3 3983//3
f 3564//3 3566//3 3986//3 3985//3
f 3566//3 3568//3 3987//3 3986//3
f 3568//3 3528//3 3988//3 3987//3
f 3528//3 3527//3 3989//3 3988//3
f 3527//3 3572//3 3990//3 3989//3
f 3572//3 3574//3 3991//3 3990//3
f 3574//3 3576//3 3992//3 3991//3
f 3576//3 3578//3 3993//3 3992//3
f 3578//3 3580//3 3994//3 3993//3
f 3533//4 3966//4 3995//4 3534//4
f 3534//4 3995//4 3996//4 3535//4
f 3535//4 3996//4 3997//4 3536//4
f 3536//4 3997//4 3998//4 3537//4
f 3537//4 3998//4 3999//4 3538//4
f 3538//4 3999//4 4000//4 3539//4
f 3539//4 4000//4 4001//4 3540//4
f 3540//4 4001//4 4002//4 3541//4
f 3541//4 4002//4 4003//4 3542//4
f 3542//4 4003//4 4004//4 3543//4
f 3543//4 4004//4 4005//4 3544//4
f 3544//4 4005//4 4006//4 3547//4
f 3593//2 4007//2 4008//2 4009//2
f 3547//4 4006//4 4008//4 4007//4
f 3548//5 3547//5 4007//5 3593//5
f 4014//1 4015//1 3970//1 3969//1
f 4014//5 3969//5 3509//5 3549//5
f 3602//3 3601//3 4016//3 4017//3
f 3601//3 3552//3 4018//3 4016//3
f 3552//3 3551//3 4019//3 4018//3
f 3551//3 3553//3 4020//3 4019//3
f 3553//3 3554//3 4021//3 4020//3
f 3554//3 3555//3 4022//3 4021//3
f 3555//3 3556//3 4023//3 4022//3
f 3556//3 3557//3 4024//3 4023//3
f 3557//3 3558//3 4025//3 4024//3
f 4024//6 4025//6 4026//6 4027//6
f 3559//2 3562//2 3984//2 4028//2
f 3558//3 3559//3 4028//3 4025//3
f 4025//6 4028//6 3984//6 4026//6
f 3579//1 4029//1 3994//1 3580//1
f 3579//3 3581//3 4030//3 4029//3
f 4029//6 4030//6 4031//6 3994//6
f 3581//3 3582//3 4032//3 4030//3
f 4030//6 4032//6 4033//6 4031//6
f 3582//3 3583//3 4034//3 4032//3
f 3583//3 3584//3 4035//3 4034//3
f 3584//3 3585//3 4036//3 4035//3
f 3585//3 3586//3 4037//3 4036//3
f 3586//3 3587//3 4038//3 4037//3
f 3587//3 3588//3 4039//3 4038//3
f 3608//3 3607//3 4040//3 4041//3
f 3936//1 4328//1 4329//1 3935//1
f 3971//2 4330//2 4331//2 4332//2
f 3936//3 3971//3 4332//3 4328//3
f 3935//4 4329//4 4331//4 4330//4
f 3936//5 3935//5 4330//5 3971//5
f 4328//6 4332//6 4331//6 4329//6
f 3942//1 4333//1 4334//1 3941//1
f 3974//2 4335//2 4336//2 4337//2
f 3941//4 4334//4 4336//4 4335//4
f 3942//5 3941//5 4335//5 3974//5
f 4333//6 4337//6 4336//6 4334//6
f 3981//1 4338//1 4339//1 4340//1
f 4340//4 4339//4 4341//4 4342//4
f 3981//5 4340//5 4342//5 3982//5
f 4342//4 4341//4 4343//4 3944//4
f 3982//5 4342//5 3944//5 3943//5
f 3944//4 4343//4 4344//4 3946//4
f 3946//4 4344//4 4345//4 3948//4
f 3948//4 4345//4 4346//4 3950//4
f 3950//4 4346//4 4347//4 3952//4
f 3952//4 4347//4 4348//4 3954//4
f 3954//4 4348//4 4349//4 3955//4
f 3955//4 4349//4 4350//4 3956//4
f 3956//4 4350//4 4351//4 3958//4
f 3958//4 4351//4 4352//4 3960//4
f 3960//4 4352//4 4353//4 3962//4
f 3962//4 4353//4 4354//4 3965//4
f 3965//4 4354//4 4355//4 4356//4
f 3966//5 3965//5 4356//5 3995//5
f 3996//2 4357//2 4358//2 4359//2
f 4356//4 4355//4 4358//4 4357//4
f 3995//5 4356//5 4357//5 3996//5
f 4000//1 4360//1 4361//1 4362//1
f 4001//2 4363//2 4364//2 4365//2
f 4362//4 4361//4 4364//4 4363//4
f 4000//5 4362//5 4363//5 4001//5
f 4004//1 4366//1 4367//1 4368//1
f 4005//2 4369//2 4370//2 4371//2
f 4368//4 4367//4 4370//4 4369//4
f 4004//5 4368//5 4369//5 4005//5
f 3970//1 4372//1 4332//1 3971//1
f 3971//4 4332//4 4373//4 3973//4
f 3973//4 4373//4 4374//4 3937//4
f 3937//4 4374//4 4333//4 3942//4
f 3974//4 4337//4 4375//4 3975//4
f 3975//4 4375//4 4376//4 3976//4
f 3976//4 4376//4 4377//4 3977//4
f 3977//4 4377//4 4378//4 3978//4
f 3978//4 4378//4 4379//4 3979//4
f 3979//4 4379//4 4380//4 3980//4
f 3980//4 4380//4 4338//4 3981//4
f 4027//3 4026//3 4381//3 4382//3
f 4026//3 3984//3 4383//3 4381//3
f 3984//3 3983//3 4384//3 4383//3
f 3983//3 3985//3 4385//3 4384//3
f 3985//3 3986//3 4386//3 4385//3
f 3986//3 3987//3 4387//3 4386//3
f 3987//3 3988//3 4388//3 4387//3
f 3988//3 3989//3 4389//3 4388//3
f 3989//3 3990//3 4390//3 4389//3
f 3990//3 3991//3 4391//3 4390//3
f 3991//3 3992//3 4392//3 4391//3
f 3992//3 3993//3 4393//3 4392//3
f 3993//3 3994//3 4394//3 4393//3
f 3994//3 4031//3 4395//3 4394//3
f 4031//3 4033//3 4396//3 4395//3
f 3996//4 4359//4 4397//4 3997//4
f 3997//4 4397//4 4398//4 3998//4
f 3998//4 4398//4 4399//4 3999//4
f 3999//4 4399//4 4360//4 4000//4
f 4001//4 4365//4 4400//4 4002//4
f 4002//4 4400//4 4401//4 4003//4
f 4003//4 4401//4 4366//4 4004//4
f 4005//4 4371//4 4402//4 4006//4
f 4009//2 4008//2 4403//2 4404//2
f 4006//4 4402//4 4403//4 4008//4
f 4015//1 4405//1 4372//1 3970//1
f 4017//3 4016//3 4406//3 4407//3
f 4016//3 4018//3 4408//3 4406//3
f 4018//3 4019//3 4409//3 4408//3
f 4019//3 4020//3 4410//3 4409//3
f 4020//3 4021//3 4411//3 4410//3
f 4021//3 4022//3 4412//3 4411//3
f 4022//3 4023//3 4413//3 4412//3
f 4412//6 4413//6 4414//6 4415//6
f 4024//2 4027//2 4382//2 4416//2
f 4023//3 4024//3 4416//3 4413//3
f 4413//6 4416//6 4382//6 4414//6
f 4032//1 4417//1 4396//1 4033//1
f 4032//3 4034//3 4418//3 4417//3
f 4417//6 4418//6 4419//6 4396//6
f 4034//3 4035//3 4420//3 4418//3
f 4418//6 4420//6 4421//6 4419//6
f 4035//3 4036//3 4422//3 4420//3
f 4036//3 4037//3 4423//3 4422//3
f 4037//3 4038//3 4424//3 4423//3
f 4042//2 4009//2 4404//2 4425//2
f 4787//1 4788//1 4789//1 4790//1
f 4791//2 4792//2 4793//2 4794//2
f 4790//4 4789//4 4793//4 4792//4
f 4787//5 4790//5 4792//5 4791//5
f 4795//1 4796//1 4797//1 4798//1
f 4799//2 4800//2 4801//2 4802//2
f 4798//4 4797//4 4801//4 4800//4
f 4795//5 4798//5 4800//5 4799//5
f 4331//1 4803//1 4804//1 4805//1
f 4806//2 4807//2 4808//2 4809//2
f 4331//3 4806//3 4809//3 4803//3
f 4805//4 4804//4 4808//4 4807//4
f 4331//5 4805//5 4807//5 4806//5
f 4336//1 4810//1 4811//1 4812//1
f 4813//2 4814//2 4815//2 4816//2
f 4336//3 4813//3 4816//3 4810//3
f 4812//4 4811//4 4815//4 4814//4
f 4336//5 4812//5 4814//5 4813//5
f 4379//1 4823//1 4824//1 4825//1
f 4825//4 4824//4 4826//4 4827//4
f 4379//5 4825//5 4827//5 4380//5
f 4827//4 4826//4 4828//4 4339//4
f 4380//5 4827//5 4339//5 4338//5
f 4339//4 4828//4 4829//4 4341//4
f 4341//4 4829//4 4830//4 4343//4
f 4343//4 4830//4 4831//4 4344//4
f 4344//4 4831//4 4832//4 4345//4
f 4345//4 4832//4 4833//4 4346//4
f 4346//4 4833//4 4834//4 4347//4
f 4347//4 4834//4 4835//4 4348//4
f 4348//4 4835//4 4836//4 4349//4
f 4349//4 4836//4 4837//4 4350//4
f 4350//4 4837//4 4838//4 4351//4
f 4351//4 4838//4 4839//4 4352//4
f 4352//4 4839//4 4840//4 4353//4
f 4353//4 4840//4 4841//4 4354//4
f 4354//4 4841//4 4842//4 4355//4
f 4355//4 4842//4 4843//4 4358//4
f 4358//4 4843//4 4844//4 4845//4
f 4359//5 4358//5 4845//5 4397//5
f 4398//2 4846//2 4847//2 4848//2
f 4845//4 4844//4 4847//4 4846//4
f 4397//5 4845//5 4846//5 4398//5
f 4365//2 4364//2 4850//2 4851//2
f 4361//4 4819//4 4850//4 4364//4
f 4371//2 4370//2 4854//2 4855//2
f 4367//4 4822//4 4854//4 4370//4
f 4853//6 4855//6 4854//6 4822//6
f 4856//1 4857//1 4858//1 4328//1
f 4328//4 4858//4 4859//4 4332//4
f 4856//5 4328//5 4332//5 4372//5
f 4332//4 4859//4 4860//4 4373//4
f 4373//4 4860//4 4861//4 4374//4
f 4374//4 4861//4 4862//4 4333//4
f 4333//4 4862//4 4863//4 4337//4
f 4337//4 4863//4 4864//4 4375//4
f 4375//4 4864//4 4865//4 4376//4
f 4376//4 4865//4 4866//4 4377//4
f 4377//4 4866//4 4867//4 4378//4
f 4378//4 4867//4 4823//4 4379//4
f 4415//3 4414//3 4868//3 4869//3
f 4414//3 4382//3 4870//3 4868//3
f 4382//3 4381//3 4871//3 4870//3
f 4381//3 4383//3 4872//3 4871//3
f 4383//3 4384//3 4873//3 4872//3
f 4384//3 4385//3 4874//3 4873//3
f 4385//3 4386//3 4875//3 4874//3
f 4386//3 4387//3 4876//3 4875//3
f 4387//3 4388//3 4877//3 4876//3
f 4388//3 4389//3 4878//3 4877//3
f 4389//3 4390//3 4879//3 4878//3
f 4390//3 4391//3 4880//3 4879//3
f 4391//3 4392//3 4881//3 4880//3
f 4392//3 4393//3 4882//3 4881//3
f 4393//3 4394//3 4883//3 4882//3
f 4394//3 4395//3 4884//3 4883//3
f 4395//3 4396//3 4885//3 4884//3
f 4396//3 4419//3 4886//3 4885//3
f 4419//3 4421//3 4887//3 4886//3
f 4398//4 4848//4 4849//4 4399//4
f 4371//4 4855//4 4889//4 4402//4
f 4402//4 4889//4 4890//4 4403//4
f 4891//2 4892//2 4893//2 4894//2
f 4403//4 4890//4 4893//4 4892//4
f 4404//5 4403//5 4892//5 4891//5
f 4895//1 4896//1 4857//1 4856//1
f 4895//3 4405//3 4897//3 4896//3
f 4895//5 4856//5 4372//5 4405//5
f 4406//3 4408//3 4901//3 4900//3
f 4408//3 4409//3 4902//3 4901//3
f 4409//3 4410//3 4903//3 4902//3
f 4410//3 4411//3 4904//3 4903//3
f 4412//2 4415//2 4869//2 4905//2
f 4411//3 4412//3 4905//3 4904//3
f 4904//6 4905//6 4869//6 4906//6
f 4420//1 4907//1 4887//1 4421//1
f 4420//3 4422//3 4908//3 4907//3
f 4907//6 4908//6 4909//6 4887//6
f 4422//3 4423//3 4910//3 4908//3
f 4437//3 4436//3 4912//3 4913//3
f 4914//2 4891//2 4894//2 4915//2
f 4425//3 4914//3 4915//3 4916//3
f 4425//5 4404//5 4891//5 4914//5
f 5447//1 5448//1 5449//1 5450//1
f 4789//2 5451//2 5452//2 5453//2
f 5450//4 5449//4 5452//4 5451//4
f 5447//5 5450//5 5451//5 4789//5
f 5448//6 5453//6 5452//6 5449//6
f 5454//1 5455//1 5456//1 5457//1
f 4797//2 5458//2 5459//2 5460//2
f 5457//4 5456//4 5459//4 5458//4
f 5454//5 5457//5 5458//5 4797//5
f 5455//6 5460//6 5459//6 5456//6
f 4804//1 5461//1 5462//1 5463//1
f 5463//4 5462//4 5464//4 5465//4
f 4804//5 5463//5 5465//5 4808//5
f 5461//6 5466//6 5464//6 5462//6
f 5467//2 5468//2 5469//2 5470//2
f 4808//3 5467//3 5470//3 5466//3
f 5465//4 5464//4 5469//4 5468//4
f 4808//5 5465//5 5468//5 5467//5
f 4811//1 5471//1 5421//1 5420//1
f 4811//5 5420//5 5422//5 4815//5
f 4815//3 5472//3 5473//3 5474//3
f 4815//5 5422//5 5423//5 5472//5
f 5472//3 5475//3 5476//3 5473//3
f 5472//5 5423//5 5424//5 5475//5
f 5475//3 5477//3 5478//3 5476//3
f 5475//5 5424//5 5425//5 5477//5
f 5477//3 5479//3 5480//3 5478//3
f 5477//5 5425//5 5428//5 5479//5
f 5479//3 5481//3 5482//3 5480//3
f 5479//5 5428//5 5430//5 5481//5
f 5481//3 5483//3 5484//3 5482//3
f 5481//5 5430//5 5432//5 5483//5
f 5483//3 5485//3 5486//3 5484//3
f 5483//5 5432//5 5434//5 5485//5
f 5485//3 5487//3 5488//3 5486//3
f 5485//5 5434//5 5436//5 5487//5
f 5487//3 5489//3 5490//3 5488//3
f 5487//5 5436//5 5438//5 5489//5
f 5491//2 5440//2 5441//2 5492//2
f 5489//3 5491//3 5492//3 5490//3
f 5489//5 5438//5 5440//5 5491//5
f 5499//1 5500//1 5448//1 5447//1
f 5499//3 4788//3 5501//3 5500//3
f 5499//5 5447//5 4789//5 4788//5
f 5500//6 5501//6 5453//6 5448//6
f 4794//2 4793//2 5502//2 5503//2
f 4788//3 4794//3 5503//3 5501//3
f 4789//4 5453//4 5502//4 4793//4
f 5501//6 5503//6 5502//6 5453//6
f 5504//1 5505//1 5455//1 5454//1
f 5504//3 4796//3 5506//3 5505//3
f 5504//5 5454//5 4797//5 4796//5
f 5505//6 5506//6 5460//6 5455//6
f 4802//2 4801//2 5507//2 5508//2
f 4796//3 4802//3 5508//3 5506//3
f 4797//4 5460//4 5507//4 4801//4
f 5506//6 5508//6 5507//6 5460//6
f 4867//1 5517//1 5518//1 5519//1
f 5519//4 5518//4 5520//4 4824//4
f 4867//5 5519//5 4824//5 4823//5
f 4824//4 5520//4 5521//4 4826//4
f 4826//4 5521//4 5522//4 4828//4
f 4828//4 5522//4 5523//4 4829//4
f 4829//4 5523//4 5524//4 4830//4
f 4830//4 5524//4 5525//4 4831//4
f 4831//4 5525//4 5526//4 4832//4
f 4832//4 5526//4 5527//4 4833//4
f 4833//4 5527//4 5528//4 4834//4
f 4834//4 5528//4 5529//4 4835//4
f 4835//4 5529//4 5530//4 4836//4
f 4836//4 5530//4 5531//4 4837//4
f 4837//4 5531//4 5532//4 4838//4
f 4838//4 5532//4 5533//4 4839//4
f 4839//4 5533//4 5534//4 4840//4
f 4840//4 5534//4 5535//4 4841//4
f 4841//4 5535//4 5536//4 4842//4
f 4842//4 5536//4 5537//4 4843//4
f 4843//4 5537//4 5538//4 4844//4
f 4844//4 5538//4 5539//4 4847//4
f 4847//4 5539//4 5540//4 4818//4
f 4848//5 4847//5 4818//5 4849//5
f 5548//1 5549//1 5550//1 5551//1
f 5551//4 5550//4 5552//4 4858//4
f 5548//5 5551//5 4858//5 4857//5
f 4858//4 5552//4 5513//4 4859//4
f 4864//4 5516//4 5555//4 4865//4
f 4865//4 5555//4 5556//4 4866//4
f 4866//4 5556//4 5517//4 4867//4
f 4906//3 4869//3 5557//3 5558//3
f 4869//3 4868//3 5559//3 5557//3
f 4868//3 4870//3 5560//3 5559//3
f 4870//3 4871//3 5561//3 5560//3
f 4871//3 4872//3 5562//3 5561//3
f 4872//3 4873//3 5563//3 5562//3
f 4873//3 4874//3 5564//3 5563//3
f 4874//3 4875//3 5565//3 5564//3
f 4875//3 4876//3 5566//3 5565//3
f 4876//3 4877//3 5567//3 5566//3
f 4877//3 4878//3 5568//3 5567//3
f 4878//3 4879//3 5569//3 5568//3
f 4879//3 4880//3 5570//3 5569//3
f 4880//3 4881//3 5571//3 5570//3
f 4881//3 4882//3 5572//3 5571//3
f 4882//3 4883//3 5573//3 5572//3
f 4883//3 4884//3 5574//3 5573//3
f 4884//3 4885//3 5575//3 5574//3
f 4885//3 4886//3 5576//3 5575//3
f 4886//3 4887//3 5577//3 5576//3
f 4887//3 4909//3 5578//3 5577//3
f 4852//4 5579//4 5580//4 4853//4
f 4853//4 5580//4 5581//4 4855//4
f 4855//4 5581//4 5582//4 4889//4
f 4889//4 5582//4 5583//4 4890//4
f 4890//4 5583//4 5584//4 4893//4
f 5585//2 5586//2 5587//2 5588//2
f 4893//4 5584//4 5587//4 5586//4
f 4894//5 4893//5 5586//5 5585//5
f 5589//1 5590//1 5549//1 5548//1
f 5589//3 4896//3 5591//3 5590//3
f 5589//5 5548//5 4857//5 4896//5
f 4900//3 4901//3 5596//3 5595//3
f 4901//3 4902//3 5597//3 5596//3
f 4902//3 4903//3 5598//3 5597//3
f 4904//2 4906//2 5558//2 5599//2
f 4903//3 4904//3 5599//3 5598//3
f 5598//6 5599//6 5558//6 5600//6
f 4908//1 5601//1 5578//1 4909//1
f 4908//3 4910//3 5602//3 5601//3
f 5601//6 5602//6 5603//6 5578//6
f 4910//3 4911//3 5604//3 5602//3
f 4911//3 4923//3 5605//3 5604//3
f 4923//3 4925//3 5606//3 5605//3
f 4925//3 4913//3 5607//3 5606//3
f 4913//3 4912//3 5608//3 5607//3
f 4912//3 4929//3 5609//3 5608//3
f 5610//2 5585//2 5588//2 5611//2
f 4915//3 5610//3 5611//3 5612//3
f 4915//5 4894//5 5585//5 5610//5
f 5863//1 5864//1 5865//1 5866//1
f 5449//2 5867//2 5868//2 5869//2
f 5866//4 5865//4 5868//4 5867//4
f 5863//5 5866//5 5867//5 5449//5
f 5864//6 5869//6 5868//6 5865//6
f 5870//1 5871//1 5872//1 5873//1
f 5456//2 5874//2 5875//2 5876//2
f 5873//4 5872//4 5875//4 5874//4
f 5870//5 5873//5 5874//5 5456//5
f 5871//6 5876//6 5875//6 5872//6
f 5464//1 5877//1 5878//1 5879//1
f 5879//4 5878//4 5880//4 5881//4
f 5464//5 5879//5 5881//5 5469//5
f 5877//6 5882//6 5880//6 5878//6
f 5883//2 5884//2 5885//2 5886//2
f 5469//3 5883//3 5886//3 5882//3
f 5881//4 5880//4 5885//4 5884//4
f 5469//5 5881//5 5884//5 5883//5
f 5395//4 5860//4 5888//4 5396//4
f 5889//6 5890//6 5888//6 5860//6
f 5426//2 5398//2 5891//2 5892//2
f 5396//4 5888//4 5891//4 5398//4
f 5466//1 5901//1 5877//1 5464//1
f 5470//2 5469//2 5882//2 5902//2
f 5466//3 5470//3 5902//3 5901//3
f 5901//6 5902//6 5882//6 5877//6
f 5471//1 5903//1 5887//1 5421//1
f 5471//3 5474//3 5904//3 5903//3
f 5474//3 5473//3 5905//3 5904//3
f 5473//3 5476//3 5906//3 5905//3
f 5476//3 5478//3 5907//3 5906//3
f 5426//4 5892//4 5908//4 5427//4
f 5478//3 5480//3 5909//3 5907//3
f 5427//4 5908//4 5910//4 5429//4
f 5480//3 5482//3 5911//3 5909//3
f 5429//4 5910//4 5912//4 5431//4
f 5482//3 5484//3 5913//3 5911//3
f 5431//4 5912//4 5914//4 5433//4
f 5484//3 5486//3 5915//3 5913//3
f 5433//4 5914//4 5916//4 5435//4
f 5486//3 5488//3 5917//3 5915//3
f 5435//4 5916//4 5918//4 5437//4
f 5488//3 5490//3 5919//3 5917//3
f 5437//4 5918//4 5893//4 5439//4
f 5492//2 5441//2 5894//2 5920//2
f 5490//3 5492//3 5920//3 5919//3
f 5556//1 5946//1 5947//1 5948//1
f 5948//4 5947//4 5949//4 5518//4
f 5556//5 5948//5 5518//5 5517//5
f 5518//4 5949//4 5950//4 5520//4
f 5520//4 5950//4 5951//4 5521//4
f 5521//4 5951//4 5952//4 5522//4
f 5522//4 5952//4 5953//4 5523//4
f 5523//4 5953//4 5954//4 5524//4
f 5524//4 5954//4 5955//4 5525//4
f 5525//4 5955//4 5956//4 5526//4
f 5526//4 5956//4 5957//4 5527//4
f 5527//4 5957//4 5958//4 5528//4
f 5528//4 5958//4 5959//4 5529//4
f 5529//4 5959//4 5960//4 5530//4
f 5530//4 5960//4 5961//4 5531//4
f 5531//4 5961//4 5962//4 5532//4
f 5532//4 5962//4 5963//4 5533//4
f 5533//4 5963//4 5964//4 5534//4
f 5534//4 5964//4 5965//4 5535//4
f 5535//4 5965//4 5966//4 5536//4
f 5536//4 5966//4 5967//4 5537//4
f 5537//4 5967//4 5968//4 5538//4
f 5538//4 5968//4 5927//4 5539//4
f 5543//2 5541//2 5931//2 5969//2
f 5549//1 5970//1 5971//1 5550//1
f 5550//4 5971//4 5972//4 5552//4
f 5552//4 5972//4 5973//4 5513//4
f 5513//4 5973//4 5974//4 5514//4
f 5514//4 5974//4 5933//4 5553//4
f 5555//4 5945//4 5946//4 5556//4
f 5600//3 5558//3 5975//3 5976//3
f 5558//3 5557//3 5977//3 5975//3
f 5557//3 5559//3 5978//3 5977//3
f 5559//3 5560//3 5979//3 5978//3
f 5560//3 5561//3 5980//3 5979//3
f 5561//3 5562//3 5981//3 5980//3
f 5562//3 5563//3 5982//3 5981//3
f 5563//3 5564//3 5983//3 5982//3
f 5564//3 5565//3 5984//3 5983//3
f 5565//3 5566//3 5985//3 5984//3
f 5566//3 5567//3 5986//3 5985//3
f 5567//3 5568//3 5987//3 5986//3
f 5568//3 5569//3 5988//3 5987//3
f 5569//3 5570//3 5989//3 5988//3
f 5570//3 5571//3 5990//3 5989//3
f 5571//3 5572//3 5991//3 5990//3
f 5572//3 5573//3 5992//3 5991//3
f 5573//3 5574//3 5993//3 5992//3
f 5574//3 5575//3 5994//3 5993//3
f 5575//3 5576//3 5995//3 5994//3
f 5576//3 5577//3 5996//3 5995//3
f 5577//3 5578//3 5997//3 5996//3
f 5578//3 5603//3 5998//3 5997//3
f 5543//4 5969//4 5999//4 5544//4
f 5544//4 5999//4 6000//4 5547//4
f 5547//4 6000//4 6001//4 5579//4
f 5579//4 6001//4 6002//4 5580//4
f 5580//4 6002//4 6003//4 5581//4
f 5581//4 6003//4 6004//4 5582//4
f 5582//4 6004//4 6005//4 5583//4
f 5583//4 6005//4 6006//4 5584//4
f 5588//2 5587//2 6007//2 6008//2
f 5584//4 6006//4 6007//4 5587//4
f 5590//1 6009//1 5970//1 5549//1
f 5617//3 5593//3 6010//3 6011//3
f 5593//3 5592//3 6012//3 6010//3
f 5592//3 5594//3 6013//3 6012//3
f 5594//3 5595//3 6014//3 6013//3
f 5595//3 5596//3 6015//3 6014//3
f 5596//3 5597//3 6016//3 6015//3
f 5598//2 5600//2 5976//2 6017//2
f 5597//3 5598//3 6017//3 6016//3
f 6016//6 6017//6 5976//6 6018//6
f 5602//1 6019//1 5998//1 5603//1
f 5602//3 5604//3 6020//3 6019//3
f 6019//6 6020//6 6021//6 5998//6
f 5604//3 5605//3 6022//3 6020//3
f 5605//3 5606//3 6023//3 6022//3
f 5606//3 5607//3 6024//3 6023//3
f 5607//3 5608//3 6025//3 6024//3
f 5608//3 5609//3 6026//3 6025//3
f 5609//3 5620//3 6027//3 6026//3
f 5611//2 5588//2 6008//2 6028//2
f 6215//1 6216//1 6217//1 6218//1
f 6218//4 6217//4 6208//4 6207//4
f 6215//5 6218//5 6207//5 6219//5
f 6216//6 6220//6 6208//6 6217//6
f 6231//1 6232//1 6233//1 6234//1
f 6234//4 6233//4 6216//4 6215//4
f 6231//5 6234//5 6215//5 6235//5
f 6232//6 6236//6 6216//6 6233//6
f 6287//1 6288//1 6289//1 6290//1
f 6290//4 6289//4 6258//4 6257//4
f 6287//5 6290//5 6257//5 6291//5
f 6288//6 6292//6 6258//6 6289//6
f 6305//1 6306//1 6272//1 6271//1
f 6305//3 6307//3 6308//3 6306//3
f 6305//5 6271//5 6275//5 6307//5
f 6306//6 6308//6 6276//6 6272//6
f 6321//1 6322//1 6323//1 6324//1
f 6324//4 6323//4 6288//4 6287//4
f 6321//5 6324//5 6287//5 6325//5
f 6322//6 6326//6 6288//6 6323//6
f 6335//1 6336//1 6308//1 6307//1
f 6335//3 6337//3 6338//3 6336//3
f 6335//5 6307//5 6309//5 6337//5
f 6336//6 6338//6 6310//6 6308//6
f 6361//1 6362//1 6340//1 6339//1
f 6361//3 6363//3 6364//3 6362//3
f 6361//5 6339//5 6341//5 6363//5
f 6362//6 6364//6 6342//6 6340//6
f 6375//1 6376//1 6377//1 6378//1
f 6378//4 6377//4 6352//4 6351//4
f 6375//5 6378//5 6351//5 6379//5
f 6376//6 6380//6 6352//6 6377//6
f 6387//1 6388//1 6364//1 6363//1
f 6387//3 6389//3 6390//3 6388//3
f 6387//5 6363//5 6365//5 6389//5
f 6388//6 6390//6 6366//6 6364//6
f 5792//1 6397//1 6398//1 5791//1
f 5791//4 6398//4 6376//4 6375//4
f 5792//5 5791//5 6375//5 5799//5
f 6397//6 6399//6 6376//6 6398//6
f 6406//1 6407//1 6392//1 6391//1
f 6406//3 6408//3 6409//3 6407//3
f 6406//5 6391//5 6393//5 6408//5
f 6407//6 6409//6 6394//6 6392//6
f 6422//1 6423//1 6409//1 6408//1
f 6422//3 6424//3 6425//3 6423//3
f 6422//5 6408//5 6410//5 6424//5
f 6423//6 6425//6 6411//6 6409//6
f 6431//1 6432//1 6417//1 5797//1
f 5797//4 6417//4 6418//4 5798//4
f 6431//5 5797//5 5798//5 6433//5
f 6432//6 6434//6 6418//6 6417//6
f 6437//1 6438//1 6427//1 6426//1
f 6437//3 6439//3 6440//3 6438//3
f 6437//5 6426//5 6428//5 6439//5
f 6438//6 6440//6 6430//6 6427//6
f 6461//2 6462//2 6463//2 6464//2
f 6450//4 6451//4 6463//4 6462//4
f 6459//5 6450//5 6462//5 6461//5
f 6460//6 6464//6 6463//6 6451//6
f 6471//2 6455//2 6456//2 6472//2
f 6469//3 6471//3 6472//3 6470//3
f 6469//5 6453//5 6455//5 6471//5
f 6470//6 6472//6 6456//6 6454//6
f 6481//2 6482//2 6483//2 6484//2
f 6478//4 6477//4 6483//4 6482//4
f 6479//5 6478//5 6482//5 6481//5
f 6480//6 6484//6 6483//6 6477//6
f 6499//2 6500//2 6501//2 6502//2
f 6481//4 6484//4 6501//4 6500//4
f 6497//5 6481//5 6500//5 6499//5
f 6498//6 6502//6 6501//6 6484//6
f 6515//2 6491//2 6492//2 6516//2
f 6513//3 6515//3 6516//3 6514//3
f 6513//5 6489//5 6491//5 6515//5
f 6514//6 6516//6 6492//6 6490//6
f 6527//2 6528//2 6529//2 6530//2
f 6524//4 6523//4 6529//4 6528//4
f 6525//5 6524//5 6528//5 6527//5
f 6526//6 6530//6 6529//6 6523//6
f 6545//2 6513//2 6514//2 6546//2
f 6543//3 6545//3 6546//3 6544//3
f 6543//5 6511//5 6513//5 6545//5
f 6544//6 6546//6 6514//6 6512//6
f 6557//2 6558//2 6559//2 6560//2
f 6527//4 6530//4 6559//4 6558//4
f 6555//5 6527//5 6558//5 6557//5
f 6556//6 6560//6 6559//6 6530//6
f 6592//2 6593//2 6594//2 6595//2
f 6589//4 6588//4 6594//4 6593//4
f 6590//5 6589//5 6593//5 6592//5
f 6591//6 6595//6 6594//6 6588//6
f 6606//2 6576//2 6577//2 6607//2
f 6604//3 6606//3 6607//3 6605//3
f 6604//5 6574//5 6576//5 6606//5
f 6605//6 6607//6 6577//6 6575//6
f 6620//2 6621//2 6622//2 6623//2
f 6592//4 6595//4 6622//4 6621//4
f 6618//5 6592//5 6621//5 6620//5
f 6619//6 6623//6 6622//6 6595//6
f 6640//2 6604//2 6605//2 6641//2
f 5831//3 6640//3 6641//3 6639//3
f 5831//5 6602//5 6604//5 6640//5
f 6639//6 6641//6 6605//6 6603//6
f 6686//3 5836//3 6688//3 6687//3
f 6686//5 5830//5 5832//5 5836//5
f 6687//6 6688//6 6668//6 6667//6
f 6703//2 6686//2 6687//2 6704//2
f 6701//3 6703//3 6704//3 6702//3
f 6701//5 6684//5 6686//5 6703//5
f 6702//6 6704//6 6687//6 6685//6
f 5880//1 6725//1 6726//1 6727//1
f 5885//2 6728//2 6729//2 6730//2
f 6727//4 6726//4 6729//4 6728//4
f 5880//5 6727//5 6728//5 5885//5
f 6725//6 6730//6 6729//6 6726//6
f 5888//1 6733//1 6734//1 6735//1
f 5891//2 6736//2 6737//2 6738//2
f 6735//4 6734//4 6737//4 6736//4
f 5888//5 6735//5 6736//5 5891//5
f 6733//6 6738//6 6737//6 6734//6
f 5903//1 6752//1 6743//1 5887//1
f 5889//4 6744//4 6745//4 5890//4
f 5906//3 5907//3 6755//3 6753//3
f 5892//4 6746//4 6756//4 5908//4
f 5907//3 5909//3 6757//3 6755//3
f 5908//4 6756//4 6758//4 5910//4
f 5909//3 5911//3 6759//3 6757//3
f 5910//4 6758//4 6760//4 5912//4
f 5911//3 5913//3 6761//3 6759//3
f 5912//4 6760//4 6762//4 5914//4
f 5913//3 5915//3 6763//3 6761//3
f 5914//4 6762//4 6764//4 5916//4
f 5915//3 5917//3 6765//3 6763//3
f 5916//4 6764//4 6766//4 5918//4
f 5917//3 5919//3 6767//3 6765//3
f 5918//4 6766//4 6747//4 5893//4
f 5920//2 5894//2 6748//2 6768//2
f 5919//3 5920//3 6768//3 6767//3
f 5945//1 6774//1 6773//1 5944//1
f 5944//4 6773//4 6775//4 5947//4
f 5945//5 5944//5 5947//5 5946//5
f 5947//4 6775//4 6776//4 5949//4
f 5949//4 6776//4 6777//4 5950//4
f 5950//4 6777//4 6778//4 5951//4
f 5951//4 6778//4 6779//4 5952//4
f 5952//4 6779//4 6780//4 5953//4
f 5953//4 6780//4 6781//4 5954//4
f 5954//4 6781//4 6782//4 5955//4
f 5955//4 6782//4 6783//4 5956//4
f 5956//4 6783//4 6784//4 5957//4
f 5957//4 6784//4 6785//4 5958//4
f 5958//4 6785//4 6786//4 5959//4
f 5959//4 6786//4 6787//4 5960//4
f 5960//4 6787//4 6788//4 5961//4
f 5961//4 6788//4 6789//4 5962//4
f 5962//4 6789//4 6790//4 5963//4
f 5963//4 6790//4 6791//4 5964//4
f 5964//4 6791//4 6792//4 5965//4
f 5965//4 6792//4 6793//4 5966//4
f 5966//4 6793//4 6794//4 5967//4
f 5967//4 6794//4 6795//4 5968//4
f 5968//4 6795//4 6796//4 5927//4
f 5927//4 6796//4 6797//4 5929//4
f 5929//4 6797//4 6798//4 5931//4
f 5999//2 5932//2 6799//2 6800//2
f 5931//4 6798//4 6799//4 5932//4
f 5969//5 5931//5 5932//5 5999//5
f 6801//1 6802//1 6803//1 6804//1
f 6804//4 6803//4 6805//4 5971//4
f 6801//5 6804//5 5971//5 5970//5
f 5971//4 6805//4 6806//4 5972//4
f 5972//4 6806//4 6807//4 5973//4
f 5973//4 6807//4 6808//4 5974//4
f 5974//4 6808//4 6809//4 5933//4
f 5933//4 6809//4 6810//4 5938//4
f 5938//4 6810//4 6811//4 5940//4
f 5940//4 6811//4 6812//4 5942//4
f 5942//4 6812//4 6774//4 5945//4
f 6018//3 5976//3 6813//3 6814//3
f 5976//3 5975//3 6815//3 6813//3
f 5975//3 5977//3 6816//3 6815//3
f 5977//3 5978//3 6817//3 6816//3
f 5978//3 5979//3 6818//3 6817//3
f 5979//3 5980//3 6819//3 6818//3
f 5980//3 5981//3 6820//3 6819//3
f 5981//3 5982//3 6821//3 6820//3
f 5982//3 5983//3 6822//3 6821//3
f 5983//3 5984//3 6823//3 6822//3
f 5984//3 5985//3 6824//3 6823//3
f 5985//3 5986//3 6825//3 6824//3
f 5986//3 5987//3 6826//3 6825//3
f 6825//6 6826//6 6827//6 6828//6
f 5987//3 5988//3 6829//3 6826//3
f 5988//3 5989//3 6830//3 6829//3
f 5989//3 5990//3 6831//3 6830//3
f 5990//3 5991//3 6832//3 6831//3
f 5991//3 5992//3 6833//3 6832//3
f 5992//3 5993//3 6834//3 6833//3
f 5993//3 5994//3 6835//3 6834//3
f 5994//3 5995//3 6836//3 6835//3
f 5995//3 5996//3 6837//3 6836//3
f 5996//3 5997//3 6838//3 6837//3
f 5997//3 5998//3 6839//3 6838//3
f 5998//3 6021//3 6840//3 6839//3
f 5999//4 6800//4 6841//4 6000//4
f 6000//4 6841//4 6842//4 6001//4
f 6001//4 6842//4 6843//4 6002//4
f 6002//4 6843//4 6844//4 6003//4
f 6003//4 6844//4 6845//4 6004//4
f 6004//4 6845//4 6846//4 6005//4
f 6005//4 6846//4 6847//4 6006//4
f 6006//4 6847//4 6848//4 6007//4
f 6849//2 6850//2 6851//2 6852//2
f 6007//4 6848//4 6851//4 6850//4
f 6008//5 6007//5 6850//5 6849//5
f 6853//1 6854//1 6802//1 6801//1
f 6853//3 6009//3 6855//3 6854//3
f 6853//5 6801//5 5970//5 6009//5
f 6011//3 6010//3 6856//3 6857//3
f 6010//3 6012//3 6858//3 6856//3
f 6012//3 6013//3 6859//3 6858//3
f 6013//3 6014//3 6860//3 6859//3
f 6014//3 6015//3 6861//3 6860//3
f 6016//2 6018//2 6814//2 6862//2
f 6015//3 6016//3 6862//3 6861//3
f 6861//6 6862//6 6814//6 6863//6
f 6020//1 6864//1 6840//1 6021//1
f 6020//3 6022//3 6865//3 6864//3
f 6864//6 6865//6 6866//6 6840//6
f 6022//3 6023//3 6867//3 6865//3
f 6023//3 6024//3 6868//3 6867//3
f 6024//3 6025//3 6869//3 6868//3
f 6025//3 6026//3 6870//3 6869//3
f 6026//3 6027//3 6871//3 6870//3
f 6872//2 6849//2 6852//2 6873//2
f 6028//3 6872//3 6873//3 6874//3
f 6028//5 6008//5 6849//5 6872//5
f 6752//1 7125//1 7121//1 6743//1
f 6752//3 6772//3 7126//3 7125//3
f 6772//3 6754//3 7127//3 7126//3
f 6744//4 7122//4 7128//4 6745//4
f 6754//3 6753//3 7129//3 7127//3
f 6745//4 7128//4 7130//4 6746//4
f 6753//3 6755//3 7131//3 7129//3
f 6746//4 7130//4 7132//4 6756//4
f 6755//3 6757//3 7133//3 7131//3
f 6756//4 7132//4 7134//4 6758//4
f 6757//3 6759//3 7135//3 7133//3
f 6758//4 7134//4 7136//4 6760//4
f 6759//3 6761//3 7137//3 7135//3
f 6760//4 7136//4 7138//4 6762//4
f 6761//3 6763//3 7139//3 7137//3
f 6762//4 7138//4 7140//4 6764//4
f 6763//3 6765//3 7141//3 7139//3
f 6764//4 7140//4 7142//4 6766//4
f 6765//3 6767//3 7143//3 7141//3
f 6766//4 7142//4 7123//4 6747//4
f 6768//2 6748//2 7124//2 7144//2
f 6767//3 6768//3 7144//3 7143//3
f 6786//1 7145//1 7146//1 7147//1
f 6787//2 7148//2 7149//2 7150//2
f 7147//4 7146//4 7149//4 7148//4
f 6786//5 7147//5 7148//5 6787//5
f 6812//1 7151//1 7152//1 6771//1
f 6771//4 7152//4 7153//4 6773//4
f 6812//5 6771//5 6773//5 6774//5
f 6773//4 7153//4 7154//4 6775//4
f 6775//4 7154//4 7155//4 6776//4
f 6776//4 7155//4 7156//4 6777//4
f 6777//4 7156//4 7157//4 6778//4
f 6778//4 7157//4 7158//4 6779//4
f 6779//4 7158//4 7159//4 6780//4
f 6780//4 7159//4 7160//4 6781//4
f 6781//4 7160//4 7161//4 6782//4
f 6782//4 7161//4 7162//4 6783//4
f 6783//4 7162//4 7163//4 6784//4
f 6784//4 7163//4 7164//4 6785//4
f 6785//4 7164//4 7145//4 6786//4
f 6828//3 6827//3 7165//3 7166//3
f 6787//4 7150//4 7167//4 6788//4
f 6788//4 7167//4 7168//4 6789//4
f 6789//4 7168//4 7169//4 6790//4
f 6790//4 7169//4 7170//4 6791//4
f 6791//4 7170//4 7171//4 6792//4
f 6792//4 7171//4 7172//4 6793//4
f 6793//4 7172//4 7173//4 6794//4
f 6794//4 7173//4 7174//4 6795//4
f 6795//4 7174//4 7175//4 6796//4
f 6796//4 7175//4 7176//4 6797//4
f 6797//4 7176//4 7177//4 6798//4
f 6798//4 7177//4 7178//4 6799//4
f 6841//2 7179//2 7180//2 7181//2
f 6799//4 7178//4 7180//4 7179//4
f 6800//5 6799//5 7179//5 6841//5
f 6802//1 7182//1 7183//1 6803//1
f 6803//4 7183//4 7184//4 6805//4
f 6805//4 7184//4 7185//4 6806//4
f 6806//4 7185//4 7186//4 6807//4
f 6807//4 7186//4 7187//4 6808//4
f 6808//4 7187//4 7188//4 6809//4
f 6809//4 7188//4 7189//4 6810//4
f 6810//4 7189//4 7190//4 6811//4
f 6811//4 7190//4 7151//4 6812//4
f 6863//3 6814//3 7191//3 7192//3
f 6814//3 6813//3 7193//3 7191//3
f 6813//3 6815//3 7194//3 7193//3
f 6815//3 6816//3 7195//3 7194//3
f 6816//3 6817//3 7196//3 7195//3
f 6817//3 6818//3 7197//3 7196//3
f 6818//3 6819//3 7198//3 7197//3
f 6819//3 6820//3 7199//3 7198//3
f 6820//3 6821//3 7200//3 7199//3
f 6821//3 6822//3 7201//3 7200//3
f 6822//3 6823//3 7202//3 7201//3
f 7201//6 7202//6 7203//6 7204//6
f 6823//3 6824//3 7205//3 7202//3
f 7202//6 7205//6 7206//6 7203//6
f 6825//2 6828//2 7166//2 7207//2
f 6824//3 6825//3 7207//3 7205//3
f 7205//6 7207//6 7166//6 7206//6
f 6826//1 7208//1 7165//1 6827//1
f 6826//3 6829//3 7209//3 7208//3
f 7208//6 7209//6 7210//6 7165//6
f 6829//3 6830//3 7211//3 7209//3
f 7209//6 7211//6 7212//6 7210//6
f 6830//3 6831//3 7213//3 7211//3
f 7211//6 7213//6 7214//6 7212//6
f 6831//3 6832//3 7215//3 7213//3
f 6832//3 6833//3 7216//3 7215//3
f 6833//3 6834//3 7217//3 7216//3
f 6834//3 6835//3 7218//3 7217//3
f 6835//3 6836//3 7219//3 7218//3
f 6836//3 6837//3 7220//3 7219//3
f 6837//3 6838//3 7221//3 7220//3
f 6838//3 6839//3 7222//3 7221//3
f 6839//3 6840//3 7223//3 7222//3
f 6840//3 6866//3 7224//3 7223//3
f 6841//4 7181//4 7225//4 6842//4
f 6842//4 7225//4 7226//4 6843//4
f 6843//4 7226//4 7227//4 6844//4
f 6844//4 7227//4 7228//4 6845//4
f 6845//4 7228//4 7229//4 6846//4
f 6846//4 7229//4 7230//4 6847//4
f 6847//4 7230//4 7231//4 6848//4
f 6852//2 6851//2 7232//2 7233//2
f 6848//4 7231//4 7232//4 6851//4
f 6854//1 7234//1 7182//1 6802//1
f 6854//3 6855//3 7235//3 7234//3
f 6878//3 6857//3 7236//3 7237//3
f 6857//3 6856//3 7238//3 7236//3
f 6856//3 6858//3 7239//3 7238//3
f 6858//3 6859//3 7240//3 7239//3
f 6859//3 6860//3 7241//3 7240//3
f 6861//2 6863//2 7192//2 7242//2
f 6860//3 6861//3 7242//3 7241//3
f 6865//1 7243//1 7224//1 6866//1
f 6865//3 6867//3 7244//3 7243//3
f 6867//3 6868//3 7245//3 7244//3
f 6868//3 6869//3 7246//3 7245//3
f 6869//3 6870//3 7247//3 7246//3
f 6870//3 6871//3 7248//3 7247//3
f 6871//3 6881//3 7249//3 7248//3
f 6873//2 6852//2 7233//2 7250//2
f 6874//3 6873//3 7250//3 7251//3
f 7125//1 7498//1 7494//1 7121//1
f 7125//3 7126//3 7499//3 7498//3
f 7126//3 7127//3 7500//3 7499//3
f 7122//4 7495//4 7501//4 7128//4
f 7127//3 7129//3 7502//3 7500//3
f 7128//4 7501//4 7503//4 7130//4
f 7129//3 7131//3 7504//3 7502//3
f 7130//4 7503//4 7505//4 7132//4
f 7131//3 7133//3 7506//3 7504//3
f 7132//4 7505//4 7507//4 7134//4
f 7133//3 7135//3 7508//3 7506//3
f 7134//4 7507//4 7509//4 7136//4
f 7135//3 7137//3 7510//3 7508//3
f 7136//4 7509//4 7511//4 7138//4
f 7137//3 7139//3 7512//3 7510//3
f 7138//4 7511//4 7513//4 7140//4
f 7139//3 7141//3 7514//3 7512//3
f 7140//4 7513//4 7515//4 7142//4
f 7141//3 7143//3 7516//3 7514//3
f 7142//4 7515//4 7496//4 7123//4
f 7144//2 7124//2 7497//2 7517//2
f 7143//3 7144//3 7517//3 7516//3
f 7162//1 7518//1 7517//1 7144//1
f 7144//4 7517//4 7519//4 7520//4
f 7162//5 7144//5 7520//5 7163//5
f 7520//4 7519//4 7521//4 7522//4
f 7163//5 7520//5 7522//5 7164//5
f 7522//4 7521//4 7523//4 7146//4
f 7164//5 7522//5 7146//5 7145//5
f 7146//4 7523//4 7524//4 7149//4
f 7149//4 7524//4 7525//4 7526//4
f 7150//5 7149//5 7526//5 7167//5
f 7526//4 7525//4 7527//4 7528//4
f 7167//5 7526//5 7528//5 7168//5
f 7169//2 7529//2 7530//2 7531//2
f 7528//4 7527//4 7530//4 7529//4
f 7168//5 7528//5 7529//5 7169//5
f 7151//1 7532//1 7533//1 7152//1
f 7152//4 7533//4 7534//4 7153//4
f 7153//4 7534//4 7535//4 7154//4
f 7154//4 7535//4 7536//4 7155//4
f 7155//4 7536//4 7537//4 7156//4
f 7156//4 7537//4 7538//4 7157//4
f 7157//4 7538//4 7539//4 7158//4
f 7158//4 7539//4 7540//4 7159//4
f 7159//4 7540//4 7541//4 7160//4
f 7160//4 7541//4 7542//4 7161//4
f 7161//4 7542//4 7518//4 7162//4
f 7204//3 7203//3 7543//3 7544//3
f 7203//3 7206//3 7545//3 7543//3
f 7206//3 7166//3 7546//3 7545//3
f 7166//3 7165//3 7547//3 7546//3
f 7165//3 7210//3 7548//3 7547//3
f 7210//3 7212//3 7549//3 7548//3
f 7212//3 7214//3 7550//3 7549//3
f 7169//4 7531//4 7551//4 7170//4
f 7170//4 7551//4 7552//4 7171//4
f 7171//4 7552//4 7553//4 7172//4
f 7172//4 7553//4 7554//4 7173//4
f 7173//4 7554//4 7555//4 7174//4
f 7174//4 7555//4 7556//4 7175//4
f 7175//4 7556//4 7557//4 7176//4
f 7176//4 7557//4 7558//4 7177//4
f 7177//4 7558//4 7559//4 7178//4
f 7181//2 7180//2 7560//2 7561//2
f 7178//4 7559//4 7560//4 7180//4
f 7562//1 7563//1 7564//1 7565//1
f 7565//4 7564//4 7566//4 7183//4
f 7562//5 7565//5 7183//5 7182//5
f 7183//4 7566//4 7567//4 7184//4
f 7184//4 7567//4 7568//4 7185//4
f 7185//4 7568//4 7569//4 7186//4
f 7186//4 7569//4 7570//4 7187//4
f 7187//4 7570//4 7571//4 7188//4
f 7188//4 7571//4 7572//4 7189//4
f 7189//4 7572//4 7573//4 7190//4
f 7190//4 7573//4 7532//4 7151//4
f 7192//3 7191//3 7574//3 7575//3
f 7191//3 7193//3 7576//3 7574//3
f 7193//3 7194//3 7577//3 7576//3
f 7194//3 7195//3 7578//3 7577//3
f 7195//3 7196//3 7579//3 7578//3
f 7196//3 7197//3 7580//3 7579//3
f 7197//3 7198//3 7581//3 7580//3
f 7198//3 7199//3 7582//3 7581//3
f 7199//3 7200//3 7583//3 7582//3
f 7582//6 7583//6 7584//6 7585//6
f 7201//2 7204//2 7544//2 7586//2
f 7200//3 7201//3 7586//3 7583//3
f 7583//6 7586//6 7544//6 7584//6
f 7213//1 7587//1 7550//1 7214//1
f 7213//3 7215//3 7588//3 7587//3
f 7587//6 7588//6 7589//6 7550//6
f 7215//3 7216//3 7590//3 7588//3
f 7588//6 7590//6 7591//6 7589//6
f 7216//3 7217//3 7592//3 7590//3
f 7217//3 7218//3 7593//3 7592//3
f 7218//3 7219//3 7594//3 7593//3
f 7219//3 7220//3 7595//3 7594//3
f 7220//3 7221//3 7596//3 7595//3
f 7221//3 7222//3 7597//3 7596//3
f 7222//3 7223//3 7598//3 7597//3
f 7223//3 7224//3 7599//3 7598//3
f 7181//4 7561//4 7600//4 7225//4
f 7225//4 7600//4 7601//4 7226//4
f 7226//4 7601//4 7602//4 7227//4
f 7227//4 7602//4 7603//4 7228//4
f 7228//4 7603//4 7604//4 7229//4
f 7229//4 7604//4 7605//4 7230//4
f 7230//4 7605//4 7606//4 7231//4
f 7231//4 7606//4 7607//4 7232//4
f 7608//2 7609//2 7610//2 7611//2
f 7232//4 7607//4 7610//4 7609//4
f 7233//5 7232//5 7609//5 7608//5
f 7612//1 7613//1 7563//1 7562//1
f 7612//3 7234//3 7614//3 7613//3
f 7612//5 7562//5 7182//5 7234//5
f 7237//3 7236//3 7615//3 7616//3
f 7236//3 7238//3 7617//3 7615//3
f 7238//3 7239//3 7618//3 7617//3
f 7239//3 7240//3 7619//3 7618//3
f 7240//3 7241//3 7620//3 7619//3
f 7242//2 7192//2 7575//2 7621//2
f 7241//3 7242//3 7621//3 7620//3
f 7620//6 7621//6 7575//6 7622//6
f 7243//1 7623//1 7599//1 7224//1
f 7243//3 7244//3 7624//3 7623//3
f 7623//6 7624//6 7625//6 7599//6
f 7244//3 7245//3 7626//3 7624//3
f 7245//3 7246//3 7627//3 7626//3
f 7246//3 7247//3 7628//3 7627//3
f 7247//3 7248//3 7629//3 7628//3
f 7248//3 7249//3 7630//3 7629//3
f 7631//2 7608//2 7611//2 7632//2
f 7250//3 7631//3 7632//3 7633//3
f 7250//5 7233//5 7608//5 7631//5
f 7498//1 7952//1 7948//1 7494//1
f 7498//3 7499//3 7953//3 7952//3
f 7499//3 7500//3 7954//3 7953//3
f 7495//4 7949//4 7955//4 7501//4
f 7500//3 7502//3 7956//3 7954//3
f 7501//4 7955//4 7957//4 7503//4
f 7502//3 7504//3 7958//3 7956//3
f 7503//4 7957//4 7959//4 7505//4
f 7504//3 7506//3 7960//3 7958//3
f 7505//4 7959//4 7961//4 7507//4
f 7506//3 7508//3 7962//3 7960//3
f 7507//4 7961//4 7963//4 7509//4
f 7508//3 7510//3 7964//3 7962//3
f 7509//4 7963//4 7965//4 7511//4
f 7510//3 7512//3 7966//3 7964//3
f 7511//4 7965//4 7967//4 7513//4
f 7512//3 7514//3 7968//3 7966//3
f 7513//4 7967//4 7969//4 7515//4
f 7515//4 7969//4 7950//4 7496//4
f 7517//2 7497//2 7951//2 7970//2
f 7541//1 7971//1 7968//1 7514//1
f 7541//5 7514//5 7516//5 7542//5
f 7542//5 7516//5 7517//5 7518//5
f 7517//4 7970//4 7972//4 7519//4
f 7519//4 7972//4 7973//4 7521//4
f 7521//4 7973//4 7974//4 7523//4
f 7523//4 7974//4 7975//4 7524//4
f 7524//4 7975//4 7976//4 7525//4
f 7525//4 7976//4 7977//4 7527//4
f 7527//4 7977//4 7978//4 7530//4
f 7530//4 7978//4 7979//4 7980//4
f 7531//5 7530//5 7980//5 7551//5
f 7552//2 7981//2 7982//2 7983//2
f 7980//4 7979//4 7982//4 7981//4
f 7551//5 7980//5 7981//5 7552//5
f 7573//1 7984//1 7985//1 7986//1
f 7986//4 7985//4 7987//4 7533//4
f 7573//5 7986//5 7533//5 7532//5
f 7533//4 7987//4 7988//4 7534//4
f 7534//4 7988//4 7989//4 7535//4
f 7535//4 7989//4 7990//4 7536//4
f 7536//4 7990//4 7991//4 7537//4
f 7537//4 7991//4 7992//4 7538//4
f 7538//4 7992//4 7993//4 7539//4
f 7539//4 7993//4 7994//4 7540//4
f 7540//4 7994//4 7971//4 7541//4
f 7585//3 7584//3 7995//3 7996//3
f 7584//3 7544//3 7997//3 7995//3
f 7544//3 7543//3 7998//3 7997//3
f 7543//3 7545//3 7999//3 7998//3
f 7545//3 7546//3 8000//3 7999//3
f 7546//3 7547//3 8001//3 8000//3
f 7547//3 7548//3 8002//3 8001//3
f 7548//3 7549//3 8003//3 8002//3
f 7549//3 7550//3 8004//3 8003//3
f 7550//3 7589//3 8005//3 8004//3
f 7589//3 7591//3 8006//3 8005//3
f 7552//4 7983//4 8007//4 7553//4
f 7553//4 8007//4 8008//4 7554//4
f 7554//4 8008//4 8009//4 7555//4
f 7555//4 8009//4 8010//4 7556//4
f 7556//4 8010//4 8011//4 7557//4
f 7557//4 8011//4 8012//4 7558//4
f 7558//4 8012//4 8013//4 7559//4
f 7559//4 8013//4 8014//4 7560//4
f 7600//2 8015//2 8016//2 8017//2
f 7560//4 8014//4 8016//4 8015//4
f 7561//5 7560//5 8015//5 7600//5
f 7563//1 8018//1 8019//1 7564//1
f 7564//4 8019//4 8020//4 7566//4
f 7566//4 8020//4 8021//4 7567//4
f 7567//4 8021//4 8022//4 7568//4
f 7568//4 8022//4 8023//4 7569//4
f 7569//4 8023//4 8024//4 7570//4
f 7570//4 8024//4 8025//4 7571//4
f 7571//4 8025//4 8026//4 7572//4
f 7572//4 8026//4 7984//4 7573//4
f 7622//3 7575//3 8027//3 8028//3
f 7575//3 7574//3 8029//3 8027//3
f 7574//3 7576//3 8030//3 8029//3
f 7576//3 7577//3 8031//3 8030//3
f 7577//3 7578//3 8032//3 8031//3
f 7578//3 7579//3 8033//3 8032//3
f 7579//3 7580//3 8034//3 8033//3
f 7580//3 7581//3 8035//3 8034//3
f 7582//2 7585//2 7996//2 8036//2
f 7581//3 7582//3 8036//3 8035//3
f 8035//6 8036//6 7996//6 8037//6
f 7590//1 8038//1 8006//1 7591//1
f 7590//3 7592//3 8039//3 8038//3
f 8038//6 8039//6 8040//6 8006//6
f 7592//3 7593//3 8041//3 8039//3
f 7593//3 7594//3 8042//3 8041//3
f 7594//3 7595//3 8043//3 8042//3
f 7595//3 7596//3 8044//3 8043//3
f 7596//3 7597//3 8045//3 8044//3
f 7597//3 7598//3 8046//3 8045//3
f 7598//3 7599//3 8047//3 8046//3
f 7599//3 7625//3 8048//3 8047//3
f 7600//4 8017//4 8049//4 7601//4
f 7601//4 8049//4 8050//4 7602//4
f 7602//4 8050//4 8051//4 7603//4
f 7603//4 8051//4 8052//4 7604//4
f 7604//4 8052//4 8053//4 7605//4
f 7605//4 8053//4 8054//4 7606//4
f 7606//4 8054//4 8055//4 7607//4
f 7611//2 7610//2 8056//2 8057//2
f 7607//4 8055//4 8056//4 7610//4
f 7613//1 8058//1 8018//1 7563//1
f 7613//3 7614//3 8059//3 8058//3
f 7616//3 7615//3 8060//3 8061//3
f 7615//3 7617//3 8062//3 8060//3
f 7617//3 7618//3 8063//3 8062//3
f 7618//3 7619//3 8064//3 8063//3
f 7620//2 7622//2 8028//2 8065//2
f 7619//3 7620//3 8065//3 8064//3
f 7624//1 8066//1 8048//1 7625//1
f 7624//3 7626//3 8067//3 8066//3
f 7626//3 7627//3 8068//3 8067//3
f 7627//3 7628//3 8069//3 8068//3
f 7628//3 7629//3 8070//3 8069//3
f 7629//3 7630//3 8071//3 8070//3
f 7632//2 7611//2 8057//2 8072//2
f 7633//3 7632//3 8072//3 8073//3
f 7952//1 8565//1 8539//1 7948//1
f 7952//3 7953//3 8566//3 8565//3
f 7953//3 7954//3 8567//3 8566//3
f 7949//4 8540//4 8568//4 7955//4
f 7954//3 7956//3 8569//3 8567//3
f 7955//4 8568//4 8570//4 7957//4
f 7956//3 7958//3 8571//3 8569//3
f 7957//4 8570//4 8572//4 7959//4
f 7958//3 7960//3 8573//3 8571//3
f 7959//4 8572//4 8574//4 7961//4
f 7960//3 7962//3 8575//3 8573//3
f 7961//4 8574//4 8576//4 7963//4
f 7962//3 7964//3 8577//3 8575//3
f 7963//4 8576//4 8578//4 7965//4
f 7964//3 7966//3 8579//3 8577//3
f 7965//4 8578//4 8580//4 7967//4
f 7967//4 8580//4 8581//4 7969//4
f 7969//4 8581//4 8541//4 7950//4
f 7970//2 7951//2 8542//2 8582//2
f 7976//1 8583//1 8544//1 8543//1
f 7976//5 8543//5 8545//5 7977//5
f 7977//5 8545//5 8546//5 7978//5
f 7978//5 8546//5 8549//5 7979//5
f 7979//5 8549//5 8551//5 7982//5
f 7982//5 8551//5 8553//5 8584//5
f 8584//3 8585//3 8586//3 8587//3
f 8584//5 8553//5 8555//5 8585//5
f 8585//3 8588//3 8589//3 8586//3
f 8585//5 8555//5 8557//5 8588//5
f 8588//3 8590//3 8591//3 8589//3
f 8588//5 8557//5 8559//5 8590//5
f 8590//3 8592//3 8593//3 8591//3
f 8590//5 8559//5 8561//5 8592//5
f 8594//2 8563//2 8564//2 8595//2
f 8592//3 8594//3 8595//3 8593//3
f 8592//5 8561//5 8563//5 8594//5
f 7994//1 8596//1 8579//1 7966//1
f 7994//5 7966//5 7968//5 7971//5
f 7970//4 8582//4 8597//4 7972//4
f 7972//4 8597//4 8598//4 7973//4
f 7973//4 8598//4 8599//4 7974//4
f 7974//4 8599//4 8600//4 7975//4
f 7975//4 8600//4 8583//4 7976//4
f 8007//2 8584//2 8587//2 8601//2
f 7983//5 7982//5 8584//5 8007//5
f 7984//1 8602//1 8603//1 7985//1
f 7985//4 8603//4 8604//4 7987//4
f 7987//4 8604//4 8605//4 7988//4
f 7988//4 8605//4 8606//4 7989//4
f 7989//4 8606//4 8607//4 7990//4
f 7990//4 8607//4 8608//4 7991//4
f 7991//4 8608//4 8609//4 7992//4
f 7992//4 8609//4 8610//4 7993//4
f 7993//4 8610//4 8596//4 7994//4
f 8037//3 7996//3 8611//3 8612//3
f 7996//3 7995//3 8613//3 8611//3
f 7995//3 7997//3 8614//3 8613//3
f 7997//3 7998//3 8615//3 8614//3
f 7998//3 7999//3 8616//3 8615//3
f 7999//3 8000//3 8617//3 8616//3
f 8000//3 8001//3 8618//3 8617//3
f 8001//3 8002//3 8619//3 8618//3
f 8002//3 8003//3 8620//3 8619//3
f 8003//3 8004//3 8621//3 8620//3
f 8004//3 8005//3 8622//3 8621//3
f 8005//3 8006//3 8623//3 8622//3
f 8006//3 8040//3 8624//3 8623//3
f 8007//4 8601//4 8625//4 8008//4
f 8008//4 8625//4 8626//4 8009//4
f 8009//4 8626//4 8627//4 8010//4
f 8010//4 8627//4 8628//4 8011//4
f 8011//4 8628//4 8629//4 8012//4
f 8012//4 8629//4 8630//4 8013//4
f 8013//4 8630//4 8631//4 8014//4
f 8017//2 8016//2 8632//2 8633//2
f 8014//4 8631//4 8632//4 8016//4
f 8018//1 8634//1 8635//1 8019//1
f 8019//4 8635//4 8636//4 8020//4
f 8020//4 8636//4 8637//4 8021//4
f 8021//4 8637//4 8638//4 8022//4
f 8022//4 8638//4 8639//4 8023//4
f 8023//4 8639//4 8640//4 8024//4
f 8024//4 8640//4 8641//4 8025//4
f 8025//4 8641//4 8642//4 8026//4
f 8026//4 8642//4 8602//4 7984//4
f 8028//3 8027//3 8643//3 8644//3
f 8027//3 8029//3 8645//3 8643//3
f 8029//3 8030//3 8646//3 8645//3
f 8030//3 8031//3 8647//3 8646//3
f 8031//3 8032//3 8648//3 8647//3
f 8032//3 8033//3 8649//3 8648//3
f 8033//3 8034//3 8650//3 8649//3
f 8035//2 8037//2 8612//2 8651//2
f 8034//3 8035//3 8651//3 8650//3
f 8039//1 8652//1 8624//1 8040//1
f 8039//3 8041//3 8653//3 8652//3
f 8041//3 8042//3 8654//3 8653//3
f 8042//3 8043//3 8655//3 8654//3
f 8043//3 8044//3 8656//3 8655//3
f 8044//3 8045//3 8657//3 8656//3
f 8045//3 8046//3 8658//3 8657//3
f 8046//3 8047//3 8659//3 8658//3
f 8047//3 8048//3 8660//3 8659//3
f 8017//4 8633//4 8661//4 8049//4
f 8049//4 8661//4 8662//4 8050//4
f 8050//4 8662//4 8663//4 8051//4
f 8051//4 8663//4 8664//4 8052//4
f 8052//4 8664//4 8665//4 8053//4
f 8053//4 8665//4 8666//4 8054//4
f 8054//4 8666//4 8667//4 8055//4
f 8057//2 8056//2 8668//2 8669//2
f 8055//4 8667//4 8668//4 8056//4
f 8058//1 8670//1 8634//1 8018//1
f 8058//3 8059//3 8671//3 8670//3
f 8077//3 8061//3 8672//3 8673//3
f 8061//3 8060//3 8674//3 8672//3
f 8060//3 8062//3 8675//3 8674//3
f 8062//3 8063//3 8676//3 8675//3
f 8063//3 8064//3 8677//3 8676//3
f 8065//2 8028//2 8644//2 8678//2
f 8064//3 8065//3 8678//3 8677//3
f 8066//1 8679//1 8660//1 8048//1
f 8066//3 8067//3 8680//3 8679//3
f 8067//3 8068//3 8681//3 8680//3
f 8068//3 8069//3 8682//3 8681//3
f 8069//3 8070//3 8683//3 8682//3
f 8070//3 8071//3 8684//3 8683//3
f 8071//3 8080//3 8685//3 8684//3
f 8072//2 8057//2 8669//2 8686//2
f 8073//3 8072//3 8686//3 8687//3
f 8565//1 9003//1 8987//1 8539//1
f 8565//3 8566//3 9004//3 9003//3
f 8566//3 8567//3 9005//3 9004//3
f 8540//4 8988//4 9006//4 8568//4
f 8567//3 8569//3 9007//3 9005//3
f 8568//4 9006//4 9008//4 8570//4
f 8569//3 8571//3 9009//3 9007//3
f 8570//4 9008//4 9010//4 8572//4
f 8571//3 8573//3 9011//3 9009//3
f 8572//4 9010//4 9012//4 8574//4
f 8573//3 8575//3 9013//3 9011//3
f 8574//4 9012//4 9014//4 8576//4
f 8575//3 8577//3 9015//3 9013//3
f 8576//4 9014//4 9016//4 8578//4
f 8577//3 8579//3 9017//3 9015//3
f 8578//4 9016//4 9018//4 8580//4
f 8580//4 9018//4 9019//4 8581//4
f 8581//4 9019//4 8989//4 8541//4
f 8582//2 8542//2 8990//2 9020//2
f 8583//1 9021//1 8991//1 8544//1
f 8547//4 8992//4 9022//4 8548//4
f 8548//4 9022//4 9023//4 8550//4
f 8550//4 9023//4 9024//4 8552//4
f 8552//4 9024//4 9025//4 8554//4
f 8587//3 8586//3 9026//3 9027//3
f 8554//4 9025//4 9028//4 8556//4
f 8586//3 8589//3 9029//3 9026//3
f 8556//4 9028//4 9030//4 8558//4
f 8589//3 8591//3 9031//3 9029//3
f 8558//4 9030//4 9032//4 8560//4
f 8591//3 8593//3 9033//3 9031//3
f 8560//4 9032//4 8993//4 8562//4
f 8595//2 8564//2 8994//2 9034//2
f 8593//3 8595//3 9034//3 9033//3
f 8596//1 9035//1 9017//1 8579//1
f 8582//4 9020//4 9036//4 8597//4
f 8597//4 9036//4 9037//4 8598//4
f 8598//4 9037//4 9038//4 8599//4
f 8599//4 9038//4 9039//4 8600//4
f 8600//4 9039//4 9021//4 8583//4
f 8601//2 8587//2 9027//2 9040//2
f 8602//1 9041//1 9042//1 8603//1
f 8603//4 9042//4 9043//4 8604//4
f 8604//4 9043//4 9044//4 8605//4
f 8605//4 9044//4 9045//4 8606//4
f 8606//4 9045//4 9046//4 8607//4
f 8607//4 9046//4 9047//4 8608//4
f 8608//4 9047//4 9048//4 8609//4
f 8609//4 9048//4 9049//4 8610//4
f 8610//4 9049//4 9035//4 8596//4
f 8612//3 8611//3 9050//3 9051//3
f 8611//3 8613//3 9052//3 9050//3
f 8613//3 8614//3 9053//3 9052//3
f 8614//3 8615//3 9054//3 9053//3
f 8615//3 8616//3 9055//3 9054//3
f 8616//3 8617//3 9056//3 9055//3
f 8617//3 8618//3 9057//3 9056//3
f 8618//3 8619//3 9058//3 9057//3
f 8619//3 8620//3 9059//3 9058//3
f 8620//3 8621//3 9060//3 9059//3
f 8621//3 8622//3 9061//3 9060//3
f 8622//3 8623//3 9062//3 9061//3
f 8623//3 8624//3 9063//3 9062//3
f 8601//4 9040//4 9064//4 8625//4
f 8625//4 9064//4 9065//4 8626//4
f 8626//4 9065//4 9066//4 8627//4
f 8627//4 9066//4 9067//4 8628//4
f 8628//4 9067//4 9068//4 8629//4
f 8629//4 9068//4 9069//4 8630//4
f 8630//4 9069//4 9070//4 8631//4
f 8633//2 8632//2 9071//2 9072//2
f 8631//4 9070//4 9071//4 8632//4
f 8634//1 9073//1 9074//1 8635//1
f 8635//4 9074//4 9075//4 8636//4
f 8636//4 9075//4 9076//4 8637//4
f 8637//4 9076//4 9077//4 8638//4
f 8638//4 9077//4 9078//4 8639//4
f 8639//4 9078//4 9079//4 8640//4
f 8640//4 9079//4 9080//4 8641//4
f 8641//4 9080//4 9081//4 8642//4
f 8642//4 9081//4 9041//4 8602//4
f 8644//3 8643//3 9082//3 9083//3
f 8643//3 8645//3 9084//3 9082//3
f 8645//3 8646//3 9085//3 9084//3
f 8646//3 8647//3 9086//3 9085//3
f 8647//3 8648//3 9087//3 9086//3
f 8648//3 8649//3 9088//3 9087//3
f 8649//3 8650//3 9089//3 9088//3
f 8651//2 8612//2 9051//2 9090//2
f 8650//3 8651//3 9090//3 9089//3
f 9089//6 9090//6 9051//6 9091//6
f 8652//1 9092//1 9063//1 8624//1
f 8652//3 8653//3 9093//3 9092//3
f 9092//6 9093//6 9094//6 9063//6
f 8653//3 8654//3 9095//3 9093//3
f 8654//3 8655//3 9096//3 9095//3
f 8655//3 8656//3 9097//3 9096//3
f 8656//3 8657//3 9098//3 9097//3
f 8657//3 8658//3 9099//3 9098//3
f 8658//3 8659//3 9100//3 9099//3
f 8659//3 8660//3 9101//3 9100//3
f 8633//4 9072//4 9102//4 8661//4
f 8661//4 9102//4 9103//4 8662//4
f 8662//4 9103//4 9104//4 8663//4
f 8663//4 9104//4 9105//4 8664//4
f 8664//4 9105//4 9106//4 8665//4
f 8665//4 9106//4 9107//4 8666//4
f 8666//4 9107//4 9108//4 8667//4
f 8669//2 8668//2 9109//2 9110//2
f 8667//4 9108//4 9109//4 8668//4
f 8670//1 9111//1 9073//1 8634//1
f 8673//3 8672//3 9112//3 9113//3
f 8672//3 8674//3 9114//3 9112//3
f 8674//3 8675//3 9115//3 9114//3
f 8675//3 8676//3 9116//3 9115//3
f 8676//3 8677//3 9117//3 9116//3
f 8678//2 8644//2 9083//2 9118//2
f 8677//3 8678//3 9118//3 9117//3
f 9117//6 9118//6 9083//6 9119//6
f 8679//1 9120//1 9101//1 8660//1
f 8679//3 8680//3 9121//3 9120//3
f 9120//6 9121//6 9122//6 9101//6
f 8680//3 8681//3 9123//3 9121//3
f 8681//3 8682//3 9124//3 9123//3
f 8682//3 8683//3 9125//3 9124//3
f 8683//3 8684//3 9126//3 9125//3
f 8684//3 8685//3 9127//3 9126//3
f 8686//2 8669//2 9110//2 9128//2
f 9003//1 9472//1 9450//1 8987//1
f 9003//3 9004//3 9473//3 9472//3
f 9004//3 9005//3 9474//3 9473//3
f 8988//4 9451//4 9475//4 9006//4
f 9005//3 9007//3 9476//3 9474//3
f 9006//4 9475//4 9477//4 9008//4
f 9007//3 9009//3 9478//3 9476//3
f 9008//4 9477//4 9479//4 9010//4
f 9009//3 9011//3 9480//3 9478//3
f 9010//4 9479//4 9481//4 9012//4
f 9011//3 9013//3 9482//3 9480//3
f 9012//4 9481//4 9483//4 9014//4
f 9013//3 9015//3 9484//3 9482//3
f 9014//4 9483//4 9485//4 9016//4
f 9016//4 9485//4 9486//4 9018//4
f 9018//4 9486//4 9487//4 9019//4
f 9019//4 9487//4 9452//4 8989//4
f 9020//2 8990//2 9453//2 9488//2
f 9021//1 9489//1 9454//1 8991//1
f 8992//4 9455//4 9490//4 9022//4
f 9022//4 9490//4 9491//4 9023//4
f 9023//4 9491//4 9492//4 9024//4
f 9024//4 9492//4 9493//4 9025//4
f 9025//4 9493//4 9494//4 9028//4
f 9026//3 9029//3 9495//3 9496//3
f 9028//4 9494//4 9497//4 9030//4
f 9029//3 9031//3 9498//3 9495//3
f 9030//4 9497//4 9499//4 9032//4
f 9031//3 9033//3 9500//3 9498//3
f 9032//4 9499//4 9456//4 8993//4
f 9034//2 8994//2 9457//2 9501//2
f 9033//3 9034//3 9501//3 9500//3
f 9049//1 9502//1 9484//1 9015//1
f 9049//5 9015//5 9017//5 9035//5
f 9020//4 9488//4 9503//4 9036//4
f 9036//4 9503//4 9504//4 9037//4
f 9037//4 9504//4 9505//4 9038//4
f 9038//4 9505//4 9506//4 9039//4
f 9039//4 9506//4 9489//4 9021//4
f 9064//2 9026//2 9496//2 9507//2
f 9040//5 9027//5 9026//5 9064//5
f 9081//1 9508//1 9509//1 9510//1
f 9510//4 9509//4 9511//4 9042//4
f 9081//5 9510//5 9042//5 9041//5
f 9042//4 9511//4 9512//4 9043//4
f 9043//4 9512//4 9513//4 9044//4
f 9044//4 9513//4 9514//4 9045//4
f 9045//4 9514//4 9515//4 9046//4
f 9046//4 9515//4 9516//4 9047//4
f 9047//4 9516//4 9517//4 9048//4
f 9048//4 9517//4 9502//4 9049//4
f 9091//3 9051//3 9518//3 9519//3
f 9051//3 9050//3 9520//3 9518//3
f 9050//3 9052//3 9521//3 9520//3
f 9052//3 9053//3 9522//3 9521//3
f 9053//3 9054//3 9523//3 9522//3
f 9054//3 9055//3 9524//3 9523//3
f 9055//3 9056//3 9525//3 9524//3
f 9056//3 9057//3 9526//3 9525//3
f 9057//3 9058//3 9527//3 9526//3
f 9058//3 9059//3 9528//3 9527//3
f 9059//3 9060//3 9529//3 9528//3
f 9060//3 9061//3 9530//3 9529//3
f 9061//3 9062//3 9531//3 9530//3
f 9062//3 9063//3 9532//3 9531//3
f 9063//3 9094//3 9533//3 9532//3
f 9064//4 9507//4 9534//4 9065//4
f 9065//4 9534//4 9535//4 9066//4
f 9066//4 9535//4 9536//4 9067//4
f 9067//4 9536//4 9537//4 9068//4
f 9068//4 9537//4 9538//4 9069//4
f 9069//4 9538//4 9539//4 9070//4
f 9070//4 9539//4 9540//4 9071//4
f 9102//2 9541//2 9542//2 9543//2
f 9071//4 9540//4 9542//4 9541//4
f 9072//5 9071//5 9541//5 9102//5
f 9073//1 9544//1 9545//1 9074//1
f 9074//4 9545//4 9546//4 9075//4
f 9075//4 9546//4 9547//4 9076//4
f 9076//4 9547//4 9548//4 9077//4
f 9077//4 9548//4 9549//4 9078//4
f 9078//4 9549//4 9550//4 9079//4
f 9079//4 9550//4 9551//4 9080//4
f 9080//4 9551//4 9508//4 9081//4
f 9119//3 9083//3 9552//3 9553//3
f 9083//3 9082//3 9554//3 9552//3
f 9082//3 9084//3 9555//3 9554//3
f 9084//3 9085//3 9556//3 9555//3
f 9085//3 9086//3 9557//3 9556//3
f 9086//3 9087//3 9558//3 9557//3
f 9087//3 9088//3 9559//3 9558//3
f 9089//2 9091//2 9519//2 9560//2
f 9088//3 9089//3 9560//3 9559//3
f 9093//1 9561//1 9533//1 9094//1
f 9093//3 9095//3 9562//3 9561//3
f 9095//3 9096//3 9563//3 9562//3
f 9096//3 9097//3 9564//3 9563//3
f 9097//3 9098//3 9565//3 9564//3
f 9098//3 9099//3 9566//3 9565//3
f 9099//3 9100//3 9567//3 9566//3
f 9100//3 9101//3 9568//3 9567//3
f 9101//3 9122//3 9569//3 9568//3
f 9102//4 9543//4 9570//4 9103//4
f 9103//4 9570//4 9571//4 9104//4
f 9104//4 9571//4 9572//4 9105//4
f 9105//4 9572//4 9573//4 9106//4
f 9106//4 9573//4 9574//4 9107//4
f 9107//4 9574//4 9575//4 9108//4
f 9110//2 9109//2 9576//2 9577//2
f 9108//4 9575//4 9576//4 9109//4
f 9111//1 9578//1 9544//1 9073//1
f 9113//3 9112//3 9579//3 9580//3
f 9112//3 9114//3 9581//3 9579//3
f 9114//3 9115//3 9582//3 9581//3
f 9115//3 9116//3 9583//3 9582//3
f 9117//2 9119//2 9553//2 9584//2
f 9116//3 9117//3 9584//3 9583//3
f 9121//1 9585//1 9569//1 9122//1
f 9121//3 9123//3 9586//3 9585//3
f 9123//3 9124//3 9587//3 9586//3
f 9124//3 9125//3 9588//3 9587//3
f 9125//3 9126//3 9589//3 9588//3
f 9126//3 9127//3 9590//3 9589//3
f 9128//2 9110//2 9577//2 9591//2
f 9472//1 9935//1 9913//1 9450//1
f 9472//3 9473//3 9936//3 9935//3
f 9473//3 9474//3 9937//3 9936//3
f 9451//4 9914//4 9938//4 9475//4
f 9474//3 9476//3 9939//3 9937//3
f 9475//4 9938//4 9940//4 9477//4
f 9476//3 9478//3 9941//3 9939//3
f 9477//4 9940//4 9942//4 9479//4
f 9478//3 9480//3 9943//3 9941//3
f 9479//4 9942//4 9944//4 9481//4
f 9480//3 9482//3 9945//3 9943//3
f 9481//4 9944//4 9946//4 9483//4
f 9482//3 9484//3 9947//3 9945//3
f 9483//4 9946//4 9948//4 9485//4
f 9485//4 9948//4 9949//4 9486//4
f 9486//4 9949//4 9950//4 9487//4
f 9487//4 9950//4 9915//4 9452//4
f 9488//2 9453//2 9916//2 9951//2
f 9489//1 9952//1 9917//1 9454//1
f 9455//4 9918//4 9953//4 9490//4
f 9490//4 9953//4 9954//4 9491//4
f 9491//4 9954//4 9955//4 9492//4
f 9492//4 9955//4 9956//4 9493//4
f 9493//4 9956//4 9957//4 9494//4
f 9496//3 9495//3 9958//3 9959//3
f 9494//4 9957//4 9960//4 9497//4
f 9495//3 9498//3 9961//3 9958//3
f 9497//4 9960//4 9962//4 9499//4
f 9498//3 9500//3 9963//3 9961//3
f 9499//4 9962//4 9919//4 9456//4
f 9501//2 9457//2 9920//2 9964//2
f 9500//3 9501//3 9964//3 9963//3
f 9502//1 9965//1 9947//1 9484//1
f 9488//4 9951//4 9966//4 9503//4
f 9503//4 9966//4 9967//4 9504//4
f 9504//4 9967//4 9968//4 9505//4
f 9505//4 9968//4 9969//4 9506//4
f 9506//4 9969//4 9952//4 9489//4
f 9507//2 9496//2 9959//2 9970//2
f 9508//1 9971//1 9972//1 9509//1
f 9509//4 9972//4 9973//4 9511//4
f 9511//4 9973//4 9974//4 9512//4
f 9512//4 9974//4 9975//4 9513//4
f 9513//4 9975//4 9976//4 9514//4
f 9514//4 9976//4 9977//4 9515//4
f 9515//4 9977//4 9978//4 9516//4
f 9516//4 9978//4 9979//4 9517//4
f 9517//4 9979//4 9965//4 9502//4
f 9519//3 9518//3 9980//3 9981//3
f 9518//3 9520//3 9982//3 9980//3
f 9520//3 9521//3 9983//3 9982//3
f 9521//3 9522//3 9984//3 9983//3
f 9522//3 9523//3 9985//3 9984//3
f 9523//3 9524//3 9986//3 9985//3
f 9524//3 9525//3 9987//3 9986//3
f 9525//3 9526//3 9988//3 9987//3
f 9987//6 9988//6 9989//6 9990//6
f 9526//3 9527//3 9991//3 9988//3
f 9527//3 9528//3 9992//3 9991//3
f 9528//3 9529//3 9993//3 9992//3
f 9529//3 9530//3 9994//3 9993//3
f 9530//3 9531//3 9995//3 9994//3
f 9531//3 9532//3 9996//3 9995//3
f 9532//3 9533//3 9997//3 9996//3
f 9507//4 9970//4 9998//4 9534//4
f 9534//4 9998//4 9999//4 9535//4
f 9535//4 9999//4 10000//4 9536//4
f 9536//4 10000//4 10001//4 9537//4
f 9537//4 10001//4 10002//4 9538//4
f 9538//4 10002//4 10003//4 9539//4
f 9539//4 10003//4 10004//4 9540//4
f 9543//2 9542//2 10005//2 10006//2
f 9540//4 10004//4 10005//4 9542//4
f 9544//1 10007//1 10008//1 9545//1
f 9545//4 10008//4 10009//4 9546//4
f 9546//4 10009//4 10010//4 9547//4
f 9547//4 10010//4 10011//4 9548//4
f 9548//4 10011//4 10012//4 9549//4
f 9549//4 10012//4 10013//4 9550//4
f 9550//4 10013//4 10014//4 9551//4
f 9551//4 10014//4 9971//4 9508//4
f 9553//3 9552//3 10015//3 10016//3
f 9552//3 9554//3 10017//3 10015//3
f 9554//3 9555//3 10018//3 10017//3
f 9555//3 9556//3 10019//3 10018//3
f 9556//3 9557//3 10020//3 10019//3
f 9557//3 9558//3 10021//3 10020//3
f 9558//3 9559//3 10022//3 10021//3
f 9560//2 9519//2 9981//2 10023//2
f 9559//3 9560//3 10023//3 10022//3
f 9561//1 10024//1 9997//1 9533//1
f 9561//3 9562//3 10025//3 10024//3
f 9562//3 9563//3 10026//3 10025//3
f 9563//3 9564//3 10027//3 10026//3
f 9564//3 9565//3 10028//3 10027//3
f 9565//3 9566//3 10029//3 10028//3
f 9566//3 9567//3 10030//3 10029//3
f 9567//3 9568//3 10031//3 10030//3
f 9568//3 9569//3 10032//3 10031//3
f 9543//4 10006//4 10033//4 9570//4
f 9570//4 10033//4 10034//4 9571//4
f 9571//4 10034//4 10035//4 9572//4
f 9572//4 10035//4 10036//4 9573//4
f 9573//4 10036//4 10037//4 9574//4
f 9574//4 10037//4 10038//4 9575//4
f 9577//2 9576//2 10039//2 10040//2
f 9575//4 10038//4 10039//4 9576//4
f 9578//1 10041//1 10007//1 9544//1
f 9580//3 9579//3 10042//3 10043//3
f 9579//3 9581//3 10044//3 10042//3
f 9581//3 9582//3 10045//3 10044//3
f 9582//3 9583//3 10046//3 10045//3
f 9584//2 9553//2 10016//2 10047//2
f 9583//3 9584//3 10047//3 10046//3
f 9585//1 10048//1 10032//1 9569//1
f 9585//3 9586//3 10049//3 10048//3
f 9586//3 9587//3 10050//3 10049//3
f 9587//3 9588//3 10051//3 10050//3
f 9588//3 9589//3 10052//3 10051//3
f 9589//3 9590//3 10053//3 10052//3
f 9591//2 9577//2 10040//2 10054//2
f 9935//1 10498//1 10476//1 9913//1
f 9935//3 9936//3 10499//3 10498//3
f 10498//6 10499//6 10477//6 10476//6
f 9936//3 9937//3 10500//3 10499//3
f 10499//6 10500//6 10478//6 10477//6
f 9937//3 9939//3 10501//3 10500//3
f 10500//6 10501//6 10479//6 10478//6
f 9939//3 9941//3 10502//3 10501//3
f 10501//6 10502//6 10480//6 10479//6
f 9941//3 9943//3 10503//3 10502//3
f 9942//4 10480//4 10504//4 9944//4
f 10502//6 10503//6 10504//6 10480//6
f 9943//3 9945//3 10505//3 10503//3
f 9944//4 10504//4 10506//4 9946//4
f 10503//6 10505//6 10506//6 10504//6
f 9945//3 9947//3 10507//3 10505//3
f 9946//4 10506//4 10481//4 9948//4
f 10505//6 10507//6 10481//6 10506//6
f 10507//6 10508//6 10482//6 10481//6
f 10508//6 10509//6 10483//6 10482//6
f 10509//6 10510//6 10484//6 10483//6
f 9951//2 9916//2 10485//2 10511//2
f 10510//6 10511//6 10485//6 10484//6
f 9968//1 10512//1 10513//1 10514//1
f 9969//2 10515//2 10516//2 10517//2
f 10514//4 10513//4 10516//4 10515//4
f 9968//5 10514//5 10515//5 9969//5
f 10512//6 10517//6 10516//6 10513//6
f 9952//1 10518//1 10486//1 9917//1
f 9918//4 10487//4 10519//4 9953//4
f 9953//4 10519//4 10520//4 9954//4
f 9954//4 10520//4 10521//4 9955//4
f 9955//4 10521//4 10522//4 9956//4
f 9956//4 10522//4 10523//4 9957//4
f 9959//3 9958//3 10524//3 10525//3
f 9957//4 10523//4 10526//4 9960//4
f 9958//3 9961//3 10527//3 10524//3
f 9960//4 10526//4 10528//4 9962//4
f 9961//3 9963//3 10529//3 10527//3
f 9962//4 10528//4 10488//4 9919//4
f 9964//2 9920//2 10489//2 10530//2
f 9963//3 9964//3 10530//3 10529//3
f 9965//1 10531//1 10507//1 9947//1
f 9951//4 10511//4 10532//4 9966//4
f 9966//4 10532//4 10533//4 9967//4
f 9967//4 10533//4 10512//4 9968//4
f 9990//3 9989//3 10534//3 10535//3
f 9969//4 10517//4 10518//4 9952//4
f 9970//2 9959//2 10525//2 10536//2
f 9971//1 10537//1 10538//1 9972//1
f 9972//4 10538//4 10539//4 9973//4
f 9973//4 10539//4 10540//4 9974//4
f 9974//4 10540//4 10541//4 9975//4
f 9975//4 10541//4 10542//4 9976//4
f 9976//4 10542//4 10543//4 9977//4
f 9977//4 10543//4 10544//4 9978//4
f 9978//4 10544//4 10545//4 9979//4
f 9979//4 10545//4 10531//4 9965//4
f 9981//3 9980//3 10546//3 10547//3
f 9980//3 9982//3 10548//3 10546//3
f 9982//3 9983//3 10549//3 10548//3
f 9983//3 9984//3 10550//3 10549//3
f 9984//3 9985//3 10551//3 10550//3
f 9985//3 9986//3 10552//3 10551//3
f 9987//2 9990//2 10535//2 10553//2
f 9986//3 9987//3 10553//3 10552//3
f 9988//1 10554//1 10534//1 9989//1
f 9988//3 9991//3 10555//3 10554//3
f 9991//3 9992//3 10556//3 10555//3
f 9992//3 9993//3 10557//3 10556//3
f 9993//3 9994//3 10558//3 10557//3
f 9994//3 9995//3 10559//3 10558//3
f 9995//3 9996//3 10560//3 10559//3
f 9996//3 9997//3 10561//3 10560//3
f 9970//4 10536//4 10562//4 9998//4
f 9998//4 10562//4 10563//4 9999//4
f 9999//4 10563//4 10564//4 10000//4
f 10000//4 10564//4 10565//4 10001//4
f 10001//4 10565//4 10566//4 10002//4
f 10002//4 10566//4 10567//4 10003//4
f 10003//4 10567//4 10568//4 10004//4
f 10006//2 10005//2 10569//2 10570//2
f 10004//4 10568//4 10569//4 10005//4
f 10571//1 10572//1 10573//1 10574//1
f 10574//4 10573//4 10575//4 10008//4
f 10571//5 10574//5 10008//5 10007//5
f 10572//6 10576//6 10575//6 10573//6
f 10008//4 10575//4 10577//4 10009//4
f 10009//4 10577//4 10578//4 10010//4
f 10010//4 10578//4 10579//4 10011//4
f 10011//4 10579//4 10580//4 10012//4
f 10012//4 10580//4 10581//4 10013//4
f 10013//4 10581//4 10582//4 10014//4
f 10014//4 10582//4 10537//4 9971//4
f 10016//3 10015//3 10583//3 10584//3
f 10015//3 10017//3 10585//3 10583//3
f 10017//3 10018//3 10586//3 10585//3
f 10018//3 10019//3 10587//3 10586//3
f 10019//3 10020//3 10588//3 10587//3
f 10020//3 10021//3 10589//3 10588//3
f 10021//3 10022//3 10590//3 10589//3
f 10023//2 9981//2 10547//2 10591//2
f 10022//3 10023//3 10591//3 10590//3
f 10024//1 10592//1 10561//1 9997//1
f 10024//3 10025//3 10593//3 10592//3
f 10025//3 10026//3 10594//3 10593//3
f 10026//3 10027//3 10595//3 10594//3
f 10027//3 10028//3 10596//3 10595//3
f 10028//3 10029//3 10597//3 10596//3
f 10029//3 10030//3 10598//3 10597//3
f 10030//3 10031//3 10599//3 10598//3
f 10031//3 10032//3 10600//3 10599//3
f 10006//4 10570//4 10601//4 10033//4
f 10033//4 10601//4 10602//4 10034//4
f 10034//4 10602//4 10603//4 10035//4
f 10035//4 10603//4 10604//4 10036//4
f 10036//4 10604//4 10605//4 10037//4
f 10037//4 10605//4 10606//4 10038//4
f 10038//4 10606//4 10607//4 10039//4
f 10608//2 10609//2 10610//2 10611//2
f 10039//4 10607//4 10610//4 10609//4
f 10040//5 10039//5 10609//5 10608//5
f 10612//6 10611//6 10610//6 10607//6
f 10613//1 10614//1 10572//1 10571//1
f 10613//3 10041//3 10615//3 10614//3
f 10613//5 10571//5 10007//5 10041//5
f 10614//6 10615//6 10576//6 10572//6
f 10043//3 10042//3 10616//3 10617//3
f 10042//3 10044//3 10618//3 10616//3
f 10044//3 10045//3 10619//3 10618//3
f 10045//3 10046//3 10620//3 10619//3
f 10047//2 10016//2 10584//2 10621//2
f 10046//3 10047//3 10621//3 10620//3
f 10048//1 10622//1 10600//1 10032//1
f 10048//3 10049//3 10623//3 10622//3
f 10049//3 10050//3 10624//3 10623//3
f 10050//3 10051//3 10625//3 10624//3
f 10051//3 10052//3 10626//3 10625//3
f 10052//3 10053//3 10627//3 10626//3
f 10628//2 10608//2 10611//2 10629//2
f 10054//3 10628//3 10629//3 10630//3
f 10054//5 10040//5 10608//5 10628//5
f 10630//6 10629//6 10611//6 10612//6
f 10518//1 10944//1 10924//1 10486//1
f 10487//4 10925//4 10945//4 10519//4
f 10519//4 10945//4 10946//4 10520//4
f 10520//4 10946//4 10947//4 10521//4
f 10521//4 10947//4 10948//4 10522//4
f 10522//4 10948//4 10949//4 10523//4
f 10525//3 10524//3 10950//3 10951//3
f 10523//4 10949//4 10952//4 10526//4
f 10524//3 10527//3 10953//3 10950//3
f 10526//4 10952//4 10954//4 10528//4
f 10527//3 10529//3 10955//3 10953//3
f 10528//4 10954//4 10926//4 10488//4
f 10530//2 10489//2 10927//2 10956//2
f 10529//3 10530//3 10956//3 10955//3
f 10531//1 10961//1 10962//1 10507//1
f 10507//4 10962//4 10963//4 10508//4
f 10508//4 10963//4 10964//4 10509//4
f 10509//4 10964//4 10965//4 10510//4
f 10510//4 10965//4 10966//4 10511//4
f 10511//4 10966//4 10967//4 10532//4
f 10532//4 10967//4 10968//4 10533//4
f 10533//4 10968//4 10969//4 10512//4
f 10512//4 10969//4 10970//4 10517//4
f 10517//4 10970//4 10944//4 10518//4
f 10536//2 10525//2 10951//2 10971//2
f 10537//1 10974//1 10975//1 10538//1
f 10538//4 10975//4 10976//4 10539//4
f 10539//4 10976//4 10977//4 10540//4
f 10540//4 10977//4 10978//4 10541//4
f 10541//4 10978//4 10979//4 10542//4
f 10542//4 10979//4 10980//4 10543//4
f 10543//4 10980//4 10981//4 10544//4
f 10544//4 10981//4 10982//4 10545//4
f 10545//4 10982//4 10961//4 10531//4
f 10547//3 10546//3 10983//3 10984//3
f 10546//3 10548//3 10985//3 10983//3
f 10548//3 10549//3 10986//3 10985//3
f 10549//3 10550//3 10987//3 10986//3
f 10550//3 10551//3 10988//3 10987//3
f 10551//3 10552//3 10989//3 10988//3
f 10552//3 10553//3 10990//3 10989//3
f 10553//3 10554//3 10991//3 10990//3
f 10553//5 10535//5 10534//5 10554//5
f 10554//3 10555//3 10992//3 10991//3
f 10555//3 10556//3 10993//3 10992//3
f 10556//3 10557//3 10994//3 10993//3
f 10557//3 10558//3 10995//3 10994//3
f 10558//3 10559//3 10996//3 10995//3
f 10559//3 10560//3 10997//3 10996//3
f 10560//3 10561//3 10998//3 10997//3
f 10536//4 10971//4 10999//4 10562//4
f 10562//4 10999//4 11000//4 10563//4
f 10563//4 11000//4 11001//4 10564//4
f 10564//4 11001//4 11002//4 10565//4
f 10565//4 11002//4 11003//4 10566//4
f 10566//4 11003//4 11004//4 10567//4
f 10567//4 11004//4 11005//4 10568//4
f 10570//2 10569//2 11006//2 11007//2
f 10568//4 11005//4 11006//4 10569//4
f 10576//1 11008//1 11009//1 10575//1
f 10575//4 11009//4 11010//4 10577//4
f 10577//4 11010//4 10972//4 10578//4
f 10579//4 10973//4 11011//4 10580//4
f 10580//4 11011//4 11012//4 10581//4
f 10581//4 11012//4 11013//4 10582//4
f 10582//4 11013//4 10974//4 10537//4
f 10584//3 10583//3 11014//3 11015//3
f 10583//3 10585//3 11016//3 11014//3
f 10585//3 10586//3 11017//3 11016//3
f 10586//3 10587//3 11018//3 11017//3
f 10587//3 10588//3 11019//3 11018//3
f 10588//3 10589//3 11020//3 11019//3
f 10589//3 10590//3 11021//3 11020//3
f 10591//2 10547//2 10984//2 11022//2
f 10590//3 10591//3 11022//3 11021//3
f 10592//1 11023//1 10998//1 10561//1
f 10592//3 10593//3 11024//3 11023//3
f 10593//3 10594//3 11025//3 11024//3
f 10594//3 10595//3 11026//3 11025//3
f 10595//3 10596//3 11027//3 11026//3
f 10596//3 10597//3 11028//3 11027//3
f 10597//3 10598//3 11029//3 11028//3
f 10598//3 10599//3 11030//3 11029//3
f 10599//3 10600//3 11031//3 11030//3
f 10570//4 11007//4 11032//4 10601//4
f 10601//4 11032//4 11033//4 10602//4
f 10602//4 11033//4 11034//4 10603//4
f 10603//4 11034//4 11035//4 10604//4
f 10604//4 11035//4 11036//4 10605//4
f 10605//4 11036//4 11037//4 10606//4
f 10612//2 10607//2 11038//2 11039//2
f 10606//4 11037//4 11038//4 10607//4
f 10615//1 11040//1 11008//1 10576//1
f 10617//3 10616//3 11041//3 11042//3
f 10616//3 10618//3 11043//3 11041//3
f 10618//3 10619//3 11044//3 11043//3
f 10619//3 10620//3 11045//3 11044//3
f 10621//2 10584//2 11015//2 11046//2
f 10620//3 10621//3 11046//3 11045//3
f 10622//1 11047//1 11031//1 10600//1
f 10622//3 10623//3 11048//3 11047//3
f 10623//3 10624//3 11049//3 11048//3
f 10624//3 10625//3 11050//3 11049//3
f 10625//3 10626//3 11051//3 11050//3
f 10626//3 10627//3 11052//3 11051//3
f 10630//2 10612//2 11039//2 11053//2
f 10944//1 11315//1 11303//1 10924//1
f 10925//4 11304//4 11316//4 10945//4
f 10945//4 11316//4 11317//4 10946//4
f 10946//4 11317//4 11318//4 10947//4
f 10947//4 11318//4 11319//4 10948//4
f 10948//4 11319//4 11320//4 10949//4
f 10951//3 10950//3 11321//3 11322//3
f 10949//4 11320//4 11323//4 10952//4
f 10950//3 10953//3 11324//3 11321//3
f 10952//4 11323//4 11325//4 10954//4
f 10953//3 10955//3 11326//3 11324//3
f 10954//4 11325//4 11305//4 10926//4
f 10956//2 10927//2 11306//2 11327//2
f 10955//3 10956//3 11327//3 11326//3
f 10961//1 11328//1 11329//1 10962//1
f 10962//4 11329//4 11330//4 10963//4
f 11328//6 11331//6 11330//6 11329//6
f 10963//4 11330//4 11332//4 10964//4
f 10964//4 11332//4 11333//4 10965//4
f 10965//4 11333//4 11334//4 10966//4
f 10966//4 11334//4 11335//4 10967//4
f 10967//4 11335//4 11336//4 10968//4
f 10968//4 11336//4 11337//4 10969//4
f 10969//4 11337//4 11338//4 10970//4
f 10970//4 11338//4 11315//4 10944//4
f 10971//2 10951//2 11322//2 11339//2
f 11340//6 11339//6 11322//6 11341//6
f 10974//1 11342//1 11343//1 10975//1
f 10975//4 11343//4 11344//4 10976//4
f 11342//6 11345//6 11344//6 11343//6
f 10976//4 11344//4 11346//4 10977//4
f 10977//4 11346//4 11347//4 10978//4
f 10978//4 11347//4 11348//4 10979//4
f 10979//4 11348//4 11349//4 10980//4
f 10980//4 11349//4 11350//4 10981//4
f 10981//4 11350//4 11351//4 10982//4
f 10982//4 11351//4 11328//4 10961//4
f 10984//3 10983//3 11352//3 11353//3
f 10983//3 10985//3 11354//3 11352//3
f 10985//3 10986//3 11355//3 11354//3
f 10986//3 10987//3 11356//3 11355//3
f 10987//3 10988//3 11357//3 11356//3
f 10988//3 10989//3 11358//3 11357//3
f 10989//3 10990//3 11359//3 11358//3
f 10990//3 10991//3 11360//3 11359//3
f 10991//3 10992//3 11361//3 11360//3
f 10992//3 10993//3 11362//3 11361//3
f 10993//3 10994//3 11363//3 11362//3
f 10994//3 10995//3 11364//3 11363//3
f 10995//3 10996//3 11365//3 11364//3
f 10996//3 10997//3 11366//3 11365//3
f 10997//3 10998//3 11367//3 11366//3
f 10971//4 11339//4 11368//4 10999//4
f 10999//4 11368//4 11369//4 11000//4
f 11000//4 11369//4 11370//4 11001//4
f 11001//4 11370//4 11371//4 11002//4
f 11002//4 11371//4 11372//4 11003//4
f 11003//4 11372//4 11373//4 11004//4
f 11004//4 11373//4 11374//4 11005//4
f 11007//2 11006//2 11375//2 11376//2
f 11005//4 11374//4 11375//4 11006//4
f 11377//6 11376//6 11375//6 11374//6
f 11008//1 11378//1 11379//1 11009//1
f 11009//4 11379//4 11380//4 11010//4
f 11010//4 11380//4 11381//4 10972//4
f 10972//4 11381//4 11382//4 10973//4
f 10973//4 11382//4 11383//4 11011//4
f 11011//4 11383//4 11384//4 11012//4
f 11012//4 11384//4 11385//4 11013//4
f 11013//4 11385//4 11342//4 10974//4
f 11015//3 11014//3 11386//3 11387//3
f 11014//3 11016//3 11388//3 11386//3
f 11016//3 11017//3 11389//3 11388//3
f 11017//3 11018//3 11390//3 11389//3
f 11018//3 11019//3 11391//3 11390//3
f 11019//3 11020//3 11392//3 11391//3
f 11020//3 11021//3 11393//3 11392//3
f 11022//2 10984//2 11353//2 11394//2
f 11021//3 11022//3 11394//3 11393//3
f 11023//1 11395//1 11367//1 10998//1
f 11023//3 11024//3 11396//3 11395//3
f 11024//3 11025//3 11397//3 11396//3
f 11025//3 11026//3 11398//3 11397//3
f 11026//3 11027//3 11399//3 11398//3
f 11027//3 11028//3 11400//3 11399//3
f 11028//3 11029//3 11401//3 11400//3
f 11029//3 11030//3 11402//3 11401//3
f 11030//3 11031//3 11403//3 11402//3
f 11007//4 11376//4 11404//4 11032//4
f 11032//4 11404//4 11405//4 11033//4
f 11033//4 11405//4 11406//4 11034//4
f 11034//4 11406//4 11407//4 11035//4
f 11035//4 11407//4 11408//4 11036//4
f 11036//4 11408//4 11409//4 11037//4
f 11039//2 11038//2 11410//2 11411//2
f 11037//4 11409//4 11410//4 11038//4
f 11040//1 11412//1 11378//1 11008//1
f 11042//3 11041//3 11413//3 11414//3
f 11041//3 11043//3 11415//3 11413//3
f 11043//3 11044//3 11416//3 11415//3
f 11044//3 11045//3 11417//3 11416//3
f 11046//2 11015//2 11387//2 11418//2
f 11045//3 11046//3 11418//3 11417//3
f 11047//1 11419//1 11403//1 11031//1
f 11047//3 11048//3 11420//3 11419//3
f 11048//3 11049//3 11421//3 11420//3
f 11049//3 11050//3 11422//3 11421//3
f 11050//3 11051//3 11423//3 11422//3
f 11051//3 11052//3 11424//3 11423//3
f 11053//2 11039//2 11411//2 11425//2
f 11315//1 11695//1 11681//1 11303//1
f 11304//4 11682//4 11696//4 11316//4
f 11316//4 11696//4 11697//4 11317//4
f 11317//4 11697//4 11698//4 11318//4
f 11318//4 11698//4 11699//4 11319//4
f 11341//3 11322//3 11700//3 11701//3
f 11319//4 11699//4 11702//4 11320//4
f 11322//3 11321//3 11703//3 11700//3
f 11320//4 11702//4 11704//4 11323//4
f 11321//3 11324//3 11705//3 11703//3
f 11323//4 11704//4 11706//4 11325//4
f 11324//3 11326//3 11707//3 11705//3
f 11325//4 11706//4 11683//4 11305//4
f 11327//2 11306//2 11684//2 11708//2
f 11326//3 11327//3 11708//3 11707//3
f 11331//1 11709//1 11710//1 11330//1
f 11330//4 11710//4 11711//4 11332//4
f 11332//4 11711//4 11712//4 11333//4
f 11333//4 11712//4 11713//4 11334//4
f 11334//4 11713//4 11714//4 11335//4
f 11335//4 11714//4 11715//4 11336//4
f 11336//4 11715//4 11716//4 11337//4
f 11337//4 11716//4 11717//4 11338//4
f 11338//4 11717//4 11695//4 11315//4
f 11340//2 11341//2 11701//2 11718//2
f 11345//1 11719//1 11720//1 11344//1
f 11344//4 11720//4 11721//4 11346//4
f 11346//4 11721//4 11722//4 11347//4
f 11347//4 11722//4 11723//4 11348//4
f 11348//4 11723//4 11724//4 11349//4
f 11349//4 11724//4 11725//4 11350//4
f 11350//4 11725//4 11726//4 11351//4
f 11351//4 11726//4 11727//4 11328//4
f 11328//4 11727//4 11709//4 11331//4
f 11352//3 11354//3 11728//3 11729//3
f 11354//3 11355//3 11730//3 11728//3
f 11355//3 11356//3 11731//3 11730//3
f 11356//3 11357//3 11732//3 11731//3
f 11357//3 11358//3 11733//3 11732//3
f 11358//3 11359//3 11734//3 11733//3
f 11359//3 11360//3 11735//3 11734//3
f 11360//3 11361//3 11736//3 11735//3
f 11361//3 11362//3 11737//3 11736//3
f 11362//3 11363//3 11738//3 11737//3
f 11363//3 11364//3 11739//3 11738//3
f 11364//3 11365//3 11740//3 11739//3
f 11365//3 11366//3 11741//3 11740//3
f 11340//4 11718//4 11742//4 11339//4
f 11339//4 11742//4 11743//4 11368//4
f 11368//4 11743//4 11744//4 11369//4
f 11369//4 11744//4 11745//4 11370//4
f 11370//4 11745//4 11746//4 11371//4
f 11371//4 11746//4 11747//4 11372//4
f 11372//4 11747//4 11748//4 11373//4
f 11377//2 11374//2 11749//2 11750//2
f 11373//4 11748//4 11749//4 11374//4
f 11378//1 11751//1 11752//1 11379//1
f 11379//4 11752//4 11753//4 11380//4
f 11380//4 11753//4 11754//4 11381//4
f 11381//4 11754//4 11755//4 11382//4
f 11382//4 11755//4 11756//4 11383//4
f 11383//4 11756//4 11757//4 11384//4
f 11384//4 11757//4 11758//4 11385//4
f 11385//4 11758//4 11759//4 11342//4
f 11342//4 11759//4 11719//4 11345//4
f 11386//3 11388//3 11760//3 11761//3
f 11388//3 11389//3 11762//3 11760//3
f 11389//3 11390//3 11763//3 11762//3
f 11390//3 11391//3 11764//3 11763//3
f 11391//3 11392//3 11765//3 11764//3
f 11392//3 11393//3 11766//3 11765//3
f 11393//3 11394//3 11767//3 11766//3
f 11768//2 11352//2 11729//2 11769//2
f 11394//3 11768//3 11769//3 11767//3
f 11394//5 11353//5 11352//5 11768//5
f 11770//1 11771//1 11741//1 11366//1
f 11770//3 11395//3 11772//3 11771//3
f 11770//5 11366//5 11367//5 11395//5
f 11395//3 11396//3 11773//3 11772//3
f 11396//3 11397//3 11774//3 11773//3
f 11397//3 11398//3 11775//3 11774//3
f 11398//3 11399//3 11776//3 11775//3
f 11399//3 11400//3 11777//3 11776//3
f 11400//3 11401//3 11778//3 11777//3
f 11401//3 11402//3 11779//3 11778//3
f 11377//4 11750//4 11780//4 11376//4
f 11376//4 11780//4 11781//4 11404//4
f 11404//4 11781//4 11782//4 11405//4
f 11405//4 11782//4 11783//4 11406//4
f 11406//4 11783//4 11784//4 11407//4
f 11407//4 11784//4 11785//4 11408//4
f 11408//4 11785//4 11786//4 11409//4
f 11411//2 11410//2 11787//2 11788//2
f 11409//4 11786//4 11787//4 11410//4
f 11412//1 11789//1 11751//1 11378//1
f 11414//3 11413//3 11790//3 11791//3
f 11413//3 11415//3 11792//3 11790//3
f 11415//3 11416//3 11793//3 11792//3
f 11416//3 11417//3 11794//3 11793//3
f 11417//3 11418//3 11795//3 11794//3
f 11796//2 11386//2 11761//2 11797//2
f 11418//3 11796//3 11797//3 11795//3
f 11418//5 11387//5 11386//5 11796//5
f 11798//1 11799//1 11779//1 11402//1
f 11798//3 11419//3 11800//3 11799//3
f 11798//5 11402//5 11403//5 11419//5
f 11419//3 11420//3 11801//3 11800//3
f 11420//3 11421//3 11802//3 11801//3
f 11421//3 11422//3 11803//3 11802//3
f 11422//3 11423//3 11804//3 11803//3
f 11423//3 11424//3 11805//3 11804//3
f 11425//2 11411//2 11788//2 11806//2
f 11695//1 12074//1 12062//1 11681//1
f 11682//4 12063//4 12075//4 11696//4
f 11696//4 12075//4 12076//4 11697//4
f 11697//4 12076//4 12077//4 11698//4
f 11698//4 12077//4 12078//4 11699//4
f 11701//3 11700//3 12079//3 12080//3
f 11699//4 12078//4 12081//4 11702//4
f 11700//3 11703//3 12082//3 12079//3
f 11702//4 12081//4 12083//4 11704//4
f 11703//3 11705//3 12084//3 12082//3
f 11704//4 12083//4 12085//4 11706//4
f 11705//3 11707//3 12086//3 12084//3
f 11706//4 12085//4 12064//4 11683//4
f 11708//2 11684//2 12065//2 12087//2
f 11707//3 11708//3 12087//3 12086//3
f 11709//1 12088//1 12089//1 11710//1
f 11710//4 12089//4 12090//4 11711//4
f 12088//6 12091//6 12090//6 12089//6
f 11711//4 12090//4 12092//4 11712//4
f 11712//4 12092//4 12093//4 11713//4
f 11713//4 12093//4 12094//4 11714//4
f 11714//4 12094//4 12095//4 11715//4
f 11715//4 12095//4 12096//4 11716//4
f 11716//4 12096//4 12097//4 11717//4
f 11717//4 12097//4 12074//4 11695//4
f 11718//2 11701//2 12080//2 12098//2
f 12099//6 12098//6 12080//6 12100//6
f 11719//1 12101//1 12102//1 11720//1
f 11720//4 12102//4 12103//4 11721//4
f 11721//4 12103//4 12104//4 11722//4
f 11722//4 12104//4 12105//4 11723//4
f 11723//4 12105//4 12106//4 11724//4
f 11724//4 12106//4 12107//4 11725//4
f 11725//4 12107//4 12108//4 11726//4
f 11726//4 12108//4 12109//4 11727//4
f 11727//4 12109//4 12088//4 11709//4
f 11729//3 11728//3 12110//3 12111//3
f 11728//3 11730//3 12112//3 12110//3
f 11730//3 11731//3 12113//3 12112//3
f 11731//3 11732//3 12114//3 12113//3
f 11732//3 11733//3 12115//3 12114//3
f 11733//3 11734//3 12116//3 12115//3
f 11734//3 11735//3 12117//3 12116//3
f 11735//3 11736//3 12118//3 12117//3
f 11736//3 11737//3 12119//3 12118//3
f 11737//3 11738//3 12120//3 12119//3
f 11738//3 11739//3 12121//3 12120//3
f 11739//3 11740//3 12122//3 12121//3
f 11740//3 11741//3 12123//3 12122//3
f 11718//4 12098//4 12124//4 11742//4
f 11742//4 12124//4 12125//4 11743//4
f 11743//4 12125//4 12126//4 11744//4
f 11744//4 12126//4 12127//4 11745//4
f 11745//4 12127//4 12128//4 11746//4
f 11746//4 12128//4 12129//4 11747//4
f 11747//4 12129//4 12130//4 11748//4
f 11750//2 11749//2 12131//2 12132//2
f 11748//4 12130//4 12131//4 11749//4
f 11751//1 12133//1 12134//1 11752//1
f 11752//4 12134//4 12135//4 11753//4
f 11753//4 12135//4 12136//4 11754//4
f 11754//4 12136//4 12137//4 11755//4
f 11755//4 12137//4 12138//4 11756//4
f 11756//4 12138//4 12139//4 11757//4
f 11757//4 12139//4 12140//4 11758//4
f 11758//4 12140//4 12141//4 11759//4
f 11759//4 12141//4 12101//4 11719//4
f 11761//3 11760//3 12142//3 12143//3
f 11760//3 11762//3 12144//3 12142//3
f 11762//3 11763//3 12145//3 12144//3
f 11763//3 11764//3 12146//3 12145//3
f 11764//3 11765//3 12147//3 12146//3
f 11765//3 11766//3 12148//3 12147//3
f 11766//3 11767//3 12149//3 12148//3
f 11769//2 11729//2 12111//2 12150//2
f 11767//3 11769//3 12150//3 12149//3
f 11771//1 12151//1 12123//1 11741//1
f 11771//3 11772//3 12152//3 12151//3
f 11772//3 11773//3 12153//3 12152//3
f 11773//3 11774//3 12154//3 12153//3
f 11774//3 11775//3 12155//3 12154//3
f 11775//3 11776//3 12156//3 12155//3
f 11776//3 11777//3 12157//3 12156//3
f 11777//3 11778//3 12158//3 12157//3
f 11778//3 11779//3 12159//3 12158//3
f 11750//4 12132//4 12160//4 11780//4
f 11780//4 12160//4 12161//4 11781//4
f 11781//4 12161//4 12162//4 11782//4
f 11782//4 12162//4 12163//4 11783//4
f 11783//4 12163//4 12164//4 11784//4
f 11784//4 12164//4 12165//4 11785//4
f 11785//4 12165//4 12166//4 11786//4
f 11788//2 11787//2 12167//2 12168//2
f 11786//4 12166//4 12167//4 11787//4
f 11789//1 12169//1 12133//1 11751//1
f 11789//3 11809//3 12170//3 12169//3
f 11791//3 11790//3 12171//3 12172//3
f 11790//3 11792//3 12173//3 12171//3
f 11792//3 11793//3 12174//3 12173//3
f 11793//3 11794//3 12175//3 12174//3
f 11794//3 11795//3 12176//3 12175//3
f 11797//2 11761//2 12143//2 12177//2
f 11795//3 11797//3 12177//3 12176//3
f 11799//1 12178//1 12159//1 11779//1
f 11799//3 11800//3 12179//3 12178//3
f 11800//3 11801//3 12180//3 12179//3
f 11801//3 11802//3 12181//3 12180//3
f 11802//3 11803//3 12182//3 12181//3
f 11803//3 11804//3 12183//3 12182//3
f 11804//3 11805//3 12184//3 12183//3
f 11806//2 11788//2 12168//2 12185//2
f 11814//3 11806//3 12185//3 12186//3
f 12074//1 12561//1 12548//1 12062//1
f 12561//6 12562//6 12549//6 12548//6
f 12562//6 12563//6 12550//6 12549//6
f 12563//6 12564//6 12551//6 12550//6
f 12076//4 12551//4 12565//4 12077//4
f 12564//6 12566//6 12565//6 12551//6
f 12100//3 12080//3 12567//3 12566//3
f 12077//4 12565//4 12568//4 12078//4
f 12566//6 12567//6 12568//6 12565//6
f 12080//3 12079//3 12569//3 12567//3
f 12078//4 12568//4 12552//4 12081//4
f 12567//6 12569//6 12552//6 12568//6
f 12079//3 12082//3 12570//3 12569//3
f 12569//6 12570//6 12553//6 12552//6
f 12082//3 12084//3 12571//3 12570//3
f 12570//6 12571//6 12554//6 12553//6
f 12084//3 12086//3 12572//3 12571//3
f 12571//6 12572//6 12555//6 12554//6
f 12087//2 12065//2 12556//2 12573//2
f 12086//3 12087//3 12573//3 12572//3
f 12572//6 12573//6 12556//6 12555//6
f 12091//1 12574//1 12575//1 12090//1
f 12090//4 12575//4 12576//4 12092//4
f 12574//6 12577//6 12576//6 12575//6
f 12092//4 12576//4 12578//4 12093//4
f 12577//6 12579//6 12578//6 12576//6
f 12093//4 12578//4 12580//4 12094//4
f 12094//4 12580//4 12581//4 12095//4
f 12095//4 12581//4 12582//4 12096//4
f 12096//4 12582//4 12583//4 12097//4
f 12097//4 12583//4 12561//4 12074//4
f 12584//6 12585//6 12564//6 12563//6
f 12099//2 12100//2 12566//2 12586//2
f 12585//6 12586//6 12566//6 12564//6
f 12101//1 12587//1 12588//1 12102//1
f 12102//4 12588//4 12589//4 12103//4
f 12587//6 12590//6 12589//6 12588//6
f 12103//4 12589//4 12591//4 12104//4
f 12104//4 12591//4 12592//4 12105//4
f 12105//4 12592//4 12593//4 12106//4
f 12106//4 12593//4 12594//4 12107//4
f 12107//4 12594//4 12595//4 12108//4
f 12108//4 12595//4 12596//4 12109//4
f 12109//4 12596//4 12597//4 12088//4
f 12088//4 12597//4 12574//4 12091//4
f 12110//3 12112//3 12598//3 12599//3
f 12112//3 12113//3 12600//3 12598//3
f 12113//3 12114//3 12601//3 12600//3
f 12114//3 12115//3 12602//3 12601//3
f 12115//3 12116//3 12603//3 12602//3
f 12116//3 12117//3 12604//3 12603//3
f 12117//3 12118//3 12605//3 12604//3
f 12118//3 12119//3 12606//3 12605//3
f 12119//3 12120//3 12607//3 12606//3
f 12120//3 12121//3 12608//3 12607//3
f 12121//3 12122//3 12609//3 12608//3
f 12099//4 12586//4 12610//4 12098//4
f 12098//4 12610//4 12611//4 12124//4
f 12124//4 12611//4 12612//4 12125//4
f 12125//4 12612//4 12613//4 12126//4
f 12126//4 12613//4 12614//4 12127//4
f 12127//4 12614//4 12615//4 12128//4
f 12128//4 12615//4 12616//4 12129//4
f 12129//4 12616//4 12617//4 12130//4
f 12132//2 12131//2 12618//2 12619//2
f 12130//4 12617//4 12618//4 12131//4
f 12620//6 12619//6 12618//6 12617//6
f 12133//1 12621//1 12622//1 12134//1
f 12134//4 12622//4 12623//4 12135//4
f 12135//4 12623//4 12624//4 12136//4
f 12136//4 12624//4 12625//4 12137//4
f 12137//4 12625//4 12626//4 12138//4
f 12138//4 12626//4 12627//4 12139//4
f 12139//4 12627//4 12628//4 12140//4
f 12140//4 12628//4 12629//4 12141//4
f 12141//4 12629//4 12587//4 12101//4
f 12143//3 12142//3 12630//3 12631//3
f 12142//3 12144//3 12632//3 12630//3
f 12144//3 12145//3 12633//3 12632//3
f 12145//3 12146//3 12634//3 12633//3
f 12146//3 12147//3 12635//3 12634//3
f 12147//3 12148//3 12636//3 12635//3
f 12148//3 12149//3 12637//3 12636//3
f 12149//3 12150//3 12638//3 12637//3
f 12639//2 12110//2 12599//2 12640//2
f 12150//3 12639//3 12640//3 12638//3
f 12150//5 12111//5 12110//5 12639//5
f 12641//1 12642//1 12609//1 12122//1
f 12641//3 12151//3 12643//3 12642//3
f 12641//5 12122//5 12123//5 12151//5
f 12151//3 12152//3 12644//3 12643//3
f 12152//3 12153//3 12645//3 12644//3
f 12153//3 12154//3 12646//3 12645//3
f 12154//3 12155//3 12647//3 12646//3
f 12155//3 12156//3 12648//3 12647//3
f 12156//3 12157//3 12649//3 12648//3
f 12157//3 12158//3 12650//3 12649//3
f 12158//3 12159//3 12651//3 12650//3
f 12132//4 12619//4 12652//4 12160//4
f 12160//4 12652//4 12653//4 12161//4
f 12161//4 12653//4 12654//4 12162//4
f 12162//4 12654//4 12655//4 12163//4
f 12163//4 12655//4 12656//4 12164//4
f 12164//4 12656//4 12657//4 12165//4
f 12165//4 12657//4 12658//4 12166//4
f 12168//2 12167//2 12659//2 12660//2
f 12166//4 12658//4 12659//4 12167//4
f 12169//1 12661//1 12621//1 12133//1
f 12169//3 12170//3 12662//3 12661//3
f 12171//3 12173//3 12663//3 12664//3
f 12173//3 12174//3 12665//3 12663//3
f 12174//3 12175//3 12666//3 12665//3
f 12175//3 12176//3 12667//3 12666//3
f 12177//2 12143//2 12631//2 12668//2
f 12176//3 12177//3 12668//3 12667//3
f 12178//1 12669//1 12651//1 12159//1
f 12178//3 12179//3 12670//3 12669//3
f 12179//3 12180//3 12671//3 12670//3
f 12180//3 12181//3 12672//3 12671//3
f 12181//3 12182//3 12673//3 12672//3
f 12182//3 12183//3 12674//3 12673//3
f 12185//2 12168//2 12660//2 12675//2
f 12186//3 12185//3 12675//3 12676//3
f 12579//1 12886//1 12887//1 12578//1
f 12578//4 12887//4 12888//4 12580//4
f 12886//6 12889//6 12888//6 12887//6
f 12580//4 12888//4 12890//4 12581//4
f 12889//6 12891//6 12890//6 12888//6
f 12581//4 12890//4 12892//4 12582//4
f 12891//6 12893//6 12892//6 12890//6
f 12582//4 12892//4 12894//4 12583//4
f 12583//4 12894//4 12895//4 12561//4
f 12896//6 12897//6 12895//6 12894//6
f 12561//4 12895//4 12898//4 12562//4
f 12897//6 12899//6 12898//6 12895//6
f 12584//2 12563//2 12900//2 12901//2
f 12562//4 12898//4 12900//4 12563//4
f 12899//6 12901//6 12900//6 12898//6
f 12590//1 12902//1 12903//1 12589//1
f 12589//4 12903//4 12904//4 12591//4
f 12591//4 12904//4 12905//4 12592//4
f 12592//4 12905//4 12906//4 12593//4
f 12593//4 12906//4 12907//4 12594//4
f 12594//4 12907//4 12908//4 12595//4
f 12595//4 12908//4 12909//4 12596//4
f 12596//4 12909//4 12910//4 12597//4
f 12597//4 12910//4 12911//4 12574//4
f 12574//4 12911//4 12912//4 12577//4
f 12577//4 12912//4 12886//4 12579//4
f 12600//3 12601//3 12913//3 12914//3
f 12601//3 12602//3 12915//3 12913//3
f 12602//3 12603//3 12916//3 12915//3
f 12603//3 12604//3 12917//3 12916//3
f 12604//3 12605//3 12918//3 12917//3
f 12605//3 12606//3 12919//3 12918//3
f 12606//3 12607//3 12920//3 12919//3
f 12584//4 12901//4 12921//4 12585//4
f 12585//4 12921//4 12922//4 12586//4
f 12586//4 12922//4 12923//4 12610//4
f 12610//4 12923//4 12924//4 12611//4
f 12611//4 12924//4 12925//4 12612//4
f 12612//4 12925//4 12926//4 12613//4
f 12613//4 12926//4 12927//4 12614//4
f 12614//4 12927//4 12928//4 12615//4
f 12615//4 12928//4 12929//4 12616//4
f 12620//2 12617//2 12930//2 12931//2
f 12616//4 12929//4 12930//4 12617//4
f 12621//1 12932//1 12933//1 12622//1
f 12622//4 12933//4 12934//4 12623//4
f 12932//6 12935//6 12934//6 12933//6
f 12623//4 12934//4 12936//4 12624//4
f 12624//4 12936//4 12937//4 12625//4
f 12625//4 12937//4 12938//4 12626//4
f 12626//4 12938//4 12939//4 12627//4
f 12627//4 12939//4 12940//4 12628//4
f 12628//4 12940//4 12941//4 12629//4
f 12629//4 12941//4 12942//4 12587//4
f 12587//4 12942//4 12902//4 12590//4
f 12630//3 12632//3 12943//3 12944//3
f 12632//3 12633//3 12945//3 12943//3
f 12633//3 12634//3 12946//3 12945//3
f 12634//3 12635//3 12947//3 12946//3
f 12635//3 12636//3 12948//3 12947//3
f 12636//3 12637//3 12949//3 12948//3
f 12637//3 12638//3 12950//3 12949//3
f 12638//3 12640//3 12951//3 12950//3
f 12640//3 12952//3 12953//3 12951//3
f 12640//5 12599//5 12598//5 12952//5
f 12954//2 12600//2 12914//2 12955//2
f 12952//3 12954//3 12955//3 12953//3
f 12952//5 12598//5 12600//5 12954//5
f 12956//1 12957//1 12920//1 12607//1
f 12956//3 12958//3 12959//3 12957//3
f 12956//5 12607//5 12608//5 12958//5
f 12958//3 12642//3 12960//3 12959//3
f 12958//5 12608//5 12609//5 12642//5
f 12642//3 12643//3 12961//3 12960//3
f 12643//3 12644//3 12962//3 12961//3
f 12644//3 12645//3 12963//3 12962//3
f 12645//3 12646//3 12964//3 12963//3
f 12646//3 12647//3 12965//3 12964//3
f 12647//3 12648//3 12966//3 12965//3
f 12648//3 12649//3 12967//3 12966//3
f 12649//3 12650//3 12968//3 12967//3
f 12620//4 12931//4 12969//4 12619//4
f 12619//4 12969//4 12970//4 12652//4
f 12652//4 12970//4 12971//4 12653//4
f 12653//4 12971//4 12972//4 12654//4
f 12654//4 12972//4 12973//4 12655//4
f 12655//4 12973//4 12974//4 12656//4
f 12656//4 12974//4 12975//4 12657//4
f 12657//4 12975//4 12976//4 12658//4
f 12660//2 12659//2 12977//2 12978//2
f 12658//4 12976//4 12977//4 12659//4
f 12979//6 12978//6 12977//6 12976//6
f 12661//1 12980//1 12932//1 12621//1
f 12661//3 12662//3 12981//3 12980//3
f 12980//6 12981//6 12935//6 12932//6
f 12664//3 12663//3 12982//3 12983//3
f 12663//3 12665//3 12984//3 12982//3
f 12665//3 12666//3 12985//3 12984//3
f 12666//3 12667//3 12986//3 12985//3
f 12667//3 12668//3 12987//3 12986//3
f 12988//2 12630//2 12944//2 12989//2
f 12668//3 12988//3 12989//3 12987//3
f 12668//5 12631//5 12630//5 12988//5
f 12990//1 12991//1 12968//1 12650//1
f 12990//3 12669//3 12992//3 12991//3
f 12990//5 12650//5 12651//5 12669//5
f 12669//3 12670//3 12993//3 12992//3
f 12670//3 12671//3 12994//3 12993//3
f 12671//3 12672//3 12995//3 12994//3
f 12672//3 12673//3 12996//3 12995//3
f 12673//3 12674//3 12997//3 12996//3
f 12675//2 12660//2 12978//2 12998//2
f 12676//3 12675//3 12998//3 12999//3
f 12999//6 12998//6 12978//6 12979//6
f 12893//1 13249//1 13250//1 12892//1
f 12896//2 12894//2 13251//2 13252//2
f 12892//4 13250//4 13251//4 12894//4
f 12902//1 13253//1 13254//1 12903//1
f 12903//4 13254//4 13255//4 12904//4
f 13253//6 13256//6 13255//6 13254//6
f 12904//4 13255//4 13257//4 12905//4
f 12905//4 13257//4 13258//4 12906//4
f 12906//4 13258//4 13259//4 12907//4
f 12907//4 13259//4 13260//4 12908//4
f 12908//4 13260//4 13261//4 12909//4
f 12909//4 13261//4 13262//4 12910//4
f 12910//4 13262//4 13263//4 12911//4
f 12911//4 13263//4 13264//4 12912//4
f 12912//4 13264//4 13265//4 12886//4
f 12886//4 13265//4 13266//4 12889//4
f 12889//4 13266//4 13267//4 12891//4
f 12891//4 13267//4 13249//4 12893//4
f 12916//3 12917//3 13268//3 13269//3
f 12896//4 13252//4 13270//4 12897//4
f 12897//4 13270//4 13271//4 12899//4
f 12899//4 13271//4 13272//4 12901//4
f 12901//4 13272//4 13273//4 12921//4
f 12921//4 13273//4 13274//4 12922//4
f 12922//4 13274//4 13275//4 12923//4
f 12923//4 13275//4 13276//4 12924//4
f 12924//4 13276//4 13277//4 12925//4
f 12925//4 13277//4 13278//4 12926//4
f 12926//4 13278//4 13279//4 12927//4
f 12927//4 13279//4 13280//4 12928//4
f 12928//4 13280//4 13281//4 12929//4
f 12931//2 12930//2 13282//2 13283//2
f 12929//4 13281//4 13282//4 12930//4
f 13284//6 13283//6 13282//6 13281//6
f 12935//1 13285//1 13286//1 12934//1
f 12934//4 13286//4 13287//4 12936//4
f 12936//4 13287//4 13288//4 12937//4
f 12937//4 13288//4 13289//4 12938//4
f 12938//4 13289//4 13290//4 12939//4
f 12939//4 13290//4 13291//4 12940//4
f 12940//4 13291//4 13292//4 12941//4
f 12941//4 13292//4 13293//4 12942//4
f 12942//4 13293//4 13253//4 12902//4
f 12944//3 12943//3 13294//3 13295//3
f 12943//3 12945//3 13296//3 13294//3
f 12945//3 12946//3 13297//3 13296//3
f 12946//3 12947//3 13298//3 13297//3
f 12947//3 12948//3 13299//3 13298//3
f 12948//3 12949//3 13300//3 13299//3
f 12949//3 12950//3 13301//3 13300//3
f 12950//3 12951//3 13302//3 13301//3
f 12951//3 12953//3 13303//3 13302//3
f 12953//3 12955//3 13304//3 13303//3
f 12955//3 13305//3 13306//3 13304//3
f 12955//5 12914//5 12913//5 13305//5
f 13305//3 13307//3 13308//3 13306//3
f 13305//5 12913//5 12915//5 13307//5
f 13309//2 12916//2 13269//2 13310//2
f 13307//3 13309//3 13310//3 13308//3
f 13307//5 12915//5 12916//5 13309//5
f 13311//1 13312//1 13268//1 12917//1
f 13311//3 13313//3 13314//3 13312//3
f 13311//5 12917//5 12918//5 13313//5
f 13313//3 13315//3 13316//3 13314//3
f 13313//5 12918//5 12919//5 13315//5
f 13315//3 12957//3 13317//3 13316//3
f 13315//5 12919//5 12920//5 12957//5
f 12957//3 12959//3 13318//3 13317//3
f 12959//3 12960//3 13319//3 13318//3
f 12960//3 12961//3 13320//3 13319//3
f 12961//3 12962//3 13321//3 13320//3
f 12962//3 12963//3 13322//3 13321//3
f 12963//3 12964//3 13323//3 13322//3
f 12964//3 12965//3 13324//3 13323//3
f 12965//3 12966//3 13325//3 13324//3
f 12966//3 12967//3 13326//3 13325//3
f 12967//3 12968//3 13327//3 13326//3
f 12931//4 13283//4 13328//4 12969//4
f 12969//4 13328//4 13329//4 12970//4
f 12970//4 13329//4 13330//4 12971//4
f 12971//4 13330//4 13331//4 12972//4
f 12972//4 13331//4 13332//4 12973//4
f 12973//4 13332//4 13333//4 12974//4
f 12974//4 13333//4 13334//4 12975//4
f 12979//2 12976//2 13335//2 13336//2
f 12975//4 13334//4 13335//4 12976//4
f 12981//1 13337//1 13285//1 12935//1
f 12981//3 13002//3 13338//3 13337//3
f 12983//3 12982//3 13339//3 13340//3
f 12982//3 12984//3 13341//3 13339//3
f 12984//3 12985//3 13342//3 13341//3
f 12985//3 12986//3 13343//3 13342//3
f 12986//3 12987//3 13344//3 13343//3
f 12989//2 12944//2 13295//2 13345//2
f 12987//3 12989//3 13345//3 13344//3
f 12991//1 13346//1 13327//1 12968//1
f 12991//3 12992//3 13347//3 13346//3
f 12992//3 12993//3 13348//3 13347//3
f 12993//3 12994//3 13349//3 13348//3
f 12994//3 12995//3 13350//3 13349//3
f 12995//3 12996//3 13351//3 13350//3
f 12996//3 12997//3 13352//3 13351//3
f 12999//2 12979//2 13336//2 13353//2
f 13007//3 12999//3 13353//3 13354//3
f 13256//1 13651//1 13652//1 13255//1
f 13255//4 13652//4 13653//4 13257//4
f 13651//6 13654//6 13653//6 13652//6
f 13257//4 13653//4 13655//4 13258//4
f 13258//4 13655//4 13656//4 13259//4
f 13259//4 13656//4 13657//4 13260//4
f 13260//4 13657//4 13658//4 13261//4
f 13261//4 13658//4 13659//4 13262//4
f 13262//4 13659//4 13660//4 13263//4
f 13263//4 13660//4 13642//4 13264//4
f 13272//4 13650//4 13661//4 13273//4
f 13273//4 13661//4 13662//4 13274//4
f 13274//4 13662//4 13663//4 13275//4
f 13275//4 13663//4 13664//4 13276//4
f 13276//4 13664//4 13665//4 13277//4
f 13277//4 13665//4 13666//4 13278//4
f 13278//4 13666//4 13667//4 13279//4
f 13279//4 13667//4 13668//4 13280//4
f 13284//2 13281//2 13669//2 13670//2
f 13280//4 13668//4 13669//4 13281//4
f 13671//6 13670//6 13669//6 13668//6
f 13285//1 13672//1 13673//1 13286//1
f 13286//4 13673//4 13674//4 13287//4
f 13672//6 13675//6 13674//6 13673//6
f 13287//4 13674//4 13676//4 13288//4
f 13288//4 13676//4 13677//4 13289//4
f 13289//4 13677//4 13678//4 13290//4
f 13290//4 13678//4 13679//4 13291//4
f 13291//4 13679//4 13680//4 13292//4
f 13292//4 13680//4 13681//4 13293//4
f 13293//4 13681//4 13682//4 13253//4
f 13253//4 13682//4 13651//4 13256//4
f 13294//3 13296//3 13683//3 13684//3
f 13296//3 13297//3 13685//3 13683//3
f 13297//3 13298//3 13686//3 13685//3
f 13298//3 13299//3 13687//3 13686//3
f 13299//3 13300//3 13688//3 13687//3
f 13300//3 13301//3 13689//3 13688//3
f 13301//3 13302//3 13690//3 13689//3
f 13302//3 13303//3 13691//3 13690//3
f 13303//3 13304//3 13692//3 13691//3
f 13304//3 13306//3 13693//3 13692//3
f 13306//3 13308//3 13694//3 13693//3
f 13308//3 13310//3 13695//3 13694//3
f 13310//3 13312//3 13696//3 13695//3
f 13310//5 13269//5 13268//5 13312//5
f 13312//3 13314//3 13697//3 13696//3
f 13314//3 13316//3 13698//3 13697//3
f 13316//3 13317//3 13699//3 13698//3
f 13317//3 13318//3 13700//3 13699//3
f 13318//3 13319//3 13701//3 13700//3
f 13319//3 13320//3 13702//3 13701//3
f 13320//3 13321//3 13703//3 13702//3
f 13321//3 13322//3 13704//3 13703//3
f 13322//3 13323//3 13705//3 13704//3
f 13323//3 13324//3 13706//3 13705//3
f 13324//3 13325//3 13707//3 13706//3
f 13325//3 13326//3 13708//3 13707//3
f 13284//4 13670//4 13709//4 13283//4
f 13283//4 13709//4 13710//4 13328//4
f 13328//4 13710//4 13711//4 13329//4
f 13329//4 13711//4 13712//4 13330//4
f 13330//4 13712//4 13713//4 13331//4
f 13331//4 13713//4 13714//4 13332//4
f 13332//4 13714//4 13715//4 13333//4
f 13333//4 13715//4 13716//4 13334//4
f 13336//2 13335//2 13717//2 13718//2
f 13334//4 13716//4 13717//4 13335//4
f 13719//6 13718//6 13717//6 13716//6
f 13337//1 13720//1 13672//1 13285//1
f 13337//3 13338//3 13721//3 13720//3
f 13720//6 13721//6 13675//6 13672//6
f 13339//3 13341//3 13722//3 13723//3
f 13341//3 13342//3 13724//3 13722//3
f 13342//3 13343//3 13725//3 13724//3
f 13343//3 13344//3 13726//3 13725//3
f 13344//3 13345//3 13727//3 13726//3
f 13728//2 13294//2 13684//2 13729//2
f 13345//3 13728//3 13729//3 13727//3
f 13345//5 13295//5 13294//5 13728//5
f 13730//1 13731//1 13708//1 13326//1
f 13730//3 13346//3 13732//3 13731//3
f 13730//5 13326//5 13327//5 13346//5
f 13346//3 13347//3 13733//3 13732//3
f 13347//3 13348//3 13734//3 13733//3
f 13348//3 13349//3 13735//3 13734//3
f 13349//3 13350//3 13736//3 13735//3
f 13350//3 13351//3 13737//3 13736//3
f 13353//2 13336//2 13718//2 13738//2
f 13354//3 13353//3 13738//3 13739//3
f 13739//6 13738//6 13718//6 13719//6
f 13654//1 13969//1 13970//1 13653//1
f 13653//4 13970//4 13971//4 13655//4
f 13969//6 13972//6 13971//6 13970//6
f 13655//4 13971//4 13973//4 13656//4
f 13656//4 13973//4 13974//4 13657//4
f 13657//4 13974//4 13975//4 13658//4
f 13658//4 13975//4 13976//4 13659//4
f 13659//4 13976//4 13977//4 13660//4
f 13660//4 13977//4 13965//4 13642//4
f 13643//4 13966//4 13978//4 13644//4
f 13644//4 13978//4 13979//4 13645//4
f 13645//4 13979//4 13980//4 13646//4
f 13646//4 13980//4 13981//4 13647//4
f 13647//4 13981//4 13982//4 13648//4
f 13648//4 13982//4 13967//4 13649//4
f 13650//4 13968//4 13983//4 13661//4
f 13661//4 13983//4 13984//4 13662//4
f 13662//4 13984//4 13985//4 13663//4
f 13663//4 13985//4 13986//4 13664//4
f 13664//4 13986//4 13987//4 13665//4
f 13665//4 13987//4 13988//4 13666//4
f 13666//4 13988//4 13989//4 13667//4
f 13671//2 13668//2 13990//2 13991//2
f 13667//4 13989//4 13990//4 13668//4
f 13992//6 13991//6 13990//6 13989//6
f 13675//1 13993//1 13994//1 13674//1
f 13674//4 13994//4 13995//4 13676//4
f 13676//4 13995//4 13996//4 13677//4
f 13677//4 13996//4 13997//4 13678//4
f 13678//4 13997//4 13998//4 13679//4
f 13679//4 13998//4 13999//4 13680//4
f 13680//4 13999//4 14000//4 13681//4
f 13681//4 14000//4 14001//4 13682//4
f 13682//4 14001//4 14002//4 13651//4
f 13651//4 14002//4 13969//4 13654//4
f 13683//3 13685//3 14003//3 14004//3
f 13685//3 13686//3 14005//3 14003//3
f 13686//3 13687//3 14006//3 14005//3
f 13687//3 13688//3 14007//3 14006//3
f 13688//3 13689//3 14008//3 14007//3
f 13689//3 13690//3 14009//3 14008//3
f 13690//3 13691//3 14010//3 14009//3
f 13691//3 13692//3 14011//3 14010//3
f 13692//3 13693//3 14012//3 14011//3
f 13693//3 13694//3 14013//3 14012//3
f 13694//3 13695//3 14014//3 14013//3
f 13695//3 13696//3 14015//3 14014//3
f 13696//3 13697//3 14016//3 14015//3
f 13697//3 13698//3 14017//3 14016//3
f 13698//3 13699//3 14018//3 14017//3
f 13699//3 13700//3 14019//3 14018//3
f 13700//3 13701//3 14020//3 14019//3
f 13701//3 13702//3 14021//3 14020//3
f 13702//3 13703//3 14022//3 14021//3
f 13703//3 13704//3 14023//3 14022//3
f 13704//3 13705//3 14024//3 14023//3
f 13705//3 13706//3 14025//3 14024//3
f 13706//3 13707//3 14026//3 14025//3
f 13671//4 13991//4 14027//4 13670//4
f 13670//4 14027//4 14028//4 13709//4
f 13709//4 14028//4 14029//4 13710//4
f 13710//4 14029//4 14030//4 13711//4
f 13711//4 14030//4 14031//4 13712//4
f 13713//4 14032//4 14033//4 13714//4
f 13714//4 14033//4 14034//4 13715//4
f 13719//2 13716//2 14035//2 14036//2
f 13715//4 14034//4 14035//4 13716//4
f 13721//1 14037//1 13993//1 13675//1
f 13723//3 13722//3 14038//3 14039//3
f 13722//3 13724//3 14040//3 14038//3
f 13724//3 13725//3 14041//3 14040//3
f 13725//3 13726//3 14042//3 14041//3
f 13726//3 13727//3 14043//3 14042//3
f 13727//3 13729//3 14044//3 14043//3
f 14045//2 13683//2 14004//2 14046//2
f 13729//3 14045//3 14046//3 14044//3
f 13729//5 13684//5 13683//5 14045//5
f 14047//1 14048//1 14026//1 13707//1
f 14047//3 13731//3 14049//3 14048//3
f 14047//5 13707//5 13708//5 13731//5
f 13731//3 13732//3 14050//3 14049//3
f 13732//3 13733//3 14051//3 14050//3
f 13733//3 13734//3 14052//3 14051//3
f 13734//3 13735//3 14053//3 14052//3
f 13736//3 13737//3 14054//3 14055//3
f 13739//2 13719//2 14036//2 14056//2
f 13972//1 14354//1 14355//1 13971//1
f 13971//4 14355//4 14356//4 13973//4
f 14354//6 14357//6 14356//6 14355//6
f 13973//4 14356//4 14358//4 13974//4
f 13974//4 14358//4 14359//4 13975//4
f 13975//4 14359//4 14360//4 13976//4
f 13976//4 14360//4 14361//4 13977//4
f 13977//4 14361//4 14350//4 13965//4
f 13966//4 14351//4 14362//4 13978//4
f 13978//4 14362//4 14363//4 13979//4
f 13979//4 14363//4 14364//4 13980//4
f 13980//4 14364//4 14365//4 13981//4
f 13981//4 14365//4 14366//4 13982//4
f 13982//4 14366//4 14352//4 13967//4
f 13968//4 14353//4 14367//4 13983//4
f 13983//4 14367//4 14368//4 13984//4
f 13984//4 14368//4 14369//4 13985//4
f 13985//4 14369//4 14370//4 13986//4
f 13986//4 14370//4 14371//4 13987//4
f 13987//4 14371//4 14372//4 13988//4
f 13992//2 13989//2 14373//2 14374//2
f 13988//4 14372//4 14373//4 13989//4
f 14375//6 14374//6 14373//6 14372//6
f 13993//1 14376//1 14377//1 13994//1
f 13994//4 14377//4 14378//4 13995//4
f 14376//6 14379//6 14378//6 14377//6
f 13995//4 14378//4 14380//4 13996//4
f 13996//4 14380//4 14381//4 13997//4
f 13997//4 14381//4 14382//4 13998//4
f 13998//4 14382//4 14383//4 13999//4
f 13999//4 14383//4 14384//4 14000//4
f 14000//4 14384//4 14385//4 14001//4
f 14001//4 14385//4 14386//4 14002//4
f 14002//4 14386//4 14387//4 13969//4
f 13969//4 14387//4 14354//4 13972//4
f 14003//3 14005//3 14388//3 14389//3
f 14005//3 14006//3 14390//3 14388//3
f 14006//3 14007//3 14391//3 14390//3
f 14007//3 14008//3 14392//3 14391//3
f 14008//3 14009//3 14393//3 14392//3
f 14009//3 14010//3 14394//3 14393//3
f 14010//3 14011//3 14395//3 14394//3
f 14011//3 14012//3 14396//3 14395//3
f 14012//3 14013//3 14397//3 14396//3
f 14013//3 14014//3 14398//3 14397//3
f 14014//3 14015//3 14399//3 14398//3
f 14015//3 14016//3 14400//3 14399//3
f 14016//3 14017//3 14401//3 14400//3
f 14017//3 14018//3 14402//3 14401//3
f 14018//3 14019//3 14403//3 14402//3
f 14019//3 14020//3 14404//3 14403//3
f 14020//3 14021//3 14405//3 14404//3
f 14021//3 14022//3 14406//3 14405//3
f 14022//3 14023//3 14407//3 14406//3
f 14023//3 14024//3 14408//3 14407//3
f 14024//3 14025//3 14409//3 14408//3
f 13992//4 14374//4 14410//4 13991//4
f 13991//4 14410//4 14411//4 14027//4
f 14027//4 14411//4 14412//4 14028//4
f 14028//4 14412//4 14413//4 14029//4
f 14029//4 14413//4 14414//4 14030//4
f 14030//4 14414//4 14415//4 14031//4
f 14031//4 14415//4 14416//4 14032//4
f 14032//4 14416//4 14417//4 14033//4
f 14033//4 14417//4 14418//4 14034//4
f 14036//2 14035//2 14419//2 14420//2
f 14034//4 14418//4 14419//4 14035//4
f 14421//6 14420//6 14419//6 14418//6
f 14037//1 14422//1 14376//1 13993//1
f 14037//3 14059//3 14423//3 14422//3
f 14422//6 14423//6 14379//6 14376//6
f 14038//3 14040//3 14424//3 14425//3
f 14040//3 14041//3 14426//3 14424//3
f 14041//3 14042//3 14427//3 14426//3
f 14042//3 14043//3 14428//3 14427//3
f 14043//3 14044//3 14429//3 14428//3
f 14044//3 14046//3 14430//3 14429//3
f 14431//2 14003//2 14389//2 14432//2
f 14046//3 14431//3 14432//3 14430//3
f 14046//5 14004//5 14003//5 14431//5
f 14433//1 14434//1 14409//1 14025//1
f 14433//3 14048//3 14435//3 14434//3
f 14433//5 14025//5 14026//5 14048//5
f 14048//3 14049//3 14436//3 14435//3
f 14049//3 14050//3 14437//3 14436//3
f 14050//3 14051//3 14438//3 14437//3
f 14051//3 14052//3 14439//3 14438//3
f 14052//3 14053//3 14440//3 14439//3
f 14053//3 14055//3 14441//3 14440//3
f 14056//2 14036//2 14420//2 14442//2
f 14068//3 14056//3 14442//3 14443//3
f 14443//6 14442//6 14420//6 14421//6
f 14357//1 14696//1 14697//1 14356//1
f 14356//4 14697//4 14698//4 14358//4
f 14696//6 14699//6 14698//6 14697//6
f 14358//4 14698//4 14700//4 14359//4
f 14699//6 14701//6 14700//6 14698//6
f 14359//4 14700//4 14702//4 14360//4
f 14360//4 14702//4 14703//4 14361//4
f 14361//4 14703//4 14692//4 14350//4
f 14351//4 14693//4 14704//4 14362//4
f 14362//4 14704//4 14705//4 14363//4
f 14363//4 14705//4 14706//4 14364//4
f 14364//4 14706//4 14707//4 14365//4
f 14365//4 14707//4 14708//4 14366//4
f 14366//4 14708//4 14694//4 14352//4
f 14353//4 14695//4 14709//4 14367//4
f 14367//4 14709//4 14710//4 14368//4
f 14368//4 14710//4 14711//4 14369//4
f 14369//4 14711//4 14712//4 14370//4
f 14370//4 14712//4 14713//4 14371//4
f 14714//6 14715//6 14713//6 14712//6
f 14375//2 14372//2 14716//2 14717//2
f 14371//4 14713//4 14716//4 14372//4
f 14715//6 14717//6 14716//6 14713//6
f 14379//1 14718//1 14719//1 14378//1
f 14378//4 14719//4 14720//4 14380//4
f 14718//6 14721//6 14720//6 14719//6
f 14380//4 14720//4 14722//4 14381//4
f 14381//4 14722//4 14723//4 14382//4
f 14382//4 14723//4 14724//4 14383//4
f 14383//4 14724//4 14725//4 14384//4
f 14384//4 14725//4 14726//4 14385//4
f 14385//4 14726//4 14727//4 14386//4
f 14386//4 14727//4 14728//4 14387//4
f 14387//4 14728//4 14729//4 14354//4
f 14354//4 14729//4 14696//4 14357//4
f 14388//3 14390//3 14730//3 14731//3
f 14390//3 14391//3 14732//3 14730//3
f 14391//3 14392//3 14733//3 14732//3
f 14392//3 14393//3 14734//3 14733//3
f 14393//3 14394//3 14735//3 14734//3
f 14394//3 14395//3 14736//3 14735//3
f 14395//3 14396//3 14737//3 14736//3
f 14396//3 14397//3 14738//3 14737//3
f 14397//3 14398//3 14739//3 14738//3
f 14398//3 14399//3 14740//3 14739//3
f 14399//3 14400//3 14741//3 14740//3
f 14400//3 14401//3 14742//3 14741//3
f 14401//3 14402//3 14743//3 14742//3
f 14402//3 14403//3 14744//3 14743//3
f 14403//3 14404//3 14745//3 14744//3
f 14404//3 14405//3 14746//3 14745//3
f 14405//3 14406//3 14747//3 14746//3
f 14406//3 14407//3 14748//3 14747//3
f 14407//3 14408//3 14749//3 14748//3
f 14375//4 14717//4 14750//4 14374//4
f 14374//4 14750//4 14751//4 14410//4
f 14410//4 14751//4 14752//4 14411//4
f 14411//4 14752//4 14753//4 14412//4
f 14412//4 14753//4 14754//4 14413//4
f 14413//4 14754//4 14755//4 14414//4
f 14414//4 14755//4 14756//4 14415//4
f 14415//4 14756//4 14757//4 14416//4
f 14416//4 14757//4 14758//4 14417//4
f 14421//2 14418//2 14759//2 14760//2
f 14417//4 14758//4 14759//4 14418//4
f 14761//6 14760//6 14759//6 14758//6
f 14423//1 14762//1 14718//1 14379//1
f 14423//3 14446//3 14763//3 14762//3
f 14762//6 14763//6 14721//6 14718//6
f 14424//3 14426//3 14764//3 14765//3
f 14426//3 14427//3 14766//3 14764//3
f 14427//3 14428//3 14767//3 14766//3
f 14428//3 14429//3 14768//3 14767//3
f 14429//3 14430//3 14769//3 14768//3
f 14430//3 14432//3 14770//3 14769//3
f 14771//2 14388//2 14731//2 14772//2
f 14432//3 14771//3 14772//3 14770//3
f 14432//5 14389//5 14388//5 14771//5
f 14773//1 14774//1 14749//1 14408//1
f 14773//3 14434//3 14775//3 14774//3
f 14773//5 14408//5 14409//5 14434//5
f 14434//3 14435//3 14776//3 14775//3
f 14435//3 14436//3 14777//3 14776//3
f 14436//3 14437//3 14778//3 14777//3
f 14437//3 14438//3 14779//3 14778//3
f 14438//3 14439//3 14780//3 14779//3
f 14439//3 14440//3 14781//3 14780//3
f 14443//2 14421//2 14760//2 14782//2
f 14451//3 14443//3 14782//3 14783//3
f 14783//6 14782//6 14760//6 14761//6
f 14701//1 15039//1 15040//1 14700//1
f 14700//4 15040//4 15041//4 14702//4
f 15039//6 15042//6 15041//6 15040//6
f 14702//4 15041//4 15043//4 14703//4
f 15042//6 15044//6 15043//6 15041//6
f 14703//4 15043//4 15035//4 14692//4
f 14693//4 15036//4 15045//4 14704//4
f 14704//4 15045//4 15046//4 14705//4
f 14705//4 15046//4 15047//4 14706//4
f 14706//4 15047//4 15048//4 14707//4
f 14707//4 15048//4 15049//4 14708//4
f 14708//4 15049//4 15037//4 14694//4
f 14695//4 15038//4 15050//4 14709//4
f 14709//4 15050//4 15051//4 14710//4
f 14710//4 15051//4 15052//4 14711//4
f 15053//6 15054//6 15052//6 15051//6
f 14714//2 14712//2 15055//2 15056//2
f 14711//4 15052//4 15055//4 14712//4
f 15054//6 15056//6 15055//6 15052//6
f 14721//1 15057//1 15058//1 14720//1
f 14720//4 15058//4 15059//4 14722//4
f 14722//4 15059//4 15060//4 14723//4
f 14723//4 15060//4 15061//4 14724//4
f 14724//4 15061//4 15062//4 14725//4
f 14725//4 15062//4 15063//4 14726//4
f 14726//4 15063//4 15064//4 14727//4
f 14727//4 15064//4 15065//4 14728//4
f 14728//4 15065//4 15066//4 14729//4
f 14729//4 15066//4 15067//4 14696//4
f 14696//4 15067//4 15068//4 14699//4
f 14699//4 15068//4 15039//4 14701//4
f 14732//3 14733//3 15069//3 15070//3
f 14733//3 14734//3 15071//3 15069//3
f 14734//3 14735//3 15072//3 15071//3
f 14735//3 14736//3 15073//3 15072//3
f 14736//3 14737//3 15074//3 15073//3
f 14737//3 14738//3 15075//3 15074//3
f 14738//3 14739//3 15076//3 15075//3
f 14739//3 14740//3 15077//3 15076//3
f 14740//3 14741//3 15078//3 15077//3
f 14741//3 14742//3 15079//3 15078//3
f 14742//3 14743//3 15080//3 15079//3
f 14743//3 14744//3 15081//3 15080//3
f 14744//3 14745//3 15082//3 15081//3
f 14745//3 14746//3 15083//3 15082//3
f 14746//3 14747//3 15084//3 15083//3
f 14714//4 15056//4 15085//4 14715//4
f 14715//4 15085//4 15086//4 14717//4
f 14717//4 15086//4 15087//4 14750//4
f 14750//4 15087//4 15088//4 14751//4
f 14751//4 15088//4 15089//4 14752//4
f 14752//4 15089//4 15090//4 14753//4
f 14753//4 15090//4 15091//4 14754//4
f 14754//4 15091//4 15092//4 14755//4
f 14755//4 15092//4 15093//4 14756//4
f 14756//4 15093//4 15094//4 14757//4
f 14761//2 14758//2 15095//2 15096//2
f 14757//4 15094//4 15095//4 14758//4
f 14763//1 15097//1 15057//1 14721//1
f 14764//3 14766//3 15098//3 15099//3
f 14766//3 14767//3 15100//3 15098//3
f 14767//3 14768//3 15101//3 15100//3
f 14768//3 14769//3 15102//3 15101//3
f 14769//3 14770//3 15103//3 15102//3
f 14770//3 14772//3 15104//3 15103//3
f 14772//3 15105//3 15106//3 15104//3
f 14772//5 14731//5 14730//5 15105//5
f 15107//2 14732//2 15070//2 15108//2
f 15105//3 15107//3 15108//3 15106//3
f 15105//5 14730//5 14732//5 15107//5
f 15109//1 15110//1 15084//1 14747//1
f 15109//3 15111//3 15112//3 15110//3
f 15109//5 14747//5 14748//5 15111//5
f 15111//3 14774//3 15113//3 15112//3
f 15111//5 14748//5 14749//5 14774//5
f 14774//3 14775//3 15114//3 15113//3
f 14775//3 14776//3 15115//3 15114//3
f 14776//3 14777//3 15116//3 15115//3
f 14777//3 14778//3 15117//3 15116//3
f 14778//3 14779//3 15118//3 15117//3
f 14779//3 14780//3 15119//3 15118//3
f 14783//2 14761//2 15096//2 15120//2
f 15044//1 15440//1 15441//1 15043//1
f 15043//4 15441//4 15432//4 15035//4
f 15440//6 15442//6 15432//6 15441//6
f 15036//4 15433//4 15443//4 15045//4
f 15045//4 15443//4 15444//4 15046//4
f 15046//4 15444//4 15445//4 15047//4
f 15047//4 15445//4 15446//4 15048//4
f 15048//4 15446//4 15447//4 15049//4
f 15049//4 15447//4 15434//4 15037//4
f 15038//4 15435//4 15448//4 15050//4
f 15449//6 15450//6 15448//6 15435//6
f 15053//2 15051//2 15451//2 15452//2
f 15050//4 15448//4 15451//4 15051//4
f 15450//6 15452//6 15451//6 15448//6
f 15057//1 15455//1 15456//1 15058//1
f 15058//4 15456//4 15457//4 15059//4
f 15455//6 15458//6 15457//6 15456//6
f 15059//4 15457//4 15459//4 15060//4
f 15060//4 15459//4 15460//4 15061//4
f 15061//4 15460//4 15461//4 15062//4
f 15062//4 15461//4 15462//4 15063//4
f 15063//4 15462//4 15463//4 15064//4
f 15064//4 15463//4 15464//4 15065//4
f 15065//4 15464//4 15465//4 15066//4
f 15066//4 15465//4 15466//4 15067//4
f 15067//4 15466//4 15467//4 15068//4
f 15068//4 15467//4 15468//4 15039//4
f 15039//4 15468//4 15469//4 15042//4
f 15042//4 15469//4 15440//4 15044//4
f 15071//3 15072//3 15470//3 15471//3
f 15072//3 15073//3 15472//3 15470//3
f 15073//3 15074//3 15473//3 15472//3
f 15074//3 15075//3 15474//3 15473//3
f 15075//3 15076//3 15475//3 15474//3
f 15076//3 15077//3 15476//3 15475//3
f 15077//3 15078//3 15477//3 15476//3
f 15078//3 15079//3 15478//3 15477//3
f 15079//3 15080//3 15479//3 15478//3
f 15080//3 15081//3 15480//3 15479//3
f 15081//3 15082//3 15481//3 15480//3
f 15053//4 15452//4 15482//4 15054//4
f 15054//4 15482//4 15483//4 15056//4
f 15056//4 15483//4 15484//4 15085//4
f 15085//4 15484//4 15485//4 15086//4
f 15086//4 15485//4 15486//4 15087//4
f 15087//4 15486//4 15453//4 15088//4
f 15089//4 15454//4 15487//4 15090//4
f 15090//4 15487//4 15488//4 15091//4
f 15091//4 15488//4 15489//4 15092//4
f 15092//4 15489//4 15490//4 15093//4
f 15093//4 15490//4 15491//4 15094//4
f 15096//2 15095//2 15492//2 15493//2
f 15094//4 15491//4 15492//4 15095//4
f 15494//6 15493//6 15492//6 15491//6
f 15097//1 15495//1 15455//1 15057//1
f 15097//3 15123//3 15496//3 15495//3
f 15495//6 15496//6 15458//6 15455//6
f 15099//3 15098//3 15497//3 15498//3
f 15098//3 15100//3 15499//3 15497//3
f 15100//3 15101//3 15500//3 15499//3
f 15101//3 15102//3 15501//3 15500//3
f 15102//3 15103//3 15502//3 15501//3
f 15103//3 15104//3 15503//3 15502//3
f 15104//3 15106//3 15504//3 15503//3
f 15106//3 15108//3 15505//3 15504//3
f 15108//3 15506//3 15507//3 15505//3
f 15108//5 15070//5 15069//5 15506//5
f 15508//2 15071//2 15471//2 15509//2
f 15506//3 15508//3 15509//3 15507//3
f 15506//5 15069//5 15071//5 15508//5
f 15510//1 15511//1 15481//1 15082//1
f 15510//3 15512//3 15513//3 15511//3
f 15510//5 15082//5 15083//5 15512//5
f 15512//3 15110//3 15514//3 15513//3
f 15512//5 15083//5 15084//5 15110//5
f 15110//3 15112//3 15515//3 15514//3
f 15112//3 15113//3 15516//3 15515//3
f 15113//3 15114//3 15517//3 15516//3
f 15114//3 15115//3 15518//3 15517//3
f 15115//3 15116//3 15519//3 15518//3
f 15116//3 15117//3 15520//3 15519//3
f 15117//3 15118//3 15521//3 15520//3
f 15118//3 15119//3 15522//3 15521//3
f 15120//2 15096//2 15493//2 15523//2
f 15130//3 15120//3 15523//3 15524//3
f 15524//6 15523//6 15493//6 15494//6
f 15442//1 15804//1 15800//1 15432//1
f 15433//4 15801//4 15805//4 15443//4
f 15443//4 15805//4 15806//4 15444//4
f 15444//4 15806//4 15807//4 15445//4
f 15445//4 15807//4 15808//4 15446//4
f 15446//4 15808//4 15809//4 15447//4
f 15447//4 15809//4 15802//4 15434//4
f 15449//2 15435//2 15803//2 15810//2
f 15458//1 15811//1 15812//1 15457//1
f 15457//4 15812//4 15813//4 15459//4
f 15811//6 15814//6 15813//6 15812//6
f 15459//4 15813//4 15815//4 15460//4
f 15460//4 15815//4 15816//4 15461//4
f 15461//4 15816//4 15817//4 15462//4
f 15462//4 15817//4 15818//4 15463//4
f 15463//4 15818//4 15819//4 15464//4
f 15464//4 15819//4 15820//4 15465//4
f 15465//4 15820//4 15821//4 15466//4
f 15466//4 15821//4 15822//4 15467//4
f 15467//4 15822//4 15823//4 15468//4
f 15468//4 15823//4 15824//4 15469//4
f 15469//4 15824//4 15825//4 15440//4
f 15440//4 15825//4 15804//4 15442//4
f 15475//3 15476//3 15826//3 15827//3
f 15449//4 15810//4 15828//4 15450//4
f 15450//4 15828//4 15829//4 15452//4
f 15452//4 15829//4 15830//4 15482//4
f 15482//4 15830//4 15831//4 15483//4
f 15483//4 15831//4 15832//4 15484//4
f 15484//4 15832//4 15833//4 15485//4
f 15485//4 15833//4 15834//4 15486//4
f 15486//4 15834//4 15835//4 15453//4
f 15453//4 15835//4 15836//4 15454//4
f 15454//4 15836//4 15837//4 15487//4
f 15487//4 15837//4 15838//4 15488//4
f 15488//4 15838//4 15839//4 15489//4
f 15489//4 15839//4 15840//4 15490//4
f 15494//2 15491//2 15841//2 15842//2
f 15490//4 15840//4 15841//4 15491//4
f 15843//6 15842//6 15841//6 15840//6
f 15496//1 15844//1 15811//1 15458//1
f 15496//3 15527//3 15845//3 15844//3
f 15844//6 15845//6 15814//6 15811//6
f 15499//3 15500//3 15846//3 15847//3
f 15500//3 15501//3 15848//3 15846//3
f 15501//3 15502//3 15849//3 15848//3
f 15502//3 15503//3 15850//3 15849//3
f 15503//3 15504//3 15851//3 15850//3
f 15504//3 15505//3 15852//3 15851//3
f 15505//3 15507//3 15853//3 15852//3
f 15507//3 15509//3 15854//3 15853//3
f 15509//3 15855//3 15856//3 15854//3
f 15509//5 15471//5 15470//5 15855//5
f 15855//3 15857//3 15858//3 15856//3
f 15855//5 15470//5 15472//5 15857//5
f 15857//3 15859//3 15860//3 15858//3
f 15857//5 15472//5 15473//5 15859//5
f 15859//3 15861//3 15862//3 15860//3
f 15859//5 15473//5 15474//5 15861//5
f 15863//2 15475//2 15827//2 15864//2
f 15861//3 15863//3 15864//3 15862//3
f 15861//5 15474//5 15475//5 15863//5
f 15865//1 15866//1 15826//1 15476//1
f 15865//3 15867//3 15868//3 15866//3
f 15865//5 15476//5 15477//5 15867//5
f 15867//3 15869//3 15870//3 15868//3
f 15867//5 15477//5 15478//5 15869//5
f 15869//3 15871//3 15872//3 15870//3
f 15869//5 15478//5 15479//5 15871//5
f 15871//3 15873//3 15874//3 15872//3
f 15871//5 15479//5 15480//5 15873//5
f 15873//3 15511//3 15875//3 15874//3
f 15873//5 15480//5 15481//5 15511//5
f 15511//3 15513//3 15876//3 15875//3
f 15513//3 15514//3 15877//3 15876//3
f 15514//3 15515//3 15878//3 15877//3
f 15515//3 15516//3 15879//3 15878//3
f 15516//3 15517//3 15880//3 15879//3
f 15517//3 15518//3 15881//3 15880//3
f 15518//3 15519//3 15882//3 15881//3
f 15519//3 15520//3 15883//3 15882//3
f 15524//2 15494//2 15842//2 15884//2
f 15532//3 15524//3 15884//3 15885//3
f 15885//6 15884//6 15842//6 15843//6
f 15804//1 16205//1 16201//1 15800//1
f 15801//4 16202//4 16206//4 15805//4
f 15805//4 16206//4 16207//4 15806//4
f 15806//4 16207//4 16208//4 15807//4
f 15807//4 16208//4 16209//4 15808//4
f 15808//4 16209//4 16210//4 15809//4
f 15809//4 16210//4 16203//4 15802//4
f 15810//2 15803//2 16204//2 16211//2
f 15814//1 16212//1 16213//1 15813//1
f 15813//4 16213//4 16214//4 15815//4
f 16212//6 16215//6 16214//6 16213//6
f 15815//4 16214//4 16216//4 15816//4
f 16215//6 16217//6 16216//6 16214//6
f 15816//4 16216//4 16218//4 15817//4
f 15817//4 16218//4 16219//4 15818//4
f 15818//4 16219//4 16220//4 15819//4
f 15819//4 16220//4 16221//4 15820//4
f 15820//4 16221//4 16222//4 15821//4
f 15821//4 16222//4 16223//4 15822//4
f 15822//4 16223//4 16224//4 15823//4
f 15823//4 16224//4 16225//4 15824//4
f 15824//4 16225//4 16226//4 15825//4
f 15825//4 16226//4 16205//4 15804//4
f 15810//4 16211//4 16227//4 15828//4
f 15828//4 16227//4 16228//4 15829//4
f 15829//4 16228//4 16229//4 15830//4
f 15830//4 16229//4 16230//4 15831//4
f 15831//4 16230//4 16231//4 15832//4
f 15832//4 16231//4 16232//4 15833//4
f 15833//4 16232//4 16233//4 15834//4
f 15834//4 16233//4 16234//4 15835//4
f 15835//4 16234//4 16235//4 15836//4
f 15836//4 16235//4 16236//4 15837//4
f 15837//4 16236//4 16237//4 15838//4
f 15838//4 16237//4 16238//4 15839//4
f 16239//6 16240//6 16238//6 16237//6
f 15843//2 15840//2 16241//2 16242//2
f 15839//4 16238//4 16241//4 15840//4
f 16240//6 16242//6 16241//6 16238//6
f 15845//1 16243//1 16212//1 15814//1
f 15845//3 15888//3 16244//3 16243//3
f 16243//6 16244//6 16215//6 16212//6
f 16244//6 16245//6 16217//6 16215//6
f 15846//3 15848//3 16246//3 16247//3
f 15848//3 15849//3 16248//3 16246//3
f 15849//3 15850//3 16249//3 16248//3
f 15850//3 15851//3 16250//3 16249//3
f 15851//3 15852//3 16251//3 16250//3
f 15852//3 15853//3 16252//3 16251//3
f 15853//3 15854//3 16253//3 16252//3
f 15854//3 15856//3 16254//3 16253//3
f 15856//3 15858//3 16255//3 16254//3
f 15858//3 15860//3 16256//3 16255//3
f 15860//3 15862//3 16257//3 16256//3
f 15862//3 15864//3 16258//3 16257//3
f 15864//3 15866//3 16259//3 16258//3
f 15864//5 15827//5 15826//5 15866//5
f 15866//3 15868//3 16260//3 16259//3
f 15868//3 15870//3 16261//3 16260//3
f 15870//3 15872//3 16262//3 16261//3
f 15872//3 15874//3 16263//3 16262//3
f 15874//3 15875//3 16264//3 16263//3
f 15875//3 15876//3 16265//3 16264//3
f 15876//3 15877//3 16266//3 16265//3
f 15877//3 15878//3 16267//3 16266//3
f 15878//3 15879//3 16268//3 16267//3
f 15879//3 15880//3 16269//3 16268//3
f 15880//3 15881//3 16270//3 16269//3
f 15881//3 15882//3 16271//3 16270//3
f 16272//6 16273//6 16240//6 16239//6
f 15885//2 15843//2 16242//2 16274//2
f 15895//3 15885//3 16274//3 16273//3
f 16273//6 16274//6 16242//6 16240//6
f 16205//1 16585//1 16578//1 16201//1
f 16585//6 16586//6 16579//6 16578//6
f 16586//6 16587//6 16580//6 16579//6
f 16206//4 16580//4 16588//4 16207//4
f 16587//6 16589//6 16588//6 16580//6
f 16207//4 16588//4 16590//4 16208//4
f 16589//6 16591//6 16590//6 16588//6
f 16208//4 16590//4 16581//4 16209//4
f 16591//6 16592//6 16581//6 16590//6
f 16592//6 16593//6 16582//6 16581//6
f 16593//6 16594//6 16583//6 16582//6
f 16211//2 16204//2 16584//2 16595//2
f 16594//6 16595//6 16584//6 16583//6
f 16217//1 16596//1 16597//1 16216//1
f 16216//4 16597//4 16598//4 16218//4
f 16596//6 16599//6 16598//6 16597//6
f 16218//4 16598//4 16600//4 16219//4
f 16219//4 16600//4 16601//4 16220//4
f 16220//4 16601//4 16602//4 16221//4
f 16221//4 16602//4 16603//4 16222//4
f 16222//4 16603//4 16604//4 16223//4
f 16223//4 16604//4 16605//4 16224//4
f 16224//4 16605//4 16606//4 16225//4
f 16225//4 16606//4 16607//4 16226//4
f 16226//4 16607//4 16585//4 16205//4
f 16211//4 16595//4 16608//4 16227//4
f 16227//4 16608//4 16609//4 16228//4
f 16228//4 16609//4 16610//4 16229//4
f 16229//4 16610//4 16611//4 16230//4
f 16230//4 16611//4 16612//4 16231//4
f 16231//4 16612//4 16613//4 16232//4
f 16232//4 16613//4 16614//4 16233//4
f 16233//4 16614//4 16615//4 16234//4
f 16234//4 16615//4 16616//4 16235//4
f 16235//4 16616//4 16617//4 16236//4
f 16239//2 16237//2 16618//2 16619//2
f 16236//4 16617//4 16618//4 16237//4
f 16620//6 16619//6 16618//6 16617//6
f 16245//1 16621//1 16596//1 16217//1
f 16245//3 16278//3 16622//3 16621//3
f 16621//6 16622//6 16599//6 16596//6
f 16246//3 16248//3 16623//3 16624//3
f 16248//3 16249//3 16625//3 16623//3
f 16249//3 16250//3 16626//3 16625//3
f 16250//3 16251//3 16627//3 16626//3
f 16251//3 16252//3 16628//3 16627//3
f 16252//3 16253//3 16629//3 16628//3
f 16253//3 16254//3 16630//3 16629//3
f 16254//3 16255//3 16631//3 16630//3
f 16255//3 16256//3 16632//3 16631//3
f 16256//3 16257//3 16633//3 16632//3
f 16257//3 16258//3 16634//3 16633//3
f 16258//3 16259//3 16635//3 16634//3
f 16259//3 16260//3 16636//3 16635//3
f 16260//3 16261//3 16637//3 16636//3
f 16261//3 16262//3 16638//3 16637//3
f 16262//3 16263//3 16639//3 16638//3
f 16263//3 16264//3 16640//3 16639//3
f 16264//3 16265//3 16641//3 16640//3
f 16265//3 16266//3 16642//3 16641//3
f 16266//3 16267//3 16643//3 16642//3
f 16267//3 16268//3 16644//3 16643//3
f 16268//3 16269//3 16645//3 16644//3
f 16269//3 16270//3 16646//3 16645//3
f 16272//2 16239//2 16619//2 16647//2
f 16285//3 16272//3 16647//3 16648//3
f 16648//6 16647//6 16619//6 16620//6
f 16599//1 16876//1 16877//1 16598//1
f 16598//4 16877//4 16878//4 16600//4
f 16876//6 16879//6 16878//6 16877//6
f 16600//4 16878//4 16880//4 16601//4
f 16879//6 16881//6 16880//6 16878//6
f 16601//4 16880//4 16882//4 16602//4
f 16602//4 16882//4 16883//4 16603//4
f 16603//4 16883//4 16884//4 16604//4
f 16604//4 16884//4 16885//4 16605//4
f 16605//4 16885//4 16886//4 16606//4
f 16606//4 16886//4 16887//4 16607//4
f 16607//4 16887//4 16888//4 16585//4
f 16585//4 16888//4 16889//4 16586//4
f 16586//4 16889//4 16890//4 16587//4
f 16587//4 16890//4 16891//4 16589//4
f 16589//4 16891//4 16892//4 16591//4
f 16591//4 16892//4 16893//4 16592//4
f 16592//4 16893//4 16894//4 16593//4
f 16593//4 16894//4 16895//4 16594//4
f 16594//4 16895//4 16896//4 16595//4
f 16595//4 16896//4 16897//4 16608//4
f 16608//4 16897//4 16898//4 16609//4
f 16609//4 16898//4 16899//4 16610//4
f 16610//4 16899//4 16900//4 16611//4
f 16611//4 16900//4 16901//4 16612//4
f 16612//4 16901//4 16902//4 16613//4
f 16613//4 16902//4 16903//4 16614//4
f 16614//4 16903//4 16904//4 16615//4
f 16615//4 16904//4 16905//4 16616//4
f 16906//6 16907//6 16905//6 16904//6
f 16620//2 16617//2 16908//2 16909//2
f 16616//4 16905//4 16908//4 16617//4
f 16907//6 16909//6 16908//6 16905//6
f 16622//1 16910//1 16876//1 16599//1
f 16622//3 16651//3 16911//3 16910//3
f 16910//6 16911//6 16879//6 16876//6
f 16911//6 16912//6 16881//6 16879//6
f 16625//3 16626//3 16913//3 16914//3
f 16626//3 16627//3 16915//3 16913//3
f 16627//3 16628//3 16916//3 16915//3
f 16628//3 16629//3 16917//3 16916//3
f 16629//3 16630//3 16918//3 16917//3
f 16630//3 16631//3 16919//3 16918//3
f 16631//3 16632//3 16920//3 16919//3
f 16632//3 16633//3 16921//3 16920//3
f 16633//3 16634//3 16922//3 16921//3
f 16634//3 16635//3 16923//3 16922//3
f 16635//3 16636//3 16924//3 16923//3
f 16636//3 16637//3 16925//3 16924//3
f 16637//3 16638//3 16926//3 16925//3
f 16638//3 16639//3 16927//3 16926//3
f 16639//3 16640//3 16928//3 16927//3
f 16640//3 16641//3 16929//3 16928//3
f 16641//3 16642//3 16930//3 16929//3
f 16642//3 16643//3 16931//3 16930//3
f 16643//3 16644//3 16932//3 16931//3
f 16933//6 16934//6 16907//6 16906//6
f 16648//2 16620//2 16909//2 16935//2
f 16656//3 16648//3 16935//3 16934//3
f 16934//6 16935//6 16909//6 16907//6
f 16881//1 17072//1 17073//1 16880//1
f 16880//4 17073//4 17074//4 16882//4
f 17072//6 17075//6 17074//6 17073//6
f 16882//4 17074//4 17076//4 16883//4
f 17075//6 17077//6 17076//6 17074//6
f 16883//4 17076//4 17078//4 16884//4
f 16884//4 17078//4 17079//4 16885//4
f 16885//4 17079//4 17080//4 16886//4
f 16886//4 17080//4 17081//4 16887//4
f 16887//4 17081//4 17082//4 16888//4
f 16888//4 17082//4 17083//4 16889//4
f 16889//4 17083//4 17084//4 16890//4
f 16890//4 17084//4 17085//4 16891//4
f 16891//4 17085//4 17086//4 16892//4
f 16892//4 17086//4 17087//4 16893//4
f 16893//4 17087//4 17088//4 16894//4
f 16894//4 17088//4 17089//4 16895//4
f 16895//4 17089//4 17090//4 16896//4
f 16896//4 17090//4 17091//4 16897//4
f 16897//4 17091//4 17092//4 16898//4
f 16898//4 17092//4 17093//4 16899//4
f 16899//4 17093//4 17094//4 16900//4
f 16900//4 17094//4 17095//4 16901//4
f 16901//4 17095//4 17096//4 16902//4
f 16902//4 17096//4 17097//4 16903//4
f 17098//6 17099//6 17097//6 17096//6
f 16906//2 16904//2 17100//2 17101//2
f 16903//4 17097//4 17100//4 16904//4
f 17099//6 17101//6 17100//6 17097//6
f 16912//1 17102//1 17072//1 16881//1
f 16912//3 16939//3 17103//3 17102//3
f 17102//6 17103//6 17075//6 17072//6
f 17103//6 17104//6 17077//6 17075//6
f 16916//3 16917//3 17105//3 17106//3
f 16917//3 16918//3 17107//3 17105//3
f 16918//3 16919//3 17108//3 17107//3
f 16919//3 16920//3 17109//3 17108//3
f 16920//3 16921//3 17110//3 17109//3
f 16921//3 16922//3 17111//3 17110//3
f 16922//3 16923//3 17112//3 17111//3
f 16923//3 16924//3 17113//3 17112//3
f 16924//3 16925//3 17114//3 17113//3
f 16925//3 16926//3 17115//3 17114//3
f 16926//3 16927//3 17116//3 17115//3
f 16927//3 16928//3 17117//3 17116//3
f 16928//3 16929//3 17118//3 17117//3
f 17119//6 17120//6 17099//6 17098//6
f 16933//2 16906//2 17101//2 17121//2
f 16944//3 16933//3 17121//3 17120//3
f 17120//6 17121//6 17101//6 17099//6
f 17077//1 17224//1 17225//1 17076//1
f 17076//4 17225//4 17226//4 17078//4
f 17224//6 17227//6 17226//6 17225//6
f 17078//4 17226//4 17228//4 17079//4
f 17227//6 17229//6 17228//6 17226//6
f 17079//4 17228//4 17230//4 17080//4
f 17080//4 17230//4 17231//4 17081//4
f 17081//4 17231//4 17232//4 17082//4
f 17082//4 17232//4 17233//4 17083//4
f 17083//4 17233//4 17234//4 17084//4
f 17084//4 17234//4 17235//4 17085//4
f 17085//4 17235//4 17236//4 17086//4
f 17086//4 17236//4 17237//4 17087//4
f 17087//4 17237//4 17238//4 17088//4
f 17088//4 17238//4 17239//4 17089//4
f 17089//4 17239//4 17240//4 17090//4
f 17090//4 17240//4 17241//4 17091//4
f 17091//4 17241//4 17242//4 17092//4
f 17092//4 17242//4 17243//4 17093//4
f 17093//4 17243//4 17244//4 17094//4
f 17094//4 17244//4 17245//4 17095//4
f 17246//6 17247//6 17245//6 17244//6
f 17098//2 17096//2 17248//2 17249//2
f 17095//4 17245//4 17248//4 17096//4
f 17247//6 17249//6 17248//6 17245//6
f 17104//1 17250//1 17224//1 17077//1
f 17104//3 17125//3 17251//3 17250//3
f 17250//6 17251//6 17227//6 17224//6
f 17251//6 17252//6 17229//6 17227//6
f 17253//6 17254//6 17247//6 17246//6
f 17119//2 17098//2 17249//2 17255//2
f 17132//3 17119//3 17255//3 17254//3
f 17254//6 17255//6 17249//6 17247//6
f 17229//1 17308//1 17309//1 17228//1
f 17228//4 17309//4 17310//4 17230//4
f 17308//6 17311//6 17310//6 17309//6
f 17230//4 17310//4 17312//4 17231//4
f 17311//6 17313//6 17312//6 17310//6
f 17231//4 17312//4 17314//4 17232//4
f 17313//6 17315//6 17314//6 17312//6
f 17232//4 17314//4 17316//4 17233//4
f 17315//6 17317//6 17316//6 17314//6
f 17233//4 17316//4 17318//4 17234//4
f 17317//6 17319//6 17318//6 17316//6
f 17234//4 17318//4 17320//4 17235//4
f 17319//6 17321//6 17320//6 17318//6
f 17235//4 17320//4 17322//4 17236//4
f 17321//6 17323//6 17322//6 17320//6
f 17236//4 17322//4 17324//4 17237//4
f 17237//4 17324//4 17325//4 17238//4
f 17326//6 17327//6 17325//6 17324//6
f 17238//4 17325//4 17328//4 17239//4
f 17327//6 17329//6 17328//6 17325//6
f 17239//4 17328//4 17330//4 17240//4
f 17329//6 17331//6 17330//6 17328//6
f 17240//4 17330//4 17332//4 17241//4
f 17331//6 17333//6 17332//6 17330//6
f 17241//4 17332//4 17334//4 17242//4
f 17333//6 17335//6 17334//6 17332//6
f 17242//4 17334//4 17336//4 17243//4
f 17335//6 17337//6 17336//6 17334//6
f 17246//2 17244//2 17338//2 17339//2
f 17243//4 17336//4 17338//4 17244//4
f 17337//6 17339//6 17338//6 17336//6
f 17252//1 17340//1 17308//1 17229//1
f 17252//3 17259//3 17341//3 17340//3
f 17340//6 17341//6 17311//6 17308//6
f 17259//3 17261//3 17342//3 17341//3
f 17341//6 17342//6 17313//6 17311//6
f 17261//3 17263//3 17343//3 17342//3
f 17342//6 17343//6 17315//6 17313//6
f 17343//6 17344//6 17317//6 17315//6
f 17344//6 17345//6 17319//6 17317//6
f 17345//6 17346//6 17321//6 17319//6
f 17346//6 17347//6 17323//6 17321//6
f 17348//6 17349//6 17327//6 17326//6
f 17349//6 17350//6 17329//6 17327//6
f 17350//6 17351//6 17331//6 17329//6
f 17351//6 17352//6 17333//6 17331//6
f 17275//3 17274//3 17353//3 17352//3
f 17352//6 17353//6 17335//6 17333//6
f 17274//3 17277//3 17354//3 17353//3
f 17353//6 17354//6 17337//6 17335//6
f 17253//2 17246//2 17339//2 17355//2
f 17277//3 17253//3 17355//3 17354//3
f 17354//6 17355//6 17339//6 17337//6
f 17323//1 17366//1 17367//1 17322//1
f 17326//2 17324//2 17368//2 17369//2
f 17322//4 17367//4 17368//4 17324//4
f 17366//6 17369//6 17368//6 17367//6
f 17347//1 17370//1 17366//1 17323//1
f 17348//2 17326//2 17369//2 17371//2
f 17347//3 17348//3 17371//3 17370//3
f 17370//6 17371//6 17369//6 17366//6
g glyph_58
f 45//1 46//1 38//1 37//1
f 45//3 47//3 48//3 46//3
f 45//5 37//5 39//5 47//5
f 47//3 49//3 50//3 48//3
f 47//5 39//5 10//5 49//5
f 48//6 50//6 51//6 52//6
f 49//3 53//3 54//3 50//3
f 49//5 10//5 12//5 53//5
f 50//6 54//6 55//6 51//6
f 53//3 56//3 57//3 54//3
f 53//5 12//5 40//5 56//5
f 54//6 57//6 58//6 55//6
f 59//2 41//2 44//2 60//2
f 56//3 59//3 60//3 57//3
f 56//5 40//5 41//5 59//5
f 107//1 108//1 91//1 36//1
f 107//3 46//3 109//3 108//3
f 107//5 36//5 38//5 46//5
f 108//6 109//6 92//6 91//6
f 48//2 52//2 93//2 110//2
f 109//6 110//6 93//6 92//6
f 57//1 111//1 100//1 58//1
f 111//6 112//6 102//6 100//6
f 113//2 43//2 106//2 114//2
f 60//3 113//3 114//3 112//3
f 60//5 44//5 43//5 113//5
f 112//6 114//6 106//6 102//6
f 115//1 116//1 109//1 46//1
f 115//3 117//3 118//3 116//3
f 115//5 46//5 48//5 117//5
f 116//6 118//6 110//6 109//6
f 48//4 110//4 119//4 50//4
f 117//5 48//5 50//5 120//5
f 118//6 121//6 119//6 110//6
f 50//4 119//4 122//4 54//4
f 120//5 50//5 54//5 123//5
f 121//6 124//6 122//6 119//6
f 54//4 122//4 111//4 57//4
f 123//5 54//5 57//5 125//5
f 124//6 126//6 111//6 122//6
f 127//2 60//2 112//2 128//2
f 125//3 127//3 128//3 126//3
f 125//5 57//5 60//5 127//5
f 126//6 128//6 112//6 111//6
f 151//1 152//1 118//1 117//1
f 151//3 153//3 154//3 152//3
f 151//5 117//5 120//5 153//5
f 152//6 154//6 121//6 118//6
f 153//3 155//3 156//3 154//3
f 153//5 120//5 123//5 155//5
f 154//6 156//6 124//6 121//6
f 157//2 125//2 126//2 158//2
f 155//3 157//3 158//3 156//3
f 155//5 123//5 125//5 157//5
f 156//6 158//6 126//6 124//6
f 169//1 170//1 162//1 161//1
f 169//3 171//3 172//3 170//3
f 169//5 161//5 163//5 171//5
f 171//3 173//3 174//3 172//3
f 171//5 163//5 70//5 173//5
f 172//6 174//6 175//6 176//6
f 173//3 177//3 178//3 174//3
f 173//5 70//5 72//5 177//5
f 174//6 178//6 179//6 175//6
f 177//3 180//3 181//3 178//3
f 177//5 72//5 164//5 180//5
f 178//6 181//6 182//6 179//6
f 183//2 165//2 168//2 184//2
f 180//3 183//3 184//3 181//3
f 180//5 164//5 165//5 183//5
f 219//1 220//1 211//1 90//1
f 108//2 91//2 213//2 221//2
f 219//3 108//3 221//3 220//3
f 219//5 90//5 91//5 108//5
f 114//1 222//1 216//1 106//1
f 223//2 105//2 218//2 224//2
f 114//3 223//3 224//3 222//3
f 114//5 106//5 105//5 223//5
f 225//1 226//1 221//1 108//1
f 116//2 109//2 227//2 228//2
f 108//4 221//4 227//4 109//4
f 225//5 108//5 109//5 116//5
f 226//6 228//6 227//6 221//6
f 128//1 229//1 230//1 112//1
f 231//2 114//2 222//2 232//2
f 112//4 230//4 222//4 114//4
f 128//5 112//5 114//5 231//5
f 229//6 232//6 222//6 230//6
f 249//1 250//1 226//1 225//1
f 249//3 251//3 252//3 250//3
f 249//5 225//5 116//5 251//5
f 152//2 118//2 253//2 254//2
f 116//4 228//4 253//4 118//4
f 251//5 116//5 118//5 152//5
f 252//6 254//6 253//6 228//6
f 158//1 255//1 256//1 126//1
f 126//4 256//4 229//4 128//4
f 158//5 126//5 128//5 257//5
f 255//6 258//6 229//6 256//6
f 259//2 231//2 232//2 260//2
f 257//3 259//3 260//3 258//3
f 257//5 128//5 231//5 259//5
f 277//1 278//1 252//1 251//1
f 277//3 279//3 280//3 278//3
f 277//5 251//5 152//5 279//5
f 152//4 254//4 281//4 154//4
f 279//5 152//5 154//5 282//5
f 280//6 283//6 281//6 254//6
f 154//4 281//4 284//4 156//4
f 282//5 154//5 156//5 285//5
f 283//6 286//6 284//6 281//6
f 156//4 284//4 255//4 158//4
f 285//5 156//5 158//5 287//5
f 286//6 288//6 255//6 284//6
f 289//2 257//2 258//2 290//2
f 287//3 289//3 290//3 288//3
f 287//5 158//5 257//5 289//5
f 291//1 292//1 262//1 261//1
f 291//3 293//3 294//3 292//3
f 291//5 261//5 160//5 293//5
f 293//5 160//5 162//5 170//5
f 294//6 295//6 263//6 296//6
f 172//2 176//2 264//2 297//2
f 295//6 297//6 264//6 263//6
f 181//1 298//1 271//1 182//1
f 298//6 299//6 273//6 271//6
f 184//5 168//5 167//5 300//5
f 299//6 301//6 302//6 273//6
f 303//2 275//2 276//2 304//2
f 300//3 303//3 304//3 301//3
f 300//5 167//5 275//5 303//5
f 305//1 306//1 280//1 279//1
f 305//3 307//3 308//3 306//3
f 305//5 279//5 282//5 307//5
f 307//3 309//3 310//3 308//3
f 307//5 282//5 285//5 309//5
f 311//2 287//2 288//2 312//2
f 309//3 311//3 312//3 310//3
f 309//5 285//5 287//5 311//5
f 313//1 314//1 294//1 293//1
f 313//3 315//3 316//3 314//3
f 313//5 293//5 170//5 315//5
f 315//3 317//3 318//3 316//3
f 315//5 170//5 172//5 317//5
f 316//6 318//6 297//6 295//6
f 172//4 297//4 319//4 174//4
f 317//5 172//5 174//5 320//5
f 318//6 321//6 319//6 297//6
f 174//4 319//4 322//4 178//4
f 320//5 174//5 178//5 323//5
f 321//6 324//6 322//6 319//6
f 178//4 322//4 298//4 181//4
f 323//5 178//5 181//5 325//5
f 324//6 326//6 298//6 322//6
f 325//3 327//3 328//3 326//3
f 325//5 181//5 184//5 327//5
f 326//6 328//6 299//6 298//6
f 329//2 300//2 301//2 330//2
f 327//3 329//3 330//3 328//3
f 327//5 184//5 300//5 329//5
f 331//1 332//1 318//1 317//1
f 331//3 333//3 334//3 332//3
f 331//5 317//5 320//5 333//5
f 333//3 335//3 336//3 334//3
f 333//5 320//5 323//5 335//5
f 337//2 325//2 326//2 338//2
f 335//3 337//3 338//3 336//3
f 335//5 323//5 325//5 337//5
f 220//1 381//1 375//1 211//1
f 221//2 213//2 376//2 382//2
f 381//6 382//6 376//6 375//6
f 222//1 383//1 377//1 216//1
f 224//2 218//2 380//2 384//2
f 383//6 384//6 380//6 377//6
f 399//1 400//1 381//1 220//1
f 226//2 221//2 382//2 401//2
f 399//3 226//3 401//3 400//3
f 399//5 220//5 221//5 226//5
f 232//1 402//1 383//1 222//1
f 403//2 224//2 384//2 404//2
f 232//3 403//3 404//3 402//3
f 232//5 222//5 224//5 403//5
f 250//1 423//1 401//1 226//1
f 252//2 228//2 424//2 425//2
f 226//4 401//4 424//4 228//4
f 423//6 425//6 424//6 401//6
f 258//1 426//1 427//1 229//1
f 260//2 232//2 402//2 428//2
f 229//4 427//4 402//4 232//4
f 426//6 428//6 402//6 427//6
f 439//1 440//1 423//1 250//1
f 439//3 278//3 441//3 440//3
f 439//5 250//5 252//5 278//5
f 280//2 254//2 442//2 443//2
f 252//4 425//4 442//4 254//4
f 441//6 443//6 442//6 425//6
f 288//1 444//1 445//1 255//1
f 255//4 445//4 426//4 258//4
f 444//6 446//6 426//6 445//6
f 447//2 260//2 428//2 448//2
f 290//3 447//3 448//3 446//3
f 290//5 258//5 260//5 447//5
f 449//1 450//1 430//1 429//1
f 449//3 292//3 451//3 450//3
f 449//5 429//5 262//5 292//5
f 294//2 296//2 432//2 452//2
f 451//6 452//6 432//6 453//6
f 301//1 454//1 435//1 302//1
f 454//6 455//6 456//6 435//6
f 457//2 437//2 438//2 458//2
f 304//3 457//3 458//3 455//3
f 304//5 276//5 437//5 457//5
f 459//1 460//1 441//1 278//1
f 459//3 306//3 461//3 460//3
f 459//5 278//5 280//5 306//5
f 280//4 443//4 462//4 283//4
f 461//6 463//6 462//6 443//6
f 283//4 462//4 464//4 286//4
f 463//6 465//6 464//6 462//6
f 286//4 464//4 444//4 288//4
f 465//6 466//6 444//6 464//6
f 467//2 290//2 446//2 468//2
f 312//3 467//3 468//3 466//3
f 312//5 288//5 290//5 467//5
f 469//1 470//1 451//1 292//1
f 469//3 314//3 471//3 470//3
f 469//5 292//5 294//5 314//5
f 316//2 295//2 472//2 473//2
f 294//4 452//4 472//4 295//4
f 471//6 473//6 472//6 452//6
f 328//1 474//1 475//1 299//1
f 299//4 475//4 454//4 301//4
f 474//6 476//6 454//6 475//6
f 477//2 304//2 455//2 478//2
f 330//3 477//3 478//3 476//3
f 330//5 301//5 304//5 477//5
f 479//1 480//1 461//1 306//1
f 479//3 481//3 482//3 480//3
f 479//5 306//5 308//5 481//5
f 481//3 483//3 484//3 482//3
f 481//5 308//5 310//5 483//5
f 485//2 312//2 466//2 486//2
f 483//3 485//3 486//3 484//3
f 483//5 310//5 312//5 485//5
f 487//1 488//1 471//1 314//1
f 487//3 489//3 490//3 488//3
f 487//5 314//5 316//5 489//5
f 316//4 473//4 491//4 318//4
f 489//5 316//5 318//5 332//5
f 490//6 492//6 491//6 473//6
f 318//4 491//4 493//4 321//4
f 492//6 494//6 493//6 491//6
f 321//4 493//4 495//4 324//4
f 494//6 496//6 495//6 493//6
f 324//4 495//4 497//4 326//4
f 496//6 498//6 497//6 495//6
f 326//4 497//4 474//4 328//4
f 338//5 326//5 328//5 499//5
f 498//6 500//6 474//6 497//6
f 501//2 330//2 476//2 502//2
f 499//3 501//3 502//3 500//3
f 499//5 328//5 330//5 501//5
f 503//1 504//1 490//1 489//1
f 503//3 505//3 506//3 504//3
f 503//5 489//5 332//5 505//5
f 505//3 507//3 508//3 506//3
f 505//5 332//5 334//5 507//5
f 507//3 509//3 510//3 508//3
f 507//5 334//5 336//5 509//5
f 509//3 511//3 512//3 510//3
f 509//5 336//5 338//5 511//5
f 513//2 499//2 500//2 514//2
f 511//3 513//3 514//3 512//3
f 511//5 338//5 499//5 513//5
f 553//1 554//1 547//1 374//1
f 381//2 375//2 549//2 555//2
f 553//3 381//3 555//3 554//3
f 553//5 374//5 375//5 381//5
f 384//1 556//1 551//1 380//1
f 557//2 379//2 552//2 558//2
f 384//3 557//3 558//3 556//3
f 384//5 380//5 379//5 557//5
f 400//1 571//1 555//1 381//1
f 401//2 382//2 572//2 573//2
f 381//4 555//4 572//4 382//4
f 571//6 573//6 572//6 555//6
f 402//1 574//1 575//1 383//1
f 404//2 384//2 556//2 576//2
f 383//4 575//4 556//4 384//4
f 574//6 576//6 556//6 575//6
f 601//1 602//1 571//1 400//1
f 423//2 401//2 573//2 603//2
f 601//3 423//3 603//3 602//3
f 601//5 400//5 401//5 423//5
f 428//1 604//1 574//1 402//1
f 605//2 404//2 576//2 606//2
f 428//3 605//3 606//3 604//3
f 428//5 402//5 404//5 605//5
f 440//1 619//1 603//1 423//1
f 441//2 425//2 620//2 621//2
f 423//4 603//4 620//4 425//4
f 446//1 622//1 623//1 426//1
f 448//2 428//2 604//2 624//2
f 426//4 623//4 604//4 428//4
f 450//1 625//1 609//1 430//1
f 451//2 453//2 611//2 626//2
f 455//1 627//1 614//1 456//1
f 458//2 438//2 618//2 628//2
f 629//1 630//1 619//1 440//1
f 629//3 460//3 631//3 630//3
f 629//5 440//5 441//5 460//5
f 461//2 443//2 632//2 633//2
f 441//4 621//4 632//4 443//4
f 631//6 633//6 632//6 621//6
f 466//1 634//1 635//1 444//1
f 444//4 635//4 622//4 446//4
f 634//6 636//6 622//6 635//6
f 637//2 448//2 624//2 638//2
f 468//3 637//3 638//3 636//3
f 468//5 446//5 448//5 637//5
f 639//1 640//1 625//1 450//1
f 639//3 470//3 641//3 640//3
f 639//5 450//5 451//5 470//5
f 471//2 452//2 642//2 643//2
f 451//4 626//4 642//4 452//4
f 641//6 643//6 642//6 626//6
f 476//1 644//1 645//1 454//1
f 454//4 645//4 627//4 455//4
f 644//6 646//6 627//6 645//6
f 647//2 458//2 628//2 648//2
f 478//3 647//3 648//3 646//3
f 478//5 455//5 458//5 647//5
f 649//1 650//1 631//1 460//1
f 649//3 480//3 651//3 650//3
f 649//5 460//5 461//5 480//5
f 461//4 633//4 652//4 463//4
f 651//6 653//6 652//6 633//6
f 463//4 652//4 654//4 465//4
f 653//6 655//6 654//6 652//6
f 465//4 654//4 634//4 466//4
f 655//6 656//6 634//6 654//6
f 657//2 468//2 636//2 658//2
f 486//3 657//3 658//3 656//3
f 486//5 466//5 468//5 657//5
f 659//1 660//1 641//1 470//1
f 659//3 488//3 661//3 660//3
f 659//5 470//5 471//5 488//5
f 490//2 473//2 662//2 663//2
f 471//4 643//4 662//4 473//4
f 661//6 663//6 662//6 643//6
f 500//1 664//1 665//1 474//1
f 474//4 665//4 644//4 476//4
f 664//6 666//6 644//6 665//6
f 667//2 478//2 646//2 668//2
f 502//3 667//3 668//3 666//3
f 502//5 476//5 478//5 667//5
f 669//1 670//1 651//1 480//1
f 669//3 671//3 672//3 670//3
f 669//5 480//5 482//5 671//5
f 671//3 673//3 674//3 672//3
f 671//5 482//5 484//5 673//5
f 675//2 486//2 656//2 676//2
f 673//3 675//3 676//3 674//3
f 673//5 484//5 486//5 675//5
f 677//1 678//1 661//1 488//1
f 677//3 504//3 679//3 678//3
f 677//5 488//5 490//5 504//5
f 490//4 663//4 680//4 492//4
f 679//6 681//6 680//6 663//6
f 492//4 680//4 682//4 494//4
f 681//6 683//6 682//6 680//6
f 494//4 682//4 684//4 496//4
f 683//6 685//6 684//6 682//6
f 496//4 684//4 686//4 498//4
f 685//6 687//6 686//6 684//6
f 498//4 686//4 664//4 500//4
f 687//6 688//6 664//6 686//6
f 689//2 502//2 666//2 690//2
f 514//3 689//3 690//3 688//3
f 514//5 500//5 502//5 689//5
f 691//1 692//1 679//1 504//1
f 691//3 693//3 694//3 692//3
f 691//5 504//5 506//5 693//5
f 693//3 695//3 696//3 694//3
f 693//5 506//5 508//5 695//5
f 695//3 697//3 698//3 696//3
f 695//5 508//5 510//5 697//5
f 697//3 699//3 700//3 698//3
f 697//5 510//5 512//5 699//5
f 701//2 514//2 688//2 702//2
f 699//3 701//3 702//3 700//3
f 699//5 512//5 514//5 701//5
f 554//1 753//1 735//1 547//1
f 555//2 549//2 737//2 754//2
f 556//1 755//1 740//1 551//1
f 558//2 552//2 742//2 756//2
f 771//1 772//1 753//1 554//1
f 571//2 555//2 754//2 773//2
f 771//3 571//3 773//3 772//3
f 771//5 554//5 555//5 571//5
f 576//1 774//1 755//1 556//1
f 775//2 558//2 756//2 776//2
f 576//3 775//3 776//3 774//3
f 576//5 556//5 558//5 775//5
f 602//1 793//1 773//1 571//1
f 603//2 573//2 794//2 795//2
f 571//4 773//4 794//4 573//4
f 604//1 796//1 797//1 574//1
f 606//2 576//2 774//2 798//2
f 574//4 797//4 774//4 576//4
f 803//1 804//1 793//1 602//1
f 803//3 619//3 805//3 804//3
f 803//5 602//5 603//5 619//5
f 621//2 620//2 806//2 807//2
f 603//4 795//4 806//4 620//4
f 805//6 807//6 806//6 795//6
f 622//1 808//1 809//1 623//1
f 623//4 809//4 796//4 604//4
f 808//6 810//6 796//6 809//6
f 811//2 606//2 798//2 812//2
f 624//3 811//3 812//3 810//3
f 624//5 604//5 606//5 811//5
f 813//1 814//1 799//1 608//1
f 813//3 625//3 815//3 814//3
f 813//5 608//5 609//5 625//5
f 626//2 611//2 800//2 816//2
f 815//6 816//6 800//6 817//6
f 627//1 818//1 801//1 614//1
f 818//6 819//6 820//6 801//6
f 821//2 617//2 802//2 822//2
f 628//3 821//3 822//3 819//3
f 628//5 618//5 617//5 821//5
f 630//1 823//1 805//1 619//1
f 631//2 621//2 807//2 824//2
f 630//3 631//3 824//3 823//3
f 636//1 825//1 808//1 622//1
f 638//2 624//2 810//2 826//2
f 636//3 638//3 826//3 825//3
f 640//1 827//1 815//1 625//1
f 641//2 626//2 816//2 828//2
f 640//3 641//3 828//3 827//3
f 646//1 829//1 818//1 627//1
f 648//2 628//2 819//2 830//2
f 646//3 648//3 830//3 829//3
f 650//1 831//1 824//1 631//1
f 651//2 633//2 832//2 833//2
f 631//4 824//4 832//4 633//4
f 656//1 834//1 835//1 634//1
f 658//2 636//2 825//2 836//2
f 634//4 835//4 825//4 636//4
f 660//1 837//1 828//1 641//1
f 661//2 643//2 838//2 839//2
f 641//4 828//4 838//4 643//4
f 666//1 840//1 841//1 644//1
f 668//2 646//2 829//2 842//2
f 644//4 841//4 829//4 646//4
f 843//1 844//1 831//1 650//1
f 843//3 670//3 845//3 844//3
f 843//5 650//5 651//5 670//5
f 651//4 833//4 846//4 653//4
f 653//4 846//4 847//4 655//4
f 655//4 847//4 834//4 656//4
f 848//2 658//2 836//2 849//2
f 676//3 848//3 849//3 850//3
f 676//5 656//5 658//5 848//5
f 851//1 852//1 837//1 660//1
f 851//3 678//3 853//3 852//3
f 851//5 660//5 661//5 678//5
f 679//2 663//2 854//2 855//2
f 661//4 839//4 854//4 663//4
f 688//1 856//1 857//1 664//1
f 664//4 857//4 840//4 666//4
f 858//2 668//2 842//2 859//2
f 690//3 858//3 859//3 860//3
f 690//5 666//5 668//5 858//5
f 861//1 862//1 845//1 670//1
f 861//3 863//3 864//3 862//3
f 861//5 670//5 672//5 863//5
f 863//3 865//3 866//3 864//3
f 863//5 672//5 674//5 865//5
f 867//2 676//2 850//2 868//2
f 865//3 867//3 868//3 866//3
f 865//5 674//5 676//5 867//5
f 869//1 870//1 853//1 678//1
f 869//3 692//3 871//3 870//3
f 869//5 678//5 679//5 692//5
f 679//4 855//4 872//4 681//4
f 681//4 872//4 873//4 683//4
f 874//6 875//6 873//6 872//6
f 683//4 873//4 876//4 685//4
f 875//6 877//6 876//6 873//6
f 685//4 876//4 878//4 687//4
f 877//6 879//6 878//6 876//6
f 687//4 878//4 856//4 688//4
f 880//2 690//2 860//2 881//2
f 702//3 880//3 881//3 882//3
f 702//5 688//5 690//5 880//5
f 883//1 884//1 871//1 692//1
f 883//3 885//3 886//3 884//3
f 883//5 692//5 694//5 885//5
f 885//3 887//3 888//3 886//3
f 885//5 694//5 696//5 887//5
f 887//3 889//3 890//3 888//3
f 887//5 696//5 698//5 889//5
f 889//3 891//3 892//3 890//3
f 889//5 698//5 700//5 891//5
f 893//2 702//2 882//2 894//2
f 891//3 893//3 894//3 892//3
f 891//5 700//5 702//5 893//5
f 753//1 965//1 949//1 735//1
f 754//2 737//2 950//2 966//2
f 755//1 967//1 951//1 740//1
f 756//2 742//2 954//2 968//2
f 772//1 983//1 965//1 753//1
f 773//2 754//2 966//2 984//2
f 772//3 773//3 984//3 983//3
f 774//1 985//1 967//1 755//1
f 776//2 756//2 968//2 986//2
f 774//3 776//3 986//3 985//3
f 793//1 999//1 984//1 773//1
f 795//2 794//2 1000//2 1001//2
f 773//4 984//4 1000//4 794//4
f 796//1 1002//1 1003//1 797//1
f 798//2 774//2 985//2 1004//2
f 797//4 1003//4 985//4 774//4
f 804//1 1011//1 999//1 793//1
f 805//2 795//2 1001//2 1012//2
f 804//3 805//3 1012//3 1011//3
f 810//1 1013//1 1002//1 796//1
f 812//2 798//2 1004//2 1014//2
f 810//3 812//3 1014//3 1013//3
f 814//1 1015//1 1005//1 799//1
f 815//2 817//2 1007//2 1016//2
f 814//3 815//3 1016//3 1015//3
f 819//1 1017//1 1009//1 820//1
f 822//2 802//2 1010//2 1018//2
f 819//3 822//3 1018//3 1017//3
f 823//1 1019//1 1012//1 805//1
f 824//2 807//2 1020//2 1021//2
f 805//4 1012//4 1020//4 807//4
f 825//1 1022//1 1023//1 808//1
f 826//2 810//2 1013//2 1024//2
f 808//4 1023//4 1013//4 810//4
f 827//1 1025//1 1016//1 815//1
f 828//2 816//2 1026//2 1027//2
f 815//4 1016//4 1026//4 816//4
f 829//1 1028//1 1029//1 818//1
f 830//2 819//2 1017//2 1030//2
f 818//4 1029//4 1017//4 819//4
f 1031//1 1032//1 1019//1 823//1
f 1031//3 831//3 1033//3 1032//3
f 1031//5 823//5 824//5 831//5
f 1032//6 1033//6 1021//6 1019//6
f 833//2 832//2 1034//2 1035//2
f 824//4 1021//4 1034//4 832//4
f 834//1 1036//1 1037//1 835//1
f 835//4 1037//4 1022//4 825//4
f 1038//2 826//2 1024//2 1039//2
f 836//3 1038//3 1039//3 1040//3
f 836//5 825//5 826//5 1038//5
f 1040//6 1039//6 1024//6 1022//6
f 1041//1 1042//1 1025//1 827//1
f 1041//3 837//3 1043//3 1042//3
f 1041//5 827//5 828//5 837//5
f 839//2 838//2 1044//2 1045//2
f 828//4 1027//4 1044//4 838//4
f 840//1 1046//1 1047//1 841//1
f 841//4 1047//4 1028//4 829//4
f 1048//2 830//2 1030//2 1049//2
f 842//3 1048//3 1049//3 1050//3
f 842//5 829//5 830//5 1048//5
f 844//1 1051//1 1033//1 831//1
f 844//3 845//3 1052//3 1051//3
f 833//4 1035//4 1053//4 846//4
f 846//4 1053//4 1054//4 847//4
f 847//4 1054//4 1036//4 834//4
f 849//2 836//2 1040//2 1055//2
f 850//3 849//3 1055//3 1056//3
f 852//1 1057//1 1043//1 837//1
f 852//3 853//3 1058//3 1057//3
f 855//2 854//2 1059//2 1060//2
f 839//4 1045//4 1059//4 854//4
f 856//1 1061//1 1062//1 857//1
f 857//4 1062//4 1046//4 840//4
f 859//2 842//2 1050//2 1063//2
f 860//3 859//3 1063//3 1064//3
f 862//1 1065//1 1052//1 845//1
f 862//3 864//3 1066//3 1065//3
f 864//3 866//3 1067//3 1066//3
f 868//2 850//2 1056//2 1068//2
f 866//3 868//3 1068//3 1067//3
f 870//1 1069//1 1058//1 853//1
f 870//3 871//3 1070//3 1069//3
f 874//2 872//2 1071//2 1072//2
f 855//4 1060//4 1071//4 872//4
f 879//1 1073//1 1074//1 878//1
f 878//4 1074//4 1061//4 856//4
f 881//2 860//2 1064//2 1075//2
f 882//3 881//3 1075//3 1076//3
f 884//1 1077//1 1070//1 871//1
f 884//3 886//3 1078//3 1077//3
f 874//4 1072//4 1079//4 875//4
f 875//4 1079//4 1080//4 877//4
f 877//4 1080//4 1073//4 879//4
f 894//2 882//2 1076//2 1081//2
f 892//3 894//3 1081//3 1082//3
f 1083//1 1084//1 1078//1 886//1
f 1083//3 1085//3 1086//3 1084//3
f 1083//5 886//5 888//5 1085//5
f 1085//3 1087//3 1088//3 1086//3
f 1085//5 888//5 890//5 1087//5
f 1089//2 892//2 1082//2 1090//2
f 1087//3 1089//3 1090//3 1088//3
f 1087//5 890//5 892//5 1089//5
f 965//1 1155//1 1139//1 949//1
f 966//2 950//2 1142//2 1156//2
f 967//1 1157//1 1145//1 951//1
f 968//2 954//2 1146//2 1158//2
f 983//1 1171//1 1155//1 965//1
f 984//2 966//2 1156//2 1172//2
f 983//3 984//3 1172//3 1171//3
f 1171//6 1172//6 1156//6 1155//6
f 985//1 1173//1 1157//1 967//1
f 986//2 968//2 1158//2 1174//2
f 985//3 986//3 1174//3 1173//3
f 1173//6 1174//6 1158//6 1157//6
f 999//1 1195//1 1172//1 984//1
f 1001//2 1000//2 1196//2 1197//2
f 984//4 1172//4 1196//4 1000//4
f 1002//1 1198//1 1199//1 1003//1
f 1004//2 985//2 1173//2 1200//2
f 1003//4 1199//4 1173//4 985//4
f 1011//1 1211//1 1195//1 999//1
f 1011//3 1012//3 1212//3 1211//3
f 1211//6 1212//6 1197//6 1195//6
f 1020//2 1213//2 1214//2 1215//2
f 1001//4 1197//4 1214//4 1213//4
f 1012//5 1001//5 1213//5 1020//5
f 1023//1 1216//1 1217//1 1218//1
f 1218//4 1217//4 1198//4 1002//4
f 1023//5 1218//5 1002//5 1013//5
f 1014//2 1004//2 1200//2 1219//2
f 1013//3 1014//3 1219//3 1220//3
f 1220//6 1219//6 1200//6 1198//6
f 1015//1 1221//1 1203//1 1005//1
f 1016//2 1007//2 1205//2 1222//2
f 1015//3 1016//3 1222//3 1221//3
f 1017//1 1223//1 1207//1 1009//1
f 1018//2 1010//2 1210//2 1224//2
f 1017//3 1018//3 1224//3 1223//3
f 1019//1 1225//1 1212//1 1012//1
f 1021//2 1020//2 1215//2 1226//2
f 1019//3 1021//3 1226//3 1225//3
f 1022//1 1227//1 1216//1 1023//1
f 1024//2 1013//2 1220//2 1228//2
f 1022//3 1024//3 1228//3 1227//3
f 1025//1 1229//1 1222//1 1016//1
f 1027//2 1026//2 1230//2 1231//2
f 1016//4 1222//4 1230//4 1026//4
f 1028//1 1232//1 1233//1 1029//1
f 1030//2 1017//2 1223//2 1234//2
f 1029//4 1233//4 1223//4 1017//4
f 1033//1 1235//1 1226//1 1021//1
f 1035//2 1034//2 1236//2 1237//2
f 1021//4 1226//4 1236//4 1034//4
f 1036//1 1238//1 1239//1 1037//1
f 1040//2 1022//2 1227//2 1240//2
f 1037//4 1239//4 1227//4 1022//4
f 1042//1 1241//1 1229//1 1025//1
f 1042//3 1043//3 1242//3 1241//3
f 1045//2 1044//2 1243//2 1244//2
f 1027//4 1231//4 1243//4 1044//4
f 1046//1 1245//1 1246//1 1047//1
f 1047//4 1246//4 1232//4 1028//4
f 1049//2 1030//2 1234//2 1247//2
f 1050//3 1049//3 1247//3 1248//3
f 1051//1 1249//1 1235//1 1033//1
f 1051//3 1052//3 1250//3 1249//3
f 1249//6 1250//6 1237//6 1235//6
f 1035//4 1237//4 1251//4 1053//4
f 1053//4 1251//4 1252//4 1054//4
f 1054//4 1252//4 1238//4 1036//4
f 1055//2 1040//2 1240//2 1253//2
f 1056//3 1055//3 1253//3 1254//3
f 1254//6 1253//6 1240//6 1238//6
f 1057//1 1255//1 1242//1 1043//1
f 1057//3 1058//3 1256//3 1255//3
f 1060//2 1059//2 1257//2 1258//2
f 1045//4 1244//4 1257//4 1059//4
f 1061//1 1259//1 1260//1 1062//1
f 1062//4 1260//4 1245//4 1046//4
f 1063//2 1050//2 1248//2 1261//2
f 1064//3 1063//3 1261//3 1262//3
f 1065//1 1263//1 1250//1 1052//1
f 1065//3 1066//3 1264//3 1263//3
f 1263//6 1264//6 1265//6 1250//6
f 1066//3 1067//3 1266//3 1264//3
f 1264//6 1266//6 1267//6 1265//6
f 1068//2 1056//2 1254//2 1268//2
f 1067//3 1068//3 1268//3 1266//3
f 1266//6 1268//6 1254//6 1267//6
f 1069//1 1269//1 1256//1 1058//1
f 1069//3 1070//3 1270//3 1269//3
f 1072//2 1071//2 1271//2 1272//2
f 1060//4 1258//4 1271//4 1071//4
f 1073//1 1273//1 1274//1 1074//1
f 1074//4 1274//4 1259//4 1061//4
f 1075//2 1064//2 1262//2 1275//2
f 1076//3 1075//3 1275//3 1276//3
f 1077//1 1277//1 1270//1 1070//1
f 1077//3 1078//3 1278//3 1277//3
f 1072//4 1272//4 1279//4 1079//4
f 1079//4 1279//4 1280//4 1080//4
f 1080//4 1280//4 1273//4 1073//4
f 1081//2 1076//2 1276//2 1281//2
f 1082//3 1081//3 1281//3 1282//3
f 1084//1 1283//1 1278//1 1078//1
f 1084//3 1086//3 1284//3 1283//3
f 1086//3 1088//3 1285//3 1284//3
f 1090//2 1082//2 1282//2 1286//2
f 1088//3 1090//3 1286//3 1285//3
f 1393//1 1394//1 1370//1 1369//1
f 1393//3 1395//3 1396//3 1394//3
f 1393//5 1369//5 1371//5 1395//5
f 1395//3 1397//3 1398//3 1396//3
f 1395//5 1371//5 1372//5 1397//5
f 1397//3 1399//3 1400//3 1398//3
f 1397//5 1372//5 1373//5 1399//5
f 1399//3 1401//3 1402//3 1400//3
f 1399//5 1373//5 1100//5 1401//5
f 1401//3 1403//3 1404//3 1402//3
f 1401//5 1100//5 1102//5 1403//5
f 1403//3 1405//3 1406//3 1404//3
f 1403//5 1102//5 1374//5 1405//5
f 1405//3 1407//3 1408//3 1406//3
f 1405//5 1374//5 1375//5 1407//5
f 1407//3 1409//3 1410//3 1408//3
f 1407//5 1375//5 1376//5 1409//5
f 1411//2 1377//2 1380//2 1412//2
f 1409//3 1411//3 1412//3 1410//3
f 1409//5 1376//5 1377//5 1411//5
f 1155//1 1472//1 1461//1 1139//1
f 1156//2 1142//2 1463//2 1473//2
f 1155//3 1156//3 1473//3 1472//3
f 1472//6 1473//6 1463//6 1461//6
f 1157//1 1474//1 1465//1 1145//1
f 1158//2 1146//2 1466//2 1475//2
f 1157//3 1158//3 1475//3 1474//3
f 1474//6 1475//6 1466//6 1465//6
f 1172//1 1488//1 1473//1 1156//1
f 1196//2 1489//2 1490//2 1491//2
f 1156//4 1473//4 1490//4 1489//4
f 1172//5 1156//5 1489//5 1196//5
f 1199//1 1492//1 1493//1 1494//1
f 1173//2 1157//2 1474//2 1495//2
f 1494//4 1493//4 1474//4 1157//4
f 1199//5 1494//5 1157//5 1173//5
f 1195//1 1508//1 1488//1 1172//1
f 1197//2 1196//2 1491//2 1509//2
f 1195//3 1197//3 1509//3 1508//3
f 1508//6 1509//6 1491//6 1488//6
f 1198//1 1510//1 1492//1 1199//1
f 1200//2 1173//2 1495//2 1511//2
f 1198//3 1200//3 1511//3 1510//3
f 1510//6 1511//6 1495//6 1492//6
f 1212//1 1518//1 1509//1 1197//1
f 1215//2 1214//2 1519//2 1520//2
f 1197//4 1509//4 1519//4 1214//4
f 1216//1 1521//1 1522//1 1217//1
f 1220//2 1198//2 1510//2 1523//2
f 1217//4 1522//4 1510//4 1198//4
f 1221//1 1524//1 1512//1 1203//1
f 1222//2 1205//2 1514//2 1525//2
f 1221//3 1222//3 1525//3 1524//3
f 1223//1 1526//1 1516//1 1207//1
f 1224//2 1210//2 1517//2 1527//2
f 1223//3 1224//3 1527//3 1526//3
f 1225//1 1528//1 1518//1 1212//1
f 1225//3 1226//3 1529//3 1528//3
f 1528//6 1529//6 1520//6 1518//6
f 1236//2 1530//2 1531//2 1532//2
f 1215//4 1520//4 1531//4 1530//4
f 1226//5 1215//5 1530//5 1236//5
f 1239//1 1533//1 1534//1 1535//1
f 1535//4 1534//4 1521//4 1216//4
f 1239//5 1535//5 1216//5 1227//5
f 1228//2 1220//2 1523//2 1536//2
f 1227//3 1228//3 1536//3 1537//3
f 1537//6 1536//6 1523//6 1521//6
f 1229//1 1538//1 1525//1 1222//1
f 1231//2 1230//2 1539//2 1540//2
f 1222//4 1525//4 1539//4 1230//4
f 1232//1 1541//1 1542//1 1233//1
f 1234//2 1223//2 1526//2 1543//2
f 1233//4 1542//4 1526//4 1223//4
f 1235//1 1544//1 1529//1 1226//1
f 1235//3 1237//3 1545//3 1544//3
f 1544//6 1545//6 1532//6 1529//6
f 1236//4 1532//4 1546//4 1547//4
f 1237//5 1236//5 1547//5 1251//5
f 1547//4 1546//4 1548//4 1549//4
f 1251//5 1547//5 1549//5 1252//5
f 1549//4 1548//4 1533//4 1239//4
f 1252//5 1549//5 1239//5 1238//5
f 1240//2 1227//2 1537//2 1550//2
f 1238//3 1240//3 1550//3 1551//3
f 1551//6 1550//6 1537//6 1533//6
f 1241//1 1552//1 1538//1 1229//1
f 1241//3 1242//3 1553//3 1552//3
f 1552//6 1553//6 1540//6 1538//6
f 1244//2 1243//2 1554//2 1555//2
f 1231//4 1540//4 1554//4 1243//4
f 1245//1 1556//1 1557//1 1246//1
f 1246//4 1557//4 1541//4 1232//4
f 1247//2 1234//2 1543//2 1558//2
f 1248//3 1247//3 1558//3 1559//3
f 1559//6 1558//6 1543//6 1541//6
f 1250//1 1560//1 1545//1 1237//1
f 1250//3 1265//3 1561//3 1560//3
f 1560//6 1561//6 1562//6 1545//6
f 1265//3 1267//3 1563//3 1561//3
f 1561//6 1563//6 1564//6 1562//6
f 1254//2 1238//2 1551//2 1565//2
f 1267//3 1254//3 1565//3 1563//3
f 1563//6 1565//6 1551//6 1564//6
f 1255//1 1566//1 1553//1 1242//1
f 1255//3 1256//3 1567//3 1566//3
f 1258//2 1257//2 1568//2 1569//2
f 1244//4 1555//4 1568//4 1257//4
f 1259//1 1570//1 1571//1 1260//1
f 1260//4 1571//4 1556//4 1245//4
f 1261//2 1248//2 1559//2 1572//2
f 1262//3 1261//3 1572//3 1573//3
f 1269//1 1574//1 1567//1 1256//1
f 1269//3 1270//3 1575//3 1574//3
f 1272//2 1271//2 1576//2 1577//2
f 1258//4 1569//4 1576//4 1271//4
f 1273//1 1578//1 1579//1 1274//1
f 1274//4 1579//4 1570//4 1259//4
f 1275//2 1262//2 1573//2 1580//2
f 1276//3 1275//3 1580//3 1581//3
f 1277//1 1582//1 1575//1 1270//1
f 1277//3 1278//3 1583//3 1582//3
f 1272//4 1577//4 1584//4 1279//4
f 1279//4 1584//4 1585//4 1280//4
f 1280//4 1585//4 1578//4 1273//4
f 1281//2 1276//2 1581//2 1586//2
f 1282//3 1281//3 1586//3 1587//3
f 1283//1 1588//1 1583//1 1278//1
f 1283//3 1284//3 1589//3 1588//3
f 1588//6 1589//6 1590//6 1583//6
f 1284//3 1285//3 1591//3 1589//3
f 1589//6 1591//6 1592//6 1590//6
f 1286//2 1282//2 1587//2 1593//2
f 1285//3 1286//3 1593//3 1591//3
f 1591//6 1593//6 1587//6 1592//6
f 1665//1 1666//1 1649//1 1648//1
f 1665//3 1667//3 1668//3 1666//3
f 1665//5 1648//5 1364//5 1667//5
f 1667//3 1669//3 1670//3 1668//3
f 1667//5 1364//5 1366//5 1669//5
f 1669//3 1671//3 1672//3 1670//3
f 1669//5 1366//5 1368//5 1671//5
f 1670//6 1672//6 1673//6 1674//6
f 1671//5 1368//5 1370//5 1394//5
f 1672//6 1675//6 1676//6 1673//6
f 1675//6 1677//6 1678//6 1676//6
f 1677//6 1679//6 1680//6 1678//6
f 1679//6 1681//6 1682//6 1680//6
f 1681//6 1683//6 1684//6 1682//6
f 1683//6 1685//6 1686//6 1684//6
f 1685//6 1687//6 1688//6 1686//6
f 1687//6 1689//6 1690//6 1688//6
f 1689//6 1691//6 1692//6 1690//6
f 1691//6 1693//6 1694//6 1692//6
f 1412//5 1380//5 1379//5 1695//5
f 1693//6 1696//6 1697//6 1694//6
f 1695//3 1698//3 1699//3 1696//3
f 1695//5 1379//5 1382//5 1698//5
f 1696//6 1699//6 1700//6 1697//6
f 1698//3 1701//3 1702//3 1699//3
f 1698//5 1382//5 1384//5 1701//5
f 1703//2 1650//2 1653//2 1704//2
f 1701//3 1703//3 1704//3 1702//3
f 1701//5 1384//5 1650//5 1703//5
f 1724//1 1725//1 1672//1 1671//1
f 1724//3 1726//3 1727//3 1725//3
f 1724//5 1671//5 1394//5 1726//5
f 1726//3 1728//3 1729//3 1727//3
f 1726//5 1394//5 1396//5 1728//5
f 1727//6 1729//6 1677//6 1675//6
f 1728//3 1730//3 1731//3 1729//3
f 1728//5 1396//5 1398//5 1730//5
f 1729//6 1731//6 1679//6 1677//6
f 1730//3 1732//3 1733//3 1731//3
f 1730//5 1398//5 1400//5 1732//5
f 1731//6 1733//6 1681//6 1679//6
f 1732//5 1400//5 1402//5 1734//5
f 1733//6 1735//6 1683//6 1681//6
f 1734//5 1402//5 1404//5 1736//5
f 1735//6 1737//6 1685//6 1683//6
f 1736//5 1404//5 1406//5 1738//5
f 1737//6 1739//6 1687//6 1685//6
f 1738//3 1740//3 1741//3 1739//3
f 1738//5 1406//5 1408//5 1740//5
f 1739//6 1741//6 1689//6 1687//6
f 1740//3 1742//3 1743//3 1741//3
f 1740//5 1408//5 1410//5 1742//5
f 1741//6 1743//6 1691//6 1689//6
f 1742//3 1744//3 1745//3 1743//3
f 1742//5 1410//5 1412//5 1744//5
f 1743//6 1745//6 1693//6 1691//6
f 1746//2 1695//2 1696//2 1747//2
f 1744//3 1746//3 1747//3 1745//3
f 1744//5 1412//5 1695//5 1746//5
f 1765//1 1766//1 1733//1 1732//1
f 1765//3 1767//3 1768//3 1766//3
f 1765//5 1732//5 1734//5 1767//5
f 1767//3 1769//3 1770//3 1768//3
f 1767//5 1734//5 1736//5 1769//5
f 1771//2 1738//2 1739//2 1772//2
f 1769//3 1771//3 1772//3 1770//3
f 1769//5 1736//5 1738//5 1771//5
f 1473//1 1788//1 1774//1 1463//1
f 1490//2 1462//2 1775//2 1789//2
f 1473//5 1463//5 1462//5 1490//5
f 1493//1 1790//1 1776//1 1464//1
f 1474//2 1465//2 1778//2 1791//2
f 1493//5 1464//5 1465//5 1474//5
f 1488//1 1805//1 1788//1 1473//1
f 1491//2 1490//2 1789//2 1806//2
f 1488//3 1491//3 1806//3 1805//3
f 1805//6 1806//6 1789//6 1788//6
f 1492//1 1807//1 1790//1 1493//1
f 1495//2 1474//2 1791//2 1808//2
f 1492//3 1495//3 1808//3 1807//3
f 1807//6 1808//6 1791//6 1790//6
f 1509//1 1825//1 1806//1 1491//1
f 1519//2 1826//2 1827//2 1828//2
f 1491//4 1806//4 1827//4 1826//4
f 1509//5 1491//5 1826//5 1519//5
f 1522//1 1829//1 1830//1 1831//1
f 1510//2 1492//2 1807//2 1832//2
f 1831//4 1830//4 1807//4 1492//4
f 1522//5 1831//5 1492//5 1510//5
f 1518//1 1837//1 1825//1 1509//1
f 1518//3 1520//3 1838//3 1837//3
f 1837//6 1838//6 1828//6 1825//6
f 1531//2 1839//2 1840//2 1841//2
f 1519//4 1828//4 1840//4 1839//4
f 1520//5 1519//5 1839//5 1531//5
f 1534//1 1842//1 1843//1 1844//1
f 1844//4 1843//4 1829//4 1522//4
f 1534//5 1844//5 1522//5 1521//5
f 1523//2 1510//2 1832//2 1845//2
f 1521//3 1523//3 1845//3 1846//3
f 1846//6 1845//6 1832//6 1829//6
f 1524//1 1847//1 1833//1 1512//1
f 1524//3 1525//3 1848//3 1847//3
f 1847//6 1848//6 1849//6 1833//6
f 1539//2 1513//2 1834//2 1850//2
f 1525//5 1514//5 1513//5 1539//5
f 1542//1 1851//1 1835//1 1515//1
f 1542//5 1515//5 1516//5 1526//5
f 1527//2 1517//2 1836//2 1852//2
f 1526//3 1527//3 1852//3 1853//3
f 1853//6 1852//6 1836//6 1854//6
f 1529//1 1855//1 1838//1 1520//1
f 1529//3 1532//3 1856//3 1855//3
f 1855//6 1856//6 1841//6 1838//6
f 1531//4 1841//4 1857//4 1858//4
f 1532//5 1531//5 1858//5 1546//5
f 1858//4 1857//4 1859//4 1860//4
f 1546//5 1858//5 1860//5 1548//5
f 1860//4 1859//4 1842//4 1534//4
f 1548//5 1860//5 1534//5 1533//5
f 1537//2 1521//2 1846//2 1861//2
f 1533//3 1537//3 1861//3 1862//3
f 1862//6 1861//6 1846//6 1842//6
f 1538//1 1863//1 1848//1 1525//1
f 1540//2 1539//2 1850//2 1864//2
f 1538//3 1540//3 1864//3 1863//3
f 1541//1 1865//1 1851//1 1542//1
f 1543//2 1526//2 1853//2 1866//2
f 1541//3 1543//3 1866//3 1865//3
f 1545//1 1867//1 1856//1 1532//1
f 1545//3 1562//3 1868//3 1867//3
f 1867//6 1868//6 1869//6 1856//6
f 1562//3 1564//3 1870//3 1868//3
f 1868//6 1870//6 1871//6 1869//6
f 1551//2 1533//2 1862//2 1872//2
f 1564//3 1551//3 1872//3 1870//3
f 1870//6 1872//6 1862//6 1871//6
f 1553//1 1873//1 1864//1 1540//1
f 1555//2 1554//2 1874//2 1875//2
f 1540//4 1864//4 1874//4 1554//4
f 1556//1 1876//1 1877//1 1557//1
f 1559//2 1541//2 1865//2 1878//2
f 1557//4 1877//4 1865//4 1541//4
f 1566//1 1879//1 1873//1 1553//1
f 1566//3 1567//3 1880//3 1879//3
f 1879//6 1880//6 1875//6 1873//6
f 1569//2 1568//2 1881//2 1882//2
f 1555//4 1875//4 1881//4 1568//4
f 1570//1 1883//1 1884//1 1571//1
f 1571//4 1884//4 1876//4 1556//4
f 1572//2 1559//2 1878//2 1885//2
f 1573//3 1572//3 1885//3 1886//3
f 1886//6 1885//6 1878//6 1876//6
f 1574//1 1887//1 1880//1 1567//1
f 1574//3 1575//3 1888//3 1887//3
f 1887//6 1888//6 1882//6 1880//6
f 1569//4 1882//4 1889//4 1576//4
f 1576//4 1889//4 1890//4 1891//4
f 1577//5 1576//5 1891//5 1584//5
f 1891//4 1890//4 1892//4 1893//4
f 1584//5 1891//5 1893//5 1585//5
f 1893//4 1892//4 1894//4 1579//4
f 1585//5 1893//5 1579//5 1578//5
f 1579//4 1894//4 1883//4 1570//4
f 1580//2 1573//2 1886//2 1895//2
f 1581//3 1580//3 1895//3 1896//3
f 1896//6 1895//6 1886//6 1883//6
f 1582//1 1897//1 1888//1 1575//1
f 1582//3 1583//3 1898//3 1897//3
f 1897//6 1898//6 1899//6 1888//6
f 1583//3 1590//3 1900//3 1898//3
f 1898//6 1900//6 1901//6 1899//6
f 1590//3 1592//3 1902//3 1900//3
f 1900//6 1902//6 1903//6 1901//6
f 1592//3 1587//3 1904//3 1902//3
f 1902//6 1904//6 1905//6 1903//6
f 1586//2 1581//2 1896//2 1906//2
f 1587//3 1586//3 1906//3 1904//3
f 1904//6 1906//6 1896//6 1905//6
f 1991//1 1992//1 1966//1 1965//1
f 1991//3 1993//3 1994//3 1992//3
f 1991//5 1965//5 1647//5 1993//5
f 1993//3 1666//3 1995//3 1994//3
f 1993//5 1647//5 1649//5 1666//5
f 1994//6 1995//6 1996//6 1997//6
f 1995//6 1998//6 1999//6 1996//6
f 1670//2 1674//2 1968//2 2000//2
f 1998//6 2000//6 1968//6 1999//6
f 1699//1 2001//1 1980//1 1700//1
f 2001//6 2002//6 2003//6 1980//6
f 2002//6 2004//6 2005//6 2003//6
f 1704//3 2006//3 2007//3 2004//3
f 1704//5 1653//5 1652//5 2006//5
f 2004//6 2007//6 2008//6 2005//6
f 2009//2 1981//2 1984//2 2010//2
f 2006//3 2009//3 2010//3 2007//3
f 2006//5 1652//5 1981//5 2009//5
f 2045//1 2046//1 1995//1 1666//1
f 2045//3 2047//3 2048//3 2046//3
f 2045//5 1666//5 1668//5 2047//5
f 2047//3 2049//3 2050//3 2048//3
f 2047//5 1668//5 1670//5 2049//5
f 2048//6 2050//6 2000//6 1998//6
f 1670//4 2000//4 2051//4 1672//4
f 2049//5 1670//5 1672//5 1725//5
f 2050//6 2052//6 2051//6 2000//6
f 1727//2 1675//2 2053//2 2054//2
f 1672//4 2051//4 2053//4 1675//4
f 2052//6 2054//6 2053//6 2051//6
f 1745//1 2055//1 2056//1 1693//1
f 1693//4 2056//4 2057//4 1696//4
f 2055//6 2058//6 2057//6 2056//6
f 1696//4 2057//4 2001//4 1699//4
f 1747//5 1696//5 1699//5 2059//5
f 2058//6 2060//6 2001//6 2057//6
f 2059//3 2061//3 2062//3 2060//3
f 2059//5 1699//5 1702//5 2061//5
f 2060//6 2062//6 2002//6 2001//6
f 2063//2 1704//2 2004//2 2064//2
f 2061//3 2063//3 2064//3 2062//3
f 2061//5 1702//5 1704//5 2063//5
f 2083//1 2084//1 2050//1 2049//1
f 2083//3 2085//3 2086//3 2084//3
f 2083//5 2049//5 1725//5 2085//5
f 2085//3 2087//3 2088//3 2086//3
f 2085//5 1725//5 1727//5 2087//5
f 2086//6 2088//6 2054//6 2052//6
f 1727//4 2054//4 2089//4 1729//4
f 2087//5 1727//5 1729//5 2090//5
f 2088//6 2091//6 2089//6 2054//6
f 1729//4 2089//4 2092//4 1731//4
f 2090//5 1729//5 1731//5 2093//5
f 2091//6 2094//6 2092//6 2089//6
f 1731//4 2092//4 2095//4 1733//4
f 2093//5 1731//5 1733//5 1766//5
f 2094//6 2096//6 2095//6 2092//6
f 1733//4 2095//4 2097//4 1735//4
f 2096//6 2098//6 2097//6 2095//6
f 1735//4 2097//4 2099//4 1737//4
f 2098//6 2100//6 2099//6 2097//6
f 1737//4 2099//4 2101//4 1739//4
f 2100//6 2102//6 2101//6 2099//6
f 1739//4 2101//4 2103//4 1741//4
f 1772//5 1739//5 1741//5 2104//5
f 2102//6 2105//6 2103//6 2101//6
f 1741//4 2103//4 2106//4 1743//4
f 2104//5 1741//5 1743//5 2107//5
f 2105//6 2108//6 2106//6 2103//6
f 1743//4 2106//4 2055//4 1745//4
f 2107//5 1743//5 1745//5 2109//5
f 2108//6 2110//6 2055//6 2106//6
f 2109//3 2111//3 2112//3 2110//3
f 2109//5 1745//5 1747//5 2111//5
f 2110//6 2112//6 2058//6 2055//6
f 2113//2 2059//2 2060//2 2114//2
f 2111//3 2113//3 2114//3 2112//3
f 2111//5 1747//5 2059//5 2113//5
f 2129//1 2130//1 2088//1 2087//1
f 2129//3 2131//3 2132//3 2130//3
f 2129//5 2087//5 2090//5 2131//5
f 2131//3 2133//3 2134//3 2132//3
f 2131//5 2090//5 2093//5 2133//5
f 2133//3 2135//3 2136//3 2134//3
f 2133//5 2093//5 1766//5 2135//5
f 2135//3 2137//3 2138//3 2136//3
f 2135//5 1766//5 1768//5 2137//5
f 2137//3 2139//3 2140//3 2138//3
f 2137//5 1768//5 1770//5 2139//5
f 2138//6 2140//6 2100//6 2098//6
f 2139//3 2141//3 2142//3 2140//3
f 2139//5 1770//5 1772//5 2141//5
f 2141//3 2143//3 2144//3 2142//3
f 2141//5 1772//5 2104//5 2143//5
f 2143//3 2145//3 2146//3 2144//3
f 2143//5 2104//5 2107//5 2145//5
f 2147//2 2109//2 2110//2 2148//2
f 2145//3 2147//3 2148//3 2146//3
f 2145//5 2107//5 2109//5 2147//5
f 1788//1 2155//1 2121//1 1774//1
f 1789//2 1775//2 2124//2 2156//2
f 1788//3 1789//3 2156//3 2155//3
f 2155//6 2156//6 2124//6 2121//6
f 1790//1 2157//1 2127//1 1776//1
f 1791//2 1778//2 2128//2 2158//2
f 1790//3 1791//3 2158//3 2157//3
f 2157//6 2158//6 2128//6 2127//6
f 1806//1 2168//1 2156//1 1789//1
f 1827//2 2169//2 2170//2 2171//2
f 1789//4 2156//4 2170//4 2169//4
f 1806//5 1789//5 2169//5 1827//5
f 2168//6 2171//6 2170//6 2156//6
f 1830//1 2172//1 2173//1 2174//1
f 1807//2 1790//2 2157//2 2175//2
f 2174//4 2173//4 2157//4 1790//4
f 1830//5 2174//5 1790//5 1807//5
f 2172//6 2175//6 2157//6 2173//6
f 1825//1 2196//1 2168//1 1806//1
f 1825//3 1828//3 2197//3 2196//3
f 2196//6 2197//6 2171//6 2168//6
f 1840//2 2198//2 2199//2 2200//2
f 1827//4 2171//4 2199//4 2198//4
f 1828//5 1827//5 2198//5 1840//5
f 2197//6 2200//6 2199//6 2171//6
f 1843//1 2201//1 2202//1 2203//1
f 2203//4 2202//4 2172//4 1830//4
f 1843//5 2203//5 1830//5 1829//5
f 2201//6 2204//6 2172//6 2202//6
f 1832//2 1807//2 2175//2 2205//2
f 1829//3 1832//3 2205//3 2204//3
f 2204//6 2205//6 2175//6 2172//6
f 1838//1 2216//1 2197//1 1828//1
f 1838//3 1841//3 2217//3 2216//3
f 2216//6 2217//6 2200//6 2197//6
f 1840//4 2200//4 2218//4 2219//4
f 1841//5 1840//5 2219//5 1857//5
f 2217//6 2220//6 2218//6 2200//6
f 2219//4 2218//4 2221//4 2222//4
f 1857//5 2219//5 2222//5 1859//5
f 2220//6 2223//6 2221//6 2218//6
f 2222//4 2221//4 2201//4 1843//4
f 1859//5 2222//5 1843//5 1842//5
f 2223//6 2224//6 2201//6 2221//6
f 1846//2 1829//2 2204//2 2225//2
f 1842//3 1846//3 2225//3 2224//3
f 2224//6 2225//6 2204//6 2201//6
f 1848//1 2226//1 2207//1 1849//1
f 1850//2 1834//2 2210//2 2227//2
f 1851//1 2228//1 2213//1 1835//1
f 1853//2 1854//2 2215//2 2229//2
f 1856//1 2230//1 2217//1 1841//1
f 1856//3 1869//3 2231//3 2230//3
f 2230//6 2231//6 2220//6 2217//6
f 1869//3 1871//3 2232//3 2231//3
f 2231//6 2232//6 2223//6 2220//6
f 1862//2 1842//2 2224//2 2233//2
f 1871//3 1862//3 2233//3 2232//3
f 2232//6 2233//6 2224//6 2223//6
f 1863//1 2234//1 2226//1 1848//1
f 1863//3 1864//3 2235//3 2234//3
f 2234//6 2235//6 2227//6 2226//6
f 1874//2 2236//2 2237//2 2238//2
f 1850//4 2227//4 2237//4 2236//4
f 1864//5 1850//5 2236//5 1874//5
f 1877//1 2239//1 2240//1 2241//1
f 2241//4 2240//4 2228//4 1851//4
f 1877//5 2241//5 1851//5 1865//5
f 1866//2 1853//2 2229//2 2242//2
f 1865//3 1866//3 2242//3 2243//3
f 2243//6 2242//6 2229//6 2228//6
f 1873//1 2244//1 2235//1 1864//1
f 1873//3 1875//3 2245//3 2244//3
f 2244//6 2245//6 2238//6 2235//6
f 1881//2 2246//2 2247//2 2248//2
f 1874//4 2238//4 2247//4 2246//4
f 1875//5 1874//5 2246//5 1881//5
f 1884//1 2249//1 2250//1 2251//1
f 2251//4 2250//4 2239//4 1877//4
f 1884//5 2251//5 1877//5 1876//5
f 1878//2 1865//2 2243//2 2252//2
f 1876//3 1878//3 2252//3 2253//3
f 2253//6 2252//6 2243//6 2239//6
f 1880//1 2254//1 2245//1 1875//1
f 1880//3 1882//3 2255//3 2254//3
f 2254//6 2255//6 2248//6 2245//6
f 1881//4 2248//4 2256//4 2257//4
f 1882//5 1881//5 2257//5 1889//5
f 2257//4 2256//4 2258//4 2259//4
f 1889//5 2257//5 2259//5 1890//5
f 2259//4 2258//4 2260//4 2261//4
f 1890//5 2259//5 2261//5 1892//5
f 2261//4 2260//4 2262//4 2263//4
f 1892//5 2261//5 2263//5 1894//5
f 2263//4 2262//4 2249//4 1884//4
f 1894//5 2263//5 1884//5 1883//5
f 1886//2 1876//2 2253//2 2264//2
f 1883//3 1886//3 2264//3 2265//3
f 2265//6 2264//6 2253//6 2249//6
f 1888//1 2266//1 2255//1 1882//1
f 1888//3 1899//3 2267//3 2266//3
f 2266//6 2267//6 2268//6 2255//6
f 1899//3 1901//3 2269//3 2267//3
f 2267//6 2269//6 2270//6 2268//6
f 1901//3 1903//3 2271//3 2269//3
f 2269//6 2271//6 2272//6 2270//6
f 1903//3 1905//3 2273//3 2271//3
f 2271//6 2273//6 2274//6 2272//6
f 1896//2 1883//2 2265//2 2275//2
f 1905//3 1896//3 2275//3 2273//3
f 2273//6 2275//6 2265//6 2274//6
f 2358//1 2359//1 2333//1 2332//1
f 2358//3 2360//3 2361//3 2359//3
f 2358//5 2332//5 1964//5 2360//5
f 2360//3 1992//3 2362//3 2361//3
f 2360//5 1964//5 1966//5 1992//5
f 2361//6 2362//6 2363//6 2364//6
f 1994//2 1997//2 2335//2 2365//2
f 2362//6 2365//6 2335//6 2363//6
f 2007//1 2366//1 2353//1 2008//1
f 2366//6 2367//6 2368//6 2353//6
f 2010//3 2369//3 2370//3 2367//3
f 2010//5 1984//5 1983//5 2369//5
f 2367//6 2370//6 2371//6 2368//6
f 2372//2 2354//2 2357//2 2373//2
f 2369//3 2372//3 2373//3 2370//3
f 2369//5 1983//5 2354//5 2372//5
f 2398//1 2399//1 2362//1 1992//1
f 2398//3 2400//3 2401//3 2399//3
f 2398//5 1992//5 1994//5 2400//5
f 1994//4 2365//4 2402//4 1995//4
f 2400//5 1994//5 1995//5 2046//5
f 2401//6 2403//6 2402//6 2365//6
f 2048//2 1998//2 2404//2 2405//2
f 1995//4 2402//4 2404//4 1998//4
f 2403//6 2405//6 2404//6 2402//6
f 2062//1 2406//1 2407//1 2002//1
f 2002//4 2407//4 2408//4 2004//4
f 2406//6 2409//6 2408//6 2407//6
f 2004//4 2408//4 2366//4 2007//4
f 2064//5 2004//5 2007//5 2410//5
f 2409//6 2411//6 2366//6 2408//6
f 2412//2 2010//2 2367//2 2413//2
f 2410//3 2412//3 2413//3 2411//3
f 2410//5 2007//5 2010//5 2412//5
f 2425//1 2426//1 2401//1 2400//1
f 2425//3 2427//3 2428//3 2426//3
f 2425//5 2400//5 2046//5 2427//5
f 2427//3 2429//3 2430//3 2428//3
f 2427//5 2046//5 2048//5 2429//5
f 2428//6 2430//6 2405//6 2403//6
f 2048//4 2405//4 2431//4 2050//4
f 2429//5 2048//5 2050//5 2084//5
f 2430//6 2432//6 2431//6 2405//6
f 2086//2 2052//2 2433//2 2434//2
f 2050//4 2431//4 2433//4 2052//4
f 2432//6 2434//6 2433//6 2431//6
f 2112//1 2435//1 2436//1 2058//1
f 2058//4 2436//4 2437//4 2060//4
f 2435//6 2438//6 2437//6 2436//6
f 2060//4 2437//4 2406//4 2062//4
f 2114//5 2060//5 2062//5 2439//5
f 2438//6 2440//6 2406//6 2437//6
f 2439//3 2441//3 2442//3 2440//3
f 2439//5 2062//5 2064//5 2441//5
f 2440//6 2442//6 2409//6 2406//6
f 2443//2 2410//2 2411//2 2444//2
f 2441//3 2443//3 2444//3 2442//3
f 2441//5 2064//5 2410//5 2443//5
f 2457//1 2458//1 2430//1 2429//1
f 2457//3 2459//3 2460//3 2458//3
f 2457//5 2429//5 2084//5 2459//5
f 2459//3 2461//3 2462//3 2460//3
f 2459//5 2084//5 2086//5 2461//5
f 2460//6 2462//6 2434//6 2432//6
f 2086//4 2434//4 2463//4 2088//4
f 2461//5 2086//5 2088//5 2130//5
f 2462//6 2464//6 2463//6 2434//6
f 2088//4 2463//4 2465//4 2091//4
f 2464//6 2466//6 2465//6 2463//6
f 2091//4 2465//4 2467//4 2094//4
f 2466//6 2468//6 2467//6 2465//6
f 2094//4 2467//4 2469//4 2096//4
f 2468//6 2470//6 2469//6 2467//6
f 2138//2 2098//2 2471//2 2472//2
f 2096//4 2469//4 2471//4 2098//4
f 2470//6 2472//6 2471//6 2469//6
f 2140//1 2473//1 2474//1 2100//1
f 2100//4 2474//4 2475//4 2102//4
f 2473//6 2476//6 2475//6 2474//6
f 2102//4 2475//4 2477//4 2105//4
f 2476//6 2478//6 2477//6 2475//6
f 2105//4 2477//4 2479//4 2108//4
f 2478//6 2480//6 2479//6 2477//6
f 2108//4 2479//4 2481//4 2110//4
f 2480//6 2482//6 2481//6 2479//6
f 2110//4 2481//4 2435//4 2112//4
f 2148//5 2110//5 2112//5 2483//5
f 2482//6 2484//6 2435//6 2481//6
f 2483//3 2485//3 2486//3 2484//3
f 2483//5 2112//5 2114//5 2485//5
f 2484//6 2486//6 2438//6 2435//6
f 2487//2 2439//2 2440//2 2488//2
f 2485//3 2487//3 2488//3 2486//3
f 2485//5 2114//5 2439//5 2487//5
f 2156//1 2501//1 2446//1 2124//1
f 2156//3 2170//3 2502//3 2501//3
f 2156//5 2124//5 2123//5 2170//5
f 2501//6 2502//6 2503//6 2446//6
f 2504//2 2447//2 2450//2 2505//2
f 2170//5 2123//5 2447//5 2504//5
f 2506//1 2507//1 2454//1 2453//1
f 2506//5 2453//5 2126//5 2173//5
f 2157//2 2127//2 2456//2 2508//2
f 2173//3 2157//3 2508//3 2509//3
f 2173//5 2126//5 2127//5 2157//5
f 2509//6 2508//6 2456//6 2510//6
f 2511//1 2512//1 2462//1 2461//1
f 2511//3 2513//3 2514//3 2512//3
f 2511//5 2461//5 2130//5 2513//5
f 2513//3 2515//3 2516//3 2514//3
f 2513//5 2130//5 2132//5 2515//5
f 2515//3 2517//3 2518//3 2516//3
f 2515//5 2132//5 2134//5 2517//5
f 2516//6 2518//6 2468//6 2466//6
f 2517//3 2519//3 2520//3 2518//3
f 2517//5 2134//5 2136//5 2519//5
f 2518//6 2520//6 2470//6 2468//6
f 2519//3 2521//3 2522//3 2520//3
f 2519//5 2136//5 2138//5 2521//5
f 2520//6 2522//6 2472//6 2470//6
f 2138//4 2472//4 2473//4 2140//4
f 2521//5 2138//5 2140//5 2523//5
f 2522//6 2524//6 2473//6 2472//6
f 2523//3 2525//3 2526//3 2524//3
f 2523//5 2140//5 2142//5 2525//5
f 2524//6 2526//6 2476//6 2473//6
f 2525//3 2527//3 2528//3 2526//3
f 2525//5 2142//5 2144//5 2527//5
f 2526//6 2528//6 2478//6 2476//6
f 2527//3 2529//3 2530//3 2528//3
f 2527//5 2144//5 2146//5 2529//5
f 2528//6 2530//6 2480//6 2478//6
f 2529//3 2531//3 2532//3 2530//3
f 2529//5 2146//5 2148//5 2531//5
f 2533//2 2483//2 2484//2 2534//2
f 2531//3 2533//3 2534//3 2532//3
f 2531//5 2148//5 2483//5 2533//5
f 2171//1 2545//1 2502//1 2170//1
f 2171//3 2199//3 2546//3 2545//3
f 2171//5 2170//5 2504//5 2199//5
f 2545//6 2546//6 2505//6 2502//6
f 2504//4 2505//4 2547//4 2548//4
f 2199//5 2504//5 2548//5 2549//5
f 2546//6 2550//6 2547//6 2505//6
f 2548//4 2547//4 2551//4 2552//4
f 2549//5 2548//5 2552//5 2553//5
f 2550//6 2554//6 2551//6 2547//6
f 2552//4 2551//4 2507//4 2506//4
f 2553//5 2552//5 2506//5 2202//5
f 2554//6 2555//6 2507//6 2551//6
f 2172//2 2173//2 2509//2 2556//2
f 2202//3 2172//3 2556//3 2555//3
f 2202//5 2506//5 2173//5 2172//5
f 2555//6 2556//6 2509//6 2507//6
f 2557//1 2558//1 2522//1 2521//1
f 2559//2 2523//2 2524//2 2560//2
f 2557//3 2559//3 2560//3 2558//3
f 2557//5 2521//5 2523//5 2559//5
f 2200//1 2577//1 2546//1 2199//1
f 2200//3 2218//3 2578//3 2577//3
f 2200//5 2199//5 2549//5 2218//5
f 2577//6 2578//6 2550//6 2546//6
f 2218//3 2221//3 2579//3 2578//3
f 2218//5 2549//5 2553//5 2221//5
f 2578//6 2579//6 2554//6 2550//6
f 2201//2 2202//2 2555//2 2580//2
f 2221//3 2201//3 2580//3 2579//3
f 2221//5 2553//5 2202//5 2201//5
f 2579//6 2580//6 2555//6 2554//6
f 2226//1 2591//1 2581//1 2207//1
f 2226//3 2227//3 2592//3 2591//3
f 2591//6 2592//6 2582//6 2581//6
f 2237//2 2209//2 2585//2 2593//2
f 2227//5 2210//5 2209//5 2237//5
f 2240//1 2594//1 2588//1 2212//1
f 2240//5 2212//5 2213//5 2228//5
f 2229//2 2215//2 2589//2 2595//2
f 2228//3 2229//3 2595//3 2596//3
f 2596//6 2595//6 2589//6 2590//6
f 2235//1 2597//1 2592//1 2227//1
f 2235//3 2238//3 2598//3 2597//3
f 2597//6 2598//6 2593//6 2592//6
f 2247//2 2599//2 2600//2 2601//2
f 2237//4 2593//4 2600//4 2599//4
f 2238//5 2237//5 2599//5 2247//5
f 2250//1 2602//1 2603//1 2604//1
f 2604//4 2603//4 2594//4 2240//4
f 2250//5 2604//5 2240//5 2239//5
f 2243//2 2228//2 2596//2 2605//2
f 2239//3 2243//3 2605//3 2606//3
f 2606//6 2605//6 2596//6 2594//6
f 2245//1 2607//1 2598//1 2238//1
f 2245//3 2248//3 2608//3 2607//3
f 2607//6 2608//6 2601//6 2598//6
f 2247//4 2601//4 2609//4 2610//4
f 2248//5 2247//5 2610//5 2256//5
f 2608//6 2611//6 2609//6 2601//6
f 2610//4 2609//4 2612//4 2613//4
f 2256//5 2610//5 2613//5 2258//5
f 2613//4 2612//4 2614//4 2615//4
f 2258//5 2613//5 2615//5 2260//5
f 2615//4 2614//4 2616//4 2617//4
f 2260//5 2615//5 2617//5 2262//5
f 2617//4 2616//4 2602//4 2250//4
f 2262//5 2617//5 2250//5 2249//5
f 2618//6 2619//6 2602//6 2616//6
f 2253//2 2239//2 2606//2 2620//2
f 2249//3 2253//3 2620//3 2619//3
f 2619//6 2620//6 2606//6 2602//6
f 2255//1 2621//1 2608//1 2248//1
f 2255//3 2268//3 2622//3 2621//3
f 2621//6 2622//6 2611//6 2608//6
f 2268//3 2270//3 2623//3 2622//3
f 2622//6 2623//6 2624//6 2611//6
f 2270//3 2272//3 2625//3 2623//3
f 2623//6 2625//6 2626//6 2624//6
f 2272//3 2274//3 2627//3 2625//3
f 2625//6 2627//6 2618//6 2626//6
f 2265//2 2249//2 2619//2 2628//2
f 2274//3 2265//3 2628//3 2627//3
f 2627//6 2628//6 2619//6 2618//6
f 2719//1 2720//1 2691//1 2331//1
f 2719//3 2359//3 2721//3 2720//3
f 2719//5 2331//5 2333//5 2359//5
f 2361//2 2364//2 2693//2 2722//2
f 2721//6 2722//6 2693//6 2723//6
f 2370//1 2724//1 2715//1 2371//1
f 2724//6 2725//6 2726//6 2715//6
f 2727//2 2356//2 2718//2 2728//2
f 2373//3 2727//3 2728//3 2725//3
f 2373//5 2357//5 2356//5 2727//5
f 2755//1 2756//1 2721//1 2359//1
f 2755//3 2757//3 2758//3 2756//3
f 2755//5 2359//5 2361//5 2757//5
f 2361//4 2722//4 2759//4 2362//4
f 2757//5 2361//5 2362//5 2399//5
f 2758//6 2760//6 2759//6 2722//6
f 2401//2 2365//2 2761//2 2762//2
f 2362//4 2759//4 2761//4 2365//4
f 2760//6 2762//6 2761//6 2759//6
f 2411//1 2763//1 2764//1 2366//1
f 2366//4 2764//4 2765//4 2367//4
f 2763//6 2766//6 2765//6 2764//6
f 2367//4 2765//4 2724//4 2370//4
f 2413//5 2367//5 2370//5 2767//5
f 2766//6 2768//6 2724//6 2765//6
f 2769//2 2373//2 2725//2 2770//2
f 2767//3 2769//3 2770//3 2768//3
f 2767//5 2370//5 2373//5 2769//5
f 2794//1 2795//1 2758//1 2757//1
f 2794//3 2796//3 2797//3 2795//3
f 2794//5 2757//5 2399//5 2796//5
f 2796//3 2426//3 2798//3 2797//3
f 2796//5 2399//5 2401//5 2426//5
f 2797//6 2798//6 2762//6 2760//6
f 2428//2 2403//2 2799//2 2800//2
f 2401//4 2762//4 2799//4 2403//4
f 2798//6 2800//6 2799//6 2762//6
f 2442//1 2801//1 2802//1 2409//1
f 2409//4 2802//4 2763//4 2411//4
f 2801//6 2803//6 2763//6 2802//6
f 2444//3 2804//3 2805//3 2803//3
f 2444//5 2411//5 2413//5 2804//5
f 2803//6 2805//6 2766//6 2763//6
f 2806//2 2767//2 2768//2 2807//2
f 2804//3 2806//3 2807//3 2805//3
f 2804//5 2413//5 2767//5 2806//5
f 2822//1 2823//1 2798//1 2426//1
f 2822//3 2824//3 2825//3 2823//3
f 2822//5 2426//5 2428//5 2824//5
f 2428//4 2800//4 2826//4 2430//4
f 2824//5 2428//5 2430//5 2458//5
f 2825//6 2827//6 2826//6 2800//6
f 2460//2 2432//2 2828//2 2829//2
f 2430//4 2826//4 2828//4 2432//4
f 2827//6 2829//6 2828//6 2826//6
f 2486//1 2830//1 2831//1 2438//1
f 2438//4 2831//4 2832//4 2440//4
f 2830//6 2833//6 2832//6 2831//6
f 2440//4 2832//4 2801//4 2442//4
f 2488//5 2440//5 2442//5 2834//5
f 2833//6 2835//6 2801//6 2832//6
f 2836//2 2444//2 2803//2 2837//2
f 2834//3 2836//3 2837//3 2835//3
f 2834//5 2442//5 2444//5 2836//5
f 2502//1 2846//1 2815//1 2503//1
f 2502//3 2505//3 2847//3 2846//3
f 2846//6 2847//6 2816//6 2815//6
f 2505//3 2547//3 2848//3 2847//3
f 2505//5 2450//5 2449//5 2547//5
f 2847//6 2848//6 2817//6 2816//6
f 2547//3 2551//3 2849//3 2848//3
f 2547//5 2449//5 2452//5 2551//5
f 2848//6 2849//6 2818//6 2817//6
f 2551//3 2507//3 2850//3 2849//3
f 2551//5 2452//5 2454//5 2507//5
f 2849//6 2850//6 2819//6 2818//6
f 2509//2 2510//2 2820//2 2851//2
f 2507//3 2509//3 2851//3 2850//3
f 2850//6 2851//6 2820//6 2819//6
f 2852//1 2853//1 2825//1 2824//1
f 2852//3 2854//3 2855//3 2853//3
f 2852//5 2824//5 2458//5 2854//5
f 2854//3 2856//3 2857//3 2855//3
f 2854//5 2458//5 2460//5 2856//5
f 2460//4 2829//4 2858//4 2462//4
f 2856//5 2460//5 2462//5 2512//5
f 2857//6 2859//6 2858//6 2829//6
f 2462//4 2858//4 2860//4 2464//4
f 2859//6 2861//6 2860//6 2858//6
f 2516//2 2466//2 2862//2 2863//2
f 2464//4 2860//4 2862//4 2466//4
f 2861//6 2863//6 2862//6 2860//6
f 2530//1 2864//1 2865//1 2480//1
f 2480//4 2865//4 2866//4 2482//4
f 2864//6 2867//6 2866//6 2865//6
f 2482//4 2866//4 2868//4 2484//4
f 2867//6 2869//6 2868//6 2866//6
f 2484//4 2868//4 2830//4 2486//4
f 2534//5 2484//5 2486//5 2870//5
f 2869//6 2871//6 2830//6 2868//6
f 2870//3 2872//3 2873//3 2871//3
f 2870//5 2486//5 2488//5 2872//5
f 2874//2 2834//2 2835//2 2875//2
f 2872//3 2874//3 2875//3 2873//3
f 2872//5 2488//5 2834//5 2874//5
f 2876//1 2877//1 2857//1 2856//1
f 2876//3 2878//3 2879//3 2877//3
f 2876//5 2856//5 2512//5 2878//5
f 2878//3 2880//3 2881//3 2879//3
f 2878//5 2512//5 2514//5 2880//5
f 2880//3 2882//3 2883//3 2881//3
f 2880//5 2514//5 2516//5 2882//5
f 2881//6 2883//6 2863//6 2861//6
f 2516//4 2863//4 2884//4 2518//4
f 2882//5 2516//5 2518//5 2885//5
f 2883//6 2886//6 2884//6 2863//6
f 2518//4 2884//4 2887//4 2520//4
f 2885//5 2518//5 2520//5 2888//5
f 2886//6 2889//6 2887//6 2884//6
f 2520//4 2887//4 2890//4 2522//4
f 2888//5 2520//5 2522//5 2558//5
f 2889//6 2891//6 2890//6 2887//6
f 2522//4 2890//4 2892//4 2524//4
f 2891//6 2893//6 2892//6 2890//6
f 2524//4 2892//4 2894//4 2526//4
f 2560//5 2524//5 2526//5 2895//5
f 2893//6 2896//6 2894//6 2892//6
f 2526//4 2894//4 2897//4 2528//4
f 2895//5 2526//5 2528//5 2898//5
f 2896//6 2899//6 2897//6 2894//6
f 2528//4 2897//4 2864//4 2530//4
f 2898//5 2528//5 2530//5 2900//5
f 2899//6 2901//6 2864//6 2897//6
f 2900//3 2902//3 2903//3 2901//3
f 2900//5 2530//5 2532//5 2902//5
f 2901//6 2903//6 2867//6 2864//6
f 2902//3 2904//3 2905//3 2903//3
f 2902//5 2532//5 2534//5 2904//5
f 2906//2 2870//2 2871//2 2907//2
f 2904//3 2906//3 2907//3 2905//3
f 2904//5 2534//5 2870//5 2906//5
f 2922//1 2923//1 2883//1 2882//1
f 2922//3 2924//3 2925//3 2923//3
f 2922//5 2882//5 2885//5 2924//5
f 2924//3 2926//3 2927//3 2925//3
f 2924//5 2885//5 2888//5 2926//5
f 2926//3 2928//3 2929//3 2927//3
f 2926//5 2888//5 2558//5 2928//5
f 2928//3 2930//3 2931//3 2929//3
f 2928//5 2558//5 2560//5 2930//5
f 2930//3 2932//3 2933//3 2931//3
f 2930//5 2560//5 2895//5 2932//5
f 2932//3 2934//3 2935//3 2933//3
f 2932//5 2895//5 2898//5 2934//5
f 2936//2 2900//2 2901//2 2937//2
f 2934//3 2936//3 2937//3 2935//3
f 2934//5 2898//5 2900//5 2936//5
f 2592//1 2950//1 2938//1 2582//1
f 2592//3 2593//3 2951//3 2950//3
f 2950//6 2951//6 2939//6 2938//6
f 2593//5 2585//5 2584//5 2600//5
f 2951//6 2952//6 2953//6 2939//6
f 2954//2 2940//2 2943//2 2955//2
f 2600//5 2584//5 2940//5 2954//5
f 2956//1 2957//1 2947//1 2946//1
f 2956//5 2946//5 2587//5 2603//5
f 2603//5 2587//5 2588//5 2594//5
f 2958//6 2959//6 2949//6 2960//6
f 2596//2 2590//2 2948//2 2961//2
f 2594//3 2596//3 2961//3 2959//3
f 2959//6 2961//6 2948//6 2949//6
f 2598//1 2962//1 2951//1 2593//1
f 2598//3 2601//3 2963//3 2962//3
f 2962//6 2963//6 2952//6 2951//6
f 2601//3 2609//3 2964//3 2963//3
f 2601//5 2600//5 2954//5 2609//5
f 2963//6 2964//6 2955//6 2952//6
f 2954//4 2955//4 2965//4 2966//4
f 2609//5 2954//5 2966//5 2612//5
f 2964//6 2967//6 2965//6 2955//6
f 2966//4 2965//4 2968//4 2969//4
f 2612//5 2966//5 2969//5 2614//5
f 2967//6 2970//6 2968//6 2965//6
f 2969//4 2968//4 2957//4 2956//4
f 2614//5 2969//5 2956//5 2616//5
f 2970//6 2971//6 2957//6 2968//6
f 2616//3 2602//3 2972//3 2971//3
f 2616//5 2956//5 2603//5 2602//5
f 2971//6 2972//6 2958//6 2957//6
f 2606//2 2594//2 2959//2 2973//2
f 2602//3 2606//3 2973//3 2972//3
f 2972//6 2973//6 2959//6 2958//6
f 2611//1 2974//1 2964//1 2609//1
f 2611//3 2624//3 2975//3 2974//3
f 2974//6 2975//6 2967//6 2964//6
f 2624//3 2626//3 2976//3 2975//3
f 2975//6 2976//6 2970//6 2967//6
f 2618//2 2616//2 2971//2 2977//2
f 2626//3 2618//3 2977//3 2976//3
f 2976//6 2977//6 2971//6 2970//6
f 3108//1 3109//1 3071//1 3070//1
f 3108//3 3110//3 3111//3 3109//3
f 3108//5 3070//5 2690//5 3110//5
f 3110//5 2690//5 2691//5 2720//5
f 2721//2 2723//2 3074//2 3112//2
f 3113//6 3112//6 3074//6 3114//6
f 2725//1 3115//1 3100//1 2726//1
f 3115//6 3116//6 3117//6 3100//6
f 2728//5 2718//5 2717//5 3118//5
f 3138//1 3139//1 3111//1 3110//1
f 3138//3 3140//3 3141//3 3139//3
f 3138//5 3110//5 2720//5 3140//5
f 3140//3 2756//3 3142//3 3141//3
f 3140//5 2720//5 2721//5 2756//5
f 3141//6 3142//6 3112//6 3113//6
f 2758//2 2722//2 3143//2 3144//2
f 2721//4 3112//4 3143//4 2722//4
f 3142//6 3144//6 3143//6 3112//6
f 2768//1 3145//1 3146//1 2724//1
f 2724//4 3146//4 3115//4 2725//4
f 3145//6 3147//6 3115//6 3146//6
f 2770//3 3148//3 3149//3 3147//3
f 2770//5 2725//5 2728//5 3148//5
f 3147//6 3149//6 3116//6 3115//6
f 3150//2 3118//2 3120//2 3151//2
f 3148//3 3150//3 3151//3 3149//3
f 3148//5 2728//5 3118//5 3150//5
f 3156//1 3157//1 3142//1 2756//1
f 3156//3 2795//3 3158//3 3157//3
f 3156//5 2756//5 2758//5 2795//5
f 2797//2 2760//2 3159//2 3160//2
f 2758//4 3144//4 3159//4 2760//4
f 3158//6 3160//6 3159//6 3144//6
f 2805//1 3161//1 3162//1 2766//1
f 2766//4 3162//4 3145//4 2768//4
f 3161//6 3163//6 3145//6 3162//6
f 3164//2 2770//2 3147//2 3165//2
f 2807//3 3164//3 3165//3 3163//3
f 2807//5 2768//5 2770//5 3164//5
f 3168//1 3169//1 3158//1 2795//1
f 3168//3 3170//3 3171//3 3169//3
f 3168//5 2795//5 2797//5 3170//5
f 2797//4 3160//4 3172//4 2798//4
f 3170//5 2797//5 2798//5 2823//5
f 3171//6 3173//6 3172//6 3160//6
f 2825//2 2800//2 3174//2 3175//2
f 2798//4 3172//4 3174//4 2800//4
f 3173//6 3175//6 3174//6 3172//6
f 2835//1 3176//1 3177//1 2801//1
f 2801//4 3177//4 3178//4 2803//4
f 3176//6 3179//6 3178//6 3177//6
f 2803//4 3178//4 3161//4 2805//4
f 2837//5 2803//5 2805//5 3180//5
f 3179//6 3181//6 3161//6 3178//6
f 3182//2 2807//2 3163//2 3183//2
f 3180//3 3182//3 3183//3 3181//3
f 3180//5 2805//5 2807//5 3182//5
f 3195//1 3196//1 3171//1 3170//1
f 3195//3 3197//3 3198//3 3196//3
f 3195//5 3170//5 2823//5 3197//5
f 3197//3 2853//3 3199//3 3198//3
f 3197//5 2823//5 2825//5 2853//5
f 3198//6 3199//6 3175//6 3173//6
f 2825//4 3175//4 3200//4 2827//4
f 3199//6 3201//6 3200//6 3175//6
f 2857//2 2829//2 3202//2 3203//2
f 2827//4 3200//4 3202//4 2829//4
f 3201//6 3203//6 3202//6 3200//6
f 2871//1 3204//1 3205//1 2830//1
f 2830//4 3205//4 3206//4 2833//4
f 3204//6 3207//6 3206//6 3205//6
f 2833//4 3206//4 3176//4 2835//4
f 3207//6 3208//6 3176//6 3206//6
f 2875//3 3209//3 3210//3 3208//3
f 2875//5 2835//5 2837//5 3209//5
f 3208//6 3210//6 3179//6 3176//6
f 3211//2 3180//2 3181//2 3212//2
f 3209//3 3211//3 3212//3 3210//3
f 3209//5 2837//5 3180//5 3211//5
f 3213//1 3214//1 3199//1 2853//1
f 3213//3 3215//3 3216//3 3214//3
f 3213//5 2853//5 2855//5 3215//5
f 3215//3 2877//3 3217//3 3216//3
f 3215//5 2855//5 2857//5 2877//5
f 3216//6 3217//6 3203//6 3201//6
f 2857//4 3203//4 3218//4 2859//4
f 3217//6 3219//6 3218//6 3203//6
f 2881//2 2861//2 3220//2 3221//2
f 2859//4 3218//4 3220//4 2861//4
f 3219//6 3221//6 3220//6 3218//6
f 2903//1 3222//1 3223//1 2867//1
f 2867//4 3223//4 3224//4 2869//4
f 3222//6 3225//6 3224//6 3223//6
f 2869//4 3224//4 3204//4 2871//4
f 3225//6 3226//6 3204//6 3224//6
f 2907//3 3227//3 3228//3 3226//3
f 2907//5 2871//5 2873//5 3227//5
f 3226//6 3228//6 3207//6 3204//6
f 3229//2 2875//2 3208//2 3230//2
f 3227//3 3229//3 3230//3 3228//3
f 3227//5 2873//5 2875//5 3229//5
f 3247//1 3248//1 3217//1 2877//1
f 3247//3 3249//3 3250//3 3248//3
f 3247//5 2877//5 2879//5 3249//5
f 3249//3 3251//3 3252//3 3250//3
f 3249//5 2879//5 2881//5 3251//5
f 3250//6 3252//6 3221//6 3219//6
f 2881//4 3221//4 3253//4 2883//4
f 3251//5 2881//5 2883//5 2923//5
f 3252//6 3254//6 3253//6 3221//6
f 2883//4 3253//4 3255//4 2886//4
f 3254//6 3256//6 3255//6 3253//6
f 2886//4 3255//4 3257//4 2889//4
f 3256//6 3258//6 3257//6 3255//6
f 2889//4 3257//4 3259//4 2891//4
f 3258//6 3260//6 3259//6 3257//6
f 2891//4 3259//4 3261//4 2893//4
f 3260//6 3262//6 3261//6 3259//6
f 2893//4 3261//4 3263//4 2896//4
f 3262//6 3264//6 3263//6 3261//6
f 2896//4 3263//4 3265//4 2899//4
f 3264//6 3266//6 3265//6 3263//6
f 2899//4 3265//4 3267//4 2901//4
f 3266//6 3268//6 3267//6 3265//6
f 2901//4 3267//4 3222//4 2903//4
f 2937//5 2901//5 2903//5 3269//5
f 3268//6 3270//6 3222//6 3267//6
f 3269//3 3271//3 3272//3 3270//3
f 3269//5 2903//5 2905//5 3271//5
f 3270//6 3272//6 3225//6 3222//6
f 3273//2 2907//2 3226//2 3274//2
f 3271//3 3273//3 3274//3 3272//3
f 3271//5 2905//5 2907//5 3273//5
f 3283//1 3284//1 3252//1 3251//1
f 3283//3 3285//3 3286//3 3284//3
f 3283//5 3251//5 2923//5 3285//5
f 3285//3 3287//3 3288//3 3286//3
f 3285//5 2923//5 2925//5 3287//5
f 3287//3 3289//3 3290//3 3288//3
f 3287//5 2925//5 2927//5 3289//5
f 3289//3 3291//3 3292//3 3290//3
f 3289//5 2927//5 2929//5 3291//5
f 3291//3 3293//3 3294//3 3292//3
f 3291//5 2929//5 2931//5 3293//5
f 3292//6 3294//6 3262//6 3260//6
f 3293//3 3295//3 3296//3 3294//3
f 3293//5 2931//5 2933//5 3295//5
f 3295//3 3297//3 3298//3 3296//3
f 3295//5 2933//5 2935//5 3297//5
f 3297//3 3299//3 3300//3 3298//3
f 3297//5 2935//5 2937//5 3299//5
f 3301//2 3269//2 3270//2 3302//2
f 3299//3 3301//3 3302//3 3300//3
f 3299//5 2937//5 3269//5 3301//5
f 2952//1 3303//1 3276//1 2953//1
f 2952//3 2955//3 3304//3 3303//3
f 3303//6 3304//6 3277//6 3276//6
f 2955//3 2965//3 3305//3 3304//3
f 2955//5 2943//5 2942//5 2965//5
f 3304//6 3305//6 3278//6 3277//6
f 2965//3 2968//3 3306//3 3305//3
f 2965//5 2942//5 2945//5 2968//5
f 3305//6 3306//6 3279//6 3278//6
f 2968//3 2957//3 3307//3 3306//3
f 2968//5 2945//5 2947//5 2957//5
f 3306//6 3307//6 3280//6 3279//6
f 2958//2 2960//2 3281//2 3308//2
f 2957//3 2958//3 3308//3 3307//3
f 3307//6 3308//6 3281//6 3280//6
f 3107//1 3598//1 3550//1 3072//1
f 3107//3 3109//3 3599//3 3598//3
f 3107//5 3072//5 3071//5 3109//5
f 3599//6 3600//6 3601//6 3602//6
f 3113//2 3114//2 3552//2 3603//2
f 3600//6 3603//6 3552//6 3601//6
f 3116//1 3604//1 3588//1 3117//1
f 3605//6 3606//6 3607//6 3608//6
f 3121//2 3101//2 3591//2 3609//2
f 3119//3 3121//3 3609//3 3606//3
f 3620//1 3621//1 3599//1 3109//1
f 3620//3 3139//3 3622//3 3621//3
f 3620//5 3109//5 3111//5 3139//5
f 3141//2 3113//2 3603//2 3623//2
f 3622//6 3623//6 3603//6 3600//6
f 3149//1 3624//1 3604//1 3116//1
f 3625//2 3119//2 3606//2 3626//2
f 3151//5 3120//5 3119//5 3625//5
f 3627//1 3628//1 3622//1 3139//1
f 3627//3 3629//3 3630//3 3628//3
f 3627//5 3139//5 3141//5 3629//5
f 3141//4 3623//4 3631//4 3142//4
f 3629//5 3141//5 3142//5 3157//5
f 3630//6 3632//6 3631//6 3623//6
f 3158//2 3144//2 3633//2 3634//2
f 3142//4 3631//4 3633//4 3144//4
f 3632//6 3634//6 3633//6 3631//6
f 3163//1 3635//1 3636//1 3145//1
f 3145//4 3636//4 3637//4 3147//4
f 3635//6 3638//6 3637//6 3636//6
f 3147//4 3637//4 3624//4 3149//4
f 3165//5 3147//5 3149//5 3639//5
f 3638//6 3640//6 3624//6 3637//6
f 3639//3 3641//3 3642//3 3640//3
f 3639//5 3149//5 3151//5 3641//5
f 3653//1 3654//1 3630//1 3629//1
f 3653//3 3655//3 3656//3 3654//3
f 3653//5 3629//5 3157//5 3655//5
f 3655//3 3169//3 3657//3 3656//3
f 3655//5 3157//5 3158//5 3169//5
f 3656//6 3657//6 3634//6 3632//6
f 3171//2 3160//2 3658//2 3659//2
f 3158//4 3634//4 3658//4 3160//4
f 3657//6 3659//6 3658//6 3634//6
f 3181//1 3660//1 3661//1 3161//1
f 3161//4 3661//4 3635//4 3163//4
f 3660//6 3662//6 3635//6 3661//6
f 3183//3 3663//3 3664//3 3662//3
f 3183//5 3163//5 3165//5 3663//5
f 3662//6 3664//6 3638//6 3635//6
f 3665//2 3639//2 3640//2 3666//2
f 3663//3 3665//3 3666//3 3664//3
f 3663//5 3165//5 3639//5 3665//5
f 3667//1 3668//1 3657//1 3169//1
f 3667//3 3196//3 3669//3 3668//3
f 3667//5 3169//5 3171//5 3196//5
f 3198//2 3173//2 3670//2 3671//2
f 3171//4 3659//4 3670//4 3173//4
f 3669//6 3671//6 3670//6 3659//6
f 3210//1 3672//1 3673//1 3179//1
f 3179//4 3673//4 3660//4 3181//4
f 3672//6 3674//6 3660//6 3673//6
f 3675//2 3183//2 3662//2 3676//2
f 3212//3 3675//3 3676//3 3674//3
f 3212//5 3181//5 3183//5 3675//5
f 3677//1 3678//1 3669//1 3196//1
f 3677//3 3679//3 3680//3 3678//3
f 3677//5 3196//5 3198//5 3679//5
f 3198//4 3671//4 3681//4 3199//4
f 3679//5 3198//5 3199//5 3214//5
f 3680//6 3682//6 3681//6 3671//6
f 3216//2 3201//2 3683//2 3684//2
f 3199//4 3681//4 3683//4 3201//4
f 3682//6 3684//6 3683//6 3681//6
f 3228//1 3685//1 3686//1 3207//1
f 3207//4 3686//4 3687//4 3208//4
f 3685//6 3688//6 3687//6 3686//6
f 3208//4 3687//4 3672//4 3210//4
f 3230//5 3208//5 3210//5 3689//5
f 3688//6 3690//6 3672//6 3687//6
f 3691//2 3212//2 3674//2 3692//2
f 3689//3 3691//3 3692//3 3690//3
f 3689//5 3210//5 3212//5 3691//5
f 3697//1 3698//1 3680//1 3679//1
f 3697//3 3699//3 3700//3 3698//3
f 3697//5 3679//5 3214//5 3699//5
f 3699//3 3701//3 3702//3 3700//3
f 3699//5 3214//5 3216//5 3701//5
f 3216//4 3684//4 3703//4 3217//4
f 3701//5 3216//5 3217//5 3248//5
f 3702//6 3704//6 3703//6 3684//6
f 3250//2 3219//2 3705//2 3706//2
f 3217//4 3703//4 3705//4 3219//4
f 3704//6 3706//6 3705//6 3703//6
f 3272//1 3707//1 3708//1 3225//1
f 3225//4 3708//4 3709//4 3226//4
f 3707//6 3710//6 3709//6 3708//6
f 3226//4 3709//4 3685//4 3228//4
f 3274//5 3226//5 3228//5 3711//5
f 3710//6 3712//6 3685//6 3709//6
f 3711//3 3713//3 3714//3 3712//3
f 3711//5 3228//5 3230//5 3713//5
f 3715//2 3689//2 3690//2 3716//2
f 3713//3 3715//3 3716//3 3714//3
f 3713//5 3230//5 3689//5 3715//5
f 3719//1 3720//1 3702//1 3701//1
f 3719//3 3721//3 3722//3 3720//3
f 3719//5 3701//5 3248//5 3721//5
f 3721//3 3723//3 3724//3 3722//3
f 3721//5 3248//5 3250//5 3723//5
f 3250//4 3706//4 3725//4 3252//4
f 3723//5 3250//5 3252//5 3284//5
f 3724//6 3726//6 3725//6 3706//6
f 3252//4 3725//4 3727//4 3254//4
f 3726//6 3728//6 3727//6 3725//6
f 3254//4 3727//4 3729//4 3256//4
f 3728//6 3730//6 3729//6 3727//6
f 3256//4 3729//4 3731//4 3258//4
f 3730//6 3732//6 3731//6 3729//6
f 3292//2 3260//2 3733//2 3734//2
f 3258//4 3731//4 3733//4 3260//4
f 3732//6 3734//6 3733//6 3731//6
f 3294//1 3735//1 3736//1 3262//1
f 3262//4 3736//4 3737//4 3264//4
f 3735//6 3738//6 3737//6 3736//6
f 3264//4 3737//4 3739//4 3266//4
f 3738//6 3740//6 3739//6 3737//6
f 3266//4 3739//4 3741//4 3268//4
f 3740//6 3742//6 3741//6 3739//6
f 3268//4 3741//4 3743//4 3270//4
f 3742//6 3744//6 3743//6 3741//6
f 3270//4 3743//4 3707//4 3272//4
f 3302//5 3270//5 3272//5 3745//5
f 3744//6 3746//6 3707//6 3743//6
f 3745//3 3747//3 3748//3 3746//3
f 3745//5 3272//5 3274//5 3747//5
f 3749//2 3711//2 3712//2 3750//2
f 3747//3 3749//3 3750//3 3748//3
f 3747//5 3274//5 3711//5 3749//5
f 3751//1 3752//1 3724//1 3723//1
f 3751//3 3753//3 3754//3 3752//3
f 3751//5 3723//5 3284//5 3753//5
f 3753//3 3755//3 3756//3 3754//3
f 3753//5 3284//5 3286//5 3755//5
f 3755//3 3757//3 3758//3 3756//3
f 3755//5 3286//5 3288//5 3757//5
f 3757//3 3759//3 3760//3 3758//3
f 3757//5 3288//5 3290//5 3759//5
f 3758//6 3760//6 3732//6 3730//6
f 3759//3 3761//3 3762//3 3760//3
f 3759//5 3290//5 3292//5 3761//5
f 3760//6 3762//6 3734//6 3732//6
f 3292//4 3734//4 3735//4 3294//4
f 3761//5 3292//5 3294//5 3763//5
f 3762//6 3764//6 3735//6 3734//6
f 3763//3 3765//3 3766//3 3764//3
f 3763//5 3294//5 3296//5 3765//5
f 3764//6 3766//6 3738//6 3735//6
f 3765//3 3767//3 3768//3 3766//3
f 3765//5 3296//5 3298//5 3767//5
f 3766//6 3768//6 3740//6 3738//6
f 3767//3 3769//3 3770//3 3768//3
f 3767//5 3298//5 3300//5 3769//5
f 3769//3 3771//3 3772//3 3770//3
f 3769//5 3300//5 3302//5 3771//5
f 3773//2 3745//2 3746//2 3774//2
f 3771//3 3773//3 3774//3 3772//3
f 3771//5 3302//5 3745//5 3773//5
f 3775//1 3776//1 3762//1 3761//1
f 3777//2 3763//2 3764//2 3778//2
f 3775//3 3777//3 3778//3 3776//3
f 3775//5 3761//5 3763//5 3777//5
f 3599//2 3602//2 4017//2 4045//2
f 3606//1 4048//1 4040//1 3607//1
f 3609//5 3591//5 3590//5 4049//5
f 3619//3 3621//3 4057//3 4056//3
f 3619//5 3598//5 3599//5 3621//5
f 3622//2 3600//2 4058//2 4059//2
f 3599//4 4045//4 4058//4 3600//4
f 4057//6 4059//6 4058//6 4045//6
f 4064//1 4065//1 4057//1 3621//1
f 4064//3 3628//3 4066//3 4065//3
f 4064//5 3621//5 3622//5 3628//5
f 3630//2 3623//2 4067//2 4068//2
f 3622//4 4059//4 4067//4 3623//4
f 4066//6 4068//6 4067//6 4059//6
f 3640//1 4069//1 4060//1 3624//1
f 4069//6 4070//6 4071//6 4060//6
f 4076//1 4077//1 4066//1 3628//1
f 4076//3 3654//3 4078//3 4077//3
f 4076//5 3628//5 3630//5 3654//5
f 3656//2 3632//2 4079//2 4080//2
f 3630//4 4068//4 4079//4 3632//4
f 4078//6 4080//6 4079//6 4068//6
f 3664//1 4081//1 4082//1 3638//1
f 3638//4 4082//4 4069//4 3640//4
f 4081//6 4083//6 4069//6 4082//6
f 4084//2 3642//2 4070//2 4085//2
f 3666//3 4084//3 4085//3 4083//3
f 3666//5 3640//5 3642//5 4084//5
f 4086//1 4087//1 4078//1 3654//1
f 4086//3 4088//3 4089//3 4087//3
f 4086//5 3654//5 3656//5 4088//5
f 3656//4 4080//4 4090//4 3657//4
f 4088//5 3656//5 3657//5 3668//5
f 4089//6 4091//6 4090//6 4080//6
f 3669//2 3659//2 4092//2 4093//2
f 3657//4 4090//4 4092//4 3659//4
f 4091//6 4093//6 4092//6 4090//6
f 3674//1 4094//1 4095//1 3660//1
f 3660//4 4095//4 4096//4 3662//4
f 4094//6 4097//6 4096//6 4095//6
f 3662//4 4096//4 4081//4 3664//4
f 3676//5 3662//5 3664//5 4098//5
f 4097//6 4099//6 4081//6 4096//6
f 4100//2 3666//2 4083//2 4101//2
f 4098//3 4100//3 4101//3 4099//3
f 4098//5 3664//5 3666//5 4100//5
f 4102//1 4103//1 4089//1 4088//1
f 4102//3 4104//3 4105//3 4103//3
f 4102//5 4088//5 3668//5 4104//5
f 4104//3 3678//3 4106//3 4105//3
f 4104//5 3668//5 3669//5 3678//5
f 3680//2 3671//2 4107//2 4108//2
f 3669//4 4093//4 4107//4 3671//4
f 4106//6 4108//6 4107//6 4093//6
f 3690//1 4109//1 4110//1 3672//1
f 3672//4 4110//4 4094//4 3674//4
f 4109//6 4111//6 4094//6 4110//6
f 3692//3 4112//3 4113//3 4111//3
f 3692//5 3674//5 3676//5 4112//5
f 4114//2 4098//2 4099//2 4115//2
f 4112//3 4114//3 4115//3 4113//3
f 4112//5 3676//5 4098//5 4114//5
f 4116//1 4117//1 4106//1 3678//1
f 4116//3 3698//3 4118//3 4117//3
f 4116//5 3678//5 3680//5 3698//5
f 3680//4 4108//4 4119//4 3682//4
f 4118//6 4120//6 4119//6 4108//6
f 3702//2 3684//2 4121//2 4122//2
f 3682//4 4119//4 4121//4 3684//4
f 4120//6 4122//6 4121//6 4119//6
f 3712//1 4123//1 4124//1 3685//1
f 3685//4 4124//4 4125//4 3688//4
f 4123//6 4126//6 4125//6 4124//6
f 3688//4 4125//4 4109//4 3690//4
f 4126//6 4127//6 4109//6 4125//6
f 4128//2 3692//2 4111//2 4129//2
f 3716//3 4128//3 4129//3 4127//3
f 3716//5 3690//5 3692//5 4128//5
f 4130//1 4131//1 4118//1 3698//1
f 4130//3 4132//3 4133//3 4131//3
f 4130//5 3698//5 3700//5 4132//5
f 4132//3 3720//3 4134//3 4133//3
f 4132//5 3700//5 3702//5 3720//5
f 3702//4 4122//4 4135//4 3704//4
f 4134//6 4136//6 4135//6 4122//6
f 3724//2 3706//2 4137//2 4138//2
f 3704//4 4135//4 4137//4 3706//4
f 4136//6 4138//6 4137//6 4135//6
f 3746//1 4139//1 4140//1 3707//1
f 3707//4 4140//4 4141//4 3710//4
f 4139//6 4142//6 4141//6 4140//6
f 3710//4 4141//4 4123//4 3712//4
f 4142//6 4143//6 4123//6 4141//6
f 3750//3 4144//3 4145//3 4143//3
f 3750//5 3712//5 3714//5 4144//5
f 4146//2 3716//2 4127//2 4147//2
f 4144//3 4146//3 4147//3 4145//3
f 4144//5 3714//5 3716//5 4146//5
f 4148//1 4149//1 4134//1 3720//1
f 4148//3 4150//3 4151//3 4149//3
f 4148//5 3720//5 3722//5 4150//5
f 4150//3 3752//3 4152//3 4151//3
f 4150//5 3722//5 3724//5 3752//5
f 4151//6 4152//6 4138//6 4136//6
f 3724//4 4138//4 4153//4 3726//4
f 4152//6 4154//6 4153//6 4138//6
f 3726//4 4153//4 4155//4 3728//4
f 4154//6 4156//6 4155//6 4153//6
f 3758//2 3730//2 4157//2 4158//2
f 3728//4 4155//4 4157//4 3730//4
f 4156//6 4158//6 4157//6 4155//6
f 3768//1 4159//1 4160//1 3740//1
f 3740//4 4160//4 4161//4 3742//4
f 4159//6 4162//6 4161//6 4160//6
f 3742//4 4161//4 4163//4 3744//4
f 4162//6 4164//6 4163//6 4161//6
f 3744//4 4163//4 4139//4 3746//4
f 4164//6 4165//6 4139//6 4163//6
f 3774//3 4166//3 4167//3 4165//3
f 3774//5 3746//5 3748//5 4166//5
f 4165//6 4167//6 4142//6 4139//6
f 4168//2 3750//2 4143//2 4169//2
f 4166//3 4168//3 4169//3 4167//3
f 4166//5 3748//5 3750//5 4168//5
f 4170//1 4171//1 4152//1 3752//1
f 4170//3 4172//3 4173//3 4171//3
f 4170//5 3752//5 3754//5 4172//5
f 4172//3 4174//3 4175//3 4173//3
f 4172//5 3754//5 3756//5 4174//5
f 4174//3 4176//3 4177//3 4175//3
f 4174//5 3756//5 3758//5 4176//5
f 4175//6 4177//6 4158//6 4156//6
f 3758//4 4158//4 4178//4 3760//4
f 4176//5 3758//5 3760//5 4179//5
f 4177//6 4180//6 4178//6 4158//6
f 3760//4 4178//4 4181//4 3762//4
f 4179//5 3760//5 3762//5 3776//5
f 4180//6 4182//6 4181//6 4178//6
f 3762//4 4181//4 4183//4 3764//4
f 4182//6 4184//6 4183//6 4181//6
f 3764//4 4183//4 4185//4 3766//4
f 3778//5 3764//5 3766//5 4186//5
f 4184//6 4187//6 4185//6 4183//6
f 3766//4 4185//4 4159//4 3768//4
f 4186//5 3766//5 3768//5 4188//5
f 4187//6 4189//6 4159//6 4185//6
f 4188//3 4190//3 4191//3 4189//3
f 4188//5 3768//5 3770//5 4190//5
f 4189//6 4191//6 4162//6 4159//6
f 4190//3 4192//3 4193//3 4191//3
f 4190//5 3770//5 3772//5 4192//5
f 4194//2 3774//2 4165//2 4195//2
f 4192//3 4194//3 4195//3 4193//3
f 4192//5 3772//5 3774//5 4194//5
f 4196//1 4197//1 4177//1 4176//1
f 4196//3 4198//3 4199//3 4197//3
f 4196//5 4176//5 4179//5 4198//5
f 4198//3 4200//3 4201//3 4199//3
f 4198//5 4179//5 3776//5 4200//5
f 4200//3 4202//3 4203//3 4201//3
f 4200//5 3776//5 3778//5 4202//5
f 4202//3 4204//3 4205//3 4203//3
f 4202//5 3778//5 4186//5 4204//5
f 4206//2 4188//2 4189//2 4207//2
f 4204//3 4206//3 4207//3 4205//3
f 4204//5 4186//5 4188//5 4206//5
f 4434//6 4435//6 4436//6 4437//6
f 4051//2 4042//2 4425//2 4438//2
f 4063//3 4051//3 4438//3 4439//3
f 4054//1 4440//1 4427//1 4055//1
f 4054//3 4056//3 4441//3 4440//3
f 4057//2 4045//2 4428//2 4442//2
f 4441//6 4442//6 4428//6 4429//6
f 4062//2 4063//2 4439//2 4448//2
f 4075//3 4062//3 4448//3 4447//3
f 4449//1 4450//1 4441//1 4056//1
f 4449//3 4065//3 4451//3 4450//3
f 4449//5 4056//5 4057//5 4065//5
f 4066//2 4059//2 4452//2 4453//2
f 4057//4 4442//4 4452//4 4059//4
f 4451//6 4453//6 4452//6 4442//6
f 4070//1 4454//1 4444//1 4071//1
f 4454//6 4455//6 4446//6 4444//6
f 4073//2 4075//2 4447//2 4456//2
f 4072//3 4073//3 4456//3 4455//3
f 4457//1 4458//1 4451//1 4065//1
f 4457//3 4077//3 4459//3 4458//3
f 4457//5 4065//5 4066//5 4077//5
f 4078//2 4068//2 4460//2 4461//2
f 4066//4 4453//4 4460//4 4068//4
f 4459//6 4461//6 4460//6 4453//6
f 4083//1 4462//1 4463//1 4069//1
f 4069//4 4463//4 4454//4 4070//4
f 4462//6 4464//6 4454//6 4463//6
f 4465//2 4072//2 4455//2 4466//2
f 4085//3 4465//3 4466//3 4464//3
f 4085//5 4070//5 4072//5 4465//5
f 4467//1 4468//1 4459//1 4077//1
f 4467//3 4087//3 4469//3 4468//3
f 4467//5 4077//5 4078//5 4087//5
f 4089//2 4080//2 4470//2 4471//2
f 4078//4 4461//4 4470//4 4080//4
f 4469//6 4471//6 4470//6 4461//6
f 4099//1 4472//1 4473//1 4081//1
f 4081//4 4473//4 4462//4 4083//4
f 4472//6 4474//6 4462//6 4473//6
f 4475//2 4085//2 4464//2 4476//2
f 4101//3 4475//3 4476//3 4474//3
f 4101//5 4083//5 4085//5 4475//5
f 4477//1 4478//1 4469//1 4087//1
f 4477//3 4103//3 4479//3 4478//3
f 4477//5 4087//5 4089//5 4103//5
f 4089//4 4471//4 4480//4 4091//4
f 4479//6 4481//6 4480//6 4471//6
f 4106//2 4093//2 4482//2 4483//2
f 4091//4 4480//4 4482//4 4093//4
f 4481//6 4483//6 4482//6 4480//6
f 4111//1 4484//1 4485//1 4094//1
f 4094//4 4485//4 4486//4 4097//4
f 4484//6 4487//6 4486//6 4485//6
f 4097//4 4486//4 4472//4 4099//4
f 4487//6 4488//6 4472//6 4486//6
f 4489//2 4101//2 4474//2 4490//2
f 4115//3 4489//3 4490//3 4488//3
f 4115//5 4099//5 4101//5 4489//5
f 4491//1 4492//1 4479//1 4103//1
f 4491//3 4493//3 4494//3 4492//3
f 4491//5 4103//5 4105//5 4493//5
f 4493//3 4117//3 4495//3 4494//3
f 4493//5 4105//5 4106//5 4117//5
f 4118//2 4108//2 4496//2 4497//2
f 4106//4 4483//4 4496//4 4108//4
f 4495//6 4497//6 4496//6 4483//6
f 4127//1 4498//1 4499//1 4109//1
f 4109//4 4499//4 4484//4 4111//4
f 4498//6 4500//6 4484//6 4499//6
f 4129//3 4501//3 4502//3 4500//3
f 4129//5 4111//5 4113//5 4501//5
f 4503//2 4115//2 4488//2 4504//2
f 4501//3 4503//3 4504//3 4502//3
f 4501//5 4113//5 4115//5 4503//5
f 4505//1 4506//1 4495//1 4117//1
f 4505//3 4131//3 4507//3 4506//3
f 4505//5 4117//5 4118//5 4131//5
f 4118//4 4497//4 4508//4 4120//4
f 4507//6 4509//6 4508//6 4497//6
f 4134//2 4122//2 4510//2 4511//2
f 4120//4 4508//4 4510//4 4122//4
f 4509//6 4511//6 4510//6 4508//6
f 4143//1 4512//1 4513//1 4123//1
f 4123//4 4513//4 4514//4 4126//4
f 4512//6 4515//6 4514//6 4513//6
f 4126//4 4514//4 4498//4 4127//4
f 4515//6 4516//6 4498//6 4514//6
f 4517//2 4129//2 4500//2 4518//2
f 4147//3 4517//3 4518//3 4516//3
f 4147//5 4127//5 4129//5 4517//5
f 4519//1 4520//1 4507//1 4131//1
f 4519//3 4521//3 4522//3 4520//3
f 4519//5 4131//5 4133//5 4521//5
f 4521//3 4149//3 4523//3 4522//3
f 4521//5 4133//5 4134//5 4149//5
f 4522//6 4523//6 4511//6 4509//6
f 4151//2 4136//2 4524//2 4525//2
f 4134//4 4511//4 4524//4 4136//4
f 4523//6 4525//6 4524//6 4511//6
f 4167//1 4526//1 4527//1 4142//1
f 4142//4 4527//4 4512//4 4143//4
f 4526//6 4528//6 4512//6 4527//6
f 4169//3 4529//3 4530//3 4528//3
f 4169//5 4143//5 4145//5 4529//5
f 4528//6 4530//6 4515//6 4512//6
f 4531//2 4147//2 4516//2 4532//2
f 4529//3 4531//3 4532//3 4530//3
f 4529//5 4145//5 4147//5 4531//5
f 4533//1 4534//1 4523//1 4149//1
f 4533//3 4535//3 4536//3 4534//3
f 4533//5 4149//5 4151//5 4535//5
f 4151//4 4525//4 4537//4 4152//4
f 4535//5 4151//5 4152//5 4171//5
f 4536//6 4538//6 4537//6 4525//6
f 4152//4 4537//4 4539//4 4154//4
f 4538//6 4540//6 4539//6 4537//6
f 4175//2 4156//2 4541//2 4542//2
f 4154//4 4539//4 4541//4 4156//4
f 4540//6 4542//6 4541//6 4539//6
f 4191//1 4543//1 4544//1 4162//1
f 4162//4 4544//4 4545//4 4164//4
f 4543//6 4546//6 4545//6 4544//6
f 4164//4 4545//4 4547//4 4165//4
f 4546//6 4548//6 4547//6 4545//6
f 4165//4 4547//4 4526//4 4167//4
f 4195//5 4165//5 4167//5 4549//5
f 4548//6 4550//6 4526//6 4547//6
f 4551//2 4169//2 4528//2 4552//2
f 4549//3 4551//3 4552//3 4550//3
f 4549//5 4167//5 4169//5 4551//5
f 4553//1 4554//1 4536//1 4535//1
f 4553//3 4555//3 4556//3 4554//3
f 4553//5 4535//5 4171//5 4555//5
f 4555//3 4557//3 4558//3 4556//3
f 4555//5 4171//5 4173//5 4557//5
f 4557//3 4559//3 4560//3 4558//3
f 4557//5 4173//5 4175//5 4559//5
f 4175//4 4542//4 4561//4 4177//4
f 4559//5 4175//5 4177//5 4197//5
f 4560//6 4562//6 4561//6 4542//6
f 4177//4 4561//4 4563//4 4180//4
f 4562//6 4564//6 4563//6 4561//6
f 4180//4 4563//4 4565//4 4182//4
f 4564//6 4566//6 4565//6 4563//6
f 4182//4 4565//4 4567//4 4184//4
f 4566//6 4568//6 4567//6 4565//6
f 4184//4 4567//4 4569//4 4187//4
f 4568//6 4570//6 4569//6 4567//6
f 4187//4 4569//4 4571//4 4189//4
f 4570//6 4572//6 4571//6 4569//6
f 4189//4 4571//4 4543//4 4191//4
f 4207//5 4189//5 4191//5 4573//5
f 4572//6 4574//6 4543//6 4571//6
f 4573//3 4575//3 4576//3 4574//3
f 4573//5 4191//5 4193//5 4575//5
f 4575//3 4577//3 4578//3 4576//3
f 4575//5 4193//5 4195//5 4577//5
f 4579//2 4549//2 4550//2 4580//2
f 4577//3 4579//3 4580//3 4578//3
f 4577//5 4195//5 4549//5 4579//5
f 4581//1 4582//1 4560//1 4559//1
f 4581//3 4583//3 4584//3 4582//3
f 4581//5 4559//5 4197//5 4583//5
f 4583//3 4585//3 4586//3 4584//3
f 4583//5 4197//5 4199//5 4585//5
f 4585//3 4587//3 4588//3 4586//3
f 4585//5 4199//5 4201//5 4587//5
f 4587//3 4589//3 4590//3 4588//3
f 4587//5 4201//5 4203//5 4589//5
f 4589//3 4591//3 4592//3 4590//3
f 4589//5 4203//5 4205//5 4591//5
f 4591//3 4593//3 4594//3 4592//3
f 4591//5 4205//5 4207//5 4593//5
f 4595//2 4573//2 4574//2 4596//2
f 4593//3 4595//3 4596//3 4594//3
f 4593//5 4207//5 4573//5 4595//5
f 4426//1 4917//1 4897//1 4405//1
f 4426//3 4427//3 4918//3 4917//3
f 4429//2 4430//2 4899//2 4919//2
f 4918//6 4919//6 4899//6 4920//6
f 4435//1 4927//1 4912//1 4436//1
f 4927//6 4928//6 4929//6 4912//6
f 4438//2 4425//2 4916//2 4930//2
f 4439//3 4438//3 4930//3 4928//3
f 4440//1 4931//1 4918//1 4427//1
f 4441//2 4429//2 4919//2 4932//2
f 4447//1 4933//1 4927//1 4435//1
f 4448//2 4439//2 4928//2 4934//2
f 4935//1 4936//1 4931//1 4440//1
f 4935//3 4450//3 4937//3 4936//3
f 4935//5 4440//5 4441//5 4450//5
f 4451//2 4442//2 4938//2 4939//2
f 4441//4 4932//4 4938//4 4442//4
f 4937//6 4939//6 4938//6 4932//6
f 4455//1 4940//1 4941//1 4446//1
f 4446//4 4941//4 4933//4 4447//4
f 4940//6 4942//6 4933//6 4941//6
f 4943//2 4448//2 4934//2 4944//2
f 4456//3 4943//3 4944//3 4942//3
f 4456//5 4447//5 4448//5 4943//5
f 4945//1 4946//1 4937//1 4450//1
f 4945//3 4458//3 4947//3 4946//3
f 4945//5 4450//5 4451//5 4458//5
f 4459//2 4453//2 4948//2 4949//2
f 4451//4 4939//4 4948//4 4453//4
f 4947//6 4949//6 4948//6 4939//6
f 4464//1 4950//1 4951//1 4454//1
f 4454//4 4951//4 4940//4 4455//4
f 4950//6 4952//6 4940//6 4951//6
f 4953//2 4456//2 4942//2 4954//2
f 4466//3 4953//3 4954//3 4952//3
f 4466//5 4455//5 4456//5 4953//5
f 4955//1 4956//1 4947//1 4458//1
f 4955//3 4468//3 4957//3 4956//3
f 4955//5 4458//5 4459//5 4468//5
f 4469//2 4461//2 4958//2 4959//2
f 4459//4 4949//4 4958//4 4461//4
f 4957//6 4959//6 4958//6 4949//6
f 4474//1 4960//1 4961//1 4462//1
f 4462//4 4961//4 4950//4 4464//4
f 4960//6 4962//6 4950//6 4961//6
f 4963//2 4466//2 4952//2 4964//2
f 4476//3 4963//3 4964//3 4962//3
f 4476//5 4464//5 4466//5 4963//5
f 4965//1 4966//1 4957//1 4468//1
f 4965//3 4478//3 4967//3 4966//3
f 4965//5 4468//5 4469//5 4478//5
f 4479//2 4471//2 4968//2 4969//2
f 4469//4 4959//4 4968//4 4471//4
f 4967//6 4969//6 4968//6 4959//6
f 4488//1 4970//1 4971//1 4472//1
f 4472//4 4971//4 4960//4 4474//4
f 4970//6 4972//6 4960//6 4971//6
f 4973//2 4476//2 4962//2 4974//2
f 4490//3 4973//3 4974//3 4972//3
f 4490//5 4474//5 4476//5 4973//5
f 4975//1 4976//1 4967//1 4478//1
f 4975//3 4492//3 4977//3 4976//3
f 4975//5 4478//5 4479//5 4492//5
f 4479//4 4969//4 4978//4 4481//4
f 4495//2 4483//2 4979//2 4980//2
f 4481//4 4978//4 4979//4 4483//4
f 4981//6 4980//6 4979//6 4978//6
f 4500//1 4982//1 4983//1 4484//1
f 4484//4 4983//4 4984//4 4487//4
f 4982//6 4985//6 4984//6 4983//6
f 4487//4 4984//4 4970//4 4488//4
f 4986//2 4490//2 4972//2 4987//2
f 4504//3 4986//3 4987//3 4988//3
f 4504//5 4488//5 4490//5 4986//5
f 4989//1 4990//1 4977//1 4492//1
f 4989//3 4991//3 4992//3 4990//3
f 4989//5 4492//5 4494//5 4991//5
f 4991//3 4506//3 4993//3 4992//3
f 4991//5 4494//5 4495//5 4506//5
f 4507//2 4497//2 4994//2 4995//2
f 4495//4 4980//4 4994//4 4497//4
f 4993//6 4995//6 4994//6 4980//6
f 4516//1 4996//1 4997//1 4498//1
f 4498//4 4997//4 4982//4 4500//4
f 4996//6 4998//6 4982//6 4997//6
f 4518//3 4999//3 5000//3 4998//3
f 4518//5 4500//5 4502//5 4999//5
f 5001//2 4504//2 4988//2 5002//2
f 4999//3 5001//3 5002//3 5000//3
f 4999//5 4502//5 4504//5 5001//5
f 5003//1 5004//1 4993//1 4506//1
f 5003//3 4520//3 5005//3 5004//3
f 5003//5 4506//5 4507//5 4520//5
f 4522//2 4509//2 5006//2 5007//2
f 4507//4 4995//4 5006//4 4509//4
f 5005//6 5007//6 5006//6 4995//6
f 4530//1 5008//1 5009//1 4515//1
f 4515//4 5009//4 4996//4 4516//4
f 5008//6 5010//6 4996//6 5009//6
f 5011//2 4518//2 4998//2 5012//2
f 4532//3 5011//3 5012//3 5010//3
f 4532//5 4516//5 4518//5 5011//5
f 5013//1 5014//1 5005//1 4520//1
f 5013//3 5015//3 5016//3 5014//3
f 5013//5 4520//5 4522//5 5015//5
f 4522//4 5007//4 5017//4 4523//4
f 5015//5 4522//5 4523//5 4534//5
f 4536//2 4525//2 5018//2 5019//2
f 4523//4 5017//4 5018//4 4525//4
f 5020//6 5019//6 5018//6 5017//6
f 4550//1 5021//1 5022//1 4526//1
f 4526//4 5022//4 5023//4 4528//4
f 5021//6 5024//6 5023//6 5022//6
f 4528//4 5023//4 5008//4 4530//4
f 4552//5 4528//5 4530//5 5025//5
f 5026//2 4532//2 5010//2 5027//2
f 5025//3 5026//3 5027//3 5028//3
f 5025//5 4530//5 4532//5 5026//5
f 5029//1 5030//1 5016//1 5015//1
f 5029//3 5031//3 5032//3 5030//3
f 5029//5 5015//5 4534//5 5031//5
f 5031//3 4554//3 5033//3 5032//3
f 5031//5 4534//5 4536//5 4554//5
f 4536//4 5019//4 5034//4 4538//4
f 5033//6 5035//6 5034//6 5019//6
f 4538//4 5034//4 5036//4 4540//4
f 5035//6 5037//6 5036//6 5034//6
f 4560//2 4542//2 5038//2 5039//2
f 4540//4 5036//4 5038//4 4542//4
f 5037//6 5039//6 5038//6 5036//6
f 4574//1 5040//1 5041//1 4543//1
f 4543//4 5041//4 5042//4 4546//4
f 5040//6 5043//6 5042//6 5041//6
f 4546//4 5042//4 5044//4 4548//4
f 5043//6 5045//6 5044//6 5042//6
f 4548//4 5044//4 5021//4 4550//4
f 5045//6 5046//6 5021//6 5044//6
f 4580//3 5047//3 5048//3 5046//3
f 4580//5 4550//5 4552//5 5047//5
f 5049//2 5025//2 5028//2 5050//2
f 5047//3 5049//3 5050//3 5048//3
f 5047//5 4552//5 5025//5 5049//5
f 5051//1 5052//1 5033//1 4554//1
f 5051//3 5053//3 5054//3 5052//3
f 5051//5 4554//5 4556//5 5053//5
f 5053//3 5055//3 5056//3 5054//3
f 5053//5 4556//5 4558//5 5055//5
f 5055//3 4582//3 5057//3 5056//3
f 5055//5 4558//5 4560//5 4582//5
f 4560//4 5039//4 5058//4 4562//4
f 5057//6 5059//6 5058//6 5039//6
f 4562//4 5058//4 5060//4 4564//4
f 5059//6 5061//6 5060//6 5058//6
f 4564//4 5060//4 5062//4 4566//4
f 5061//6 5063//6 5062//6 5060//6
f 4566//4 5062//4 5064//4 4568//4
f 5063//6 5065//6 5064//6 5062//6
f 4568//4 5064//4 5066//4 4570//4
f 5065//6 5067//6 5066//6 5064//6
f 4570//4 5066//4 5068//4 4572//4
f 5067//6 5069//6 5068//6 5066//6
f 4572//4 5068//4 5040//4 4574//4
f 5069//6 5070//6 5040//6 5068//6
f 4596//3 5071//3 5072//3 5070//3
f 4596//5 4574//5 4576//5 5071//5
f 5071//3 5073//3 5074//3 5072//3
f 5071//5 4576//5 4578//5 5073//5
f 5075//2 4580//2 5046//2 5076//2
f 5073//3 5075//3 5076//3 5074//3
f 5073//5 4578//5 4580//5 5075//5
f 5077//1 5078//1 5057//1 4582//1
f 5077//3 5079//3 5080//3 5078//3
f 5077//5 4582//5 4584//5 5079//5
f 5079//3 5081//3 5082//3 5080//3
f 5079//5 4584//5 4586//5 5081//5
f 5081//3 5083//3 5084//3 5082//3
f 5081//5 4586//5 4588//5 5083//5
f 5083//3 5085//3 5086//3 5084//3
f 5083//5 4588//5 4590//5 5085//5
f 5085//3 5087//3 5088//3 5086//3
f 5085//5 4590//5 4592//5 5087//5
f 5087//3 5089//3 5090//3 5088//3
f 5087//5 4592//5 4594//5 5089//5
f 5091//2 4596//2 5070//2 5092//2
f 5089//3 5091//3 5092//3 5090//3
f 5089//5 4594//5 4596//5 5091//5
f 5613//1 5614//1 5591//1 4896//1
f 5613//3 4917//3 5615//3 5614//3
f 5613//5 4896//5 4897//5 4917//5
f 4918//2 4920//2 5593//2 5616//2
f 5615//6 5616//6 5593//6 5617//6
f 4928//1 5618//1 5609//1 4929//1
f 5618//6 5619//6 5620//6 5609//6
f 5621//2 4915//2 5612//2 5622//2
f 4930//3 5621//3 5622//3 5619//3
f 4930//5 4916//5 4915//5 5621//5
f 5623//1 5624//1 5615//1 4917//1
f 5623//3 4931//3 5625//3 5624//3
f 5623//5 4917//5 4918//5 4931//5
f 4932//2 4919//2 5626//2 5627//2
f 4918//4 5616//4 5626//4 4919//4
f 5625//6 5627//6 5626//6 5616//6
f 4933//1 5628//1 5629//1 4927//1
f 4927//4 5629//4 5618//4 4928//4
f 5628//6 5630//6 5618//6 5629//6
f 5631//2 4930//2 5619//2 5632//2
f 4934//3 5631//3 5632//3 5630//3
f 4934//5 4928//5 4930//5 5631//5
f 4936//1 5633//1 5625//1 4931//1
f 4937//2 4932//2 5627//2 5634//2
f 4936//3 4937//3 5634//3 5633//3
f 4942//1 5635//1 5628//1 4933//1
f 4944//2 4934//2 5630//2 5636//2
f 4942//3 4944//3 5636//3 5635//3
f 4946//1 5637//1 5634//1 4937//1
f 4947//2 4939//2 5638//2 5639//2
f 4937//4 5634//4 5638//4 4939//4
f 4952//1 5640//1 5641//1 4940//1
f 4954//2 4942//2 5635//2 5642//2
f 4940//4 5641//4 5635//4 4942//4
f 5643//1 5644//1 5637//1 4946//1
f 5643//3 4956//3 5645//3 5644//3
f 5643//5 4946//5 4947//5 4956//5
f 4957//2 4949//2 5646//2 5647//2
f 4947//4 5639//4 5646//4 4949//4
f 4962//1 5648//1 5649//1 4950//1
f 4950//4 5649//4 5640//4 4952//4
f 5650//2 4954//2 5642//2 5651//2
f 4964//3 5650//3 5651//3 5652//3
f 4964//5 4952//5 4954//5 5650//5
f 5653//1 5654//1 5645//1 4956//1
f 5653//3 4966//3 5655//3 5654//3
f 5653//5 4956//5 4957//5 4966//5
f 4967//2 4959//2 5656//2 5657//2
f 4957//4 5647//4 5656//4 4959//4
f 4972//1 5658//1 5659//1 4960//1
f 4960//4 5659//4 5648//4 4962//4
f 5660//2 4964//2 5652//2 5661//2
f 4974//3 5660//3 5661//3 5662//3
f 4974//5 4962//5 4964//5 5660//5
f 5663//1 5664//1 5655//1 4966//1
f 5663//3 4976//3 5665//3 5664//3
f 5663//5 4966//5 4967//5 4976//5
f 4967//4 5657//4 5666//4 4969//4
f 4981//2 4978//2 5667//2 5668//2
f 4969//4 5666//4 5667//4 4978//4
f 5669//6 5668//6 5667//6 5666//6
f 4985//1 5670//1 5671//1 4984//1
f 4984//4 5671//4 5672//4 4970//4
f 5670//6 5673//6 5672//6 5671//6
f 4970//4 5672//4 5658//4 4972//4
f 5674//2 4974//2 5662//2 5675//2
f 4987//3 5674//3 5675//3 5676//3
f 4987//5 4972//5 4974//5 5674//5
f 5677//1 5678//1 5665//1 4976//1
f 5677//3 4990//3 5679//3 5678//3
f 5677//5 4976//5 4977//5 4990//5
f 4990//3 4992//3 5680//3 5679//3
f 4993//2 4980//2 5681//2 5682//2
f 4981//4 5668//4 5681//4 4980//4
f 5680//6 5682//6 5681//6 5668//6
f 4998//1 5683//1 5684//1 4982//1
f 4982//4 5684//4 5670//4 4985//4
f 5683//6 5685//6 5670//6 5684//6
f 5000//3 5002//3 5686//3 5685//3
f 5687//2 4987//2 5676//2 5688//2
f 5002//3 5687//3 5688//3 5686//3
f 5002//5 4988//5 4987//5 5687//5
f 5689//1 5690//1 5680//1 4992//1
f 5689//3 5004//3 5691//3 5690//3
f 5689//5 4992//5 4993//5 5004//5
f 5005//2 4995//2 5692//2 5693//2
f 4993//4 5682//4 5692//4 4995//4
f 5691//6 5693//6 5692//6 5682//6
f 5010//1 5694//1 5695//1 4996//1
f 4996//4 5695//4 5683//4 4998//4
f 5694//6 5696//6 5683//6 5695//6
f 5697//2 5000//2 5685//2 5698//2
f 5012//3 5697//3 5698//3 5696//3
f 5012//5 4998//5 5000//5 5697//5
f 5699//1 5700//1 5691//1 5004//1
f 5699//3 5014//3 5701//3 5700//3
f 5699//5 5004//5 5005//5 5014//5
f 5005//4 5693//4 5702//4 5007//4
f 5701//6 5703//6 5702//6 5693//6
f 5020//2 5017//2 5704//2 5705//2
f 5007//4 5702//4 5704//4 5017//4
f 5703//6 5705//6 5704//6 5702//6
f 5024//1 5706//1 5707//1 5023//1
f 5023//4 5707//4 5708//4 5008//4
f 5706//6 5709//6 5708//6 5707//6
f 5008//4 5708//4 5694//4 5010//4
f 5709//6 5710//6 5694//6 5708//6
f 5711//2 5012//2 5696//2 5712//2
f 5027//3 5711//3 5712//3 5710//3
f 5027//5 5010//5 5012//5 5711//5
f 5713//1 5714//1 5701//1 5014//1
f 5713//3 5030//3 5715//3 5714//3
f 5713//5 5014//5 5016//5 5030//5
f 5030//3 5032//3 5716//3 5715//3
f 5033//2 5019//2 5717//2 5718//2
f 5020//4 5705//4 5717//4 5019//4
f 5716//6 5718//6 5717//6 5705//6
f 5046//1 5719//1 5720//1 5021//1
f 5021//4 5720//4 5706//4 5024//4
f 5719//6 5721//6 5706//6 5720//6
f 5048//3 5050//3 5722//3 5721//3
f 5723//2 5027//2 5710//2 5724//2
f 5050//3 5723//3 5724//3 5722//3
f 5050//5 5028//5 5027//5 5723//5
f 5725//1 5726//1 5716//1 5032//1
f 5725//3 5052//3 5727//3 5726//3
f 5725//5 5032//5 5033//5 5052//5
f 5033//4 5718//4 5728//4 5035//4
f 5727//6 5729//6 5728//6 5718//6
f 5035//4 5728//4 5730//4 5037//4
f 5729//6 5731//6 5730//6 5728//6
f 5057//2 5039//2 5732//2 5733//2
f 5037//4 5730//4 5732//4 5039//4
f 5731//6 5733//6 5732//6 5730//6
f 5070//1 5734//1 5735//1 5040//1
f 5040//4 5735//4 5736//4 5043//4
f 5734//6 5737//6 5736//6 5735//6
f 5043//4 5736//4 5738//4 5045//4
f 5737//6 5739//6 5738//6 5736//6
f 5045//4 5738//4 5719//4 5046//4
f 5739//6 5740//6 5719//6 5738//6
f 5741//2 5048//2 5721//2 5742//2
f 5076//3 5741//3 5742//3 5740//3
f 5076//5 5046//5 5048//5 5741//5
f 5743//1 5744//1 5727//1 5052//1
f 5743//3 5745//3 5746//3 5744//3
f 5743//5 5052//5 5054//5 5745//5
f 5745//3 5747//3 5748//3 5746//3
f 5745//5 5054//5 5056//5 5747//5
f 5747//3 5078//3 5749//3 5748//3
f 5747//5 5056//5 5057//5 5078//5
f 5057//4 5733//4 5750//4 5059//4
f 5749//6 5751//6 5750//6 5733//6
f 5059//4 5750//4 5752//4 5061//4
f 5751//6 5753//6 5752//6 5750//6
f 5061//4 5752//4 5754//4 5063//4
f 5753//6 5755//6 5754//6 5752//6
f 5063//4 5754//4 5756//4 5065//4
f 5755//6 5757//6 5756//6 5754//6
f 5065//4 5756//4 5758//4 5067//4
f 5757//6 5759//6 5758//6 5756//6
f 5067//4 5758//4 5760//4 5069//4
f 5759//6 5761//6 5760//6 5758//6
f 5069//4 5760//4 5734//4 5070//4
f 5761//6 5762//6 5734//6 5760//6
f 5092//3 5763//3 5764//3 5762//3
f 5092//5 5070//5 5072//5 5763//5
f 5763//3 5765//3 5766//3 5764//3
f 5763//5 5072//5 5074//5 5765//5
f 5767//2 5076//2 5740//2 5768//2
f 5765//3 5767//3 5768//3 5766//3
f 5765//5 5074//5 5076//5 5767//5
f 5769//1 5770//1 5749//1 5078//1
f 5769//3 5771//3 5772//3 5770//3
f 5769//5 5078//5 5080//5 5771//5
f 5771//3 5773//3 5774//3 5772//3
f 5771//5 5080//5 5082//5 5773//5
f 5773//3 5775//3 5776//3 5774//3
f 5773//5 5082//5 5084//5 5775//5
f 5775//3 5777//3 5778//3 5776//3
f 5775//5 5084//5 5086//5 5777//5
f 5777//3 5779//3 5780//3 5778//3
f 5777//5 5086//5 5088//5 5779//5
f 5779//3 5781//3 5782//3 5780//3
f 5779//5 5088//5 5090//5 5781//5
f 5783//2 5092//2 5762//2 5784//2
f 5781//3 5783//3 5784//3 5782//3
f 5781//5 5090//5 5092//5 5783//5
f 6029//1 6030//1 6009//1 5590//1
f 6029//3 5614//3 6031//3 6030//3
f 6029//5 5590//5 5591//5 5614//5
f 5615//2 5617//2 6011//2 6032//2
f 5619//1 6033//1 6027//1 5620//1
f 6034//2 5611//2 6028//2 6035//2
f 5622//3 6034//3 6035//3 6036//3
f 5622//5 5612//5 5611//5 6034//5
f 6037//1 6038//1 6031//1 5614//1
f 6037//3 5624//3 6039//3 6038//3
f 6037//5 5614//5 5615//5 5624//5
f 5625//2 5616//2 6040//2 6041//2
f 5615//4 6032//4 6040//4 5616//4
f 6039//6 6041//6 6040//6 6032//6
f 5630//1 6042//1 6043//1 5618//1
f 5618//4 6043//4 6033//4 5619//4
f 6042//6 6044//6 6033//6 6043//6
f 6045//2 5622//2 6036//2 6046//2
f 5632//3 6045//3 6046//3 6044//3
f 5632//5 5619//5 5622//5 6045//5
f 6047//1 6048//1 6039//1 5624//1
f 6047//3 5633//3 6049//3 6048//3
f 6047//5 5624//5 5625//5 5633//5
f 5634//2 5627//2 6050//2 6051//2
f 5625//4 6041//4 6050//4 5627//4
f 6049//6 6051//6 6050//6 6041//6
f 5635//1 6052//1 6053//1 5628//1
f 5628//4 6053//4 6042//4 5630//4
f 6052//6 6054//6 6042//6 6053//6
f 6055//2 5632//2 6044//2 6056//2
f 5636//3 6055//3 6056//3 6054//3
f 5636//5 5630//5 5632//5 6055//5
f 6057//1 6058//1 6049//1 5633//1
f 6057//3 5637//3 6059//3 6058//3
f 6057//5 5633//5 5634//5 5637//5
f 5639//2 5638//2 6060//2 6061//2
f 5634//4 6051//4 6060//4 5638//4
f 6059//6 6061//6 6060//6 6051//6
f 5640//1 6062//1 6063//1 5641//1
f 5641//4 6063//4 6052//4 5635//4
f 6062//6 6064//6 6052//6 6063//6
f 6065//2 5636//2 6054//2 6066//2
f 5642//3 6065//3 6066//3 6064//3
f 5642//5 5635//5 5636//5 6065//5
f 5644//1 6067//1 6059//1 5637//1
f 5644//3 5645//3 6068//3 6067//3
f 5647//2 5646//2 6069//2 6070//2
f 5639//4 6061//4 6069//4 5646//4
f 6068//6 6070//6 6069//6 6061//6
f 5648//1 6071//1 6072//1 5649//1
f 5649//4 6072//4 6062//4 5640//4
f 6071//6 6073//6 6062//6 6072//6
f 5651//2 5642//2 6064//2 6074//2
f 5652//3 5651//3 6074//3 6073//3
f 5654//1 6075//1 6068//1 5645//1
f 5654//3 5655//3 6076//3 6075//3
f 5657//2 5656//2 6077//2 6078//2
f 5647//4 6070//4 6077//4 5656//4
f 6076//6 6078//6 6077//6 6070//6
f 5658//1 6079//1 6080//1 5659//1
f 5659//4 6080//4 6071//4 5648//4
f 6079//6 6081//6 6071//6 6080//6
f 5661//2 5652//2 6073//2 6082//2
f 5662//3 5661//3 6082//3 6081//3
f 5664//1 6083//1 6076//1 5655//1
f 5664//3 5665//3 6084//3 6083//3
f 5669//2 5666//2 6085//2 6086//2
f 5657//4 6078//4 6085//4 5666//4
f 6084//6 6086//6 6085//6 6078//6
f 5673//1 6087//1 6088//1 5672//1
f 5672//4 6088//4 6079//4 5658//4
f 6087//6 6089//6 6079//6 6088//6
f 5675//2 5662//2 6081//2 6090//2
f 5676//3 5675//3 6090//3 6089//3
f 5678//1 6091//1 6084//1 5665//1
f 5678//3 5679//3 6092//3 6091//3
f 5680//2 5668//2 6093//2 6094//2
f 5669//4 6086//4 6093//4 5668//4
f 6092//6 6094//6 6093//6 6086//6
f 5685//1 6095//1 6096//1 5670//1
f 5670//4 6096//4 6087//4 5673//4
f 6095//6 6097//6 6087//6 6096//6
f 5688//2 5676//2 6089//2 6098//2
f 5686//3 5688//3 6098//3 6097//3
f 6099//1 6100//1 6092//1 5679//1
f 6099//3 5690//3 6101//3 6100//3
f 6099//5 5679//5 5680//5 5690//5
f 5691//2 5682//2 6102//2 6103//2
f 5680//4 6094//4 6102//4 5682//4
f 6101//6 6103//6 6102//6 6094//6
f 5696//1 6104//1 6105//1 5683//1
f 5683//4 6105//4 6095//4 5685//4
f 6104//6 6106//6 6095//6 6105//6
f 6107//2 5686//2 6097//2 6108//2
f 5698//3 6107//3 6108//3 6106//3
f 5698//5 5685//5 5686//5 6107//5
f 6109//1 6110//1 6101//1 5690//1
f 6109//3 5700//3 6111//3 6110//3
f 6109//5 5690//5 5691//5 5700//5
f 5701//2 5693//2 6112//2 6113//2
f 5691//4 6103//4 6112//4 5693//4
f 6111//6 6113//6 6112//6 6103//6
f 5710//1 6114//1 6115//1 5694//1
f 5694//4 6115//4 6104//4 5696//4
f 6114//6 6116//6 6104//6 6115//6
f 6117//2 5698//2 6106//2 6118//2
f 5712//3 6117//3 6118//3 6116//3
f 5712//5 5696//5 5698//5 6117//5
f 6119//1 6120//1 6111//1 5700//1
f 6119//3 5714//3 6121//3 6120//3
f 6119//5 5700//5 5701//5 5714//5
f 5701//4 6113//4 6122//4 5703//4
f 6121//6 6123//6 6122//6 6113//6
f 5716//2 5705//2 6124//2 6125//2
f 5703//4 6122//4 6124//4 5705//4
f 6123//6 6125//6 6124//6 6122//6
f 5721//1 6126//1 6127//1 5706//1
f 5706//4 6127//4 6128//4 5709//4
f 6126//6 6129//6 6128//6 6127//6
f 5709//4 6128//4 6114//4 5710//4
f 6129//6 6130//6 6114//6 6128//6
f 6131//2 5712//2 6116//2 6132//2
f 5724//3 6131//3 6132//3 6130//3
f 5724//5 5710//5 5712//5 6131//5
f 6133//1 6134//1 6121//1 5714//1
f 6133//3 6135//3 6136//3 6134//3
f 6133//5 5714//5 5715//5 6135//5
f 6135//3 5726//3 6137//3 6136//3
f 6135//5 5715//5 5716//5 5726//5
f 5727//2 5718//2 6138//2 6139//2
f 5716//4 6125//4 6138//4 5718//4
f 6137//6 6139//6 6138//6 6125//6
f 5740//1 6140//1 6141//1 5719//1
f 5719//4 6141//4 6126//4 5721//4
f 6140//6 6142//6 6126//6 6141//6
f 5742//3 6143//3 6144//3 6142//3
f 5742//5 5721//5 5722//5 6143//5
f 6145//2 5724//2 6130//2 6146//2
f 6143//3 6145//3 6146//3 6144//3
f 6143//5 5722//5 5724//5 6145//5
f 6147//1 6148//1 6137//1 5726//1
f 6147//3 5744//3 6149//3 6148//3
f 6147//5 5726//5 5727//5 5744//5
f 5727//4 6139//4 6150//4 5729//4
f 5729//4 6150//4 6151//4 5731//4
f 6152//6 6153//6 6151//6 6150//6
f 5749//2 5733//2 6154//2 6155//2
f 5731//4 6151//4 6154//4 5733//4
f 6153//6 6155//6 6154//6 6151//6
f 5762//1 6156//1 6157//1 5734//1
f 5734//4 6157//4 6158//4 5737//4
f 6156//6 6159//6 6158//6 6157//6
f 5737//4 6158//4 6160//4 5739//4
f 6159//6 6161//6 6160//6 6158//6
f 5739//4 6160//4 6140//4 5740//4
f 6162//2 5742//2 6142//2 6163//2
f 5768//3 6162//3 6163//3 6164//3
f 5768//5 5740//5 5742//5 6162//5
f 6165//1 6166//1 6149//1 5744//1
f 6165//3 6167//3 6168//3 6166//3
f 6165//5 5744//5 5746//5 6167//5
f 6167//3 6169//3 6170//3 6168//3
f 6167//5 5746//5 5748//5 6169//5
f 6169//3 5770//3 6171//3 6170//3
f 6169//5 5748//5 5749//5 5770//5
f 5749//4 6155//4 6172//4 5751//4
f 6171//6 6173//6 6172//6 6155//6
f 5751//4 6172//4 6174//4 5753//4
f 6173//6 6175//6 6174//6 6172//6
f 5753//4 6174//4 6176//4 5755//4
f 6175//6 6177//6 6176//6 6174//6
f 5755//4 6176//4 6178//4 5757//4
f 6177//6 6179//6 6178//6 6176//6
f 5757//4 6178//4 6180//4 5759//4
f 6179//6 6181//6 6180//6 6178//6
f 5759//4 6180//4 6182//4 5761//4
f 6181//6 6183//6 6182//6 6180//6
f 5761//4 6182//4 6156//4 5762//4
f 6183//6 6184//6 6156//6 6182//6
f 5784//3 6185//3 6186//3 6184//3
f 5784//5 5762//5 5764//5 6185//5
f 6185//3 6187//3 6188//3 6186//3
f 6185//5 5764//5 5766//5 6187//5
f 6189//2 5768//2 6164//2 6190//2
f 6187//3 6189//3 6190//3 6188//3
f 6187//5 5766//5 5768//5 6189//5
f 6191//1 6192//1 6171//1 5770//1
f 6191//3 6193//3 6194//3 6192//3
f 6191//5 5770//5 5772//5 6193//5
f 6193//3 6195//3 6196//3 6194//3
f 6193//5 5772//5 5774//5 6195//5
f 6195//3 6197//3 6198//3 6196//3
f 6195//5 5774//5 5776//5 6197//5
f 6197//3 6199//3 6200//3 6198//3
f 6197//5 5776//5 5778//5 6199//5
f 6199//3 6201//3 6202//3 6200//3
f 6199//5 5778//5 5780//5 6201//5
f 6201//3 6203//3 6204//3 6202//3
f 6201//5 5780//5 5782//5 6203//5
f 6205//2 5784//2 6184//2 6206//2
f 6203//3 6205//3 6206//3 6204//3
f 6203//5 5782//5 5784//5 6205//5
f 6030//1 6875//1 6855//1 6009//1
f 6030//3 6031//3 6876//3 6875//3
f 6032//2 6011//2 6857//2 6877//2
f 6876//6 6877//6 6857//6 6878//6
f 6033//1 6879//1 6871//1 6027//1
f 6879//6 6880//6 6881//6 6871//6
f 6035//2 6028//2 6874//2 6882//2
f 6036//3 6035//3 6882//3 6880//3
f 6038//1 6883//1 6876//1 6031//1
f 6039//2 6032//2 6877//2 6884//2
f 6038//3 6039//3 6884//3 6883//3
f 6044//1 6885//1 6879//1 6033//1
f 6046//2 6036//2 6880//2 6886//2
f 6044//3 6046//3 6886//3 6885//3
f 6048//1 6887//1 6884//1 6039//1
f 6049//2 6041//2 6888//2 6889//2
f 6039//4 6884//4 6888//4 6041//4
f 6054//1 6890//1 6891//1 6042//1
f 6056//2 6044//2 6885//2 6892//2
f 6042//4 6891//4 6885//4 6044//4
f 6893//1 6894//1 6887//1 6048//1
f 6893//3 6058//3 6895//3 6894//3
f 6893//5 6048//5 6049//5 6058//5
f 6059//2 6051//2 6896//2 6897//2
f 6049//4 6889//4 6896//4 6051//4
f 6064//1 6898//1 6899//1 6052//1
f 6052//4 6899//4 6890//4 6054//4
f 6900//2 6056//2 6892//2 6901//2
f 6066//3 6900//3 6901//3 6902//3
f 6066//5 6054//5 6056//5 6900//5
f 6903//1 6904//1 6895//1 6058//1
f 6903//3 6067//3 6905//3 6904//3
f 6903//5 6058//5 6059//5 6067//5
f 6068//2 6061//2 6906//2 6907//2
f 6059//4 6897//4 6906//4 6061//4
f 6905//6 6907//6 6906//6 6897//6
f 6073//1 6908//1 6909//1 6062//1
f 6062//4 6909//4 6898//4 6064//4
f 6908//6 6910//6 6898//6 6909//6
f 6911//2 6066//2 6902//2 6912//2
f 6074//3 6911//3 6912//3 6910//3
f 6074//5 6064//5 6066//5 6911//5
f 6913//1 6914//1 6905//1 6067//1
f 6913//3 6075//3 6915//3 6914//3
f 6913//5 6067//5 6068//5 6075//5
f 6076//2 6070//2 6916//2 6917//2
f 6068//4 6907//4 6916//4 6070//4
f 6915//6 6917//6 6916//6 6907//6
f 6081//1 6918//1 6919//1 6071//1
f 6071//4 6919//4 6908//4 6073//4
f 6918//6 6920//6 6908//6 6919//6
f 6921//2 6074//2 6910//2 6922//2
f 6082//3 6921//3 6922//3 6920//3
f 6082//5 6073//5 6074//5 6921//5
f 6923//1 6924//1 6915//1 6075//1
f 6923//3 6083//3 6925//3 6924//3
f 6923//5 6075//5 6076//5 6083//5
f 6084//2 6078//2 6926//2 6927//2
f 6076//4 6917//4 6926//4 6078//4
f 6925//6 6927//6 6926//6 6917//6
f 6089//1 6928//1 6929//1 6079//1
f 6079//4 6929//4 6918//4 6081//4
f 6928//6 6930//6 6918//6 6929//6
f 6931//2 6082//2 6920//2 6932//2
f 6090//3 6931//3 6932//3 6930//3
f 6090//5 6081//5 6082//5 6931//5
f 6933//1 6934//1 6925//1 6083//1
f 6933//3 6091//3 6935//3 6934//3
f 6933//5 6083//5 6084//5 6091//5
f 6092//2 6086//2 6936//2 6937//2
f 6084//4 6927//4 6936//4 6086//4
f 6935//6 6937//6 6936//6 6927//6
f 6097//1 6938//1 6939//1 6087//1
f 6087//4 6939//4 6928//4 6089//4
f 6938//6 6940//6 6928//6 6939//6
f 6941//2 6090//2 6930//2 6942//2
f 6098//3 6941//3 6942//3 6940//3
f 6098//5 6089//5 6090//5 6941//5
f 6943//1 6944//1 6935//1 6091//1
f 6943//3 6100//3 6945//3 6944//3
f 6943//5 6091//5 6092//5 6100//5
f 6101//2 6094//2 6946//2 6947//2
f 6092//4 6937//4 6946//4 6094//4
f 6945//6 6947//6 6946//6 6937//6
f 6106//1 6948//1 6949//1 6095//1
f 6095//4 6949//4 6938//4 6097//4
f 6948//6 6950//6 6938//6 6949//6
f 6951//2 6098//2 6940//2 6952//2
f 6108//3 6951//3 6952//3 6950//3
f 6108//5 6097//5 6098//5 6951//5
f 6953//1 6954//1 6945//1 6100//1
f 6953//3 6110//3 6955//3 6954//3
f 6953//5 6100//5 6101//5 6110//5
f 6111//2 6103//2 6956//2 6957//2
f 6101//4 6947//4 6956//4 6103//4
f 6955//6 6957//6 6956//6 6947//6
f 6116//1 6958//1 6959//1 6104//1
f 6104//4 6959//4 6948//4 6106//4
f 6958//6 6960//6 6948//6 6959//6
f 6961//2 6108//2 6950//2 6962//2
f 6118//3 6961//3 6962//3 6960//3
f 6118//5 6106//5 6108//5 6961//5
f 6963//1 6964//1 6955//1 6110//1
f 6963//3 6120//3 6965//3 6964//3
f 6963//5 6110//5 6111//5 6120//5
f 6121//2 6113//2 6966//2 6967//2
f 6111//4 6957//4 6966//4 6113//4
f 6130//1 6968//1 6969//1 6114//1
f 6114//4 6969//4 6958//4 6116//4
f 6970//2 6118//2 6960//2 6971//2
f 6132//3 6970//3 6971//3 6972//3
f 6132//5 6116//5 6118//5 6970//5
f 6973//1 6974//1 6965//1 6120//1
f 6973//3 6134//3 6975//3 6974//3
f 6973//5 6120//5 6121//5 6134//5
f 6121//4 6967//4 6976//4 6123//4
f 6137//2 6125//2 6977//2 6978//2
f 6123//4 6976//4 6977//4 6125//4
f 6979//6 6978//6 6977//6 6976//6
f 6142//1 6980//1 6981//1 6126//1
f 6126//4 6981//4 6982//4 6129//4
f 6980//6 6983//6 6982//6 6981//6
f 6129//4 6982//4 6968//4 6130//4
f 6984//2 6132//2 6972//2 6985//2
f 6146//3 6984//3 6985//3 6986//3
f 6146//5 6130//5 6132//5 6984//5
f 6987//1 6988//1 6975//1 6134//1
f 6987//3 6989//3 6990//3 6988//3
f 6987//5 6134//5 6136//5 6989//5
f 6989//3 6148//3 6991//3 6990//3
f 6989//5 6136//5 6137//5 6148//5
f 6137//4 6978//4 6992//4 6139//4
f 6991//6 6993//6 6992//6 6978//6
f 6152//2 6150//2 6994//2 6995//2
f 6139//4 6992//4 6994//4 6150//4
f 6993//6 6995//6 6994//6 6992//6
f 6161//1 6996//1 6997//1 6160//1
f 6160//4 6997//4 6998//4 6140//4
f 6996//6 6999//6 6998//6 6997//6
f 6140//4 6998//4 6980//4 6142//4
f 6999//6 7000//6 6980//6 6998//6
f 6163//3 7001//3 7002//3 7000//3
f 6163//5 6142//5 6144//5 7001//5
f 7003//2 6146//2 6986//2 7004//2
f 7001//3 7003//3 7004//3 7002//3
f 7001//5 6144//5 6146//5 7003//5
f 7005//1 7006//1 6991//1 6148//1
f 7005//3 6166//3 7007//3 7006//3
f 7005//5 6148//5 6149//5 6166//5
f 6166//3 6168//3 7008//3 7007//3
f 6152//4 6995//4 7009//4 6153//4
f 7008//6 7010//6 7009//6 6995//6
f 6171//2 6155//2 7011//2 7012//2
f 6153//4 7009//4 7011//4 6155//4
f 7010//6 7012//6 7011//6 7009//6
f 6184//1 7013//1 7014//1 6156//1
f 6156//4 7014//4 7015//4 6159//4
f 7013//6 7016//6 7015//6 7014//6
f 6159//4 7015//4 6996//4 6161//4
f 7016//6 7017//6 6996//6 7015//6
f 6188//3 6190//3 7018//3 7017//3
f 7019//2 6163//2 7000//2 7020//2
f 6190//3 7019//3 7020//3 7018//3
f 6190//5 6164//5 6163//5 7019//5
f 7021//1 7022//1 7008//1 6168//1
f 7021//3 7023//3 7024//3 7022//3
f 7021//5 6168//5 6170//5 7023//5
f 7023//3 6192//3 7025//3 7024//3
f 7023//5 6170//5 6171//5 6192//5
f 6171//4 7012//4 7026//4 6173//4
f 6173//4 7026//4 7027//4 6175//4
f 7028//6 7029//6 7027//6 7026//6
f 6175//4 7027//4 7030//4 6177//4
f 7029//6 7031//6 7030//6 7027//6
f 6177//4 7030//4 7032//4 6179//4
f 7031//6 7033//6 7032//6 7030//6
f 6179//4 7032//4 7034//4 6181//4
f 7033//6 7035//6 7034//6 7032//6
f 6181//4 7034//4 7036//4 6183//4
f 7035//6 7037//6 7036//6 7034//6
f 6183//4 7036//4 7013//4 6184//4
f 6206//3 7038//3 7039//3 7040//3
f 6206//5 6184//5 6186//5 7038//5
f 7041//2 6188//2 7017//2 7042//2
f 7038//3 7041//3 7042//3 7039//3
f 7038//5 6186//5 6188//5 7041//5
f 7043//1 7044//1 7025//1 6192//1
f 7043//3 7045//3 7046//3 7044//3
f 7043//5 6192//5 6194//5 7045//5
f 7045//3 7047//3 7048//3 7046//3
f 7045//5 6194//5 6196//5 7047//5
f 7047//3 7049//3 7050//3 7048//3
f 7047//5 6196//5 6198//5 7049//5
f 7049//3 7051//3 7052//3 7050//3
f 7049//5 6198//5 6200//5 7051//5
f 7051//3 7053//3 7054//3 7052//3
f 7051//5 6200//5 6202//5 7053//5
f 7053//3 7055//3 7056//3 7054//3
f 7053//5 6202//5 6204//5 7055//5
f 7057//2 6206//2 7040//2 7058//2
f 7055//3 7057//3 7058//3 7056//3
f 7055//5 6204//5 6206//5 7057//5
f 6875//1 7252//1 7235//1 6855//1
f 6876//2 6878//2 7237//2 7253//2
f 6880//1 7254//1 7249//1 6881//1
f 6882//2 6874//2 7251//2 7255//2
f 7256//1 7257//1 7252//1 6875//1
f 7256//3 6883//3 7258//3 7257//3
f 7256//5 6875//5 6876//5 6883//5
f 6884//2 6877//2 7259//2 7260//2
f 6876//4 7253//4 7259//4 6877//4
f 7258//6 7260//6 7259//6 7253//6
f 6885//1 7261//1 7262//1 6879//1
f 6879//4 7262//4 7254//4 6880//4
f 7261//6 7263//6 7254//6 7262//6
f 7264//2 6882//2 7255//2 7265//2
f 6886//3 7264//3 7265//3 7263//3
f 6886//5 6880//5 6882//5 7264//5
f 7266//1 7267//1 7258//1 6883//1
f 7266//3 6887//3 7268//3 7267//3
f 7266//5 6883//5 6884//5 6887//5
f 6889//2 6888//2 7269//2 7270//2
f 6884//4 7260//4 7269//4 6888//4
f 7268//6 7270//6 7269//6 7260//6
f 6890//1 7271//1 7272//1 6891//1
f 6891//4 7272//4 7261//4 6885//4
f 7271//6 7273//6 7261//6 7272//6
f 7274//2 6886//2 7263//2 7275//2
f 6892//3 7274//3 7275//3 7273//3
f 6892//5 6885//5 6886//5 7274//5
f 6894//1 7276//1 7268//1 6887//1
f 6894//3 6895//3 7277//3 7276//3
f 6897//2 6896//2 7278//2 7279//2
f 6889//4 7270//4 7278//4 6896//4
f 7277//6 7279//6 7278//6 7270//6
f 6898//1 7280//1 7281//1 6899//1
f 6899//4 7281//4 7271//4 6890//4
f 7280//6 7282//6 7271//6 7281//6
f 6901//2 6892//2 7273//2 7283//2
f 6902//3 6901//3 7283//3 7282//3
f 6904//1 7284//1 7277//1 6895//1
f 6905//2 6897//2 7279//2 7285//2
f 6904//3 6905//3 7285//3 7284//3
f 6910//1 7286//1 7280//1 6898//1
f 6912//2 6902//2 7282//2 7287//2
f 6910//3 6912//3 7287//3 7286//3
f 6914//1 7288//1 7285//1 6905//1
f 6915//2 6907//2 7289//2 7290//2
f 6905//4 7285//4 7289//4 6907//4
f 6920//1 7291//1 7292//1 6908//1
f 6922//2 6910//2 7286//2 7293//2
f 6908//4 7292//4 7286//4 6910//4
f 7294//1 7295//1 7288//1 6914//1
f 7294//3 6924//3 7296//3 7295//3
f 7294//5 6914//5 6915//5 6924//5
f 6925//2 6917//2 7297//2 7298//2
f 6915//4 7290//4 7297//4 6917//4
f 6930//1 7299//1 7300//1 6918//1
f 6918//4 7300//4 7291//4 6920//4
f 7301//2 6922//2 7293//2 7302//2
f 6932//3 7301//3 7302//3 7303//3
f 6932//5 6920//5 6922//5 7301//5
f 7304//1 7305//1 7296//1 6924//1
f 7304//3 6934//3 7306//3 7305//3
f 7304//5 6924//5 6925//5 6934//5
f 6935//2 6927//2 7307//2 7308//2
f 6925//4 7298//4 7307//4 6927//4
f 6940//1 7309//1 7310//1 6928//1
f 6928//4 7310//4 7299//4 6930//4
f 7311//2 6932//2 7303//2 7312//2
f 6942//3 7311//3 7312//3 7313//3
f 6942//5 6930//5 6932//5 7311//5
f 7314//1 7315//1 7306//1 6934//1
f 7314//3 6944//3 7316//3 7315//3
f 7314//5 6934//5 6935//5 6944//5
f 6945//2 6937//2 7317//2 7318//2
f 6935//4 7308//4 7317//4 6937//4
f 6950//1 7319//1 7320//1 6938//1
f 6938//4 7320//4 7309//4 6940//4
f 7321//2 6942//2 7313//2 7322//2
f 6952//3 7321//3 7322//3 7323//3
f 6952//5 6940//5 6942//5 7321//5
f 7324//1 7325//1 7316//1 6944//1
f 7324//3 6954//3 7326//3 7325//3
f 7324//5 6944//5 6945//5 6954//5
f 6955//2 6947//2 7327//2 7328//2
f 6945//4 7318//4 7327//4 6947//4
f 6960//1 7329//1 7330//1 6948//1
f 6948//4 7330//4 7319//4 6950//4
f 7331//2 6952//2 7323//2 7332//2
f 6962//3 7331//3 7332//3 7333//3
f 6962//5 6950//5 6952//5 7331//5
f 7334//1 7335//1 7326//1 6954//1
f 7334//3 6964//3 7336//3 7335//3
f 7334//5 6954//5 6955//5 6964//5
f 6955//4 7328//4 7337//4 6957//4
f 6967//2 6966//2 7338//2 7339//2
f 6957//4 7337//4 7338//4 6966//4
f 7340//6 7339//6 7338//6 7337//6
f 6968//1 7341//1 7342//1 6969//1
f 6969//4 7342//4 7343//4 6958//4
f 7341//6 7344//6 7343//6 7342//6
f 6958//4 7343//4 7329//4 6960//4
f 7345//2 6962//2 7333//2 7346//2
f 6971//3 7345//3 7346//3 7347//3
f 6971//5 6960//5 6962//5 7345//5
f 7348//1 7349//1 7336//1 6964//1
f 7348//3 6974//3 7350//3 7349//3
f 7348//5 6964//5 6965//5 6974//5
f 6974//3 6975//3 7351//3 7350//3
f 6979//2 6976//2 7352//2 7353//2
f 6967//4 7339//4 7352//4 6976//4
f 7351//6 7353//6 7352//6 7339//6
f 6983//1 7354//1 7355//1 6982//1
f 6982//4 7355//4 7341//4 6968//4
f 7354//6 7356//6 7341//6 7355//6
f 6986//3 6985//3 7357//3 7356//3
f 7358//2 6971//2 7347//2 7359//2
f 6985//3 7358//3 7359//3 7357//3
f 6985//5 6972//5 6971//5 7358//5
f 6988//1 7360//1 7351//1 6975//1
f 6988//3 6990//3 7361//3 7360//3
f 6991//2 6978//2 7362//2 7363//2
f 6979//4 7353//4 7362//4 6978//4
f 7361//6 7363//6 7362//6 7353//6
f 7000//1 7364//1 7365//1 6980//1
f 6980//4 7365//4 7354//4 6983//4
f 7364//6 7366//6 7354//6 7365//6
f 7004//2 6986//2 7356//2 7367//2
f 7002//3 7004//3 7367//3 7366//3
f 7368//1 7369//1 7361//1 6990//1
f 7368//3 7006//3 7370//3 7369//3
f 7368//5 6990//5 6991//5 7006//5
f 6991//4 7363//4 7371//4 6993//4
f 7008//2 6995//2 7372//2 7373//2
f 6993//4 7371//4 7372//4 6995//4
f 7374//6 7373//6 7372//6 7371//6
f 7017//1 7375//1 7376//1 6996//1
f 6996//4 7376//4 7377//4 6999//4
f 7375//6 7378//6 7377//6 7376//6
f 6999//4 7377//4 7364//4 7000//4
f 7379//2 7002//2 7366//2 7380//2
f 7020//3 7379//3 7380//3 7381//3
f 7020//5 7000//5 7002//5 7379//5
f 7382//1 7383//1 7370//1 7006//1
f 7382//3 7384//3 7385//3 7383//3
f 7382//5 7006//5 7007//5 7384//5
f 7384//3 7022//3 7386//3 7385//3
f 7384//5 7007//5 7008//5 7022//5
f 7008//4 7373//4 7387//4 7010//4
f 7010//4 7387//4 7388//4 7012//4
f 7389//6 7390//6 7388//6 7387//6
f 7028//2 7026//2 7391//2 7392//2
f 7012//4 7388//4 7391//4 7026//4
f 7390//6 7392//6 7391//6 7388//6
f 7037//1 7393//1 7394//1 7036//1
f 7036//4 7394//4 7395//4 7013//4
f 7393//6 7396//6 7395//6 7394//6
f 7013//4 7395//4 7397//4 7016//4
f 7396//6 7398//6 7397//6 7395//6
f 7016//4 7397//4 7375//4 7017//4
f 7042//3 7399//3 7400//3 7401//3
f 7042//5 7017//5 7018//5 7399//5
f 7402//2 7020//2 7381//2 7403//2
f 7399//3 7402//3 7403//3 7400//3
f 7399//5 7018//5 7020//5 7402//5
f 7404//1 7405//1 7386//1 7022//1
f 7404//3 7406//3 7407//3 7405//3
f 7404//5 7022//5 7024//5 7406//5
f 7406//3 7044//3 7408//3 7407//3
f 7406//5 7024//5 7025//5 7044//5
f 7044//3 7046//3 7409//3 7408//3
f 7028//4 7392//4 7410//4 7029//4
f 7029//4 7410//4 7411//4 7031//4
f 7412//6 7413//6 7411//6 7410//6
f 7031//4 7411//4 7414//4 7033//4
f 7413//6 7415//6 7414//6 7411//6
f 7033//4 7414//4 7416//4 7035//4
f 7415//6 7417//6 7416//6 7414//6
f 7035//4 7416//4 7393//4 7037//4
f 7056//3 7058//3 7418//3 7419//3
f 7058//3 7420//3 7421//3 7418//3
f 7058//5 7040//5 7039//5 7420//5
f 7422//2 7042//2 7401//2 7423//2
f 7420//3 7422//3 7423//3 7421//3
f 7420//5 7039//5 7042//5 7422//5
f 7424//1 7425//1 7409//1 7046//1
f 7424//3 7426//3 7427//3 7425//3
f 7424//5 7046//5 7048//5 7426//5
f 7426//3 7428//3 7429//3 7427//3
f 7426//5 7048//5 7050//5 7428//5
f 7428//3 7430//3 7431//3 7429//3
f 7428//5 7050//5 7052//5 7430//5
f 7430//3 7432//3 7433//3 7431//3
f 7430//5 7052//5 7054//5 7432//5
f 7434//2 7056//2 7419//2 7435//2
f 7432//3 7434//3 7435//3 7433//3
f 7432//5 7054//5 7056//5 7434//5
f 7634//1 7635//1 7614//1 7234//1
f 7634//3 7252//3 7636//3 7635//3
f 7634//5 7234//5 7235//5 7252//5
f 7253//2 7237//2 7616//2 7637//2
f 7254//1 7638//1 7630//1 7249//1
f 7639//2 7250//2 7633//2 7640//2
f 7255//3 7639//3 7640//3 7641//3
f 7255//5 7251//5 7250//5 7639//5
f 7257//1 7642//1 7636//1 7252//1
f 7258//2 7253//2 7637//2 7643//2
f 7257//3 7258//3 7643//3 7642//3
f 7263//1 7644//1 7638//1 7254//1
f 7265//2 7255//2 7641//2 7645//2
f 7263//3 7265//3 7645//3 7644//3
f 7267//1 7646//1 7643//1 7258//1
f 7268//2 7260//2 7647//2 7648//2
f 7258//4 7643//4 7647//4 7260//4
f 7273//1 7649//1 7650//1 7261//1
f 7275//2 7263//2 7644//2 7651//2
f 7261//4 7650//4 7644//4 7263//4
f 7652//1 7653//1 7646//1 7267//1
f 7652//3 7276//3 7654//3 7653//3
f 7652//5 7267//5 7268//5 7276//5
f 7277//2 7270//2 7655//2 7656//2
f 7268//4 7648//4 7655//4 7270//4
f 7282//1 7657//1 7658//1 7271//1
f 7271//4 7658//4 7649//4 7273//4
f 7659//2 7275//2 7651//2 7660//2
f 7283//3 7659//3 7660//3 7661//3
f 7283//5 7273//5 7275//5 7659//5
f 7662//1 7663//1 7654//1 7276//1
f 7662//3 7284//3 7664//3 7663//3
f 7662//5 7276//5 7277//5 7284//5
f 7285//2 7279//2 7665//2 7666//2
f 7277//4 7656//4 7665//4 7279//4
f 7286//1 7667//1 7668//1 7280//1
f 7280//4 7668//4 7657//4 7282//4
f 7669//2 7283//2 7661//2 7670//2
f 7287//3 7669//3 7670//3 7671//3
f 7287//5 7282//5 7283//5 7669//5
f 7672//1 7673//1 7664//1 7284//1
f 7672//3 7288//3 7674//3 7673//3
f 7672//5 7284//5 7285//5 7288//5
f 7290//2 7289//2 7675//2 7676//2
f 7285//4 7666//4 7675//4 7289//4
f 7674//6 7676//6 7675//6 7666//6
f 7291//1 7677//1 7678//1 7292//1
f 7292//4 7678//4 7667//4 7286//4
f 7677//6 7679//6 7667//6 7678//6
f 7680//2 7287//2 7671//2 7681//2
f 7293//3 7680//3 7681//3 7679//3
f 7293//5 7286//5 7287//5 7680//5
f 7295//1 7682//1 7674//1 7288//1
f 7295//3 7296//3 7683//3 7682//3
f 7298//2 7297//2 7684//2 7685//2
f 7290//4 7676//4 7684//4 7297//4
f 7683//6 7685//6 7684//6 7676//6
f 7299//1 7686//1 7687//1 7300//1
f 7300//4 7687//4 7677//4 7291//4
f 7686//6 7688//6 7677//6 7687//6
f 7302//2 7293//2 7679//2 7689//2
f 7303//3 7302//3 7689//3 7688//3
f 7305//1 7690//1 7683//1 7296//1
f 7305//3 7306//3 7691//3 7690//3
f 7308//2 7307//2 7692//2 7693//2
f 7298//4 7685//4 7692//4 7307//4
f 7691//6 7693//6 7692//6 7685//6
f 7309//1 7694//1 7695//1 7310//1
f 7310//4 7695//4 7686//4 7299//4
f 7694//6 7696//6 7686//6 7695//6
f 7312//2 7303//2 7688//2 7697//2
f 7313//3 7312//3 7697//3 7696//3
f 7315//1 7698//1 7691//1 7306//1
f 7315//3 7316//3 7699//3 7698//3
f 7318//2 7317//2 7700//2 7701//2
f 7308//4 7693//4 7700//4 7317//4
f 7699//6 7701//6 7700//6 7693//6
f 7319//1 7702//1 7703//1 7320//1
f 7320//4 7703//4 7694//4 7309//4
f 7702//6 7704//6 7694//6 7703//6
f 7322//2 7313//2 7696//2 7705//2
f 7323//3 7322//3 7705//3 7704//3
f 7325//1 7706//1 7699//1 7316//1
f 7325//3 7326//3 7707//3 7706//3
f 7328//2 7327//2 7708//2 7709//2
f 7318//4 7701//4 7708//4 7327//4
f 7707//6 7709//6 7708//6 7701//6
f 7329//1 7710//1 7711//1 7330//1
f 7330//4 7711//4 7702//4 7319//4
f 7710//6 7712//6 7702//6 7711//6
f 7332//2 7323//2 7704//2 7713//2
f 7333//3 7332//3 7713//3 7712//3
f 7335//1 7714//1 7707//1 7326//1
f 7335//3 7336//3 7715//3 7714//3
f 7340//2 7337//2 7716//2 7717//2
f 7328//4 7709//4 7716//4 7337//4
f 7715//6 7717//6 7716//6 7709//6
f 7344//1 7718//1 7719//1 7343//1
f 7343//4 7719//4 7710//4 7329//4
f 7718//6 7720//6 7710//6 7719//6
f 7346//2 7333//2 7712//2 7721//2
f 7347//3 7346//3 7721//3 7720//3
f 7349//1 7722//1 7715//1 7336//1
f 7349//3 7350//3 7723//3 7722//3
f 7351//2 7339//2 7724//2 7725//2
f 7340//4 7717//4 7724//4 7339//4
f 7723//6 7725//6 7724//6 7717//6
f 7356//1 7726//1 7727//1 7341//1
f 7341//4 7727//4 7718//4 7344//4
f 7726//6 7728//6 7718//6 7727//6
f 7359//2 7347//2 7720//2 7729//2
f 7357//3 7359//3 7729//3 7728//3
f 7730//1 7731//1 7723//1 7350//1
f 7730//3 7360//3 7732//3 7731//3
f 7730//5 7350//5 7351//5 7360//5
f 7361//2 7353//2 7733//2 7734//2
f 7351//4 7725//4 7733//4 7353//4
f 7366//1 7735//1 7736//1 7354//1
f 7354//4 7736//4 7726//4 7356//4
f 7737//2 7357//2 7728//2 7738//2
f 7367//3 7737//3 7738//3 7739//3
f 7367//5 7356//5 7357//5 7737//5
f 7740//1 7741//1 7732//1 7360//1
f 7740//3 7369//3 7742//3 7741//3
f 7740//5 7360//5 7361//5 7369//5
f 7361//4 7734//4 7743//4 7363//4
f 7374//2 7371//2 7744//2 7745//2
f 7363//4 7743//4 7744//4 7371//4
f 7746//6 7745//6 7744//6 7743//6
f 7378//1 7747//1 7748//1 7377//1
f 7377//4 7748//4 7749//4 7364//4
f 7747//6 7750//6 7749//6 7748//6
f 7364//4 7749//4 7735//4 7366//4
f 7751//2 7367//2 7739//2 7752//2
f 7380//3 7751//3 7752//3 7753//3
f 7380//5 7366//5 7367//5 7751//5
f 7754//1 7755//1 7742//1 7369//1
f 7754//3 7383//3 7756//3 7755//3
f 7754//5 7369//5 7370//5 7383//5
f 7383//3 7385//3 7757//3 7756//3
f 7374//4 7745//4 7758//4 7373//4
f 7757//6 7759//6 7758//6 7745//6
f 7389//2 7387//2 7760//2 7761//2
f 7373//4 7758//4 7760//4 7387//4
f 7759//6 7761//6 7760//6 7758//6
f 7398//1 7762//1 7763//1 7397//1
f 7397//4 7763//4 7764//4 7375//4
f 7762//6 7765//6 7764//6 7763//6
f 7375//4 7764//4 7747//4 7378//4
f 7765//6 7766//6 7747//6 7764//6
f 7400//3 7403//3 7767//3 7766//3
f 7768//2 7380//2 7753//2 7769//2
f 7403//3 7768//3 7769//3 7767//3
f 7403//5 7381//5 7380//5 7768//5
f 7770//1 7771//1 7757//1 7385//1
f 7770//3 7405//3 7772//3 7771//3
f 7770//5 7385//5 7386//5 7405//5
f 7405//3 7407//3 7773//3 7772//3
f 7389//4 7761//4 7774//4 7390//4
f 7773//6 7775//6 7774//6 7761//6
f 7390//4 7774//4 7776//4 7392//4
f 7775//6 7777//6 7776//6 7774//6
f 7412//2 7410//2 7778//2 7779//2
f 7392//4 7776//4 7778//4 7410//4
f 7777//6 7779//6 7778//6 7776//6
f 7417//1 7780//1 7781//1 7416//1
f 7416//4 7781//4 7782//4 7393//4
f 7780//6 7783//6 7782//6 7781//6
f 7393//4 7782//4 7784//4 7396//4
f 7783//6 7785//6 7784//6 7782//6
f 7396//4 7784//4 7762//4 7398//4
f 7785//6 7786//6 7762//6 7784//6
f 7421//3 7423//3 7787//3 7786//3
f 7788//2 7400//2 7766//2 7789//2
f 7423//3 7788//3 7789//3 7787//3
f 7423//5 7401//5 7400//5 7788//5
f 7790//1 7791//1 7773//1 7407//1
f 7790//3 7792//3 7793//3 7791//3
f 7790//5 7407//5 7408//5 7792//5
f 7792//3 7425//3 7794//3 7793//3
f 7792//5 7408//5 7409//5 7425//5
f 7425//3 7427//3 7795//3 7794//3
f 7412//4 7779//4 7796//4 7413//4
f 7413//4 7796//4 7797//4 7415//4
f 7415//4 7797//4 7780//4 7417//4
f 7433//3 7435//3 7798//3 7799//3
f 7435//3 7800//3 7801//3 7798//3
f 7435//5 7419//5 7418//5 7800//5
f 7802//2 7421//2 7786//2 7803//2
f 7800//3 7802//3 7803//3 7801//3
f 7800//5 7418//5 7421//5 7802//5
f 7804//1 7805//1 7795//1 7427//1
f 7804//3 7806//3 7807//3 7805//3
f 7804//5 7427//5 7429//5 7806//5
f 7806//3 7808//3 7809//3 7807//3
f 7806//5 7429//5 7431//5 7808//5
f 7810//2 7433//2 7799//2 7811//2
f 7808//3 7810//3 7811//3 7809//3
f 7808//5 7431//5 7433//5 7810//5
f 7635//1 8074//1 8059//1 7614//1
f 7635//3 7636//3 8075//3 8074//3
f 7637//2 7616//2 8061//2 8076//2
f 8075//6 8076//6 8061//6 8077//6
f 7638//1 8078//1 8071//1 7630//1
f 8078//6 8079//6 8080//6 8071//6
f 7640//2 7633//2 8073//2 8081//2
f 7641//3 7640//3 8081//3 8079//3
f 7642//1 8082//1 8075//1 7636//1
f 7643//2 7637//2 8076//2 8083//2
f 7644//1 8084//1 8078//1 7638//1
f 7645//2 7641//2 8079//2 8085//2
f 8086//1 8087//1 8082//1 7642//1
f 8086//3 7646//3 8088//3 8087//3
f 8086//5 7642//5 7643//5 7646//5
f 7648//2 7647//2 8089//2 8090//2
f 7643//4 8083//4 8089//4 7647//4
f 7649//1 8091//1 8092//1 7650//1
f 7650//4 8092//4 8084//4 7644//4
f 8093//2 7645//2 8085//2 8094//2
f 7651//3 8093//3 8094//3 8095//3
f 7651//5 7644//5 7645//5 8093//5
f 7653//1 8096//1 8088//1 7646//1
f 7653//3 7654//3 8097//3 8096//3
f 7656//2 7655//2 8098//2 8099//2
f 7648//4 8090//4 8098//4 7655//4
f 8097//6 8099//6 8098//6 8090//6
f 7657//1 8100//1 8101//1 7658//1
f 7658//4 8101//4 8091//4 7649//4
f 8100//6 8102//6 8091//6 8101//6
f 7660//2 7651//2 8095//2 8103//2
f 7661//3 7660//3 8103//3 8102//3
f 7663//1 8104//1 8097//1 7654//1
f 7663//3 7664//3 8105//3 8104//3
f 7666//2 7665//2 8106//2 8107//2
f 7656//4 8099//4 8106//4 7665//4
f 8105//6 8107//6 8106//6 8099//6
f 7667//1 8108//1 8109//1 7668//1
f 7668//4 8109//4 8100//4 7657//4
f 8108//6 8110//6 8100//6 8109//6
f 7670//2 7661//2 8102//2 8111//2
f 7671//3 7670//3 8111//3 8110//3
f 7673//1 8112//1 8105//1 7664//1
f 7674//2 7666//2 8107//2 8113//2
f 7673//3 7674//3 8113//3 8112//3
f 7679//1 8114//1 8108//1 7667//1
f 7681//2 7671//2 8110//2 8115//2
f 7679//3 7681//3 8115//3 8114//3
f 7682//1 8116//1 8113//1 7674//1
f 7683//2 7676//2 8117//2 8118//2
f 7674//4 8113//4 8117//4 7676//4
f 7688//1 8119//1 8120//1 7677//1
f 7689//2 7679//2 8114//2 8121//2
f 7677//4 8120//4 8114//4 7679//4
f 8122//1 8123//1 8116//1 7682//1
f 8122//3 7690//3 8124//3 8123//3
f 8122//5 7682//5 7683//5 7690//5
f 7691//2 7685//2 8125//2 8126//2
f 7683//4 8118//4 8125//4 7685//4
f 7696//1 8127//1 8128//1 7686//1
f 7686//4 8128//4 8119//4 7688//4
f 8129//2 7689//2 8121//2 8130//2
f 7697//3 8129//3 8130//3 8131//3
f 7697//5 7688//5 7689//5 8129//5
f 8132//1 8133//1 8124//1 7690//1
f 8132//3 7698//3 8134//3 8133//3
f 8132//5 7690//5 7691//5 7698//5
f 7699//2 7693//2 8135//2 8136//2
f 7691//4 8126//4 8135//4 7693//4
f 7704//1 8137//1 8138//1 7694//1
f 7694//4 8138//4 8127//4 7696//4
f 8139//2 7697//2 8131//2 8140//2
f 7705//3 8139//3 8140//3 8141//3
f 7705//5 7696//5 7697//5 8139//5
f 8142//1 8143//1 8134//1 7698//1
f 8142//3 7706//3 8144//3 8143//3
f 8142//5 7698//5 7699//5 7706//5
f 7707//2 7701//2 8145//2 8146//2
f 7699//4 8136//4 8145//4 7701//4
f 7712//1 8147//1 8148//1 7702//1
f 7702//4 8148//4 8137//4 7704//4
f 8149//2 7705//2 8141//2 8150//2
f 7713//3 8149//3 8150//3 8151//3
f 7713//5 7704//5 7705//5 8149//5
f 8152//1 8153//1 8144//1 7706//1
f 8152//3 7714//3 8154//3 8153//3
f 8152//5 7706//5 7707//5 7714//5
f 7715//2 7709//2 8155//2 8156//2
f 7707//4 8146//4 8155//4 7709//4
f 7720//1 8157//1 8158//1 7710//1
f 7710//4 8158//4 8147//4 7712//4
f 8159//2 7713//2 8151//2 8160//2
f 7721//3 8159//3 8160//3 8161//3
f 7721//5 7712//5 7713//5 8159//5
f 8162//1 8163//1 8154//1 7714//1
f 8162//3 7722//3 8164//3 8163//3
f 8162//5 7714//5 7715//5 7722//5
f 7723//2 7717//2 8165//2 8166//2
f 7715//4 8156//4 8165//4 7717//4
f 7728//1 8167//1 8168//1 7718//1
f 7718//4 8168//4 8157//4 7720//4
f 8169//2 7721//2 8161//2 8170//2
f 7729//3 8169//3 8170//3 8171//3
f 7729//5 7720//5 7721//5 8169//5
f 8172//1 8173//1 8164//1 7722//1
f 8172//3 7731//3 8174//3 8173//3
f 8172//5 7722//5 7723//5 7731//5
f 7723//4 8166//4 8175//4 7725//4
f 7734//2 7733//2 8176//2 8177//2
f 7725//4 8175//4 8176//4 7733//4
f 8178//6 8177//6 8176//6 8175//6
f 7735//1 8179//1 8180//1 7736//1
f 7736//4 8180//4 8181//4 7726//4
f 8179//6 8182//6 8181//6 8180//6
f 7726//4 8181//4 8167//4 7728//4
f 8183//2 7729//2 8171//2 8184//2
f 7738//3 8183//3 8184//3 8185//3
f 7738//5 7728//5 7729//5 8183//5
f 8186//1 8187//1 8174//1 7731//1
f 8186//3 7741//3 8188//3 8187//3
f 8186//5 7731//5 7732//5 7741//5
f 7741//3 7742//3 8189//3 8188//3
f 7746//2 7743//2 8190//2 8191//2
f 7734//4 8177//4 8190//4 7743//4
f 8189//6 8191//6 8190//6 8177//6
f 7750//1 8192//1 8193//1 7749//1
f 7749//4 8193//4 8179//4 7735//4
f 8192//6 8194//6 8179//6 8193//6
f 7753//3 7752//3 8195//3 8194//3
f 8196//2 7738//2 8185//2 8197//2
f 7752//3 8196//3 8197//3 8195//3
f 7752//5 7739//5 7738//5 8196//5
f 7755//1 8198//1 8189//1 7742//1
f 7755//3 7756//3 8199//3 8198//3
f 7757//2 7745//2 8200//2 8201//2
f 7746//4 8191//4 8200//4 7745//4
f 7766//1 8202//1 8203//1 7747//1
f 7747//4 8203//4 8192//4 7750//4
f 7769//2 7753//2 8194//2 8204//2
f 7767//3 7769//3 8204//3 8205//3
f 8206//1 8207//1 8199//1 7756//1
f 8206//3 7771//3 8208//3 8207//3
f 8206//5 7756//5 7757//5 7771//5
f 7757//4 8201//4 8209//4 7759//4
f 7773//2 7761//2 8210//2 8211//2
f 7759//4 8209//4 8210//4 7761//4
f 8212//6 8211//6 8210//6 8209//6
f 7786//1 8213//1 8214//1 7762//1
f 7762//4 8214//4 8215//4 7765//4
f 8213//6 8216//6 8215//6 8214//6
f 7765//4 8215//4 8202//4 7766//4
f 8217//2 7767//2 8205//2 8218//2
f 7789//3 8217//3 8218//3 8219//3
f 7789//5 7766//5 7767//5 8217//5
f 8220//1 8221//1 8208//1 7771//1
f 8220//3 8222//3 8223//3 8221//3
f 8220//5 7771//5 7772//5 8222//5
f 8222//3 7791//3 8224//3 8223//3
f 8222//5 7772//5 7773//5 7791//5
f 7773//4 8211//4 8225//4 7775//4
f 7775//4 8225//4 8226//4 7777//4
f 7777//4 8226//4 8227//4 7779//4
f 8228//6 8229//6 8227//6 8226//6
f 7779//4 8227//4 8230//4 7796//4
f 8229//6 8231//6 8230//6 8227//6
f 7796//4 8230//4 8232//4 7797//4
f 8231//6 8233//6 8232//6 8230//6
f 7797//4 8232//4 8234//4 7780//4
f 8233//6 8235//6 8234//6 8232//6
f 7780//4 8234//4 8236//4 7783//4
f 8235//6 8237//6 8236//6 8234//6
f 7783//4 8236//4 8238//4 7785//4
f 7785//4 8238//4 8213//4 7786//4
f 7803//3 8239//3 8240//3 8241//3
f 7803//5 7786//5 7787//5 8239//5
f 8242//2 7789//2 8219//2 8243//2
f 8239//3 8242//3 8243//3 8240//3
f 8239//5 7787//5 7789//5 8242//5
f 8244//1 8245//1 8224//1 7791//1
f 8244//3 8246//3 8247//3 8245//3
f 8244//5 7791//5 7793//5 8246//5
f 8246//3 8248//3 8249//3 8247//3
f 8246//5 7793//5 7794//5 8248//5
f 8248//3 7805//3 8250//3 8249//3
f 8248//5 7794//5 7795//5 7805//5
f 7805//3 7807//3 8251//3 8250//3
f 7807//3 7809//3 8252//3 8251//3
f 7809//3 7811//3 8253//3 8252//3
f 7811//3 8254//3 8255//3 8253//3
f 7811//5 7799//5 7798//5 8254//5
f 8254//3 8256//3 8257//3 8255//3
f 8254//5 7798//5 7801//5 8256//5
f 8258//2 7803//2 8241//2 8259//2
f 8256//3 8258//3 8259//3 8257//3
f 8256//5 7801//5 7803//5 8258//5
f 8074//1 8688//1 8671//1 8059//1
f 8075//2 8077//2 8673//2 8689//2
f 8079//1 8690//1 8685//1 8080//1
f 8081//2 8073//2 8687//2 8691//2
f 8692//1 8693//1 8688//1 8074//1
f 8692//3 8082//3 8694//3 8693//3
f 8692//5 8074//5 8075//5 8082//5
f 8083//2 8076//2 8695//2 8696//2
f 8075//4 8689//4 8695//4 8076//4
f 8084//1 8697//1 8698//1 8078//1
f 8078//4 8698//4 8690//4 8079//4
f 8699//2 8081//2 8691//2 8700//2
f 8085//3 8699//3 8700//3 8701//3
f 8085//5 8079//5 8081//5 8699//5
f 8087//1 8702//1 8694//1 8082//1
f 8087//3 8088//3 8703//3 8702//3
f 8090//2 8089//2 8704//2 8705//2
f 8083//4 8696//4 8704//4 8089//4
f 8703//6 8705//6 8704//6 8696//6
f 8091//1 8706//1 8707//1 8092//1
f 8092//4 8707//4 8697//4 8084//4
f 8706//6 8708//6 8697//6 8707//6
f 8094//2 8085//2 8701//2 8709//2
f 8095//3 8094//3 8709//3 8708//3
f 8096//1 8710//1 8703//1 8088//1
f 8097//2 8090//2 8705//2 8711//2
f 8096//3 8097//3 8711//3 8710//3
f 8102//1 8712//1 8706//1 8091//1
f 8103//2 8095//2 8708//2 8713//2
f 8102//3 8103//3 8713//3 8712//3
f 8104//1 8714//1 8711//1 8097//1
f 8105//2 8099//2 8715//2 8716//2
f 8097//4 8711//4 8715//4 8099//4
f 8110//1 8717//1 8718//1 8100//1
f 8111//2 8102//2 8712//2 8719//2
f 8100//4 8718//4 8712//4 8102//4
f 8720//1 8721//1 8714//1 8104//1
f 8720//3 8112//3 8722//3 8721//3
f 8720//5 8104//5 8105//5 8112//5
f 8113//2 8107//2 8723//2 8724//2
f 8105//4 8716//4 8723//4 8107//4
f 8114//1 8725//1 8726//1 8108//1
f 8108//4 8726//4 8717//4 8110//4
f 8727//2 8111//2 8719//2 8728//2
f 8115//3 8727//3 8728//3 8729//3
f 8115//5 8110//5 8111//5 8727//5
f 8730//1 8731//1 8722//1 8112//1
f 8730//3 8116//3 8732//3 8731//3
f 8730//5 8112//5 8113//5 8116//5
f 8118//2 8117//2 8733//2 8734//2
f 8113//4 8724//4 8733//4 8117//4
f 8119//1 8735//1 8736//1 8120//1
f 8120//4 8736//4 8725//4 8114//4
f 8737//2 8115//2 8729//2 8738//2
f 8121//3 8737//3 8738//3 8739//3
f 8121//5 8114//5 8115//5 8737//5
f 8123//1 8740//1 8732//1 8116//1
f 8123//3 8124//3 8741//3 8740//3
f 8126//2 8125//2 8742//2 8743//2
f 8118//4 8734//4 8742//4 8125//4
f 8127//1 8744//1 8745//1 8128//1
f 8128//4 8745//4 8735//4 8119//4
f 8130//2 8121//2 8739//2 8746//2
f 8131//3 8130//3 8746//3 8747//3
f 8133//1 8748//1 8741//1 8124//1
f 8133//3 8134//3 8749//3 8748//3
f 8136//2 8135//2 8750//2 8751//2
f 8126//4 8743//4 8750//4 8135//4
f 8749//6 8751//6 8750//6 8743//6
f 8137//1 8752//1 8753//1 8138//1
f 8138//4 8753//4 8744//4 8127//4
f 8752//6 8754//6 8744//6 8753//6
f 8140//2 8131//2 8747//2 8755//2
f 8141//3 8140//3 8755//3 8754//3
f 8143//1 8756//1 8749//1 8134//1
f 8143//3 8144//3 8757//3 8756//3
f 8146//2 8145//2 8758//2 8759//2
f 8136//4 8751//4 8758//4 8145//4
f 8757//6 8759//6 8758//6 8751//6
f 8147//1 8760//1 8761//1 8148//1
f 8148//4 8761//4 8752//4 8137//4
f 8760//6 8762//6 8752//6 8761//6
f 8150//2 8141//2 8754//2 8763//2
f 8151//3 8150//3 8763//3 8762//3
f 8153//1 8764//1 8757//1 8144//1
f 8153//3 8154//3 8765//3 8764//3
f 8156//2 8155//2 8766//2 8767//2
f 8146//4 8759//4 8766//4 8155//4
f 8765//6 8767//6 8766//6 8759//6
f 8157//1 8768//1 8769//1 8158//1
f 8158//4 8769//4 8760//4 8147//4
f 8768//6 8770//6 8760//6 8769//6
f 8160//2 8151//2 8762//2 8771//2
f 8161//3 8160//3 8771//3 8770//3
f 8163//1 8772//1 8765//1 8154//1
f 8163//3 8164//3 8773//3 8772//3
f 8166//2 8165//2 8774//2 8775//2
f 8156//4 8767//4 8774//4 8165//4
f 8773//6 8775//6 8774//6 8767//6
f 8167//1 8776//1 8777//1 8168//1
f 8168//4 8777//4 8768//4 8157//4
f 8776//6 8778//6 8768//6 8777//6
f 8170//2 8161//2 8770//2 8779//2
f 8171//3 8170//3 8779//3 8778//3
f 8173//1 8780//1 8773//1 8164//1
f 8173//3 8174//3 8781//3 8780//3
f 8178//2 8175//2 8782//2 8783//2
f 8166//4 8775//4 8782//4 8175//4
f 8182//1 8784//1 8785//1 8181//1
f 8181//4 8785//4 8776//4 8167//4
f 8184//2 8171//2 8778//2 8786//2
f 8185//3 8184//3 8786//3 8787//3
f 8187//1 8788//1 8781//1 8174//1
f 8187//3 8188//3 8789//3 8788//3
f 8189//2 8177//2 8790//2 8791//2
f 8178//4 8783//4 8790//4 8177//4
f 8194//1 8792//1 8793//1 8179//1
f 8179//4 8793//4 8784//4 8182//4
f 8197//2 8185//2 8787//2 8794//2
f 8195//3 8197//3 8794//3 8795//3
f 8796//1 8797//1 8789//1 8188//1
f 8796//3 8198//3 8798//3 8797//3
f 8796//5 8188//5 8189//5 8198//5
f 8189//4 8791//4 8799//4 8191//4
f 8201//2 8200//2 8800//2 8801//2
f 8191//4 8799//4 8800//4 8200//4
f 8802//6 8801//6 8800//6 8799//6
f 8202//1 8803//1 8804//1 8203//1
f 8203//4 8804//4 8805//4 8192//4
f 8803//6 8806//6 8805//6 8804//6
f 8192//4 8805//4 8792//4 8194//4
f 8807//2 8195//2 8795//2 8808//2
f 8204//3 8807//3 8808//3 8809//3
f 8204//5 8194//5 8195//5 8807//5
f 8810//1 8811//1 8798//1 8198//1
f 8810//3 8207//3 8812//3 8811//3
f 8810//5 8198//5 8199//5 8207//5
f 8207//3 8208//3 8813//3 8812//3
f 8212//2 8209//2 8814//2 8815//2
f 8201//4 8801//4 8814//4 8209//4
f 8216//1 8816//1 8817//1 8215//1
f 8215//4 8817//4 8803//4 8202//4
f 8219//3 8218//3 8818//3 8819//3
f 8820//2 8204//2 8809//2 8821//2
f 8218//3 8820//3 8821//3 8818//3
f 8218//5 8205//5 8204//5 8820//5
f 8221//1 8822//1 8813//1 8208//1
f 8221//3 8223//3 8823//3 8822//3
f 8212//4 8815//4 8824//4 8211//4
f 8211//4 8824//4 8825//4 8225//4
f 8826//6 8827//6 8825//6 8824//6
f 8228//2 8226//2 8828//2 8829//2
f 8225//4 8825//4 8828//4 8226//4
f 8827//6 8829//6 8828//6 8825//6
f 8237//1 8830//1 8831//1 8236//1
f 8236//4 8831//4 8832//4 8238//4
f 8830//6 8833//6 8832//6 8831//6
f 8238//4 8832//4 8834//4 8213//4
f 8833//6 8835//6 8834//6 8832//6
f 8213//4 8834//4 8816//4 8216//4
f 8243//2 8219//2 8819//2 8836//2
f 8240//3 8243//3 8836//3 8837//3
f 8838//1 8839//1 8823//1 8223//1
f 8838//3 8245//3 8840//3 8839//3
f 8838//5 8223//5 8224//5 8245//5
f 8245//3 8247//3 8841//3 8840//3
f 8247//3 8249//3 8842//3 8841//3
f 8228//4 8829//4 8843//4 8229//4
f 8229//4 8843//4 8844//4 8231//4
f 8231//4 8844//4 8845//4 8233//4
f 8846//6 8847//6 8845//6 8844//6
f 8233//4 8845//4 8848//4 8235//4
f 8235//4 8848//4 8830//4 8237//4
f 8255//3 8257//3 8849//3 8850//3
f 8257//3 8259//3 8851//3 8849//3
f 8852//2 8240//2 8837//2 8853//2
f 8259//3 8852//3 8853//3 8851//3
f 8259//5 8241//5 8240//5 8852//5
f 8854//1 8855//1 8842//1 8249//1
f 8854//3 8856//3 8857//3 8855//3
f 8854//5 8249//5 8250//5 8856//5
f 8856//3 8858//3 8859//3 8857//3
f 8856//5 8250//5 8251//5 8858//5
f 8858//3 8860//3 8861//3 8859//3
f 8858//5 8251//5 8252//5 8860//5
f 8860//3 8862//3 8863//3 8861//3
f 8860//5 8252//5 8253//5 8862//5
f 8864//2 8255//2 8850//2 8865//2
f 8862//3 8864//3 8865//3 8863//3
f 8862//5 8253//5 8255//5 8864//5
f 9129//1 9130//1 9111//1 8670//1
f 9129//3 8688//3 9131//3 9130//3
f 9129//5 8670//5 8671//5 8688//5
f 8689//2 8673//2 9113//2 9132//2
f 8690//1 9133//1 9127//1 8685//1
f 9134//2 8686//2 9128//2 9135//2
f 8691//3 9134//3 9135//3 9136//3
f 8691//5 8687//5 8686//5 9134//5
f 8693//1 9137//1 9131//1 8688//1
f 8693//3 8694//3 9138//3 9137//3
f 8696//2 8695//2 9139//2 9140//2
f 8689//4 9132//4 9139//4 8695//4
f 9138//6 9140//6 9139//6 9132//6
f 8697//1 9141//1 9142//1 8698//1
f 8698//4 9142//4 9133//4 8690//4
f 9141//6 9143//6 9133//6 9142//6
f 8700//2 8691//2 9136//2 9144//2
f 8701//3 8700//3 9144//3 9143//3
f 8702//1 9145//1 9138//1 8694//1
f 8703//2 8696//2 9140//2 9146//2
f 8702//3 8703//3 9146//3 9145//3
f 8708//1 9147//1 9141//1 8697//1
f 8709//2 8701//2 9143//2 9148//2
f 8708//3 8709//3 9148//3 9147//3
f 8710//1 9149//1 9146//1 8703//1
f 8711//2 8705//2 9150//2 9151//2
f 8703//4 9146//4 9150//4 8705//4
f 8712//1 9152//1 9153//1 8706//1
f 8713//2 8708//2 9147//2 9154//2
f 8706//4 9153//4 9147//4 8708//4
f 9155//1 9156//1 9149//1 8710//1
f 9155//3 8714//3 9157//3 9156//3
f 9155//5 8710//5 8711//5 8714//5
f 8716//2 8715//2 9158//2 9159//2
f 8711//4 9151//4 9158//4 8715//4
f 8717//1 9160//1 9161//1 8718//1
f 8718//4 9161//4 9152//4 8712//4
f 9162//2 8713//2 9154//2 9163//2
f 8719//3 9162//3 9163//3 9164//3
f 8719//5 8712//5 8713//5 9162//5
f 8721//1 9165//1 9157//1 8714//1
f 8721//3 8722//3 9166//3 9165//3
f 8724//2 8723//2 9167//2 9168//2
f 8716//4 9159//4 9167//4 8723//4
f 8725//1 9169//1 9170//1 8726//1
f 8726//4 9170//4 9160//4 8717//4
f 8728//2 8719//2 9164//2 9171//2
f 8729//3 8728//3 9171//3 9172//3
f 8731//1 9173//1 9166//1 8722//1
f 8731//3 8732//3 9174//3 9173//3
f 8734//2 8733//2 9175//2 9176//2
f 8724//4 9168//4 9175//4 8733//4
f 9174//6 9176//6 9175//6 9168//6
f 8735//1 9177//1 9178//1 8736//1
f 8736//4 9178//4 9169//4 8725//4
f 9177//6 9179//6 9169//6 9178//6
f 8738//2 8729//2 9172//2 9180//2
f 8739//3 8738//3 9180//3 9179//3
f 8740//1 9181//1 9174//1 8732//1
f 8740//3 8741//3 9182//3 9181//3
f 8743//2 8742//2 9183//2 9184//2
f 8734//4 9176//4 9183//4 8742//4
f 9182//6 9184//6 9183//6 9176//6
f 8744//1 9185//1 9186//1 8745//1
f 8745//4 9186//4 9177//4 8735//4
f 9185//6 9187//6 9177//6 9186//6
f 8746//2 8739//2 9179//2 9188//2
f 8747//3 8746//3 9188//3 9187//3
f 8748//1 9189//1 9182//1 8741//1
f 8749//2 8743//2 9184//2 9190//2
f 8748//3 8749//3 9190//3 9189//3
f 8754//1 9191//1 9185//1 8744//1
f 8755//2 8747//2 9187//2 9192//2
f 8754//3 8755//3 9192//3 9191//3
f 8756//1 9193//1 9190//1 8749//1
f 8757//2 8751//2 9194//2 9195//2
f 8749//4 9190//4 9194//4 8751//4
f 8762//1 9196//1 9197//1 8752//1
f 8763//2 8754//2 9191//2 9198//2
f 8752//4 9197//4 9191//4 8754//4
f 9199//1 9200//1 9193//1 8756//1
f 9199//3 8764//3 9201//3 9200//3
f 9199//5 8756//5 8757//5 8764//5
f 8765//2 8759//2 9202//2 9203//2
f 8757//4 9195//4 9202//4 8759//4
f 8770//1 9204//1 9205//1 8760//1
f 8760//4 9205//4 9196//4 8762//4
f 9206//2 8763//2 9198//2 9207//2
f 8771//3 9206//3 9207//3 9208//3
f 8771//5 8762//5 8763//5 9206//5
f 9209//1 9210//1 9201//1 8764//1
f 9209//3 8772//3 9211//3 9210//3
f 9209//5 8764//5 8765//5 8772//5
f 8773//2 8767//2 9212//2 9213//2
f 8765//4 9203//4 9212//4 8767//4
f 8778//1 9214//1 9215//1 8768//1
f 8768//4 9215//4 9204//4 8770//4
f 9216//2 8771//2 9208//2 9217//2
f 8779//3 9216//3 9217//3 9218//3
f 8779//5 8770//5 8771//5 9216//5
f 9219//1 9220//1 9211//1 8772//1
f 9219//3 8780//3 9221//3 9220//3
f 9219//5 8772//5 8773//5 8780//5
f 8773//4 9213//4 9222//4 8775//4
f 8783//2 8782//2 9223//2 9224//2
f 8775//4 9222//4 9223//4 8782//4
f 9225//6 9224//6 9223//6 9222//6
f 8784//1 9226//1 9227//1 8785//1
f 8785//4 9227//4 9228//4 8776//4
f 9226//6 9229//6 9228//6 9227//6
f 8776//4 9228//4 9214//4 8778//4
f 9230//2 8779//2 9218//2 9231//2
f 8786//3 9230//3 9231//3 9232//3
f 8786//5 8778//5 8779//5 9230//5
f 9233//1 9234//1 9221//1 8780//1
f 9233//3 8788//3 9235//3 9234//3
f 9233//5 8780//5 8781//5 8788//5
f 8788//3 8789//3 9236//3 9235//3
f 8791//2 8790//2 9237//2 9238//2
f 8783//4 9224//4 9237//4 8790//4
f 9236//6 9238//6 9237//6 9224//6
f 8792//1 9239//1 9240//1 8793//1
f 8793//4 9240//4 9226//4 8784//4
f 9239//6 9241//6 9226//6 9240//6
f 8795//3 8794//3 9242//3 9241//3
f 9243//2 8786//2 9232//2 9244//2
f 8794//3 9243//3 9244//3 9242//3
f 8794//5 8787//5 8786//5 9243//5
f 8797//1 9245//1 9236//1 8789//1
f 8797//3 8798//3 9246//3 9245//3
f 8802//2 8799//2 9247//2 9248//2
f 8791//4 9238//4 9247//4 8799//4
f 8806//1 9249//1 9250//1 8805//1
f 8805//4 9250//4 9239//4 8792//4
f 8808//2 8795//2 9241//2 9251//2
f 8809//3 8808//3 9251//3 9252//3
f 8811//1 9253//1 9246//1 8798//1
f 8811//3 8812//3 9254//3 9253//3
f 8802//4 9248//4 9255//4 8801//4
f 8815//2 8814//2 9256//2 9257//2
f 8801//4 9255//4 9256//4 8814//4
f 9258//6 9257//6 9256//6 9255//6
f 8816//1 9259//1 9260//1 8817//1
f 8817//4 9260//4 9261//4 8803//4
f 9259//6 9262//6 9261//6 9260//6
f 8803//4 9261//4 9249//4 8806//4
f 8821//2 8809//2 9252//2 9263//2
f 8818//3 8821//3 9263//3 9264//3
f 9265//1 9266//1 9254//1 8812//1
f 9265//3 8822//3 9267//3 9266//3
f 9265//5 8812//5 8813//5 8822//5
f 8822//3 8823//3 9268//3 9267//3
f 8826//2 8824//2 9269//2 9270//2
f 8815//4 9257//4 9269//4 8824//4
f 8835//1 9271//1 9272//1 8834//1
f 8834//4 9272//4 9259//4 8816//4
f 8837//3 8836//3 9273//3 9274//3
f 9275//2 8818//2 9264//2 9276//2
f 8836//3 9275//3 9276//3 9273//3
f 8836//5 8819//5 8818//5 9275//5
f 8839//1 9277//1 9268//1 8823//1
f 8839//3 8840//3 9278//3 9277//3
f 8826//4 9270//4 9279//4 8827//4
f 8827//4 9279//4 9280//4 8829//4
f 8829//4 9280//4 9281//4 8843//4
f 9282//6 9283//6 9281//6 9280//6
f 8846//2 8844//2 9284//2 9285//2
f 8843//4 9281//4 9284//4 8844//4
f 9283//6 9285//6 9284//6 9281//6
f 8847//1 9286//1 9287//1 8845//1
f 8845//4 9287//4 9288//4 8848//4
f 9286//6 9289//6 9288//6 9287//6
f 8848//4 9288//4 9290//4 8830//4
f 9289//6 9291//6 9290//6 9288//6
f 8830//4 9290//4 9292//4 8833//4
f 8833//4 9292//4 9271//4 8835//4
f 8853//2 8837//2 9274//2 9293//2
f 8851//3 8853//3 9293//3 9294//3
f 9295//1 9296//1 9278//1 8840//1
f 9295//3 9297//3 9298//3 9296//3
f 9295//5 8840//5 8841//5 9297//5
f 9297//3 8855//3 9299//3 9298//3
f 9297//5 8841//5 8842//5 8855//5
f 8855//3 8857//3 9300//3 9299//3
f 8857//3 8859//3 9301//3 9300//3
f 8846//4 9285//4 9286//4 8847//4
f 8861//3 8863//3 9302//3 9303//3
f 8863//3 8865//3 9304//3 9302//3
f 8865//3 9305//3 9306//3 9304//3
f 8865//5 8850//5 8849//5 9305//5
f 9307//2 8851//2 9294//2 9308//2
f 9305//3 9307//3 9308//3 9306//3
f 9305//5 8849//5 8851//5 9307//5
f 9309//1 9310//1 9301//1 8859//1
f 9311//2 8861//2 9303//2 9312//2
f 9309//3 9311//3 9312//3 9310//3
f 9309//5 8859//5 8861//5 9311//5
f 9130//1 9592//1 9578//1 9111//1
f 9130//3 9131//3 9593//3 9592//3
f 9132//2 9113//2 9580//2 9594//2
f 9133//1 9595//1 9590//1 9127//1
f 9135//2 9128//2 9591//2 9596//2
f 9136//3 9135//3 9596//3 9597//3
f 9137//1 9598//1 9593//1 9131//1
f 9138//2 9132//2 9594//2 9599//2
f 9137//3 9138//3 9599//3 9598//3
f 9143//1 9600//1 9595//1 9133//1
f 9144//2 9136//2 9597//2 9601//2
f 9143//3 9144//3 9601//3 9600//3
f 9145//1 9602//1 9599//1 9138//1
f 9146//2 9140//2 9603//2 9604//2
f 9138//4 9599//4 9603//4 9140//4
f 9147//1 9605//1 9606//1 9141//1
f 9148//2 9143//2 9600//2 9607//2
f 9141//4 9606//4 9600//4 9143//4
f 9608//1 9609//1 9602//1 9145//1
f 9608//3 9149//3 9610//3 9609//3
f 9608//5 9145//5 9146//5 9149//5
f 9151//2 9150//2 9611//2 9612//2
f 9146//4 9604//4 9611//4 9150//4
f 9152//1 9613//1 9614//1 9153//1
f 9153//4 9614//4 9605//4 9147//4
f 9615//2 9148//2 9607//2 9616//2
f 9154//3 9615//3 9616//3 9617//3
f 9154//5 9147//5 9148//5 9615//5
f 9156//1 9618//1 9610//1 9149//1
f 9156//3 9157//3 9619//3 9618//3
f 9159//2 9158//2 9620//2 9621//2
f 9151//4 9612//4 9620//4 9158//4
f 9160//1 9622//1 9623//1 9161//1
f 9161//4 9623//4 9613//4 9152//4
f 9163//2 9154//2 9617//2 9624//2
f 9164//3 9163//3 9624//3 9625//3
f 9165//1 9626//1 9619//1 9157//1
f 9165//3 9166//3 9627//3 9626//3
f 9168//2 9167//2 9628//2 9629//2
f 9159//4 9621//4 9628//4 9167//4
f 9627//6 9629//6 9628//6 9621//6
f 9169//1 9630//1 9631//1 9170//1
f 9170//4 9631//4 9622//4 9160//4
f 9630//6 9632//6 9622//6 9631//6
f 9171//2 9164//2 9625//2 9633//2
f 9172//3 9171//3 9633//3 9632//3
f 9173//1 9634//1 9627//1 9166//1
f 9174//2 9168//2 9629//2 9635//2
f 9173//3 9174//3 9635//3 9634//3
f 9179//1 9636//1 9630//1 9169//1
f 9180//2 9172//2 9632//2 9637//2
f 9179//3 9180//3 9637//3 9636//3
f 9181//1 9638//1 9635//1 9174//1
f 9182//2 9176//2 9639//2 9640//2
f 9174//4 9635//4 9639//4 9176//4
f 9187//1 9641//1 9642//1 9177//1
f 9188//2 9179//2 9636//2 9643//2
f 9177//4 9642//4 9636//4 9179//4
f 9644//1 9645//1 9638//1 9181//1
f 9644//3 9189//3 9646//3 9645//3
f 9644//5 9181//5 9182//5 9189//5
f 9190//2 9184//2 9647//2 9648//2
f 9182//4 9640//4 9647//4 9184//4
f 9191//1 9649//1 9650//1 9185//1
f 9185//4 9650//4 9641//4 9187//4
f 9651//2 9188//2 9643//2 9652//2
f 9192//3 9651//3 9652//3 9653//3
f 9192//5 9187//5 9188//5 9651//5
f 9654//1 9655//1 9646//1 9189//1
f 9654//3 9193//3 9656//3 9655//3
f 9654//5 9189//5 9190//5 9193//5
f 9195//2 9194//2 9657//2 9658//2
f 9190//4 9648//4 9657//4 9194//4
f 9196//1 9659//1 9660//1 9197//1
f 9197//4 9660//4 9649//4 9191//4
f 9661//2 9192//2 9653//2 9662//2
f 9198//3 9661//3 9662//3 9663//3
f 9198//5 9191//5 9192//5 9661//5
f 9200//1 9664//1 9656//1 9193//1
f 9200//3 9201//3 9665//3 9664//3
f 9203//2 9202//2 9666//2 9667//2
f 9195//4 9658//4 9666//4 9202//4
f 9204//1 9668//1 9669//1 9205//1
f 9205//4 9669//4 9659//4 9196//4
f 9207//2 9198//2 9663//2 9670//2
f 9208//3 9207//3 9670//3 9671//3
f 9210//1 9672//1 9665//1 9201//1
f 9210//3 9211//3 9673//3 9672//3
f 9213//2 9212//2 9674//2 9675//2
f 9203//4 9667//4 9674//4 9212//4
f 9214//1 9676//1 9677//1 9215//1
f 9215//4 9677//4 9668//4 9204//4
f 9217//2 9208//2 9671//2 9678//2
f 9218//3 9217//3 9678//3 9679//3
f 9220//1 9680//1 9673//1 9211//1
f 9220//3 9221//3 9681//3 9680//3
f 9225//2 9222//2 9682//2 9683//2
f 9213//4 9675//4 9682//4 9222//4
f 9229//1 9684//1 9685//1 9228//1
f 9228//4 9685//4 9676//4 9214//4
f 9231//2 9218//2 9679//2 9686//2
f 9232//3 9231//3 9686//3 9687//3
f 9234//1 9688//1 9681//1 9221//1
f 9234//3 9235//3 9689//3 9688//3
f 9236//2 9224//2 9690//2 9691//2
f 9225//4 9683//4 9690//4 9224//4
f 9241//1 9692//1 9693//1 9226//1
f 9226//4 9693//4 9684//4 9229//4
f 9244//2 9232//2 9687//2 9694//2
f 9242//3 9244//3 9694//3 9695//3
f 9696//1 9697//1 9689//1 9235//1
f 9696//3 9245//3 9698//3 9697//3
f 9696//5 9235//5 9236//5 9245//5
f 9236//4 9691//4 9699//4 9238//4
f 9248//2 9247//2 9700//2 9701//2
f 9238//4 9699//4 9700//4 9247//4
f 9702//6 9701//6 9700//6 9699//6
f 9249//1 9703//1 9704//1 9250//1
f 9250//4 9704//4 9705//4 9239//4
f 9703//6 9706//6 9705//6 9704//6
f 9239//4 9705//4 9692//4 9241//4
f 9707//2 9242//2 9695//2 9708//2
f 9251//3 9707//3 9708//3 9709//3
f 9251//5 9241//5 9242//5 9707//5
f 9710//1 9711//1 9698//1 9245//1
f 9710//3 9253//3 9712//3 9711//3
f 9710//5 9245//5 9246//5 9253//5
f 9253//3 9254//3 9713//3 9712//3
f 9258//2 9255//2 9714//2 9715//2
f 9248//4 9701//4 9714//4 9255//4
f 9262//1 9716//1 9717//1 9261//1
f 9261//4 9717//4 9703//4 9249//4
f 9264//3 9263//3 9718//3 9719//3
f 9720//2 9251//2 9709//2 9721//2
f 9263//3 9720//3 9721//3 9718//3
f 9263//5 9252//5 9251//5 9720//5
f 9266//1 9722//1 9713//1 9254//1
f 9266//3 9267//3 9723//3 9722//3
f 9258//4 9715//4 9724//4 9257//4
f 9270//2 9269//2 9725//2 9726//2
f 9257//4 9724//4 9725//4 9269//4
f 9727//6 9726//6 9725//6 9724//6
f 9271//1 9728//1 9729//1 9272//1
f 9272//4 9729//4 9730//4 9259//4
f 9728//6 9731//6 9730//6 9729//6
f 9259//4 9730//4 9716//4 9262//4
f 9276//2 9264//2 9719//2 9732//2
f 9273//3 9276//3 9732//3 9733//3
f 9734//1 9735//1 9723//1 9267//1
f 9734//3 9277//3 9736//3 9735//3
f 9734//5 9267//5 9268//5 9277//5
f 9277//3 9278//3 9737//3 9736//3
f 9270//4 9726//4 9738//4 9279//4
f 9282//2 9280//2 9739//2 9740//2
f 9279//4 9738//4 9739//4 9280//4
f 9741//6 9740//6 9739//6 9738//6
f 9291//1 9742//1 9743//1 9290//1
f 9290//4 9743//4 9744//4 9292//4
f 9742//6 9745//6 9744//6 9743//6
f 9292//4 9744//4 9728//4 9271//4
f 9294//3 9293//3 9746//3 9747//3
f 9748//2 9273//2 9733//2 9749//2
f 9293//3 9748//3 9749//3 9746//3
f 9293//5 9274//5 9273//5 9748//5
f 9296//1 9750//1 9737//1 9278//1
f 9296//3 9298//3 9751//3 9750//3
f 9298//3 9299//3 9752//3 9751//3
f 9282//4 9740//4 9753//4 9283//4
f 9283//4 9753//4 9754//4 9285//4
f 9285//4 9754//4 9755//4 9286//4
f 9286//4 9755//4 9756//4 9289//4
f 9289//4 9756//4 9742//4 9291//4
f 9304//3 9306//3 9757//3 9758//3
f 9308//2 9294//2 9747//2 9759//2
f 9306//3 9308//3 9759//3 9757//3
f 9760//1 9761//1 9752//1 9299//1
f 9760//3 9762//3 9763//3 9761//3
f 9760//5 9299//5 9300//5 9762//5
f 9762//3 9310//3 9764//3 9763//3
f 9762//5 9300//5 9301//5 9310//5
f 9310//3 9312//3 9765//3 9764//3
f 9312//3 9766//3 9767//3 9765//3
f 9312//5 9303//5 9302//5 9766//5
f 9768//2 9304//2 9758//2 9769//2
f 9766//3 9768//3 9769//3 9767//3
f 9766//5 9302//5 9304//5 9768//5
f 9592//1 10055//1 10041//1 9578//1
f 9592//3 9593//3 10056//3 10055//3
f 9594//2 9580//2 10043//2 10057//2
f 9595//1 10058//1 10053//1 9590//1
f 9596//2 9591//2 10054//2 10059//2
f 9597//3 9596//3 10059//3 10060//3
f 9598//1 10061//1 10056//1 9593//1
f 9599//2 9594//2 10057//2 10062//2
f 9598//3 9599//3 10062//3 10061//3
f 9600//1 10063//1 10058//1 9595//1
f 9601//2 9597//2 10060//2 10064//2
f 9600//3 9601//3 10064//3 10063//3
f 9602//1 10065//1 10062//1 9599//1
f 9604//2 9603//2 10066//2 10067//2
f 9599//4 10062//4 10066//4 9603//4
f 9605//1 10068//1 10069//1 9606//1
f 9607//2 9600//2 10063//2 10070//2
f 9606//4 10069//4 10063//4 9600//4
f 9609//1 10071//1 10065//1 9602//1
f 9609//3 9610//3 10072//3 10071//3
f 9612//2 9611//2 10073//2 10074//2
f 9604//4 10067//4 10073//4 9611//4
f 9613//1 10075//1 10076//1 9614//1
f 9614//4 10076//4 10068//4 9605//4
f 9616//2 9607//2 10070//2 10077//2
f 9617//3 9616//3 10077//3 10078//3
f 9618//1 10079//1 10072//1 9610//1
f 9618//3 9619//3 10080//3 10079//3
f 9621//2 9620//2 10081//2 10082//2
f 9612//4 10074//4 10081//4 9620//4
f 9622//1 10083//1 10084//1 9623//1
f 9623//4 10084//4 10075//4 9613//4
f 9624//2 9617//2 10078//2 10085//2
f 9625//3 9624//3 10085//3 10086//3
f 9626//1 10087//1 10080//1 9619//1
f 9627//2 9621//2 10082//2 10088//2
f 9626//3 9627//3 10088//3 10087//3
f 9632//1 10089//1 10083//1 9622//1
f 9633//2 9625//2 10086//2 10090//2
f 9632//3 9633//3 10090//3 10089//3
f 9634//1 10091//1 10088//1 9627//1
f 9635//2 9629//2 10092//2 10093//2
f 9627//4 10088//4 10092//4 9629//4
f 9636//1 10094//1 10095//1 9630//1
f 9637//2 9632//2 10089//2 10096//2
f 9630//4 10095//4 10089//4 9632//4
f 10097//1 10098//1 10091//1 9634//1
f 10097//3 9638//3 10099//3 10098//3
f 10097//5 9634//5 9635//5 9638//5
f 9640//2 9639//2 10100//2 10101//2
f 9635//4 10093//4 10100//4 9639//4
f 9641//1 10102//1 10103//1 9642//1
f 9642//4 10103//4 10094//4 9636//4
f 10104//2 9637//2 10096//2 10105//2
f 9643//3 10104//3 10105//3 10106//3
f 9643//5 9636//5 9637//5 10104//5
f 9645//1 10107//1 10099//1 9638//1
f 9645//3 9646//3 10108//3 10107//3
f 9648//2 9647//2 10109//2 10110//2
f 9640//4 10101//4 10109//4 9647//4
f 9649//1 10111//1 10112//1 9650//1
f 9650//4 10112//4 10102//4 9641//4
f 9652//2 9643//2 10106//2 10113//2
f 9653//3 9652//3 10113//3 10114//3
f 9655//1 10115//1 10108//1 9646//1
f 9655//3 9656//3 10116//3 10115//3
f 9658//2 9657//2 10117//2 10118//2
f 9648//4 10110//4 10117//4 9657//4
f 9659//1 10119//1 10120//1 9660//1
f 9660//4 10120//4 10111//4 9649//4
f 9662//2 9653//2 10114//2 10121//2
f 9663//3 9662//3 10121//3 10122//3
f 9664//1 10123//1 10116//1 9656//1
f 9664//3 9665//3 10124//3 10123//3
f 9667//2 9666//2 10125//2 10126//2
f 9658//4 10118//4 10125//4 9666//4
f 9668//1 10127//1 10128//1 9669//1
f 9669//4 10128//4 10119//4 9659//4
f 9670//2 9663//2 10122//2 10129//2
f 9671//3 9670//3 10129//3 10130//3
f 9672//1 10131//1 10124//1 9665//1
f 9672//3 9673//3 10132//3 10131//3
f 9675//2 9674//2 10133//2 10134//2
f 9667//4 10126//4 10133//4 9674//4
f 9676//1 10135//1 10136//1 9677//1
f 9677//4 10136//4 10127//4 9668//4
f 9678//2 9671//2 10130//2 10137//2
f 9679//3 9678//3 10137//3 10138//3
f 9680//1 10139//1 10132//1 9673//1
f 9680//3 9681//3 10140//3 10139//3
f 9683//2 9682//2 10141//2 10142//2
f 9675//4 10134//4 10141//4 9682//4
f 9684//1 10143//1 10144//1 9685//1
f 9685//4 10144//4 10135//4 9676//4
f 9686//2 9679//2 10138//2 10145//2
f 9687//3 9686//3 10145//3 10146//3
f 9688//1 10147//1 10140//1 9681//1
f 9688//3 9689//3 10148//3 10147//3
f 9691//2 9690//2 10149//2 10150//2
f 9683//4 10142//4 10149//4 9690//4
f 9692//1 10151//1 10152//1 9693//1
f 9693//4 10152//4 10143//4 9684//4
f 9694//2 9687//2 10146//2 10153//2
f 9695//3 9694//3 10153//3 10154//3
f 9697//1 10155//1 10148//1 9689//1
f 9697//3 9698//3 10156//3 10155//3
f 9702//2 9699//2 10157//2 10158//2
f 9691//4 10150//4 10157//4 9699//4
f 9706//1 10159//1 10160//1 9705//1
f 9705//4 10160//4 10151//4 9692//4
f 9708//2 9695//2 10154//2 10161//2
f 9709//3 9708//3 10161//3 10162//3
f 9711//1 10163//1 10156//1 9698//1
f 9711//3 9712//3 10164//3 10163//3
f 9702//4 10158//4 10165//4 9701//4
f 9715//2 9714//2 10166//2 10167//2
f 9701//4 10165//4 10166//4 9714//4
f 9716//1 10168//1 10169//1 9717//1
f 9717//4 10169//4 10170//4 9703//4
f 9703//4 10170//4 10159//4 9706//4
f 9721//2 9709//2 10162//2 10171//2
f 9718//3 9721//3 10171//3 10172//3
f 10173//1 10174//1 10164//1 9712//1
f 10173//3 9722//3 10175//3 10174//3
f 10173//5 9712//5 9713//5 9722//5
f 9722//3 9723//3 10176//3 10175//3
f 9727//2 9724//2 10177//2 10178//2
f 9715//4 10167//4 10177//4 9724//4
f 9731//1 10179//1 10180//1 9730//1
f 9730//4 10180//4 10168//4 9716//4
f 9733//3 9732//3 10181//3 10182//3
f 10183//2 9718//2 10172//2 10184//2
f 9732//3 10183//3 10184//3 10181//3
f 9732//5 9719//5 9718//5 10183//5
f 9735//1 10185//1 10176//1 9723//1
f 9735//3 9736//3 10186//3 10185//3
f 9727//4 10178//4 10187//4 9726//4
f 9741//2 9738//2 10188//2 10189//2
f 9726//4 10187//4 10188//4 9738//4
f 9745//1 10190//1 10191//1 9744//1
f 9744//4 10191//4 10192//4 9728//4
f 9728//4 10192//4 10179//4 9731//4
f 9749//2 9733//2 10182//2 10193//2
f 9746//3 9749//3 10193//3 10194//3
f 10195//1 10196//1 10186//1 9736//1
f 10195//3 9750//3 10197//3 10196//3
f 10195//5 9736//5 9737//5 9750//5
f 9750//3 9751//3 10198//3 10197//3
f 9741//4 10189//4 10199//4 9740//4
f 9740//4 10199//4 10200//4 9753//4
f 9753//4 10200//4 10201//4 9754//4
f 9754//4 10201//4 10202//4 9755//4
f 9755//4 10202//4 10203//4 9756//4
f 9756//4 10203//4 10204//4 9742//4
f 9742//4 10204//4 10190//4 9745//4
f 9757//3 9759//3 10205//3 10206//3
f 10207//2 9746//2 10194//2 10208//2
f 9759//3 10207//3 10208//3 10205//3
f 9759//5 9747//5 9746//5 10207//5
f 10209//1 10210//1 10198//1 9751//1
f 10209//3 9761//3 10211//3 10210//3
f 10209//5 9751//5 9752//5 9761//5
f 9761//3 9763//3 10212//3 10211//3
f 9763//3 9764//3 10213//3 10212//3
f 9764//3 9765//3 10214//3 10213//3
f 9765//3 9767//3 10215//3 10214//3
f 9767//3 9769//3 10216//3 10215//3
f 10217//2 9757//2 10206//2 10218//2
f 9769//3 10217//3 10218//3 10216//3
f 9769//5 9758//5 9757//5 10217//5
f 10055//1 10631//1 10615//1 10041//1
f 10055//3 10056//3 10632//3 10631//3
f 10057//2 10043//2 10617//2 10633//2
f 10058//1 10634//1 10627//1 10053//1
f 10059//2 10054//2 10630//2 10635//2
f 10060//3 10059//3 10635//3 10636//3
f 10061//1 10637//1 10632//1 10056//1
f 10062//2 10057//2 10633//2 10638//2
f 10061//3 10062//3 10638//3 10637//3
f 10063//1 10639//1 10634//1 10058//1
f 10064//2 10060//2 10636//2 10640//2
f 10063//3 10064//3 10640//3 10639//3
f 10065//1 10641//1 10638//1 10062//1
f 10067//2 10066//2 10642//2 10643//2
f 10062//4 10638//4 10642//4 10066//4
f 10068//1 10644//1 10645//1 10069//1
f 10070//2 10063//2 10639//2 10646//2
f 10069//4 10645//4 10639//4 10063//4
f 10071//1 10647//1 10641//1 10065//1
f 10071//3 10072//3 10648//3 10647//3
f 10074//2 10073//2 10649//2 10650//2
f 10067//4 10643//4 10649//4 10073//4
f 10075//1 10651//1 10652//1 10076//1
f 10076//4 10652//4 10644//4 10068//4
f 10077//2 10070//2 10646//2 10653//2
f 10078//3 10077//3 10653//3 10654//3
f 10079//1 10655//1 10648//1 10072//1
f 10079//3 10080//3 10656//3 10655//3
f 10082//2 10081//2 10657//2 10658//2
f 10074//4 10650//4 10657//4 10081//4
f 10083//1 10659//1 10660//1 10084//1
f 10084//4 10660//4 10651//4 10075//4
f 10085//2 10078//2 10654//2 10661//2
f 10086//3 10085//3 10661//3 10662//3
f 10087//1 10663//1 10656//1 10080//1
f 10088//2 10082//2 10658//2 10664//2
f 10087//3 10088//3 10664//3 10663//3
f 10089//1 10665//1 10659//1 10083//1
f 10090//2 10086//2 10662//2 10666//2
f 10089//3 10090//3 10666//3 10665//3
f 10091//1 10667//1 10664//1 10088//1
f 10093//2 10092//2 10668//2 10669//2
f 10088//4 10664//4 10668//4 10092//4
f 10094//1 10670//1 10671//1 10095//1
f 10096//2 10089//2 10665//2 10672//2
f 10095//4 10671//4 10665//4 10089//4
f 10098//1 10673//1 10667//1 10091//1
f 10098//3 10099//3 10674//3 10673//3
f 10101//2 10100//2 10675//2 10676//2
f 10093//4 10669//4 10675//4 10100//4
f 10102//1 10677//1 10678//1 10103//1
f 10103//4 10678//4 10670//4 10094//4
f 10105//2 10096//2 10672//2 10679//2
f 10106//3 10105//3 10679//3 10680//3
f 10107//1 10681//1 10674//1 10099//1
f 10107//3 10108//3 10682//3 10681//3
f 10110//2 10109//2 10683//2 10684//2
f 10101//4 10676//4 10683//4 10109//4
f 10111//1 10685//1 10686//1 10112//1
f 10112//4 10686//4 10677//4 10102//4
f 10113//2 10106//2 10680//2 10687//2
f 10114//3 10113//3 10687//3 10688//3
f 10115//1 10689//1 10682//1 10108//1
f 10115//3 10116//3 10690//3 10689//3
f 10118//2 10117//2 10691//2 10692//2
f 10110//4 10684//4 10691//4 10117//4
f 10119//1 10693//1 10694//1 10120//1
f 10120//4 10694//4 10685//4 10111//4
f 10121//2 10114//2 10688//2 10695//2
f 10122//3 10121//3 10695//3 10696//3
f 10123//1 10697//1 10690//1 10116//1
f 10123//3 10124//3 10698//3 10697//3
f 10126//2 10125//2 10699//2 10700//2
f 10118//4 10692//4 10699//4 10125//4
f 10127//1 10701//1 10702//1 10128//1
f 10128//4 10702//4 10693//4 10119//4
f 10129//2 10122//2 10696//2 10703//2
f 10130//3 10129//3 10703//3 10704//3
f 10131//1 10705//1 10698//1 10124//1
f 10131//3 10132//3 10706//3 10705//3
f 10134//2 10133//2 10707//2 10708//2
f 10126//4 10700//4 10707//4 10133//4
f 10135//1 10709//1 10710//1 10136//1
f 10136//4 10710//4 10701//4 10127//4
f 10137//2 10130//2 10704//2 10711//2
f 10138//3 10137//3 10711//3 10712//3
f 10139//1 10713//1 10706//1 10132//1
f 10139//3 10140//3 10714//3 10713//3
f 10142//2 10141//2 10715//2 10716//2
f 10134//4 10708//4 10715//4 10141//4
f 10143//1 10717//1 10718//1 10144//1
f 10144//4 10718//4 10709//4 10135//4
f 10145//2 10138//2 10712//2 10719//2
f 10146//3 10145//3 10719//3 10720//3
f 10147//1 10721//1 10714//1 10140//1
f 10147//3 10148//3 10722//3 10721//3
f 10150//2 10149//2 10723//2 10724//2
f 10142//4 10716//4 10723//4 10149//4
f 10151//1 10725//1 10726//1 10152//1
f 10152//4 10726//4 10717//4 10143//4
f 10153//2 10146//2 10720//2 10727//2
f 10154//3 10153//3 10727//3 10728//3
f 10155//1 10729//1 10722//1 10148//1
f 10155//3 10156//3 10730//3 10729//3
f 10158//2 10157//2 10731//2 10732//2
f 10150//4 10724//4 10731//4 10157//4
f 10159//1 10733//1 10734//1 10160//1
f 10160//4 10734//4 10725//4 10151//4
f 10161//2 10154//2 10728//2 10735//2
f 10162//3 10161//3 10735//3 10736//3
f 10163//1 10737//1 10730//1 10156//1
f 10163//3 10164//3 10738//3 10737//3
f 10158//4 10732//4 10739//4 10165//4
f 10167//2 10166//2 10740//2 10741//2
f 10165//4 10739//4 10740//4 10166//4
f 10168//1 10742//1 10743//1 10169//1
f 10169//4 10743//4 10744//4 10170//4
f 10170//4 10744//4 10733//4 10159//4
f 10171//2 10162//2 10736//2 10745//2
f 10172//3 10171//3 10745//3 10746//3
f 10174//1 10747//1 10738//1 10164//1
f 10174//3 10175//3 10748//3 10747//3
f 10175//3 10176//3 10749//3 10748//3
f 10178//2 10177//2 10750//2 10751//2
f 10167//4 10741//4 10750//4 10177//4
f 10179//1 10752//1 10753//1 10180//1
f 10180//4 10753//4 10742//4 10168//4
f 10182//3 10181//3 10754//3 10755//3
f 10184//2 10172//2 10746//2 10756//2
f 10181//3 10184//3 10756//3 10754//3
f 10185//1 10757//1 10749//1 10176//1
f 10185//3 10186//3 10758//3 10757//3
f 10178//4 10751//4 10759//4 10187//4
f 10189//2 10188//2 10760//2 10761//2
f 10187//4 10759//4 10760//4 10188//4
f 10190//1 10762//1 10763//1 10191//1
f 10191//4 10763//4 10764//4 10192//4
f 10192//4 10764//4 10752//4 10179//4
f 10193//2 10182//2 10755//2 10765//2
f 10194//3 10193//3 10765//3 10766//3
f 10196//1 10767//1 10758//1 10186//1
f 10196//3 10197//3 10768//3 10767//3
f 10197//3 10198//3 10769//3 10768//3
f 10189//4 10761//4 10770//4 10199//4
f 10199//4 10770//4 10771//4 10200//4
f 10200//4 10771//4 10772//4 10201//4
f 10201//4 10772//4 10773//4 10202//4
f 10202//4 10773//4 10774//4 10203//4
f 10203//4 10774//4 10775//4 10204//4
f 10204//4 10775//4 10762//4 10190//4
f 10206//3 10205//3 10776//3 10777//3
f 10208//2 10194//2 10766//2 10778//2
f 10205//3 10208//3 10778//3 10776//3
f 10210//1 10779//1 10769//1 10198//1
f 10210//3 10211//3 10780//3 10779//3
f 10211//3 10212//3 10781//3 10780//3
f 10212//3 10213//3 10782//3 10781//3
f 10213//3 10214//3 10783//3 10782//3
f 10214//3 10215//3 10784//3 10783//3
f 10215//3 10216//3 10785//3 10784//3
f 10218//2 10206//2 10777//2 10786//2
f 10216//3 10218//3 10786//3 10785//3
f 10631//1 11054//1 11040//1 10615//1
f 10631//3 10632//3 11055//3 11054//3
f 10633//2 10617//2 11042//2 11056//2
f 10634//1 11057//1 11052//1 10627//1
f 10635//2 10630//2 11053//2 11058//2
f 10636//3 10635//3 11058//3 11059//3
f 10637//1 11060//1 11055//1 10632//1
f 10638//2 10633//2 11056//2 11061//2
f 10637//3 10638//3 11061//3 11060//3
f 10639//1 11062//1 11057//1 10634//1
f 10640//2 10636//2 11059//2 11063//2
f 10639//3 10640//3 11063//3 11062//3
f 10641//1 11064//1 11061//1 10638//1
f 10643//2 10642//2 11065//2 11066//2
f 10638//4 11061//4 11065//4 10642//4
f 10644//1 11067//1 11068//1 10645//1
f 10646//2 10639//2 11062//2 11069//2
f 10645//4 11068//4 11062//4 10639//4
f 10647//1 11070//1 11064//1 10641//1
f 10647//3 10648//3 11071//3 11070//3
f 10650//2 10649//2 11072//2 11073//2
f 10643//4 11066//4 11072//4 10649//4
f 10651//1 11074//1 11075//1 10652//1
f 10652//4 11075//4 11067//4 10644//4
f 10653//2 10646//2 11069//2 11076//2
f 10654//3 10653//3 11076//3 11077//3
f 10655//1 11078//1 11071//1 10648//1
f 10655//3 10656//3 11079//3 11078//3
f 10658//2 10657//2 11080//2 11081//2
f 10650//4 11073//4 11080//4 10657//4
f 10659//1 11082//1 11083//1 10660//1
f 10660//4 11083//4 11074//4 10651//4
f 10661//2 10654//2 11077//2 11084//2
f 10662//3 10661//3 11084//3 11085//3
f 10663//1 11086//1 11079//1 10656//1
f 10664//2 10658//2 11081//2 11087//2
f 10663//3 10664//3 11087//3 11086//3
f 10665//1 11088//1 11082//1 10659//1
f 10666//2 10662//2 11085//2 11089//2
f 10665//3 10666//3 11089//3 11088//3
f 10667//1 11090//1 11087//1 10664//1
f 10669//2 10668//2 11091//2 11092//2
f 10664//4 11087//4 11091//4 10668//4
f 10670//1 11093//1 11094//1 10671//1
f 10672//2 10665//2 11088//2 11095//2
f 10671//4 11094//4 11088//4 10665//4
f 10673//1 11096//1 11090//1 10667//1
f 10673//3 10674//3 11097//3 11096//3
f 11096//6 11097//6 11092//6 11090//6
f 10676//2 10675//2 11098//2 11099//2
f 10669//4 11092//4 11098//4 10675//4
f 10677//1 11100//1 11101//1 10678//1
f 10678//4 11101//4 11093//4 10670//4
f 10679//2 10672//2 11095//2 11102//2
f 10680//3 10679//3 11102//3 11103//3
f 11103//6 11102//6 11095//6 11093//6
f 10681//1 11104//1 11097//1 10674//1
f 10681//3 10682//3 11105//3 11104//3
f 10684//2 10683//2 11106//2 11107//2
f 10676//4 11099//4 11106//4 10683//4
f 10685//1 11108//1 11109//1 10686//1
f 10686//4 11109//4 11100//4 10677//4
f 10687//2 10680//2 11103//2 11110//2
f 10688//3 10687//3 11110//3 11111//3
f 10689//1 11112//1 11105//1 10682//1
f 10689//3 10690//3 11113//3 11112//3
f 10692//2 10691//2 11114//2 11115//2
f 10684//4 11107//4 11114//4 10691//4
f 10693//1 11116//1 11117//1 10694//1
f 10694//4 11117//4 11108//4 10685//4
f 10695//2 10688//2 11111//2 11118//2
f 10696//3 10695//3 11118//3 11119//3
f 10697//1 11120//1 11113//1 10690//1
f 10697//3 10698//3 11121//3 11120//3
f 10700//2 10699//2 11122//2 11123//2
f 10692//4 11115//4 11122//4 10699//4
f 10701//1 11124//1 11125//1 10702//1
f 10702//4 11125//4 11116//4 10693//4
f 10703//2 10696//2 11119//2 11126//2
f 10704//3 10703//3 11126//3 11127//3
f 10705//1 11128//1 11121//1 10698//1
f 10705//3 10706//3 11129//3 11128//3
f 10708//2 10707//2 11130//2 11131//2
f 10700//4 11123//4 11130//4 10707//4
f 10709//1 11132//1 11133//1 10710//1
f 10710//4 11133//4 11124//4 10701//4
f 10711//2 10704//2 11127//2 11134//2
f 10712//3 10711//3 11134//3 11135//3
f 10713//1 11136//1 11129//1 10706//1
f 10713//3 10714//3 11137//3 11136//3
f 10716//2 10715//2 11138//2 11139//2
f 10708//4 11131//4 11138//4 10715//4
f 10717//1 11140//1 11141//1 10718//1
f 10718//4 11141//4 11132//4 10709//4
f 10719//2 10712//2 11135//2 11142//2
f 10720//3 10719//3 11142//3 11143//3
f 10721//1 11144//1 11137//1 10714//1
f 10721//3 10722//3 11145//3 11144//3
f 10724//2 10723//2 11146//2 11147//2
f 10716//4 11139//4 11146//4 10723//4
f 10725//1 11148//1 11149//1 10726//1
f 10726//4 11149//4 11140//4 10717//4
f 10727//2 10720//2 11143//2 11150//2
f 10728//3 10727//3 11150//3 11151//3
f 10729//1 11152//1 11145//1 10722//1
f 10729//3 10730//3 11153//3 11152//3
f 10732//2 10731//2 11154//2 11155//2
f 10724//4 11147//4 11154//4 10731//4
f 10733//1 11156//1 11157//1 10734//1
f 10734//4 11157//4 11148//4 10725//4
f 10735//2 10728//2 11151//2 11158//2
f 10736//3 10735//3 11158//3 11159//3
f 10737//1 11160//1 11153//1 10730//1
f 10737//3 10738//3 11161//3 11160//3
f 10732//4 11155//4 11162//4 10739//4
f 10741//2 10740//2 11163//2 11164//2
f 10739//4 11162//4 11163//4 10740//4
f 10742//1 11165//1 11166//1 10743//1
f 10743//4 11166//4 11167//4 10744//4
f 10744//4 11167//4 11156//4 10733//4
f 10745//2 10736//2 11159//2 11168//2
f 10746//3 10745//3 11168//3 11169//3
f 10747//1 11170//1 11161//1 10738//1
f 10747//3 10748//3 11171//3 11170//3
f 11170//6 11171//6 11172//6 11161//6
f 10748//3 10749//3 11173//3 11171//3
f 10751//2 10750//2 11174//2 11175//2
f 10741//4 11164//4 11174//4 10750//4
f 10752//1 11176//1 11177//1 10753//1
f 10753//4 11177//4 11165//4 10742//4
f 10755//3 10754//3 11178//3 11179//3
f 10756//2 10746//2 11169//2 11180//2
f 10754//3 10756//3 11180//3 11178//3
f 11178//6 11180//6 11169//6 11181//6
f 10757//1 11182//1 11173//1 10749//1
f 10757//3 10758//3 11183//3 11182//3
f 10751//4 11175//4 11184//4 10759//4
f 10761//2 10760//2 11185//2 11186//2
f 10759//4 11184//4 11185//4 10760//4
f 10762//1 11187//1 11188//1 10763//1
f 10763//4 11188//4 11189//4 10764//4
f 10764//4 11189//4 11176//4 10752//4
f 10765//2 10755//2 11179//2 11190//2
f 10766//3 10765//3 11190//3 11191//3
f 10767//1 11192//1 11183//1 10758//1
f 10767//3 10768//3 11193//3 11192//3
f 11192//6 11193//6 11194//6 11183//6
f 10768//3 10769//3 11195//3 11193//3
f 10761//4 11186//4 11196//4 10770//4
f 10770//4 11196//4 11197//4 10771//4
f 10771//4 11197//4 11198//4 10772//4
f 10772//4 11198//4 11199//4 10773//4
f 10773//4 11199//4 11200//4 10774//4
f 10774//4 11200//4 11201//4 10775//4
f 10775//4 11201//4 11187//4 10762//4
f 10777//3 10776//3 11202//3 11203//3
f 10778//2 10766//2 11191//2 11204//2
f 10776//3 10778//3 11204//3 11202//3
f 11202//6 11204//6 11191//6 11205//6
f 10779//1 11206//1 11195//1 10769//1
f 10779//3 10780//3 11207//3 11206//3
f 11206//6 11207//6 11208//6 11195//6
f 10780//3 10781//3 11209//3 11207//3
f 10781//3 10782//3 11210//3 11209//3
f 10782//3 10783//3 11211//3 11210//3
f 10783//3 10784//3 11212//3 11211//3
f 10784//3 10785//3 11213//3 11212//3
f 10786//2 10777//2 11203//2 11214//2
f 10785//3 10786//3 11214//3 11213//3
f 11213//6 11214//6 11203//6 11215//6
f 11054//1 11426//1 11412//1 11040//1
f 11054//3 11055//3 11427//3 11426//3
f 11056//2 11042//2 11414//2 11428//2
f 11057//1 11429//1 11424//1 11052//1
f 11058//2 11053//2 11425//2 11430//2
f 11059//3 11058//3 11430//3 11431//3
f 11060//1 11432//1 11427//1 11055//1
f 11061//2 11056//2 11428//2 11433//2
f 11060//3 11061//3 11433//3 11432//3
f 11062//1 11434//1 11429//1 11057//1
f 11063//2 11059//2 11431//2 11435//2
f 11062//3 11063//3 11435//3 11434//3
f 11064//1 11436//1 11433//1 11061//1
f 11066//2 11065//2 11437//2 11438//2
f 11061//4 11433//4 11437//4 11065//4
f 11067//1 11439//1 11440//1 11068//1
f 11069//2 11062//2 11434//2 11441//2
f 11068//4 11440//4 11434//4 11062//4
f 11070//1 11442//1 11436//1 11064//1
f 11070//3 11071//3 11443//3 11442//3
f 11442//6 11443//6 11438//6 11436//6
f 11073//2 11072//2 11444//2 11445//2
f 11066//4 11438//4 11444//4 11072//4
f 11074//1 11446//1 11447//1 11075//1
f 11075//4 11447//4 11439//4 11067//4
f 11076//2 11069//2 11441//2 11448//2
f 11077//3 11076//3 11448//3 11449//3
f 11449//6 11448//6 11441//6 11439//6
f 11078//1 11450//1 11443//1 11071//1
f 11078//3 11079//3 11451//3 11450//3
f 11081//2 11080//2 11452//2 11453//2
f 11073//4 11445//4 11452//4 11080//4
f 11082//1 11454//1 11455//1 11083//1
f 11083//4 11455//4 11446//4 11074//4
f 11084//2 11077//2 11449//2 11456//2
f 11085//3 11084//3 11456//3 11457//3
f 11086//1 11458//1 11451//1 11079//1
f 11086//3 11087//3 11459//3 11458//3
f 11091//2 11460//2 11461//2 11462//2
f 11081//4 11453//4 11461//4 11460//4
f 11087//5 11081//5 11460//5 11091//5
f 11094//1 11463//1 11464//1 11465//1
f 11465//4 11464//4 11454//4 11082//4
f 11094//5 11465//5 11082//5 11088//5
f 11089//2 11085//2 11457//2 11466//2
f 11088//3 11089//3 11466//3 11467//3
f 11090//1 11468//1 11459//1 11087//1
f 11092//2 11091//2 11462//2 11469//2
f 11090//3 11092//3 11469//3 11468//3
f 11093//1 11470//1 11463//1 11094//1
f 11095//2 11088//2 11467//2 11471//2
f 11093//3 11095//3 11471//3 11470//3
f 11097//1 11472//1 11469//1 11092//1
f 11099//2 11098//2 11473//2 11474//2
f 11092//4 11469//4 11473//4 11098//4
f 11100//1 11475//1 11476//1 11101//1
f 11103//2 11093//2 11470//2 11477//2
f 11101//4 11476//4 11470//4 11093//4
f 11104//1 11478//1 11472//1 11097//1
f 11104//3 11105//3 11479//3 11478//3
f 11478//6 11479//6 11474//6 11472//6
f 11107//2 11106//2 11480//2 11481//2
f 11099//4 11474//4 11480//4 11106//4
f 11108//1 11482//1 11483//1 11109//1
f 11109//4 11483//4 11475//4 11100//4
f 11110//2 11103//2 11477//2 11484//2
f 11111//3 11110//3 11484//3 11485//3
f 11485//6 11484//6 11477//6 11475//6
f 11112//1 11486//1 11479//1 11105//1
f 11112//3 11113//3 11487//3 11486//3
f 11486//6 11487//6 11481//6 11479//6
f 11115//2 11114//2 11488//2 11489//2
f 11107//4 11481//4 11488//4 11114//4
f 11116//1 11490//1 11491//1 11117//1
f 11117//4 11491//4 11482//4 11108//4
f 11118//2 11111//2 11485//2 11492//2
f 11119//3 11118//3 11492//3 11493//3
f 11493//6 11492//6 11485//6 11482//6
f 11120//1 11494//1 11487//1 11113//1
f 11120//3 11121//3 11495//3 11494//3
f 11123//2 11122//2 11496//2 11497//2
f 11115//4 11489//4 11496//4 11122//4
f 11124//1 11498//1 11499//1 11125//1
f 11125//4 11499//4 11490//4 11116//4
f 11126//2 11119//2 11493//2 11500//2
f 11127//3 11126//3 11500//3 11501//3
f 11128//1 11502//1 11495//1 11121//1
f 11128//3 11129//3 11503//3 11502//3
f 11131//2 11130//2 11504//2 11505//2
f 11123//4 11497//4 11504//4 11130//4
f 11132//1 11506//1 11507//1 11133//1
f 11133//4 11507//4 11498//4 11124//4
f 11134//2 11127//2 11501//2 11508//2
f 11135//3 11134//3 11508//3 11509//3
f 11136//1 11510//1 11503//1 11129//1
f 11136//3 11137//3 11511//3 11510//3
f 11139//2 11138//2 11512//2 11513//2
f 11131//4 11505//4 11512//4 11138//4
f 11140//1 11514//1 11515//1 11141//1
f 11141//4 11515//4 11506//4 11132//4
f 11142//2 11135//2 11509//2 11516//2
f 11143//3 11142//3 11516//3 11517//3
f 11144//1 11518//1 11511//1 11137//1
f 11144//3 11145//3 11519//3 11518//3
f 11147//2 11146//2 11520//2 11521//2
f 11139//4 11513//4 11520//4 11146//4
f 11148//1 11522//1 11523//1 11149//1
f 11149//4 11523//4 11514//4 11140//4
f 11150//2 11143//2 11517//2 11524//2
f 11151//3 11150//3 11524//3 11525//3
f 11152//1 11526//1 11519//1 11145//1
f 11152//3 11153//3 11527//3 11526//3
f 11526//6 11527//6 11521//6 11519//6
f 11147//4 11521//4 11528//4 11154//4
f 11162//2 11529//2 11530//2 11531//2
f 11154//4 11528//4 11530//4 11529//4
f 11155//5 11154//5 11529//5 11162//5
f 11167//1 11532//1 11533//1 11534//1
f 11534//4 11533//4 11535//4 11157//4
f 11167//5 11534//5 11157//5 11156//5
f 11157//4 11535//4 11522//4 11148//4
f 11158//2 11151//2 11525//2 11536//2
f 11159//3 11158//3 11536//3 11537//3
f 11537//6 11536//6 11525//6 11522//6
f 11160//1 11538//1 11527//1 11153//1
f 11160//3 11161//3 11539//3 11538//3
f 11538//6 11539//6 11540//6 11527//6
f 11161//3 11172//3 11541//3 11539//3
f 11164//2 11163//2 11542//2 11543//2
f 11162//4 11531//4 11542//4 11163//4
f 11165//1 11544//1 11545//1 11166//1
f 11166//4 11545//4 11532//4 11167//4
f 11181//3 11169//3 11546//3 11547//3
f 11168//2 11159//2 11537//2 11548//2
f 11169//3 11168//3 11548//3 11546//3
f 11546//6 11548//6 11537//6 11549//6
f 11171//1 11550//1 11541//1 11172//1
f 11171//3 11173//3 11551//3 11550//3
f 11164//4 11543//4 11552//4 11174//4
f 11184//2 11553//2 11554//2 11555//2
f 11174//4 11552//4 11554//4 11553//4
f 11175//5 11174//5 11553//5 11184//5
f 11189//1 11556//1 11557//1 11558//1
f 11558//4 11557//4 11559//4 11177//4
f 11189//5 11558//5 11177//5 11176//5
f 11177//4 11559//4 11544//4 11165//4
f 11178//2 11181//2 11547//2 11560//2
f 11179//3 11178//3 11560//3 11561//3
f 11182//1 11562//1 11551//1 11173//1
f 11182//3 11183//3 11563//3 11562//3
f 11562//6 11563//6 11564//6 11551//6
f 11183//3 11194//3 11565//3 11563//3
f 11184//4 11555//4 11566//4 11185//4
f 11196//2 11567//2 11568//2 11569//2
f 11185//4 11566//4 11568//4 11567//4
f 11186//5 11185//5 11567//5 11196//5
f 11201//1 11570//1 11571//1 11572//1
f 11572//4 11571//4 11573//4 11188//4
f 11201//5 11572//5 11188//5 11187//5
f 11188//4 11573//4 11556//4 11189//4
f 11205//3 11191//3 11574//3 11575//3
f 11190//2 11179//2 11561//2 11576//2
f 11191//3 11190//3 11576//3 11574//3
f 11574//6 11576//6 11561//6 11577//6
f 11193//1 11578//1 11565//1 11194//1
f 11193//3 11195//3 11579//3 11578//3
f 11195//3 11208//3 11580//3 11579//3
f 11196//4 11569//4 11581//4 11197//4
f 11197//4 11581//4 11582//4 11198//4
f 11198//4 11582//4 11583//4 11199//4
f 11199//4 11583//4 11584//4 11200//4
f 11200//4 11584//4 11570//4 11201//4
f 11215//3 11203//3 11585//3 11586//3
f 11202//2 11205//2 11575//2 11587//2
f 11203//3 11202//3 11587//3 11585//3
f 11207//1 11588//1 11580//1 11208//1
f 11207//3 11209//3 11589//3 11588//3
f 11588//6 11589//6 11590//6 11580//6
f 11209//3 11210//3 11591//3 11589//3
f 11589//6 11591//6 11592//6 11590//6
f 11210//3 11211//3 11593//3 11591//3
f 11211//3 11212//3 11594//3 11593//3
f 11593//6 11594//6 11595//6 11596//6
f 11213//2 11215//2 11586//2 11597//2
f 11212//3 11213//3 11597//3 11594//3
f 11594//6 11597//6 11586//6 11595//6
f 11426//1 11807//1 11789//1 11412//1
f 11426//3 11427//3 11808//3 11807//3
f 11807//6 11808//6 11809//6 11789//6
f 11428//2 11414//2 11791//2 11810//2
f 11429//1 11811//1 11805//1 11424//1
f 11430//2 11425//2 11806//2 11812//2
f 11431//3 11430//3 11812//3 11813//3
f 11813//6 11812//6 11806//6 11814//6
f 11432//1 11815//1 11808//1 11427//1
f 11432//3 11433//3 11816//3 11815//3
f 11437//2 11817//2 11818//2 11819//2
f 11428//4 11810//4 11818//4 11817//4
f 11433//5 11428//5 11817//5 11437//5
f 11440//1 11820//1 11821//1 11822//1
f 11822//4 11821//4 11811//4 11429//4
f 11440//5 11822//5 11429//5 11434//5
f 11435//2 11431//2 11813//2 11823//2
f 11434//3 11435//3 11823//3 11824//3
f 11436//1 11825//1 11816//1 11433//1
f 11438//2 11437//2 11819//2 11826//2
f 11436//3 11438//3 11826//3 11825//3
f 11439//1 11827//1 11820//1 11440//1
f 11441//2 11434//2 11824//2 11828//2
f 11439//3 11441//3 11828//3 11827//3
f 11443//1 11829//1 11826//1 11438//1
f 11445//2 11444//2 11830//2 11831//2
f 11438//4 11826//4 11830//4 11444//4
f 11446//1 11832//1 11833//1 11447//1
f 11449//2 11439//2 11827//2 11834//2
f 11447//4 11833//4 11827//4 11439//4
f 11450//1 11835//1 11829//1 11443//1
f 11450//3 11451//3 11836//3 11835//3
f 11835//6 11836//6 11831//6 11829//6
f 11453//2 11452//2 11837//2 11838//2
f 11445//4 11831//4 11837//4 11452//4
f 11454//1 11839//1 11840//1 11455//1
f 11455//4 11840//4 11832//4 11446//4
f 11456//2 11449//2 11834//2 11841//2
f 11457//3 11456//3 11841//3 11842//3
f 11842//6 11841//6 11834//6 11832//6
f 11458//1 11843//1 11836//1 11451//1
f 11458//3 11459//3 11844//3 11843//3
f 11462//2 11461//2 11845//2 11846//2
f 11453//4 11838//4 11845//4 11461//4
f 11463//1 11847//1 11848//1 11464//1
f 11464//4 11848//4 11839//4 11454//4
f 11466//2 11457//2 11842//2 11849//2
f 11467//3 11466//3 11849//3 11850//3
f 11468//1 11851//1 11844//1 11459//1
f 11468//3 11469//3 11852//3 11851//3
f 11473//2 11853//2 11854//2 11855//2
f 11462//4 11846//4 11854//4 11853//4
f 11469//5 11462//5 11853//5 11473//5
f 11476//1 11856//1 11857//1 11858//1
f 11858//4 11857//4 11847//4 11463//4
f 11476//5 11858//5 11463//5 11470//5
f 11471//2 11467//2 11850//2 11859//2
f 11470//3 11471//3 11859//3 11860//3
f 11472//1 11861//1 11852//1 11469//1
f 11472//3 11474//3 11862//3 11861//3
f 11480//2 11863//2 11864//2 11865//2
f 11473//4 11855//4 11864//4 11863//4
f 11474//5 11473//5 11863//5 11480//5
f 11483//1 11866//1 11867//1 11868//1
f 11868//4 11867//4 11856//4 11476//4
f 11483//5 11868//5 11476//5 11475//5
f 11477//2 11470//2 11860//2 11869//2
f 11475//3 11477//3 11869//3 11870//3
f 11479//1 11871//1 11862//1 11474//1
f 11481//2 11480//2 11865//2 11872//2
f 11479//3 11481//3 11872//3 11871//3
f 11482//1 11873//1 11866//1 11483//1
f 11485//2 11475//2 11870//2 11874//2
f 11482//3 11485//3 11874//3 11873//3
f 11487//1 11875//1 11872//1 11481//1
f 11489//2 11488//2 11876//2 11877//2
f 11481//4 11872//4 11876//4 11488//4
f 11490//1 11878//1 11879//1 11491//1
f 11493//2 11482//2 11873//2 11880//2
f 11491//4 11879//4 11873//4 11482//4
f 11494//1 11881//1 11875//1 11487//1
f 11494//3 11495//3 11882//3 11881//3
f 11881//6 11882//6 11877//6 11875//6
f 11497//2 11496//2 11883//2 11884//2
f 11489//4 11877//4 11883//4 11496//4
f 11498//1 11885//1 11886//1 11499//1
f 11499//4 11886//4 11878//4 11490//4
f 11500//2 11493//2 11880//2 11887//2
f 11501//3 11500//3 11887//3 11888//3
f 11888//6 11887//6 11880//6 11878//6
f 11502//1 11889//1 11882//1 11495//1
f 11502//3 11503//3 11890//3 11889//3
f 11889//6 11890//6 11884//6 11882//6
f 11505//2 11504//2 11891//2 11892//2
f 11497//4 11884//4 11891//4 11504//4
f 11506//1 11893//1 11894//1 11507//1
f 11507//4 11894//4 11885//4 11498//4
f 11508//2 11501//2 11888//2 11895//2
f 11509//3 11508//3 11895//3 11896//3
f 11896//6 11895//6 11888//6 11885//6
f 11510//1 11897//1 11890//1 11503//1
f 11510//3 11511//3 11898//3 11897//3
f 11897//6 11898//6 11892//6 11890//6
f 11505//4 11892//4 11899//4 11512//4
f 11520//2 11900//2 11901//2 11902//2
f 11512//4 11899//4 11901//4 11900//4
f 11513//5 11512//5 11900//5 11520//5
f 11523//1 11903//1 11904//1 11905//1
f 11905//4 11904//4 11906//4 11515//4
f 11523//5 11905//5 11515//5 11514//5
f 11515//4 11906//4 11893//4 11506//4
f 11516//2 11509//2 11896//2 11907//2
f 11517//3 11516//3 11907//3 11908//3
f 11908//6 11907//6 11896//6 11893//6
f 11518//1 11909//1 11898//1 11511//1
f 11518//3 11519//3 11910//3 11909//3
f 11909//6 11910//6 11911//6 11898//6
f 11519//3 11521//3 11912//3 11910//3
f 11528//2 11913//2 11914//2 11915//2
f 11520//4 11902//4 11914//4 11913//4
f 11521//5 11520//5 11913//5 11528//5
f 11535//1 11916//1 11917//1 11918//1
f 11918//4 11917//4 11903//4 11523//4
f 11535//5 11918//5 11523//5 11522//5
f 11522//3 11525//3 11919//3 11920//3
f 11524//2 11517//2 11908//2 11921//2
f 11525//3 11524//3 11921//3 11919//3
f 11919//6 11921//6 11908//6 11922//6
f 11527//1 11923//1 11912//1 11521//1
f 11527//3 11540//3 11924//3 11923//3
f 11531//2 11530//2 11925//2 11926//2
f 11528//4 11915//4 11925//4 11530//4
f 11532//1 11927//1 11928//1 11533//1
f 11533//4 11928//4 11916//4 11535//4
f 11537//2 11522//2 11920//2 11929//2
f 11549//3 11537//3 11929//3 11930//3
f 11539//1 11931//1 11924//1 11540//1
f 11539//3 11541//3 11932//3 11931//3
f 11531//4 11926//4 11933//4 11542//4
f 11552//2 11934//2 11935//2 11936//2
f 11542//4 11933//4 11935//4 11934//4
f 11543//5 11542//5 11934//5 11552//5
f 11559//1 11937//1 11938//1 11939//1
f 11939//4 11938//4 11940//4 11545//4
f 11559//5 11939//5 11545//5 11544//5
f 11545//4 11940//4 11927//4 11532//4
f 11546//2 11549//2 11930//2 11941//2
f 11547//3 11546//3 11941//3 11942//3
f 11550//1 11943//1 11932//1 11541//1
f 11550//3 11551//3 11944//3 11943//3
f 11943//6 11944//6 11945//6 11932//6
f 11551//3 11564//3 11946//3 11944//3
f 11555//2 11554//2 11947//2 11948//2
f 11552//4 11936//4 11947//4 11554//4
f 11556//1 11949//1 11950//1 11557//1
f 11557//4 11950//4 11937//4 11559//4
f 11577//3 11561//3 11951//3 11952//3
f 11560//2 11547//2 11942//2 11953//2
f 11561//3 11560//3 11953//3 11951//3
f 11951//6 11953//6 11942//6 11954//6
f 11563//1 11955//1 11946//1 11564//1
f 11563//3 11565//3 11956//3 11955//3
f 11555//4 11948//4 11957//4 11566//4
f 11566//4 11957//4 11958//4 11568//4
f 11568//4 11958//4 11959//4 11960//4
f 11569//5 11568//5 11960//5 11581//5
f 11582//2 11961//2 11962//2 11963//2
f 11960//4 11959//4 11962//4 11961//4
f 11581//5 11960//5 11961//5 11582//5
f 11583//1 11964//1 11965//1 11966//1
f 11966//4 11965//4 11967//4 11968//4
f 11583//5 11966//5 11968//5 11584//5
f 11968//4 11967//4 11969//4 11571//4
f 11584//5 11968//5 11571//5 11570//5
f 11571//4 11969//4 11970//4 11573//4
f 11573//4 11970//4 11949//4 11556//4
f 11574//2 11577//2 11952//2 11971//2
f 11575//3 11574//3 11971//3 11972//3
f 11578//1 11973//1 11956//1 11565//1
f 11578//3 11579//3 11974//3 11973//3
f 11973//6 11974//6 11975//6 11956//6
f 11579//3 11580//3 11976//3 11974//3
f 11974//6 11976//6 11977//6 11975//6
f 11580//3 11590//3 11978//3 11976//3
f 11590//3 11592//3 11979//3 11978//3
f 11582//4 11963//4 11964//4 11583//4
f 11596//3 11595//3 11980//3 11981//3
f 11595//3 11586//3 11982//3 11980//3
f 11586//3 11585//3 11983//3 11982//3
f 11982//6 11983//6 11984//6 11985//6
f 11587//2 11575//2 11972//2 11986//2
f 11585//3 11587//3 11986//3 11983//3
f 11983//6 11986//6 11972//6 11984//6
f 11591//1 11987//1 11979//1 11592//1
f 11593//2 11596//2 11981//2 11988//2
f 11591//3 11593//3 11988//3 11987//3
f 11987//6 11988//6 11981//6 11979//6
f 11808//1 12187//1 12170//1 11809//1
f 11810//2 11791//2 12172//2 12188//2
f 11811//1 12189//1 12184//1 11805//1
f 11813//2 11814//2 12186//2 12190//2
f 11815//1 12191//1 12187//1 11808//1
f 11815//3 11816//3 12192//3 12191//3
f 12191//6 12192//6 12188//6 12187//6
f 11819//2 11818//2 12193//2 12194//2
f 11810//4 12188//4 12193//4 11818//4
f 11820//1 12195//1 12196//1 11821//1
f 11821//4 12196//4 12189//4 11811//4
f 11823//2 11813//2 12190//2 12197//2
f 11824//3 11823//3 12197//3 12198//3
f 12198//6 12197//6 12190//6 12189//6
f 11825//1 12199//1 12192//1 11816//1
f 11825//3 11826//3 12200//3 12199//3
f 11830//2 12201//2 12202//2 12203//2
f 11819//4 12194//4 12202//4 12201//4
f 11826//5 11819//5 12201//5 11830//5
f 11833//1 12204//1 12205//1 12206//1
f 12206//4 12205//4 12195//4 11820//4
f 11833//5 12206//5 11820//5 11827//5
f 11828//2 11824//2 12198//2 12207//2
f 11827//3 11828//3 12207//3 12208//3
f 11829//1 12209//1 12200//1 11826//1
f 11831//2 11830//2 12203//2 12210//2
f 11829//3 11831//3 12210//3 12209//3
f 11832//1 12211//1 12204//1 11833//1
f 11834//2 11827//2 12208//2 12212//2
f 11832//3 11834//3 12212//3 12211//3
f 11836//1 12213//1 12210//1 11831//1
f 11838//2 11837//2 12214//2 12215//2
f 11831//4 12210//4 12214//4 11837//4
f 11839//1 12216//1 12217//1 11840//1
f 11842//2 11832//2 12211//2 12218//2
f 11840//4 12217//4 12211//4 11832//4
f 11843//1 12219//1 12213//1 11836//1
f 11843//3 11844//3 12220//3 12219//3
f 12219//6 12220//6 12215//6 12213//6
f 11846//2 11845//2 12221//2 12222//2
f 11838//4 12215//4 12221//4 11845//4
f 11847//1 12223//1 12224//1 11848//1
f 11848//4 12224//4 12216//4 11839//4
f 11849//2 11842//2 12218//2 12225//2
f 11850//3 11849//3 12225//3 12226//3
f 12226//6 12225//6 12218//6 12216//6
f 11851//1 12227//1 12220//1 11844//1
f 11851//3 11852//3 12228//3 12227//3
f 12227//6 12228//6 12222//6 12220//6
f 11855//2 11854//2 12229//2 12230//2
f 11846//4 12222//4 12229//4 11854//4
f 11856//1 12231//1 12232//1 11857//1
f 11857//4 12232//4 12223//4 11847//4
f 11859//2 11850//2 12226//2 12233//2
f 11860//3 11859//3 12233//3 12234//3
f 12234//6 12233//6 12226//6 12223//6
f 11861//1 12235//1 12228//1 11852//1
f 11861//3 11862//3 12236//3 12235//3
f 11865//2 11864//2 12237//2 12238//2
f 11855//4 12230//4 12237//4 11864//4
f 11866//1 12239//1 12240//1 11867//1
f 11867//4 12240//4 12231//4 11856//4
f 11869//2 11860//2 12234//2 12241//2
f 11870//3 11869//3 12241//3 12242//3
f 11871//1 12243//1 12236//1 11862//1
f 11871//3 11872//3 12244//3 12243//3
f 11876//2 12245//2 12246//2 12247//2
f 11865//4 12238//4 12246//4 12245//4
f 11872//5 11865//5 12245//5 11876//5
f 11879//1 12248//1 12249//1 12250//1
f 12250//4 12249//4 12239//4 11866//4
f 11879//5 12250//5 11866//5 11873//5
f 11874//2 11870//2 12242//2 12251//2
f 11873//3 11874//3 12251//3 12252//3
f 11875//1 12253//1 12244//1 11872//1
f 11875//3 11877//3 12254//3 12253//3
f 11883//2 12255//2 12256//2 12257//2
f 11876//4 12247//4 12256//4 12255//4
f 11877//5 11876//5 12255//5 11883//5
f 11886//1 12258//1 12259//1 12260//1
f 12260//4 12259//4 12248//4 11879//4
f 11886//5 12260//5 11879//5 11878//5
f 11880//2 11873//2 12252//2 12261//2
f 11878//3 11880//3 12261//3 12262//3
f 11882//1 12263//1 12254//1 11877//1
f 11882//3 11884//3 12264//3 12263//3
f 11891//2 12265//2 12266//2 12267//2
f 11883//4 12257//4 12266//4 12265//4
f 11884//5 11883//5 12265//5 11891//5
f 11894//1 12268//1 12269//1 12270//1
f 12270//4 12269//4 12258//4 11886//4
f 11894//5 12270//5 11886//5 11885//5
f 11888//2 11878//2 12262//2 12271//2
f 11885//3 11888//3 12271//3 12272//3
f 11890//1 12273//1 12264//1 11884//1
f 11890//3 11892//3 12274//3 12273//3
f 11899//2 12275//2 12276//2 12277//2
f 11891//4 12267//4 12276//4 12275//4
f 11892//5 11891//5 12275//5 11899//5
f 11906//1 12278//1 12279//1 12280//1
f 12280//4 12279//4 12268//4 11894//4
f 11906//5 12280//5 11894//5 11893//5
f 11896//2 11885//2 12272//2 12281//2
f 11893//3 11896//3 12281//3 12282//3
f 11898//1 12283//1 12274//1 11892//1
f 11898//3 11911//3 12284//3 12283//3
f 11902//2 11901//2 12285//2 12286//2
f 11899//4 12277//4 12285//4 11901//4
f 11903//1 12287//1 12288//1 11904//1
f 11904//4 12288//4 12278//4 11906//4
f 11908//2 11893//2 12282//2 12289//2
f 11922//3 11908//3 12289//3 12290//3
f 11910//1 12291//1 12284//1 11911//1
f 11910//3 11912//3 12292//3 12291//3
f 11915//2 11914//2 12293//2 12294//2
f 11902//4 12286//4 12293//4 11914//4
f 11916//1 12295//1 12296//1 11917//1
f 11917//4 12296//4 12287//4 11903//4
f 11919//2 11922//2 12290//2 12297//2
f 11920//3 11919//3 12297//3 12298//3
f 11923//1 12299//1 12292//1 11912//1
f 11923//3 11924//3 12300//3 12299//3
f 12299//6 12300//6 12294//6 12292//6
f 11915//4 12294//4 12301//4 11925//4
f 11933//2 12302//2 12303//2 12304//2
f 11925//4 12301//4 12303//4 12302//4
f 11926//5 11925//5 12302//5 11933//5
f 11940//1 12305//1 12306//1 12307//1
f 12307//4 12306//4 12308//4 11928//4
f 11940//5 12307//5 11928//5 11927//5
f 11928//4 12308//4 12295//4 11916//4
f 11929//2 11920//2 12298//2 12309//2
f 11930//3 11929//3 12309//3 12310//3
f 12310//6 12309//6 12298//6 12295//6
f 11931//1 12311//1 12300//1 11924//1
f 11931//3 11932//3 12312//3 12311//3
f 12311//6 12312//6 12313//6 12300//6
f 11932//3 11945//3 12314//3 12312//3
f 11936//2 11935//2 12315//2 12316//2
f 11933//4 12304//4 12315//4 11935//4
f 11937//1 12317//1 12318//1 11938//1
f 11938//4 12318//4 12305//4 11940//4
f 11954//3 11942//3 12319//3 12320//3
f 11941//2 11930//2 12310//2 12321//2
f 11942//3 11941//3 12321//3 12319//3
f 12319//6 12321//6 12310//6 12322//6
f 11944//1 12323//1 12314//1 11945//1
f 11944//3 11946//3 12324//3 12323//3
f 11936//4 12316//4 12325//4 11947//4
f 11947//4 12325//4 12326//4 12327//4
f 11948//5 11947//5 12327//5 11957//5
f 11958//2 12328//2 12329//2 12330//2
f 12327//4 12326//4 12329//4 12328//4
f 11957//5 12327//5 12328//5 11958//5
f 11969//1 12331//1 12332//1 12333//1
f 12333//4 12332//4 12334//4 12335//4
f 11969//5 12333//5 12335//5 11970//5
f 12335//4 12334//4 12336//4 11950//4
f 11970//5 12335//5 11950//5 11949//5
f 11950//4 12336//4 12317//4 11937//4
f 11951//2 11954//2 12320//2 12337//2
f 11952//3 11951//3 12337//3 12338//3
f 11955//1 12339//1 12324//1 11946//1
f 11955//3 11956//3 12340//3 12339//3
f 12339//6 12340//6 12341//6 12324//6
f 11956//3 11975//3 12342//3 12340//3
f 11975//3 11977//3 12343//3 12342//3
f 11958//4 12330//4 12344//4 11959//4
f 11959//4 12344//4 12345//4 11962//4
f 11962//4 12345//4 12346//4 11965//4
f 11963//5 11962//5 11965//5 11964//5
f 11965//4 12346//4 12347//4 11967//4
f 11967//4 12347//4 12331//4 11969//4
f 11985//3 11984//3 12348//3 12349//3
f 11984//3 11972//3 12350//3 12348//3
f 11971//2 11952//2 12338//2 12351//2
f 11972//3 11971//3 12351//3 12350//3
f 12350//6 12351//6 12338//6 12352//6
f 11976//1 12353//1 12343//1 11977//1
f 11976//3 11978//3 12354//3 12353//3
f 12353//6 12354//6 12355//6 12343//6
f 11978//3 11979//3 12356//3 12354//3
f 12354//6 12356//6 12357//6 12355//6
f 11979//3 11981//3 12358//3 12356//3
f 12356//6 12358//6 12359//6 12357//6
f 11981//3 11980//3 12360//3 12358//3
f 12358//6 12360//6 12361//6 12359//6
f 11982//2 11985//2 12349//2 12362//2
f 11980//3 11982//3 12362//3 12360//3
f 12360//6 12362//6 12349//6 12361//6
f 12187//1 12677//1 12662//1 12170//1
f 12187//3 12188//3 12678//3 12677//3
f 12193//2 12171//2 12664//2 12679//2
f 12188//5 12172//5 12171//5 12193//5
f 12196//1 12680//1 12674//1 12183//1
f 12196//5 12183//5 12184//5 12189//5
f 12190//2 12186//2 12676//2 12681//2
f 12189//3 12190//3 12681//3 12682//3
f 12192//1 12683//1 12678//1 12188//1
f 12194//2 12193//2 12679//2 12684//2
f 12195//1 12685//1 12680//1 12196//1
f 12198//2 12189//2 12682//2 12686//2
f 12199//1 12687//1 12683//1 12192//1
f 12199//3 12200//3 12688//3 12687//3
f 12687//6 12688//6 12684//6 12683//6
f 12203//2 12202//2 12689//2 12690//2
f 12194//4 12684//4 12689//4 12202//4
f 12204//1 12691//1 12692//1 12205//1
f 12205//4 12692//4 12685//4 12195//4
f 12207//2 12198//2 12686//2 12693//2
f 12208//3 12207//3 12693//3 12694//3
f 12694//6 12693//6 12686//6 12685//6
f 12209//1 12695//1 12688//1 12200//1
f 12209//3 12210//3 12696//3 12695//3
f 12214//2 12697//2 12698//2 12699//2
f 12203//4 12690//4 12698//4 12697//4
f 12210//5 12203//5 12697//5 12214//5
f 12217//1 12700//1 12701//1 12702//1
f 12702//4 12701//4 12691//4 12204//4
f 12217//5 12702//5 12204//5 12211//5
f 12212//2 12208//2 12694//2 12703//2
f 12211//3 12212//3 12703//3 12704//3
f 12213//1 12705//1 12696//1 12210//1
f 12213//3 12215//3 12706//3 12705//3
f 12221//2 12707//2 12708//2 12709//2
f 12214//4 12699//4 12708//4 12707//4
f 12215//5 12214//5 12707//5 12221//5
f 12224//1 12710//1 12711//1 12712//1
f 12712//4 12711//4 12700//4 12217//4
f 12224//5 12712//5 12217//5 12216//5
f 12218//2 12211//2 12704//2 12713//2
f 12216//3 12218//3 12713//3 12714//3
f 12220//1 12715//1 12706//1 12215//1
f 12222//2 12221//2 12709//2 12716//2
f 12220//3 12222//3 12716//3 12715//3
f 12223//1 12717//1 12710//1 12224//1
f 12226//2 12216//2 12714//2 12718//2
f 12223//3 12226//3 12718//3 12717//3
f 12228//1 12719//1 12716//1 12222//1
f 12230//2 12229//2 12720//2 12721//2
f 12222//4 12716//4 12720//4 12229//4
f 12231//1 12722//1 12723//1 12232//1
f 12234//2 12223//2 12717//2 12724//2
f 12232//4 12723//4 12717//4 12223//4
f 12235//1 12725//1 12719//1 12228//1
f 12235//3 12236//3 12726//3 12725//3
f 12725//6 12726//6 12721//6 12719//6
f 12238//2 12237//2 12727//2 12728//2
f 12230//4 12721//4 12727//4 12237//4
f 12239//1 12729//1 12730//1 12240//1
f 12240//4 12730//4 12722//4 12231//4
f 12241//2 12234//2 12724//2 12731//2
f 12242//3 12241//3 12731//3 12732//3
f 12732//6 12731//6 12724//6 12722//6
f 12243//1 12733//1 12726//1 12236//1
f 12243//3 12244//3 12734//3 12733//3
f 12733//6 12734//6 12728//6 12726//6
f 12247//2 12246//2 12735//2 12736//2
f 12238//4 12728//4 12735//4 12246//4
f 12248//1 12737//1 12738//1 12249//1
f 12249//4 12738//4 12729//4 12239//4
f 12251//2 12242//2 12732//2 12739//2
f 12252//3 12251//3 12739//3 12740//3
f 12740//6 12739//6 12732//6 12729//6
f 12253//1 12741//1 12734//1 12244//1
f 12253//3 12254//3 12742//3 12741//3
f 12741//6 12742//6 12736//6 12734//6
f 12257//2 12256//2 12743//2 12744//2
f 12247//4 12736//4 12743//4 12256//4
f 12258//1 12745//1 12746//1 12259//1
f 12259//4 12746//4 12737//4 12248//4
f 12261//2 12252//2 12740//2 12747//2
f 12262//3 12261//3 12747//3 12748//3
f 12748//6 12747//6 12740//6 12737//6
f 12263//1 12749//1 12742//1 12254//1
f 12263//3 12264//3 12750//3 12749//3
f 12749//6 12750//6 12744//6 12742//6
f 12267//2 12266//2 12751//2 12752//2
f 12257//4 12744//4 12751//4 12266//4
f 12268//1 12753//1 12754//1 12269//1
f 12269//4 12754//4 12745//4 12258//4
f 12271//2 12262//2 12748//2 12755//2
f 12272//3 12271//3 12755//3 12756//3
f 12756//6 12755//6 12748//6 12745//6
f 12273//1 12757//1 12750//1 12264//1
f 12273//3 12274//3 12758//3 12757//3
f 12757//6 12758//6 12752//6 12750//6
f 12277//2 12276//2 12759//2 12760//2
f 12267//4 12752//4 12759//4 12276//4
f 12278//1 12761//1 12762//1 12279//1
f 12279//4 12762//4 12753//4 12268//4
f 12281//2 12272//2 12756//2 12763//2
f 12282//3 12281//3 12763//3 12764//3
f 12764//6 12763//6 12756//6 12753//6
f 12283//1 12765//1 12758//1 12274//1
f 12283//3 12284//3 12766//3 12765//3
f 12765//6 12766//6 12760//6 12758//6
f 12277//4 12760//4 12767//4 12285//4
f 12293//2 12768//2 12769//2 12770//2
f 12285//4 12767//4 12769//4 12768//4
f 12286//5 12285//5 12768//5 12293//5
f 12296//1 12771//1 12772//1 12773//1
f 12773//4 12772//4 12774//4 12288//4
f 12296//5 12773//5 12288//5 12287//5
f 12288//4 12774//4 12761//4 12278//4
f 12289//2 12282//2 12764//2 12775//2
f 12290//3 12289//3 12775//3 12776//3
f 12776//6 12775//6 12764//6 12761//6
f 12291//1 12777//1 12766//1 12284//1
f 12291//3 12292//3 12778//3 12777//3
f 12777//6 12778//6 12779//6 12766//6
f 12292//3 12294//3 12780//3 12778//3
f 12301//2 12781//2 12782//2 12783//2
f 12293//4 12770//4 12782//4 12781//4
f 12294//5 12293//5 12781//5 12301//5
f 12308//1 12784//1 12785//1 12786//1
f 12786//4 12785//4 12771//4 12296//4
f 12308//5 12786//5 12296//5 12295//5
f 12295//3 12298//3 12787//3 12788//3
f 12297//2 12290//2 12776//2 12789//2
f 12298//3 12297//3 12789//3 12787//3
f 12787//6 12789//6 12776//6 12790//6
f 12300//1 12791//1 12780//1 12294//1
f 12300//3 12313//3 12792//3 12791//3
f 12304//2 12303//2 12793//2 12794//2
f 12301//4 12783//4 12793//4 12303//4
f 12305//1 12795//1 12796//1 12306//1
f 12306//4 12796//4 12784//4 12308//4
f 12310//2 12295//2 12788//2 12797//2
f 12322//3 12310//3 12797//3 12798//3
f 12312//1 12799//1 12792//1 12313//1
f 12312//3 12314//3 12800//3 12799//3
f 12799//6 12800//6 12794//6 12792//6
f 12304//4 12794//4 12801//4 12315//4
f 12325//2 12802//2 12803//2 12804//2
f 12315//4 12801//4 12803//4 12802//4
f 12316//5 12315//5 12802//5 12325//5
f 12336//1 12805//1 12806//1 12807//1
f 12807//4 12806//4 12808//4 12318//4
f 12336//5 12807//5 12318//5 12317//5
f 12318//4 12808//4 12795//4 12305//4
f 12319//2 12322//2 12798//2 12809//2
f 12320//3 12319//3 12809//3 12810//3
f 12810//6 12809//6 12798//6 12795//6
f 12323//1 12811//1 12800//1 12314//1
f 12323//3 12324//3 12812//3 12811//3
f 12811//6 12812//6 12813//6 12800//6
f 12324//3 12341//3 12814//3 12812//3
f 12812//6 12814//6 12804//6 12813//6
f 12325//4 12804//4 12815//4 12326//4
f 12326//4 12815//4 12816//4 12329//4
f 12329//4 12816//4 12817//4 12818//4
f 12330//5 12329//5 12818//5 12344//5
f 12818//4 12817//4 12819//4 12820//4
f 12344//5 12818//5 12820//5 12345//5
f 12820//4 12819//4 12821//4 12822//4
f 12345//5 12820//5 12822//5 12346//5
f 12822//4 12821//4 12823//4 12824//4
f 12346//5 12822//5 12824//5 12347//5
f 12824//4 12823//4 12825//4 12332//4
f 12347//5 12824//5 12332//5 12331//5
f 12332//4 12825//4 12826//4 12334//4
f 12334//4 12826//4 12805//4 12336//4
f 12352//3 12338//3 12827//3 12828//3
f 12828//6 12827//6 12829//6 12805//6
f 12337//2 12320//2 12810//2 12830//2
f 12338//3 12337//3 12830//3 12827//3
f 12827//6 12830//6 12810//6 12829//6
f 12340//1 12831//1 12814//1 12341//1
f 12340//3 12342//3 12832//3 12831//3
f 12831//6 12832//6 12833//6 12814//6
f 12342//3 12343//3 12834//3 12832//3
f 12832//6 12834//6 12835//6 12833//6
f 12343//3 12355//3 12836//3 12834//3
f 12834//6 12836//6 12837//6 12835//6
f 12355//3 12357//3 12838//3 12836//3
f 12357//3 12359//3 12839//3 12838//3
f 12359//3 12361//3 12840//3 12839//3
f 12361//3 12349//3 12841//3 12840//3
f 12840//6 12841//6 12842//6 12843//6
f 12349//3 12348//3 12844//3 12841//3
f 12841//6 12844//6 12845//6 12842//6
f 12350//2 12352//2 12828//2 12846//2
f 12348//3 12350//3 12846//3 12844//3
f 12844//6 12846//6 12828//6 12845//6
f 12677//1 13000//1 12981//1 12662//1
f 12677//3 12678//3 13001//3 13000//3
f 13000//6 13001//6 13002//6 12981//6
f 12679//2 12664//2 12983//2 13003//2
f 12680//1 13004//1 12997//1 12674//1
f 12681//2 12676//2 12999//2 13005//2
f 12682//3 12681//3 13005//3 13006//3
f 13006//6 13005//6 12999//6 13007//6
f 12683//1 13008//1 13001//1 12678//1
f 12684//2 12679//2 13003//2 13009//2
f 12683//3 12684//3 13009//3 13008//3
f 12685//1 13010//1 13004//1 12680//1
f 12686//2 12682//2 13006//2 13011//2
f 12685//3 12686//3 13011//3 13010//3
f 12688//1 13012//1 13009//1 12684//1
f 12690//2 12689//2 13013//2 13014//2
f 12684//4 13009//4 13013//4 12689//4
f 12691//1 13015//1 13016//1 12692//1
f 12694//2 12685//2 13010//2 13017//2
f 12692//4 13016//4 13010//4 12685//4
f 12695//1 13018//1 13012//1 12688//1
f 12695//3 12696//3 13019//3 13018//3
f 13018//6 13019//6 13014//6 13012//6
f 12699//2 12698//2 13020//2 13021//2
f 12690//4 13014//4 13020//4 12698//4
f 12700//1 13022//1 13023//1 12701//1
f 12701//4 13023//4 13015//4 12691//4
f 12703//2 12694//2 13017//2 13024//2
f 12704//3 12703//3 13024//3 13025//3
f 13025//6 13024//6 13017//6 13015//6
f 12705//1 13026//1 13019//1 12696//1
f 12705//3 12706//3 13027//3 13026//3
f 13026//6 13027//6 13021//6 13019//6
f 12709//2 12708//2 13028//2 13029//2
f 12699//4 13021//4 13028//4 12708//4
f 12710//1 13030//1 13031//1 12711//1
f 12711//4 13031//4 13022//4 12700//4
f 12713//2 12704//2 13025//2 13032//2
f 12714//3 12713//3 13032//3 13033//3
f 13033//6 13032//6 13025//6 13022//6
f 12715//1 13034//1 13027//1 12706//1
f 12715//3 12716//3 13035//3 13034//3
f 13034//6 13035//6 13029//6 13027//6
f 12720//2 13036//2 13037//2 13038//2
f 12709//4 13029//4 13037//4 13036//4
f 12716//5 12709//5 13036//5 12720//5
f 12723//1 13039//1 13040//1 13041//1
f 13041//4 13040//4 13030//4 12710//4
f 12723//5 13041//5 12710//5 12717//5
f 12718//2 12714//2 13033//2 13042//2
f 12717//3 12718//3 13042//3 13043//3
f 13043//6 13042//6 13033//6 13030//6
f 12719//1 13044//1 13035//1 12716//1
f 12719//3 12721//3 13045//3 13044//3
f 12727//2 13046//2 13047//2 13048//2
f 12720//4 13038//4 13047//4 13046//4
f 12721//5 12720//5 13046//5 12727//5
f 12730//1 13049//1 13050//1 13051//1
f 13051//4 13050//4 13039//4 12723//4
f 12730//5 13051//5 12723//5 12722//5
f 12724//2 12717//2 13043//2 13052//2
f 12722//3 12724//3 13052//3 13053//3
f 12726//1 13054//1 13045//1 12721//1
f 12726//3 12728//3 13055//3 13054//3
f 12735//2 13056//2 13057//2 13058//2
f 12727//4 13048//4 13057//4 13056//4
f 12728//5 12727//5 13056//5 12735//5
f 12738//1 13059//1 13060//1 13061//1
f 13061//4 13060//4 13049//4 12730//4
f 12738//5 13061//5 12730//5 12729//5
f 12732//2 12722//2 13053//2 13062//2
f 12729//3 12732//3 13062//3 13063//3
f 12734//1 13064//1 13055//1 12728//1
f 12734//3 12736//3 13065//3 13064//3
f 12743//2 13066//2 13067//2 13068//2
f 12735//4 13058//4 13067//4 13066//4
f 12736//5 12735//5 13066//5 12743//5
f 12746//1 13069//1 13070//1 13071//1
f 13071//4 13070//4 13059//4 12738//4
f 12746//5 13071//5 12738//5 12737//5
f 12740//2 12729//2 13063//2 13072//2
f 12737//3 12740//3 13072//3 13073//3
f 12742//1 13074//1 13065//1 12736//1
f 12742//3 12744//3 13075//3 13074//3
f 12751//2 13076//2 13077//2 13078//2
f 12743//4 13068//4 13077//4 13076//4
f 12744//5 12743//5 13076//5 12751//5
f 12754//1 13079//1 13080//1 13081//1
f 13081//4 13080//4 13069//4 12746//4
f 12754//5 13081//5 12746//5 12745//5
f 12748//2 12737//2 13073//2 13082//2
f 12745//3 12748//3 13082//3 13083//3
f 12750//1 13084//1 13075//1 12744//1
f 12750//3 12752//3 13085//3 13084//3
f 12759//2 13086//2 13087//2 13088//2
f 12751//4 13078//4 13087//4 13086//4
f 12752//5 12751//5 13086//5 12759//5
f 12762//1 13089//1 13090//1 13091//1
f 13091//4 13090//4 13079//4 12754//4
f 12762//5 13091//5 12754//5 12753//5
f 12756//2 12745//2 13083//2 13092//2
f 12753//3 12756//3 13092//3 13093//3
f 12758//1 13094//1 13085//1 12752//1
f 12758//3 12760//3 13095//3 13094//3
f 12767//2 13096//2 13097//2 13098//2
f 12759//4 13088//4 13097//4 13096//4
f 12760//5 12759//5 13096//5 12767//5
f 12774//1 13099//1 13100//1 13101//1
f 13101//4 13100//4 13089//4 12762//4
f 12774//5 13101//5 12762//5 12761//5
f 12764//2 12753//2 13093//2 13102//2
f 12761//3 12764//3 13102//3 13103//3
f 12766//1 13104//1 13095//1 12760//1
f 12766//3 12779//3 13105//3 13104//3
f 13104//6 13105//6 13098//6 13095//6
f 12770//2 12769//2 13106//2 13107//2
f 12767//4 13098//4 13106//4 12769//4
f 12771//1 13108//1 13109//1 12772//1
f 12772//4 13109//4 13099//4 12774//4
f 12776//2 12761//2 13103//2 13110//2
f 12790//3 12776//3 13110//3 13111//3
f 13111//6 13110//6 13103//6 13099//6
f 12778//1 13112//1 13105//1 12779//1
f 12778//3 12780//3 13113//3 13112//3
f 13112//6 13113//6 13107//6 13105//6
f 12770//4 13107//4 13114//4 12782//4
f 12793//2 13115//2 13116//2 13117//2
f 12782//4 13114//4 13116//4 13115//4
f 12783//5 12782//5 13115//5 12793//5
f 12796//1 13118//1 13119//1 13120//1
f 13120//4 13119//4 13121//4 12785//4
f 12796//5 13120//5 12785//5 12784//5
f 12785//4 13121//4 13108//4 12771//4
f 12787//2 12790//2 13111//2 13122//2
f 12788//3 12787//3 13122//3 13123//3
f 13123//6 13122//6 13111//6 13108//6
f 12791//1 13124//1 13113//1 12780//1
f 12791//3 12792//3 13125//3 13124//3
f 13124//6 13125//6 13126//6 13113//6
f 12792//3 12794//3 13127//3 13125//3
f 12793//4 13117//4 13128//4 13129//4
f 12794//5 12793//5 13129//5 12801//5
f 12803//2 13130//2 13131//2 13132//2
f 13129//4 13128//4 13131//4 13130//4
f 12801//5 13129//5 13130//5 12803//5
f 12806//1 13133//1 13134//1 13135//1
f 13135//4 13134//4 13136//4 13137//4
f 12806//5 13135//5 13137//5 12808//5
f 13137//4 13136//4 13118//4 12796//4
f 12808//5 13137//5 12796//5 12795//5
f 12795//3 12798//3 13138//3 13139//3
f 12797//2 12788//2 13123//2 13140//2
f 12798//3 12797//3 13140//3 13138//3
f 13138//6 13140//6 13123//6 13141//6
f 12800//1 13142//1 13127//1 12794//1
f 12800//3 12813//3 13143//3 13142//3
f 13142//6 13143//6 13144//6 13127//6
f 12813//3 12804//3 13145//3 13143//3
f 12803//4 13132//4 13146//4 13147//4
f 12804//5 12803//5 13147//5 12815//5
f 13147//4 13146//4 13148//4 13149//4
f 12815//5 13147//5 13149//5 12816//5
f 12817//2 13150//2 13151//2 13152//2
f 13149//4 13148//4 13151//4 13150//4
f 12816//5 13149//5 13150//5 12817//5
f 12823//1 13153//1 13154//1 13155//1
f 13155//4 13154//4 13156//4 13157//4
f 12823//5 13155//5 13157//5 12825//5
f 13157//4 13156//4 13158//4 13159//4
f 12825//5 13157//5 13159//5 12826//5
f 13159//4 13158//4 13133//4 12806//4
f 12826//5 13159//5 12806//5 12805//5
f 12805//3 12829//3 13160//3 13161//3
f 12810//2 12795//2 13139//2 13162//2
f 12829//3 12810//3 13162//3 13160//3
f 13160//6 13162//6 13139//6 13163//6
f 12814//1 13164//1 13145//1 12804//1
f 12814//3 12833//3 13165//3 13164//3
f 13164//6 13165//6 13166//6 13145//6
f 12833//3 12835//3 13167//3 13165//3
f 13165//6 13167//6 13168//6 13166//6
f 12835//3 12837//3 13169//3 13167//3
f 12817//4 13152//4 13170//4 12819//4
f 12819//4 13170//4 13171//4 12821//4
f 12821//4 13171//4 13153//4 12823//4
f 12843//3 12842//3 13172//3 13173//3
f 12842//3 12845//3 13174//3 13172//3
f 13172//6 13174//6 13175//6 13176//6
f 12828//2 12805//2 13161//2 13177//2
f 12845//3 12828//3 13177//3 13174//3
f 13174//6 13177//6 13161//6 13175//6
f 12836//1 13178//1 13169//1 12837//1
f 12836//3 12838//3 13179//3 13178//3
f 13178//6 13179//6 13180//6 13169//6
f 12838//3 12839//3 13181//3 13179//3
f 13179//6 13181//6 13182//6 13180//6
f 12840//2 12843//2 13173//2 13183//2
f 12839//3 12840//3 13183//3 13181//3
f 13181//6 13183//6 13173//6 13182//6
f 13001//1 13355//1 13338//1 13002//1
f 13003//2 12983//2 13340//2 13356//2
f 13004//1 13357//1 13352//1 12997//1
f 13006//2 13007//2 13354//2 13358//2
f 13008//1 13359//1 13355//1 13001//1
f 13008//3 13009//3 13360//3 13359//3
f 13359//6 13360//6 13356//6 13355//6
f 13013//2 13361//2 13362//2 13363//2
f 13003//4 13356//4 13362//4 13361//4
f 13009//5 13003//5 13361//5 13013//5
f 13016//1 13364//1 13365//1 13366//1
f 13366//4 13365//4 13357//4 13004//4
f 13016//5 13366//5 13004//5 13010//5
f 13011//2 13006//2 13358//2 13367//2
f 13010//3 13011//3 13367//3 13368//3
f 13368//6 13367//6 13358//6 13357//6
f 13012//1 13369//1 13360//1 13009//1
f 13012//3 13014//3 13370//3 13369//3
f 13369//6 13370//6 13363//6 13360//6
f 13020//2 13371//2 13372//2 13373//2
f 13013//4 13363//4 13372//4 13371//4
f 13014//5 13013//5 13371//5 13020//5
f 13023//1 13374//1 13375//1 13376//1
f 13376//4 13375//4 13364//4 13016//4
f 13023//5 13376//5 13016//5 13015//5
f 13017//2 13010//2 13368//2 13377//2
f 13015//3 13017//3 13377//3 13378//3
f 13378//6 13377//6 13368//6 13364//6
f 13019//1 13379//1 13370//1 13014//1
f 13019//3 13021//3 13380//3 13379//3
f 13028//2 13381//2 13382//2 13383//2
f 13020//4 13373//4 13382//4 13381//4
f 13021//5 13020//5 13381//5 13028//5
f 13031//1 13384//1 13385//1 13386//1
f 13386//4 13385//4 13374//4 13023//4
f 13031//5 13386//5 13023//5 13022//5
f 13025//2 13015//2 13378//2 13387//2
f 13022//3 13025//3 13387//3 13388//3
f 13027//1 13389//1 13380//1 13021//1
f 13029//2 13028//2 13383//2 13390//2
f 13027//3 13029//3 13390//3 13389//3
f 13030//1 13391//1 13384//1 13031//1
f 13033//2 13022//2 13388//2 13392//2
f 13030//3 13033//3 13392//3 13391//3
f 13035//1 13393//1 13390//1 13029//1
f 13038//2 13037//2 13394//2 13395//2
f 13029//4 13390//4 13394//4 13037//4
f 13039//1 13396//1 13397//1 13040//1
f 13043//2 13030//2 13391//2 13398//2
f 13040//4 13397//4 13391//4 13030//4
f 13044//1 13399//1 13393//1 13035//1
f 13044//3 13045//3 13400//3 13399//3
f 13399//6 13400//6 13395//6 13393//6
f 13048//2 13047//2 13401//2 13402//2
f 13038//4 13395//4 13401//4 13047//4
f 13049//1 13403//1 13404//1 13050//1
f 13050//4 13404//4 13396//4 13039//4
f 13052//2 13043//2 13398//2 13405//2
f 13053//3 13052//3 13405//3 13406//3
f 13406//6 13405//6 13398//6 13396//6
f 13054//1 13407//1 13400//1 13045//1
f 13054//3 13055//3 13408//3 13407//3
f 13407//6 13408//6 13402//6 13400//6
f 13058//2 13057//2 13409//2 13410//2
f 13048//4 13402//4 13409//4 13057//4
f 13059//1 13411//1 13412//1 13060//1
f 13060//4 13412//4 13403//4 13049//4
f 13062//2 13053//2 13406//2 13413//2
f 13063//3 13062//3 13413//3 13414//3
f 13414//6 13413//6 13406//6 13403//6
f 13064//1 13415//1 13408//1 13055//1
f 13064//3 13065//3 13416//3 13415//3
f 13415//6 13416//6 13410//6 13408//6
f 13068//2 13067//2 13417//2 13418//2
f 13058//4 13410//4 13417//4 13067//4
f 13069//1 13419//1 13420//1 13070//1
f 13070//4 13420//4 13411//4 13059//4
f 13072//2 13063//2 13414//2 13421//2
f 13073//3 13072//3 13421//3 13422//3
f 13422//6 13421//6 13414//6 13411//6
f 13074//1 13423//1 13416//1 13065//1
f 13074//3 13075//3 13424//3 13423//3
f 13423//6 13424//6 13418//6 13416//6
f 13078//2 13077//2 13425//2 13426//2
f 13068//4 13418//4 13425//4 13077//4
f 13079//1 13427//1 13428//1 13080//1
f 13080//4 13428//4 13419//4 13069//4
f 13082//2 13073//2 13422//2 13429//2
f 13083//3 13082//3 13429//3 13430//3
f 13430//6 13429//6 13422//6 13419//6
f 13084//1 13431//1 13424//1 13075//1
f 13084//3 13085//3 13432//3 13431//3
f 13431//6 13432//6 13426//6 13424//6
f 13078//4 13426//4 13433//4 13087//4
f 13097//2 13434//2 13435//2 13436//2
f 13087//4 13433//4 13435//4 13434//4
f 13088//5 13087//5 13434//5 13097//5
f 13100//1 13437//1 13438//1 13439//1
f 13439//4 13438//4 13440//4 13090//4
f 13100//5 13439//5 13090//5 13089//5
f 13090//4 13440//4 13427//4 13079//4
f 13092//2 13083//2 13430//2 13441//2
f 13093//3 13092//3 13441//3 13442//3
f 13442//6 13441//6 13430//6 13427//6
f 13094//1 13443//1 13432//1 13085//1
f 13094//3 13095//3 13444//3 13443//3
f 13443//6 13444//6 13445//6 13432//6
f 13095//3 13098//3 13446//3 13444//3
f 13106//2 13447//2 13448//2 13449//2
f 13097//4 13436//4 13448//4 13447//4
f 13098//5 13097//5 13447//5 13106//5
f 13109//1 13450//1 13451//1 13452//1
f 13452//4 13451//4 13437//4 13100//4
f 13109//5 13452//5 13100//5 13099//5
f 13099//3 13103//3 13453//3 13454//3
f 13102//2 13093//2 13442//2 13455//2
f 13103//3 13102//3 13455//3 13453//3
f 13453//6 13455//6 13442//6 13456//6
f 13105//1 13457//1 13446//1 13098//1
f 13105//3 13107//3 13458//3 13457//3
f 13114//2 13459//2 13460//2 13461//2
f 13106//4 13449//4 13460//4 13459//4
f 13107//5 13106//5 13459//5 13114//5
f 13121//1 13462//1 13463//1 13464//1
f 13464//4 13463//4 13450//4 13109//4
f 13121//5 13464//5 13109//5 13108//5
f 13111//2 13099//2 13454//2 13465//2
f 13108//3 13111//3 13465//3 13466//3
f 13113//1 13467//1 13458//1 13107//1
f 13113//3 13126//3 13468//3 13467//3
f 13467//6 13468//6 13461//6 13458//6
f 13114//4 13461//4 13469//4 13116//4
f 13128//2 13470//2 13471//2 13472//2
f 13116//4 13469//4 13471//4 13470//4
f 13117//5 13116//5 13470//5 13128//5
f 13136//1 13473//1 13474//1 13475//1
f 13475//4 13474//4 13476//4 13119//4
f 13136//5 13475//5 13119//5 13118//5
f 13119//4 13476//4 13462//4 13121//4
f 13123//2 13108//2 13466//2 13477//2
f 13141//3 13123//3 13477//3 13478//3
f 13478//6 13477//6 13466//6 13462//6
f 13125//1 13479//1 13468//1 13126//1
f 13125//3 13127//3 13480//3 13479//3
f 13479//6 13480//6 13481//6 13468//6
f 13127//3 13144//3 13482//3 13480//3
f 13480//6 13482//6 13472//6 13481//6
f 13128//4 13472//4 13483//4 13131//4
f 13131//4 13483//4 13484//4 13485//4
f 13132//5 13131//5 13485//5 13146//5
f 13148//2 13486//2 13487//2 13488//2
f 13485//4 13484//4 13487//4 13486//4
f 13146//5 13485//5 13486//5 13148//5
f 13156//1 13489//1 13490//1 13491//1
f 13491//4 13490//4 13492//4 13493//4
f 13156//5 13491//5 13493//5 13158//5
f 13493//4 13492//4 13494//4 13134//4
f 13158//5 13493//5 13134//5 13133//5
f 13134//4 13494//4 13473//4 13136//4
f 13163//3 13139//3 13495//3 13496//3
f 13496//6 13495//6 13497//6 13473//6
f 13138//2 13141//2 13478//2 13498//2
f 13139//3 13138//3 13498//3 13495//3
f 13495//6 13498//6 13478//6 13497//6
f 13143//1 13499//1 13482//1 13144//1
f 13143//3 13145//3 13500//3 13499//3
f 13499//6 13500//6 13501//6 13482//6
f 13145//3 13166//3 13502//3 13500//3
f 13500//6 13502//6 13503//6 13501//6
f 13166//3 13168//3 13504//3 13502//3
f 13148//4 13488//4 13505//4 13151//4
f 13151//4 13505//4 13506//4 13507//4
f 13152//5 13151//5 13507//5 13170//5
f 13507//4 13506//4 13508//4 13509//4
f 13170//5 13507//5 13509//5 13171//5
f 13509//4 13508//4 13510//4 13154//4
f 13171//5 13509//5 13154//5 13153//5
f 13154//4 13510//4 13489//4 13156//4
f 13176//3 13175//3 13511//3 13512//3
f 13175//3 13161//3 13513//3 13511//3
f 13511//6 13513//6 13514//6 13515//6
f 13160//2 13163//2 13496//2 13516//2
f 13161//3 13160//3 13516//3 13513//3
f 13513//6 13516//6 13496//6 13514//6
f 13167//1 13517//1 13504//1 13168//1
f 13167//3 13169//3 13518//3 13517//3
f 13517//6 13518//6 13519//6 13504//6
f 13169//3 13180//3 13520//3 13518//3
f 13518//6 13520//6 13521//6 13519//6
f 13180//3 13182//3 13522//3 13520//3
f 13520//6 13522//6 13523//6 13521//6
f 13182//3 13173//3 13524//3 13522//3
f 13522//6 13524//6 13525//6 13523//6
f 13172//2 13176//2 13512//2 13526//2
f 13173//3 13172//3 13526//3 13524//3
f 13524//6 13526//6 13512//6 13525//6
f 13355//1 13740//1 13721//1 13338//1
f 13355//3 13356//3 13741//3 13740//3
f 13362//2 13339//2 13723//2 13742//2
f 13356//5 13340//5 13339//5 13362//5
f 13365//1 13743//1 13737//1 13351//1
f 13365//5 13351//5 13352//5 13357//5
f 13358//2 13354//2 13739//2 13744//2
f 13357//3 13358//3 13744//3 13745//3
f 13360//1 13746//1 13741//1 13356//1
f 13363//2 13362//2 13742//2 13747//2
f 13360//3 13363//3 13747//3 13746//3
f 13364//1 13748//1 13743//1 13365//1
f 13368//2 13357//2 13745//2 13749//2
f 13364//3 13368//3 13749//3 13748//3
f 13370//1 13750//1 13747//1 13363//1
f 13373//2 13372//2 13751//2 13752//2
f 13363//4 13747//4 13751//4 13372//4
f 13374//1 13753//1 13754//1 13375//1
f 13378//2 13364//2 13748//2 13755//2
f 13375//4 13754//4 13748//4 13364//4
f 13379//1 13756//1 13750//1 13370//1
f 13379//3 13380//3 13757//3 13756//3
f 13756//6 13757//6 13752//6 13750//6
f 13383//2 13382//2 13758//2 13759//2
f 13373//4 13752//4 13758//4 13382//4
f 13384//1 13760//1 13761//1 13385//1
f 13385//4 13761//4 13753//4 13374//4
f 13387//2 13378//2 13755//2 13762//2
f 13388//3 13387//3 13762//3 13763//3
f 13763//6 13762//6 13755//6 13753//6
f 13389//1 13764//1 13757//1 13380//1
f 13389//3 13390//3 13765//3 13764//3
f 13764//6 13765//6 13759//6 13757//6
f 13394//2 13766//2 13767//2 13768//2
f 13383//4 13759//4 13767//4 13766//4
f 13390//5 13383//5 13766//5 13394//5
f 13397//1 13769//1 13770//1 13771//1
f 13771//4 13770//4 13760//4 13384//4
f 13397//5 13771//5 13384//5 13391//5
f 13392//2 13388//2 13763//2 13772//2
f 13391//3 13392//3 13772//3 13773//3
f 13393//1 13774//1 13765//1 13390//1
f 13393//3 13395//3 13775//3 13774//3
f 13774//6 13775//6 13768//6 13765//6
f 13401//2 13776//2 13777//2 13778//2
f 13394//4 13768//4 13777//4 13776//4
f 13395//5 13394//5 13776//5 13401//5
f 13404//1 13779//1 13780//1 13781//1
f 13781//4 13780//4 13769//4 13397//4
f 13404//5 13781//5 13397//5 13396//5
f 13398//2 13391//2 13773//2 13782//2
f 13396//3 13398//3 13782//3 13783//3
f 13783//6 13782//6 13773//6 13769//6
f 13400//1 13784//1 13775//1 13395//1
f 13400//3 13402//3 13785//3 13784//3
f 13784//6 13785//6 13778//6 13775//6
f 13409//2 13786//2 13787//2 13788//2
f 13401//4 13778//4 13787//4 13786//4
f 13402//5 13401//5 13786//5 13409//5
f 13412//1 13789//1 13790//1 13791//1
f 13791//4 13790//4 13779//4 13404//4
f 13412//5 13791//5 13404//5 13403//5
f 13406//2 13396//2 13783//2 13792//2
f 13403//3 13406//3 13792//3 13793//3
f 13793//6 13792//6 13783//6 13779//6
f 13408//1 13794//1 13785//1 13402//1
f 13408//3 13410//3 13795//3 13794//3
f 13794//6 13795//6 13788//6 13785//6
f 13417//2 13796//2 13797//2 13798//2
f 13409//4 13788//4 13797//4 13796//4
f 13410//5 13409//5 13796//5 13417//5
f 13420//1 13799//1 13800//1 13801//1
f 13801//4 13800//4 13789//4 13412//4
f 13420//5 13801//5 13412//5 13411//5
f 13414//2 13403//2 13793//2 13802//2
f 13411//3 13414//3 13802//3 13803//3
f 13803//6 13802//6 13793//6 13789//6
f 13416//1 13804//1 13795//1 13410//1
f 13416//3 13418//3 13805//3 13804//3
f 13804//6 13805//6 13798//6 13795//6
f 13425//2 13806//2 13807//2 13808//2
f 13417//4 13798//4 13807//4 13806//4
f 13418//5 13417//5 13806//5 13425//5
f 13428//1 13809//1 13810//1 13811//1
f 13811//4 13810//4 13799//4 13420//4
f 13428//5 13811//5 13420//5 13419//5
f 13422//2 13411//2 13803//2 13812//2
f 13419//3 13422//3 13812//3 13813//3
f 13813//6 13812//6 13803//6 13799//6
f 13424//1 13814//1 13805//1 13418//1
f 13424//3 13426//3 13815//3 13814//3
f 13814//6 13815//6 13808//6 13805//6
f 13433//2 13816//2 13817//2 13818//2
f 13425//4 13808//4 13817//4 13816//4
f 13426//5 13425//5 13816//5 13433//5
f 13440//1 13819//1 13820//1 13821//1
f 13821//4 13820//4 13809//4 13428//4
f 13440//5 13821//5 13428//5 13427//5
f 13430//2 13419//2 13813//2 13822//2
f 13427//3 13430//3 13822//3 13823//3
f 13823//6 13822//6 13813//6 13809//6
f 13432//1 13824//1 13815//1 13426//1
f 13432//3 13445//3 13825//3 13824//3
f 13824//6 13825//6 13818//6 13815//6
f 13436//2 13435//2 13826//2 13827//2
f 13433//4 13818//4 13826//4 13435//4
f 13437//1 13828//1 13829//1 13438//1
f 13438//4 13829//4 13819//4 13440//4
f 13442//2 13427//2 13823//2 13830//2
f 13456//3 13442//3 13830//3 13831//3
f 13831//6 13830//6 13823//6 13819//6
f 13444//1 13832//1 13825//1 13445//1
f 13444//3 13446//3 13833//3 13832//3
f 13832//6 13833//6 13827//6 13825//6
f 13436//4 13827//4 13834//4 13448//4
f 13460//2 13835//2 13836//2 13837//2
f 13448//4 13834//4 13836//4 13835//4
f 13449//5 13448//5 13835//5 13460//5
f 13463//1 13838//1 13839//1 13840//1
f 13840//4 13839//4 13841//4 13451//4
f 13463//5 13840//5 13451//5 13450//5
f 13451//4 13841//4 13828//4 13437//4
f 13453//2 13456//2 13831//2 13842//2
f 13454//3 13453//3 13842//3 13843//3
f 13843//6 13842//6 13831//6 13828//6
f 13457//1 13844//1 13833//1 13446//1
f 13457//3 13458//3 13845//3 13844//3
f 13844//6 13845//6 13846//6 13833//6
f 13458//3 13461//3 13847//3 13845//3
f 13845//6 13847//6 13837//6 13846//6
f 13460//4 13837//4 13848//4 13849//4
f 13461//5 13460//5 13849//5 13469//5
f 13471//2 13850//2 13851//2 13852//2
f 13849//4 13848//4 13851//4 13850//4
f 13469//5 13849//5 13850//5 13471//5
f 13474//1 13853//1 13854//1 13855//1
f 13855//4 13854//4 13856//4 13857//4
f 13474//5 13855//5 13857//5 13476//5
f 13857//4 13856//4 13838//4 13463//4
f 13476//5 13857//5 13463//5 13462//5
f 13462//3 13466//3 13858//3 13859//3
f 13859//6 13858//6 13860//6 13838//6
f 13465//2 13454//2 13843//2 13861//2
f 13466//3 13465//3 13861//3 13858//3
f 13858//6 13861//6 13843//6 13860//6
f 13468//1 13862//1 13847//1 13461//1
f 13468//3 13481//3 13863//3 13862//3
f 13862//6 13863//6 13864//6 13847//6
f 13481//3 13472//3 13865//3 13863//3
f 13471//4 13852//4 13866//4 13867//4
f 13472//5 13471//5 13867//5 13483//5
f 13484//2 13868//2 13869//2 13870//2
f 13867//4 13866//4 13869//4 13868//4
f 13483//5 13867//5 13868//5 13484//5
f 13492//1 13871//1 13872//1 13873//1
f 13873//4 13872//4 13874//4 13875//4
f 13492//5 13873//5 13875//5 13494//5
f 13875//4 13874//4 13853//4 13474//4
f 13494//5 13875//5 13474//5 13473//5
f 13473//3 13497//3 13876//3 13877//3
f 13478//2 13462//2 13859//2 13878//2
f 13497//3 13478//3 13878//3 13876//3
f 13876//6 13878//6 13859//6 13879//6
f 13482//1 13880//1 13865//1 13472//1
f 13482//3 13501//3 13881//3 13880//3
f 13880//6 13881//6 13882//6 13865//6
f 13501//3 13503//3 13883//3 13881//3
f 13881//6 13883//6 13870//6 13882//6
f 13484//4 13870//4 13884//4 13487//4
f 13487//4 13884//4 13885//4 13886//4
f 13488//5 13487//5 13886//5 13505//5
f 13886//4 13885//4 13887//4 13888//4
f 13505//5 13886//5 13888//5 13506//5
f 13888//4 13887//4 13889//4 13890//4
f 13506//5 13888//5 13890//5 13508//5
f 13890//4 13889//4 13891//4 13892//4
f 13508//5 13890//5 13892//5 13510//5
f 13892//4 13891//4 13893//4 13490//4
f 13510//5 13892//5 13490//5 13489//5
f 13490//4 13893//4 13871//4 13492//4
f 13515//3 13514//3 13894//3 13895//3
f 13895//6 13894//6 13896//6 13871//6
f 13496//2 13473//2 13877//2 13897//2
f 13514//3 13496//3 13897//3 13894//3
f 13894//6 13897//6 13877//6 13896//6
f 13502//1 13898//1 13883//1 13503//1
f 13502//3 13504//3 13899//3 13898//3
f 13898//6 13899//6 13900//6 13883//6
f 13504//3 13519//3 13901//3 13899//3
f 13899//6 13901//6 13902//6 13900//6
f 13519//3 13521//3 13903//3 13901//3
f 13901//6 13903//6 13904//6 13902//6
f 13521//3 13523//3 13905//3 13903//3
f 13903//6 13905//6 13906//6 13904//6
f 13523//3 13525//3 13907//3 13905//3
f 13905//6 13907//6 13908//6 13906//6
f 13525//3 13512//3 13909//3 13907//3
f 13907//6 13909//6 13910//6 13908//6
f 13511//2 13515//2 13895//2 13911//2
f 13512//3 13511//3 13911//3 13909//3
f 13909//6 13911//6 13895//6 13910//6
f 13740//1 14057//1 14037//1 13721//1
f 13740//3 13741//3 14058//3 14057//3
f 14057//6 14058//6 14059//6 14037//6
f 13742//2 13723//2 14039//2 14060//2
f 13743//1 14065//1 14054//1 13737//1
f 13744//2 13739//2 14056//2 14066//2
f 13745//3 13744//3 14066//3 14067//3
f 14067//6 14066//6 14056//6 14068//6
f 13746//1 14069//1 14058//1 13741//1
f 13746//3 13747//3 14070//3 14069//3
f 14069//6 14070//6 14060//6 14058//6
f 13751//2 14071//2 14072//2 14073//2
f 13742//4 14060//4 14072//4 14071//4
f 13747//5 13742//5 14071//5 13751//5
f 14063//4 14064//4 14065//4 13743//4
f 13754//5 14063//5 13743//5 13748//5
f 13749//2 13745//2 14067//2 14076//2
f 13748//3 13749//3 14076//3 14077//3
f 14077//6 14076//6 14067//6 14065//6
f 13750//1 14078//1 14070//1 13747//1
f 13750//3 13752//3 14079//3 14078//3
f 14078//6 14079//6 14073//6 14070//6
f 13758//2 14080//2 14081//2 14082//2
f 13751//4 14073//4 14081//4 14080//4
f 13752//5 13751//5 14080//5 13758//5
f 13755//2 13748//2 14077//2 14084//2
f 13753//3 13755//3 14084//3 14085//3
f 14085//6 14084//6 14077//6 14086//6
f 13757//1 14087//1 14079//1 13752//1
f 13757//3 13759//3 14088//3 14087//3
f 14087//6 14088//6 14082//6 14079//6
f 13767//2 14089//2 14090//2 14091//2
f 13758//4 14082//4 14090//4 14089//4
f 13759//5 13758//5 14089//5 13767//5
f 13770//1 14092//1 14093//1 14094//1
f 14094//4 14093//4 14083//4 13761//4
f 13770//5 14094//5 13761//5 13760//5
f 13765//1 14097//1 14088//1 13759//1
f 13765//3 13768//3 14098//3 14097//3
f 13777//2 14099//2 14100//2 14101//2
f 13767//4 14091//4 14100//4 14099//4
f 13768//5 13767//5 14099//5 13777//5
f 13780//1 14102//1 14103//1 14104//1
f 14104//4 14103//4 14092//4 13770//4
f 13780//5 14104//5 13770//5 13769//5
f 13769//3 13773//3 14105//3 14106//3
f 13775//1 14108//1 14098//1 13768//1
f 13775//3 13778//3 14109//3 14108//3
f 13787//2 14110//2 14111//2 14112//2
f 13777//4 14101//4 14111//4 14110//4
f 13778//5 13777//5 14110//5 13787//5
f 13790//1 14113//1 14114//1 14115//1
f 14115//4 14114//4 14102//4 13780//4
f 13790//5 14115//5 13780//5 13779//5
f 13783//2 13769//2 14106//2 14116//2
f 13779//3 13783//3 14116//3 14117//3
f 13785//1 14121//1 14109//1 13778//1
f 13785//3 13788//3 14122//3 14121//3
f 13797//2 14123//2 14124//2 14125//2
f 13787//4 14112//4 14124//4 14123//4
f 13788//5 13787//5 14123//5 13797//5
f 13800//1 14126//1 14127//1 14128//1
f 14128//4 14127//4 14113//4 13790//4
f 13800//5 14128//5 13790//5 13789//5
f 13793//2 13779//2 14117//2 14129//2
f 13789//3 13793//3 14129//3 14130//3
f 13795//1 14135//1 14122//1 13788//1
f 13795//3 13798//3 14136//3 14135//3
f 13807//2 14137//2 14138//2 14139//2
f 13797//4 14125//4 14138//4 14137//4
f 13798//5 13797//5 14137//5 13807//5
f 13810//1 14140//1 14141//1 14142//1
f 14142//4 14141//4 14126//4 13800//4
f 13810//5 14142//5 13800//5 13799//5
f 13803//2 13789//2 14130//2 14143//2
f 13799//3 13803//3 14143//3 14144//3
f 13805//1 14149//1 14136//1 13798//1
f 13805//3 13808//3 14150//3 14149//3
f 14149//6 14150//6 14139//6 14136//6
f 13817//2 14151//2 14152//2 14153//2
f 13807//4 14139//4 14152//4 14151//4
f 13808//5 13807//5 14151//5 13817//5
f 13820//1 14154//1 14155//1 14156//1
f 14156//4 14155//4 14140//4 13810//4
f 13820//5 14156//5 13810//5 13809//5
f 13813//2 13799//2 14144//2 14157//2
f 13809//3 13813//3 14157//3 14158//3
f 14158//6 14157//6 14144//6 14140//6
f 13815//1 14163//1 14150//1 13808//1
f 13815//3 13818//3 14164//3 14163//3
f 14163//6 14164//6 14153//6 14150//6
f 13826//2 14165//2 14166//2 14167//2
f 13817//4 14153//4 14166//4 14165//4
f 13818//5 13817//5 14165//5 13826//5
f 13829//1 14168//1 14169//1 14170//1
f 14170//4 14169//4 14154//4 13820//4
f 13829//5 14170//5 13820//5 13819//5
f 13823//2 13809//2 14158//2 14171//2
f 13819//3 13823//3 14171//3 14172//3
f 14172//6 14171//6 14158//6 14154//6
f 13825//1 14177//1 14164//1 13818//1
f 13825//3 13827//3 14178//3 14177//3
f 14177//6 14178//6 14167//6 14164//6
f 13826//4 14167//4 14179//4 14180//4
f 13827//5 13826//5 14180//5 13834//5
f 13836//2 14181//2 14182//2 14183//2
f 14180//4 14179//4 14182//4 14181//4
f 13834//5 14180//5 14181//5 13836//5
f 13839//1 14184//1 14185//1 14186//1
f 14186//4 14185//4 14187//4 14188//4
f 13839//5 14186//5 14188//5 13841//5
f 14188//4 14187//4 14168//4 13829//4
f 13841//5 14188//5 13829//5 13828//5
f 13831//2 13819//2 14172//2 14189//2
f 13828//3 13831//3 14189//3 14190//3
f 14190//6 14189//6 14172//6 14168//6
f 13833//1 14195//1 14178//1 13827//1
f 13833//3 13846//3 14196//3 14195//3
f 14195//6 14196//6 14197//6 14178//6
f 13846//3 13837//3 14198//3 14196//3
f 14196//6 14198//6 14183//6 14197//6
f 13848//2 14199//2 14200//2 14201//2
f 13836//4 14183//4 14200//4 14199//4
f 13837//5 13836//5 14199//5 13848//5
f 13856//1 14202//1 14203//1 14204//1
f 14204//4 14203//4 14184//4 13839//4
f 13856//5 14204//5 13839//5 13838//5
f 13838//3 13860//3 14205//3 14206//3
f 14206//6 14205//6 14207//6 14184//6
f 13843//2 13828//2 14190//2 14208//2
f 13860//3 13843//3 14208//3 14205//3
f 14205//6 14208//6 14190//6 14207//6
f 13847//1 14213//1 14198//1 13837//1
f 13847//3 13864//3 14214//3 14213//3
f 14213//6 14214//6 14201//6 14198//6
f 13848//4 14201//4 14215//4 13851//4
f 13851//4 14215//4 14216//4 14217//4
f 13852//5 13851//5 14217//5 13866//5
f 13869//2 14218//2 14219//2 14220//2
f 14217//4 14216//4 14219//4 14218//4
f 13866//5 14217//5 14218//5 13869//5
f 13872//1 14221//1 14222//1 14223//1
f 14223//4 14222//4 14224//4 14225//4
f 13872//5 14223//5 14225//5 13874//5
f 14225//4 14224//4 14226//4 13854//4
f 13874//5 14225//5 13854//5 13853//5
f 13854//4 14226//4 14202//4 13856//4
f 13859//2 13838//2 14206//2 14227//2
f 13879//3 13859//3 14227//3 14228//3
f 14228//6 14227//6 14206//6 14202//6
f 13863//1 14233//1 14214//1 13864//1
f 13863//3 13865//3 14234//3 14233//3
f 14233//6 14234//6 14235//6 14214//6
f 13865//3 13882//3 14236//3 14234//3
f 14234//6 14236//6 14237//6 14235//6
f 13882//3 13870//3 14238//3 14236//3
f 14236//6 14238//6 14220//6 14237//6
f 13869//4 14220//4 14239//4 14240//4
f 13870//5 13869//5 14240//5 13884//5
f 14240//4 14239//4 14241//4 14242//4
f 13884//5 14240//5 14242//5 13885//5
f 14242//4 14241//4 14243//4 14244//4
f 13885//5 14242//5 14244//5 13887//5
f 14244//4 14243//4 14245//4 14246//4
f 13887//5 14244//5 14246//5 13889//5
f 14246//4 14245//4 14247//4 14248//4
f 13889//5 14246//5 14248//5 13891//5
f 14248//4 14247//4 14249//4 14250//4
f 13891//5 14248//5 14250//5 13893//5
f 14250//4 14249//4 14221//4 13872//4
f 13893//5 14250//5 13872//5 13871//5
f 13871//3 13896//3 14251//3 14252//3
f 14252//6 14251//6 14253//6 14221//6
f 13896//3 13877//3 14254//3 14251//3
f 14251//6 14254//6 14255//6 14253//6
f 13876//2 13879//2 14228//2 14256//2
f 13877//3 13876//3 14256//3 14254//3
f 14254//6 14256//6 14228//6 14255//6
f 13883//1 14261//1 14238//1 13870//1
f 13883//3 13900//3 14262//3 14261//3
f 14261//6 14262//6 14263//6 14238//6
f 13900//3 13902//3 14264//3 14262//3
f 14262//6 14264//6 14265//6 14263//6
f 13902//3 13904//3 14266//3 14264//3
f 14264//6 14266//6 14267//6 14265//6
f 13904//3 13906//3 14268//3 14266//3
f 14266//6 14268//6 14269//6 14267//6
f 13906//3 13908//3 14270//3 14268//3
f 14268//6 14270//6 14271//6 14269//6
f 13908//3 13910//3 14272//3 14270//3
f 14270//6 14272//6 14273//6 14271//6
f 13895//2 13871//2 14252//2 14274//2
f 13910//3 13895//3 14274//3 14272//3
f 14272//6 14274//6 14252//6 14273//6
f 14058//1 14444//1 14423//1 14059//1
f 14058//3 14060//3 14445//3 14444//3
f 14444//6 14445//6 14446//6 14423//6
f 14072//2 14038//2 14425//2 14447//2
f 14060//5 14039//5 14038//5 14072//5
f 14064//1 14448//1 14441//1 14055//1
f 14064//5 14055//5 14054//5 14065//5
f 14067//2 14068//2 14443//2 14449//2
f 14065//3 14067//3 14449//3 14450//3
f 14450//6 14449//6 14443//6 14451//6
f 14070//1 14452//1 14445//1 14060//1
f 14070//3 14073//3 14453//3 14452//3
f 14452//6 14453//6 14447//6 14445//6
f 14081//2 14454//2 14455//2 14456//2
f 14072//4 14447//4 14455//4 14454//4
f 14073//5 14072//5 14454//5 14081//5
f 14075//1 14457//1 14458//1 14062//1
f 14062//4 14458//4 14448//4 14064//4
f 14077//2 14065//2 14450//2 14459//2
f 14086//3 14077//3 14459//3 14460//3
f 14460//6 14459//6 14450//6 14448//6
f 14079//1 14461//1 14453//1 14073//1
f 14082//2 14081//2 14456//2 14462//2
f 14079//3 14082//3 14462//3 14461//3
f 14083//1 14463//1 14457//1 14075//1
f 14085//2 14086//2 14460//2 14464//2
f 14083//3 14085//3 14464//3 14463//3
f 14088//1 14465//1 14462//1 14082//1
f 14091//2 14090//2 14466//2 14467//2
f 14082//4 14462//4 14466//4 14090//4
f 14092//1 14468//1 14469//1 14093//1
f 14096//2 14083//2 14463//2 14470//2
f 14093//4 14469//4 14463//4 14083//4
f 14097//1 14471//1 14465//1 14088//1
f 14097//3 14098//3 14472//3 14471//3
f 14471//6 14472//6 14467//6 14465//6
f 14101//2 14100//2 14473//2 14474//2
f 14091//4 14467//4 14473//4 14100//4
f 14102//1 14475//1 14476//1 14103//1
f 14103//4 14476//4 14468//4 14092//4
f 14105//2 14096//2 14470//2 14477//2
f 14106//3 14105//3 14477//3 14478//3
f 14478//6 14477//6 14470//6 14468//6
f 14108//1 14479//1 14472//1 14098//1
f 14108//3 14109//3 14480//3 14479//3
f 14479//6 14480//6 14474//6 14472//6
f 14112//2 14111//2 14481//2 14482//2
f 14101//4 14474//4 14481//4 14111//4
f 14113//1 14483//1 14484//1 14114//1
f 14114//4 14484//4 14475//4 14102//4
f 14116//2 14106//2 14478//2 14485//2
f 14117//3 14116//3 14485//3 14486//3
f 14486//6 14485//6 14478//6 14475//6
f 14121//1 14487//1 14480//1 14109//1
f 14121//3 14122//3 14488//3 14487//3
f 14487//6 14488//6 14482//6 14480//6
f 14112//4 14482//4 14489//4 14124//4
f 14138//2 14490//2 14491//2 14492//2
f 14124//4 14489//4 14491//4 14490//4
f 14125//5 14124//5 14490//5 14138//5
f 14141//1 14493//1 14494//1 14495//1
f 14495//4 14494//4 14496//4 14127//4
f 14141//5 14495//5 14127//5 14126//5
f 14127//4 14496//4 14483//4 14113//4
f 14129//2 14117//2 14486//2 14497//2
f 14130//3 14129//3 14497//3 14498//3
f 14498//6 14497//6 14486//6 14483//6
f 14135//1 14499//1 14488//1 14122//1
f 14135//3 14136//3 14500//3 14499//3
f 14499//6 14500//6 14501//6 14488//6
f 14136//3 14139//3 14502//3 14500//3
f 14152//2 14503//2 14504//2 14505//2
f 14138//4 14492//4 14504//4 14503//4
f 14139//5 14138//5 14503//5 14152//5
f 14155//1 14506//1 14507//1 14508//1
f 14508//4 14507//4 14493//4 14141//4
f 14155//5 14508//5 14141//5 14140//5
f 14140//3 14144//3 14509//3 14510//3
f 14143//2 14130//2 14498//2 14511//2
f 14144//3 14143//3 14511//3 14509//3
f 14509//6 14511//6 14498//6 14512//6
f 14150//1 14513//1 14502//1 14139//1
f 14150//3 14153//3 14514//3 14513//3
f 14513//6 14514//6 14505//6 14502//6
f 14166//2 14515//2 14516//2 14517//2
f 14152//4 14505//4 14516//4 14515//4
f 14153//5 14152//5 14515//5 14166//5
f 14169//1 14518//1 14519//1 14520//1
f 14520//4 14519//4 14506//4 14155//4
f 14169//5 14520//5 14155//5 14154//5
f 14158//2 14140//2 14510//2 14521//2
f 14154//3 14158//3 14521//3 14522//3
f 14522//6 14521//6 14510//6 14506//6
f 14164//1 14523//1 14514//1 14153//1
f 14164//3 14167//3 14524//3 14523//3
f 14523//6 14524//6 14517//6 14514//6
f 14166//4 14517//4 14525//4 14526//4
f 14167//5 14166//5 14526//5 14179//5
f 14182//2 14527//2 14528//2 14529//2
f 14526//4 14525//4 14528//4 14527//4
f 14179//5 14526//5 14527//5 14182//5
f 14185//1 14530//1 14531//1 14532//1
f 14532//4 14531//4 14533//4 14534//4
f 14185//5 14532//5 14534//5 14187//5
f 14534//4 14533//4 14518//4 14169//4
f 14187//5 14534//5 14169//5 14168//5
f 14172//2 14154//2 14522//2 14535//2
f 14168//3 14172//3 14535//3 14536//3
f 14536//6 14535//6 14522//6 14518//6
f 14178//1 14537//1 14524//1 14167//1
f 14178//3 14197//3 14538//3 14537//3
f 14537//6 14538//6 14539//6 14524//6
f 14197//3 14183//3 14540//3 14538//3
f 14200//2 14541//2 14542//2 14543//2
f 14182//4 14529//4 14542//4 14541//4
f 14183//5 14182//5 14541//5 14200//5
f 14203//1 14544//1 14545//1 14546//1
f 14546//4 14545//4 14530//4 14185//4
f 14203//5 14546//5 14185//5 14184//5
f 14184//3 14207//3 14547//3 14548//3
f 14190//2 14168//2 14536//2 14549//2
f 14207//3 14190//3 14549//3 14547//3
f 14547//6 14549//6 14536//6 14550//6
f 14198//1 14551//1 14540//1 14183//1
f 14198//3 14201//3 14552//3 14551//3
f 14551//6 14552//6 14543//6 14540//6
f 14200//4 14543//4 14553//4 14554//4
f 14201//5 14200//5 14554//5 14215//5
f 14554//4 14553//4 14555//4 14556//4
f 14215//5 14554//5 14556//5 14216//5
f 14219//2 14557//2 14558//2 14559//2
f 14556//4 14555//4 14558//4 14557//4
f 14216//5 14556//5 14557//5 14219//5
f 14222//1 14560//1 14561//1 14562//1
f 14562//4 14561//4 14563//4 14564//4
f 14222//5 14562//5 14564//5 14224//5
f 14564//4 14563//4 14565//4 14566//4
f 14224//5 14564//5 14566//5 14226//5
f 14566//4 14565//4 14544//4 14203//4
f 14226//5 14566//5 14203//5 14202//5
f 14206//2 14184//2 14548//2 14567//2
f 14202//3 14206//3 14567//3 14568//3
f 14568//6 14567//6 14548//6 14544//6
f 14214//1 14569//1 14552//1 14201//1
f 14214//3 14235//3 14570//3 14569//3
f 14569//6 14570//6 14571//6 14552//6
f 14235//3 14237//3 14572//3 14570//3
f 14570//6 14572//6 14573//6 14571//6
f 14237//3 14220//3 14574//3 14572//3
f 14572//6 14574//6 14559//6 14573//6
f 14219//4 14559//4 14575//4 14576//4
f 14220//5 14219//5 14576//5 14239//5
f 14576//4 14575//4 14577//4 14578//4
f 14239//5 14576//5 14578//5 14241//5
f 14578//4 14577//4 14579//4 14580//4
f 14241//5 14578//5 14580//5 14243//5
f 14580//4 14579//4 14581//4 14582//4
f 14243//5 14580//5 14582//5 14245//5
f 14582//4 14581//4 14583//4 14584//4
f 14245//5 14582//5 14584//5 14247//5
f 14584//4 14583//4 14585//4 14586//4
f 14247//5 14584//5 14586//5 14249//5
f 14586//4 14585//4 14560//4 14222//4
f 14249//5 14586//5 14222//5 14221//5
f 14221//3 14253//3 14587//3 14588//3
f 14588//6 14587//6 14589//6 14560//6
f 14253//3 14255//3 14590//3 14587//3
f 14587//6 14590//6 14591//6 14589//6
f 14228//2 14202//2 14568//2 14592//2
f 14255//3 14228//3 14592//3 14590//3
f 14590//6 14592//6 14568//6 14591//6
f 14238//1 14593//1 14574//1 14220//1
f 14238//3 14263//3 14594//3 14593//3
f 14593//6 14594//6 14595//6 14574//6
f 14263//3 14265//3 14596//3 14594//3
f 14594//6 14596//6 14597//6 14595//6
f 14265//3 14267//3 14598//3 14596//3
f 14596//6 14598//6 14599//6 14597//6
f 14267//3 14269//3 14600//3 14598//3
f 14598//6 14600//6 14601//6 14599//6
f 14269//3 14271//3 14602//3 14600//3
f 14600//6 14602//6 14603//6 14601//6
f 14271//3 14273//3 14604//3 14602//3
f 14602//6 14604//6 14605//6 14603//6
f 14252//2 14221//2 14588//2 14606//2
f 14273//3 14252//3 14606//3 14604//3
f 14604//6 14606//6 14588//6 14605//6
f 14445//1 14784//1 14763//1 14446//1
f 14445//3 14447//3 14785//3 14784//3
f 14455//2 14424//2 14765//2 14786//2
f 14447//5 14425//5 14424//5 14455//5
f 14458//1 14787//1 14781//1 14440//1
f 14458//5 14440//5 14441//5 14448//5
f 14450//2 14451//2 14783//2 14788//2
f 14448//3 14450//3 14788//3 14789//3
f 14453//1 14790//1 14785//1 14447//1
f 14456//2 14455//2 14786//2 14791//2
f 14457//1 14792//1 14787//1 14458//1
f 14460//2 14448//2 14789//2 14793//2
f 14461//1 14794//1 14790//1 14453//1
f 14461//3 14462//3 14795//3 14794//3
f 14794//6 14795//6 14791//6 14790//6
f 14466//2 14796//2 14797//2 14798//2
f 14456//4 14791//4 14797//4 14796//4
f 14462//5 14456//5 14796//5 14466//5
f 14469//1 14799//1 14800//1 14801//1
f 14801//4 14800//4 14792//4 14457//4
f 14469//5 14801//5 14457//5 14463//5
f 14464//2 14460//2 14793//2 14802//2
f 14463//3 14464//3 14802//3 14803//3
f 14803//6 14802//6 14793//6 14792//6
f 14465//1 14804//1 14795//1 14462//1
f 14465//3 14467//3 14805//3 14804//3
f 14804//6 14805//6 14798//6 14795//6
f 14473//2 14806//2 14807//2 14808//2
f 14466//4 14798//4 14807//4 14806//4
f 14467//5 14466//5 14806//5 14473//5
f 14476//1 14809//1 14810//1 14811//1
f 14811//4 14810//4 14799//4 14469//4
f 14476//5 14811//5 14469//5 14468//5
f 14470//2 14463//2 14803//2 14812//2
f 14468//3 14470//3 14812//3 14813//3
f 14813//6 14812//6 14803//6 14799//6
f 14472//1 14814//1 14805//1 14467//1
f 14472//3 14474//3 14815//3 14814//3
f 14814//6 14815//6 14808//6 14805//6
f 14481//2 14816//2 14817//2 14818//2
f 14473//4 14808//4 14817//4 14816//4
f 14474//5 14473//5 14816//5 14481//5
f 14484//1 14819//1 14820//1 14821//1
f 14821//4 14820//4 14809//4 14476//4
f 14484//5 14821//5 14476//5 14475//5
f 14478//2 14468//2 14813//2 14822//2
f 14475//3 14478//3 14822//3 14823//3
f 14823//6 14822//6 14813//6 14809//6
f 14480//1 14824//1 14815//1 14474//1
f 14480//3 14482//3 14825//3 14824//3
f 14824//6 14825//6 14818//6 14815//6
f 14489//2 14826//2 14827//2 14828//2
f 14481//4 14818//4 14827//4 14826//4
f 14482//5 14481//5 14826//5 14489//5
f 14496//1 14829//1 14830//1 14831//1
f 14831//4 14830//4 14819//4 14484//4
f 14496//5 14831//5 14484//5 14483//5
f 14486//2 14475//2 14823//2 14832//2
f 14483//3 14486//3 14832//3 14833//3
f 14833//6 14832//6 14823//6 14819//6
f 14488//1 14834//1 14825//1 14482//1
f 14488//3 14501//3 14835//3 14834//3
f 14834//6 14835//6 14828//6 14825//6
f 14489//4 14828//4 14836//4 14491//4
f 14504//2 14837//2 14838//2 14839//2
f 14491//4 14836//4 14838//4 14837//4
f 14492//5 14491//5 14837//5 14504//5
f 14507//1 14840//1 14841//1 14842//1
f 14842//4 14841//4 14843//4 14494//4
f 14507//5 14842//5 14494//5 14493//5
f 14494//4 14843//4 14829//4 14496//4
f 14498//2 14483//2 14833//2 14844//2
f 14512//3 14498//3 14844//3 14845//3
f 14845//6 14844//6 14833//6 14829//6
f 14500//1 14846//1 14835//1 14501//1
f 14500//3 14502//3 14847//3 14846//3
f 14846//6 14847//6 14848//6 14835//6
f 14502//3 14505//3 14849//3 14847//3
f 14847//6 14849//6 14839//6 14848//6
f 14516//2 14850//2 14851//2 14852//2
f 14504//4 14839//4 14851//4 14850//4
f 14505//5 14504//5 14850//5 14516//5
f 14519//1 14853//1 14854//1 14855//1
f 14855//4 14854//4 14840//4 14507//4
f 14519//5 14855//5 14507//5 14506//5
f 14506//3 14510//3 14856//3 14857//3
f 14857//6 14856//6 14858//6 14840//6
f 14509//2 14512//2 14845//2 14859//2
f 14510//3 14509//3 14859//3 14856//3
f 14856//6 14859//6 14845//6 14858//6
f 14514//1 14860//1 14849//1 14505//1
f 14514//3 14517//3 14861//3 14860//3
f 14860//6 14861//6 14852//6 14849//6
f 14525//2 14862//2 14863//2 14864//2
f 14516//4 14852//4 14863//4 14862//4
f 14517//5 14516//5 14862//5 14525//5
f 14533//1 14865//1 14866//1 14867//1
f 14867//4 14866//4 14853//4 14519//4
f 14533//5 14867//5 14519//5 14518//5
f 14522//2 14506//2 14857//2 14868//2
f 14518//3 14522//3 14868//3 14869//3
f 14869//6 14868//6 14857//6 14853//6
f 14524//1 14870//1 14861//1 14517//1
f 14524//3 14539//3 14871//3 14870//3
f 14870//6 14871//6 14864//6 14861//6
f 14525//4 14864//4 14872//4 14528//4
f 14871//6 14873//6 14872//6 14864//6
f 14542//2 14874//2 14875//2 14876//2
f 14528//4 14872//4 14875//4 14874//4
f 14529//5 14528//5 14874//5 14542//5
f 14545//1 14877//1 14878//1 14879//1
f 14879//4 14878//4 14880//4 14531//4
f 14545//5 14879//5 14531//5 14530//5
f 14531//4 14880//4 14865//4 14533//4
f 14881//6 14882//6 14865//6 14880//6
f 14536//2 14518//2 14869//2 14883//2
f 14550//3 14536//3 14883//3 14882//3
f 14882//6 14883//6 14869//6 14865//6
f 14538//1 14884//1 14871//1 14539//1
f 14538//3 14540//3 14885//3 14884//3
f 14884//6 14885//6 14873//6 14871//6
f 14540//3 14543//3 14886//3 14885//3
f 14885//6 14886//6 14876//6 14873//6
f 14542//4 14876//4 14887//4 14888//4
f 14543//5 14542//5 14888//5 14553//5
f 14888//4 14887//4 14889//4 14890//4
f 14553//5 14888//5 14890//5 14555//5
f 14558//2 14891//2 14892//2 14893//2
f 14890//4 14889//4 14892//4 14891//4
f 14555//5 14890//5 14891//5 14558//5
f 14561//1 14894//1 14895//1 14896//1
f 14896//4 14895//4 14897//4 14898//4
f 14561//5 14896//5 14898//5 14563//5
f 14898//4 14897//4 14899//4 14900//4
f 14563//5 14898//5 14900//5 14565//5
f 14900//4 14899//4 14877//4 14545//4
f 14565//5 14900//5 14545//5 14544//5
f 14544//3 14548//3 14901//3 14902//3
f 14902//6 14901//6 14881//6 14877//6
f 14547//2 14550//2 14882//2 14903//2
f 14548//3 14547//3 14903//3 14901//3
f 14901//6 14903//6 14882//6 14881//6
f 14552//1 14904//1 14886//1 14543//1
f 14552//3 14571//3 14905//3 14904//3
f 14904//6 14905//6 14906//6 14886//6
f 14571//3 14573//3 14907//3 14905//3
f 14905//6 14907//6 14908//6 14906//6
f 14573//3 14559//3 14909//3 14907//3
f 14907//6 14909//6 14893//6 14908//6
f 14558//4 14893//4 14910//4 14911//4
f 14559//5 14558//5 14911//5 14575//5
f 14911//4 14910//4 14912//4 14913//4
f 14575//5 14911//5 14913//5 14577//5
f 14913//4 14912//4 14914//4 14915//4
f 14577//5 14913//5 14915//5 14579//5
f 14915//4 14914//4 14916//4 14917//4
f 14579//5 14915//5 14917//5 14581//5
f 14917//4 14916//4 14918//4 14919//4
f 14581//5 14917//5 14919//5 14583//5
f 14919//4 14918//4 14920//4 14921//4
f 14583//5 14919//5 14921//5 14585//5
f 14921//4 14920//4 14894//4 14561//4
f 14585//5 14921//5 14561//5 14560//5
f 14560//3 14589//3 14922//3 14923//3
f 14923//6 14922//6 14924//6 14894//6
f 14589//3 14591//3 14925//3 14922//3
f 14922//6 14925//6 14926//6 14924//6
f 14568//2 14544//2 14902//2 14927//2
f 14591//3 14568//3 14927//3 14925//3
f 14925//6 14927//6 14902//6 14926//6
f 14574//1 14928//1 14909//1 14559//1
f 14574//3 14595//3 14929//3 14928//3
f 14928//6 14929//6 14930//6 14909//6
f 14595//3 14597//3 14931//3 14929//3
f 14929//6 14931//6 14932//6 14930//6
f 14597//3 14599//3 14933//3 14931//3
f 14931//6 14933//6 14934//6 14932//6
f 14599//3 14601//3 14935//3 14933//3
f 14933//6 14935//6 14936//6 14934//6
f 14601//3 14603//3 14937//3 14935//3
f 14935//6 14937//6 14938//6 14936//6
f 14603//3 14605//3 14939//3 14937//3
f 14937//6 14939//6 14940//6 14938//6
f 14588//2 14560//2 14923//2 14941//2
f 14605//3 14588//3 14941//3 14939//3
f 14939//6 14941//6 14923//6 14940//6
f 14942//1 14943//1 14944//1 14945//1
f 14946//2 14947//2 14948//2 14949//2
f 14942//3 14946//3 14949//3 14943//3
f 14945//4 14944//4 14948//4 14947//4
f 14942//5 14945//5 14947//5 14946//5
f 14784//1 15121//1 15097//1 14763//1
f 14784//3 14785//3 15122//3 15121//3
f 15121//6 15122//6 15123//6 15097//6
f 15124//2 14764//2 15099//2 15125//2
f 14786//5 14765//5 14764//5 15124//5
f 15126//1 15127//1 15119//1 14780//1
f 15126//5 14780//5 14781//5 14787//5
f 14788//2 14783//2 15120//2 15128//2
f 14789//3 14788//3 15128//3 15129//3
f 15129//6 15128//6 15120//6 15130//6
f 14790//1 15131//1 15122//1 14785//1
f 14790//3 14791//3 15132//3 15131//3
f 15131//6 15132//6 15133//6 15122//6
f 14797//2 15124//2 15125//2 15134//2
f 14791//5 14786//5 15124//5 14797//5
f 14800//1 15135//1 15127//1 15126//1
f 14800//5 15126//5 14787//5 14792//5
f 14793//2 14789//2 15129//2 15136//2
f 14792//3 14793//3 15136//3 15137//3
f 15137//6 15136//6 15129//6 15138//6
f 14795//1 15139//1 15132//1 14791//1
f 14795//3 14798//3 15140//3 15139//3
f 15139//6 15140//6 15134//6 15132//6
f 14807//2 15141//2 15142//2 15143//2
f 14797//4 15134//4 15142//4 15141//4
f 14798//5 14797//5 15141//5 14807//5
f 14810//1 15144//1 15145//1 15146//1
f 15146//4 15145//4 15135//4 14800//4
f 14810//5 15146//5 14800//5 14799//5
f 14803//2 14792//2 15137//2 15147//2
f 14799//3 14803//3 15147//3 15148//3
f 15148//6 15147//6 15137//6 15135//6
f 14805//1 15149//1 15140//1 14798//1
f 14805//3 14808//3 15150//3 15149//3
f 15149//6 15150//6 15143//6 15140//6
f 14817//2 15151//2 15152//2 15153//2
f 14807//4 15143//4 15152//4 15151//4
f 14808//5 14807//5 15151//5 14817//5
f 14820//1 15154//1 15155//1 15156//1
f 15156//4 15155//4 15144//4 14810//4
f 14820//5 15156//5 14810//5 14809//5
f 14813//2 14799//2 15148//2 15157//2
f 14809//3 14813//3 15157//3 15158//3
f 15158//6 15157//6 15148//6 15144//6
f 14815//1 15159//1 15150//1 14808//1
f 14815//3 14818//3 15160//3 15159//3
f 15159//6 15160//6 15153//6 15150//6
f 14827//2 15161//2 15162//2 15163//2
f 14817//4 15153//4 15162//4 15161//4
f 14818//5 14817//5 15161//5 14827//5
f 14830//1 15164//1 15165//1 15166//1
f 15166//4 15165//4 15154//4 14820//4
f 14830//5 15166//5 14820//5 14819//5
f 14823//2 14809//2 15158//2 15167//2
f 14819//3 14823//3 15167//3 15168//3
f 15168//6 15167//6 15158//6 15154//6
f 14825//1 15169//1 15160//1 14818//1
f 14825//3 14828//3 15170//3 15169//3
f 15169//6 15170//6 15163//6 15160//6
f 14827//4 15163//4 15171//4 15172//4
f 14828//5 14827//5 15172//5 14836//5
f 14838//2 15173//2 15174//2 15175//2
f 15172//4 15171//4 15174//4 15173//4
f 14836//5 15172//5 15173//5 14838//5
f 14841//1 15176//1 15177//1 15178//1
f 15178//4 15177//4 15179//4 15180//4
f 14841//5 15178//5 15180//5 14843//5
f 15180//4 15179//4 15164//4 14830//4
f 14843//5 15180//5 14830//5 14829//5
f 14833//2 14819//2 15168//2 15181//2
f 14829//3 14833//3 15181//3 15182//3
f 15182//6 15181//6 15168//6 15164//6
f 14835//1 15183//1 15170//1 14828//1
f 14835//3 14848//3 15184//3 15183//3
f 15183//6 15184//6 15185//6 15170//6
f 14848//3 14839//3 15186//3 15184//3
f 15184//6 15186//6 15175//6 15185//6
f 14851//2 15187//2 15188//2 15189//2
f 14838//4 15175//4 15188//4 15187//4
f 14839//5 14838//5 15187//5 14851//5
f 14854//1 15190//1 15191//1 15192//1
f 15192//4 15191//4 15176//4 14841//4
f 14854//5 15192//5 14841//5 14840//5
f 14840//3 14858//3 15193//3 15194//3
f 15194//6 15193//6 15195//6 15176//6
f 14845//2 14829//2 15182//2 15196//2
f 14858//3 14845//3 15196//3 15193//3
f 15193//6 15196//6 15182//6 15195//6
f 14849//1 15197//1 15186//1 14839//1
f 14849//3 14852//3 15198//3 15197//3
f 15197//6 15198//6 15189//6 15186//6
f 14851//4 15189//4 15199//4 15200//4
f 14852//5 14851//5 15200//5 14863//5
f 15201//2 15202//2 15203//2 15204//2
f 15200//4 15199//4 15203//4 15202//4
f 14863//5 15200//5 15202//5 15201//5
f 15205//1 15206//1 15207//1 15208//1
f 15208//4 15207//4 15209//4 15210//4
f 15205//5 15208//5 15210//5 14866//5
f 15210//4 15209//4 15190//4 14854//4
f 14866//5 15210//5 14854//5 14853//5
f 14857//2 14840//2 15194//2 15211//2
f 14853//3 14857//3 15211//3 15212//3
f 15212//6 15211//6 15194//6 15190//6
f 14861//1 15213//1 15198//1 14852//1
f 14861//3 14864//3 15214//3 15213//3
f 15213//6 15214//6 15215//6 15198//6
f 14864//3 14872//3 15216//3 15214//3
f 14864//5 14863//5 15201//5 14872//5
f 15214//6 15216//6 15204//6 15215//6
f 14875//2 15217//2 15218//2 15219//2
f 15201//4 15204//4 15218//4 15217//4
f 14872//5 15201//5 15217//5 14875//5
f 14878//1 15220//1 15221//1 15222//1
f 15222//4 15221//4 15206//4 15205//4
f 14878//5 15222//5 15205//5 14880//5
f 14880//3 14865//3 15223//3 15224//3
f 14880//5 15205//5 14866//5 14865//5
f 15224//6 15223//6 15225//6 15206//6
f 14869//2 14853//2 15212//2 15226//2
f 14865//3 14869//3 15226//3 15223//3
f 15223//6 15226//6 15212//6 15225//6
f 14873//1 15227//1 15216//1 14872//1
f 14873//3 14876//3 15228//3 15227//3
f 15227//6 15228//6 15219//6 15216//6
f 14875//4 15219//4 15229//4 15230//4
f 14876//5 14875//5 15230//5 14887//5
f 15228//6 15231//6 15229//6 15219//6
f 15230//4 15229//4 15232//4 15233//4
f 14887//5 15230//5 15233//5 14889//5
f 14892//2 15234//2 15235//2 15236//2
f 15233//4 15232//4 15235//4 15234//4
f 14889//5 15233//5 15234//5 14892//5
f 14895//1 15237//1 15238//1 15239//1
f 15239//4 15238//4 15240//4 15241//4
f 14895//5 15239//5 15241//5 14897//5
f 15241//4 15240//4 15242//4 15243//4
f 14897//5 15241//5 15243//5 14899//5
f 15243//4 15242//4 15220//4 14878//4
f 14899//5 15243//5 14878//5 14877//5
f 15244//6 15245//6 15220//6 15242//6
f 14881//2 14880//2 15224//2 15246//2
f 14877//3 14881//3 15246//3 15245//3
f 15245//6 15246//6 15224//6 15220//6
f 14886//1 15247//1 15228//1 14876//1
f 14886//3 14906//3 15248//3 15247//3
f 15247//6 15248//6 15231//6 15228//6
f 14906//3 14908//3 15249//3 15248//3
f 15248//6 15249//6 15250//6 15231//6
f 14908//3 14893//3 15251//3 15249//3
f 15249//6 15251//6 15236//6 15250//6
f 14892//4 15236//4 15252//4 15253//4
f 14893//5 14892//5 15253//5 14910//5
f 15251//6 15254//6 15252//6 15236//6
f 15253//4 15252//4 15255//4 15256//4
f 14910//5 15253//5 15256//5 14912//5
f 15256//4 15255//4 15257//4 15258//4
f 14912//5 15256//5 15258//5 14914//5
f 15258//4 15257//4 15259//4 15260//4
f 14914//5 15258//5 15260//5 14916//5
f 15260//4 15259//4 15261//4 15262//4
f 14916//5 15260//5 15262//5 14918//5
f 15262//4 15261//4 15263//4 15264//4
f 14918//5 15262//5 15264//5 14920//5
f 15264//4 15263//4 15237//4 14895//4
f 14920//5 15264//5 14895//5 14894//5
f 15265//6 15266//6 15237//6 15263//6
f 14894//3 14924//3 15267//3 15266//3
f 15266//6 15267//6 15268//6 15237//6
f 14924//3 14926//3 15269//3 15267//3
f 15267//6 15269//6 15244//6 15268//6
f 14902//2 14877//2 15245//2 15270//2
f 14926//3 14902//3 15270//3 15269//3
f 15269//6 15270//6 15245//6 15244//6
f 14909//1 15271//1 15251//1 14893//1
f 14909//3 14930//3 15272//3 15271//3
f 15271//6 15272//6 15254//6 15251//6
f 14930//3 14932//3 15273//3 15272//3
f 15272//6 15273//6 15274//6 15254//6
f 14932//3 14934//3 15275//3 15273//3
f 15273//6 15275//6 15276//6 15274//6
f 14934//3 14936//3 15277//3 15275//3
f 15275//6 15277//6 15278//6 15276//6
f 14936//3 14938//3 15279//3 15277//3
f 15277//6 15279//6 15280//6 15278//6
f 14938//3 14940//3 15281//3 15279//3
f 15279//6 15281//6 15265//6 15280//6
f 14923//2 14894//2 15266//2 15282//2
f 14940//3 14923//3 15282//3 15281//3
f 15281//6 15282//6 15266//6 15265//6
f 15283//1 15284//1 15285//1 15286//1
f 15286//4 15285//4 15287//4 15288//4
f 15283//5 15286//5 15288//5 15289//5
f 15288//4 15287//4 15290//4 15291//4
f 15289//5 15288//5 15291//5 14944//5
f 15291//4 15290//4 15292//4 15293//4
f 14944//5 15291//5 15293//5 14948//5
f 15293//4 15292//4 15294//4 15295//4
f 14948//5 15293//5 15295//5 15296//5
f 15297//2 15298//2 15299//2 15300//2
f 15295//4 15294//4 15299//4 15298//4
f 15296//5 15295//5 15298//5 15297//5
f 15301//1 15302//1 15303//1 15304//1
f 15301//3 15305//3 15306//3 15302//3
f 15304//4 15303//4 15284//4 15283//4
f 15301//5 15304//5 15283//5 15305//5
f 15305//5 15283//5 15289//5 15307//5
f 15307//5 15289//5 14944//5 14943//5
f 14949//5 14948//5 15296//5 15308//5
f 15308//5 15296//5 15297//5 15309//5
f 15310//2 15311//2 15312//2 15313//2
f 15309//3 15310//3 15313//3 15314//3
f 15297//4 15300//4 15312//4 15311//4
f 15309//5 15297//5 15311//5 15310//5
f 15315//1 15316//1 15306//1 15305//1
f 15315//3 15317//3 15318//3 15316//3
f 15315//5 15305//5 15307//5 15317//5
f 15317//3 15319//3 15320//3 15318//3
f 15317//5 15307//5 14943//5 15319//5
f 15319//3 15321//3 15322//3 15320//3
f 15319//5 14943//5 14949//5 15321//5
f 15321//3 15323//3 15324//3 15322//3
f 15321//5 14949//5 15308//5 15323//5
f 15325//2 15309//2 15314//2 15326//2
f 15323//3 15325//3 15326//3 15324//3
f 15323//5 15308//5 15309//5 15325//5
f 15122//1 15525//1 15496//1 15123//1
f 15122//3 15133//3 15526//3 15525//3
f 15525//6 15526//6 15527//6 15496//6
f 15125//2 15099//2 15498//2 15528//2
f 15127//1 15529//1 15522//1 15119//1
f 15129//2 15130//2 15524//2 15530//2
f 15138//3 15129//3 15530//3 15531//3
f 15531//6 15530//6 15524//6 15532//6
f 15132//1 15533//1 15526//1 15133//1
f 15132//3 15134//3 15534//3 15533//3
f 15533//6 15534//6 15528//6 15526//6
f 15142//2 15535//2 15536//2 15537//2
f 15125//4 15528//4 15536//4 15535//4
f 15134//5 15125//5 15535//5 15142//5
f 15145//1 15538//1 15539//1 15540//1
f 15540//4 15539//4 15529//4 15127//4
f 15145//5 15540//5 15127//5 15135//5
f 15137//2 15138//2 15531//2 15541//2
f 15135//3 15137//3 15541//3 15542//3
f 15542//6 15541//6 15531//6 15529//6
f 15140//1 15543//1 15534//1 15134//1
f 15140//3 15143//3 15544//3 15543//3
f 15543//6 15544//6 15537//6 15534//6
f 15152//2 15545//2 15546//2 15547//2
f 15142//4 15537//4 15546//4 15545//4
f 15143//5 15142//5 15545//5 15152//5
f 15155//1 15548//1 15549//1 15550//1
f 15550//4 15549//4 15538//4 15145//4
f 15155//5 15550//5 15145//5 15144//5
f 15148//2 15135//2 15542//2 15551//2
f 15144//3 15148//3 15551//3 15552//3
f 15552//6 15551//6 15542//6 15538//6
f 15150//1 15553//1 15544//1 15143//1
f 15150//3 15153//3 15554//3 15553//3
f 15553//6 15554//6 15547//6 15544//6
f 15162//2 15555//2 15556//2 15557//2
f 15152//4 15547//4 15556//4 15555//4
f 15153//5 15152//5 15555//5 15162//5
f 15165//1 15558//1 15559//1 15560//1
f 15560//4 15559//4 15548//4 15155//4
f 15165//5 15560//5 15155//5 15154//5
f 15158//2 15144//2 15552//2 15561//2
f 15154//3 15158//3 15561//3 15562//3
f 15562//6 15561//6 15552//6 15548//6
f 15160//1 15563//1 15554//1 15153//1
f 15160//3 15163//3 15564//3 15563//3
f 15563//6 15564//6 15557//6 15554//6
f 15162//4 15557//4 15565//4 15566//4
f 15163//5 15162//5 15566//5 15171//5
f 15564//6 15567//6 15565//6 15557//6
f 15174//2 15568//2 15569//2 15570//2
f 15566//4 15565//4 15569//4 15568//4
f 15171//5 15566//5 15568//5 15174//5
f 15177//1 15571//1 15572//1 15573//1
f 15573//4 15572//4 15574//4 15575//4
f 15177//5 15573//5 15575//5 15179//5
f 15575//4 15574//4 15558//4 15165//4
f 15179//5 15575//5 15165//5 15164//5
f 15576//6 15577//6 15558//6 15574//6
f 15168//2 15154//2 15562//2 15578//2
f 15164//3 15168//3 15578//3 15577//3
f 15577//6 15578//6 15562//6 15558//6
f 15170//1 15579//1 15564//1 15163//1
f 15170//3 15185//3 15580//3 15579//3
f 15579//6 15580//6 15567//6 15564//6
f 15185//3 15175//3 15581//3 15580//3
f 15580//6 15581//6 15570//6 15567//6
f 15188//2 15582//2 15583//2 15584//2
f 15174//4 15570//4 15583//4 15582//4
f 15175//5 15174//5 15582//5 15188//5
f 15191//1 15585//1 15586//1 15587//1
f 15587//4 15586//4 15571//4 15177//4
f 15191//5 15587//5 15177//5 15176//5
f 15176//3 15195//3 15588//3 15589//3
f 15589//6 15588//6 15576//6 15571//6
f 15182//2 15164//2 15577//2 15590//2
f 15195//3 15182//3 15590//3 15588//3
f 15588//6 15590//6 15577//6 15576//6
f 15186//1 15591//1 15581//1 15175//1
f 15186//3 15189//3 15592//3 15591//3
f 15591//6 15592//6 15584//6 15581//6
f 15188//4 15584//4 15593//4 15594//4
f 15189//5 15188//5 15594//5 15199//5
f 15203//2 15595//2 15596//2 15597//2
f 15594//4 15593//4 15596//4 15595//4
f 15199//5 15594//5 15595//5 15203//5
f 15207//1 15598//1 15599//1 15600//1
f 15600//4 15599//4 15601//4 15602//4
f 15207//5 15600//5 15602//5 15209//5
f 15602//4 15601//4 15585//4 15191//4
f 15209//5 15602//5 15191//5 15190//5
f 15194//2 15176//2 15589//2 15603//2
f 15190//3 15194//3 15603//3 15604//3
f 15604//6 15603//6 15589//6 15585//6
f 15198//1 15605//1 15592//1 15189//1
f 15198//3 15215//3 15606//3 15605//3
f 15605//6 15606//6 15607//6 15592//6
f 15215//3 15204//3 15608//3 15606//3
f 15606//6 15608//6 15597//6 15607//6
f 15203//4 15597//4 15609//4 15610//4
f 15204//5 15203//5 15610//5 15218//5
f 15611//2 15612//2 15613//2 15614//2
f 15610//4 15609//4 15613//4 15612//4
f 15218//5 15610//5 15612//5 15611//5
f 15615//1 15616//1 15617//1 15618//1
f 15618//4 15617//4 15619//4 15620//4
f 15615//5 15618//5 15620//5 15221//5
f 15620//4 15619//4 15598//4 15207//4
f 15221//5 15620//5 15207//5 15206//5
f 15206//3 15225//3 15621//3 15622//3
f 15622//6 15621//6 15623//6 15598//6
f 15212//2 15190//2 15604//2 15624//2
f 15225//3 15212//3 15624//3 15621//3
f 15621//6 15624//6 15604//6 15623//6
f 15216//1 15625//1 15608//1 15204//1
f 15216//3 15219//3 15626//3 15625//3
f 15625//6 15626//6 15627//6 15608//6
f 15219//3 15229//3 15628//3 15626//3
f 15219//5 15218//5 15611//5 15229//5
f 15626//6 15628//6 15614//6 15627//6
f 15611//4 15614//4 15629//4 15630//4
f 15229//5 15611//5 15630//5 15232//5
f 15630//4 15629//4 15631//4 15632//4
f 15232//5 15630//5 15632//5 15235//5
f 15633//2 15634//2 15635//2 15636//2
f 15632//4 15631//4 15635//4 15634//4
f 15235//5 15632//5 15634//5 15633//5
f 15637//1 15638//1 15639//1 15640//1
f 15640//4 15639//4 15641//4 15642//4
f 15637//5 15640//5 15642//5 15238//5
f 15642//4 15641//4 15643//4 15644//4
f 15238//5 15642//5 15644//5 15240//5
f 15644//4 15643//4 15616//4 15615//4
f 15240//5 15644//5 15615//5 15242//5
f 15242//3 15220//3 15645//3 15646//3
f 15242//5 15615//5 15221//5 15220//5
f 15646//6 15645//6 15647//6 15616//6
f 15224//2 15206//2 15622//2 15648//2
f 15220//3 15224//3 15648//3 15645//3
f 15645//6 15648//6 15622//6 15647//6
f 15231//1 15649//1 15628//1 15229//1
f 15231//3 15250//3 15650//3 15649//3
f 15649//6 15650//6 15651//6 15628//6
f 15250//3 15236//3 15652//3 15650//3
f 15650//6 15652//6 15653//6 15651//6
f 15236//3 15252//3 15654//3 15652//3
f 15236//5 15235//5 15633//5 15252//5
f 15652//6 15654//6 15636//6 15653//6
f 15633//4 15636//4 15655//4 15656//4
f 15252//5 15633//5 15656//5 15255//5
f 15654//6 15657//6 15655//6 15636//6
f 15656//4 15655//4 15658//4 15659//4
f 15255//5 15656//5 15659//5 15257//5
f 15657//6 15660//6 15658//6 15655//6
f 15659//4 15658//4 15661//4 15662//4
f 15257//5 15659//5 15662//5 15259//5
f 15662//4 15661//4 15663//4 15664//4
f 15259//5 15662//5 15664//5 15261//5
f 15665//6 15666//6 15663//6 15661//6
f 15664//4 15663//4 15638//4 15637//4
f 15261//5 15664//5 15637//5 15263//5
f 15666//6 15667//6 15638//6 15663//6
f 15263//3 15237//3 15668//3 15667//3
f 15263//5 15637//5 15238//5 15237//5
f 15667//6 15668//6 15669//6 15638//6
f 15237//3 15268//3 15670//3 15668//3
f 15668//6 15670//6 15671//6 15669//6
f 15244//2 15242//2 15646//2 15672//2
f 15268//3 15244//3 15672//3 15670//3
f 15670//6 15672//6 15646//6 15671//6
f 15254//1 15673//1 15654//1 15252//1
f 15254//3 15274//3 15674//3 15673//3
f 15673//6 15674//6 15657//6 15654//6
f 15274//3 15276//3 15675//3 15674//3
f 15674//6 15675//6 15660//6 15657//6
f 15276//3 15278//3 15676//3 15675//3
f 15675//6 15676//6 15665//6 15660//6
f 15278//3 15280//3 15677//3 15676//3
f 15676//6 15677//6 15666//6 15665//6
f 15265//2 15263//2 15667//2 15678//2
f 15280//3 15265//3 15678//3 15677//3
f 15677//6 15678//6 15667//6 15666//6
f 15303//1 15679//1 15680//1 15681//1
f 15681//4 15680//4 15682//4 15285//4
f 15303//5 15681//5 15285//5 15284//5
f 15285//4 15682//4 15683//4 15287//4
f 15287//4 15683//4 15684//4 15290//4
f 15290//4 15684//4 15685//4 15292//4
f 15292//4 15685//4 15686//4 15294//4
f 15294//4 15686//4 15687//4 15299//4
f 15312//2 15688//2 15689//2 15690//2
f 15299//4 15687//4 15689//4 15688//4
f 15300//5 15299//5 15688//5 15312//5
f 15691//1 15692//1 15693//1 15694//1
f 15691//3 15302//3 15695//3 15692//3
f 15694//4 15693//4 15679//4 15303//4
f 15691//5 15694//5 15303//5 15302//5
f 15696//2 15697//2 15698//2 15699//2
f 15313//3 15696//3 15699//3 15700//3
f 15312//4 15690//4 15698//4 15697//4
f 15313//5 15312//5 15697//5 15696//5
f 15701//1 15702//1 15695//1 15302//1
f 15701//3 15316//3 15703//3 15702//3
f 15701//5 15302//5 15306//5 15316//5
f 15316//3 15318//3 15704//3 15703//3
f 15318//3 15320//3 15705//3 15704//3
f 15320//3 15322//3 15706//3 15705//3
f 15322//3 15324//3 15707//3 15706//3
f 15324//3 15326//3 15708//3 15707//3
f 15709//2 15313//2 15700//2 15710//2
f 15326//3 15709//3 15710//3 15708//3
f 15326//5 15314//5 15313//5 15709//5
f 15711//1 15712//1 15713//1 15714//1
f 15715//2 15716//2 15717//2 15718//2
f 15711//3 15715//3 15718//3 15712//3
f 15714//4 15713//4 15717//4 15716//4
f 15711//5 15714//5 15716//5 15715//5
f 15526//1 15886//1 15845//1 15527//1
f 15526//3 15528//3 15887//3 15886//3
f 15886//6 15887//6 15888//6 15845//6
f 15528//5 15498//5 15497//5 15536//5
f 15889//2 15499//2 15847//2 15890//2
f 15536//5 15497//5 15499//5 15889//5
f 15891//1 15892//1 15883//1 15520//1
f 15891//5 15520//5 15521//5 15539//5
f 15539//5 15521//5 15522//5 15529//5
f 15531//2 15532//2 15885//2 15893//2
f 15529//3 15531//3 15893//3 15894//3
f 15894//6 15893//6 15885//6 15895//6
f 15534//1 15896//1 15887//1 15528//1
f 15534//3 15537//3 15897//3 15896//3
f 15896//6 15897//6 15898//6 15887//6
f 15546//2 15889//2 15890//2 15899//2
f 15537//5 15536//5 15889//5 15546//5
f 15549//1 15900//1 15892//1 15891//1
f 15549//5 15891//5 15539//5 15538//5
f 15542//2 15529//2 15894//2 15901//2
f 15538//3 15542//3 15901//3 15902//3
f 15902//6 15901//6 15894//6 15903//6
f 15544//1 15904//1 15897//1 15537//1
f 15544//3 15547//3 15905//3 15904//3
f 15904//6 15905//6 15899//6 15897//6
f 15546//4 15899//4 15906//4 15907//4
f 15547//5 15546//5 15907//5 15556//5
f 15905//6 15908//6 15906//6 15899//6
f 15909//2 15910//2 15911//2 15912//2
f 15907//4 15906//4 15911//4 15910//4
f 15556//5 15907//5 15910//5 15909//5
f 15913//1 15914//1 15915//1 15916//1
f 15916//4 15915//4 15917//4 15918//4
f 15913//5 15916//5 15918//5 15559//5
f 15918//4 15917//4 15900//4 15549//4
f 15559//5 15918//5 15549//5 15548//5
f 15919//6 15920//6 15900//6 15917//6
f 15552//2 15538//2 15902//2 15921//2
f 15548//3 15552//3 15921//3 15920//3
f 15920//6 15921//6 15902//6 15900//6
f 15554//1 15922//1 15905//1 15547//1
f 15554//3 15557//3 15923//3 15922//3
f 15922//6 15923//6 15908//6 15905//6
f 15557//3 15565//3 15924//3 15923//3
f 15557//5 15556//5 15909//5 15565//5
f 15923//6 15924//6 15912//6 15908//6
f 15569//2 15925//2 15926//2 15927//2
f 15909//4 15912//4 15926//4 15925//4
f 15565//5 15909//5 15925//5 15569//5
f 15572//1 15928//1 15929//1 15930//1
f 15930//4 15929//4 15914//4 15913//4
f 15572//5 15930//5 15913//5 15574//5
f 15574//3 15558//3 15931//3 15932//3
f 15574//5 15913//5 15559//5 15558//5
f 15932//6 15931//6 15919//6 15914//6
f 15562//2 15548//2 15920//2 15933//2
f 15558//3 15562//3 15933//3 15931//3
f 15931//6 15933//6 15920//6 15919//6
f 15567//1 15934//1 15924//1 15565//1
f 15567//3 15570//3 15935//3 15934//3
f 15934//6 15935//6 15927//6 15924//6
f 15583//2 15936//2 15937//2 15938//2
f 15569//4 15927//4 15937//4 15936//4
f 15570//5 15569//5 15936//5 15583//5
f 15586//1 15939//1 15940//1 15941//1
f 15941//4 15940//4 15928//4 15572//4
f 15586//5 15941//5 15572//5 15571//5
f 15576//2 15574//2 15932//2 15942//2
f 15571//3 15576//3 15942//3 15943//3
f 15943//6 15942//6 15932//6 15928//6
f 15581//1 15944//1 15935//1 15570//1
f 15581//3 15584//3 15945//3 15944//3
f 15944//6 15945//6 15938//6 15935//6
f 15583//4 15938//4 15946//4 15947//4
f 15584//5 15583//5 15947//5 15593//5
f 15945//6 15948//6 15946//6 15938//6
f 15596//2 15949//2 15950//2 15951//2
f 15947//4 15946//4 15950//4 15949//4
f 15593//5 15947//5 15949//5 15596//5
f 15599//1 15952//1 15953//1 15954//1
f 15954//4 15953//4 15955//4 15956//4
f 15599//5 15954//5 15956//5 15601//5
f 15956//4 15955//4 15939//4 15586//4
f 15601//5 15956//5 15586//5 15585//5
f 15957//6 15958//6 15939//6 15955//6
f 15589//2 15571//2 15943//2 15959//2
f 15585//3 15589//3 15959//3 15958//3
f 15958//6 15959//6 15943//6 15939//6
f 15592//1 15960//1 15945//1 15584//1
f 15592//3 15607//3 15961//3 15960//3
f 15960//6 15961//6 15948//6 15945//6
f 15607//3 15597//3 15962//3 15961//3
f 15961//6 15962//6 15951//6 15948//6
f 15596//4 15951//4 15963//4 15964//4
f 15597//5 15596//5 15964//5 15609//5
f 15962//6 15965//6 15963//6 15951//6
f 15613//2 15966//2 15967//2 15968//2
f 15964//4 15963//4 15967//4 15966//4
f 15609//5 15964//5 15966//5 15613//5
f 15617//1 15969//1 15970//1 15971//1
f 15971//4 15970//4 15972//4 15973//4
f 15617//5 15971//5 15973//5 15619//5
f 15973//4 15972//4 15952//4 15599//4
f 15619//5 15973//5 15599//5 15598//5
f 15974//6 15975//6 15952//6 15972//6
f 15598//3 15623//3 15976//3 15975//3
f 15975//6 15976//6 15957//6 15952//6
f 15604//2 15585//2 15958//2 15977//2
f 15623//3 15604//3 15977//3 15976//3
f 15976//6 15977//6 15958//6 15957//6
f 15608//1 15978//1 15962//1 15597//1
f 15608//3 15627//3 15979//3 15978//3
f 15978//6 15979//6 15965//6 15962//6
f 15627//3 15614//3 15980//3 15979//3
f 15979//6 15980//6 15968//6 15965//6
f 15613//4 15968//4 15981//4 15982//4
f 15614//5 15613//5 15982//5 15629//5
f 15980//6 15983//6 15981//6 15968//6
f 15982//4 15981//4 15984//4 15985//4
f 15629//5 15982//5 15985//5 15631//5
f 15985//4 15984//4 15986//4 15987//4
f 15631//5 15985//5 15987//5 15635//5
f 15987//4 15986//4 15988//4 15989//4
f 15635//5 15987//5 15989//5 15990//5
f 15991//2 15992//2 15993//2 15994//2
f 15989//4 15988//4 15993//4 15992//4
f 15990//5 15989//5 15992//5 15991//5
f 15995//1 15996//1 15997//1 15998//1
f 15998//4 15997//4 15999//4 16000//4
f 15995//5 15998//5 16000//5 16001//5
f 16000//4 15999//4 16002//4 16003//4
f 16001//5 16000//5 16003//5 15639//5
f 16003//4 16002//4 16004//4 16005//4
f 15639//5 16003//5 16005//5 15641//5
f 16005//4 16004//4 16006//4 16007//4
f 15641//5 16005//5 16007//5 15643//5
f 16007//4 16006//4 15969//4 15617//4
f 15643//5 16007//5 15617//5 15616//5
f 16008//6 16009//6 15969//6 16006//6
f 15616//3 15647//3 16010//3 16009//3
f 16009//6 16010//6 15974//6 15969//6
f 15622//2 15598//2 15975//2 16011//2
f 15647//3 15622//3 16011//3 16010//3
f 16010//6 16011//6 15975//6 15974//6
f 15628//1 16012//1 15980//1 15614//1
f 15628//3 15651//3 16013//3 16012//3
f 16012//6 16013//6 15983//6 15980//6
f 15651//3 15653//3 16014//3 16013//3
f 16013//6 16014//6 16015//6 15983//6
f 15653//3 15636//3 16016//3 16014//3
f 16014//6 16016//6 16017//6 16015//6
f 15636//3 15655//3 16018//3 16016//3
f 15636//5 15635//5 15990//5 15655//5
f 16016//6 16018//6 16019//6 16017//6
f 15655//3 15658//3 16020//3 16018//3
f 15655//5 15990//5 15991//5 15658//5
f 16018//6 16020//6 15994//6 16019//6
f 15991//4 15994//4 15996//4 15995//4
f 15658//5 15991//5 15995//5 15661//5
f 16020//6 16021//6 15996//6 15994//6
f 15661//3 15663//3 16022//3 16021//3
f 15661//5 15995//5 16001//5 15663//5
f 16021//6 16022//6 16023//6 15996//6
f 15663//3 15638//3 16024//3 16022//3
f 15663//5 16001//5 15639//5 15638//5
f 16022//6 16024//6 16025//6 16023//6
f 15638//3 15669//3 16026//3 16024//3
f 16024//6 16026//6 16027//6 16025//6
f 15669//3 15671//3 16028//3 16026//3
f 16026//6 16028//6 16008//6 16027//6
f 15646//2 15616//2 16009//2 16029//2
f 15671//3 15646//3 16029//3 16028//3
f 16028//6 16029//6 16009//6 16008//6
f 15660//1 16030//1 16020//1 15658//1
f 15665//2 15661//2 16021//2 16031//2
f 15660//3 15665//3 16031//3 16030//3
f 16030//6 16031//6 16021//6 16020//6
f 15684//1 16032//1 16033//1 16034//1
f 15685//2 16035//2 16036//2 16037//2
f 16034//4 16033//4 16036//4 16035//4
f 15684//5 16034//5 16035//5 15685//5
f 16032//6 16037//6 16036//6 16033//6
f 15693//1 16038//1 16039//1 16040//1
f 16040//4 16039//4 16041//4 15680//4
f 15693//5 16040//5 15680//5 15679//5
f 16038//6 16042//6 16041//6 16039//6
f 15680//4 16041//4 16043//4 15682//4
f 15682//4 16043//4 16044//4 15683//4
f 15683//4 16044//4 16032//4 15684//4
f 15685//4 16037//4 16045//4 15686//4
f 15686//4 16045//4 16046//4 15687//4
f 15687//4 16046//4 16047//4 15689//4
f 15698//2 16048//2 16049//2 16050//2
f 15689//4 16047//4 16049//4 16048//4
f 15690//5 15689//5 16048//5 15698//5
f 16051//6 16050//6 16049//6 16047//6
f 16052//1 16053//1 16054//1 16055//1
f 16052//3 15692//3 16056//3 16053//3
f 16055//4 16054//4 16038//4 15693//4
f 16052//5 16055//5 15693//5 15692//5
f 16053//6 16056//6 16038//6 16054//6
f 16057//2 16058//2 16059//2 16060//2
f 15699//3 16057//3 16060//3 16061//3
f 15698//4 16050//4 16059//4 16058//4
f 15699//5 15698//5 16058//5 16057//5
f 16061//6 16060//6 16059//6 16050//6
f 16062//1 16063//1 16056//1 15692//1
f 16062//3 15702//3 16064//3 16063//3
f 16062//5 15692//5 15695//5 15702//5
f 16063//6 16064//6 16065//6 16056//6
f 15702//3 15703//3 16066//3 16064//3
f 15703//3 15704//3 16067//3 16066//3
f 15704//3 15705//3 16068//3 16067//3
f 15706//3 15707//3 16069//3 16070//3
f 15707//3 15708//3 16071//3 16069//3
f 15708//3 15710//3 16072//3 16071//3
f 16073//2 15699//2 16061//2 16074//2
f 15710//3 16073//3 16074//3 16072//3
f 15710//5 15700//5 15699//5 16073//5
f 16072//6 16074//6 16061//6 16075//6
f 16076//1 16077//1 16068//1 15705//1
f 16078//2 15706//2 16070//2 16079//2
f 16076//3 16078//3 16079//3 16077//3
f 16076//5 15705//5 15706//5 16078//5
f 16077//6 16079//6 16070//6 16068//6
f 16080//1 16081//1 16082//1 16083//1
f 16083//4 16082//4 16084//4 16085//4
f 16080//5 16083//5 16085//5 16086//5
f 16085//4 16084//4 16087//4 16088//4
f 16086//5 16085//5 16088//5 15713//5
f 16088//4 16087//4 16089//4 16090//4
f 15713//5 16088//5 16090//5 15717//5
f 16090//4 16089//4 16091//4 16092//4
f 15717//5 16090//5 16092//5 16093//5
f 16094//2 16095//2 16096//2 16097//2
f 16092//4 16091//4 16096//4 16095//4
f 16093//5 16092//5 16095//5 16094//5
f 16098//1 16099//1 16100//1 16101//1
f 16098//3 16102//3 16103//3 16099//3
f 16101//4 16100//4 16081//4 16080//4
f 16098//5 16101//5 16080//5 16102//5
f 16102//5 16080//5 16086//5 16104//5
f 16104//5 16086//5 15713//5 15712//5
f 15718//5 15717//5 16093//5 16105//5
f 16105//5 16093//5 16094//5 16106//5
f 16107//2 16108//2 16109//2 16110//2
f 16106//3 16107//3 16110//3 16111//3
f 16094//4 16097//4 16109//4 16108//4
f 16106//5 16094//5 16108//5 16107//5
f 16112//1 16113//1 16103//1 16102//1
f 16112//3 16114//3 16115//3 16113//3
f 16112//5 16102//5 16104//5 16114//5
f 16114//3 16116//3 16117//3 16115//3
f 16114//5 16104//5 15712//5 16116//5
f 16116//3 16118//3 16119//3 16117//3
f 16116//5 15712//5 15718//5 16118//5
f 16118//3 16120//3 16121//3 16119//3
f 16118//5 15718//5 16105//5 16120//5
f 16122//2 16106//2 16111//2 16123//2
f 16120//3 16122//3 16123//3 16121//3
f 16120//5 16105//5 16106//5 16122//5
f 15887//1 16275//1 16244//1 15888//1
f 15887//3 15898//3 16276//3 16275//3
f 16275//6 16276//6 16245//6 16244//6
f 16276//6 16277//6 16278//6 16245//6
f 16279//2 15846//2 16247//2 16280//2
f 15890//5 15847//5 15846//5 16279//5
f 16281//1 16282//1 16271//1 15882//1
f 16281//5 15882//5 15883//5 15892//5
f 16283//6 16284//6 16272//6 16285//6
f 15894//2 15895//2 16273//2 16286//2
f 15903//3 15894//3 16286//3 16284//3
f 16284//6 16286//6 16273//6 16272//6
f 15897//1 16287//1 16276//1 15898//1
f 15897//3 15899//3 16288//3 16287//3
f 16287//6 16288//6 16277//6 16276//6
f 15899//3 15906//3 16289//3 16288//3
f 15899//5 15890//5 16279//5 15906//5
f 16288//6 16289//6 16280//6 16277//6
f 15911//2 16290//2 16291//2 16292//2
f 16279//4 16280//4 16291//4 16290//4
f 15906//5 16279//5 16290//5 15911//5
f 15915//1 16293//1 16294//1 16295//1
f 16295//4 16294//4 16282//4 16281//4
f 15915//5 16295//5 16281//5 15917//5
f 15917//3 15900//3 16296//3 16297//3
f 15917//5 16281//5 15892//5 15900//5
f 16297//6 16296//6 16283//6 16282//6
f 15902//2 15903//2 16284//2 16298//2
f 15900//3 15902//3 16298//3 16296//3
f 16296//6 16298//6 16284//6 16283//6
f 15908//1 16299//1 16289//1 15906//1
f 15908//3 15912//3 16300//3 16299//3
f 16299//6 16300//6 16292//6 16289//6
f 15926//2 16301//2 16302//2 16303//2
f 15911//4 16292//4 16302//4 16301//4
f 15912//5 15911//5 16301//5 15926//5
f 15929//1 16304//1 16305//1 16306//1
f 16306//4 16305//4 16293//4 15915//4
f 15929//5 16306//5 15915//5 15914//5
f 15919//2 15917//2 16297//2 16307//2
f 15914//3 15919//3 16307//3 16308//3
f 16308//6 16307//6 16297//6 16293//6
f 15924//1 16309//1 16300//1 15912//1
f 15924//3 15927//3 16310//3 16309//3
f 16309//6 16310//6 16303//6 16300//6
f 15926//4 16303//4 16311//4 16312//4
f 15927//5 15926//5 16312//5 15937//5
f 16310//6 16313//6 16311//6 16303//6
f 16314//2 16315//2 16316//2 16317//2
f 16312//4 16311//4 16316//4 16315//4
f 15937//5 16312//5 16315//5 16314//5
f 16318//1 16319//1 16320//1 16321//1
f 16321//4 16320//4 16322//4 16323//4
f 16318//5 16321//5 16323//5 15940//5
f 16323//4 16322//4 16304//4 15929//4
f 15940//5 16323//5 15929//5 15928//5
f 16324//6 16325//6 16304//6 16322//6
f 15932//2 15914//2 16308//2 16326//2
f 15928//3 15932//3 16326//3 16325//3
f 16325//6 16326//6 16308//6 16304//6
f 15935//1 16327//1 16310//1 15927//1
f 15935//3 15938//3 16328//3 16327//3
f 16327//6 16328//6 16313//6 16310//6
f 15938//3 15946//3 16329//3 16328//3
f 15938//5 15937//5 16314//5 15946//5
f 16328//6 16329//6 16317//6 16313//6
f 16314//4 16317//4 16330//4 16331//4
f 15946//5 16314//5 16331//5 15950//5
f 16332//2 16333//2 16334//2 16335//2
f 16331//4 16330//4 16334//4 16333//4
f 15950//5 16331//5 16333//5 16332//5
f 16336//1 16337//1 16338//1 16339//1
f 16339//4 16338//4 16340//4 16341//4
f 16336//5 16339//5 16341//5 15953//5
f 16341//4 16340//4 16319//4 16318//4
f 15953//5 16341//5 16318//5 15955//5
f 15955//3 15939//3 16342//3 16343//3
f 15955//5 16318//5 15940//5 15939//5
f 16343//6 16342//6 16324//6 16319//6
f 15943//2 15928//2 16325//2 16344//2
f 15939//3 15943//3 16344//3 16342//3
f 16342//6 16344//6 16325//6 16324//6
f 15948//1 16345//1 16329//1 15946//1
f 15948//3 15951//3 16346//3 16345//3
f 16345//6 16346//6 16347//6 16329//6
f 15951//3 15963//3 16348//3 16346//3
f 15951//5 15950//5 16332//5 15963//5
f 16346//6 16348//6 16335//6 16347//6
f 16332//4 16335//4 16349//4 16350//4
f 15963//5 16332//5 16350//5 15967//5
f 16351//2 16352//2 16353//2 16354//2
f 16350//4 16349//4 16353//4 16352//4
f 15967//5 16350//5 16352//5 16351//5
f 16355//1 16356//1 16357//1 16358//1
f 16358//4 16357//4 16359//4 16360//4
f 16355//5 16358//5 16360//5 15970//5
f 16360//4 16359//4 16337//4 16336//4
f 15970//5 16360//5 16336//5 15972//5
f 15972//3 15952//3 16361//3 16362//3
f 15972//5 16336//5 15953//5 15952//5
f 16362//6 16361//6 16363//6 16337//6
f 15957//2 15955//2 16343//2 16364//2
f 15952//3 15957//3 16364//3 16361//3
f 16361//6 16364//6 16343//6 16363//6
f 15965//1 16365//1 16348//1 15963//1
f 15965//3 15968//3 16366//3 16365//3
f 16365//6 16366//6 16367//6 16348//6
f 15968//3 15981//3 16368//3 16366//3
f 15968//5 15967//5 16351//5 15981//5
f 16366//6 16368//6 16354//6 16367//6
f 16351//4 16354//4 16369//4 16370//4
f 15981//5 16351//5 16370//5 15984//5
f 16368//6 16371//6 16369//6 16354//6
f 16370//4 16369//4 16372//4 16373//4
f 15984//5 16370//5 16373//5 15986//5
f 16373//4 16372//4 16374//4 16375//4
f 15986//5 16373//5 16375//5 15988//5
f 16375//4 16374//4 16376//4 16377//4
f 15988//5 16375//5 16377//5 15993//5
f 16377//4 16376//4 16378//4 16379//4
f 15993//5 16377//5 16379//5 15997//5
f 16379//4 16378//4 16380//4 16381//4
f 15997//5 16379//5 16381//5 15999//5
f 16381//4 16380//4 16382//4 16383//4
f 15999//5 16381//5 16383//5 16002//5
f 16383//4 16382//4 16384//4 16385//4
f 16002//5 16383//5 16385//5 16004//5
f 16385//4 16384//4 16356//4 16355//4
f 16004//5 16385//5 16355//5 16006//5
f 16386//6 16387//6 16356//6 16384//6
f 16006//3 15969//3 16388//3 16387//3
f 16006//5 16355//5 15970//5 15969//5
f 16387//6 16388//6 16389//6 16356//6
f 15974//2 15972//2 16362//2 16390//2
f 15969//3 15974//3 16390//3 16388//3
f 16388//6 16390//6 16362//6 16389//6
f 15983//1 16391//1 16368//1 15981//1
f 15983//3 16015//3 16392//3 16391//3
f 16391//6 16392//6 16371//6 16368//6
f 16015//3 16017//3 16393//3 16392//3
f 16392//6 16393//6 16394//6 16371//6
f 16017//3 16019//3 16395//3 16393//3
f 16393//6 16395//6 16396//6 16394//6
f 16019//3 15994//3 16397//3 16395//3
f 16395//6 16397//6 16398//6 16396//6
f 15994//3 15996//3 16399//3 16397//3
f 15994//5 15993//5 15997//5 15996//5
f 16397//6 16399//6 16400//6 16398//6
f 15996//3 16023//3 16401//3 16399//3
f 16399//6 16401//6 16402//6 16400//6
f 16023//3 16025//3 16403//3 16401//3
f 16401//6 16403//6 16404//6 16402//6
f 16025//3 16027//3 16405//3 16403//3
f 16403//6 16405//6 16386//6 16404//6
f 16008//2 16006//2 16387//2 16406//2
f 16027//3 16008//3 16406//3 16405//3
f 16405//6 16406//6 16387//6 16386//6
f 16042//1 16407//1 16408//1 16041//1
f 16041//4 16408//4 16409//4 16043//4
f 16407//6 16410//6 16409//6 16408//6
f 16043//4 16409//4 16411//4 16044//4
f 16044//4 16411//4 16412//4 16032//4
f 16032//4 16412//4 16413//4 16037//4
f 16037//4 16413//4 16414//4 16045//4
f 16045//4 16414//4 16415//4 16046//4
f 16051//2 16047//2 16416//2 16417//2
f 16046//4 16415//4 16416//4 16047//4
f 16418//6 16417//6 16416//6 16415//6
f 16056//1 16419//1 16420//1 16038//1
f 16056//3 16065//3 16421//3 16419//3
f 16038//4 16420//4 16407//4 16042//4
f 16419//6 16421//6 16407//6 16420//6
f 16061//2 16050//2 16422//2 16423//2
f 16075//3 16061//3 16423//3 16424//3
f 16051//4 16417//4 16422//4 16050//4
f 16424//6 16423//6 16422//6 16417//6
f 16064//1 16425//1 16421//1 16065//1
f 16064//3 16066//3 16426//3 16425//3
f 16425//6 16426//6 16427//6 16421//6
f 16066//3 16067//3 16428//3 16426//3
f 16067//3 16068//3 16429//3 16428//3
f 16068//3 16070//3 16430//3 16429//3
f 16070//3 16069//3 16431//3 16430//3
f 16069//3 16071//3 16432//3 16431//3
f 16072//2 16075//2 16424//2 16433//2
f 16071//3 16072//3 16433//3 16432//3
f 16432//6 16433//6 16424//6 16434//6
f 16100//1 16435//1 16436//1 16437//1
f 16437//4 16436//4 16438//4 16082//4
f 16100//5 16437//5 16082//5 16081//5
f 16082//4 16438//4 16439//4 16084//4
f 16084//4 16439//4 16440//4 16087//4
f 16087//4 16440//4 16441//4 16089//4
f 16089//4 16441//4 16442//4 16091//4
f 16091//4 16442//4 16443//4 16096//4
f 16109//2 16444//2 16445//2 16446//2
f 16096//4 16443//4 16445//4 16444//4
f 16097//5 16096//5 16444//5 16109//5
f 16447//1 16448//1 16449//1 16450//1
f 16447//3 16099//3 16451//3 16448//3
f 16450//4 16449//4 16435//4 16100//4
f 16447//5 16450//5 16100//5 16099//5
f 16452//2 16453//2 16454//2 16455//2
f 16110//3 16452//3 16455//3 16456//3
f 16109//4 16446//4 16454//4 16453//4
f 16110//5 16109//5 16453//5 16452//5
f 16457//1 16458//1 16451//1 16099//1
f 16457//3 16113//3 16459//3 16458//3
f 16457//5 16099//5 16103//5 16113//5
f 16113//3 16115//3 16460//3 16459//3
f 16115//3 16117//3 16461//3 16460//3
f 16117//3 16119//3 16462//3 16461//3
f 16119//3 16121//3 16463//3 16462//3
f 16121//3 16123//3 16464//3 16463//3
f 16465//2 16110//2 16456//2 16466//2
f 16123//3 16465//3 16466//3 16464//3
f 16123//5 16111//5 16110//5 16465//5
f 16277//1 16649//1 16622//1 16278//1
f 16277//3 16280//3 16650//3 16649//3
f 16649//6 16650//6 16651//6 16622//6
f 16291//2 16246//2 16624//2 16652//2
f 16280//5 16247//5 16246//5 16291//5
f 16294//1 16653//1 16646//1 16270//1
f 16294//5 16270//5 16271//5 16282//5
f 16283//2 16285//2 16648//2 16654//2
f 16282//3 16283//3 16654//3 16655//3
f 16655//6 16654//6 16648//6 16656//6
f 16289//1 16657//1 16650//1 16280//1
f 16289//3 16292//3 16658//3 16657//3
f 16657//6 16658//6 16652//6 16650//6
f 16291//4 16652//4 16659//4 16660//4
f 16292//5 16291//5 16660//5 16302//5
f 16658//6 16661//6 16659//6 16652//6
f 16662//2 16663//2 16664//2 16665//2
f 16660//4 16659//4 16664//4 16663//4
f 16302//5 16660//5 16663//5 16662//5
f 16666//1 16667//1 16668//1 16669//1
f 16669//4 16668//4 16670//4 16671//4
f 16666//5 16669//5 16671//5 16305//5
f 16671//4 16670//4 16653//4 16294//4
f 16305//5 16671//5 16294//5 16293//5
f 16672//6 16673//6 16653//6 16670//6
f 16297//2 16282//2 16655//2 16674//2
f 16293//3 16297//3 16674//3 16673//3
f 16673//6 16674//6 16655//6 16653//6
f 16300//1 16675//1 16658//1 16292//1
f 16300//3 16303//3 16676//3 16675//3
f 16675//6 16676//6 16661//6 16658//6
f 16303//3 16311//3 16677//3 16676//3
f 16303//5 16302//5 16662//5 16311//5
f 16676//6 16677//6 16665//6 16661//6
f 16316//2 16678//2 16679//2 16680//2
f 16662//4 16665//4 16679//4 16678//4
f 16311//5 16662//5 16678//5 16316//5
f 16320//1 16681//1 16682//1 16683//1
f 16683//4 16682//4 16667//4 16666//4
f 16320//5 16683//5 16666//5 16322//5
f 16322//3 16304//3 16684//3 16685//3
f 16322//5 16666//5 16305//5 16304//5
f 16685//6 16684//6 16672//6 16667//6
f 16308//2 16293//2 16673//2 16686//2
f 16304//3 16308//3 16686//3 16684//3
f 16684//6 16686//6 16673//6 16672//6
f 16313//1 16687//1 16677//1 16311//1
f 16313//3 16317//3 16688//3 16687//3
f 16687//6 16688//6 16680//6 16677//6
f 16316//4 16680//4 16689//4 16690//4
f 16317//5 16316//5 16690//5 16330//5
f 16688//6 16691//6 16689//6 16680//6
f 16334//2 16692//2 16693//2 16694//2
f 16690//4 16689//4 16693//4 16692//4
f 16330//5 16690//5 16692//5 16334//5
f 16338//1 16695//1 16696//1 16697//1
f 16697//4 16696//4 16698//4 16699//4
f 16338//5 16697//5 16699//5 16340//5
f 16699//4 16698//4 16681//4 16320//4
f 16340//5 16699//5 16320//5 16319//5
f 16700//6 16701//6 16681//6 16698//6
f 16324//2 16322//2 16685//2 16702//2
f 16319//3 16324//3 16702//3 16701//3
f 16701//6 16702//6 16685//6 16681//6
f 16329//1 16703//1 16688//1 16317//1
f 16329//3 16347//3 16704//3 16703//3
f 16703//6 16704//6 16691//6 16688//6
f 16347//3 16335//3 16705//3 16704//3
f 16704//6 16705//6 16694//6 16691//6
f 16334//4 16694//4 16706//4 16707//4
f 16335//5 16334//5 16707//5 16349//5
f 16705//6 16708//6 16706//6 16694//6
f 16707//4 16706//4 16709//4 16710//4
f 16349//5 16707//5 16710//5 16353//5
f 16711//2 16712//2 16713//2 16714//2
f 16710//4 16709//4 16713//4 16712//4
f 16353//5 16710//5 16712//5 16711//5
f 16715//1 16716//1 16717//1 16718//1
f 16718//4 16717//4 16719//4 16720//4
f 16715//5 16718//5 16720//5 16357//5
f 16720//4 16719//4 16721//4 16722//4
f 16357//5 16720//5 16722//5 16359//5
f 16722//4 16721//4 16695//4 16338//4
f 16359//5 16722//5 16338//5 16337//5
f 16723//6 16724//6 16695//6 16721//6
f 16337//3 16363//3 16725//3 16724//3
f 16724//6 16725//6 16700//6 16695//6
f 16343//2 16319//2 16701//2 16726//2
f 16363//3 16343//3 16726//3 16725//3
f 16725//6 16726//6 16701//6 16700//6
f 16348//1 16727//1 16705//1 16335//1
f 16348//3 16367//3 16728//3 16727//3
f 16727//6 16728//6 16708//6 16705//6
f 16367//3 16354//3 16729//3 16728//3
f 16728//6 16729//6 16730//6 16708//6
f 16354//3 16369//3 16731//3 16729//3
f 16354//5 16353//5 16711//5 16369//5
f 16729//6 16731//6 16714//6 16730//6
f 16711//4 16714//4 16732//4 16733//4
f 16369//5 16711//5 16733//5 16372//5
f 16731//6 16734//6 16732//6 16714//6
f 16733//4 16732//4 16735//4 16736//4
f 16372//5 16733//5 16736//5 16374//5
f 16734//6 16737//6 16735//6 16732//6
f 16736//4 16735//4 16738//4 16739//4
f 16374//5 16736//5 16739//5 16376//5
f 16737//6 16740//6 16738//6 16735//6
f 16739//4 16738//4 16741//4 16742//4
f 16376//5 16739//5 16742//5 16378//5
f 16742//4 16741//4 16743//4 16744//4
f 16378//5 16742//5 16744//5 16380//5
f 16745//6 16746//6 16743//6 16741//6
f 16744//4 16743//4 16747//4 16748//4
f 16380//5 16744//5 16748//5 16382//5
f 16746//6 16749//6 16747//6 16743//6
f 16748//4 16747//4 16716//4 16715//4
f 16382//5 16748//5 16715//5 16384//5
f 16749//6 16750//6 16716//6 16747//6
f 16384//3 16356//3 16751//3 16750//3
f 16384//5 16715//5 16357//5 16356//5
f 16750//6 16751//6 16752//6 16716//6
f 16356//3 16389//3 16753//3 16751//3
f 16751//6 16753//6 16723//6 16752//6
f 16362//2 16337//2 16724//2 16754//2
f 16389//3 16362//3 16754//3 16753//3
f 16753//6 16754//6 16724//6 16723//6
f 16371//1 16755//1 16731//1 16369//1
f 16371//3 16394//3 16756//3 16755//3
f 16755//6 16756//6 16734//6 16731//6
f 16394//3 16396//3 16757//3 16756//3
f 16756//6 16757//6 16737//6 16734//6
f 16396//3 16398//3 16758//3 16757//3
f 16757//6 16758//6 16740//6 16737//6
f 16398//3 16400//3 16759//3 16758//3
f 16758//6 16759//6 16745//6 16740//6
f 16400//3 16402//3 16760//3 16759//3
f 16759//6 16760//6 16746//6 16745//6
f 16402//3 16404//3 16761//3 16760//3
f 16760//6 16761//6 16749//6 16746//6
f 16386//2 16384//2 16750//2 16762//2
f 16404//3 16386//3 16762//3 16761//3
f 16761//6 16762//6 16750//6 16749//6
f 16410//1 16763//1 16764//1 16409//1
f 16409//4 16764//4 16765//4 16411//4
f 16763//6 16766//6 16765//6 16764//6
f 16411//4 16765//4 16767//4 16412//4
f 16766//6 16768//6 16767//6 16765//6
f 16412//4 16767//4 16769//4 16413//4
f 16768//6 16770//6 16769//6 16767//6
f 16413//4 16769//4 16771//4 16414//4
f 16770//6 16772//6 16771//6 16769//6
f 16418//2 16415//2 16773//2 16774//2
f 16414//4 16771//4 16773//4 16415//4
f 16772//6 16774//6 16773//6 16771//6
f 16421//1 16775//1 16776//1 16407//1
f 16421//3 16427//3 16777//3 16775//3
f 16407//4 16776//4 16763//4 16410//4
f 16775//6 16777//6 16763//6 16776//6
f 16777//6 16778//6 16766//6 16763//6
f 16778//6 16779//6 16768//6 16766//6
f 16780//6 16781//6 16772//6 16770//6
f 16781//6 16782//6 16774//6 16772//6
f 16424//2 16417//2 16783//2 16784//2
f 16434//3 16424//3 16784//3 16782//3
f 16418//4 16774//4 16783//4 16417//4
f 16782//6 16784//6 16783//6 16774//6
f 16426//1 16785//1 16777//1 16427//1
f 16426//3 16428//3 16786//3 16785//3
f 16785//6 16786//6 16778//6 16777//6
f 16428//3 16429//3 16787//3 16786//3
f 16786//6 16787//6 16779//6 16778//6
f 16429//3 16430//3 16788//3 16787//3
f 16787//6 16788//6 16780//6 16779//6
f 16430//3 16431//3 16789//3 16788//3
f 16788//6 16789//6 16781//6 16780//6
f 16432//2 16434//2 16782//2 16790//2
f 16431//3 16432//3 16790//3 16789//3
f 16789//6 16790//6 16782//6 16781//6
f 16440//1 16791//1 16792//1 16793//1
f 16441//2 16794//2 16795//2 16796//2
f 16793//4 16792//4 16795//4 16794//4
f 16440//5 16793//5 16794//5 16441//5
f 16791//6 16796//6 16795//6 16792//6
f 16449//1 16797//1 16798//1 16799//1
f 16799//4 16798//4 16800//4 16436//4
f 16449//5 16799//5 16436//5 16435//5
f 16797//6 16801//6 16800//6 16798//6
f 16436//4 16800//4 16802//4 16438//4
f 16438//4 16802//4 16803//4 16439//4
f 16439//4 16803//4 16791//4 16440//4
f 16441//4 16796//4 16804//4 16442//4
f 16442//4 16804//4 16805//4 16443//4
f 16443//4 16805//4 16806//4 16445//4
f 16454//2 16807//2 16808//2 16809//2
f 16445//4 16806//4 16808//4 16807//4
f 16446//5 16445//5 16807//5 16454//5
f 16810//6 16809//6 16808//6 16806//6
f 16811//1 16812//1 16813//1 16814//1
f 16811//3 16448//3 16815//3 16812//3
f 16814//4 16813//4 16797//4 16449//4
f 16811//5 16814//5 16449//5 16448//5
f 16812//6 16815//6 16797//6 16813//6
f 16816//2 16817//2 16818//2 16819//2
f 16455//3 16816//3 16819//3 16820//3
f 16454//4 16809//4 16818//4 16817//4
f 16455//5 16454//5 16817//5 16816//5
f 16820//6 16819//6 16818//6 16809//6
f 16821//1 16822//1 16815//1 16448//1
f 16821//3 16458//3 16823//3 16822//3
f 16821//5 16448//5 16451//5 16458//5
f 16822//6 16823//6 16824//6 16815//6
f 16458//3 16459//3 16825//3 16823//3
f 16459//3 16460//3 16826//3 16825//3
f 16460//3 16461//3 16827//3 16826//3
f 16462//3 16463//3 16828//3 16829//3
f 16463//3 16464//3 16830//3 16828//3
f 16464//3 16466//3 16831//3 16830//3
f 16832//2 16455//2 16820//2 16833//2
f 16466//3 16832//3 16833//3 16831//3
f 16466//5 16456//5 16455//5 16832//5
f 16831//6 16833//6 16820//6 16834//6
f 16835//1 16836//1 16827//1 16461//1
f 16837//2 16462//2 16829//2 16838//2
f 16835//3 16837//3 16838//3 16836//3
f 16835//5 16461//5 16462//5 16837//5
f 16836//6 16838//6 16829//6 16827//6
f 16650//1 16936//1 16911//1 16651//1
f 16650//3 16652//3 16937//3 16936//3
f 16936//6 16937//6 16912//6 16911//6
f 16652//3 16659//3 16938//3 16937//3
f 16652//5 16624//5 16623//5 16659//5
f 16937//6 16938//6 16939//6 16912//6
f 16664//2 16625//2 16914//2 16940//2
f 16659//5 16623//5 16625//5 16664//5
f 16668//1 16941//1 16932//1 16644//1
f 16668//5 16644//5 16645//5 16670//5
f 16670//3 16653//3 16942//3 16943//3
f 16670//5 16645//5 16646//5 16653//5
f 16943//6 16942//6 16933//6 16944//6
f 16655//2 16656//2 16934//2 16945//2
f 16653//3 16655//3 16945//3 16942//3
f 16942//6 16945//6 16934//6 16933//6
f 16661//1 16946//1 16938//1 16659//1
f 16661//3 16665//3 16947//3 16946//3
f 16946//6 16947//6 16940//6 16938//6
f 16664//4 16940//4 16948//4 16949//4
f 16665//5 16664//5 16949//5 16679//5
f 16947//6 16950//6 16948//6 16940//6
f 16951//2 16952//2 16953//2 16954//2
f 16949//4 16948//4 16953//4 16952//4
f 16679//5 16949//5 16952//5 16951//5
f 16955//1 16956//1 16957//1 16958//1
f 16958//4 16957//4 16959//4 16960//4
f 16955//5 16958//5 16960//5 16682//5
f 16960//4 16959//4 16941//4 16668//4
f 16682//5 16960//5 16668//5 16667//5
f 16961//6 16962//6 16941//6 16959//6
f 16672//2 16670//2 16943//2 16963//2
f 16667//3 16672//3 16963//3 16962//3
f 16962//6 16963//6 16943//6 16941//6
f 16677//1 16964//1 16947//1 16665//1
f 16677//3 16680//3 16965//3 16964//3
f 16964//6 16965//6 16950//6 16947//6
f 16680//3 16689//3 16966//3 16965//3
f 16680//5 16679//5 16951//5 16689//5
f 16965//6 16966//6 16954//6 16950//6
f 16951//4 16954//4 16967//4 16968//4
f 16689//5 16951//5 16968//5 16693//5
f 16966//6 16969//6 16967//6 16954//6
f 16970//2 16971//2 16972//2 16973//2
f 16968//4 16967//4 16972//4 16971//4
f 16693//5 16968//5 16971//5 16970//5
f 16974//1 16975//1 16976//1 16977//1
f 16977//4 16976//4 16978//4 16979//4
f 16974//5 16977//5 16979//5 16696//5
f 16979//4 16978//4 16956//4 16955//4
f 16696//5 16979//5 16955//5 16698//5
f 16980//6 16981//6 16956//6 16978//6
f 16698//3 16681//3 16982//3 16981//3
f 16698//5 16955//5 16682//5 16681//5
f 16981//6 16982//6 16961//6 16956//6
f 16685//2 16667//2 16962//2 16983//2
f 16681//3 16685//3 16983//3 16982//3
f 16982//6 16983//6 16962//6 16961//6
f 16691//1 16984//1 16966//1 16689//1
f 16691//3 16694//3 16985//3 16984//3
f 16984//6 16985//6 16969//6 16966//6
f 16694//3 16706//3 16986//3 16985//3
f 16694//5 16693//5 16970//5 16706//5
f 16985//6 16986//6 16973//6 16969//6
f 16970//4 16973//4 16987//4 16988//4
f 16706//5 16970//5 16988//5 16709//5
f 16986//6 16989//6 16987//6 16973//6
f 16988//4 16987//4 16990//4 16991//4
f 16709//5 16988//5 16991//5 16713//5
f 16991//4 16990//4 16992//4 16993//4
f 16713//5 16991//5 16993//5 16994//5
f 16993//4 16992//4 16995//4 16996//4
f 16994//5 16993//5 16996//5 16997//5
f 16998//2 16999//2 17000//2 17001//2
f 16996//4 16995//4 17000//4 16999//4
f 16997//5 16996//5 16999//5 16998//5
f 17002//1 17003//1 17004//1 17005//1
f 17005//4 17004//4 17006//4 17007//4
f 17002//5 17005//5 17007//5 17008//5
f 17007//4 17006//4 17009//4 17010//4
f 17008//5 17007//5 17010//5 17011//5
f 17010//4 17009//4 17012//4 17013//4
f 17011//5 17010//5 17013//5 16717//5
f 17013//4 17012//4 17014//4 17015//4
f 16717//5 17013//5 17015//5 16719//5
f 17015//4 17014//4 16975//4 16974//4
f 16719//5 17015//5 16974//5 16721//5
f 17016//6 17017//6 16975//6 17014//6
f 16721//3 16695//3 17018//3 17017//3
f 16721//5 16974//5 16696//5 16695//5
f 17017//6 17018//6 16980//6 16975//6
f 16700//2 16698//2 16981//2 17019//2
f 16695//3 16700//3 17019//3 17018//3
f 17018//6 17019//6 16981//6 16980//6
f 16708//1 17020//1 16986//1 16706//1
f 16708//3 16730//3 17021//3 17020//3
f 17020//6 17021//6 16989//6 16986//6
f 16730//3 16714//3 17022//3 17021//3
f 17021//6 17022//6 17023//6 16989//6
f 16714//3 16732//3 17024//3 17022//3
f 16714//5 16713//5 16994//5 16732//5
f 17022//6 17024//6 17025//6 17023//6
f 16732//3 16735//3 17026//3 17024//3
f 16732//5 16994//5 16997//5 16735//5
f 17024//6 17026//6 17027//6 17025//6
f 16735//3 16738//3 17028//3 17026//3
f 16735//5 16997//5 16998//5 16738//5
f 17026//6 17028//6 17001//6 17027//6
f 16998//4 17001//4 17003//4 17002//4
f 16738//5 16998//5 17002//5 16741//5
f 17028//6 17029//6 17003//6 17001//6
f 16741//3 16743//3 17030//3 17029//3
f 16741//5 17002//5 17008//5 16743//5
f 17029//6 17030//6 17031//6 17003//6
f 16743//3 16747//3 17032//3 17030//3
f 16743//5 17008//5 17011//5 16747//5
f 17030//6 17032//6 17033//6 17031//6
f 16747//3 16716//3 17034//3 17032//3
f 16747//5 17011//5 16717//5 16716//5
f 17032//6 17034//6 17035//6 17033//6
f 16716//3 16752//3 17036//3 17034//3
f 17034//6 17036//6 17016//6 17035//6
f 16723//2 16721//2 17017//2 17037//2
f 16752//3 16723//3 17037//3 17036//3
f 17036//6 17037//6 17017//6 17016//6
f 16740//1 17038//1 17028//1 16738//1
f 16745//2 16741//2 17029//2 17039//2
f 16740//3 16745//3 17039//3 17038//3
f 17038//6 17039//6 17029//6 17028//6
f 16779//1 17040//1 17041//1 16768//1
f 16780//2 16770//2 17042//2 17043//2
f 16779//3 16780//3 17043//3 17040//3
f 16768//4 17041//4 17042//4 16770//4
f 17040//6 17043//6 17042//6 17041//6
f 16801//1 17044//1 17045//1 16800//1
f 16800//4 17045//4 17046//4 16802//4
f 17044//6 17047//6 17046//6 17045//6
f 16802//4 17046//4 17048//4 16803//4
f 16803//4 17048//4 17049//4 16791//4
f 16791//4 17049//4 17050//4 16796//4
f 16796//4 17050//4 17051//4 16804//4
f 16804//4 17051//4 17052//4 16805//4
f 16810//2 16806//2 17053//2 17054//2
f 16805//4 17052//4 17053//4 16806//4
f 17055//6 17054//6 17053//6 17052//6
f 16815//1 17056//1 17057//1 16797//1
f 16815//3 16824//3 17058//3 17056//3
f 16797//4 17057//4 17044//4 16801//4
f 17056//6 17058//6 17044//6 17057//6
f 16820//2 16809//2 17059//2 17060//2
f 16834//3 16820//3 17060//3 17061//3
f 16810//4 17054//4 17059//4 16809//4
f 17061//6 17060//6 17059//6 17054//6
f 16823//1 17062//1 17058//1 16824//1
f 16823//3 16825//3 17063//3 17062//3
f 17062//6 17063//6 17064//6 17058//6
f 16825//3 16826//3 17065//3 17063//3
f 16826//3 16827//3 17066//3 17065//3
f 16827//3 16829//3 17067//3 17066//3
f 16829//3 16828//3 17068//3 17067//3
f 16828//3 16830//3 17069//3 17068//3
f 16831//2 16834//2 17061//2 17070//2
f 16830//3 16831//3 17070//3 17069//3
f 17069//6 17070//6 17061//6 17071//6
f 16938//1 17122//1 17103//1 16939//1
f 16938//3 16940//3 17123//3 17122//3
f 17122//6 17123//6 17104//6 17103//6
f 16940//3 16948//3 17124//3 17123//3
f 16940//5 16914//5 16913//5 16948//5
f 17123//6 17124//6 17125//6 17104//6
f 16948//5 16913//5 16915//5 16953//5
f 17126//2 16916//2 17106//2 17127//2
f 16953//5 16915//5 16916//5 17126//5
f 17128//1 17129//1 17118//1 16929//1
f 17128//5 16929//5 16930//5 16957//5
f 16957//5 16930//5 16931//5 16959//5
f 16959//3 16941//3 17130//3 17131//3
f 16959//5 16931//5 16932//5 16941//5
f 17131//6 17130//6 17119//6 17132//6
f 16943//2 16944//2 17120//2 17133//2
f 16941//3 16943//3 17133//3 17130//3
f 17130//6 17133//6 17120//6 17119//6
f 16950//1 17134//1 17124//1 16948//1
f 16950//3 16954//3 17135//3 17134//3
f 17134//6 17135//6 17136//6 17124//6
f 16954//3 16967//3 17137//3 17135//3
f 16954//5 16953//5 17126//5 16967//5
f 17135//6 17137//6 17127//6 17136//6
f 17126//4 17127//4 17138//4 17139//4
f 16967//5 17126//5 17139//5 16972//5
f 17137//6 17140//6 17138//6 17127//6
f 17141//2 17142//2 17143//2 17144//2
f 17139//4 17138//4 17143//4 17142//4
f 16972//5 17139//5 17142//5 17141//5
f 17145//1 17146//1 17147//1 17148//1
f 17148//4 17147//4 17149//4 17150//4
f 17145//5 17148//5 17150//5 16976//5
f 17150//4 17149//4 17129//4 17128//4
f 16976//5 17150//5 17128//5 16978//5
f 17151//6 17152//6 17129//6 17149//6
f 16978//3 16956//3 17153//3 17152//3
f 16978//5 17128//5 16957//5 16956//5
f 17152//6 17153//6 17154//6 17129//6
f 16961//2 16959//2 17131//2 17155//2
f 16956//3 16961//3 17155//3 17153//3
f 17153//6 17155//6 17131//6 17154//6
f 16969//1 17156//1 17137//1 16967//1
f 16969//3 16973//3 17157//3 17156//3
f 17156//6 17157//6 17140//6 17137//6
f 16973//3 16987//3 17158//3 17157//3
f 16973//5 16972//5 17141//5 16987//5
f 17157//6 17158//6 17144//6 17140//6
f 17141//4 17144//4 17159//4 17160//4
f 16987//5 17141//5 17160//5 16990//5
f 17158//6 17161//6 17159//6 17144//6
f 17160//4 17159//4 17162//4 17163//4
f 16990//5 17160//5 17163//5 16992//5
f 17161//6 17164//6 17162//6 17159//6
f 17163//4 17162//4 17165//4 17166//4
f 16992//5 17163//5 17166//5 16995//5
f 17164//6 17167//6 17165//6 17162//6
f 17166//4 17165//4 17168//4 17169//4
f 16995//5 17166//5 17169//5 17000//5
f 17169//4 17168//4 17170//4 17171//4
f 17000//5 17169//5 17171//5 17004//5
f 17171//4 17170//4 17172//4 17173//4
f 17004//5 17171//5 17173//5 17006//5
f 17173//4 17172//4 17174//4 17175//4
f 17006//5 17173//5 17175//5 17009//5
f 17176//6 17177//6 17174//6 17172//6
f 17175//4 17174//4 17178//4 17179//4
f 17009//5 17175//5 17179//5 17012//5
f 17177//6 17180//6 17178//6 17174//6
f 17179//4 17178//4 17146//4 17145//4
f 17012//5 17179//5 17145//5 17014//5
f 17180//6 17181//6 17146//6 17178//6
f 17014//3 16975//3 17182//3 17181//3
f 17014//5 17145//5 16976//5 16975//5
f 17181//6 17182//6 17151//6 17146//6
f 16980//2 16978//2 17152//2 17183//2
f 16975//3 16980//3 17183//3 17182//3
f 17182//6 17183//6 17152//6 17151//6
f 16989//1 17184//1 17158//1 16987//1
f 16989//3 17023//3 17185//3 17184//3
f 17184//6 17185//6 17161//6 17158//6
f 17023//3 17025//3 17186//3 17185//3
f 17185//6 17186//6 17164//6 17161//6
f 17025//3 17027//3 17187//3 17186//3
f 17186//6 17187//6 17167//6 17164//6
f 17027//3 17001//3 17188//3 17187//3
f 17187//6 17188//6 17189//6 17167//6
f 17001//3 17003//3 17190//3 17188//3
f 17001//5 17000//5 17004//5 17003//5
f 17188//6 17190//6 17191//6 17189//6
f 17003//3 17031//3 17192//3 17190//3
f 17190//6 17192//6 17176//6 17191//6
f 17031//3 17033//3 17193//3 17192//3
f 17192//6 17193//6 17177//6 17176//6
f 17033//3 17035//3 17194//3 17193//3
f 17193//6 17194//6 17180//6 17177//6
f 17016//2 17014//2 17181//2 17195//2
f 17035//3 17016//3 17195//3 17194//3
f 17194//6 17195//6 17181//6 17180//6
f 17047//1 17196//1 17197//1 17046//1
f 17046//4 17197//4 17198//4 17048//4
f 17196//6 17199//6 17198//6 17197//6
f 17048//4 17198//4 17200//4 17049//4
f 17199//6 17201//6 17200//6 17198//6
f 17049//4 17200//4 17202//4 17050//4
f 17201//6 17203//6 17202//6 17200//6
f 17050//4 17202//4 17204//4 17051//4
f 17203//6 17205//6 17204//6 17202//6
f 17055//2 17052//2 17206//2 17207//2
f 17051//4 17204//4 17206//4 17052//4
f 17205//6 17207//6 17206//6 17204//6
f 17058//1 17208//1 17209//1 17044//1
f 17058//3 17064//3 17210//3 17208//3
f 17044//4 17209//4 17196//4 17047//4
f 17208//6 17210//6 17196//6 17209//6
f 17210//6 17211//6 17199//6 17196//6
f 17211//6 17212//6 17201//6 17199//6
f 17213//6 17214//6 17205//6 17203//6
f 17214//6 17215//6 17207//6 17205//6
f 17061//2 17054//2 17216//2 17217//2
f 17071//3 17061//3 17217//3 17215//3
f 17055//4 17207//4 17216//4 17054//4
f 17215//6 17217//6 17216//6 17207//6
f 17063//1 17218//1 17210//1 17064//1
f 17063//3 17065//3 17219//3 17218//3
f 17218//6 17219//6 17211//6 17210//6
f 17065//3 17066//3 17220//3 17219//3
f 17219//6 17220//6 17212//6 17211//6
f 17066//3 17067//3 17221//3 17220//3
f 17220//6 17221//6 17213//6 17212//6
f 17067//3 17068//3 17222//3 17221//3
f 17221//6 17222//6 17214//6 17213//6
f 17069//2 17071//2 17215//2 17223//2
f 17068//3 17069//3 17223//3 17222//3
f 17222//6 17223//6 17215//6 17214//6
f 17124//1 17256//1 17251//1 17125//1
f 17124//3 17136//3 17257//3 17256//3
f 17256//6 17257//6 17252//6 17251//6
f 17136//3 17127//3 17258//3 17257//3
f 17257//6 17258//6 17259//6 17252//6
f 17127//3 17138//3 17260//3 17258//3
f 17127//5 17106//5 17105//5 17138//5
f 17258//6 17260//6 17261//6 17259//6
f 17138//5 17105//5 17107//5 17143//5
f 17260//6 17262//6 17263//6 17261//6
f 17143//5 17107//5 17108//5 17264//5
f 17264//5 17108//5 17109//5 17265//5
f 17265//5 17109//5 17110//5 17266//5
f 17266//5 17110//5 17111//5 17267//5
f 17267//5 17111//5 17112//5 17268//5
f 17268//5 17112//5 17113//5 17269//5
f 17269//5 17113//5 17114//5 17270//5
f 17270//5 17114//5 17115//5 17271//5
f 17271//5 17115//5 17116//5 17147//5
f 17147//5 17116//5 17117//5 17149//5
f 17272//6 17273//6 17274//6 17275//6
f 17149//3 17129//3 17276//3 17273//3
f 17149//5 17117//5 17118//5 17129//5
f 17273//6 17276//6 17277//6 17274//6
f 17129//3 17154//3 17278//3 17276//3
f 17276//6 17278//6 17253//6 17277//6
f 17131//2 17132//2 17254//2 17279//2
f 17154//3 17131//3 17279//3 17278//3
f 17278//6 17279//6 17254//6 17253//6
f 17140//1 17280//1 17260//1 17138//1
f 17140//3 17144//3 17281//3 17280//3
f 17280//6 17281//6 17262//6 17260//6
f 17144//3 17159//3 17282//3 17281//3
f 17144//5 17143//5 17264//5 17159//5
f 17281//6 17282//6 17283//6 17262//6
f 17159//3 17162//3 17284//3 17282//3
f 17159//5 17264//5 17265//5 17162//5
f 17282//6 17284//6 17285//6 17283//6
f 17162//3 17165//3 17286//3 17284//3
f 17162//5 17265//5 17266//5 17165//5
f 17284//6 17286//6 17287//6 17285//6
f 17165//5 17266//5 17267//5 17168//5
f 17286//6 17288//6 17289//6 17287//6
f 17168//5 17267//5 17268//5 17170//5
f 17288//6 17290//6 17291//6 17289//6
f 17170//5 17268//5 17269//5 17172//5
f 17290//6 17292//6 17293//6 17291//6
f 17172//3 17174//3 17294//3 17292//3
f 17172//5 17269//5 17270//5 17174//5
f 17292//6 17294//6 17295//6 17293//6
f 17174//3 17178//3 17296//3 17294//3
f 17174//5 17270//5 17271//5 17178//5
f 17294//6 17296//6 17297//6 17295//6
f 17178//3 17146//3 17298//3 17296//3
f 17178//5 17271//5 17147//5 17146//5
f 17296//6 17298//6 17272//6 17297//6
f 17151//2 17149//2 17273//2 17299//2
f 17146//3 17151//3 17299//3 17298//3
f 17298//6 17299//6 17273//6 17272//6
f 17167//1 17300//1 17286//1 17165//1
f 17167//3 17189//3 17301//3 17300//3
f 17300//6 17301//6 17288//6 17286//6
f 17189//3 17191//3 17302//3 17301//3
f 17301//6 17302//6 17290//6 17288//6
f 17176//2 17172//2 17292//2 17303//2
f 17191//3 17176//3 17303//3 17302//3
f 17302//6 17303//6 17292//6 17290//6
f 17212//1 17304//1 17305//1 17201//1
f 17213//2 17203//2 17306//2 17307//2
f 17212//3 17213//3 17307//3 17304//3
f 17201//4 17305//4 17306//4 17203//4
f 17304//6 17307//6 17306//6 17305//6
f 17262//1 17356//1 17343//1 17263//1
f 17262//3 17283//3 17357//3 17356//3
f 17356//6 17357//6 17344//6 17343//6
f 17283//3 17285//3 17358//3 17357//3
f 17357//6 17358//6 17345//6 17344//6
f 17285//3 17287//3 17359//3 17358//3
f 17358//6 17359//6 17346//6 17345//6
f 17287//3 17289//3 17360//3 17359//3
f 17359//6 17360//6 17347//6 17346//6
f 17289//3 17291//3 17361//3 17360//3
f 17360//6 17361//6 17348//6 17347//6
f 17291//3 17293//3 17362//3 17361//3
f 17361//6 17362//6 17349//6 17348//6
f 17293//3 17295//3 17363//3 17362//3
f 17362//6 17363//6 17350//6 17349//6
f 17295//3 17297//3 17364//3 17363//3
f 17363//6 17364//6 17351//6 17350//6
f 17272//2 17275//2 17352//2 17365//2
f 17297//3 17272//3 17365//3 17364//3
f 17364//6 17365//6 17352//6 17351//6
g glyph_61
f 1106//4 1358//4 1389//4 1107//4
f 1107//4 1389//4 1390//4 1391//4
f 1108//5 1107//5 1391//5 1116//5
f 1117//2 1359//2 1360//2 1392//2
f 1391//4 1390//4 1360//4 1359//4
f 1116//5 1391//5 1359//5 1117//5
f 1149//4 1458//4 1468//4 1133//4
f 1133//4 1468//4 1469//4 1138//4
f 1138//4 1469//4 1459//4 1152//4
f 1388//1 1654//1 1655//1 1358//1
f 1358//4 1655//4 1656//4 1389//4
f 1654//6 1657//6 1656//6 1655//6
f 1389//4 1656//4 1658//4 1390//4
f 1390//4 1658//4 1659//4 1360//4
f 1660//6 1661//6 1659//6 1658//6
f 1662//2 1362//2 1663//2 1664//2
f 1360//4 1659//4 1663//4 1362//4
f 1392//5 1360//5 1362//5 1662//5
f 1661//6 1664//6 1663//6 1659//6
f 1454//2 1662//2 1664//2 1723//2
f 1436//5 1392//5 1662//5 1454//5
f 1467//1 1779//1 1780//1 1457//1
f 1457//4 1780//4 1781//4 1458//4
f 1458//4 1781//4 1782//4 1468//4
f 1468//4 1782//4 1783//4 1469//4
f 1784//6 1785//6 1783//6 1782//6
f 2039//6 2040//6 1986//6 1985//6
f 1660//4 1986//4 2041//4 1661//4
f 1661//4 2041//4 2042//4 1664//4
f 1762//2 1987//2 1988//2 2043//2
f 1723//3 1762//3 2043//3 2044//3
f 1664//4 2042//4 1988//4 1987//4
f 1723//5 1664//5 1987//5 1762//5
f 1793//1 2149//1 2116//1 2115//1
f 1793//3 1794//3 2150//3 2149//3
f 1793//5 2115//5 2117//5 1794//5
f 2117//4 2118//4 2151//4 1780//4
f 1794//5 2117//5 1780//5 1779//5
f 1780//4 2151//4 2152//4 1781//4
f 1784//2 1782//2 2119//2 2153//2
f 1781//4 2152//4 2119//4 1782//4
f 2154//6 2153//6 2119//6 2152//6
f 2276//1 2277//1 2278//1 2279//1
f 2280//2 2281//2 2282//2 2283//2
f 2276//3 2280//3 2283//3 2277//3
f 2279//4 2278//4 2282//4 2281//4
f 2276//5 2279//5 2281//5 2280//5
f 2040//1 2390//1 2391//1 1986//1
f 1986//4 2391//4 2392//4 2041//4
f 2390//6 2393//6 2392//6 2391//6
f 2041//4 2392//4 2394//4 2042//4
f 2043//2 1988//2 2395//2 2396//2
f 2044//3 2043//3 2396//3 2397//3
f 2042//4 2394//4 2395//4 1988//4
f 2489//1 2490//1 2491//1 2492//1
f 2489//3 2149//3 2493//3 2490//3
f 2492//4 2491//4 2494//4 2116//4
f 2489//5 2492//5 2116//5 2149//5
f 2149//3 2150//3 2495//3 2493//3
f 2116//4 2494//4 2496//4 2118//4
f 2150//3 2161//3 2497//3 2495//3
f 2118//4 2496//4 2498//4 2151//4
f 2154//2 2152//2 2499//2 2500//2
f 2151//4 2498//4 2499//4 2152//4
f 2497//6 2500//6 2499//6 2498//6
f 2277//1 2637//1 2638//1 2278//1
f 2283//2 2282//2 2639//2 2640//2
f 2277//3 2283//3 2640//3 2637//3
f 2278//4 2638//4 2639//4 2282//4
f 2393//1 2745//1 2746//1 2392//1
f 2393//3 2397//3 2747//3 2745//3
f 2392//4 2746//4 2748//4 2394//4
f 2397//3 2396//3 2749//3 2747//3
f 2394//4 2748//4 2750//4 2395//4
f 2751//2 2752//2 2753//2 2754//2
f 2396//3 2751//3 2754//3 2749//3
f 2395//4 2750//4 2753//4 2752//4
f 2396//5 2395//5 2752//5 2751//5
f 2838//1 2839//1 2811//1 2810//1
f 2838//3 2490//3 2840//3 2839//3
f 2810//4 2811//4 2841//4 2491//4
f 2838//5 2810//5 2491//5 2490//5
f 2490//3 2493//3 2842//3 2840//3
f 2491//4 2841//4 2843//4 2494//4
f 2493//3 2495//3 2844//3 2842//3
f 2494//4 2843//4 2812//4 2496//4
f 2497//2 2498//2 2813//2 2845//2
f 2495//3 2497//3 2845//3 2844//3
f 2844//6 2845//6 2813//6 2812//6
f 2637//1 3004//1 3005//1 2638//1
f 2640//2 2639//2 3006//2 3007//2
f 2637//3 2640//3 3007//3 3004//3
f 2638//4 3005//4 3006//4 2639//4
f 2745//1 3130//1 3102//1 2746//1
f 2745//3 2747//3 3131//3 3130//3
f 3130//6 3131//6 3103//6 3102//6
f 2747//3 2749//3 3132//3 3131//3
f 2748//4 3103//4 3133//4 2750//4
f 2749//3 2754//3 3134//3 3132//3
f 2750//4 3133//4 3135//4 2753//4
f 3136//2 3104//2 3105//2 3137//2
f 2754//3 3136//3 3137//3 3134//3
f 2753//4 3135//4 3105//4 3104//4
f 2754//5 2753//5 3104//5 3136//5
f 3184//1 3185//1 3186//1 2809//1
f 3184//3 2839//3 3187//3 3185//3
f 2809//4 3186//4 3188//4 2811//4
f 3184//5 2809//5 2811//5 2839//5
f 3185//6 3187//6 3188//6 3186//6
f 2839//3 2840//3 3189//3 3187//3
f 2811//4 3188//4 3190//4 2841//4
f 3187//6 3189//6 3190//6 3188//6
f 2840//3 2842//3 3191//3 3189//3
f 2841//4 3190//4 3192//4 2843//4
f 3189//6 3191//6 3192//6 3190//6
f 2844//2 2812//2 3193//2 3194//2
f 2842//3 2844//3 3194//3 3191//3
f 2843//4 3192//4 3193//4 2812//4
f 3191//6 3194//6 3193//6 3192//6
f 3004//1 3481//1 3475//1 3005//1
f 3131//1 3610//1 3611//1 3103//1
f 3131//3 3132//3 3612//3 3610//3
f 3103//4 3611//4 3613//4 3133//4
f 3610//6 3612//6 3613//6 3611//6
f 3132//3 3134//3 3614//3 3612//3
f 3133//4 3613//4 3615//4 3135//4
f 3134//3 3137//3 3616//3 3614//3
f 3135//4 3615//4 3617//4 3105//4
f 3618//2 3107//2 3598//2 3619//2
f 3137//3 3618//3 3619//3 3616//3
f 3105//4 3617//4 3598//4 3107//4
f 3137//5 3105//5 3107//5 3618//5
f 3641//3 3186//3 3643//3 3642//3
f 3641//5 3151//5 3625//5 3186//5
f 3186//3 3188//3 3644//3 3643//3
f 3625//4 3626//4 3645//4 3646//4
f 3186//5 3625//5 3646//5 3188//5
f 3188//3 3190//3 3647//3 3644//3
f 3646//4 3645//4 3648//4 3649//4
f 3188//5 3646//5 3649//5 3190//5
f 3192//2 3650//2 3651//2 3652//2
f 3190//3 3192//3 3652//3 3647//3
f 3649//4 3648//4 3651//4 3650//4
f 3190//5 3649//5 3650//5 3192//5
f 3647//6 3652//6 3651//6 3648//6
f 3483//2 3476//2 3919//2 3920//2
f 3481//3 3483//3 3920//3 3921//3
f 3475//4 3913//4 3919//4 3476//4
f 3613//1 4043//1 4013//1 4012//1
f 4012//4 4013//4 4015//4 4014//4
f 3613//5 4012//5 4014//5 3615//5
f 4043//6 4044//6 4015//6 4013//6
f 3615//5 4014//5 3549//5 3617//5
f 3617//5 3549//5 3550//5 3598//5
f 3612//1 4052//1 4043//1 3613//1
f 3612//3 3614//3 4053//3 4052//3
f 4052//6 4053//6 4044//6 4043//6
f 3614//3 3616//3 4054//3 4053//3
f 4053//6 4054//6 4055//6 4044//6
f 3616//3 3619//3 4056//3 4054//3
f 3605//4 4047//4 4048//4 3606//4
f 3626//5 3606//5 3609//5 3645//5
f 3645//5 3609//5 4049//5 3648//5
f 3642//3 3643//3 4072//3 4070//3
f 3643//3 3644//3 4073//3 4072//3
f 3647//2 3648//2 4062//2 4074//2
f 3644//3 3647//3 4074//3 4073//3
f 4073//6 4074//6 4062//6 4075//6
f 3920//2 3919//2 4319//2 4320//2
f 3921//3 3920//3 4320//3 4321//3
f 3913//4 4315//4 4319//4 3919//4
f 4044//1 4426//1 4405//1 4015//1
f 4044//3 4055//3 4427//3 4426//3
f 4045//2 4017//2 4407//2 4428//2
f 4429//6 4428//6 4407//6 4430//6
f 4431//1 4432//1 4424//1 4038//1
f 4431//3 4046//3 4433//3 4432//3
f 4431//5 4038//5 4039//5 4046//5
f 4047//5 4041//5 4040//5 4048//5
f 4060//1 4443//1 4433//1 4046//1
f 4060//3 4071//3 4444//3 4443//3
f 4443//6 4444//6 4445//6 4433//6
f 4444//6 4446//6 4434//6 4445//6
f 4446//6 4447//6 4435//6 4434//6
f 4320//2 4319//2 4779//2 4780//2
f 4321//3 4320//3 4780//3 4778//3
f 4315//4 4774//4 4779//4 4319//4
f 4365//4 4851//4 4888//4 4400//4
f 4400//4 4888//4 4852//4 4401//4
f 4430//3 4407//3 4898//3 4899//3
f 4407//3 4406//3 4900//3 4898//3
f 4423//3 4424//3 4911//3 4910//3
f 4432//1 4921//1 4911//1 4424//1
f 4432//3 4433//3 4922//3 4921//3
f 4921//6 4922//6 4923//6 4911//6
f 4433//3 4445//3 4924//3 4922//3
f 4922//6 4924//6 4925//6 4923//6
f 4434//2 4437//2 4913//2 4926//2
f 4445//3 4434//3 4926//3 4924//3
f 4924//6 4926//6 4913//6 4925//6
f 4778//1 5442//1 5415//1 4774//1
f 5442//6 5443//6 5416//6 5415//6
f 4818//4 5540//4 5541//4 4819//4
f 4819//4 5541//4 5542//4 4850//4
f 5543//6 5544//6 5542//6 5541//6
f 4888//2 5545//2 5546//2 5547//2
f 4850//4 5542//4 5546//4 5545//4
f 4851//5 4850//5 5545//5 4888//5
f 5544//6 5547//6 5546//6 5542//6
f 4860//4 5514//4 5553//4 4861//4
f 4861//4 5553//4 5554//4 4862//4
f 4862//4 5554//4 5515//4 4863//4
f 4888//4 5547//4 5579//4 4852//4
f 4920//3 4899//3 5592//3 5593//3
f 4899//3 4898//3 5594//3 5592//3
f 4898//3 4900//3 5595//3 5594//3
f 5539//1 5927//1 5923//1 5500//1
f 5500//4 5923//4 5928//4 5501//4
f 5539//5 5500//5 5501//5 5540//5
f 5927//6 5929//6 5928//6 5923//6
f 5501//4 5928//4 5930//4 5503//4
f 5540//5 5501//5 5503//5 5541//5
f 5929//6 5931//6 5930//6 5928//6
f 5542//2 5924//2 5925//2 5932//2
f 5541//3 5542//3 5932//3 5931//3
f 5503//4 5930//4 5925//4 5924//4
f 5541//5 5503//5 5924//5 5542//5
f 5931//6 5932//6 5925//6 5930//6
f 5553//1 5933//1 5934//1 5935//1
f 5935//4 5934//4 5936//4 5937//4
f 5553//5 5935//5 5937//5 5554//5
f 5933//6 5938//6 5936//6 5934//6
f 5937//4 5936//4 5939//4 5511//4
f 5554//5 5937//5 5511//5 5515//5
f 5938//6 5940//6 5939//6 5936//6
f 5511//4 5939//4 5941//4 5512//4
f 5940//6 5942//6 5941//6 5939//6
f 5555//2 5943//2 5944//2 5945//2
f 5512//4 5941//4 5944//4 5943//4
f 5516//5 5512//5 5943//5 5555//5
f 5942//6 5945//6 5944//6 5941//6
f 5936//1 6769//1 6751//1 6750//1
f 5936//3 5939//3 6770//3 6769//3
f 6750//4 6751//4 6752//4 5903//4
f 5936//5 6750//5 5903//5 5939//5
f 6769//6 6770//6 6752//6 6751//6
f 5939//3 5941//3 6771//3 6770//3
f 5939//5 5903//5 5904//5 5941//5
f 6770//6 6771//6 6772//6 6752//6
f 5944//2 5905//2 6754//2 6773//2
f 5941//3 5944//3 6773//3 6771//3
f 5941//5 5904//5 5905//5 5944//5
f 6771//6 6773//6 6754//6 6772//6
f 13712//4 14031//4 14032//4 13713//4
f 14061//1 14062//1 14053//1 13735//1
f 14063//2 13736//2 14055//2 14064//2
f 14061//5 13735//5 13736//5 14063//5
f 14062//6 14064//6 14055//6 14053//6
f 14074//1 14075//1 14062//1 14061//1
f 14074//5 14061//5 14063//5 13754//5
f 13761//1 14083//1 14075//1 14074//1
f 13761//5 14074//5 13754//5 13753//5
f 13763//2 13753//2 14085//2 14095//2
f 14096//6 14095//6 14085//6 14083//6
f 13772//2 13763//2 14095//2 14107//2
f 14105//6 14107//6 14095//6 14096//6
f 13782//1 14118//1 14105//1 13773//1
f 14119//2 13772//2 14107//2 14120//2
f 13782//5 13773//5 13772//5 14119//5
f 14118//6 14120//6 14107//6 14105//6
f 14131//1 14132//1 14118//1 13782//1
f 14133//2 14119//2 14120//2 14134//2
f 14131//5 13782//5 14119//5 14133//5
f 14132//6 14134//6 14120//6 14118//6
f 14145//1 14146//1 14132//1 14131//1
f 14147//2 14133//2 14134//2 14148//2
f 14145//5 14131//5 14133//5 14147//5
f 14146//6 14148//6 14134//6 14132//6
f 14159//1 14160//1 14146//1 14145//1
f 14161//2 14147//2 14148//2 14162//2
f 14159//5 14145//5 14147//5 14161//5
f 14160//6 14162//6 14148//6 14146//6
f 14173//1 14174//1 14160//1 14159//1
f 14175//2 14161//2 14162//2 14176//2
f 14173//5 14159//5 14161//5 14175//5
f 14174//6 14176//6 14162//6 14160//6
f 14191//1 14192//1 14174//1 14173//1
f 14193//2 14175//2 14176//2 14194//2
f 14191//5 14173//5 14175//5 14193//5
f 14192//6 14194//6 14176//6 14174//6
f 14209//1 14210//1 14192//1 14191//1
f 14211//2 14193//2 14194//2 14212//2
f 14209//5 14191//5 14193//5 14211//5
f 14210//6 14212//6 14194//6 14192//6
f 14229//1 14230//1 14210//1 14209//1
f 14231//2 14211//2 14212//2 14232//2
f 14229//5 14209//5 14211//5 14231//5
f 14230//6 14232//6 14212//6 14210//6
f 14257//1 14258//1 14230//1 14229//1
f 14259//2 14231//2 14232//2 14260//2
f 14257//3 14259//3 14260//3 14258//3
f 14257//5 14229//5 14231//5 14259//5
f 14258//6 14260//6 14232//6 14230//6
g glyph_64
f 2629//1 2630//1 2631//1 2632//1
f 2633//2 2634//2 2635//2 2636//2
f 2629//3 2633//3 2636//3 2630//3
f 2632//4 2631//4 2635//4 2634//4
f 2629//5 2632//5 2634//5 2633//5
f 2978//1 2979//1 2980//1 2981//1
f 2981//4 2980//4 2982//4 2983//4
f 2978//5 2981//5 2983//5 2631//5
f 2983//4 2982//4 2984//4 2985//4
f 2631//5 2983//5 2985//5 2635//5
f 2986//2 2987//2 2988//2 2989//2
f 2985//4 2984//4 2988//4 2987//4
f 2635//5 2985//5 2987//5 2986//5
f 2990//1 2991//1 2992//1 2993//1
f 2990//3 2994//3 2995//3 2991//3
f 2993//4 2992//4 2979//4 2978//4
f 2990//5 2993//5 2978//5 2994//5
f 2994//3 2630//3 2996//3 2995//3
f 2994//5 2978//5 2631//5 2630//5
f 2630//3 2636//3 2997//3 2996//3
f 2636//3 2998//3 2999//3 2997//3
f 2636//5 2635//5 2986//5 2998//5
f 3000//2 3001//2 3002//2 3003//2
f 2998//3 3000//3 3003//3 2999//3
f 2986//4 2989//4 3002//4 3001//4
f 2998//5 2986//5 3001//5 3000//5
f 2980//1 3309//1 3310//1 3311//1
f 3311//4 3310//4 3312//4 3313//4
f 2980//5 3311//5 3313//5 2982//5
f 3313//4 3312//4 3314//4 3315//4
f 2982//5 3313//5 3315//5 2984//5
f 2988//2 3316//2 3317//2 3318//2
f 3315//4 3314//4 3317//4 3316//4
f 2984//5 3315//5 3316//5 2988//5
f 2992//1 3319//1 3320//1 3321//1
f 3321//4 3320//4 3309//4 2980//4
f 2992//5 3321//5 2980//5 2979//5
f 3002//2 3322//2 3323//2 3324//2
f 2988//4 3318//4 3323//4 3322//4
f 2989//5 2988//5 3322//5 3002//5
f 3325//1 3326//1 3327//1 3328//1
f 3325//3 2991//3 3329//3 3326//3
f 3328//4 3327//4 3319//4 2992//4
f 3325//5 3328//5 2992//5 2991//5
f 2991//3 2995//3 3330//3 3329//3
f 2999//3 3003//3 3331//3 3332//3
f 3333//2 3334//2 3335//2 3336//2
f 3003//3 3333//3 3336//3 3331//3
f 3002//4 3324//4 3335//4 3334//4
f 3003//5 3002//5 3334//5 3333//5
f 3310//1 3779//1 3780//1 3781//1
f 3781//4 3780//4 3782//4 3783//4
f 3310//5 3781//5 3783//5 3312//5
f 3783//4 3782//4 3784//4 3785//4
f 3312//5 3783//5 3785//5 3314//5
f 3317//2 3786//2 3787//2 3788//2
f 3785//4 3784//4 3787//4 3786//4
f 3314//5 3785//5 3786//5 3317//5
f 3320//1 3789//1 3790//1 3791//1
f 3791//4 3790//4 3779//4 3310//4
f 3320//5 3791//5 3310//5 3309//5
f 3323//2 3792//2 3793//2 3794//2
f 3317//4 3788//4 3793//4 3792//4
f 3318//5 3317//5 3792//5 3323//5
f 3327//1 3795//1 3796//1 3797//1
f 3797//4 3796//4 3789//4 3320//4
f 3327//5 3797//5 3320//5 3319//5
f 3335//2 3798//2 3799//2 3800//2
f 3323//4 3794//4 3799//4 3798//4
f 3324//5 3323//5 3798//5 3335//5
f 3326//1 3801//1 3795//1 3327//1
f 3326//3 3329//3 3802//3 3801//3
f 3330//3 3341//3 3803//3 3804//3
f 3341//3 3344//3 3805//3 3803//3
f 3344//3 3332//3 3806//3 3805//3
f 3336//2 3335//2 3800//2 3807//2
f 3331//3 3336//3 3807//3 3808//3
f 4208//1 4209//1 4210//1 4211//1
f 4212//2 4213//2 4214//2 4215//2
f 4211//4 4210//4 4214//4 4213//4
f 4208//5 4211//5 4213//5 4212//5
f 4209//6 4215//6 4214//6 4210//6
f 3782//1 4216//1 4209//1 4208//1
f 3784//2 4212//2 4215//2 4217//2
f 3782//5 4208//5 4212//5 3784//5
f 4216//6 4217//6 4215//6 4209//6
f 3779//1 4218//1 4219//1 3780//1
f 3780//4 4219//4 4216//4 3782//4
f 3788//2 3787//2 4220//2 4221//2
f 3784//4 4217//4 4220//4 3787//4
f 3789//1 4222//1 4223//1 3790//1
f 3790//4 4223//4 4218//4 3779//4
f 3794//2 3793//2 4224//2 4225//2
f 3788//4 4221//4 4224//4 3793//4
f 3795//1 4226//1 4227//1 3796//1
f 3796//4 4227//4 4222//4 3789//4
f 3800//2 3799//2 4228//2 4229//2
f 3794//4 4225//4 4228//4 3799//4
f 4230//1 4231//1 4232//1 4233//1
f 4230//3 3801//3 4234//3 4231//3
f 4233//4 4232//4 4226//4 3795//4
f 4230//5 4233//5 3795//5 3801//5
f 4231//6 4234//6 4226//6 4232//6
f 3801//3 3802//3 4235//3 4234//3
f 3804//3 3803//3 4236//3 4237//3
f 3803//3 3805//3 4238//3 4236//3
f 3805//3 3806//3 4239//3 4238//3
f 3808//3 3807//3 4240//3 4241//3
f 4242//2 4243//2 4244//2 4245//2
f 3807//3 4242//3 4245//3 4240//3
f 3800//4 4229//4 4244//4 4243//4
f 3807//5 3800//5 4243//5 4242//5
f 4240//6 4245//6 4244//6 4229//6
f 4218//1 4597//1 4598//1 4219//1
f 4219//4 4598//4 4599//4 4216//4
f 4597//6 4600//6 4599//6 4598//6
f 4216//4 4599//4 4601//4 4217//4
f 4600//6 4602//6 4601//6 4599//6
f 4221//2 4220//2 4603//2 4604//2
f 4217//4 4601//4 4603//4 4220//4
f 4602//6 4604//6 4603//6 4601//6
f 4222//1 4605//1 4606//1 4223//1
f 4223//4 4606//4 4597//4 4218//4
f 4605//6 4607//6 4597//6 4606//6
f 4225//2 4224//2 4608//2 4609//2
f 4221//4 4604//4 4608//4 4224//4
f 4610//6 4609//6 4608//6 4604//6
f 4226//1 4611//1 4612//1 4227//1
f 4227//4 4612//4 4605//4 4222//4
f 4611//6 4613//6 4605//6 4612//6
f 4229//2 4228//2 4614//2 4615//2
f 4225//4 4609//4 4614//4 4228//4
f 4616//6 4615//6 4614//6 4609//6
f 4234//1 4617//1 4611//1 4226//1
f 4234//3 4235//3 4618//3 4617//3
f 4237//3 4236//3 4619//3 4620//3
f 4236//3 4238//3 4621//3 4619//3
f 4238//3 4239//3 4622//3 4621//3
f 4240//2 4229//2 4615//2 4623//2
f 4241//3 4240//3 4623//3 4624//3
f 4653//1 4654//1 4655//1 4656//1
f 4657//2 4658//2 4659//2 4660//2
f 4653//3 4657//3 4660//3 4654//3
f 4656//4 4655//4 4659//4 4658//4
f 4653//5 4656//5 4658//5 4657//5
f 4665//1 4666//1 4667//1 4668//1
f 4669//2 4653//2 4654//2 4670//2
f 4665//3 4669//3 4670//3 4666//3
f 4668//4 4667//4 4654//4 4653//4
f 4665//5 4668//5 4653//5 4669//5
f 4671//1 4672//1 4660//1 4657//1
f 4673//2 4674//2 4675//2 4676//2
f 4671//3 4673//3 4676//3 4672//3
f 4657//4 4660//4 4675//4 4674//4
f 4671//5 4657//5 4674//5 4673//5
f 4681//1 4682//1 4683//1 4684//1
f 4685//2 4665//2 4666//2 4686//2
f 4681//3 4685//3 4686//3 4682//3
f 4684//4 4683//4 4666//4 4665//4
f 4681//5 4684//5 4665//5 4685//5
f 4687//1 4688//1 4676//1 4673//1
f 4689//2 4690//2 4691//2 4692//2
f 4687//3 4689//3 4692//3 4688//3
f 4673//4 4676//4 4691//4 4690//4
f 4687//5 4673//5 4690//5 4689//5
f 4697//1 4698//1 4699//1 4700//1
f 4701//2 4681//2 4682//2 4702//2
f 4697//3 4701//3 4702//3 4698//3
f 4700//4 4699//4 4682//4 4681//4
f 4697//5 4700//5 4681//5 4701//5
f 4703//1 4704//1 4692//1 4689//1
f 4705//2 4706//2 4707//2 4708//2
f 4703//3 4705//3 4708//3 4704//3
f 4689//4 4692//4 4707//4 4706//4
f 4703//5 4689//5 4706//5 4705//5
f 4713//1 4714//1 4715//1 4716//1
f 4717//2 4697//2 4698//2 4718//2
f 4713//3 4717//3 4718//3 4714//3
f 4716//4 4715//4 4698//4 4697//4
f 4713//5 4716//5 4697//5 4717//5
f 4719//1 4720//1 4708//1 4705//1
f 4721//2 4722//2 4723//2 4724//2
f 4719//3 4721//3 4724//3 4720//3
f 4705//4 4708//4 4723//4 4722//4
f 4719//5 4705//5 4722//5 4721//5
f 4729//1 4730//1 4731//1 4732//1
f 4733//2 4713//2 4714//2 4734//2
f 4729//3 4733//3 4734//3 4730//3
f 4732//4 4731//4 4714//4 4713//4
f 4729//5 4732//5 4713//5 4733//5
f 4735//1 4736//1 4724//1 4721//1
f 4737//2 4738//2 4739//2 4740//2
f 4735//3 4737//3 4740//3 4736//3
f 4721//4 4724//4 4739//4 4738//4
f 4735//5 4721//5 4738//5 4737//5
f 4745//1 4746//1 4747//1 4748//1
f 4749//2 4729//2 4730//2 4750//2
f 4745//3 4749//3 4750//3 4746//3
f 4748//4 4747//4 4730//4 4729//4
f 4745//5 4748//5 4729//5 4749//5
f 4751//1 4752//1 4740//1 4737//1
f 4753//2 4754//2 4755//2 4756//2
f 4751//3 4753//3 4756//3 4752//3
f 4737//4 4740//4 4755//4 4754//4
f 4751//5 4737//5 4754//5 4753//5
f 4607//1 5093//1 5094//1 4597//1
f 4597//4 5094//4 5095//4 4600//4
f 5093//6 5096//6 5095//6 5094//6
f 4600//4 5095//4 5097//4 4602//4
f 5096//6 5098//6 5097//6 5095//6
f 4610//2 4604//2 5099//2 5100//2
f 4602//4 5097//4 5099//4 4604//4
f 5098//6 5100//6 5099//6 5097//6
f 4613//1 5101//1 5102//1 4605//1
f 4605//4 5102//4 5093//4 4607//4
f 5101//6 5103//6 5093//6 5102//6
f 4616//2 4609//2 5104//2 5105//2
f 4610//4 5100//4 5104//4 4609//4
f 5106//6 5105//6 5104//6 5100//6
f 4617//1 5107//1 5108//1 4611//1
f 4617//3 4618//3 5109//3 5107//3
f 4611//4 5108//4 5101//4 4613//4
f 5107//6 5109//6 5101//6 5108//6
f 4618//3 4620//3 5110//3 5109//3
f 4622//3 4624//3 5111//3 5112//3
f 4623//2 4615//2 5113//2 5114//2
f 4624//3 4623//3 5114//3 5111//3
f 4616//4 5105//4 5113//4 4615//4
f 5111//6 5114//6 5113//6 5105//6
f 4654//1 5159//1 5160//1 4655//1
f 4660//2 4659//2 5161//2 5162//2
f 4655//4 5160//4 5161//4 4659//4
f 4666//1 5169//1 5170//1 4667//1
f 4667//4 5170//4 5159//4 4654//4
f 4676//2 4675//2 5173//2 5174//2
f 4660//4 5162//4 5173//4 4675//4
f 4682//1 5181//1 5182//1 4683//1
f 4683//4 5182//4 5169//4 4666//4
f 4692//2 4691//2 5189//2 5190//2
f 4676//4 5174//4 5189//4 4691//4
f 4698//1 5197//1 5198//1 4699//1
f 4699//4 5198//4 5181//4 4682//4
f 4708//2 4707//2 5209//2 5210//2
f 4692//4 5190//4 5209//4 4707//4
f 4714//1 5217//1 5218//1 4715//1
f 4715//4 5218//4 5197//4 4698//4
f 4724//2 4723//2 5233//2 5234//2
f 4708//4 5210//4 5233//4 4723//4
f 4730//1 5241//1 5242//1 4731//1
f 4731//4 5242//4 5217//4 4714//4
f 4740//2 4739//2 5261//2 5262//2
f 4724//4 5234//4 5261//4 4739//4
f 4746//1 5269//1 5270//1 4747//1
f 4746//3 4750//3 5271//3 5269//3
f 4747//4 5270//4 5241//4 4730//4
f 4756//2 4755//2 5292//2 5293//2
f 4752//3 4756//3 5293//3 5294//3
f 4740//4 5262//4 5292//4 4755//4
f 5103//1 5785//1 5786//1 5093//1
f 5093//4 5786//4 5787//4 5096//4
f 5785//6 5788//6 5787//6 5786//6
f 5096//4 5787//4 5789//4 5098//4
f 5788//6 5790//6 5789//6 5787//6
f 5106//2 5100//2 5791//2 5792//2
f 5098//4 5789//4 5791//4 5100//4
f 5790//6 5792//6 5791//6 5789//6
f 5109//1 5793//1 5794//1 5101//1
f 5109//3 5110//3 5795//3 5793//3
f 5101//4 5794//4 5785//4 5103//4
f 5793//6 5795//6 5785//6 5794//6
f 5110//3 5118//3 5796//3 5795//3
f 5795//6 5796//6 5788//6 5785//6
f 5118//3 5121//3 5797//3 5796//3
f 5121//3 5112//3 5798//3 5797//3
f 5797//6 5798//6 5792//6 5790//6
f 5111//2 5105//2 5799//2 5800//2
f 5112//3 5111//3 5800//3 5798//3
f 5106//4 5792//4 5799//4 5105//4
f 5131//1 5801//1 5802//1 5125//1
f 5134//2 5127//2 5803//2 5804//2
f 5131//3 5134//3 5804//3 5801//3
f 5125//4 5802//4 5803//4 5127//4
f 5159//1 5805//1 5806//1 5160//1
f 5162//2 5161//2 5807//2 5808//2
f 5159//3 5162//3 5808//3 5805//3
f 5160//4 5806//4 5807//4 5161//4
f 5169//1 5809//1 5810//1 5170//1
f 5171//2 5159//2 5805//2 5811//2
f 5169//3 5171//3 5811//3 5809//3
f 5170//4 5810//4 5805//4 5159//4
f 5172//1 5812//1 5808//1 5162//1
f 5174//2 5173//2 5813//2 5814//2
f 5172//3 5174//3 5814//3 5812//3
f 5162//4 5808//4 5813//4 5173//4
f 5181//1 5815//1 5816//1 5182//1
f 5184//2 5169//2 5809//2 5817//2
f 5181//3 5184//3 5817//3 5815//3
f 5182//4 5816//4 5809//4 5169//4
f 5188//1 5818//1 5814//1 5174//1
f 5190//2 5189//2 5819//2 5820//2
f 5188//3 5190//3 5820//3 5818//3
f 5174//4 5814//4 5819//4 5189//4
f 5197//1 5821//1 5822//1 5198//1
f 5200//2 5181//2 5815//2 5823//2
f 5197//3 5200//3 5823//3 5821//3
f 5198//4 5822//4 5815//4 5181//4
f 5208//1 5824//1 5820//1 5190//1
f 5210//2 5209//2 5825//2 5826//2
f 5208//3 5210//3 5826//3 5824//3
f 5190//4 5820//4 5825//4 5209//4
f 5217//1 5827//1 5828//1 5218//1
f 5220//2 5197//2 5821//2 5829//2
f 5217//3 5220//3 5829//3 5827//3
f 5218//4 5828//4 5821//4 5197//4
f 5232//1 5830//1 5826//1 5210//1
f 5234//2 5233//2 5831//2 5832//2
f 5232//3 5234//3 5832//3 5830//3
f 5210//4 5826//4 5831//4 5233//4
f 5241//1 5833//1 5834//1 5242//1
f 5244//2 5217//2 5827//2 5835//2
f 5242//4 5834//4 5827//4 5217//4
f 5260//1 5836//1 5832//1 5234//1
f 5262//2 5261//2 5837//2 5838//2
f 5234//4 5832//4 5837//4 5261//4
f 5269//1 5839//1 5840//1 5270//1
f 5269//3 5271//3 5841//3 5839//3
f 5270//4 5840//4 5833//4 5241//4
f 5293//2 5292//2 5844//2 5845//2
f 5294//3 5293//3 5845//3 5846//3
f 5262//4 5838//4 5844//4 5292//4
f 5796//1 6414//1 6415//1 5788//1
f 5797//2 5790//2 6416//2 6417//2
f 5796//3 5797//3 6417//3 6414//3
f 5788//4 6415//4 6416//4 5790//4
f 6414//6 6417//6 6416//6 6415//6
f 6442//4 6441//4 6432//4 6431//4
f 5802//5 6442//5 6431//5 5803//5
f 6443//6 6444//6 6432//6 6441//6
f 6447//1 6448//1 6440//1 6439//1
f 6447//5 6439//5 5802//5 5801//5
f 6448//6 6449//6 6443//6 6440//6
f 6450//2 6445//2 6446//2 6451//2
f 5804//5 5803//5 6445//5 6450//5
f 6452//6 6451//6 6446//6 6444//6
f 6455//3 6457//3 6458//3 6456//3
f 6455//5 5801//5 5804//5 6457//5
f 6456//6 6458//6 6452//6 6449//6
f 5805//1 6531//1 6532//1 5806//1
f 5808//2 5807//2 6533//2 6534//2
f 5805//3 5808//3 6534//3 6531//3
f 5806//4 6532//4 6533//4 5807//4
f 5809//1 6561//1 6562//1 5810//1
f 5811//2 5805//2 6531//2 6563//2
f 5809//3 5811//3 6563//3 6561//3
f 5810//4 6562//4 6531//4 5805//4
f 5812//1 6564//1 6534//1 5808//1
f 5814//2 5813//2 6565//2 6566//2
f 5812//3 5814//3 6566//3 6564//3
f 5808//4 6534//4 6565//4 5813//4
f 5815//1 6596//1 6597//1 5816//1
f 5817//2 5809//2 6561//2 6598//2
f 5815//3 5817//3 6598//3 6596//3
f 5816//4 6597//4 6561//4 5809//4
f 5821//1 6624//1 6625//1 5822//1
f 5823//2 5815//2 6596//2 6626//2
f 5821//3 5823//3 6626//3 6624//3
f 5822//4 6625//4 6596//4 5815//4
f 5827//1 6658//1 6659//1 5828//1
f 5829//2 5821//2 6624//2 6660//2
f 5827//3 5829//3 6660//3 6658//3
f 5828//4 6659//4 6624//4 5821//4
f 5833//1 6677//1 6678//1 5834//1
f 5835//2 5827//2 6658//2 6679//2
f 5834//4 6678//4 6658//4 5827//4
f 5838//2 5837//2 6689//2 6690//2
f 5832//4 6668//4 6689//4 5837//4
f 5839//1 6695//1 6696//1 5840//1
f 5839//3 5841//3 6697//3 6695//3
f 5840//4 6696//4 6677//4 5833//4
f 5845//2 5844//2 6706//2 6707//2
f 5846//3 5845//3 6707//3 6708//3
f 5838//4 6690//4 6706//4 5844//4
f 6449//1 7059//1 7060//1 6443//1
f 6452//2 6444//2 7061//2 7062//2
f 6449//3 6452//3 7062//3 7059//3
f 6443//4 7060//4 7061//4 6444//4
f 7059//6 7062//6 7061//6 7060//6
f 6531//1 7063//1 7064//1 6532//1
f 6534//2 6533//2 7065//2 7066//2
f 6531//3 6534//3 7066//3 7063//3
f 6532//4 7064//4 7065//4 6533//4
f 6561//1 7067//1 7068//1 6562//1
f 6563//2 6531//2 7063//2 7069//2
f 6561//3 6563//3 7069//3 7067//3
f 6562//4 7068//4 7063//4 6531//4
f 6564//1 7070//1 7066//1 6534//1
f 6566//2 6565//2 7071//2 7072//2
f 6564//3 6566//3 7072//3 7070//3
f 6534//4 7066//4 7071//4 6565//4
f 6596//1 7073//1 7074//1 6597//1
f 6598//2 6561//2 7067//2 7075//2
f 6596//3 6598//3 7075//3 7073//3
f 6597//4 7074//4 7067//4 6561//4
f 6599//1 7076//1 7072//1 6566//1
f 6600//2 6567//2 7077//2 7078//2
f 6599//3 6600//3 7078//3 7076//3
f 6566//4 7072//4 7077//4 6567//4
f 6624//1 7079//1 7080//1 6625//1
f 6626//2 6596//2 7073//2 7081//2
f 6624//3 6626//3 7081//3 7079//3
f 6625//4 7080//4 7073//4 6596//4
f 6637//1 7082//1 7078//1 6600//1
f 6638//2 6601//2 7083//2 7084//2
f 6637//3 6638//3 7084//3 7082//3
f 6600//4 7078//4 7083//4 6601//4
f 6658//1 7085//1 7086//1 6659//1
f 6660//2 6624//2 7079//2 7087//2
f 6658//3 6660//3 7087//3 7085//3
f 6659//4 7086//4 7079//4 6624//4
f 6667//1 7088//1 7084//1 6638//1
f 6668//2 6639//2 7089//2 7090//2
f 6667//3 6668//3 7090//3 7088//3
f 6638//4 7084//4 7089//4 6639//4
f 6677//1 7091//1 7092//1 6678//1
f 6679//2 6658//2 7085//2 7093//2
f 6678//4 7092//4 7085//4 6658//4
f 6688//1 7094//1 7090//1 6668//1
f 6690//2 6689//2 7095//2 7096//2
f 6668//4 7090//4 7095//4 6689//4
f 6695//1 7097//1 7098//1 6696//1
f 6695//3 6697//3 7099//3 7097//3
f 6696//4 7098//4 7091//4 6677//4
f 6707//2 6706//2 7102//2 7103//2
f 6708//3 6707//3 7103//3 7104//3
f 6690//4 7096//4 7102//4 6706//4
f 7063//1 7436//1 7437//1 7064//1
f 7066//2 7065//2 7438//2 7439//2
f 7063//3 7066//3 7439//3 7436//3
f 7064//4 7437//4 7438//4 7065//4
f 7067//1 7440//1 7441//1 7068//1
f 7069//2 7063//2 7436//2 7442//2
f 7067//3 7069//3 7442//3 7440//3
f 7068//4 7441//4 7436//4 7063//4
f 7070//1 7443//1 7439//1 7066//1
f 7072//2 7071//2 7444//2 7445//2
f 7070//3 7072//3 7445//3 7443//3
f 7066//4 7439//4 7444//4 7071//4
f 7073//1 7446//1 7447//1 7074//1
f 7075//2 7067//2 7440//2 7448//2
f 7073//3 7075//3 7448//3 7446//3
f 7074//4 7447//4 7440//4 7067//4
f 7076//1 7449//1 7445//1 7072//1
f 7078//2 7077//2 7450//2 7451//2
f 7076//3 7078//3 7451//3 7449//3
f 7072//4 7445//4 7450//4 7077//4
f 7079//1 7452//1 7453//1 7080//1
f 7081//2 7073//2 7446//2 7454//2
f 7079//3 7081//3 7454//3 7452//3
f 7080//4 7453//4 7446//4 7073//4
f 7082//1 7455//1 7451//1 7078//1
f 7084//2 7083//2 7456//2 7457//2
f 7082//3 7084//3 7457//3 7455//3
f 7078//4 7451//4 7456//4 7083//4
f 7085//1 7458//1 7459//1 7086//1
f 7087//2 7079//2 7452//2 7460//2
f 7085//3 7087//3 7460//3 7458//3
f 7086//4 7459//4 7452//4 7079//4
f 7088//1 7461//1 7457//1 7084//1
f 7090//2 7089//2 7462//2 7463//2
f 7088//3 7090//3 7463//3 7461//3
f 7084//4 7457//4 7462//4 7089//4
f 7091//1 7464//1 7465//1 7092//1
f 7093//2 7085//2 7458//2 7466//2
f 7092//4 7465//4 7458//4 7085//4
f 7094//1 7467//1 7463//1 7090//1
f 7096//2 7095//2 7468//2 7469//2
f 7090//4 7463//4 7468//4 7095//4
f 7097//1 7470//1 7471//1 7098//1
f 7097//3 7099//3 7472//3 7470//3
f 7098//4 7471//4 7464//4 7091//4
f 7103//2 7102//2 7475//2 7476//2
f 7104//3 7103//3 7476//3 7477//3
f 7096//4 7469//4 7475//4 7102//4
f 7812//1 7813//1 7814//1 7815//1
f 7816//2 7817//2 7818//2 7819//2
f 7812//3 7816//3 7819//3 7813//3
f 7815//4 7814//4 7818//4 7817//4
f 7812//5 7815//5 7817//5 7816//5
f 7820//1 7821//1 7822//1 7823//1
f 7824//2 7812//2 7813//2 7825//2
f 7820//3 7824//3 7825//3 7821//3
f 7823//4 7822//4 7813//4 7812//4
f 7820//5 7823//5 7812//5 7824//5
f 7826//1 7827//1 7819//1 7816//1
f 7828//2 7829//2 7830//2 7831//2
f 7826//3 7828//3 7831//3 7827//3
f 7816//4 7819//4 7830//4 7829//4
f 7826//5 7816//5 7829//5 7828//5
f 7436//1 7832//1 7833//1 7437//1
f 7439//2 7438//2 7834//2 7835//2
f 7436//3 7439//3 7835//3 7832//3
f 7437//4 7833//4 7834//4 7438//4
f 7836//1 7837//1 7838//1 7839//1
f 7840//2 7820//2 7821//2 7841//2
f 7836//3 7840//3 7841//3 7837//3
f 7839//4 7838//4 7821//4 7820//4
f 7836//5 7839//5 7820//5 7840//5
f 7842//1 7843//1 7831//1 7828//1
f 7844//2 7845//2 7846//2 7847//2
f 7842//3 7844//3 7847//3 7843//3
f 7828//4 7831//4 7846//4 7845//4
f 7842//5 7828//5 7845//5 7844//5
f 7440//1 7848//1 7849//1 7441//1
f 7442//2 7436//2 7832//2 7850//2
f 7440//3 7442//3 7850//3 7848//3
f 7441//4 7849//4 7832//4 7436//4
f 7443//1 7851//1 7835//1 7439//1
f 7445//2 7444//2 7852//2 7853//2
f 7443//3 7445//3 7853//3 7851//3
f 7439//4 7835//4 7852//4 7444//4
f 7854//1 7855//1 7856//1 7857//1
f 7858//2 7836//2 7837//2 7859//2
f 7854//3 7858//3 7859//3 7855//3
f 7857//4 7856//4 7837//4 7836//4
f 7854//5 7857//5 7836//5 7858//5
f 7860//1 7861//1 7847//1 7844//1
f 7862//2 7863//2 7864//2 7865//2
f 7860//3 7862//3 7865//3 7861//3
f 7844//4 7847//4 7864//4 7863//4
f 7860//5 7844//5 7863//5 7862//5
f 7446//1 7866//1 7867//1 7447//1
f 7448//2 7440//2 7848//2 7868//2
f 7446//3 7448//3 7868//3 7866//3
f 7447//4 7867//4 7848//4 7440//4
f 7449//1 7869//1 7853//1 7445//1
f 7451//2 7450//2 7870//2 7871//2
f 7449//3 7451//3 7871//3 7869//3
f 7445//4 7853//4 7870//4 7450//4
f 7452//1 7872//1 7873//1 7453//1
f 7454//2 7446//2 7866//2 7874//2
f 7452//3 7454//3 7874//3 7872//3
f 7453//4 7873//4 7866//4 7446//4
f 7455//1 7875//1 7871//1 7451//1
f 7457//2 7456//2 7876//2 7877//2
f 7455//3 7457//3 7877//3 7875//3
f 7451//4 7871//4 7876//4 7456//4
f 7878//1 7879//1 7880//1 7881//1
f 7882//2 7883//2 7884//2 7885//2
f 7878//3 7882//3 7885//3 7879//3
f 7881//4 7880//4 7884//4 7883//4
f 7878//5 7881//5 7883//5 7882//5
f 7886//1 7887//1 7888//1 7889//1
f 7890//2 7891//2 7892//2 7893//2
f 7886//3 7890//3 7893//3 7887//3
f 7889//4 7888//4 7892//4 7891//4
f 7886//5 7889//5 7891//5 7890//5
f 7458//1 7894//1 7895//1 7459//1
f 7460//2 7452//2 7872//2 7896//2
f 7458//3 7460//3 7896//3 7894//3
f 7459//4 7895//4 7872//4 7452//4
f 7461//1 7897//1 7877//1 7457//1
f 7463//2 7462//2 7898//2 7899//2
f 7461//3 7463//3 7899//3 7897//3
f 7457//4 7877//4 7898//4 7462//4
f 7900//1 7901//1 7902//1 7903//1
f 7904//2 7878//2 7879//2 7905//2
f 7900//3 7904//3 7905//3 7901//3
f 7903//4 7902//4 7879//4 7878//4
f 7900//5 7903//5 7878//5 7904//5
f 7906//1 7907//1 7893//1 7890//1
f 7908//2 7909//2 7910//2 7911//2
f 7906//3 7908//3 7911//3 7907//3
f 7890//4 7893//4 7910//4 7909//4
f 7906//5 7890//5 7909//5 7908//5
f 7464//1 7912//1 7913//1 7465//1
f 7466//2 7458//2 7894//2 7914//2
f 7465//4 7913//4 7894//4 7458//4
f 7467//1 7915//1 7899//1 7463//1
f 7469//2 7468//2 7916//2 7917//2
f 7463//4 7899//4 7916//4 7468//4
f 7918//1 7919//1 7911//1 7908//1
f 7920//2 7921//2 7922//2 7923//2
f 7918//3 7920//3 7923//3 7919//3
f 7908//4 7911//4 7922//4 7921//4
f 7918//5 7908//5 7921//5 7920//5
f 7470//1 7924//1 7925//1 7471//1
f 7470//3 7472//3 7926//3 7924//3
f 7471//4 7925//4 7912//4 7464//4
f 7476//2 7475//2 7929//2 7930//2
f 7477//3 7476//3 7930//3 7931//3
f 7469//4 7917//4 7929//4 7475//4
f 7813//1 8260//1 8261//1 7814//1
f 7819//2 7818//2 8262//2 8263//2
f 7814//4 8261//4 8262//4 7818//4
f 7821//1 8264//1 8265//1 7822//1
f 7822//4 8265//4 8260//4 7813//4
f 7831//2 7830//2 8268//2 8269//2
f 7819//4 8263//4 8268//4 7830//4
f 7832//1 8270//1 8271//1 7833//1
f 7835//2 7834//2 8272//2 8273//2
f 7832//3 7835//3 8273//3 8270//3
f 7833//4 8271//4 8272//4 7834//4
f 7837//1 8274//1 8275//1 7838//1
f 7838//4 8275//4 8264//4 7821//4
f 7847//2 7846//2 8282//2 8283//2
f 7831//4 8269//4 8282//4 7846//4
f 7848//1 8284//1 8285//1 7849//1
f 7850//2 7832//2 8270//2 8286//2
f 7848//3 7850//3 8286//3 8284//3
f 7849//4 8285//4 8270//4 7832//4
f 7851//1 8287//1 8273//1 7835//1
f 7853//2 7852//2 8288//2 8289//2
f 7851//3 7853//3 8289//3 8287//3
f 7835//4 8273//4 8288//4 7852//4
f 7855//1 8290//1 8291//1 7856//1
f 7856//4 8291//4 8274//4 7837//4
f 7865//2 7864//2 8302//2 8303//2
f 7847//4 8283//4 8302//4 7864//4
f 7866//1 8304//1 8305//1 7867//1
f 7868//2 7848//2 8284//2 8306//2
f 7866//3 7868//3 8306//3 8304//3
f 7867//4 8305//4 8284//4 7848//4
f 7869//1 8307//1 8289//1 7853//1
f 7871//2 7870//2 8308//2 8309//2
f 7869//3 7871//3 8309//3 8307//3
f 7853//4 8289//4 8308//4 7870//4
f 7872//1 8324//1 8325//1 7873//1
f 7874//2 7866//2 8304//2 8326//2
f 7872//3 7874//3 8326//3 8324//3
f 7873//4 8325//4 8304//4 7866//4
f 7875//1 8327//1 8309//1 7871//1
f 7877//2 7876//2 8328//2 8329//2
f 7875//3 7877//3 8329//3 8327//3
f 7871//4 8309//4 8328//4 7876//4
f 7879//1 8330//1 8331//1 7880//1
f 7880//4 8331//4 8310//4 7884//4
f 7893//2 7892//2 8346//2 8347//2
f 7888//4 8323//4 8346//4 7892//4
f 7894//1 8348//1 8349//1 7895//1
f 7896//2 7872//2 8324//2 8350//2
f 7894//3 7896//3 8350//3 8348//3
f 7895//4 8349//4 8324//4 7872//4
f 7897//1 8351//1 8329//1 7877//1
f 7899//2 7898//2 8352//2 8353//2
f 7897//3 7899//3 8353//3 8351//3
f 7877//4 8329//4 8352//4 7898//4
f 7901//1 8354//1 8355//1 7902//1
f 7901//3 7905//3 8356//3 8354//3
f 7902//4 8355//4 8330//4 7879//4
f 7911//2 7910//2 8374//2 8375//2
f 7893//4 8347//4 8374//4 7910//4
f 7912//1 8376//1 8377//1 7913//1
f 7914//2 7894//2 8348//2 8378//2
f 7913//4 8377//4 8348//4 7894//4
f 7915//1 8379//1 8353//1 7899//1
f 7917//2 7916//2 8380//2 8381//2
f 7899//4 8353//4 8380//4 7916//4
f 7923//2 7922//2 8402//2 8403//2
f 7919//3 7923//3 8403//3 8404//3
f 7911//4 8375//4 8402//4 7922//4
f 7924//1 8405//1 8406//1 7925//1
f 7924//3 7926//3 8407//3 8405//3
f 7925//4 8406//4 8376//4 7912//4
f 7930//2 7929//2 8410//2 8411//2
f 7931//3 7930//3 8411//3 8412//3
f 7917//4 8381//4 8410//4 7929//4
f 8260//1 8866//1 8867//1 8261//1
f 8263//2 8262//2 8868//2 8869//2
f 8260//3 8263//3 8869//3 8866//3
f 8261//4 8867//4 8868//4 8262//4
f 8264//1 8870//1 8871//1 8265//1
f 8266//2 8260//2 8866//2 8872//2
f 8264//3 8266//3 8872//3 8870//3
f 8265//4 8871//4 8866//4 8260//4
f 8267//1 8873//1 8869//1 8263//1
f 8269//2 8268//2 8874//2 8875//2
f 8267//3 8269//3 8875//3 8873//3
f 8263//4 8869//4 8874//4 8268//4
f 8270//1 8876//1 8877//1 8271//1
f 8273//2 8272//2 8878//2 8879//2
f 8270//3 8273//3 8879//3 8876//3
f 8271//4 8877//4 8878//4 8272//4
f 8274//1 8880//1 8881//1 8275//1
f 8277//2 8264//2 8870//2 8882//2
f 8274//3 8277//3 8882//3 8880//3
f 8275//4 8881//4 8870//4 8264//4
f 8281//1 8883//1 8875//1 8269//1
f 8283//2 8282//2 8884//2 8885//2
f 8281//3 8283//3 8885//3 8883//3
f 8269//4 8875//4 8884//4 8282//4
f 8284//1 8886//1 8887//1 8285//1
f 8286//2 8270//2 8876//2 8888//2
f 8284//3 8286//3 8888//3 8886//3
f 8285//4 8887//4 8876//4 8270//4
f 8287//1 8889//1 8879//1 8273//1
f 8289//2 8288//2 8890//2 8891//2
f 8287//3 8289//3 8891//3 8889//3
f 8273//4 8879//4 8890//4 8288//4
f 8290//1 8892//1 8893//1 8291//1
f 8293//2 8274//2 8880//2 8894//2
f 8290//3 8293//3 8894//3 8892//3
f 8291//4 8893//4 8880//4 8274//4
f 8301//1 8895//1 8885//1 8283//1
f 8303//2 8302//2 8896//2 8897//2
f 8301//3 8303//3 8897//3 8895//3
f 8283//4 8885//4 8896//4 8302//4
f 8304//1 8898//1 8899//1 8305//1
f 8306//2 8284//2 8886//2 8900//2
f 8304//3 8306//3 8900//3 8898//3
f 8305//4 8899//4 8886//4 8284//4
f 8307//1 8901//1 8891//1 8289//1
f 8309//2 8308//2 8902//2 8903//2
f 8307//3 8309//3 8903//3 8901//3
f 8289//4 8891//4 8902//4 8308//4
f 8324//1 8904//1 8905//1 8325//1
f 8326//2 8304//2 8898//2 8906//2
f 8324//3 8326//3 8906//3 8904//3
f 8325//4 8905//4 8898//4 8304//4
f 8327//1 8907//1 8903//1 8309//1
f 8329//2 8328//2 8908//2 8909//2
f 8327//3 8329//3 8909//3 8907//3
f 8309//4 8903//4 8908//4 8328//4
f 8330//1 8910//1 8911//1 8331//1
f 8333//2 8310//2 8912//2 8913//2
f 8331//4 8911//4 8912//4 8310//4
f 8345//1 8914//1 8915//1 8323//1
f 8347//2 8346//2 8916//2 8917//2
f 8345//3 8347//3 8917//3 8914//3
f 8323//4 8915//4 8916//4 8346//4
f 8348//1 8918//1 8919//1 8349//1
f 8350//2 8324//2 8904//2 8920//2
f 8348//3 8350//3 8920//3 8918//3
f 8349//4 8919//4 8904//4 8324//4
f 8351//1 8921//1 8909//1 8329//1
f 8353//2 8352//2 8922//2 8923//2
f 8351//3 8353//3 8923//3 8921//3
f 8329//4 8909//4 8922//4 8352//4
f 8354//1 8924//1 8925//1 8355//1
f 8354//3 8356//3 8926//3 8924//3
f 8355//4 8925//4 8910//4 8330//4
f 8373//1 8928//1 8917//1 8347//1
f 8375//2 8374//2 8929//2 8930//2
f 8347//4 8917//4 8929//4 8374//4
f 8376//1 8931//1 8932//1 8377//1
f 8378//2 8348//2 8918//2 8933//2
f 8377//4 8932//4 8918//4 8348//4
f 8379//1 8934//1 8923//1 8353//1
f 8381//2 8380//2 8935//2 8936//2
f 8353//4 8923//4 8935//4 8380//4
f 8403//2 8402//2 8940//2 8941//2
f 8404//3 8403//3 8941//3 8942//3
f 8375//4 8930//4 8940//4 8402//4
f 8405//1 8943//1 8944//1 8406//1
f 8405//3 8407//3 8945//3 8943//3
f 8406//4 8944//4 8931//4 8376//4
f 8411//2 8410//2 8948//2 8949//2
f 8412//3 8411//3 8949//3 8950//3
f 8381//4 8936//4 8948//4 8410//4
f 8866//1 9313//1 9314//1 8867//1
f 8869//2 8868//2 9315//2 9316//2
f 8866//3 8869//3 9316//3 9313//3
f 8867//4 9314//4 9315//4 8868//4
f 8870//1 9317//1 9318//1 8871//1
f 8872//2 8866//2 9313//2 9319//2
f 8870//3 8872//3 9319//3 9317//3
f 8871//4 9318//4 9313//4 8866//4
f 8873//1 9320//1 9316//1 8869//1
f 8875//2 8874//2 9321//2 9322//2
f 8873//3 8875//3 9322//3 9320//3
f 8869//4 9316//4 9321//4 8874//4
f 8876//1 9323//1 9324//1 8877//1
f 8879//2 8878//2 9325//2 9326//2
f 8876//3 8879//3 9326//3 9323//3
f 8877//4 9324//4 9325//4 8878//4
f 8880//1 9327//1 9328//1 8881//1
f 8882//2 8870//2 9317//2 9329//2
f 8880//3 8882//3 9329//3 9327//3
f 8881//4 9328//4 9317//4 8870//4
f 8883//1 9330//1 9322//1 8875//1
f 8885//2 8884//2 9331//2 9332//2
f 8883//3 8885//3 9332//3 9330//3
f 8875//4 9322//4 9331//4 8884//4
f 8886//1 9333//1 9334//1 8887//1
f 8888//2 8876//2 9323//2 9335//2
f 8886//3 8888//3 9335//3 9333//3
f 8887//4 9334//4 9323//4 8876//4
f 8889//1 9336//1 9326//1 8879//1
f 8891//2 8890//2 9337//2 9338//2
f 8889//3 8891//3 9338//3 9336//3
f 8879//4 9326//4 9337//4 8890//4
f 8892//1 9339//1 9340//1 8893//1
f 8894//2 8880//2 9327//2 9341//2
f 8892//3 8894//3 9341//3 9339//3
f 8893//4 9340//4 9327//4 8880//4
f 8895//1 9342//1 9332//1 8885//1
f 8897//2 8896//2 9343//2 9344//2
f 8895//3 8897//3 9344//3 9342//3
f 8885//4 9332//4 9343//4 8896//4
f 8898//1 9345//1 9346//1 8899//1
f 8900//2 8886//2 9333//2 9347//2
f 8898//3 8900//3 9347//3 9345//3
f 8899//4 9346//4 9333//4 8886//4
f 8901//1 9348//1 9338//1 8891//1
f 8903//2 8902//2 9349//2 9350//2
f 8901//3 8903//3 9350//3 9348//3
f 8891//4 9338//4 9349//4 8902//4
f 8904//1 9351//1 9352//1 8905//1
f 8906//2 8898//2 9345//2 9353//2
f 8904//3 8906//3 9353//3 9351//3
f 8905//4 9352//4 9345//4 8898//4
f 8907//1 9354//1 9350//1 8903//1
f 8909//2 8908//2 9355//2 9356//2
f 8907//3 8909//3 9356//3 9354//3
f 8903//4 9350//4 9355//4 8908//4
f 8910//1 9357//1 9358//1 8911//1
f 8913//2 8912//2 9359//2 9360//2
f 8911//4 9358//4 9359//4 8912//4
f 8914//1 9361//1 9362//1 8915//1
f 8917//2 8916//2 9363//2 9364//2
f 8914//3 8917//3 9364//3 9361//3
f 8915//4 9362//4 9363//4 8916//4
f 8918//1 9365//1 9366//1 8919//1
f 8920//2 8904//2 9351//2 9367//2
f 8918//3 8920//3 9367//3 9365//3
f 8919//4 9366//4 9351//4 8904//4
f 8921//1 9368//1 9356//1 8909//1
f 8923//2 8922//2 9369//2 9370//2
f 8921//3 8923//3 9370//3 9368//3
f 8909//4 9356//4 9369//4 8922//4
f 8924//1 9371//1 9372//1 8925//1
f 8924//3 8926//3 9373//3 9371//3
f 8925//4 9372//4 9357//4 8910//4
f 8928//1 9375//1 9364//1 8917//1
f 8930//2 8929//2 9376//2 9377//2
f 8917//4 9364//4 9376//4 8929//4
f 8931//1 9378//1 9379//1 8932//1
f 8933//2 8918//2 9365//2 9380//2
f 8932//4 9379//4 9365//4 8918//4
f 8934//1 9381//1 9370//1 8923//1
f 8936//2 8935//2 9382//2 9383//2
f 8923//4 9370//4 9382//4 8935//4
f 8941//2 8940//2 9387//2 9388//2
f 8942//3 8941//3 9388//3 9389//3
f 8930//4 9377//4 9387//4 8940//4
f 8943//1 9390//1 9391//1 8944//1
f 8943//3 8945//3 9392//3 9390//3
f 8944//4 9391//4 9378//4 8931//4
f 8949//2 8948//2 9395//2 9396//2
f 8950//3 8949//3 9396//3 9397//3
f 8936//4 9383//4 9395//4 8948//4
f 9313//1 9770//1 9771//1 9314//1
f 9316//2 9315//2 9772//2 9773//2
f 9313//3 9316//3 9773//3 9770//3
f 9314//4 9771//4 9772//4 9315//4
f 9317//1 9774//1 9775//1 9318//1
f 9319//2 9313//2 9770//2 9776//2
f 9317//3 9319//3 9776//3 9774//3
f 9318//4 9775//4 9770//4 9313//4
f 9320//1 9777//1 9773//1 9316//1
f 9322//2 9321//2 9778//2 9779//2
f 9320//3 9322//3 9779//3 9777//3
f 9316//4 9773//4 9778//4 9321//4
f 9323//1 9780//1 9781//1 9324//1
f 9326//2 9325//2 9782//2 9783//2
f 9323//3 9326//3 9783//3 9780//3
f 9324//4 9781//4 9782//4 9325//4
f 9327//1 9784//1 9785//1 9328//1
f 9329//2 9317//2 9774//2 9786//2
f 9327//3 9329//3 9786//3 9784//3
f 9328//4 9785//4 9774//4 9317//4
f 9330//1 9787//1 9779//1 9322//1
f 9332//2 9331//2 9788//2 9789//2
f 9330//3 9332//3 9789//3 9787//3
f 9322//4 9779//4 9788//4 9331//4
f 9333//1 9790//1 9791//1 9334//1
f 9335//2 9323//2 9780//2 9792//2
f 9333//3 9335//3 9792//3 9790//3
f 9334//4 9791//4 9780//4 9323//4
f 9336//1 9793//1 9783//1 9326//1
f 9338//2 9337//2 9794//2 9795//2
f 9336//3 9338//3 9795//3 9793//3
f 9326//4 9783//4 9794//4 9337//4
f 9339//1 9796//1 9797//1 9340//1
f 9341//2 9327//2 9784//2 9798//2
f 9339//3 9341//3 9798//3 9796//3
f 9340//4 9797//4 9784//4 9327//4
f 9342//1 9799//1 9789//1 9332//1
f 9344//2 9343//2 9800//2 9801//2
f 9342//3 9344//3 9801//3 9799//3
f 9332//4 9789//4 9800//4 9343//4
f 9345//1 9802//1 9803//1 9346//1
f 9347//2 9333//2 9790//2 9804//2
f 9345//3 9347//3 9804//3 9802//3
f 9346//4 9803//4 9790//4 9333//4
f 9348//1 9805//1 9795//1 9338//1
f 9350//2 9349//2 9806//2 9807//2
f 9348//3 9350//3 9807//3 9805//3
f 9338//4 9795//4 9806//4 9349//4
f 9351//1 9808//1 9809//1 9352//1
f 9353//2 9345//2 9802//2 9810//2
f 9351//3 9353//3 9810//3 9808//3
f 9352//4 9809//4 9802//4 9345//4
f 9354//1 9811//1 9807//1 9350//1
f 9356//2 9355//2 9812//2 9813//2
f 9354//3 9356//3 9813//3 9811//3
f 9350//4 9807//4 9812//4 9355//4
f 9357//1 9814//1 9815//1 9358//1
f 9360//2 9359//2 9816//2 9817//2
f 9358//4 9815//4 9816//4 9359//4
f 9361//1 9818//1 9819//1 9362//1
f 9364//2 9363//2 9820//2 9821//2
f 9361//3 9364//3 9821//3 9818//3
f 9362//4 9819//4 9820//4 9363//4
f 9365//1 9822//1 9823//1 9366//1
f 9367//2 9351//2 9808//2 9824//2
f 9365//3 9367//3 9824//3 9822//3
f 9366//4 9823//4 9808//4 9351//4
f 9368//1 9825//1 9813//1 9356//1
f 9370//2 9369//2 9826//2 9827//2
f 9368//3 9370//3 9827//3 9825//3
f 9356//4 9813//4 9826//4 9369//4
f 9371//1 9828//1 9829//1 9372//1
f 9371//3 9373//3 9830//3 9828//3
f 9372//4 9829//4 9814//4 9357//4
f 9375//1 9832//1 9821//1 9364//1
f 9377//2 9376//2 9833//2 9834//2
f 9364//4 9821//4 9833//4 9376//4
f 9378//1 9835//1 9836//1 9379//1
f 9380//2 9365//2 9822//2 9837//2
f 9379//4 9836//4 9822//4 9365//4
f 9381//1 9838//1 9827//1 9370//1
f 9383//2 9382//2 9839//2 9840//2
f 9370//4 9827//4 9839//4 9382//4
f 9388//2 9387//2 9844//2 9845//2
f 9389//3 9388//3 9845//3 9846//3
f 9377//4 9834//4 9844//4 9387//4
f 9390//1 9847//1 9848//1 9391//1
f 9390//3 9392//3 9849//3 9847//3
f 9391//4 9848//4 9835//4 9378//4
f 9396//2 9395//2 9852//2 9853//2
f 9397//3 9396//3 9853//3 9854//3
f 9383//4 9840//4 9852//4 9395//4
f 9770//1 10219//1 10220//1 9771//1
f 9773//2 9772//2 10221//2 10222//2
f 9770//3 9773//3 10222//3 10219//3
f 9771//4 10220//4 10221//4 9772//4
f 9774//1 10223//1 10224//1 9775//1
f 9776//2 9770//2 10219//2 10225//2
f 9774//3 9776//3 10225//3 10223//3
f 9775//4 10224//4 10219//4 9770//4
f 9777//1 10226//1 10222//1 9773//1
f 9779//2 9778//2 10227//2 10228//2
f 9777//3 9779//3 10228//3 10226//3
f 9773//4 10222//4 10227//4 9778//4
f 9780//1 10229//1 10230//1 9781//1
f 9783//2 9782//2 10231//2 10232//2
f 9781//4 10230//4 10231//4 9782//4
f 9784//1 10233//1 10234//1 9785//1
f 9786//2 9774//2 10223//2 10235//2
f 9784//3 9786//3 10235//3 10233//3
f 9785//4 10234//4 10223//4 9774//4
f 9787//1 10236//1 10228//1 9779//1
f 9789//2 9788//2 10237//2 10238//2
f 9787//3 9789//3 10238//3 10236//3
f 9779//4 10228//4 10237//4 9788//4
f 9790//1 10239//1 10240//1 9791//1
f 9791//4 10240//4 10229//4 9780//4
f 9795//2 9794//2 10243//2 10244//2
f 9783//4 10232//4 10243//4 9794//4
f 9796//1 10245//1 10246//1 9797//1
f 9798//2 9784//2 10233//2 10247//2
f 9796//3 9798//3 10247//3 10245//3
f 9797//4 10246//4 10233//4 9784//4
f 9799//1 10248//1 10238//1 9789//1
f 9801//2 9800//2 10249//2 10250//2
f 9799//3 9801//3 10250//3 10248//3
f 9789//4 10238//4 10249//4 9800//4
f 9802//1 10251//1 10252//1 9803//1
f 9803//4 10252//4 10239//4 9790//4
f 9807//2 9806//2 10259//2 10260//2
f 9795//4 10244//4 10259//4 9806//4
f 9808//1 10261//1 10262//1 9809//1
f 9809//4 10262//4 10251//4 9802//4
f 9813//2 9812//2 10273//2 10274//2
f 9807//4 10260//4 10273//4 9812//4
f 9814//1 10275//1 10276//1 9815//1
f 9817//2 9816//2 10277//2 10278//2
f 9815//4 10276//4 10277//4 9816//4
f 9818//1 10279//1 10280//1 9819//1
f 9821//2 9820//2 10281//2 10282//2
f 9818//3 9821//3 10282//3 10279//3
f 9819//4 10280//4 10281//4 9820//4
f 9822//1 10283//1 10284//1 9823//1
f 9823//4 10284//4 10261//4 9808//4
f 9827//2 9826//2 10299//2 10300//2
f 9813//4 10274//4 10299//4 9826//4
f 9828//1 10301//1 10302//1 9829//1
f 9828//3 9830//3 10303//3 10301//3
f 9829//4 10302//4 10275//4 9814//4
f 9832//1 10305//1 10282//1 9821//1
f 9834//2 9833//2 10306//2 10307//2
f 9821//4 10282//4 10306//4 9833//4
f 9835//1 10308//1 10309//1 9836//1
f 9836//4 10309//4 10283//4 9822//4
f 9840//2 9839//2 10328//2 10329//2
f 9827//4 10300//4 10328//4 9839//4
f 9845//2 9844//2 10333//2 10334//2
f 9846//3 9845//3 10334//3 10335//3
f 9834//4 10307//4 10333//4 9844//4
f 9847//1 10336//1 10337//1 9848//1
f 9847//3 9849//3 10338//3 10336//3
f 9848//4 10337//4 10308//4 9835//4
f 9853//2 9852//2 10358//2 10359//2
f 9854//3 9853//3 10359//3 10357//3
f 9840//4 10329//4 10358//4 9852//4
f 10219//1 10787//1 10788//1 10220//1
f 10222//2 10221//2 10789//2 10790//2
f 10219//3 10222//3 10790//3 10787//3
f 10220//4 10788//4 10789//4 10221//4
f 10223//1 10791//1 10792//1 10224//1
f 10225//2 10219//2 10787//2 10793//2
f 10223//3 10225//3 10793//3 10791//3
f 10224//4 10792//4 10787//4 10219//4
f 10226//1 10794//1 10790//1 10222//1
f 10228//2 10227//2 10795//2 10796//2
f 10226//3 10228//3 10796//3 10794//3
f 10222//4 10790//4 10795//4 10227//4
f 10229//1 10797//1 10798//1 10230//1
f 10232//2 10231//2 10799//2 10800//2
f 10229//3 10232//3 10800//3 10797//3
f 10230//4 10798//4 10799//4 10231//4
f 10797//6 10800//6 10799//6 10798//6
f 10233//1 10801//1 10802//1 10234//1
f 10235//2 10223//2 10791//2 10803//2
f 10233//3 10235//3 10803//3 10801//3
f 10234//4 10802//4 10791//4 10223//4
f 10236//1 10804//1 10796//1 10228//1
f 10238//2 10237//2 10805//2 10806//2
f 10236//3 10238//3 10806//3 10804//3
f 10228//4 10796//4 10805//4 10237//4
f 10239//1 10807//1 10808//1 10240//1
f 10241//2 10229//2 10797//2 10809//2
f 10239//3 10241//3 10809//3 10807//3
f 10240//4 10808//4 10797//4 10229//4
f 10807//6 10809//6 10797//6 10808//6
f 10242//1 10810//1 10800//1 10232//1
f 10244//2 10243//2 10811//2 10812//2
f 10242//3 10244//3 10812//3 10810//3
f 10232//4 10800//4 10811//4 10243//4
f 10810//6 10812//6 10811//6 10800//6
f 10245//1 10813//1 10814//1 10246//1
f 10247//2 10233//2 10801//2 10815//2
f 10245//3 10247//3 10815//3 10813//3
f 10246//4 10814//4 10801//4 10233//4
f 10248//1 10816//1 10806//1 10238//1
f 10250//2 10249//2 10817//2 10818//2
f 10248//3 10250//3 10818//3 10816//3
f 10238//4 10806//4 10817//4 10249//4
f 10251//1 10819//1 10820//1 10252//1
f 10254//2 10239//2 10807//2 10821//2
f 10251//3 10254//3 10821//3 10819//3
f 10252//4 10820//4 10807//4 10239//4
f 10819//6 10821//6 10807//6 10820//6
f 10258//1 10822//1 10812//1 10244//1
f 10260//2 10259//2 10823//2 10824//2
f 10258//3 10260//3 10824//3 10822//3
f 10244//4 10812//4 10823//4 10259//4
f 10822//6 10824//6 10823//6 10812//6
f 10261//1 10825//1 10826//1 10262//1
f 10264//2 10251//2 10819//2 10827//2
f 10261//3 10264//3 10827//3 10825//3
f 10262//4 10826//4 10819//4 10251//4
f 10825//6 10827//6 10819//6 10826//6
f 10272//1 10828//1 10824//1 10260//1
f 10274//2 10273//2 10829//2 10830//2
f 10272//3 10274//3 10830//3 10828//3
f 10260//4 10824//4 10829//4 10273//4
f 10828//6 10830//6 10829//6 10824//6
f 10275//1 10831//1 10832//1 10276//1
f 10278//2 10277//2 10833//2 10834//2
f 10276//4 10832//4 10833//4 10277//4
f 10279//1 10835//1 10836//1 10280//1
f 10282//2 10281//2 10837//2 10838//2
f 10279//3 10282//3 10838//3 10835//3
f 10280//4 10836//4 10837//4 10281//4
f 10283//1 10839//1 10840//1 10284//1
f 10286//2 10261//2 10825//2 10841//2
f 10283//3 10286//3 10841//3 10839//3
f 10284//4 10840//4 10825//4 10261//4
f 10839//6 10841//6 10825//6 10840//6
f 10298//1 10842//1 10830//1 10274//1
f 10300//2 10299//2 10843//2 10844//2
f 10298//3 10300//3 10844//3 10842//3
f 10274//4 10830//4 10843//4 10299//4
f 10842//6 10844//6 10843//6 10830//6
f 10301//1 10845//1 10846//1 10302//1
f 10301//3 10303//3 10847//3 10845//3
f 10302//4 10846//4 10831//4 10275//4
f 10305//1 10849//1 10838//1 10282//1
f 10307//2 10306//2 10850//2 10851//2
f 10282//4 10838//4 10850//4 10306//4
f 10308//1 10860//1 10861//1 10309//1
f 10311//2 10283//2 10839//2 10862//2
f 10308//3 10311//3 10862//3 10860//3
f 10309//4 10861//4 10839//4 10283//4
f 10860//6 10862//6 10839//6 10861//6
f 10327//1 10863//1 10844//1 10300//1
f 10329//2 10328//2 10864//2 10865//2
f 10327//3 10329//3 10865//3 10863//3
f 10300//4 10844//4 10864//4 10328//4
f 10863//6 10865//6 10864//6 10844//6
f 10334//2 10333//2 10869//2 10870//2
f 10335//3 10334//3 10870//3 10871//3
f 10307//4 10851//4 10869//4 10333//4
f 10336//1 10874//1 10875//1 10337//1
f 10338//2 10308//2 10860//2 10876//2
f 10336//3 10338//3 10876//3 10874//3
f 10337//4 10875//4 10860//4 10308//4
f 10874//6 10876//6 10860//6 10875//6
f 10357//1 10877//1 10865//1 10329//1
f 10359//2 10358//2 10878//2 10879//2
f 10357//3 10359//3 10879//3 10877//3
f 10329//4 10865//4 10878//4 10358//4
f 10877//6 10879//6 10878//6 10865//6
f 10787//1 11216//1 11217//1 10788//1
f 10790//2 10789//2 11218//2 11219//2
f 10787//3 10790//3 11219//3 11216//3
f 10788//4 11217//4 11218//4 10789//4
f 10791//1 11220//1 11221//1 10792//1
f 10793//2 10787//2 11216//2 11222//2
f 10791//3 10793//3 11222//3 11220//3
f 10792//4 11221//4 11216//4 10787//4
f 10794//1 11223//1 11219//1 10790//1
f 10796//2 10795//2 11224//2 11225//2
f 10794//3 10796//3 11225//3 11223//3
f 10790//4 11219//4 11224//4 10795//4
f 10801//1 11226//1 11227//1 10802//1
f 10803//2 10791//2 11220//2 11228//2
f 10801//3 10803//3 11228//3 11226//3
f 10802//4 11227//4 11220//4 10791//4
f 10804//1 11229//1 11225//1 10796//1
f 10806//2 10805//2 11230//2 11231//2
f 10804//3 10806//3 11231//3 11229//3
f 10796//4 11225//4 11230//4 10805//4
f 10813//1 11232//1 11233//1 10814//1
f 10815//2 10801//2 11226//2 11234//2
f 10813//3 10815//3 11234//3 11232//3
f 10814//4 11233//4 11226//4 10801//4
f 10816//1 11235//1 11231//1 10806//1
f 10818//2 10817//2 11236//2 11237//2
f 10816//3 10818//3 11237//3 11235//3
f 10806//4 11231//4 11236//4 10817//4
f 10831//1 11238//1 11239//1 10832//1
f 10834//2 10833//2 11240//2 11241//2
f 10832//4 11239//4 11240//4 10833//4
f 10835//1 11242//1 11243//1 10836//1
f 10838//2 10837//2 11244//2 11245//2
f 10835//3 10838//3 11245//3 11242//3
f 10836//4 11243//4 11244//4 10837//4
f 10845//1 11246//1 11247//1 10846//1
f 10845//3 10847//3 11248//3 11246//3
f 10846//4 11247//4 11238//4 10831//4
f 10849//1 11250//1 11245//1 10838//1
f 10851//2 10850//2 11251//2 11252//2
f 10838//4 11245//4 11251//4 10850//4
f 10870//2 10869//2 11256//2 11257//2
f 10871//3 10870//3 11257//3 11258//3
f 10851//4 11252//4 11256//4 10869//4
f 11216//1 11598//1 11599//1 11217//1
f 11219//2 11218//2 11600//2 11601//2
f 11216//3 11219//3 11601//3 11598//3
f 11217//4 11599//4 11600//4 11218//4
f 11220//1 11602//1 11603//1 11221//1
f 11222//2 11216//2 11598//2 11604//2
f 11220//3 11222//3 11604//3 11602//3
f 11221//4 11603//4 11598//4 11216//4
f 11223//1 11605//1 11601//1 11219//1
f 11225//2 11224//2 11606//2 11607//2
f 11223//3 11225//3 11607//3 11605//3
f 11219//4 11601//4 11606//4 11224//4
f 11226//1 11608//1 11609//1 11227//1
f 11228//2 11220//2 11602//2 11610//2
f 11226//3 11228//3 11610//3 11608//3
f 11227//4 11609//4 11602//4 11220//4
f 11229//1 11611//1 11607//1 11225//1
f 11231//2 11230//2 11612//2 11613//2
f 11229//3 11231//3 11613//3 11611//3
f 11225//4 11607//4 11612//4 11230//4
f 11232//1 11614//1 11615//1 11233//1
f 11234//2 11226//2 11608//2 11616//2
f 11232//3 11234//3 11616//3 11614//3
f 11233//4 11615//4 11608//4 11226//4
f 11235//1 11617//1 11613//1 11231//1
f 11237//2 11236//2 11618//2 11619//2
f 11235//3 11237//3 11619//3 11617//3
f 11231//4 11613//4 11618//4 11236//4
f 11238//1 11620//1 11621//1 11239//1
f 11241//2 11240//2 11622//2 11623//2
f 11239//4 11621//4 11622//4 11240//4
f 11242//1 11624//1 11625//1 11243//1
f 11245//2 11244//2 11626//2 11627//2
f 11242//3 11245//3 11627//3 11624//3
f 11243//4 11625//4 11626//4 11244//4
f 11246//1 11628//1 11629//1 11247//1
f 11246//3 11248//3 11630//3 11628//3
f 11247//4 11629//4 11620//4 11238//4
f 11250//1 11632//1 11627//1 11245//1
f 11252//2 11251//2 11633//2 11634//2
f 11245//4 11627//4 11633//4 11251//4
f 11257//2 11256//2 11638//2 11639//2
f 11258//3 11257//3 11639//3 11640//3
f 11252//4 11634//4 11638//4 11256//4
f 11598//1 11989//1 11990//1 11599//1
f 11601//2 11600//2 11991//2 11992//2
f 11598//3 11601//3 11992//3 11989//3
f 11599//4 11990//4 11991//4 11600//4
f 11602//1 11993//1 11994//1 11603//1
f 11604//2 11598//2 11989//2 11995//2
f 11602//3 11604//3 11995//3 11993//3
f 11603//4 11994//4 11989//4 11598//4
f 11605//1 11996//1 11992//1 11601//1
f 11607//2 11606//2 11997//2 11998//2
f 11605//3 11607//3 11998//3 11996//3
f 11601//4 11992//4 11997//4 11606//4
f 11608//1 11999//1 12000//1 11609//1
f 11610//2 11602//2 11993//2 12001//2
f 11608//3 11610//3 12001//3 11999//3
f 11609//4 12000//4 11993//4 11602//4
f 11611//1 12002//1 11998//1 11607//1
f 11613//2 11612//2 12003//2 12004//2
f 11611//3 11613//3 12004//3 12002//3
f 11607//4 11998//4 12003//4 11612//4
f 11614//1 12005//1 12006//1 11615//1
f 11616//2 11608//2 11999//2 12007//2
f 11614//3 11616//3 12007//3 12005//3
f 11615//4 12006//4 11999//4 11608//4
f 11617//1 12008//1 12004//1 11613//1
f 11619//2 11618//2 12009//2 12010//2
f 11617//3 11619//3 12010//3 12008//3
f 11613//4 12004//4 12009//4 11618//4
f 11620//1 12011//1 12012//1 11621//1
f 11623//2 11622//2 12013//2 12014//2
f 11621//4 12012//4 12013//4 11622//4
f 11624//1 12015//1 12016//1 11625//1
f 11627//2 11626//2 12017//2 12018//2
f 11624//3 11627//3 12018//3 12015//3
f 11625//4 12016//4 12017//4 11626//4
f 11628//1 12019//1 12020//1 11629//1
f 11628//3 11630//3 12021//3 12019//3
f 11629//4 12020//4 12011//4 11620//4
f 11632//1 12023//1 12018//1 11627//1
f 11634//2 11633//2 12024//2 12025//2
f 11627//4 12018//4 12024//4 11633//4
f 11639//2 11638//2 12029//2 12030//2
f 11640//3 11639//3 12030//3 12031//3
f 11634//4 12025//4 12029//4 11638//4
f 11989//1 12363//1 12364//1 11990//1
f 11992//2 11991//2 12365//2 12366//2
f 11990//4 12364//4 12365//4 11991//4
f 11993//1 12367//1 12368//1 11994//1
f 11994//4 12368//4 12363//4 11989//4
f 11998//2 11997//2 12371//2 12372//2
f 11992//4 12366//4 12371//4 11997//4
f 11999//1 12373//1 12374//1 12000//1
f 12000//4 12374//4 12367//4 11993//4
f 12004//2 12003//2 12381//2 12382//2
f 11998//4 12372//4 12381//4 12003//4
f 12005//1 12383//1 12384//1 12006//1
f 12006//4 12384//4 12373//4 11999//4
f 12010//2 12009//2 12395//2 12396//2
f 12004//4 12382//4 12395//4 12009//4
f 12011//1 12411//1 12412//1 12012//1
f 12012//4 12412//4 12397//4 12013//4
f 12018//2 12017//2 12427//2 12428//2
f 12016//4 12410//4 12427//4 12017//4
f 12019//1 12429//1 12430//1 12020//1
f 12019//3 12021//3 12431//3 12429//3
f 12020//4 12430//4 12411//4 12011//4
f 12025//2 12024//2 12448//2 12449//2
f 12018//4 12428//4 12448//4 12024//4
f 12030//2 12029//2 12468//2 12469//2
f 12031//3 12030//3 12469//3 12467//3
f 12025//4 12449//4 12468//4 12029//4
f 12363//1 12847//1 12848//1 12364//1
f 12366//2 12365//2 12849//2 12850//2
f 12363//3 12366//3 12850//3 12847//3
f 12364//4 12848//4 12849//4 12365//4
f 12847//6 12850//6 12849//6 12848//6
f 12367//1 12851//1 12852//1 12368//1
f 12369//2 12363//2 12847//2 12853//2
f 12367//3 12369//3 12853//3 12851//3
f 12368//4 12852//4 12847//4 12363//4
f 12851//6 12853//6 12847//6 12852//6
f 12370//1 12854//1 12850//1 12366//1
f 12372//2 12371//2 12855//2 12856//2
f 12370//3 12372//3 12856//3 12854//3
f 12366//4 12850//4 12855//4 12371//4
f 12854//6 12856//6 12855//6 12850//6
f 12373//1 12857//1 12858//1 12374//1
f 12376//2 12367//2 12851//2 12859//2
f 12373//3 12376//3 12859//3 12857//3
f 12374//4 12858//4 12851//4 12367//4
f 12857//6 12859//6 12851//6 12858//6
f 12380//1 12860//1 12856//1 12372//1
f 12382//2 12381//2 12861//2 12862//2
f 12380//3 12382//3 12862//3 12860//3
f 12372//4 12856//4 12861//4 12381//4
f 12860//6 12862//6 12861//6 12856//6
f 12383//1 12863//1 12864//1 12384//1
f 12386//2 12373//2 12857//2 12865//2
f 12383//3 12386//3 12865//3 12863//3
f 12384//4 12864//4 12857//4 12373//4
f 12863//6 12865//6 12857//6 12864//6
f 12394//1 12866//1 12862//1 12382//1
f 12396//2 12395//2 12867//2 12868//2
f 12394//3 12396//3 12868//3 12866//3
f 12382//4 12862//4 12867//4 12395//4
f 12866//6 12868//6 12867//6 12862//6
f 12411//1 12869//1 12870//1 12412//1
f 12414//2 12397//2 12871//2 12872//2
f 12411//3 12414//3 12872//3 12869//3
f 12412//4 12870//4 12871//4 12397//4
f 12869//6 12872//6 12871//6 12870//6
f 12426//1 12873//1 12874//1 12410//1
f 12428//2 12427//2 12875//2 12876//2
f 12426//3 12428//3 12876//3 12873//3
f 12410//4 12874//4 12875//4 12427//4
f 12873//6 12876//6 12875//6 12874//6
f 12429//1 12877//1 12878//1 12430//1
f 12431//2 12411//2 12869//2 12879//2
f 12429//3 12431//3 12879//3 12877//3
f 12430//4 12878//4 12869//4 12411//4
f 12877//6 12879//6 12869//6 12878//6
f 12447//1 12880//1 12876//1 12428//1
f 12449//2 12448//2 12881//2 12882//2
f 12447//3 12449//3 12882//3 12880//3
f 12428//4 12876//4 12881//4 12448//4
f 12880//6 12882//6 12881//6 12876//6
f 12467//1 12883//1 12882//1 12449//1
f 12469//2 12468//2 12884//2 12885//2
f 12467//3 12469//3 12885//3 12883//3
f 12449//4 12882//4 12884//4 12468//4
f 12883//6 12885//6 12884//6 12882//6
f 13184//1 13185//1 13186//1 13187//1
f 13188//2 13189//2 13190//2 13191//2
f 13184//3 13188//3 13191//3 13185//3
f 13187//4 13186//4 13190//4 13189//4
f 13184//5 13187//5 13189//5 13188//5
f 13192//1 13193//1 13194//1 13195//1
f 13196//2 13184//2 13185//2 13197//2
f 13192//3 13196//3 13197//3 13193//3
f 13195//4 13194//4 13185//4 13184//4
f 13192//5 13195//5 13184//5 13196//5
f 13198//1 13199//1 13191//1 13188//1
f 13200//2 12877//2 13201//2 13202//2
f 13198//3 13200//3 13202//3 13199//3
f 13188//4 13191//4 13201//4 12877//4
f 13198//5 13188//5 12877//5 13200//5
f 13203//1 13204//1 13205//1 13206//1
f 13207//2 13192//2 13193//2 13208//2
f 13203//3 13207//3 13208//3 13204//3
f 13206//4 13205//4 13193//4 13192//4
f 13203//5 13206//5 13192//5 13207//5
f 13209//1 13210//1 13202//1 13200//1
f 13211//2 13212//2 13213//2 13214//2
f 13209//3 13211//3 13214//3 13210//3
f 13200//4 13202//4 13213//4 13212//4
f 13209//5 13200//5 13212//5 13211//5
f 13215//1 13216//1 13217//1 13218//1
f 13219//2 13220//2 13221//2 13222//2
f 13215//3 13219//3 13222//3 13216//3
f 13218//4 13217//4 13221//4 13220//4
f 13215//5 13218//5 13220//5 13219//5
f 13223//1 13224//1 13225//1 13226//1
f 13227//2 13228//2 13229//2 13230//2
f 13223//3 13227//3 13230//3 13224//3
f 13226//4 13225//4 13229//4 13228//4
f 13223//5 13226//5 13228//5 13227//5
f 13231//1 13232//1 13233//1 13234//1
f 13235//2 13215//2 13216//2 13236//2
f 13231//3 13235//3 13236//3 13232//3
f 13234//4 13233//4 13216//4 13215//4
f 13231//5 13234//5 13215//5 13235//5
f 13237//1 13238//1 13230//1 13227//1
f 13239//2 13240//2 13241//2 13242//2
f 13237//3 13239//3 13242//3 13238//3
f 13227//4 13230//4 13241//4 13240//4
f 13237//5 13227//5 13240//5 13239//5
f 13243//1 13244//1 13242//1 13239//1
f 13245//2 13246//2 13247//2 13248//2
f 13243//3 13245//3 13248//3 13244//3
f 13239//4 13242//4 13247//4 13246//4
f 13243//5 13239//5 13246//5 13245//5
f 13185//1 13527//1 13528//1 13186//1
f 13191//2 13190//2 13529//2 13530//2
f 13186//4 13528//4 13529//4 13190//4
f 13193//1 13531//1 13532//1 13194//1
f 13194//4 13532//4 13527//4 13185//4
f 13202//2 13201//2 13535//2 13536//2
f 13191//4 13530//4 13535//4 13201//4
f 13204//1 13537//1 13538//1 13205//1
f 13205//4 13538//4 13531//4 13193//4
f 13214//2 13213//2 13545//2 13546//2
f 13202//4 13536//4 13545//4 13213//4
f 13216//1 13557//1 13558//1 13217//1
f 13217//4 13558//4 13547//4 13221//4
f 13230//2 13229//2 13569//2 13570//2
f 13225//4 13556//4 13569//4 13229//4
f 13232//1 13571//1 13572//1 13233//1
f 13232//3 13236//3 13573//3 13571//3
f 13233//4 13572//4 13557//4 13216//4
f 13242//2 13241//2 13587//2 13588//2
f 13230//4 13570//4 13587//4 13241//4
f 13248//2 13247//2 13605//2 13606//2
f 13244//3 13248//3 13606//3 13607//3
f 13242//4 13588//4 13605//4 13247//4
f 13527//1 13912//1 13913//1 13528//1
f 13530//2 13529//2 13914//2 13915//2
f 13527//3 13530//3 13915//3 13912//3
f 13528//4 13913//4 13914//4 13529//4
f 13531//1 13916//1 13917//1 13532//1
f 13533//2 13527//2 13912//2 13918//2
f 13531//3 13533//3 13918//3 13916//3
f 13532//4 13917//4 13912//4 13527//4
f 13534//1 13919//1 13915//1 13530//1
f 13536//2 13535//2 13920//2 13921//2
f 13534//3 13536//3 13921//3 13919//3
f 13530//4 13915//4 13920//4 13535//4
f 13537//1 13922//1 13923//1 13538//1
f 13540//2 13531//2 13916//2 13924//2
f 13537//3 13540//3 13924//3 13922//3
f 13538//4 13923//4 13916//4 13531//4
f 13544//1 13925//1 13921//1 13536//1
f 13546//2 13545//2 13926//2 13927//2
f 13544//3 13546//3 13927//3 13925//3
f 13536//4 13921//4 13926//4 13545//4
f 13557//1 13928//1 13929//1 13558//1
f 13560//2 13547//2 13930//2 13931//2
f 13558//4 13929//4 13930//4 13547//4
f 13568//1 13932//1 13933//1 13556//1
f 13570//2 13569//2 13934//2 13935//2
f 13568//3 13570//3 13935//3 13932//3
f 13556//4 13933//4 13934//4 13569//4
f 13571//1 13936//1 13937//1 13572//1
f 13571//3 13573//3 13938//3 13936//3
f 13572//4 13937//4 13928//4 13557//4
f 13586//1 13940//1 13935//1 13570//1
f 13588//2 13587//2 13941//2 13942//2
f 13570//4 13935//4 13941//4 13587//4
f 13606//2 13605//2 13946//2 13947//2
f 13607//3 13606//3 13947//3 13948//3
f 13588//4 13942//4 13946//4 13605//4
f 13912//1 14275//1 14276//1 13913//1
f 13915//2 13914//2 14277//2 14278//2
f 13912//3 13915//3 14278//3 14275//3
f 13913//4 14276//4 14277//4 13914//4
f 13916//1 14279//1 14280//1 13917//1
f 13918//2 13912//2 14275//2 14281//2
f 13916//3 13918//3 14281//3 14279//3
f 13917//4 14280//4 14275//4 13912//4
f 13919//1 14282//1 14278//1 13915//1
f 13921//2 13920//2 14283//2 14284//2
f 13919//3 13921//3 14284//3 14282//3
f 13915//4 14278//4 14283//4 13920//4
f 13922//1 14285//1 14286//1 13923//1
f 13924//2 13916//2 14279//2 14287//2
f 13922//3 13924//3 14287//3 14285//3
f 13923//4 14286//4 14279//4 13916//4
f 13925//1 14288//1 14284//1 13921//1
f 13927//2 13926//2 14289//2 14290//2
f 13925//3 13927//3 14290//3 14288//3
f 13921//4 14284//4 14289//4 13926//4
f 13928//1 14291//1 14292//1 13929//1
f 13931//2 13930//2 14293//2 14294//2
f 13929//4 14292//4 14293//4 13930//4
f 13932//1 14295//1 14296//1 13933//1
f 13935//2 13934//2 14297//2 14298//2
f 13932//3 13935//3 14298//3 14295//3
f 13933//4 14296//4 14297//4 13934//4
f 13936//1 14299//1 14300//1 13937//1
f 13936//3 13938//3 14301//3 14299//3
f 13937//4 14300//4 14291//4 13928//4
f 13940//1 14303//1 14298//1 13935//1
f 13942//2 13941//2 14304//2 14305//2
f 13935//4 14298//4 14304//4 13941//4
f 13947//2 13946//2 14309//2 14310//2
f 13948//3 13947//3 14310//3 14311//3
f 13942//4 14305//4 14309//4 13946//4
f 14275//1 14607//1 14608//1 14276//1
f 14278//2 14277//2 14609//2 14610//2
f 14275//3 14278//3 14610//3 14607//3
f 14276//4 14608//4 14609//4 14277//4
f 14279//1 14611//1 14612//1 14280//1
f 14281//2 14275//2 14607//2 14613//2
f 14279//3 14281//3 14613//3 14611//3
f 14280//4 14612//4 14607//4 14275//4
f 14282//1 14614//1 14610//1 14278//1
f 14284//2 14283//2 14615//2 14616//2
f 14282//3 14284//3 14616//3 14614//3
f 14278//4 14610//4 14615//4 14283//4
f 14285//1 14617//1 14618//1 14286//1
f 14287//2 14279//2 14611//2 14619//2
f 14285//3 14287//3 14619//3 14617//3
f 14286//4 14618//4 14611//4 14279//4
f 14288//1 14620//1 14616//1 14284//1
f 14290//2 14289//2 14621//2 14622//2
f 14288//3 14290//3 14622//3 14620//3
f 14284//4 14616//4 14621//4 14289//4
f 14291//1 14623//1 14624//1 14292//1
f 14294//2 14293//2 14625//2 14626//2
f 14292//4 14624//4 14625//4 14293//4
f 14295//1 14627//1 14628//1 14296//1
f 14298//2 14297//2 14629//2 14630//2
f 14295//3 14298//3 14630//3 14627//3
f 14296//4 14628//4 14629//4 14297//4
f 14299//1 14639//1 14640//1 14300//1
f 14299//3 14301//3 14641//3 14639//3
f 14300//4 14640//4 14623//4 14291//4
f 14303//1 14643//1 14630//1 14298//1
f 14305//2 14304//2 14644//2 14645//2
f 14298//4 14630//4 14644//4 14304//4
f 14310//2 14309//2 14657//2 14658//2
f 14311//3 14310//3 14658//3 14659//3
f 14305//4 14645//4 14657//4 14309//4
f 14607//1 14950//1 14951//1 14608//1
f 14610//2 14609//2 14952//2 14953//2
f 14607//3 14610//3 14953//3 14950//3
f 14608//4 14951//4 14952//4 14609//4
f 14611//1 14954//1 14955//1 14612//1
f 14613//2 14607//2 14950//2 14956//2
f 14611//3 14613//3 14956//3 14954//3
f 14612//4 14955//4 14950//4 14607//4
f 14614//1 14957//1 14953//1 14610//1
f 14616//2 14615//2 14958//2 14959//2
f 14614//3 14616//3 14959//3 14957//3
f 14610//4 14953//4 14958//4 14615//4
f 14617//1 14960//1 14961//1 14618//1
f 14619//2 14611//2 14954//2 14962//2
f 14617//3 14619//3 14962//3 14960//3
f 14618//4 14961//4 14954//4 14611//4
f 14620//1 14963//1 14959//1 14616//1
f 14622//2 14621//2 14964//2 14965//2
f 14620//3 14622//3 14965//3 14963//3
f 14616//4 14959//4 14964//4 14621//4
f 14623//1 14982//1 14983//1 14624//1
f 14626//2 14625//2 14984//2 14985//2
f 14624//4 14983//4 14984//4 14625//4
f 14627//1 14986//1 14987//1 14628//1
f 14630//2 14629//2 14988//2 14989//2
f 14627//3 14630//3 14989//3 14986//3
f 14628//4 14987//4 14988//4 14629//4
f 14639//1 14992//1 14993//1 14640//1
f 14639//3 14641//3 14994//3 14992//3
f 14640//4 14993//4 14982//4 14623//4
f 14643//1 14996//1 14989//1 14630//1
f 14645//2 14644//2 14997//2 14998//2
f 14630//4 14989//4 14997//4 14644//4
f 14658//2 14657//2 15008//2 15009//2
f 14659//3 14658//3 15009//3 15010//3
f 14645//4 14998//4 15008//4 14657//4
f 14950//1 15335//1 15336//1 14951//1
f 14953//2 14952//2 15337//2 15338//2
f 14950//3 14953//3 15338//3 15335//3
f 14951//4 15336//4 15337//4 14952//4
f 14954//1 15343//1 15344//1 14955//1
f 14956//2 14950//2 15335//2 15345//2
f 14954//3 14956//3 15345//3 15343//3
f 14955//4 15344//4 15335//4 14950//4
f 14957//1 15346//1 15338//1 14953//1
f 14959//2 14958//2 15347//2 15348//2
f 14957//3 14959//3 15348//3 15346//3
f 14953//4 15338//4 15347//4 14958//4
f 14960//1 15351//1 15352//1 14961//1
f 14962//2 14954//2 15343//2 15353//2
f 14960//3 14962//3 15353//3 15351//3
f 14961//4 15352//4 15343//4 14954//4
f 14963//1 15354//1 15348//1 14959//1
f 14965//2 14964//2 15355//2 15356//2
f 14963//3 14965//3 15356//3 15354//3
f 14959//4 15348//4 15355//4 14964//4
f 14982//1 15367//1 15368//1 14983//1
f 14985//2 14984//2 15369//2 15370//2
f 14983//4 15368//4 15369//4 14984//4
f 14986//1 15371//1 15372//1 14987//1
f 14989//2 14988//2 15373//2 15374//2
f 14986//3 14989//3 15374//3 15371//3
f 14987//4 15372//4 15373//4 14988//4
f 14992//1 15383//1 15384//1 14993//1
f 14992//3 14994//3 15385//3 15383//3
f 14993//4 15384//4 15367//4 14982//4
f 14996//1 15387//1 15374//1 14989//1
f 14998//2 14997//2 15388//2 15389//2
f 14989//4 15374//4 15388//4 14997//4
f 15009//2 15008//2 15395//2 15396//2
f 15010//3 15009//3 15396//3 15397//3
f 14998//4 15389//4 15395//4 15008//4
f 15335//1 15719//1 15720//1 15336//1
f 15338//2 15337//2 15721//2 15722//2
f 15335//3 15338//3 15722//3 15719//3
f 15336//4 15720//4 15721//4 15337//4
f 15343//1 15723//1 15724//1 15344//1
f 15345//2 15335//2 15719//2 15725//2
f 15343//3 15345//3 15725//3 15723//3
f 15344//4 15724//4 15719//4 15335//4
f 15346//1 15726//1 15722//1 15338//1
f 15348//2 15347//2 15727//2 15728//2
f 15346//3 15348//3 15728//3 15726//3
f 15338//4 15722//4 15727//4 15347//4
f 15351//1 15729//1 15730//1 15352//1
f 15353//2 15343//2 15723//2 15731//2
f 15351//3 15353//3 15731//3 15729//3
f 15352//4 15730//4 15723//4 15343//4
f 15354//1 15732//1 15728//1 15348//1
f 15356//2 15355//2 15733//2 15734//2
f 15354//3 15356//3 15734//3 15732//3
f 15348//4 15728//4 15733//4 15355//4
f 15367//1 15745//1 15746//1 15368//1
f 15370//2 15369//2 15747//2 15748//2
f 15368//4 15746//4 15747//4 15369//4
f 15371//1 15749//1 15750//1 15372//1
f 15374//2 15373//2 15751//2 15752//2
f 15371//3 15374//3 15752//3 15749//3
f 15372//4 15750//4 15751//4 15373//4
f 15383//1 15757//1 15758//1 15384//1
f 15383//3 15385//3 15759//3 15757//3
f 15384//4 15758//4 15745//4 15367//4
f 15387//1 15761//1 15752//1 15374//1
f 15389//2 15388//2 15762//2 15763//2
f 15374//4 15752//4 15762//4 15388//4
f 15396//2 15395//2 15773//2 15774//2
f 15397//3 15396//3 15774//3 15775//3
f 15389//4 15763//4 15773//4 15395//4
f 15719//1 16124//1 16125//1 15720//1
f 15722//2 15721//2 16126//2 16127//2
f 15719//3 15722//3 16127//3 16124//3
f 15720//4 16125//4 16126//4 15721//4
f 15723//1 16128//1 16129//1 15724//1
f 15725//2 15719//2 16124//2 16130//2
f 15723//3 15725//3 16130//3 16128//3
f 15724//4 16129//4 16124//4 15719//4
f 15726//1 16131//1 16127//1 15722//1
f 15728//2 15727//2 16132//2 16133//2
f 15726//3 15728//3 16133//3 16131//3
f 15722//4 16127//4 16132//4 15727//4
f 15729//1 16134//1 16135//1 15730//1
f 15731//2 15723//2 16128//2 16136//2
f 15729//3 15731//3 16136//3 16134//3
f 15730//4 16135//4 16128//4 15723//4
f 15732//1 16137//1 16133//1 15728//1
f 15734//2 15733//2 16138//2 16139//2
f 15732//3 15734//3 16139//3 16137//3
f 15728//4 16133//4 16138//4 15733//4
f 15745//1 16140//1 16141//1 15746//1
f 15748//2 15747//2 16142//2 16143//2
f 15746//4 16141//4 16142//4 15747//4
f 15749//1 16144//1 16145//1 15750//1
f 15752//2 15751//2 16146//2 16147//2
f 15749//3 15752//3 16147//3 16144//3
f 15750//4 16145//4 16146//4 15751//4
f 15757//1 16152//1 16153//1 15758//1
f 15757//3 15759//3 16154//3 16152//3
f 15758//4 16153//4 16140//4 15745//4
f 15761//1 16156//1 16147//1 15752//1
f 15763//2 15762//2 16157//2 16158//2
f 15752//4 16147//4 16157//4 15762//4
f 15774//2 15773//2 16168//2 16169//2
f 15775//3 15774//3 16169//3 16170//3
f 15763//4 16158//4 16168//4 15773//4
f 16124//1 16467//1 16468//1 16125//1
f 16127//2 16126//2 16469//2 16470//2
f 16125//4 16468//4 16469//4 16126//4
f 16128//1 16471//1 16472//1 16129//1
f 16129//4 16472//4 16467//4 16124//4
f 16133//2 16132//2 16475//2 16476//2
f 16127//4 16470//4 16475//4 16132//4
f 16134//1 16477//1 16478//1 16135//1
f 16135//4 16478//4 16471//4 16128//4
f 16139//2 16138//2 16485//2 16486//2
f 16133//4 16476//4 16485//4 16138//4
f 16140//1 16497//1 16498//1 16141//1
f 16141//4 16498//4 16487//4 16142//4
f 16147//2 16146//2 16509//2 16510//2
f 16145//4 16496//4 16509//4 16146//4
f 16152//1 16511//1 16512//1 16153//1
f 16152//3 16154//3 16513//3 16511//3
f 16153//4 16512//4 16497//4 16140//4
f 16158//2 16157//2 16526//2 16527//2
f 16147//4 16510//4 16526//4 16157//4
f 16169//2 16168//2 16538//2 16539//2
f 16170//3 16169//3 16539//3 16537//3
f 16158//4 16527//4 16538//4 16168//4
f 16467//1 16839//1 16840//1 16468//1
f 16470//2 16469//2 16841//2 16842//2
f 16467//3 16470//3 16842//3 16839//3
f 16468//4 16840//4 16841//4 16469//4
f 16839//6 16842//6 16841//6 16840//6
f 16471//1 16843//1 16844//1 16472//1
f 16473//2 16467//2 16839//2 16845//2
f 16471//3 16473//3 16845//3 16843//3
f 16472//4 16844//4 16839//4 16467//4
f 16843//6 16845//6 16839//6 16844//6
f 16474//1 16846//1 16842//1 16470//1
f 16476//2 16475//2 16847//2 16848//2
f 16474//3 16476//3 16848//3 16846//3
f 16470//4 16842//4 16847//4 16475//4
f 16846//6 16848//6 16847//6 16842//6
f 16477//1 16849//1 16850//1 16478//1
f 16480//2 16471//2 16843//2 16851//2
f 16477//3 16480//3 16851//3 16849//3
f 16478//4 16850//4 16843//4 16471//4
f 16849//6 16851//6 16843//6 16850//6
f 16484//1 16852//1 16848//1 16476//1
f 16486//2 16485//2 16853//2 16854//2
f 16484//3 16486//3 16854//3 16852//3
f 16476//4 16848//4 16853//4 16485//4
f 16852//6 16854//6 16853//6 16848//6
f 16497//1 16855//1 16856//1 16498//1
f 16500//2 16487//2 16857//2 16858//2
f 16497//3 16500//3 16858//3 16855//3
f 16498//4 16856//4 16857//4 16487//4
f 16855//6 16858//6 16857//6 16856//6
f 16508//1 16859//1 16860//1 16496//1
f 16510//2 16509//2 16861//2 16862//2
f 16508//3 16510//3 16862//3 16859//3
f 16496//4 16860//4 16861//4 16509//4
f 16859//6 16862//6 16861//6 16860//6
f 16511//1 16863//1 16864//1 16512//1
f 16513//2 16497//2 16855//2 16865//2
f 16511//3 16513//3 16865//3 16863//3
f 16512//4 16864//4 16855//4 16497//4
f 16863//6 16865//6 16855//6 16864//6
f 16525//1 16866//1 16862//1 16510//1
f 16527//2 16526//2 16867//2 16868//2
f 16525//3 16527//3 16868//3 16866//3
f 16510//4 16862//4 16867//4 16526//4
f 16866//6 16868//6 16867//6 16862//6
f 16537//1 16869//1 16868//1 16527//1
f 16539//2 16538//2 16870//2 16871//2
f 16537//3 16539//3 16871//3 16869//3
f 16527//4 16868//4 16870//4 16538//4
f 16869//6 16871//6 16870//6 16868//6
g glyph_111
f 6207//1 6208//1 6209//1 6210//1
f 6211//2 6212//2 6213//2 6214//2
f 6210//4 6209//4 6213//4 6212//4
f 6207//5 6210//5 6212//5 6211//5
f 6208//6 6214//6 6213//6 6209//6
f 6221//2 6211//2 6214//2 6222//2
f 6219//5 6207//5 6211//5 6221//5
f 6220//6 6222//6 6214//6 6208//6
f 6223//1 6224//1 6225//1 6226//1
f 6227//2 6228//2 6229//2 6230//2
f 6226//4 6225//4 6229//4 6228//4
f 6223//5 6226//5 6228//5 6227//5
f 6224//6 6230//6 6229//6 6225//6
f 6235//5 6215//5 6219//5 6237//5
f 6236//6 6238//6 6220//6 6216//6
f 6237//5 6219//5 6221//5 6239//5
f 6238//6 6240//6 6222//6 6220//6
f 6241//2 6242//2 6243//2 6244//2
f 6221//4 6222//4 6243//4 6242//4
f 6239//5 6221//5 6242//5 6241//5
f 6240//6 6244//6 6243//6 6222//6
f 6245//1 6246//1 6247//1 6248//1
f 6248//4 6247//4 6249//4 6250//4
f 6245//5 6248//5 6250//5 6251//5
f 6246//6 6252//6 6249//6 6247//6
f 6250//4 6249//4 6224//4 6223//4
f 6251//5 6250//5 6223//5 6253//5
f 6252//6 6254//6 6224//6 6249//6
f 6255//2 6227//2 6230//2 6256//2
f 6253//5 6223//5 6227//5 6255//5
f 6254//6 6256//6 6230//6 6224//6
f 6257//1 6258//1 6232//1 6231//1
f 6257//5 6231//5 6235//5 6259//5
f 6258//6 6260//6 6236//6 6232//6
f 6259//5 6235//5 6237//5 6261//5
f 6260//6 6262//6 6238//6 6236//6
f 6261//5 6237//5 6239//5 6263//5
f 6262//6 6264//6 6240//6 6238//6
f 6265//2 6241//2 6244//2 6266//2
f 6263//5 6239//5 6241//5 6265//5
f 6264//6 6266//6 6244//6 6240//6
f 6267//1 6268//1 6269//1 6270//1
f 6267//3 6271//3 6272//3 6268//3
f 6270//4 6269//4 6273//4 6274//4
f 6267//5 6270//5 6274//5 6271//5
f 6268//6 6272//6 6273//6 6269//6
f 6274//4 6273//4 6246//4 6245//4
f 6271//5 6274//5 6245//5 6275//5
f 6272//6 6276//6 6246//6 6273//6
f 6275//5 6245//5 6251//5 6277//5
f 6276//6 6278//6 6252//6 6246//6
f 6277//5 6251//5 6253//5 6279//5
f 6278//6 6280//6 6254//6 6252//6
f 6279//5 6253//5 6255//5 6281//5
f 6280//6 6282//6 6256//6 6254//6
f 6283//2 6284//2 6285//2 6286//2
f 6255//4 6256//4 6285//4 6284//4
f 6281//5 6255//5 6284//5 6283//5
f 6282//6 6286//6 6285//6 6256//6
f 6291//5 6257//5 6259//5 6293//5
f 6292//6 6294//6 6260//6 6258//6
f 6293//5 6259//5 6261//5 6295//5
f 6294//6 6296//6 6262//6 6260//6
f 6295//5 6261//5 6263//5 6297//5
f 6296//6 6298//6 6264//6 6262//6
f 6297//3 6299//3 6300//3 6298//3
f 6297//5 6263//5 6265//5 6299//5
f 6298//6 6300//6 6266//6 6264//6
f 6301//2 6302//2 6303//2 6304//2
f 6299//3 6301//3 6304//3 6300//3
f 6265//4 6266//4 6303//4 6302//4
f 6299//5 6265//5 6302//5 6301//5
f 6300//6 6304//6 6303//6 6266//6
f 6307//5 6275//5 6277//5 6309//5
f 6308//6 6310//6 6278//6 6276//6
f 6309//5 6277//5 6279//5 6311//5
f 6310//6 6312//6 6280//6 6278//6
f 6311//5 6279//5 6281//5 6313//5
f 6312//6 6314//6 6282//6 6280//6
f 6313//5 6281//5 6283//5 6315//5
f 6314//6 6316//6 6286//6 6282//6
f 6317//2 6318//2 6319//2 6320//2
f 6283//4 6286//4 6319//4 6318//4
f 6315//5 6283//5 6318//5 6317//5
f 6316//6 6320//6 6319//6 6286//6
f 6325//5 6287//5 6291//5 6327//5
f 6326//6 6328//6 6292//6 6288//6
f 6327//5 6291//5 6293//5 6329//5
f 6328//6 6330//6 6294//6 6292//6
f 6329//5 6293//5 6295//5 6331//5
f 6330//6 6332//6 6296//6 6294//6
f 6333//2 6297//2 6298//2 6334//2
f 6331//3 6333//3 6334//3 6332//3
f 6331//5 6295//5 6297//5 6333//5
f 6332//6 6334//6 6298//6 6296//6
f 6337//3 6339//3 6340//3 6338//3
f 6337//5 6309//5 6311//5 6339//5
f 6338//6 6340//6 6312//6 6310//6
f 6339//5 6311//5 6313//5 6341//5
f 6340//6 6342//6 6314//6 6312//6
f 6341//5 6313//5 6315//5 6343//5
f 6342//6 6344//6 6316//6 6314//6
f 6343//5 6315//5 6317//5 6345//5
f 6344//6 6346//6 6320//6 6316//6
f 6347//2 6348//2 6349//2 6350//2
f 6317//4 6320//4 6349//4 6348//4
f 6345//5 6317//5 6348//5 6347//5
f 6346//6 6350//6 6349//6 6320//6
f 6351//1 6352//1 6322//1 6321//1
f 6351//5 6321//5 6325//5 6353//5
f 6352//6 6354//6 6326//6 6322//6
f 6353//5 6325//5 6327//5 6355//5
f 6354//6 6356//6 6328//6 6326//6
f 6355//5 6327//5 6329//5 6357//5
f 6356//6 6358//6 6330//6 6328//6
f 6359//2 6331//2 6332//2 6360//2
f 6357//3 6359//3 6360//3 6358//3
f 6357//5 6329//5 6331//5 6359//5
f 6358//6 6360//6 6332//6 6330//6
f 6363//5 6341//5 6343//5 6365//5
f 6364//6 6366//6 6344//6 6342//6
f 6365//5 6343//5 6345//5 6367//5
f 6366//6 6368//6 6346//6 6344//6
f 6367//5 6345//5 6347//5 6369//5
f 6368//6 6370//6 6350//6 6346//6
f 6371//2 6372//2 6373//2 6374//2
f 6347//4 6350//4 6373//4 6372//4
f 6369//5 6347//5 6372//5 6371//5
f 6370//6 6374//6 6373//6 6350//6
f 6379//5 6351//5 6353//5 6381//5
f 6380//6 6382//6 6354//6 6352//6
f 6381//5 6353//5 6355//5 6383//5
f 6382//6 6384//6 6356//6 6354//6
f 6385//2 6357//2 6358//2 6386//2
f 6383//3 6385//3 6386//3 6384//3
f 6383//5 6355//5 6357//5 6385//5
f 6384//6 6386//6 6358//6 6356//6
f 6389//3 6391//3 6392//3 6390//3
f 6389//5 6365//5 6367//5 6391//5
f 6390//6 6392//6 6368//6 6366//6
f 6391//5 6367//5 6369//5 6393//5
f 6392//6 6394//6 6370//6 6368//6
f 6395//2 6371//2 6374//2 6396//2
f 6393//5 6369//5 6371//5 6395//5
f 6394//6 6396//6 6374//6 6370//6
f 5799//5 6375//5 6379//5 6400//5
f 6399//6 6401//6 6380//6 6376//6
f 6400//3 6402//3 6403//3 6401//3
f 6400//5 6379//5 6381//5 6402//5
f 6401//6 6403//6 6382//6 6380//6
f 6404//2 6383//2 6384//2 6405//2
f 6402//3 6404//3 6405//3 6403//3
f 6402//5 6381//5 6383//5 6404//5
f 6403//6 6405//6 6384//6 6382//6
f 6408//5 6393//5 6395//5 6410//5
f 6409//6 6411//6 6396//6 6394//6
f 5793//2 5794//2 6412//2 6413//2
f 6395//4 6396//4 6412//4 5794//4
f 6410//5 6395//5 5794//5 5793//5
f 6411//6 6413//6 6412//6 6396//6
f 5798//1 6418//1 6397//1 5792//1
f 6418//6 6419//6 6399//6 6397//6
f 6420//2 6400//2 6401//2 6421//2
f 5800//3 6420//3 6421//3 6419//3
f 5800//5 5799//5 6400//5 6420//5
f 6419//6 6421//6 6401//6 6399//6
f 6424//3 6426//3 6427//3 6425//3
f 6424//5 6410//5 5793//5 6426//5
f 6425//6 6427//6 6413//6 6411//6
f 6428//2 5795//2 6429//2 6430//2
f 5793//4 6413//4 6429//4 5795//4
f 6426//5 5793//5 5795//5 6428//5
f 6427//6 6430//6 6429//6 6413//6
f 6435//2 5800//2 6419//2 6436//2
f 6433//3 6435//3 6436//3 6434//3
f 6433//5 5798//5 5800//5 6435//5
f 6434//6 6436//6 6419//6 6418//6
f 6428//4 6430//4 6441//4 6442//4
f 6439//5 6428//5 6442//5 5802//5
f 6440//6 6443//6 6441//6 6430//6
f 6445//2 6433//2 6434//2 6446//2
f 5803//5 6431//5 6433//5 6445//5
f 6444//6 6446//6 6434//6 6432//6
f 6453//1 6454//1 6448//1 6447//1
f 6453//5 6447//5 5801//5 6455//5
f 6454//6 6456//6 6449//6 6448//6
f 6457//3 6459//3 6460//3 6458//3
f 6457//5 5804//5 6450//5 6459//5
f 6458//6 6460//6 6451//6 6452//6
f 6465//1 6466//1 6467//1 6468//1
f 6468//4 6467//4 6454//4 6453//4
f 6465//5 6468//5 6453//5 6469//5
f 6466//6 6470//6 6454//6 6467//6
f 6473//1 6474//1 6460//1 6459//1
f 6473//3 6475//3 6476//3 6474//3
f 6473//5 6459//5 6461//5 6475//5
f 6474//6 6476//6 6464//6 6460//6
f 6461//4 6464//4 6477//4 6478//4
f 6475//5 6461//5 6478//5 6479//5
f 6476//6 6480//6 6477//6 6464//6
f 6485//1 6486//1 6487//1 6488//1
f 6488//4 6487//4 6466//4 6465//4
f 6485//5 6488//5 6465//5 6489//5
f 6486//6 6490//6 6466//6 6487//6
f 6491//2 6469//2 6470//2 6492//2
f 6489//5 6465//5 6469//5 6491//5
f 6490//6 6492//6 6470//6 6466//6
f 6493//1 6494//1 6476//1 6475//1
f 6493//3 6495//3 6496//3 6494//3
f 6493//5 6475//5 6479//5 6495//5
f 6494//6 6496//6 6480//6 6476//6
f 6495//5 6479//5 6481//5 6497//5
f 6496//6 6498//6 6484//6 6480//6
f 6503//1 6504//1 6505//1 6506//1
f 6506//4 6505//4 6507//4 6508//4
f 6503//5 6506//5 6508//5 6509//5
f 6504//6 6510//6 6507//6 6505//6
f 6508//4 6507//4 6486//4 6485//4
f 6509//5 6508//5 6485//5 6511//5
f 6510//6 6512//6 6486//6 6507//6
f 6511//5 6485//5 6489//5 6513//5
f 6512//6 6514//6 6490//6 6486//6
f 6517//1 6518//1 6496//1 6495//1
f 6517//5 6495//5 6497//5 6519//5
f 6518//6 6520//6 6498//6 6496//6
f 6519//5 6497//5 6499//5 6521//5
f 6520//6 6522//6 6502//6 6498//6
f 6499//4 6502//4 6523//4 6524//4
f 6521//5 6499//5 6524//5 6525//5
f 6522//6 6526//6 6523//6 6502//6
f 6535//1 6536//1 6537//1 6538//1
f 6538//4 6537//4 6504//4 6503//4
f 6535//5 6538//5 6503//5 6539//5
f 6536//6 6540//6 6504//6 6537//6
f 6539//5 6503//5 6509//5 6541//5
f 6540//6 6542//6 6510//6 6504//6
f 6541//5 6509//5 6511//5 6543//5
f 6542//6 6544//6 6512//6 6510//6
f 6547//1 6548//1 6518//1 6517//1
f 6547//3 6549//3 6550//3 6548//3
f 6547//5 6517//5 6519//5 6549//5
f 6548//6 6550//6 6520//6 6518//6
f 6549//5 6519//5 6521//5 6551//5
f 6550//6 6552//6 6522//6 6520//6
f 6551//5 6521//5 6525//5 6553//5
f 6552//6 6554//6 6526//6 6522//6
f 6553//5 6525//5 6527//5 6555//5
f 6554//6 6556//6 6530//6 6526//6
f 5819//1 6567//1 6568//1 6569//1
f 6569//4 6568//4 6536//4 6535//4
f 5819//5 6569//5 6535//5 6570//5
f 6567//6 6571//6 6536//6 6568//6
f 6570//5 6535//5 6539//5 6572//5
f 6571//6 6573//6 6540//6 6536//6
f 6572//5 6539//5 6541//5 6574//5
f 6573//6 6575//6 6542//6 6540//6
f 6576//2 6543//2 6544//2 6577//2
f 6574//5 6541//5 6543//5 6576//5
f 6575//6 6577//6 6544//6 6542//6
f 6578//1 6579//1 6550//1 6549//1
f 6578//3 6580//3 6581//3 6579//3
f 6578//5 6549//5 6551//5 6580//5
f 6579//6 6581//6 6552//6 6550//6
f 6580//5 6551//5 6553//5 6582//5
f 6581//6 6583//6 6554//6 6552//6
f 6582//5 6553//5 6555//5 6584//5
f 6583//6 6585//6 6556//6 6554//6
f 6584//5 6555//5 6557//5 6586//5
f 6585//6 6587//6 6560//6 6556//6
f 6557//4 6560//4 6588//4 6589//4
f 6586//5 6557//5 6589//5 6590//5
f 6587//6 6591//6 6588//6 6560//6
f 5818//1 6599//1 6566//1 5814//1
f 5814//4 6566//4 6567//4 5819//4
f 5820//5 5819//5 6570//5 5825//5
f 6600//6 6601//6 6571//6 6567//6
f 5825//5 6570//5 6572//5 6602//5
f 6601//6 6603//6 6573//6 6571//6
f 6602//5 6572//5 6574//5 6604//5
f 6603//6 6605//6 6575//6 6573//6
f 6608//1 6609//1 6581//1 6580//1
f 6608//3 6610//3 6611//3 6609//3
f 6608//5 6580//5 6582//5 6610//5
f 6609//6 6611//6 6583//6 6581//6
f 6610//5 6582//5 6584//5 6612//5
f 6611//6 6613//6 6585//6 6583//6
f 6612//5 6584//5 6586//5 6614//5
f 6613//6 6615//6 6587//6 6585//6
f 6614//5 6586//5 6590//5 6616//5
f 6615//6 6617//6 6591//6 6587//6
f 6616//5 6590//5 6592//5 6618//5
f 6617//6 6619//6 6595//6 6591//6
f 6627//1 6628//1 6629//1 6630//1
f 6627//3 6631//3 6632//3 6628//3
f 6630//4 6629//4 6633//4 6634//4
f 6627//5 6630//5 6634//5 6631//5
f 6628//6 6632//6 6633//6 6629//6
f 6634//4 6633//4 6599//4 5818//4
f 6631//5 6634//5 5818//5 6635//5
f 6632//6 6636//6 6599//6 6633//6
f 6635//5 5818//5 5820//5 5824//5
f 6636//6 6637//6 6600//6 6599//6
f 5826//5 5825//5 6602//5 5831//5
f 6638//6 6639//6 6603//6 6601//6
f 6642//1 6643//1 6611//1 6610//1
f 6642//3 6644//3 6645//3 6643//3
f 6642//5 6610//5 6612//5 6644//5
f 6643//6 6645//6 6613//6 6611//6
f 6644//5 6612//5 6614//5 6646//5
f 6645//6 6647//6 6615//6 6613//6
f 6646//5 6614//5 6616//5 6648//5
f 6647//6 6649//6 6617//6 6615//6
f 6648//5 6616//5 6618//5 6650//5
f 6649//6 6651//6 6619//6 6617//6
f 6650//3 6652//3 6653//3 6651//3
f 6650//5 6618//5 6620//5 6652//5
f 6651//6 6653//6 6623//6 6619//6
f 6654//2 6655//2 6656//2 6657//2
f 6652//3 6654//3 6657//3 6653//3
f 6620//4 6623//4 6656//4 6655//4
f 6652//5 6620//5 6655//5 6654//5
f 6653//6 6657//6 6656//6 6623//6
f 6661//1 6662//1 6632//1 6631//1
f 6661//5 6631//5 6635//5 6663//5
f 6662//6 6664//6 6636//6 6632//6
f 6663//5 6635//5 5824//5 6665//5
f 6664//6 6666//6 6637//6 6636//6
f 6665//5 5824//5 5826//5 5830//5
f 6666//6 6667//6 6638//6 6637//6
f 5832//2 5831//2 6639//2 6668//2
f 6669//1 6670//1 6645//1 6644//1
f 6669//5 6644//5 6646//5 6671//5
f 6670//6 6672//6 6647//6 6645//6
f 6671//3 6673//3 6674//3 6672//3
f 6671//5 6646//5 6648//5 6673//5
f 6672//6 6674//6 6649//6 6647//6
f 6675//2 6650//2 6651//2 6676//2
f 6673//3 6675//3 6676//3 6674//3
f 6673//5 6648//5 6650//5 6675//5
f 6674//6 6676//6 6651//6 6649//6
f 6680//1 6681//1 6662//1 6661//1
f 6680//3 6682//3 6683//3 6681//3
f 6680//5 6661//5 6663//5 6682//5
f 6681//6 6683//6 6664//6 6662//6
f 6682//5 6663//5 6665//5 6684//5
f 6683//6 6685//6 6666//6 6664//6
f 6684//5 6665//5 5830//5 6686//5
f 6685//6 6687//6 6667//6 6666//6
f 6691//1 6692//1 6670//1 6669//1
f 6693//2 6671//2 6672//2 6694//2
f 6691//3 6693//3 6694//3 6692//3
f 6691//5 6669//5 6671//5 6693//5
f 6692//6 6694//6 6672//6 6670//6
f 6699//1 6700//1 6683//1 6682//1
f 6699//5 6682//5 6684//5 6701//5
f 6700//6 6702//6 6685//6 6683//6
f 6711//1 6712//1 6700//1 6699//1
f 6713//2 6701//2 6702//2 6714//2
f 6711//3 6713//3 6714//3 6712//3
f 6711//5 6699//5 6701//5 6713//5
f 6712//6 6714//6 6702//6 6700//6
f 10374//5 10340//5 10342//5 10376//5
f 10375//6 10377//6 10343//6 10341//6
f 10376//5 10342//5 10344//5 10378//5
f 10377//6 10379//6 10345//6 10343//6
f 10386//5 10352//5 10354//5 10388//5
f 10387//6 10389//6 10355//6 10353//6
f 10388//5 10354//5 9851//5 9861//5
f 10389//6 10390//6 10356//6 10355//6
f 10404//5 10374//5 10376//5 10406//5
f 10405//6 10407//6 10377//6 10375//6
f 10408//2 10378//2 10379//2 10409//2
f 10406//5 10376//5 10378//5 10408//5
f 10407//6 10409//6 10379//6 10377//6
f 10412//5 10386//5 10388//5 10414//5
f 10413//6 10415//6 10389//6 10387//6
f 10414//5 10388//5 9861//5 9869//5
f 10415//6 10416//6 10390//6 10389//6
f 10430//5 10404//5 10406//5 10432//5
f 10431//6 10433//6 10407//6 10405//6
f 10434//2 10408//2 10409//2 10435//2
f 10432//5 10406//5 10408//5 10434//5
f 10433//6 10435//6 10409//6 10407//6
f 10438//5 10412//5 10414//5 10440//5
f 10439//6 10441//6 10415//6 10413//6
f 10440//5 10414//5 9869//5 9889//5
f 10441//6 10442//6 10416//6 10415//6
f 12472//5 12452//5 12454//5 12474//5
f 12473//6 12475//6 12455//6 12453//6
f 12474//5 12454//5 12456//5 12476//5
f 12475//6 12477//6 12457//6 12455//6
f 12482//5 12462//5 12464//5 12484//5
f 12483//6 12485//6 12465//6 12463//6
f 12484//5 12464//5 12028//5 12034//5
f 12485//6 12486//6 12466//6 12465//6
f 12490//5 12472//5 12474//5 12492//5
f 12491//6 12493//6 12475//6 12473//6
f 12492//3 12494//3 12495//3 12493//3
f 12492//5 12474//5 12476//5 12494//5
f 12493//6 12495//6 12477//6 12475//6
f 12500//5 12482//5 12484//5 12502//5
f 12501//6 12503//6 12485//6 12483//6
f 12502//5 12484//5 12034//5 12038//5
f 12503//6 12504//6 12486//6 12485//6
f 12510//2 12492//2 12493//2 12511//2
f 12508//5 12490//5 12492//5 12510//5
f 12509//6 12511//6 12493//6 12491//6
f 12514//5 12500//5 12502//5 12516//5
f 12515//6 12517//6 12503//6 12501//6
f 12516//5 12502//5 12038//5 12042//5
f 12517//6 12518//6 12504//6 12503//6
f 16515//3 16517//3 16518//3 16516//3
f 16515//5 16499//5 16502//5 16517//5
f 16516//6 16518//6 16503//6 16501//6
f 16517//3 16519//3 16520//3 16518//3
f 16517//5 16502//5 16504//5 16519//5
f 16518//6 16520//6 16505//6 16503//6
f 16521//5 16506//5 16144//5 16523//5
f 16522//6 16524//6 16508//6 16507//6
f 16523//5 16144//5 16147//5 16156//5
f 16524//6 16525//6 16510//6 16508//6
f 16532//1 16533//1 16522//1 16521//1
f 16532//5 16521//5 16523//5 16534//5
f 16533//6 16535//6 16524//6 16522//6
f 16534//5 16523//5 16156//5 16167//5
f 16535//6 16536//6 16525//6 16524//6
f 16548//1 16549//1 16533//1 16532//1
f 16548//5 16532//5 16534//5 16550//5
f 16549//6 16551//6 16535//6 16533//6
f 16550//5 16534//5 16167//5 16181//5
f 16551//6 16552//6 16536//6 16535//6
g glyph_120
f 8995//1 8996//1 8997//1 8998//1
f 8999//2 9000//2 9001//2 9002//2
f 8995//3 8999//3 9002//3 8996//3
f 8998//4 8997//4 9001//4 9000//4
f 8995//5 8998//5 9000//5 8999//5
f 9426//1 9427//1 9428//1 9429//1
f 9430//2 9431//2 9432//2 9433//2
f 9429//4 9428//4 9432//4 9431//4
f 9426//5 9429//5 9431//5 9430//5
f 9442//1 9443//1 9444//1 9445//1
f 9445//4 9444//4 9427//4 9426//4
f 9442//5 9445//5 9426//5 8997//5
f 8997//5 9426//5 9430//5 9001//5
f 9446//2 9447//2 9448//2 9449//2
f 9430//4 9433//4 9448//4 9447//4
f 9001//5 9430//5 9447//5 9446//5
f 9458//1 9459//1 9460//1 9461//1
f 9458//3 9462//3 9463//3 9459//3
f 9461//4 9460//4 9443//4 9442//4
f 9458//5 9461//5 9442//5 9462//5
f 9462//3 8996//3 9464//3 9463//3
f 9462//5 9442//5 8997//5 8996//5
f 8996//3 9002//3 9465//3 9464//3
f 9002//3 9466//3 9467//3 9465//3
f 9002//5 9001//5 9446//5 9466//5
f 9468//2 9469//2 9470//2 9471//2
f 9466//3 9468//3 9471//3 9467//3
f 9446//4 9449//4 9470//4 9469//4
f 9466//5 9446//5 9469//5 9468//5
f 9875//1 9876//1 9877//1 9878//1
f 9878//4 9877//4 9879//4 9880//4
f 9875//5 9878//5 9880//5 9428//5
f 9880//4 9879//4 9881//4 9882//4
f 9428//5 9880//5 9882//5 9432//5
f 9883//2 9884//2 9885//2 9886//2
f 9882//4 9881//4 9885//4 9884//4
f 9432//5 9882//5 9884//5 9883//5
f 9895//1 9896//1 9897//1 9898//1
f 9898//4 9897//4 9876//4 9875//4
f 9895//5 9898//5 9875//5 9444//5
f 9444//5 9875//5 9428//5 9427//5
f 9433//5 9432//5 9883//5 9448//5
f 9899//2 9900//2 9901//2 9902//2
f 9883//4 9886//4 9901//4 9900//4
f 9448//5 9883//5 9900//5 9899//5
f 9460//1 9911//1 9896//1 9895//1
f 9460//5 9895//5 9444//5 9443//5
f 9470//2 9899//2 9902//2 9912//2
f 9449//5 9448//5 9899//5 9470//5
f 9921//1 9922//1 9923//1 9924//1
f 9921//3 9459//3 9925//3 9922//3
f 9924//4 9923//4 9911//4 9460//4
f 9921//5 9924//5 9460//5 9459//5
f 9459//3 9463//3 9926//3 9925//3
f 9463//3 9464//3 9927//3 9926//3
f 9464//3 9465//3 9928//3 9927//3
f 9465//3 9467//3 9929//3 9928//3
f 9467//3 9471//3 9930//3 9929//3
f 9931//2 9932//2 9933//2 9934//2
f 9471//3 9931//3 9934//3 9930//3
f 9470//4 9912//4 9933//4 9932//4
f 9471//5 9470//5 9932//5 9931//5
f 10364//1 10365//1 10366//1 10367//1
f 10368//2 10369//2 10370//2 10371//2
f 10367//4 10366//4 10370//4 10369//4
f 10364//5 10367//5 10369//5 10368//5
f 9877//1 10396//1 10397//1 10398//1
f 10398//4 10397//4 10365//4 10364//4
f 9877//5 10398//5 10364//5 9879//5
f 9879//5 10364//5 10368//5 9881//5
f 9885//2 10399//2 10400//2 10401//2
f 10368//4 10371//4 10400//4 10399//4
f 9881//5 10368//5 10399//5 9885//5
f 9897//1 10422//1 10423//1 10424//1
f 10424//4 10423//4 10396//4 9877//4
f 9897//5 10424//5 9877//5 9876//5
f 9901//2 10425//2 10426//2 10427//2
f 9885//4 10401//4 10426//4 10425//4
f 9886//5 9885//5 10425//5 9901//5
f 9896//1 10448//1 10422//1 9897//1
f 9902//2 9901//2 10427//2 10449//2
f 9923//1 10470//1 10471//1 10472//1
f 10472//4 10471//4 10448//4 9896//4
f 9923//5 10472//5 9896//5 9911//5
f 9933//2 10473//2 10474//2 10475//2
f 9902//4 10449//4 10474//4 10473//4
f 9912//5 9902//5 10473//5 9933//5
f 9922//1 10490//1 10470//1 9923//1
f 9922//3 9925//3 10491//3 10490//3
f 9925//3 9926//3 10492//3 10491//3
f 9926//3 9927//3 10493//3 10492//3
f 9927//3 9928//3 10494//3 10493//3
f 9928//3 9929//3 10495//3 10494//3
f 9929//3 9930//3 10496//3 10495//3
f 9934//2 9933//2 10475//2 10497//2
f 9930//3 9934//3 10497//3 10496//3
f 10852//1 10853//1 10854//1 10855//1
f 10856//2 10857//2 10858//2 10859//2
f 10855//4 10854//4 10858//4 10857//4
f 10852//5 10855//5 10857//5 10856//5
f 10853//6 10859//6 10858//6 10854//6
f 10366//1 10872//1 10853//1 10852//1
f 10370//2 10856//2 10859//2 10873//2
f 10366//5 10852//5 10856//5 10370//5
f 10872//6 10873//6 10859//6 10853//6
f 10397//1 10884//1 10885//1 10886//1
f 10886//4 10885//4 10872//4 10366//4
f 10397//5 10886//5 10366//5 10365//5
f 10884//6 10887//6 10872//6 10885//6
f 10400//2 10888//2 10889//2 10890//2
f 10370//4 10873//4 10889//4 10888//4
f 10371//5 10370//5 10888//5 10400//5
f 10891//6 10890//6 10889//6 10873//6
f 10396//1 10896//1 10884//1 10397//1
f 10401//2 10400//2 10890//2 10897//2
f 10422//1 10902//1 10903//1 10423//1
f 10423//4 10903//4 10896//4 10396//4
f 10427//2 10426//2 10904//2 10905//2
f 10401//4 10897//4 10904//4 10426//4
f 10471//1 10910//1 10911//1 10912//1
f 10912//4 10911//4 10902//4 10422//4
f 10471//5 10912//5 10422//5 10448//5
f 10910//6 10913//6 10902//6 10911//6
f 10474//2 10914//2 10915//2 10916//2
f 10427//4 10905//4 10915//4 10914//4
f 10449//5 10427//5 10914//5 10474//5
f 10917//6 10916//6 10915//6 10905//6
f 10470//1 10922//1 10910//1 10471//1
f 10475//2 10474//2 10916//2 10923//2
f 10928//1 10929//1 10930//1 10931//1
f 10928//3 10490//3 10932//3 10929//3
f 10931//4 10930//4 10922//4 10470//4
f 10928//5 10931//5 10470//5 10490//5
f 10929//6 10932//6 10922//6 10930//6
f 10490//3 10491//3 10933//3 10932//3
f 10491//3 10492//3 10934//3 10933//3
f 10492//3 10493//3 10935//3 10934//3
f 10494//3 10495//3 10936//3 10937//3
f 10495//3 10496//3 10938//3 10936//3
f 10496//3 10497//3 10939//3 10938//3
f 10940//2 10941//2 10942//2 10943//2
f 10497//3 10940//3 10943//3 10939//3
f 10475//4 10923//4 10942//4 10941//4
f 10497//5 10475//5 10941//5 10940//5
f 10939//6 10943//6 10942//6 10923//6
f 10887//1 11263//1 11264//1 10872//1
f 10891//2 10873//2 11265//2 11266//2
f 10872//4 11264//4 11265//4 10873//4
f 11263//6 11266//6 11265//6 11264//6
f 10896//1 11271//1 11272//1 10884//1
f 10884//4 11272//4 11263//4 10887//4
f 11271//6 11273//6 11263//6 11272//6
f 11273//6 11274//6 11266//6 11263//6
f 10897//2 10890//2 11275//2 11276//2
f 10891//4 11266//4 11275//4 10890//4
f 11274//6 11276//6 11275//6 11266//6
f 10902//1 11281//1 11282//1 10903//1
f 10903//4 11282//4 11271//4 10896//4
f 11281//6 11283//6 11271//6 11282//6
f 10905//2 10904//2 11284//2 11285//2
f 10897//4 11276//4 11284//4 10904//4
f 11286//6 11285//6 11284//6 11276//6
f 10913//1 11291//1 11281//1 10902//1
f 10917//2 10905//2 11285//2 11292//2
f 10922//1 11297//1 11298//1 10910//1
f 10910//4 11298//4 11291//4 10913//4
f 11297//6 11299//6 11291//6 11298//6
f 10923//2 10916//2 11300//2 11301//2
f 10917//4 11292//4 11300//4 10916//4
f 11302//6 11301//6 11300//6 11292//6
f 10932//1 11307//1 11297//1 10922//1
f 10932//3 10933//3 11308//3 11307//3
f 10933//3 10934//3 11309//3 11308//3
f 10934//3 10935//3 11310//3 11309//3
f 10935//3 10937//3 11311//3 11310//3
f 10937//3 10936//3 11312//3 11311//3
f 10936//3 10938//3 11313//3 11312//3
f 10939//2 10923//2 11301//2 11314//2
f 10938//3 10939//3 11314//3 11313//3
f 11283//1 11653//1 11654//1 11271//1
f 11271//4 11654//4 11655//4 11273//4
f 11653//6 11656//6 11655//6 11654//6
f 11273//4 11655//4 11657//4 11274//4
f 11656//6 11658//6 11657//6 11655//6
f 11286//2 11276//2 11659//2 11660//2
f 11274//4 11657//4 11659//4 11276//4
f 11658//6 11660//6 11659//6 11657//6
f 11291//1 11665//1 11666//1 11281//1
f 11281//4 11666//4 11653//4 11283//4
f 11665//6 11667//6 11653//6 11666//6
f 11667//6 11668//6 11656//6 11653//6
f 11669//6 11670//6 11660//6 11658//6
f 11292//2 11285//2 11671//2 11672//2
f 11286//4 11660//4 11671//4 11285//4
f 11670//6 11672//6 11671//6 11660//6
f 11299//1 11677//1 11665//1 11291//1
f 11677//6 11678//6 11667//6 11665//6
f 11302//2 11292//2 11672//2 11679//2
f 11680//6 11679//6 11672//6 11670//6
f 11307//1 11685//1 11686//1 11297//1
f 11307//3 11308//3 11687//3 11685//3
f 11297//4 11686//4 11677//4 11299//4
f 11685//6 11687//6 11677//6 11686//6
f 11308//3 11309//3 11688//3 11687//3
f 11309//3 11310//3 11689//3 11688//3
f 11310//3 11311//3 11690//3 11689//3
f 11311//3 11312//3 11691//3 11690//3
f 11312//3 11313//3 11692//3 11691//3
f 11314//2 11301//2 11693//2 11694//2
f 11313//3 11314//3 11694//3 11692//3
f 11302//4 11679//4 11693//4 11301//4
f 11692//6 11694//6 11693//6 11679//6
f 11668//1 12048//1 12049//1 11656//1
f 11669//2 11658//2 12050//2 12051//2
f 11656//4 12049//4 12050//4 11658//4
f 12048//6 12051//6 12050//6 12049//6
f 11678//1 12056//1 12057//1 11667//1
f 11667//4 12057//4 12048//4 11668//4
f 12056//6 12058//6 12048//6 12057//6
f 12058//6 12059//6 12051//6 12048//6
f 11680//2 11670//2 12060//2 12061//2
f 11669//4 12051//4 12060//4 11670//4
f 12059//6 12061//6 12060//6 12051//6
f 11687//1 12066//1 12067//1 11677//1
f 11687//3 11688//3 12068//3 12066//3
f 11677//4 12067//4 12056//4 11678//4
f 12066//6 12068//6 12056//6 12067//6
f 11688//3 11689//3 12069//3 12068//3
f 12068//6 12069//6 12058//6 12056//6
f 11689//3 11690//3 12070//3 12069//3
f 11690//3 11691//3 12071//3 12070//3
f 12070//6 12071//6 12061//6 12059//6
f 11692//2 11679//2 12072//2 12073//2
f 11691//3 11692//3 12073//3 12071//3
f 11680//4 12061//4 12072//4 11679//4
f 12071//6 12073//6 12072//6 12061//6
f 12069//1 12557//1 12558//1 12058//1
f 12070//2 12059//2 12559//2 12560//2
f 12069//3 12070//3 12560//3 12557//3
f 12058//4 12558//4 12559//4 12059//4
f 12557//6 12560//6 12559//6 12558//6
f 13957//1 13958//1 13959//1 13960//1
f 13961//2 13962//2 13963//2 13964//2
f 13957//3 13961//3 13964//3 13958//3
f 13960//4 13959//4 13963//4 13962//4
f 13957//5 13960//5 13962//5 13961//5
f 14312//1 14313//1 14314//1 14315//1
f 14316//2 14317//2 14318//2 14319//2
f 14315//4 14314//4 14318//4 14317//4
f 14312//5 14315//5 14317//5 14316//5
f 14324//1 14325//1 14326//1 14327//1
f 14327//4 14326//4 14313//4 14312//4
f 14324//5 14327//5 14312//5 13959//5
f 13959//5 14312//5 14316//5 13963//5
f 14328//2 14329//2 14330//2 14331//2
f 14316//4 14319//4 14330//4 14329//4
f 13963//5 14316//5 14329//5 14328//5
f 14336//1 14337//1 14338//1 14339//1
f 14336//3 14340//3 14341//3 14337//3
f 14339//4 14338//4 14325//4 14324//4
f 14336//5 14339//5 14324//5 14340//5
f 14340//3 13958//3 14342//3 14341//3
f 14340//5 14324//5 13959//5 13958//5
f 13958//3 13964//3 14343//3 14342//3
f 13964//3 14344//3 14345//3 14343//3
f 13964//5 13963//5 14328//5 14344//5
f 14346//2 14347//2 14348//2 14349//2
f 14344//3 14346//3 14349//3 14345//3
f 14328//4 14331//4 14348//4 14347//4
f 14344//5 14328//5 14347//5 14346//5
f 14631//1 14632//1 14633//1 14634//1
f 14635//2 14636//2 14637//2 14638//2
f 14634//4 14633//4 14637//4 14636//4
f 14631//5 14634//5 14636//5 14635//5
f 14646//1 14647//1 14648//1 14649//1
f 14649//4 14648//4 14632//4 14631//4
f 14646//5 14649//5 14631//5 14314//5
f 14314//5 14631//5 14635//5 14318//5
f 14650//2 14651//2 14652//2 14653//2
f 14635//4 14638//4 14652//4 14651//4
f 14318//5 14635//5 14651//5 14650//5
f 14660//1 14661//1 14662//1 14663//1
f 14663//4 14662//4 14647//4 14646//4
f 14660//5 14663//5 14646//5 14326//5
f 14326//5 14646//5 14314//5 14313//5
f 14319//5 14318//5 14650//5 14330//5
f 14664//2 14665//2 14666//2 14667//2
f 14650//4 14653//4 14666//4 14665//4
f 14330//5 14650//5 14665//5 14664//5
f 14338//1 14672//1 14661//1 14660//1
f 14338//5 14660//5 14326//5 14325//5
f 14348//2 14664//2 14667//2 14673//2
f 14331//5 14330//5 14664//5 14348//5
f 14678//1 14679//1 14680//1 14681//1
f 14678//3 14337//3 14682//3 14679//3
f 14681//4 14680//4 14672//4 14338//4
f 14678//5 14681//5 14338//5 14337//5
f 14337//3 14341//3 14683//3 14682//3
f 14341//3 14342//3 14684//3 14683//3
f 14342//3 14343//3 14685//3 14684//3
f 14343//3 14345//3 14686//3 14685//3
f 14345//3 14349//3 14687//3 14686//3
f 14688//2 14689//2 14690//2 14691//2
f 14349//3 14688//3 14691//3 14687//3
f 14348//4 14673//4 14690//4 14689//4
f 14349//5 14348//5 14689//5 14688//5
f 14966//1 14967//1 14968//1 14969//1
f 14970//2 14971//2 14972//2 14973//2
f 14969//4 14968//4 14972//4 14971//4
f 14966//5 14969//5 14971//5 14970//5
f 14974//1 14975//1 14976//1 14977//1
f 14977//4 14976//4 14967//4 14966//4
f 14974//5 14977//5 14966//5 14633//5
f 14633//5 14966//5 14970//5 14637//5
f 14978//2 14979//2 14980//2 14981//2
f 14970//4 14973//4 14980//4 14979//4
f 14637//5 14970//5 14979//5 14978//5
f 14648//1 14990//1 14975//1 14974//1
f 14648//5 14974//5 14633//5 14632//5
f 14652//2 14978//2 14981//2 14991//2
f 14638//5 14637//5 14978//5 14652//5
f 14662//1 14999//1 15000//1 15001//1
f 15001//4 15000//4 14990//4 14648//4
f 14662//5 15001//5 14648//5 14647//5
f 14666//2 15002//2 15003//2 15004//2
f 14652//4 14991//4 15003//4 15002//4
f 14653//5 14652//5 15002//5 14666//5
f 14661//1 15011//1 14999//1 14662//1
f 14667//2 14666//2 15004//2 15012//2
f 14680//1 15017//1 15018//1 15019//1
f 15019//4 15018//4 15011//4 14661//4
f 14680//5 15019//5 14661//5 14672//5
f 14690//2 15020//2 15021//2 15022//2
f 14667//4 15012//4 15021//4 15020//4
f 14673//5 14667//5 15020//5 14690//5
f 14679//1 15027//1 15017//1 14680//1
f 14679//3 14682//3 15028//3 15027//3
f 14682//3 14683//3 15029//3 15028//3
f 14683//3 14684//3 15030//3 15029//3
f 14684//3 14685//3 15031//3 15030//3
f 14685//3 14686//3 15032//3 15031//3
f 14686//3 14687//3 15033//3 15032//3
f 14691//2 14690//2 15022//2 15034//2
f 14687//3 14691//3 15034//3 15033//3
f 15327//1 15328//1 15329//1 15330//1
f 15331//2 15332//2 15333//2 15334//2
f 15330//4 15329//4 15333//4 15332//4
f 15327//5 15330//5 15332//5 15331//5
f 15328//6 15334//6 15333//6 15329//6
f 15339//1 15340//1 15328//1 15327//1
f 15341//2 15331//2 15334//2 15342//2
f 15339//5 15327//5 15331//5 15341//5
f 15340//6 15342//6 15334//6 15328//6
f 14968//1 15349//1 15340//1 15339//1
f 14972//2 15341//2 15342//2 15350//2
f 14968//5 15339//5 15341//5 14972//5
f 15349//6 15350//6 15342//6 15340//6
f 14976//1 15357//1 15358//1 15359//1
f 15359//4 15358//4 15349//4 14968//4
f 14976//5 15359//5 14968//5 14967//5
f 15357//6 15360//6 15349//6 15358//6
f 14980//2 15361//2 15362//2 15363//2
f 14972//4 15350//4 15362//4 15361//4
f 14973//5 14972//5 15361//5 14980//5
f 15364//6 15363//6 15362//6 15350//6
f 14975//1 15365//1 15357//1 14976//1
f 14981//2 14980//2 15363//2 15366//2
f 15000//1 15375//1 15376//1 15377//1
f 15377//4 15376//4 15365//4 14975//4
f 15000//5 15377//5 14975//5 14990//5
f 15375//6 15378//6 15365//6 15376//6
f 15003//2 15379//2 15380//2 15381//2
f 14981//4 15366//4 15380//4 15379//4
f 14991//5 14981//5 15379//5 15003//5
f 15382//6 15381//6 15380//6 15366//6
f 14999//1 15390//1 15375//1 15000//1
f 15004//2 15003//2 15381//2 15391//2
f 15018//1 15398//1 15399//1 15400//1
f 15400//4 15399//4 15390//4 14999//4
f 15018//5 15400//5 14999//5 15011//5
f 15398//6 15401//6 15390//6 15399//6
f 15021//2 15402//2 15403//2 15404//2
f 15004//4 15391//4 15403//4 15402//4
f 15012//5 15004//5 15402//5 15021//5
f 15405//6 15404//6 15403//6 15391//6
f 15017//1 15410//1 15398//1 15018//1
f 15022//2 15021//2 15404//2 15411//2
f 15416//1 15417//1 15418//1 15419//1
f 15416//3 15027//3 15420//3 15417//3
f 15419//4 15418//4 15410//4 15017//4
f 15416//5 15419//5 15017//5 15027//5
f 15417//6 15420//6 15410//6 15418//6
f 15027//3 15028//3 15421//3 15420//3
f 15028//3 15029//3 15422//3 15421//3
f 15029//3 15030//3 15423//3 15422//3
f 15031//3 15032//3 15424//3 15425//3
f 15032//3 15033//3 15426//3 15424//3
f 15033//3 15034//3 15427//3 15426//3
f 15428//2 15429//2 15430//2 15431//2
f 15034//3 15428//3 15431//3 15427//3
f 15022//4 15411//4 15430//4 15429//4
f 15034//5 15022//5 15429//5 15428//5
f 15427//6 15431//6 15430//6 15411//6
f 15360//1 15735//1 15736//1 15349//1
f 15364//2 15350//2 15737//2 15738//2
f 15349//4 15736//4 15737//4 15350//4
f 15735//6 15738//6 15737//6 15736//6
f 15365//1 15739//1 15740//1 15357//1
f 15357//4 15740//4 15735//4 15360//4
f 15739//6 15741//6 15735//6 15740//6
f 15741//6 15742//6 15738//6 15735//6
f 15366//2 15363//2 15743//2 15744//2
f 15364//4 15738//4 15743//4 15363//4
f 15742//6 15744//6 15743//6 15738//6
f 15378//1 15753//1 15739//1 15365//1
f 15753//6 15754//6 15741//6 15739//6
f 15382//2 15366//2 15744//2 15755//2
f 15756//6 15755//6 15744//6 15742//6
f 15390//1 15764//1 15765//1 15375//1
f 15375//4 15765//4 15753//4 15378//4
f 15764//6 15766//6 15753//6 15765//6
f 15391//2 15381//2 15767//2 15768//2
f 15382//4 15755//4 15767//4 15381//4
f 15769//6 15768//6 15767//6 15755//6
f 15401//1 15776//1 15764//1 15390//1
f 15405//2 15391//2 15768//2 15777//2
f 15410//1 15782//1 15783//1 15398//1
f 15398//4 15783//4 15776//4 15401//4
f 15782//6 15784//6 15776//6 15783//6
f 15411//2 15404//2 15785//2 15786//2
f 15405//4 15777//4 15785//4 15404//4
f 15787//6 15786//6 15785//6 15777//6
f 15420//1 15792//1 15782//1 15410//1
f 15420//3 15421//3 15793//3 15792//3
f 15421//3 15422//3 15794//3 15793//3
f 15422//3 15423//3 15795//3 15794//3
f 15423//3 15425//3 15796//3 15795//3
f 15425//3 15424//3 15797//3 15796//3
f 15424//3 15426//3 15798//3 15797//3
f 15427//2 15411//2 15786//2 15799//2
f 15426//3 15427//3 15799//3 15798//3
f 15754//1 16148//1 16149//1 15741//1
f 15756//2 15742//2 16150//2 16151//2
f 15741//4 16149//4 16150//4 15742//4
f 16148//6 16151//6 16150//6 16149//6
f 15766//1 16159//1 16160//1 15753//1
f 15753//4 16160//4 16148//4 15754//4
f 16159//6 16161//6 16148//6 16160//6
f 16161//6 16162//6 16151//6 16148//6
f 15769//2 15755//2 16163//2 16164//2
f 15756//4 16151//4 16163//4 15755//4
f 16162//6 16164//6 16163//6 16151//6
f 15776//1 16171//1 16172//1 15764//1
f 15764//4 16172//4 16159//4 15766//4
f 16171//6 16173//6 16159//6 16172//6
f 16173//6 16174//6 16161//6 16159//6
f 16175//6 16176//6 16164//6 16162//6
f 15777//2 15768//2 16177//2 16178//2
f 15769//4 16164//4 16177//4 15768//4
f 16176//6 16178//6 16177//6 16164//6
f 15784//1 16183//1 16171//1 15776//1
f 16183//6 16184//6 16173//6 16171//6
f 15787//2 15777//2 16178//2 16185//2
f 16186//6 16185//6 16178//6 16176//6
f 15792//1 16191//1 16192//1 15782//1
f 15792//3 15793//3 16193//3 16191//3
f 15782//4 16192//4 16183//4 15784//4
f 16191//6 16193//6 16183//6 16192//6
f 15793//3 15794//3 16194//3 16193//3
f 15794//3 15795//3 16195//3 16194//3
f 15795//3 15796//3 16196//3 16195//3
f 15796//3 15797//3 16197//3 16196//3
f 15797//3 15798//3 16198//3 16197//3
f 15799//2 15786//2 16199//2 16200//2
f 15798//3 15799//3 16200//3 16198//3
f 15787//4 16185//4 16199//4 15786//4
f 16198//6 16200//6 16199//6 16185//6
f 16174//1 16540//1 16541//1 16161//1
f 16175//2 16162//2 16542//2 16543//2
f 16161//4 16541//4 16542//4 16162//4
f 16540//6 16543//6 16542//6 16541//6
f 16184//1 16554//1 16555//1 16173//1
f 16173//4 16555//4 16540//4 16174//4
f 16554//6 16556//6 16540//6 16555//6
f 16556//6 16557//6 16543//6 16540//6
f 16186//2 16176//2 16558//2 16559//2
f 16175//4 16543//4 16558//4 16176//4
f 16557//6 16559//6 16558//6 16543//6
f 16193//1 16570//1 16571//1 16183//1
f 16193//3 16194//3 16572//3 16570//3
f 16183//4 16571//4 16554//4 16184//4
f 16570//6 16572//6 16554//6 16571//6
f 16194//3 16195//3 16573//3 16572//3
f 16572//6 16573//6 16556//6 16554//6
f 16195//3 16196//3 16574//3 16573//3
f 16196//3 16197//3 16575//3 16574//3
f 16574//6 16575//6 16559//6 16557//6
f 16198//2 16185//2 16576//2 16577//2
f 16197//3 16198//3 16577//3 16575//3
f 16186//4 16559//4 16576//4 16185//4
f 16575//6 16577//6 16576//6 16559//6
f 16573//1 16872//1 16873//1 16556//1
f 16574//2 16557//2 16874//2 16875//2
f 16573//3 16574//3 16875//3 16872//3
f 16556//4 16873//4 16874//4 16557//4
f 16872//6 16875//6 16874//6 16873//6
