# Rook occupied-cell surface mesh
# Wandering cartographer
# One cell is one unit. Y points up; Z follows the 3md slice index.
o sculpture
v 0 -31 -15
v 0 -31 -14
v 0 -30 -14
v 0 -30 -15
v 1 -31 -15
v 1 -30 -15
v 1 -30 -14
v 1 -31 -14
v -7 -31 -14
v -7 -31 -13
v -7 -30 -13
v -7 -30 -14
v -6 -31 -14
v -6 -31 -13
v -6 -30 -13
v -6 -30 -14
v -5 -31 -14
v -5 -31 -13
v -5 -30 -13
v -5 -30 -14
v -4 -31 -14
v -4 -31 -13
v -4 -30 -13
v -4 -30 -14
v -3 -31 -14
v -3 -31 -13
v -3 -30 -13
v -3 -30 -14
v -2 -31 -14
v -2 -31 -13
v -2 -30 -13
v -2 -30 -14
v -1 -31 -14
v -1 -31 -13
v -1 -30 -13
v -1 -30 -14
v 0 -31 -13
v 0 -30 -13
v 1 -31 -13
v 1 -30 -13
v 2 -31 -14
v 2 -31 -13
v 2 -30 -13
v 2 -30 -14
v 3 -31 -14
v 3 -31 -13
v 3 -30 -13
v 3 -30 -14
v 4 -31 -14
v 4 -31 -13
v 4 -30 -13
v 4 -30 -14
v 5 -31 -14
v 5 -31 -13
v 5 -30 -13
v 5 -30 -14
v 6 -31 -14
v 6 -31 -13
v 6 -30 -13
v 6 -30 -14
v 7 -31 -14
v 7 -31 -13
v 7 -30 -13
v 7 -30 -14
v 8 -31 -14
v 8 -30 -14
v 8 -30 -13
v 8 -31 -13
v -10 -31 -13
v -10 -31 -12
v -10 -30 -12
v -10 -30 -13
v -9 -31 -13
v -9 -31 -12
v -9 -30 -12
v -9 -30 -13
v -8 -31 -13
v -8 -31 -12
v -8 -30 -12
v -8 -30 -13
v -7 -31 -12
v -7 -30 -12
v -6 -31 -12
v -6 -30 -12
v -5 -31 -12
v -5 -30 -12
v -4 -31 -12
v -4 -30 -12
v -3 -31 -12
v -3 -30 -12
v -2 -31 -12
v -2 -30 -12
v -1 -31 -12
v -1 -30 -12
v 0 -31 -12
v 0 -30 -12
v 1 -31 -12
v 1 -30 -12
v 2 -31 -12
v 2 -30 -12
v 3 -31 -12
v 3 -30 -12
v 4 -31 -12
v 4 -30 -12
v 5 -31 -12
v 5 -30 -12
v 6 -31 -12
v 6 -30 -12
v 7 -31 -12
v 7 -30 -12
v 8 -31 -12
v 8 -30 -12
v 9 -31 -13
v 9 -31 -12
v 9 -30 -12
v 9 -30 -13
v 10 -31 -13
v 10 -31 -12
v 10 -30 -12
v 10 -30 -13
v 11 -31 -13
v 11 -30 -13
v 11 -30 -12
v 11 -31 -12
v -13 -31 -12
v -13 -31 -11
v -13 -30 -11
v -13 -30 -12
v -12 -31 -12
v -12 -31 -11
v -12 -30 -11
v -12 -30 -12
v -11 -31 -12
v -11 -31 -11
v -11 -30 -11
v -11 -30 -12
v -10 -31 -11
v -10 -30 -11
v -9 -31 -11
v -9 -30 -11
v -8 -31 -11
v -8 -30 -11
v -7 -31 -11
v -7 -30 -11
v -6 -31 -11
v -6 -30 -11
v -5 -31 -11
v -5 -30 -11
v -4 -31 -11
v -4 -30 -11
v -3 -31 -11
v -3 -30 -11
v -2 -31 -11
v -2 -30 -11
v -1 -31 -11
v -1 -30 -11
v 0 -31 -11
v 0 -30 -11
v 1 -31 -11
v 1 -30 -11
v 2 -31 -11
v 2 -30 -11
v 3 -31 -11
v 3 -30 -11
v 4 -31 -11
v 4 -30 -11
v 5 -31 -11
v 5 -30 -11
v 6 -31 -11
v 6 -30 -11
v 7 -31 -11
v 7 -30 -11
v 8 -31 -11
v 8 -30 -11
v 9 -31 -11
v 9 -30 -11
v 10 -31 -11
v 10 -30 -11
v 11 -31 -11
v 11 -30 -11
v 12 -31 -12
v 12 -31 -11
v 12 -30 -11
v 12 -30 -12
v 13 -31 -12
v 13 -31 -11
v 13 -30 -11
v 13 -30 -12
v 14 -31 -12
v 14 -30 -12
v 14 -30 -11
v 14 -31 -11
v -14 -31 -11
v -14 -31 -10
v -14 -30 -10
v -14 -30 -11
v -13 -31 -10
v -13 -30 -10
v -12 -31 -10
v -12 -30 -10
v -11 -31 -10
v -11 -30 -10
v -10 -31 -10
v -10 -30 -10
v -9 -31 -10
v -9 -30 -10
v -8 -31 -10
v -8 -30 -10
v -7 -31 -10
v -7 -30 -10
v -6 -31 -10
v -6 -30 -10
v -5 -31 -10
v -5 -30 -10
v -4 -31 -10
v -4 -30 -10
v -3 -31 -10
v -3 -30 -10
v -2 -31 -10
v -2 -30 -10
v -1 -31 -10
v -1 -30 -10
v 0 -31 -10
v 0 -30 -10
v 1 -31 -10
v 1 -30 -10
v 2 -31 -10
v 2 -30 -10
v 3 -31 -10
v 3 -30 -10
v 4 -31 -10
v 4 -30 -10
v 5 -31 -10
v 5 -30 -10
v 6 -31 -10
v 6 -30 -10
v 7 -31 -10
v 7 -30 -10
v 8 -31 -10
v 8 -30 -10
v 9 -31 -10
v 9 -30 -10
v 10 -31 -10
v 10 -30 -10
v 11 -31 -10
v 11 -30 -10
v 12 -31 -10
v 12 -30 -10
v 13 -31 -10
v 13 -30 -10
v 14 -31 -10
v 14 -30 -10
v 15 -31 -11
v 15 -30 -11
v 15 -30 -10
v 15 -31 -10
v -16 -31 -10
v -16 -31 -9
v -16 -30 -9
v -16 -30 -10
v -15 -31 -10
v -15 -31 -9
v -15 -30 -9
v -15 -30 -10
v -14 -31 -9
v -14 -30 -9
v -13 -31 -9
v -13 -30 -9
v -12 -31 -9
v -12 -30 -9
v -11 -31 -9
v -11 -30 -9
v -10 -31 -9
v -10 -30 -9
v -9 -31 -9
v -9 -30 -9
v -8 -31 -9
v -8 -30 -9
v -7 -31 -9
v -7 -30 -9
v -6 -31 -9
v -6 -30 -9
v -5 -31 -9
v -5 -30 -9
v -4 -31 -9
v -4 -30 -9
v -3 -31 -9
v -3 -30 -9
v -2 -31 -9
v -2 -30 -9
v -1 -31 -9
v -1 -30 -9
v 0 -31 -9
v 0 -30 -9
v 1 -31 -9
v 1 -30 -9
v 2 -31 -9
v 2 -30 -9
v 3 -31 -9
v 3 -30 -9
v 4 -31 -9
v 4 -30 -9
v 5 -31 -9
v 5 -30 -9
v 6 -31 -9
v 6 -30 -9
v 7 -31 -9
v 7 -30 -9
v 8 -31 -9
v 8 -30 -9
v 9 -31 -9
v 9 -30 -9
v 10 -31 -9
v 10 -30 -9
v 11 -31 -9
v 11 -30 -9
v 12 -31 -9
v 12 -30 -9
v 13 -31 -9
v 13 -30 -9
v 14 -31 -9
v 14 -30 -9
v 15 -31 -9
v 15 -30 -9
v 16 -31 -10
v 16 -31 -9
v 16 -30 -9
v 16 -30 -10
v 17 -31 -10
v 17 -30 -10
v 17 -30 -9
v 17 -31 -9
v -5 5 -9
v -5 5 -8
v -5 6 -8
v -5 6 -9
v -4 6 -8
v -4 6 -9
v -4 5 -9
v -3 6 -8
v -3 6 -9
v -3 5 -9
v -2 6 -8
v -2 6 -9
v -2 5 -9
v -1 6 -8
v -1 6 -9
v -1 5 -9
v 0 6 -8
v 0 6 -9
v 0 5 -9
v 1 6 -8
v 1 6 -9
v 1 5 -9
v 2 6 -8
v 2 6 -9
v 2 5 -9
v 3 6 -8
v 3 6 -9
v 3 5 -9
v 4 6 -8
v 4 6 -9
v 4 5 -9
v 5 6 -8
v 5 6 -9
v 5 5 -9
v 6 5 -9
v 6 6 -9
v 6 6 -8
v 6 5 -8
v -5 4 -9
v -5 4 -8
v -4 4 -9
v -3 4 -9
v -4 4 -8
v -3 4 -8
v -3 5 -8
v -4 5 -8
v -2 4 -9
v -2 4 -8
v -2 5 -8
v -1 4 -9
v -1 4 -8
v -1 5 -8
v 0 4 -9
v 0 4 -8
v 0 5 -8
v 1 4 -9
v 1 4 -8
v 1 5 -8
v 2 4 -9
v 2 4 -8
v 2 5 -8
v 3 4 -9
v 3 4 -8
v 3 5 -8
v 4 4 -9
v 4 4 -8
v 4 5 -8
v 5 4 -9
v 5 4 -8
v 5 5 -8
v 6 4 -9
v 6 4 -8
v -5 3 -9
v -5 3 -8
v -4 3 -9
v -3 3 -9
v -4 3 -8
v -3 3 -8
v -2 3 -9
v -2 3 -8
v -1 3 -9
v -1 3 -8
v 0 3 -9
v 0 3 -8
v 1 3 -9
v 1 3 -8
v 2 3 -9
v 2 3 -8
v 3 3 -9
v 3 3 -8
v 4 3 -9
v 4 3 -8
v 5 3 -9
v 5 3 -8
v 6 3 -9
v 6 3 -8
v -5 2 -9
v -5 2 -8
v -4 2 -9
v -3 2 -9
v -4 2 -8
v -3 2 -8
v -2 2 -9
v -2 2 -8
v -1 2 -9
v -1 2 -8
v 0 2 -9
v 0 2 -8
v 1 2 -9
v 1 2 -8
v 2 2 -9
v 2 2 -8
v 3 2 -9
v 3 2 -8
v 4 2 -9
v 4 2 -8
v 5 2 -9
v 5 2 -8
v 6 2 -9
v 6 2 -8
v -5 1 -9
v -5 1 -8
v -4 1 -9
v -3 1 -9
v -4 1 -8
v -3 1 -8
v -2 1 -9
v -2 1 -8
v -1 1 -9
v -1 1 -8
v 0 1 -9
v 0 1 -8
v 1 1 -9
v 1 1 -8
v 2 1 -9
v 2 1 -8
v 3 1 -9
v 3 1 -8
v 4 1 -9
v 4 1 -8
v 5 1 -9
v 5 1 -8
v 6 1 -9
v 6 1 -8
v -5 0 -9
v -5 0 -8
v -4 0 -9
v -3 0 -9
v -4 0 -8
v -3 0 -8
v -2 0 -9
v -2 0 -8
v -1 0 -9
v -1 0 -8
v 0 0 -9
v 0 0 -8
v 1 0 -9
v 1 0 -8
v 2 0 -9
v 2 0 -8
v 3 0 -9
v 3 0 -8
v 4 0 -9
v 4 0 -8
v 5 0 -9
v 5 0 -8
v 6 0 -9
v 6 0 -8
v -5 -1 -9
v -5 -1 -8
v -4 -1 -9
v -3 -1 -9
v -4 -1 -8
v -3 -1 -8
v -2 -1 -9
v -2 -1 -8
v -1 -1 -9
v -1 -1 -8
v 0 -1 -9
v 0 -1 -8
v 1 -1 -9
v 1 -1 -8
v 2 -1 -9
v 2 -1 -8
v 3 -1 -9
v 3 -1 -8
v 4 -1 -9
v 4 -1 -8
v 5 -1 -9
v 5 -1 -8
v 6 -1 -9
v 6 -1 -8
v -5 -2 -9
v -5 -2 -8
v -4 -2 -9
v -3 -2 -9
v -4 -2 -8
v -3 -2 -8
v -2 -2 -9
v -2 -2 -8
v -1 -2 -9
v -1 -2 -8
v 0 -2 -9
v 0 -2 -8
v 1 -2 -9
v 1 -2 -8
v 2 -2 -9
v 2 -2 -8
v 3 -2 -9
v 3 -2 -8
v 4 -2 -9
v 4 -2 -8
v 5 -2 -9
v 5 -2 -8
v 6 -2 -9
v 6 -2 -8
v -5 -3 -9
v -5 -3 -8
v -4 -3 -9
v -3 -3 -9
v -4 -3 -8
v -3 -3 -8
v -2 -3 -9
v -2 -3 -8
v -1 -3 -9
v -1 -3 -8
v 0 -3 -9
v 0 -3 -8
v 1 -3 -9
v 1 -3 -8
v 2 -3 -9
v 2 -3 -8
v 3 -3 -9
v 3 -3 -8
v 4 -3 -9
v 4 -3 -8
v 5 -3 -9
v 5 -3 -8
v 6 -3 -9
v 6 -3 -8
v -5 -4 -9
v -5 -4 -8
v -4 -4 -9
v -3 -4 -9
v -4 -4 -8
v -3 -4 -8
v -2 -4 -9
v -2 -4 -8
v -1 -4 -9
v -1 -4 -8
v 0 -4 -9
v 0 -4 -8
v 1 -4 -9
v 1 -4 -8
v 2 -4 -9
v 2 -4 -8
v 3 -4 -9
v 3 -4 -8
v 4 -4 -9
v 4 -4 -8
v 5 -4 -9
v 5 -4 -8
v 6 -4 -9
v 6 -4 -8
v -5 -5 -9
v -5 -5 -8
v -4 -5 -9
v -3 -5 -9
v -4 -5 -8
v -3 -5 -8
v -2 -5 -9
v -2 -5 -8
v -1 -5 -9
v -1 -5 -8
v 0 -5 -9
v 0 -5 -8
v 1 -5 -9
v 1 -5 -8
v 2 -5 -9
v 2 -5 -8
v 3 -5 -9
v 3 -5 -8
v 4 -5 -9
v 4 -5 -8
v 5 -5 -9
v 5 -5 -8
v 6 -5 -9
v 6 -5 -8
v -5 -6 -9
v -5 -6 -8
v -4 -6 -9
v -3 -6 -9
v -4 -6 -8
v -3 -6 -8
v -2 -6 -9
v -2 -6 -8
v -1 -6 -9
v -1 -6 -8
v 0 -6 -9
v 0 -6 -8
v 1 -6 -9
v 1 -6 -8
v 2 -6 -9
v 2 -6 -8
v 3 -6 -9
v 3 -6 -8
v 4 -6 -9
v 4 -6 -8
v 5 -6 -9
v 5 -6 -8
v 6 -6 -9
v 6 -6 -8
v -5 -7 -9
v -5 -7 -8
v -4 -7 -9
v -4 -7 -8
v -3 -7 -9
v -3 -7 -8
v -2 -7 -9
v -2 -7 -8
v -1 -7 -9
v -1 -7 -8
v 0 -7 -9
v 0 -7 -8
v 1 -7 -9
v 1 -7 -8
v 2 -7 -9
v 2 -7 -8
v 3 -7 -9
v 3 -7 -8
v 4 -7 -9
v 4 -7 -8
v 5 -7 -9
v 5 -7 -8
v 6 -7 -9
v 6 -7 -8
v -17 -31 -9
v -17 -31 -8
v -17 -30 -8
v -17 -30 -9
v -16 -31 -8
v -16 -30 -8
v -15 -31 -8
v -15 -30 -8
v -14 -31 -8
v -14 -30 -8
v -13 -31 -8
v -13 -30 -8
v -12 -31 -8
v -12 -30 -8
v -11 -31 -8
v -11 -30 -8
v -10 -31 -8
v -10 -30 -8
v -9 -31 -8
v -9 -30 -8
v -8 -31 -8
v -8 -30 -8
v -7 -31 -8
v -7 -30 -8
v -6 -31 -8
v -6 -30 -8
v -5 -31 -8
v -5 -30 -8
v -4 -31 -8
v -4 -30 -8
v -3 -31 -8
v -3 -30 -8
v -2 -31 -8
v -2 -30 -8
v -1 -31 -8
v -1 -30 -8
v 0 -31 -8
v 0 -30 -8
v 1 -31 -8
v 1 -30 -8
v 2 -31 -8
v 2 -30 -8
v 3 -31 -8
v 3 -30 -8
v 4 -31 -8
v 4 -30 -8
v 5 -31 -8
v 5 -30 -8
v 6 -31 -8
v 6 -30 -8
v 7 -31 -8
v 7 -30 -8
v 8 -31 -8
v 8 -30 -8
v 9 -31 -8
v 9 -30 -8
v 10 -31 -8
v 10 -30 -8
v 11 -31 -8
v 11 -30 -8
v 12 -31 -8
v 12 -30 -8
v 13 -31 -8
v 13 -30 -8
v 14 -31 -8
v 14 -30 -8
v 15 -31 -8
v 15 -30 -8
v 16 -31 -8
v 16 -30 -8
v 17 -31 -8
v 17 -30 -8
v 18 -31 -9
v 18 -30 -9
v 18 -30 -8
v 18 -31 -8
v 0 23 -8
v 0 23 -7
v 0 24 -7
v 0 24 -8
v 1 23 -8
v 1 24 -8
v 1 24 -7
v 1 23 -7
v -5 5 -7
v -5 6 -7
v -4 6 -7
v -3 5 -7
v -4 5 -7
v -3 6 -7
v -2 5 -7
v -2 6 -7
v -1 5 -7
v -1 6 -7
v 0 5 -7
v 0 6 -7
v 1 5 -7
v 1 6 -7
v 2 5 -7
v 2 6 -7
v 3 5 -7
v 3 6 -7
v 4 5 -7
v 4 6 -7
v 5 5 -7
v 5 6 -7
v 6 6 -7
v 6 5 -7
v -5 4 -7
v -4 4 -7
v 5 4 -7
v 6 4 -7
v -5 3 -7
v -4 3 -7
v 5 3 -7
v 6 3 -7
v -5 2 -7
v -4 2 -7
v 5 2 -7
v 6 2 -7
v -5 1 -7
v -4 1 -7
v 5 1 -7
v 6 1 -7
v -5 0 -7
v -4 0 -7
v 5 0 -7
v 6 0 -7
v -5 -1 -7
v -4 -1 -7
v 5 -1 -7
v 6 -1 -7
v -5 -2 -7
v -4 -2 -7
v 5 -2 -7
v 6 -2 -7
v -5 -3 -7
v -4 -3 -7
v 5 -3 -7
v 6 -3 -7
v -5 -4 -7
v -4 -4 -7
v 5 -4 -7
v 6 -4 -7
v -5 -5 -7
v -4 -5 -7
v 5 -5 -7
v 6 -5 -7
v -5 -6 -7
v -4 -6 -7
v 5 -6 -7
v 6 -6 -7
v -5 -7 -7
v -4 -7 -7
v -3 -7 -7
v -3 -6 -7
v -2 -7 -7
v -2 -6 -7
v -1 -7 -7
v -1 -6 -7
v 0 -7 -7
v 0 -6 -7
v 1 -7 -7
v 1 -6 -7
v 2 -7 -7
v 2 -6 -7
v 3 -7 -7
v 3 -6 -7
v 4 -7 -7
v 4 -6 -7
v 5 -7 -7
v 6 -7 -7
v -18 -31 -8
v -18 -31 -7
v -18 -30 -7
v -18 -30 -8
v -17 -31 -7
v -17 -30 -7
v -16 -31 -7
v -16 -30 -7
v -15 -31 -7
v -15 -30 -7
v -14 -31 -7
v -14 -30 -7
v -13 -31 -7
v -13 -30 -7
v -12 -31 -7
v -12 -30 -7
v -11 -31 -7
v -11 -30 -7
v -10 -31 -7
v -10 -30 -7
v -9 -31 -7
v -9 -30 -7
v -8 -31 -7
v -8 -30 -7
v -7 -31 -7
v -7 -30 -7
v -6 -31 -7
v -6 -30 -7
v -5 -31 -7
v -5 -30 -7
v -4 -31 -7
v -4 -30 -7
v -3 -31 -7
v -3 -30 -7
v -2 -31 -7
v -2 -30 -7
v -1 -31 -7
v -1 -30 -7
v 0 -31 -7
v 0 -30 -7
v 1 -31 -7
v 1 -30 -7
v 2 -31 -7
v 2 -30 -7
v 3 -31 -7
v 3 -30 -7
v 4 -31 -7
v 4 -30 -7
v 5 -31 -7
v 5 -30 -7
v 6 -31 -7
v 6 -30 -7
v 7 -31 -7
v 7 -30 -7
v 8 -31 -7
v 8 -30 -7
v 9 -31 -7
v 9 -30 -7
v 10 -31 -7
v 10 -30 -7
v 11 -31 -7
v 11 -30 -7
v 12 -31 -7
v 12 -30 -7
v 13 -31 -7
v 13 -30 -7
v 14 -31 -7
v 14 -30 -7
v 15 -31 -7
v 15 -30 -7
v 16 -31 -7
v 16 -30 -7
v 17 -31 -7
v 17 -30 -7
v 18 -31 -7
v 18 -30 -7
v 19 -31 -8
v 19 -30 -8
v 19 -30 -7
v 19 -31 -7
v -5 23 -7
v -5 23 -6
v -5 24 -6
v -5 24 -7
v -4 23 -7
v -4 23 -6
v -4 24 -6
v -4 24 -7
v -3 23 -7
v -3 23 -6
v -3 24 -6
v -3 24 -7
v -2 23 -7
v -2 23 -6
v -2 24 -6
v -2 24 -7
v -1 23 -7
v -1 23 -6
v -1 24 -6
v -1 24 -7
v 0 23 -6
v 0 24 -6
v 1 23 -6
v 1 24 -6
v 2 23 -7
v 2 23 -6
v 2 24 -6
v 2 24 -7
v 3 23 -7
v 3 23 -6
v 3 24 -6
v 3 24 -7
v 4 23 -7
v 4 23 -6
v 4 24 -6
v 4 24 -7
v 5 23 -7
v 5 23 -6
v 5 24 -6
v 5 24 -7
v 6 23 -7
v 6 24 -7
v 6 24 -6
v 6 23 -6
v -5 5 -6
v -5 6 -6
v -4 6 -6
v -3 5 -6
v -4 5 -6
v -3 6 -6
v -2 5 -6
v -2 6 -6
v -1 5 -6
v -1 6 -6
v 0 5 -6
v 0 6 -6
v 1 5 -6
v 1 6 -6
v 2 5 -6
v 2 6 -6
v 3 5 -6
v 3 6 -6
v 4 5 -6
v 4 6 -6
v 5 5 -6
v 5 6 -6
v 6 6 -6
v 6 5 -6
v -5 4 -6
v -4 4 -6
v 5 4 -6
v 6 4 -6
v -5 3 -6
v -4 3 -6
v 5 3 -6
v 6 3 -6
v -5 2 -6
v -4 2 -6
v 5 2 -6
v 6 2 -6
v -5 1 -6
v -4 1 -6
v 5 1 -6
v 6 1 -6
v -5 0 -6
v -4 0 -6
v 5 0 -6
v 6 0 -6
v -5 -1 -6
v -4 -1 -6
v 0 -1 -7
v 0 -1 -6
v 0 0 -6
v 0 0 -7
v 1 -1 -7
v 1 0 -7
v 1 0 -6
v 1 -1 -6
v 5 -1 -6
v 6 -1 -6
v -5 -2 -6
v -4 -2 -6
v 5 -2 -6
v 6 -2 -6
v -5 -3 -6
v -4 -3 -6
v 5 -3 -6
v 6 -3 -6
v -5 -4 -6
v -4 -4 -6
v 5 -4 -6
v 6 -4 -6
v -5 -5 -6
v -4 -5 -6
v 5 -5 -6
v 6 -5 -6
v -5 -6 -6
v -4 -6 -6
v 5 -6 -6
v 6 -6 -6
v -5 -7 -6
v -4 -7 -6
v -3 -7 -6
v -3 -6 -6
v -2 -7 -6
v -2 -6 -6
v -1 -7 -6
v -1 -6 -6
v 0 -7 -6
v 0 -6 -6
v 1 -7 -6
v 1 -6 -6
v 2 -7 -6
v 2 -6 -6
v 3 -7 -6
v 3 -6 -6
v 4 -7 -6
v 4 -6 -6
v 5 -7 -6
v 6 -7 -6
v -19 -31 -7
v -19 -31 -6
v -19 -30 -6
v -19 -30 -7
v -18 -31 -6
v -18 -30 -6
v -17 -31 -6
v -17 -30 -6
v -16 -31 -6
v -16 -30 -6
v -15 -31 -6
v -15 -30 -6
v -14 -31 -6
v -14 -30 -6
v -13 -31 -6
v -13 -30 -6
v -12 -31 -6
v -12 -30 -6
v -11 -31 -6
v -11 -30 -6
v -10 -31 -6
v -10 -30 -6
v -9 -31 -6
v -9 -30 -6
v -8 -31 -6
v -8 -30 -6
v -7 -31 -6
v -7 -30 -6
v -6 -31 -6
v -6 -30 -6
v -5 -31 -6
v -5 -30 -6
v -4 -31 -6
v -4 -30 -6
v -3 -31 -6
v -3 -30 -6
v -2 -31 -6
v -2 -30 -6
v -1 -31 -6
v -1 -30 -6
v 0 -31 -6
v 0 -30 -6
v 1 -31 -6
v 1 -30 -6
v 2 -31 -6
v 2 -30 -6
v 3 -31 -6
v 3 -30 -6
v 4 -31 -6
v 4 -30 -6
v 5 -31 -6
v 5 -30 -6
v 6 -31 -6
v 6 -30 -6
v 7 -31 -6
v 7 -30 -6
v 8 -31 -6
v 8 -30 -6
v 9 -31 -6
v 9 -30 -6
v 10 -31 -6
v 10 -30 -6
v 11 -31 -6
v 11 -30 -6
v 12 -31 -6
v 12 -30 -6
v 13 -31 -6
v 13 -30 -6
v 14 -31 -6
v 14 -30 -6
v 15 -31 -6
v 15 -30 -6
v 16 -31 -6
v 16 -30 -6
v 17 -31 -6
v 17 -30 -6
v 18 -31 -6
v 18 -30 -6
v 19 -31 -6
v 19 -30 -6
v 20 -31 -7
v 20 -30 -7
v 20 -30 -6
v 20 -31 -6
v -7 23 -6
v -7 23 -5
v -7 24 -5
v -7 24 -6
v -6 23 -6
v -6 23 -5
v -6 24 -5
v -6 24 -6
v -5 23 -5
v -5 24 -5
v -4 23 -5
v -4 24 -5
v -3 23 -5
v -3 24 -5
v -2 23 -5
v -2 24 -5
v -1 23 -5
v -1 24 -5
v 0 23 -5
v 0 24 -5
v 1 23 -5
v 1 24 -5
v 2 23 -5
v 2 24 -5
v 3 23 -5
v 3 24 -5
v 4 23 -5
v 4 24 -5
v 5 23 -5
v 5 24 -5
v 6 23 -5
v 6 24 -5
v 7 23 -6
v 7 23 -5
v 7 24 -5
v 7 24 -6
v 8 23 -6
v 8 24 -6
v 8 24 -5
v 8 23 -5
v 0 16 -6
v 0 16 -5
v 0 17 -5
v 0 17 -6
v 1 16 -6
v 1 17 -6
v 1 17 -5
v 1 16 -5
v -5 5 -5
v -5 6 -5
v -4 6 -5
v -4 5 -5
v -3 6 -5
v -2 6 -5
v -1 6 -5
v 0 6 -5
v 1 6 -5
v 2 6 -5
v 3 6 -5
v 4 6 -5
v 5 6 -5
v 6 6 -5
v 6 5 -5
v 5 5 -5
v -5 4 -5
v -3 4 -6
v -2 4 -6
v -1 4 -6
v 0 4 -6
v 1 4 -6
v 2 4 -6
v 3 4 -6
v 4 4 -6
v 6 4 -5
v -5 3 -5
v -3 3 -6
v -2 3 -6
v -1 3 -6
v 0 3 -6
v 1 3 -6
v 2 3 -6
v 3 3 -6
v 4 3 -6
v 6 3 -5
v -5 2 -5
v -3 2 -6
v -2 2 -6
v -1 2 -6
v 0 2 -6
v 1 2 -6
v 2 2 -6
v 3 2 -6
v 4 2 -6
v 6 2 -5
v -5 1 -5
v -3 1 -6
v -2 1 -6
v -1 1 -6
v 0 1 -6
v 1 1 -6
v 2 1 -6
v 3 1 -6
v 4 1 -6
v 6 1 -5
v -5 0 -5
v -3 0 -6
v -2 0 -6
v -1 0 -6
v 2 0 -6
v 3 0 -6
v 4 0 -6
v 6 0 -5
v -5 -1 -5
v -3 -1 -6
v -2 -1 -6
v -1 -1 -6
v 2 -1 -6
v 3 -1 -6
v 4 -1 -6
v 6 -1 -5
v -5 -2 -5
v -3 -2 -6
v -2 -2 -6
v -1 -2 -6
v 0 -2 -6
v 1 -2 -6
v 2 -2 -6
v 3 -2 -6
v 4 -2 -6
v 6 -2 -5
v -5 -3 -5
v -3 -3 -6
v -2 -3 -6
v -1 -3 -6
v 0 -3 -6
v 1 -3 -6
v 2 -3 -6
v 3 -3 -6
v 4 -3 -6
v 6 -3 -5
v -5 -4 -5
v -3 -4 -6
v -2 -4 -6
v -1 -4 -6
v 0 -4 -6
v 1 -4 -6
v 2 -4 -6
v 3 -4 -6
v 4 -4 -6
v 6 -4 -5
v -5 -5 -5
v -3 -5 -6
v -2 -5 -6
v -1 -5 -6
v 0 -5 -6
v 1 -5 -6
v 2 -5 -6
v 3 -5 -6
v 4 -5 -6
v 6 -5 -5
v -5 -6 -5
v 6 -6 -5
v -5 -7 -5
v -4 -7 -5
v -4 -6 -5
v -3 -7 -5
v -2 -7 -5
v -1 -7 -5
v 0 -7 -5
v 1 -7 -5
v 2 -7 -5
v 3 -7 -5
v 4 -7 -5
v 5 -7 -5
v 6 -7 -5
v 5 -6 -5
v 2 -25 -6
v 2 -25 -5
v 2 -24 -5
v 2 -24 -6
v 3 -24 -5
v 3 -24 -6
v 3 -25 -6
v 4 -24 -5
v 4 -24 -6
v 4 -25 -6
v 5 -24 -5
v 5 -24 -6
v 5 -25 -6
v 6 -24 -5
v 6 -24 -6
v 6 -25 -6
v 7 -24 -5
v 7 -24 -6
v 7 -25 -6
v 8 -24 -5
v 8 -24 -6
v 8 -25 -6
v 9 -24 -5
v 9 -24 -6
v 9 -25 -6
v 10 -24 -5
v 10 -24 -6
v 10 -25 -6
v 11 -25 -6
v 11 -24 -6
v 11 -24 -5
v 11 -25 -5
v 2 -26 -6
v 2 -26 -5
v 3 -26 -6
v 4 -26 -6
v 5 -26 -6
v 6 -26 -6
v 7 -26 -6
v 8 -26 -6
v 9 -26 -6
v 10 -26 -6
v 11 -26 -6
v 11 -26 -5
v 2 -27 -6
v 2 -27 -5
v 3 -27 -6
v 4 -27 -6
v 5 -27 -6
v 6 -27 -6
v 7 -27 -6
v 8 -27 -6
v 9 -27 -6
v 10 -27 -6
v 11 -27 -6
v 11 -27 -5
v 2 -28 -6
v 2 -28 -5
v 3 -28 -6
v 4 -28 -6
v 5 -28 -6
v 6 -28 -6
v 7 -28 -6
v 8 -28 -6
v 9 -28 -6
v 10 -28 -6
v 11 -28 -6
v 11 -28 -5
v 2 -29 -6
v 2 -29 -5
v 3 -29 -6
v 3 -29 -5
v 4 -29 -6
v 4 -29 -5
v 5 -29 -6
v 5 -29 -5
v 6 -29 -6
v 6 -29 -5
v 7 -29 -6
v 7 -29 -5
v 8 -29 -6
v 8 -29 -5
v 9 -29 -6
v 9 -29 -5
v 10 -29 -6
v 10 -29 -5
v 11 -29 -6
v 11 -29 -5
v -20 -31 -6
v -20 -31 -5
v -20 -30 -5
v -20 -30 -6
v -19 -31 -5
v -19 -30 -5
v -18 -31 -5
v -18 -30 -5
v -17 -31 -5
v -17 -30 -5
v -16 -31 -5
v -16 -30 -5
v -15 -31 -5
v -15 -30 -5
v -14 -31 -5
v -14 -30 -5
v -13 -31 -5
v -13 -30 -5
v -12 -31 -5
v -12 -30 -5
v -11 -31 -5
v -11 -30 -5
v -10 -31 -5
v -10 -30 -5
v -9 -31 -5
v -9 -30 -5
v -8 -31 -5
v -8 -30 -5
v -7 -31 -5
v -7 -30 -5
v -6 -31 -5
v -6 -30 -5
v -5 -31 -5
v -5 -30 -5
v -4 -31 -5
v -4 -30 -5
v -3 -31 -5
v -3 -30 -5
v -2 -31 -5
v -2 -30 -5
v -1 -31 -5
v -1 -30 -5
v 0 -31 -5
v 0 -30 -5
v 1 -31 -5
v 1 -30 -5
v 2 -31 -5
v 2 -30 -5
v 3 -31 -5
v 3 -30 -5
v 4 -31 -5
v 4 -30 -5
v 5 -31 -5
v 5 -30 -5
v 6 -31 -5
v 6 -30 -5
v 7 -31 -5
v 7 -30 -5
v 8 -31 -5
v 8 -30 -5
v 9 -31 -5
v 9 -30 -5
v 10 -31 -5
v 10 -30 -5
v 11 -31 -5
v 11 -30 -5
v 12 -31 -5
v 12 -30 -5
v 13 -31 -5
v 13 -30 -5
v 14 -31 -5
v 14 -30 -5
v 15 -31 -5
v 15 -30 -5
v 16 -31 -5
v 16 -30 -5
v 17 -31 -5
v 17 -30 -5
v 18 -31 -5
v 18 -30 -5
v 19 -31 -5
v 19 -30 -5
v 20 -31 -5
v 20 -30 -5
v 21 -31 -6
v 21 -30 -6
v 21 -30 -5
v 21 -31 -5
v -8 23 -5
v -8 23 -4
v -8 24 -4
v -8 24 -5
v -7 23 -4
v -7 24 -4
v -6 23 -4
v -6 24 -4
v -5 23 -4
v -5 24 -4
v -4 23 -4
v -4 24 -4
v -3 23 -4
v -3 24 -4
v -2 23 -4
v -2 24 -4
v -1 23 -4
v -1 24 -4
v 0 23 -4
v 0 24 -4
v 1 23 -4
v 1 24 -4
v 2 23 -4
v 2 24 -4
v 3 23 -4
v 3 24 -4
v 4 23 -4
v 4 24 -4
v 5 23 -4
v 5 24 -4
v 6 23 -4
v 6 24 -4
v 7 23 -4
v 7 24 -4
v 8 23 -4
v 8 24 -4
v 9 23 -5
v 9 24 -5
v 9 24 -4
v 9 23 -4
v -1 20 -5
v -1 20 -4
v -1 21 -4
v -1 21 -5
v 0 21 -4
v 0 21 -5
v 0 20 -5
v 1 21 -4
v 1 21 -5
v 1 20 -5
v 2 20 -5
v 2 21 -5
v 2 21 -4
v 2 20 -4
v -2 19 -5
v -2 19 -4
v -2 20 -4
v -2 20 -5
v -1 19 -5
v 0 19 -5
v 1 19 -5
v 2 19 -5
v 3 19 -5
v 3 20 -5
v 3 20 -4
v 3 19 -4
v -3 18 -5
v -3 18 -4
v -3 19 -4
v -3 19 -5
v -2 18 -5
v -1 18 -5
v 0 18 -5
v 1 18 -5
v 2 18 -5
v 3 18 -5
v 4 18 -5
v 4 19 -5
v 4 19 -4
v 4 18 -4
v -3 17 -5
v -3 17 -4
v -2 17 -5
v -1 17 -5
v 2 17 -5
v 3 17 -5
v 4 17 -5
v 4 17 -4
v -3 16 -5
v -3 16 -4
v -2 16 -5
v -1 16 -5
v 2 16 -5
v 3 16 -5
v 4 16 -5
v 4 16 -4
v -3 15 -5
v -3 15 -4
v -2 15 -5
v -1 15 -5
v 0 15 -5
v 1 15 -5
v 2 15 -5
v 3 15 -5
v 4 15 -5
v 4 15 -4
v -3 14 -5
v -3 14 -4
v -2 14 -5
v -2 14 -4
v -1 14 -5
v 0 14 -5
v 1 14 -5
v 2 14 -5
v 3 14 -5
v 4 14 -5
v 4 14 -4
v 3 14 -4
v -2 13 -5
v -2 13 -4
v -1 13 -5
v -1 13 -4
v 0 13 -5
v 1 13 -5
v 2 13 -5
v 3 13 -5
v 3 13 -4
v 2 13 -4
v -1 12 -5
v -1 12 -4
v 0 12 -5
v 0 12 -4
v 1 12 -5
v 1 12 -4
v 2 12 -5
v 2 12 -4
v -3 7 -5
v -3 7 -4
v -3 8 -4
v -3 8 -5
v -2 8 -4
v -2 8 -5
v -2 7 -5
v -1 8 -4
v -1 8 -5
v -1 7 -5
v 0 8 -4
v 0 8 -5
v 0 7 -5
v 1 8 -4
v 1 8 -5
v 1 7 -5
v 2 8 -4
v 2 8 -5
v 2 7 -5
v 3 8 -4
v 3 8 -5
v 3 7 -5
v 4 7 -5
v 4 8 -5
v 4 8 -4
v 4 7 -4
v -4 6 -4
v -4 7 -4
v -4 7 -5
v 5 7 -5
v 5 7 -4
v 5 6 -4
v -4 5 -4
v 5 5 -4
v -5 4 -4
v -5 5 -4
v 6 5 -4
v 6 4 -4
v -6 3 -5
v -6 3 -4
v -6 4 -4
v -6 4 -5
v 7 3 -5
v 7 4 -5
v 7 4 -4
v 7 3 -4
v -6 2 -5
v -6 2 -4
v 7 2 -5
v 7 2 -4
v -6 1 -5
v -6 1 -4
v 7 1 -5
v 7 1 -4
v -6 0 -5
v -6 0 -4
v 7 0 -5
v 7 0 -4
v -6 -1 -5
v -6 -1 -4
v 7 -1 -5
v 7 -1 -4
v -6 -2 -5
v -6 -2 -4
v 7 -2 -5
v 7 -2 -4
v -6 -3 -5
v -6 -3 -4
v 7 -3 -5
v 7 -3 -4
v -6 -4 -5
v -6 -4 -4
v 7 -4 -5
v 7 -4 -4
v -6 -5 -5
v -6 -5 -4
v -5 -5 -4
v 7 -5 -5
v 7 -5 -4
v 6 -5 -4
v -5 -6 -4
v -4 -6 -4
v 6 -6 -4
v 5 -6 -4
v -4 -7 -4
v 5 -7 -4
v -4 -8 -5
v -4 -8 -4
v -3 -8 -5
v -3 -8 -4
v -2 -8 -5
v -1 -8 -5
v 0 -8 -5
v 1 -8 -5
v 2 -8 -5
v 3 -8 -5
v 4 -8 -5
v 5 -8 -5
v 5 -8 -4
v 4 -8 -4
v -3 -9 -5
v -3 -9 -4
v -2 -9 -5
v -2 -9 -4
v -1 -9 -5
v -1 -9 -4
v 0 -9 -5
v 0 -9 -4
v 1 -9 -5
v 1 -9 -4
v 2 -9 -5
v 2 -9 -4
v 3 -9 -5
v 3 -9 -4
v 4 -9 -5
v 4 -9 -4
v 5 -17 -5
v 5 -17 -4
v 5 -16 -4
v 5 -16 -5
v 6 -17 -5
v 6 -16 -5
v 6 -16 -4
v 6 -17 -4
v 5 -18 -5
v 5 -18 -4
v 6 -18 -5
v 7 -18 -5
v 7 -17 -5
v 7 -17 -4
v 7 -18 -4
v 5 -19 -5
v 5 -19 -4
v 6 -19 -5
v 7 -19 -5
v 7 -19 -4
v 4 -20 -5
v 4 -20 -4
v 4 -19 -4
v 4 -19 -5
v 5 -20 -5
v 6 -20 -5
v 7 -20 -5
v 7 -20 -4
v 4 -21 -5
v 4 -21 -4
v 5 -21 -5
v 6 -21 -5
v 7 -21 -5
v 8 -21 -5
v 8 -20 -5
v 8 -20 -4
v 8 -21 -4
v 4 -22 -5
v 4 -22 -4
v 5 -22 -5
v 6 -22 -5
v 7 -22 -5
v 8 -22 -5
v 8 -22 -4
v 4 -23 -5
v 4 -23 -4
v 5 -23 -5
v 6 -23 -5
v 7 -23 -5
v 8 -23 -5
v 8 -23 -4
v 4 -24 -4
v 8 -24 -4
v 2 -25 -4
v 2 -24 -4
v 3 -24 -4
v 9 -24 -4
v 10 -24 -4
v 11 -24 -4
v 11 -25 -4
v 2 -26 -4
v 11 -26 -4
v 2 -27 -4
v 11 -27 -4
v 2 -28 -4
v 11 -28 -4
v 2 -29 -4
v 3 -29 -4
v 4 -29 -4
v 5 -29 -4
v 6 -29 -4
v 7 -29 -4
v 8 -29 -4
v 9 -29 -4
v 10 -29 -4
v 11 -29 -4
v -20 -31 -4
v -20 -30 -4
v -19 -31 -4
v -19 -30 -4
v -18 -31 -4
v -18 -30 -4
v -17 -31 -4
v -17 -30 -4
v -16 -31 -4
v -16 -30 -4
v -15 -31 -4
v -15 -30 -4
v -14 -31 -4
v -14 -30 -4
v -13 -31 -4
v -13 -30 -4
v -12 -31 -4
v -12 -30 -4
v -11 -31 -4
v -11 -30 -4
v -10 -31 -4
v -10 -30 -4
v -9 -31 -4
v -9 -30 -4
v -8 -31 -4
v -8 -30 -4
v -7 -31 -4
v -7 -30 -4
v -6 -31 -4
v -6 -30 -4
v -5 -31 -4
v -5 -30 -4
v -4 -31 -4
v -4 -30 -4
v -3 -31 -4
v -3 -30 -4
v -2 -31 -4
v -2 -30 -4
v -1 -31 -4
v -1 -30 -4
v 0 -31 -4
v 0 -30 -4
v 1 -31 -4
v 1 -30 -4
v 2 -31 -4
v 2 -30 -4
v 3 -31 -4
v 3 -30 -4
v 4 -31 -4
v 4 -30 -4
v 5 -31 -4
v 5 -30 -4
v 6 -31 -4
v 6 -30 -4
v 7 -31 -4
v 7 -30 -4
v 8 -31 -4
v 8 -30 -4
v 9 -31 -4
v 9 -30 -4
v 10 -31 -4
v 10 -30 -4
v 11 -31 -4
v 11 -30 -4
v 12 -31 -4
v 12 -30 -4
v 13 -31 -4
v 13 -30 -4
v 14 -31 -4
v 14 -30 -4
v 15 -31 -4
v 15 -30 -4
v 16 -31 -4
v 16 -30 -4
v 17 -31 -4
v 17 -30 -4
v 18 -31 -4
v 18 -30 -4
v 19 -31 -4
v 19 -30 -4
v 20 -31 -4
v 20 -30 -4
v 21 -30 -4
v 21 -31 -4
v -5 29 -4
v -5 29 -3
v -5 30 -3
v -5 30 -4
v -4 30 -3
v -4 30 -4
v -4 29 -4
v -3 30 -3
v -3 30 -4
v -3 29 -4
v -2 30 -3
v -2 30 -4
v -2 29 -4
v -1 30 -3
v -1 30 -4
v -1 29 -4
v 0 30 -3
v 0 30 -4
v 0 29 -4
v 1 30 -3
v 1 30 -4
v 1 29 -4
v 2 30 -3
v 2 30 -4
v 2 29 -4
v 3 30 -3
v 3 30 -4
v 3 29 -4
v 4 30 -3
v 4 30 -4
v 4 29 -4
v 5 30 -3
v 5 30 -4
v 5 29 -4
v 6 29 -4
v 6 30 -4
v 6 30 -3
v 6 29 -3
v -5 28 -4
v -5 28 -3
v -4 28 -4
v -3 28 -4
v -4 28 -3
v -3 28 -3
v -3 29 -3
v -4 29 -3
v -2 28 -4
v -2 28 -3
v -2 29 -3
v -1 28 -4
v -1 28 -3
v -1 29 -3
v 0 28 -4
v 0 28 -3
v 0 29 -3
v 1 28 -4
v 1 28 -3
v 1 29 -3
v 2 28 -4
v 2 28 -3
v 2 29 -3
v 3 28 -4
v 3 28 -3
v 3 29 -3
v 4 28 -4
v 4 28 -3
v 4 29 -3
v 5 28 -4
v 5 28 -3
v 5 29 -3
v 6 28 -4
v 6 28 -3
v -5 27 -4
v -5 27 -3
v -4 27 -4
v -3 27 -4
v -4 27 -3
v -3 27 -3
v -2 27 -4
v -2 27 -3
v -1 27 -4
v -1 27 -3
v 0 27 -4
v 0 27 -3
v 1 27 -4
v 1 27 -3
v 2 27 -4
v 2 27 -3
v 3 27 -4
v 3 27 -3
v 4 27 -4
v 4 27 -3
v 5 27 -4
v 5 27 -3
v 6 27 -4
v 6 27 -3
v -5 26 -4
v -5 26 -3
v -4 26 -4
v -3 26 -4
v -4 26 -3
v -3 26 -3
v -2 26 -4
v -2 26 -3
v -1 26 -4
v -1 26 -3
v 0 26 -4
v 0 26 -3
v 1 26 -4
v 1 26 -3
v 2 26 -4
v 2 26 -3
v 3 26 -4
v 3 26 -3
v 4 26 -4
v 4 26 -3
v 5 26 -4
v 5 26 -3
v 6 26 -4
v 6 26 -3
v -5 25 -4
v -5 25 -3
v -4 25 -4
v -3 25 -4
v -4 25 -3
v -3 25 -3
v -2 25 -4
v -2 25 -3
v -1 25 -4
v -1 25 -3
v 0 25 -4
v 0 25 -3
v 1 25 -4
v 1 25 -3
v 2 25 -4
v 2 25 -3
v 3 25 -4
v 3 25 -3
v 4 25 -4
v 4 25 -3
v 5 25 -4
v 5 25 -3
v 6 25 -4
v 6 25 -3
v -5 24 -3
v 6 24 -3
v -9 23 -4
v -9 23 -3
v -9 24 -3
v -9 24 -4
v -8 23 -3
v -8 24 -3
v -7 23 -3
v -7 24 -3
v -6 23 -3
v -6 24 -3
v -5 23 -3
v -4 23 -3
v -3 23 -3
v -2 23 -3
v -1 23 -3
v 0 23 -3
v 1 23 -3
v 2 23 -3
v 3 23 -3
v 4 23 -3
v 5 23 -3
v 6 23 -3
v 7 23 -3
v 7 24 -3
v 8 23 -3
v 8 24 -3
v 9 23 -3
v 9 24 -3
v 10 23 -4
v 10 24 -4
v 10 24 -3
v 10 23 -3
v -2 21 -4
v -2 21 -3
v -2 22 -3
v -2 22 -4
v -1 22 -3
v -1 22 -4
v 0 22 -3
v 0 22 -4
v 1 22 -3
v 1 22 -4
v 2 22 -3
v 2 22 -4
v 3 21 -4
v 3 22 -4
v 3 22 -3
v 3 21 -3
v -3 20 -4
v -3 20 -3
v -3 21 -3
v -3 21 -4
v 4 20 -4
v 4 21 -4
v 4 21 -3
v 4 20 -3
v -4 19 -4
v -4 19 -3
v -4 20 -3
v -4 20 -4
v 5 19 -4
v 5 20 -4
v 5 20 -3
v 5 19 -3
v -4 18 -4
v -4 18 -3
v 5 18 -4
v 5 18 -3
v -5 17 -4
v -5 17 -3
v -5 18 -3
v -5 18 -4
v -4 17 -4
v 5 17 -4
v 6 17 -4
v 6 18 -4
v 6 18 -3
v 6 17 -3
v -5 16 -4
v -5 16 -3
v -4 16 -4
v 5 16 -4
v 6 16 -4
v 6 16 -3
v -5 15 -4
v -5 15 -3
v -4 15 -4
v -4 15 -3
v 5 15 -4
v 6 15 -4
v 6 15 -3
v 5 15 -3
v -4 14 -4
v -4 14 -3
v 5 14 -4
v 5 14 -3
v -4 13 -4
v -4 13 -3
v -3 13 -4
v -3 13 -3
v 4 13 -4
v 5 13 -4
v 5 13 -3
v 4 13 -3
v -3 12 -4
v -3 12 -3
v -2 12 -4
v -2 12 -3
v 3 12 -4
v 4 12 -4
v 4 12 -3
v 3 12 -3
v -2 11 -4
v -2 11 -3
v -1 11 -4
v -1 11 -3
v 0 11 -4
v 0 11 -3
v 1 11 -4
v 1 11 -3
v 2 11 -4
v 2 11 -3
v 3 11 -4
v 3 11 -3
v -2 9 -4
v -2 9 -3
v -2 10 -3
v -2 10 -4
v -1 10 -3
v -1 10 -4
v -1 9 -4
v 0 10 -3
v 0 10 -4
v 0 9 -4
v 1 10 -3
v 1 10 -4
v 1 9 -4
v 2 10 -3
v 2 10 -4
v 2 9 -4
v 3 9 -4
v 3 10 -4
v 3 10 -3
v 3 9 -3
v -3 8 -3
v -3 9 -3
v -3 9 -4
v 4 9 -4
v 4 9 -3
v 4 8 -3
v -4 7 -3
v -4 8 -3
v -4 8 -4
v 5 8 -4
v 5 8 -3
v 5 7 -3
v -5 6 -4
v -5 6 -3
v -5 7 -3
v -5 7 -4
v 6 6 -4
v 6 7 -4
v 6 7 -3
v 6 6 -3
v -6 5 -4
v -6 5 -3
v -6 6 -3
v -6 6 -4
v 7 5 -4
v 7 6 -4
v 7 6 -3
v 7 5 -3
v -6 4 -3
v 7 4 -3
v -7 3 -4
v -7 3 -3
v -7 4 -3
v -7 4 -4
v 8 3 -4
v 8 4 -4
v 8 4 -3
v 8 3 -3
v -7 2 -4
v -7 2 -3
v 8 2 -4
v 8 2 -3
v -7 1 -4
v -7 1 -3
v 8 1 -4
v 8 1 -3
v -7 0 -4
v -7 0 -3
v 8 0 -4
v 8 0 -3
v -7 -1 -4
v -7 -1 -3
v 8 -1 -4
v 8 -1 -3
v -7 -2 -4
v -7 -2 -3
v 8 -2 -4
v 8 -2 -3
v -7 -3 -4
v -7 -3 -3
v 8 -3 -4
v 8 -3 -3
v -7 -4 -4
v -7 -4 -3
v 8 -4 -4
v 8 -4 -3
v -7 -5 -4
v -7 -5 -3
v -6 -5 -3
v 8 -5 -4
v 8 -5 -3
v 7 -5 -3
v -6 -6 -4
v -6 -6 -3
v 7 -6 -4
v 7 -6 -3
v -6 -7 -4
v -6 -7 -3
v -5 -7 -4
v -5 -7 -3
v 6 -7 -4
v 7 -7 -4
v 7 -7 -3
v 6 -7 -3
v -5 -8 -4
v -5 -8 -3
v -4 -8 -3
v 6 -8 -4
v 6 -8 -3
v -4 -9 -4
v -4 -9 -3
v -3 -9 -3
v 5 -9 -4
v 6 -9 -4
v 6 -9 -3
v -3 -10 -4
v -3 -10 -3
v -2 -10 -4
v -2 -10 -3
v -1 -10 -4
v 0 -10 -4
v 1 -10 -4
v 2 -10 -4
v 3 -10 -4
v 4 -10 -4
v 5 -10 -4
v 6 -10 -4
v 6 -10 -3
v -2 -11 -4
v -2 -11 -3
v -1 -11 -4
v -1 -11 -3
v 0 -11 -4
v 0 -11 -3
v 1 -11 -4
v 1 -11 -3
v 2 -11 -4
v 2 -11 -3
v 3 -11 -4
v 3 -11 -3
v 4 -11 -4
v 5 -11 -4
v 6 -11 -4
v 6 -11 -3
v 3 -12 -4
v 3 -12 -3
v 4 -12 -4
v 5 -12 -4
v 6 -12 -4
v 7 -12 -4
v 7 -11 -4
v 7 -11 -3
v 7 -12 -3
v 3 -13 -4
v 3 -13 -3
v 4 -13 -4
v 5 -13 -4
v 6 -13 -4
v 7 -13 -4
v 7 -13 -3
v 3 -14 -4
v 3 -14 -3
v 4 -14 -4
v 5 -14 -4
v 6 -14 -4
v 7 -14 -4
v 7 -14 -3
v 3 -15 -4
v 3 -15 -3
v 4 -15 -4
v 5 -15 -4
v 6 -15 -4
v 7 -15 -4
v 7 -15 -3
v 3 -16 -4
v 3 -16 -3
v 4 -16 -4
v 7 -16 -4
v 8 -16 -4
v 8 -15 -4
v 8 -15 -3
v 8 -16 -3
v 3 -17 -4
v 3 -17 -3
v 4 -17 -4
v 8 -17 -4
v 8 -17 -3
v 3 -18 -4
v 3 -18 -3
v 4 -18 -4
v 8 -18 -4
v 8 -18 -3
v 3 -19 -4
v 3 -19 -3
v 8 -19 -4
v 8 -19 -3
v 3 -20 -4
v 3 -20 -3
v 8 -20 -3
v 3 -21 -4
v 3 -21 -3
v 9 -21 -4
v 9 -20 -4
v 9 -20 -3
v 9 -21 -3
v 3 -22 -4
v 3 -22 -3
v 9 -22 -4
v 9 -22 -3
v 3 -23 -4
v 3 -23 -3
v 4 -23 -3
v 9 -23 -4
v 9 -23 -3
v 4 -24 -3
v 9 -24 -3
v 2 -25 -3
v 2 -24 -3
v 3 -24 -3
v 10 -24 -3
v 11 -24 -3
v 11 -25 -3
v 2 -26 -3
v 11 -26 -3
v 2 -27 -3
v 11 -27 -3
v 2 -28 -3
v 11 -28 -3
v 2 -29 -3
v 3 -29 -3
v 4 -29 -3
v 5 -29 -3
v 6 -29 -3
v 7 -29 -3
v 8 -29 -3
v 9 -29 -3
v 10 -29 -3
v 11 -29 -3
v -21 -31 -4
v -21 -31 -3
v -21 -30 -3
v -21 -30 -4
v -20 -31 -3
v -20 -30 -3
v -19 -31 -3
v -19 -30 -3
v -18 -31 -3
v -18 -30 -3
v -17 -31 -3
v -17 -30 -3
v -16 -31 -3
v -16 -30 -3
v -15 -31 -3
v -15 -30 -3
v -14 -31 -3
v -14 -30 -3
v -13 -31 -3
v -13 -30 -3
v -12 -31 -3
v -12 -30 -3
v -11 -31 -3
v -11 -30 -3
v -10 -31 -3
v -10 -30 -3
v -9 -31 -3
v -9 -30 -3
v -8 -31 -3
v -8 -30 -3
v -7 -31 -3
v -7 -30 -3
v -6 -31 -3
v -6 -30 -3
v -5 -31 -3
v -5 -30 -3
v -4 -31 -3
v -4 -30 -3
v -3 -31 -3
v -3 -30 -3
v -2 -31 -3
v -2 -30 -3
v -1 -31 -3
v -1 -30 -3
v 0 -31 -3
v 0 -30 -3
v 1 -31 -3
v 1 -30 -3
v 2 -31 -3
v 2 -30 -3
v 3 -31 -3
v 3 -30 -3
v 4 -31 -3
v 4 -30 -3
v 5 -31 -3
v 5 -30 -3
v 6 -31 -3
v 6 -30 -3
v 7 -31 -3
v 7 -30 -3
v 8 -31 -3
v 8 -30 -3
v 9 -31 -3
v 9 -30 -3
v 10 -31 -3
v 10 -30 -3
v 11 -31 -3
v 11 -30 -3
v 12 -31 -3
v 12 -30 -3
v 13 -31 -3
v 13 -30 -3
v 14 -31 -3
v 14 -30 -3
v 15 -31 -3
v 15 -30 -3
v 16 -31 -3
v 16 -30 -3
v 17 -31 -3
v 17 -30 -3
v 18 -31 -3
v 18 -30 -3
v 19 -31 -3
v 19 -30 -3
v 20 -31 -3
v 20 -30 -3
v 21 -31 -3
v 21 -30 -3
v 22 -31 -4
v 22 -30 -4
v 22 -30 -3
v 22 -31 -3
v -5 29 -2
v -5 30 -2
v -4 30 -2
v -3 29 -2
v -4 29 -2
v -3 30 -2
v -2 29 -2
v -2 30 -2
v -1 29 -2
v -1 30 -2
v 0 29 -2
v 0 30 -2
v 1 29 -2
v 1 30 -2
v 2 29 -2
v 2 30 -2
v 3 29 -2
v 3 30 -2
v 4 29 -2
v 4 30 -2
v 5 29 -2
v 5 30 -2
v 6 30 -2
v 6 29 -2
v -5 28 -2
v -4 28 -2
v 5 28 -2
v 6 28 -2
v -5 27 -2
v -4 27 -2
v 5 27 -2
v 6 27 -2
v -5 26 -2
v -4 26 -2
v 5 26 -2
v 6 26 -2
v -5 25 -2
v -4 25 -2
v 5 25 -2
v 6 25 -2
v -5 24 -2
v -3 25 -2
v -2 25 -2
v -1 25 -2
v 0 25 -2
v 1 25 -2
v 2 25 -2
v 3 25 -2
v 4 25 -2
v 6 24 -2
v -10 23 -3
v -10 23 -2
v -10 24 -2
v -10 24 -3
v -9 23 -2
v -9 24 -2
v -8 23 -2
v -8 24 -2
v -7 23 -2
v -7 24 -2
v -6 23 -2
v -6 24 -2
v -5 23 -2
v -4 23 -2
v -3 23 -2
v 5 23 -2
v 4 23 -2
v 6 23 -2
v 7 23 -2
v 7 24 -2
v 8 23 -2
v 8 24 -2
v 9 23 -2
v 9 24 -2
v 10 23 -2
v 10 24 -2
v 11 23 -3
v 11 24 -3
v 11 24 -2
v 11 23 -2
v -3 22 -3
v -3 22 -2
v 4 22 -3
v 4 22 -2
v -4 21 -3
v -4 21 -2
v -4 22 -2
v -4 22 -3
v 5 21 -3
v 5 22 -3
v 5 22 -2
v 5 21 -2
v -4 20 -2
v 5 20 -2
v -5 19 -3
v -5 19 -2
v -5 20 -2
v -5 20 -3
v 6 19 -3
v 6 20 -3
v 6 20 -2
v 6 19 -2
v -5 18 -2
v 6 18 -2
v -5 17 -2
v 6 17 -2
v -6 16 -3
v -6 16 -2
v -6 17 -2
v -6 17 -3
v -5 16 -2
v 7 16 -3
v 7 17 -3
v 7 17 -2
v 7 16 -2
v 6 16 -2
v -5 15 -2
v 6 15 -2
v -5 14 -3
v -5 14 -2
v 6 14 -3
v 6 14 -2
v -5 13 -3
v -5 13 -2
v -4 13 -2
v 6 13 -3
v 6 13 -2
v 5 13 -2
v -4 12 -3
v -4 12 -2
v 5 12 -3
v 5 12 -2
v -4 11 -3
v -4 11 -2
v -3 11 -3
v -3 11 -2
v 4 11 -3
v 5 11 -3
v 5 11 -2
v 4 11 -2
v -3 10 -3
v -3 10 -2
v 4 10 -3
v 4 10 -2
v -3 9 -2
v 4 9 -2
v -5 8 -3
v -5 8 -2
v -5 9 -2
v -5 9 -3
v -4 9 -2
v -4 9 -3
v 5 9 -2
v 5 9 -3
v 6 8 -3
v 6 9 -3
v 6 9 -2
v 6 8 -2
v -6 7 -3
v -6 7 -2
v -6 8 -2
v -6 8 -3
v 7 7 -3
v 7 8 -3
v 7 8 -2
v 7 7 -2
v -10 6 -3
v -10 6 -2
v -10 7 -2
v -10 7 -3
v -9 7 -2
v -9 7 -3
v -9 6 -3
v -8 7 -2
v -8 7 -3
v -8 6 -3
v -7 6 -3
v -7 7 -3
v -7 7 -2
v -7 6 -2
v -6 6 -2
v 7 6 -2
v 8 6 -3
v 8 6 -2
v 8 7 -2
v 8 7 -3
v 9 7 -2
v 9 7 -3
v 9 6 -3
v 10 7 -2
v 10 7 -3
v 10 6 -3
v 11 6 -3
v 11 7 -3
v 11 7 -2
v 11 6 -2
v -10 5 -3
v -10 5 -2
v -9 5 -3
v -8 5 -3
v -7 5 -3
v 8 5 -3
v 9 5 -3
v 10 5 -3
v 11 5 -3
v 11 5 -2
v -10 4 -3
v -10 4 -2
v -9 4 -3
v -9 4 -2
v -8 4 -3
v -8 4 -2
v -7 4 -2
v 9 4 -3
v 9 4 -2
v 8 4 -2
v 10 4 -3
v 10 4 -2
v 11 4 -3
v 12 4 -3
v 12 5 -3
v 12 5 -2
v 12 4 -2
v -7 3 -2
v 8 3 -2
v 10 3 -3
v 10 3 -2
v 11 3 -3
v 11 3 -2
v 12 3 -3
v 12 3 -2
v -8 2 -3
v -8 2 -2
v -8 3 -2
v -8 3 -3
v 9 2 -3
v 9 3 -3
v 9 3 -2
v 9 2 -2
v 11 2 -3
v 11 2 -2
v 12 2 -3
v 12 2 -2
v 13 2 -3
v 13 3 -3
v 13 3 -2
v 13 2 -2
v -8 1 -3
v -8 1 -2
v 9 1 -3
v 9 1 -2
v -8 0 -3
v -8 0 -2
v 9 0 -3
v 9 0 -2
v -8 -1 -3
v -8 -1 -2
v 9 -1 -3
v 9 -1 -2
v -8 -2 -3
v -8 -2 -2
v 9 -2 -3
v 9 -2 -2
v -8 -3 -3
v -8 -3 -2
v 9 -3 -3
v 9 -3 -2
v -8 -4 -3
v -8 -4 -2
v -7 -4 -2
v 9 -4 -3
v 9 -4 -2
v 8 -4 -2
v -7 -5 -2
v 8 -5 -2
v -7 -6 -3
v -7 -6 -2
v 8 -6 -3
v 8 -6 -2
v -7 -7 -3
v -7 -7 -2
v -6 -7 -2
v 8 -7 -3
v 8 -7 -2
v 7 -7 -2
v -6 -8 -3
v -6 -8 -2
v 7 -8 -3
v 7 -8 -2
v -6 -9 -3
v -6 -9 -2
v -5 -9 -3
v 7 -9 -3
v 7 -9 -2
v -6 -10 -3
v -6 -10 -2
v -5 -10 -3
v -4 -10 -3
v 7 -10 -3
v 7 -10 -2
v -6 -11 -3
v -6 -11 -2
v -5 -11 -3
v -4 -11 -3
v -3 -11 -3
v -2 -11 -2
v -3 -11 -2
v -1 -11 -2
v 7 -11 -2
v -6 -12 -3
v -6 -12 -2
v -5 -12 -3
v -5 -12 -2
v -4 -12 -3
v -3 -12 -3
v -3 -12 -2
v -1 -12 -3
v -1 -12 -2
v 0 -12 -3
v 0 -12 -2
v 1 -12 -3
v 1 -12 -2
v 2 -12 -3
v 2 -12 -2
v 8 -12 -3
v 8 -11 -3
v 8 -11 -2
v 8 -12 -2
v -5 -13 -3
v -5 -13 -2
v -4 -13 -3
v -3 -13 -3
v -3 -13 -2
v -4 -13 -2
v 2 -13 -3
v 2 -13 -2
v 8 -13 -3
v 8 -13 -2
v -5 -14 -3
v -5 -14 -2
v -4 -14 -3
v -4 -14 -2
v 2 -14 -3
v 2 -14 -2
v 3 -14 -2
v 8 -14 -3
v 8 -14 -2
v 3 -15 -2
v 8 -15 -2
v 3 -16 -2
v 8 -16 -2
v 3 -17 -2
v 8 -17 -2
v 3 -18 -2
v 9 -18 -3
v 9 -17 -3
v 9 -17 -2
v 9 -18 -2
v 3 -19 -2
v 9 -19 -3
v 9 -19 -2
v 3 -20 -2
v 9 -20 -2
v 3 -21 -2
v 9 -21 -2
v 3 -22 -2
v 9 -22 -2
v 3 -23 -2
v 9 -23 -2
v 3 -24 -2
v 9 -24 -2
v 2 -25 -2
v 2 -24 -2
v 10 -24 -2
v 11 -24 -2
v 11 -25 -2
v 2 -26 -2
v 11 -26 -2
v 2 -27 -2
v 11 -27 -2
v 2 -28 -2
v 11 -28 -2
v 2 -29 -2
v 3 -29 -2
v 4 -29 -2
v 5 -29 -2
v 6 -29 -2
v 7 -29 -2
v 8 -29 -2
v 9 -29 -2
v 10 -29 -2
v 11 -29 -2
v -21 -31 -2
v -21 -30 -2
v -20 -31 -2
v -20 -30 -2
v -19 -31 -2
v -19 -30 -2
v -18 -31 -2
v -18 -30 -2
v -17 -31 -2
v -17 -30 -2
v -16 -31 -2
v -16 -30 -2
v -15 -31 -2
v -15 -30 -2
v -14 -31 -2
v -14 -30 -2
v -13 -31 -2
v -13 -30 -2
v -12 -31 -2
v -12 -30 -2
v -11 -31 -2
v -11 -30 -2
v -10 -31 -2
v -10 -30 -2
v -9 -31 -2
v -9 -30 -2
v -8 -31 -2
v -8 -30 -2
v -7 -31 -2
v -7 -30 -2
v -6 -31 -2
v -6 -30 -2
v -5 -31 -2
v -5 -30 -2
v -4 -31 -2
v -4 -30 -2
v -3 -31 -2
v -3 -30 -2
v -2 -31 -2
v -2 -30 -2
v -1 -31 -2
v -1 -30 -2
v 0 -31 -2
v 0 -30 -2
v 1 -31 -2
v 1 -30 -2
v 2 -31 -2
v 2 -30 -2
v 3 -31 -2
v 3 -30 -2
v 4 -31 -2
v 4 -30 -2
v 5 -31 -2
v 5 -30 -2
v 6 -31 -2
v 6 -30 -2
v 7 -31 -2
v 7 -30 -2
v 8 -31 -2
v 8 -30 -2
v 9 -31 -2
v 9 -30 -2
v 10 -31 -2
v 10 -30 -2
v 11 -31 -2
v 11 -30 -2
v 12 -31 -2
v 12 -30 -2
v 13 -31 -2
v 13 -30 -2
v 14 -31 -2
v 14 -30 -2
v 15 -31 -2
v 15 -30 -2
v 16 -31 -2
v 16 -30 -2
v 17 -31 -2
v 17 -30 -2
v 18 -31 -2
v 18 -30 -2
v 19 -31 -2
v 19 -30 -2
v 20 -31 -2
v 20 -30 -2
v 21 -31 -2
v 21 -30 -2
v 22 -30 -2
v 22 -31 -2
v -5 29 -1
v -5 30 -1
v -4 30 -1
v -3 29 -1
v -4 29 -1
v -3 30 -1
v -2 29 -1
v -2 30 -1
v -1 29 -1
v -1 30 -1
v 0 29 -1
v 0 30 -1
v 1 29 -1
v 1 30 -1
v 2 29 -1
v 2 30 -1
v 3 29 -1
v 3 30 -1
v 4 29 -1
v 4 30 -1
v 5 29 -1
v 5 30 -1
v 6 30 -1
v 6 29 -1
v -5 28 -1
v -4 28 -1
v 5 28 -1
v 6 28 -1
v -5 27 -1
v -4 27 -1
v 5 27 -1
v 6 27 -1
v -5 26 -1
v -4 26 -1
v 5 26 -1
v 6 26 -1
v -5 25 -1
v -4 25 -1
v 5 25 -1
v 6 25 -1
v -5 24 -1
v -3 25 -1
v -2 25 -1
v -1 25 -1
v 0 25 -1
v 1 25 -1
v 2 25 -1
v 3 25 -1
v 4 25 -1
v 6 24 -1
v -10 23 -1
v -10 24 -1
v -9 23 -1
v -9 24 -1
v -8 23 -1
v -8 24 -1
v -7 23 -1
v -7 24 -1
v -6 23 -1
v -6 24 -1
v -5 23 -1
v -4 23 -1
v -3 23 -1
v 5 23 -1
v 4 23 -1
v 6 23 -1
v 7 23 -1
v 7 24 -1
v 8 23 -1
v 8 24 -1
v 9 23 -1
v 9 24 -1
v 10 23 -1
v 10 24 -1
v 11 24 -1
v 11 23 -1
v -3 22 -1
v 4 22 -1
v -4 21 -1
v -4 22 -1
v 5 22 -1
v 5 21 -1
v -5 20 -1
v -5 21 -1
v -5 21 -2
v 6 21 -2
v 6 21 -1
v 6 20 -1
v -6 19 -2
v -6 19 -1
v -6 20 -1
v -6 20 -2
v 7 19 -2
v 7 20 -2
v 7 20 -1
v 7 19 -1
v -6 18 -2
v -6 18 -1
v 7 18 -2
v 7 18 -1
v -6 17 -1
v 7 17 -1
v -6 16 -1
v 7 16 -1
v -6 15 -2
v -6 15 -1
v 7 15 -2
v 7 15 -1
v -6 14 -2
v -6 14 -1
v 7 14 -2
v 7 14 -1
v -6 13 -2
v -6 13 -1
v -5 13 -1
v 7 13 -2
v 7 13 -1
v 6 13 -1
v -5 12 -2
v -5 12 -1
v -4 12 -1
v 6 12 -2
v 6 12 -1
v 5 12 -1
v -4 11 -1
v -3 11 -1
v 5 11 -1
v 4 11 -1
v -3 10 -1
v 4 10 -1
v -4 9 -1
v -4 10 -1
v -4 10 -2
v 5 10 -2
v 5 10 -1
v 5 9 -1
v -5 8 -1
v -5 9 -1
v 6 9 -1
v 6 8 -1
v -10 7 -1
v -10 8 -1
v -10 8 -2
v -9 8 -1
v -9 8 -2
v -8 8 -1
v -8 8 -2
v -7 8 -2
v -7 8 -1
v -7 7 -1
v -6 7 -1
v -6 8 -1
v 7 8 -1
v 7 7 -1
v 8 7 -1
v 8 8 -1
v 8 8 -2
v 9 8 -1
v 9 8 -2
v 10 8 -1
v 10 8 -2
v 11 8 -2
v 11 8 -1
v 11 7 -1
v -11 6 -2
v -11 6 -1
v -11 7 -1
v -11 7 -2
v 12 6 -2
v 12 7 -2
v 12 7 -1
v 12 6 -1
v -12 5 -2
v -12 5 -1
v -12 6 -1
v -12 6 -2
v -11 5 -2
v 12 5 -1
v -13 4 -2
v -13 4 -1
v -13 5 -1
v -13 5 -2
v -12 4 -2
v -11 4 -2
v 13 4 -2
v 13 5 -2
v 13 5 -1
v 13 4 -1
v -13 3 -2
v -13 3 -1
v -12 3 -2
v -12 3 -1
v -11 3 -2
v -11 3 -1
v -10 3 -2
v -10 3 -1
v -9 3 -2
v -9 3 -1
v -8 3 -1
v 14 3 -2
v 14 4 -2
v 14 4 -1
v 14 3 -1
v -8 2 -1
v 10 2 -2
v 10 2 -1
v 9 2 -1
v 14 2 -2
v 15 2 -2
v 15 3 -2
v 15 3 -1
v 15 2 -1
v -8 1 -1
v 9 1 -1
v 10 1 -2
v 10 1 -1
v 11 1 -2
v 11 1 -1
v 12 1 -2
v 13 1 -2
v 14 1 -2
v 15 1 -2
v 15 1 -1
v -8 0 -1
v 9 0 -1
v 11 0 -2
v 11 0 -1
v 12 0 -2
v 12 0 -1
v 13 0 -2
v 14 0 -2
v 15 0 -2
v 16 0 -2
v 16 1 -2
v 16 1 -1
v 16 0 -1
v -8 -1 -1
v 9 -1 -1
v 12 -1 -2
v 12 -1 -1
v 13 -1 -2
v 13 -1 -1
v 14 -1 -2
v 15 -1 -2
v 16 -1 -2
v 17 -1 -2
v 17 0 -2
v 17 0 -1
v 17 -1 -1
v -8 -2 -1
v 9 -2 -1
v 13 -2 -2
v 13 -2 -1
v 14 -2 -2
v 14 -2 -1
v 15 -2 -2
v 16 -2 -2
v 17 -2 -2
v 17 -2 -1
v -8 -3 -1
v 9 -3 -1
v 14 -3 -2
v 14 -3 -1
v 15 -3 -2
v 15 -3 -1
v 16 -3 -2
v 16 -3 -1
v 17 -3 -2
v 17 -3 -1
v -8 -4 -1
v 9 -4 -1
v -8 -5 -2
v -8 -5 -1
v 9 -5 -2
v 9 -5 -1
v -8 -6 -2
v -8 -6 -1
v -7 -6 -1
v 9 -6 -2
v 9 -6 -1
v 8 -6 -1
v -7 -7 -1
v 8 -7 -1
v -7 -8 -2
v -7 -8 -1
v -6 -8 -1
v 8 -8 -2
v 8 -8 -1
v -6 -9 -1
v 8 -9 -2
v 8 -9 -1
v -7 -10 -2
v -7 -10 -1
v -7 -9 -1
v -7 -9 -2
v 8 -10 -2
v 8 -10 -1
v -7 -11 -2
v -7 -11 -1
v 8 -11 -1
v -7 -12 -2
v -7 -12 -1
v -2 -12 -2
v -1 -12 -1
v -2 -12 -1
v 0 -12 -1
v 1 -12 -1
v 2 -12 -1
v 8 -12 -1
v -7 -13 -2
v -7 -13 -1
v -6 -13 -2
v -2 -13 -2
v -2 -13 -1
v 2 -13 -1
v 8 -13 -1
v -7 -14 -2
v -7 -14 -1
v -6 -14 -2
v -3 -14 -2
v -2 -14 -2
v -2 -14 -1
v 2 -14 -1
v 8 -14 -1
v -7 -15 -2
v -7 -15 -1
v -6 -15 -2
v -5 -15 -2
v -4 -15 -2
v -3 -15 -2
v -2 -15 -2
v -2 -15 -1
v -3 -15 -1
v 2 -15 -2
v 2 -15 -1
v 8 -15 -1
v -7 -16 -2
v -7 -16 -1
v -6 -16 -2
v -5 -16 -2
v -4 -16 -2
v -3 -16 -2
v -3 -16 -1
v 2 -16 -2
v 2 -16 -1
v 8 -16 -1
v -7 -17 -2
v -7 -17 -1
v -6 -17 -2
v -5 -17 -2
v -4 -17 -2
v -3 -17 -2
v -3 -17 -1
v -4 -17 -1
v 2 -17 -2
v 2 -17 -1
v 3 -17 -1
v 3 -16 -1
v 9 -16 -2
v 9 -16 -1
v 9 -17 -1
v 8 -17 -1
v -7 -18 -2
v -7 -18 -1
v -6 -18 -2
v -6 -18 -1
v -5 -18 -2
v -4 -18 -2
v -4 -18 -1
v 3 -18 -1
v 9 -18 -1
v 8 -18 -1
v -6 -19 -2
v -6 -19 -1
v -5 -19 -2
v -4 -19 -2
v -4 -19 -1
v -5 -19 -1
v 3 -19 -1
v 9 -19 -1
v 8 -19 -1
v -6 -20 -2
v -6 -20 -1
v -5 -20 -2
v -5 -20 -1
v 3 -20 -1
v 9 -20 -1
v 3 -21 -1
v 9 -21 -1
v 3 -22 -1
v 9 -22 -1
v 3 -23 -1
v 4 -23 -1
v 4 -22 -1
v 9 -23 -1
v 3 -24 -1
v 4 -24 -1
v 9 -24 -1
v 2 -25 -1
v 2 -24 -1
v 10 -24 -1
v 11 -24 -1
v 11 -25 -1
v 2 -26 -1
v 11 -26 -1
v 2 -27 -1
v 11 -27 -1
v 2 -28 -1
v 11 -28 -1
v 2 -29 -1
v 3 -29 -1
v 4 -29 -1
v 5 -29 -1
v 6 -29 -1
v 7 -29 -1
v 8 -29 -1
v 9 -29 -1
v 10 -29 -1
v 11 -29 -1
v -21 -31 -1
v -21 -30 -1
v -20 -31 -1
v -20 -30 -1
v -19 -31 -1
v -19 -30 -1
v -18 -31 -1
v -18 -30 -1
v -17 -31 -1
v -17 -30 -1
v -16 -31 -1
v -16 -30 -1
v -15 -31 -1
v -15 -30 -1
v -14 -31 -1
v -14 -30 -1
v -13 -31 -1
v -13 -30 -1
v -12 -31 -1
v -12 -30 -1
v -11 -31 -1
v -11 -30 -1
v -10 -31 -1
v -10 -30 -1
v -9 -31 -1
v -9 -30 -1
v -8 -31 -1
v -8 -30 -1
v -7 -31 -1
v -7 -30 -1
v -6 -31 -1
v -6 -30 -1
v -5 -31 -1
v -5 -30 -1
v -4 -31 -1
v -4 -30 -1
v -3 -31 -1
v -3 -30 -1
v -2 -31 -1
v -2 -30 -1
v -1 -31 -1
v -1 -30 -1
v 0 -31 -1
v 0 -30 -1
v 1 -31 -1
v 1 -30 -1
v 2 -31 -1
v 2 -30 -1
v 3 -31 -1
v 3 -30 -1
v 4 -31 -1
v 4 -30 -1
v 5 -31 -1
v 5 -30 -1
v 6 -31 -1
v 6 -30 -1
v 7 -31 -1
v 7 -30 -1
v 8 -31 -1
v 8 -30 -1
v 9 -31 -1
v 9 -30 -1
v 10 -31 -1
v 10 -30 -1
v 11 -31 -1
v 11 -30 -1
v 12 -31 -1
v 12 -30 -1
v 13 -31 -1
v 13 -30 -1
v 14 -31 -1
v 14 -30 -1
v 15 -31 -1
v 15 -30 -1
v 16 -31 -1
v 16 -30 -1
v 17 -31 -1
v 17 -30 -1
v 18 -31 -1
v 18 -30 -1
v 19 -31 -1
v 19 -30 -1
v 20 -31 -1
v 20 -30 -1
v 21 -31 -1
v 21 -30 -1
v 22 -30 -1
v 22 -31 -1
v -5 29 0
v -5 30 0
v -4 30 0
v -3 29 0
v -4 29 0
v -3 30 0
v -2 29 0
v -2 30 0
v -1 29 0
v -1 30 0
v 0 29 0
v 0 30 0
v 1 29 0
v 1 30 0
v 2 29 0
v 2 30 0
v 3 29 0
v 3 30 0
v 4 29 0
v 4 30 0
v 5 29 0
v 5 30 0
v 6 30 0
v 6 29 0
v -5 28 0
v -4 28 0
v 5 28 0
v 6 28 0
v -5 27 0
v -4 27 0
v 5 27 0
v 6 27 0
v -5 26 0
v -4 26 0
v 5 26 0
v 6 26 0
v -5 25 0
v -4 25 0
v 5 25 0
v 6 25 0
v -5 24 0
v -3 25 0
v -2 25 0
v -1 25 0
v 0 25 0
v 1 25 0
v 2 25 0
v 3 25 0
v 4 25 0
v 6 24 0
v -10 23 0
v -10 24 0
v -9 23 0
v -9 24 0
v -8 23 0
v -8 24 0
v -7 23 0
v -7 24 0
v -6 23 0
v -6 24 0
v -5 23 0
v -4 23 0
v 6 23 0
v 5 23 0
v 7 23 0
v 7 24 0
v 8 23 0
v 8 24 0
v 9 23 0
v 9 24 0
v 10 23 0
v 10 24 0
v 11 24 0
v 11 23 0
v -4 22 0
v 5 22 0
v -5 21 0
v -5 22 0
v -5 22 -1
v 6 22 -1
v 6 22 0
v 6 21 0
v -5 20 0
v 6 20 0
v -6 19 0
v -6 20 0
v 7 20 0
v 7 19 0
v -6 18 0
v 7 18 0
v -6 17 0
v 7 17 0
v -6 16 0
v 7 16 0
v -6 15 0
v 7 15 0
v -6 14 0
v 7 14 0
v -6 13 0
v -5 13 0
v 7 13 0
v 6 13 0
v -5 12 0
v 6 12 0
v -5 11 -1
v -5 11 0
v -4 11 0
v 6 11 -1
v 6 11 0
v 5 11 0
v -4 10 0
v 5 10 0
v -4 9 0
v 5 9 0
v -5 8 0
v -5 9 0
v 6 9 0
v 6 8 0
v -10 7 0
v -10 8 0
v -9 8 0
v -8 8 0
v -7 8 0
v -7 7 0
v -6 7 0
v -6 8 0
v 7 8 0
v 7 7 0
v 8 7 0
v 8 8 0
v 9 8 0
v 10 8 0
v 11 8 0
v 11 7 0
v -12 6 0
v -12 7 0
v -12 7 -1
v -11 7 0
v 12 7 0
v 12 6 0
v -13 5 0
v -13 6 0
v -13 6 -1
v 13 6 -1
v 13 6 0
v 13 5 0
v -14 4 -1
v -14 4 0
v -14 5 0
v -14 5 -1
v 14 5 -1
v 14 5 0
v 14 4 0
v -15 3 -1
v -15 3 0
v -15 4 0
v -15 4 -1
v -14 3 -1
v -8 3 0
v -9 3 0
v 14 3 0
v -16 2 -1
v -16 2 0
v -16 3 0
v -16 3 -1
v -15 2 -1
v -15 2 0
v -14 2 -1
v -13 2 -1
v -12 2 -1
v -11 2 -1
v -11 2 0
v -12 2 0
v -10 2 -1
v -10 2 0
v -9 2 -1
v -9 2 0
v -8 2 0
v 10 2 0
v 9 2 0
v 15 3 0
v 15 2 0
v -15 1 -1
v -15 1 0
v -14 1 -1
v -14 1 0
v -13 1 -1
v -13 1 0
v -12 1 -1
v -12 1 0
v -8 1 0
v 9 1 0
v 10 1 0
v 11 1 0
v 16 2 0
v 16 2 -1
v 17 1 -1
v 17 2 -1
v 17 2 0
v 17 1 0
v -8 0 0
v 9 0 0
v 11 0 0
v 17 0 0
v -9 -1 -1
v -9 -1 0
v -9 0 0
v -9 0 -1
v -8 -1 0
v 10 -1 -1
v 10 0 -1
v 10 0 0
v 10 -1 0
v 9 -1 0
v 11 -1 -1
v 11 -1 0
v 12 -1 0
v 18 -1 -1
v 18 0 -1
v 18 0 0
v 18 -1 0
v -8 -2 0
v 9 -2 0
v 12 -2 -1
v 12 -2 0
v 13 -2 0
v 18 -2 -1
v 18 -2 0
v -8 -3 0
v 9 -3 0
v 13 -3 -1
v 13 -3 0
v 14 -3 0
v 18 -3 -1
v 18 -3 0
v 17 -3 0
v -8 -4 0
v 9 -4 0
v 14 -4 -1
v 14 -4 0
v 15 -4 -1
v 15 -4 0
v 16 -4 -1
v 16 -4 0
v 17 -4 -1
v 17 -4 0
v -8 -5 0
v 9 -5 0
v -8 -6 0
v -7 -6 0
v 9 -6 0
v 8 -6 0
v -7 -7 0
v 8 -7 0
v -7 -8 0
v 8 -8 0
v -7 -9 0
v 8 -9 0
v 7 -9 0
v 7 -8 0
v -7 -10 0
v 8 -10 0
v 7 -10 0
v -7 -11 0
v 8 -11 0
v -7 -12 0
v 0 -12 0
v -1 -12 0
v 2 -12 0
v 1 -12 0
v 8 -12 0
v -7 -13 0
v -1 -13 -1
v -1 -13 0
v -2 -13 0
v 0 -13 -1
v 0 -13 0
v 1 -13 -1
v 1 -13 0
v 2 -13 0
v 8 -13 0
v -7 -14 0
v -2 -14 0
v 2 -14 0
v 3 -14 0
v 3 -13 0
v 8 -14 0
v -7 -15 0
v -2 -15 0
v 2 -15 0
v 3 -15 0
v 8 -15 0
v -8 -16 -1
v -8 -16 0
v -8 -15 0
v -8 -15 -1
v -2 -16 -1
v -2 -16 0
v 2 -16 0
v 3 -16 0
v 8 -16 0
v -8 -17 -1
v -8 -17 0
v -2 -17 -1
v -2 -17 0
v -3 -17 0
v 3 -17 0
v 8 -17 0
v -8 -18 -1
v -8 -18 0
v -3 -18 -1
v -3 -18 0
v 3 -18 0
v 8 -18 0
v -8 -19 -1
v -8 -19 0
v -7 -19 -1
v -3 -19 -1
v -3 -19 0
v 3 -19 0
v 4 -19 0
v 4 -18 0
v 8 -19 0
v -8 -20 -1
v -8 -20 0
v -7 -20 -1
v -4 -20 -1
v -3 -20 -1
v -3 -20 0
v 3 -20 0
v 4 -20 0
v 9 -19 0
v 9 -20 0
v 8 -20 0
v -8 -21 -1
v -8 -21 0
v -7 -21 -1
v -6 -21 -1
v -5 -21 -1
v -4 -21 -1
v -3 -21 -1
v -3 -21 0
v -4 -21 0
v 3 -21 0
v 4 -21 0
v 9 -21 0
v 8 -21 0
v -8 -22 -1
v -8 -22 0
v -7 -22 -1
v -6 -22 -1
v -5 -22 -1
v -4 -22 -1
v -4 -22 0
v 3 -22 0
v 4 -22 0
v 9 -22 0
v 8 -22 0
v -8 -23 -1
v -8 -23 0
v -7 -23 -1
v -6 -23 -1
v -5 -23 -1
v -4 -23 -1
v -4 -23 0
v -5 -23 0
v 4 -23 0
v 5 -23 0
v 5 -22 0
v 9 -23 0
v 8 -23 0
v -8 -24 -1
v -8 -24 0
v -7 -24 -1
v -6 -24 -1
v -5 -24 -1
v -5 -24 0
v 4 -24 0
v 5 -24 0
v 7 -24 0
v 8 -24 0
v 7 -23 0
v 9 -24 0
v -12 -25 -1
v -12 -25 0
v -12 -24 0
v -12 -24 -1
v -11 -24 0
v -11 -24 -1
v -11 -25 -1
v -10 -24 0
v -10 -24 -1
v -10 -25 -1
v -9 -24 0
v -9 -24 -1
v -9 -25 -1
v -8 -25 -1
v -7 -25 -1
v -6 -25 -1
v -5 -25 -1
v -4 -24 0
v -4 -24 -1
v -4 -25 -1
v -3 -25 -1
v -3 -24 -1
v -3 -24 0
v -3 -25 0
v 2 -25 0
v 2 -24 0
v 3 -24 0
v 10 -24 0
v 11 -24 0
v 11 -25 0
v -12 -26 -1
v -12 -26 0
v -11 -26 -1
v -10 -26 -1
v -9 -26 -1
v -8 -26 -1
v -7 -26 -1
v -6 -26 -1
v -5 -26 -1
v -4 -26 -1
v -3 -26 -1
v -3 -26 0
v 2 -26 0
v 11 -26 0
v -12 -27 -1
v -12 -27 0
v -11 -27 -1
v -10 -27 -1
v -9 -27 -1
v -8 -27 -1
v -7 -27 -1
v -6 -27 -1
v -5 -27 -1
v -4 -27 -1
v -3 -27 -1
v -3 -27 0
v 2 -27 0
v 11 -27 0
v -12 -28 -1
v -12 -28 0
v -11 -28 -1
v -10 -28 -1
v -9 -28 -1
v -8 -28 -1
v -7 -28 -1
v -6 -28 -1
v -5 -28 -1
v -4 -28 -1
v -3 -28 -1
v -3 -28 0
v 2 -28 0
v 11 -28 0
v -12 -29 -1
v -12 -29 0
v -11 -29 -1
v -11 -29 0
v -10 -29 -1
v -10 -29 0
v -9 -29 -1
v -9 -29 0
v -8 -29 -1
v -8 -29 0
v -7 -29 -1
v -7 -29 0
v -6 -29 -1
v -6 -29 0
v -5 -29 -1
v -5 -29 0
v -4 -29 -1
v -4 -29 0
v -3 -29 -1
v -3 -29 0
v 2 -29 0
v 3 -29 0
v 4 -29 0
v 5 -29 0
v 6 -29 0
v 7 -29 0
v 8 -29 0
v 9 -29 0
v 10 -29 0
v 11 -29 0
v -21 -31 0
v -21 -30 0
v -20 -31 0
v -20 -30 0
v -19 -31 0
v -19 -30 0
v -18 -31 0
v -18 -30 0
v -17 -31 0
v -17 -30 0
v -16 -31 0
v -16 -30 0
v -15 -31 0
v -15 -30 0
v -14 -31 0
v -14 -30 0
v -13 -31 0
v -13 -30 0
v -12 -31 0
v -12 -30 0
v -11 -31 0
v -11 -30 0
v -10 -31 0
v -10 -30 0
v -9 -31 0
v -9 -30 0
v -8 -31 0
v -8 -30 0
v -7 -31 0
v -7 -30 0
v -6 -31 0
v -6 -30 0
v -5 -31 0
v -5 -30 0
v -4 -31 0
v -4 -30 0
v -3 -31 0
v -3 -30 0
v -2 -31 0
v -2 -30 0
v -1 -31 0
v -1 -30 0
v 0 -31 0
v 0 -30 0
v 1 -31 0
v 1 -30 0
v 2 -31 0
v 2 -30 0
v 3 -31 0
v 3 -30 0
v 4 -31 0
v 4 -30 0
v 5 -31 0
v 5 -30 0
v 6 -31 0
v 6 -30 0
v 7 -31 0
v 7 -30 0
v 8 -31 0
v 8 -30 0
v 9 -31 0
v 9 -30 0
v 10 -31 0
v 10 -30 0
v 11 -31 0
v 11 -30 0
v 12 -31 0
v 12 -30 0
v 13 -31 0
v 13 -30 0
v 14 -31 0
v 14 -30 0
v 15 -31 0
v 15 -30 0
v 16 -31 0
v 16 -30 0
v 17 -31 0
v 17 -30 0
v 18 -31 0
v 18 -30 0
v 19 -31 0
v 19 -30 0
v 20 -31 0
v 20 -30 0
v 21 -31 0
v 21 -30 0
v 22 -30 0
v 22 -31 0
v -5 29 1
v -5 30 1
v -4 30 1
v -3 29 1
v -4 29 1
v -3 30 1
v -2 29 1
v -2 30 1
v -1 29 1
v -1 30 1
v 0 29 1
v 0 30 1
v 1 29 1
v 1 30 1
v 2 29 1
v 2 30 1
v 3 29 1
v 3 30 1
v 4 29 1
v 4 30 1
v 5 29 1
v 5 30 1
v 6 30 1
v 6 29 1
v -5 28 1
v -4 28 1
v 5 28 1
v 6 28 1
v -5 27 1
v -4 27 1
v 5 27 1
v 6 27 1
v -5 26 1
v -4 26 1
v 5 26 1
v 6 26 1
v -5 25 1
v -4 25 1
v 5 25 1
v 6 25 1
v -5 24 1
v -3 25 1
v -2 25 1
v -1 25 1
v 0 25 1
v 1 25 1
v 2 25 1
v 3 25 1
v 4 25 1
v 6 24 1
v -11 23 0
v -11 23 1
v -11 24 1
v -11 24 0
v -10 23 1
v -10 24 1
v -9 23 1
v -9 24 1
v -8 23 1
v -8 24 1
v -7 23 1
v -7 24 1
v -6 23 1
v -6 24 1
v -5 23 1
v -4 23 1
v 6 23 1
v 5 23 1
v 7 23 1
v 7 24 1
v 8 23 1
v 8 24 1
v 9 23 1
v 9 24 1
v 10 23 1
v 10 24 1
v 11 23 1
v 11 24 1
v 12 23 0
v 12 24 0
v 12 24 1
v 12 23 1
v -4 22 1
v 5 22 1
v -5 21 1
v -5 22 1
v 6 22 1
v 6 21 1
v -6 20 1
v -6 21 1
v -6 21 0
v -5 20 1
v 7 21 0
v 7 21 1
v 7 20 1
v 6 20 1
v -6 19 1
v 7 19 1
v -6 18 1
v 7 18 1
v -6 17 1
v 7 17 1
v -7 16 0
v -7 16 1
v -7 17 1
v -7 17 0
v -6 16 1
v 8 16 0
v 8 17 0
v 8 17 1
v 8 16 1
v 7 16 1
v -6 15 1
v 7 15 1
v -6 14 1
v 7 14 1
v -6 13 1
v 7 13 1
v -6 12 0
v -6 12 1
v -5 12 1
v -5 13 1
v 7 12 0
v 7 12 1
v 6 12 1
v 6 13 1
v -5 11 1
v -4 11 1
v 6 11 1
v 5 11 1
v -4 10 1
v 5 10 1
v -4 9 1
v -3 9 1
v -3 10 1
v 5 9 1
v 4 9 1
v 4 10 1
v -5 8 1
v -5 9 1
v 6 9 1
v 6 8 1
v -10 7 1
v -10 8 1
v -9 8 1
v -9 7 1
v -8 8 1
v -8 7 1
v -7 8 1
v -7 7 1
v -6 7 1
v -6 8 1
v 7 8 1
v 7 7 1
v 8 7 1
v 8 8 1
v 9 8 1
v 9 7 1
v 10 8 1
v 10 7 1
v 11 8 1
v 11 7 1
v -12 6 1
v -12 7 1
v -11 7 1
v -11 6 1
v -7 6 1
v -6 6 1
v 7 6 1
v 8 6 1
v 12 7 1
v 12 6 1
v 11 6 1
v -14 5 1
v -14 6 1
v -14 6 0
v -13 6 1
v 13 6 1
v 13 5 1
v 12 5 1
v -15 4 1
v -15 5 1
v -15 5 0
v 14 5 1
v 14 4 1
v 13 4 1
v -17 3 0
v -17 3 1
v -17 4 1
v -17 4 0
v -16 4 1
v -16 4 0
v -8 3 1
v -9 3 1
v -7 3 1
v -7 4 1
v -8 4 1
v 8 3 1
v 9 3 1
v 9 4 1
v 8 4 1
v 14 3 1
v 16 3 0
v 16 3 1
v 16 4 1
v 16 4 0
v 17 4 1
v 17 4 0
v 17 3 0
v 18 3 0
v 18 4 0
v 18 4 1
v 18 3 1
v -18 2 0
v -18 2 1
v -18 3 1
v -18 3 0
v -17 2 0
v -10 2 1
v -11 2 1
v -9 2 1
v -10 3 1
v -8 2 1
v 10 2 1
v 9 2 1
v 10 3 1
v 15 3 1
v 18 2 0
v 18 2 1
v -18 1 0
v -18 1 1
v -17 1 0
v -16 1 0
v -13 1 1
v -14 1 1
v -12 1 1
v -11 1 0
v -11 1 1
v -8 1 1
v 9 1 1
v 10 1 1
v 11 1 1
v 18 1 0
v 18 1 1
v -18 0 0
v -18 0 1
v -17 0 0
v -17 0 1
v -16 0 0
v -16 0 1
v -15 0 0
v -15 0 1
v -14 0 0
v -14 0 1
v -8 0 1
v 9 0 1
v 11 0 1
v 18 0 1
v -8 -1 1
v 9 -1 1
v 11 -1 1
v 12 -1 1
v 12 0 1
v 18 -1 1
v -8 -2 1
v 9 -2 1
v 12 -2 1
v 13 -2 1
v 13 -1 1
v 18 -2 1
v -8 -3 1
v 9 -3 1
v 13 -3 1
v 14 -3 1
v 18 -3 1
v 17 -3 1
v -8 -4 1
v 9 -4 1
v 14 -4 1
v 15 -4 1
v 16 -4 1
v 17 -4 1
v -8 -5 1
v -7 -5 1
v -7 -4 1
v 9 -5 1
v 8 -5 1
v 8 -4 1
v -8 -6 1
v -7 -6 1
v 9 -6 1
v 8 -6 1
v -7 -7 1
v 8 -7 1
v -7 -8 1
v -6 -8 1
v -6 -7 1
v 8 -8 1
v 7 -8 1
v 7 -7 1
v -7 -9 1
v -6 -9 1
v 7 -9 1
v -7 -10 1
v -6 -10 1
v 7 -10 1
v -7 -11 1
v 8 -10 1
v 8 -11 1
v 7 -11 1
v -7 -12 1
v 0 -12 1
v -1 -12 1
v 1 -12 1
v 2 -12 1
v 3 -12 1
v 3 -11 1
v 2 -11 1
v 8 -12 1
v 7 -12 1
v -7 -13 1
v -1 -13 1
v -2 -13 1
v -2 -12 1
v 2 -13 1
v 3 -13 1
v 8 -13 1
v 7 -13 1
v -8 -14 0
v -8 -14 1
v -8 -13 1
v -8 -13 0
v -7 -14 1
v -1 -14 0
v -1 -14 1
v -2 -14 1
v 3 -14 1
v 4 -14 1
v 4 -13 1
v 8 -14 1
v 7 -14 1
v -8 -15 1
v -2 -15 1
v 3 -15 1
v 4 -15 1
v 6 -15 1
v 7 -15 1
v 6 -14 1
v 8 -15 1
v -8 -16 1
v -2 -16 1
v 3 -16 1
v 4 -16 1
v 6 -16 1
v 7 -16 1
v 8 -16 1
v -8 -17 1
v -2 -17 1
v 3 -17 1
v 4 -17 1
v 5 -17 1
v 5 -16 1
v 6 -17 1
v 7 -17 1
v 8 -17 1
v -8 -18 1
v -2 -18 0
v -2 -18 1
v 3 -18 1
v 4 -18 1
v 5 -18 1
v 6 -18 1
v 7 -18 1
v 8 -18 1
v -8 -19 1
v -2 -19 0
v -2 -19 1
v -3 -19 1
v 4 -19 1
v 5 -19 1
v 6 -19 1
v 7 -19 1
v 8 -19 1
v -8 -20 1
v -3 -20 1
v 4 -20 1
v 5 -20 1
v 6 -20 1
v 7 -20 1
v 8 -20 1
v -8 -21 1
v -3 -21 1
v 4 -21 1
v 5 -21 1
v 6 -21 1
v 7 -21 1
v 8 -21 1
v -9 -22 0
v -9 -22 1
v -9 -21 1
v -9 -21 0
v -3 -22 0
v -3 -22 1
v 4 -22 1
v 5 -22 1
v 6 -22 1
v 7 -22 1
v 8 -22 1
v -9 -23 0
v -9 -23 1
v -3 -23 0
v -3 -23 1
v -4 -23 1
v 5 -23 1
v 6 -23 1
v 7 -23 1
v 8 -23 1
v -9 -24 1
v -4 -24 1
v 5 -24 1
v 6 -24 1
v 7 -24 1
v -12 -25 1
v -12 -24 1
v -11 -24 1
v -10 -24 1
v -3 -24 1
v -3 -25 1
v 2 -25 1
v 2 -24 1
v 3 -24 1
v 4 -24 1
v 8 -24 1
v 9 -24 1
v 10 -24 1
v 11 -24 1
v 11 -25 1
v -12 -26 1
v -3 -26 1
v 2 -26 1
v 11 -26 1
v -12 -27 1
v -3 -27 1
v 2 -27 1
v 11 -27 1
v -12 -28 1
v -3 -28 1
v 2 -28 1
v 11 -28 1
v -12 -29 1
v -11 -29 1
v -10 -29 1
v -9 -29 1
v -8 -29 1
v -7 -29 1
v -6 -29 1
v -5 -29 1
v -4 -29 1
v -3 -29 1
v 2 -29 1
v 3 -29 1
v 4 -29 1
v 5 -29 1
v 6 -29 1
v 7 -29 1
v 8 -29 1
v 9 -29 1
v 10 -29 1
v 11 -29 1
v 0 -30 1
v 0 -29 1
v 0 -29 0
v 1 -29 0
v 1 -29 1
v 1 -30 1
v -22 -31 0
v -22 -31 1
v -22 -30 1
v -22 -30 0
v -21 -31 1
v -21 -30 1
v -20 -31 1
v -20 -30 1
v -19 -31 1
v -19 -30 1
v -18 -31 1
v -18 -30 1
v -17 -31 1
v -17 -30 1
v -16 -31 1
v -16 -30 1
v -15 -31 1
v -15 -30 1
v -14 -31 1
v -14 -30 1
v -13 -31 1
v -13 -30 1
v -12 -31 1
v -12 -30 1
v -11 -31 1
v -11 -30 1
v -10 -31 1
v -10 -30 1
v -9 -31 1
v -9 -30 1
v -8 -31 1
v -8 -30 1
v -7 -31 1
v -7 -30 1
v -6 -31 1
v -6 -30 1
v -5 -31 1
v -5 -30 1
v -4 -31 1
v -4 -30 1
v -3 -31 1
v -3 -30 1
v -2 -31 1
v -2 -30 1
v -1 -31 1
v -1 -30 1
v 0 -31 1
v 2 -31 1
v 1 -31 1
v 2 -30 1
v 3 -31 1
v 3 -30 1
v 4 -31 1
v 4 -30 1
v 5 -31 1
v 5 -30 1
v 6 -31 1
v 6 -30 1
v 7 -31 1
v 7 -30 1
v 8 -31 1
v 8 -30 1
v 9 -31 1
v 9 -30 1
v 10 -31 1
v 10 -30 1
v 11 -31 1
v 11 -30 1
v 12 -31 1
v 12 -30 1
v 13 -31 1
v 13 -30 1
v 14 -31 1
v 14 -30 1
v 15 -31 1
v 15 -30 1
v 16 -31 1
v 16 -30 1
v 17 -31 1
v 17 -30 1
v 18 -31 1
v 18 -30 1
v 19 -31 1
v 19 -30 1
v 20 -31 1
v 20 -30 1
v 21 -31 1
v 21 -30 1
v 22 -31 1
v 22 -30 1
v 23 -31 0
v 23 -30 0
v 23 -30 1
v 23 -31 1
v 0 -32 0
v 0 -32 1
v 1 -32 0
v 1 -32 1
v -5 29 2
v -5 30 2
v -4 30 2
v -3 29 2
v -4 29 2
v -3 30 2
v -2 29 2
v -2 30 2
v -1 29 2
v -1 30 2
v 0 29 2
v 0 30 2
v 1 29 2
v 1 30 2
v 2 29 2
v 2 30 2
v 3 29 2
v 3 30 2
v 4 29 2
v 4 30 2
v 5 29 2
v 5 30 2
v 6 30 2
v 6 29 2
v -5 28 2
v -4 28 2
v 5 28 2
v 6 28 2
v -5 27 2
v -4 27 2
v 5 27 2
v 6 27 2
v -5 26 2
v -4 26 2
v 5 26 2
v 6 26 2
v -5 25 2
v -4 25 2
v 5 25 2
v 6 25 2
v -5 24 2
v -3 25 2
v -2 25 2
v -1 25 2
v 0 25 2
v 1 25 2
v 2 25 2
v 3 25 2
v 4 25 2
v 6 24 2
v -10 23 2
v -10 24 2
v -9 23 2
v -9 24 2
v -8 23 2
v -8 24 2
v -7 23 2
v -7 24 2
v -6 23 2
v -6 24 2
v -5 23 2
v -4 23 2
v 6 23 2
v 5 23 2
v 7 23 2
v 7 24 2
v 8 23 2
v 8 24 2
v 9 23 2
v 9 24 2
v 10 23 2
v 10 24 2
v 11 24 2
v 11 23 2
v -4 22 2
v -3 22 2
v -3 23 2
v 5 22 2
v 4 22 2
v 4 23 2
v -5 21 2
v -5 22 2
v -4 21 2
v 6 22 2
v 6 21 2
v 5 21 2
v -5 20 2
v 6 20 2
v -6 19 2
v -6 20 2
v 7 20 2
v 7 19 2
v -6 18 2
v 7 18 2
v -6 17 2
v 7 17 2
v -6 16 2
v 7 16 2
v -6 15 2
v 7 15 2
v -6 14 2
v 7 14 2
v -6 13 2
v -5 13 2
v 7 13 2
v 6 13 2
v -5 12 2
v 6 12 2
v -5 11 2
v -4 11 2
v -4 12 2
v 6 11 2
v 5 11 2
v 5 12 2
v -4 10 2
v -3 10 2
v -3 11 2
v 5 10 2
v 4 10 2
v 4 11 2
v -3 9 2
v -2 9 2
v -2 10 2
v 4 9 2
v 3 9 2
v 3 10 2
v -5 8 2
v -5 9 2
v -4 9 2
v -4 8 2
v -3 8 2
v 5 9 2
v 4 8 2
v 5 8 2
v 6 9 2
v 6 8 2
v -6 7 2
v -6 8 2
v -5 7 2
v -4 7 2
v 5 7 2
v 6 7 2
v 7 8 2
v 7 7 2
v -11 6 2
v -11 7 2
v -10 7 2
v -10 6 2
v -9 7 2
v -9 6 2
v -8 7 2
v -8 6 2
v -7 7 2
v -7 6 2
v -6 6 2
v -5 6 2
v 7 6 2
v 6 6 2
v 8 6 2
v 8 7 2
v 9 7 2
v 9 6 2
v 10 7 2
v 10 6 2
v 11 7 2
v 11 6 2
v 18 6 1
v 18 6 2
v 18 7 2
v 18 7 1
v 19 6 1
v 19 7 1
v 19 7 2
v 19 6 2
v -14 5 2
v -14 6 2
v -13 6 2
v -13 5 2
v -12 6 2
v -10 5 2
v -9 5 2
v -8 5 2
v -7 5 2
v -6 5 2
v 7 5 2
v 8 5 2
v 9 5 2
v 10 5 2
v 11 5 2
v 12 6 2
v 12 5 2
v 17 5 1
v 17 5 2
v 17 6 2
v 17 6 1
v 18 5 1
v 19 5 1
v 19 5 2
v -16 4 2
v -16 5 2
v -16 5 1
v -15 5 2
v -9 4 2
v -8 4 2
v -7 4 2
v -6 4 2
v 7 4 2
v 8 4 2
v 9 4 2
v 10 4 2
v 11 4 2
v 12 4 2
v 13 5 2
v 13 4 2
v 16 4 2
v 16 5 2
v 16 5 1
v 19 4 1
v 19 4 2
v -18 3 2
v -18 4 2
v -18 4 1
v -17 4 2
v -9 3 2
v -10 3 2
v -10 4 2
v -8 3 2
v -7 3 2
v 8 3 2
v 9 3 2
v 10 3 2
v 11 3 2
v 12 3 2
v 13 3 2
v 14 4 2
v 14 3 2
v 15 3 2
v 15 4 2
v 15 4 1
v 19 3 1
v 19 3 2
v -19 2 1
v -19 2 2
v -19 3 2
v -19 3 1
v -10 2 2
v -11 2 2
v -11 3 2
v -8 2 2
v -7 2 2
v 9 2 2
v 8 2 2
v 10 2 2
v 11 2 2
v 12 2 2
v 13 2 2
v 14 2 2
v 15 2 2
v 19 2 1
v 19 2 2
v -19 1 1
v -19 1 2
v -12 1 2
v -13 1 2
v -11 1 2
v -12 2 2
v -8 1 2
v -7 1 2
v 9 1 2
v 8 1 2
v 10 1 2
v 11 1 2
v 12 1 2
v 14 1 2
v 15 1 2
v 19 1 1
v 19 1 2
v 18 1 2
v -19 0 1
v -19 0 2
v -18 0 2
v -14 0 2
v -15 0 2
v -13 0 1
v -13 0 2
v -8 0 2
v -7 0 2
v 9 0 2
v 8 0 2
v 11 0 2
v 12 0 2
v 13 0 2
v 13 1 2
v 18 0 2
v -18 -1 1
v -18 -1 2
v -17 -1 1
v -17 -1 2
v -16 -1 1
v -16 -1 2
v -15 -1 1
v -15 -1 2
v -8 -1 2
v -7 -1 2
v 9 -1 2
v 8 -1 2
v 12 -1 2
v 13 -1 2
v 18 -1 2
v 17 -1 2
v 17 0 2
v -8 -2 2
v -7 -2 2
v 9 -2 2
v 8 -2 2
v 13 -2 2
v 14 -2 2
v 14 -1 2
v 18 -2 2
v 17 -2 2
v -8 -3 2
v -7 -3 2
v 9 -3 2
v 8 -3 2
v 13 -3 2
v 14 -3 2
v 18 -3 2
v 17 -3 2
v -8 -4 2
v -7 -4 2
v 9 -4 2
v 8 -4 2
v 14 -4 2
v 15 -4 2
v 15 -3 2
v 16 -4 2
v 16 -3 2
v 17 -4 2
v -7 -5 2
v 8 -5 2
v -7 -6 2
v -6 -6 2
v -6 -5 2
v 8 -6 2
v 7 -6 2
v 7 -5 2
v -7 -7 2
v -6 -7 2
v 8 -7 2
v 7 -7 2
v -6 -8 2
v -5 -8 2
v -5 -7 2
v 7 -8 2
v 6 -8 2
v 6 -7 2
v -6 -9 2
v -5 -9 2
v 5 -9 2
v 6 -9 2
v 5 -8 2
v 7 -9 2
v -6 -10 2
v -5 -10 2
v 4 -10 2
v 5 -10 2
v 4 -9 2
v 6 -10 2
v 7 -10 2
v -7 -11 2
v -7 -10 2
v -6 -11 2
v 3 -11 2
v 2 -11 2
v 4 -11 2
v 3 -10 2
v 5 -11 2
v 6 -11 2
v 7 -11 2
v -7 -12 2
v -6 -12 2
v -1 -12 2
v -2 -12 2
v -1 -11 2
v -2 -11 2
v 0 -12 2
v 0 -11 2
v 1 -12 2
v 1 -11 2
v 2 -12 2
v 3 -12 2
v 4 -12 2
v 5 -12 2
v 6 -12 2
v 7 -12 2
v -7 -13 2
v -2 -13 2
v 3 -13 2
v 4 -13 2
v 5 -13 2
v 6 -13 2
v 7 -13 2
v -7 -14 2
v -2 -14 2
v 4 -14 2
v 5 -14 2
v 6 -14 2
v 7 -14 2
v -8 -15 2
v -8 -14 2
v -7 -15 2
v -2 -15 2
v 4 -15 2
v 5 -15 2
v 6 -15 2
v -8 -16 2
v -7 -16 2
v -2 -16 2
v 4 -16 2
v 5 -16 2
v 6 -16 2
v -8 -17 2
v -2 -17 2
v 5 -17 2
v 6 -17 2
v -8 -18 2
v -2 -18 2
v -8 -19 2
v -2 -19 2
v -3 -19 2
v -3 -18 2
v -9 -20 1
v -9 -20 2
v -9 -19 2
v -9 -19 1
v -8 -20 2
v -2 -20 1
v -2 -20 2
v -3 -20 2
v -9 -21 2
v -3 -21 2
v -9 -22 2
v -3 -22 2
v -9 -23 2
v -3 -23 2
v -9 -24 2
v -3 -24 2
v -12 -25 2
v -12 -24 2
v -11 -24 2
v -10 -24 2
v -3 -25 2
v 2 -25 2
v 2 -24 2
v 3 -24 2
v 4 -24 2
v 5 -24 2
v 6 -24 2
v 7 -24 2
v 8 -24 2
v 9 -24 2
v 10 -24 2
v 11 -24 2
v 11 -25 2
v -12 -26 2
v -3 -26 2
v 2 -26 2
v 11 -26 2
v -12 -27 2
v -3 -27 2
v 2 -27 2
v 11 -27 2
v -12 -28 2
v -3 -28 2
v 2 -28 2
v 11 -28 2
v -12 -29 2
v -11 -29 2
v -10 -29 2
v -9 -29 2
v -8 -29 2
v -7 -29 2
v -6 -29 2
v -5 -29 2
v -4 -29 2
v -3 -29 2
v 2 -29 2
v 3 -29 2
v 4 -29 2
v 5 -29 2
v 6 -29 2
v 7 -29 2
v 8 -29 2
v 9 -29 2
v 10 -29 2
v 11 -29 2
v -21 -31 2
v -21 -30 2
v -20 -31 2
v -20 -30 2
v -19 -31 2
v -19 -30 2
v -18 -31 2
v -18 -30 2
v -17 -31 2
v -17 -30 2
v -16 -31 2
v -16 -30 2
v -15 -31 2
v -15 -30 2
v -14 -31 2
v -14 -30 2
v -13 -31 2
v -13 -30 2
v -12 -31 2
v -12 -30 2
v -11 -31 2
v -11 -30 2
v -10 -31 2
v -10 -30 2
v -9 -31 2
v -9 -30 2
v -8 -31 2
v -8 -30 2
v -7 -31 2
v -7 -30 2
v -6 -31 2
v -6 -30 2
v -5 -31 2
v -5 -30 2
v -4 -31 2
v -4 -30 2
v -3 -31 2
v -3 -30 2
v -2 -31 2
v -2 -30 2
v -1 -31 2
v -1 -30 2
v 0 -31 2
v 0 -30 2
v 1 -31 2
v 1 -30 2
v 2 -31 2
v 2 -30 2
v 3 -31 2
v 3 -30 2
v 4 -31 2
v 4 -30 2
v 5 -31 2
v 5 -30 2
v 6 -31 2
v 6 -30 2
v 7 -31 2
v 7 -30 2
v 8 -31 2
v 8 -30 2
v 9 -31 2
v 9 -30 2
v 10 -31 2
v 10 -30 2
v 11 -31 2
v 11 -30 2
v 12 -31 2
v 12 -30 2
v 13 -31 2
v 13 -30 2
v 14 -31 2
v 14 -30 2
v 15 -31 2
v 15 -30 2
v 16 -31 2
v 16 -30 2
v 17 -31 2
v 17 -30 2
v 18 -31 2
v 18 -30 2
v 19 -31 2
v 19 -30 2
v 20 -31 2
v 20 -30 2
v 21 -31 2
v 21 -30 2
v 22 -30 2
v 22 -31 2
v -5 29 3
v -5 30 3
v -4 30 3
v -3 29 3
v -4 29 3
v -3 30 3
v -2 29 3
v -2 30 3
v -1 29 3
v -1 30 3
v 0 29 3
v 0 30 3
v 1 29 3
v 1 30 3
v 2 29 3
v 2 30 3
v 3 29 3
v 3 30 3
v 4 29 3
v 4 30 3
v 5 29 3
v 5 30 3
v 6 30 3
v 6 29 3
v -5 28 3
v -4 28 3
v 5 28 3
v 6 28 3
v -5 27 3
v -4 27 3
v 5 27 3
v 6 27 3
v -5 26 3
v -4 26 3
v 5 26 3
v 6 26 3
v -5 25 3
v -4 25 3
v 5 25 3
v 6 25 3
v -5 24 3
v -3 25 3
v -2 25 3
v -1 25 3
v 0 25 3
v 1 25 3
v 2 25 3
v 3 25 3
v 4 25 3
v 6 24 3
v -10 23 3
v -10 24 3
v -9 23 3
v -9 24 3
v -8 23 3
v -8 24 3
v -7 23 3
v -7 24 3
v -6 23 3
v -6 24 3
v -5 23 3
v -4 23 3
v -3 23 3
v 5 23 3
v 4 23 3
v 6 23 3
v 7 23 3
v 7 24 3
v 8 23 3
v 8 24 3
v 9 23 3
v 9 24 3
v 10 23 3
v 10 24 3
v 11 24 3
v 11 23 3
v -3 22 3
v 4 22 3
v -4 21 3
v -4 22 3
v 5 22 3
v 5 21 3
v -5 20 3
v -5 21 3
v -4 20 3
v 6 21 3
v 6 20 3
v 5 20 3
v -6 19 3
v -6 20 3
v -5 19 3
v 7 20 3
v 7 19 3
v 6 19 3
v -6 18 3
v -5 18 3
v 7 18 3
v 6 18 3
v -6 17 3
v -5 17 3
v 7 17 3
v 6 17 3
v -6 16 3
v 7 16 3
v -6 15 3
v -5 15 3
v -5 16 3
v 7 15 3
v 6 15 3
v 6 16 3
v -6 14 3
v -5 14 3
v 7 14 3
v 6 14 3
v -6 13 3
v -5 13 3
v 7 13 3
v 6 13 3
v -5 12 3
v -4 12 3
v -4 13 3
v 6 12 3
v 5 12 3
v 5 13 3
v -4 11 3
v -3 11 3
v 5 11 3
v 4 11 3
v -3 10 3
v -2 10 3
v 4 10 3
v 3 10 3
v -2 9 3
v -1 9 3
v -1 10 3
v 0 9 3
v 0 10 3
v 1 9 3
v 1 10 3
v 2 9 3
v 2 10 3
v 3 9 3
v -3 8 3
v -3 9 3
v -2 8 3
v -1 8 3
v 0 8 3
v 1 8 3
v 2 8 3
v 3 8 3
v 4 9 3
v 4 8 3
v -4 7 3
v -4 8 3
v -3 7 3
v 5 8 3
v 5 7 3
v 4 7 3
v 17 7 2
v 17 7 3
v 17 8 3
v 17 8 2
v 18 8 3
v 18 8 2
v 19 8 3
v 19 8 2
v 20 7 2
v 20 8 2
v 20 8 3
v 20 7 3
v -19 6 2
v -19 6 3
v -19 7 3
v -19 7 2
v -18 6 2
v -18 7 2
v -18 7 3
v -18 6 3
v -5 6 3
v -5 7 3
v -4 6 3
v 6 7 3
v 6 6 3
v 5 6 3
v 17 6 3
v 20 6 2
v 20 6 3
v -19 5 2
v -19 5 3
v -18 5 2
v -17 5 2
v -17 6 2
v -17 6 3
v -17 5 3
v -13 5 3
v -13 6 3
v -12 6 3
v -12 5 3
v -11 6 3
v -11 5 3
v -10 6 3
v -10 5 3
v -6 5 3
v -6 6 3
v -5 5 3
v -4 5 3
v 5 5 3
v 6 5 3
v 7 6 3
v 7 5 3
v 16 5 3
v 16 6 3
v 16 6 2
v 20 5 2
v 20 5 3
v -19 4 2
v -19 4 3
v -16 5 3
v -15 5 3
v -16 4 3
v -15 4 3
v -14 5 3
v -14 4 3
v -13 4 3
v -12 4 3
v -11 4 3
v -10 4 3
v -9 5 3
v -9 4 3
v -6 4 3
v -5 4 3
v 7 4 3
v 6 4 3
v 16 4 3
v 20 4 2
v 20 4 3
v -19 3 3
v -12 3 3
v -11 3 3
v -10 3 3
v -7 3 3
v -7 4 3
v -6 3 3
v 8 4 3
v 8 3 3
v 7 3 3
v 15 3 3
v 15 4 3
v 16 3 3
v 20 3 2
v 20 3 3
v 19 3 3
v 19 4 3
v -19 2 3
v -11 2 3
v -12 2 3
v -7 2 3
v -6 2 3
v 8 2 3
v 7 2 3
v 15 2 3
v 16 2 3
v 19 2 3
v -19 1 3
v -12 1 3
v -13 1 3
v -13 2 3
v -7 1 3
v -6 1 3
v 8 1 3
v 7 1 3
v 12 1 3
v 12 2 3
v 13 1 3
v 13 2 3
v 14 2 3
v 14 1 3
v 15 1 3
v 16 1 3
v 19 1 3
v 18 1 3
v 18 2 3
v -19 0 3
v -18 0 3
v -14 0 3
v -15 0 3
v -13 0 3
v -14 1 3
v -7 0 3
v -6 0 3
v 8 0 3
v 7 0 3
v 13 0 3
v 14 0 3
v 15 0 3
v 16 0 3
v 17 0 3
v 17 1 3
v 18 0 3
v -18 -1 3
v -17 -1 3
v -16 -1 3
v -15 -1 3
v -7 -1 3
v -6 -1 3
v 8 -1 3
v 7 -1 3
v 13 -1 3
v 14 -1 3
v 15 -1 3
v 16 -1 3
v 17 -1 3
v -7 -2 3
v -6 -2 3
v 8 -2 3
v 7 -2 3
v 14 -2 3
v 15 -2 3
v 16 -2 3
v 17 -2 3
v -7 -3 3
v -6 -3 3
v 8 -3 3
v 7 -3 3
v 14 -3 3
v 15 -3 3
v 16 -3 3
v 17 -3 3
v -7 -4 3
v -6 -4 3
v 8 -4 3
v 7 -4 3
v -7 -5 3
v -6 -5 3
v 8 -5 3
v 7 -5 3
v -6 -6 3
v -5 -6 3
v -5 -5 3
v 7 -6 3
v 6 -6 3
v 6 -5 3
v -6 -7 3
v -5 -7 3
v -4 -7 3
v -4 -6 3
v 5 -7 3
v 6 -7 3
v 5 -6 3
v 7 -7 3
v -5 -8 3
v -4 -8 3
v 6 -8 3
v 5 -8 3
v -5 -9 3
v -4 -9 3
v -3 -9 3
v -3 -8 3
v 5 -9 3
v 4 -9 3
v 4 -8 3
v -5 -10 3
v -4 -10 3
v -3 -10 3
v -2 -10 3
v -2 -9 3
v -1 -10 3
v -1 -9 3
v 0 -10 3
v 0 -9 3
v 1 -10 3
v 1 -9 3
v 2 -10 3
v 2 -9 3
v 3 -10 3
v 3 -9 3
v 4 -10 3
v -6 -11 3
v -6 -10 3
v -5 -11 3
v -4 -11 3
v -3 -11 3
v -2 -11 3
v -1 -11 3
v 0 -11 3
v 1 -11 3
v 2 -11 3
v 3 -11 3
v -6 -12 3
v -5 -12 3
v -4 -12 3
v -3 -12 3
v -2 -12 3
v -7 -13 3
v -7 -12 3
v -6 -13 3
v -5 -13 3
v -4 -13 3
v -3 -13 3
v -2 -13 3
v -7 -14 3
v -6 -14 3
v -5 -14 3
v -4 -14 3
v -3 -14 3
v -2 -14 3
v -7 -15 3
v -6 -15 3
v -4 -15 3
v -3 -15 3
v -2 -15 3
v -7 -16 3
v -6 -16 3
v -2 -16 3
v -3 -16 3
v -8 -17 3
v -8 -16 3
v -7 -17 3
v -2 -17 3
v -3 -17 3
v -8 -18 3
v -7 -18 3
v -2 -18 3
v -3 -18 3
v -8 -19 3
v -3 -19 3
v -8 -20 3
v -3 -20 3
v -9 -21 3
v -9 -20 3
v -8 -21 3
v -3 -21 3
v -9 -22 3
v -8 -22 3
v -3 -22 3
v -9 -23 3
v -3 -23 3
v -9 -24 3
v -3 -24 3
v -12 -25 3
v -12 -24 3
v -11 -24 3
v -10 -24 3
v -3 -25 3
v 2 -25 3
v 2 -24 3
v 3 -24 3
v 3 -25 3
v 4 -24 3
v 4 -25 3
v 5 -24 3
v 5 -25 3
v 6 -24 3
v 6 -25 3
v 7 -24 3
v 7 -25 3
v 8 -24 3
v 8 -25 3
v 9 -24 3
v 9 -25 3
v 10 -24 3
v 10 -25 3
v 11 -24 3
v 11 -25 3
v -12 -26 3
v -3 -26 3
v 2 -26 3
v 3 -26 3
v 4 -26 3
v 5 -26 3
v 6 -26 3
v 7 -26 3
v 8 -26 3
v 9 -26 3
v 10 -26 3
v 11 -26 3
v -12 -27 3
v -3 -27 3
v 2 -27 3
v 3 -27 3
v 4 -27 3
v 5 -27 3
v 6 -27 3
v 7 -27 3
v 8 -27 3
v 9 -27 3
v 10 -27 3
v 11 -27 3
v -12 -28 3
v -3 -28 3
v 2 -28 3
v 3 -28 3
v 4 -28 3
v 5 -28 3
v 6 -28 3
v 7 -28 3
v 8 -28 3
v 9 -28 3
v 10 -28 3
v 11 -28 3
v -12 -29 3
v -11 -29 3
v -10 -29 3
v -9 -29 3
v -8 -29 3
v -7 -29 3
v -6 -29 3
v -5 -29 3
v -4 -29 3
v -3 -29 3
v 2 -29 3
v 3 -29 3
v 4 -29 3
v 5 -29 3
v 6 -29 3
v 7 -29 3
v 8 -29 3
v 9 -29 3
v 10 -29 3
v 11 -29 3
v -21 -31 3
v -21 -30 3
v -20 -31 3
v -20 -30 3
v -19 -31 3
v -19 -30 3
v -18 -31 3
v -18 -30 3
v -17 -31 3
v -17 -30 3
v -16 -31 3
v -16 -30 3
v -15 -31 3
v -15 -30 3
v -14 -31 3
v -14 -30 3
v -13 -31 3
v -13 -30 3
v -12 -31 3
v -12 -30 3
v -11 -31 3
v -11 -30 3
v -10 -31 3
v -10 -30 3
v -9 -31 3
v -9 -30 3
v -8 -31 3
v -8 -30 3
v -7 -31 3
v -7 -30 3
v -6 -31 3
v -6 -30 3
v -5 -31 3
v -5 -30 3
v -4 -31 3
v -4 -30 3
v -3 -31 3
v -3 -30 3
v -2 -31 3
v -2 -30 3
v -1 -31 3
v -1 -30 3
v 0 -31 3
v 0 -30 3
v 1 -31 3
v 1 -30 3
v 2 -31 3
v 2 -30 3
v 3 -31 3
v 3 -30 3
v 4 -31 3
v 4 -30 3
v 5 -31 3
v 5 -30 3
v 6 -31 3
v 6 -30 3
v 7 -31 3
v 7 -30 3
v 8 -31 3
v 8 -30 3
v 9 -31 3
v 9 -30 3
v 10 -31 3
v 10 -30 3
v 11 -31 3
v 11 -30 3
v 12 -31 3
v 12 -30 3
v 13 -31 3
v 13 -30 3
v 14 -31 3
v 14 -30 3
v 15 -31 3
v 15 -30 3
v 16 -31 3
v 16 -30 3
v 17 -31 3
v 17 -30 3
v 18 -31 3
v 18 -30 3
v 19 -31 3
v 19 -30 3
v 20 -31 3
v 20 -30 3
v 21 -31 3
v 21 -30 3
v 22 -30 3
v 22 -31 3
v -5 29 4
v -5 30 4
v -4 30 4
v -3 29 4
v -4 29 4
v -3 30 4
v -2 29 4
v -2 30 4
v -1 29 4
v -1 30 4
v 0 29 4
v 0 30 4
v 1 29 4
v 1 30 4
v 2 29 4
v 2 30 4
v 3 29 4
v 3 30 4
v 4 29 4
v 4 30 4
v 5 29 4
v 5 30 4
v 6 30 4
v 6 29 4
v -5 28 4
v -4 28 4
v 5 28 4
v 6 28 4
v -5 27 4
v -4 27 4
v 5 27 4
v 6 27 4
v -5 26 4
v -4 26 4
v 5 26 4
v 6 26 4
v -5 25 4
v -4 25 4
v 5 25 4
v 6 25 4
v -5 24 4
v -3 25 4
v -2 25 4
v -1 25 4
v 0 25 4
v 1 25 4
v 2 25 4
v 3 25 4
v 4 25 4
v 6 24 4
v -10 23 4
v -10 24 4
v -9 23 4
v -9 24 4
v -8 23 4
v -8 24 4
v -7 23 4
v -7 24 4
v -6 23 4
v -6 24 4
v -5 23 4
v -4 23 4
v -3 23 4
v 5 23 4
v 4 23 4
v 6 23 4
v 7 23 4
v 7 24 4
v 8 23 4
v 8 24 4
v 9 23 4
v 9 24 4
v 10 23 4
v 10 24 4
v 11 24 4
v 11 23 4
v -3 22 4
v -2 22 4
v -2 23 4
v -1 22 4
v -1 23 4
v 0 22 4
v 0 23 4
v 1 22 4
v 1 23 4
v 2 22 4
v 2 23 4
v 3 22 4
v 3 23 4
v 4 22 4
v -4 21 4
v -4 22 4
v -3 21 4
v -2 21 4
v 3 21 4
v 4 21 4
v 5 22 4
v 5 21 4
v -4 20 4
v -3 20 4
v 5 20 4
v 4 20 4
v -5 19 4
v -5 20 4
v -4 19 4
v 6 20 4
v 6 19 4
v 5 19 4
v 19 19 3
v 19 19 4
v 19 20 4
v 19 20 3
v 20 19 3
v 20 20 3
v 20 20 4
v 20 19 4
v -5 18 4
v -4 18 4
v 6 18 4
v 5 18 4
v 18 18 3
v 18 18 4
v 18 19 4
v 18 19 3
v 19 18 3
v 19 18 4
v 20 18 3
v 21 18 3
v 21 19 3
v 21 19 4
v 21 18 4
v 20 18 4
v -5 17 4
v 6 17 4
v 19 17 3
v 19 17 4
v 20 17 3
v 20 17 4
v -6 16 4
v -6 17 4
v -5 16 4
v 7 17 4
v 7 16 4
v 6 16 4
v -5 15 4
v 6 15 4
v -5 14 4
v -4 14 4
v -4 15 4
v 6 14 4
v 5 14 4
v 5 15 4
v -5 13 4
v -4 13 4
v 6 13 4
v 5 13 4
v -4 12 4
v -3 12 4
v -3 13 4
v 5 12 4
v 4 12 4
v 4 13 4
v -4 11 4
v -3 11 4
v -2 11 4
v -2 12 4
v 3 11 4
v 4 11 4
v 3 12 4
v 5 11 4
v -3 10 4
v -2 10 4
v -1 10 4
v -1 11 4
v 0 10 4
v 0 11 4
v 1 10 4
v 1 11 4
v 2 10 4
v 2 11 4
v 3 10 4
v 4 10 4
v -20 8 3
v -20 8 4
v -20 9 4
v -20 9 3
v -19 9 4
v -19 9 3
v -19 8 3
v -18 8 3
v -18 9 3
v -18 9 4
v -18 8 4
v 18 8 4
v 18 9 4
v 18 9 3
v 19 9 3
v 19 9 4
v 19 8 4
v -20 7 3
v -20 7 4
v -17 7 3
v -17 8 3
v -17 8 4
v -17 7 4
v -3 7 4
v -3 8 4
v -2 8 4
v -2 7 4
v -1 8 4
v -1 7 4
v 0 8 4
v 0 7 4
v 1 8 4
v 1 7 4
v 2 8 4
v 2 7 4
v 3 8 4
v 3 7 4
v 4 8 4
v 4 7 4
v 17 7 4
v 17 8 4
v 20 8 4
v 20 7 4
v -20 6 3
v -20 6 4
v -17 6 4
v -4 6 4
v -4 7 4
v -3 6 4
v -2 6 4
v -1 6 4
v 0 6 4
v 1 6 4
v 2 6 4
v 3 6 4
v 4 6 4
v 5 7 4
v 5 6 4
v 16 6 4
v 16 7 4
v 16 7 3
v 17 6 4
v 21 6 3
v 21 7 3
v 21 7 4
v 21 6 4
v 20 6 4
v -20 5 3
v -20 5 4
v -16 6 3
v -16 6 4
v -16 5 4
v -4 5 4
v -3 5 4
v -2 5 4
v 3 5 4
v 4 5 4
v 5 5 4
v 16 5 4
v 17 5 4
v 20 5 4
v -20 4 3
v -20 4 4
v -16 4 4
v -5 4 4
v -5 5 4
v -4 4 4
v -3 4 4
v 4 4 4
v 5 4 4
v 6 5 4
v 6 4 4
v 16 4 4
v 17 4 4
v 20 4 4
v 19 4 4
v -20 3 3
v -20 3 4
v -19 3 4
v -19 4 4
v -15 4 4
v -16 3 4
v -15 3 4
v -14 4 4
v -14 3 4
v -13 4 4
v -13 3 4
v -12 4 4
v -12 3 4
v -6 3 4
v -6 4 4
v -5 3 4
v -4 3 4
v -3 3 4
v 4 3 4
v 5 3 4
v 6 3 4
v 7 4 4
v 7 3 4
v 16 3 4
v 17 3 4
v 19 3 4
v 18 3 4
v 18 4 4
v -19 2 4
v -15 2 4
v -14 2 4
v -13 2 4
v -12 2 4
v -6 2 4
v -5 2 4
v -4 2 4
v 5 2 4
v 6 2 4
v 7 2 4
v 16 2 4
v 17 2 4
v 18 2 4
v 19 2 4
v -19 1 4
v -18 1 4
v -18 2 4
v -15 1 4
v -14 1 4
v -13 1 4
v -6 1 4
v -5 1 4
v -4 1 4
v 5 1 4
v 6 1 4
v 7 1 4
v 16 1 4
v 17 1 4
v 18 1 4
v -19 0 4
v -18 0 4
v -14 0 4
v -15 0 4
v -6 0 4
v -5 0 4
v -4 0 4
v 5 0 4
v 6 0 4
v 7 0 4
v -18 -1 4
v -17 -1 4
v -17 0 4
v -16 -1 4
v -16 0 4
v -15 -1 4
v -6 -1 4
v -5 -1 4
v -4 -1 4
v 5 -1 4
v 6 -1 4
v 7 -1 4
v -6 -2 4
v -5 -2 4
v -4 -2 4
v 5 -2 4
v 6 -2 4
v 7 -2 4
v -6 -3 4
v -5 -3 4
v -4 -3 4
v 5 -3 4
v 6 -3 4
v 7 -3 4
v -6 -4 4
v -5 -4 4
v -4 -4 4
v 5 -4 4
v 6 -4 4
v 7 -4 4
v -6 -5 4
v -5 -5 4
v -4 -5 4
v -3 -5 4
v -3 -4 4
v 5 -5 4
v 6 -5 4
v 7 -5 4
v -5 -6 4
v -4 -6 4
v -3 -6 4
v 6 -6 4
v 5 -6 4
v -4 -7 4
v -3 -7 4
v -2 -7 4
v -2 -6 4
v 3 -7 4
v 4 -7 4
v 4 -6 4
v 3 -6 4
v 5 -7 4
v -4 -8 4
v -3 -8 4
v -2 -8 4
v -1 -8 4
v -1 -7 4
v 0 -8 4
v 0 -7 4
v 1 -8 4
v 1 -7 4
v 2 -8 4
v 2 -7 4
v 3 -8 4
v 4 -8 4
v 5 -8 4
v -3 -9 4
v -2 -9 4
v -1 -9 4
v 0 -9 4
v 1 -9 4
v 2 -9 4
v 3 -9 4
v 4 -9 4
v -5 -14 4
v -5 -13 4
v -4 -13 4
v -4 -14 4
v -6 -15 4
v -6 -14 4
v -5 -15 4
v -4 -15 4
v -6 -16 4
v -5 -16 4
v -4 -16 4
v -3 -15 4
v -3 -16 4
v -7 -17 4
v -7 -16 4
v -6 -17 4
v -5 -17 4
v -4 -17 4
v -3 -17 4
v -7 -18 4
v -6 -18 4
v -5 -18 4
v -4 -18 4
v -3 -18 4
v -8 -19 4
v -8 -18 4
v -7 -19 4
v -6 -19 4
v -5 -19 4
v -4 -19 4
v -3 -19 4
v -8 -20 4
v -7 -20 4
v -6 -20 4
v -5 -20 4
v -4 -20 4
v -3 -20 4
v -8 -21 4
v -7 -21 4
v -5 -21 4
v -4 -21 4
v -3 -21 4
v -8 -22 4
v -7 -22 4
v -3 -22 4
v -4 -22 4
v -9 -23 4
v -9 -22 4
v -8 -23 4
v -3 -23 4
v -4 -23 4
v -9 -24 4
v -8 -24 4
v -3 -24 4
v -4 -24 4
v -12 -25 4
v -12 -24 4
v -11 -24 4
v -10 -24 4
v -3 -25 4
v -12 -26 4
v -3 -26 4
v -12 -27 4
v -3 -27 4
v -12 -28 4
v -3 -28 4
v -12 -29 4
v -11 -29 4
v -10 -29 4
v -9 -29 4
v -8 -29 4
v -7 -29 4
v -6 -29 4
v -5 -29 4
v -4 -29 4
v -3 -29 4
v -21 -31 4
v -21 -30 4
v -20 -31 4
v -20 -30 4
v -19 -31 4
v -19 -30 4
v -18 -31 4
v -18 -30 4
v -17 -31 4
v -17 -30 4
v -16 -31 4
v -16 -30 4
v -15 -31 4
v -15 -30 4
v -14 -31 4
v -14 -30 4
v -13 -31 4
v -13 -30 4
v -12 -31 4
v -12 -30 4
v -11 -31 4
v -11 -30 4
v -10 -31 4
v -10 -30 4
v -9 -31 4
v -9 -30 4
v -8 -31 4
v -8 -30 4
v -7 -31 4
v -7 -30 4
v -6 -31 4
v -6 -30 4
v -5 -31 4
v -5 -30 4
v -4 -31 4
v -4 -30 4
v -3 -31 4
v -3 -30 4
v -2 -31 4
v -2 -30 4
v -1 -31 4
v -1 -30 4
v 0 -31 4
v 0 -30 4
v 1 -31 4
v 1 -30 4
v 2 -31 4
v 2 -30 4
v 3 -31 4
v 3 -30 4
v 4 -31 4
v 4 -30 4
v 5 -31 4
v 5 -30 4
v 6 -31 4
v 6 -30 4
v 7 -31 4
v 7 -30 4
v 8 -31 4
v 8 -30 4
v 9 -31 4
v 9 -30 4
v 10 -31 4
v 10 -30 4
v 11 -31 4
v 11 -30 4
v 12 -31 4
v 12 -30 4
v 13 -31 4
v 13 -30 4
v 14 -31 4
v 14 -30 4
v 15 -31 4
v 15 -30 4
v 16 -31 4
v 16 -30 4
v 17 -31 4
v 17 -30 4
v 18 -31 4
v 18 -30 4
v 19 -31 4
v 19 -30 4
v 20 -31 4
v 20 -30 4
v 21 -31 4
v 21 -30 4
v 22 -30 4
v 22 -31 4
v -5 29 5
v -5 30 5
v -4 30 5
v -4 29 5
v -3 30 5
v -3 29 5
v -2 30 5
v -2 29 5
v -1 30 5
v -1 29 5
v 0 30 5
v 0 29 5
v 1 30 5
v 1 29 5
v 2 30 5
v 2 29 5
v 3 30 5
v 3 29 5
v 4 30 5
v 4 29 5
v 5 30 5
v 5 29 5
v 6 30 5
v 6 29 5
v -5 28 5
v -4 28 5
v -3 28 4
v -3 28 5
v -2 28 4
v -2 28 5
v -1 28 4
v -1 28 5
v 0 28 4
v 0 28 5
v 1 28 4
v 1 28 5
v 2 28 4
v 2 28 5
v 3 28 4
v 3 28 5
v 4 28 4
v 4 28 5
v 5 28 5
v 6 28 5
v -5 27 5
v -4 27 5
v -3 27 4
v -3 27 5
v -2 27 4
v -2 27 5
v -1 27 4
v -1 27 5
v 0 27 4
v 0 27 5
v 1 27 4
v 1 27 5
v 2 27 4
v 2 27 5
v 3 27 4
v 3 27 5
v 4 27 4
v 4 27 5
v 5 27 5
v 6 27 5
v -5 26 5
v -4 26 5
v -3 26 4
v -3 26 5
v -2 26 4
v -2 26 5
v -1 26 4
v -1 26 5
v 0 26 4
v 0 26 5
v 1 26 4
v 1 26 5
v 2 26 4
v 2 26 5
v 3 26 4
v 3 26 5
v 4 26 4
v 4 26 5
v 5 26 5
v 6 26 5
v -5 25 5
v -4 25 5
v -3 25 5
v -2 25 5
v -1 25 5
v 0 25 5
v 1 25 5
v 2 25 5
v 3 25 5
v 4 25 5
v 5 25 5
v 6 25 5
v -5 24 5
v 6 24 5
v -9 23 5
v -9 24 5
v -8 23 5
v -8 24 5
v -7 23 5
v -7 24 5
v -6 23 5
v -6 24 5
v -5 23 5
v -4 23 5
v -3 23 5
v -2 23 5
v -1 23 5
v 0 23 5
v 1 23 5
v 2 23 5
v 3 23 5
v 4 23 5
v 5 23 5
v 6 23 5
v 7 23 5
v 7 24 5
v 8 23 5
v 8 24 5
v 9 23 5
v 9 24 5
v 10 24 5
v 10 23 5
v -2 21 5
v -2 22 5
v -1 22 5
v -1 21 5
v 0 22 5
v 0 21 5
v 1 22 5
v 1 21 5
v 2 22 5
v 2 21 5
v 3 22 5
v 3 21 5
v -3 20 5
v -3 21 5
v -2 20 5
v -1 20 5
v 2 20 5
v 3 20 5
v 4 21 5
v 4 20 5
v 19 20 5
v 19 21 5
v 19 21 4
v 20 21 4
v 20 21 5
v 20 20 5
v -4 19 5
v -4 20 5
v -3 19 5
v -2 19 5
v 3 19 5
v 4 19 5
v 5 20 5
v 5 19 5
v 18 19 5
v 18 20 5
v 18 20 4
v 19 19 5
v 21 20 4
v 21 20 5
v 21 19 5
v 20 19 5
v -4 18 5
v -3 18 5
v 5 18 5
v 4 18 5
v 18 18 5
v 21 18 5
v -5 17 5
v -5 18 5
v -4 17 5
v -3 17 5
v 4 17 5
v 5 17 5
v 6 18 5
v 6 17 5
v 18 17 4
v 18 17 5
v 19 17 5
v 19 18 5
v 21 17 4
v 21 17 5
v 20 17 5
v 20 18 5
v -5 16 5
v -4 16 5
v -3 16 5
v 4 16 5
v 5 16 5
v 6 16 5
v 19 16 4
v 19 16 5
v 20 16 4
v 20 16 5
v -5 15 5
v -4 15 5
v -3 15 5
v 4 15 5
v 5 15 5
v 6 15 5
v 19 15 4
v 19 15 5
v 20 15 4
v 20 15 5
v -4 14 5
v -3 14 5
v 5 14 5
v 4 14 5
v 19 14 4
v 19 14 5
v 20 14 4
v 20 14 5
v -4 13 5
v -3 13 5
v -2 13 5
v -2 14 5
v 3 13 5
v 4 13 5
v 3 14 5
v 5 13 5
v 19 13 4
v 19 13 5
v 20 13 4
v 20 13 5
v -3 12 5
v -2 12 5
v 4 12 5
v 3 12 5
v 19 12 4
v 19 12 5
v 20 12 4
v 20 12 5
v -2 11 5
v -1 11 5
v -1 12 5
v 0 11 5
v 0 12 5
v 1 11 5
v 1 12 5
v 2 11 5
v 2 12 5
v 3 11 5
v 19 11 4
v 19 11 5
v 20 11 4
v 20 11 5
v 19 10 4
v 19 10 5
v 20 10 4
v 20 10 5
v -21 9 4
v -21 9 5
v -21 10 5
v -21 10 4
v -20 10 5
v -20 10 4
v -19 10 5
v -19 10 4
v -18 10 4
v -18 10 5
v -18 9 5
v 19 9 5
v 20 9 4
v 20 9 5
v -21 8 4
v -21 8 5
v -17 9 4
v -17 9 5
v -17 8 5
v 19 8 5
v 20 8 5
v -21 7 4
v -21 7 5
v -17 7 5
v 17 7 5
v 17 8 5
v 18 8 5
v 18 7 5
v 19 7 5
v 20 7 5
v -21 6 4
v -21 6 5
v -20 6 5
v -16 7 4
v -16 7 5
v -16 6 5
v -17 6 5
v 17 6 5
v 18 6 5
v 20 6 5
v 19 6 5
v -20 5 5
v -16 5 5
v -17 5 5
v -2 5 5
v -2 6 5
v -1 6 5
v -1 5 5
v 0 6 5
v 0 5 5
v 1 6 5
v 1 5 5
v 2 6 5
v 2 5 5
v 3 6 5
v 3 5 5
v 17 5 5
v 18 5 5
v 19 5 5
v 20 5 5
v -20 4 5
v -19 4 5
v -19 5 5
v -16 4 5
v -17 4 5
v -3 4 5
v -3 5 5
v -2 4 5
v -1 4 5
v 0 4 5
v 1 4 5
v 2 4 5
v 3 4 5
v 4 5 5
v 4 4 5
v 17 4 5
v 18 4 5
v 19 4 5
v 20 4 5
v -19 3 5
v -18 3 5
v -18 4 5
v -16 3 5
v -17 3 5
v -3 3 5
v -2 3 5
v -1 3 5
v 0 3 5
v 1 3 5
v 2 3 5
v 3 3 5
v 4 3 5
v 17 3 5
v 18 3 5
v 19 3 5
v 20 3 4
v 20 3 5
v -19 2 5
v -18 2 5
v -17 2 5
v -16 2 5
v -15 3 5
v -15 2 5
v -4 2 5
v -4 3 5
v -3 2 5
v -1 2 5
v 0 2 5
v 1 2 5
v 2 2 5
v 3 2 5
v 4 2 5
v 5 3 5
v 5 2 5
v 19 2 5
v 20 2 4
v 20 2 5
v -18 1 5
v -17 1 5
v -16 1 5
v -15 1 5
v -4 1 5
v -3 1 5
v -2 1 5
v -2 2 5
v 0 1 5
v 1 1 5
v 2 1 5
v 3 1 5
v 4 1 5
v 5 1 5
v 19 1 4
v 19 1 5
v 20 1 4
v 20 1 5
v -18 0 5
v -17 0 5
v -16 0 5
v -15 0 5
v -4 0 5
v -3 0 5
v -2 0 5
v -1 0 5
v -1 1 5
v 1 0 5
v 2 0 5
v 3 0 5
v 4 0 5
v 5 0 5
v 19 0 4
v 19 0 5
v 20 0 4
v 20 0 5
v -4 -1 5
v -3 -1 5
v -2 -1 5
v -1 -1 5
v 0 -1 5
v 0 0 5
v 1 -1 5
v 2 -1 5
v 3 -1 5
v 4 -1 5
v 5 -1 5
v 19 -1 4
v 19 -1 5
v 20 -1 4
v 20 -1 5
v -4 -2 5
v -3 -2 5
v -2 -2 5
v -1 -2 5
v 0 -2 5
v 1 -2 5
v 2 -2 5
v 3 -2 5
v 4 -2 5
v 5 -2 5
v 19 -2 4
v 19 -2 5
v 20 -2 4
v 20 -2 5
v -4 -3 5
v -3 -3 5
v -2 -3 5
v -1 -3 5
v 0 -3 5
v 1 -3 5
v 2 -3 5
v 3 -3 5
v 4 -3 5
v 5 -3 5
v 19 -3 4
v 19 -3 5
v 20 -3 4
v 20 -3 5
v -4 -4 5
v -3 -4 5
v -2 -4 5
v -1 -4 5
v 0 -4 5
v 1 -4 5
v 2 -4 5
v 3 -4 5
v 5 -4 5
v 4 -4 5
v 19 -4 4
v 19 -4 5
v 20 -4 4
v 20 -4 5
v -3 -5 5
v -2 -5 5
v -1 -5 5
v 0 -5 5
v 1 -5 5
v 2 -5 5
v 3 -5 5
v 4 -5 5
v 5 -5 5
v 19 -5 4
v 19 -5 5
v 20 -5 4
v 20 -5 5
v -3 -6 5
v -2 -6 5
v -1 -6 5
v 0 -6 5
v 1 -6 5
v 2 -6 5
v 3 -6 5
v 4 -6 5
v 5 -6 5
v 6 -5 5
v 6 -6 5
v 19 -6 4
v 19 -6 5
v 20 -6 4
v 20 -6 5
v -2 -7 5
v -1 -7 5
v 0 -7 5
v 1 -7 5
v 2 -7 5
v 3 -7 5
v 5 -7 5
v 6 -7 4
v 6 -7 5
v 7 -7 4
v 7 -6 4
v 7 -6 5
v 7 -7 5
v 19 -7 4
v 19 -7 5
v 20 -7 4
v 20 -7 5
v 5 -8 5
v 6 -8 4
v 6 -8 5
v 7 -8 4
v 7 -8 5
v 19 -8 4
v 19 -8 5
v 20 -8 4
v 20 -8 5
v 19 -9 4
v 19 -9 5
v 20 -9 4
v 20 -9 5
v 19 -10 4
v 19 -10 5
v 20 -10 4
v 20 -10 5
v 19 -11 4
v 19 -11 5
v 20 -11 4
v 20 -11 5
v 19 -12 4
v 19 -12 5
v 20 -12 4
v 20 -12 5
v 19 -13 4
v 19 -13 5
v 20 -13 4
v 20 -13 5
v 19 -14 4
v 19 -14 5
v 20 -14 4
v 20 -14 5
v 19 -15 4
v 19 -15 5
v 20 -15 4
v 20 -15 5
v 19 -16 4
v 19 -16 5
v 20 -16 4
v 20 -16 5
v 19 -17 4
v 19 -17 5
v 20 -17 4
v 20 -17 5
v 19 -18 4
v 19 -18 5
v 20 -18 4
v 20 -18 5
v 19 -19 4
v 19 -19 5
v 20 -19 4
v 20 -19 5
v -6 -20 5
v -6 -19 5
v -5 -19 5
v -5 -20 5
v 19 -20 4
v 19 -20 5
v 20 -20 4
v 20 -20 5
v -7 -21 5
v -7 -20 5
v -6 -21 5
v -5 -21 5
v 19 -21 4
v 19 -21 5
v 20 -21 4
v 20 -21 5
v -7 -22 5
v -6 -22 5
v -5 -22 5
v -4 -21 5
v -4 -22 5
v 19 -22 4
v 19 -22 5
v 20 -22 4
v 20 -22 5
v -8 -23 5
v -8 -22 5
v -7 -23 5
v -6 -23 5
v -5 -23 5
v -4 -23 5
v 19 -23 4
v 19 -23 5
v 20 -23 4
v 20 -23 5
v -8 -24 5
v -7 -24 5
v -6 -24 5
v -5 -24 5
v -4 -24 5
v 19 -24 4
v 19 -24 5
v 20 -24 4
v 20 -24 5
v -12 -25 5
v -12 -24 5
v -11 -24 5
v -10 -24 5
v -9 -24 5
v -3 -24 5
v -3 -25 5
v -12 -26 5
v -3 -26 5
v -12 -27 5
v -3 -27 5
v -12 -28 5
v -3 -28 5
v -12 -29 5
v -11 -29 5
v -10 -29 5
v -9 -29 5
v -8 -29 5
v -7 -29 5
v -6 -29 5
v -5 -29 5
v -4 -29 5
v -3 -29 5
v -21 -31 5
v -21 -30 5
v -20 -31 5
v -20 -30 5
v -19 -31 5
v -19 -30 5
v -18 -31 5
v -18 -30 5
v -17 -31 5
v -17 -30 5
v -16 -31 5
v -16 -30 5
v -15 -31 5
v -15 -30 5
v -14 -31 5
v -14 -30 5
v -13 -31 5
v -13 -30 5
v -12 -31 5
v -12 -30 5
v -11 -31 5
v -11 -30 5
v -10 -31 5
v -10 -30 5
v -9 -31 5
v -9 -30 5
v -8 -31 5
v -8 -30 5
v -7 -31 5
v -7 -30 5
v -6 -31 5
v -6 -30 5
v -5 -31 5
v -5 -30 5
v -4 -31 5
v -4 -30 5
v -3 -31 5
v -3 -30 5
v -2 -31 5
v -2 -30 5
v -1 -31 5
v -1 -30 5
v 0 -31 5
v 0 -30 5
v 1 -31 5
v 1 -30 5
v 2 -31 5
v 2 -30 5
v 3 -31 5
v 3 -30 5
v 4 -31 5
v 4 -30 5
v 5 -31 5
v 5 -30 5
v 6 -31 5
v 6 -30 5
v 7 -31 5
v 7 -30 5
v 8 -31 5
v 8 -30 5
v 9 -31 5
v 9 -30 5
v 10 -31 5
v 10 -30 5
v 11 -31 5
v 11 -30 5
v 12 -31 5
v 12 -30 5
v 13 -31 5
v 13 -30 5
v 14 -31 5
v 14 -30 5
v 15 -31 5
v 15 -30 5
v 16 -31 5
v 16 -30 5
v 17 -31 5
v 17 -30 5
v 18 -31 5
v 18 -30 5
v 19 -31 5
v 19 -30 5
v 20 -31 5
v 20 -30 5
v 21 -31 5
v 21 -30 5
v 22 -30 5
v 22 -31 5
v -5 24 6
v -5 25 6
v -4 25 6
v -4 24 6
v -3 25 6
v -3 24 6
v -2 25 6
v -2 24 6
v -1 25 6
v -1 24 6
v 0 25 6
v 0 24 6
v 1 25 6
v 1 24 6
v 2 25 6
v 2 24 6
v 3 25 6
v 3 24 6
v 4 25 6
v 4 24 6
v 5 25 6
v 5 24 6
v 6 25 6
v 6 24 6
v -8 23 6
v -8 24 6
v -7 23 6
v -7 24 6
v -6 23 6
v -6 24 6
v -5 23 6
v -4 23 6
v -3 23 6
v -2 23 6
v -1 23 6
v 0 23 6
v 1 23 6
v 2 23 6
v 3 23 6
v 4 23 6
v 5 23 6
v 6 23 6
v 7 23 6
v 7 24 6
v 8 23 6
v 8 24 6
v 9 24 6
v 9 23 6
v -1 20 6
v -1 21 6
v 0 21 6
v 0 20 6
v 1 21 6
v 1 20 6
v 2 21 6
v 2 20 6
v -2 19 6
v -2 20 6
v -1 19 6
v 0 19 6
v 1 19 6
v 2 19 6
v 3 20 6
v 3 19 6
v 19 19 6
v 19 20 6
v 20 20 6
v 20 19 6
v -3 18 6
v -3 19 6
v -1 18 6
v 0 18 6
v 1 18 6
v 2 18 6
v 4 19 6
v 4 18 6
v 18 18 6
v 18 19 6
v 19 18 6
v 20 18 6
v 21 19 6
v 21 18 6
v -3 17 6
v -2 17 6
v -2 18 6
v -1 17 6
v 2 17 6
v 3 17 6
v 3 18 6
v 4 17 6
v 19 17 6
v 20 17 6
v -3 16 6
v -2 16 6
v -1 16 6
v 2 16 6
v 3 16 6
v 4 16 6
v -3 15 6
v -2 15 6
v -1 15 6
v 2 15 6
v 3 15 6
v 4 15 6
v -3 14 6
v -2 14 6
v -1 14 6
v 0 14 6
v 0 15 6
v 1 14 6
v 1 15 6
v 2 14 6
v 3 14 6
v 4 14 6
v -2 13 6
v -1 13 6
v 0 13 6
v 1 13 6
v 2 13 6
v 3 13 6
v -2 12 6
v -1 12 6
v 0 12 6
v 1 12 6
v 2 12 6
v 3 12 6
v -20 10 6
v -20 11 6
v -20 11 5
v -19 11 5
v -19 11 6
v -19 10 6
v -21 9 6
v -21 10 6
v -18 10 6
v -18 9 6
v -22 8 5
v -22 8 6
v -22 9 6
v -22 9 5
v -21 8 6
v -17 9 6
v -17 8 6
v -21 7 6
v -17 7 6
v -21 6 6
v -20 6 6
v -17 6 6
v -18 6 6
v -18 7 6
v -6 6 5
v -6 6 6
v -6 7 6
v -6 7 5
v -5 7 6
v -5 7 5
v -5 6 5
v -5 6 6
v -4 6 5
v -4 7 5
v -4 7 6
v -4 6 6
v 18 6 6
v 18 7 6
v 19 7 6
v 19 6 6
v -20 5 6
v -19 5 6
v -19 6 6
v -18 5 6
v -17 5 6
v -6 5 5
v -6 5 6
v -5 5 5
v -5 5 6
v -4 5 5
v -4 5 6
v -19 4 6
v -18 4 6
v -17 4 6
v -5 4 5
v -5 4 6
v -4 4 5
v -4 4 6
v -3 5 6
v -3 4 6
v -18 3 6
v -17 3 6
v -4 3 6
v -3 3 6
v -2 4 6
v -2 3 6
v -3 2 6
v -2 2 6
v -1 3 6
v -1 2 6
v -2 1 6
v -1 1 6
v 0 2 6
v 0 1 6
v -1 0 6
v 0 0 6
v 1 1 6
v 1 0 6
v 0 -1 6
v 1 -1 6
v 1 -2 6
v 2 -1 6
v 2 -2 6
v 2 -3 6
v 3 -2 6
v 3 -3 6
v 3 -4 6
v 4 -3 6
v 4 -4 6
v -12 -25 6
v -12 -24 6
v -11 -24 6
v -10 -24 6
v -9 -24 6
v -8 -24 6
v -7 -24 6
v -6 -24 6
v -5 -24 6
v -4 -24 6
v -3 -24 6
v -3 -25 6
v -12 -26 6
v -3 -26 6
v -12 -27 6
v -3 -27 6
v -12 -28 6
v -3 -28 6
v -12 -29 6
v -11 -29 6
v -10 -29 6
v -9 -29 6
v -8 -29 6
v -7 -29 6
v -6 -29 6
v -5 -29 6
v -4 -29 6
v -3 -29 6
v -20 -31 6
v -20 -30 6
v -19 -31 6
v -19 -30 6
v -18 -31 6
v -18 -30 6
v -17 -31 6
v -17 -30 6
v -16 -31 6
v -16 -30 6
v -15 -31 6
v -15 -30 6
v -14 -31 6
v -14 -30 6
v -13 -31 6
v -13 -30 6
v -12 -31 6
v -12 -30 6
v -11 -31 6
v -11 -30 6
v -10 -31 6
v -10 -30 6
v -9 -31 6
v -9 -30 6
v -8 -31 6
v -8 -30 6
v -7 -31 6
v -7 -30 6
v -6 -31 6
v -6 -30 6
v -5 -31 6
v -5 -30 6
v -4 -31 6
v -4 -30 6
v -3 -31 6
v -3 -30 6
v -2 -31 6
v -2 -30 6
v -1 -31 6
v -1 -30 6
v 0 -31 6
v 0 -30 6
v 1 -31 6
v 1 -30 6
v 2 -31 6
v 2 -30 6
v 3 -31 6
v 3 -30 6
v 4 -31 6
v 4 -30 6
v 5 -31 6
v 5 -30 6
v 6 -31 6
v 6 -30 6
v 7 -31 6
v 7 -30 6
v 8 -31 6
v 8 -30 6
v 9 -31 6
v 9 -30 6
v 10 -31 6
v 10 -30 6
v 11 -31 6
v 11 -30 6
v 12 -31 6
v 12 -30 6
v 13 -31 6
v 13 -30 6
v 14 -31 6
v 14 -30 6
v 15 -31 6
v 15 -30 6
v 16 -31 6
v 16 -30 6
v 17 -31 6
v 17 -30 6
v 18 -31 6
v 18 -30 6
v 19 -31 6
v 19 -30 6
v 20 -31 6
v 20 -30 6
v 21 -30 6
v 21 -31 6
v -7 23 7
v -7 24 7
v -6 23 7
v -6 24 7
v -5 23 7
v -5 24 7
v -4 23 7
v -4 24 7
v -3 23 7
v -3 24 7
v -2 23 7
v -2 24 7
v -1 23 7
v -1 24 7
v 0 23 7
v 0 24 7
v 1 23 7
v 1 24 7
v 2 23 7
v 2 24 7
v 3 23 7
v 3 24 7
v 4 23 7
v 4 24 7
v 5 23 7
v 5 24 7
v 6 23 7
v 6 24 7
v 7 23 7
v 7 24 7
v 8 24 7
v 8 23 7
v -4 19 6
v -4 19 7
v -4 20 7
v -4 20 6
v -3 20 7
v -3 20 6
v -3 19 7
v -2 20 7
v -2 19 7
v -1 20 7
v -1 19 7
v 2 19 7
v 2 20 7
v 3 20 7
v 3 19 7
v 4 20 7
v 4 20 6
v 4 19 7
v 5 19 6
v 5 20 6
v 5 20 7
v 5 19 7
v -4 18 6
v -4 18 7
v -3 18 7
v -2 18 7
v -1 18 7
v 2 18 7
v 3 18 7
v 4 18 7
v 5 18 6
v 5 18 7
v -1 17 7
v 0 18 7
v 1 18 7
v 2 17 7
v -1 16 7
v 2 16 7
v -1 15 7
v 0 15 7
v 1 15 7
v 2 15 7
v -2 12 7
v -2 13 7
v -1 12 7
v -1 13 7
v 0 12 7
v 0 13 7
v 1 12 7
v 1 13 7
v 2 12 7
v 2 13 7
v 3 13 7
v 3 12 7
v -21 10 7
v -21 11 7
v -21 11 6
v -20 11 7
v -20 10 7
v -19 11 7
v -18 11 6
v -18 11 7
v -18 10 7
v -19 10 7
v -22 9 7
v -22 10 7
v -22 10 6
v -21 9 7
v -17 10 6
v -17 10 7
v -17 9 7
v -18 9 7
v -22 8 7
v -17 8 7
v -22 7 6
v -22 7 7
v -21 7 7
v -21 8 7
v -17 7 7
v -18 7 7
v -18 8 7
v -21 6 7
v -20 6 7
v -20 7 7
v -19 6 7
v -18 6 7
v -19 7 7
v 0 3 6
v 0 3 7
v 0 4 7
v 0 4 6
v 1 3 6
v 1 4 6
v 1 4 7
v 1 3 7
v 0 -1 7
v 0 0 7
v 1 0 7
v 1 -1 7
v 0 -5 6
v 0 -5 7
v 0 -4 7
v 0 -4 6
v 1 -5 6
v 1 -4 6
v 1 -4 7
v 1 -5 7
v -12 -25 7
v -12 -24 7
v -11 -24 7
v -10 -24 7
v -9 -24 7
v -8 -24 7
v -7 -24 7
v -6 -24 7
v -5 -24 7
v -4 -24 7
v -3 -24 7
v -3 -25 7
v -12 -26 7
v -3 -26 7
v -12 -27 7
v -3 -27 7
v -12 -28 7
v -3 -28 7
v -12 -29 7
v -11 -29 7
v -10 -29 7
v -9 -29 7
v -8 -29 7
v -7 -29 7
v -6 -29 7
v -5 -29 7
v -4 -29 7
v -3 -29 7
v -20 -31 7
v -20 -30 7
v -19 -31 7
v -19 -30 7
v -18 -31 7
v -18 -30 7
v -17 -31 7
v -17 -30 7
v -16 -31 7
v -16 -30 7
v -15 -31 7
v -15 -30 7
v -14 -31 7
v -14 -30 7
v -13 -31 7
v -13 -30 7
v -12 -31 7
v -12 -30 7
v -11 -31 7
v -11 -30 7
v -10 -31 7
v -10 -30 7
v -9 -31 7
v -9 -30 7
v -8 -31 7
v -8 -30 7
v -7 -31 7
v -7 -30 7
v -6 -31 7
v -6 -30 7
v -5 -31 7
v -5 -30 7
v -4 -31 7
v -4 -30 7
v -3 -31 7
v -3 -30 7
v -2 -31 7
v -2 -30 7
v -1 -31 7
v -1 -30 7
v 0 -31 7
v 0 -30 7
v 1 -31 7
v 1 -30 7
v 2 -31 7
v 2 -30 7
v 3 -31 7
v 3 -30 7
v 4 -31 7
v 4 -30 7
v 5 -31 7
v 5 -30 7
v 6 -31 7
v 6 -30 7
v 7 -31 7
v 7 -30 7
v 8 -31 7
v 8 -30 7
v 9 -31 7
v 9 -30 7
v 10 -31 7
v 10 -30 7
v 11 -31 7
v 11 -30 7
v 12 -31 7
v 12 -30 7
v 13 -31 7
v 13 -30 7
v 14 -31 7
v 14 -30 7
v 15 -31 7
v 15 -30 7
v 16 -31 7
v 16 -30 7
v 17 -31 7
v 17 -30 7
v 18 -31 7
v 18 -30 7
v 19 -31 7
v 19 -30 7
v 20 -31 7
v 20 -30 7
v 21 -30 7
v 21 -31 7
v -5 23 8
v -5 24 8
v -4 23 8
v -4 24 8
v -3 23 8
v -3 24 8
v -2 23 8
v -2 24 8
v -1 23 8
v -1 24 8
v 0 23 8
v 0 24 8
v 1 23 8
v 1 24 8
v 2 23 8
v 2 24 8
v 3 23 8
v 3 24 8
v 4 23 8
v 4 24 8
v 5 23 8
v 5 24 8
v 6 24 8
v 6 23 8
v -1 17 8
v -1 18 8
v 0 18 8
v 1 18 8
v 2 18 8
v 2 17 8
v -1 16 8
v 2 16 8
v -1 15 8
v 0 15 8
v 1 15 8
v 2 15 8
v -20 10 8
v -20 11 8
v -19 11 8
v -19 10 8
v -21 9 8
v -21 10 8
v -18 10 8
v -18 9 8
v -22 8 8
v -22 9 8
v -21 8 8
v -17 9 8
v -17 8 8
v -18 8 8
v -21 7 8
v -20 7 8
v -18 7 8
v -19 7 8
v -20 6 8
v -19 6 8
v -12 -25 8
v -12 -24 8
v -11 -24 8
v -11 -25 8
v -10 -24 8
v -10 -25 8
v -9 -24 8
v -9 -25 8
v -8 -24 8
v -8 -25 8
v -7 -24 8
v -7 -25 8
v -6 -24 8
v -6 -25 8
v -5 -24 8
v -5 -25 8
v -4 -24 8
v -4 -25 8
v -3 -24 8
v -3 -25 8
v -12 -26 8
v -11 -26 8
v -10 -26 8
v -9 -26 8
v -8 -26 8
v -7 -26 8
v -6 -26 8
v -5 -26 8
v -4 -26 8
v -3 -26 8
v -12 -27 8
v -11 -27 8
v -10 -27 8
v -9 -27 8
v -8 -27 8
v -7 -27 8
v -6 -27 8
v -5 -27 8
v -4 -27 8
v -3 -27 8
v -12 -28 8
v -11 -28 8
v -10 -28 8
v -9 -28 8
v -8 -28 8
v -7 -28 8
v -6 -28 8
v -5 -28 8
v -4 -28 8
v -3 -28 8
v -12 -29 8
v -11 -29 8
v -10 -29 8
v -9 -29 8
v -8 -29 8
v -7 -29 8
v -6 -29 8
v -5 -29 8
v -4 -29 8
v -3 -29 8
v -19 -31 8
v -19 -30 8
v -18 -31 8
v -18 -30 8
v -17 -31 8
v -17 -30 8
v -16 -31 8
v -16 -30 8
v -15 -31 8
v -15 -30 8
v -14 -31 8
v -14 -30 8
v -13 -31 8
v -13 -30 8
v -12 -31 8
v -12 -30 8
v -11 -31 8
v -11 -30 8
v -10 -31 8
v -10 -30 8
v -9 -31 8
v -9 -30 8
v -8 -31 8
v -8 -30 8
v -7 -31 8
v -7 -30 8
v -6 -31 8
v -6 -30 8
v -5 -31 8
v -5 -30 8
v -4 -31 8
v -4 -30 8
v -3 -31 8
v -3 -30 8
v -2 -31 8
v -2 -30 8
v -1 -31 8
v -1 -30 8
v 0 -31 8
v 0 -30 8
v 1 -31 8
v 1 -30 8
v 2 -31 8
v 2 -30 8
v 3 -31 8
v 3 -30 8
v 4 -31 8
v 4 -30 8
v 5 -31 8
v 5 -30 8
v 6 -31 8
v 6 -30 8
v 7 -31 8
v 7 -30 8
v 8 -31 8
v 8 -30 8
v 9 -31 8
v 9 -30 8
v 10 -31 8
v 10 -30 8
v 11 -31 8
v 11 -30 8
v 12 -31 8
v 12 -30 8
v 13 -31 8
v 13 -30 8
v 14 -31 8
v 14 -30 8
v 15 -31 8
v 15 -30 8
v 16 -31 8
v 16 -30 8
v 17 -31 8
v 17 -30 8
v 18 -31 8
v 18 -30 8
v 19 -31 8
v 19 -30 8
v 20 -30 8
v 20 -31 8
v 0 23 9
v 0 24 9
v 1 24 9
v 1 23 9
v -1 17 9
v -1 18 9
v 0 18 9
v 0 17 9
v 1 18 9
v 1 17 9
v 2 18 9
v 2 17 9
v -1 16 9
v 0 16 9
v 1 16 9
v 2 16 9
v -1 15 9
v 0 15 9
v 1 15 9
v 2 15 9
v -28 14 8
v -28 14 9
v -28 15 9
v -28 15 8
v -27 15 9
v -27 15 8
v -27 14 8
v -27 14 9
v -26 15 9
v -26 15 8
v -26 14 8
v -26 14 9
v -25 15 9
v -25 15 8
v -25 14 8
v -25 14 9
v -24 15 9
v -24 15 8
v -24 14 8
v -24 14 9
v -23 15 9
v -23 15 8
v -23 14 8
v -23 14 9
v -22 15 9
v -22 15 8
v -22 14 8
v -21 15 9
v -21 15 8
v -21 14 8
v -22 14 9
v -21 14 9
v -20 15 9
v -20 15 8
v -20 14 8
v -20 14 9
v -19 15 9
v -19 15 8
v -19 14 8
v -19 14 9
v -18 15 9
v -18 15 8
v -18 14 8
v -18 14 9
v -17 14 8
v -17 15 8
v -17 15 9
v -17 14 9
v -28 13 8
v -28 13 9
v -27 13 8
v -27 13 9
v -26 13 8
v -26 13 9
v -25 13 8
v -25 13 9
v -24 13 8
v -24 13 9
v -23 13 8
v -23 13 9
v -22 13 8
v -21 13 8
v -22 13 9
v -21 13 9
v -20 13 8
v -20 13 9
v -19 13 8
v -19 13 9
v -18 13 8
v -18 13 9
v -17 13 8
v -17 13 9
v -28 12 8
v -28 12 9
v -27 12 8
v -27 12 9
v -26 12 8
v -26 12 9
v -25 12 8
v -25 12 9
v -24 12 8
v -24 12 9
v -23 12 8
v -23 12 9
v -22 12 8
v -21 12 8
v -22 12 9
v -21 12 9
v -20 12 8
v -20 12 9
v -19 12 8
v -19 12 9
v -18 12 8
v -18 12 9
v -17 12 8
v -17 12 9
v -28 11 8
v -28 11 9
v -27 11 8
v -27 11 9
v -26 11 8
v -26 11 9
v -25 11 8
v -25 11 9
v -24 11 8
v -24 11 9
v -23 11 8
v -23 11 9
v -22 11 8
v -21 11 8
v -22 11 9
v -21 11 9
v -20 11 9
v -19 11 9
v -18 11 8
v -18 11 9
v -17 11 8
v -17 11 9
v -28 10 8
v -28 10 9
v -27 10 8
v -27 10 9
v -26 10 8
v -25 10 8
v -24 10 8
v -23 10 8
v -22 10 8
v -17 10 8
v -17 10 9
v -18 10 9
v -28 9 8
v -28 9 9
v -27 9 8
v -27 9 9
v -26 9 8
v -26 9 9
v -26 10 9
v -25 9 8
v -25 9 9
v -25 10 9
v -24 9 8
v -24 9 9
v -24 10 9
v -23 9 8
v -23 9 9
v -23 10 9
v -22 9 9
v -21 9 9
v -21 10 9
v -22 10 9
v -20 9 9
v -20 10 9
v -19 9 9
v -19 10 9
v -18 9 9
v -17 9 9
v -28 8 8
v -28 8 9
v -27 8 8
v -27 8 9
v -26 8 8
v -26 8 9
v -25 8 8
v -25 8 9
v -24 8 8
v -24 8 9
v -23 8 8
v -23 8 9
v -22 8 9
v -21 8 9
v -20 8 9
v -19 8 9
v -18 8 9
v -17 8 9
v -28 7 8
v -28 7 9
v -27 7 8
v -27 7 9
v -26 7 8
v -26 7 9
v -25 7 8
v -25 7 9
v -24 7 8
v -24 7 9
v -23 7 8
v -23 7 9
v -22 7 8
v -22 7 9
v -21 7 9
v -20 7 9
v -19 7 9
v -18 7 9
v -17 7 8
v -17 7 9
v -28 6 8
v -28 6 9
v -27 6 8
v -27 6 9
v -26 6 8
v -26 6 9
v -25 6 8
v -25 6 9
v -24 6 8
v -24 6 9
v -23 6 8
v -23 6 9
v -22 6 8
v -22 6 9
v -21 6 8
v -21 6 9
v -20 6 9
v -19 6 9
v -18 6 8
v -18 6 9
v -17 6 8
v -17 6 9
v -18 -31 9
v -18 -30 9
v -17 -31 9
v -17 -30 9
v -16 -31 9
v -16 -30 9
v -15 -31 9
v -15 -30 9
v -14 -31 9
v -14 -30 9
v -13 -31 9
v -13 -30 9
v -12 -31 9
v -12 -30 9
v -11 -31 9
v -11 -30 9
v -10 -31 9
v -10 -30 9
v -9 -31 9
v -9 -30 9
v -8 -31 9
v -8 -30 9
v -7 -31 9
v -7 -30 9
v -6 -31 9
v -6 -30 9
v -5 -31 9
v -5 -30 9
v -4 -31 9
v -4 -30 9
v -3 -31 9
v -3 -30 9
v -2 -31 9
v -2 -30 9
v -1 -31 9
v -1 -30 9
v 0 -31 9
v 0 -30 9
v 1 -31 9
v 1 -30 9
v 2 -31 9
v 2 -30 9
v 3 -31 9
v 3 -30 9
v 4 -31 9
v 4 -30 9
v 5 -31 9
v 5 -30 9
v 6 -31 9
v 6 -30 9
v 7 -31 9
v 7 -30 9
v 8 -31 9
v 8 -30 9
v 9 -31 9
v 9 -30 9
v 10 -31 9
v 10 -30 9
v 11 -31 9
v 11 -30 9
v 12 -31 9
v 12 -30 9
v 13 -31 9
v 13 -30 9
v 14 -31 9
v 14 -30 9
v 15 -31 9
v 15 -30 9
v 16 -31 9
v 16 -30 9
v 17 -31 9
v 17 -30 9
v 18 -31 9
v 18 -30 9
v 19 -30 9
v 19 -31 9
v -23 14 10
v -23 15 10
v -22 15 10
v -22 14 10
v -23 13 10
v -22 13 10
v -23 12 10
v -22 12 10
v -23 11 10
v -22 11 10
v -27 10 10
v -27 11 10
v -26 10 10
v -26 11 10
v -25 10 10
v -25 11 10
v -24 10 10
v -24 11 10
v -23 10 10
v -22 10 10
v -21 10 10
v -21 11 10
v -20 10 10
v -20 11 10
v -19 10 10
v -19 11 10
v -18 11 10
v -18 10 10
v -23 9 10
v -22 9 10
v -23 8 10
v -22 8 10
v -23 7 10
v -22 7 10
v -23 6 10
v -22 6 10
v -17 -31 10
v -17 -30 10
v -16 -31 10
v -16 -30 10
v -15 -31 10
v -15 -30 10
v -14 -31 10
v -14 -30 10
v -13 -31 10
v -13 -30 10
v -12 -31 10
v -12 -30 10
v -11 -31 10
v -11 -30 10
v -10 -31 10
v -10 -30 10
v -9 -31 10
v -9 -30 10
v -8 -31 10
v -8 -30 10
v -7 -31 10
v -7 -30 10
v -6 -31 10
v -6 -30 10
v -5 -31 10
v -5 -30 10
v -4 -31 10
v -4 -30 10
v -3 -31 10
v -3 -30 10
v -2 -31 10
v -2 -30 10
v -1 -31 10
v -1 -30 10
v 0 -31 10
v 0 -30 10
v 1 -31 10
v 1 -30 10
v 2 -31 10
v 2 -30 10
v 3 -31 10
v 3 -30 10
v 4 -31 10
v 4 -30 10
v 5 -31 10
v 5 -30 10
v 6 -31 10
v 6 -30 10
v 7 -31 10
v 7 -30 10
v 8 -31 10
v 8 -30 10
v 9 -31 10
v 9 -30 10
v 10 -31 10
v 10 -30 10
v 11 -31 10
v 11 -30 10
v 12 -31 10
v 12 -30 10
v 13 -31 10
v 13 -30 10
v 14 -31 10
v 14 -30 10
v 15 -31 10
v 15 -30 10
v 16 -31 10
v 16 -30 10
v 17 -31 10
v 17 -30 10
v 18 -30 10
v 18 -31 10
v -16 -31 11
v -16 -30 11
v -15 -31 11
v -15 -30 11
v -14 -31 11
v -14 -30 11
v -13 -31 11
v -13 -30 11
v -12 -31 11
v -12 -30 11
v -11 -31 11
v -11 -30 11
v -10 -31 11
v -10 -30 11
v -9 -31 11
v -9 -30 11
v -8 -31 11
v -8 -30 11
v -7 -31 11
v -7 -30 11
v -6 -31 11
v -6 -30 11
v -5 -31 11
v -5 -30 11
v -4 -31 11
v -4 -30 11
v -3 -31 11
v -3 -30 11
v -2 -31 11
v -2 -30 11
v -1 -31 11
v -1 -30 11
v 0 -31 11
v 0 -30 11
v 1 -31 11
v 1 -30 11
v 2 -31 11
v 2 -30 11
v 3 -31 11
v 3 -30 11
v 4 -31 11
v 4 -30 11
v 5 -31 11
v 5 -30 11
v 6 -31 11
v 6 -30 11
v 7 -31 11
v 7 -30 11
v 8 -31 11
v 8 -30 11
v 9 -31 11
v 9 -30 11
v 10 -31 11
v 10 -30 11
v 11 -31 11
v 11 -30 11
v 12 -31 11
v 12 -30 11
v 13 -31 11
v 13 -30 11
v 14 -31 11
v 14 -30 11
v 15 -31 11
v 15 -30 11
v 16 -31 11
v 16 -30 11
v 17 -30 11
v 17 -31 11
v -14 -31 12
v -14 -30 12
v -13 -31 12
v -13 -30 12
v -12 -31 12
v -12 -30 12
v -11 -31 12
v -11 -30 12
v -10 -31 12
v -10 -30 12
v -9 -31 12
v -9 -30 12
v -8 -31 12
v -8 -30 12
v -7 -31 12
v -7 -30 12
v -6 -31 12
v -6 -30 12
v -5 -31 12
v -5 -30 12
v -4 -31 12
v -4 -30 12
v -3 -31 12
v -3 -30 12
v -2 -31 12
v -2 -30 12
v -1 -31 12
v -1 -30 12
v 0 -31 12
v 0 -30 12
v 1 -31 12
v 1 -30 12
v 2 -31 12
v 2 -30 12
v 3 -31 12
v 3 -30 12
v 4 -31 12
v 4 -30 12
v 5 -31 12
v 5 -30 12
v 6 -31 12
v 6 -30 12
v 7 -31 12
v 7 -30 12
v 8 -31 12
v 8 -30 12
v 9 -31 12
v 9 -30 12
v 10 -31 12
v 10 -30 12
v 11 -31 12
v 11 -30 12
v 12 -31 12
v 12 -30 12
v 13 -31 12
v 13 -30 12
v 14 -31 12
v 14 -30 12
v 15 -30 12
v 15 -31 12
v -13 -31 13
v -13 -30 13
v -12 -31 13
v -12 -30 13
v -11 -31 13
v -11 -30 13
v -10 -31 13
v -10 -30 13
v -9 -31 13
v -9 -30 13
v -8 -31 13
v -8 -30 13
v -7 -31 13
v -7 -30 13
v -6 -31 13
v -6 -30 13
v -5 -31 13
v -5 -30 13
v -4 -31 13
v -4 -30 13
v -3 -31 13
v -3 -30 13
v -2 -31 13
v -2 -30 13
v -1 -31 13
v -1 -30 13
v 0 -31 13
v 0 -30 13
v 1 -31 13
v 1 -30 13
v 2 -31 13
v 2 -30 13
v 3 -31 13
v 3 -30 13
v 4 -31 13
v 4 -30 13
v 5 -31 13
v 5 -30 13
v 6 -31 13
v 6 -30 13
v 7 -31 13
v 7 -30 13
v 8 -31 13
v 8 -30 13
v 9 -31 13
v 9 -30 13
v 10 -31 13
v 10 -30 13
v 11 -31 13
v 11 -30 13
v 12 -31 13
v 12 -30 13
v 13 -31 13
v 13 -30 13
v 14 -30 13
v 14 -31 13
v -10 -31 14
v -10 -30 14
v -9 -31 14
v -9 -30 14
v -8 -31 14
v -8 -30 14
v -7 -31 14
v -7 -30 14
v -6 -31 14
v -6 -30 14
v -5 -31 14
v -5 -30 14
v -4 -31 14
v -4 -30 14
v -3 -31 14
v -3 -30 14
v -2 -31 14
v -2 -30 14
v -1 -31 14
v -1 -30 14
v 0 -31 14
v 0 -30 14
v 1 -31 14
v 1 -30 14
v 2 -31 14
v 2 -30 14
v 3 -31 14
v 3 -30 14
v 4 -31 14
v 4 -30 14
v 5 -31 14
v 5 -30 14
v 6 -31 14
v 6 -30 14
v 7 -31 14
v 7 -30 14
v 8 -31 14
v 8 -30 14
v 9 -31 14
v 9 -30 14
v 10 -31 14
v 10 -30 14
v 11 -30 14
v 11 -31 14
v -7 -31 15
v -7 -30 15
v -6 -31 15
v -6 -30 15
v -5 -31 15
v -5 -30 15
v -4 -31 15
v -4 -30 15
v -3 -31 15
v -3 -30 15
v -2 -31 15
v -2 -30 15
v -1 -31 15
v -1 -30 15
v 0 -31 15
v 0 -30 15
v 1 -31 15
v 1 -30 15
v 2 -31 15
v 2 -30 15
v 3 -31 15
v 3 -30 15
v 4 -31 15
v 4 -30 15
v 5 -31 15
v 5 -30 15
v 6 -31 15
v 6 -30 15
v 7 -31 15
v 7 -30 15
v 8 -30 15
v 8 -31 15
v 0 -31 16
v 0 -30 16
v 1 -30 16
v 1 -31 16
vn -1 0 0
vn 1 0 0
vn 0 -1 0
vn 0 1 0
vn 0 0 -1
vn 0 0 1
s off
g glyph_35
f 333//1 334//1 335//1 336//1
f 336//4 335//4 337//4 338//4
f 333//5 336//5 338//5 339//5
f 338//4 337//4 340//4 341//4
f 339//5 338//5 341//5 342//5
f 341//4 340//4 343//4 344//4
f 342//5 341//5 344//5 345//5
f 344//4 343//4 346//4 347//4
f 345//5 344//5 347//5 348//5
f 347//4 346//4 349//4 350//4
f 348//5 347//5 350//5 351//5
f 350//4 349//4 352//4 353//4
f 351//5 350//5 353//5 354//5
f 353//4 352//4 355//4 356//4
f 354//5 353//5 356//5 357//5
f 356//4 355//4 358//4 359//4
f 357//5 356//5 359//5 360//5
f 359//4 358//4 361//4 362//4
f 360//5 359//5 362//5 363//5
f 362//4 361//4 364//4 365//4
f 363//5 362//5 365//5 366//5
f 367//2 368//2 369//2 370//2
f 365//4 364//4 369//4 368//4
f 366//5 365//5 368//5 367//5
f 371//1 372//1 334//1 333//1
f 371//5 333//5 339//5 373//5
f 373//5 339//5 342//5 374//5
f 375//6 376//6 377//6 378//6
f 374//5 342//5 345//5 379//5
f 376//6 380//6 381//6 377//6
f 379//5 345//5 348//5 382//5
f 380//6 383//6 384//6 381//6
f 382//5 348//5 351//5 385//5
f 383//6 386//6 387//6 384//6
f 385//5 351//5 354//5 388//5
f 386//6 389//6 390//6 387//6
f 388//5 354//5 357//5 391//5
f 389//6 392//6 393//6 390//6
f 391//5 357//5 360//5 394//5
f 392//6 395//6 396//6 393//6
f 394//5 360//5 363//5 397//5
f 395//6 398//6 399//6 396//6
f 397//5 363//5 366//5 400//5
f 398//6 401//6 402//6 399//6
f 403//2 367//2 370//2 404//2
f 400//5 366//5 367//5 403//5
f 405//1 406//1 372//1 371//1
f 405//5 371//5 373//5 407//5
f 407//5 373//5 374//5 408//5
f 409//6 410//6 376//6 375//6
f 408//5 374//5 379//5 411//5
f 410//6 412//6 380//6 376//6
f 411//5 379//5 382//5 413//5
f 412//6 414//6 383//6 380//6
f 413//5 382//5 385//5 415//5
f 414//6 416//6 386//6 383//6
f 415//5 385//5 388//5 417//5
f 416//6 418//6 389//6 386//6
f 417//5 388//5 391//5 419//5
f 418//6 420//6 392//6 389//6
f 419//5 391//5 394//5 421//5
f 420//6 422//6 395//6 392//6
f 421//5 394//5 397//5 423//5
f 422//6 424//6 398//6 395//6
f 423//5 397//5 400//5 425//5
f 424//6 426//6 401//6 398//6
f 427//2 403//2 404//2 428//2
f 425//5 400//5 403//5 427//5
f 429//1 430//1 406//1 405//1
f 429//5 405//5 407//5 431//5
f 431//5 407//5 408//5 432//5
f 433//6 434//6 410//6 409//6
f 432//5 408//5 411//5 435//5
f 434//6 436//6 412//6 410//6
f 435//5 411//5 413//5 437//5
f 436//6 438//6 414//6 412//6
f 437//5 413//5 415//5 439//5
f 438//6 440//6 416//6 414//6
f 439//5 415//5 417//5 441//5
f 440//6 442//6 418//6 416//6
f 441//5 417//5 419//5 443//5
f 442//6 444//6 420//6 418//6
f 443//5 419//5 421//5 445//5
f 444//6 446//6 422//6 420//6
f 445//5 421//5 423//5 447//5
f 446//6 448//6 424//6 422//6
f 447//5 423//5 425//5 449//5
f 448//6 450//6 426//6 424//6
f 451//2 427//2 428//2 452//2
f 449//5 425//5 427//5 451//5
f 453//1 454//1 430//1 429//1
f 453//5 429//5 431//5 455//5
f 455//5 431//5 432//5 456//5
f 457//6 458//6 434//6 433//6
f 456//5 432//5 435//5 459//5
f 458//6 460//6 436//6 434//6
f 459//5 435//5 437//5 461//5
f 460//6 462//6 438//6 436//6
f 461//5 437//5 439//5 463//5
f 462//6 464//6 440//6 438//6
f 463//5 439//5 441//5 465//5
f 464//6 466//6 442//6 440//6
f 465//5 441//5 443//5 467//5
f 466//6 468//6 444//6 442//6
f 467//5 443//5 445//5 469//5
f 468//6 470//6 446//6 444//6
f 469//5 445//5 447//5 471//5
f 470//6 472//6 448//6 446//6
f 471//5 447//5 449//5 473//5
f 472//6 474//6 450//6 448//6
f 475//2 451//2 452//2 476//2
f 473//5 449//5 451//5 475//5
f 477//1 478//1 454//1 453//1
f 477//5 453//5 455//5 479//5
f 479//5 455//5 456//5 480//5
f 481//6 482//6 458//6 457//6
f 480//5 456//5 459//5 483//5
f 482//6 484//6 460//6 458//6
f 483//5 459//5 461//5 485//5
f 484//6 486//6 462//6 460//6
f 485//5 461//5 463//5 487//5
f 486//6 488//6 464//6 462//6
f 487//5 463//5 465//5 489//5
f 488//6 490//6 466//6 464//6
f 489//5 465//5 467//5 491//5
f 490//6 492//6 468//6 466//6
f 491//5 467//5 469//5 493//5
f 492//6 494//6 470//6 468//6
f 493//5 469//5 471//5 495//5
f 494//6 496//6 472//6 470//6
f 495//5 471//5 473//5 497//5
f 496//6 498//6 474//6 472//6
f 499//2 475//2 476//2 500//2
f 497//5 473//5 475//5 499//5
f 501//1 502//1 478//1 477//1
f 501//5 477//5 479//5 503//5
f 503//5 479//5 480//5 504//5
f 505//6 506//6 482//6 481//6
f 504//5 480//5 483//5 507//5
f 506//6 508//6 484//6 482//6
f 507//5 483//5 485//5 509//5
f 508//6 510//6 486//6 484//6
f 509//5 485//5 487//5 511//5
f 510//6 512//6 488//6 486//6
f 511//5 487//5 489//5 513//5
f 512//6 514//6 490//6 488//6
f 513//5 489//5 491//5 515//5
f 514//6 516//6 492//6 490//6
f 515//5 491//5 493//5 517//5
f 516//6 518//6 494//6 492//6
f 517//5 493//5 495//5 519//5
f 518//6 520//6 496//6 494//6
f 519//5 495//5 497//5 521//5
f 520//6 522//6 498//6 496//6
f 523//2 499//2 500//2 524//2
f 521//5 497//5 499//5 523//5
f 525//1 526//1 502//1 501//1
f 525//5 501//5 503//5 527//5
f 527//5 503//5 504//5 528//5
f 529//6 530//6 506//6 505//6
f 528//5 504//5 507//5 531//5
f 530//6 532//6 508//6 506//6
f 531//5 507//5 509//5 533//5
f 532//6 534//6 510//6 508//6
f 533//5 509//5 511//5 535//5
f 534//6 536//6 512//6 510//6
f 535//5 511//5 513//5 537//5
f 536//6 538//6 514//6 512//6
f 537//5 513//5 515//5 539//5
f 538//6 540//6 516//6 514//6
f 539//5 515//5 517//5 541//5
f 540//6 542//6 518//6 516//6
f 541//5 517//5 519//5 543//5
f 542//6 544//6 520//6 518//6
f 543//5 519//5 521//5 545//5
f 544//6 546//6 522//6 520//6
f 547//2 523//2 524//2 548//2
f 545//5 521//5 523//5 547//5
f 549//1 550//1 526//1 525//1
f 549//5 525//5 527//5 551//5
f 551//5 527//5 528//5 552//5
f 553//6 554//6 530//6 529//6
f 552//5 528//5 531//5 555//5
f 554//6 556//6 532//6 530//6
f 555//5 531//5 533//5 557//5
f 556//6 558//6 534//6 532//6
f 557//5 533//5 535//5 559//5
f 558//6 560//6 536//6 534//6
f 559//5 535//5 537//5 561//5
f 560//6 562//6 538//6 536//6
f 561//5 537//5 539//5 563//5
f 562//6 564//6 540//6 538//6
f 563//5 539//5 541//5 565//5
f 564//6 566//6 542//6 540//6
f 565//5 541//5 543//5 567//5
f 566//6 568//6 544//6 542//6
f 567//5 543//5 545//5 569//5
f 568//6 570//6 546//6 544//6
f 571//2 547//2 548//2 572//2
f 569//5 545//5 547//5 571//5
f 573//1 574//1 550//1 549//1
f 573//5 549//5 551//5 575//5
f 575//5 551//5 552//5 576//5
f 577//6 578//6 554//6 553//6
f 576//5 552//5 555//5 579//5
f 578//6 580//6 556//6 554//6
f 579//5 555//5 557//5 581//5
f 580//6 582//6 558//6 556//6
f 581//5 557//5 559//5 583//5
f 582//6 584//6 560//6 558//6
f 583//5 559//5 561//5 585//5
f 584//6 586//6 562//6 560//6
f 585//5 561//5 563//5 587//5
f 586//6 588//6 564//6 562//6
f 587//5 563//5 565//5 589//5
f 588//6 590//6 566//6 564//6
f 589//5 565//5 567//5 591//5
f 590//6 592//6 568//6 566//6
f 591//5 567//5 569//5 593//5
f 592//6 594//6 570//6 568//6
f 595//2 571//2 572//2 596//2
f 593//5 569//5 571//5 595//5
f 597//1 598//1 574//1 573//1
f 597//5 573//5 575//5 599//5
f 599//5 575//5 576//5 600//5
f 601//6 602//6 578//6 577//6
f 600//5 576//5 579//5 603//5
f 602//6 604//6 580//6 578//6
f 603//5 579//5 581//5 605//5
f 604//6 606//6 582//6 580//6
f 605//5 581//5 583//5 607//5
f 606//6 608//6 584//6 582//6
f 607//5 583//5 585//5 609//5
f 608//6 610//6 586//6 584//6
f 609//5 585//5 587//5 611//5
f 610//6 612//6 588//6 586//6
f 611//5 587//5 589//5 613//5
f 612//6 614//6 590//6 588//6
f 613//5 589//5 591//5 615//5
f 614//6 616//6 592//6 590//6
f 615//5 591//5 593//5 617//5
f 616//6 618//6 594//6 592//6
f 619//2 595//2 596//2 620//2
f 617//5 593//5 595//5 619//5
f 621//1 622//1 598//1 597//1
f 621//5 597//5 599//5 623//5
f 623//5 599//5 600//5 624//5
f 625//6 626//6 602//6 601//6
f 624//5 600//5 603//5 627//5
f 626//6 628//6 604//6 602//6
f 627//5 603//5 605//5 629//5
f 628//6 630//6 606//6 604//6
f 629//5 605//5 607//5 631//5
f 630//6 632//6 608//6 606//6
f 631//5 607//5 609//5 633//5
f 632//6 634//6 610//6 608//6
f 633//5 609//5 611//5 635//5
f 634//6 636//6 612//6 610//6
f 635//5 611//5 613//5 637//5
f 636//6 638//6 614//6 612//6
f 637//5 613//5 615//5 639//5
f 638//6 640//6 616//6 614//6
f 639//5 615//5 617//5 641//5
f 640//6 642//6 618//6 616//6
f 643//2 619//2 620//2 644//2
f 641//5 617//5 619//5 643//5
f 645//1 646//1 622//1 621//1
f 645//3 647//3 648//3 646//3
f 645//5 621//5 623//5 647//5
f 647//3 649//3 650//3 648//3
f 647//5 623//5 624//5 649//5
f 649//3 651//3 652//3 650//3
f 649//5 624//5 627//5 651//5
f 651//3 653//3 654//3 652//3
f 651//5 627//5 629//5 653//5
f 653//3 655//3 656//3 654//3
f 653//5 629//5 631//5 655//5
f 655//3 657//3 658//3 656//3
f 655//5 631//5 633//5 657//5
f 657//3 659//3 660//3 658//3
f 657//5 633//5 635//5 659//5
f 659//3 661//3 662//3 660//3
f 659//5 635//5 637//5 661//5
f 661//3 663//3 664//3 662//3
f 661//5 637//5 639//5 663//5
f 663//3 665//3 666//3 664//3
f 663//5 639//5 641//5 665//5
f 667//2 643//2 644//2 668//2
f 665//3 667//3 668//3 666//3
f 665//5 641//5 643//5 667//5
f 745//1 746//1 747//1 748//1
f 749//2 750//2 751//2 752//2
f 745//3 749//3 752//3 746//3
f 748//4 747//4 751//4 750//4
f 745//5 748//5 750//5 749//5
f 334//1 753//1 754//1 335//1
f 335//4 754//4 755//4 337//4
f 378//3 377//3 756//3 757//3
f 337//4 755//4 758//4 340//4
f 377//3 381//3 759//3 756//3
f 340//4 758//4 760//4 343//4
f 381//3 384//3 761//3 759//3
f 343//4 760//4 762//4 346//4
f 384//3 387//3 763//3 761//3
f 346//4 762//4 764//4 349//4
f 387//3 390//3 765//3 763//3
f 349//4 764//4 766//4 352//4
f 390//3 393//3 767//3 765//3
f 352//4 766//4 768//4 355//4
f 393//3 396//3 769//3 767//3
f 355//4 768//4 770//4 358//4
f 396//3 399//3 771//3 769//3
f 358//4 770//4 772//4 361//4
f 399//3 402//3 773//3 771//3
f 361//4 772//4 774//4 364//4
f 370//2 369//2 775//2 776//2
f 364//4 774//4 775//4 369//4
f 372//1 777//1 753//1 334//1
f 375//2 378//2 757//2 778//2
f 401//1 779//1 773//1 402//1
f 404//2 370//2 776//2 780//2
f 406//1 781//1 777//1 372//1
f 409//2 375//2 778//2 782//2
f 426//1 783//1 779//1 401//1
f 428//2 404//2 780//2 784//2
f 430//1 785//1 781//1 406//1
f 433//2 409//2 782//2 786//2
f 450//1 787//1 783//1 426//1
f 452//2 428//2 784//2 788//2
f 454//1 789//1 785//1 430//1
f 457//2 433//2 786//2 790//2
f 474//1 791//1 787//1 450//1
f 476//2 452//2 788//2 792//2
f 478//1 793//1 789//1 454//1
f 481//2 457//2 790//2 794//2
f 498//1 795//1 791//1 474//1
f 500//2 476//2 792//2 796//2
f 502//1 797//1 793//1 478//1
f 505//2 481//2 794//2 798//2
f 522//1 799//1 795//1 498//1
f 524//2 500//2 796//2 800//2
f 526//1 801//1 797//1 502//1
f 529//2 505//2 798//2 802//2
f 546//1 803//1 799//1 522//1
f 548//2 524//2 800//2 804//2
f 550//1 805//1 801//1 526//1
f 553//2 529//2 802//2 806//2
f 570//1 807//1 803//1 546//1
f 572//2 548//2 804//2 808//2
f 574//1 809//1 805//1 550//1
f 577//2 553//2 806//2 810//2
f 594//1 811//1 807//1 570//1
f 596//2 572//2 808//2 812//2
f 598//1 813//1 809//1 574//1
f 601//2 577//2 810//2 814//2
f 618//1 815//1 811//1 594//1
f 620//2 596//2 812//2 816//2
f 622//1 817//1 813//1 598//1
f 625//2 601//2 814//2 818//2
f 642//1 819//1 815//1 618//1
f 644//2 620//2 816//2 820//2
f 646//1 821//1 817//1 622//1
f 646//3 648//3 822//3 821//3
f 648//3 650//3 823//3 822//3
f 625//4 818//4 824//4 626//4
f 650//3 652//3 825//3 823//3
f 626//4 824//4 826//4 628//4
f 652//3 654//3 827//3 825//3
f 628//4 826//4 828//4 630//4
f 654//3 656//3 829//3 827//3
f 630//4 828//4 830//4 632//4
f 656//3 658//3 831//3 829//3
f 632//4 830//4 832//4 634//4
f 658//3 660//3 833//3 831//3
f 634//4 832//4 834//4 636//4
f 660//3 662//3 835//3 833//3
f 636//4 834//4 836//4 638//4
f 662//3 664//3 837//3 835//3
f 638//4 836//4 838//4 640//4
f 664//3 666//3 839//3 837//3
f 640//4 838//4 819//4 642//4
f 668//2 644//2 820//2 840//2
f 666//3 668//3 840//3 839//3
f 921//1 922//1 923//1 924//1
f 921//3 925//3 926//3 922//3
f 924//4 923//4 927//4 928//4
f 921//5 924//5 928//5 925//5
f 925//3 929//3 930//3 926//3
f 928//4 927//4 931//4 932//4
f 925//5 928//5 932//5 929//5
f 929//3 933//3 934//3 930//3
f 932//4 931//4 935//4 936//4
f 929//5 932//5 936//5 933//5
f 933//3 937//3 938//3 934//3
f 936//4 935//4 939//4 940//4
f 933//5 936//5 940//5 937//5
f 937//3 746//3 941//3 938//3
f 940//4 939//4 942//4 747//4
f 937//5 940//5 747//5 746//5
f 746//3 752//3 943//3 941//3
f 747//4 942//4 944//4 751//4
f 752//3 945//3 946//3 943//3
f 751//4 944//4 947//4 948//4
f 752//5 751//5 948//5 945//5
f 945//3 949//3 950//3 946//3
f 948//4 947//4 951//4 952//4
f 945//5 948//5 952//5 949//5
f 949//3 953//3 954//3 950//3
f 952//4 951//4 955//4 956//4
f 949//5 952//5 956//5 953//5
f 953//3 957//3 958//3 954//3
f 956//4 955//4 959//4 960//4
f 953//5 956//5 960//5 957//5
f 961//2 962//2 963//2 964//2
f 957//3 961//3 964//3 958//3
f 960//4 959//4 963//4 962//4
f 957//5 960//5 962//5 961//5
f 753//1 965//1 966//1 754//1
f 754//4 966//4 967//4 755//4
f 757//3 756//3 968//3 969//3
f 755//4 967//4 970//4 758//4
f 756//3 759//3 971//3 968//3
f 758//4 970//4 972//4 760//4
f 759//3 761//3 973//3 971//3
f 760//4 972//4 974//4 762//4
f 761//3 763//3 975//3 973//3
f 762//4 974//4 976//4 764//4
f 763//3 765//3 977//3 975//3
f 764//4 976//4 978//4 766//4
f 765//3 767//3 979//3 977//3
f 766//4 978//4 980//4 768//4
f 767//3 769//3 981//3 979//3
f 768//4 980//4 982//4 770//4
f 769//3 771//3 983//3 981//3
f 770//4 982//4 984//4 772//4
f 771//3 773//3 985//3 983//3
f 772//4 984//4 986//4 774//4
f 776//2 775//2 987//2 988//2
f 774//4 986//4 987//4 775//4
f 777//1 989//1 965//1 753//1
f 778//2 757//2 969//2 990//2
f 779//1 991//1 985//1 773//1
f 780//2 776//2 988//2 992//2
f 781//1 993//1 989//1 777//1
f 782//2 778//2 990//2 994//2
f 783//1 995//1 991//1 779//1
f 784//2 780//2 992//2 996//2
f 785//1 997//1 993//1 781//1
f 786//2 782//2 994//2 998//2
f 787//1 999//1 995//1 783//1
f 788//2 784//2 996//2 1000//2
f 789//1 1001//1 997//1 785//1
f 790//2 786//2 998//2 1002//2
f 791//1 1003//1 999//1 787//1
f 792//2 788//2 1000//2 1004//2
f 793//1 1005//1 1001//1 789//1
f 794//2 790//2 1002//2 1006//2
f 795//1 1007//1 1003//1 791//1
f 796//2 792//2 1004//2 1008//2
f 797//1 1009//1 1005//1 793//1
f 798//2 794//2 1006//2 1010//2
f 799//1 1019//1 1007//1 795//1
f 800//2 796//2 1008//2 1020//2
f 801//1 1021//1 1009//1 797//1
f 802//2 798//2 1010//2 1022//2
f 803//1 1023//1 1019//1 799//1
f 804//2 800//2 1020//2 1024//2
f 805//1 1025//1 1021//1 801//1
f 806//2 802//2 1022//2 1026//2
f 807//1 1027//1 1023//1 803//1
f 808//2 804//2 1024//2 1028//2
f 809//1 1029//1 1025//1 805//1
f 810//2 806//2 1026//2 1030//2
f 811//1 1031//1 1027//1 807//1
f 812//2 808//2 1028//2 1032//2
f 813//1 1033//1 1029//1 809//1
f 814//2 810//2 1030//2 1034//2
f 815//1 1035//1 1031//1 811//1
f 816//2 812//2 1032//2 1036//2
f 817//1 1037//1 1033//1 813//1
f 818//2 814//2 1034//2 1038//2
f 819//1 1039//1 1035//1 815//1
f 820//2 816//2 1036//2 1040//2
f 821//1 1041//1 1037//1 817//1
f 821//3 822//3 1042//3 1041//3
f 822//3 823//3 1043//3 1042//3
f 818//4 1038//4 1044//4 824//4
f 823//3 825//3 1045//3 1043//3
f 824//4 1044//4 1046//4 826//4
f 825//3 827//3 1047//3 1045//3
f 826//4 1046//4 1048//4 828//4
f 827//3 829//3 1049//3 1047//3
f 828//4 1048//4 1050//4 830//4
f 829//3 831//3 1051//3 1049//3
f 830//4 1050//4 1052//4 832//4
f 831//3 833//3 1053//3 1051//3
f 832//4 1052//4 1054//4 834//4
f 833//3 835//3 1055//3 1053//3
f 834//4 1054//4 1056//4 836//4
f 835//3 837//3 1057//3 1055//3
f 836//4 1056//4 1058//4 838//4
f 837//3 839//3 1059//3 1057//3
f 838//4 1058//4 1039//4 819//4
f 840//2 820//2 1040//2 1060//2
f 839//3 840//3 1060//3 1059//3
f 1145//1 1146//1 1147//1 1148//1
f 1145//3 1149//3 1150//3 1146//3
f 1148//4 1147//4 1151//4 1152//4
f 1145//5 1148//5 1152//5 1149//5
f 1149//3 922//3 1153//3 1150//3
f 1152//4 1151//4 1154//4 923//4
f 1149//5 1152//5 923//5 922//5
f 922//3 926//3 1155//3 1153//3
f 923//4 1154//4 1156//4 927//4
f 926//3 930//3 1157//3 1155//3
f 927//4 1156//4 1158//4 931//4
f 930//3 934//3 1159//3 1157//3
f 931//4 1158//4 1160//4 935//4
f 934//3 938//3 1161//3 1159//3
f 935//4 1160//4 1162//4 939//4
f 938//3 941//3 1163//3 1161//3
f 939//4 1162//4 1164//4 942//4
f 941//3 943//3 1165//3 1163//3
f 942//4 1164//4 1166//4 944//4
f 943//3 946//3 1167//3 1165//3
f 944//4 1166//4 1168//4 947//4
f 946//3 950//3 1169//3 1167//3
f 947//4 1168//4 1170//4 951//4
f 950//3 954//3 1171//3 1169//3
f 951//4 1170//4 1172//4 955//4
f 954//3 958//3 1173//3 1171//3
f 955//4 1172//4 1174//4 959//4
f 958//3 964//3 1175//3 1173//3
f 959//4 1174//4 1176//4 963//4
f 964//3 1177//3 1178//3 1175//3
f 963//4 1176//4 1179//4 1180//4
f 964//5 963//5 1180//5 1177//5
f 1181//2 1182//2 1183//2 1184//2
f 1177//3 1181//3 1184//3 1178//3
f 1180//4 1179//4 1183//4 1182//4
f 1177//5 1180//5 1182//5 1181//5
f 965//1 1193//1 1194//1 966//1
f 966//4 1194//4 1195//4 967//4
f 1193//6 1196//6 1195//6 1194//6
f 967//4 1195//4 1197//4 970//4
f 970//4 1197//4 1198//4 972//4
f 972//4 1198//4 1199//4 974//4
f 974//4 1199//4 1200//4 976//4
f 976//4 1200//4 1201//4 978//4
f 978//4 1201//4 1202//4 980//4
f 980//4 1202//4 1203//4 982//4
f 982//4 1203//4 1204//4 984//4
f 984//4 1204//4 1205//4 986//4
f 988//2 987//2 1206//2 1207//2
f 986//4 1205//4 1206//4 987//4
f 1208//6 1207//6 1206//6 1205//6
f 989//1 1209//1 1193//1 965//1
f 990//5 969//5 968//5 1210//5
f 1210//5 968//5 971//5 1211//5
f 1211//5 971//5 973//5 1212//5
f 1212//5 973//5 975//5 1213//5
f 1213//5 975//5 977//5 1214//5
f 1214//5 977//5 979//5 1215//5
f 1215//5 979//5 981//5 1216//5
f 1216//5 981//5 983//5 1217//5
f 1217//5 983//5 985//5 991//5
f 992//2 988//2 1207//2 1218//2
f 993//1 1219//1 1209//1 989//1
f 994//5 990//5 1210//5 1220//5
f 1220//5 1210//5 1211//5 1221//5
f 1221//5 1211//5 1212//5 1222//5
f 1222//5 1212//5 1213//5 1223//5
f 1223//5 1213//5 1214//5 1224//5
f 1224//5 1214//5 1215//5 1225//5
f 1225//5 1215//5 1216//5 1226//5
f 1226//5 1216//5 1217//5 1227//5
f 1227//5 1217//5 991//5 995//5
f 996//2 992//2 1218//2 1228//2
f 997//1 1229//1 1219//1 993//1
f 998//5 994//5 1220//5 1230//5
f 1230//5 1220//5 1221//5 1231//5
f 1231//5 1221//5 1222//5 1232//5
f 1232//5 1222//5 1223//5 1233//5
f 1233//5 1223//5 1224//5 1234//5
f 1234//5 1224//5 1225//5 1235//5
f 1235//5 1225//5 1226//5 1236//5
f 1236//5 1226//5 1227//5 1237//5
f 1237//5 1227//5 995//5 999//5
f 1000//2 996//2 1228//2 1238//2
f 1001//1 1239//1 1229//1 997//1
f 1002//5 998//5 1230//5 1240//5
f 1240//5 1230//5 1231//5 1241//5
f 1241//5 1231//5 1232//5 1242//5
f 1242//5 1232//5 1233//5 1243//5
f 1243//5 1233//5 1234//5 1244//5
f 1244//5 1234//5 1235//5 1245//5
f 1245//5 1235//5 1236//5 1246//5
f 1246//5 1236//5 1237//5 1247//5
f 1247//5 1237//5 999//5 1003//5
f 1004//2 1000//2 1238//2 1248//2
f 1005//1 1249//1 1239//1 1001//1
f 1006//5 1002//5 1240//5 1250//5
f 1250//5 1240//5 1241//5 1251//5
f 1251//5 1241//5 1242//5 1252//5
f 1252//5 1242//5 1243//5 1013//5
f 1013//5 1243//5 1244//5 1017//5
f 1017//5 1244//5 1245//5 1253//5
f 1253//5 1245//5 1246//5 1254//5
f 1254//5 1246//5 1247//5 1255//5
f 1255//5 1247//5 1003//5 1007//5
f 1008//2 1004//2 1248//2 1256//2
f 1009//1 1257//1 1249//1 1005//1
f 1010//5 1006//5 1250//5 1258//5
f 1258//5 1250//5 1251//5 1259//5
f 1259//5 1251//5 1252//5 1260//5
f 1260//5 1252//5 1013//5 1012//5
f 1018//5 1017//5 1253//5 1261//5
f 1261//5 1253//5 1254//5 1262//5
f 1262//5 1254//5 1255//5 1263//5
f 1263//5 1255//5 1007//5 1019//5
f 1020//2 1008//2 1256//2 1264//2
f 1021//1 1265//1 1257//1 1009//1
f 1022//5 1010//5 1258//5 1266//5
f 1266//5 1258//5 1259//5 1267//5
f 1267//5 1259//5 1260//5 1268//5
f 1268//5 1260//5 1012//5 1269//5
f 1269//5 1012//5 1018//5 1270//5
f 1270//5 1018//5 1261//5 1271//5
f 1271//5 1261//5 1262//5 1272//5
f 1272//5 1262//5 1263//5 1273//5
f 1273//5 1263//5 1019//5 1023//5
f 1024//2 1020//2 1264//2 1274//2
f 1025//1 1275//1 1265//1 1021//1
f 1026//5 1022//5 1266//5 1276//5
f 1276//5 1266//5 1267//5 1277//5
f 1277//5 1267//5 1268//5 1278//5
f 1278//5 1268//5 1269//5 1279//5
f 1279//5 1269//5 1270//5 1280//5
f 1280//5 1270//5 1271//5 1281//5
f 1281//5 1271//5 1272//5 1282//5
f 1282//5 1272//5 1273//5 1283//5
f 1283//5 1273//5 1023//5 1027//5
f 1028//2 1024//2 1274//2 1284//2
f 1029//1 1285//1 1275//1 1025//1
f 1030//5 1026//5 1276//5 1286//5
f 1286//5 1276//5 1277//5 1287//5
f 1287//5 1277//5 1278//5 1288//5
f 1288//5 1278//5 1279//5 1289//5
f 1289//5 1279//5 1280//5 1290//5
f 1290//5 1280//5 1281//5 1291//5
f 1291//5 1281//5 1282//5 1292//5
f 1292//5 1282//5 1283//5 1293//5
f 1293//5 1283//5 1027//5 1031//5
f 1032//2 1028//2 1284//2 1294//2
f 1033//1 1295//1 1285//1 1029//1
f 1034//5 1030//5 1286//5 1296//5
f 1296//5 1286//5 1287//5 1297//5
f 1297//5 1287//5 1288//5 1298//5
f 1298//5 1288//5 1289//5 1299//5
f 1299//5 1289//5 1290//5 1300//5
f 1300//5 1290//5 1291//5 1301//5
f 1301//5 1291//5 1292//5 1302//5
f 1302//5 1292//5 1293//5 1303//5
f 1303//5 1293//5 1031//5 1035//5
f 1036//2 1032//2 1294//2 1304//2
f 1037//1 1305//1 1295//1 1033//1
f 1038//5 1034//5 1296//5 1044//5
f 1044//5 1296//5 1297//5 1046//5
f 1046//5 1297//5 1298//5 1048//5
f 1048//5 1298//5 1299//5 1050//5
f 1050//5 1299//5 1300//5 1052//5
f 1052//5 1300//5 1301//5 1054//5
f 1054//5 1301//5 1302//5 1056//5
f 1056//5 1302//5 1303//5 1058//5
f 1058//5 1303//5 1035//5 1039//5
f 1040//2 1036//2 1304//2 1306//2
f 1041//1 1307//1 1305//1 1037//1
f 1041//3 1042//3 1308//3 1307//3
f 1307//6 1308//6 1309//6 1305//6
f 1042//3 1043//3 1310//3 1308//3
f 1043//3 1045//3 1311//3 1310//3
f 1045//3 1047//3 1312//3 1311//3
f 1047//3 1049//3 1313//3 1312//3
f 1049//3 1051//3 1314//3 1313//3
f 1051//3 1053//3 1315//3 1314//3
f 1053//3 1055//3 1316//3 1315//3
f 1055//3 1057//3 1317//3 1316//3
f 1057//3 1059//3 1318//3 1317//3
f 1060//2 1040//2 1306//2 1319//2
f 1059//3 1060//3 1319//3 1318//3
f 1318//6 1319//6 1306//6 1320//6
f 1321//1 1322//1 1323//1 1324//1
f 1324//4 1323//4 1325//4 1326//4
f 1321//5 1324//5 1326//5 1327//5
f 1326//4 1325//4 1328//4 1329//4
f 1327//5 1326//5 1329//5 1330//5
f 1329//4 1328//4 1331//4 1332//4
f 1330//5 1329//5 1332//5 1333//5
f 1332//4 1331//4 1334//4 1335//4
f 1333//5 1332//5 1335//5 1336//5
f 1335//4 1334//4 1337//4 1338//4
f 1336//5 1335//5 1338//5 1339//5
f 1338//4 1337//4 1340//4 1341//4
f 1339//5 1338//5 1341//5 1342//5
f 1341//4 1340//4 1343//4 1344//4
f 1342//5 1341//5 1344//5 1345//5
f 1344//4 1343//4 1346//4 1347//4
f 1345//5 1344//5 1347//5 1348//5
f 1349//2 1350//2 1351//2 1352//2
f 1347//4 1346//4 1351//4 1350//4
f 1348//5 1347//5 1350//5 1349//5
f 1353//1 1354//1 1322//1 1321//1
f 1353//5 1321//5 1327//5 1355//5
f 1355//5 1327//5 1330//5 1356//5
f 1356//5 1330//5 1333//5 1357//5
f 1357//5 1333//5 1336//5 1358//5
f 1358//5 1336//5 1339//5 1359//5
f 1359//5 1339//5 1342//5 1360//5
f 1360//5 1342//5 1345//5 1361//5
f 1361//5 1345//5 1348//5 1362//5
f 1363//2 1349//2 1352//2 1364//2
f 1362//5 1348//5 1349//5 1363//5
f 1365//1 1366//1 1354//1 1353//1
f 1365//5 1353//5 1355//5 1367//5
f 1367//5 1355//5 1356//5 1368//5
f 1368//5 1356//5 1357//5 1369//5
f 1369//5 1357//5 1358//5 1370//5
f 1370//5 1358//5 1359//5 1371//5
f 1371//5 1359//5 1360//5 1372//5
f 1372//5 1360//5 1361//5 1373//5
f 1373//5 1361//5 1362//5 1374//5
f 1375//2 1363//2 1364//2 1376//2
f 1374//5 1362//5 1363//5 1375//5
f 1377//1 1378//1 1366//1 1365//1
f 1377//5 1365//5 1367//5 1379//5
f 1379//5 1367//5 1368//5 1380//5
f 1380//5 1368//5 1369//5 1381//5
f 1381//5 1369//5 1370//5 1382//5
f 1382//5 1370//5 1371//5 1383//5
f 1383//5 1371//5 1372//5 1384//5
f 1384//5 1372//5 1373//5 1385//5
f 1385//5 1373//5 1374//5 1386//5
f 1387//2 1375//2 1376//2 1388//2
f 1386//5 1374//5 1375//5 1387//5
f 1389//1 1390//1 1378//1 1377//1
f 1389//3 1391//3 1392//3 1390//3
f 1389//5 1377//5 1379//5 1391//5
f 1391//3 1393//3 1394//3 1392//3
f 1391//5 1379//5 1380//5 1393//5
f 1393//3 1395//3 1396//3 1394//3
f 1393//5 1380//5 1381//5 1395//5
f 1395//3 1397//3 1398//3 1396//3
f 1395//5 1381//5 1382//5 1397//5
f 1397//3 1399//3 1400//3 1398//3
f 1397//5 1382//5 1383//5 1399//5
f 1399//3 1401//3 1402//3 1400//3
f 1399//5 1383//5 1384//5 1401//5
f 1401//3 1403//3 1404//3 1402//3
f 1401//5 1384//5 1385//5 1403//5
f 1403//3 1405//3 1406//3 1404//3
f 1403//5 1385//5 1386//5 1405//5
f 1407//2 1387//2 1388//2 1408//2
f 1405//3 1407//3 1408//3 1406//3
f 1405//5 1386//5 1387//5 1407//5
f 1497//1 1498//1 1499//1 1500//1
f 1497//3 1146//3 1501//3 1498//3
f 1500//4 1499//4 1502//4 1147//4
f 1497//5 1500//5 1147//5 1146//5
f 1146//3 1150//3 1503//3 1501//3
f 1147//4 1502//4 1504//4 1151//4
f 1150//3 1153//3 1505//3 1503//3
f 1151//4 1504//4 1506//4 1154//4
f 1153//3 1155//3 1507//3 1505//3
f 1154//4 1506//4 1508//4 1156//4
f 1155//3 1157//3 1509//3 1507//3
f 1156//4 1508//4 1510//4 1158//4
f 1157//3 1159//3 1511//3 1509//3
f 1158//4 1510//4 1512//4 1160//4
f 1159//3 1161//3 1513//3 1511//3
f 1160//4 1512//4 1514//4 1162//4
f 1161//3 1163//3 1515//3 1513//3
f 1162//4 1514//4 1516//4 1164//4
f 1163//3 1165//3 1517//3 1515//3
f 1164//4 1516//4 1518//4 1166//4
f 1165//3 1167//3 1519//3 1517//3
f 1166//4 1518//4 1520//4 1168//4
f 1167//3 1169//3 1521//3 1519//3
f 1168//4 1520//4 1522//4 1170//4
f 1169//3 1171//3 1523//3 1521//3
f 1170//4 1522//4 1524//4 1172//4
f 1171//3 1173//3 1525//3 1523//3
f 1172//4 1524//4 1526//4 1174//4
f 1173//3 1175//3 1527//3 1525//3
f 1174//4 1526//4 1528//4 1176//4
f 1175//3 1178//3 1529//3 1527//3
f 1176//4 1528//4 1530//4 1179//4
f 1178//3 1184//3 1531//3 1529//3
f 1179//4 1530//4 1532//4 1183//4
f 1533//2 1534//2 1535//2 1536//2
f 1184//3 1533//3 1536//3 1531//3
f 1183//4 1532//4 1535//4 1534//4
f 1184//5 1183//5 1534//5 1533//5
f 1322//1 1802//1 1803//1 1323//1
f 1323//4 1803//4 1804//4 1325//4
f 1325//4 1804//4 1800//4 1328//4
f 1340//4 1801//4 1805//4 1343//4
f 1343//4 1805//4 1806//4 1346//4
f 1352//2 1351//2 1807//2 1808//2
f 1346//4 1806//4 1807//4 1351//4
f 1354//1 1809//1 1802//1 1322//1
f 1364//2 1352//2 1808//2 1810//2
f 1366//1 1811//1 1809//1 1354//1
f 1376//2 1364//2 1810//2 1812//2
f 1378//1 1813//1 1811//1 1366//1
f 1388//2 1376//2 1812//2 1814//2
f 1390//1 1815//1 1813//1 1378//1
f 1390//3 1392//3 1816//3 1815//3
f 1392//3 1394//3 1817//3 1816//3
f 1394//3 1396//3 1818//3 1817//3
f 1396//3 1398//3 1819//3 1818//3
f 1398//3 1400//3 1820//3 1819//3
f 1400//3 1402//3 1821//3 1820//3
f 1402//3 1404//3 1822//3 1821//3
f 1404//3 1406//3 1823//3 1822//3
f 1408//2 1388//2 1814//2 1824//2
f 1406//3 1408//3 1824//3 1823//3
f 1909//1 1910//1 1911//1 1912//1
f 1912//4 1911//4 1913//4 1914//4
f 1909//5 1912//5 1914//5 1915//5
f 1914//4 1913//4 1916//4 1917//4
f 1915//5 1914//5 1917//5 1918//5
f 1917//4 1916//4 1919//4 1920//4
f 1918//5 1917//5 1920//5 1921//5
f 1920//4 1919//4 1922//4 1923//4
f 1921//5 1920//5 1923//5 1924//5
f 1923//4 1922//4 1925//4 1926//4
f 1924//5 1923//5 1926//5 1927//5
f 1926//4 1925//4 1928//4 1929//4
f 1927//5 1926//5 1929//5 1930//5
f 1929//4 1928//4 1931//4 1932//4
f 1930//5 1929//5 1932//5 1933//5
f 1932//4 1931//4 1934//4 1935//4
f 1933//5 1932//5 1935//5 1936//5
f 1935//4 1934//4 1937//4 1938//4
f 1936//5 1935//5 1938//5 1939//5
f 1938//4 1937//4 1940//4 1941//4
f 1939//5 1938//5 1941//5 1942//5
f 1943//2 1944//2 1945//2 1946//2
f 1941//4 1940//4 1945//4 1944//4
f 1942//5 1941//5 1944//5 1943//5
f 1947//1 1948//1 1910//1 1909//1
f 1947//5 1909//5 1915//5 1949//5
f 1949//5 1915//5 1918//5 1950//5
f 1951//6 1952//6 1953//6 1954//6
f 1950//5 1918//5 1921//5 1955//5
f 1952//6 1956//6 1957//6 1953//6
f 1955//5 1921//5 1924//5 1958//5
f 1956//6 1959//6 1960//6 1957//6
f 1958//5 1924//5 1927//5 1961//5
f 1959//6 1962//6 1963//6 1960//6
f 1961//5 1927//5 1930//5 1964//5
f 1962//6 1965//6 1966//6 1963//6
f 1964//5 1930//5 1933//5 1967//5
f 1965//6 1968//6 1969//6 1966//6
f 1967//5 1933//5 1936//5 1970//5
f 1968//6 1971//6 1972//6 1969//6
f 1970//5 1936//5 1939//5 1973//5
f 1971//6 1974//6 1975//6 1972//6
f 1973//5 1939//5 1942//5 1976//5
f 1974//6 1977//6 1978//6 1975//6
f 1979//2 1943//2 1946//2 1980//2
f 1976//5 1942//5 1943//5 1979//5
f 1981//1 1982//1 1948//1 1947//1
f 1981//5 1947//5 1949//5 1983//5
f 1983//5 1949//5 1950//5 1984//5
f 1985//6 1986//6 1952//6 1951//6
f 1984//5 1950//5 1955//5 1987//5
f 1986//6 1988//6 1956//6 1952//6
f 1987//5 1955//5 1958//5 1989//5
f 1988//6 1990//6 1959//6 1956//6
f 1989//5 1958//5 1961//5 1991//5
f 1990//6 1992//6 1962//6 1959//6
f 1991//5 1961//5 1964//5 1993//5
f 1992//6 1994//6 1965//6 1962//6
f 1993//5 1964//5 1967//5 1995//5
f 1994//6 1996//6 1968//6 1965//6
f 1995//5 1967//5 1970//5 1997//5
f 1996//6 1998//6 1971//6 1968//6
f 1997//5 1970//5 1973//5 1999//5
f 1998//6 2000//6 1974//6 1971//6
f 1999//5 1973//5 1976//5 2001//5
f 2000//6 2002//6 1977//6 1974//6
f 2003//2 1979//2 1980//2 2004//2
f 2001//5 1976//5 1979//5 2003//5
f 2005//1 2006//1 1982//1 1981//1
f 2005//5 1981//5 1983//5 2007//5
f 2007//5 1983//5 1984//5 2008//5
f 2009//6 2010//6 1986//6 1985//6
f 2008//5 1984//5 1987//5 2011//5
f 2010//6 2012//6 1988//6 1986//6
f 2011//5 1987//5 1989//5 2013//5
f 2012//6 2014//6 1990//6 1988//6
f 2013//5 1989//5 1991//5 2015//5
f 2014//6 2016//6 1992//6 1990//6
f 2015//5 1991//5 1993//5 2017//5
f 2016//6 2018//6 1994//6 1992//6
f 2017//5 1993//5 1995//5 2019//5
f 2018//6 2020//6 1996//6 1994//6
f 2019//5 1995//5 1997//5 2021//5
f 2020//6 2022//6 1998//6 1996//6
f 2021//5 1997//5 1999//5 2023//5
f 2022//6 2024//6 2000//6 1998//6
f 2023//5 1999//5 2001//5 2025//5
f 2024//6 2026//6 2002//6 2000//6
f 2027//2 2003//2 2004//2 2028//2
f 2025//5 2001//5 2003//5 2027//5
f 2029//1 2030//1 2006//1 2005//1
f 2029//5 2005//5 2007//5 2031//5
f 2031//5 2007//5 2008//5 2032//5
f 2033//6 2034//6 2010//6 2009//6
f 2032//5 2008//5 2011//5 2035//5
f 2034//6 2036//6 2012//6 2010//6
f 2035//5 2011//5 2013//5 2037//5
f 2036//6 2038//6 2014//6 2012//6
f 2037//5 2013//5 2015//5 2039//5
f 2038//6 2040//6 2016//6 2014//6
f 2039//5 2015//5 2017//5 2041//5
f 2040//6 2042//6 2018//6 2016//6
f 2041//5 2017//5 2019//5 2043//5
f 2042//6 2044//6 2020//6 2018//6
f 2043//5 2019//5 2021//5 2045//5
f 2044//6 2046//6 2022//6 2020//6
f 2045//5 2021//5 2023//5 2047//5
f 2046//6 2048//6 2024//6 2022//6
f 2047//5 2023//5 2025//5 2049//5
f 2048//6 2050//6 2026//6 2024//6
f 2051//2 2027//2 2028//2 2052//2
f 2049//5 2025//5 2027//5 2051//5
f 1506//1 2053//1 2030//1 2029//1
f 1506//5 2029//5 2031//5 1508//5
f 1508//5 2031//5 2032//5 1510//5
f 1510//5 2032//5 2035//5 1512//5
f 1512//5 2035//5 2037//5 1514//5
f 1514//5 2037//5 2039//5 1516//5
f 1516//5 2039//5 2041//5 1518//5
f 1518//5 2041//5 2043//5 1520//5
f 1520//5 2043//5 2045//5 1522//5
f 1522//5 2045//5 2047//5 1524//5
f 1524//5 2047//5 2049//5 1526//5
f 1528//2 2051//2 2052//2 2054//2
f 1526//5 2049//5 2051//5 1528//5
f 2055//1 2056//1 2057//1 2058//1
f 2055//3 1498//3 2059//3 2056//3
f 2058//4 2057//4 2060//4 1499//4
f 2055//5 2058//5 1499//5 1498//5
f 1498//3 1501//3 2061//3 2059//3
f 1499//4 2060//4 2062//4 1502//4
f 1501//3 1503//3 2063//3 2061//3
f 1502//4 2062//4 2064//4 1504//4
f 1503//3 1505//3 2065//3 2063//3
f 1504//4 2064//4 2053//4 1506//4
f 1505//3 1507//3 2066//3 2065//3
f 1507//3 1509//3 2067//3 2066//3
f 1509//3 1511//3 2068//3 2067//3
f 1511//3 1513//3 2069//3 2068//3
f 1513//3 1515//3 2070//3 2069//3
f 1515//3 1517//3 2071//3 2070//3
f 1517//3 1519//3 2072//3 2071//3
f 1519//3 1521//3 2073//3 2072//3
f 1521//3 1523//3 2074//3 2073//3
f 1523//3 1525//3 2075//3 2074//3
f 1525//3 1527//3 2076//3 2075//3
f 1527//3 1529//3 2077//3 2076//3
f 1528//4 2054//4 2078//4 1530//4
f 1529//3 1531//3 2079//3 2077//3
f 1530//4 2078//4 2080//4 1532//4
f 1531//3 1536//3 2081//3 2079//3
f 1532//4 2080//4 2082//4 1535//4
f 2083//2 2084//2 2085//2 2086//2
f 1536//3 2083//3 2086//3 2081//3
f 1535//4 2082//4 2085//4 2084//4
f 1536//5 1535//5 2084//5 2083//5
f 1802//1 2395//1 2396//1 1803//1
f 1803//4 2396//4 2397//4 1804//4
f 1804//4 2397//4 2393//4 1800//4
f 1805//4 2394//4 2398//4 1806//4
f 1808//2 1807//2 2399//2 2400//2
f 1806//4 2398//4 2399//4 1807//4
f 1809//1 2401//1 2395//1 1802//1
f 1810//2 1808//2 2400//2 2402//2
f 1811//1 2403//1 2401//1 1809//1
f 1812//2 1810//2 2402//2 2404//2
f 1813//1 2405//1 2403//1 1811//1
f 1814//2 1812//2 2404//2 2406//2
f 1815//1 2407//1 2405//1 1813//1
f 1815//3 1816//3 2408//3 2407//3
f 1816//3 1817//3 2409//3 2408//3
f 1817//3 1818//3 2410//3 2409//3
f 1818//3 1819//3 2411//3 2410//3
f 1819//3 1820//3 2412//3 2411//3
f 1820//3 1821//3 2413//3 2412//3
f 1821//3 1822//3 2414//3 2413//3
f 1822//3 1823//3 2415//3 2414//3
f 1824//2 1814//2 2406//2 2416//2
f 1823//3 1824//3 2416//3 2415//3
f 1910//1 2509//1 2510//1 1911//1
f 1911//4 2510//4 2511//4 1913//4
f 1954//3 1953//3 2512//3 2513//3
f 1913//4 2511//4 2514//4 1916//4
f 1953//3 1957//3 2515//3 2512//3
f 1916//4 2514//4 2516//4 1919//4
f 1957//3 1960//3 2517//3 2515//3
f 1919//4 2516//4 2518//4 1922//4
f 1960//3 1963//3 2519//3 2517//3
f 1922//4 2518//4 2520//4 1925//4
f 1963//3 1966//3 2521//3 2519//3
f 1925//4 2520//4 2522//4 1928//4
f 1966//3 1969//3 2523//3 2521//3
f 1928//4 2522//4 2524//4 1931//4
f 1969//3 1972//3 2525//3 2523//3
f 1931//4 2524//4 2526//4 1934//4
f 1972//3 1975//3 2527//3 2525//3
f 1934//4 2526//4 2528//4 1937//4
f 1975//3 1978//3 2529//3 2527//3
f 1937//4 2528//4 2530//4 1940//4
f 1946//2 1945//2 2531//2 2532//2
f 1940//4 2530//4 2531//4 1945//4
f 1948//1 2533//1 2509//1 1910//1
f 1951//2 1954//2 2513//2 2534//2
f 1977//1 2535//1 2529//1 1978//1
f 1980//2 1946//2 2532//2 2536//2
f 1982//1 2537//1 2533//1 1948//1
f 1985//2 1951//2 2534//2 2538//2
f 2002//1 2539//1 2535//1 1977//1
f 2004//2 1980//2 2536//2 2540//2
f 2006//1 2541//1 2537//1 1982//1
f 2009//2 1985//2 2538//2 2542//2
f 2026//1 2543//1 2539//1 2002//1
f 2028//2 2004//2 2540//2 2544//2
f 2030//1 2545//1 2541//1 2006//1
f 2033//2 2009//2 2542//2 2546//2
f 2050//1 2547//1 2543//1 2026//1
f 2052//2 2028//2 2544//2 2548//2
f 2053//1 2549//1 2545//1 2030//1
f 2033//4 2546//4 2550//4 2034//4
f 2034//4 2550//4 2551//4 2036//4
f 2036//4 2551//4 2552//4 2038//4
f 2038//4 2552//4 2553//4 2040//4
f 2040//4 2553//4 2554//4 2042//4
f 2042//4 2554//4 2555//4 2044//4
f 2044//4 2555//4 2556//4 2046//4
f 2046//4 2556//4 2557//4 2048//4
f 2048//4 2557//4 2547//4 2050//4
f 2054//2 2052//2 2548//2 2558//2
f 2559//1 2560//1 2561//1 2562//1
f 2559//3 2056//3 2563//3 2560//3
f 2562//4 2561//4 2564//4 2057//4
f 2559//5 2562//5 2057//5 2056//5
f 2056//3 2059//3 2565//3 2563//3
f 2057//4 2564//4 2566//4 2060//4
f 2059//3 2061//3 2567//3 2565//3
f 2060//4 2566//4 2568//4 2062//4
f 2061//3 2063//3 2569//3 2567//3
f 2062//4 2568//4 2570//4 2064//4
f 2063//3 2065//3 2571//3 2569//3
f 2064//4 2570//4 2549//4 2053//4
f 2065//3 2066//3 2572//3 2571//3
f 2066//3 2067//3 2573//3 2572//3
f 2074//3 2075//3 2574//3 2575//3
f 2075//3 2076//3 2576//3 2574//3
f 2076//3 2077//3 2577//3 2576//3
f 2054//4 2558//4 2578//4 2078//4
f 2077//3 2079//3 2579//3 2577//3
f 2078//4 2578//4 2580//4 2080//4
f 2079//3 2081//3 2581//3 2579//3
f 2080//4 2580//4 2582//4 2082//4
f 2081//3 2086//3 2583//3 2581//3
f 2082//4 2582//4 2584//4 2085//4
f 2585//2 2586//2 2587//2 2588//2
f 2086//3 2585//3 2588//3 2583//3
f 2085//4 2584//4 2587//4 2586//4
f 2086//5 2085//5 2586//5 2585//5
f 2395//1 2880//1 2881//1 2396//1
f 2396//4 2881//4 2878//4 2397//4
f 2394//4 2879//4 2882//4 2398//4
f 2400//2 2399//2 2883//2 2884//2
f 2398//4 2882//4 2883//4 2399//4
f 2401//1 2885//1 2880//1 2395//1
f 2402//2 2400//2 2884//2 2886//2
f 2403//1 2887//1 2885//1 2401//1
f 2404//2 2402//2 2886//2 2888//2
f 2405//1 2889//1 2887//1 2403//1
f 2406//2 2404//2 2888//2 2890//2
f 2407//1 2891//1 2889//1 2405//1
f 2407//3 2408//3 2892//3 2891//3
f 2408//3 2409//3 2893//3 2892//3
f 2409//3 2410//3 2894//3 2893//3
f 2410//3 2411//3 2895//3 2894//3
f 2411//3 2412//3 2896//3 2895//3
f 2412//3 2413//3 2897//3 2896//3
f 2413//3 2414//3 2898//3 2897//3
f 2414//3 2415//3 2899//3 2898//3
f 2416//2 2406//2 2890//2 2900//2
f 2415//3 2416//3 2900//3 2899//3
f 2509//1 2989//1 2990//1 2510//1
f 2510//4 2990//4 2991//4 2511//4
f 2513//3 2512//3 2992//3 2993//3
f 2511//4 2991//4 2994//4 2514//4
f 2512//3 2515//3 2995//3 2992//3
f 2514//4 2994//4 2996//4 2516//4
f 2515//3 2517//3 2997//3 2995//3
f 2516//4 2996//4 2998//4 2518//4
f 2517//3 2519//3 2999//3 2997//3
f 2518//4 2998//4 3000//4 2520//4
f 2519//3 2521//3 3001//3 2999//3
f 2520//4 3000//4 3002//4 2522//4
f 2521//3 2523//3 3003//3 3001//3
f 2522//4 3002//4 3004//4 2524//4
f 2523//3 2525//3 3005//3 3003//3
f 2524//4 3004//4 3006//4 2526//4
f 2525//3 2527//3 3007//3 3005//3
f 2526//4 3006//4 3008//4 2528//4
f 2527//3 2529//3 3009//3 3007//3
f 2528//4 3008//4 3010//4 2530//4
f 2532//2 2531//2 3011//2 3012//2
f 2530//4 3010//4 3011//4 2531//4
f 2533//1 3013//1 2989//1 2509//1
f 2534//2 2513//2 2993//2 3014//2
f 2535//1 3015//1 3009//1 2529//1
f 2536//2 2532//2 3012//2 3016//2
f 2537//1 3017//1 3013//1 2533//1
f 2538//2 2534//2 3014//2 3018//2
f 2539//1 3019//1 3015//1 2535//1
f 2540//2 2536//2 3016//2 3020//2
f 2541//1 3021//1 3017//1 2537//1
f 2542//2 2538//2 3018//2 3022//2
f 2543//1 3023//1 3019//1 2539//1
f 2544//2 2540//2 3020//2 3024//2
f 2545//1 3025//1 3021//1 2541//1
f 2546//2 2542//2 3022//2 3026//2
f 2547//1 3027//1 3023//1 2543//1
f 2548//2 2544//2 3024//2 3028//2
f 2549//1 3029//1 3025//1 2545//1
f 2546//4 3026//4 3030//4 2550//4
f 2550//4 3030//4 3031//4 2551//4
f 2551//4 3031//4 3032//4 2552//4
f 2552//4 3032//4 3033//4 2553//4
f 2553//4 3033//4 3034//4 2554//4
f 2554//4 3034//4 3035//4 2555//4
f 2555//4 3035//4 3036//4 2556//4
f 2556//4 3036//4 3037//4 2557//4
f 2557//4 3037//4 3027//4 2547//4
f 2558//2 2548//2 3028//2 3038//2
f 2560//1 3039//1 3040//1 2561//1
f 2560//3 2563//3 3041//3 3039//3
f 2561//4 3040//4 3042//4 2564//4
f 2563//3 2565//3 3043//3 3041//3
f 2564//4 3042//4 3044//4 2566//4
f 2565//3 2567//3 3045//3 3043//3
f 2566//4 3044//4 3046//4 2568//4
f 2567//3 2569//3 3047//3 3045//3
f 2568//4 3046//4 3048//4 2570//4
f 2569//3 2571//3 3049//3 3047//3
f 2570//4 3048//4 3029//4 2549//4
f 2571//3 2572//3 3050//3 3049//3
f 2572//3 2573//3 3051//3 3050//3
f 2575//3 2574//3 3052//3 3053//3
f 2574//3 2576//3 3054//3 3052//3
f 2576//3 2577//3 3055//3 3054//3
f 2558//4 3038//4 3056//4 2578//4
f 2577//3 2579//3 3057//3 3055//3
f 2578//4 3056//4 3058//4 2580//4
f 2579//3 2581//3 3059//3 3057//3
f 2580//4 3058//4 3060//4 2582//4
f 2581//3 2583//3 3061//3 3059//3
f 2582//4 3060//4 3062//4 2584//4
f 2588//2 2587//2 3063//2 3064//2
f 2583//3 2588//3 3064//3 3061//3
f 2584//4 3062//4 3063//4 2587//4
f 2880//1 3387//1 3388//1 2881//1
f 2881//4 3388//4 3384//4 2878//4
f 2879//4 3386//4 3389//4 2882//4
f 2884//2 2883//2 3390//2 3391//2
f 2882//4 3389//4 3390//4 2883//4
f 2885//1 3392//1 3387//1 2880//1
f 2886//2 2884//2 3391//2 3393//2
f 2887//1 3394//1 3392//1 2885//1
f 2888//2 2886//2 3393//2 3395//2
f 2889//1 3396//1 3394//1 2887//1
f 2890//2 2888//2 3395//2 3397//2
f 2891//1 3398//1 3396//1 2889//1
f 2891//3 2892//3 3399//3 3398//3
f 2892//3 2893//3 3400//3 3399//3
f 2893//3 2894//3 3401//3 3400//3
f 2894//3 2895//3 3402//3 3401//3
f 2895//3 2896//3 3403//3 3402//3
f 2896//3 2897//3 3404//3 3403//3
f 2897//3 2898//3 3405//3 3404//3
f 2898//3 2899//3 3406//3 3405//3
f 2900//2 2890//2 3397//2 3407//2
f 2899//3 2900//3 3407//3 3406//3
f 2989//1 3496//1 3497//1 2990//1
f 2990//4 3497//4 3498//4 2991//4
f 2993//3 2992//3 3499//3 3500//3
f 2991//4 3498//4 3501//4 2994//4
f 2992//3 2995//3 3502//3 3499//3
f 2994//4 3501//4 3503//4 2996//4
f 2995//3 2997//3 3504//3 3502//3
f 2996//4 3503//4 3505//4 2998//4
f 2997//3 2999//3 3506//3 3504//3
f 2998//4 3505//4 3507//4 3000//4
f 2999//3 3001//3 3508//3 3506//3
f 3000//4 3507//4 3509//4 3002//4
f 3001//3 3003//3 3510//3 3508//3
f 3002//4 3509//4 3511//4 3004//4
f 3003//3 3005//3 3512//3 3510//3
f 3004//4 3511//4 3513//4 3006//4
f 3005//3 3007//3 3514//3 3512//3
f 3006//4 3513//4 3515//4 3008//4
f 3007//3 3009//3 3516//3 3514//3
f 3008//4 3515//4 3517//4 3010//4
f 3012//2 3011//2 3518//2 3519//2
f 3010//4 3517//4 3518//4 3011//4
f 3013//1 3520//1 3496//1 2989//1
f 3014//2 2993//2 3500//2 3521//2
f 3015//1 3522//1 3516//1 3009//1
f 3016//2 3012//2 3519//2 3523//2
f 3017//1 3524//1 3520//1 3013//1
f 3018//2 3014//2 3521//2 3525//2
f 3019//1 3526//1 3522//1 3015//1
f 3020//2 3016//2 3523//2 3527//2
f 3021//1 3528//1 3524//1 3017//1
f 3022//2 3018//2 3525//2 3529//2
f 3023//1 3530//1 3526//1 3019//1
f 3024//2 3020//2 3527//2 3531//2
f 3025//1 3532//1 3528//1 3021//1
f 3026//2 3022//2 3529//2 3533//2
f 3027//1 3534//1 3530//1 3023//1
f 3028//2 3024//2 3531//2 3535//2
f 3029//1 3536//1 3532//1 3025//1
f 3026//4 3533//4 3537//4 3030//4
f 3030//4 3537//4 3538//4 3031//4
f 3031//4 3538//4 3539//4 3032//4
f 3032//4 3539//4 3540//4 3033//4
f 3033//4 3540//4 3541//4 3034//4
f 3034//4 3541//4 3542//4 3035//4
f 3035//4 3542//4 3543//4 3036//4
f 3036//4 3543//4 3544//4 3037//4
f 3037//4 3544//4 3534//4 3027//4
f 3038//2 3028//2 3535//2 3545//2
f 3039//1 3546//1 3547//1 3040//1
f 3039//3 3041//3 3548//3 3546//3
f 3040//4 3547//4 3549//4 3042//4
f 3041//3 3043//3 3550//3 3548//3
f 3042//4 3549//4 3551//4 3044//4
f 3043//3 3045//3 3552//3 3550//3
f 3044//4 3551//4 3553//4 3046//4
f 3045//3 3047//3 3554//3 3552//3
f 3046//4 3553//4 3555//4 3048//4
f 3047//3 3049//3 3556//3 3554//3
f 3048//4 3555//4 3536//4 3029//4
f 3049//3 3050//3 3557//3 3556//3
f 3052//3 3054//3 3558//3 3559//3
f 3054//3 3055//3 3560//3 3558//3
f 3038//4 3545//4 3561//4 3056//4
f 3055//3 3057//3 3562//3 3560//3
f 3056//4 3561//4 3563//4 3058//4
f 3057//3 3059//3 3564//3 3562//3
f 3058//4 3563//4 3565//4 3060//4
f 3059//3 3061//3 3566//3 3564//3
f 3060//4 3565//4 3567//4 3062//4
f 3064//2 3063//2 3568//2 3569//2
f 3061//3 3064//3 3569//3 3566//3
f 3062//4 3567//4 3568//4 3063//4
f 3879//1 3880//1 3881//1 3882//1
f 3882//4 3881//4 3883//4 3884//4
f 3879//5 3882//5 3884//5 3885//5
f 3884//4 3883//4 3886//4 3887//4
f 3885//5 3884//5 3887//5 3888//5
f 3887//4 3886//4 3889//4 3890//4
f 3888//5 3887//5 3890//5 3891//5
f 3890//4 3889//4 3868//4 3867//4
f 3891//5 3890//5 3867//5 3892//5
f 3892//5 3867//5 3869//5 3893//5
f 3893//5 3869//5 3870//5 3894//5
f 3894//5 3870//5 3871//5 3895//5
f 3871//4 3872//4 3896//4 3897//4
f 3895//5 3871//5 3897//5 3898//5
f 3899//2 3900//2 3901//2 3902//2
f 3897//4 3896//4 3901//4 3900//4
f 3898//5 3897//5 3900//5 3899//5
f 3387//1 3903//1 3904//1 3388//1
f 3388//4 3904//4 3905//4 3384//4
f 3384//4 3905//4 3873//4 3385//4
f 3386//4 3878//4 3906//4 3389//4
f 3391//2 3390//2 3907//2 3908//2
f 3389//4 3906//4 3907//4 3390//4
f 3909//1 3910//1 3880//1 3879//1
f 3909//5 3879//5 3885//5 3911//5
f 3911//5 3885//5 3888//5 3912//5
f 3912//5 3888//5 3891//5 3913//5
f 3913//5 3891//5 3892//5 3914//5
f 3914//5 3892//5 3893//5 3915//5
f 3915//5 3893//5 3894//5 3916//5
f 3916//5 3894//5 3895//5 3917//5
f 3917//5 3895//5 3898//5 3918//5
f 3919//2 3899//2 3902//2 3920//2
f 3918//5 3898//5 3899//5 3919//5
f 3392//1 3921//1 3903//1 3387//1
f 3393//2 3391//2 3908//2 3922//2
f 3923//1 3924//1 3910//1 3909//1
f 3923//5 3909//5 3911//5 3925//5
f 3925//5 3911//5 3912//5 3926//5
f 3926//5 3912//5 3913//5 3927//5
f 3927//5 3913//5 3914//5 3928//5
f 3928//5 3914//5 3915//5 3929//5
f 3929//5 3915//5 3916//5 3930//5
f 3930//5 3916//5 3917//5 3931//5
f 3931//5 3917//5 3918//5 3932//5
f 3933//2 3919//2 3920//2 3934//2
f 3932//5 3918//5 3919//5 3933//5
f 3394//1 3935//1 3921//1 3392//1
f 3395//2 3393//2 3922//2 3936//2
f 3937//1 3938//1 3924//1 3923//1
f 3937//5 3923//5 3925//5 3939//5
f 3939//5 3925//5 3926//5 3940//5
f 3940//5 3926//5 3927//5 3941//5
f 3941//5 3927//5 3928//5 3942//5
f 3942//5 3928//5 3929//5 3943//5
f 3943//5 3929//5 3930//5 3944//5
f 3944//5 3930//5 3931//5 3945//5
f 3945//5 3931//5 3932//5 3946//5
f 3947//2 3933//2 3934//2 3948//2
f 3946//5 3932//5 3933//5 3947//5
f 3396//1 3949//1 3935//1 3394//1
f 3397//2 3395//2 3936//2 3950//2
f 3951//1 3952//1 3938//1 3937//1
f 3951//3 3953//3 3954//3 3952//3
f 3951//5 3937//5 3939//5 3953//5
f 3953//3 3955//3 3956//3 3954//3
f 3953//5 3939//5 3940//5 3955//5
f 3955//3 3957//3 3958//3 3956//3
f 3955//5 3940//5 3941//5 3957//5
f 3957//3 3959//3 3960//3 3958//3
f 3957//5 3941//5 3942//5 3959//5
f 3959//3 3961//3 3962//3 3960//3
f 3959//5 3942//5 3943//5 3961//5
f 3961//3 3963//3 3964//3 3962//3
f 3961//5 3943//5 3944//5 3963//5
f 3963//3 3965//3 3966//3 3964//3
f 3963//5 3944//5 3945//5 3965//5
f 3965//3 3967//3 3968//3 3966//3
f 3965//5 3945//5 3946//5 3967//5
f 3969//2 3947//2 3948//2 3970//2
f 3967//3 3969//3 3970//3 3968//3
f 3967//5 3946//5 3947//5 3969//5
f 3398//1 3971//1 3949//1 3396//1
f 3398//3 3399//3 3972//3 3971//3
f 3399//3 3400//3 3973//3 3972//3
f 3400//3 3401//3 3974//3 3973//3
f 3401//3 3402//3 3975//3 3974//3
f 3402//3 3403//3 3976//3 3975//3
f 3403//3 3404//3 3977//3 3976//3
f 3404//3 3405//3 3978//3 3977//3
f 3405//3 3406//3 3979//3 3978//3
f 3407//2 3397//2 3950//2 3980//2
f 3406//3 3407//3 3980//3 3979//3
f 3496//1 4069//1 4070//1 3497//1
f 3497//4 4070//4 4071//4 3498//4
f 3500//3 3499//3 4072//3 4073//3
f 3498//4 4071//4 4074//4 3501//4
f 3499//3 3502//3 4075//3 4072//3
f 3501//4 4074//4 4076//4 3503//4
f 3502//3 3504//3 4077//3 4075//3
f 3503//4 4076//4 4078//4 3505//4
f 3504//3 3506//3 4079//3 4077//3
f 3505//4 4078//4 4080//4 3507//4
f 3506//3 3508//3 4081//3 4079//3
f 3507//4 4080//4 4082//4 3509//4
f 3508//3 3510//3 4083//3 4081//3
f 3509//4 4082//4 4084//4 3511//4
f 3510//3 3512//3 4085//3 4083//3
f 3511//4 4084//4 4086//4 3513//4
f 3512//3 3514//3 4087//3 4085//3
f 3513//4 4086//4 4088//4 3515//4
f 3514//3 3516//3 4089//3 4087//3
f 3515//4 4088//4 4090//4 3517//4
f 3519//2 3518//2 4091//2 4092//2
f 3517//4 4090//4 4091//4 3518//4
f 3520//1 4093//1 4069//1 3496//1
f 3521//2 3500//2 4073//2 4094//2
f 3522//1 4095//1 4089//1 3516//1
f 3523//2 3519//2 4092//2 4096//2
f 3524//1 4097//1 4093//1 3520//1
f 3525//2 3521//2 4094//2 4098//2
f 3526//1 4099//1 4095//1 3522//1
f 3527//2 3523//2 4096//2 4100//2
f 3528//1 4101//1 4097//1 3524//1
f 3529//2 3525//2 4098//2 4102//2
f 3530//1 4103//1 4099//1 3526//1
f 3531//2 3527//2 4100//2 4104//2
f 3532//1 4105//1 4101//1 3528//1
f 3533//2 3529//2 4102//2 4106//2
f 3534//1 4107//1 4103//1 3530//1
f 3535//2 3531//2 4104//2 4108//2
f 3536//1 4109//1 4105//1 3532//1
f 3533//4 4106//4 4110//4 3537//4
f 3537//4 4110//4 4111//4 3538//4
f 3538//4 4111//4 4112//4 3539//4
f 3539//4 4112//4 4113//4 3540//4
f 3540//4 4113//4 4114//4 3541//4
f 3541//4 4114//4 4115//4 3542//4
f 3542//4 4115//4 4116//4 3543//4
f 3543//4 4116//4 4117//4 3544//4
f 3544//4 4117//4 4107//4 3534//4
f 3545//2 3535//2 4108//2 4118//2
f 4119//1 4120//1 4121//1 4122//1
f 4119//3 3546//3 4123//3 4120//3
f 4122//4 4121//4 4124//4 3547//4
f 4119//5 4122//5 3547//5 3546//5
f 4120//6 4123//6 4124//6 4121//6
f 3546//3 3548//3 4125//3 4123//3
f 3547//4 4124//4 4126//4 3549//4
f 3548//3 3550//3 4127//3 4125//3
f 3549//4 4126//4 4128//4 3551//4
f 3550//3 3552//3 4129//3 4127//3
f 3551//4 4128//4 4130//4 3553//4
f 3552//3 3554//3 4131//3 4129//3
f 3553//4 4130//4 4132//4 3555//4
f 3554//3 3556//3 4133//3 4131//3
f 3555//4 4132//4 4109//4 3536//4
f 3556//3 3557//3 4134//3 4133//3
f 3559//3 3558//3 4135//3 4136//3
f 3558//3 3560//3 4137//3 4135//3
f 3545//4 4118//4 4138//4 3561//4
f 3560//3 3562//3 4139//3 4137//3
f 3561//4 4138//4 4140//4 3563//4
f 3562//3 3564//3 4141//3 4139//3
f 3563//4 4140//4 4142//4 3565//4
f 3564//3 3566//3 4143//3 4141//3
f 3565//4 4142//4 4144//4 3567//4
f 3566//3 3569//3 4145//3 4143//3
f 3567//4 4144//4 4146//4 3568//4
f 4147//2 4148//2 4149//2 4150//2
f 3569//3 4147//3 4150//3 4145//3
f 3568//4 4146//4 4149//4 4148//4
f 3569//5 3568//5 4148//5 4147//5
f 4145//6 4150//6 4149//6 4146//6
f 3880//1 4491//1 4492//1 3881//1
f 3881//4 4492//4 4493//4 3883//4
f 3883//4 4493//4 4494//4 3886//4
f 3886//4 4494//4 4486//4 3889//4
f 3902//2 3901//2 4495//2 4496//2
f 3896//4 4487//4 4495//4 3901//4
f 3903//1 4497//1 4498//1 3904//1
f 3904//4 4498//4 4499//4 3905//4
f 3905//4 4499//4 4500//4 3873//4
f 3873//4 4500//4 4488//4 3874//4
f 3875//4 4490//4 4501//4 3876//4
f 3876//4 4501//4 4502//4 3878//4
f 3878//4 4502//4 4503//4 3906//4
f 3908//2 3907//2 4504//2 4505//2
f 3906//4 4503//4 4504//4 3907//4
f 3910//1 4506//1 4491//1 3880//1
f 3920//2 3902//2 4496//2 4507//2
f 3921//1 4508//1 4497//1 3903//1
f 3922//2 3908//2 4505//2 4509//2
f 3924//1 4510//1 4506//1 3910//1
f 3934//2 3920//2 4507//2 4511//2
f 3935//1 4512//1 4508//1 3921//1
f 3936//2 3922//2 4509//2 4513//2
f 3938//1 4514//1 4510//1 3924//1
f 3948//2 3934//2 4511//2 4515//2
f 3949//1 4516//1 4512//1 3935//1
f 3950//2 3936//2 4513//2 4517//2
f 3952//1 4518//1 4514//1 3938//1
f 3952//3 3954//3 4519//3 4518//3
f 3954//3 3956//3 4520//3 4519//3
f 3956//3 3958//3 4521//3 4520//3
f 3958//3 3960//3 4522//3 4521//3
f 3960//3 3962//3 4523//3 4522//3
f 3962//3 3964//3 4524//3 4523//3
f 3964//3 3966//3 4525//3 4524//3
f 3966//3 3968//3 4526//3 4525//3
f 3970//2 3948//2 4515//2 4527//2
f 3968//3 3970//3 4527//3 4526//3
f 3971//1 4528//1 4516//1 3949//1
f 3971//3 3972//3 4529//3 4528//3
f 3972//3 3973//3 4530//3 4529//3
f 3973//3 3974//3 4531//3 4530//3
f 3974//3 3975//3 4532//3 4531//3
f 3975//3 3976//3 4533//3 4532//3
f 3976//3 3977//3 4534//3 4533//3
f 3977//3 3978//3 4535//3 4534//3
f 3978//3 3979//3 4536//3 4535//3
f 3980//2 3950//2 4517//2 4537//2
f 3979//3 3980//3 4537//3 4536//3
f 4069//1 4642//1 4643//1 4070//1
f 4070//4 4643//4 4644//4 4071//4
f 4073//3 4072//3 4645//3 4646//3
f 4071//4 4644//4 4647//4 4074//4
f 4072//3 4075//3 4648//3 4645//3
f 4074//4 4647//4 4649//4 4076//4
f 4075//3 4077//3 4650//3 4648//3
f 4076//4 4649//4 4651//4 4078//4
f 4077//3 4079//3 4652//3 4650//3
f 4078//4 4651//4 4653//4 4080//4
f 4079//3 4081//3 4654//3 4652//3
f 4080//4 4653//4 4655//4 4082//4
f 4081//3 4083//3 4656//3 4654//3
f 4082//4 4655//4 4657//4 4084//4
f 4083//3 4085//3 4658//3 4656//3
f 4084//4 4657//4 4659//4 4086//4
f 4085//3 4087//3 4660//3 4658//3
f 4086//4 4659//4 4661//4 4088//4
f 4087//3 4089//3 4662//3 4660//3
f 4088//4 4661//4 4663//4 4090//4
f 4092//2 4091//2 4664//2 4665//2
f 4090//4 4663//4 4664//4 4091//4
f 4093//1 4666//1 4642//1 4069//1
f 4094//2 4073//2 4646//2 4667//2
f 4095//1 4668//1 4662//1 4089//1
f 4096//2 4092//2 4665//2 4669//2
f 4097//1 4670//1 4666//1 4093//1
f 4098//2 4094//2 4667//2 4671//2
f 4099//1 4672//1 4668//1 4095//1
f 4100//2 4096//2 4669//2 4673//2
f 4101//1 4674//1 4670//1 4097//1
f 4102//2 4098//2 4671//2 4675//2
f 4103//1 4676//1 4672//1 4099//1
f 4104//2 4100//2 4673//2 4677//2
f 4105//1 4678//1 4674//1 4101//1
f 4106//2 4102//2 4675//2 4679//2
f 4107//1 4680//1 4676//1 4103//1
f 4108//2 4104//2 4677//2 4681//2
f 4109//1 4682//1 4678//1 4105//1
f 4106//4 4679//4 4683//4 4110//4
f 4110//4 4683//4 4684//4 4111//4
f 4111//4 4684//4 4685//4 4112//4
f 4112//4 4685//4 4686//4 4113//4
f 4113//4 4686//4 4687//4 4114//4
f 4114//4 4687//4 4688//4 4115//4
f 4115//4 4688//4 4689//4 4116//4
f 4116//4 4689//4 4690//4 4117//4
f 4117//4 4690//4 4680//4 4107//4
f 4118//2 4108//2 4681//2 4691//2
f 4123//1 4692//1 4693//1 4124//1
f 4123//3 4125//3 4694//3 4692//3
f 4124//4 4693//4 4695//4 4126//4
f 4125//3 4127//3 4696//3 4694//3
f 4126//4 4695//4 4697//4 4128//4
f 4127//3 4129//3 4698//3 4696//3
f 4128//4 4697//4 4699//4 4130//4
f 4129//3 4131//3 4700//3 4698//3
f 4130//4 4699//4 4701//4 4132//4
f 4131//3 4133//3 4702//3 4700//3
f 4132//4 4701//4 4682//4 4109//4
f 4133//3 4134//3 4703//3 4702//3
f 4136//3 4135//3 4704//3 4705//3
f 4135//3 4137//3 4706//3 4704//3
f 4118//4 4691//4 4707//4 4138//4
f 4137//3 4139//3 4708//3 4706//3
f 4138//4 4707//4 4709//4 4140//4
f 4139//3 4141//3 4710//3 4708//3
f 4140//4 4709//4 4711//4 4142//4
f 4141//3 4143//3 4712//3 4710//3
f 4142//4 4711//4 4713//4 4144//4
f 4145//2 4146//2 4714//2 4715//2
f 4143//3 4145//3 4715//3 4712//3
f 4144//4 4713//4 4714//4 4146//4
f 4491//1 5089//1 5090//1 4492//1
f 4492//4 5090//4 5091//4 4493//4
f 4493//4 5091//4 5092//4 4494//4
f 4494//4 5092//4 5087//4 4486//4
f 4496//2 4495//2 5088//2 5093//2
f 4497//1 5094//1 5095//1 4498//1
f 4498//4 5095//4 5096//4 4499//4
f 4499//4 5096//4 5097//4 4500//4
f 4500//4 5097//4 5098//4 4488//4
f 4488//4 5098//4 5099//4 4489//4
f 4489//4 5099//4 5100//4 4490//4
f 4490//4 5100//4 5101//4 4501//4
f 4501//4 5101//4 5102//4 4502//4
f 4502//4 5102//4 5103//4 4503//4
f 4505//2 4504//2 5104//2 5105//2
f 4503//4 5103//4 5104//4 4504//4
f 4506//1 5106//1 5089//1 4491//1
f 4507//2 4496//2 5093//2 5107//2
f 4508//1 5108//1 5094//1 4497//1
f 4509//2 4505//2 5105//2 5109//2
f 4510//1 5110//1 5106//1 4506//1
f 4511//2 4507//2 5107//2 5111//2
f 4512//1 5112//1 5108//1 4508//1
f 4513//2 4509//2 5109//2 5113//2
f 4514//1 5114//1 5110//1 4510//1
f 4515//2 4511//2 5111//2 5115//2
f 4516//1 5116//1 5112//1 4512//1
f 4517//2 4513//2 5113//2 5117//2
f 4518//1 5118//1 5114//1 4514//1
f 4518//3 4519//3 5119//3 5118//3
f 4519//3 4520//3 5120//3 5119//3
f 4520//3 4521//3 5121//3 5120//3
f 4521//3 4522//3 5122//3 5121//3
f 4522//3 4523//3 5123//3 5122//3
f 4523//3 4524//3 5124//3 5123//3
f 4524//3 4525//3 5125//3 5124//3
f 4525//3 4526//3 5126//3 5125//3
f 4527//2 4515//2 5115//2 5127//2
f 4526//3 4527//3 5127//3 5126//3
f 4528//1 5128//1 5116//1 4516//1
f 4528//3 4529//3 5129//3 5128//3
f 4529//3 4530//3 5130//3 5129//3
f 4530//3 4531//3 5131//3 5130//3
f 4531//3 4532//3 5132//3 5131//3
f 4532//3 4533//3 5133//3 5132//3
f 4533//3 4534//3 5134//3 5133//3
f 4534//3 4535//3 5135//3 5134//3
f 4535//3 4536//3 5136//3 5135//3
f 4537//2 4517//2 5117//2 5137//2
f 4536//3 4537//3 5137//3 5136//3
f 4642//1 5226//1 5227//1 4643//1
f 4643//4 5227//4 5228//4 4644//4
f 4646//3 4645//3 5229//3 5230//3
f 4644//4 5228//4 5231//4 4647//4
f 4645//3 4648//3 5232//3 5229//3
f 4647//4 5231//4 5233//4 4649//4
f 4648//3 4650//3 5234//3 5232//3
f 4649//4 5233//4 5235//4 4651//4
f 4650//3 4652//3 5236//3 5234//3
f 4651//4 5235//4 5237//4 4653//4
f 4652//3 4654//3 5238//3 5236//3
f 4653//4 5237//4 5239//4 4655//4
f 4654//3 4656//3 5240//3 5238//3
f 4655//4 5239//4 5241//4 4657//4
f 4656//3 4658//3 5242//3 5240//3
f 4657//4 5241//4 5243//4 4659//4
f 4658//3 4660//3 5244//3 5242//3
f 4659//4 5243//4 5245//4 4661//4
f 4660//3 4662//3 5246//3 5244//3
f 4661//4 5245//4 5247//4 4663//4
f 4665//2 4664//2 5248//2 5249//2
f 4663//4 5247//4 5248//4 4664//4
f 4666//1 5250//1 5226//1 4642//1
f 4667//2 4646//2 5230//2 5251//2
f 4668//1 5252//1 5246//1 4662//1
f 4669//2 4665//2 5249//2 5253//2
f 4670//1 5254//1 5250//1 4666//1
f 4671//2 4667//2 5251//2 5255//2
f 4672//1 5256//1 5252//1 4668//1
f 4673//2 4669//2 5253//2 5257//2
f 4674//1 5258//1 5254//1 4670//1
f 4675//2 4671//2 5255//2 5259//2
f 4676//1 5260//1 5256//1 4672//1
f 4677//2 4673//2 5257//2 5261//2
f 4678//1 5262//1 5258//1 4674//1
f 4679//2 4675//2 5259//2 5263//2
f 4680//1 5264//1 5260//1 4676//1
f 4681//2 4677//2 5261//2 5265//2
f 4682//1 5266//1 5262//1 4678//1
f 4679//4 5263//4 5267//4 4683//4
f 4683//4 5267//4 5268//4 4684//4
f 4684//4 5268//4 5269//4 4685//4
f 4685//4 5269//4 5270//4 4686//4
f 4686//4 5270//4 5271//4 4687//4
f 4687//4 5271//4 5272//4 4688//4
f 4688//4 5272//4 5273//4 4689//4
f 4689//4 5273//4 5274//4 4690//4
f 4690//4 5274//4 5264//4 4680//4
f 4691//2 4681//2 5265//2 5275//2
f 4692//1 5276//1 5277//1 4693//1
f 4692//3 4694//3 5278//3 5276//3
f 4693//4 5277//4 5279//4 4695//4
f 4694//3 4696//3 5280//3 5278//3
f 4695//4 5279//4 5281//4 4697//4
f 4696//3 4698//3 5282//3 5280//3
f 4697//4 5281//4 5283//4 4699//4
f 4698//3 4700//3 5284//3 5282//3
f 4699//4 5283//4 5285//4 4701//4
f 4700//3 4702//3 5286//3 5284//3
f 4701//4 5285//4 5266//4 4682//4
f 4702//3 4703//3 5287//3 5286//3
f 4703//3 4718//3 5288//3 5287//3
f 4721//3 4705//3 5289//3 5290//3
f 4705//3 4704//3 5291//3 5289//3
f 4704//3 4706//3 5292//3 5291//3
f 4691//4 5275//4 5293//4 4707//4
f 4706//3 4708//3 5294//3 5292//3
f 4707//4 5293//4 5295//4 4709//4
f 4708//3 4710//3 5296//3 5294//3
f 4709//4 5295//4 5297//4 4711//4
f 4710//3 4712//3 5298//3 5296//3
f 4711//4 5297//4 5299//4 4713//4
f 4715//2 4714//2 5300//2 5301//2
f 4712//3 4715//3 5301//3 5298//3
f 4713//4 5299//4 5300//4 4714//4
f 5089//1 5665//1 5666//1 5090//1
f 5090//4 5666//4 5667//4 5091//4
f 5091//4 5667//4 5668//4 5092//4
f 5092//4 5668//4 5663//4 5087//4
f 5093//2 5088//2 5664//2 5669//2
f 5094//1 5670//1 5671//1 5095//1
f 5095//4 5671//4 5672//4 5096//4
f 5670//6 5673//6 5672//6 5671//6
f 5096//4 5672//4 5674//4 5097//4
f 5673//6 5675//6 5674//6 5672//6
f 5097//4 5674//4 5676//4 5098//4
f 5675//6 5677//6 5676//6 5674//6
f 5098//4 5676//4 5678//4 5099//4
f 5677//6 5679//6 5678//6 5676//6
f 5099//4 5678//4 5680//4 5100//4
f 5679//6 5681//6 5680//6 5678//6
f 5100//4 5680//4 5682//4 5101//4
f 5681//6 5683//6 5682//6 5680//6
f 5101//4 5682//4 5684//4 5102//4
f 5683//6 5685//6 5684//6 5682//6
f 5102//4 5684//4 5686//4 5103//4
f 5685//6 5687//6 5686//6 5684//6
f 5105//2 5104//2 5688//2 5689//2
f 5103//4 5686//4 5688//4 5104//4
f 5687//6 5689//6 5688//6 5686//6
f 5106//1 5690//1 5665//1 5089//1
f 5107//2 5093//2 5669//2 5691//2
f 5108//1 5692//1 5670//1 5094//1
f 5692//6 5693//6 5673//6 5670//6
f 5693//6 5694//6 5675//6 5673//6
f 5694//6 5695//6 5677//6 5675//6
f 5695//6 5696//6 5679//6 5677//6
f 5696//6 5697//6 5681//6 5679//6
f 5697//6 5698//6 5683//6 5681//6
f 5698//6 5699//6 5685//6 5683//6
f 5699//6 5700//6 5687//6 5685//6
f 5109//2 5105//2 5689//2 5701//2
f 5700//6 5701//6 5689//6 5687//6
f 5110//1 5702//1 5690//1 5106//1
f 5111//2 5107//2 5691//2 5703//2
f 5112//1 5704//1 5692//1 5108//1
f 5704//6 5705//6 5693//6 5692//6
f 5705//6 5706//6 5694//6 5693//6
f 5706//6 5707//6 5695//6 5694//6
f 5707//6 5708//6 5696//6 5695//6
f 5708//6 5709//6 5697//6 5696//6
f 5709//6 5710//6 5698//6 5697//6
f 5710//6 5711//6 5699//6 5698//6
f 5711//6 5712//6 5700//6 5699//6
f 5113//2 5109//2 5701//2 5713//2
f 5712//6 5713//6 5701//6 5700//6
f 5114//1 5714//1 5702//1 5110//1
f 5115//2 5111//2 5703//2 5715//2
f 5116//1 5716//1 5704//1 5112//1
f 5716//6 5717//6 5705//6 5704//6
f 5717//6 5718//6 5706//6 5705//6
f 5718//6 5719//6 5707//6 5706//6
f 5719//6 5720//6 5708//6 5707//6
f 5720//6 5721//6 5709//6 5708//6
f 5721//6 5722//6 5710//6 5709//6
f 5722//6 5723//6 5711//6 5710//6
f 5723//6 5724//6 5712//6 5711//6
f 5117//2 5113//2 5713//2 5725//2
f 5724//6 5725//6 5713//6 5712//6
f 5118//1 5726//1 5714//1 5114//1
f 5118//3 5119//3 5727//3 5726//3
f 5119//3 5120//3 5728//3 5727//3
f 5120//3 5121//3 5729//3 5728//3
f 5121//3 5122//3 5730//3 5729//3
f 5122//3 5123//3 5731//3 5730//3
f 5123//3 5124//3 5732//3 5731//3
f 5124//3 5125//3 5733//3 5732//3
f 5125//3 5126//3 5734//3 5733//3
f 5127//2 5115//2 5715//2 5735//2
f 5126//3 5127//3 5735//3 5734//3
f 5128//1 5736//1 5716//1 5116//1
f 5128//3 5129//3 5737//3 5736//3
f 5736//6 5737//6 5717//6 5716//6
f 5129//3 5130//3 5738//3 5737//3
f 5737//6 5738//6 5718//6 5717//6
f 5130//3 5131//3 5739//3 5738//3
f 5738//6 5739//6 5719//6 5718//6
f 5131//3 5132//3 5740//3 5739//3
f 5739//6 5740//6 5720//6 5719//6
f 5132//3 5133//3 5741//3 5740//3
f 5740//6 5741//6 5721//6 5720//6
f 5133//3 5134//3 5742//3 5741//3
f 5741//6 5742//6 5722//6 5721//6
f 5134//3 5135//3 5743//3 5742//3
f 5742//6 5743//6 5723//6 5722//6
f 5135//3 5136//3 5744//3 5743//3
f 5743//6 5744//6 5724//6 5723//6
f 5137//2 5117//2 5725//2 5745//2
f 5136//3 5137//3 5745//3 5744//3
f 5744//6 5745//6 5725//6 5724//6
f 5226//1 5834//1 5835//1 5227//1
f 5227//4 5835//4 5836//4 5228//4
f 5230//3 5229//3 5837//3 5838//3
f 5228//4 5836//4 5839//4 5231//4
f 5229//3 5232//3 5840//3 5837//3
f 5231//4 5839//4 5841//4 5233//4
f 5232//3 5234//3 5842//3 5840//3
f 5233//4 5841//4 5843//4 5235//4
f 5234//3 5236//3 5844//3 5842//3
f 5235//4 5843//4 5845//4 5237//4
f 5236//3 5238//3 5846//3 5844//3
f 5237//4 5845//4 5847//4 5239//4
f 5238//3 5240//3 5848//3 5846//3
f 5239//4 5847//4 5849//4 5241//4
f 5240//3 5242//3 5850//3 5848//3
f 5241//4 5849//4 5851//4 5243//4
f 5242//3 5244//3 5852//3 5850//3
f 5243//4 5851//4 5853//4 5245//4
f 5244//3 5246//3 5854//3 5852//3
f 5245//4 5853//4 5855//4 5247//4
f 5249//2 5248//2 5856//2 5857//2
f 5247//4 5855//4 5856//4 5248//4
f 5250//1 5858//1 5834//1 5226//1
f 5251//2 5230//2 5838//2 5859//2
f 5252//1 5860//1 5854//1 5246//1
f 5253//2 5249//2 5857//2 5861//2
f 5254//1 5862//1 5858//1 5250//1
f 5255//2 5251//2 5859//2 5863//2
f 5256//1 5864//1 5860//1 5252//1
f 5257//2 5253//2 5861//2 5865//2
f 5258//1 5866//1 5862//1 5254//1
f 5259//2 5255//2 5863//2 5867//2
f 5260//1 5868//1 5864//1 5256//1
f 5261//2 5257//2 5865//2 5869//2
f 5262//1 5870//1 5866//1 5258//1
f 5263//2 5259//2 5867//2 5871//2
f 5264//1 5872//1 5868//1 5260//1
f 5265//2 5261//2 5869//2 5873//2
f 5266//1 5874//1 5870//1 5262//1
f 5263//4 5871//4 5875//4 5267//4
f 5267//4 5875//4 5876//4 5268//4
f 5268//4 5876//4 5877//4 5269//4
f 5269//4 5877//4 5878//4 5270//4
f 5270//4 5878//4 5879//4 5271//4
f 5271//4 5879//4 5880//4 5272//4
f 5272//4 5880//4 5881//4 5273//4
f 5273//4 5881//4 5882//4 5274//4
f 5274//4 5882//4 5872//4 5264//4
f 5275//2 5265//2 5873//2 5883//2
f 5276//1 5884//1 5885//1 5277//1
f 5276//3 5278//3 5886//3 5884//3
f 5277//4 5885//4 5887//4 5279//4
f 5884//6 5886//6 5887//6 5885//6
f 5278//3 5280//3 5888//3 5886//3
f 5279//4 5887//4 5889//4 5281//4
f 5280//3 5282//3 5890//3 5888//3
f 5281//4 5889//4 5891//4 5283//4
f 5282//3 5284//3 5892//3 5890//3
f 5283//4 5891//4 5893//4 5285//4
f 5284//3 5286//3 5894//3 5892//3
f 5285//4 5893//4 5874//4 5266//4
f 5286//3 5287//3 5895//3 5894//3
f 5287//3 5288//3 5896//3 5895//3
f 5290//3 5289//3 5897//3 5898//3
f 5289//3 5291//3 5899//3 5897//3
f 5291//3 5292//3 5900//3 5899//3
f 5275//4 5883//4 5901//4 5293//4
f 5292//3 5294//3 5902//3 5900//3
f 5293//4 5901//4 5903//4 5295//4
f 5294//3 5296//3 5904//3 5902//3
f 5295//4 5903//4 5905//4 5297//4
f 5296//3 5298//3 5906//3 5904//3
f 5297//4 5905//4 5907//4 5299//4
f 5301//2 5300//2 5908//2 5909//2
f 5298//3 5301//3 5909//3 5906//3
f 5299//4 5907//4 5908//4 5300//4
f 5906//6 5909//6 5908//6 5907//6
f 5665//1 6309//1 6310//1 5666//1
f 5666//4 6310//4 6311//4 5667//4
f 5667//4 6311//4 6312//4 5668//4
f 5668//4 6312//4 6305//4 5663//4
f 5669//2 5664//2 6307//2 6313//2
f 5690//1 6314//1 6309//1 5665//1
f 5691//2 5669//2 6313//2 6315//2
f 5702//1 6316//1 6314//1 5690//1
f 5703//2 5691//2 6315//2 6317//2
f 5714//1 6318//1 6316//1 5702//1
f 5715//2 5703//2 6317//2 6319//2
f 5726//1 6320//1 6318//1 5714//1
f 5726//3 5727//3 6321//3 6320//3
f 5727//3 5728//3 6322//3 6321//3
f 5728//3 5729//3 6323//3 6322//3
f 5729//3 5730//3 6324//3 6323//3
f 5730//3 5731//3 6325//3 6324//3
f 5731//3 5732//3 6326//3 6325//3
f 5732//3 5733//3 6327//3 6326//3
f 5733//3 5734//3 6328//3 6327//3
f 5735//2 5715//2 6319//2 6329//2
f 5734//3 5735//3 6329//3 6328//3
f 5834//1 6418//1 6419//1 5835//1
f 5835//4 6419//4 6420//4 5836//4
f 6418//6 6421//6 6420//6 6419//6
f 5836//4 6420//4 6422//4 5839//4
f 6421//6 6423//6 6422//6 6420//6
f 5839//4 6422//4 6424//4 5841//4
f 6423//6 6425//6 6424//6 6422//6
f 5841//4 6424//4 6426//4 5843//4
f 6425//6 6427//6 6426//6 6424//6
f 5843//4 6426//4 6428//4 5845//4
f 6427//6 6429//6 6428//6 6426//6
f 5845//4 6428//4 6430//4 5847//4
f 6429//6 6431//6 6430//6 6428//6
f 5847//4 6430//4 6432//4 5849//4
f 6431//6 6433//6 6432//6 6430//6
f 5849//4 6432//4 6434//4 5851//4
f 6433//6 6435//6 6434//6 6432//6
f 5851//4 6434//4 6436//4 5853//4
f 6435//6 6437//6 6436//6 6434//6
f 5853//4 6436//4 6438//4 5855//4
f 6437//6 6439//6 6438//6 6436//6
f 5857//2 5856//2 6440//2 6441//2
f 5855//4 6438//4 6440//4 5856//4
f 6439//6 6441//6 6440//6 6438//6
f 5858//1 6442//1 6418//1 5834//1
f 6442//6 6443//6 6421//6 6418//6
f 5859//5 5838//5 5837//5 6444//5
f 6443//6 6445//6 6423//6 6421//6
f 6444//5 5837//5 5840//5 6446//5
f 6445//6 6447//6 6425//6 6423//6
f 6446//5 5840//5 5842//5 6448//5
f 6447//6 6449//6 6427//6 6425//6
f 6448//5 5842//5 5844//5 6450//5
f 6449//6 6451//6 6429//6 6427//6
f 6450//5 5844//5 5846//5 6452//5
f 6451//6 6453//6 6431//6 6429//6
f 6452//5 5846//5 5848//5 6454//5
f 6453//6 6455//6 6433//6 6431//6
f 6454//5 5848//5 5850//5 6456//5
f 6455//6 6457//6 6435//6 6433//6
f 6456//5 5850//5 5852//5 6458//5
f 6457//6 6459//6 6437//6 6435//6
f 6458//5 5852//5 5854//5 5860//5
f 6459//6 6460//6 6439//6 6437//6
f 5861//2 5857//2 6441//2 6461//2
f 6460//6 6461//6 6441//6 6439//6
f 5862//1 6462//1 6442//1 5858//1
f 6462//6 6463//6 6443//6 6442//6
f 5863//5 5859//5 6444//5 6464//5
f 6463//6 6465//6 6445//6 6443//6
f 6464//5 6444//5 6446//5 6466//5
f 6465//6 6467//6 6447//6 6445//6
f 6466//5 6446//5 6448//5 6468//5
f 6467//6 6469//6 6449//6 6447//6
f 6468//5 6448//5 6450//5 6470//5
f 6469//6 6471//6 6451//6 6449//6
f 6470//5 6450//5 6452//5 6472//5
f 6471//6 6473//6 6453//6 6451//6
f 6472//5 6452//5 6454//5 6474//5
f 6473//6 6475//6 6455//6 6453//6
f 6474//5 6454//5 6456//5 6476//5
f 6475//6 6477//6 6457//6 6455//6
f 6476//5 6456//5 6458//5 6478//5
f 6477//6 6479//6 6459//6 6457//6
f 6478//5 6458//5 5860//5 5864//5
f 6479//6 6480//6 6460//6 6459//6
f 5865//2 5861//2 6461//2 6481//2
f 6480//6 6481//6 6461//6 6460//6
f 5866//1 6482//1 6462//1 5862//1
f 6482//6 6483//6 6463//6 6462//6
f 5867//5 5863//5 6464//5 6484//5
f 6483//6 6485//6 6465//6 6463//6
f 6484//5 6464//5 6466//5 6486//5
f 6485//6 6487//6 6467//6 6465//6
f 6486//5 6466//5 6468//5 6488//5
f 6487//6 6489//6 6469//6 6467//6
f 6488//5 6468//5 6470//5 6490//5
f 6489//6 6491//6 6471//6 6469//6
f 6490//5 6470//5 6472//5 6492//5
f 6491//6 6493//6 6473//6 6471//6
f 6492//5 6472//5 6474//5 6494//5
f 6493//6 6495//6 6475//6 6473//6
f 6494//5 6474//5 6476//5 6496//5
f 6495//6 6497//6 6477//6 6475//6
f 6496//5 6476//5 6478//5 6498//5
f 6497//6 6499//6 6479//6 6477//6
f 6498//5 6478//5 5864//5 5868//5
f 6499//6 6500//6 6480//6 6479//6
f 5869//2 5865//2 6481//2 6501//2
f 6500//6 6501//6 6481//6 6480//6
f 5870//1 6502//1 6482//1 5866//1
f 6502//6 6503//6 6483//6 6482//6
f 5871//5 5867//5 6484//5 5875//5
f 6503//6 6504//6 6485//6 6483//6
f 5875//5 6484//5 6486//5 5876//5
f 6504//6 6505//6 6487//6 6485//6
f 5876//5 6486//5 6488//5 5877//5
f 6505//6 6506//6 6489//6 6487//6
f 5877//5 6488//5 6490//5 5878//5
f 6506//6 6507//6 6491//6 6489//6
f 5878//5 6490//5 6492//5 5879//5
f 6507//6 6508//6 6493//6 6491//6
f 5879//5 6492//5 6494//5 5880//5
f 6508//6 6509//6 6495//6 6493//6
f 5880//5 6494//5 6496//5 5881//5
f 6509//6 6510//6 6497//6 6495//6
f 5881//5 6496//5 6498//5 5882//5
f 6510//6 6511//6 6499//6 6497//6
f 5882//5 6498//5 5868//5 5872//5
f 6511//6 6512//6 6500//6 6499//6
f 5873//2 5869//2 6501//2 6513//2
f 6512//6 6513//6 6501//6 6500//6
f 5874//1 6514//1 6502//1 5870//1
f 5883//2 5873//2 6513//2 6515//2
f 5886//1 6516//1 6517//1 5887//1
f 5886//3 5888//3 6518//3 6516//3
f 5887//4 6517//4 6519//4 5889//4
f 6516//6 6518//6 6519//6 6517//6
f 5888//3 5890//3 6520//3 6518//3
f 5889//4 6519//4 6521//4 5891//4
f 5890//3 5892//3 6522//3 6520//3
f 5891//4 6521//4 6523//4 5893//4
f 5892//3 5894//3 6524//3 6522//3
f 5893//4 6523//4 6514//4 5874//4
f 5894//3 5895//3 6525//3 6524//3
f 5895//3 5896//3 6526//3 6525//3
f 5896//3 5912//3 6527//3 6526//3
f 5912//3 5914//3 6528//3 6527//3
f 5914//3 5916//3 6529//3 6528//3
f 5916//3 5918//3 6530//3 6529//3
f 5918//3 5920//3 6531//3 6530//3
f 5920//3 5922//3 6532//3 6531//3
f 5922//3 5898//3 6533//3 6532//3
f 5898//3 5897//3 6534//3 6533//3
f 5897//3 5899//3 6535//3 6534//3
f 5899//3 5900//3 6536//3 6535//3
f 5883//4 6515//4 6537//4 5901//4
f 5900//3 5902//3 6538//3 6536//3
f 5901//4 6537//4 6539//4 5903//4
f 5902//3 5904//3 6540//3 6538//3
f 5903//4 6539//4 6541//4 5905//4
f 5906//2 5907//2 6542//2 6543//2
f 5904//3 5906//3 6543//3 6540//3
f 5905//4 6541//4 6542//4 5907//4
f 6540//6 6543//6 6542//6 6541//6
f 6624//1 6625//1 6615//1 6614//1
f 6626//2 6616//2 6617//2 6627//2
f 6624//5 6614//5 6616//5 6626//5
f 6625//6 6627//6 6617//6 6615//6
f 6632//1 6633//1 6625//1 6624//1
f 6634//2 6626//2 6627//2 6635//2
f 6632//5 6624//5 6626//5 6634//5
f 6633//6 6635//6 6627//6 6625//6
f 6644//1 6645//1 6633//1 6632//1
f 6646//2 6634//2 6635//2 6647//2
f 6644//5 6632//5 6634//5 6646//5
f 6645//6 6647//6 6635//6 6633//6
f 6652//1 6653//1 6645//1 6644//1
f 6654//2 6646//2 6647//2 6655//2
f 6652//5 6644//5 6646//5 6654//5
f 6653//6 6655//6 6647//6 6645//6
f 6666//1 6667//1 6653//1 6652//1
f 6668//2 6654//2 6655//2 6669//2
f 6666//5 6652//5 6654//5 6668//5
f 6667//6 6669//6 6655//6 6653//6
f 6670//1 6671//1 6667//1 6666//1
f 6672//2 6668//2 6669//2 6673//2
f 6670//5 6666//5 6668//5 6672//5
f 6671//6 6673//6 6669//6 6667//6
f 6031//1 6685//1 6671//1 6670//1
f 6686//2 6672//2 6673//2 6687//2
f 6031//5 6670//5 6672//5 6686//5
f 6685//6 6687//6 6673//6 6671//6
f 6032//1 6693//1 6685//1 6031//1
f 6057//2 6686//2 6687//2 6694//2
f 6032//5 6031//5 6686//5 6057//5
f 6693//6 6694//6 6687//6 6685//6
f 6058//2 6057//2 6694//2 6703//2
f 6702//6 6703//6 6694//6 6693//6
f 6082//2 6058//2 6703//2 6713//2
f 6714//6 6713//6 6703//6 6702//6
f 6096//2 6082//2 6713//2 6733//2
f 6732//6 6733//6 6713//6 6714//6
f 6110//2 6096//2 6733//2 6752//2
f 6751//6 6752//6 6733//6 6732//6
f 6137//1 6768//1 6751//1 6111//1
f 6769//2 6110//2 6752//2 6770//2
f 6137//5 6111//5 6110//5 6769//5
f 6768//6 6770//6 6752//6 6751//6
f 6154//1 6788//1 6768//1 6137//1
f 6789//2 6769//2 6770//2 6790//2
f 6154//5 6137//5 6769//5 6789//5
f 6788//6 6790//6 6770//6 6768//6
f 6805//1 6806//1 6788//1 6154//1
f 6807//2 6789//2 6790//2 6808//2
f 6805//5 6154//5 6789//5 6807//5
f 6806//6 6808//6 6790//6 6788//6
f 6823//1 6824//1 6806//1 6805//1
f 6825//2 6807//2 6808//2 6826//2
f 6823//5 6805//5 6807//5 6825//5
f 6824//6 6826//6 6808//6 6806//6
f 6838//1 6839//1 6824//1 6823//1
f 6840//2 6825//2 6826//2 6841//2
f 6838//5 6823//5 6825//5 6840//5
f 6839//6 6841//6 6826//6 6824//6
f 6846//6 6847//6 6833//6 6831//6
f 6852//1 6853//1 6839//1 6838//1
f 6854//2 6840//2 6841//2 6855//2
f 6852//5 6838//5 6840//5 6854//5
f 6853//6 6855//6 6841//6 6839//6
f 6861//6 6862//6 6848//6 6847//6
f 6866//1 6867//1 6853//1 6852//1
f 6868//2 6854//2 6855//2 6869//2
f 6866//5 6852//5 6854//5 6868//5
f 6867//6 6869//6 6855//6 6853//6
f 6876//6 6877//6 6863//6 6862//6
f 6880//1 6881//1 6867//1 6866//1
f 6882//2 6868//2 6869//2 6883//2
f 6880//5 6866//5 6868//5 6882//5
f 6881//6 6883//6 6869//6 6867//6
f 6890//6 6891//6 6879//6 6877//6
f 6215//2 6207//2 6878//2 6892//2
f 6891//6 6892//6 6878//6 6879//6
f 6893//1 6894//1 6881//1 6880//1
f 6895//2 6882//2 6883//2 6896//2
f 6893//5 6880//5 6882//5 6895//5
f 6894//6 6896//6 6883//6 6881//6
f 6229//3 6222//3 6905//3 6904//3
f 6904//6 6905//6 6892//6 6891//6
f 6221//2 6216//2 6906//2 6907//2
f 6215//4 6892//4 6906//4 6216//4
f 6905//6 6907//6 6906//6 6892//6
f 6908//1 6909//1 6894//1 6893//1
f 6910//2 6895//2 6896//2 6911//2
f 6908//5 6893//5 6895//5 6910//5
f 6909//6 6911//6 6896//6 6894//6
f 6231//1 6918//1 6905//1 6222//1
f 6231//5 6222//5 6221//5 6919//5
f 6918//6 6920//6 6907//6 6905//6
f 6921//2 6922//2 6923//2 6924//2
f 6221//4 6907//4 6923//4 6922//4
f 6919//5 6221//5 6922//5 6921//5
f 6920//6 6924//6 6923//6 6907//6
f 6925//1 6926//1 6909//1 6908//1
f 6927//2 6910//2 6911//2 6928//2
f 6925//5 6908//5 6910//5 6927//5
f 6926//6 6928//6 6911//6 6909//6
f 6245//1 6929//1 6918//1 6231//1
f 6245//3 6930//3 6931//3 6929//3
f 6245//5 6231//5 6919//5 6930//5
f 6929//6 6931//6 6920//6 6918//6
f 6932//2 6921//2 6924//2 6933//2
f 6930//3 6932//3 6933//3 6931//3
f 6930//5 6919//5 6921//5 6932//5
f 6931//6 6933//6 6924//6 6920//6
f 6934//1 6935//1 6926//1 6925//1
f 6936//2 6927//2 6928//2 6937//2
f 6934//5 6925//5 6927//5 6936//5
f 6935//6 6937//6 6928//6 6926//6
f 6938//1 6939//1 6935//1 6934//1
f 6940//2 6936//2 6937//2 6941//2
f 6938//5 6934//5 6936//5 6940//5
f 6939//6 6941//6 6937//6 6935//6
f 6942//1 6943//1 6939//1 6938//1
f 6944//2 6940//2 6941//2 6945//2
f 6942//5 6938//5 6940//5 6944//5
f 6943//6 6945//6 6941//6 6939//6
f 6946//1 6947//1 6943//1 6942//1
f 6948//2 6944//2 6945//2 6949//2
f 6946//5 6942//5 6944//5 6948//5
f 6947//6 6949//6 6945//6 6943//6
f 6950//1 6951//1 6947//1 6946//1
f 6952//2 6948//2 6949//2 6953//2
f 6950//5 6946//5 6948//5 6952//5
f 6951//6 6953//6 6949//6 6947//6
f 6954//1 6955//1 6951//1 6950//1
f 6956//2 6952//2 6953//2 6957//2
f 6954//5 6950//5 6952//5 6956//5
f 6955//6 6957//6 6953//6 6951//6
f 6958//1 6959//1 6955//1 6954//1
f 6960//2 6956//2 6957//2 6961//2
f 6958//5 6954//5 6956//5 6960//5
f 6959//6 6961//6 6957//6 6955//6
f 6962//1 6963//1 6959//1 6958//1
f 6964//2 6960//2 6961//2 6965//2
f 6962//5 6958//5 6960//5 6964//5
f 6963//6 6965//6 6961//6 6959//6
f 6966//1 6967//1 6963//1 6962//1
f 6968//2 6964//2 6965//2 6969//2
f 6966//5 6962//5 6964//5 6968//5
f 6967//6 6969//6 6965//6 6963//6
f 6970//1 6971//1 6967//1 6966//1
f 6972//2 6968//2 6969//2 6973//2
f 6970//5 6966//5 6968//5 6972//5
f 6971//6 6973//6 6969//6 6967//6
f 6974//1 6975//1 6971//1 6970//1
f 6976//2 6972//2 6973//2 6977//2
f 6974//5 6970//5 6972//5 6976//5
f 6975//6 6977//6 6973//6 6971//6
f 6978//1 6979//1 6975//1 6974//1
f 6980//2 6976//2 6977//2 6981//2
f 6978//5 6974//5 6976//5 6980//5
f 6979//6 6981//6 6977//6 6975//6
f 6986//1 6987//1 6979//1 6978//1
f 6988//2 6980//2 6981//2 6989//2
f 6986//5 6978//5 6980//5 6988//5
f 6987//6 6989//6 6981//6 6979//6
f 6994//1 6995//1 6987//1 6986//1
f 6996//2 6988//2 6989//2 6997//2
f 6994//5 6986//5 6988//5 6996//5
f 6995//6 6997//6 6989//6 6987//6
f 7003//1 7004//1 6995//1 6994//1
f 7005//2 6996//2 6997//2 7006//2
f 7003//5 6994//5 6996//5 7005//5
f 7004//6 7006//6 6997//6 6995//6
f 7013//1 7014//1 7004//1 7003//1
f 7015//2 7005//2 7006//2 7016//2
f 7013//5 7003//5 7005//5 7015//5
f 7014//6 7016//6 7006//6 7004//6
f 7022//1 7023//1 7014//1 7013//1
f 7024//2 7015//2 7016//2 7025//2
f 7022//3 7024//3 7025//3 7023//3
f 7022//5 7013//5 7015//5 7024//5
f 7023//6 7025//6 7016//6 7014//6
f 6309//1 7026//1 7027//1 6310//1
f 6310//4 7027//4 7028//4 6311//4
f 6311//4 7028//4 7029//4 6312//4
f 6312//4 7029//4 7030//4 6305//4
f 6305//4 7030//4 7017//4 6306//4
f 6313//2 6307//2 7031//2 7032//2
f 6308//4 7021//4 7031//4 6307//4
f 6314//1 7033//1 7026//1 6309//1
f 6315//2 6313//2 7032//2 7034//2
f 6316//1 7035//1 7033//1 6314//1
f 6317//2 6315//2 7034//2 7036//2
f 6318//1 7037//1 7035//1 6316//1
f 6319//2 6317//2 7036//2 7038//2
f 6320//1 7039//1 7037//1 6318//1
f 6320//3 6321//3 7040//3 7039//3
f 6321//3 6322//3 7041//3 7040//3
f 6322//3 6323//3 7042//3 7041//3
f 6323//3 6324//3 7043//3 7042//3
f 6324//3 6325//3 7044//3 7043//3
f 6325//3 6326//3 7045//3 7044//3
f 6326//3 6327//3 7046//3 7045//3
f 6327//3 6328//3 7047//3 7046//3
f 6329//2 6319//2 7038//2 7048//2
f 6328//3 6329//3 7048//3 7047//3
f 6518//1 7161//1 7162//1 6519//1
f 6518//3 6520//3 7163//3 7161//3
f 6519//4 7162//4 7164//4 6521//4
f 7161//6 7163//6 7164//6 7162//6
f 6520//3 6522//3 7165//3 7163//3
f 6521//4 7164//4 7166//4 6523//4
f 6522//3 6524//3 7167//3 7165//3
f 6523//4 7166//4 7137//4 6514//4
f 6524//3 6525//3 7168//3 7167//3
f 6525//3 6526//3 7169//3 7168//3
f 6526//3 6527//3 7170//3 7169//3
f 6527//3 6528//3 7171//3 7170//3
f 6528//3 6529//3 7172//3 7171//3
f 6529//3 6530//3 7173//3 7172//3
f 6530//3 6531//3 7174//3 7173//3
f 6531//3 6532//3 7175//3 7174//3
f 6532//3 6533//3 7176//3 7175//3
f 6533//3 6534//3 7177//3 7176//3
f 6534//3 6535//3 7178//3 7177//3
f 6535//3 6536//3 7179//3 7178//3
f 6515//4 7160//4 7180//4 6537//4
f 6536//3 6538//3 7181//3 7179//3
f 6537//4 7180//4 7182//4 6539//4
f 6540//2 6541//2 7183//2 7184//2
f 6538//3 6540//3 7184//3 7181//3
f 6539//4 7182//4 7183//4 6541//4
f 7181//6 7184//6 7183//6 7182//6
f 7287//1 7288//1 7289//1 7290//1
f 7290//4 7289//4 7291//4 7292//4
f 7287//5 7290//5 7292//5 7293//5
f 7288//6 7294//6 7291//6 7289//6
f 7295//2 7296//2 7297//2 7298//2
f 7292//4 7291//4 7297//4 7296//4
f 7293//5 7292//5 7296//5 7295//5
f 7294//6 7298//6 7297//6 7291//6
f 7308//1 7309//1 7288//1 7287//1
f 7308//3 7310//3 7311//3 7309//3
f 7308//5 7287//5 7293//5 7310//5
f 7309//6 7311//6 7294//6 7288//6
f 7312//2 7295//2 7298//2 7313//2
f 7310//5 7293//5 7295//5 7312//5
f 7311//6 7313//6 7298//6 7294//6
f 7317//1 7318//1 7311//1 7310//1
f 7317//3 7319//3 7320//3 7318//3
f 7317//5 7310//5 7312//5 7319//5
f 7318//6 7320//6 7313//6 7311//6
f 6739//2 6740//2 7321//2 7322//2
f 7312//4 7313//4 7321//4 6740//4
f 7319//5 7312//5 6740//5 6739//5
f 7320//6 7322//6 7321//6 7313//6
f 6778//1 7325//1 7320//1 7319//1
f 6778//3 6758//3 7326//3 7325//3
f 6778//5 7319//5 6739//5 6758//5
f 7325//6 7326//6 7322//6 7320//6
f 6759//2 6741//2 7327//2 7328//2
f 6739//4 7322//4 7327//4 6741//4
f 7326//6 7328//6 7327//6 7322//6
f 6779//1 7329//1 7326//1 6758//1
f 6779//3 6798//3 7330//3 7329//3
f 7329//6 7330//6 7328//6 7326//6
f 6780//2 6760//2 7331//2 7332//2
f 6759//4 7328//4 7331//4 6760//4
f 7330//6 7332//6 7331//6 7328//6
f 6797//1 7333//1 7330//1 6798//1
f 6797//3 6817//3 7334//3 7333//3
f 7333//6 7334//6 7332//6 7330//6
f 6799//2 6781//2 7335//2 7336//2
f 6780//4 7332//4 7335//4 6781//4
f 7334//6 7336//6 7335//6 7332//6
f 6816//1 7337//1 7334//1 6817//1
f 6816//3 6832//3 7338//3 7337//3
f 7337//6 7338//6 7336//6 7334//6
f 6818//2 6800//2 7339//2 7340//2
f 6799//4 7336//4 7339//4 6800//4
f 7338//6 7340//6 7339//6 7336//6
f 6831//1 7341//1 7338//1 6832//1
f 6833//2 6818//2 7340//2 7342//2
f 6831//3 6833//3 7342//3 7341//3
f 6847//1 7343//1 7342//1 6833//1
f 6848//2 6834//2 7344//2 7345//2
f 6847//3 6848//3 7345//3 7343//3
f 6833//4 7342//4 7344//4 6834//4
f 7343//6 7345//6 7344//6 7342//6
f 6862//1 7346//1 7345//1 6848//1
f 6863//2 6849//2 7347//2 7348//2
f 6862//3 6863//3 7348//3 7346//3
f 6848//4 7345//4 7347//4 6849//4
f 7346//6 7348//6 7347//6 7345//6
f 6877//1 7349//1 7348//1 6863//1
f 6879//2 6864//2 7350//2 7351//2
f 6877//3 6879//3 7351//3 7349//3
f 6863//4 7348//4 7350//4 6864//4
f 7349//6 7351//6 7350//6 7348//6
f 7026//1 7352//1 7353//1 7027//1
f 7027//4 7353//4 7354//4 7028//4
f 7028//4 7354//4 7355//4 7029//4
f 7029//4 7355//4 7356//4 7030//4
f 7030//4 7356//4 7357//4 7017//4
f 7017//4 7357//4 7358//4 7018//4
f 7018//4 7358//4 7359//4 7019//4
f 7019//4 7359//4 7360//4 7020//4
f 7020//4 7360//4 7361//4 7021//4
f 7032//2 7031//2 7362//2 7363//2
f 7021//4 7361//4 7362//4 7031//4
f 7033//1 7364//1 7352//1 7026//1
f 7034//2 7032//2 7363//2 7365//2
f 7035//1 7366//1 7364//1 7033//1
f 7036//2 7034//2 7365//2 7367//2
f 7037//1 7368//1 7366//1 7035//1
f 7038//2 7036//2 7367//2 7369//2
f 7039//1 7370//1 7368//1 7037//1
f 7039//3 7040//3 7371//3 7370//3
f 7040//3 7041//3 7372//3 7371//3
f 7041//3 7042//3 7373//3 7372//3
f 7042//3 7043//3 7374//3 7373//3
f 7043//3 7044//3 7375//3 7374//3
f 7044//3 7045//3 7376//3 7375//3
f 7045//3 7046//3 7377//3 7376//3
f 7046//3 7047//3 7378//3 7377//3
f 7048//2 7038//2 7369//2 7379//2
f 7047//3 7048//3 7379//3 7378//3
f 7163//1 7464//1 7465//1 7164//1
f 7163//3 7165//3 7466//3 7464//3
f 7164//4 7465//4 7467//4 7166//4
f 7464//6 7466//6 7467//6 7465//6
f 7165//3 7167//3 7468//3 7466//3
f 7166//4 7467//4 7469//4 7137//4
f 7466//6 7468//6 7469//6 7467//6
f 7167//3 7168//3 7470//3 7468//3
f 7137//4 7469//4 7471//4 7140//4
f 7168//3 7169//3 7472//3 7470//3
f 7140//4 7471//4 7473//4 7142//4
f 7169//3 7170//3 7474//3 7472//3
f 7142//4 7473//4 7475//4 7144//4
f 7170//3 7171//3 7476//3 7474//3
f 7144//4 7475//4 7477//4 7146//4
f 7171//3 7172//3 7478//3 7476//3
f 7146//4 7477//4 7479//4 7148//4
f 7172//3 7173//3 7480//3 7478//3
f 7148//4 7479//4 7481//4 7150//4
f 7173//3 7174//3 7482//3 7480//3
f 7150//4 7481//4 7483//4 7152//4
f 7174//3 7175//3 7484//3 7482//3
f 7152//4 7483//4 7485//4 7154//4
f 7175//3 7176//3 7486//3 7484//3
f 7154//4 7485//4 7487//4 7156//4
f 7176//3 7177//3 7488//3 7486//3
f 7156//4 7487//4 7489//4 7158//4
f 7177//3 7178//3 7490//3 7488//3
f 7158//4 7489//4 7491//4 7160//4
f 7178//3 7179//3 7492//3 7490//3
f 7160//4 7491//4 7493//4 7180//4
f 7490//6 7492//6 7493//6 7491//6
f 7181//2 7182//2 7494//2 7495//2
f 7179//3 7181//3 7495//3 7492//3
f 7180//4 7493//4 7494//4 7182//4
f 7492//6 7495//6 7494//6 7493//6
f 7352//1 7603//1 7604//1 7353//1
f 7353//4 7604//4 7605//4 7354//4
f 7354//4 7605//4 7606//4 7355//4
f 7355//4 7606//4 7607//4 7356//4
f 7356//4 7607//4 7608//4 7357//4
f 7357//4 7608//4 7609//4 7358//4
f 7358//4 7609//4 7610//4 7359//4
f 7359//4 7610//4 7611//4 7360//4
f 7360//4 7611//4 7612//4 7361//4
f 7363//2 7362//2 7613//2 7614//2
f 7361//4 7612//4 7613//4 7362//4
f 7364//1 7615//1 7603//1 7352//1
f 7365//2 7363//2 7614//2 7616//2
f 7366//1 7617//1 7615//1 7364//1
f 7367//2 7365//2 7616//2 7618//2
f 7368//1 7619//1 7617//1 7366//1
f 7369//2 7367//2 7618//2 7620//2
f 7370//1 7621//1 7619//1 7368//1
f 7370//3 7371//3 7622//3 7621//3
f 7371//3 7372//3 7623//3 7622//3
f 7372//3 7373//3 7624//3 7623//3
f 7373//3 7374//3 7625//3 7624//3
f 7374//3 7375//3 7626//3 7625//3
f 7375//3 7376//3 7627//3 7626//3
f 7376//3 7377//3 7628//3 7627//3
f 7377//3 7378//3 7629//3 7628//3
f 7379//2 7369//2 7620//2 7630//2
f 7378//3 7379//3 7630//3 7629//3
f 7468//1 7715//1 7716//1 7469//1
f 7468//3 7470//3 7717//3 7715//3
f 7469//4 7716//4 7718//4 7471//4
f 7715//6 7717//6 7718//6 7716//6
f 7470//3 7472//3 7719//3 7717//3
f 7471//4 7718//4 7720//4 7473//4
f 7717//6 7719//6 7720//6 7718//6
f 7472//3 7474//3 7721//3 7719//3
f 7473//4 7720//4 7722//4 7475//4
f 7719//6 7721//6 7722//6 7720//6
f 7474//3 7476//3 7723//3 7721//3
f 7475//4 7722//4 7724//4 7477//4
f 7721//6 7723//6 7724//6 7722//6
f 7476//3 7478//3 7725//3 7723//3
f 7477//4 7724//4 7726//4 7479//4
f 7723//6 7725//6 7726//6 7724//6
f 7478//3 7480//3 7727//3 7725//3
f 7479//4 7726//4 7728//4 7481//4
f 7480//3 7482//3 7729//3 7727//3
f 7481//4 7728//4 7730//4 7483//4
f 7727//6 7729//6 7730//6 7728//6
f 7482//3 7484//3 7731//3 7729//3
f 7483//4 7730//4 7732//4 7485//4
f 7729//6 7731//6 7732//6 7730//6
f 7484//3 7486//3 7733//3 7731//3
f 7485//4 7732//4 7734//4 7487//4
f 7731//6 7733//6 7734//6 7732//6
f 7486//3 7488//3 7735//3 7733//3
f 7487//4 7734//4 7736//4 7489//4
f 7733//6 7735//6 7736//6 7734//6
f 7490//2 7491//2 7737//2 7738//2
f 7488//3 7490//3 7738//3 7735//3
f 7489//4 7736//4 7737//4 7491//4
f 7735//6 7738//6 7737//6 7736//6
f 7603//1 7771//1 7772//1 7604//1
f 7604//4 7772//4 7773//4 7605//4
f 7771//6 7774//6 7773//6 7772//6
f 7605//4 7773//4 7775//4 7606//4
f 7774//6 7776//6 7775//6 7773//6
f 7606//4 7775//4 7777//4 7607//4
f 7776//6 7778//6 7777//6 7775//6
f 7607//4 7777//4 7779//4 7608//4
f 7778//6 7780//6 7779//6 7777//6
f 7608//4 7779//4 7781//4 7609//4
f 7780//6 7782//6 7781//6 7779//6
f 7609//4 7781//4 7783//4 7610//4
f 7782//6 7784//6 7783//6 7781//6
f 7610//4 7783//4 7785//4 7611//4
f 7784//6 7786//6 7785//6 7783//6
f 7611//4 7785//4 7787//4 7612//4
f 7786//6 7788//6 7787//6 7785//6
f 7614//2 7613//2 7789//2 7790//2
f 7612//4 7787//4 7789//4 7613//4
f 7788//6 7790//6 7789//6 7787//6
f 7615//1 7791//1 7771//1 7603//1
f 7791//6 7792//6 7774//6 7771//6
f 7792//6 7793//6 7776//6 7774//6
f 7793//6 7794//6 7778//6 7776//6
f 7794//6 7795//6 7780//6 7778//6
f 7795//6 7796//6 7782//6 7780//6
f 7796//6 7797//6 7784//6 7782//6
f 7797//6 7798//6 7786//6 7784//6
f 7798//6 7799//6 7788//6 7786//6
f 7616//2 7614//2 7790//2 7800//2
f 7799//6 7800//6 7790//6 7788//6
f 7617//1 7801//1 7791//1 7615//1
f 7801//6 7802//6 7792//6 7791//6
f 7802//6 7803//6 7793//6 7792//6
f 7803//6 7804//6 7794//6 7793//6
f 7804//6 7805//6 7795//6 7794//6
f 7805//6 7806//6 7796//6 7795//6
f 7806//6 7807//6 7797//6 7796//6
f 7807//6 7808//6 7798//6 7797//6
f 7808//6 7809//6 7799//6 7798//6
f 7618//2 7616//2 7800//2 7810//2
f 7809//6 7810//6 7800//6 7799//6
f 7619//1 7811//1 7801//1 7617//1
f 7811//6 7812//6 7802//6 7801//6
f 7812//6 7813//6 7803//6 7802//6
f 7813//6 7814//6 7804//6 7803//6
f 7814//6 7815//6 7805//6 7804//6
f 7815//6 7816//6 7806//6 7805//6
f 7816//6 7817//6 7807//6 7806//6
f 7817//6 7818//6 7808//6 7807//6
f 7818//6 7819//6 7809//6 7808//6
f 7620//2 7618//2 7810//2 7820//2
f 7819//6 7820//6 7810//6 7809//6
f 7621//1 7821//1 7811//1 7619//1
f 7621//3 7622//3 7822//3 7821//3
f 7821//6 7822//6 7812//6 7811//6
f 7622//3 7623//3 7823//3 7822//3
f 7822//6 7823//6 7813//6 7812//6
f 7623//3 7624//3 7824//3 7823//3
f 7823//6 7824//6 7814//6 7813//6
f 7624//3 7625//3 7825//3 7824//3
f 7824//6 7825//6 7815//6 7814//6
f 7625//3 7626//3 7826//3 7825//3
f 7825//6 7826//6 7816//6 7815//6
f 7626//3 7627//3 7827//3 7826//3
f 7826//6 7827//6 7817//6 7816//6
f 7627//3 7628//3 7828//3 7827//3
f 7827//6 7828//6 7818//6 7817//6
f 7628//3 7629//3 7829//3 7828//3
f 7828//6 7829//6 7819//6 7818//6
f 7630//2 7620//2 7820//2 7830//2
f 7629//3 7630//3 7830//3 7829//3
f 7829//6 7830//6 7820//6 7819//6
f 7725//1 7911//1 7912//1 7726//1
f 7727//2 7728//2 7913//2 7914//2
f 7725//3 7727//3 7914//3 7911//3
f 7726//4 7912//4 7913//4 7728//4
f 7911//6 7914//6 7913//6 7912//6
g glyph_42
f 5942//1 5943//1 5944//1 5945//1
f 5946//2 5947//2 5948//2 5949//2
f 5945//4 5944//4 5948//4 5947//4
f 5942//5 5945//5 5947//5 5946//5
f 5954//1 5955//1 5956//1 5957//1
f 5954//3 5958//3 5959//3 5955//3
f 5957//4 5956//4 5943//4 5942//4
f 5954//5 5957//5 5942//5 5958//5
f 5958//5 5942//5 5946//5 5960//5
f 5961//2 5962//2 5963//2 5964//2
f 5960//3 5961//3 5964//3 5965//3
f 5946//4 5949//4 5963//4 5962//4
f 5960//5 5946//5 5962//5 5961//5
f 5968//1 5969//1 5959//1 5958//1
f 5970//2 5960//2 5965//2 5971//2
f 5968//3 5970//3 5971//3 5969//3
f 5968//5 5958//5 5960//5 5970//5
f 5944//1 6564//1 6565//1 6566//1
f 5948//2 6567//2 6568//2 6569//2
f 6566//4 6565//4 6568//4 6567//4
f 5944//5 6566//5 6567//5 5948//5
f 6564//6 6569//6 6568//6 6565//6
f 5956//1 6578//1 6579//1 6580//1
f 6580//4 6579//4 6564//4 5944//4
f 5956//5 6580//5 5944//5 5943//5
f 6578//6 6581//6 6564//6 6579//6
f 5963//2 6582//2 6583//2 6584//2
f 5948//4 6569//4 6583//4 6582//4
f 5949//5 5948//5 6582//5 5963//5
f 6585//6 6584//6 6583//6 6569//6
f 5955//1 6590//1 6578//1 5956//1
f 5964//2 5963//2 6584//2 6591//2
f 6600//1 6601//1 6590//1 5955//1
f 6600//3 5969//3 6602//3 6601//3
f 6600//5 5955//5 5959//5 5969//5
f 6601//6 6602//6 6603//6 6590//6
f 6604//2 5964//2 6591//2 6605//2
f 5971//3 6604//3 6605//3 6606//3
f 5971//5 5965//5 5964//5 6604//5
f 6606//6 6605//6 6591//6 6607//6
f 6614//1 6615//1 6602//1 5969//1
f 6616//2 5971//2 6606//2 6617//2
f 6614//5 5969//5 5971//5 6616//5
f 6615//6 6617//6 6606//6 6602//6
f 6581//1 7201//1 7202//1 6564//1
f 6585//2 6569//2 7203//2 7204//2
f 6564//4 7202//4 7203//4 6569//4
f 7201//6 7204//6 7203//6 7202//6
f 6590//1 7213//1 7214//1 6578//1
f 6590//3 6603//3 7215//3 7213//3
f 6578//4 7214//4 7201//4 6581//4
f 7213//6 7215//6 7201//6 7214//6
f 7215//6 7216//6 7204//6 7201//6
f 6591//2 6584//2 7217//2 7218//2
f 6607//3 6591//3 7218//3 7216//3
f 6585//4 7204//4 7217//4 6584//4
f 7216//6 7218//6 7217//6 7204//6
f 6602//1 7227//1 7215//1 6603//1
f 6606//2 6607//2 7216//2 7228//2
f 6602//3 6606//3 7228//3 7227//3
f 7227//6 7228//6 7216//6 7215//6
g glyph_43
f 1011//1 1012//1 1013//1 1014//1
f 1015//2 1016//2 1017//2 1018//2
f 1011//3 1015//3 1018//3 1012//3
f 1014//4 1013//4 1017//4 1016//4
f 1011//5 1014//5 1016//5 1015//5
f 1633//1 1634//1 1635//1 1636//1
f 1636//4 1635//4 1637//4 1638//4
f 1633//5 1636//5 1638//5 1639//5
f 1638//4 1637//4 1640//4 1641//4
f 1639//5 1638//5 1641//5 1642//5
f 1641//4 1640//4 1643//4 1644//4
f 1642//5 1641//5 1644//5 1645//5
f 1644//4 1643//4 1646//4 1647//4
f 1645//5 1644//5 1647//5 1648//5
f 1647//4 1646//4 1649//4 1650//4
f 1648//5 1647//5 1650//5 1651//5
f 1650//4 1649//4 1652//4 1653//4
f 1651//5 1650//5 1653//5 1654//5
f 1655//2 1656//2 1657//2 1658//2
f 1653//4 1652//4 1657//4 1656//4
f 1654//5 1653//5 1656//5 1655//5
f 1195//1 1659//1 1660//1 1661//1
f 1661//4 1660//4 1634//4 1633//4
f 1195//5 1661//5 1633//5 1197//5
f 1197//5 1633//5 1639//5 1198//5
f 1198//5 1639//5 1642//5 1199//5
f 1199//5 1642//5 1645//5 1200//5
f 1200//5 1645//5 1648//5 1201//5
f 1201//5 1648//5 1651//5 1202//5
f 1202//5 1651//5 1654//5 1203//5
f 1203//5 1654//5 1655//5 1204//5
f 1205//2 1662//2 1663//2 1664//2
f 1655//4 1658//4 1663//4 1662//4
f 1204//5 1655//5 1662//5 1205//5
f 1196//1 1665//1 1659//1 1195//1
f 1208//2 1205//2 1664//2 1666//2
f 1209//1 1667//1 1668//1 1193//1
f 1193//4 1668//4 1665//4 1196//4
f 1218//2 1207//2 1669//2 1670//2
f 1208//4 1666//4 1669//4 1207//4
f 1671//1 1672//1 1673//1 1674//1
f 1674//4 1673//4 1667//4 1209//4
f 1671//5 1674//5 1209//5 1219//5
f 1675//2 1676//2 1677//2 1678//2
f 1218//4 1670//4 1677//4 1676//4
f 1228//5 1218//5 1676//5 1675//5
f 1679//1 1680//1 1672//1 1671//1
f 1679//5 1671//5 1219//5 1229//5
f 1681//2 1675//2 1678//2 1682//2
f 1238//5 1228//5 1675//5 1681//5
f 1683//1 1684//1 1680//1 1679//1
f 1683//5 1679//5 1229//5 1239//5
f 1685//2 1681//2 1682//2 1686//2
f 1248//5 1238//5 1681//5 1685//5
f 1687//1 1688//1 1684//1 1683//1
f 1687//5 1683//5 1239//5 1249//5
f 1689//2 1685//2 1686//2 1690//2
f 1256//5 1248//5 1685//5 1689//5
f 1691//1 1692//1 1688//1 1687//1
f 1691//5 1687//5 1249//5 1257//5
f 1693//2 1689//2 1690//2 1694//2
f 1264//5 1256//5 1689//5 1693//5
f 1695//1 1696//1 1692//1 1691//1
f 1695//5 1691//5 1257//5 1265//5
f 1697//2 1693//2 1694//2 1698//2
f 1274//5 1264//5 1693//5 1697//5
f 1699//1 1700//1 1696//1 1695//1
f 1699//5 1695//5 1265//5 1275//5
f 1701//2 1697//2 1698//2 1702//2
f 1284//5 1274//5 1697//5 1701//5
f 1703//1 1704//1 1700//1 1699//1
f 1703//5 1699//5 1275//5 1285//5
f 1705//2 1701//2 1702//2 1706//2
f 1294//5 1284//5 1701//5 1705//5
f 1707//1 1708//1 1704//1 1703//1
f 1707//3 1295//3 1709//3 1708//3
f 1707//5 1703//5 1285//5 1295//5
f 1710//2 1705//2 1706//2 1711//2
f 1304//3 1710//3 1711//3 1712//3
f 1304//5 1294//5 1705//5 1710//5
f 1305//1 1713//1 1709//1 1295//1
f 1305//3 1309//3 1714//3 1713//3
f 1306//2 1304//2 1712//2 1715//2
f 1320//3 1306//3 1715//3 1716//3
f 1308//1 1717//1 1714//1 1309//1
f 1318//2 1320//2 1716//2 1718//2
f 1719//1 1720//1 1717//1 1308//1
f 1719//3 1721//3 1722//3 1720//3
f 1719//5 1308//5 1310//5 1721//5
f 1721//5 1310//5 1311//5 1723//5
f 1723//5 1311//5 1312//5 1724//5
f 1724//5 1312//5 1313//5 1725//5
f 1725//5 1313//5 1314//5 1726//5
f 1726//5 1314//5 1315//5 1727//5
f 1727//5 1315//5 1316//5 1728//5
f 1728//5 1316//5 1317//5 1729//5
f 1730//2 1318//2 1718//2 1731//2
f 1729//3 1730//3 1731//3 1732//3
f 1729//5 1317//5 1318//5 1730//5
f 1733//1 1734//1 1722//1 1721//1
f 1733//3 1735//3 1736//3 1734//3
f 1733//5 1721//5 1723//5 1735//5
f 1735//3 1737//3 1738//3 1736//3
f 1735//5 1723//5 1724//5 1737//5
f 1737//3 1739//3 1740//3 1738//3
f 1737//5 1724//5 1725//5 1739//5
f 1739//3 1741//3 1742//3 1740//3
f 1739//5 1725//5 1726//5 1741//5
f 1741//3 1743//3 1744//3 1742//3
f 1741//5 1726//5 1727//5 1743//5
f 1743//3 1745//3 1746//3 1744//3
f 1743//5 1727//5 1728//5 1745//5
f 1747//2 1729//2 1732//2 1748//2
f 1745//3 1747//3 1748//3 1746//3
f 1745//5 1728//5 1729//5 1747//5
f 2179//1 2180//1 2181//1 2182//1
f 2182//4 2181//4 2183//4 2184//4
f 2179//5 2182//5 2184//5 2185//5
f 2184//4 2183//4 2186//4 2187//4
f 2185//5 2184//5 2187//5 2188//5
f 2187//4 2186//4 2189//4 2190//4
f 2188//5 2187//5 2190//5 2191//5
f 2190//4 2189//4 2192//4 2193//4
f 2191//5 2190//5 2193//5 2194//5
f 2195//2 2196//2 2197//2 2198//2
f 2193//4 2192//4 2197//4 2196//4
f 2194//5 2193//5 2196//5 2195//5
f 1635//1 2199//1 2200//1 2201//1
f 2201//4 2200//4 2180//4 2179//4
f 1635//5 2201//5 2179//5 1637//5
f 1637//5 2179//5 2185//5 1640//5
f 1640//5 2185//5 2188//5 1643//5
f 1643//5 2188//5 2191//5 1646//5
f 1646//5 2191//5 2194//5 1649//5
f 1649//5 2194//5 2195//5 1652//5
f 1657//2 2202//2 2203//2 2204//2
f 2195//4 2198//4 2203//4 2202//4
f 1652//5 2195//5 2202//5 1657//5
f 1660//1 2205//1 2206//1 2207//1
f 2207//4 2206//4 2199//4 1635//4
f 1660//5 2207//5 1635//5 1634//5
f 1663//2 2208//2 2209//2 2210//2
f 1657//4 2204//4 2209//4 2208//4
f 1658//5 1657//5 2208//5 1663//5
f 2211//1 2212//1 2213//1 2214//1
f 2214//4 2213//4 2205//4 1660//4
f 2211//5 2214//5 1660//5 1659//5
f 2215//2 2216//2 2217//2 2218//2
f 1663//4 2210//4 2217//4 2216//4
f 1664//5 1663//5 2216//5 2215//5
f 2219//1 2220//1 2221//1 2222//1
f 2222//4 2221//4 2212//4 2211//4
f 2219//5 2222//5 2211//5 1668//5
f 1668//5 2211//5 1659//5 1665//5
f 1666//5 1664//5 2215//5 1669//5
f 2223//2 2224//2 2225//2 2226//2
f 2215//4 2218//4 2225//4 2224//4
f 1669//5 2215//5 2224//5 2223//5
f 1673//1 2227//1 2220//1 2219//1
f 1673//5 2219//5 1668//5 1667//5
f 1677//2 2223//2 2226//2 2228//2
f 1670//5 1669//5 2223//5 1677//5
f 2229//1 2230//1 2231//1 2232//1
f 2232//4 2231//4 2227//4 1673//4
f 2229//5 2232//5 1673//5 1672//5
f 2233//2 2234//2 2235//2 2236//2
f 1677//4 2228//4 2235//4 2234//4
f 1678//5 1677//5 2234//5 2233//5
f 2237//1 2238//1 2230//1 2229//1
f 2237//5 2229//5 1672//5 1680//5
f 2239//2 2233//2 2236//2 2240//2
f 1682//5 1678//5 2233//5 2239//5
f 2241//1 2242//1 2238//1 2237//1
f 2241//5 2237//5 1680//5 1684//5
f 2243//2 2239//2 2240//2 2244//2
f 1686//5 1682//5 2239//5 2243//5
f 2245//1 2246//1 2242//1 2241//1
f 2245//5 2241//5 1684//5 1688//5
f 2247//2 2243//2 2244//2 2248//2
f 1690//5 1686//5 2243//5 2247//5
f 2249//1 2250//1 2246//1 2245//1
f 2249//5 2245//5 1688//5 1692//5
f 2251//2 2247//2 2248//2 2252//2
f 1694//5 1690//5 2247//5 2251//5
f 2253//1 2254//1 2250//1 2249//1
f 2253//5 2249//5 1692//5 1696//5
f 2255//2 2251//2 2252//2 2256//2
f 1698//5 1694//5 2251//5 2255//5
f 2257//1 2258//1 2254//1 2253//1
f 2257//5 2253//5 1696//5 1700//5
f 2259//2 2255//2 2256//2 2260//2
f 1702//5 1698//5 2255//5 2259//5
f 2261//1 2262//1 2258//1 2257//1
f 2261//5 2257//5 1700//5 1704//5
f 2263//2 2259//2 2260//2 2264//2
f 1706//5 1702//5 2259//5 2263//5
f 2265//1 2266//1 2262//1 2261//1
f 2265//3 1708//3 2267//3 2266//3
f 2265//5 2261//5 1704//5 1708//5
f 2268//2 2263//2 2264//2 2269//2
f 1711//3 2268//3 2269//3 2270//3
f 1711//5 1706//5 2263//5 2268//5
f 2271//1 2272//1 2267//1 1708//1
f 2271//5 1708//5 1709//5 1713//5
f 2273//2 1711//2 2270//2 2274//2
f 1715//5 1712//5 1711//5 2273//5
f 2275//1 2276//1 2272//1 2271//1
f 2275//3 2277//3 2278//3 2276//3
f 2275//5 2271//5 1713//5 2277//5
f 2277//5 1713//5 1714//5 1717//5
f 1718//5 1716//5 1715//5 2279//5
f 2280//2 2273//2 2274//2 2281//2
f 2279//3 2280//3 2281//3 2282//3
f 2279//5 1715//5 2273//5 2280//5
f 2283//1 2284//1 2278//1 2277//1
f 2283//3 1720//3 2285//3 2284//3
f 2283//5 2277//5 1717//5 1720//5
f 2286//2 2279//2 2282//2 2287//2
f 1731//5 1718//5 2279//5 2286//5
f 2288//1 2289//1 2285//1 1720//1
f 2288//3 1734//3 2290//3 2289//3
f 2288//5 1720//5 1722//5 1734//5
f 1748//5 1732//5 1731//5 2291//5
f 2294//1 2295//1 2290//1 1734//1
f 2294//3 2296//3 2297//3 2295//3
f 2294//5 1734//5 1736//5 2296//5
f 2296//5 1736//5 1738//5 2298//5
f 2298//5 1738//5 1740//5 2299//5
f 2299//5 1740//5 1742//5 2300//5
f 2300//5 1742//5 1744//5 2301//5
f 2301//5 1744//5 1746//5 2302//5
f 2302//5 1746//5 1748//5 2303//5
f 2307//1 2308//1 2297//1 2296//1
f 2307//3 2309//3 2310//3 2308//3
f 2307//5 2296//5 2298//5 2309//5
f 2309//3 2311//3 2312//3 2310//3
f 2309//5 2298//5 2299//5 2311//5
f 2311//3 2313//3 2314//3 2312//3
f 2311//5 2299//5 2300//5 2313//5
f 2313//3 2315//3 2316//3 2314//3
f 2313//5 2300//5 2301//5 2315//5
f 2315//3 2317//3 2318//3 2316//3
f 2315//5 2301//5 2302//5 2317//5
f 2200//1 2653//1 2650//1 2649//1
f 2200//5 2649//5 2181//5 2180//5
f 2203//2 2651//2 2652//2 2654//2
f 2198//5 2197//5 2651//5 2203//5
f 2655//1 2656//1 2657//1 2658//1
f 2658//4 2657//4 2659//4 2660//4
f 2655//5 2658//5 2660//5 2206//5
f 2660//4 2659//4 2653//4 2200//4
f 2206//5 2660//5 2200//5 2199//5
f 2203//4 2654//4 2661//4 2662//4
f 2204//5 2203//5 2662//5 2209//5
f 2663//2 2664//2 2665//2 2666//2
f 2662//4 2661//4 2665//4 2664//4
f 2209//5 2662//5 2664//5 2663//5
f 2667//1 2668//1 2669//1 2670//1
f 2670//4 2669//4 2656//4 2655//4
f 2667//5 2670//5 2655//5 2213//5
f 2213//5 2655//5 2206//5 2205//5
f 2210//5 2209//5 2663//5 2217//5
f 2671//2 2672//2 2673//2 2674//2
f 2663//4 2666//4 2673//4 2672//4
f 2217//5 2663//5 2672//5 2671//5
f 2675//1 2676//1 2677//1 2678//1
f 2678//4 2677//4 2679//4 2680//4
f 2675//5 2678//5 2680//5 2681//5
f 2680//4 2679//4 2682//4 2683//4
f 2681//5 2680//5 2683//5 2684//5
f 2685//2 2686//2 2687//2 2688//2
f 2683//4 2682//4 2687//4 2686//4
f 2684//5 2683//5 2686//5 2685//5
f 2221//1 2689//1 2668//1 2667//1
f 2221//5 2667//5 2213//5 2212//5
f 2225//2 2671//2 2674//2 2690//2
f 2218//5 2217//5 2671//5 2225//5
f 2691//1 2692//1 2693//1 2694//1
f 2694//4 2693//4 2695//4 2696//4
f 2691//5 2694//5 2696//5 2697//5
f 2696//4 2695//4 2698//4 2699//4
f 2697//5 2696//5 2699//5 2700//5
f 2701//2 2702//2 2703//2 2704//2
f 2699//4 2698//4 2703//4 2702//4
f 2700//5 2699//5 2702//5 2701//5
f 2705//1 2706//1 2676//1 2675//1
f 2705//5 2675//5 2681//5 2707//5
f 2707//5 2681//5 2684//5 2708//5
f 2708//5 2684//5 2685//5 2709//5
f 2685//4 2688//4 2689//4 2221//4
f 2709//5 2685//5 2221//5 2220//5
f 2225//4 2690//4 2692//4 2691//4
f 2226//5 2225//5 2691//5 2710//5
f 2710//5 2691//5 2697//5 2711//5
f 2711//5 2697//5 2700//5 2712//5
f 2713//2 2701//2 2704//2 2714//2
f 2712//5 2700//5 2701//5 2713//5
f 2715//1 2716//1 2706//1 2705//1
f 2715//3 2717//3 2718//3 2716//3
f 2715//5 2705//5 2707//5 2717//5
f 2717//3 2719//3 2720//3 2718//3
f 2717//5 2707//5 2708//5 2719//5
f 2719//3 2231//3 2721//3 2720//3
f 2719//5 2708//5 2709//5 2231//5
f 2231//5 2709//5 2220//5 2227//5
f 2228//5 2226//5 2710//5 2235//5
f 2235//3 2722//3 2723//3 2724//3
f 2235//5 2710//5 2711//5 2722//5
f 2722//3 2725//3 2726//3 2723//3
f 2722//5 2711//5 2712//5 2725//5
f 2725//5 2712//5 2713//5 2727//5
f 2728//2 2729//2 2730//2 2731//2
f 2713//4 2714//4 2730//4 2729//4
f 2727//5 2713//5 2729//5 2728//5
f 2230//1 2732//1 2721//1 2231//1
f 2236//2 2235//2 2724//2 2733//2
f 2734//1 2735//1 2726//1 2725//1
f 2734//3 2736//3 2737//3 2735//3
f 2734//5 2725//5 2727//5 2736//5
f 2738//2 2728//2 2731//2 2739//2
f 2736//5 2727//5 2728//5 2738//5
f 2740//1 2741//1 2742//1 2743//1
f 2743//4 2742//4 2732//4 2230//4
f 2740//5 2743//5 2230//5 2238//5
f 2744//2 2745//2 2746//2 2747//2
f 2236//4 2733//4 2746//4 2745//4
f 2240//5 2236//5 2745//5 2744//5
f 2748//1 2749//1 2737//1 2736//1
f 2748//3 2750//3 2751//3 2749//3
f 2748//5 2736//5 2738//5 2750//5
f 2752//2 2753//2 2754//2 2755//2
f 2750//3 2752//3 2755//3 2751//3
f 2738//4 2739//4 2754//4 2753//4
f 2750//5 2738//5 2753//5 2752//5
f 2756//1 2757//1 2741//1 2740//1
f 2756//5 2740//5 2238//5 2242//5
f 2758//2 2744//2 2747//2 2759//2
f 2244//5 2240//5 2744//5 2758//5
f 2760//1 2761//1 2757//1 2756//1
f 2760//5 2756//5 2242//5 2246//5
f 2762//2 2758//2 2759//2 2763//2
f 2248//5 2244//5 2758//5 2762//5
f 2764//1 2765//1 2761//1 2760//1
f 2764//5 2760//5 2246//5 2250//5
f 2766//2 2762//2 2763//2 2767//2
f 2252//5 2248//5 2762//5 2766//5
f 2768//1 2769//1 2765//1 2764//1
f 2768//5 2764//5 2250//5 2254//5
f 2770//2 2766//2 2767//2 2771//2
f 2256//5 2252//5 2766//5 2770//5
f 2772//1 2773//1 2769//1 2768//1
f 2772//5 2768//5 2254//5 2258//5
f 2774//2 2770//2 2771//2 2775//2
f 2260//5 2256//5 2770//5 2774//5
f 2776//1 2777//1 2773//1 2772//1
f 2776//3 2262//3 2778//3 2777//3
f 2776//5 2772//5 2258//5 2262//5
f 2779//2 2774//2 2775//2 2780//2
f 2264//3 2779//3 2780//3 2781//3
f 2264//5 2260//5 2774//5 2779//5
f 2266//1 2782//1 2778//1 2262//1
f 2269//2 2264//2 2781//2 2783//2
f 2784//1 2785//1 2782//1 2266//1
f 2784//5 2266//5 2267//5 2272//5
f 2786//2 2269//2 2783//2 2787//2
f 2274//5 2270//5 2269//5 2786//5
f 2788//1 2789//1 2785//1 2784//1
f 2788//3 2276//3 2790//3 2789//3
f 2788//5 2784//5 2272//5 2276//5
f 2791//2 2786//2 2787//2 2792//2
f 2281//3 2791//3 2792//3 2793//3
f 2281//5 2274//5 2786//5 2791//5
f 2794//1 2795//1 2790//1 2276//1
f 2794//5 2276//5 2278//5 2284//5
f 2796//2 2281//2 2793//2 2797//2
f 2287//5 2282//5 2281//5 2796//5
f 2798//1 2799//1 2795//1 2794//1
f 2798//5 2794//5 2284//5 2800//5
f 2800//5 2284//5 2285//5 2289//5
f 2801//2 2796//2 2797//2 2802//2
f 2293//5 2287//5 2796//5 2801//5
f 2805//5 2800//5 2289//5 2806//5
f 2806//5 2289//5 2290//5 2295//5
f 2813//3 2308//3 2814//3 2815//3
f 2813//5 2295//5 2297//5 2308//5
f 2308//3 2310//3 2816//3 2814//3
f 2825//1 2826//1 2816//1 2310//1
f 2825//3 2827//3 2828//3 2826//3
f 2825//5 2310//5 2312//5 2827//5
f 2827//3 2829//3 2830//3 2828//3
f 2827//5 2312//5 2314//5 2829//5
f 2829//3 2831//3 2832//3 2830//3
f 2829//5 2314//5 2316//5 2831//5
f 2659//1 3119//1 3120//1 3121//1
f 3121//4 3120//4 3117//4 2650//4
f 2659//5 3121//5 2650//5 2653//5
f 2661//2 3122//2 3123//2 3124//2
f 2652//4 3118//4 3123//4 3122//4
f 2654//5 2652//5 3122//5 2661//5
f 2656//1 3125//1 3126//1 2657//1
f 2657//4 3126//4 3119//4 2659//4
f 2666//2 2665//2 3127//2 3128//2
f 2661//4 3124//4 3127//4 2665//4
f 2677//1 3129//1 3130//1 3131//1
f 3131//4 3130//4 3132//4 3133//4
f 2677//5 3131//5 3133//5 2679//5
f 3133//4 3132//4 3134//4 3135//4
f 2679//5 3133//5 3135//5 2682//5
f 2687//2 3136//2 3137//2 3138//2
f 3135//4 3134//4 3137//4 3136//4
f 2682//5 3135//5 3136//5 2687//5
f 2668//1 3139//1 3140//1 2669//1
f 2669//4 3140//4 3125//4 2656//4
f 2674//2 2673//2 3141//2 3142//2
f 2666//4 3128//4 3141//4 2673//4
f 2693//1 3143//1 3144//1 3145//1
f 3145//4 3144//4 3146//4 3147//4
f 2693//5 3145//5 3147//5 2695//5
f 3147//4 3146//4 3148//4 3149//4
f 2695//5 3147//5 3149//5 2698//5
f 2703//2 3150//2 3151//2 3152//2
f 3149//4 3148//4 3151//4 3150//4
f 2698//5 3149//5 3150//5 2703//5
f 3153//1 3154//1 3155//1 3156//1
f 3156//4 3155//4 3129//4 2677//4
f 3153//5 3156//5 2677//5 2676//5
f 2687//4 3138//4 3139//4 2668//4
f 2688//5 2687//5 2668//5 2689//5
f 2674//4 3142//4 3143//4 2693//4
f 2690//5 2674//5 2693//5 2692//5
f 3157//2 3158//2 3159//2 3160//2
f 2703//4 3152//4 3159//4 3158//4
f 2704//5 2703//5 3158//5 3157//5
f 3161//1 3162//1 3163//1 3164//1
f 3164//4 3163//4 3154//4 3153//4
f 3161//5 3164//5 3153//5 3165//5
f 3165//5 3153//5 2676//5 2706//5
f 2730//2 3157//2 3160//2 3166//2
f 2714//5 2704//5 3157//5 2730//5
f 3167//1 3168//1 3169//1 3170//1
f 3170//4 3169//4 3162//4 3161//4
f 3167//5 3170//5 3161//5 3171//5
f 3171//5 3161//5 3165//5 3172//5
f 3172//5 3165//5 2706//5 2716//5
f 3173//2 3174//2 3175//2 3176//2
f 2730//4 3166//4 3175//4 3174//4
f 2731//5 2730//5 3174//5 3173//5
f 3177//1 3178//1 3168//1 3167//1
f 3177//3 3179//3 3180//3 3178//3
f 3177//5 3167//5 3171//5 3179//5
f 3179//3 3181//3 3182//3 3180//3
f 3179//5 3171//5 3172//5 3181//5
f 3181//3 3183//3 3184//3 3182//3
f 3181//5 3172//5 2716//5 3183//5
f 3183//3 3185//3 3186//3 3184//3
f 3183//5 2716//5 2718//5 3185//5
f 3185//3 2742//3 3187//3 3186//3
f 3185//5 2718//5 2720//5 2742//5
f 2742//5 2720//5 2721//5 2732//5
f 2733//5 2724//5 2723//5 2746//5
f 2746//5 2723//5 2726//5 2735//5
f 2739//5 2731//5 3173//5 2754//5
f 3188//2 3189//2 3190//2 3191//2
f 3173//4 3176//4 3190//4 3189//4
f 2754//5 3173//5 3189//5 3188//5
f 2741//1 3192//1 3187//1 2742//1
f 2747//3 3193//3 3194//3 3195//3
f 2747//5 2746//5 2735//5 3193//5
f 3193//5 2735//5 2737//5 2749//5
f 2755//5 2754//5 3188//5 3196//5
f 3197//2 3198//2 3199//2 3200//2
f 3188//4 3191//4 3199//4 3198//4
f 3196//5 3188//5 3198//5 3197//5
f 2757//1 3201//1 3192//1 2741//1
f 2759//2 2747//2 3195//2 3202//2
f 3203//1 3204//1 3194//1 3193//1
f 3203//3 3205//3 3206//3 3204//3
f 3203//5 3193//5 2749//5 3205//5
f 3205//5 2749//5 2751//5 3207//5
f 3207//5 2751//5 2755//5 3208//5
f 3208//5 2755//5 3196//5 3209//5
f 3210//2 3197//2 3200//2 3211//2
f 3209//5 3196//5 3197//5 3210//5
f 2761//1 3212//1 3201//1 2757//1
f 2763//2 2759//2 3202//2 3213//2
f 3214//1 3215//1 3206//1 3205//1
f 3214//3 3216//3 3217//3 3215//3
f 3214//5 3205//5 3207//5 3216//5
f 3216//5 3207//5 3208//5 3218//5
f 3218//5 3208//5 3209//5 3219//5
f 3219//5 3209//5 3210//5 3220//5
f 3221//2 3222//2 3223//2 3224//2
f 3210//4 3211//4 3223//4 3222//4
f 3220//5 3210//5 3222//5 3221//5
f 2765//1 3225//1 3212//1 2761//1
f 2767//2 2763//2 3213//2 3226//2
f 3227//1 3228//1 3217//1 3216//1
f 3227//3 3229//3 3230//3 3228//3
f 3227//5 3216//5 3218//5 3229//5
f 3229//5 3218//5 3219//5 3231//5
f 3231//5 3219//5 3220//5 3232//5
f 3232//5 3220//5 3221//5 3233//5
f 3234//2 3235//2 3236//2 3237//2
f 3221//4 3224//4 3236//4 3235//4
f 3233//5 3221//5 3235//5 3234//5
f 2769//1 3238//1 3225//1 2765//1
f 2771//2 2767//2 3226//2 3239//2
f 3240//1 3241//1 3230//1 3229//1
f 3240//3 3242//3 3243//3 3241//3
f 3240//5 3229//5 3231//5 3242//5
f 3242//5 3231//5 3232//5 3244//5
f 3244//5 3232//5 3233//5 3245//5
f 3246//2 3234//2 3237//2 3247//2
f 3245//5 3233//5 3234//5 3246//5
f 2773//1 3248//1 3238//1 2769//1
f 2775//2 2771//2 3239//2 3249//2
f 3250//1 3251//1 3243//1 3242//1
f 3250//3 3252//3 3253//3 3251//3
f 3250//5 3242//5 3244//5 3252//5
f 3252//3 3254//3 3255//3 3253//3
f 3252//5 3244//5 3245//5 3254//5
f 3256//2 3246//2 3247//2 3257//2
f 3254//3 3256//3 3257//3 3255//3
f 3254//5 3245//5 3246//5 3256//5
f 2777//1 3258//1 3248//1 2773//1
f 2780//2 2775//2 3249//2 3259//2
f 3260//1 3261//1 3258//1 2777//1
f 3260//5 2777//5 2778//5 2782//5
f 3262//2 2780//2 3259//2 3263//2
f 2783//5 2781//5 2780//5 3262//5
f 3264//1 3265//1 3261//1 3260//1
f 3264//3 2785//3 3266//3 3265//3
f 3264//5 3260//5 2782//5 2785//5
f 3267//2 3262//2 3263//2 3268//2
f 2787//3 3267//3 3268//3 3269//3
f 2787//5 2783//5 3262//5 3267//5
f 2789//1 3270//1 3266//1 2785//1
f 2792//2 2787//2 3269//2 3271//2
f 3272//1 3273//1 3270//1 2789//1
f 3272//3 2795//3 3274//3 3273//3
f 3272//5 2789//5 2790//5 2795//5
f 3275//2 2792//2 3271//2 3276//2
f 2797//5 2793//5 2792//5 3275//5
f 2799//1 3277//1 3274//1 2795//1
f 2824//5 2815//5 2814//5 3291//5
f 3291//3 2826//3 3292//3 3293//3
f 3291//5 2814//5 2816//5 2826//5
f 2826//3 2828//3 3294//3 3292//3
f 2828//3 2830//3 3295//3 3294//3
f 2830//3 2832//3 3296//3 3295//3
f 3119//1 3608//1 3606//1 3120//1
f 3124//2 3123//2 3607//2 3609//2
f 3125//1 3610//1 3611//1 3126//1
f 3126//4 3611//4 3608//4 3119//4
f 3128//2 3127//2 3612//2 3613//2
f 3124//4 3609//4 3612//4 3127//4
f 3129//1 3614//1 3615//1 3130//1
f 3130//4 3615//4 3616//4 3132//4
f 3132//4 3616//4 3617//4 3134//4
f 3138//2 3137//2 3618//2 3619//2
f 3134//4 3617//4 3618//4 3137//4
f 3139//1 3620//1 3621//1 3140//1
f 3140//4 3621//4 3610//4 3125//4
f 3142//2 3141//2 3622//2 3623//2
f 3128//4 3613//4 3622//4 3141//4
f 3143//1 3624//1 3625//1 3144//1
f 3144//4 3625//4 3626//4 3146//4
f 3146//4 3626//4 3627//4 3148//4
f 3152//2 3151//2 3628//2 3629//2
f 3148//4 3627//4 3628//4 3151//4
f 3163//1 3630//1 3631//1 3632//1
f 3632//4 3631//4 3633//4 3155//4
f 3163//5 3632//5 3155//5 3154//5
f 3155//4 3633//4 3614//4 3129//4
f 3138//4 3619//4 3620//4 3139//4
f 3142//4 3623//4 3624//4 3143//4
f 3160//2 3159//2 3634//2 3635//2
f 3152//4 3629//4 3634//4 3159//4
f 3169//1 3636//1 3637//1 3638//1
f 3638//4 3637//4 3630//4 3163//4
f 3169//5 3638//5 3163//5 3162//5
f 3175//2 3639//2 3640//2 3641//2
f 3160//4 3635//4 3640//4 3639//4
f 3166//5 3160//5 3639//5 3175//5
f 3642//1 3643//1 3644//1 3645//1
f 3645//4 3644//4 3636//4 3169//4
f 3642//5 3645//5 3169//5 3168//5
f 3190//2 3646//2 3647//2 3648//2
f 3175//4 3641//4 3647//4 3646//4
f 3176//5 3175//5 3646//5 3190//5
f 3649//1 3650//1 3651//1 3652//1
f 3652//4 3651//4 3643//4 3642//4
f 3649//5 3652//5 3642//5 3653//5
f 3653//5 3642//5 3168//5 3178//5
f 3186//3 3187//3 3654//3 3655//3
f 3191//2 3190//2 3648//2 3656//2
f 3657//1 3658//1 3659//1 3660//1
f 3657//3 3661//3 3662//3 3658//3
f 3660//4 3659//4 3650//4 3649//4
f 3657//5 3660//5 3649//5 3661//5
f 3661//5 3649//5 3653//5 3663//5
f 3663//5 3653//5 3178//5 3664//5
f 3664//5 3178//5 3180//5 3665//5
f 3665//3 3666//3 3667//3 3668//3
f 3665//5 3180//5 3182//5 3666//5
f 3666//3 3669//3 3670//3 3667//3
f 3666//5 3182//5 3184//5 3669//5
f 3671//2 3186//2 3655//2 3672//2
f 3669//3 3671//3 3672//3 3670//3
f 3669//5 3184//5 3186//5 3671//5
f 3192//1 3673//1 3654//1 3187//1
f 3195//3 3194//3 3674//3 3675//3
f 3200//2 3199//2 3676//2 3677//2
f 3191//4 3656//4 3676//4 3199//4
f 3678//1 3679//1 3662//1 3661//1
f 3678//3 3680//3 3681//3 3679//3
f 3678//5 3661//5 3663//5 3680//5
f 3680//3 3682//3 3683//3 3681//3
f 3680//5 3663//5 3664//5 3682//5
f 3684//2 3665//2 3668//2 3685//2
f 3682//3 3684//3 3685//3 3683//3
f 3682//5 3664//5 3665//5 3684//5
f 3201//1 3686//1 3673//1 3192//1
f 3202//2 3195//2 3675//2 3687//2
f 3204//1 3688//1 3674//1 3194//1
f 3204//3 3206//3 3689//3 3688//3
f 3200//4 3677//4 3690//4 3691//4
f 3211//5 3200//5 3691//5 3223//5
f 3692//2 3693//2 3694//2 3695//2
f 3691//4 3690//4 3694//4 3693//4
f 3223//5 3691//5 3693//5 3692//5
f 3212//1 3696//1 3686//1 3201//1
f 3213//2 3202//2 3687//2 3697//2
f 3215//1 3698//1 3689//1 3206//1
f 3236//2 3692//2 3695//2 3699//2
f 3224//5 3223//5 3692//5 3236//5
f 3700//1 3701//1 3702//1 3703//1
f 3700//3 3225//3 3704//3 3701//3
f 3703//4 3702//4 3696//4 3212//4
f 3700//5 3703//5 3212//5 3225//5
f 3701//6 3704//6 3696//6 3702//6
f 3705//2 3706//2 3707//2 3708//2
f 3226//3 3705//3 3708//3 3709//3
f 3213//4 3697//4 3707//4 3706//4
f 3226//5 3213//5 3706//5 3705//5
f 3709//6 3708//6 3707//6 3697//6
f 3710//1 3711//1 3698//1 3215//1
f 3710//3 3228//3 3712//3 3711//3
f 3710//5 3215//5 3217//5 3228//5
f 3713//2 3714//2 3715//2 3716//2
f 3236//4 3699//4 3715//4 3714//4
f 3237//5 3236//5 3714//5 3713//5
f 3238//1 3717//1 3704//1 3225//1
f 3239//2 3226//2 3709//2 3718//2
f 3719//1 3720//1 3712//1 3228//1
f 3719//3 3241//3 3721//3 3720//3
f 3719//5 3228//5 3230//5 3241//5
f 3722//2 3713//2 3716//2 3723//2
f 3247//5 3237//5 3713//5 3722//5
f 3248//1 3724//1 3717//1 3238//1
f 3249//2 3239//2 3718//2 3725//2
f 3726//1 3727//1 3721//1 3241//1
f 3726//3 3251//3 3728//3 3727//3
f 3726//5 3241//5 3243//5 3251//5
f 3729//2 3722//2 3723//2 3730//2
f 3257//3 3729//3 3730//3 3731//3
f 3257//5 3247//5 3722//5 3729//5
f 3258//1 3732//1 3724//1 3248//1
f 3259//2 3249//2 3725//2 3733//2
f 3734//1 3735//1 3728//1 3251//1
f 3734//3 3736//3 3737//3 3735//3
f 3734//5 3251//5 3253//5 3736//5
f 3736//3 3738//3 3739//3 3737//3
f 3736//5 3253//5 3255//5 3738//5
f 3740//2 3257//2 3731//2 3741//2
f 3738//3 3740//3 3741//3 3739//3
f 3738//5 3255//5 3257//5 3740//5
f 3261//1 3742//1 3732//1 3258//1
f 3263//2 3259//2 3733//2 3743//2
f 3265//1 3744//1 3742//1 3261//1
f 3265//3 3266//3 3745//3 3744//3
f 3268//2 3263//2 3743//2 3746//2
f 3269//3 3268//3 3746//3 3747//3
f 3270//1 3748//1 3745//1 3266//1
f 3271//2 3269//2 3747//2 3749//2
f 3273//1 3750//1 3748//1 3270//1
f 3276//2 3271//2 3749//2 3751//2
f 3292//3 3294//3 3762//3 3763//3
f 3295//3 3296//3 3764//3 3765//3
f 3771//1 3772//1 3762//1 3294//1
f 3773//2 3295//2 3765//2 3774//2
f 3771//3 3773//3 3774//3 3772//3
f 3771//5 3294//5 3295//5 3773//5
f 3772//6 3774//6 3765//6 3762//6
f 3608//1 4201//1 4199//1 3606//1
f 4201//6 4202//6 4203//6 4199//6
f 3609//2 3607//2 4200//2 4204//2
f 4205//6 4204//6 4200//6 4206//6
f 3610//1 4207//1 4208//1 3611//1
f 3611//4 4208//4 4201//4 3608//4
f 3613//2 3612//2 4209//2 4210//2
f 3609//4 4204//4 4209//4 3612//4
f 3614//1 4211//1 4212//1 3615//1
f 3615//4 4212//4 4213//4 3616//4
f 4211//6 4214//6 4213//6 4212//6
f 3616//4 4213//4 4215//4 3617//4
f 4214//6 4216//6 4215//6 4213//6
f 3619//2 3618//2 4217//2 4218//2
f 3617//4 4215//4 4217//4 3618//4
f 4216//6 4218//6 4217//6 4215//6
f 3620//1 4219//1 4220//1 3621//1
f 3621//4 4220//4 4207//4 3610//4
f 3623//2 3622//2 4221//2 4222//2
f 3613//4 4210//4 4221//4 3622//4
f 3624//1 4223//1 4224//1 3625//1
f 3625//4 4224//4 4225//4 3626//4
f 4223//6 4226//6 4225//6 4224//6
f 3626//4 4225//4 4227//4 3627//4
f 4226//6 4228//6 4227//6 4225//6
f 3629//2 3628//2 4229//2 4230//2
f 3627//4 4227//4 4229//4 3628//4
f 4228//6 4230//6 4229//6 4227//6
f 3630//1 4231//1 4232//1 3631//1
f 3631//4 4232//4 4233//4 3633//4
f 4231//6 4234//6 4233//6 4232//6
f 3633//4 4233//4 4211//4 3614//4
f 3619//4 4218//4 4219//4 3620//4
f 4235//6 4236//6 4219//6 4218//6
f 3623//4 4222//4 4223//4 3624//4
f 4237//6 4238//6 4223//6 4222//6
f 3635//2 3634//2 4239//2 4240//2
f 3629//4 4230//4 4239//4 3634//4
f 4241//6 4240//6 4239//6 4230//6
f 3644//1 4242//1 4243//1 4244//1
f 4244//4 4243//4 4245//4 3637//4
f 3644//5 4244//5 3637//5 3636//5
f 3637//4 4245//4 4231//4 3630//4
f 3641//2 3640//2 4246//2 4247//2
f 3635//4 4240//4 4246//4 3640//4
f 4248//6 4247//6 4246//6 4240//6
f 3651//1 4249//1 4250//1 4251//1
f 4251//4 4250//4 4242//4 3644//4
f 3651//5 4251//5 3644//5 3643//5
f 3648//2 3647//2 4252//2 4253//2
f 3641//4 4247//4 4252//4 3647//4
f 4254//6 4253//6 4252//6 4247//6
f 4255//1 4256//1 4257//1 4258//1
f 4258//4 4257//4 4259//4 4260//4
f 4255//5 4258//5 4260//5 3659//5
f 4260//4 4259//4 4249//4 3651//4
f 3659//5 4260//5 3651//5 3650//5
f 3655//3 3654//3 4261//3 4262//3
f 4261//6 4263//6 4264//6 4265//6
f 4266//6 4267//6 4268//6 4269//6
f 3656//2 3648//2 4253//2 4270//2
f 4271//1 4272//1 4273//1 4274//1
f 4274//4 4273//4 4275//4 4276//4
f 4271//5 4274//5 4276//5 4277//5
f 4278//2 4279//2 4280//2 4281//2
f 4276//4 4275//4 4280//4 4279//4
f 4277//5 4276//5 4279//5 4278//5
f 4282//1 4283//1 4284//1 4285//1
f 4285//4 4284//4 4256//4 4255//4
f 4282//5 4285//5 4255//5 4286//5
f 4286//5 4255//5 3659//5 3658//5
f 3667//3 3670//3 4287//3 4288//3
f 3672//2 3655//2 4262//2 4289//2
f 3670//3 3672//3 4289//3 4287//3
f 4287//6 4289//6 4262//6 4290//6
f 3673//1 4291//1 4261//1 3654//1
f 3675//3 3674//3 4292//3 4293//3
f 4293//6 4292//6 4294//6 4267//6
f 3656//4 4270//4 4295//4 3676//4
f 3676//4 4295//4 4272//4 4271//4
f 3677//5 3676//5 4271//5 3690//5
f 3690//5 4271//5 4277//5 3694//5
f 4296//2 4278//2 4281//2 4297//2
f 3694//5 4277//5 4278//5 4296//5
f 4298//1 4299//1 4283//1 4282//1
f 4298//5 4282//5 4286//5 4300//5
f 4300//5 4286//5 3658//5 4301//5
f 4301//5 3658//5 3662//5 3679//5
f 3681//3 3683//3 4302//3 4303//3
f 3683//3 3685//3 4304//3 4302//3
f 4305//2 3667//2 4288//2 4306//2
f 3685//3 4305//3 4306//3 4304//3
f 3685//5 3668//5 3667//5 4305//5
f 3686//1 4307//1 4291//1 3673//1
f 3687//2 3675//2 4293//2 4308//2
f 3688//1 4309//1 4292//1 3674//1
f 3688//3 3689//3 4310//3 4309//3
f 4311//2 4296//2 4297//2 4312//2
f 3695//5 3694//5 4296//5 4311//5
f 4313//1 4314//1 4299//1 4298//1
f 4313//3 4315//3 4316//3 4314//3
f 4313//5 4298//5 4300//5 4315//5
f 4315//3 4317//3 4318//3 4316//3
f 4315//5 4300//5 4301//5 4317//5
f 4317//3 4319//3 4320//3 4318//3
f 4317//5 4301//5 3679//5 4319//5
f 4321//2 3681//2 4303//2 4322//2
f 4319//3 4321//3 4322//3 4320//3
f 4319//5 3679//5 3681//5 4321//5
f 3696//1 4323//1 4307//1 3686//1
f 3697//2 3687//2 4308//2 4324//2
f 3698//1 4325//1 4310//1 3689//1
f 3715//2 4311//2 4312//2 4326//2
f 3699//5 3695//5 4311//5 3715//5
f 3704//1 4327//1 4323//1 3696//1
f 3709//2 3697//2 4324//2 4328//2
f 3711//1 4329//1 4325//1 3698//1
f 3711//3 3712//3 4330//3 4329//3
f 4329//6 4330//6 4331//6 4325//6
f 3716//2 3715//2 4326//2 4332//2
f 3717//1 4333//1 4327//1 3704//1
f 3718//2 3709//2 4328//2 4334//2
f 3720//1 4335//1 4330//1 3712//1
f 3720//3 3721//3 4336//3 4335//3
f 4335//6 4336//6 4337//6 4330//6
f 3723//2 3716//2 4332//2 4338//2
f 3724//1 4339//1 4333//1 3717//1
f 3725//2 3718//2 4334//2 4340//2
f 3727//1 4341//1 4336//1 3721//1
f 3727//3 3728//3 4342//3 4341//3
f 3730//2 3723//2 4338//2 4343//2
f 3731//3 3730//3 4343//3 4344//3
f 3732//1 4345//1 4339//1 3724//1
f 3733//2 3725//2 4340//2 4346//2
f 3735//1 4347//1 4342//1 3728//1
f 3735//3 3737//3 4348//3 4347//3
f 3737//3 3739//3 4349//3 4348//3
f 3741//2 3731//2 4344//2 4350//2
f 3739//3 3741//3 4350//3 4349//3
f 3742//1 4351//1 4345//1 3732//1
f 4351//6 4352//6 4353//6 4345//6
f 3743//2 3733//2 4346//2 4354//2
f 4355//6 4354//6 4346//6 4356//6
f 3744//1 4357//1 4351//1 3742//1
f 3744//3 3745//3 4358//3 4357//3
f 4357//6 4358//6 4352//6 4351//6
f 3746//2 3743//2 4354//2 4359//2
f 3747//3 3746//3 4359//3 4360//3
f 4360//6 4359//6 4354//6 4355//6
f 3748//1 4361//1 4358//1 3745//1
f 3749//2 3747//2 4360//2 4362//2
f 3750//1 4363//1 4361//1 3748//1
f 4363//6 4364//6 4365//6 4361//6
f 3751//2 3749//2 4362//2 4366//2
f 3755//3 3751//3 4366//3 4367//3
f 4367//6 4366//6 4362//6 4368//6
f 3754//2 3755//2 4367//2 4371//2
f 3763//3 3762//3 4380//3 4381//3
f 3762//3 3765//3 4382//3 4380//3
f 3765//3 3764//3 4383//3 4382//3
f 4383//6 4384//6 4385//6 4386//6
f 4207//1 4768//1 4769//1 4208//1
f 4208//4 4769//4 4770//4 4201//4
f 4768//6 4771//6 4770//6 4769//6
f 4201//4 4770//4 4762//4 4202//4
f 4771//6 4772//6 4762//6 4770//6
f 4205//4 4765//4 4773//4 4204//4
f 4774//6 4775//6 4773//6 4765//6
f 4210//2 4209//2 4776//2 4777//2
f 4204//4 4773//4 4776//4 4209//4
f 4775//6 4777//6 4776//6 4773//6
f 4219//1 4778//1 4779//1 4220//1
f 4220//4 4779//4 4768//4 4207//4
f 4778//6 4780//6 4768//6 4779//6
f 4780//6 4781//6 4771//6 4768//6
f 4782//6 4783//6 4777//6 4775//6
f 4222//2 4221//2 4784//2 4785//2
f 4210//4 4777//4 4784//4 4221//4
f 4783//6 4785//6 4784//6 4777//6
f 4234//1 4786//1 4787//1 4233//1
f 4233//4 4787//4 4788//4 4211//4
f 4786//6 4789//6 4788//6 4787//6
f 4211//4 4788//4 4790//4 4214//4
f 4789//6 4791//6 4790//6 4788//6
f 4214//4 4790//4 4792//4 4216//4
f 4791//6 4793//6 4792//6 4790//6
f 4235//2 4218//2 4794//2 4795//2
f 4216//4 4792//4 4794//4 4218//4
f 4793//6 4795//6 4794//6 4792//6
f 4236//1 4796//1 4778//1 4219//1
f 4796//6 4797//6 4780//6 4778//6
f 4237//2 4222//2 4785//2 4798//2
f 4799//6 4798//6 4785//6 4783//6
f 4238//1 4800//1 4801//1 4223//1
f 4223//4 4801//4 4802//4 4226//4
f 4800//6 4803//6 4802//6 4801//6
f 4226//4 4802//4 4804//4 4228//4
f 4803//6 4805//6 4804//6 4802//6
f 4241//2 4230//2 4806//2 4807//2
f 4228//4 4804//4 4806//4 4230//4
f 4805//6 4807//6 4806//6 4804//6
f 4242//1 4816//1 4817//1 4243//1
f 4243//4 4817//4 4818//4 4245//4
f 4816//6 4819//6 4818//6 4817//6
f 4245//4 4818//4 4820//4 4231//4
f 4231//4 4820//4 4786//4 4234//4
f 4821//6 4822//6 4791//6 4789//6
f 4822//6 4823//6 4793//6 4791//6
f 4823//6 4824//6 4795//6 4793//6
f 4235//4 4795//4 4796//4 4236//4
f 4824//6 4825//6 4796//6 4795//6
f 4237//4 4798//4 4800//4 4238//4
f 4826//6 4827//6 4800//6 4798//6
f 4827//6 4828//6 4803//6 4800//6
f 4828//6 4829//6 4805//6 4803//6
f 4829//6 4830//6 4807//6 4805//6
f 4248//2 4240//2 4831//2 4832//2
f 4241//4 4807//4 4831//4 4240//4
f 4830//6 4832//6 4831//6 4807//6
f 4833//1 4834//1 4835//1 4836//1
f 4836//4 4835//4 4809//4 4808//4
f 4833//5 4836//5 4808//5 4837//5
f 4838//2 4812//2 4815//2 4839//2
f 4837//5 4808//5 4812//5 4838//5
f 4259//1 4840//1 4841//1 4842//1
f 4842//4 4841//4 4843//4 4250//4
f 4259//5 4842//5 4250//5 4249//5
f 4250//4 4843//4 4816//4 4242//4
f 4844//6 4845//6 4823//6 4822//6
f 4265//3 4264//3 4846//3 4845//3
f 4845//6 4846//6 4824//6 4823//6
f 4846//6 4847//6 4825//6 4824//6
f 4848//6 4849//6 4827//6 4826//6
f 4269//3 4268//3 4850//3 4849//3
f 4849//6 4850//6 4828//6 4827//6
f 4850//6 4851//6 4829//6 4828//6
f 4851//6 4852//6 4830//6 4829//6
f 4852//6 4853//6 4832//6 4830//6
f 4254//2 4247//2 4854//2 4855//2
f 4248//4 4832//4 4854//4 4247//4
f 4853//6 4855//6 4854//6 4832//6
f 4273//1 4856//1 4857//1 4858//1
f 4858//4 4857//4 4834//4 4833//4
f 4273//5 4858//5 4833//5 4275//5
f 4275//5 4833//5 4837//5 4280//5
f 4859//2 4838//2 4839//2 4860//2
f 4280//5 4837//5 4838//5 4859//5
f 4284//1 4861//1 4862//1 4863//1
f 4863//4 4862//4 4864//4 4257//4
f 4284//5 4863//5 4257//5 4256//5
f 4257//4 4864//4 4840//4 4259//4
f 4290//3 4262//3 4865//3 4866//3
f 4866//6 4865//6 4844//6 4867//6
f 4261//2 4265//2 4845//2 4868//2
f 4262//3 4261//3 4868//3 4865//3
f 4865//6 4868//6 4845//6 4844//6
f 4263//1 4869//1 4846//1 4264//1
f 4266//2 4269//2 4849//2 4870//2
f 4267//1 4871//1 4850//1 4268//1
f 4267//3 4294//3 4872//3 4871//3
f 4871//6 4872//6 4851//6 4850//6
f 4872//6 4873//6 4852//6 4851//6
f 4873//6 4874//6 4853//6 4852//6
f 4874//6 4875//6 4855//6 4853//6
f 4270//2 4253//2 4876//2 4877//2
f 4254//4 4855//4 4876//4 4253//4
f 4875//6 4877//6 4876//6 4855//6
f 4295//1 4878//1 4879//1 4880//1
f 4880//4 4879//4 4856//4 4273//4
f 4295//5 4880//5 4273//5 4272//5
f 4881//2 4859//2 4860//2 4882//2
f 4281//5 4280//5 4859//5 4881//5
f 4883//1 4884//1 4885//1 4886//1
f 4886//4 4885//4 4861//4 4284//4
f 4883//5 4886//5 4284//5 4283//5
f 4287//2 4290//2 4866//2 4887//2
f 4288//3 4287//3 4887//3 4888//3
f 4888//6 4887//6 4866//6 4889//6
f 4291//1 4890//1 4868//1 4261//1
f 4261//4 4868//4 4869//4 4263//4
f 4890//6 4891//6 4869//6 4868//6
f 4293//2 4267//2 4871//2 4892//2
f 4266//4 4870//4 4871//4 4267//4
f 4893//6 4892//6 4871//6 4870//6
f 4292//1 4894//1 4872//1 4294//1
f 4894//6 4895//6 4873//6 4872//6
f 4895//6 4896//6 4874//6 4873//6
f 4896//6 4897//6 4875//6 4874//6
f 4897//6 4898//6 4877//6 4875//6
f 4270//4 4877//4 4878//4 4295//4
f 4898//6 4899//6 4878//6 4877//6
f 4900//2 4881//2 4882//2 4901//2
f 4297//5 4281//5 4881//5 4900//5
f 4902//1 4903//1 4884//1 4883//1
f 4902//5 4883//5 4283//5 4299//5
f 4302//3 4304//3 4904//3 4905//3
f 4306//2 4288//2 4888//2 4906//2
f 4304//3 4306//3 4906//3 4904//3
f 4904//6 4906//6 4888//6 4907//6
f 4307//1 4908//1 4890//1 4291//1
f 4908//6 4909//6 4891//6 4890//6
f 4308//2 4293//2 4892//2 4910//2
f 4911//6 4910//6 4892//6 4893//6
f 4309//1 4912//1 4894//1 4292//1
f 4309//3 4310//3 4913//3 4912//3
f 4912//6 4913//6 4895//6 4894//6
f 4913//6 4914//6 4896//6 4895//6
f 4915//6 4916//6 4899//6 4898//6
f 4917//2 4900//2 4901//2 4918//2
f 4312//3 4917//3 4918//3 4919//3
f 4312//5 4297//5 4900//5 4917//5
f 4920//1 4921//1 4903//1 4902//1
f 4920//3 4314//3 4922//3 4921//3
f 4920//5 4902//5 4299//5 4314//5
f 4320//3 4322//3 4923//3 4924//3
f 4925//2 4302//2 4905//2 4926//2
f 4322//3 4925//3 4926//3 4923//3
f 4322//5 4303//5 4302//5 4925//5
f 4323//1 4927//1 4908//1 4307//1
f 4927//6 4928//6 4909//6 4908//6
f 4324//2 4308//2 4910//2 4929//2
f 4930//6 4929//6 4910//6 4911//6
f 4325//1 4931//1 4913//1 4310//1
f 4325//3 4331//3 4932//3 4931//3
f 4931//6 4932//6 4914//6 4913//6
f 4932//6 4933//6 4934//6 4914//6
f 4326//2 4312//2 4919//2 4935//2
f 4936//1 4937//1 4922//1 4314//1
f 4936//3 4938//3 4939//3 4937//3
f 4936//5 4314//5 4316//5 4938//5
f 4938//3 4940//3 4941//3 4939//3
f 4938//5 4316//5 4318//5 4940//5
f 4942//2 4320//2 4924//2 4943//2
f 4940//3 4942//3 4943//3 4941//3
f 4940//5 4318//5 4320//5 4942//5
f 4327//1 4944//1 4927//1 4323//1
f 4944//6 4945//6 4928//6 4927//6
f 4328//2 4324//2 4929//2 4946//2
f 4947//6 4946//6 4929//6 4930//6
f 4330//1 4948//1 4932//1 4331//1
f 4330//3 4337//3 4949//3 4948//3
f 4948//6 4949//6 4933//6 4932//6
f 4332//2 4326//2 4935//2 4950//2
f 4951//6 4950//6 4935//6 4952//6
f 4333//1 4953//1 4944//1 4327//1
f 4953//6 4954//6 4945//6 4944//6
f 4334//2 4328//2 4946//2 4955//2
f 4956//6 4955//6 4946//6 4947//6
f 4336//1 4957//1 4949//1 4337//1
f 4957//6 4958//6 4959//6 4949//6
f 4338//2 4332//2 4950//2 4960//2
f 4961//6 4960//6 4950//6 4951//6
f 4339//1 4962//1 4953//1 4333//1
f 4962//6 4963//6 4954//6 4953//6
f 4340//2 4334//2 4955//2 4964//2
f 4965//6 4964//6 4955//6 4956//6
f 4341//1 4966//1 4957//1 4336//1
f 4341//3 4342//3 4967//3 4966//3
f 4966//6 4967//6 4958//6 4957//6
f 4343//2 4338//2 4960//2 4968//2
f 4344//3 4343//3 4968//3 4969//3
f 4969//6 4968//6 4960//6 4961//6
f 4345//1 4970//1 4962//1 4339//1
f 4345//3 4353//3 4971//3 4970//3
f 4970//6 4971//6 4963//6 4962//6
f 4346//2 4340//2 4964//2 4972//2
f 4356//3 4346//3 4972//3 4973//3
f 4973//6 4972//6 4964//6 4965//6
f 4347//1 4974//1 4967//1 4342//1
f 4347//3 4348//3 4975//3 4974//3
f 4974//6 4975//6 4976//6 4967//6
f 4348//3 4349//3 4977//3 4975//3
f 4975//6 4977//6 4978//6 4976//6
f 4350//2 4344//2 4969//2 4979//2
f 4349//3 4350//3 4979//3 4977//3
f 4977//6 4979//6 4969//6 4978//6
f 4352//1 4980//1 4971//1 4353//1
f 4355//2 4356//2 4973//2 4981//2
f 4358//1 4982//1 4980//1 4352//1
f 4982//6 4983//6 4984//6 4980//6
f 4360//2 4355//2 4981//2 4985//2
f 4986//6 4985//6 4981//6 4987//6
f 4361//1 4988//1 4982//1 4358//1
f 4361//3 4365//3 4989//3 4988//3
f 4988//6 4989//6 4983//6 4982//6
f 4362//2 4360//2 4985//2 4990//2
f 4368//3 4362//3 4990//3 4991//3
f 4991//6 4990//6 4985//6 4986//6
f 4364//1 4992//1 4989//1 4365//1
f 4992//6 4993//6 4994//6 4989//6
f 4367//2 4368//2 4991//2 4995//2
f 4996//6 4995//6 4991//6 4997//6
f 4370//1 4998//1 4992//1 4364//1
f 4998//6 4999//6 4993//6 4992//6
f 5000//6 5001//6 4996//6 5002//6
f 4371//2 4367//2 4995//2 5003//2
f 5001//6 5003//6 4995//6 4996//6
f 5006//6 5007//6 5000//6 5008//6
f 5007//6 5009//6 5001//6 5000//6
f 4386//3 4385//3 5014//3 5015//3
f 5014//6 5016//6 5006//6 5017//6
f 4381//3 4380//3 5027//3 5023//3
f 5023//6 5027//6 5028//6 5025//6
f 4380//3 4382//3 5029//3 5027//3
f 5027//6 5029//6 5030//6 5028//6
f 4383//2 4386//2 5015//2 5031//2
f 4382//3 4383//3 5031//3 5029//3
f 5029//6 5031//6 5015//6 5030//6
f 4772//1 5368//1 5369//1 4762//1
f 4762//4 5369//4 5358//4 4763//4
f 5368//6 5370//6 5358//6 5369//6
f 5370//6 5371//6 5359//6 5358//6
f 5374//6 5375//6 5367//6 5365//6
f 4774//2 4765//2 5376//2 5377//2
f 4766//4 5367//4 5376//4 4765//4
f 5375//6 5377//6 5376//6 5367//6
f 4781//1 5378//1 5379//1 4771//1
f 4771//4 5379//4 5368//4 4772//4
f 5378//6 5380//6 5368//6 5379//6
f 4782//2 4775//2 5381//2 5382//2
f 4774//4 5377//4 5381//4 4775//4
f 5383//6 5382//6 5381//6 5377//6
f 5396//1 5397//1 5398//1 5399//1
f 5400//2 5401//2 5402//2 5403//2
f 5399//4 5398//4 5402//4 5401//4
f 5396//5 5399//5 5401//5 5400//5
f 4797//1 5404//1 5405//1 4780//1
f 4780//4 5405//4 5378//4 4781//4
f 5404//6 5406//6 5378//6 5405//6
f 4799//2 4783//2 5407//2 5408//2
f 4782//4 5382//4 5407//4 4783//4
f 5409//6 5408//6 5407//6 5382//6
f 5413//1 5414//1 5397//1 5396//1
f 5413//5 5396//5 5400//5 5415//5
f 5416//2 5417//2 5418//2 5419//2
f 5400//4 5403//4 5418//4 5417//4
f 5415//5 5400//5 5417//5 5416//5
f 4819//1 5420//1 5421//1 4818//1
f 4818//4 5421//4 5422//4 4820//4
f 5420//6 5423//6 5422//6 5421//6
f 4820//4 5422//4 5424//4 4786//4
f 5423//6 5425//6 5424//6 5422//6
f 4821//2 4789//2 5426//2 5427//2
f 4786//4 5424//4 5426//4 4789//4
f 5425//6 5427//6 5426//6 5424//6
f 4825//1 5428//1 5429//1 4796//1
f 4796//4 5429//4 5404//4 4797//4
f 5428//6 5430//6 5404//6 5429//6
f 5430//6 5431//6 5406//6 5404//6
f 5432//6 5433//6 5408//6 5409//6
f 4826//2 4798//2 5434//2 5435//2
f 4799//4 5408//4 5434//4 4798//4
f 5433//6 5435//6 5434//6 5408//6
f 4857//1 5436//1 5437//1 5438//1
f 5438//4 5437//4 5410//4 4835//4
f 4857//5 5438//5 4835//5 4834//5
f 5441//1 5442//1 5414//1 5413//1
f 5441//5 5413//5 5415//5 4862//5
f 4862//5 5415//5 5416//5 4864//5
f 5416//4 5419//4 5443//4 4841//4
f 4864//5 5416//5 4841//5 4840//5
f 4841//4 5443//4 5444//4 4843//4
f 5445//6 5446//6 5444//6 5443//6
f 4843//4 5444//4 5447//4 4816//4
f 5446//6 5448//6 5447//6 5444//6
f 4816//4 5447//4 5420//4 4819//4
f 5448//6 5449//6 5420//6 5447//6
f 5449//6 5450//6 5423//6 5420//6
f 5450//6 5451//6 5425//6 5423//6
f 5451//6 5452//6 5427//6 5425//6
f 4844//2 4822//2 5453//2 5454//2
f 4867//3 4844//3 5454//3 5452//3
f 4821//4 5427//4 5453//4 4822//4
f 5452//6 5454//6 5453//6 5427//6
f 4847//1 5455//1 5428//1 4825//1
f 5455//6 5456//6 5430//6 5428//6
f 4848//2 4826//2 5435//2 5457//2
f 5458//6 5457//6 5435//6 5433//6
f 4856//1 5459//1 5436//1 4857//1
f 5460//2 5439//2 5440//2 5461//2
f 4860//5 4839//5 5439//5 5460//5
f 4885//1 5462//1 5442//1 5441//1
f 4885//5 5441//5 4862//5 4861//5
f 5463//6 5464//6 5451//6 5450//6
f 4866//2 4867//2 5452//2 5465//2
f 4889//3 4866//3 5465//3 5464//3
f 5464//6 5465//6 5452//6 5451//6
f 4869//1 5466//1 5467//1 4846//1
f 4846//4 5467//4 5455//4 4847//4
f 5466//6 5468//6 5455//6 5467//6
f 4870//2 4849//2 5469//2 5470//2
f 4848//4 5457//4 5469//4 4849//4
f 5471//6 5470//6 5469//6 5457//6
f 4878//1 5472//1 5473//1 4879//1
f 4879//4 5473//4 5459//4 4856//4
f 5472//6 5474//6 5459//6 5473//6
f 5475//2 5460//2 5461//2 5476//2
f 4882//3 5475//3 5476//3 5477//3
f 4882//5 4860//5 5460//5 5475//5
f 5477//6 5476//6 5461//6 5478//6
f 4884//1 5479//1 5462//1 4885//1
f 4888//2 4889//2 5464//2 5480//2
f 4907//3 4888//3 5480//3 5481//3
f 5481//6 5480//6 5464//6 5463//6
f 4891//1 5482//1 5466//1 4869//1
f 5482//6 5483//6 5468//6 5466//6
f 4893//2 4870//2 5470//2 5484//2
f 5485//6 5484//6 5470//6 5471//6
f 4899//1 5486//1 5472//1 4878//1
f 5486//6 5487//6 5474//6 5472//6
f 4901//2 4882//2 5477//2 5488//2
f 4903//1 5489//1 5479//1 4884//1
f 4904//2 4907//2 5481//2 5490//2
f 4905//3 4904//3 5490//3 5491//3
f 5491//6 5490//6 5481//6 5492//6
f 4909//1 5493//1 5482//1 4891//1
f 5493//6 5494//6 5483//6 5482//6
f 4911//2 4893//2 5484//2 5495//2
f 5496//6 5495//6 5484//6 5485//6
f 4914//1 5497//1 5498//1 4896//1
f 4914//3 4934//3 5499//3 5497//3
f 4896//4 5498//4 5500//4 4897//4
f 5497//6 5499//6 5500//6 5498//6
f 4915//2 4898//2 5501//2 5502//2
f 4897//4 5500//4 5501//4 4898//4
f 5499//6 5502//6 5501//6 5500//6
f 4916//1 5503//1 5486//1 4899//1
f 5503//6 5504//6 5487//6 5486//6
f 4918//2 4901//2 5488//2 5505//2
f 4919//3 4918//3 5505//3 5506//3
f 5506//6 5505//6 5488//6 5507//6
f 4921//1 5508//1 5489//1 4903//1
f 4921//3 4922//3 5509//3 5508//3
f 4924//3 4923//3 5510//3 5511//3
f 4926//2 4905//2 5491//2 5512//2
f 4923//3 4926//3 5512//3 5510//3
f 5510//6 5512//6 5491//6 5513//6
f 4928//1 5514//1 5493//1 4909//1
f 5514//6 5515//6 5494//6 5493//6
f 4930//2 4911//2 5495//2 5516//2
f 5517//6 5516//6 5495//6 5496//6
f 4933//1 5518//1 5499//1 4934//1
f 5518//6 5519//6 5502//6 5499//6
f 4915//4 5502//4 5503//4 4916//4
f 5519//6 5520//6 5503//6 5502//6
f 5520//6 5521//6 5504//6 5503//6
f 5521//6 5522//6 5523//6 5504//6
f 4935//2 4919//2 5506//2 5524//2
f 4952//3 4935//3 5524//3 5522//3
f 5522//6 5524//6 5506//6 5523//6
f 4937//1 5525//1 5509//1 4922//1
f 4937//3 4939//3 5526//3 5525//3
f 4939//3 4941//3 5527//3 5526//3
f 4943//2 4924//2 5511//2 5528//2
f 4941//3 4943//3 5528//3 5527//3
f 4945//1 5529//1 5514//1 4928//1
f 5529//6 5530//6 5515//6 5514//6
f 4947//2 4930//2 5516//2 5531//2
f 5532//6 5531//6 5516//6 5517//6
f 4949//1 5533//1 5518//1 4933//1
f 4949//3 4959//3 5534//3 5533//3
f 5533//6 5534//6 5519//6 5518//6
f 5534//6 5535//6 5520//6 5519//6
f 5535//6 5536//6 5521//6 5520//6
f 4951//2 4952//2 5522//2 5537//2
f 5536//6 5537//6 5522//6 5521//6
f 4954//1 5538//1 5529//1 4945//1
f 5538//6 5539//6 5530//6 5529//6
f 4956//2 4947//2 5531//2 5540//2
f 5541//6 5540//6 5531//6 5532//6
f 4958//1 5542//1 5534//1 4959//1
f 5542//6 5543//6 5535//6 5534//6
f 5543//6 5544//6 5536//6 5535//6
f 4961//2 4951//2 5537//2 5545//2
f 5544//6 5545//6 5537//6 5536//6
f 4963//1 5546//1 5538//1 4954//1
f 5546//6 5547//6 5539//6 5538//6
f 4965//2 4956//2 5540//2 5548//2
f 5549//6 5548//6 5540//6 5541//6
f 4967//1 5550//1 5542//1 4958//1
f 4967//3 4976//3 5551//3 5550//3
f 5550//6 5551//6 5543//6 5542//6
f 4976//3 4978//3 5552//3 5551//3
f 5551//6 5552//6 5544//6 5543//6
f 4969//2 4961//2 5545//2 5553//2
f 4978//3 4969//3 5553//3 5552//3
f 5552//6 5553//6 5545//6 5544//6
f 4971//1 5554//1 5546//1 4963//1
f 5554//6 5555//6 5547//6 5546//6
f 4973//2 4965//2 5548//2 5556//2
f 5557//6 5556//6 5548//6 5549//6
f 4980//1 5558//1 5554//1 4971//1
f 4980//3 4984//3 5559//3 5558//3
f 5558//6 5559//6 5555//6 5554//6
f 4981//2 4973//2 5556//2 5560//2
f 4987//3 4981//3 5560//3 5561//3
f 5561//6 5560//6 5556//6 5557//6
f 4983//1 5562//1 5559//1 4984//1
f 5562//6 5563//6 5564//6 5559//6
f 4986//2 4987//2 5561//2 5565//2
f 5566//6 5565//6 5561//6 5567//6
f 4989//1 5568//1 5562//1 4983//1
f 4989//3 4994//3 5569//3 5568//3
f 5568//6 5569//6 5563//6 5562//6
f 5569//6 5570//6 5571//6 5563//6
f 5572//6 5573//6 5566//6 5574//6
f 4991//2 4986//2 5565//2 5575//2
f 4997//3 4991//3 5575//3 5573//3
f 5573//6 5575//6 5565//6 5566//6
f 4993//1 5576//1 5569//1 4994//1
f 5576//6 5577//6 5570//6 5569//6
f 4996//2 4997//2 5573//2 5578//2
f 5002//3 4996//3 5578//3 5579//3
f 5579//6 5578//6 5573//6 5572//6
f 5581//6 5582//6 5583//6 5577//6
f 5000//2 5002//2 5579//2 5584//2
f 5008//3 5000//3 5584//3 5585//3
f 5585//6 5584//6 5579//6 5586//6
f 5589//6 5590//6 5591//6 5582//6
f 5590//6 5592//6 5593//6 5591//6
f 5592//6 5594//6 5595//6 5593//6
f 5594//6 5596//6 5597//6 5595//6
f 5596//6 5598//6 5599//6 5597//6
f 5598//6 5600//6 5601//6 5599//6
f 5006//2 5008//2 5585//2 5602//2
f 5017//3 5006//3 5602//3 5600//3
f 5600//6 5602//6 5585//6 5601//6
f 5026//3 5025//3 5609//3 5608//3
f 5608//6 5609//6 5592//6 5590//6
f 5025//3 5028//3 5610//3 5609//3
f 5609//6 5610//6 5594//6 5592//6
f 5028//3 5030//3 5611//3 5610//3
f 5610//6 5611//6 5596//6 5594//6
f 5030//3 5015//3 5612//3 5611//3
f 5611//6 5612//6 5598//6 5596//6
f 5014//2 5017//2 5600//2 5613//2
f 5015//3 5014//3 5613//3 5612//3
f 5612//6 5613//6 5600//6 5598//6
f 6016//1 6017//1 6018//1 6019//1
f 6019//4 6018//4 6020//4 6021//4
f 6016//5 6019//5 6021//5 6022//5
f 6023//2 6024//2 6025//2 6026//2
f 6021//4 6020//4 6025//4 6024//4
f 6022//5 6021//5 6024//5 6023//5
f 6033//1 6034//1 6017//1 6016//1
f 6033//5 6016//5 6022//5 5398//5
f 5398//5 6022//5 6023//5 5402//5
f 6035//2 6036//2 6037//2 6038//2
f 6023//4 6026//4 6037//4 6036//4
f 5402//5 6023//5 6036//5 6035//5
f 5380//1 6039//1 6040//1 5368//1
f 5368//4 6040//4 6041//4 5370//4
f 6039//6 6042//6 6041//6 6040//6
f 5370//4 6041//4 6043//4 5371//4
f 6042//6 6044//6 6043//6 6041//6
f 5371//4 6043//4 6045//4 5372//4
f 6044//6 6046//6 6045//6 6043//6
f 5372//4 6045//4 6047//4 5373//4
f 6046//6 6048//6 6047//6 6045//6
f 5373//4 6047//4 6049//4 5374//4
f 6048//6 6050//6 6049//6 6047//6
f 5374//4 6049//4 6051//4 5375//4
f 6050//6 6052//6 6051//6 6049//6
f 5383//2 5377//2 6053//2 6054//2
f 5375//4 6051//4 6053//4 5377//4
f 6052//6 6054//6 6053//6 6051//6
f 6059//1 6060//1 6034//1 6033//1
f 6059//5 6033//5 5398//5 5397//5
f 5418//2 6035//2 6038//2 6061//2
f 5403//5 5402//5 6035//5 5418//5
f 5406//1 6062//1 6063//1 5378//1
f 5378//4 6063//4 6039//4 5380//4
f 6062//6 6064//6 6039//6 6063//6
f 6064//6 6065//6 6042//6 6039//6
f 6065//6 6066//6 6044//6 6042//6
f 6066//6 6067//6 6046//6 6044//6
f 6067//6 6068//6 6048//6 6046//6
f 6068//6 6069//6 6050//6 6048//6
f 6069//6 6070//6 6052//6 6050//6
f 6070//6 6071//6 6054//6 6052//6
f 5409//2 5382//2 6072//2 6073//2
f 5383//4 6054//4 6072//4 5382//4
f 6071//6 6073//6 6072//6 6054//6
f 6083//1 6084//1 6060//1 6059//1
f 6083//5 6059//5 5397//5 5414//5
f 5443//2 6085//2 6086//2 6087//2
f 5418//4 6061//4 6086//4 6085//4
f 5419//5 5418//5 6085//5 5443//5
f 5431//1 6088//1 6062//1 5406//1
f 6088//6 6089//6 6064//6 6062//6
f 6089//6 6090//6 6065//6 6064//6
f 6091//6 6092//6 6071//6 6070//6
f 5432//2 5409//2 6073//2 6093//2
f 6092//6 6093//6 6073//6 6071//6
f 5436//1 6094//1 6074//1 5437//1
f 6094//6 6095//6 6077//6 6074//6
f 6097//1 6098//1 6084//1 6083//1
f 6097//5 6083//5 5414//5 5442//5
f 5445//2 5443//2 6087//2 6099//2
f 5456//1 6100//1 6101//1 5430//1
f 5430//4 6101//4 6088//4 5431//4
f 6100//6 6102//6 6088//6 6101//6
f 6102//6 6103//6 6089//6 6088//6
f 6104//6 6105//6 6093//6 6092//6
f 5458//2 5433//2 6106//2 6107//2
f 5432//4 6093//4 6106//4 5433//4
f 6105//6 6107//6 6106//6 6093//6
f 5459//1 6108//1 6094//1 5436//1
f 6108//6 6109//6 6095//6 6094//6
f 5461//2 5440//2 6096//2 6110//2
f 5478//3 5461//3 6110//3 6111//3
f 6112//1 6113//1 6098//1 6097//1
f 6112//3 5462//3 6114//3 6113//3
f 6112//5 6097//5 5442//5 5462//5
f 6113//6 6114//6 6115//6 6098//6
f 5445//4 6099//4 6116//4 5446//4
f 6117//6 6118//6 6116//6 6099//6
f 5446//4 6116//4 6119//4 5448//4
f 6118//6 6120//6 6119//6 6116//6
f 5448//4 6119//4 6121//4 5449//4
f 6120//6 6122//6 6121//6 6119//6
f 5463//2 5450//2 6123//2 6124//2
f 5449//4 6121//4 6123//4 5450//4
f 6122//6 6124//6 6123//6 6121//6
f 5468//1 6125//1 6126//1 5455//1
f 5455//4 6126//4 6100//4 5456//4
f 6125//6 6127//6 6100//6 6126//6
f 6127//6 6128//6 6102//6 6100//6
f 6128//6 6129//6 6103//6 6102//6
f 6130//6 6131//6 6105//6 6104//6
f 6131//6 6132//6 6107//6 6105//6
f 5471//2 5457//2 6133//2 6134//2
f 5458//4 6107//4 6133//4 5457//4
f 6132//6 6134//6 6133//6 6107//6
f 5474//1 6135//1 6108//1 5459//1
f 6135//6 6136//6 6109//6 6108//6
f 5477//2 5478//2 6111//2 6137//2
f 6138//6 6137//6 6111//6 6139//6
f 5479//1 6140//1 6114//1 5462//1
f 6141//6 6142//6 6120//6 6118//6
f 6142//6 6143//6 6122//6 6120//6
f 5481//2 5463//2 6124//2 6144//2
f 5492//3 5481//3 6144//3 6143//3
f 6143//6 6144//6 6124//6 6122//6
f 5483//1 6145//1 6125//1 5468//1
f 6145//6 6146//6 6127//6 6125//6
f 6146//6 6147//6 6128//6 6127//6
f 6148//6 6149//6 6132//6 6131//6
f 5485//2 5471//2 6134//2 6150//2
f 6149//6 6150//6 6134//6 6132//6
f 5487//1 6151//1 6135//1 5474//1
f 6151//6 6152//6 6136//6 6135//6
f 6152//6 6153//6 6138//6 6136//6
f 5488//2 5477//2 6137//2 6154//2
f 5507//3 5488//3 6154//3 6153//3
f 6153//6 6154//6 6137//6 6138//6
f 5489//1 6155//1 6140//1 5479//1
f 6155//6 6156//6 6157//6 6140//6
f 6158//6 6159//6 6142//6 6141//6
f 5491//2 5492//2 6143//2 6160//2
f 5513//3 5491//3 6160//3 6159//3
f 6159//6 6160//6 6143//6 6142//6
f 5494//1 6161//1 6145//1 5483//1
f 6161//6 6162//6 6146//6 6145//6
f 6162//6 6163//6 6147//6 6146//6
f 6164//6 6165//6 6149//6 6148//6
f 5496//2 5485//2 6150//2 6166//2
f 6165//6 6166//6 6150//6 6149//6
f 5504//1 6167//1 6151//1 5487//1
f 5504//3 5523//3 6168//3 6167//3
f 6167//6 6168//6 6152//6 6151//6
f 5506//2 5507//2 6153//2 6169//2
f 5523//3 5506//3 6169//3 6168//3
f 6168//6 6169//6 6153//6 6152//6
f 5508//1 6170//1 6155//1 5489//1
f 5508//3 5509//3 6171//3 6170//3
f 6170//6 6171//6 6156//6 6155//6
f 5510//2 5513//2 6159//2 6172//2
f 5511//3 5510//3 6172//3 6173//3
f 6173//6 6172//6 6159//6 6158//6
f 5515//1 6174//1 6161//1 5494//1
f 6174//6 6175//6 6162//6 6161//6
f 6175//6 6176//6 6163//6 6162//6
f 6177//6 6178//6 6165//6 6164//6
f 5517//2 5496//2 6166//2 6179//2
f 6178//6 6179//6 6166//6 6165//6
f 5525//1 6180//1 6171//1 5509//1
f 5525//3 5526//3 6181//3 6180//3
f 6180//6 6181//6 6182//6 6171//6
f 5526//3 5527//3 6183//3 6181//3
f 6181//6 6183//6 6184//6 6182//6
f 5528//2 5511//2 6173//2 6185//2
f 5527//3 5528//3 6185//3 6183//3
f 6183//6 6185//6 6173//6 6184//6
f 5530//1 6186//1 6174//1 5515//1
f 6186//6 6187//6 6175//6 6174//6
f 6187//6 6188//6 6176//6 6175//6
f 6189//6 6190//6 6178//6 6177//6
f 5532//2 5517//2 6179//2 6191//2
f 6190//6 6191//6 6179//6 6178//6
f 5539//1 6192//1 6186//1 5530//1
f 6192//6 6193//6 6187//6 6186//6
f 6193//6 6194//6 6188//6 6187//6
f 6195//6 6196//6 6190//6 6189//6
f 5541//2 5532//2 6191//2 6197//2
f 6196//6 6197//6 6191//6 6190//6
f 5547//1 6198//1 6192//1 5539//1
f 6198//6 6199//6 6193//6 6192//6
f 6199//6 6200//6 6194//6 6193//6
f 6201//6 6202//6 6196//6 6195//6
f 5549//2 5541//2 6197//2 6203//2
f 6202//6 6203//6 6197//6 6196//6
f 5555//1 6204//1 6198//1 5547//1
f 6204//6 6205//6 6199//6 6198//6
f 6205//6 6206//6 6200//6 6199//6
f 6207//6 6208//6 6202//6 6201//6
f 5557//2 5549//2 6203//2 6209//2
f 6208//6 6209//6 6203//6 6202//6
f 5559//1 6210//1 6204//1 5555//1
f 5559//3 5564//3 6211//3 6210//3
f 6210//6 6211//6 6205//6 6204//6
f 6211//6 6212//6 6206//6 6205//6
f 6212//6 6213//6 6214//6 6206//6
f 6215//6 6216//6 6208//6 6207//6
f 5561//2 5557//2 6209//2 6217//2
f 5567//3 5561//3 6217//3 6216//3
f 6216//6 6217//6 6209//6 6208//6
f 5563//1 6218//1 6211//1 5564//1
f 5563//3 5571//3 6219//3 6218//3
f 6218//6 6219//6 6212//6 6211//6
f 6219//6 6220//6 6213//6 6212//6
f 5566//2 5567//2 6216//2 6221//2
f 5574//3 5566//3 6221//3 6222//3
f 5570//1 6223//1 6219//1 5571//1
f 6223//6 6224//6 6220//6 6219//6
f 6224//6 6225//6 6226//6 6220//6
f 6227//6 6228//6 6229//6 6230//6
f 5572//2 5574//2 6222//2 6231//2
f 6228//6 6231//6 6222//6 6229//6
f 5577//1 6232//1 6223//1 5570//1
f 5577//3 5583//3 6233//3 6232//3
f 6232//6 6233//6 6224//6 6223//6
f 6233//6 6234//6 6225//6 6224//6
f 6234//6 6235//6 6236//6 6225//6
f 6235//6 6237//6 6238//6 6236//6
f 6237//6 6239//6 6240//6 6238//6
f 6239//6 6241//6 6242//6 6240//6
f 6241//6 6243//6 6227//6 6242//6
f 6243//6 6244//6 6228//6 6227//6
f 5579//2 5572//2 6231//2 6245//2
f 5586//3 5579//3 6245//3 6244//3
f 6244//6 6245//6 6231//6 6228//6
f 5582//1 6246//1 6233//1 5583//1
f 5582//3 5591//3 6247//3 6246//3
f 6246//6 6247//6 6234//6 6233//6
f 5591//3 5593//3 6248//3 6247//3
f 6247//6 6248//6 6235//6 6234//6
f 5593//3 5595//3 6249//3 6248//3
f 6248//6 6249//6 6237//6 6235//6
f 5595//3 5597//3 6250//3 6249//3
f 6249//6 6250//6 6239//6 6237//6
f 5597//3 5599//3 6251//3 6250//3
f 6250//6 6251//6 6241//6 6239//6
f 5599//3 5601//3 6252//3 6251//3
f 6251//6 6252//6 6243//6 6241//6
f 5585//2 5586//2 6244//2 6253//2
f 5601//3 5585//3 6253//3 6252//3
f 6252//6 6253//6 6244//6 6243//6
f 6674//1 6675//1 6676//1 6677//1
f 6677//4 6676//4 6678//4 6679//4
f 6674//5 6677//5 6679//5 6018//5
f 6679//4 6678//4 6680//4 6681//4
f 6018//5 6679//5 6681//5 6020//5
f 6025//2 6682//2 6683//2 6684//2
f 6681//4 6680//4 6683//4 6682//4
f 6020//5 6681//5 6682//5 6025//5
f 6688//1 6689//1 6675//1 6674//1
f 6688//5 6674//5 6018//5 6017//5
f 6037//2 6690//2 6691//2 6692//2
f 6025//4 6684//4 6691//4 6690//4
f 6026//5 6025//5 6690//5 6037//5
f 6695//1 6696//1 6689//1 6688//1
f 6695//5 6688//5 6017//5 6034//5
f 6038//2 6037//2 6692//2 6697//2
f 6704//1 6705//1 6696//1 6695//1
f 6704//3 6060//3 6706//3 6705//3
f 6704//5 6695//5 6034//5 6060//5
f 6086//2 6707//2 6708//2 6709//2
f 6038//4 6697//4 6708//4 6707//4
f 6061//5 6038//5 6707//5 6086//5
f 6710//6 6709//6 6708//6 6697//6
f 6084//1 6715//1 6706//1 6060//1
f 6087//2 6086//2 6709//2 6716//2
f 6717//6 6716//6 6709//6 6710//6
f 6090//1 6718//1 6719//1 6065//1
f 6065//4 6719//4 6720//4 6066//4
f 6718//6 6721//6 6720//6 6719//6
f 6066//4 6720//4 6722//4 6067//4
f 6721//6 6723//6 6722//6 6720//6
f 6067//4 6722//4 6724//4 6068//4
f 6723//6 6725//6 6724//6 6722//6
f 6068//4 6724//4 6726//4 6069//4
f 6725//6 6727//6 6726//6 6724//6
f 6091//2 6070//2 6728//2 6729//2
f 6069//4 6726//4 6728//4 6070//4
f 6727//6 6729//6 6728//6 6726//6
f 6098//1 6734//1 6715//1 6084//1
f 6098//3 6115//3 6735//3 6734//3
f 6734//6 6735//6 6736//6 6715//6
f 6099//2 6087//2 6716//2 6737//2
f 6738//6 6737//6 6716//6 6717//6
f 6103//1 6739//1 6740//1 6089//1
f 6089//4 6740//4 6718//4 6090//4
f 6739//6 6741//6 6718//6 6740//6
f 6741//6 6742//6 6721//6 6718//6
f 6742//6 6743//6 6723//6 6721//6
f 6743//6 6744//6 6725//6 6723//6
f 6744//6 6745//6 6727//6 6725//6
f 6745//6 6746//6 6729//6 6727//6
f 6104//2 6092//2 6747//2 6748//2
f 6091//4 6729//4 6747//4 6092//4
f 6746//6 6748//6 6747//6 6729//6
f 6109//1 6749//1 6730//1 6095//1
f 6749//6 6750//6 6731//6 6730//6
f 6139//3 6111//3 6751//3 6750//3
f 6750//6 6751//6 6732//6 6731//6
f 6114//1 6753//1 6735//1 6115//1
f 6753//6 6754//6 6755//6 6735//6
f 6117//2 6099//2 6737//2 6756//2
f 6757//6 6756//6 6737//6 6738//6
f 6129//1 6758//1 6739//1 6103//1
f 6759//6 6760//6 6742//6 6741//6
f 6760//6 6761//6 6743//6 6742//6
f 6761//6 6762//6 6744//6 6743//6
f 6762//6 6763//6 6745//6 6744//6
f 6763//6 6764//6 6746//6 6745//6
f 6130//2 6104//2 6748//2 6765//2
f 6764//6 6765//6 6748//6 6746//6
f 6136//1 6766//1 6749//1 6109//1
f 6138//2 6139//2 6750//2 6767//2
f 6136//3 6138//3 6767//3 6766//3
f 6766//6 6767//6 6750//6 6749//6
f 6140//1 6771//1 6753//1 6114//1
f 6140//3 6157//3 6772//3 6771//3
f 6771//6 6772//6 6754//6 6753//6
f 6772//6 6773//6 6757//6 6754//6
f 6773//6 6774//6 6756//6 6757//6
f 6141//2 6118//2 6775//2 6776//2
f 6117//4 6756//4 6775//4 6118//4
f 6774//6 6776//6 6775//6 6756//6
f 6147//1 6777//1 6778//1 6128//1
f 6128//4 6778//4 6758//4 6129//4
f 6777//6 6779//6 6758//6 6778//6
f 6780//6 6781//6 6761//6 6760//6
f 6781//6 6782//6 6762//6 6761//6
f 6782//6 6783//6 6763//6 6762//6
f 6783//6 6784//6 6764//6 6763//6
f 6784//6 6785//6 6765//6 6764//6
f 6148//2 6131//2 6786//2 6787//2
f 6130//4 6765//4 6786//4 6131//4
f 6785//6 6787//6 6786//6 6765//6
f 6156//1 6791//1 6772//1 6157//1
f 6791//6 6792//6 6773//6 6772//6
f 6792//6 6793//6 6774//6 6773//6
f 6158//2 6141//2 6776//2 6794//2
f 6793//6 6794//6 6776//6 6774//6
f 6163//1 6795//1 6777//1 6147//1
f 6795//6 6796//6 6779//6 6777//6
f 6796//6 6797//6 6798//6 6779//6
f 6799//6 6800//6 6782//6 6781//6
f 6800//6 6801//6 6783//6 6782//6
f 6801//6 6802//6 6784//6 6783//6
f 6802//6 6803//6 6785//6 6784//6
f 6164//2 6148//2 6787//2 6804//2
f 6803//6 6804//6 6787//6 6785//6
f 6171//1 6809//1 6791//1 6156//1
f 6171//3 6182//3 6810//3 6809//3
f 6809//6 6810//6 6792//6 6791//6
f 6182//3 6184//3 6811//3 6810//3
f 6810//6 6811//6 6793//6 6792//6
f 6173//2 6158//2 6794//2 6812//2
f 6184//3 6173//3 6812//3 6811//3
f 6811//6 6812//6 6794//6 6793//6
f 6176//1 6813//1 6795//1 6163//1
f 6813//6 6814//6 6796//6 6795//6
f 6814//6 6815//6 6797//6 6796//6
f 6815//6 6816//6 6817//6 6797//6
f 6818//6 6819//6 6801//6 6800//6
f 6819//6 6820//6 6802//6 6801//6
f 6820//6 6821//6 6803//6 6802//6
f 6177//2 6164//2 6804//2 6822//2
f 6821//6 6822//6 6804//6 6803//6
f 6188//1 6827//1 6813//1 6176//1
f 6827//6 6828//6 6814//6 6813//6
f 6828//6 6829//6 6815//6 6814//6
f 6829//6 6830//6 6816//6 6815//6
f 6830//6 6831//6 6832//6 6816//6
f 6833//6 6834//6 6819//6 6818//6
f 6834//6 6835//6 6820//6 6819//6
f 6835//6 6836//6 6821//6 6820//6
f 6189//2 6177//2 6822//2 6837//2
f 6836//6 6837//6 6822//6 6821//6
f 6194//1 6842//1 6827//1 6188//1
f 6842//6 6843//6 6828//6 6827//6
f 6843//6 6844//6 6829//6 6828//6
f 6844//6 6845//6 6830//6 6829//6
f 6845//6 6846//6 6831//6 6830//6
f 6848//6 6849//6 6835//6 6834//6
f 6849//6 6850//6 6836//6 6835//6
f 6195//2 6189//2 6837//2 6851//2
f 6850//6 6851//6 6837//6 6836//6
f 6200//1 6856//1 6842//1 6194//1
f 6856//6 6857//6 6843//6 6842//6
f 6857//6 6858//6 6844//6 6843//6
f 6858//6 6859//6 6845//6 6844//6
f 6859//6 6860//6 6846//6 6845//6
f 6860//6 6861//6 6847//6 6846//6
f 6863//6 6864//6 6850//6 6849//6
f 6201//2 6195//2 6851//2 6865//2
f 6864//6 6865//6 6851//6 6850//6
f 6206//1 6870//1 6856//1 6200//1
f 6206//3 6214//3 6871//3 6870//3
f 6870//6 6871//6 6857//6 6856//6
f 6871//6 6872//6 6858//6 6857//6
f 6872//6 6873//6 6859//6 6858//6
f 6873//6 6874//6 6860//6 6859//6
f 6874//6 6875//6 6861//6 6860//6
f 6875//6 6876//6 6862//6 6861//6
f 6207//2 6201//2 6865//2 6878//2
f 6879//6 6878//6 6865//6 6864//6
f 6213//1 6884//1 6871//1 6214//1
f 6884//6 6885//6 6872//6 6871//6
f 6885//6 6886//6 6873//6 6872//6
f 6886//6 6887//6 6874//6 6873//6
f 6887//6 6888//6 6875//6 6874//6
f 6888//6 6889//6 6876//6 6875//6
f 6889//6 6890//6 6877//6 6876//6
f 6220//1 6897//1 6884//1 6213//1
f 6220//3 6226//3 6898//3 6897//3
f 6897//6 6898//6 6885//6 6884//6
f 6898//6 6899//6 6886//6 6885//6
f 6899//6 6900//6 6887//6 6886//6
f 6900//6 6901//6 6888//6 6887//6
f 6901//6 6902//6 6889//6 6888//6
f 6902//6 6903//6 6890//6 6889//6
f 6230//3 6229//3 6904//3 6903//3
f 6903//6 6904//6 6891//6 6890//6
f 6225//1 6912//1 6898//1 6226//1
f 6225//3 6236//3 6913//3 6912//3
f 6912//6 6913//6 6899//6 6898//6
f 6236//3 6238//3 6914//3 6913//3
f 6913//6 6914//6 6900//6 6899//6
f 6238//3 6240//3 6915//3 6914//3
f 6914//6 6915//6 6901//6 6900//6
f 6240//3 6242//3 6916//3 6915//3
f 6915//6 6916//6 6902//6 6901//6
f 6227//2 6230//2 6903//2 6917//2
f 6242//3 6227//3 6917//3 6916//3
f 6916//6 6917//6 6903//6 6902//6
f 6649//1 7257//1 7251//1 6638//1
f 6649//3 6658//3 7258//3 7257//3
f 6658//3 6660//3 7259//3 7258//3
f 6660//3 6662//3 7260//3 7259//3
f 6662//3 6664//3 7261//3 7260//3
f 6651//2 6640//2 7256//2 7262//2
f 6664//3 6651//3 7262//3 7261//3
f 6697//2 6692//2 7279//2 7281//2
f 6705//1 7282//1 7280//1 6696//1
f 6705//3 6706//3 7283//3 7282//3
f 6710//2 6697//2 7281//2 7284//2
f 7285//6 7284//6 7281//6 7286//6
f 6715//1 7303//1 7283//1 6706//1
f 6715//3 6736//3 7304//3 7303//3
f 7303//6 7304//6 7305//6 7283//6
f 7304//6 7306//6 7285//6 7305//6
f 6717//2 6710//2 7284//2 7307//2
f 7306//6 7307//6 7284//6 7285//6
f 6735//1 7314//1 7304//1 6736//1
f 6735//3 6755//3 7315//3 7314//3
f 7314//6 7315//6 7306//6 7304//6
f 6738//2 6717//2 7307//2 7316//2
f 7315//6 7316//6 7307//6 7306//6
f 6754//1 7323//1 7315//1 6755//1
f 6757//2 6738//2 7316//2 7324//2
f 6754//3 6757//3 7324//3 7323//3
f 7323//6 7324//6 7316//6 7315//6
f 7257//1 7538//1 7539//1 7251//1
f 7257//3 7258//3 7540//3 7538//3
f 7251//4 7539//4 7541//4 7252//4
f 7538//6 7540//6 7541//6 7539//6
f 7258//3 7259//3 7542//3 7540//3
f 7252//4 7541//4 7543//4 7253//4
f 7540//6 7542//6 7543//6 7541//6
f 7259//3 7260//3 7544//3 7542//3
f 7253//4 7543//4 7545//4 7254//4
f 7542//6 7544//6 7545//6 7543//6
f 7260//3 7261//3 7546//3 7544//3
f 7254//4 7545//4 7547//4 7255//4
f 7544//6 7546//6 7547//6 7545//6
f 7262//2 7256//2 7548//2 7549//2
f 7261//3 7262//3 7549//3 7546//3
f 7255//4 7547//4 7548//4 7256//4
f 7546//6 7549//6 7548//6 7547//6
f 7954//1 8223//1 8224//1 7951//1
f 7961//2 7955//2 8225//2 8226//2
f 7951//4 8224//4 8225//4 7955//4
f 8223//6 8226//6 8225//6 8224//6
f 7990//1 8227//1 8223//1 7954//1
f 7993//2 7961//2 8226//2 8228//2
f 8227//6 8228//6 8226//6 8223//6
f 8014//1 8229//1 8227//1 7990//1
f 8017//2 7993//2 8228//2 8230//2
f 8229//6 8230//6 8228//6 8227//6
f 8038//1 8231//1 8229//1 8014//1
f 8041//2 8017//2 8230//2 8232//2
f 8231//6 8232//6 8230//6 8229//6
f 8052//1 8233//1 8234//1 8030//1
f 8052//3 8067//3 8235//3 8233//3
f 8030//4 8234//4 8236//4 8032//4
f 8233//6 8235//6 8236//6 8234//6
f 8067//3 8070//3 8237//3 8235//3
f 8032//4 8236//4 8238//4 8034//4
f 8235//6 8237//6 8238//6 8236//6
f 8070//3 8073//3 8239//3 8237//3
f 8034//4 8238//4 8240//4 8036//4
f 8237//6 8239//6 8240//6 8238//6
f 8073//3 8076//3 8241//3 8239//3
f 8036//4 8240//4 8231//4 8038//4
f 8239//6 8241//6 8231//6 8240//6
f 8241//6 8242//6 8232//6 8231//6
f 8080//3 8079//3 8243//3 8242//3
f 8041//4 8232//4 8244//4 8042//4
f 8242//6 8243//6 8244//6 8232//6
f 8079//3 8082//3 8245//3 8243//3
f 8042//4 8244//4 8246//4 8043//4
f 8243//6 8245//6 8246//6 8244//6
f 8082//3 8084//3 8247//3 8245//3
f 8043//4 8246//4 8248//4 8044//4
f 8245//6 8247//6 8248//6 8246//6
f 8060//2 8046//2 8249//2 8250//2
f 8084//3 8060//3 8250//3 8247//3
f 8044//4 8248//4 8249//4 8046//4
f 8247//6 8250//6 8249//6 8248//6
f 8075//1 8251//1 8241//1 8076//1
f 8077//2 8080//2 8242//2 8252//2
f 8251//6 8252//6 8242//6 8241//6
f 8098//1 8253//1 8251//1 8075//1
f 8099//2 8077//2 8252//2 8254//2
f 8253//6 8254//6 8252//6 8251//6
f 8116//1 8255//1 8253//1 8098//1
f 8118//2 8099//2 8254//2 8256//2
f 8255//6 8256//6 8254//6 8253//6
f 8136//1 8257//1 8255//1 8116//1
f 8138//2 8118//2 8256//2 8258//2
f 8136//3 8138//3 8258//3 8257//3
f 8257//6 8258//6 8256//6 8255//6
g glyph_58
f 1//1 2//1 3//1 4//1
f 5//2 6//2 7//2 8//2
f 1//3 5//3 8//3 2//3
f 4//4 3//4 7//4 6//4
f 1//5 4//5 6//5 5//5
f 9//1 10//1 11//1 12//1
f 9//3 13//3 14//3 10//3
f 12//4 11//4 15//4 16//4
f 9//5 12//5 16//5 13//5
f 13//3 17//3 18//3 14//3
f 16//4 15//4 19//4 20//4
f 13//5 16//5 20//5 17//5
f 17//3 21//3 22//3 18//3
f 20//4 19//4 23//4 24//4
f 17//5 20//5 24//5 21//5
f 21//3 25//3 26//3 22//3
f 24//4 23//4 27//4 28//4
f 21//5 24//5 28//5 25//5
f 25//3 29//3 30//3 26//3
f 28//4 27//4 31//4 32//4
f 25//5 28//5 32//5 29//5
f 29//3 33//3 34//3 30//3
f 32//4 31//4 35//4 36//4
f 29//5 32//5 36//5 33//5
f 33//3 2//3 37//3 34//3
f 36//4 35//4 38//4 3//4
f 33//5 36//5 3//5 2//5
f 2//3 8//3 39//3 37//3
f 3//4 38//4 40//4 7//4
f 8//3 41//3 42//3 39//3
f 7//4 40//4 43//4 44//4
f 8//5 7//5 44//5 41//5
f 41//3 45//3 46//3 42//3
f 44//4 43//4 47//4 48//4
f 41//5 44//5 48//5 45//5
f 45//3 49//3 50//3 46//3
f 48//4 47//4 51//4 52//4
f 45//5 48//5 52//5 49//5
f 49//3 53//3 54//3 50//3
f 52//4 51//4 55//4 56//4
f 49//5 52//5 56//5 53//5
f 53//3 57//3 58//3 54//3
f 56//4 55//4 59//4 60//4
f 53//5 56//5 60//5 57//5
f 57//3 61//3 62//3 58//3
f 60//4 59//4 63//4 64//4
f 57//5 60//5 64//5 61//5
f 65//2 66//2 67//2 68//2
f 61//3 65//3 68//3 62//3
f 64//4 63//4 67//4 66//4
f 61//5 64//5 66//5 65//5
f 69//1 70//1 71//1 72//1
f 69//3 73//3 74//3 70//3
f 72//4 71//4 75//4 76//4
f 69//5 72//5 76//5 73//5
f 73//3 77//3 78//3 74//3
f 76//4 75//4 79//4 80//4
f 73//5 76//5 80//5 77//5
f 77//3 10//3 81//3 78//3
f 80//4 79//4 82//4 11//4
f 77//5 80//5 11//5 10//5
f 10//3 14//3 83//3 81//3
f 11//4 82//4 84//4 15//4
f 14//3 18//3 85//3 83//3
f 15//4 84//4 86//4 19//4
f 18//3 22//3 87//3 85//3
f 19//4 86//4 88//4 23//4
f 22//3 26//3 89//3 87//3
f 23//4 88//4 90//4 27//4
f 26//3 30//3 91//3 89//3
f 27//4 90//4 92//4 31//4
f 30//3 34//3 93//3 91//3
f 31//4 92//4 94//4 35//4
f 34//3 37//3 95//3 93//3
f 35//4 94//4 96//4 38//4
f 37//3 39//3 97//3 95//3
f 38//4 96//4 98//4 40//4
f 39//3 42//3 99//3 97//3
f 40//4 98//4 100//4 43//4
f 42//3 46//3 101//3 99//3
f 43//4 100//4 102//4 47//4
f 46//3 50//3 103//3 101//3
f 47//4 102//4 104//4 51//4
f 50//3 54//3 105//3 103//3
f 51//4 104//4 106//4 55//4
f 54//3 58//3 107//3 105//3
f 55//4 106//4 108//4 59//4
f 58//3 62//3 109//3 107//3
f 59//4 108//4 110//4 63//4
f 62//3 68//3 111//3 109//3
f 63//4 110//4 112//4 67//4
f 68//3 113//3 114//3 111//3
f 67//4 112//4 115//4 116//4
f 68//5 67//5 116//5 113//5
f 113//3 117//3 118//3 114//3
f 116//4 115//4 119//4 120//4
f 113//5 116//5 120//5 117//5
f 121//2 122//2 123//2 124//2
f 117//3 121//3 124//3 118//3
f 120//4 119//4 123//4 122//4
f 117//5 120//5 122//5 121//5
f 125//1 126//1 127//1 128//1
f 125//3 129//3 130//3 126//3
f 128//4 127//4 131//4 132//4
f 125//5 128//5 132//5 129//5
f 129//3 133//3 134//3 130//3
f 132//4 131//4 135//4 136//4
f 129//5 132//5 136//5 133//5
f 133//3 70//3 137//3 134//3
f 136//4 135//4 138//4 71//4
f 133//5 136//5 71//5 70//5
f 70//3 74//3 139//3 137//3
f 71//4 138//4 140//4 75//4
f 74//3 78//3 141//3 139//3
f 75//4 140//4 142//4 79//4
f 78//3 81//3 143//3 141//3
f 79//4 142//4 144//4 82//4
f 81//3 83//3 145//3 143//3
f 82//4 144//4 146//4 84//4
f 83//3 85//3 147//3 145//3
f 84//4 146//4 148//4 86//4
f 85//3 87//3 149//3 147//3
f 86//4 148//4 150//4 88//4
f 87//3 89//3 151//3 149//3
f 88//4 150//4 152//4 90//4
f 89//3 91//3 153//3 151//3
f 90//4 152//4 154//4 92//4
f 91//3 93//3 155//3 153//3
f 92//4 154//4 156//4 94//4
f 93//3 95//3 157//3 155//3
f 94//4 156//4 158//4 96//4
f 95//3 97//3 159//3 157//3
f 96//4 158//4 160//4 98//4
f 97//3 99//3 161//3 159//3
f 98//4 160//4 162//4 100//4
f 99//3 101//3 163//3 161//3
f 100//4 162//4 164//4 102//4
f 101//3 103//3 165//3 163//3
f 102//4 164//4 166//4 104//4
f 103//3 105//3 167//3 165//3
f 104//4 166//4 168//4 106//4
f 105//3 107//3 169//3 167//3
f 106//4 168//4 170//4 108//4
f 107//3 109//3 171//3 169//3
f 108//4 170//4 172//4 110//4
f 109//3 111//3 173//3 171//3
f 110//4 172//4 174//4 112//4
f 111//3 114//3 175//3 173//3
f 112//4 174//4 176//4 115//4
f 114//3 118//3 177//3 175//3
f 115//4 176//4 178//4 119//4
f 118//3 124//3 179//3 177//3
f 119//4 178//4 180//4 123//4
f 124//3 181//3 182//3 179//3
f 123//4 180//4 183//4 184//4
f 124//5 123//5 184//5 181//5
f 181//3 185//3 186//3 182//3
f 184//4 183//4 187//4 188//4
f 181//5 184//5 188//5 185//5
f 189//2 190//2 191//2 192//2
f 185//3 189//3 192//3 186//3
f 188//4 187//4 191//4 190//4
f 185//5 188//5 190//5 189//5
f 193//1 194//1 195//1 196//1
f 193//3 126//3 197//3 194//3
f 196//4 195//4 198//4 127//4
f 193//5 196//5 127//5 126//5
f 126//3 130//3 199//3 197//3
f 127//4 198//4 200//4 131//4
f 130//3 134//3 201//3 199//3
f 131//4 200//4 202//4 135//4
f 134//3 137//3 203//3 201//3
f 135//4 202//4 204//4 138//4
f 137//3 139//3 205//3 203//3
f 138//4 204//4 206//4 140//4
f 139//3 141//3 207//3 205//3
f 140//4 206//4 208//4 142//4
f 141//3 143//3 209//3 207//3
f 142//4 208//4 210//4 144//4
f 143//3 145//3 211//3 209//3
f 144//4 210//4 212//4 146//4
f 145//3 147//3 213//3 211//3
f 146//4 212//4 214//4 148//4
f 147//3 149//3 215//3 213//3
f 148//4 214//4 216//4 150//4
f 149//3 151//3 217//3 215//3
f 150//4 216//4 218//4 152//4
f 151//3 153//3 219//3 217//3
f 152//4 218//4 220//4 154//4
f 153//3 155//3 221//3 219//3
f 154//4 220//4 222//4 156//4
f 155//3 157//3 223//3 221//3
f 156//4 222//4 224//4 158//4
f 157//3 159//3 225//3 223//3
f 158//4 224//4 226//4 160//4
f 159//3 161//3 227//3 225//3
f 160//4 226//4 228//4 162//4
f 161//3 163//3 229//3 227//3
f 162//4 228//4 230//4 164//4
f 163//3 165//3 231//3 229//3
f 164//4 230//4 232//4 166//4
f 165//3 167//3 233//3 231//3
f 166//4 232//4 234//4 168//4
f 167//3 169//3 235//3 233//3
f 168//4 234//4 236//4 170//4
f 169//3 171//3 237//3 235//3
f 170//4 236//4 238//4 172//4
f 171//3 173//3 239//3 237//3
f 172//4 238//4 240//4 174//4
f 173//3 175//3 241//3 239//3
f 174//4 240//4 242//4 176//4
f 175//3 177//3 243//3 241//3
f 176//4 242//4 244//4 178//4
f 177//3 179//3 245//3 243//3
f 178//4 244//4 246//4 180//4
f 179//3 182//3 247//3 245//3
f 180//4 246//4 248//4 183//4
f 182//3 186//3 249//3 247//3
f 183//4 248//4 250//4 187//4
f 186//3 192//3 251//3 249//3
f 187//4 250//4 252//4 191//4
f 253//2 254//2 255//2 256//2
f 192//3 253//3 256//3 251//3
f 191//4 252//4 255//4 254//4
f 192//5 191//5 254//5 253//5
f 257//1 258//1 259//1 260//1
f 257//3 261//3 262//3 258//3
f 260//4 259//4 263//4 264//4
f 257//5 260//5 264//5 261//5
f 261//3 194//3 265//3 262//3
f 264//4 263//4 266//4 195//4
f 261//5 264//5 195//5 194//5
f 194//3 197//3 267//3 265//3
f 195//4 266//4 268//4 198//4
f 197//3 199//3 269//3 267//3
f 198//4 268//4 270//4 200//4
f 199//3 201//3 271//3 269//3
f 200//4 270//4 272//4 202//4
f 201//3 203//3 273//3 271//3
f 202//4 272//4 274//4 204//4
f 203//3 205//3 275//3 273//3
f 204//4 274//4 276//4 206//4
f 205//3 207//3 277//3 275//3
f 206//4 276//4 278//4 208//4
f 207//3 209//3 279//3 277//3
f 208//4 278//4 280//4 210//4
f 209//3 211//3 281//3 279//3
f 210//4 280//4 282//4 212//4
f 211//3 213//3 283//3 281//3
f 212//4 282//4 284//4 214//4
f 213//3 215//3 285//3 283//3
f 214//4 284//4 286//4 216//4
f 215//3 217//3 287//3 285//3
f 216//4 286//4 288//4 218//4
f 217//3 219//3 289//3 287//3
f 218//4 288//4 290//4 220//4
f 219//3 221//3 291//3 289//3
f 220//4 290//4 292//4 222//4
f 221//3 223//3 293//3 291//3
f 222//4 292//4 294//4 224//4
f 223//3 225//3 295//3 293//3
f 224//4 294//4 296//4 226//4
f 225//3 227//3 297//3 295//3
f 226//4 296//4 298//4 228//4
f 227//3 229//3 299//3 297//3
f 228//4 298//4 300//4 230//4
f 229//3 231//3 301//3 299//3
f 230//4 300//4 302//4 232//4
f 231//3 233//3 303//3 301//3
f 232//4 302//4 304//4 234//4
f 233//3 235//3 305//3 303//3
f 234//4 304//4 306//4 236//4
f 235//3 237//3 307//3 305//3
f 236//4 306//4 308//4 238//4
f 237//3 239//3 309//3 307//3
f 238//4 308//4 310//4 240//4
f 239//3 241//3 311//3 309//3
f 240//4 310//4 312//4 242//4
f 241//3 243//3 313//3 311//3
f 242//4 312//4 314//4 244//4
f 243//3 245//3 315//3 313//3
f 244//4 314//4 316//4 246//4
f 245//3 247//3 317//3 315//3
f 246//4 316//4 318//4 248//4
f 247//3 249//3 319//3 317//3
f 248//4 318//4 320//4 250//4
f 249//3 251//3 321//3 319//3
f 250//4 320//4 322//4 252//4
f 251//3 256//3 323//3 321//3
f 252//4 322//4 324//4 255//4
f 256//3 325//3 326//3 323//3
f 255//4 324//4 327//4 328//4
f 256//5 255//5 328//5 325//5
f 329//2 330//2 331//2 332//2
f 325//3 329//3 332//3 326//3
f 328//4 327//4 331//4 330//4
f 325//5 328//5 330//5 329//5
f 669//1 670//1 671//1 672//1
f 669//3 258//3 673//3 670//3
f 672//4 671//4 674//4 259//4
f 669//5 672//5 259//5 258//5
f 258//3 262//3 675//3 673//3
f 259//4 674//4 676//4 263//4
f 262//3 265//3 677//3 675//3
f 263//4 676//4 678//4 266//4
f 265//3 267//3 679//3 677//3
f 266//4 678//4 680//4 268//4
f 267//3 269//3 681//3 679//3
f 268//4 680//4 682//4 270//4
f 269//3 271//3 683//3 681//3
f 270//4 682//4 684//4 272//4
f 271//3 273//3 685//3 683//3
f 272//4 684//4 686//4 274//4
f 273//3 275//3 687//3 685//3
f 274//4 686//4 688//4 276//4
f 275//3 277//3 689//3 687//3
f 276//4 688//4 690//4 278//4
f 277//3 279//3 691//3 689//3
f 278//4 690//4 692//4 280//4
f 279//3 281//3 693//3 691//3
f 280//4 692//4 694//4 282//4
f 281//3 283//3 695//3 693//3
f 282//4 694//4 696//4 284//4
f 283//3 285//3 697//3 695//3
f 284//4 696//4 698//4 286//4
f 285//3 287//3 699//3 697//3
f 286//4 698//4 700//4 288//4
f 287//3 289//3 701//3 699//3
f 288//4 700//4 702//4 290//4
f 289//3 291//3 703//3 701//3
f 290//4 702//4 704//4 292//4
f 291//3 293//3 705//3 703//3
f 292//4 704//4 706//4 294//4
f 293//3 295//3 707//3 705//3
f 294//4 706//4 708//4 296//4
f 295//3 297//3 709//3 707//3
f 296//4 708//4 710//4 298//4
f 297//3 299//3 711//3 709//3
f 298//4 710//4 712//4 300//4
f 299//3 301//3 713//3 711//3
f 300//4 712//4 714//4 302//4
f 301//3 303//3 715//3 713//3
f 302//4 714//4 716//4 304//4
f 303//3 305//3 717//3 715//3
f 304//4 716//4 718//4 306//4
f 305//3 307//3 719//3 717//3
f 306//4 718//4 720//4 308//4
f 307//3 309//3 721//3 719//3
f 308//4 720//4 722//4 310//4
f 309//3 311//3 723//3 721//3
f 310//4 722//4 724//4 312//4
f 311//3 313//3 725//3 723//3
f 312//4 724//4 726//4 314//4
f 313//3 315//3 727//3 725//3
f 314//4 726//4 728//4 316//4
f 315//3 317//3 729//3 727//3
f 316//4 728//4 730//4 318//4
f 317//3 319//3 731//3 729//3
f 318//4 730//4 732//4 320//4
f 319//3 321//3 733//3 731//3
f 320//4 732//4 734//4 322//4
f 321//3 323//3 735//3 733//3
f 322//4 734//4 736//4 324//4
f 323//3 326//3 737//3 735//3
f 324//4 736//4 738//4 327//4
f 326//3 332//3 739//3 737//3
f 327//4 738//4 740//4 331//4
f 741//2 742//2 743//2 744//2
f 332//3 741//3 744//3 739//3
f 331//4 740//4 743//4 742//4
f 332//5 331//5 742//5 741//5
f 841//1 842//1 843//1 844//1
f 841//3 670//3 845//3 842//3
f 844//4 843//4 846//4 671//4
f 841//5 844//5 671//5 670//5
f 670//3 673//3 847//3 845//3
f 671//4 846//4 848//4 674//4
f 673//3 675//3 849//3 847//3
f 674//4 848//4 850//4 676//4
f 675//3 677//3 851//3 849//3
f 676//4 850//4 852//4 678//4
f 677//3 679//3 853//3 851//3
f 678//4 852//4 854//4 680//4
f 679//3 681//3 855//3 853//3
f 680//4 854//4 856//4 682//4
f 681//3 683//3 857//3 855//3
f 682//4 856//4 858//4 684//4
f 683//3 685//3 859//3 857//3
f 684//4 858//4 860//4 686//4
f 685//3 687//3 861//3 859//3
f 686//4 860//4 862//4 688//4
f 687//3 689//3 863//3 861//3
f 688//4 862//4 864//4 690//4
f 689//3 691//3 865//3 863//3
f 690//4 864//4 866//4 692//4
f 691//3 693//3 867//3 865//3
f 692//4 866//4 868//4 694//4
f 693//3 695//3 869//3 867//3
f 694//4 868//4 870//4 696//4
f 695//3 697//3 871//3 869//3
f 696//4 870//4 872//4 698//4
f 697//3 699//3 873//3 871//3
f 698//4 872//4 874//4 700//4
f 699//3 701//3 875//3 873//3
f 700//4 874//4 876//4 702//4
f 701//3 703//3 877//3 875//3
f 702//4 876//4 878//4 704//4
f 703//3 705//3 879//3 877//3
f 704//4 878//4 880//4 706//4
f 705//3 707//3 881//3 879//3
f 706//4 880//4 882//4 708//4
f 707//3 709//3 883//3 881//3
f 708//4 882//4 884//4 710//4
f 709//3 711//3 885//3 883//3
f 710//4 884//4 886//4 712//4
f 711//3 713//3 887//3 885//3
f 712//4 886//4 888//4 714//4
f 713//3 715//3 889//3 887//3
f 714//4 888//4 890//4 716//4
f 715//3 717//3 891//3 889//3
f 716//4 890//4 892//4 718//4
f 717//3 719//3 893//3 891//3
f 718//4 892//4 894//4 720//4
f 719//3 721//3 895//3 893//3
f 720//4 894//4 896//4 722//4
f 721//3 723//3 897//3 895//3
f 722//4 896//4 898//4 724//4
f 723//3 725//3 899//3 897//3
f 724//4 898//4 900//4 726//4
f 725//3 727//3 901//3 899//3
f 726//4 900//4 902//4 728//4
f 727//3 729//3 903//3 901//3
f 728//4 902//4 904//4 730//4
f 729//3 731//3 905//3 903//3
f 730//4 904//4 906//4 732//4
f 731//3 733//3 907//3 905//3
f 732//4 906//4 908//4 734//4
f 733//3 735//3 909//3 907//3
f 734//4 908//4 910//4 736//4
f 735//3 737//3 911//3 909//3
f 736//4 910//4 912//4 738//4
f 737//3 739//3 913//3 911//3
f 738//4 912//4 914//4 740//4
f 739//3 744//3 915//3 913//3
f 740//4 914//4 916//4 743//4
f 917//2 918//2 919//2 920//2
f 744//3 917//3 920//3 915//3
f 743//4 916//4 919//4 918//4
f 744//5 743//5 918//5 917//5
f 1061//1 1062//1 1063//1 1064//1
f 1061//3 842//3 1065//3 1062//3
f 1064//4 1063//4 1066//4 843//4
f 1061//5 1064//5 843//5 842//5
f 842//3 845//3 1067//3 1065//3
f 843//4 1066//4 1068//4 846//4
f 845//3 847//3 1069//3 1067//3
f 846//4 1068//4 1070//4 848//4
f 847//3 849//3 1071//3 1069//3
f 848//4 1070//4 1072//4 850//4
f 849//3 851//3 1073//3 1071//3
f 850//4 1072//4 1074//4 852//4
f 851//3 853//3 1075//3 1073//3
f 852//4 1074//4 1076//4 854//4
f 853//3 855//3 1077//3 1075//3
f 854//4 1076//4 1078//4 856//4
f 855//3 857//3 1079//3 1077//3
f 856//4 1078//4 1080//4 858//4
f 857//3 859//3 1081//3 1079//3
f 858//4 1080//4 1082//4 860//4
f 859//3 861//3 1083//3 1081//3
f 860//4 1082//4 1084//4 862//4
f 861//3 863//3 1085//3 1083//3
f 862//4 1084//4 1086//4 864//4
f 863//3 865//3 1087//3 1085//3
f 864//4 1086//4 1088//4 866//4
f 865//3 867//3 1089//3 1087//3
f 866//4 1088//4 1090//4 868//4
f 867//3 869//3 1091//3 1089//3
f 868//4 1090//4 1092//4 870//4
f 869//3 871//3 1093//3 1091//3
f 870//4 1092//4 1094//4 872//4
f 871//3 873//3 1095//3 1093//3
f 872//4 1094//4 1096//4 874//4
f 873//3 875//3 1097//3 1095//3
f 874//4 1096//4 1098//4 876//4
f 875//3 877//3 1099//3 1097//3
f 876//4 1098//4 1100//4 878//4
f 877//3 879//3 1101//3 1099//3
f 878//4 1100//4 1102//4 880//4
f 879//3 881//3 1103//3 1101//3
f 880//4 1102//4 1104//4 882//4
f 881//3 883//3 1105//3 1103//3
f 882//4 1104//4 1106//4 884//4
f 883//3 885//3 1107//3 1105//3
f 884//4 1106//4 1108//4 886//4
f 885//3 887//3 1109//3 1107//3
f 886//4 1108//4 1110//4 888//4
f 887//3 889//3 1111//3 1109//3
f 888//4 1110//4 1112//4 890//4
f 889//3 891//3 1113//3 1111//3
f 890//4 1112//4 1114//4 892//4
f 891//3 893//3 1115//3 1113//3
f 892//4 1114//4 1116//4 894//4
f 893//3 895//3 1117//3 1115//3
f 894//4 1116//4 1118//4 896//4
f 895//3 897//3 1119//3 1117//3
f 896//4 1118//4 1120//4 898//4
f 897//3 899//3 1121//3 1119//3
f 898//4 1120//4 1122//4 900//4
f 899//3 901//3 1123//3 1121//3
f 900//4 1122//4 1124//4 902//4
f 901//3 903//3 1125//3 1123//3
f 902//4 1124//4 1126//4 904//4
f 903//3 905//3 1127//3 1125//3
f 904//4 1126//4 1128//4 906//4
f 905//3 907//3 1129//3 1127//3
f 906//4 1128//4 1130//4 908//4
f 907//3 909//3 1131//3 1129//3
f 908//4 1130//4 1132//4 910//4
f 909//3 911//3 1133//3 1131//3
f 910//4 1132//4 1134//4 912//4
f 911//3 913//3 1135//3 1133//3
f 912//4 1134//4 1136//4 914//4
f 913//3 915//3 1137//3 1135//3
f 914//4 1136//4 1138//4 916//4
f 915//3 920//3 1139//3 1137//3
f 916//4 1138//4 1140//4 919//4
f 1141//2 1142//2 1143//2 1144//2
f 920//3 1141//3 1144//3 1139//3
f 919//4 1140//4 1143//4 1142//4
f 920//5 919//5 1142//5 1141//5
f 1409//1 1410//1 1411//1 1412//1
f 1409//3 1062//3 1413//3 1410//3
f 1412//4 1411//4 1414//4 1063//4
f 1409//5 1412//5 1063//5 1062//5
f 1062//3 1065//3 1415//3 1413//3
f 1063//4 1414//4 1416//4 1066//4
f 1065//3 1067//3 1417//3 1415//3
f 1066//4 1416//4 1418//4 1068//4
f 1067//3 1069//3 1419//3 1417//3
f 1068//4 1418//4 1420//4 1070//4
f 1069//3 1071//3 1421//3 1419//3
f 1070//4 1420//4 1422//4 1072//4
f 1071//3 1073//3 1423//3 1421//3
f 1072//4 1422//4 1424//4 1074//4
f 1073//3 1075//3 1425//3 1423//3
f 1074//4 1424//4 1426//4 1076//4
f 1075//3 1077//3 1427//3 1425//3
f 1076//4 1426//4 1428//4 1078//4
f 1077//3 1079//3 1429//3 1427//3
f 1078//4 1428//4 1430//4 1080//4
f 1079//3 1081//3 1431//3 1429//3
f 1080//4 1430//4 1432//4 1082//4
f 1081//3 1083//3 1433//3 1431//3
f 1082//4 1432//4 1434//4 1084//4
f 1083//3 1085//3 1435//3 1433//3
f 1084//4 1434//4 1436//4 1086//4
f 1085//3 1087//3 1437//3 1435//3
f 1086//4 1436//4 1438//4 1088//4
f 1087//3 1089//3 1439//3 1437//3
f 1088//4 1438//4 1440//4 1090//4
f 1089//3 1091//3 1441//3 1439//3
f 1090//4 1440//4 1442//4 1092//4
f 1091//3 1093//3 1443//3 1441//3
f 1092//4 1442//4 1444//4 1094//4
f 1093//3 1095//3 1445//3 1443//3
f 1094//4 1444//4 1446//4 1096//4
f 1095//3 1097//3 1447//3 1445//3
f 1096//4 1446//4 1448//4 1098//4
f 1097//3 1099//3 1449//3 1447//3
f 1098//4 1448//4 1450//4 1100//4
f 1099//3 1101//3 1451//3 1449//3
f 1100//4 1450//4 1452//4 1102//4
f 1101//3 1103//3 1453//3 1451//3
f 1102//4 1452//4 1454//4 1104//4
f 1103//3 1105//3 1455//3 1453//3
f 1104//4 1454//4 1456//4 1106//4
f 1105//3 1107//3 1457//3 1455//3
f 1106//4 1456//4 1458//4 1108//4
f 1107//3 1109//3 1459//3 1457//3
f 1108//4 1458//4 1460//4 1110//4
f 1109//3 1111//3 1461//3 1459//3
f 1110//4 1460//4 1462//4 1112//4
f 1111//3 1113//3 1463//3 1461//3
f 1112//4 1462//4 1464//4 1114//4
f 1113//3 1115//3 1465//3 1463//3
f 1114//4 1464//4 1466//4 1116//4
f 1115//3 1117//3 1467//3 1465//3
f 1116//4 1466//4 1468//4 1118//4
f 1117//3 1119//3 1469//3 1467//3
f 1118//4 1468//4 1470//4 1120//4
f 1119//3 1121//3 1471//3 1469//3
f 1120//4 1470//4 1472//4 1122//4
f 1121//3 1123//3 1473//3 1471//3
f 1122//4 1472//4 1474//4 1124//4
f 1123//3 1125//3 1475//3 1473//3
f 1124//4 1474//4 1476//4 1126//4
f 1125//3 1127//3 1477//3 1475//3
f 1126//4 1476//4 1478//4 1128//4
f 1127//3 1129//3 1479//3 1477//3
f 1128//4 1478//4 1480//4 1130//4
f 1129//3 1131//3 1481//3 1479//3
f 1130//4 1480//4 1482//4 1132//4
f 1131//3 1133//3 1483//3 1481//3
f 1132//4 1482//4 1484//4 1134//4
f 1133//3 1135//3 1485//3 1483//3
f 1134//4 1484//4 1486//4 1136//4
f 1135//3 1137//3 1487//3 1485//3
f 1136//4 1486//4 1488//4 1138//4
f 1137//3 1139//3 1489//3 1487//3
f 1138//4 1488//4 1490//4 1140//4
f 1139//3 1144//3 1491//3 1489//3
f 1140//4 1490//4 1492//4 1143//4
f 1493//2 1494//2 1495//2 1496//2
f 1144//3 1493//3 1496//3 1491//3
f 1143//4 1492//4 1495//4 1494//4
f 1144//5 1143//5 1494//5 1493//5
f 1410//1 1825//1 1826//1 1411//1
f 1410//3 1413//3 1827//3 1825//3
f 1411//4 1826//4 1828//4 1414//4
f 1413//3 1415//3 1829//3 1827//3
f 1414//4 1828//4 1830//4 1416//4
f 1415//3 1417//3 1831//3 1829//3
f 1416//4 1830//4 1832//4 1418//4
f 1417//3 1419//3 1833//3 1831//3
f 1418//4 1832//4 1834//4 1420//4
f 1419//3 1421//3 1835//3 1833//3
f 1420//4 1834//4 1836//4 1422//4
f 1421//3 1423//3 1837//3 1835//3
f 1422//4 1836//4 1838//4 1424//4
f 1423//3 1425//3 1839//3 1837//3
f 1424//4 1838//4 1840//4 1426//4
f 1425//3 1427//3 1841//3 1839//3
f 1426//4 1840//4 1842//4 1428//4
f 1427//3 1429//3 1843//3 1841//3
f 1428//4 1842//4 1844//4 1430//4
f 1429//3 1431//3 1845//3 1843//3
f 1430//4 1844//4 1846//4 1432//4
f 1431//3 1433//3 1847//3 1845//3
f 1432//4 1846//4 1848//4 1434//4
f 1433//3 1435//3 1849//3 1847//3
f 1434//4 1848//4 1850//4 1436//4
f 1435//3 1437//3 1851//3 1849//3
f 1436//4 1850//4 1852//4 1438//4
f 1437//3 1439//3 1853//3 1851//3
f 1438//4 1852//4 1854//4 1440//4
f 1439//3 1441//3 1855//3 1853//3
f 1440//4 1854//4 1856//4 1442//4
f 1441//3 1443//3 1857//3 1855//3
f 1442//4 1856//4 1858//4 1444//4
f 1443//3 1445//3 1859//3 1857//3
f 1444//4 1858//4 1860//4 1446//4
f 1445//3 1447//3 1861//3 1859//3
f 1446//4 1860//4 1862//4 1448//4
f 1447//3 1449//3 1863//3 1861//3
f 1448//4 1862//4 1864//4 1450//4
f 1449//3 1451//3 1865//3 1863//3
f 1450//4 1864//4 1866//4 1452//4
f 1451//3 1453//3 1867//3 1865//3
f 1452//4 1866//4 1868//4 1454//4
f 1453//3 1455//3 1869//3 1867//3
f 1454//4 1868//4 1870//4 1456//4
f 1455//3 1457//3 1871//3 1869//3
f 1456//4 1870//4 1872//4 1458//4
f 1457//3 1459//3 1873//3 1871//3
f 1458//4 1872//4 1874//4 1460//4
f 1459//3 1461//3 1875//3 1873//3
f 1460//4 1874//4 1876//4 1462//4
f 1461//3 1463//3 1877//3 1875//3
f 1462//4 1876//4 1878//4 1464//4
f 1463//3 1465//3 1879//3 1877//3
f 1464//4 1878//4 1880//4 1466//4
f 1465//3 1467//3 1881//3 1879//3
f 1466//4 1880//4 1882//4 1468//4
f 1467//3 1469//3 1883//3 1881//3
f 1468//4 1882//4 1884//4 1470//4
f 1469//3 1471//3 1885//3 1883//3
f 1470//4 1884//4 1886//4 1472//4
f 1471//3 1473//3 1887//3 1885//3
f 1472//4 1886//4 1888//4 1474//4
f 1473//3 1475//3 1889//3 1887//3
f 1474//4 1888//4 1890//4 1476//4
f 1475//3 1477//3 1891//3 1889//3
f 1476//4 1890//4 1892//4 1478//4
f 1477//3 1479//3 1893//3 1891//3
f 1478//4 1892//4 1894//4 1480//4
f 1479//3 1481//3 1895//3 1893//3
f 1480//4 1894//4 1896//4 1482//4
f 1481//3 1483//3 1897//3 1895//3
f 1482//4 1896//4 1898//4 1484//4
f 1483//3 1485//3 1899//3 1897//3
f 1484//4 1898//4 1900//4 1486//4
f 1485//3 1487//3 1901//3 1899//3
f 1486//4 1900//4 1902//4 1488//4
f 1487//3 1489//3 1903//3 1901//3
f 1488//4 1902//4 1904//4 1490//4
f 1489//3 1491//3 1905//3 1903//3
f 1490//4 1904//4 1906//4 1492//4
f 1496//2 1495//2 1907//2 1908//2
f 1491//3 1496//3 1908//3 1905//3
f 1492//4 1906//4 1907//4 1495//4
f 2417//1 2418//1 2419//1 2420//1
f 2417//3 1825//3 2421//3 2418//3
f 2420//4 2419//4 2422//4 1826//4
f 2417//5 2420//5 1826//5 1825//5
f 1825//3 1827//3 2423//3 2421//3
f 1826//4 2422//4 2424//4 1828//4
f 1827//3 1829//3 2425//3 2423//3
f 1828//4 2424//4 2426//4 1830//4
f 1829//3 1831//3 2427//3 2425//3
f 1830//4 2426//4 2428//4 1832//4
f 1831//3 1833//3 2429//3 2427//3
f 1832//4 2428//4 2430//4 1834//4
f 1833//3 1835//3 2431//3 2429//3
f 1834//4 2430//4 2432//4 1836//4
f 1835//3 1837//3 2433//3 2431//3
f 1836//4 2432//4 2434//4 1838//4
f 1837//3 1839//3 2435//3 2433//3
f 1838//4 2434//4 2436//4 1840//4
f 1839//3 1841//3 2437//3 2435//3
f 1840//4 2436//4 2438//4 1842//4
f 1841//3 1843//3 2439//3 2437//3
f 1842//4 2438//4 2440//4 1844//4
f 1843//3 1845//3 2441//3 2439//3
f 1844//4 2440//4 2442//4 1846//4
f 1845//3 1847//3 2443//3 2441//3
f 1846//4 2442//4 2444//4 1848//4
f 1847//3 1849//3 2445//3 2443//3
f 1848//4 2444//4 2446//4 1850//4
f 1849//3 1851//3 2447//3 2445//3
f 1850//4 2446//4 2448//4 1852//4
f 1851//3 1853//3 2449//3 2447//3
f 1852//4 2448//4 2450//4 1854//4
f 1853//3 1855//3 2451//3 2449//3
f 1854//4 2450//4 2452//4 1856//4
f 1855//3 1857//3 2453//3 2451//3
f 1856//4 2452//4 2454//4 1858//4
f 1857//3 1859//3 2455//3 2453//3
f 1858//4 2454//4 2456//4 1860//4
f 1859//3 1861//3 2457//3 2455//3
f 1860//4 2456//4 2458//4 1862//4
f 1861//3 1863//3 2459//3 2457//3
f 1862//4 2458//4 2460//4 1864//4
f 1863//3 1865//3 2461//3 2459//3
f 1864//4 2460//4 2462//4 1866//4
f 1865//3 1867//3 2463//3 2461//3
f 1866//4 2462//4 2464//4 1868//4
f 1867//3 1869//3 2465//3 2463//3
f 1868//4 2464//4 2466//4 1870//4
f 1869//3 1871//3 2467//3 2465//3
f 1870//4 2466//4 2468//4 1872//4
f 1871//3 1873//3 2469//3 2467//3
f 1872//4 2468//4 2470//4 1874//4
f 1873//3 1875//3 2471//3 2469//3
f 1874//4 2470//4 2472//4 1876//4
f 1875//3 1877//3 2473//3 2471//3
f 1876//4 2472//4 2474//4 1878//4
f 1877//3 1879//3 2475//3 2473//3
f 1878//4 2474//4 2476//4 1880//4
f 1879//3 1881//3 2477//3 2475//3
f 1880//4 2476//4 2478//4 1882//4
f 1881//3 1883//3 2479//3 2477//3
f 1882//4 2478//4 2480//4 1884//4
f 1883//3 1885//3 2481//3 2479//3
f 1884//4 2480//4 2482//4 1886//4
f 1885//3 1887//3 2483//3 2481//3
f 1886//4 2482//4 2484//4 1888//4
f 1887//3 1889//3 2485//3 2483//3
f 1888//4 2484//4 2486//4 1890//4
f 1889//3 1891//3 2487//3 2485//3
f 1890//4 2486//4 2488//4 1892//4
f 1891//3 1893//3 2489//3 2487//3
f 1892//4 2488//4 2490//4 1894//4
f 1893//3 1895//3 2491//3 2489//3
f 1894//4 2490//4 2492//4 1896//4
f 1895//3 1897//3 2493//3 2491//3
f 1896//4 2492//4 2494//4 1898//4
f 1897//3 1899//3 2495//3 2493//3
f 1898//4 2494//4 2496//4 1900//4
f 1899//3 1901//3 2497//3 2495//3
f 1900//4 2496//4 2498//4 1902//4
f 1901//3 1903//3 2499//3 2497//3
f 1902//4 2498//4 2500//4 1904//4
f 1903//3 1905//3 2501//3 2499//3
f 1904//4 2500//4 2502//4 1906//4
f 1905//3 1908//3 2503//3 2501//3
f 1906//4 2502//4 2504//4 1907//4
f 2505//2 2506//2 2507//2 2508//2
f 1908//3 2505//3 2508//3 2503//3
f 1907//4 2504//4 2507//4 2506//4
f 1908//5 1907//5 2506//5 2505//5
f 2418//1 2901//1 2902//1 2419//1
f 2418//3 2421//3 2903//3 2901//3
f 2419//4 2902//4 2904//4 2422//4
f 2421//3 2423//3 2905//3 2903//3
f 2422//4 2904//4 2906//4 2424//4
f 2423//3 2425//3 2907//3 2905//3
f 2424//4 2906//4 2908//4 2426//4
f 2425//3 2427//3 2909//3 2907//3
f 2426//4 2908//4 2910//4 2428//4
f 2427//3 2429//3 2911//3 2909//3
f 2428//4 2910//4 2912//4 2430//4
f 2429//3 2431//3 2913//3 2911//3
f 2430//4 2912//4 2914//4 2432//4
f 2431//3 2433//3 2915//3 2913//3
f 2432//4 2914//4 2916//4 2434//4
f 2433//3 2435//3 2917//3 2915//3
f 2434//4 2916//4 2918//4 2436//4
f 2435//3 2437//3 2919//3 2917//3
f 2436//4 2918//4 2920//4 2438//4
f 2437//3 2439//3 2921//3 2919//3
f 2438//4 2920//4 2922//4 2440//4
f 2439//3 2441//3 2923//3 2921//3
f 2440//4 2922//4 2924//4 2442//4
f 2441//3 2443//3 2925//3 2923//3
f 2442//4 2924//4 2926//4 2444//4
f 2443//3 2445//3 2927//3 2925//3
f 2444//4 2926//4 2928//4 2446//4
f 2445//3 2447//3 2929//3 2927//3
f 2446//4 2928//4 2930//4 2448//4
f 2447//3 2449//3 2931//3 2929//3
f 2448//4 2930//4 2932//4 2450//4
f 2449//3 2451//3 2933//3 2931//3
f 2450//4 2932//4 2934//4 2452//4
f 2451//3 2453//3 2935//3 2933//3
f 2452//4 2934//4 2936//4 2454//4
f 2453//3 2455//3 2937//3 2935//3
f 2454//4 2936//4 2938//4 2456//4
f 2455//3 2457//3 2939//3 2937//3
f 2456//4 2938//4 2940//4 2458//4
f 2457//3 2459//3 2941//3 2939//3
f 2458//4 2940//4 2942//4 2460//4
f 2459//3 2461//3 2943//3 2941//3
f 2460//4 2942//4 2944//4 2462//4
f 2461//3 2463//3 2945//3 2943//3
f 2462//4 2944//4 2946//4 2464//4
f 2463//3 2465//3 2947//3 2945//3
f 2464//4 2946//4 2948//4 2466//4
f 2465//3 2467//3 2949//3 2947//3
f 2466//4 2948//4 2950//4 2468//4
f 2467//3 2469//3 2951//3 2949//3
f 2468//4 2950//4 2952//4 2470//4
f 2469//3 2471//3 2953//3 2951//3
f 2470//4 2952//4 2954//4 2472//4
f 2471//3 2473//3 2955//3 2953//3
f 2472//4 2954//4 2956//4 2474//4
f 2473//3 2475//3 2957//3 2955//3
f 2474//4 2956//4 2958//4 2476//4
f 2475//3 2477//3 2959//3 2957//3
f 2476//4 2958//4 2960//4 2478//4
f 2477//3 2479//3 2961//3 2959//3
f 2478//4 2960//4 2962//4 2480//4
f 2479//3 2481//3 2963//3 2961//3
f 2480//4 2962//4 2964//4 2482//4
f 2481//3 2483//3 2965//3 2963//3
f 2482//4 2964//4 2966//4 2484//4
f 2483//3 2485//3 2967//3 2965//3
f 2484//4 2966//4 2968//4 2486//4
f 2485//3 2487//3 2969//3 2967//3
f 2486//4 2968//4 2970//4 2488//4
f 2487//3 2489//3 2971//3 2969//3
f 2488//4 2970//4 2972//4 2490//4
f 2489//3 2491//3 2973//3 2971//3
f 2490//4 2972//4 2974//4 2492//4
f 2491//3 2493//3 2975//3 2973//3
f 2492//4 2974//4 2976//4 2494//4
f 2493//3 2495//3 2977//3 2975//3
f 2494//4 2976//4 2978//4 2496//4
f 2495//3 2497//3 2979//3 2977//3
f 2496//4 2978//4 2980//4 2498//4
f 2497//3 2499//3 2981//3 2979//3
f 2498//4 2980//4 2982//4 2500//4
f 2499//3 2501//3 2983//3 2981//3
f 2500//4 2982//4 2984//4 2502//4
f 2501//3 2503//3 2985//3 2983//3
f 2502//4 2984//4 2986//4 2504//4
f 2508//2 2507//2 2987//2 2988//2
f 2503//3 2508//3 2988//3 2985//3
f 2504//4 2986//4 2987//4 2507//4
f 2901//1 3408//1 3409//1 2902//1
f 2901//3 2903//3 3410//3 3408//3
f 2902//4 3409//4 3411//4 2904//4
f 2903//3 2905//3 3412//3 3410//3
f 2904//4 3411//4 3413//4 2906//4
f 2905//3 2907//3 3414//3 3412//3
f 2906//4 3413//4 3415//4 2908//4
f 2907//3 2909//3 3416//3 3414//3
f 2908//4 3415//4 3417//4 2910//4
f 2909//3 2911//3 3418//3 3416//3
f 2910//4 3417//4 3419//4 2912//4
f 2911//3 2913//3 3420//3 3418//3
f 2912//4 3419//4 3421//4 2914//4
f 2913//3 2915//3 3422//3 3420//3
f 2914//4 3421//4 3423//4 2916//4
f 2915//3 2917//3 3424//3 3422//3
f 2916//4 3423//4 3425//4 2918//4
f 2917//3 2919//3 3426//3 3424//3
f 2918//4 3425//4 3427//4 2920//4
f 2919//3 2921//3 3428//3 3426//3
f 2920//4 3427//4 3429//4 2922//4
f 2921//3 2923//3 3430//3 3428//3
f 2922//4 3429//4 3431//4 2924//4
f 2923//3 2925//3 3432//3 3430//3
f 2924//4 3431//4 3433//4 2926//4
f 2925//3 2927//3 3434//3 3432//3
f 2926//4 3433//4 3435//4 2928//4
f 2927//3 2929//3 3436//3 3434//3
f 2928//4 3435//4 3437//4 2930//4
f 2929//3 2931//3 3438//3 3436//3
f 2930//4 3437//4 3439//4 2932//4
f 2931//3 2933//3 3440//3 3438//3
f 2932//4 3439//4 3441//4 2934//4
f 2933//3 2935//3 3442//3 3440//3
f 2934//4 3441//4 3443//4 2936//4
f 2935//3 2937//3 3444//3 3442//3
f 2936//4 3443//4 3445//4 2938//4
f 2937//3 2939//3 3446//3 3444//3
f 2938//4 3445//4 3447//4 2940//4
f 2939//3 2941//3 3448//3 3446//3
f 2940//4 3447//4 3449//4 2942//4
f 2941//3 2943//3 3450//3 3448//3
f 2942//4 3449//4 3451//4 2944//4
f 2943//3 2945//3 3452//3 3450//3
f 2944//4 3451//4 3453//4 2946//4
f 2945//3 2947//3 3454//3 3452//3
f 2946//4 3453//4 3455//4 2948//4
f 2947//3 2949//3 3456//3 3454//3
f 2948//4 3455//4 3457//4 2950//4
f 2949//3 2951//3 3458//3 3456//3
f 2950//4 3457//4 3459//4 2952//4
f 2951//3 2953//3 3460//3 3458//3
f 2952//4 3459//4 3461//4 2954//4
f 2953//3 2955//3 3462//3 3460//3
f 2954//4 3461//4 3463//4 2956//4
f 2955//3 2957//3 3464//3 3462//3
f 2956//4 3463//4 3465//4 2958//4
f 2957//3 2959//3 3466//3 3464//3
f 2958//4 3465//4 3467//4 2960//4
f 2959//3 2961//3 3468//3 3466//3
f 2960//4 3467//4 3469//4 2962//4
f 2961//3 2963//3 3470//3 3468//3
f 2962//4 3469//4 3471//4 2964//4
f 2963//3 2965//3 3472//3 3470//3
f 2964//4 3471//4 3473//4 2966//4
f 2965//3 2967//3 3474//3 3472//3
f 2966//4 3473//4 3475//4 2968//4
f 2967//3 2969//3 3476//3 3474//3
f 2968//4 3475//4 3477//4 2970//4
f 2969//3 2971//3 3478//3 3476//3
f 2970//4 3477//4 3479//4 2972//4
f 2971//3 2973//3 3480//3 3478//3
f 2972//4 3479//4 3481//4 2974//4
f 2973//3 2975//3 3482//3 3480//3
f 2974//4 3481//4 3483//4 2976//4
f 2975//3 2977//3 3484//3 3482//3
f 2976//4 3483//4 3485//4 2978//4
f 2977//3 2979//3 3486//3 3484//3
f 2978//4 3485//4 3487//4 2980//4
f 2979//3 2981//3 3488//3 3486//3
f 2980//4 3487//4 3489//4 2982//4
f 2981//3 2983//3 3490//3 3488//3
f 2982//4 3489//4 3491//4 2984//4
f 2983//3 2985//3 3492//3 3490//3
f 2984//4 3491//4 3493//4 2986//4
f 2988//2 2987//2 3494//2 3495//2
f 2985//3 2988//3 3495//3 3492//3
f 2986//4 3493//4 3494//4 2987//4
f 3408//1 3981//1 3982//1 3409//1
f 3408//3 3410//3 3983//3 3981//3
f 3409//4 3982//4 3984//4 3411//4
f 3410//3 3412//3 3985//3 3983//3
f 3411//4 3984//4 3986//4 3413//4
f 3412//3 3414//3 3987//3 3985//3
f 3413//4 3986//4 3988//4 3415//4
f 3414//3 3416//3 3989//3 3987//3
f 3415//4 3988//4 3990//4 3417//4
f 3416//3 3418//3 3991//3 3989//3
f 3417//4 3990//4 3992//4 3419//4
f 3418//3 3420//3 3993//3 3991//3
f 3419//4 3992//4 3994//4 3421//4
f 3420//3 3422//3 3995//3 3993//3
f 3421//4 3994//4 3996//4 3423//4
f 3422//3 3424//3 3997//3 3995//3
f 3423//4 3996//4 3998//4 3425//4
f 3424//3 3426//3 3999//3 3997//3
f 3425//4 3998//4 4000//4 3427//4
f 3426//3 3428//3 4001//3 3999//3
f 3427//4 4000//4 4002//4 3429//4
f 3428//3 3430//3 4003//3 4001//3
f 3429//4 4002//4 4004//4 3431//4
f 3430//3 3432//3 4005//3 4003//3
f 3431//4 4004//4 4006//4 3433//4
f 3432//3 3434//3 4007//3 4005//3
f 3433//4 4006//4 4008//4 3435//4
f 3434//3 3436//3 4009//3 4007//3
f 3435//4 4008//4 4010//4 3437//4
f 3436//3 3438//3 4011//3 4009//3
f 3437//4 4010//4 4012//4 3439//4
f 3438//3 3440//3 4013//3 4011//3
f 3439//4 4012//4 4014//4 3441//4
f 3440//3 3442//3 4015//3 4013//3
f 3441//4 4014//4 4016//4 3443//4
f 3442//3 3444//3 4017//3 4015//3
f 3443//4 4016//4 4018//4 3445//4
f 3444//3 3446//3 4019//3 4017//3
f 3445//4 4018//4 4020//4 3447//4
f 3446//3 3448//3 4021//3 4019//3
f 3447//4 4020//4 4022//4 3449//4
f 3448//3 3450//3 4023//3 4021//3
f 3449//4 4022//4 4024//4 3451//4
f 3450//3 3452//3 4025//3 4023//3
f 3451//4 4024//4 4026//4 3453//4
f 3452//3 3454//3 4027//3 4025//3
f 3453//4 4026//4 4028//4 3455//4
f 3454//3 3456//3 4029//3 4027//3
f 3455//4 4028//4 4030//4 3457//4
f 3456//3 3458//3 4031//3 4029//3
f 3457//4 4030//4 4032//4 3459//4
f 3458//3 3460//3 4033//3 4031//3
f 3459//4 4032//4 4034//4 3461//4
f 3460//3 3462//3 4035//3 4033//3
f 3461//4 4034//4 4036//4 3463//4
f 3462//3 3464//3 4037//3 4035//3
f 3463//4 4036//4 4038//4 3465//4
f 3464//3 3466//3 4039//3 4037//3
f 3465//4 4038//4 4040//4 3467//4
f 3466//3 3468//3 4041//3 4039//3
f 3467//4 4040//4 4042//4 3469//4
f 3468//3 3470//3 4043//3 4041//3
f 3469//4 4042//4 4044//4 3471//4
f 3470//3 3472//3 4045//3 4043//3
f 3471//4 4044//4 4046//4 3473//4
f 3472//3 3474//3 4047//3 4045//3
f 3473//4 4046//4 4048//4 3475//4
f 3474//3 3476//3 4049//3 4047//3
f 3475//4 4048//4 4050//4 3477//4
f 3476//3 3478//3 4051//3 4049//3
f 3477//4 4050//4 4052//4 3479//4
f 3478//3 3480//3 4053//3 4051//3
f 3479//4 4052//4 4054//4 3481//4
f 3480//3 3482//3 4055//3 4053//3
f 3481//4 4054//4 4056//4 3483//4
f 3482//3 3484//3 4057//3 4055//3
f 3483//4 4056//4 4058//4 3485//4
f 3484//3 3486//3 4059//3 4057//3
f 3485//4 4058//4 4060//4 3487//4
f 3486//3 3488//3 4061//3 4059//3
f 3487//4 4060//4 4062//4 3489//4
f 3488//3 3490//3 4063//3 4061//3
f 3489//4 4062//4 4064//4 3491//4
f 3490//3 3492//3 4065//3 4063//3
f 3491//4 4064//4 4066//4 3493//4
f 3495//2 3494//2 4067//2 4068//2
f 3492//3 3495//3 4068//3 4065//3
f 3493//4 4066//4 4067//4 3494//4
f 4024//1 4538//1 4539//1 4540//1
f 4026//2 4541//2 4542//2 4543//2
f 4540//4 4539//4 4542//4 4541//4
f 4024//5 4540//5 4541//5 4026//5
f 4538//6 4543//6 4542//6 4539//6
f 4544//1 4545//1 4546//1 4547//1
f 4544//3 3981//3 4548//3 4545//3
f 4547//4 4546//4 4549//4 3982//4
f 4544//5 4547//5 3982//5 3981//5
f 4545//6 4548//6 4549//6 4546//6
f 3981//3 3983//3 4550//3 4548//3
f 3982//4 4549//4 4551//4 3984//4
f 3983//3 3985//3 4552//3 4550//3
f 3984//4 4551//4 4553//4 3986//4
f 3985//3 3987//3 4554//3 4552//3
f 3986//4 4553//4 4555//4 3988//4
f 3987//3 3989//3 4556//3 4554//3
f 3988//4 4555//4 4557//4 3990//4
f 3989//3 3991//3 4558//3 4556//3
f 3990//4 4557//4 4559//4 3992//4
f 3991//3 3993//3 4560//3 4558//3
f 3992//4 4559//4 4561//4 3994//4
f 3993//3 3995//3 4562//3 4560//3
f 3994//4 4561//4 4563//4 3996//4
f 3995//3 3997//3 4564//3 4562//3
f 3996//4 4563//4 4565//4 3998//4
f 3997//3 3999//3 4566//3 4564//3
f 3998//4 4565//4 4567//4 4000//4
f 3999//3 4001//3 4568//3 4566//3
f 4000//4 4567//4 4569//4 4002//4
f 4001//3 4003//3 4570//3 4568//3
f 4002//4 4569//4 4571//4 4004//4
f 4003//3 4005//3 4572//3 4570//3
f 4004//4 4571//4 4573//4 4006//4
f 4005//3 4007//3 4574//3 4572//3
f 4006//4 4573//4 4575//4 4008//4
f 4007//3 4009//3 4576//3 4574//3
f 4008//4 4575//4 4577//4 4010//4
f 4009//3 4011//3 4578//3 4576//3
f 4010//4 4577//4 4579//4 4012//4
f 4011//3 4013//3 4580//3 4578//3
f 4012//4 4579//4 4581//4 4014//4
f 4013//3 4015//3 4582//3 4580//3
f 4014//4 4581//4 4583//4 4016//4
f 4015//3 4017//3 4584//3 4582//3
f 4016//4 4583//4 4585//4 4018//4
f 4017//3 4019//3 4586//3 4584//3
f 4018//4 4585//4 4587//4 4020//4
f 4019//3 4021//3 4588//3 4586//3
f 4020//4 4587//4 4589//4 4022//4
f 4021//3 4023//3 4590//3 4588//3
f 4022//4 4589//4 4538//4 4024//4
f 4025//3 4027//3 4591//3 4592//3
f 4026//4 4543//4 4593//4 4028//4
f 4027//3 4029//3 4594//3 4591//3
f 4028//4 4593//4 4595//4 4030//4
f 4029//3 4031//3 4596//3 4594//3
f 4030//4 4595//4 4597//4 4032//4
f 4031//3 4033//3 4598//3 4596//3
f 4032//4 4597//4 4599//4 4034//4
f 4033//3 4035//3 4600//3 4598//3
f 4034//4 4599//4 4601//4 4036//4
f 4035//3 4037//3 4602//3 4600//3
f 4036//4 4601//4 4603//4 4038//4
f 4037//3 4039//3 4604//3 4602//3
f 4038//4 4603//4 4605//4 4040//4
f 4039//3 4041//3 4606//3 4604//3
f 4040//4 4605//4 4607//4 4042//4
f 4041//3 4043//3 4608//3 4606//3
f 4042//4 4607//4 4609//4 4044//4
f 4043//3 4045//3 4610//3 4608//3
f 4044//4 4609//4 4611//4 4046//4
f 4045//3 4047//3 4612//3 4610//3
f 4046//4 4611//4 4613//4 4048//4
f 4047//3 4049//3 4614//3 4612//3
f 4048//4 4613//4 4615//4 4050//4
f 4049//3 4051//3 4616//3 4614//3
f 4050//4 4615//4 4617//4 4052//4
f 4051//3 4053//3 4618//3 4616//3
f 4052//4 4617//4 4619//4 4054//4
f 4053//3 4055//3 4620//3 4618//3
f 4054//4 4619//4 4621//4 4056//4
f 4055//3 4057//3 4622//3 4620//3
f 4056//4 4621//4 4623//4 4058//4
f 4057//3 4059//3 4624//3 4622//3
f 4058//4 4623//4 4625//4 4060//4
f 4059//3 4061//3 4626//3 4624//3
f 4060//4 4625//4 4627//4 4062//4
f 4061//3 4063//3 4628//3 4626//3
f 4062//4 4627//4 4629//4 4064//4
f 4063//3 4065//3 4630//3 4628//3
f 4064//4 4629//4 4631//4 4066//4
f 4065//3 4068//3 4632//3 4630//3
f 4066//4 4631//4 4633//4 4067//4
f 4634//2 4635//2 4636//2 4637//2
f 4068//3 4634//3 4637//3 4632//3
f 4067//4 4633//4 4636//4 4635//4
f 4068//5 4067//5 4635//5 4634//5
f 4632//6 4637//6 4636//6 4633//6
f 4638//1 4639//1 4590//1 4023//1
f 4640//2 4025//2 4592//2 4641//2
f 4638//3 4640//3 4641//3 4639//3
f 4638//5 4023//5 4025//5 4640//5
f 4639//6 4641//6 4592//6 4590//6
f 4548//1 5138//1 5139//1 4549//1
f 4548//3 4550//3 5140//3 5138//3
f 4549//4 5139//4 5141//4 4551//4
f 4550//3 4552//3 5142//3 5140//3
f 4551//4 5141//4 5143//4 4553//4
f 4552//3 4554//3 5144//3 5142//3
f 4553//4 5143//4 5145//4 4555//4
f 4554//3 4556//3 5146//3 5144//3
f 4555//4 5145//4 5147//4 4557//4
f 4556//3 4558//3 5148//3 5146//3
f 4557//4 5147//4 5149//4 4559//4
f 4558//3 4560//3 5150//3 5148//3
f 4559//4 5149//4 5151//4 4561//4
f 4560//3 4562//3 5152//3 5150//3
f 4561//4 5151//4 5153//4 4563//4
f 4562//3 4564//3 5154//3 5152//3
f 4563//4 5153//4 5155//4 4565//4
f 4564//3 4566//3 5156//3 5154//3
f 4565//4 5155//4 5157//4 4567//4
f 4566//3 4568//3 5158//3 5156//3
f 4567//4 5157//4 5159//4 4569//4
f 4568//3 4570//3 5160//3 5158//3
f 4569//4 5159//4 5161//4 4571//4
f 4570//3 4572//3 5162//3 5160//3
f 4571//4 5161//4 5163//4 4573//4
f 4572//3 4574//3 5164//3 5162//3
f 4573//4 5163//4 5165//4 4575//4
f 4574//3 4576//3 5166//3 5164//3
f 4575//4 5165//4 5167//4 4577//4
f 4576//3 4578//3 5168//3 5166//3
f 4577//4 5167//4 5169//4 4579//4
f 4578//3 4580//3 5170//3 5168//3
f 4579//4 5169//4 5171//4 4581//4
f 4580//3 4582//3 5172//3 5170//3
f 4581//4 5171//4 5173//4 4583//4
f 4582//3 4584//3 5174//3 5172//3
f 4583//4 5173//4 5175//4 4585//4
f 4584//3 4586//3 5176//3 5174//3
f 4585//4 5175//4 5177//4 4587//4
f 4586//3 4588//3 5178//3 5176//3
f 4587//4 5177//4 5179//4 4589//4
f 4588//3 4590//3 5180//3 5178//3
f 4589//4 5179//4 5181//4 4538//4
f 4590//3 4592//3 5182//3 5180//3
f 4538//4 5181//4 5183//4 4543//4
f 4592//3 4591//3 5184//3 5182//3
f 4543//4 5183//4 5185//4 4593//4
f 4591//3 4594//3 5186//3 5184//3
f 4593//4 5185//4 5187//4 4595//4
f 4594//3 4596//3 5188//3 5186//3
f 4595//4 5187//4 5189//4 4597//4
f 4596//3 4598//3 5190//3 5188//3
f 4597//4 5189//4 5191//4 4599//4
f 4598//3 4600//3 5192//3 5190//3
f 4599//4 5191//4 5193//4 4601//4
f 4600//3 4602//3 5194//3 5192//3
f 4601//4 5193//4 5195//4 4603//4
f 4602//3 4604//3 5196//3 5194//3
f 4603//4 5195//4 5197//4 4605//4
f 4604//3 4606//3 5198//3 5196//3
f 4605//4 5197//4 5199//4 4607//4
f 4606//3 4608//3 5200//3 5198//3
f 4607//4 5199//4 5201//4 4609//4
f 4608//3 4610//3 5202//3 5200//3
f 4609//4 5201//4 5203//4 4611//4
f 4610//3 4612//3 5204//3 5202//3
f 4611//4 5203//4 5205//4 4613//4
f 4612//3 4614//3 5206//3 5204//3
f 4613//4 5205//4 5207//4 4615//4
f 4614//3 4616//3 5208//3 5206//3
f 4615//4 5207//4 5209//4 4617//4
f 4616//3 4618//3 5210//3 5208//3
f 4617//4 5209//4 5211//4 4619//4
f 4618//3 4620//3 5212//3 5210//3
f 4619//4 5211//4 5213//4 4621//4
f 4620//3 4622//3 5214//3 5212//3
f 4621//4 5213//4 5215//4 4623//4
f 4622//3 4624//3 5216//3 5214//3
f 4623//4 5215//4 5217//4 4625//4
f 4624//3 4626//3 5218//3 5216//3
f 4625//4 5217//4 5219//4 4627//4
f 4626//3 4628//3 5220//3 5218//3
f 4627//4 5219//4 5221//4 4629//4
f 4628//3 4630//3 5222//3 5220//3
f 4629//4 5221//4 5223//4 4631//4
f 4632//2 4633//2 5224//2 5225//2
f 4630//3 4632//3 5225//3 5222//3
f 4631//4 5223//4 5224//4 4633//4
f 5138//1 5746//1 5747//1 5139//1
f 5138//3 5140//3 5748//3 5746//3
f 5139//4 5747//4 5749//4 5141//4
f 5140//3 5142//3 5750//3 5748//3
f 5141//4 5749//4 5751//4 5143//4
f 5142//3 5144//3 5752//3 5750//3
f 5143//4 5751//4 5753//4 5145//4
f 5144//3 5146//3 5754//3 5752//3
f 5145//4 5753//4 5755//4 5147//4
f 5146//3 5148//3 5756//3 5754//3
f 5147//4 5755//4 5757//4 5149//4
f 5148//3 5150//3 5758//3 5756//3
f 5149//4 5757//4 5759//4 5151//4
f 5150//3 5152//3 5760//3 5758//3
f 5151//4 5759//4 5761//4 5153//4
f 5152//3 5154//3 5762//3 5760//3
f 5153//4 5761//4 5763//4 5155//4
f 5154//3 5156//3 5764//3 5762//3
f 5155//4 5763//4 5765//4 5157//4
f 5156//3 5158//3 5766//3 5764//3
f 5157//4 5765//4 5767//4 5159//4
f 5158//3 5160//3 5768//3 5766//3
f 5159//4 5767//4 5769//4 5161//4
f 5160//3 5162//3 5770//3 5768//3
f 5161//4 5769//4 5771//4 5163//4
f 5162//3 5164//3 5772//3 5770//3
f 5163//4 5771//4 5773//4 5165//4
f 5164//3 5166//3 5774//3 5772//3
f 5165//4 5773//4 5775//4 5167//4
f 5166//3 5168//3 5776//3 5774//3
f 5167//4 5775//4 5777//4 5169//4
f 5168//3 5170//3 5778//3 5776//3
f 5169//4 5777//4 5779//4 5171//4
f 5170//3 5172//3 5780//3 5778//3
f 5171//4 5779//4 5781//4 5173//4
f 5172//3 5174//3 5782//3 5780//3
f 5173//4 5781//4 5783//4 5175//4
f 5174//3 5176//3 5784//3 5782//3
f 5175//4 5783//4 5785//4 5177//4
f 5176//3 5178//3 5786//3 5784//3
f 5177//4 5785//4 5787//4 5179//4
f 5178//3 5180//3 5788//3 5786//3
f 5179//4 5787//4 5789//4 5181//4
f 5180//3 5182//3 5790//3 5788//3
f 5181//4 5789//4 5791//4 5183//4
f 5182//3 5184//3 5792//3 5790//3
f 5183//4 5791//4 5793//4 5185//4
f 5184//3 5186//3 5794//3 5792//3
f 5185//4 5793//4 5795//4 5187//4
f 5186//3 5188//3 5796//3 5794//3
f 5187//4 5795//4 5797//4 5189//4
f 5188//3 5190//3 5798//3 5796//3
f 5189//4 5797//4 5799//4 5191//4
f 5190//3 5192//3 5800//3 5798//3
f 5191//4 5799//4 5801//4 5193//4
f 5192//3 5194//3 5802//3 5800//3
f 5193//4 5801//4 5803//4 5195//4
f 5194//3 5196//3 5804//3 5802//3
f 5195//4 5803//4 5805//4 5197//4
f 5196//3 5198//3 5806//3 5804//3
f 5197//4 5805//4 5807//4 5199//4
f 5198//3 5200//3 5808//3 5806//3
f 5199//4 5807//4 5809//4 5201//4
f 5200//3 5202//3 5810//3 5808//3
f 5201//4 5809//4 5811//4 5203//4
f 5202//3 5204//3 5812//3 5810//3
f 5203//4 5811//4 5813//4 5205//4
f 5204//3 5206//3 5814//3 5812//3
f 5205//4 5813//4 5815//4 5207//4
f 5206//3 5208//3 5816//3 5814//3
f 5207//4 5815//4 5817//4 5209//4
f 5208//3 5210//3 5818//3 5816//3
f 5209//4 5817//4 5819//4 5211//4
f 5210//3 5212//3 5820//3 5818//3
f 5211//4 5819//4 5821//4 5213//4
f 5212//3 5214//3 5822//3 5820//3
f 5213//4 5821//4 5823//4 5215//4
f 5214//3 5216//3 5824//3 5822//3
f 5215//4 5823//4 5825//4 5217//4
f 5216//3 5218//3 5826//3 5824//3
f 5217//4 5825//4 5827//4 5219//4
f 5218//3 5220//3 5828//3 5826//3
f 5219//4 5827//4 5829//4 5221//4
f 5220//3 5222//3 5830//3 5828//3
f 5221//4 5829//4 5831//4 5223//4
f 5225//2 5224//2 5832//2 5833//2
f 5222//3 5225//3 5833//3 5830//3
f 5223//4 5831//4 5832//4 5224//4
f 5746//1 6330//1 6331//1 5747//1
f 5746//3 5748//3 6332//3 6330//3
f 5747//4 6331//4 6333//4 5749//4
f 5748//3 5750//3 6334//3 6332//3
f 5749//4 6333//4 6335//4 5751//4
f 5750//3 5752//3 6336//3 6334//3
f 5751//4 6335//4 6337//4 5753//4
f 5752//3 5754//3 6338//3 6336//3
f 5753//4 6337//4 6339//4 5755//4
f 5754//3 5756//3 6340//3 6338//3
f 5755//4 6339//4 6341//4 5757//4
f 5756//3 5758//3 6342//3 6340//3
f 5757//4 6341//4 6343//4 5759//4
f 5758//3 5760//3 6344//3 6342//3
f 5759//4 6343//4 6345//4 5761//4
f 5760//3 5762//3 6346//3 6344//3
f 5761//4 6345//4 6347//4 5763//4
f 5762//3 5764//3 6348//3 6346//3
f 5763//4 6347//4 6349//4 5765//4
f 5764//3 5766//3 6350//3 6348//3
f 5765//4 6349//4 6351//4 5767//4
f 5766//3 5768//3 6352//3 6350//3
f 5767//4 6351//4 6353//4 5769//4
f 5768//3 5770//3 6354//3 6352//3
f 5769//4 6353//4 6355//4 5771//4
f 5770//3 5772//3 6356//3 6354//3
f 5771//4 6355//4 6357//4 5773//4
f 5772//3 5774//3 6358//3 6356//3
f 5773//4 6357//4 6359//4 5775//4
f 5774//3 5776//3 6360//3 6358//3
f 5775//4 6359//4 6361//4 5777//4
f 5776//3 5778//3 6362//3 6360//3
f 5777//4 6361//4 6363//4 5779//4
f 5778//3 5780//3 6364//3 6362//3
f 5779//4 6363//4 6365//4 5781//4
f 5780//3 5782//3 6366//3 6364//3
f 5781//4 6365//4 6367//4 5783//4
f 5782//3 5784//3 6368//3 6366//3
f 5783//4 6367//4 6369//4 5785//4
f 5784//3 5786//3 6370//3 6368//3
f 5785//4 6369//4 6371//4 5787//4
f 5786//3 5788//3 6372//3 6370//3
f 5787//4 6371//4 6373//4 5789//4
f 5788//3 5790//3 6374//3 6372//3
f 5789//4 6373//4 6375//4 5791//4
f 5790//3 5792//3 6376//3 6374//3
f 5791//4 6375//4 6377//4 5793//4
f 5792//3 5794//3 6378//3 6376//3
f 5793//4 6377//4 6379//4 5795//4
f 5794//3 5796//3 6380//3 6378//3
f 5795//4 6379//4 6381//4 5797//4
f 5796//3 5798//3 6382//3 6380//3
f 5797//4 6381//4 6383//4 5799//4
f 5798//3 5800//3 6384//3 6382//3
f 5799//4 6383//4 6385//4 5801//4
f 5800//3 5802//3 6386//3 6384//3
f 5801//4 6385//4 6387//4 5803//4
f 5802//3 5804//3 6388//3 6386//3
f 5803//4 6387//4 6389//4 5805//4
f 5804//3 5806//3 6390//3 6388//3
f 5805//4 6389//4 6391//4 5807//4
f 5806//3 5808//3 6392//3 6390//3
f 5807//4 6391//4 6393//4 5809//4
f 5808//3 5810//3 6394//3 6392//3
f 5809//4 6393//4 6395//4 5811//4
f 5810//3 5812//3 6396//3 6394//3
f 5811//4 6395//4 6397//4 5813//4
f 5812//3 5814//3 6398//3 6396//3
f 5813//4 6397//4 6399//4 5815//4
f 5814//3 5816//3 6400//3 6398//3
f 5815//4 6399//4 6401//4 5817//4
f 5816//3 5818//3 6402//3 6400//3
f 5817//4 6401//4 6403//4 5819//4
f 5818//3 5820//3 6404//3 6402//3
f 5819//4 6403//4 6405//4 5821//4
f 5820//3 5822//3 6406//3 6404//3
f 5821//4 6405//4 6407//4 5823//4
f 5822//3 5824//3 6408//3 6406//3
f 5823//4 6407//4 6409//4 5825//4
f 5824//3 5826//3 6410//3 6408//3
f 5825//4 6409//4 6411//4 5827//4
f 5826//3 5828//3 6412//3 6410//3
f 5827//4 6411//4 6413//4 5829//4
f 5828//3 5830//3 6414//3 6412//3
f 5829//4 6413//4 6415//4 5831//4
f 5833//2 5832//2 6416//2 6417//2
f 5830//3 5833//3 6417//3 6414//3
f 5831//4 6415//4 6416//4 5832//4
f 6330//1 7049//1 7050//1 6331//1
f 6330//3 6332//3 7051//3 7049//3
f 6331//4 7050//4 7052//4 6333//4
f 7049//6 7051//6 7052//6 7050//6
f 6332//3 6334//3 7053//3 7051//3
f 6333//4 7052//4 7054//4 6335//4
f 6334//3 6336//3 7055//3 7053//3
f 6335//4 7054//4 7056//4 6337//4
f 6336//3 6338//3 7057//3 7055//3
f 6337//4 7056//4 7058//4 6339//4
f 6338//3 6340//3 7059//3 7057//3
f 6339//4 7058//4 7060//4 6341//4
f 6340//3 6342//3 7061//3 7059//3
f 6341//4 7060//4 7062//4 6343//4
f 6342//3 6344//3 7063//3 7061//3
f 6343//4 7062//4 7064//4 6345//4
f 6344//3 6346//3 7065//3 7063//3
f 6345//4 7064//4 7066//4 6347//4
f 6346//3 6348//3 7067//3 7065//3
f 6347//4 7066//4 7068//4 6349//4
f 6348//3 6350//3 7069//3 7067//3
f 6349//4 7068//4 7070//4 6351//4
f 6350//3 6352//3 7071//3 7069//3
f 6351//4 7070//4 7072//4 6353//4
f 6352//3 6354//3 7073//3 7071//3
f 6353//4 7072//4 7074//4 6355//4
f 6354//3 6356//3 7075//3 7073//3
f 6355//4 7074//4 7076//4 6357//4
f 6356//3 6358//3 7077//3 7075//3
f 6357//4 7076//4 7078//4 6359//4
f 6358//3 6360//3 7079//3 7077//3
f 6359//4 7078//4 7080//4 6361//4
f 6360//3 6362//3 7081//3 7079//3
f 6361//4 7080//4 7082//4 6363//4
f 6362//3 6364//3 7083//3 7081//3
f 6363//4 7082//4 7084//4 6365//4
f 6364//3 6366//3 7085//3 7083//3
f 6365//4 7084//4 7086//4 6367//4
f 6366//3 6368//3 7087//3 7085//3
f 6367//4 7086//4 7088//4 6369//4
f 6368//3 6370//3 7089//3 7087//3
f 6369//4 7088//4 7090//4 6371//4
f 6370//3 6372//3 7091//3 7089//3
f 6371//4 7090//4 7092//4 6373//4
f 6372//3 6374//3 7093//3 7091//3
f 6373//4 7092//4 7094//4 6375//4
f 6374//3 6376//3 7095//3 7093//3
f 6375//4 7094//4 7096//4 6377//4
f 6376//3 6378//3 7097//3 7095//3
f 6377//4 7096//4 7098//4 6379//4
f 6378//3 6380//3 7099//3 7097//3
f 6379//4 7098//4 7100//4 6381//4
f 6380//3 6382//3 7101//3 7099//3
f 6381//4 7100//4 7102//4 6383//4
f 6382//3 6384//3 7103//3 7101//3
f 6383//4 7102//4 7104//4 6385//4
f 6384//3 6386//3 7105//3 7103//3
f 6385//4 7104//4 7106//4 6387//4
f 6386//3 6388//3 7107//3 7105//3
f 6387//4 7106//4 7108//4 6389//4
f 6388//3 6390//3 7109//3 7107//3
f 6389//4 7108//4 7110//4 6391//4
f 6390//3 6392//3 7111//3 7109//3
f 6391//4 7110//4 7112//4 6393//4
f 6392//3 6394//3 7113//3 7111//3
f 6393//4 7112//4 7114//4 6395//4
f 6394//3 6396//3 7115//3 7113//3
f 6395//4 7114//4 7116//4 6397//4
f 6396//3 6398//3 7117//3 7115//3
f 6397//4 7116//4 7118//4 6399//4
f 6398//3 6400//3 7119//3 7117//3
f 6399//4 7118//4 7120//4 6401//4
f 6400//3 6402//3 7121//3 7119//3
f 6401//4 7120//4 7122//4 6403//4
f 6402//3 6404//3 7123//3 7121//3
f 6403//4 7122//4 7124//4 6405//4
f 6404//3 6406//3 7125//3 7123//3
f 6405//4 7124//4 7126//4 6407//4
f 6406//3 6408//3 7127//3 7125//3
f 6407//4 7126//4 7128//4 6409//4
f 6408//3 6410//3 7129//3 7127//3
f 6409//4 7128//4 7130//4 6411//4
f 6410//3 6412//3 7131//3 7129//3
f 6411//4 7130//4 7132//4 6413//4
f 6412//3 6414//3 7133//3 7131//3
f 6413//4 7132//4 7134//4 6415//4
f 6417//2 6416//2 7135//2 7136//2
f 6414//3 6417//3 7136//3 7133//3
f 6415//4 7134//4 7135//4 6416//4
f 7133//6 7136//6 7135//6 7134//6
f 7051//1 7380//1 7381//1 7052//1
f 7051//3 7053//3 7382//3 7380//3
f 7052//4 7381//4 7383//4 7054//4
f 7053//3 7055//3 7384//3 7382//3
f 7054//4 7383//4 7385//4 7056//4
f 7055//3 7057//3 7386//3 7384//3
f 7056//4 7385//4 7387//4 7058//4
f 7057//3 7059//3 7388//3 7386//3
f 7058//4 7387//4 7389//4 7060//4
f 7059//3 7061//3 7390//3 7388//3
f 7060//4 7389//4 7391//4 7062//4
f 7061//3 7063//3 7392//3 7390//3
f 7062//4 7391//4 7393//4 7064//4
f 7063//3 7065//3 7394//3 7392//3
f 7064//4 7393//4 7395//4 7066//4
f 7065//3 7067//3 7396//3 7394//3
f 7066//4 7395//4 7397//4 7068//4
f 7067//3 7069//3 7398//3 7396//3
f 7068//4 7397//4 7399//4 7070//4
f 7069//3 7071//3 7400//3 7398//3
f 7070//4 7399//4 7401//4 7072//4
f 7071//3 7073//3 7402//3 7400//3
f 7072//4 7401//4 7403//4 7074//4
f 7073//3 7075//3 7404//3 7402//3
f 7074//4 7403//4 7405//4 7076//4
f 7075//3 7077//3 7406//3 7404//3
f 7076//4 7405//4 7407//4 7078//4
f 7077//3 7079//3 7408//3 7406//3
f 7078//4 7407//4 7409//4 7080//4
f 7079//3 7081//3 7410//3 7408//3
f 7080//4 7409//4 7411//4 7082//4
f 7081//3 7083//3 7412//3 7410//3
f 7082//4 7411//4 7413//4 7084//4
f 7083//3 7085//3 7414//3 7412//3
f 7084//4 7413//4 7415//4 7086//4
f 7085//3 7087//3 7416//3 7414//3
f 7086//4 7415//4 7417//4 7088//4
f 7087//3 7089//3 7418//3 7416//3
f 7088//4 7417//4 7419//4 7090//4
f 7089//3 7091//3 7420//3 7418//3
f 7090//4 7419//4 7421//4 7092//4
f 7091//3 7093//3 7422//3 7420//3
f 7092//4 7421//4 7423//4 7094//4
f 7093//3 7095//3 7424//3 7422//3
f 7094//4 7423//4 7425//4 7096//4
f 7095//3 7097//3 7426//3 7424//3
f 7096//4 7425//4 7427//4 7098//4
f 7097//3 7099//3 7428//3 7426//3
f 7098//4 7427//4 7429//4 7100//4
f 7099//3 7101//3 7430//3 7428//3
f 7100//4 7429//4 7431//4 7102//4
f 7101//3 7103//3 7432//3 7430//3
f 7102//4 7431//4 7433//4 7104//4
f 7103//3 7105//3 7434//3 7432//3
f 7104//4 7433//4 7435//4 7106//4
f 7105//3 7107//3 7436//3 7434//3
f 7106//4 7435//4 7437//4 7108//4
f 7107//3 7109//3 7438//3 7436//3
f 7108//4 7437//4 7439//4 7110//4
f 7109//3 7111//3 7440//3 7438//3
f 7110//4 7439//4 7441//4 7112//4
f 7111//3 7113//3 7442//3 7440//3
f 7112//4 7441//4 7443//4 7114//4
f 7113//3 7115//3 7444//3 7442//3
f 7114//4 7443//4 7445//4 7116//4
f 7115//3 7117//3 7446//3 7444//3
f 7116//4 7445//4 7447//4 7118//4
f 7117//3 7119//3 7448//3 7446//3
f 7118//4 7447//4 7449//4 7120//4
f 7119//3 7121//3 7450//3 7448//3
f 7120//4 7449//4 7451//4 7122//4
f 7121//3 7123//3 7452//3 7450//3
f 7122//4 7451//4 7453//4 7124//4
f 7123//3 7125//3 7454//3 7452//3
f 7124//4 7453//4 7455//4 7126//4
f 7125//3 7127//3 7456//3 7454//3
f 7126//4 7455//4 7457//4 7128//4
f 7127//3 7129//3 7458//3 7456//3
f 7128//4 7457//4 7459//4 7130//4
f 7129//3 7131//3 7460//3 7458//3
f 7130//4 7459//4 7461//4 7132//4
f 7133//2 7134//2 7462//2 7463//2
f 7131//3 7133//3 7463//3 7460//3
f 7132//4 7461//4 7462//4 7134//4
f 7380//1 7631//1 7632//1 7381//1
f 7380//3 7382//3 7633//3 7631//3
f 7381//4 7632//4 7634//4 7383//4
f 7631//6 7633//6 7634//6 7632//6
f 7382//3 7384//3 7635//3 7633//3
f 7383//4 7634//4 7636//4 7385//4
f 7384//3 7386//3 7637//3 7635//3
f 7385//4 7636//4 7638//4 7387//4
f 7386//3 7388//3 7639//3 7637//3
f 7387//4 7638//4 7640//4 7389//4
f 7388//3 7390//3 7641//3 7639//3
f 7389//4 7640//4 7642//4 7391//4
f 7390//3 7392//3 7643//3 7641//3
f 7391//4 7642//4 7644//4 7393//4
f 7392//3 7394//3 7645//3 7643//3
f 7393//4 7644//4 7646//4 7395//4
f 7394//3 7396//3 7647//3 7645//3
f 7395//4 7646//4 7648//4 7397//4
f 7396//3 7398//3 7649//3 7647//3
f 7397//4 7648//4 7650//4 7399//4
f 7398//3 7400//3 7651//3 7649//3
f 7399//4 7650//4 7652//4 7401//4
f 7400//3 7402//3 7653//3 7651//3
f 7401//4 7652//4 7654//4 7403//4
f 7402//3 7404//3 7655//3 7653//3
f 7403//4 7654//4 7656//4 7405//4
f 7404//3 7406//3 7657//3 7655//3
f 7405//4 7656//4 7658//4 7407//4
f 7406//3 7408//3 7659//3 7657//3
f 7407//4 7658//4 7660//4 7409//4
f 7408//3 7410//3 7661//3 7659//3
f 7409//4 7660//4 7662//4 7411//4
f 7410//3 7412//3 7663//3 7661//3
f 7411//4 7662//4 7664//4 7413//4
f 7412//3 7414//3 7665//3 7663//3
f 7413//4 7664//4 7666//4 7415//4
f 7414//3 7416//3 7667//3 7665//3
f 7415//4 7666//4 7668//4 7417//4
f 7416//3 7418//3 7669//3 7667//3
f 7417//4 7668//4 7670//4 7419//4
f 7418//3 7420//3 7671//3 7669//3
f 7419//4 7670//4 7672//4 7421//4
f 7420//3 7422//3 7673//3 7671//3
f 7421//4 7672//4 7674//4 7423//4
f 7422//3 7424//3 7675//3 7673//3
f 7423//4 7674//4 7676//4 7425//4
f 7424//3 7426//3 7677//3 7675//3
f 7425//4 7676//4 7678//4 7427//4
f 7426//3 7428//3 7679//3 7677//3
f 7427//4 7678//4 7680//4 7429//4
f 7428//3 7430//3 7681//3 7679//3
f 7429//4 7680//4 7682//4 7431//4
f 7430//3 7432//3 7683//3 7681//3
f 7431//4 7682//4 7684//4 7433//4
f 7432//3 7434//3 7685//3 7683//3
f 7433//4 7684//4 7686//4 7435//4
f 7434//3 7436//3 7687//3 7685//3
f 7435//4 7686//4 7688//4 7437//4
f 7436//3 7438//3 7689//3 7687//3
f 7437//4 7688//4 7690//4 7439//4
f 7438//3 7440//3 7691//3 7689//3
f 7439//4 7690//4 7692//4 7441//4
f 7440//3 7442//3 7693//3 7691//3
f 7441//4 7692//4 7694//4 7443//4
f 7442//3 7444//3 7695//3 7693//3
f 7443//4 7694//4 7696//4 7445//4
f 7444//3 7446//3 7697//3 7695//3
f 7445//4 7696//4 7698//4 7447//4
f 7446//3 7448//3 7699//3 7697//3
f 7447//4 7698//4 7700//4 7449//4
f 7448//3 7450//3 7701//3 7699//3
f 7449//4 7700//4 7702//4 7451//4
f 7450//3 7452//3 7703//3 7701//3
f 7451//4 7702//4 7704//4 7453//4
f 7452//3 7454//3 7705//3 7703//3
f 7453//4 7704//4 7706//4 7455//4
f 7454//3 7456//3 7707//3 7705//3
f 7455//4 7706//4 7708//4 7457//4
f 7456//3 7458//3 7709//3 7707//3
f 7457//4 7708//4 7710//4 7459//4
f 7458//3 7460//3 7711//3 7709//3
f 7459//4 7710//4 7712//4 7461//4
f 7463//2 7462//2 7713//2 7714//2
f 7460//3 7463//3 7714//3 7711//3
f 7461//4 7712//4 7713//4 7462//4
f 7711//6 7714//6 7713//6 7712//6
f 7633//1 7831//1 7832//1 7634//1
f 7633//3 7635//3 7833//3 7831//3
f 7634//4 7832//4 7834//4 7636//4
f 7831//6 7833//6 7834//6 7832//6
f 7635//3 7637//3 7835//3 7833//3
f 7636//4 7834//4 7836//4 7638//4
f 7637//3 7639//3 7837//3 7835//3
f 7638//4 7836//4 7838//4 7640//4
f 7639//3 7641//3 7839//3 7837//3
f 7640//4 7838//4 7840//4 7642//4
f 7641//3 7643//3 7841//3 7839//3
f 7642//4 7840//4 7842//4 7644//4
f 7643//3 7645//3 7843//3 7841//3
f 7644//4 7842//4 7844//4 7646//4
f 7645//3 7647//3 7845//3 7843//3
f 7646//4 7844//4 7846//4 7648//4
f 7647//3 7649//3 7847//3 7845//3
f 7648//4 7846//4 7848//4 7650//4
f 7649//3 7651//3 7849//3 7847//3
f 7650//4 7848//4 7850//4 7652//4
f 7651//3 7653//3 7851//3 7849//3
f 7652//4 7850//4 7852//4 7654//4
f 7653//3 7655//3 7853//3 7851//3
f 7654//4 7852//4 7854//4 7656//4
f 7655//3 7657//3 7855//3 7853//3
f 7656//4 7854//4 7856//4 7658//4
f 7657//3 7659//3 7857//3 7855//3
f 7658//4 7856//4 7858//4 7660//4
f 7659//3 7661//3 7859//3 7857//3
f 7660//4 7858//4 7860//4 7662//4
f 7661//3 7663//3 7861//3 7859//3
f 7662//4 7860//4 7862//4 7664//4
f 7663//3 7665//3 7863//3 7861//3
f 7664//4 7862//4 7864//4 7666//4
f 7665//3 7667//3 7865//3 7863//3
f 7666//4 7864//4 7866//4 7668//4
f 7667//3 7669//3 7867//3 7865//3
f 7668//4 7866//4 7868//4 7670//4
f 7669//3 7671//3 7869//3 7867//3
f 7670//4 7868//4 7870//4 7672//4
f 7671//3 7673//3 7871//3 7869//3
f 7672//4 7870//4 7872//4 7674//4
f 7673//3 7675//3 7873//3 7871//3
f 7674//4 7872//4 7874//4 7676//4
f 7675//3 7677//3 7875//3 7873//3
f 7676//4 7874//4 7876//4 7678//4
f 7677//3 7679//3 7877//3 7875//3
f 7678//4 7876//4 7878//4 7680//4
f 7679//3 7681//3 7879//3 7877//3
f 7680//4 7878//4 7880//4 7682//4
f 7681//3 7683//3 7881//3 7879//3
f 7682//4 7880//4 7882//4 7684//4
f 7683//3 7685//3 7883//3 7881//3
f 7684//4 7882//4 7884//4 7686//4
f 7685//3 7687//3 7885//3 7883//3
f 7686//4 7884//4 7886//4 7688//4
f 7687//3 7689//3 7887//3 7885//3
f 7688//4 7886//4 7888//4 7690//4
f 7689//3 7691//3 7889//3 7887//3
f 7690//4 7888//4 7890//4 7692//4
f 7691//3 7693//3 7891//3 7889//3
f 7692//4 7890//4 7892//4 7694//4
f 7693//3 7695//3 7893//3 7891//3
f 7694//4 7892//4 7894//4 7696//4
f 7695//3 7697//3 7895//3 7893//3
f 7696//4 7894//4 7896//4 7698//4
f 7697//3 7699//3 7897//3 7895//3
f 7698//4 7896//4 7898//4 7700//4
f 7699//3 7701//3 7899//3 7897//3
f 7700//4 7898//4 7900//4 7702//4
f 7701//3 7703//3 7901//3 7899//3
f 7702//4 7900//4 7902//4 7704//4
f 7703//3 7705//3 7903//3 7901//3
f 7704//4 7902//4 7904//4 7706//4
f 7705//3 7707//3 7905//3 7903//3
f 7706//4 7904//4 7906//4 7708//4
f 7707//3 7709//3 7907//3 7905//3
f 7708//4 7906//4 7908//4 7710//4
f 7711//2 7712//2 7909//2 7910//2
f 7709//3 7711//3 7910//3 7907//3
f 7710//4 7908//4 7909//4 7712//4
f 7907//6 7910//6 7909//6 7908//6
f 7833//1 8147//1 8148//1 7834//1
f 7833//3 7835//3 8149//3 8147//3
f 7834//4 8148//4 8150//4 7836//4
f 8147//6 8149//6 8150//6 8148//6
f 7835//3 7837//3 8151//3 8149//3
f 7836//4 8150//4 8152//4 7838//4
f 7837//3 7839//3 8153//3 8151//3
f 7838//4 8152//4 8154//4 7840//4
f 7839//3 7841//3 8155//3 8153//3
f 7840//4 8154//4 8156//4 7842//4
f 7841//3 7843//3 8157//3 8155//3
f 7842//4 8156//4 8158//4 7844//4
f 7843//3 7845//3 8159//3 8157//3
f 7844//4 8158//4 8160//4 7846//4
f 7845//3 7847//3 8161//3 8159//3
f 7846//4 8160//4 8162//4 7848//4
f 7847//3 7849//3 8163//3 8161//3
f 7848//4 8162//4 8164//4 7850//4
f 7849//3 7851//3 8165//3 8163//3
f 7850//4 8164//4 8166//4 7852//4
f 7851//3 7853//3 8167//3 8165//3
f 7852//4 8166//4 8168//4 7854//4
f 7853//3 7855//3 8169//3 8167//3
f 7854//4 8168//4 8170//4 7856//4
f 7855//3 7857//3 8171//3 8169//3
f 7856//4 8170//4 8172//4 7858//4
f 7857//3 7859//3 8173//3 8171//3
f 7858//4 8172//4 8174//4 7860//4
f 7859//3 7861//3 8175//3 8173//3
f 7860//4 8174//4 8176//4 7862//4
f 7861//3 7863//3 8177//3 8175//3
f 7862//4 8176//4 8178//4 7864//4
f 7863//3 7865//3 8179//3 8177//3
f 7864//4 8178//4 8180//4 7866//4
f 7865//3 7867//3 8181//3 8179//3
f 7866//4 8180//4 8182//4 7868//4
f 7867//3 7869//3 8183//3 8181//3
f 7868//4 8182//4 8184//4 7870//4
f 7869//3 7871//3 8185//3 8183//3
f 7870//4 8184//4 8186//4 7872//4
f 7871//3 7873//3 8187//3 8185//3
f 7872//4 8186//4 8188//4 7874//4
f 7873//3 7875//3 8189//3 8187//3
f 7874//4 8188//4 8190//4 7876//4
f 7875//3 7877//3 8191//3 8189//3
f 7876//4 8190//4 8192//4 7878//4
f 7877//3 7879//3 8193//3 8191//3
f 7878//4 8192//4 8194//4 7880//4
f 7879//3 7881//3 8195//3 8193//3
f 7880//4 8194//4 8196//4 7882//4
f 7881//3 7883//3 8197//3 8195//3
f 7882//4 8196//4 8198//4 7884//4
f 7883//3 7885//3 8199//3 8197//3
f 7884//4 8198//4 8200//4 7886//4
f 7885//3 7887//3 8201//3 8199//3
f 7886//4 8200//4 8202//4 7888//4
f 7887//3 7889//3 8203//3 8201//3
f 7888//4 8202//4 8204//4 7890//4
f 7889//3 7891//3 8205//3 8203//3
f 7890//4 8204//4 8206//4 7892//4
f 7891//3 7893//3 8207//3 8205//3
f 7892//4 8206//4 8208//4 7894//4
f 7893//3 7895//3 8209//3 8207//3
f 7894//4 8208//4 8210//4 7896//4
f 7895//3 7897//3 8211//3 8209//3
f 7896//4 8210//4 8212//4 7898//4
f 7897//3 7899//3 8213//3 8211//3
f 7898//4 8212//4 8214//4 7900//4
f 7899//3 7901//3 8215//3 8213//3
f 7900//4 8214//4 8216//4 7902//4
f 7901//3 7903//3 8217//3 8215//3
f 7902//4 8216//4 8218//4 7904//4
f 7903//3 7905//3 8219//3 8217//3
f 7904//4 8218//4 8220//4 7906//4
f 7907//2 7908//2 8221//2 8222//2
f 7905//3 7907//3 8222//3 8219//3
f 7906//4 8220//4 8221//4 7908//4
f 8219//6 8222//6 8221//6 8220//6
f 8149//1 8259//1 8260//1 8150//1
f 8149//3 8151//3 8261//3 8259//3
f 8150//4 8260//4 8262//4 8152//4
f 8259//6 8261//6 8262//6 8260//6
f 8151//3 8153//3 8263//3 8261//3
f 8152//4 8262//4 8264//4 8154//4
f 8153//3 8155//3 8265//3 8263//3
f 8154//4 8264//4 8266//4 8156//4
f 8155//3 8157//3 8267//3 8265//3
f 8156//4 8266//4 8268//4 8158//4
f 8157//3 8159//3 8269//3 8267//3
f 8158//4 8268//4 8270//4 8160//4
f 8159//3 8161//3 8271//3 8269//3
f 8160//4 8270//4 8272//4 8162//4
f 8161//3 8163//3 8273//3 8271//3
f 8162//4 8272//4 8274//4 8164//4
f 8163//3 8165//3 8275//3 8273//3
f 8164//4 8274//4 8276//4 8166//4
f 8165//3 8167//3 8277//3 8275//3
f 8166//4 8276//4 8278//4 8168//4
f 8167//3 8169//3 8279//3 8277//3
f 8168//4 8278//4 8280//4 8170//4
f 8169//3 8171//3 8281//3 8279//3
f 8170//4 8280//4 8282//4 8172//4
f 8171//3 8173//3 8283//3 8281//3
f 8172//4 8282//4 8284//4 8174//4
f 8173//3 8175//3 8285//3 8283//3
f 8174//4 8284//4 8286//4 8176//4
f 8175//3 8177//3 8287//3 8285//3
f 8176//4 8286//4 8288//4 8178//4
f 8177//3 8179//3 8289//3 8287//3
f 8178//4 8288//4 8290//4 8180//4
f 8179//3 8181//3 8291//3 8289//3
f 8180//4 8290//4 8292//4 8182//4
f 8181//3 8183//3 8293//3 8291//3
f 8182//4 8292//4 8294//4 8184//4
f 8183//3 8185//3 8295//3 8293//3
f 8184//4 8294//4 8296//4 8186//4
f 8185//3 8187//3 8297//3 8295//3
f 8186//4 8296//4 8298//4 8188//4
f 8187//3 8189//3 8299//3 8297//3
f 8188//4 8298//4 8300//4 8190//4
f 8189//3 8191//3 8301//3 8299//3
f 8190//4 8300//4 8302//4 8192//4
f 8191//3 8193//3 8303//3 8301//3
f 8192//4 8302//4 8304//4 8194//4
f 8193//3 8195//3 8305//3 8303//3
f 8194//4 8304//4 8306//4 8196//4
f 8195//3 8197//3 8307//3 8305//3
f 8196//4 8306//4 8308//4 8198//4
f 8197//3 8199//3 8309//3 8307//3
f 8198//4 8308//4 8310//4 8200//4
f 8199//3 8201//3 8311//3 8309//3
f 8200//4 8310//4 8312//4 8202//4
f 8201//3 8203//3 8313//3 8311//3
f 8202//4 8312//4 8314//4 8204//4
f 8203//3 8205//3 8315//3 8313//3
f 8204//4 8314//4 8316//4 8206//4
f 8205//3 8207//3 8317//3 8315//3
f 8206//4 8316//4 8318//4 8208//4
f 8207//3 8209//3 8319//3 8317//3
f 8208//4 8318//4 8320//4 8210//4
f 8209//3 8211//3 8321//3 8319//3
f 8210//4 8320//4 8322//4 8212//4
f 8211//3 8213//3 8323//3 8321//3
f 8212//4 8322//4 8324//4 8214//4
f 8213//3 8215//3 8325//3 8323//3
f 8214//4 8324//4 8326//4 8216//4
f 8215//3 8217//3 8327//3 8325//3
f 8216//4 8326//4 8328//4 8218//4
f 8219//2 8220//2 8329//2 8330//2
f 8217//3 8219//3 8330//3 8327//3
f 8218//4 8328//4 8329//4 8220//4
f 8327//6 8330//6 8329//6 8328//6
f 8261//1 8331//1 8332//1 8262//1
f 8261//3 8263//3 8333//3 8331//3
f 8262//4 8332//4 8334//4 8264//4
f 8331//6 8333//6 8334//6 8332//6
f 8263//3 8265//3 8335//3 8333//3
f 8264//4 8334//4 8336//4 8266//4
f 8333//6 8335//6 8336//6 8334//6
f 8265//3 8267//3 8337//3 8335//3
f 8266//4 8336//4 8338//4 8268//4
f 8267//3 8269//3 8339//3 8337//3
f 8268//4 8338//4 8340//4 8270//4
f 8269//3 8271//3 8341//3 8339//3
f 8270//4 8340//4 8342//4 8272//4
f 8271//3 8273//3 8343//3 8341//3
f 8272//4 8342//4 8344//4 8274//4
f 8273//3 8275//3 8345//3 8343//3
f 8274//4 8344//4 8346//4 8276//4
f 8275//3 8277//3 8347//3 8345//3
f 8276//4 8346//4 8348//4 8278//4
f 8277//3 8279//3 8349//3 8347//3
f 8278//4 8348//4 8350//4 8280//4
f 8279//3 8281//3 8351//3 8349//3
f 8280//4 8350//4 8352//4 8282//4
f 8281//3 8283//3 8353//3 8351//3
f 8282//4 8352//4 8354//4 8284//4
f 8283//3 8285//3 8355//3 8353//3
f 8284//4 8354//4 8356//4 8286//4
f 8285//3 8287//3 8357//3 8355//3
f 8286//4 8356//4 8358//4 8288//4
f 8287//3 8289//3 8359//3 8357//3
f 8288//4 8358//4 8360//4 8290//4
f 8289//3 8291//3 8361//3 8359//3
f 8290//4 8360//4 8362//4 8292//4
f 8291//3 8293//3 8363//3 8361//3
f 8292//4 8362//4 8364//4 8294//4
f 8293//3 8295//3 8365//3 8363//3
f 8294//4 8364//4 8366//4 8296//4
f 8295//3 8297//3 8367//3 8365//3
f 8296//4 8366//4 8368//4 8298//4
f 8297//3 8299//3 8369//3 8367//3
f 8298//4 8368//4 8370//4 8300//4
f 8299//3 8301//3 8371//3 8369//3
f 8300//4 8370//4 8372//4 8302//4
f 8301//3 8303//3 8373//3 8371//3
f 8302//4 8372//4 8374//4 8304//4
f 8303//3 8305//3 8375//3 8373//3
f 8304//4 8374//4 8376//4 8306//4
f 8305//3 8307//3 8377//3 8375//3
f 8306//4 8376//4 8378//4 8308//4
f 8307//3 8309//3 8379//3 8377//3
f 8308//4 8378//4 8380//4 8310//4
f 8309//3 8311//3 8381//3 8379//3
f 8310//4 8380//4 8382//4 8312//4
f 8311//3 8313//3 8383//3 8381//3
f 8312//4 8382//4 8384//4 8314//4
f 8313//3 8315//3 8385//3 8383//3
f 8314//4 8384//4 8386//4 8316//4
f 8315//3 8317//3 8387//3 8385//3
f 8316//4 8386//4 8388//4 8318//4
f 8317//3 8319//3 8389//3 8387//3
f 8318//4 8388//4 8390//4 8320//4
f 8319//3 8321//3 8391//3 8389//3
f 8320//4 8390//4 8392//4 8322//4
f 8321//3 8323//3 8393//3 8391//3
f 8322//4 8392//4 8394//4 8324//4
f 8323//3 8325//3 8395//3 8393//3
f 8324//4 8394//4 8396//4 8326//4
f 8393//6 8395//6 8396//6 8394//6
f 8327//2 8328//2 8397//2 8398//2
f 8325//3 8327//3 8398//3 8395//3
f 8326//4 8396//4 8397//4 8328//4
f 8395//6 8398//6 8397//6 8396//6
f 8335//1 8399//1 8400//1 8336//1
f 8335//3 8337//3 8401//3 8399//3
f 8336//4 8400//4 8402//4 8338//4
f 8399//6 8401//6 8402//6 8400//6
f 8337//3 8339//3 8403//3 8401//3
f 8338//4 8402//4 8404//4 8340//4
f 8339//3 8341//3 8405//3 8403//3
f 8340//4 8404//4 8406//4 8342//4
f 8341//3 8343//3 8407//3 8405//3
f 8342//4 8406//4 8408//4 8344//4
f 8343//3 8345//3 8409//3 8407//3
f 8344//4 8408//4 8410//4 8346//4
f 8345//3 8347//3 8411//3 8409//3
f 8346//4 8410//4 8412//4 8348//4
f 8347//3 8349//3 8413//3 8411//3
f 8348//4 8412//4 8414//4 8350//4
f 8349//3 8351//3 8415//3 8413//3
f 8350//4 8414//4 8416//4 8352//4
f 8351//3 8353//3 8417//3 8415//3
f 8352//4 8416//4 8418//4 8354//4
f 8353//3 8355//3 8419//3 8417//3
f 8354//4 8418//4 8420//4 8356//4
f 8355//3 8357//3 8421//3 8419//3
f 8356//4 8420//4 8422//4 8358//4
f 8357//3 8359//3 8423//3 8421//3
f 8358//4 8422//4 8424//4 8360//4
f 8359//3 8361//3 8425//3 8423//3
f 8360//4 8424//4 8426//4 8362//4
f 8361//3 8363//3 8427//3 8425//3
f 8362//4 8426//4 8428//4 8364//4
f 8363//3 8365//3 8429//3 8427//3
f 8364//4 8428//4 8430//4 8366//4
f 8365//3 8367//3 8431//3 8429//3
f 8366//4 8430//4 8432//4 8368//4
f 8367//3 8369//3 8433//3 8431//3
f 8368//4 8432//4 8434//4 8370//4
f 8369//3 8371//3 8435//3 8433//3
f 8370//4 8434//4 8436//4 8372//4
f 8371//3 8373//3 8437//3 8435//3
f 8372//4 8436//4 8438//4 8374//4
f 8373//3 8375//3 8439//3 8437//3
f 8374//4 8438//4 8440//4 8376//4
f 8375//3 8377//3 8441//3 8439//3
f 8376//4 8440//4 8442//4 8378//4
f 8377//3 8379//3 8443//3 8441//3
f 8378//4 8442//4 8444//4 8380//4
f 8379//3 8381//3 8445//3 8443//3
f 8380//4 8444//4 8446//4 8382//4
f 8381//3 8383//3 8447//3 8445//3
f 8382//4 8446//4 8448//4 8384//4
f 8383//3 8385//3 8449//3 8447//3
f 8384//4 8448//4 8450//4 8386//4
f 8385//3 8387//3 8451//3 8449//3
f 8386//4 8450//4 8452//4 8388//4
f 8387//3 8389//3 8453//3 8451//3
f 8388//4 8452//4 8454//4 8390//4
f 8389//3 8391//3 8455//3 8453//3
f 8390//4 8454//4 8456//4 8392//4
f 8393//2 8394//2 8457//2 8458//2
f 8391//3 8393//3 8458//3 8455//3
f 8392//4 8456//4 8457//4 8394//4
f 8455//6 8458//6 8457//6 8456//6
f 8401//1 8459//1 8460//1 8402//1
f 8401//3 8403//3 8461//3 8459//3
f 8402//4 8460//4 8462//4 8404//4
f 8459//6 8461//6 8462//6 8460//6
f 8403//3 8405//3 8463//3 8461//3
f 8404//4 8462//4 8464//4 8406//4
f 8461//6 8463//6 8464//6 8462//6
f 8405//3 8407//3 8465//3 8463//3
f 8406//4 8464//4 8466//4 8408//4
f 8463//6 8465//6 8466//6 8464//6
f 8407//3 8409//3 8467//3 8465//3
f 8408//4 8466//4 8468//4 8410//4
f 8409//3 8411//3 8469//3 8467//3
f 8410//4 8468//4 8470//4 8412//4
f 8411//3 8413//3 8471//3 8469//3
f 8412//4 8470//4 8472//4 8414//4
f 8413//3 8415//3 8473//3 8471//3
f 8414//4 8472//4 8474//4 8416//4
f 8415//3 8417//3 8475//3 8473//3
f 8416//4 8474//4 8476//4 8418//4
f 8417//3 8419//3 8477//3 8475//3
f 8418//4 8476//4 8478//4 8420//4
f 8419//3 8421//3 8479//3 8477//3
f 8420//4 8478//4 8480//4 8422//4
f 8421//3 8423//3 8481//3 8479//3
f 8422//4 8480//4 8482//4 8424//4
f 8423//3 8425//3 8483//3 8481//3
f 8424//4 8482//4 8484//4 8426//4
f 8425//3 8427//3 8485//3 8483//3
f 8426//4 8484//4 8486//4 8428//4
f 8427//3 8429//3 8487//3 8485//3
f 8428//4 8486//4 8488//4 8430//4
f 8429//3 8431//3 8489//3 8487//3
f 8430//4 8488//4 8490//4 8432//4
f 8431//3 8433//3 8491//3 8489//3
f 8432//4 8490//4 8492//4 8434//4
f 8433//3 8435//3 8493//3 8491//3
f 8434//4 8492//4 8494//4 8436//4
f 8435//3 8437//3 8495//3 8493//3
f 8436//4 8494//4 8496//4 8438//4
f 8437//3 8439//3 8497//3 8495//3
f 8438//4 8496//4 8498//4 8440//4
f 8439//3 8441//3 8499//3 8497//3
f 8440//4 8498//4 8500//4 8442//4
f 8441//3 8443//3 8501//3 8499//3
f 8442//4 8500//4 8502//4 8444//4
f 8443//3 8445//3 8503//3 8501//3
f 8444//4 8502//4 8504//4 8446//4
f 8445//3 8447//3 8505//3 8503//3
f 8446//4 8504//4 8506//4 8448//4
f 8447//3 8449//3 8507//3 8505//3
f 8448//4 8506//4 8508//4 8450//4
f 8449//3 8451//3 8509//3 8507//3
f 8450//4 8508//4 8510//4 8452//4
f 8507//6 8509//6 8510//6 8508//6
f 8451//3 8453//3 8511//3 8509//3
f 8452//4 8510//4 8512//4 8454//4
f 8509//6 8511//6 8512//6 8510//6
f 8455//2 8456//2 8513//2 8514//2
f 8453//3 8455//3 8514//3 8511//3
f 8454//4 8512//4 8513//4 8456//4
f 8511//6 8514//6 8513//6 8512//6
f 8465//1 8515//1 8516//1 8466//1
f 8465//3 8467//3 8517//3 8515//3
f 8466//4 8516//4 8518//4 8468//4
f 8515//6 8517//6 8518//6 8516//6
f 8467//3 8469//3 8519//3 8517//3
f 8468//4 8518//4 8520//4 8470//4
f 8517//6 8519//6 8520//6 8518//6
f 8469//3 8471//3 8521//3 8519//3
f 8470//4 8520//4 8522//4 8472//4
f 8519//6 8521//6 8522//6 8520//6
f 8471//3 8473//3 8523//3 8521//3
f 8472//4 8522//4 8524//4 8474//4
f 8473//3 8475//3 8525//3 8523//3
f 8474//4 8524//4 8526//4 8476//4
f 8475//3 8477//3 8527//3 8525//3
f 8476//4 8526//4 8528//4 8478//4
f 8477//3 8479//3 8529//3 8527//3
f 8478//4 8528//4 8530//4 8480//4
f 8479//3 8481//3 8531//3 8529//3
f 8480//4 8530//4 8532//4 8482//4
f 8481//3 8483//3 8533//3 8531//3
f 8482//4 8532//4 8534//4 8484//4
f 8483//3 8485//3 8535//3 8533//3
f 8484//4 8534//4 8536//4 8486//4
f 8485//3 8487//3 8537//3 8535//3
f 8486//4 8536//4 8538//4 8488//4
f 8487//3 8489//3 8539//3 8537//3
f 8488//4 8538//4 8540//4 8490//4
f 8489//3 8491//3 8541//3 8539//3
f 8490//4 8540//4 8542//4 8492//4
f 8491//3 8493//3 8543//3 8541//3
f 8492//4 8542//4 8544//4 8494//4
f 8493//3 8495//3 8545//3 8543//3
f 8494//4 8544//4 8546//4 8496//4
f 8495//3 8497//3 8547//3 8545//3
f 8496//4 8546//4 8548//4 8498//4
f 8497//3 8499//3 8549//3 8547//3
f 8498//4 8548//4 8550//4 8500//4
f 8499//3 8501//3 8551//3 8549//3
f 8500//4 8550//4 8552//4 8502//4
f 8501//3 8503//3 8553//3 8551//3
f 8502//4 8552//4 8554//4 8504//4
f 8551//6 8553//6 8554//6 8552//6
f 8503//3 8505//3 8555//3 8553//3
f 8504//4 8554//4 8556//4 8506//4
f 8553//6 8555//6 8556//6 8554//6
f 8507//2 8508//2 8557//2 8558//2
f 8505//3 8507//3 8558//3 8555//3
f 8506//4 8556//4 8557//4 8508//4
f 8555//6 8558//6 8557//6 8556//6
f 8521//1 8559//1 8560//1 8522//1
f 8521//3 8523//3 8561//3 8559//3
f 8522//4 8560//4 8562//4 8524//4
f 8559//6 8561//6 8562//6 8560//6
f 8523//3 8525//3 8563//3 8561//3
f 8524//4 8562//4 8564//4 8526//4
f 8561//6 8563//6 8564//6 8562//6
f 8525//3 8527//3 8565//3 8563//3
f 8526//4 8564//4 8566//4 8528//4
f 8563//6 8565//6 8566//6 8564//6
f 8527//3 8529//3 8567//3 8565//3
f 8528//4 8566//4 8568//4 8530//4
f 8565//6 8567//6 8568//6 8566//6
f 8529//3 8531//3 8569//3 8567//3
f 8530//4 8568//4 8570//4 8532//4
f 8567//6 8569//6 8570//6 8568//6
f 8531//3 8533//3 8571//3 8569//3
f 8532//4 8570//4 8572//4 8534//4
f 8569//6 8571//6 8572//6 8570//6
f 8533//3 8535//3 8573//3 8571//3
f 8534//4 8572//4 8574//4 8536//4
f 8571//6 8573//6 8574//6 8572//6
f 8535//3 8537//3 8575//3 8573//3
f 8536//4 8574//4 8576//4 8538//4
f 8537//3 8539//3 8577//3 8575//3
f 8538//4 8576//4 8578//4 8540//4
f 8575//6 8577//6 8578//6 8576//6
f 8539//3 8541//3 8579//3 8577//3
f 8540//4 8578//4 8580//4 8542//4
f 8577//6 8579//6 8580//6 8578//6
f 8541//3 8543//3 8581//3 8579//3
f 8542//4 8580//4 8582//4 8544//4
f 8579//6 8581//6 8582//6 8580//6
f 8543//3 8545//3 8583//3 8581//3
f 8544//4 8582//4 8584//4 8546//4
f 8581//6 8583//6 8584//6 8582//6
f 8545//3 8547//3 8585//3 8583//3
f 8546//4 8584//4 8586//4 8548//4
f 8583//6 8585//6 8586//6 8584//6
f 8547//3 8549//3 8587//3 8585//3
f 8548//4 8586//4 8588//4 8550//4
f 8585//6 8587//6 8588//6 8586//6
f 8551//2 8552//2 8589//2 8590//2
f 8549//3 8551//3 8590//3 8587//3
f 8550//4 8588//4 8589//4 8552//4
f 8587//6 8590//6 8589//6 8588//6
f 8573//1 8591//1 8592//1 8574//1
f 8575//2 8576//2 8593//2 8594//2
f 8573//3 8575//3 8594//3 8591//3
f 8574//4 8592//4 8593//4 8576//4
f 8591//6 8594//6 8593//6 8592//6
g glyph_61
f 7931//1 7932//1 7933//1 7934//1
f 7934//4 7933//4 7935//4 7936//4
f 7931//5 7934//5 7936//5 7937//5
f 7932//6 7938//6 7935//6 7933//6
f 7936//4 7935//4 7939//4 7940//4
f 7937//5 7936//5 7940//5 7941//5
f 7938//6 7942//6 7939//6 7935//6
f 7940//4 7939//4 7943//4 7944//4
f 7941//5 7940//5 7944//5 7945//5
f 7942//6 7946//6 7943//6 7939//6
f 7944//4 7943//4 7947//4 7948//4
f 7945//5 7944//5 7948//5 7949//5
f 7946//6 7950//6 7947//6 7943//6
f 7948//4 7947//4 7951//4 7952//4
f 7949//5 7948//5 7952//5 7953//5
f 7950//6 7954//6 7951//6 7947//6
f 7952//4 7951//4 7955//4 7956//4
f 7953//5 7952//5 7956//5 7957//5
f 7956//4 7955//4 7958//4 7959//4
f 7957//5 7956//5 7959//5 7960//5
f 7961//6 7962//6 7958//6 7955//6
f 7959//4 7958//4 7963//4 7964//4
f 7960//5 7959//5 7964//5 7965//5
f 7962//6 7966//6 7963//6 7958//6
f 7964//4 7963//4 7967//4 7968//4
f 7965//5 7964//5 7968//5 7969//5
f 7966//6 7970//6 7967//6 7963//6
f 7968//4 7967//4 7971//4 7972//4
f 7969//5 7968//5 7972//5 7973//5
f 7970//6 7974//6 7971//6 7967//6
f 7975//2 7976//2 7977//2 7978//2
f 7972//4 7971//4 7977//4 7976//4
f 7973//5 7972//5 7976//5 7975//5
f 7974//6 7978//6 7977//6 7971//6
f 7979//1 7980//1 7932//1 7931//1
f 7979//5 7931//5 7937//5 7981//5
f 7980//6 7982//6 7938//6 7932//6
f 7981//5 7937//5 7941//5 7983//5
f 7982//6 7984//6 7942//6 7938//6
f 7983//5 7941//5 7945//5 7985//5
f 7984//6 7986//6 7946//6 7942//6
f 7985//5 7945//5 7949//5 7987//5
f 7986//6 7988//6 7950//6 7946//6
f 7987//5 7949//5 7953//5 7989//5
f 7988//6 7990//6 7954//6 7950//6
f 7989//5 7953//5 7957//5 7991//5
f 7991//5 7957//5 7960//5 7992//5
f 7993//6 7994//6 7962//6 7961//6
f 7992//5 7960//5 7965//5 7995//5
f 7994//6 7996//6 7966//6 7962//6
f 7995//5 7965//5 7969//5 7997//5
f 7996//6 7998//6 7970//6 7966//6
f 7997//5 7969//5 7973//5 7999//5
f 7998//6 8000//6 7974//6 7970//6
f 8001//2 7975//2 7978//2 8002//2
f 7999//5 7973//5 7975//5 8001//5
f 8000//6 8002//6 7978//6 7974//6
f 8003//1 8004//1 7980//1 7979//1
f 8003//5 7979//5 7981//5 8005//5
f 8004//6 8006//6 7982//6 7980//6
f 8005//5 7981//5 7983//5 8007//5
f 8006//6 8008//6 7984//6 7982//6
f 8007//5 7983//5 7985//5 8009//5
f 8008//6 8010//6 7986//6 7984//6
f 8009//5 7985//5 7987//5 8011//5
f 8010//6 8012//6 7988//6 7986//6
f 8011//5 7987//5 7989//5 8013//5
f 8012//6 8014//6 7990//6 7988//6
f 8013//5 7989//5 7991//5 8015//5
f 8015//5 7991//5 7992//5 8016//5
f 8017//6 8018//6 7994//6 7993//6
f 8016//5 7992//5 7995//5 8019//5
f 8018//6 8020//6 7996//6 7994//6
f 8019//5 7995//5 7997//5 8021//5
f 8020//6 8022//6 7998//6 7996//6
f 8021//5 7997//5 7999//5 8023//5
f 8022//6 8024//6 8000//6 7998//6
f 8025//2 8001//2 8002//2 8026//2
f 8023//5 7999//5 8001//5 8025//5
f 8024//6 8026//6 8002//6 8000//6
f 8027//1 8028//1 8004//1 8003//1
f 8027//5 8003//5 8005//5 8029//5
f 8028//6 8030//6 8006//6 8004//6
f 8029//5 8005//5 8007//5 8031//5
f 8030//6 8032//6 8008//6 8006//6
f 8031//5 8007//5 8009//5 8033//5
f 8032//6 8034//6 8010//6 8008//6
f 8033//5 8009//5 8011//5 8035//5
f 8034//6 8036//6 8012//6 8010//6
f 8035//5 8011//5 8013//5 8037//5
f 8036//6 8038//6 8014//6 8012//6
f 8037//5 8013//5 8015//5 8039//5
f 8039//5 8015//5 8016//5 8040//5
f 8041//6 8042//6 8018//6 8017//6
f 8040//5 8016//5 8019//5 7752//5
f 8042//6 8043//6 8020//6 8018//6
f 7752//5 8019//5 8021//5 7753//5
f 8043//6 8044//6 8022//6 8020//6
f 7753//5 8021//5 8023//5 8045//5
f 8044//6 8046//6 8024//6 8022//6
f 8047//2 8025//2 8026//2 8048//2
f 8045//5 8023//5 8025//5 8047//5
f 8046//6 8048//6 8026//6 8024//6
f 8049//1 8050//1 8028//1 8027//1
f 8049//5 8027//5 8029//5 8051//5
f 8050//6 8052//6 8030//6 8028//6
f 8051//5 8029//5 8031//5 8053//5
f 8053//5 8031//5 8033//5 8054//5
f 8054//5 8033//5 8035//5 8055//5
f 8055//5 8035//5 8037//5 8056//5
f 8056//5 8037//5 8039//5 8057//5
f 8057//5 8039//5 8040//5 7756//5
f 7756//5 8040//5 7752//5 7751//5
f 7754//5 7753//5 8045//5 7757//5
f 8058//2 8047//2 8048//2 8059//2
f 7757//5 8045//5 8047//5 8058//5
f 8060//6 8059//6 8048//6 8046//6
f 8061//1 8062//1 8050//1 8049//1
f 8061//5 8049//5 8051//5 8063//5
f 8062//6 8064//6 8052//6 8050//6
f 8063//5 8051//5 8053//5 8065//5
f 8064//6 8066//6 8067//6 8052//6
f 8065//5 8053//5 8054//5 8068//5
f 8066//6 8069//6 8070//6 8067//6
f 8068//5 8054//5 8055//5 8071//5
f 8069//6 8072//6 8073//6 8070//6
f 8071//5 8055//5 8056//5 8074//5
f 8072//6 8075//6 8076//6 8073//6
f 8074//5 8056//5 8057//5 7760//5
f 7760//5 8057//5 7756//5 7755//5
f 8077//6 8078//6 8079//6 8080//6
f 8078//6 8081//6 8082//6 8079//6
f 8081//6 8083//6 8084//6 8082//6
f 8083//6 8085//6 8060//6 8084//6
f 7762//2 8058//2 8059//2 8086//2
f 7758//5 7757//5 8058//5 7762//5
f 8085//6 8086//6 8059//6 8060//6
f 8087//1 8088//1 8062//1 8061//1
f 8087//5 8061//5 8063//5 8089//5
f 8088//6 8090//6 8064//6 8062//6
f 8089//5 8063//5 8065//5 8091//5
f 8090//6 8092//6 8066//6 8064//6
f 8091//5 8065//5 8068//5 8093//5
f 8092//6 8094//6 8069//6 8066//6
f 8093//5 8068//5 8071//5 8095//5
f 8094//6 8096//6 8072//6 8069//6
f 8095//5 8071//5 8074//5 8097//5
f 8096//6 8098//6 8075//6 8072//6
f 8097//5 8074//5 7760//5 7759//5
f 8099//6 8100//6 8078//6 8077//6
f 8100//6 8101//6 8081//6 8078//6
f 8101//6 8102//6 8083//6 8081//6
f 8102//6 8103//6 8085//6 8083//6
f 7763//2 7762//2 8086//2 8104//2
f 8103//6 8104//6 8086//6 8085//6
f 8105//1 8106//1 8088//1 8087//1
f 8105//5 8087//5 8089//5 8107//5
f 8106//6 8108//6 8090//6 8088//6
f 8107//5 8089//5 8091//5 8109//5
f 8108//6 8110//6 8092//6 8090//6
f 8109//5 8091//5 8093//5 8111//5
f 8110//6 8112//6 8094//6 8092//6
f 8111//5 8093//5 8095//5 8113//5
f 8112//6 8114//6 8096//6 8094//6
f 8113//5 8095//5 8097//5 8115//5
f 8114//6 8116//6 8098//6 8096//6
f 8115//5 8097//5 7759//5 8117//5
f 8117//5 7759//5 7761//5 7765//5
f 8118//6 8119//6 8100//6 8099//6
f 8119//6 8120//6 8101//6 8100//6
f 8120//6 8121//6 8102//6 8101//6
f 8121//6 8122//6 8103//6 8102//6
f 8123//2 7763//2 8104//2 8124//2
f 7767//5 7764//5 7763//5 8123//5
f 8122//6 8124//6 8104//6 8103//6
f 8125//1 8126//1 8106//1 8105//1
f 8125//3 8127//3 8128//3 8126//3
f 8125//5 8105//5 8107//5 8127//5
f 8126//6 8128//6 8108//6 8106//6
f 8127//3 8129//3 8130//3 8128//3
f 8127//5 8107//5 8109//5 8129//5
f 8128//6 8130//6 8110//6 8108//6
f 8129//3 8131//3 8132//3 8130//3
f 8129//5 8109//5 8111//5 8131//5
f 8130//6 8132//6 8112//6 8110//6
f 8131//3 8133//3 8134//3 8132//3
f 8131//5 8111//5 8113//5 8133//5
f 8132//6 8134//6 8114//6 8112//6
f 8133//3 8135//3 8136//3 8134//3
f 8133//5 8113//5 8115//5 8135//5
f 8134//6 8136//6 8116//6 8114//6
f 8135//3 8137//3 8138//3 8136//3
f 8135//5 8115//5 8117//5 8137//5
f 8137//3 8139//3 8140//3 8138//3
f 8137//5 8117//5 7765//5 8139//5
f 8138//6 8140//6 8119//6 8118//6
f 8139//3 7769//3 8141//3 8140//3
f 8139//5 7765//5 7766//5 7769//5
f 8140//6 8141//6 8120//6 8119//6
f 7769//3 7770//3 8142//3 8141//3
f 8141//6 8142//6 8121//6 8120//6
f 7770//3 8143//3 8144//3 8142//3
f 7770//5 7768//5 7767//5 8143//5
f 8142//6 8144//6 8122//6 8121//6
f 8145//2 8123//2 8124//2 8146//2
f 8143//3 8145//3 8146//3 8144//3
f 8143//5 7767//5 8123//5 8145//5
f 8144//6 8146//6 8124//6 8122//6
g glyph_64
f 6514//1 7137//1 7138//1 6502//1
f 6502//4 7138//4 7139//4 6503//4
f 7137//6 7140//6 7139//6 7138//6
f 6503//4 7139//4 7141//4 6504//4
f 7140//6 7142//6 7141//6 7139//6
f 6504//4 7141//4 7143//4 6505//4
f 7142//6 7144//6 7143//6 7141//6
f 6505//4 7143//4 7145//4 6506//4
f 7144//6 7146//6 7145//6 7143//6
f 6506//4 7145//4 7147//4 6507//4
f 7146//6 7148//6 7147//6 7145//6
f 6507//4 7147//4 7149//4 6508//4
f 7148//6 7150//6 7149//6 7147//6
f 6508//4 7149//4 7151//4 6509//4
f 7150//6 7152//6 7151//6 7149//6
f 6509//4 7151//4 7153//4 6510//4
f 7152//6 7154//6 7153//6 7151//6
f 6510//4 7153//4 7155//4 6511//4
f 7154//6 7156//6 7155//6 7153//6
f 6511//4 7155//4 7157//4 6512//4
f 7156//6 7158//6 7157//6 7155//6
f 6515//2 6513//2 7159//2 7160//2
f 6512//4 7157//4 7159//4 6513//4
f 7158//6 7160//6 7159//6 7157//6
f 7496//1 7497//1 7498//1 7499//1
f 7499//4 7498//4 7500//4 7501//4
f 7496//5 7499//5 7501//5 7206//5
f 7497//6 7502//6 7500//6 7498//6
f 7501//4 7500//4 7503//4 7194//4
f 7206//5 7501//5 7194//5 7193//5
f 7502//6 7504//6 7503//6 7500//6
f 7195//2 7185//2 7505//2 7506//2
f 7194//4 7503//4 7505//4 7185//4
f 7504//6 7506//6 7505//6 7503//6
f 7198//1 7507//1 7508//1 7192//1
f 7192//4 7508//4 7509//4 7199//4
f 7507//6 7510//6 7509//6 7508//6
f 7199//4 7509//4 7511//4 7512//4
f 7200//5 7199//5 7512//5 7211//5
f 7510//6 7513//6 7511//6 7509//6
f 7514//2 7515//2 7516//2 7517//2
f 7512//4 7511//4 7516//4 7515//4
f 7211//5 7512//5 7515//5 7514//5
f 7513//6 7517//6 7516//6 7511//6
f 7518//1 7519//1 7497//1 7496//1
f 7518//3 7205//3 7520//3 7519//3
f 7518//5 7496//5 7206//5 7205//5
f 7519//6 7520//6 7502//6 7497//6
f 7205//3 7221//3 7521//3 7520//3
f 7520//6 7521//6 7504//6 7502//6
f 7207//2 7195//2 7506//2 7522//2
f 7221//3 7207//3 7522//3 7521//3
f 7521//6 7522//6 7506//6 7504//6
f 7210//1 7523//1 7507//1 7198//1
f 7210//3 7225//3 7524//3 7523//3
f 7523//6 7524//6 7510//6 7507//6
f 7225//3 7212//3 7525//3 7524//3
f 7524//6 7525//6 7513//6 7510//6
f 7526//2 7514//2 7517//2 7527//2
f 7212//3 7526//3 7527//3 7525//3
f 7212//5 7211//5 7514//5 7526//5
f 7525//6 7527//6 7517//6 7513//6
f 7583//1 7584//1 7585//1 7586//1
f 7587//2 7588//2 7589//2 7590//2
f 7583//3 7587//3 7590//3 7584//3
f 7586//4 7585//4 7589//4 7588//4
f 7583//5 7586//5 7588//5 7587//5
f 7584//6 7590//6 7589//6 7585//6
f 7341//1 7591//1 7592//1 7338//1
f 7342//2 7340//2 7593//2 7594//2
f 7341//3 7342//3 7594//3 7591//3
f 7338//4 7592//4 7593//4 7340//4
f 7591//6 7594//6 7593//6 7592//6
f 7595//1 7596//1 7597//1 7598//1
f 7599//2 7600//2 7601//2 7602//2
f 7595//3 7599//3 7602//3 7596//3
f 7598//4 7597//4 7601//4 7600//4
f 7595//5 7598//5 7600//5 7599//5
f 7596//6 7602//6 7601//6 7597//6
g glyph_111
f 1185//1 1186//1 1187//1 1188//1
f 1189//2 1190//2 1191//2 1192//2
f 1185//3 1189//3 1192//3 1186//3
f 1188//4 1187//4 1191//4 1190//4
f 1185//5 1188//5 1190//5 1189//5
f 1537//1 1538//1 1539//1 1540//1
f 1540//4 1539//4 1541//4 1542//4
f 1537//5 1540//5 1542//5 1543//5
f 1542//4 1541//4 1544//4 1545//4
f 1543//5 1542//5 1545//5 1546//5
f 1547//2 1548//2 1549//2 1550//2
f 1545//4 1544//4 1549//4 1548//4
f 1546//5 1545//5 1548//5 1547//5
f 1551//1 1552//1 1553//1 1554//1
f 1554//4 1553//4 1538//4 1537//4
f 1551//5 1554//5 1537//5 1555//5
f 1555//5 1537//5 1543//5 1556//5
f 1556//5 1543//5 1546//5 1557//5
f 1557//5 1546//5 1547//5 1558//5
f 1559//2 1560//2 1561//2 1562//2
f 1547//4 1550//4 1561//4 1560//4
f 1558//5 1547//5 1560//5 1559//5
f 1563//1 1564//1 1565//1 1566//1
f 1566//4 1565//4 1552//4 1551//4
f 1563//5 1566//5 1551//5 1567//5
f 1567//5 1551//5 1555//5 1568//5
f 1568//5 1555//5 1556//5 1569//5
f 1569//5 1556//5 1557//5 1570//5
f 1570//5 1557//5 1558//5 1571//5
f 1571//5 1558//5 1559//5 1572//5
f 1573//2 1574//2 1575//2 1576//2
f 1559//4 1562//4 1575//4 1574//4
f 1572//5 1559//5 1574//5 1573//5
f 1577//1 1578//1 1564//1 1563//1
f 1577//5 1563//5 1567//5 1579//5
f 1579//5 1567//5 1568//5 1580//5
f 1580//5 1568//5 1569//5 1187//5
f 1187//5 1569//5 1570//5 1191//5
f 1191//5 1570//5 1571//5 1581//5
f 1581//5 1571//5 1572//5 1582//5
f 1583//2 1573//2 1576//2 1584//2
f 1582//5 1572//5 1573//5 1583//5
f 1585//1 1586//1 1578//1 1577//1
f 1585//5 1577//5 1579//5 1587//5
f 1587//5 1579//5 1580//5 1588//5
f 1588//5 1580//5 1187//5 1186//5
f 1192//5 1191//5 1581//5 1589//5
f 1589//5 1581//5 1582//5 1590//5
f 1591//2 1583//2 1584//2 1592//2
f 1590//5 1582//5 1583//5 1591//5
f 1593//1 1594//1 1586//1 1585//1
f 1593//5 1585//5 1587//5 1595//5
f 1595//5 1587//5 1588//5 1596//5
f 1596//5 1588//5 1186//5 1597//5
f 1597//5 1186//5 1192//5 1598//5
f 1598//5 1192//5 1589//5 1599//5
f 1599//5 1589//5 1590//5 1600//5
f 1601//2 1591//2 1592//2 1602//2
f 1600//5 1590//5 1591//5 1601//5
f 1603//1 1604//1 1594//1 1593//1
f 1603//3 1605//3 1606//3 1604//3
f 1603//5 1593//5 1595//5 1605//5
f 1605//5 1595//5 1596//5 1607//5
f 1607//5 1596//5 1597//5 1608//5
f 1608//5 1597//5 1598//5 1609//5
f 1609//5 1598//5 1599//5 1610//5
f 1610//5 1599//5 1600//5 1611//5
f 1612//2 1601//2 1602//2 1613//2
f 1611//3 1612//3 1613//3 1614//3
f 1611//5 1600//5 1601//5 1612//5
f 1615//1 1616//1 1606//1 1605//1
f 1615//3 1617//3 1618//3 1616//3
f 1615//5 1605//5 1607//5 1617//5
f 1617//5 1607//5 1608//5 1619//5
f 1619//5 1608//5 1609//5 1620//5
f 1620//5 1609//5 1610//5 1621//5
f 1622//2 1611//2 1614//2 1623//2
f 1621//3 1622//3 1623//3 1624//3
f 1621//5 1610//5 1611//5 1622//5
f 1625//1 1626//1 1618//1 1617//1
f 1625//3 1627//3 1628//3 1626//3
f 1625//5 1617//5 1619//5 1627//5
f 1627//3 1629//3 1630//3 1628//3
f 1627//5 1619//5 1620//5 1629//5
f 1631//2 1621//2 1624//2 1632//2
f 1629//3 1631//3 1632//3 1630//3
f 1629//5 1620//5 1621//5 1631//5
f 2087//1 2088//1 2089//1 2090//1
f 2090//4 2089//4 2091//4 2092//4
f 2087//5 2090//5 2092//5 1539//5
f 2092//4 2091//4 2093//4 2094//4
f 1539//5 2092//5 2094//5 1541//5
f 2094//4 2093//4 2095//4 2096//4
f 1541//5 2094//5 2096//5 1544//5
f 2096//4 2095//4 2097//4 2098//4
f 1544//5 2096//5 2098//5 1549//5
f 2099//2 2100//2 2101//2 2102//2
f 2098//4 2097//4 2101//4 2100//4
f 1549//5 2098//5 2100//5 2099//5
f 2103//1 2104//1 2105//1 2106//1
f 2106//4 2105//4 2088//4 2087//4
f 2103//5 2106//5 2087//5 1553//5
f 1553//5 2087//5 1539//5 1538//5
f 1550//5 1549//5 2099//5 1561//5
f 2107//2 2108//2 2109//2 2110//2
f 2099//4 2102//4 2109//4 2108//4
f 1561//5 2099//5 2108//5 2107//5
f 2111//1 2112//1 2113//1 2114//1
f 2114//4 2113//4 2104//4 2103//4
f 2111//5 2114//5 2103//5 1565//5
f 1565//5 2103//5 1553//5 1552//5
f 1562//5 1561//5 2107//5 1575//5
f 2115//2 2116//2 2117//2 2118//2
f 2107//4 2110//4 2117//4 2116//4
f 1575//5 2107//5 2116//5 2115//5
f 2119//1 2120//1 2112//1 2111//1
f 2119//5 2111//5 1565//5 1564//5
f 2121//2 2115//2 2118//2 2122//2
f 1576//5 1575//5 2115//5 2121//5
f 2123//1 2124//1 2125//1 2126//1
f 2126//4 2125//4 2120//4 2119//4
f 2123//5 2126//5 2119//5 2127//5
f 2127//5 2119//5 1564//5 1578//5
f 1584//5 1576//5 2121//5 2128//5
f 2129//2 2130//2 2131//2 2132//2
f 2121//4 2122//4 2131//4 2130//4
f 2128//5 2121//5 2130//5 2129//5
f 2133//1 2134//1 2124//1 2123//1
f 2133//5 2123//5 2127//5 2135//5
f 2135//5 2127//5 1578//5 1586//5
f 1592//5 1584//5 2128//5 2136//5
f 2137//2 2129//2 2132//2 2138//2
f 2136//5 2128//5 2129//5 2137//5
f 2139//1 2140//1 2134//1 2133//1
f 2139//3 2141//3 2142//3 2140//3
f 2139//5 2133//5 2135//5 2141//5
f 2141//5 2135//5 1586//5 1594//5
f 1602//5 1592//5 2136//5 2143//5
f 2144//2 2137//2 2138//2 2145//2
f 2143//3 2144//3 2145//3 2146//3
f 2143//5 2136//5 2137//5 2144//5
f 2147//1 2148//1 2142//1 2141//1
f 2147//5 2141//5 1594//5 1604//5
f 2149//2 2143//2 2146//2 2150//2
f 1613//5 1602//5 2143//5 2149//5
f 2151//1 2152//1 2148//1 2147//1
f 2151//3 2153//3 2154//3 2152//3
f 2151//5 2147//5 1604//5 2153//5
f 2153//5 1604//5 1606//5 1616//5
f 1623//5 1614//5 1613//5 2155//5
f 2156//2 2149//2 2150//2 2157//2
f 2155//3 2156//3 2157//3 2158//3
f 2155//5 1613//5 2149//5 2156//5
f 2159//1 2160//1 2154//1 2153//1
f 2159//3 2161//3 2162//3 2160//3
f 2159//5 2153//5 1616//5 2161//5
f 2161//5 1616//5 1618//5 1626//5
f 1632//5 1624//5 1623//5 2163//5
f 2164//2 2155//2 2158//2 2165//2
f 2163//3 2164//3 2165//3 2166//3
f 2163//5 1623//5 2155//5 2164//5
f 2167//1 2168//1 2162//1 2161//1
f 2167//3 2169//3 2170//3 2168//3
f 2167//5 2161//5 1626//5 2169//5
f 2169//3 2171//3 2172//3 2170//3
f 2169//5 1626//5 1628//5 2171//5
f 2171//3 2173//3 2174//3 2172//3
f 2171//5 1628//5 1630//5 2173//5
f 2173//3 2175//3 2176//3 2174//3
f 2173//5 1630//5 1632//5 2175//5
f 2177//2 2163//2 2166//2 2178//2
f 2175//3 2177//3 2178//3 2176//3
f 2175//5 1632//5 2163//5 2177//5
f 2589//1 2590//1 2573//1 2067//1
f 2589//5 2067//5 2068//5 2089//5
f 2089//5 2068//5 2069//5 2091//5
f 2091//5 2069//5 2070//5 2093//5
f 2093//5 2070//5 2071//5 2095//5
f 2095//5 2071//5 2072//5 2097//5
f 2097//5 2072//5 2073//5 2101//5
f 2591//2 2074//2 2575//2 2592//2
f 2101//5 2073//5 2074//5 2591//5
f 2593//1 2594//1 2595//1 2596//1
f 2596//4 2595//4 2590//4 2589//4
f 2593//5 2596//5 2589//5 2105//5
f 2105//5 2589//5 2089//5 2088//5
f 2102//5 2101//5 2591//5 2109//5
f 2597//2 2598//2 2599//2 2600//2
f 2591//4 2592//4 2599//4 2598//4
f 2109//5 2591//5 2598//5 2597//5
f 2113//1 2601//1 2594//1 2593//1
f 2113//5 2593//5 2105//5 2104//5
f 2117//2 2597//2 2600//2 2602//2
f 2110//5 2109//5 2597//5 2117//5
f 2603//1 2604//1 2605//1 2606//1
f 2606//4 2605//4 2601//4 2113//4
f 2603//5 2606//5 2113//5 2112//5
f 2607//2 2608//2 2609//2 2610//2
f 2117//4 2602//4 2609//4 2608//4
f 2118//5 2117//5 2608//5 2607//5
f 2125//1 2611//1 2604//1 2603//1
f 2125//5 2603//5 2112//5 2120//5
f 2131//2 2607//2 2610//2 2612//2
f 2122//5 2118//5 2607//5 2131//5
f 2124//1 2613//1 2611//1 2125//1
f 2132//2 2131//2 2612//2 2614//2
f 2615//1 2616//1 2617//1 2618//1
f 2615//3 2134//3 2619//3 2616//3
f 2618//4 2617//4 2613//4 2124//4
f 2615//5 2618//5 2124//5 2134//5
f 2620//2 2621//2 2622//2 2623//2
f 2138//3 2620//3 2623//3 2624//3
f 2132//4 2614//4 2622//4 2621//4
f 2138//5 2132//5 2621//5 2620//5
f 2140//1 2625//1 2619//1 2134//1
f 2145//2 2138//2 2624//2 2626//2
f 2627//1 2628//1 2625//1 2140//1
f 2627//5 2140//5 2142//5 2148//5
f 2629//2 2145//2 2626//2 2630//2
f 2150//5 2146//5 2145//5 2629//5
f 2631//1 2632//1 2628//1 2627//1
f 2631//3 2152//3 2633//3 2632//3
f 2631//5 2627//5 2148//5 2152//5
f 2634//2 2629//2 2630//2 2635//2
f 2157//3 2634//3 2635//3 2636//3
f 2157//5 2150//5 2629//5 2634//5
f 2637//1 2638//1 2633//1 2152//1
f 2637//5 2152//5 2154//5 2160//5
f 2639//2 2157//2 2636//2 2640//2
f 2165//5 2158//5 2157//5 2639//5
f 2641//1 2642//1 2638//1 2637//1
f 2641//3 2643//3 2644//3 2642//3
f 2641//5 2637//5 2160//5 2643//5
f 2643//5 2160//5 2162//5 2168//5
f 2178//5 2166//5 2165//5 2645//5
f 2646//2 2639//2 2640//2 2647//2
f 2645//3 2646//3 2647//3 2648//3
f 2645//5 2165//5 2639//5 2646//5
f 2649//1 2650//1 2644//1 2643//1
f 2649//5 2643//5 2168//5 2181//5
f 2181//5 2168//5 2170//5 2183//5
f 2183//5 2170//5 2172//5 2186//5
f 2186//5 2172//5 2174//5 2189//5
f 2189//5 2174//5 2176//5 2192//5
f 2192//5 2176//5 2178//5 2197//5
f 2651//2 2645//2 2648//2 2652//2
f 2197//5 2178//5 2645//5 2651//5
f 2590//1 3065//1 3051//1 2573//1
f 2592//2 2575//2 3053//2 3066//2
f 2594//1 3067//1 3068//1 2595//1
f 2595//4 3068//4 3065//4 2590//4
f 2600//2 2599//2 3069//2 3070//2
f 2592//4 3066//4 3069//4 2599//4
f 2605//1 3071//1 3072//1 3073//1
f 3073//4 3072//4 3067//4 2594//4
f 2605//5 3073//5 2594//5 2601//5
f 2609//2 3074//2 3075//2 3076//2
f 2600//4 3070//4 3075//4 3074//4
f 2602//5 2600//5 3074//5 2609//5
f 3077//1 3078//1 3079//1 3080//1
f 3080//4 3079//4 3071//4 2605//4
f 3077//5 3080//5 2605//5 2604//5
f 3081//2 3082//2 3083//2 3084//2
f 2609//4 3076//4 3083//4 3082//4
f 2610//5 2609//5 3082//5 3081//5
f 3085//1 3086//1 3078//1 3077//1
f 3085//5 3077//5 2604//5 2611//5
f 3087//2 3081//2 3084//2 3088//2
f 2612//5 2610//5 3081//5 3087//5
f 2617//1 3089//1 3086//1 3085//1
f 2617//5 3085//5 2611//5 2613//5
f 2622//2 3087//2 3088//2 3090//2
f 2614//5 2612//5 3087//5 2622//5
f 2616//1 3091//1 3089//1 2617//1
f 2623//2 2622//2 3090//2 3092//2
f 3093//1 3094//1 3091//1 2616//1
f 3093//5 2616//5 2619//5 2625//5
f 3095//2 2623//2 3092//2 3096//2
f 2626//5 2624//5 2623//5 3095//5
f 3097//1 3098//1 3094//1 3093//1
f 3097//5 3093//5 2625//5 2628//5
f 3099//2 3095//2 3096//2 3100//2
f 2630//5 2626//5 3095//5 3099//5
f 3101//1 3102//1 3098//1 3097//1
f 3101//3 2632//3 3103//3 3102//3
f 3101//5 3097//5 2628//5 2632//5
f 3104//2 3099//2 3100//2 3105//2
f 2635//3 3104//3 3105//3 3106//3
f 2635//5 2630//5 3099//5 3104//5
f 3107//1 3108//1 3103//1 2632//1
f 3107//3 2638//3 3109//3 3108//3
f 3107//5 2632//5 2633//5 2638//5
f 3110//2 2635//2 3106//2 3111//2
f 2640//3 3110//3 3111//3 3112//3
f 2640//5 2636//5 2635//5 3110//5
f 2642//1 3113//1 3109//1 2638//1
f 2642//3 2644//3 3114//3 3113//3
f 2647//2 2640//2 3112//2 3115//2
f 2648//3 2647//3 3115//3 3116//3
f 2650//1 3117//1 3114//1 2644//1
f 2652//2 2648//2 3116//2 3118//2
f 3068//1 3570//1 3557//1 3050//1
f 3068//5 3050//5 3051//5 3065//5
f 3069//2 3052//2 3559//2 3571//2
f 3066//5 3053//5 3052//5 3069//5
f 3072//1 3572//1 3573//1 3574//1
f 3574//4 3573//4 3570//4 3068//4
f 3072//5 3574//5 3068//5 3067//5
f 3075//2 3575//2 3576//2 3577//2
f 3069//4 3571//4 3576//4 3575//4
f 3070//5 3069//5 3575//5 3075//5
f 3071//1 3578//1 3572//1 3072//1
f 3076//2 3075//2 3577//2 3579//2
f 3078//1 3580//1 3581//1 3079//1
f 3079//4 3581//4 3578//4 3071//4
f 3084//2 3083//2 3582//2 3583//2
f 3076//4 3579//4 3582//4 3083//4
f 3086//1 3584//1 3580//1 3078//1
f 3088//2 3084//2 3583//2 3585//2
f 3089//1 3586//1 3584//1 3086//1
f 3090//2 3088//2 3585//2 3587//2
f 3091//1 3588//1 3586//1 3089//1
f 3092//2 3090//2 3587//2 3589//2
f 3094//1 3590//1 3588//1 3091//1
f 3096//2 3092//2 3589//2 3591//2
f 3098//1 3592//1 3590//1 3094//1
f 3100//2 3096//2 3591//2 3593//2
f 3102//1 3594//1 3592//1 3098//1
f 3102//3 3103//3 3595//3 3594//3
f 3105//2 3100//2 3593//2 3596//2
f 3106//3 3105//3 3596//3 3597//3
f 3108//1 3598//1 3595//1 3103//1
f 3111//2 3106//2 3597//2 3599//2
f 3600//1 3601//1 3598//1 3108//1
f 3600//3 3113//3 3602//3 3601//3
f 3600//5 3108//5 3109//5 3113//5
f 3603//2 3111//2 3599//2 3604//2
f 3115//3 3603//3 3604//3 3605//3
f 3115//5 3112//5 3111//5 3603//5
f 3120//1 3606//1 3602//1 3113//1
f 3120//5 3113//5 3114//5 3117//5
f 3123//2 3115//2 3605//2 3607//2
f 3118//5 3116//5 3115//5 3123//5
f 3570//1 4151//1 4134//1 3557//1
f 3571//2 3559//2 4136//2 4152//2
f 3572//1 4153//1 4154//1 3573//1
f 3573//4 4154//4 4151//4 3570//4
f 3577//2 3576//2 4155//2 4156//2
f 3571//4 4152//4 4155//4 3576//4
f 3581//1 4157//1 4158//1 4159//1
f 4159//4 4158//4 4153//4 3572//4
f 3581//5 4159//5 3572//5 3578//5
f 4157//6 4160//6 4153//6 4158//6
f 3582//2 4161//2 4162//2 4163//2
f 3577//4 4156//4 4162//4 4161//4
f 3579//5 3577//5 4161//5 3582//5
f 4164//6 4163//6 4162//6 4156//6
f 3580//1 4165//1 4157//1 3581//1
f 3583//2 3582//2 4163//2 4166//2
f 3584//1 4167//1 4165//1 3580//1
f 3585//2 3583//2 4166//2 4168//2
f 3586//1 4169//1 4167//1 3584//1
f 3587//2 3585//2 4168//2 4170//2
f 4171//1 4172//1 4173//1 4174//1
f 4171//3 3588//3 4175//3 4172//3
f 4174//4 4173//4 4169//4 3586//4
f 4171//5 4174//5 3586//5 3588//5
f 4172//6 4175//6 4169//6 4173//6
f 4176//2 4177//2 4178//2 4179//2
f 3589//3 4176//3 4179//3 4180//3
f 3587//4 4170//4 4178//4 4177//4
f 3589//5 3587//5 4177//5 4176//5
f 4180//6 4179//6 4178//6 4170//6
f 3590//1 4181//1 4175//1 3588//1
f 3591//2 3589//2 4180//2 4182//2
f 3592//1 4183//1 4181//1 3590//1
f 3593//2 3591//2 4182//2 4184//2
f 3594//1 4185//1 4183//1 3592//1
f 3596//2 3593//2 4184//2 4186//2
f 4187//1 4188//1 4185//1 3594//1
f 4187//3 3598//3 4189//3 4188//3
f 4187//5 3594//5 3595//5 3598//5
f 4188//6 4189//6 4190//6 4185//6
f 4191//2 3596//2 4186//2 4192//2
f 3599//3 4191//3 4192//3 4193//3
f 3599//5 3597//5 3596//5 4191//5
f 4193//6 4192//6 4186//6 4194//6
f 3601//1 4195//1 4189//1 3598//1
f 3601//3 3602//3 4196//3 4195//3
f 3604//2 3599//2 4193//2 4197//2
f 3605//3 3604//3 4197//3 4198//3
f 3606//1 4199//1 4196//1 3602//1
f 3607//2 3605//2 4198//2 4200//2
f 4151//1 4716//1 4703//1 4134//1
f 4716//6 4717//6 4718//6 4703//6
f 4152//2 4136//2 4705//2 4719//2
f 4720//6 4719//6 4705//6 4721//6
f 4153//1 4722//1 4723//1 4154//1
f 4154//4 4723//4 4716//4 4151//4
f 4722//6 4724//6 4716//6 4723//6
f 4156//2 4155//2 4725//2 4726//2
f 4152//4 4719//4 4725//4 4155//4
f 4727//6 4726//6 4725//6 4719//6
f 4160//1 4728//1 4722//1 4153//1
f 4164//2 4156//2 4726//2 4729//2
f 4165//1 4730//1 4731//1 4157//1
f 4157//4 4731//4 4728//4 4160//4
f 4166//2 4163//2 4732//2 4733//2
f 4164//4 4729//4 4732//4 4163//4
f 4167//1 4734//1 4730//1 4165//1
f 4168//2 4166//2 4733//2 4735//2
f 4169//1 4736//1 4734//1 4167//1
f 4170//2 4168//2 4735//2 4737//2
f 4175//1 4738//1 4736//1 4169//1
f 4180//2 4170//2 4737//2 4739//2
f 4181//1 4740//1 4738//1 4175//1
f 4182//2 4180//2 4739//2 4741//2
f 4183//1 4742//1 4740//1 4181//1
f 4184//2 4182//2 4741//2 4743//2
f 4185//1 4744//1 4742//1 4183//1
f 4185//3 4190//3 4745//3 4744//3
f 4186//2 4184//2 4743//2 4746//2
f 4194//3 4186//3 4746//3 4747//3
f 4189//1 4748//1 4745//1 4190//1
f 4193//2 4194//2 4747//2 4749//2
f 4195//1 4750//1 4748//1 4189//1
f 4195//3 4196//3 4751//3 4750//3
f 4750//6 4751//6 4752//6 4748//6
f 4197//2 4193//2 4749//2 4753//2
f 4198//3 4197//3 4753//3 4754//3
f 4754//6 4753//6 4749//6 4755//6
f 4199//1 4756//1 4751//1 4196//1
f 4199//3 4203//3 4757//3 4756//3
f 4756//6 4757//6 4758//6 4751//6
f 4200//2 4198//2 4754//2 4759//2
f 4206//3 4200//3 4759//3 4760//3
f 4760//6 4759//6 4754//6 4761//6
f 4202//1 4762//1 4757//1 4203//1
f 4762//6 4763//6 4764//6 4757//6
f 4205//2 4206//2 4760//2 4765//2
f 4766//6 4765//6 4760//6 4767//6
f 4808//1 4809//1 4810//1 4811//1
f 4812//2 4813//2 4814//2 4815//2
f 4811//4 4810//4 4814//4 4813//4
f 4808//5 4811//5 4813//5 4812//5
f 4717//1 5302//1 5288//1 4718//1
f 4720//2 4721//2 5290//2 5303//2
f 4724//1 5304//1 5305//1 4716//1
f 4716//4 5305//4 5302//4 4717//4
f 4727//2 4719//2 5306//2 5307//2
f 4720//4 5303//4 5306//4 4719//4
f 4728//1 5308//1 5309//1 4722//1
f 4722//4 5309//4 5304//4 4724//4
f 5308//6 5310//6 5304//6 5309//6
f 4729//2 4726//2 5311//2 5312//2
f 4727//4 5307//4 5311//4 4726//4
f 5313//6 5312//6 5311//6 5307//6
f 4730//1 5314//1 5315//1 4731//1
f 4731//4 5315//4 5308//4 4728//4
f 5314//6 5316//6 5308//6 5315//6
f 4733//2 4732//2 5317//2 5318//2
f 4729//4 5312//4 5317//4 4732//4
f 5319//6 5318//6 5317//6 5312//6
f 4734//1 5320//1 5314//1 4730//1
f 5320//6 5321//6 5316//6 5314//6
f 4735//2 4733//2 5318//2 5322//2
f 5323//6 5322//6 5318//6 5319//6
f 4736//1 5324//1 5320//1 4734//1
f 5324//6 5325//6 5321//6 5320//6
f 4737//2 4735//2 5322//2 5326//2
f 5327//6 5326//6 5322//6 5323//6
f 4738//1 5328//1 5324//1 4736//1
f 4739//2 4737//2 5326//2 5329//2
f 4740//1 5330//1 5328//1 4738//1
f 5330//6 5331//6 5332//6 5328//6
f 4741//2 4739//2 5329//2 5333//2
f 5334//6 5333//6 5329//6 5335//6
f 4742//1 5336//1 5330//1 4740//1
f 5336//6 5337//6 5331//6 5330//6
f 4743//2 4741//2 5333//2 5338//2
f 5339//6 5338//6 5333//6 5334//6
f 4744//1 5340//1 5336//1 4742//1
f 4744//3 4745//3 5341//3 5340//3
f 5340//6 5341//6 5337//6 5336//6
f 4746//2 4743//2 5338//2 5342//2
f 4747//3 4746//3 5342//3 5343//3
f 5343//6 5342//6 5338//6 5339//6
f 4748//1 5344//1 5341//1 4745//1
f 4748//3 4752//3 5345//3 5344//3
f 5344//6 5345//6 5346//6 5341//6
f 4749//2 4747//2 5343//2 5347//2
f 4755//3 4749//3 5347//3 5348//3
f 5348//6 5347//6 5343//6 5349//6
f 4751//1 5350//1 5345//1 4752//1
f 4751//3 4758//3 5351//3 5350//3
f 4754//2 4755//2 5348//2 5352//2
f 4761//3 4754//3 5352//3 5353//3
f 4757//1 5354//1 5351//1 4758//1
f 4757//3 4764//3 5355//3 5354//3
f 4760//2 4761//2 5353//2 5356//2
f 4767//3 4760//3 5356//3 5357//3
f 4763//1 5358//1 5355//1 4764//1
f 5358//6 5359//6 5360//6 5355//6
f 5359//6 5361//6 5362//6 5360//6
f 5361//6 5363//6 5364//6 5362//6
f 5363//6 5365//6 5366//6 5364//6
f 4766//2 4767//2 5357//2 5367//2
f 5365//6 5367//6 5357//6 5366//6
f 5371//6 5372//6 5361//6 5359//6
f 5372//6 5373//6 5363//6 5361//6
f 5373//6 5374//6 5365//6 5363//6
f 5384//1 5385//1 5386//1 5387//1
f 5387//4 5386//4 5388//4 5389//4
f 5384//5 5387//5 5389//5 4810//5
f 5389//4 5388//4 5390//4 5391//4
f 4810//5 5389//5 5391//5 4814//5
f 5392//2 5393//2 5394//2 5395//2
f 5391//4 5390//4 5394//4 5393//4
f 4814//5 5391//5 5393//5 5392//5
f 4835//1 5410//1 5385//1 5384//1
f 4835//5 5384//5 4810//5 4809//5
f 5411//2 5392//2 5395//2 5412//2
f 4815//5 4814//5 5392//5 5411//5
f 5439//2 5411//2 5412//2 5440//2
f 4839//5 4815//5 5411//5 5439//5
f 5302//1 5910//1 5896//1 5288//1
f 5910//6 5911//6 5912//6 5896//6
f 5911//6 5913//6 5914//6 5912//6
f 5913//6 5915//6 5916//6 5914//6
f 5915//6 5917//6 5918//6 5916//6
f 5917//6 5919//6 5920//6 5918//6
f 5919//6 5921//6 5922//6 5920//6
f 5303//2 5290//2 5898//2 5923//2
f 5921//6 5923//6 5898//6 5922//6
f 5304//1 5924//1 5925//1 5305//1
f 5305//4 5925//4 5910//4 5302//4
f 5924//6 5926//6 5910//6 5925//6
f 5926//6 5927//6 5911//6 5910//6
f 5928//6 5929//6 5923//6 5921//6
f 5307//2 5306//2 5930//2 5931//2
f 5303//4 5923//4 5930//4 5306//4
f 5929//6 5931//6 5930//6 5923//6
f 5310//1 5932//1 5924//1 5304//1
f 5932//6 5933//6 5926//6 5924//6
f 5313//2 5307//2 5931//2 5934//2
f 5935//6 5934//6 5931//6 5929//6
f 5316//1 5936//1 5937//1 5308//1
f 5308//4 5937//4 5932//4 5310//4
f 5936//6 5938//6 5932//6 5937//6
f 5319//2 5312//2 5939//2 5940//2
f 5313//4 5934//4 5939//4 5312//4
f 5941//6 5940//6 5939//6 5934//6
f 5321//1 5950//1 5936//1 5316//1
f 5950//6 5951//6 5938//6 5936//6
f 5323//2 5319//2 5940//2 5952//2
f 5953//6 5952//6 5940//6 5941//6
f 5325//1 5966//1 5950//1 5321//1
f 5327//2 5323//2 5952//2 5967//2
f 5328//1 5972//1 5973//1 5324//1
f 5328//3 5332//3 5974//3 5972//3
f 5324//4 5973//4 5966//4 5325//4
f 5972//6 5974//6 5966//6 5973//6
f 5329//2 5326//2 5975//2 5976//2
f 5335//3 5329//3 5976//3 5977//3
f 5327//4 5967//4 5975//4 5326//4
f 5977//6 5976//6 5975//6 5967//6
f 5331//1 5978//1 5974//1 5332//1
f 5334//2 5335//2 5977//2 5979//2
f 5337//1 5980//1 5978//1 5331//1
f 5980//6 5981//6 5982//6 5978//6
f 5339//2 5334//2 5979//2 5983//2
f 5984//6 5983//6 5979//6 5985//6
f 5341//1 5986//1 5980//1 5337//1
f 5341//3 5346//3 5987//3 5986//3
f 5986//6 5987//6 5981//6 5980//6
f 5343//2 5339//2 5983//2 5988//2
f 5349//3 5343//3 5988//3 5989//3
f 5989//6 5988//6 5983//6 5984//6
f 5345//1 5990//1 5987//1 5346//1
f 5990//6 5991//6 5992//6 5987//6
f 5348//2 5349//2 5989//2 5993//2
f 5994//6 5993//6 5989//6 5995//6
f 5350//1 5996//1 5990//1 5345//1
f 5350//3 5351//3 5997//3 5996//3
f 5996//6 5997//6 5991//6 5990//6
f 5997//6 5998//6 5999//6 5991//6
f 6000//6 6001//6 5994//6 6002//6
f 5352//2 5348//2 5993//2 6003//2
f 5353//3 5352//3 6003//3 6001//3
f 6001//6 6003//6 5993//6 5994//6
f 5354//1 6004//1 5997//1 5351//1
f 5354//3 5355//3 6005//3 6004//3
f 6004//6 6005//6 5998//6 5997//6
f 5355//3 5360//3 6006//3 6005//3
f 6005//6 6006//6 6007//6 5998//6
f 5360//3 5362//3 6008//3 6006//3
f 6006//6 6008//6 6009//6 6007//6
f 5362//3 5364//3 6010//3 6008//3
f 6008//6 6010//6 6011//6 6009//6
f 5364//3 5366//3 6012//3 6010//3
f 6010//6 6012//6 6013//6 6011//6
f 5366//3 5357//3 6014//3 6012//3
f 6012//6 6014//6 6000//6 6013//6
f 5356//2 5353//2 6001//2 6015//2
f 5357//3 5356//3 6015//3 6014//3
f 6014//6 6015//6 6001//6 6000//6
f 5388//1 6027//1 6028//1 6029//1
f 5390//2 6030//2 6031//2 6032//2
f 6029//4 6028//4 6031//4 6030//4
f 5388//5 6029//5 6030//5 5390//5
f 6027//6 6032//6 6031//6 6028//6
f 5385//1 6055//1 6056//1 5386//1
f 5386//4 6056//4 6027//4 5388//4
f 5395//2 5394//2 6057//2 6058//2
f 5390//4 6032//4 6057//4 5394//4
f 5437//1 6074//1 6075//1 6076//1
f 6076//4 6075//4 6055//4 5385//4
f 5437//5 6076//5 5385//5 5410//5
f 6074//6 6077//6 6055//6 6075//6
f 6078//2 6079//2 6080//2 6081//2
f 5412//3 6078//3 6081//3 6082//3
f 5395//4 6058//4 6080//4 6079//4
f 5412//5 5395//5 6079//5 6078//5
f 6082//6 6081//6 6080//6 6058//6
f 5440//2 5412//2 6082//2 6096//2
f 5927//1 6544//1 6545//1 5911//1
f 5911//4 6545//4 6546//4 5913//4
f 6544//6 6547//6 6546//6 6545//6
f 5913//4 6546//4 6548//4 5915//4
f 6547//6 6549//6 6548//6 6546//6
f 5915//4 6548//4 6550//4 5917//4
f 6549//6 6551//6 6550//6 6548//6
f 5917//4 6550//4 6552//4 5919//4
f 6551//6 6553//6 6552//6 6550//6
f 5928//2 5921//2 6554//2 6555//2
f 5919//4 6552//4 6554//4 5921//4
f 6553//6 6555//6 6554//6 6552//6
f 5933//1 6556//1 6557//1 5926//1
f 5926//4 6557//4 6544//4 5927//4
f 6556//6 6558//6 6544//6 6557//6
f 6558//6 6559//6 6547//6 6544//6
f 6560//6 6561//6 6555//6 6553//6
f 5935//2 5929//2 6562//2 6563//2
f 5928//4 6555//4 6562//4 5929//4
f 6561//6 6563//6 6562//6 6555//6
f 5938//1 6570//1 6571//1 5932//1
f 5932//4 6571//4 6556//4 5933//4
f 6570//6 6572//6 6556//6 6571//6
f 6572//6 6573//6 6558//6 6556//6
f 6574//6 6575//6 6563//6 6561//6
f 5941//2 5934//2 6576//2 6577//2
f 5935//4 6563//4 6576//4 5934//4
f 6575//6 6577//6 6576//6 6563//6
f 5951//1 6586//1 6570//1 5938//1
f 6586//6 6587//6 6572//6 6570//6
f 5953//2 5941//2 6577//2 6588//2
f 6589//6 6588//6 6577//6 6575//6
f 5966//1 6592//1 6593//1 5950//1
f 5950//4 6593//4 6586//4 5951//4
f 6592//6 6594//6 6586//6 6593//6
f 6594//6 6595//6 6587//6 6586//6
f 6596//6 6597//6 6588//6 6589//6
f 5967//2 5952//2 6598//2 6599//2
f 5953//4 6588//4 6598//4 5952//4
f 6597//6 6599//6 6598//6 6588//6
f 5974//1 6608//1 6592//1 5966//1
f 6608//6 6609//6 6594//6 6592//6
f 6609//6 6610//6 6595//6 6594//6
f 6611//6 6612//6 6597//6 6596//6
f 5977//2 5967//2 6599//2 6613//2
f 6612//6 6613//6 6599//6 6597//6
f 5978//1 6618//1 6608//1 5974//1
f 5978//3 5982//3 6619//3 6618//3
f 6618//6 6619//6 6609//6 6608//6
f 6619//6 6620//6 6610//6 6609//6
f 6621//6 6622//6 6612//6 6611//6
f 5979//2 5977//2 6613//2 6623//2
f 5985//3 5979//3 6623//3 6622//3
f 6622//6 6623//6 6613//6 6612//6
f 5981//1 6628//1 6619//1 5982//1
f 6628//6 6629//6 6620//6 6619//6
f 5984//2 5985//2 6622//2 6630//2
f 6631//6 6630//6 6622//6 6621//6
f 5987//1 6636//1 6628//1 5981//1
f 5987//3 5992//3 6637//3 6636//3
f 6636//6 6637//6 6629//6 6628//6
f 6637//6 6638//6 6639//6 6629//6
f 6640//6 6641//6 6631//6 6642//6
f 5989//2 5984//2 6630//2 6643//2
f 5995//3 5989//3 6643//3 6641//3
f 6641//6 6643//6 6630//6 6631//6
f 5991//1 6648//1 6637//1 5992//1
f 5991//3 5999//3 6649//3 6648//3
f 6648//6 6649//6 6638//6 6637//6
f 5994//2 5995//2 6641//2 6650//2
f 6002//3 5994//3 6650//3 6651//3
f 6651//6 6650//6 6641//6 6640//6
f 5998//1 6656//1 6649//1 5999//1
f 5998//3 6007//3 6657//3 6656//3
f 6656//6 6657//6 6658//6 6649//6
f 6007//3 6009//3 6659//3 6657//3
f 6657//6 6659//6 6660//6 6658//6
f 6009//3 6011//3 6661//3 6659//3
f 6659//6 6661//6 6662//6 6660//6
f 6011//3 6013//3 6663//3 6661//3
f 6661//6 6663//6 6664//6 6662//6
f 6000//2 6002//2 6651//2 6665//2
f 6013//3 6000//3 6665//3 6663//3
f 6663//6 6665//6 6651//6 6664//6
f 6055//1 6698//1 6699//1 6056//1
f 6056//4 6699//4 6700//4 6027//4
f 6698//6 6701//6 6700//6 6699//6
f 6027//4 6700//4 6693//4 6032//4
f 6701//6 6702//6 6693//6 6700//6
f 6077//1 6711//1 6698//1 6055//1
f 6711//6 6712//6 6701//6 6698//6
f 6095//1 6730//1 6711//1 6077//1
f 6730//6 6731//6 6712//6 6711//6
f 6731//6 6732//6 6714//6 6712//6
f 6559//1 7185//1 7186//1 6547//1
f 6547//4 7186//4 7187//4 6549//4
f 7185//6 7188//6 7187//6 7186//6
f 6549//4 7187//4 7189//4 6551//4
f 7188//6 7190//6 7189//6 7187//6
f 6560//2 6553//2 7191//2 7192//2
f 6551//4 7189//4 7191//4 6553//4
f 7190//6 7192//6 7191//6 7189//6
f 6573//1 7193//1 7194//1 6558//1
f 6558//4 7194//4 7185//4 6559//4
f 7195//6 7196//6 7188//6 7185//6
f 7196//6 7197//6 7190//6 7188//6
f 7197//6 7198//6 7192//6 7190//6
f 6574//2 6561//2 7199//2 7200//2
f 6560//4 7192//4 7199//4 6561//4
f 6587//1 7205//1 7206//1 6572//1
f 6572//4 7206//4 7193//4 6573//4
f 7207//6 7208//6 7196//6 7195//6
f 7208//6 7209//6 7197//6 7196//6
f 7209//6 7210//6 7198//6 7197//6
f 6589//2 6575//2 7211//2 7212//2
f 6574//4 7200//4 7211//4 6575//4
f 6595//1 7219//1 7205//1 6587//1
f 7219//6 7220//6 7221//6 7205//6
f 7220//6 7222//6 7207//6 7221//6
f 7223//6 7224//6 7225//6 7210//6
f 6596//2 6589//2 7212//2 7226//2
f 7224//6 7226//6 7212//6 7225//6
f 6610//1 7229//1 7219//1 6595//1
f 7229//6 7230//6 7220//6 7219//6
f 7230//6 7231//6 7222//6 7220//6
f 7232//6 7233//6 7224//6 7223//6
f 6611//2 6596//2 7226//2 7234//2
f 7233//6 7234//6 7226//6 7224//6
f 6620//1 7235//1 7229//1 6610//1
f 7235//6 7236//6 7230//6 7229//6
f 7236//6 7237//6 7231//6 7230//6
f 7238//6 7239//6 7233//6 7232//6
f 6621//2 6611//2 7234//2 7240//2
f 7239//6 7240//6 7234//6 7233//6
f 6629//1 7241//1 7235//1 6620//1
f 6629//3 6639//3 7242//3 7241//3
f 7241//6 7242//6 7236//6 7235//6
f 7242//6 7243//6 7237//6 7236//6
f 7243//6 7244//6 7245//6 7237//6
f 7244//6 7246//6 7247//6 7245//6
f 7246//6 7248//6 7238//6 7247//6
f 7248//6 7249//6 7239//6 7238//6
f 6631//2 6621//2 7240//2 7250//2
f 6642//3 6631//3 7250//3 7249//3
f 7249//6 7250//6 7240//6 7239//6
f 6638//1 7251//1 7242//1 6639//1
f 7251//6 7252//6 7243//6 7242//6
f 7252//6 7253//6 7244//6 7243//6
f 7253//6 7254//6 7246//6 7244//6
f 7254//6 7255//6 7248//6 7246//6
f 6640//2 6642//2 7249//2 7256//2
f 7255//6 7256//6 7249//6 7248//6
f 6678//1 7263//1 7264//1 7265//1
f 6680//2 7266//2 7267//2 7268//2
f 7265//4 7264//4 7267//4 7266//4
f 6678//5 7265//5 7266//5 6680//5
f 6675//1 7269//1 7270//1 6676//1
f 6676//4 7270//4 7263//4 6678//4
f 6684//2 6683//2 7271//2 7272//2
f 6680//4 7268//4 7271//4 6683//4
f 7273//1 7274//1 7275//1 7276//1
f 7273//3 6689//3 7277//3 7274//3
f 7276//4 7275//4 7269//4 6675//4
f 7273//5 7276//5 6675//5 6689//5
f 6692//2 6691//2 7278//2 7279//2
f 6684//4 7272//4 7278//4 6691//4
f 6696//1 7280//1 7277//1 6689//1
f 6712//1 7299//1 7300//1 6701//1
f 6714//2 6702//2 7301//2 7302//2
f 6712//3 6714//3 7302//3 7299//3
f 6701//4 7300//4 7301//4 6702//4
f 7299//6 7302//6 7301//6 7300//6
f 7222//1 7528//1 7522//1 7207//1
f 7207//4 7522//4 7529//4 7208//4
f 7208//4 7529//4 7530//4 7209//4
f 7223//2 7210//2 7523//2 7531//2
f 7209//4 7530//4 7523//4 7210//4
f 7231//1 7532//1 7528//1 7222//1
f 7232//2 7223//2 7531//2 7533//2
f 7237//1 7534//1 7532//1 7231//1
f 7237//3 7245//3 7535//3 7534//3
f 7245//3 7247//3 7536//3 7535//3
f 7238//2 7232//2 7533//2 7537//2
f 7247//3 7238//3 7537//3 7536//3
f 7270//1 7550//1 7551//1 7552//1
f 7552//4 7551//4 7553//4 7264//4
f 7270//5 7552//5 7264//5 7263//5
f 7550//6 7554//6 7553//6 7551//6
f 7264//4 7553//4 7555//4 7267//4
f 7271//2 7556//2 7557//2 7558//2
f 7267//4 7555//4 7557//4 7556//4
f 7268//5 7267//5 7556//5 7271//5
f 7559//6 7558//6 7557//6 7555//6
f 7275//1 7560//1 7561//1 7562//1
f 7562//4 7561//4 7550//4 7270//4
f 7275//5 7562//5 7270//5 7269//5
f 7560//6 7563//6 7550//6 7561//6
f 7278//2 7564//2 7565//2 7566//2
f 7271//4 7558//4 7565//4 7564//4
f 7272//5 7271//5 7564//5 7278//5
f 7567//6 7566//6 7565//6 7558//6
f 7274//1 7568//1 7560//1 7275//1
f 7279//2 7278//2 7566//2 7569//2
f 7570//1 7571//1 7568//1 7274//1
f 7570//3 7280//3 7572//3 7571//3
f 7570//5 7274//5 7277//5 7280//5
f 7571//6 7572//6 7573//6 7568//6
f 7281//2 7279//2 7569//2 7574//2
f 7286//3 7281//3 7574//3 7575//3
f 7575//6 7574//6 7569//6 7576//6
f 7282//1 7577//1 7572//1 7280//1
f 7282//3 7283//3 7578//3 7577//3
f 7577//6 7578//6 7579//6 7572//6
f 7283//3 7305//3 7580//3 7578//3
f 7285//2 7286//2 7575//2 7581//2
f 7305//3 7285//3 7581//3 7580//3
f 7580//6 7581//6 7575//6 7582//6
f 7528//1 7739//1 7740//1 7522//1
f 7522//4 7740//4 7741//4 7529//4
f 7529//4 7741//4 7742//4 7530//4
f 7531//2 7523//2 7743//2 7744//2
f 7530//4 7742//4 7743//4 7523//4
f 7532//1 7745//1 7739//1 7528//1
f 7533//2 7531//2 7744//2 7746//2
f 7534//1 7747//1 7745//1 7532//1
f 7534//3 7535//3 7748//3 7747//3
f 7535//3 7536//3 7749//3 7748//3
f 7537//2 7533//2 7746//2 7750//2
f 7536//3 7537//3 7750//3 7749//3
f 7554//1 7751//1 7752//1 7553//1
f 7559//2 7555//2 7753//2 7754//2
f 7553//4 7752//4 7753//4 7555//4
f 7563//1 7755//1 7756//1 7550//1
f 7550//4 7756//4 7751//4 7554//4
f 7567//2 7558//2 7757//2 7758//2
f 7559//4 7754//4 7757//4 7558//4
f 7568//1 7759//1 7760//1 7560//1
f 7568//3 7573//3 7761//3 7759//3
f 7560//4 7760//4 7755//4 7563//4
f 7569//2 7566//2 7762//2 7763//2
f 7576//3 7569//3 7763//3 7764//3
f 7567//4 7758//4 7762//4 7566//4
f 7572//1 7765//1 7761//1 7573//1
f 7572//3 7579//3 7766//3 7765//3
f 7575//2 7576//2 7764//2 7767//2
f 7582//3 7575//3 7767//3 7768//3
f 7578//1 7769//1 7766//1 7579//1
f 7580//2 7582//2 7768//2 7770//2
f 7578//3 7580//3 7770//3 7769//3
f 7739//1 7915//1 7916//1 7740//1
f 7740//4 7916//4 7917//4 7741//4
f 7915//6 7918//6 7917//6 7916//6
f 7741//4 7917//4 7919//4 7742//4
f 7918//6 7920//6 7919//6 7917//6
f 7744//2 7743//2 7921//2 7922//2
f 7742//4 7919//4 7921//4 7743//4
f 7920//6 7922//6 7921//6 7919//6
f 7745//1 7923//1 7915//1 7739//1
f 7923//6 7924//6 7918//6 7915//6
f 7924//6 7925//6 7920//6 7918//6
f 7746//2 7744//2 7922//2 7926//2
f 7925//6 7926//6 7922//6 7920//6
f 7747//1 7927//1 7923//1 7745//1
f 7747//3 7748//3 7928//3 7927//3
f 7927//6 7928//6 7924//6 7923//6
f 7748//3 7749//3 7929//3 7928//3
f 7928//6 7929//6 7925//6 7924//6
f 7750//2 7746//2 7926//2 7930//2
f 7749//3 7750//3 7930//3 7929//3
f 7929//6 7930//6 7926//6 7925//6
g glyph_120
f 1749//1 1750//1 1751//1 1752//1
f 1753//2 1754//2 1755//2 1756//2
f 1752//4 1751//4 1755//4 1754//4
f 1749//5 1752//5 1754//5 1753//5
f 1757//1 1758//1 1750//1 1749//1
f 1757//5 1749//5 1753//5 1759//5
f 1760//2 1761//2 1762//2 1763//2
f 1753//4 1756//4 1762//4 1761//4
f 1759//5 1753//5 1761//5 1760//5
f 1764//1 1765//1 1758//1 1757//1
f 1764//5 1757//5 1759//5 1766//5
f 1767//2 1760//2 1763//2 1768//2
f 1766//5 1759//5 1760//5 1767//5
f 1769//1 1770//1 1771//1 1772//1
f 1772//4 1771//4 1765//4 1764//4
f 1769//5 1772//5 1764//5 1773//5
f 1773//5 1764//5 1766//5 1774//5
f 1775//2 1767//2 1768//2 1776//2
f 1774//5 1766//5 1767//5 1775//5
f 1777//1 1778//1 1770//1 1769//1
f 1777//5 1769//5 1773//5 1779//5
f 1779//5 1773//5 1774//5 1780//5
f 1780//5 1774//5 1775//5 1781//5
f 1782//2 1783//2 1784//2 1785//2
f 1775//4 1776//4 1784//4 1783//4
f 1781//5 1775//5 1783//5 1782//5
f 1786//1 1787//1 1778//1 1777//1
f 1786//5 1777//5 1779//5 1788//5
f 1788//5 1779//5 1780//5 1789//5
f 1789//5 1780//5 1781//5 1790//5
f 1791//2 1782//2 1785//2 1792//2
f 1790//5 1781//5 1782//5 1791//5
f 1793//1 1794//1 1787//1 1786//1
f 1793//5 1786//5 1788//5 1795//5
f 1795//5 1788//5 1789//5 1796//5
f 1796//5 1789//5 1790//5 1797//5
f 1798//2 1791//2 1792//2 1799//2
f 1797//5 1790//5 1791//5 1798//5
f 1328//1 1800//1 1794//1 1793//1
f 1328//5 1793//5 1795//5 1331//5
f 1331//5 1795//5 1796//5 1334//5
f 1334//5 1796//5 1797//5 1337//5
f 1340//2 1798//2 1799//2 1801//2
f 1337//5 1797//5 1798//5 1340//5
f 2292//2 2286//2 2287//2 2293//2
f 2291//5 1731//5 2286//5 2292//5
f 2303//5 1748//5 2291//5 2304//5
f 2305//2 2292//2 2293//2 2306//2
f 2304//5 2291//5 2292//5 2305//5
f 2317//5 2302//5 2303//5 2319//5
f 2319//5 2303//5 2304//5 2320//5
f 2321//2 2305//2 2306//2 2322//2
f 2320//5 2304//5 2305//5 2321//5
f 2323//1 2324//1 2318//1 2317//1
f 2323//5 2317//5 2319//5 2325//5
f 2325//5 2319//5 2320//5 2326//5
f 2326//5 2320//5 2321//5 2327//5
f 2328//2 2329//2 2330//2 2331//2
f 2321//4 2322//4 2330//4 2329//4
f 2327//5 2321//5 2329//5 2328//5
f 2332//1 2333//1 2324//1 2323//1
f 2332//5 2323//5 2325//5 2334//5
f 2334//5 2325//5 2326//5 2335//5
f 2335//5 2326//5 2327//5 2336//5
f 2337//2 2328//2 2331//2 2338//2
f 2336//5 2327//5 2328//5 2337//5
f 2339//1 2340//1 2333//1 2332//1
f 2339//5 2332//5 2334//5 2341//5
f 2341//5 2334//5 2335//5 2342//5
f 2342//5 2335//5 2336//5 2343//5
f 2344//2 2337//2 2338//2 2345//2
f 2343//5 2336//5 2337//5 2344//5
f 2346//1 2347//1 2340//1 2339//1
f 2346//5 2339//5 2341//5 2348//5
f 2348//5 2341//5 2342//5 2349//5
f 2349//5 2342//5 2343//5 2350//5
f 2351//2 2344//2 2345//2 2352//2
f 2350//5 2343//5 2344//5 2351//5
f 2353//1 2354//1 2347//1 2346//1
f 2353//5 2346//5 2348//5 2355//5
f 2355//5 2348//5 2349//5 1751//5
f 1751//5 2349//5 2350//5 1755//5
f 1755//5 2350//5 2351//5 2356//5
f 2357//2 2358//2 2359//2 2360//2
f 2351//4 2352//4 2359//4 2358//4
f 2356//5 2351//5 2358//5 2357//5
f 2361//1 2362//1 2354//1 2353//1
f 2361//5 2353//5 2355//5 2363//5
f 2363//5 2355//5 1751//5 1750//5
f 1756//5 1755//5 2356//5 1762//5
f 2364//2 2357//2 2360//2 2365//2
f 1762//5 2356//5 2357//5 2364//5
f 2366//1 2367//1 2362//1 2361//1
f 2366//5 2361//5 2363//5 2368//5
f 2368//5 2363//5 1750//5 1758//5
f 2369//2 2364//2 2365//2 2370//2
f 1763//5 1762//5 2364//5 2369//5
f 2371//1 2372//1 2367//1 2366//1
f 2371//5 2366//5 2368//5 1771//5
f 1771//5 2368//5 1758//5 1765//5
f 2373//2 2369//2 2370//2 2374//2
f 1768//5 1763//5 2369//5 2373//5
f 2375//1 2376//1 2372//1 2371//1
f 2375//5 2371//5 1771//5 1770//5
f 1784//2 2373//2 2374//2 2377//2
f 1776//5 1768//5 2373//5 1784//5
f 2378//1 2379//1 2376//1 2375//1
f 2378//5 2375//5 1770//5 1778//5
f 2380//2 2381//2 2382//2 2383//2
f 1784//4 2377//4 2382//4 2381//4
f 1785//5 1784//5 2381//5 2380//5
f 2384//1 2385//1 2379//1 2378//1
f 2384//5 2378//5 1778//5 1787//5
f 2386//2 2380//2 2383//2 2387//2
f 1792//5 1785//5 2380//5 2386//5
f 2388//1 2389//1 2385//1 2384//1
f 2388//3 1794//3 2390//3 2389//3
f 2388//5 2384//5 1787//5 1794//5
f 2391//2 2386//2 2387//2 2392//2
f 1799//5 1792//5 2386//5 2391//5
f 1800//1 2393//1 2390//1 1794//1
f 1805//2 2391//2 2392//2 2394//2
f 1801//5 1799//5 2391//5 1805//5
f 2803//1 2804//1 2799//1 2798//1
f 2803//5 2798//5 2800//5 2805//5
f 2807//2 2801//2 2802//2 2808//2
f 2306//5 2293//5 2801//5 2807//5
f 2809//1 2810//1 2804//1 2803//1
f 2809//5 2803//5 2805//5 2811//5
f 2811//5 2805//5 2806//5 2812//5
f 2812//5 2806//5 2295//5 2813//5
f 2330//2 2807//2 2808//2 2817//2
f 2322//5 2306//5 2807//5 2330//5
f 2818//1 2819//1 2810//1 2809//1
f 2818//3 2820//3 2821//3 2819//3
f 2818//5 2809//5 2811//5 2820//5
f 2820//5 2811//5 2812//5 2822//5
f 2823//2 2813//2 2815//2 2824//2
f 2822//5 2812//5 2813//5 2823//5
f 2831//5 2316//5 2318//5 2324//5
f 2833//2 2834//2 2835//2 2836//2
f 2330//4 2817//4 2835//4 2834//4
f 2331//5 2330//5 2834//5 2833//5
f 2837//1 2838//1 2821//1 2820//1
f 2837//5 2820//5 2822//5 2839//5
f 2840//2 2823//2 2824//2 2841//2
f 2839//3 2840//3 2841//3 2842//3
f 2839//5 2822//5 2823//5 2840//5
f 2843//1 2844//1 2832//1 2831//1
f 2843//5 2831//5 2324//5 2333//5
f 2845//2 2833//2 2836//2 2846//2
f 2338//5 2331//5 2833//5 2845//5
f 2847//1 2848//1 2838//1 2837//1
f 2849//2 2839//2 2842//2 2850//2
f 2847//3 2849//3 2850//3 2848//3
f 2847//5 2837//5 2839//5 2849//5
f 2851//1 2852//1 2844//1 2843//1
f 2851//3 2340//3 2853//3 2852//3
f 2851//5 2843//5 2333//5 2340//5
f 2854//2 2845//2 2846//2 2855//2
f 2345//5 2338//5 2845//5 2854//5
f 2347//1 2856//1 2853//1 2340//1
f 2359//2 2854//2 2855//2 2857//2
f 2352//5 2345//5 2854//5 2359//5
f 2354//1 2858//1 2856//1 2347//1
f 2360//2 2359//2 2857//2 2859//2
f 2362//1 2860//1 2858//1 2354//1
f 2365//2 2360//2 2859//2 2861//2
f 2367//1 2862//1 2860//1 2362//1
f 2863//2 2864//2 2865//2 2866//2
f 2365//4 2861//4 2865//4 2864//4
f 2370//5 2365//5 2864//5 2863//5
f 2372//1 2867//1 2862//1 2367//1
f 2868//2 2863//2 2866//2 2869//2
f 2374//5 2370//5 2863//5 2868//5
f 2376//1 2870//1 2867//1 2372//1
f 2382//2 2868//2 2869//2 2871//2
f 2377//5 2374//5 2868//5 2382//5
f 2379//1 2872//1 2870//1 2376//1
f 2383//2 2382//2 2871//2 2873//2
f 2385//1 2874//1 2872//1 2379//1
f 2387//2 2383//2 2873//2 2875//2
f 2389//1 2876//1 2874//1 2385//1
f 2392//2 2387//2 2875//2 2877//2
f 2397//1 2878//1 2876//1 2389//1
f 2397//5 2389//5 2390//5 2393//5
f 2394//2 2392//2 2877//2 2879//2
f 3278//2 3275//2 3276//2 3279//2
f 2802//5 2797//5 3275//5 3278//5
f 3280//1 3281//1 3282//1 3283//1
f 3283//4 3282//4 3277//4 2799//4
f 3280//5 3283//5 2799//5 2804//5
f 3284//2 3278//2 3279//2 3285//2
f 2808//5 2802//5 3278//5 3284//5
f 3286//1 3287//1 3281//1 3280//1
f 3286//5 3280//5 2804//5 2810//5
f 2835//2 3284//2 3285//2 3288//2
f 2817//5 2808//5 3284//5 2835//5
f 3289//1 3290//1 3287//1 3286//1
f 3289//5 3286//5 2810//5 2819//5
f 2836//2 2835//2 3288//2 3297//2
f 3298//1 3299//1 3290//1 3289//1
f 3298//5 3289//5 2819//5 3300//5
f 3300//5 2819//5 2821//5 2838//5
f 3301//2 3291//2 3293//2 3302//2
f 2841//5 2824//5 3291//5 3301//5
f 2844//1 3303//1 3296//1 2832//1
f 2846//2 2836//2 3297//2 3304//2
f 3305//1 3306//1 3299//1 3298//1
f 3305//5 3298//5 3300//5 3307//5
f 3307//5 3300//5 2838//5 2848//5
f 2850//5 2842//5 2841//5 3308//5
f 3309//2 3301//2 3302//2 3310//2
f 3308//5 2841//5 3301//5 3309//5
f 2852//1 3311//1 3303//1 2844//1
f 2855//2 2846//2 3304//2 3312//2
f 3313//1 3314//1 3306//1 3305//1
f 3313//5 3305//5 3307//5 3315//5
f 3315//5 3307//5 2848//5 3316//5
f 3316//5 2848//5 2850//5 3317//5
f 3317//5 2850//5 3308//5 3318//5
f 3319//2 3309//2 3310//2 3320//2
f 3318//3 3319//3 3320//3 3321//3
f 3318//5 3308//5 3309//5 3319//5
f 3322//1 3323//1 3311//1 2852//1
f 3322//5 2852//5 2853//5 2856//5
f 2857//2 2855//2 3312//2 3324//2
f 3325//1 3326//1 3314//1 3313//1
f 3325//5 3313//5 3315//5 3327//5
f 3327//5 3315//5 3316//5 3328//5
f 3328//5 3316//5 3317//5 3329//5
f 3330//2 3318//2 3321//2 3331//2
f 3329//5 3317//5 3318//5 3330//5
f 3332//1 3333//1 3323//1 3322//1
f 3332//5 3322//5 2856//5 2858//5
f 2859//2 2857//2 3324//2 3334//2
f 3335//1 3336//1 3326//1 3325//1
f 3335//5 3325//5 3327//5 3337//5
f 3337//5 3327//5 3328//5 3338//5
f 3338//5 3328//5 3329//5 3339//5
f 3340//2 3330//2 3331//2 3341//2
f 3339//3 3340//3 3341//3 3342//3
f 3339//5 3329//5 3330//5 3340//5
f 3343//1 3344//1 3333//1 3332//1
f 3343//3 2860//3 3345//3 3344//3
f 3343//5 3332//5 2858//5 2860//5
f 3344//6 3345//6 3346//6 3333//6
f 2865//2 3347//2 3348//2 3349//2
f 2859//4 3334//4 3348//4 3347//4
f 2861//5 2859//5 3347//5 2865//5
f 3350//6 3349//6 3348//6 3334//6
f 3351//1 3352//1 3336//1 3335//1
f 3351//3 3353//3 3354//3 3352//3
f 3351//5 3335//5 3337//5 3353//5
f 3353//5 3337//5 3338//5 3355//5
f 3356//2 3339//2 3342//2 3357//2
f 3355//5 3338//5 3339//5 3356//5
f 2862//1 3358//1 3345//1 2860//1
f 2866//2 2865//2 3349//2 3359//2
f 3360//6 3359//6 3349//6 3350//6
f 3361//1 3362//1 3354//1 3353//1
f 3361//5 3353//5 3355//5 3363//5
f 3364//2 3356//2 3357//2 3365//2
f 3363//3 3364//3 3365//3 3366//3
f 3363//5 3355//5 3356//5 3364//5
f 2867//1 3367//1 3358//1 2862//1
f 2869//2 2866//2 3359//2 3368//2
f 3369//6 3368//6 3359//6 3360//6
f 3370//1 3371//1 3362//1 3361//1
f 3372//2 3363//2 3366//2 3373//2
f 3370//3 3372//3 3373//3 3371//3
f 3370//5 3361//5 3363//5 3372//5
f 2870//1 3374//1 3367//1 2867//1
f 2871//2 2869//2 3368//2 3375//2
f 2872//1 3376//1 3374//1 2870//1
f 2873//2 2871//2 3375//2 3377//2
f 2874//1 3378//1 3376//1 2872//1
f 2875//2 2873//2 3377//2 3379//2
f 2876//1 3380//1 3378//1 2874//1
f 3380//6 3381//6 3382//6 3378//6
f 2877//2 2875//2 3379//2 3383//2
f 2878//1 3384//1 3380//1 2876//1
f 3384//6 3385//6 3381//6 3380//6
f 2879//2 2877//2 3383//2 3386//2
f 3282//1 3752//1 3750//1 3273//1
f 3282//5 3273//5 3274//5 3277//5
f 3279//2 3276//2 3751//2 3753//2
f 3754//6 3753//6 3751//6 3755//6
f 3281//1 3756//1 3752//1 3282//1
f 3285//2 3279//2 3753//2 3757//2
f 3758//6 3757//6 3753//6 3754//6
f 3287//1 3759//1 3756//1 3281//1
f 3288//2 3285//2 3757//2 3760//2
f 3290//1 3761//1 3759//1 3287//1
f 3297//2 3288//2 3760//2 3766//2
f 3299//1 3767//1 3761//1 3290//1
f 3768//2 3292//2 3763//2 3769//2
f 3302//3 3768//3 3769//3 3770//3
f 3302//5 3293//5 3292//5 3768//5
f 3303//1 3775//1 3764//1 3296//1
f 3304//2 3297//2 3766//2 3776//2
f 3306//1 3777//1 3767//1 3299//1
f 3310//2 3302//2 3770//2 3778//2
f 3311//1 3779//1 3775//1 3303//1
f 3779//6 3780//6 3781//6 3775//6
f 3312//2 3304//2 3776//2 3782//2
f 3314//1 3783//1 3777//1 3306//1
f 3320//2 3310//2 3778//2 3784//2
f 3323//1 3785//1 3779//1 3311//1
f 3785//6 3786//6 3780//6 3779//6
f 3324//2 3312//2 3782//2 3787//2
f 3788//1 3789//1 3790//1 3791//1
f 3791//4 3790//4 3783//4 3314//4
f 3788//5 3791//5 3314//5 3326//5
f 3792//2 3320//2 3784//2 3793//2
f 3331//5 3321//5 3320//5 3792//5
f 3333//1 3794//1 3785//1 3323//1
f 3333//3 3346//3 3795//3 3794//3
f 3794//6 3795//6 3786//6 3785//6
f 3334//2 3324//2 3787//2 3796//2
f 3797//1 3798//1 3789//1 3788//1
f 3797//5 3788//5 3326//5 3336//5
f 3799//2 3792//2 3793//2 3800//2
f 3341//3 3799//3 3800//3 3801//3
f 3341//5 3331//5 3792//5 3799//5
f 3345//1 3802//1 3795//1 3346//1
f 3350//2 3334//2 3796//2 3803//2
f 3804//1 3805//1 3798//1 3797//1
f 3804//5 3797//5 3336//5 3352//5
f 3806//2 3341//2 3801//2 3807//2
f 3357//5 3342//5 3341//5 3806//5
f 3358//1 3808//1 3802//1 3345//1
f 3360//2 3350//2 3803//2 3809//2
f 3810//1 3811//1 3805//1 3804//1
f 3810//5 3804//5 3352//5 3812//5
f 3812//5 3352//5 3354//5 3362//5
f 3813//2 3806//2 3807//2 3814//2
f 3365//5 3357//5 3806//5 3813//5
f 3367//1 3815//1 3808//1 3358//1
f 3815//6 3816//6 3817//6 3808//6
f 3369//2 3360//2 3809//2 3818//2
f 3819//1 3820//1 3811//1 3810//1
f 3819//5 3810//5 3812//5 3821//5
f 3821//5 3812//5 3362//5 3371//5
f 3373//5 3366//5 3365//5 3822//5
f 3823//2 3813//2 3814//2 3824//2
f 3822//5 3365//5 3813//5 3823//5
f 3374//1 3825//1 3815//1 3367//1
f 3825//6 3826//6 3816//6 3815//6
f 3375//2 3368//2 3827//2 3828//2
f 3369//4 3818//4 3827//4 3368//4
f 3829//6 3828//6 3827//6 3818//6
f 3830//1 3831//1 3820//1 3819//1
f 3830//5 3819//5 3821//5 3832//5
f 3832//5 3821//5 3371//5 3833//5
f 3833//5 3371//5 3373//5 3834//5
f 3834//5 3373//5 3822//5 3835//5
f 3836//2 3823//2 3824//2 3837//2
f 3835//3 3836//3 3837//3 3838//3
f 3835//5 3822//5 3823//5 3836//5
f 3376//1 3839//1 3825//1 3374//1
f 3839//6 3840//6 3826//6 3825//6
f 3377//2 3375//2 3828//2 3841//2
f 3842//6 3841//6 3828//6 3829//6
f 3843//1 3844//1 3831//1 3830//1
f 3843//5 3830//5 3832//5 3845//5
f 3845//5 3832//5 3833//5 3846//5
f 3846//5 3833//5 3834//5 3847//5
f 3848//2 3835//2 3838//2 3849//2
f 3847//5 3834//5 3835//5 3848//5
f 3378//1 3850//1 3839//1 3376//1
f 3378//3 3382//3 3851//3 3850//3
f 3850//6 3851//6 3840//6 3839//6
f 3379//2 3377//2 3841//2 3852//2
f 3853//6 3852//6 3841//6 3842//6
f 3854//1 3855//1 3844//1 3843//1
f 3854//5 3843//5 3845//5 3856//5
f 3856//5 3845//5 3846//5 3857//5
f 3857//5 3846//5 3847//5 3858//5
f 3859//2 3848//2 3849//2 3860//2
f 3858//3 3859//3 3860//3 3861//3
f 3858//5 3847//5 3848//5 3859//5
f 3381//1 3862//1 3851//1 3382//1
f 3862//6 3863//6 3864//6 3851//6
f 3383//2 3379//2 3852//2 3865//2
f 3866//6 3865//6 3852//6 3853//6
f 3867//1 3868//1 3855//1 3854//1
f 3867//5 3854//5 3856//5 3869//5
f 3869//5 3856//5 3857//5 3870//5
f 3871//2 3858//2 3861//2 3872//2
f 3870//5 3857//5 3858//5 3871//5
f 3385//1 3873//1 3862//1 3381//1
f 3873//6 3874//6 3863//6 3862//6
f 3875//6 3876//6 3866//6 3877//6
f 3386//2 3383//2 3865//2 3878//2
f 3876//6 3878//6 3865//6 3866//6
f 3752//1 4369//1 4363//1 3750//1
f 4369//6 4370//6 4364//6 4363//6
f 3756//1 4372//1 4369//1 3752//1
f 4372//6 4373//6 4370//6 4369//6
f 3758//2 3754//2 4371//2 4374//2
f 3759//1 4375//1 4372//1 3756//1
f 3760//2 3757//2 4376//2 4377//2
f 3758//4 4374//4 4376//4 3757//4
f 4378//6 4377//6 4376//6 4374//6
f 3761//1 4379//1 4375//1 3759//1
f 3766//2 3760//2 4377//2 4387//2
f 4388//6 4387//6 4377//6 4378//6
f 3767//1 4389//1 4379//1 3761//1
f 3769//2 3763//2 4381//2 4390//2
f 4391//6 4390//6 4381//6 4392//6
f 3775//1 4393//1 4383//1 3764//1
f 3775//3 3781//3 4394//3 4393//3
f 4393//6 4394//6 4384//6 4383//6
f 3776//2 3766//2 4387//2 4395//2
f 4396//6 4395//6 4387//6 4388//6
f 4397//1 4398//1 4399//1 4400//1
f 4400//4 4399//4 4389//4 3767//4
f 4397//5 4400//5 3767//5 3777//5
f 4398//6 4401//6 4389//6 4399//6
f 4402//2 3769//2 4390//2 4403//2
f 3778//3 4402//3 4403//3 4404//3
f 3778//5 3770//5 3769//5 4402//5
f 4404//6 4403//6 4390//6 4391//6
f 3780//1 4405//1 4394//1 3781//1
f 4405//6 4406//6 4407//6 4394//6
f 3782//2 3776//2 4395//2 4408//2
f 4409//6 4408//6 4395//6 4396//6
f 3790//1 4410//1 4398//1 4397//1
f 3790//5 4397//5 3777//5 3783//5
f 3784//2 3778//2 4404//2 4411//2
f 3786//1 4412//1 4405//1 3780//1
f 4412//6 4413//6 4406//6 4405//6
f 4414//6 4415//6 4409//6 4416//6
f 3787//2 3782//2 4408//2 4417//2
f 4415//6 4417//6 4408//6 4409//6
f 3789//1 4418//1 4410//1 3790//1
f 3793//2 3784//2 4411//2 4419//2
f 3795//1 4420//1 4412//1 3786//1
f 4420//6 4421//6 4413//6 4412//6
f 4422//6 4423//6 4415//6 4414//6
f 3796//2 3787//2 4417//2 4424//2
f 4423//6 4424//6 4417//6 4415//6
f 3798//1 4425//1 4418//1 3789//1
f 3800//2 3793//2 4419//2 4426//2
f 3802//1 4427//1 4420//1 3795//1
f 4427//6 4428//6 4421//6 4420//6
f 4428//6 4429//6 4430//6 4421//6
f 4431//6 4432//6 4423//6 4422//6
f 3803//2 3796//2 4424//2 4433//2
f 4432//6 4433//6 4424//6 4423//6
f 3805//1 4434//1 4425//1 3798//1
f 4435//2 3800//2 4426//2 4436//2
f 3807//5 3801//5 3800//5 4435//5
f 3808//1 4437//1 4427//1 3802//1
f 3808//3 3817//3 4438//3 4437//3
f 4437//6 4438//6 4428//6 4427//6
f 4438//6 4439//6 4429//6 4428//6
f 4439//6 4440//6 4431//6 4429//6
f 4440//6 4441//6 4432//6 4431//6
f 3809//2 3803//2 4433//2 4442//2
f 4441//6 4442//6 4433//6 4432//6
f 3811//1 4443//1 4434//1 3805//1
f 4444//2 4435//2 4436//2 4445//2
f 3814//3 4444//3 4445//3 4446//3
f 3814//5 3807//5 4435//5 4444//5
f 3816//1 4447//1 4438//1 3817//1
f 4447//6 4448//6 4439//6 4438//6
f 4448//6 4449//6 4440//6 4439//6
f 4449//6 4450//6 4441//6 4440//6
f 3818//2 3809//2 4442//2 4451//2
f 4450//6 4451//6 4442//6 4441//6
f 3820//1 4452//1 4443//1 3811//1
f 3824//2 3814//2 4446//2 4453//2
f 3826//1 4454//1 4447//1 3816//1
f 4454//6 4455//6 4448//6 4447//6
f 4455//6 4456//6 4449//6 4448//6
f 4456//6 4457//6 4450//6 4449//6
f 3829//2 3818//2 4451//2 4458//2
f 4457//6 4458//6 4451//6 4450//6
f 3831//1 4459//1 4452//1 3820//1
f 3837//2 3824//2 4453//2 4460//2
f 3840//1 4461//1 4454//1 3826//1
f 4461//6 4462//6 4455//6 4454//6
f 4462//6 4463//6 4456//6 4455//6
f 4463//6 4464//6 4457//6 4456//6
f 3842//2 3829//2 4458//2 4465//2
f 4464//6 4465//6 4458//6 4457//6
f 4466//1 4467//1 4468//1 4469//1
f 4469//4 4468//4 4459//4 3831//4
f 4466//5 4469//5 3831//5 3844//5
f 4470//2 3837//2 4460//2 4471//2
f 3849//5 3838//5 3837//5 4470//5
f 3851//1 4472//1 4461//1 3840//1
f 3851//3 3864//3 4473//3 4472//3
f 4472//6 4473//6 4462//6 4461//6
f 4473//6 4474//6 4463//6 4462//6
f 4474//6 4475//6 4464//6 4463//6
f 3853//2 3842//2 4465//2 4476//2
f 4475//6 4476//6 4465//6 4464//6
f 4477//1 4478//1 4467//1 4466//1
f 4477//5 4466//5 3844//5 3855//5
f 4479//2 4470//2 4471//2 4480//2
f 3860//3 4479//3 4480//3 4481//3
f 3860//5 3849//5 4470//5 4479//5
f 3863//1 4482//1 4473//1 3864//1
f 4482//6 4483//6 4474//6 4473//6
f 4483//6 4484//6 4475//6 4474//6
f 3866//2 3853//2 4476//2 4485//2
f 3877//3 3866//3 4485//3 4484//3
f 4484//6 4485//6 4476//6 4475//6
f 3889//1 4486//1 4478//1 4477//1
f 3889//5 4477//5 3855//5 3868//5
f 3896//2 3860//2 4481//2 4487//2
f 3872//5 3861//5 3860//5 3896//5
f 3874//1 4488//1 4482//1 3863//1
f 4488//6 4489//6 4483//6 4482//6
f 3875//2 3877//2 4484//2 4490//2
f 4489//6 4490//6 4484//6 4483//6
f 4373//1 5004//1 4998//1 4370//1
f 5004//6 5005//6 4999//6 4998//6
f 4374//2 4371//2 5003//2 5010//2
f 5009//6 5010//6 5003//6 5001//6
f 4375//1 5011//1 5012//1 4372//1
f 4372//4 5012//4 5004//4 4373//4
f 5011//6 5013//6 5004//6 5012//6
f 5016//6 5018//6 5007//6 5006//6
f 5018//6 5019//6 5009//6 5007//6
f 4378//2 4374//2 5010//2 5020//2
f 5019//6 5020//6 5010//6 5009//6
f 4379//1 5021//1 5011//1 4375//1
f 5021//6 5022//6 5013//6 5011//6
f 4392//3 4381//3 5023//3 5024//3
f 5024//6 5023//6 5025//6 5026//6
f 4384//1 5032//1 5014//1 4385//1
f 5032//6 5033//6 5016//6 5014//6
f 5033//6 5034//6 5018//6 5016//6
f 5034//6 5035//6 5019//6 5018//6
f 4388//2 4378//2 5020//2 5036//2
f 5035//6 5036//6 5020//6 5019//6
f 4389//1 5037//1 5021//1 4379//1
f 4391//2 4392//2 5024//2 5038//2
f 4394//1 5039//1 5032//1 4384//1
f 4394//3 4407//3 5040//3 5039//3
f 5039//6 5040//6 5033//6 5032//6
f 5040//6 5041//6 5034//6 5033//6
f 5041//6 5042//6 5035//6 5034//6
f 4396//2 4388//2 5036//2 5043//2
f 5042//6 5043//6 5036//6 5035//6
f 4401//1 5044//1 5037//1 4389//1
f 4404//2 4391//2 5038//2 5045//2
f 4406//1 5046//1 5040//1 4407//1
f 5046//6 5047//6 5041//6 5040//6
f 5047//6 5048//6 5042//6 5041//6
f 4409//2 4396//2 5043//2 5049//2
f 4416//3 4409//3 5049//3 5048//3
f 5048//6 5049//6 5043//6 5042//6
f 4410//1 5050//1 5051//1 4398//1
f 4398//4 5051//4 5044//4 4401//4
f 5050//6 5052//6 5044//6 5051//6
f 4411//2 4404//2 5045//2 5053//2
f 4413//1 5054//1 5046//1 4406//1
f 5054//6 5055//6 5047//6 5046//6
f 4414//2 4416//2 5048//2 5056//2
f 5055//6 5056//6 5048//6 5047//6
f 4418//1 5057//1 5050//1 4410//1
f 5057//6 5058//6 5052//6 5050//6
f 4419//2 4411//2 5053//2 5059//2
f 4421//1 5060//1 5054//1 4413//1
f 4421//3 4430//3 5061//3 5060//3
f 5060//6 5061//6 5055//6 5054//6
f 4422//2 4414//2 5056//2 5062//2
f 5061//6 5062//6 5056//6 5055//6
f 4425//1 5063//1 5057//1 4418//1
f 4426//2 4419//2 5059//2 5064//2
f 4429//1 5065//1 5061//1 4430//1
f 4431//2 4422//2 5062//2 5066//2
f 4429//3 4431//3 5066//3 5065//3
f 5065//6 5066//6 5062//6 5061//6
f 4434//1 5067//1 5063//1 4425//1
f 4436//2 4426//2 5064//2 5068//2
f 4443//1 5069//1 5067//1 4434//1
f 4445//2 4436//2 5068//2 5070//2
f 5071//6 5070//6 5068//6 5072//6
f 5073//1 5074//1 5075//1 5076//1
f 5076//4 5075//4 5069//4 4443//4
f 5073//5 5076//5 4443//5 4452//5
f 5074//6 5077//6 5069//6 5075//6
f 5078//2 4445//2 5070//2 5079//2
f 4453//3 5078//3 5079//3 5080//3
f 4453//5 4446//5 4445//5 5078//5
f 5080//6 5079//6 5070//6 5071//6
f 4468//1 5081//1 5074//1 5073//1
f 4468//5 5073//5 4452//5 4459//5
f 4460//2 4453//2 5080//2 5082//2
f 4467//1 5083//1 5081//1 4468//1
f 4471//2 4460//2 5082//2 5084//2
f 4478//1 5085//1 5083//1 4467//1
f 4480//2 4471//2 5084//2 5086//2
f 4486//1 5087//1 5085//1 4478//1
f 4495//2 4480//2 5086//2 5088//2
f 4487//5 4481//5 4480//5 4495//5
f 4999//1 5580//1 5576//1 4993//1
f 5580//6 5581//6 5577//6 5576//6
f 5005//1 5587//1 5580//1 4999//1
f 5587//6 5588//6 5581//6 5580//6
f 5588//6 5589//6 5582//6 5581//6
f 5013//1 5603//1 5604//1 5004//1
f 5004//4 5604//4 5587//4 5005//4
f 5603//6 5605//6 5587//6 5604//6
f 5605//6 5606//6 5588//6 5587//6
f 5606//6 5607//6 5589//6 5588//6
f 5607//6 5608//6 5590//6 5589//6
f 5022//1 5614//1 5603//1 5013//1
f 5614//6 5615//6 5605//6 5603//6
f 5615//6 5616//6 5606//6 5605//6
f 5616//6 5617//6 5607//6 5606//6
f 5024//2 5026//2 5608//2 5618//2
f 5617//6 5618//6 5608//6 5607//6
f 5037//1 5619//1 5620//1 5021//1
f 5021//4 5620//4 5614//4 5022//4
f 5619//6 5621//6 5614//6 5620//6
f 5621//6 5622//6 5615//6 5614//6
f 5622//6 5623//6 5616//6 5615//6
f 5623//6 5624//6 5617//6 5616//6
f 5038//2 5024//2 5618//2 5625//2
f 5624//6 5625//6 5618//6 5617//6
f 5044//1 5626//1 5619//1 5037//1
f 5626//6 5627//6 5621//6 5619//6
f 5627//6 5628//6 5622//6 5621//6
f 5629//6 5630//6 5624//6 5623//6
f 5045//2 5038//2 5625//2 5631//2
f 5630//6 5631//6 5625//6 5624//6
f 5052//1 5632//1 5626//1 5044//1
f 5632//6 5633//6 5627//6 5626//6
f 5634//6 5635//6 5630//6 5629//6
f 5053//2 5045//2 5631//2 5636//2
f 5635//6 5636//6 5631//6 5630//6
f 5058//1 5637//1 5632//1 5052//1
f 5637//6 5638//6 5633//6 5632//6
f 5059//2 5053//2 5636//2 5639//2
f 5640//6 5639//6 5636//6 5635//6
f 5063//1 5641//1 5642//1 5057//1
f 5057//4 5642//4 5637//4 5058//4
f 5641//6 5643//6 5637//6 5642//6
f 5064//2 5059//2 5639//2 5644//2
f 5645//6 5644//6 5639//6 5640//6
f 5067//1 5646//1 5641//1 5063//1
f 5646//6 5647//6 5643//6 5641//6
f 5068//2 5064//2 5644//2 5648//2
f 5072//3 5068//3 5648//3 5649//3
f 5649//6 5648//6 5644//6 5645//6
f 5069//1 5650//1 5646//1 5067//1
f 5071//2 5072//2 5649//2 5651//2
f 5077//1 5652//1 5650//1 5069//1
f 5080//2 5071//2 5651//2 5653//2
f 5081//1 5654//1 5655//1 5074//1
f 5074//4 5655//4 5652//4 5077//4
f 5654//6 5656//6 5652//6 5655//6
f 5082//2 5080//2 5653//2 5657//2
f 5083//1 5658//1 5654//1 5081//1
f 5658//6 5659//6 5656//6 5654//6
f 5084//2 5082//2 5657//2 5660//2
f 5085//1 5661//1 5658//1 5083//1
f 5086//2 5084//2 5660//2 5662//2
f 5087//1 5663//1 5661//1 5085//1
f 5088//2 5086//2 5662//2 5664//2
f 5628//1 6254//1 6255//1 5622//1
f 5629//2 5623//2 6256//2 6257//2
f 5622//4 6255//4 6256//4 5623//4
f 6254//6 6257//6 6256//6 6255//6
f 5633//1 6258//1 6259//1 5627//1
f 5627//4 6259//4 6254//4 5628//4
f 6258//6 6260//6 6254//6 6259//6
f 5634//2 5629//2 6257//2 6261//2
f 6260//6 6261//6 6257//6 6254//6
f 5638//1 6262//1 6258//1 5633//1
f 6262//6 6263//6 6260//6 6258//6
f 6263//6 6264//6 6261//6 6260//6
f 5640//2 5635//2 6265//2 6266//2
f 5634//4 6261//4 6265//4 5635//4
f 6264//6 6266//6 6265//6 6261//6
f 5643//1 6267//1 6268//1 5637//1
f 5637//4 6268//4 6262//4 5638//4
f 6267//6 6269//6 6262//6 6268//6
f 6269//6 6270//6 6263//6 6262//6
f 6270//6 6271//6 6264//6 6263//6
f 5645//2 5640//2 6266//2 6272//2
f 6271//6 6272//6 6266//6 6264//6
f 5647//1 6273//1 6267//1 5643//1
f 6273//6 6274//6 6269//6 6267//6
f 6274//6 6275//6 6270//6 6269//6
f 6275//6 6276//6 6271//6 6270//6
f 5649//2 5645//2 6272//2 6277//2
f 6276//6 6277//6 6272//6 6271//6
f 5650//1 6278//1 6279//1 5646//1
f 5646//4 6279//4 6273//4 5647//4
f 6278//6 6280//6 6273//6 6279//6
f 6280//6 6281//6 6274//6 6273//6
f 6281//6 6282//6 6275//6 6274//6
f 6282//6 6283//6 6276//6 6275//6
f 5651//2 5649//2 6277//2 6284//2
f 6283//6 6284//6 6277//6 6276//6
f 5652//1 6285//1 6278//1 5650//1
f 6285//6 6286//6 6280//6 6278//6
f 6286//6 6287//6 6281//6 6280//6
f 6288//6 6289//6 6283//6 6282//6
f 5653//2 5651//2 6284//2 6290//2
f 6289//6 6290//6 6284//6 6283//6
f 5656//1 6291//1 6285//1 5652//1
f 6291//6 6292//6 6286//6 6285//6
f 6293//6 6294//6 6289//6 6288//6
f 5657//2 5653//2 6290//2 6295//2
f 6294//6 6295//6 6290//6 6289//6
f 5659//1 6296//1 6291//1 5656//1
f 6296//6 6297//6 6292//6 6291//6
f 5660//2 5657//2 6295//2 6298//2
f 6299//6 6298//6 6295//6 6294//6
f 5661//1 6300//1 6301//1 5658//1
f 5658//4 6301//4 6296//4 5659//4
f 6300//6 6302//6 6296//6 6301//6
f 5662//2 5660//2 6298//2 6303//2
f 6304//6 6303//6 6298//6 6299//6
f 5663//1 6305//1 6300//1 5661//1
f 6305//6 6306//6 6302//6 6300//6
f 5664//2 5662//2 6303//2 6307//2
f 6308//6 6307//6 6303//6 6304//6
f 6287//1 6982//1 6983//1 6281//1
f 6288//2 6282//2 6984//2 6985//2
f 6281//4 6983//4 6984//4 6282//4
f 6982//6 6985//6 6984//6 6983//6
f 6292//1 6990//1 6991//1 6286//1
f 6286//4 6991//4 6982//4 6287//4
f 6990//6 6992//6 6982//6 6991//6
f 6293//2 6288//2 6985//2 6993//2
f 6992//6 6993//6 6985//6 6982//6
f 6297//1 6998//1 6990//1 6292//1
f 6998//6 6999//6 6992//6 6990//6
f 6999//6 7000//6 6993//6 6992//6
f 6299//2 6294//2 7001//2 7002//2
f 6293//4 6993//4 7001//4 6294//4
f 7000//6 7002//6 7001//6 6993//6
f 6302//1 7007//1 7008//1 6296//1
f 6296//4 7008//4 6998//4 6297//4
f 7007//6 7009//6 6998//6 7008//6
f 7009//6 7010//6 6999//6 6998//6
f 7010//6 7011//6 7000//6 6999//6
f 6304//2 6299//2 7002//2 7012//2
f 7011//6 7012//6 7002//6 7000//6
f 6306//1 7017//1 7007//1 6302//1
f 7017//6 7018//6 7009//6 7007//6
f 7018//6 7019//6 7010//6 7009//6
f 7019//6 7020//6 7011//6 7010//6
f 6308//2 6304//2 7012//2 7021//2
f 7020//6 7021//6 7012//6 7011//6
