# Rook occupied-cell surface mesh
# Woodland fox
# One cell is one unit. Y points up; Z follows the 3md slice index.
o sculpture
v 0 -31 -16
v 0 -31 -15
v 0 -30 -15
v 0 -30 -16
v 1 -31 -16
v 1 -30 -16
v 1 -30 -15
v 1 -31 -15
v -7 -31 -15
v -7 -31 -14
v -7 -30 -14
v -7 -30 -15
v -6 -31 -15
v -6 -31 -14
v -6 -30 -14
v -6 -30 -15
v -5 -31 -15
v -5 -31 -14
v -5 -30 -14
v -5 -30 -15
v -4 -31 -15
v -4 -31 -14
v -4 -30 -14
v -4 -30 -15
v -3 -31 -15
v -3 -31 -14
v -3 -30 -14
v -3 -30 -15
v -2 -31 -15
v -2 -31 -14
v -2 -30 -14
v -2 -30 -15
v -1 -31 -15
v -1 -31 -14
v -1 -30 -14
v -1 -30 -15
v 0 -31 -14
v 0 -30 -14
v 1 -31 -14
v 1 -30 -14
v 2 -31 -15
v 2 -31 -14
v 2 -30 -14
v 2 -30 -15
v 3 -31 -15
v 3 -31 -14
v 3 -30 -14
v 3 -30 -15
v 4 -31 -15
v 4 -31 -14
v 4 -30 -14
v 4 -30 -15
v 5 -31 -15
v 5 -31 -14
v 5 -30 -14
v 5 -30 -15
v 6 -31 -15
v 6 -31 -14
v 6 -30 -14
v 6 -30 -15
v 7 -31 -15
v 7 -31 -14
v 7 -30 -14
v 7 -30 -15
v 8 -31 -15
v 8 -30 -15
v 8 -30 -14
v 8 -31 -14
v 14 -17 -14
v 14 -17 -13
v 14 -16 -13
v 14 -16 -14
v 15 -17 -14
v 15 -16 -14
v 15 -16 -13
v 15 -17 -13
v -9 -31 -14
v -9 -31 -13
v -9 -30 -13
v -9 -30 -14
v -8 -31 -14
v -8 -31 -13
v -8 -30 -13
v -8 -30 -14
v -7 -31 -13
v -7 -30 -13
v -6 -31 -13
v -6 -30 -13
v -5 -31 -13
v -5 -30 -13
v -4 -31 -13
v -4 -30 -13
v -3 -31 -13
v -3 -30 -13
v -2 -31 -13
v -2 -30 -13
v -1 -31 -13
v -1 -30 -13
v 0 -31 -13
v 0 -30 -13
v 1 -31 -13
v 1 -30 -13
v 2 -31 -13
v 2 -30 -13
v 3 -31 -13
v 3 -30 -13
v 4 -31 -13
v 4 -30 -13
v 5 -31 -13
v 5 -30 -13
v 6 -31 -13
v 6 -30 -13
v 7 -31 -13
v 7 -30 -13
v 8 -31 -13
v 8 -30 -13
v 9 -31 -14
v 9 -31 -13
v 9 -30 -13
v 9 -30 -14
v 10 -31 -14
v 10 -30 -14
v 10 -30 -13
v 10 -31 -13
v 13 -14 -13
v 13 -14 -12
v 13 -13 -12
v 13 -13 -13
v 14 -13 -12
v 14 -13 -13
v 14 -14 -13
v 15 -13 -12
v 15 -13 -13
v 15 -14 -13
v 16 -14 -13
v 16 -13 -13
v 16 -13 -12
v 16 -14 -12
v 12 -15 -13
v 12 -15 -12
v 12 -14 -12
v 12 -14 -13
v 13 -15 -13
v 14 -15 -13
v 15 -15 -13
v 16 -15 -13
v 17 -15 -13
v 17 -14 -13
v 17 -14 -12
v 17 -15 -12
v 11 -16 -13
v 11 -16 -12
v 11 -15 -12
v 11 -15 -13
v 12 -16 -13
v 13 -16 -13
v 16 -16 -13
v 17 -16 -13
v 18 -16 -13
v 18 -15 -13
v 18 -15 -12
v 18 -16 -12
v 11 -17 -13
v 11 -17 -12
v 12 -17 -13
v 13 -17 -13
v 16 -17 -13
v 17 -17 -13
v 18 -17 -13
v 18 -17 -12
v 10 -18 -13
v 10 -18 -12
v 10 -17 -12
v 10 -17 -13
v 11 -18 -13
v 11 -18 -12
v 12 -18 -13
v 13 -18 -13
v 14 -18 -13
v 15 -18 -13
v 16 -18 -13
v 17 -18 -13
v 18 -18 -13
v 18 -18 -12
v 17 -18 -12
v 11 -19 -13
v 11 -19 -12
v 12 -19 -13
v 12 -19 -12
v 13 -19 -13
v 14 -19 -13
v 15 -19 -13
v 16 -19 -13
v 17 -19 -13
v 17 -19 -12
v 16 -19 -12
v 12 -20 -13
v 12 -20 -12
v 13 -20 -13
v 13 -20 -12
v 14 -20 -13
v 14 -20 -12
v 15 -20 -13
v 15 -20 -12
v 16 -20 -13
v 16 -20 -12
v -11 -31 -13
v -11 -31 -12
v -11 -30 -12
v -11 -30 -13
v -10 -31 -13
v -10 -31 -12
v -10 -30 -12
v -10 -30 -13
v -9 -31 -12
v -9 -30 -12
v -8 -31 -12
v -8 -30 -12
v -7 -31 -12
v -7 -30 -12
v -6 -31 -12
v -6 -30 -12
v -5 -31 -12
v -5 -30 -12
v -4 -31 -12
v -4 -30 -12
v -3 -31 -12
v -3 -30 -12
v -2 -31 -12
v -2 -30 -12
v -1 -31 -12
v -1 -30 -12
v 0 -31 -12
v 0 -30 -12
v 1 -31 -12
v 1 -30 -12
v 2 -31 -12
v 2 -30 -12
v 3 -31 -12
v 3 -30 -12
v 4 -31 -12
v 4 -30 -12
v 5 -31 -12
v 5 -30 -12
v 6 -31 -12
v 6 -30 -12
v 7 -31 -12
v 7 -30 -12
v 8 -31 -12
v 8 -30 -12
v 9 -31 -12
v 9 -30 -12
v 10 -31 -12
v 10 -30 -12
v 11 -31 -13
v 11 -31 -12
v 11 -30 -12
v 11 -30 -13
v 12 -31 -13
v 12 -30 -13
v 12 -30 -12
v 12 -31 -12
v -3 -12 -12
v -3 -12 -11
v -3 -11 -11
v -3 -11 -12
v -2 -12 -12
v -2 -11 -12
v -2 -11 -11
v -2 -12 -11
v 12 -13 -12
v 12 -13 -11
v 12 -12 -11
v 12 -12 -12
v 13 -12 -11
v 13 -12 -12
v 14 -12 -11
v 14 -12 -12
v 15 -12 -11
v 15 -12 -12
v 16 -12 -11
v 16 -12 -12
v 17 -13 -12
v 17 -12 -12
v 17 -12 -11
v 17 -13 -11
v 11 -14 -12
v 11 -14 -11
v 11 -13 -11
v 11 -13 -12
v 18 -14 -12
v 18 -13 -12
v 18 -13 -11
v 18 -14 -11
v 10 -15 -12
v 10 -15 -11
v 10 -14 -11
v 10 -14 -12
v 19 -15 -12
v 19 -14 -12
v 19 -14 -11
v 19 -15 -11
v 9 -16 -12
v 9 -16 -11
v 9 -15 -11
v 9 -15 -12
v 10 -16 -12
v 19 -16 -12
v 19 -16 -11
v 8 -17 -12
v 8 -17 -11
v 8 -16 -11
v 8 -16 -12
v 9 -17 -12
v 19 -17 -12
v 19 -17 -11
v 8 -18 -12
v 8 -18 -11
v 9 -18 -12
v 19 -18 -12
v 19 -18 -11
v 7 -19 -12
v 7 -19 -11
v 7 -18 -11
v 7 -18 -12
v 8 -19 -12
v 9 -19 -12
v 10 -19 -12
v 18 -19 -12
v 19 -19 -12
v 19 -19 -11
v 18 -19 -11
v 7 -20 -12
v 7 -20 -11
v 8 -20 -12
v 8 -20 -11
v 9 -20 -12
v 10 -20 -12
v 11 -20 -12
v 17 -20 -12
v 18 -20 -12
v 18 -20 -11
v 17 -20 -11
v 8 -21 -12
v 8 -21 -11
v 9 -21 -12
v 9 -21 -11
v 10 -21 -12
v 10 -21 -11
v 11 -21 -12
v 11 -21 -11
v 12 -21 -12
v 12 -21 -11
v 13 -21 -12
v 13 -21 -11
v 14 -21 -12
v 14 -21 -11
v 15 -21 -12
v 15 -21 -11
v 16 -21 -12
v 16 -21 -11
v 17 -21 -12
v 17 -21 -11
v -13 -31 -12
v -13 -31 -11
v -13 -30 -11
v -13 -30 -12
v -12 -31 -12
v -12 -31 -11
v -12 -30 -11
v -12 -30 -12
v -11 -31 -11
v -11 -30 -11
v -10 -31 -11
v -10 -30 -11
v -9 -31 -11
v -9 -30 -11
v -8 -31 -11
v -8 -30 -11
v -7 -31 -11
v -7 -30 -11
v -6 -31 -11
v -6 -30 -11
v -5 -31 -11
v -5 -30 -11
v -4 -31 -11
v -4 -30 -11
v -3 -31 -11
v -3 -30 -11
v -2 -31 -11
v -2 -30 -11
v -1 -31 -11
v -1 -30 -11
v 0 -31 -11
v 0 -30 -11
v 1 -31 -11
v 1 -30 -11
v 2 -31 -11
v 2 -30 -11
v 3 -31 -11
v 3 -30 -11
v 4 -31 -11
v 4 -30 -11
v 5 -31 -11
v 5 -30 -11
v 6 -31 -11
v 6 -30 -11
v 7 -31 -11
v 7 -30 -11
v 8 -31 -11
v 8 -30 -11
v 9 -31 -11
v 9 -30 -11
v 10 -31 -11
v 10 -30 -11
v 11 -31 -11
v 11 -30 -11
v 12 -31 -11
v 12 -30 -11
v 13 -31 -12
v 13 -31 -11
v 13 -30 -11
v 13 -30 -12
v 14 -31 -12
v 14 -30 -12
v 14 -30 -11
v 14 -31 -11
v -4 -6 -11
v -4 -6 -10
v -4 -5 -10
v -4 -5 -11
v -3 -5 -10
v -3 -5 -11
v -3 -6 -11
v -2 -5 -10
v -2 -5 -11
v -2 -6 -11
v -1 -6 -11
v -1 -5 -11
v -1 -5 -10
v -1 -6 -10
v -5 -7 -11
v -5 -7 -10
v -5 -6 -10
v -5 -6 -11
v -4 -7 -11
v -3 -7 -11
v -2 -7 -11
v -1 -7 -11
v 0 -7 -11
v 0 -6 -11
v 0 -6 -10
v 0 -7 -10
v -6 -8 -11
v -6 -8 -10
v -6 -7 -10
v -6 -7 -11
v -5 -8 -11
v -4 -8 -11
v -3 -8 -11
v -2 -8 -11
v -1 -8 -11
v 0 -8 -11
v 1 -8 -11
v 1 -7 -11
v 1 -7 -10
v 1 -8 -10
v -6 -9 -11
v -6 -9 -10
v -5 -9 -11
v -4 -9 -11
v -3 -9 -11
v -2 -9 -11
v -1 -9 -11
v 0 -9 -11
v 1 -9 -11
v 1 -9 -10
v -6 -10 -11
v -6 -10 -10
v -5 -10 -11
v -4 -10 -11
v -3 -10 -11
v -2 -10 -11
v -1 -10 -11
v 0 -10 -11
v 1 -10 -11
v 1 -10 -10
v -6 -11 -11
v -6 -11 -10
v -5 -11 -11
v -4 -11 -11
v -1 -11 -11
v 0 -11 -11
v 1 -11 -11
v 1 -11 -10
v 15 -11 -11
v 15 -11 -10
v 15 -10 -10
v 15 -10 -11
v 16 -10 -10
v 16 -10 -11
v 16 -11 -11
v 17 -11 -11
v 17 -10 -11
v 17 -10 -10
v 17 -11 -10
v -6 -12 -11
v -6 -12 -10
v -5 -12 -11
v -4 -12 -11
v -1 -12 -11
v 0 -12 -11
v 1 -12 -11
v 1 -12 -10
v 13 -12 -10
v 13 -11 -10
v 13 -11 -11
v 14 -11 -10
v 14 -11 -11
v 18 -11 -10
v 18 -11 -11
v 18 -12 -11
v 19 -12 -11
v 19 -11 -11
v 19 -11 -10
v 19 -12 -10
v -6 -13 -11
v -6 -13 -10
v -5 -13 -11
v -4 -13 -11
v -3 -13 -11
v -2 -13 -11
v -1 -13 -11
v 0 -13 -11
v 1 -13 -11
v 1 -13 -10
v 11 -13 -10
v 11 -12 -10
v 11 -12 -11
v 12 -12 -10
v 19 -13 -11
v 19 -13 -10
v -6 -14 -11
v -6 -14 -10
v -5 -14 -11
v -4 -14 -11
v -3 -14 -11
v -2 -14 -11
v -1 -14 -11
v 0 -14 -11
v 1 -14 -11
v 1 -14 -10
v 10 -14 -10
v 10 -13 -10
v 10 -13 -11
v 20 -14 -11
v 20 -13 -11
v 20 -13 -10
v 20 -14 -10
v -6 -15 -11
v -6 -15 -10
v -5 -15 -11
v -4 -15 -11
v -3 -15 -11
v -2 -15 -11
v -1 -15 -11
v 0 -15 -11
v 1 -15 -11
v 1 -15 -10
v 9 -15 -10
v 9 -14 -10
v 9 -14 -11
v 20 -15 -11
v 20 -15 -10
v -6 -16 -11
v -6 -16 -10
v -5 -16 -11
v -5 -16 -10
v -4 -16 -11
v -3 -16 -11
v -2 -16 -11
v -1 -16 -11
v 0 -16 -11
v 1 -16 -11
v 1 -16 -10
v 0 -16 -10
v 8 -16 -10
v 8 -15 -10
v 8 -15 -11
v 20 -16 -11
v 20 -16 -10
v -5 -17 -11
v -5 -17 -10
v -4 -17 -11
v -4 -17 -10
v -3 -17 -11
v -2 -17 -11
v -1 -17 -11
v 0 -17 -11
v 0 -17 -10
v -1 -17 -10
v 7 -17 -11
v 7 -17 -10
v 7 -16 -10
v 7 -16 -11
v 20 -17 -11
v 20 -17 -10
v -4 -18 -11
v -4 -18 -10
v -3 -18 -11
v -3 -18 -10
v -2 -18 -11
v -2 -18 -10
v -1 -18 -11
v -1 -18 -10
v 6 -18 -11
v 6 -18 -10
v 6 -17 -10
v 6 -17 -11
v 20 -18 -11
v 20 -18 -10
v 19 -18 -10
v 5 -19 -11
v 5 -19 -10
v 5 -18 -10
v 5 -18 -11
v 6 -19 -11
v 19 -19 -10
v 4 -20 -11
v 4 -20 -10
v 4 -19 -10
v 4 -19 -11
v 5 -20 -11
v 6 -20 -11
v 19 -20 -11
v 19 -20 -10
v 18 -20 -10
v 4 -21 -11
v 4 -21 -10
v 5 -21 -11
v 6 -21 -11
v 7 -21 -11
v 17 -21 -10
v 16 -21 -10
v 18 -21 -11
v 18 -21 -10
v 4 -22 -11
v 4 -22 -10
v 5 -22 -11
v 5 -22 -10
v 6 -22 -11
v 7 -22 -11
v 8 -22 -11
v 9 -22 -11
v 10 -22 -11
v 11 -22 -11
v 12 -22 -11
v 12 -22 -10
v 11 -22 -10
v 13 -22 -11
v 13 -22 -10
v 14 -22 -11
v 14 -22 -10
v 15 -22 -11
v 15 -22 -10
v 16 -22 -11
v 16 -22 -10
v 5 -23 -11
v 5 -23 -10
v 6 -23 -11
v 6 -23 -10
v 7 -23 -11
v 7 -23 -10
v 8 -23 -11
v 8 -23 -10
v 9 -23 -11
v 9 -23 -10
v 10 -23 -11
v 10 -23 -10
v 11 -23 -11
v 11 -23 -10
v -14 -31 -11
v -14 -31 -10
v -14 -30 -10
v -14 -30 -11
v -13 -31 -10
v -13 -30 -10
v -12 -31 -10
v -12 -30 -10
v -11 -31 -10
v -11 -30 -10
v -10 -31 -10
v -10 -30 -10
v -9 -31 -10
v -9 -30 -10
v -8 -31 -10
v -8 -30 -10
v -7 -31 -10
v -7 -30 -10
v -6 -31 -10
v -6 -30 -10
v -5 -31 -10
v -5 -30 -10
v -4 -31 -10
v -4 -30 -10
v -3 -31 -10
v -3 -30 -10
v -2 -31 -10
v -2 -30 -10
v -1 -31 -10
v -1 -30 -10
v 0 -31 -10
v 0 -30 -10
v 1 -31 -10
v 1 -30 -10
v 2 -31 -10
v 2 -30 -10
v 3 -31 -10
v 3 -30 -10
v 4 -31 -10
v 4 -30 -10
v 5 -31 -10
v 5 -30 -10
v 6 -31 -10
v 6 -30 -10
v 7 -31 -10
v 7 -30 -10
v 8 -31 -10
v 8 -30 -10
v 9 -31 -10
v 9 -30 -10
v 10 -31 -10
v 10 -30 -10
v 11 -31 -10
v 11 -30 -10
v 12 -31 -10
v 12 -30 -10
v 13 -31 -10
v 13 -30 -10
v 14 -31 -10
v 14 -30 -10
v 15 -31 -11
v 15 -30 -11
v 15 -30 -10
v 15 -31 -10
v -3 -3 -10
v -3 -3 -9
v -3 -2 -9
v -3 -2 -10
v -2 -3 -10
v -2 -2 -10
v -2 -2 -9
v -2 -3 -9
v -5 -4 -10
v -5 -4 -9
v -5 -3 -9
v -5 -3 -10
v -4 -3 -9
v -4 -3 -10
v -4 -4 -10
v -3 -4 -10
v -2 -4 -10
v -1 -3 -9
v -1 -3 -10
v -1 -4 -10
v 0 -4 -10
v 0 -3 -10
v 0 -3 -9
v 0 -4 -9
v -6 -5 -10
v -6 -5 -9
v -6 -4 -9
v -6 -4 -10
v -5 -5 -10
v 0 -5 -10
v 1 -5 -10
v 1 -4 -10
v 1 -4 -9
v 1 -5 -9
v -7 -6 -10
v -7 -6 -9
v -7 -5 -9
v -7 -5 -10
v -6 -6 -10
v 1 -6 -10
v 2 -6 -10
v 2 -5 -10
v 2 -5 -9
v 2 -6 -9
v -7 -7 -10
v -7 -7 -9
v 2 -7 -10
v 2 -7 -9
v -7 -8 -10
v -7 -8 -9
v 2 -8 -10
v 2 -8 -9
v -8 -9 -10
v -8 -9 -9
v -8 -8 -9
v -8 -8 -10
v -7 -9 -10
v 2 -9 -10
v 3 -9 -10
v 3 -8 -10
v 3 -8 -9
v 3 -9 -9
v -8 -10 -10
v -8 -10 -9
v -7 -10 -10
v 2 -10 -10
v 3 -10 -10
v 3 -10 -9
v 14 -10 -10
v 14 -10 -9
v 14 -9 -9
v 14 -9 -10
v 15 -9 -9
v 15 -9 -10
v 16 -9 -9
v 16 -9 -10
v 17 -9 -9
v 17 -9 -10
v 18 -9 -9
v 18 -9 -10
v 18 -10 -10
v 19 -10 -10
v 19 -9 -10
v 19 -9 -9
v 19 -10 -9
v -8 -11 -10
v -8 -11 -9
v -7 -11 -10
v 2 -11 -10
v 3 -11 -10
v 3 -11 -9
v 13 -11 -9
v 13 -10 -9
v 13 -10 -10
v 20 -11 -10
v 20 -10 -10
v 20 -10 -9
v 20 -11 -9
v -8 -12 -10
v -8 -12 -9
v -7 -12 -10
v 2 -12 -10
v 3 -12 -10
v 3 -12 -9
v 11 -12 -9
v 11 -11 -9
v 11 -11 -10
v 12 -11 -9
v 12 -11 -10
v 20 -12 -10
v 20 -12 -9
v -8 -13 -10
v -8 -13 -9
v -7 -13 -10
v 2 -13 -10
v 3 -13 -10
v 3 -13 -9
v 10 -13 -9
v 10 -12 -9
v 10 -12 -10
v 21 -13 -10
v 21 -12 -10
v 21 -12 -9
v 21 -13 -9
v -8 -14 -10
v -8 -14 -9
v -7 -14 -10
v 2 -14 -10
v 3 -14 -10
v 3 -14 -9
v 9 -14 -9
v 9 -13 -9
v 9 -13 -10
v 21 -14 -10
v 21 -14 -9
v -8 -15 -10
v -8 -15 -9
v -7 -15 -10
v -7 -15 -9
v 2 -15 -10
v 3 -15 -10
v 3 -15 -9
v 2 -15 -9
v 8 -15 -9
v 8 -14 -9
v 8 -14 -10
v 21 -15 -10
v 21 -15 -9
v -7 -16 -10
v -7 -16 -9
v 2 -16 -10
v 2 -16 -9
v 7 -16 -9
v 7 -15 -9
v 7 -15 -10
v 21 -16 -10
v 21 -16 -9
v 20 -16 -9
v -7 -17 -10
v -7 -17 -9
v -6 -17 -10
v 1 -17 -10
v 2 -17 -10
v 2 -17 -9
v 5 -17 -10
v 5 -17 -9
v 5 -16 -9
v 5 -16 -10
v 6 -16 -9
v 6 -16 -10
v 20 -17 -9
v -7 -18 -10
v -7 -18 -9
v -6 -18 -10
v -6 -18 -9
v -5 -18 -10
v 0 -18 -10
v 1 -18 -10
v 2 -18 -10
v 2 -18 -9
v 1 -18 -9
v 4 -18 -10
v 4 -18 -9
v 4 -17 -9
v 4 -17 -10
v 20 -18 -9
v -6 -19 -10
v -6 -19 -9
v -5 -19 -10
v -5 -19 -9
v -4 -19 -10
v -3 -19 -10
v -2 -19 -10
v -1 -19 -10
v 0 -19 -10
v 1 -19 -10
v 1 -19 -9
v 0 -19 -9
v 3 -19 -10
v 3 -19 -9
v 3 -18 -9
v 3 -18 -10
v 20 -19 -10
v 20 -19 -9
v 19 -19 -9
v -5 -20 -10
v -5 -20 -9
v -4 -20 -10
v -4 -20 -9
v -3 -20 -10
v -3 -20 -9
v -2 -20 -10
v -1 -20 -10
v -1 -20 -9
v -2 -20 -9
v 0 -20 -10
v 0 -20 -9
v 2 -20 -10
v 2 -20 -9
v 2 -19 -9
v 2 -19 -10
v 3 -20 -10
v 19 -20 -9
v -3 -21 -10
v -3 -21 -9
v -2 -21 -10
v -2 -21 -9
v 2 -21 -10
v 2 -21 -9
v 3 -21 -10
v 18 -21 -9
v 17 -21 -9
v 19 -21 -10
v 19 -21 -9
v 1 -22 -10
v 1 -22 -9
v 1 -21 -9
v 1 -21 -10
v 2 -22 -10
v 2 -22 -9
v 3 -22 -10
v 15 -22 -9
v 14 -22 -9
v 16 -22 -9
v 17 -22 -10
v 17 -22 -9
v 2 -23 -10
v 2 -23 -9
v 3 -23 -10
v 4 -23 -10
v 11 -23 -9
v 10 -23 -9
v 12 -23 -10
v 12 -23 -9
v 13 -23 -10
v 13 -23 -9
v 14 -23 -10
v 14 -23 -9
v -8 -24 -10
v -8 -24 -9
v -8 -23 -9
v -8 -23 -10
v -7 -24 -10
v -7 -23 -10
v -7 -23 -9
v -7 -24 -9
v 2 -24 -10
v 2 -24 -9
v 3 -24 -10
v 3 -24 -9
v 4 -24 -10
v 4 -24 -9
v 5 -24 -10
v 6 -24 -10
v 6 -24 -9
v 5 -24 -9
v 7 -24 -10
v 7 -24 -9
v 8 -24 -10
v 8 -24 -9
v 9 -24 -10
v 9 -24 -9
v 10 -24 -10
v 10 -24 -9
v 4 -25 -10
v 4 -25 -9
v 5 -25 -10
v 5 -25 -9
v -16 -31 -10
v -16 -31 -9
v -16 -30 -9
v -16 -30 -10
v -15 -31 -10
v -15 -31 -9
v -15 -30 -9
v -15 -30 -10
v -14 -31 -9
v -14 -30 -9
v -13 -31 -9
v -13 -30 -9
v -12 -31 -9
v -12 -30 -9
v -11 -31 -9
v -11 -30 -9
v -10 -31 -9
v -10 -30 -9
v -9 -31 -9
v -9 -30 -9
v -8 -31 -9
v -8 -30 -9
v -7 -31 -9
v -7 -30 -9
v -6 -31 -9
v -6 -30 -9
v -5 -31 -9
v -5 -30 -9
v -4 -31 -9
v -4 -30 -9
v -3 -31 -9
v -3 -30 -9
v -2 -31 -9
v -2 -30 -9
v -1 -31 -9
v -1 -30 -9
v 0 -31 -9
v 0 -30 -9
v 1 -31 -9
v 1 -30 -9
v 2 -31 -9
v 2 -30 -9
v 3 -31 -9
v 3 -30 -9
v 4 -31 -9
v 4 -30 -9
v 5 -31 -9
v 5 -30 -9
v 6 -31 -9
v 6 -30 -9
v 7 -31 -9
v 7 -30 -9
v 8 -31 -9
v 8 -30 -9
v 9 -31 -9
v 9 -30 -9
v 10 -31 -9
v 10 -30 -9
v 11 -31 -9
v 11 -30 -9
v 12 -31 -9
v 12 -30 -9
v 13 -31 -9
v 13 -30 -9
v 14 -31 -9
v 14 -30 -9
v 15 -31 -9
v 15 -30 -9
v 16 -31 -10
v 16 -31 -9
v 16 -30 -9
v 16 -30 -10
v 17 -31 -10
v 17 -30 -10
v 17 -30 -9
v 17 -31 -9
v -5 -2 -9
v -5 -2 -8
v -5 -1 -8
v -5 -1 -9
v -4 -1 -8
v -4 -1 -9
v -4 -2 -9
v -3 -1 -8
v -3 -1 -9
v -2 -1 -8
v -2 -1 -9
v -1 -1 -8
v -1 -1 -9
v -1 -2 -9
v 0 -2 -9
v 0 -1 -9
v 0 -1 -8
v 0 -2 -8
v -6 -3 -9
v -6 -3 -8
v -6 -2 -8
v -6 -2 -9
v 1 -3 -9
v 1 -2 -9
v 1 -2 -8
v 1 -3 -8
v -7 -4 -9
v -7 -4 -8
v -7 -3 -8
v -7 -3 -9
v 2 -4 -9
v 2 -3 -9
v 2 -3 -8
v 2 -4 -8
v -7 -5 -8
v 2 -5 -8
v -8 -6 -9
v -8 -6 -8
v -8 -5 -8
v -8 -5 -9
v 3 -6 -9
v 3 -5 -9
v 3 -5 -8
v 3 -6 -8
v -8 -7 -9
v -8 -7 -8
v 3 -7 -9
v 3 -7 -8
v -8 -8 -8
v 3 -8 -8
v 16 -8 -9
v 16 -8 -8
v 16 -7 -8
v 16 -7 -9
v 17 -7 -8
v 17 -7 -9
v 17 -8 -9
v 18 -7 -8
v 18 -7 -9
v 18 -8 -9
v 19 -8 -9
v 19 -7 -9
v 19 -7 -8
v 19 -8 -8
v -9 -9 -9
v -9 -9 -8
v -9 -8 -8
v -9 -8 -9
v 4 -9 -9
v 4 -8 -9
v 4 -8 -8
v 4 -9 -8
v 14 -9 -8
v 14 -8 -8
v 14 -8 -9
v 15 -8 -8
v 15 -8 -9
v 20 -8 -8
v 20 -8 -9
v 20 -9 -9
v 21 -9 -9
v 21 -8 -9
v 21 -8 -8
v 21 -9 -8
v -9 -10 -9
v -9 -10 -8
v 4 -10 -9
v 4 -10 -8
v 13 -10 -8
v 13 -9 -8
v 13 -9 -9
v 21 -10 -9
v 21 -10 -8
v -9 -11 -9
v -9 -11 -8
v 4 -11 -9
v 4 -11 -8
v 12 -11 -8
v 12 -10 -8
v 12 -10 -9
v 21 -11 -9
v 22 -11 -9
v 22 -10 -9
v 22 -10 -8
v 22 -11 -8
v -9 -12 -9
v -9 -12 -8
v 4 -12 -9
v 4 -12 -8
v 11 -12 -8
v 11 -11 -8
v 22 -12 -9
v 22 -12 -8
v -9 -13 -9
v -9 -13 -8
v 4 -13 -9
v 4 -13 -8
v 10 -13 -8
v 10 -12 -8
v 22 -13 -9
v 22 -13 -8
v -9 -14 -9
v -9 -14 -8
v 4 -14 -9
v 4 -14 -8
v 8 -14 -8
v 8 -13 -8
v 8 -13 -9
v 9 -13 -8
v 22 -14 -9
v 22 -14 -8
v 21 -14 -8
v -9 -15 -9
v -9 -15 -8
v -8 -15 -8
v 4 -15 -9
v 4 -15 -8
v 3 -15 -8
v 7 -15 -8
v 7 -14 -8
v 7 -14 -9
v 21 -15 -8
v -8 -16 -9
v -8 -16 -8
v 3 -16 -9
v 3 -16 -8
v 6 -16 -8
v 6 -15 -8
v 6 -15 -9
v 21 -16 -8
v -8 -17 -9
v -8 -17 -8
v 3 -17 -9
v 3 -17 -8
v 4 -17 -8
v 4 -16 -8
v 4 -16 -9
v 5 -16 -8
v 21 -17 -9
v 21 -17 -8
v -8 -18 -9
v -8 -18 -8
v -7 -18 -8
v 21 -18 -9
v 21 -18 -8
v 20 -18 -8
v -7 -19 -9
v -7 -19 -8
v 20 -19 -8
v -7 -20 -9
v -7 -20 -8
v -6 -20 -9
v -6 -20 -8
v 1 -20 -9
v 20 -20 -9
v 20 -20 -8
v 19 -20 -8
v -6 -21 -9
v -6 -21 -8
v -5 -21 -9
v -5 -21 -8
v -4 -21 -9
v -1 -21 -9
v 0 -21 -9
v 19 -21 -8
v 18 -21 -8
v -9 -22 -9
v -9 -22 -8
v -9 -21 -8
v -9 -21 -9
v -8 -21 -8
v -8 -21 -9
v -8 -22 -9
v -7 -21 -8
v -7 -21 -9
v -7 -22 -9
v -6 -22 -9
v -6 -22 -8
v -5 -22 -9
v -5 -22 -8
v -4 -22 -9
v -4 -22 -8
v -3 -22 -9
v -3 -22 -8
v -2 -22 -9
v -2 -22 -8
v -1 -22 -9
v -1 -22 -8
v 0 -22 -9
v 0 -22 -8
v 1 -22 -8
v 16 -22 -8
v 15 -22 -8
v 17 -22 -8
v 18 -22 -9
v 18 -22 -8
v -10 -23 -9
v -10 -23 -8
v -10 -22 -8
v -10 -22 -9
v -9 -23 -9
v -6 -23 -9
v -5 -23 -9
v -5 -23 -8
v 1 -23 -9
v 1 -23 -8
v 13 -23 -8
v 12 -23 -8
v 14 -23 -8
v 15 -23 -9
v 15 -23 -8
v -11 -24 -9
v -11 -24 -8
v -11 -23 -8
v -11 -23 -9
v -10 -24 -9
v -10 -24 -8
v -9 -24 -9
v -6 -24 -9
v -5 -24 -9
v -4 -24 -9
v -4 -23 -9
v -4 -23 -8
v -4 -24 -8
v -5 -24 -8
v 1 -24 -9
v 1 -24 -8
v 10 -24 -8
v 9 -24 -8
v 11 -24 -9
v 11 -24 -8
v 12 -24 -9
v 12 -24 -8
v -10 -25 -9
v -10 -25 -8
v -9 -25 -9
v -9 -25 -8
v -8 -25 -9
v -7 -25 -9
v -6 -25 -9
v -5 -25 -9
v -5 -25 -8
v -6 -25 -8
v 1 -25 -9
v 1 -25 -8
v 2 -25 -9
v 2 -25 -8
v 3 -25 -9
v 6 -25 -9
v 6 -25 -8
v 5 -25 -8
v 7 -25 -9
v 7 -25 -8
v 8 -25 -9
v 8 -25 -8
v 9 -25 -9
v 9 -25 -8
v -9 -26 -9
v -9 -26 -8
v -8 -26 -9
v -8 -26 -8
v -7 -26 -9
v -7 -26 -8
v -6 -26 -9
v -6 -26 -8
v 2 -26 -9
v 2 -26 -8
v 3 -26 -9
v 3 -26 -8
v 4 -26 -9
v 4 -26 -8
v 5 -26 -9
v 5 -26 -8
v -16 -31 -8
v -16 -30 -8
v -15 -31 -8
v -15 -30 -8
v -14 -31 -8
v -14 -30 -8
v -13 -31 -8
v -13 -30 -8
v -12 -31 -8
v -12 -30 -8
v -11 -31 -8
v -11 -30 -8
v -10 -31 -8
v -10 -30 -8
v -9 -31 -8
v -9 -30 -8
v -8 -31 -8
v -8 -30 -8
v -7 -31 -8
v -7 -30 -8
v -6 -31 -8
v -6 -30 -8
v -5 -31 -8
v -5 -30 -8
v -4 -31 -8
v -4 -30 -8
v -3 -31 -8
v -3 -30 -8
v -2 -31 -8
v -2 -30 -8
v -1 -31 -8
v -1 -30 -8
v 0 -31 -8
v 0 -30 -8
v 1 -31 -8
v 1 -30 -8
v 2 -31 -8
v 2 -30 -8
v 3 -31 -8
v 3 -30 -8
v 4 -31 -8
v 4 -30 -8
v 5 -31 -8
v 5 -30 -8
v 6 -31 -8
v 6 -30 -8
v 7 -31 -8
v 7 -30 -8
v 8 -31 -8
v 8 -30 -8
v 9 -31 -8
v 9 -30 -8
v 10 -31 -8
v 10 -30 -8
v 11 -31 -8
v 11 -30 -8
v 12 -31 -8
v 12 -30 -8
v 13 -31 -8
v 13 -30 -8
v 14 -31 -8
v 14 -30 -8
v 15 -31 -8
v 15 -30 -8
v 16 -31 -8
v 16 -30 -8
v 17 -30 -8
v 17 -31 -8
v -3 0 -8
v -3 0 -7
v -3 1 -7
v -3 1 -8
v -2 0 -8
v -2 1 -8
v -2 1 -7
v -2 0 -7
v -5 -1 -7
v -5 0 -7
v -5 0 -8
v -4 0 -7
v -4 0 -8
v -1 0 -7
v -1 0 -8
v 0 0 -8
v 0 0 -7
v 0 -1 -7
v -6 -2 -7
v -6 -1 -7
v -6 -1 -8
v 1 -1 -8
v 1 -1 -7
v 1 -2 -7
v -7 -3 -7
v -7 -2 -7
v -7 -2 -8
v 2 -2 -8
v 2 -2 -7
v 2 -3 -7
v -8 -4 -8
v -8 -4 -7
v -8 -3 -7
v -8 -3 -8
v 3 -4 -8
v 3 -3 -8
v 3 -3 -7
v 3 -4 -7
v -8 -5 -7
v 3 -5 -7
v -9 -6 -8
v -9 -6 -7
v -9 -5 -7
v -9 -5 -8
v 4 -6 -8
v 4 -5 -8
v 4 -5 -7
v 4 -6 -7
v -9 -7 -8
v -9 -7 -7
v 4 -7 -8
v 4 -7 -7
v 16 -7 -7
v 16 -6 -7
v 16 -6 -8
v 17 -6 -7
v 17 -6 -8
v 18 -6 -7
v 18 -6 -8
v 19 -6 -7
v 19 -6 -8
v 20 -6 -7
v 20 -6 -8
v 20 -7 -8
v 21 -7 -8
v 21 -6 -8
v 21 -6 -7
v 21 -7 -7
v -9 -8 -7
v 4 -8 -7
v 14 -8 -7
v 14 -7 -7
v 14 -7 -8
v 15 -7 -7
v 15 -7 -8
v 22 -8 -8
v 22 -7 -8
v 22 -7 -7
v 22 -8 -7
v -9 -9 -7
v 4 -9 -7
v 13 -9 -7
v 13 -8 -7
v 13 -8 -8
v 22 -9 -8
v 22 -9 -7
v -10 -10 -8
v -10 -10 -7
v -10 -9 -7
v -10 -9 -8
v 5 -10 -8
v 5 -9 -8
v 5 -9 -7
v 5 -10 -7
v 12 -10 -7
v 12 -9 -7
v 12 -9 -8
v 23 -10 -8
v 23 -9 -8
v 23 -9 -7
v 23 -10 -7
v -10 -11 -8
v -10 -11 -7
v 5 -11 -8
v 5 -11 -7
v 11 -11 -7
v 11 -10 -7
v 11 -10 -8
v 23 -11 -8
v 23 -11 -7
v -10 -12 -8
v -10 -12 -7
v 5 -12 -8
v 5 -12 -7
v 11 -12 -7
v 23 -12 -8
v 23 -12 -7
v -10 -13 -8
v -10 -13 -7
v 5 -13 -8
v 5 -13 -7
v 10 -13 -7
v 10 -12 -7
v 23 -13 -8
v 23 -13 -7
v 22 -13 -7
v -10 -14 -8
v -10 -14 -7
v -9 -14 -7
v 5 -14 -8
v 5 -14 -7
v 4 -14 -7
v 8 -14 -7
v 8 -13 -7
v 9 -13 -7
v 22 -14 -7
v -9 -15 -7
v 4 -15 -7
v 7 -15 -7
v 7 -14 -7
v 22 -15 -8
v 22 -15 -7
v -9 -16 -8
v -9 -16 -7
v 4 -16 -7
v 5 -16 -7
v 5 -15 -7
v 5 -15 -8
v 6 -15 -7
v 22 -16 -8
v 22 -16 -7
v 21 -16 -7
v -9 -17 -8
v -9 -17 -7
v 21 -17 -7
v -9 -18 -8
v -9 -18 -7
v -8 -18 -7
v 21 -18 -7
v 20 -18 -7
v -8 -19 -8
v -8 -19 -7
v 20 -19 -7
v -8 -20 -8
v -8 -20 -7
v 20 -20 -7
v 19 -20 -7
v -10 -21 -8
v -10 -21 -7
v -10 -20 -7
v -10 -20 -8
v -9 -20 -7
v -9 -20 -8
v 19 -21 -7
v 18 -21 -7
v -11 -22 -8
v -11 -22 -7
v -11 -21 -7
v -11 -21 -8
v 17 -22 -7
v 16 -22 -7
v 18 -22 -7
v -12 -23 -8
v -12 -23 -7
v -12 -22 -7
v -12 -22 -8
v -3 -23 -8
v -2 -23 -8
v -1 -23 -8
v -1 -23 -7
v -2 -23 -7
v 0 -23 -8
v 0 -23 -7
v 14 -23 -7
v 13 -23 -7
v 15 -23 -7
v 16 -23 -8
v 16 -23 -7
v 15 -22 -7
v -12 -24 -8
v -12 -24 -7
v -3 -24 -8
v -2 -24 -8
v -2 -24 -7
v -3 -24 -7
v 0 -24 -8
v 0 -24 -7
v 11 -24 -7
v 10 -24 -7
v 12 -24 -7
v 13 -24 -8
v 13 -24 -7
v -12 -25 -8
v -12 -25 -7
v -11 -25 -8
v -11 -25 -7
v -4 -25 -8
v -3 -25 -8
v -3 -25 -7
v -4 -25 -7
v 0 -25 -8
v 0 -25 -7
v 1 -25 -7
v 8 -25 -7
v 7 -25 -7
v 9 -25 -7
v 10 -25 -8
v 10 -25 -7
v -11 -26 -8
v -11 -26 -7
v -10 -26 -8
v -10 -26 -7
v -5 -26 -8
v -4 -26 -8
v -4 -26 -7
v -5 -26 -7
v 1 -26 -8
v 1 -26 -7
v 2 -26 -7
v 6 -26 -8
v 6 -26 -7
v 5 -26 -7
v 7 -26 -8
v 7 -26 -7
v -10 -27 -8
v -10 -27 -7
v -9 -27 -8
v -9 -27 -7
v -8 -27 -8
v -8 -27 -7
v -7 -27 -8
v -7 -27 -7
v -6 -27 -8
v -6 -27 -7
v -5 -27 -8
v -5 -27 -7
v 2 -27 -8
v 2 -27 -7
v 3 -27 -8
v 3 -27 -7
v 4 -27 -8
v 4 -27 -7
v 5 -27 -8
v 5 -27 -7
v -17 -31 -8
v -17 -31 -7
v -17 -30 -7
v -17 -30 -8
v -16 -31 -7
v -16 -30 -7
v -15 -31 -7
v -15 -30 -7
v -14 -31 -7
v -14 -30 -7
v -13 -31 -7
v -13 -30 -7
v -12 -31 -7
v -12 -30 -7
v -11 -31 -7
v -11 -30 -7
v -10 -31 -7
v -10 -30 -7
v -9 -31 -7
v -9 -30 -7
v -8 -31 -7
v -8 -30 -7
v -7 -31 -7
v -7 -30 -7
v -6 -31 -7
v -6 -30 -7
v -5 -31 -7
v -5 -30 -7
v -4 -31 -7
v -4 -30 -7
v -3 -31 -7
v -3 -30 -7
v -2 -31 -7
v -2 -30 -7
v -1 -31 -7
v -1 -30 -7
v 0 -31 -7
v 0 -30 -7
v 1 -31 -7
v 1 -30 -7
v 2 -31 -7
v 2 -30 -7
v 3 -31 -7
v 3 -30 -7
v 4 -31 -7
v 4 -30 -7
v 5 -31 -7
v 5 -30 -7
v 6 -31 -7
v 6 -30 -7
v 7 -31 -7
v 7 -30 -7
v 8 -31 -7
v 8 -30 -7
v 9 -31 -7
v 9 -30 -7
v 10 -31 -7
v 10 -30 -7
v 11 -31 -7
v 11 -30 -7
v 12 -31 -7
v 12 -30 -7
v 13 -31 -7
v 13 -30 -7
v 14 -31 -7
v 14 -30 -7
v 15 -31 -7
v 15 -30 -7
v 16 -31 -7
v 16 -30 -7
v 17 -31 -7
v 17 -30 -7
v 18 -31 -8
v 18 -30 -8
v 18 -30 -7
v 18 -31 -7
v -5 0 -6
v -5 1 -6
v -5 1 -7
v -4 1 -6
v -4 1 -7
v -3 1 -6
v -2 1 -6
v -1 1 -6
v -1 1 -7
v 0 1 -7
v 0 1 -6
v 0 0 -6
v -7 -1 -7
v -7 -1 -6
v -7 0 -6
v -7 0 -7
v -6 0 -6
v -6 0 -7
v 1 0 -6
v 1 0 -7
v 2 -1 -7
v 2 0 -7
v 2 0 -6
v 2 -1 -6
v -7 -2 -6
v 2 -2 -6
v -8 -3 -6
v -8 -2 -6
v -8 -2 -7
v 3 -2 -7
v 3 -2 -6
v 3 -3 -6
v -9 -4 -7
v -9 -4 -6
v -9 -3 -6
v -9 -3 -7
v 4 -4 -7
v 4 -3 -7
v 4 -3 -6
v 4 -4 -6
v -9 -5 -6
v 4 -5 -6
v 18 -5 -7
v 18 -5 -6
v 18 -4 -6
v 18 -4 -7
v 19 -4 -6
v 19 -4 -7
v 19 -5 -7
v 20 -5 -7
v 20 -4 -7
v 20 -4 -6
v 20 -5 -6
v -9 -6 -6
v 4 -6 -6
v 16 -6 -6
v 16 -5 -6
v 16 -5 -7
v 17 -5 -6
v 17 -5 -7
v 21 -5 -6
v 21 -5 -7
v 22 -6 -7
v 22 -5 -7
v 22 -5 -6
v 22 -6 -6
v -10 -7 -7
v -10 -7 -6
v -10 -6 -6
v -10 -6 -7
v 5 -7 -7
v 5 -6 -7
v 5 -6 -6
v 5 -7 -6
v 14 -7 -6
v 14 -6 -6
v 14 -6 -7
v 15 -6 -6
v 15 -6 -7
v 23 -7 -7
v 23 -6 -7
v 23 -6 -6
v 23 -7 -6
v -10 -8 -7
v -10 -8 -6
v 5 -8 -7
v 5 -8 -6
v 13 -8 -6
v 13 -7 -6
v 13 -7 -7
v 23 -8 -7
v 23 -8 -6
v -10 -9 -6
v 5 -9 -6
v 12 -9 -6
v 12 -8 -6
v 12 -8 -7
v 23 -9 -6
v -10 -10 -6
v 5 -10 -6
v 12 -10 -6
v 24 -10 -7
v 24 -9 -7
v 24 -9 -6
v 24 -10 -6
v -10 -11 -6
v 5 -11 -6
v 11 -11 -6
v 11 -10 -6
v 24 -11 -7
v 24 -11 -6
v 23 -11 -6
v -10 -12 -6
v 5 -12 -6
v 10 -12 -6
v 10 -11 -6
v 10 -11 -7
v 23 -12 -6
v -10 -13 -6
v 5 -13 -6
v 10 -13 -6
v 23 -13 -6
v -10 -14 -6
v 5 -14 -6
v 8 -14 -6
v 8 -13 -6
v 9 -13 -6
v 23 -14 -7
v 23 -14 -6
v -10 -15 -7
v -10 -15 -6
v 5 -15 -6
v 6 -15 -6
v 6 -14 -6
v 6 -14 -7
v 7 -14 -6
v 7 -15 -6
v 23 -15 -7
v 23 -15 -6
v 22 -15 -6
v -10 -16 -7
v -10 -16 -6
v 22 -16 -6
v -10 -17 -7
v -10 -17 -6
v -9 -17 -6
v 22 -17 -7
v 22 -17 -6
v 21 -17 -6
v -9 -18 -6
v 21 -18 -6
v 20 -18 -6
v -9 -19 -7
v -9 -19 -6
v 20 -19 -6
v -9 -20 -6
v 20 -20 -6
v 19 -20 -6
v -11 -21 -6
v -11 -20 -6
v -11 -20 -7
v -10 -20 -6
v 19 -21 -6
v 18 -21 -6
v -12 -22 -6
v -12 -21 -6
v -12 -21 -7
v 16 -22 -6
v 15 -22 -6
v 17 -22 -6
v 18 -22 -6
v 17 -21 -6
v -12 -23 -6
v 14 -23 -6
v 13 -23 -6
v 15 -23 -6
v -12 -24 -6
v -2 -24 -6
v -3 -24 -6
v -1 -24 -7
v -1 -24 -6
v 0 -24 -6
v 11 -24 -6
v 10 -24 -6
v 12 -24 -6
v 13 -24 -6
v -12 -25 -6
v -3 -25 -6
v 0 -25 -6
v 9 -25 -6
v 8 -25 -6
v 10 -25 -6
v -12 -26 -7
v -12 -26 -6
v -11 -26 -6
v -3 -26 -7
v -3 -26 -6
v -4 -26 -6
v 0 -26 -7
v 0 -26 -6
v 1 -26 -6
v 7 -26 -6
v 6 -26 -6
v 8 -26 -7
v 8 -26 -6
v -11 -27 -7
v -11 -27 -6
v -10 -27 -6
v -9 -27 -6
v -5 -27 -6
v -6 -27 -6
v -4 -27 -7
v -4 -27 -6
v 1 -27 -7
v 1 -27 -6
v 2 -27 -6
v 3 -27 -6
v 5 -27 -6
v 4 -27 -6
v 6 -27 -7
v 6 -27 -6
v -9 -28 -7
v -9 -28 -6
v -8 -28 -7
v -8 -28 -6
v -7 -28 -7
v -7 -28 -6
v -6 -28 -7
v -6 -28 -6
v 3 -28 -7
v 3 -28 -6
v 4 -28 -7
v 4 -28 -6
v -18 -31 -7
v -18 -31 -6
v -18 -30 -6
v -18 -30 -7
v -17 -31 -6
v -17 -30 -6
v -16 -31 -6
v -16 -30 -6
v -15 -31 -6
v -15 -30 -6
v -14 -31 -6
v -14 -30 -6
v -13 -31 -6
v -13 -30 -6
v -12 -31 -6
v -12 -30 -6
v -11 -31 -6
v -11 -30 -6
v -10 -31 -6
v -10 -30 -6
v -9 -31 -6
v -9 -30 -6
v -8 -31 -6
v -8 -30 -6
v -7 -31 -6
v -7 -30 -6
v -6 -31 -6
v -6 -30 -6
v -5 -31 -6
v -5 -30 -6
v -4 -31 -6
v -4 -30 -6
v -3 -31 -6
v -3 -30 -6
v -2 -31 -6
v -2 -30 -6
v -1 -31 -6
v -1 -30 -6
v 0 -31 -6
v 0 -30 -6
v 1 -31 -6
v 1 -30 -6
v 2 -31 -6
v 2 -30 -6
v 3 -31 -6
v 3 -30 -6
v 4 -31 -6
v 4 -30 -6
v 5 -31 -6
v 5 -30 -6
v 6 -31 -6
v 6 -30 -6
v 7 -31 -6
v 7 -30 -6
v 8 -31 -6
v 8 -30 -6
v 9 -31 -6
v 9 -30 -6
v 10 -31 -6
v 10 -30 -6
v 11 -31 -6
v 11 -30 -6
v 12 -31 -6
v 12 -30 -6
v 13 -31 -6
v 13 -30 -6
v 14 -31 -6
v 14 -30 -6
v 15 -31 -6
v 15 -30 -6
v 16 -31 -6
v 16 -30 -6
v 17 -31 -6
v 17 -30 -6
v 18 -31 -6
v 18 -30 -6
v 19 -31 -7
v 19 -30 -7
v 19 -30 -6
v 19 -31 -6
v -5 1 -5
v -5 2 -5
v -5 2 -6
v -4 2 -5
v -4 2 -6
v -3 2 -5
v -3 2 -6
v -2 2 -5
v -2 2 -6
v -1 2 -5
v -1 2 -6
v 0 2 -6
v 0 2 -5
v 0 1 -5
v -7 0 -5
v -7 1 -5
v -7 1 -6
v -6 1 -5
v -6 1 -6
v 1 1 -5
v 1 1 -6
v 2 1 -6
v 2 1 -5
v 2 0 -5
v -7 -1 -5
v 2 -1 -5
v -8 -2 -5
v -8 -1 -5
v -8 -1 -6
v 3 -1 -6
v 3 -1 -5
v 3 -2 -5
v -9 -3 -5
v -9 -2 -5
v -9 -2 -6
v 4 -2 -6
v 4 -2 -5
v 4 -3 -5
v -9 -4 -5
v 4 -4 -5
v 18 -4 -5
v 18 -3 -5
v 18 -3 -6
v 19 -3 -5
v 19 -3 -6
v 20 -3 -5
v 20 -3 -6
v 21 -3 -5
v 21 -3 -6
v 21 -4 -6
v 22 -3 -5
v 22 -3 -6
v 22 -4 -6
v 23 -4 -6
v 23 -3 -6
v 23 -3 -5
v 23 -4 -5
v -10 -5 -6
v -10 -5 -5
v -10 -4 -5
v -10 -4 -6
v 5 -5 -6
v 5 -4 -6
v 5 -4 -5
v 5 -5 -5
v 16 -5 -5
v 16 -4 -5
v 16 -4 -6
v 17 -4 -5
v 17 -4 -6
v 23 -5 -6
v 24 -5 -6
v 24 -4 -6
v 24 -4 -5
v 24 -5 -5
v -10 -6 -5
v 5 -6 -5
v 15 -6 -5
v 15 -5 -5
v 15 -5 -6
v 24 -6 -6
v 24 -6 -5
v -10 -7 -5
v 5 -7 -5
v 14 -7 -5
v 14 -6 -5
v 24 -7 -6
v 24 -7 -5
v -10 -8 -5
v 5 -8 -5
v 13 -8 -5
v 13 -7 -5
v 24 -8 -6
v 24 -8 -5
v -11 -9 -6
v -11 -9 -5
v -11 -8 -5
v -11 -8 -6
v 6 -9 -6
v 6 -8 -6
v 6 -8 -5
v 6 -9 -5
v 12 -9 -5
v 12 -8 -5
v 24 -9 -5
v -11 -10 -6
v -11 -10 -5
v 6 -10 -6
v 6 -10 -5
v 11 -10 -5
v 11 -9 -5
v 11 -9 -6
v 24 -10 -5
v -11 -11 -6
v -11 -11 -5
v 6 -11 -6
v 6 -11 -5
v 11 -11 -5
v 24 -11 -5
v -11 -12 -6
v -11 -12 -5
v 6 -12 -6
v 6 -12 -5
v 10 -12 -5
v 10 -11 -5
v 24 -12 -6
v 24 -12 -5
v -11 -13 -6
v -11 -13 -5
v 6 -13 -6
v 6 -13 -5
v 10 -13 -5
v 24 -13 -6
v 24 -13 -5
v 23 -13 -5
v -11 -14 -6
v -11 -14 -5
v 6 -14 -5
v 8 -14 -5
v 8 -13 -5
v 9 -13 -5
v 9 -14 -5
v 23 -14 -5
v -11 -15 -6
v -11 -15 -5
v -10 -15 -5
v 6 -15 -5
v 7 -15 -5
v 7 -14 -5
v 23 -15 -5
v 22 -15 -5
v -10 -16 -5
v 22 -16 -5
v -10 -17 -5
v 22 -17 -5
v 21 -17 -5
v -10 -18 -6
v -10 -18 -5
v 21 -18 -5
v 20 -18 -5
v -10 -19 -6
v -10 -19 -5
v 20 -19 -5
v -10 -20 -5
v 20 -20 -5
v 19 -20 -5
v 19 -19 -5
v -12 -21 -5
v -12 -20 -5
v -12 -20 -6
v -11 -20 -5
v 18 -21 -5
v 17 -21 -5
v 19 -21 -5
v 18 -20 -5
v -12 -22 -5
v 16 -22 -5
v 15 -22 -5
v 17 -22 -5
v 16 -21 -5
v -13 -23 -6
v -13 -23 -5
v -13 -22 -5
v -13 -22 -6
v 14 -23 -5
v 13 -23 -5
v 15 -23 -5
v 14 -22 -5
v -13 -24 -6
v -13 -24 -5
v 11 -24 -5
v 10 -24 -5
v 12 -24 -5
v 13 -24 -5
v 12 -23 -5
v -13 -25 -6
v -13 -25 -5
v -12 -25 -5
v -2 -25 -6
v -2 -25 -5
v -3 -25 -5
v -1 -25 -6
v -1 -25 -5
v 9 -25 -5
v 8 -25 -5
v 10 -25 -5
v -12 -26 -5
v -3 -26 -5
v -1 -26 -6
v -1 -26 -5
v 0 -26 -5
v 8 -26 -5
v 7 -26 -5
v -12 -27 -6
v -12 -27 -5
v -11 -27 -5
v -10 -27 -5
v -4 -27 -5
v -5 -27 -5
v -3 -27 -6
v -3 -27 -5
v 0 -27 -6
v 0 -27 -5
v 1 -27 -5
v 7 -27 -6
v 7 -27 -5
v 6 -27 -5
v -10 -28 -6
v -10 -28 -5
v -9 -28 -5
v -8 -28 -5
v -7 -28 -5
v -6 -28 -5
v -5 -28 -6
v -5 -28 -5
v 1 -28 -6
v 1 -28 -5
v 2 -28 -6
v 2 -28 -5
v 3 -28 -5
v 4 -28 -5
v 5 -28 -6
v 5 -28 -5
v 6 -28 -6
v 6 -28 -5
v -19 -31 -6
v -19 -31 -5
v -19 -30 -5
v -19 -30 -6
v -18 -31 -5
v -18 -30 -5
v -17 -31 -5
v -17 -30 -5
v -16 -31 -5
v -16 -30 -5
v -15 -31 -5
v -15 -30 -5
v -14 -31 -5
v -14 -30 -5
v -13 -31 -5
v -13 -30 -5
v -12 -31 -5
v -12 -30 -5
v -11 -31 -5
v -11 -30 -5
v -10 -31 -5
v -10 -30 -5
v -9 -31 -5
v -9 -30 -5
v -8 -31 -5
v -8 -30 -5
v -7 -31 -5
v -7 -30 -5
v -6 -31 -5
v -6 -30 -5
v -5 -31 -5
v -5 -30 -5
v -4 -31 -5
v -4 -30 -5
v -3 -31 -5
v -3 -30 -5
v -2 -31 -5
v -2 -30 -5
v -1 -31 -5
v -1 -30 -5
v 0 -31 -5
v 0 -30 -5
v 1 -31 -5
v 1 -30 -5
v 2 -31 -5
v 2 -30 -5
v 3 -31 -5
v 3 -30 -5
v 4 -31 -5
v 4 -30 -5
v 5 -31 -5
v 5 -30 -5
v 6 -31 -5
v 6 -30 -5
v 7 -31 -5
v 7 -30 -5
v 8 -31 -5
v 8 -30 -5
v 9 -31 -5
v 9 -30 -5
v 10 -31 -5
v 10 -30 -5
v 11 -31 -5
v 11 -30 -5
v 12 -31 -5
v 12 -30 -5
v 13 -31 -5
v 13 -30 -5
v 14 -31 -5
v 14 -30 -5
v 15 -31 -5
v 15 -30 -5
v 16 -31 -5
v 16 -30 -5
v 17 -31 -5
v 17 -30 -5
v 18 -31 -5
v 18 -30 -5
v 19 -31 -5
v 19 -30 -5
v 20 -31 -6
v 20 -30 -6
v 20 -30 -5
v 20 -31 -5
v -4 6 -5
v -4 6 -4
v -4 7 -4
v -4 7 -5
v -3 6 -5
v -3 7 -5
v -3 7 -4
v -3 6 -4
v -4 2 -4
v -4 3 -4
v -4 3 -5
v -3 3 -4
v -3 3 -5
v -2 3 -4
v -2 3 -5
v -1 3 -5
v -1 3 -4
v -1 2 -4
v -6 1 -4
v -6 2 -4
v -6 2 -5
v -5 2 -4
v 0 2 -4
v 1 2 -5
v 1 2 -4
v 1 1 -4
v -7 0 -4
v -7 1 -4
v 2 1 -4
v 2 0 -4
v -8 -1 -4
v -8 0 -4
v -8 0 -5
v 3 0 -5
v 3 0 -4
v 3 -1 -4
v -9 -2 -4
v -9 -1 -4
v -9 -1 -5
v 4 -1 -5
v 4 -1 -4
v 4 -2 -4
v -9 -3 -4
v 4 -3 -4
v 18 -3 -4
v 18 -2 -4
v 18 -2 -5
v 19 -2 -4
v 19 -2 -5
v 20 -2 -4
v 20 -2 -5
v 21 -2 -4
v 21 -2 -5
v 22 -2 -4
v 22 -2 -5
v 23 -2 -5
v 23 -2 -4
v 23 -3 -4
v -10 -4 -4
v -10 -3 -4
v -10 -3 -5
v 5 -3 -5
v 5 -3 -4
v 5 -4 -4
v 16 -4 -4
v 16 -3 -4
v 16 -3 -5
v 17 -3 -4
v 17 -3 -5
v 24 -3 -5
v 24 -3 -4
v 24 -4 -4
v -10 -5 -4
v 5 -5 -4
v 15 -5 -4
v 15 -4 -4
v 15 -4 -5
v 25 -5 -5
v 25 -4 -5
v 25 -4 -4
v 25 -5 -4
v -10 -6 -4
v 5 -6 -4
v 14 -6 -4
v 14 -5 -4
v 14 -5 -5
v 25 -6 -5
v 25 -6 -4
v -11 -7 -5
v -11 -7 -4
v -11 -6 -4
v -11 -6 -5
v 6 -7 -5
v 6 -6 -5
v 6 -6 -4
v 6 -7 -4
v 13 -7 -4
v 13 -6 -4
v 13 -6 -5
v 25 -7 -5
v 25 -7 -4
v -11 -8 -4
v 6 -8 -4
v 12 -8 -4
v 12 -7 -4
v 12 -7 -5
v 25 -8 -5
v 25 -8 -4
v -11 -9 -4
v 6 -9 -4
v 12 -9 -4
v 25 -9 -5
v 25 -9 -4
v -11 -10 -4
v 6 -10 -4
v 11 -10 -4
v 11 -9 -4
v 25 -10 -5
v 25 -10 -4
v -11 -11 -4
v 6 -11 -4
v 11 -11 -4
v 25 -11 -5
v 25 -11 -4
v -11 -12 -4
v 6 -12 -4
v 10 -12 -4
v 10 -11 -4
v 11 -12 -4
v 25 -12 -5
v 25 -12 -4
v 24 -12 -4
v -11 -13 -4
v 6 -13 -4
v 10 -13 -4
v 24 -13 -4
v -11 -14 -4
v 6 -14 -4
v 9 -14 -4
v 9 -13 -4
v 10 -14 -4
v 24 -14 -5
v 24 -14 -4
v 23 -14 -4
v -11 -15 -4
v 6 -15 -4
v 7 -15 -4
v 7 -14 -4
v 8 -14 -4
v 8 -15 -4
v 23 -15 -4
v -11 -16 -5
v -11 -16 -4
v 23 -16 -5
v 23 -16 -4
v 22 -16 -4
v -11 -17 -5
v -11 -17 -4
v -10 -17 -4
v 22 -17 -4
v 21 -17 -4
v -10 -18 -4
v 21 -18 -4
v 20 -18 -4
v -10 -19 -4
v 20 -19 -4
v 19 -19 -4
v -11 -20 -4
v -11 -19 -4
v -11 -19 -5
v 19 -20 -4
v 18 -20 -4
v 18 -19 -4
v -12 -21 -4
v -12 -20 -4
v 17 -21 -4
v 16 -21 -4
v 18 -21 -4
v 17 -20 -4
v -13 -22 -4
v -13 -21 -4
v -13 -21 -5
v 15 -22 -4
v 14 -22 -4
v 16 -22 -4
v 15 -21 -4
v -13 -23 -4
v 13 -23 -4
v 12 -23 -4
v 14 -23 -4
v 13 -22 -4
v -13 -24 -4
v 11 -24 -4
v 10 -24 -4
v 12 -24 -4
v 11 -23 -4
v -13 -25 -4
v 9 -25 -4
v 8 -25 -4
v 10 -25 -4
v 9 -24 -4
v -13 -26 -5
v -13 -26 -4
v -12 -26 -4
v -2 -26 -5
v -2 -26 -4
v -3 -26 -4
v -1 -26 -4
v 0 -26 -4
v 8 -26 -4
v 7 -26 -4
v -12 -27 -4
v -11 -27 -4
v -3 -27 -4
v -4 -27 -4
v 0 -27 -4
v 1 -27 -4
v 7 -27 -4
v 6 -27 -4
v -11 -28 -5
v -11 -28 -4
v -10 -28 -4
v -9 -28 -4
v -8 -28 -4
v -7 -28 -4
v -6 -28 -4
v -5 -28 -4
v -4 -28 -5
v -4 -28 -4
v 1 -28 -4
v 2 -28 -4
v 3 -28 -4
v 4 -28 -4
v 5 -28 -4
v 6 -28 -4
v -19 -31 -4
v -19 -30 -4
v -18 -31 -4
v -18 -30 -4
v -17 -31 -4
v -17 -30 -4
v -16 -31 -4
v -16 -30 -4
v -15 -31 -4
v -15 -30 -4
v -14 -31 -4
v -14 -30 -4
v -13 -31 -4
v -13 -30 -4
v -12 -31 -4
v -12 -30 -4
v -11 -31 -4
v -11 -30 -4
v -10 -31 -4
v -10 -30 -4
v -9 -31 -4
v -9 -30 -4
v -8 -31 -4
v -8 -30 -4
v -7 -31 -4
v -7 -30 -4
v -6 -31 -4
v -6 -30 -4
v -5 -31 -4
v -5 -30 -4
v -4 -31 -4
v -4 -30 -4
v -3 -31 -4
v -3 -30 -4
v -2 -31 -4
v -2 -30 -4
v -1 -31 -4
v -1 -30 -4
v 0 -31 -4
v 0 -30 -4
v 1 -31 -4
v 1 -30 -4
v 2 -31 -4
v 2 -30 -4
v 3 -31 -4
v 3 -30 -4
v 4 -31 -4
v 4 -30 -4
v 5 -31 -4
v 5 -30 -4
v 6 -31 -4
v 6 -30 -4
v 7 -31 -4
v 7 -30 -4
v 8 -31 -4
v 8 -30 -4
v 9 -31 -4
v 9 -30 -4
v 10 -31 -4
v 10 -30 -4
v 11 -31 -4
v 11 -30 -4
v 12 -31 -4
v 12 -30 -4
v 13 -31 -4
v 13 -30 -4
v 14 -31 -4
v 14 -30 -4
v 15 -31 -4
v 15 -30 -4
v 16 -31 -4
v 16 -30 -4
v 17 -31 -4
v 17 -30 -4
v 18 -31 -4
v 18 -30 -4
v 19 -31 -4
v 19 -30 -4
v 20 -30 -4
v 20 -31 -4
v -6 9 -4
v -6 9 -3
v -6 10 -3
v -6 10 -4
v -5 10 -3
v -5 10 -4
v -5 9 -4
v -4 10 -3
v -4 10 -4
v -4 9 -4
v -3 10 -3
v -3 10 -4
v -3 9 -4
v -2 10 -3
v -2 10 -4
v -2 9 -4
v -1 9 -4
v -1 10 -4
v -1 10 -3
v -1 9 -3
v -7 8 -4
v -7 8 -3
v -7 9 -3
v -7 9 -4
v -6 8 -4
v -5 8 -4
v -4 8 -4
v -3 8 -4
v -2 8 -4
v -1 8 -4
v 0 8 -4
v 0 9 -4
v 0 9 -3
v 0 8 -3
v -8 7 -4
v -8 7 -3
v -8 8 -3
v -8 8 -4
v -7 7 -4
v -6 7 -4
v -5 7 -4
v -2 7 -4
v -1 7 -4
v 0 7 -4
v 1 7 -4
v 1 8 -4
v 1 8 -3
v 1 7 -3
v -8 6 -4
v -8 6 -3
v -7 6 -4
v -6 6 -4
v -5 6 -4
v -2 6 -4
v -1 6 -4
v 0 6 -4
v 1 6 -4
v 1 6 -3
v -8 5 -4
v -8 5 -3
v -7 5 -4
v -7 5 -3
v -6 5 -4
v -5 5 -4
v -4 5 -4
v -3 5 -4
v -2 5 -4
v -1 5 -4
v 0 5 -4
v 1 5 -4
v 1 5 -3
v 0 5 -3
v -7 4 -4
v -7 4 -3
v -6 4 -4
v -6 4 -3
v -5 4 -4
v -4 4 -4
v -3 4 -4
v -2 4 -4
v -1 4 -4
v 0 4 -4
v 0 4 -3
v -1 4 -3
v -6 3 -4
v -6 3 -3
v -5 3 -4
v -5 3 -3
v -1 3 -3
v -5 2 -3
v 0 3 -4
v 0 3 -3
v 0 2 -3
v -7 1 -3
v -7 2 -3
v -7 2 -4
v -6 2 -3
v 1 2 -3
v 2 2 -4
v 2 2 -3
v 2 1 -3
v -8 0 -3
v -8 1 -3
v -8 1 -4
v 3 1 -4
v 3 1 -3
v 3 0 -3
v -8 -1 -3
v 3 -1 -3
v -9 -2 -3
v -9 -1 -3
v 4 -1 -3
v 4 -2 -3
v 18 -2 -3
v 18 -1 -3
v 18 -1 -4
v 19 -1 -3
v 19 -1 -4
v 20 -1 -3
v 20 -1 -4
v 21 -1 -3
v 21 -1 -4
v 22 -1 -3
v 22 -1 -4
v 23 -1 -4
v 23 -1 -3
v 23 -2 -3
v -9 -3 -3
v 4 -3 -3
v 16 -3 -3
v 16 -2 -3
v 16 -2 -4
v 17 -2 -3
v 17 -2 -4
v 24 -2 -3
v 24 -2 -4
v 25 -3 -4
v 25 -2 -4
v 25 -2 -3
v 25 -3 -3
v -10 -4 -3
v -10 -3 -3
v 5 -3 -3
v 5 -4 -3
v 15 -4 -3
v 15 -3 -3
v 15 -3 -4
v 25 -4 -3
v -10 -5 -3
v 5 -5 -3
v 14 -5 -3
v 14 -4 -3
v 14 -4 -4
v 26 -5 -4
v 26 -4 -4
v 26 -4 -3
v 26 -5 -3
v -11 -6 -3
v -11 -5 -3
v -11 -5 -4
v 6 -5 -4
v 6 -5 -3
v 6 -6 -3
v 14 -6 -3
v 26 -6 -4
v 26 -6 -3
v -11 -7 -3
v 6 -7 -3
v 13 -7 -3
v 13 -6 -3
v 26 -7 -4
v 26 -7 -3
v -11 -8 -3
v 6 -8 -3
v 12 -8 -3
v 12 -7 -3
v 26 -8 -4
v 26 -8 -3
v -11 -9 -3
v 6 -9 -3
v 12 -9 -3
v 26 -9 -4
v 26 -9 -3
v -11 -10 -3
v 6 -10 -3
v 11 -10 -3
v 11 -9 -3
v 26 -10 -4
v 26 -10 -3
v 25 -10 -3
v -11 -11 -3
v 6 -11 -3
v 11 -11 -3
v 25 -11 -3
v -11 -12 -3
v 6 -12 -3
v 11 -12 -3
v 25 -12 -3
v 24 -12 -3
v -11 -13 -3
v 6 -13 -3
v 10 -13 -3
v 10 -12 -3
v 11 -13 -3
v 24 -13 -3
v -11 -14 -3
v 6 -14 -3
v 10 -14 -3
v 11 -14 -3
v 24 -14 -3
v 23 -14 -3
v -11 -15 -3
v 6 -15 -3
v 8 -15 -3
v 8 -14 -3
v 9 -14 -3
v 9 -15 -3
v 10 -15 -3
v 11 -15 -3
v 23 -15 -3
v -11 -16 -3
v 7 -15 -3
v 6 -16 -3
v 7 -16 -3
v 8 -16 -3
v 23 -16 -3
v 22 -16 -3
v -11 -17 -3
v 22 -17 -3
v 21 -17 -3
v -11 -18 -4
v -11 -18 -3
v -10 -18 -3
v 21 -18 -3
v 20 -18 -3
v 20 -17 -3
v -10 -19 -3
v 19 -19 -3
v 18 -19 -3
v 20 -19 -3
v 19 -18 -3
v -11 -20 -3
v -11 -19 -3
v 18 -20 -3
v 17 -20 -3
v 17 -19 -3
v -12 -21 -3
v -12 -20 -3
v 14 -21 -3
v 15 -21 -3
v 15 -20 -3
v 14 -20 -3
v 16 -21 -3
v 16 -20 -3
v 17 -21 -3
v -13 -22 -3
v -13 -21 -3
v 14 -22 -3
v 13 -22 -3
v 13 -21 -3
v 15 -22 -3
v -13 -23 -3
v 12 -23 -3
v 11 -23 -3
v 12 -22 -3
v 11 -22 -3
v 13 -23 -3
v -13 -24 -3
v 10 -24 -3
v 9 -24 -3
v 10 -23 -3
v 9 -23 -3
v 11 -24 -3
v -13 -25 -3
v 9 -25 -3
v 8 -25 -3
v 8 -24 -3
v -13 -26 -3
v -12 -26 -3
v -2 -26 -3
v -3 -26 -3
v -1 -26 -3
v 0 -26 -3
v 8 -26 -3
v 7 -26 -3
v -12 -27 -3
v -11 -27 -3
v -3 -27 -3
v -4 -27 -3
v 0 -27 -3
v 1 -27 -3
v 7 -27 -3
v 6 -27 -3
v -11 -28 -3
v -10 -28 -3
v -9 -28 -3
v -8 -28 -3
v -7 -28 -3
v -6 -28 -3
v -5 -28 -3
v -4 -28 -3
v 1 -28 -3
v 2 -28 -3
v 3 -28 -3
v 4 -28 -3
v 5 -28 -3
v 6 -28 -3
v -20 -31 -4
v -20 -31 -3
v -20 -30 -3
v -20 -30 -4
v -19 -31 -3
v -19 -30 -3
v -18 -31 -3
v -18 -30 -3
v -17 -31 -3
v -17 -30 -3
v -16 -31 -3
v -16 -30 -3
v -15 -31 -3
v -15 -30 -3
v -14 -31 -3
v -14 -30 -3
v -13 -31 -3
v -13 -30 -3
v -12 -31 -3
v -12 -30 -3
v -11 -31 -3
v -11 -30 -3
v -10 -31 -3
v -10 -30 -3
v -9 -31 -3
v -9 -30 -3
v -8 -31 -3
v -8 -30 -3
v -7 -31 -3
v -7 -30 -3
v -6 -31 -3
v -6 -30 -3
v -5 -31 -3
v -5 -30 -3
v -4 -31 -3
v -4 -30 -3
v -3 -31 -3
v -3 -30 -3
v -2 -31 -3
v -2 -30 -3
v -1 -31 -3
v -1 -30 -3
v 0 -31 -3
v 0 -30 -3
v 1 -31 -3
v 1 -30 -3
v 2 -31 -3
v 2 -30 -3
v 3 -31 -3
v 3 -30 -3
v 4 -31 -3
v 4 -30 -3
v 5 -31 -3
v 5 -30 -3
v 6 -31 -3
v 6 -30 -3
v 7 -31 -3
v 7 -30 -3
v 8 -31 -3
v 8 -30 -3
v 9 -31 -3
v 9 -30 -3
v 10 -31 -3
v 10 -30 -3
v 11 -31 -3
v 11 -30 -3
v 12 -31 -3
v 12 -30 -3
v 13 -31 -3
v 13 -30 -3
v 14 -31 -3
v 14 -30 -3
v 15 -31 -3
v 15 -30 -3
v 16 -31 -3
v 16 -30 -3
v 17 -31 -3
v 17 -30 -3
v 18 -31 -3
v 18 -30 -3
v 19 -31 -3
v 19 -30 -3
v 20 -31 -3
v 20 -30 -3
v 21 -31 -4
v 21 -30 -4
v 21 -30 -3
v 21 -31 -3
v -5 11 -3
v -5 11 -2
v -5 12 -2
v -5 12 -3
v -4 12 -2
v -4 12 -3
v -4 11 -3
v -3 12 -2
v -3 12 -3
v -3 11 -3
v -2 11 -3
v -2 12 -3
v -2 12 -2
v -2 11 -2
v -7 10 -3
v -7 10 -2
v -7 11 -2
v -7 11 -3
v -6 11 -2
v -6 11 -3
v -1 11 -2
v -1 11 -3
v 0 10 -3
v 0 11 -3
v 0 11 -2
v 0 10 -2
v -8 9 -3
v -8 9 -2
v -8 10 -2
v -8 10 -3
v 1 9 -3
v 1 10 -3
v 1 10 -2
v 1 9 -2
v -9 8 -3
v -9 8 -2
v -9 9 -2
v -9 9 -3
v 2 8 -3
v 2 9 -3
v 2 9 -2
v 2 8 -2
v -9 7 -3
v -9 7 -2
v 2 7 -3
v 2 7 -2
v -9 6 -3
v -9 6 -2
v 2 6 -3
v 2 6 -2
v -9 5 -3
v -9 5 -2
v 2 5 -3
v 2 5 -2
v -9 4 -3
v -9 4 -2
v -8 4 -3
v -8 4 -2
v 1 4 -3
v 2 4 -3
v 2 4 -2
v 1 4 -2
v -8 3 -3
v -8 3 -2
v -7 3 -3
v -7 3 -2
v 1 3 -3
v 1 3 -2
v -7 2 -2
v 1 2 -2
v -7 1 -2
v 2 2 -2
v 2 1 -2
v -8 0 -2
v -8 1 -2
v 3 1 -2
v 3 0 -2
v -9 -1 -2
v -9 0 -2
v -9 0 -3
v 4 0 -3
v 4 0 -2
v 4 -1 -2
v 17 -1 -3
v 17 -1 -2
v 17 0 -2
v 17 0 -3
v 18 0 -2
v 18 0 -3
v 19 0 -2
v 19 0 -3
v 20 0 -2
v 20 0 -3
v 21 0 -2
v 21 0 -3
v 22 0 -2
v 22 0 -3
v 23 0 -3
v 23 0 -2
v 23 -1 -2
v -9 -2 -2
v 4 -2 -2
v 16 -2 -2
v 16 -1 -2
v 16 -1 -3
v 24 -1 -3
v 24 -1 -2
v 24 -2 -2
v -10 -3 -2
v -10 -2 -2
v -10 -2 -3
v 5 -2 -3
v 5 -2 -2
v 5 -3 -2
v 15 -3 -2
v 15 -2 -2
v 15 -2 -3
v 25 -2 -2
v 25 -3 -2
v -10 -4 -2
v 5 -4 -2
v 15 -4 -2
v 26 -3 -3
v 26 -3 -2
v 26 -4 -2
v -10 -5 -2
v 5 -5 -2
v 14 -5 -2
v 14 -4 -2
v 27 -5 -3
v 27 -4 -3
v 27 -4 -2
v 27 -5 -2
v -11 -6 -2
v -11 -5 -2
v 6 -5 -2
v 6 -6 -2
v 13 -6 -2
v 13 -5 -2
v 13 -5 -3
v 27 -6 -3
v 27 -6 -2
v -11 -7 -2
v 6 -7 -2
v 13 -7 -2
v 27 -7 -3
v 27 -7 -2
v -11 -8 -2
v 6 -8 -2
v 12 -8 -2
v 12 -7 -2
v 27 -8 -3
v 27 -8 -2
v -11 -9 -2
v 6 -9 -2
v 12 -9 -2
v 27 -9 -3
v 27 -9 -2
v 26 -9 -2
v -11 -10 -2
v 6 -10 -2
v 11 -10 -2
v 11 -9 -2
v 12 -10 -2
v 26 -10 -2
v -11 -11 -2
v 6 -11 -2
v 11 -11 -2
v 26 -11 -3
v 26 -11 -2
v 25 -11 -2
v -11 -12 -2
v 6 -12 -2
v 11 -12 -2
v 25 -12 -2
v -11 -13 -2
v 6 -13 -2
v 11 -13 -2
v 25 -13 -3
v 25 -13 -2
v 24 -13 -2
v -11 -14 -2
v 6 -14 -2
v 11 -14 -2
v 24 -14 -2
v 23 -14 -2
v -11 -15 -2
v 6 -15 -2
v 11 -15 -2
v 23 -15 -2
v -11 -16 -2
v 6 -16 -2
v 8 -16 -2
v 8 -15 -2
v 9 -15 -2
v 9 -16 -2
v 10 -15 -2
v 10 -16 -2
v 11 -16 -2
v 23 -16 -2
v 22 -16 -2
v 22 -15 -2
v -11 -17 -2
v 7 -16 -2
v 6 -17 -2
v 7 -17 -2
v 8 -17 -2
v 9 -17 -2
v 10 -17 -2
v 21 -17 -2
v 20 -17 -2
v 22 -17 -2
v 21 -16 -2
v -11 -18 -2
v -10 -18 -2
v 6 -18 -2
v 7 -18 -2
v 20 -18 -2
v 19 -18 -2
v -10 -19 -2
v 18 -19 -2
v 17 -19 -2
v 19 -19 -2
v 18 -18 -2
v -11 -20 -2
v -11 -19 -2
v 12 -20 -2
v 13 -20 -2
v 13 -19 -2
v 12 -19 -2
v 14 -20 -2
v 14 -19 -2
v 15 -20 -2
v 15 -19 -2
v 16 -20 -2
v 16 -19 -2
v 17 -20 -2
v -12 -21 -2
v -12 -20 -2
v 11 -21 -2
v 12 -21 -2
v 11 -20 -2
v 13 -21 -2
v 14 -21 -2
v -13 -22 -2
v -13 -21 -2
v 10 -22 -2
v 11 -22 -2
v 10 -21 -2
v 12 -22 -2
v 13 -22 -2
v -13 -23 -2
v 8 -23 -2
v 9 -23 -2
v 9 -22 -2
v 8 -22 -2
v 10 -23 -2
v 11 -23 -2
v -14 -24 -3
v -14 -24 -2
v -14 -23 -2
v -14 -23 -3
v -13 -24 -2
v 9 -24 -2
v 8 -24 -2
v -13 -25 -2
v 8 -25 -2
v -13 -26 -2
v -12 -26 -2
v -2 -26 -2
v -3 -26 -2
v -1 -26 -2
v 8 -26 -2
v -12 -27 -2
v -11 -27 -2
v -3 -27 -2
v -4 -27 -2
v -1 -27 -3
v -1 -27 -2
v 0 -27 -2
v 0 -26 -2
v 8 -27 -3
v 8 -27 -2
v 7 -27 -2
v 7 -26 -2
v -11 -28 -2
v -10 -28 -2
v -9 -28 -2
v -8 -28 -2
v -6 -28 -2
v -7 -28 -2
v -5 -28 -2
v -4 -28 -2
v 0 -28 -3
v 0 -28 -2
v 1 -28 -2
v 1 -27 -2
v 2 -28 -2
v 3 -28 -2
v 5 -28 -2
v 4 -28 -2
v 6 -28 -2
v 7 -28 -3
v 7 -28 -2
v 6 -27 -2
v -8 -29 -3
v -8 -29 -2
v -7 -29 -3
v -7 -29 -2
v 3 -29 -3
v 3 -29 -2
v 4 -29 -3
v 4 -29 -2
v -20 -31 -2
v -20 -30 -2
v -19 -31 -2
v -19 -30 -2
v -18 -31 -2
v -18 -30 -2
v -17 -31 -2
v -17 -30 -2
v -16 -31 -2
v -16 -30 -2
v -15 -31 -2
v -15 -30 -2
v -14 -31 -2
v -14 -30 -2
v -13 -31 -2
v -13 -30 -2
v -12 -31 -2
v -12 -30 -2
v -11 -31 -2
v -11 -30 -2
v -10 -31 -2
v -10 -30 -2
v -9 -31 -2
v -9 -30 -2
v -8 -31 -2
v -8 -30 -2
v -7 -31 -2
v -7 -30 -2
v -6 -31 -2
v -6 -30 -2
v -5 -31 -2
v -5 -30 -2
v -4 -31 -2
v -4 -30 -2
v -3 -31 -2
v -3 -30 -2
v -2 -31 -2
v -2 -30 -2
v -1 -31 -2
v -1 -30 -2
v 0 -31 -2
v 0 -30 -2
v 1 -31 -2
v 1 -30 -2
v 2 -31 -2
v 2 -30 -2
v 3 -31 -2
v 3 -30 -2
v 4 -31 -2
v 4 -30 -2
v 5 -31 -2
v 5 -30 -2
v 6 -31 -2
v 6 -30 -2
v 7 -31 -2
v 7 -30 -2
v 8 -31 -2
v 8 -30 -2
v 9 -31 -2
v 9 -30 -2
v 10 -31 -2
v 10 -30 -2
v 11 -31 -2
v 11 -30 -2
v 12 -31 -2
v 12 -30 -2
v 13 -31 -2
v 13 -30 -2
v 14 -31 -2
v 14 -30 -2
v 15 -31 -2
v 15 -30 -2
v 16 -31 -2
v 16 -30 -2
v 17 -31 -2
v 17 -30 -2
v 18 -31 -2
v 18 -30 -2
v 19 -31 -2
v 19 -30 -2
v 20 -31 -2
v 20 -30 -2
v 21 -30 -2
v 21 -31 -2
v -5 12 -1
v -5 13 -1
v -5 13 -2
v -4 13 -1
v -4 13 -2
v -3 13 -1
v -3 13 -2
v -2 13 -2
v -2 13 -1
v -2 12 -1
v -8 11 -2
v -8 11 -1
v -8 12 -1
v -8 12 -2
v -7 12 -1
v -7 12 -2
v -6 12 -1
v -6 12 -2
v -1 12 -1
v -1 12 -2
v 0 12 -1
v 0 12 -2
v 1 11 -2
v 1 12 -2
v 1 12 -1
v 1 11 -1
v -9 10 -2
v -9 10 -1
v -9 11 -1
v -9 11 -2
v 2 10 -2
v 2 11 -2
v 2 11 -1
v 2 10 -1
v -10 9 -2
v -10 9 -1
v -10 10 -1
v -10 10 -2
v 3 9 -2
v 3 10 -2
v 3 10 -1
v 3 9 -1
v -10 8 -2
v -10 8 -1
v 3 8 -2
v 3 8 -1
v -10 7 -2
v -10 7 -1
v 3 7 -2
v 3 7 -1
v -11 6 -2
v -11 6 -1
v -11 7 -1
v -11 7 -2
v -10 6 -2
v -10 6 -1
v 3 6 -2
v 4 6 -2
v 4 7 -2
v 4 7 -1
v 4 6 -1
v 3 6 -1
v -10 5 -2
v -10 5 -1
v 3 5 -2
v 3 5 -1
v -10 4 -2
v -10 4 -1
v 3 4 -2
v 3 4 -1
v -10 3 -2
v -10 3 -1
v -9 3 -2
v -9 3 -1
v 2 3 -2
v 3 3 -2
v 3 3 -1
v 2 3 -1
v -9 2 -2
v -9 2 -1
v -8 2 -2
v -8 2 -1
v 2 2 -1
v -8 1 -1
v 2 1 -1
v -8 0 -1
v 3 1 -1
v 3 0 -1
v 17 0 -1
v 17 1 -1
v 17 1 -2
v 18 1 -1
v 18 1 -2
v 19 1 -1
v 19 1 -2
v 20 1 -1
v 20 1 -2
v 21 1 -1
v 21 1 -2
v 22 1 -2
v 22 1 -1
v 22 0 -1
v -9 -1 -1
v -9 0 -1
v 4 0 -1
v 4 -1 -1
v 16 -1 -1
v 16 0 -1
v 16 0 -2
v 23 0 -1
v 24 0 -2
v 24 0 -1
v 24 -1 -1
v -9 -2 -1
v 4 -2 -1
v 15 -2 -1
v 15 -1 -1
v 15 -1 -2
v 25 -1 -2
v 25 -1 -1
v 25 -2 -1
v -10 -3 -1
v -10 -2 -1
v 5 -2 -1
v 5 -3 -1
v 15 -3 -1
v 26 -2 -2
v 26 -2 -1
v 26 -3 -1
v -10 -4 -1
v 5 -4 -1
v 14 -4 -1
v 14 -3 -1
v 14 -3 -2
v 27 -3 -2
v 27 -3 -1
v 27 -4 -1
v -10 -5 -1
v 5 -5 -1
v 14 -5 -1
v 27 -5 -1
v -11 -6 -1
v -11 -5 -1
v 6 -5 -1
v 6 -6 -1
v 13 -6 -1
v 13 -5 -1
v 27 -6 -1
v -11 -7 -1
v 6 -7 -1
v 13 -7 -1
v 27 -7 -1
v -11 -8 -1
v 6 -8 -1
v 12 -8 -1
v 12 -7 -1
v 27 -8 -1
v -11 -9 -1
v 6 -9 -1
v 12 -9 -1
v 27 -9 -1
v -11 -10 -1
v 6 -10 -1
v 12 -10 -1
v 27 -10 -2
v 27 -10 -1
v 26 -10 -1
v -11 -11 -1
v 6 -11 -1
v 11 -11 -1
v 11 -10 -1
v 12 -11 -1
v 26 -11 -1
v 25 -11 -1
v -12 -12 -2
v -12 -12 -1
v -12 -11 -1
v -12 -11 -2
v -11 -12 -1
v 7 -12 -2
v 7 -11 -2
v 7 -11 -1
v 7 -12 -1
v 6 -12 -1
v 11 -12 -1
v 12 -12 -1
v 25 -12 -1
v -11 -13 -1
v 6 -13 -1
v 11 -13 -1
v 12 -13 -1
v 25 -13 -1
v 24 -13 -1
v -11 -14 -1
v 6 -14 -1
v 11 -14 -1
v 12 -14 -1
v 24 -14 -1
v 23 -14 -1
v -11 -15 -1
v 6 -15 -1
v 11 -15 -1
v 12 -15 -1
v 23 -15 -1
v 22 -15 -1
v -11 -16 -1
v 6 -16 -1
v 11 -16 -1
v 12 -16 -1
v 13 -16 -1
v 13 -15 -1
v 22 -16 -1
v 21 -16 -1
v -11 -17 -1
v 6 -17 -1
v 10 -17 -1
v 10 -16 -1
v 11 -17 -1
v 12 -17 -1
v 13 -17 -1
v 21 -17 -1
v 20 -17 -1
v 20 -16 -1
v -11 -18 -1
v -10 -18 -1
v 6 -18 -1
v 7 -18 -1
v 7 -17 -1
v 8 -17 -1
v 8 -18 -1
v 9 -17 -1
v 9 -18 -1
v 10 -18 -1
v 11 -18 -1
v 12 -18 -1
v 13 -18 -1
v 14 -18 -1
v 14 -17 -1
v 15 -18 -1
v 15 -17 -1
v 19 -18 -1
v 18 -18 -1
v 19 -17 -1
v 18 -17 -1
v 20 -18 -1
v -10 -19 -1
v 5 -19 -1
v 6 -19 -1
v 5 -18 -1
v 7 -19 -1
v 8 -19 -1
v 9 -19 -1
v 10 -19 -1
v 11 -19 -1
v 12 -19 -1
v 13 -19 -1
v 14 -19 -1
v 15 -19 -1
v 16 -19 -1
v 16 -18 -1
v 17 -19 -1
v 17 -18 -1
v 18 -19 -1
v -11 -20 -1
v -11 -19 -1
v 6 -20 -1
v 7 -20 -1
v 8 -20 -1
v 9 -20 -1
v 10 -20 -1
v 11 -20 -1
v 12 -20 -1
v -12 -21 -1
v -12 -20 -1
v 7 -21 -1
v 8 -21 -1
v 9 -21 -1
v 10 -21 -1
v 11 -21 -1
v -13 -22 -1
v -13 -21 -1
v 9 -22 -1
v 8 -22 -1
v 10 -22 -1
v -13 -23 -1
v 8 -23 -1
v -13 -24 -1
v 8 -24 -1
v -13 -25 -1
v 8 -25 -1
v -13 -26 -1
v -12 -26 -1
v -1 -26 -1
v -2 -26 -1
v 0 -26 -1
v 8 -26 -1
v 7 -26 -1
v -12 -27 -1
v -11 -27 -1
v -3 -27 -1
v -4 -27 -1
v -2 -27 -2
v -2 -27 -1
v -3 -26 -1
v 0 -27 -1
v 1 -27 -1
v 7 -27 -1
v 6 -27 -1
v -11 -28 -1
v -10 -28 -1
v -9 -28 -1
v -8 -28 -1
v -7 -28 -1
v -6 -28 -1
v -5 -28 -1
v -4 -28 -1
v 1 -28 -1
v 2 -28 -1
v 3 -28 -1
v 4 -28 -1
v 5 -28 -1
v 6 -28 -1
v -20 -31 -1
v -20 -30 -1
v -19 -31 -1
v -19 -30 -1
v -18 -31 -1
v -18 -30 -1
v -17 -31 -1
v -17 -30 -1
v -16 -31 -1
v -16 -30 -1
v -15 -31 -1
v -15 -30 -1
v -14 -31 -1
v -14 -30 -1
v -13 -31 -1
v -13 -30 -1
v -12 -31 -1
v -12 -30 -1
v -11 -31 -1
v -11 -30 -1
v -10 -31 -1
v -10 -30 -1
v -9 -31 -1
v -9 -30 -1
v -8 -31 -1
v -8 -30 -1
v -7 -31 -1
v -7 -30 -1
v -6 -31 -1
v -6 -30 -1
v -5 -31 -1
v -5 -30 -1
v -4 -31 -1
v -4 -30 -1
v -3 -31 -1
v -3 -30 -1
v -2 -31 -1
v -2 -30 -1
v -1 -31 -1
v -1 -30 -1
v 0 -31 -1
v 0 -30 -1
v 1 -31 -1
v 1 -30 -1
v 2 -31 -1
v 2 -30 -1
v 3 -31 -1
v 3 -30 -1
v 4 -31 -1
v 4 -30 -1
v 5 -31 -1
v 5 -30 -1
v 6 -31 -1
v 6 -30 -1
v 7 -31 -1
v 7 -30 -1
v 8 -31 -1
v 8 -30 -1
v 9 -31 -1
v 9 -30 -1
v 10 -31 -1
v 10 -30 -1
v 11 -31 -1
v 11 -30 -1
v 12 -31 -1
v 12 -30 -1
v 13 -31 -1
v 13 -30 -1
v 14 -31 -1
v 14 -30 -1
v 15 -31 -1
v 15 -30 -1
v 16 -31 -1
v 16 -30 -1
v 17 -31 -1
v 17 -30 -1
v 18 -31 -1
v 18 -30 -1
v 19 -31 -1
v 19 -30 -1
v 20 -31 -1
v 20 -30 -1
v 21 -30 -1
v 21 -31 -1
v -7 12 0
v -7 13 0
v -7 13 -1
v -6 13 0
v -6 13 -1
v -5 13 0
v -4 13 0
v -3 13 0
v -2 13 0
v -1 13 0
v -1 13 -1
v 0 13 -1
v 0 13 0
v 0 12 0
v -9 11 0
v -9 12 0
v -9 12 -1
v -8 12 0
v 1 12 0
v 2 12 -1
v 2 12 0
v 2 11 0
v -10 10 0
v -10 11 0
v -10 11 -1
v 3 11 -1
v 3 11 0
v 3 10 0
v -11 9 -1
v -11 9 0
v -11 10 0
v -11 10 -1
v 4 9 -1
v 4 10 -1
v 4 10 0
v 4 9 0
v -11 8 -1
v -11 8 0
v 4 8 -1
v 4 8 0
v -11 7 0
v 4 7 0
v -11 6 0
v 4 6 0
v -11 5 -1
v -11 5 0
v 4 5 -1
v 4 5 0
v -11 4 -1
v -11 4 0
v 4 4 -1
v 4 4 0
v -11 3 -1
v -11 3 0
v -10 3 0
v 4 3 -1
v 4 3 0
v 3 3 0
v -10 2 -1
v -10 2 0
v -9 2 0
v 3 2 -1
v 3 2 0
v 2 2 0
v -9 1 -1
v -9 1 0
v -8 1 0
v 2 1 0
v 17 1 0
v 17 2 0
v 17 2 -1
v 18 2 0
v 18 2 -1
v 19 2 0
v 19 2 -1
v 20 2 0
v 20 2 -1
v 21 2 -1
v 21 2 0
v 21 1 0
v -8 0 0
v 3 1 0
v 3 0 0
v 16 0 0
v 16 1 0
v 16 1 -1
v 22 1 0
v 23 1 -1
v 23 1 0
v 23 0 0
v -9 -1 0
v -9 0 0
v -8 -1 0
v 4 0 0
v 4 -1 0
v 3 -1 0
v 15 -1 0
v 15 0 0
v 15 0 -1
v 24 0 0
v 24 -1 0
v -9 -2 0
v 4 -2 0
v 14 -2 -1
v 14 -2 0
v 14 -1 0
v 14 -1 -1
v 25 -1 0
v 25 -2 0
v -10 -3 0
v -10 -2 0
v -9 -3 0
v 5 -2 0
v 5 -3 0
v 4 -3 0
v 14 -3 0
v 26 -2 0
v 26 -3 0
v -10 -4 0
v 5 -4 0
v 14 -4 0
v 27 -3 0
v 27 -4 0
v -10 -5 0
v 5 -5 0
v 14 -5 0
v 27 -5 0
v -11 -6 0
v -11 -5 0
v 6 -5 0
v 6 -6 0
v 13 -6 0
v 13 -5 0
v 27 -6 0
v -11 -7 0
v 6 -7 0
v 13 -7 0
v 27 -7 0
v -11 -8 0
v 6 -8 0
v 12 -8 0
v 12 -7 0
v 13 -8 0
v 27 -8 0
v -11 -9 0
v 6 -9 0
v 12 -9 0
v 13 -9 0
v 27 -9 0
v -11 -10 0
v 6 -10 0
v 12 -10 0
v 27 -10 0
v 26 -10 0
v -11 -11 0
v 6 -11 0
v 12 -11 0
v 26 -11 0
v 25 -11 0
v -11 -12 0
v 6 -12 0
v 12 -12 0
v 25 -12 0
v -11 -13 0
v 6 -13 0
v 12 -13 0
v 25 -13 0
v 24 -13 0
v -11 -14 0
v 6 -14 0
v 12 -14 0
v 13 -14 0
v 13 -13 0
v 24 -14 0
v 23 -14 0
v -11 -15 0
v 6 -15 0
v 12 -15 0
v 13 -15 0
v 23 -15 0
v 22 -15 0
v 22 -14 0
v -11 -16 0
v 6 -16 0
v 13 -16 0
v 14 -16 0
v 14 -15 0
v 21 -16 0
v 20 -16 0
v 22 -16 0
v 21 -15 0
v -11 -17 0
v 6 -17 0
v 13 -17 0
v 14 -17 0
v 15 -17 0
v 15 -16 0
v 16 -17 0
v 16 -16 0
v 19 -17 0
v 18 -17 0
v 20 -17 0
v 19 -16 0
v -11 -18 0
v -10 -18 0
v 6 -18 0
v 5 -18 0
v 15 -18 0
v 16 -18 0
v 17 -18 0
v 17 -17 0
v 18 -18 0
v -10 -19 0
v 5 -19 0
v -11 -20 0
v -11 -19 0
v -10 -20 0
v 6 -19 0
v 6 -20 0
v -12 -21 0
v -12 -20 0
v 7 -20 0
v 7 -21 0
v -13 -22 0
v -13 -21 0
v -12 -22 0
v 8 -21 0
v 8 -22 0
v -13 -23 0
v 8 -23 0
v -13 -24 0
v 8 -24 0
v -13 -25 0
v 8 -25 0
v -13 -26 0
v -12 -26 0
v -12 -25 0
v -2 -26 0
v -3 -26 0
v -1 -26 0
v 0 -26 0
v 8 -26 0
v 7 -26 0
v -12 -27 0
v -11 -27 0
v -3 -27 0
v -4 -27 0
v 0 -27 0
v 1 -27 0
v 7 -27 0
v 6 -27 0
v -11 -28 0
v -10 -28 0
v -10 -27 0
v -9 -28 0
v -8 -28 0
v -7 -28 0
v -6 -28 0
v -5 -28 0
v -4 -28 0
v -5 -27 0
v 1 -28 0
v 2 -28 0
v 3 -28 0
v 4 -28 0
v 5 -28 0
v 6 -28 0
v -20 -31 0
v -20 -30 0
v -19 -31 0
v -19 -30 0
v -18 -31 0
v -18 -30 0
v -17 -31 0
v -17 -30 0
v -16 -31 0
v -16 -30 0
v -15 -31 0
v -15 -30 0
v -14 -31 0
v -14 -30 0
v -13 -31 0
v -13 -30 0
v -12 -31 0
v -12 -30 0
v -11 -31 0
v -11 -30 0
v -10 -31 0
v -10 -30 0
v -9 -31 0
v -9 -30 0
v -8 -31 0
v -8 -30 0
v -7 -31 0
v -7 -30 0
v -6 -31 0
v -6 -30 0
v -5 -31 0
v -5 -30 0
v -4 -31 0
v -4 -30 0
v -3 -31 0
v -3 -30 0
v -2 -31 0
v -2 -30 0
v -1 -31 0
v -1 -30 0
v 0 -31 0
v 0 -30 0
v 1 -31 0
v 1 -30 0
v 2 -31 0
v 2 -30 0
v 3 -31 0
v 3 -30 0
v 4 -31 0
v 4 -30 0
v 5 -31 0
v 5 -30 0
v 6 -31 0
v 6 -30 0
v 7 -31 0
v 7 -30 0
v 8 -31 0
v 8 -30 0
v 9 -31 0
v 9 -30 0
v 10 -31 0
v 10 -30 0
v 11 -31 0
v 11 -30 0
v 12 -31 0
v 12 -30 0
v 13 -31 0
v 13 -30 0
v 14 -31 0
v 14 -30 0
v 15 -31 0
v 15 -30 0
v 16 -31 0
v 16 -30 0
v 17 -31 0
v 17 -30 0
v 18 -31 0
v 18 -30 0
v 19 -31 0
v 19 -30 0
v 20 -31 0
v 20 -30 0
v 21 -30 0
v 21 -31 0
v -6 13 1
v -6 14 1
v -6 14 0
v -5 14 1
v -5 14 0
v -4 14 1
v -4 14 0
v -3 14 1
v -3 14 0
v -2 14 1
v -2 14 0
v -1 14 0
v -1 14 1
v -1 13 1
v -8 12 1
v -8 13 1
v -8 13 0
v -7 13 1
v 0 13 1
v 1 13 0
v 1 13 1
v 1 12 1
v -10 11 1
v -10 12 1
v -10 12 0
v -9 12 1
v 2 12 1
v 3 12 0
v 3 12 1
v 3 11 1
v -11 10 1
v -11 11 1
v -11 11 0
v 4 11 0
v 4 11 1
v 4 10 1
v -11 9 1
v 4 9 1
v -12 8 0
v -12 8 1
v -12 9 1
v -12 9 0
v 5 8 0
v 5 9 0
v 5 9 1
v 5 8 1
v -12 7 0
v -12 7 1
v 5 7 0
v 5 7 1
v -12 6 0
v -12 6 1
v 5 6 0
v 5 6 1
v -12 5 0
v -12 5 1
v 5 5 0
v 5 5 1
v -12 4 0
v -12 4 1
v -11 4 1
v 5 4 0
v 5 4 1
v 4 4 1
v -11 3 1
v 4 3 1
v -11 2 0
v -11 2 1
v -10 2 1
v 4 2 0
v 4 2 1
v 3 2 1
v 17 2 1
v 17 3 1
v 17 3 0
v 18 3 1
v 18 3 0
v 19 3 1
v 19 3 0
v 20 3 1
v 20 3 0
v 21 3 0
v 21 3 1
v 21 2 1
v -10 1 0
v -10 1 1
v -9 1 1
v -8 1 1
v 3 1 1
v 15 1 0
v 15 1 1
v 15 2 1
v 15 2 0
v 16 2 1
v 16 2 0
v 22 2 0
v 22 2 1
v 22 1 1
v -8 0 1
v 3 0 1
v 2 0 1
v 2 1 1
v 15 0 1
v 23 1 1
v 24 1 0
v 24 1 1
v 24 0 1
v -8 -1 1
v 3 -1 1
v 14 -1 1
v 14 0 1
v 14 0 0
v 25 0 0
v 25 0 1
v 25 -1 1
v -9 -2 1
v -9 -1 1
v 4 -1 1
v 4 -2 1
v 14 -2 1
v 25 -2 1
v -9 -3 1
v 4 -3 1
v 14 -3 1
v 26 -2 1
v 26 -3 1
v -10 -4 1
v -10 -3 1
v 5 -3 1
v 5 -4 1
v 13 -4 0
v 13 -4 1
v 13 -3 1
v 13 -3 0
v 27 -3 1
v 27 -4 1
v -10 -5 1
v 5 -5 1
v 13 -5 1
v 27 -5 1
v -11 -6 1
v -11 -5 1
v -10 -6 1
v 6 -5 1
v 6 -6 1
v 5 -6 1
v 13 -6 1
v 27 -6 1
v -11 -7 1
v 6 -7 1
v 13 -7 1
v 28 -7 0
v 28 -6 0
v 28 -6 1
v 28 -7 1
v 27 -7 1
v -11 -8 1
v 6 -8 1
v 13 -8 1
v 27 -8 1
v -11 -9 1
v 6 -9 1
v 13 -9 1
v 27 -9 1
v -11 -10 1
v 6 -10 1
v 12 -10 1
v 12 -9 1
v 13 -10 1
v 27 -10 1
v 26 -10 1
v -11 -11 1
v 6 -11 1
v 12 -11 1
v 13 -11 1
v 26 -11 1
v 25 -11 1
v -11 -12 1
v 6 -12 1
v 12 -12 1
v 13 -12 1
v 25 -12 1
v -11 -13 1
v 6 -13 1
v 12 -13 1
v 13 -13 1
v 25 -13 1
v 24 -13 1
v 24 -12 1
v -11 -14 1
v 6 -14 1
v 13 -14 1
v 14 -14 1
v 14 -13 1
v 23 -14 1
v 22 -14 1
v 24 -14 1
v 23 -13 1
v -11 -15 1
v 6 -15 1
v 13 -15 1
v 14 -15 1
v 15 -15 1
v 15 -14 1
v 22 -15 1
v 21 -15 1
v -11 -16 1
v 6 -16 1
v 14 -16 1
v 15 -16 1
v 16 -16 1
v 16 -15 1
v 20 -16 1
v 19 -16 1
v 20 -15 1
v 19 -15 1
v 21 -16 1
v -11 -17 1
v 6 -17 1
v 16 -17 1
v 17 -17 1
v 17 -16 1
v 18 -17 1
v 18 -16 1
v 19 -17 1
v -11 -18 1
v -10 -18 1
v -10 -17 1
v 6 -18 1
v 5 -18 1
v 5 -17 1
v -10 -19 1
v 5 -19 1
v -10 -20 1
v 6 -19 1
v 6 -20 1
v 5 -20 1
v -12 -21 1
v -12 -20 1
v -11 -20 1
v -11 -21 1
v 7 -20 1
v 7 -21 1
v 6 -21 1
v -12 -22 1
v 8 -21 1
v 8 -22 1
v 7 -22 1
v -13 -23 1
v -13 -22 1
v -12 -23 1
v 8 -23 1
v 7 -23 1
v -13 -24 1
v -12 -24 1
v 8 -24 1
v -13 -25 1
v -12 -25 1
v 8 -25 1
v 7 -25 1
v 7 -24 1
v -12 -26 1
v -2 -26 1
v -3 -26 1
v -1 -26 1
v 0 -26 1
v 0 -25 1
v -1 -25 1
v 8 -26 1
v 7 -26 1
v -12 -27 1
v -11 -27 1
v -11 -26 1
v -10 -27 1
v -4 -27 1
v -5 -27 1
v -3 -27 1
v -4 -26 1
v 0 -27 1
v 1 -27 1
v 1 -26 1
v 7 -27 1
v 6 -27 1
v 6 -26 1
v -10 -28 1
v -9 -28 1
v -9 -27 1
v -8 -28 1
v -7 -28 1
v -6 -28 1
v -5 -28 1
v -6 -27 1
v 1 -28 1
v 2 -28 1
v 2 -27 1
v 3 -28 1
v 3 -27 1
v 4 -28 1
v 5 -28 1
v 5 -27 1
v 4 -27 1
v 6 -28 1
v -20 -31 1
v -20 -30 1
v -19 -31 1
v -19 -30 1
v -18 -31 1
v -18 -30 1
v -17 -31 1
v -17 -30 1
v -16 -31 1
v -16 -30 1
v -15 -31 1
v -15 -30 1
v -14 -31 1
v -14 -30 1
v -13 -31 1
v -13 -30 1
v -12 -31 1
v -12 -30 1
v -11 -31 1
v -11 -30 1
v -10 -31 1
v -10 -30 1
v -9 -31 1
v -9 -30 1
v -8 -31 1
v -8 -30 1
v -7 -31 1
v -7 -30 1
v -6 -31 1
v -6 -30 1
v -5 -31 1
v -5 -30 1
v -4 -31 1
v -4 -30 1
v -3 -31 1
v -3 -30 1
v -2 -31 1
v -2 -30 1
v -1 -31 1
v -1 -30 1
v 0 -31 1
v 0 -30 1
v 1 -31 1
v 1 -30 1
v 2 -31 1
v 2 -30 1
v 3 -31 1
v 3 -30 1
v 4 -31 1
v 4 -30 1
v 5 -31 1
v 5 -30 1
v 6 -31 1
v 6 -30 1
v 7 -31 1
v 7 -30 1
v 8 -31 1
v 8 -30 1
v 9 -31 1
v 9 -30 1
v 10 -31 1
v 10 -30 1
v 11 -31 1
v 11 -30 1
v 12 -31 1
v 12 -30 1
v 13 -31 1
v 13 -30 1
v 14 -31 1
v 14 -30 1
v 15 -31 1
v 15 -30 1
v 16 -31 1
v 16 -30 1
v 17 -31 1
v 17 -30 1
v 18 -31 1
v 18 -30 1
v 19 -31 1
v 19 -30 1
v 20 -31 1
v 20 -30 1
v 21 -30 1
v 21 -31 1
v -14 23 1
v -14 23 2
v -14 24 2
v -14 24 1
v -13 23 1
v -13 24 1
v -13 24 2
v -13 23 2
v 6 23 1
v 6 23 2
v 6 24 2
v 6 24 1
v 7 23 1
v 7 24 1
v 7 24 2
v 7 23 2
v -13 22 1
v -13 22 2
v -12 22 1
v -12 23 1
v -12 23 2
v -12 22 2
v 5 22 1
v 5 22 2
v 5 23 2
v 5 23 1
v 6 22 1
v 6 22 2
v -13 21 1
v -13 21 2
v -12 21 1
v -12 21 2
v 5 21 1
v 5 21 2
v 6 21 1
v 6 21 2
v -14 20 1
v -14 20 2
v -14 21 2
v -14 21 1
v -13 20 1
v -12 20 1
v -11 20 1
v -11 21 1
v -11 21 2
v -11 20 2
v 4 20 1
v 4 20 2
v 4 21 2
v 4 21 1
v 5 20 1
v 6 20 1
v 7 20 1
v 7 21 1
v 7 21 2
v 7 20 2
v -14 19 1
v -14 19 2
v -13 19 1
v -13 19 2
v -12 19 1
v -11 19 1
v -11 19 2
v 4 19 1
v 4 19 2
v 5 19 1
v 6 19 1
v 7 19 1
v 7 19 2
v 6 19 2
v -13 18 1
v -13 18 2
v -12 18 1
v -11 18 1
v -10 18 1
v -10 19 1
v -10 19 2
v -10 18 2
v 3 18 1
v 3 18 2
v 3 19 2
v 3 19 1
v 4 18 1
v 5 18 1
v 6 18 1
v 6 18 2
v -14 17 1
v -14 17 2
v -14 18 2
v -14 18 1
v -13 17 1
v -12 17 1
v -11 17 1
v -10 17 1
v -9 17 1
v -9 18 1
v -9 18 2
v -9 17 2
v 2 17 1
v 2 17 2
v 2 18 2
v 2 18 1
v 3 17 1
v 4 17 1
v 5 17 1
v 6 17 1
v 7 17 1
v 7 18 1
v 7 18 2
v 7 17 2
v -14 16 1
v -14 16 2
v -13 16 1
v -12 16 1
v -11 16 1
v -10 16 1
v -9 16 1
v -9 16 2
v 2 16 1
v 2 16 2
v 3 16 1
v 4 16 1
v 5 16 1
v 6 16 1
v 7 16 1
v 7 16 2
v -14 15 1
v -14 15 2
v -13 15 1
v -12 15 1
v -11 15 1
v -10 15 1
v -9 15 1
v -9 15 2
v 2 15 1
v 2 15 2
v 3 15 1
v 4 15 1
v 5 15 1
v 6 15 1
v 7 15 1
v 7 15 2
v -14 14 1
v -14 14 2
v -13 14 1
v -12 14 1
v -11 14 1
v -10 14 1
v -9 14 1
v -8 15 2
v -8 15 1
v -8 14 1
v -7 14 1
v -7 15 1
v -7 15 2
v -7 14 2
v 0 14 1
v 0 14 2
v 0 15 2
v 0 15 1
v 1 15 2
v 1 15 1
v 1 14 1
v 2 14 1
v 3 14 1
v 4 14 1
v 5 14 1
v 6 14 1
v 7 14 1
v 7 14 2
v -14 13 1
v -14 13 2
v -13 13 1
v -12 13 1
v -11 13 1
v -10 13 1
v -9 13 1
v -6 14 2
v -5 14 2
v -4 14 2
v -3 14 2
v -2 14 2
v -1 14 2
v 2 13 1
v 3 13 1
v 4 13 1
v 5 13 1
v 6 13 1
v 7 13 1
v 7 13 2
v -14 12 1
v -14 12 2
v -13 12 1
v -12 12 1
v -11 12 1
v 4 12 1
v 5 12 1
v 6 12 1
v 7 12 1
v 7 12 2
v -15 11 1
v -15 11 2
v -15 12 2
v -15 12 1
v -14 11 1
v -14 11 2
v -13 11 1
v -13 11 2
v -12 11 1
v -12 11 2
v -11 11 2
v 5 11 1
v 5 11 2
v 4 11 2
v 6 11 1
v 6 11 2
v 7 11 1
v 7 11 2
v 8 11 1
v 8 12 1
v 8 12 2
v 8 11 2
v -11 10 2
v 4 10 2
v -12 9 2
v -12 10 2
v -12 10 1
v 5 10 1
v 5 10 2
v 5 9 2
v -12 8 2
v 5 8 2
v -12 7 2
v 5 7 2
v -12 6 2
v 5 6 2
v -12 5 2
v 5 5 2
v -12 4 2
v 5 4 2
v -12 3 1
v -12 3 2
v -11 3 2
v 5 3 1
v 5 3 2
v 4 3 2
v 16 3 1
v 16 3 2
v 16 4 2
v 16 4 1
v 17 4 2
v 17 4 1
v 18 4 2
v 18 4 1
v 19 4 2
v 19 4 1
v 20 4 1
v 20 4 2
v 20 3 2
v -11 2 2
v -10 2 2
v 4 2 2
v 3 2 2
v 15 2 2
v 15 3 2
v 15 3 1
v 21 3 2
v 22 3 1
v 22 3 2
v 22 2 2
v -10 1 2
v -9 1 2
v 3 1 2
v 2 1 2
v 14 1 1
v 14 1 2
v 14 2 2
v 14 2 1
v 23 2 1
v 23 2 2
v 23 1 2
v -9 0 1
v -9 0 2
v -8 0 2
v 2 0 2
v 14 0 2
v 24 1 2
v 24 0 2
v -8 -1 2
v 3 0 2
v 3 -1 2
v 2 -1 2
v 13 -1 1
v 13 -1 2
v 13 0 2
v 13 0 1
v 25 0 2
v 25 -1 2
v -9 -2 2
v -9 -1 2
v -8 -2 2
v 4 -1 2
v 4 -2 2
v 3 -2 2
v 13 -2 1
v 13 -2 2
v 26 -1 1
v 26 -1 2
v 26 -2 2
v 25 -2 2
v -9 -3 2
v 4 -3 2
v 13 -3 2
v 26 -3 2
v -10 -4 2
v -10 -3 2
v -9 -4 2
v 5 -3 2
v 5 -4 2
v 4 -4 2
v 13 -4 2
v 27 -3 2
v 27 -4 2
v -10 -5 2
v 5 -5 2
v 13 -5 2
v 27 -5 2
v -10 -6 2
v 5 -6 2
v 13 -6 2
v 27 -6 2
v -11 -7 2
v -11 -6 2
v -10 -7 2
v 6 -6 2
v 6 -7 2
v 5 -7 2
v 13 -7 2
v 27 -7 2
v -11 -8 2
v -10 -8 2
v 6 -8 2
v 5 -8 2
v 13 -8 2
v 14 -8 2
v 14 -7 2
v 27 -8 2
v -11 -9 2
v 6 -9 2
v 13 -9 2
v 14 -9 2
v 27 -9 2
v -11 -10 2
v 6 -10 2
v 13 -10 2
v 14 -10 2
v 27 -10 2
v 26 -10 2
v -11 -11 2
v 6 -11 2
v 13 -11 2
v 14 -11 2
v 26 -11 2
v 25 -11 2
v -11 -12 2
v 6 -12 2
v 13 -12 2
v 14 -12 2
v 25 -12 2
v 24 -12 2
v -11 -13 2
v 6 -13 2
v 13 -13 2
v 14 -13 2
v 15 -13 2
v 15 -12 2
v 24 -13 2
v 23 -13 2
v -11 -14 2
v 6 -14 2
v 14 -14 2
v 15 -14 2
v 23 -14 2
v 22 -14 2
v 22 -13 2
v -11 -15 2
v 6 -15 2
v 15 -15 2
v 16 -15 2
v 16 -14 2
v 17 -15 2
v 17 -14 2
v 20 -15 2
v 19 -15 2
v 20 -14 2
v 19 -14 2
v 21 -15 2
v 21 -14 2
v 22 -15 2
v -11 -16 2
v -10 -16 2
v -10 -15 2
v 6 -16 2
v 5 -16 2
v 5 -15 2
v 16 -16 2
v 17 -16 2
v 18 -16 2
v 18 -15 2
v 19 -16 2
v -11 -17 2
v -10 -17 2
v 6 -17 2
v 5 -17 2
v -10 -18 2
v 5 -18 2
v -10 -19 2
v 5 -19 2
v -10 -20 2
v -9 -20 2
v -9 -19 2
v 5 -20 2
v 4 -20 2
v 4 -19 2
v -11 -21 2
v -11 -20 2
v -10 -21 2
v 6 -20 2
v 6 -21 2
v 5 -21 2
v -12 -22 2
v -12 -21 2
v -11 -22 2
v 7 -21 2
v 7 -22 2
v 6 -22 2
v -12 -23 2
v 7 -23 2
v -12 -24 2
v 8 -23 2
v 8 -24 2
v 7 -24 2
v -12 -25 2
v 0 -25 2
v -1 -25 2
v 7 -25 2
v -12 -26 2
v -11 -26 2
v -11 -25 2
v -3 -26 2
v -4 -26 2
v -3 -25 2
v -4 -25 2
v -2 -26 2
v -2 -25 2
v -1 -26 2
v 0 -26 2
v 1 -26 2
v 1 -25 2
v 7 -26 2
v 6 -26 2
v 6 -25 2
v -11 -27 2
v -10 -27 2
v -10 -26 2
v -9 -27 2
v -5 -27 2
v -6 -27 2
v -4 -27 2
v -5 -26 2
v 1 -27 2
v 2 -27 2
v 2 -26 2
v 3 -27 2
v 5 -27 2
v 4 -27 2
v 6 -27 2
v 5 -26 2
v -9 -28 2
v -8 -28 2
v -8 -27 2
v -7 -28 2
v -7 -27 2
v -6 -28 2
v 3 -28 2
v 4 -28 2
v 0 -30 2
v 0 -29 2
v 0 -29 1
v 1 -29 1
v 1 -29 2
v 1 -30 2
v -21 -31 1
v -21 -31 2
v -21 -30 2
v -21 -30 1
v -20 -31 2
v -20 -30 2
v -19 -31 2
v -19 -30 2
v -18 -31 2
v -18 -30 2
v -17 -31 2
v -17 -30 2
v -16 -31 2
v -16 -30 2
v -15 -31 2
v -15 -30 2
v -14 -31 2
v -14 -30 2
v -13 -31 2
v -13 -30 2
v -12 -31 2
v -12 -30 2
v -11 -31 2
v -11 -30 2
v -10 -31 2
v -10 -30 2
v -9 -31 2
v -9 -30 2
v -8 -31 2
v -8 -30 2
v -7 -31 2
v -7 -30 2
v -6 -31 2
v -6 -30 2
v -5 -31 2
v -5 -30 2
v -4 -31 2
v -4 -30 2
v -3 -31 2
v -3 -30 2
v -2 -31 2
v -2 -30 2
v -1 -31 2
v -1 -30 2
v 0 -31 2
v 2 -31 2
v 1 -31 2
v 2 -30 2
v 3 -31 2
v 3 -30 2
v 4 -31 2
v 4 -30 2
v 5 -31 2
v 5 -30 2
v 6 -31 2
v 6 -30 2
v 7 -31 2
v 7 -30 2
v 8 -31 2
v 8 -30 2
v 9 -31 2
v 9 -30 2
v 10 -31 2
v 10 -30 2
v 11 -31 2
v 11 -30 2
v 12 -31 2
v 12 -30 2
v 13 -31 2
v 13 -30 2
v 14 -31 2
v 14 -30 2
v 15 -31 2
v 15 -30 2
v 16 -31 2
v 16 -30 2
v 17 -31 2
v 17 -30 2
v 18 -31 2
v 18 -30 2
v 19 -31 2
v 19 -30 2
v 20 -31 2
v 20 -30 2
v 21 -31 2
v 21 -30 2
v 22 -31 1
v 22 -30 1
v 22 -30 2
v 22 -31 2
v 0 -32 1
v 0 -32 2
v 1 -32 1
v 1 -32 2
v -14 23 3
v -14 24 3
v -13 24 3
v -13 23 3
v 6 23 3
v 6 24 3
v 7 24 3
v 7 23 3
v -13 22 3
v -12 23 3
v -12 22 3
v 5 22 3
v 5 23 3
v 6 22 3
v -13 21 3
v -12 21 3
v 5 21 3
v 6 21 3
v -14 20 3
v -14 21 3
v -11 21 3
v -11 20 3
v 4 20 3
v 4 21 3
v 7 21 3
v 7 20 3
v -14 19 3
v -13 19 3
v -11 19 3
v 4 19 3
v 7 19 3
v 6 19 3
v -13 18 3
v -10 19 3
v -10 18 3
v 3 18 3
v 3 19 3
v 6 18 3
v -14 17 3
v -14 18 3
v -9 18 3
v -9 17 3
v 2 17 3
v 2 18 3
v 7 18 3
v 7 17 3
v -14 16 3
v -9 16 3
v 2 16 3
v 7 16 3
v -14 15 3
v -9 15 3
v 2 15 3
v 7 15 3
v -14 14 3
v -8 15 3
v -7 15 3
v -7 14 3
v 0 14 3
v 0 15 3
v 1 15 3
v 7 14 3
v -14 13 3
v -6 14 3
v -5 14 3
v -4 14 3
v -3 14 3
v -2 14 3
v -1 14 3
v 7 13 3
v -14 12 3
v 7 12 3
v -15 11 3
v -15 12 3
v -14 11 3
v -13 11 3
v -12 11 3
v -11 11 3
v 5 11 3
v 4 11 3
v 6 11 3
v 7 11 3
v 8 12 3
v 8 11 3
v -11 10 3
v 4 10 3
v -12 9 3
v -12 10 3
v 5 10 3
v 5 9 3
v -12 8 3
v 5 8 3
v -12 7 3
v 5 7 3
v -12 6 3
v 5 6 3
v -12 5 3
v 5 5 3
v -12 4 3
v 5 4 3
v 16 4 3
v 16 5 3
v 16 5 2
v 17 5 3
v 17 5 2
v 18 5 3
v 18 5 2
v 19 5 2
v 19 5 3
v 19 4 3
v -12 3 3
v -11 3 3
v 5 3 3
v 4 3 3
v 15 3 3
v 15 4 3
v 15 4 2
v 20 4 3
v 21 4 2
v 21 4 3
v 21 3 3
v -11 2 3
v -10 2 3
v 4 2 3
v 3 2 3
v 14 2 3
v 14 3 3
v 14 3 2
v 22 3 3
v 22 2 3
v -10 1 3
v -9 1 3
v 3 1 3
v 2 1 3
v 13 1 2
v 13 1 3
v 13 2 3
v 13 2 2
v 23 2 3
v 23 1 3
v -9 0 3
v -8 0 3
v 2 0 3
v 13 0 3
v 24 1 3
v 24 0 3
v -8 -1 3
v 2 -1 3
v 13 -1 3
v 25 0 3
v 25 -1 3
v -8 -2 3
v -7 -2 3
v -7 -1 3
v 3 -1 3
v 3 -2 3
v 2 -2 3
v 13 -2 3
v 25 -2 3
v -9 -3 3
v -9 -2 3
v -8 -3 3
v 4 -2 3
v 4 -3 3
v 3 -3 3
v 13 -3 3
v 26 -2 3
v 26 -3 3
v -9 -4 3
v 4 -4 3
v 13 -4 3
v 27 -3 3
v 27 -4 3
v 26 -4 3
v -10 -5 3
v -10 -4 3
v -9 -5 3
v 5 -4 3
v 5 -5 3
v 4 -5 3
v 13 -5 3
v 27 -5 3
v -10 -6 3
v -9 -6 3
v 5 -6 3
v 4 -6 3
v 13 -6 3
v 27 -6 3
v -10 -7 3
v 5 -7 3
v 13 -7 3
v 14 -7 3
v 14 -6 3
v 27 -7 3
v -10 -8 3
v 5 -8 3
v 14 -8 3
v 27 -8 3
v -11 -9 3
v -11 -8 3
v -10 -9 3
v 6 -8 3
v 6 -9 3
v 5 -9 3
v 14 -9 3
v 27 -9 3
v -11 -10 3
v -10 -10 3
v 6 -10 3
v 5 -10 3
v 14 -10 3
v 27 -10 3
v 26 -10 3
v 26 -9 3
v -11 -11 3
v -10 -11 3
v 6 -11 3
v 5 -11 3
v 14 -11 3
v 15 -11 3
v 15 -10 3
v 26 -11 3
v 25 -11 3
v 25 -10 3
v -11 -12 3
v -10 -12 3
v 6 -12 3
v 5 -12 3
v 14 -12 3
v 15 -12 3
v 25 -12 3
v 24 -12 3
v 24 -11 3
v -11 -13 3
v -10 -13 3
v 6 -13 3
v 5 -13 3
v 15 -13 3
v 16 -13 3
v 16 -12 3
v 23 -13 3
v 22 -13 3
v 24 -13 3
v 23 -12 3
v -11 -14 3
v -10 -14 3
v 6 -14 3
v 5 -14 3
v 15 -14 3
v 16 -14 3
v 17 -14 3
v 17 -13 3
v 18 -14 3
v 18 -13 3
v 19 -14 3
v 19 -13 3
v 20 -14 3
v 20 -13 3
v 21 -14 3
v 21 -13 3
v 22 -14 3
v -11 -15 3
v -10 -15 3
v 6 -15 3
v 5 -15 3
v 17 -15 3
v 18 -15 3
v 19 -15 3
v -10 -16 3
v 5 -16 3
v -10 -17 3
v 5 -17 3
v -10 -18 3
v -9 -18 3
v -9 -17 3
v 5 -18 3
v 4 -18 3
v 4 -17 3
v -10 -19 3
v -9 -19 3
v 5 -19 3
v 4 -19 3
v -9 -20 3
v 4 -20 3
v -10 -21 3
v -10 -20 3
v -9 -21 3
v -8 -21 3
v -8 -20 3
v 3 -21 3
v 4 -21 3
v 3 -20 3
v 5 -20 3
v 5 -21 3
v -11 -22 3
v -11 -21 3
v -10 -22 3
v -9 -22 3
v 6 -21 3
v 6 -22 3
v 5 -22 3
v -12 -23 3
v -12 -22 3
v -11 -23 3
v -10 -23 3
v 7 -22 3
v 7 -23 3
v 6 -23 3
v -12 -24 3
v -11 -24 3
v 0 -24 3
v 1 -24 3
v 1 -23 3
v 0 -23 3
v 7 -24 3
v 6 -24 3
v -12 -25 3
v -11 -25 3
v -10 -25 3
v -10 -24 3
v -5 -25 3
v -4 -25 3
v -4 -24 3
v -5 -24 3
v -3 -25 3
v -3 -24 3
v -2 -25 3
v -2 -24 3
v -1 -25 3
v -1 -24 3
v 0 -25 3
v 1 -25 3
v 7 -25 3
v 6 -25 3
v -11 -26 3
v -10 -26 3
v -9 -26 3
v -9 -25 3
v -6 -26 3
v -5 -26 3
v -6 -25 3
v -4 -26 3
v 1 -26 3
v 2 -26 3
v 2 -25 3
v 6 -26 3
v 5 -26 3
v 5 -25 3
v -10 -27 3
v -9 -27 3
v -8 -27 3
v -8 -26 3
v -7 -27 3
v -7 -26 3
v -6 -27 3
v -5 -27 3
v 2 -27 3
v 3 -27 3
v 3 -26 3
v 4 -27 3
v 4 -26 3
v 5 -27 3
v -20 -31 3
v -20 -30 3
v -19 -31 3
v -19 -30 3
v -18 -31 3
v -18 -30 3
v -17 -31 3
v -17 -30 3
v -16 -31 3
v -16 -30 3
v -15 -31 3
v -15 -30 3
v -14 -31 3
v -14 -30 3
v -13 -31 3
v -13 -30 3
v -12 -31 3
v -12 -30 3
v -11 -31 3
v -11 -30 3
v -10 -31 3
v -10 -30 3
v -9 -31 3
v -9 -30 3
v -8 -31 3
v -8 -30 3
v -7 -31 3
v -7 -30 3
v -6 -31 3
v -6 -30 3
v -5 -31 3
v -5 -30 3
v -4 -31 3
v -4 -30 3
v -3 -31 3
v -3 -30 3
v -2 -31 3
v -2 -30 3
v -1 -31 3
v -1 -30 3
v 0 -31 3
v 0 -30 3
v 1 -31 3
v 1 -30 3
v 2 -31 3
v 2 -30 3
v 3 -31 3
v 3 -30 3
v 4 -31 3
v 4 -30 3
v 5 -31 3
v 5 -30 3
v 6 -31 3
v 6 -30 3
v 7 -31 3
v 7 -30 3
v 8 -31 3
v 8 -30 3
v 9 -31 3
v 9 -30 3
v 10 -31 3
v 10 -30 3
v 11 -31 3
v 11 -30 3
v 12 -31 3
v 12 -30 3
v 13 -31 3
v 13 -30 3
v 14 -31 3
v 14 -30 3
v 15 -31 3
v 15 -30 3
v 16 -31 3
v 16 -30 3
v 17 -31 3
v 17 -30 3
v 18 -31 3
v 18 -30 3
v 19 -31 3
v 19 -30 3
v 20 -31 3
v 20 -30 3
v 21 -30 3
v 21 -31 3
v -14 23 4
v -14 24 4
v -13 24 4
v -13 23 4
v 6 23 4
v 6 24 4
v 7 24 4
v 7 23 4
v -13 22 4
v -12 23 4
v -12 22 4
v 5 22 4
v 5 23 4
v 6 22 4
v -13 21 4
v -12 21 4
v 5 21 4
v 6 21 4
v -14 20 4
v -14 21 4
v -11 21 4
v -11 20 4
v 4 20 4
v 4 21 4
v 7 21 4
v 7 20 4
v -14 19 4
v -13 19 4
v -11 19 4
v 4 19 4
v 7 19 4
v 6 19 4
v -13 18 4
v -10 19 4
v -10 18 4
v 3 18 4
v 3 19 4
v 6 18 4
v -14 17 4
v -14 18 4
v -9 18 4
v -9 17 4
v 2 17 4
v 2 18 4
v 7 18 4
v 7 17 4
v -14 16 4
v -9 16 4
v 2 16 4
v 7 16 4
v -14 15 4
v -9 15 4
v 2 15 4
v 7 15 4
v -14 14 4
v -8 15 4
v -7 15 4
v -7 14 4
v -4 14 4
v -4 15 4
v -4 15 3
v -3 15 3
v -3 15 4
v -3 14 4
v 0 14 4
v 0 15 4
v 1 15 4
v 7 14 4
v -14 13 4
v -6 14 4
v -5 14 4
v -2 14 4
v -1 14 4
v 7 13 4
v -14 12 4
v 7 12 4
v -15 11 4
v -15 12 4
v -14 11 4
v -13 11 4
v -12 11 4
v -11 11 4
v 5 11 4
v 4 11 4
v 6 11 4
v 7 11 4
v 8 12 4
v 8 11 4
v -11 10 4
v 4 10 4
v -12 9 4
v -12 10 4
v 5 10 4
v 5 9 4
v -12 8 4
v 5 8 4
v -12 7 4
v 5 7 4
v -13 6 3
v -13 6 4
v -13 7 4
v -13 7 3
v -12 6 4
v 6 6 3
v 6 7 3
v 6 7 4
v 6 6 4
v 5 6 4
v -12 5 4
v 5 5 4
v 16 5 4
v 16 6 4
v 16 6 3
v 17 6 4
v 17 6 3
v 18 6 3
v 18 6 4
v 18 5 4
v -12 4 4
v 5 4 4
v 14 4 3
v 14 4 4
v 14 5 4
v 14 5 3
v 15 5 4
v 15 5 3
v 19 5 4
v 20 5 4
v 20 5 3
v 21 5 3
v 21 5 4
v 21 4 4
v -12 3 4
v -11 3 4
v 5 3 4
v 4 3 4
v 14 3 4
v 22 4 3
v 22 4 4
v 22 3 4
v -11 2 4
v 4 2 4
v 13 2 4
v 13 3 4
v 13 3 3
v 23 3 3
v 23 3 4
v 23 2 4
v -11 1 3
v -11 1 4
v -10 1 4
v -10 2 4
v -9 1 4
v 3 1 4
v 2 1 4
v 4 1 3
v 4 1 4
v 3 2 4
v 13 1 4
v 24 2 3
v 24 2 4
v 24 1 4
v -9 0 4
v -8 0 4
v 2 0 4
v 13 0 4
v 24 0 4
v -8 -1 4
v -7 -1 4
v 2 -1 4
v 1 -1 4
v 1 0 4
v 13 -1 4
v 25 0 4
v 25 -1 4
v -7 -2 4
v 2 -2 4
v 13 -2 4
v 25 -2 4
v -8 -3 4
v -8 -2 4
v -7 -3 4
v 3 -2 4
v 3 -3 4
v 2 -3 4
v 13 -3 4
v 26 -2 4
v 26 -3 4
v 25 -3 4
v -9 -4 4
v -9 -3 4
v -8 -4 4
v 4 -3 4
v 4 -4 4
v 3 -4 4
v 13 -4 4
v 26 -4 4
v -9 -5 4
v -8 -5 4
v 4 -5 4
v 3 -5 4
v 13 -5 4
v 27 -4 4
v 27 -5 4
v 26 -5 4
v -9 -6 4
v 4 -6 4
v 13 -6 4
v 14 -6 4
v 14 -5 4
v 27 -6 4
v 26 -6 4
v -10 -7 4
v -10 -6 4
v -9 -7 4
v 5 -6 4
v 5 -7 4
v 4 -7 4
v 14 -7 4
v 27 -7 4
v 26 -7 4
v -10 -8 4
v -9 -8 4
v 5 -8 4
v 4 -8 4
v 14 -8 4
v 27 -8 4
v 26 -8 4
v -10 -9 4
v -9 -9 4
v 5 -9 4
v 4 -9 4
v 14 -9 4
v 15 -9 4
v 15 -8 4
v 27 -9 4
v 26 -9 4
v -10 -10 4
v 5 -10 4
v 14 -10 4
v 15 -10 4
v 26 -10 4
v 25 -10 4
v 25 -9 4
v -10 -11 4
v 5 -11 4
v 15 -11 4
v 16 -11 4
v 16 -10 4
v 25 -11 4
v 24 -11 4
v -10 -12 4
v 5 -12 4
v 15 -12 4
v 16 -12 4
v 17 -12 4
v 17 -11 4
v 24 -12 4
v 23 -12 4
v 23 -11 4
v -10 -13 4
v 5 -13 4
v 16 -13 4
v 17 -13 4
v 18 -13 4
v 18 -12 4
v 19 -13 4
v 19 -12 4
v 20 -13 4
v 20 -12 4
v 21 -13 4
v 21 -12 4
v 22 -13 4
v 22 -12 4
v 23 -13 4
v -10 -14 4
v 5 -14 4
v -10 -15 4
v -9 -15 4
v -9 -14 4
v 5 -15 4
v 4 -15 4
v 4 -14 4
v -10 -16 4
v -9 -16 4
v 5 -16 4
v 4 -16 4
v -10 -17 4
v -9 -17 4
v 5 -17 4
v 4 -17 4
v -9 -18 4
v 4 -18 4
v -9 -19 4
v -8 -19 4
v -8 -18 4
v 4 -19 4
v 3 -19 4
v 3 -18 4
v -9 -20 4
v -8 -20 4
v 4 -20 4
v 3 -20 4
v -8 -21 4
v -7 -21 4
v -7 -20 4
v 3 -21 4
v 2 -21 4
v 2 -20 4
v -9 -22 4
v -9 -21 4
v -8 -22 4
v -7 -22 4
v -6 -22 4
v -6 -21 4
v 1 -22 4
v 2 -22 4
v 1 -21 4
v 3 -22 4
v 4 -21 4
v 4 -22 4
v 5 -21 4
v 5 -22 4
v -10 -23 4
v -10 -22 4
v -9 -23 4
v -8 -23 4
v -7 -23 4
v -6 -23 4
v -5 -23 4
v -5 -22 4
v 1 -23 4
v 0 -23 4
v 0 -22 4
v 2 -23 4
v 3 -23 4
v 4 -23 4
v 5 -23 4
v 6 -22 4
v 6 -23 4
v -11 -24 4
v -11 -23 4
v -10 -24 4
v -9 -24 4
v -8 -24 4
v -7 -24 4
v -6 -24 4
v -5 -24 4
v -4 -24 4
v -4 -23 4
v -3 -24 4
v -3 -23 4
v -2 -24 4
v -1 -24 4
v -1 -23 4
v -2 -23 4
v 0 -24 4
v 1 -24 4
v 2 -24 4
v 3 -24 4
v 4 -24 4
v 5 -24 4
v 6 -24 4
v -10 -25 4
v -9 -25 4
v -8 -25 4
v -7 -25 4
v -6 -25 4
v -5 -25 4
v 1 -25 4
v 2 -25 4
v 3 -25 4
v 4 -25 4
v 5 -25 4
v 6 -25 4
v -9 -26 4
v -8 -26 4
v -7 -26 4
v -6 -26 4
v 2 -26 4
v 3 -26 4
v 4 -26 4
v 5 -26 4
v -20 -31 4
v -20 -30 4
v -19 -31 4
v -19 -30 4
v -18 -31 4
v -18 -30 4
v -17 -31 4
v -17 -30 4
v -16 -31 4
v -16 -30 4
v -15 -31 4
v -15 -30 4
v -14 -31 4
v -14 -30 4
v -13 -31 4
v -13 -30 4
v -12 -31 4
v -12 -30 4
v -11 -31 4
v -11 -30 4
v -10 -31 4
v -10 -30 4
v -9 -31 4
v -9 -30 4
v -8 -31 4
v -8 -30 4
v -7 -31 4
v -7 -30 4
v -6 -31 4
v -6 -30 4
v -5 -31 4
v -5 -30 4
v -4 -31 4
v -4 -30 4
v -3 -31 4
v -3 -30 4
v -2 -31 4
v -2 -30 4
v -1 -31 4
v -1 -30 4
v 0 -31 4
v 0 -30 4
v 1 -31 4
v 1 -30 4
v 2 -31 4
v 2 -30 4
v 3 -31 4
v 3 -30 4
v 4 -31 4
v 4 -30 4
v 5 -31 4
v 5 -30 4
v 6 -31 4
v 6 -30 4
v 7 -31 4
v 7 -30 4
v 8 -31 4
v 8 -30 4
v 9 -31 4
v 9 -30 4
v 10 -31 4
v 10 -30 4
v 11 -31 4
v 11 -30 4
v 12 -31 4
v 12 -30 4
v 13 -31 4
v 13 -30 4
v 14 -31 4
v 14 -30 4
v 15 -31 4
v 15 -30 4
v 16 -31 4
v 16 -30 4
v 17 -31 4
v 17 -30 4
v 18 -31 4
v 18 -30 4
v 19 -31 4
v 19 -30 4
v 20 -31 4
v 20 -30 4
v 21 -30 4
v 21 -31 4
v -14 23 5
v -14 24 5
v -13 24 5
v -13 23 5
v 6 23 5
v 6 24 5
v 7 24 5
v 7 23 5
v -13 22 5
v -12 23 5
v -12 22 5
v 5 22 5
v 5 23 5
v 6 22 5
v -13 21 5
v -12 21 5
v 5 21 5
v 6 21 5
v -14 20 5
v -14 21 5
v -13 20 5
v -11 21 5
v -11 20 5
v -12 20 5
v 4 20 5
v 4 21 5
v 5 20 5
v 7 21 5
v 7 20 5
v 6 20 5
v -14 19 5
v -13 19 5
v -11 19 5
v -12 19 5
v 4 19 5
v 5 19 5
v 7 19 5
v 6 19 5
v -13 18 5
v -12 18 5
v -10 19 5
v -10 18 5
v -11 18 5
v 3 18 5
v 3 19 5
v 4 18 5
v 6 18 5
v 5 18 5
v -14 17 5
v -14 18 5
v -13 17 5
v -12 17 5
v -11 17 5
v -10 17 5
v -9 18 5
v -9 17 5
v 2 17 5
v 2 18 5
v 3 17 5
v 4 17 5
v 5 17 5
v 6 17 5
v 7 18 5
v 7 17 5
v -14 16 5
v -13 16 5
v -12 16 5
v -11 16 5
v -10 16 5
v -9 16 5
v 2 16 5
v 3 16 5
v 4 16 5
v 5 16 5
v 6 16 5
v 7 16 5
v -14 15 5
v -13 15 5
v -12 15 5
v -11 15 5
v -10 15 5
v -9 15 5
v 2 15 5
v 3 15 5
v 4 15 5
v 5 15 5
v 6 15 5
v 7 15 5
v -14 14 5
v -13 14 5
v -12 14 5
v -11 14 5
v -10 14 5
v -9 14 5
v -8 15 5
v -8 14 5
v -7 15 5
v -7 14 5
v 0 14 5
v 0 15 5
v 1 15 5
v 1 14 5
v 2 14 5
v 3 14 5
v 4 14 5
v 5 14 5
v 6 14 5
v 7 14 5
v -14 13 5
v -13 13 5
v -12 13 5
v -11 13 5
v -10 13 5
v -9 13 5
v -8 13 5
v -7 13 5
v -6 14 5
v -5 14 5
v -4 14 5
v -3 14 5
v -2 14 5
v -1 14 5
v 0 13 5
v 1 13 5
v 2 13 5
v 3 13 5
v 4 13 5
v 5 13 5
v 6 13 5
v 7 13 5
v -14 12 5
v -13 12 5
v -12 12 5
v -11 12 5
v -10 12 5
v -9 12 5
v 2 12 5
v 3 12 5
v 4 12 5
v 5 12 5
v 6 12 5
v 7 12 5
v -15 11 5
v -15 12 5
v -14 11 5
v -13 11 5
v -12 11 5
v -11 11 5
v 5 11 5
v 4 11 5
v 6 11 5
v 7 11 5
v 8 12 5
v 8 11 5
v -11 10 5
v 4 10 5
v -12 9 5
v -12 10 5
v 5 10 5
v 5 9 5
v -12 8 5
v 5 8 5
v -12 7 5
v 5 7 5
v -12 6 5
v 5 6 5
v 16 6 5
v 16 7 5
v 16 7 4
v 17 7 4
v 17 7 5
v 17 6 5
v -12 5 5
v 5 5 5
v 14 5 5
v 14 6 5
v 14 6 4
v 15 6 5
v 15 6 4
v 18 6 5
v 19 6 5
v 19 6 4
v 20 6 4
v 20 6 5
v 20 5 5
v -12 4 5
v 5 4 5
v 13 4 4
v 13 4 5
v 13 5 5
v 13 5 4
v 21 5 5
v 21 4 5
v -12 3 5
v -11 3 5
v 5 3 5
v 4 3 5
v 13 3 5
v 22 4 5
v 22 3 5
v -11 2 5
v -10 2 5
v 4 2 5
v 3 2 5
v 13 2 5
v 23 3 5
v 23 2 5
v -10 1 5
v -9 1 5
v 3 1 5
v 2 1 5
v 12 1 4
v 12 1 5
v 12 2 5
v 12 2 4
v 24 2 5
v 24 1 5
v -9 0 5
v -8 0 5
v 2 0 5
v 1 0 5
v 12 0 4
v 12 0 5
v 24 0 5
v -8 -1 5
v -7 -1 5
v 1 -1 5
v 12 -1 4
v 12 -1 5
v 25 0 5
v 25 -1 5
v 24 -1 5
v -7 -2 5
v 2 -1 5
v 2 -2 5
v 12 -2 4
v 12 -2 5
v 13 -2 5
v 25 -2 5
v -7 -3 5
v 2 -3 5
v 13 -3 5
v 25 -3 5
v -8 -4 5
v -8 -3 5
v 3 -3 5
v 3 -4 5
v 13 -4 5
v 26 -3 5
v 26 -4 5
v 25 -4 5
v -8 -5 5
v 3 -5 5
v 13 -5 5
v 14 -5 5
v 26 -5 5
v 25 -5 5
v -9 -6 5
v -9 -5 5
v 4 -5 5
v 4 -6 5
v 14 -6 5
v 26 -6 5
v 25 -6 5
v -9 -7 5
v 4 -7 5
v 14 -7 5
v 26 -7 5
v 25 -7 5
v -9 -8 5
v 4 -8 5
v 14 -8 5
v 15 -8 5
v 15 -7 5
v 26 -8 5
v 25 -8 5
v -9 -9 5
v 4 -9 5
v 15 -9 5
v 16 -9 5
v 16 -8 5
v 26 -9 5
v 25 -9 5
v -10 -10 5
v -10 -9 5
v -9 -10 5
v 5 -9 5
v 5 -10 5
v 4 -10 5
v 15 -10 5
v 16 -10 5
v 17 -10 5
v 17 -9 5
v 25 -10 5
v 24 -10 5
v 24 -9 5
v -10 -11 5
v -9 -11 5
v 5 -11 5
v 4 -11 5
v 16 -11 5
v 17 -11 5
v 18 -11 5
v 18 -10 5
v 24 -11 5
v 23 -11 5
v 23 -10 5
v 25 -11 5
v -10 -12 5
v -9 -12 5
v 5 -12 5
v 4 -12 5
v 17 -12 5
v 18 -12 5
v 19 -12 5
v 19 -11 5
v 20 -12 5
v 20 -11 5
v 21 -12 5
v 21 -11 5
v 22 -12 5
v 22 -11 5
v 23 -12 5
v -10 -13 5
v -9 -13 5
v 5 -13 5
v 4 -13 5
v -10 -14 5
v -9 -14 5
v 5 -14 5
v 4 -14 5
v -9 -15 5
v 4 -15 5
v -9 -16 5
v -8 -16 5
v -8 -15 5
v 4 -16 5
v 3 -16 5
v 3 -15 5
v -9 -17 5
v -8 -17 5
v 4 -17 5
v 3 -17 5
v -9 -18 5
v -8 -18 5
v 4 -18 5
v 3 -18 5
v -8 -19 5
v -7 -19 5
v -7 -18 5
v 3 -19 5
v 2 -19 5
v 2 -18 5
v -8 -20 5
v -7 -20 5
v 3 -20 5
v 2 -20 5
v -7 -21 5
v -6 -21 5
v -6 -20 5
v 2 -21 5
v 1 -21 5
v 1 -20 5
v -6 -22 5
v -5 -22 5
v -5 -21 5
v 1 -22 5
v 0 -22 5
v 0 -21 5
v -5 -23 5
v -4 -23 5
v -4 -22 5
v -3 -23 5
v -3 -22 5
v -2 -23 5
v -2 -22 5
v -1 -23 5
v -1 -22 5
v 0 -23 5
v -8 -24 5
v -8 -23 5
v -7 -23 5
v -7 -24 5
v -3 -24 5
v -2 -24 5
v 3 -24 5
v 3 -23 5
v 4 -23 5
v 4 -24 5
v -20 -31 5
v -20 -30 5
v -19 -31 5
v -19 -30 5
v -18 -31 5
v -18 -30 5
v -17 -31 5
v -17 -30 5
v -16 -31 5
v -16 -30 5
v -15 -31 5
v -15 -30 5
v -14 -31 5
v -14 -30 5
v -13 -31 5
v -13 -30 5
v -12 -31 5
v -12 -30 5
v -11 -31 5
v -11 -30 5
v -10 -31 5
v -10 -30 5
v -9 -31 5
v -9 -30 5
v -8 -31 5
v -8 -30 5
v -7 -31 5
v -7 -30 5
v -6 -31 5
v -6 -30 5
v -5 -31 5
v -5 -30 5
v -4 -31 5
v -4 -30 5
v -3 -31 5
v -3 -30 5
v -2 -31 5
v -2 -30 5
v -1 -31 5
v -1 -30 5
v 0 -31 5
v 0 -30 5
v 1 -31 5
v 1 -30 5
v 2 -31 5
v 2 -30 5
v 3 -31 5
v 3 -30 5
v 4 -31 5
v 4 -30 5
v 5 -31 5
v 5 -30 5
v 6 -31 5
v 6 -30 5
v 7 -31 5
v 7 -30 5
v 8 -31 5
v 8 -30 5
v 9 -31 5
v 9 -30 5
v 10 -31 5
v 10 -30 5
v 11 -31 5
v 11 -30 5
v 12 -31 5
v 12 -30 5
v 13 -31 5
v 13 -30 5
v 14 -31 5
v 14 -30 5
v 15 -31 5
v 15 -30 5
v 16 -31 5
v 16 -30 5
v 17 -31 5
v 17 -30 5
v 18 -31 5
v 18 -30 5
v 19 -31 5
v 19 -30 5
v 20 -31 5
v 20 -30 5
v 21 -30 5
v 21 -31 5
v -13 20 6
v -13 21 6
v -12 21 6
v -12 20 6
v 5 20 6
v 5 21 6
v 6 21 6
v 6 20 6
v -13 19 6
v -12 19 6
v 5 19 6
v 6 19 6
v -12 18 6
v -11 19 6
v -11 18 6
v 4 18 6
v 4 19 6
v 5 18 6
v -12 17 6
v -11 17 6
v 4 17 6
v 5 17 6
v -12 16 6
v -11 16 6
v 4 16 6
v 5 16 6
v -12 15 6
v -11 15 6
v 4 15 6
v 5 15 6
v -11 14 6
v -10 15 6
v -10 14 6
v 3 14 6
v 3 15 6
v 4 14 6
v -11 13 6
v -10 13 6
v -7 13 6
v -7 14 6
v -6 14 6
v -6 13 6
v -5 14 6
v -4 14 6
v -3 14 6
v -2 14 6
v -1 14 6
v 0 14 6
v 0 13 6
v -1 13 6
v 3 13 6
v 4 13 6
v -11 12 6
v -10 12 6
v -9 12 6
v -9 13 6
v -8 13 6
v -8 12 6
v 1 13 6
v 2 13 6
v 2 12 6
v 1 12 6
v 3 12 6
v 4 12 6
v -11 11 6
v -10 11 6
v 4 11 6
v 3 11 6
v -11 10 6
v 4 10 6
v -12 9 6
v -12 10 6
v -11 9 6
v 5 10 6
v 5 9 6
v 4 9 6
v -12 8 6
v 5 8 6
v -12 7 6
v 5 7 6
v 16 7 6
v 16 8 6
v 16 8 5
v 17 8 5
v 17 8 6
v 17 7 6
v -12 6 6
v 5 6 6
v 14 6 6
v 14 7 6
v 14 7 5
v 15 7 6
v 15 7 5
v 18 7 6
v 18 7 5
v 19 7 5
v 19 7 6
v 19 6 6
v -12 5 6
v 5 5 6
v 13 5 6
v 13 6 6
v 13 6 5
v 20 6 6
v 21 6 5
v 21 6 6
v 21 5 6
v -12 4 6
v 5 4 6
v 13 4 6
v 22 5 5
v 22 5 6
v 22 4 6
v -12 3 6
v -11 3 6
v -11 4 6
v 5 3 6
v 4 3 6
v 4 4 6
v 12 3 5
v 12 3 6
v 12 4 6
v 12 4 5
v 22 3 6
v -11 2 6
v -10 2 6
v 4 2 6
v 3 2 6
v 12 2 6
v 23 3 6
v 23 2 6
v -10 1 6
v -9 1 6
v 3 1 6
v 12 1 6
v 24 2 6
v 24 1 6
v 23 1 6
v -9 0 6
v -8 0 6
v -8 1 6
v 3 0 5
v 3 0 6
v 12 0 6
v 24 0 6
v -8 -1 6
v 3 -1 5
v 3 -1 6
v 12 -1 6
v 24 -1 6
v -8 -2 5
v -8 -2 6
v 3 -2 5
v 3 -2 6
v 12 -2 6
v 13 -2 6
v 13 -1 6
v 25 -1 6
v 25 -2 6
v 24 -2 6
v -9 -3 5
v -9 -3 6
v -9 -2 6
v -9 -2 5
v 4 -3 5
v 4 -2 5
v 4 -2 6
v 4 -3 6
v 13 -3 6
v 25 -3 6
v 24 -3 6
v -9 -4 5
v -9 -4 6
v 4 -4 5
v 4 -4 6
v 13 -4 6
v 25 -4 6
v -9 -5 6
v 4 -5 6
v 13 -5 6
v 14 -5 6
v 14 -4 6
v 25 -5 6
v -9 -6 6
v 4 -6 6
v 14 -6 6
v 25 -6 6
v 24 -6 6
v 24 -5 6
v -9 -7 6
v 4 -7 6
v 14 -7 6
v 15 -7 6
v 15 -6 6
v 25 -7 6
v 24 -7 6
v -9 -8 6
v 4 -8 6
v 15 -8 6
v 16 -8 6
v 16 -7 6
v 25 -8 6
v 24 -8 6
v -9 -9 6
v 4 -9 6
v 16 -9 6
v 17 -9 6
v 17 -8 6
v 25 -9 6
v 24 -9 6
v -9 -10 6
v 4 -10 6
v 17 -10 6
v 18 -10 6
v 18 -9 6
v 24 -10 6
v 23 -10 6
v 23 -9 6
v -9 -11 6
v 4 -11 6
v 18 -11 6
v 19 -11 6
v 19 -10 6
v 20 -11 6
v 20 -10 6
v 21 -11 6
v 21 -10 6
v 22 -11 6
v 22 -10 6
v 23 -11 6
v -9 -12 6
v 4 -12 6
v -9 -13 6
v 4 -13 6
v -9 -14 6
v 4 -14 6
v -9 -15 6
v -8 -15 6
v -8 -14 6
v 4 -15 6
v 3 -15 6
v 3 -14 6
v -8 -16 6
v 3 -16 6
v -8 -17 6
v 3 -17 6
v -8 -18 6
v -7 -18 6
v 3 -18 6
v 2 -18 6
v -7 -19 6
v 2 -19 6
v -7 -20 6
v -6 -20 6
v 2 -20 6
v 1 -20 6
v -6 -21 6
v -5 -21 6
v -4 -21 6
v -4 -20 6
v -5 -20 6
v -3 -21 6
v -3 -20 6
v -2 -21 6
v -1 -21 6
v -1 -20 6
v -2 -20 6
v 0 -21 6
v 0 -20 6
v 1 -21 6
v -5 -22 6
v -4 -22 6
v -3 -22 6
v -2 -22 6
v -1 -22 6
v 0 -22 6
v -10 -27 5
v -10 -27 6
v -10 -26 6
v -10 -26 5
v -9 -26 6
v -9 -26 5
v -9 -27 5
v -8 -26 6
v -8 -26 5
v -8 -27 5
v -7 -26 6
v -7 -26 5
v -7 -27 5
v -6 -26 6
v -6 -26 5
v -6 -27 5
v -5 -26 6
v -5 -26 5
v -5 -27 5
v -4 -27 5
v -4 -26 5
v -4 -26 6
v -4 -27 6
v -2 -27 5
v -2 -27 6
v -2 -26 6
v -2 -26 5
v -1 -26 6
v -1 -26 5
v -1 -27 5
v 0 -26 6
v 0 -26 5
v 0 -27 5
v 1 -26 6
v 1 -26 5
v 1 -27 5
v 2 -26 6
v 2 -26 5
v 2 -27 5
v 3 -26 6
v 3 -26 5
v 3 -27 5
v 4 -27 5
v 4 -26 5
v 4 -26 6
v 4 -27 6
v -10 -28 5
v -10 -28 6
v -9 -28 5
v -8 -28 5
v -7 -28 5
v -6 -28 5
v -5 -28 5
v -4 -28 5
v -4 -28 6
v -2 -28 5
v -2 -28 6
v -1 -28 5
v 0 -28 5
v 1 -28 5
v 2 -28 5
v 3 -28 5
v 4 -28 5
v 4 -28 6
v -10 -29 5
v -10 -29 6
v -9 -29 5
v -9 -29 6
v -8 -29 5
v -8 -29 6
v -7 -29 5
v -7 -29 6
v -6 -29 5
v -6 -29 6
v -5 -29 5
v -5 -29 6
v -4 -29 5
v -4 -29 6
v -2 -29 5
v -2 -29 6
v -1 -29 5
v -1 -29 6
v 0 -29 5
v 0 -29 6
v 1 -29 5
v 1 -29 6
v 2 -29 5
v 2 -29 6
v 3 -29 5
v 3 -29 6
v 4 -29 5
v 4 -29 6
v -20 -31 6
v -20 -30 6
v -19 -31 6
v -19 -30 6
v -18 -31 6
v -18 -30 6
v -17 -31 6
v -17 -30 6
v -16 -31 6
v -16 -30 6
v -15 -31 6
v -15 -30 6
v -14 -31 6
v -14 -30 6
v -13 -31 6
v -13 -30 6
v -12 -31 6
v -12 -30 6
v -11 -31 6
v -11 -30 6
v -10 -31 6
v -10 -30 6
v -9 -31 6
v -9 -30 6
v -8 -31 6
v -8 -30 6
v -7 -31 6
v -7 -30 6
v -6 -31 6
v -6 -30 6
v -5 -31 6
v -5 -30 6
v -4 -31 6
v -4 -30 6
v -3 -31 6
v -3 -30 6
v -2 -31 6
v -2 -30 6
v -1 -31 6
v -1 -30 6
v 0 -31 6
v 0 -30 6
v 1 -31 6
v 1 -30 6
v 2 -31 6
v 2 -30 6
v 3 -31 6
v 3 -30 6
v 4 -31 6
v 4 -30 6
v 5 -31 6
v 5 -30 6
v 6 -31 6
v 6 -30 6
v 7 -31 6
v 7 -30 6
v 8 -31 6
v 8 -30 6
v 9 -31 6
v 9 -30 6
v 10 -31 6
v 10 -30 6
v 11 -31 6
v 11 -30 6
v 12 -31 6
v 12 -30 6
v 13 -31 6
v 13 -30 6
v 14 -31 6
v 14 -30 6
v 15 -31 6
v 15 -30 6
v 16 -31 6
v 16 -30 6
v 17 -31 6
v 17 -30 6
v 18 -31 6
v 18 -30 6
v 19 -31 6
v 19 -30 6
v 20 -31 6
v 20 -30 6
v 21 -30 6
v 21 -31 6
v -6 13 7
v -6 14 7
v -5 14 7
v -5 13 7
v -4 14 7
v -4 13 7
v -3 14 7
v -3 13 7
v -2 14 7
v -2 13 7
v -1 14 7
v -1 13 7
v -8 12 7
v -8 13 7
v -7 13 7
v -7 12 7
v 0 13 7
v 1 13 7
v 1 12 7
v 0 12 7
v -10 11 7
v -10 12 7
v -9 12 7
v -9 11 7
v 2 12 7
v 3 12 7
v 3 11 7
v 2 11 7
v -11 10 7
v -11 11 7
v -10 10 7
v 4 11 7
v 4 10 7
v 3 10 7
v -11 9 7
v 4 9 7
v -12 8 7
v -12 9 7
v -11 8 7
v 5 9 7
v 5 8 7
v 4 8 7
v -12 7 7
v -11 7 7
v 5 7 7
v 4 7 7
v 14 7 7
v 14 8 7
v 14 8 6
v 15 8 7
v 15 8 6
v 16 8 7
v 17 8 7
v 18 8 7
v 18 8 6
v 19 8 6
v 19 8 7
v 19 7 7
v -12 6 7
v -11 6 7
v 5 6 7
v 4 6 7
v 12 6 6
v 12 6 7
v 12 7 7
v 12 7 6
v 13 7 7
v 13 7 6
v 20 7 6
v 20 7 7
v 20 6 7
v -12 5 7
v -11 5 7
v 5 5 7
v 4 5 7
v 12 5 6
v 12 5 7
v 21 6 7
v 21 5 7
v -12 4 7
v -11 4 7
v 5 4 7
v 4 4 7
v 11 4 6
v 11 4 7
v 11 5 7
v 11 5 6
v 12 4 7
v 22 5 7
v 22 4 7
v -11 3 7
v 4 3 7
v 12 3 7
v 22 3 7
v -11 2 7
v -10 2 7
v -10 3 7
v 4 2 7
v 3 2 7
v 3 3 7
v 12 2 7
v 23 3 7
v 23 2 7
v -10 1 7
v -9 1 7
v -9 2 7
v -8 1 7
v 3 1 7
v 2 1 7
v 2 2 7
v 12 1 7
v 23 1 7
v -8 0 7
v 3 0 7
v 12 0 7
v 24 1 7
v 24 0 7
v 23 0 7
v -9 -1 6
v -9 -1 7
v -9 0 7
v -8 -1 7
v 4 -1 6
v 4 0 6
v 4 0 7
v 4 -1 7
v 3 -1 7
v 12 -1 7
v 13 -1 7
v 24 -1 7
v -9 -2 7
v -8 -2 7
v 4 -2 7
v 3 -2 7
v 13 -2 7
v 24 -2 7
v -9 -3 7
v 4 -3 7
v 13 -3 7
v 24 -3 7
v -9 -4 7
v 4 -4 7
v 13 -4 7
v 14 -4 7
v 14 -3 7
v 25 -3 7
v 25 -4 7
v 24 -4 7
v -9 -5 7
v 4 -5 7
v 14 -5 7
v 25 -5 7
v 24 -5 7
v -10 -6 6
v -10 -6 7
v -10 -5 7
v -10 -5 6
v -9 -6 7
v 5 -6 6
v 5 -5 6
v 5 -5 7
v 5 -6 7
v 4 -6 7
v 14 -6 7
v 15 -6 7
v 15 -5 7
v 24 -6 7
v 23 -6 7
v 23 -5 7
v -9 -7 7
v 4 -7 7
v 15 -7 7
v 16 -7 7
v 16 -6 7
v 24 -7 7
v 23 -7 7
v -9 -8 7
v 4 -8 7
v 16 -8 7
v 17 -8 7
v 17 -7 7
v 22 -8 7
v 23 -8 7
v 22 -7 7
v 24 -8 7
v -9 -9 7
v 4 -9 7
v 17 -9 7
v 18 -9 7
v 18 -8 7
v 19 -9 7
v 19 -8 7
v 20 -9 7
v 20 -8 7
v 21 -9 7
v 21 -8 7
v 22 -9 7
v 23 -9 7
v 24 -9 7
v -9 -10 7
v -8 -10 7
v -8 -9 7
v 4 -10 7
v 3 -10 7
v 3 -9 7
v 18 -10 7
v 19 -10 7
v 20 -10 7
v 21 -10 7
v 22 -10 7
v 23 -10 7
v -9 -11 7
v 4 -11 7
v -9 -12 7
v 4 -12 7
v -9 -13 7
v 4 -13 7
v -9 -14 7
v -8 -14 7
v 4 -14 7
v 3 -14 7
v -8 -15 7
v 3 -15 7
v -8 -16 7
v 3 -16 7
v -8 -17 7
v 3 -17 7
v -8 -18 7
v 3 -18 7
v -8 -19 6
v -8 -19 7
v -4 -19 7
v -3 -19 7
v -3 -18 7
v -4 -18 7
v -2 -19 7
v -2 -18 7
v -1 -19 7
v -1 -18 7
v 3 -19 6
v 3 -19 7
v -8 -20 6
v -8 -20 7
v -4 -20 7
v -5 -20 7
v -3 -20 7
v -2 -20 7
v -1 -20 7
v 0 -20 7
v 3 -20 6
v 3 -20 7
v -8 -21 6
v -8 -21 7
v -7 -21 6
v -5 -21 7
v -3 -21 7
v -2 -21 7
v 0 -21 7
v 2 -21 6
v 3 -21 6
v 3 -21 7
v -8 -22 6
v -8 -22 7
v -7 -22 6
v -6 -22 6
v -5 -22 7
v 0 -22 7
v 1 -22 6
v 2 -22 6
v 3 -22 6
v 3 -22 7
v -8 -23 6
v -8 -23 7
v -7 -23 6
v -6 -23 6
v -5 -23 6
v -5 -23 7
v 0 -23 6
v 0 -23 7
v 1 -23 6
v 2 -23 6
v 3 -23 6
v 3 -23 7
v -8 -24 6
v -8 -24 7
v -7 -24 6
v -6 -24 6
v -5 -24 6
v -5 -24 7
v 0 -24 6
v 0 -24 7
v 1 -24 6
v 2 -24 6
v 3 -24 6
v 3 -24 7
v -8 -25 6
v -8 -25 7
v -7 -25 6
v -6 -25 6
v -5 -25 6
v -5 -25 7
v 0 -25 6
v 0 -25 7
v 1 -25 6
v 2 -25 6
v 3 -25 6
v 3 -25 7
v -8 -26 7
v -5 -26 7
v 0 -26 7
v 3 -26 7
v -10 -27 7
v -10 -26 7
v -9 -26 7
v -4 -26 7
v -4 -27 7
v -2 -27 7
v -2 -26 7
v -1 -26 7
v 4 -26 7
v 4 -27 7
v -10 -28 7
v -4 -28 7
v -2 -28 7
v 4 -28 7
v -10 -29 7
v -9 -29 7
v -8 -29 7
v -7 -29 7
v -6 -29 7
v -5 -29 7
v -4 -29 7
v -2 -29 7
v -1 -29 7
v 0 -29 7
v 1 -29 7
v 2 -29 7
v 3 -29 7
v 4 -29 7
v -20 -31 7
v -20 -30 7
v -19 -31 7
v -19 -30 7
v -18 -31 7
v -18 -30 7
v -17 -31 7
v -17 -30 7
v -16 -31 7
v -16 -30 7
v -15 -31 7
v -15 -30 7
v -14 -31 7
v -14 -30 7
v -13 -31 7
v -13 -30 7
v -12 -31 7
v -12 -30 7
v -11 -31 7
v -11 -30 7
v -10 -31 7
v -10 -30 7
v -9 -31 7
v -9 -30 7
v -8 -31 7
v -8 -30 7
v -7 -31 7
v -7 -30 7
v -6 -31 7
v -6 -30 7
v -5 -31 7
v -5 -30 7
v -4 -31 7
v -4 -30 7
v -3 -31 7
v -3 -30 7
v -2 -31 7
v -2 -30 7
v -1 -31 7
v -1 -30 7
v 0 -31 7
v 0 -30 7
v 1 -31 7
v 1 -30 7
v 2 -31 7
v 2 -30 7
v 3 -31 7
v 3 -30 7
v 4 -31 7
v 4 -30 7
v 5 -31 7
v 5 -30 7
v 6 -31 7
v 6 -30 7
v 7 -31 7
v 7 -30 7
v 8 -31 7
v 8 -30 7
v 9 -31 7
v 9 -30 7
v 10 -31 7
v 10 -30 7
v 11 -31 7
v 11 -30 7
v 12 -31 7
v 12 -30 7
v 13 -31 7
v 13 -30 7
v 14 -31 7
v 14 -30 7
v 15 -31 7
v 15 -30 7
v 16 -31 7
v 16 -30 7
v 17 -31 7
v 17 -30 7
v 18 -31 7
v 18 -30 7
v 19 -31 7
v 19 -30 7
v 20 -31 7
v 20 -30 7
v 21 -30 7
v 21 -31 7
v -7 12 8
v -7 13 8
v -6 13 8
v -6 12 8
v -5 13 8
v -5 12 8
v -4 13 8
v -3 13 8
v -2 13 8
v -1 13 8
v -2 12 8
v -1 12 8
v 0 13 8
v 0 12 8
v -9 11 8
v -9 12 8
v -8 12 8
v -8 11 8
v 1 12 8
v 2 12 8
v 2 11 8
v 1 11 8
v -10 10 8
v -10 11 8
v -9 10 8
v 3 11 8
v 3 10 8
v 2 10 8
v -11 9 8
v -11 10 8
v -10 9 8
v 4 10 8
v 4 9 8
v 3 9 8
v -11 8 8
v -10 8 8
v 4 8 8
v 3 8 8
v -11 7 8
v -10 7 8
v 4 7 8
v 3 7 8
v 11 7 7
v 11 7 8
v 11 8 8
v 11 8 7
v 12 8 8
v 12 8 7
v 13 8 8
v 13 8 7
v 14 8 8
v 15 8 8
v 16 8 8
v 17 8 8
v 18 8 8
v 19 8 8
v 19 7 8
v -11 6 8
v 4 6 8
v 10 6 7
v 10 6 8
v 10 7 8
v 10 7 7
v 11 6 7
v 20 7 8
v 20 6 8
v -11 5 8
v -10 5 8
v -10 6 8
v 4 5 8
v 3 5 8
v 3 6 8
v 10 5 7
v 10 5 8
v 21 6 8
v 21 5 8
v -11 4 8
v -10 4 8
v 4 4 8
v 3 4 8
v 10 4 7
v 10 4 8
v 11 4 8
v 22 5 8
v 22 4 8
v -11 3 8
v -10 3 8
v 4 3 8
v 3 3 8
v 11 3 7
v 11 3 8
v 22 3 8
v -10 2 8
v -9 2 8
v -9 3 8
v 3 2 8
v 2 2 8
v 2 3 8
v 11 2 7
v 11 2 8
v 12 2 8
v 23 3 8
v 23 2 8
v 22 2 8
v -9 1 8
v -8 1 8
v -8 2 8
v 2 1 8
v 1 1 8
v 1 2 8
v 12 1 8
v 23 1 8
v -8 0 8
v -7 0 8
v -7 1 8
v -6 0 8
v -6 1 8
v 1 0 8
v 2 0 8
v 3 1 8
v 3 0 8
v 12 0 8
v 23 0 8
v -8 -1 8
v -7 -1 8
v -6 -1 8
v 1 -1 8
v 2 -1 8
v 3 -1 8
v 12 -1 8
v 13 -1 8
v 13 0 8
v 24 0 8
v 24 -1 8
v 23 -1 8
v -8 -2 8
v -7 -2 8
v 3 -2 8
v 2 -2 8
v 13 -2 8
v 24 -2 8
v 23 -2 8
v -9 -3 8
v -9 -2 8
v -8 -3 8
v -7 -3 8
v 2 -3 8
v 3 -3 8
v 4 -2 8
v 4 -3 8
v 13 -3 8
v 14 -3 8
v 14 -2 8
v 24 -3 8
v 23 -3 8
v -9 -4 8
v -8 -4 8
v 4 -4 8
v 3 -4 8
v 14 -4 8
v 24 -4 8
v 23 -4 8
v -9 -5 8
v -8 -5 8
v 4 -5 8
v 3 -5 8
v 14 -5 8
v 15 -5 8
v 15 -4 8
v 22 -5 8
v 23 -5 8
v 22 -4 8
v 24 -5 8
v -9 -6 8
v -8 -6 8
v 4 -6 8
v 3 -6 8
v 15 -6 8
v 16 -6 8
v 16 -5 8
v 21 -6 8
v 22 -6 8
v 21 -5 8
v 23 -6 8
v -9 -7 8
v -8 -7 8
v 4 -7 8
v 3 -7 8
v 16 -7 8
v 17 -7 8
v 17 -6 8
v 18 -7 8
v 18 -6 8
v 19 -7 8
v 19 -6 8
v 20 -7 8
v 20 -6 8
v 21 -7 8
v 22 -7 8
v 23 -7 8
v -9 -8 8
v -8 -8 8
v 4 -8 8
v 3 -8 8
v 17 -8 8
v 18 -8 8
v 19 -8 8
v 20 -8 8
v 21 -8 8
v 22 -8 8
v -9 -9 8
v -8 -9 8
v -7 -9 8
v -7 -8 8
v 2 -9 8
v 3 -9 8
v 2 -8 8
v 4 -9 8
v -8 -10 8
v -7 -10 8
v 3 -10 8
v 2 -10 8
v -9 -11 8
v -9 -10 8
v -8 -11 8
v 4 -10 8
v 4 -11 8
v 3 -11 8
v -9 -12 8
v 4 -12 8
v -9 -13 8
v 4 -13 8
v -9 -14 8
v -4 -14 8
v -3 -14 8
v -3 -13 8
v -4 -13 8
v -2 -14 8
v -2 -13 8
v -1 -14 8
v -1 -13 8
v 4 -14 8
v -9 -15 7
v -9 -15 8
v -4 -15 8
v -3 -15 8
v -2 -15 8
v -1 -15 8
v 4 -15 7
v 4 -15 8
v -9 -16 7
v -9 -16 8
v -4 -16 8
v -3 -16 8
v -2 -16 8
v -1 -16 8
v 4 -16 7
v 4 -16 8
v -9 -17 7
v -9 -17 8
v -4 -17 8
v -3 -17 8
v -2 -17 8
v -1 -17 8
v 4 -17 7
v 4 -17 8
v -9 -18 7
v -9 -18 8
v -3 -18 8
v -4 -18 8
v -2 -18 8
v -1 -18 8
v 4 -18 7
v 4 -18 8
v -9 -19 7
v -9 -19 8
v -4 -19 8
v -1 -19 8
v 4 -19 7
v 4 -19 8
v -9 -20 7
v -9 -20 8
v -4 -20 8
v -1 -20 8
v 4 -20 7
v 4 -20 8
v -9 -21 7
v -9 -21 8
v -4 -21 7
v -4 -21 8
v -1 -21 7
v -1 -21 8
v 4 -21 7
v 4 -21 8
v -9 -22 7
v -9 -22 8
v -4 -22 7
v -4 -22 8
v -1 -22 7
v -1 -22 8
v 4 -22 7
v 4 -22 8
v -9 -23 7
v -9 -23 8
v -4 -23 7
v -4 -23 8
v -1 -23 7
v -1 -23 8
v 4 -23 7
v 4 -23 8
v -9 -24 7
v -9 -24 8
v -4 -24 7
v -4 -24 8
v -1 -24 7
v -1 -24 8
v 4 -24 7
v 4 -24 8
v -9 -25 7
v -9 -25 8
v -4 -25 7
v -4 -25 8
v -1 -25 7
v -1 -25 8
v 4 -25 7
v 4 -25 8
v -9 -26 8
v -4 -26 8
v -1 -26 8
v 4 -26 8
v -10 -27 8
v -10 -26 8
v -4 -27 8
v -2 -27 8
v -2 -26 8
v 4 -27 8
v -10 -28 8
v -4 -28 8
v -2 -28 8
v 4 -28 8
v -10 -29 8
v -9 -29 8
v -8 -29 8
v -7 -29 8
v -6 -29 8
v -5 -29 8
v -4 -29 8
v -2 -29 8
v -1 -29 8
v 0 -29 8
v 1 -29 8
v 2 -29 8
v 3 -29 8
v 4 -29 8
v -19 -31 8
v -19 -30 8
v -18 -31 8
v -18 -30 8
v -17 -31 8
v -17 -30 8
v -16 -31 8
v -16 -30 8
v -15 -31 8
v -15 -30 8
v -14 -31 8
v -14 -30 8
v -13 -31 8
v -13 -30 8
v -12 -31 8
v -12 -30 8
v -11 -31 8
v -11 -30 8
v -10 -31 8
v -10 -30 8
v -9 -31 8
v -9 -30 8
v -8 -31 8
v -8 -30 8
v -7 -31 8
v -7 -30 8
v -6 -31 8
v -6 -30 8
v -5 -31 8
v -5 -30 8
v -4 -31 8
v -4 -30 8
v -3 -31 8
v -3 -30 8
v -2 -31 8
v -2 -30 8
v -1 -31 8
v -1 -30 8
v 0 -31 8
v 0 -30 8
v 1 -31 8
v 1 -30 8
v 2 -31 8
v 2 -30 8
v 3 -31 8
v 3 -30 8
v 4 -31 8
v 4 -30 8
v 5 -31 8
v 5 -30 8
v 6 -31 8
v 6 -30 8
v 7 -31 8
v 7 -30 8
v 8 -31 8
v 8 -30 8
v 9 -31 8
v 9 -30 8
v 10 -31 8
v 10 -30 8
v 11 -31 8
v 11 -30 8
v 12 -31 8
v 12 -30 8
v 13 -31 8
v 13 -30 8
v 14 -31 8
v 14 -30 8
v 15 -31 8
v 15 -30 8
v 16 -31 8
v 16 -30 8
v 17 -31 8
v 17 -30 8
v 18 -31 8
v 18 -30 8
v 19 -31 8
v 19 -30 8
v 20 -30 8
v 20 -31 8
v -5 12 9
v -5 13 9
v -4 13 9
v -4 12 9
v -3 13 9
v -3 12 9
v -2 13 9
v -2 12 9
v -8 11 9
v -8 12 9
v -7 12 9
v -7 11 9
v -6 12 9
v -6 11 9
v -5 11 9
v -1 12 9
v -2 11 9
v -1 11 9
v 0 12 9
v 0 11 9
v 1 12 9
v 1 11 9
v -9 10 9
v -9 11 9
v -8 10 9
v -7 10 9
v 0 10 9
v 1 10 9
v 2 11 9
v 2 10 9
v -10 9 9
v -10 10 9
v -9 9 9
v -8 9 9
v 1 9 9
v 2 9 9
v 3 10 9
v 3 9 9
v -10 8 9
v -9 8 9
v 3 8 9
v 2 8 9
v 11 8 9
v 11 9 9
v 11 9 8
v 12 9 9
v 12 9 8
v 13 9 9
v 13 9 8
v 14 9 9
v 14 9 8
v 15 9 9
v 15 9 8
v 16 9 9
v 16 9 8
v 17 9 8
v 17 9 9
v 17 8 9
v 16 8 9
v -10 7 9
v -9 7 9
v 3 7 9
v 2 7 9
v 9 7 8
v 9 7 9
v 9 8 9
v 9 8 8
v 10 8 9
v 10 8 8
v 18 8 9
v 19 8 9
v 20 8 8
v 20 8 9
v 20 7 9
v 19 7 9
v -11 6 9
v -11 7 9
v -10 6 9
v -9 6 9
v 2 6 9
v 3 6 9
v 4 7 9
v 4 6 9
v 9 6 8
v 9 6 9
v 21 7 8
v 21 7 9
v 21 6 9
v 20 6 9
v -10 5 9
v -9 5 9
v 3 5 9
v 2 5 9
v 9 5 8
v 9 5 9
v 10 5 9
v 21 5 9
v -10 4 9
v -9 4 9
v 3 4 9
v 2 4 9
v 10 4 9
v 22 5 9
v 22 4 9
v 21 4 9
v -10 3 9
v -9 3 9
v -8 3 9
v -8 4 9
v 1 3 9
v 2 3 9
v 1 4 9
v 3 3 9
v 10 3 8
v 10 3 9
v 11 3 9
v 22 3 9
v -9 2 9
v -8 2 9
v -7 2 9
v -7 3 9
v 0 2 9
v 1 2 9
v 0 3 9
v 2 2 9
v 11 2 9
v 12 2 9
v 22 2 9
v -8 1 9
v -7 1 9
v -6 1 9
v -1 1 9
v 0 1 9
v -1 2 9
v 1 1 9
v 12 1 9
v 23 2 9
v 23 1 9
v 22 1 9
v -6 0 9
v -5 0 9
v -5 1 9
v -4 0 9
v -4 1 9
v -3 0 9
v -3 1 9
v -2 0 9
v -2 1 9
v -1 0 9
v 0 0 9
v 1 0 9
v 12 0 9
v 13 0 9
v 13 1 9
v 23 0 9
v 22 0 9
v -6 -1 9
v -5 -1 9
v -4 -1 9
v -3 -1 9
v -2 -1 9
v -1 -1 9
v 0 -1 9
v 1 -1 9
v 13 -1 9
v 23 -1 9
v 22 -1 9
v -7 -2 9
v -7 -1 9
v -6 -2 9
v -5 -2 9
v -4 -2 9
v -3 -2 9
v -2 -2 9
v -1 -2 9
v 0 -2 9
v 1 -2 9
v 2 -1 9
v 2 -2 9
v 13 -2 9
v 14 -2 9
v 14 -1 9
v 23 -2 9
v 22 -2 9
v -7 -3 9
v -6 -3 9
v -5 -3 9
v -4 -3 9
v -3 -3 9
v -2 -3 9
v -1 -3 9
v 0 -3 9
v 1 -3 9
v 2 -3 9
v 14 -3 9
v 15 -3 9
v 15 -2 9
v 23 -3 9
v 22 -3 9
v -8 -4 9
v -8 -3 9
v -7 -4 9
v -6 -4 9
v -5 -4 9
v -4 -4 9
v -3 -4 9
v -2 -4 9
v -1 -4 9
v 0 -4 9
v 1 -4 9
v 2 -4 9
v 3 -3 9
v 3 -4 9
v 14 -4 9
v 15 -4 9
v 16 -4 9
v 16 -3 9
v 21 -4 9
v 22 -4 9
v 21 -3 9
v 23 -4 9
v -8 -5 9
v -7 -5 9
v -6 -5 9
v -5 -5 9
v -4 -5 9
v -3 -5 9
v -2 -5 9
v -1 -5 9
v 0 -5 9
v 1 -5 9
v 2 -5 9
v 3 -5 9
v 15 -5 9
v 16 -5 9
v 17 -5 9
v 17 -4 9
v 20 -5 9
v 21 -5 9
v 20 -4 9
v 22 -5 9
v -8 -6 9
v -7 -6 9
v -6 -6 9
v -5 -6 9
v -4 -6 9
v -3 -6 9
v -2 -6 9
v -1 -6 9
v 0 -6 9
v 1 -6 9
v 2 -6 9
v 3 -6 9
v 16 -6 9
v 17 -6 9
v 18 -6 9
v 18 -5 9
v 19 -6 9
v 19 -5 9
v 20 -6 9
v 21 -6 9
v -8 -7 9
v -7 -7 9
v -6 -7 9
v -5 -7 9
v -4 -7 9
v -3 -7 9
v -2 -7 9
v -1 -7 9
v 0 -7 9
v 1 -7 9
v 2 -7 9
v 3 -7 9
v -8 -8 9
v -7 -8 9
v -6 -8 9
v -5 -8 9
v -4 -8 9
v -3 -8 9
v -2 -8 9
v -1 -8 9
v 0 -8 9
v 1 -8 9
v 2 -8 9
v 3 -8 9
v -7 -9 9
v -6 -9 9
v -5 -9 9
v -4 -9 9
v -3 -9 9
v -2 -9 9
v -1 -9 9
v 0 -9 9
v 1 -9 9
v 2 -9 9
v -7 -10 9
v -6 -10 9
v -5 -10 9
v -4 -10 9
v -3 -10 9
v -2 -10 9
v -1 -10 9
v 0 -10 9
v 1 -10 9
v 2 -10 9
v -8 -11 9
v -8 -10 9
v -7 -11 9
v -6 -11 9
v -5 -11 9
v -4 -11 9
v -3 -11 9
v -2 -11 9
v -1 -11 9
v 0 -11 9
v 1 -11 9
v 3 -10 9
v 3 -11 9
v 2 -11 9
v -9 -12 9
v -9 -11 9
v -8 -12 9
v -5 -12 9
v -4 -12 9
v -3 -12 9
v -2 -12 9
v -1 -12 9
v 0 -12 9
v 4 -11 9
v 4 -12 9
v 3 -12 9
v -9 -13 9
v -8 -13 9
v -5 -13 9
v -4 -13 9
v -3 -13 9
v -2 -13 9
v -1 -13 9
v 0 -13 9
v 4 -13 9
v 3 -13 9
v -9 -14 9
v -8 -14 9
v -4 -14 9
v -5 -14 9
v -1 -14 9
v 0 -14 9
v 4 -14 9
v 3 -14 9
v -9 -15 9
v -8 -15 9
v -4 -15 9
v -5 -15 9
v -1 -15 9
v 0 -15 9
v 4 -15 9
v 3 -15 9
v -9 -16 9
v -8 -16 9
v -4 -16 9
v -5 -16 9
v -1 -16 9
v 0 -16 9
v 4 -16 9
v 3 -16 9
v -9 -17 9
v -8 -17 9
v -4 -17 9
v -5 -17 9
v -1 -17 9
v 0 -17 9
v 4 -17 9
v 3 -17 9
v -9 -18 9
v -8 -18 9
v -4 -18 9
v -5 -18 9
v -1 -18 9
v 0 -18 9
v 4 -18 9
v 3 -18 9
v -9 -19 9
v -8 -19 9
v -4 -19 9
v -5 -19 9
v -1 -19 9
v 0 -19 9
v 4 -19 9
v 3 -19 9
v -9 -20 9
v -8 -20 9
v -4 -20 9
v -5 -20 9
v -1 -20 9
v 0 -20 9
v 4 -20 9
v 3 -20 9
v -9 -21 9
v -8 -21 9
v -4 -21 9
v -5 -21 9
v -1 -21 9
v 0 -21 9
v 4 -21 9
v 3 -21 9
v -9 -22 9
v -8 -22 9
v -4 -22 9
v -5 -22 9
v -1 -22 9
v 0 -22 9
v 4 -22 9
v 3 -22 9
v -9 -23 9
v -8 -23 9
v -4 -23 9
v -5 -23 9
v -1 -23 9
v 0 -23 9
v 4 -23 9
v 3 -23 9
v -9 -24 9
v -8 -24 9
v -4 -24 9
v -5 -24 9
v -1 -24 9
v 0 -24 9
v 4 -24 9
v 3 -24 9
v -9 -25 9
v -4 -25 9
v -1 -25 9
v 4 -25 9
v -9 -26 9
v -4 -26 9
v -1 -26 9
v 4 -26 9
v -10 -27 9
v -10 -26 9
v -4 -27 9
v -2 -27 9
v -2 -26 9
v 4 -27 9
v -10 -28 9
v -4 -28 9
v -2 -28 9
v 4 -28 9
v -10 -29 9
v -9 -29 9
v -8 -29 9
v -7 -29 9
v -6 -29 9
v -5 -29 9
v -4 -29 9
v -2 -29 9
v -1 -29 9
v 0 -29 9
v 1 -29 9
v 2 -29 9
v 3 -29 9
v 4 -29 9
v -19 -31 9
v -19 -30 9
v -18 -31 9
v -18 -30 9
v -17 -31 9
v -17 -30 9
v -16 -31 9
v -16 -30 9
v -15 -31 9
v -15 -30 9
v -14 -31 9
v -14 -30 9
v -13 -31 9
v -13 -30 9
v -12 -31 9
v -12 -30 9
v -11 -31 9
v -11 -30 9
v -10 -31 9
v -10 -30 9
v -9 -31 9
v -9 -30 9
v -8 -31 9
v -8 -30 9
v -7 -31 9
v -7 -30 9
v -6 -31 9
v -6 -30 9
v -5 -31 9
v -5 -30 9
v -4 -31 9
v -4 -30 9
v -3 -31 9
v -3 -30 9
v -2 -31 9
v -2 -30 9
v -1 -31 9
v -1 -30 9
v 0 -31 9
v 0 -30 9
v 1 -31 9
v 1 -30 9
v 2 -31 9
v 2 -30 9
v 3 -31 9
v 3 -30 9
v 4 -31 9
v 4 -30 9
v 5 -31 9
v 5 -30 9
v 6 -31 9
v 6 -30 9
v 7 -31 9
v 7 -30 9
v 8 -31 9
v 8 -30 9
v 9 -31 9
v 9 -30 9
v 10 -31 9
v 10 -30 9
v 11 -31 9
v 11 -30 9
v 12 -31 9
v 12 -30 9
v 13 -31 9
v 13 -30 9
v 14 -31 9
v 14 -30 9
v 15 -31 9
v 15 -30 9
v 16 -31 9
v 16 -30 9
v 17 -31 9
v 17 -30 9
v 18 -31 9
v 18 -30 9
v 19 -31 9
v 19 -30 9
v 20 -30 9
v 20 -31 9
v -5 11 10
v -5 12 10
v -4 12 10
v -4 11 10
v -3 12 10
v -3 11 10
v -2 12 10
v -2 11 10
v -7 10 10
v -7 11 10
v -6 11 10
v -6 10 10
v -5 10 10
v -4 10 10
v -3 10 10
v -2 10 10
v -1 11 10
v -1 10 10
v 0 11 10
v 0 10 10
v -8 9 10
v -8 10 10
v -7 9 10
v -6 9 10
v -1 9 10
v 0 9 10
v 1 10 10
v 1 9 10
v -9 8 10
v -9 9 10
v -8 8 10
v -7 8 10
v 0 8 10
v 1 8 10
v 2 9 10
v 2 8 10
v 9 8 10
v 9 9 10
v 9 9 9
v 10 9 10
v 10 9 9
v 11 9 10
v 12 9 10
v 13 9 10
v 14 9 10
v 15 9 10
v 16 9 10
v 16 8 10
v -9 7 10
v -8 7 10
v 2 7 10
v 1 7 10
v 8 7 9
v 8 7 10
v 8 8 10
v 8 8 9
v 17 8 10
v 18 8 10
v 19 8 10
v 19 7 10
v -9 6 10
v -8 6 10
v 2 6 10
v 1 6 10
v 8 6 9
v 8 6 10
v 9 6 10
v 20 7 10
v 20 6 10
v -9 5 10
v -8 5 10
v 2 5 10
v 1 5 10
v 9 5 10
v 21 6 10
v 21 5 10
v -9 4 10
v -8 4 10
v 0 4 10
v 1 4 10
v 0 5 10
v 2 4 10
v 9 4 9
v 9 4 10
v 10 4 10
v 21 4 10
v -8 3 10
v -7 3 10
v 1 3 10
v 0 3 10
v 10 3 10
v 11 3 10
v 22 4 10
v 22 3 10
v 21 3 10
v -7 2 10
v 0 2 10
v -1 2 10
v -1 3 10
v 11 2 10
v 12 2 10
v 22 2 10
v 21 2 10
v -7 1 10
v -6 1 10
v -5 1 10
v -4 1 10
v -3 1 10
v -2 1 10
v -1 1 10
v -2 2 10
v 12 1 10
v 13 1 10
v 22 1 10
v 21 1 10
v 13 0 10
v 22 0 10
v 21 0 10
v 13 -1 10
v 14 -1 10
v 14 0 10
v 22 -1 10
v 21 -1 10
v 14 -2 10
v 15 -2 10
v 15 -1 10
v 20 -2 10
v 21 -2 10
v 20 -1 10
v 22 -2 10
v 15 -3 10
v 16 -3 10
v 16 -2 10
v 20 -3 10
v 21 -3 10
v 22 -3 10
v 16 -4 10
v 17 -4 10
v 17 -3 10
v 18 -4 10
v 18 -3 10
v 19 -4 10
v 19 -3 10
v 20 -4 10
v 21 -4 10
v 17 -5 10
v 18 -5 10
v 19 -5 10
v 20 -5 10
v -3 -6 10
v -3 -5 10
v -2 -5 10
v -2 -6 10
v -7 -11 10
v -7 -10 10
v -6 -10 10
v -6 -11 10
v 1 -11 10
v 1 -10 10
v 2 -10 10
v 2 -11 10
v -8 -12 10
v -8 -11 10
v -7 -12 10
v -6 -12 10
v -5 -11 10
v -5 -12 10
v 0 -12 10
v 0 -11 10
v 1 -12 10
v 2 -12 10
v 3 -11 10
v 3 -12 10
v -8 -13 10
v -7 -13 10
v -6 -13 10
v -5 -13 10
v 0 -13 10
v 1 -13 10
v 2 -13 10
v 3 -13 10
v -8 -14 10
v -7 -14 10
v -6 -14 10
v -5 -14 10
v 0 -14 10
v 1 -14 10
v 2 -14 10
v 3 -14 10
v -8 -15 10
v -7 -15 10
v -6 -15 10
v -5 -15 10
v 0 -15 10
v 1 -15 10
v 2 -15 10
v 3 -15 10
v -8 -16 10
v -7 -16 10
v -6 -16 10
v -5 -16 10
v 0 -16 10
v 1 -16 10
v 2 -16 10
v 3 -16 10
v -8 -17 10
v -7 -17 10
v -6 -17 10
v -5 -17 10
v 0 -17 10
v 1 -17 10
v 2 -17 10
v 3 -17 10
v -8 -18 10
v -7 -18 10
v -6 -18 10
v -5 -18 10
v 0 -18 10
v 1 -18 10
v 2 -18 10
v 3 -18 10
v -8 -19 10
v -7 -19 10
v -6 -19 10
v -5 -19 10
v 0 -19 10
v 1 -19 10
v 2 -19 10
v 3 -19 10
v -8 -20 10
v -7 -20 10
v -6 -20 10
v -5 -20 10
v 0 -20 10
v 1 -20 10
v 2 -20 10
v 3 -20 10
v -8 -21 10
v -7 -21 10
v -6 -21 10
v -5 -21 10
v 0 -21 10
v 1 -21 10
v 2 -21 10
v 3 -21 10
v -8 -22 10
v -7 -22 10
v -6 -22 10
v -5 -22 10
v 0 -22 10
v 1 -22 10
v 2 -22 10
v 3 -22 10
v -8 -23 10
v -7 -23 10
v -5 -23 10
v -6 -23 10
v 0 -23 10
v 1 -23 10
v 3 -23 10
v 2 -23 10
v -8 -24 10
v -7 -24 10
v -5 -24 10
v -6 -24 10
v 0 -24 10
v 1 -24 10
v 3 -24 10
v 2 -24 10
v -9 -25 10
v -9 -24 10
v -8 -25 10
v -7 -25 10
v -6 -25 10
v -5 -25 10
v -4 -24 10
v -4 -25 10
v -1 -25 10
v -1 -24 10
v 0 -25 10
v 1 -25 10
v 2 -25 10
v 3 -25 10
v 4 -24 10
v 4 -25 10
v -9 -26 10
v -8 -26 10
v -4 -26 10
v -5 -26 10
v -1 -26 10
v 0 -26 10
v 4 -26 10
v 3 -26 10
v -10 -27 10
v -10 -26 10
v -4 -27 10
v -2 -27 10
v -2 -26 10
v 4 -27 10
v -10 -28 10
v -4 -28 10
v -2 -28 10
v 4 -28 10
v -10 -29 10
v -9 -29 10
v -8 -29 10
v -7 -29 10
v -6 -29 10
v -5 -29 10
v -4 -29 10
v -2 -29 10
v -1 -29 10
v 0 -29 10
v 1 -29 10
v 2 -29 10
v 3 -29 10
v 4 -29 10
v -18 -31 10
v -18 -30 10
v -17 -31 10
v -17 -30 10
v -16 -31 10
v -16 -30 10
v -15 -31 10
v -15 -30 10
v -14 -31 10
v -14 -30 10
v -13 -31 10
v -13 -30 10
v -12 -31 10
v -12 -30 10
v -11 -31 10
v -11 -30 10
v -10 -31 10
v -10 -30 10
v -9 -31 10
v -9 -30 10
v -8 -31 10
v -8 -30 10
v -7 -31 10
v -7 -30 10
v -6 -31 10
v -6 -30 10
v -5 -31 10
v -5 -30 10
v -4 -31 10
v -4 -30 10
v -3 -31 10
v -3 -30 10
v -2 -31 10
v -2 -30 10
v -1 -31 10
v -1 -30 10
v 0 -31 10
v 0 -30 10
v 1 -31 10
v 1 -30 10
v 2 -31 10
v 2 -30 10
v 3 -31 10
v 3 -30 10
v 4 -31 10
v 4 -30 10
v 5 -31 10
v 5 -30 10
v 6 -31 10
v 6 -30 10
v 7 -31 10
v 7 -30 10
v 8 -31 10
v 8 -30 10
v 9 -31 10
v 9 -30 10
v 10 -31 10
v 10 -30 10
v 11 -31 10
v 11 -30 10
v 12 -31 10
v 12 -30 10
v 13 -31 10
v 13 -30 10
v 14 -31 10
v 14 -30 10
v 15 -31 10
v 15 -30 10
v 16 -31 10
v 16 -30 10
v 17 -31 10
v 17 -30 10
v 18 -31 10
v 18 -30 10
v 19 -30 10
v 19 -31 10
v -6 9 11
v -6 10 11
v -5 10 11
v -5 9 11
v -4 10 11
v -4 9 11
v -3 10 11
v -3 9 11
v -2 10 11
v -2 9 11
v -1 10 11
v -1 9 11
v 8 9 10
v 8 9 11
v 8 10 11
v 8 10 10
v 9 10 11
v 9 10 10
v 10 10 11
v 10 10 10
v 11 10 11
v 11 10 10
v 12 10 10
v 12 10 11
v 12 9 11
v -10 8 10
v -10 8 11
v -10 9 11
v -10 9 10
v -9 9 11
v -9 8 11
v -7 8 11
v -7 9 11
v -6 8 11
v -5 8 11
v -4 8 11
v -3 8 11
v -2 8 11
v -1 8 11
v 0 9 11
v 0 8 11
v 2 8 11
v 2 9 11
v 3 8 10
v 3 9 10
v 3 9 11
v 3 8 11
v 7 8 10
v 7 8 11
v 7 9 11
v 7 9 10
v 13 9 11
v 14 9 11
v 15 9 11
v 16 9 11
v 16 8 11
v 15 8 11
v -8 7 11
v -8 8 11
v -7 7 11
v -6 7 11
v -4 7 11
v -3 7 11
v -2 7 11
v -1 7 11
v 0 7 11
v 1 8 11
v 1 7 11
v 7 7 10
v 7 7 11
v 17 8 11
v 18 8 11
v 17 7 11
v 18 7 11
v 19 8 11
v 19 7 11
v -8 6 11
v -7 6 11
v -2 6 11
v -1 6 11
v 0 6 11
v 1 6 11
v 7 6 10
v 7 6 11
v 8 6 11
v 20 7 11
v 20 6 11
v 19 6 11
v -8 5 11
v -1 5 11
v 0 5 11
v 1 5 11
v 8 5 10
v 8 5 11
v 9 5 11
v 21 6 11
v 21 5 11
v 20 5 11
v -8 4 11
v 0 4 11
v -1 4 11
v 9 4 11
v 10 4 11
v 21 4 11
v 20 4 11
v -8 3 11
v 0 3 11
v -1 3 11
v 10 3 11
v 11 3 11
v 21 3 11
v -8 2 10
v -8 2 11
v -7 2 11
v -1 2 11
v -2 2 11
v -2 3 11
v 11 2 11
v 12 2 11
v 21 2 11
v 20 2 11
v 20 3 11
v -7 1 11
v -6 1 11
v -5 1 11
v -4 1 11
v -3 1 11
v -2 1 11
v -3 2 11
v 12 1 11
v 13 1 11
v 13 2 11
v 21 1 11
v 20 1 11
v 13 0 11
v 14 0 11
v 14 1 11
v 21 0 11
v 20 0 11
v 14 -1 11
v 15 -1 11
v 15 0 11
v 19 -1 11
v 20 -1 11
v 19 0 11
v 21 -1 11
v 15 -2 11
v 16 -2 11
v 16 -1 11
v 17 -2 11
v 17 -1 11
v 18 -2 11
v 18 -1 11
v 19 -2 11
v 20 -2 11
v 16 -3 11
v 17 -3 11
v 18 -3 11
v 19 -3 11
v 20 -3 11
v -7 -23 11
v -7 -22 11
v -6 -22 11
v -6 -23 11
v 1 -23 11
v 1 -22 11
v 2 -22 11
v 2 -23 11
v -7 -24 11
v -6 -24 11
v 1 -24 11
v 2 -24 11
v -7 -25 11
v -6 -25 11
v 1 -25 11
v 2 -25 11
v -8 -26 11
v -8 -25 11
v -7 -26 11
v -6 -26 11
v -5 -25 11
v -5 -26 11
v 0 -26 11
v 0 -25 11
v 1 -26 11
v 2 -26 11
v 3 -25 11
v 3 -26 11
v -10 -27 11
v -10 -26 11
v -9 -26 11
v -4 -26 11
v -4 -27 11
v -2 -27 11
v -2 -26 11
v -1 -26 11
v 4 -26 11
v 4 -27 11
v -10 -28 11
v -4 -28 11
v -2 -28 11
v 4 -28 11
v -10 -29 11
v -9 -29 11
v -8 -29 11
v -7 -29 11
v -6 -29 11
v -5 -29 11
v -4 -29 11
v -2 -29 11
v -1 -29 11
v 0 -29 11
v 1 -29 11
v 2 -29 11
v 3 -29 11
v 4 -29 11
v -17 -31 11
v -17 -30 11
v -16 -31 11
v -16 -30 11
v -15 -31 11
v -15 -30 11
v -14 -31 11
v -14 -30 11
v -13 -31 11
v -13 -30 11
v -12 -31 11
v -12 -30 11
v -11 -31 11
v -11 -30 11
v -10 -31 11
v -10 -30 11
v -9 -31 11
v -9 -30 11
v -8 -31 11
v -8 -30 11
v -7 -31 11
v -7 -30 11
v -6 -31 11
v -6 -30 11
v -5 -31 11
v -5 -30 11
v -4 -31 11
v -4 -30 11
v -3 -31 11
v -3 -30 11
v -2 -31 11
v -2 -30 11
v -1 -31 11
v -1 -30 11
v 0 -31 11
v 0 -30 11
v 1 -31 11
v 1 -30 11
v 2 -31 11
v 2 -30 11
v 3 -31 11
v 3 -30 11
v 4 -31 11
v 4 -30 11
v 5 -31 11
v 5 -30 11
v 6 -31 11
v 6 -30 11
v 7 -31 11
v 7 -30 11
v 8 -31 11
v 8 -30 11
v 9 -31 11
v 9 -30 11
v 10 -31 11
v 10 -30 11
v 11 -31 11
v 11 -30 11
v 12 -31 11
v 12 -30 11
v 13 -31 11
v 13 -30 11
v 14 -31 11
v 14 -30 11
v 15 -31 11
v 15 -30 11
v 16 -31 11
v 16 -30 11
v 17 -31 11
v 17 -30 11
v 18 -30 11
v 18 -31 11
v 6 9 11
v 6 9 12
v 6 10 12
v 6 10 11
v 7 10 12
v 7 10 11
v 8 10 12
v 9 10 12
v 10 10 12
v 11 10 12
v 12 10 12
v 12 9 12
v 11 9 12
v 6 8 11
v 6 8 12
v 13 9 12
v 14 9 12
v 13 8 12
v 14 8 12
v 15 9 12
v 15 8 12
v -6 7 12
v -6 8 12
v -5 8 12
v -5 7 12
v -4 8 12
v -4 7 12
v 6 7 11
v 6 7 12
v 7 7 12
v 16 8 12
v 15 7 12
v 16 7 12
v 17 8 12
v 17 7 12
v -7 6 12
v -7 7 12
v -3 7 12
v -2 7 12
v -2 6 12
v -3 6 12
v 7 6 12
v 8 6 12
v 18 7 12
v 17 6 12
v 18 6 12
v 19 7 12
v 19 6 12
v -8 5 12
v -8 6 12
v -1 6 12
v -1 5 12
v -2 5 12
v 8 5 12
v 9 5 12
v 20 6 12
v 20 5 12
v 19 5 12
v -9 4 11
v -9 4 12
v -9 5 12
v -9 5 11
v -1 4 12
v -2 4 12
v 9 4 12
v 10 4 12
v 20 4 12
v 19 4 12
v -9 3 11
v -9 3 12
v -8 3 12
v -1 3 12
v -2 3 12
v 10 3 12
v 11 3 12
v 11 4 12
v 21 4 12
v 21 3 12
v 20 3 12
v -8 2 12
v -7 2 12
v -2 2 12
v -3 2 12
v 11 2 12
v 12 2 12
v 12 3 12
v 13 2 12
v 13 3 12
v 20 2 12
v 19 2 12
v 19 3 12
v -7 1 12
v -6 1 12
v -5 1 12
v -4 1 12
v -3 1 12
v -4 2 12
v 13 1 12
v 14 1 12
v 14 2 12
v 20 1 12
v 19 1 12
v 14 0 12
v 15 0 12
v 15 1 12
v 16 0 12
v 16 1 12
v 17 0 12
v 18 0 12
v 18 1 12
v 17 1 12
v 19 0 12
v 20 0 12
v 15 -1 12
v 16 -1 12
v 17 -1 12
v 18 -1 12
v 19 -1 12
v -10 -27 12
v -10 -26 12
v -9 -26 12
v -8 -26 12
v -7 -26 12
v -6 -26 12
v -5 -26 12
v -4 -26 12
v -4 -27 12
v -2 -27 12
v -2 -26 12
v -1 -26 12
v 0 -26 12
v 1 -26 12
v 2 -26 12
v 3 -26 12
v 4 -26 12
v 4 -27 12
v -10 -28 12
v -4 -28 12
v -2 -28 12
v 4 -28 12
v -10 -29 12
v -9 -29 12
v -8 -29 12
v -7 -29 12
v -6 -29 12
v -5 -29 12
v -4 -29 12
v -2 -29 12
v -1 -29 12
v 0 -29 12
v 1 -29 12
v 2 -29 12
v 3 -29 12
v 4 -29 12
v -16 -31 12
v -16 -30 12
v -15 -31 12
v -15 -30 12
v -14 -31 12
v -14 -30 12
v -13 -31 12
v -13 -30 12
v -12 -31 12
v -12 -30 12
v -11 -31 12
v -11 -30 12
v -10 -31 12
v -10 -30 12
v -9 -31 12
v -9 -30 12
v -8 -31 12
v -8 -30 12
v -7 -31 12
v -7 -30 12
v -6 -31 12
v -6 -30 12
v -5 -31 12
v -5 -30 12
v -4 -31 12
v -4 -30 12
v -3 -31 12
v -3 -30 12
v -2 -31 12
v -2 -30 12
v -1 -31 12
v -1 -30 12
v 0 -31 12
v 0 -30 12
v 1 -31 12
v 1 -30 12
v 2 -31 12
v 2 -30 12
v 3 -31 12
v 3 -30 12
v 4 -31 12
v 4 -30 12
v 5 -31 12
v 5 -30 12
v 6 -31 12
v 6 -30 12
v 7 -31 12
v 7 -30 12
v 8 -31 12
v 8 -30 12
v 9 -31 12
v 9 -30 12
v 10 -31 12
v 10 -30 12
v 11 -31 12
v 11 -30 12
v 12 -31 12
v 12 -30 12
v 13 -31 12
v 13 -30 12
v 14 -31 12
v 14 -30 12
v 15 -31 12
v 15 -30 12
v 16 -31 12
v 16 -30 12
v 17 -30 12
v 17 -31 12
v 7 10 13
v 7 11 13
v 7 11 12
v 8 11 12
v 8 11 13
v 8 10 13
v 6 9 13
v 6 10 13
v 9 10 13
v 10 10 13
v 9 9 13
v 10 9 13
v 11 10 13
v 11 9 13
v 5 8 12
v 5 8 13
v 5 9 13
v 5 9 12
v 6 8 13
v 12 9 13
v 11 8 13
v 12 8 13
v 13 9 13
v 13 8 13
v 6 7 13
v 7 7 13
v 14 8 13
v 13 7 13
v 14 7 13
v 15 8 13
v 15 7 13
v -8 6 13
v -8 7 13
v -8 7 12
v -7 7 13
v -6 7 13
v -5 7 13
v -4 7 13
v -3 7 13
v -3 6 13
v -4 6 13
v 7 6 13
v 8 6 13
v 8 7 13
v 14 6 13
v 15 6 13
v 16 7 13
v 16 6 13
v 17 7 13
v 17 6 13
v -8 5 13
v -2 6 13
v -2 5 13
v -3 5 13
v 8 5 13
v 9 5 13
v 9 6 13
v 15 5 13
v 16 5 13
v 17 5 13
v 18 6 13
v 18 5 13
v 19 6 13
v 19 5 13
v -9 4 13
v -9 5 13
v -2 4 13
v -3 4 13
v 9 4 13
v 10 4 13
v 10 5 13
v 11 4 13
v 11 5 13
v 12 4 13
v 12 5 13
v 15 4 13
v 16 4 13
v 17 4 13
v 18 4 13
v 19 4 13
v -9 3 13
v -2 3 13
v -3 3 13
v 11 3 13
v 12 3 13
v 13 3 13
v 13 4 13
v 14 3 13
v 14 4 13
v 15 3 13
v 16 3 13
v 17 3 13
v 18 3 13
v 19 3 13
v 20 4 13
v 20 3 13
v -9 2 12
v -9 2 13
v -8 2 13
v -7 2 13
v -3 2 13
v -4 2 13
v -2 2 13
v 13 2 13
v 14 2 13
v 15 2 13
v 16 2 13
v 17 2 13
v 18 2 13
v 19 2 13
v -7 1 13
v -6 1 13
v -5 1 13
v -4 1 13
v 14 1 13
v 15 1 13
v 16 1 13
v 17 1 13
v 18 1 13
v 19 1 13
v 16 0 13
v 17 0 13
v -10 -27 13
v -10 -26 13
v -9 -26 13
v -8 -26 13
v -7 -26 13
v -6 -26 13
v -5 -26 13
v -4 -26 13
v -4 -27 13
v -2 -27 13
v -2 -26 13
v -1 -26 13
v 0 -26 13
v 1 -26 13
v 2 -26 13
v 3 -26 13
v 4 -26 13
v 4 -27 13
v -10 -28 13
v -4 -28 13
v -2 -28 13
v 4 -28 13
v -10 -29 13
v -9 -29 13
v -8 -29 13
v -7 -29 13
v -6 -29 13
v -5 -29 13
v -4 -29 13
v -2 -29 13
v -1 -29 13
v 0 -29 13
v 1 -29 13
v 2 -29 13
v 3 -29 13
v 4 -29 13
v -16 -31 13
v -16 -30 13
v -15 -31 13
v -15 -30 13
v -14 -31 13
v -14 -30 13
v -13 -31 13
v -13 -30 13
v -12 -31 13
v -12 -30 13
v -11 -31 13
v -11 -30 13
v -10 -31 13
v -10 -30 13
v -9 -31 13
v -9 -30 13
v -8 -31 13
v -8 -30 13
v -7 -31 13
v -7 -30 13
v -6 -31 13
v -6 -30 13
v -5 -31 13
v -5 -30 13
v -4 -31 13
v -4 -30 13
v -3 -31 13
v -3 -30 13
v -2 -31 13
v -2 -30 13
v -1 -31 13
v -1 -30 13
v 0 -31 13
v 0 -30 13
v 1 -31 13
v 1 -30 13
v 2 -31 13
v 2 -30 13
v 3 -31 13
v 3 -30 13
v 4 -31 13
v 4 -30 13
v 5 -31 13
v 5 -30 13
v 6 -31 13
v 6 -30 13
v 7 -31 13
v 7 -30 13
v 8 -31 13
v 8 -30 13
v 9 -31 13
v 9 -30 13
v 10 -31 13
v 10 -30 13
v 11 -31 13
v 11 -30 13
v 12 -31 13
v 12 -30 13
v 13 -31 13
v 13 -30 13
v 14 -31 13
v 14 -30 13
v 15 -31 13
v 15 -30 13
v 16 -31 13
v 16 -30 13
v 17 -30 13
v 17 -31 13
v 6 9 14
v 6 10 14
v 7 10 14
v 7 9 14
v 8 10 14
v 8 9 14
v 9 10 14
v 9 9 14
v 6 8 14
v 7 8 14
v 8 8 14
v 9 8 14
v 10 9 14
v 10 8 14
v 11 9 14
v 11 8 14
v 6 7 14
v 7 7 14
v 8 7 14
v 9 7 14
v 10 7 14
v 11 7 14
v 12 8 14
v 12 7 14
v 13 8 14
v 13 7 14
v -8 6 14
v -8 7 14
v -7 7 14
v -7 6 14
v -6 7 14
v -5 7 14
v -6 6 14
v -5 6 14
v -4 7 14
v -4 6 14
v 8 6 14
v 9 6 14
v 10 6 14
v 11 6 14
v 12 6 14
v 13 6 14
v 14 7 14
v 14 6 14
v -9 5 14
v -9 6 14
v -9 6 13
v -3 6 14
v -3 5 14
v -4 5 14
v 9 5 14
v 10 5 14
v 11 5 14
v 12 5 14
v 13 5 14
v 14 5 14
v 15 6 14
v 15 5 14
v -9 4 14
v -3 4 14
v 12 4 14
v 13 4 14
v 14 4 14
v 15 4 14
v -9 3 14
v -3 3 14
v 16 3 14
v 16 4 14
v 17 4 14
v 17 3 14
v -9 2 14
v -8 2 14
v -3 2 14
v -4 2 14
v -4 3 14
v -8 1 13
v -8 1 14
v -7 1 14
v -6 1 14
v -5 1 14
v -4 1 14
v -5 2 14
v -10 -27 14
v -10 -26 14
v -9 -26 14
v -9 -27 14
v -8 -26 14
v -8 -27 14
v -7 -26 14
v -7 -27 14
v -6 -26 14
v -6 -27 14
v -5 -26 14
v -5 -27 14
v -4 -26 14
v -4 -27 14
v -2 -27 14
v -2 -26 14
v -1 -26 14
v -1 -27 14
v 0 -26 14
v 0 -27 14
v 1 -26 14
v 1 -27 14
v 2 -26 14
v 2 -27 14
v 3 -26 14
v 3 -27 14
v 4 -26 14
v 4 -27 14
v -10 -28 14
v -9 -28 14
v -8 -28 14
v -7 -28 14
v -6 -28 14
v -5 -28 14
v -4 -28 14
v -2 -28 14
v -1 -28 14
v 0 -28 14
v 1 -28 14
v 2 -28 14
v 3 -28 14
v 4 -28 14
v -10 -29 14
v -9 -29 14
v -8 -29 14
v -7 -29 14
v -6 -29 14
v -5 -29 14
v -4 -29 14
v -2 -29 14
v -1 -29 14
v 0 -29 14
v 1 -29 14
v 2 -29 14
v 3 -29 14
v 4 -29 14
v -14 -31 14
v -14 -30 14
v -13 -31 14
v -13 -30 14
v -12 -31 14
v -12 -30 14
v -11 -31 14
v -11 -30 14
v -10 -31 14
v -10 -30 14
v -9 -31 14
v -9 -30 14
v -8 -31 14
v -8 -30 14
v -7 -31 14
v -7 -30 14
v -6 -31 14
v -6 -30 14
v -5 -31 14
v -5 -30 14
v -4 -31 14
v -4 -30 14
v -3 -31 14
v -3 -30 14
v -2 -31 14
v -2 -30 14
v -1 -31 14
v -1 -30 14
v 0 -31 14
v 0 -30 14
v 1 -31 14
v 1 -30 14
v 2 -31 14
v 2 -30 14
v 3 -31 14
v 3 -30 14
v 4 -31 14
v 4 -30 14
v 5 -31 14
v 5 -30 14
v 6 -31 14
v 6 -30 14
v 7 -31 14
v 7 -30 14
v 8 -31 14
v 8 -30 14
v 9 -31 14
v 9 -30 14
v 10 -31 14
v 10 -30 14
v 11 -31 14
v 11 -30 14
v 12 -31 14
v 12 -30 14
v 13 -31 14
v 13 -30 14
v 14 -31 14
v 14 -30 14
v 15 -30 14
v 15 -31 14
v 7 8 15
v 7 9 15
v 8 9 15
v 8 8 15
v -7 6 15
v -7 7 15
v -6 7 15
v -6 6 15
v -9 5 15
v -9 6 15
v -8 6 15
v -5 6 15
v -4 6 15
v -4 5 15
v -5 5 15
v -9 4 15
v -3 5 15
v -3 4 15
v -4 4 15
v -10 3 14
v -10 3 15
v -10 4 15
v -10 4 14
v -9 3 15
v -3 3 15
v -4 3 15
v -9 2 15
v -8 2 15
v -4 2 15
v -5 2 15
v -5 3 15
v -8 1 15
v -7 1 15
v -6 1 15
v -5 1 15
v -6 2 15
v -13 -31 15
v -13 -30 15
v -12 -31 15
v -12 -30 15
v -11 -31 15
v -11 -30 15
v -10 -31 15
v -10 -30 15
v -9 -31 15
v -9 -30 15
v -8 -31 15
v -8 -30 15
v -7 -31 15
v -7 -30 15
v -6 -31 15
v -6 -30 15
v -5 -31 15
v -5 -30 15
v -4 -31 15
v -4 -30 15
v -3 -31 15
v -3 -30 15
v -2 -31 15
v -2 -30 15
v -1 -31 15
v -1 -30 15
v 0 -31 15
v 0 -30 15
v 1 -31 15
v 1 -30 15
v 2 -31 15
v 2 -30 15
v 3 -31 15
v 3 -30 15
v 4 -31 15
v 4 -30 15
v 5 -31 15
v 5 -30 15
v 6 -31 15
v 6 -30 15
v 7 -31 15
v 7 -30 15
v 8 -31 15
v 8 -30 15
v 9 -31 15
v 9 -30 15
v 10 -31 15
v 10 -30 15
v 11 -31 15
v 11 -30 15
v 12 -31 15
v 12 -30 15
v 13 -31 15
v 13 -30 15
v 14 -30 15
v 14 -31 15
v -9 5 16
v -9 6 16
v -8 6 16
v -7 6 16
v -6 6 16
v -5 6 16
v -5 5 16
v -6 5 16
v -10 4 16
v -10 5 16
v -10 5 15
v -4 5 16
v -4 4 16
v -5 4 16
v -10 3 16
v -4 3 16
v -5 3 16
v -10 2 15
v -10 2 16
v -9 2 16
v -8 2 16
v -5 2 16
v -6 2 16
v -6 3 16
v -8 1 16
v -7 1 16
v -6 1 16
v -7 2 16
v -11 -31 16
v -11 -30 16
v -10 -31 16
v -10 -30 16
v -9 -31 16
v -9 -30 16
v -8 -31 16
v -8 -30 16
v -7 -31 16
v -7 -30 16
v -6 -31 16
v -6 -30 16
v -5 -31 16
v -5 -30 16
v -4 -31 16
v -4 -30 16
v -3 -31 16
v -3 -30 16
v -2 -31 16
v -2 -30 16
v -1 -31 16
v -1 -30 16
v 0 -31 16
v 0 -30 16
v 1 -31 16
v 1 -30 16
v 2 -31 16
v 2 -30 16
v 3 -31 16
v 3 -30 16
v 4 -31 16
v 4 -30 16
v 5 -31 16
v 5 -30 16
v 6 -31 16
v 6 -30 16
v 7 -31 16
v 7 -30 16
v 8 -31 16
v 8 -30 16
v 9 -31 16
v 9 -30 16
v 10 -31 16
v 10 -30 16
v 11 -31 16
v 11 -30 16
v 12 -30 16
v 12 -31 16
v -9 5 17
v -9 6 17
v -8 6 17
v -7 6 17
v -8 5 17
v -7 5 17
v -6 6 17
v -6 5 17
v -10 4 17
v -10 5 17
v -5 5 17
v -5 4 17
v -6 4 17
v -10 3 17
v -5 3 17
v -6 3 17
v -10 2 17
v -9 2 17
v -8 2 17
v -6 2 17
v -7 2 17
v -8 1 17
v -7 1 17
v -9 -31 17
v -9 -30 17
v -8 -31 17
v -8 -30 17
v -7 -31 17
v -7 -30 17
v -6 -31 17
v -6 -30 17
v -5 -31 17
v -5 -30 17
v -4 -31 17
v -4 -30 17
v -3 -31 17
v -3 -30 17
v -2 -31 17
v -2 -30 17
v -1 -31 17
v -1 -30 17
v 0 -31 17
v 0 -30 17
v 1 -31 17
v 1 -30 17
v 2 -31 17
v 2 -30 17
v 3 -31 17
v 3 -30 17
v 4 -31 17
v 4 -30 17
v 5 -31 17
v 5 -30 17
v 6 -31 17
v 6 -30 17
v 7 -31 17
v 7 -30 17
v 8 -31 17
v 8 -30 17
v 9 -31 17
v 9 -30 17
v 10 -30 17
v 10 -31 17
v -9 5 18
v -9 6 18
v -8 6 18
v -8 5 18
v -10 4 18
v -10 5 18
v -7 5 18
v -6 5 18
v -6 4 18
v -7 4 18
v -11 3 17
v -11 3 18
v -11 4 18
v -11 4 17
v -10 3 18
v -6 3 18
v -7 3 18
v -10 2 18
v -9 2 18
v -7 2 18
v -8 2 18
v -6 2 18
v -9 1 17
v -9 1 18
v -8 1 18
v -7 -31 18
v -7 -30 18
v -6 -31 18
v -6 -30 18
v -5 -31 18
v -5 -30 18
v -4 -31 18
v -4 -30 18
v -3 -31 18
v -3 -30 18
v -2 -31 18
v -2 -30 18
v -1 -31 18
v -1 -30 18
v 0 -31 18
v 0 -30 18
v 1 -31 18
v 1 -30 18
v 2 -31 18
v 2 -30 18
v 3 -31 18
v 3 -30 18
v 4 -31 18
v 4 -30 18
v 5 -31 18
v 5 -30 18
v 6 -31 18
v 6 -30 18
v 7 -31 18
v 7 -30 18
v 8 -30 18
v 8 -31 18
v -10 4 19
v -10 5 19
v -9 5 19
v -8 5 19
v -7 5 19
v -7 4 19
v -10 3 19
v -7 3 19
v -10 2 19
v -9 2 19
v -8 2 19
v -7 2 19
v 0 -31 19
v 0 -30 19
v 1 -30 19
v 1 -31 19
v -10 4 20
v -10 5 20
v -9 5 20
v -9 4 20
v -8 5 20
v -7 5 20
v -7 4 20
v -8 4 20
v -11 3 19
v -11 3 20
v -11 4 20
v -11 4 19
v -10 3 20
v -6 3 19
v -6 4 19
v -6 4 20
v -6 3 20
v -7 3 20
v -10 2 20
v -9 2 20
v -9 3 20
v -8 2 20
v -7 2 20
v -8 3 20
v -9 4 21
v -9 5 21
v -8 5 21
v -8 4 21
v -10 3 21
v -10 4 21
v -9 3 21
v -8 3 21
v -7 4 21
v -7 3 21
v -9 2 21
v -8 2 21
vn -1 0 0
vn 1 0 0
vn 0 -1 0
vn 0 1 0
vn 0 0 -1
vn 0 0 1
s off
g glyph_35
f 4703//1 4704//1 4705//1 4706//1
f 4707//2 4708//2 4709//2 4710//2
f 4703//3 4707//3 4710//3 4704//3
f 4706//4 4705//4 4709//4 4708//4
f 4703//5 4706//5 4708//5 4707//5
f 4711//1 4712//1 4713//1 4714//1
f 4715//2 4716//2 4717//2 4718//2
f 4711//3 4715//3 4718//3 4712//3
f 4714//4 4713//4 4717//4 4716//4
f 4711//5 4714//5 4716//5 4715//5
f 4719//1 4720//1 4710//1 4707//1
f 4721//2 4722//2 4723//2 4724//2
f 4707//4 4710//4 4723//4 4722//4
f 4719//5 4707//5 4722//5 4721//5
f 4725//1 4726//1 4727//1 4728//1
f 4729//2 4711//2 4712//2 4730//2
f 4728//4 4727//4 4712//4 4711//4
f 4725//5 4728//5 4711//5 4729//5
f 4731//1 4732//1 4720//1 4719//1
f 4733//2 4721//2 4724//2 4734//2
f 4731//5 4719//5 4721//5 4733//5
f 4735//1 4736//1 4726//1 4725//1
f 4737//2 4729//2 4730//2 4738//2
f 4735//5 4725//5 4729//5 4737//5
f 4739//1 4740//1 4741//1 4742//1
f 4742//4 4741//4 4732//4 4731//4
f 4739//5 4742//5 4731//5 4743//5
f 4743//5 4731//5 4733//5 4744//5
f 4745//2 4746//2 4747//2 4748//2
f 4733//4 4734//4 4747//4 4746//4
f 4744//5 4733//5 4746//5 4745//5
f 4749//1 4750//1 4751//1 4752//1
f 4752//4 4751//4 4736//4 4735//4
f 4749//5 4752//5 4735//5 4753//5
f 4753//5 4735//5 4737//5 4754//5
f 4755//2 4756//2 4757//2 4758//2
f 4737//4 4738//4 4757//4 4756//4
f 4754//5 4737//5 4756//5 4755//5
f 4759//1 4760//1 4740//1 4739//1
f 4759//3 4761//3 4762//3 4760//3
f 4759//5 4739//5 4743//5 4761//5
f 4761//5 4743//5 4744//5 4763//5
f 4764//2 4745//2 4748//2 4765//2
f 4763//5 4744//5 4745//5 4764//5
f 4766//1 4767//1 4750//1 4749//1
f 4766//5 4749//5 4753//5 4768//5
f 4768//5 4753//5 4754//5 4769//5
f 4770//2 4755//2 4758//2 4771//2
f 4769//3 4770//3 4771//3 4772//3
f 4769//5 4754//5 4755//5 4770//5
f 4773//1 4774//1 4762//1 4761//1
f 4773//5 4761//5 4763//5 4775//5
f 4775//5 4763//5 4764//5 4776//5
f 4777//2 4778//2 4779//2 4780//2
f 4764//4 4765//4 4779//4 4778//4
f 4776//5 4764//5 4778//5 4777//5
f 4781//1 4782//1 4783//1 4784//1
f 4784//4 4783//4 4767//4 4766//4
f 4781//5 4784//5 4766//5 4785//5
f 4785//5 4766//5 4768//5 4786//5
f 4787//2 4769//2 4772//2 4788//2
f 4786//5 4768//5 4769//5 4787//5
f 4789//1 4790//1 4791//1 4792//1
f 4792//4 4791//4 4774//4 4773//4
f 4789//5 4792//5 4773//5 4793//5
f 4793//5 4773//5 4775//5 4794//5
f 4794//5 4775//5 4776//5 4795//5
f 4795//5 4776//5 4777//5 4796//5
f 4797//2 4798//2 4799//2 4800//2
f 4777//4 4780//4 4799//4 4798//4
f 4796//5 4777//5 4798//5 4797//5
f 4801//1 4802//1 4803//1 4804//1
f 4804//4 4803//4 4782//4 4781//4
f 4801//5 4804//5 4781//5 4805//5
f 4805//5 4781//5 4785//5 4806//5
f 4806//5 4785//5 4786//5 4807//5
f 4807//5 4786//5 4787//5 4808//5
f 4809//2 4810//2 4811//2 4812//2
f 4787//4 4788//4 4811//4 4810//4
f 4808//5 4787//5 4810//5 4809//5
f 4813//1 4814//1 4790//1 4789//1
f 4813//5 4789//5 4793//5 4815//5
f 4815//5 4793//5 4794//5 4816//5
f 4816//5 4794//5 4795//5 4817//5
f 4817//5 4795//5 4796//5 4818//5
f 4819//2 4797//2 4800//2 4820//2
f 4818//5 4796//5 4797//5 4819//5
f 4821//1 4822//1 4802//1 4801//1
f 4821//5 4801//5 4805//5 4823//5
f 4823//5 4805//5 4806//5 4824//5
f 4824//5 4806//5 4807//5 4825//5
f 4825//5 4807//5 4808//5 4826//5
f 4827//2 4809//2 4812//2 4828//2
f 4826//5 4808//5 4809//5 4827//5
f 4829//1 4830//1 4814//1 4813//1
f 4829//5 4813//5 4815//5 4831//5
f 4831//5 4815//5 4816//5 4832//5
f 4832//5 4816//5 4817//5 4833//5
f 4833//5 4817//5 4818//5 4834//5
f 4835//2 4819//2 4820//2 4836//2
f 4834//5 4818//5 4819//5 4835//5
f 4837//1 4838//1 4822//1 4821//1
f 4837//5 4821//5 4823//5 4839//5
f 4839//5 4823//5 4824//5 4840//5
f 4840//5 4824//5 4825//5 4841//5
f 4841//5 4825//5 4826//5 4842//5
f 4843//2 4827//2 4828//2 4844//2
f 4842//5 4826//5 4827//5 4843//5
f 4845//1 4846//1 4830//1 4829//1
f 4845//5 4829//5 4831//5 4847//5
f 4847//5 4831//5 4832//5 4848//5
f 4848//5 4832//5 4833//5 4849//5
f 4849//5 4833//5 4834//5 4850//5
f 4850//5 4834//5 4835//5 4851//5
f 4835//4 4836//4 4852//4 4853//4
f 4851//5 4835//5 4853//5 4854//5
f 4855//2 4856//2 4857//2 4858//2
f 4853//4 4852//4 4857//4 4856//4
f 4854//5 4853//5 4856//5 4855//5
f 4859//1 4860//1 4861//1 4862//1
f 4862//4 4861//4 4863//4 4864//4
f 4859//5 4862//5 4864//5 4865//5
f 4864//4 4863//4 4838//4 4837//4
f 4865//5 4864//5 4837//5 4866//5
f 4866//5 4837//5 4839//5 4867//5
f 4867//5 4839//5 4840//5 4868//5
f 4868//5 4840//5 4841//5 4869//5
f 4869//5 4841//5 4842//5 4870//5
f 4871//2 4843//2 4844//2 4872//2
f 4870//5 4842//5 4843//5 4871//5
f 4873//1 4874//1 4846//1 4845//1
f 4873//5 4845//5 4847//5 4875//5
f 4875//5 4847//5 4848//5 4876//5
f 4876//5 4848//5 4849//5 4877//5
f 4877//5 4849//5 4850//5 4878//5
f 4878//5 4850//5 4851//5 4879//5
f 4879//5 4851//5 4854//5 4332//5
f 4332//5 4854//5 4855//5 4334//5
f 4335//5 4859//5 4865//5 4337//5
f 4337//5 4865//5 4866//5 4886//5
f 4886//5 4866//5 4867//5 4887//5
f 4887//5 4867//5 4868//5 4888//5
f 4888//5 4868//5 4869//5 4889//5
f 4889//5 4869//5 4870//5 4890//5
f 4891//2 4871//2 4872//2 4892//2
f 4890//5 4870//5 4871//5 4891//5
f 4893//1 4894//1 4874//1 4873//1
f 4893//5 4873//5 4875//5 4895//5
f 4895//5 4875//5 4876//5 4896//5
f 4896//5 4876//5 4877//5 4897//5
f 4897//5 4877//5 4878//5 4340//5
f 4340//5 4878//5 4879//5 4342//5
f 4342//5 4879//5 4332//5 4331//5
f 4338//5 4337//5 4886//5 4343//5
f 4343//5 4886//5 4887//5 4345//5
f 4345//5 4887//5 4888//5 4898//5
f 4898//5 4888//5 4889//5 4899//5
f 4899//5 4889//5 4890//5 4900//5
f 4901//2 4891//2 4892//2 4902//2
f 4900//5 4890//5 4891//5 4901//5
f 4903//1 4904//1 4905//1 4906//1
f 4903//3 4907//3 4908//3 4904//3
f 4906//4 4905//4 4894//4 4893//4
f 4903//5 4906//5 4893//5 4907//5
f 4907//3 4909//3 4910//3 4908//3
f 4907//5 4893//5 4895//5 4909//5
f 4909//3 4911//3 4912//3 4910//3
f 4909//5 4895//5 4896//5 4911//5
f 4911//3 4348//3 4913//3 4912//3
f 4911//5 4896//5 4897//5 4348//5
f 4348//5 4897//5 4340//5 4339//5
f 4346//5 4345//5 4898//5 4351//5
f 4351//3 4914//3 4915//3 4916//3
f 4351//5 4898//5 4899//5 4914//5
f 4914//3 4917//3 4918//3 4915//3
f 4914//5 4899//5 4900//5 4917//5
f 4917//3 4919//3 4920//3 4918//3
f 4917//5 4900//5 4901//5 4919//5
f 4921//2 4922//2 4923//2 4924//2
f 4919//3 4921//3 4924//3 4920//3
f 4901//4 4902//4 4923//4 4922//4
f 4919//5 4901//5 4922//5 4921//5
f 4704//1 5289//1 5290//1 4705//1
f 4710//2 4709//2 5291//2 5292//2
f 4704//3 4710//3 5292//3 5289//3
f 4705//4 5290//4 5291//4 4709//4
f 4712//1 5293//1 5294//1 4713//1
f 4718//2 4717//2 5295//2 5296//2
f 4712//3 4718//3 5296//3 5293//3
f 4713//4 5294//4 5295//4 4717//4
f 4720//1 5297//1 5292//1 4710//1
f 4724//2 4723//2 5298//2 5299//2
f 4710//4 5292//4 5298//4 4723//4
f 4726//1 5300//1 5301//1 4727//1
f 4730//2 4712//2 5293//2 5302//2
f 4727//4 5301//4 5293//4 4712//4
f 4732//1 5303//1 5297//1 4720//1
f 4734//2 4724//2 5299//2 5304//2
f 4736//1 5305//1 5300//1 4726//1
f 4738//2 4730//2 5302//2 5306//2
f 4740//1 5307//1 5308//1 4741//1
f 4741//4 5308//4 5303//4 4732//4
f 4748//2 4747//2 5309//2 5310//2
f 4734//4 5304//4 5309//4 4747//4
f 4750//1 5311//1 5312//1 4751//1
f 4751//4 5312//4 5305//4 4736//4
f 4758//2 4757//2 5313//2 5314//2
f 4738//4 5306//4 5313//4 4757//4
f 4760//1 5315//1 5307//1 4740//1
f 4760//3 4762//3 5316//3 5315//3
f 4765//2 4748//2 5310//2 5317//2
f 4767//1 5318//1 5311//1 4750//1
f 4771//2 4758//2 5314//2 5319//2
f 4772//3 4771//3 5319//3 5320//3
f 4774//1 5321//1 5316//1 4762//1
f 4780//2 4779//2 5322//2 5323//2
f 4765//4 5317//4 5322//4 4779//4
f 4782//1 5324//1 5325//1 4783//1
f 4783//4 5325//4 5318//4 4767//4
f 4788//2 4772//2 5320//2 5326//2
f 4790//1 5327//1 5328//1 4791//1
f 4791//4 5328//4 5321//4 4774//4
f 4800//2 4799//2 5329//2 5330//2
f 4780//4 5323//4 5329//4 4799//4
f 4802//1 5331//1 5332//1 4803//1
f 4803//4 5332//4 5324//4 4782//4
f 4812//2 4811//2 5333//2 5334//2
f 4788//4 5326//4 5333//4 4811//4
f 4814//1 5335//1 5327//1 4790//1
f 4820//2 4800//2 5330//2 5336//2
f 4822//1 5337//1 5331//1 4802//1
f 4828//2 4812//2 5334//2 5338//2
f 4830//1 5339//1 5335//1 4814//1
f 4836//2 4820//2 5336//2 5340//2
f 4838//1 5341//1 5337//1 4822//1
f 4844//2 4828//2 5338//2 5342//2
f 4846//1 5343//1 5339//1 4830//1
f 4836//4 5340//4 5344//4 4852//4
f 4858//2 4857//2 5345//2 5346//2
f 4852//4 5344//4 5345//4 4857//4
f 4860//1 5347//1 5348//1 4861//1
f 4861//4 5348//4 5349//4 4863//4
f 4863//4 5349//4 5341//4 4838//4
f 4872//2 4844//2 5342//2 5350//2
f 4874//1 5351//1 5343//1 4846//1
f 4892//2 4872//2 5350//2 5358//2
f 4894//1 5359//1 5351//1 4874//1
f 4902//2 4892//2 5358//2 5360//2
f 4904//1 5361//1 5362//1 4905//1
f 4904//3 4908//3 5363//3 5361//3
f 4905//4 5362//4 5359//4 4894//4
f 4908//3 4910//3 5364//3 5363//3
f 4910//3 4912//3 5365//3 5364//3
f 4912//3 4913//3 5366//3 5365//3
f 4916//3 4915//3 5367//3 5368//3
f 4915//3 4918//3 5369//3 5367//3
f 4918//3 4920//3 5370//3 5369//3
f 4924//2 4923//2 5371//2 5372//2
f 4920//3 4924//3 5372//3 5370//3
f 4902//4 5360//4 5371//4 4923//4
f 5289//1 5735//1 5736//1 5290//1
f 5292//2 5291//2 5737//2 5738//2
f 5289//3 5292//3 5738//3 5735//3
f 5290//4 5736//4 5737//4 5291//4
f 5293//1 5739//1 5740//1 5294//1
f 5296//2 5295//2 5741//2 5742//2
f 5293//3 5296//3 5742//3 5739//3
f 5294//4 5740//4 5741//4 5295//4
f 5297//1 5743//1 5738//1 5292//1
f 5299//2 5298//2 5744//2 5745//2
f 5292//4 5738//4 5744//4 5298//4
f 5300//1 5746//1 5747//1 5301//1
f 5302//2 5293//2 5739//2 5748//2
f 5301//4 5747//4 5739//4 5293//4
f 5303//1 5749//1 5743//1 5297//1
f 5304//2 5299//2 5745//2 5750//2
f 5305//1 5751//1 5746//1 5300//1
f 5306//2 5302//2 5748//2 5752//2
f 5307//1 5753//1 5754//1 5308//1
f 5308//4 5754//4 5749//4 5303//4
f 5310//2 5309//2 5755//2 5756//2
f 5304//4 5750//4 5755//4 5309//4
f 5311//1 5757//1 5758//1 5312//1
f 5312//4 5758//4 5751//4 5305//4
f 5314//2 5313//2 5759//2 5760//2
f 5306//4 5752//4 5759//4 5313//4
f 5315//1 5761//1 5753//1 5307//1
f 5315//3 5316//3 5762//3 5761//3
f 5317//2 5310//2 5756//2 5763//2
f 5318//1 5764//1 5757//1 5311//1
f 5319//2 5314//2 5760//2 5765//2
f 5320//3 5319//3 5765//3 5766//3
f 5321//1 5767//1 5762//1 5316//1
f 5323//2 5322//2 5768//2 5769//2
f 5317//4 5763//4 5768//4 5322//4
f 5324//1 5770//1 5771//1 5325//1
f 5325//4 5771//4 5764//4 5318//4
f 5326//2 5320//2 5766//2 5772//2
f 5327//1 5773//1 5774//1 5328//1
f 5328//4 5774//4 5767//4 5321//4
f 5330//2 5329//2 5775//2 5776//2
f 5323//4 5769//4 5775//4 5329//4
f 5331//1 5777//1 5778//1 5332//1
f 5332//4 5778//4 5770//4 5324//4
f 5334//2 5333//2 5779//2 5780//2
f 5326//4 5772//4 5779//4 5333//4
f 5335//1 5781//1 5773//1 5327//1
f 5336//2 5330//2 5776//2 5782//2
f 5337//1 5783//1 5777//1 5331//1
f 5338//2 5334//2 5780//2 5784//2
f 5339//1 5785//1 5781//1 5335//1
f 5340//2 5336//2 5782//2 5786//2
f 5341//1 5787//1 5783//1 5337//1
f 5342//2 5338//2 5784//2 5788//2
f 5343//1 5789//1 5785//1 5339//1
f 5340//4 5786//4 5790//4 5344//4
f 5346//2 5345//2 5791//2 5792//2
f 5344//4 5790//4 5791//4 5345//4
f 5347//1 5799//1 5800//1 5348//1
f 5348//4 5800//4 5801//4 5349//4
f 5349//4 5801//4 5787//4 5341//4
f 5350//2 5342//2 5788//2 5802//2
f 5351//1 5803//1 5789//1 5343//1
f 5358//2 5350//2 5802//2 5808//2
f 5359//1 5809//1 5803//1 5351//1
f 5360//2 5358//2 5808//2 5810//2
f 5361//1 5811//1 5812//1 5362//1
f 5361//3 5363//3 5813//3 5811//3
f 5362//4 5812//4 5809//4 5359//4
f 5363//3 5364//3 5814//3 5813//3
f 5364//3 5365//3 5815//3 5814//3
f 5365//3 5366//3 5816//3 5815//3
f 5368//3 5367//3 5817//3 5818//3
f 5367//3 5369//3 5819//3 5817//3
f 5369//3 5370//3 5820//3 5819//3
f 5372//2 5371//2 5821//2 5822//2
f 5370//3 5372//3 5822//3 5820//3
f 5360//4 5810//4 5821//4 5371//4
f 5735//1 6202//1 6203//1 5736//1
f 5738//2 5737//2 6204//2 6205//2
f 5735//3 5738//3 6205//3 6202//3
f 5736//4 6203//4 6204//4 5737//4
f 6202//6 6205//6 6204//6 6203//6
f 5739//1 6206//1 6207//1 5740//1
f 5742//2 5741//2 6208//2 6209//2
f 5739//3 5742//3 6209//3 6206//3
f 5740//4 6207//4 6208//4 5741//4
f 6206//6 6209//6 6208//6 6207//6
f 5743//1 6210//1 6205//1 5738//1
f 5745//2 5744//2 6211//2 6212//2
f 5738//4 6205//4 6211//4 5744//4
f 6210//6 6212//6 6211//6 6205//6
f 5746//1 6213//1 6214//1 5747//1
f 5748//2 5739//2 6206//2 6215//2
f 5747//4 6214//4 6206//4 5739//4
f 6213//6 6215//6 6206//6 6214//6
f 5749//1 6216//1 6210//1 5743//1
f 5750//2 5745//2 6212//2 6217//2
f 6216//6 6217//6 6212//6 6210//6
f 5751//1 6218//1 6213//1 5746//1
f 5752//2 5748//2 6215//2 6219//2
f 6218//6 6219//6 6215//6 6213//6
f 5753//1 6220//1 6221//1 5754//1
f 5754//4 6221//4 6216//4 5749//4
f 6220//6 6222//6 6216//6 6221//6
f 5756//2 5755//2 6223//2 6224//2
f 5750//4 6217//4 6223//4 5755//4
f 6225//6 6224//6 6223//6 6217//6
f 5757//1 6226//1 6227//1 5758//1
f 5758//4 6227//4 6218//4 5751//4
f 6226//6 6228//6 6218//6 6227//6
f 5760//2 5759//2 6229//2 6230//2
f 5752//4 6219//4 6229//4 5759//4
f 6231//6 6230//6 6229//6 6219//6
f 5761//1 6232//1 6220//1 5753//1
f 5761//3 5762//3 6233//3 6232//3
f 6232//6 6233//6 6222//6 6220//6
f 5763//2 5756//2 6224//2 6234//2
f 6235//6 6234//6 6224//6 6225//6
f 5764//1 6236//1 6226//1 5757//1
f 6236//6 6237//6 6228//6 6226//6
f 5765//2 5760//2 6230//2 6238//2
f 5766//3 5765//3 6238//3 6239//3
f 6239//6 6238//6 6230//6 6231//6
f 5767//1 6240//1 6233//1 5762//1
f 6240//6 6241//6 6235//6 6233//6
f 5769//2 5768//2 6242//2 6243//2
f 5763//4 6234//4 6242//4 5768//4
f 6244//6 6243//6 6242//6 6234//6
f 5770//1 6245//1 6246//1 5771//1
f 5771//4 6246//4 6236//4 5764//4
f 6245//6 6247//6 6236//6 6246//6
f 5772//2 5766//2 6239//2 6248//2
f 6249//6 6248//6 6239//6 6237//6
f 5773//1 6250//1 6251//1 5774//1
f 5774//4 6251//4 6240//4 5767//4
f 6250//6 6252//6 6240//6 6251//6
f 6252//6 6253//6 6241//6 6240//6
f 6254//6 6255//6 6243//6 6244//6
f 5776//2 5775//2 6256//2 6257//2
f 5769//4 6243//4 6256//4 5775//4
f 6255//6 6257//6 6256//6 6243//6
f 5777//1 6258//1 6259//1 5778//1
f 5778//4 6259//4 6245//4 5770//4
f 6258//6 6260//6 6245//6 6259//6
f 6260//6 6261//6 6247//6 6245//6
f 6262//6 6263//6 6248//6 6249//6
f 5780//2 5779//2 6264//2 6265//2
f 5772//4 6248//4 6264//4 5779//4
f 6263//6 6265//6 6264//6 6248//6
f 5781//1 6266//1 6250//1 5773//1
f 6266//6 6267//6 6252//6 6250//6
f 6267//6 6268//6 6253//6 6252//6
f 6269//6 6270//6 6255//6 6254//6
f 5782//2 5776//2 6257//2 6271//2
f 6270//6 6271//6 6257//6 6255//6
f 5783//1 6272//1 6258//1 5777//1
f 6272//6 6273//6 6260//6 6258//6
f 6273//6 6274//6 6261//6 6260//6
f 6275//6 6276//6 6263//6 6262//6
f 5784//2 5780//2 6265//2 6277//2
f 6276//6 6277//6 6265//6 6263//6
f 5785//1 6278//1 6266//1 5781//1
f 6278//6 6279//6 6267//6 6266//6
f 6279//6 6280//6 6268//6 6267//6
f 6281//6 6282//6 6270//6 6269//6
f 5786//2 5782//2 6271//2 6283//2
f 6282//6 6283//6 6271//6 6270//6
f 5787//1 6284//1 6272//1 5783//1
f 6284//6 6285//6 6273//6 6272//6
f 6285//6 6286//6 6274//6 6273//6
f 6287//6 6288//6 6276//6 6275//6
f 5788//2 5784//2 6277//2 6289//2
f 6288//6 6289//6 6277//6 6276//6
f 5789//1 6290//1 6278//1 5785//1
f 6290//6 6291//6 6279//6 6278//6
f 6291//6 6292//6 6280//6 6279//6
f 6292//6 6293//6 6281//6 6280//6
f 6294//6 6295//6 6283//6 6282//6
f 5786//4 6283//4 6296//4 5790//4
f 6295//6 6297//6 6296//6 6283//6
f 5792//2 5791//2 6298//2 6299//2
f 5790//4 6296//4 6298//4 5791//4
f 6297//6 6299//6 6298//6 6296//6
f 5799//1 6300//1 6301//1 5800//1
f 5800//4 6301//4 6302//4 5801//4
f 6300//6 6303//6 6302//6 6301//6
f 5801//4 6302//4 6284//4 5787//4
f 6303//6 6304//6 6284//6 6302//6
f 6304//6 6305//6 6285//6 6284//6
f 6306//6 6307//6 6287//6 6286//6
f 6307//6 6308//6 6288//6 6287//6
f 5802//2 5788//2 6289//2 6309//2
f 6308//6 6309//6 6289//6 6288//6
f 5803//1 6310//1 6290//1 5789//1
f 6310//6 6311//6 6291//6 6290//6
f 6311//6 6312//6 6292//6 6291//6
f 6312//6 6313//6 6293//6 6292//6
f 6314//6 6315//6 6295//6 6294//6
f 6315//6 6316//6 6297//6 6295//6
f 6316//6 6317//6 6299//6 6297//6
f 6324//6 6325//6 6303//6 6300//6
f 6325//6 6326//6 6304//6 6303//6
f 6326//6 6327//6 6305//6 6304//6
f 6328//6 6329//6 6307//6 6306//6
f 6329//6 6330//6 6308//6 6307//6
f 5808//2 5802//2 6309//2 6331//2
f 6330//6 6331//6 6309//6 6308//6
f 5809//1 6332//1 6310//1 5803//1
f 6332//6 6333//6 6311//6 6310//6
f 6333//6 6334//6 6312//6 6311//6
f 6334//6 6335//6 6313//6 6312//6
f 6336//6 6337//6 6315//6 6314//6
f 6338//6 6339//6 6327//6 6326//6
f 6340//6 6341//6 6329//6 6328//6
f 6341//6 6342//6 6330//6 6329//6
f 5810//2 5808//2 6331//2 6343//2
f 6342//6 6343//6 6331//6 6330//6
f 5811//1 6344//1 6345//1 5812//1
f 5811//3 5813//3 6346//3 6344//3
f 5812//4 6345//4 6332//4 5809//4
f 6344//6 6346//6 6332//6 6345//6
f 5813//3 5814//3 6347//3 6346//3
f 6346//6 6347//6 6333//6 6332//6
f 5814//3 5815//3 6348//3 6347//3
f 6347//6 6348//6 6334//6 6333//6
f 5815//3 5816//3 6349//3 6348//3
f 6348//6 6349//6 6335//6 6334//6
f 5818//3 5817//3 6350//3 6351//3
f 6351//6 6350//6 6341//6 6340//6
f 5817//3 5819//3 6352//3 6350//3
f 6350//6 6352//6 6342//6 6341//6
f 5819//3 5820//3 6353//3 6352//3
f 6352//6 6353//6 6343//6 6342//6
f 5822//2 5821//2 6354//2 6355//2
f 5820//3 5822//3 6355//3 6353//3
f 5810//4 6343//4 6354//4 5821//4
f 6353//6 6355//6 6354//6 6343//6
f 6951//1 6952//1 6953//1 6954//1
f 6954//4 6953//4 6955//4 6956//4
f 6951//5 6954//5 6956//5 6957//5
f 6956//4 6955//4 6958//4 6959//4
f 6957//5 6956//5 6959//5 6960//5
f 6959//4 6958//4 6961//4 6962//4
f 6960//5 6959//5 6962//5 6963//5
f 6962//4 6961//4 6964//4 6965//4
f 6963//5 6962//5 6965//5 6966//5
f 6965//4 6964//4 6967//4 6968//4
f 6966//5 6965//5 6968//5 6969//5
f 6970//2 6971//2 6972//2 6973//2
f 6968//4 6967//4 6972//4 6971//4
f 6969//5 6968//5 6971//5 6970//5
f 6974//1 6975//1 6976//1 6977//1
f 6977//4 6976//4 6978//4 6979//4
f 6974//5 6977//5 6979//5 6980//5
f 6979//4 6978//4 6981//4 6982//4
f 6980//5 6979//5 6982//5 6983//5
f 6982//4 6981//4 6984//4 6985//4
f 6983//5 6982//5 6985//5 6986//5
f 6985//4 6984//4 6987//4 6988//4
f 6986//5 6985//5 6988//5 6989//5
f 6988//4 6987//4 6990//4 6991//4
f 6989//5 6988//5 6991//5 6992//5
f 6993//2 6994//2 6995//2 6996//2
f 6991//4 6990//4 6995//4 6994//4
f 6992//5 6991//5 6994//5 6993//5
f 6997//1 6998//1 6952//1 6951//1
f 6997//5 6951//5 6957//5 6999//5
f 6999//5 6957//5 6960//5 7000//5
f 7000//5 6960//5 6963//5 7001//5
f 7001//5 6963//5 6966//5 7002//5
f 7002//5 6966//5 6969//5 7003//5
f 7004//2 6970//2 6973//2 7005//2
f 7003//5 6969//5 6970//5 7004//5
f 7006//1 7007//1 6975//1 6974//1
f 7006//5 6974//5 6980//5 7008//5
f 7008//5 6980//5 6983//5 7009//5
f 7009//5 6983//5 6986//5 7010//5
f 7010//5 6986//5 6989//5 7011//5
f 7011//5 6989//5 6992//5 7012//5
f 7013//2 6993//2 6996//2 7014//2
f 7012//5 6992//5 6993//5 7013//5
f 7015//1 7016//1 6998//1 6997//1
f 7015//3 7017//3 7018//3 7016//3
f 7015//5 6997//5 6999//5 7017//5
f 7017//3 7019//3 7020//3 7018//3
f 7017//5 6999//5 7000//5 7019//5
f 7019//3 7021//3 7022//3 7020//3
f 7019//5 7000//5 7001//5 7021//5
f 7021//3 7023//3 7024//3 7022//3
f 7021//5 7001//5 7002//5 7023//5
f 7023//3 7025//3 7026//3 7024//3
f 7023//5 7002//5 7003//5 7025//5
f 7027//2 7004//2 7005//2 7028//2
f 7025//3 7027//3 7028//3 7026//3
f 7025//5 7003//5 7004//5 7027//5
f 7029//1 7030//1 7007//1 7006//1
f 7029//3 7031//3 7032//3 7030//3
f 7029//5 7006//5 7008//5 7031//5
f 7031//3 7033//3 7034//3 7032//3
f 7031//5 7008//5 7009//5 7033//5
f 7033//3 7035//3 7036//3 7034//3
f 7033//5 7009//5 7010//5 7035//5
f 7035//3 7037//3 7038//3 7036//3
f 7035//5 7010//5 7011//5 7037//5
f 7037//3 7039//3 7040//3 7038//3
f 7037//5 7011//5 7012//5 7039//5
f 7041//2 7013//2 7014//2 7042//2
f 7039//3 7041//3 7042//3 7040//3
f 7039//5 7012//5 7013//5 7041//5
f 6905//1 7340//1 7338//1 6893//1
f 6906//2 6894//2 7339//2 7341//2
f 6907//1 7342//1 7340//1 6905//1
f 6908//2 6906//2 7341//2 7343//2
f 6909//1 7344//1 7342//1 6907//1
f 6909//3 6913//3 7345//3 7344//3
f 6910//2 6908//2 7343//2 7346//2
f 6916//3 6910//3 7346//3 7347//3
f 6912//1 7348//1 7345//1 6913//1
f 6915//2 6916//2 7347//2 7349//2
f 6917//1 7350//1 7348//1 6912//1
f 6918//2 6915//2 7349//2 7351//2
f 6919//1 7352//1 7350//1 6917//1
f 6920//2 6918//2 7351//2 7353//2
f 6921//1 7354//1 7352//1 6919//1
f 6923//2 6920//2 7353//2 7355//2
f 7356//1 7357//1 7354//1 6921//1
f 7356//5 6921//5 6922//5 6925//5
f 7366//2 6923//2 7355//2 7367//2
f 6926//5 6924//5 6923//5 7366//5
f 7368//1 7369//1 7357//1 7356//1
f 7368//5 7356//5 6925//5 6927//5
f 7376//2 7366//2 7367//2 7377//2
f 6929//5 6926//5 7366//5 7376//5
f 7378//1 7379//1 7369//1 7368//1
f 7378//5 7368//5 6927//5 7380//5
f 7380//5 6927//5 6928//5 6931//5
f 6932//2 6935//2 7371//2 7381//2
f 6942//1 7384//1 7375//1 6943//1
f 6944//5 6930//5 6929//5 7385//5
f 7386//2 7376//2 7377//2 7387//2
f 7385//5 6929//5 7376//5 7386//5
f 7388//1 7389//1 7379//1 7378//1
f 7388//5 7378//5 7380//5 7390//5
f 7390//5 7380//5 6931//5 7391//5
f 6945//2 6932//2 7381//2 7392//2
f 7391//5 6931//5 6932//5 6945//5
f 6950//1 7393//1 7384//1 6942//1
f 6950//5 6942//5 6944//5 7394//5
f 7394//5 6944//5 7385//5 7395//5
f 7396//2 7386//2 7387//2 7397//2
f 7395//5 7385//5 7386//5 7396//5
f 7398//1 7399//1 7389//1 7388//1
f 7398//5 7388//5 7390//5 7400//5
f 7400//5 7390//5 7391//5 7401//5
f 7402//2 6945//2 7392//2 7403//2
f 7401//5 7391//5 6945//5 7402//5
f 7404//1 7405//1 7393//1 6950//1
f 7404//5 6950//5 7394//5 7406//5
f 7406//5 7394//5 7395//5 7407//5
f 7408//2 7396//2 7397//2 7409//2
f 7407//5 7395//5 7396//5 7408//5
f 7410//1 7411//1 7399//1 7398//1
f 7410//5 7398//5 7400//5 7412//5
f 7412//5 7400//5 7401//5 7413//5
f 7414//2 7402//2 7403//2 7415//2
f 7413//5 7401//5 7402//5 7414//5
f 7416//1 7417//1 7405//1 7404//1
f 7416//5 7404//5 7406//5 7418//5
f 7418//5 7406//5 7407//5 7419//5
f 7420//2 7408//2 7409//2 7421//2
f 7419//5 7407//5 7408//5 7420//5
f 7422//1 7423//1 7411//1 7410//1
f 7422//5 7410//5 7412//5 7424//5
f 7424//5 7412//5 7413//5 7425//5
f 7426//2 7414//2 7415//2 7427//2
f 7425//5 7413//5 7414//5 7426//5
f 7428//1 7429//1 7417//1 7416//1
f 7428//5 7416//5 7418//5 7430//5
f 7430//5 7418//5 7419//5 7431//5
f 7432//2 7420//2 7421//2 7433//2
f 7431//5 7419//5 7420//5 7432//5
f 6958//1 7434//1 7423//1 7422//1
f 6958//5 7422//5 7424//5 6961//5
f 6961//5 7424//5 7425//5 6964//5
f 6967//2 7426//2 7427//2 7435//2
f 6964//5 7425//5 7426//5 6967//5
f 6981//1 7436//1 7429//1 7428//1
f 6981//5 7428//5 7430//5 6984//5
f 6984//5 7430//5 7431//5 6987//5
f 6990//2 7432//2 7433//2 7437//2
f 6987//5 7431//5 7432//5 6990//5
f 6952//1 7438//1 7439//1 6953//1
f 6953//4 7439//4 7440//4 6955//4
f 6955//4 7440//4 7434//4 6958//4
f 6973//2 6972//2 7441//2 7442//2
f 6967//4 7435//4 7441//4 6972//4
f 6975//1 7443//1 7444//1 6976//1
f 6976//4 7444//4 7445//4 6978//4
f 6978//4 7445//4 7436//4 6981//4
f 6996//2 6995//2 7446//2 7447//2
f 6990//4 7437//4 7446//4 6995//4
f 6998//1 7448//1 7438//1 6952//1
f 7005//2 6973//2 7442//2 7449//2
f 7007//1 7450//1 7443//1 6975//1
f 7014//2 6996//2 7447//2 7451//2
f 7016//1 7452//1 7448//1 6998//1
f 7016//3 7018//3 7453//3 7452//3
f 7018//3 7020//3 7454//3 7453//3
f 7020//3 7022//3 7455//3 7454//3
f 7022//3 7024//3 7456//3 7455//3
f 7024//3 7026//3 7457//3 7456//3
f 7028//2 7005//2 7449//2 7458//2
f 7026//3 7028//3 7458//3 7457//3
f 7030//1 7459//1 7450//1 7007//1
f 7030//3 7032//3 7460//3 7459//3
f 7032//3 7034//3 7461//3 7460//3
f 7034//3 7036//3 7462//3 7461//3
f 7036//3 7038//3 7463//3 7462//3
f 7038//3 7040//3 7464//3 7463//3
f 7042//2 7014//2 7451//2 7465//2
f 7040//3 7042//3 7465//3 7464//3
f 7327//1 7768//1 7761//1 7328//1
f 7768//6 7769//6 7762//6 7761//6
f 7330//2 7331//2 7765//2 7770//2
f 7771//6 7770//6 7765//6 7764//6
f 7338//1 7772//1 7773//1 7326//1
f 7326//4 7773//4 7768//4 7327//4
f 7772//6 7774//6 7768//6 7773//6
f 7339//2 7329//2 7775//2 7776//2
f 7330//4 7770//4 7775//4 7329//4
f 7777//6 7776//6 7775//6 7770//6
f 7340//1 7778//1 7772//1 7338//1
f 7341//2 7339//2 7776//2 7779//2
f 7342//1 7780//1 7778//1 7340//1
f 7343//2 7341//2 7779//2 7781//2
f 7344//1 7782//1 7780//1 7342//1
f 7346//2 7343//2 7781//2 7791//2
f 7792//1 7793//1 7782//1 7344//1
f 7792//5 7344//5 7345//5 7348//5
f 7798//2 7346//2 7791//2 7799//2
f 7349//5 7347//5 7346//5 7798//5
f 7800//1 7801//1 7793//1 7792//1
f 7800//5 7792//5 7348//5 7350//5
f 7806//2 7798//2 7799//2 7807//2
f 7351//5 7349//5 7798//5 7806//5
f 7808//1 7809//1 7801//1 7800//1
f 7808//5 7800//5 7350//5 7352//5
f 7814//2 7806//2 7807//2 7815//2
f 7353//5 7351//5 7806//5 7814//5
f 7816//1 7817//1 7809//1 7808//1
f 7816//5 7808//5 7352//5 7354//5
f 7822//2 7814//2 7815//2 7823//2
f 7355//5 7353//5 7814//5 7822//5
f 7824//1 7825//1 7817//1 7816//1
f 7824//5 7816//5 7354//5 7357//5
f 7358//2 7361//2 7819//2 7826//2
f 7364//1 7827//1 7821//1 7365//1
f 7828//2 7822//2 7823//2 7829//2
f 7367//5 7355//5 7822//5 7828//5
f 7830//1 7831//1 7825//1 7824//1
f 7830//5 7824//5 7357//5 7369//5
f 7370//2 7358//2 7826//2 7832//2
f 7374//1 7833//1 7827//1 7364//1
f 7834//2 7828//2 7829//2 7835//2
f 7377//5 7367//5 7828//5 7834//5
f 7836//1 7837//1 7831//1 7830//1
f 7836//5 7830//5 7369//5 7379//5
f 7838//2 7370//2 7832//2 7839//2
f 7381//5 7371//5 7370//5 7838//5
f 7840//1 7841//1 7833//1 7374//1
f 7840//5 7374//5 7375//5 7384//5
f 7842//2 7834//2 7835//2 7843//2
f 7387//5 7377//5 7834//5 7842//5
f 7844//1 7845//1 7837//1 7836//1
f 7844//5 7836//5 7379//5 7389//5
f 7846//2 7838//2 7839//2 7847//2
f 7392//5 7381//5 7838//5 7846//5
f 7848//1 7849//1 7841//1 7840//1
f 7848//5 7840//5 7384//5 7393//5
f 7850//2 7842//2 7843//2 7851//2
f 7397//5 7387//5 7842//5 7850//5
f 7852//1 7853//1 7845//1 7844//1
f 7852//5 7844//5 7389//5 7399//5
f 7854//2 7846//2 7847//2 7855//2
f 7403//5 7392//5 7846//5 7854//5
f 7856//1 7857//1 7849//1 7848//1
f 7856//5 7848//5 7393//5 7405//5
f 7858//2 7850//2 7851//2 7859//2
f 7409//5 7397//5 7850//5 7858//5
f 7860//1 7861//1 7853//1 7852//1
f 7860//5 7852//5 7399//5 7411//5
f 7862//2 7854//2 7855//2 7863//2
f 7415//5 7403//5 7854//5 7862//5
f 7864//1 7865//1 7857//1 7856//1
f 7864//5 7856//5 7405//5 7417//5
f 7866//2 7858//2 7859//2 7867//2
f 7421//5 7409//5 7858//5 7866//5
f 7868//1 7869//1 7861//1 7860//1
f 7868//5 7860//5 7411//5 7423//5
f 7870//2 7862//2 7863//2 7871//2
f 7427//5 7415//5 7862//5 7870//5
f 7872//1 7873//1 7865//1 7864//1
f 7872//5 7864//5 7417//5 7429//5
f 7874//2 7866//2 7867//2 7875//2
f 7433//5 7421//5 7866//5 7874//5
f 7440//1 7876//1 7869//1 7868//1
f 7440//5 7868//5 7423//5 7434//5
f 7441//2 7870//2 7871//2 7877//2
f 7435//5 7427//5 7870//5 7441//5
f 7445//1 7878//1 7873//1 7872//1
f 7445//5 7872//5 7429//5 7436//5
f 7446//2 7874//2 7875//2 7879//2
f 7437//5 7433//5 7874//5 7446//5
f 7438//1 7880//1 7881//1 7439//1
f 7439//4 7881//4 7876//4 7440//4
f 7442//2 7441//2 7877//2 7882//2
f 7443//1 7883//1 7884//1 7444//1
f 7444//4 7884//4 7878//4 7445//4
f 7447//2 7446//2 7879//2 7885//2
f 7448//1 7886//1 7880//1 7438//1
f 7449//2 7442//2 7882//2 7887//2
f 7450//1 7888//1 7883//1 7443//1
f 7451//2 7447//2 7885//2 7889//2
f 7452//1 7890//1 7886//1 7448//1
f 7452//3 7453//3 7891//3 7890//3
f 7453//3 7454//3 7892//3 7891//3
f 7454//3 7455//3 7893//3 7892//3
f 7455//3 7456//3 7894//3 7893//3
f 7456//3 7457//3 7895//3 7894//3
f 7458//2 7449//2 7887//2 7896//2
f 7457//3 7458//3 7896//3 7895//3
f 7459//1 7897//1 7888//1 7450//1
f 7459//3 7460//3 7898//3 7897//3
f 7460//3 7461//3 7899//3 7898//3
f 7461//3 7462//3 7900//3 7899//3
f 7462//3 7463//3 7901//3 7900//3
f 7463//3 7464//3 7902//3 7901//3
f 7465//2 7451//2 7889//2 7903//2
f 7464//3 7465//3 7903//3 7902//3
f 7769//1 8279//1 8269//1 7762//1
f 8279//6 8280//6 8270//6 8269//6
f 7771//2 7764//2 8278//2 8288//2
f 8287//6 8288//6 8278//6 8277//6
f 7774//1 8289//1 8290//1 7768//1
f 7768//4 8290//4 8279//4 7769//4
f 8289//6 8291//6 8279//6 8290//6
f 8292//6 8293//6 8281//6 8280//6
f 8298//6 8299//6 8287//6 8286//6
f 7777//2 7770//2 8300//2 8301//2
f 7771//4 8288//4 8300//4 7770//4
f 8302//6 8301//6 8300//6 8288//6
f 7778//1 8303//1 8304//1 7772//1
f 7772//4 8304//4 8289//4 7774//4
f 8303//6 8305//6 8289//6 8304//6
f 8306//6 8307//6 8294//6 8293//6
f 8310//6 8311//6 8298//6 8297//6
f 7779//2 7776//2 8312//2 8313//2
f 7777//4 8301//4 8312//4 7776//4
f 8314//6 8313//6 8312//6 8301//6
f 7780//1 8315//1 8303//1 7778//1
f 8315//6 8316//6 8305//6 8303//6
f 8317//6 8318//6 8307//6 8306//6
f 8321//6 8322//6 8311//6 8310//6
f 7781//2 7779//2 8313//2 8323//2
f 8324//6 8323//6 8313//6 8314//6
f 7782//1 8325//1 8315//1 7780//1
f 8325//6 8326//6 8316//6 8315//6
f 7783//2 7786//2 8318//2 8327//2
f 8328//6 8327//6 8318//6 8317//6
f 7789//1 8329//1 8321//1 7790//1
f 8329//6 8330//6 8322//6 8321//6
f 7791//2 7781//2 8323//2 8331//2
f 8332//6 8331//6 8323//6 8324//6
f 7793//1 8333//1 8325//1 7782//1
f 8333//6 8334//6 8326//6 8325//6
f 7794//2 7783//2 8327//2 8335//2
f 8336//6 8335//6 8327//6 8328//6
f 7797//1 8337//1 8329//1 7789//1
f 8337//6 8338//6 8330//6 8329//6
f 7799//2 7791//2 8331//2 8339//2
f 8340//6 8339//6 8331//6 8332//6
f 7801//1 8341//1 8333//1 7793//1
f 8341//6 8342//6 8334//6 8333//6
f 7802//2 7794//2 8335//2 8343//2
f 8344//6 8343//6 8335//6 8336//6
f 7805//1 8345//1 8337//1 7797//1
f 8345//6 8346//6 8338//6 8337//6
f 7807//2 7799//2 8339//2 8347//2
f 8348//6 8347//6 8339//6 8340//6
f 7809//1 8349//1 8341//1 7801//1
f 8349//6 8350//6 8342//6 8341//6
f 7810//2 7802//2 8343//2 8351//2
f 8352//6 8351//6 8343//6 8344//6
f 7813//1 8353//1 8345//1 7805//1
f 8353//6 8354//6 8346//6 8345//6
f 7815//2 7807//2 8347//2 8355//2
f 8356//6 8355//6 8347//6 8348//6
f 7817//1 8357//1 8349//1 7809//1
f 8357//6 8358//6 8350//6 8349//6
f 7819//2 7810//2 8351//2 8359//2
f 8360//6 8359//6 8351//6 8352//6
f 7821//1 8361//1 8353//1 7813//1
f 8361//6 8362//6 8354//6 8353//6
f 7823//2 7815//2 8355//2 8363//2
f 8364//6 8363//6 8355//6 8356//6
f 7825//1 8365//1 8357//1 7817//1
f 8365//6 8366//6 8358//6 8357//6
f 7826//2 7819//2 8359//2 8367//2
f 8368//6 8367//6 8359//6 8360//6
f 7827//1 8369//1 8361//1 7821//1
f 8369//6 8370//6 8362//6 8361//6
f 7829//2 7823//2 8363//2 8371//2
f 8372//6 8371//6 8363//6 8364//6
f 7831//1 8373//1 8365//1 7825//1
f 8373//6 8374//6 8366//6 8365//6
f 7832//2 7826//2 8367//2 8375//2
f 8376//6 8375//6 8367//6 8368//6
f 7833//1 8377//1 8369//1 7827//1
f 8377//6 8378//6 8370//6 8369//6
f 7835//2 7829//2 8371//2 8379//2
f 8380//6 8379//6 8371//6 8372//6
f 7837//1 8381//1 8373//1 7831//1
f 8381//6 8382//6 8374//6 8373//6
f 7839//2 7832//2 8375//2 8383//2
f 8384//6 8383//6 8375//6 8376//6
f 7841//1 8385//1 8377//1 7833//1
f 8385//6 8386//6 8378//6 8377//6
f 7843//2 7835//2 8379//2 8387//2
f 8388//6 8387//6 8379//6 8380//6
f 7845//1 8389//1 8381//1 7837//1
f 8389//6 8390//6 8382//6 8381//6
f 7847//2 7839//2 8383//2 8391//2
f 8392//6 8391//6 8383//6 8384//6
f 7849//1 8393//1 8385//1 7841//1
f 8393//6 8394//6 8386//6 8385//6
f 7851//2 7843//2 8387//2 8395//2
f 8396//6 8395//6 8387//6 8388//6
f 7853//1 8397//1 8389//1 7845//1
f 8397//6 8398//6 8390//6 8389//6
f 7855//2 7847//2 8391//2 8399//2
f 8400//6 8399//6 8391//6 8392//6
f 7857//1 8401//1 8393//1 7849//1
f 8401//6 8402//6 8394//6 8393//6
f 7859//2 7851//2 8395//2 8403//2
f 8404//6 8403//6 8395//6 8396//6
f 7861//1 8405//1 8397//1 7853//1
f 8405//6 8406//6 8398//6 8397//6
f 7863//2 7855//2 8399//2 8407//2
f 8408//6 8407//6 8399//6 8400//6
f 7865//1 8409//1 8401//1 7857//1
f 8409//6 8410//6 8402//6 8401//6
f 7867//2 7859//2 8403//2 8411//2
f 8412//6 8411//6 8403//6 8404//6
f 7869//1 8413//1 8405//1 7861//1
f 7871//2 7863//2 8407//2 8414//2
f 7873//1 8415//1 8409//1 7865//1
f 7875//2 7867//2 8411//2 8416//2
f 7876//1 8417//1 8413//1 7869//1
f 7877//2 7871//2 8414//2 8418//2
f 7878//1 8419//1 8415//1 7873//1
f 7879//2 7875//2 8416//2 8420//2
f 7880//1 8421//1 8422//1 7881//1
f 7881//4 8422//4 8417//4 7876//4
f 7882//2 7877//2 8418//2 8423//2
f 7883//1 8424//1 8425//1 7884//1
f 7884//4 8425//4 8419//4 7878//4
f 7885//2 7879//2 8420//2 8426//2
f 7886//1 8427//1 8421//1 7880//1
f 7887//2 7882//2 8423//2 8428//2
f 7888//1 8429//1 8424//1 7883//1
f 7889//2 7885//2 8426//2 8430//2
f 7890//1 8431//1 8427//1 7886//1
f 7890//3 7891//3 8432//3 8431//3
f 7891//3 7892//3 8433//3 8432//3
f 7892//3 7893//3 8434//3 8433//3
f 7893//3 7894//3 8435//3 8434//3
f 7894//3 7895//3 8436//3 8435//3
f 7896//2 7887//2 8428//2 8437//2
f 7895//3 7896//3 8437//3 8436//3
f 7897//1 8438//1 8429//1 7888//1
f 7897//3 7898//3 8439//3 8438//3
f 7898//3 7899//3 8440//3 8439//3
f 7899//3 7900//3 8441//3 8440//3
f 7900//3 7901//3 8442//3 8441//3
f 7901//3 7902//3 8443//3 8442//3
f 7903//2 7889//2 8430//2 8444//2
f 7902//3 7903//3 8444//3 8443//3
f 8291//1 8678//1 8679//1 8279//1
f 8292//2 8280//2 8680//2 8681//2
f 8279//4 8679//4 8680//4 8280//4
f 8678//6 8681//6 8680//6 8679//6
f 8299//1 8682//1 8683//1 8287//1
f 8302//2 8288//2 8684//2 8685//2
f 8287//4 8683//4 8684//4 8288//4
f 8682//6 8685//6 8684//6 8683//6
f 8305//1 8686//1 8687//1 8289//1
f 8289//4 8687//4 8678//4 8291//4
f 8686//6 8688//6 8678//6 8687//6
f 8688//6 8689//6 8681//6 8678//6
f 8306//2 8293//2 8690//2 8691//2
f 8292//4 8681//4 8690//4 8293//4
f 8689//6 8691//6 8690//6 8681//6
f 8311//1 8692//1 8693//1 8298//1
f 8298//4 8693//4 8682//4 8299//4
f 8692//6 8694//6 8682//6 8693//6
f 8694//6 8695//6 8685//6 8682//6
f 8314//2 8301//2 8696//2 8697//2
f 8302//4 8685//4 8696//4 8301//4
f 8695//6 8697//6 8696//6 8685//6
f 8316//1 8698//1 8686//1 8305//1
f 8698//6 8699//6 8688//6 8686//6
f 8699//6 8700//6 8689//6 8688//6
f 8317//2 8306//2 8691//2 8701//2
f 8700//6 8701//6 8691//6 8689//6
f 8322//1 8702//1 8692//1 8311//1
f 8702//6 8703//6 8694//6 8692//6
f 8703//6 8704//6 8695//6 8694//6
f 8324//2 8314//2 8697//2 8705//2
f 8704//6 8705//6 8697//6 8695//6
f 8326//1 8706//1 8698//1 8316//1
f 8706//6 8707//6 8699//6 8698//6
f 8707//6 8708//6 8700//6 8699//6
f 8328//2 8317//2 8701//2 8709//2
f 8708//6 8709//6 8701//6 8700//6
f 8330//1 8710//1 8702//1 8322//1
f 8710//6 8711//6 8703//6 8702//6
f 8711//6 8712//6 8704//6 8703//6
f 8332//2 8324//2 8705//2 8713//2
f 8712//6 8713//6 8705//6 8704//6
f 8334//1 8714//1 8706//1 8326//1
f 8714//6 8715//6 8707//6 8706//6
f 8715//6 8716//6 8708//6 8707//6
f 8336//2 8328//2 8709//2 8717//2
f 8716//6 8717//6 8709//6 8708//6
f 8338//1 8718//1 8710//1 8330//1
f 8718//6 8719//6 8711//6 8710//6
f 8719//6 8720//6 8712//6 8711//6
f 8340//2 8332//2 8713//2 8721//2
f 8720//6 8721//6 8713//6 8712//6
f 8342//1 8722//1 8714//1 8334//1
f 8722//6 8723//6 8715//6 8714//6
f 8723//6 8724//6 8716//6 8715//6
f 8344//2 8336//2 8717//2 8725//2
f 8724//6 8725//6 8717//6 8716//6
f 8346//1 8726//1 8718//1 8338//1
f 8726//6 8727//6 8719//6 8718//6
f 8727//6 8728//6 8720//6 8719//6
f 8348//2 8340//2 8721//2 8729//2
f 8728//6 8729//6 8721//6 8720//6
f 8350//1 8730//1 8722//1 8342//1
f 8730//6 8731//6 8723//6 8722//6
f 8731//6 8732//6 8724//6 8723//6
f 8352//2 8344//2 8725//2 8733//2
f 8732//6 8733//6 8725//6 8724//6
f 8354//1 8734//1 8726//1 8346//1
f 8734//6 8735//6 8727//6 8726//6
f 8735//6 8736//6 8728//6 8727//6
f 8356//2 8348//2 8729//2 8737//2
f 8736//6 8737//6 8729//6 8728//6
f 8358//1 8738//1 8730//1 8350//1
f 8738//6 8739//6 8731//6 8730//6
f 8739//6 8740//6 8732//6 8731//6
f 8360//2 8352//2 8733//2 8741//2
f 8740//6 8741//6 8733//6 8732//6
f 8362//1 8742//1 8734//1 8354//1
f 8742//6 8743//6 8735//6 8734//6
f 8743//6 8744//6 8736//6 8735//6
f 8364//2 8356//2 8737//2 8745//2
f 8744//6 8745//6 8737//6 8736//6
f 8366//1 8746//1 8738//1 8358//1
f 8746//6 8747//6 8739//6 8738//6
f 8747//6 8748//6 8740//6 8739//6
f 8368//2 8360//2 8741//2 8749//2
f 8748//6 8749//6 8741//6 8740//6
f 8370//1 8750//1 8742//1 8362//1
f 8750//6 8751//6 8743//6 8742//6
f 8751//6 8752//6 8744//6 8743//6
f 8372//2 8364//2 8745//2 8753//2
f 8752//6 8753//6 8745//6 8744//6
f 8374//1 8754//1 8746//1 8366//1
f 8754//6 8755//6 8747//6 8746//6
f 8755//6 8756//6 8748//6 8747//6
f 8376//2 8368//2 8749//2 8757//2
f 8756//6 8757//6 8749//6 8748//6
f 8378//1 8758//1 8750//1 8370//1
f 8758//6 8759//6 8751//6 8750//6
f 8759//6 8760//6 8752//6 8751//6
f 8380//2 8372//2 8753//2 8761//2
f 8760//6 8761//6 8753//6 8752//6
f 8382//1 8762//1 8754//1 8374//1
f 8762//6 8763//6 8755//6 8754//6
f 8763//6 8764//6 8756//6 8755//6
f 8384//2 8376//2 8757//2 8765//2
f 8764//6 8765//6 8757//6 8756//6
f 8386//1 8766//1 8758//1 8378//1
f 8766//6 8767//6 8759//6 8758//6
f 8767//6 8768//6 8760//6 8759//6
f 8388//2 8380//2 8761//2 8769//2
f 8768//6 8769//6 8761//6 8760//6
f 8390//1 8770//1 8762//1 8382//1
f 8770//6 8771//6 8763//6 8762//6
f 8771//6 8772//6 8764//6 8763//6
f 8392//2 8384//2 8765//2 8773//2
f 8772//6 8773//6 8765//6 8764//6
f 8394//1 8774//1 8766//1 8386//1
f 8774//6 8775//6 8767//6 8766//6
f 8775//6 8776//6 8768//6 8767//6
f 8396//2 8388//2 8769//2 8777//2
f 8776//6 8777//6 8769//6 8768//6
f 8398//1 8778//1 8770//1 8390//1
f 8778//6 8779//6 8771//6 8770//6
f 8400//2 8392//2 8773//2 8780//2
f 8781//6 8780//6 8773//6 8772//6
f 8402//1 8782//1 8774//1 8394//1
f 8782//6 8783//6 8775//6 8774//6
f 8404//2 8396//2 8777//2 8784//2
f 8785//6 8784//6 8777//6 8776//6
f 8406//1 8786//1 8778//1 8398//1
f 8786//6 8787//6 8779//6 8778//6
f 8408//2 8400//2 8780//2 8788//2
f 8789//6 8788//6 8780//6 8781//6
f 8410//1 8790//1 8782//1 8402//1
f 8790//6 8791//6 8783//6 8782//6
f 8412//2 8404//2 8784//2 8792//2
f 8793//6 8792//6 8784//6 8785//6
f 8413//1 8794//1 8795//1 8405//1
f 8405//4 8795//4 8786//4 8406//4
f 8794//6 8796//6 8786//6 8795//6
f 8796//6 8797//6 8787//6 8786//6
f 8798//6 8799//6 8788//6 8789//6
f 8414//2 8407//2 8800//2 8801//2
f 8408//4 8788//4 8800//4 8407//4
f 8799//6 8801//6 8800//6 8788//6
f 8415//1 8802//1 8803//1 8409//1
f 8409//4 8803//4 8790//4 8410//4
f 8802//6 8804//6 8790//6 8803//6
f 8804//6 8805//6 8791//6 8790//6
f 8806//6 8807//6 8792//6 8793//6
f 8416//2 8411//2 8808//2 8809//2
f 8412//4 8792//4 8808//4 8411//4
f 8807//6 8809//6 8808//6 8792//6
f 8417//1 8810//1 8794//1 8413//1
f 8810//6 8811//6 8796//6 8794//6
f 8418//2 8414//2 8801//2 8812//2
f 8813//6 8812//6 8801//6 8799//6
f 8419//1 8814//1 8802//1 8415//1
f 8814//6 8815//6 8804//6 8802//6
f 8420//2 8416//2 8809//2 8816//2
f 8817//6 8816//6 8809//6 8807//6
f 8421//1 8818//1 8819//1 8422//1
f 8422//4 8819//4 8810//4 8417//4
f 8423//2 8418//2 8812//2 8820//2
f 8424//1 8821//1 8822//1 8425//1
f 8425//4 8822//4 8814//4 8419//4
f 8426//2 8420//2 8816//2 8823//2
f 8427//1 8824//1 8818//1 8421//1
f 8428//2 8423//2 8820//2 8825//2
f 8429//1 8826//1 8821//1 8424//1
f 8430//2 8426//2 8823//2 8827//2
f 8431//1 8828//1 8824//1 8427//1
f 8431//3 8432//3 8829//3 8828//3
f 8432//3 8433//3 8830//3 8829//3
f 8433//3 8434//3 8831//3 8830//3
f 8434//3 8435//3 8832//3 8831//3
f 8435//3 8436//3 8833//3 8832//3
f 8437//2 8428//2 8825//2 8834//2
f 8436//3 8437//3 8834//3 8833//3
f 8438//1 8835//1 8826//1 8429//1
f 8438//3 8439//3 8836//3 8835//3
f 8439//3 8440//3 8837//3 8836//3
f 8440//3 8441//3 8838//3 8837//3
f 8441//3 8442//3 8839//3 8838//3
f 8442//3 8443//3 8840//3 8839//3
f 8444//2 8430//2 8827//2 8841//2
f 8443//3 8444//3 8841//3 8840//3
f 8779//1 9078//1 9079//1 8771//1
f 8781//2 8772//2 9080//2 9081//2
f 8771//4 9079//4 9080//4 8772//4
f 9078//6 9081//6 9080//6 9079//6
f 8783//1 9082//1 9083//1 8775//1
f 8785//2 8776//2 9084//2 9085//2
f 8775//4 9083//4 9084//4 8776//4
f 9082//6 9085//6 9084//6 9083//6
f 8787//1 9086//1 9078//1 8779//1
f 8789//2 8781//2 9081//2 9087//2
f 9086//6 9087//6 9081//6 9078//6
f 8791//1 9088//1 9082//1 8783//1
f 8793//2 8785//2 9085//2 9089//2
f 9088//6 9089//6 9085//6 9082//6
f 8797//1 9090//1 9086//1 8787//1
f 8798//2 8789//2 9087//2 9091//2
f 9090//6 9091//6 9087//6 9086//6
f 8805//1 9092//1 9088//1 8791//1
f 8806//2 8793//2 9089//2 9093//2
f 9092//6 9093//6 9089//6 9088//6
f 8811//1 9094//1 9095//1 8796//1
f 8796//4 9095//4 9090//4 8797//4
f 9094//6 9096//6 9090//6 9095//6
f 9096//6 9097//6 9091//6 9090//6
f 8813//2 8799//2 9098//2 9099//2
f 8798//4 9091//4 9098//4 8799//4
f 9097//6 9099//6 9098//6 9091//6
f 8815//1 9100//1 9101//1 8804//1
f 8804//4 9101//4 9092//4 8805//4
f 9100//6 9102//6 9092//6 9101//6
f 9102//6 9103//6 9093//6 9092//6
f 8817//2 8807//2 9104//2 9105//2
f 8806//4 9093//4 9104//4 8807//4
f 9103//6 9105//6 9104//6 9093//6
f 8818//1 9106//1 9107//1 8819//1
f 8819//4 9107//4 9108//4 8810//4
f 8810//4 9108//4 9094//4 8811//4
f 8820//2 8812//2 9109//2 9110//2
f 8813//4 9099//4 9109//4 8812//4
f 8821//1 9111//1 9112//1 8822//1
f 8822//4 9112//4 9113//4 8814//4
f 8814//4 9113//4 9100//4 8815//4
f 8823//2 8816//2 9114//2 9115//2
f 8817//4 9105//4 9114//4 8816//4
f 8824//1 9116//1 9106//1 8818//1
f 8825//2 8820//2 9110//2 9117//2
f 8826//1 9118//1 9111//1 8821//1
f 8827//2 8823//2 9115//2 9119//2
f 8828//1 9120//1 9116//1 8824//1
f 8828//3 8829//3 9121//3 9120//3
f 8829//3 8830//3 9122//3 9121//3
f 8830//3 8831//3 9123//3 9122//3
f 8831//3 8832//3 9124//3 9123//3
f 8832//3 8833//3 9125//3 9124//3
f 8834//2 8825//2 9117//2 9126//2
f 8833//3 8834//3 9126//3 9125//3
f 8835//1 9127//1 9118//1 8826//1
f 8835//3 8836//3 9128//3 9127//3
f 8836//3 8837//3 9129//3 9128//3
f 8837//3 8838//3 9130//3 9129//3
f 8838//3 8839//3 9131//3 9130//3
f 8839//3 8840//3 9132//3 9131//3
f 8841//2 8827//2 9119//2 9133//2
f 8840//3 8841//3 9133//3 9132//3
f 9106//1 9324//1 9325//1 9107//1
f 9107//4 9325//4 9326//4 9108//4
f 9108//4 9326//4 9327//4 9094//4
f 9094//4 9327//4 9328//4 9096//4
f 9096//4 9328//4 9329//4 9097//4
f 9097//4 9329//4 9330//4 9099//4
f 9110//2 9109//2 9331//2 9332//2
f 9099//4 9330//4 9331//4 9109//4
f 9111//1 9333//1 9334//1 9112//1
f 9112//4 9334//4 9335//4 9113//4
f 9113//4 9335//4 9336//4 9100//4
f 9100//4 9336//4 9337//4 9102//4
f 9102//4 9337//4 9338//4 9103//4
f 9103//4 9338//4 9339//4 9105//4
f 9115//2 9114//2 9340//2 9341//2
f 9105//4 9339//4 9340//4 9114//4
f 9116//1 9342//1 9324//1 9106//1
f 9117//2 9110//2 9332//2 9343//2
f 9118//1 9344//1 9333//1 9111//1
f 9119//2 9115//2 9341//2 9345//2
f 9120//1 9346//1 9342//1 9116//1
f 9120//3 9121//3 9347//3 9346//3
f 9121//3 9122//3 9348//3 9347//3
f 9122//3 9123//3 9349//3 9348//3
f 9123//3 9124//3 9350//3 9349//3
f 9124//3 9125//3 9351//3 9350//3
f 9126//2 9117//2 9343//2 9352//2
f 9125//3 9126//3 9352//3 9351//3
f 9127//1 9353//1 9344//1 9118//1
f 9127//3 9128//3 9354//3 9353//3
f 9128//3 9129//3 9355//3 9354//3
f 9129//3 9130//3 9356//3 9355//3
f 9130//3 9131//3 9357//3 9356//3
f 9131//3 9132//3 9358//3 9357//3
f 9133//2 9119//2 9345//2 9359//2
f 9132//3 9133//3 9359//3 9358//3
f 9324//1 9550//1 9551//1 9325//1
f 9325//4 9551//4 9552//4 9326//4
f 9326//4 9552//4 9553//4 9327//4
f 9327//4 9553//4 9554//4 9328//4
f 9328//4 9554//4 9555//4 9329//4
f 9329//4 9555//4 9556//4 9330//4
f 9332//2 9331//2 9557//2 9558//2
f 9330//4 9556//4 9557//4 9331//4
f 9333//1 9559//1 9560//1 9334//1
f 9334//4 9560//4 9561//4 9335//4
f 9335//4 9561//4 9562//4 9336//4
f 9336//4 9562//4 9563//4 9337//4
f 9337//4 9563//4 9564//4 9338//4
f 9338//4 9564//4 9565//4 9339//4
f 9341//2 9340//2 9566//2 9567//2
f 9339//4 9565//4 9566//4 9340//4
f 9342//1 9568//1 9550//1 9324//1
f 9343//2 9332//2 9558//2 9569//2
f 9344//1 9570//1 9559//1 9333//1
f 9345//2 9341//2 9567//2 9571//2
f 9346//1 9572//1 9568//1 9342//1
f 9346//3 9347//3 9573//3 9572//3
f 9347//3 9348//3 9574//3 9573//3
f 9348//3 9349//3 9575//3 9574//3
f 9349//3 9350//3 9576//3 9575//3
f 9350//3 9351//3 9577//3 9576//3
f 9352//2 9343//2 9569//2 9578//2
f 9351//3 9352//3 9578//3 9577//3
f 9353//1 9579//1 9570//1 9344//1
f 9353//3 9354//3 9580//3 9579//3
f 9354//3 9355//3 9581//3 9580//3
f 9355//3 9356//3 9582//3 9581//3
f 9356//3 9357//3 9583//3 9582//3
f 9357//3 9358//3 9584//3 9583//3
f 9359//2 9345//2 9571//2 9585//2
f 9358//3 9359//3 9585//3 9584//3
f 9550//1 9736//1 9737//1 9551//1
f 9551//4 9737//4 9738//4 9552//4
f 9736//6 9739//6 9738//6 9737//6
f 9552//4 9738//4 9740//4 9553//4
f 9739//6 9741//6 9740//6 9738//6
f 9553//4 9740//4 9742//4 9554//4
f 9741//6 9743//6 9742//6 9740//6
f 9554//4 9742//4 9744//4 9555//4
f 9743//6 9745//6 9744//6 9742//6
f 9555//4 9744//4 9746//4 9556//4
f 9745//6 9747//6 9746//6 9744//6
f 9558//2 9557//2 9748//2 9749//2
f 9556//4 9746//4 9748//4 9557//4
f 9747//6 9749//6 9748//6 9746//6
f 9559//1 9750//1 9751//1 9560//1
f 9560//4 9751//4 9752//4 9561//4
f 9750//6 9753//6 9752//6 9751//6
f 9561//4 9752//4 9754//4 9562//4
f 9753//6 9755//6 9754//6 9752//6
f 9562//4 9754//4 9756//4 9563//4
f 9755//6 9757//6 9756//6 9754//6
f 9563//4 9756//4 9758//4 9564//4
f 9757//6 9759//6 9758//6 9756//6
f 9564//4 9758//4 9760//4 9565//4
f 9759//6 9761//6 9760//6 9758//6
f 9567//2 9566//2 9762//2 9763//2
f 9565//4 9760//4 9762//4 9566//4
f 9761//6 9763//6 9762//6 9760//6
f 9568//1 9764//1 9736//1 9550//1
f 9764//6 9765//6 9739//6 9736//6
f 9765//6 9766//6 9741//6 9739//6
f 9766//6 9767//6 9743//6 9741//6
f 9767//6 9768//6 9745//6 9743//6
f 9768//6 9769//6 9747//6 9745//6
f 9569//2 9558//2 9749//2 9770//2
f 9769//6 9770//6 9749//6 9747//6
f 9570//1 9771//1 9750//1 9559//1
f 9771//6 9772//6 9753//6 9750//6
f 9772//6 9773//6 9755//6 9753//6
f 9773//6 9774//6 9757//6 9755//6
f 9774//6 9775//6 9759//6 9757//6
f 9775//6 9776//6 9761//6 9759//6
f 9571//2 9567//2 9763//2 9777//2
f 9776//6 9777//6 9763//6 9761//6
f 9572//1 9778//1 9764//1 9568//1
f 9572//3 9573//3 9779//3 9778//3
f 9778//6 9779//6 9765//6 9764//6
f 9573//3 9574//3 9780//3 9779//3
f 9779//6 9780//6 9766//6 9765//6
f 9574//3 9575//3 9781//3 9780//3
f 9780//6 9781//6 9767//6 9766//6
f 9575//3 9576//3 9782//3 9781//3
f 9781//6 9782//6 9768//6 9767//6
f 9576//3 9577//3 9783//3 9782//3
f 9782//6 9783//6 9769//6 9768//6
f 9578//2 9569//2 9770//2 9784//2
f 9577//3 9578//3 9784//3 9783//3
f 9783//6 9784//6 9770//6 9769//6
f 9579//1 9785//1 9771//1 9570//1
f 9579//3 9580//3 9786//3 9785//3
f 9785//6 9786//6 9772//6 9771//6
f 9580//3 9581//3 9787//3 9786//3
f 9786//6 9787//6 9773//6 9772//6
f 9581//3 9582//3 9788//3 9787//3
f 9787//6 9788//6 9774//6 9773//6
f 9582//3 9583//3 9789//3 9788//3
f 9788//6 9789//6 9775//6 9774//6
f 9583//3 9584//3 9790//3 9789//3
f 9789//6 9790//6 9776//6 9775//6
f 9585//2 9571//2 9777//2 9791//2
f 9584//3 9585//3 9791//3 9790//3
f 9790//6 9791//6 9777//6 9776//6
g glyph_43
f 6222//1 6675//1 6676//1 6216//1
f 6225//2 6217//2 6677//2 6678//2
f 6216//4 6676//4 6677//4 6217//4
f 6675//6 6678//6 6677//6 6676//6
f 6228//1 6679//1 6680//1 6218//1
f 6231//2 6219//2 6681//2 6682//2
f 6218//4 6680//4 6681//4 6219//4
f 6679//6 6682//6 6681//6 6680//6
f 6233//1 6683//1 6675//1 6222//1
f 6235//2 6225//2 6678//2 6684//2
f 6233//3 6235//3 6684//3 6683//3
f 6683//6 6684//6 6678//6 6675//6
f 6237//1 6685//1 6679//1 6228//1
f 6239//2 6231//2 6682//2 6686//2
f 6237//3 6239//3 6686//3 6685//3
f 6685//6 6686//6 6682//6 6679//6
f 6241//1 6687//1 6684//1 6235//1
f 6244//2 6234//2 6688//2 6689//2
f 6235//4 6684//4 6688//4 6234//4
f 6687//6 6689//6 6688//6 6684//6
f 6247//1 6690//1 6691//1 6236//1
f 6249//2 6237//2 6685//2 6692//2
f 6236//4 6691//4 6685//4 6237//4
f 6690//6 6692//6 6685//6 6691//6
f 6253//1 6693//1 6687//1 6241//1
f 6254//2 6244//2 6689//2 6694//2
f 6693//6 6694//6 6689//6 6687//6
f 6261//1 6695//1 6690//1 6247//1
f 6262//2 6249//2 6692//2 6696//2
f 6695//6 6696//6 6692//6 6690//6
f 6268//1 6697//1 6693//1 6253//1
f 6269//2 6254//2 6694//2 6698//2
f 6697//6 6698//6 6694//6 6693//6
f 6274//1 6699//1 6695//1 6261//1
f 6275//2 6262//2 6696//2 6700//2
f 6699//6 6700//6 6696//6 6695//6
f 6280//1 6701//1 6697//1 6268//1
f 6281//2 6269//2 6698//2 6702//2
f 6280//3 6281//3 6702//3 6701//3
f 6701//6 6702//6 6698//6 6697//6
f 6286//1 6703//1 6699//1 6274//1
f 6287//2 6275//2 6700//2 6704//2
f 6286//3 6287//3 6704//3 6703//3
f 6703//6 6704//6 6700//6 6699//6
f 6293//1 6705//1 6702//1 6281//1
f 6294//2 6282//2 6706//2 6707//2
f 6281//4 6702//4 6706//4 6282//4
f 6705//6 6707//6 6706//6 6702//6
f 6305//1 6708//1 6709//1 6285//1
f 6306//2 6286//2 6703//2 6710//2
f 6285//4 6709//4 6703//4 6286//4
f 6708//6 6710//6 6703//6 6709//6
f 6313//1 6711//1 6705//1 6293//1
f 6314//2 6294//2 6707//2 6712//2
f 6711//6 6712//6 6707//6 6705//6
f 6327//1 6725//1 6708//1 6305//1
f 6328//2 6306//2 6710//2 6726//2
f 6725//6 6726//6 6710//6 6708//6
f 6335//1 6727//1 6711//1 6313//1
f 6336//2 6314//2 6712//2 6728//2
f 6727//6 6728//6 6712//6 6711//6
f 6339//1 6737//1 6725//1 6327//1
f 6340//2 6328//2 6726//2 6738//2
f 6737//6 6738//6 6726//6 6725//6
f 6349//1 6739//1 6727//1 6335//1
f 6739//6 6740//6 6728//6 6727//6
f 6351//2 6340//2 6738//2 6741//2
f 6742//6 6741//6 6738//6 6737//6
g glyph_58
f 1//1 2//1 3//1 4//1
f 5//2 6//2 7//2 8//2
f 1//3 5//3 8//3 2//3
f 4//4 3//4 7//4 6//4
f 1//5 4//5 6//5 5//5
f 9//1 10//1 11//1 12//1
f 9//3 13//3 14//3 10//3
f 12//4 11//4 15//4 16//4
f 9//5 12//5 16//5 13//5
f 13//3 17//3 18//3 14//3
f 16//4 15//4 19//4 20//4
f 13//5 16//5 20//5 17//5
f 17//3 21//3 22//3 18//3
f 20//4 19//4 23//4 24//4
f 17//5 20//5 24//5 21//5
f 21//3 25//3 26//3 22//3
f 24//4 23//4 27//4 28//4
f 21//5 24//5 28//5 25//5
f 25//3 29//3 30//3 26//3
f 28//4 27//4 31//4 32//4
f 25//5 28//5 32//5 29//5
f 29//3 33//3 34//3 30//3
f 32//4 31//4 35//4 36//4
f 29//5 32//5 36//5 33//5
f 33//3 2//3 37//3 34//3
f 36//4 35//4 38//4 3//4
f 33//5 36//5 3//5 2//5
f 2//3 8//3 39//3 37//3
f 3//4 38//4 40//4 7//4
f 8//3 41//3 42//3 39//3
f 7//4 40//4 43//4 44//4
f 8//5 7//5 44//5 41//5
f 41//3 45//3 46//3 42//3
f 44//4 43//4 47//4 48//4
f 41//5 44//5 48//5 45//5
f 45//3 49//3 50//3 46//3
f 48//4 47//4 51//4 52//4
f 45//5 48//5 52//5 49//5
f 49//3 53//3 54//3 50//3
f 52//4 51//4 55//4 56//4
f 49//5 52//5 56//5 53//5
f 53//3 57//3 58//3 54//3
f 56//4 55//4 59//4 60//4
f 53//5 56//5 60//5 57//5
f 57//3 61//3 62//3 58//3
f 60//4 59//4 63//4 64//4
f 57//5 60//5 64//5 61//5
f 65//2 66//2 67//2 68//2
f 61//3 65//3 68//3 62//3
f 64//4 63//4 67//4 66//4
f 61//5 64//5 66//5 65//5
f 77//1 78//1 79//1 80//1
f 77//3 81//3 82//3 78//3
f 80//4 79//4 83//4 84//4
f 77//5 80//5 84//5 81//5
f 81//3 10//3 85//3 82//3
f 84//4 83//4 86//4 11//4
f 81//5 84//5 11//5 10//5
f 10//3 14//3 87//3 85//3
f 11//4 86//4 88//4 15//4
f 14//3 18//3 89//3 87//3
f 15//4 88//4 90//4 19//4
f 18//3 22//3 91//3 89//3
f 19//4 90//4 92//4 23//4
f 22//3 26//3 93//3 91//3
f 23//4 92//4 94//4 27//4
f 26//3 30//3 95//3 93//3
f 27//4 94//4 96//4 31//4
f 30//3 34//3 97//3 95//3
f 31//4 96//4 98//4 35//4
f 34//3 37//3 99//3 97//3
f 35//4 98//4 100//4 38//4
f 37//3 39//3 101//3 99//3
f 38//4 100//4 102//4 40//4
f 39//3 42//3 103//3 101//3
f 40//4 102//4 104//4 43//4
f 42//3 46//3 105//3 103//3
f 43//4 104//4 106//4 47//4
f 46//3 50//3 107//3 105//3
f 47//4 106//4 108//4 51//4
f 50//3 54//3 109//3 107//3
f 51//4 108//4 110//4 55//4
f 54//3 58//3 111//3 109//3
f 55//4 110//4 112//4 59//4
f 58//3 62//3 113//3 111//3
f 59//4 112//4 114//4 63//4
f 62//3 68//3 115//3 113//3
f 63//4 114//4 116//4 67//4
f 68//3 117//3 118//3 115//3
f 67//4 116//4 119//4 120//4
f 68//5 67//5 120//5 117//5
f 121//2 122//2 123//2 124//2
f 117//3 121//3 124//3 118//3
f 120//4 119//4 123//4 122//4
f 117//5 120//5 122//5 121//5
f 207//1 208//1 209//1 210//1
f 207//3 211//3 212//3 208//3
f 210//4 209//4 213//4 214//4
f 207//5 210//5 214//5 211//5
f 211//3 78//3 215//3 212//3
f 214//4 213//4 216//4 79//4
f 211//5 214//5 79//5 78//5
f 78//3 82//3 217//3 215//3
f 79//4 216//4 218//4 83//4
f 82//3 85//3 219//3 217//3
f 83//4 218//4 220//4 86//4
f 85//3 87//3 221//3 219//3
f 86//4 220//4 222//4 88//4
f 87//3 89//3 223//3 221//3
f 88//4 222//4 224//4 90//4
f 89//3 91//3 225//3 223//3
f 90//4 224//4 226//4 92//4
f 91//3 93//3 227//3 225//3
f 92//4 226//4 228//4 94//4
f 93//3 95//3 229//3 227//3
f 94//4 228//4 230//4 96//4
f 95//3 97//3 231//3 229//3
f 96//4 230//4 232//4 98//4
f 97//3 99//3 233//3 231//3
f 98//4 232//4 234//4 100//4
f 99//3 101//3 235//3 233//3
f 100//4 234//4 236//4 102//4
f 101//3 103//3 237//3 235//3
f 102//4 236//4 238//4 104//4
f 103//3 105//3 239//3 237//3
f 104//4 238//4 240//4 106//4
f 105//3 107//3 241//3 239//3
f 106//4 240//4 242//4 108//4
f 107//3 109//3 243//3 241//3
f 108//4 242//4 244//4 110//4
f 109//3 111//3 245//3 243//3
f 110//4 244//4 246//4 112//4
f 111//3 113//3 247//3 245//3
f 112//4 246//4 248//4 114//4
f 113//3 115//3 249//3 247//3
f 114//4 248//4 250//4 116//4
f 115//3 118//3 251//3 249//3
f 116//4 250//4 252//4 119//4
f 118//3 124//3 253//3 251//3
f 119//4 252//4 254//4 123//4
f 124//3 255//3 256//3 253//3
f 123//4 254//4 257//4 258//4
f 124//5 123//5 258//5 255//5
f 259//2 260//2 261//2 262//2
f 255//3 259//3 262//3 256//3
f 258//4 257//4 261//4 260//4
f 255//5 258//5 260//5 259//5
f 364//1 365//1 366//1 367//1
f 364//3 368//3 369//3 365//3
f 367//4 366//4 370//4 371//4
f 364//5 367//5 371//5 368//5
f 368//3 208//3 372//3 369//3
f 371//4 370//4 373//4 209//4
f 368//5 371//5 209//5 208//5
f 208//3 212//3 374//3 372//3
f 209//4 373//4 375//4 213//4
f 212//3 215//3 376//3 374//3
f 213//4 375//4 377//4 216//4
f 215//3 217//3 378//3 376//3
f 216//4 377//4 379//4 218//4
f 217//3 219//3 380//3 378//3
f 218//4 379//4 381//4 220//4
f 219//3 221//3 382//3 380//3
f 220//4 381//4 383//4 222//4
f 221//3 223//3 384//3 382//3
f 222//4 383//4 385//4 224//4
f 223//3 225//3 386//3 384//3
f 224//4 385//4 387//4 226//4
f 225//3 227//3 388//3 386//3
f 226//4 387//4 389//4 228//4
f 227//3 229//3 390//3 388//3
f 228//4 389//4 391//4 230//4
f 229//3 231//3 392//3 390//3
f 230//4 391//4 393//4 232//4
f 231//3 233//3 394//3 392//3
f 232//4 393//4 395//4 234//4
f 233//3 235//3 396//3 394//3
f 234//4 395//4 397//4 236//4
f 235//3 237//3 398//3 396//3
f 236//4 397//4 399//4 238//4
f 237//3 239//3 400//3 398//3
f 238//4 399//4 401//4 240//4
f 239//3 241//3 402//3 400//3
f 240//4 401//4 403//4 242//4
f 241//3 243//3 404//3 402//3
f 242//4 403//4 405//4 244//4
f 243//3 245//3 406//3 404//3
f 244//4 405//4 407//4 246//4
f 245//3 247//3 408//3 406//3
f 246//4 407//4 409//4 248//4
f 247//3 249//3 410//3 408//3
f 248//4 409//4 411//4 250//4
f 249//3 251//3 412//3 410//3
f 250//4 411//4 413//4 252//4
f 251//3 253//3 414//3 412//3
f 252//4 413//4 415//4 254//4
f 253//3 256//3 416//3 414//3
f 254//4 415//4 417//4 257//4
f 256//3 262//3 418//3 416//3
f 257//4 417//4 419//4 261//4
f 262//3 420//3 421//3 418//3
f 261//4 419//4 422//4 423//4
f 262//5 261//5 423//5 420//5
f 424//2 425//2 426//2 427//2
f 420//3 424//3 427//3 421//3
f 423//4 422//4 426//4 425//4
f 420//5 423//5 425//5 424//5
f 682//1 683//1 684//1 685//1
f 682//3 365//3 686//3 683//3
f 685//4 684//4 687//4 366//4
f 682//5 685//5 366//5 365//5
f 365//3 369//3 688//3 686//3
f 366//4 687//4 689//4 370//4
f 369//3 372//3 690//3 688//3
f 370//4 689//4 691//4 373//4
f 372//3 374//3 692//3 690//3
f 373//4 691//4 693//4 375//4
f 374//3 376//3 694//3 692//3
f 375//4 693//4 695//4 377//4
f 376//3 378//3 696//3 694//3
f 377//4 695//4 697//4 379//4
f 378//3 380//3 698//3 696//3
f 379//4 697//4 699//4 381//4
f 380//3 382//3 700//3 698//3
f 381//4 699//4 701//4 383//4
f 382//3 384//3 702//3 700//3
f 383//4 701//4 703//4 385//4
f 384//3 386//3 704//3 702//3
f 385//4 703//4 705//4 387//4
f 386//3 388//3 706//3 704//3
f 387//4 705//4 707//4 389//4
f 388//3 390//3 708//3 706//3
f 389//4 707//4 709//4 391//4
f 390//3 392//3 710//3 708//3
f 391//4 709//4 711//4 393//4
f 392//3 394//3 712//3 710//3
f 393//4 711//4 713//4 395//4
f 394//3 396//3 714//3 712//3
f 395//4 713//4 715//4 397//4
f 396//3 398//3 716//3 714//3
f 397//4 715//4 717//4 399//4
f 398//3 400//3 718//3 716//3
f 399//4 717//4 719//4 401//4
f 400//3 402//3 720//3 718//3
f 401//4 719//4 721//4 403//4
f 402//3 404//3 722//3 720//3
f 403//4 721//4 723//4 405//4
f 404//3 406//3 724//3 722//3
f 405//4 723//4 725//4 407//4
f 406//3 408//3 726//3 724//3
f 407//4 725//4 727//4 409//4
f 408//3 410//3 728//3 726//3
f 409//4 727//4 729//4 411//4
f 410//3 412//3 730//3 728//3
f 411//4 729//4 731//4 413//4
f 412//3 414//3 732//3 730//3
f 413//4 731//4 733//4 415//4
f 414//3 416//3 734//3 732//3
f 415//4 733//4 735//4 417//4
f 416//3 418//3 736//3 734//3
f 417//4 735//4 737//4 419//4
f 418//3 421//3 738//3 736//3
f 419//4 737//4 739//4 422//4
f 421//3 427//3 740//3 738//3
f 422//4 739//4 741//4 426//4
f 742//2 743//2 744//2 745//2
f 427//3 742//3 745//3 740//3
f 426//4 741//4 744//4 743//4
f 427//5 426//5 743//5 742//5
f 1034//1 1035//1 1036//1 1037//1
f 1034//3 1038//3 1039//3 1035//3
f 1037//4 1036//4 1040//4 1041//4
f 1034//5 1037//5 1041//5 1038//5
f 1038//3 683//3 1042//3 1039//3
f 1041//4 1040//4 1043//4 684//4
f 1038//5 1041//5 684//5 683//5
f 683//3 686//3 1044//3 1042//3
f 684//4 1043//4 1045//4 687//4
f 686//3 688//3 1046//3 1044//3
f 687//4 1045//4 1047//4 689//4
f 688//3 690//3 1048//3 1046//3
f 689//4 1047//4 1049//4 691//4
f 690//3 692//3 1050//3 1048//3
f 691//4 1049//4 1051//4 693//4
f 692//3 694//3 1052//3 1050//3
f 693//4 1051//4 1053//4 695//4
f 694//3 696//3 1054//3 1052//3
f 695//4 1053//4 1055//4 697//4
f 696//3 698//3 1056//3 1054//3
f 697//4 1055//4 1057//4 699//4
f 698//3 700//3 1058//3 1056//3
f 699//4 1057//4 1059//4 701//4
f 700//3 702//3 1060//3 1058//3
f 701//4 1059//4 1061//4 703//4
f 702//3 704//3 1062//3 1060//3
f 703//4 1061//4 1063//4 705//4
f 704//3 706//3 1064//3 1062//3
f 705//4 1063//4 1065//4 707//4
f 706//3 708//3 1066//3 1064//3
f 707//4 1065//4 1067//4 709//4
f 708//3 710//3 1068//3 1066//3
f 709//4 1067//4 1069//4 711//4
f 710//3 712//3 1070//3 1068//3
f 711//4 1069//4 1071//4 713//4
f 712//3 714//3 1072//3 1070//3
f 713//4 1071//4 1073//4 715//4
f 714//3 716//3 1074//3 1072//3
f 715//4 1073//4 1075//4 717//4
f 716//3 718//3 1076//3 1074//3
f 717//4 1075//4 1077//4 719//4
f 718//3 720//3 1078//3 1076//3
f 719//4 1077//4 1079//4 721//4
f 720//3 722//3 1080//3 1078//3
f 721//4 1079//4 1081//4 723//4
f 722//3 724//3 1082//3 1080//3
f 723//4 1081//4 1083//4 725//4
f 724//3 726//3 1084//3 1082//3
f 725//4 1083//4 1085//4 727//4
f 726//3 728//3 1086//3 1084//3
f 727//4 1085//4 1087//4 729//4
f 728//3 730//3 1088//3 1086//3
f 729//4 1087//4 1089//4 731//4
f 730//3 732//3 1090//3 1088//3
f 731//4 1089//4 1091//4 733//4
f 732//3 734//3 1092//3 1090//3
f 733//4 1091//4 1093//4 735//4
f 734//3 736//3 1094//3 1092//3
f 735//4 1093//4 1095//4 737//4
f 736//3 738//3 1096//3 1094//3
f 737//4 1095//4 1097//4 739//4
f 738//3 740//3 1098//3 1096//3
f 739//4 1097//4 1099//4 741//4
f 740//3 745//3 1100//3 1098//3
f 741//4 1099//4 1101//4 744//4
f 745//3 1102//3 1103//3 1100//3
f 744//4 1101//4 1104//4 1105//4
f 745//5 744//5 1105//5 1102//5
f 1106//2 1107//2 1108//2 1109//2
f 1102//3 1106//3 1109//3 1103//3
f 1105//4 1104//4 1108//4 1107//4
f 1102//5 1105//5 1107//5 1106//5
f 1035//1 1403//1 1404//1 1036//1
f 1035//3 1039//3 1405//3 1403//3
f 1036//4 1404//4 1406//4 1040//4
f 1039//3 1042//3 1407//3 1405//3
f 1040//4 1406//4 1408//4 1043//4
f 1042//3 1044//3 1409//3 1407//3
f 1043//4 1408//4 1410//4 1045//4
f 1044//3 1046//3 1411//3 1409//3
f 1045//4 1410//4 1412//4 1047//4
f 1046//3 1048//3 1413//3 1411//3
f 1047//4 1412//4 1414//4 1049//4
f 1048//3 1050//3 1415//3 1413//3
f 1049//4 1414//4 1416//4 1051//4
f 1050//3 1052//3 1417//3 1415//3
f 1051//4 1416//4 1418//4 1053//4
f 1052//3 1054//3 1419//3 1417//3
f 1053//4 1418//4 1420//4 1055//4
f 1054//3 1056//3 1421//3 1419//3
f 1055//4 1420//4 1422//4 1057//4
f 1056//3 1058//3 1423//3 1421//3
f 1057//4 1422//4 1424//4 1059//4
f 1058//3 1060//3 1425//3 1423//3
f 1059//4 1424//4 1426//4 1061//4
f 1060//3 1062//3 1427//3 1425//3
f 1061//4 1426//4 1428//4 1063//4
f 1062//3 1064//3 1429//3 1427//3
f 1063//4 1428//4 1430//4 1065//4
f 1064//3 1066//3 1431//3 1429//3
f 1065//4 1430//4 1432//4 1067//4
f 1066//3 1068//3 1433//3 1431//3
f 1067//4 1432//4 1434//4 1069//4
f 1068//3 1070//3 1435//3 1433//3
f 1069//4 1434//4 1436//4 1071//4
f 1070//3 1072//3 1437//3 1435//3
f 1071//4 1436//4 1438//4 1073//4
f 1072//3 1074//3 1439//3 1437//3
f 1073//4 1438//4 1440//4 1075//4
f 1074//3 1076//3 1441//3 1439//3
f 1075//4 1440//4 1442//4 1077//4
f 1076//3 1078//3 1443//3 1441//3
f 1077//4 1442//4 1444//4 1079//4
f 1078//3 1080//3 1445//3 1443//3
f 1079//4 1444//4 1446//4 1081//4
f 1080//3 1082//3 1447//3 1445//3
f 1081//4 1446//4 1448//4 1083//4
f 1082//3 1084//3 1449//3 1447//3
f 1083//4 1448//4 1450//4 1085//4
f 1084//3 1086//3 1451//3 1449//3
f 1085//4 1450//4 1452//4 1087//4
f 1086//3 1088//3 1453//3 1451//3
f 1087//4 1452//4 1454//4 1089//4
f 1088//3 1090//3 1455//3 1453//3
f 1089//4 1454//4 1456//4 1091//4
f 1090//3 1092//3 1457//3 1455//3
f 1091//4 1456//4 1458//4 1093//4
f 1092//3 1094//3 1459//3 1457//3
f 1093//4 1458//4 1460//4 1095//4
f 1094//3 1096//3 1461//3 1459//3
f 1095//4 1460//4 1462//4 1097//4
f 1096//3 1098//3 1463//3 1461//3
f 1097//4 1462//4 1464//4 1099//4
f 1098//3 1100//3 1465//3 1463//3
f 1099//4 1464//4 1466//4 1101//4
f 1100//3 1103//3 1467//3 1465//3
f 1101//4 1466//4 1468//4 1104//4
f 1109//2 1108//2 1469//2 1470//2
f 1103//3 1109//3 1470//3 1467//3
f 1104//4 1468//4 1469//4 1108//4
f 1735//1 1736//1 1737//1 1738//1
f 1735//3 1403//3 1739//3 1736//3
f 1738//4 1737//4 1740//4 1404//4
f 1735//5 1738//5 1404//5 1403//5
f 1403//3 1405//3 1741//3 1739//3
f 1404//4 1740//4 1742//4 1406//4
f 1405//3 1407//3 1743//3 1741//3
f 1406//4 1742//4 1744//4 1408//4
f 1407//3 1409//3 1745//3 1743//3
f 1408//4 1744//4 1746//4 1410//4
f 1409//3 1411//3 1747//3 1745//3
f 1410//4 1746//4 1748//4 1412//4
f 1411//3 1413//3 1749//3 1747//3
f 1412//4 1748//4 1750//4 1414//4
f 1413//3 1415//3 1751//3 1749//3
f 1414//4 1750//4 1752//4 1416//4
f 1415//3 1417//3 1753//3 1751//3
f 1416//4 1752//4 1754//4 1418//4
f 1417//3 1419//3 1755//3 1753//3
f 1418//4 1754//4 1756//4 1420//4
f 1419//3 1421//3 1757//3 1755//3
f 1420//4 1756//4 1758//4 1422//4
f 1421//3 1423//3 1759//3 1757//3
f 1422//4 1758//4 1760//4 1424//4
f 1423//3 1425//3 1761//3 1759//3
f 1424//4 1760//4 1762//4 1426//4
f 1425//3 1427//3 1763//3 1761//3
f 1426//4 1762//4 1764//4 1428//4
f 1427//3 1429//3 1765//3 1763//3
f 1428//4 1764//4 1766//4 1430//4
f 1429//3 1431//3 1767//3 1765//3
f 1430//4 1766//4 1768//4 1432//4
f 1431//3 1433//3 1769//3 1767//3
f 1432//4 1768//4 1770//4 1434//4
f 1433//3 1435//3 1771//3 1769//3
f 1434//4 1770//4 1772//4 1436//4
f 1435//3 1437//3 1773//3 1771//3
f 1436//4 1772//4 1774//4 1438//4
f 1437//3 1439//3 1775//3 1773//3
f 1438//4 1774//4 1776//4 1440//4
f 1439//3 1441//3 1777//3 1775//3
f 1440//4 1776//4 1778//4 1442//4
f 1441//3 1443//3 1779//3 1777//3
f 1442//4 1778//4 1780//4 1444//4
f 1443//3 1445//3 1781//3 1779//3
f 1444//4 1780//4 1782//4 1446//4
f 1445//3 1447//3 1783//3 1781//3
f 1446//4 1782//4 1784//4 1448//4
f 1447//3 1449//3 1785//3 1783//3
f 1448//4 1784//4 1786//4 1450//4
f 1449//3 1451//3 1787//3 1785//3
f 1450//4 1786//4 1788//4 1452//4
f 1451//3 1453//3 1789//3 1787//3
f 1452//4 1788//4 1790//4 1454//4
f 1453//3 1455//3 1791//3 1789//3
f 1454//4 1790//4 1792//4 1456//4
f 1455//3 1457//3 1793//3 1791//3
f 1456//4 1792//4 1794//4 1458//4
f 1457//3 1459//3 1795//3 1793//3
f 1458//4 1794//4 1796//4 1460//4
f 1459//3 1461//3 1797//3 1795//3
f 1460//4 1796//4 1798//4 1462//4
f 1461//3 1463//3 1799//3 1797//3
f 1462//4 1798//4 1800//4 1464//4
f 1463//3 1465//3 1801//3 1799//3
f 1464//4 1800//4 1802//4 1466//4
f 1465//3 1467//3 1803//3 1801//3
f 1466//4 1802//4 1804//4 1468//4
f 1467//3 1470//3 1805//3 1803//3
f 1468//4 1804//4 1806//4 1469//4
f 1807//2 1808//2 1809//2 1810//2
f 1470//3 1807//3 1810//3 1805//3
f 1469//4 1806//4 1809//4 1808//4
f 1470//5 1469//5 1808//5 1807//5
f 2044//1 2045//1 2046//1 2047//1
f 2044//3 1736//3 2048//3 2045//3
f 2047//4 2046//4 2049//4 1737//4
f 2044//5 2047//5 1737//5 1736//5
f 1736//3 1739//3 2050//3 2048//3
f 1737//4 2049//4 2051//4 1740//4
f 1739//3 1741//3 2052//3 2050//3
f 1740//4 2051//4 2053//4 1742//4
f 1741//3 1743//3 2054//3 2052//3
f 1742//4 2053//4 2055//4 1744//4
f 1743//3 1745//3 2056//3 2054//3
f 1744//4 2055//4 2057//4 1746//4
f 1745//3 1747//3 2058//3 2056//3
f 1746//4 2057//4 2059//4 1748//4
f 1747//3 1749//3 2060//3 2058//3
f 1748//4 2059//4 2061//4 1750//4
f 1749//3 1751//3 2062//3 2060//3
f 1750//4 2061//4 2063//4 1752//4
f 1751//3 1753//3 2064//3 2062//3
f 1752//4 2063//4 2065//4 1754//4
f 1753//3 1755//3 2066//3 2064//3
f 1754//4 2065//4 2067//4 1756//4
f 1755//3 1757//3 2068//3 2066//3
f 1756//4 2067//4 2069//4 1758//4
f 1757//3 1759//3 2070//3 2068//3
f 1758//4 2069//4 2071//4 1760//4
f 1759//3 1761//3 2072//3 2070//3
f 1760//4 2071//4 2073//4 1762//4
f 1761//3 1763//3 2074//3 2072//3
f 1762//4 2073//4 2075//4 1764//4
f 1763//3 1765//3 2076//3 2074//3
f 1764//4 2075//4 2077//4 1766//4
f 1765//3 1767//3 2078//3 2076//3
f 1766//4 2077//4 2079//4 1768//4
f 1767//3 1769//3 2080//3 2078//3
f 1768//4 2079//4 2081//4 1770//4
f 1769//3 1771//3 2082//3 2080//3
f 1770//4 2081//4 2083//4 1772//4
f 1771//3 1773//3 2084//3 2082//3
f 1772//4 2083//4 2085//4 1774//4
f 1773//3 1775//3 2086//3 2084//3
f 1774//4 2085//4 2087//4 1776//4
f 1775//3 1777//3 2088//3 2086//3
f 1776//4 2087//4 2089//4 1778//4
f 1777//3 1779//3 2090//3 2088//3
f 1778//4 2089//4 2091//4 1780//4
f 1779//3 1781//3 2092//3 2090//3
f 1780//4 2091//4 2093//4 1782//4
f 1781//3 1783//3 2094//3 2092//3
f 1782//4 2093//4 2095//4 1784//4
f 1783//3 1785//3 2096//3 2094//3
f 1784//4 2095//4 2097//4 1786//4
f 1785//3 1787//3 2098//3 2096//3
f 1786//4 2097//4 2099//4 1788//4
f 1787//3 1789//3 2100//3 2098//3
f 1788//4 2099//4 2101//4 1790//4
f 1789//3 1791//3 2102//3 2100//3
f 1790//4 2101//4 2103//4 1792//4
f 1791//3 1793//3 2104//3 2102//3
f 1792//4 2103//4 2105//4 1794//4
f 1793//3 1795//3 2106//3 2104//3
f 1794//4 2105//4 2107//4 1796//4
f 1795//3 1797//3 2108//3 2106//3
f 1796//4 2107//4 2109//4 1798//4
f 1797//3 1799//3 2110//3 2108//3
f 1798//4 2109//4 2111//4 1800//4
f 1799//3 1801//3 2112//3 2110//3
f 1800//4 2111//4 2113//4 1802//4
f 1801//3 1803//3 2114//3 2112//3
f 1802//4 2113//4 2115//4 1804//4
f 1803//3 1805//3 2116//3 2114//3
f 1804//4 2115//4 2117//4 1806//4
f 1805//3 1810//3 2118//3 2116//3
f 1806//4 2117//4 2119//4 1809//4
f 2120//2 2121//2 2122//2 2123//2
f 1810//3 2120//3 2123//3 2118//3
f 1809//4 2119//4 2122//4 2121//4
f 1810//5 1809//5 2121//5 2120//5
f 2369//1 2370//1 2371//1 2372//1
f 2369//3 2045//3 2373//3 2370//3
f 2372//4 2371//4 2374//4 2046//4
f 2369//5 2372//5 2046//5 2045//5
f 2045//3 2048//3 2375//3 2373//3
f 2046//4 2374//4 2376//4 2049//4
f 2048//3 2050//3 2377//3 2375//3
f 2049//4 2376//4 2378//4 2051//4
f 2050//3 2052//3 2379//3 2377//3
f 2051//4 2378//4 2380//4 2053//4
f 2052//3 2054//3 2381//3 2379//3
f 2053//4 2380//4 2382//4 2055//4
f 2054//3 2056//3 2383//3 2381//3
f 2055//4 2382//4 2384//4 2057//4
f 2056//3 2058//3 2385//3 2383//3
f 2057//4 2384//4 2386//4 2059//4
f 2058//3 2060//3 2387//3 2385//3
f 2059//4 2386//4 2388//4 2061//4
f 2060//3 2062//3 2389//3 2387//3
f 2061//4 2388//4 2390//4 2063//4
f 2062//3 2064//3 2391//3 2389//3
f 2063//4 2390//4 2392//4 2065//4
f 2064//3 2066//3 2393//3 2391//3
f 2065//4 2392//4 2394//4 2067//4
f 2066//3 2068//3 2395//3 2393//3
f 2067//4 2394//4 2396//4 2069//4
f 2068//3 2070//3 2397//3 2395//3
f 2069//4 2396//4 2398//4 2071//4
f 2070//3 2072//3 2399//3 2397//3
f 2071//4 2398//4 2400//4 2073//4
f 2072//3 2074//3 2401//3 2399//3
f 2073//4 2400//4 2402//4 2075//4
f 2074//3 2076//3 2403//3 2401//3
f 2075//4 2402//4 2404//4 2077//4
f 2076//3 2078//3 2405//3 2403//3
f 2077//4 2404//4 2406//4 2079//4
f 2078//3 2080//3 2407//3 2405//3
f 2079//4 2406//4 2408//4 2081//4
f 2080//3 2082//3 2409//3 2407//3
f 2081//4 2408//4 2410//4 2083//4
f 2082//3 2084//3 2411//3 2409//3
f 2083//4 2410//4 2412//4 2085//4
f 2084//3 2086//3 2413//3 2411//3
f 2085//4 2412//4 2414//4 2087//4
f 2086//3 2088//3 2415//3 2413//3
f 2087//4 2414//4 2416//4 2089//4
f 2088//3 2090//3 2417//3 2415//3
f 2089//4 2416//4 2418//4 2091//4
f 2090//3 2092//3 2419//3 2417//3
f 2091//4 2418//4 2420//4 2093//4
f 2092//3 2094//3 2421//3 2419//3
f 2093//4 2420//4 2422//4 2095//4
f 2094//3 2096//3 2423//3 2421//3
f 2095//4 2422//4 2424//4 2097//4
f 2096//3 2098//3 2425//3 2423//3
f 2097//4 2424//4 2426//4 2099//4
f 2098//3 2100//3 2427//3 2425//3
f 2099//4 2426//4 2428//4 2101//4
f 2100//3 2102//3 2429//3 2427//3
f 2101//4 2428//4 2430//4 2103//4
f 2102//3 2104//3 2431//3 2429//3
f 2103//4 2430//4 2432//4 2105//4
f 2104//3 2106//3 2433//3 2431//3
f 2105//4 2432//4 2434//4 2107//4
f 2106//3 2108//3 2435//3 2433//3
f 2107//4 2434//4 2436//4 2109//4
f 2108//3 2110//3 2437//3 2435//3
f 2109//4 2436//4 2438//4 2111//4
f 2110//3 2112//3 2439//3 2437//3
f 2111//4 2438//4 2440//4 2113//4
f 2112//3 2114//3 2441//3 2439//3
f 2113//4 2440//4 2442//4 2115//4
f 2114//3 2116//3 2443//3 2441//3
f 2115//4 2442//4 2444//4 2117//4
f 2116//3 2118//3 2445//3 2443//3
f 2117//4 2444//4 2446//4 2119//4
f 2118//3 2123//3 2447//3 2445//3
f 2119//4 2446//4 2448//4 2122//4
f 2449//2 2450//2 2451//2 2452//2
f 2123//3 2449//3 2452//3 2447//3
f 2122//4 2448//4 2451//4 2450//4
f 2123//5 2122//5 2450//5 2449//5
f 2370//1 2688//1 2689//1 2371//1
f 2370//3 2373//3 2690//3 2688//3
f 2371//4 2689//4 2691//4 2374//4
f 2373//3 2375//3 2692//3 2690//3
f 2374//4 2691//4 2693//4 2376//4
f 2375//3 2377//3 2694//3 2692//3
f 2376//4 2693//4 2695//4 2378//4
f 2377//3 2379//3 2696//3 2694//3
f 2378//4 2695//4 2697//4 2380//4
f 2379//3 2381//3 2698//3 2696//3
f 2380//4 2697//4 2699//4 2382//4
f 2381//3 2383//3 2700//3 2698//3
f 2382//4 2699//4 2701//4 2384//4
f 2383//3 2385//3 2702//3 2700//3
f 2384//4 2701//4 2703//4 2386//4
f 2385//3 2387//3 2704//3 2702//3
f 2386//4 2703//4 2705//4 2388//4
f 2387//3 2389//3 2706//3 2704//3
f 2388//4 2705//4 2707//4 2390//4
f 2389//3 2391//3 2708//3 2706//3
f 2390//4 2707//4 2709//4 2392//4
f 2391//3 2393//3 2710//3 2708//3
f 2392//4 2709//4 2711//4 2394//4
f 2393//3 2395//3 2712//3 2710//3
f 2394//4 2711//4 2713//4 2396//4
f 2395//3 2397//3 2714//3 2712//3
f 2396//4 2713//4 2715//4 2398//4
f 2397//3 2399//3 2716//3 2714//3
f 2398//4 2715//4 2717//4 2400//4
f 2399//3 2401//3 2718//3 2716//3
f 2400//4 2717//4 2719//4 2402//4
f 2401//3 2403//3 2720//3 2718//3
f 2402//4 2719//4 2721//4 2404//4
f 2403//3 2405//3 2722//3 2720//3
f 2404//4 2721//4 2723//4 2406//4
f 2405//3 2407//3 2724//3 2722//3
f 2406//4 2723//4 2725//4 2408//4
f 2407//3 2409//3 2726//3 2724//3
f 2408//4 2725//4 2727//4 2410//4
f 2409//3 2411//3 2728//3 2726//3
f 2410//4 2727//4 2729//4 2412//4
f 2411//3 2413//3 2730//3 2728//3
f 2412//4 2729//4 2731//4 2414//4
f 2413//3 2415//3 2732//3 2730//3
f 2414//4 2731//4 2733//4 2416//4
f 2415//3 2417//3 2734//3 2732//3
f 2416//4 2733//4 2735//4 2418//4
f 2417//3 2419//3 2736//3 2734//3
f 2418//4 2735//4 2737//4 2420//4
f 2419//3 2421//3 2738//3 2736//3
f 2420//4 2737//4 2739//4 2422//4
f 2421//3 2423//3 2740//3 2738//3
f 2422//4 2739//4 2741//4 2424//4
f 2423//3 2425//3 2742//3 2740//3
f 2424//4 2741//4 2743//4 2426//4
f 2425//3 2427//3 2744//3 2742//3
f 2426//4 2743//4 2745//4 2428//4
f 2427//3 2429//3 2746//3 2744//3
f 2428//4 2745//4 2747//4 2430//4
f 2429//3 2431//3 2748//3 2746//3
f 2430//4 2747//4 2749//4 2432//4
f 2431//3 2433//3 2750//3 2748//3
f 2432//4 2749//4 2751//4 2434//4
f 2433//3 2435//3 2752//3 2750//3
f 2434//4 2751//4 2753//4 2436//4
f 2435//3 2437//3 2754//3 2752//3
f 2436//4 2753//4 2755//4 2438//4
f 2437//3 2439//3 2756//3 2754//3
f 2438//4 2755//4 2757//4 2440//4
f 2439//3 2441//3 2758//3 2756//3
f 2440//4 2757//4 2759//4 2442//4
f 2441//3 2443//3 2760//3 2758//3
f 2442//4 2759//4 2761//4 2444//4
f 2443//3 2445//3 2762//3 2760//3
f 2444//4 2761//4 2763//4 2446//4
f 2445//3 2447//3 2764//3 2762//3
f 2446//4 2763//4 2765//4 2448//4
f 2452//2 2451//2 2766//2 2767//2
f 2447//3 2452//3 2767//3 2764//3
f 2448//4 2765//4 2766//4 2451//4
f 3075//1 3076//1 3077//1 3078//1
f 3075//3 2688//3 3079//3 3076//3
f 3078//4 3077//4 3080//4 2689//4
f 3075//5 3078//5 2689//5 2688//5
f 2688//3 2690//3 3081//3 3079//3
f 2689//4 3080//4 3082//4 2691//4
f 2690//3 2692//3 3083//3 3081//3
f 2691//4 3082//4 3084//4 2693//4
f 2692//3 2694//3 3085//3 3083//3
f 2693//4 3084//4 3086//4 2695//4
f 2694//3 2696//3 3087//3 3085//3
f 2695//4 3086//4 3088//4 2697//4
f 2696//3 2698//3 3089//3 3087//3
f 2697//4 3088//4 3090//4 2699//4
f 2698//3 2700//3 3091//3 3089//3
f 2699//4 3090//4 3092//4 2701//4
f 2700//3 2702//3 3093//3 3091//3
f 2701//4 3092//4 3094//4 2703//4
f 2702//3 2704//3 3095//3 3093//3
f 2703//4 3094//4 3096//4 2705//4
f 2704//3 2706//3 3097//3 3095//3
f 2705//4 3096//4 3098//4 2707//4
f 2706//3 2708//3 3099//3 3097//3
f 2707//4 3098//4 3100//4 2709//4
f 2708//3 2710//3 3101//3 3099//3
f 2709//4 3100//4 3102//4 2711//4
f 2710//3 2712//3 3103//3 3101//3
f 2711//4 3102//4 3104//4 2713//4
f 2712//3 2714//3 3105//3 3103//3
f 2713//4 3104//4 3106//4 2715//4
f 2714//3 2716//3 3107//3 3105//3
f 2715//4 3106//4 3108//4 2717//4
f 2716//3 2718//3 3109//3 3107//3
f 2717//4 3108//4 3110//4 2719//4
f 2718//3 2720//3 3111//3 3109//3
f 2719//4 3110//4 3112//4 2721//4
f 2720//3 2722//3 3113//3 3111//3
f 2721//4 3112//4 3114//4 2723//4
f 2722//3 2724//3 3115//3 3113//3
f 2723//4 3114//4 3116//4 2725//4
f 2724//3 2726//3 3117//3 3115//3
f 2725//4 3116//4 3118//4 2727//4
f 2726//3 2728//3 3119//3 3117//3
f 2727//4 3118//4 3120//4 2729//4
f 2728//3 2730//3 3121//3 3119//3
f 2729//4 3120//4 3122//4 2731//4
f 2730//3 2732//3 3123//3 3121//3
f 2731//4 3122//4 3124//4 2733//4
f 2732//3 2734//3 3125//3 3123//3
f 2733//4 3124//4 3126//4 2735//4
f 2734//3 2736//3 3127//3 3125//3
f 2735//4 3126//4 3128//4 2737//4
f 2736//3 2738//3 3129//3 3127//3
f 2737//4 3128//4 3130//4 2739//4
f 2738//3 2740//3 3131//3 3129//3
f 2739//4 3130//4 3132//4 2741//4
f 2740//3 2742//3 3133//3 3131//3
f 2741//4 3132//4 3134//4 2743//4
f 2742//3 2744//3 3135//3 3133//3
f 2743//4 3134//4 3136//4 2745//4
f 2744//3 2746//3 3137//3 3135//3
f 2745//4 3136//4 3138//4 2747//4
f 2746//3 2748//3 3139//3 3137//3
f 2747//4 3138//4 3140//4 2749//4
f 2748//3 2750//3 3141//3 3139//3
f 2749//4 3140//4 3142//4 2751//4
f 2750//3 2752//3 3143//3 3141//3
f 2751//4 3142//4 3144//4 2753//4
f 2752//3 2754//3 3145//3 3143//3
f 2753//4 3144//4 3146//4 2755//4
f 2754//3 2756//3 3147//3 3145//3
f 2755//4 3146//4 3148//4 2757//4
f 2756//3 2758//3 3149//3 3147//3
f 2757//4 3148//4 3150//4 2759//4
f 2758//3 2760//3 3151//3 3149//3
f 2759//4 3150//4 3152//4 2761//4
f 2760//3 2762//3 3153//3 3151//3
f 2761//4 3152//4 3154//4 2763//4
f 2762//3 2764//3 3155//3 3153//3
f 2763//4 3154//4 3156//4 2765//4
f 2764//3 2767//3 3157//3 3155//3
f 2765//4 3156//4 3158//4 2766//4
f 3159//2 3160//2 3161//2 3162//2
f 2767//3 3159//3 3162//3 3157//3
f 2766//4 3158//4 3161//4 3160//4
f 2767//5 2766//5 3160//5 3159//5
f 3076//1 3476//1 3477//1 3077//1
f 3076//3 3079//3 3478//3 3476//3
f 3077//4 3477//4 3479//4 3080//4
f 3079//3 3081//3 3480//3 3478//3
f 3080//4 3479//4 3481//4 3082//4
f 3081//3 3083//3 3482//3 3480//3
f 3082//4 3481//4 3483//4 3084//4
f 3083//3 3085//3 3484//3 3482//3
f 3084//4 3483//4 3485//4 3086//4
f 3085//3 3087//3 3486//3 3484//3
f 3086//4 3485//4 3487//4 3088//4
f 3087//3 3089//3 3488//3 3486//3
f 3088//4 3487//4 3489//4 3090//4
f 3089//3 3091//3 3490//3 3488//3
f 3090//4 3489//4 3491//4 3092//4
f 3091//3 3093//3 3492//3 3490//3
f 3092//4 3491//4 3493//4 3094//4
f 3093//3 3095//3 3494//3 3492//3
f 3094//4 3493//4 3495//4 3096//4
f 3095//3 3097//3 3496//3 3494//3
f 3096//4 3495//4 3497//4 3098//4
f 3097//3 3099//3 3498//3 3496//3
f 3098//4 3497//4 3499//4 3100//4
f 3099//3 3101//3 3500//3 3498//3
f 3100//4 3499//4 3501//4 3102//4
f 3101//3 3103//3 3502//3 3500//3
f 3102//4 3501//4 3503//4 3104//4
f 3103//3 3105//3 3504//3 3502//3
f 3104//4 3503//4 3505//4 3106//4
f 3105//3 3107//3 3506//3 3504//3
f 3106//4 3505//4 3507//4 3108//4
f 3107//3 3109//3 3508//3 3506//3
f 3108//4 3507//4 3509//4 3110//4
f 3109//3 3111//3 3510//3 3508//3
f 3110//4 3509//4 3511//4 3112//4
f 3111//3 3113//3 3512//3 3510//3
f 3112//4 3511//4 3513//4 3114//4
f 3113//3 3115//3 3514//3 3512//3
f 3114//4 3513//4 3515//4 3116//4
f 3115//3 3117//3 3516//3 3514//3
f 3116//4 3515//4 3517//4 3118//4
f 3117//3 3119//3 3518//3 3516//3
f 3118//4 3517//4 3519//4 3120//4
f 3119//3 3121//3 3520//3 3518//3
f 3120//4 3519//4 3521//4 3122//4
f 3121//3 3123//3 3522//3 3520//3
f 3122//4 3521//4 3523//4 3124//4
f 3123//3 3125//3 3524//3 3522//3
f 3124//4 3523//4 3525//4 3126//4
f 3125//3 3127//3 3526//3 3524//3
f 3126//4 3525//4 3527//4 3128//4
f 3127//3 3129//3 3528//3 3526//3
f 3128//4 3527//4 3529//4 3130//4
f 3129//3 3131//3 3530//3 3528//3
f 3130//4 3529//4 3531//4 3132//4
f 3131//3 3133//3 3532//3 3530//3
f 3132//4 3531//4 3533//4 3134//4
f 3133//3 3135//3 3534//3 3532//3
f 3134//4 3533//4 3535//4 3136//4
f 3135//3 3137//3 3536//3 3534//3
f 3136//4 3535//4 3537//4 3138//4
f 3137//3 3139//3 3538//3 3536//3
f 3138//4 3537//4 3539//4 3140//4
f 3139//3 3141//3 3540//3 3538//3
f 3140//4 3539//4 3541//4 3142//4
f 3141//3 3143//3 3542//3 3540//3
f 3142//4 3541//4 3543//4 3144//4
f 3143//3 3145//3 3544//3 3542//3
f 3144//4 3543//4 3545//4 3146//4
f 3145//3 3147//3 3546//3 3544//3
f 3146//4 3545//4 3547//4 3148//4
f 3147//3 3149//3 3548//3 3546//3
f 3148//4 3547//4 3549//4 3150//4
f 3149//3 3151//3 3550//3 3548//3
f 3150//4 3549//4 3551//4 3152//4
f 3151//3 3153//3 3552//3 3550//3
f 3152//4 3551//4 3553//4 3154//4
f 3153//3 3155//3 3554//3 3552//3
f 3154//4 3553//4 3555//4 3156//4
f 3155//3 3157//3 3556//3 3554//3
f 3156//4 3555//4 3557//4 3158//4
f 3162//2 3161//2 3558//2 3559//2
f 3157//3 3162//3 3559//3 3556//3
f 3158//4 3557//4 3558//4 3161//4
f 3476//1 3882//1 3883//1 3477//1
f 3476//3 3478//3 3884//3 3882//3
f 3477//4 3883//4 3885//4 3479//4
f 3478//3 3480//3 3886//3 3884//3
f 3479//4 3885//4 3887//4 3481//4
f 3480//3 3482//3 3888//3 3886//3
f 3481//4 3887//4 3889//4 3483//4
f 3482//3 3484//3 3890//3 3888//3
f 3483//4 3889//4 3891//4 3485//4
f 3484//3 3486//3 3892//3 3890//3
f 3485//4 3891//4 3893//4 3487//4
f 3486//3 3488//3 3894//3 3892//3
f 3487//4 3893//4 3895//4 3489//4
f 3488//3 3490//3 3896//3 3894//3
f 3489//4 3895//4 3897//4 3491//4
f 3490//3 3492//3 3898//3 3896//3
f 3491//4 3897//4 3899//4 3493//4
f 3492//3 3494//3 3900//3 3898//3
f 3493//4 3899//4 3901//4 3495//4
f 3494//3 3496//3 3902//3 3900//3
f 3495//4 3901//4 3903//4 3497//4
f 3496//3 3498//3 3904//3 3902//3
f 3497//4 3903//4 3905//4 3499//4
f 3498//3 3500//3 3906//3 3904//3
f 3499//4 3905//4 3907//4 3501//4
f 3500//3 3502//3 3908//3 3906//3
f 3501//4 3907//4 3909//4 3503//4
f 3502//3 3504//3 3910//3 3908//3
f 3503//4 3909//4 3911//4 3505//4
f 3504//3 3506//3 3912//3 3910//3
f 3505//4 3911//4 3913//4 3507//4
f 3506//3 3508//3 3914//3 3912//3
f 3507//4 3913//4 3915//4 3509//4
f 3508//3 3510//3 3916//3 3914//3
f 3509//4 3915//4 3917//4 3511//4
f 3510//3 3512//3 3918//3 3916//3
f 3511//4 3917//4 3919//4 3513//4
f 3512//3 3514//3 3920//3 3918//3
f 3513//4 3919//4 3921//4 3515//4
f 3514//3 3516//3 3922//3 3920//3
f 3515//4 3921//4 3923//4 3517//4
f 3516//3 3518//3 3924//3 3922//3
f 3517//4 3923//4 3925//4 3519//4
f 3518//3 3520//3 3926//3 3924//3
f 3519//4 3925//4 3927//4 3521//4
f 3520//3 3522//3 3928//3 3926//3
f 3521//4 3927//4 3929//4 3523//4
f 3522//3 3524//3 3930//3 3928//3
f 3523//4 3929//4 3931//4 3525//4
f 3524//3 3526//3 3932//3 3930//3
f 3525//4 3931//4 3933//4 3527//4
f 3526//3 3528//3 3934//3 3932//3
f 3527//4 3933//4 3935//4 3529//4
f 3528//3 3530//3 3936//3 3934//3
f 3529//4 3935//4 3937//4 3531//4
f 3530//3 3532//3 3938//3 3936//3
f 3531//4 3937//4 3939//4 3533//4
f 3532//3 3534//3 3940//3 3938//3
f 3533//4 3939//4 3941//4 3535//4
f 3534//3 3536//3 3942//3 3940//3
f 3535//4 3941//4 3943//4 3537//4
f 3536//3 3538//3 3944//3 3942//3
f 3537//4 3943//4 3945//4 3539//4
f 3538//3 3540//3 3946//3 3944//3
f 3539//4 3945//4 3947//4 3541//4
f 3540//3 3542//3 3948//3 3946//3
f 3541//4 3947//4 3949//4 3543//4
f 3542//3 3544//3 3950//3 3948//3
f 3543//4 3949//4 3951//4 3545//4
f 3544//3 3546//3 3952//3 3950//3
f 3545//4 3951//4 3953//4 3547//4
f 3546//3 3548//3 3954//3 3952//3
f 3547//4 3953//4 3955//4 3549//4
f 3548//3 3550//3 3956//3 3954//3
f 3549//4 3955//4 3957//4 3551//4
f 3550//3 3552//3 3958//3 3956//3
f 3551//4 3957//4 3959//4 3553//4
f 3552//3 3554//3 3960//3 3958//3
f 3553//4 3959//4 3961//4 3555//4
f 3554//3 3556//3 3962//3 3960//3
f 3555//4 3961//4 3963//4 3557//4
f 3559//2 3558//2 3964//2 3965//2
f 3556//3 3559//3 3965//3 3962//3
f 3557//4 3963//4 3964//4 3558//4
f 3882//1 4233//1 4234//1 3883//1
f 3882//3 3884//3 4235//3 4233//3
f 3883//4 4234//4 4236//4 3885//4
f 3884//3 3886//3 4237//3 4235//3
f 3885//4 4236//4 4238//4 3887//4
f 3886//3 3888//3 4239//3 4237//3
f 3887//4 4238//4 4240//4 3889//4
f 3888//3 3890//3 4241//3 4239//3
f 3889//4 4240//4 4242//4 3891//4
f 3890//3 3892//3 4243//3 4241//3
f 3891//4 4242//4 4244//4 3893//4
f 3892//3 3894//3 4245//3 4243//3
f 3893//4 4244//4 4246//4 3895//4
f 3894//3 3896//3 4247//3 4245//3
f 3895//4 4246//4 4248//4 3897//4
f 3896//3 3898//3 4249//3 4247//3
f 3897//4 4248//4 4250//4 3899//4
f 3898//3 3900//3 4251//3 4249//3
f 3899//4 4250//4 4252//4 3901//4
f 3900//3 3902//3 4253//3 4251//3
f 3901//4 4252//4 4254//4 3903//4
f 3902//3 3904//3 4255//3 4253//3
f 3903//4 4254//4 4256//4 3905//4
f 3904//3 3906//3 4257//3 4255//3
f 3905//4 4256//4 4258//4 3907//4
f 3906//3 3908//3 4259//3 4257//3
f 3907//4 4258//4 4260//4 3909//4
f 3908//3 3910//3 4261//3 4259//3
f 3909//4 4260//4 4262//4 3911//4
f 3910//3 3912//3 4263//3 4261//3
f 3911//4 4262//4 4264//4 3913//4
f 3912//3 3914//3 4265//3 4263//3
f 3913//4 4264//4 4266//4 3915//4
f 3914//3 3916//3 4267//3 4265//3
f 3915//4 4266//4 4268//4 3917//4
f 3916//3 3918//3 4269//3 4267//3
f 3917//4 4268//4 4270//4 3919//4
f 3918//3 3920//3 4271//3 4269//3
f 3919//4 4270//4 4272//4 3921//4
f 3920//3 3922//3 4273//3 4271//3
f 3921//4 4272//4 4274//4 3923//4
f 3922//3 3924//3 4275//3 4273//3
f 3923//4 4274//4 4276//4 3925//4
f 3924//3 3926//3 4277//3 4275//3
f 3925//4 4276//4 4278//4 3927//4
f 3926//3 3928//3 4279//3 4277//3
f 3927//4 4278//4 4280//4 3929//4
f 3928//3 3930//3 4281//3 4279//3
f 3929//4 4280//4 4282//4 3931//4
f 3930//3 3932//3 4283//3 4281//3
f 3931//4 4282//4 4284//4 3933//4
f 3932//3 3934//3 4285//3 4283//3
f 3933//4 4284//4 4286//4 3935//4
f 3934//3 3936//3 4287//3 4285//3
f 3935//4 4286//4 4288//4 3937//4
f 3936//3 3938//3 4289//3 4287//3
f 3937//4 4288//4 4290//4 3939//4
f 3938//3 3940//3 4291//3 4289//3
f 3939//4 4290//4 4292//4 3941//4
f 3940//3 3942//3 4293//3 4291//3
f 3941//4 4292//4 4294//4 3943//4
f 3942//3 3944//3 4295//3 4293//3
f 3943//4 4294//4 4296//4 3945//4
f 3944//3 3946//3 4297//3 4295//3
f 3945//4 4296//4 4298//4 3947//4
f 3946//3 3948//3 4299//3 4297//3
f 3947//4 4298//4 4300//4 3949//4
f 3948//3 3950//3 4301//3 4299//3
f 3949//4 4300//4 4302//4 3951//4
f 3950//3 3952//3 4303//3 4301//3
f 3951//4 4302//4 4304//4 3953//4
f 3952//3 3954//3 4305//3 4303//3
f 3953//4 4304//4 4306//4 3955//4
f 3954//3 3956//3 4307//3 4305//3
f 3955//4 4306//4 4308//4 3957//4
f 3956//3 3958//3 4309//3 4307//3
f 3957//4 4308//4 4310//4 3959//4
f 3958//3 3960//3 4311//3 4309//3
f 3959//4 4310//4 4312//4 3961//4
f 3960//3 3962//3 4313//3 4311//3
f 3961//4 4312//4 4314//4 3963//4
f 3965//2 3964//2 4315//2 4316//2
f 3962//3 3965//3 4316//3 4313//3
f 3963//4 4314//4 4315//4 3964//4
f 4233//1 4619//1 4620//1 4234//1
f 4233//3 4235//3 4621//3 4619//3
f 4234//4 4620//4 4622//4 4236//4
f 4235//3 4237//3 4623//3 4621//3
f 4236//4 4622//4 4624//4 4238//4
f 4237//3 4239//3 4625//3 4623//3
f 4238//4 4624//4 4626//4 4240//4
f 4239//3 4241//3 4627//3 4625//3
f 4240//4 4626//4 4628//4 4242//4
f 4241//3 4243//3 4629//3 4627//3
f 4242//4 4628//4 4630//4 4244//4
f 4243//3 4245//3 4631//3 4629//3
f 4244//4 4630//4 4632//4 4246//4
f 4245//3 4247//3 4633//3 4631//3
f 4246//4 4632//4 4634//4 4248//4
f 4247//3 4249//3 4635//3 4633//3
f 4248//4 4634//4 4636//4 4250//4
f 4249//3 4251//3 4637//3 4635//3
f 4250//4 4636//4 4638//4 4252//4
f 4251//3 4253//3 4639//3 4637//3
f 4252//4 4638//4 4640//4 4254//4
f 4253//3 4255//3 4641//3 4639//3
f 4254//4 4640//4 4642//4 4256//4
f 4255//3 4257//3 4643//3 4641//3
f 4256//4 4642//4 4644//4 4258//4
f 4257//3 4259//3 4645//3 4643//3
f 4258//4 4644//4 4646//4 4260//4
f 4259//3 4261//3 4647//3 4645//3
f 4260//4 4646//4 4648//4 4262//4
f 4261//3 4263//3 4649//3 4647//3
f 4262//4 4648//4 4650//4 4264//4
f 4263//3 4265//3 4651//3 4649//3
f 4264//4 4650//4 4652//4 4266//4
f 4265//3 4267//3 4653//3 4651//3
f 4266//4 4652//4 4654//4 4268//4
f 4267//3 4269//3 4655//3 4653//3
f 4268//4 4654//4 4656//4 4270//4
f 4269//3 4271//3 4657//3 4655//3
f 4270//4 4656//4 4658//4 4272//4
f 4271//3 4273//3 4659//3 4657//3
f 4272//4 4658//4 4660//4 4274//4
f 4273//3 4275//3 4661//3 4659//3
f 4274//4 4660//4 4662//4 4276//4
f 4275//3 4277//3 4663//3 4661//3
f 4276//4 4662//4 4664//4 4278//4
f 4277//3 4279//3 4665//3 4663//3
f 4278//4 4664//4 4666//4 4280//4
f 4279//3 4281//3 4667//3 4665//3
f 4280//4 4666//4 4668//4 4282//4
f 4281//3 4283//3 4669//3 4667//3
f 4282//4 4668//4 4670//4 4284//4
f 4283//3 4285//3 4671//3 4669//3
f 4284//4 4670//4 4672//4 4286//4
f 4285//3 4287//3 4673//3 4671//3
f 4286//4 4672//4 4674//4 4288//4
f 4287//3 4289//3 4675//3 4673//3
f 4288//4 4674//4 4676//4 4290//4
f 4289//3 4291//3 4677//3 4675//3
f 4290//4 4676//4 4678//4 4292//4
f 4291//3 4293//3 4679//3 4677//3
f 4292//4 4678//4 4680//4 4294//4
f 4293//3 4295//3 4681//3 4679//3
f 4294//4 4680//4 4682//4 4296//4
f 4295//3 4297//3 4683//3 4681//3
f 4296//4 4682//4 4684//4 4298//4
f 4297//3 4299//3 4685//3 4683//3
f 4298//4 4684//4 4686//4 4300//4
f 4299//3 4301//3 4687//3 4685//3
f 4300//4 4686//4 4688//4 4302//4
f 4301//3 4303//3 4689//3 4687//3
f 4302//4 4688//4 4690//4 4304//4
f 4303//3 4305//3 4691//3 4689//3
f 4304//4 4690//4 4692//4 4306//4
f 4305//3 4307//3 4693//3 4691//3
f 4306//4 4692//4 4694//4 4308//4
f 4307//3 4309//3 4695//3 4693//3
f 4308//4 4694//4 4696//4 4310//4
f 4309//3 4311//3 4697//3 4695//3
f 4310//4 4696//4 4698//4 4312//4
f 4311//3 4313//3 4699//3 4697//3
f 4312//4 4698//4 4700//4 4314//4
f 4316//2 4315//2 4701//2 4702//2
f 4313//3 4316//3 4702//3 4699//3
f 4314//4 4700//4 4701//4 4315//4
f 4660//1 5189//1 5190//1 5191//1
f 4662//2 5192//2 5193//2 5194//2
f 5191//4 5190//4 5193//4 5192//4
f 4660//5 5191//5 5192//5 4662//5
f 5189//6 5194//6 5193//6 5190//6
f 5195//1 5196//1 5197//1 5198//1
f 5195//3 4619//3 5199//3 5196//3
f 5198//4 5197//4 5200//4 4620//4
f 5195//5 5198//5 4620//5 4619//5
f 5196//6 5199//6 5200//6 5197//6
f 4619//3 4621//3 5201//3 5199//3
f 4620//4 5200//4 5202//4 4622//4
f 4621//3 4623//3 5203//3 5201//3
f 4622//4 5202//4 5204//4 4624//4
f 4623//3 4625//3 5205//3 5203//3
f 4624//4 5204//4 5206//4 4626//4
f 4625//3 4627//3 5207//3 5205//3
f 4626//4 5206//4 5208//4 4628//4
f 4627//3 4629//3 5209//3 5207//3
f 4628//4 5208//4 5210//4 4630//4
f 4629//3 4631//3 5211//3 5209//3
f 4630//4 5210//4 5212//4 4632//4
f 4631//3 4633//3 5213//3 5211//3
f 4632//4 5212//4 5214//4 4634//4
f 4633//3 4635//3 5215//3 5213//3
f 4634//4 5214//4 5216//4 4636//4
f 4635//3 4637//3 5217//3 5215//3
f 4636//4 5216//4 5218//4 4638//4
f 4637//3 4639//3 5219//3 5217//3
f 4638//4 5218//4 5220//4 4640//4
f 4639//3 4641//3 5221//3 5219//3
f 4640//4 5220//4 5222//4 4642//4
f 4641//3 4643//3 5223//3 5221//3
f 4642//4 5222//4 5224//4 4644//4
f 4643//3 4645//3 5225//3 5223//3
f 4644//4 5224//4 5226//4 4646//4
f 4645//3 4647//3 5227//3 5225//3
f 4646//4 5226//4 5228//4 4648//4
f 4647//3 4649//3 5229//3 5227//3
f 4648//4 5228//4 5230//4 4650//4
f 4649//3 4651//3 5231//3 5229//3
f 4650//4 5230//4 5232//4 4652//4
f 4651//3 4653//3 5233//3 5231//3
f 4652//4 5232//4 5234//4 4654//4
f 4653//3 4655//3 5235//3 5233//3
f 4654//4 5234//4 5236//4 4656//4
f 4655//3 4657//3 5237//3 5235//3
f 4656//4 5236//4 5238//4 4658//4
f 4657//3 4659//3 5239//3 5237//3
f 4658//4 5238//4 5189//4 4660//4
f 4661//3 4663//3 5240//3 5241//3
f 4662//4 5194//4 5242//4 4664//4
f 4663//3 4665//3 5243//3 5240//3
f 4664//4 5242//4 5244//4 4666//4
f 4665//3 4667//3 5245//3 5243//3
f 4666//4 5244//4 5246//4 4668//4
f 4667//3 4669//3 5247//3 5245//3
f 4668//4 5246//4 5248//4 4670//4
f 4669//3 4671//3 5249//3 5247//3
f 4670//4 5248//4 5250//4 4672//4
f 4671//3 4673//3 5251//3 5249//3
f 4672//4 5250//4 5252//4 4674//4
f 4673//3 4675//3 5253//3 5251//3
f 4674//4 5252//4 5254//4 4676//4
f 4675//3 4677//3 5255//3 5253//3
f 4676//4 5254//4 5256//4 4678//4
f 4677//3 4679//3 5257//3 5255//3
f 4678//4 5256//4 5258//4 4680//4
f 4679//3 4681//3 5259//3 5257//3
f 4680//4 5258//4 5260//4 4682//4
f 4681//3 4683//3 5261//3 5259//3
f 4682//4 5260//4 5262//4 4684//4
f 4683//3 4685//3 5263//3 5261//3
f 4684//4 5262//4 5264//4 4686//4
f 4685//3 4687//3 5265//3 5263//3
f 4686//4 5264//4 5266//4 4688//4
f 4687//3 4689//3 5267//3 5265//3
f 4688//4 5266//4 5268//4 4690//4
f 4689//3 4691//3 5269//3 5267//3
f 4690//4 5268//4 5270//4 4692//4
f 4691//3 4693//3 5271//3 5269//3
f 4692//4 5270//4 5272//4 4694//4
f 4693//3 4695//3 5273//3 5271//3
f 4694//4 5272//4 5274//4 4696//4
f 4695//3 4697//3 5275//3 5273//3
f 4696//4 5274//4 5276//4 4698//4
f 4697//3 4699//3 5277//3 5275//3
f 4698//4 5276//4 5278//4 4700//4
f 4699//3 4702//3 5279//3 5277//3
f 4700//4 5278//4 5280//4 4701//4
f 5281//2 5282//2 5283//2 5284//2
f 4702//3 5281//3 5284//3 5279//3
f 4701//4 5280//4 5283//4 5282//4
f 4702//5 4701//5 5282//5 5281//5
f 5279//6 5284//6 5283//6 5280//6
f 5285//1 5286//1 5239//1 4659//1
f 5287//2 4661//2 5241//2 5288//2
f 5285//3 5287//3 5288//3 5286//3
f 5285//5 4659//5 4661//5 5287//5
f 5286//6 5288//6 5241//6 5239//6
f 5199//1 5651//1 5652//1 5200//1
f 5199//3 5201//3 5653//3 5651//3
f 5200//4 5652//4 5654//4 5202//4
f 5201//3 5203//3 5655//3 5653//3
f 5202//4 5654//4 5656//4 5204//4
f 5203//3 5205//3 5657//3 5655//3
f 5204//4 5656//4 5658//4 5206//4
f 5205//3 5207//3 5659//3 5657//3
f 5206//4 5658//4 5660//4 5208//4
f 5207//3 5209//3 5661//3 5659//3
f 5208//4 5660//4 5662//4 5210//4
f 5209//3 5211//3 5663//3 5661//3
f 5210//4 5662//4 5664//4 5212//4
f 5211//3 5213//3 5665//3 5663//3
f 5212//4 5664//4 5666//4 5214//4
f 5213//3 5215//3 5667//3 5665//3
f 5214//4 5666//4 5668//4 5216//4
f 5215//3 5217//3 5669//3 5667//3
f 5216//4 5668//4 5670//4 5218//4
f 5217//3 5219//3 5671//3 5669//3
f 5218//4 5670//4 5672//4 5220//4
f 5219//3 5221//3 5673//3 5671//3
f 5220//4 5672//4 5674//4 5222//4
f 5221//3 5223//3 5675//3 5673//3
f 5222//4 5674//4 5676//4 5224//4
f 5223//3 5225//3 5677//3 5675//3
f 5224//4 5676//4 5678//4 5226//4
f 5225//3 5227//3 5679//3 5677//3
f 5226//4 5678//4 5680//4 5228//4
f 5227//3 5229//3 5681//3 5679//3
f 5228//4 5680//4 5682//4 5230//4
f 5229//3 5231//3 5683//3 5681//3
f 5230//4 5682//4 5684//4 5232//4
f 5231//3 5233//3 5685//3 5683//3
f 5232//4 5684//4 5686//4 5234//4
f 5233//3 5235//3 5687//3 5685//3
f 5234//4 5686//4 5688//4 5236//4
f 5235//3 5237//3 5689//3 5687//3
f 5236//4 5688//4 5690//4 5238//4
f 5237//3 5239//3 5691//3 5689//3
f 5238//4 5690//4 5692//4 5189//4
f 5239//3 5241//3 5693//3 5691//3
f 5189//4 5692//4 5694//4 5194//4
f 5241//3 5240//3 5695//3 5693//3
f 5194//4 5694//4 5696//4 5242//4
f 5240//3 5243//3 5697//3 5695//3
f 5242//4 5696//4 5698//4 5244//4
f 5243//3 5245//3 5699//3 5697//3
f 5244//4 5698//4 5700//4 5246//4
f 5245//3 5247//3 5701//3 5699//3
f 5246//4 5700//4 5702//4 5248//4
f 5247//3 5249//3 5703//3 5701//3
f 5248//4 5702//4 5704//4 5250//4
f 5249//3 5251//3 5705//3 5703//3
f 5250//4 5704//4 5706//4 5252//4
f 5251//3 5253//3 5707//3 5705//3
f 5252//4 5706//4 5708//4 5254//4
f 5253//3 5255//3 5709//3 5707//3
f 5254//4 5708//4 5710//4 5256//4
f 5255//3 5257//3 5711//3 5709//3
f 5256//4 5710//4 5712//4 5258//4
f 5257//3 5259//3 5713//3 5711//3
f 5258//4 5712//4 5714//4 5260//4
f 5259//3 5261//3 5715//3 5713//3
f 5260//4 5714//4 5716//4 5262//4
f 5261//3 5263//3 5717//3 5715//3
f 5262//4 5716//4 5718//4 5264//4
f 5263//3 5265//3 5719//3 5717//3
f 5264//4 5718//4 5720//4 5266//4
f 5265//3 5267//3 5721//3 5719//3
f 5266//4 5720//4 5722//4 5268//4
f 5267//3 5269//3 5723//3 5721//3
f 5268//4 5722//4 5724//4 5270//4
f 5269//3 5271//3 5725//3 5723//3
f 5270//4 5724//4 5726//4 5272//4
f 5271//3 5273//3 5727//3 5725//3
f 5272//4 5726//4 5728//4 5274//4
f 5273//3 5275//3 5729//3 5727//3
f 5274//4 5728//4 5730//4 5276//4
f 5275//3 5277//3 5731//3 5729//3
f 5276//4 5730//4 5732//4 5278//4
f 5279//2 5280//2 5733//2 5734//2
f 5277//3 5279//3 5734//3 5731//3
f 5278//4 5732//4 5733//4 5280//4
f 5651//1 6118//1 6119//1 5652//1
f 5651//3 5653//3 6120//3 6118//3
f 5652//4 6119//4 6121//4 5654//4
f 5653//3 5655//3 6122//3 6120//3
f 5654//4 6121//4 6123//4 5656//4
f 5655//3 5657//3 6124//3 6122//3
f 5656//4 6123//4 6125//4 5658//4
f 5657//3 5659//3 6126//3 6124//3
f 5658//4 6125//4 6127//4 5660//4
f 5659//3 5661//3 6128//3 6126//3
f 5660//4 6127//4 6129//4 5662//4
f 5661//3 5663//3 6130//3 6128//3
f 5662//4 6129//4 6131//4 5664//4
f 5663//3 5665//3 6132//3 6130//3
f 5664//4 6131//4 6133//4 5666//4
f 5665//3 5667//3 6134//3 6132//3
f 5666//4 6133//4 6135//4 5668//4
f 5667//3 5669//3 6136//3 6134//3
f 5668//4 6135//4 6137//4 5670//4
f 5669//3 5671//3 6138//3 6136//3
f 5670//4 6137//4 6139//4 5672//4
f 5671//3 5673//3 6140//3 6138//3
f 5672//4 6139//4 6141//4 5674//4
f 5673//3 5675//3 6142//3 6140//3
f 5674//4 6141//4 6143//4 5676//4
f 5675//3 5677//3 6144//3 6142//3
f 5676//4 6143//4 6145//4 5678//4
f 5677//3 5679//3 6146//3 6144//3
f 5678//4 6145//4 6147//4 5680//4
f 5679//3 5681//3 6148//3 6146//3
f 5680//4 6147//4 6149//4 5682//4
f 5681//3 5683//3 6150//3 6148//3
f 5682//4 6149//4 6151//4 5684//4
f 5683//3 5685//3 6152//3 6150//3
f 5684//4 6151//4 6153//4 5686//4
f 5685//3 5687//3 6154//3 6152//3
f 5686//4 6153//4 6155//4 5688//4
f 5687//3 5689//3 6156//3 6154//3
f 5688//4 6155//4 6157//4 5690//4
f 5689//3 5691//3 6158//3 6156//3
f 5690//4 6157//4 6159//4 5692//4
f 5691//3 5693//3 6160//3 6158//3
f 5692//4 6159//4 6161//4 5694//4
f 5693//3 5695//3 6162//3 6160//3
f 5694//4 6161//4 6163//4 5696//4
f 5695//3 5697//3 6164//3 6162//3
f 5696//4 6163//4 6165//4 5698//4
f 5697//3 5699//3 6166//3 6164//3
f 5698//4 6165//4 6167//4 5700//4
f 5699//3 5701//3 6168//3 6166//3
f 5700//4 6167//4 6169//4 5702//4
f 5701//3 5703//3 6170//3 6168//3
f 5702//4 6169//4 6171//4 5704//4
f 5703//3 5705//3 6172//3 6170//3
f 5704//4 6171//4 6173//4 5706//4
f 5705//3 5707//3 6174//3 6172//3
f 5706//4 6173//4 6175//4 5708//4
f 5707//3 5709//3 6176//3 6174//3
f 5708//4 6175//4 6177//4 5710//4
f 5709//3 5711//3 6178//3 6176//3
f 5710//4 6177//4 6179//4 5712//4
f 5711//3 5713//3 6180//3 6178//3
f 5712//4 6179//4 6181//4 5714//4
f 5713//3 5715//3 6182//3 6180//3
f 5714//4 6181//4 6183//4 5716//4
f 5715//3 5717//3 6184//3 6182//3
f 5716//4 6183//4 6185//4 5718//4
f 5717//3 5719//3 6186//3 6184//3
f 5718//4 6185//4 6187//4 5720//4
f 5719//3 5721//3 6188//3 6186//3
f 5720//4 6187//4 6189//4 5722//4
f 5721//3 5723//3 6190//3 6188//3
f 5722//4 6189//4 6191//4 5724//4
f 5723//3 5725//3 6192//3 6190//3
f 5724//4 6191//4 6193//4 5726//4
f 5725//3 5727//3 6194//3 6192//3
f 5726//4 6193//4 6195//4 5728//4
f 5727//3 5729//3 6196//3 6194//3
f 5728//4 6195//4 6197//4 5730//4
f 5729//3 5731//3 6198//3 6196//3
f 5730//4 6197//4 6199//4 5732//4
f 5734//2 5733//2 6200//2 6201//2
f 5731//3 5734//3 6201//3 6198//3
f 5732//4 6199//4 6200//4 5733//4
f 6118//1 6591//1 6592//1 6119//1
f 6118//3 6120//3 6593//3 6591//3
f 6119//4 6592//4 6594//4 6121//4
f 6120//3 6122//3 6595//3 6593//3
f 6121//4 6594//4 6596//4 6123//4
f 6122//3 6124//3 6597//3 6595//3
f 6123//4 6596//4 6598//4 6125//4
f 6124//3 6126//3 6599//3 6597//3
f 6125//4 6598//4 6600//4 6127//4
f 6126//3 6128//3 6601//3 6599//3
f 6127//4 6600//4 6602//4 6129//4
f 6128//3 6130//3 6603//3 6601//3
f 6129//4 6602//4 6604//4 6131//4
f 6130//3 6132//3 6605//3 6603//3
f 6131//4 6604//4 6606//4 6133//4
f 6132//3 6134//3 6607//3 6605//3
f 6133//4 6606//4 6608//4 6135//4
f 6134//3 6136//3 6609//3 6607//3
f 6135//4 6608//4 6610//4 6137//4
f 6136//3 6138//3 6611//3 6609//3
f 6137//4 6610//4 6612//4 6139//4
f 6138//3 6140//3 6613//3 6611//3
f 6139//4 6612//4 6614//4 6141//4
f 6140//3 6142//3 6615//3 6613//3
f 6141//4 6614//4 6616//4 6143//4
f 6142//3 6144//3 6617//3 6615//3
f 6143//4 6616//4 6618//4 6145//4
f 6144//3 6146//3 6619//3 6617//3
f 6145//4 6618//4 6620//4 6147//4
f 6146//3 6148//3 6621//3 6619//3
f 6147//4 6620//4 6622//4 6149//4
f 6148//3 6150//3 6623//3 6621//3
f 6149//4 6622//4 6624//4 6151//4
f 6150//3 6152//3 6625//3 6623//3
f 6151//4 6624//4 6626//4 6153//4
f 6152//3 6154//3 6627//3 6625//3
f 6153//4 6626//4 6628//4 6155//4
f 6154//3 6156//3 6629//3 6627//3
f 6155//4 6628//4 6630//4 6157//4
f 6156//3 6158//3 6631//3 6629//3
f 6157//4 6630//4 6632//4 6159//4
f 6158//3 6160//3 6633//3 6631//3
f 6159//4 6632//4 6634//4 6161//4
f 6160//3 6162//3 6635//3 6633//3
f 6161//4 6634//4 6636//4 6163//4
f 6162//3 6164//3 6637//3 6635//3
f 6163//4 6636//4 6638//4 6165//4
f 6164//3 6166//3 6639//3 6637//3
f 6165//4 6638//4 6640//4 6167//4
f 6166//3 6168//3 6641//3 6639//3
f 6167//4 6640//4 6642//4 6169//4
f 6168//3 6170//3 6643//3 6641//3
f 6169//4 6642//4 6644//4 6171//4
f 6170//3 6172//3 6645//3 6643//3
f 6171//4 6644//4 6646//4 6173//4
f 6172//3 6174//3 6647//3 6645//3
f 6173//4 6646//4 6648//4 6175//4
f 6174//3 6176//3 6649//3 6647//3
f 6175//4 6648//4 6650//4 6177//4
f 6176//3 6178//3 6651//3 6649//3
f 6177//4 6650//4 6652//4 6179//4
f 6178//3 6180//3 6653//3 6651//3
f 6179//4 6652//4 6654//4 6181//4
f 6180//3 6182//3 6655//3 6653//3
f 6181//4 6654//4 6656//4 6183//4
f 6182//3 6184//3 6657//3 6655//3
f 6183//4 6656//4 6658//4 6185//4
f 6184//3 6186//3 6659//3 6657//3
f 6185//4 6658//4 6660//4 6187//4
f 6186//3 6188//3 6661//3 6659//3
f 6187//4 6660//4 6662//4 6189//4
f 6188//3 6190//3 6663//3 6661//3
f 6189//4 6662//4 6664//4 6191//4
f 6190//3 6192//3 6665//3 6663//3
f 6191//4 6664//4 6666//4 6193//4
f 6192//3 6194//3 6667//3 6665//3
f 6193//4 6666//4 6668//4 6195//4
f 6194//3 6196//3 6669//3 6667//3
f 6195//4 6668//4 6670//4 6197//4
f 6196//3 6198//3 6671//3 6669//3
f 6197//4 6670//4 6672//4 6199//4
f 6201//2 6200//2 6673//2 6674//2
f 6198//3 6201//3 6674//3 6671//3
f 6199//4 6672//4 6673//4 6200//4
f 6591//1 7043//1 7044//1 6592//1
f 6591//3 6593//3 7045//3 7043//3
f 6592//4 7044//4 7046//4 6594//4
f 6593//3 6595//3 7047//3 7045//3
f 6594//4 7046//4 7048//4 6596//4
f 6595//3 6597//3 7049//3 7047//3
f 6596//4 7048//4 7050//4 6598//4
f 6597//3 6599//3 7051//3 7049//3
f 6598//4 7050//4 7052//4 6600//4
f 6599//3 6601//3 7053//3 7051//3
f 6600//4 7052//4 7054//4 6602//4
f 6601//3 6603//3 7055//3 7053//3
f 6602//4 7054//4 7056//4 6604//4
f 6603//3 6605//3 7057//3 7055//3
f 6604//4 7056//4 7058//4 6606//4
f 6605//3 6607//3 7059//3 7057//3
f 6606//4 7058//4 7060//4 6608//4
f 6607//3 6609//3 7061//3 7059//3
f 6608//4 7060//4 7062//4 6610//4
f 6609//3 6611//3 7063//3 7061//3
f 6610//4 7062//4 7064//4 6612//4
f 6611//3 6613//3 7065//3 7063//3
f 6612//4 7064//4 7066//4 6614//4
f 6613//3 6615//3 7067//3 7065//3
f 6614//4 7066//4 7068//4 6616//4
f 6615//3 6617//3 7069//3 7067//3
f 6616//4 7068//4 7070//4 6618//4
f 6617//3 6619//3 7071//3 7069//3
f 6618//4 7070//4 7072//4 6620//4
f 6619//3 6621//3 7073//3 7071//3
f 6620//4 7072//4 7074//4 6622//4
f 6621//3 6623//3 7075//3 7073//3
f 6622//4 7074//4 7076//4 6624//4
f 6623//3 6625//3 7077//3 7075//3
f 6624//4 7076//4 7078//4 6626//4
f 6625//3 6627//3 7079//3 7077//3
f 6626//4 7078//4 7080//4 6628//4
f 6627//3 6629//3 7081//3 7079//3
f 6628//4 7080//4 7082//4 6630//4
f 6629//3 6631//3 7083//3 7081//3
f 6630//4 7082//4 7084//4 6632//4
f 6631//3 6633//3 7085//3 7083//3
f 6632//4 7084//4 7086//4 6634//4
f 6633//3 6635//3 7087//3 7085//3
f 6634//4 7086//4 7088//4 6636//4
f 6635//3 6637//3 7089//3 7087//3
f 6636//4 7088//4 7090//4 6638//4
f 6637//3 6639//3 7091//3 7089//3
f 6638//4 7090//4 7092//4 6640//4
f 6639//3 6641//3 7093//3 7091//3
f 6640//4 7092//4 7094//4 6642//4
f 6641//3 6643//3 7095//3 7093//3
f 6642//4 7094//4 7096//4 6644//4
f 6643//3 6645//3 7097//3 7095//3
f 6644//4 7096//4 7098//4 6646//4
f 6645//3 6647//3 7099//3 7097//3
f 6646//4 7098//4 7100//4 6648//4
f 6647//3 6649//3 7101//3 7099//3
f 6648//4 7100//4 7102//4 6650//4
f 6649//3 6651//3 7103//3 7101//3
f 6650//4 7102//4 7104//4 6652//4
f 6651//3 6653//3 7105//3 7103//3
f 6652//4 7104//4 7106//4 6654//4
f 6653//3 6655//3 7107//3 7105//3
f 6654//4 7106//4 7108//4 6656//4
f 6655//3 6657//3 7109//3 7107//3
f 6656//4 7108//4 7110//4 6658//4
f 6657//3 6659//3 7111//3 7109//3
f 6658//4 7110//4 7112//4 6660//4
f 6659//3 6661//3 7113//3 7111//3
f 6660//4 7112//4 7114//4 6662//4
f 6661//3 6663//3 7115//3 7113//3
f 6662//4 7114//4 7116//4 6664//4
f 6663//3 6665//3 7117//3 7115//3
f 6664//4 7116//4 7118//4 6666//4
f 6665//3 6667//3 7119//3 7117//3
f 6666//4 7118//4 7120//4 6668//4
f 6667//3 6669//3 7121//3 7119//3
f 6668//4 7120//4 7122//4 6670//4
f 6669//3 6671//3 7123//3 7121//3
f 6670//4 7122//4 7124//4 6672//4
f 6674//2 6673//2 7125//2 7126//2
f 6671//3 6674//3 7126//3 7123//3
f 6672//4 7124//4 7125//4 6673//4
f 7043//1 7466//1 7467//1 7044//1
f 7043//3 7045//3 7468//3 7466//3
f 7044//4 7467//4 7469//4 7046//4
f 7466//6 7468//6 7469//6 7467//6
f 7045//3 7047//3 7470//3 7468//3
f 7046//4 7469//4 7471//4 7048//4
f 7047//3 7049//3 7472//3 7470//3
f 7048//4 7471//4 7473//4 7050//4
f 7049//3 7051//3 7474//3 7472//3
f 7050//4 7473//4 7475//4 7052//4
f 7051//3 7053//3 7476//3 7474//3
f 7052//4 7475//4 7477//4 7054//4
f 7053//3 7055//3 7478//3 7476//3
f 7054//4 7477//4 7479//4 7056//4
f 7055//3 7057//3 7480//3 7478//3
f 7056//4 7479//4 7481//4 7058//4
f 7057//3 7059//3 7482//3 7480//3
f 7058//4 7481//4 7483//4 7060//4
f 7059//3 7061//3 7484//3 7482//3
f 7060//4 7483//4 7485//4 7062//4
f 7061//3 7063//3 7486//3 7484//3
f 7062//4 7485//4 7487//4 7064//4
f 7063//3 7065//3 7488//3 7486//3
f 7064//4 7487//4 7489//4 7066//4
f 7065//3 7067//3 7490//3 7488//3
f 7066//4 7489//4 7491//4 7068//4
f 7067//3 7069//3 7492//3 7490//3
f 7068//4 7491//4 7493//4 7070//4
f 7069//3 7071//3 7494//3 7492//3
f 7070//4 7493//4 7495//4 7072//4
f 7071//3 7073//3 7496//3 7494//3
f 7072//4 7495//4 7497//4 7074//4
f 7073//3 7075//3 7498//3 7496//3
f 7074//4 7497//4 7499//4 7076//4
f 7075//3 7077//3 7500//3 7498//3
f 7076//4 7499//4 7501//4 7078//4
f 7077//3 7079//3 7502//3 7500//3
f 7078//4 7501//4 7503//4 7080//4
f 7079//3 7081//3 7504//3 7502//3
f 7080//4 7503//4 7505//4 7082//4
f 7081//3 7083//3 7506//3 7504//3
f 7082//4 7505//4 7507//4 7084//4
f 7083//3 7085//3 7508//3 7506//3
f 7084//4 7507//4 7509//4 7086//4
f 7085//3 7087//3 7510//3 7508//3
f 7086//4 7509//4 7511//4 7088//4
f 7087//3 7089//3 7512//3 7510//3
f 7088//4 7511//4 7513//4 7090//4
f 7089//3 7091//3 7514//3 7512//3
f 7090//4 7513//4 7515//4 7092//4
f 7091//3 7093//3 7516//3 7514//3
f 7092//4 7515//4 7517//4 7094//4
f 7093//3 7095//3 7518//3 7516//3
f 7094//4 7517//4 7519//4 7096//4
f 7095//3 7097//3 7520//3 7518//3
f 7096//4 7519//4 7521//4 7098//4
f 7097//3 7099//3 7522//3 7520//3
f 7098//4 7521//4 7523//4 7100//4
f 7099//3 7101//3 7524//3 7522//3
f 7100//4 7523//4 7525//4 7102//4
f 7101//3 7103//3 7526//3 7524//3
f 7102//4 7525//4 7527//4 7104//4
f 7103//3 7105//3 7528//3 7526//3
f 7104//4 7527//4 7529//4 7106//4
f 7105//3 7107//3 7530//3 7528//3
f 7106//4 7529//4 7531//4 7108//4
f 7107//3 7109//3 7532//3 7530//3
f 7108//4 7531//4 7533//4 7110//4
f 7109//3 7111//3 7534//3 7532//3
f 7110//4 7533//4 7535//4 7112//4
f 7111//3 7113//3 7536//3 7534//3
f 7112//4 7535//4 7537//4 7114//4
f 7113//3 7115//3 7538//3 7536//3
f 7114//4 7537//4 7539//4 7116//4
f 7115//3 7117//3 7540//3 7538//3
f 7116//4 7539//4 7541//4 7118//4
f 7117//3 7119//3 7542//3 7540//3
f 7118//4 7541//4 7543//4 7120//4
f 7119//3 7121//3 7544//3 7542//3
f 7120//4 7543//4 7545//4 7122//4
f 7121//3 7123//3 7546//3 7544//3
f 7122//4 7545//4 7547//4 7124//4
f 7126//2 7125//2 7548//2 7549//2
f 7123//3 7126//3 7549//3 7546//3
f 7124//4 7547//4 7548//4 7125//4
f 7546//6 7549//6 7548//6 7547//6
f 7468//1 7904//1 7905//1 7469//1
f 7468//3 7470//3 7906//3 7904//3
f 7469//4 7905//4 7907//4 7471//4
f 7470//3 7472//3 7908//3 7906//3
f 7471//4 7907//4 7909//4 7473//4
f 7472//3 7474//3 7910//3 7908//3
f 7473//4 7909//4 7911//4 7475//4
f 7474//3 7476//3 7912//3 7910//3
f 7475//4 7911//4 7913//4 7477//4
f 7476//3 7478//3 7914//3 7912//3
f 7477//4 7913//4 7915//4 7479//4
f 7478//3 7480//3 7916//3 7914//3
f 7479//4 7915//4 7917//4 7481//4
f 7480//3 7482//3 7918//3 7916//3
f 7481//4 7917//4 7919//4 7483//4
f 7482//3 7484//3 7920//3 7918//3
f 7483//4 7919//4 7921//4 7485//4
f 7484//3 7486//3 7922//3 7920//3
f 7485//4 7921//4 7923//4 7487//4
f 7486//3 7488//3 7924//3 7922//3
f 7487//4 7923//4 7925//4 7489//4
f 7488//3 7490//3 7926//3 7924//3
f 7489//4 7925//4 7927//4 7491//4
f 7490//3 7492//3 7928//3 7926//3
f 7491//4 7927//4 7929//4 7493//4
f 7492//3 7494//3 7930//3 7928//3
f 7493//4 7929//4 7931//4 7495//4
f 7494//3 7496//3 7932//3 7930//3
f 7495//4 7931//4 7933//4 7497//4
f 7496//3 7498//3 7934//3 7932//3
f 7497//4 7933//4 7935//4 7499//4
f 7498//3 7500//3 7936//3 7934//3
f 7499//4 7935//4 7937//4 7501//4
f 7500//3 7502//3 7938//3 7936//3
f 7501//4 7937//4 7939//4 7503//4
f 7502//3 7504//3 7940//3 7938//3
f 7503//4 7939//4 7941//4 7505//4
f 7504//3 7506//3 7942//3 7940//3
f 7505//4 7941//4 7943//4 7507//4
f 7506//3 7508//3 7944//3 7942//3
f 7507//4 7943//4 7945//4 7509//4
f 7508//3 7510//3 7946//3 7944//3
f 7509//4 7945//4 7947//4 7511//4
f 7510//3 7512//3 7948//3 7946//3
f 7511//4 7947//4 7949//4 7513//4
f 7512//3 7514//3 7950//3 7948//3
f 7513//4 7949//4 7951//4 7515//4
f 7514//3 7516//3 7952//3 7950//3
f 7515//4 7951//4 7953//4 7517//4
f 7516//3 7518//3 7954//3 7952//3
f 7517//4 7953//4 7955//4 7519//4
f 7518//3 7520//3 7956//3 7954//3
f 7519//4 7955//4 7957//4 7521//4
f 7520//3 7522//3 7958//3 7956//3
f 7521//4 7957//4 7959//4 7523//4
f 7522//3 7524//3 7960//3 7958//3
f 7523//4 7959//4 7961//4 7525//4
f 7524//3 7526//3 7962//3 7960//3
f 7525//4 7961//4 7963//4 7527//4
f 7526//3 7528//3 7964//3 7962//3
f 7527//4 7963//4 7965//4 7529//4
f 7528//3 7530//3 7966//3 7964//3
f 7529//4 7965//4 7967//4 7531//4
f 7530//3 7532//3 7968//3 7966//3
f 7531//4 7967//4 7969//4 7533//4
f 7532//3 7534//3 7970//3 7968//3
f 7533//4 7969//4 7971//4 7535//4
f 7534//3 7536//3 7972//3 7970//3
f 7535//4 7971//4 7973//4 7537//4
f 7536//3 7538//3 7974//3 7972//3
f 7537//4 7973//4 7975//4 7539//4
f 7538//3 7540//3 7976//3 7974//3
f 7539//4 7975//4 7977//4 7541//4
f 7540//3 7542//3 7978//3 7976//3
f 7541//4 7977//4 7979//4 7543//4
f 7542//3 7544//3 7980//3 7978//3
f 7543//4 7979//4 7981//4 7545//4
f 7546//2 7547//2 7982//2 7983//2
f 7544//3 7546//3 7983//3 7980//3
f 7545//4 7981//4 7982//4 7547//4
f 7904//1 8445//1 8446//1 7905//1
f 7904//3 7906//3 8447//3 8445//3
f 7905//4 8446//4 8448//4 7907//4
f 8445//6 8447//6 8448//6 8446//6
f 7906//3 7908//3 8449//3 8447//3
f 7907//4 8448//4 8450//4 7909//4
f 7908//3 7910//3 8451//3 8449//3
f 7909//4 8450//4 8452//4 7911//4
f 7910//3 7912//3 8453//3 8451//3
f 7911//4 8452//4 8454//4 7913//4
f 7912//3 7914//3 8455//3 8453//3
f 7913//4 8454//4 8456//4 7915//4
f 7914//3 7916//3 8457//3 8455//3
f 7915//4 8456//4 8458//4 7917//4
f 7916//3 7918//3 8459//3 8457//3
f 7917//4 8458//4 8460//4 7919//4
f 7918//3 7920//3 8461//3 8459//3
f 7919//4 8460//4 8462//4 7921//4
f 7920//3 7922//3 8463//3 8461//3
f 7921//4 8462//4 8464//4 7923//4
f 7922//3 7924//3 8465//3 8463//3
f 7923//4 8464//4 8466//4 7925//4
f 7924//3 7926//3 8467//3 8465//3
f 7925//4 8466//4 8468//4 7927//4
f 7926//3 7928//3 8469//3 8467//3
f 7927//4 8468//4 8470//4 7929//4
f 7928//3 7930//3 8471//3 8469//3
f 7929//4 8470//4 8472//4 7931//4
f 7930//3 7932//3 8473//3 8471//3
f 7931//4 8472//4 8474//4 7933//4
f 7932//3 7934//3 8475//3 8473//3
f 7933//4 8474//4 8476//4 7935//4
f 7934//3 7936//3 8477//3 8475//3
f 7935//4 8476//4 8478//4 7937//4
f 7936//3 7938//3 8479//3 8477//3
f 7937//4 8478//4 8480//4 7939//4
f 7938//3 7940//3 8481//3 8479//3
f 7939//4 8480//4 8482//4 7941//4
f 7940//3 7942//3 8483//3 8481//3
f 7941//4 8482//4 8484//4 7943//4
f 7942//3 7944//3 8485//3 8483//3
f 7943//4 8484//4 8486//4 7945//4
f 7944//3 7946//3 8487//3 8485//3
f 7945//4 8486//4 8488//4 7947//4
f 7946//3 7948//3 8489//3 8487//3
f 7947//4 8488//4 8490//4 7949//4
f 7948//3 7950//3 8491//3 8489//3
f 7949//4 8490//4 8492//4 7951//4
f 7950//3 7952//3 8493//3 8491//3
f 7951//4 8492//4 8494//4 7953//4
f 7952//3 7954//3 8495//3 8493//3
f 7953//4 8494//4 8496//4 7955//4
f 7954//3 7956//3 8497//3 8495//3
f 7955//4 8496//4 8498//4 7957//4
f 7956//3 7958//3 8499//3 8497//3
f 7957//4 8498//4 8500//4 7959//4
f 7958//3 7960//3 8501//3 8499//3
f 7959//4 8500//4 8502//4 7961//4
f 7960//3 7962//3 8503//3 8501//3
f 7961//4 8502//4 8504//4 7963//4
f 7962//3 7964//3 8505//3 8503//3
f 7963//4 8504//4 8506//4 7965//4
f 7964//3 7966//3 8507//3 8505//3
f 7965//4 8506//4 8508//4 7967//4
f 7966//3 7968//3 8509//3 8507//3
f 7967//4 8508//4 8510//4 7969//4
f 7968//3 7970//3 8511//3 8509//3
f 7969//4 8510//4 8512//4 7971//4
f 7970//3 7972//3 8513//3 8511//3
f 7971//4 8512//4 8514//4 7973//4
f 7972//3 7974//3 8515//3 8513//3
f 7973//4 8514//4 8516//4 7975//4
f 7974//3 7976//3 8517//3 8515//3
f 7975//4 8516//4 8518//4 7977//4
f 7976//3 7978//3 8519//3 8517//3
f 7977//4 8518//4 8520//4 7979//4
f 7978//3 7980//3 8521//3 8519//3
f 7979//4 8520//4 8522//4 7981//4
f 7983//2 7982//2 8523//2 8524//2
f 7980//3 7983//3 8524//3 8521//3
f 7981//4 8522//4 8523//4 7982//4
f 8521//6 8524//6 8523//6 8522//6
f 8447//1 8842//1 8843//1 8448//1
f 8447//3 8449//3 8844//3 8842//3
f 8448//4 8843//4 8845//4 8450//4
f 8842//6 8844//6 8845//6 8843//6
f 8449//3 8451//3 8846//3 8844//3
f 8450//4 8845//4 8847//4 8452//4
f 8451//3 8453//3 8848//3 8846//3
f 8452//4 8847//4 8849//4 8454//4
f 8453//3 8455//3 8850//3 8848//3
f 8454//4 8849//4 8851//4 8456//4
f 8455//3 8457//3 8852//3 8850//3
f 8456//4 8851//4 8853//4 8458//4
f 8457//3 8459//3 8854//3 8852//3
f 8458//4 8853//4 8855//4 8460//4
f 8459//3 8461//3 8856//3 8854//3
f 8460//4 8855//4 8857//4 8462//4
f 8461//3 8463//3 8858//3 8856//3
f 8462//4 8857//4 8859//4 8464//4
f 8463//3 8465//3 8860//3 8858//3
f 8464//4 8859//4 8861//4 8466//4
f 8465//3 8467//3 8862//3 8860//3
f 8466//4 8861//4 8863//4 8468//4
f 8467//3 8469//3 8864//3 8862//3
f 8468//4 8863//4 8865//4 8470//4
f 8469//3 8471//3 8866//3 8864//3
f 8470//4 8865//4 8867//4 8472//4
f 8471//3 8473//3 8868//3 8866//3
f 8472//4 8867//4 8869//4 8474//4
f 8473//3 8475//3 8870//3 8868//3
f 8474//4 8869//4 8871//4 8476//4
f 8475//3 8477//3 8872//3 8870//3
f 8476//4 8871//4 8873//4 8478//4
f 8477//3 8479//3 8874//3 8872//3
f 8478//4 8873//4 8875//4 8480//4
f 8479//3 8481//3 8876//3 8874//3
f 8480//4 8875//4 8877//4 8482//4
f 8481//3 8483//3 8878//3 8876//3
f 8482//4 8877//4 8879//4 8484//4
f 8483//3 8485//3 8880//3 8878//3
f 8484//4 8879//4 8881//4 8486//4
f 8485//3 8487//3 8882//3 8880//3
f 8486//4 8881//4 8883//4 8488//4
f 8487//3 8489//3 8884//3 8882//3
f 8488//4 8883//4 8885//4 8490//4
f 8489//3 8491//3 8886//3 8884//3
f 8490//4 8885//4 8887//4 8492//4
f 8491//3 8493//3 8888//3 8886//3
f 8492//4 8887//4 8889//4 8494//4
f 8493//3 8495//3 8890//3 8888//3
f 8494//4 8889//4 8891//4 8496//4
f 8495//3 8497//3 8892//3 8890//3
f 8496//4 8891//4 8893//4 8498//4
f 8497//3 8499//3 8894//3 8892//3
f 8498//4 8893//4 8895//4 8500//4
f 8499//3 8501//3 8896//3 8894//3
f 8500//4 8895//4 8897//4 8502//4
f 8501//3 8503//3 8898//3 8896//3
f 8502//4 8897//4 8899//4 8504//4
f 8503//3 8505//3 8900//3 8898//3
f 8504//4 8899//4 8901//4 8506//4
f 8505//3 8507//3 8902//3 8900//3
f 8506//4 8901//4 8903//4 8508//4
f 8507//3 8509//3 8904//3 8902//3
f 8508//4 8903//4 8905//4 8510//4
f 8509//3 8511//3 8906//3 8904//3
f 8510//4 8905//4 8907//4 8512//4
f 8511//3 8513//3 8908//3 8906//3
f 8512//4 8907//4 8909//4 8514//4
f 8513//3 8515//3 8910//3 8908//3
f 8514//4 8909//4 8911//4 8516//4
f 8515//3 8517//3 8912//3 8910//3
f 8516//4 8911//4 8913//4 8518//4
f 8517//3 8519//3 8914//3 8912//3
f 8518//4 8913//4 8915//4 8520//4
f 8521//2 8522//2 8916//2 8917//2
f 8519//3 8521//3 8917//3 8914//3
f 8520//4 8915//4 8916//4 8522//4
f 8914//6 8917//6 8916//6 8915//6
f 8844//1 9134//1 9135//1 8845//1
f 8844//3 8846//3 9136//3 9134//3
f 8845//4 9135//4 9137//4 8847//4
f 9134//6 9136//6 9137//6 9135//6
f 8846//3 8848//3 9138//3 9136//3
f 8847//4 9137//4 9139//4 8849//4
f 8848//3 8850//3 9140//3 9138//3
f 8849//4 9139//4 9141//4 8851//4
f 8850//3 8852//3 9142//3 9140//3
f 8851//4 9141//4 9143//4 8853//4
f 8852//3 8854//3 9144//3 9142//3
f 8853//4 9143//4 9145//4 8855//4
f 8854//3 8856//3 9146//3 9144//3
f 8855//4 9145//4 9147//4 8857//4
f 8856//3 8858//3 9148//3 9146//3
f 8857//4 9147//4 9149//4 8859//4
f 8858//3 8860//3 9150//3 9148//3
f 8859//4 9149//4 9151//4 8861//4
f 8860//3 8862//3 9152//3 9150//3
f 8861//4 9151//4 9153//4 8863//4
f 8862//3 8864//3 9154//3 9152//3
f 8863//4 9153//4 9155//4 8865//4
f 8864//3 8866//3 9156//3 9154//3
f 8865//4 9155//4 9157//4 8867//4
f 8866//3 8868//3 9158//3 9156//3
f 8867//4 9157//4 9159//4 8869//4
f 8868//3 8870//3 9160//3 9158//3
f 8869//4 9159//4 9161//4 8871//4
f 8870//3 8872//3 9162//3 9160//3
f 8871//4 9161//4 9163//4 8873//4
f 8872//3 8874//3 9164//3 9162//3
f 8873//4 9163//4 9165//4 8875//4
f 8874//3 8876//3 9166//3 9164//3
f 8875//4 9165//4 9167//4 8877//4
f 8876//3 8878//3 9168//3 9166//3
f 8877//4 9167//4 9169//4 8879//4
f 8878//3 8880//3 9170//3 9168//3
f 8879//4 9169//4 9171//4 8881//4
f 8880//3 8882//3 9172//3 9170//3
f 8881//4 9171//4 9173//4 8883//4
f 8882//3 8884//3 9174//3 9172//3
f 8883//4 9173//4 9175//4 8885//4
f 8884//3 8886//3 9176//3 9174//3
f 8885//4 9175//4 9177//4 8887//4
f 8886//3 8888//3 9178//3 9176//3
f 8887//4 9177//4 9179//4 8889//4
f 8888//3 8890//3 9180//3 9178//3
f 8889//4 9179//4 9181//4 8891//4
f 8890//3 8892//3 9182//3 9180//3
f 8891//4 9181//4 9183//4 8893//4
f 8892//3 8894//3 9184//3 9182//3
f 8893//4 9183//4 9185//4 8895//4
f 8894//3 8896//3 9186//3 9184//3
f 8895//4 9185//4 9187//4 8897//4
f 8896//3 8898//3 9188//3 9186//3
f 8897//4 9187//4 9189//4 8899//4
f 8898//3 8900//3 9190//3 9188//3
f 8899//4 9189//4 9191//4 8901//4
f 8900//3 8902//3 9192//3 9190//3
f 8901//4 9191//4 9193//4 8903//4
f 8902//3 8904//3 9194//3 9192//3
f 8903//4 9193//4 9195//4 8905//4
f 8904//3 8906//3 9196//3 9194//3
f 8905//4 9195//4 9197//4 8907//4
f 8906//3 8908//3 9198//3 9196//3
f 8907//4 9197//4 9199//4 8909//4
f 8908//3 8910//3 9200//3 9198//3
f 8909//4 9199//4 9201//4 8911//4
f 8910//3 8912//3 9202//3 9200//3
f 8911//4 9201//4 9203//4 8913//4
f 8914//2 8915//2 9204//2 9205//2
f 8912//3 8914//3 9205//3 9202//3
f 8913//4 9203//4 9204//4 8915//4
f 9202//6 9205//6 9204//6 9203//6
f 9136//1 9360//1 9361//1 9137//1
f 9136//3 9138//3 9362//3 9360//3
f 9137//4 9361//4 9363//4 9139//4
f 9138//3 9140//3 9364//3 9362//3
f 9139//4 9363//4 9365//4 9141//4
f 9140//3 9142//3 9366//3 9364//3
f 9141//4 9365//4 9367//4 9143//4
f 9142//3 9144//3 9368//3 9366//3
f 9143//4 9367//4 9369//4 9145//4
f 9144//3 9146//3 9370//3 9368//3
f 9145//4 9369//4 9371//4 9147//4
f 9146//3 9148//3 9372//3 9370//3
f 9147//4 9371//4 9373//4 9149//4
f 9148//3 9150//3 9374//3 9372//3
f 9149//4 9373//4 9375//4 9151//4
f 9150//3 9152//3 9376//3 9374//3
f 9151//4 9375//4 9377//4 9153//4
f 9152//3 9154//3 9378//3 9376//3
f 9153//4 9377//4 9379//4 9155//4
f 9154//3 9156//3 9380//3 9378//3
f 9155//4 9379//4 9381//4 9157//4
f 9156//3 9158//3 9382//3 9380//3
f 9157//4 9381//4 9383//4 9159//4
f 9158//3 9160//3 9384//3 9382//3
f 9159//4 9383//4 9385//4 9161//4
f 9160//3 9162//3 9386//3 9384//3
f 9161//4 9385//4 9387//4 9163//4
f 9162//3 9164//3 9388//3 9386//3
f 9163//4 9387//4 9389//4 9165//4
f 9164//3 9166//3 9390//3 9388//3
f 9165//4 9389//4 9391//4 9167//4
f 9166//3 9168//3 9392//3 9390//3
f 9167//4 9391//4 9393//4 9169//4
f 9168//3 9170//3 9394//3 9392//3
f 9169//4 9393//4 9395//4 9171//4
f 9170//3 9172//3 9396//3 9394//3
f 9171//4 9395//4 9397//4 9173//4
f 9172//3 9174//3 9398//3 9396//3
f 9173//4 9397//4 9399//4 9175//4
f 9174//3 9176//3 9400//3 9398//3
f 9175//4 9399//4 9401//4 9177//4
f 9176//3 9178//3 9402//3 9400//3
f 9177//4 9401//4 9403//4 9179//4
f 9178//3 9180//3 9404//3 9402//3
f 9179//4 9403//4 9405//4 9181//4
f 9180//3 9182//3 9406//3 9404//3
f 9181//4 9405//4 9407//4 9183//4
f 9182//3 9184//3 9408//3 9406//3
f 9183//4 9407//4 9409//4 9185//4
f 9184//3 9186//3 9410//3 9408//3
f 9185//4 9409//4 9411//4 9187//4
f 9186//3 9188//3 9412//3 9410//3
f 9187//4 9411//4 9413//4 9189//4
f 9188//3 9190//3 9414//3 9412//3
f 9189//4 9413//4 9415//4 9191//4
f 9190//3 9192//3 9416//3 9414//3
f 9191//4 9415//4 9417//4 9193//4
f 9192//3 9194//3 9418//3 9416//3
f 9193//4 9417//4 9419//4 9195//4
f 9194//3 9196//3 9420//3 9418//3
f 9195//4 9419//4 9421//4 9197//4
f 9196//3 9198//3 9422//3 9420//3
f 9197//4 9421//4 9423//4 9199//4
f 9198//3 9200//3 9424//3 9422//3
f 9199//4 9423//4 9425//4 9201//4
f 9202//2 9203//2 9426//2 9427//2
f 9200//3 9202//3 9427//3 9424//3
f 9201//4 9425//4 9426//4 9203//4
f 9360//1 9586//1 9587//1 9361//1
f 9360//3 9362//3 9588//3 9586//3
f 9361//4 9587//4 9589//4 9363//4
f 9586//6 9588//6 9589//6 9587//6
f 9362//3 9364//3 9590//3 9588//3
f 9363//4 9589//4 9591//4 9365//4
f 9588//6 9590//6 9591//6 9589//6
f 9364//3 9366//3 9592//3 9590//3
f 9365//4 9591//4 9593//4 9367//4
f 9366//3 9368//3 9594//3 9592//3
f 9367//4 9593//4 9595//4 9369//4
f 9368//3 9370//3 9596//3 9594//3
f 9369//4 9595//4 9597//4 9371//4
f 9370//3 9372//3 9598//3 9596//3
f 9371//4 9597//4 9599//4 9373//4
f 9372//3 9374//3 9600//3 9598//3
f 9373//4 9599//4 9601//4 9375//4
f 9374//3 9376//3 9602//3 9600//3
f 9375//4 9601//4 9603//4 9377//4
f 9376//3 9378//3 9604//3 9602//3
f 9377//4 9603//4 9605//4 9379//4
f 9378//3 9380//3 9606//3 9604//3
f 9379//4 9605//4 9607//4 9381//4
f 9380//3 9382//3 9608//3 9606//3
f 9381//4 9607//4 9609//4 9383//4
f 9382//3 9384//3 9610//3 9608//3
f 9383//4 9609//4 9611//4 9385//4
f 9384//3 9386//3 9612//3 9610//3
f 9385//4 9611//4 9613//4 9387//4
f 9386//3 9388//3 9614//3 9612//3
f 9387//4 9613//4 9615//4 9389//4
f 9388//3 9390//3 9616//3 9614//3
f 9389//4 9615//4 9617//4 9391//4
f 9390//3 9392//3 9618//3 9616//3
f 9391//4 9617//4 9619//4 9393//4
f 9392//3 9394//3 9620//3 9618//3
f 9393//4 9619//4 9621//4 9395//4
f 9394//3 9396//3 9622//3 9620//3
f 9395//4 9621//4 9623//4 9397//4
f 9396//3 9398//3 9624//3 9622//3
f 9397//4 9623//4 9625//4 9399//4
f 9398//3 9400//3 9626//3 9624//3
f 9399//4 9625//4 9627//4 9401//4
f 9400//3 9402//3 9628//3 9626//3
f 9401//4 9627//4 9629//4 9403//4
f 9402//3 9404//3 9630//3 9628//3
f 9403//4 9629//4 9631//4 9405//4
f 9404//3 9406//3 9632//3 9630//3
f 9405//4 9631//4 9633//4 9407//4
f 9406//3 9408//3 9634//3 9632//3
f 9407//4 9633//4 9635//4 9409//4
f 9408//3 9410//3 9636//3 9634//3
f 9409//4 9635//4 9637//4 9411//4
f 9410//3 9412//3 9638//3 9636//3
f 9411//4 9637//4 9639//4 9413//4
f 9412//3 9414//3 9640//3 9638//3
f 9413//4 9639//4 9641//4 9415//4
f 9414//3 9416//3 9642//3 9640//3
f 9415//4 9641//4 9643//4 9417//4
f 9416//3 9418//3 9644//3 9642//3
f 9417//4 9643//4 9645//4 9419//4
f 9418//3 9420//3 9646//3 9644//3
f 9419//4 9645//4 9647//4 9421//4
f 9420//3 9422//3 9648//3 9646//3
f 9421//4 9647//4 9649//4 9423//4
f 9422//3 9424//3 9650//3 9648//3
f 9423//4 9649//4 9651//4 9425//4
f 9648//6 9650//6 9651//6 9649//6
f 9427//2 9426//2 9652//2 9653//2
f 9424//3 9427//3 9653//3 9650//3
f 9425//4 9651//4 9652//4 9426//4
f 9650//6 9653//6 9652//6 9651//6
f 9590//1 9792//1 9793//1 9591//1
f 9590//3 9592//3 9794//3 9792//3
f 9591//4 9793//4 9795//4 9593//4
f 9792//6 9794//6 9795//6 9793//6
f 9592//3 9594//3 9796//3 9794//3
f 9593//4 9795//4 9797//4 9595//4
f 9594//3 9596//3 9798//3 9796//3
f 9595//4 9797//4 9799//4 9597//4
f 9596//3 9598//3 9800//3 9798//3
f 9597//4 9799//4 9801//4 9599//4
f 9598//3 9600//3 9802//3 9800//3
f 9599//4 9801//4 9803//4 9601//4
f 9600//3 9602//3 9804//3 9802//3
f 9601//4 9803//4 9805//4 9603//4
f 9602//3 9604//3 9806//3 9804//3
f 9603//4 9805//4 9807//4 9605//4
f 9604//3 9606//3 9808//3 9806//3
f 9605//4 9807//4 9809//4 9607//4
f 9606//3 9608//3 9810//3 9808//3
f 9607//4 9809//4 9811//4 9609//4
f 9608//3 9610//3 9812//3 9810//3
f 9609//4 9811//4 9813//4 9611//4
f 9610//3 9612//3 9814//3 9812//3
f 9611//4 9813//4 9815//4 9613//4
f 9612//3 9614//3 9816//3 9814//3
f 9613//4 9815//4 9817//4 9615//4
f 9614//3 9616//3 9818//3 9816//3
f 9615//4 9817//4 9819//4 9617//4
f 9616//3 9618//3 9820//3 9818//3
f 9617//4 9819//4 9821//4 9619//4
f 9618//3 9620//3 9822//3 9820//3
f 9619//4 9821//4 9823//4 9621//4
f 9620//3 9622//3 9824//3 9822//3
f 9621//4 9823//4 9825//4 9623//4
f 9622//3 9624//3 9826//3 9824//3
f 9623//4 9825//4 9827//4 9625//4
f 9624//3 9626//3 9828//3 9826//3
f 9625//4 9827//4 9829//4 9627//4
f 9626//3 9628//3 9830//3 9828//3
f 9627//4 9829//4 9831//4 9629//4
f 9628//3 9630//3 9832//3 9830//3
f 9629//4 9831//4 9833//4 9631//4
f 9630//3 9632//3 9834//3 9832//3
f 9631//4 9833//4 9835//4 9633//4
f 9632//3 9634//3 9836//3 9834//3
f 9633//4 9835//4 9837//4 9635//4
f 9634//3 9636//3 9838//3 9836//3
f 9635//4 9837//4 9839//4 9637//4
f 9636//3 9638//3 9840//3 9838//3
f 9637//4 9839//4 9841//4 9639//4
f 9638//3 9640//3 9842//3 9840//3
f 9639//4 9841//4 9843//4 9641//4
f 9640//3 9642//3 9844//3 9842//3
f 9641//4 9843//4 9845//4 9643//4
f 9642//3 9644//3 9846//3 9844//3
f 9643//4 9845//4 9847//4 9645//4
f 9644//3 9646//3 9848//3 9846//3
f 9645//4 9847//4 9849//4 9647//4
f 9648//2 9649//2 9850//2 9851//2
f 9646//3 9648//3 9851//3 9848//3
f 9647//4 9849//4 9850//4 9649//4
f 9848//6 9851//6 9850//6 9849//6
f 9794//1 9888//1 9889//1 9795//1
f 9794//3 9796//3 9890//3 9888//3
f 9795//4 9889//4 9891//4 9797//4
f 9888//6 9890//6 9891//6 9889//6
f 9796//3 9798//3 9892//3 9890//3
f 9797//4 9891//4 9893//4 9799//4
f 9890//6 9892//6 9893//6 9891//6
f 9798//3 9800//3 9894//3 9892//3
f 9799//4 9893//4 9895//4 9801//4
f 9800//3 9802//3 9896//3 9894//3
f 9801//4 9895//4 9897//4 9803//4
f 9802//3 9804//3 9898//3 9896//3
f 9803//4 9897//4 9899//4 9805//4
f 9804//3 9806//3 9900//3 9898//3
f 9805//4 9899//4 9901//4 9807//4
f 9806//3 9808//3 9902//3 9900//3
f 9807//4 9901//4 9903//4 9809//4
f 9808//3 9810//3 9904//3 9902//3
f 9809//4 9903//4 9905//4 9811//4
f 9810//3 9812//3 9906//3 9904//3
f 9811//4 9905//4 9907//4 9813//4
f 9812//3 9814//3 9908//3 9906//3
f 9813//4 9907//4 9909//4 9815//4
f 9814//3 9816//3 9910//3 9908//3
f 9815//4 9909//4 9911//4 9817//4
f 9816//3 9818//3 9912//3 9910//3
f 9817//4 9911//4 9913//4 9819//4
f 9818//3 9820//3 9914//3 9912//3
f 9819//4 9913//4 9915//4 9821//4
f 9820//3 9822//3 9916//3 9914//3
f 9821//4 9915//4 9917//4 9823//4
f 9822//3 9824//3 9918//3 9916//3
f 9823//4 9917//4 9919//4 9825//4
f 9824//3 9826//3 9920//3 9918//3
f 9825//4 9919//4 9921//4 9827//4
f 9826//3 9828//3 9922//3 9920//3
f 9827//4 9921//4 9923//4 9829//4
f 9828//3 9830//3 9924//3 9922//3
f 9829//4 9923//4 9925//4 9831//4
f 9830//3 9832//3 9926//3 9924//3
f 9831//4 9925//4 9927//4 9833//4
f 9832//3 9834//3 9928//3 9926//3
f 9833//4 9927//4 9929//4 9835//4
f 9834//3 9836//3 9930//3 9928//3
f 9835//4 9929//4 9931//4 9837//4
f 9836//3 9838//3 9932//3 9930//3
f 9837//4 9931//4 9933//4 9839//4
f 9838//3 9840//3 9934//3 9932//3
f 9839//4 9933//4 9935//4 9841//4
f 9840//3 9842//3 9936//3 9934//3
f 9841//4 9935//4 9937//4 9843//4
f 9842//3 9844//3 9938//3 9936//3
f 9843//4 9937//4 9939//4 9845//4
f 9844//3 9846//3 9940//3 9938//3
f 9845//4 9939//4 9941//4 9847//4
f 9938//6 9940//6 9941//6 9939//6
f 9848//2 9849//2 9942//2 9943//2
f 9846//3 9848//3 9943//3 9940//3
f 9847//4 9941//4 9942//4 9849//4
f 9940//6 9943//6 9942//6 9941//6
f 9892//1 9972//1 9973//1 9893//1
f 9892//3 9894//3 9974//3 9972//3
f 9893//4 9973//4 9975//4 9895//4
f 9972//6 9974//6 9975//6 9973//6
f 9894//3 9896//3 9976//3 9974//3
f 9895//4 9975//4 9977//4 9897//4
f 9974//6 9976//6 9977//6 9975//6
f 9896//3 9898//3 9978//3 9976//3
f 9897//4 9977//4 9979//4 9899//4
f 9898//3 9900//3 9980//3 9978//3
f 9899//4 9979//4 9981//4 9901//4
f 9900//3 9902//3 9982//3 9980//3
f 9901//4 9981//4 9983//4 9903//4
f 9902//3 9904//3 9984//3 9982//3
f 9903//4 9983//4 9985//4 9905//4
f 9904//3 9906//3 9986//3 9984//3
f 9905//4 9985//4 9987//4 9907//4
f 9906//3 9908//3 9988//3 9986//3
f 9907//4 9987//4 9989//4 9909//4
f 9908//3 9910//3 9990//3 9988//3
f 9909//4 9989//4 9991//4 9911//4
f 9910//3 9912//3 9992//3 9990//3
f 9911//4 9991//4 9993//4 9913//4
f 9912//3 9914//3 9994//3 9992//3
f 9913//4 9993//4 9995//4 9915//4
f 9914//3 9916//3 9996//3 9994//3
f 9915//4 9995//4 9997//4 9917//4
f 9916//3 9918//3 9998//3 9996//3
f 9917//4 9997//4 9999//4 9919//4
f 9918//3 9920//3 10000//3 9998//3
f 9919//4 9999//4 10001//4 9921//4
f 9920//3 9922//3 10002//3 10000//3
f 9921//4 10001//4 10003//4 9923//4
f 9922//3 9924//3 10004//3 10002//3
f 9923//4 10003//4 10005//4 9925//4
f 9924//3 9926//3 10006//3 10004//3
f 9925//4 10005//4 10007//4 9927//4
f 9926//3 9928//3 10008//3 10006//3
f 9927//4 10007//4 10009//4 9929//4
f 9928//3 9930//3 10010//3 10008//3
f 9929//4 10009//4 10011//4 9931//4
f 9930//3 9932//3 10012//3 10010//3
f 9931//4 10011//4 10013//4 9933//4
f 9932//3 9934//3 10014//3 10012//3
f 9933//4 10013//4 10015//4 9935//4
f 9934//3 9936//3 10016//3 10014//3
f 9935//4 10015//4 10017//4 9937//4
f 10014//6 10016//6 10017//6 10015//6
f 9938//2 9939//2 10018//2 10019//2
f 9936//3 9938//3 10019//3 10016//3
f 9937//4 10017//4 10018//4 9939//4
f 10016//6 10019//6 10018//6 10017//6
f 9976//1 10043//1 10044//1 9977//1
f 9976//3 9978//3 10045//3 10043//3
f 9977//4 10044//4 10046//4 9979//4
f 10043//6 10045//6 10046//6 10044//6
f 9978//3 9980//3 10047//3 10045//3
f 9979//4 10046//4 10048//4 9981//4
f 10045//6 10047//6 10048//6 10046//6
f 9980//3 9982//3 10049//3 10047//3
f 9981//4 10048//4 10050//4 9983//4
f 9982//3 9984//3 10051//3 10049//3
f 9983//4 10050//4 10052//4 9985//4
f 9984//3 9986//3 10053//3 10051//3
f 9985//4 10052//4 10054//4 9987//4
f 9986//3 9988//3 10055//3 10053//3
f 9987//4 10054//4 10056//4 9989//4
f 9988//3 9990//3 10057//3 10055//3
f 9989//4 10056//4 10058//4 9991//4
f 9990//3 9992//3 10059//3 10057//3
f 9991//4 10058//4 10060//4 9993//4
f 9992//3 9994//3 10061//3 10059//3
f 9993//4 10060//4 10062//4 9995//4
f 9994//3 9996//3 10063//3 10061//3
f 9995//4 10062//4 10064//4 9997//4
f 9996//3 9998//3 10065//3 10063//3
f 9997//4 10064//4 10066//4 9999//4
f 9998//3 10000//3 10067//3 10065//3
f 9999//4 10066//4 10068//4 10001//4
f 10000//3 10002//3 10069//3 10067//3
f 10001//4 10068//4 10070//4 10003//4
f 10002//3 10004//3 10071//3 10069//3
f 10003//4 10070//4 10072//4 10005//4
f 10004//3 10006//3 10073//3 10071//3
f 10005//4 10072//4 10074//4 10007//4
f 10006//3 10008//3 10075//3 10073//3
f 10007//4 10074//4 10076//4 10009//4
f 10008//3 10010//3 10077//3 10075//3
f 10009//4 10076//4 10078//4 10011//4
f 10010//3 10012//3 10079//3 10077//3
f 10011//4 10078//4 10080//4 10013//4
f 10077//6 10079//6 10080//6 10078//6
f 10014//2 10015//2 10081//2 10082//2
f 10012//3 10014//3 10082//3 10079//3
f 10013//4 10080//4 10081//4 10015//4
f 10079//6 10082//6 10081//6 10080//6
f 10047//1 10108//1 10109//1 10048//1
f 10047//3 10049//3 10110//3 10108//3
f 10048//4 10109//4 10111//4 10050//4
f 10108//6 10110//6 10111//6 10109//6
f 10049//3 10051//3 10112//3 10110//3
f 10050//4 10111//4 10113//4 10052//4
f 10110//6 10112//6 10113//6 10111//6
f 10051//3 10053//3 10114//3 10112//3
f 10052//4 10113//4 10115//4 10054//4
f 10112//6 10114//6 10115//6 10113//6
f 10053//3 10055//3 10116//3 10114//3
f 10054//4 10115//4 10117//4 10056//4
f 10114//6 10116//6 10117//6 10115//6
f 10055//3 10057//3 10118//3 10116//3
f 10056//4 10117//4 10119//4 10058//4
f 10116//6 10118//6 10119//6 10117//6
f 10057//3 10059//3 10120//3 10118//3
f 10058//4 10119//4 10121//4 10060//4
f 10118//6 10120//6 10121//6 10119//6
f 10059//3 10061//3 10122//3 10120//3
f 10060//4 10121//4 10123//4 10062//4
f 10120//6 10122//6 10123//6 10121//6
f 10061//3 10063//3 10124//3 10122//3
f 10062//4 10123//4 10125//4 10064//4
f 10063//3 10065//3 10126//3 10124//3
f 10064//4 10125//4 10127//4 10066//4
f 10124//6 10126//6 10127//6 10125//6
f 10065//3 10067//3 10128//3 10126//3
f 10066//4 10127//4 10129//4 10068//4
f 10126//6 10128//6 10129//6 10127//6
f 10067//3 10069//3 10130//3 10128//3
f 10068//4 10129//4 10131//4 10070//4
f 10128//6 10130//6 10131//6 10129//6
f 10069//3 10071//3 10132//3 10130//3
f 10070//4 10131//4 10133//4 10072//4
f 10130//6 10132//6 10133//6 10131//6
f 10071//3 10073//3 10134//3 10132//3
f 10072//4 10133//4 10135//4 10074//4
f 10132//6 10134//6 10135//6 10133//6
f 10073//3 10075//3 10136//3 10134//3
f 10074//4 10135//4 10137//4 10076//4
f 10134//6 10136//6 10137//6 10135//6
f 10077//2 10078//2 10138//2 10139//2
f 10075//3 10077//3 10139//3 10136//3
f 10076//4 10137//4 10138//4 10078//4
f 10136//6 10139//6 10138//6 10137//6
f 10122//1 10152//1 10153//1 10123//1
f 10124//2 10125//2 10154//2 10155//2
f 10122//3 10124//3 10155//3 10152//3
f 10123//4 10153//4 10154//4 10125//4
f 10152//6 10155//6 10154//6 10153//6
g glyph_64
f 8943//1 8944//1 8945//1 8946//1
f 8553//2 8554//2 8947//2 8948//2
f 8943//3 8553//3 8948//3 8944//3
f 8946//4 8945//4 8947//4 8554//4
f 8943//5 8946//5 8554//5 8553//5
f 8944//6 8948//6 8947//6 8945//6
f 8560//1 8959//1 8960//1 8559//1
f 8961//2 8962//2 8963//2 8964//2
f 8560//3 8961//3 8964//3 8959//3
f 8559//4 8960//4 8963//4 8962//4
f 8560//5 8559//5 8962//5 8961//5
f 8959//6 8964//6 8963//6 8960//6
f 10083//4 10142//4 10143//4 10086//4
f 10097//1 10146//1 10140//1 10087//1
f 10099//2 10092//2 10145//2 10147//2
f 10101//3 10103//3 10150//3 10149//3
f 10140//1 10156//1 10157//1 10141//1
f 10141//4 10157//4 10158//4 10142//4
f 10156//6 10159//6 10158//6 10157//6
f 10142//4 10158//4 10160//4 10143//4
f 10145//2 10144//2 10161//2 10162//2
f 10143//4 10160//4 10161//4 10144//4
f 10163//6 10162//6 10161//6 10160//6
f 10164//1 10165//1 10166//1 10167//1
f 10164//3 10146//3 10168//3 10165//3
f 10167//4 10166//4 10156//4 10140//4
f 10164//5 10167//5 10140//5 10146//5
f 10165//6 10168//6 10156//6 10166//6
f 10169//2 10170//2 10171//2 10172//2
f 10147//3 10169//3 10172//3 10173//3
f 10145//4 10162//4 10171//4 10170//4
f 10147//5 10145//5 10170//5 10169//5
f 10173//6 10172//6 10171//6 10162//6
f 10148//1 10174//1 10168//1 10146//1
f 10148//3 10149//3 10175//3 10174//3
f 10174//6 10175//6 10176//6 10168//6
f 10149//3 10150//3 10177//3 10175//3
f 10151//2 10147//2 10173//2 10178//2
f 10150//3 10151//3 10178//3 10177//3
f 10177//6 10178//6 10173//6 10179//6
f 10159//1 10180//1 10181//1 10158//1
f 10163//2 10160//2 10182//2 10183//2
f 10158//4 10181//4 10182//4 10160//4
f 10180//6 10183//6 10182//6 10181//6
f 10168//1 10184//1 10185//1 10156//1
f 10168//3 10176//3 10186//3 10184//3
f 10156//4 10185//4 10180//4 10159//4
f 10184//6 10186//6 10180//6 10185//6
f 10186//6 10187//6 10183//6 10180//6
f 10173//2 10162//2 10188//2 10189//2
f 10179//3 10173//3 10189//3 10187//3
f 10163//4 10183//4 10188//4 10162//4
f 10187//6 10189//6 10188//6 10183//6
f 10175//1 10190//1 10186//1 10176//1
f 10177//2 10179//2 10187//2 10191//2
f 10175//3 10177//3 10191//3 10190//3
f 10190//6 10191//6 10187//6 10186//6
g glyph_111
f 5846//1 6368//1 6369//1 6370//1
f 5848//2 6371//2 6372//2 6373//2
f 6370//4 6369//4 6372//4 6371//4
f 5846//5 6370//5 6371//5 5848//5
f 6380//4 6379//4 6368//4 5846//4
f 5859//5 6380//5 5846//5 5845//5
f 5848//4 6373//4 6381//4 5851//4
f 5851//4 6381//4 6382//4 6383//4
f 5852//5 5851//5 6383//5 5861//5
f 5910//1 6434//1 6427//1 5903//1
f 5911//2 5904//2 6435//2 6436//2
f 5905//4 6428//4 6435//4 5904//4
f 5916//1 6441//1 6434//1 5910//1
f 5919//2 5911//2 6436//2 6442//2
f 5926//1 6445//1 6446//1 5914//1
f 5914//4 6446//4 6441//4 5916//4
f 5929//2 5918//2 6447//2 6448//2
f 5919//4 6442//4 6447//4 5918//4
f 5933//1 6453//1 6445//1 5926//1
f 5935//2 5929//2 6448//2 6454//2
f 6377//1 6763//1 6764//1 6765//1
f 6765//4 6764//4 6766//4 6767//4
f 6377//5 6765//5 6767//5 6379//5
f 6767//4 6766//4 6755//4 6369//4
f 6379//5 6767//5 6369//5 6368//5
f 6372//4 6760//4 6768//4 6769//4
f 6373//5 6372//5 6769//5 6381//5
f 6382//2 6770//2 6771//2 6772//2
f 6769//4 6768//4 6771//4 6770//4
f 6381//5 6769//5 6770//5 6382//5
f 6391//1 6775//1 6776//1 6777//1
f 6777//4 6776//4 6763//4 6377//4
f 6391//5 6777//5 6377//5 6376//5
f 6382//4 6772//4 6778//4 6385//4
f 6390//1 6784//1 6775//1 6391//1
f 6816//2 6411//2 6808//2 6817//2
f 6421//5 6412//5 6411//5 6816//5
f 6426//1 6820//1 6814//1 6420//1
f 6428//5 6422//5 6421//5 6435//5
f 6821//2 6816//2 6817//2 6822//2
f 6435//5 6421//5 6816//5 6821//5
f 6825//1 6826//1 6820//1 6426//1
f 6825//5 6426//5 6427//5 6434//5
f 6827//2 6821//2 6822//2 6828//2
f 6436//5 6435//5 6821//5 6827//5
f 6835//1 6836//1 6837//1 6838//1
f 6838//4 6837//4 6826//4 6825//4
f 6835//5 6838//5 6825//5 6446//5
f 6446//5 6825//5 6434//5 6441//5
f 6442//5 6436//5 6827//5 6447//5
f 6839//2 6840//2 6841//2 6842//2
f 6827//4 6828//4 6841//4 6840//4
f 6447//5 6827//5 6840//5 6839//5
f 6846//1 6847//1 6836//1 6835//1
f 6846//5 6835//5 6446//5 6445//5
f 6848//2 6839//2 6842//2 6849//2
f 6448//5 6447//5 6839//5 6848//5
f 6460//1 6852//1 6847//1 6846//1
f 6460//5 6846//5 6445//5 6453//5
f 6461//2 6848//2 6849//2 6853//2
f 6454//5 6448//5 6848//5 6461//5
f 6459//1 6858//1 6852//1 6460//1
f 6462//2 6461//2 6853//2 6859//2
f 6466//1 6864//1 6858//1 6459//1
f 6467//2 6462//2 6859//2 6865//2
f 6471//1 6871//1 6864//1 6466//1
f 6472//2 6467//2 6865//2 6872//2
f 6478//1 6878//1 6871//1 6471//1
f 6479//2 6472//2 6872//2 6879//2
f 6764//1 7173//1 7174//1 7175//1
f 7175//4 7174//4 7176//4 7177//4
f 6764//5 7175//5 7177//5 6766//5
f 7177//4 7176//4 7178//4 6756//4
f 6766//5 7177//5 6756//5 6755//5
f 6756//4 7178//4 7179//4 6759//4
f 6759//4 7179//4 7180//4 7181//4
f 6760//5 6759//5 7181//5 6768//5
f 6771//2 7182//2 7183//2 7184//2
f 7181//4 7180//4 7183//4 7182//4
f 6768//5 7181//5 7182//5 6771//5
f 7189//1 7190//1 7191//1 7192//1
f 7192//4 7191//4 7193//4 7194//4
f 7189//5 7192//5 7194//5 6776//5
f 7194//4 7193//4 7173//4 6764//4
f 6776//5 7194//5 6764//5 6763//5
f 6778//2 7195//2 7196//2 7197//2
f 6771//4 7184//4 7196//4 7195//4
f 6772//5 6771//5 7195//5 6778//5
f 7202//1 7203//1 7190//1 7189//1
f 7202//5 7189//5 6776//5 6775//5
f 6781//2 6780//2 7204//2 7205//2
f 6778//4 7197//4 7204//4 6780//4
f 7210//1 7211//1 7212//1 7213//1
f 7210//3 6796//3 7214//3 7211//3
f 7213//4 7212//4 7203//4 7202//4
f 7210//5 7213//5 7202//5 6796//5
f 6796//5 7202//5 6775//5 6784//5
f 6795//1 7219//1 7214//1 6796//1
f 6803//1 7227//1 7219//1 6795//1
f 6817//2 6808//2 7234//2 7240//2
f 7245//1 7246//1 7247//1 6813//1
f 6813//4 7247//4 7239//4 6814//4
f 7245//5 6813//5 6814//5 6820//5
f 7246//6 7248//6 7239//6 7247//6
f 7249//2 7250//2 7251//2 7252//2
f 6817//4 7240//4 7251//4 7250//4
f 6822//5 6817//5 7250//5 7249//5
f 7253//6 7252//6 7251//6 7240//6
f 6837//1 7257//1 7246//1 7245//1
f 6837//5 7245//5 6820//5 6826//5
f 7257//6 7258//6 7248//6 7246//6
f 6841//2 7249//2 7252//2 7259//2
f 6828//5 6822//5 7249//5 6841//5
f 7260//6 7259//6 7252//6 7253//6
f 6836//1 7263//1 7257//1 6837//1
f 6842//2 6841//2 7259//2 7264//2
f 6847//1 7267//1 7263//1 6836//1
f 6849//2 6842//2 7264//2 7268//2
f 6852//1 7275//1 7267//1 6847//1
f 6853//2 6849//2 7268//2 7276//2
f 7280//1 7281//1 7282//1 7283//1
f 7280//3 6858//3 7284//3 7281//3
f 7283//4 7282//4 7275//4 6852//4
f 7280//5 7283//5 6852//5 6858//5
f 7281//6 7284//6 7275//6 7282//6
f 7285//2 7286//2 7287//2 7288//2
f 6859//3 7285//3 7288//3 7289//3
f 6853//4 7276//4 7287//4 7286//4
f 6859//5 6853//5 7286//5 7285//5
f 7289//6 7288//6 7287//6 7276//6
f 6864//1 7296//1 7284//1 6858//1
f 6865//2 6859//2 7289//2 7297//2
f 6871//1 7303//1 7296//1 6864//1
f 6872//2 6865//2 7297//2 7304//2
f 6878//1 7312//1 7303//1 6871//1
f 6879//2 6872//2 7304//2 7313//2
f 6885//1 7326//1 7312//1 6878//1
f 7326//6 7327//6 7328//6 7312//6
f 6886//2 6879//2 7313//2 7329//2
f 7330//6 7329//6 7313//6 7331//6
f 6893//1 7338//1 7326//1 6885//1
f 6894//2 6886//2 7329//2 7339//2
f 7592//1 7593//1 7594//1 7595//1
f 7595//4 7594//4 7596//4 7597//4
f 7592//5 7595//5 7597//5 7191//5
f 7597//4 7596//4 7598//4 7599//4
f 7191//5 7597//5 7599//5 7193//5
f 7599//4 7598//4 7600//4 7174//4
f 7193//5 7599//5 7174//5 7173//5
f 7174//4 7600//4 7601//4 7176//4
f 7176//4 7601//4 7602//4 7178//4
f 7178//4 7602//4 7603//4 7179//4
f 7179//4 7603//4 7604//4 7180//4
f 7184//2 7183//2 7605//2 7606//2
f 7180//4 7604//4 7605//4 7183//4
f 7609//1 7610//1 7611//1 7612//1
f 7612//4 7611//4 7593//4 7592//4
f 7609//5 7612//5 7592//5 7613//5
f 7613//5 7592//5 7191//5 7190//5
f 7197//2 7196//2 7614//2 7615//2
f 7184//4 7606//4 7614//4 7196//4
f 7622//1 7623//1 7610//1 7609//1
f 7622//5 7609//5 7613//5 7212//5
f 7212//5 7613//5 7190//5 7203//5
f 7205//2 7204//2 7624//2 7625//2
f 7197//4 7615//4 7624//4 7204//4
f 7630//1 7631//1 7623//1 7622//1
f 7630//3 7211//3 7632//3 7631//3
f 7630//5 7622//5 7212//5 7211//5
f 7639//1 7640//1 7632//1 7211//1
f 7639//5 7211//5 7214//5 7219//5
f 7648//1 7649//1 7640//1 7639//1
f 7648//3 7227//3 7650//3 7649//3
f 7648//5 7639//5 7219//5 7227//5
f 7237//1 7660//1 7650//1 7227//1
f 7239//1 7662//1 7655//1 7233//1
f 7662//6 7663//6 7664//6 7655//6
f 7667//6 7668//6 7657//6 7658//6
f 7240//2 7234//2 7669//2 7670//2
f 7235//4 7657//4 7669//4 7234//4
f 7668//6 7670//6 7669//6 7657//6
f 7248//1 7673//1 7662//1 7239//1
f 7673//6 7674//6 7663//6 7662//6
f 7674//6 7675//6 7665//6 7663//6
f 7676//6 7677//6 7668//6 7667//6
f 7253//2 7240//2 7670//2 7678//2
f 7677//6 7678//6 7670//6 7668//6
f 7258//1 7685//1 7673//1 7248//1
f 7685//6 7686//6 7674//6 7673//6
f 7260//2 7253//2 7678//2 7687//2
f 7688//6 7687//6 7678//6 7677//6
f 7263//1 7692//1 7693//1 7257//1
f 7257//4 7693//4 7685//4 7258//4
f 7692//6 7694//6 7685//6 7693//6
f 7694//6 7695//6 7686//6 7685//6
f 7696//6 7697//6 7687//6 7688//6
f 7264//2 7259//2 7698//2 7699//2
f 7260//4 7687//4 7698//4 7259//4
f 7697//6 7699//6 7698//6 7687//6
f 7267//1 7705//1 7692//1 7263//1
f 7705//6 7706//6 7694//6 7692//6
f 7268//2 7264//2 7699//2 7707//2
f 7708//6 7707//6 7699//6 7697//6
f 7275//1 7712//1 7705//1 7267//1
f 7712//6 7713//6 7706//6 7705//6
f 7276//2 7268//2 7707//2 7714//2
f 7715//6 7714//6 7707//6 7708//6
f 7284//1 7723//1 7712//1 7275//1
f 7723//6 7724//6 7713//6 7712//6
f 7289//2 7276//2 7714//2 7725//2
f 7726//6 7725//6 7714//6 7715//6
f 7296//1 7734//1 7723//1 7284//1
f 7734//6 7735//6 7724//6 7723//6
f 7297//2 7289//2 7725//2 7736//2
f 7737//6 7736//6 7725//6 7726//6
f 7303//1 7750//1 7734//1 7296//1
f 7750//6 7751//6 7735//6 7734//6
f 7304//2 7297//2 7736//2 7752//2
f 7753//6 7752//6 7736//6 7737//6
f 7312//1 7760//1 7750//1 7303//1
f 7312//3 7328//3 7761//3 7760//3
f 7760//6 7761//6 7751//6 7750//6
f 7761//6 7762//6 7763//6 7751//6
f 7764//6 7765//6 7753//6 7766//6
f 7313//2 7304//2 7752//2 7767//2
f 7331//3 7313//3 7767//3 7765//3
f 7765//6 7767//6 7752//6 7753//6
f 7783//6 7784//6 7785//6 7786//6
f 7784//6 7787//6 7788//6 7785//6
f 7787//6 7789//6 7790//6 7788//6
f 7794//6 7795//6 7784//6 7783//6
f 7795//6 7796//6 7787//6 7784//6
f 7796//6 7797//6 7789//6 7787//6
f 7594//1 8026//1 8027//1 8028//1
f 8028//4 8027//4 8029//4 8030//4
f 7594//5 8028//5 8030//5 7596//5
f 8030//4 8029//4 8031//4 8032//4
f 7596//5 8030//5 8032//5 7598//5
f 8032//4 8031//4 8033//4 8034//4
f 7598//5 8032//5 8034//5 7600//5
f 8034//4 8033//4 8035//4 8036//4
f 7600//5 8034//5 8036//5 7601//5
f 8036//4 8035//4 8037//4 8038//4
f 7601//5 8036//5 8038//5 7602//5
f 8047//1 8048//1 8049//1 8050//1
f 8050//4 8049//4 8051//4 8052//4
f 8047//5 8050//5 8052//5 7611//5
f 8052//4 8051//4 8026//4 7594//4
f 7611//5 8052//5 7594//5 7593//5
f 7603//4 8041//4 8053//4 7604//4
f 7604//4 8053//4 8054//4 7605//4
f 7614//2 8055//2 8056//2 8057//2
f 7605//4 8054//4 8056//4 8055//4
f 7606//5 7605//5 8055//5 7614//5
f 8058//6 8057//6 8056//6 8054//6
f 8067//1 8068//1 8048//1 8047//1
f 8067//5 8047//5 7611//5 7610//5
f 7624//2 8069//2 8070//2 8071//2
f 7614//4 8057//4 8070//4 8069//4
f 7615//5 7614//5 8069//5 7624//5
f 8072//6 8071//6 8070//6 8057//6
f 8077//1 8078//1 8068//1 8067//1
f 8077//3 7623//3 8079//3 8078//3
f 8077//5 8067//5 7610//5 7623//5
f 7625//2 7624//2 8071//2 8080//2
f 7631//1 8085//1 8079//1 7623//1
f 8097//1 8098//1 8085//1 7631//1
f 8097//3 7640//3 8099//3 8098//3
f 8097//5 7631//5 7632//5 7640//5
f 7641//2 7634//2 8087//2 8100//2
f 7649//1 8109//1 8099//1 7640//1
f 7649//3 7650//3 8110//3 8109//3
f 7660//1 8119//1 8110//1 7650//1
f 7665//1 8123//1 8114//1 7666//1
f 8123//6 8124//6 8125//6 8114//6
f 8130//6 8132//6 8115//6 8131//6
f 8132//6 8133//6 8116//6 8115//6
f 7667//2 7658//2 8118//2 8134//2
f 8133//6 8134//6 8118//6 8116//6
f 7675//1 8140//1 8123//1 7665//1
f 8140//6 8141//6 8124//6 8123//6
f 8141//6 8142//6 8126//6 8124//6
f 8142//6 8143//6 8128//6 8126//6
f 8143//6 8144//6 8130//6 8128//6
f 8144//6 8145//6 8132//6 8130//6
f 8145//6 8146//6 8133//6 8132//6
f 7676//2 7667//2 8134//2 8147//2
f 8146//6 8147//6 8134//6 8133//6
f 7686//1 8151//1 8152//1 7674//1
f 7674//4 8152//4 8140//4 7675//4
f 8151//6 8153//6 8140//6 8152//6
f 8153//6 8154//6 8141//6 8140//6
f 8154//6 8155//6 8142//6 8141//6
f 8155//6 8156//6 8143//6 8142//6
f 8156//6 8157//6 8144//6 8143//6
f 8157//6 8158//6 8145//6 8144//6
f 8158//6 8159//6 8146//6 8145//6
f 8159//6 8160//6 8147//6 8146//6
f 7688//2 7677//2 8161//2 8162//2
f 7676//4 8147//4 8161//4 7677//4
f 8160//6 8162//6 8161//6 8147//6
f 7695//1 8168//1 8151//1 7686//1
f 8168//6 8169//6 8153//6 8151//6
f 8169//6 8170//6 8154//6 8153//6
f 8170//6 8171//6 8155//6 8154//6
f 8171//6 8172//6 8156//6 8155//6
f 8172//6 8173//6 8157//6 8156//6
f 8173//6 8174//6 8158//6 8157//6
f 8174//6 8175//6 8159//6 8158//6
f 8175//6 8176//6 8160//6 8159//6
f 7696//2 7688//2 8162//2 8177//2
f 8176//6 8177//6 8162//6 8160//6
f 7706//1 8183//1 8184//1 7694//1
f 7694//4 8184//4 8168//4 7695//4
f 8183//6 8185//6 8168//6 8184//6
f 8185//6 8186//6 8169//6 8168//6
f 8186//6 8187//6 8170//6 8169//6
f 8187//6 8188//6 8171//6 8170//6
f 8188//6 8189//6 8172//6 8171//6
f 8189//6 8190//6 8173//6 8172//6
f 8190//6 8191//6 8174//6 8173//6
f 8191//6 8192//6 8175//6 8174//6
f 8192//6 8193//6 8176//6 8175//6
f 8193//6 8194//6 8177//6 8176//6
f 7708//2 7697//2 8195//2 8196//2
f 7696//4 8177//4 8195//4 7697//4
f 8194//6 8196//6 8195//6 8177//6
f 7713//1 8205//1 8183//1 7706//1
f 8205//6 8206//6 8185//6 8183//6
f 8206//6 8207//6 8186//6 8185//6
f 8207//6 8208//6 8187//6 8186//6
f 8208//6 8209//6 8188//6 8187//6
f 8209//6 8210//6 8189//6 8188//6
f 8210//6 8211//6 8190//6 8189//6
f 8211//6 8212//6 8191//6 8190//6
f 8212//6 8213//6 8192//6 8191//6
f 8213//6 8214//6 8193//6 8192//6
f 8214//6 8215//6 8194//6 8193//6
f 7715//2 7708//2 8196//2 8216//2
f 8215//6 8216//6 8196//6 8194//6
f 7724//1 8225//1 8205//1 7713//1
f 8225//6 8226//6 8206//6 8205//6
f 8226//6 8227//6 8207//6 8206//6
f 8227//6 8228//6 8208//6 8207//6
f 8228//6 8229//6 8209//6 8208//6
f 8229//6 8230//6 8210//6 8209//6
f 8231//6 8232//6 8212//6 8211//6
f 8232//6 8233//6 8213//6 8212//6
f 8233//6 8234//6 8214//6 8213//6
f 8234//6 8235//6 8215//6 8214//6
f 7726//2 7715//2 8216//2 8236//2
f 8235//6 8236//6 8216//6 8215//6
f 7735//1 8245//1 8225//1 7724//1
f 8245//6 8246//6 8226//6 8225//6
f 8246//6 8247//6 8227//6 8226//6
f 8247//6 8248//6 8228//6 8227//6
f 8248//6 8249//6 8229//6 8228//6
f 8249//6 8250//6 8230//6 8229//6
f 8250//6 8251//6 8231//6 8230//6
f 8251//6 8252//6 8232//6 8231//6
f 8252//6 8253//6 8233//6 8232//6
f 8253//6 8254//6 8234//6 8233//6
f 8254//6 8255//6 8235//6 8234//6
f 7737//2 7726//2 8236//2 8256//2
f 8255//6 8256//6 8236//6 8235//6
f 7751//1 8257//1 8245//1 7735//1
f 7751//3 7763//3 8258//3 8257//3
f 8257//6 8258//6 8246//6 8245//6
f 8258//6 8259//6 8247//6 8246//6
f 8259//6 8260//6 8248//6 8247//6
f 8260//6 8261//6 8249//6 8248//6
f 8261//6 8262//6 8250//6 8249//6
f 8262//6 8263//6 8251//6 8250//6
f 8263//6 8264//6 8252//6 8251//6
f 8264//6 8265//6 8253//6 8252//6
f 8265//6 8266//6 8254//6 8253//6
f 8266//6 8267//6 8255//6 8254//6
f 7753//2 7737//2 8256//2 8268//2
f 7766//3 7753//3 8268//3 8267//3
f 8267//6 8268//6 8256//6 8255//6
f 7762//1 8269//1 8258//1 7763//1
f 8269//6 8270//6 8259//6 8258//6
f 8270//6 8271//6 8260//6 8259//6
f 8271//6 8272//6 8261//6 8260//6
f 8272//6 8273//6 8262//6 8261//6
f 8273//6 8274//6 8263//6 8262//6
f 8274//6 8275//6 8264//6 8263//6
f 8275//6 8276//6 8265//6 8264//6
f 8276//6 8277//6 8266//6 8265//6
f 7764//2 7766//2 8267//2 8278//2
f 8277//6 8278//6 8267//6 8266//6
f 8280//6 8281//6 8271//6 8270//6
f 8281//6 8282//6 8272//6 8271//6
f 8282//6 8283//6 8273//6 8272//6
f 8283//6 8284//6 8274//6 8273//6
f 8284//6 8285//6 8275//6 8274//6
f 8285//6 8286//6 8276//6 8275//6
f 8286//6 8287//6 8277//6 8276//6
f 8293//6 8294//6 8282//6 8281//6
f 8294//6 8295//6 8283//6 8282//6
f 8295//6 8296//6 8284//6 8283//6
f 8296//6 8297//6 8285//6 8284//6
f 8297//6 8298//6 8286//6 8285//6
f 8307//6 8308//6 8295//6 8294//6
f 8308//6 8309//6 8296//6 8295//6
f 8309//6 8310//6 8297//6 8296//6
f 7786//3 7785//3 8319//3 8318//3
f 8318//6 8319//6 8308//6 8307//6
f 7785//3 7788//3 8320//3 8319//3
f 8319//6 8320//6 8309//6 8308//6
f 7788//3 7790//3 8321//3 8320//3
f 8320//6 8321//6 8310//6 8309//6
f 8049//1 8561//1 8562//1 8563//1
f 8563//4 8562//4 8564//4 8565//4
f 8049//5 8563//5 8565//5 8051//5
f 8565//4 8564//4 8566//4 8027//4
f 8051//5 8565//5 8027//5 8026//5
f 8027//4 8566//4 8567//4 8029//4
f 8029//4 8567//4 8568//4 8031//4
f 8031//4 8568//4 8569//4 8033//4
f 8033//4 8569//4 8570//4 8035//4
f 8042//2 8037//2 8571//2 8572//2
f 8035//4 8570//4 8571//4 8037//4
f 8577//1 8578//1 8579//1 8580//1
f 8580//4 8579//4 8561//4 8049//4
f 8577//5 8580//5 8049//5 8048//5
f 8042//4 8572//4 8581//4 8041//4
f 8041//4 8581//4 8582//4 8053//4
f 8058//2 8054//2 8583//2 8584//2
f 8053//4 8582//4 8583//4 8054//4
f 8589//1 8590//1 8578//1 8577//1
f 8589//3 8068//3 8591//3 8590//3
f 8589//5 8577//5 8048//5 8068//5
f 8072//2 8057//2 8592//2 8593//2
f 8058//4 8584//4 8592//4 8057//4
f 8078//1 8598//1 8591//1 8068//1
f 8080//2 8071//2 8599//2 8600//2
f 8072//4 8593//4 8599//4 8071//4
f 8607//1 8608//1 8598//1 8078//1
f 8607//3 8085//3 8609//3 8608//3
f 8607//5 8078//5 8079//5 8085//5
f 8088//2 8080//2 8600//2 8610//2
f 8091//1 8611//1 8602//1 8092//1
f 8091//3 8104//3 8612//3 8611//3
f 8098//1 8615//1 8609//1 8085//1
f 8098//3 8099//3 8616//3 8615//3
f 8103//1 8620//1 8612//1 8104//1
f 8105//2 8107//2 8614//2 8621//2
f 8117//3 8105//3 8621//3 8622//3
f 8622//6 8621//6 8614//6 8623//6
f 8109//1 8624//1 8616//1 8099//1
f 8109//3 8110//3 8625//3 8624//3
f 8113//1 8628//1 8620//1 8103//1
f 8113//3 8114//3 8629//3 8628//3
f 8114//3 8125//3 8630//3 8629//3
f 8125//3 8127//3 8631//3 8630//3
f 8127//3 8129//3 8632//3 8631//3
f 8129//3 8131//3 8633//3 8632//3
f 8115//2 8117//2 8622//2 8634//2
f 8131//3 8115//3 8634//3 8633//3
f 8633//6 8634//6 8622//6 8635//6
f 8119//1 8636//1 8625//1 8110//1
f 8119//3 8137//3 8637//3 8636//3
f 8136//1 8640//1 8637//1 8137//1
f 8230//1 8674//1 8675//1 8210//1
f 8231//2 8211//2 8676//2 8677//2
f 8230//3 8231//3 8677//3 8674//3
f 8210//4 8675//4 8676//4 8211//4
f 8674//6 8677//6 8676//6 8675//6
f 8930//1 8931//1 8932//1 8933//1
f 8933//4 8932//4 8934//4 8935//4
f 8930//5 8933//5 8935//5 8562//5
f 8935//4 8934//4 8936//4 8937//4
f 8562//5 8935//5 8937//5 8564//5
f 8937//4 8936//4 8938//4 8939//4
f 8564//5 8937//5 8939//5 8566//5
f 8567//2 8940//2 8941//2 8942//2
f 8939//4 8938//4 8941//4 8940//4
f 8566//5 8939//5 8940//5 8567//5
f 8965//1 8966//1 8967//1 8968//1
f 8968//4 8967//4 8931//4 8930//4
f 8965//5 8968//5 8930//5 8579//5
f 8579//5 8930//5 8562//5 8561//5
f 8567//4 8942//4 8969//4 8568//4
f 8568//4 8969//4 8970//4 8569//4
f 8569//4 8970//4 8971//4 8570//4
f 8572//2 8571//2 8972//2 8973//2
f 8570//4 8971//4 8972//4 8571//4
f 8974//6 8973//6 8972//6 8971//6
f 8979//6 8980//6 8954//6 8953//6
f 8980//6 8981//6 8955//6 8954//6
f 8986//1 8987//1 8966//1 8965//1
f 8986//5 8965//5 8579//5 8578//5
f 8572//4 8973//4 8988//4 8581//4
f 8581//4 8988//4 8989//4 8582//4
f 8990//6 8991//6 8989//6 8988//6
f 8996//6 8997//6 8982//6 8981//6
f 9000//1 9001//1 8987//1 8986//1
f 9000//3 8590//3 9002//3 9001//3
f 9000//5 8986//5 8578//5 8590//5
f 8593//2 8592//2 9003//2 9004//2
f 8584//4 8993//4 9003//4 8592//4
f 9005//6 9004//6 9003//6 8993//6
f 8595//1 9006//1 8994//1 8586//1
f 9007//6 9008//6 8998//6 8997//6
f 9010//1 9011//1 9002//1 8590//1
f 9010//3 8598//3 9012//3 9011//3
f 9010//5 8590//5 8591//5 8598//5
f 8600//2 8599//2 9013//2 9014//2
f 8593//4 9004//4 9013//4 8599//4
f 9015//6 9014//6 9013//6 9004//6
f 8602//1 9016//1 9006//1 8595//1
f 8603//2 8605//2 9008//2 9017//2
f 9018//6 9017//6 9008//6 9007//6
f 8608//1 9019//1 9012//1 8598//1
f 8608//3 8609//3 9020//3 9019//3
f 8610//2 8600//2 9014//2 9021//2
f 9022//6 9021//6 9014//6 9015//6
f 8611//1 9023//1 9016//1 8602//1
f 8614//2 8603//2 9017//2 9024//2
f 8623//3 8614//3 9024//3 9025//3
f 9025//6 9024//6 9017//6 9018//6
f 8615//1 9026//1 9020//1 8609//1
f 8615//3 8616//3 9027//3 9026//3
f 8619//2 8610//2 9021//2 9028//2
f 9029//1 9030//1 9023//1 8611//1
f 9029//3 8620//3 9031//3 9030//3
f 9029//5 8611//5 8612//5 8620//5
f 8622//2 8623//2 9025//2 9032//2
f 8635//3 8622//3 9032//3 9033//3
f 9033//6 9032//6 9025//6 9034//6
f 8624//1 9035//1 9027//1 8616//1
f 8624//3 8625//3 9036//3 9035//3
f 8627//2 8619//2 9028//2 9037//2
f 9038//6 9037//6 9028//6 9039//6
f 8628//1 9040//1 9031//1 8620//1
f 8628//3 8629//3 9041//3 9040//3
f 8629//3 8630//3 9042//3 9041//3
f 8630//3 8631//3 9043//3 9042//3
f 8631//3 8632//3 9044//3 9043//3
f 8633//2 8635//2 9033//2 9045//2
f 8632//3 8633//3 9045//3 9044//3
f 9044//6 9045//6 9033//6 9046//6
f 8636//1 9047//1 9036//1 8625//1
f 8636//3 8637//3 9048//3 9047//3
f 9047//6 9048//6 9049//6 9036//6
f 8639//2 8627//2 9037//2 9050//2
f 9051//6 9050//6 9037//6 9038//6
f 8640//1 9052//1 9048//1 8637//1
f 8640//3 8645//3 9053//3 9052//3
f 9052//6 9053//6 9054//6 9048//6
f 9206//1 9207//1 9208//1 9209//1
f 9209//4 9208//4 9210//4 9211//4
f 9206//5 9209//5 9211//5 8967//5
f 9211//4 9210//4 9212//4 8932//4
f 8967//5 9211//5 8932//5 8931//5
f 8932//4 9212//4 9213//4 8934//4
f 8934//4 9213//4 9214//4 8936//4
f 8936//4 9214//4 9215//4 8938//4
f 8942//2 8941//2 9216//2 9217//2
f 8938//4 9215//4 9216//4 8941//4
f 9218//6 9217//6 9216//6 9215//6
f 9219//1 9220//1 9207//1 9206//1
f 9219//5 9206//5 8967//5 8966//5
f 8942//4 9217//4 9221//4 8969//4
f 8969//4 9221//4 9222//4 8970//4
f 9223//6 9224//6 9222//6 9221//6
f 8974//2 8971//2 9225//2 9226//2
f 8970//4 9222//4 9225//4 8971//4
f 9224//6 9226//6 9225//6 9222//6
f 8978//1 9227//1 9228//1 8951//1
f 8951//4 9228//4 9229//4 8952//4
f 9227//6 9230//6 9229//6 9228//6
f 8979//2 8953//2 9231//2 9232//2
f 8952//4 9229//4 9231//4 8953//4
f 9230//6 9232//6 9231//6 9229//6
f 9233//1 9234//1 9220//1 9219//1
f 9233//3 8987//3 9235//3 9234//3
f 9233//5 9219//5 8966//5 8987//5
f 8974//4 9226//4 9236//4 8973//4
f 9237//6 9238//6 9236//6 9226//6
f 8990//2 8988//2 9239//2 9240//2
f 8973//4 9236//4 9239//4 8988//4
f 9238//6 9240//6 9239//6 9236//6
f 8995//1 9241//1 9242//1 8977//1
f 8977//4 9242//4 9227//4 8978//4
f 8979//4 9232//4 9243//4 8980//4
f 8996//2 8981//2 9244//2 9245//2
f 8980//4 9243//4 9244//4 8981//4
f 9246//6 9245//6 9244//6 9243//6
f 9001//1 9247//1 9235//1 8987//1
f 9001//3 9002//3 9248//3 9247//3
f 8990//4 9240//4 9249//4 8991//4
f 9250//6 9251//6 9249//6 9240//6
f 9005//2 8993//2 9252//2 9253//2
f 8991//4 9249//4 9252//4 8993//4
f 9251//6 9253//6 9252//6 9249//6
f 9006//1 9254//1 9255//1 8994//1
f 8994//4 9255//4 9241//4 8995//4
f 9007//2 8997//2 9256//2 9257//2
f 8996//4 9245//4 9256//4 8997//4
f 9258//6 9257//6 9256//6 9245//6
f 9011//1 9259//1 9248//1 9002//1
f 9011//3 9012//3 9260//3 9259//3
f 9015//2 9004//2 9261//2 9262//2
f 9005//4 9253//4 9261//4 9004//4
f 9263//6 9262//6 9261//6 9253//6
f 9264//1 9265//1 9266//1 9267//1
f 9267//4 9266//4 9254//4 9006//4
f 9264//5 9267//5 9006//5 9016//5
f 9018//2 9007//2 9257//2 9268//2
f 9269//6 9268//6 9257//6 9258//6
f 9019//1 9270//1 9260//1 9012//1
f 9019//3 9020//3 9271//3 9270//3
f 9022//2 9015//2 9262//2 9272//2
f 9273//6 9272//6 9262//6 9263//6
f 9274//1 9275//1 9265//1 9264//1
f 9274//3 9023//3 9276//3 9275//3
f 9274//5 9264//5 9016//5 9023//5
f 9025//2 9018//2 9268//2 9277//2
f 9034//3 9025//3 9277//3 9278//3
f 9278//6 9277//6 9268//6 9269//6
f 9026//1 9279//1 9271//1 9020//1
f 9026//3 9027//3 9280//3 9279//3
f 9279//6 9280//6 9281//6 9271//6
f 9028//2 9021//2 9282//2 9283//2
f 9039//3 9028//3 9283//3 9284//3
f 9022//4 9272//4 9282//4 9021//4
f 9284//6 9283//6 9282//6 9272//6
f 9030//1 9285//1 9276//1 9023//1
f 9030//3 9031//3 9286//3 9285//3
f 9033//2 9034//2 9278//2 9287//2
f 9046//3 9033//3 9287//3 9288//3
f 9035//1 9289//1 9280//1 9027//1
f 9035//3 9036//3 9290//3 9289//3
f 9289//6 9290//6 9291//6 9280//6
f 9036//3 9049//3 9292//3 9290//3
f 9290//6 9292//6 9293//6 9291//6
f 9038//2 9039//2 9284//2 9294//2
f 9295//6 9294//6 9284//6 9296//6
f 9040//1 9297//1 9286//1 9031//1
f 9040//3 9041//3 9298//3 9297//3
f 9041//3 9042//3 9299//3 9298//3
f 9042//3 9043//3 9300//3 9299//3
f 9044//2 9046//2 9288//2 9301//2
f 9043//3 9044//3 9301//3 9300//3
f 9300//6 9301//6 9288//6 9302//6
f 9048//1 9303//1 9292//1 9049//1
f 9048//3 9054//3 9304//3 9303//3
f 9303//6 9304//6 9305//6 9292//6
f 9051//2 9038//2 9294//2 9306//2
f 9307//6 9306//6 9294//6 9295//6
f 9053//1 9308//1 9304//1 9054//1
f 9053//3 9059//3 9309//3 9308//3
f 9308//6 9309//6 9310//6 9304//6
f 9309//6 9311//6 9312//6 9310//6
f 9313//6 9314//6 9315//6 9316//6
f 9314//6 9317//6 9307//6 9315//6
f 9066//3 9068//3 9321//3 9320//3
f 9320//6 9321//6 9313//6 9311//6
f 9210//1 9428//1 9429//1 9430//1
f 9212//2 9431//2 9432//2 9433//2
f 9430//4 9429//4 9432//4 9431//4
f 9210//5 9430//5 9431//5 9212//5
f 9428//6 9433//6 9432//6 9429//6
f 9207//1 9434//1 9435//1 9208//1
f 9208//4 9435//4 9428//4 9210//4
f 9212//4 9433//4 9436//4 9213//4
f 9213//4 9436//4 9437//4 9214//4
f 9438//6 9439//6 9437//6 9436//6
f 9218//2 9215//2 9440//2 9441//2
f 9214//4 9437//4 9440//4 9215//4
f 9439//6 9441//6 9440//6 9437//6
f 9442//1 9443//1 9444//1 9445//1
f 9442//3 9220//3 9446//3 9443//3
f 9445//4 9444//4 9434//4 9207//4
f 9442//5 9445//5 9207//5 9220//5
f 9443//6 9446//6 9434//6 9444//6
f 9218//4 9441//4 9447//4 9217//4
f 9448//6 9449//6 9447//6 9441//6
f 9223//2 9221//2 9450//2 9451//2
f 9217//4 9447//4 9450//4 9221//4
f 9449//6 9451//6 9450//6 9447//6
f 9234//1 9452//1 9446//1 9220//1
f 9234//3 9235//3 9453//3 9452//3
f 9223//4 9451//4 9454//4 9224//4
f 9455//6 9456//6 9454//6 9451//6
f 9237//2 9226//2 9457//2 9458//2
f 9224//4 9454//4 9457//4 9226//4
f 9456//6 9458//6 9457//6 9454//6
f 9255//1 9459//1 9460//1 9461//1
f 9461//4 9460//4 9462//4 9242//4
f 9255//5 9461//5 9242//5 9241//5
f 9242//4 9462//4 9463//4 9227//4
f 9227//4 9463//4 9464//4 9230//4
f 9230//4 9464//4 9465//4 9232//4
f 9246//2 9243//2 9466//2 9467//2
f 9232//4 9465//4 9466//4 9243//4
f 9468//6 9467//6 9466//6 9465//6
f 9247//1 9469//1 9453//1 9235//1
f 9247//3 9248//3 9470//3 9469//3
f 9469//6 9470//6 9471//6 9453//6
f 9472//6 9473//6 9458//6 9456//6
f 9237//4 9458//4 9474//4 9238//4
f 9473//6 9475//6 9474//6 9458//6
f 9250//2 9240//2 9476//2 9477//2
f 9238//4 9474//4 9476//4 9240//4
f 9475//6 9477//6 9476//6 9474//6
f 9254//1 9478//1 9459//1 9255//1
f 9258//2 9245//2 9479//2 9480//2
f 9246//4 9467//4 9479//4 9245//4
f 9481//6 9480//6 9479//6 9467//6
f 9259//1 9482//1 9470//1 9248//1
f 9259//3 9260//3 9483//3 9482//3
f 9482//6 9483//6 9484//6 9470//6
f 9485//6 9486//6 9475//6 9473//6
f 9486//6 9487//6 9477//6 9475//6
f 9250//4 9477//4 9488//4 9251//4
f 9487//6 9489//6 9488//6 9477//6
f 9265//1 9492//1 9493//1 9266//1
f 9266//4 9493//4 9478//4 9254//4
f 9269//2 9258//2 9480//2 9494//2
f 9495//6 9494//6 9480//6 9481//6
f 9270//1 9496//1 9483//1 9260//1
f 9270//3 9271//3 9497//3 9496//3
f 9496//6 9497//6 9498//6 9483//6
f 9271//3 9281//3 9499//3 9497//3
f 9497//6 9499//6 9500//6 9498//6
f 9499//6 9501//6 9502//6 9500//6
f 9503//6 9504//6 9486//6 9485//6
f 9504//6 9505//6 9487//6 9486//6
f 9505//6 9506//6 9489//6 9487//6
f 9273//2 9263//2 9491//2 9507//2
f 9506//6 9507//6 9491//6 9489//6
f 9275//1 9508//1 9492//1 9265//1
f 9278//2 9269//2 9494//2 9509//2
f 9510//6 9509//6 9494//6 9495//6
f 9280//1 9511//1 9499//1 9281//1
f 9280//3 9291//3 9512//3 9511//3
f 9511//6 9512//6 9501//6 9499//6
f 9291//3 9293//3 9513//3 9512//3
f 9512//6 9513//6 9514//6 9501//6
f 9513//6 9515//6 9516//6 9514//6
f 9515//6 9517//6 9503//6 9516//6
f 9517//6 9518//6 9504//6 9503//6
f 9519//6 9520//6 9506//6 9505//6
f 9520//6 9521//6 9507//6 9506//6
f 9284//2 9272//2 9522//2 9523//2
f 9296//3 9284//3 9523//3 9521//3
f 9273//4 9507//4 9522//4 9272//4
f 9521//6 9523//6 9522//6 9507//6
f 9524//1 9525//1 9508//1 9275//1
f 9524//3 9285//3 9526//3 9525//3
f 9524//5 9275//5 9276//5 9285//5
f 9285//3 9286//3 9527//3 9526//3
f 9302//3 9288//3 9528//3 9529//3
f 9287//2 9278//2 9509//2 9530//2
f 9288//3 9287//3 9530//3 9528//3
f 9528//6 9530//6 9509//6 9510//6
f 9292//1 9531//1 9513//1 9293//1
f 9292//3 9305//3 9532//3 9531//3
f 9531//6 9532//6 9515//6 9513//6
f 9532//6 9533//6 9517//6 9515//6
f 9533//6 9534//6 9518//6 9517//6
f 9534//6 9535//6 9519//6 9518//6
f 9535//6 9536//6 9520//6 9519//6
f 9295//2 9296//2 9521//2 9537//2
f 9536//6 9537//6 9521//6 9520//6
f 9297//1 9538//1 9527//1 9286//1
f 9297//3 9298//3 9539//3 9538//3
f 9298//3 9299//3 9540//3 9539//3
f 9300//2 9302//2 9529//2 9541//2
f 9299//3 9300//3 9541//3 9540//3
f 9304//1 9542//1 9532//1 9305//1
f 9304//3 9310//3 9543//3 9542//3
f 9542//6 9543//6 9533//6 9532//6
f 9310//3 9312//3 9544//3 9543//3
f 9543//6 9544//6 9534//6 9533//6
f 9544//6 9545//6 9535//6 9534//6
f 9316//3 9315//3 9546//3 9545//3
f 9545//6 9546//6 9536//6 9535//6
f 9307//2 9295//2 9537//2 9547//2
f 9315//3 9307//3 9547//3 9546//3
f 9546//6 9547//6 9537//6 9536//6
f 9434//1 9654//1 9655//1 9435//1
f 9435//4 9655//4 9656//4 9428//4
f 9654//6 9657//6 9656//6 9655//6
f 9428//4 9656//4 9658//4 9433//4
f 9657//6 9659//6 9658//6 9656//6
f 9438//2 9436//2 9660//2 9661//2
f 9433//4 9658//4 9660//4 9436//4
f 9659//6 9661//6 9660//6 9658//6
f 9446//1 9662//1 9654//1 9434//1
f 9662//6 9663//6 9657//6 9654//6
f 9664//6 9665//6 9661//6 9659//6
f 9438//4 9661//4 9666//4 9439//4
f 9665//6 9667//6 9666//6 9661//6
f 9448//2 9441//2 9668//2 9669//2
f 9439//4 9666//4 9668//4 9441//4
f 9667//6 9669//6 9668//6 9666//6
f 9452//1 9670//1 9662//1 9446//1
f 9452//3 9453//3 9671//3 9670//3
f 9670//6 9671//6 9663//6 9662//6
f 9453//3 9471//3 9672//3 9671//3
f 9671//6 9672//6 9664//6 9663//6
f 9672//6 9673//6 9665//6 9664//6
f 9673//6 9674//6 9667//6 9665//6
f 9674//6 9675//6 9669//6 9667//6
f 9448//4 9669//4 9676//4 9449//4
f 9675//6 9677//6 9676//6 9669//6
f 9455//2 9451//2 9678//2 9679//2
f 9449//4 9676//4 9678//4 9451//4
f 9677//6 9679//6 9678//6 9676//6
f 9459//1 9680//1 9681//1 9460//1
f 9460//4 9681//4 9682//4 9462//4
f 9680//6 9683//6 9682//6 9681//6
f 9462//4 9682//4 9684//4 9463//4
f 9463//4 9684//4 9685//4 9464//4
f 9686//6 9687//6 9685//6 9684//6
f 9468//2 9465//2 9688//2 9689//2
f 9464//4 9685//4 9688//4 9465//4
f 9687//6 9689//6 9688//6 9685//6
f 9470//1 9690//1 9672//1 9471//1
f 9470//3 9484//3 9691//3 9690//3
f 9690//6 9691//6 9673//6 9672//6
f 9691//6 9692//6 9674//6 9673//6
f 9692//6 9693//6 9675//6 9674//6
f 9693//6 9694//6 9677//6 9675//6
f 9694//6 9695//6 9679//6 9677//6
f 9472//2 9456//2 9696//2 9697//2
f 9455//4 9679//4 9696//4 9456//4
f 9695//6 9697//6 9696//6 9679//6
f 9493//1 9698//1 9699//1 9700//1
f 9700//4 9699//4 9680//4 9459//4
f 9493//5 9700//5 9459//5 9478//5
f 9481//2 9467//2 9701//2 9702//2
f 9468//4 9689//4 9701//4 9467//4
f 9703//6 9702//6 9701//6 9689//6
f 9483//1 9704//1 9691//1 9484//1
f 9483//3 9498//3 9705//3 9704//3
f 9704//6 9705//6 9692//6 9691//6
f 9498//3 9500//3 9706//3 9705//3
f 9705//6 9706//6 9693//6 9692//6
f 9500//3 9502//3 9707//3 9706//3
f 9706//6 9707//6 9694//6 9693//6
f 9707//6 9708//6 9695//6 9694//6
f 9708//6 9709//6 9697//6 9695//6
f 9485//2 9473//2 9710//2 9711//2
f 9472//4 9697//4 9710//4 9473//4
f 9709//6 9711//6 9710//6 9697//6
f 9492//1 9712//1 9698//1 9493//1
f 9495//2 9481//2 9702//2 9713//2
f 9501//1 9714//1 9707//1 9502//1
f 9501//3 9514//3 9715//3 9714//3
f 9714//6 9715//6 9708//6 9707//6
f 9514//3 9516//3 9716//3 9715//3
f 9715//6 9716//6 9709//6 9708//6
f 9503//2 9485//2 9711//2 9717//2
f 9516//3 9503//3 9717//3 9716//3
f 9716//6 9717//6 9711//6 9709//6
f 9508//1 9718//1 9712//1 9492//1
f 9510//2 9495//2 9713//2 9719//2
f 9525//1 9724//1 9718//1 9508//1
f 9525//3 9526//3 9725//3 9724//3
f 9528//2 9510//2 9719//2 9726//2
f 9529//3 9528//3 9726//3 9727//3
f 9727//6 9726//6 9719//6 9728//6
f 9729//1 9730//1 9725//1 9526//1
f 9729//3 9538//3 9731//3 9730//3
f 9729//5 9526//5 9527//5 9538//5
f 9538//3 9539//3 9732//3 9731//3
f 9539//3 9540//3 9733//3 9732//3
f 9541//2 9529//2 9727//2 9734//2
f 9540//3 9541//3 9734//3 9733//3
f 9733//6 9734//6 9727//6 9735//6
f 9663//1 9852//1 9853//1 9657//1
f 9664//2 9659//2 9854//2 9855//2
f 9663//3 9664//3 9855//3 9852//3
f 9657//4 9853//4 9854//4 9659//4
f 9852//6 9855//6 9854//6 9853//6
f 9683//1 9856//1 9857//1 9682//1
f 9686//2 9684//2 9858//2 9859//2
f 9682//4 9857//4 9858//4 9684//4
f 9856//6 9859//6 9858//6 9857//6
f 9698//1 9860//1 9861//1 9699//1
f 9699//4 9861//4 9862//4 9680//4
f 9680//4 9862//4 9856//4 9683//4
f 9686//4 9859//4 9863//4 9687//4
f 9703//2 9689//2 9864//2 9865//2
f 9687//4 9863//4 9864//4 9689//4
f 9866//6 9865//6 9864//6 9863//6
f 9712//1 9867//1 9860//1 9698//1
f 9713//2 9702//2 9868//2 9869//2
f 9703//4 9865//4 9868//4 9702//4
f 9870//6 9869//6 9868//6 9865//6
f 9871//1 9872//1 9873//1 9874//1
f 9871//3 9718//3 9875//3 9872//3
f 9874//4 9873//4 9867//4 9712//4
f 9871//5 9874//5 9712//5 9718//5
f 9719//2 9713//2 9869//2 9876//2
f 9728//3 9719//3 9876//3 9877//3
f 9877//6 9876//6 9869//6 9870//6
f 9724//1 9878//1 9875//1 9718//1
f 9724//3 9725//3 9879//3 9878//3
f 9727//2 9728//2 9877//2 9880//2
f 9735//3 9727//3 9880//3 9881//3
f 9881//6 9880//6 9877//6 9882//6
f 9730//1 9883//1 9879//1 9725//1
f 9730//3 9731//3 9884//3 9883//3
f 9731//3 9732//3 9885//3 9884//3
f 9733//2 9735//2 9881//2 9886//2
f 9732//3 9733//3 9886//3 9885//3
f 9885//6 9886//6 9881//6 9887//6
f 9860//1 9944//1 9945//1 9861//1
f 9861//4 9945//4 9946//4 9862//4
f 9862//4 9946//4 9947//4 9856//4
f 9856//4 9947//4 9948//4 9859//4
f 9866//2 9863//2 9949//2 9950//2
f 9859//4 9948//4 9949//4 9863//4
f 9951//6 9950//6 9949//6 9948//6
f 9873//1 9952//1 9953//1 9954//1
f 9954//4 9953//4 9944//4 9860//4
f 9873//5 9954//5 9860//5 9867//5
f 9870//2 9865//2 9955//2 9956//2
f 9866//4 9950//4 9955//4 9865//4
f 9957//6 9956//6 9955//6 9950//6
f 9872//1 9958//1 9952//1 9873//1
f 9877//2 9870//2 9956//2 9959//2
f 9882//3 9877//3 9959//3 9960//3
f 9960//6 9959//6 9956//6 9957//6
f 9961//1 9962//1 9958//1 9872//1
f 9961//3 9878//3 9963//3 9962//3
f 9961//5 9872//5 9875//5 9878//5
f 9878//3 9879//3 9964//3 9963//3
f 9881//2 9882//2 9960//2 9965//2
f 9887//3 9881//3 9965//3 9966//3
f 9966//6 9965//6 9960//6 9967//6
f 9883//1 9968//1 9964//1 9879//1
f 9883//3 9884//3 9969//3 9968//3
f 9885//2 9887//2 9966//2 9970//2
f 9884//3 9885//3 9970//3 9969//3
f 9969//6 9970//6 9966//6 9971//6
f 9944//1 10020//1 10021//1 9945//1
f 9945//4 10021//4 10022//4 9946//4
f 9946//4 10022//4 10023//4 9947//4
f 10024//6 10025//6 10023//6 10022//6
f 9951//2 9948//2 10026//2 10027//2
f 9947//4 10023//4 10026//4 9948//4
f 10025//6 10027//6 10026//6 10023//6
f 9952//1 10028//1 10029//1 9953//1
f 9953//4 10029//4 10020//4 9944//4
f 9957//2 9950//2 10030//2 10031//2
f 9951//4 10027//4 10030//4 9950//4
f 10032//6 10031//6 10030//6 10027//6
f 9958//1 10033//1 10028//1 9952//1
f 9960//2 9957//2 10031//2 10034//2
f 9967//3 9960//3 10034//3 10035//3
f 10035//6 10034//6 10031//6 10032//6
f 9962//1 10036//1 10033//1 9958//1
f 9962//3 9963//3 10037//3 10036//3
f 9963//3 9964//3 10038//3 10037//3
f 9966//2 9967//2 10035//2 10039//2
f 9971//3 9966//3 10039//3 10040//3
f 9968//1 10041//1 10038//1 9964//1
f 9969//2 9971//2 10040//2 10042//2
f 9968//3 9969//3 10042//3 10041//3
f 10041//6 10042//6 10040//6 10038//6
f 10020//1 10083//1 10084//1 10021//1
f 10024//2 10022//2 10085//2 10086//2
f 10021//4 10084//4 10085//4 10022//4
f 10083//6 10086//6 10085//6 10084//6
f 10028//1 10087//1 10088//1 10029//1
f 10029//4 10088//4 10083//4 10020//4
f 10024//4 10086//4 10089//4 10025//4
f 10032//2 10027//2 10090//2 10091//2
f 10025//4 10089//4 10090//4 10027//4
f 10092//6 10091//6 10090//6 10089//6
f 10093//1 10094//1 10095//1 10096//1
f 10093//3 10033//3 10097//3 10094//3
f 10096//4 10095//4 10087//4 10028//4
f 10093//5 10096//5 10028//5 10033//5
f 10094//6 10097//6 10087//6 10095//6
f 10035//2 10032//2 10091//2 10098//2
f 10099//6 10098//6 10091//6 10092//6
f 10036//1 10100//1 10097//1 10033//1
f 10036//3 10037//3 10101//3 10100//3
f 10038//3 10040//3 10102//3 10103//3
f 10039//2 10035//2 10098//2 10104//2
f 10040//3 10039//3 10104//3 10102//3
f 10102//6 10104//6 10098//6 10099//6
f 10105//1 10106//1 10101//1 10037//1
f 10041//2 10038//2 10103//2 10107//2
f 10105//3 10041//3 10107//3 10106//3
f 10105//5 10037//5 10038//5 10041//5
f 10106//6 10107//6 10103//6 10101//6
f 10087//1 10140//1 10141//1 10088//1
f 10088//4 10141//4 10142//4 10083//4
f 10092//2 10089//2 10144//2 10145//2
f 10086//4 10143//4 10144//4 10089//4
f 10100//1 10148//1 10146//1 10097//1
f 10100//3 10101//3 10149//3 10148//3
f 10102//2 10099//2 10147//2 10151//2
f 10103//3 10102//3 10151//3 10150//3
g glyph_120
f 69//1 70//1 71//1 72//1
f 73//2 74//2 75//2 76//2
f 69//3 73//3 76//3 70//3
f 72//4 71//4 75//4 74//4
f 69//5 72//5 74//5 73//5
f 125//1 126//1 127//1 128//1
f 128//4 127//4 129//4 130//4
f 125//5 128//5 130//5 131//5
f 130//4 129//4 132//4 133//4
f 131//5 130//5 133//5 134//5
f 135//2 136//2 137//2 138//2
f 133//4 132//4 137//4 136//4
f 134//5 133//5 136//5 135//5
f 139//1 140//1 141//1 142//1
f 142//4 141//4 126//4 125//4
f 139//5 142//5 125//5 143//5
f 143//5 125//5 131//5 144//5
f 144//5 131//5 134//5 145//5
f 145//5 134//5 135//5 146//5
f 147//2 148//2 149//2 150//2
f 135//4 138//4 149//4 148//4
f 146//5 135//5 148//5 147//5
f 151//1 152//1 153//1 154//1
f 154//4 153//4 140//4 139//4
f 151//5 154//5 139//5 155//5
f 155//5 139//5 143//5 156//5
f 156//5 143//5 144//5 71//5
f 71//5 144//5 145//5 75//5
f 75//5 145//5 146//5 157//5
f 157//5 146//5 147//5 158//5
f 159//2 160//2 161//2 162//2
f 147//4 150//4 161//4 160//4
f 158//5 147//5 160//5 159//5
f 163//1 164//1 152//1 151//1
f 163//5 151//5 155//5 165//5
f 165//5 155//5 156//5 166//5
f 166//5 156//5 71//5 70//5
f 76//5 75//5 157//5 167//5
f 167//5 157//5 158//5 168//5
f 169//2 159//2 162//2 170//2
f 168//5 158//5 159//5 169//5
f 171//1 172//1 173//1 174//1
f 171//3 175//3 176//3 172//3
f 174//4 173//4 164//4 163//4
f 171//5 174//5 163//5 175//5
f 175//5 163//5 165//5 177//5
f 177//5 165//5 166//5 178//5
f 178//5 166//5 70//5 179//5
f 179//5 70//5 76//5 180//5
f 180//5 76//5 167//5 181//5
f 181//5 167//5 168//5 182//5
f 183//2 169//2 170//2 184//2
f 182//3 183//3 184//3 185//3
f 182//5 168//5 169//5 183//5
f 186//1 187//1 176//1 175//1
f 186//3 188//3 189//3 187//3
f 186//5 175//5 177//5 188//5
f 188//5 177//5 178//5 190//5
f 190//5 178//5 179//5 191//5
f 191//5 179//5 180//5 192//5
f 192//5 180//5 181//5 193//5
f 194//2 182//2 185//2 195//2
f 193//3 194//3 195//3 196//3
f 193//5 181//5 182//5 194//5
f 197//1 198//1 189//1 188//1
f 197//3 199//3 200//3 198//3
f 197//5 188//5 190//5 199//5
f 199//3 201//3 202//3 200//3
f 199//5 190//5 191//5 201//5
f 201//3 203//3 204//3 202//3
f 201//5 191//5 192//5 203//5
f 205//2 193//2 196//2 206//2
f 203//3 205//3 206//3 204//3
f 203//5 192//5 193//5 205//5
f 263//1 264//1 265//1 266//1
f 267//2 268//2 269//2 270//2
f 263//3 267//3 270//3 264//3
f 266//4 265//4 269//4 268//4
f 263//5 266//5 268//5 267//5
f 271//1 272//1 273//1 274//1
f 274//4 273//4 275//4 276//4
f 271//5 274//5 276//5 127//5
f 276//4 275//4 277//4 278//4
f 127//5 276//5 278//5 129//5
f 278//4 277//4 279//4 280//4
f 129//5 278//5 280//5 132//5
f 280//4 279//4 281//4 282//4
f 132//5 280//5 282//5 137//5
f 283//2 284//2 285//2 286//2
f 282//4 281//4 285//4 284//4
f 137//5 282//5 284//5 283//5
f 287//1 288//1 289//1 290//1
f 290//4 289//4 272//4 271//4
f 287//5 290//5 271//5 141//5
f 141//5 271//5 127//5 126//5
f 138//5 137//5 283//5 149//5
f 291//2 292//2 293//2 294//2
f 283//4 286//4 293//4 292//4
f 149//5 283//5 292//5 291//5
f 295//1 296//1 297//1 298//1
f 298//4 297//4 288//4 287//4
f 295//5 298//5 287//5 153//5
f 153//5 287//5 141//5 140//5
f 150//5 149//5 291//5 161//5
f 299//2 300//2 301//2 302//2
f 291//4 294//4 301//4 300//4
f 161//5 291//5 300//5 299//5
f 303//1 304//1 305//1 306//1
f 306//4 305//4 296//4 295//4
f 303//5 306//5 295//5 307//5
f 307//5 295//5 153//5 152//5
f 308//2 299//2 302//2 309//2
f 162//5 161//5 299//5 308//5
f 310//1 311//1 312//1 313//1
f 313//4 312//4 304//4 303//4
f 310//5 313//5 303//5 314//5
f 314//5 303//5 307//5 173//5
f 173//5 307//5 152//5 164//5
f 315//2 308//2 309//2 316//2
f 170//5 162//5 308//5 315//5
f 317//1 318//1 311//1 310//1
f 317//5 310//5 314//5 319//5
f 319//5 314//5 173//5 172//5
f 320//2 315//2 316//2 321//2
f 184//5 170//5 315//5 320//5
f 322//1 323//1 324//1 325//1
f 325//4 324//4 318//4 317//4
f 322//5 325//5 317//5 326//5
f 326//5 317//5 319//5 327//5
f 327//5 319//5 172//5 328//5
f 328//5 172//5 176//5 187//5
f 195//5 185//5 184//5 329//5
f 330//2 320//2 321//2 331//2
f 329//3 330//3 331//3 332//3
f 329//5 184//5 320//5 330//5
f 333//1 334//1 323//1 322//1
f 333//3 335//3 336//3 334//3
f 333//5 322//5 326//5 335//5
f 335//5 326//5 327//5 337//5
f 337//5 327//5 328//5 338//5
f 338//5 328//5 187//5 339//5
f 339//5 187//5 189//5 198//5
f 206//5 196//5 195//5 340//5
f 341//2 329//2 332//2 342//2
f 340//3 341//3 342//3 343//3
f 340//5 195//5 329//5 341//5
f 344//1 345//1 336//1 335//1
f 344//3 346//3 347//3 345//3
f 344//5 335//5 337//5 346//5
f 346//3 348//3 349//3 347//3
f 346//5 337//5 338//5 348//5
f 348//3 350//3 351//3 349//3
f 348//5 338//5 339//5 350//5
f 350//3 352//3 353//3 351//3
f 350//5 339//5 198//5 352//5
f 352//3 354//3 355//3 353//3
f 352//5 198//5 200//5 354//5
f 354//3 356//3 357//3 355//3
f 354//5 200//5 202//5 356//5
f 356//3 358//3 359//3 357//3
f 356//5 202//5 204//5 358//5
f 358//3 360//3 361//3 359//3
f 358//5 204//5 206//5 360//5
f 362//2 340//2 343//2 363//2
f 360//3 362//3 363//3 361//3
f 360//5 206//5 340//5 362//5
f 428//1 429//1 430//1 431//1
f 431//4 430//4 432//4 433//4
f 428//5 431//5 433//5 434//5
f 433//4 432//4 435//4 436//4
f 434//5 433//5 436//5 437//5
f 438//2 439//2 440//2 441//2
f 436//4 435//4 440//4 439//4
f 437//5 436//5 439//5 438//5
f 442//1 443//1 444//1 445//1
f 445//4 444//4 429//4 428//4
f 442//5 445//5 428//5 446//5
f 446//5 428//5 434//5 447//5
f 447//5 434//5 437//5 448//5
f 448//5 437//5 438//5 449//5
f 450//2 451//2 452//2 453//2
f 438//4 441//4 452//4 451//4
f 449//5 438//5 451//5 450//5
f 454//1 455//1 456//1 457//1
f 457//4 456//4 443//4 442//4
f 454//5 457//5 442//5 458//5
f 458//5 442//5 446//5 459//5
f 459//5 446//5 447//5 460//5
f 460//5 447//5 448//5 461//5
f 461//5 448//5 449//5 462//5
f 462//5 449//5 450//5 463//5
f 464//2 465//2 466//2 467//2
f 450//4 453//4 466//4 465//4
f 463//5 450//5 465//5 464//5
f 468//1 469//1 455//1 454//1
f 468//5 454//5 458//5 470//5
f 470//5 458//5 459//5 471//5
f 471//5 459//5 460//5 472//5
f 472//5 460//5 461//5 473//5
f 473//5 461//5 462//5 474//5
f 474//5 462//5 463//5 475//5
f 476//2 464//2 467//2 477//2
f 475//5 463//5 464//5 476//5
f 478//1 479//1 469//1 468//1
f 478//5 468//5 470//5 480//5
f 480//5 470//5 471//5 481//5
f 481//5 471//5 472//5 482//5
f 482//5 472//5 473//5 483//5
f 483//5 473//5 474//5 484//5
f 484//5 474//5 475//5 485//5
f 486//2 476//2 477//2 487//2
f 485//5 475//5 476//5 486//5
f 488//1 489//1 479//1 478//1
f 488//5 478//5 480//5 490//5
f 490//5 480//5 481//5 491//5
f 491//5 481//5 482//5 265//5
f 265//5 482//5 483//5 269//5
f 269//5 483//5 484//5 492//5
f 492//5 484//5 485//5 493//5
f 494//2 486//2 487//2 495//2
f 493//5 485//5 486//5 494//5
f 496//1 497//1 498//1 499//1
f 499//4 498//4 500//4 501//4
f 496//5 499//5 501//5 502//5
f 503//2 504//2 505//2 506//2
f 501//4 500//4 505//4 504//4
f 502//5 501//5 504//5 503//5
f 507//1 508//1 489//1 488//1
f 507//5 488//5 490//5 509//5
f 509//5 490//5 491//5 510//5
f 510//5 491//5 265//5 264//5
f 270//5 269//5 492//5 511//5
f 511//5 492//5 493//5 512//5
f 513//2 494//2 495//2 514//2
f 512//5 493//5 494//5 513//5
f 275//1 515//1 516//1 517//1
f 517//4 516//4 518//4 519//4
f 275//5 517//5 519//5 277//5
f 519//4 518//4 497//4 496//4
f 277//5 519//5 496//5 279//5
f 279//5 496//5 502//5 281//5
f 281//5 502//5 503//5 285//5
f 503//4 506//4 520//4 521//4
f 285//5 503//5 521//5 522//5
f 523//2 524//2 525//2 526//2
f 521//4 520//4 525//4 524//4
f 522//5 521//5 524//5 523//5
f 527//1 528//1 508//1 507//1
f 527//5 507//5 509//5 529//5
f 529//5 509//5 510//5 530//5
f 530//5 510//5 264//5 531//5
f 531//5 264//5 270//5 532//5
f 532//5 270//5 511//5 533//5
f 533//5 511//5 512//5 534//5
f 535//2 513//2 514//2 536//2
f 534//5 512//5 513//5 535//5
f 289//1 537//1 538//1 539//1
f 539//4 538//4 540//4 273//4
f 289//5 539//5 273//5 272//5
f 273//4 540//4 515//4 275//4
f 286//5 285//5 522//5 293//5
f 541//2 523//2 526//2 542//2
f 293//5 522//5 523//5 541//5
f 543//1 544//1 528//1 527//1
f 543//5 527//5 529//5 545//5
f 545//5 529//5 530//5 546//5
f 546//5 530//5 531//5 547//5
f 547//5 531//5 532//5 548//5
f 548//5 532//5 533//5 549//5
f 549//5 533//5 534//5 550//5
f 551//2 535//2 536//2 552//2
f 550//5 534//5 535//5 551//5
f 297//1 553//1 554//1 555//1
f 555//4 554//4 537//4 289//4
f 297//5 555//5 289//5 288//5
f 294//5 293//5 541//5 301//5
f 556//2 557//2 558//2 559//2
f 541//4 542//4 558//4 557//4
f 301//5 541//5 557//5 556//5
f 560//1 561//1 544//1 543//1
f 560//5 543//5 545//5 562//5
f 562//5 545//5 546//5 563//5
f 563//5 546//5 547//5 564//5
f 564//5 547//5 548//5 565//5
f 565//5 548//5 549//5 566//5
f 566//5 549//5 550//5 567//5
f 568//2 551//2 552//2 569//2
f 567//5 550//5 551//5 568//5
f 305//1 570//1 571//1 572//1
f 572//4 571//4 553//4 297//4
f 305//5 572//5 297//5 296//5
f 573//2 556//2 559//2 574//2
f 302//5 301//5 556//5 573//5
f 575//1 576//1 561//1 560//1
f 575//3 577//3 578//3 576//3
f 575//5 560//5 562//5 577//5
f 577//5 562//5 563//5 579//5
f 579//5 563//5 564//5 580//5
f 580//5 564//5 565//5 581//5
f 581//5 565//5 566//5 582//5
f 582//5 566//5 567//5 583//5
f 584//2 568//2 569//2 585//2
f 583//3 584//3 585//3 586//3
f 583//5 567//5 568//5 584//5
f 312//1 587//1 588//1 589//1
f 589//4 588//4 570//4 305//4
f 312//5 589//5 305//5 304//5
f 590//2 573//2 574//2 591//2
f 309//5 302//5 573//5 590//5
f 592//1 593//1 578//1 577//1
f 592//3 594//3 595//3 593//3
f 592//5 577//5 579//5 594//5
f 594//5 579//5 580//5 596//5
f 596//5 580//5 581//5 597//5
f 597//5 581//5 582//5 598//5
f 599//2 583//2 586//2 600//2
f 598//3 599//3 600//3 601//3
f 598//5 582//5 583//5 599//5
f 602//1 603//1 604//1 605//1
f 605//4 604//4 587//4 312//4
f 602//5 605//5 312//5 311//5
f 606//2 590//2 591//2 607//2
f 316//5 309//5 590//5 606//5
f 608//1 609//1 595//1 594//1
f 608//3 610//3 611//3 609//3
f 608//5 594//5 596//5 610//5
f 610//3 612//3 613//3 611//3
f 610//5 596//5 597//5 612//5
f 614//2 598//2 601//2 615//2
f 612//3 614//3 615//3 613//3
f 612//5 597//5 598//5 614//5
f 616//1 617//1 618//1 619//1
f 619//4 618//4 603//4 602//4
f 616//5 619//5 602//5 324//5
f 324//5 602//5 311//5 318//5
f 620//2 606//2 607//2 621//2
f 321//3 620//3 621//3 622//3
f 321//5 316//5 606//5 620//5
f 623//1 624//1 625//1 626//1
f 626//4 625//4 617//4 616//4
f 623//5 626//5 616//5 627//5
f 627//5 616//5 324//5 323//5
f 331//2 321//2 622//2 628//2
f 629//1 630//1 631//1 632//1
f 632//4 631//4 624//4 623//4
f 629//5 632//5 623//5 633//5
f 633//5 623//5 627//5 634//5
f 634//5 627//5 323//5 334//5
f 635//2 331//2 628//2 636//2
f 342//3 635//3 636//3 637//3
f 342//5 332//5 331//5 635//5
f 638//1 639//1 630//1 629//1
f 638//5 629//5 633//5 640//5
f 640//5 633//5 634//5 641//5
f 641//5 634//5 334//5 642//5
f 642//5 334//5 336//5 345//5
f 361//3 363//3 643//3 644//3
f 645//2 342//2 637//2 646//2
f 363//3 645//3 646//3 643//3
f 363//5 343//5 342//5 645//5
f 647//1 648//1 639//1 638//1
f 647//3 649//3 650//3 648//3
f 647//5 638//5 640//5 649//5
f 649//5 640//5 641//5 651//5
f 651//5 641//5 642//5 652//5
f 652//5 642//5 345//5 653//5
f 653//5 345//5 347//5 654//5
f 654//5 347//5 349//5 655//5
f 655//5 349//5 351//5 656//5
f 656//3 657//3 658//3 659//3
f 656//5 351//5 353//5 657//5
f 657//3 660//3 661//3 658//3
f 657//5 353//5 355//5 660//5
f 660//3 662//3 663//3 661//3
f 660//5 355//5 357//5 662//5
f 662//3 664//3 665//3 663//3
f 662//5 357//5 359//5 664//5
f 666//2 361//2 644//2 667//2
f 664//3 666//3 667//3 665//3
f 664//5 359//5 361//5 666//5
f 668//1 669//1 650//1 649//1
f 668//3 670//3 671//3 669//3
f 668//5 649//5 651//5 670//5
f 670//3 672//3 673//3 671//3
f 670//5 651//5 652//5 672//5
f 672//3 674//3 675//3 673//3
f 672//5 652//5 653//5 674//5
f 674//3 676//3 677//3 675//3
f 674//5 653//5 654//5 676//5
f 676//3 678//3 679//3 677//3
f 676//5 654//5 655//5 678//5
f 680//2 656//2 659//2 681//2
f 678//3 680//3 681//3 679//3
f 678//5 655//5 656//5 680//5
f 746//1 747//1 748//1 749//1
f 750//2 751//2 752//2 753//2
f 749//4 748//4 752//4 751//4
f 746//5 749//5 751//5 750//5
f 754//1 755//1 756//1 757//1
f 757//4 756//4 758//4 759//4
f 754//5 757//5 759//5 760//5
f 759//4 758//4 747//4 746//4
f 760//5 759//5 746//5 761//5
f 761//5 746//5 750//5 762//5
f 750//4 753//4 763//4 764//4
f 762//5 750//5 764//5 765//5
f 766//2 767//2 768//2 769//2
f 764//4 763//4 768//4 767//4
f 765//5 764//5 767//5 766//5
f 770//1 771//1 772//1 773//1
f 773//4 772//4 755//4 754//4
f 770//5 773//5 754//5 774//5
f 774//5 754//5 760//5 430//5
f 430//5 760//5 761//5 432//5
f 432//5 761//5 762//5 435//5
f 435//5 762//5 765//5 440//5
f 440//5 765//5 766//5 775//5
f 776//2 777//2 778//2 779//2
f 766//4 769//4 778//4 777//4
f 775//5 766//5 777//5 776//5
f 780//1 781//1 782//1 783//1
f 783//4 782//4 771//4 770//4
f 780//5 783//5 770//5 784//5
f 784//5 770//5 774//5 444//5
f 444//5 774//5 430//5 429//5
f 441//5 440//5 775//5 452//5
f 452//5 775//5 776//5 785//5
f 786//2 787//2 788//2 789//2
f 776//4 779//4 788//4 787//4
f 785//5 776//5 787//5 786//5
f 790//1 791//1 781//1 780//1
f 790//5 780//5 784//5 456//5
f 456//5 784//5 444//5 443//5
f 453//5 452//5 785//5 466//5
f 792//2 786//2 789//2 793//2
f 466//5 785//5 786//5 792//5
f 794//1 795//1 791//1 790//1
f 794//5 790//5 456//5 455//5
f 796//2 792//2 793//2 797//2
f 467//5 466//5 792//5 796//5
f 798//1 799//1 800//1 801//1
f 801//4 800//4 795//4 794//4
f 798//5 801//5 794//5 802//5
f 802//5 794//5 455//5 469//5
f 477//5 467//5 796//5 803//5
f 804//2 805//2 806//2 807//2
f 796//4 797//4 806//4 805//4
f 803//5 796//5 805//5 804//5
f 808//1 809//1 799//1 798//1
f 808//5 798//5 802//5 810//5
f 810//5 802//5 469//5 479//5
f 487//5 477//5 803//5 811//5
f 812//2 804//2 807//2 813//2
f 811//5 803//5 804//5 812//5
f 814//1 815//1 816//1 817//1
f 817//4 816//4 818//4 819//4
f 814//5 817//5 819//5 498//5
f 819//4 818//4 820//4 821//4
f 498//5 819//5 821//5 500//5
f 821//4 820//4 822//4 823//4
f 500//5 821//5 823//5 505//5
f 823//4 822//4 824//4 825//4
f 505//5 823//5 825//5 826//5
f 827//2 828//2 829//2 830//2
f 825//4 824//4 829//4 828//4
f 826//5 825//5 828//5 827//5
f 831//1 832//1 809//1 808//1
f 831//5 808//5 810//5 833//5
f 833//5 810//5 479//5 489//5
f 495//5 487//5 811//5 834//5
f 835//2 812//2 813//2 836//2
f 834//5 811//5 812//5 835//5
f 516//1 837//1 838//1 839//1
f 839//4 838//4 815//4 814//4
f 516//5 839//5 814//5 518//5
f 518//5 814//5 498//5 497//5
f 506//5 505//5 826//5 520//5
f 520//5 826//5 827//5 525//5
f 840//2 841//2 842//2 843//2
f 827//4 830//4 842//4 841//4
f 525//5 827//5 841//5 840//5
f 844//1 845//1 832//1 831//1
f 844//5 831//5 833//5 846//5
f 846//5 833//5 489//5 508//5
f 514//5 495//5 834//5 847//5
f 848//2 835//2 836//2 849//2
f 847//5 834//5 835//5 848//5
f 538//1 850//1 851//1 852//1
f 852//4 851//4 853//4 854//4
f 538//5 852//5 854//5 540//5
f 854//4 853//4 837//4 516//4
f 540//5 854//5 516//5 515//5
f 855//2 840//2 843//2 856//2
f 526//5 525//5 840//5 855//5
f 857//1 858//1 845//1 844//1
f 857//5 844//5 846//5 859//5
f 859//5 846//5 508//5 528//5
f 536//5 514//5 847//5 860//5
f 861//2 848//2 849//2 862//2
f 860//5 847//5 848//5 861//5
f 554//1 863//1 864//1 865//1
f 865//4 864//4 850//4 538//4
f 554//5 865//5 538//5 537//5
f 542//5 526//5 855//5 558//5
f 866//2 867//2 868//2 869//2
f 855//4 856//4 868//4 867//4
f 558//5 855//5 867//5 866//5
f 870//1 871//1 858//1 857//1
f 870//5 857//5 859//5 872//5
f 872//5 859//5 528//5 544//5
f 552//5 536//5 860//5 873//5
f 874//2 861//2 862//2 875//2
f 873//5 860//5 861//5 874//5
f 571//1 876//1 877//1 878//1
f 878//4 877//4 863//4 554//4
f 571//5 878//5 554//5 553//5
f 879//2 866//2 869//2 880//2
f 559//5 558//5 866//5 879//5
f 881//1 882//1 871//1 870//1
f 881//3 883//3 884//3 882//3
f 881//5 870//5 872//5 883//5
f 883//5 872//5 544//5 561//5
f 569//5 552//5 873//5 885//5
f 886//2 874//2 875//2 887//2
f 885//3 886//3 887//3 888//3
f 885//5 873//5 874//5 886//5
f 588//1 889//1 890//1 891//1
f 891//4 890//4 876//4 571//4
f 588//5 891//5 571//5 570//5
f 892//2 879//2 880//2 893//2
f 574//5 559//5 879//5 892//5
f 894//1 895//1 884//1 883//1
f 894//5 883//5 561//5 576//5
f 896//2 885//2 888//2 897//2
f 585//5 569//5 885//5 896//5
f 604//1 898//1 899//1 900//1
f 900//4 899//4 889//4 588//4
f 604//5 900//5 588//5 587//5
f 901//2 892//2 893//2 902//2
f 591//3 901//3 902//3 903//3
f 591//5 574//5 892//5 901//5
f 904//1 905//1 895//1 894//1
f 904//5 894//5 576//5 906//5
f 906//5 576//5 578//5 593//5
f 600//5 586//5 585//5 907//5
f 908//2 896//2 897//2 909//2
f 907//5 585//5 896//5 908//5
f 910//1 911//1 912//1 913//1
f 913//4 912//4 914//4 915//4
f 910//5 913//5 915//5 618//5
f 915//4 914//4 898//4 604//4
f 618//5 915//5 604//5 603//5
f 607//2 591//2 903//2 916//2
f 917//1 918//1 905//1 904//1
f 917//3 919//3 920//3 918//3
f 917//5 904//5 906//5 919//5
f 919//5 906//5 593//5 921//5
f 921//5 593//5 595//5 609//5
f 615//5 601//5 600//5 922//5
f 922//5 600//5 907//5 923//5
f 924//2 908//2 909//2 925//2
f 923//3 924//3 925//3 926//3
f 923//5 907//5 908//5 924//5
f 927//1 928//1 929//1 930//1
f 930//4 929//4 911//4 910//4
f 927//5 930//5 910//5 625//5
f 625//5 910//5 618//5 617//5
f 621//2 607//2 916//2 931//2
f 932//1 933//1 920//1 919//1
f 932//3 934//3 935//3 933//3
f 932//5 919//5 921//5 934//5
f 934//5 921//5 609//5 936//5
f 936//5 609//5 611//5 937//5
f 937//5 611//5 613//5 938//5
f 938//5 613//5 615//5 939//5
f 939//5 615//5 922//5 940//5
f 941//2 923//2 926//2 942//2
f 940//3 941//3 942//3 943//3
f 940//5 922//5 923//5 941//5
f 944//1 945//1 946//1 947//1
f 947//4 946//4 928//4 927//4
f 944//5 947//5 927//5 631//5
f 631//5 927//5 625//5 624//5
f 948//2 621//2 931//2 949//2
f 628//3 948//3 949//3 950//3
f 628//5 622//5 621//5 948//5
f 951//1 952//1 935//1 934//1
f 951//3 953//3 954//3 952//3
f 951//5 934//5 936//5 953//5
f 953//3 955//3 956//3 954//3
f 953//5 936//5 937//5 955//5
f 955//5 937//5 938//5 957//5
f 957//3 958//3 959//3 960//3
f 957//5 938//5 939//5 958//5
f 961//2 940//2 943//2 962//2
f 958//3 961//3 962//3 959//3
f 958//5 939//5 940//5 961//5
f 963//1 964//1 965//1 966//1
f 966//4 965//4 945//4 944//4
f 963//5 966//5 944//5 967//5
f 967//5 944//5 631//5 630//5
f 636//2 628//2 950//2 968//2
f 969//1 970//1 956//1 955//1
f 971//2 957//2 960//2 972//2
f 969//3 971//3 972//3 970//3
f 969//5 955//5 957//5 971//5
f 973//1 974//1 964//1 963//1
f 973//5 963//5 967//5 975//5
f 975//5 967//5 630//5 639//5
f 643//3 646//3 976//3 977//3
f 978//2 636//2 968//2 979//2
f 646//3 978//3 979//3 976//3
f 646//5 637//5 636//5 978//5
f 980//1 981//1 982//1 983//1
f 980//3 984//3 985//3 981//3
f 983//4 982//4 974//4 973//4
f 980//5 983//5 973//5 984//5
f 984//5 973//5 975//5 986//5
f 986//5 975//5 639//5 648//5
f 663//3 665//3 987//3 988//3
f 665//3 667//3 989//3 987//3
f 990//2 643//2 977//2 991//2
f 667//3 990//3 991//3 989//3
f 667//5 644//5 643//5 990//5
f 992//1 993//1 985//1 984//1
f 992//5 984//5 986//5 994//5
f 994//5 986//5 648//5 995//5
f 995//5 648//5 650//5 669//5
f 679//3 681//3 996//3 997//3
f 681//3 998//3 999//3 996//3
f 681//5 659//5 658//5 998//5
f 998//3 1000//3 1001//3 999//3
f 998//5 658//5 661//5 1000//5
f 1002//2 663//2 988//2 1003//2
f 1000//3 1002//3 1003//3 1001//3
f 1000//5 661//5 663//5 1002//5
f 1004//1 1005//1 1006//1 1007//1
f 1008//2 1009//2 1010//2 1011//2
f 1004//3 1008//3 1011//3 1005//3
f 1007//4 1006//4 1010//4 1009//4
f 1004//5 1007//5 1009//5 1008//5
f 1012//1 1013//1 993//1 992//1
f 1012//3 1014//3 1015//3 1013//3
f 1012//5 992//5 994//5 1014//5
f 1014//3 1016//3 1017//3 1015//3
f 1014//5 994//5 995//5 1016//5
f 1016//5 995//5 669//5 1018//5
f 1018//3 1019//3 1020//3 1021//3
f 1018//5 669//5 671//5 1019//5
f 1019//3 1022//3 1023//3 1020//3
f 1019//5 671//5 673//5 1022//5
f 1022//3 1024//3 1025//3 1023//3
f 1022//5 673//5 675//5 1024//5
f 1024//3 1026//3 1027//3 1025//3
f 1024//5 675//5 677//5 1026//5
f 1028//2 679//2 997//2 1029//2
f 1026//3 1028//3 1029//3 1027//3
f 1026//5 677//5 679//5 1028//5
f 1030//1 1031//1 1017//1 1016//1
f 1032//2 1018//2 1021//2 1033//2
f 1030//3 1032//3 1033//3 1031//3
f 1030//5 1016//5 1018//5 1032//5
f 1110//1 1111//1 1112//1 1113//1
f 1113//4 1112//4 1114//4 1115//4
f 1110//5 1113//5 1115//5 1116//5
f 1115//4 1114//4 1117//4 1118//4
f 1116//5 1115//5 1118//5 748//5
f 1118//4 1117//4 1119//4 1120//4
f 748//5 1118//5 1120//5 752//5
f 1120//4 1119//4 1121//4 1122//4
f 752//5 1120//5 1122//5 1123//5
f 1124//2 1125//2 1126//2 1127//2
f 1122//4 1121//4 1126//4 1125//4
f 1123//5 1122//5 1125//5 1124//5
f 1128//1 1129//1 1130//1 1131//1
f 1131//4 1130//4 1111//4 1110//4
f 1128//5 1131//5 1110//5 756//5
f 756//5 1110//5 1116//5 758//5
f 758//5 1116//5 748//5 747//5
f 753//5 752//5 1123//5 763//5
f 763//5 1123//5 1124//5 768//5
f 1132//2 1133//2 1134//2 1135//2
f 1124//4 1127//4 1134//4 1133//4
f 768//5 1124//5 1133//5 1132//5
f 1136//1 1137//1 1138//1 1139//1
f 1139//4 1138//4 1129//4 1128//4
f 1136//5 1139//5 1128//5 772//5
f 772//5 1128//5 756//5 755//5
f 769//5 768//5 1132//5 778//5
f 1140//2 1141//2 1142//2 1143//2
f 1132//4 1135//4 1142//4 1141//4
f 778//5 1132//5 1141//5 1140//5
f 782//1 1144//1 1137//1 1136//1
f 782//5 1136//5 772//5 771//5
f 788//2 1140//2 1143//2 1145//2
f 779//5 778//5 1140//5 788//5
f 1146//1 1147//1 1148//1 1149//1
f 1149//4 1148//4 1144//4 782//4
f 1146//5 1149//5 782//5 781//5
f 1150//2 1151//2 1152//2 1153//2
f 788//4 1145//4 1152//4 1151//4
f 789//5 788//5 1151//5 1150//5
f 1154//1 1155//1 1147//1 1146//1
f 1154//5 1146//5 781//5 791//5
f 1156//2 1150//2 1153//2 1157//2
f 793//5 789//5 1150//5 1156//5
f 800//1 1158//1 1155//1 1154//1
f 800//5 1154//5 791//5 795//5
f 806//2 1156//2 1157//2 1159//2
f 797//5 793//5 1156//5 806//5
f 1160//1 1161//1 1162//1 1163//1
f 1163//4 1162//4 1164//4 1165//4
f 1160//5 1163//5 1165//5 1166//5
f 1165//4 1164//4 1167//4 1168//4
f 1166//5 1165//5 1168//5 1169//5
f 1170//2 1171//2 1172//2 1173//2
f 1168//4 1167//4 1172//4 1171//4
f 1169//5 1168//5 1171//5 1170//5
f 1174//1 1175//1 1176//1 1177//1
f 1177//4 1176//4 1158//4 800//4
f 1174//5 1177//5 800//5 799//5
f 1178//2 1179//2 1180//2 1181//2
f 806//4 1159//4 1180//4 1179//4
f 807//5 806//5 1179//5 1178//5
f 816//1 1182//1 1183//1 1184//1
f 1184//4 1183//4 1185//4 1186//4
f 816//5 1184//5 1186//5 818//5
f 1186//4 1185//4 1161//4 1160//4
f 818//5 1186//5 1160//5 820//5
f 820//5 1160//5 1166//5 822//5
f 822//5 1166//5 1169//5 824//5
f 824//5 1169//5 1170//5 829//5
f 1170//4 1173//4 1187//4 1188//4
f 829//5 1170//5 1188//5 1189//5
f 1190//2 1191//2 1192//2 1193//2
f 1188//4 1187//4 1192//4 1191//4
f 1189//5 1188//5 1191//5 1190//5
f 1194//1 1195//1 1175//1 1174//1
f 1194//5 1174//5 799//5 809//5
f 1196//2 1178//2 1181//2 1197//2
f 813//5 807//5 1178//5 1196//5
f 838//1 1198//1 1199//1 1200//1
f 1200//4 1199//4 1182//4 816//4
f 838//5 1200//5 816//5 815//5
f 830//5 829//5 1189//5 842//5
f 1201//2 1190//2 1193//2 1202//2
f 842//5 1189//5 1190//5 1201//5
f 1203//1 1204//1 1195//1 1194//1
f 1203//5 1194//5 809//5 832//5
f 1205//2 1196//2 1197//2 1206//2
f 836//5 813//5 1196//5 1205//5
f 853//1 1207//1 1208//1 1209//1
f 1209//4 1208//4 1198//4 838//4
f 853//5 1209//5 838//5 837//5
f 843//5 842//5 1201//5 1210//5
f 1211//2 1212//2 1213//2 1214//2
f 1201//4 1202//4 1213//4 1212//4
f 1210//5 1201//5 1212//5 1211//5
f 1215//1 1216//1 1204//1 1203//1
f 1215//5 1203//5 832//5 845//5
f 1217//2 1205//2 1206//2 1218//2
f 849//5 836//5 1205//5 1217//5
f 850//1 1219//1 1220//1 851//1
f 851//4 1220//4 1207//4 853//4
f 856//5 843//5 1210//5 868//5
f 1221//2 1211//2 1214//2 1222//2
f 868//5 1210//5 1211//5 1221//5
f 1223//1 1224//1 1216//1 1215//1
f 1223//5 1215//5 845//5 858//5
f 1225//2 1217//2 1218//2 1226//2
f 862//5 849//5 1217//5 1225//5
f 863//1 1227//1 1228//1 864//1
f 864//4 1228//4 1219//4 850//4
f 1229//2 1221//2 1222//2 1230//2
f 869//5 868//5 1221//5 1229//5
f 1231//1 1232//1 1224//1 1223//1
f 1231//5 1223//5 858//5 871//5
f 1233//2 1225//2 1226//2 1234//2
f 875//5 862//5 1225//5 1233//5
f 890//1 1235//1 1236//1 1237//1
f 1237//4 1236//4 1238//4 877//4
f 890//5 1237//5 877//5 876//5
f 877//4 1238//4 1227//4 863//4
f 1239//2 1229//2 1230//2 1240//2
f 880//3 1239//3 1240//3 1241//3
f 880//5 869//5 1229//5 1239//5
f 1242//1 1243//1 1232//1 1231//1
f 1242//3 882//3 1244//3 1243//3
f 1242//5 1231//5 871//5 882//5
f 1245//2 1233//2 1234//2 1246//2
f 887//3 1245//3 1246//3 1247//3
f 887//5 875//5 1233//5 1245//5
f 899//1 1248//1 1249//1 1250//1
f 1250//4 1249//4 1235//4 890//4
f 899//5 1250//5 890//5 889//5
f 893//2 880//2 1241//2 1251//2
f 1252//1 1253//1 1244//1 882//1
f 1252//5 882//5 884//5 895//5
f 1254//2 887//2 1247//2 1255//2
f 897//5 888//5 887//5 1254//5
f 914//1 1256//1 1257//1 1258//1
f 1258//4 1257//4 1248//4 899//4
f 914//5 1258//5 899//5 898//5
f 902//2 893//2 1251//2 1259//2
f 1260//1 1261//1 1253//1 1252//1
f 1260//5 1252//5 895//5 905//5
f 1262//2 1254//2 1255//2 1263//2
f 909//5 897//5 1254//5 1262//5
f 929//1 1264//1 1265//1 1266//1
f 1266//4 1265//4 1267//4 912//4
f 929//5 1266//5 912//5 911//5
f 912//4 1267//4 1256//4 914//4
f 1268//2 902//2 1259//2 1269//2
f 916//5 903//5 902//5 1268//5
f 1270//1 1271//1 1261//1 1260//1
f 1270//3 918//3 1272//3 1271//3
f 1270//5 1260//5 905//5 918//5
f 925//5 909//5 1262//5 946//5
f 1262//4 1263//4 1264//4 929//4
f 946//5 1262//5 929//5 928//5
f 1273//2 1268//2 1269//2 1274//2
f 931//3 1273//3 1274//3 1275//3
f 931//5 916//5 1268//5 1273//5
f 1276//1 1277//1 1272//1 918//1
f 1276//5 918//5 920//5 933//5
f 942//5 926//5 925//5 965//5
f 965//5 925//5 946//5 945//5
f 949//2 931//2 1275//2 1278//2
f 1279//1 1280//1 1277//1 1276//1
f 1279//3 1281//3 1282//3 1280//3
f 1279//5 1276//5 933//5 1281//5
f 1281//5 933//5 935//5 952//5
f 962//5 943//5 942//5 1283//5
f 1283//5 942//5 965//5 964//5
f 1284//2 949//2 1278//2 1285//2
f 968//3 1284//3 1285//3 1286//3
f 968//5 950//5 949//5 1284//5
f 1287//1 1288//1 1282//1 1281//1
f 1287//3 1289//3 1290//3 1288//3
f 1287//5 1281//5 952//5 1289//5
f 1289//5 952//5 954//5 1291//5
f 1291//5 954//5 956//5 970//5
f 972//5 960//5 959//5 1292//5
f 1292//5 959//5 962//5 1293//5
f 1293//5 962//5 1283//5 982//5
f 982//5 1283//5 964//5 974//5
f 979//2 968//2 1286//2 1294//2
f 976//3 979//3 1294//3 1295//3
f 1296//1 1297//1 1298//1 1299//1
f 1299//4 1298//4 1300//4 1301//4
f 1296//5 1299//5 1301//5 1302//5
f 1301//4 1300//4 1303//4 1304//4
f 1302//5 1301//5 1304//5 1305//5
f 1306//2 1287//2 1288//2 1307//2
f 1304//4 1303//4 1288//4 1287//4
f 1305//5 1304//5 1287//5 1306//5
f 1308//1 1309//1 1290//1 1289//1
f 1308//3 1310//3 1311//3 1309//3
f 1308//5 1289//5 1291//5 1310//5
f 1310//3 1312//3 1313//3 1311//3
f 1310//5 1291//5 970//5 1312//5
f 1312//3 1314//3 1315//3 1313//3
f 1312//5 970//5 972//5 1314//5
f 1314//3 1316//3 1317//3 1315//3
f 1314//5 972//5 1292//5 1316//5
f 1316//3 1318//3 1319//3 1317//3
f 1316//5 1292//5 1293//5 1318//5
f 1318//3 981//3 1320//3 1319//3
f 1318//5 1293//5 982//5 981//5
f 987//3 989//3 1321//3 1322//3
f 989//3 991//3 1323//3 1321//3
f 1324//2 976//2 1295//2 1325//2
f 991//3 1324//3 1325//3 1323//3
f 991//5 977//5 976//5 1324//5
f 1326//1 1327//1 1328//1 1329//1
f 1329//4 1328//4 1297//4 1296//4
f 1326//5 1329//5 1296//5 1330//5
f 1330//5 1296//5 1302//5 1006//5
f 1006//5 1302//5 1305//5 1010//5
f 1010//5 1305//5 1306//5 1331//5
f 1332//2 1308//2 1309//2 1333//2
f 1306//4 1307//4 1309//4 1308//4
f 1331//5 1306//5 1308//5 1332//5
f 1334//1 1335//1 1320//1 981//1
f 1334//5 981//5 985//5 993//5
f 999//3 1001//3 1336//3 1337//3
f 1001//3 1003//3 1338//3 1336//3
f 1339//2 987//2 1322//2 1340//2
f 1003//3 1339//3 1340//3 1338//3
f 1003//5 988//5 987//5 1339//5
f 1341//1 1342//1 1343//1 1344//1
f 1341//3 1345//3 1346//3 1342//3
f 1344//4 1343//4 1327//4 1326//4
f 1341//5 1344//5 1326//5 1345//5
f 1345//5 1326//5 1330//5 1347//5
f 1347//5 1330//5 1006//5 1005//5
f 1011//5 1010//5 1331//5 1348//5
f 1348//5 1331//5 1332//5 1349//5
f 1350//2 1351//2 1352//2 1353//2
f 1349//3 1350//3 1353//3 1354//3
f 1332//4 1333//4 1352//4 1351//4
f 1349//5 1332//5 1351//5 1350//5
f 1355//1 1356//1 1335//1 1334//1
f 1355//5 1334//5 993//5 1013//5
f 1027//3 1029//3 1357//3 1358//3
f 1029//3 1359//3 1360//3 1357//3
f 1029//5 997//5 996//5 1359//5
f 1361//2 999//2 1337//2 1362//2
f 1359//3 1361//3 1362//3 1360//3
f 1359//5 996//5 999//5 1361//5
f 1363//1 1364//1 1346//1 1345//1
f 1363//3 1365//3 1366//3 1364//3
f 1363//5 1345//5 1347//5 1365//5
f 1365//5 1347//5 1005//5 1367//5
f 1367//5 1005//5 1011//5 1368//5
f 1368//5 1011//5 1348//5 1369//5
f 1370//2 1349//2 1354//2 1371//2
f 1369//3 1370//3 1371//3 1372//3
f 1369//5 1348//5 1349//5 1370//5
f 1373//1 1374//1 1356//1 1355//1
f 1373//3 1375//3 1376//3 1374//3
f 1373//5 1355//5 1013//5 1375//5
f 1375//5 1013//5 1015//5 1377//5
f 1377//5 1015//5 1017//5 1031//5
f 1033//3 1378//3 1379//3 1380//3
f 1033//5 1021//5 1020//5 1378//5
f 1378//3 1381//3 1382//3 1379//3
f 1378//5 1020//5 1023//5 1381//5
f 1381//3 1383//3 1384//3 1382//3
f 1381//5 1023//5 1025//5 1383//5
f 1385//2 1027//2 1358//2 1386//2
f 1383//3 1385//3 1386//3 1384//3
f 1383//5 1025//5 1027//5 1385//5
f 1387//1 1388//1 1366//1 1365//1
f 1387//3 1389//3 1390//3 1388//3
f 1387//5 1365//5 1367//5 1389//5
f 1389//3 1391//3 1392//3 1390//3
f 1389//5 1367//5 1368//5 1391//5
f 1393//2 1369//2 1372//2 1394//2
f 1391//3 1393//3 1394//3 1392//3
f 1391//5 1368//5 1369//5 1393//5
f 1395//1 1396//1 1376//1 1375//1
f 1395//3 1397//3 1398//3 1396//3
f 1395//5 1375//5 1377//5 1397//5
f 1397//3 1399//3 1400//3 1398//3
f 1397//5 1377//5 1031//5 1399//5
f 1401//2 1033//2 1380//2 1402//2
f 1399//3 1401//3 1402//3 1400//3
f 1399//5 1031//5 1033//5 1401//5
f 1471//1 1472//1 1473//1 1474//1
f 1475//2 1476//2 1477//2 1478//2
f 1474//4 1473//4 1477//4 1476//4
f 1471//5 1474//5 1476//5 1475//5
f 1112//1 1479//1 1480//1 1481//1
f 1481//4 1480//4 1482//4 1483//4
f 1112//5 1481//5 1483//5 1114//5
f 1483//4 1482//4 1472//4 1471//4
f 1114//5 1483//5 1471//5 1117//5
f 1117//5 1471//5 1475//5 1119//5
f 1475//4 1478//4 1484//4 1485//4
f 1119//5 1475//5 1485//5 1121//5
f 1126//2 1486//2 1487//2 1488//2
f 1485//4 1484//4 1487//4 1486//4
f 1121//5 1485//5 1486//5 1126//5
f 1130//1 1489//1 1490//1 1491//1
f 1491//4 1490//4 1479//4 1112//4
f 1130//5 1491//5 1112//5 1111//5
f 1134//2 1492//2 1493//2 1494//2
f 1126//4 1488//4 1493//4 1492//4
f 1127//5 1126//5 1492//5 1134//5
f 1138//1 1495//1 1496//1 1497//1
f 1497//4 1496//4 1489//4 1130//4
f 1138//5 1497//5 1130//5 1129//5
f 1142//2 1498//2 1499//2 1500//2
f 1134//4 1494//4 1499//4 1498//4
f 1135//5 1134//5 1498//5 1142//5
f 1501//1 1502//1 1503//1 1504//1
f 1504//4 1503//4 1495//4 1138//4
f 1501//5 1504//5 1138//5 1137//5
f 1505//2 1506//2 1507//2 1508//2
f 1142//4 1500//4 1507//4 1506//4
f 1143//5 1142//5 1506//5 1505//5
f 1148//1 1509//1 1502//1 1501//1
f 1148//5 1501//5 1137//5 1144//5
f 1152//2 1505//2 1508//2 1510//2
f 1145//5 1143//5 1505//5 1152//5
f 1511//1 1512//1 1513//1 1514//1
f 1514//4 1513//4 1509//4 1148//4
f 1511//5 1514//5 1148//5 1147//5
f 1515//2 1516//2 1517//2 1518//2
f 1152//4 1510//4 1517//4 1516//4
f 1153//5 1152//5 1516//5 1515//5
f 1519//1 1520//1 1512//1 1511//1
f 1519//5 1511//5 1147//5 1155//5
f 1521//2 1515//2 1518//2 1522//2
f 1157//5 1153//5 1515//5 1521//5
f 1162//1 1523//1 1524//1 1525//1
f 1525//4 1524//4 1526//4 1527//4
f 1162//5 1525//5 1527//5 1164//5
f 1527//4 1526//4 1528//4 1529//4
f 1164//5 1527//5 1529//5 1167//5
f 1529//4 1528//4 1530//4 1531//4
f 1167//5 1529//5 1531//5 1172//5
f 1531//4 1530//4 1532//4 1533//4
f 1172//5 1531//5 1533//5 1534//5
f 1535//2 1536//2 1537//2 1538//2
f 1533//4 1532//4 1537//4 1536//4
f 1534//5 1533//5 1536//5 1535//5
f 1176//1 1539//1 1520//1 1519//1
f 1176//5 1519//5 1155//5 1158//5
f 1180//2 1521//2 1522//2 1540//2
f 1159//5 1157//5 1521//5 1180//5
f 1183//1 1541//1 1542//1 1543//1
f 1543//4 1542//4 1544//4 1545//4
f 1183//5 1543//5 1545//5 1185//5
f 1545//4 1544//4 1523//4 1162//4
f 1185//5 1545//5 1162//5 1161//5
f 1173//5 1172//5 1534//5 1187//5
f 1187//5 1534//5 1535//5 1192//5
f 1546//2 1547//2 1548//2 1549//2
f 1535//4 1538//4 1548//4 1547//4
f 1192//5 1535//5 1547//5 1546//5
f 1175//1 1550//1 1539//1 1176//1
f 1181//2 1180//2 1540//2 1551//2
f 1199//1 1552//1 1553//1 1554//1
f 1554//4 1553//4 1541//4 1183//4
f 1199//5 1554//5 1183//5 1182//5
f 1555//2 1546//2 1549//2 1556//2
f 1193//5 1192//5 1546//5 1555//5
f 1557//1 1558//1 1559//1 1560//1
f 1560//4 1559//4 1550//4 1175//4
f 1557//5 1560//5 1175//5 1195//5
f 1561//2 1562//2 1563//2 1564//2
f 1181//4 1551//4 1563//4 1562//4
f 1197//5 1181//5 1562//5 1561//5
f 1208//1 1565//1 1566//1 1567//1
f 1567//4 1566//4 1552//4 1199//4
f 1208//5 1567//5 1199//5 1198//5
f 1202//5 1193//5 1555//5 1213//5
f 1568//2 1569//2 1570//2 1571//2
f 1555//4 1556//4 1570//4 1569//4
f 1213//5 1555//5 1569//5 1568//5
f 1572//1 1573//1 1558//1 1557//1
f 1572//5 1557//5 1195//5 1204//5
f 1574//2 1561//2 1564//2 1575//2
f 1206//5 1197//5 1561//5 1574//5
f 1220//1 1576//1 1577//1 1578//1
f 1578//4 1577//4 1565//4 1208//4
f 1220//5 1578//5 1208//5 1207//5
f 1579//2 1568//2 1571//2 1580//2
f 1214//5 1213//5 1568//5 1579//5
f 1581//1 1582//1 1573//1 1572//1
f 1581//5 1572//5 1204//5 1216//5
f 1583//2 1574//2 1575//2 1584//2
f 1218//5 1206//5 1574//5 1583//5
f 1219//1 1585//1 1576//1 1220//1
f 1586//2 1579//2 1580//2 1587//2
f 1222//5 1214//5 1579//5 1586//5
f 1588//1 1589//1 1582//1 1581//1
f 1588//5 1581//5 1216//5 1224//5
f 1590//2 1583//2 1584//2 1591//2
f 1226//5 1218//5 1583//5 1590//5
f 1227//1 1592//1 1593//1 1228//1
f 1228//4 1593//4 1585//4 1219//4
f 1594//2 1586//2 1587//2 1595//2
f 1230//3 1594//3 1595//3 1596//3
f 1230//5 1222//5 1586//5 1594//5
f 1597//1 1598//1 1589//1 1588//1
f 1597//3 1232//3 1599//3 1598//3
f 1597//5 1588//5 1224//5 1232//5
f 1600//2 1590//2 1591//2 1601//2
f 1234//3 1600//3 1601//3 1602//3
f 1234//5 1226//5 1590//5 1600//5
f 1235//1 1603//1 1604//1 1236//1
f 1236//4 1604//4 1605//4 1238//4
f 1238//4 1605//4 1592//4 1227//4
f 1240//2 1230//2 1596//2 1606//2
f 1243//1 1607//1 1599//1 1232//1
f 1246//2 1234//2 1602//2 1608//2
f 1248//1 1609//1 1610//1 1249//1
f 1249//4 1610//4 1603//4 1235//4
f 1611//2 1240//2 1606//2 1612//2
f 1251//5 1241//5 1240//5 1611//5
f 1613//1 1614//1 1607//1 1243//1
f 1613//5 1243//5 1244//5 1253//5
f 1265//2 1246//2 1608//2 1615//2
f 1255//5 1247//5 1246//5 1265//5
f 1267//1 1616//1 1617//1 1618//1
f 1618//4 1617//4 1619//4 1257//4
f 1267//5 1618//5 1257//5 1256//5
f 1257//4 1619//4 1609//4 1248//4
f 1620//2 1611//2 1612//2 1621//2
f 1259//3 1620//3 1621//3 1622//3
f 1259//5 1251//5 1611//5 1620//5
f 1623//1 1624//1 1614//1 1613//1
f 1623//5 1613//5 1253//5 1261//5
f 1263//5 1255//5 1265//5 1264//5
f 1265//4 1615//4 1616//4 1267//4
f 1269//2 1259//2 1622//2 1625//2
f 1626//1 1627//1 1624//1 1623//1
f 1626//3 1271//3 1628//3 1627//3
f 1626//5 1623//5 1261//5 1271//5
f 1274//2 1269//2 1625//2 1629//2
f 1275//3 1274//3 1629//3 1630//3
f 1631//1 1632//1 1628//1 1271//1
f 1631//5 1271//5 1272//5 1277//5
f 1278//2 1275//2 1630//2 1633//2
f 1634//1 1635//1 1632//1 1631//1
f 1634//5 1631//5 1277//5 1280//5
f 1285//2 1278//2 1633//2 1636//2
f 1286//3 1285//3 1636//3 1637//3
f 1638//1 1639//1 1640//1 1641//1
f 1641//4 1640//4 1642//4 1643//4
f 1638//5 1641//5 1643//5 1298//5
f 1643//4 1642//4 1635//4 1634//4
f 1298//5 1643//5 1634//5 1300//5
f 1300//5 1634//5 1280//5 1303//5
f 1303//5 1280//5 1282//5 1288//5
f 1294//2 1286//2 1637//2 1644//2
f 1295//3 1294//3 1644//3 1645//3
f 1646//1 1647//1 1648//1 1649//1
f 1649//4 1648//4 1639//4 1638//4
f 1646//5 1649//5 1638//5 1328//5
f 1328//5 1638//5 1298//5 1297//5
f 1307//5 1288//5 1290//5 1309//5
f 1321//3 1323//3 1650//3 1651//3
f 1325//2 1295//2 1645//2 1652//2
f 1323//3 1325//3 1652//3 1650//3
f 1653//1 1654//1 1655//1 1656//1
f 1656//4 1655//4 1647//4 1646//4
f 1653//5 1656//5 1646//5 1343//5
f 1343//5 1646//5 1328//5 1327//5
f 1333//5 1309//5 1311//5 1352//5
f 1352//5 1311//5 1313//5 1657//5
f 1657//5 1313//5 1315//5 1658//5
f 1658//3 1659//3 1660//3 1661//3
f 1658//5 1315//5 1317//5 1659//5
f 1659//3 1662//3 1663//3 1660//3
f 1659//5 1317//5 1319//5 1662//5
f 1662//5 1319//5 1320//5 1335//5
f 1336//3 1338//3 1664//3 1665//3
f 1338//3 1340//3 1666//3 1664//3
f 1667//2 1321//2 1651//2 1668//2
f 1340//3 1667//3 1668//3 1666//3
f 1340//5 1322//5 1321//5 1667//5
f 1666//6 1668//6 1651//6 1669//6
f 1670//1 1671//1 1654//1 1653//1
f 1670//5 1653//5 1343//5 1342//5
f 1353//5 1352//5 1657//5 1672//5
f 1673//2 1658//2 1661//2 1674//2
f 1672//3 1673//3 1674//3 1675//3
f 1672//5 1657//5 1658//5 1673//5
f 1676//1 1677//1 1663//1 1662//1
f 1676//5 1662//5 1335//5 1356//5
f 1357//3 1360//3 1678//3 1679//3
f 1360//3 1362//3 1680//3 1678//3
f 1681//2 1336//2 1665//2 1682//2
f 1362//3 1681//3 1682//3 1680//3
f 1362//5 1337//5 1336//5 1681//5
f 1683//1 1684//1 1671//1 1670//1
f 1683//3 1685//3 1686//3 1684//3
f 1683//5 1670//5 1342//5 1685//5
f 1685//5 1342//5 1346//5 1364//5
f 1371//5 1354//5 1353//5 1687//5
f 1688//2 1672//2 1675//2 1689//2
f 1687//3 1688//3 1689//3 1690//3
f 1687//5 1353//5 1672//5 1688//5
f 1691//1 1692//1 1677//1 1676//1
f 1691//3 1374//3 1693//3 1692//3
f 1691//5 1676//5 1356//5 1374//5
f 1382//3 1384//3 1694//3 1695//3
f 1384//3 1386//3 1696//3 1694//3
f 1697//2 1357//2 1679//2 1698//2
f 1386//3 1697//3 1698//3 1696//3
f 1386//5 1358//5 1357//5 1697//5
f 1699//1 1700//1 1686//1 1685//1
f 1699//3 1701//3 1702//3 1700//3
f 1699//5 1685//5 1364//5 1701//5
f 1701//5 1364//5 1366//5 1388//5
f 1394//5 1372//5 1371//5 1703//5
f 1704//2 1687//2 1690//2 1705//2
f 1703//3 1704//3 1705//3 1706//3
f 1703//5 1371//5 1687//5 1704//5
f 1707//1 1708//1 1693//1 1374//1
f 1707//3 1396//3 1709//3 1708//3
f 1707//5 1374//5 1376//5 1396//5
f 1402//3 1710//3 1711//3 1712//3
f 1402//5 1380//5 1379//5 1710//5
f 1713//2 1382//2 1695//2 1714//2
f 1710//3 1713//3 1714//3 1711//3
f 1710//5 1379//5 1382//5 1713//5
f 1715//1 1716//1 1702//1 1701//1
f 1715//3 1717//3 1718//3 1716//3
f 1715//5 1701//5 1388//5 1717//5
f 1717//3 1719//3 1720//3 1718//3
f 1717//5 1388//5 1390//5 1719//5
f 1719//3 1721//3 1722//3 1720//3
f 1719//5 1390//5 1392//5 1721//5
f 1721//3 1723//3 1724//3 1722//3
f 1721//5 1392//5 1394//5 1723//5
f 1725//2 1703//2 1706//2 1726//2
f 1723//3 1725//3 1726//3 1724//3
f 1723//5 1394//5 1703//5 1725//5
f 1727//1 1728//1 1709//1 1396//1
f 1727//3 1729//3 1730//3 1728//3
f 1727//5 1396//5 1398//5 1729//5
f 1729//3 1731//3 1732//3 1730//3
f 1729//5 1398//5 1400//5 1731//5
f 1733//2 1402//2 1712//2 1734//2
f 1731//3 1733//3 1734//3 1732//3
f 1731//5 1400//5 1402//5 1733//5
f 1480//1 1811//1 1812//1 1813//1
f 1813//4 1812//4 1814//4 1815//4
f 1480//5 1813//5 1815//5 1482//5
f 1815//4 1814//4 1816//4 1473//4
f 1482//5 1815//5 1473//5 1472//5
f 1473//4 1816//4 1817//4 1477//4
f 1477//4 1817//4 1818//4 1819//4
f 1478//5 1477//5 1819//5 1484//5
f 1487//2 1820//2 1821//2 1822//2
f 1819//4 1818//4 1821//4 1820//4
f 1484//5 1819//5 1820//5 1487//5
f 1823//1 1824//1 1825//1 1826//1
f 1826//4 1825//4 1827//4 1828//4
f 1823//5 1826//5 1828//5 1490//5
f 1828//4 1827//4 1811//4 1480//4
f 1490//5 1828//5 1480//5 1479//5
f 1487//4 1822//4 1829//4 1830//4
f 1488//5 1487//5 1830//5 1493//5
f 1831//2 1832//2 1833//2 1834//2
f 1830//4 1829//4 1833//4 1832//4
f 1493//5 1830//5 1832//5 1831//5
f 1496//1 1835//1 1824//1 1823//1
f 1496//5 1823//5 1490//5 1489//5
f 1499//2 1831//2 1834//2 1836//2
f 1494//5 1493//5 1831//5 1499//5
f 1503//1 1837//1 1838//1 1839//1
f 1839//4 1838//4 1835//4 1496//4
f 1503//5 1839//5 1496//5 1495//5
f 1507//2 1840//2 1841//2 1842//2
f 1499//4 1836//4 1841//4 1840//4
f 1500//5 1499//5 1840//5 1507//5
f 1843//1 1844//1 1845//1 1846//1
f 1846//4 1845//4 1837//4 1503//4
f 1843//5 1846//5 1503//5 1502//5
f 1847//2 1848//2 1849//2 1850//2
f 1507//4 1842//4 1849//4 1848//4
f 1508//5 1507//5 1848//5 1847//5
f 1513//1 1851//1 1844//1 1843//1
f 1513//5 1843//5 1502//5 1509//5
f 1517//2 1847//2 1850//2 1852//2
f 1510//5 1508//5 1847//5 1517//5
f 1853//1 1854//1 1855//1 1856//1
f 1856//4 1855//4 1857//4 1858//4
f 1853//5 1856//5 1858//5 1859//5
f 1860//2 1861//2 1862//2 1863//2
f 1858//4 1857//4 1862//4 1861//4
f 1859//5 1858//5 1861//5 1860//5
f 1512//1 1864//1 1851//1 1513//1
f 1518//2 1517//2 1852//2 1865//2
f 1524//1 1866//1 1867//1 1868//1
f 1868//4 1867//4 1869//4 1870//4
f 1524//5 1868//5 1870//5 1526//5
f 1870//4 1869//4 1854//4 1853//4
f 1526//5 1870//5 1853//5 1528//5
f 1528//5 1853//5 1859//5 1530//5
f 1530//5 1859//5 1860//5 1532//5
f 1860//4 1863//4 1871//4 1872//4
f 1532//5 1860//5 1872//5 1537//5
f 1873//2 1874//2 1875//2 1876//2
f 1872//4 1871//4 1875//4 1874//4
f 1537//5 1872//5 1874//5 1873//5
f 1877//1 1878//1 1879//1 1880//1
f 1880//4 1879//4 1864//4 1512//4
f 1877//5 1880//5 1512//5 1520//5
f 1881//2 1882//2 1883//2 1884//2
f 1518//4 1865//4 1883//4 1882//4
f 1522//5 1518//5 1882//5 1881//5
f 1542//1 1885//1 1886//1 1887//1
f 1887//4 1886//4 1888//4 1889//4
f 1542//5 1887//5 1889//5 1544//5
f 1889//4 1888//4 1866//4 1524//4
f 1544//5 1889//5 1524//5 1523//5
f 1538//5 1537//5 1873//5 1548//5
f 1890//2 1891//2 1892//2 1893//2
f 1873//4 1876//4 1892//4 1891//4
f 1548//5 1873//5 1891//5 1890//5
f 1894//1 1895//1 1878//1 1877//1
f 1894//5 1877//5 1520//5 1539//5
f 1896//2 1881//2 1884//2 1897//2
f 1540//5 1522//5 1881//5 1896//5
f 1553//1 1898//1 1899//1 1900//1
f 1900//4 1899//4 1885//4 1542//4
f 1553//5 1900//5 1542//5 1541//5
f 1901//2 1890//2 1893//2 1902//2
f 1549//5 1548//5 1890//5 1901//5
f 1559//1 1903//1 1895//1 1894//1
f 1559//5 1894//5 1539//5 1550//5
f 1563//2 1896//2 1897//2 1904//2
f 1551//5 1540//5 1896//5 1563//5
f 1566//1 1905//1 1906//1 1907//1
f 1907//4 1906//4 1898//4 1553//4
f 1566//5 1907//5 1553//5 1552//5
f 1570//2 1901//2 1902//2 1908//2
f 1556//5 1549//5 1901//5 1570//5
f 1558//1 1909//1 1903//1 1559//1
f 1564//2 1563//2 1904//2 1910//2
f 1565//1 1911//1 1905//1 1566//1
f 1912//2 1913//2 1914//2 1915//2
f 1570//4 1908//4 1914//4 1913//4
f 1571//5 1570//5 1913//5 1912//5
f 1573//1 1916//1 1909//1 1558//1
f 1575//2 1564//2 1910//2 1917//2
f 1576//1 1918//1 1919//1 1577//1
f 1577//4 1919//4 1911//4 1565//4
f 1920//2 1912//2 1915//2 1921//2
f 1580//3 1920//3 1921//3 1922//3
f 1580//5 1571//5 1912//5 1920//5
f 1582//1 1923//1 1916//1 1573//1
f 1584//2 1575//2 1917//2 1924//2
f 1593//1 1925//1 1926//1 1927//1
f 1927//4 1926//4 1918//4 1576//4
f 1593//5 1927//5 1576//5 1585//5
f 1587//2 1580//2 1922//2 1928//2
f 1589//1 1929//1 1923//1 1582//1
f 1591//2 1584//2 1924//2 1930//2
f 1592//1 1931//1 1925//1 1593//1
f 1595//2 1587//2 1928//2 1932//2
f 1598//1 1933//1 1929//1 1589//1
f 1601//2 1591//2 1930//2 1934//2
f 1603//1 1935//1 1936//1 1604//1
f 1604//4 1936//4 1937//4 1605//4
f 1605//4 1937//4 1931//4 1592//4
f 1938//2 1595//2 1932//2 1939//2
f 1606//5 1596//5 1595//5 1938//5
f 1940//1 1941//1 1933//1 1598//1
f 1940//5 1598//5 1599//5 1607//5
f 1617//2 1601//2 1934//2 1942//2
f 1608//5 1602//5 1601//5 1617//5
f 1619//1 1943//1 1944//1 1945//1
f 1945//4 1944//4 1946//4 1610//4
f 1619//5 1945//5 1610//5 1609//5
f 1943//6 1947//6 1946//6 1944//6
f 1610//4 1946//4 1935//4 1603//4
f 1948//2 1938//2 1939//2 1949//2
f 1612//3 1948//3 1949//3 1950//3
f 1612//5 1606//5 1938//5 1948//5
f 1951//1 1952//1 1941//1 1940//1
f 1951//5 1940//5 1607//5 1614//5
f 1615//5 1608//5 1617//5 1616//5
f 1617//4 1942//4 1943//4 1619//4
f 1621//2 1612//2 1950//2 1953//2
f 1954//1 1955//1 1952//1 1951//1
f 1954//3 1624//3 1956//3 1955//3
f 1954//5 1951//5 1614//5 1624//5
f 1957//2 1621//2 1953//2 1958//2
f 1625//3 1957//3 1958//3 1959//3
f 1625//5 1622//5 1621//5 1957//5
f 1627//1 1960//1 1956//1 1624//1
f 1629//2 1625//2 1959//2 1961//2
f 1630//3 1629//3 1961//3 1962//3
f 1963//1 1964//1 1960//1 1627//1
f 1963//5 1627//5 1628//5 1632//5
f 1633//2 1630//2 1962//2 1965//2
f 1642//1 1966//1 1964//1 1963//1
f 1642//5 1963//5 1632//5 1635//5
f 1636//2 1633//2 1965//2 1967//2
f 1637//3 1636//3 1967//3 1968//3
f 1648//1 1969//1 1970//1 1971//1
f 1971//4 1970//4 1972//4 1640//4
f 1648//5 1971//5 1640//5 1639//5
f 1640//4 1972//4 1966//4 1642//4
f 1644//2 1637//2 1968//2 1973//2
f 1645//3 1644//3 1973//3 1974//3
f 1655//1 1975//1 1976//1 1977//1
f 1977//4 1976//4 1969//4 1648//4
f 1655//5 1977//5 1648//5 1647//5
f 1669//3 1651//3 1978//3 1979//3
f 1651//3 1650//3 1980//3 1978//3
f 1652//2 1645//2 1974//2 1981//2
f 1650//3 1652//3 1981//3 1980//3
f 1980//6 1981//6 1974//6 1982//6
f 1654//1 1983//1 1975//1 1655//1
f 1665//3 1664//3 1984//3 1985//3
f 1666//2 1669//2 1979//2 1986//2
f 1664//3 1666//3 1986//3 1984//3
f 1671//1 1987//1 1983//1 1654//1
f 1675//3 1674//3 1988//3 1989//3
f 1674//3 1990//3 1991//3 1988//3
f 1674//5 1661//5 1660//5 1990//5
f 1990//3 1677//3 1992//3 1991//3
f 1990//5 1660//5 1663//5 1677//5
f 1679//3 1678//3 1993//3 1994//3
f 1678//3 1680//3 1995//3 1993//3
f 1682//2 1665//2 1985//2 1996//2
f 1680//3 1682//3 1996//3 1995//3
f 1684//1 1997//1 1987//1 1671//1
f 1689//2 1675//2 1989//2 1998//2
f 1692//1 1999//1 1992//1 1677//1
f 1694//3 1696//3 2000//3 2001//3
f 1698//2 1679//2 1994//2 2002//2
f 1696//3 1698//3 2002//3 2000//3
f 2003//1 2004//1 1997//1 1684//1
f 2003//3 1700//3 2005//3 2004//3
f 2003//5 1684//5 1686//5 1700//5
f 2006//2 1689//2 1998//2 2007//2
f 1705//3 2006//3 2007//3 2008//3
f 1705//5 1690//5 1689//5 2006//5
f 2009//1 2010//1 1999//1 1692//1
f 2009//3 1708//3 2011//3 2010//3
f 2009//5 1692//5 1693//5 1708//5
f 1711//3 1714//3 2012//3 2013//3
f 2014//2 1694//2 2001//2 2015//2
f 1714//3 2014//3 2015//3 2012//3
f 1714//5 1695//5 1694//5 2014//5
f 2016//1 2017//1 2005//1 1700//1
f 2016//3 1716//3 2018//3 2017//3
f 2016//5 1700//5 1702//5 1716//5
f 1716//3 1718//3 2019//3 2018//3
f 1724//3 1726//3 2020//3 2021//3
f 2022//2 1705//2 2008//2 2023//2
f 1726//3 2022//3 2023//3 2020//3
f 1726//5 1706//5 1705//5 2022//5
f 2024//1 2025//1 2011//1 1708//1
f 2024//3 1728//3 2026//3 2025//3
f 2024//5 1708//5 1709//5 1728//5
f 1728//3 1730//3 2027//3 2026//3
f 1732//3 1734//3 2028//3 2029//3
f 2030//2 1711//2 2013//2 2031//2
f 1734//3 2030//3 2031//3 2028//3
f 1734//5 1712//5 1711//5 2030//5
f 2032//1 2033//1 2019//1 1718//1
f 2032//3 2034//3 2035//3 2033//3
f 2032//5 1718//5 1720//5 2034//5
f 2034//3 2036//3 2037//3 2035//3
f 2034//5 1720//5 1722//5 2036//5
f 2038//2 1724//2 2021//2 2039//2
f 2036//3 2038//3 2039//3 2037//3
f 2036//5 1722//5 1724//5 2038//5
f 2040//1 2041//1 2027//1 1730//1
f 2042//2 1732//2 2029//2 2043//2
f 2040//3 2042//3 2043//3 2041//3
f 2040//5 1730//5 1732//5 2042//5
f 1812//1 2124//1 2125//1 2126//1
f 2126//4 2125//4 2127//4 2128//4
f 1812//5 2126//5 2128//5 1814//5
f 2128//4 2127//4 2129//4 2130//4
f 1814//5 2128//5 2130//5 1816//5
f 2130//4 2129//4 2131//4 2132//4
f 1816//5 2130//5 2132//5 1817//5
f 2132//4 2131//4 2133//4 2134//4
f 1817//5 2132//5 2134//5 1818//5
f 1821//2 2135//2 2136//2 2137//2
f 2134//4 2133//4 2136//4 2135//4
f 1818//5 2134//5 2135//5 1821//5
f 1825//1 2138//1 2139//1 2140//1
f 2140//4 2139//4 2141//4 2142//4
f 1825//5 2140//5 2142//5 1827//5
f 2142//4 2141//4 2124//4 1812//4
f 1827//5 2142//5 1812//5 1811//5
f 1821//4 2137//4 2143//4 2144//4
f 1822//5 1821//5 2144//5 1829//5
f 1833//2 2145//2 2146//2 2147//2
f 2144//4 2143//4 2146//4 2145//4
f 1829//5 2144//5 2145//5 1833//5
f 1824//1 2148//1 2138//1 1825//1
f 1834//2 1833//2 2147//2 2149//2
f 1838//1 2150//1 2151//1 2152//1
f 2152//4 2151//4 2148//4 1824//4
f 1838//5 2152//5 1824//5 1835//5
f 1841//2 2153//2 2154//2 2155//2
f 1834//4 2149//4 2154//4 2153//4
f 1836//5 1834//5 2153//5 1841//5
f 1845//1 2156//1 2157//1 2158//1
f 2158//4 2157//4 2150//4 1838//4
f 1845//5 2158//5 1838//5 1837//5
f 1849//2 2159//2 2160//2 2161//2
f 1841//4 2155//4 2160//4 2159//4
f 1842//5 1841//5 2159//5 1849//5
f 1844//1 2162//1 2156//1 1845//1
f 1850//2 1849//2 2161//2 2163//2
f 1855//1 2164//1 2165//1 2166//1
f 2166//4 2165//4 2167//4 2168//4
f 1855//5 2166//5 2168//5 1857//5
f 2168//4 2167//4 2169//4 2170//4
f 1857//5 2168//5 2170//5 1862//5
f 2170//4 2169//4 2171//4 2172//4
f 1862//5 2170//5 2172//5 2173//5
f 2172//4 2171//4 2174//4 2175//4
f 2173//5 2172//5 2175//5 2176//5
f 2177//2 2178//2 2179//2 2180//2
f 2175//4 2174//4 2179//4 2178//4
f 2176//5 2175//5 2178//5 2177//5
f 2181//1 2182//1 2183//1 2184//1
f 2184//4 2183//4 2162//4 1844//4
f 2181//5 2184//5 1844//5 1851//5
f 2185//2 2186//2 2187//2 2188//2
f 1850//4 2163//4 2187//4 2186//4
f 1852//5 1850//5 2186//5 2185//5
f 1867//1 2189//1 2190//1 2191//1
f 2191//4 2190//4 2192//4 2193//4
f 1867//5 2191//5 2193//5 1869//5
f 2193//4 2192//4 2164//4 1855//4
f 1869//5 2193//5 1855//5 1854//5
f 1863//5 1862//5 2173//5 1871//5
f 1871//5 2173//5 2176//5 1875//5
f 1875//5 2176//5 2177//5 2194//5
f 2195//2 2196//2 2197//2 2198//2
f 2177//4 2180//4 2197//4 2196//4
f 2194//5 2177//5 2196//5 2195//5
f 1879//1 2199//1 2182//1 2181//1
f 1879//5 2181//5 1851//5 1864//5
f 1883//2 2185//2 2188//2 2200//2
f 1865//5 1852//5 2185//5 1883//5
f 1888//1 2201//1 2202//1 2203//1
f 2203//4 2202//4 2189//4 1867//4
f 1888//5 2203//5 1867//5 1866//5
f 1876//5 1875//5 2194//5 1892//5
f 2204//2 2195//2 2198//2 2205//2
f 1892//5 2194//5 2195//5 2204//5
f 1878//1 2206//1 2199//1 1879//1
f 1884//2 1883//2 2200//2 2207//2
f 1885//1 2208//1 2209//1 1886//1
f 1886//4 2209//4 2201//4 1888//4
f 2210//2 2204//2 2205//2 2211//2
f 1893//5 1892//5 2204//5 2210//5
f 1895//1 2212//1 2206//1 1878//1
f 1897//2 1884//2 2207//2 2213//2
f 1898//1 2214//1 2215//1 1899//1
f 1899//4 2215//4 2208//4 1885//4
f 2216//2 2210//2 2211//2 2217//2
f 1902//5 1893//5 2210//5 2216//5
f 2218//1 2219//1 2220//1 2221//1
f 2221//4 2220//4 2212//4 1895//4
f 2218//5 2221//5 1895//5 1903//5
f 2222//2 2223//2 2224//2 2225//2
f 1897//4 2213//4 2224//4 2223//4
f 1904//5 1897//5 2223//5 2222//5
f 1905//1 2226//1 2227//1 1906//1
f 1906//4 2227//4 2214//4 1898//4
f 1914//2 2216//2 2217//2 2228//2
f 1908//5 1902//5 2216//5 1914//5
f 2229//1 2230//1 2219//1 2218//1
f 2229//5 2218//5 1903//5 1909//5
f 2231//2 2222//2 2225//2 2232//2
f 1910//5 1904//5 2222//5 2231//5
f 1919//1 2233//1 2234//1 2235//1
f 2235//4 2234//4 2226//4 1905//4
f 1919//5 2235//5 1905//5 1911//5
f 1915//2 1914//2 2228//2 2236//2
f 2237//1 2238//1 2230//1 2229//1
f 2237//5 2229//5 1909//5 1916//5
f 2239//2 2231//2 2232//2 2240//2
f 1917//5 1910//5 2231//5 2239//5
f 1918//1 2241//1 2233//1 1919//1
f 1921//2 1915//2 2236//2 2242//2
f 2243//1 2244//1 2238//1 2237//1
f 2243//5 2237//5 1916//5 1923//5
f 2245//2 2239//2 2240//2 2246//2
f 1924//5 1917//5 2239//5 2245//5
f 1925//1 2247//1 2248//1 1926//1
f 1926//4 2248//4 2241//4 1918//4
f 2249//2 1921//2 2242//2 2250//2
f 1928//5 1922//5 1921//5 2249//5
f 2251//1 2252//1 2244//1 2243//1
f 2251//5 2243//5 1923//5 1929//5
f 2253//2 2245//2 2246//2 2254//2
f 1930//5 1924//5 2245//5 2253//5
f 1931//1 2255//1 2247//1 1925//1
f 2256//2 2249//2 2250//2 2257//2
f 1932//3 2256//3 2257//3 2258//3
f 1932//5 1928//5 2249//5 2256//5
f 2259//1 2260//1 2252//1 2251//1
f 2259//5 2251//5 1929//5 1933//5
f 1944//2 2253//2 2254//2 2261//2
f 1934//5 1930//5 2253//5 1944//5
f 1935//1 2262//1 2263//1 1936//1
f 1936//4 2263//4 2264//4 1937//4
f 2262//6 2265//6 2264//6 2263//6
f 1937//4 2264//4 2255//4 1931//4
f 1939//2 1932//2 2258//2 2266//2
f 2267//1 2268//1 2260//1 2259//1
f 2267//3 1941//3 2269//3 2268//3
f 2267//5 2259//5 1933//5 1941//5
f 1943//2 1944//2 2261//2 2270//2
f 1942//5 1934//5 1944//5 1943//5
f 1947//1 2271//1 2272//1 1946//1
f 1946//4 2272//4 2262//4 1935//4
f 1949//2 1939//2 2266//2 2273//2
f 1950//3 1949//3 2273//3 2274//3
f 1952//1 2275//1 2269//1 1941//1
f 1943//4 2270//4 2271//4 1947//4
f 1953//2 1950//2 2274//2 2276//2
f 1955//1 2277//1 2275//1 1952//1
f 1958//2 1953//2 2276//2 2278//2
f 1959//3 1958//3 2278//3 2279//3
f 2280//1 2281//1 2277//1 1955//1
f 2280//5 1955//5 1956//5 1960//5
f 1961//2 1959//2 2279//2 2282//2
f 1962//3 1961//3 2282//3 2283//3
f 2284//1 2285//1 2281//1 2280//1
f 2284//5 2280//5 1960//5 1964//5
f 1965//2 1962//2 2283//2 2286//2
f 1972//1 2287//1 2285//1 2284//1
f 1972//5 2284//5 1964//5 1966//5
f 1967//2 1965//2 2286//2 2288//2
f 1968//3 1967//3 2288//3 2289//3
f 2289//6 2288//6 2286//6 2290//6
f 1976//1 2291//1 2292//1 2293//1
f 2293//4 2292//4 2294//4 1970//4
f 1976//5 2293//5 1970//5 1969//5
f 1970//4 2294//4 2287//4 1972//4
f 1982//3 1974//3 2295//3 2296//3
f 1973//2 1968//2 2289//2 2297//2
f 1974//3 1973//3 2297//3 2295//3
f 2295//6 2297//6 2289//6 2298//6
f 1975//1 2299//1 2291//1 1976//1
f 1979//3 1978//3 2300//3 2301//3
f 1980//2 1982//2 2296//2 2302//2
f 1978//3 1980//3 2302//3 2300//3
f 2300//6 2302//6 2296//6 2303//6
f 2304//1 2305//1 2306//1 2307//1
f 2307//4 2306//4 2299//4 1975//4
f 2304//5 2307//5 1975//5 1983//5
f 1985//3 1984//3 2308//3 2309//3
f 1986//2 1979//2 2301//2 2310//2
f 1984//3 1986//3 2310//3 2308//3
f 2308//6 2310//6 2301//6 2311//6
f 2312//1 2313//1 2305//1 2304//1
f 2312//5 2304//5 1983//5 1987//5
f 1994//3 1993//3 2314//3 2315//3
f 1993//3 1995//3 2316//3 2314//3
f 1996//2 1985//2 2309//2 2317//2
f 1995//3 1996//3 2317//3 2316//3
f 2316//6 2317//6 2309//6 2318//6
f 2319//1 2320//1 2313//1 2312//1
f 2319//3 1997//3 2321//3 2320//3
f 2319//5 2312//5 1987//5 1997//5
f 1998//3 2322//3 2323//3 2324//3
f 1998//5 1989//5 1988//5 2322//5
f 2322//3 2325//3 2326//3 2323//3
f 2322//5 1988//5 1991//5 2325//5
f 2325//5 1991//5 1992//5 1999//5
f 2001//3 2000//3 2327//3 2328//3
f 2002//2 1994//2 2315//2 2329//2
f 2000//3 2002//3 2329//3 2327//3
f 2004//1 2330//1 2321//1 1997//1
f 2007//2 1998//2 2324//2 2331//2
f 2332//1 2333//1 2326//1 2325//1
f 2332//3 2010//3 2334//3 2333//3
f 2332//5 2325//5 1999//5 2010//5
f 2015//2 2001//2 2328//2 2335//2
f 2012//3 2015//3 2335//3 2336//3
f 2337//1 2338//1 2330//1 2004//1
f 2337//3 2017//3 2339//3 2338//3
f 2337//5 2004//5 2005//5 2017//5
f 2017//3 2018//3 2340//3 2339//3
f 2020//3 2023//3 2341//3 2342//3
f 2343//2 2007//2 2331//2 2344//2
f 2023//3 2343//3 2344//3 2341//3
f 2023//5 2008//5 2007//5 2343//5
f 2345//1 2346//1 2334//1 2010//1
f 2345//3 2025//3 2347//3 2346//3
f 2345//5 2010//5 2011//5 2025//5
f 2348//2 2012//2 2336//2 2349//2
f 2031//3 2348//3 2349//3 2350//3
f 2031//5 2013//5 2012//5 2348//5
f 2351//1 2352//1 2340//1 2018//1
f 2351//3 2033//3 2353//3 2352//3
f 2351//5 2018//5 2019//5 2033//5
f 2033//3 2035//3 2354//3 2353//3
f 2035//3 2037//3 2355//3 2354//3
f 2037//3 2039//3 2356//3 2355//3
f 2357//2 2020//2 2342//2 2358//2
f 2039//3 2357//3 2358//3 2356//3
f 2039//5 2021//5 2020//5 2357//5
f 2359//1 2360//1 2347//1 2025//1
f 2359//3 2361//3 2362//3 2360//3
f 2359//5 2025//5 2026//5 2361//5
f 2361//3 2041//3 2363//3 2362//3
f 2361//5 2026//5 2027//5 2041//5
f 2041//3 2043//3 2364//3 2363//3
f 2043//3 2365//3 2366//3 2364//3
f 2043//5 2029//5 2028//5 2365//5
f 2367//2 2031//2 2350//2 2368//2
f 2365//3 2367//3 2368//3 2366//3
f 2365//5 2028//5 2031//5 2367//5
f 2453//1 2454//1 2455//1 2456//1
f 2457//2 2458//2 2459//2 2460//2
f 2453//3 2457//3 2460//3 2454//3
f 2456//4 2455//4 2459//4 2458//4
f 2453//5 2456//5 2458//5 2457//5
f 2127//1 2461//1 2462//1 2463//1
f 2463//4 2462//4 2464//4 2465//4
f 2127//5 2463//5 2465//5 2129//5
f 2465//4 2464//4 2466//4 2467//4
f 2129//5 2465//5 2467//5 2131//5
f 2133//2 2468//2 2469//2 2470//2
f 2467//4 2466//4 2469//4 2468//4
f 2131//5 2467//5 2468//5 2133//5
f 2141//1 2471//1 2472//1 2473//1
f 2473//4 2472//4 2474//4 2125//4
f 2141//5 2473//5 2125//5 2124//5
f 2125//4 2474//4 2461//4 2127//4
f 2133//4 2470//4 2475//4 2136//4
f 2143//2 2476//2 2477//2 2478//2
f 2136//4 2475//4 2477//4 2476//4
f 2137//5 2136//5 2476//5 2143//5
f 2138//1 2479//1 2480//1 2139//1
f 2139//4 2480//4 2471//4 2141//4
f 2147//2 2146//2 2481//2 2482//2
f 2143//4 2478//4 2481//4 2146//4
f 2151//1 2483//1 2484//1 2485//1
f 2485//4 2484//4 2479//4 2138//4
f 2151//5 2485//5 2138//5 2148//5
f 2154//2 2486//2 2487//2 2488//2
f 2147//4 2482//4 2487//4 2486//4
f 2149//5 2147//5 2486//5 2154//5
f 2157//1 2489//1 2490//1 2491//1
f 2491//4 2490//4 2483//4 2151//4
f 2157//5 2491//5 2151//5 2150//5
f 2160//2 2492//2 2493//2 2494//2
f 2154//4 2488//4 2493//4 2492//4
f 2155//5 2154//5 2492//5 2160//5
f 2156//1 2495//1 2489//1 2157//1
f 2161//2 2160//2 2494//2 2496//2
f 2165//1 2497//1 2498//1 2499//1
f 2499//4 2498//4 2500//4 2501//4
f 2165//5 2499//5 2501//5 2167//5
f 2501//4 2500//4 2502//4 2503//4
f 2167//5 2501//5 2503//5 2169//5
f 2503//4 2502//4 2504//4 2505//4
f 2169//5 2503//5 2505//5 2171//5
f 2505//4 2504//4 2506//4 2507//4
f 2171//5 2505//5 2507//5 2174//5
f 2179//2 2508//2 2509//2 2510//2
f 2507//4 2506//4 2509//4 2508//4
f 2174//5 2507//5 2508//5 2179//5
f 2183//1 2511//1 2512//1 2513//1
f 2513//4 2512//4 2495//4 2156//4
f 2183//5 2513//5 2156//5 2162//5
f 2187//2 2514//2 2515//2 2516//2
f 2161//4 2496//4 2515//4 2514//4
f 2163//5 2161//5 2514//5 2187//5
f 2190//1 2517//1 2518//1 2519//1
f 2519//4 2518//4 2520//4 2521//4
f 2190//5 2519//5 2521//5 2192//5
f 2521//4 2520//4 2497//4 2165//4
f 2192//5 2521//5 2165//5 2164//5
f 2197//2 2522//2 2523//2 2524//2
f 2179//4 2510//4 2523//4 2522//4
f 2180//5 2179//5 2522//5 2197//5
f 2182//1 2525//1 2511//1 2183//1
f 2188//2 2187//2 2516//2 2526//2
f 2202//1 2527//1 2528//1 2529//1
f 2529//4 2528//4 2517//4 2190//4
f 2202//5 2529//5 2190//5 2189//5
f 2530//2 2531//2 2532//2 2533//2
f 2197//4 2524//4 2532//4 2531//4
f 2198//5 2197//5 2531//5 2530//5
f 2199//1 2534//1 2525//1 2182//1
f 2200//2 2188//2 2526//2 2535//2
f 2209//1 2536//1 2537//1 2538//1
f 2538//4 2537//4 2527//4 2202//4
f 2209//5 2538//5 2202//5 2201//5
f 2539//2 2530//2 2533//2 2540//2
f 2205//5 2198//5 2530//5 2539//5
f 2541//1 2542//1 2543//1 2544//1
f 2544//4 2543//4 2534//4 2199//4
f 2541//5 2544//5 2199//5 2206//5
f 2545//2 2546//2 2547//2 2548//2
f 2200//4 2535//4 2547//4 2546//4
f 2207//5 2200//5 2546//5 2545//5
f 2215//1 2549//1 2550//1 2551//1
f 2551//4 2550//4 2536//4 2209//4
f 2215//5 2551//5 2209//5 2208//5
f 2552//2 2539//2 2540//2 2553//2
f 2211//5 2205//5 2539//5 2552//5
f 2220//1 2554//1 2542//1 2541//1
f 2220//5 2541//5 2206//5 2212//5
f 2224//2 2545//2 2548//2 2555//2
f 2213//5 2207//5 2545//5 2224//5
f 2227//1 2556//1 2557//1 2558//1
f 2558//4 2557//4 2549//4 2215//4
f 2227//5 2558//5 2215//5 2214//5
f 2559//2 2552//2 2553//2 2560//2
f 2217//5 2211//5 2552//5 2559//5
f 2219//1 2561//1 2554//1 2220//1
f 2225//2 2224//2 2555//2 2562//2
f 2226//1 2563//1 2556//1 2227//1
f 2564//2 2559//2 2560//2 2565//2
f 2228//5 2217//5 2559//5 2564//5
f 2230//1 2566//1 2561//1 2219//1
f 2232//2 2225//2 2562//2 2567//2
f 2233//1 2568//1 2569//1 2234//1
f 2234//4 2569//4 2563//4 2226//4
f 2570//2 2564//2 2565//2 2571//2
f 2236//5 2228//5 2564//5 2570//5
f 2238//1 2572//1 2566//1 2230//1
f 2240//2 2232//2 2567//2 2573//2
f 2241//1 2574//1 2568//1 2233//1
f 2575//2 2570//2 2571//2 2576//2
f 2242//5 2236//5 2570//5 2575//5
f 2244//1 2577//1 2572//1 2238//1
f 2246//2 2240//2 2573//2 2578//2
f 2247//1 2579//1 2580//1 2248//1
f 2248//4 2580//4 2574//4 2241//4
f 2579//6 2581//6 2574//6 2580//6
f 2582//2 2575//2 2576//2 2583//2
f 2250//3 2582//3 2583//3 2584//3
f 2250//5 2242//5 2575//5 2582//5
f 2252//1 2585//1 2577//1 2244//1
f 2254//2 2246//2 2578//2 2586//2
f 2255//1 2587//1 2579//1 2247//1
f 2257//2 2250//2 2584//2 2588//2
f 2260//1 2589//1 2585//1 2252//1
f 2261//2 2254//2 2586//2 2590//2
f 2265//1 2591//1 2592//1 2264//1
f 2264//4 2592//4 2587//4 2255//4
f 2591//6 2593//6 2587//6 2592//6
f 2594//2 2257//2 2588//2 2595//2
f 2266//3 2594//3 2595//3 2596//3
f 2266//5 2258//5 2257//5 2594//5
f 2268//1 2597//1 2589//1 2260//1
f 2270//2 2261//2 2590//2 2598//2
f 2271//1 2599//1 2600//1 2272//1
f 2272//4 2600//4 2601//4 2262//4
f 2599//6 2602//6 2601//6 2600//6
f 2262//4 2601//4 2591//4 2265//4
f 2273//2 2266//2 2596//2 2603//2
f 2604//1 2605//1 2597//1 2268//1
f 2604//5 2268//5 2269//5 2275//5
f 2270//4 2598//4 2599//4 2271//4
f 2606//2 2273//2 2603//2 2607//2
f 2276//3 2606//3 2607//3 2608//3
f 2276//5 2274//5 2273//5 2606//5
f 2609//1 2610//1 2605//1 2604//1
f 2609//3 2277//3 2611//3 2610//3
f 2609//5 2604//5 2275//5 2277//5
f 2278//2 2276//2 2608//2 2612//2
f 2279//3 2278//3 2612//3 2613//3
f 2281//1 2614//1 2611//1 2277//1
f 2282//2 2279//2 2613//2 2615//2
f 2283//3 2282//3 2615//3 2616//3
f 2285//1 2617//1 2614//1 2281//1
f 2286//2 2283//2 2616//2 2618//2
f 2290//3 2286//3 2618//3 2619//3
f 2294//1 2620//1 2621//1 2622//1
f 2622//4 2621//4 2617//4 2285//4
f 2294//5 2622//5 2285//5 2287//5
f 2289//2 2290//2 2619//2 2623//2
f 2298//3 2289//3 2623//3 2624//3
f 2624//6 2623//6 2619//6 2625//6
f 2291//1 2626//1 2627//1 2292//1
f 2292//4 2627//4 2620//4 2294//4
f 2303//3 2296//3 2628//3 2629//3
f 2295//2 2298//2 2624//2 2630//2
f 2296//3 2295//3 2630//3 2628//3
f 2628//6 2630//6 2624//6 2631//6
f 2306//1 2632//1 2633//1 2634//1
f 2634//4 2633//4 2626//4 2291//4
f 2306//5 2634//5 2291//5 2299//5
f 2311//3 2301//3 2635//3 2636//3
f 2300//2 2303//2 2629//2 2637//2
f 2301//3 2300//3 2637//3 2635//3
f 2635//6 2637//6 2629//6 2638//6
f 2305//1 2639//1 2632//1 2306//1
f 2318//3 2309//3 2640//3 2641//3
f 2308//2 2311//2 2636//2 2642//2
f 2309//3 2308//3 2642//3 2640//3
f 2640//6 2642//6 2636//6 2643//6
f 2313//1 2644//1 2639//1 2305//1
f 2315//3 2314//3 2645//3 2646//3
f 2316//2 2318//2 2641//2 2647//2
f 2314//3 2316//3 2647//3 2645//3
f 2645//6 2647//6 2641//6 2648//6
f 2320//1 2649//1 2644//1 2313//1
f 2328//3 2327//3 2650//3 2651//3
f 2329//2 2315//2 2646//2 2652//2
f 2327//3 2329//3 2652//3 2650//3
f 2650//6 2652//6 2646//6 2653//6
f 2654//1 2655//1 2649//1 2320//1
f 2654//3 2330//3 2656//3 2655//3
f 2654//5 2320//5 2321//5 2330//5
f 2331//3 2657//3 2658//3 2659//3
f 2331//5 2324//5 2323//5 2657//5
f 2657//3 2333//3 2660//3 2658//3
f 2657//5 2323//5 2326//5 2333//5
f 2333//3 2334//3 2661//3 2660//3
f 2335//2 2328//2 2651//2 2662//2
f 2336//3 2335//3 2662//3 2663//3
f 2338//1 2664//1 2656//1 2330//1
f 2338//3 2339//3 2665//3 2664//3
f 2344//2 2331//2 2659//2 2666//2
f 2341//3 2344//3 2666//3 2667//3
f 2346//1 2668//1 2661//1 2334//1
f 2346//3 2347//3 2669//3 2668//3
f 2349//2 2336//2 2663//2 2670//2
f 2350//3 2349//3 2670//3 2671//3
f 2672//1 2673//1 2665//1 2339//1
f 2672//3 2352//3 2674//3 2673//3
f 2672//5 2339//5 2340//5 2352//5
f 2352//3 2353//3 2675//3 2674//3
f 2353//3 2354//3 2676//3 2675//3
f 2354//3 2355//3 2677//3 2676//3
f 2355//3 2356//3 2678//3 2677//3
f 2356//3 2358//3 2679//3 2678//3
f 2680//2 2341//2 2667//2 2681//2
f 2358//3 2680//3 2681//3 2679//3
f 2358//5 2342//5 2341//5 2680//5
f 2360//1 2682//1 2669//1 2347//1
f 2360//3 2362//3 2683//3 2682//3
f 2362//3 2363//3 2684//3 2683//3
f 2363//3 2364//3 2685//3 2684//3
f 2364//3 2366//3 2686//3 2685//3
f 2368//2 2350//2 2671//2 2687//2
f 2366//3 2368//3 2687//3 2686//3
f 2768//1 2769//1 2770//1 2771//1
f 2771//4 2770//4 2772//4 2773//4
f 2768//5 2771//5 2773//5 2774//5
f 2773//4 2772//4 2775//4 2776//4
f 2774//5 2773//5 2776//5 2777//5
f 2776//4 2775//4 2778//4 2779//4
f 2777//5 2776//5 2779//5 2780//5
f 2779//4 2778//4 2781//4 2782//4
f 2780//5 2779//5 2782//5 2783//5
f 2784//2 2785//2 2786//2 2787//2
f 2782//4 2781//4 2786//4 2785//4
f 2783//5 2782//5 2785//5 2784//5
f 2788//1 2789//1 2790//1 2791//1
f 2791//4 2790//4 2769//4 2768//4
f 2788//5 2791//5 2768//5 2792//5
f 2792//5 2768//5 2774//5 2793//5
f 2793//5 2774//5 2777//5 2794//5
f 2794//5 2777//5 2780//5 2795//5
f 2795//5 2780//5 2783//5 2796//5
f 2796//5 2783//5 2784//5 2797//5
f 2798//2 2799//2 2800//2 2801//2
f 2784//4 2787//4 2800//4 2799//4
f 2797//5 2784//5 2799//5 2798//5
f 2802//1 2803//1 2804//1 2805//1
f 2805//4 2804//4 2789//4 2788//4
f 2802//5 2805//5 2788//5 2806//5
f 2806//5 2788//5 2792//5 2807//5
f 2807//5 2792//5 2793//5 2808//5
f 2808//5 2793//5 2794//5 2455//5
f 2455//5 2794//5 2795//5 2459//5
f 2459//5 2795//5 2796//5 2809//5
f 2809//5 2796//5 2797//5 2810//5
f 2810//5 2797//5 2798//5 2811//5
f 2812//2 2813//2 2814//2 2815//2
f 2798//4 2801//4 2814//4 2813//4
f 2811//5 2798//5 2813//5 2812//5
f 2816//1 2817//1 2803//1 2802//1
f 2816//5 2802//5 2806//5 2818//5
f 2818//5 2806//5 2807//5 2819//5
f 2819//5 2807//5 2808//5 2820//5
f 2820//5 2808//5 2455//5 2454//5
f 2460//5 2459//5 2809//5 2821//5
f 2821//5 2809//5 2810//5 2822//5
f 2822//5 2810//5 2811//5 2823//5
f 2824//2 2812//2 2815//2 2825//2
f 2823//5 2811//5 2812//5 2824//5
f 2826//1 2827//1 2817//1 2816//1
f 2826//3 2828//3 2829//3 2827//3
f 2826//5 2816//5 2818//5 2828//5
f 2828//5 2818//5 2819//5 2830//5
f 2830//5 2819//5 2820//5 2831//5
f 2831//5 2820//5 2454//5 2832//5
f 2832//5 2454//5 2460//5 2833//5
f 2833//5 2460//5 2821//5 2834//5
f 2834//5 2821//5 2822//5 2835//5
f 2835//5 2822//5 2823//5 2836//5
f 2837//2 2824//2 2825//2 2838//2
f 2836//3 2837//3 2838//3 2839//3
f 2836//5 2823//5 2824//5 2837//5
f 2840//1 2841//1 2829//1 2828//1
f 2840//3 2842//3 2843//3 2841//3
f 2840//5 2828//5 2830//5 2842//5
f 2842//5 2830//5 2831//5 2844//5
f 2844//5 2831//5 2832//5 2845//5
f 2845//5 2832//5 2833//5 2846//5
f 2846//5 2833//5 2834//5 2847//5
f 2847//5 2834//5 2835//5 2848//5
f 2849//2 2836//2 2839//2 2850//2
f 2848//3 2849//3 2850//3 2851//3
f 2848//5 2835//5 2836//5 2849//5
f 2852//1 2853//1 2843//1 2842//1
f 2852//3 2854//3 2855//3 2853//3
f 2852//5 2842//5 2844//5 2854//5
f 2854//5 2844//5 2845//5 2462//5
f 2462//5 2845//5 2846//5 2464//5
f 2464//5 2846//5 2847//5 2466//5
f 2469//2 2848//2 2851//2 2856//2
f 2466//5 2847//5 2848//5 2469//5
f 2474//1 2857//1 2855//1 2854//1
f 2474//5 2854//5 2462//5 2461//5
f 2475//2 2858//2 2859//2 2860//2
f 2469//4 2856//4 2859//4 2858//4
f 2470//5 2469//5 2858//5 2475//5
f 2480//1 2861//1 2862//1 2863//1
f 2863//4 2862//4 2864//4 2472//4
f 2480//5 2863//5 2472//5 2471//5
f 2472//4 2864//4 2857//4 2474//4
f 2475//4 2860//4 2865//4 2477//4
f 2481//2 2866//2 2867//2 2868//2
f 2477//4 2865//4 2867//4 2866//4
f 2478//5 2477//5 2866//5 2481//5
f 2484//1 2869//1 2870//1 2871//1
f 2871//4 2870//4 2861//4 2480//4
f 2484//5 2871//5 2480//5 2479//5
f 2487//2 2872//2 2873//2 2874//2
f 2481//4 2868//4 2873//4 2872//4
f 2482//5 2481//5 2872//5 2487//5
f 2483//1 2875//1 2869//1 2484//1
f 2488//2 2487//2 2874//2 2876//2
f 2489//1 2877//1 2878//1 2490//1
f 2490//4 2878//4 2875//4 2483//4
f 2494//2 2493//2 2879//2 2880//2
f 2488//4 2876//4 2879//4 2493//4
f 2498//1 2881//1 2882//1 2883//1
f 2883//4 2882//4 2884//4 2885//4
f 2498//5 2883//5 2885//5 2500//5
f 2885//4 2884//4 2886//4 2887//4
f 2500//5 2885//5 2887//5 2502//5
f 2887//4 2886//4 2888//4 2889//4
f 2502//5 2887//5 2889//5 2504//5
f 2889//4 2888//4 2890//4 2891//4
f 2504//5 2889//5 2891//5 2506//5
f 2509//2 2892//2 2893//2 2894//2
f 2891//4 2890//4 2893//4 2892//4
f 2506//5 2891//5 2892//5 2509//5
f 2495//1 2895//1 2877//1 2489//1
f 2496//2 2494//2 2880//2 2896//2
f 2518//1 2897//1 2898//1 2899//1
f 2899//4 2898//4 2900//4 2901//4
f 2518//5 2899//5 2901//5 2520//5
f 2901//4 2900//4 2881//4 2498//4
f 2520//5 2901//5 2498//5 2497//5
f 2509//4 2894//4 2902//4 2903//4
f 2510//5 2509//5 2903//5 2523//5
f 2904//2 2905//2 2906//2 2907//2
f 2903//4 2902//4 2906//4 2905//4
f 2523//5 2903//5 2905//5 2904//5
f 2511//1 2908//1 2909//1 2512//1
f 2512//4 2909//4 2895//4 2495//4
f 2516//2 2515//2 2910//2 2911//2
f 2496//4 2896//4 2910//4 2515//4
f 2528//1 2912//1 2913//1 2914//1
f 2914//4 2913//4 2897//4 2518//4
f 2528//5 2914//5 2518//5 2517//5
f 2532//2 2904//2 2907//2 2915//2
f 2524//5 2523//5 2904//5 2532//5
f 2525//1 2916//1 2908//1 2511//1
f 2526//2 2516//2 2911//2 2917//2
f 2537//1 2918//1 2919//1 2920//1
f 2920//4 2919//4 2912//4 2528//4
f 2537//5 2920//5 2528//5 2527//5
f 2921//2 2922//2 2923//2 2924//2
f 2532//4 2915//4 2923//4 2922//4
f 2533//5 2532//5 2922//5 2921//5
f 2543//1 2925//1 2926//1 2927//1
f 2927//4 2926//4 2916//4 2525//4
f 2543//5 2927//5 2525//5 2534//5
f 2547//2 2928//2 2929//2 2930//2
f 2526//4 2917//4 2929//4 2928//4
f 2535//5 2526//5 2928//5 2547//5
f 2536//1 2931//1 2918//1 2537//1
f 2932//2 2921//2 2924//2 2933//2
f 2540//5 2533//5 2921//5 2932//5
f 2542//1 2934//1 2925//1 2543//1
f 2548//2 2547//2 2930//2 2935//2
f 2549//1 2936//1 2937//1 2550//1
f 2550//4 2937//4 2931//4 2536//4
f 2938//2 2932//2 2933//2 2939//2
f 2553//5 2540//5 2932//5 2938//5
f 2554//1 2940//1 2934//1 2542//1
f 2555//2 2548//2 2935//2 2941//2
f 2556//1 2942//1 2943//1 2557//1
f 2557//4 2943//4 2936//4 2549//4
f 2944//2 2938//2 2939//2 2945//2
f 2560//5 2553//5 2938//5 2944//5
f 2561//1 2946//1 2940//1 2554//1
f 2562//2 2555//2 2941//2 2947//2
f 2563//1 2948//1 2942//1 2556//1
f 2949//2 2944//2 2945//2 2950//2
f 2565//5 2560//5 2944//5 2949//5
f 2566//1 2951//1 2946//1 2561//1
f 2567//2 2562//2 2947//2 2952//2
f 2568//1 2953//1 2954//1 2569//1
f 2569//4 2954//4 2948//4 2563//4
f 2955//2 2949//2 2950//2 2956//2
f 2571//3 2955//3 2956//3 2957//3
f 2571//5 2565//5 2949//5 2955//5
f 2572//1 2958//1 2951//1 2566//1
f 2573//2 2567//2 2952//2 2959//2
f 2574//1 2960//1 2953//1 2568//1
f 2576//2 2571//2 2957//2 2961//2
f 2577//1 2962//1 2958//1 2572//1
f 2578//2 2573//2 2959//2 2963//2
f 2581//1 2964//1 2960//1 2574//1
f 2583//2 2576//2 2961//2 2965//2
f 2584//3 2583//3 2965//3 2966//3
f 2585//1 2967//1 2962//1 2577//1
f 2586//2 2578//2 2963//2 2968//2
f 2587//1 2969//1 2970//1 2579//1
f 2579//4 2970//4 2964//4 2581//4
f 2969//6 2971//6 2964//6 2970//6
f 2588//2 2584//2 2966//2 2972//2
f 2589//1 2973//1 2967//1 2585//1
f 2590//2 2586//2 2968//2 2974//2
f 2593//1 2975//1 2969//1 2587//1
f 2975//6 2976//6 2971//6 2969//6
f 2595//2 2588//2 2972//2 2977//2
f 2596//3 2595//3 2977//3 2978//3
f 2597//1 2979//1 2973//1 2589//1
f 2598//2 2590//2 2974//2 2980//2
f 2602//1 2981//1 2982//1 2601//1
f 2601//4 2982//4 2983//4 2591//4
f 2981//6 2984//6 2983//6 2982//6
f 2591//4 2983//4 2975//4 2593//4
f 2984//6 2985//6 2975//6 2983//6
f 2985//6 2986//6 2976//6 2975//6
f 2603//2 2596//2 2978//2 2987//2
f 2605//1 2988//1 2979//1 2597//1
f 2598//4 2980//4 2989//4 2599//4
f 2990//6 2991//6 2989//6 2980//6
f 2599//4 2989//4 2981//4 2602//4
f 2991//6 2992//6 2981//6 2989//6
f 2607//2 2603//2 2987//2 2993//2
f 2608//3 2607//3 2993//3 2994//3
f 2610//1 2995//1 2988//1 2605//1
f 2612//2 2608//2 2994//2 2996//2
f 2613//3 2612//3 2996//3 2997//3
f 2998//1 2999//1 2995//1 2610//1
f 2998//3 2614//3 3000//3 2999//3
f 2998//5 2610//5 2611//5 2614//5
f 2615//2 2613//2 2997//2 3001//2
f 2616//3 2615//3 3001//3 3002//3
f 3002//6 3001//6 2997//6 3003//6
f 2617//1 3004//1 3000//1 2614//1
f 2625//3 2619//3 3005//3 3006//3
f 2618//2 2616//2 3002//2 3007//2
f 2619//3 2618//3 3007//3 3005//3
f 3005//6 3007//6 3002//6 3008//6
f 2620//1 3009//1 3010//1 2621//1
f 2621//4 3010//4 3004//4 2617//4
f 2624//2 2625//2 3006//2 3011//2
f 2631//3 2624//3 3011//3 3012//3
f 3012//6 3011//6 3006//6 3013//6
f 2626//1 3014//1 3015//1 2627//1
f 2627//4 3015//4 3009//4 2620//4
f 3016//6 3017//6 3018//6 3019//6
f 2638//3 2629//3 3020//3 3017//3
f 3017//6 3020//6 3021//6 3018//6
f 2628//2 2631//2 3012//2 3022//2
f 2629//3 2628//3 3022//3 3020//3
f 3020//6 3022//6 3012//6 3021//6
f 2632//1 3023//1 3024//1 2633//1
f 2633//4 3024//4 3014//4 2626//4
f 2643//3 2636//3 3025//3 3026//3
f 3026//6 3025//6 3016//6 3027//6
f 2635//2 2638//2 3017//2 3028//2
f 2636//3 2635//3 3028//3 3025//3
f 3025//6 3028//6 3017//6 3016//6
f 2639//1 3029//1 3023//1 2632//1
f 2648//3 2641//3 3030//3 3031//3
f 3031//6 3030//6 3032//6 3033//6
f 2640//2 2643//2 3026//2 3034//2
f 2641//3 2640//3 3034//3 3030//3
f 3030//6 3034//6 3026//6 3032//6
f 2644//1 3035//1 3029//1 2639//1
f 2653//3 2646//3 3036//3 3037//3
f 3037//6 3036//6 3038//6 3039//6
f 2645//2 2648//2 3031//2 3040//2
f 2646//3 2645//3 3040//3 3036//3
f 3036//6 3040//6 3031//6 3038//6
f 2649//1 3041//1 3035//1 2644//1
f 2650//2 2653//2 3037//2 3042//2
f 2651//3 2650//3 3042//3 3043//3
f 3043//6 3042//6 3037//6 3044//6
f 2655//1 3045//1 3041//1 2649//1
f 2655//3 2656//3 3046//3 3045//3
f 2659//3 2658//3 3047//3 3048//3
f 2658//3 2660//3 3049//3 3047//3
f 2660//3 2661//3 3050//3 3049//3
f 2662//2 2651//2 3043//2 3051//2
f 2663//3 2662//3 3051//3 3052//3
f 2664//1 3053//1 3046//1 2656//1
f 2664//3 2665//3 3054//3 3053//3
f 2666//2 2659//2 3048//2 3055//2
f 2667//3 2666//3 3055//3 3056//3
f 2668//1 3057//1 3050//1 2661//1
f 2668//3 2669//3 3058//3 3057//3
f 2670//2 2663//2 3052//2 3059//2
f 2671//3 2670//3 3059//3 3060//3
f 2673//1 3061//1 3054//1 2665//1
f 2673//3 2674//3 3062//3 3061//3
f 2674//3 2675//3 3063//3 3062//3
f 2675//3 2676//3 3064//3 3063//3
f 2676//3 2677//3 3065//3 3064//3
f 2677//3 2678//3 3066//3 3065//3
f 2678//3 2679//3 3067//3 3066//3
f 2681//2 2667//2 3056//2 3068//2
f 2679//3 2681//3 3068//3 3067//3
f 2682//1 3069//1 3058//1 2669//1
f 2682//3 2683//3 3070//3 3069//3
f 2683//3 2684//3 3071//3 3070//3
f 2684//3 2685//3 3072//3 3071//3
f 2685//3 2686//3 3073//3 3072//3
f 2687//2 2671//2 3060//2 3074//2
f 2686//3 2687//3 3074//3 3073//3
f 3163//1 3164//1 3165//1 3166//1
f 3166//4 3165//4 3167//4 3168//4
f 3163//5 3166//5 3168//5 3169//5
f 3168//4 3167//4 3170//4 3171//4
f 3169//5 3168//5 3171//5 3172//5
f 3173//2 3174//2 3175//2 3176//2
f 3171//4 3170//4 3175//4 3174//4
f 3172//5 3171//5 3174//5 3173//5
f 3177//1 3178//1 3179//1 3180//1
f 3180//4 3179//4 3181//4 3182//4
f 3177//5 3180//5 3182//5 2770//5
f 3182//4 3181//4 3164//4 3163//4
f 2770//5 3182//5 3163//5 2772//5
f 2772//5 3163//5 3169//5 2775//5
f 2775//5 3169//5 3172//5 2778//5
f 2778//5 3172//5 3173//5 2781//5
f 3173//4 3176//4 3183//4 3184//4
f 2781//5 3173//5 3184//5 2786//5
f 3185//2 3186//2 3187//2 3188//2
f 3184//4 3183//4 3187//4 3186//4
f 2786//5 3184//5 3186//5 3185//5
f 3189//1 3190//1 3191//1 3192//1
f 3192//4 3191//4 3178//4 3177//4
f 3189//5 3192//5 3177//5 2790//5
f 2790//5 3177//5 2770//5 2769//5
f 2787//5 2786//5 3185//5 2800//5
f 3193//2 3194//2 3195//2 3196//2
f 3185//4 3188//4 3195//4 3194//4
f 2800//5 3185//5 3194//5 3193//5
f 3197//1 3198//1 3199//1 3200//1
f 3200//4 3199//4 3190//4 3189//4
f 3197//5 3200//5 3189//5 2804//5
f 2804//5 3189//5 2790//5 2789//5
f 2801//5 2800//5 3193//5 2814//5
f 3201//2 3202//2 3203//2 3204//2
f 3193//4 3196//4 3203//4 3202//4
f 2814//5 3193//5 3202//5 3201//5
f 3205//1 3206//1 3198//1 3197//1
f 3205//5 3197//5 2804//5 2803//5
f 3207//2 3201//2 3204//2 3208//2
f 2815//5 2814//5 3201//5 3207//5
f 3209//1 3210//1 3206//1 3205//1
f 3209//5 3205//5 2803//5 2817//5
f 3211//2 3207//2 3208//2 3212//2
f 2825//5 2815//5 3207//5 3211//5
f 3213//1 3214//1 3210//1 3209//1
f 3213//5 3209//5 2817//5 2827//5
f 3215//2 3211//2 3212//2 3216//2
f 2838//5 2825//5 3211//5 3215//5
f 3217//1 3218//1 3214//1 3213//1
f 3217//3 3219//3 3220//3 3218//3
f 3217//5 3213//5 2827//5 3219//5
f 3219//5 2827//5 2829//5 2841//5
f 2850//5 2839//5 2838//5 3221//5
f 3222//2 3215//2 3216//2 3223//2
f 3221//3 3222//3 3223//3 3224//3
f 3221//5 2838//5 3215//5 3222//5
f 3225//1 3226//1 3220//1 3219//1
f 3225//3 3227//3 3228//3 3226//3
f 3225//5 3219//5 2841//5 3227//5
f 3227//5 2841//5 2843//5 2853//5
f 2856//5 2851//5 2850//5 2859//5
f 3229//2 3221//2 3224//2 3230//2
f 2859//5 2850//5 3221//5 3229//5
f 2862//1 3231//1 3228//1 3227//1
f 2862//5 3227//5 2853//5 2864//5
f 2864//5 2853//5 2855//5 2857//5
f 2865//2 3229//2 3230//2 3232//2
f 2860//5 2859//5 3229//5 2865//5
f 2861//1 3233//1 3231//1 2862//1
f 2868//2 2867//2 3234//2 3235//2
f 2865//4 3232//4 3234//4 2867//4
f 2869//1 3236//1 3237//1 2870//1
f 2870//4 3237//4 3233//4 2861//4
f 2874//2 2873//2 3238//2 3239//2
f 2868//4 3235//4 3238//4 2873//4
f 2878//1 3240//1 3241//1 3242//1
f 3242//4 3241//4 3236//4 2869//4
f 2878//5 3242//5 2869//5 2875//5
f 2879//2 3243//2 3244//2 3245//2
f 2874//4 3239//4 3244//4 3243//4
f 2876//5 2874//5 3243//5 2879//5
f 3246//1 3247//1 3248//1 3249//1
f 3249//4 3248//4 3250//4 3251//4
f 3246//5 3249//5 3251//5 2882//5
f 3251//4 3250//4 3252//4 3253//4
f 2882//5 3251//5 3253//5 2884//5
f 3253//4 3252//4 3254//4 3255//4
f 2884//5 3253//5 3255//5 2886//5
f 3255//4 3254//4 3256//4 3257//4
f 2886//5 3255//5 3257//5 2888//5
f 3257//4 3256//4 3258//4 3259//4
f 2888//5 3257//5 3259//5 2890//5
f 2893//2 3260//2 3261//2 3262//2
f 3259//4 3258//4 3261//4 3260//4
f 2890//5 3259//5 3260//5 2893//5
f 2877//1 3263//1 3240//1 2878//1
f 2880//2 2879//2 3245//2 3264//2
f 2898//1 3265//1 3266//1 3267//1
f 3267//4 3266//4 3247//4 3246//4
f 2898//5 3267//5 3246//5 2900//5
f 2900//5 3246//5 2882//5 2881//5
f 2902//2 3268//2 3269//2 3270//2
f 2893//4 3262//4 3269//4 3268//4
f 2894//5 2893//5 3268//5 2902//5
f 2909//1 3271//1 3272//1 3273//1
f 3273//4 3272//4 3263//4 2877//4
f 2909//5 3273//5 2877//5 2895//5
f 2910//2 3274//2 3275//2 3276//2
f 2880//4 3264//4 3275//4 3274//4
f 2896//5 2880//5 3274//5 2910//5
f 2913//1 3277//1 3278//1 3279//1
f 3279//4 3278//4 3265//4 2898//4
f 2913//5 3279//5 2898//5 2897//5
f 2907//2 2906//2 3280//2 3281//2
f 2902//4 3270//4 3280//4 2906//4
f 2908//1 3282//1 3271//1 2909//1
f 2911//2 2910//2 3276//2 3283//2
f 2912//1 3284//1 3277//1 2913//1
f 2923//2 3285//2 3286//2 3287//2
f 2907//4 3281//4 3286//4 3285//4
f 2915//5 2907//5 3285//5 2923//5
f 2916//1 3288//1 3282//1 2908//1
f 2917//2 2911//2 3283//2 3289//2
f 2918//1 3290//1 3291//1 2919//1
f 2919//4 3291//4 3284//4 2912//4
f 3292//2 3293//2 3294//2 3295//2
f 2923//4 3287//4 3294//4 3293//4
f 2924//5 2923//5 3293//5 3292//5
f 2925//1 3296//1 3297//1 2926//1
f 2926//4 3297//4 3288//4 2916//4
f 2930//2 2929//2 3298//2 3299//2
f 2917//4 3289//4 3298//4 2929//4
f 2937//1 3300//1 3301//1 3302//1
f 3302//4 3301//4 3290//4 2918//4
f 2937//5 3302//5 2918//5 2931//5
f 3303//2 3292//2 3295//2 3304//2
f 2933//5 2924//5 3292//5 3303//5
f 2934//1 3305//1 3296//1 2925//1
f 2935//2 2930//2 3299//2 3306//2
f 2936//1 3307//1 3300//1 2937//1
f 3308//2 3303//2 3304//2 3309//2
f 2939//5 2933//5 3303//5 3308//5
f 2940//1 3310//1 3305//1 2934//1
f 2941//2 2935//2 3306//2 3311//2
f 2942//1 3312//1 3313//1 2943//1
f 2943//4 3313//4 3307//4 2936//4
f 3314//2 3308//2 3309//2 3315//2
f 2945//5 2939//5 3308//5 3314//5
f 2946//1 3316//1 3310//1 2940//1
f 2947//2 2941//2 3311//2 3317//2
f 2948//1 3318//1 3312//1 2942//1
f 3319//2 3314//2 3315//2 3320//2
f 2950//3 3319//3 3320//3 3321//3
f 2950//5 2945//5 3314//5 3319//5
f 2951//1 3322//1 3316//1 2946//1
f 2952//2 2947//2 3317//2 3323//2
f 2953//1 3324//1 3325//1 2954//1
f 2954//4 3325//4 3318//4 2948//4
f 3324//6 3326//6 3318//6 3325//6
f 2956//2 2950//2 3321//2 3327//2
f 2958//1 3328//1 3322//1 2951//1
f 2959//2 2952//2 3323//2 3329//2
f 2960//1 3330//1 3324//1 2953//1
f 3331//2 2956//2 3327//2 3332//2
f 2961//3 3331//3 3332//3 3333//3
f 2961//5 2957//5 2956//5 3331//5
f 2962//1 3334//1 3328//1 2958//1
f 2963//2 2959//2 3329//2 3335//2
f 2964//1 3336//1 3330//1 2960//1
f 2965//2 2961//2 3333//2 3337//2
f 2967//1 3338//1 3334//1 2962//1
f 2968//2 2963//2 3335//2 3339//2
f 2971//1 3340//1 3336//1 2964//1
f 3341//2 2965//2 3337//2 3342//2
f 2972//3 3341//3 3342//3 3343//3
f 2972//5 2966//5 2965//5 3341//5
f 2973//1 3344//1 3338//1 2967//1
f 2974//2 2968//2 3339//2 3345//2
f 2976//1 3346//1 3340//1 2971//1
f 2977//2 2972//2 3343//2 3347//2
f 2978//3 2977//3 3347//3 3348//3
f 2979//1 3349//1 3344//1 2973//1
f 2980//2 2974//2 3345//2 3350//2
f 2986//1 3351//1 3346//1 2976//1
f 2987//2 2978//2 3348//2 3352//2
f 2988//1 3353//1 3349//1 2979//1
f 2990//2 2980//2 3350//2 3354//2
f 2992//1 3355//1 3356//1 2981//1
f 2981//4 3356//4 3357//4 2984//4
f 3355//6 3358//6 3357//6 3356//6
f 2984//4 3357//4 3359//4 2985//4
f 3358//6 3360//6 3359//6 3357//6
f 2985//4 3359//4 3351//4 2986//4
f 3360//6 3361//6 3351//6 3359//6
f 2993//2 2987//2 3352//2 3362//2
f 2994//3 2993//3 3362//3 3363//3
f 3363//6 3362//6 3352//6 3364//6
f 2995//1 3365//1 3353//1 2988//1
f 2990//4 3354//4 3366//4 2991//4
f 3367//6 3368//6 3366//6 3354//6
f 2991//4 3366//4 3355//4 2992//4
f 3368//6 3369//6 3355//6 3366//6
f 3369//6 3370//6 3358//6 3355//6
f 3370//6 3371//6 3360//6 3358//6
f 3003//3 2997//3 3372//3 3373//3
f 2996//2 2994//2 3363//2 3374//2
f 2997//3 2996//3 3374//3 3372//3
f 3372//6 3374//6 3363//6 3375//6
f 2999//1 3376//1 3365//1 2995//1
f 2999//3 3000//3 3377//3 3376//3
f 3378//6 3379//6 3368//6 3367//6
f 3002//2 3003//2 3373//2 3380//2
f 3008//3 3002//3 3380//3 3381//3
f 3004//1 3382//1 3377//1 3000//1
f 3013//3 3006//3 3383//3 3384//3
f 3005//2 3008//2 3381//2 3385//2
f 3006//3 3005//3 3385//3 3383//3
f 3383//6 3385//6 3381//6 3386//6
f 3009//1 3387//1 3388//1 3010//1
f 3010//4 3388//4 3382//4 3004//4
f 3389//6 3390//6 3391//6 3392//6
f 3390//6 3393//6 3394//6 3391//6
f 3019//3 3018//3 3395//3 3393//3
f 3393//6 3395//6 3396//6 3394//6
f 3018//3 3021//3 3397//3 3395//3
f 3395//6 3397//6 3398//6 3396//6
f 3012//2 3013//2 3384//2 3399//2
f 3021//3 3012//3 3399//3 3397//3
f 3397//6 3399//6 3384//6 3398//6
f 3014//1 3400//1 3401//1 3015//1
f 3015//4 3401//4 3387//4 3009//4
f 3402//6 3403//6 3389//6 3404//6
f 3403//6 3405//6 3390//6 3389//6
f 3016//2 3019//2 3393//2 3406//2
f 3027//3 3016//3 3406//3 3405//3
f 3405//6 3406//6 3393//6 3390//6
f 3023//1 3407//1 3408//1 3024//1
f 3024//4 3408//4 3400//4 3014//4
f 3409//6 3410//6 3402//6 3411//6
f 3033//3 3032//3 3412//3 3410//3
f 3410//6 3412//6 3403//6 3402//6
f 3026//2 3027//2 3405//2 3413//2
f 3032//3 3026//3 3413//3 3412//3
f 3412//6 3413//6 3405//6 3403//6
f 3029//1 3414//1 3407//1 3023//1
f 3415//6 3416//6 3417//6 3418//6
f 3039//3 3038//3 3419//3 3416//3
f 3416//6 3419//6 3409//6 3417//6
f 3031//2 3033//2 3410//2 3420//2
f 3038//3 3031//3 3420//3 3419//3
f 3419//6 3420//6 3410//6 3409//6
f 3421//1 3422//1 3423//1 3424//1
f 3421//3 3035//3 3425//3 3422//3
f 3424//4 3423//4 3414//4 3029//4
f 3421//5 3424//5 3029//5 3035//5
f 3422//6 3425//6 3414//6 3423//6
f 3037//2 3039//2 3416//2 3426//2
f 3044//3 3037//3 3426//3 3427//3
f 3427//6 3426//6 3416//6 3415//6
f 3041//1 3428//1 3425//1 3035//1
f 3043//2 3044//2 3427//2 3429//2
f 3045//1 3430//1 3428//1 3041//1
f 3045//3 3046//3 3431//3 3430//3
f 3048//3 3047//3 3432//3 3433//3
f 3047//3 3049//3 3434//3 3432//3
f 3051//2 3043//2 3429//2 3435//2
f 3053//1 3436//1 3431//1 3046//1
f 3053//3 3054//3 3437//3 3436//3
f 3055//2 3048//2 3433//2 3438//2
f 3056//3 3055//3 3438//3 3439//3
f 3440//1 3441//1 3434//1 3049//1
f 3440//3 3057//3 3442//3 3441//3
f 3440//5 3049//5 3050//5 3057//5
f 3441//6 3442//6 3443//6 3434//6
f 3444//2 3051//2 3435//2 3445//2
f 3059//3 3444//3 3445//3 3446//3
f 3059//5 3052//5 3051//5 3444//5
f 3446//6 3445//6 3435//6 3447//6
f 3061//1 3448//1 3437//1 3054//1
f 3061//3 3062//3 3449//3 3448//3
f 3062//3 3063//3 3450//3 3449//3
f 3063//3 3064//3 3451//3 3450//3
f 3065//3 3066//3 3452//3 3453//3
f 3066//3 3067//3 3454//3 3452//3
f 3068//2 3056//2 3439//2 3455//2
f 3067//3 3068//3 3455//3 3454//3
f 3456//1 3457//1 3442//1 3057//1
f 3456//3 3069//3 3458//3 3457//3
f 3456//5 3057//5 3058//5 3069//5
f 3457//6 3458//6 3459//6 3442//6
f 3069//3 3070//3 3460//3 3458//3
f 3070//3 3071//3 3461//3 3460//3
f 3072//3 3073//3 3462//3 3463//3
f 3073//3 3074//3 3464//3 3462//3
f 3465//2 3059//2 3446//2 3466//2
f 3074//3 3465//3 3466//3 3464//3
f 3074//5 3060//5 3059//5 3465//5
f 3464//6 3466//6 3446//6 3467//6
f 3468//1 3469//1 3451//1 3064//1
f 3470//2 3065//2 3453//2 3471//2
f 3468//3 3470//3 3471//3 3469//3
f 3468//5 3064//5 3065//5 3470//5
f 3469//6 3471//6 3453//6 3451//6
f 3472//1 3473//1 3461//1 3071//1
f 3474//2 3072//2 3463//2 3475//2
f 3472//3 3474//3 3475//3 3473//3
f 3472//5 3071//5 3072//5 3474//5
f 3473//6 3475//6 3463//6 3461//6
f 3165//1 3560//1 3561//1 3562//1
f 3562//4 3561//4 3563//4 3564//4
f 3165//5 3562//5 3564//5 3167//5
f 3564//4 3563//4 3565//4 3566//4
f 3167//5 3564//5 3566//5 3170//5
f 3175//2 3567//2 3568//2 3569//2
f 3566//4 3565//4 3568//4 3567//4
f 3170//5 3566//5 3567//5 3175//5
f 3570//1 3571//1 3572//1 3573//1
f 3573//4 3572//4 3574//4 3575//4
f 3570//5 3573//5 3575//5 3179//5
f 3575//4 3574//4 3576//4 3577//4
f 3179//5 3575//5 3577//5 3181//5
f 3577//4 3576//4 3560//4 3165//4
f 3181//5 3577//5 3165//5 3164//5
f 3175//4 3569//4 3578//4 3579//4
f 3176//5 3175//5 3579//5 3183//5
f 3579//4 3578//4 3580//4 3581//4
f 3183//5 3579//5 3581//5 3187//5
f 3582//2 3583//2 3584//2 3585//2
f 3581//4 3580//4 3584//4 3583//4
f 3187//5 3581//5 3583//5 3582//5
f 3586//1 3587//1 3588//1 3589//1
f 3589//4 3588//4 3571//4 3570//4
f 3586//5 3589//5 3570//5 3191//5
f 3191//5 3570//5 3179//5 3178//5
f 3188//5 3187//5 3582//5 3195//5
f 3590//2 3591//2 3592//2 3593//2
f 3582//4 3585//4 3592//4 3591//4
f 3195//5 3582//5 3591//5 3590//5
f 3594//1 3595//1 3596//1 3597//1
f 3597//4 3596//4 3587//4 3586//4
f 3594//5 3597//5 3586//5 3199//5
f 3199//5 3586//5 3191//5 3190//5
f 3196//5 3195//5 3590//5 3203//5
f 3598//2 3599//2 3600//2 3601//2
f 3590//4 3593//4 3600//4 3599//4
f 3203//5 3590//5 3599//5 3598//5
f 3602//1 3603//1 3595//1 3594//1
f 3602//5 3594//5 3199//5 3198//5
f 3604//2 3598//2 3601//2 3605//2
f 3204//5 3203//5 3598//5 3604//5
f 3606//1 3607//1 3603//1 3602//1
f 3606//5 3602//5 3198//5 3206//5
f 3608//2 3604//2 3605//2 3609//2
f 3208//5 3204//5 3604//5 3608//5
f 3610//1 3611//1 3612//1 3613//1
f 3610//3 3614//3 3615//3 3611//3
f 3613//4 3612//4 3607//4 3606//4
f 3610//5 3613//5 3606//5 3614//5
f 3614//5 3606//5 3206//5 3210//5
f 3212//5 3208//5 3608//5 3616//5
f 3617//2 3618//2 3619//2 3620//2
f 3616//3 3617//3 3620//3 3621//3
f 3608//4 3609//4 3619//4 3618//4
f 3616//5 3608//5 3618//5 3617//5
f 3622//1 3623//1 3615//1 3614//1
f 3622//5 3614//5 3210//5 3214//5
f 3624//2 3616//2 3621//2 3625//2
f 3216//5 3212//5 3616//5 3624//5
f 3626//1 3627//1 3623//1 3622//1
f 3626//5 3622//5 3214//5 3218//5
f 3628//2 3624//2 3625//2 3629//2
f 3223//5 3216//5 3624//5 3628//5
f 3630//1 3631//1 3627//1 3626//1
f 3630//3 3632//3 3633//3 3631//3
f 3630//5 3626//5 3218//5 3632//5
f 3632//5 3218//5 3220//5 3226//5
f 3230//5 3224//5 3223//5 3634//5
f 3635//2 3628//2 3629//2 3636//2
f 3634//3 3635//3 3636//3 3637//3
f 3634//5 3223//5 3628//5 3635//5
f 3638//1 3639//1 3633//1 3632//1
f 3638//3 3640//3 3641//3 3639//3
f 3638//5 3632//5 3226//5 3640//5
f 3640//5 3226//5 3228//5 3231//5
f 3234//2 3634//2 3637//2 3642//2
f 3232//5 3230//5 3634//5 3234//5
f 3237//1 3643//1 3641//1 3640//1
f 3237//5 3640//5 3231//5 3233//5
f 3235//2 3234//2 3642//2 3644//2
f 3236//1 3645//1 3643//1 3237//1
f 3239//2 3238//2 3646//2 3647//2
f 3235//4 3644//4 3646//4 3238//4
f 3248//1 3648//1 3649//1 3650//1
f 3650//4 3649//4 3651//4 3652//4
f 3248//5 3650//5 3652//5 3250//5
f 3652//4 3651//4 3653//4 3654//4
f 3250//5 3652//5 3654//5 3252//5
f 3654//4 3653//4 3655//4 3656//4
f 3252//5 3654//5 3656//5 3254//5
f 3656//4 3655//4 3657//4 3658//4
f 3254//5 3656//5 3658//5 3256//5
f 3258//2 3659//2 3660//2 3661//2
f 3658//4 3657//4 3660//4 3659//4
f 3256//5 3658//5 3659//5 3258//5
f 3240//1 3662//1 3663//1 3241//1
f 3241//4 3663//4 3645//4 3236//4
f 3245//2 3244//2 3664//2 3665//2
f 3239//4 3647//4 3664//4 3244//4
f 3266//1 3666//1 3667//1 3668//1
f 3668//4 3667//4 3648//4 3248//4
f 3266//5 3668//5 3248//5 3247//5
f 3258//4 3661//4 3669//4 3261//4
f 3269//2 3670//2 3671//2 3672//2
f 3261//4 3669//4 3671//4 3670//4
f 3262//5 3261//5 3670//5 3269//5
f 3263//1 3673//1 3662//1 3240//1
f 3264//2 3245//2 3665//2 3674//2
f 3278//1 3675//1 3676//1 3677//1
f 3677//4 3676//4 3666//4 3266//4
f 3278//5 3677//5 3266//5 3265//5
f 3280//2 3678//2 3679//2 3680//2
f 3269//4 3672//4 3679//4 3678//4
f 3270//5 3269//5 3678//5 3280//5
f 3271//1 3681//1 3682//1 3272//1
f 3272//4 3682//4 3673//4 3263//4
f 3276//2 3275//2 3683//2 3684//2
f 3264//4 3674//4 3683//4 3275//4
f 3277//1 3685//1 3675//1 3278//1
f 3286//2 3686//2 3687//2 3688//2
f 3280//4 3680//4 3687//4 3686//4
f 3281//5 3280//5 3686//5 3286//5
f 3282//1 3689//1 3681//1 3271//1
f 3283//2 3276//2 3684//2 3690//2
f 3291//1 3691//1 3692//1 3693//1
f 3693//4 3692//4 3685//4 3277//4
f 3291//5 3693//5 3277//5 3284//5
f 3294//2 3694//2 3695//2 3696//2
f 3286//4 3688//4 3695//4 3694//4
f 3287//5 3286//5 3694//5 3294//5
f 3288//1 3697//1 3689//1 3282//1
f 3289//2 3283//2 3690//2 3698//2
f 3290//1 3699//1 3691//1 3291//1
f 3295//2 3294//2 3696//2 3700//2
f 3296//1 3701//1 3702//1 3297//1
f 3297//4 3702//4 3697//4 3288//4
f 3299//2 3298//2 3703//2 3704//2
f 3289//4 3698//4 3703//4 3298//4
f 3300//1 3705//1 3706//1 3301//1
f 3301//4 3706//4 3699//4 3290//4
f 3304//2 3295//2 3700//2 3707//2
f 3305//1 3708//1 3701//1 3296//1
f 3306//2 3299//2 3704//2 3709//2
f 3307//1 3710//1 3705//1 3300//1
f 3309//2 3304//2 3707//2 3711//2
f 3310//1 3712//1 3708//1 3305//1
f 3311//2 3306//2 3709//2 3713//2
f 3312//1 3714//1 3715//1 3313//1
f 3313//4 3715//4 3710//4 3307//4
f 3315//2 3309//2 3711//2 3716//2
f 3316//1 3717//1 3712//1 3310//1
f 3317//2 3311//2 3713//2 3718//2
f 3318//1 3719//1 3714//1 3312//1
f 3320//2 3315//2 3716//2 3720//2
f 3322//1 3721//1 3717//1 3316//1
f 3323//2 3317//2 3718//2 3722//2
f 3326//1 3723//1 3719//1 3318//1
f 3724//2 3320//2 3720//2 3725//2
f 3327//3 3724//3 3725//3 3726//3
f 3327//5 3321//5 3320//5 3724//5
f 3328//1 3727//1 3721//1 3322//1
f 3329//2 3323//2 3722//2 3728//2
f 3330//1 3729//1 3730//1 3324//1
f 3324//4 3730//4 3723//4 3326//4
f 3729//6 3731//6 3723//6 3730//6
f 3332//2 3327//2 3726//2 3732//2
f 3333//3 3332//3 3732//3 3733//3
f 3734//1 3735//1 3736//1 3737//1
f 3734//3 3334//3 3738//3 3735//3
f 3737//4 3736//4 3727//4 3328//4
f 3734//5 3737//5 3328//5 3334//5
f 3735//6 3738//6 3727//6 3736//6
f 3739//2 3740//2 3741//2 3742//2
f 3335//3 3739//3 3742//3 3743//3
f 3329//4 3728//4 3741//4 3740//4
f 3335//5 3329//5 3740//5 3739//5
f 3743//6 3742//6 3741//6 3728//6
f 3336//1 3744//1 3729//1 3330//1
f 3744//6 3745//6 3731//6 3729//6
f 3337//2 3333//2 3733//2 3746//2
f 3338//1 3747//1 3738//1 3334//1
f 3339//2 3335//2 3743//2 3748//2
f 3340//1 3749//1 3744//1 3336//1
f 3749//6 3750//6 3745//6 3744//6
f 3342//2 3337//2 3746//2 3751//2
f 3343//3 3342//3 3751//3 3752//3
f 3344//1 3753//1 3747//1 3338//1
f 3345//2 3339//2 3748//2 3754//2
f 3346//1 3755//1 3749//1 3340//1
f 3755//6 3756//6 3750//6 3749//6
f 3347//2 3343//2 3752//2 3757//2
f 3348//3 3347//3 3757//3 3758//3
f 3349//1 3759//1 3753//1 3344//1
f 3350//2 3345//2 3754//2 3760//2
f 3351//1 3761//1 3755//1 3346//1
f 3761//6 3762//6 3756//6 3755//6
f 3352//2 3348//2 3758//2 3763//2
f 3364//3 3352//3 3763//3 3764//3
f 3353//1 3765//1 3759//1 3349//1
f 3354//2 3350//2 3760//2 3766//2
f 3361//1 3767//1 3761//1 3351//1
f 3767//6 3768//6 3762//6 3761//6
f 3768//6 3769//6 3770//6 3762//6
f 3363//2 3364//2 3764//2 3771//2
f 3375//3 3363//3 3771//3 3772//3
f 3365//1 3773//1 3765//1 3353//1
f 3367//2 3354//2 3766//2 3774//2
f 3371//1 3775//1 3776//1 3360//1
f 3360//4 3776//4 3767//4 3361//4
f 3775//6 3777//6 3767//6 3776//6
f 3777//6 3778//6 3768//6 3767//6
f 3778//6 3779//6 3769//6 3768//6
f 3372//2 3375//2 3772//2 3780//2
f 3373//3 3372//3 3780//3 3781//3
f 3781//6 3780//6 3772//6 3782//6
f 3376//1 3783//1 3773//1 3365//1
f 3376//3 3377//3 3784//3 3783//3
f 3378//2 3367//2 3774//2 3785//2
f 3379//1 3786//1 3787//1 3368//1
f 3368//4 3787//4 3788//4 3369//4
f 3786//6 3789//6 3788//6 3787//6
f 3369//4 3788//4 3790//4 3370//4
f 3789//6 3791//6 3790//6 3788//6
f 3370//4 3790//4 3775//4 3371//4
f 3791//6 3792//6 3775//6 3790//6
f 3792//6 3793//6 3777//6 3775//6
f 3793//6 3794//6 3778//6 3777//6
f 3794//6 3795//6 3779//6 3778//6
f 3795//6 3796//6 3797//6 3779//6
f 3796//6 3798//6 3799//6 3797//6
f 3386//3 3381//3 3800//3 3801//3
f 3801//6 3800//6 3802//6 3803//6
f 3380//2 3373//2 3781//2 3804//2
f 3381//3 3380//3 3804//3 3800//3
f 3800//6 3804//6 3781//6 3802//6
f 3382//1 3805//1 3784//1 3377//1
f 3806//6 3807//6 3785//6 3808//6
f 3378//4 3785//4 3786//4 3379//4
f 3807//6 3809//6 3786//6 3785//6
f 3809//6 3810//6 3789//6 3786//6
f 3810//6 3811//6 3791//6 3789//6
f 3811//6 3812//6 3792//6 3791//6
f 3812//6 3813//6 3793//6 3792//6
f 3813//6 3814//6 3794//6 3793//6
f 3392//3 3391//3 3815//3 3814//3
f 3814//6 3815//6 3795//6 3794//6
f 3391//3 3394//3 3816//3 3815//3
f 3815//6 3816//6 3796//6 3795//6
f 3394//3 3396//3 3817//3 3816//3
f 3816//6 3817//6 3798//6 3796//6
f 3396//3 3398//3 3818//3 3817//3
f 3817//6 3818//6 3819//6 3798//6
f 3398//3 3384//3 3820//3 3818//3
f 3818//6 3820//6 3821//6 3819//6
f 3383//2 3386//2 3801//2 3822//2
f 3384//3 3383//3 3822//3 3820//3
f 3820//6 3822//6 3801//6 3821//6
f 3387//1 3823//1 3824//1 3388//1
f 3388//4 3824//4 3805//4 3382//4
f 3825//6 3826//6 3809//6 3807//6
f 3826//6 3827//6 3810//6 3809//6
f 3827//6 3828//6 3811//6 3810//6
f 3828//6 3829//6 3812//6 3811//6
f 3829//6 3830//6 3813//6 3812//6
f 3389//2 3392//2 3814//2 3831//2
f 3404//3 3389//3 3831//3 3830//3
f 3830//6 3831//6 3814//6 3813//6
f 3400//1 3832//1 3833//1 3401//1
f 3401//4 3833//4 3823//4 3387//4
f 3834//6 3835//6 3827//6 3826//6
f 3835//6 3836//6 3828//6 3827//6
f 3836//6 3837//6 3829//6 3828//6
f 3402//2 3404//2 3830//2 3838//2
f 3411//3 3402//3 3838//3 3837//3
f 3837//6 3838//6 3830//6 3829//6
f 3407//1 3839//1 3840//1 3408//1
f 3408//4 3840//4 3832//4 3400//4
f 3418//3 3417//3 3841//3 3842//3
f 3842//6 3841//6 3836//6 3835//6
f 3409//2 3411//2 3837//2 3843//2
f 3417//3 3409//3 3843//3 3841//3
f 3841//6 3843//6 3837//6 3836//6
f 3414//1 3844//1 3839//1 3407//1
f 3415//2 3418//2 3842//2 3845//2
f 3425//1 3846//1 3844//1 3414//1
f 3427//2 3415//2 3845//2 3847//2
f 3428//1 3848//1 3846//1 3425//1
f 3429//2 3427//2 3847//2 3849//2
f 3430//1 3850//1 3848//1 3428//1
f 3430//3 3431//3 3851//3 3850//3
f 3432//3 3434//3 3852//3 3853//3
f 3434//3 3443//3 3854//3 3852//3
f 3435//2 3429//2 3849//2 3855//2
f 3447//3 3435//3 3855//3 3856//3
f 3436//1 3857//1 3851//1 3431//1
f 3436//3 3437//3 3858//3 3857//3
f 3439//3 3438//3 3859//3 3860//3
f 3861//2 3432//2 3853//2 3862//2
f 3438//3 3861//3 3862//3 3859//3
f 3438//5 3433//5 3432//5 3861//5
f 3859//6 3862//6 3853//6 3863//6
f 3442//1 3864//1 3854//1 3443//1
f 3442//3 3459//3 3865//3 3864//3
f 3446//2 3447//2 3856//2 3866//2
f 3467//3 3446//3 3866//3 3867//3
f 3448//1 3868//1 3858//1 3437//1
f 3448//3 3449//3 3869//3 3868//3
f 3449//3 3450//3 3870//3 3869//3
f 3450//3 3451//3 3871//3 3870//3
f 3451//3 3453//3 3872//3 3871//3
f 3453//3 3452//3 3873//3 3872//3
f 3452//3 3454//3 3874//3 3873//3
f 3455//2 3439//2 3860//2 3875//2
f 3454//3 3455//3 3875//3 3874//3
f 3458//1 3876//1 3865//1 3459//1
f 3458//3 3460//3 3877//3 3876//3
f 3460//3 3461//3 3878//3 3877//3
f 3461//3 3463//3 3879//3 3878//3
f 3463//3 3462//3 3880//3 3879//3
f 3464//2 3467//2 3867//2 3881//2
f 3462//3 3464//3 3881//3 3880//3
f 3574//1 3966//1 3967//1 3968//1
f 3968//4 3967//4 3969//4 3970//4
f 3574//5 3968//5 3970//5 3576//5
f 3970//4 3969//4 3971//4 3561//4
f 3576//5 3970//5 3561//5 3560//5
f 3561//4 3971//4 3972//4 3563//4
f 3563//4 3972//4 3973//4 3565//4
f 3565//4 3973//4 3974//4 3568//4
f 3568//4 3974//4 3975//4 3976//4
f 3569//5 3568//5 3976//5 3578//5
f 3580//2 3977//2 3978//2 3979//2
f 3976//4 3975//4 3978//4 3977//4
f 3578//5 3976//5 3977//5 3580//5
f 3588//1 3980//1 3981//1 3982//1
f 3982//4 3981//4 3983//4 3572//4
f 3588//5 3982//5 3572//5 3571//5
f 3572//4 3983//4 3966//4 3574//4
f 3580//4 3979//4 3984//4 3584//4
f 3592//2 3985//2 3986//2 3987//2
f 3584//4 3984//4 3986//4 3985//4
f 3585//5 3584//5 3985//5 3592//5
f 3596//1 3988//1 3989//1 3990//1
f 3990//4 3989//4 3980//4 3588//4
f 3596//5 3990//5 3588//5 3587//5
f 3600//2 3991//2 3992//2 3993//2
f 3592//4 3987//4 3992//4 3991//4
f 3593//5 3592//5 3991//5 3600//5
f 3994//1 3995//1 3996//1 3997//1
f 3997//4 3996//4 3988//4 3596//4
f 3994//5 3997//5 3596//5 3595//5
f 3998//2 3999//2 4000//2 4001//2
f 3600//4 3993//4 4000//4 3999//4
f 3601//5 3600//5 3999//5 3998//5
f 4002//1 4003//1 3995//1 3994//1
f 4002//5 3994//5 3595//5 3603//5
f 4004//2 3998//2 4001//2 4005//2
f 3605//5 3601//5 3998//5 4004//5
f 3612//1 4006//1 4003//1 4002//1
f 3612//5 4002//5 3603//5 3607//5
f 3619//2 4004//2 4005//2 4007//2
f 3609//5 3605//5 4004//5 3619//5
f 3611//1 4008//1 4006//1 3612//1
f 3620//2 3619//2 4007//2 4009//2
f 4010//1 4011//1 4008//1 3611//1
f 4010//5 3611//5 3615//5 3623//5
f 4012//2 3620//2 4009//2 4013//2
f 3625//5 3621//5 3620//5 4012//5
f 4014//1 4015//1 4011//1 4010//1
f 4014//5 4010//5 3623//5 3627//5
f 4016//2 4012//2 4013//2 4017//2
f 3629//5 3625//5 4012//5 4016//5
f 4018//1 4019//1 4015//1 4014//1
f 4018//3 3631//3 4020//3 4019//3
f 4018//5 4014//5 3627//5 3631//5
f 4021//2 4016//2 4017//2 4022//2
f 3636//3 4021//3 4022//3 4023//3
f 3636//5 3629//5 4016//5 4021//5
f 4024//1 4025//1 4020//1 3631//1
f 4024//3 3639//3 4026//3 4025//3
f 4024//5 3631//5 3633//5 3639//5
f 4027//2 3636//2 4023//2 4028//2
f 3642//3 4027//3 4028//3 4029//3
f 3642//5 3637//5 3636//5 4027//5
f 4030//1 4031//1 4026//1 3639//1
f 4030//3 3643//3 4032//3 4031//3
f 4030//5 3639//5 3641//5 3643//5
f 3644//2 3642//2 4029//2 4033//2
f 3649//1 4034//1 4035//1 4036//1
f 4036//4 4035//4 4037//4 4038//4
f 3649//5 4036//5 4038//5 3651//5
f 4038//4 4037//4 4039//4 4040//4
f 3651//5 4038//5 4040//5 3653//5
f 4040//4 4039//4 4041//4 4042//4
f 3653//5 4040//5 4042//5 3655//5
f 3657//2 4043//2 4044//2 4045//2
f 4042//4 4041//4 4044//4 4043//4
f 3655//5 4042//5 4043//5 3657//5
f 3645//1 4046//1 4032//1 3643//1
f 3647//2 3646//2 4047//2 4048//2
f 3644//4 4033//4 4047//4 3646//4
f 3667//1 4049//1 4050//1 4051//1
f 4051//4 4050//4 4034//4 3649//4
f 3667//5 4051//5 3649//5 3648//5
f 3657//4 4045//4 4052//4 3660//4
f 3669//2 4053//2 4054//2 4055//2
f 3660//4 4052//4 4054//4 4053//4
f 3661//5 3660//5 4053//5 3669//5
f 3662//1 4056//1 4057//1 3663//1
f 3663//4 4057//4 4046//4 3645//4
f 4056//6 4058//6 4046//6 4057//6
f 3665//2 3664//2 4059//2 4060//2
f 3647//4 4048//4 4059//4 3664//4
f 4061//6 4060//6 4059//6 4048//6
f 3676//1 4062//1 4063//1 4064//1
f 4064//4 4063//4 4049//4 3667//4
f 3676//5 4064//5 3667//5 3666//5
f 3672//2 3671//2 4065//2 4066//2
f 3669//4 4055//4 4065//4 3671//4
f 3673//1 4067//1 4056//1 3662//1
f 3674//2 3665//2 4060//2 4068//2
f 4069//1 4070//1 4071//1 4072//1
f 4072//4 4071//4 4062//4 3676//4
f 4069//5 4072//5 3676//5 3675//5
f 3680//2 3679//2 4073//2 4074//2
f 3672//4 4066//4 4073//4 3679//4
f 3681//1 4075//1 4076//1 3682//1
f 3682//4 4076//4 4067//4 3673//4
f 4075//6 4077//6 4067//6 4076//6
f 3684//2 3683//2 4078//2 4079//2
f 3674//4 4068//4 4078//4 3683//4
f 4080//6 4079//6 4078//6 4068//6
f 3692//1 4081//1 4070//1 4069//1
f 3692//5 4069//5 3675//5 3685//5
f 3688//2 3687//2 4082//2 4083//2
f 3680//4 4074//4 4082//4 3687//4
f 3689//1 4084//1 4075//1 3681//1
f 3690//2 3684//2 4079//2 4085//2
f 3691//1 4086//1 4081//1 3692//1
f 3696//2 3695//2 4087//2 4088//2
f 3688//4 4083//4 4087//4 3695//4
f 3697//1 4089//1 4084//1 3689//1
f 3698//2 3690//2 4085//2 4090//2
f 3699//1 4091//1 4086//1 3691//1
f 3700//2 3696//2 4088//2 4092//2
f 3701//1 4093//1 4094//1 3702//1
f 3702//4 4094//4 4089//4 3697//4
f 3704//2 3703//2 4095//2 4096//2
f 3698//4 4090//4 4095//4 3703//4
f 3705//1 4097//1 4098//1 3706//1
f 3706//4 4098//4 4091//4 3699//4
f 3707//2 3700//2 4092//2 4099//2
f 3708//1 4100//1 4093//1 3701//1
f 3709//2 3704//2 4096//2 4101//2
f 3710//1 4102//1 4097//1 3705//1
f 3711//2 3707//2 4099//2 4103//2
f 3712//1 4104//1 4100//1 3708//1
f 3713//2 3709//2 4101//2 4105//2
f 3714//1 4106//1 4107//1 3715//1
f 3715//4 4107//4 4102//4 3710//4
f 4106//6 4108//6 4102//6 4107//6
f 3716//2 3711//2 4103//2 4109//2
f 3717//1 4110//1 4104//1 3712//1
f 3718//2 3713//2 4105//2 4111//2
f 3719//1 4112//1 4106//1 3714//1
f 4112//6 4113//6 4108//6 4106//6
f 3720//2 3716//2 4109//2 4114//2
f 3721//1 4115//1 4110//1 3717//1
f 3722//2 3718//2 4111//2 4116//2
f 3723//1 4117//1 4112//1 3719//1
f 3725//2 3720//2 4114//2 4118//2
f 3726//3 3725//3 4118//3 4119//3
f 3727//1 4120//1 4115//1 3721//1
f 3728//2 3722//2 4116//2 4121//2
f 3731//1 4122//1 4117//1 3723//1
f 3732//2 3726//2 4119//2 4123//2
f 3733//3 3732//3 4123//3 4124//3
f 3738//1 4125//1 4120//1 3727//1
f 3743//2 3728//2 4121//2 4126//2
f 3745//1 4127//1 4122//1 3731//1
f 3746//2 3733//2 4124//2 4128//2
f 3747//1 4129//1 4125//1 3738//1
f 3748//2 3743//2 4126//2 4130//2
f 3750//1 4131//1 4127//1 3745//1
f 3751//2 3746//2 4128//2 4132//2
f 3752//3 3751//3 4132//3 4133//3
f 3753//1 4134//1 4129//1 3747//1
f 3754//2 3748//2 4130//2 4135//2
f 3756//1 4136//1 4131//1 3750//1
f 4136//6 4137//6 4138//6 4131//6
f 3757//2 3752//2 4133//2 4139//2
f 3758//3 3757//3 4139//3 4140//3
f 3759//1 4141//1 4134//1 3753//1
f 3760//2 3754//2 4135//2 4142//2
f 3762//1 4143//1 4136//1 3756//1
f 3762//3 3770//3 4144//3 4143//3
f 4143//6 4144//6 4137//6 4136//6
f 3763//2 3758//2 4140//2 4145//2
f 3764//3 3763//3 4145//3 4146//3
f 4146//6 4145//6 4140//6 4147//6
f 3765//1 4148//1 4141//1 3759//1
f 3766//2 3760//2 4142//2 4149//2
f 3769//1 4150//1 4144//1 3770//1
f 4150//6 4151//6 4152//6 4144//6
f 3782//3 3772//3 4153//3 4154//3
f 3771//2 3764//2 4146//2 4155//2
f 3772//3 3771//3 4155//3 4153//3
f 4153//6 4155//6 4146//6 4156//6
f 3773//1 4157//1 4148//1 3765//1
f 3774//2 3766//2 4149//2 4158//2
f 3779//1 4159//1 4150//1 3769//1
f 3779//3 3797//3 4160//3 4159//3
f 4159//6 4160//6 4151//6 4150//6
f 3797//3 3799//3 4161//3 4160//3
f 4160//6 4161//6 4162//6 4151//6
f 4161//6 4163//6 4164//6 4162//6
f 3803//3 3802//3 4165//3 4166//3
f 3781//2 3782//2 4154//2 4167//2
f 3802//3 3781//3 4167//3 4165//3
f 4165//6 4167//6 4154//6 4168//6
f 3783//1 4169//1 4157//1 3773//1
f 3783//3 3784//3 4170//3 4169//3
f 3785//2 3774//2 4158//2 4171//2
f 3808//3 3785//3 4171//3 4172//3
f 3798//1 4173//1 4161//1 3799//1
f 3798//3 3819//3 4174//3 4173//3
f 4173//6 4174//6 4163//6 4161//6
f 3819//3 3821//3 4175//3 4174//3
f 4174//6 4175//6 4176//6 4163//6
f 3801//2 3803//2 4166//2 4177//2
f 3821//3 3801//3 4177//3 4175//3
f 4175//6 4177//6 4166//6 4176//6
f 3805//1 4178//1 4170//1 3784//1
f 3806//2 3808//2 4172//2 4179//2
f 3823//1 4180//1 4181//1 3824//1
f 3824//4 4181//4 4178//4 3805//4
f 4180//6 4182//6 4178//6 4181//6
f 3825//2 3807//2 4183//2 4184//2
f 3806//4 4179//4 4183//4 3807//4
f 3832//1 4185//1 4186//1 3833//1
f 3833//4 4186//4 4180//4 3823//4
f 3834//2 3826//2 4187//2 4188//2
f 3825//4 4184//4 4187//4 3826//4
f 3839//1 4189//1 4190//1 3840//1
f 3840//4 4190//4 4185//4 3832//4
f 4189//6 4191//6 4185//6 4190//6
f 3842//2 3835//2 4192//2 4193//2
f 3834//4 4188//4 4192//4 3835//4
f 3844//1 4194//1 4189//1 3839//1
f 3845//2 3842//2 4193//2 4195//2
f 3846//1 4196//1 4194//1 3844//1
f 3847//2 3845//2 4195//2 4197//2
f 3848//1 4198//1 4196//1 3846//1
f 3849//2 3847//2 4197//2 4199//2
f 3850//1 4200//1 4198//1 3848//1
f 3850//3 3851//3 4201//3 4200//3
f 4200//6 4201//6 4202//6 4198//6
f 3863//3 3853//3 4203//3 4204//3
f 3853//3 3852//3 4205//3 4203//3
f 3852//3 3854//3 4206//3 4205//3
f 3855//2 3849//2 4199//2 4207//2
f 3856//3 3855//3 4207//3 4208//3
f 3857//1 4209//1 4201//1 3851//1
f 3857//3 3858//3 4210//3 4209//3
f 3859//2 3863//2 4204//2 4211//2
f 3860//3 3859//3 4211//3 4212//3
f 3864//1 4213//1 4206//1 3854//1
f 3864//3 3865//3 4214//3 4213//3
f 3866//2 3856//2 4208//2 4215//2
f 3867//3 3866//3 4215//3 4216//3
f 3868//1 4217//1 4210//1 3858//1
f 3868//3 3869//3 4218//3 4217//3
f 4217//6 4218//6 4219//6 4210//6
f 3869//3 3870//3 4220//3 4218//3
f 3870//3 3871//3 4221//3 4220//3
f 3871//3 3872//3 4222//3 4221//3
f 3872//3 3873//3 4223//3 4222//3
f 3873//3 3874//3 4224//3 4223//3
f 3875//2 3860//2 4212//2 4225//2
f 3874//3 3875//3 4225//3 4224//3
f 4224//6 4225//6 4212//6 4226//6
f 3876//1 4227//1 4214//1 3865//1
f 3876//3 3877//3 4228//3 4227//3
f 3877//3 3878//3 4229//3 4228//3
f 3878//3 3879//3 4230//3 4229//3
f 3879//3 3880//3 4231//3 4230//3
f 3881//2 3867//2 4216//2 4232//2
f 3880//3 3881//3 4232//3 4231//3
f 3969//1 4317//1 4318//1 4319//1
f 4319//4 4318//4 4320//4 4321//4
f 3969//5 4319//5 4321//5 3971//5
f 4321//4 4320//4 4322//4 4323//4
f 3971//5 4321//5 4323//5 3972//5
f 4323//4 4322//4 4324//4 4325//4
f 3972//5 4323//5 4325//5 3973//5
f 4325//4 4324//4 4326//4 4327//4
f 3973//5 4325//5 4327//5 3974//5
f 3975//2 4328//2 4329//2 4330//2
f 4327//4 4326//4 4329//4 4328//4
f 3974//5 4327//5 4328//5 3975//5
f 3983//1 4331//1 4332//1 4333//1
f 4333//4 4332//4 4334//4 3967//4
f 3983//5 4333//5 3967//5 3966//5
f 3967//4 4334//4 4317//4 3969//4
f 3975//4 4330//4 4335//4 3978//4
f 3984//2 4336//2 4337//2 4338//2
f 3978//4 4335//4 4337//4 4336//4
f 3979//5 3978//5 4336//5 3984//5
f 3989//1 4339//1 4340//1 4341//1
f 4341//4 4340//4 4342//4 3981//4
f 3989//5 4341//5 3981//5 3980//5
f 3981//4 4342//4 4331//4 3983//4
f 3984//4 4338//4 4343//4 3986//4
f 3992//2 4344//2 4345//2 4346//2
f 3986//4 4343//4 4345//4 4344//4
f 3987//5 3986//5 4344//5 3992//5
f 3996//1 4347//1 4348//1 4349//1
f 4349//4 4348//4 4339//4 3989//4
f 3996//5 4349//5 3989//5 3988//5
f 4000//2 4350//2 4351//2 4352//2
f 3992//4 4346//4 4351//4 4350//4
f 3993//5 3992//5 4350//5 4000//5
f 3995//1 4353//1 4347//1 3996//1
f 4001//2 4000//2 4352//2 4354//2
f 4355//1 4356//1 4357//1 4358//1
f 4358//4 4357//4 4353//4 3995//4
f 4355//5 4358//5 3995//5 4003//5
f 4359//2 4360//2 4361//2 4362//2
f 4001//4 4354//4 4361//4 4360//4
f 4005//5 4001//5 4360//5 4359//5
f 4363//1 4364//1 4356//1 4355//1
f 4363//5 4355//5 4003//5 4006//5
f 4365//2 4359//2 4362//2 4366//2
f 4007//5 4005//5 4359//5 4365//5
f 4367//1 4368//1 4364//1 4363//1
f 4367//5 4363//5 4006//5 4008//5
f 4369//2 4365//2 4366//2 4370//2
f 4009//5 4007//5 4365//5 4369//5
f 4371//1 4372//1 4368//1 4367//1
f 4371//5 4367//5 4008//5 4011//5
f 4373//2 4369//2 4370//2 4374//2
f 4013//5 4009//5 4369//5 4373//5
f 4375//1 4376//1 4372//1 4371//1
f 4375//3 4015//3 4377//3 4376//3
f 4375//5 4371//5 4011//5 4015//5
f 4378//2 4373//2 4374//2 4379//2
f 4017//3 4378//3 4379//3 4380//3
f 4017//5 4013//5 4373//5 4378//5
f 4019//1 4381//1 4377//1 4015//1
f 4022//2 4017//2 4380//2 4382//2
f 4383//1 4384//1 4381//1 4019//1
f 4383//3 4025//3 4385//3 4384//3
f 4383//5 4019//5 4020//5 4025//5
f 4386//2 4022//2 4382//2 4387//2
f 4028//3 4386//3 4387//3 4388//3
f 4028//5 4023//5 4022//5 4386//5
f 4035//1 4389//1 4390//1 4391//1
f 4391//4 4390//4 4392//4 4393//4
f 4035//5 4391//5 4393//5 4037//5
f 4393//4 4392//4 4394//4 4395//4
f 4037//5 4393//5 4395//5 4039//5
f 4395//4 4394//4 4396//4 4397//4
f 4039//5 4395//5 4397//5 4041//5
f 4044//2 4398//2 4399//2 4400//2
f 4397//4 4396//4 4399//4 4398//4
f 4041//5 4397//5 4398//5 4044//5
f 4401//1 4402//1 4385//1 4025//1
f 4401//3 4031//3 4403//3 4402//3
f 4401//5 4025//5 4026//5 4031//5
f 4031//3 4032//3 4404//3 4403//3
f 4047//2 4028//2 4388//2 4405//2
f 4033//5 4029//5 4028//5 4047//5
f 4406//1 4407//1 4408//1 4409//1
f 4409//4 4408//4 4410//4 4411//4
f 4406//5 4409//5 4411//5 4050//5
f 4411//4 4410//4 4389//4 4035//4
f 4050//5 4411//5 4035//5 4034//5
f 4052//2 4412//2 4413//2 4414//2
f 4044//4 4400//4 4413//4 4412//4
f 4045//5 4044//5 4412//5 4052//5
f 4046//1 4415//1 4404//1 4032//1
f 4048//2 4047//2 4405//2 4416//2
f 4417//6 4416//6 4405//6 4418//6
f 4063//1 4419//1 4407//1 4406//1
f 4063//5 4406//5 4050//5 4049//5
f 4052//4 4414//4 4420//4 4054//4
f 4065//2 4421//2 4422//2 4423//2
f 4054//4 4420//4 4422//4 4421//4
f 4055//5 4054//5 4421//5 4065//5
f 4058//1 4424//1 4415//1 4046//1
f 4061//2 4048//2 4416//2 4425//2
f 4071//1 4426//1 4427//1 4428//1
f 4428//4 4427//4 4419//4 4063//4
f 4071//5 4428//5 4063//5 4062//5
f 4073//2 4429//2 4430//2 4431//2
f 4065//4 4423//4 4430//4 4429//4
f 4066//5 4065//5 4429//5 4073//5
f 4067//1 4432//1 4433//1 4056//1
f 4056//4 4433//4 4424//4 4058//4
f 4068//2 4060//2 4434//2 4435//2
f 4061//4 4425//4 4434//4 4060//4
f 4070//1 4436//1 4426//1 4071//1
f 4074//2 4073//2 4431//2 4437//2
f 4077//1 4438//1 4432//1 4067//1
f 4080//2 4068//2 4435//2 4439//2
f 4081//1 4440//1 4436//1 4070//1
f 4083//2 4082//2 4441//2 4442//2
f 4074//4 4437//4 4441//4 4082//4
f 4084//1 4443//1 4444//1 4075//1
f 4075//4 4444//4 4438//4 4077//4
f 4085//2 4079//2 4445//2 4446//2
f 4080//4 4439//4 4445//4 4079//4
f 4447//1 4448//1 4449//1 4450//1
f 4450//4 4449//4 4440//4 4081//4
f 4447//5 4450//5 4081//5 4086//5
f 4088//2 4087//2 4451//2 4452//2
f 4083//4 4442//4 4451//4 4087//4
f 4089//1 4453//1 4443//1 4084//1
f 4090//2 4085//2 4446//2 4454//2
f 4098//1 4455//1 4448//1 4447//1
f 4098//5 4447//5 4086//5 4091//5
f 4092//2 4088//2 4452//2 4456//2
f 4093//1 4457//1 4458//1 4094//1
f 4094//4 4458//4 4453//4 4089//4
f 4457//6 4459//6 4453//6 4458//6
f 4096//2 4095//2 4460//2 4461//2
f 4090//4 4454//4 4460//4 4095//4
f 4462//6 4461//6 4460//6 4454//6
f 4097//1 4463//1 4455//1 4098//1
f 4099//2 4092//2 4456//2 4464//2
f 4100//1 4465//1 4457//1 4093//1
f 4101//2 4096//2 4461//2 4466//2
f 4102//1 4467//1 4463//1 4097//1
f 4468//2 4469//2 4470//2 4471//2
f 4103//3 4468//3 4471//3 4472//3
f 4099//4 4464//4 4470//4 4469//4
f 4103//5 4099//5 4469//5 4468//5
f 4472//6 4471//6 4470//6 4464//6
f 4104//1 4473//1 4465//1 4100//1
f 4105//2 4101//2 4466//2 4474//2
f 4108//1 4475//1 4467//1 4102//1
f 4109//2 4103//2 4472//2 4476//2
f 4110//1 4477//1 4473//1 4104//1
f 4111//2 4105//2 4474//2 4478//2
f 4113//1 4479//1 4475//1 4108//1
f 4114//2 4109//2 4476//2 4480//2
f 4115//1 4481//1 4477//1 4110//1
f 4116//2 4111//2 4478//2 4482//2
f 4117//1 4483//1 4484//1 4112//1
f 4112//4 4484//4 4479//4 4113//4
f 4483//6 4485//6 4479//6 4484//6
f 4118//2 4114//2 4480//2 4486//2
f 4119//3 4118//3 4486//3 4487//3
f 4120//1 4488//1 4481//1 4115//1
f 4121//2 4116//2 4482//2 4489//2
f 4122//1 4490//1 4483//1 4117//1
f 4490//6 4491//6 4485//6 4483//6
f 4123//2 4119//2 4487//2 4492//2
f 4124//3 4123//3 4492//3 4493//3
f 4125//1 4494//1 4488//1 4120//1
f 4126//2 4121//2 4489//2 4495//2
f 4127//1 4496//1 4490//1 4122//1
f 4496//6 4497//6 4491//6 4490//6
f 4128//2 4124//2 4493//2 4498//2
f 4129//1 4499//1 4494//1 4125//1
f 4130//2 4126//2 4495//2 4500//2
f 4131//1 4501//1 4496//1 4127//1
f 4131//3 4138//3 4502//3 4501//3
f 4501//6 4502//6 4497//6 4496//6
f 4132//2 4128//2 4498//2 4503//2
f 4133//3 4132//3 4503//3 4504//3
f 4504//6 4503//6 4498//6 4505//6
f 4134//1 4506//1 4499//1 4129//1
f 4135//2 4130//2 4500//2 4507//2
f 4137//1 4508//1 4502//1 4138//1
f 4508//6 4509//6 4510//6 4502//6
f 4147//3 4140//3 4511//3 4512//3
f 4139//2 4133//2 4504//2 4513//2
f 4140//3 4139//3 4513//3 4511//3
f 4511//6 4513//6 4504//6 4514//6
f 4141//1 4515//1 4506//1 4134//1
f 4142//2 4135//2 4507//2 4516//2
f 4144//1 4517//1 4508//1 4137//1
f 4144//3 4152//3 4518//3 4517//3
f 4517//6 4518//6 4509//6 4508//6
f 4518//6 4519//6 4520//6 4509//6
f 4146//2 4147//2 4512//2 4521//2
f 4156//3 4146//3 4521//3 4522//3
f 4148//1 4523//1 4515//1 4141//1
f 4149//2 4142//2 4516//2 4524//2
f 4151//1 4525//1 4518//1 4152//1
f 4151//3 4162//3 4526//3 4525//3
f 4525//6 4526//6 4519//6 4518//6
f 4162//3 4164//3 4527//3 4526//3
f 4526//6 4527//6 4528//6 4519//6
f 4168//3 4154//3 4529//3 4530//3
f 4530//6 4529//6 4531//6 4532//6
f 4153//2 4156//2 4522//2 4533//2
f 4154//3 4153//3 4533//3 4529//3
f 4529//6 4533//6 4522//6 4531//6
f 4157//1 4534//1 4523//1 4148//1
f 4158//2 4149//2 4524//2 4535//2
f 4163//1 4536//1 4527//1 4164//1
f 4163//3 4176//3 4537//3 4536//3
f 4536//6 4537//6 4538//6 4527//6
f 4176//3 4166//3 4539//3 4537//3
f 4537//6 4539//6 4540//6 4538//6
f 4165//2 4168//2 4530//2 4541//2
f 4166//3 4165//3 4541//3 4539//3
f 4539//6 4541//6 4530//6 4540//6
f 4169//1 4542//1 4534//1 4157//1
f 4169//3 4170//3 4543//3 4542//3
f 4542//6 4543//6 4544//6 4534//6
f 4171//2 4158//2 4535//2 4545//2
f 4172//3 4171//3 4545//3 4546//3
f 4546//6 4545//6 4535//6 4547//6
f 4178//1 4548//1 4543//1 4170//1
f 4179//2 4172//2 4546//2 4549//2
f 4182//1 4550//1 4548//1 4178//1
f 4184//2 4183//2 4551//2 4552//2
f 4179//4 4549//4 4551//4 4183//4
f 4553//6 4552//6 4551//6 4549//6
f 4185//1 4554//1 4555//1 4186//1
f 4186//4 4555//4 4556//4 4180//4
f 4554//6 4557//6 4556//6 4555//6
f 4180//4 4556//4 4550//4 4182//4
f 4188//2 4187//2 4558//2 4559//2
f 4184//4 4552//4 4558//4 4187//4
f 4560//6 4559//6 4558//6 4552//6
f 4191//1 4561//1 4554//1 4185//1
f 4193//2 4192//2 4562//2 4563//2
f 4188//4 4559//4 4562//4 4192//4
f 4564//6 4563//6 4562//6 4559//6
f 4194//1 4565//1 4566//1 4189//1
f 4189//4 4566//4 4561//4 4191//4
f 4565//6 4567//6 4561//6 4566//6
f 4195//2 4193//2 4563//2 4568//2
f 4569//6 4568//6 4563//6 4564//6
f 4196//1 4570//1 4565//1 4194//1
f 4570//6 4571//6 4567//6 4565//6
f 4197//2 4195//2 4568//2 4572//2
f 4198//1 4573//1 4570//1 4196//1
f 4198//3 4202//3 4574//3 4573//3
f 4573//6 4574//6 4571//6 4570//6
f 4199//2 4197//2 4572//2 4575//2
f 4576//6 4575//6 4572//6 4577//6
f 4201//1 4578//1 4574//1 4202//1
f 4204//3 4203//3 4579//3 4580//3
f 4203//3 4205//3 4581//3 4579//3
f 4205//3 4206//3 4582//3 4581//3
f 4581//6 4582//6 4583//6 4584//6
f 4207//2 4199//2 4575//2 4585//2
f 4208//3 4207//3 4585//3 4586//3
f 4586//6 4585//6 4575//6 4576//6
f 4209//1 4587//1 4578//1 4201//1
f 4209//3 4210//3 4588//3 4587//3
f 4587//6 4588//6 4589//6 4578//6
f 4210//3 4219//3 4590//3 4588//3
f 4226//3 4212//3 4591//3 4592//3
f 4211//2 4204//2 4580//2 4593//2
f 4212//3 4211//3 4593//3 4591//3
f 4591//6 4593//6 4580//6 4594//6
f 4213//1 4595//1 4582//1 4206//1
f 4213//3 4214//3 4596//3 4595//3
f 4595//6 4596//6 4597//6 4582//6
f 4215//2 4208//2 4586//2 4598//2
f 4216//3 4215//3 4598//3 4599//3
f 4599//6 4598//6 4586//6 4600//6
f 4218//1 4601//1 4590//1 4219//1
f 4218//3 4220//3 4602//3 4601//3
f 4601//6 4602//6 4603//6 4590//6
f 4220//3 4221//3 4604//3 4602//3
f 4221//3 4222//3 4605//3 4604//3
f 4222//3 4223//3 4606//3 4605//3
f 4224//2 4226//2 4592//2 4607//2
f 4223//3 4224//3 4607//3 4606//3
f 4606//6 4607//6 4592//6 4608//6
f 4227//1 4609//1 4596//1 4214//1
f 4227//3 4228//3 4610//3 4609//3
f 4609//6 4610//6 4611//6 4596//6
f 4228//3 4229//3 4612//3 4610//3
f 4610//6 4612//6 4613//6 4611//6
f 4229//3 4230//3 4614//3 4612//3
f 4230//3 4231//3 4615//3 4614//3
f 4614//6 4615//6 4616//6 4617//6
f 4232//2 4216//2 4599//2 4618//2
f 4231//3 4232//3 4618//3 4615//3
f 4615//6 4618//6 4599//6 4616//6
f 4855//4 4858//4 4880//4 4318//4
f 4334//5 4855//5 4318//5 4317//5
f 4318//4 4880//4 4881//4 4320//4
f 4320//4 4881//4 4882//4 4322//4
f 4322//4 4882//4 4883//4 4324//4
f 4324//4 4883//4 4884//4 4326//4
f 4326//4 4884//4 4885//4 4329//4
f 4329//4 4885//4 4860//4 4859//4
f 4330//5 4329//5 4859//5 4335//5
f 4347//1 4925//1 4913//1 4348//1
f 4352//2 4351//2 4916//2 4926//2
f 4357//1 4927//1 4928//1 4929//1
f 4929//4 4928//4 4925//4 4347//4
f 4357//5 4929//5 4347//5 4353//5
f 4361//2 4930//2 4931//2 4932//2
f 4352//4 4926//4 4931//4 4930//4
f 4354//5 4352//5 4930//5 4361//5
f 4356//1 4933//1 4927//1 4357//1
f 4362//2 4361//2 4932//2 4934//2
f 4364//1 4935//1 4933//1 4356//1
f 4366//2 4362//2 4934//2 4936//2
f 4368//1 4937//1 4935//1 4364//1
f 4370//2 4366//2 4936//2 4938//2
f 4372//1 4939//1 4937//1 4368//1
f 4374//2 4370//2 4938//2 4940//2
f 4376//1 4941//1 4939//1 4372//1
f 4379//2 4374//2 4940//2 4942//2
f 4943//1 4944//1 4941//1 4376//1
f 4943//3 4381//3 4945//3 4944//3
f 4943//5 4376//5 4377//5 4381//5
f 4946//2 4379//2 4942//2 4947//2
f 4382//3 4946//3 4947//3 4948//3
f 4382//5 4380//5 4379//5 4946//5
f 4949//1 4950//1 4951//1 4952//1
f 4952//4 4951//4 4953//4 4954//4
f 4949//5 4952//5 4954//5 4390//5
f 4954//4 4953//4 4955//4 4956//4
f 4390//5 4954//5 4956//5 4392//5
f 4956//4 4955//4 4957//4 4958//4
f 4392//5 4956//5 4958//5 4394//5
f 4396//2 4959//2 4960//2 4961//2
f 4958//4 4957//4 4960//4 4959//4
f 4394//5 4958//5 4959//5 4396//5
f 4384//1 4962//1 4945//1 4381//1
f 4384//3 4385//3 4963//3 4962//3
f 4387//2 4382//2 4948//2 4964//2
f 4388//3 4387//3 4964//3 4965//3
f 4408//1 4966//1 4967//1 4968//1
f 4968//4 4967//4 4950//4 4949//4
f 4408//5 4968//5 4949//5 4410//5
f 4410//5 4949//5 4390//5 4389//5
f 4396//4 4961//4 4969//4 4399//4
f 4413//2 4970//2 4971//2 4972//2
f 4399//4 4969//4 4971//4 4970//4
f 4400//5 4399//5 4970//5 4413//5
f 4402//1 4973//1 4963//1 4385//1
f 4402//3 4403//3 4974//3 4973//3
f 4405//2 4388//2 4965//2 4975//2
f 4418//3 4405//3 4975//3 4976//3
f 4977//1 4978//1 4979//1 4980//1
f 4980//4 4979//4 4966//4 4408//4
f 4977//5 4980//5 4408//5 4407//5
f 4420//2 4981//2 4982//2 4983//2
f 4413//4 4972//4 4982//4 4981//4
f 4414//5 4413//5 4981//5 4420//5
f 4984//1 4985//1 4974//1 4403//1
f 4984//3 4415//3 4986//3 4985//3
f 4984//5 4403//5 4404//5 4415//5
f 4417//2 4418//2 4976//2 4987//2
f 4427//1 4988//1 4978//1 4977//1
f 4427//5 4977//5 4407//5 4419//5
f 4423//2 4422//2 4989//2 4990//2
f 4420//4 4983//4 4989//4 4422//4
f 4424//1 4991//1 4986//1 4415//1
f 4425//2 4416//2 4992//2 4993//2
f 4417//4 4987//4 4992//4 4416//4
f 4994//6 4993//6 4992//6 4987//6
f 4995//1 4996//1 4997//1 4998//1
f 4998//4 4997//4 4988//4 4427//4
f 4995//5 4998//5 4427//5 4426//5
f 4431//2 4430//2 4999//2 5000//2
f 4423//4 4990//4 4999//4 4430//4
f 4432//1 5001//1 5002//1 4433//1
f 4433//4 5002//4 4991//4 4424//4
f 5001//6 5003//6 4991//6 5002//6
f 4435//2 4434//2 5004//2 5005//2
f 4425//4 4993//4 5004//4 4434//4
f 5006//6 5005//6 5004//6 4993//6
f 5007//1 5008//1 4996//1 4995//1
f 5007//5 4995//5 4426//5 4436//5
f 4441//2 5009//2 5010//2 5011//2
f 4431//4 5000//4 5010//4 5009//4
f 4437//5 4431//5 5009//5 4441//5
f 5012//6 5011//6 5010//6 5000//6
f 4438//1 5013//1 5001//1 4432//1
f 4439//2 4435//2 5005//2 5014//2
f 4449//1 5015//1 5008//1 5007//1
f 4449//5 5007//5 4436//5 4440//5
f 4442//2 4441//2 5011//2 5016//2
f 4443//1 5017//1 5018//1 4444//1
f 4444//4 5018//4 5013//4 4438//4
f 5017//6 5019//6 5013//6 5018//6
f 4446//2 4445//2 5020//2 5021//2
f 4439//4 5014//4 5020//4 4445//4
f 5022//6 5021//6 5020//6 5014//6
f 4448//1 5023//1 5015//1 4449//1
f 4452//2 4451//2 5024//2 5025//2
f 4442//4 5016//4 5024//4 4451//4
f 4453//1 5026//1 5017//1 4443//1
f 4454//2 4446//2 5021//2 5027//2
f 4455//1 5028//1 5023//1 4448//1
f 4456//2 4452//2 5025//2 5029//2
f 4459//1 5030//1 5026//1 4453//1
f 4462//2 4454//2 5027//2 5031//2
f 4463//1 5032//1 5028//1 4455//1
f 4464//2 4456//2 5029//2 5033//2
f 4465//1 5034//1 5035//1 4457//1
f 4457//4 5035//4 5030//4 4459//4
f 5034//6 5036//6 5030//6 5035//6
f 4466//2 4461//2 5037//2 5038//2
f 4462//4 5031//4 5037//4 4461//4
f 5039//6 5038//6 5037//6 5031//6
f 4467//1 5040//1 5032//1 4463//1
f 4472//2 4464//2 5033//2 5041//2
f 4473//1 5042//1 5034//1 4465//1
f 5042//6 5043//6 5036//6 5034//6
f 4474//2 4466//2 5038//2 5044//2
f 5045//6 5044//6 5038//6 5039//6
f 4475//1 5046//1 5040//1 4467//1
f 5046//6 5047//6 5048//6 5040//6
f 4476//2 4472//2 5041//2 5049//2
f 4477//1 5050//1 5042//1 4473//1
f 4478//2 4474//2 5044//2 5051//2
f 4479//1 5052//1 5046//1 4475//1
f 5052//6 5053//6 5047//6 5046//6
f 4480//2 4476//2 5049//2 5054//2
f 4481//1 5055//1 5050//1 4477//1
f 4482//2 4478//2 5051//2 5056//2
f 4485//1 5057//1 5052//1 4479//1
f 5057//6 5058//6 5053//6 5052//6
f 4486//2 4480//2 5054//2 5059//2
f 4487//3 4486//3 5059//3 5060//3
f 4488//1 5061//1 5055//1 4481//1
f 4489//2 4482//2 5056//2 5062//2
f 4491//1 5063//1 5057//1 4485//1
f 5063//6 5064//6 5058//6 5057//6
f 4492//2 4487//2 5060//2 5065//2
f 4493//3 4492//3 5065//3 5066//3
f 4494//1 5067//1 5061//1 4488//1
f 4495//2 4489//2 5062//2 5068//2
f 4497//1 5069//1 5063//1 4491//1
f 5069//6 5070//6 5064//6 5063//6
f 4498//2 4493//2 5066//2 5071//2
f 4505//3 4498//3 5071//3 5072//3
f 4499//1 5073//1 5067//1 4494//1
f 4500//2 4495//2 5068//2 5074//2
f 4502//1 5075//1 5069//1 4497//1
f 4502//3 4510//3 5076//3 5075//3
f 5075//6 5076//6 5070//6 5069//6
f 5076//6 5077//6 5078//6 5070//6
f 4504//2 4505//2 5072//2 5079//2
f 4514//3 4504//3 5079//3 5080//3
f 4506//1 5081//1 5073//1 4499//1
f 4507//2 4500//2 5074//2 5082//2
f 4509//1 5083//1 5076//1 4510//1
f 4509//3 4520//3 5084//3 5083//3
f 5083//6 5084//6 5077//6 5076//6
f 4511//2 4514//2 5080//2 5085//2
f 4512//3 4511//3 5085//3 5086//3
f 5086//6 5085//6 5080//6 5087//6
f 4515//1 5088//1 5081//1 4506//1
f 4516//2 4507//2 5082//2 5089//2
f 4519//1 5090//1 5084//1 4520//1
f 4519//3 4528//3 5091//3 5090//3
f 5090//6 5091//6 5092//6 5084//6
f 5091//6 5093//6 5094//6 5092//6
f 4532//3 4531//3 5095//3 5096//3
f 5096//6 5095//6 5097//6 5098//6
f 4531//3 4522//3 5099//3 5095//3
f 5095//6 5099//6 5100//6 5097//6
f 4521//2 4512//2 5086//2 5101//2
f 4522//3 4521//3 5101//3 5099//3
f 5099//6 5101//6 5086//6 5100//6
f 4523//1 5102//1 5088//1 4515//1
f 5102//6 5103//6 5104//6 5088//6
f 4524//2 4516//2 5089//2 5105//2
f 5106//6 5105//6 5089//6 5107//6
f 4527//1 5108//1 5091//1 4528//1
f 4527//3 4538//3 5109//3 5108//3
f 5108//6 5109//6 5093//6 5091//6
f 4538//3 4540//3 5110//3 5109//3
f 5109//6 5110//6 5111//6 5093//6
f 4530//2 4532//2 5096//2 5112//2
f 4540//3 4530//3 5112//3 5110//3
f 5110//6 5112//6 5096//6 5111//6
f 4534//1 5113//1 5102//1 4523//1
f 4534//3 4544//3 5114//3 5113//3
f 5113//6 5114//6 5103//6 5102//6
f 4535//2 4524//2 5105//2 5115//2
f 4547//3 4535//3 5115//3 5116//3
f 5116//6 5115//6 5105//6 5106//6
f 4543//1 5117//1 5114//1 4544//1
f 4546//2 4547//2 5116//2 5118//2
f 4548//1 5119//1 5117//1 4543//1
f 4549//2 4546//2 5118//2 5120//2
f 4550//1 5121//1 5119//1 4548//1
f 5121//6 5122//6 5123//6 5119//6
f 4553//2 4549//2 5120//2 5124//2
f 5125//6 5124//6 5120//6 5126//6
f 4557//1 5127//1 5128//1 4556//1
f 4556//4 5128//4 5121//4 4550//4
f 5127//6 5129//6 5121//6 5128//6
f 4560//2 4552//2 5130//2 5131//2
f 4553//4 5124//4 5130//4 4552//4
f 5132//6 5131//6 5130//6 5124//6
f 4561//1 5133//1 5134//1 4554//1
f 4554//4 5134//4 5127//4 4557//4
f 5133//6 5135//6 5127//6 5134//6
f 4564//2 4559//2 5136//2 5137//2
f 4560//4 5131//4 5136//4 4559//4
f 5138//6 5137//6 5136//6 5131//6
f 4567//1 5139//1 5133//1 4561//1
f 4569//2 4564//2 5137//2 5140//2
f 4571//1 5141//1 5139//1 4567//1
f 4572//2 4568//2 5142//2 5143//2
f 4577//3 4572//3 5143//3 5144//3
f 4569//4 5140//4 5142//4 4568//4
f 5144//6 5143//6 5142//6 5140//6
f 4574//1 5145//1 5141//1 4571//1
f 4584//3 4583//3 5146//3 5147//3
f 4576//2 4577//2 5144//2 5148//2
f 4578//1 5149//1 5145//1 4574//1
f 4578//3 4589//3 5150//3 5149//3
f 5149//6 5150//6 5151//6 5145//6
f 4594//3 4580//3 5152//3 5153//3
f 5153//6 5152//6 5154//6 5155//6
f 4580//3 4579//3 5156//3 5152//3
f 5152//6 5156//6 5157//6 5154//6
f 4581//2 4584//2 5147//2 5158//2
f 4579//3 4581//3 5158//3 5156//3
f 5156//6 5158//6 5147//6 5157//6
f 4582//1 5159//1 5146//1 4583//1
f 4582//3 4597//3 5160//3 5159//3
f 5159//6 5160//6 5161//6 5146//6
f 4586//2 4576//2 5148//2 5162//2
f 4600//3 4586//3 5162//3 5163//3
f 5163//6 5162//6 5148//6 5164//6
f 4588//1 5165//1 5150//1 4589//1
f 4588//3 4590//3 5166//3 5165//3
f 5165//6 5166//6 5167//6 5150//6
f 4590//3 4603//3 5168//3 5166//3
f 4608//3 4592//3 5169//3 5170//3
f 4591//2 4594//2 5153//2 5171//2
f 4592//3 4591//3 5171//3 5169//3
f 5169//6 5171//6 5153//6 5172//6
f 4596//1 5173//1 5160//1 4597//1
f 4596//3 4611//3 5174//3 5173//3
f 5173//6 5174//6 5175//6 5160//6
f 4611//3 4613//3 5176//3 5174//3
f 4617//3 4616//3 5177//3 5178//3
f 4599//2 4600//2 5163//2 5179//2
f 4616//3 4599//3 5179//3 5177//3
f 5177//6 5179//6 5163//6 5180//6
f 4602//1 5181//1 5168//1 4603//1
f 4602//3 4604//3 5182//3 5181//3
f 5181//6 5182//6 5183//6 5168//6
f 4604//3 4605//3 5184//3 5182//3
f 5182//6 5184//6 5185//6 5183//6
f 4606//2 4608//2 5170//2 5186//2
f 4605//3 4606//3 5186//3 5184//3
f 5184//6 5186//6 5170//6 5185//6
f 4612//1 5187//1 5176//1 4613//1
f 4614//2 4617//2 5178//2 5188//2
f 4612//3 4614//3 5188//3 5187//3
f 5187//6 5188//6 5178//6 5176//6
f 4858//4 5346//4 5352//4 4880//4
f 4880//4 5352//4 5353//4 4881//4
f 4881//4 5353//4 5354//4 4882//4
f 4882//4 5354//4 5355//4 4883//4
f 4883//4 5355//4 5356//4 4884//4
f 4884//4 5356//4 5357//4 4885//4
f 4885//4 5357//4 5347//4 4860//4
f 4925//1 5373//1 5366//1 4913//1
f 4926//2 4916//2 5368//2 5374//2
f 4927//1 5375//1 5376//1 4928//1
f 4928//4 5376//4 5373//4 4925//4
f 4932//2 4931//2 5377//2 5378//2
f 4926//4 5374//4 5377//4 4931//4
f 4933//1 5379//1 5375//1 4927//1
f 4934//2 4932//2 5378//2 5380//2
f 4935//1 5381//1 5379//1 4933//1
f 4936//2 4934//2 5380//2 5382//2
f 4937//1 5383//1 5381//1 4935//1
f 4938//2 4936//2 5382//2 5384//2
f 4939//1 5385//1 5383//1 4937//1
f 4940//2 4938//2 5384//2 5386//2
f 4941//1 5387//1 5385//1 4939//1
f 4942//2 4940//2 5386//2 5388//2
f 4951//1 5389//1 5390//1 5391//1
f 5391//4 5390//4 5392//4 5393//4
f 4951//5 5391//5 5393//5 4953//5
f 5393//4 5392//4 5394//4 5395//4
f 4953//5 5393//5 5395//5 4955//5
f 4957//2 5396//2 5397//2 5398//2
f 5395//4 5394//4 5397//4 5396//4
f 4955//5 5395//5 5396//5 4957//5
f 4944//1 5399//1 5387//1 4941//1
f 4944//3 4945//3 5400//3 5399//3
f 4947//2 4942//2 5388//2 5401//2
f 4948//3 4947//3 5401//3 5402//3
f 4967//1 5403//1 5404//1 5405//1
f 5405//4 5404//4 5389//4 4951//4
f 4967//5 5405//5 4951//5 4950//5
f 4957//4 5398//4 5406//4 4960//4
f 4969//2 5407//2 5408//2 5409//2
f 4960//4 5406//4 5408//4 5407//4
f 4961//5 4960//5 5407//5 4969//5
f 4962//1 5410//1 5400//1 4945//1
f 4962//3 4963//3 5411//3 5410//3
f 4964//2 4948//2 5402//2 5412//2
f 4965//3 4964//3 5412//3 5413//3
f 4979//1 5414//1 5415//1 5416//1
f 5416//4 5415//4 5403//4 4967//4
f 4979//5 5416//5 4967//5 4966//5
f 4972//2 4971//2 5417//2 5418//2
f 4969//4 5409//4 5417//4 4971//4
f 4973//1 5419//1 5411//1 4963//1
f 4973//3 4974//3 5420//3 5419//3
f 4975//2 4965//2 5413//2 5421//2
f 4976//3 4975//3 5421//3 5422//3
f 5423//1 5424//1 5425//1 5426//1
f 5426//4 5425//4 5414//4 4979//4
f 5423//5 5426//5 4979//5 4978//5
f 4983//2 4982//2 5427//2 5428//2
f 4972//4 5418//4 5427//4 4982//4
f 4985//1 5429//1 5420//1 4974//1
f 4985//3 4986//3 5430//3 5429//3
f 4987//2 4976//2 5422//2 5431//2
f 4997//1 5432//1 5424//1 5423//1
f 4997//5 5423//5 4978//5 4988//5
f 4990//2 4989//2 5433//2 5434//2
f 4983//4 5428//4 5433//4 4989//4
f 4991//1 5435//1 5430//1 4986//1
f 4994//2 4987//2 5431//2 5436//2
f 4996//1 5437//1 5432//1 4997//1
f 5000//2 4999//2 5438//2 5439//2
f 4990//4 5434//4 5438//4 4999//4
f 5003//1 5440//1 5435//1 4991//1
f 5440//6 5441//6 5442//6 5435//6
f 5006//2 4993//2 5443//2 5444//2
f 4994//4 5436//4 5443//4 4993//4
f 5445//6 5444//6 5443//6 5436//6
f 5008//1 5446//1 5437//1 4996//1
f 5012//2 5000//2 5439//2 5447//2
f 5013//1 5448//1 5449//1 5001//1
f 5001//4 5449//4 5440//4 5003//4
f 5448//6 5450//6 5440//6 5449//6
f 5014//2 5005//2 5451//2 5452//2
f 5006//4 5444//4 5451//4 5005//4
f 5453//6 5452//6 5451//6 5444//6
f 5015//1 5454//1 5446//1 5008//1
f 5016//2 5011//2 5455//2 5456//2
f 5012//4 5447//4 5455//4 5011//4
f 5019//1 5457//1 5448//1 5013//1
f 5022//2 5014//2 5452//2 5458//2
f 5023//1 5459//1 5454//1 5015//1
f 5025//2 5024//2 5460//2 5461//2
f 5016//4 5456//4 5460//4 5024//4
f 5462//6 5461//6 5460//6 5456//6
f 5026//1 5463//1 5464//1 5017//1
f 5017//4 5464//4 5457//4 5019//4
f 5463//6 5465//6 5457//6 5464//6
f 5027//2 5021//2 5466//2 5467//2
f 5022//4 5458//4 5466//4 5021//4
f 5468//6 5467//6 5466//6 5458//6
f 5028//1 5469//1 5459//1 5023//1
f 5029//2 5025//2 5461//2 5470//2
f 5030//1 5471//1 5463//1 5026//1
f 5471//6 5472//6 5465//6 5463//6
f 5031//2 5027//2 5467//2 5473//2
f 5474//6 5473//6 5467//6 5468//6
f 5032//1 5475//1 5469//1 5028//1
f 5033//2 5029//2 5470//2 5476//2
f 5036//1 5477//1 5471//1 5030//1
f 5039//2 5031//2 5473//2 5478//2
f 5040//1 5479//1 5475//1 5032//1
f 5040//3 5048//3 5480//3 5479//3
f 5479//6 5480//6 5481//6 5475//6
f 5041//2 5033//2 5476//2 5482//2
f 5043//1 5483//1 5477//1 5036//1
f 5045//2 5039//2 5478//2 5484//2
f 5047//1 5485//1 5480//1 5048//1
f 5049//2 5041//2 5482//2 5486//2
f 5050//1 5487//1 5488//1 5042//1
f 5042//4 5488//4 5483//4 5043//4
f 5487//6 5489//6 5483//6 5488//6
f 5051//2 5044//2 5490//2 5491//2
f 5045//4 5484//4 5490//4 5044//4
f 5492//6 5491//6 5490//6 5484//6
f 5053//1 5493//1 5485//1 5047//1
f 5054//2 5049//2 5486//2 5494//2
f 5055//1 5495//1 5487//1 5050//1
f 5495//6 5496//6 5489//6 5487//6
f 5056//2 5051//2 5491//2 5497//2
f 5498//6 5497//6 5491//6 5492//6
f 5058//1 5499//1 5493//1 5053//1
f 5059//2 5054//2 5494//2 5500//2
f 5060//3 5059//3 5500//3 5501//3
f 5501//6 5500//6 5494//6 5502//6
f 5061//1 5503//1 5495//1 5055//1
f 5503//6 5504//6 5496//6 5495//6
f 5062//2 5056//2 5497//2 5505//2
f 5506//6 5505//6 5497//6 5498//6
f 5064//1 5507//1 5499//1 5058//1
f 5507//6 5508//6 5509//6 5499//6
f 5065//2 5060//2 5501//2 5510//2
f 5066//3 5065//3 5510//3 5511//3
f 5511//6 5510//6 5501//6 5512//6
f 5067//1 5513//1 5503//1 5061//1
f 5513//6 5514//6 5504//6 5503//6
f 5068//2 5062//2 5505//2 5515//2
f 5516//6 5515//6 5505//6 5506//6
f 5070//1 5517//1 5507//1 5064//1
f 5070//3 5078//3 5518//3 5517//3
f 5517//6 5518//6 5508//6 5507//6
f 5071//2 5066//2 5511//2 5519//2
f 5072//3 5071//3 5519//3 5520//3
f 5520//6 5519//6 5511//6 5521//6
f 5073//1 5522//1 5513//1 5067//1
f 5522//6 5523//6 5514//6 5513//6
f 5074//2 5068//2 5515//2 5524//2
f 5525//6 5524//6 5515//6 5516//6
f 5077//1 5526//1 5518//1 5078//1
f 5526//6 5527//6 5528//6 5518//6
f 5087//3 5080//3 5529//3 5530//3
f 5079//2 5072//2 5520//2 5531//2
f 5080//3 5079//3 5531//3 5529//3
f 5529//6 5531//6 5520//6 5532//6
f 5081//1 5533//1 5522//1 5073//1
f 5533//6 5534//6 5523//6 5522//6
f 5082//2 5074//2 5524//2 5535//2
f 5536//6 5535//6 5524//6 5525//6
f 5084//1 5537//1 5526//1 5077//1
f 5084//3 5092//3 5538//3 5537//3
f 5537//6 5538//6 5527//6 5526//6
f 5092//3 5094//3 5539//3 5538//3
f 5538//6 5539//6 5540//6 5527//6
f 5539//6 5541//6 5542//6 5540//6
f 5541//6 5543//6 5544//6 5542//6
f 5098//3 5097//3 5545//3 5543//3
f 5543//6 5545//6 5546//6 5544//6
f 5097//3 5100//3 5547//3 5545//3
f 5545//6 5547//6 5548//6 5546//6
f 5086//2 5087//2 5530//2 5549//2
f 5100//3 5086//3 5549//3 5547//3
f 5547//6 5549//6 5530//6 5548//6
f 5088//1 5550//1 5533//1 5081//1
f 5088//3 5104//3 5551//3 5550//3
f 5550//6 5551//6 5534//6 5533//6
f 5089//2 5082//2 5535//2 5552//2
f 5107//3 5089//3 5552//3 5553//3
f 5553//6 5552//6 5535//6 5536//6
f 5093//1 5554//1 5539//1 5094//1
f 5093//3 5111//3 5555//3 5554//3
f 5554//6 5555//6 5541//6 5539//6
f 5096//2 5098//2 5543//2 5556//2
f 5111//3 5096//3 5556//3 5555//3
f 5555//6 5556//6 5543//6 5541//6
f 5103//1 5557//1 5551//1 5104//1
f 5106//2 5107//2 5553//2 5558//2
f 5114//1 5559//1 5557//1 5103//1
f 5116//2 5106//2 5558//2 5560//2
f 5117//1 5561//1 5559//1 5114//1
f 5561//6 5562//6 5563//6 5559//6
f 5118//2 5116//2 5560//2 5564//2
f 5565//6 5564//6 5560//6 5566//6
f 5119//1 5567//1 5561//1 5117//1
f 5119//3 5123//3 5568//3 5567//3
f 5567//6 5568//6 5562//6 5561//6
f 5120//2 5118//2 5564//2 5569//2
f 5126//3 5120//3 5569//3 5570//3
f 5570//6 5569//6 5564//6 5565//6
f 5122//1 5571//1 5568//1 5123//1
f 5125//2 5126//2 5570//2 5572//2
f 5129//1 5573//1 5574//1 5121//1
f 5121//4 5574//4 5571//4 5122//4
f 5573//6 5575//6 5571//6 5574//6
f 5575//6 5576//6 5577//6 5571//6
f 5578//6 5579//6 5572//6 5580//6
f 5132//2 5124//2 5581//2 5582//2
f 5125//4 5572//4 5581//4 5124//4
f 5579//6 5582//6 5581//6 5572//6
f 5135//1 5583//1 5584//1 5127//1
f 5127//4 5584//4 5573//4 5129//4
f 5583//6 5585//6 5573//6 5584//6
f 5585//6 5586//6 5575//6 5573//6
f 5138//2 5131//2 5587//2 5588//2
f 5132//4 5582//4 5587//4 5131//4
f 5589//6 5588//6 5587//6 5582//6
f 5139//1 5590//1 5591//1 5133//1
f 5133//4 5591//4 5583//4 5135//4
f 5590//6 5592//6 5583//6 5591//6
f 5592//6 5593//6 5585//6 5583//6
f 5140//2 5137//2 5594//2 5595//2
f 5138//4 5588//4 5594//4 5137//4
f 5596//6 5595//6 5594//6 5588//6
f 5141//1 5597//1 5590//1 5139//1
f 5597//6 5598//6 5592//6 5590//6
f 5599//6 5600//6 5601//6 5602//6
f 5144//2 5140//2 5595//2 5603//2
f 5604//6 5603//6 5595//6 5596//6
f 5145//1 5605//1 5597//1 5141//1
f 5145//3 5151//3 5606//3 5605//3
f 5605//6 5606//6 5598//6 5597//6
f 5606//6 5607//6 5608//6 5598//6
f 5609//6 5610//6 5611//6 5612//6
f 5155//3 5154//3 5613//3 5610//3
f 5610//6 5613//6 5614//6 5611//6
f 5154//3 5157//3 5615//3 5613//3
f 5613//6 5615//6 5616//6 5614//6
f 5157//3 5147//3 5617//3 5615//3
f 5615//6 5617//6 5618//6 5616//6
f 5147//3 5146//3 5619//3 5617//3
f 5617//6 5619//6 5599//6 5618//6
f 5146//3 5161//3 5620//3 5619//3
f 5619//6 5620//6 5600//6 5599//6
f 5148//2 5144//2 5603//2 5621//2
f 5164//3 5148//3 5621//3 5622//3
f 5622//6 5621//6 5603//6 5604//6
f 5150//1 5623//1 5606//1 5151//1
f 5150//3 5167//3 5624//3 5623//3
f 5623//6 5624//6 5607//6 5606//6
f 5624//6 5625//6 5626//6 5607//6
f 5627//6 5628//6 5609//6 5629//6
f 5153//2 5155//2 5610//2 5630//2
f 5172//3 5153//3 5630//3 5628//3
f 5628//6 5630//6 5610//6 5609//6
f 5160//1 5631//1 5620//1 5161//1
f 5160//3 5175//3 5632//3 5631//3
f 5631//6 5632//6 5633//6 5620//6
f 5163//2 5164//2 5622//2 5634//2
f 5180//3 5163//3 5634//3 5635//3
f 5635//6 5634//6 5622//6 5636//6
f 5166//1 5637//1 5624//1 5167//1
f 5166//3 5168//3 5638//3 5637//3
f 5637//6 5638//6 5625//6 5624//6
f 5168//3 5183//3 5639//3 5638//3
f 5638//6 5639//6 5640//6 5625//6
f 5183//3 5185//3 5641//3 5639//3
f 5639//6 5641//6 5642//6 5640//6
f 5185//3 5170//3 5643//3 5641//3
f 5641//6 5643//6 5627//6 5642//6
f 5169//2 5172//2 5628//2 5644//2
f 5170//3 5169//3 5644//3 5643//3
f 5643//6 5644//6 5628//6 5627//6
f 5174//1 5645//1 5632//1 5175//1
f 5174//3 5176//3 5646//3 5645//3
f 5645//6 5646//6 5647//6 5632//6
f 5176//3 5178//3 5648//3 5646//3
f 5646//6 5648//6 5649//6 5647//6
f 5177//2 5180//2 5635//2 5650//2
f 5178//3 5177//3 5650//3 5648//3
f 5648//6 5650//6 5635//6 5649//6
f 5354//1 5793//1 5794//1 5795//1
f 5355//2 5796//2 5797//2 5798//2
f 5795//4 5794//4 5797//4 5796//4
f 5354//5 5795//5 5796//5 5355//5
f 5793//6 5798//6 5797//6 5794//6
f 5346//4 5792//4 5804//4 5352//4
f 5352//4 5804//4 5805//4 5353//4
f 5353//4 5805//4 5793//4 5354//4
f 5355//4 5798//4 5806//4 5356//4
f 5356//4 5806//4 5807//4 5357//4
f 5357//4 5807//4 5799//4 5347//4
f 5373//1 5823//1 5816//1 5366//1
f 5374//2 5368//2 5818//2 5824//2
f 5375//1 5825//1 5826//1 5376//1
f 5376//4 5826//4 5823//4 5373//4
f 5378//2 5377//2 5827//2 5828//2
f 5374//4 5824//4 5827//4 5377//4
f 5379//1 5829//1 5825//1 5375//1
f 5380//2 5378//2 5828//2 5830//2
f 5381//1 5831//1 5829//1 5379//1
f 5382//2 5380//2 5830//2 5832//2
f 5833//1 5834//1 5835//1 5836//1
f 5833//3 5383//3 5837//3 5834//3
f 5836//4 5835//4 5831//4 5381//4
f 5833//5 5836//5 5381//5 5383//5
f 5834//6 5837//6 5831//6 5835//6
f 5838//2 5839//2 5840//2 5841//2
f 5384//3 5838//3 5841//3 5842//3
f 5382//4 5832//4 5840//4 5839//4
f 5384//5 5382//5 5839//5 5838//5
f 5842//6 5841//6 5840//6 5832//6
f 5385//1 5843//1 5837//1 5383//1
f 5386//2 5384//2 5842//2 5844//2
f 5390//1 5845//1 5846//1 5847//1
f 5847//4 5846//4 5848//4 5849//4
f 5390//5 5847//5 5849//5 5392//5
f 5394//2 5850//2 5851//2 5852//2
f 5849//4 5848//4 5851//4 5850//4
f 5392//5 5849//5 5850//5 5394//5
f 5387//1 5853//1 5843//1 5385//1
f 5388//2 5386//2 5844//2 5854//2
f 5855//1 5856//1 5857//1 5858//1
f 5858//4 5857//4 5859//4 5860//4
f 5855//5 5858//5 5860//5 5404//5
f 5860//4 5859//4 5845//4 5390//4
f 5404//5 5860//5 5390//5 5389//5
f 5394//4 5852//4 5861//4 5397//4
f 5397//4 5861//4 5862//4 5863//4
f 5398//5 5397//5 5863//5 5406//5
f 5408//2 5864//2 5865//2 5866//2
f 5863//4 5862//4 5865//4 5864//4
f 5406//5 5863//5 5864//5 5408//5
f 5399//1 5867//1 5853//1 5387//1
f 5399//3 5400//3 5868//3 5867//3
f 5401//2 5388//2 5854//2 5869//2
f 5402//3 5401//3 5869//3 5870//3
f 5415//1 5871//1 5856//1 5855//1
f 5415//5 5855//5 5404//5 5403//5
f 5417//2 5872//2 5873//2 5874//2
f 5408//4 5866//4 5873//4 5872//4
f 5409//5 5408//5 5872//5 5417//5
f 5410//1 5875//1 5868//1 5400//1
f 5412//2 5402//2 5870//2 5876//2
f 5425//1 5877//1 5878//1 5879//1
f 5879//4 5878//4 5871//4 5415//4
f 5425//5 5879//5 5415//5 5414//5
f 5427//2 5880//2 5881//2 5882//2
f 5417//4 5874//4 5881//4 5880//4
f 5418//5 5417//5 5880//5 5427//5
f 5883//1 5884//1 5875//1 5410//1
f 5883//3 5419//3 5885//3 5884//3
f 5883//5 5410//5 5411//5 5419//5
f 5884//6 5885//6 5886//6 5875//6
f 5419//3 5420//3 5887//3 5885//3
f 5422//3 5421//3 5888//3 5889//3
f 5890//2 5412//2 5876//2 5891//2
f 5421//3 5890//3 5891//3 5888//3
f 5421//5 5413//5 5412//5 5890//5
f 5888//6 5891//6 5876//6 5892//6
f 5424//1 5893//1 5877//1 5425//1
f 5433//2 5894//2 5895//2 5896//2
f 5427//4 5882//4 5895//4 5894//4
f 5428//5 5427//5 5894//5 5433//5
f 5429//1 5897//1 5887//1 5420//1
f 5429//3 5430//3 5898//3 5897//3
f 5431//2 5422//2 5889//2 5899//2
f 5432//1 5900//1 5893//1 5424//1
f 5434//2 5433//2 5896//2 5901//2
f 5435//1 5902//1 5898//1 5430//1
f 5435//3 5442//3 5903//3 5902//3
f 5436//2 5431//2 5899//2 5904//2
f 5905//6 5904//6 5899//6 5906//6
f 5437//1 5907//1 5900//1 5432//1
f 5439//2 5438//2 5908//2 5909//2
f 5434//4 5901//4 5908//4 5438//4
f 5441//1 5910//1 5903//1 5442//1
f 5445//2 5436//2 5904//2 5911//2
f 5446//1 5912//1 5907//1 5437//1
f 5447//2 5439//2 5909//2 5913//2
f 5450//1 5914//1 5915//1 5440//1
f 5440//4 5915//4 5910//4 5441//4
f 5914//6 5916//6 5910//6 5915//6
f 5453//2 5444//2 5917//2 5918//2
f 5445//4 5911//4 5917//4 5444//4
f 5919//6 5918//6 5917//6 5911//6
f 5454//1 5920//1 5912//1 5446//1
f 5456//2 5455//2 5921//2 5922//2
f 5447//4 5913//4 5921//4 5455//4
f 5923//6 5922//6 5921//6 5913//6
f 5457//1 5924//1 5925//1 5448//1
f 5448//4 5925//4 5914//4 5450//4
f 5924//6 5926//6 5914//6 5925//6
f 5458//2 5452//2 5927//2 5928//2
f 5453//4 5918//4 5927//4 5452//4
f 5929//6 5928//6 5927//6 5918//6
f 5459//1 5930//1 5920//1 5454//1
f 5462//2 5456//2 5922//2 5931//2
f 5465//1 5932//1 5924//1 5457//1
f 5932//6 5933//6 5926//6 5924//6
f 5468//2 5458//2 5928//2 5934//2
f 5935//6 5934//6 5928//6 5929//6
f 5469//1 5936//1 5930//1 5459//1
f 5470//2 5461//2 5937//2 5938//2
f 5462//4 5931//4 5937//4 5461//4
f 5939//6 5938//6 5937//6 5931//6
f 5472//1 5940//1 5932//1 5465//1
f 5474//2 5468//2 5934//2 5941//2
f 5475//1 5942//1 5936//1 5469//1
f 5475//3 5481//3 5943//3 5942//3
f 5942//6 5943//6 5944//6 5936//6
f 5476//2 5470//2 5938//2 5945//2
f 5946//6 5945//6 5938//6 5939//6
f 5477//1 5947//1 5948//1 5471//1
f 5471//4 5948//4 5940//4 5472//4
f 5947//6 5949//6 5940//6 5948//6
f 5478//2 5473//2 5950//2 5951//2
f 5474//4 5941//4 5950//4 5473//4
f 5952//6 5951//6 5950//6 5941//6
f 5480//1 5953//1 5943//1 5481//1
f 5482//2 5476//2 5945//2 5954//2
f 5955//6 5954//6 5945//6 5946//6
f 5483//1 5956//1 5947//1 5477//1
f 5956//6 5957//6 5949//6 5947//6
f 5484//2 5478//2 5951//2 5958//2
f 5959//6 5958//6 5951//6 5952//6
f 5485//1 5960//1 5953//1 5480//1
f 5486//2 5482//2 5954//2 5961//2
f 5962//6 5961//6 5954//6 5955//6
f 5489//1 5963//1 5956//1 5483//1
f 5963//6 5964//6 5957//6 5956//6
f 5492//2 5484//2 5958//2 5965//2
f 5966//6 5965//6 5958//6 5959//6
f 5493//1 5967//1 5960//1 5485//1
f 5967//6 5968//6 5969//6 5960//6
f 5494//2 5486//2 5961//2 5970//2
f 5502//3 5494//3 5970//3 5971//3
f 5971//6 5970//6 5961//6 5962//6
f 5496//1 5972//1 5963//1 5489//1
f 5498//2 5492//2 5965//2 5973//2
f 5499//1 5974//1 5967//1 5493//1
f 5499//3 5509//3 5975//3 5974//3
f 5974//6 5975//6 5968//6 5967//6
f 5501//2 5502//2 5971//2 5976//2
f 5512//3 5501//3 5976//3 5977//3
f 5977//6 5976//6 5971//6 5978//6
f 5504//1 5979//1 5972//1 5496//1
f 5506//2 5498//2 5973//2 5980//2
f 5508//1 5981//1 5975//1 5509//1
f 5981//6 5982//6 5983//6 5975//6
f 5511//2 5512//2 5977//2 5984//2
f 5521//3 5511//3 5984//3 5985//3
f 5514//1 5986//1 5979//1 5504//1
f 5516//2 5506//2 5980//2 5987//2
f 5518//1 5988//1 5981//1 5508//1
f 5518//3 5528//3 5989//3 5988//3
f 5988//6 5989//6 5982//6 5981//6
f 5989//6 5990//6 5991//6 5982//6
f 5520//2 5521//2 5985//2 5992//2
f 5532//3 5520//3 5992//3 5993//3
f 5993//6 5992//6 5985//6 5994//6
f 5523//1 5995//1 5986//1 5514//1
f 5525//2 5516//2 5987//2 5996//2
f 5527//1 5997//1 5989//1 5528//1
f 5527//3 5540//3 5998//3 5997//3
f 5997//6 5998//6 5990//6 5989//6
f 5540//3 5542//3 5999//3 5998//3
f 5998//6 5999//6 6000//6 5990//6
f 5542//3 5544//3 6001//3 5999//3
f 5999//6 6001//6 6002//6 6000//6
f 5544//3 5546//3 6003//3 6001//3
f 6001//6 6003//6 6004//6 6002//6
f 5546//3 5548//3 6005//3 6003//3
f 6003//6 6005//6 6006//6 6004//6
f 5548//3 5530//3 6007//3 6005//3
f 6005//6 6007//6 6008//6 6006//6
f 5529//2 5532//2 5993//2 6009//2
f 5530//3 5529//3 6009//3 6007//3
f 6007//6 6009//6 5993//6 6008//6
f 5534//1 6010//1 5995//1 5523//1
f 5536//2 5525//2 5996//2 6011//2
f 5551//1 6012//1 6010//1 5534//1
f 6012//6 6013//6 6014//6 6010//6
f 5553//2 5536//2 6011//2 6015//2
f 6016//6 6015//6 6011//6 6017//6
f 5557//1 6018//1 6012//1 5551//1
f 6018//6 6019//6 6013//6 6012//6
f 5558//2 5553//2 6015//2 6020//2
f 6021//6 6020//6 6015//6 6016//6
f 5559//1 6022//1 6018//1 5557//1
f 5559//3 5563//3 6023//3 6022//3
f 6022//6 6023//6 6019//6 6018//6
f 5560//2 5558//2 6020//2 6024//2
f 5566//3 5560//3 6024//3 6025//3
f 6025//6 6024//6 6020//6 6021//6
f 5562//1 6026//1 6023//1 5563//1
f 5565//2 5566//2 6025//2 6027//2
f 5568//1 6028//1 6026//1 5562//1
f 6028//6 6029//6 6030//6 6026//6
f 5570//2 5565//2 6027//2 6031//2
f 6032//6 6031//6 6027//6 6033//6
f 5571//1 6034//1 6028//1 5568//1
f 5571//3 5577//3 6035//3 6034//3
f 6034//6 6035//6 6029//6 6028//6
f 5572//2 5570//2 6031//2 6036//2
f 5580//3 5572//3 6036//3 6037//3
f 6037//6 6036//6 6031//6 6032//6
f 5576//1 6038//1 6035//1 5577//1
f 6038//6 6039//6 6040//6 6035//6
f 5578//2 5580//2 6037//2 6041//2
f 6042//6 6041//6 6037//6 6043//6
f 5586//1 6044//1 6045//1 5575//1
f 5575//4 6045//4 6038//4 5576//4
f 6044//6 6046//6 6038//6 6045//6
f 6046//6 6047//6 6039//6 6038//6
f 6047//6 6048//6 6049//6 6039//6
f 6050//6 6051//6 6042//6 6052//6
f 6051//6 6053//6 6041//6 6042//6
f 5578//4 6041//4 6054//4 5579//4
f 6053//6 6055//6 6054//6 6041//6
f 5589//2 5582//2 6056//2 6057//2
f 5579//4 6054//4 6056//4 5582//4
f 6055//6 6057//6 6056//6 6054//6
f 5593//1 6058//1 6059//1 5585//1
f 5585//4 6059//4 6044//4 5586//4
f 6058//6 6060//6 6044//6 6059//6
f 6060//6 6061//6 6046//6 6044//6
f 6061//6 6062//6 6047//6 6046//6
f 6062//6 6063//6 6048//6 6047//6
f 6063//6 6064//6 6065//6 6048//6
f 5602//3 5601//3 6066//3 6067//3
f 6067//6 6066//6 6050//6 6068//6
f 6066//6 6069//6 6051//6 6050//6
f 6069//6 6070//6 6053//6 6051//6
f 6070//6 6071//6 6055//6 6053//6
f 6071//6 6072//6 6057//6 6055//6
f 5596//2 5588//2 6073//2 6074//2
f 5589//4 6057//4 6073//4 5588//4
f 6072//6 6074//6 6073//6 6057//6
f 5598//1 6075//1 6076//1 5592//1
f 5598//3 5608//3 6077//3 6075//3
f 5592//4 6076//4 6058//4 5593//4
f 6075//6 6077//6 6058//6 6076//6
f 6077//6 6078//6 6060//6 6058//6
f 6078//6 6079//6 6061//6 6060//6
f 6080//6 6081//6 6063//6 6062//6
f 6081//6 6082//6 6064//6 6063//6
f 5612//3 5611//3 6083//3 6082//3
f 6082//6 6083//6 6084//6 6064//6
f 5611//3 5614//3 6085//3 6083//3
f 6083//6 6085//6 6086//6 6084//6
f 5614//3 5616//3 6087//3 6085//3
f 5616//3 5618//3 6088//3 6087//3
f 6087//6 6088//6 6089//6 6090//6
f 5599//2 5602//2 6067//2 6091//2
f 5618//3 5599//3 6091//3 6088//3
f 6088//6 6091//6 6067//6 6089//6
f 5600//1 6092//1 6066//1 5601//1
f 6092//6 6093//6 6069//6 6066//6
f 6093//6 6094//6 6070//6 6069//6
f 6095//6 6096//6 6072//6 6071//6
f 5604//2 5596//2 6074//2 6097//2
f 6096//6 6097//6 6074//6 6072//6
f 5607//1 6098//1 6077//1 5608//1
f 5607//3 5626//3 6099//3 6098//3
f 6098//6 6099//6 6078//6 6077//6
f 6099//6 6100//6 6079//6 6078//6
f 6100//6 6101//6 6080//6 6079//6
f 6101//6 6102//6 6081//6 6080//6
f 5609//2 5612//2 6082//2 6103//2
f 5629//3 5609//3 6103//3 6102//3
f 6102//6 6103//6 6082//6 6081//6
f 5620//1 6104//1 6092//1 5600//1
f 5620//3 5633//3 6105//3 6104//3
f 6104//6 6105//6 6093//6 6092//6
f 6105//6 6106//6 6094//6 6093//6
f 6106//6 6107//6 6095//6 6094//6
f 6107//6 6108//6 6096//6 6095//6
f 5622//2 5604//2 6097//2 6109//2
f 5636//3 5622//3 6109//3 6108//3
f 6108//6 6109//6 6097//6 6096//6
f 5625//1 6110//1 6099//1 5626//1
f 5625//3 5640//3 6111//3 6110//3
f 6110//6 6111//6 6100//6 6099//6
f 5640//3 5642//3 6112//3 6111//3
f 6111//6 6112//6 6101//6 6100//6
f 5627//2 5629//2 6102//2 6113//2
f 5642//3 5627//3 6113//3 6112//3
f 6112//6 6113//6 6102//6 6101//6
f 5632//1 6114//1 6105//1 5633//1
f 5632//3 5647//3 6115//3 6114//3
f 6114//6 6115//6 6106//6 6105//6
f 5647//3 5649//3 6116//3 6115//3
f 6115//6 6116//6 6107//6 6106//6
f 5635//2 5636//2 6108//2 6117//2
f 5649//3 5635//3 6117//3 6116//3
f 6116//6 6117//6 6108//6 6107//6
f 5792//4 6299//4 6318//4 5804//4
f 5804//4 6318//4 6319//4 5805//4
f 5805//4 6319//4 6320//4 5793//4
f 5793//4 6320//4 6321//4 5798//4
f 5798//4 6321//4 6322//4 5806//4
f 5806//4 6322//4 6323//4 5807//4
f 5807//4 6323//4 6300//4 5799//4
f 5823//1 6356//1 6349//1 5816//1
f 5824//2 5818//2 6351//2 6357//2
f 5825//1 6358//1 6359//1 5826//1
f 5826//4 6359//4 6356//4 5823//4
f 5828//2 5827//2 6360//2 6361//2
f 5824//4 6357//4 6360//4 5827//4
f 5829//1 6362//1 6358//1 5825//1
f 5830//2 5828//2 6361//2 6363//2
f 5831//1 6364//1 6362//1 5829//1
f 5832//2 5830//2 6363//2 6365//2
f 5837//1 6366//1 6364//1 5831//1
f 5842//2 5832//2 6365//2 6367//2
f 5843//1 6374//1 6366//1 5837//1
f 5844//2 5842//2 6367//2 6375//2
f 5857//1 6376//1 6377//1 6378//1
f 6378//4 6377//4 6379//4 6380//4
f 5857//5 6378//5 6380//5 5859//5
f 5862//2 6384//2 6385//2 6386//2
f 6383//4 6382//4 6385//4 6384//4
f 5861//5 6383//5 6384//5 5862//5
f 5853//1 6387//1 6374//1 5843//1
f 5854//2 5844//2 6375//2 6388//2
f 6389//1 6390//1 6391//1 6392//1
f 6392//4 6391//4 6376//4 5857//4
f 6389//5 6392//5 5857//5 5856//5
f 5866//2 5865//2 6393//2 6394//2
f 5862//4 6386//4 6393//4 5865//4
f 5867//1 6395//1 6387//1 5853//1
f 5867//3 5868//3 6396//3 6395//3
f 5869//2 5854//2 6388//2 6397//2
f 5870//3 5869//3 6397//3 6398//3
f 5878//1 6399//1 6390//1 6389//1
f 5878//5 6389//5 5856//5 5871//5
f 5874//2 5873//2 6400//2 6401//2
f 5866//4 6394//4 6400//4 5873//4
f 5875//1 6402//1 6396//1 5868//1
f 5875//3 5886//3 6403//3 6402//3
f 5876//2 5870//2 6398//2 6404//2
f 5892//3 5876//3 6404//3 6405//3
f 5877//1 6406//1 6399//1 5878//1
f 5882//2 5881//2 6407//2 6408//2
f 5874//4 6401//4 6407//4 5881//4
f 5885//1 6409//1 6403//1 5886//1
f 5885//3 5887//3 6410//3 6409//3
f 5888//2 5892//2 6405//2 6411//2
f 5889//3 5888//3 6411//3 6412//3
f 6413//1 6414//1 6415//1 6416//1
f 6416//4 6415//4 6406//4 5877//4
f 6413//5 6416//5 5877//5 5893//5
f 5896//2 5895//2 6417//2 6418//2
f 5882//4 6408//4 6417//4 5895//4
f 5897//1 6419//1 6410//1 5887//1
f 5897//3 5898//3 6420//3 6419//3
f 5899//2 5889//2 6412//2 6421//2
f 5906//3 5899//3 6421//3 6422//3
f 6423//1 6424//1 6414//1 6413//1
f 6423//5 6413//5 5893//5 5900//5
f 5901//2 5896//2 6418//2 6425//2
f 5902//1 6426//1 6420//1 5898//1
f 5902//3 5903//3 6427//3 6426//3
f 5905//2 5906//2 6422//2 6428//2
f 6429//1 6430//1 6424//1 6423//1
f 6429//5 6423//5 5900//5 5907//5
f 5909//2 5908//2 6431//2 6432//2
f 5901//4 6425//4 6431//4 5908//4
f 6433//6 6432//6 6431//6 6425//6
f 6437//1 6438//1 6430//1 6429//1
f 6437//3 5912//3 6439//3 6438//3
f 6437//5 6429//5 5907//5 5912//5
f 5913//2 5909//2 6432//2 6440//2
f 5920//1 6443//1 6439//1 5912//1
f 5923//2 5913//2 6440//2 6444//2
f 5930//1 6449//1 6443//1 5920//1
f 5931//2 5922//2 6450//2 6451//2
f 5923//4 6444//4 6450//4 5922//4
f 6452//6 6451//6 6450//6 6444//6
f 5936//1 6455//1 6449//1 5930//1
f 5936//3 5944//3 6456//3 6455//3
f 5939//2 5931//2 6451//2 6457//2
f 6458//6 6457//6 6451//6 6452//6
f 5940//1 6459//1 6460//1 5932//1
f 5932//4 6460//4 6453//4 5933//4
f 5941//2 5934//2 6461//2 6462//2
f 5935//4 6454//4 6461//4 5934//4
f 5943//1 6463//1 6456//1 5944//1
f 5946//2 5939//2 6457//2 6464//2
f 6465//6 6464//6 6457//6 6458//6
f 5949//1 6466//1 6459//1 5940//1
f 5952//2 5941//2 6462//2 6467//2
f 5953//1 6468//1 6463//1 5943//1
f 5955//2 5946//2 6464//2 6469//2
f 6470//6 6469//6 6464//6 6465//6
f 5957//1 6471//1 6466//1 5949//1
f 5959//2 5952//2 6467//2 6472//2
f 5960//1 6473//1 6468//1 5953//1
f 5960//3 5969//3 6474//3 6473//3
f 6473//6 6474//6 6475//6 6468//6
f 5962//2 5955//2 6469//2 6476//2
f 6477//6 6476//6 6469//6 6470//6
f 5964//1 6478//1 6471//1 5957//1
f 5966//2 5959//2 6472//2 6479//2
f 5968//1 6480//1 6474//1 5969//1
f 6480//6 6481//6 6482//6 6474//6
f 5971//2 5962//2 6476//2 6483//2
f 5978//3 5971//3 6483//3 6484//3
f 6484//6 6483//6 6476//6 6477//6
f 5972//1 6485//1 6486//1 5963//1
f 5963//4 6486//4 6478//4 5964//4
f 6485//6 6487//6 6478//6 6486//6
f 5973//2 5965//2 6488//2 6489//2
f 5966//4 6479//4 6488//4 5965//4
f 6490//6 6489//6 6488//6 6479//6
f 5975//1 6491//1 6480//1 5968//1
f 5975//3 5983//3 6492//3 6491//3
f 6491//6 6492//6 6481//6 6480//6
f 6492//6 6493//6 6494//6 6481//6
f 5977//2 5978//2 6484//2 6495//2
f 6496//6 6495//6 6484//6 6497//6
f 5979//1 6498//1 6485//1 5972//1
f 6498//6 6499//6 6487//6 6485//6
f 5980//2 5973//2 6489//2 6500//2
f 6501//6 6500//6 6489//6 6490//6
f 5982//1 6502//1 6492//1 5983//1
f 5982//3 5991//3 6503//3 6502//3
f 6502//6 6503//6 6493//6 6492//6
f 6503//6 6504//6 6505//6 6493//6
f 5994//3 5985//3 6506//3 6507//3
f 6507//6 6506//6 6496//6 6508//6
f 5984//2 5977//2 6495//2 6509//2
f 5985//3 5984//3 6509//3 6506//3
f 6506//6 6509//6 6495//6 6496//6
f 5986//1 6510//1 6498//1 5979//1
f 6510//6 6511//6 6499//6 6498//6
f 5987//2 5980//2 6500//2 6512//2
f 6513//6 6512//6 6500//6 6501//6
f 5990//1 6514//1 6503//1 5991//1
f 5990//3 6000//3 6515//3 6514//3
f 6514//6 6515//6 6504//6 6503//6
f 6000//3 6002//3 6516//3 6515//3
f 6515//6 6516//6 6517//6 6504//6
f 6002//3 6004//3 6518//3 6516//3
f 6516//6 6518//6 6519//6 6517//6
f 6004//3 6006//3 6520//3 6518//3
f 6518//6 6520//6 6521//6 6519//6
f 6006//3 6008//3 6522//3 6520//3
f 6520//6 6522//6 6523//6 6521//6
f 5993//2 5994//2 6507//2 6524//2
f 6008//3 5993//3 6524//3 6522//3
f 6522//6 6524//6 6507//6 6523//6
f 5995//1 6525//1 6510//1 5986//1
f 6525//6 6526//6 6511//6 6510//6
f 5996//2 5987//2 6512//2 6527//2
f 6528//6 6527//6 6512//6 6513//6
f 6010//1 6529//1 6525//1 5995//1
f 6010//3 6014//3 6530//3 6529//3
f 6529//6 6530//6 6526//6 6525//6
f 6011//2 5996//2 6527//2 6531//2
f 6017//3 6011//3 6531//3 6532//3
f 6532//6 6531//6 6527//6 6528//6
f 6013//1 6533//1 6530//1 6014//1
f 6016//2 6017//2 6532//2 6534//2
f 6019//1 6535//1 6533//1 6013//1
f 6535//6 6536//6 6537//6 6533//6
f 6021//2 6016//2 6534//2 6538//2
f 6539//6 6538//6 6534//6 6540//6
f 6023//1 6541//1 6535//1 6019//1
f 6541//6 6542//6 6536//6 6535//6
f 6025//2 6021//2 6538//2 6543//2
f 6544//6 6543//6 6538//6 6539//6
f 6026//1 6545//1 6541//1 6023//1
f 6026//3 6030//3 6546//3 6545//3
f 6545//6 6546//6 6542//6 6541//6
f 6027//2 6025//2 6543//2 6547//2
f 6033//3 6027//3 6547//3 6548//3
f 6548//6 6547//6 6543//6 6544//6
f 6029//1 6549//1 6546//1 6030//1
f 6549//6 6550//6 6551//6 6546//6
f 6032//2 6033//2 6548//2 6552//2
f 6553//6 6552//6 6548//6 6554//6
f 6035//1 6555//1 6549//1 6029//1
f 6035//3 6040//3 6556//3 6555//3
f 6555//6 6556//6 6550//6 6549//6
f 6037//2 6032//2 6552//2 6557//2
f 6043//3 6037//3 6557//3 6558//3
f 6558//6 6557//6 6552//6 6553//6
f 6039//1 6559//1 6556//1 6040//1
f 6039//3 6049//3 6560//3 6559//3
f 6559//6 6560//6 6561//6 6556//6
f 6042//2 6043//2 6558//2 6562//2
f 6052//3 6042//3 6562//3 6563//3
f 6563//6 6562//6 6558//6 6564//6
f 6048//1 6565//1 6560//1 6049//1
f 6048//3 6065//3 6566//3 6565//3
f 6565//6 6566//6 6567//6 6560//6
f 6050//2 6052//2 6563//2 6568//2
f 6068//3 6050//3 6568//3 6569//3
f 6569//6 6568//6 6563//6 6570//6
f 6064//1 6571//1 6566//1 6065//1
f 6064//3 6084//3 6572//3 6571//3
f 6571//6 6572//6 6573//6 6566//6
f 6084//3 6086//3 6574//3 6572//3
f 6572//6 6574//6 6575//6 6573//6
f 6574//6 6576//6 6577//6 6575//6
f 6090//3 6089//3 6578//3 6576//3
f 6576//6 6578//6 6579//6 6577//6
f 6067//2 6068//2 6569//2 6580//2
f 6089//3 6067//3 6580//3 6578//3
f 6578//6 6580//6 6569//6 6579//6
f 6079//1 6581//1 6582//1 6061//1
f 6080//2 6062//2 6583//2 6584//2
f 6079//3 6080//3 6584//3 6581//3
f 6061//4 6582//4 6583//4 6062//4
f 6581//6 6584//6 6583//6 6582//6
f 6085//1 6585//1 6574//1 6086//1
f 6087//2 6090//2 6576//2 6586//2
f 6085//3 6087//3 6586//3 6585//3
f 6585//6 6586//6 6576//6 6574//6
f 6094//1 6587//1 6588//1 6070//1
f 6095//2 6071//2 6589//2 6590//2
f 6094//3 6095//3 6590//3 6587//3
f 6070//4 6588//4 6589//4 6071//4
f 6587//6 6590//6 6589//6 6588//6
f 6317//1 6713//1 6714//1 6299//1
f 6299//4 6714//4 6715//4 6318//4
f 6713//6 6716//6 6715//6 6714//6
f 6318//4 6715//4 6717//4 6319//4
f 6319//4 6717//4 6718//4 6320//4
f 6320//4 6718//4 6719//4 6321//4
f 6321//4 6719//4 6720//4 6322//4
f 6322//4 6720//4 6721//4 6323//4
f 6324//2 6300//2 6722//2 6723//2
f 6323//4 6721//4 6722//4 6300//4
f 6724//6 6723//6 6722//6 6721//6
f 6337//1 6729//1 6730//1 6315//1
f 6315//4 6730//4 6731//4 6316//4
f 6729//6 6732//6 6731//6 6730//6
f 6316//4 6731//4 6713//4 6317//4
f 6324//4 6723//4 6733//4 6325//4
f 6338//2 6326//2 6734//2 6735//2
f 6325//4 6733//4 6734//4 6326//4
f 6736//6 6735//6 6734//6 6733//6
f 6336//4 6728//4 6729//4 6337//4
f 6338//4 6735//4 6737//4 6339//4
f 6356//1 6743//1 6739//1 6349//1
f 6357//2 6351//2 6741//2 6744//2
f 6358//1 6745//1 6746//1 6359//1
f 6359//4 6746//4 6743//4 6356//4
f 6745//6 6747//6 6743//6 6746//6
f 6361//2 6360//2 6748//2 6749//2
f 6357//4 6744//4 6748//4 6360//4
f 6750//6 6749//6 6748//6 6744//6
f 6362//1 6751//1 6745//1 6358//1
f 6363//2 6361//2 6749//2 6752//2
f 6364//1 6753//1 6751//1 6362//1
f 6365//2 6363//2 6752//2 6754//2
f 6369//1 6755//1 6756//1 6757//1
f 6372//2 6758//2 6759//2 6760//2
f 6757//4 6756//4 6759//4 6758//4
f 6369//5 6757//5 6758//5 6372//5
f 6366//1 6761//1 6753//1 6364//1
f 6367//2 6365//2 6754//2 6762//2
f 6374//1 6773//1 6761//1 6366//1
f 6375//2 6367//2 6762//2 6774//2
f 6393//2 6779//2 6780//2 6781//2
f 6385//4 6778//4 6780//4 6779//4
f 6386//5 6385//5 6779//5 6393//5
f 6387//1 6782//1 6773//1 6374//1
f 6388//2 6375//2 6774//2 6783//2
f 6400//2 6785//2 6786//2 6787//2
f 6393//4 6781//4 6786//4 6785//4
f 6394//5 6393//5 6785//5 6400//5
f 6395//1 6788//1 6782//1 6387//1
f 6395//3 6396//3 6789//3 6788//3
f 6788//6 6789//6 6790//6 6782//6
f 6397//2 6388//2 6783//2 6791//2
f 6398//3 6397//3 6791//3 6792//3
f 6792//6 6791//6 6783//6 6793//6
f 6794//1 6795//1 6796//1 6797//1
f 6797//4 6796//4 6784//4 6390//4
f 6794//5 6797//5 6390//5 6399//5
f 6401//2 6400//2 6787//2 6798//2
f 6402//1 6799//1 6789//1 6396//1
f 6402//3 6403//3 6800//3 6799//3
f 6404//2 6398//2 6792//2 6801//2
f 6405//3 6404//3 6801//3 6802//3
f 6415//1 6803//1 6795//1 6794//1
f 6415//5 6794//5 6399//5 6406//5
f 6408//2 6407//2 6804//2 6805//2
f 6401//4 6798//4 6804//4 6407//4
f 6409//1 6806//1 6800//1 6403//1
f 6409//3 6410//3 6807//3 6806//3
f 6411//2 6405//2 6802//2 6808//2
f 6414//1 6809//1 6803//1 6415//1
f 6418//2 6417//2 6810//2 6811//2
f 6408//4 6805//4 6810//4 6417//4
f 6812//6 6811//6 6810//6 6805//6
f 6419//1 6813//1 6807//1 6410//1
f 6419//3 6420//3 6814//3 6813//3
f 6813//6 6814//6 6815//6 6807//6
f 6424//1 6818//1 6809//1 6414//1
f 6425//2 6418//2 6811//2 6819//2
f 6430//1 6823//1 6818//1 6424//1
f 6433//2 6425//2 6819//2 6824//2
f 6438//1 6829//1 6823//1 6430//1
f 6438//3 6439//3 6830//3 6829//3
f 6829//6 6830//6 6831//6 6823//6
f 6440//2 6432//2 6832//2 6833//2
f 6433//4 6824//4 6832//4 6432//4
f 6834//6 6833//6 6832//6 6824//6
f 6443//1 6843//1 6830//1 6439//1
f 6444//2 6440//2 6833//2 6844//2
f 6845//6 6844//6 6833//6 6834//6
f 6449//1 6850//1 6843//1 6443//1
f 6452//2 6444//2 6844//2 6851//2
f 6455//1 6854//1 6850//1 6449//1
f 6455//3 6456//3 6855//3 6854//3
f 6854//6 6855//6 6856//6 6850//6
f 6458//2 6452//2 6851//2 6857//2
f 6463//1 6860//1 6855//1 6456//1
f 6465//2 6458//2 6857//2 6861//2
f 6862//6 6861//6 6857//6 6863//6
f 6468//1 6866//1 6860//1 6463//1
f 6468//3 6475//3 6867//3 6866//3
f 6866//6 6867//6 6868//6 6860//6
f 6470//2 6465//2 6861//2 6869//2
f 6870//6 6869//6 6861//6 6862//6
f 6474//1 6873//1 6867//1 6475//1
f 6474//3 6482//3 6874//3 6873//3
f 6873//6 6874//6 6875//6 6867//6
f 6477//2 6470//2 6869//2 6876//2
f 6877//6 6876//6 6869//6 6870//6
f 6481//1 6880//1 6874//1 6482//1
f 6481//3 6494//3 6881//3 6880//3
f 6880//6 6881//6 6882//6 6874//6
f 6484//2 6477//2 6876//2 6883//2
f 6497//3 6484//3 6883//3 6884//3
f 6884//6 6883//6 6876//6 6877//6
f 6487//1 6885//1 6878//1 6478//1
f 6490//2 6479//2 6879//2 6886//2
f 6493//1 6887//1 6881//1 6494//1
f 6493//3 6505//3 6888//3 6887//3
f 6887//6 6888//6 6889//6 6881//6
f 6496//2 6497//2 6884//2 6890//2
f 6508//3 6496//3 6890//3 6891//3
f 6891//6 6890//6 6884//6 6892//6
f 6499//1 6893//1 6885//1 6487//1
f 6501//2 6490//2 6886//2 6894//2
f 6504//1 6895//1 6888//1 6505//1
f 6504//3 6517//3 6896//3 6895//3
f 6895//6 6896//6 6897//6 6888//6
f 6517//3 6519//3 6898//3 6896//3
f 6896//6 6898//6 6899//6 6897//6
f 6519//3 6521//3 6900//3 6898//3
f 6898//6 6900//6 6901//6 6899//6
f 6521//3 6523//3 6902//3 6900//3
f 6900//6 6902//6 6903//6 6901//6
f 6507//2 6508//2 6891//2 6904//2
f 6523//3 6507//3 6904//3 6902//3
f 6902//6 6904//6 6891//6 6903//6
f 6511//1 6905//1 6893//1 6499//1
f 6513//2 6501//2 6894//2 6906//2
f 6526//1 6907//1 6905//1 6511//1
f 6528//2 6513//2 6906//2 6908//2
f 6530//1 6909//1 6907//1 6526//1
f 6532//2 6528//2 6908//2 6910//2
f 6533//1 6911//1 6909//1 6530//1
f 6533//3 6537//3 6912//3 6911//3
f 6911//6 6912//6 6913//6 6909//6
f 6534//2 6532//2 6910//2 6914//2
f 6540//3 6534//3 6914//3 6915//3
f 6915//6 6914//6 6910//6 6916//6
f 6536//1 6917//1 6912//1 6537//1
f 6539//2 6540//2 6915//2 6918//2
f 6542//1 6919//1 6917//1 6536//1
f 6544//2 6539//2 6918//2 6920//2
f 6546//1 6921//1 6919//1 6542//1
f 6546//3 6551//3 6922//3 6921//3
f 6548//2 6544//2 6920//2 6923//2
f 6554//3 6548//3 6923//3 6924//3
f 6550//1 6925//1 6922//1 6551//1
f 6553//2 6554//2 6924//2 6926//2
f 6556//1 6927//1 6925//1 6550//1
f 6556//3 6561//3 6928//3 6927//3
f 6558//2 6553//2 6926//2 6929//2
f 6564//3 6558//3 6929//3 6930//3
f 6560//1 6931//1 6928//1 6561//1
f 6560//3 6567//3 6932//3 6931//3
f 6932//6 6933//6 6934//6 6935//6
f 6933//6 6936//6 6937//6 6934//6
f 6938//6 6939//6 6940//6 6941//6
f 6939//6 6942//6 6943//6 6940//6
f 6563//2 6564//2 6930//2 6944//2
f 6570//3 6563//3 6944//3 6942//3
f 6566//1 6945//1 6932//1 6567//1
f 6566//3 6573//3 6946//3 6945//3
f 6945//6 6946//6 6933//6 6932//6
f 6573//3 6575//3 6947//3 6946//3
f 6946//6 6947//6 6936//6 6933//6
f 6575//3 6577//3 6948//3 6947//3
f 6947//6 6948//6 6938//6 6936//6
f 6577//3 6579//3 6949//3 6948//3
f 6948//6 6949//6 6939//6 6938//6
f 6569//2 6570//2 6942//2 6950//2
f 6579//3 6569//3 6950//3 6949//3
f 6949//6 6950//6 6942//6 6939//6
f 6716//1 7127//1 7128//1 6715//1
f 6715//4 7128//4 7129//4 6717//4
f 7127//6 7130//6 7129//6 7128//6
f 6717//4 7129//4 7131//4 6718//4
f 7130//6 7132//6 7131//6 7129//6
f 6718//4 7131//4 7133//4 6719//4
f 7132//6 7134//6 7133//6 7131//6
f 6719//4 7133//4 7135//4 6720//4
f 7134//6 7136//6 7135//6 7133//6
f 6724//2 6721//2 7137//2 7138//2
f 6720//4 7135//4 7137//4 6721//4
f 7136//6 7138//6 7137//6 7135//6
f 6732//1 7139//1 7140//1 6731//1
f 6731//4 7140//4 7141//4 6713//4
f 7139//6 7142//6 7141//6 7140//6
f 6713//4 7141//4 7127//4 6716//4
f 6724//4 7138//4 7143//4 6723//4
f 6736//2 6733//2 7144//2 7145//2
f 6723//4 7143//4 7144//4 6733//4
f 7146//6 7145//6 7144//6 7143//6
f 6740//1 7147//1 7148//1 6728//1
f 6728//4 7148//4 7149//4 6729//4
f 7147//6 7150//6 7149//6 7148//6
f 6729//4 7149//4 7139//4 6732//4
f 6736//4 7145//4 7151//4 6735//4
f 6742//2 6737//2 7152//2 7153//2
f 6735//4 7151//4 7152//4 6737//4
f 7154//6 7153//6 7152//6 7151//6
f 6743//1 7155//1 7156//1 6739//1
f 6739//4 7156//4 7147//4 6740//4
f 7155//6 7157//6 7147//6 7156//6
f 6744//2 6741//2 7158//2 7159//2
f 6742//4 7153//4 7158//4 6741//4
f 7160//6 7159//6 7158//6 7153//6
f 6747//1 7161//1 7155//1 6743//1
f 6750//2 6744//2 7159//2 7162//2
f 6751//1 7163//1 7164//1 6745//1
f 6745//4 7164//4 7161//4 6747//4
f 7163//6 7165//6 7161//6 7164//6
f 6752//2 6749//2 7166//2 7167//2
f 6750//4 7162//4 7166//4 6749//4
f 7168//6 7167//6 7166//6 7162//6
f 6753//1 7169//1 7163//1 6751//1
f 7169//6 7170//6 7165//6 7163//6
f 6754//2 6752//2 7167//2 7171//2
f 7172//6 7171//6 7167//6 7168//6
f 6761//1 7185//1 7169//1 6753//1
f 7185//6 7186//6 7170//6 7169//6
f 6762//2 6754//2 7171//2 7187//2
f 7188//6 7187//6 7171//6 7172//6
f 6773//1 7198//1 7185//1 6761//1
f 7198//6 7199//6 7186//6 7185//6
f 6774//2 6762//2 7187//2 7200//2
f 7201//6 7200//6 7187//6 7188//6
f 6782//1 7206//1 7198//1 6773//1
f 6782//3 6790//3 7207//3 7206//3
f 7206//6 7207//6 7199//6 7198//6
f 6783//2 6774//2 7200//2 7208//2
f 6793//3 6783//3 7208//3 7209//3
f 7209//6 7208//6 7200//6 7201//6
f 6787//2 6786//2 7215//2 7216//2
f 6781//4 7205//4 7215//4 6786//4
f 6789//1 7217//1 7207//1 6790//1
f 6792//2 6793//2 7209//2 7218//2
f 6798//2 6787//2 7216//2 7220//2
f 6799//1 7221//1 7217//1 6789//1
f 6799//3 6800//3 7222//3 7221//3
f 7221//6 7222//6 7223//6 7217//6
f 6801//2 6792//2 7218//2 7224//2
f 6802//3 6801//3 7224//3 7225//3
f 7225//6 7224//6 7218//6 7226//6
f 6805//2 6804//2 7228//2 7229//2
f 6798//4 7220//4 7228//4 6804//4
f 6806//1 7230//1 7222//1 6800//1
f 6806//3 6807//3 7231//3 7230//3
f 7230//6 7231//6 7232//6 7222//6
f 6807//3 6815//3 7233//3 7231//3
f 6808//2 6802//2 7225//2 7234//2
f 7235//6 7234//6 7225//6 7236//6
f 6809//1 7237//1 7227//1 6803//1
f 6812//2 6805//2 7229//2 7238//2
f 6814//1 7239//1 7233//1 6815//1
f 6818//1 7241//1 7237//1 6809//1
f 6819//2 6811//2 7242//2 7243//2
f 6812//4 7238//4 7242//4 6811//4
f 7244//6 7243//6 7242//6 7238//6
f 6823//1 7254//1 7241//1 6818//1
f 6823//3 6831//3 7255//3 7254//3
f 6824//2 6819//2 7243//2 7256//2
f 6830//1 7261//1 7255//1 6831//1
f 6834//2 6824//2 7256//2 7262//2
f 6843//1 7265//1 7261//1 6830//1
f 6845//2 6834//2 7262//2 7266//2
f 6850//1 7269//1 7265//1 6843//1
f 6850//3 6856//3 7270//3 7269//3
f 7269//6 7270//6 7271//6 7265//6
f 6851//2 6844//2 7272//2 7273//2
f 6845//4 7266//4 7272//4 6844//4
f 7274//6 7273//6 7272//6 7266//6
f 6855//1 7277//1 7270//1 6856//1
f 6857//2 6851//2 7273//2 7278//2
f 6863//3 6857//3 7278//3 7279//3
f 7279//6 7278//6 7273//6 7274//6
f 6860//1 7290//1 7277//1 6855//1
f 6860//3 6868//3 7291//3 7290//3
f 7290//6 7291//6 7292//6 7277//6
f 6862//2 6863//2 7279//2 7293//2
f 7294//6 7293//6 7279//6 7295//6
f 6867//1 7298//1 7291//1 6868//1
f 6867//3 6875//3 7299//3 7298//3
f 7298//6 7299//6 7300//6 7291//6
f 6870//2 6862//2 7293//2 7301//2
f 7302//6 7301//6 7293//6 7294//6
f 6874//1 7305//1 7299//1 6875//1
f 6874//3 6882//3 7306//3 7305//3
f 7305//6 7306//6 7307//6 7299//6
f 7308//6 7309//6 7302//6 7310//6
f 6877//2 6870//2 7301//2 7311//2
f 7309//6 7311//6 7301//6 7302//6
f 6881//1 7314//1 7306//1 6882//1
f 6881//3 6889//3 7315//3 7314//3
f 7314//6 7315//6 7316//6 7306//6
f 7315//6 7317//6 7318//6 7316//6
f 7317//6 7319//6 7320//6 7318//6
f 7319//6 7321//6 7322//6 7320//6
f 7321//6 7323//6 7308//6 7322//6
f 7323//6 7324//6 7309//6 7308//6
f 6884//2 6877//2 7311//2 7325//2
f 6892//3 6884//3 7325//3 7324//3
f 7324//6 7325//6 7311//6 7309//6
f 6888//1 7332//1 7315//1 6889//1
f 6888//3 6897//3 7333//3 7332//3
f 7332//6 7333//6 7317//6 7315//6
f 6897//3 6899//3 7334//3 7333//3
f 7333//6 7334//6 7319//6 7317//6
f 6899//3 6901//3 7335//3 7334//3
f 7334//6 7335//6 7321//6 7319//6
f 6901//3 6903//3 7336//3 7335//3
f 7335//6 7336//6 7323//6 7321//6
f 6891//2 6892//2 7324//2 7337//2
f 6903//3 6891//3 7337//3 7336//3
f 7336//6 7337//6 7324//6 7323//6
f 7358//6 7359//6 7360//6 7361//6
f 7359//6 7362//6 7363//6 7360//6
f 7362//6 7364//6 7365//6 7363//6
f 6935//3 6934//3 7370//3 7371//3
f 6934//3 6937//3 7372//3 7370//3
f 7370//6 7372//6 7359//6 7358//6
f 7372//6 7373//6 7362//6 7359//6
f 6941//3 6940//3 7374//3 7373//3
f 7373//6 7374//6 7364//6 7362//6
f 6940//3 6943//3 7375//3 7374//3
f 6936//1 7382//1 7372//1 6937//1
f 6938//2 6941//2 7373//2 7383//2
f 6936//3 6938//3 7383//3 7382//3
f 7382//6 7383//6 7373//6 7372//6
f 7142//1 7550//1 7551//1 7141//1
f 7141//4 7551//4 7552//4 7127//4
f 7550//6 7553//6 7552//6 7551//6
f 7127//4 7552//4 7554//4 7130//4
f 7553//6 7555//6 7554//6 7552//6
f 7130//4 7554//4 7556//4 7132//4
f 7132//4 7556//4 7557//4 7134//4
f 7134//4 7557//4 7558//4 7136//4
f 7136//4 7558//4 7559//4 7138//4
f 7560//6 7561//6 7559//6 7558//6
f 7146//2 7143//2 7562//2 7563//2
f 7138//4 7559//4 7562//4 7143//4
f 7561//6 7563//6 7562//6 7559//6
f 7150//1 7564//1 7565//1 7149//1
f 7149//4 7565//4 7566//4 7139//4
f 7564//6 7567//6 7566//6 7565//6
f 7139//4 7566//4 7550//4 7142//4
f 7146//4 7563//4 7568//4 7145//4
f 7154//2 7151//2 7569//2 7570//2
f 7145//4 7568//4 7569//4 7151//4
f 7571//6 7570//6 7569//6 7568//6
f 7157//1 7572//1 7573//1 7147//1
f 7147//4 7573//4 7564//4 7150//4
f 7572//6 7574//6 7564//6 7573//6
f 7160//2 7153//2 7575//2 7576//2
f 7154//4 7570//4 7575//4 7153//4
f 7577//6 7576//6 7575//6 7570//6
f 7161//1 7578//1 7579//1 7155//1
f 7155//4 7579//4 7572//4 7157//4
f 7578//6 7580//6 7572//6 7579//6
f 7162//2 7159//2 7581//2 7582//2
f 7160//4 7576//4 7581//4 7159//4
f 7583//6 7582//6 7581//6 7576//6
f 7165//1 7584//1 7578//1 7161//1
f 7584//6 7585//6 7580//6 7578//6
f 7168//2 7162//2 7582//2 7586//2
f 7587//6 7586//6 7582//6 7583//6
f 7170//1 7588//1 7584//1 7165//1
f 7588//6 7589//6 7585//6 7584//6
f 7172//2 7168//2 7586//2 7590//2
f 7591//6 7590//6 7586//6 7587//6
f 7186//1 7607//1 7588//1 7170//1
f 7188//2 7172//2 7590//2 7608//2
f 7199//1 7616//1 7607//1 7186//1
f 7616//6 7617//6 7618//6 7607//6
f 7201//2 7188//2 7608//2 7619//2
f 7620//6 7619//6 7608//6 7621//6
f 7207//1 7626//1 7616//1 7199//1
f 7626//6 7627//6 7617//6 7616//6
f 7209//2 7201//2 7619//2 7628//2
f 7629//6 7628//6 7619//6 7620//6
f 7216//2 7215//2 7633//2 7634//2
f 7205//4 7625//4 7633//4 7215//4
f 7217//1 7635//1 7626//1 7207//1
f 7217//3 7223//3 7636//3 7635//3
f 7635//6 7636//6 7627//6 7626//6
f 7218//2 7209//2 7628//2 7637//2
f 7226//3 7218//3 7637//3 7638//3
f 7638//6 7637//6 7628//6 7629//6
f 7220//2 7216//2 7634//2 7641//2
f 7222//1 7642//1 7636//1 7223//1
f 7222//3 7232//3 7643//3 7642//3
f 7642//6 7643//6 7644//6 7636//6
f 7225//2 7226//2 7638//2 7645//2
f 7236//3 7225//3 7645//3 7646//3
f 7646//6 7645//6 7638//6 7647//6
f 7229//2 7228//2 7651//2 7652//2
f 7220//4 7641//4 7651//4 7228//4
f 7653//6 7652//6 7651//6 7641//6
f 7231//1 7654//1 7643//1 7232//1
f 7231//3 7233//3 7655//3 7654//3
f 7654//6 7655//6 7656//6 7643//6
f 7235//2 7236//2 7646//2 7657//2
f 7658//6 7657//6 7646//6 7659//6
f 7238//2 7229//2 7652//2 7661//2
f 7663//6 7665//6 7666//6 7664//6
f 7241//1 7671//1 7660//1 7237//1
f 7244//2 7238//2 7661//2 7672//2
f 7254//1 7679//1 7671//1 7241//1
f 7254//3 7255//3 7680//3 7679//3
f 7679//6 7680//6 7681//6 7671//6
f 7256//2 7243//2 7682//2 7683//2
f 7244//4 7672//4 7682//4 7243//4
f 7684//6 7683//6 7682//6 7672//6
f 7261//1 7689//1 7680//1 7255//1
f 7262//2 7256//2 7683//2 7690//2
f 7691//6 7690//6 7683//6 7684//6
f 7265//1 7700//1 7689//1 7261//1
f 7265//3 7271//3 7701//3 7700//3
f 7700//6 7701//6 7702//6 7689//6
f 7266//2 7262//2 7690//2 7703//2
f 7704//6 7703//6 7690//6 7691//6
f 7270//1 7709//1 7701//1 7271//1
f 7274//2 7266//2 7703//2 7710//2
f 7711//6 7710//6 7703//6 7704//6
f 7277//1 7716//1 7709//1 7270//1
f 7277//3 7292//3 7717//3 7716//3
f 7716//6 7717//6 7718//6 7709//6
f 7719//6 7720//6 7711//6 7721//6
f 7279//2 7274//2 7710//2 7722//2
f 7295//3 7279//3 7722//3 7720//3
f 7720//6 7722//6 7710//6 7711//6
f 7291//1 7727//1 7717//1 7292//1
f 7291//3 7300//3 7728//3 7727//3
f 7727//6 7728//6 7729//6 7717//6
f 7730//6 7731//6 7719//6 7732//6
f 7294//2 7295//2 7720//2 7733//2
f 7731//6 7733//6 7720//6 7719//6
f 7299//1 7738//1 7728//1 7300//1
f 7299//3 7307//3 7739//3 7738//3
f 7738//6 7739//6 7740//6 7728//6
f 7739//6 7741//6 7742//6 7740//6
f 7741//6 7743//6 7744//6 7742//6
f 7743//6 7745//6 7746//6 7744//6
f 7745//6 7747//6 7730//6 7746//6
f 7747//6 7748//6 7731//6 7730//6
f 7302//2 7294//2 7733//2 7749//2
f 7310//3 7302//3 7749//3 7748//3
f 7748//6 7749//6 7733//6 7731//6
f 7306//1 7754//1 7739//1 7307//1
f 7306//3 7316//3 7755//3 7754//3
f 7754//6 7755//6 7741//6 7739//6
f 7316//3 7318//3 7756//3 7755//3
f 7755//6 7756//6 7743//6 7741//6
f 7318//3 7320//3 7757//3 7756//3
f 7756//6 7757//6 7745//6 7743//6
f 7320//3 7322//3 7758//3 7757//3
f 7757//6 7758//6 7747//6 7745//6
f 7308//2 7310//2 7748//2 7759//2
f 7322//3 7308//3 7759//3 7758//3
f 7758//6 7759//6 7748//6 7747//6
f 7802//6 7803//6 7795//6 7794//6
f 7803//6 7804//6 7796//6 7795//6
f 7804//6 7805//6 7797//6 7796//6
f 7810//6 7811//6 7803//6 7802//6
f 7811//6 7812//6 7804//6 7803//6
f 7812//6 7813//6 7805//6 7804//6
f 7361//3 7360//3 7818//3 7819//3
f 7819//6 7818//6 7811//6 7810//6
f 7360//3 7363//3 7820//3 7818//3
f 7818//6 7820//6 7812//6 7811//6
f 7363//3 7365//3 7821//3 7820//3
f 7820//6 7821//6 7813//6 7812//6
f 7555//1 7984//1 7985//1 7554//1
f 7554//4 7985//4 7986//4 7556//4
f 7984//6 7987//6 7986//6 7985//6
f 7556//4 7986//4 7988//4 7557//4
f 7987//6 7989//6 7988//6 7986//6
f 7560//2 7558//2 7990//2 7991//2
f 7557//4 7988//4 7990//4 7558//4
f 7989//6 7991//6 7990//6 7988//6
f 7567//1 7992//1 7993//1 7566//1
f 7566//4 7993//4 7994//4 7550//4
f 7992//6 7995//6 7994//6 7993//6
f 7550//4 7994//4 7996//4 7553//4
f 7995//6 7997//6 7996//6 7994//6
f 7553//4 7996//4 7984//4 7555//4
f 7997//6 7998//6 7984//6 7996//6
f 7560//4 7991//4 7999//4 7561//4
f 8000//6 8001//6 7999//6 7991//6
f 7561//4 7999//4 8002//4 7563//4
f 8001//6 8003//6 8002//6 7999//6
f 7571//2 7568//2 8004//2 8005//2
f 7563//4 8002//4 8004//4 7568//4
f 8003//6 8005//6 8004//6 8002//6
f 7574//1 8006//1 8007//1 7564//1
f 7564//4 8007//4 7992//4 7567//4
f 8006//6 8008//6 7992//6 8007//6
f 8008//6 8009//6 7995//6 7992//6
f 8010//6 8011//6 8005//6 8003//6
f 7577//2 7570//2 8012//2 8013//2
f 7571//4 8005//4 8012//4 7570//4
f 8011//6 8013//6 8012//6 8005//6
f 7580//1 8014//1 8015//1 7572//1
f 7572//4 8015//4 8006//4 7574//4
f 8014//6 8016//6 8006//6 8015//6
f 8016//6 8017//6 8008//6 8006//6
f 8018//6 8019//6 8013//6 8011//6
f 7583//2 7576//2 8020//2 8021//2
f 7577//4 8013//4 8020//4 7576//4
f 8019//6 8021//6 8020//6 8013//6
f 7585//1 8022//1 8014//1 7580//1
f 8022//6 8023//6 8016//6 8014//6
f 7587//2 7583//2 8021//2 8024//2
f 8025//6 8024//6 8021//6 8019//6
f 7603//2 8039//2 8040//2 8041//2
f 8038//4 8037//4 8040//4 8039//4
f 7602//5 8038//5 8039//5 7603//5
f 8042//6 8041//6 8040//6 8037//6
f 7589//1 8043//1 8022//1 7585//1
f 8043//6 8044//6 8023//6 8022//6
f 7591//2 7587//2 8024//2 8045//2
f 8046//6 8045//6 8024//6 8025//6
f 7607//1 8059//1 8060//1 7588//1
f 7607//3 7618//3 8061//3 8059//3
f 7588//4 8060//4 8043//4 7589//4
f 8059//6 8061//6 8043//6 8060//6
f 8061//6 8062//6 8044//6 8043//6
f 8063//6 8064//6 8045//6 8046//6
f 7608//2 7590//2 8065//2 8066//2
f 7621//3 7608//3 8066//3 8064//3
f 7591//4 8045//4 8065//4 7590//4
f 8064//6 8066//6 8065//6 8045//6
f 7617//1 8073//1 8061//1 7618//1
f 8073//6 8074//6 8062//6 8061//6
f 7620//2 7621//2 8064//2 8075//2
f 8076//6 8075//6 8064//6 8063//6
f 7627//1 8081//1 8073//1 7617//1
f 8081//6 8082//6 8074//6 8073//6
f 7629//2 7620//2 8075//2 8083//2
f 8084//6 8083//6 8075//6 8076//6
f 7634//2 7633//2 8086//2 8087//2
f 7625//4 8080//4 8086//4 7633//4
f 8088//6 8087//6 8086//6 8080//6
f 7636//1 8089//1 8081//1 7627//1
f 7636//3 7644//3 8090//3 8089//3
f 8089//6 8090//6 8082//6 8081//6
f 8090//6 8091//6 8092//6 8082//6
f 8093//6 8094//6 8084//6 8095//6
f 7638//2 7629//2 8083//2 8096//2
f 7647//3 7638//3 8096//3 8094//3
f 8094//6 8096//6 8083//6 8084//6
f 7643//1 8101//1 8090//1 7644//1
f 7643//3 7656//3 8102//3 8101//3
f 8101//6 8102//6 8091//6 8090//6
f 8102//6 8103//6 8104//6 8091//6
f 8105//6 8106//6 8093//6 8107//6
f 7646//2 7647//2 8094//2 8108//2
f 7659//3 7646//3 8108//3 8106//3
f 8106//6 8108//6 8094//6 8093//6
f 7653//2 7641//2 8100//2 8111//2
f 7655//1 8112//1 8102//1 7656//1
f 7655//3 7664//3 8113//3 8112//3
f 8112//6 8113//6 8103//6 8102//6
f 7664//3 7666//3 8114//3 8113//3
f 8115//6 8116//6 8105//6 8117//6
f 7658//2 7659//2 8106//2 8118//2
f 8116//6 8118//6 8106//6 8105//6
f 7661//2 7652//2 8120//2 8121//2
f 7653//4 8111//4 8120//4 7652//4
f 8122//6 8121//6 8120//6 8111//6
f 8124//6 8126//6 8127//6 8125//6
f 8126//6 8128//6 8129//6 8127//6
f 8128//6 8130//6 8131//6 8129//6
f 7671//1 8135//1 8119//1 7660//1
f 7671//3 7681//3 8136//3 8135//3
f 8135//6 8136//6 8137//6 8119//6
f 7672//2 7661//2 8121//2 8138//2
f 8139//6 8138//6 8121//6 8122//6
f 7680//1 8148//1 8136//1 7681//1
f 7684//2 7672//2 8138//2 8149//2
f 8150//6 8149//6 8138//6 8139//6
f 7689//1 8163//1 8148//1 7680//1
f 7689//3 7702//3 8164//3 8163//3
f 8163//6 8164//6 8165//6 8148//6
f 7691//2 7684//2 8149//2 8166//2
f 8167//6 8166//6 8149//6 8150//6
f 7701//1 8178//1 8164//1 7702//1
f 8178//6 8179//6 8180//6 8164//6
f 7704//2 7691//2 8166//2 8181//2
f 8182//6 8181//6 8166//6 8167//6
f 7709//1 8197//1 8178//1 7701//1
f 7709//3 7718//3 8198//3 8197//3
f 8197//6 8198//6 8179//6 8178//6
f 8198//6 8199//6 8200//6 8179//6
f 8201//6 8202//6 8182//6 8203//6
f 7711//2 7704//2 8181//2 8204//2
f 7721//3 7711//3 8204//3 8202//3
f 8202//6 8204//6 8181//6 8182//6
f 7717//1 8217//1 8198//1 7718//1
f 7717//3 7729//3 8218//3 8217//3
f 8217//6 8218//6 8199//6 8198//6
f 8218//6 8219//6 8220//6 8199//6
f 8221//6 8222//6 8201//6 8223//6
f 7719//2 7721//2 8202//2 8224//2
f 7732//3 7719//3 8224//3 8222//3
f 8222//6 8224//6 8202//6 8201//6
f 7728//1 8237//1 8218//1 7729//1
f 7728//3 7740//3 8238//3 8237//3
f 8237//6 8238//6 8219//6 8218//6
f 7740//3 7742//3 8239//3 8238//3
f 8238//6 8239//6 8240//6 8219//6
f 7742//3 7744//3 8241//3 8239//3
f 8239//6 8241//6 8242//6 8240//6
f 7744//3 7746//3 8243//3 8241//3
f 8241//6 8243//6 8221//6 8242//6
f 7730//2 7732//2 8222//2 8244//2
f 7746//3 7730//3 8244//3 8243//3
f 8243//6 8244//6 8222//6 8221//6
f 7998//1 8525//1 8526//1 7984//1
f 7984//4 8526//4 8527//4 7987//4
f 8525//6 8528//6 8527//6 8526//6
f 7987//4 8527//4 8529//4 7989//4
f 8528//6 8530//6 8529//6 8527//6
f 8000//2 7991//2 8531//2 8532//2
f 7989//4 8529//4 8531//4 7991//4
f 8530//6 8532//6 8531//6 8529//6
f 8009//1 8533//1 8534//1 7995//1
f 7995//4 8534//4 8535//4 7997//4
f 8533//6 8536//6 8535//6 8534//6
f 7997//4 8535//4 8525//4 7998//4
f 8536//6 8537//6 8525//6 8535//6
f 8537//6 8538//6 8528//6 8525//6
f 8538//6 8539//6 8530//6 8528//6
f 8539//6 8540//6 8532//6 8530//6
f 8000//4 8532//4 8541//4 8001//4
f 8540//6 8542//6 8541//6 8532//6
f 8010//2 8003//2 8543//2 8544//2
f 8001//4 8541//4 8543//4 8003//4
f 8542//6 8544//6 8543//6 8541//6
f 8017//1 8545//1 8546//1 8008//1
f 8008//4 8546//4 8533//4 8009//4
f 8545//6 8547//6 8533//6 8546//6
f 8547//6 8548//6 8536//6 8533//6
f 8549//6 8550//6 8544//6 8542//6
f 8018//2 8011//2 8551//2 8552//2
f 8010//4 8544//4 8551//4 8011//4
f 8550//6 8552//6 8551//6 8544//6
f 8023//1 8553//1 8554//1 8016//1
f 8016//4 8554//4 8545//4 8017//4
f 8553//6 8555//6 8545//6 8554//6
f 8555//6 8556//6 8547//6 8545//6
f 8557//6 8558//6 8552//6 8550//6
f 8025//2 8019//2 8559//2 8560//2
f 8018//4 8552//4 8559//4 8019//4
f 8558//6 8560//6 8559//6 8552//6
f 8044//1 8573//1 8553//1 8023//1
f 8573//6 8574//6 8555//6 8553//6
f 8046//2 8025//2 8560//2 8575//2
f 8576//6 8575//6 8560//6 8558//6
f 8062//1 8585//1 8573//1 8044//1
f 8585//6 8586//6 8574//6 8573//6
f 8063//2 8046//2 8575//2 8587//2
f 8588//6 8587//6 8575//6 8576//6
f 8074//1 8594//1 8585//1 8062//1
f 8594//6 8595//6 8586//6 8585//6
f 8076//2 8063//2 8587//2 8596//2
f 8597//6 8596//6 8587//6 8588//6
f 8082//1 8601//1 8594//1 8074//1
f 8082//3 8092//3 8602//3 8601//3
f 8601//6 8602//6 8595//6 8594//6
f 8603//6 8604//6 8597//6 8605//6
f 8084//2 8076//2 8596//2 8606//2
f 8095//3 8084//3 8606//3 8604//3
f 8604//6 8606//6 8596//6 8597//6
f 8093//2 8095//2 8604//2 8613//2
f 8107//3 8093//3 8613//3 8614//3
f 8614//6 8613//6 8604//6 8603//6
f 8100//2 8087//2 8617//2 8618//2
f 8088//4 8610//4 8617//4 8087//4
f 8619//6 8618//6 8617//6 8610//6
f 8111//2 8100//2 8618//2 8626//2
f 8627//6 8626//6 8618//6 8619//6
f 8122//2 8111//2 8626//2 8638//2
f 8639//6 8638//6 8626//6 8627//6
f 8139//2 8122//2 8638//2 8641//2
f 8642//6 8641//6 8638//6 8639//6
f 8148//1 8643//1 8640//1 8136//1
f 8148//3 8165//3 8644//3 8643//3
f 8643//6 8644//6 8645//6 8640//6
f 8150//2 8139//2 8641//2 8646//2
f 8647//6 8646//6 8641//6 8642//6
f 8164//1 8648//1 8644//1 8165//1
f 8164//3 8180//3 8649//3 8648//3
f 8648//6 8649//6 8650//6 8644//6
f 8651//6 8652//6 8647//6 8653//6
f 8167//2 8150//2 8646//2 8654//2
f 8652//6 8654//6 8646//6 8647//6
f 8179//1 8655//1 8649//1 8180//1
f 8179//3 8200//3 8656//3 8655//3
f 8655//6 8656//6 8657//6 8649//6
f 8658//6 8659//6 8652//6 8651//6
f 8182//2 8167//2 8654//2 8660//2
f 8203//3 8182//3 8660//3 8659//3
f 8659//6 8660//6 8654//6 8652//6
f 8199//1 8661//1 8656//1 8200//1
f 8199//3 8220//3 8662//3 8661//3
f 8661//6 8662//6 8663//6 8656//6
f 8662//6 8664//6 8665//6 8663//6
f 8664//6 8666//6 8667//6 8665//6
f 8666//6 8668//6 8658//6 8667//6
f 8201//2 8203//2 8659//2 8669//2
f 8223//3 8201//3 8669//3 8668//3
f 8668//6 8669//6 8659//6 8658//6
f 8219//1 8670//1 8662//1 8220//1
f 8219//3 8240//3 8671//3 8670//3
f 8670//6 8671//6 8664//6 8662//6
f 8240//3 8242//3 8672//3 8671//3
f 8671//6 8672//6 8666//6 8664//6
f 8221//2 8223//2 8668//2 8673//2
f 8242//3 8221//3 8673//3 8672//3
f 8672//6 8673//6 8668//6 8666//6
f 8548//1 8918//1 8919//1 8536//1
f 8536//4 8919//4 8920//4 8537//4
f 8918//6 8921//6 8920//6 8919//6
f 8537//4 8920//4 8922//4 8538//4
f 8921//6 8923//6 8922//6 8920//6
f 8538//4 8922//4 8924//4 8539//4
f 8923//6 8925//6 8924//6 8922//6
f 8539//4 8924//4 8926//4 8540//4
f 8925//6 8927//6 8926//6 8924//6
f 8549//2 8542//2 8928//2 8929//2
f 8540//4 8926//4 8928//4 8542//4
f 8927//6 8929//6 8928//6 8926//6
f 8556//1 8949//1 8950//1 8547//1
f 8547//4 8950//4 8918//4 8548//4
f 8949//6 8951//6 8918//6 8950//6
f 8951//6 8952//6 8921//6 8918//6
f 8952//6 8953//6 8923//6 8921//6
f 8953//6 8954//6 8925//6 8923//6
f 8954//6 8955//6 8927//6 8925//6
f 8955//6 8956//6 8929//6 8927//6
f 8557//2 8550//2 8957//2 8958//2
f 8549//4 8929//4 8957//4 8550//4
f 8956//6 8958//6 8957//6 8929//6
f 8574//1 8975//1 8976//1 8555//1
f 8555//4 8976//4 8949//4 8556//4
f 8975//6 8977//6 8949//6 8976//6
f 8977//6 8978//6 8951//6 8949//6
f 8981//6 8982//6 8956//6 8955//6
f 8982//6 8983//6 8958//6 8956//6
f 8576//2 8558//2 8984//2 8985//2
f 8557//4 8958//4 8984//4 8558//4
f 8983//6 8985//6 8984//6 8958//6
f 8584//2 8583//2 8992//2 8993//2
f 8582//4 8989//4 8992//4 8583//4
f 8991//6 8993//6 8992//6 8989//6
f 8586//1 8994//1 8975//1 8574//1
f 8994//6 8995//6 8977//6 8975//6
f 8997//6 8998//6 8983//6 8982//6
f 8588//2 8576//2 8985//2 8999//2
f 8998//6 8999//6 8985//6 8983//6
f 8597//2 8588//2 8999//2 9009//2
f 8605//3 8597//3 9009//3 9008//3
f 9008//6 9009//6 8999//6 8998//6
f 8642//2 8639//2 9050//2 9055//2
f 9056//6 9055//6 9050//6 9051//6
f 8644//1 9057//1 9053//1 8645//1
f 8644//3 8650//3 9058//3 9057//3
f 9057//6 9058//6 9059//6 9053//6
f 9060//6 9061//6 9056//6 9062//6
f 8647//2 8642//2 9055//2 9063//2
f 8653//3 8647//3 9063//3 9061//3
f 9061//6 9063//6 9055//6 9056//6
f 8649//1 9064//1 9058//1 8650//1
f 8649//3 8657//3 9065//3 9064//3
f 9064//6 9065//6 9066//6 9058//6
f 9065//6 9067//6 9068//6 9066//6
f 9067//6 9069//6 9070//6 9068//6
f 9069//6 9071//6 9060//6 9070//6
f 8651//2 8653//2 9061//2 9072//2
f 9071//6 9072//6 9061//6 9060//6
f 8656//1 9073//1 9065//1 8657//1
f 8656//3 8663//3 9074//3 9073//3
f 9073//6 9074//6 9067//6 9065//6
f 8663//3 8665//3 9075//3 9074//3
f 9074//6 9075//6 9069//6 9067//6
f 8665//3 8667//3 9076//3 9075//3
f 9075//6 9076//6 9071//6 9069//6
f 8658//2 8651//2 9072//2 9077//2
f 8667//3 8658//3 9077//3 9076//3
f 9076//6 9077//6 9072//6 9071//6
f 9056//2 9051//2 9306//2 9318//2
f 9062//3 9056//3 9318//3 9317//3
f 9317//6 9318//6 9306//6 9307//6
f 9058//1 9319//1 9309//1 9059//1
f 9058//3 9066//3 9320//3 9319//3
f 9319//6 9320//6 9311//6 9309//6
f 9068//3 9070//3 9322//3 9321//3
f 9321//6 9322//6 9314//6 9313//6
f 9060//2 9062//2 9317//2 9323//2
f 9070//3 9060//3 9323//3 9322//3
f 9322//6 9323//6 9317//6 9314//6
f 9263//2 9253//2 9490//2 9491//2
f 9251//4 9488//4 9490//4 9253//4
f 9489//6 9491//6 9490//6 9488//6
f 9311//1 9548//1 9544//1 9312//1
f 9313//2 9316//2 9545//2 9549//2
f 9311//3 9313//3 9549//3 9548//3
f 9548//6 9549//6 9545//6 9544//6
f 9518//1 9720//1 9721//1 9504//1
f 9519//2 9505//2 9722//2 9723//2
f 9518//3 9519//3 9723//3 9720//3
f 9504//4 9721//4 9722//4 9505//4
f 9720//6 9723//6 9722//6 9721//6
