trust	Set up job	﻿2026-10-07T04:23:16.4015470Z Current runner version: '2.337.0'
trust	Set up job	2026-10-07T04:23:16.4020860Z Runner name: 'corvid-mac-1'
trust	Set up job	2026-10-07T04:23:16.4021340Z Runner group name: 'default'
trust	Set up job	2026-10-07T04:23:16.4022010Z Machine name: 'mac'
trust	Set up job	2026-10-07T04:23:16.4024000Z ##[group]GITHUB_TOKEN Permissions
trust	Set up job	2026-10-07T04:23:16.4025270Z Contents: read
trust	Set up job	2026-10-07T04:23:16.4025620Z Metadata: read
trust	Set up job	2026-10-07T04:23:16.4025980Z ##[endgroup]
trust	Set up job	2026-10-07T04:23:16.4027290Z Secret source: Actions
trust	Set up job	2026-10-07T04:23:16.4027830Z Cache mode: write
trust	Set up job	2026-10-07T04:23:16.4028260Z Prepare workflow directory
trust	Set up job	2026-10-07T04:23:16.4695580Z Prepare all required actions
trust	Set up job	2026-10-07T04:23:16.4732010Z Getting action download info
trust	Set up job	2026-10-07T04:23:17.0093040Z Download action repository 'actions/checkout@v5' (SHA:fbc6f3992d24b796d5a048ff273f7fcc4a7b6c09)
trust	Set up job	2026-10-07T04:23:18.0572740Z Download action repository 'CorvidLabs/trust@bccd89c111d47778c97c5064fb62ab51695e04ea' (SHA:bccd89c111d47778c97c5064fb62ab51695e04ea)
trust	Set up job	2026-10-07T04:23:19.0257740Z Getting action download info
trust	Set up job	2026-10-07T04:23:19.2714190Z Download action repository 'CorvidLabs/spec-sync@3c2ed4972c8c53ae02ab5dd5775beccd6da3eeb8' (SHA:3c2ed4972c8c53ae02ab5dd5775beccd6da3eeb8)
trust	Set up job	2026-10-07T04:23:24.3854900Z Download action repository 'CorvidLabs/augur@b04e839fd3e9f884626ac18bbeb1e6d9c793c17c' (SHA:b04e839fd3e9f884626ac18bbeb1e6d9c793c17c)
trust	Set up job	2026-10-07T04:23:25.3699140Z Download action repository 'CorvidLabs/attest@2182cae4fb9f2be8f16062f753c14d6c42a2b044' (SHA:2182cae4fb9f2be8f16062f753c14d6c42a2b044)
trust	Set up job	2026-10-07T04:23:26.3593110Z Complete job name: trust
trust	Checkout	﻿2026-10-07T04:23:26.4106440Z ##[group]Run actions/checkout@v5
trust	Checkout	2026-10-07T04:23:26.4106820Z with:
trust	Checkout	2026-10-07T04:23:26.4107000Z   fetch-depth: 0
trust	Checkout	2026-10-07T04:23:26.4107180Z   repository: CorvidLabs/sculpt-3md
trust	Checkout	2026-10-07T04:23:26.4109320Z   token: ***
trust	Checkout	2026-10-07T04:23:26.4109460Z   ssh-strict: true
trust	Checkout	2026-10-07T04:23:26.4109600Z   ssh-user: git
trust	Checkout	2026-10-07T04:23:26.4109800Z   persist-credentials: true
trust	Checkout	2026-10-07T04:23:26.4109980Z   clean: true
trust	Checkout	2026-10-07T04:23:26.4110150Z   sparse-checkout-cone-mode: true
trust	Checkout	2026-10-07T04:23:26.4110370Z   fetch-tags: false
trust	Checkout	2026-10-07T04:23:26.4110810Z   show-progress: true
trust	Checkout	2026-10-07T04:23:26.4111030Z   lfs: false
trust	Checkout	2026-10-07T04:23:26.4111180Z   submodules: false
trust	Checkout	2026-10-07T04:23:26.4111350Z   set-safe-directory: true
trust	Checkout	2026-10-07T04:23:26.4111540Z   allow-unsafe-pr-checkout: false
trust	Checkout	2026-10-07T04:23:26.4111920Z env:
trust	Checkout	2026-10-07T04:23:26.4112080Z   ROOK_HI: /opt/homebrew/bin/hi
trust	Checkout	2026-10-07T04:23:26.4112290Z   ROOK_SPECSYNC: /opt/homebrew/bin/specsync
trust	Checkout	2026-10-07T04:23:26.4112510Z   FLEDGE_NON_INTERACTIVE: 1
trust	Checkout	2026-10-07T04:23:26.4112720Z ##[endgroup]
trust	Checkout	2026-10-07T04:23:26.7948300Z Syncing repository: CorvidLabs/sculpt-3md
trust	Checkout	2026-10-07T04:23:26.7949340Z ##[group]Getting Git version info
trust	Checkout	2026-10-07T04:23:26.7949730Z Working directory is '/Volumes/NVME/runners/actions-runner-1/_work/sculpt-3md/sculpt-3md'
trust	Checkout	2026-10-07T04:23:26.7950280Z [command]/usr/bin/git version
trust	Checkout	2026-10-07T04:23:26.8042940Z git version 2.50.1 (Apple Git-155)
trust	Checkout	2026-10-07T04:23:26.8053350Z ##[endgroup]
trust	Checkout	2026-10-07T04:23:26.8059890Z Copying '/Users/leif/.gitconfig' to '/Volumes/NVME/runners/actions-runner-1/_work/_temp/add4de4e-6f67-4f20-ac9b-663c694f0dd1/.gitconfig'
trust	Checkout	2026-10-07T04:23:26.8067480Z Temporarily overriding HOME='/Volumes/NVME/runners/actions-runner-1/_work/_temp/add4de4e-6f67-4f20-ac9b-663c694f0dd1' before making global git config changes
trust	Checkout	2026-10-07T04:23:26.8068250Z Adding repository directory to the temporary git global config as a safe directory
trust	Checkout	2026-10-07T04:23:26.8071070Z [command]/usr/bin/git config --global --add safe.directory /Volumes/NVME/runners/actions-runner-1/_work/sculpt-3md/sculpt-3md
trust	Checkout	2026-10-07T04:23:27.0849640Z [command]/usr/bin/git config --local --get remote.origin.url
trust	Checkout	2026-10-07T04:23:27.0986570Z https://github.com/CorvidLabs/sculpt-3md
trust	Checkout	2026-10-07T04:23:27.0996050Z ##[group]Removing previously created refs, to avoid conflicts
trust	Checkout	2026-10-07T04:23:27.1001060Z [command]/usr/bin/git rev-parse --symbolic-full-name --verify --quiet HEAD
trust	Checkout	2026-10-07T04:23:27.1145180Z refs/heads/main
trust	Checkout	2026-10-07T04:23:27.1153140Z [command]/usr/bin/git checkout --detach
trust	Checkout	2026-10-07T04:23:27.1683530Z HEAD is now at 3f54a1b Record the sculpt-3md repository rename and the landed stack (#41)
trust	Checkout	2026-10-07T04:23:27.1852000Z [command]/usr/bin/git branch --delete --force main
trust	Checkout	2026-10-07T04:23:27.2004870Z Deleted branch main (was 3f54a1b).
trust	Checkout	2026-10-07T04:23:27.2009170Z ##[endgroup]
trust	Checkout	2026-10-07T04:23:27.2013700Z [command]/usr/bin/git submodule status
trust	Checkout	2026-10-07T04:23:27.4662030Z ##[group]Cleaning the repository
trust	Checkout	2026-10-07T04:23:27.4662390Z [command]/usr/bin/git clean -ffdx
trust	Checkout	2026-10-07T04:23:28.5196590Z Removing .build/
trust	Checkout	2026-10-07T04:23:28.5196980Z Removing .specsync/hashes.json
trust	Checkout	2026-10-07T04:23:28.5208450Z [command]/usr/bin/git reset --hard HEAD
trust	Checkout	2026-10-07T04:23:28.5613450Z HEAD is now at 3f54a1b Record the sculpt-3md repository rename and the landed stack (#41)
trust	Checkout	2026-10-07T04:23:28.5620990Z ##[endgroup]
trust	Checkout	2026-10-07T04:23:28.5624620Z ##[group]Disabling automatic garbage collection
trust	Checkout	2026-10-07T04:23:28.5628300Z [command]/usr/bin/git config --local gc.auto 0
trust	Checkout	2026-10-07T04:23:28.5782380Z ##[endgroup]
trust	Checkout	2026-10-07T04:23:28.5782780Z ##[group]Setting up auth
trust	Checkout	2026-10-07T04:23:28.5787790Z [command]/usr/bin/git config --local --name-only --get-regexp core\.sshCommand
trust	Checkout	2026-10-07T04:23:28.5955780Z [command]/usr/bin/git submodule foreach --recursive sh -c "git config --local --name-only --get-regexp 'core\.sshCommand' && git config --local --unset-all 'core.sshCommand' || :"
trust	Checkout	2026-10-07T04:23:28.7278210Z [command]/usr/bin/git config --local --name-only --get-regexp http\.https\:\/\/github\.com\/\.extraheader
trust	Checkout	2026-10-07T04:23:28.7454070Z [command]/usr/bin/git submodule foreach --recursive sh -c "git config --local --name-only --get-regexp 'http\.https\:\/\/github\.com\/\.extraheader' && git config --local --unset-all 'http.https://github.com/.extraheader' || :"
trust	Checkout	2026-10-07T04:23:28.8731860Z [command]/usr/bin/git config --local --name-only --get-regexp ^includeIf\.gitdir:
trust	Checkout	2026-10-07T04:23:28.8888330Z [command]/usr/bin/git submodule foreach --recursive git config --local --show-origin --name-only --get-regexp remote.origin.url
trust	Checkout	2026-10-07T04:23:29.0072610Z [command]/usr/bin/git config --local http.https://github.com/.extraheader AUTHORIZATION: basic ***
trust	Checkout	2026-10-07T04:23:29.0238410Z ##[endgroup]
trust	Checkout	2026-10-07T04:23:29.0238910Z ##[group]Fetching the repository
trust	Checkout	2026-10-07T04:23:29.0244710Z [command]/usr/bin/git -c protocol.version=2 fetch --prune --no-recurse-submodules --unshallow origin +refs/heads/*:refs/remotes/origin/* +refs/tags/*:refs/tags/* +3d8a7fc7281f3e782f45fd5e96714ff8ac380566:refs/remotes/pull/44/merge
trust	Checkout	2026-10-07T04:23:30.6883810Z From https://github.com/CorvidLabs/sculpt-3md
trust	Checkout	2026-10-07T04:23:30.6884360Z  * [new branch]      leif/linked-composition-read-path        -> origin/leif/linked-composition-read-path
trust	Checkout	2026-10-07T04:23:30.6886030Z  * [new branch]      leif/unified-launcher-home               -> origin/leif/unified-launcher-home
trust	Checkout	2026-10-07T04:23:30.6900240Z    3f54a1b..d4739d7  main                                     -> origin/main
trust	Checkout	2026-10-07T04:23:30.6907000Z  * [new branch]      notes-markdown-pages                     -> origin/notes-markdown-pages
trust	Checkout	2026-10-07T04:23:30.6912340Z  * [new ref]         3d8a7fc7281f3e782f45fd5e96714ff8ac380566 -> pull/44/merge
trust	Checkout	2026-10-07T04:23:30.7026000Z ##[endgroup]
trust	Checkout	2026-10-07T04:23:30.7026410Z ##[group]Determining the checkout info
trust	Checkout	2026-10-07T04:23:30.7027070Z ##[endgroup]
trust	Checkout	2026-10-07T04:23:30.7031950Z [command]/usr/bin/git sparse-checkout disable
trust	Checkout	2026-10-07T04:23:30.7263980Z [command]/usr/bin/git config --local --unset-all extensions.worktreeConfig
trust	Checkout	2026-10-07T04:23:30.7433610Z ##[group]Checking out the ref
trust	Checkout	2026-10-07T04:23:30.7438500Z [command]/usr/bin/git checkout --progress --force refs/remotes/pull/44/merge
trust	Checkout	2026-10-07T04:23:30.8235680Z Previous HEAD position was 3f54a1b Record the sculpt-3md repository rename and the landed stack (#41)
trust	Checkout	2026-10-07T04:23:30.8250540Z HEAD is now at 3d8a7fc Merge 3a495f7cb36d2e483025d111eae7251160d6e99b into d4739d72b02e04411d9102544b51cab6fd9126da
trust	Checkout	2026-10-07T04:23:30.8268140Z ##[endgroup]
trust	Checkout	2026-10-07T04:23:30.8446630Z [command]/usr/bin/git log -1 --format=%H
trust	Checkout	2026-10-07T04:23:30.8605530Z 3d8a7fc7281f3e782f45fd5e96714ff8ac380566
trust	CorvidLabs Trust gate	﻿2026-10-07T04:23:30.8983190Z ##[group]Run CorvidLabs/trust@bccd89c111d47778c97c5064fb62ab51695e04ea
trust	CorvidLabs Trust gate	2026-10-07T04:23:30.8983500Z with:
trust	CorvidLabs Trust gate	2026-10-07T04:23:30.8983630Z   config: .trust.toml
trust	CorvidLabs Trust gate	2026-10-07T04:23:30.8983790Z   working-directory: .
trust	CorvidLabs Trust gate	2026-10-07T04:23:30.8983960Z   specsync-version: 6.0.0
trust	CorvidLabs Trust gate	2026-10-07T04:23:30.8984260Z env:
trust	CorvidLabs Trust gate	2026-10-07T04:23:30.8984980Z   ROOK_HI: /opt/homebrew/bin/hi
trust	CorvidLabs Trust gate	2026-10-07T04:23:30.8985420Z   ROOK_SPECSYNC: /opt/homebrew/bin/specsync
trust	CorvidLabs Trust gate	2026-10-07T04:23:30.8985620Z   FLEDGE_NON_INTERACTIVE: 1
trust	CorvidLabs Trust gate	2026-10-07T04:23:30.8985800Z   GIT_CONFIG_GLOBAL: /dev/null
trust	CorvidLabs Trust gate	2026-10-07T04:23:30.8985960Z ##[endgroup]
trust	CorvidLabs Trust gate	2026-10-07T04:23:30.9032480Z ##[start-action display=Resolve committed Trust policy;id=__CorvidLabs_trust.config]
trust	CorvidLabs Trust gate	2026-10-07T04:23:30.9065990Z ##[group]Run set -euo pipefail
trust	CorvidLabs Trust gate	2026-10-07T04:23:30.9066220Z ^[[36;1mset -euo pipefail^[[0m
trust	CorvidLabs Trust gate	2026-10-07T04:23:30.9066480Z ^[[36;1mpython3 "$GITHUB_ACTION_PATH/scripts/trust_cli.py" action-resolve \^[[0m
trust	CorvidLabs Trust gate	2026-10-07T04:23:30.9066850Z ^[[36;1m  --working-directory "$WORKING_DIRECTORY" \^[[0m
trust	CorvidLabs Trust gate	2026-10-07T04:23:30.9067110Z ^[[36;1m  --config "$CONFIG" \^[[0m
trust	CorvidLabs Trust gate	2026-10-07T04:23:30.9067290Z ^[[36;1m  --range "$RANGE" \^[[0m
trust	CorvidLabs Trust gate	2026-10-07T04:23:30.9067470Z ^[[36;1m  --profile "$PROFILE" \^[[0m
trust	CorvidLabs Trust gate	2026-10-07T04:23:30.9067670Z ^[[36;1m  --threshold "$THRESHOLD" \^[[0m
trust	CorvidLabs Trust gate	2026-10-07T04:23:30.9067890Z ^[[36;1m  --specsync-version "$SPECSYNC_VERSION" \^[[0m
trust	CorvidLabs Trust gate	2026-10-07T04:23:30.9068180Z ^[[36;1m  --specsync-download-base-url "$SPECSYNC_DOWNLOAD_BASE_URL" \^[[0m
trust	CorvidLabs Trust gate	2026-10-07T04:23:30.9068470Z ^[[36;1m  --runner-temp "$RUNNER_TEMP"^[[0m
trust	CorvidLabs Trust gate	2026-10-07T04:23:30.9187500Z shell: /bin/bash --noprofile --norc -e -o pipefail {0}
trust	CorvidLabs Trust gate	2026-10-07T04:23:30.9188050Z env:
trust	CorvidLabs Trust gate	2026-10-07T04:23:30.9188230Z   ROOK_HI: /opt/homebrew/bin/hi
trust	CorvidLabs Trust gate	2026-10-07T04:23:30.9188430Z   ROOK_SPECSYNC: /opt/homebrew/bin/specsync
trust	CorvidLabs Trust gate	2026-10-07T04:23:30.9188630Z   FLEDGE_NON_INTERACTIVE: 1
trust	CorvidLabs Trust gate	2026-10-07T04:23:30.9188810Z   GIT_CONFIG_GLOBAL: /dev/null
trust	CorvidLabs Trust gate	2026-10-07T04:23:30.9189000Z   CONFIG: .trust.toml
trust	CorvidLabs Trust gate	2026-10-07T04:23:30.9189150Z   WORKING_DIRECTORY: .
trust	CorvidLabs Trust gate	2026-10-07T04:23:30.9189300Z   RANGE: 
trust	CorvidLabs Trust gate	2026-10-07T04:23:30.9189890Z   PROFILE: 
trust	CorvidLabs Trust gate	2026-10-07T04:23:30.9190300Z   THRESHOLD: 
trust	CorvidLabs Trust gate	2026-10-07T04:23:30.9190450Z   SPECSYNC_VERSION: 6.0.0
trust	CorvidLabs Trust gate	2026-10-07T04:23:30.9190620Z   SPECSYNC_DOWNLOAD_BASE_URL: 
trust	CorvidLabs Trust gate	2026-10-07T04:23:30.9190860Z   RUNNER_TEMP: /Volumes/NVME/runners/actions-runner-1/_work/_temp
trust	CorvidLabs Trust gate	2026-10-07T04:23:30.9191110Z ##[endgroup]
trust	CorvidLabs Trust gate	2026-10-07T04:23:31.1749090Z ##[end-action id=__CorvidLabs_trust.config;outcome=success;conclusion=success;duration_ms=271]
trust	CorvidLabs Trust gate	2026-10-07T04:23:31.1766660Z ##[start-action display=Install pinned Fledge 1.7.0;id=__CorvidLabs_trust.__run]
trust	CorvidLabs Trust gate	2026-10-07T04:23:31.1788030Z ##[group]Run set -euo pipefail
trust	CorvidLabs Trust gate	2026-10-07T04:23:31.1788310Z ^[[36;1mset -euo pipefail^[[0m
trust	CorvidLabs Trust gate	2026-10-07T04:23:31.1788550Z ^[[36;1mif [ ! -x "$INSTALL_ROOT/bin/fledge" ]; then^[[0m
trust	CorvidLabs Trust gate	2026-10-07T04:23:31.1788820Z ^[[36;1m  case "${RUNNER_OS}:$(uname -m)" in^[[0m
trust	CorvidLabs Trust gate	2026-10-07T04:23:31.1789780Z ^[[36;1m    macOS:arm64)^[[0m
trust	CorvidLabs Trust gate	2026-10-07T04:23:31.1790050Z ^[[36;1m      asset="fledge-macos-aarch64"^[[0m
trust	CorvidLabs Trust gate	2026-10-07T04:23:31.1790410Z ^[[36;1m      sha="21d0916d52ef14e6d33e3967417773369e047a0311e66bbb1eecc8f69332a040"^[[0m
trust	CorvidLabs Trust gate	2026-10-07T04:23:31.1790810Z ^[[36;1m      ;;^[[0m
trust	CorvidLabs Trust gate	2026-10-07T04:23:31.1790970Z ^[[36;1m    macOS:x86_64)^[[0m
trust	CorvidLabs Trust gate	2026-10-07T04:23:31.1791180Z ^[[36;1m      asset="fledge-macos-x86_64"^[[0m
trust	CorvidLabs Trust gate	2026-10-07T04:23:31.1791500Z ^[[36;1m      sha="9b93babd60f87dc67c1df1902b35ab71c06912a267821c05688e6cd842c71072"^[[0m
trust	CorvidLabs Trust gate	2026-10-07T04:23:31.1791820Z ^[[36;1m      ;;^[[0m
trust	CorvidLabs Trust gate	2026-10-07T04:23:31.1791970Z ^[[36;1m    Linux:x86_64)^[[0m
trust	CorvidLabs Trust gate	2026-10-07T04:23:31.1792180Z ^[[36;1m      asset="fledge-linux-x86_64"^[[0m
trust	CorvidLabs Trust gate	2026-10-07T04:23:31.1792530Z ^[[36;1m      sha="9a2c5a0db698811052ad741dd8da5a3e8af5e46797f11b6cc59dffbd49917170"^[[0m
trust	CorvidLabs Trust gate	2026-10-07T04:23:31.1792840Z ^[[36;1m      ;;^[[0m
trust	CorvidLabs Trust gate	2026-10-07T04:23:31.1793000Z ^[[36;1m    *)^[[0m
trust	CorvidLabs Trust gate	2026-10-07T04:23:31.1806770Z ^[[36;1m      echo "::error::Fledge 1.7.0 has no Trust-supported asset for ${RUNNER_OS}/$(uname -m)"^[[0m
trust	CorvidLabs Trust gate	2026-10-07T04:23:31.1807770Z ^[[36;1m      exit 1^[[0m
trust	CorvidLabs Trust gate	2026-10-07T04:23:31.1807930Z ^[[36;1m      ;;^[[0m
trust	CorvidLabs Trust gate	2026-10-07T04:23:31.1808560Z ^[[36;1m  esac^[[0m
trust	CorvidLabs Trust gate	2026-10-07T04:23:31.1808710Z ^[[36;1m  mkdir -p "$INSTALL_ROOT/bin"^[[0m
trust	CorvidLabs Trust gate	2026-10-07T04:23:31.1809080Z ^[[36;1m  curl -fsSL "https://github.com/CorvidLabs/fledge/releases/download/v1.7.0/$asset" \^[[0m
trust	CorvidLabs Trust gate	2026-10-07T04:23:31.1809450Z ^[[36;1m    -o "$INSTALL_ROOT/bin/fledge"^[[0m
trust	CorvidLabs Trust gate	2026-10-07T04:23:31.1809770Z ^[[36;1m  actual="$(shasum -a 256 "$INSTALL_ROOT/bin/fledge" | awk '{print $1}')"^[[0m
trust	CorvidLabs Trust gate	2026-10-07T04:23:31.1810070Z ^[[36;1m  if [ "$actual" != "$sha" ]; then^[[0m
trust	CorvidLabs Trust gate	2026-10-07T04:23:31.1810370Z ^[[36;1m    echo "::error::Fledge 1.7.0 checksum mismatch (expected $sha, got $actual)"^[[0m
trust	CorvidLabs Trust gate	2026-10-07T04:23:31.1810680Z ^[[36;1m    exit 1^[[0m
trust	CorvidLabs Trust gate	2026-10-07T04:23:31.1810810Z ^[[36;1m  fi^[[0m
trust	CorvidLabs Trust gate	2026-10-07T04:23:31.1810990Z ^[[36;1m  chmod +x "$INSTALL_ROOT/bin/fledge"^[[0m
trust	CorvidLabs Trust gate	2026-10-07T04:23:31.1811200Z ^[[36;1mfi^[[0m
trust	CorvidLabs Trust gate	2026-10-07T04:23:31.1811390Z ^[[36;1mecho "$INSTALL_ROOT/bin" >> "$GITHUB_PATH"^[[0m
trust	CorvidLabs Trust gate	2026-10-07T04:23:31.1921450Z shell: /bin/bash --noprofile --norc -e -o pipefail {0}
trust	CorvidLabs Trust gate	2026-10-07T04:23:31.1921750Z env:
trust	CorvidLabs Trust gate	2026-10-07T04:23:31.1921920Z   ROOK_HI: /opt/homebrew/bin/hi
trust	CorvidLabs Trust gate	2026-10-07T04:23:31.1922130Z   ROOK_SPECSYNC: /opt/homebrew/bin/specsync
trust	CorvidLabs Trust gate	2026-10-07T04:23:31.1922340Z   FLEDGE_NON_INTERACTIVE: 1
trust	CorvidLabs Trust gate	2026-10-07T04:23:31.1922540Z   GIT_CONFIG_GLOBAL: /dev/null
trust	CorvidLabs Trust gate	2026-10-07T04:23:31.1922850Z   INSTALL_ROOT: /Volumes/NVME/runners/actions-runner-1/_work/_temp/corvid-trust-fledge
trust	CorvidLabs Trust gate	2026-10-07T04:23:31.1923190Z ##[endgroup]
trust	CorvidLabs Trust gate	2026-10-07T04:23:38.6961380Z ##[end-action id=__CorvidLabs_trust.__run;outcome=success;conclusion=success;duration_ms=7519]
trust	CorvidLabs Trust gate	2026-10-07T04:23:38.6965000Z ##[start-action display=Install pinned SpecSync;id=__CorvidLabs_trust.specsync_install]
trust	CorvidLabs Trust gate	2026-10-07T04:23:38.6987370Z ##[group]Run set -euo pipefail
trust	CorvidLabs Trust gate	2026-10-07T04:23:38.6987610Z ^[[36;1mset -euo pipefail^[[0m
trust	CorvidLabs Trust gate	2026-10-07T04:23:38.6987950Z ^[[36;1mbinary="$(python3 "$GITHUB_ACTION_PATH/scripts/trust_cli.py" action-install-specsync \^[[0m
trust	CorvidLabs Trust gate	2026-10-07T04:23:38.6988410Z ^[[36;1m  --specsync-version "$SPECSYNC_VERSION" \^[[0m
trust	CorvidLabs Trust gate	2026-10-07T04:23:38.6988750Z ^[[36;1m  --specsync-download-base-url "$SPECSYNC_DOWNLOAD_BASE_URL" \^[[0m
trust	CorvidLabs Trust gate	2026-10-07T04:23:38.6989100Z ^[[36;1m  --runner-temp "$RUNNER_TEMP")"^[[0m
trust	CorvidLabs Trust gate	2026-10-07T04:23:38.6989360Z ^[[36;1mecho "binary=$binary" >> "$GITHUB_OUTPUT"^[[0m
trust	CorvidLabs Trust gate	2026-10-07T04:23:38.6989660Z ^[[36;1mecho "$(dirname "$binary")" >> "$GITHUB_PATH"^[[0m
trust	CorvidLabs Trust gate	2026-10-07T04:23:38.7085160Z shell: /bin/bash --noprofile --norc -e -o pipefail {0}
trust	CorvidLabs Trust gate	2026-10-07T04:23:38.7085420Z env:
trust	CorvidLabs Trust gate	2026-10-07T04:23:38.7085610Z   ROOK_HI: /opt/homebrew/bin/hi
trust	CorvidLabs Trust gate	2026-10-07T04:23:38.7085820Z   ROOK_SPECSYNC: /opt/homebrew/bin/specsync
trust	CorvidLabs Trust gate	2026-10-07T04:23:38.7086060Z   FLEDGE_NON_INTERACTIVE: 1
trust	CorvidLabs Trust gate	2026-10-07T04:23:38.7086240Z   GIT_CONFIG_GLOBAL: /dev/null
trust	CorvidLabs Trust gate	2026-10-07T04:23:38.7086440Z   SPECSYNC_VERSION: 6.0.0
trust	CorvidLabs Trust gate	2026-10-07T04:23:38.7086630Z   SPECSYNC_DOWNLOAD_BASE_URL: 
trust	CorvidLabs Trust gate	2026-10-07T04:23:38.7086900Z   RUNNER_TEMP: /Volumes/NVME/runners/actions-runner-1/_work/_temp
trust	CorvidLabs Trust gate	2026-10-07T04:23:38.7087180Z ##[endgroup]
trust	CorvidLabs Trust gate	2026-10-07T04:23:42.2550240Z ##[warning]Ignoring PATH SpecSync /Users/leif/.cargo/bin/specsync; using Trust-pinned /Volumes/NVME/runners/actions-runner-1/_work/_temp/corvid-trust-specsync/bin/specsync
trust	CorvidLabs Trust gate	2026-10-07T04:23:42.2745160Z ##[end-action id=__CorvidLabs_trust.specsync_install;outcome=success;conclusion=success;duration_ms=3577]
trust	CorvidLabs Trust gate	2026-10-07T04:23:42.2748980Z ##[start-action display=Lifecycle verification;id=__CorvidLabs_trust.lifecycle]
trust	CorvidLabs Trust gate	2026-10-07T04:23:42.2776960Z ##[group]Run set -euo pipefail
trust	CorvidLabs Trust gate	2026-10-07T04:23:42.2777250Z ^[[36;1mset -euo pipefail^[[0m
trust	CorvidLabs Trust gate	2026-10-07T04:23:42.2777600Z ^[[36;1mpython3 "$GITHUB_ACTION_PATH/scripts/trust_cli.py" action-lifecycle \^[[0m
trust	CorvidLabs Trust gate	2026-10-07T04:23:42.2777970Z ^[[36;1m  --working-directory . \^[[0m
trust	CorvidLabs Trust gate	2026-10-07T04:23:42.2778210Z ^[[36;1m  --config "$TRUST_CONFIG"^[[0m
trust	CorvidLabs Trust gate	2026-10-07T04:23:42.2888790Z shell: /bin/bash --noprofile --norc -e -o pipefail {0}
trust	CorvidLabs Trust gate	2026-10-07T04:23:42.2889090Z env:
trust	CorvidLabs Trust gate	2026-10-07T04:23:42.2889250Z   ROOK_HI: /opt/homebrew/bin/hi
trust	CorvidLabs Trust gate	2026-10-07T04:23:42.2897060Z   ROOK_SPECSYNC: /opt/homebrew/bin/specsync
trust	CorvidLabs Trust gate	2026-10-07T04:23:42.2897350Z   FLEDGE_NON_INTERACTIVE: 1
trust	CorvidLabs Trust gate	2026-10-07T04:23:42.2897900Z   GIT_CONFIG_GLOBAL: /dev/null
trust	CorvidLabs Trust gate	2026-10-07T04:23:42.2898110Z   TRUST_CONFIG: .trust.toml
trust	CorvidLabs Trust gate	2026-10-07T04:23:42.2898520Z   SPECSYNC_PINNED_BIN: /Volumes/NVME/runners/actions-runner-1/_work/_temp/corvid-trust-specsync/bin/specsync
trust	CorvidLabs Trust gate	2026-10-07T04:23:42.2899120Z ##[endgroup]
trust	CorvidLabs Trust gate	2026-10-07T04:23:43.3285650Z ▶️ Lane: verify — Format, test harness, tests, intent, specs, source boundaries, and the release fixture scan
trust	CorvidLabs Trust gate	2026-10-07T04:23:43.3287770Z   ▶️ Running task: fmt
trust	CorvidLabs Trust gate	2026-10-07T04:23:44.9339410Z Fetching https://github.com/CorvidLabs/3md from cache
trust	CorvidLabs Trust gate	2026-10-07T04:23:46.0005880Z Fetched https://github.com/CorvidLabs/3md from cache (1.07s)
trust	CorvidLabs Trust gate	2026-10-07T04:23:46.0739670Z Creating working copy for https://github.com/CorvidLabs/3md
trust	CorvidLabs Trust gate	2026-10-07T04:23:47.0293590Z Working copy of https://github.com/CorvidLabs/3md resolved at 2.0.0
trust	CorvidLabs Trust gate	2026-10-07T04:24:07.4317350Z   ✔ Step 1 done (24.103s)
trust	CorvidLabs Trust gate	2026-10-07T04:24:07.4317880Z   ▶️ Running task: test-harness
trust	CorvidLabs Trust gate	2026-10-07T04:24:08.4542710Z Swift test evidence: /Volumes/NVME/runners/actions-runner-1/_work/sculpt-3md/sculpt-3md/.build/verification/1BD60096-22F3-44C0-A6CE-752A1F90CC01
trust	CorvidLabs Trust gate	2026-10-07T04:24:35.2439960Z [0/1] Planning build
trust	CorvidLabs Trust gate	2026-10-07T04:24:35.2440400Z Building for debugging...
trust	CorvidLabs Trust gate	2026-10-07T04:24:35.2440630Z [0/18] Write sources
trust	CorvidLabs Trust gate	2026-10-07T04:24:35.2441140Z [0/19] /Volumes/NVME/runners/actions-runner-1/_work/sculpt-3md/sculpt-3md/.build/arm64-apple-macosx/debug/RookPackageTests.derived/runner.swift
trust	CorvidLabs Trust gate	2026-10-07T04:24:35.2441710Z [0/19] Write sources
trust	CorvidLabs Trust gate	2026-10-07T04:24:35.2441900Z [1/20] Write Rook-entitlement.plist
trust	CorvidLabs Trust gate	2026-10-07T04:24:35.2442140Z [11/20] Write sources
trust	CorvidLabs Trust gate	2026-10-07T04:24:35.2442360Z [12/20] Write swift-version--58304C5D6DBC2206.txt
trust	CorvidLabs Trust gate	2026-10-07T04:24:35.2442610Z [14/71] Emitting module RookCore
trust	CorvidLabs Trust gate	2026-10-07T04:24:35.2442830Z [15/71] Compiling RookCore AppAppearance.swift
trust	CorvidLabs Trust gate	2026-10-07T04:24:35.2443090Z [16/101] Compiling RookApp SettingsView.swift
trust	CorvidLabs Trust gate	2026-10-07T04:24:35.2443430Z [17/102] Compiling RookApp SculptureWorldHandoff.swift
trust	CorvidLabs Trust gate	2026-10-07T04:24:35.2443830Z [18/102] Compiling RookApp SculptureCanvasKeyboard.swift
trust	CorvidLabs Trust gate	2026-10-07T04:24:35.2444160Z [19/102] Compiling RookApp SculptureCanvasPointer.swift
trust	CorvidLabs Trust gate	2026-10-07T04:24:35.2444520Z [20/102] Compiling RookApp SculpturePortableInterchange.swift
trust	CorvidLabs Trust gate	2026-10-07T04:24:35.2444860Z [21/102] Compiling RookApp SliceGridRendering.swift
trust	CorvidLabs Trust gate	2026-10-07T04:24:35.2445160Z [22/102] Compiling RookApp SculptureCommandPalette.swift
trust	CorvidLabs Trust gate	2026-10-07T04:24:35.2445520Z [23/102] Compiling RookApp SculptureCommandSearchField.swift
trust	CorvidLabs Trust gate	2026-10-07T04:24:35.2445810Z [24/102] Emitting module RookCoreTests
trust	CorvidLabs Trust gate	2026-10-07T04:24:35.2446090Z [25/102] Compiling RookApp SculptureProjectFolder.swift
trust	CorvidLabs Trust gate	2026-10-07T04:24:35.2446390Z [26/102] Compiling RookApp SculptureSaveJob.swift
trust	CorvidLabs Trust gate	2026-10-07T04:24:35.2446690Z [27/102] Compiling RookCoreTests AppAppearanceTests.swift
trust	CorvidLabs Trust gate	2026-10-07T04:24:35.2446980Z [28/102] Compiling RookApp SculptureLinkedViews.swift
trust	CorvidLabs Trust gate	2026-10-07T04:24:35.2447300Z [29/102] Compiling RookApp SculptureLinkedSession.swift
trust	CorvidLabs Trust gate	2026-10-07T04:24:35.2447600Z [30/102] Compiling RookApp Brand.swift
trust	CorvidLabs Trust gate	2026-10-07T04:24:35.2447840Z [31/102] Compiling RookApp LayerGrid.swift
trust	CorvidLabs Trust gate	2026-10-07T04:24:35.2448100Z [32/102] Compiling RookApp MainView.swift
trust	CorvidLabs Trust gate	2026-10-07T04:24:35.2448330Z [33/102] Compiling RookApp RookApp.swift
trust	CorvidLabs Trust gate	2026-10-07T04:24:35.2448620Z [34/102] Compiling RookApp SculptureSharedModelEditor.swift
trust	CorvidLabs Trust gate	2026-10-07T04:24:35.2448890Z [35/102] Emitting module RookApp
trust	CorvidLabs Trust gate	2026-10-07T04:24:35.2449210Z [36/102] Compiling RookSculptureTests SculptureLinkedTestProject.swift
trust	CorvidLabs Trust gate	2026-10-07T04:24:35.2449640Z [37/103] Compiling RookSculptureTests SculptureCompositionExampleTests.swift
trust	CorvidLabs Trust gate	2026-10-07T04:24:35.2450000Z [38/103] Emitting module RookVerificationTests
trust	CorvidLabs Trust gate	2026-10-07T04:24:35.2450390Z [39/103] Compiling RookVerificationTests RunnerTests.swift
trust	CorvidLabs Trust gate	2026-10-07T04:24:35.2450730Z [40/103] Compiling RookVerificationTests SwiftTestLogTests.swift
trust	CorvidLabs Trust gate	2026-10-07T04:24:35.2451080Z [41/103] Compiling RookSculptureTests SculptureModelEditingTests.swift
trust	CorvidLabs Trust gate	2026-10-07T04:24:35.2452150Z [42/103] Compiling RookSculptureTests SculptureExamplesTests.swift
trust	CorvidLabs Trust gate	2026-10-07T04:24:35.2459730Z [43/103] Compiling RookSculptureTests OBJExportTests.swift
trust	CorvidLabs Trust gate	2026-10-07T04:24:35.2460130Z [44/103] Compiling RookSculptureTests SculptureLinkedBundleTests.swift
trust	CorvidLabs Trust gate	2026-10-07T04:24:35.2460520Z [45/103] Compiling RookSculptureTests SculptureBinaryCodecTests.swift
trust	CorvidLabs Trust gate	2026-10-07T04:24:35.2460890Z [46/103] Compiling RookApp SculptureViewport.swift
trust	CorvidLabs Trust gate	2026-10-07T04:24:35.2461240Z [47/103] Compiling RookSculptureTests SculptureCommandTests.swift
trust	CorvidLabs Trust gate	2026-10-07T04:24:35.2461620Z [48/103] Compiling RookApp SculptureWorldEditor.swift
trust	CorvidLabs Trust gate	2026-10-07T04:24:35.2461920Z [49/103] Compiling RookApp SculptureWorkspace.swift
trust	CorvidLabs Trust gate	2026-10-07T04:24:35.2462170Z [50/103] Emitting module RookSculptureTests
trust	CorvidLabs Trust gate	2026-10-07T04:24:35.2462510Z [51/103] Compiling RookSculptureTests SculptureLinkedCodecTests.swift
trust	CorvidLabs Trust gate	2026-10-07T04:24:35.2462880Z [52/103] Compiling RookSculptureTests SculptureWorldTests.swift
trust	CorvidLabs Trust gate	2026-10-07T04:24:35.2463530Z [53/103] Compiling RookSculptureTests SculptureSolarSystemTests.swift
trust	CorvidLabs Trust gate	2026-10-07T04:24:35.2464120Z [54/103] Compiling RookSculptureTests SculptureCompositionTests.swift
trust	CorvidLabs Trust gate	2026-10-07T04:24:35.2464600Z [55/103] Compiling RookSculptureTests SculptureVolumeStudyExamplesTests.swift
trust	CorvidLabs Trust gate	2026-10-07T04:24:35.2465080Z [56/103] Compiling RookSculptureTests SculptureBlockWorldExamplesTests.swift
trust	CorvidLabs Trust gate	2026-10-07T04:24:35.2465500Z [57/103] Compiling RookSculptureTests SculptureComplexExamplesTests.swift
trust	CorvidLabs Trust gate	2026-10-07T04:24:35.2465880Z [58/103] Compiling RookSculptureTests SculptureThreeMDTests.swift
trust	CorvidLabs Trust gate	2026-10-07T04:24:35.2466250Z [59/103] Compiling RookToolTests SculptureReferenceModelToolTests.swift
trust	CorvidLabs Trust gate	2026-10-07T04:24:35.2466620Z [60/103] Compiling RookToolTests SculptureVolumeStudyTests.swift
trust	CorvidLabs Trust gate	2026-10-07T04:24:35.2466950Z [61/103] Compiling RookToolTests SculptureWorldToolTests.swift
trust	CorvidLabs Trust gate	2026-10-07T04:24:35.2467360Z [62/103] Compiling RookToolTests SculptureVolumeStudyWorldExportTests.swift
trust	CorvidLabs Trust gate	2026-10-07T04:24:35.2467860Z [63/103] Compiling RookToolTests SculpturePortableToolTests.swift
trust	CorvidLabs Trust gate	2026-10-07T04:24:35.2468230Z [64/103] Compiling RookToolTests SculptureLinkedInputTests.swift
trust	CorvidLabs Trust gate	2026-10-07T04:24:35.2469140Z [65/103] Compiling RookToolingTests NativeToolsTests.swift
trust	CorvidLabs Trust gate	2026-10-07T04:24:35.2469420Z [66/103] Emitting module RookToolingTests
trust	CorvidLabs Trust gate	2026-10-07T04:24:35.2469730Z [67/103] Compiling RookSculptureTests SculptureTests.swift
trust	CorvidLabs Trust gate	2026-10-07T04:24:35.2470070Z [68/103] Compiling RookApp SculptureCompositionEditor.swift
trust	CorvidLabs Trust gate	2026-10-07T04:24:35.2470410Z [69/103] Compiling RookApp SculptureDocumentCommands.swift
trust	CorvidLabs Trust gate	2026-10-07T04:24:35.2470820Z [70/103] Compiling RookSculptureTests SculptureInsertionPlanTests.swift
trust	CorvidLabs Trust gate	2026-10-07T04:24:35.2471380Z [71/103] Compiling RookSculptureTests SculptureLinkedResolverTests.swift
trust	CorvidLabs Trust gate	2026-10-07T04:24:35.2471920Z [72/103] Compiling RookToolTests SculptureCommandToolTests.swift
trust	CorvidLabs Trust gate	2026-10-07T04:24:35.2472250Z [73/103] Emitting module RookToolTests
trust	CorvidLabs Trust gate	2026-10-07T04:24:35.2472550Z [74/103] Compiling RookToolTests SculptureInsertToolTests.swift
trust	CorvidLabs Trust gate	2026-10-07T04:24:35.2472990Z [75/103] Compiling RookRenderingTests SculptureBlockPerformanceTests.swift
trust	CorvidLabs Trust gate	2026-10-07T04:24:35.2473380Z [76/103] Compiling RookRenderingTests VoxelRenderingTests.swift
trust	CorvidLabs Trust gate	2026-10-07T04:24:35.2473810Z [77/103] Compiling RookRenderingTests SculptureVolumeStudyRenderingTests.swift
trust	CorvidLabs Trust gate	2026-10-07T04:24:35.2474240Z [78/103] Compiling RookRenderingTests SculptureLiveVoxelTests.swift
trust	CorvidLabs Trust gate	2026-10-07T04:24:35.2474680Z [79/103] Compiling RookSculptureTests SculptureSceneInsertionTests.swift
trust	CorvidLabs Trust gate	2026-10-07T04:24:35.2475210Z [80/103] Compiling RookRenderingTests SculptureSolarPerformanceTests.swift
trust	CorvidLabs Trust gate	2026-10-07T04:24:35.2475700Z [81/103] Compiling RookRenderingTests SculptureVoxelMeshBuffersTests.swift
trust	CorvidLabs Trust gate	2026-10-07T04:24:35.2476090Z [82/103] Compiling RookRenderingTests SculptureLiveWorldTests.swift
trust	CorvidLabs Trust gate	2026-10-07T04:24:35.2476550Z [83/103] Compiling RookRenderingTests PreparedVoxelProjectionTests.swift
trust	CorvidLabs Trust gate	2026-10-07T04:24:35.2476940Z [84/103] Compiling RookRenderingTests RenderingTests.swift
trust	CorvidLabs Trust gate	2026-10-07T04:24:35.2477910Z [85/103] Compiling RookRenderingTests SculptureVoxelSurfaceTests.swift
trust	CorvidLabs Trust gate	2026-10-07T04:24:35.2478380Z [86/103] Compiling RookRenderingTests SculptureWorldNavigationTests.swift
trust	CorvidLabs Trust gate	2026-10-07T04:24:35.2479060Z [87/103] Compiling RookRenderingTests SculptureWorldExplorationRenderingTests.swift
trust	CorvidLabs Trust gate	2026-10-07T04:24:35.2479580Z [88/103] Compiling RookRenderingTests SculptureWorldCoarseMeshTests.swift
trust	CorvidLabs Trust gate	2026-10-07T04:24:35.2479950Z [89/103] Compiling RookRenderingTests CubeExportTests.swift
trust	CorvidLabs Trust gate	2026-10-07T04:24:35.2480350Z [90/103] Compiling RookRenderingTests ExampleArtifactTests.swift
trust	CorvidLabs Trust gate	2026-10-07T04:24:35.2480810Z [91/103] Compiling RookRenderingTests AnimationExportTests.swift
trust	CorvidLabs Trust gate	2026-10-07T04:24:35.2481160Z [92/103] Emitting module RookRenderingTests
trust	CorvidLabs Trust gate	2026-10-07T04:24:35.2481850Z [93/103] Compiling RookApp SculptureInsertionCommands.swift
trust	CorvidLabs Trust gate	2026-10-07T04:24:35.2482410Z [94/103] Compiling RookApp SculptureInsertionFiles.swift
trust	CorvidLabs Trust gate	2026-10-07T04:24:35.2482910Z [95/103] Compiling RookApp SculptureExportStudio.swift
trust	CorvidLabs Trust gate	2026-10-07T04:24:35.2483250Z [96/103] Compiling RookApp SculptureFile.swift
trust	CorvidLabs Trust gate	2026-10-07T04:24:35.2483500Z [97/103] Compiling RookApp SculptureEditor.swift
trust	CorvidLabs Trust gate	2026-10-07T04:24:35.2483900Z [98/103] Compiling RookApp SculptureExamplesBrowser.swift
trust	CorvidLabs Trust gate	2026-10-07T04:24:35.2484320Z [98/103] Write Objects.LinkFileList
trust	CorvidLabs Trust gate	2026-10-07T04:24:35.2484510Z [99/103] Linking Rook
trust	CorvidLabs Trust gate	2026-10-07T04:24:35.2484760Z [100/103] Applying Rook
trust	CorvidLabs Trust gate	2026-10-07T04:24:35.2485060Z [102/131] Compiling RookAppTests SculptureLinkedConfinementTests.swift
trust	CorvidLabs Trust gate	2026-10-07T04:24:35.2485460Z [103/131] Compiling RookAppTests SculptureLinkedInsertionTests.swift
trust	CorvidLabs Trust gate	2026-10-07T04:24:35.2485880Z [104/131] Compiling RookAppTests SculptureSharedModelDraftTests.swift
trust	CorvidLabs Trust gate	2026-10-07T04:24:35.2486240Z [105/131] Compiling RookAppTests SculptureLinkedTestProject.swift
trust	CorvidLabs Trust gate	2026-10-07T04:24:35.2486670Z [106/131] Compiling RookAppTests SculptureEditorPresentationTests.swift
trust	CorvidLabs Trust gate	2026-10-07T04:24:35.2487090Z [107/131] Compiling RookAppTests SculptureExportJobTests.swift
trust	CorvidLabs Trust gate	2026-10-07T04:24:35.2487500Z [108/131] Compiling RookAppTests SculptureWorldEditorTests.swift
trust	CorvidLabs Trust gate	2026-10-07T04:24:35.2487920Z [109/131] Compiling RookAppTests SculptureVoxelWorkspaceTests.swift
trust	CorvidLabs Trust gate	2026-10-07T04:24:35.2488320Z [110/132] Compiling RookAppTests SliceGridRenderingTests.swift
trust	CorvidLabs Trust gate	2026-10-07T04:24:35.2488750Z [111/132] Compiling RookAppTests SculptureReferenceEditorPresentationTests.swift
trust	CorvidLabs Trust gate	2026-10-07T04:24:35.2489160Z [112/132] Compiling RookAppTests SculptureWorkspaceTests.swift
trust	CorvidLabs Trust gate	2026-10-07T04:24:35.2489550Z [113/132] Compiling RookAppTests SculpturePortableInterchangeTests.swift
trust	CorvidLabs Trust gate	2026-10-07T04:24:35.2489950Z [114/132] Compiling RookAppTests SculptureLinkedPresentationTests.swift
trust	CorvidLabs Trust gate	2026-10-07T04:24:35.2490350Z [115/132] Compiling RookAppTests SculptureLinkedSessionTests.swift
trust	CorvidLabs Trust gate	2026-10-07T04:24:35.2490740Z [116/132] Compiling RookAppTests SculptureReferenceSaveSessionTests.swift
trust	CorvidLabs Trust gate	2026-10-07T04:24:35.2491130Z [117/132] Compiling RookAppTests SculptureMeshRevisionTests.swift
trust	CorvidLabs Trust gate	2026-10-07T04:24:35.2491490Z [118/132] Compiling RookAppTests LayerGridScrollPresentationTests.swift
trust	CorvidLabs Trust gate	2026-10-07T04:24:35.2491880Z [119/132] Compiling RookAppTests SculptureCanvasPointerTests.swift
trust	CorvidLabs Trust gate	2026-10-07T04:24:35.2492210Z [120/132] Emitting module RookAppTests
trust	CorvidLabs Trust gate	2026-10-07T04:24:35.2492530Z [121/132] Compiling RookAppTests SculptureSharedModelPresentationTests.swift
trust	CorvidLabs Trust gate	2026-10-07T04:24:35.2492990Z [122/132] Compiling RookAppTests SculptureSaveJobTests.swift
trust	CorvidLabs Trust gate	2026-10-07T04:24:35.2493310Z [123/132] Compiling RookAppTests AppearanceTests.swift
trust	CorvidLabs Trust gate	2026-10-07T04:24:35.2493680Z [124/132] Compiling RookAppTests LayerGridGeometryTests.swift
trust	CorvidLabs Trust gate	2026-10-07T04:24:35.2494030Z [125/132] Compiling RookAppTests SculptureInsertionDraftTests.swift
trust	CorvidLabs Trust gate	2026-10-07T04:24:35.2494450Z [126/132] Compiling RookAppTests SculptureInsertionRepairTests.swift
trust	CorvidLabs Trust gate	2026-10-07T04:24:35.2494880Z [127/132] Compiling RookAppTests SculptureGraphSaveJobTests.swift
trust	CorvidLabs Trust gate	2026-10-07T04:24:35.2495270Z [128/132] Compiling RookAppTests SculptureInsertionDiscoveryTests.swift
trust	CorvidLabs Trust gate	2026-10-07T04:24:35.2495710Z [129/132] Compiling RookAppTests SculptureCommandFocusTests.swift
trust	CorvidLabs Trust gate	2026-10-07T04:24:35.2496440Z [130/132] Compiling RookAppTests SculptureCompositionEditorTests.swift
trust	CorvidLabs Trust gate	2026-10-07T04:24:35.2496970Z [131/134] Emitting module RookPackageTests
trust	CorvidLabs Trust gate	2026-10-07T04:24:35.2497260Z [132/134] Compiling RookPackageTests runner.swift
trust	CorvidLabs Trust gate	2026-10-07T04:24:35.2497490Z [132/134] Write Objects.LinkFileList
trust	CorvidLabs Trust gate	2026-10-07T04:24:35.2497720Z [133/134] Linking RookPackageTests
trust	CorvidLabs Trust gate	2026-10-07T04:24:35.2498170Z Build complete! (22.53s)
trust	CorvidLabs Trust gate	2026-10-07T04:24:35.2498420Z Test Suite 'Selected tests' started at 2026-10-06 22:24:32.763.
trust	CorvidLabs Trust gate	2026-10-07T04:24:35.2498770Z Test Suite 'RookPackageTests.xctest' started at 2026-10-06 22:24:32.764.
trust	CorvidLabs Trust gate	2026-10-07T04:24:35.2499180Z Test Suite 'RookPackageTests.xctest' passed at 2026-10-06 22:24:32.764.
trust	CorvidLabs Trust gate	2026-10-07T04:24:35.2499600Z 	 Executed 0 tests, with 0 failures (0 unexpected) in 0.000 (0.000) seconds
trust	CorvidLabs Trust gate	2026-10-07T04:24:35.2499970Z Test Suite 'Selected tests' passed at 2026-10-06 22:24:32.764.
trust	CorvidLabs Trust gate	2026-10-07T04:24:35.2500340Z 	 Executed 0 tests, with 0 failures (0 unexpected) in 0.000 (0.001) seconds
trust	CorvidLabs Trust gate	2026-10-07T04:24:35.2500780Z ◇ Test run started.
trust	CorvidLabs Trust gate	2026-10-07T04:24:35.2501020Z ↳ Testing Library Version: 1902
trust	CorvidLabs Trust gate	2026-10-07T04:24:35.2501300Z ↳ Target Platform: arm64e-apple-macos14.0
trust	CorvidLabs Trust gate	2026-10-07T04:24:35.2501650Z ◇ Test directProcessExecutionDoesNotInterpretArgumentText() started.
trust	CorvidLabs Trust gate	2026-10-07T04:24:35.2502170Z ✔ Test directProcessExecutionDoesNotInterpretArgumentText() passed after 0.007 seconds.
trust	CorvidLabs Trust gate	2026-10-07T04:24:35.2502660Z ◇ Test incorrectPinnedVersionStopsBeforeRunningTheTool() started.
trust	CorvidLabs Trust gate	2026-10-07T04:24:35.2503150Z ✔ Test incorrectPinnedVersionStopsBeforeRunningTheTool() passed after 0.001 seconds.
trust	CorvidLabs Trust gate	2026-10-07T04:24:35.2503640Z ◇ Test specArgumentsRemainLiteralArgumentsAndFailuresPropagate() started.
trust	CorvidLabs Trust gate	2026-10-07T04:24:35.2504010Z failed
trust	CorvidLabs Trust gate	2026-10-07T04:24:35.2504350Z ✔ Test specArgumentsRemainLiteralArgumentsAndFailuresPropagate() passed after 0.001 seconds.
trust	CorvidLabs Trust gate	2026-10-07T04:24:35.2504870Z ◇ Test failedReleaseBuildDoesNotScanAnOldExecutable() started.
trust	CorvidLabs Trust gate	2026-10-07T04:24:35.2505720Z build failed✔ Test failedReleaseBuildDoesNotScanAnOldExecutable() passed after 0.001 seconds.
trust	CorvidLabs Trust gate	2026-10-07T04:24:35.2506410Z ◇ Test failedPackagingReleaseBuildDoesNotCopyAnOldExecutableOrReplaceTheBundle() started.
trust	CorvidLabs Trust gate	2026-10-07T04:24:35.2507280Z release build failed✔ Test failedPackagingReleaseBuildDoesNotCopyAnOldExecutableOrReplaceTheBundle() passed after 0.007 seconds.
trust	CorvidLabs Trust gate	2026-10-07T04:24:35.2507910Z ◇ Test sourceScanRejectsNetworkProcessAndCoreBridges() started.
trust	CorvidLabs Trust gate	2026-10-07T04:24:35.2508370Z ✔ Test sourceScanRejectsNetworkProcessAndCoreBridges() passed after 0.015 seconds.
trust	CorvidLabs Trust gate	2026-10-07T04:24:35.2508880Z ◇ Test entitlementCheckRequiresExactlyTheSandboxAndUserSelectedKeys() started.
trust	CorvidLabs Trust gate	2026-10-07T04:24:35.2509480Z ✔ Test entitlementCheckRequiresExactlyTheSandboxAndUserSelectedKeys() passed after 0.005 seconds.
trust	CorvidLabs Trust gate	2026-10-07T04:24:35.2510090Z ◇ Test boundaryStepRefusesAnAddedEntitlementBeforeRunningAnyTool() started.
trust	CorvidLabs Trust gate	2026-10-07T04:24:35.2510640Z ✔ Test boundaryStepRefusesAnAddedEntitlementBeforeRunningAnyTool() passed after 0.002 seconds.
trust	CorvidLabs Trust gate	2026-10-07T04:24:35.2511270Z ◇ Test productSourcesRefuseStoredDefaultsKeysOtherThanAppearance() started.
trust	CorvidLabs Trust gate	2026-10-07T04:24:35.2511830Z ✔ Test productSourcesRefuseStoredDefaultsKeysOtherThanAppearance() passed after 0.038 seconds.
trust	CorvidLabs Trust gate	2026-10-07T04:24:35.2512400Z ◇ Test productSourcesRefuseFileWatchersAndSecurityScopedBookmarks() started.
trust	CorvidLabs Trust gate	2026-10-07T04:24:35.2512980Z ✔ Test productSourcesRefuseFileWatchersAndSecurityScopedBookmarks() passed after 0.058 seconds.
trust	CorvidLabs Trust gate	2026-10-07T04:24:35.2513580Z ◇ Test currentRepositorySourcesAndEntitlementsPassTheBoundaryScan() started.
trust	CorvidLabs Trust gate	2026-10-07T04:24:35.2514160Z ✔ Test currentRepositorySourcesAndEntitlementsPassTheBoundaryScan() passed after 0.800 seconds.
trust	CorvidLabs Trust gate	2026-10-07T04:24:35.2514730Z ◇ Test productDependencyGraphRejectsTransitiveToolingAndUnknownEdges() started.
trust	CorvidLabs Trust gate	2026-10-07T04:24:35.2515390Z ✔ Test productDependencyGraphRejectsTransitiveToolingAndUnknownEdges() passed after 0.001 seconds.
trust	CorvidLabs Trust gate	2026-10-07T04:24:35.2515970Z ◇ Test releaseMarkerScanIncludesEmbeddedUnprintableBytes() started.
trust	CorvidLabs Trust gate	2026-10-07T04:24:35.2516700Z ✔ Test releaseMarkerScanIncludesEmbeddedUnprintableBytes() passed after 0.001 seconds.
trust	CorvidLabs Trust gate	2026-10-07T04:24:35.2517430Z ◇ Test repositoryInventoryRejectsPythonAndShellProgramsOutsideDependencies() started.
trust	CorvidLabs Trust gate	2026-10-07T04:24:35.2518090Z ✔ Test repositoryInventoryRejectsPythonAndShellProgramsOutsideDependencies() passed after 0.001 seconds.
trust	CorvidLabs Trust gate	2026-10-07T04:24:35.2518670Z ◇ Test failedRepositoryInventoryCannotPassSourceBoundaries() started.
trust	CorvidLabs Trust gate	2026-10-07T04:24:35.2519310Z git failed✔ Test failedRepositoryInventoryCannotPassSourceBoundaries() passed after 0.002 seconds.
trust	CorvidLabs Trust gate	2026-10-07T04:24:35.2519870Z ◇ Test signingFailurePreservesTheExistingBundleAndRemovesStaging() started.
trust	CorvidLabs Trust gate	2026-10-07T04:24:35.2520530Z signing failed✔ Test signingFailurePreservesTheExistingBundleAndRemovesStaging() passed after 0.007 seconds.
trust	CorvidLabs Trust gate	2026-10-07T04:24:35.2521200Z ◇ Test successfulPackagingBuildsAndCopiesReleaseBeforeReplacingTheOwnedBundle() started.
trust	CorvidLabs Trust gate	2026-10-07T04:24:35.2522120Z release builtsignedverifiedentitlementspackaged /var/folders/5k/616qy7sj28l0d53k4c6w_4x00000gn/T/rook-tooling-test-66852912-481B-4998-8662-C1364C128379/dist/Rook.app; local ad-hoc signature, not notarized
trust	CorvidLabs Trust gate	2026-10-07T04:24:35.2523180Z ✔ Test successfulPackagingBuildsAndCopiesReleaseBeforeReplacingTheOwnedBundle() passed after 0.040 seconds.
trust	CorvidLabs Trust gate	2026-10-07T04:24:35.2523840Z ◇ Test packagingDoesNotFallBackToDebugWhenReleaseIsMissing() started.
trust	CorvidLabs Trust gate	2026-10-07T04:24:35.2524430Z ✔ Test packagingDoesNotFallBackToDebugWhenReleaseIsMissing() passed after 0.003 seconds.
trust	CorvidLabs Trust gate	2026-10-07T04:24:35.2524950Z ◇ Test packagingRefusesUnrelatedBundlesAndSymbolicLinkDestinations() started.
trust	CorvidLabs Trust gate	2026-10-07T04:24:35.2525540Z ✔ Test packagingRefusesUnrelatedBundlesAndSymbolicLinkDestinations() passed after 0.004 seconds.
trust	CorvidLabs Trust gate	2026-10-07T04:24:35.2526180Z ◇ Test runnerAcceptsCompleteSwiftChild() started.
trust	CorvidLabs Trust gate	2026-10-07T04:24:35.2526530Z ✔ Test runnerAcceptsCompleteSwiftChild() passed after 0.302 seconds.
trust	CorvidLabs Trust gate	2026-10-07T04:24:35.2526910Z ◇ Test runnerRejectsPrematureSwiftChildExitZero() started.
trust	CorvidLabs Trust gate	2026-10-07T04:24:35.2527330Z ✔ Test runnerRejectsPrematureSwiftChildExitZero() passed after 0.206 seconds.
trust	CorvidLabs Trust gate	2026-10-07T04:24:35.2527820Z ◇ Test runnerRejectsSwiftChildRecordedIssueAtExitZero() started.
trust	CorvidLabs Trust gate	2026-10-07T04:24:35.2528280Z ✔ Test runnerRejectsSwiftChildRecordedIssueAtExitZero() passed after 0.212 seconds.
trust	CorvidLabs Trust gate	2026-10-07T04:24:35.2528810Z ◇ Test runnerPreservesActualSwiftChildExitSeven() started.
trust	CorvidLabs Trust gate	2026-10-07T04:24:35.2529330Z ✔ Test runnerPreservesActualSwiftChildExitSeven() passed after 0.209 seconds.
trust	CorvidLabs Trust gate	2026-10-07T04:24:35.2529750Z ◇ Test runnerDoesNotOverwriteRetainedEvidence() started.
trust	CorvidLabs Trust gate	2026-10-07T04:24:35.2530190Z ✔ Test runnerDoesNotOverwriteRetainedEvidence() passed after 0.001 seconds.
trust	CorvidLabs Trust gate	2026-10-07T04:24:35.2530640Z ◇ Test completeSwiftTestingRunIsAcceptedWithTypedSummary() started.
trust	CorvidLabs Trust gate	2026-10-07T04:24:35.2531160Z ✔ Test completeSwiftTestingRunIsAcceptedWithTypedSummary() passed after 0.010 seconds.
trust	CorvidLabs Trust gate	2026-10-07T04:24:35.2531650Z ◇ Test recordedIssuesAndMissingSummaryAreBothRejected() started.
trust	CorvidLabs Trust gate	2026-10-07T04:24:35.2532140Z ✔ Test recordedIssuesAndMissingSummaryAreBothRejected() passed after 0.007 seconds.
trust	CorvidLabs Trust gate	2026-10-07T04:24:35.2532630Z ◇ Test incompleteRunWithoutFailureCannotPass() started.
trust	CorvidLabs Trust gate	2026-10-07T04:24:35.2533050Z ✔ Test incompleteRunWithoutFailureCannotPass() passed after 0.008 seconds.
trust	CorvidLabs Trust gate	2026-10-07T04:24:35.2533460Z ◇ Test xctestZeroAloneCannotPass() started.
trust	CorvidLabs Trust gate	2026-10-07T04:24:35.2533790Z ✔ Test xctestZeroAloneCannotPass() passed after 0.005 seconds.
trust	CorvidLabs Trust gate	2026-10-07T04:24:35.2534160Z ◇ Test ansiUnicodeAndCIFormattingAreAccepted() started.
trust	CorvidLabs Trust gate	2026-10-07T04:24:35.2534560Z ✔ Test ansiUnicodeAndCIFormattingAreAccepted() passed after 0.003 seconds.
trust	CorvidLabs Trust gate	2026-10-07T04:24:35.2534990Z ◇ Test failureWordsInsidePassingTestNamesAreNotIssues() started.
trust	CorvidLabs Trust gate	2026-10-07T04:24:35.2535460Z ✔ Test failureWordsInsidePassingTestNamesAreNotIssues() passed after 0.009 seconds.
trust	CorvidLabs Trust gate	2026-10-07T04:24:35.2535940Z ◇ Test upstreamFailureCannotBeHiddenBySuccessfulSummary() started.
trust	CorvidLabs Trust gate	2026-10-07T04:24:35.2536450Z ✔ Test upstreamFailureCannotBeHiddenBySuccessfulSummary() passed after 0.006 seconds.
trust	CorvidLabs Trust gate	2026-10-07T04:24:35.2537170Z ◇ Test earlierIssueCannotBeHiddenBySuccessfulSummary() started.
trust	CorvidLabs Trust gate	2026-10-07T04:24:35.2537810Z ✔ Test earlierIssueCannotBeHiddenBySuccessfulSummary() passed after 0.007 seconds.
trust	CorvidLabs Trust gate	2026-10-07T04:24:35.2538290Z ◇ Test earlierSummaryCannotHideALaterUnfinishedRun() started.
trust	CorvidLabs Trust gate	2026-10-07T04:24:35.2538780Z ✔ Test earlierSummaryCannotHideALaterUnfinishedRun() passed after 0.012 seconds.
trust	CorvidLabs Trust gate	2026-10-07T04:24:35.2539220Z ◇ Test zeroSwiftTestingCountIsRejected() started.
trust	CorvidLabs Trust gate	2026-10-07T04:24:35.2539660Z ✔ Test zeroSwiftTestingCountIsRejected() passed after 0.003 seconds.
trust	CorvidLabs Trust gate	2026-10-07T04:24:35.2540140Z ◇ Test explicitExpectedCountIsEnforcedWithoutAProductCountPin() started.
trust	CorvidLabs Trust gate	2026-10-07T04:24:35.2540770Z ✔ Test explicitExpectedCountIsEnforcedWithoutAProductCountPin() passed after 0.011 seconds.
trust	CorvidLabs Trust gate	2026-10-07T04:24:35.2541290Z ◇ Test xctestFailureIsRejectedEvenWithSwiftTestingSuccess() started.
trust	CorvidLabs Trust gate	2026-10-07T04:24:35.2541770Z ✔ Test xctestFailureIsRejectedEvenWithSwiftTestingSuccess() passed after 0.005 seconds.
trust	CorvidLabs Trust gate	2026-10-07T04:24:35.2542210Z ✔ Test run with 36 tests in 0 suites passed after 2.026 seconds.
trust	CorvidLabs Trust gate	2026-10-07T04:24:35.2542420Z 
trust	CorvidLabs Trust gate	2026-10-07T04:24:35.2542830Z Retained test log: /Volumes/NVME/runners/actions-runner-1/_work/sculpt-3md/sculpt-3md/.build/verification/1BD60096-22F3-44C0-A6CE-752A1F90CC01/swift-test.log
trust	CorvidLabs Trust gate	2026-10-07T04:24:35.2543690Z Test receipt: /Volumes/NVME/runners/actions-runner-1/_work/sculpt-3md/sculpt-3md/.build/verification/1BD60096-22F3-44C0-A6CE-752A1F90CC01/swift-test-result.json
trust	CorvidLabs Trust gate	2026-10-07T04:24:35.2544310Z   ✔ Step 2 done (27.813s)
trust	CorvidLabs Trust gate	2026-10-07T04:24:35.2544500Z   ▶️ Running task: test
trust	CorvidLabs Trust gate	2026-10-07T04:24:36.2367120Z Swift test evidence: /Volumes/NVME/runners/actions-runner-1/_work/sculpt-3md/sculpt-3md/.build/verification/A6463D9C-9FD3-462A-9D47-7178B5D63530
trust	CorvidLabs Trust gate	2026-10-07T04:32:25.6022450Z [0/1] Planning build
trust	CorvidLabs Trust gate	2026-10-07T04:32:25.6023810Z Building for debugging...
trust	CorvidLabs Trust gate	2026-10-07T04:32:25.6030530Z [0/6] Write swift-version--58304C5D6DBC2206.txt
trust	CorvidLabs Trust gate	2026-10-07T04:32:25.6044700Z Build complete! (0.36s)
trust	CorvidLabs Trust gate	2026-10-07T04:32:25.6057880Z Test Suite 'All tests' started at 2026-10-06 22:24:37.136.
trust	CorvidLabs Trust gate	2026-10-07T04:32:25.6059250Z Test Suite 'All tests' passed at 2026-10-06 22:24:37.137.
trust	CorvidLabs Trust gate	2026-10-07T04:32:25.6071430Z 	 Executed 0 tests, with 0 failures (0 unexpected) in 0.000 (0.001) seconds
trust	CorvidLabs Trust gate	2026-10-07T04:32:25.6161510Z ◇ Test run started.
trust	CorvidLabs Trust gate	2026-10-07T04:32:25.6194010Z ↳ Testing Library Version: 1902
trust	CorvidLabs Trust gate	2026-10-07T04:32:25.6254230Z ↳ Target Platform: arm64e-apple-macos14.0
trust	CorvidLabs Trust gate	2026-10-07T04:32:25.6264640Z ◇ Test systemPreferenceDefersToMacAppearance() started.
trust	CorvidLabs Trust gate	2026-10-07T04:32:25.6266680Z ✔ Test systemPreferenceDefersToMacAppearance() passed after 0.001 seconds.
trust	CorvidLabs Trust gate	2026-10-07T04:32:25.6268090Z ◇ Test largeSliceGridFitAndZoomKeepSquareCellsWithinTheirCanvas() started.
trust	CorvidLabs Trust gate	2026-10-07T04:32:25.6306010Z ✔ Test largeSliceGridFitAndZoomKeepSquareCellsWithinTheirCanvas() passed after 0.001 seconds.
trust	CorvidLabs Trust gate	2026-10-07T04:32:25.6320770Z ◇ Test rectangularSliceGridUsesItsActualAspectRatioAtEveryZoom() started.
trust	CorvidLabs Trust gate	2026-10-07T04:32:25.6364010Z ✔ Test rectangularSliceGridUsesItsActualAspectRatioAtEveryZoom() passed after 0.001 seconds.
trust	CorvidLabs Trust gate	2026-10-07T04:32:25.6366340Z ◇ Test maximumVolumeGridZoomCanReachTheLastCellPrecisely() started.
trust	CorvidLabs Trust gate	2026-10-07T04:32:25.6371130Z ✔ Test maximumVolumeGridZoomCanReachTheLastCellPrecisely() passed after 0.001 seconds.
trust	CorvidLabs Trust gate	2026-10-07T04:32:25.6374820Z ◇ Test scrollingChangesViewportPositionWithoutChangingLocalCellCoordinates() started.
trust	CorvidLabs Trust gate	2026-10-07T04:32:25.6377750Z ✔ Test scrollingChangesViewportPositionWithoutChangingLocalCellCoordinates() passed after 0.001 seconds.
trust	CorvidLabs Trust gate	2026-10-07T04:32:25.6385040Z ◇ Test gridHitTestingRejectsOutsideNonFiniteAndUnavailableGeometry() started.
trust	CorvidLabs Trust gate	2026-10-07T04:32:25.6386040Z ✔ Test gridHitTestingRejectsOutsideNonFiniteAndUnavailableGeometry() passed after 0.001 seconds.
trust	CorvidLabs Trust gate	2026-10-07T04:32:25.6386990Z ◇ Suite LayerGridScrollPresentationTests started.
trust	CorvidLabs Trust gate	2026-10-07T04:32:25.6387760Z ◇ Test nativeClipMeasurementIsWindowScopedAndDisconnectsWhenDismantled() started.
trust	CorvidLabs Trust gate	2026-10-07T04:32:25.6395880Z ✔ Test nativeClipMeasurementIsWindowScopedAndDisconnectsWhenDismantled() passed after 0.562 seconds.
trust	CorvidLabs Trust gate	2026-10-07T04:32:25.6398380Z ◇ Test nativeZoomedSliceKeepsDrawingAfterItsOriginScrollsOutOfView() started.
trust	CorvidLabs Trust gate	2026-10-07T04:32:25.6416760Z ✔ Test nativeZoomedSliceKeepsDrawingAfterItsOriginScrollsOutOfView() passed after 0.931 seconds.
trust	CorvidLabs Trust gate	2026-10-07T04:32:25.6417760Z ✔ Suite LayerGridScrollPresentationTests passed after 1.494 seconds.
trust	CorvidLabs Trust gate	2026-10-07T04:32:25.6418620Z ◇ Suite SculptureCanvasPointerTests started.
trust	CorvidLabs Trust gate	2026-10-07T04:32:25.6419130Z ◇ Test nativePointerDispatchesTopLeftCoordinatesAndAllMousePhases() started.
trust	CorvidLabs Trust gate	2026-10-07T04:32:25.6419760Z ✔ Test nativePointerDispatchesTopLeftCoordinatesAndAllMousePhases() passed after 0.016 seconds.
trust	CorvidLabs Trust gate	2026-10-07T04:32:25.6420350Z ◇ Test pointerEventsStayWithinTheirOwnWindow() started.
trust	CorvidLabs Trust gate	2026-10-07T04:32:25.6420810Z ✔ Test pointerEventsStayWithinTheirOwnWindow() passed after 0.013 seconds.
trust	CorvidLabs Trust gate	2026-10-07T04:32:25.6421340Z ◇ Test mouseInputDoesNotStealTheExistingKeyboardResponder() started.
trust	CorvidLabs Trust gate	2026-10-07T04:32:25.6421930Z ✔ Test mouseInputDoesNotStealTheExistingKeyboardResponder() passed after 0.013 seconds.
trust	CorvidLabs Trust gate	2026-10-07T04:32:25.6422500Z ✔ Suite SculptureCanvasPointerTests passed after 0.044 seconds.
trust	CorvidLabs Trust gate	2026-10-07T04:32:25.6422940Z ◇ Suite SculptureCommandFocusTests started.
trust	CorvidLabs Trust gate	2026-10-07T04:32:25.6423420Z ◇ Test nativeSearchTakesPriorTitleResponderAndReturnRunsFilteredAction() started.
trust	CorvidLabs Trust gate	2026-10-07T04:32:25.6424140Z ✔ Test nativeSearchTakesPriorTitleResponderAndReturnRunsFilteredAction() passed after 0.514 seconds.
trust	CorvidLabs Trust gate	2026-10-07T04:32:25.6424880Z ◇ Test nativeSearchReturnHandsMountedCanvasRealArrowAndSpaceEvents() started.
trust	CorvidLabs Trust gate	2026-10-07T04:32:25.6425620Z ✔ Test nativeSearchReturnHandsMountedCanvasRealArrowAndSpaceEvents() passed after 0.282 seconds.
trust	CorvidLabs Trust gate	2026-10-07T04:32:25.6426280Z ◇ Test nativeSearchEscapeUnmountsAndDoesNotRetakeRestoredTitleResponder() started.
trust	CorvidLabs Trust gate	2026-10-07T04:32:25.6427010Z ✔ Test nativeSearchEscapeUnmountsAndDoesNotRetakeRestoredTitleResponder() passed after 0.295 seconds.
trust	CorvidLabs Trust gate	2026-10-07T04:32:25.6427570Z ✔ Suite SculptureCommandFocusTests passed after 1.092 seconds.
trust	CorvidLabs Trust gate	2026-10-07T04:32:25.6428210Z ◇ Test compositionDraftStartsWithSmallReferencedModelsAndDistinctMapCharacters() started.
trust	CorvidLabs Trust gate	2026-10-07T04:32:25.6429000Z ✔ Test compositionDraftStartsWithSmallReferencedModelsAndDistinctMapCharacters() passed after 0.048 seconds.
trust	CorvidLabs Trust gate	2026-10-07T04:32:25.6429650Z ◇ Test compositionTilePlacementAndErasingDoNotAlterReferencedModels() started.
trust	CorvidLabs Trust gate	2026-10-07T04:32:25.6430330Z ✔ Test compositionTilePlacementAndErasingDoNotAlterReferencedModels() passed after 0.001 seconds.
trust	CorvidLabs Trust gate	2026-10-07T04:32:25.6431060Z ◇ Test compositionShrinkRefusesOccupiedClippingAndKeepsSurvivingRowsAligned() started.
trust	CorvidLabs Trust gate	2026-10-07T04:32:25.6431810Z ✔ Test compositionShrinkRefusesOccupiedClippingAndKeepsSurvivingRowsAligned() passed after 0.001 seconds.
trust	CorvidLabs Trust gate	2026-10-07T04:32:25.6432490Z ◇ Test compositionReopeningRetainsNestedGraphAndRotationChangesOnlyItsBinding() started.
trust	CorvidLabs Trust gate	2026-10-07T04:32:25.6433280Z ✔ Test compositionReopeningRetainsNestedGraphAndRotationChangesOnlyItsBinding() passed after 0.001 seconds.
trust	CorvidLabs Trust gate	2026-10-07T04:32:25.6434100Z ◇ Test compositionInsertionRemapsEntireGraphAndKeepsRepeatedReferencesSelfContained() started.
trust	CorvidLabs Trust gate	2026-10-07T04:32:25.6435370Z ✔ Test compositionInsertionRemapsEntireGraphAndKeepsRepeatedReferencesSelfContained() passed after 0.420 seconds.
trust	CorvidLabs Trust gate	2026-10-07T04:32:25.6436120Z ◇ Test compositionTitleDraftAndBoundsErrorsDoNotDiscardMapOrLibrary() started.
trust	CorvidLabs Trust gate	2026-10-07T04:32:25.6436770Z ✔ Test compositionTitleDraftAndBoundsErrorsDoNotDiscardMapOrLibrary() passed after 0.001 seconds.
trust	CorvidLabs Trust gate	2026-10-07T04:32:25.6437480Z ◇ Test cancelingCompositionPreparationNeverOpensTheCanceledSnapshot() started.
trust	CorvidLabs Trust gate	2026-10-07T04:32:25.6438090Z ✔ Test cancelingCompositionPreparationNeverOpensTheCanceledSnapshot() passed after 0.001 seconds.
trust	CorvidLabs Trust gate	2026-10-07T04:32:25.6438700Z ◇ Suite SculptureEditorPresentationTests started.
trust	CorvidLabs Trust gate	2026-10-07T04:32:25.6439130Z ◇ Test actualEditorViewsRenderAtMinimumAndDefaultSizes() started.
trust	CorvidLabs Trust gate	2026-10-07T04:32:25.6439920Z Retained editor presentation captures: /Volumes/NVME/runners/actions-runner-1/_work/sculpt-3md/sculpt-3md/.build/verification/editor-presentation-A096D69B-55D0-45F4-9BF8-E758B1937211
trust	CorvidLabs Trust gate	2026-10-07T04:32:25.6441720Z ✔ Test actualEditorViewsRenderAtMinimumAndDefaultSizes() passed after 9.585 seconds.
trust	CorvidLabs Trust gate	2026-10-07T04:32:25.6442240Z ✔ Suite SculptureEditorPresentationTests passed after 9.585 seconds.
trust	CorvidLabs Trust gate	2026-10-07T04:32:25.6442710Z ◇ Test "Export names cannot introduce paths or hidden files" started.
trust	CorvidLabs Trust gate	2026-10-07T04:32:25.6443180Z ✔ Test "Export names cannot introduce paths or hidden files" passed after 0.018 seconds.
trust	CorvidLabs Trust gate	2026-10-07T04:32:25.6443770Z ◇ Test "Preparing a mesh export keeps the source and cleans up its private staging folder" started.
trust	CorvidLabs Trust gate	2026-10-07T04:32:25.6444500Z ✔ Test "Preparing a mesh export keeps the source and cleans up its private staging folder" passed after 0.014 seconds.
trust	CorvidLabs Trust gate	2026-10-07T04:32:25.6445600Z ◇ Suite "Reference save snapshots" started.
trust	CorvidLabs Trust gate	2026-10-07T04:32:25.6447260Z ◇ Test compositionPreparationRetainsReferencesAndLeavesVoxelBaselineAlone() started.
trust	CorvidLabs Trust gate	2026-10-07T04:32:25.6449610Z ✔ Test compositionPreparationRetainsReferencesAndLeavesVoxelBaselineAlone() passed after 0.034 seconds.
trust	CorvidLabs Trust gate	2026-10-07T04:32:25.6451470Z ◇ Test cancellationAndReplacementCannotPublishAnOldGraph() started.
trust	CorvidLabs Trust gate	2026-10-07T04:32:25.6452890Z ✔ Test cancellationAndReplacementCannotPublishAnOldGraph() passed after 0.018 seconds.
trust	CorvidLabs Trust gate	2026-10-07T04:32:25.6454440Z ◇ Test worldPreparationPreservesExactSparseCoordinates() started.
trust	CorvidLabs Trust gate	2026-10-07T04:32:25.6455920Z ✔ Test worldPreparationPreservesExactSparseCoordinates() passed after 0.033 seconds.
trust	CorvidLabs Trust gate	2026-10-07T04:32:25.6457380Z ✔ Suite "Reference save snapshots" passed after 0.085 seconds.
trust	CorvidLabs Trust gate	2026-10-07T04:32:25.6458430Z ◇ Suite "Insertion discoverability" started.
trust	CorvidLabs Trust gate	2026-10-07T04:32:25.6459640Z ◇ Test fileMenuActionsPresentTheSheetsImporterAndAreUnavailableWhileBusy() started.
trust	CorvidLabs Trust gate	2026-10-07T04:32:25.6461640Z ✔ Test fileMenuActionsPresentTheSheetsImporterAndAreUnavailableWhileBusy() passed after 0.029 seconds.
trust	CorvidLabs Trust gate	2026-10-07T04:32:25.6463290Z ◇ Test worldMenuActionsFollowTheSameRulesAndNeverChangeTheWorld() started.
trust	CorvidLabs Trust gate	2026-10-07T04:32:25.6464970Z ✔ Test worldMenuActionsFollowTheSameRulesAndNeverChangeTheWorld() passed after 0.031 seconds.
trust	CorvidLabs Trust gate	2026-10-07T04:32:25.6467900Z ◇ Test commandPaletteOffersInsertionWithSearchableKeywordsAndOpensTheMatchingSheet() started.
trust	CorvidLabs Trust gate	2026-10-07T04:32:25.6471270Z ✔ Test commandPaletteOffersInsertionWithSearchableKeywordsAndOpensTheMatchingSheet() passed after 0.001 seconds.
trust	CorvidLabs Trust gate	2026-10-07T04:32:25.6473220Z ◇ Test insertionCanvasesStartEmptyAndAcceptTheFirstFileWithoutReplacingAnything() started.
trust	CorvidLabs Trust gate	2026-10-07T04:32:25.6475280Z ✔ Test insertionCanvasesStartEmptyAndAcceptTheFirstFileWithoutReplacingAnything() passed after 0.022 seconds.
trust	CorvidLabs Trust gate	2026-10-07T04:32:25.6477040Z ◇ Test menuUndoActsOnTheOpenSheetAndNeverChangesTheHiddenSculpture() started.
trust	CorvidLabs Trust gate	2026-10-07T04:32:25.6478800Z ✔ Test menuUndoActsOnTheOpenSheetAndNeverChangesTheHiddenSculpture() passed after 0.009 seconds.
trust	CorvidLabs Trust gate	2026-10-07T04:32:25.6480400Z ◇ Test menuUndoFallsBackToTheMainSculptureOnlyWhenNoSheetCoversIt() started.
trust	CorvidLabs Trust gate	2026-10-07T04:32:25.6482060Z ✔ Test menuUndoFallsBackToTheMainSculptureOnlyWhenNoSheetCoversIt() passed after 0.001 seconds.
trust	CorvidLabs Trust gate	2026-10-07T04:32:25.6483650Z ◇ Test sheetHistoryIsUnavailableWhileBusyAndFollowsAnOpenSharedEdit() started.
trust	CorvidLabs Trust gate	2026-10-07T04:32:25.6485440Z ✔ Test sheetHistoryIsUnavailableWhileBusyAndFollowsAnOpenSharedEdit() passed after 0.029 seconds.
trust	CorvidLabs Trust gate	2026-10-07T04:32:25.6486200Z ◇ Test worldSheetHistoryRoutesAndStaysUnavailableWhileItsPreparationRuns() started.
trust	CorvidLabs Trust gate	2026-10-07T04:32:25.6487040Z ✔ Test worldSheetHistoryRoutesAndStaysUnavailableWhileItsPreparationRuns() passed after 0.049 seconds.
trust	CorvidLabs Trust gate	2026-10-07T04:32:25.6487830Z ◇ Test replacingTheDraftWithAnExampleClearsStalePortableDataAndUndoRestoresIt() started.
trust	CorvidLabs Trust gate	2026-10-07T04:32:25.6488560Z ✔ Test replacingTheDraftWithAnExampleClearsStalePortableDataAndUndoRestoresIt() passed after 0.009 seconds.
trust	CorvidLabs Trust gate	2026-10-07T04:32:25.6490330Z ◇ Test useInAWorldCarriesTheCompositionsPortableMetadataAndNestedTitles() started.
trust	CorvidLabs Trust gate	2026-10-07T04:32:25.6491880Z ✔ Test useInAWorldCarriesTheCompositionsPortableMetadataAndNestedTitles() passed after 0.050 seconds.
trust	CorvidLabs Trust gate	2026-10-07T04:32:25.6492650Z ◇ Test useInAWorldWithoutPortableDataOrBeyondPortableCapacityFallsBackWithAPlainNotice() started.
trust	CorvidLabs Trust gate	2026-10-07T04:32:25.6493810Z ✔ Test useInAWorldWithoutPortableDataOrBeyondPortableCapacityFallsBackWithAPlainNotice() passed after 2.317 seconds.
trust	CorvidLabs Trust gate	2026-10-07T04:32:25.6629620Z ◇ Test cancelingAWorldHandoffNeverDeliversIt() started.
trust	CorvidLabs Trust gate	2026-10-07T04:32:25.6630330Z ✔ Test cancelingAWorldHandoffNeverDeliversIt() passed after 0.005 seconds.
trust	CorvidLabs Trust gate	2026-10-07T04:32:25.6630900Z ◇ Test insertingAtAnUnchangedFocusKeepsTheExploreEyeWherever() started.
trust	CorvidLabs Trust gate	2026-10-07T04:32:25.6631450Z ✔ Test insertingAtAnUnchangedFocusKeepsTheExploreEyeWherever() passed after 0.014 seconds.
trust	CorvidLabs Trust gate	2026-10-07T04:32:25.6633780Z ◇ Test openingEditableVoxelsEndsTheNavigationPauseAndCatchesTheFocusUpWithTheExploreAnchor() started.
trust	CorvidLabs Trust gate	2026-10-07T04:32:25.6637400Z ✔ Test openingEditableVoxelsEndsTheNavigationPauseAndCatchesTheFocusUpWithTheExploreAnchor() passed after 0.014 seconds.
trust	CorvidLabs Trust gate	2026-10-07T04:32:25.6638480Z ◇ Test walkingWhileAnInsertionPreparesDoesNotRefuseItAndFocusCatchesUpAfterwards() started.
trust	CorvidLabs Trust gate	2026-10-07T04:32:25.6639290Z ✔ Test walkingWhileAnInsertionPreparesDoesNotRefuseItAndFocusCatchesUpAfterwards() passed after 0.031 seconds.
trust	CorvidLabs Trust gate	2026-10-07T04:32:25.6640400Z ◇ Test batchesNameTheirFirstAndLastTilesAndSayWhenTheyContinueOntoAnotherRowOrLayer() started.
trust	CorvidLabs Trust gate	2026-10-07T04:32:25.6641960Z ✔ Test batchesNameTheirFirstAndLastTilesAndSayWhenTheyContinueOntoAnotherRowOrLayer() passed after 0.034 seconds.
trust	CorvidLabs Trust gate	2026-10-07T04:32:25.6642620Z ◇ Test replacementQuestionAndSummaryUseCorrectPlurals() started.
trust	CorvidLabs Trust gate	2026-10-07T04:32:25.6643170Z ✔ Test replacementQuestionAndSummaryUseCorrectPlurals() passed after 0.028 seconds.
trust	CorvidLabs Trust gate	2026-10-07T04:32:25.6643680Z ◇ Test labelsShowModelTitlesAndDimensionsNeverGeneratedIDs() started.
trust	CorvidLabs Trust gate	2026-10-07T04:32:25.6644280Z ✔ Test labelsShowModelTitlesAndDimensionsNeverGeneratedIDs() passed after 0.022 seconds.
trust	CorvidLabs Trust gate	2026-10-07T04:32:25.6644900Z ◇ Test nativeSaveAndInsertionRefuseGraphsThatWouldNotReopen() started.
trust	CorvidLabs Trust gate	2026-10-07T04:32:25.6645440Z ✔ Test nativeSaveAndInsertionRefuseGraphsThatWouldNotReopen() passed after 4.130 seconds.
trust	CorvidLabs Trust gate	2026-10-07T04:32:25.6646120Z ◇ Test largeNativeParentsInsertWithNativeValuesAndExplainTheFallback() started.
trust	CorvidLabs Trust gate	2026-10-07T04:32:25.6646750Z ✔ Test largeNativeParentsInsertWithNativeValuesAndExplainTheFallback() passed after 11.990 seconds.
trust	CorvidLabs Trust gate	2026-10-07T04:32:25.6647340Z ✔ Suite "Insertion discoverability" passed after 18.827 seconds.
trust	CorvidLabs Trust gate	2026-10-07T04:32:25.6647680Z ◇ Suite "Native model insertion" started.
trust	CorvidLabs Trust gate	2026-10-07T04:32:25.6648260Z ◇ Test compositionBatchPlacesNestedModelsAndRestoresTheCompleteSnapshotWithOneUndo() started.
trust	CorvidLabs Trust gate	2026-10-07T04:32:25.6649010Z ✔ Test compositionBatchPlacesNestedModelsAndRestoresTheCompleteSnapshotWithOneUndo() passed after 0.041 seconds.
trust	CorvidLabs Trust gate	2026-10-07T04:32:25.6649670Z ◇ Test worldBatchPlacesAtExactFocusAndKeepsLibraryAndSnapshotInOneHistoryEntry() started.
trust	CorvidLabs Trust gate	2026-10-07T04:32:25.6650430Z ✔ Test worldBatchPlacesAtExactFocusAndKeepsLibraryAndSnapshotInOneHistoryEntry() passed after 0.043 seconds.
trust	CorvidLabs Trust gate	2026-10-07T04:32:25.6651040Z ◇ Test compositionRefusalsNeverPublishAPartialBatchOrCreateHistory() started.
trust	CorvidLabs Trust gate	2026-10-07T04:32:25.6653600Z ✔ Test compositionRefusalsNeverPublishAPartialBatchOrCreateHistory() passed after 0.004 seconds.
trust	CorvidLabs Trust gate	2026-10-07T04:32:25.6655140Z ◇ Test failedInsertionRetainsAnExistingRedoAndSavedBaseline() started.
trust	CorvidLabs Trust gate	2026-10-07T04:32:25.6655880Z ✔ Test failedInsertionRetainsAnExistingRedoAndSavedBaseline() passed after 0.008 seconds.
trust	CorvidLabs Trust gate	2026-10-07T04:32:25.6658510Z ◇ Test exhaustedGlyphLedgerRefusesInsertionWithoutChangingTheMapOrHistory() started.
trust	CorvidLabs Trust gate	2026-10-07T04:32:25.6659430Z ✔ Test exhaustedGlyphLedgerRefusesInsertionWithoutChangingTheMapOrHistory() passed after 0.001 seconds.
trust	CorvidLabs Trust gate	2026-10-07T04:32:25.6660200Z ◇ Test worldRefusalsKeepExactDocumentHistoryAndPortableSnapshot() started.
trust	CorvidLabs Trust gate	2026-10-07T04:32:25.6664280Z ✔ Test worldRefusalsKeepExactDocumentHistoryAndPortableSnapshot() passed after 0.003 seconds.
trust	CorvidLabs Trust gate	2026-10-07T04:32:25.6668390Z ◇ Test multiselectUsesNaturalFilenameOrderNotSelectionOrderAndRetainsPortableInputs() started.
trust	CorvidLabs Trust gate	2026-10-07T04:32:25.6670430Z ✔ Test multiselectUsesNaturalFilenameOrderNotSelectionOrderAndRetainsPortableInputs() passed after 0.027 seconds.
trust	CorvidLabs Trust gate	2026-10-07T04:32:25.6673180Z ◇ Test equalFilenamesInDifferentFoldersKeepAStablePathOrder() started.
trust	CorvidLabs Trust gate	2026-10-07T04:32:25.6674580Z ✔ Test equalFilenamesInDifferentFoldersKeepAStablePathOrder() passed after 0.003 seconds.
trust	CorvidLabs Trust gate	2026-10-07T04:32:25.6676300Z ◇ Test recursiveFolderSelectionSkipsHiddenUnsupportedAndSymbolicEntries() started.
trust	CorvidLabs Trust gate	2026-10-07T04:32:25.6678040Z ✔ Test recursiveFolderSelectionSkipsHiddenUnsupportedAndSymbolicEntries() passed after 0.005 seconds.
trust	CorvidLabs Trust gate	2026-10-07T04:32:25.6679910Z ◇ Test fileSelectionRefusesEmptyUnsupportedSymlinkAndOversizedInputsNamingTheFileAndLimit() started.
trust	CorvidLabs Trust gate	2026-10-07T04:32:25.6683630Z ✔ Test fileSelectionRefusesEmptyUnsupportedSymlinkAndOversizedInputsNamingTheFileAndLimit() passed after 0.012 seconds.
trust	CorvidLabs Trust gate	2026-10-07T04:32:25.6684520Z ◇ Test earlyChecksRefuseAnOversizedBatchBeforeDecodingEveryFile() started.
trust	CorvidLabs Trust gate	2026-10-07T04:32:25.6685180Z ✔ Test earlyChecksRefuseAnOversizedBatchBeforeDecodingEveryFile() passed after 0.003 seconds.
trust	CorvidLabs Trust gate	2026-10-07T04:32:25.6685790Z ◇ Test cancelledFileReadsAndDraftInsertionNeverPublishOrCreateHistory() started.
trust	CorvidLabs Trust gate	2026-10-07T04:32:25.6686480Z ✔ Test cancelledFileReadsAndDraftInsertionNeverPublishOrCreateHistory() passed after 0.008 seconds.
trust	CorvidLabs Trust gate	2026-10-07T04:32:25.6687240Z ◇ Test nativeFolderInsertionAutomaticallyPlacesTheBatchAndUnsupportedSelectionIsAtomic() started.
trust	CorvidLabs Trust gate	2026-10-07T04:32:25.6688020Z ✔ Test nativeFolderInsertionAutomaticallyPlacesTheBatchAndUnsupportedSelectionIsAtomic() passed after 0.045 seconds.
trust	CorvidLabs Trust gate	2026-10-07T04:32:25.6688750Z ◇ Test worldInsertionRejectsAParentChangedDuringFilePreparation() started.
trust	CorvidLabs Trust gate	2026-10-07T04:32:25.6689400Z ✔ Test worldInsertionRejectsAParentChangedDuringFilePreparation() passed after 0.027 seconds.
trust	CorvidLabs Trust gate	2026-10-07T04:32:25.6689970Z ◇ Test selectToolChoosesTheInsertionStartWithoutPaintingOrChangingHistory() started.
trust	CorvidLabs Trust gate	2026-10-07T04:32:25.6690780Z ✔ Test selectToolChoosesTheInsertionStartWithoutPaintingOrChangingHistory() passed after 0.009 seconds.
trust	CorvidLabs Trust gate	2026-10-07T04:32:25.6691500Z ◇ Test occupiedTargetsRequireConfirmationAndCancelPreservesTheCompleteParent() started.
trust	CorvidLabs Trust gate	2026-10-07T04:32:25.6692210Z ✔ Test occupiedTargetsRequireConfirmationAndCancelPreservesTheCompleteParent() passed after 0.049 seconds.
trust	CorvidLabs Trust gate	2026-10-07T04:32:25.6693020Z ◇ Test editedParentInvalidatesReplacementConfirmationWithoutPublishingTheCandidate() started.
trust	CorvidLabs Trust gate	2026-10-07T04:32:25.6693800Z ✔ Test editedParentInvalidatesReplacementConfirmationWithoutPublishingTheCandidate() passed after 0.018 seconds.
trust	CorvidLabs Trust gate	2026-10-07T04:32:25.6694520Z ◇ Test changedStartAndSavedSnapshotInvalidateReplacementConfirmationWithoutHistory() started.
trust	CorvidLabs Trust gate	2026-10-07T04:32:25.6695250Z ✔ Test changedStartAndSavedSnapshotInvalidateReplacementConfirmationWithoutHistory() passed after 0.037 seconds.
trust	CorvidLabs Trust gate	2026-10-07T04:32:25.6695960Z ◇ Test filePreparationStagesOccupiedTargetsBeforeAnyMutation() started.
trust	CorvidLabs Trust gate	2026-10-07T04:32:25.6696530Z ✔ Test filePreparationStagesOccupiedTargetsBeforeAnyMutation() passed after 0.035 seconds.
trust	CorvidLabs Trust gate	2026-10-07T04:32:25.6697190Z ◇ Test compositionEditsDuringPreparationCancelTheCandidateAndRetainOnlyTheEditHistory() started.
trust	CorvidLabs Trust gate	2026-10-07T04:32:25.6697950Z ✔ Test compositionEditsDuringPreparationCancelTheCandidateAndRetainOnlyTheEditHistory() passed after 0.014 seconds.
trust	CorvidLabs Trust gate	2026-10-07T04:32:25.6698670Z ◇ Test saveFinishingDuringCompositionPreparationRetainsItsSnapshotWithoutInsertion() started.
trust	CorvidLabs Trust gate	2026-10-07T04:32:25.6699380Z ✔ Test saveFinishingDuringCompositionPreparationRetainsItsSnapshotWithoutInsertion() passed after 0.016 seconds.
trust	CorvidLabs Trust gate	2026-10-07T04:32:25.6700100Z ◇ Test worldInsertionRejectsASnapshotChangedByACompletedSaveDuringPreparation() started.
trust	CorvidLabs Trust gate	2026-10-07T04:32:25.6700810Z ✔ Test worldInsertionRejectsASnapshotChangedByACompletedSaveDuringPreparation() passed after 0.044 seconds.
trust	CorvidLabs Trust gate	2026-10-07T04:32:25.6701540Z ◇ Test worldInsertionRejectsFocusChangesDuringPreparationWithoutLosingTheNewFocus() started.
trust	CorvidLabs Trust gate	2026-10-07T04:32:25.6702850Z ✔ Test worldInsertionRejectsFocusChangesDuringPreparationWithoutLosingTheNewFocus() passed after 0.054 seconds.
trust	CorvidLabs Trust gate	2026-10-07T04:32:25.6704010Z ◇ Test fileRefusalsIdentifyTheFilenameWithoutExposingItsPrivateDirectory() started.
trust	CorvidLabs Trust gate	2026-10-07T04:32:25.6704680Z ✔ Test fileRefusalsIdentifyTheFilenameWithoutExposingItsPrivateDirectory() passed after 0.002 seconds.
trust	CorvidLabs Trust gate	2026-10-07T04:32:25.6705330Z ◇ Test tileFitRefusalNamesTheModelAndRequiredAndCurrentDimensions() started.
trust	CorvidLabs Trust gate	2026-10-07T04:32:25.6705910Z ✔ Test tileFitRefusalNamesTheModelAndRequiredAndCurrentDimensions() passed after 0.001 seconds.
trust	CorvidLabs Trust gate	2026-10-07T04:32:25.6706560Z ◇ Test portableActionsResumeOnlyAfterPreparationAndReplacementDecisionFinish() started.
trust	CorvidLabs Trust gate	2026-10-07T04:32:25.6707240Z ✔ Test portableActionsResumeOnlyAfterPreparationAndReplacementDecisionFinish() passed after 0.048 seconds.
trust	CorvidLabs Trust gate	2026-10-07T04:32:25.6707930Z ◇ Test selectedWorldChildrenNameTheirSourceAndRefuseTheWholeNativeBatch() started.
trust	CorvidLabs Trust gate	2026-10-07T04:32:25.6708660Z ✔ Test selectedWorldChildrenNameTheirSourceAndRefuseTheWholeNativeBatch() passed after 0.103 seconds.
trust	CorvidLabs Trust gate	2026-10-07T04:32:25.6709170Z ✔ Suite "Native model insertion" passed after 0.672 seconds.
trust	CorvidLabs Trust gate	2026-10-07T04:32:25.6709510Z ◇ Suite "Insertion repairs" started.
trust	CorvidLabs Trust gate	2026-10-07T04:32:25.6709930Z ◇ Test aNativeWorldFallsBackNativelyWhetherFilesArriveOneAtATimeOrTogether() started.
trust	CorvidLabs Trust gate	2026-10-07T04:32:25.6710670Z ✔ Test aNativeWorldFallsBackNativelyWhetherFilesArriveOneAtATimeOrTogether() passed after 22.264 seconds.
trust	CorvidLabs Trust gate	2026-10-07T04:32:25.6711330Z ◇ Test aSnapshotMintedByASharedEditDoesNotForceLaterInsertionsDownThePortablePath() started.
trust	CorvidLabs Trust gate	2026-10-07T04:32:25.6712110Z ✔ Test aSnapshotMintedByASharedEditDoesNotForceLaterInsertionsDownThePortablePath() passed after 13.199 seconds.
trust	CorvidLabs Trust gate	2026-10-07T04:32:25.6712780Z ◇ Test portableDataTheDraftTrulyHoldsStillRefusesAnOversizedInsertionByName() started.
trust	CorvidLabs Trust gate	2026-10-07T04:32:25.6713440Z ✔ Test portableDataTheDraftTrulyHoldsStillRefusesAnOversizedInsertionByName() passed after 13.230 seconds.
trust	CorvidLabs Trust gate	2026-10-07T04:32:25.6714140Z ◇ Test theDraftsPortableFlagFollowsCarriedDataExportsAndReplacementAndUndoRestoresIt() started.
trust	CorvidLabs Trust gate	2026-10-07T04:32:25.6714850Z ✔ Test theDraftsPortableFlagFollowsCarriedDataExportsAndReplacementAndUndoRestoresIt() passed after 0.021 seconds.
trust	CorvidLabs Trust gate	2026-10-07T04:32:25.6715520Z ◇ Test theWorldDraftsPortableFlagFollowsCarriedDataAndUndoRestoresIt() started.
trust	CorvidLabs Trust gate	2026-10-07T04:32:25.6716100Z ✔ Test theWorldDraftsPortableFlagFollowsCarriedDataAndUndoRestoresIt() passed after 0.034 seconds.
trust	CorvidLabs Trust gate	2026-10-07T04:32:25.6719270Z ◇ Test largeNativeFilesInsertNativelyAndTheSameFilesWithPortableDataAreRefusedByName() started.
trust	CorvidLabs Trust gate	2026-10-07T04:32:25.6720340Z ✔ Test largeNativeFilesInsertNativelyAndTheSameFilesWithPortableDataAreRefusedByName() passed after 45.933 seconds.
trust	CorvidLabs Trust gate	2026-10-07T04:32:25.6721760Z ◇ Test historyIsUnavailableWhileApplyValidatesAndAStaleApplyKeepsTheSessionOpen() started.
trust	CorvidLabs Trust gate	2026-10-07T04:32:25.6723270Z ✔ Test historyIsUnavailableWhileApplyValidatesAndAStaleApplyKeepsTheSessionOpen() passed after 0.009 seconds.
trust	CorvidLabs Trust gate	2026-10-07T04:32:25.6725570Z ◇ Test aWorldApplyAlsoRejectsContentThatChangedWhileItWasValidated() started.
trust	CorvidLabs Trust gate	2026-10-07T04:32:25.6727470Z ✔ Test aWorldApplyAlsoRejectsContentThatChangedWhileItWasValidated() passed after 0.019 seconds.
trust	CorvidLabs Trust gate	2026-10-07T04:32:25.6729150Z ◇ Test sharedModelMenusTellSameTitleAndSizeModelsApartOnlyWhenTheyCollide() started.
trust	CorvidLabs Trust gate	2026-10-07T04:32:25.6730800Z ✔ Test sharedModelMenusTellSameTitleAndSizeModelsApartOnlyWhenTheyCollide() passed after 0.001 seconds.
trust	CorvidLabs Trust gate	2026-10-07T04:32:25.6731500Z ◇ Test theAppReaderRefusesByNameWhenTheResolvedVolumeBudgetIsFullBeforeDecodingAnyFile() started.
trust	CorvidLabs Trust gate	2026-10-07T04:32:25.6732230Z ✔ Test theAppReaderRefusesByNameWhenTheResolvedVolumeBudgetIsFullBeforeDecodingAnyFile() passed after 0.003 seconds.
trust	CorvidLabs Trust gate	2026-10-07T04:32:25.6732890Z ◇ Test theByteBudgetIsAdmittedForEveryFileBeforeAnyEarlierFileIsDecoded() started.
trust	CorvidLabs Trust gate	2026-10-07T04:32:25.6733480Z ✔ Test theByteBudgetIsAdmittedForEveryFileBeforeAnyEarlierFileIsDecoded() passed after 0.002 seconds.
trust	CorvidLabs Trust gate	2026-10-07T04:32:25.6734800Z ◇ Test theCompositionCanvasHoldsAWholeFolderAndNamesTheLayerItSpillsInto() started.
trust	CorvidLabs Trust gate	2026-10-07T04:32:25.6735410Z ✔ Test theCompositionCanvasHoldsAWholeFolderAndNamesTheLayerItSpillsInto() passed after 0.070 seconds.
trust	CorvidLabs Trust gate	2026-10-07T04:32:25.6736280Z ◇ Test commandAvailabilityIsOneDecisionForTheFileMenuEditMenuAndPalette() started.
trust	CorvidLabs Trust gate	2026-10-07T04:32:25.6736880Z ✔ Test commandAvailabilityIsOneDecisionForTheFileMenuEditMenuAndPalette() passed after 0.001 seconds.
trust	CorvidLabs Trust gate	2026-10-07T04:32:25.6737470Z ◇ Test aDelayedImporterRequestIsPresentedDroppedOrLeftAloneByTheLiveState() started.
trust	CorvidLabs Trust gate	2026-10-07T04:32:25.6738090Z ✔ Test aDelayedImporterRequestIsPresentedDroppedOrLeftAloneByTheLiveState() passed after 0.001 seconds.
trust	CorvidLabs Trust gate	2026-10-07T04:32:25.6738660Z ◇ Test historyAvailabilityIsObservedSoMenusRefreshWhenADraftEdits() started.
trust	CorvidLabs Trust gate	2026-10-07T04:32:25.6739210Z ✔ Test historyAvailabilityIsObservedSoMenusRefreshWhenADraftEdits() passed after 0.001 seconds.
trust	CorvidLabs Trust gate	2026-10-07T04:32:25.6739670Z ✔ Suite "Insertion repairs" passed after 94.793 seconds.
trust	CorvidLabs Trust gate	2026-10-07T04:32:25.6739970Z ◇ Suite "Linked file confinement" started.
trust	CorvidLabs Trust gate	2026-10-07T04:32:25.6740310Z ◇ Test aSymbolicLinkFolderComponentIsRefusedNamingTheFile() started.
trust	CorvidLabs Trust gate	2026-10-07T04:32:25.6740800Z ✔ Test aSymbolicLinkFolderComponentIsRefusedNamingTheFile() passed after 0.005 seconds.
trust	CorvidLabs Trust gate	2026-10-07T04:32:25.6741350Z ◇ Test aSymbolicLinkFileIsRefusedEvenWhenItPointsInsideOrOutsideTheFolder() started.
trust	CorvidLabs Trust gate	2026-10-07T04:32:25.6741960Z ✔ Test aSymbolicLinkFileIsRefusedEvenWhenItPointsInsideOrOutsideTheFolder() passed after 0.005 seconds.
trust	CorvidLabs Trust gate	2026-10-07T04:32:25.6742590Z ◇ Test aScalarThatJoinsASeparatorToItsNameCannotCarryOneOpenThroughASymbolicLink() started.
trust	CorvidLabs Trust gate	2026-10-07T04:32:25.6743270Z ✔ Test aScalarThatJoinsASeparatorToItsNameCannotCarryOneOpenThroughASymbolicLink() passed after 0.005 seconds.
trust	CorvidLabs Trust gate	2026-10-07T04:32:25.6743900Z ◇ Test aRootReachedThroughASymbolicLinkFolderIsReadFromItsRealLocationOnly() started.
trust	CorvidLabs Trust gate	2026-10-07T04:32:25.6744520Z ✔ Test aRootReachedThroughASymbolicLinkFolderIsReadFromItsRealLocationOnly() passed after 0.009 seconds.
trust	CorvidLabs Trust gate	2026-10-07T04:32:25.6745050Z ◇ Test hiddenFoldersAndFilesAreRefusedNamingTheFile() started.
trust	CorvidLabs Trust gate	2026-10-07T04:32:25.6746080Z ✔ Test hiddenFoldersAndFilesAreRefusedNamingTheFile() passed after 0.007 seconds.
trust	CorvidLabs Trust gate	2026-10-07T04:32:25.6746740Z ◇ Test aLeadingPeriodWithACombiningMarkIsStillHidden() started.
trust	CorvidLabs Trust gate	2026-10-07T04:32:25.6747250Z ✔ Test aLeadingPeriodWithACombiningMarkIsStillHidden() passed after 0.004 seconds.
trust	CorvidLabs Trust gate	2026-10-07T04:32:25.6748320Z ◇ Test aHardLinkedFileIsRefusedNamingTheFile() started.
trust	CorvidLabs Trust gate	2026-10-07T04:32:25.6749100Z ✔ Test aHardLinkedFileIsRefusedNamingTheFile() passed after 0.004 seconds.
trust	CorvidLabs Trust gate	2026-10-07T04:32:25.6749910Z ◇ Test aSecondSpellingOfAFileAlreadyReadIsRefusedWhereTheVolumeAllowsIt() started.
trust	CorvidLabs Trust gate	2026-10-07T04:32:25.6750750Z ✔ Test aSecondSpellingOfAFileAlreadyReadIsRefusedWhereTheVolumeAllowsIt() passed after 0.007 seconds.
trust	CorvidLabs Trust gate	2026-10-07T04:32:25.6751370Z ◇ Test readsAreBoundedRegularAndReportMissingFilesSoTheLinkingFileIsNamed() started.
trust	CorvidLabs Trust gate	2026-10-07T04:32:25.6755240Z ✔ Test readsAreBoundedRegularAndReportMissingFilesSoTheLinkingFileIsNamed() passed after 0.005 seconds.
trust	CorvidLabs Trust gate	2026-10-07T04:32:25.6757730Z ◇ Test theFolderScopeIsHeldOnlyForTheAttemptAndCancellationPublishesNothing() started.
trust	CorvidLabs Trust gate	2026-10-07T04:32:25.6758530Z ✔ Test theFolderScopeIsHeldOnlyForTheAttemptAndCancellationPublishesNothing() passed after 0.008 seconds.
trust	CorvidLabs Trust gate	2026-10-07T04:32:25.6759690Z ✔ Suite "Linked file confinement" passed after 0.065 seconds.
trust	CorvidLabs Trust gate	2026-10-07T04:32:25.6760070Z ◇ Suite "Linked roots in insertion and bundles" started.
trust	CorvidLabs Trust gate	2026-10-07T04:32:25.6760770Z ◇ Test insertingALinkedRootIsRefusedNamingTheFileAndChangesNothing() started.
trust	CorvidLabs Trust gate	2026-10-07T04:32:25.6761570Z ✔ Test insertingALinkedRootIsRefusedNamingTheFileAndChangesNothing() passed after 0.579 seconds.
trust	CorvidLabs Trust gate	2026-10-07T04:32:25.6762160Z ◇ Test aModelFolderThatHoldsALinkedRootIsRefusedNamingThatFile() started.
trust	CorvidLabs Trust gate	2026-10-07T04:32:25.6762710Z ✔ Test aModelFolderThatHoldsALinkedRootIsRefusedNamingThatFile() passed after 0.006 seconds.
trust	CorvidLabs Trust gate	2026-10-07T04:32:25.6763950Z ◇ Test readableAndBinaryBundlesOpenThroughPlainOpenWithoutAFolder() started.
trust	CorvidLabs Trust gate	2026-10-07T04:32:25.6764530Z ✔ Test readableAndBinaryBundlesOpenThroughPlainOpenWithoutAFolder() passed after 0.038 seconds.
trust	CorvidLabs Trust gate	2026-10-07T04:32:25.6765570Z ✔ Suite "Linked roots in insertion and bundles" passed after 0.625 seconds.
trust	CorvidLabs Trust gate	2026-10-07T04:32:25.6765930Z ◇ Suite "Linked session presentation" started.
trust	CorvidLabs Trust gate	2026-10-07T04:32:25.6766440Z ◇ Test theViewOnlyCompositionShowsReloadAndTheExplanationWithEditingControlsUnavailable() started.
trust	CorvidLabs Trust gate	2026-10-07T04:32:25.6767340Z Linked presentation: this offscreen host exposes no accessibility tree, so control identifiers and enabled states were not checked here. SculptureLinkedSessionTests checks the values the controls read.
trust	CorvidLabs Trust gate	2026-10-07T04:32:25.6768330Z ✔ Test theViewOnlyCompositionShowsReloadAndTheExplanationWithEditingControlsUnavailable() passed after 0.450 seconds.
trust	CorvidLabs Trust gate	2026-10-07T04:32:25.6768960Z ◇ Test theRepairViewListsFailuresWithReloadAndChooseFolder() started.
trust	CorvidLabs Trust gate	2026-10-07T04:32:25.6769730Z Linked presentation: this offscreen host exposes no accessibility tree, so control identifiers and enabled states were not checked here. SculptureLinkedSessionTests checks the values the controls read.
trust	CorvidLabs Trust gate	2026-10-07T04:32:25.6770610Z ✔ Test theRepairViewListsFailuresWithReloadAndChooseFolder() passed after 0.180 seconds.
trust	CorvidLabs Trust gate	2026-10-07T04:32:25.6771080Z ✔ Suite "Linked session presentation" passed after 0.631 seconds.
trust	CorvidLabs Trust gate	2026-10-07T04:32:25.6771380Z ◇ Suite "Linked sessions" started.
trust	CorvidLabs Trust gate	2026-10-07T04:32:25.6772150Z ◇ Test plainOpenOfALinkedRootAsksForItsProjectFolder() started.
trust	CorvidLabs Trust gate	2026-10-07T04:32:25.6772690Z ✔ Test plainOpenOfALinkedRootAsksForItsProjectFolder() passed after 0.009 seconds.
trust	CorvidLabs Trust gate	2026-10-07T04:32:25.6773220Z ◇ Test aBinaryLinkedRootIsRefusedByNameWithoutAskingForAFolder() started.
trust	CorvidLabs Trust gate	2026-10-07T04:32:25.6773760Z ✔ Test aBinaryLinkedRootIsRefusedByNameWithoutAskingForAFolder() passed after 0.002 seconds.
trust	CorvidLabs Trust gate	2026-10-07T04:32:25.6774420Z ◇ Test openingWithItsFolderResolvesNestedChildrenIntoAViewOnlyComposition() started.
trust	CorvidLabs Trust gate	2026-10-07T04:32:25.6775120Z ✔ Test openingWithItsFolderResolvesNestedChildrenIntoAViewOnlyComposition() passed after 0.014 seconds.
trust	CorvidLabs Trust gate	2026-10-07T04:32:25.6775720Z ◇ Test cancellingTheFolderRequestOrTheResolutionOpensNothing() started.
trust	CorvidLabs Trust gate	2026-10-07T04:32:25.6776250Z ✔ Test cancellingTheFolderRequestOrTheResolutionOpensNothing() passed after 0.004 seconds.
trust	CorvidLabs Trust gate	2026-10-07T04:32:25.6776800Z ◇ Test aRootOutsideTheChosenFolderIsRefusedByNameAndOpensNothing() started.
trust	CorvidLabs Trust gate	2026-10-07T04:32:25.6777360Z ✔ Test aRootOutsideTheChosenFolderIsRefusedByNameAndOpensNothing() passed after 0.005 seconds.
trust	CorvidLabs Trust gate	2026-10-07T04:32:25.6777920Z ◇ Test reloadPicksUpChangedFilesWithoutMarkingTheSessionChanged() started.
trust	CorvidLabs Trust gate	2026-10-07T04:32:25.6778470Z ✔ Test reloadPicksUpChangedFilesWithoutMarkingTheSessionChanged() passed after 0.013 seconds.
trust	CorvidLabs Trust gate	2026-10-07T04:32:25.6779100Z ◇ Test aFailedReloadKeepsThePreviousSceneNamesTheFileAndNeverMarksTheSessionChanged() started.
trust	CorvidLabs Trust gate	2026-10-07T04:32:25.6779900Z ✔ Test aFailedReloadKeepsThePreviousSceneNamesTheFileAndNeverMarksTheSessionChanged() passed after 0.016 seconds.
trust	CorvidLabs Trust gate	2026-10-07T04:32:25.6780590Z ◇ Test theRepairViewListsEachFailingLinkWithItsFileAndReasonAndWritesNothing() started.
trust	CorvidLabs Trust gate	2026-10-07T04:32:25.6781260Z ✔ Test theRepairViewListsEachFailingLinkWithItsFileAndReasonAndWritesNothing() passed after 0.015 seconds.
trust	CorvidLabs Trust gate	2026-10-07T04:32:25.6781890Z ◇ Test theRepairViewOffersChooseFolderAndReloadWheneverNoResolutionRuns() started.
trust	CorvidLabs Trust gate	2026-10-07T04:32:25.6782510Z ✔ Test theRepairViewOffersChooseFolderAndReloadWheneverNoResolutionRuns() passed after 0.005 seconds.
trust	CorvidLabs Trust gate	2026-10-07T04:32:25.6783100Z ◇ Test aCycleIsListedAsAChainOfProjectPathsForTheLinkThatLeadsToIt() started.
trust	CorvidLabs Trust gate	2026-10-07T04:32:25.6783680Z ✔ Test aCycleIsListedAsAChainOfProjectPathsForTheLinkThatLeadsToIt() passed after 0.004 seconds.
trust	CorvidLabs Trust gate	2026-10-07T04:32:25.6784240Z ◇ Test aGlobalFailureIsListedEvenWhenEveryLinkResolvesOnItsOwn() started.
trust	CorvidLabs Trust gate	2026-10-07T04:32:25.6784790Z ✔ Test aGlobalFailureIsListedEvenWhenEveryLinkResolvesOnItsOwn() passed after 0.161 seconds.
trust	CorvidLabs Trust gate	2026-10-07T04:32:25.6785970Z ◇ Test anUnreadableRootOpensTheRepairViewNamingTheRoot() started.
trust	CorvidLabs Trust gate	2026-10-07T04:32:25.6786460Z ✔ Test anUnreadableRootOpensTheRepairViewNamingTheRoot() passed after 0.010 seconds.
trust	CorvidLabs Trust gate	2026-10-07T04:32:25.6787340Z ◇ Test chooseFolderRegrantsOnlyAFolderThatContainsTheRoot() started.
trust	CorvidLabs Trust gate	2026-10-07T04:32:25.6787850Z ✔ Test chooseFolderRegrantsOnlyAFolderThatContainsTheRoot() passed after 0.289 seconds.
trust	CorvidLabs Trust gate	2026-10-07T04:32:25.6788390Z ◇ Test aLinkedSessionIsViewOnlyAndEveryEditingActionIsUnavailable() started.
trust	CorvidLabs Trust gate	2026-10-07T04:32:25.6788970Z ✔ Test aLinkedSessionIsViewOnlyAndEveryEditingActionIsUnavailable() passed after 0.575 seconds.
trust	CorvidLabs Trust gate	2026-10-07T04:32:25.6789490Z ◇ Test aRepairSessionOffersReloadButNoEditingCommands() started.
trust	CorvidLabs Trust gate	2026-10-07T04:32:25.6789960Z ✔ Test aRepairSessionOffersReloadButNoEditingCommands() passed after 0.003 seconds.
trust	CorvidLabs Trust gate	2026-10-07T04:32:25.6790400Z ✔ Suite "Linked sessions" passed after 1.132 seconds.
trust	CorvidLabs Trust gate	2026-10-07T04:32:25.6790730Z ◇ Test cameraMotionDoesNotInvalidateVoxelMesh() started.
trust	CorvidLabs Trust gate	2026-10-07T04:32:25.6791150Z ✔ Test cameraMotionDoesNotInvalidateVoxelMesh() passed after 0.001 seconds.
trust	CorvidLabs Trust gate	2026-10-07T04:32:25.6791590Z ◇ Test editsUndoRedoAndReplacementInvalidateVoxelMesh() started.
trust	CorvidLabs Trust gate	2026-10-07T04:32:25.6792070Z ✔ Test editsUndoRedoAndReplacementInvalidateVoxelMesh() passed after 0.001 seconds.
trust	CorvidLabs Trust gate	2026-10-07T04:32:25.6792560Z ◇ Test titleEditsAndTheirUndoKeepGeometryButRemainDirty() started.
trust	CorvidLabs Trust gate	2026-10-07T04:32:25.6793050Z ✔ Test titleEditsAndTheirUndoKeepGeometryButRemainDirty() passed after 0.001 seconds.
trust	CorvidLabs Trust gate	2026-10-07T04:32:25.6793480Z ◇ Suite "Portable native scene interchange" started.
trust	CorvidLabs Trust gate	2026-10-07T04:32:25.6793880Z ◇ Test copyPreparationKeepsTheNativeWorkspaceAndReferenceBaseline() started.
trust	CorvidLabs Trust gate	2026-10-07T04:32:25.6794470Z ✔ Test copyPreparationKeepsTheNativeWorkspaceAndReferenceBaseline() passed after 0.021 seconds.
trust	CorvidLabs Trust gate	2026-10-07T04:32:25.6795060Z ◇ Test voxelCopyLeavesTheSavedBaselineUndoAndNativeSaveMessageAlone() started.
trust	CorvidLabs Trust gate	2026-10-07T04:32:25.6795650Z ✔ Test voxelCopyLeavesTheSavedBaselineUndoAndNativeSaveMessageAlone() passed after 0.016 seconds.
trust	CorvidLabs Trust gate	2026-10-07T04:32:25.6796280Z ◇ Test regularFileOpenReopensAnAdoptedGenericBinaryAsReadablePortableText() started.
trust	CorvidLabs Trust gate	2026-10-07T04:32:25.6796930Z ✔ Test regularFileOpenReopensAnAdoptedGenericBinaryAsReadablePortableText() passed after 0.003 seconds.
trust	CorvidLabs Trust gate	2026-10-07T04:32:25.6797510Z ◇ Test cancellationAndSupersessionDoNotPublishStaleCopies() started.
trust	CorvidLabs Trust gate	2026-10-07T04:32:25.6798010Z ✔ Test cancellationAndSupersessionDoNotPublishStaleCopies() passed after 0.023 seconds.
trust	CorvidLabs Trust gate	2026-10-07T04:32:25.6798550Z ◇ Test contentOpenRoutesAllPortableScenesAndKeepsLegacyDecoding() started.
trust	CorvidLabs Trust gate	2026-10-07T04:32:25.6799100Z ✔ Test contentOpenRoutesAllPortableScenesAndKeepsLegacyDecoding() passed after 0.033 seconds.
trust	CorvidLabs Trust gate	2026-10-07T04:32:25.6799680Z ◇ Test sharedApplyAndUndoRetainOriginalIdentitiesAndExactRevisions() started.
trust	CorvidLabs Trust gate	2026-10-07T04:32:25.6800260Z ✔ Test sharedApplyAndUndoRetainOriginalIdentitiesAndExactRevisions() passed after 0.013 seconds.
trust	CorvidLabs Trust gate	2026-10-07T04:32:25.6800770Z ◇ Test worldApplyRetainsExactAnchorsAndSnapshotUndo() started.
trust	CorvidLabs Trust gate	2026-10-07T04:32:25.6801250Z ✔ Test worldApplyRetainsExactAnchorsAndSnapshotUndo() passed after 0.020 seconds.
trust	CorvidLabs Trust gate	2026-10-07T04:32:25.6801740Z ◇ Test staleNativeParentDoesNotPublishAnyPortableSnapshot() started.
trust	CorvidLabs Trust gate	2026-10-07T04:32:25.6802260Z ✔ Test staleNativeParentDoesNotPublishAnyPortableSnapshot() passed after 0.016 seconds.
trust	CorvidLabs Trust gate	2026-10-07T04:32:25.6802780Z ◇ Test onlyCapacityFailuresUseTheLegacyNativeEditingFallback() started.
trust	CorvidLabs Trust gate	2026-10-07T04:32:25.6803320Z ✔ Test onlyCapacityFailuresUseTheLegacyNativeEditingFallback() passed after 4.395 seconds.
trust	CorvidLabs Trust gate	2026-10-07T04:32:25.6803860Z ◇ Test diagnosticPresentationKeepsCodesPathsAndRealSourceLines() started.
trust	CorvidLabs Trust gate	2026-10-07T04:32:25.6804410Z ✔ Test diagnosticPresentationKeepsCodesPathsAndRealSourceLines() passed after 0.001 seconds.
trust	CorvidLabs Trust gate	2026-10-07T04:32:25.6804920Z ✔ Suite "Portable native scene interchange" passed after 4.544 seconds.
trust	CorvidLabs Trust gate	2026-10-07T04:32:25.6805280Z ◇ Suite "Reference editor presentation" started.
trust	CorvidLabs Trust gate	2026-10-07T04:32:25.6805630Z ◇ Test nativeReferenceControlsFitBothSizesAndThemes() started.
trust	CorvidLabs Trust gate	2026-10-07T04:32:25.6806490Z Retained reference editor presentation: /Volumes/NVME/runners/actions-runner-1/_work/sculpt-3md/sculpt-3md/.build/verification/reference-presentation-F374027B-6678-4C17-B6BE-A7BBF0CC35CD
trust	CorvidLabs Trust gate	2026-10-07T04:32:25.6807720Z ✔ Test nativeReferenceControlsFitBothSizesAndThemes() passed after 3.160 seconds.
trust	CorvidLabs Trust gate	2026-10-07T04:32:25.6808160Z ✔ Suite "Reference editor presentation" passed after 3.161 seconds.
trust	CorvidLabs Trust gate	2026-10-07T04:32:25.6808510Z ◇ Suite "Reference save session lifecycle" started.
trust	CorvidLabs Trust gate	2026-10-07T04:32:25.6808960Z ◇ Test compositionSuccessfulSaveRetainsExactDraftSelectionAndGraphHistory() started.
trust	CorvidLabs Trust gate	2026-10-07T04:32:25.6809620Z ✔ Test compositionSuccessfulSaveRetainsExactDraftSelectionAndGraphHistory() passed after 0.031 seconds.
trust	CorvidLabs Trust gate	2026-10-07T04:32:25.6810280Z ◇ Test worldSuccessfulSaveRetainsLibraryHistoryFocusCameraAndSelectedInstance() started.
trust	CorvidLabs Trust gate	2026-10-07T04:32:25.6810950Z ✔ Test worldSuccessfulSaveRetainsLibraryHistoryFocusCameraAndSelectedInstance() passed after 0.024 seconds.
trust	CorvidLabs Trust gate	2026-10-07T04:32:25.6811580Z ◇ Test panelCancellationAndWriteFailureKeepSameDraftBaselineAndHistory() started.
trust	CorvidLabs Trust gate	2026-10-07T04:32:25.6812180Z ✔ Test panelCancellationAndWriteFailureKeepSameDraftBaselineAndHistory() passed after 0.014 seconds.
trust	CorvidLabs Trust gate	2026-10-07T04:32:25.6812730Z ◇ Test saveOnlyMarksCapturedSnapshotAndLeavesLaterEditsDirty() started.
trust	CorvidLabs Trust gate	2026-10-07T04:32:25.6813240Z ✔ Test saveOnlyMarksCapturedSnapshotAndLeavesLaterEditsDirty() passed after 0.013 seconds.
trust	CorvidLabs Trust gate	2026-10-07T04:32:25.6813790Z ◇ Test preparationFailureRetainsDraftAndCaptureFailureDoesNotDismissIt() started.
trust	CorvidLabs Trust gate	2026-10-07T04:32:25.6814390Z ✔ Test preparationFailureRetainsDraftAndCaptureFailureDoesNotDismissIt() passed after 0.365 seconds.
trust	CorvidLabs Trust gate	2026-10-07T04:32:25.6814920Z ✔ Suite "Reference save session lifecycle" passed after 0.450 seconds.
trust	CorvidLabs Trust gate	2026-10-07T04:32:25.6815340Z ◇ Test asyncSavePreservesSnapshotAndLaterEditsStayDirty(format:) started.
trust	CorvidLabs Trust gate	2026-10-07T04:32:25.6815940Z ◇ Test case passing 1 argument format → .readable to asyncSavePreservesSnapshotAndLaterEditsStayDirty(format:) started.
trust	CorvidLabs Trust gate	2026-10-07T04:32:25.6816670Z ◇ Test case passing 1 argument format → .compact to asyncSavePreservesSnapshotAndLaterEditsStayDirty(format:) started.
trust	CorvidLabs Trust gate	2026-10-07T04:32:25.6817360Z ✔ Test asyncSavePreservesSnapshotAndLaterEditsStayDirty(format:) with 2 test cases passed after 0.021 seconds.
trust	CorvidLabs Trust gate	2026-10-07T04:32:25.6817900Z ◇ Test replacedDocumentCannotBeMarkedSavedByAnEarlierSave() started.
trust	CorvidLabs Trust gate	2026-10-07T04:32:25.6818390Z ✔ Test replacedDocumentCannotBeMarkedSavedByAnEarlierSave() passed after 0.006 seconds.
trust	CorvidLabs Trust gate	2026-10-07T04:32:25.6818840Z ◇ Test cancelledSaveDoesNotPublishAndCanBeRetried() started.
trust	CorvidLabs Trust gate	2026-10-07T04:32:25.6819280Z ✔ Test cancelledSaveDoesNotPublishAndCanBeRetried() passed after 0.008 seconds.
trust	CorvidLabs Trust gate	2026-10-07T04:32:25.6819670Z ◇ Suite "Shared model draft editing" started.
trust	CorvidLabs Trust gate	2026-10-07T04:32:25.6820070Z ◇ Test compositionApplyUpdatesNestedReferencesAsOneParentUndoAndRedo() started.
trust	CorvidLabs Trust gate	2026-10-07T04:32:25.6820770Z ✔ Test compositionApplyUpdatesNestedReferencesAsOneParentUndoAndRedo() passed after 0.009 seconds.
trust	CorvidLabs Trust gate	2026-10-07T04:32:25.6821420Z ◇ Test compositionCancelAndNoOpKeepReferenceWorkspaceAndHistoryExact() started.
trust	CorvidLabs Trust gate	2026-10-07T04:32:25.6822050Z ✔ Test compositionCancelAndNoOpKeepReferenceWorkspaceAndHistoryExact() passed after 0.009 seconds.
trust	CorvidLabs Trust gate	2026-10-07T04:32:25.6822820Z ◇ Test compositionSessionRejectsChangedParentAndInvalidLeafWithoutOverwritingNewerState() started.
trust	CorvidLabs Trust gate	2026-10-07T04:32:25.6823640Z ✔ Test compositionSessionRejectsChangedParentAndInvalidLeafWithoutOverwritingNewerState() passed after 0.009 seconds.
trust	CorvidLabs Trust gate	2026-10-07T04:32:25.6824340Z ◇ Test compositionHistoryIncludesRootMapAndLibraryTogether() started.
trust	CorvidLabs Trust gate	2026-10-07T04:32:25.6824900Z ✔ Test compositionHistoryIncludesRootMapAndLibraryTogether() passed after 0.001 seconds.
trust	CorvidLabs Trust gate	2026-10-07T04:32:25.6825510Z ◇ Test savedRootEditsRemainCleanAfterSharedApplyUndoAndRetainNewerDirtyEdits() started.
trust	CorvidLabs Trust gate	2026-10-07T04:32:25.6826240Z ✔ Test savedRootEditsRemainCleanAfterSharedApplyUndoAndRetainNewerDirtyEdits() passed after 0.008 seconds.
trust	CorvidLabs Trust gate	2026-10-07T04:32:25.6827090Z ◇ Test worldSharedApplyAndUniqueBothIncludeLibraryInDirtyAndUndoHistory() started.
trust	CorvidLabs Trust gate	2026-10-07T04:32:25.6827840Z ✔ Test worldSharedApplyAndUniqueBothIncludeLibraryInDirtyAndUndoHistory() passed after 0.013 seconds.
trust	CorvidLabs Trust gate	2026-10-07T04:32:25.6834980Z ◇ Test worldCancelNoOpAndStaleSessionRetainExactDocumentAndScene() started.
trust	CorvidLabs Trust gate	2026-10-07T04:32:25.6835630Z ✔ Test worldCancelNoOpAndStaleSessionRetainExactDocumentAndScene() passed after 0.024 seconds.
trust	CorvidLabs Trust gate	2026-10-07T04:32:25.6836190Z ◇ Test cancellationNeverPublishesChildAndNestedMapIsNotMadeUnique() started.
trust	CorvidLabs Trust gate	2026-10-07T04:32:25.6836760Z ✔ Test cancellationNeverPublishesChildAndNestedMapIsNotMadeUnique() passed after 0.001 seconds.
trust	CorvidLabs Trust gate	2026-10-07T04:32:25.6837260Z ✔ Suite "Shared model draft editing" passed after 0.076 seconds.
trust	CorvidLabs Trust gate	2026-10-07T04:32:25.6837590Z ◇ Suite "Shared model native presentation" started.
trust	CorvidLabs Trust gate	2026-10-07T04:32:25.6838070Z ◇ Test nativeSessionRendersBothSizesAndThemesWithAccessibilityEvidenceWhenAvailable() started.
trust	CorvidLabs Trust gate	2026-10-07T04:32:25.6839100Z Retained native shared-model presentation: /Volumes/NVME/runners/actions-runner-1/_work/sculpt-3md/sculpt-3md/.build/verification/shared-model-presentation-647392DF-45DB-4AEA-B3D5-BA3169611CC9
trust	CorvidLabs Trust gate	2026-10-07T04:32:25.6840090Z ✔ Test nativeSessionRendersBothSizesAndThemesWithAccessibilityEvidenceWhenAvailable() passed after 1.120 seconds.
trust	CorvidLabs Trust gate	2026-10-07T04:32:25.6840840Z ◇ Test paletteAcceptsEveryOfferedGlyphAndNativeCancelKeepsParentWhenAccessibilityAvailable() started.
trust	CorvidLabs Trust gate	2026-10-07T04:32:25.6841620Z ✔ Test paletteAcceptsEveryOfferedGlyphAndNativeCancelKeepsParentWhenAccessibilityAvailable() passed after 0.327 seconds.
trust	CorvidLabs Trust gate	2026-10-07T04:32:25.6842220Z ✔ Suite "Shared model native presentation" passed after 1.448 seconds.
trust	CorvidLabs Trust gate	2026-10-07T04:32:25.6842690Z ◇ Test cubeSurfacePaintingAddsTheNeighborAndUndoRestoresTheOriginal() started.
trust	CorvidLabs Trust gate	2026-10-07T04:32:25.6843260Z ✔ Test cubeSurfacePaintingAddsTheNeighborAndUndoRestoresTheOriginal() passed after 0.012 seconds.
trust	CorvidLabs Trust gate	2026-10-07T04:32:25.6843860Z ◇ Test cubeEraseTargetsTheClickedCubeAndFullBoundaryDoesNotCreateHistory() started.
trust	CorvidLabs Trust gate	2026-10-07T04:32:25.6844480Z ✔ Test cubeEraseTargetsTheClickedCubeAndFullBoundaryDoesNotCreateHistory() passed after 0.001 seconds.
trust	CorvidLabs Trust gate	2026-10-07T04:32:25.6845070Z ◇ Test emptySliceCanStartACubeAndPresentationDoesNotDirtyTheDocument() started.
trust	CorvidLabs Trust gate	2026-10-07T04:32:25.6845650Z ✔ Test emptySliceCanStartACubeAndPresentationDoesNotDirtyTheDocument() passed after 0.001 seconds.
trust	CorvidLabs Trust gate	2026-10-07T04:32:25.6846190Z ◇ Test paintStrokeUndoRestoresWholeStrokeAndRedoReappliesIt() started.
trust	CorvidLabs Trust gate	2026-10-07T04:32:25.6846700Z ✔ Test paintStrokeUndoRestoresWholeStrokeAndRedoReappliesIt() passed after 0.001 seconds.
trust	CorvidLabs Trust gate	2026-10-07T04:32:25.6847200Z ◇ Test strokeBeginningOnUnchangedCellStillHasOneUndoStep() started.
trust	CorvidLabs Trust gate	2026-10-07T04:32:25.6847700Z ✔ Test strokeBeginningOnUnchangedCellStillHasOneUndoStep() passed after 0.001 seconds.
trust	CorvidLabs Trust gate	2026-10-07T04:32:25.6848270Z ◇ Test savedSnapshotDoesNotMarkLaterEditsSavedAndFailedOpenDoesNotReplaceState() started.
trust	CorvidLabs Trust gate	2026-10-07T04:32:25.6848930Z ✔ Test savedSnapshotDoesNotMarkLaterEditsSavedAndFailedOpenDoesNotReplaceState() passed after 0.001 seconds.
trust	CorvidLabs Trust gate	2026-10-07T04:32:25.6849470Z ◇ Test layerUndoAndRedoKeepSelectionInBounds() started.
trust	CorvidLabs Trust gate	2026-10-07T04:32:25.6849870Z ✔ Test layerUndoAndRedoKeepSelectionInBounds() passed after 0.001 seconds.
trust	CorvidLabs Trust gate	2026-10-07T04:32:25.6850280Z ◇ Test fastDiagonalStrokeHasNoGapsAndOneUndoStep() started.
trust	CorvidLabs Trust gate	2026-10-07T04:32:25.6850710Z ✔ Test fastDiagonalStrokeHasNoGapsAndOneUndoStep() passed after 0.001 seconds.
trust	CorvidLabs Trust gate	2026-10-07T04:32:25.6851180Z ◇ Test largeBrushClipsToVolumeAndUndoRestoresAllChangedCells() started.
trust	CorvidLabs Trust gate	2026-10-07T04:32:25.6851700Z ✔ Test largeBrushClipsToVolumeAndUndoRestoresAllChangedCells() passed after 0.001 seconds.
trust	CorvidLabs Trust gate	2026-10-07T04:32:25.6852210Z ◇ Test fillStopsAtGlyphBoundaryAndRemainsOneUndoableChange() started.
trust	CorvidLabs Trust gate	2026-10-07T04:32:25.6852750Z ✔ Test fillStopsAtGlyphBoundaryAndRemainsOneUndoableChange() passed after 0.001 seconds.
trust	CorvidLabs Trust gate	2026-10-07T04:32:25.6853310Z ◇ Test invalidTitleDraftIsPreservedWithoutModalErrorAndProtectsUnsavedWork() started.
trust	CorvidLabs Trust gate	2026-10-07T04:32:25.6854230Z ✔ Test invalidTitleDraftIsPreservedWithoutModalErrorAndProtectsUnsavedWork() passed after 0.001 seconds.
trust	CorvidLabs Trust gate	2026-10-07T04:32:25.6854920Z ◇ Test clearingSliceKeepsOtherSlicesAndCanBeUndone() started.
trust	CorvidLabs Trust gate	2026-10-07T04:32:25.6855360Z ✔ Test clearingSliceKeepsOtherSlicesAndCanBeUndone() passed after 0.002 seconds.
trust	CorvidLabs Trust gate	2026-10-07T04:32:25.6855830Z ◇ Test changingCameraAndSelectionDoesNotDirtySavedDocument() started.
trust	CorvidLabs Trust gate	2026-10-07T04:32:25.6856320Z ✔ Test changingCameraAndSelectionDoesNotDirtySavedDocument() passed after 0.002 seconds.
trust	CorvidLabs Trust gate	2026-10-07T04:32:25.6856830Z ◇ Test structuredEditsShareHumanFillSemanticsAndBatchHasOneUndo() started.
trust	CorvidLabs Trust gate	2026-10-07T04:32:25.6857370Z ✔ Test structuredEditsShareHumanFillSemanticsAndBatchHasOneUndo() passed after 0.001 seconds.
trust	CorvidLabs Trust gate	2026-10-07T04:32:25.6857880Z ◇ Test invalidCommandBatchKeepsDocumentHistoryAndDraft() started.
trust	CorvidLabs Trust gate	2026-10-07T04:32:25.6858350Z ✔ Test invalidCommandBatchKeepsDocumentHistoryAndDraft() passed after 0.001 seconds.
trust	CorvidLabs Trust gate	2026-10-07T04:32:25.6858960Z ◇ Test worldExplorationAndOverviewPreserveSavedContentAndUndoAtExactDistantCoordinates() started.
trust	CorvidLabs Trust gate	2026-10-07T04:32:25.6859690Z ✔ Test worldExplorationAndOverviewPreserveSavedContentAndUndoAtExactDistantCoordinates() passed after 0.011 seconds.
trust	CorvidLabs Trust gate	2026-10-07T04:32:25.6860380Z ◇ Test worldOverviewRefusesUnframeableExtentWithoutOverflowOrChangingDocument() started.
trust	CorvidLabs Trust gate	2026-10-07T04:32:25.6861040Z ✔ Test worldOverviewRefusesUnframeableExtentWithoutOverflowOrChangingDocument() passed after 0.001 seconds.
trust	CorvidLabs Trust gate	2026-10-07T04:32:25.6861670Z ◇ Test worldDraftStartsSparseAndKeepsDistantAnchorsWithoutExpandingSpace() started.
trust	CorvidLabs Trust gate	2026-10-07T04:32:25.6862290Z ✔ Test worldDraftStartsSparseAndKeepsDistantAnchorsWithoutExpandingSpace() passed after 0.001 seconds.
trust	CorvidLabs Trust gate	2026-10-07T04:32:25.6862910Z ◇ Test worldFocusDistancesAndCameraAreSessionStateAndReuseTheSceneRevision() started.
trust	CorvidLabs Trust gate	2026-10-07T04:32:25.6863540Z ✔ Test worldFocusDistancesAndCameraAreSessionStateAndReuseTheSceneRevision() passed after 0.001 seconds.
trust	CorvidLabs Trust gate	2026-10-07T04:32:25.6864160Z ◇ Test worldPlacementUndoAndRedoPreserveExactInt64OriginsAndSharedLibrary() started.
trust	CorvidLabs Trust gate	2026-10-07T04:32:25.6864780Z ✔ Test worldPlacementUndoAndRedoPreserveExactInt64OriginsAndSharedLibrary() passed after 0.001 seconds.
trust	CorvidLabs Trust gate	2026-10-07T04:32:25.6865380Z ◇ Test worldFocusOverflowAndUnsafePlacementLeaveInstancesUnchanged() started.
trust	CorvidLabs Trust gate	2026-10-07T04:32:25.6865950Z ✔ Test worldFocusOverflowAndUnsafePlacementLeaveInstancesUnchanged() passed after 0.001 seconds.
trust	CorvidLabs Trust gate	2026-10-07T04:32:25.6866530Z ◇ Test worldSelectedRotationDeletionAndUndoNeverChangeModelDefinitions() started.
trust	CorvidLabs Trust gate	2026-10-07T04:32:25.6867140Z ✔ Test worldSelectedRotationDeletionAndUndoNeverChangeModelDefinitions() passed after 0.001 seconds.
trust	CorvidLabs Trust gate	2026-10-07T04:32:25.6867730Z ◇ Test worldPaginationBoundsRowsAndSelectionCanRevealADistantInstance() started.
trust	CorvidLabs Trust gate	2026-10-07T04:32:25.6868300Z ✔ Test worldPaginationBoundsRowsAndSelectionCanRevealADistantInstance() passed after 0.001 seconds.
trust	CorvidLabs Trust gate	2026-10-07T04:32:25.6868940Z ◇ Test unsavedWorldRestorationAndTitleDraftProtectPublicationWithoutLosingPlacements() started.
trust	CorvidLabs Trust gate	2026-10-07T04:32:25.6869650Z ✔ Test unsavedWorldRestorationAndTitleDraftProtectPublicationWithoutLosingPlacements() passed after 0.001 seconds.
trust	CorvidLabs Trust gate	2026-10-07T04:32:25.6870280Z ◇ Test cancelingWorldModelPreparationDoesNotOpenAnAbandonedCopy() started.
trust	CorvidLabs Trust gate	2026-10-07T04:32:25.6870820Z ✔ Test cancelingWorldModelPreparationDoesNotOpenAnAbandonedCopy() passed after 0.001 seconds.
trust	CorvidLabs Trust gate	2026-10-07T04:32:25.6871410Z ◇ Test fittedLargeSliceKeepsEveryCellAndRectangularPaddingDoesNotClipRows() started.
trust	CorvidLabs Trust gate	2026-10-07T04:32:25.6872020Z ✔ Test fittedLargeSliceKeepsEveryCellAndRectangularPaddingDoesNotClipRows() passed after 0.001 seconds.
trust	CorvidLabs Trust gate	2026-10-07T04:32:25.6872630Z ◇ Test zoomedSliceDrawsTheVisibleNeighborhoodAndKeepsTheLastCellReachable() started.
trust	CorvidLabs Trust gate	2026-10-07T04:32:25.6873240Z ✔ Test zoomedSliceDrawsTheVisibleNeighborhoodAndKeepsTheLastCellReachable() passed after 0.001 seconds.
trust	CorvidLabs Trust gate	2026-10-07T04:32:25.6873850Z ◇ Test fractionalScrollEdgesHaveAnAntialiasingFringeAndInvalidRegionsStayEmpty() started.
trust	CorvidLabs Trust gate	2026-10-07T04:32:25.6874680Z ✔ Test fractionalScrollEdgesHaveAnAntialiasingFringeAndInvalidRegionsStayEmpty() passed after 0.001 seconds.
trust	CorvidLabs Trust gate	2026-10-07T04:32:25.6875470Z ◇ Test thumbnailCacheKeyIgnoresOtherSliceEditsAndInvalidatesForItsOwnPixelsAndAppearance() started.
trust	CorvidLabs Trust gate	2026-10-07T04:32:25.6876210Z ✔ Test thumbnailCacheKeyIgnoresOtherSliceEditsAndInvalidatesForItsOwnPixelsAndAppearance() passed after 0.001 seconds.
trust	CorvidLabs Trust gate	2026-10-07T04:32:25.6876860Z ◇ Test thumbnailPixelsPreserveRectangularEmptyPaddingAndMaterialTint() started.
trust	CorvidLabs Trust gate	2026-10-07T04:32:25.6877440Z ✔ Test thumbnailPixelsPreserveRectangularEmptyPaddingAndMaterialTint() passed after 0.001 seconds.
trust	CorvidLabs Trust gate	2026-10-07T04:32:25.6877970Z ◇ Test canceledThumbnailPreparationDoesNotPublishPixels() started.
trust	CorvidLabs Trust gate	2026-10-07T04:32:25.6878440Z ✔ Test canceledThumbnailPreparationDoesNotPublishPixels() passed after 0.001 seconds.
trust	CorvidLabs Trust gate	2026-10-07T04:32:25.6878920Z ◇ Test thumbnailRowsMatchTheTopLeftOriginOfTheEditableSlice() started.
trust	CorvidLabs Trust gate	2026-10-07T04:32:25.6879420Z ✔ Test thumbnailRowsMatchTheTopLeftOriginOfTheEditableSlice() passed after 0.001 seconds.
trust	CorvidLabs Trust gate	2026-10-07T04:32:25.6880030Z ◇ Test perSliceOccupancyRemainsCorrectAcrossPaletteEditsRotationDuplicationAndStorage() started.
trust	CorvidLabs Trust gate	2026-10-07T04:32:25.6880750Z ✔ Test perSliceOccupancyRemainsCorrectAcrossPaletteEditsRotationDuplicationAndStorage() passed after 0.001 seconds.
trust	CorvidLabs Trust gate	2026-10-07T04:32:25.6881450Z ◇ Test scrolledLastCellStrokeStillHasOneExactUndoAndPreviousSliceBytesStayUnchanged() started.
trust	CorvidLabs Trust gate	2026-10-07T04:32:25.6882140Z ✔ Test scrolledLastCellStrokeStillHasOneExactUndoAndPreviousSliceBytesStayUnchanged() passed after 0.023 seconds.
trust	CorvidLabs Trust gate	2026-10-07T04:32:25.6882690Z ◇ Test unknownOrMissingStoredAppearanceUsesSystem() started.
trust	CorvidLabs Trust gate	2026-10-07T04:32:25.6883110Z ✔ Test unknownOrMissingStoredAppearanceUsesSystem() passed after 0.001 seconds.
trust	CorvidLabs Trust gate	2026-10-07T04:32:25.6883540Z ◇ Test knownAppearanceValuesSurviveStorageRoundTrip() started.
trust	CorvidLabs Trust gate	2026-10-07T04:32:25.6883980Z ✔ Test knownAppearanceValuesSurviveStorageRoundTrip() passed after 0.001 seconds.
trust	CorvidLabs Trust gate	2026-10-07T04:32:25.6884360Z ◇ Suite AnimationExportTests started.
trust	CorvidLabs Trust gate	2026-10-07T04:32:25.6884710Z ◇ Test configurationRejectsUnboundedWorkAndOddMovieDimensions() started.
trust	CorvidLabs Trust gate	2026-10-07T04:32:25.6885230Z ✔ Test configurationRejectsUnboundedWorkAndOddMovieDimensions() passed after 0.001 seconds.
trust	CorvidLabs Trust gate	2026-10-07T04:32:25.6885750Z ◇ Test gifLoopsWithCorrectFrameTimingAndChangingDecodedImages() started.
trust	CorvidLabs Trust gate	2026-10-07T04:32:25.6886260Z ✔ Test gifLoopsWithCorrectFrameTimingAndChangingDecodedImages() passed after 0.012 seconds.
trust	CorvidLabs Trust gate	2026-10-07T04:32:25.6886820Z ◇ Test mp4DecodesEveryFrameWithCorrectDurationDimensionsAndVisibleGlyphs(_:) started.
trust	CorvidLabs Trust gate	2026-10-07T04:32:25.6887670Z ◇ Test case passing 1 argument framesPerSecond → 10 to mp4DecodesEveryFrameWithCorrectDurationDimensionsAndVisibleGlyphs(_:) started.
trust	CorvidLabs Trust gate	2026-10-07T04:32:25.6888490Z ◇ Test case passing 1 argument framesPerSecond → 30 to mp4DecodesEveryFrameWithCorrectDurationDimensionsAndVisibleGlyphs(_:) started.
trust	CorvidLabs Trust gate	2026-10-07T04:32:25.6889280Z ✔ Test mp4DecodesEveryFrameWithCorrectDurationDimensionsAndVisibleGlyphs(_:) with 2 test cases passed after 0.687 seconds.
trust	CorvidLabs Trust gate	2026-10-07T04:32:25.6890010Z ◇ Test cancellationRemovesPartialAnimationAndOwnedStagingFile(_:) started.
trust	CorvidLabs Trust gate	2026-10-07T04:32:25.6890670Z ◇ Test case passing 1 argument format → .gif to cancellationRemovesPartialAnimationAndOwnedStagingFile(_:) started.
trust	CorvidLabs Trust gate	2026-10-07T04:32:25.6891360Z ◇ Test case passing 1 argument format → .mp4 to cancellationRemovesPartialAnimationAndOwnedStagingFile(_:) started.
trust	CorvidLabs Trust gate	2026-10-07T04:32:25.6892030Z ✔ Test cancellationRemovesPartialAnimationAndOwnedStagingFile(_:) with 2 test cases passed after 0.093 seconds.
trust	CorvidLabs Trust gate	2026-10-07T04:32:25.6892640Z ◇ Test existingDestinationIsPreservedAndUnsupportedGIFRateCreatesNothing() started.
trust	CorvidLabs Trust gate	2026-10-07T04:32:25.6893250Z ✔ Test existingDestinationIsPreservedAndUnsupportedGIFRateCreatesNothing() passed after 0.004 seconds.
trust	CorvidLabs Trust gate	2026-10-07T04:32:25.6893740Z ✔ Suite AnimationExportTests passed after 0.798 seconds.
trust	CorvidLabs Trust gate	2026-10-07T04:32:25.6894010Z ◇ Suite CubeExportTests started.
trust	CorvidLabs Trust gate	2026-10-07T04:32:25.6894360Z ◇ Test cubePNGAndASCIIRepresentTheSameDocumentWithDifferentImages() started.
trust	CorvidLabs Trust gate	2026-10-07T04:32:25.6894920Z ✔ Test cubePNGAndASCIIRepresentTheSameDocumentWithDifferentImages() passed after 0.041 seconds.
trust	CorvidLabs Trust gate	2026-10-07T04:32:25.6895410Z ◇ Test cubeTurntableEncodesActualGeometryFrames(_:) started.
trust	CorvidLabs Trust gate	2026-10-07T04:32:25.6895890Z ◇ Test case passing 1 argument format → .gif to cubeTurntableEncodesActualGeometryFrames(_:) started.
trust	CorvidLabs Trust gate	2026-10-07T04:32:25.6896470Z ◇ Test case passing 1 argument format → .mp4 to cubeTurntableEncodesActualGeometryFrames(_:) started.
trust	CorvidLabs Trust gate	2026-10-07T04:32:25.6897040Z ✔ Test cubeTurntableEncodesActualGeometryFrames(_:) with 2 test cases passed after 0.182 seconds.
trust	CorvidLabs Trust gate	2026-10-07T04:32:25.6897480Z ✔ Suite CubeExportTests passed after 0.224 seconds.
trust	CorvidLabs Trust gate	2026-10-07T04:32:25.6897750Z ◇ Suite ExampleArtifactTests started.
trust	CorvidLabs Trust gate	2026-10-07T04:32:25.6898110Z ◇ Test galleryManifestMatchesAllPublishedFilesAndDownloadLinks() started.
trust	CorvidLabs Trust gate	2026-10-07T04:32:25.6898630Z ✔ Test galleryManifestMatchesAllPublishedFilesAndDownloadLinks() passed after 0.023 seconds.
trust	CorvidLabs Trust gate	2026-10-07T04:32:25.6899090Z ◇ Test everyExampleHasFiveCompleteArtifacts(_:) started.
trust	CorvidLabs Trust gate	2026-10-07T04:32:25.6899550Z ◇ Test case passing 1 argument id → "character-orb" to everyExampleHasFiveCompleteArtifacts(_:) started.
trust	CorvidLabs Trust gate	2026-10-07T04:32:25.6900140Z ◇ Test case passing 1 argument id → "woven-torus" to everyExampleHasFiveCompleteArtifacts(_:) started.
trust	CorvidLabs Trust gate	2026-10-07T04:32:25.6900710Z ◇ Test case passing 1 argument id → "moon-gate" to everyExampleHasFiveCompleteArtifacts(_:) started.
trust	CorvidLabs Trust gate	2026-10-07T04:32:25.6901290Z ◇ Test case passing 1 argument id → "spiral-tower" to everyExampleHasFiveCompleteArtifacts(_:) started.
trust	CorvidLabs Trust gate	2026-10-07T04:32:25.6901880Z ◇ Test case passing 1 argument id → "crystal-garden" to everyExampleHasFiveCompleteArtifacts(_:) started.
trust	CorvidLabs Trust gate	2026-10-07T04:32:25.6902460Z ◇ Test case passing 1 argument id → "little-rocket" to everyExampleHasFiveCompleteArtifacts(_:) started.
trust	CorvidLabs Trust gate	2026-10-07T04:32:25.6903040Z ◇ Test case passing 1 argument id → "pixel-bonsai" to everyExampleHasFiveCompleteArtifacts(_:) started.
trust	CorvidLabs Trust gate	2026-10-07T04:32:25.6903620Z ◇ Test case passing 1 argument id → "orbital-rings" to everyExampleHasFiveCompleteArtifacts(_:) started.
trust	CorvidLabs Trust gate	2026-10-07T04:32:25.6904230Z ◇ Test case passing 1 argument id → "hill-observatory" to everyExampleHasFiveCompleteArtifacts(_:) started.
trust	CorvidLabs Trust gate	2026-10-07T04:32:25.6904840Z ◇ Test case passing 1 argument id → "terraced-island" to everyExampleHasFiveCompleteArtifacts(_:) started.
trust	CorvidLabs Trust gate	2026-10-07T04:32:25.6905420Z ◇ Test case passing 1 argument id → "canal-city" to everyExampleHasFiveCompleteArtifacts(_:) started.
trust	CorvidLabs Trust gate	2026-10-07T04:32:25.6905990Z ◇ Test case passing 1 argument id → "alpine-valley" to everyExampleHasFiveCompleteArtifacts(_:) started.
trust	CorvidLabs Trust gate	2026-10-07T04:32:25.6906610Z ◇ Test case passing 1 argument id → "wandering-cartographer" to everyExampleHasFiveCompleteArtifacts(_:) started.
trust	CorvidLabs Trust gate	2026-10-07T04:32:25.6907230Z ◇ Test case passing 1 argument id → "clockwork-dragon" to everyExampleHasFiveCompleteArtifacts(_:) started.
trust	CorvidLabs Trust gate	2026-10-07T04:32:25.6907820Z ◇ Test case passing 1 argument id → "woodland-fox" to everyExampleHasFiveCompleteArtifacts(_:) started.
trust	CorvidLabs Trust gate	2026-10-07T04:32:25.6908510Z ◇ Test case passing 1 argument id → "deep-sea-whale" to everyExampleHasFiveCompleteArtifacts(_:) started.
trust	CorvidLabs Trust gate	2026-10-07T04:32:25.6909220Z ◇ Test case passing 1 argument id → "citadel-of-arches" to everyExampleHasFiveCompleteArtifacts(_:) started.
trust	CorvidLabs Trust gate	2026-10-07T04:32:25.6909830Z ◇ Test case passing 1 argument id → "sky-island-village" to everyExampleHasFiveCompleteArtifacts(_:) started.
trust	CorvidLabs Trust gate	2026-10-07T04:32:25.6910450Z ◇ Test case passing 1 argument id → "canyon-waterfall" to everyExampleHasFiveCompleteArtifacts(_:) started.
trust	CorvidLabs Trust gate	2026-10-07T04:32:25.6911050Z ◇ Test case passing 1 argument id → "moonlit-harbor" to everyExampleHasFiveCompleteArtifacts(_:) started.
trust	CorvidLabs Trust gate	2026-10-07T04:32:25.6911650Z ◇ Test case passing 1 argument id → "grand-solar-system" to everyExampleHasFiveCompleteArtifacts(_:) started.
trust	CorvidLabs Trust gate	2026-10-07T04:32:25.6912230Z ✔ Test everyExampleHasFiveCompleteArtifacts(_:) with 21 test cases passed after 3.416 seconds.
trust	CorvidLabs Trust gate	2026-10-07T04:32:25.6912740Z ◇ Test everyPNGDecodesAtThePublishedSizeWithVisibleGeometry(_:) started.
trust	CorvidLabs Trust gate	2026-10-07T04:32:25.6913320Z ◇ Test case passing 1 argument id → "character-orb" to everyPNGDecodesAtThePublishedSizeWithVisibleGeometry(_:) started.
trust	CorvidLabs Trust gate	2026-10-07T04:32:25.6914040Z ◇ Test case passing 1 argument id → "woven-torus" to everyPNGDecodesAtThePublishedSizeWithVisibleGeometry(_:) started.
trust	CorvidLabs Trust gate	2026-10-07T04:32:25.6914730Z ◇ Test case passing 1 argument id → "moon-gate" to everyPNGDecodesAtThePublishedSizeWithVisibleGeometry(_:) started.
trust	CorvidLabs Trust gate	2026-10-07T04:32:25.6915420Z ◇ Test case passing 1 argument id → "spiral-tower" to everyPNGDecodesAtThePublishedSizeWithVisibleGeometry(_:) started.
trust	CorvidLabs Trust gate	2026-10-07T04:32:25.6916140Z ◇ Test case passing 1 argument id → "crystal-garden" to everyPNGDecodesAtThePublishedSizeWithVisibleGeometry(_:) started.
trust	CorvidLabs Trust gate	2026-10-07T04:32:25.6916840Z ◇ Test case passing 1 argument id → "little-rocket" to everyPNGDecodesAtThePublishedSizeWithVisibleGeometry(_:) started.
trust	CorvidLabs Trust gate	2026-10-07T04:32:25.6917540Z ◇ Test case passing 1 argument id → "pixel-bonsai" to everyPNGDecodesAtThePublishedSizeWithVisibleGeometry(_:) started.
trust	CorvidLabs Trust gate	2026-10-07T04:32:25.6918250Z ◇ Test case passing 1 argument id → "orbital-rings" to everyPNGDecodesAtThePublishedSizeWithVisibleGeometry(_:) started.
trust	CorvidLabs Trust gate	2026-10-07T04:32:25.6918970Z ◇ Test case passing 1 argument id → "hill-observatory" to everyPNGDecodesAtThePublishedSizeWithVisibleGeometry(_:) started.
trust	CorvidLabs Trust gate	2026-10-07T04:32:25.6919690Z ◇ Test case passing 1 argument id → "terraced-island" to everyPNGDecodesAtThePublishedSizeWithVisibleGeometry(_:) started.
trust	CorvidLabs Trust gate	2026-10-07T04:32:25.6920380Z ◇ Test case passing 1 argument id → "canal-city" to everyPNGDecodesAtThePublishedSizeWithVisibleGeometry(_:) started.
trust	CorvidLabs Trust gate	2026-10-07T04:32:25.6921070Z ◇ Test case passing 1 argument id → "alpine-valley" to everyPNGDecodesAtThePublishedSizeWithVisibleGeometry(_:) started.
trust	CorvidLabs Trust gate	2026-10-07T04:32:25.6921800Z ◇ Test case passing 1 argument id → "wandering-cartographer" to everyPNGDecodesAtThePublishedSizeWithVisibleGeometry(_:) started.
trust	CorvidLabs Trust gate	2026-10-07T04:32:25.6922560Z ◇ Test case passing 1 argument id → "clockwork-dragon" to everyPNGDecodesAtThePublishedSizeWithVisibleGeometry(_:) started.
trust	CorvidLabs Trust gate	2026-10-07T04:32:25.6923270Z ◇ Test case passing 1 argument id → "woodland-fox" to everyPNGDecodesAtThePublishedSizeWithVisibleGeometry(_:) started.
trust	CorvidLabs Trust gate	2026-10-07T04:32:25.6923970Z ◇ Test case passing 1 argument id → "deep-sea-whale" to everyPNGDecodesAtThePublishedSizeWithVisibleGeometry(_:) started.
trust	CorvidLabs Trust gate	2026-10-07T04:32:25.6924690Z ◇ Test case passing 1 argument id → "citadel-of-arches" to everyPNGDecodesAtThePublishedSizeWithVisibleGeometry(_:) started.
trust	CorvidLabs Trust gate	2026-10-07T04:32:25.6925420Z ◇ Test case passing 1 argument id → "sky-island-village" to everyPNGDecodesAtThePublishedSizeWithVisibleGeometry(_:) started.
trust	CorvidLabs Trust gate	2026-10-07T04:32:25.6926150Z ◇ Test case passing 1 argument id → "canyon-waterfall" to everyPNGDecodesAtThePublishedSizeWithVisibleGeometry(_:) started.
trust	CorvidLabs Trust gate	2026-10-07T04:32:25.6926870Z ◇ Test case passing 1 argument id → "moonlit-harbor" to everyPNGDecodesAtThePublishedSizeWithVisibleGeometry(_:) started.
trust	CorvidLabs Trust gate	2026-10-07T04:32:25.6927680Z ◇ Test case passing 1 argument id → "grand-solar-system" to everyPNGDecodesAtThePublishedSizeWithVisibleGeometry(_:) started.
trust	CorvidLabs Trust gate	2026-10-07T04:32:25.6928480Z ✔ Test everyPNGDecodesAtThePublishedSizeWithVisibleGeometry(_:) with 21 test cases passed after 1.573 seconds.
trust	CorvidLabs Trust gate	2026-10-07T04:32:25.6929020Z ◇ Test everyGIFLoopsForFourSecondsWithFortyTimedFrames(_:) started.
trust	CorvidLabs Trust gate	2026-10-07T04:32:25.6929570Z ◇ Test case passing 1 argument id → "character-orb" to everyGIFLoopsForFourSecondsWithFortyTimedFrames(_:) started.
trust	CorvidLabs Trust gate	2026-10-07T04:32:25.6930250Z ◇ Test case passing 1 argument id → "woven-torus" to everyGIFLoopsForFourSecondsWithFortyTimedFrames(_:) started.
trust	CorvidLabs Trust gate	2026-10-07T04:32:25.6930890Z ◇ Test case passing 1 argument id → "moon-gate" to everyGIFLoopsForFourSecondsWithFortyTimedFrames(_:) started.
trust	CorvidLabs Trust gate	2026-10-07T04:32:25.6931550Z ◇ Test case passing 1 argument id → "spiral-tower" to everyGIFLoopsForFourSecondsWithFortyTimedFrames(_:) started.
trust	CorvidLabs Trust gate	2026-10-07T04:32:25.6932230Z ◇ Test case passing 1 argument id → "crystal-garden" to everyGIFLoopsForFourSecondsWithFortyTimedFrames(_:) started.
trust	CorvidLabs Trust gate	2026-10-07T04:32:25.6932900Z ◇ Test case passing 1 argument id → "little-rocket" to everyGIFLoopsForFourSecondsWithFortyTimedFrames(_:) started.
trust	CorvidLabs Trust gate	2026-10-07T04:32:25.6933570Z ◇ Test case passing 1 argument id → "pixel-bonsai" to everyGIFLoopsForFourSecondsWithFortyTimedFrames(_:) started.
trust	CorvidLabs Trust gate	2026-10-07T04:32:25.6934230Z ◇ Test case passing 1 argument id → "orbital-rings" to everyGIFLoopsForFourSecondsWithFortyTimedFrames(_:) started.
trust	CorvidLabs Trust gate	2026-10-07T04:32:25.6934910Z ◇ Test case passing 1 argument id → "hill-observatory" to everyGIFLoopsForFourSecondsWithFortyTimedFrames(_:) started.
trust	CorvidLabs Trust gate	2026-10-07T04:32:25.6935590Z ◇ Test case passing 1 argument id → "terraced-island" to everyGIFLoopsForFourSecondsWithFortyTimedFrames(_:) started.
trust	CorvidLabs Trust gate	2026-10-07T04:32:25.6936270Z ◇ Test case passing 1 argument id → "canal-city" to everyGIFLoopsForFourSecondsWithFortyTimedFrames(_:) started.
trust	CorvidLabs Trust gate	2026-10-07T04:32:25.6936930Z ◇ Test case passing 1 argument id → "alpine-valley" to everyGIFLoopsForFourSecondsWithFortyTimedFrames(_:) started.
trust	CorvidLabs Trust gate	2026-10-07T04:32:25.6937630Z ◇ Test case passing 1 argument id → "wandering-cartographer" to everyGIFLoopsForFourSecondsWithFortyTimedFrames(_:) started.
trust	CorvidLabs Trust gate	2026-10-07T04:32:25.6938330Z ◇ Test case passing 1 argument id → "clockwork-dragon" to everyGIFLoopsForFourSecondsWithFortyTimedFrames(_:) started.
trust	CorvidLabs Trust gate	2026-10-07T04:32:25.6939000Z ◇ Test case passing 1 argument id → "woodland-fox" to everyGIFLoopsForFourSecondsWithFortyTimedFrames(_:) started.
trust	CorvidLabs Trust gate	2026-10-07T04:32:25.6939660Z ◇ Test case passing 1 argument id → "deep-sea-whale" to everyGIFLoopsForFourSecondsWithFortyTimedFrames(_:) started.
trust	CorvidLabs Trust gate	2026-10-07T04:32:25.6940340Z ◇ Test case passing 1 argument id → "citadel-of-arches" to everyGIFLoopsForFourSecondsWithFortyTimedFrames(_:) started.
trust	CorvidLabs Trust gate	2026-10-07T04:32:25.6941030Z ◇ Test case passing 1 argument id → "sky-island-village" to everyGIFLoopsForFourSecondsWithFortyTimedFrames(_:) started.
trust	CorvidLabs Trust gate	2026-10-07T04:32:25.6941730Z ◇ Test case passing 1 argument id → "canyon-waterfall" to everyGIFLoopsForFourSecondsWithFortyTimedFrames(_:) started.
trust	CorvidLabs Trust gate	2026-10-07T04:32:25.6942410Z ◇ Test case passing 1 argument id → "moonlit-harbor" to everyGIFLoopsForFourSecondsWithFortyTimedFrames(_:) started.
trust	CorvidLabs Trust gate	2026-10-07T04:32:25.6943100Z ◇ Test case passing 1 argument id → "grand-solar-system" to everyGIFLoopsForFourSecondsWithFortyTimedFrames(_:) started.
trust	CorvidLabs Trust gate	2026-10-07T04:32:25.6943760Z ✔ Test everyGIFLoopsForFourSecondsWithFortyTimedFrames(_:) with 21 test cases passed after 5.564 seconds.
trust	CorvidLabs Trust gate	2026-10-07T04:32:25.6944330Z ◇ Test everyMP4HasOneSilentFourSecondVideoTrackAndDecodableFrames(_:) started.
trust	CorvidLabs Trust gate	2026-10-07T04:32:25.6944970Z ◇ Test case passing 1 argument id → "character-orb" to everyMP4HasOneSilentFourSecondVideoTrackAndDecodableFrames(_:) started.
trust	CorvidLabs Trust gate	2026-10-07T04:32:25.6945710Z ◇ Test case passing 1 argument id → "woven-torus" to everyMP4HasOneSilentFourSecondVideoTrackAndDecodableFrames(_:) started.
trust	CorvidLabs Trust gate	2026-10-07T04:32:25.6946430Z ◇ Test case passing 1 argument id → "moon-gate" to everyMP4HasOneSilentFourSecondVideoTrackAndDecodableFrames(_:) started.
trust	CorvidLabs Trust gate	2026-10-07T04:32:25.6947280Z ◇ Test case passing 1 argument id → "spiral-tower" to everyMP4HasOneSilentFourSecondVideoTrackAndDecodableFrames(_:) started.
trust	CorvidLabs Trust gate	2026-10-07T04:32:25.6948120Z ◇ Test case passing 1 argument id → "crystal-garden" to everyMP4HasOneSilentFourSecondVideoTrackAndDecodableFrames(_:) started.
trust	CorvidLabs Trust gate	2026-10-07T04:32:25.6948860Z ◇ Test case passing 1 argument id → "little-rocket" to everyMP4HasOneSilentFourSecondVideoTrackAndDecodableFrames(_:) started.
trust	CorvidLabs Trust gate	2026-10-07T04:32:25.6949620Z ◇ Test case passing 1 argument id → "pixel-bonsai" to everyMP4HasOneSilentFourSecondVideoTrackAndDecodableFrames(_:) started.
trust	CorvidLabs Trust gate	2026-10-07T04:32:25.6950360Z ◇ Test case passing 1 argument id → "orbital-rings" to everyMP4HasOneSilentFourSecondVideoTrackAndDecodableFrames(_:) started.
trust	CorvidLabs Trust gate	2026-10-07T04:32:25.6951120Z ◇ Test case passing 1 argument id → "hill-observatory" to everyMP4HasOneSilentFourSecondVideoTrackAndDecodableFrames(_:) started.
trust	CorvidLabs Trust gate	2026-10-07T04:32:25.6951890Z ◇ Test case passing 1 argument id → "terraced-island" to everyMP4HasOneSilentFourSecondVideoTrackAndDecodableFrames(_:) started.
trust	CorvidLabs Trust gate	2026-10-07T04:32:25.6953040Z ◇ Test case passing 1 argument id → "canal-city" to everyMP4HasOneSilentFourSecondVideoTrackAndDecodableFrames(_:) started.
trust	CorvidLabs Trust gate	2026-10-07T04:32:25.6954750Z ◇ Test case passing 1 argument id → "alpine-valley" to everyMP4HasOneSilentFourSecondVideoTrackAndDecodableFrames(_:) started.
trust	CorvidLabs Trust gate	2026-10-07T04:32:25.6956140Z ◇ Test case passing 1 argument id → "wandering-cartographer" to everyMP4HasOneSilentFourSecondVideoTrackAndDecodableFrames(_:) started.
trust	CorvidLabs Trust gate	2026-10-07T04:32:25.6956960Z ◇ Test case passing 1 argument id → "clockwork-dragon" to everyMP4HasOneSilentFourSecondVideoTrackAndDecodableFrames(_:) started.
trust	CorvidLabs Trust gate	2026-10-07T04:32:25.6957720Z ◇ Test case passing 1 argument id → "woodland-fox" to everyMP4HasOneSilentFourSecondVideoTrackAndDecodableFrames(_:) started.
trust	CorvidLabs Trust gate	2026-10-07T04:32:25.6958460Z ◇ Test case passing 1 argument id → "deep-sea-whale" to everyMP4HasOneSilentFourSecondVideoTrackAndDecodableFrames(_:) started.
trust	CorvidLabs Trust gate	2026-10-07T04:32:25.6959230Z ◇ Test case passing 1 argument id → "citadel-of-arches" to everyMP4HasOneSilentFourSecondVideoTrackAndDecodableFrames(_:) started.
trust	CorvidLabs Trust gate	2026-10-07T04:32:25.6960010Z ◇ Test case passing 1 argument id → "sky-island-village" to everyMP4HasOneSilentFourSecondVideoTrackAndDecodableFrames(_:) started.
trust	CorvidLabs Trust gate	2026-10-07T04:32:25.6960790Z ◇ Test case passing 1 argument id → "canyon-waterfall" to everyMP4HasOneSilentFourSecondVideoTrackAndDecodableFrames(_:) started.
trust	CorvidLabs Trust gate	2026-10-07T04:32:25.6961550Z ◇ Test case passing 1 argument id → "moonlit-harbor" to everyMP4HasOneSilentFourSecondVideoTrackAndDecodableFrames(_:) started.
trust	CorvidLabs Trust gate	2026-10-07T04:32:25.6962320Z ◇ Test case passing 1 argument id → "grand-solar-system" to everyMP4HasOneSilentFourSecondVideoTrackAndDecodableFrames(_:) started.
trust	CorvidLabs Trust gate	2026-10-07T04:32:25.6963070Z ✔ Test everyMP4HasOneSilentFourSecondVideoTrackAndDecodableFrames(_:) with 21 test cases passed after 5.415 seconds.
trust	CorvidLabs Trust gate	2026-10-07T04:32:25.6963650Z ◇ Test everyOBJContainsBoundedOutwardFacingVoxelGeometry(_:) started.
trust	CorvidLabs Trust gate	2026-10-07T04:32:25.6964220Z ◇ Test case passing 1 argument id → "character-orb" to everyOBJContainsBoundedOutwardFacingVoxelGeometry(_:) started.
trust	CorvidLabs Trust gate	2026-10-07T04:32:25.6964920Z ◇ Test case passing 1 argument id → "woven-torus" to everyOBJContainsBoundedOutwardFacingVoxelGeometry(_:) started.
trust	CorvidLabs Trust gate	2026-10-07T04:32:25.6965580Z ◇ Test case passing 1 argument id → "moon-gate" to everyOBJContainsBoundedOutwardFacingVoxelGeometry(_:) started.
trust	CorvidLabs Trust gate	2026-10-07T04:32:25.6966250Z ◇ Test case passing 1 argument id → "spiral-tower" to everyOBJContainsBoundedOutwardFacingVoxelGeometry(_:) started.
trust	CorvidLabs Trust gate	2026-10-07T04:32:25.6966930Z ◇ Test case passing 1 argument id → "crystal-garden" to everyOBJContainsBoundedOutwardFacingVoxelGeometry(_:) started.
trust	CorvidLabs Trust gate	2026-10-07T04:32:25.6967610Z ◇ Test case passing 1 argument id → "little-rocket" to everyOBJContainsBoundedOutwardFacingVoxelGeometry(_:) started.
trust	CorvidLabs Trust gate	2026-10-07T04:32:25.6968520Z ◇ Test case passing 1 argument id → "pixel-bonsai" to everyOBJContainsBoundedOutwardFacingVoxelGeometry(_:) started.
trust	CorvidLabs Trust gate	2026-10-07T04:32:25.6969200Z ◇ Test case passing 1 argument id → "orbital-rings" to everyOBJContainsBoundedOutwardFacingVoxelGeometry(_:) started.
trust	CorvidLabs Trust gate	2026-10-07T04:32:25.6969980Z ◇ Test case passing 1 argument id → "hill-observatory" to everyOBJContainsBoundedOutwardFacingVoxelGeometry(_:) started.
trust	CorvidLabs Trust gate	2026-10-07T04:32:25.6970680Z ◇ Test case passing 1 argument id → "terraced-island" to everyOBJContainsBoundedOutwardFacingVoxelGeometry(_:) started.
trust	CorvidLabs Trust gate	2026-10-07T04:32:25.6971360Z ◇ Test case passing 1 argument id → "canal-city" to everyOBJContainsBoundedOutwardFacingVoxelGeometry(_:) started.
trust	CorvidLabs Trust gate	2026-10-07T04:32:25.6972030Z ◇ Test case passing 1 argument id → "alpine-valley" to everyOBJContainsBoundedOutwardFacingVoxelGeometry(_:) started.
trust	CorvidLabs Trust gate	2026-10-07T04:32:25.6972750Z ◇ Test case passing 1 argument id → "wandering-cartographer" to everyOBJContainsBoundedOutwardFacingVoxelGeometry(_:) started.
trust	CorvidLabs Trust gate	2026-10-07T04:32:25.6973480Z ◇ Test case passing 1 argument id → "clockwork-dragon" to everyOBJContainsBoundedOutwardFacingVoxelGeometry(_:) started.
trust	CorvidLabs Trust gate	2026-10-07T04:32:25.6974160Z ◇ Test case passing 1 argument id → "woodland-fox" to everyOBJContainsBoundedOutwardFacingVoxelGeometry(_:) started.
trust	CorvidLabs Trust gate	2026-10-07T04:32:25.6974840Z ◇ Test case passing 1 argument id → "deep-sea-whale" to everyOBJContainsBoundedOutwardFacingVoxelGeometry(_:) started.
trust	CorvidLabs Trust gate	2026-10-07T04:32:25.6975530Z ◇ Test case passing 1 argument id → "citadel-of-arches" to everyOBJContainsBoundedOutwardFacingVoxelGeometry(_:) started.
trust	CorvidLabs Trust gate	2026-10-07T04:32:25.6976240Z ◇ Test case passing 1 argument id → "sky-island-village" to everyOBJContainsBoundedOutwardFacingVoxelGeometry(_:) started.
trust	CorvidLabs Trust gate	2026-10-07T04:32:25.6976940Z ◇ Test case passing 1 argument id → "canyon-waterfall" to everyOBJContainsBoundedOutwardFacingVoxelGeometry(_:) started.
trust	CorvidLabs Trust gate	2026-10-07T04:32:25.6977630Z ◇ Test case passing 1 argument id → "moonlit-harbor" to everyOBJContainsBoundedOutwardFacingVoxelGeometry(_:) started.
trust	CorvidLabs Trust gate	2026-10-07T04:32:25.6978340Z ◇ Test case passing 1 argument id → "grand-solar-system" to everyOBJContainsBoundedOutwardFacingVoxelGeometry(_:) started.
trust	CorvidLabs Trust gate	2026-10-07T04:32:25.6979020Z ✔ Test everyOBJContainsBoundedOutwardFacingVoxelGeometry(_:) with 21 test cases passed after 15.426 seconds.
trust	CorvidLabs Trust gate	2026-10-07T04:32:25.6979680Z ◇ Test blockhavenManifestMatchesSelfContainedSourcesCompactVolumeAndAllDownloadLinks() started.
trust	CorvidLabs Trust gate	2026-10-07T04:32:25.6980380Z ✔ Test blockhavenManifestMatchesSelfContainedSourcesCompactVolumeAndAllDownloadLinks() passed after 5.309 seconds.
trust	CorvidLabs Trust gate	2026-10-07T04:32:25.6981080Z ◇ Test blockhavenPNGAndLoopingGIFDecodeWithVisibleChangingLandscapeAndPublishedTiming() started.
trust	CorvidLabs Trust gate	2026-10-07T04:32:25.6981790Z ✔ Test blockhavenPNGAndLoopingGIFDecodeWithVisibleChangingLandscapeAndPublishedTiming() passed after 0.572 seconds.
trust	CorvidLabs Trust gate	2026-10-07T04:32:25.6982440Z ◇ Test blockhavenVideoHasThePublishedSilentTimingAndDecodableLandscape() started.
trust	CorvidLabs Trust gate	2026-10-07T04:32:25.6983040Z ✔ Test blockhavenVideoHasThePublishedSilentTimingAndDecodableLandscape() passed after 0.254 seconds.
trust	CorvidLabs Trust gate	2026-10-07T04:32:25.6983700Z ◇ Test blockhavenOBJHasEveryExteriorFaceWithCorrectBoundsMaterialsAndOutwardWinding() started.
trust	CorvidLabs Trust gate	2026-10-07T04:32:25.6984410Z ✔ Test blockhavenOBJHasEveryExteriorFaceWithCorrectBoundsMaterialsAndOutwardWinding() passed after 4.643 seconds.
trust	CorvidLabs Trust gate	2026-10-07T04:32:25.6984930Z ✔ Suite ExampleArtifactTests passed after 42.201 seconds.
trust	CorvidLabs Trust gate	2026-10-07T04:32:25.6985250Z ◇ Suite PreparedVoxelProjectionTests started.
trust	CorvidLabs Trust gate	2026-10-07T04:32:25.6985680Z ◇ Test directExtractionPreservesAllNeighborsMaterialsBoundariesAndStableOrder() started.
trust	CorvidLabs Trust gate	2026-10-07T04:32:25.6986340Z ✔ Test directExtractionPreservesAllNeighborsMaterialsBoundariesAndStableOrder() passed after 0.001 seconds.
trust	CorvidLabs Trust gate	2026-10-07T04:32:25.6986990Z ◇ Test preparedFramesHaveExactDocumentProjectionAndPixelParityAcrossCameraPoses() started.
trust	CorvidLabs Trust gate	2026-10-07T04:32:25.6987670Z ✔ Test preparedFramesHaveExactDocumentProjectionAndPixelParityAcrossCameraPoses() passed after 0.132 seconds.
trust	CorvidLabs Trust gate	2026-10-07T04:32:25.6988420Z ◇ Test preparedEmptyAndCancelledFramesNeverPublishGhostsOrPartialPicking() started.
trust	CorvidLabs Trust gate	2026-10-07T04:32:25.6989030Z ✔ Test preparedEmptyAndCancelledFramesNeverPublishGhostsOrPartialPicking() passed after 0.001 seconds.
trust	CorvidLabs Trust gate	2026-10-07T04:32:25.6989830Z ◇ Test cubeAnimationRetainsPerFrameFallbackWhenCompleteSceneExceedsExtractionBudget() started.
trust	CorvidLabs Trust gate	2026-10-07T04:32:25.6990670Z ✔ Test cubeAnimationRetainsPerFrameFallbackWhenCompleteSceneExceedsExtractionBudget() passed after 13.471 seconds.
trust	CorvidLabs Trust gate	2026-10-07T04:32:25.6996220Z ◇ Test cubeAnimationFallbackStillRefusesAnOverBudgetFrameAndCleansItsStaging() started.
trust	CorvidLabs Trust gate	2026-10-07T04:32:25.6996870Z ✔ Test cubeAnimationFallbackStillRefusesAnOverBudgetFrameAndCleansItsStaging() passed after 1.186 seconds.
trust	CorvidLabs Trust gate	2026-10-07T04:32:25.6997400Z ✔ Suite PreparedVoxelProjectionTests passed after 14.792 seconds.
trust	CorvidLabs Trust gate	2026-10-07T04:32:25.6997790Z ◇ Test imageExportHasExpectedDimensionsAndDecodesAsPNG() started.
trust	CorvidLabs Trust gate	2026-10-07T04:32:25.6998250Z ✔ Test imageExportHasExpectedDimensionsAndDecodesAsPNG() passed after 0.008 seconds.
trust	CorvidLabs Trust gate	2026-10-07T04:32:25.6998680Z ◇ Test glyphRasterDiffersFromEmptyVolume() started.
trust	CorvidLabs Trust gate	2026-10-07T04:32:25.6999040Z ✔ Test glyphRasterDiffersFromEmptyVolume() passed after 0.011 seconds.
trust	CorvidLabs Trust gate	2026-10-07T04:32:25.6999450Z ◇ Test metalBackendCompletesAndWritesVisibleGlyphs() started.
trust	CorvidLabs Trust gate	2026-10-07T04:32:25.6999880Z ✔ Test metalBackendCompletesAndWritesVisibleGlyphs() passed after 0.052 seconds.
trust	CorvidLabs Trust gate	2026-10-07T04:32:25.7000270Z ◇ Suite SculptureBlockPerformanceTests started.
trust	CorvidLabs Trust gate	2026-10-07T04:32:25.7000610Z ◇ Test measureLargeLandscapePreparationAndCameraWork() started.
trust	CorvidLabs Trust gate	2026-10-07T04:32:25.7001070Z ✔ Test measureLargeLandscapePreparationAndCameraWork() passed after 0.001 seconds.
trust	CorvidLabs Trust gate	2026-10-07T04:32:25.7001510Z ✔ Suite SculptureBlockPerformanceTests passed after 0.001 seconds.
trust	CorvidLabs Trust gate	2026-10-07T04:32:25.7001830Z ◇ Suite SculptureLiveVoxelTests started.
trust	CorvidLabs Trust gate	2026-10-07T04:32:25.7002250Z ◇ Test gpuPickingMatchesTheExistingProjectionAtOffCenterPointsAndSeveralPoses() started.
trust	CorvidLabs Trust gate	2026-10-07T04:32:25.7002900Z ✔ Test gpuPickingMatchesTheExistingProjectionAtOffCenterPointsAndSeveralPoses() passed after 0.006 seconds.
trust	CorvidLabs Trust gate	2026-10-07T04:32:25.7003530Z ◇ Test gpuPickingChoosesTheNearestCubeOrGhostAndPreservesTheVolumeBoundary() started.
trust	CorvidLabs Trust gate	2026-10-07T04:32:25.7004160Z ✔ Test gpuPickingChoosesTheNearestCubeOrGhostAndPreservesTheVolumeBoundary() passed after 0.005 seconds.
trust	CorvidLabs Trust gate	2026-10-07T04:32:25.7004750Z ◇ Test metalSnapshotRendersRealColoredGeometryAndRetainsNativeEvidence() started.
trust	CorvidLabs Trust gate	2026-10-07T04:32:25.7005350Z ✔ Test metalSnapshotRendersRealColoredGeometryAndRetainsNativeEvidence() passed after 0.088 seconds.
trust	CorvidLabs Trust gate	2026-10-07T04:32:25.7005920Z ◇ Test cameraResizeUsesTheSameMeshAndMatchesTheReferencePickingScale() started.
trust	CorvidLabs Trust gate	2026-10-07T04:32:25.7006490Z ✔ Test cameraResizeUsesTheSameMeshAndMatchesTheReferencePickingScale() passed after 0.001 seconds.
trust	CorvidLabs Trust gate	2026-10-07T04:32:25.7007090Z ◇ Test denseGhostGridKeepsEveryPickTargetAndVisibleCubesWhenGridEdgesAreHidden() started.
trust	CorvidLabs Trust gate	2026-10-07T04:32:25.7007740Z ✔ Test denseGhostGridKeepsEveryPickTargetAndVisibleCubesWhenGridEdgesAreHidden() passed after 0.159 seconds.
trust	CorvidLabs Trust gate	2026-10-07T04:32:25.7008280Z ✔ Suite SculptureLiveVoxelTests passed after 0.263 seconds.
trust	CorvidLabs Trust gate	2026-10-07T04:32:25.7008570Z ◇ Suite SculptureLiveWorldTests started.
trust	CorvidLabs Trust gate	2026-10-07T04:32:25.7009060Z ◇ Test largeIntegerAnchorsPreserveAdjacentPositionsPickingAndSharedGeometryAcrossCameraUpdates() started.
trust	CorvidLabs Trust gate	2026-10-07T04:32:25.7009850Z ✔ Test largeIntegerAnchorsPreserveAdjacentPositionsPickingAndSharedGeometryAcrossCameraUpdates() passed after 0.008 seconds.
trust	CorvidLabs Trust gate	2026-10-07T04:32:25.7010600Z ◇ Test boundingIntersectionRotationAndDetailDistanceControlDetailedAndColoredCoarseNodes() started.
trust	CorvidLabs Trust gate	2026-10-07T04:32:25.7011340Z ✔ Test boundingIntersectionRotationAndDetailDistanceControlDetailedAndColoredCoarseNodes() passed after 0.002 seconds.
trust	CorvidLabs Trust gate	2026-10-07T04:32:25.7012050Z ◇ Test visibleCapacityAndFullFaceBudgetDegradeToBoundedSharedProxiesDeterministically() started.
trust	CorvidLabs Trust gate	2026-10-07T04:32:25.7012760Z ✔ Test visibleCapacityAndFullFaceBudgetDegradeToBoundedSharedProxiesDeterministically() passed after 0.066 seconds.
trust	CorvidLabs Trust gate	2026-10-07T04:32:25.7013600Z ◇ Test preparationSkipsUnusedDefinitionsAndRejectsAnOversizedAggregateCache() started.
trust	CorvidLabs Trust gate	2026-10-07T04:32:25.7014360Z ✔ Test preparationSkipsUnusedDefinitionsAndRejectsAnOversizedAggregateCache() passed after 1.836 seconds.
trust	CorvidLabs Trust gate	2026-10-07T04:32:25.7015060Z ◇ Test actualMetalWorldSnapshotsContainColoredDetailsSelectableCoarseModelsAndRetainedEvidence() started.
trust	CorvidLabs Trust gate	2026-10-07T04:32:25.7015850Z ✔ Test actualMetalWorldSnapshotsContainColoredDetailsSelectableCoarseModelsAndRetainedEvidence() passed after 0.322 seconds.
trust	CorvidLabs Trust gate	2026-10-07T04:32:25.7016520Z ◇ Test nestedGardenAndCourtyardKeepGlyphColorsAcrossDenseNativeEdges() started.
trust	CorvidLabs Trust gate	2026-10-07T04:32:25.7017100Z ✔ Test nestedGardenAndCourtyardKeepGlyphColorsAcrossDenseNativeEdges() passed after 1.463 seconds.
trust	CorvidLabs Trust gate	2026-10-07T04:32:25.7017580Z ✔ Suite SculptureLiveWorldTests passed after 3.701 seconds.
trust	CorvidLabs Trust gate	2026-10-07T04:32:25.7017900Z ◇ Suite SculptureSolarPerformanceTests started.
trust	CorvidLabs Trust gate	2026-10-07T04:32:25.7018260Z ◇ Test actualSolarSystemFitsTheReusableExteriorMeshBudget() started.
trust	CorvidLabs Trust gate	2026-10-07T04:32:25.7018750Z ✔ Test actualSolarSystemFitsTheReusableExteriorMeshBudget() passed after 0.454 seconds.
trust	CorvidLabs Trust gate	2026-10-07T04:32:25.7019280Z ◇ Test solarCameraAndLayerChangesRetainActualNativeGeometryBuffers() started.
trust	CorvidLabs Trust gate	2026-10-07T04:32:25.7019850Z ✔ Test solarCameraAndLayerChangesRetainActualNativeGeometryBuffers() passed after 0.597 seconds.
trust	CorvidLabs Trust gate	2026-10-07T04:32:25.7020350Z ✔ Suite SculptureSolarPerformanceTests passed after 1.052 seconds.
trust	CorvidLabs Trust gate	2026-10-07T04:32:25.7020700Z ◇ Suite SculptureVolumeStudyRenderingTests started.
trust	CorvidLabs Trust gate	2026-10-07T04:32:25.7021070Z ◇ Test smallWorldCountsAndCameraUpdatesRetainSharedMeshes() started.
trust	CorvidLabs Trust gate	2026-10-07T04:32:25.7021570Z ✔ Test smallWorldCountsAndCameraUpdatesRetainSharedMeshes() passed after 0.002 seconds.
trust	CorvidLabs Trust gate	2026-10-07T04:32:25.7021980Z ◇ Test measure1024WorldMetalRendering() started.
trust	CorvidLabs Trust gate	2026-10-07T04:32:25.7022340Z ✔ Test measure1024WorldMetalRendering() passed after 0.001 seconds.
trust	CorvidLabs Trust gate	2026-10-07T04:32:25.7022740Z ✔ Suite SculptureVolumeStudyRenderingTests passed after 0.002 seconds.
trust	CorvidLabs Trust gate	2026-10-07T04:32:25.7023100Z ◇ Suite SculptureVoxelMeshBuffersTests started.
trust	CorvidLabs Trust gate	2026-10-07T04:32:25.7023520Z ◇ Test packedBytesPreserveEveryMaterialFaceWindingAndStablePickingIndex() started.
trust	CorvidLabs Trust gate	2026-10-07T04:32:25.7024140Z ✔ Test packedBytesPreserveEveryMaterialFaceWindingAndStablePickingIndex() passed after 0.001 seconds.
trust	CorvidLabs Trust gate	2026-10-07T04:32:25.7024770Z ◇ Test ghostBuffersPreserveFilteringOrderDepthCoordinatesAndExactTargetCapacity() started.
trust	CorvidLabs Trust gate	2026-10-07T04:32:25.7025450Z ✔ Test ghostBuffersPreserveFilteringOrderDepthCoordinatesAndExactTargetCapacity() passed after 0.137 seconds.
trust	CorvidLabs Trust gate	2026-10-07T04:32:25.7026130Z ◇ Test placementChangesReuseImmutablePreparedModelsButDefinitionChangesInvalidateThem() started.
trust	CorvidLabs Trust gate	2026-10-07T04:32:25.7026840Z ✔ Test placementChangesReuseImmutablePreparedModelsButDefinitionChangesInvalidateThem() passed after 0.001 seconds.
trust	CorvidLabs Trust gate	2026-10-07T04:32:25.7027490Z ◇ Test canceledWorkersNeverPublishPartialMeshGhostsOrReusedWorldScenes() started.
trust	CorvidLabs Trust gate	2026-10-07T04:32:25.7028080Z ✔ Test canceledWorkersNeverPublishPartialMeshGhostsOrReusedWorldScenes() passed after 0.001 seconds.
trust	CorvidLabs Trust gate	2026-10-07T04:32:25.7028600Z ✔ Suite SculptureVoxelMeshBuffersTests passed after 0.139 seconds.
trust	CorvidLabs Trust gate	2026-10-07T04:32:25.7028960Z ◇ Suite SculpturePreparedNativeMeshTests started.
trust	CorvidLabs Trust gate	2026-10-07T04:32:25.7029360Z ◇ Test selectedSliceOutlineMovesToTheChosenDepthInTheActualMetalImage() started.
trust	CorvidLabs Trust gate	2026-10-07T04:32:25.7029940Z ✔ Test selectedSliceOutlineMovesToTheChosenDepthInTheActualMetalImage() passed after 3.136 seconds.
trust	CorvidLabs Trust gate	2026-10-07T04:32:25.7030540Z ◇ Test preparedCanvasRetainsPickingAndSelectedOutlineWhenDenseGridLODChanges() started.
trust	CorvidLabs Trust gate	2026-10-07T04:32:25.7031190Z ✔ Test preparedCanvasRetainsPickingAndSelectedOutlineWhenDenseGridLODChanges() passed after 0.306 seconds.
trust	CorvidLabs Trust gate	2026-10-07T04:32:25.7031820Z ◇ Test movedAndRotatedWorldInstancesKeepActualModelGeometryAndNearestPicks() started.
trust	CorvidLabs Trust gate	2026-10-07T04:32:25.7032440Z ✔ Test movedAndRotatedWorldInstancesKeepActualModelGeometryAndNearestPicks() passed after 0.006 seconds.
trust	CorvidLabs Trust gate	2026-10-07T04:32:25.7033150Z ✔ Suite SculpturePreparedNativeMeshTests passed after 3.448 seconds.
trust	CorvidLabs Trust gate	2026-10-07T04:32:25.7033640Z ◇ Test singleVoxelSurfaceIncludesEveryFaceAndItsEmptyNeighborInStableOrder() started.
trust	CorvidLabs Trust gate	2026-10-07T04:32:25.7034370Z ✔ Test singleVoxelSurfaceIncludesEveryFaceAndItsEmptyNeighborInStableOrder() passed after 0.001 seconds.
trust	CorvidLabs Trust gate	2026-10-07T04:32:25.7034890Z ◇ Test neighboringMaterialsOmitSharedInteriorFaces() started.
trust	CorvidLabs Trust gate	2026-10-07T04:32:25.7035330Z ✔ Test neighboringMaterialsOmitSharedInteriorFaces() passed after 0.001 seconds.
trust	CorvidLabs Trust gate	2026-10-07T04:32:25.7035810Z ◇ Test hollowVolumeRetainsCavityFacesWithoutExposingJoinedFaces() started.
trust	CorvidLabs Trust gate	2026-10-07T04:32:25.7036340Z ✔ Test hollowVolumeRetainsCavityFacesWithoutExposingJoinedFaces() passed after 0.001 seconds.
trust	CorvidLabs Trust gate	2026-10-07T04:32:25.7036880Z ◇ Test sparseFinalCellOfMaximumVolumeHasSixCorrectlyBoundedFaces() started.
trust	CorvidLabs Trust gate	2026-10-07T04:32:25.7037420Z ✔ Test sparseFinalCellOfMaximumVolumeHasSixCorrectlyBoundedFaces() passed after 2.138 seconds.
trust	CorvidLabs Trust gate	2026-10-07T04:32:25.7038020Z ◇ Test cachedOccupancySupportsBoundsAndIndependentSurfaceSnapshotsAfterEditing() started.
trust	CorvidLabs Trust gate	2026-10-07T04:32:25.7038680Z ✔ Test cachedOccupancySupportsBoundsAndIndependentSurfaceSnapshotsAfterEditing() passed after 0.001 seconds.
trust	CorvidLabs Trust gate	2026-10-07T04:32:25.7039310Z ◇ Test disconnectedSurfaceBudgetThrowsInsteadOfReturningPartialGeometry() started.
trust	CorvidLabs Trust gate	2026-10-07T04:32:25.7039910Z ✔ Test disconnectedSurfaceBudgetThrowsInsteadOfReturningPartialGeometry() passed after 0.208 seconds.
trust	CorvidLabs Trust gate	2026-10-07T04:32:25.7040430Z ◇ Test cancelledSurfaceExtractionReturnsNoPartialScene() started.
trust	CorvidLabs Trust gate	2026-10-07T04:32:25.7040890Z ✔ Test cancelledSurfaceExtractionReturnsNoPartialScene() passed after 0.002 seconds.
trust	CorvidLabs Trust gate	2026-10-07T04:32:25.7041300Z ◇ Suite "Bounded colored world silhouettes" started.
trust	CorvidLabs Trust gate	2026-10-07T04:32:25.7041670Z ◇ Test emptyVolumeHasNoGeometryAndSmallModelsMatchFullDetail() started.
trust	CorvidLabs Trust gate	2026-10-07T04:32:25.7042180Z ✔ Test emptyVolumeHasNoGeometryAndSmallModelsMatchFullDetail() passed after 0.001 seconds.
trust	CorvidLabs Trust gate	2026-10-07T04:32:25.7042710Z ◇ Test dominantNonemptyMaterialAndPaletteOrderTiesAreDeterministic() started.
trust	CorvidLabs Trust gate	2026-10-07T04:32:25.7043270Z ✔ Test dominantNonemptyMaterialAndPaletteOrderTiesAreDeterministic() passed after 0.001 seconds.
trust	CorvidLabs Trust gate	2026-10-07T04:32:25.7043860Z ◇ Test thinRoofTrunkAndGroundKeepARecognizableSilhouetteInsteadOfAFullBox() started.
trust	CorvidLabs Trust gate	2026-10-07T04:32:25.7044480Z ✔ Test thinRoofTrunkAndGroundKeepARecognizableSilhouetteInsteadOfAFullBox() passed after 0.041 seconds.
trust	CorvidLabs Trust gate	2026-10-07T04:32:25.7045040Z ◇ Test oddDimensionsAndPartialBinsPreserveRealExtentsAndCenter() started.
trust	CorvidLabs Trust gate	2026-10-07T04:32:25.7045560Z ✔ Test oddDimensionsAndPartialBinsPreserveRealExtentsAndCenter() passed after 0.004 seconds.
trust	CorvidLabs Trust gate	2026-10-07T04:32:25.7046090Z ◇ Test maximumStrideCountsDenseBinsWithoutOverflowOrOversizedGrid() started.
trust	CorvidLabs Trust gate	2026-10-07T04:32:25.7046630Z ✔ Test maximumStrideCountsDenseBinsWithoutOverflowOrOversizedGrid() passed after 0.045 seconds.
trust	CorvidLabs Trust gate	2026-10-07T04:32:25.7047200Z ◇ Test disconnectedCoarseGridStaysBelowTheExplicitFaceAndByteBudgets() started.
trust	CorvidLabs Trust gate	2026-10-07T04:32:25.7047780Z ✔ Test disconnectedCoarseGridStaysBelowTheExplicitFaceAndByteBudgets() passed after 0.030 seconds.
trust	CorvidLabs Trust gate	2026-10-07T04:32:25.7048260Z ◇ Test cancellationReturnsNoPartialCoarseResult() started.
trust	CorvidLabs Trust gate	2026-10-07T04:32:25.7048670Z ✔ Test cancellationReturnsNoPartialCoarseResult() passed after 0.008 seconds.
trust	CorvidLabs Trust gate	2026-10-07T04:32:25.7049110Z ✔ Suite "Bounded colored world silhouettes" passed after 0.132 seconds.
trust	CorvidLabs Trust gate	2026-10-07T04:32:25.7049480Z ◇ Suite SculptureWorldExplorationRenderingTests started.
trust	CorvidLabs Trust gate	2026-10-07T04:32:25.7049890Z ◇ Test optionalActualMetalOverviewAndLandmarkExplorationEvidence() started.
trust	CorvidLabs Trust gate	2026-10-07T04:32:25.7050430Z ✔ Test optionalActualMetalOverviewAndLandmarkExplorationEvidence() passed after 0.001 seconds.
trust	CorvidLabs Trust gate	2026-10-07T04:32:25.7051000Z ◇ Test perspectiveAndOrbitSwitchesRestoreCameraWithoutChangingWorldOrMeshes() started.
trust	CorvidLabs Trust gate	2026-10-07T04:32:25.7051640Z ✔ Test perspectiveAndOrbitSwitchesRestoreCameraWithoutChangingWorldOrMeshes() passed after 0.002 seconds.
trust	CorvidLabs Trust gate	2026-10-07T04:32:25.7052250Z ◇ Test localTravelLookAndExactIntegerRebaseRetainDetailedAndCoarseBuffers() started.
trust	CorvidLabs Trust gate	2026-10-07T04:32:25.7052980Z ✔ Test localTravelLookAndExactIntegerRebaseRetainDetailedAndCoarseBuffers() passed after 0.002 seconds.
trust	CorvidLabs Trust gate	2026-10-07T04:32:25.7053760Z ◇ Test nativePerspectiveAndOrbitPickBothColoredCoarseAndDetailedInstances() started.
trust	CorvidLabs Trust gate	2026-10-07T04:32:25.7054370Z ✔ Test nativePerspectiveAndOrbitPickBothColoredCoarseAndDetailedInstances() passed after 0.003 seconds.
trust	CorvidLabs Trust gate	2026-10-07T04:32:25.7055030Z ◇ Test realNativeKeyEventsMapHorizontalAndVerticalMovementAndReleaseWithoutClockRaces() started.
trust	CorvidLabs Trust gate	2026-10-07T04:32:25.7055740Z ✔ Test realNativeKeyEventsMapHorizontalAndVerticalMovementAndReleaseWithoutClockRaces() passed after 0.014 seconds.
trust	CorvidLabs Trust gate	2026-10-07T04:32:25.7056440Z ◇ Test nativeHeldKeysStopOnResponderLossWindowKeyLossCloseModeChangeAndDismantling() started.
trust	CorvidLabs Trust gate	2026-10-07T04:32:25.7057130Z ✔ Test nativeHeldKeysStopOnResponderLossWindowKeyLossCloseModeChangeAndDismantling() passed after 0.013 seconds.
trust	CorvidLabs Trust gate	2026-10-07T04:32:25.7057780Z ◇ Test nativeExploreDragChangesLookAndClickStillSelectsWithoutMutatingSource() started.
trust	CorvidLabs Trust gate	2026-10-07T04:32:25.7058430Z ✔ Test nativeExploreDragChangesLookAndClickStillSelectsWithoutMutatingSource() passed after 0.010 seconds.
trust	CorvidLabs Trust gate	2026-10-07T04:32:25.7059000Z ✔ Suite SculptureWorldExplorationRenderingTests passed after 0.047 seconds.
trust	CorvidLabs Trust gate	2026-10-07T04:32:25.7059360Z ◇ Suite SculptureWorldNavigationTests started.
trust	CorvidLabs Trust gate	2026-10-07T04:32:25.7059750Z ◇ Test smallMovesRetainExactAnchorsBeyondDoubleIntegerPrecision() started.
trust	CorvidLabs Trust gate	2026-10-07T04:32:25.7060280Z ✔ Test smallMovesRetainExactAnchorsBeyondDoubleIntegerPrecision() passed after 0.001 seconds.
trust	CorvidLabs Trust gate	2026-10-07T04:32:25.7060830Z ◇ Test positiveAndNegativeRebasesPreserveFractionalEyeOffsetsExactly() started.
trust	CorvidLabs Trust gate	2026-10-07T04:32:25.7061400Z ✔ Test positiveAndNegativeRebasesPreserveFractionalEyeOffsetsExactly() passed after 0.001 seconds.
trust	CorvidLabs Trust gate	2026-10-07T04:32:25.7061950Z ◇ Test diagonalsAndVerticalTravelUseTheSameCellsPerSecondSpeed() started.
trust	CorvidLabs Trust gate	2026-10-07T04:32:25.7062470Z ✔ Test diagonalsAndVerticalTravelUseTheSameCellsPerSecondSpeed() passed after 0.001 seconds.
trust	CorvidLabs Trust gate	2026-10-07T04:32:25.7062970Z ◇ Test yawRotatesFlatMovementWhilePitchOnlyChangesLook() started.
trust	CorvidLabs Trust gate	2026-10-07T04:32:25.7063430Z ✔ Test yawRotatesFlatMovementWhilePitchOnlyChangesLook() passed after 0.001 seconds.
trust	CorvidLabs Trust gate	2026-10-07T04:32:25.7063940Z ◇ Test elapsedTimeAndFastSpeedAreIndependentOfEventRepeatFrequency() started.
trust	CorvidLabs Trust gate	2026-10-07T04:32:25.7064500Z ✔ Test elapsedTimeAndFastSpeedAreIndependentOfEventRepeatFrequency() passed after 0.001 seconds.
trust	CorvidLabs Trust gate	2026-10-07T04:32:25.7065080Z ◇ Test checkedBoundariesRejectOverflowBeforeRebaseAndLeaveMovementAtomic() started.
trust	CorvidLabs Trust gate	2026-10-07T04:32:25.7065690Z ✔ Test checkedBoundariesRejectOverflowBeforeRebaseAndLeaveMovementAtomic() passed after 0.001 seconds.
trust	CorvidLabs Trust gate	2026-10-07T04:32:25.7066240Z ◇ Test invalidMovementFailsWithoutMutatingAndLookNeverInverts() started.
trust	CorvidLabs Trust gate	2026-10-07T04:32:25.7066750Z ✔ Test invalidMovementFailsWithoutMutatingAndLookNeverInverts() passed after 0.001 seconds.
trust	CorvidLabs Trust gate	2026-10-07T04:32:25.7067230Z ✔ Suite SculptureWorldNavigationTests passed after 0.001 seconds.
trust	CorvidLabs Trust gate	2026-10-07T04:32:25.7067550Z ◇ Suite VoxelRenderingTests started.
trust	CorvidLabs Trust gate	2026-10-07T04:32:25.7067990Z ◇ Test excessiveDisconnectedSurfaceReturnsAnExplicitBudgetFailureWithoutPartialPicking() started.
trust	CorvidLabs Trust gate	2026-10-07T04:32:25.7068720Z ✔ Test excessiveDisconnectedSurfaceReturnsAnExplicitBudgetFailureWithoutPartialPicking() passed after 1.127 seconds.
trust	CorvidLabs Trust gate	2026-10-07T04:32:25.7069320Z ◇ Test frontFacePickingAddsOnlyToAnEmptyInBoundsNeighbor() started.
trust	CorvidLabs Trust gate	2026-10-07T04:32:25.7069800Z ✔ Test frontFacePickingAddsOnlyToAnEmptyInBoundsNeighbor() passed after 0.001 seconds.
trust	CorvidLabs Trust gate	2026-10-07T04:32:25.7070300Z ◇ Test joinedCubesCullSharedFacesAndPickTheNearestVisibleCube() started.
trust	CorvidLabs Trust gate	2026-10-07T04:32:25.7070820Z ✔ Test joinedCubesCullSharedFacesAndPickTheNearestVisibleCube() passed after 0.001 seconds.
trust	CorvidLabs Trust gate	2026-10-07T04:32:25.7071310Z ◇ Test cameraRotationChangesThePaintableFaceAndNeighbor() started.
trust	CorvidLabs Trust gate	2026-10-07T04:32:25.7071780Z ✔ Test cameraRotationChangesThePaintableFaceAndNeighbor() passed after 0.001 seconds.
trust	CorvidLabs Trust gate	2026-10-07T04:32:25.7072470Z ◇ Test selectedEmptySliceProvidesRealPickableCellsWithoutInventingCubes() started.
trust	CorvidLabs Trust gate	2026-10-07T04:32:25.7073070Z ✔ Test selectedEmptySliceProvidesRealPickableCellsWithoutInventingCubes() passed after 0.001 seconds.
trust	CorvidLabs Trust gate	2026-10-07T04:32:25.7073710Z ◇ Test ghostGridCannotStealAnOccludedCubeHit() started.
trust	CorvidLabs Trust gate	2026-10-07T04:32:25.7074100Z ✔ Test ghostGridCannotStealAnOccludedCubeHit() passed after 0.001 seconds.
trust	CorvidLabs Trust gate	2026-10-07T04:32:25.7074530Z ◇ Test fullSizeSolidVolumeExposesOnlyItsOuterSurface() started.
trust	CorvidLabs Trust gate	2026-10-07T04:32:25.7074980Z ✔ Test fullSizeSolidVolumeExposesOnlyItsOuterSurface() passed after 0.508 seconds.
trust	CorvidLabs Trust gate	2026-10-07T04:32:25.7075500Z ◇ Test rasterOutputHasGenuineTranslucentFacesAndOptionalClearBackground() started.
trust	CorvidLabs Trust gate	2026-10-07T04:32:25.7076090Z ✔ Test rasterOutputHasGenuineTranslucentFacesAndOptionalClearBackground() passed after 0.001 seconds.
trust	CorvidLabs Trust gate	2026-10-07T04:32:25.7076690Z ◇ Test projectionRejectsInvalidHitCoordinatesAndNormalizesNonfiniteCamera() started.
trust	CorvidLabs Trust gate	2026-10-07T04:32:25.7077310Z ✔ Test projectionRejectsInvalidHitCoordinatesAndNormalizesNonfiniteCamera() passed after 0.001 seconds.
trust	CorvidLabs Trust gate	2026-10-07T04:32:25.7077860Z ◇ Test cancelledRenderDoesNotPublishPartialGeometryOrImage() started.
trust	CorvidLabs Trust gate	2026-10-07T04:32:25.7078360Z ✔ Test cancelledRenderDoesNotPublishPartialGeometryOrImage() passed after 0.001 seconds.
trust	CorvidLabs Trust gate	2026-10-07T04:32:25.7078780Z ✔ Suite VoxelRenderingTests passed after 1.639 seconds.
trust	CorvidLabs Trust gate	2026-10-07T04:32:25.7079170Z ◇ Test singleVoxelOBJHasClosedOutwardSurfaceAndCenteredBounds() started.
trust	CorvidLabs Trust gate	2026-10-07T04:32:25.7079670Z ✔ Test singleVoxelOBJHasClosedOutwardSurfaceAndCenteredBounds() passed after 0.001 seconds.
trust	CorvidLabs Trust gate	2026-10-07T04:32:25.7080200Z ◇ Test neighboringGlyphsShareVerticesAndOmitTheirInternalFaces() started.
trust	CorvidLabs Trust gate	2026-10-07T04:32:25.7080720Z ✔ Test neighboringGlyphsShareVerticesAndOmitTheirInternalFaces() passed after 0.001 seconds.
trust	CorvidLabs Trust gate	2026-10-07T04:32:25.7081200Z ◇ Test hollowVoxelMeshPreservesTheInteriorSurface() started.
trust	CorvidLabs Trust gate	2026-10-07T04:32:25.7081620Z ✔ Test hollowVoxelMeshPreservesTheInteriorSurface() passed after 0.002 seconds.
trust	CorvidLabs Trust gate	2026-10-07T04:32:25.7082030Z ◇ Test emptyOBJContainsNoInventedGeometry() started.
trust	CorvidLabs Trust gate	2026-10-07T04:32:25.7082400Z ✔ Test emptyOBJContainsNoInventedGeometry() passed after 0.001 seconds.
trust	CorvidLabs Trust gate	2026-10-07T04:32:25.7082810Z ◇ Test orbOBJIsClosedAndCanBeRetainedAsExportEvidence() started.
trust	CorvidLabs Trust gate	2026-10-07T04:32:25.7083260Z ✔ Test orbOBJIsClosedAndCanBeRetainedAsExportEvidence() passed after 0.071 seconds.
trust	CorvidLabs Trust gate	2026-10-07T04:32:25.7083750Z ◇ Test sixtyFourSolidVolumeExportsItsSurfaceRatherThanEveryCube() started.
trust	CorvidLabs Trust gate	2026-10-07T04:32:25.7084280Z ✔ Test sixtyFourSolidVolumeExportsItsSurfaceRatherThanEveryCube() passed after 1.954 seconds.
trust	CorvidLabs Trust gate	2026-10-07T04:32:25.7084830Z ◇ Test highCoordinatesExportAClosedSurfaceWithCorrectCenteredBounds() started.
trust	CorvidLabs Trust gate	2026-10-07T04:32:25.7085390Z ✔ Test highCoordinatesExportAClosedSurfaceWithCorrectCenteredBounds() passed after 0.035 seconds.
trust	CorvidLabs Trust gate	2026-10-07T04:32:25.7085930Z ◇ Test isolatedCubeVolumeFailsBeforeAllocatingAnUnboundedMesh() started.
trust	CorvidLabs Trust gate	2026-10-07T04:32:25.7086430Z ✔ Test isolatedCubeVolumeFailsBeforeAllocatingAnUnboundedMesh() passed after 0.174 seconds.
trust	CorvidLabs Trust gate	2026-10-07T04:32:25.7086910Z ◇ Test cancelledOBJExportDoesNotReturnAPartialMesh() started.
trust	CorvidLabs Trust gate	2026-10-07T04:32:25.7087350Z ✔ Test cancelledOBJExportDoesNotReturnAPartialMesh() passed after 0.001 seconds.
trust	CorvidLabs Trust gate	2026-10-07T04:32:25.7087860Z ◇ Test compactRoundTripPreservesEveryGlyphRectangularDimensionsAndTitle() started.
trust	CorvidLabs Trust gate	2026-10-07T04:32:25.7088460Z ✔ Test compactRoundTripPreservesEveryGlyphRectangularDimensionsAndTitle() passed after 0.001 seconds.
trust	CorvidLabs Trust gate	2026-10-07T04:32:25.7089050Z ◇ Test documentCodecAutodetectsFormatsAndLeavesReadableEncodingUnchanged() started.
trust	CorvidLabs Trust gate	2026-10-07T04:32:25.7089650Z ✔ Test documentCodecAutodetectsFormatsAndLeavesReadableEncodingUnchanged() passed after 0.005 seconds.
trust	CorvidLabs Trust gate	2026-10-07T04:32:25.7090260Z ◇ Test compactMaximumFilledVolumeRoundTripsWithExactDimensionsAndOccupancy() started.
trust	CorvidLabs Trust gate	2026-10-07T04:32:25.7090890Z ✔ Test compactMaximumFilledVolumeRoundTripsWithExactDimensionsAndOccupancy() passed after 9.787 seconds.
trust	CorvidLabs Trust gate	2026-10-07T04:32:25.7091550Z ◇ Test sparseCompactStorageIsSubstantiallySmallerThanRawVoxels() started.
trust	CorvidLabs Trust gate	2026-10-07T04:32:25.7092080Z ✔ Test sparseCompactStorageIsSubstantiallySmallerThanRawVoxels() passed after 0.072 seconds.
trust	CorvidLabs Trust gate	2026-10-07T04:32:25.7092690Z ◇ Test compactRejectsEmptyIncompleteAndCorruptedHeaders() started.
trust	CorvidLabs Trust gate	2026-10-07T04:32:25.7093160Z ✔ Test compactRejectsEmptyIncompleteAndCorruptedHeaders() passed after 0.001 seconds.
trust	CorvidLabs Trust gate	2026-10-07T04:32:25.7093690Z ◇ Test compactBoundsDimensionsTitleAndDeclaredCountsBeforeDecompression() started.
trust	CorvidLabs Trust gate	2026-10-07T04:32:25.7094280Z ✔ Test compactBoundsDimensionsTitleAndDeclaredCountsBeforeDecompression() passed after 0.005 seconds.
trust	CorvidLabs Trust gate	2026-10-07T04:32:25.7094810Z ◇ Test compactChecksumProtectsBothMetadataAndVoxelContent() started.
trust	CorvidLabs Trust gate	2026-10-07T04:32:25.7095410Z ✔ Test compactChecksumProtectsBothMetadataAndVoxelContent() passed after 0.001 seconds.
trust	CorvidLabs Trust gate	2026-10-07T04:32:25.7096030Z ◇ Test compactRejectsTruncationTrailingBytesAndConcatenatedStreamsEvenWithCorrectChecksums() started.
trust	CorvidLabs Trust gate	2026-10-07T04:32:25.7096790Z ✔ Test compactRejectsTruncationTrailingBytesAndConcatenatedStreamsEvenWithCorrectChecksums() passed after 0.001 seconds.
trust	CorvidLabs Trust gate	2026-10-07T04:32:25.7097470Z ◇ Test compactRejectsConcatenationAfterDrainingFourBufferedOutputChunks() started.
trust	CorvidLabs Trust gate	2026-10-07T04:32:25.7098060Z ✔ Test compactRejectsConcatenationAfterDrainingFourBufferedOutputChunks() passed after 0.035 seconds.
trust	CorvidLabs Trust gate	2026-10-07T04:32:25.7098690Z ◇ Test compactDecompressionRejectsExpansionBeyondTheDeclaredVolumeAndShortOutput() started.
trust	CorvidLabs Trust gate	2026-10-07T04:32:25.7099360Z ✔ Test compactDecompressionRejectsExpansionBeyondTheDeclaredVolumeAndShortOutput() passed after 0.001 seconds.
trust	CorvidLabs Trust gate	2026-10-07T04:32:25.7100000Z ◇ Test malformedCompressedStreamsFailWithoutUnboundedOutputOrNoProgressLoops() started.
trust	CorvidLabs Trust gate	2026-10-07T04:32:25.7100640Z ✔ Test malformedCompressedStreamsFailWithoutUnboundedOutputOrNoProgressLoops() passed after 0.002 seconds.
trust	CorvidLabs Trust gate	2026-10-07T04:32:25.7101220Z ◇ Test compactCodecCancellationDoesNotReturnPartialData(operation:) started.
trust	CorvidLabs Trust gate	2026-10-07T04:32:25.7101840Z ◇ Test case passing 1 argument operation → "encode" to compactCodecCancellationDoesNotReturnPartialData(operation:) started.
trust	CorvidLabs Trust gate	2026-10-07T04:32:25.7102580Z ◇ Test case passing 1 argument operation → "decode" to compactCodecCancellationDoesNotReturnPartialData(operation:) started.
trust	CorvidLabs Trust gate	2026-10-07T04:32:25.7103290Z ✔ Test compactCodecCancellationDoesNotReturnPartialData(operation:) with 2 test cases passed after 0.003 seconds.
trust	CorvidLabs Trust gate	2026-10-07T04:32:25.7103770Z ◇ Suite SculptureBlockWorldExamplesTests started.
trust	CorvidLabs Trust gate	2026-10-07T04:32:25.7104170Z ◇ Test chunkLibraryIsDeterministicAndExpandsToTheCompleteLandscape() started.
trust	CorvidLabs Trust gate	2026-10-07T04:32:25.7104730Z ✔ Test chunkLibraryIsDeterministicAndExpandsToTheCompleteLandscape() passed after 3.672 seconds.
trust	CorvidLabs Trust gate	2026-10-07T04:32:25.7105330Z ◇ Test adjacentChunksHaveContinuousGroundAndAConnectedRiverAcrossEveryDepthSeam() started.
trust	CorvidLabs Trust gate	2026-10-07T04:32:25.7105990Z ✔ Test adjacentChunksHaveContinuousGroundAndAConnectedRiverAcrossEveryDepthSeam() passed after 0.002 seconds.
trust	CorvidLabs Trust gate	2026-10-07T04:32:25.7106630Z ◇ Test landscapeHasDeepHillsWaterBanksCavesAndThreeDistinctTreeSilhouettes() started.
trust	CorvidLabs Trust gate	2026-10-07T04:32:25.7107240Z ✔ Test landscapeHasDeepHillsWaterBanksCavesAndThreeDistinctTreeSilhouettes() passed after 0.285 seconds.
trust	CorvidLabs Trust gate	2026-10-07T04:32:25.7107850Z ◇ Test villageAndLandmarksHaveUsableInteriorsDoorsWindowsCropsAndRoofs() started.
trust	CorvidLabs Trust gate	2026-10-07T04:32:25.7108430Z ✔ Test villageAndLandmarksHaveUsableInteriorsDoorsWindowsCropsAndRoofs() passed after 0.001 seconds.
trust	CorvidLabs Trust gate	2026-10-07T04:32:25.7109050Z ◇ Test sparsePlacementsUseExactlyAlignedChunkModelsAndStayWithinGeometryBudgets() started.
trust	CorvidLabs Trust gate	2026-10-07T04:32:25.7109700Z ✔ Test sparsePlacementsUseExactlyAlignedChunkModelsAndStayWithinGeometryBudgets() passed after 2.812 seconds.
trust	CorvidLabs Trust gate	2026-10-07T04:32:25.7110320Z ◇ Test canceledGenerationThrowsInsteadOfReturningAPartialLibraryOrWorld() started.
trust	CorvidLabs Trust gate	2026-10-07T04:32:25.7110920Z ✔ Test canceledGenerationThrowsInsteadOfReturningAPartialLibraryOrWorld() passed after 0.001 seconds.
trust	CorvidLabs Trust gate	2026-10-07T04:32:25.7111440Z ✔ Suite SculptureBlockWorldExamplesTests passed after 6.773 seconds.
trust	CorvidLabs Trust gate	2026-10-07T04:32:25.7112200Z ◇ Test commandsEncodeAsFlatTaggedObjectsAndRoundTrip() started.
trust	CorvidLabs Trust gate	2026-10-07T04:32:25.7112740Z ✔ Test commandsEncodeAsFlatTaggedObjectsAndRoundTrip() passed after 0.001 seconds.
trust	CorvidLabs Trust gate	2026-10-07T04:32:25.7113260Z ◇ Test strictCommandDecodingRejectsUnknownIrrelevantMissingAndWrongFields() started.
trust	CorvidLabs Trust gate	2026-10-07T04:32:25.7113870Z ✔ Test strictCommandDecodingRejectsUnknownIrrelevantMissingAndWrongFields() passed after 0.001 seconds.
trust	CorvidLabs Trust gate	2026-10-07T04:32:25.7114410Z ◇ Test batchVersionAndCommandCountAreRequiredAndBounded() started.
trust	CorvidLabs Trust gate	2026-10-07T04:32:25.7114880Z ✔ Test batchVersionAndCommandCountAreRequiredAndBounded() passed after 0.001 seconds.
trust	CorvidLabs Trust gate	2026-10-07T04:32:25.7115350Z ◇ Test paintEraseAndEmptyGlyphUseExactValidatedCoordinates() started.
trust	CorvidLabs Trust gate	2026-10-07T04:32:25.7115840Z ✔ Test paintEraseAndEmptyGlyphUseExactValidatedCoordinates() passed after 0.001 seconds.
trust	CorvidLabs Trust gate	2026-10-07T04:32:25.7116370Z ◇ Test invalidCellsAndGlyphsThrowRatherThanSilentlyIgnoreOrFallback() started.
trust	CorvidLabs Trust gate	2026-10-07T04:32:25.7116940Z ✔ Test invalidCellsAndGlyphsThrowRatherThanSilentlyIgnoreOrFallback() passed after 0.001 seconds.
trust	CorvidLabs Trust gate	2026-10-07T04:32:25.7117470Z ◇ Test fillVisitsOnlyFourConnectedMatchingCellsOnItsOwnSlice() started.
trust	CorvidLabs Trust gate	2026-10-07T04:32:25.7117980Z ✔ Test fillVisitsOnlyFourConnectedMatchingCellsOnItsOwnSlice() passed after 0.001 seconds.
trust	CorvidLabs Trust gate	2026-10-07T04:32:25.7118490Z ◇ Test fillCanPaintOrEraseEmptyRegionsWithoutCrossingABarrier() started.
trust	CorvidLabs Trust gate	2026-10-07T04:32:25.7119000Z ✔ Test fillCanPaintOrEraseEmptyRegionsWithoutCrossingABarrier() passed after 0.001 seconds.
trust	CorvidLabs Trust gate	2026-10-07T04:32:25.7119490Z ◇ Test clearingOneSliceLeavesOtherLayersAndTitleIntact() started.
trust	CorvidLabs Trust gate	2026-10-07T04:32:25.7119940Z ✔ Test clearingOneSliceLeavesOtherLayersAndTitleIntact() passed after 0.001 seconds.
trust	CorvidLabs Trust gate	2026-10-07T04:32:25.7120420Z ◇ Test rotationIsClockwiseBoundedAndRejectsRectangularSlices() started.
trust	CorvidLabs Trust gate	2026-10-07T04:32:25.7120920Z ✔ Test rotationIsClockwiseBoundedAndRejectsRectangularSlices() passed after 0.001 seconds.
trust	CorvidLabs Trust gate	2026-10-07T04:32:25.7121410Z ◇ Test renamePreservesGeometryAndRejectsInvalidTitles() started.
trust	CorvidLabs Trust gate	2026-10-07T04:32:25.7121860Z ✔ Test renamePreservesGeometryAndRejectsInvalidTitles() passed after 0.001 seconds.
trust	CorvidLabs Trust gate	2026-10-07T04:32:25.7122390Z ◇ Test batchesApplyInOrderAndFailAtomicallyWithoutChangingTheirSource() started.
trust	CorvidLabs Trust gate	2026-10-07T04:32:25.7122970Z ✔ Test batchesApplyInOrderAndFailAtomicallyWithoutChangingTheirSource() passed after 0.001 seconds.
trust	CorvidLabs Trust gate	2026-10-07T04:32:25.7123540Z ◇ Test inspectionIsCodableAndDescribesTheDocumentCoordinateSystem() started.
trust	CorvidLabs Trust gate	2026-10-07T04:32:25.7124100Z ✔ Test inspectionIsCodableAndDescribesTheDocumentCoordinateSystem() passed after 0.002 seconds.
trust	CorvidLabs Trust gate	2026-10-07T04:32:25.7124650Z ◇ Test complexCatalogAddsCharactersCreaturesArchitectureAndWorlds() started.
trust	CorvidLabs Trust gate	2026-10-07T04:32:25.7125190Z ✔ Test complexCatalogAddsCharactersCreaturesArchitectureAndWorlds() passed after 0.001 seconds.
trust	CorvidLabs Trust gate	2026-10-07T04:32:25.7125730Z ◇ Test largeExamplesStayEditableAndBoundedForMeshAndMediaExport(id:) started.
trust	CorvidLabs Trust gate	2026-10-07T04:32:25.7126410Z ◇ Test case passing 1 argument id → "wandering-cartographer" to largeExamplesStayEditableAndBoundedForMeshAndMediaExport(id:) started.
trust	CorvidLabs Trust gate	2026-10-07T04:32:25.7127210Z ◇ Test case passing 1 argument id → "clockwork-dragon" to largeExamplesStayEditableAndBoundedForMeshAndMediaExport(id:) started.
trust	CorvidLabs Trust gate	2026-10-07T04:32:25.7127960Z ◇ Test case passing 1 argument id → "woodland-fox" to largeExamplesStayEditableAndBoundedForMeshAndMediaExport(id:) started.
trust	CorvidLabs Trust gate	2026-10-07T04:32:25.7128700Z ◇ Test case passing 1 argument id → "deep-sea-whale" to largeExamplesStayEditableAndBoundedForMeshAndMediaExport(id:) started.
trust	CorvidLabs Trust gate	2026-10-07T04:32:25.7129460Z ◇ Test case passing 1 argument id → "citadel-of-arches" to largeExamplesStayEditableAndBoundedForMeshAndMediaExport(id:) started.
trust	CorvidLabs Trust gate	2026-10-07T04:32:25.7135150Z ◇ Test case passing 1 argument id → "sky-island-village" to largeExamplesStayEditableAndBoundedForMeshAndMediaExport(id:) started.
trust	CorvidLabs Trust gate	2026-10-07T04:32:25.7136020Z ◇ Test case passing 1 argument id → "canyon-waterfall" to largeExamplesStayEditableAndBoundedForMeshAndMediaExport(id:) started.
trust	CorvidLabs Trust gate	2026-10-07T04:32:25.7136990Z ◇ Test case passing 1 argument id → "moonlit-harbor" to largeExamplesStayEditableAndBoundedForMeshAndMediaExport(id:) started.
trust	CorvidLabs Trust gate	2026-10-07T04:32:25.7137810Z ✔ Test largeExamplesStayEditableAndBoundedForMeshAndMediaExport(id:) with 8 test cases passed after 1.097 seconds.
trust	CorvidLabs Trust gate	2026-10-07T04:32:25.7138350Z ◇ Test cartographerHasFaceMapStaffAndSeparatedLegs() started.
trust	CorvidLabs Trust gate	2026-10-07T04:32:25.7138800Z ✔ Test cartographerHasFaceMapStaffAndSeparatedLegs() passed after 0.001 seconds.
trust	CorvidLabs Trust gate	2026-10-07T04:32:25.7139240Z ◇ Test dragonHasMirroredRaisedWingsHornsAndAnOpenJaw() started.
trust	CorvidLabs Trust gate	2026-10-07T04:32:25.7139700Z ✔ Test dragonHasMirroredRaisedWingsHornsAndAnOpenJaw() passed after 0.001 seconds.
trust	CorvidLabs Trust gate	2026-10-07T04:32:25.7140150Z ◇ Test foxHasTwoEarTipsLongMuzzleAndSeparatedFrontPaws() started.
trust	CorvidLabs Trust gate	2026-10-07T04:32:25.7140620Z ✔ Test foxHasTwoEarTipsLongMuzzleAndSeparatedFrontPaws() passed after 0.001 seconds.
trust	CorvidLabs Trust gate	2026-10-07T04:32:25.7141090Z ◇ Test whaleHasWideNotchedFlukeFlippersAndBranchingSpout() started.
trust	CorvidLabs Trust gate	2026-10-07T04:32:25.7141580Z ✔ Test whaleHasWideNotchedFlukeFlippersAndBranchingSpout() passed after 0.001 seconds.
trust	CorvidLabs Trust gate	2026-10-07T04:32:25.7142080Z ◇ Test citadelHasTraversableGateCourtyardAndHollowTowerRooms() started.
trust	CorvidLabs Trust gate	2026-10-07T04:32:25.7142590Z ✔ Test citadelHasTraversableGateCourtyardAndHollowTowerRooms() passed after 0.001 seconds.
trust	CorvidLabs Trust gate	2026-10-07T04:32:25.7143110Z ◇ Test skyVillageHasSuspendedTerrainBridgesAndWindmillAboveHomes() started.
trust	CorvidLabs Trust gate	2026-10-07T04:32:25.7143660Z ✔ Test skyVillageHasSuspendedTerrainBridgesAndWindmillAboveHomes() passed after 0.001 seconds.
trust	CorvidLabs Trust gate	2026-10-07T04:32:25.7144140Z ◇ Test canyonHasFlowingWaterOpenArchAndCarvedCave() started.
trust	CorvidLabs Trust gate	2026-10-07T04:32:25.7144560Z ✔ Test canyonHasFlowingWaterOpenArchAndCarvedCave() passed after 0.001 seconds.
trust	CorvidLabs Trust gate	2026-10-07T04:32:25.7145030Z ◇ Test harborHasSailsLightedLanternOpenHomesAndCrescentMoon() started.
trust	CorvidLabs Trust gate	2026-10-07T04:32:25.7145540Z ✔ Test harborHasSailsLightedLanternOpenHomesAndCrescentMoon() passed after 0.001 seconds.
trust	CorvidLabs Trust gate	2026-10-07T04:32:25.7145950Z ◇ Suite "Composition example" started.
trust	CorvidLabs Trust gate	2026-10-07T04:32:25.7146210Z ◇ Test startersAreBoundedAndIndependent() started.
trust	CorvidLabs Trust gate	2026-10-07T04:32:25.7146590Z ✔ Test startersAreBoundedAndIndependent() passed after 0.001 seconds.
trust	CorvidLabs Trust gate	2026-10-07T04:32:25.7147000Z ◇ Test repeatedNestedReferencesRoundTripAndExpandExactly() started.
trust	CorvidLabs Trust gate	2026-10-07T04:32:25.7147480Z ✔ Test repeatedNestedReferencesRoundTripAndExpandExactly() passed after 0.208 seconds.
trust	CorvidLabs Trust gate	2026-10-07T04:32:25.7148040Z ◇ Test sparseWorldExamplePreservesTrillionCellDistancesWithoutDenseAllocation() started.
trust	CorvidLabs Trust gate	2026-10-07T04:32:25.7148690Z ✔ Test sparseWorldExamplePreservesTrillionCellDistancesWithoutDenseAllocation() passed after 0.020 seconds.
trust	CorvidLabs Trust gate	2026-10-07T04:32:25.7149200Z ✔ Suite "Composition example" passed after 0.229 seconds.
trust	CorvidLabs Trust gate	2026-10-07T04:32:25.7149490Z ◇ Suite SculptureCompositionTests started.
trust	CorvidLabs Trust gate	2026-10-07T04:32:25.7149870Z ◇ Test tileBlocksPreserveDepthPaddingAndAllFourRectangularRotations() started.
trust	CorvidLabs Trust gate	2026-10-07T04:32:25.7150440Z ✔ Test tileBlocksPreserveDepthPaddingAndAllFourRectangularRotations() passed after 0.001 seconds.
trust	CorvidLabs Trust gate	2026-10-07T04:32:25.7151090Z ◇ Test nestedModelsResolveByGlobalIDAndPeriodsReserveEmptyBlocks() started.
trust	CorvidLabs Trust gate	2026-10-07T04:32:25.7152010Z ✔ Test nestedModelsResolveByGlobalIDAndPeriodsReserveEmptyBlocks() passed after 0.001 seconds.
trust	CorvidLabs Trust gate	2026-10-07T04:32:25.7152520Z ◇ Test validationRejectsUnusedMissingReferencesAndCycles() started.
trust	CorvidLabs Trust gate	2026-10-07T04:32:25.7152990Z ✔ Test validationRejectsUnusedMissingReferencesAndCycles() passed after 0.001 seconds.
trust	CorvidLabs Trust gate	2026-10-07T04:32:25.7153890Z ◇ Test invalidBindingsGridsIDsAndRootAreExplicitFailures() started.
trust	CorvidLabs Trust gate	2026-10-07T04:32:25.7155280Z ✔ Test invalidBindingsGridsIDsAndRootAreExplicitFailures() passed after 0.001 seconds.
trust	CorvidLabs Trust gate	2026-10-07T04:32:25.7155990Z ◇ Test dimensionsAndRotatedChildFitNeverCropOrOverflow() started.
trust	CorvidLabs Trust gate	2026-10-07T04:32:25.7156500Z ✔ Test dimensionsAndRotatedChildFitNeverCropOrOverflow() passed after 0.001 seconds.
trust	CorvidLabs Trust gate	2026-10-07T04:32:25.7157090Z ◇ Test modelAndDependencyDepthLimitsHaveAcceptedBoundaryCases() started.
trust	CorvidLabs Trust gate	2026-10-07T04:32:25.7157890Z ✔ Test modelAndDependencyDepthLimitsHaveAcceptedBoundaryCases() passed after 0.001 seconds.
trust	CorvidLabs Trust gate	2026-10-07T04:32:25.7158780Z ◇ Test recursivePlacementLimitIncludesRepeatedNestedOccurrences() started.
trust	CorvidLabs Trust gate	2026-10-07T04:32:25.7159440Z ✔ Test recursivePlacementLimitIncludesRepeatedNestedOccurrences() passed after 0.106 seconds.
trust	CorvidLabs Trust gate	2026-10-07T04:32:25.7162950Z ◇ Test resolvedVolumeBudgetCountsDistinctUnusedModelsBeforeExpansion() started.
trust	CorvidLabs Trust gate	2026-10-07T04:32:25.7163570Z ✔ Test resolvedVolumeBudgetCountsDistinctUnusedModelsBeforeExpansion() passed after 2.144 seconds.
trust	CorvidLabs Trust gate	2026-10-07T04:32:25.7164110Z ◇ Test canonicalCodecPreservesTheGraphAndExpandedResult() started.
trust	CorvidLabs Trust gate	2026-10-07T04:32:25.7164590Z ✔ Test canonicalCodecPreservesTheGraphAndExpandedResult() passed after 0.001 seconds.
trust	CorvidLabs Trust gate	2026-10-07T04:32:25.7165110Z ◇ Test fenceLookingRowsAndDirectiveLookingCharactersRoundTripExactly() started.
trust	CorvidLabs Trust gate	2026-10-07T04:32:25.7165690Z ✔ Test fenceLookingRowsAndDirectiveLookingCharactersRoundTripExactly() passed after 0.001 seconds.
trust	CorvidLabs Trust gate	2026-10-07T04:32:25.7166290Z ◇ Test unknownAndOverwrittenMetadataPlaneAttributesAndBindingAliasesFail() started.
trust	CorvidLabs Trust gate	2026-10-07T04:32:25.7166920Z ✔ Test unknownAndOverwrittenMetadataPlaneAttributesAndBindingAliasesFail() passed after 0.001 seconds.
trust	CorvidLabs Trust gate	2026-10-07T04:32:25.7167530Z ◇ Test libraryRejectsUnknownKeysDuplicateKeysDuplicateIDsAndNestedLibraries() started.
trust	CorvidLabs Trust gate	2026-10-07T04:32:25.7168170Z ✔ Test libraryRejectsUnknownKeysDuplicateKeysDuplicateIDsAndNestedLibraries() passed after 0.001 seconds.
trust	CorvidLabs Trust gate	2026-10-07T04:32:25.7168790Z ◇ Test decoderBoundsPhysicalLinesBytesJSONDepthAndDirectiveAllocations() started.
trust	CorvidLabs Trust gate	2026-10-07T04:32:25.7169370Z ✔ Test decoderBoundsPhysicalLinesBytesJSONDepthAndDirectiveAllocations() passed after 0.077 seconds.
trust	CorvidLabs Trust gate	2026-10-07T04:32:25.7169970Z ◇ Test nativeEncodingSharesTheDecodeLineBudgetSoEveryAcceptedSaveReopens() started.
trust	CorvidLabs Trust gate	2026-10-07T04:32:25.7170580Z ✔ Test nativeEncodingSharesTheDecodeLineBudgetSoEveryAcceptedSaveReopens() passed after 1.007 seconds.
trust	CorvidLabs Trust gate	2026-10-07T04:32:25.7171200Z ◇ Test cancellationRejectsEncodingDecodingAndExpansionWithoutPartialOutput() started.
trust	CorvidLabs Trust gate	2026-10-07T04:32:25.7171830Z ✔ Test cancellationRejectsEncodingDecodingAndExpansionWithoutPartialOutput() passed after 0.001 seconds.
trust	CorvidLabs Trust gate	2026-10-07T04:32:25.7172350Z ✔ Suite SculptureCompositionTests passed after 3.344 seconds.
trust	CorvidLabs Trust gate	2026-10-07T04:32:25.7172750Z ◇ Test exampleCatalogOffersDistinctSculpturesAndSpatialMaps() started.
trust	CorvidLabs Trust gate	2026-10-07T04:32:25.7173260Z ✔ Test exampleCatalogOffersDistinctSculpturesAndSpatialMaps() passed after 0.039 seconds.
trust	CorvidLabs Trust gate	2026-10-07T04:32:25.7173740Z ◇ Test everyExampleOpensThroughTheRealThreeMDCodec(id:) started.
trust	CorvidLabs Trust gate	2026-10-07T04:32:25.7174270Z ◇ Test case passing 1 argument id → "character-orb" to everyExampleOpensThroughTheRealThreeMDCodec(id:) started.
trust	CorvidLabs Trust gate	2026-10-07T04:32:25.7174910Z ◇ Test case passing 1 argument id → "woven-torus" to everyExampleOpensThroughTheRealThreeMDCodec(id:) started.
trust	CorvidLabs Trust gate	2026-10-07T04:32:25.7175540Z ◇ Test case passing 1 argument id → "moon-gate" to everyExampleOpensThroughTheRealThreeMDCodec(id:) started.
trust	CorvidLabs Trust gate	2026-10-07T04:32:25.7176460Z ◇ Test case passing 1 argument id → "spiral-tower" to everyExampleOpensThroughTheRealThreeMDCodec(id:) started.
trust	CorvidLabs Trust gate	2026-10-07T04:32:25.7177280Z ◇ Test case passing 1 argument id → "crystal-garden" to everyExampleOpensThroughTheRealThreeMDCodec(id:) started.
trust	CorvidLabs Trust gate	2026-10-07T04:32:25.7177920Z ◇ Test case passing 1 argument id → "little-rocket" to everyExampleOpensThroughTheRealThreeMDCodec(id:) started.
trust	CorvidLabs Trust gate	2026-10-07T04:32:25.7178560Z ◇ Test case passing 1 argument id → "pixel-bonsai" to everyExampleOpensThroughTheRealThreeMDCodec(id:) started.
trust	CorvidLabs Trust gate	2026-10-07T04:32:25.7179200Z ◇ Test case passing 1 argument id → "orbital-rings" to everyExampleOpensThroughTheRealThreeMDCodec(id:) started.
trust	CorvidLabs Trust gate	2026-10-07T04:32:25.7179860Z ◇ Test case passing 1 argument id → "hill-observatory" to everyExampleOpensThroughTheRealThreeMDCodec(id:) started.
trust	CorvidLabs Trust gate	2026-10-07T04:32:25.7180520Z ◇ Test case passing 1 argument id → "terraced-island" to everyExampleOpensThroughTheRealThreeMDCodec(id:) started.
trust	CorvidLabs Trust gate	2026-10-07T04:32:25.7181170Z ◇ Test case passing 1 argument id → "canal-city" to everyExampleOpensThroughTheRealThreeMDCodec(id:) started.
trust	CorvidLabs Trust gate	2026-10-07T04:32:25.7181810Z ◇ Test case passing 1 argument id → "alpine-valley" to everyExampleOpensThroughTheRealThreeMDCodec(id:) started.
trust	CorvidLabs Trust gate	2026-10-07T04:32:25.7182490Z ◇ Test case passing 1 argument id → "wandering-cartographer" to everyExampleOpensThroughTheRealThreeMDCodec(id:) started.
trust	CorvidLabs Trust gate	2026-10-07T04:32:25.7183180Z ◇ Test case passing 1 argument id → "clockwork-dragon" to everyExampleOpensThroughTheRealThreeMDCodec(id:) started.
trust	CorvidLabs Trust gate	2026-10-07T04:32:25.7183830Z ◇ Test case passing 1 argument id → "woodland-fox" to everyExampleOpensThroughTheRealThreeMDCodec(id:) started.
trust	CorvidLabs Trust gate	2026-10-07T04:32:25.7184470Z ◇ Test case passing 1 argument id → "deep-sea-whale" to everyExampleOpensThroughTheRealThreeMDCodec(id:) started.
trust	CorvidLabs Trust gate	2026-10-07T04:32:25.7185180Z ◇ Test case passing 1 argument id → "citadel-of-arches" to everyExampleOpensThroughTheRealThreeMDCodec(id:) started.
trust	CorvidLabs Trust gate	2026-10-07T04:32:25.7185900Z ◇ Test case passing 1 argument id → "sky-island-village" to everyExampleOpensThroughTheRealThreeMDCodec(id:) started.
trust	CorvidLabs Trust gate	2026-10-07T04:32:25.7186600Z ◇ Test case passing 1 argument id → "canyon-waterfall" to everyExampleOpensThroughTheRealThreeMDCodec(id:) started.
trust	CorvidLabs Trust gate	2026-10-07T04:32:25.7187280Z ◇ Test case passing 1 argument id → "moonlit-harbor" to everyExampleOpensThroughTheRealThreeMDCodec(id:) started.
trust	CorvidLabs Trust gate	2026-10-07T04:32:25.7187950Z ◇ Test case passing 1 argument id → "grand-solar-system" to everyExampleOpensThroughTheRealThreeMDCodec(id:) started.
trust	CorvidLabs Trust gate	2026-10-07T04:32:25.7188610Z ✔ Test everyExampleOpensThroughTheRealThreeMDCodec(id:) with 21 test cases passed after 4.063 seconds.
trust	CorvidLabs Trust gate	2026-10-07T04:32:25.7189140Z ◇ Test shippedThreeMDExamplesMatchTheEditableCatalog(id:) started.
trust	CorvidLabs Trust gate	2026-10-07T04:32:25.7189690Z ◇ Test case passing 1 argument id → "character-orb" to shippedThreeMDExamplesMatchTheEditableCatalog(id:) started.
trust	CorvidLabs Trust gate	2026-10-07T04:32:25.7190360Z ◇ Test case passing 1 argument id → "woven-torus" to shippedThreeMDExamplesMatchTheEditableCatalog(id:) started.
trust	CorvidLabs Trust gate	2026-10-07T04:32:25.7191010Z ◇ Test case passing 1 argument id → "moon-gate" to shippedThreeMDExamplesMatchTheEditableCatalog(id:) started.
trust	CorvidLabs Trust gate	2026-10-07T04:32:25.7191670Z ◇ Test case passing 1 argument id → "spiral-tower" to shippedThreeMDExamplesMatchTheEditableCatalog(id:) started.
trust	CorvidLabs Trust gate	2026-10-07T04:32:25.7192320Z ◇ Test case passing 1 argument id → "crystal-garden" to shippedThreeMDExamplesMatchTheEditableCatalog(id:) started.
trust	CorvidLabs Trust gate	2026-10-07T04:32:25.7192980Z ◇ Test case passing 1 argument id → "little-rocket" to shippedThreeMDExamplesMatchTheEditableCatalog(id:) started.
trust	CorvidLabs Trust gate	2026-10-07T04:32:25.7193640Z ◇ Test case passing 1 argument id → "pixel-bonsai" to shippedThreeMDExamplesMatchTheEditableCatalog(id:) started.
trust	CorvidLabs Trust gate	2026-10-07T04:32:25.7194290Z ◇ Test case passing 1 argument id → "orbital-rings" to shippedThreeMDExamplesMatchTheEditableCatalog(id:) started.
trust	CorvidLabs Trust gate	2026-10-07T04:32:25.7194960Z ◇ Test case passing 1 argument id → "hill-observatory" to shippedThreeMDExamplesMatchTheEditableCatalog(id:) started.
trust	CorvidLabs Trust gate	2026-10-07T04:32:25.7195910Z ◇ Test case passing 1 argument id → "terraced-island" to shippedThreeMDExamplesMatchTheEditableCatalog(id:) started.
trust	CorvidLabs Trust gate	2026-10-07T04:32:25.7196690Z ◇ Test case passing 1 argument id → "canal-city" to shippedThreeMDExamplesMatchTheEditableCatalog(id:) started.
trust	CorvidLabs Trust gate	2026-10-07T04:32:25.7197340Z ◇ Test case passing 1 argument id → "alpine-valley" to shippedThreeMDExamplesMatchTheEditableCatalog(id:) started.
trust	CorvidLabs Trust gate	2026-10-07T04:32:25.7198030Z ◇ Test case passing 1 argument id → "wandering-cartographer" to shippedThreeMDExamplesMatchTheEditableCatalog(id:) started.
trust	CorvidLabs Trust gate	2026-10-07T04:32:25.7198740Z ◇ Test case passing 1 argument id → "clockwork-dragon" to shippedThreeMDExamplesMatchTheEditableCatalog(id:) started.
trust	CorvidLabs Trust gate	2026-10-07T04:32:25.7199410Z ◇ Test case passing 1 argument id → "woodland-fox" to shippedThreeMDExamplesMatchTheEditableCatalog(id:) started.
trust	CorvidLabs Trust gate	2026-10-07T04:32:25.7200090Z ◇ Test case passing 1 argument id → "deep-sea-whale" to shippedThreeMDExamplesMatchTheEditableCatalog(id:) started.
trust	CorvidLabs Trust gate	2026-10-07T04:32:25.7200770Z ◇ Test case passing 1 argument id → "citadel-of-arches" to shippedThreeMDExamplesMatchTheEditableCatalog(id:) started.
trust	CorvidLabs Trust gate	2026-10-07T04:32:25.7201460Z ◇ Test case passing 1 argument id → "sky-island-village" to shippedThreeMDExamplesMatchTheEditableCatalog(id:) started.
trust	CorvidLabs Trust gate	2026-10-07T04:32:25.7202140Z ◇ Test case passing 1 argument id → "canyon-waterfall" to shippedThreeMDExamplesMatchTheEditableCatalog(id:) started.
trust	CorvidLabs Trust gate	2026-10-07T04:32:25.7202820Z ◇ Test case passing 1 argument id → "moonlit-harbor" to shippedThreeMDExamplesMatchTheEditableCatalog(id:) started.
trust	CorvidLabs Trust gate	2026-10-07T04:32:25.7203500Z ◇ Test case passing 1 argument id → "grand-solar-system" to shippedThreeMDExamplesMatchTheEditableCatalog(id:) started.
trust	CorvidLabs Trust gate	2026-10-07T04:32:25.7204160Z ✔ Test shippedThreeMDExamplesMatchTheEditableCatalog(id:) with 21 test cases passed after 3.506 seconds.
trust	CorvidLabs Trust gate	2026-10-07T04:32:25.7204670Z ◇ Test exampleShapesKeepTheirCharacteristicOpenSpaces() started.
trust	CorvidLabs Trust gate	2026-10-07T04:32:25.7205140Z ✔ Test exampleShapesKeepTheirCharacteristicOpenSpaces() passed after 0.001 seconds.
trust	CorvidLabs Trust gate	2026-10-07T04:32:25.7205610Z ◇ Test mapExamplesHaveElevationAndUseCharacterMaterials() started.
trust	CorvidLabs Trust gate	2026-10-07T04:32:25.7206080Z ✔ Test mapExamplesHaveElevationAndUseCharacterMaterials() passed after 0.010 seconds.
trust	CorvidLabs Trust gate	2026-10-07T04:32:25.7206490Z ◇ Suite SculptureInsertionPlanTests started.
trust	CorvidLabs Trust gate	2026-10-07T04:32:25.7206860Z ◇ Test naturalFilenameOrderIsDeterministicForAnySelectionOrder() started.
trust	CorvidLabs Trust gate	2026-10-07T04:32:25.7207390Z ✔ Test naturalFilenameOrderIsDeterministicForAnySelectionOrder() passed after 0.001 seconds.
trust	CorvidLabs Trust gate	2026-10-07T04:32:25.7207910Z ◇ Test onlyReadableAndCompactFilesAreInsertableInAnyLetterCase() started.
trust	CorvidLabs Trust gate	2026-10-07T04:32:25.7208440Z ✔ Test onlyReadableAndCompactFilesAreInsertableInAnyLetterCase() passed after 0.001 seconds.
trust	CorvidLabs Trust gate	2026-10-07T04:32:25.7208960Z ◇ Test countsCellsGlyphsAndModelsAreRefusedBeforeAnyFileIsRead() started.
trust	CorvidLabs Trust gate	2026-10-07T04:32:25.7209490Z ✔ Test countsCellsGlyphsAndModelsAreRefusedBeforeAnyFileIsRead() passed after 0.002 seconds.
trust	CorvidLabs Trust gate	2026-10-07T04:32:25.7209970Z ◇ Test worldPlansBoundPlacementsAndHaveNoTileFit() started.
trust	CorvidLabs Trust gate	2026-10-07T04:32:25.7210400Z ✔ Test worldPlansBoundPlacementsAndHaveNoTileFit() passed after 0.170 seconds.
trust	CorvidLabs Trust gate	2026-10-07T04:32:25.7210850Z ◇ Test aggregateBytesAreBudgetedAcrossFilesAndRefuseByName() started.
trust	CorvidLabs Trust gate	2026-10-07T04:32:25.7211350Z ✔ Test aggregateBytesAreBudgetedAcrossFilesAndRefuseByName() passed after 0.001 seconds.
trust	CorvidLabs Trust gate	2026-10-07T04:32:25.7211880Z ◇ Test decodeNamesTheSourceForWorldsGenericMarkdownAndMalformedInput() started.
trust	CorvidLabs Trust gate	2026-10-07T04:32:25.7212450Z ✔ Test decodeNamesTheSourceForWorldsGenericMarkdownAndMalformedInput() passed after 0.001 seconds.
trust	CorvidLabs Trust gate	2026-10-07T04:32:25.7213080Z ◇ Test admittedFilesAreCheckedForFitAndCumulativeModelCountRightAfterTheirOwnDecode() started.
trust	CorvidLabs Trust gate	2026-10-07T04:32:25.7213770Z ✔ Test admittedFilesAreCheckedForFitAndCumulativeModelCountRightAfterTheirOwnDecode() passed after 0.015 seconds.
trust	CorvidLabs Trust gate	2026-10-07T04:32:25.7214430Z ◇ Test compactHeaderFitIsRefusedBeforeDecompressionAndOnlyForSupportedHeaders() started.
trust	CorvidLabs Trust gate	2026-10-07T04:32:25.7215280Z ✔ Test compactHeaderFitIsRefusedBeforeDecompressionAndOnlyForSupportedHeaders() passed after 0.002 seconds.
trust	CorvidLabs Trust gate	2026-10-07T04:32:25.7216040Z ◇ Test resolvedVolumeIsBudgetedFromTheParentLibraryAndRefusedByNameBeforeDecoding() started.
trust	CorvidLabs Trust gate	2026-10-07T04:32:25.7216730Z ✔ Test resolvedVolumeIsBudgetedFromTheParentLibraryAndRefusedByNameBeforeDecoding() passed after 0.001 seconds.
trust	CorvidLabs Trust gate	2026-10-07T04:32:25.7217350Z ◇ Test resolvedVolumeAccumulatesAcrossAdmittedInputsWithoutAnyParent() started.
trust	CorvidLabs Trust gate	2026-10-07T04:32:25.7217920Z ✔ Test resolvedVolumeAccumulatesAcrossAdmittedInputsWithoutAnyParent() passed after 0.001 seconds.
trust	CorvidLabs Trust gate	2026-10-07T04:32:25.7218420Z ✔ Suite SculptureInsertionPlanTests passed after 0.194 seconds.
trust	CorvidLabs Trust gate	2026-10-07T04:32:25.7218740Z ◇ Suite SculptureLinkedBundleTests started.
trust	CorvidLabs Trust gate	2026-10-07T04:32:25.7219120Z ◇ Test readableAndBinaryBundlesRoundTripWithoutTheProjectFolder() started.
trust	CorvidLabs Trust gate	2026-10-07T04:32:25.7219650Z ✔ Test readableAndBinaryBundlesRoundTripWithoutTheProjectFolder() passed after 0.073 seconds.
trust	CorvidLabs Trust gate	2026-10-07T04:32:25.7220210Z ◇ Test aBundleProducedDirectlyByThreeMDResolutionOpensAsAComposition() started.
trust	CorvidLabs Trust gate	2026-10-07T04:32:25.7220800Z ✔ Test aBundleProducedDirectlyByThreeMDResolutionOpensAsAComposition() passed after 0.026 seconds.
trust	CorvidLabs Trust gate	2026-10-07T04:32:25.7221370Z ◇ Test sourceFileIsNeverFollowedAndOtherReferenceAttributesAreIgnored() started.
trust	CorvidLabs Trust gate	2026-10-07T04:32:25.7221950Z ✔ Test sourceFileIsNeverFollowedAndOtherReferenceAttributesAreIgnored() passed after 0.034 seconds.
trust	CorvidLabs Trust gate	2026-10-07T04:32:25.7222480Z ◇ Test aBundledLinkedEntryMustBeAVersionOneSpaceDocument() started.
trust	CorvidLabs Trust gate	2026-10-07T04:32:25.7222960Z ✔ Test aBundledLinkedEntryMustBeAVersionOneSpaceDocument() passed after 0.031 seconds.
trust	CorvidLabs Trust gate	2026-10-07T04:32:25.7223470Z ◇ Test editedBundleScenesSaveAsCompositionsWithoutLinkedMetadata() started.
trust	CorvidLabs Trust gate	2026-10-07T04:32:25.7224010Z ✔ Test editedBundleScenesSaveAsCompositionsWithoutLinkedMetadata() passed after 0.035 seconds.
trust	CorvidLabs Trust gate	2026-10-07T04:32:25.7224490Z ✔ Suite SculptureLinkedBundleTests passed after 0.202 seconds.
trust	CorvidLabs Trust gate	2026-10-07T04:32:25.7224810Z ◇ Suite SculptureLinkedCodecTests started.
trust	CorvidLabs Trust gate	2026-10-07T04:32:25.7225230Z ◇ Test ledgerIsSingleLineSortedJSONThatRoundTripsQuotesBackslashesAndNFCPaths() started.
trust	CorvidLabs Trust gate	2026-10-07T04:32:25.7225890Z ✔ Test ledgerIsSingleLineSortedJSONThatRoundTripsQuotesBackslashesAndNFCPaths() passed after 0.001 seconds.
trust	CorvidLabs Trust gate	2026-10-07T04:32:25.7226480Z ◇ Test ledgerRefusesSpacesPeriodsMultiCharacterKeysAndEmptyPaths() started.
trust	CorvidLabs Trust gate	2026-10-07T04:32:25.7227030Z ✔ Test ledgerRefusesSpacesPeriodsMultiCharacterKeysAndEmptyPaths() passed after 0.001 seconds.
trust	CorvidLabs Trust gate	2026-10-07T04:32:25.7227540Z ◇ Test linkedRootRoundTripsExactlyWithTurnsAndFenceLikeRows() started.
trust	CorvidLabs Trust gate	2026-10-07T04:32:25.7228040Z ✔ Test linkedRootRoundTripsExactlyWithTurnsAndFenceLikeRows() passed after 0.001 seconds.
trust	CorvidLabs Trust gate	2026-10-07T04:32:25.7228600Z ◇ Test everyPlacedByteMustBeLinkedAndLinkCharactersExcludeSpacesAndPeriods() started.
trust	CorvidLabs Trust gate	2026-10-07T04:32:25.7229220Z ✔ Test everyPlacedByteMustBeLinkedAndLinkCharactersExcludeSpacesAndPeriods() passed after 0.001 seconds.
trust	CorvidLabs Trust gate	2026-10-07T04:32:25.7229770Z ◇ Test decodingRequiresExactMetadataATitleAndNoPreamble() started.
trust	CorvidLabs Trust gate	2026-10-07T04:32:25.7230250Z ✔ Test decodingRequiresExactMetadataATitleAndNoPreamble() passed after 0.106 seconds.
trust	CorvidLabs Trust gate	2026-10-07T04:32:25.7230830Z ◇ Test sceneReaderAsksForAProjectFolderAfterExistingKindsAndRefusesBinaryRootsByName() started.
trust	CorvidLabs Trust gate	2026-10-07T04:32:25.7231540Z ✔ Test sceneReaderAsksForAProjectFolderAfterExistingKindsAndRefusesBinaryRootsByName() passed after 0.001 seconds.
trust	CorvidLabs Trust gate	2026-10-07T04:32:25.7232170Z ◇ Test detectionScansTheWholeFrontmatterBeyondTheExistingPrefixWindow() started.
trust	CorvidLabs Trust gate	2026-10-07T04:32:25.7232750Z ✔ Test detectionScansTheWholeFrontmatterBeyondTheExistingPrefixWindow() passed after 0.055 seconds.
trust	CorvidLabs Trust gate	2026-10-07T04:32:25.7233250Z ◇ Test linkedErrorMessagesNameProjectPathsAndLimits() started.
trust	CorvidLabs Trust gate	2026-10-07T04:32:25.7233700Z ✔ Test linkedErrorMessagesNameProjectPathsAndLimits() passed after 0.001 seconds.
trust	CorvidLabs Trust gate	2026-10-07T04:32:25.7234130Z ◇ Test existingKindsKeepTheirDetectionAndMessages() started.
trust	CorvidLabs Trust gate	2026-10-07T04:32:25.7234710Z ✔ Test existingKindsKeepTheirDetectionAndMessages() passed after 0.009 seconds.
trust	CorvidLabs Trust gate	2026-10-07T04:32:25.7235310Z ✔ Suite SculptureLinkedCodecTests passed after 0.177 seconds.
trust	CorvidLabs Trust gate	2026-10-07T04:32:25.7235630Z ◇ Suite SculptureLinkedResolverTests started.
trust	CorvidLabs Trust gate	2026-10-07T04:32:25.7236030Z ◇ Test resolvesOnlyReachableFilesIntoACompositionWithPathsAndDigests() started.
trust	CorvidLabs Trust gate	2026-10-07T04:32:25.7236610Z ✔ Test resolvesOnlyReachableFilesIntoACompositionWithPathsAndDigests() passed after 0.005 seconds.
trust	CorvidLabs Trust gate	2026-10-07T04:32:25.7237090Z ◇ Test theRootCanBeReadThroughTheSameReader() started.
trust	CorvidLabs Trust gate	2026-10-07T04:32:25.7237470Z ✔ Test theRootCanBeReadThroughTheSameReader() passed after 0.004 seconds.
trust	CorvidLabs Trust gate	2026-10-07T04:32:25.7237910Z ◇ Test aSharedChildIsReadOnceAcrossGlyphsAndNestedLinkedRoots() started.
trust	CorvidLabs Trust gate	2026-10-07T04:32:25.7238430Z ✔ Test aSharedChildIsReadOnceAcrossGlyphsAndNestedLinkedRoots() passed after 0.003 seconds.
trust	CorvidLabs Trust gate	2026-10-07T04:32:25.7238930Z ◇ Test missingFilesAndReaderFailuresNameTheProjectPath() started.
trust	CorvidLabs Trust gate	2026-10-07T04:32:25.7239410Z ✔ Test missingFilesAndReaderFailuresNameTheProjectPath() passed after 0.001 seconds.
trust	CorvidLabs Trust gate	2026-10-07T04:32:25.7239860Z ◇ Test cyclesAreReportedAsChainsOfProjectPaths() started.
trust	CorvidLabs Trust gate	2026-10-07T04:32:25.7240270Z ✔ Test cyclesAreReportedAsChainsOfProjectPaths() passed after 0.001 seconds.
trust	CorvidLabs Trust gate	2026-10-07T04:32:25.7240740Z ◇ Test invalidAndEscapingPathsAreRefusedNamingTheLinkingFile() started.
trust	CorvidLabs Trust gate	2026-10-07T04:32:25.7241250Z ✔ Test invalidAndEscapingPathsAreRefusedNamingTheLinkingFile() passed after 0.002 seconds.
trust	CorvidLabs Trust gate	2026-10-07T04:32:25.7241850Z ◇ Test aRootInsideTheProjectWhosePathCannotBeRepresentedIsNamedNotCalledOutside() started.
trust	CorvidLabs Trust gate	2026-10-07T04:32:25.7242530Z ✔ Test aRootInsideTheProjectWhosePathCannotBeRepresentedIsNamedNotCalledOutside() passed after 0.001 seconds.
trust	CorvidLabs Trust gate	2026-10-07T04:32:25.7243220Z ◇ Test nestedLinkOccurrencesBeyondThreeMDsLimitNameTheRootWithoutPortableSaveAdvice() started.
trust	CorvidLabs Trust gate	2026-10-07T04:32:25.7243940Z ✔ Test nestedLinkOccurrencesBeyondThreeMDsLimitNameTheRootWithoutPortableSaveAdvice() passed after 0.009 seconds.
trust	CorvidLabs Trust gate	2026-10-07T04:32:25.7244540Z ◇ Test eachUnsupportedChildKindIsRefusedByNameAndContent() started.
trust	CorvidLabs Trust gate	2026-10-07T04:32:25.7245040Z ✔ Test eachUnsupportedChildKindIsRefusedByNameAndContent() passed after 0.016 seconds.
trust	CorvidLabs Trust gate	2026-10-07T04:32:25.7245550Z ◇ Test rootsThatAreNotReadableLinkedCompositionsAreRefusedByName() started.
trust	CorvidLabs Trust gate	2026-10-07T04:32:25.7246100Z ✔ Test rootsThatAreNotReadableLinkedCompositionsAreRefusedByName() passed after 0.001 seconds.
trust	CorvidLabs Trust gate	2026-10-07T04:32:25.7246680Z ◇ Test malformedChildrenAndOversizedModelsNameTheirFilesWithoutBundleIDs() started.
trust	CorvidLabs Trust gate	2026-10-07T04:32:25.7247290Z ✔ Test malformedChildrenAndOversizedModelsNameTheirFilesWithoutBundleIDs() passed after 0.003 seconds.
trust	CorvidLabs Trust gate	2026-10-07T04:32:25.7247850Z ◇ Test fileCountCapHoldsAtSixtyFourAndRefusesTheNextFile() started.
trust	CorvidLabs Trust gate	2026-10-07T04:32:25.7248330Z ✔ Test fileCountCapHoldsAtSixtyFourAndRefusesTheNextFile() passed after 0.058 seconds.
trust	CorvidLabs Trust gate	2026-10-07T04:32:25.7248800Z ◇ Test linkCapHoldsAtFiveHundredTwelveLedgerEntries() started.
trust	CorvidLabs Trust gate	2026-10-07T04:32:25.7249250Z ✔ Test linkCapHoldsAtFiveHundredTwelveLedgerEntries() passed after 0.079 seconds.
trust	CorvidLabs Trust gate	2026-10-07T04:32:25.7249670Z ◇ Test depthCapHoldsAtSixteenFilesOnOnePath() started.
trust	CorvidLabs Trust gate	2026-10-07T04:32:25.7250060Z ✔ Test depthCapHoldsAtSixteenFilesOnOnePath() passed after 0.022 seconds.
trust	CorvidLabs Trust gate	2026-10-07T04:32:25.7250490Z ◇ Test depthCapCountsAnAlreadyResolvedSubtreeReachedLater() started.
trust	CorvidLabs Trust gate	2026-10-07T04:32:25.7250990Z ✔ Test depthCapCountsAnAlreadyResolvedSubtreeReachedLater() passed after 0.005 seconds.
trust	CorvidLabs Trust gate	2026-10-07T04:32:25.7251140Z ◇ Test pathAndComponentCapsHoldAtTheirLimits() started.
trust	CorvidLabs Trust gate	2026-10-07T04:32:25.7251340Z ✔ Test pathAndComponentCapsHoldAtTheirLimits() passed after 0.010 seconds.
trust	CorvidLabs Trust gate	2026-10-07T04:32:25.7251540Z ◇ Test definitionByteBudgetHoldsAtItsLimitAndBoundsEachRead() started.
trust	CorvidLabs Trust gate	2026-10-07T04:32:25.7251800Z ✔ Test definitionByteBudgetHoldsAtItsLimitAndBoundsEachRead() passed after 0.002 seconds.
trust	CorvidLabs Trust gate	2026-10-07T04:32:25.7251970Z ◇ Test rawLedgerCapHoldsAtOneHundredTwentyEightKiB() started.
trust	CorvidLabs Trust gate	2026-10-07T04:32:25.7252320Z ✔ Test rawLedgerCapHoldsAtOneHundredTwentyEightKiB() passed after 0.754 seconds.
trust	CorvidLabs Trust gate	2026-10-07T04:32:25.7252460Z ◇ Test cancellationIsHonoredBetweenFiles() started.
trust	CorvidLabs Trust gate	2026-10-07T04:32:25.7252750Z ✔ Test cancellationIsHonoredBetweenFiles() passed after 0.001 seconds.
trust	CorvidLabs Trust gate	2026-10-07T04:32:25.7252900Z ◇ Test linksAreNormalizedToNFCBeforeReading() started.
trust	CorvidLabs Trust gate	2026-10-07T04:32:25.7253100Z ✔ Test linksAreNormalizedToNFCBeforeReading() passed after 0.002 seconds.
trust	CorvidLabs Trust gate	2026-10-07T04:32:25.7253270Z ✔ Suite SculptureLinkedResolverTests passed after 0.989 seconds.
trust	CorvidLabs Trust gate	2026-10-07T04:32:25.7253380Z ◇ Suite "Shared model value editing" started.
trust	CorvidLabs Trust gate	2026-10-07T04:32:25.7253610Z ◇ Test replacementPropagatesThroughRepeatedNestedRotatedReferences() started.
trust	CorvidLabs Trust gate	2026-10-07T04:32:25.7253900Z ✔ Test replacementPropagatesThroughRepeatedNestedRotatedReferences() passed after 0.001 seconds.
trust	CorvidLabs Trust gate	2026-10-07T04:32:25.7254160Z ◇ Test staleLeafAndOversizedReplacementAreRejectedWithoutChangingSource() started.
trust	CorvidLabs Trust gate	2026-10-07T04:32:25.7254480Z ✔ Test staleLeafAndOversizedReplacementAreRejectedWithoutChangingSource() passed after 0.001 seconds.
trust	CorvidLabs Trust gate	2026-10-07T04:32:25.7254710Z ◇ Test uniquePlacementClonesOneLeafAndPreservesOthersAndTransforms() started.
trust	CorvidLabs Trust gate	2026-10-07T04:32:25.7255010Z ✔ Test uniquePlacementClonesOneLeafAndPreservesOthersAndTransforms() passed after 0.002 seconds.
trust	CorvidLabs Trust gate	2026-10-07T04:32:25.7255240Z ◇ Test uniqueRejectsNestedMapsDuplicateInvalidIDsAndLibraryCapacity() started.
trust	CorvidLabs Trust gate	2026-10-07T04:32:25.7255540Z ✔ Test uniqueRejectsNestedMapsDuplicateInvalidIDsAndLibraryCapacity() passed after 0.001 seconds.
trust	CorvidLabs Trust gate	2026-10-07T04:32:25.7255680Z ◇ Test cancelledReplacementDoesNotPublish() started.
trust	CorvidLabs Trust gate	2026-10-07T04:32:25.7255870Z ✔ Test cancelledReplacementDoesNotPublish() passed after 0.001 seconds.
trust	CorvidLabs Trust gate	2026-10-07T04:32:25.7256110Z ◇ Test uniqueCloneRejectsReadableFileOverflowBeforePublishingLibrary() started.
trust	CorvidLabs Trust gate	2026-10-07T04:32:25.7256410Z ✔ Test uniqueCloneRejectsReadableFileOverflowBeforePublishingLibrary() passed after 2.441 seconds.
trust	CorvidLabs Trust gate	2026-10-07T04:32:25.7256580Z ✔ Suite "Shared model value editing" passed after 2.446 seconds.
trust	CorvidLabs Trust gate	2026-10-07T04:32:25.7256700Z ◇ Suite SculptureSceneInsertionTests started.
trust	CorvidLabs Trust gate	2026-10-07T04:32:25.7256980Z ◇ Test selectedVoxelGetsABindingAndImmediatePlacementWithoutChangingTheParent() started.
trust	CorvidLabs Trust gate	2026-10-07T04:32:25.7257370Z ✔ Test selectedVoxelGetsABindingAndImmediatePlacementWithoutChangingTheParent() passed after 0.008 seconds.
trust	CorvidLabs Trust gate	2026-10-07T04:32:25.7257570Z ◇ Test batchPlacementCrossesRowsAndLayersInSelectionOrder() started.
trust	CorvidLabs Trust gate	2026-10-07T04:32:25.7257820Z ✔ Test batchPlacementCrossesRowsAndLayersInSelectionOrder() passed after 0.014 seconds.
trust	CorvidLabs Trust gate	2026-10-07T04:32:25.7258070Z ◇ Test placingOverAnOccupiedCellRetainsItsExistingReusableModelAndBinding() started.
trust	CorvidLabs Trust gate	2026-10-07T04:32:25.7258400Z ✔ Test placingOverAnOccupiedCellRetainsItsExistingReusableModelAndBinding() passed after 0.013 seconds.
trust	CorvidLabs Trust gate	2026-10-07T04:32:25.7258710Z ◇ Test nestedGraphsNamespaceCollisionsAndRetainSharedChildrenRotationsAndUnusedModels() started.
trust	CorvidLabs Trust gate	2026-10-07T04:32:25.7259080Z ✔ Test nestedGraphsNamespaceCollisionsAndRetainSharedChildrenRotationsAndUnusedModels() passed after 0.018 seconds.
trust	CorvidLabs Trust gate	2026-10-07T04:32:25.7259360Z ◇ Test repeatedInputKeepsEachImportIndependentButItsInternalSharingIntact() started.
trust	CorvidLabs Trust gate	2026-10-07T04:32:25.7259680Z ✔ Test repeatedInputKeepsEachImportIndependentButItsInternalSharingIntact() passed after 0.027 seconds.
trust	CorvidLabs Trust gate	2026-10-07T04:32:25.7259890Z ◇ Test worldBatchUsesExactFocusAndRootWidthsWithoutFlattening() started.
trust	CorvidLabs Trust gate	2026-10-07T04:32:25.7260170Z ✔ Test worldBatchUsesExactFocusAndRootWidthsWithoutFlattening() passed after 0.036 seconds.
trust	CorvidLabs Trust gate	2026-10-07T04:32:25.7260400Z ◇ Test worldBatchRefusesCheckedOverflowAndUnsafeOriginsAtomically() started.
trust	CorvidLabs Trust gate	2026-10-07T04:32:25.7260680Z ✔ Test worldBatchRefusesCheckedOverflowAndUnsafeOriginsAtomically() passed after 0.001 seconds.
trust	CorvidLabs Trust gate	2026-10-07T04:32:25.7260920Z ◇ Test unsupportedChildrenEmptyBatchesAndMismatchedSnapshotsRefuse() started.
trust	CorvidLabs Trust gate	2026-10-07T04:32:25.7261210Z ✔ Test unsupportedChildrenEmptyBatchesAndMismatchedSnapshotsRefuse() passed after 0.001 seconds.
trust	CorvidLabs Trust gate	2026-10-07T04:32:25.7261640Z ◇ Test invalidSelectionInsufficientSpaceAndChildFitCannotPartiallyEdit() started.
trust	CorvidLabs Trust gate	2026-10-07T04:32:25.7262040Z ✔ Test invalidSelectionInsufficientSpaceAndChildFitCannotPartiallyEdit() passed after 0.001 seconds.
trust	CorvidLabs Trust gate	2026-10-07T04:32:25.7262260Z ◇ Test completeUnusedModelCountsRemainBoundedBeforeAnyInsertion() started.
trust	CorvidLabs Trust gate	2026-10-07T04:32:25.7262540Z ✔ Test completeUnusedModelCountsRemainBoundedBeforeAnyInsertion() passed after 0.001 seconds.
trust	CorvidLabs Trust gate	2026-10-07T04:32:25.7262850Z ◇ Test portableRefusalInsertsNativeValuesWhenNeitherParentNorInputsCarryPortableData() started.
trust	CorvidLabs Trust gate	2026-10-07T04:32:25.7263230Z ✔ Test portableRefusalInsertsNativeValuesWhenNeitherParentNorInputsCarryPortableData() passed after 15.320 seconds.
trust	CorvidLabs Trust gate	2026-10-07T04:32:25.7263510Z ◇ Test portableDataOnTheParentOrAnInputRefusesNamingThePortableLimitAndSources() started.
trust	CorvidLabs Trust gate	2026-10-07T04:32:25.7263870Z ✔ Test portableDataOnTheParentOrAnInputRefusesNamingThePortableLimitAndSources() passed after 17.553 seconds.
trust	CorvidLabs Trust gate	2026-10-07T04:32:25.7264120Z ◇ Test portableDataOnlyOnAnInputStillYieldsASnapshotAndNoneYieldsNone() started.
trust	CorvidLabs Trust gate	2026-10-07T04:32:25.7264420Z ✔ Test portableDataOnlyOnAnInputStillYieldsASnapshotAndNoneYieldsNone() passed after 0.045 seconds.
trust	CorvidLabs Trust gate	2026-10-07T04:32:25.7264630Z ◇ Test nativeCapacityIsCheckedBeforeBlamingThePortableLimit() started.
trust	CorvidLabs Trust gate	2026-10-07T04:32:25.7264900Z ✔ Test nativeCapacityIsCheckedBeforeBlamingThePortableLimit() passed after 14.981 seconds.
trust	CorvidLabs Trust gate	2026-10-07T04:32:25.7265130Z ◇ Test nativeVariantsMatchThePortablePlacementWithoutAnySnapshot() started.
trust	CorvidLabs Trust gate	2026-10-07T04:32:25.7265410Z ✔ Test nativeVariantsMatchThePortablePlacementWithoutAnySnapshot() passed after 0.093 seconds.
trust	CorvidLabs Trust gate	2026-10-07T04:32:25.7265640Z ◇ Test insertionTargetsDescribeRowMajorTilesAndTheModelsTheyReplace() started.
trust	CorvidLabs Trust gate	2026-10-07T04:32:25.7265930Z ✔ Test insertionTargetsDescribeRowMajorTilesAndTheModelsTheyReplace() passed after 0.001 seconds.
trust	CorvidLabs Trust gate	2026-10-07T04:32:25.7266210Z ◇ Test insertionRefusesNativeGraphsThatWouldNotReopenAndLeavesTheParentIntact() started.
trust	CorvidLabs Trust gate	2026-10-07T04:32:25.7266550Z ✔ Test insertionRefusesNativeGraphsThatWouldNotReopenAndLeavesTheParentIntact() passed after 8.732 seconds.
trust	CorvidLabs Trust gate	2026-10-07T04:32:25.7266800Z ◇ Test exhaustedBindingCharactersRefuseWithoutRemovingExistingBindings() started.
trust	CorvidLabs Trust gate	2026-10-07T04:32:25.7267110Z ✔ Test exhaustedBindingCharactersRefuseWithoutRemovingExistingBindings() passed after 0.001 seconds.
trust	CorvidLabs Trust gate	2026-10-07T04:32:25.7267410Z ◇ Test parentAndImportedOpaqueDocumentsAndScopedIdentitiesSurviveNamespaceInsertion() started.
trust	CorvidLabs Trust gate	2026-10-07T04:32:25.7267780Z ✔ Test parentAndImportedOpaqueDocumentsAndScopedIdentitiesSurviveNamespaceInsertion() passed after 0.044 seconds.
trust	CorvidLabs Trust gate	2026-10-07T04:32:25.7268020Z ◇ Test authoredLeafAndTilePlaneOrderSurvivesInsertionAndPortableReopen() started.
trust	CorvidLabs Trust gate	2026-10-07T04:32:25.7268340Z ✔ Test authoredLeafAndTilePlaneOrderSurvivesInsertionAndPortableReopen() passed after 0.075 seconds.
trust	CorvidLabs Trust gate	2026-10-07T04:32:25.7268560Z ◇ Test recaptureKeepsSurvivingAuthoredOrderAndAppendsNewSlicesByZ() started.
trust	CorvidLabs Trust gate	2026-10-07T04:32:25.7268860Z ✔ Test recaptureKeepsSurvivingAuthoredOrderAndAppendsNewSlicesByZ() passed after 0.009 seconds.
trust	CorvidLabs Trust gate	2026-10-07T04:32:25.7269080Z ◇ Test standaloneVoxelMetadataIsCarriedIntoItsImportedDefinition() started.
trust	CorvidLabs Trust gate	2026-10-07T04:32:25.7269370Z ✔ Test standaloneVoxelMetadataIsCarriedIntoItsImportedDefinition() passed after 0.014 seconds.
trust	CorvidLabs Trust gate	2026-10-07T04:32:25.7269660Z ◇ Test worldRootAndNestedDocumentMetadataSurvivePlacementChangesAndSharedEditing() started.
trust	CorvidLabs Trust gate	2026-10-07T04:32:25.7270010Z ✔ Test worldRootAndNestedDocumentMetadataSurvivePlacementChangesAndSharedEditing() passed after 0.052 seconds.
trust	CorvidLabs Trust gate	2026-10-07T04:32:25.7270270Z ◇ Test recapturePreservesOpaqueMetadataWhileRecognizedGeometryStillChanges() started.
trust	CorvidLabs Trust gate	2026-10-07T04:32:25.7270590Z ✔ Test recapturePreservesOpaqueMetadataWhileRecognizedGeometryStillChanges() passed after 0.002 seconds.
trust	CorvidLabs Trust gate	2026-10-07T04:32:25.7270870Z ◇ Test metadataPreservationDoesNotPermitArbitraryMarkdownOrMalformedGeometry() started.
trust	CorvidLabs Trust gate	2026-10-07T04:32:25.7271200Z ✔ Test metadataPreservationDoesNotPermitArbitraryMarkdownOrMalformedGeometry() passed after 0.001 seconds.
trust	CorvidLabs Trust gate	2026-10-07T04:32:25.7271550Z ◇ Test portableOpaqueAttributesDoNotHideInvalidIdentitiesOrBindingEdges() started.
trust	CorvidLabs Trust gate	2026-10-07T04:32:25.7271940Z ✔ Test portableOpaqueAttributesDoNotHideInvalidIdentitiesOrBindingEdges() passed after 0.010 seconds.
trust	CorvidLabs Trust gate	2026-10-07T04:32:25.7272160Z ◇ Test cancellationReturnsNoPartialInsertionForEitherParentKind() started.
trust	CorvidLabs Trust gate	2026-10-07T04:32:25.7272440Z ✔ Test cancellationReturnsNoPartialInsertionForEitherParentKind() passed after 0.001 seconds.
trust	CorvidLabs Trust gate	2026-10-07T04:32:25.7272620Z ✔ Suite SculptureSceneInsertionTests passed after 57.067 seconds.
trust	CorvidLabs Trust gate	2026-10-07T04:32:25.7272850Z ◇ Test solarSystemExtendsTheGalleryWithoutReplacingExistingExamples() started.
trust	CorvidLabs Trust gate	2026-10-07T04:32:25.7273140Z ✔ Test solarSystemExtendsTheGalleryWithoutReplacingExistingExamples() passed after 0.001 seconds.
trust	CorvidLabs Trust gate	2026-10-07T04:32:25.7273380Z ◇ Test solarSystemUsesTheFullEditableVolumeAndRoundTripsThroughThreeMD() started.
trust	CorvidLabs Trust gate	2026-10-07T04:32:25.7273690Z ✔ Test solarSystemUsesTheFullEditableVolumeAndRoundTripsThroughThreeMD() passed after 5.988 seconds.
trust	CorvidLabs Trust gate	2026-10-07T04:32:25.7273960Z ◇ Test solarSystemHasEightSolidSeparatedPlanetsWithDistinctSurfaceFeatures() started.
trust	CorvidLabs Trust gate	2026-10-07T04:32:25.7274290Z ✔ Test solarSystemHasEightSolidSeparatedPlanetsWithDistinctSurfaceFeatures() passed after 0.001 seconds.
trust	CorvidLabs Trust gate	2026-10-07T04:32:25.7274500Z ◇ Test solarSystemRingsMoonsAndOrbitGuidesRetainRealAirGaps() started.
trust	CorvidLabs Trust gate	2026-10-07T04:32:25.7274760Z ✔ Test solarSystemRingsMoonsAndOrbitGuidesRetainRealAirGaps() passed after 0.001 seconds.
trust	CorvidLabs Trust gate	2026-10-07T04:32:25.7274940Z ◇ Test solarSystemHasAsteroidBeltCometAndElevatedStars() started.
trust	CorvidLabs Trust gate	2026-10-07T04:32:25.7275180Z ✔ Test solarSystemHasAsteroidBeltCometAndElevatedStars() passed after 0.001 seconds.
trust	CorvidLabs Trust gate	2026-10-07T04:32:25.7275360Z ◇ Test sculptureRoundTripsThroughRealThreeMDParser() started.
trust	CorvidLabs Trust gate	2026-10-07T04:32:25.7275810Z ✔ Test sculptureRoundTripsThroughRealThreeMDParser() passed after 0.003 seconds.
trust	CorvidLabs Trust gate	2026-10-07T04:32:25.7275970Z ◇ Test rejectsOversizedAndUnrelatedDocuments() started.
trust	CorvidLabs Trust gate	2026-10-07T04:32:25.7282550Z ✔ Test rejectsOversizedAndUnrelatedDocuments() passed after 0.002 seconds.
trust	CorvidLabs Trust gate	2026-10-07T04:32:25.7282770Z ◇ Test fileSizeGuardAcceptsItsExactBoundaryBeforeValidatingUTF8() started.
trust	CorvidLabs Trust gate	2026-10-07T04:32:25.7283060Z ✔ Test fileSizeGuardAcceptsItsExactBoundaryBeforeValidatingUTF8() passed after 0.002 seconds.
trust	CorvidLabs Trust gate	2026-10-07T04:32:25.7283240Z ◇ Test refusesMalformedDimensionsRowsGlyphsAndDepth() started.
trust	CorvidLabs Trust gate	2026-10-07T04:32:25.7283470Z ✔ Test refusesMalformedDimensionsRowsGlyphsAndDepth() passed after 0.001 seconds.
trust	CorvidLabs Trust gate	2026-10-07T04:32:25.7283630Z ◇ Test protectsGridBoundsAndRejectsInvalidGlyphs() started.
trust	CorvidLabs Trust gate	2026-10-07T04:32:25.7283850Z ✔ Test protectsGridBoundsAndRejectsInvalidGlyphs() passed after 0.001 seconds.
trust	CorvidLabs Trust gate	2026-10-07T04:32:25.7284050Z ◇ Test duplicatedLayerIsIndependentAndLastLayerIsProtected() started.
trust	CorvidLabs Trust gate	2026-10-07T04:32:25.7284300Z ✔ Test duplicatedLayerIsIndependentAndLastLayerIsProtected() passed after 0.001 seconds.
trust	CorvidLabs Trust gate	2026-10-07T04:32:25.7284470Z ◇ Test quarterTurnMovesCellAndFourTurnsRestoreLayer() started.
trust	CorvidLabs Trust gate	2026-10-07T04:32:25.7284710Z ✔ Test quarterTurnMovesCellAndFourTurnsRestoreLayer() passed after 0.001 seconds.
trust	CorvidLabs Trust gate	2026-10-07T04:32:25.7284870Z ◇ Test nearestCellWinsOcclusionAndCanBePicked() started.
trust	CorvidLabs Trust gate	2026-10-07T04:32:25.7285080Z ✔ Test nearestCellWinsOcclusionAndCanBePicked() passed after 0.001 seconds.
trust	CorvidLabs Trust gate	2026-10-07T04:32:25.7285300Z ◇ Test cameraOrbitChangesProjectionAndNonFiniteValuesRemainSafe() started.
trust	CorvidLabs Trust gate	2026-10-07T04:32:25.7285580Z ✔ Test cameraOrbitChangesProjectionAndNonFiniteValuesRemainSafe() passed after 0.001 seconds.
trust	CorvidLabs Trust gate	2026-10-07T04:32:25.7285790Z ◇ Test emptyProjectionExportsSpacesWithoutInventingCharacters() started.
trust	CorvidLabs Trust gate	2026-10-07T04:32:25.7286060Z ✔ Test emptyProjectionExportsSpacesWithoutInventingCharacters() passed after 0.001 seconds.
trust	CorvidLabs Trust gate	2026-10-07T04:32:25.7286260Z ◇ Test titleCannotInjectFrontmatterAndLayerLimitIsEnforced() started.
trust	CorvidLabs Trust gate	2026-10-07T04:32:25.7286520Z ✔ Test titleCannotInjectFrontmatterAndLayerLimitIsEnforced() passed after 0.001 seconds.
trust	CorvidLabs Trust gate	2026-10-07T04:32:25.7287040Z ◇ Test maximumTwoHundredFiftySixCubeRoundTripsWithinTwentyMiB() started.
trust	CorvidLabs Trust gate	2026-10-07T04:32:25.7287310Z ✔ Test maximumTwoHundredFiftySixCubeRoundTripsWithinTwentyMiB() passed after 10.068 seconds.
trust	CorvidLabs Trust gate	2026-10-07T04:32:25.7287670Z ◇ Test dimensionsAboveTwoHundredFiftySixAreRejectedOnEveryAxis() started.
trust	CorvidLabs Trust gate	2026-10-07T04:32:25.7287950Z ✔ Test dimensionsAboveTwoHundredFiftySixAreRejectedOnEveryAxis() passed after 0.001 seconds.
trust	CorvidLabs Trust gate	2026-10-07T04:32:25.7288120Z ◇ Test formerCubeDocumentsRemainCompatible(dimension:) started.
trust	CorvidLabs Trust gate	2026-10-07T04:32:25.7288430Z ◇ Test case passing 1 argument dimension → 32 to formerCubeDocumentsRemainCompatible(dimension:) started.
trust	CorvidLabs Trust gate	2026-10-07T04:32:25.7288720Z ◇ Test case passing 1 argument dimension → 64 to formerCubeDocumentsRemainCompatible(dimension:) started.
trust	CorvidLabs Trust gate	2026-10-07T04:32:25.7289010Z ✔ Test formerCubeDocumentsRemainCompatible(dimension:) with 2 test cases passed after 0.100 seconds.
trust	CorvidLabs Trust gate	2026-10-07T04:32:25.7289240Z ◇ Test codecRejectsExcessiveDirectivesBeforeAllocatingThreeMDPlanes() started.
trust	CorvidLabs Trust gate	2026-10-07T04:32:25.7289550Z ✔ Test codecRejectsExcessiveDirectivesBeforeAllocatingThreeMDPlanes() passed after 0.001 seconds.
trust	CorvidLabs Trust gate	2026-10-07T04:32:25.7289800Z ◇ Test codecRejectsExcessiveBlankLinesBeforeThreeMDAllocatesTheirArray() started.
trust	CorvidLabs Trust gate	2026-10-07T04:32:25.7290110Z ✔ Test codecRejectsExcessiveBlankLinesBeforeThreeMDAllocatesTheirArray() passed after 0.035 seconds.
trust	CorvidLabs Trust gate	2026-10-07T04:32:25.7290330Z ◇ Test occupiedCountRemainsAccurateAcrossEveryMutationAndValueCopy() started.
trust	CorvidLabs Trust gate	2026-10-07T04:32:25.7290630Z ✔ Test occupiedCountRemainsAccurateAcrossEveryMutationAndValueCopy() passed after 0.001 seconds.
trust	CorvidLabs Trust gate	2026-10-07T04:32:25.7290830Z ◇ Test projectionCanPickTheNearestCellBeyondTheOldDepthLimit() started.
trust	CorvidLabs Trust gate	2026-10-07T04:32:25.7291100Z ✔ Test projectionCanPickTheNearestCellBeyondTheOldDepthLimit() passed after 0.001 seconds.
trust	CorvidLabs Trust gate	2026-10-07T04:32:25.7291370Z ◇ Test denseSixtyFourVolumeProjectionStaysBoundedAndPicksActualSourceCells() started.
trust	CorvidLabs Trust gate	2026-10-07T04:32:25.7291690Z ✔ Test denseSixtyFourVolumeProjectionStaysBoundedAndPicksActualSourceCells() passed after 0.178 seconds.
trust	CorvidLabs Trust gate	2026-10-07T04:32:25.7291960Z ◇ Test maximumCoordinatesStayEditableAndProjectionCachesFollowLayerChanges() started.
trust	CorvidLabs Trust gate	2026-10-07T04:32:25.7292280Z ✔ Test maximumCoordinatesStayEditableAndProjectionCachesFollowLayerChanges() passed after 2.369 seconds.
trust	CorvidLabs Trust gate	2026-10-07T04:32:25.7292480Z ◇ Test cancelledSculptureDecodeDoesNotReturnAPartialVolume() started.
trust	CorvidLabs Trust gate	2026-10-07T04:32:25.7292740Z ✔ Test cancelledSculptureDecodeDoesNotReturnAPartialVolume() passed after 0.001 seconds.
trust	CorvidLabs Trust gate	2026-10-07T04:32:25.7293010Z ◇ Test cancelledASCIIProjectionReturnsABoundedEmptyFrameWithoutPartialPicking() started.
trust	CorvidLabs Trust gate	2026-10-07T04:32:25.7293360Z ✔ Test cancelledASCIIProjectionReturnsABoundedEmptyFrameWithoutPartialPicking() passed after 0.002 seconds.
trust	CorvidLabs Trust gate	2026-10-07T04:32:25.7293460Z ◇ Suite SculptureThreeMDTests started.
trust	CorvidLabs Trust gate	2026-10-07T04:32:25.7293720Z ◇ Test unmarkedGeneralBinaryAdoptsPortableMarkerWithoutLosingImportedIDs() started.
trust	CorvidLabs Trust gate	2026-10-07T04:32:25.7294030Z ✔ Test unmarkedGeneralBinaryAdoptsPortableMarkerWithoutLosingImportedIDs() passed after 0.003 seconds.
trust	CorvidLabs Trust gate	2026-10-07T04:32:25.7294300Z ◇ Test portableWorldRootNeverOverwritesAUserModelAndRetainsUnusedBindings() started.
trust	CorvidLabs Trust gate	2026-10-07T04:32:25.7294630Z ✔ Test portableWorldRootNeverOverwritesAUserModelAndRetainsUnusedBindings() passed after 0.014 seconds.
trust	CorvidLabs Trust gate	2026-10-07T04:32:25.7294860Z ◇ Test maximumWorldPlacementsKeepUniqueGraphReferencesAndExactIDs() started.
trust	CorvidLabs Trust gate	2026-10-07T04:32:25.7295160Z ✔ Test maximumWorldPlacementsKeepUniqueGraphReferencesAndExactIDs() passed after 38.206 seconds.
trust	CorvidLabs Trust gate	2026-10-07T04:32:25.7295350Z ◇ Test portableSceneRoundTripsInTextAndUncompressedBinary() started.
trust	CorvidLabs Trust gate	2026-10-07T04:32:25.7295610Z ✔ Test portableSceneRoundTripsInTextAndUncompressedBinary() passed after 0.113 seconds.
trust	CorvidLabs Trust gate	2026-10-07T04:32:25.7295770Z ◇ Test legacyFilesAndSaveDefaultsRemainDistinct() started.
trust	CorvidLabs Trust gate	2026-10-07T04:32:25.7295990Z ✔ Test legacyFilesAndSaveDefaultsRemainDistinct() passed after 0.002 seconds.
trust	CorvidLabs Trust gate	2026-10-07T04:32:25.7296210Z ◇ Test customPlaneAndReferenceIDsSurviveRecaptureAndSharedEditing() started.
trust	CorvidLabs Trust gate	2026-10-07T04:32:25.7296610Z ✔ Test customPlaneAndReferenceIDsSurviveRecaptureAndSharedEditing() passed after 0.062 seconds.
trust	CorvidLabs Trust gate	2026-10-07T04:32:25.7296950Z ◇ Test untitledNestedDefinitionsStayUntitledWhileNewOnesAreTitledByTheirID() started.
trust	CorvidLabs Trust gate	2026-10-07T04:32:25.7297280Z ✔ Test untitledNestedDefinitionsStayUntitledWhileNewOnesAreTitledByTheirID() passed after 0.042 seconds.
trust	CorvidLabs Trust gate	2026-10-07T04:32:25.7297550Z ◇ Test preservedReferenceAttributesFollowTheGlyphAndItsTargetNotTheGlyphAlone() started.
trust	CorvidLabs Trust gate	2026-10-07T04:32:25.7297900Z ✔ Test preservedReferenceAttributesFollowTheGlyphAndItsTargetNotTheGlyphAlone() passed after 0.025 seconds.
trust	CorvidLabs Trust gate	2026-10-07T04:32:25.7298140Z ◇ Test wholeSceneRevisionRejectsStaleModelEditWithoutPublishingChanges() started.
trust	CorvidLabs Trust gate	2026-10-07T04:32:25.7298450Z ✔ Test wholeSceneRevisionRejectsStaleModelEditWithoutPublishingChanges() passed after 0.022 seconds.
trust	CorvidLabs Trust gate	2026-10-07T04:32:25.7298670Z ◇ Test invalidSharedReplacementIsAtomicAndWorldAnchorsStayExact() started.
trust	CorvidLabs Trust gate	2026-10-07T04:32:25.7298960Z ✔ Test invalidSharedReplacementIsAtomicAndWorldAnchorsStayExact() passed after 0.016 seconds.
trust	CorvidLabs Trust gate	2026-10-07T04:32:25.7299220Z ◇ Test malformedIdentitiesAndDisagreeingReferencesNeverUseLegacyFallback() started.
trust	CorvidLabs Trust gate	2026-10-07T04:32:25.7299540Z ✔ Test malformedIdentitiesAndDisagreeingReferencesNeverUseLegacyFallback() passed after 0.011 seconds.
trust	CorvidLabs Trust gate	2026-10-07T04:32:25.7299810Z ◇ Test largeLegacyLibraryRetainsItsOwnCapacityAndPortableFailureIsExplicit() started.
trust	CorvidLabs Trust gate	2026-10-07T04:32:25.7300140Z ✔ Test largeLegacyLibraryRetainsItsOwnCapacityAndPortableFailureIsExplicit() passed after 35.666 seconds.
trust	CorvidLabs Trust gate	2026-10-07T04:32:25.7300360Z ◇ Test cancellationPropagatesThroughAllPublicPortableOperations() started.
trust	CorvidLabs Trust gate	2026-10-07T04:32:25.7300630Z ✔ Test cancellationPropagatesThroughAllPublicPortableOperations() passed after 0.005 seconds.
trust	CorvidLabs Trust gate	2026-10-07T04:32:25.7300790Z ◇ Test deterministicPortableInterchangeFixtures() started.
trust	CorvidLabs Trust gate	2026-10-07T04:32:25.7301010Z ✔ Test deterministicPortableInterchangeFixtures() passed after 0.025 seconds.
trust	CorvidLabs Trust gate	2026-10-07T04:32:25.7301160Z ✔ Suite SculptureThreeMDTests passed after 74.230 seconds.
trust	CorvidLabs Trust gate	2026-10-07T04:32:25.7301300Z ◇ Suite SculptureVolumeStudyExamplesTests started.
trust	CorvidLabs Trust gate	2026-10-07T04:32:25.7301530Z ◇ Test denseEquivalentUsesOneSharedSolidModelToFillExactly1024Cubed() started.
trust	CorvidLabs Trust gate	2026-10-07T04:32:25.7301830Z ✔ Test denseEquivalentUsesOneSharedSolidModelToFillExactly1024Cubed() passed after 0.119 seconds.
trust	CorvidLabs Trust gate	2026-10-07T04:32:25.7302040Z ◇ Test landscapeSeparatesItsSparseOccupancyFromItsAddressDomain() started.
trust	CorvidLabs Trust gate	2026-10-07T04:32:25.7302320Z ✔ Test landscapeSeparatesItsSparseOccupancyFromItsAddressDomain() passed after 0.631 seconds.
trust	CorvidLabs Trust gate	2026-10-07T04:32:25.7302570Z ◇ Test landscapeContainsNavigableCastlesWaterTerracesAndForestAirGaps() started.
trust	CorvidLabs Trust gate	2026-10-07T04:32:25.7302870Z ✔ Test landscapeContainsNavigableCastlesWaterTerracesAndForestAirGaps() passed after 0.001 seconds.
trust	CorvidLabs Trust gate	2026-10-07T04:32:25.7303120Z ◇ Test studyFactoriesAreDeterministicAndPreserveFiniteProductionLimits() started.
trust	CorvidLabs Trust gate	2026-10-07T04:32:25.7303430Z ✔ Test studyFactoriesAreDeterministicAndPreserveFiniteProductionLimits() passed after 2.307 seconds.
trust	CorvidLabs Trust gate	2026-10-07T04:32:25.7303700Z ◇ Test studyFactoriesRespectCancelledTasksBeforeConstructingTheirLibraries() started.
trust	CorvidLabs Trust gate	2026-10-07T04:32:25.7304030Z ✔ Test studyFactoriesRespectCancelledTasksBeforeConstructingTheirLibraries() passed after 0.001 seconds.
trust	CorvidLabs Trust gate	2026-10-07T04:32:25.7304220Z ✔ Suite SculptureVolumeStudyExamplesTests passed after 3.059 seconds.
trust	CorvidLabs Trust gate	2026-10-07T04:32:25.7304320Z ◇ Suite SculptureWorldTests started.
trust	CorvidLabs Trust gate	2026-10-07T04:32:25.7304520Z ◇ Test distantInstancesRemainSparseAndShareOneLibraryModel() started.
trust	CorvidLabs Trust gate	2026-10-07T04:32:25.7304780Z ✔ Test distantInstancesRemainSparseAndShareOneLibraryModel() passed after 0.002 seconds.
trust	CorvidLabs Trust gate	2026-10-07T04:32:25.7304990Z ◇ Test exactInt64ExtremesAndAdjacentAnchorsSurviveJSONRoundTrip() started.
trust	CorvidLabs Trust gate	2026-10-07T04:32:25.7305260Z ✔ Test exactInt64ExtremesAndAdjacentAnchorsSurviveJSONRoundTrip() passed after 0.001 seconds.
trust	CorvidLabs Trust gate	2026-10-07T04:32:25.7305520Z ◇ Test originHeadroomIDsAndRotationsAreValidatedBeforeWorldConstruction() started.
trust	CorvidLabs Trust gate	2026-10-07T04:32:25.7305960Z ✔ Test originHeadroomIDsAndRotationsAreValidatedBeforeWorldConstruction() passed after 0.001 seconds.
trust	CorvidLabs Trust gate	2026-10-07T04:32:25.7306270Z ◇ Test worldsRejectMissingModelsDuplicateInstancesAndInvalidTitles() started.
trust	CorvidLabs Trust gate	2026-10-07T04:32:25.7306560Z ✔ Test worldsRejectMissingModelsDuplicateInstancesAndInvalidTitles() passed after 0.001 seconds.
trust	CorvidLabs Trust gate	2026-10-07T04:32:25.7306750Z ◇ Test finitePlacementCapacityDoesNotImposeASpatialExtent() started.
trust	CorvidLabs Trust gate	2026-10-07T04:32:25.7307010Z ✔ Test finitePlacementCapacityDoesNotImposeASpatialExtent() passed after 4.586 seconds.
trust	CorvidLabs Trust gate	2026-10-07T04:32:25.7307260Z ◇ Test codecRejectsUnknownDuplicateMetadataAndUnsupportedPlaneOrFences() started.
trust	CorvidLabs Trust gate	2026-10-07T04:32:25.7307570Z ✔ Test codecRejectsUnknownDuplicateMetadataAndUnsupportedPlaneOrFences() passed after 0.002 seconds.
trust	CorvidLabs Trust gate	2026-10-07T04:32:25.7307800Z ◇ Test codecRejectsUnknownDuplicateJSONKeysAndInexactCoordinateTypes() started.
trust	CorvidLabs Trust gate	2026-10-07T04:32:25.7308110Z ✔ Test codecRejectsUnknownDuplicateJSONKeysAndInexactCoordinateTypes() passed after 0.002 seconds.
trust	CorvidLabs Trust gate	2026-10-07T04:32:25.7308380Z ◇ Test decoderBoundsBytesPhysicalLinesAndJSONNestingBeforeAllocatingModels() started.
trust	CorvidLabs Trust gate	2026-10-07T04:32:25.7308710Z ✔ Test decoderBoundsBytesPhysicalLinesAndJSONNestingBeforeAllocatingModels() passed after 0.092 seconds.
trust	CorvidLabs Trust gate	2026-10-07T04:32:25.7308880Z ◇ Test cancellationReturnsNoWorldOrSerializedOutput() started.
trust	CorvidLabs Trust gate	2026-10-07T04:32:25.7309110Z ✔ Test cancellationReturnsNoWorldOrSerializedOutput() passed after 0.001 seconds.
trust	CorvidLabs Trust gate	2026-10-07T04:32:25.7309260Z ✔ Suite SculptureWorldTests passed after 4.691 seconds.
trust	CorvidLabs Trust gate	2026-10-07T04:32:25.7309530Z ◇ Test commandCLIInspectsAndPublishesCanonicalEditsWithMachineReadableResult() started.
trust	CorvidLabs Trust gate	2026-10-07T04:32:25.7309860Z ✔ Test commandCLIInspectsAndPublishesCanonicalEditsWithMachineReadableResult() passed after 0.008 seconds.
trust	CorvidLabs Trust gate	2026-10-07T04:32:25.7310080Z ◇ Test failedCLIBatchCreatesNoOutputAndKeepsInputAndCommandBytes() started.
trust	CorvidLabs Trust gate	2026-10-07T04:32:25.7310360Z ✔ Test failedCLIBatchCreatesNoOutputAndKeepsInputAndCommandBytes() passed after 0.002 seconds.
trust	CorvidLabs Trust gate	2026-10-07T04:32:25.7310600Z ◇ Test cliRefusesExistingFilesDirectoriesAndDanglingOutputSymlinks() started.
trust	CorvidLabs Trust gate	2026-10-07T04:32:25.7310900Z ✔ Test cliRefusesExistingFilesDirectoriesAndDanglingOutputSymlinks() passed after 0.009 seconds.
trust	CorvidLabs Trust gate	2026-10-07T04:32:25.7311140Z ◇ Test cliRefusesNonRegularOversizedAndMalformedInputsBeforePublishing() started.
trust	CorvidLabs Trust gate	2026-10-07T04:32:25.7311450Z ✔ Test cliRefusesNonRegularOversizedAndMalformedInputsBeforePublishing() passed after 0.024 seconds.
trust	CorvidLabs Trust gate	2026-10-07T04:32:25.7311730Z ◇ Test commandCLIInspectsAndEditsSliceTwoHundredFiftyFiveBeyondTheOldFileBudget() started.
trust	CorvidLabs Trust gate	2026-10-07T04:32:25.7312080Z ✔ Test commandCLIInspectsAndEditsSliceTwoHundredFiftyFiveBeyondTheOldFileBudget() passed after 1.873 seconds.
trust	CorvidLabs Trust gate	2026-10-07T04:32:25.7312310Z ◇ Test commandJSONKeepsItsIndependentTwoHundredFiftySixKiBBoundary() started.
trust	CorvidLabs Trust gate	2026-10-07T04:32:25.7312610Z ✔ Test commandJSONKeepsItsIndependentTwoHundredFiftySixKiBBoundary() passed after 0.009 seconds.
trust	CorvidLabs Trust gate	2026-10-07T04:32:25.7312900Z ◇ Test cliWritesChosenTemporaryDirectoryAndDirectoryAliasWithoutReplacingEntries() started.
trust	CorvidLabs Trust gate	2026-10-07T04:32:25.7313260Z ✔ Test cliWritesChosenTemporaryDirectoryAndDirectoryAliasWithoutReplacingEntries() passed after 0.008 seconds.
trust	CorvidLabs Trust gate	2026-10-07T04:32:25.7313560Z ◇ Test commandCLIInspectsCompactDocumentsAndAutodetectsBytesWithoutExtensionHints() started.
trust	CorvidLabs Trust gate	2026-10-07T04:32:25.7313910Z ✔ Test commandCLIInspectsCompactDocumentsAndAutodetectsBytesWithoutExtensionHints() passed after 0.003 seconds.
trust	CorvidLabs Trust gate	2026-10-07T04:32:25.7314200Z ◇ Test commandCLIStoresCompactEditsFromExplicitOutputExtensionAndPreservesInput() started.
trust	CorvidLabs Trust gate	2026-10-07T04:32:25.7314550Z ✔ Test commandCLIStoresCompactEditsFromExplicitOutputExtensionAndPreservesInput() passed after 0.006 seconds.
trust	CorvidLabs Trust gate	2026-10-07T04:32:25.7314790Z ◇ Test commandCLIConvertsBothStorageFormatsWhileApplyingTheSameCommands() started.
trust	CorvidLabs Trust gate	2026-10-07T04:32:25.7315110Z ✔ Test commandCLIConvertsBothStorageFormatsWhileApplyingTheSameCommands() passed after 0.006 seconds.
trust	CorvidLabs Trust gate	2026-10-07T04:32:25.7315480Z ◇ Test commandCLIRejectsUnsupportedOutputExtensionsWithoutWritingOrChangingInputs() started.
trust	CorvidLabs Trust gate	2026-10-07T04:32:25.7315910Z ✔ Test commandCLIRejectsUnsupportedOutputExtensionsWithoutWritingOrChangingInputs() passed after 0.003 seconds.
trust	CorvidLabs Trust gate	2026-10-07T04:32:25.7316150Z ◇ Test commandCLIReportsTruncatedCompactInputWithoutPublishingEdits() started.
trust	CorvidLabs Trust gate	2026-10-07T04:32:25.7316450Z ✔ Test commandCLIReportsTruncatedCompactInputWithoutPublishingEdits() passed after 0.003 seconds.
trust	CorvidLabs Trust gate	2026-10-07T04:32:25.7316770Z ◇ Test compositionCLIEmbedsOneSharedModelAndPlacesRotatedSingleCharacterTilesInThreeAxes() started.
trust	CorvidLabs Trust gate	2026-10-07T04:32:25.7317160Z ✔ Test compositionCLIEmbedsOneSharedModelAndPlacesRotatedSingleCharacterTilesInThreeAxes() passed after 0.009 seconds.
trust	CorvidLabs Trust gate	2026-10-07T04:32:25.7317440Z ◇ Test compositionCLIExpandsToBothVoxelFormatsAndRefusesImplicitFlattening() started.
trust	CorvidLabs Trust gate	2026-10-07T04:32:25.7317770Z ✔ Test compositionCLIExpandsToBothVoxelFormatsAndRefusesImplicitFlattening() passed after 0.018 seconds.
trust	CorvidLabs Trust gate	2026-10-07T04:32:25.7318100Z ◇ Test compositionCLIImportsNestedGraphsWithoutPrivateIDCollisionsOrExternalDependencies() started.
trust	CorvidLabs Trust gate	2026-10-07T04:32:25.7318500Z ✔ Test compositionCLIImportsNestedGraphsWithoutPrivateIDCollisionsOrExternalDependencies() passed after 0.011 seconds.
trust	CorvidLabs Trust gate	2026-10-07T04:32:25.7318830Z ◇ Test compositionCLIRejectsUnknownFieldsInvalidReferencesAndUnusableFilesWithoutPublishing() started.
trust	CorvidLabs Trust gate	2026-10-07T04:32:25.7319240Z ✔ Test compositionCLIRejectsUnknownFieldsInvalidReferencesAndUnusableFilesWithoutPublishing() passed after 0.047 seconds.
trust	CorvidLabs Trust gate	2026-10-07T04:32:25.7319530Z ◇ Test compositionCLIRequiresExplicitFormatsAndAtomicallyRefusesExistingEntries() started.
trust	CorvidLabs Trust gate	2026-10-07T04:32:25.7319870Z ✔ Test compositionCLIRequiresExplicitFormatsAndAtomicallyRefusesExistingEntries() passed after 0.009 seconds.
trust	CorvidLabs Trust gate	2026-10-07T04:32:25.7320000Z ◇ Suite "Explicit-file insertion commands" started.
trust	CorvidLabs Trust gate	2026-10-07T04:32:25.7320320Z ◇ Test portableInsertPlacesFilesInRequestOrderAndWritesAReopenableDeterministicOutput() started.
trust	CorvidLabs Trust gate	2026-10-07T04:32:25.7320700Z ✔ Test portableInsertPlacesFilesInRequestOrderAndWritesAReopenableDeterministicOutput() passed after 0.068 seconds.
trust	CorvidLabs Trust gate	2026-10-07T04:32:25.7320920Z ◇ Test portableInsertPlacesWorldModelsAtExactInt64FocusStrings() started.
trust	CorvidLabs Trust gate	2026-10-07T04:32:25.7321200Z ✔ Test portableInsertPlacesWorldModelsAtExactInt64FocusStrings() passed after 0.037 seconds.
trust	CorvidLabs Trust gate	2026-10-07T04:32:25.7321450Z ◇ Test occupiedTargetsNeedExplicitPermissionAndReportWhatTheyReplace() started.
trust	CorvidLabs Trust gate	2026-10-07T04:32:25.7321740Z ✔ Test occupiedTargetsNeedExplicitPermissionAndReportWhatTheyReplace() passed after 0.053 seconds.
trust	CorvidLabs Trust gate	2026-10-07T04:32:25.7322020Z ◇ Test worldAndGenericMarkdownChildrenAreRefusedByNameWithoutWritingAnything() started.
trust	CorvidLabs Trust gate	2026-10-07T04:32:25.7322350Z ✔ Test worldAndGenericMarkdownChildrenAreRefusedByNameWithoutWritingAnything() passed after 0.023 seconds.
trust	CorvidLabs Trust gate	2026-10-07T04:32:25.7322610Z ◇ Test staleRevisionsExistingOutputsAndBadExtensionsRefuseWithoutWriting() started.
trust	CorvidLabs Trust gate	2026-10-07T04:32:25.7322930Z ✔ Test staleRevisionsExistingOutputsAndBadExtensionsRefuseWithoutWriting() passed after 0.014 seconds.
trust	CorvidLabs Trust gate	2026-10-07T04:32:25.7323110Z ◇ Test requestsAreStrictBoundedAndNameTheirMistakes() started.
trust	CorvidLabs Trust gate	2026-10-07T04:32:25.7323350Z ✔ Test requestsAreStrictBoundedAndNameTheirMistakes() passed after 0.089 seconds.
trust	CorvidLabs Trust gate	2026-10-07T04:32:25.7323560Z ◇ Test earlyChecksRefuseByCountCellAndSizeBeforeReadingFiles() started.
trust	CorvidLabs Trust gate	2026-10-07T04:32:25.7323820Z ✔ Test earlyChecksRefuseByCountCellAndSizeBeforeReadingFiles() passed after 0.030 seconds.
trust	CorvidLabs Trust gate	2026-10-07T04:32:25.7323970Z ◇ Test symbolicLinkChildrenAreRefusedByName() started.
trust	CorvidLabs Trust gate	2026-10-07T04:32:25.7324170Z ✔ Test symbolicLinkChildrenAreRefusedByName() passed after 0.009 seconds.
trust	CorvidLabs Trust gate	2026-10-07T04:32:25.7324500Z ◇ Test referenceInsertWritesANativeReadableCompositionAndWorldAndRefusesStaleStyleFields() started.
trust	CorvidLabs Trust gate	2026-10-07T04:32:25.7324890Z ✔ Test referenceInsertWritesANativeReadableCompositionAndWorldAndRefusesStaleStyleFields() passed after 0.017 seconds.
trust	CorvidLabs Trust gate	2026-10-07T04:32:25.7325090Z ◇ Test nativeBudgetRefusesAnInsertionThatWouldNotReopen() started.
trust	CorvidLabs Trust gate	2026-10-07T04:32:25.7325420Z ✔ Test nativeBudgetRefusesAnInsertionThatWouldNotReopen() passed after 0.733 seconds.
trust	CorvidLabs Trust gate	2026-10-07T04:32:25.7325890Z ◇ Test portableInsertIntoANativeInputKeepsChildMetadataAndNeverBlamesAnOpenSceneThatHasNone() started.
trust	CorvidLabs Trust gate	2026-10-07T04:32:25.7326300Z ✔ Test portableInsertIntoANativeInputKeepsChildMetadataAndNeverBlamesAnOpenSceneThatHasNone() passed after 0.049 seconds.
trust	CorvidLabs Trust gate	2026-10-07T04:32:25.7326620Z ◇ Test aNativeInputTooLargeForAPortableCopyIsRefusedNamingItAndPointingToReferenceInsert() started.
trust	CorvidLabs Trust gate	2026-10-07T04:32:25.7327010Z ✔ Test aNativeInputTooLargeForAPortableCopyIsRefusedNamingItAndPointingToReferenceInsert() passed after 13.164 seconds.
trust	CorvidLabs Trust gate	2026-10-07T04:32:25.7327170Z ◇ Test inputAndExpectedSceneFailuresNameTheirFile() started.
trust	CorvidLabs Trust gate	2026-10-07T04:32:25.7327400Z ✔ Test inputAndExpectedSceneFailuresNameTheirFile() passed after 0.012 seconds.
trust	CorvidLabs Trust gate	2026-10-07T04:32:25.7327580Z ◇ Test graphLimitsHitAfterReadingNameEveryListedFile() started.
trust	CorvidLabs Trust gate	2026-10-07T04:32:25.7327820Z ✔ Test graphLimitsHitAfterReadingNameEveryListedFile() passed after 0.011 seconds.
trust	CorvidLabs Trust gate	2026-10-07T04:32:25.7328060Z ◇ Test theResolvedVolumeBudgetRefusesByNameBeforeAnyHugeFileIsDecoded() started.
trust	CorvidLabs Trust gate	2026-10-07T04:32:25.7328370Z ✔ Test theResolvedVolumeBudgetRefusesByNameBeforeAnyHugeFileIsDecoded() passed after 0.006 seconds.
trust	CorvidLabs Trust gate	2026-10-07T04:32:25.7328600Z ◇ Test referenceReceiptNamesChildrenWhosePortableDataWasNotCarried() started.
trust	CorvidLabs Trust gate	2026-10-07T04:32:25.7328890Z ✔ Test referenceReceiptNamesChildrenWhosePortableDataWasNotCarried() passed after 0.010 seconds.
trust	CorvidLabs Trust gate	2026-10-07T04:32:25.7329050Z ◇ Test cancellationBeforePublicationLeavesNoFile() started.
trust	CorvidLabs Trust gate	2026-10-07T04:32:25.7329270Z ✔ Test cancellationBeforePublicationLeavesNoFile() passed after 0.007 seconds.
trust	CorvidLabs Trust gate	2026-10-07T04:32:25.7329450Z ✔ Suite "Explicit-file insertion commands" passed after 14.343 seconds.
trust	CorvidLabs Trust gate	2026-10-07T04:32:25.7329630Z ◇ Suite "Linked composition inputs to explicit-file commands" started.
trust	CorvidLabs Trust gate	2026-10-07T04:32:25.7329930Z ◇ Test everyCommandThatReadsAScenePathRefusesALinkedRootNamingItAndItsProjectFolder() started.
trust	CorvidLabs Trust gate	2026-10-07T04:32:25.7330310Z ✔ Test everyCommandThatReadsAScenePathRefusesALinkedRootNamingItAndItsProjectFolder() passed after 0.025 seconds.
trust	CorvidLabs Trust gate	2026-10-07T04:32:25.7330540Z ◇ Test aBinaryLinkedRootIsRefusedByNameWithTheSharedExplanation() started.
trust	CorvidLabs Trust gate	2026-10-07T04:32:25.7330810Z ✔ Test aBinaryLinkedRootIsRefusedByNameWithTheSharedExplanation() passed after 0.011 seconds.
trust	CorvidLabs Trust gate	2026-10-07T04:32:25.7330960Z ◇ Test otherInputsKeepTheirExistingRefusals() started.
trust	CorvidLabs Trust gate	2026-10-07T04:32:25.7331160Z ✔ Test otherInputsKeepTheirExistingRefusals() passed after 0.012 seconds.
trust	CorvidLabs Trust gate	2026-10-07T04:32:25.7331480Z ◇ Test portableInspectionReadsSelfContainedBundlesAsCompositionsWithoutTheProjectFolder() started.
trust	CorvidLabs Trust gate	2026-10-07T04:32:25.7331860Z ✔ Test portableInspectionReadsSelfContainedBundlesAsCompositionsWithoutTheProjectFolder() passed after 0.064 seconds.
trust	CorvidLabs Trust gate	2026-10-07T04:32:25.7332090Z ✔ Suite "Linked composition inputs to explicit-file commands" passed after 0.113 seconds.
trust	CorvidLabs Trust gate	2026-10-07T04:32:25.7332310Z ◇ Suite "Portable scene development commands" started.
trust	CorvidLabs Trust gate	2026-10-07T04:32:25.7332620Z ◇ Test exportAcceptsEveryLegacySceneAndPublishesBothPortableFormatsWithoutChangingInput() started.
trust	CorvidLabs Trust gate	2026-10-07T04:32:25.7333080Z ✔ Test exportAcceptsEveryLegacySceneAndPublishesBothPortableFormatsWithoutChangingInput() passed after 0.056 seconds.
trust	CorvidLabs Trust gate	2026-10-07T04:32:25.7333290Z ◇ Test inspectReportsStructuredDiagnosticsAndPortableSceneFacts() started.
trust	CorvidLabs Trust gate	2026-10-07T04:32:25.7333570Z ✔ Test inspectReportsStructuredDiagnosticsAndPortableSceneFacts() passed after 0.019 seconds.
trust	CorvidLabs Trust gate	2026-10-07T04:32:25.7333830Z ◇ Test applyUsesExactExpectedRevisionPreservesReferencesAndIsDeterministic() started.
trust	CorvidLabs Trust gate	2026-10-07T04:32:25.7334150Z ✔ Test applyUsesExactExpectedRevisionPreservesReferencesAndIsDeterministic() passed after 0.062 seconds.
trust	CorvidLabs Trust gate	2026-10-07T04:32:25.7334330Z ◇ Test staleSceneAndFailedCommandBatchNeverCreateOutput() started.
trust	CorvidLabs Trust gate	2026-10-07T04:32:25.7334570Z ✔ Test staleSceneAndFailedCommandBatchNeverCreateOutput() passed after 0.019 seconds.
trust	CorvidLabs Trust gate	2026-10-07T04:32:25.7334810Z ◇ Test requestsRejectUnknownDuplicateEquivalentAndOversizedFields() started.
trust	CorvidLabs Trust gate	2026-10-07T04:32:25.7335110Z ✔ Test requestsRejectUnknownDuplicateEquivalentAndOversizedFields() passed after 0.032 seconds.
trust	CorvidLabs Trust gate	2026-10-07T04:32:25.7335400Z ◇ Test exportsNeverOverwriteExistingFilesOrSymbolicLinksAndRejectUnknownExtensions() started.
trust	CorvidLabs Trust gate	2026-10-07T04:32:25.7335760Z ✔ Test exportsNeverOverwriteExistingFilesOrSymbolicLinksAndRejectUnknownExtensions() passed after 0.013 seconds.
trust	CorvidLabs Trust gate	2026-10-07T04:32:25.7335920Z ◇ Test cancellationBeforePublicationLeavesNoFile() started.
trust	CorvidLabs Trust gate	2026-10-07T04:32:25.7336140Z ✔ Test cancellationBeforePublicationLeavesNoFile() passed after 0.001 seconds.
trust	CorvidLabs Trust gate	2026-10-07T04:32:25.7336330Z ✔ Suite "Portable scene development commands" passed after 0.206 seconds.
trust	CorvidLabs Trust gate	2026-10-07T04:32:25.7336590Z ◇ Test referenceCLIInspectsSharedIDsAndProvidesACompleteExpectedModelSnapshot() started.
trust	CorvidLabs Trust gate	2026-10-07T04:32:25.7336940Z ✔ Test referenceCLIInspectsSharedIDsAndProvidesACompleteExpectedModelSnapshot() passed after 0.004 seconds.
trust	CorvidLabs Trust gate	2026-10-07T04:32:25.7337210Z ◇ Test referenceCLIInspectsWorldTransformsWithoutLosingLargeIntegerPrecision() started.
trust	CorvidLabs Trust gate	2026-10-07T04:32:25.7337550Z ✔ Test referenceCLIInspectsWorldTransformsWithoutLosingLargeIntegerPrecision() passed after 0.003 seconds.
trust	CorvidLabs Trust gate	2026-10-07T04:32:25.7337800Z ◇ Test referenceCLIUpdatesSharedCompositionLeafAndKeepsNestedBindings() started.
trust	CorvidLabs Trust gate	2026-10-07T04:32:25.7338100Z ✔ Test referenceCLIUpdatesSharedCompositionLeafAndKeepsNestedBindings() passed after 0.006 seconds.
trust	CorvidLabs Trust gate	2026-10-07T04:32:25.7338390Z ◇ Test referenceCLIUpdatesWorldLeafWithoutChangingInstancesOrFlatteningTheLibrary() started.
trust	CorvidLabs Trust gate	2026-10-07T04:32:25.7338740Z ✔ Test referenceCLIUpdatesWorldLeafWithoutChangingInstancesOrFlatteningTheLibrary() passed after 0.007 seconds.
trust	CorvidLabs Trust gate	2026-10-07T04:32:25.7338960Z ◇ Test referenceCLIMakesOneWorldLeafUniqueThenEditsOnlyItsCopy() started.
trust	CorvidLabs Trust gate	2026-10-07T04:32:25.7339230Z ✔ Test referenceCLIMakesOneWorldLeafUniqueThenEditsOnlyItsCopy() passed after 0.012 seconds.
trust	CorvidLabs Trust gate	2026-10-07T04:32:25.7339520Z ◇ Test referenceCLIRejectsStaleModelsEvenWhenDimensionsAndOccupiedCountsMatch() started.
trust	CorvidLabs Trust gate	2026-10-07T04:32:25.7339850Z ✔ Test referenceCLIRejectsStaleModelsEvenWhenDimensionsAndOccupiedCountsMatch() passed after 0.005 seconds.
trust	CorvidLabs Trust gate	2026-10-07T04:32:25.7340120Z ◇ Test referenceCLIRequiresCompleteMatchingSourceBytesForUniqueWorldInstances() started.
trust	CorvidLabs Trust gate	2026-10-07T04:32:25.7340460Z ✔ Test referenceCLIRequiresCompleteMatchingSourceBytesForUniqueWorldInstances() passed after 0.006 seconds.
trust	CorvidLabs Trust gate	2026-10-07T04:32:25.7340730Z ◇ Test referenceCLIRejectsUnknownInstancesExistingModelIDsAndNestedUniqueness() started.
trust	CorvidLabs Trust gate	2026-10-07T04:32:25.7341070Z ✔ Test referenceCLIRejectsUnknownInstancesExistingModelIDsAndNestedUniqueness() passed after 0.011 seconds.
trust	CorvidLabs Trust gate	2026-10-07T04:32:25.7341290Z ◇ Test referenceCLIFailedCommandsLeaveTheSourceAndOutputUntouched() started.
trust	CorvidLabs Trust gate	2026-10-07T04:32:25.7341570Z ✔ Test referenceCLIFailedCommandsLeaveTheSourceAndOutputUntouched() passed after 0.004 seconds.
trust	CorvidLabs Trust gate	2026-10-07T04:32:25.7342170Z ◇ Test referenceCLIRefusesTileEditingFlatteningAndAmbiguousRequestFields() started.
trust	CorvidLabs Trust gate	2026-10-07T04:32:25.7342480Z ✔ Test referenceCLIRefusesTileEditingFlatteningAndAmbiguousRequestFields() passed after 0.010 seconds.
trust	CorvidLabs Trust gate	2026-10-07T04:32:25.7342860Z ◇ Test referenceCLIRefusesExistingOutputsIncludingSourceDirectoriesAndDanglingLinks() started.
trust	CorvidLabs Trust gate	2026-10-07T04:32:25.7343220Z ✔ Test referenceCLIRefusesExistingOutputsIncludingSourceDirectoriesAndDanglingLinks() passed after 0.013 seconds.
trust	CorvidLabs Trust gate	2026-10-07T04:32:25.7343430Z ◇ Test referenceCLIBoundsRequestFilesAndRefusesNonRegularInputs() started.
trust	CorvidLabs Trust gate	2026-10-07T04:32:25.7343710Z ✔ Test referenceCLIBoundsRequestFilesAndRefusesNonRegularInputs() passed after 0.028 seconds.
trust	CorvidLabs Trust gate	2026-10-07T04:32:25.7343870Z ◇ Test referenceCLICancellationDoesNotPublishAFile() started.
trust	CorvidLabs Trust gate	2026-10-07T04:32:25.7344100Z ✔ Test referenceCLICancellationDoesNotPublishAFile() passed after 0.004 seconds.
trust	CorvidLabs Trust gate	2026-10-07T04:32:25.7344220Z ◇ Suite "Dense volume study reduced fixtures" started.
trust	CorvidLabs Trust gate	2026-10-07T04:32:25.7344450Z ◇ Test strictCLIRequiresAbsoluteNewOutputAndExplicitDenseOptIn() started.
trust	CorvidLabs Trust gate	2026-10-07T04:32:25.7344720Z ✔ Test strictCLIRequiresAbsoluteNewOutputAndExplicitDenseOptIn() passed after 0.001 seconds.
trust	CorvidLabs Trust gate	2026-10-07T04:32:25.7344950Z ◇ Test reducedDenseStudyTouchesHashesStreamsAndComparesEveryByte() started.
trust	CorvidLabs Trust gate	2026-10-07T04:32:25.7345240Z ✔ Test reducedDenseStudyTouchesHashesStreamsAndComparesEveryByte() passed after 0.003 seconds.
trust	CorvidLabs Trust gate	2026-10-07T04:32:25.7345500Z ◇ Test resourceGuardRefusesBeforeCreatingOutputAndHonorsKernelProcessLimit() started.
trust	CorvidLabs Trust gate	2026-10-07T04:32:25.7345820Z ✔ Test resourceGuardRefusesBeforeCreatingOutputAndHonorsKernelProcessLimit() passed after 0.001 seconds.
trust	CorvidLabs Trust gate	2026-10-07T04:32:25.7346080Z ◇ Test reduced64CubePatternCrossesEachBlockAxisAndHasAnIndependentDigest() started.
trust	CorvidLabs Trust gate	2026-10-07T04:32:25.7346390Z ✔ Test reduced64CubePatternCrossesEachBlockAxisAndHasAnIndependentDigest() passed after 0.063 seconds.
trust	CorvidLabs Trust gate	2026-10-07T04:32:25.7346660Z ◇ Test stagingReplacementBeforeEncodingOrPublicationPreservesForeignContent() started.
trust	CorvidLabs Trust gate	2026-10-07T04:32:25.7346990Z ✔ Test stagingReplacementBeforeEncodingOrPublicationPreservesForeignContent() passed after 0.005 seconds.
trust	CorvidLabs Trust gate	2026-10-07T04:32:25.7347220Z ◇ Test newOutputGuardPreservesExistingDirectoriesAndSymbolicLinks() started.
trust	CorvidLabs Trust gate	2026-10-07T04:32:25.7347510Z ✔ Test newOutputGuardPreservesExistingDirectoriesAndSymbolicLinks() passed after 0.001 seconds.
trust	CorvidLabs Trust gate	2026-10-07T04:32:25.7347820Z ◇ Test streamingVerificationRejectsCorruptionTruncationConcatenationAndLengthMismatch() started.
trust	CorvidLabs Trust gate	2026-10-07T04:32:25.7348190Z ✔ Test streamingVerificationRejectsCorruptionTruncationConcatenationAndLengthMismatch() passed after 0.334 seconds.
trust	CorvidLabs Trust gate	2026-10-07T04:32:25.7348420Z ◇ Test cancellationAfterAllocationCleansStagingAndPublishesNothing() started.
trust	CorvidLabs Trust gate	2026-10-07T04:32:25.7348710Z ✔ Test cancellationAfterAllocationCleansStagingAndPublishesNothing() passed after 0.018 seconds.
trust	CorvidLabs Trust gate	2026-10-07T04:32:25.7348890Z ✔ Suite "Dense volume study reduced fixtures" passed after 0.429 seconds.
trust	CorvidLabs Trust gate	2026-10-07T04:32:25.7349020Z ◇ Suite "Volume world study publication" started.
trust	CorvidLabs Trust gate	2026-10-07T04:32:25.7349240Z ◇ Test rejectsInvalidAndExistingDestinationsWithoutChangingThem() started.
trust	CorvidLabs Trust gate	2026-10-07T04:32:25.7349520Z ✔ Test rejectsInvalidAndExistingDestinationsWithoutChangingThem() passed after 0.002 seconds.
trust	CorvidLabs Trust gate	2026-10-07T04:32:25.7349690Z ◇ Test publishesSupportedWorldCopiesWithExactFacts() started.
trust	CorvidLabs Trust gate	2026-10-07T04:32:25.7349920Z ✔ Test publishesSupportedWorldCopiesWithExactFacts() passed after 39.180 seconds.
trust	CorvidLabs Trust gate	2026-10-07T04:32:25.7350140Z ◇ Test replacementDirectoryIsNeitherPublishedNorRecursivelyRemoved() started.
trust	CorvidLabs Trust gate	2026-10-07T04:32:25.7350430Z ✔ Test replacementDirectoryIsNeitherPublishedNorRecursivelyRemoved() passed after 0.005 seconds.
trust	CorvidLabs Trust gate	2026-10-07T04:32:25.7350660Z ◇ Test exclusiveDirectoryPublicationPreservesARacingExistingTarget() started.
trust	CorvidLabs Trust gate	2026-10-07T04:32:25.7350950Z ✔ Test exclusiveDirectoryPublicationPreservesARacingExistingTarget() passed after 0.002 seconds.
trust	CorvidLabs Trust gate	2026-10-07T04:32:25.7351190Z ◇ Test cleanupPreservesAReplacementFileInsideThePinnedStagingDirectory() started.
trust	CorvidLabs Trust gate	2026-10-07T04:32:25.7351590Z ✔ Test cleanupPreservesAReplacementFileInsideThePinnedStagingDirectory() passed after 0.002 seconds.
trust	CorvidLabs Trust gate	2026-10-07T04:32:25.7351910Z ◇ Test cancellationAfterCreatingStagingLeavesNoOutputOrTemporaryDirectory() started.
trust	CorvidLabs Trust gate	2026-10-07T04:32:25.7352240Z ✔ Test cancellationAfterCreatingStagingLeavesNoOutputOrTemporaryDirectory() passed after 0.001 seconds.
trust	CorvidLabs Trust gate	2026-10-07T04:32:25.7352410Z ✔ Suite "Volume world study publication" passed after 39.195 seconds.
trust	CorvidLabs Trust gate	2026-10-07T04:32:25.7352690Z ◇ Test sparseWorldCLIInspectKeepsExactCoordinatesAndExtractsOnlyAnExplicitModel() started.
trust	CorvidLabs Trust gate	2026-10-07T04:32:25.7353050Z ✔ Test sparseWorldCLIInspectKeepsExactCoordinatesAndExtractsOnlyAnExplicitModel() passed after 0.190 seconds.
trust	CorvidLabs Trust gate	2026-10-07T04:32:25.7353240Z ◇ Test directProcessExecutionDoesNotInterpretArgumentText() started.
trust	CorvidLabs Trust gate	2026-10-07T04:32:25.7353490Z ✔ Test directProcessExecutionDoesNotInterpretArgumentText() passed after 0.007 seconds.
trust	CorvidLabs Trust gate	2026-10-07T04:32:25.7353680Z ◇ Test incorrectPinnedVersionStopsBeforeRunningTheTool() started.
trust	CorvidLabs Trust gate	2026-10-07T04:32:25.7353920Z ✔ Test incorrectPinnedVersionStopsBeforeRunningTheTool() passed after 0.001 seconds.
trust	CorvidLabs Trust gate	2026-10-07T04:32:25.7353990Z failed
trust	CorvidLabs Trust gate	2026-10-07T04:32:25.7354750Z build failed◇ Test specArgumentsRemainLiteralArgumentsAndFailuresPropagate() started.
trust	CorvidLabs Trust gate	2026-10-07T04:32:25.7355050Z ✔ Test specArgumentsRemainLiteralArgumentsAndFailuresPropagate() passed after 0.001 seconds.
trust	CorvidLabs Trust gate	2026-10-07T04:32:25.7355220Z ◇ Test failedReleaseBuildDoesNotScanAnOldExecutable() started.
trust	CorvidLabs Trust gate	2026-10-07T04:32:25.7355450Z ✔ Test failedReleaseBuildDoesNotScanAnOldExecutable() passed after 0.001 seconds.
trust	CorvidLabs Trust gate	2026-10-07T04:32:25.7355730Z ◇ Test failedPackagingReleaseBuildDoesNotCopyAnOldExecutableOrReplaceTheBundle() started.
trust	CorvidLabs Trust gate	2026-10-07T04:32:25.7356150Z release build failed✔ Test failedPackagingReleaseBuildDoesNotCopyAnOldExecutableOrReplaceTheBundle() passed after 0.006 seconds.
trust	CorvidLabs Trust gate	2026-10-07T04:32:25.7356330Z ◇ Test sourceScanRejectsNetworkProcessAndCoreBridges() started.
trust	CorvidLabs Trust gate	2026-10-07T04:32:25.7356570Z ✔ Test sourceScanRejectsNetworkProcessAndCoreBridges() passed after 0.026 seconds.
trust	CorvidLabs Trust gate	2026-10-07T04:32:25.7356810Z ◇ Test entitlementCheckRequiresExactlyTheSandboxAndUserSelectedKeys() started.
trust	CorvidLabs Trust gate	2026-10-07T04:32:25.7357110Z ✔ Test entitlementCheckRequiresExactlyTheSandboxAndUserSelectedKeys() passed after 0.011 seconds.
trust	CorvidLabs Trust gate	2026-10-07T04:32:25.7357470Z ◇ Test boundaryStepRefusesAnAddedEntitlementBeforeRunningAnyTool() started.
trust	CorvidLabs Trust gate	2026-10-07T04:32:25.7357760Z ✔ Test boundaryStepRefusesAnAddedEntitlementBeforeRunningAnyTool() passed after 0.004 seconds.
trust	CorvidLabs Trust gate	2026-10-07T04:32:25.7357980Z ◇ Test productSourcesRefuseStoredDefaultsKeysOtherThanAppearance() started.
trust	CorvidLabs Trust gate	2026-10-07T04:32:25.7358270Z ✔ Test productSourcesRefuseStoredDefaultsKeysOtherThanAppearance() passed after 0.079 seconds.
trust	CorvidLabs Trust gate	2026-10-07T04:32:25.7358490Z ◇ Test productSourcesRefuseFileWatchersAndSecurityScopedBookmarks() started.
trust	CorvidLabs Trust gate	2026-10-07T04:32:25.7358780Z ✔ Test productSourcesRefuseFileWatchersAndSecurityScopedBookmarks() passed after 0.025 seconds.
trust	CorvidLabs Trust gate	2026-10-07T04:32:25.7359010Z ◇ Test currentRepositorySourcesAndEntitlementsPassTheBoundaryScan() started.
trust	CorvidLabs Trust gate	2026-10-07T04:32:25.7359300Z ✔ Test currentRepositorySourcesAndEntitlementsPassTheBoundaryScan() passed after 0.897 seconds.
trust	CorvidLabs Trust gate	2026-10-07T04:32:25.7359540Z ◇ Test productDependencyGraphRejectsTransitiveToolingAndUnknownEdges() started.
trust	CorvidLabs Trust gate	2026-10-07T04:32:25.7359840Z ✔ Test productDependencyGraphRejectsTransitiveToolingAndUnknownEdges() passed after 0.002 seconds.
trust	CorvidLabs Trust gate	2026-10-07T04:32:25.7360030Z ◇ Test releaseMarkerScanIncludesEmbeddedUnprintableBytes() started.
trust	CorvidLabs Trust gate	2026-10-07T04:32:25.7360280Z ✔ Test releaseMarkerScanIncludesEmbeddedUnprintableBytes() passed after 0.001 seconds.
trust	CorvidLabs Trust gate	2026-10-07T04:32:25.7360540Z ◇ Test repositoryInventoryRejectsPythonAndShellProgramsOutsideDependencies() started.
trust	CorvidLabs Trust gate	2026-10-07T04:32:25.7360870Z ✔ Test repositoryInventoryRejectsPythonAndShellProgramsOutsideDependencies() passed after 0.001 seconds.
trust	CorvidLabs Trust gate	2026-10-07T04:32:25.7361070Z ◇ Test failedRepositoryInventoryCannotPassSourceBoundaries() started.
trust	CorvidLabs Trust gate	2026-10-07T04:32:25.7361520Z git failed✔ Test failedRepositoryInventoryCannotPassSourceBoundaries() passed after 0.008 seconds.
trust	CorvidLabs Trust gate	2026-10-07T04:32:25.7361960Z ◇ Test signingFailurePreservesTheExistingBundleAndRemovesStaging() started.
trust	CorvidLabs Trust gate	2026-10-07T04:32:25.7362290Z signing failed✔ Test signingFailurePreservesTheExistingBundleAndRemovesStaging() passed after 0.015 seconds.
trust	CorvidLabs Trust gate	2026-10-07T04:32:25.7362570Z ◇ Test successfulPackagingBuildsAndCopiesReleaseBeforeReplacingTheOwnedBundle() started.
trust	CorvidLabs Trust gate	2026-10-07T04:32:25.7363140Z release builtsignedverifiedentitlementspackaged /var/folders/5k/616qy7sj28l0d53k4c6w_4x00000gn/T/rook-tooling-test-C821CCC1-9E6F-4872-A97B-40605550C8D8/dist/Rook.app; local ad-hoc signature, not notarized
trust	CorvidLabs Trust gate	2026-10-07T04:32:25.7363480Z ✔ Test successfulPackagingBuildsAndCopiesReleaseBeforeReplacingTheOwnedBundle() passed after 0.052 seconds.
trust	CorvidLabs Trust gate	2026-10-07T04:32:25.7363690Z ◇ Test packagingDoesNotFallBackToDebugWhenReleaseIsMissing() started.
trust	CorvidLabs Trust gate	2026-10-07T04:32:25.7363940Z ✔ Test packagingDoesNotFallBackToDebugWhenReleaseIsMissing() passed after 0.005 seconds.
trust	CorvidLabs Trust gate	2026-10-07T04:32:25.7364180Z ◇ Test packagingRefusesUnrelatedBundlesAndSymbolicLinkDestinations() started.
trust	CorvidLabs Trust gate	2026-10-07T04:32:25.7364480Z ✔ Test packagingRefusesUnrelatedBundlesAndSymbolicLinkDestinations() passed after 0.009 seconds.
trust	CorvidLabs Trust gate	2026-10-07T04:32:25.7364610Z ◇ Test runnerAcceptsCompleteSwiftChild() started.
trust	CorvidLabs Trust gate	2026-10-07T04:32:25.7364790Z ✔ Test runnerAcceptsCompleteSwiftChild() passed after 0.516 seconds.
trust	CorvidLabs Trust gate	2026-10-07T04:32:25.7364950Z ◇ Test runnerRejectsPrematureSwiftChildExitZero() started.
trust	CorvidLabs Trust gate	2026-10-07T04:32:25.7365170Z ✔ Test runnerRejectsPrematureSwiftChildExitZero() passed after 0.239 seconds.
trust	CorvidLabs Trust gate	2026-10-07T04:32:25.7365350Z ◇ Test runnerRejectsSwiftChildRecordedIssueAtExitZero() started.
trust	CorvidLabs Trust gate	2026-10-07T04:32:25.7365590Z ✔ Test runnerRejectsSwiftChildRecordedIssueAtExitZero() passed after 0.225 seconds.
trust	CorvidLabs Trust gate	2026-10-07T04:32:25.7365740Z ◇ Test runnerPreservesActualSwiftChildExitSeven() started.
trust	CorvidLabs Trust gate	2026-10-07T04:32:25.7365960Z ✔ Test runnerPreservesActualSwiftChildExitSeven() passed after 0.250 seconds.
trust	CorvidLabs Trust gate	2026-10-07T04:32:25.7366110Z ◇ Test runnerDoesNotOverwriteRetainedEvidence() started.
trust	CorvidLabs Trust gate	2026-10-07T04:32:25.7366320Z ✔ Test runnerDoesNotOverwriteRetainedEvidence() passed after 0.001 seconds.
trust	CorvidLabs Trust gate	2026-10-07T04:32:25.7366520Z ◇ Test completeSwiftTestingRunIsAcceptedWithTypedSummary() started.
trust	CorvidLabs Trust gate	2026-10-07T04:32:25.7366770Z ✔ Test completeSwiftTestingRunIsAcceptedWithTypedSummary() passed after 0.008 seconds.
trust	CorvidLabs Trust gate	2026-10-07T04:32:25.7366950Z ◇ Test recordedIssuesAndMissingSummaryAreBothRejected() started.
trust	CorvidLabs Trust gate	2026-10-07T04:32:25.7367190Z ✔ Test recordedIssuesAndMissingSummaryAreBothRejected() passed after 0.007 seconds.
trust	CorvidLabs Trust gate	2026-10-07T04:32:25.7367330Z ◇ Test incompleteRunWithoutFailureCannotPass() started.
trust	CorvidLabs Trust gate	2026-10-07T04:32:25.7367540Z ✔ Test incompleteRunWithoutFailureCannotPass() passed after 0.012 seconds.
trust	CorvidLabs Trust gate	2026-10-07T04:32:25.7367650Z ◇ Test xctestZeroAloneCannotPass() started.
trust	CorvidLabs Trust gate	2026-10-07T04:32:25.7367810Z ✔ Test xctestZeroAloneCannotPass() passed after 0.006 seconds.
trust	CorvidLabs Trust gate	2026-10-07T04:32:25.7367960Z ◇ Test ansiUnicodeAndCIFormattingAreAccepted() started.
trust	CorvidLabs Trust gate	2026-10-07T04:32:25.7368160Z ✔ Test ansiUnicodeAndCIFormattingAreAccepted() passed after 0.004 seconds.
trust	CorvidLabs Trust gate	2026-10-07T04:32:25.7368340Z ◇ Test failureWordsInsidePassingTestNamesAreNotIssues() started.
trust	CorvidLabs Trust gate	2026-10-07T04:32:25.7368580Z ✔ Test failureWordsInsidePassingTestNamesAreNotIssues() passed after 0.011 seconds.
trust	CorvidLabs Trust gate	2026-10-07T04:32:25.7368770Z ◇ Test upstreamFailureCannotBeHiddenBySuccessfulSummary() started.
trust	CorvidLabs Trust gate	2026-10-07T04:32:25.7369010Z ✔ Test upstreamFailureCannotBeHiddenBySuccessfulSummary() passed after 0.007 seconds.
trust	CorvidLabs Trust gate	2026-10-07T04:32:25.7369190Z ◇ Test earlierIssueCannotBeHiddenBySuccessfulSummary() started.
trust	CorvidLabs Trust gate	2026-10-07T04:32:25.7369420Z ✔ Test earlierIssueCannotBeHiddenBySuccessfulSummary() passed after 0.009 seconds.
trust	CorvidLabs Trust gate	2026-10-07T04:32:25.7369590Z ◇ Test earlierSummaryCannotHideALaterUnfinishedRun() started.
trust	CorvidLabs Trust gate	2026-10-07T04:32:25.7369820Z ✔ Test earlierSummaryCannotHideALaterUnfinishedRun() passed after 0.011 seconds.
trust	CorvidLabs Trust gate	2026-10-07T04:32:25.7370010Z ◇ Test zeroSwiftTestingCountIsRejected() started.
trust	CorvidLabs Trust gate	2026-10-07T04:32:25.7370200Z ✔ Test zeroSwiftTestingCountIsRejected() passed after 0.003 seconds.
trust	CorvidLabs Trust gate	2026-10-07T04:32:25.7370470Z ◇ Test explicitExpectedCountIsEnforcedWithoutAProductCountPin() started.
trust	CorvidLabs Trust gate	2026-10-07T04:32:25.7370750Z ✔ Test explicitExpectedCountIsEnforcedWithoutAProductCountPin() passed after 0.010 seconds.
trust	CorvidLabs Trust gate	2026-10-07T04:32:25.7370950Z ◇ Test xctestFailureIsRejectedEvenWithSwiftTestingSuccess() started.
trust	CorvidLabs Trust gate	2026-10-07T04:32:25.7371210Z ✔ Test xctestFailureIsRejectedEvenWithSwiftTestingSuccess() passed after 0.005 seconds.
trust	CorvidLabs Trust gate	2026-10-07T04:32:25.7371380Z ✔ Test run with 586 tests in 49 suites passed after 462.430 seconds.
trust	CorvidLabs Trust gate	2026-10-07T04:32:25.7371380Z 
trust	CorvidLabs Trust gate	2026-10-07T04:32:25.7371790Z Retained test log: /Volumes/NVME/runners/actions-runner-1/_work/sculpt-3md/sculpt-3md/.build/verification/A6463D9C-9FD3-462A-9D47-7178B5D63530/swift-test.log
trust	CorvidLabs Trust gate	2026-10-07T04:32:25.7372210Z Test receipt: /Volumes/NVME/runners/actions-runner-1/_work/sculpt-3md/sculpt-3md/.build/verification/A6463D9C-9FD3-462A-9D47-7178B5D63530/swift-test-result.json
trust	CorvidLabs Trust gate	2026-10-07T04:32:25.7372400Z   ✔ Step 3 done (7m 50.396s)
trust	CorvidLabs Trust gate	2026-10-07T04:32:25.7372640Z   ▶️ Running task: intent
trust	CorvidLabs Trust gate	2026-10-07T04:32:27.0900200Z 47 criteria · 12 families · 12 files · 53 retired
trust	CorvidLabs Trust gate	2026-10-07T04:32:27.0921430Z   ✔ Step 4 done (1.446s)
trust	CorvidLabs Trust gate	2026-10-07T04:32:27.0922970Z   ▶️ Running task: spec
trust	CorvidLabs Trust gate	2026-10-07T04:32:28.1991340Z 
trust	CorvidLabs Trust gate	2026-10-07T04:32:28.1996890Z specs/RookApp/RookApp.spec.md
trust	CorvidLabs Trust gate	2026-10-07T04:32:28.2032120Z   ✓ Frontmatter valid
trust	CorvidLabs Trust gate	2026-10-07T04:32:28.2037640Z   ✓ All source files exist
trust	CorvidLabs Trust gate	2026-10-07T04:32:28.2043970Z   ✓ All required sections present
trust	CorvidLabs Trust gate	2026-10-07T04:32:28.2045570Z   ✓ All dependency specs exist
trust	CorvidLabs Trust gate	2026-10-07T04:32:28.2067990Z 
trust	CorvidLabs Trust gate	2026-10-07T04:32:28.2069590Z specs/RookCore/RookCore.spec.md
trust	CorvidLabs Trust gate	2026-10-07T04:32:28.2071540Z   ✓ Frontmatter valid
trust	CorvidLabs Trust gate	2026-10-07T04:32:28.2073060Z   ✓ All source files exist
trust	CorvidLabs Trust gate	2026-10-07T04:32:28.2084360Z   ✓ All required sections present
trust	CorvidLabs Trust gate	2026-10-07T04:32:28.2096830Z   ✓ 6/6 exports documented
trust	CorvidLabs Trust gate	2026-10-07T04:32:28.2108360Z   ✓ All dependency specs exist
trust	CorvidLabs Trust gate	2026-10-07T04:32:28.2110380Z 
trust	CorvidLabs Trust gate	2026-10-07T04:32:28.2111850Z specs/RookDevelopment/RookDevelopment.spec.md
trust	CorvidLabs Trust gate	2026-10-07T04:32:28.2120110Z   ✓ Frontmatter valid
trust	CorvidLabs Trust gate	2026-10-07T04:32:28.2124030Z   ✓ All source files exist
trust	CorvidLabs Trust gate	2026-10-07T04:32:28.2125690Z   ✓ All required sections present
trust	CorvidLabs Trust gate	2026-10-07T04:32:28.2131280Z   ✓ 70/70 exports documented
trust	CorvidLabs Trust gate	2026-10-07T04:32:28.2131800Z   ✓ All dependency specs exist
trust	CorvidLabs Trust gate	2026-10-07T04:32:28.2132280Z 
trust	CorvidLabs Trust gate	2026-10-07T04:32:28.2132440Z specs/RookRendering/RookRendering.spec.md
trust	CorvidLabs Trust gate	2026-10-07T04:32:28.2132720Z   ✓ Frontmatter valid
trust	CorvidLabs Trust gate	2026-10-07T04:32:28.2132910Z   ✓ All source files exist
trust	CorvidLabs Trust gate	2026-10-07T04:32:28.2133120Z   ✓ All required sections present
trust	CorvidLabs Trust gate	2026-10-07T04:32:28.2133340Z   ✓ 139/139 exports documented
trust	CorvidLabs Trust gate	2026-10-07T04:32:28.2133540Z   ✓ All dependency specs exist
trust	CorvidLabs Trust gate	2026-10-07T04:32:28.2133670Z 
trust	CorvidLabs Trust gate	2026-10-07T04:32:28.2133750Z specs/RookSculpture/RookSculpture.spec.md
trust	CorvidLabs Trust gate	2026-10-07T04:32:28.2134000Z   ✓ Frontmatter valid
trust	CorvidLabs Trust gate	2026-10-07T04:32:28.2134180Z   ✓ All source files exist
trust	CorvidLabs Trust gate	2026-10-07T04:32:28.2134390Z   ✓ All required sections present
trust	CorvidLabs Trust gate	2026-10-07T04:32:28.2135150Z   ✓ 281/281 exports documented
trust	CorvidLabs Trust gate	2026-10-07T04:32:28.2135410Z   ✓ All dependency specs exist
trust	CorvidLabs Trust gate	2026-10-07T04:32:28.2135550Z 
trust	CorvidLabs Trust gate	2026-10-07T04:32:28.2135670Z 5 specs checked: 5 passed, 0 warning(s), 0 failed
trust	CorvidLabs Trust gate	2026-10-07T04:32:28.2135930Z File coverage: 85/85 (100%)
trust	CorvidLabs Trust gate	2026-10-07T04:32:28.2136130Z LOC coverage:  23102/23102 (100%)
trust	CorvidLabs Trust gate	2026-10-07T04:32:28.2136340Z   ✔ Step 5 done (1.110s)
trust	CorvidLabs Trust gate	2026-10-07T04:32:28.2136630Z   ▶️ Running task: boundaries
trust	CorvidLabs Trust gate	2026-10-07T04:32:30.4731230Z source boundary scan passed; product targets exclude development tooling
trust	CorvidLabs Trust gate	2026-10-07T04:32:30.4744500Z   ✔ Step 6 done (2.272s)
trust	CorvidLabs Trust gate	2026-10-07T04:32:30.4785720Z   ▶️ Running task: release-fixture
trust	CorvidLabs Trust gate	2026-10-07T04:33:44.5952650Z Building for production...
trust	CorvidLabs Trust gate	2026-10-07T04:33:44.5952910Z [0/8] Write sources
trust	CorvidLabs Trust gate	2026-10-07T04:33:44.5953130Z [5/8] Write swift-version--58304C5D6DBC2206.txt
trust	CorvidLabs Trust gate	2026-10-07T04:33:44.5953400Z [7/10] Compiling RookCore AppAppearance.swift
trust	CorvidLabs Trust gate	2026-10-07T04:33:44.5954270Z [8/10] Compiling ThreeMD Axis.swift
trust	CorvidLabs Trust gate	2026-10-07T04:33:44.5954490Z [9/11] Compiling RookSculpture Sculpture.swift
trust	CorvidLabs Trust gate	2026-10-07T04:33:44.5954770Z [10/12] Compiling RookRendering MetalSculptureView.swift
trust	CorvidLabs Trust gate	2026-10-07T04:33:44.5967000Z [11/13] Compiling RookApp Brand.swift
trust	CorvidLabs Trust gate	2026-10-07T04:33:44.5967230Z [11/13] Write Objects.LinkFileList
trust	CorvidLabs Trust gate	2026-10-07T04:33:44.5967410Z [12/13] Linking Rook
trust	CorvidLabs Trust gate	2026-10-07T04:33:44.5967580Z Build of product 'Rook' complete! (72.33s)
trust	CorvidLabs Trust gate	2026-10-07T04:33:44.6006010Z release fixture strings are absent
trust	CorvidLabs Trust gate	2026-10-07T04:33:44.6022710Z   ✔ Step 7 done (1m 14.127s)
trust	CorvidLabs Trust gate	2026-10-07T04:33:44.6023000Z ✅ Lane verify completed (7 steps in 10m 1.270s)
trust	CorvidLabs Trust gate	2026-10-07T04:33:44.6227590Z ##[end-action id=__CorvidLabs_trust.lifecycle;outcome=success;conclusion=success;duration_ms=602344]
trust	CorvidLabs Trust gate	2026-10-07T04:33:44.6239590Z ##[start-action display=Revalidate SpecSync contract inputs;id=__CorvidLabs_trust.__run_2]
trust	CorvidLabs Trust gate	2026-10-07T04:33:44.6298920Z ##[group]Run set -euo pipefail
trust	CorvidLabs Trust gate	2026-10-07T04:33:44.6299160Z ^[[36;1mset -euo pipefail^[[0m
trust	CorvidLabs Trust gate	2026-10-07T04:33:44.6299490Z ^[[36;1mpython3 "$GITHUB_ACTION_PATH/scripts/trust_cli.py" action-revalidate-specsync \^[[0m
trust	CorvidLabs Trust gate	2026-10-07T04:33:44.6299880Z ^[[36;1m  --specsync-version "$SPECSYNC_VERSION" \^[[0m
trust	CorvidLabs Trust gate	2026-10-07T04:33:44.6300210Z ^[[36;1m  --specsync-download-base-url "$SPECSYNC_DOWNLOAD_BASE_URL" \^[[0m
trust	CorvidLabs Trust gate	2026-10-07T04:33:44.6300510Z ^[[36;1m  --runner-temp "$RUNNER_TEMP"^[[0m
trust	CorvidLabs Trust gate	2026-10-07T04:33:44.6408470Z shell: /bin/bash --noprofile --norc -e -o pipefail {0}
trust	CorvidLabs Trust gate	2026-10-07T04:33:44.6408710Z env:
trust	CorvidLabs Trust gate	2026-10-07T04:33:44.6408850Z   ROOK_HI: /opt/homebrew/bin/hi
trust	CorvidLabs Trust gate	2026-10-07T04:33:44.6409040Z   ROOK_SPECSYNC: /opt/homebrew/bin/specsync
trust	CorvidLabs Trust gate	2026-10-07T04:33:44.6409260Z   FLEDGE_NON_INTERACTIVE: 1
trust	CorvidLabs Trust gate	2026-10-07T04:33:44.6409430Z   GIT_CONFIG_GLOBAL: /dev/null
trust	CorvidLabs Trust gate	2026-10-07T04:33:44.6409600Z   SPECSYNC_VERSION: 6.0.0
trust	CorvidLabs Trust gate	2026-10-07T04:33:44.6409760Z   SPECSYNC_DOWNLOAD_BASE_URL: 
trust	CorvidLabs Trust gate	2026-10-07T04:33:44.6410000Z   RUNNER_TEMP: /Volumes/NVME/runners/actions-runner-1/_work/_temp
trust	CorvidLabs Trust gate	2026-10-07T04:33:44.6410260Z ##[endgroup]
trust	CorvidLabs Trust gate	2026-10-07T04:33:44.8570570Z ##[end-action id=__CorvidLabs_trust.__run_2;outcome=success;conclusion=success;duration_ms=233]
trust	CorvidLabs Trust gate	2026-10-07T04:33:44.8573010Z ##[start-action display=Contract gate;id=__CorvidLabs_trust.contract]
trust	CorvidLabs Trust gate	2026-10-07T04:33:44.8703530Z ##[group]Run CorvidLabs/spec-sync@3c2ed4972c8c53ae02ab5dd5775beccd6da3eeb8
trust	CorvidLabs Trust gate	2026-10-07T04:33:44.8703860Z with:
trust	CorvidLabs Trust gate	2026-10-07T04:33:44.8704030Z   version: 6.0.0
trust	CorvidLabs Trust gate	2026-10-07T04:33:44.8704190Z   root: .
trust	CorvidLabs Trust gate	2026-10-07T04:33:44.8704340Z   strict: false
trust	CorvidLabs Trust gate	2026-10-07T04:33:44.8704510Z   require-coverage: 100
trust	CorvidLabs Trust gate	2026-10-07T04:33:44.8704720Z   lifecycle-enforce: false
trust	CorvidLabs Trust gate	2026-10-07T04:33:44.8704940Z   comment: false
trust	CorvidLabs Trust gate	2026-10-07T04:33:44.8716910Z   token: ***
trust	CorvidLabs Trust gate	2026-10-07T04:33:44.8717090Z env:
trust	CorvidLabs Trust gate	2026-10-07T04:33:44.8717260Z   ROOK_HI: /opt/homebrew/bin/hi
trust	CorvidLabs Trust gate	2026-10-07T04:33:44.8717510Z   ROOK_SPECSYNC: /opt/homebrew/bin/specsync
trust	CorvidLabs Trust gate	2026-10-07T04:33:44.8717740Z   FLEDGE_NON_INTERACTIVE: 1
trust	CorvidLabs Trust gate	2026-10-07T04:33:44.8717960Z   GIT_CONFIG_GLOBAL: /dev/null
trust	CorvidLabs Trust gate	2026-10-07T04:33:44.8718140Z ##[endgroup]
trust	CorvidLabs Trust gate	2026-10-07T04:33:44.8722980Z ##[start-action display=Download SpecSync;id=__CorvidLabs_trust.contract.__run]
trust	CorvidLabs Trust gate	2026-10-07T04:33:44.8745010Z ##[group]Run set -euo pipefail
trust	CorvidLabs Trust gate	2026-10-07T04:33:44.8745300Z ^[[36;1mset -euo pipefail^[[0m
trust	CorvidLabs Trust gate	2026-10-07T04:33:44.8745490Z ^[[36;1m^[[0m
trust	CorvidLabs Trust gate	2026-10-07T04:33:44.8745650Z ^[[36;1m# Detect OS^[[0m
trust	CorvidLabs Trust gate	2026-10-07T04:33:44.8745840Z ^[[36;1mcase "$RUNNER_OS" in^[[0m
trust	CorvidLabs Trust gate	2026-10-07T04:33:44.8746050Z ^[[36;1m  Linux)   OS="linux" ;;^[[0m
trust	CorvidLabs Trust gate	2026-10-07T04:33:44.8746320Z ^[[36;1m  macOS)   OS="macos" ;;^[[0m
trust	CorvidLabs Trust gate	2026-10-07T04:33:44.8746490Z ^[[36;1m  Windows)^[[0m
trust	CorvidLabs Trust gate	2026-10-07T04:33:44.8747050Z ^[[36;1m    echo "::error::Windows is not a supported target as of SpecSync 6.0; no Windows binary is published. Run SpecSync under WSL, or build from source with 'cargo install specsync'."^[[0m
trust	CorvidLabs Trust gate	2026-10-07T04:33:44.8747640Z ^[[36;1m    exit 1^[[0m
trust	CorvidLabs Trust gate	2026-10-07T04:33:44.8750090Z ^[[36;1m    ;;^[[0m
trust	CorvidLabs Trust gate	2026-10-07T04:33:44.8750510Z ^[[36;1m  *)^[[0m
trust	CorvidLabs Trust gate	2026-10-07T04:33:44.8750780Z ^[[36;1m    echo "::error::Unsupported runner OS: $RUNNER_OS"^[[0m
trust	CorvidLabs Trust gate	2026-10-07T04:33:44.8751460Z ^[[36;1m    exit 1^[[0m
trust	CorvidLabs Trust gate	2026-10-07T04:33:44.8751640Z ^[[36;1m    ;;^[[0m
trust	CorvidLabs Trust gate	2026-10-07T04:33:44.8752420Z ^[[36;1mesac^[[0m
trust	CorvidLabs Trust gate	2026-10-07T04:33:44.8752670Z ^[[36;1m^[[0m
trust	CorvidLabs Trust gate	2026-10-07T04:33:44.8753180Z ^[[36;1m# Detect architecture^[[0m
trust	CorvidLabs Trust gate	2026-10-07T04:33:44.8753400Z ^[[36;1mARCH="$(uname -m)"^[[0m
trust	CorvidLabs Trust gate	2026-10-07T04:33:44.8753620Z ^[[36;1mcase "$ARCH" in^[[0m
trust	CorvidLabs Trust gate	2026-10-07T04:33:44.8753810Z ^[[36;1m  x86_64|amd64)  ARCH="x86_64" ;;^[[0m
trust	CorvidLabs Trust gate	2026-10-07T04:33:44.8754070Z ^[[36;1m  aarch64|arm64) ARCH="aarch64" ;;^[[0m
trust	CorvidLabs Trust gate	2026-10-07T04:33:44.8754270Z ^[[36;1m  *)^[[0m
trust	CorvidLabs Trust gate	2026-10-07T04:33:44.8754490Z ^[[36;1m    echo "::error::Unsupported architecture: $ARCH"^[[0m
trust	CorvidLabs Trust gate	2026-10-07T04:33:44.8755280Z ^[[36;1m    exit 1^[[0m
trust	CorvidLabs Trust gate	2026-10-07T04:33:44.8755440Z ^[[36;1m    ;;^[[0m
trust	CorvidLabs Trust gate	2026-10-07T04:33:44.8755570Z ^[[36;1mesac^[[0m
trust	CorvidLabs Trust gate	2026-10-07T04:33:44.8755730Z ^[[36;1m^[[0m
trust	CorvidLabs Trust gate	2026-10-07T04:33:44.8755890Z ^[[36;1mREPO="CorvidLabs/spec-sync"^[[0m
trust	CorvidLabs Trust gate	2026-10-07T04:33:44.8756080Z ^[[36;1m^[[0m
trust	CorvidLabs Trust gate	2026-10-07T04:33:44.8756240Z ^[[36;1m# Determine download URL^[[0m
trust	CorvidLabs Trust gate	2026-10-07T04:33:44.8756490Z ^[[36;1mif [ -n "$SPECSYNC_DOWNLOAD_BASE_URL" ]; then^[[0m
trust	CorvidLabs Trust gate	2026-10-07T04:33:44.8756820Z ^[[36;1m  BASE_URL="${SPECSYNC_DOWNLOAD_BASE_URL%/}"^[[0m
trust	CorvidLabs Trust gate	2026-10-07T04:33:44.8757110Z ^[[36;1melif [ "$SPECSYNC_VERSION" = "latest" ]; then^[[0m
trust	CorvidLabs Trust gate	2026-10-07T04:33:44.8757470Z ^[[36;1m  BASE_URL="https://github.com/${REPO}/releases/latest/download"^[[0m
trust	CorvidLabs Trust gate	2026-10-07T04:33:44.8757770Z ^[[36;1melse^[[0m
trust	CorvidLabs Trust gate	2026-10-07T04:33:44.8758050Z ^[[36;1m  BASE_URL="https://github.com/${REPO}/releases/download/v${SPECSYNC_VERSION}"^[[0m
trust	CorvidLabs Trust gate	2026-10-07T04:33:44.8758400Z ^[[36;1mfi^[[0m
trust	CorvidLabs Trust gate	2026-10-07T04:33:44.8758520Z ^[[36;1m^[[0m
trust	CorvidLabs Trust gate	2026-10-07T04:33:44.8758680Z ^[[36;1m# Download and install^[[0m
trust	CorvidLabs Trust gate	2026-10-07T04:33:44.8758880Z ^[[36;1mINSTALL_DIR="${RUNNER_TEMP}/specsync"^[[0m
trust	CorvidLabs Trust gate	2026-10-07T04:33:44.8759130Z ^[[36;1mmkdir -p "$INSTALL_DIR"^[[0m
trust	CorvidLabs Trust gate	2026-10-07T04:33:44.8759320Z ^[[36;1m^[[0m
trust	CorvidLabs Trust gate	2026-10-07T04:33:44.8759480Z ^[[36;1mARCHIVE="specsync-${OS}-${ARCH}.tar.gz"^[[0m
trust	CorvidLabs Trust gate	2026-10-07T04:33:44.8759810Z ^[[36;1mcurl -fsSL "${BASE_URL}/${ARCHIVE}" -o "${INSTALL_DIR}/${ARCHIVE}"^[[0m
trust	CorvidLabs Trust gate	2026-10-07T04:33:44.8760090Z ^[[36;1m^[[0m
trust	CorvidLabs Trust gate	2026-10-07T04:33:44.8760370Z ^[[36;1mcurl -fsSL "${BASE_URL}/${ARCHIVE}.sha256" -o "${INSTALL_DIR}/${ARCHIVE}.sha256"^[[0m
trust	CorvidLabs Trust gate	2026-10-07T04:33:44.8760710Z ^[[36;1mecho "Verifying checksum..."^[[0m
trust	CorvidLabs Trust gate	2026-10-07T04:33:44.8760930Z ^[[36;1mcd "$INSTALL_DIR"^[[0m
trust	CorvidLabs Trust gate	2026-10-07T04:33:44.8761130Z ^[[36;1mshasum -a 256 -c "${ARCHIVE}.sha256"^[[0m
trust	CorvidLabs Trust gate	2026-10-07T04:33:44.8761380Z ^[[36;1mecho "::notice::Checksum verified"^[[0m
trust	CorvidLabs Trust gate	2026-10-07T04:33:44.8761610Z ^[[36;1mcd -^[[0m
trust	CorvidLabs Trust gate	2026-10-07T04:33:44.8761740Z ^[[36;1m^[[0m
trust	CorvidLabs Trust gate	2026-10-07T04:33:44.8761960Z ^[[36;1mtar xz -C "$INSTALL_DIR" -f "${INSTALL_DIR}/${ARCHIVE}"^[[0m
trust	CorvidLabs Trust gate	2026-10-07T04:33:44.8762300Z ^[[36;1mmv "${INSTALL_DIR}/specsync-${OS}-${ARCH}" "${INSTALL_DIR}/specsync"^[[0m
trust	CorvidLabs Trust gate	2026-10-07T04:33:44.8762620Z ^[[36;1mchmod +x "${INSTALL_DIR}/specsync"^[[0m
trust	CorvidLabs Trust gate	2026-10-07T04:33:44.8762830Z ^[[36;1m^[[0m
trust	CorvidLabs Trust gate	2026-10-07T04:33:44.8762990Z ^[[36;1m# Add to PATH^[[0m
trust	CorvidLabs Trust gate	2026-10-07T04:33:44.8763200Z ^[[36;1mecho "${INSTALL_DIR}" >> "$GITHUB_PATH"^[[0m
trust	CorvidLabs Trust gate	2026-10-07T04:33:44.8763560Z ^[[36;1mecho "::notice::SpecSync installed (${OS}/${ARCH}) from ${BASE_URL}/${ARCHIVE}"^[[0m
trust	CorvidLabs Trust gate	2026-10-07T04:33:44.8863990Z shell: /bin/bash --noprofile --norc -e -o pipefail {0}
trust	CorvidLabs Trust gate	2026-10-07T04:33:44.8864290Z env:
trust	CorvidLabs Trust gate	2026-10-07T04:33:44.8864440Z   ROOK_HI: /opt/homebrew/bin/hi
trust	CorvidLabs Trust gate	2026-10-07T04:33:44.8864720Z   ROOK_SPECSYNC: /opt/homebrew/bin/specsync
trust	CorvidLabs Trust gate	2026-10-07T04:33:44.8864990Z   FLEDGE_NON_INTERACTIVE: 1
trust	CorvidLabs Trust gate	2026-10-07T04:33:44.8865220Z   GIT_CONFIG_GLOBAL: /dev/null
trust	CorvidLabs Trust gate	2026-10-07T04:33:44.8865460Z   SPECSYNC_VERSION: 6.0.0
trust	CorvidLabs Trust gate	2026-10-07T04:33:44.8865670Z   SPECSYNC_DOWNLOAD_BASE_URL: 
trust	CorvidLabs Trust gate	2026-10-07T04:33:44.8865840Z ##[endgroup]
trust	CorvidLabs Trust gate	2026-10-07T04:33:48.7170400Z Verifying checksum...
trust	CorvidLabs Trust gate	2026-10-07T04:33:48.7803560Z specsync-macos-aarch64.tar.gz: OK
trust	CorvidLabs Trust gate	2026-10-07T04:33:48.7811630Z ##[notice]Checksum verified
trust	CorvidLabs Trust gate	2026-10-07T04:33:48.7812140Z /Volumes/NVME/runners/actions-runner-1/_work/sculpt-3md/sculpt-3md
trust	CorvidLabs Trust gate	2026-10-07T04:33:48.8521500Z ##[notice]SpecSync installed (macos/aarch64) from https://github.com/CorvidLabs/spec-sync/releases/download/v6.0.0/specsync-macos-aarch64.tar.gz
trust	CorvidLabs Trust gate	2026-10-07T04:33:48.8530200Z ##[end-action id=__CorvidLabs_trust.contract.__run;outcome=success;conclusion=success;duration_ms=3980]
trust	CorvidLabs Trust gate	2026-10-07T04:33:48.8535390Z ##[start-action display=Run SpecSync;id=__CorvidLabs_trust.contract.specsync]
trust	CorvidLabs Trust gate	2026-10-07T04:33:48.8561280Z ##[group]Run set -euo pipefail
trust	CorvidLabs Trust gate	2026-10-07T04:33:48.8571480Z ^[[36;1mset -euo pipefail^[[0m
trust	CorvidLabs Trust gate	2026-10-07T04:33:48.8571670Z ^[[36;1m^[[0m
trust	CorvidLabs Trust gate	2026-10-07T04:33:48.8571990Z ^[[36;1mif ! [[ "$INPUT_REQUIRE_COVERAGE" =~ ^[0-9]+$ ]] || [ "$INPUT_REQUIRE_COVERAGE" -gt 100 ]; then^[[0m
trust	CorvidLabs Trust gate	2026-10-07T04:33:48.8572430Z ^[[36;1m  echo "::error::require-coverage must be an integer from 0 to 100"^[[0m
trust	CorvidLabs Trust gate	2026-10-07T04:33:48.8572720Z ^[[36;1m  exit 1^[[0m
trust	CorvidLabs Trust gate	2026-10-07T04:33:48.8572890Z ^[[36;1mfi^[[0m
trust	CorvidLabs Trust gate	2026-10-07T04:33:48.8573040Z ^[[36;1m^[[0m
trust	CorvidLabs Trust gate	2026-10-07T04:33:48.8573250Z ^[[36;1m# Always use --force in CI — hash cache is not committed, so^[[0m
trust	CorvidLabs Trust gate	2026-10-07T04:33:48.8573600Z ^[[36;1m# every CI run validates all specs from scratch.^[[0m
trust	CorvidLabs Trust gate	2026-10-07T04:33:48.8573870Z ^[[36;1mCMD=(specsync check --force)^[[0m
trust	CorvidLabs Trust gate	2026-10-07T04:33:48.8574090Z ^[[36;1m^[[0m
trust	CorvidLabs Trust gate	2026-10-07T04:33:48.8574270Z ^[[36;1mif [ "$INPUT_STRICT" = "true" ]; then^[[0m
trust	CorvidLabs Trust gate	2026-10-07T04:33:48.8574490Z ^[[36;1m  CMD+=(--strict)^[[0m
trust	CorvidLabs Trust gate	2026-10-07T04:33:48.8574710Z ^[[36;1mfi^[[0m
trust	CorvidLabs Trust gate	2026-10-07T04:33:48.8574880Z ^[[36;1m^[[0m
trust	CorvidLabs Trust gate	2026-10-07T04:33:48.8575060Z ^[[36;1mif [ "$INPUT_REQUIRE_COVERAGE" != "0" ]; then^[[0m
trust	CorvidLabs Trust gate	2026-10-07T04:33:48.8575380Z ^[[36;1m  CMD+=(--require-coverage "$INPUT_REQUIRE_COVERAGE")^[[0m
trust	CorvidLabs Trust gate	2026-10-07T04:33:48.8575630Z ^[[36;1mfi^[[0m
trust	CorvidLabs Trust gate	2026-10-07T04:33:48.8575790Z ^[[36;1m^[[0m
trust	CorvidLabs Trust gate	2026-10-07T04:33:48.8575950Z ^[[36;1mif [ -n "$INPUT_ARGS" ]; then^[[0m
trust	CorvidLabs Trust gate	2026-10-07T04:33:48.8576290Z ^[[36;1m  # INPUT_ARGS is intentionally split on whitespace only across all lines.^[[0m
trust	CorvidLabs Trust gate	2026-10-07T04:33:48.8576750Z ^[[36;1m  # Shell quoting, substitutions, pipes, and other shell syntax are not evaluated.^[[0m
trust	CorvidLabs Trust gate	2026-10-07T04:33:48.8577150Z ^[[36;1m  NORMALIZED_ARGS="${INPUT_ARGS//$'\r'/ }"^[[0m
trust	CorvidLabs Trust gate	2026-10-07T04:33:48.8577460Z ^[[36;1m  NORMALIZED_ARGS="${NORMALIZED_ARGS//$'\n'/ }"^[[0m
trust	CorvidLabs Trust gate	2026-10-07T04:33:48.8577750Z ^[[36;1m  NORMALIZED_ARGS="${NORMALIZED_ARGS//$'\t'/ }"^[[0m
trust	CorvidLabs Trust gate	2026-10-07T04:33:48.8578050Z ^[[36;1m  read -r -a EXTRA_ARGS <<< "$NORMALIZED_ARGS"^[[0m
trust	CorvidLabs Trust gate	2026-10-07T04:33:48.8578300Z ^[[36;1m  CMD+=("${EXTRA_ARGS[@]}")^[[0m
trust	CorvidLabs Trust gate	2026-10-07T04:33:48.8578510Z ^[[36;1mfi^[[0m
trust	CorvidLabs Trust gate	2026-10-07T04:33:48.8578660Z ^[[36;1m^[[0m
trust	CorvidLabs Trust gate	2026-10-07T04:33:48.8578840Z ^[[36;1mecho "::group::SpecSync Check"^[[0m
trust	CorvidLabs Trust gate	2026-10-07T04:33:48.8579050Z ^[[36;1mprintf 'Running:'^[[0m
trust	CorvidLabs Trust gate	2026-10-07T04:33:48.8579230Z ^[[36;1mprintf ' %q' "${CMD[@]}"^[[0m
trust	CorvidLabs Trust gate	2026-10-07T04:33:48.8579410Z ^[[36;1mprintf '\n'^[[0m
trust	CorvidLabs Trust gate	2026-10-07T04:33:48.8579590Z ^[[36;1mEXIT_CODE=0^[[0m
trust	CorvidLabs Trust gate	2026-10-07T04:33:48.8579770Z ^[[36;1m"${CMD[@]}" || EXIT_CODE=$?^[[0m
trust	CorvidLabs Trust gate	2026-10-07T04:33:48.8579960Z ^[[36;1mecho "::endgroup::"^[[0m
trust	CorvidLabs Trust gate	2026-10-07T04:33:48.8580120Z ^[[36;1m^[[0m
trust	CorvidLabs Trust gate	2026-10-07T04:33:48.8580380Z ^[[36;1m# If lifecycle enforcement is enabled, run it (may override exit code)^[[0m
trust	CorvidLabs Trust gate	2026-10-07T04:33:48.8580740Z ^[[36;1mif [ "$INPUT_LIFECYCLE_ENFORCE" = "true" ]; then^[[0m
trust	CorvidLabs Trust gate	2026-10-07T04:33:48.8581020Z ^[[36;1m  echo "::group::SpecSync Lifecycle Enforce"^[[0m
trust	CorvidLabs Trust gate	2026-10-07T04:33:48.8581350Z ^[[36;1m  specsync lifecycle enforce --all || EXIT_CODE=$?^[[0m
trust	CorvidLabs Trust gate	2026-10-07T04:33:48.8581620Z ^[[36;1m  echo "::endgroup::"^[[0m
trust	CorvidLabs Trust gate	2026-10-07T04:33:48.8581830Z ^[[36;1mfi^[[0m
trust	CorvidLabs Trust gate	2026-10-07T04:33:48.8582000Z ^[[36;1m^[[0m
trust	CorvidLabs Trust gate	2026-10-07T04:33:48.8582200Z ^[[36;1m# If comment mode is enabled, generate the rich comment body^[[0m
trust	CorvidLabs Trust gate	2026-10-07T04:33:48.8582580Z ^[[36;1m# Uses the same `specsync comment` pipeline as our own CI workflow^[[0m
trust	CorvidLabs Trust gate	2026-10-07T04:33:48.8582990Z ^[[36;1m# for identical output between the marketplace action and direct usage.^[[0m
trust	CorvidLabs Trust gate	2026-10-07T04:33:48.8583340Z ^[[36;1mif [ "$INPUT_COMMENT" = "true" ]; then^[[0m
trust	CorvidLabs Trust gate	2026-10-07T04:33:48.8583600Z ^[[36;1m  COMMENT_CMD=(specsync comment)^[[0m
trust	CorvidLabs Trust gate	2026-10-07T04:33:48.8583850Z ^[[36;1m  if [ "$INPUT_STRICT" = "true" ]; then^[[0m
trust	CorvidLabs Trust gate	2026-10-07T04:33:48.8584110Z ^[[36;1m    COMMENT_CMD+=(--strict)^[[0m
trust	CorvidLabs Trust gate	2026-10-07T04:33:48.8584300Z ^[[36;1m  fi^[[0m
trust	CorvidLabs Trust gate	2026-10-07T04:33:48.8584510Z ^[[36;1m  if [ "$INPUT_REQUIRE_COVERAGE" != "0" ]; then^[[0m
trust	CorvidLabs Trust gate	2026-10-07T04:33:48.8584980Z ^[[36;1m    COMMENT_CMD+=(--require-coverage "$INPUT_REQUIRE_COVERAGE")^[[0m
trust	CorvidLabs Trust gate	2026-10-07T04:33:48.8585280Z ^[[36;1m  fi^[[0m
trust	CorvidLabs Trust gate	2026-10-07T04:33:48.8585630Z ^[[36;1m  COMMENT_OUTPUT=$("${COMMENT_CMD[@]}" 2>/dev/null) || true^[[0m
trust	CorvidLabs Trust gate	2026-10-07T04:33:48.8585910Z ^[[36;1m  {^[[0m
trust	CorvidLabs Trust gate	2026-10-07T04:33:48.8586100Z ^[[36;1m    echo "SPECSYNC_MARKDOWN<<SPECSYNC_EOF"^[[0m
trust	CorvidLabs Trust gate	2026-10-07T04:33:48.8586360Z ^[[36;1m    echo "$COMMENT_OUTPUT"^[[0m
trust	CorvidLabs Trust gate	2026-10-07T04:33:48.8586610Z ^[[36;1m    echo "SPECSYNC_EOF"^[[0m
trust	CorvidLabs Trust gate	2026-10-07T04:33:48.8586800Z ^[[36;1m  } >> "$GITHUB_ENV"^[[0m
trust	CorvidLabs Trust gate	2026-10-07T04:33:48.8587000Z ^[[36;1mfi^[[0m
trust	CorvidLabs Trust gate	2026-10-07T04:33:48.8587150Z ^[[36;1m^[[0m
trust	CorvidLabs Trust gate	2026-10-07T04:33:48.8587320Z ^[[36;1mexit $EXIT_CODE^[[0m
trust	CorvidLabs Trust gate	2026-10-07T04:33:48.8692530Z shell: /bin/bash --noprofile --norc -e -o pipefail {0}
trust	CorvidLabs Trust gate	2026-10-07T04:33:48.8692940Z env:
trust	CorvidLabs Trust gate	2026-10-07T04:33:48.8693120Z   ROOK_HI: /opt/homebrew/bin/hi
trust	CorvidLabs Trust gate	2026-10-07T04:33:48.8693360Z   ROOK_SPECSYNC: /opt/homebrew/bin/specsync
trust	CorvidLabs Trust gate	2026-10-07T04:33:48.8693600Z   FLEDGE_NON_INTERACTIVE: 1
trust	CorvidLabs Trust gate	2026-10-07T04:33:48.8693830Z   GIT_CONFIG_GLOBAL: /dev/null
trust	CorvidLabs Trust gate	2026-10-07T04:33:48.8694020Z   INPUT_STRICT: false
trust	CorvidLabs Trust gate	2026-10-07T04:33:48.8694210Z   INPUT_REQUIRE_COVERAGE: 100
trust	CorvidLabs Trust gate	2026-10-07T04:33:48.8694430Z   INPUT_ARGS: 
trust	CorvidLabs Trust gate	2026-10-07T04:33:48.8694600Z   INPUT_COMMENT: false
trust	CorvidLabs Trust gate	2026-10-07T04:33:48.8694810Z   INPUT_LIFECYCLE_ENFORCE: false
trust	CorvidLabs Trust gate	2026-10-07T04:33:48.8695000Z ##[endgroup]
trust	CorvidLabs Trust gate	2026-10-07T04:33:48.9179550Z ##[group]SpecSync Check
trust	CorvidLabs Trust gate	2026-10-07T04:33:48.9180020Z Running: specsync check --force --require-coverage 100
trust	CorvidLabs Trust gate	2026-10-07T04:33:49.4435320Z 
trust	CorvidLabs Trust gate	2026-10-07T04:33:49.4436190Z specs/RookApp/RookApp.spec.md
trust	CorvidLabs Trust gate	2026-10-07T04:33:49.4436870Z   ✓ Frontmatter valid
trust	CorvidLabs Trust gate	2026-10-07T04:33:49.4437080Z   ✓ All source files exist
trust	CorvidLabs Trust gate	2026-10-07T04:33:49.4437360Z   ✓ All required sections present
trust	CorvidLabs Trust gate	2026-10-07T04:33:49.4437610Z   ✓ All dependency specs exist
trust	CorvidLabs Trust gate	2026-10-07T04:33:49.4465030Z 
trust	CorvidLabs Trust gate	2026-10-07T04:33:49.4465320Z specs/RookCore/RookCore.spec.md
trust	CorvidLabs Trust gate	2026-10-07T04:33:49.4465690Z   ✓ Frontmatter valid
trust	CorvidLabs Trust gate	2026-10-07T04:33:49.4465910Z   ✓ All source files exist
trust	CorvidLabs Trust gate	2026-10-07T04:33:49.4466220Z   ✓ All required sections present
trust	CorvidLabs Trust gate	2026-10-07T04:33:49.4466490Z   ✓ 6/6 exports documented
trust	CorvidLabs Trust gate	2026-10-07T04:33:49.4466730Z   ✓ All dependency specs exist
trust	CorvidLabs Trust gate	2026-10-07T04:33:49.4538310Z 
trust	CorvidLabs Trust gate	2026-10-07T04:33:49.4538600Z specs/RookDevelopment/RookDevelopment.spec.md
trust	CorvidLabs Trust gate	2026-10-07T04:33:49.4539010Z   ✓ Frontmatter valid
trust	CorvidLabs Trust gate	2026-10-07T04:33:49.4539220Z   ✓ All source files exist
trust	CorvidLabs Trust gate	2026-10-07T04:33:49.4539470Z   ✓ All required sections present
trust	CorvidLabs Trust gate	2026-10-07T04:33:49.4539760Z   ✓ 70/70 exports documented
trust	CorvidLabs Trust gate	2026-10-07T04:33:49.4540000Z   ✓ All dependency specs exist
trust	CorvidLabs Trust gate	2026-10-07T04:33:49.4605030Z 
trust	CorvidLabs Trust gate	2026-10-07T04:33:49.4605380Z specs/RookRendering/RookRendering.spec.md
trust	CorvidLabs Trust gate	2026-10-07T04:33:49.4605820Z   ✓ Frontmatter valid
trust	CorvidLabs Trust gate	2026-10-07T04:33:49.4606040Z   ✓ All source files exist
trust	CorvidLabs Trust gate	2026-10-07T04:33:49.4606260Z   ✓ All required sections present
trust	CorvidLabs Trust gate	2026-10-07T04:33:49.4606520Z   ✓ 139/139 exports documented
trust	CorvidLabs Trust gate	2026-10-07T04:33:49.4606750Z   ✓ All dependency specs exist
trust	CorvidLabs Trust gate	2026-10-07T04:33:49.4739870Z 
trust	CorvidLabs Trust gate	2026-10-07T04:33:49.4740360Z specs/RookSculpture/RookSculpture.spec.md
trust	CorvidLabs Trust gate	2026-10-07T04:33:49.4740850Z   ✓ Frontmatter valid
trust	CorvidLabs Trust gate	2026-10-07T04:33:49.4741090Z   ✓ All source files exist
trust	CorvidLabs Trust gate	2026-10-07T04:33:49.4741360Z   ✓ All required sections present
trust	CorvidLabs Trust gate	2026-10-07T04:33:49.4741610Z   ✓ 281/281 exports documented
trust	CorvidLabs Trust gate	2026-10-07T04:33:49.4741820Z   ✓ All dependency specs exist
trust	CorvidLabs Trust gate	2026-10-07T04:33:49.5129940Z 
trust	CorvidLabs Trust gate	2026-10-07T04:33:49.5130420Z 5 specs checked: 5 passed, 0 warning(s), 0 failed
trust	CorvidLabs Trust gate	2026-10-07T04:33:49.5130770Z File coverage: 85/85 (100%)
trust	CorvidLabs Trust gate	2026-10-07T04:33:49.5131020Z LOC coverage:  23102/23102 (100%)
trust	CorvidLabs Trust gate	2026-10-07T04:33:49.5140620Z ##[endgroup]
trust	CorvidLabs Trust gate	2026-10-07T04:33:49.5153100Z ##[end-action id=__CorvidLabs_trust.contract.specsync;outcome=success;conclusion=success;duration_ms=661]
trust	CorvidLabs Trust gate	2026-10-07T04:33:49.5157880Z ##[start-action display=Post PR Comment;id=__CorvidLabs_trust.contract.__run_2]
trust	CorvidLabs Trust gate	2026-10-07T04:33:49.5162610Z ##[end-action id=__CorvidLabs_trust.contract.__run_2;outcome=skipped;conclusion=skipped;duration_ms=0]
trust	CorvidLabs Trust gate	2026-10-07T04:33:49.5171720Z ##[end-action id=__CorvidLabs_trust.contract;outcome=success;conclusion=success;duration_ms=4659]
trust	CorvidLabs Trust gate	2026-10-07T04:33:49.5173520Z ##[start-action display=Risk gate;id=__CorvidLabs_trust.augur]
trust	CorvidLabs Trust gate	2026-10-07T04:33:49.5350590Z ##[group]Run CorvidLabs/augur@b04e839fd3e9f884626ac18bbeb1e6d9c793c17c
trust	CorvidLabs Trust gate	2026-10-07T04:33:49.5362340Z with:
trust	CorvidLabs Trust gate	2026-10-07T04:33:49.5362480Z   version: 1.0.0
trust	CorvidLabs Trust gate	2026-10-07T04:33:49.5362770Z   range: d4739d72b02e04411d9102544b51cab6fd9126da..3a495f7cb36d2e483025d111eae7251160d6e99b
trust	CorvidLabs Trust gate	2026-10-07T04:33:49.5363110Z   threshold: block
trust	CorvidLabs Trust gate	2026-10-07T04:33:49.5363270Z   working-directory: .
trust	CorvidLabs Trust gate	2026-10-07T04:33:49.5363420Z env:
trust	CorvidLabs Trust gate	2026-10-07T04:33:49.5363560Z   ROOK_HI: /opt/homebrew/bin/hi
trust	CorvidLabs Trust gate	2026-10-07T04:33:49.5363760Z   ROOK_SPECSYNC: /opt/homebrew/bin/specsync
trust	CorvidLabs Trust gate	2026-10-07T04:33:49.5363980Z   FLEDGE_NON_INTERACTIVE: 1
trust	CorvidLabs Trust gate	2026-10-07T04:33:49.5364170Z   GIT_CONFIG_GLOBAL: /dev/null
trust	CorvidLabs Trust gate	2026-10-07T04:33:49.5364330Z ##[endgroup]
trust	CorvidLabs Trust gate	2026-10-07T04:33:49.5367920Z ##[start-action display=Install augur;id=__CorvidLabs_trust.augur.install]
trust	CorvidLabs Trust gate	2026-10-07T04:33:49.5389700Z ##[group]Run set -euo pipefail
trust	CorvidLabs Trust gate	2026-10-07T04:33:49.5390710Z ^[[36;1mset -euo pipefail^[[0m
trust	CorvidLabs Trust gate	2026-10-07T04:33:49.5390910Z ^[[36;1m^[[0m
trust	CorvidLabs Trust gate	2026-10-07T04:33:49.5391090Z ^[[36;1mrepo="${RELEASE_REPO:-CorvidLabs/augur}"^[[0m
trust	CorvidLabs Trust gate	2026-10-07T04:33:49.5391320Z ^[[36;1m^[[0m
trust	CorvidLabs Trust gate	2026-10-07T04:33:49.5391570Z ^[[36;1m# Resolve which release to install, WITHOUT ever crossing a major^[[0m
trust	CorvidLabs Trust gate	2026-10-07T04:33:49.5391990Z ^[[36;1m# boundary. An explicit `version` wins; otherwise derive from the ref the^[[0m
trust	CorvidLabs Trust gate	2026-10-07T04:33:49.5392300Z ^[[36;1m# action was pinned to:^[[0m
trust	CorvidLabs Trust gate	2026-10-07T04:33:49.5392570Z ^[[36;1m#   @0.3.0 / @v0.3.0 -> install exactly that release^[[0m
trust	CorvidLabs Trust gate	2026-10-07T04:33:49.5392910Z ^[[36;1m#   @1 / @v1          -> newest 1.* release (the moving major tag has no^[[0m
trust	CorvidLabs Trust gate	2026-10-07T04:33:49.5393240Z ^[[36;1m#                        release of its own, so resolve it to a concrete^[[0m
trust	CorvidLabs Trust gate	2026-10-07T04:33:49.5393640Z ^[[36;1m#                        1.* tag; a future 2 `latest` can never leak in)^[[0m
trust	CorvidLabs Trust gate	2026-10-07T04:33:49.5394270Z ^[[36;1m#   branch / sha      -> install the latest release^[[0m
trust	CorvidLabs Trust gate	2026-10-07T04:33:49.5394720Z ^[[36;1m# A requested tag with no matching asset does NOT silently fall back to a^[[0m
trust	CorvidLabs Trust gate	2026-10-07T04:33:49.5395160Z ^[[36;1m# different version; `bin` stays empty and we build from source below.^[[0m
trust	CorvidLabs Trust gate	2026-10-07T04:33:49.5395520Z ^[[36;1mver="${INPUT_VERSION:-}"^[[0m
trust	CorvidLabs Trust gate	2026-10-07T04:33:49.5395770Z ^[[36;1mmode="latest"   # latest | tag | none^[[0m
trust	CorvidLabs Trust gate	2026-10-07T04:33:49.5396050Z ^[[36;1mtarget=""       # concrete release tag when mode=tag^[[0m
trust	CorvidLabs Trust gate	2026-10-07T04:33:49.5396300Z ^[[36;1mif [ -n "$ver" ]; then^[[0m
trust	CorvidLabs Trust gate	2026-10-07T04:33:49.5396590Z ^[[36;1m  if [ "$ver" = "latest" ]; then mode="latest"; else mode="tag"; target="$ver"; fi^[[0m
trust	CorvidLabs Trust gate	2026-10-07T04:33:49.5396970Z ^[[36;1melif printf '%s' "$ACTION_REF" | grep -Eq '^v?[0-9]+$'; then^[[0m
trust	CorvidLabs Trust gate	2026-10-07T04:33:49.5397370Z ^[[36;1m  # Moving major tag (e.g. 1 or v1): pick the newest release within that major.^[[0m
trust	CorvidLabs Trust gate	2026-10-07T04:33:49.5397810Z ^[[36;1m  # gh lists newest-first, so the first <major>.* tag is the latest one.^[[0m
trust	CorvidLabs Trust gate	2026-10-07T04:33:49.5398130Z ^[[36;1m  major="$ACTION_REF"^[[0m
trust	CorvidLabs Trust gate	2026-10-07T04:33:49.5398400Z ^[[36;1m  # `// empty` so an empty match yields "" (not the string "null", which^[[0m
trust	CorvidLabs Trust gate	2026-10-07T04:33:49.5398830Z ^[[36;1m  # would be non-empty and trigger a bogus `gh release download null`).^[[0m
trust	CorvidLabs Trust gate	2026-10-07T04:33:49.5399230Z ^[[36;1m  # No `2>/dev/null`: gh is silent on the normal empty case, so let real^[[0m
trust	CorvidLabs Trust gate	2026-10-07T04:33:49.5399650Z ^[[36;1m  # errors (rate limit, auth) surface; `|| true` still keeps the fallback.^[[0m
trust	CorvidLabs Trust gate	2026-10-07T04:33:49.5400110Z ^[[36;1m  target="$(gh release list --repo "$repo" --exclude-drafts --exclude-pre-releases \^[[0m
trust	CorvidLabs Trust gate	2026-10-07T04:33:49.5400490Z ^[[36;1m    --limit 100 --json tagName \^[[0m
trust	CorvidLabs Trust gate	2026-10-07T04:33:49.5400800Z ^[[36;1m    --jq "[.[].tagName | select(test(\"^${major}\\\\.\"))][0] // empty" || true)"^[[0m
trust	CorvidLabs Trust gate	2026-10-07T04:33:49.5401110Z ^[[36;1m  if [ -n "$target" ]; then^[[0m
trust	CorvidLabs Trust gate	2026-10-07T04:33:49.5401300Z ^[[36;1m    mode="tag"^[[0m
trust	CorvidLabs Trust gate	2026-10-07T04:33:49.5401450Z ^[[36;1m  else^[[0m
trust	CorvidLabs Trust gate	2026-10-07T04:33:49.5402180Z ^[[36;1m    mode="none"^[[0m
trust	CorvidLabs Trust gate	2026-10-07T04:33:49.5402500Z ^[[36;1m    echo "::warning::No published ${major}.* release found; building from source."^[[0m
trust	CorvidLabs Trust gate	2026-10-07T04:33:49.5403070Z ^[[36;1m  fi^[[0m
trust	CorvidLabs Trust gate	2026-10-07T04:33:49.5403290Z ^[[36;1melif printf '%s' "$ACTION_REF" | grep -Eq '^v?[0-9]+\.[0-9]'; then^[[0m
trust	CorvidLabs Trust gate	2026-10-07T04:33:49.5403640Z ^[[36;1m  mode="tag"; target="$ACTION_REF"   # full release tag^[[0m
trust	CorvidLabs Trust gate	2026-10-07T04:33:49.5403880Z ^[[36;1mfi^[[0m
trust	CorvidLabs Trust gate	2026-10-07T04:33:49.5404010Z ^[[36;1m^[[0m
trust	CorvidLabs Trust gate	2026-10-07T04:33:49.5404190Z ^[[36;1m# Pick the release asset for this runner's OS/arch.^[[0m
trust	CorvidLabs Trust gate	2026-10-07T04:33:49.5404430Z ^[[36;1mos="$(uname -s)"^[[0m
trust	CorvidLabs Trust gate	2026-10-07T04:33:49.5404600Z ^[[36;1march="$(uname -m)"^[[0m
trust	CorvidLabs Trust gate	2026-10-07T04:33:49.5404760Z ^[[36;1mcase "$os" in^[[0m
trust	CorvidLabs Trust gate	2026-10-07T04:33:49.5404950Z ^[[36;1m  Darwin) asset="augur-macos-universal" ;;^[[0m
trust	CorvidLabs Trust gate	2026-10-07T04:33:49.5405170Z ^[[36;1m  Linux)^[[0m
trust	CorvidLabs Trust gate	2026-10-07T04:33:49.5405320Z ^[[36;1m    case "$arch" in^[[0m
trust	CorvidLabs Trust gate	2026-10-07T04:33:49.5405540Z ^[[36;1m      x86_64|amd64) asset="augur-linux-x86_64" ;;^[[0m
trust	CorvidLabs Trust gate	2026-10-07T04:33:49.5405790Z ^[[36;1m      *)            asset="" ;;^[[0m
trust	CorvidLabs Trust gate	2026-10-07T04:33:49.5405970Z ^[[36;1m    esac^[[0m
trust	CorvidLabs Trust gate	2026-10-07T04:33:49.5406110Z ^[[36;1m    ;;^[[0m
trust	CorvidLabs Trust gate	2026-10-07T04:33:49.5406240Z ^[[36;1m  *) asset="" ;;^[[0m
trust	CorvidLabs Trust gate	2026-10-07T04:33:49.5406390Z ^[[36;1mesac^[[0m
trust	CorvidLabs Trust gate	2026-10-07T04:33:49.5406520Z ^[[36;1m^[[0m
trust	CorvidLabs Trust gate	2026-10-07T04:33:49.5406650Z ^[[36;1mtmp="$(mktemp -d)"^[[0m
trust	CorvidLabs Trust gate	2026-10-07T04:33:49.5406810Z ^[[36;1mbin=""^[[0m
trust	CorvidLabs Trust gate	2026-10-07T04:33:49.5406940Z ^[[36;1m^[[0m
trust	CorvidLabs Trust gate	2026-10-07T04:33:49.5407160Z ^[[36;1m# Why the last download failed, kept so the fallback can say so. A^[[0m
trust	CorvidLabs Trust gate	2026-10-07T04:33:49.5407550Z ^[[36;1m# download that fails for an environmental reason (no gh on the runner,^[[0m
trust	CorvidLabs Trust gate	2026-10-07T04:33:49.5408880Z ^[[36;1m# a proxy, a token that cannot read this repository) used to be^[[0m
trust	CorvidLabs Trust gate	2026-10-07T04:33:49.5409320Z ^[[36;1m# indistinguishable from a release that has no asset for this platform,^[[0m
trust	CorvidLabs Trust gate	2026-10-07T04:33:49.5409720Z ^[[36;1m# because stderr went to /dev/null. What a consumer then saw was a^[[0m
trust	CorvidLabs Trust gate	2026-10-07T04:33:49.5410120Z ^[[36;1m# Swift build error from the fallback, three steps downstream of the^[[0m
trust	CorvidLabs Trust gate	2026-10-07T04:33:49.5410470Z ^[[36;1m# cause and pointing at the wrong thing entirely.^[[0m
trust	CorvidLabs Trust gate	2026-10-07T04:33:49.5410730Z ^[[36;1mdownload_error=""^[[0m
trust	CorvidLabs Trust gate	2026-10-07T04:33:49.5410890Z ^[[36;1m^[[0m
trust	CorvidLabs Trust gate	2026-10-07T04:33:49.5411020Z ^[[36;1mdownload() {^[[0m
trust	CorvidLabs Trust gate	2026-10-07T04:33:49.5411290Z ^[[36;1m  # Fetch $asset (+ sidecar) for the resolved release into $tmp. Returns^[[0m
trust	CorvidLabs Trust gate	2026-10-07T04:33:49.5411630Z ^[[36;1m  # 0 only when the binary asset actually landed.^[[0m
trust	CorvidLabs Trust gate	2026-10-07T04:33:49.5411910Z ^[[36;1m  rm -f "$tmp/$asset" "$tmp/$asset.sha256"^[[0m
trust	CorvidLabs Trust gate	2026-10-07T04:33:49.5412140Z ^[[36;1m  local err status^[[0m
trust	CorvidLabs Trust gate	2026-10-07T04:33:49.5412320Z ^[[36;1m  err="$tmp/gh-download.err"^[[0m
trust	CorvidLabs Trust gate	2026-10-07T04:33:49.5412530Z ^[[36;1m  if [ "$mode" = "latest" ]; then^[[0m
trust	CorvidLabs Trust gate	2026-10-07T04:33:49.5412760Z ^[[36;1m    gh release download --repo "$repo" \^[[0m
trust	CorvidLabs Trust gate	2026-10-07T04:33:49.5413040Z ^[[36;1m      --pattern "$asset" --pattern "$asset.sha256" \^[[0m
trust	CorvidLabs Trust gate	2026-10-07T04:33:49.5413310Z ^[[36;1m      --dir "$tmp" --clobber 2>"$err"^[[0m
trust	CorvidLabs Trust gate	2026-10-07T04:33:49.5413510Z ^[[36;1m  else^[[0m
trust	CorvidLabs Trust gate	2026-10-07T04:33:49.5413700Z ^[[36;1m    gh release download "$target" --repo "$repo" \^[[0m
trust	CorvidLabs Trust gate	2026-10-07T04:33:49.5413990Z ^[[36;1m      --pattern "$asset" --pattern "$asset.sha256" \^[[0m
trust	CorvidLabs Trust gate	2026-10-07T04:33:49.5414250Z ^[[36;1m      --dir "$tmp" --clobber 2>"$err"^[[0m
trust	CorvidLabs Trust gate	2026-10-07T04:33:49.5414450Z ^[[36;1m  fi^[[0m
trust	CorvidLabs Trust gate	2026-10-07T04:33:49.5414590Z ^[[36;1m  status=$?^[[0m
trust	CorvidLabs Trust gate	2026-10-07T04:33:49.5414750Z ^[[36;1m  if [ "$status" -ne 0 ]; then^[[0m
trust	CorvidLabs Trust gate	2026-10-07T04:33:49.5415030Z ^[[36;1m    # First line only: gh is terse, and the whole of it belongs in the^[[0m
trust	CorvidLabs Trust gate	2026-10-07T04:33:49.5415370Z ^[[36;1m    # log rather than folded into a one-line warning.^[[0m
trust	CorvidLabs Trust gate	2026-10-07T04:33:49.5415660Z ^[[36;1m    download_error="$(head -n 1 "$err" 2>/dev/null)"^[[0m
trust	CorvidLabs Trust gate	2026-10-07T04:33:49.5415920Z ^[[36;1m    [ -s "$err" ] && sed 's/^/  /' "$err"^[[0m
trust	CorvidLabs Trust gate	2026-10-07T04:33:49.5416130Z ^[[36;1m    return 1^[[0m
trust	CorvidLabs Trust gate	2026-10-07T04:33:49.5416270Z ^[[36;1m  fi^[[0m
trust	CorvidLabs Trust gate	2026-10-07T04:33:49.5417040Z ^[[36;1m  [ -f "$tmp/$asset" ]^[[0m
trust	CorvidLabs Trust gate	2026-10-07T04:33:49.5417200Z ^[[36;1m}^[[0m
trust	CorvidLabs Trust gate	2026-10-07T04:33:49.5417320Z ^[[36;1m^[[0m
trust	CorvidLabs Trust gate	2026-10-07T04:33:49.5417730Z ^[[36;1mif [ -n "$asset" ] && [ "$mode" != "none" ]; then^[[0m
trust	CorvidLabs Trust gate	2026-10-07T04:33:49.5417970Z ^[[36;1m  if download; then^[[0m
trust	CorvidLabs Trust gate	2026-10-07T04:33:49.5418230Z ^[[36;1m    # Verify the checksum sidecar when present; a mismatch is fatal.^[[0m
trust	CorvidLabs Trust gate	2026-10-07T04:33:49.5418540Z ^[[36;1m    if [ -f "$tmp/$asset.sha256" ]; then^[[0m
trust	CorvidLabs Trust gate	2026-10-07T04:33:49.5418820Z ^[[36;1m      expected="$(cut -d' ' -f1 < "$tmp/$asset.sha256")"^[[0m
trust	CorvidLabs Trust gate	2026-10-07T04:33:49.5419110Z ^[[36;1m      if command -v sha256sum >/dev/null 2>&1; then^[[0m
trust	CorvidLabs Trust gate	2026-10-07T04:33:49.5419400Z ^[[36;1m        actual="$(sha256sum "$tmp/$asset" | cut -d' ' -f1)"^[[0m
trust	CorvidLabs Trust gate	2026-10-07T04:33:49.5419650Z ^[[36;1m      else^[[0m
trust	CorvidLabs Trust gate	2026-10-07T04:33:49.5419870Z ^[[36;1m        actual="$(shasum -a 256 "$tmp/$asset" | cut -d' ' -f1)"^[[0m
trust	CorvidLabs Trust gate	2026-10-07T04:33:49.5420120Z ^[[36;1m      fi^[[0m
trust	CorvidLabs Trust gate	2026-10-07T04:33:49.5420290Z ^[[36;1m      if [ "$expected" != "$actual" ]; then^[[0m
trust	CorvidLabs Trust gate	2026-10-07T04:33:49.5420660Z ^[[36;1m        echo "::error::augur checksum mismatch for $asset (expected $expected, got $actual)."^[[0m
trust	CorvidLabs Trust gate	2026-10-07T04:33:49.5421000Z ^[[36;1m        exit 1^[[0m
trust	CorvidLabs Trust gate	2026-10-07T04:33:49.5421150Z ^[[36;1m      fi^[[0m
trust	CorvidLabs Trust gate	2026-10-07T04:33:49.5421350Z ^[[36;1m      echo "Verified $asset against published sha256."^[[0m
trust	CorvidLabs Trust gate	2026-10-07T04:33:49.5421590Z ^[[36;1m    else^[[0m
trust	CorvidLabs Trust gate	2026-10-07T04:33:49.5421890Z ^[[36;1m      echo "::warning::No sha256 sidecar published for $asset; skipping checksum verification."^[[0m
trust	CorvidLabs Trust gate	2026-10-07T04:33:49.5422240Z ^[[36;1m    fi^[[0m
trust	CorvidLabs Trust gate	2026-10-07T04:33:49.5422380Z ^[[36;1m    chmod +x "$tmp/$asset"^[[0m
trust	CorvidLabs Trust gate	2026-10-07T04:33:49.5422570Z ^[[36;1m    bin="$tmp/$asset"^[[0m
trust	CorvidLabs Trust gate	2026-10-07T04:33:49.5422840Z ^[[36;1m    echo "Installed augur ($asset, ${target:-latest}) for $os/$arch."^[[0m
trust	CorvidLabs Trust gate	2026-10-07T04:33:49.5423110Z ^[[36;1m  fi^[[0m
trust	CorvidLabs Trust gate	2026-10-07T04:33:49.5423240Z ^[[36;1mfi^[[0m
trust	CorvidLabs Trust gate	2026-10-07T04:33:49.5423360Z ^[[36;1m^[[0m
trust	CorvidLabs Trust gate	2026-10-07T04:33:49.5423580Z ^[[36;1m# Fallback: build from the action's OWN checkout (never the consumer's^[[0m
trust	CorvidLabs Trust gate	2026-10-07T04:33:49.5423990Z ^[[36;1m# tree) when no prebuilt binary fits this runner. Needs a Swift toolchain.^[[0m
trust	CorvidLabs Trust gate	2026-10-07T04:33:49.5424300Z ^[[36;1mif [ -z "$bin" ]; then^[[0m
trust	CorvidLabs Trust gate	2026-10-07T04:33:49.5424510Z ^[[36;1m  if command -v swift >/dev/null 2>&1; then^[[0m
trust	CorvidLabs Trust gate	2026-10-07T04:33:49.5424750Z ^[[36;1m    if [ -n "$download_error" ]; then^[[0m
trust	CorvidLabs Trust gate	2026-10-07T04:33:49.5425260Z ^[[36;1m      echo "::warning::Could not download the prebuilt augur for $os/$arch, so it is being built from source. The download failed with: ${download_error}"^[[0m
trust	CorvidLabs Trust gate	2026-10-07T04:33:49.5425730Z ^[[36;1m    else^[[0m
trust	CorvidLabs Trust gate	2026-10-07T04:33:49.5426150Z ^[[36;1m      echo "::warning::No prebuilt augur for $os/$arch; building from source. Add a Swift toolchain to speed this up or use a supported runner."^[[0m
trust	CorvidLabs Trust gate	2026-10-07T04:33:49.5426600Z ^[[36;1m    fi^[[0m
trust	CorvidLabs Trust gate	2026-10-07T04:33:49.5426810Z ^[[36;1m    swift build -c release --package-path "$ACTION_PATH"^[[0m
trust	CorvidLabs Trust gate	2026-10-07T04:33:49.5427170Z ^[[36;1m    # Ask SwiftPM for the bin dir rather than hardcoding .build/release^[[0m
trust	CorvidLabs Trust gate	2026-10-07T04:33:49.5427570Z ^[[36;1m    # (mirrors release.yml; --show-bin-path only prints, never rebuilds).^[[0m
trust	CorvidLabs Trust gate	2026-10-07T04:33:49.5428010Z ^[[36;1m    bindir="$(swift build -c release --package-path "$ACTION_PATH" --show-bin-path)"^[[0m
trust	CorvidLabs Trust gate	2026-10-07T04:33:49.5428340Z ^[[36;1m    bin="$bindir/augur"^[[0m
trust	CorvidLabs Trust gate	2026-10-07T04:33:49.5428510Z ^[[36;1m  else^[[0m
trust	CorvidLabs Trust gate	2026-10-07T04:33:49.5428670Z ^[[36;1m    if [ -n "$download_error" ]; then^[[0m
trust	CorvidLabs Trust gate	2026-10-07T04:33:49.5429200Z ^[[36;1m      echo "::error::Could not download the prebuilt augur for $os/$arch, and there is no Swift toolchain to build one. The download failed with: ${download_error}"^[[0m
trust	CorvidLabs Trust gate	2026-10-07T04:33:49.5429700Z ^[[36;1m    else^[[0m
trust	CorvidLabs Trust gate	2026-10-07T04:33:49.5430130Z ^[[36;1m      echo "::error::No prebuilt augur binary for $os/$arch and no Swift toolchain to build one. Use macOS or Linux x86_64 runners, or install Swift first."^[[0m
trust	CorvidLabs Trust gate	2026-10-07T04:33:49.5430620Z ^[[36;1m    fi^[[0m
trust	CorvidLabs Trust gate	2026-10-07T04:33:49.5430750Z ^[[36;1m    exit 1^[[0m
trust	CorvidLabs Trust gate	2026-10-07T04:33:49.5430980Z ^[[36;1m  fi^[[0m
trust	CorvidLabs Trust gate	2026-10-07T04:33:49.5431110Z ^[[36;1mfi^[[0m
trust	CorvidLabs Trust gate	2026-10-07T04:33:49.5431230Z ^[[36;1m^[[0m
trust	CorvidLabs Trust gate	2026-10-07T04:33:49.5431480Z ^[[36;1mecho "binary=$bin" >> "$GITHUB_OUTPUT"^[[0m
trust	CorvidLabs Trust gate	2026-10-07T04:33:49.5530290Z shell: /bin/bash --noprofile --norc -e -o pipefail {0}
trust	CorvidLabs Trust gate	2026-10-07T04:33:49.5530550Z env:
trust	CorvidLabs Trust gate	2026-10-07T04:33:49.5530690Z   ROOK_HI: /opt/homebrew/bin/hi
trust	CorvidLabs Trust gate	2026-10-07T04:33:49.5530880Z   ROOK_SPECSYNC: /opt/homebrew/bin/specsync
trust	CorvidLabs Trust gate	2026-10-07T04:33:49.5531100Z   FLEDGE_NON_INTERACTIVE: 1
trust	CorvidLabs Trust gate	2026-10-07T04:33:49.5531280Z   GIT_CONFIG_GLOBAL: /dev/null
trust	CorvidLabs Trust gate	2026-10-07T04:33:49.5533550Z   GH_TOKEN: ***
trust	CorvidLabs Trust gate	2026-10-07T04:33:49.5533690Z   INPUT_VERSION: 1.0.0
trust	CorvidLabs Trust gate	2026-10-07T04:33:49.5533880Z   ACTION_REF: bccd89c111d47778c97c5064fb62ab51695e04ea
trust	CorvidLabs Trust gate	2026-10-07T04:33:49.5534340Z   ACTION_PATH: /Volumes/NVME/runners/actions-runner-1/_work/_actions/CorvidLabs/augur/b04e839fd3e9f884626ac18bbeb1e6d9c793c17c
trust	CorvidLabs Trust gate	2026-10-07T04:33:49.5534770Z   RELEASE_REPO: CorvidLabs/augur
trust	CorvidLabs Trust gate	2026-10-07T04:33:49.5534950Z ##[endgroup]
trust	CorvidLabs Trust gate	2026-10-07T04:33:53.1512650Z Verified augur-macos-universal against published sha256.
trust	CorvidLabs Trust gate	2026-10-07T04:33:53.1549250Z Installed augur (augur-macos-universal, 1.0.0) for Darwin/arm64.
trust	CorvidLabs Trust gate	2026-10-07T04:33:53.1576210Z ##[end-action id=__CorvidLabs_trust.augur.install;outcome=success;conclusion=success;duration_ms=3620]
trust	CorvidLabs Trust gate	2026-10-07T04:33:53.1579290Z ##[start-action display=Assess (verdict + risk outputs, never fatal);id=__CorvidLabs_trust.augur.assess]
trust	CorvidLabs Trust gate	2026-10-07T04:33:53.1601650Z ##[group]Run # Best-effort second pass that only populates the verdict/risk outputs.
trust	CorvidLabs Trust gate	2026-10-07T04:33:53.1602170Z ^[[36;1m# Best-effort second pass that only populates the verdict/risk outputs.^[[0m
trust	CorvidLabs Trust gate	2026-10-07T04:33:53.1602820Z ^[[36;1m# The gate step below re-runs and is what enforces the threshold, so a^[[0m
trust	CorvidLabs Trust gate	2026-10-07T04:33:53.1603350Z ^[[36;1m# hiccup here must never fail the job (hence the separate `augur check`).^[[0m
trust	CorvidLabs Trust gate	2026-10-07T04:33:53.1603800Z ^[[36;1m# Time-bound: a hung assess (source-built binary / cancel) used to SIGTERM^[[0m
trust	CorvidLabs Trust gate	2026-10-07T04:33:53.1604240Z ^[[36;1m# the step (exit 143) and skip Gate under Trust. Always exit 0.^[[0m
trust	CorvidLabs Trust gate	2026-10-07T04:33:53.1604520Z ^[[36;1mset +e^[[0m
trust	CorvidLabs Trust gate	2026-10-07T04:33:53.1604700Z ^[[36;1mverdict=""; risk=""^[[0m
trust	CorvidLabs Trust gate	2026-10-07T04:33:53.1604940Z ^[[36;1mif command -v timeout >/dev/null 2>&1; then^[[0m
trust	CorvidLabs Trust gate	2026-10-07T04:33:53.1605280Z ^[[36;1m  json="$(timeout 120 "$AUGUR" check --range "$RANGE" --json 2>/dev/null)"^[[0m
trust	CorvidLabs Trust gate	2026-10-07T04:33:53.1605610Z ^[[36;1m  rc=$?^[[0m
trust	CorvidLabs Trust gate	2026-10-07T04:33:53.1605810Z ^[[36;1m  if [ "$rc" -eq 124 ]; then^[[0m
trust	CorvidLabs Trust gate	2026-10-07T04:33:53.1606190Z ^[[36;1m    echo "::warning::augur assess timed out after 120s; leaving verdict empty — Gate will enforce."^[[0m
trust	CorvidLabs Trust gate	2026-10-07T04:33:53.1606600Z ^[[36;1m  fi^[[0m
trust	CorvidLabs Trust gate	2026-10-07T04:33:53.1606740Z ^[[36;1melse^[[0m
trust	CorvidLabs Trust gate	2026-10-07T04:33:53.1606980Z ^[[36;1m  json="$("$AUGUR" check --range "$RANGE" --json 2>/dev/null)"^[[0m
trust	CorvidLabs Trust gate	2026-10-07T04:33:53.1607270Z ^[[36;1mfi^[[0m
trust	CorvidLabs Trust gate	2026-10-07T04:33:53.1607510Z ^[[36;1mif [ -n "${json:-}" ] && command -v jq >/dev/null 2>&1; then^[[0m
trust	CorvidLabs Trust gate	2026-10-07T04:33:53.1607900Z ^[[36;1m  verdict="$(printf '%s' "$json" | jq -r '.verdict // empty')"^[[0m
trust	CorvidLabs Trust gate	2026-10-07T04:33:53.1608270Z ^[[36;1m  risk="$(printf '%s' "$json" | jq -r '(.riskScore // 0) | round')"^[[0m
trust	CorvidLabs Trust gate	2026-10-07T04:33:53.1608570Z ^[[36;1mfi^[[0m
trust	CorvidLabs Trust gate	2026-10-07T04:33:53.1608770Z ^[[36;1mecho "verdict=$verdict" >> "$GITHUB_OUTPUT"^[[0m
trust	CorvidLabs Trust gate	2026-10-07T04:33:53.1609060Z ^[[36;1mecho "risk=$risk" >> "$GITHUB_OUTPUT"^[[0m
trust	CorvidLabs Trust gate	2026-10-07T04:33:53.1609370Z ^[[36;1mecho "augur verdict: ${verdict:-unknown} · risk ${risk:-?}/100"^[[0m
trust	CorvidLabs Trust gate	2026-10-07T04:33:53.1609690Z ^[[36;1mexit 0^[[0m
trust	CorvidLabs Trust gate	2026-10-07T04:33:53.1711450Z shell: /bin/bash --noprofile --norc -e -o pipefail {0}
trust	CorvidLabs Trust gate	2026-10-07T04:33:53.1711760Z env:
trust	CorvidLabs Trust gate	2026-10-07T04:33:53.1711930Z   ROOK_HI: /opt/homebrew/bin/hi
trust	CorvidLabs Trust gate	2026-10-07T04:33:53.1712170Z   ROOK_SPECSYNC: /opt/homebrew/bin/specsync
trust	CorvidLabs Trust gate	2026-10-07T04:33:53.1712430Z   FLEDGE_NON_INTERACTIVE: 1
trust	CorvidLabs Trust gate	2026-10-07T04:33:53.1712640Z   GIT_CONFIG_GLOBAL: /dev/null
trust	CorvidLabs Trust gate	2026-10-07T04:33:53.1713010Z   AUGUR: /var/folders/5k/616qy7sj28l0d53k4c6w_4x00000gn/T/tmp.tSalnaiREx/augur-macos-universal
trust	CorvidLabs Trust gate	2026-10-07T04:33:53.1713780Z   RANGE: d4739d72b02e04411d9102544b51cab6fd9126da..3a495f7cb36d2e483025d111eae7251160d6e99b
trust	CorvidLabs Trust gate	2026-10-07T04:33:53.1714160Z ##[endgroup]
trust	CorvidLabs Trust gate	2026-10-07T04:33:53.9280240Z augur verdict: review · risk 41/100
trust	CorvidLabs Trust gate	2026-10-07T04:33:53.9291140Z ##[end-action id=__CorvidLabs_trust.augur.assess;outcome=success;conclusion=success;duration_ms=771]
trust	CorvidLabs Trust gate	2026-10-07T04:33:53.9294240Z ##[start-action display=Gate (fail at or above threshold);id=__CorvidLabs_trust.augur.__run]
trust	CorvidLabs Trust gate	2026-10-07T04:33:53.9317370Z ##[group]Run set -euo pipefail
trust	CorvidLabs Trust gate	2026-10-07T04:33:53.9317650Z ^[[36;1mset -euo pipefail^[[0m
trust	CorvidLabs Trust gate	2026-10-07T04:33:53.9317900Z ^[[36;1margs=(gate --range "$RANGE" --threshold "$THRESHOLD")^[[0m
trust	CorvidLabs Trust gate	2026-10-07T04:33:53.9318360Z ^[[36;1mif [ -n "$COVERAGE" ]; then^[[0m
trust	CorvidLabs Trust gate	2026-10-07T04:33:53.9318610Z ^[[36;1m  args+=(--coverage "$COVERAGE")^[[0m
trust	CorvidLabs Trust gate	2026-10-07T04:33:53.9318840Z ^[[36;1mfi^[[0m
trust	CorvidLabs Trust gate	2026-10-07T04:33:53.9319000Z ^[[36;1m"$AUGUR" "${args[@]}"^[[0m
trust	CorvidLabs Trust gate	2026-10-07T04:33:53.9419380Z shell: /bin/bash --noprofile --norc -e -o pipefail {0}
trust	CorvidLabs Trust gate	2026-10-07T04:33:53.9419730Z env:
trust	CorvidLabs Trust gate	2026-10-07T04:33:53.9419910Z   ROOK_HI: /opt/homebrew/bin/hi
trust	CorvidLabs Trust gate	2026-10-07T04:33:53.9420140Z   ROOK_SPECSYNC: /opt/homebrew/bin/specsync
trust	CorvidLabs Trust gate	2026-10-07T04:33:53.9420420Z   FLEDGE_NON_INTERACTIVE: 1
trust	CorvidLabs Trust gate	2026-10-07T04:33:53.9420630Z   GIT_CONFIG_GLOBAL: /dev/null
trust	CorvidLabs Trust gate	2026-10-07T04:33:53.9421010Z   AUGUR: /var/folders/5k/616qy7sj28l0d53k4c6w_4x00000gn/T/tmp.tSalnaiREx/augur-macos-universal
trust	CorvidLabs Trust gate	2026-10-07T04:33:53.9421530Z   RANGE: d4739d72b02e04411d9102544b51cab6fd9126da..3a495f7cb36d2e483025d111eae7251160d6e99b
trust	CorvidLabs Trust gate	2026-10-07T04:33:53.9421920Z   THRESHOLD: block
trust	CorvidLabs Trust gate	2026-10-07T04:33:53.9422090Z   COVERAGE: 
trust	CorvidLabs Trust gate	2026-10-07T04:33:53.9422240Z ##[endgroup]
trust	CorvidLabs Trust gate	2026-10-07T04:33:54.0240870Z augur: config: loaded ./.augur.toml
trust	CorvidLabs Trust gate	2026-10-07T04:33:54.2406730Z augur gate · review (risk 41)
trust	CorvidLabs Trust gate	2026-10-07T04:33:54.2426980Z ##[end-action id=__CorvidLabs_trust.augur.__run;outcome=success;conclusion=success;duration_ms=313]
trust	CorvidLabs Trust gate	2026-10-07T04:33:54.2447470Z ##[end-action id=__CorvidLabs_trust.augur;outcome=success;conclusion=success;duration_ms=4727]
trust	CorvidLabs Trust gate	2026-10-07T04:33:54.2449450Z ##[start-action display=Inspect provenance ledger;id=__CorvidLabs_trust.ledger]
trust	CorvidLabs Trust gate	2026-10-07T04:33:54.2518020Z ##[group]Run set -euo pipefail
trust	CorvidLabs Trust gate	2026-10-07T04:33:54.2518260Z ^[[36;1mset -euo pipefail^[[0m
trust	CorvidLabs Trust gate	2026-10-07T04:33:54.2518500Z ^[[36;1mremote="$(git remote get-url origin 2>/dev/null || true)"^[[0m
trust	CorvidLabs Trust gate	2026-10-07T04:33:54.2518760Z ^[[36;1mif [ -z "$remote" ]; then^[[0m
trust	CorvidLabs Trust gate	2026-10-07T04:33:54.2519040Z ^[[36;1m  [ "$MODE" = soft ] && { echo "available=false" >> "$GITHUB_OUTPUT"; exit 0; }^[[0m
trust	CorvidLabs Trust gate	2026-10-07T04:33:54.2519490Z ^[[36;1m  echo "::error::origin remote is required for enforced provenance"^[[0m
trust	CorvidLabs Trust gate	2026-10-07T04:33:54.2519760Z ^[[36;1m  exit 1^[[0m
trust	CorvidLabs Trust gate	2026-10-07T04:33:54.2519950Z ^[[36;1mfi^[[0m
trust	CorvidLabs Trust gate	2026-10-07T04:33:54.2520180Z ^[[36;1mledger="$(git ls-remote origin refs/notes/attest)"^[[0m
trust	CorvidLabs Trust gate	2026-10-07T04:33:54.2520510Z ^[[36;1mif [ -z "$ledger" ]; then^[[0m
trust	CorvidLabs Trust gate	2026-10-07T04:33:54.2520830Z ^[[36;1m  [ "$MODE" = soft ] && { echo "available=false" >> "$GITHUB_OUTPUT"; exit 0; }^[[0m
trust	CorvidLabs Trust gate	2026-10-07T04:33:54.2521610Z ^[[36;1m  echo "::error::remote attestation ledger does not exist"^[[0m
trust	CorvidLabs Trust gate	2026-10-07T04:33:54.2521890Z ^[[36;1m  exit 1^[[0m
trust	CorvidLabs Trust gate	2026-10-07T04:33:54.2522070Z ^[[36;1mfi^[[0m
trust	CorvidLabs Trust gate	2026-10-07T04:33:54.2522290Z ^[[36;1mgit fetch origin "+refs/notes/attest:refs/notes/attest"^[[0m
trust	CorvidLabs Trust gate	2026-10-07T04:33:54.2522640Z ^[[36;1mecho "available=true" >> "$GITHUB_OUTPUT"^[[0m
trust	CorvidLabs Trust gate	2026-10-07T04:33:54.2609420Z shell: /bin/bash --noprofile --norc -e -o pipefail {0}
trust	CorvidLabs Trust gate	2026-10-07T04:33:54.2609690Z env:
trust	CorvidLabs Trust gate	2026-10-07T04:33:54.2609850Z   ROOK_HI: /opt/homebrew/bin/hi
trust	CorvidLabs Trust gate	2026-10-07T04:33:54.2610050Z   ROOK_SPECSYNC: /opt/homebrew/bin/specsync
trust	CorvidLabs Trust gate	2026-10-07T04:33:54.2610250Z   FLEDGE_NON_INTERACTIVE: 1
trust	CorvidLabs Trust gate	2026-10-07T04:33:54.2610450Z   GIT_CONFIG_GLOBAL: /dev/null
trust	CorvidLabs Trust gate	2026-10-07T04:33:54.2610620Z   MODE: soft
trust	CorvidLabs Trust gate	2026-10-07T04:33:54.2610740Z ##[endgroup]
trust	CorvidLabs Trust gate	2026-10-07T04:33:54.7861400Z ##[end-action id=__CorvidLabs_trust.ledger;outcome=success;conclusion=success;duration_ms=541]
trust	CorvidLabs Trust gate	2026-10-07T04:33:54.7873360Z ##[start-action display=Prepare Attest installation probe;id=__CorvidLabs_trust.attest_probe]
trust	CorvidLabs Trust gate	2026-10-07T04:33:54.7900970Z ##[end-action id=__CorvidLabs_trust.attest_probe;outcome=skipped;conclusion=skipped;duration_ms=0]
trust	CorvidLabs Trust gate	2026-10-07T04:33:54.7908120Z ##[start-action display=Install pinned Attest 1.0.0;id=__CorvidLabs_trust.attest_install]
trust	CorvidLabs Trust gate	2026-10-07T04:33:54.7924240Z ##[end-action id=__CorvidLabs_trust.attest_install;outcome=skipped;conclusion=skipped;duration_ms=0]
trust	CorvidLabs Trust gate	2026-10-07T04:33:54.7934530Z ##[start-action display=Provenance gate;id=__CorvidLabs_trust.provenance]
trust	CorvidLabs Trust gate	2026-10-07T04:33:54.7950930Z ##[end-action id=__CorvidLabs_trust.provenance;outcome=skipped;conclusion=skipped;duration_ms=0]
trust	CorvidLabs Trust gate	2026-10-07T04:33:54.7960290Z ##[start-action display=Summarize Trust gate;id=__CorvidLabs_trust.summary]
trust	CorvidLabs Trust gate	2026-10-07T04:33:54.8001250Z ##[group]Run set -euo pipefail
trust	CorvidLabs Trust gate	2026-10-07T04:33:54.8001530Z ^[[36;1mset -euo pipefail^[[0m
trust	CorvidLabs Trust gate	2026-10-07T04:33:54.8001760Z ^[[36;1mlifecycle_status="${LIFECYCLE:-failed}"^[[0m
trust	CorvidLabs Trust gate	2026-10-07T04:33:54.8002160Z ^[[36;1mcontract_status="off"; [ "$CONTRACT_ENABLED" = true ] && contract_status="${CONTRACT:-failed}"^[[0m
trust	CorvidLabs Trust gate	2026-10-07T04:33:54.8002560Z ^[[36;1mrisk_status="${RISK:-failed}"^[[0m
trust	CorvidLabs Trust gate	2026-10-07T04:33:54.8002770Z ^[[36;1mprovenance_status="off"^[[0m
trust	CorvidLabs Trust gate	2026-10-07T04:33:54.8003020Z ^[[36;1mif [ "$PROVENANCE_MODE" != off ]; then^[[0m
trust	CorvidLabs Trust gate	2026-10-07T04:33:54.8003290Z ^[[36;1m  if [ "${LEDGER_AVAILABLE:-false}" != true ]; then^[[0m
trust	CorvidLabs Trust gate	2026-10-07T04:33:54.8003680Z ^[[36;1m    if [ "$PROVENANCE_MODE" = soft ]; then provenance_status="soft-failed"^[[0m
trust	CorvidLabs Trust gate	2026-10-07T04:33:54.8004010Z ^[[36;1m    else provenance_status="failed"^[[0m
trust	CorvidLabs Trust gate	2026-10-07T04:33:54.8004250Z ^[[36;1m    fi^[[0m
trust	CorvidLabs Trust gate	2026-10-07T04:33:54.8004590Z ^[[36;1m  elif [ "${ATTEST_INSTALL:-skipped}" != success ] || [ "${PROVENANCE_OUTCOME:-skipped}" != success ]; then^[[0m
trust	CorvidLabs Trust gate	2026-10-07T04:33:54.8005000Z ^[[36;1m    provenance_status="failed"^[[0m
trust	CorvidLabs Trust gate	2026-10-07T04:33:54.8005230Z ^[[36;1m  else^[[0m
trust	CorvidLabs Trust gate	2026-10-07T04:33:54.8005430Z ^[[36;1m    provenance_status="${PROVENANCE:-failed}"^[[0m
trust	CorvidLabs Trust gate	2026-10-07T04:33:54.8005680Z ^[[36;1m  fi^[[0m
trust	CorvidLabs Trust gate	2026-10-07T04:33:54.8005830Z ^[[36;1mfi^[[0m
trust	CorvidLabs Trust gate	2026-10-07T04:33:54.8006000Z ^[[36;1mstatus="passed"^[[0m
trust	CorvidLabs Trust gate	2026-10-07T04:33:54.8006290Z ^[[36;1mif [ "$lifecycle_status" != success ] || [ "$risk_status" != success ] || \^[[0m
trust	CorvidLabs Trust gate	2026-10-07T04:33:54.8006730Z ^[[36;1m   { [ "$CONTRACT_ENABLED" = true ] && [ "$contract_status" != success ]; } || \^[[0m
trust	CorvidLabs Trust gate	2026-10-07T04:33:54.8007110Z ^[[36;1m   [ "$provenance_status" = failed ]; then^[[0m
trust	CorvidLabs Trust gate	2026-10-07T04:33:54.8007360Z ^[[36;1m  status="failed"^[[0m
trust	CorvidLabs Trust gate	2026-10-07T04:33:54.8007640Z ^[[36;1melif [ "$provenance_status" = soft-failed ]; then^[[0m
trust	CorvidLabs Trust gate	2026-10-07T04:33:54.8007920Z ^[[36;1m  status="degraded"^[[0m
trust	CorvidLabs Trust gate	2026-10-07T04:33:54.8008130Z ^[[36;1mfi^[[0m
trust	CorvidLabs Trust gate	2026-10-07T04:33:54.8008290Z ^[[36;1m{^[[0m
trust	CorvidLabs Trust gate	2026-10-07T04:33:54.8008460Z ^[[36;1m  echo "status=$status"^[[0m
trust	CorvidLabs Trust gate	2026-10-07T04:33:54.8008730Z ^[[36;1m  echo "lifecycle_status=$lifecycle_status"^[[0m
trust	CorvidLabs Trust gate	2026-10-07T04:33:54.8009040Z ^[[36;1m  echo "contract_status=$contract_status"^[[0m
trust	CorvidLabs Trust gate	2026-10-07T04:33:54.8009350Z ^[[36;1m  echo "risk_status=$risk_status"^[[0m
trust	CorvidLabs Trust gate	2026-10-07T04:33:54.8009650Z ^[[36;1m  echo "provenance_status=$provenance_status"^[[0m
trust	CorvidLabs Trust gate	2026-10-07T04:33:54.8009930Z ^[[36;1m} >> "$GITHUB_OUTPUT"^[[0m
trust	CorvidLabs Trust gate	2026-10-07T04:33:54.8010120Z ^[[36;1m{^[[0m
trust	CorvidLabs Trust gate	2026-10-07T04:33:54.8010300Z ^[[36;1m  echo "### CorvidLabs Trust"^[[0m
trust	CorvidLabs Trust gate	2026-10-07T04:33:54.8010510Z ^[[36;1m  echo^[[0m
trust	CorvidLabs Trust gate	2026-10-07T04:33:54.8010770Z ^[[36;1m  echo "| lifecycle | contract | risk | provenance | overall |"^[[0m
trust	CorvidLabs Trust gate	2026-10-07T04:33:54.8011080Z ^[[36;1m  echo "|---|---|---|---|---|"^[[0m
trust	CorvidLabs Trust gate	2026-10-07T04:33:54.8011470Z ^[[36;1m  echo "| $lifecycle_status | $contract_status | $risk_status | $provenance_status | $status |"^[[0m
trust	CorvidLabs Trust gate	2026-10-07T04:33:54.8011870Z ^[[36;1m} >> "$GITHUB_STEP_SUMMARY"^[[0m
trust	CorvidLabs Trust gate	2026-10-07T04:33:54.8134730Z shell: /bin/bash --noprofile --norc -e -o pipefail {0}
trust	CorvidLabs Trust gate	2026-10-07T04:33:54.8135050Z env:
trust	CorvidLabs Trust gate	2026-10-07T04:33:54.8135240Z   ROOK_HI: /opt/homebrew/bin/hi
trust	CorvidLabs Trust gate	2026-10-07T04:33:54.8135480Z   ROOK_SPECSYNC: /opt/homebrew/bin/specsync
trust	CorvidLabs Trust gate	2026-10-07T04:33:54.8135730Z   FLEDGE_NON_INTERACTIVE: 1
trust	CorvidLabs Trust gate	2026-10-07T04:33:54.8135970Z   GIT_CONFIG_GLOBAL: /dev/null
trust	CorvidLabs Trust gate	2026-10-07T04:33:54.8136380Z   LIFECYCLE: success
trust	CorvidLabs Trust gate	2026-10-07T04:33:54.8136550Z   CONTRACT_ENABLED: true
trust	CorvidLabs Trust gate	2026-10-07T04:33:54.8136720Z   CONTRACT: success
trust	CorvidLabs Trust gate	2026-10-07T04:33:54.8137060Z   RISK: success
trust	CorvidLabs Trust gate	2026-10-07T04:33:54.8137230Z   PROVENANCE_MODE: soft
trust	CorvidLabs Trust gate	2026-10-07T04:33:54.8137390Z   LEDGER_AVAILABLE: false
trust	CorvidLabs Trust gate	2026-10-07T04:33:54.8137570Z   ATTEST_INSTALL: skipped
trust	CorvidLabs Trust gate	2026-10-07T04:33:54.8137730Z   PROVENANCE_OUTCOME: skipped
trust	CorvidLabs Trust gate	2026-10-07T04:33:54.8137910Z   PROVENANCE: 
trust	CorvidLabs Trust gate	2026-10-07T04:33:54.8138060Z ##[endgroup]
trust	CorvidLabs Trust gate	2026-10-07T04:33:54.8674330Z ##[end-action id=__CorvidLabs_trust.summary;outcome=success;conclusion=success;duration_ms=71]
trust	Post Checkout	﻿2026-10-07T04:33:54.8819500Z Post job cleanup.
trust	Post Checkout	2026-10-07T04:33:55.2840720Z [command]/usr/bin/git version
trust	Post Checkout	2026-10-07T04:33:55.2995390Z git version 2.50.1 (Apple Git-155)
trust	Post Checkout	2026-10-07T04:33:55.3015460Z Copying '/Users/leif/.gitconfig' to '/Volumes/NVME/runners/actions-runner-1/_work/_temp/eccae62c-ceb7-40c3-b0e7-bb2236e262b6/.gitconfig'
trust	Post Checkout	2026-10-07T04:33:55.3029780Z Temporarily overriding HOME='/Volumes/NVME/runners/actions-runner-1/_work/_temp/eccae62c-ceb7-40c3-b0e7-bb2236e262b6' before making global git config changes
trust	Post Checkout	2026-10-07T04:33:55.3030700Z Adding repository directory to the temporary git global config as a safe directory
trust	Post Checkout	2026-10-07T04:33:55.3034440Z [command]/usr/bin/git config --global --add safe.directory /Volumes/NVME/runners/actions-runner-1/_work/sculpt-3md/sculpt-3md
trust	Post Checkout	2026-10-07T04:33:55.5510710Z [command]/usr/bin/git config --local --name-only --get-regexp core\.sshCommand
trust	Post Checkout	2026-10-07T04:33:55.5661590Z [command]/usr/bin/git submodule foreach --recursive sh -c "git config --local --name-only --get-regexp 'core\.sshCommand' && git config --local --unset-all 'core.sshCommand' || :"
trust	Post Checkout	2026-10-07T04:33:55.8117670Z [command]/usr/bin/git config --local --name-only --get-regexp http\.https\:\/\/github\.com\/\.extraheader
trust	Post Checkout	2026-10-07T04:33:55.8283900Z http.https://github.com/.extraheader
trust	Post Checkout	2026-10-07T04:33:55.8296320Z [command]/usr/bin/git config --local --unset-all http.https://github.com/.extraheader
trust	Post Checkout	2026-10-07T04:33:55.8484560Z [command]/usr/bin/git submodule foreach --recursive sh -c "git config --local --name-only --get-regexp 'http\.https\:\/\/github\.com\/\.extraheader' && git config --local --unset-all 'http.https://github.com/.extraheader' || :"
trust	Post Checkout	2026-10-07T04:33:55.9797280Z [command]/usr/bin/git config --local --name-only --get-regexp ^includeIf\.gitdir:
trust	Post Checkout	2026-10-07T04:33:55.9977990Z [command]/usr/bin/git submodule foreach --recursive git config --local --show-origin --name-only --get-regexp remote.origin.url
trust	Complete job	﻿2026-10-07T04:33:56.1399590Z Cleaning up orphan processes
