trust	UNKNOWN STEP	﻿2026-10-07T05:51:44.1496350Z Current runner version: '2.337.0'
trust	UNKNOWN STEP	2026-10-07T05:51:44.1504630Z Runner name: 'corvid-mac-1'
trust	UNKNOWN STEP	2026-10-07T05:51:44.1505270Z Runner group name: 'default'
trust	UNKNOWN STEP	2026-10-07T05:51:44.1506070Z Machine name: 'mac'
trust	UNKNOWN STEP	2026-10-07T05:51:44.1508300Z ##[group]GITHUB_TOKEN Permissions
trust	UNKNOWN STEP	2026-10-07T05:51:44.1510060Z Contents: read
trust	UNKNOWN STEP	2026-10-07T05:51:44.1510480Z Metadata: read
trust	UNKNOWN STEP	2026-10-07T05:51:44.1510960Z ##[endgroup]
trust	UNKNOWN STEP	2026-10-07T05:51:44.1512620Z Secret source: Actions
trust	UNKNOWN STEP	2026-10-07T05:51:44.1513230Z Cache mode: write
trust	UNKNOWN STEP	2026-10-07T05:51:44.1513710Z Prepare workflow directory
trust	UNKNOWN STEP	2026-10-07T05:51:44.2225240Z Prepare all required actions
trust	UNKNOWN STEP	2026-10-07T05:51:44.2261760Z Getting action download info
trust	UNKNOWN STEP	2026-10-07T05:51:44.7657830Z Download action repository 'actions/checkout@v5' (SHA:fbc6f3992d24b796d5a048ff273f7fcc4a7b6c09)
trust	UNKNOWN STEP	2026-10-07T05:51:45.9332950Z Download action repository 'CorvidLabs/trust@bccd89c111d47778c97c5064fb62ab51695e04ea' (SHA:bccd89c111d47778c97c5064fb62ab51695e04ea)
trust	UNKNOWN STEP	2026-10-07T05:51:46.9449920Z Getting action download info
trust	UNKNOWN STEP	2026-10-07T05:51:47.2191020Z Download action repository 'CorvidLabs/spec-sync@3c2ed4972c8c53ae02ab5dd5775beccd6da3eeb8' (SHA:3c2ed4972c8c53ae02ab5dd5775beccd6da3eeb8)
trust	UNKNOWN STEP	2026-10-07T05:51:53.1366450Z Download action repository 'CorvidLabs/augur@b04e839fd3e9f884626ac18bbeb1e6d9c793c17c' (SHA:b04e839fd3e9f884626ac18bbeb1e6d9c793c17c)
trust	UNKNOWN STEP	2026-10-07T05:51:54.1616940Z Download action repository 'CorvidLabs/attest@2182cae4fb9f2be8f16062f753c14d6c42a2b044' (SHA:2182cae4fb9f2be8f16062f753c14d6c42a2b044)
trust	UNKNOWN STEP	2026-10-07T05:51:55.4273950Z Complete job name: trust
trust	UNKNOWN STEP	2026-10-07T05:51:55.4823600Z ##[group]Run actions/checkout@v5
trust	UNKNOWN STEP	2026-10-07T05:51:55.4823970Z with:
trust	UNKNOWN STEP	2026-10-07T05:51:55.4824260Z   fetch-depth: 0
trust	UNKNOWN STEP	2026-10-07T05:51:55.4824460Z   repository: CorvidLabs/sculpt-3md
trust	UNKNOWN STEP	2026-10-07T05:51:55.4826450Z   token: ***
trust	UNKNOWN STEP	2026-10-07T05:51:55.4826600Z   ssh-strict: true
trust	UNKNOWN STEP	2026-10-07T05:51:55.4826750Z   ssh-user: git
trust	UNKNOWN STEP	2026-10-07T05:51:55.4826910Z   persist-credentials: true
trust	UNKNOWN STEP	2026-10-07T05:51:55.4827090Z   clean: true
trust	UNKNOWN STEP	2026-10-07T05:51:55.4827260Z   sparse-checkout-cone-mode: true
trust	UNKNOWN STEP	2026-10-07T05:51:55.4827600Z   fetch-tags: false
trust	UNKNOWN STEP	2026-10-07T05:51:55.4827760Z   show-progress: true
trust	UNKNOWN STEP	2026-10-07T05:51:55.4827920Z   lfs: false
trust	UNKNOWN STEP	2026-10-07T05:51:55.4828070Z   submodules: false
trust	UNKNOWN STEP	2026-10-07T05:51:55.4828230Z   set-safe-directory: true
trust	UNKNOWN STEP	2026-10-07T05:51:55.4828410Z   allow-unsafe-pr-checkout: false
trust	UNKNOWN STEP	2026-10-07T05:51:55.4828840Z env:
trust	UNKNOWN STEP	2026-10-07T05:51:55.4829000Z   ROOK_HI: /opt/homebrew/bin/hi
trust	UNKNOWN STEP	2026-10-07T05:51:55.4829210Z   ROOK_SPECSYNC: /opt/homebrew/bin/specsync
trust	UNKNOWN STEP	2026-10-07T05:51:55.4829470Z   FLEDGE_NON_INTERACTIVE: 1
trust	UNKNOWN STEP	2026-10-07T05:51:55.4829640Z ##[endgroup]
trust	UNKNOWN STEP	2026-10-07T05:51:56.0416070Z Syncing repository: CorvidLabs/sculpt-3md
trust	UNKNOWN STEP	2026-10-07T05:51:56.0417030Z ##[group]Getting Git version info
trust	UNKNOWN STEP	2026-10-07T05:51:56.0417450Z Working directory is '/Volumes/NVME/runners/actions-runner-1/_work/sculpt-3md/sculpt-3md'
trust	UNKNOWN STEP	2026-10-07T05:51:56.0418010Z [command]/usr/bin/git version
trust	UNKNOWN STEP	2026-10-07T05:51:56.0610020Z git version 2.50.1 (Apple Git-155)
trust	UNKNOWN STEP	2026-10-07T05:51:56.0628500Z ##[endgroup]
trust	UNKNOWN STEP	2026-10-07T05:51:56.0636750Z Copying '/Users/leif/.gitconfig' to '/Volumes/NVME/runners/actions-runner-1/_work/_temp/c8edbcb0-cd4f-48de-8420-9b4da5902b74/.gitconfig'
trust	UNKNOWN STEP	2026-10-07T05:51:56.0644680Z Temporarily overriding HOME='/Volumes/NVME/runners/actions-runner-1/_work/_temp/c8edbcb0-cd4f-48de-8420-9b4da5902b74' before making global git config changes
trust	UNKNOWN STEP	2026-10-07T05:51:56.0645510Z Adding repository directory to the temporary git global config as a safe directory
trust	UNKNOWN STEP	2026-10-07T05:51:56.0649400Z [command]/usr/bin/git config --global --add safe.directory /Volumes/NVME/runners/actions-runner-1/_work/sculpt-3md/sculpt-3md
trust	UNKNOWN STEP	2026-10-07T05:51:56.3965860Z [command]/usr/bin/git config --local --get remote.origin.url
trust	UNKNOWN STEP	2026-10-07T05:51:56.4092870Z https://github.com/CorvidLabs/sculpt-3md
trust	UNKNOWN STEP	2026-10-07T05:51:56.4103140Z ##[group]Removing previously created refs, to avoid conflicts
trust	UNKNOWN STEP	2026-10-07T05:51:56.4106820Z [command]/usr/bin/git rev-parse --symbolic-full-name --verify --quiet HEAD
trust	UNKNOWN STEP	2026-10-07T05:51:56.4249750Z HEAD
trust	UNKNOWN STEP	2026-10-07T05:51:56.4437290Z ##[endgroup]
trust	UNKNOWN STEP	2026-10-07T05:51:56.4440880Z [command]/usr/bin/git submodule status
trust	UNKNOWN STEP	2026-10-07T05:51:56.5968210Z ##[group]Cleaning the repository
trust	UNKNOWN STEP	2026-10-07T05:51:56.5973000Z [command]/usr/bin/git clean -ffdx
trust	UNKNOWN STEP	2026-10-07T05:51:57.6369680Z Removing .build/
trust	UNKNOWN STEP	2026-10-07T05:51:57.6369980Z Removing .specsync/hashes.json
trust	UNKNOWN STEP	2026-10-07T05:51:57.6380450Z [command]/usr/bin/git reset --hard HEAD
trust	UNKNOWN STEP	2026-10-07T05:51:57.7041310Z HEAD is now at 3d8a7fc Merge 3a495f7cb36d2e483025d111eae7251160d6e99b into d4739d72b02e04411d9102544b51cab6fd9126da
trust	UNKNOWN STEP	2026-10-07T05:51:57.7048410Z ##[endgroup]
trust	UNKNOWN STEP	2026-10-07T05:51:57.7050900Z ##[group]Disabling automatic garbage collection
trust	UNKNOWN STEP	2026-10-07T05:51:57.7056060Z [command]/usr/bin/git config --local gc.auto 0
trust	UNKNOWN STEP	2026-10-07T05:51:57.7293120Z ##[endgroup]
trust	UNKNOWN STEP	2026-10-07T05:51:57.7293460Z ##[group]Setting up auth
trust	UNKNOWN STEP	2026-10-07T05:51:57.7301200Z [command]/usr/bin/git config --local --name-only --get-regexp core\.sshCommand
trust	UNKNOWN STEP	2026-10-07T05:51:57.7450130Z [command]/usr/bin/git submodule foreach --recursive sh -c "git config --local --name-only --get-regexp 'core\.sshCommand' && git config --local --unset-all 'core.sshCommand' || :"
trust	UNKNOWN STEP	2026-10-07T05:51:57.8885450Z [command]/usr/bin/git config --local --name-only --get-regexp http\.https\:\/\/github\.com\/\.extraheader
trust	UNKNOWN STEP	2026-10-07T05:51:57.9040500Z [command]/usr/bin/git submodule foreach --recursive sh -c "git config --local --name-only --get-regexp 'http\.https\:\/\/github\.com\/\.extraheader' && git config --local --unset-all 'http.https://github.com/.extraheader' || :"
trust	UNKNOWN STEP	2026-10-07T05:51:58.0334770Z [command]/usr/bin/git config --local --name-only --get-regexp ^includeIf\.gitdir:
trust	UNKNOWN STEP	2026-10-07T05:51:58.0494880Z [command]/usr/bin/git submodule foreach --recursive git config --local --show-origin --name-only --get-regexp remote.origin.url
trust	UNKNOWN STEP	2026-10-07T05:51:58.1811850Z [command]/usr/bin/git config --local http.https://github.com/.extraheader AUTHORIZATION: basic ***
trust	UNKNOWN STEP	2026-10-07T05:51:58.1974880Z ##[endgroup]
trust	UNKNOWN STEP	2026-10-07T05:51:58.1975850Z ##[group]Fetching the repository
trust	UNKNOWN STEP	2026-10-07T05:51:58.1981110Z [command]/usr/bin/git -c protocol.version=2 fetch --prune --no-recurse-submodules origin +refs/heads/*:refs/remotes/origin/* +refs/tags/*:refs/tags/* +f1f28e965622cb7536ebfccb133c6447c823350b:refs/remotes/pull/46/merge
trust	UNKNOWN STEP	2026-10-07T05:51:58.6970440Z From https://github.com/CorvidLabs/sculpt-3md
trust	UNKNOWN STEP	2026-10-07T05:51:58.7019120Z  - [deleted]         (none)                                   -> origin/leif/linked-composition-read-path
trust	UNKNOWN STEP	2026-10-07T05:52:00.5297170Z  * [new branch]      leif/close-linked-composition-read-path  -> origin/leif/close-linked-composition-read-path
trust	UNKNOWN STEP	2026-10-07T05:52:00.5301810Z  * [new branch]      leif/math-scale-examples                 -> origin/leif/math-scale-examples
trust	UNKNOWN STEP	2026-10-07T05:52:00.5312220Z    d4739d7..257904b  main                                     -> origin/main
trust	UNKNOWN STEP	2026-10-07T05:52:00.5318330Z  * [new ref]         f1f28e965622cb7536ebfccb133c6447c823350b -> pull/46/merge
trust	UNKNOWN STEP	2026-10-07T05:52:00.5419450Z ##[endgroup]
trust	UNKNOWN STEP	2026-10-07T05:52:00.5420070Z ##[group]Determining the checkout info
trust	UNKNOWN STEP	2026-10-07T05:52:00.5420680Z ##[endgroup]
trust	UNKNOWN STEP	2026-10-07T05:52:00.5425630Z [command]/usr/bin/git sparse-checkout disable
trust	UNKNOWN STEP	2026-10-07T05:52:00.5661550Z [command]/usr/bin/git config --local --unset-all extensions.worktreeConfig
trust	UNKNOWN STEP	2026-10-07T05:52:00.5849440Z ##[group]Checking out the ref
trust	UNKNOWN STEP	2026-10-07T05:52:00.5853400Z [command]/usr/bin/git checkout --progress --force refs/remotes/pull/46/merge
trust	UNKNOWN STEP	2026-10-07T05:52:00.6491460Z Previous HEAD position was 3d8a7fc Merge 3a495f7cb36d2e483025d111eae7251160d6e99b into d4739d72b02e04411d9102544b51cab6fd9126da
trust	UNKNOWN STEP	2026-10-07T05:52:00.6506200Z HEAD is now at f1f28e9 Merge bd129915f8edf286efe9eddb40749f651b4c2257 into 257904b81b6e1bd47b3ddac8dc0081fc1eade889
trust	UNKNOWN STEP	2026-10-07T05:52:00.6523110Z ##[endgroup]
trust	UNKNOWN STEP	2026-10-07T05:52:00.6724480Z [command]/usr/bin/git log -1 --format=%H
trust	UNKNOWN STEP	2026-10-07T05:52:00.6924980Z f1f28e965622cb7536ebfccb133c6447c823350b
trust	UNKNOWN STEP	2026-10-07T05:52:00.7418920Z ##[group]Run CorvidLabs/trust@bccd89c111d47778c97c5064fb62ab51695e04ea
trust	UNKNOWN STEP	2026-10-07T05:52:00.7419240Z with:
trust	UNKNOWN STEP	2026-10-07T05:52:00.7419650Z   config: .trust.toml
trust	UNKNOWN STEP	2026-10-07T05:52:00.7419840Z   working-directory: .
trust	UNKNOWN STEP	2026-10-07T05:52:00.7420040Z   specsync-version: 6.0.0
trust	UNKNOWN STEP	2026-10-07T05:52:00.7420210Z env:
trust	UNKNOWN STEP	2026-10-07T05:52:00.7420380Z   ROOK_HI: /opt/homebrew/bin/hi
trust	UNKNOWN STEP	2026-10-07T05:52:00.7420600Z   ROOK_SPECSYNC: /opt/homebrew/bin/specsync
trust	UNKNOWN STEP	2026-10-07T05:52:00.7420860Z   FLEDGE_NON_INTERACTIVE: 1
trust	UNKNOWN STEP	2026-10-07T05:52:00.7421060Z   GIT_CONFIG_GLOBAL: /dev/null
trust	UNKNOWN STEP	2026-10-07T05:52:00.7421340Z ##[endgroup]
trust	UNKNOWN STEP	2026-10-07T05:52:00.7526820Z ##[start-action display=Resolve committed Trust policy;id=__CorvidLabs_trust.config]
trust	UNKNOWN STEP	2026-10-07T05:52:00.7562290Z ##[group]Run set -euo pipefail
trust	UNKNOWN STEP	2026-10-07T05:52:00.7562540Z ^[[36;1mset -euo pipefail^[[0m
trust	UNKNOWN STEP	2026-10-07T05:52:00.7562820Z ^[[36;1mpython3 "$GITHUB_ACTION_PATH/scripts/trust_cli.py" action-resolve \^[[0m
trust	UNKNOWN STEP	2026-10-07T05:52:00.7563220Z ^[[36;1m  --working-directory "$WORKING_DIRECTORY" \^[[0m
trust	UNKNOWN STEP	2026-10-07T05:52:00.7563470Z ^[[36;1m  --config "$CONFIG" \^[[0m
trust	UNKNOWN STEP	2026-10-07T05:52:00.7563650Z ^[[36;1m  --range "$RANGE" \^[[0m
trust	UNKNOWN STEP	2026-10-07T05:52:00.7563840Z ^[[36;1m  --profile "$PROFILE" \^[[0m
trust	UNKNOWN STEP	2026-10-07T05:52:00.7564040Z ^[[36;1m  --threshold "$THRESHOLD" \^[[0m
trust	UNKNOWN STEP	2026-10-07T05:52:00.7564270Z ^[[36;1m  --specsync-version "$SPECSYNC_VERSION" \^[[0m
trust	UNKNOWN STEP	2026-10-07T05:52:00.7564580Z ^[[36;1m  --specsync-download-base-url "$SPECSYNC_DOWNLOAD_BASE_URL" \^[[0m
trust	UNKNOWN STEP	2026-10-07T05:52:00.7564880Z ^[[36;1m  --runner-temp "$RUNNER_TEMP"^[[0m
trust	UNKNOWN STEP	2026-10-07T05:52:00.7678680Z shell: /bin/bash --noprofile --norc -e -o pipefail {0}
trust	UNKNOWN STEP	2026-10-07T05:52:00.7678930Z env:
trust	UNKNOWN STEP	2026-10-07T05:52:00.7679080Z   ROOK_HI: /opt/homebrew/bin/hi
trust	UNKNOWN STEP	2026-10-07T05:52:00.7679290Z   ROOK_SPECSYNC: /opt/homebrew/bin/specsync
trust	UNKNOWN STEP	2026-10-07T05:52:00.7679580Z   FLEDGE_NON_INTERACTIVE: 1
trust	UNKNOWN STEP	2026-10-07T05:52:00.7679840Z   GIT_CONFIG_GLOBAL: /dev/null
trust	UNKNOWN STEP	2026-10-07T05:52:00.7680040Z   CONFIG: .trust.toml
trust	UNKNOWN STEP	2026-10-07T05:52:00.7680210Z   WORKING_DIRECTORY: .
trust	UNKNOWN STEP	2026-10-07T05:52:00.7680380Z   RANGE: 
trust	UNKNOWN STEP	2026-10-07T05:52:00.7680500Z   PROFILE: 
trust	UNKNOWN STEP	2026-10-07T05:52:00.7680630Z   THRESHOLD: 
trust	UNKNOWN STEP	2026-10-07T05:52:00.7680770Z   SPECSYNC_VERSION: 6.0.0
trust	UNKNOWN STEP	2026-10-07T05:52:00.7680950Z   SPECSYNC_DOWNLOAD_BASE_URL: 
trust	UNKNOWN STEP	2026-10-07T05:52:00.7681210Z   RUNNER_TEMP: /Volumes/NVME/runners/actions-runner-1/_work/_temp
trust	UNKNOWN STEP	2026-10-07T05:52:00.7681480Z ##[endgroup]
trust	UNKNOWN STEP	2026-10-07T05:52:01.1818260Z ##[end-action id=__CorvidLabs_trust.config;outcome=success;conclusion=success;duration_ms=429]
trust	UNKNOWN STEP	2026-10-07T05:52:01.1838180Z ##[start-action display=Install pinned Fledge 1.7.0;id=__CorvidLabs_trust.__run]
trust	UNKNOWN STEP	2026-10-07T05:52:01.1863980Z ##[group]Run set -euo pipefail
trust	UNKNOWN STEP	2026-10-07T05:52:01.1864260Z ^[[36;1mset -euo pipefail^[[0m
trust	UNKNOWN STEP	2026-10-07T05:52:01.1864490Z ^[[36;1mif [ ! -x "$INSTALL_ROOT/bin/fledge" ]; then^[[0m
trust	UNKNOWN STEP	2026-10-07T05:52:01.1864780Z ^[[36;1m  case "${RUNNER_OS}:$(uname -m)" in^[[0m
trust	UNKNOWN STEP	2026-10-07T05:52:01.1865010Z ^[[36;1m    macOS:arm64)^[[0m
trust	UNKNOWN STEP	2026-10-07T05:52:01.1865710Z ^[[36;1m      asset="fledge-macos-aarch64"^[[0m
trust	UNKNOWN STEP	2026-10-07T05:52:01.1866230Z ^[[36;1m      sha="21d0916d52ef14e6d33e3967417773369e047a0311e66bbb1eecc8f69332a040"^[[0m
trust	UNKNOWN STEP	2026-10-07T05:52:01.1866570Z ^[[36;1m      ;;^[[0m
trust	UNKNOWN STEP	2026-10-07T05:52:01.1866840Z ^[[36;1m    macOS:x86_64)^[[0m
trust	UNKNOWN STEP	2026-10-07T05:52:01.1867060Z ^[[36;1m      asset="fledge-macos-x86_64"^[[0m
trust	UNKNOWN STEP	2026-10-07T05:52:01.1867450Z ^[[36;1m      sha="9b93babd60f87dc67c1df1902b35ab71c06912a267821c05688e6cd842c71072"^[[0m
trust	UNKNOWN STEP	2026-10-07T05:52:01.1867780Z ^[[36;1m      ;;^[[0m
trust	UNKNOWN STEP	2026-10-07T05:52:01.1867980Z ^[[36;1m    Linux:x86_64)^[[0m
trust	UNKNOWN STEP	2026-10-07T05:52:01.1868190Z ^[[36;1m      asset="fledge-linux-x86_64"^[[0m
trust	UNKNOWN STEP	2026-10-07T05:52:01.1868580Z ^[[36;1m      sha="9a2c5a0db698811052ad741dd8da5a3e8af5e46797f11b6cc59dffbd49917170"^[[0m
trust	UNKNOWN STEP	2026-10-07T05:52:01.1868930Z ^[[36;1m      ;;^[[0m
trust	UNKNOWN STEP	2026-10-07T05:52:01.1869090Z ^[[36;1m    *)^[[0m
trust	UNKNOWN STEP	2026-10-07T05:52:01.1869460Z ^[[36;1m      echo "::error::Fledge 1.7.0 has no Trust-supported asset for ${RUNNER_OS}/$(uname -m)"^[[0m
trust	UNKNOWN STEP	2026-10-07T05:52:01.1869980Z ^[[36;1m      exit 1^[[0m
trust	UNKNOWN STEP	2026-10-07T05:52:01.1870750Z ^[[36;1m      ;;^[[0m
trust	UNKNOWN STEP	2026-10-07T05:52:01.1870930Z ^[[36;1m  esac^[[0m
trust	UNKNOWN STEP	2026-10-07T05:52:01.1871140Z ^[[36;1m  mkdir -p "$INSTALL_ROOT/bin"^[[0m
trust	UNKNOWN STEP	2026-10-07T05:52:01.1871540Z ^[[36;1m  curl -fsSL "https://github.com/CorvidLabs/fledge/releases/download/v1.7.0/$asset" \^[[0m
trust	UNKNOWN STEP	2026-10-07T05:52:01.1872220Z ^[[36;1m    -o "$INSTALL_ROOT/bin/fledge"^[[0m
trust	UNKNOWN STEP	2026-10-07T05:52:01.1872780Z ^[[36;1m  actual="$(shasum -a 256 "$INSTALL_ROOT/bin/fledge" | awk '{print $1}')"^[[0m
trust	UNKNOWN STEP	2026-10-07T05:52:01.1873130Z ^[[36;1m  if [ "$actual" != "$sha" ]; then^[[0m
trust	UNKNOWN STEP	2026-10-07T05:52:01.1873500Z ^[[36;1m    echo "::error::Fledge 1.7.0 checksum mismatch (expected $sha, got $actual)"^[[0m
trust	UNKNOWN STEP	2026-10-07T05:52:01.1873840Z ^[[36;1m    exit 1^[[0m
trust	UNKNOWN STEP	2026-10-07T05:52:01.1874040Z ^[[36;1m  fi^[[0m
trust	UNKNOWN STEP	2026-10-07T05:52:01.1874220Z ^[[36;1m  chmod +x "$INSTALL_ROOT/bin/fledge"^[[0m
trust	UNKNOWN STEP	2026-10-07T05:52:01.1874470Z ^[[36;1mfi^[[0m
trust	UNKNOWN STEP	2026-10-07T05:52:01.1875180Z ^[[36;1mecho "$INSTALL_ROOT/bin" >> "$GITHUB_PATH"^[[0m
trust	UNKNOWN STEP	2026-10-07T05:52:01.1976460Z shell: /bin/bash --noprofile --norc -e -o pipefail {0}
trust	UNKNOWN STEP	2026-10-07T05:52:01.1976750Z env:
trust	UNKNOWN STEP	2026-10-07T05:52:01.1976910Z   ROOK_HI: /opt/homebrew/bin/hi
trust	UNKNOWN STEP	2026-10-07T05:52:01.1977150Z   ROOK_SPECSYNC: /opt/homebrew/bin/specsync
trust	UNKNOWN STEP	2026-10-07T05:52:01.1977420Z   FLEDGE_NON_INTERACTIVE: 1
trust	UNKNOWN STEP	2026-10-07T05:52:01.1977610Z   GIT_CONFIG_GLOBAL: /dev/null
trust	UNKNOWN STEP	2026-10-07T05:52:01.1977940Z   INSTALL_ROOT: /Volumes/NVME/runners/actions-runner-1/_work/_temp/corvid-trust-fledge
trust	UNKNOWN STEP	2026-10-07T05:52:01.1978280Z ##[endgroup]
trust	UNKNOWN STEP	2026-10-07T05:52:11.1068340Z ##[end-action id=__CorvidLabs_trust.__run;outcome=success;conclusion=success;duration_ms=9922]
trust	UNKNOWN STEP	2026-10-07T05:52:11.1072910Z ##[start-action display=Install pinned SpecSync;id=__CorvidLabs_trust.specsync_install]
trust	UNKNOWN STEP	2026-10-07T05:52:11.1095500Z ##[group]Run set -euo pipefail
trust	UNKNOWN STEP	2026-10-07T05:52:11.1095760Z ^[[36;1mset -euo pipefail^[[0m
trust	UNKNOWN STEP	2026-10-07T05:52:11.1096130Z ^[[36;1mbinary="$(python3 "$GITHUB_ACTION_PATH/scripts/trust_cli.py" action-install-specsync \^[[0m
trust	UNKNOWN STEP	2026-10-07T05:52:11.1096620Z ^[[36;1m  --specsync-version "$SPECSYNC_VERSION" \^[[0m
trust	UNKNOWN STEP	2026-10-07T05:52:11.1096970Z ^[[36;1m  --specsync-download-base-url "$SPECSYNC_DOWNLOAD_BASE_URL" \^[[0m
trust	UNKNOWN STEP	2026-10-07T05:52:11.1097320Z ^[[36;1m  --runner-temp "$RUNNER_TEMP")"^[[0m
trust	UNKNOWN STEP	2026-10-07T05:52:11.1097630Z ^[[36;1mecho "binary=$binary" >> "$GITHUB_OUTPUT"^[[0m
trust	UNKNOWN STEP	2026-10-07T05:52:11.1097980Z ^[[36;1mecho "$(dirname "$binary")" >> "$GITHUB_PATH"^[[0m
trust	UNKNOWN STEP	2026-10-07T05:52:11.1205070Z shell: /bin/bash --noprofile --norc -e -o pipefail {0}
trust	UNKNOWN STEP	2026-10-07T05:52:11.1205350Z env:
trust	UNKNOWN STEP	2026-10-07T05:52:11.1205510Z   ROOK_HI: /opt/homebrew/bin/hi
trust	UNKNOWN STEP	2026-10-07T05:52:11.1205740Z   ROOK_SPECSYNC: /opt/homebrew/bin/specsync
trust	UNKNOWN STEP	2026-10-07T05:52:11.1205970Z   FLEDGE_NON_INTERACTIVE: 1
trust	UNKNOWN STEP	2026-10-07T05:52:11.1206180Z   GIT_CONFIG_GLOBAL: /dev/null
trust	UNKNOWN STEP	2026-10-07T05:52:11.1206380Z   SPECSYNC_VERSION: 6.0.0
trust	UNKNOWN STEP	2026-10-07T05:52:11.1206540Z   SPECSYNC_DOWNLOAD_BASE_URL: 
trust	UNKNOWN STEP	2026-10-07T05:52:11.1206780Z   RUNNER_TEMP: /Volumes/NVME/runners/actions-runner-1/_work/_temp
trust	UNKNOWN STEP	2026-10-07T05:52:11.1207060Z ##[endgroup]
trust	UNKNOWN STEP	2026-10-07T05:52:13.5150010Z ##[warning]Ignoring PATH SpecSync /Users/leif/.cargo/bin/specsync; using Trust-pinned /Volumes/NVME/runners/actions-runner-1/_work/_temp/corvid-trust-specsync/bin/specsync
trust	UNKNOWN STEP	2026-10-07T05:52:13.5336280Z ##[end-action id=__CorvidLabs_trust.specsync_install;outcome=success;conclusion=success;duration_ms=2426]
trust	UNKNOWN STEP	2026-10-07T05:52:13.5339640Z ##[start-action display=Lifecycle verification;id=__CorvidLabs_trust.lifecycle]
trust	UNKNOWN STEP	2026-10-07T05:52:13.5366390Z ##[group]Run set -euo pipefail
trust	UNKNOWN STEP	2026-10-07T05:52:13.5366680Z ^[[36;1mset -euo pipefail^[[0m
trust	UNKNOWN STEP	2026-10-07T05:52:13.5367020Z ^[[36;1mpython3 "$GITHUB_ACTION_PATH/scripts/trust_cli.py" action-lifecycle \^[[0m
trust	UNKNOWN STEP	2026-10-07T05:52:13.5367360Z ^[[36;1m  --working-directory . \^[[0m
trust	UNKNOWN STEP	2026-10-07T05:52:13.5367600Z ^[[36;1m  --config "$TRUST_CONFIG"^[[0m
trust	UNKNOWN STEP	2026-10-07T05:52:13.5469950Z shell: /bin/bash --noprofile --norc -e -o pipefail {0}
trust	UNKNOWN STEP	2026-10-07T05:52:13.5470250Z env:
trust	UNKNOWN STEP	2026-10-07T05:52:13.5470420Z   ROOK_HI: /opt/homebrew/bin/hi
trust	UNKNOWN STEP	2026-10-07T05:52:13.5470670Z   ROOK_SPECSYNC: /opt/homebrew/bin/specsync
trust	UNKNOWN STEP	2026-10-07T05:52:13.5471440Z   FLEDGE_NON_INTERACTIVE: 1
trust	UNKNOWN STEP	2026-10-07T05:52:13.5471660Z   GIT_CONFIG_GLOBAL: /dev/null
trust	UNKNOWN STEP	2026-10-07T05:52:13.5471890Z   TRUST_CONFIG: .trust.toml
trust	UNKNOWN STEP	2026-10-07T05:52:13.5479970Z   SPECSYNC_PINNED_BIN: /Volumes/NVME/runners/actions-runner-1/_work/_temp/corvid-trust-specsync/bin/specsync
trust	UNKNOWN STEP	2026-10-07T05:52:13.5480930Z ##[endgroup]
trust	UNKNOWN STEP	2026-10-07T05:52:14.3717390Z ▶️ Lane: verify — Format, test harness, tests, intent, specs, source boundaries, and the release fixture scan
trust	UNKNOWN STEP	2026-10-07T05:52:14.3719730Z   ▶️ Running task: fmt
trust	UNKNOWN STEP	2026-10-07T05:52:16.5844940Z Fetching https://github.com/CorvidLabs/3md from cache
trust	UNKNOWN STEP	2026-10-07T05:52:17.2024910Z Fetched https://github.com/CorvidLabs/3md from cache (0.62s)
trust	UNKNOWN STEP	2026-10-07T05:52:17.2357360Z Creating working copy for https://github.com/CorvidLabs/3md
trust	UNKNOWN STEP	2026-10-07T05:52:17.8768780Z Working copy of https://github.com/CorvidLabs/3md resolved at 2.0.0
trust	UNKNOWN STEP	2026-10-07T05:52:39.8812530Z   ✔ Step 1 done (25.509s)
trust	UNKNOWN STEP	2026-10-07T05:52:39.8813460Z   ▶️ Running task: test-harness
trust	UNKNOWN STEP	2026-10-07T05:52:40.9374820Z Swift test evidence: /Volumes/NVME/runners/actions-runner-1/_work/sculpt-3md/sculpt-3md/.build/verification/96E90F83-E8DD-4A5F-8328-DE792A00269A
trust	UNKNOWN STEP	2026-10-07T05:53:14.8685720Z [0/1] Planning build
trust	UNKNOWN STEP	2026-10-07T05:53:14.8686520Z Building for debugging...
trust	UNKNOWN STEP	2026-10-07T05:53:14.8686780Z [0/19] Write sources
trust	UNKNOWN STEP	2026-10-07T05:53:14.8687350Z [1/20] /Volumes/NVME/runners/actions-runner-1/_work/sculpt-3md/sculpt-3md/.build/arm64-apple-macosx/debug/RookPackageTests.derived/runner.swift
trust	UNKNOWN STEP	2026-10-07T05:53:14.8688540Z [1/20] Write sources
trust	UNKNOWN STEP	2026-10-07T05:53:14.8688830Z [10/20] Write Rook-entitlement.plist
trust	UNKNOWN STEP	2026-10-07T05:53:14.8689120Z [11/20] Write sources
trust	UNKNOWN STEP	2026-10-07T05:53:14.8689360Z [12/20] Write swift-version--58304C5D6DBC2206.txt
trust	UNKNOWN STEP	2026-10-07T05:53:14.8689850Z [14/74] Emitting module RookCore
trust	UNKNOWN STEP	2026-10-07T05:53:14.8690220Z [15/74] Compiling RookCore AppAppearance.swift
trust	UNKNOWN STEP	2026-10-07T05:53:14.8690580Z [16/107] Compiling RookCoreTests AppAppearanceTests.swift
trust	UNKNOWN STEP	2026-10-07T05:53:14.8691050Z [17/107] Emitting module RookCoreTests
trust	UNKNOWN STEP	2026-10-07T05:53:14.8691620Z [18/107] Compiling RookSculptureTests SculptureLinkedTestProject.swift
trust	UNKNOWN STEP	2026-10-07T05:53:14.8692160Z [19/108] Compiling RookToolTests SculptureWorldToolTests.swift
trust	UNKNOWN STEP	2026-10-07T05:53:14.8692590Z [20/108] Compiling RookVerificationTests RunnerTests.swift
trust	UNKNOWN STEP	2026-10-07T05:53:14.8692970Z [21/108] Compiling RookVerificationTests SwiftTestLogTests.swift
trust	UNKNOWN STEP	2026-10-07T05:53:14.8693450Z [22/108] Emitting module RookVerificationTests
trust	UNKNOWN STEP	2026-10-07T05:53:14.8693810Z [23/108] Compiling RookSculptureTests SculptureModelEditingTests.swift
trust	UNKNOWN STEP	2026-10-07T05:53:14.8694290Z [24/108] Compiling RookApp SettingsView.swift
trust	UNKNOWN STEP	2026-10-07T05:53:14.8694600Z [25/108] Compiling RookApp SculptureWorkspace.swift
trust	UNKNOWN STEP	2026-10-07T05:53:14.8694960Z [26/108] Compiling RookApp SculptureViewport.swift
trust	UNKNOWN STEP	2026-10-07T05:53:14.8695410Z [27/108] Compiling RookApp SculptureSharedModelEditor.swift
trust	UNKNOWN STEP	2026-10-07T05:53:14.8695780Z [28/108] Compiling RookApp SculptureSaveJob.swift
trust	UNKNOWN STEP	2026-10-07T05:53:14.8696190Z [29/108] Compiling RookApp SculptureGalleryPreview.swift
trust	UNKNOWN STEP	2026-10-07T05:53:14.8696550Z [30/108] Compiling RookApp SculptureInsertionCommands.swift
trust	UNKNOWN STEP	2026-10-07T05:53:14.8696950Z [31/109] Compiling RookApp SculptureGalleryBrowserModel.swift
trust	UNKNOWN STEP	2026-10-07T05:53:14.8697320Z [32/109] Compiling RookApp SculptureGalleryOpening.swift
trust	UNKNOWN STEP	2026-10-07T05:53:14.8697840Z [33/109] Compiling RookApp SculptureInsertionFiles.swift
trust	UNKNOWN STEP	2026-10-07T05:53:14.8698220Z [34/109] Compiling RookApp SculptureLinkedSession.swift
trust	UNKNOWN STEP	2026-10-07T05:53:14.8698550Z [35/109] Compiling RookApp SculptureWorldHandoff.swift
trust	UNKNOWN STEP	2026-10-07T05:53:14.8698940Z [36/109] Compiling RookApp SculptureWorldEditor.swift
trust	UNKNOWN STEP	2026-10-07T05:53:14.8699270Z [37/109] Compiling RookApp SculptureProjectFolder.swift
trust	UNKNOWN STEP	2026-10-07T05:53:14.8699680Z [38/109] Compiling RookApp SculptureLinkedViews.swift
trust	UNKNOWN STEP	2026-10-07T05:53:14.8700050Z [39/109] Compiling RookApp SculpturePortableInterchange.swift
trust	UNKNOWN STEP	2026-10-07T05:53:14.8700510Z [40/109] Compiling RookToolTests SculptureVolumeStudyWorldExportTests.swift
trust	UNKNOWN STEP	2026-10-07T05:53:14.8733860Z [41/109] Compiling RookSculptureTests SculptureLinkedBundleTests.swift
trust	UNKNOWN STEP	2026-10-07T05:53:14.8734640Z [42/109] Compiling RookSculptureTests SculptureExamplesTests.swift
trust	UNKNOWN STEP	2026-10-07T05:53:14.8735060Z [43/109] Compiling RookSculptureTests SculptureInsertionPlanTests.swift
trust	UNKNOWN STEP	2026-10-07T05:53:14.8735980Z [44/109] Compiling RookApp SliceGridRendering.swift
trust	UNKNOWN STEP	2026-10-07T05:53:14.8736610Z [45/109] Compiling RookSculptureTests SculptureVolumeStudyExamplesTests.swift
trust	UNKNOWN STEP	2026-10-07T05:53:14.8737060Z [46/109] Compiling RookSculptureTests SculptureLinkedCodecTests.swift
trust	UNKNOWN STEP	2026-10-07T05:53:14.8737810Z [47/109] Compiling RookSculptureTests SculptureWorldTests.swift
trust	UNKNOWN STEP	2026-10-07T05:53:14.8738320Z [48/109] Compiling RookToolTests SculptureVolumeStudyTests.swift
trust	UNKNOWN STEP	2026-10-07T05:53:14.8738940Z [49/109] Compiling RookSculptureTests SculptureCompositionExampleTests.swift
trust	UNKNOWN STEP	2026-10-07T05:53:14.8739390Z [50/109] Compiling RookSculptureTests SculptureCompositionTests.swift
trust	UNKNOWN STEP	2026-10-07T05:53:14.8739890Z [51/109] Compiling RookToolTests SculpturePortableToolTests.swift
trust	UNKNOWN STEP	2026-10-07T05:53:14.8740310Z [52/109] Compiling RookToolTests SculptureReferenceModelToolTests.swift
trust	UNKNOWN STEP	2026-10-07T05:53:14.8740790Z [53/109] Compiling RookSculptureTests SculptureGalleryCatalogTests.swift
trust	UNKNOWN STEP	2026-10-07T05:53:14.8741440Z [54/109] Compiling RookSculptureTests SculptureLinkedResolverTests.swift
trust	UNKNOWN STEP	2026-10-07T05:53:14.8741870Z [55/109] Compiling RookSculptureTests SculptureComplexExamplesTests.swift
trust	UNKNOWN STEP	2026-10-07T05:53:14.8742410Z [56/109] Compiling RookSculptureTests SculptureThreeMDTests.swift
trust	UNKNOWN STEP	2026-10-07T05:53:14.8742850Z [57/109] Compiling RookSculptureTests SculptureTests.swift
trust	UNKNOWN STEP	2026-10-07T05:53:14.8743230Z [58/109] Compiling RookSculptureTests SculptureSolarSystemTests.swift
trust	UNKNOWN STEP	2026-10-07T05:53:14.8743810Z [59/109] Compiling RookToolingTests NativeToolsTests.swift
trust	UNKNOWN STEP	2026-10-07T05:53:14.8744130Z [60/109] Emitting module RookToolingTests
trust	UNKNOWN STEP	2026-10-07T05:53:14.8744470Z [61/109] Compiling RookApp SculptureCanvasKeyboard.swift
trust	UNKNOWN STEP	2026-10-07T05:53:14.8744870Z [62/109] Compiling RookApp SculptureCanvasPointer.swift
trust	UNKNOWN STEP	2026-10-07T05:53:14.8745240Z [63/109] Compiling RookApp SculptureExportStudio.swift
trust	UNKNOWN STEP	2026-10-07T05:53:14.8745550Z [64/109] Compiling RookApp SculptureFile.swift
trust	UNKNOWN STEP	2026-10-07T05:53:14.8745880Z [65/109] Emitting module RookSculptureTests
trust	UNKNOWN STEP	2026-10-07T05:53:14.8746300Z [66/109] Compiling RookToolTests SculptureLinkedInputTests.swift
trust	UNKNOWN STEP	2026-10-07T05:53:14.8746620Z [67/109] Emitting module RookToolTests
trust	UNKNOWN STEP	2026-10-07T05:53:14.8747060Z [68/109] Compiling RookToolTests SculptureInsertToolTests.swift
trust	UNKNOWN STEP	2026-10-07T05:53:14.8747400Z [69/109] Compiling RookToolTests SculptureCommandToolTests.swift
trust	UNKNOWN STEP	2026-10-07T05:53:14.8747880Z [70/109] Compiling RookToolTests SculptureMathExampleExportTests.swift
trust	UNKNOWN STEP	2026-10-07T05:53:14.8748700Z [71/109] Compiling RookSculptureTests SculptureMathExamplesTests.swift
trust	UNKNOWN STEP	2026-10-07T05:53:14.8749290Z [72/109] Compiling RookRenderingTests SculptureBlockPerformanceTests.swift
trust	UNKNOWN STEP	2026-10-07T05:53:14.8749690Z [73/109] Compiling RookRenderingTests SculptureVoxelSurfaceTests.swift
trust	UNKNOWN STEP	2026-10-07T05:53:14.8750200Z [74/109] Compiling RookRenderingTests SculptureSolarPerformanceTests.swift
trust	UNKNOWN STEP	2026-10-07T05:53:14.8750730Z [75/109] Compiling RookRenderingTests SculptureVolumeStudyRenderingTests.swift
trust	UNKNOWN STEP	2026-10-07T05:53:14.8751320Z [76/109] Compiling RookSculptureTests SculptureSceneInsertionTests.swift
trust	UNKNOWN STEP	2026-10-07T05:53:14.8751810Z [77/109] Compiling RookRenderingTests SculptureWorldNavigationTests.swift
trust	UNKNOWN STEP	2026-10-07T05:53:14.8752220Z [78/109] Compiling RookRenderingTests VoxelRenderingTests.swift
trust	UNKNOWN STEP	2026-10-07T05:53:14.8753100Z [79/109] Compiling RookRenderingTests SculptureVoxelMeshBuffersTests.swift
trust	UNKNOWN STEP	2026-10-07T05:53:14.8753600Z [80/109] Compiling RookRenderingTests RenderingTests.swift
trust	UNKNOWN STEP	2026-10-07T05:53:14.8754020Z [81/109] Compiling RookRenderingTests SculptureLiveWorldTests.swift
trust	UNKNOWN STEP	2026-10-07T05:53:14.8754480Z [82/109] Compiling RookRenderingTests SculptureLiveVoxelTests.swift
trust	UNKNOWN STEP	2026-10-07T05:53:14.8754980Z [83/109] Compiling RookRenderingTests SculptureWorldExplorationRenderingTests.swift
trust	UNKNOWN STEP	2026-10-07T05:53:14.8755930Z [84/109] Compiling RookRenderingTests SculptureWorldCoarseMeshTests.swift
trust	UNKNOWN STEP	2026-10-07T05:53:14.8756570Z [85/109] Compiling RookRenderingTests PreparedVoxelProjectionTests.swift
trust	UNKNOWN STEP	2026-10-07T05:53:14.8756980Z [86/109] Compiling RookRenderingTests AnimationExportTests.swift
trust	UNKNOWN STEP	2026-10-07T05:53:14.8757660Z [87/109] Compiling RookRenderingTests CubeExportTests.swift
trust	UNKNOWN STEP	2026-10-07T05:53:14.8758020Z [88/109] Emitting module RookRenderingTests
trust	UNKNOWN STEP	2026-10-07T05:53:14.8758350Z [89/109] Compiling RookRenderingTests ExampleArtifactTests.swift
trust	UNKNOWN STEP	2026-10-07T05:53:14.8758760Z [90/109] Compiling RookApp SculptureCompositionEditor.swift
trust	UNKNOWN STEP	2026-10-07T05:53:14.8759110Z [91/109] Compiling RookApp SculptureDocumentCommands.swift
trust	UNKNOWN STEP	2026-10-07T05:53:14.8759510Z [94/109] Compiling RookApp SculptureCommandPalette.swift
trust	UNKNOWN STEP	2026-10-07T05:53:14.8759830Z [95/109] Compiling RookApp SculptureCommandSearchField.swift
trust	UNKNOWN STEP	2026-10-07T05:53:14.8760090Z [98/109] Emitting module RookApp
trust	UNKNOWN STEP	2026-10-07T05:53:14.8760330Z [99/109] Compiling RookApp MainView.swift
trust	UNKNOWN STEP	2026-10-07T05:53:14.8760690Z [100/109] Compiling RookApp RookApp.swift
trust	UNKNOWN STEP	2026-10-07T05:53:14.8760980Z [101/109] Compiling RookApp Brand.swift
trust	UNKNOWN STEP	2026-10-07T05:53:14.8761310Z [102/109] Compiling RookApp LayerGrid.swift
trust	UNKNOWN STEP	2026-10-07T05:53:14.8761660Z [103/109] Compiling RookApp SculptureEditor.swift
trust	UNKNOWN STEP	2026-10-07T05:53:14.8761990Z [104/109] Compiling RookApp SculptureExamplesBrowser.swift
trust	UNKNOWN STEP	2026-10-07T05:53:14.8762340Z [104/109] Write Objects.LinkFileList
trust	UNKNOWN STEP	2026-10-07T05:53:14.8762630Z [105/109] Linking Rook
trust	UNKNOWN STEP	2026-10-07T05:53:14.8762860Z [106/109] Applying Rook
trust	UNKNOWN STEP	2026-10-07T05:53:14.8763180Z [108/138] Compiling RookAppTests SculptureSharedModelPresentationTests.swift
trust	UNKNOWN STEP	2026-10-07T05:53:14.8763630Z [109/138] Compiling RookAppTests SculptureSaveJobTests.swift
trust	UNKNOWN STEP	2026-10-07T05:53:14.8764010Z [110/138] Compiling RookAppTests SculptureLinkedSessionTests.swift
trust	UNKNOWN STEP	2026-10-07T05:53:14.8764440Z [111/138] Compiling RookAppTests SculptureLinkedTestProject.swift
trust	UNKNOWN STEP	2026-10-07T05:53:14.8764870Z [112/138] Compiling RookAppTests SculptureWorldEditorTests.swift
trust	UNKNOWN STEP	2026-10-07T05:53:14.8765240Z [113/138] Compiling RookAppTests LayerGridScrollPresentationTests.swift
trust	UNKNOWN STEP	2026-10-07T05:53:14.8765730Z [114/138] Compiling RookAppTests SculptureCanvasPointerTests.swift
trust	UNKNOWN STEP	2026-10-07T05:53:14.8766200Z [115/138] Compiling RookAppTests SculpturePortableInterchangeTests.swift
trust	UNKNOWN STEP	2026-10-07T05:53:14.8766700Z [116/138] Compiling RookAppTests SculptureWorkspaceTests.swift
trust	UNKNOWN STEP	2026-10-07T05:53:14.8767230Z [117/138] Compiling RookAppTests SculptureReferenceSaveSessionTests.swift
trust	UNKNOWN STEP	2026-10-07T05:53:14.8767690Z [118/138] Compiling RookAppTests SculptureSharedModelDraftTests.swift
trust	UNKNOWN STEP	2026-10-07T05:53:14.8768140Z [119/139] Compiling RookAppTests SculptureReferenceEditorPresentationTests.swift
trust	UNKNOWN STEP	2026-10-07T05:53:14.8768690Z [120/139] Compiling RookAppTests SculptureVoxelWorkspaceTests.swift
trust	UNKNOWN STEP	2026-10-07T05:53:14.8769160Z [121/139] Compiling RookAppTests SliceGridRenderingTests.swift
trust	UNKNOWN STEP	2026-10-07T05:53:14.8769550Z [122/139] Compiling RookAppTests SculptureMeshRevisionTests.swift
trust	UNKNOWN STEP	2026-10-07T05:53:14.8769950Z [123/139] Compiling RookAppTests SculptureInsertionRepairTests.swift
trust	UNKNOWN STEP	2026-10-07T05:53:14.8770400Z [124/139] Compiling RookAppTests SculptureLinkedConfinementTests.swift
trust	UNKNOWN STEP	2026-10-07T05:53:14.8770780Z [125/139] Compiling RookAppTests SculptureLinkedInsertionTests.swift
trust	UNKNOWN STEP	2026-10-07T05:53:14.8771160Z [126/139] Compiling RookAppTests SculptureLinkedPresentationTests.swift
trust	UNKNOWN STEP	2026-10-07T05:53:14.8771580Z [127/139] Compiling RookAppTests SculptureEditorPresentationTests.swift
trust	UNKNOWN STEP	2026-10-07T05:53:14.8771950Z [128/139] Compiling RookAppTests SculptureExportJobTests.swift
trust	UNKNOWN STEP	2026-10-07T05:53:14.8772320Z [129/139] Compiling RookAppTests SculptureCommandFocusTests.swift
trust	UNKNOWN STEP	2026-10-07T05:53:14.8772720Z [130/139] Compiling RookAppTests SculptureCompositionEditorTests.swift
trust	UNKNOWN STEP	2026-10-07T05:53:14.8773060Z [131/139] Compiling RookAppTests AppearanceTests.swift
trust	UNKNOWN STEP	2026-10-07T05:53:14.8773410Z [132/139] Compiling RookAppTests LayerGridGeometryTests.swift
trust	UNKNOWN STEP	2026-10-07T05:53:14.8773760Z [133/139] Compiling RookAppTests SculptureGalleryBrowserTests.swift
trust	UNKNOWN STEP	2026-10-07T05:53:14.8774540Z [134/139] Compiling RookAppTests SculptureGraphSaveJobTests.swift
trust	UNKNOWN STEP	2026-10-07T05:53:14.8774940Z [135/139] Compiling RookAppTests SculptureInsertionDiscoveryTests.swift
trust	UNKNOWN STEP	2026-10-07T05:53:14.8775840Z [136/139] Compiling RookAppTests SculptureInsertionDraftTests.swift
trust	UNKNOWN STEP	2026-10-07T05:53:14.8776170Z [137/139] Emitting module RookAppTests
trust	UNKNOWN STEP	2026-10-07T05:53:14.8776410Z [138/141] Compiling RookPackageTests runner.swift
trust	UNKNOWN STEP	2026-10-07T05:53:14.8776660Z [139/141] Emitting module RookPackageTests
trust	UNKNOWN STEP	2026-10-07T05:53:14.8776960Z [139/141] Write Objects.LinkFileList
trust	UNKNOWN STEP	2026-10-07T05:53:14.8777300Z [140/141] Linking RookPackageTests
trust	UNKNOWN STEP	2026-10-07T05:53:14.8778050Z Build complete! (29.32s)
trust	UNKNOWN STEP	2026-10-07T05:53:14.8778390Z Test Suite 'Selected tests' started at 2026-10-06 23:53:12.267.
trust	UNKNOWN STEP	2026-10-07T05:53:14.8778790Z Test Suite 'RookPackageTests.xctest' started at 2026-10-06 23:53:12.268.
trust	UNKNOWN STEP	2026-10-07T05:53:14.8779250Z Test Suite 'RookPackageTests.xctest' passed at 2026-10-06 23:53:12.269.
trust	UNKNOWN STEP	2026-10-07T05:53:14.8779810Z 	 Executed 0 tests, with 0 failures (0 unexpected) in 0.000 (0.000) seconds
trust	UNKNOWN STEP	2026-10-07T05:53:14.8780530Z Test Suite 'Selected tests' passed at 2026-10-06 23:53:12.269.
trust	UNKNOWN STEP	2026-10-07T05:53:14.8781050Z 	 Executed 0 tests, with 0 failures (0 unexpected) in 0.000 (0.002) seconds
trust	UNKNOWN STEP	2026-10-07T05:53:14.8782120Z ◇ Test run started.
trust	UNKNOWN STEP	2026-10-07T05:53:14.8782600Z ↳ Testing Library Version: 1902
trust	UNKNOWN STEP	2026-10-07T05:53:14.8783170Z ↳ Target Platform: arm64e-apple-macos14.0
trust	UNKNOWN STEP	2026-10-07T05:53:14.8783620Z ◇ Test directProcessExecutionDoesNotInterpretArgumentText() started.
trust	UNKNOWN STEP	2026-10-07T05:53:14.8784210Z ✔ Test directProcessExecutionDoesNotInterpretArgumentText() passed after 0.008 seconds.
trust	UNKNOWN STEP	2026-10-07T05:53:14.8784820Z ◇ Test incorrectPinnedVersionStopsBeforeRunningTheTool() started.
trust	UNKNOWN STEP	2026-10-07T05:53:14.8785370Z ✔ Test incorrectPinnedVersionStopsBeforeRunningTheTool() passed after 0.001 seconds.
trust	UNKNOWN STEP	2026-10-07T05:53:14.8785920Z ◇ Test specArgumentsRemainLiteralArgumentsAndFailuresPropagate() started.
trust	UNKNOWN STEP	2026-10-07T05:53:14.8786310Z failed
trust	UNKNOWN STEP	2026-10-07T05:53:14.8786730Z ✔ Test specArgumentsRemainLiteralArgumentsAndFailuresPropagate() passed after 0.001 seconds.
trust	UNKNOWN STEP	2026-10-07T05:53:14.8787300Z ◇ Test failedReleaseBuildDoesNotScanAnOldExecutable() started.
trust	UNKNOWN STEP	2026-10-07T05:53:14.8788280Z build failed✔ Test failedReleaseBuildDoesNotScanAnOldExecutable() passed after 0.001 seconds.
trust	UNKNOWN STEP	2026-10-07T05:53:14.8789160Z ◇ Test failedPackagingReleaseBuildDoesNotCopyAnOldExecutableOrReplaceTheBundle() started.
trust	UNKNOWN STEP	2026-10-07T05:53:14.8789990Z release build failed✔ Test failedPackagingReleaseBuildDoesNotCopyAnOldExecutableOrReplaceTheBundle() passed after 0.005 seconds.
trust	UNKNOWN STEP	2026-10-07T05:53:14.8790680Z ◇ Test sourceScanRejectsNetworkProcessAndCoreBridges() started.
trust	UNKNOWN STEP	2026-10-07T05:53:14.8791190Z ✔ Test sourceScanRejectsNetworkProcessAndCoreBridges() passed after 0.016 seconds.
trust	UNKNOWN STEP	2026-10-07T05:53:14.8791750Z ◇ Test entitlementCheckRequiresExactlyTheSandboxAndUserSelectedKeys() started.
trust	UNKNOWN STEP	2026-10-07T05:53:14.8792510Z ✔ Test entitlementCheckRequiresExactlyTheSandboxAndUserSelectedKeys() passed after 0.006 seconds.
trust	UNKNOWN STEP	2026-10-07T05:53:14.8793080Z ◇ Test boundaryStepRefusesAnAddedEntitlementBeforeRunningAnyTool() started.
trust	UNKNOWN STEP	2026-10-07T05:53:14.8793700Z ✔ Test boundaryStepRefusesAnAddedEntitlementBeforeRunningAnyTool() passed after 0.002 seconds.
trust	UNKNOWN STEP	2026-10-07T05:53:14.8794390Z ◇ Test productSourcesRefuseStoredDefaultsKeysOtherThanAppearance() started.
trust	UNKNOWN STEP	2026-10-07T05:53:14.8794950Z ✔ Test productSourcesRefuseStoredDefaultsKeysOtherThanAppearance() passed after 0.042 seconds.
trust	UNKNOWN STEP	2026-10-07T05:53:14.8795590Z ◇ Test productSourcesRefuseFileWatchersAndSecurityScopedBookmarks() started.
trust	UNKNOWN STEP	2026-10-07T05:53:14.8796340Z ✔ Test productSourcesRefuseFileWatchersAndSecurityScopedBookmarks() passed after 0.021 seconds.
trust	UNKNOWN STEP	2026-10-07T05:53:14.8796930Z ◇ Test currentRepositorySourcesAndEntitlementsPassTheBoundaryScan() started.
trust	UNKNOWN STEP	2026-10-07T05:53:14.8797630Z ✔ Test currentRepositorySourcesAndEntitlementsPassTheBoundaryScan() passed after 0.926 seconds.
trust	UNKNOWN STEP	2026-10-07T05:53:14.8798240Z ◇ Test productDependencyGraphRejectsTransitiveToolingAndUnknownEdges() started.
trust	UNKNOWN STEP	2026-10-07T05:53:14.8799250Z ✔ Test productDependencyGraphRejectsTransitiveToolingAndUnknownEdges() passed after 0.001 seconds.
trust	UNKNOWN STEP	2026-10-07T05:53:14.8799860Z ◇ Test releaseMarkerScanIncludesEmbeddedUnprintableBytes() started.
trust	UNKNOWN STEP	2026-10-07T05:53:14.8800620Z ✔ Test releaseMarkerScanIncludesEmbeddedUnprintableBytes() passed after 0.001 seconds.
trust	UNKNOWN STEP	2026-10-07T05:53:14.8801280Z ◇ Test repositoryInventoryRejectsPythonAndShellProgramsOutsideDependencies() started.
trust	UNKNOWN STEP	2026-10-07T05:53:14.8801950Z ✔ Test repositoryInventoryRejectsPythonAndShellProgramsOutsideDependencies() passed after 0.001 seconds.
trust	UNKNOWN STEP	2026-10-07T05:53:14.8802630Z ◇ Test failedRepositoryInventoryCannotPassSourceBoundaries() started.
trust	UNKNOWN STEP	2026-10-07T05:53:14.8803260Z git failed✔ Test failedRepositoryInventoryCannotPassSourceBoundaries() passed after 0.004 seconds.
trust	UNKNOWN STEP	2026-10-07T05:53:14.8803980Z ◇ Test signingFailurePreservesTheExistingBundleAndRemovesStaging() started.
trust	UNKNOWN STEP	2026-10-07T05:53:14.8804650Z signing failed✔ Test signingFailurePreservesTheExistingBundleAndRemovesStaging() passed after 0.005 seconds.
trust	UNKNOWN STEP	2026-10-07T05:53:14.8805350Z ◇ Test successfulPackagingBuildsAndCopiesReleaseBeforeReplacingTheOwnedBundle() started.
trust	UNKNOWN STEP	2026-10-07T05:53:14.8806360Z release builtsignedverifiedentitlementspackaged /var/folders/5k/616qy7sj28l0d53k4c6w_4x00000gn/T/rook-tooling-test-26DA204D-3A62-461B-A5E3-E6BCF9FF5DE2/dist/Rook.app; local ad-hoc signature, not notarized
trust	UNKNOWN STEP	2026-10-07T05:53:14.8807410Z ✔ Test successfulPackagingBuildsAndCopiesReleaseBeforeReplacingTheOwnedBundle() passed after 0.043 seconds.
trust	UNKNOWN STEP	2026-10-07T05:53:14.8808070Z ◇ Test packagingDoesNotFallBackToDebugWhenReleaseIsMissing() started.
trust	UNKNOWN STEP	2026-10-07T05:53:14.8808610Z ✔ Test packagingDoesNotFallBackToDebugWhenReleaseIsMissing() passed after 0.003 seconds.
trust	UNKNOWN STEP	2026-10-07T05:53:14.8809260Z ◇ Test packagingRefusesUnrelatedBundlesAndSymbolicLinkDestinations() started.
trust	UNKNOWN STEP	2026-10-07T05:53:14.8809920Z ✔ Test packagingRefusesUnrelatedBundlesAndSymbolicLinkDestinations() passed after 0.004 seconds.
trust	UNKNOWN STEP	2026-10-07T05:53:14.8810560Z ◇ Test runnerAcceptsCompleteSwiftChild() started.
trust	UNKNOWN STEP	2026-10-07T05:53:14.8811020Z ✔ Test runnerAcceptsCompleteSwiftChild() passed after 0.308 seconds.
trust	UNKNOWN STEP	2026-10-07T05:53:14.8811440Z ◇ Test runnerRejectsPrematureSwiftChildExitZero() started.
trust	UNKNOWN STEP	2026-10-07T05:53:14.8811960Z ✔ Test runnerRejectsPrematureSwiftChildExitZero() passed after 0.208 seconds.
trust	UNKNOWN STEP	2026-10-07T05:53:14.8812420Z ◇ Test runnerRejectsSwiftChildRecordedIssueAtExitZero() started.
trust	UNKNOWN STEP	2026-10-07T05:53:14.8812920Z ✔ Test runnerRejectsSwiftChildRecordedIssueAtExitZero() passed after 0.212 seconds.
trust	UNKNOWN STEP	2026-10-07T05:53:14.8813410Z ◇ Test runnerPreservesActualSwiftChildExitSeven() started.
trust	UNKNOWN STEP	2026-10-07T05:53:14.8813820Z ✔ Test runnerPreservesActualSwiftChildExitSeven() passed after 0.213 seconds.
trust	UNKNOWN STEP	2026-10-07T05:53:14.8814270Z ◇ Test runnerDoesNotOverwriteRetainedEvidence() started.
trust	UNKNOWN STEP	2026-10-07T05:53:14.8814680Z ✔ Test runnerDoesNotOverwriteRetainedEvidence() passed after 0.001 seconds.
trust	UNKNOWN STEP	2026-10-07T05:53:14.8815160Z ◇ Test completeSwiftTestingRunIsAcceptedWithTypedSummary() started.
trust	UNKNOWN STEP	2026-10-07T05:53:14.8815700Z ✔ Test completeSwiftTestingRunIsAcceptedWithTypedSummary() passed after 0.009 seconds.
trust	UNKNOWN STEP	2026-10-07T05:53:14.8816250Z ◇ Test recordedIssuesAndMissingSummaryAreBothRejected() started.
trust	UNKNOWN STEP	2026-10-07T05:53:14.8816810Z ✔ Test recordedIssuesAndMissingSummaryAreBothRejected() passed after 0.008 seconds.
trust	UNKNOWN STEP	2026-10-07T05:53:14.8817270Z ◇ Test incompleteRunWithoutFailureCannotPass() started.
trust	UNKNOWN STEP	2026-10-07T05:53:14.8817760Z ✔ Test incompleteRunWithoutFailureCannotPass() passed after 0.010 seconds.
trust	UNKNOWN STEP	2026-10-07T05:53:14.8818150Z ◇ Test xctestZeroAloneCannotPass() started.
trust	UNKNOWN STEP	2026-10-07T05:53:14.8818520Z ✔ Test xctestZeroAloneCannotPass() passed after 0.005 seconds.
trust	UNKNOWN STEP	2026-10-07T05:53:14.8818870Z ◇ Test ansiUnicodeAndCIFormattingAreAccepted() started.
trust	UNKNOWN STEP	2026-10-07T05:53:14.8819260Z ✔ Test ansiUnicodeAndCIFormattingAreAccepted() passed after 0.003 seconds.
trust	UNKNOWN STEP	2026-10-07T05:53:14.8819700Z ◇ Test failureWordsInsidePassingTestNamesAreNotIssues() started.
trust	UNKNOWN STEP	2026-10-07T05:53:14.8820390Z ✔ Test failureWordsInsidePassingTestNamesAreNotIssues() passed after 0.008 seconds.
trust	UNKNOWN STEP	2026-10-07T05:53:14.8822640Z ◇ Test upstreamFailureCannotBeHiddenBySuccessfulSummary() started.
trust	UNKNOWN STEP	2026-10-07T05:53:14.8823300Z ✔ Test upstreamFailureCannotBeHiddenBySuccessfulSummary() passed after 0.006 seconds.
trust	UNKNOWN STEP	2026-10-07T05:53:14.8824270Z ◇ Test earlierIssueCannotBeHiddenBySuccessfulSummary() started.
trust	UNKNOWN STEP	2026-10-07T05:53:14.8824850Z ✔ Test earlierIssueCannotBeHiddenBySuccessfulSummary() passed after 0.007 seconds.
trust	UNKNOWN STEP	2026-10-07T05:53:14.8825400Z ◇ Test earlierSummaryCannotHideALaterUnfinishedRun() started.
trust	UNKNOWN STEP	2026-10-07T05:53:14.8825990Z ✔ Test earlierSummaryCannotHideALaterUnfinishedRun() passed after 0.012 seconds.
trust	UNKNOWN STEP	2026-10-07T05:53:14.8826480Z ◇ Test zeroSwiftTestingCountIsRejected() started.
trust	UNKNOWN STEP	2026-10-07T05:53:14.8826950Z ✔ Test zeroSwiftTestingCountIsRejected() passed after 0.003 seconds.
trust	UNKNOWN STEP	2026-10-07T05:53:14.8827470Z ◇ Test explicitExpectedCountIsEnforcedWithoutAProductCountPin() started.
trust	UNKNOWN STEP	2026-10-07T05:53:14.8828040Z ✔ Test explicitExpectedCountIsEnforcedWithoutAProductCountPin() passed after 0.010 seconds.
trust	UNKNOWN STEP	2026-10-07T05:53:14.8828610Z ◇ Test xctestFailureIsRejectedEvenWithSwiftTestingSuccess() started.
trust	UNKNOWN STEP	2026-10-07T05:53:14.8829140Z ✔ Test xctestFailureIsRejectedEvenWithSwiftTestingSuccess() passed after 0.004 seconds.
trust	UNKNOWN STEP	2026-10-07T05:53:14.8829760Z ✔ Test run with 36 tests in 0 suites passed after 2.136 seconds.
trust	UNKNOWN STEP	2026-10-07T05:53:14.8830000Z 
trust	UNKNOWN STEP	2026-10-07T05:53:14.8830420Z Retained test log: /Volumes/NVME/runners/actions-runner-1/_work/sculpt-3md/sculpt-3md/.build/verification/96E90F83-E8DD-4A5F-8328-DE792A00269A/swift-test.log
trust	UNKNOWN STEP	2026-10-07T05:53:14.8831360Z Test receipt: /Volumes/NVME/runners/actions-runner-1/_work/sculpt-3md/sculpt-3md/.build/verification/96E90F83-E8DD-4A5F-8328-DE792A00269A/swift-test-result.json
trust	UNKNOWN STEP	2026-10-07T05:53:14.8832010Z   ✔ Step 2 done (34.989s)
trust	UNKNOWN STEP	2026-10-07T05:53:14.8832210Z   ▶️ Running task: test
trust	UNKNOWN STEP	2026-10-07T05:53:16.0042170Z Swift test evidence: /Volumes/NVME/runners/actions-runner-1/_work/sculpt-3md/sculpt-3md/.build/verification/1989A4FE-F946-4EA9-B8E1-3ACC2D0ECFA8
trust	UNKNOWN STEP	2026-10-07T06:02:13.4551830Z [0/1] Planning build
trust	UNKNOWN STEP	2026-10-07T06:02:13.4552340Z Building for debugging...
trust	UNKNOWN STEP	2026-10-07T06:02:13.4552610Z [0/6] Write swift-version--58304C5D6DBC2206.txt
trust	UNKNOWN STEP	2026-10-07T06:02:13.4553160Z Build complete! (0.38s)
trust	UNKNOWN STEP	2026-10-07T06:02:13.4553450Z Test Suite 'All tests' started at 2026-10-06 23:53:16.982.
trust	UNKNOWN STEP	2026-10-07T06:02:13.4553910Z Test Suite 'All tests' passed at 2026-10-06 23:53:16.983.
trust	UNKNOWN STEP	2026-10-07T06:02:13.4554260Z 	 Executed 0 tests, with 0 failures (0 unexpected) in 0.000 (0.001) seconds
trust	UNKNOWN STEP	2026-10-07T06:02:13.4555440Z ◇ Test run started.
trust	UNKNOWN STEP	2026-10-07T06:02:13.4556390Z ↳ Testing Library Version: 1902
trust	UNKNOWN STEP	2026-10-07T06:02:13.4556800Z ↳ Target Platform: arm64e-apple-macos14.0
trust	UNKNOWN STEP	2026-10-07T06:02:13.4557330Z ◇ Test systemPreferenceDefersToMacAppearance() started.
trust	UNKNOWN STEP	2026-10-07T06:02:13.4557870Z ✔ Test systemPreferenceDefersToMacAppearance() passed after 0.001 seconds.
trust	UNKNOWN STEP	2026-10-07T06:02:13.4558430Z ◇ Test largeSliceGridFitAndZoomKeepSquareCellsWithinTheirCanvas() started.
trust	UNKNOWN STEP	2026-10-07T06:02:13.4559300Z ✔ Test largeSliceGridFitAndZoomKeepSquareCellsWithinTheirCanvas() passed after 0.001 seconds.
trust	UNKNOWN STEP	2026-10-07T06:02:13.4559870Z ◇ Test rectangularSliceGridUsesItsActualAspectRatioAtEveryZoom() started.
trust	UNKNOWN STEP	2026-10-07T06:02:13.4560540Z ✔ Test rectangularSliceGridUsesItsActualAspectRatioAtEveryZoom() passed after 0.001 seconds.
trust	UNKNOWN STEP	2026-10-07T06:02:13.4561170Z ◇ Test maximumVolumeGridZoomCanReachTheLastCellPrecisely() started.
trust	UNKNOWN STEP	2026-10-07T06:02:13.4561790Z ✔ Test maximumVolumeGridZoomCanReachTheLastCellPrecisely() passed after 0.001 seconds.
trust	UNKNOWN STEP	2026-10-07T06:02:13.4562590Z ◇ Test scrollingChangesViewportPositionWithoutChangingLocalCellCoordinates() started.
trust	UNKNOWN STEP	2026-10-07T06:02:13.4563460Z ✔ Test scrollingChangesViewportPositionWithoutChangingLocalCellCoordinates() passed after 0.001 seconds.
trust	UNKNOWN STEP	2026-10-07T06:02:13.4564090Z ◇ Test gridHitTestingRejectsOutsideNonFiniteAndUnavailableGeometry() started.
trust	UNKNOWN STEP	2026-10-07T06:02:13.4564800Z ✔ Test gridHitTestingRejectsOutsideNonFiniteAndUnavailableGeometry() passed after 0.001 seconds.
trust	UNKNOWN STEP	2026-10-07T06:02:13.4580360Z ◇ Suite LayerGridScrollPresentationTests started.
trust	UNKNOWN STEP	2026-10-07T06:02:13.4581220Z ◇ Test nativeClipMeasurementIsWindowScopedAndDisconnectsWhenDismantled() started.
trust	UNKNOWN STEP	2026-10-07T06:02:13.4589910Z ✔ Test nativeClipMeasurementIsWindowScopedAndDisconnectsWhenDismantled() passed after 0.531 seconds.
trust	UNKNOWN STEP	2026-10-07T06:02:13.4591440Z ◇ Test nativeZoomedSliceKeepsDrawingAfterItsOriginScrollsOutOfView() started.
trust	UNKNOWN STEP	2026-10-07T06:02:13.4592090Z ✔ Test nativeZoomedSliceKeepsDrawingAfterItsOriginScrollsOutOfView() passed after 0.988 seconds.
trust	UNKNOWN STEP	2026-10-07T06:02:13.4592710Z ✔ Suite LayerGridScrollPresentationTests passed after 1.520 seconds.
trust	UNKNOWN STEP	2026-10-07T06:02:13.4593090Z ◇ Suite SculptureCanvasPointerTests started.
trust	UNKNOWN STEP	2026-10-07T06:02:13.4593570Z ◇ Test nativePointerDispatchesTopLeftCoordinatesAndAllMousePhases() started.
trust	UNKNOWN STEP	2026-10-07T06:02:13.4594210Z ✔ Test nativePointerDispatchesTopLeftCoordinatesAndAllMousePhases() passed after 0.017 seconds.
trust	UNKNOWN STEP	2026-10-07T06:02:13.4594720Z ◇ Test pointerEventsStayWithinTheirOwnWindow() started.
trust	UNKNOWN STEP	2026-10-07T06:02:13.4595210Z ✔ Test pointerEventsStayWithinTheirOwnWindow() passed after 0.013 seconds.
trust	UNKNOWN STEP	2026-10-07T06:02:13.4595670Z ◇ Test mouseInputDoesNotStealTheExistingKeyboardResponder() started.
trust	UNKNOWN STEP	2026-10-07T06:02:13.4596260Z ✔ Test mouseInputDoesNotStealTheExistingKeyboardResponder() passed after 0.010 seconds.
trust	UNKNOWN STEP	2026-10-07T06:02:13.4596750Z ✔ Suite SculptureCanvasPointerTests passed after 0.042 seconds.
trust	UNKNOWN STEP	2026-10-07T06:02:13.4597130Z ◇ Suite SculptureCommandFocusTests started.
trust	UNKNOWN STEP	2026-10-07T06:02:13.4597570Z ◇ Test nativeSearchTakesPriorTitleResponderAndReturnRunsFilteredAction() started.
trust	UNKNOWN STEP	2026-10-07T06:02:13.4598180Z ✔ Test nativeSearchTakesPriorTitleResponderAndReturnRunsFilteredAction() passed after 0.679 seconds.
trust	UNKNOWN STEP	2026-10-07T06:02:13.4598800Z ◇ Test nativeSearchReturnHandsMountedCanvasRealArrowAndSpaceEvents() started.
trust	UNKNOWN STEP	2026-10-07T06:02:13.4599380Z ✔ Test nativeSearchReturnHandsMountedCanvasRealArrowAndSpaceEvents() passed after 0.298 seconds.
trust	UNKNOWN STEP	2026-10-07T06:02:13.4599980Z ◇ Test nativeSearchEscapeUnmountsAndDoesNotRetakeRestoredTitleResponder() started.
trust	UNKNOWN STEP	2026-10-07T06:02:13.4600630Z ✔ Test nativeSearchEscapeUnmountsAndDoesNotRetakeRestoredTitleResponder() passed after 0.306 seconds.
trust	UNKNOWN STEP	2026-10-07T06:02:13.4601200Z ✔ Suite SculptureCommandFocusTests passed after 1.285 seconds.
trust	UNKNOWN STEP	2026-10-07T06:02:13.4601680Z ◇ Test compositionDraftStartsWithSmallReferencedModelsAndDistinctMapCharacters() started.
trust	UNKNOWN STEP	2026-10-07T06:02:13.4602370Z ✔ Test compositionDraftStartsWithSmallReferencedModelsAndDistinctMapCharacters() passed after 0.055 seconds.
trust	UNKNOWN STEP	2026-10-07T06:02:13.4602970Z ◇ Test compositionTilePlacementAndErasingDoNotAlterReferencedModels() started.
trust	UNKNOWN STEP	2026-10-07T06:02:13.4603550Z ✔ Test compositionTilePlacementAndErasingDoNotAlterReferencedModels() passed after 0.001 seconds.
trust	UNKNOWN STEP	2026-10-07T06:02:13.4604240Z ◇ Test compositionShrinkRefusesOccupiedClippingAndKeepsSurvivingRowsAligned() started.
trust	UNKNOWN STEP	2026-10-07T06:02:13.4604870Z ✔ Test compositionShrinkRefusesOccupiedClippingAndKeepsSurvivingRowsAligned() passed after 0.001 seconds.
trust	UNKNOWN STEP	2026-10-07T06:02:13.4605530Z ◇ Test compositionReopeningRetainsNestedGraphAndRotationChangesOnlyItsBinding() started.
trust	UNKNOWN STEP	2026-10-07T06:02:13.4606170Z ✔ Test compositionReopeningRetainsNestedGraphAndRotationChangesOnlyItsBinding() passed after 0.001 seconds.
trust	UNKNOWN STEP	2026-10-07T06:02:13.4606900Z ◇ Test compositionInsertionRemapsEntireGraphAndKeepsRepeatedReferencesSelfContained() started.
trust	UNKNOWN STEP	2026-10-07T06:02:13.4607890Z ✔ Test compositionInsertionRemapsEntireGraphAndKeepsRepeatedReferencesSelfContained() passed after 0.427 seconds.
trust	UNKNOWN STEP	2026-10-07T06:02:13.4608490Z ◇ Test compositionTitleDraftAndBoundsErrorsDoNotDiscardMapOrLibrary() started.
trust	UNKNOWN STEP	2026-10-07T06:02:13.4609090Z ✔ Test compositionTitleDraftAndBoundsErrorsDoNotDiscardMapOrLibrary() passed after 0.001 seconds.
trust	UNKNOWN STEP	2026-10-07T06:02:13.4609650Z ◇ Test cancelingCompositionPreparationNeverOpensTheCanceledSnapshot() started.
trust	UNKNOWN STEP	2026-10-07T06:02:13.4610260Z ✔ Test cancelingCompositionPreparationNeverOpensTheCanceledSnapshot() passed after 0.001 seconds.
trust	UNKNOWN STEP	2026-10-07T06:02:13.4611240Z ◇ Suite SculptureEditorPresentationTests started.
trust	UNKNOWN STEP	2026-10-07T06:02:13.4611680Z ◇ Test actualEditorViewsRenderAtMinimumAndDefaultSizes() started.
trust	UNKNOWN STEP	2026-10-07T06:02:13.4612430Z Retained editor presentation captures: /Volumes/NVME/runners/actions-runner-1/_work/sculpt-3md/sculpt-3md/.build/verification/editor-presentation-C3CE82B9-FA83-4076-872F-670C0043B5C8
trust	UNKNOWN STEP	2026-10-07T06:02:13.4613480Z ✔ Test actualEditorViewsRenderAtMinimumAndDefaultSizes() passed after 9.741 seconds.
trust	UNKNOWN STEP	2026-10-07T06:02:13.4613990Z ✔ Suite SculptureEditorPresentationTests passed after 9.741 seconds.
trust	UNKNOWN STEP	2026-10-07T06:02:13.4614390Z ◇ Test "Export names cannot introduce paths or hidden files" started.
trust	UNKNOWN STEP	2026-10-07T06:02:13.4614900Z ✔ Test "Export names cannot introduce paths or hidden files" passed after 0.017 seconds.
trust	UNKNOWN STEP	2026-10-07T06:02:13.4615440Z ◇ Test "Preparing a mesh export keeps the source and cleans up its private staging folder" started.
trust	UNKNOWN STEP	2026-10-07T06:02:13.4616090Z ✔ Test "Preparing a mesh export keeps the source and cleans up its private staging folder" passed after 0.017 seconds.
trust	UNKNOWN STEP	2026-10-07T06:02:13.4616590Z ◇ Suite SculptureGalleryBrowserTests started.
trust	UNKNOWN STEP	2026-10-07T06:02:13.4617080Z ◇ Test listingGroupsEveryEntryWithItsSizeAndGeneratesNothingUntilAsked() started.
trust	UNKNOWN STEP	2026-10-07T06:02:13.4617680Z ✔ Test listingGroupsEveryEntryWithItsSizeAndGeneratesNothingUntilAsked() passed after 0.017 seconds.
trust	UNKNOWN STEP	2026-10-07T06:02:13.4618210Z ◇ Test filtersNarrowByKindCategoryAndSearch() started.
trust	UNKNOWN STEP	2026-10-07T06:02:13.4618660Z ✔ Test filtersNarrowByKindCategoryAndSearch() passed after 0.001 seconds.
trust	UNKNOWN STEP	2026-10-07T06:02:13.4619130Z ◇ Test openingAModelHandsItsPreparedGeometryToTheMainDocument() started.
trust	UNKNOWN STEP	2026-10-07T06:02:13.4619710Z ✔ Test openingAModelHandsItsPreparedGeometryToTheMainDocument() passed after 0.310 seconds.
trust	UNKNOWN STEP	2026-10-07T06:02:13.4620280Z ◇ Test openingACompositionStartsAnUnmodifiedDraftWithItsAssembledPreview() started.
trust	UNKNOWN STEP	2026-10-07T06:02:13.4620880Z ✔ Test openingACompositionStartsAnUnmodifiedDraftWithItsAssembledPreview() passed after 0.112 seconds.
trust	UNKNOWN STEP	2026-10-07T06:02:13.4621430Z ◇ Test openingAWorldStartsAnUnmodifiedDraftWithItsPreparedScene() started.
trust	UNKNOWN STEP	2026-10-07T06:02:13.4622010Z ✔ Test openingAWorldStartsAnUnmodifiedDraftWithItsPreparedScene() passed after 5.675 seconds.
trust	UNKNOWN STEP	2026-10-07T06:02:13.4622640Z ◇ Test cancellingALargeEntryWhileGeneratingLeavesTheDocumentSelectionAndHistory() started.
trust	UNKNOWN STEP	2026-10-07T06:02:13.4623300Z ✔ Test cancellingALargeEntryWhileGeneratingLeavesTheDocumentSelectionAndHistory() passed after 0.076 seconds.
trust	UNKNOWN STEP	2026-10-07T06:02:13.4623930Z ◇ Test cancellingWhilePreparingGeometryPublishesNothing() started.
trust	UNKNOWN STEP	2026-10-07T06:02:13.4624380Z ✔ Test cancellingWhilePreparingGeometryPublishesNothing() passed after 0.060 seconds.
trust	UNKNOWN STEP	2026-10-07T06:02:13.4625020Z ◇ Test doneStopsAnOpeningAndItsThumbnailsBeforeTheGalleryClosesSoALateResultIsNeverPublished() started.
trust	UNKNOWN STEP	2026-10-07T06:02:13.4625830Z ✔ Test doneStopsAnOpeningAndItsThumbnailsBeforeTheGalleryClosesSoALateResultIsNeverPublished() passed after 0.057 seconds.
trust	UNKNOWN STEP	2026-10-07T06:02:13.4626670Z ◇ Test loadPreviewAgainAfterCancelPublishesTheNewThumbnailWhileTheFirstWorkerStillRuns() started.
trust	UNKNOWN STEP	2026-10-07T06:02:13.4627480Z ✔ Test loadPreviewAgainAfterCancelPublishesTheNewThumbnailWhileTheFirstWorkerStillRuns() passed after 0.005 seconds.
trust	UNKNOWN STEP	2026-10-07T06:02:13.4628100Z ◇ Test aFailedOpeningReportsItAndKeepsTheGalleryUsable() started.
trust	UNKNOWN STEP	2026-10-07T06:02:13.4628670Z ✔ Test aFailedOpeningReportsItAndKeepsTheGalleryUsable() passed after 0.001 seconds.
trust	UNKNOWN STEP	2026-10-07T06:02:13.4629100Z ◇ Test placementCountsMatchEveryGeneratedWorld() started.
trust	UNKNOWN STEP	2026-10-07T06:02:13.4629550Z ✔ Test placementCountsMatchEveryGeneratedWorld() passed after 4.198 seconds.
trust	UNKNOWN STEP	2026-10-07T06:02:13.4630050Z ◇ Test previewsReduceLargeVolumesAndDrawWorldsAsBoundedPlans() started.
trust	UNKNOWN STEP	2026-10-07T06:02:13.4630620Z ✔ Test previewsReduceLargeVolumesAndDrawWorldsAsBoundedPlans() passed after 0.069 seconds.
trust	UNKNOWN STEP	2026-10-07T06:02:13.4631120Z ✔ Suite SculptureGalleryBrowserTests passed after 10.587 seconds.
trust	UNKNOWN STEP	2026-10-07T06:02:13.4631490Z ◇ Suite "Reference save snapshots" started.
trust	UNKNOWN STEP	2026-10-07T06:02:13.4632140Z ◇ Test compositionPreparationRetainsReferencesAndLeavesVoxelBaselineAlone() started.
trust	UNKNOWN STEP	2026-10-07T06:02:13.4632800Z ✔ Test compositionPreparationRetainsReferencesAndLeavesVoxelBaselineAlone() passed after 0.035 seconds.
trust	UNKNOWN STEP	2026-10-07T06:02:13.4633500Z ◇ Test cancellationAndReplacementCannotPublishAnOldGraph() started.
trust	UNKNOWN STEP	2026-10-07T06:02:13.4634010Z ✔ Test cancellationAndReplacementCannotPublishAnOldGraph() passed after 0.018 seconds.
trust	UNKNOWN STEP	2026-10-07T06:02:13.4634490Z ◇ Test worldPreparationPreservesExactSparseCoordinates() started.
trust	UNKNOWN STEP	2026-10-07T06:02:13.4635040Z ✔ Test worldPreparationPreservesExactSparseCoordinates() passed after 0.034 seconds.
trust	UNKNOWN STEP	2026-10-07T06:02:13.4635570Z ✔ Suite "Reference save snapshots" passed after 0.089 seconds.
trust	UNKNOWN STEP	2026-10-07T06:02:13.4635900Z ◇ Suite "Insertion discoverability" started.
trust	UNKNOWN STEP	2026-10-07T06:02:13.4636410Z ◇ Test fileMenuActionsPresentTheSheetsImporterAndAreUnavailableWhileBusy() started.
trust	UNKNOWN STEP	2026-10-07T06:02:13.4637050Z ✔ Test fileMenuActionsPresentTheSheetsImporterAndAreUnavailableWhileBusy() passed after 0.032 seconds.
trust	UNKNOWN STEP	2026-10-07T06:02:13.4637600Z ◇ Test worldMenuActionsFollowTheSameRulesAndNeverChangeTheWorld() started.
trust	UNKNOWN STEP	2026-10-07T06:02:13.4638110Z ✔ Test worldMenuActionsFollowTheSameRulesAndNeverChangeTheWorld() passed after 0.032 seconds.
trust	UNKNOWN STEP	2026-10-07T06:02:13.4638690Z ◇ Test commandPaletteOffersInsertionWithSearchableKeywordsAndOpensTheMatchingSheet() started.
trust	UNKNOWN STEP	2026-10-07T06:02:13.4639350Z ✔ Test commandPaletteOffersInsertionWithSearchableKeywordsAndOpensTheMatchingSheet() passed after 0.001 seconds.
trust	UNKNOWN STEP	2026-10-07T06:02:13.4639980Z ◇ Test insertionCanvasesStartEmptyAndAcceptTheFirstFileWithoutReplacingAnything() started.
trust	UNKNOWN STEP	2026-10-07T06:02:13.4640620Z ✔ Test insertionCanvasesStartEmptyAndAcceptTheFirstFileWithoutReplacingAnything() passed after 0.023 seconds.
trust	UNKNOWN STEP	2026-10-07T06:02:13.4641200Z ◇ Test menuUndoActsOnTheOpenSheetAndNeverChangesTheHiddenSculpture() started.
trust	UNKNOWN STEP	2026-10-07T06:02:13.4641730Z ✔ Test menuUndoActsOnTheOpenSheetAndNeverChangesTheHiddenSculpture() passed after 0.009 seconds.
trust	UNKNOWN STEP	2026-10-07T06:02:13.4642260Z ◇ Test menuUndoFallsBackToTheMainSculptureOnlyWhenNoSheetCoversIt() started.
trust	UNKNOWN STEP	2026-10-07T06:02:13.4642780Z ✔ Test menuUndoFallsBackToTheMainSculptureOnlyWhenNoSheetCoversIt() passed after 0.001 seconds.
trust	UNKNOWN STEP	2026-10-07T06:02:13.4643320Z ◇ Test sheetHistoryIsUnavailableWhileBusyAndFollowsAnOpenSharedEdit() started.
trust	UNKNOWN STEP	2026-10-07T06:02:13.4643860Z ✔ Test sheetHistoryIsUnavailableWhileBusyAndFollowsAnOpenSharedEdit() passed after 0.029 seconds.
trust	UNKNOWN STEP	2026-10-07T06:02:13.4644410Z ◇ Test worldSheetHistoryRoutesAndStaysUnavailableWhileItsPreparationRuns() started.
trust	UNKNOWN STEP	2026-10-07T06:02:13.4645000Z ✔ Test worldSheetHistoryRoutesAndStaysUnavailableWhileItsPreparationRuns() passed after 0.050 seconds.
trust	UNKNOWN STEP	2026-10-07T06:02:13.4645590Z ◇ Test replacingTheDraftWithAnExampleClearsStalePortableDataAndUndoRestoresIt() started.
trust	UNKNOWN STEP	2026-10-07T06:02:13.4646210Z ✔ Test replacingTheDraftWithAnExampleClearsStalePortableDataAndUndoRestoresIt() passed after 0.010 seconds.
trust	UNKNOWN STEP	2026-10-07T06:02:13.4646810Z ◇ Test useInAWorldCarriesTheCompositionsPortableMetadataAndNestedTitles() started.
trust	UNKNOWN STEP	2026-10-07T06:02:13.4647390Z ✔ Test useInAWorldCarriesTheCompositionsPortableMetadataAndNestedTitles() passed after 0.050 seconds.
trust	UNKNOWN STEP	2026-10-07T06:02:13.4648030Z ◇ Test useInAWorldWithoutPortableDataOrBeyondPortableCapacityFallsBackWithAPlainNotice() started.
trust	UNKNOWN STEP	2026-10-07T06:02:13.4648750Z ✔ Test useInAWorldWithoutPortableDataOrBeyondPortableCapacityFallsBackWithAPlainNotice() passed after 2.365 seconds.
trust	UNKNOWN STEP	2026-10-07T06:02:13.4649280Z ◇ Test cancelingAWorldHandoffNeverDeliversIt() started.
trust	UNKNOWN STEP	2026-10-07T06:02:13.4649660Z ✔ Test cancelingAWorldHandoffNeverDeliversIt() passed after 0.004 seconds.
trust	UNKNOWN STEP	2026-10-07T06:02:13.4650090Z ◇ Test insertingAtAnUnchangedFocusKeepsTheExploreEyeWherever() started.
trust	UNKNOWN STEP	2026-10-07T06:02:13.4650580Z ✔ Test insertingAtAnUnchangedFocusKeepsTheExploreEyeWherever() passed after 0.013 seconds.
trust	UNKNOWN STEP	2026-10-07T06:02:13.4651200Z ◇ Test openingEditableVoxelsEndsTheNavigationPauseAndCatchesTheFocusUpWithTheExploreAnchor() started.
trust	UNKNOWN STEP	2026-10-07T06:02:13.4652090Z ✔ Test openingEditableVoxelsEndsTheNavigationPauseAndCatchesTheFocusUpWithTheExploreAnchor() passed after 0.014 seconds.
trust	UNKNOWN STEP	2026-10-07T06:02:13.4652790Z ◇ Test walkingWhileAnInsertionPreparesDoesNotRefuseItAndFocusCatchesUpAfterwards() started.
trust	UNKNOWN STEP	2026-10-07T06:02:13.4661740Z ✔ Test walkingWhileAnInsertionPreparesDoesNotRefuseItAndFocusCatchesUpAfterwards() passed after 0.031 seconds.
trust	UNKNOWN STEP	2026-10-07T06:02:13.4662410Z ◇ Test batchesNameTheirFirstAndLastTilesAndSayWhenTheyContinueOntoAnotherRowOrLayer() started.
trust	UNKNOWN STEP	2026-10-07T06:02:13.4663090Z ✔ Test batchesNameTheirFirstAndLastTilesAndSayWhenTheyContinueOntoAnotherRowOrLayer() passed after 0.036 seconds.
trust	UNKNOWN STEP	2026-10-07T06:02:13.4663650Z ◇ Test replacementQuestionAndSummaryUseCorrectPlurals() started.
trust	UNKNOWN STEP	2026-10-07T06:02:13.4664100Z ✔ Test replacementQuestionAndSummaryUseCorrectPlurals() passed after 0.028 seconds.
trust	UNKNOWN STEP	2026-10-07T06:02:13.4664560Z ◇ Test labelsShowModelTitlesAndDimensionsNeverGeneratedIDs() started.
trust	UNKNOWN STEP	2026-10-07T06:02:13.4665050Z ✔ Test labelsShowModelTitlesAndDimensionsNeverGeneratedIDs() passed after 0.023 seconds.
trust	UNKNOWN STEP	2026-10-07T06:02:13.4665530Z ◇ Test nativeSaveAndInsertionRefuseGraphsThatWouldNotReopen() started.
trust	UNKNOWN STEP	2026-10-07T06:02:13.4666020Z ✔ Test nativeSaveAndInsertionRefuseGraphsThatWouldNotReopen() passed after 4.225 seconds.
trust	UNKNOWN STEP	2026-10-07T06:02:13.4666550Z ◇ Test largeNativeParentsInsertWithNativeValuesAndExplainTheFallback() started.
trust	UNKNOWN STEP	2026-10-07T06:02:13.4667110Z ✔ Test largeNativeParentsInsertWithNativeValuesAndExplainTheFallback() passed after 12.086 seconds.
trust	UNKNOWN STEP	2026-10-07T06:02:13.4667600Z ✔ Suite "Insertion discoverability" passed after 19.075 seconds.
trust	UNKNOWN STEP	2026-10-07T06:02:13.4667890Z ◇ Suite "Native model insertion" started.
trust	UNKNOWN STEP	2026-10-07T06:02:13.4668320Z ◇ Test compositionBatchPlacesNestedModelsAndRestoresTheCompleteSnapshotWithOneUndo() started.
trust	UNKNOWN STEP	2026-10-07T06:02:13.4668990Z ✔ Test compositionBatchPlacesNestedModelsAndRestoresTheCompleteSnapshotWithOneUndo() passed after 0.042 seconds.
trust	UNKNOWN STEP	2026-10-07T06:02:13.4669630Z ◇ Test worldBatchPlacesAtExactFocusAndKeepsLibraryAndSnapshotInOneHistoryEntry() started.
trust	UNKNOWN STEP	2026-10-07T06:02:13.4670280Z ✔ Test worldBatchPlacesAtExactFocusAndKeepsLibraryAndSnapshotInOneHistoryEntry() passed after 0.041 seconds.
trust	UNKNOWN STEP	2026-10-07T06:02:13.4670870Z ◇ Test compositionRefusalsNeverPublishAPartialBatchOrCreateHistory() started.
trust	UNKNOWN STEP	2026-10-07T06:02:13.4671420Z ✔ Test compositionRefusalsNeverPublishAPartialBatchOrCreateHistory() passed after 0.004 seconds.
trust	UNKNOWN STEP	2026-10-07T06:02:13.4671930Z ◇ Test failedInsertionRetainsAnExistingRedoAndSavedBaseline() started.
trust	UNKNOWN STEP	2026-10-07T06:02:13.4672410Z ✔ Test failedInsertionRetainsAnExistingRedoAndSavedBaseline() passed after 0.008 seconds.
trust	UNKNOWN STEP	2026-10-07T06:02:13.4672950Z ◇ Test exhaustedGlyphLedgerRefusesInsertionWithoutChangingTheMapOrHistory() started.
trust	UNKNOWN STEP	2026-10-07T06:02:13.4673550Z ✔ Test exhaustedGlyphLedgerRefusesInsertionWithoutChangingTheMapOrHistory() passed after 0.001 seconds.
trust	UNKNOWN STEP	2026-10-07T06:02:13.4674100Z ◇ Test worldRefusalsKeepExactDocumentHistoryAndPortableSnapshot() started.
trust	UNKNOWN STEP	2026-10-07T06:02:13.4674630Z ✔ Test worldRefusalsKeepExactDocumentHistoryAndPortableSnapshot() passed after 0.003 seconds.
trust	UNKNOWN STEP	2026-10-07T06:02:13.4675220Z ◇ Test multiselectUsesNaturalFilenameOrderNotSelectionOrderAndRetainsPortableInputs() started.
trust	UNKNOWN STEP	2026-10-07T06:02:13.4675910Z ✔ Test multiselectUsesNaturalFilenameOrderNotSelectionOrderAndRetainsPortableInputs() passed after 0.027 seconds.
trust	UNKNOWN STEP	2026-10-07T06:02:13.4676480Z ◇ Test equalFilenamesInDifferentFoldersKeepAStablePathOrder() started.
trust	UNKNOWN STEP	2026-10-07T06:02:13.4676970Z ✔ Test equalFilenamesInDifferentFoldersKeepAStablePathOrder() passed after 0.002 seconds.
trust	UNKNOWN STEP	2026-10-07T06:02:13.4677500Z ◇ Test recursiveFolderSelectionSkipsHiddenUnsupportedAndSymbolicEntries() started.
trust	UNKNOWN STEP	2026-10-07T06:02:13.4678080Z ✔ Test recursiveFolderSelectionSkipsHiddenUnsupportedAndSymbolicEntries() passed after 0.004 seconds.
trust	UNKNOWN STEP	2026-10-07T06:02:13.4678740Z ◇ Test fileSelectionRefusesEmptyUnsupportedSymlinkAndOversizedInputsNamingTheFileAndLimit() started.
trust	UNKNOWN STEP	2026-10-07T06:02:13.4679620Z ✔ Test fileSelectionRefusesEmptyUnsupportedSymlinkAndOversizedInputsNamingTheFileAndLimit() passed after 0.012 seconds.
trust	UNKNOWN STEP	2026-10-07T06:02:13.4680250Z ◇ Test earlyChecksRefuseAnOversizedBatchBeforeDecodingEveryFile() started.
trust	UNKNOWN STEP	2026-10-07T06:02:13.4680780Z ✔ Test earlyChecksRefuseAnOversizedBatchBeforeDecodingEveryFile() passed after 0.003 seconds.
trust	UNKNOWN STEP	2026-10-07T06:02:13.4681470Z ◇ Test cancelledFileReadsAndDraftInsertionNeverPublishOrCreateHistory() started.
trust	UNKNOWN STEP	2026-10-07T06:02:13.4682040Z ✔ Test cancelledFileReadsAndDraftInsertionNeverPublishOrCreateHistory() passed after 0.007 seconds.
trust	UNKNOWN STEP	2026-10-07T06:02:13.4682670Z ◇ Test nativeFolderInsertionAutomaticallyPlacesTheBatchAndUnsupportedSelectionIsAtomic() started.
trust	UNKNOWN STEP	2026-10-07T06:02:13.4683380Z ✔ Test nativeFolderInsertionAutomaticallyPlacesTheBatchAndUnsupportedSelectionIsAtomic() passed after 0.044 seconds.
trust	UNKNOWN STEP	2026-10-07T06:02:13.4683980Z ◇ Test worldInsertionRejectsAParentChangedDuringFilePreparation() started.
trust	UNKNOWN STEP	2026-10-07T06:02:13.4684510Z ✔ Test worldInsertionRejectsAParentChangedDuringFilePreparation() passed after 0.028 seconds.
trust	UNKNOWN STEP	2026-10-07T06:02:13.4685060Z ◇ Test selectToolChoosesTheInsertionStartWithoutPaintingOrChangingHistory() started.
trust	UNKNOWN STEP	2026-10-07T06:02:13.4685660Z ✔ Test selectToolChoosesTheInsertionStartWithoutPaintingOrChangingHistory() passed after 0.009 seconds.
trust	UNKNOWN STEP	2026-10-07T06:02:13.4686270Z ◇ Test occupiedTargetsRequireConfirmationAndCancelPreservesTheCompleteParent() started.
trust	UNKNOWN STEP	2026-10-07T06:02:13.4686890Z ✔ Test occupiedTargetsRequireConfirmationAndCancelPreservesTheCompleteParent() passed after 0.049 seconds.
trust	UNKNOWN STEP	2026-10-07T06:02:13.4687540Z ◇ Test editedParentInvalidatesReplacementConfirmationWithoutPublishingTheCandidate() started.
trust	UNKNOWN STEP	2026-10-07T06:02:13.4688200Z ✔ Test editedParentInvalidatesReplacementConfirmationWithoutPublishingTheCandidate() passed after 0.018 seconds.
trust	UNKNOWN STEP	2026-10-07T06:02:13.4688870Z ◇ Test changedStartAndSavedSnapshotInvalidateReplacementConfirmationWithoutHistory() started.
trust	UNKNOWN STEP	2026-10-07T06:02:13.4689540Z ✔ Test changedStartAndSavedSnapshotInvalidateReplacementConfirmationWithoutHistory() passed after 0.036 seconds.
trust	UNKNOWN STEP	2026-10-07T06:02:13.4690120Z ◇ Test filePreparationStagesOccupiedTargetsBeforeAnyMutation() started.
trust	UNKNOWN STEP	2026-10-07T06:02:13.4690610Z ✔ Test filePreparationStagesOccupiedTargetsBeforeAnyMutation() passed after 0.035 seconds.
trust	UNKNOWN STEP	2026-10-07T06:02:13.4692020Z ◇ Test compositionEditsDuringPreparationCancelTheCandidateAndRetainOnlyTheEditHistory() started.
trust	UNKNOWN STEP	2026-10-07T06:02:13.4692800Z ✔ Test compositionEditsDuringPreparationCancelTheCandidateAndRetainOnlyTheEditHistory() passed after 0.014 seconds.
trust	UNKNOWN STEP	2026-10-07T06:02:13.4693510Z ◇ Test saveFinishingDuringCompositionPreparationRetainsItsSnapshotWithoutInsertion() started.
trust	UNKNOWN STEP	2026-10-07T06:02:13.4694220Z ✔ Test saveFinishingDuringCompositionPreparationRetainsItsSnapshotWithoutInsertion() passed after 0.013 seconds.
trust	UNKNOWN STEP	2026-10-07T06:02:13.4694900Z ◇ Test worldInsertionRejectsASnapshotChangedByACompletedSaveDuringPreparation() started.
trust	UNKNOWN STEP	2026-10-07T06:02:13.4695590Z ✔ Test worldInsertionRejectsASnapshotChangedByACompletedSaveDuringPreparation() passed after 0.042 seconds.
trust	UNKNOWN STEP	2026-10-07T06:02:13.4696300Z ◇ Test worldInsertionRejectsFocusChangesDuringPreparationWithoutLosingTheNewFocus() started.
trust	UNKNOWN STEP	2026-10-07T06:02:13.4697000Z ✔ Test worldInsertionRejectsFocusChangesDuringPreparationWithoutLosingTheNewFocus() passed after 0.051 seconds.
trust	UNKNOWN STEP	2026-10-07T06:02:13.4697660Z ◇ Test fileRefusalsIdentifyTheFilenameWithoutExposingItsPrivateDirectory() started.
trust	UNKNOWN STEP	2026-10-07T06:02:13.4698300Z ✔ Test fileRefusalsIdentifyTheFilenameWithoutExposingItsPrivateDirectory() passed after 0.004 seconds.
trust	UNKNOWN STEP	2026-10-07T06:02:13.4698900Z ◇ Test tileFitRefusalNamesTheModelAndRequiredAndCurrentDimensions() started.
trust	UNKNOWN STEP	2026-10-07T06:02:13.4699460Z ✔ Test tileFitRefusalNamesTheModelAndRequiredAndCurrentDimensions() passed after 0.001 seconds.
trust	UNKNOWN STEP	2026-10-07T06:02:13.4700050Z ◇ Test portableActionsResumeOnlyAfterPreparationAndReplacementDecisionFinish() started.
trust	UNKNOWN STEP	2026-10-07T06:02:13.4700710Z ✔ Test portableActionsResumeOnlyAfterPreparationAndReplacementDecisionFinish() passed after 0.044 seconds.
trust	UNKNOWN STEP	2026-10-07T06:02:13.4701880Z ◇ Test selectedWorldChildrenNameTheirSourceAndRefuseTheWholeNativeBatch() started.
trust	UNKNOWN STEP	2026-10-07T06:02:13.4702510Z ✔ Test selectedWorldChildrenNameTheirSourceAndRefuseTheWholeNativeBatch() passed after 0.098 seconds.
trust	UNKNOWN STEP	2026-10-07T06:02:13.4703610Z ✔ Suite "Native model insertion" passed after 0.654 seconds.
trust	UNKNOWN STEP	2026-10-07T06:02:13.4703950Z ◇ Suite "Insertion repairs" started.
trust	UNKNOWN STEP	2026-10-07T06:02:13.4704360Z ◇ Test aNativeWorldFallsBackNativelyWhetherFilesArriveOneAtATimeOrTogether() started.
trust	UNKNOWN STEP	2026-10-07T06:02:13.4705020Z ✔ Test aNativeWorldFallsBackNativelyWhetherFilesArriveOneAtATimeOrTogether() passed after 22.361 seconds.
trust	UNKNOWN STEP	2026-10-07T06:02:13.4706140Z ◇ Test aSnapshotMintedByASharedEditDoesNotForceLaterInsertionsDownThePortablePath() started.
trust	UNKNOWN STEP	2026-10-07T06:02:13.4706880Z ✔ Test aSnapshotMintedByASharedEditDoesNotForceLaterInsertionsDownThePortablePath() passed after 13.156 seconds.
trust	UNKNOWN STEP	2026-10-07T06:02:13.4707540Z ◇ Test portableDataTheDraftTrulyHoldsStillRefusesAnOversizedInsertionByName() started.
trust	UNKNOWN STEP	2026-10-07T06:02:13.4708210Z ✔ Test portableDataTheDraftTrulyHoldsStillRefusesAnOversizedInsertionByName() passed after 13.440 seconds.
trust	UNKNOWN STEP	2026-10-07T06:02:13.4708890Z ◇ Test theDraftsPortableFlagFollowsCarriedDataExportsAndReplacementAndUndoRestoresIt() started.
trust	UNKNOWN STEP	2026-10-07T06:02:13.4709630Z ✔ Test theDraftsPortableFlagFollowsCarriedDataExportsAndReplacementAndUndoRestoresIt() passed after 0.024 seconds.
trust	UNKNOWN STEP	2026-10-07T06:02:13.4710280Z ◇ Test theWorldDraftsPortableFlagFollowsCarriedDataAndUndoRestoresIt() started.
trust	UNKNOWN STEP	2026-10-07T06:02:13.4710840Z ✔ Test theWorldDraftsPortableFlagFollowsCarriedDataAndUndoRestoresIt() passed after 0.035 seconds.
trust	UNKNOWN STEP	2026-10-07T06:02:13.4711470Z ◇ Test largeNativeFilesInsertNativelyAndTheSameFilesWithPortableDataAreRefusedByName() started.
trust	UNKNOWN STEP	2026-10-07T06:02:13.4712170Z ✔ Test largeNativeFilesInsertNativelyAndTheSameFilesWithPortableDataAreRefusedByName() passed after 45.255 seconds.
trust	UNKNOWN STEP	2026-10-07T06:02:13.4712840Z ◇ Test historyIsUnavailableWhileApplyValidatesAndAStaleApplyKeepsTheSessionOpen() started.
trust	UNKNOWN STEP	2026-10-07T06:02:13.4713500Z ✔ Test historyIsUnavailableWhileApplyValidatesAndAStaleApplyKeepsTheSessionOpen() passed after 0.009 seconds.
trust	UNKNOWN STEP	2026-10-07T06:02:13.4714140Z ◇ Test aWorldApplyAlsoRejectsContentThatChangedWhileItWasValidated() started.
trust	UNKNOWN STEP	2026-10-07T06:02:13.4714700Z ✔ Test aWorldApplyAlsoRejectsContentThatChangedWhileItWasValidated() passed after 0.019 seconds.
trust	UNKNOWN STEP	2026-10-07T06:02:13.4715270Z ◇ Test sharedModelMenusTellSameTitleAndSizeModelsApartOnlyWhenTheyCollide() started.
trust	UNKNOWN STEP	2026-10-07T06:02:13.4715880Z ✔ Test sharedModelMenusTellSameTitleAndSizeModelsApartOnlyWhenTheyCollide() passed after 0.001 seconds.
trust	UNKNOWN STEP	2026-10-07T06:02:13.4716530Z ◇ Test theAppReaderRefusesByNameWhenTheResolvedVolumeBudgetIsFullBeforeDecodingAnyFile() started.
trust	UNKNOWN STEP	2026-10-07T06:02:13.4717240Z ✔ Test theAppReaderRefusesByNameWhenTheResolvedVolumeBudgetIsFullBeforeDecodingAnyFile() passed after 0.002 seconds.
trust	UNKNOWN STEP	2026-10-07T06:02:13.4717880Z ◇ Test theByteBudgetIsAdmittedForEveryFileBeforeAnyEarlierFileIsDecoded() started.
trust	UNKNOWN STEP	2026-10-07T06:02:13.4718470Z ✔ Test theByteBudgetIsAdmittedForEveryFileBeforeAnyEarlierFileIsDecoded() passed after 0.001 seconds.
trust	UNKNOWN STEP	2026-10-07T06:02:13.4719050Z ◇ Test theCompositionCanvasHoldsAWholeFolderAndNamesTheLayerItSpillsInto() started.
trust	UNKNOWN STEP	2026-10-07T06:02:13.4719660Z ✔ Test theCompositionCanvasHoldsAWholeFolderAndNamesTheLayerItSpillsInto() passed after 0.067 seconds.
trust	UNKNOWN STEP	2026-10-07T06:02:13.4720270Z ◇ Test commandAvailabilityIsOneDecisionForTheFileMenuEditMenuAndPalette() started.
trust	UNKNOWN STEP	2026-10-07T06:02:13.4720860Z ✔ Test commandAvailabilityIsOneDecisionForTheFileMenuEditMenuAndPalette() passed after 0.001 seconds.
trust	UNKNOWN STEP	2026-10-07T06:02:13.4721450Z ◇ Test aDelayedImporterRequestIsPresentedDroppedOrLeftAloneByTheLiveState() started.
trust	UNKNOWN STEP	2026-10-07T06:02:13.4722100Z ✔ Test aDelayedImporterRequestIsPresentedDroppedOrLeftAloneByTheLiveState() passed after 0.001 seconds.
trust	UNKNOWN STEP	2026-10-07T06:02:13.4722670Z ◇ Test historyAvailabilityIsObservedSoMenusRefreshWhenADraftEdits() started.
trust	UNKNOWN STEP	2026-10-07T06:02:13.4723220Z ✔ Test historyAvailabilityIsObservedSoMenusRefreshWhenADraftEdits() passed after 0.001 seconds.
trust	UNKNOWN STEP	2026-10-07T06:02:13.4724040Z ✔ Suite "Insertion repairs" passed after 94.375 seconds.
trust	UNKNOWN STEP	2026-10-07T06:02:13.4724350Z ◇ Suite "Linked file confinement" started.
trust	UNKNOWN STEP	2026-10-07T06:02:13.4724900Z ◇ Test aSymbolicLinkFolderComponentIsRefusedNamingTheFile() started.
trust	UNKNOWN STEP	2026-10-07T06:02:13.4725620Z ✔ Test aSymbolicLinkFolderComponentIsRefusedNamingTheFile() passed after 0.005 seconds.
trust	UNKNOWN STEP	2026-10-07T06:02:13.4726150Z ◇ Test aSymbolicLinkFileIsRefusedEvenWhenItPointsInsideOrOutsideTheFolder() started.
trust	UNKNOWN STEP	2026-10-07T06:02:13.4726770Z ✔ Test aSymbolicLinkFileIsRefusedEvenWhenItPointsInsideOrOutsideTheFolder() passed after 0.004 seconds.
trust	UNKNOWN STEP	2026-10-07T06:02:13.4727420Z ◇ Test aScalarThatJoinsASeparatorToItsNameCannotCarryOneOpenThroughASymbolicLink() started.
trust	UNKNOWN STEP	2026-10-07T06:02:13.4728120Z ✔ Test aScalarThatJoinsASeparatorToItsNameCannotCarryOneOpenThroughASymbolicLink() passed after 0.004 seconds.
trust	UNKNOWN STEP	2026-10-07T06:02:13.4728790Z ◇ Test aRootReachedThroughASymbolicLinkFolderIsReadFromItsRealLocationOnly() started.
trust	UNKNOWN STEP	2026-10-07T06:02:13.4729430Z ✔ Test aRootReachedThroughASymbolicLinkFolderIsReadFromItsRealLocationOnly() passed after 0.008 seconds.
trust	UNKNOWN STEP	2026-10-07T06:02:13.4729980Z ◇ Test hiddenFoldersAndFilesAreRefusedNamingTheFile() started.
trust	UNKNOWN STEP	2026-10-07T06:02:13.4730470Z ✔ Test hiddenFoldersAndFilesAreRefusedNamingTheFile() passed after 0.005 seconds.
trust	UNKNOWN STEP	2026-10-07T06:02:13.4730920Z ◇ Test aLeadingPeriodWithACombiningMarkIsStillHidden() started.
trust	UNKNOWN STEP	2026-10-07T06:02:13.4731390Z ✔ Test aLeadingPeriodWithACombiningMarkIsStillHidden() passed after 0.004 seconds.
trust	UNKNOWN STEP	2026-10-07T06:02:13.4731840Z ◇ Test aHardLinkedFileIsRefusedNamingTheFile() started.
trust	UNKNOWN STEP	2026-10-07T06:02:13.4732230Z ✔ Test aHardLinkedFileIsRefusedNamingTheFile() passed after 0.004 seconds.
trust	UNKNOWN STEP	2026-10-07T06:02:13.4732750Z ◇ Test aSecondSpellingOfAFileAlreadyReadIsRefusedWhereTheVolumeAllowsIt() started.
trust	UNKNOWN STEP	2026-10-07T06:02:13.4733380Z ✔ Test aSecondSpellingOfAFileAlreadyReadIsRefusedWhereTheVolumeAllowsIt() passed after 0.006 seconds.
trust	UNKNOWN STEP	2026-10-07T06:02:13.4734020Z ◇ Test readsAreBoundedRegularAndReportMissingFilesSoTheLinkingFileIsNamed() started.
trust	UNKNOWN STEP	2026-10-07T06:02:13.4734640Z ✔ Test readsAreBoundedRegularAndReportMissingFilesSoTheLinkingFileIsNamed() passed after 0.005 seconds.
trust	UNKNOWN STEP	2026-10-07T06:02:13.4735290Z ◇ Test theFolderScopeIsHeldOnlyForTheAttemptAndCancellationPublishesNothing() started.
trust	UNKNOWN STEP	2026-10-07T06:02:13.4735970Z ✔ Test theFolderScopeIsHeldOnlyForTheAttemptAndCancellationPublishesNothing() passed after 0.008 seconds.
trust	UNKNOWN STEP	2026-10-07T06:02:13.4736520Z ✔ Suite "Linked file confinement" passed after 0.057 seconds.
trust	UNKNOWN STEP	2026-10-07T06:02:13.4736880Z ◇ Suite "Linked roots in insertion and bundles" started.
trust	UNKNOWN STEP	2026-10-07T06:02:13.4737320Z ◇ Test insertingALinkedRootIsRefusedNamingTheFileAndChangesNothing() started.
trust	UNKNOWN STEP	2026-10-07T06:02:13.4738210Z ✔ Test insertingALinkedRootIsRefusedNamingTheFileAndChangesNothing() passed after 0.564 seconds.
trust	UNKNOWN STEP	2026-10-07T06:02:13.4738940Z ◇ Test aModelFolderThatHoldsALinkedRootIsRefusedNamingThatFile() started.
trust	UNKNOWN STEP	2026-10-07T06:02:13.4739570Z ✔ Test aModelFolderThatHoldsALinkedRootIsRefusedNamingThatFile() passed after 0.003 seconds.
trust	UNKNOWN STEP	2026-10-07T06:02:13.4740160Z ◇ Test readableAndBinaryBundlesOpenThroughPlainOpenWithoutAFolder() started.
trust	UNKNOWN STEP	2026-10-07T06:02:13.4740740Z ✔ Test readableAndBinaryBundlesOpenThroughPlainOpenWithoutAFolder() passed after 0.024 seconds.
trust	UNKNOWN STEP	2026-10-07T06:02:13.4741290Z ✔ Suite "Linked roots in insertion and bundles" passed after 0.592 seconds.
trust	UNKNOWN STEP	2026-10-07T06:02:13.4741650Z ◇ Suite "Linked session presentation" started.
trust	UNKNOWN STEP	2026-10-07T06:02:13.4742150Z ◇ Test theViewOnlyCompositionShowsReloadAndTheExplanationWithEditingControlsUnavailable() started.
trust	UNKNOWN STEP	2026-10-07T06:02:13.4743080Z Linked presentation: this offscreen host exposes no accessibility tree, so control identifiers and enabled states were not checked here. SculptureLinkedSessionTests checks the values the controls read.
trust	UNKNOWN STEP	2026-10-07T06:02:13.4744060Z ✔ Test theViewOnlyCompositionShowsReloadAndTheExplanationWithEditingControlsUnavailable() passed after 0.443 seconds.
trust	UNKNOWN STEP	2026-10-07T06:02:13.4745110Z ◇ Test theRepairViewListsFailuresWithReloadAndChooseFolder() started.
trust	UNKNOWN STEP	2026-10-07T06:02:13.4745920Z Linked presentation: this offscreen host exposes no accessibility tree, so control identifiers and enabled states were not checked here. SculptureLinkedSessionTests checks the values the controls read.
trust	UNKNOWN STEP	2026-10-07T06:02:13.4747030Z ✔ Test theRepairViewListsFailuresWithReloadAndChooseFolder() passed after 0.173 seconds.
trust	UNKNOWN STEP	2026-10-07T06:02:13.4747550Z ✔ Suite "Linked session presentation" passed after 0.616 seconds.
trust	UNKNOWN STEP	2026-10-07T06:02:13.4747870Z ◇ Suite "Linked sessions" started.
trust	UNKNOWN STEP	2026-10-07T06:02:13.4748220Z ◇ Test plainOpenOfALinkedRootAsksForItsProjectFolder() started.
trust	UNKNOWN STEP	2026-10-07T06:02:13.4748660Z ✔ Test plainOpenOfALinkedRootAsksForItsProjectFolder() passed after 0.009 seconds.
trust	UNKNOWN STEP	2026-10-07T06:02:13.4749140Z ◇ Test aBinaryLinkedRootIsRefusedByNameWithoutAskingForAFolder() started.
trust	UNKNOWN STEP	2026-10-07T06:02:13.4749700Z ✔ Test aBinaryLinkedRootIsRefusedByNameWithoutAskingForAFolder() passed after 0.002 seconds.
trust	UNKNOWN STEP	2026-10-07T06:02:13.4750250Z ◇ Test openingWithItsFolderResolvesNestedChildrenIntoAViewOnlyComposition() started.
trust	UNKNOWN STEP	2026-10-07T06:02:13.4750910Z ✔ Test openingWithItsFolderResolvesNestedChildrenIntoAViewOnlyComposition() passed after 0.011 seconds.
trust	UNKNOWN STEP	2026-10-07T06:02:13.4751490Z ◇ Test cancellingTheFolderRequestOrTheResolutionOpensNothing() started.
trust	UNKNOWN STEP	2026-10-07T06:02:13.4752010Z ✔ Test cancellingTheFolderRequestOrTheResolutionOpensNothing() passed after 0.003 seconds.
trust	UNKNOWN STEP	2026-10-07T06:02:13.4752550Z ◇ Test aRootOutsideTheChosenFolderIsRefusedByNameAndOpensNothing() started.
trust	UNKNOWN STEP	2026-10-07T06:02:13.4753080Z ✔ Test aRootOutsideTheChosenFolderIsRefusedByNameAndOpensNothing() passed after 0.003 seconds.
trust	UNKNOWN STEP	2026-10-07T06:02:13.4753590Z ◇ Test reloadPicksUpChangedFilesWithoutMarkingTheSessionChanged() started.
trust	UNKNOWN STEP	2026-10-07T06:02:13.4754140Z ✔ Test reloadPicksUpChangedFilesWithoutMarkingTheSessionChanged() passed after 0.011 seconds.
trust	UNKNOWN STEP	2026-10-07T06:02:13.4754770Z ◇ Test aFailedReloadKeepsThePreviousSceneNamesTheFileAndNeverMarksTheSessionChanged() started.
trust	UNKNOWN STEP	2026-10-07T06:02:13.4755500Z ✔ Test aFailedReloadKeepsThePreviousSceneNamesTheFileAndNeverMarksTheSessionChanged() passed after 0.013 seconds.
trust	UNKNOWN STEP	2026-10-07T06:02:13.4756160Z ◇ Test theRepairViewListsEachFailingLinkWithItsFileAndReasonAndWritesNothing() started.
trust	UNKNOWN STEP	2026-10-07T06:02:13.4756810Z ✔ Test theRepairViewListsEachFailingLinkWithItsFileAndReasonAndWritesNothing() passed after 0.013 seconds.
trust	UNKNOWN STEP	2026-10-07T06:02:13.4757410Z ◇ Test theRepairViewOffersChooseFolderAndReloadWheneverNoResolutionRuns() started.
trust	UNKNOWN STEP	2026-10-07T06:02:13.4758020Z ✔ Test theRepairViewOffersChooseFolderAndReloadWheneverNoResolutionRuns() passed after 0.003 seconds.
trust	UNKNOWN STEP	2026-10-07T06:02:13.4758600Z ◇ Test aCycleIsListedAsAChainOfProjectPathsForTheLinkThatLeadsToIt() started.
trust	UNKNOWN STEP	2026-10-07T06:02:13.4759150Z ✔ Test aCycleIsListedAsAChainOfProjectPathsForTheLinkThatLeadsToIt() passed after 0.003 seconds.
trust	UNKNOWN STEP	2026-10-07T06:02:13.4759700Z ◇ Test aGlobalFailureIsListedEvenWhenEveryLinkResolvesOnItsOwn() started.
trust	UNKNOWN STEP	2026-10-07T06:02:13.4760270Z ✔ Test aGlobalFailureIsListedEvenWhenEveryLinkResolvesOnItsOwn() passed after 0.151 seconds.
trust	UNKNOWN STEP	2026-10-07T06:02:13.4760760Z ◇ Test anUnreadableRootOpensTheRepairViewNamingTheRoot() started.
trust	UNKNOWN STEP	2026-10-07T06:02:13.4761250Z ✔ Test anUnreadableRootOpensTheRepairViewNamingTheRoot() passed after 0.009 seconds.
trust	UNKNOWN STEP	2026-10-07T06:02:13.4761740Z ◇ Test chooseFolderRegrantsOnlyAFolderThatContainsTheRoot() started.
trust	UNKNOWN STEP	2026-10-07T06:02:13.4762250Z ✔ Test chooseFolderRegrantsOnlyAFolderThatContainsTheRoot() passed after 0.283 seconds.
trust	UNKNOWN STEP	2026-10-07T06:02:13.4762790Z ◇ Test aLinkedSessionIsViewOnlyAndEveryEditingActionIsUnavailable() started.
trust	UNKNOWN STEP	2026-10-07T06:02:13.4763350Z ✔ Test aLinkedSessionIsViewOnlyAndEveryEditingActionIsUnavailable() passed after 0.579 seconds.
trust	UNKNOWN STEP	2026-10-07T06:02:13.4764000Z ◇ Test aRepairSessionOffersReloadButNoEditingCommands() started.
trust	UNKNOWN STEP	2026-10-07T06:02:13.4764520Z ✔ Test aRepairSessionOffersReloadButNoEditingCommands() passed after 0.010 seconds.
trust	UNKNOWN STEP	2026-10-07T06:02:13.4764940Z ✔ Suite "Linked sessions" passed after 1.112 seconds.
trust	UNKNOWN STEP	2026-10-07T06:02:13.4765550Z ◇ Test cameraMotionDoesNotInvalidateVoxelMesh() started.
trust	UNKNOWN STEP	2026-10-07T06:02:13.4766540Z ✔ Test cameraMotionDoesNotInvalidateVoxelMesh() passed after 0.001 seconds.
trust	UNKNOWN STEP	2026-10-07T06:02:13.4767650Z ◇ Test editsUndoRedoAndReplacementInvalidateVoxelMesh() started.
trust	UNKNOWN STEP	2026-10-07T06:02:13.4768130Z ✔ Test editsUndoRedoAndReplacementInvalidateVoxelMesh() passed after 0.001 seconds.
trust	UNKNOWN STEP	2026-10-07T06:02:13.4768640Z ◇ Test titleEditsAndTheirUndoKeepGeometryButRemainDirty() started.
trust	UNKNOWN STEP	2026-10-07T06:02:13.4769130Z ✔ Test titleEditsAndTheirUndoKeepGeometryButRemainDirty() passed after 0.001 seconds.
trust	UNKNOWN STEP	2026-10-07T06:02:13.4769580Z ◇ Suite "Portable native scene interchange" started.
trust	UNKNOWN STEP	2026-10-07T06:02:13.4770010Z ◇ Test copyPreparationKeepsTheNativeWorkspaceAndReferenceBaseline() started.
trust	UNKNOWN STEP	2026-10-07T06:02:13.4770630Z ✔ Test copyPreparationKeepsTheNativeWorkspaceAndReferenceBaseline() passed after 0.021 seconds.
trust	UNKNOWN STEP	2026-10-07T06:02:13.4771240Z ◇ Test voxelCopyLeavesTheSavedBaselineUndoAndNativeSaveMessageAlone() started.
trust	UNKNOWN STEP	2026-10-07T06:02:13.4771850Z ✔ Test voxelCopyLeavesTheSavedBaselineUndoAndNativeSaveMessageAlone() passed after 0.016 seconds.
trust	UNKNOWN STEP	2026-10-07T06:02:13.4772490Z ◇ Test regularFileOpenReopensAnAdoptedGenericBinaryAsReadablePortableText() started.
trust	UNKNOWN STEP	2026-10-07T06:02:13.4773130Z ✔ Test regularFileOpenReopensAnAdoptedGenericBinaryAsReadablePortableText() passed after 0.011 seconds.
trust	UNKNOWN STEP	2026-10-07T06:02:13.4773710Z ◇ Test cancellationAndSupersessionDoNotPublishStaleCopies() started.
trust	UNKNOWN STEP	2026-10-07T06:02:13.4774240Z ✔ Test cancellationAndSupersessionDoNotPublishStaleCopies() passed after 0.022 seconds.
trust	UNKNOWN STEP	2026-10-07T06:02:13.4774750Z ◇ Test contentOpenRoutesAllPortableScenesAndKeepsLegacyDecoding() started.
trust	UNKNOWN STEP	2026-10-07T06:02:13.4775310Z ✔ Test contentOpenRoutesAllPortableScenesAndKeepsLegacyDecoding() passed after 0.032 seconds.
trust	UNKNOWN STEP	2026-10-07T06:02:13.4775910Z ◇ Test sharedApplyAndUndoRetainOriginalIdentitiesAndExactRevisions() started.
trust	UNKNOWN STEP	2026-10-07T06:02:13.4776470Z ✔ Test sharedApplyAndUndoRetainOriginalIdentitiesAndExactRevisions() passed after 0.014 seconds.
trust	UNKNOWN STEP	2026-10-07T06:02:13.4777000Z ◇ Test worldApplyRetainsExactAnchorsAndSnapshotUndo() started.
trust	UNKNOWN STEP	2026-10-07T06:02:13.4777500Z ✔ Test worldApplyRetainsExactAnchorsAndSnapshotUndo() passed after 0.021 seconds.
trust	UNKNOWN STEP	2026-10-07T06:02:13.4777970Z ◇ Test staleNativeParentDoesNotPublishAnyPortableSnapshot() started.
trust	UNKNOWN STEP	2026-10-07T06:02:13.4778490Z ✔ Test staleNativeParentDoesNotPublishAnyPortableSnapshot() passed after 0.016 seconds.
trust	UNKNOWN STEP	2026-10-07T06:02:13.4779030Z ◇ Test onlyCapacityFailuresUseTheLegacyNativeEditingFallback() started.
trust	UNKNOWN STEP	2026-10-07T06:02:13.4779590Z ✔ Test onlyCapacityFailuresUseTheLegacyNativeEditingFallback() passed after 4.346 seconds.
trust	UNKNOWN STEP	2026-10-07T06:02:13.4780120Z ◇ Test diagnosticPresentationKeepsCodesPathsAndRealSourceLines() started.
trust	UNKNOWN STEP	2026-10-07T06:02:13.4780670Z ✔ Test diagnosticPresentationKeepsCodesPathsAndRealSourceLines() passed after 0.001 seconds.
trust	UNKNOWN STEP	2026-10-07T06:02:13.4781190Z ✔ Suite "Portable native scene interchange" passed after 4.504 seconds.
trust	UNKNOWN STEP	2026-10-07T06:02:13.4781560Z ◇ Suite "Reference editor presentation" started.
trust	UNKNOWN STEP	2026-10-07T06:02:13.4781900Z ◇ Test nativeReferenceControlsFitBothSizesAndThemes() started.
trust	UNKNOWN STEP	2026-10-07T06:02:13.4782640Z Retained reference editor presentation: /Volumes/NVME/runners/actions-runner-1/_work/sculpt-3md/sculpt-3md/.build/verification/reference-presentation-99436DC4-785D-43B8-8CB6-BF51F41461AE
trust	UNKNOWN STEP	2026-10-07T06:02:13.4783460Z ✔ Test nativeReferenceControlsFitBothSizesAndThemes() passed after 5.192 seconds.
trust	UNKNOWN STEP	2026-10-07T06:02:13.4783930Z ✔ Suite "Reference editor presentation" passed after 5.193 seconds.
trust	UNKNOWN STEP	2026-10-07T06:02:13.4784300Z ◇ Suite "Reference save session lifecycle" started.
trust	UNKNOWN STEP	2026-10-07T06:02:13.4784750Z ◇ Test compositionSuccessfulSaveRetainsExactDraftSelectionAndGraphHistory() started.
trust	UNKNOWN STEP	2026-10-07T06:02:13.4785360Z ✔ Test compositionSuccessfulSaveRetainsExactDraftSelectionAndGraphHistory() passed after 0.032 seconds.
trust	UNKNOWN STEP	2026-10-07T06:02:13.4785990Z ◇ Test worldSuccessfulSaveRetainsLibraryHistoryFocusCameraAndSelectedInstance() started.
trust	UNKNOWN STEP	2026-10-07T06:02:13.4787020Z ✔ Test worldSuccessfulSaveRetainsLibraryHistoryFocusCameraAndSelectedInstance() passed after 0.029 seconds.
trust	UNKNOWN STEP	2026-10-07T06:02:13.4787660Z ◇ Test panelCancellationAndWriteFailureKeepSameDraftBaselineAndHistory() started.
trust	UNKNOWN STEP	2026-10-07T06:02:13.4788350Z ✔ Test panelCancellationAndWriteFailureKeepSameDraftBaselineAndHistory() passed after 0.014 seconds.
trust	UNKNOWN STEP	2026-10-07T06:02:13.4788930Z ◇ Test saveOnlyMarksCapturedSnapshotAndLeavesLaterEditsDirty() started.
trust	UNKNOWN STEP	2026-10-07T06:02:13.4789460Z ✔ Test saveOnlyMarksCapturedSnapshotAndLeavesLaterEditsDirty() passed after 0.016 seconds.
trust	UNKNOWN STEP	2026-10-07T06:02:13.4790040Z ◇ Test preparationFailureRetainsDraftAndCaptureFailureDoesNotDismissIt() started.
trust	UNKNOWN STEP	2026-10-07T06:02:13.4790640Z ✔ Test preparationFailureRetainsDraftAndCaptureFailureDoesNotDismissIt() passed after 0.361 seconds.
trust	UNKNOWN STEP	2026-10-07T06:02:13.4791160Z ✔ Suite "Reference save session lifecycle" passed after 0.455 seconds.
trust	UNKNOWN STEP	2026-10-07T06:02:13.4791610Z ◇ Test asyncSavePreservesSnapshotAndLaterEditsStayDirty(format:) started.
trust	UNKNOWN STEP	2026-10-07T06:02:13.4792500Z ◇ Test case passing 1 argument format → .readable to asyncSavePreservesSnapshotAndLaterEditsStayDirty(format:) started.
trust	UNKNOWN STEP	2026-10-07T06:02:13.4793310Z ◇ Test case passing 1 argument format → .compact to asyncSavePreservesSnapshotAndLaterEditsStayDirty(format:) started.
trust	UNKNOWN STEP	2026-10-07T06:02:13.4794340Z ✔ Test asyncSavePreservesSnapshotAndLaterEditsStayDirty(format:) with 2 test cases passed after 0.021 seconds.
trust	UNKNOWN STEP	2026-10-07T06:02:13.4794900Z ◇ Test replacedDocumentCannotBeMarkedSavedByAnEarlierSave() started.
trust	UNKNOWN STEP	2026-10-07T06:02:13.4795420Z ✔ Test replacedDocumentCannotBeMarkedSavedByAnEarlierSave() passed after 0.009 seconds.
trust	UNKNOWN STEP	2026-10-07T06:02:13.4795860Z ◇ Test cancelledSaveDoesNotPublishAndCanBeRetried() started.
trust	UNKNOWN STEP	2026-10-07T06:02:13.4796320Z ✔ Test cancelledSaveDoesNotPublishAndCanBeRetried() passed after 0.008 seconds.
trust	UNKNOWN STEP	2026-10-07T06:02:13.4796700Z ◇ Suite "Shared model draft editing" started.
trust	UNKNOWN STEP	2026-10-07T06:02:13.4797130Z ◇ Test compositionApplyUpdatesNestedReferencesAsOneParentUndoAndRedo() started.
trust	UNKNOWN STEP	2026-10-07T06:02:13.4797780Z ✔ Test compositionApplyUpdatesNestedReferencesAsOneParentUndoAndRedo() passed after 0.009 seconds.
trust	UNKNOWN STEP	2026-10-07T06:02:13.4798360Z ◇ Test compositionCancelAndNoOpKeepReferenceWorkspaceAndHistoryExact() started.
trust	UNKNOWN STEP	2026-10-07T06:02:13.4798940Z ✔ Test compositionCancelAndNoOpKeepReferenceWorkspaceAndHistoryExact() passed after 0.009 seconds.
trust	UNKNOWN STEP	2026-10-07T06:02:13.4799580Z ◇ Test compositionSessionRejectsChangedParentAndInvalidLeafWithoutOverwritingNewerState() started.
trust	UNKNOWN STEP	2026-10-07T06:02:13.4800320Z ✔ Test compositionSessionRejectsChangedParentAndInvalidLeafWithoutOverwritingNewerState() passed after 0.010 seconds.
trust	UNKNOWN STEP	2026-10-07T06:02:13.4800910Z ◇ Test compositionHistoryIncludesRootMapAndLibraryTogether() started.
trust	UNKNOWN STEP	2026-10-07T06:02:13.4801630Z ✔ Test compositionHistoryIncludesRootMapAndLibraryTogether() passed after 0.001 seconds.
trust	UNKNOWN STEP	2026-10-07T06:02:13.4802230Z ◇ Test savedRootEditsRemainCleanAfterSharedApplyUndoAndRetainNewerDirtyEdits() started.
trust	UNKNOWN STEP	2026-10-07T06:02:13.4802920Z ✔ Test savedRootEditsRemainCleanAfterSharedApplyUndoAndRetainNewerDirtyEdits() passed after 0.008 seconds.
trust	UNKNOWN STEP	2026-10-07T06:02:13.4803610Z ◇ Test worldSharedApplyAndUniqueBothIncludeLibraryInDirtyAndUndoHistory() started.
trust	UNKNOWN STEP	2026-10-07T06:02:13.4804230Z ✔ Test worldSharedApplyAndUniqueBothIncludeLibraryInDirtyAndUndoHistory() passed after 0.013 seconds.
trust	UNKNOWN STEP	2026-10-07T06:02:13.4804870Z ◇ Test worldCancelNoOpAndStaleSessionRetainExactDocumentAndScene() started.
trust	UNKNOWN STEP	2026-10-07T06:02:13.4805530Z ✔ Test worldCancelNoOpAndStaleSessionRetainExactDocumentAndScene() passed after 0.024 seconds.
trust	UNKNOWN STEP	2026-10-07T06:02:13.4806160Z ◇ Test cancellationNeverPublishesChildAndNestedMapIsNotMadeUnique() started.
trust	UNKNOWN STEP	2026-10-07T06:02:13.4806750Z ✔ Test cancellationNeverPublishesChildAndNestedMapIsNotMadeUnique() passed after 0.001 seconds.
trust	UNKNOWN STEP	2026-10-07T06:02:13.4807260Z ✔ Suite "Shared model draft editing" passed after 0.077 seconds.
trust	UNKNOWN STEP	2026-10-07T06:02:13.4807630Z ◇ Suite "Shared model native presentation" started.
trust	UNKNOWN STEP	2026-10-07T06:02:13.4808330Z ◇ Test nativeSessionRendersBothSizesAndThemesWithAccessibilityEvidenceWhenAvailable() started.
trust	UNKNOWN STEP	2026-10-07T06:02:13.4809260Z Retained native shared-model presentation: /Volumes/NVME/runners/actions-runner-1/_work/sculpt-3md/sculpt-3md/.build/verification/shared-model-presentation-D658ABFE-6FB1-40EE-8BFB-1A516AB19FC5
trust	UNKNOWN STEP	2026-10-07T06:02:13.4816680Z ✔ Test nativeSessionRendersBothSizesAndThemesWithAccessibilityEvidenceWhenAvailable() passed after 1.135 seconds.
trust	UNKNOWN STEP	2026-10-07T06:02:13.4817410Z ◇ Test paletteAcceptsEveryOfferedGlyphAndNativeCancelKeepsParentWhenAccessibilityAvailable() started.
trust	UNKNOWN STEP	2026-10-07T06:02:13.4818190Z ✔ Test paletteAcceptsEveryOfferedGlyphAndNativeCancelKeepsParentWhenAccessibilityAvailable() passed after 0.313 seconds.
trust	UNKNOWN STEP	2026-10-07T06:02:13.4818820Z ✔ Suite "Shared model native presentation" passed after 1.449 seconds.
trust	UNKNOWN STEP	2026-10-07T06:02:13.4819300Z ◇ Test cubeSurfacePaintingAddsTheNeighborAndUndoRestoresTheOriginal() started.
trust	UNKNOWN STEP	2026-10-07T06:02:13.4819910Z ✔ Test cubeSurfacePaintingAddsTheNeighborAndUndoRestoresTheOriginal() passed after 0.012 seconds.
trust	UNKNOWN STEP	2026-10-07T06:02:13.4820530Z ◇ Test cubeEraseTargetsTheClickedCubeAndFullBoundaryDoesNotCreateHistory() started.
trust	UNKNOWN STEP	2026-10-07T06:02:13.4821180Z ✔ Test cubeEraseTargetsTheClickedCubeAndFullBoundaryDoesNotCreateHistory() passed after 0.001 seconds.
trust	UNKNOWN STEP	2026-10-07T06:02:13.4821810Z ◇ Test emptySliceCanStartACubeAndPresentationDoesNotDirtyTheDocument() started.
trust	UNKNOWN STEP	2026-10-07T06:02:13.4822420Z ✔ Test emptySliceCanStartACubeAndPresentationDoesNotDirtyTheDocument() passed after 0.001 seconds.
trust	UNKNOWN STEP	2026-10-07T06:02:13.4822980Z ◇ Test paintStrokeUndoRestoresWholeStrokeAndRedoReappliesIt() started.
trust	UNKNOWN STEP	2026-10-07T06:02:13.4823490Z ✔ Test paintStrokeUndoRestoresWholeStrokeAndRedoReappliesIt() passed after 0.001 seconds.
trust	UNKNOWN STEP	2026-10-07T06:02:13.4823990Z ◇ Test strokeBeginningOnUnchangedCellStillHasOneUndoStep() started.
trust	UNKNOWN STEP	2026-10-07T06:02:13.4824490Z ✔ Test strokeBeginningOnUnchangedCellStillHasOneUndoStep() passed after 0.001 seconds.
trust	UNKNOWN STEP	2026-10-07T06:02:13.4825070Z ◇ Test savedSnapshotDoesNotMarkLaterEditsSavedAndFailedOpenDoesNotReplaceState() started.
trust	UNKNOWN STEP	2026-10-07T06:02:13.4825760Z ✔ Test savedSnapshotDoesNotMarkLaterEditsSavedAndFailedOpenDoesNotReplaceState() passed after 0.001 seconds.
trust	UNKNOWN STEP	2026-10-07T06:02:13.4826330Z ◇ Test layerUndoAndRedoKeepSelectionInBounds() started.
trust	UNKNOWN STEP	2026-10-07T06:02:13.4826780Z ✔ Test layerUndoAndRedoKeepSelectionInBounds() passed after 0.001 seconds.
trust	UNKNOWN STEP	2026-10-07T06:02:13.4827180Z ◇ Test fastDiagonalStrokeHasNoGapsAndOneUndoStep() started.
trust	UNKNOWN STEP	2026-10-07T06:02:13.4827650Z ✔ Test fastDiagonalStrokeHasNoGapsAndOneUndoStep() passed after 0.001 seconds.
trust	UNKNOWN STEP	2026-10-07T06:02:13.4828140Z ◇ Test largeBrushClipsToVolumeAndUndoRestoresAllChangedCells() started.
trust	UNKNOWN STEP	2026-10-07T06:02:13.4828640Z ✔ Test largeBrushClipsToVolumeAndUndoRestoresAllChangedCells() passed after 0.001 seconds.
trust	UNKNOWN STEP	2026-10-07T06:02:13.4829170Z ◇ Test fillStopsAtGlyphBoundaryAndRemainsOneUndoableChange() started.
trust	UNKNOWN STEP	2026-10-07T06:02:13.4829670Z ✔ Test fillStopsAtGlyphBoundaryAndRemainsOneUndoableChange() passed after 0.001 seconds.
trust	UNKNOWN STEP	2026-10-07T06:02:13.4830260Z ◇ Test invalidTitleDraftIsPreservedWithoutModalErrorAndProtectsUnsavedWork() started.
trust	UNKNOWN STEP	2026-10-07T06:02:13.4830930Z ✔ Test invalidTitleDraftIsPreservedWithoutModalErrorAndProtectsUnsavedWork() passed after 0.001 seconds.
trust	UNKNOWN STEP	2026-10-07T06:02:13.4831480Z ◇ Test clearingSliceKeepsOtherSlicesAndCanBeUndone() started.
trust	UNKNOWN STEP	2026-10-07T06:02:13.4831910Z ✔ Test clearingSliceKeepsOtherSlicesAndCanBeUndone() passed after 0.002 seconds.
trust	UNKNOWN STEP	2026-10-07T06:02:13.4832380Z ◇ Test changingCameraAndSelectionDoesNotDirtySavedDocument() started.
trust	UNKNOWN STEP	2026-10-07T06:02:13.4832910Z ✔ Test changingCameraAndSelectionDoesNotDirtySavedDocument() passed after 0.003 seconds.
trust	UNKNOWN STEP	2026-10-07T06:02:13.4833440Z ◇ Test structuredEditsShareHumanFillSemanticsAndBatchHasOneUndo() started.
trust	UNKNOWN STEP	2026-10-07T06:02:13.4834010Z ✔ Test structuredEditsShareHumanFillSemanticsAndBatchHasOneUndo() passed after 0.001 seconds.
trust	UNKNOWN STEP	2026-10-07T06:02:13.4834530Z ◇ Test invalidCommandBatchKeepsDocumentHistoryAndDraft() started.
trust	UNKNOWN STEP	2026-10-07T06:02:13.4835090Z ✔ Test invalidCommandBatchKeepsDocumentHistoryAndDraft() passed after 0.001 seconds.
trust	UNKNOWN STEP	2026-10-07T06:02:13.4835690Z ◇ Test worldExplorationAndOverviewPreserveSavedContentAndUndoAtExactDistantCoordinates() started.
trust	UNKNOWN STEP	2026-10-07T06:02:13.4836540Z ✔ Test worldExplorationAndOverviewPreserveSavedContentAndUndoAtExactDistantCoordinates() passed after 0.011 seconds.
trust	UNKNOWN STEP	2026-10-07T06:02:13.4837250Z ◇ Test worldOverviewRefusesUnframeableExtentWithoutOverflowOrChangingDocument() started.
trust	UNKNOWN STEP	2026-10-07T06:02:13.4837910Z ✔ Test worldOverviewRefusesUnframeableExtentWithoutOverflowOrChangingDocument() passed after 0.001 seconds.
trust	UNKNOWN STEP	2026-10-07T06:02:13.4838540Z ◇ Test worldDraftStartsSparseAndKeepsDistantAnchorsWithoutExpandingSpace() started.
trust	UNKNOWN STEP	2026-10-07T06:02:13.4839160Z ✔ Test worldDraftStartsSparseAndKeepsDistantAnchorsWithoutExpandingSpace() passed after 0.001 seconds.
trust	UNKNOWN STEP	2026-10-07T06:02:13.4839790Z ◇ Test worldFocusDistancesAndCameraAreSessionStateAndReuseTheSceneRevision() started.
trust	UNKNOWN STEP	2026-10-07T06:02:13.4840430Z ✔ Test worldFocusDistancesAndCameraAreSessionStateAndReuseTheSceneRevision() passed after 0.001 seconds.
trust	UNKNOWN STEP	2026-10-07T06:02:13.4841060Z ◇ Test worldPlacementUndoAndRedoPreserveExactInt64OriginsAndSharedLibrary() started.
trust	UNKNOWN STEP	2026-10-07T06:02:13.4841680Z ✔ Test worldPlacementUndoAndRedoPreserveExactInt64OriginsAndSharedLibrary() passed after 0.001 seconds.
trust	UNKNOWN STEP	2026-10-07T06:02:13.4842300Z ◇ Test worldFocusOverflowAndUnsafePlacementLeaveInstancesUnchanged() started.
trust	UNKNOWN STEP	2026-10-07T06:02:13.4842860Z ✔ Test worldFocusOverflowAndUnsafePlacementLeaveInstancesUnchanged() passed after 0.001 seconds.
trust	UNKNOWN STEP	2026-10-07T06:02:13.4843460Z ◇ Test worldSelectedRotationDeletionAndUndoNeverChangeModelDefinitions() started.
trust	UNKNOWN STEP	2026-10-07T06:02:13.4844080Z ✔ Test worldSelectedRotationDeletionAndUndoNeverChangeModelDefinitions() passed after 0.001 seconds.
trust	UNKNOWN STEP	2026-10-07T06:02:13.4844670Z ◇ Test worldPaginationBoundsRowsAndSelectionCanRevealADistantInstance() started.
trust	UNKNOWN STEP	2026-10-07T06:02:13.4845240Z ✔ Test worldPaginationBoundsRowsAndSelectionCanRevealADistantInstance() passed after 0.001 seconds.
trust	UNKNOWN STEP	2026-10-07T06:02:13.4845870Z ◇ Test unsavedWorldRestorationAndTitleDraftProtectPublicationWithoutLosingPlacements() started.
trust	UNKNOWN STEP	2026-10-07T06:02:13.4846580Z ✔ Test unsavedWorldRestorationAndTitleDraftProtectPublicationWithoutLosingPlacements() passed after 0.001 seconds.
trust	UNKNOWN STEP	2026-10-07T06:02:13.4847190Z ◇ Test cancelingWorldModelPreparationDoesNotOpenAnAbandonedCopy() started.
trust	UNKNOWN STEP	2026-10-07T06:02:13.4847710Z ✔ Test cancelingWorldModelPreparationDoesNotOpenAnAbandonedCopy() passed after 0.001 seconds.
trust	UNKNOWN STEP	2026-10-07T06:02:13.4848270Z ◇ Test fittedLargeSliceKeepsEveryCellAndRectangularPaddingDoesNotClipRows() started.
trust	UNKNOWN STEP	2026-10-07T06:02:13.4848870Z ✔ Test fittedLargeSliceKeepsEveryCellAndRectangularPaddingDoesNotClipRows() passed after 0.001 seconds.
trust	UNKNOWN STEP	2026-10-07T06:02:13.4849470Z ◇ Test zoomedSliceDrawsTheVisibleNeighborhoodAndKeepsTheLastCellReachable() started.
trust	UNKNOWN STEP	2026-10-07T06:02:13.4850090Z ✔ Test zoomedSliceDrawsTheVisibleNeighborhoodAndKeepsTheLastCellReachable() passed after 0.001 seconds.
trust	UNKNOWN STEP	2026-10-07T06:02:13.4850760Z ◇ Test fractionalScrollEdgesHaveAnAntialiasingFringeAndInvalidRegionsStayEmpty() started.
trust	UNKNOWN STEP	2026-10-07T06:02:13.4851410Z ✔ Test fractionalScrollEdgesHaveAnAntialiasingFringeAndInvalidRegionsStayEmpty() passed after 0.001 seconds.
trust	UNKNOWN STEP	2026-10-07T06:02:13.4852170Z ◇ Test thumbnailCacheKeyIgnoresOtherSliceEditsAndInvalidatesForItsOwnPixelsAndAppearance() started.
trust	UNKNOWN STEP	2026-10-07T06:02:13.4852910Z ✔ Test thumbnailCacheKeyIgnoresOtherSliceEditsAndInvalidatesForItsOwnPixelsAndAppearance() passed after 0.001 seconds.
trust	UNKNOWN STEP	2026-10-07T06:02:13.4853550Z ◇ Test thumbnailPixelsPreserveRectangularEmptyPaddingAndMaterialTint() started.
trust	UNKNOWN STEP	2026-10-07T06:02:13.4854120Z ✔ Test thumbnailPixelsPreserveRectangularEmptyPaddingAndMaterialTint() passed after 0.001 seconds.
trust	UNKNOWN STEP	2026-10-07T06:02:13.4854630Z ◇ Test canceledThumbnailPreparationDoesNotPublishPixels() started.
trust	UNKNOWN STEP	2026-10-07T06:02:13.4855090Z ✔ Test canceledThumbnailPreparationDoesNotPublishPixels() passed after 0.001 seconds.
trust	UNKNOWN STEP	2026-10-07T06:02:13.4855570Z ◇ Test thumbnailRowsMatchTheTopLeftOriginOfTheEditableSlice() started.
trust	UNKNOWN STEP	2026-10-07T06:02:13.4856070Z ✔ Test thumbnailRowsMatchTheTopLeftOriginOfTheEditableSlice() passed after 0.001 seconds.
trust	UNKNOWN STEP	2026-10-07T06:02:13.4856670Z ◇ Test perSliceOccupancyRemainsCorrectAcrossPaletteEditsRotationDuplicationAndStorage() started.
trust	UNKNOWN STEP	2026-10-07T06:02:13.4857390Z ✔ Test perSliceOccupancyRemainsCorrectAcrossPaletteEditsRotationDuplicationAndStorage() passed after 0.001 seconds.
trust	UNKNOWN STEP	2026-10-07T06:02:13.4858070Z ◇ Test scrolledLastCellStrokeStillHasOneExactUndoAndPreviousSliceBytesStayUnchanged() started.
trust	UNKNOWN STEP	2026-10-07T06:02:13.4858760Z ✔ Test scrolledLastCellStrokeStillHasOneExactUndoAndPreviousSliceBytesStayUnchanged() passed after 0.022 seconds.
trust	UNKNOWN STEP	2026-10-07T06:02:13.4859300Z ◇ Test unknownOrMissingStoredAppearanceUsesSystem() started.
trust	UNKNOWN STEP	2026-10-07T06:02:13.4859720Z ✔ Test unknownOrMissingStoredAppearanceUsesSystem() passed after 0.001 seconds.
trust	UNKNOWN STEP	2026-10-07T06:02:13.4860140Z ◇ Test knownAppearanceValuesSurviveStorageRoundTrip() started.
trust	UNKNOWN STEP	2026-10-07T06:02:13.4860570Z ✔ Test knownAppearanceValuesSurviveStorageRoundTrip() passed after 0.001 seconds.
trust	UNKNOWN STEP	2026-10-07T06:02:13.4860940Z ◇ Suite AnimationExportTests started.
trust	UNKNOWN STEP	2026-10-07T06:02:13.4861270Z ◇ Test configurationRejectsUnboundedWorkAndOddMovieDimensions() started.
trust	UNKNOWN STEP	2026-10-07T06:02:13.4861790Z ✔ Test configurationRejectsUnboundedWorkAndOddMovieDimensions() passed after 0.001 seconds.
trust	UNKNOWN STEP	2026-10-07T06:02:13.4862290Z ◇ Test gifLoopsWithCorrectFrameTimingAndChangingDecodedImages() started.
trust	UNKNOWN STEP	2026-10-07T06:02:13.4862800Z ✔ Test gifLoopsWithCorrectFrameTimingAndChangingDecodedImages() passed after 0.013 seconds.
trust	UNKNOWN STEP	2026-10-07T06:02:13.4863350Z ◇ Test mp4DecodesEveryFrameWithCorrectDurationDimensionsAndVisibleGlyphs(_:) started.
trust	UNKNOWN STEP	2026-10-07T06:02:13.4864150Z ◇ Test case passing 1 argument framesPerSecond → 10 to mp4DecodesEveryFrameWithCorrectDurationDimensionsAndVisibleGlyphs(_:) started.
trust	UNKNOWN STEP	2026-10-07T06:02:13.4864960Z ◇ Test case passing 1 argument framesPerSecond → 30 to mp4DecodesEveryFrameWithCorrectDurationDimensionsAndVisibleGlyphs(_:) started.
trust	UNKNOWN STEP	2026-10-07T06:02:13.4865770Z ✔ Test mp4DecodesEveryFrameWithCorrectDurationDimensionsAndVisibleGlyphs(_:) with 2 test cases passed after 0.696 seconds.
trust	UNKNOWN STEP	2026-10-07T06:02:13.4866370Z ◇ Test cancellationRemovesPartialAnimationAndOwnedStagingFile(_:) started.
trust	UNKNOWN STEP	2026-10-07T06:02:13.4866950Z ◇ Test case passing 1 argument format → .gif to cancellationRemovesPartialAnimationAndOwnedStagingFile(_:) started.
trust	UNKNOWN STEP	2026-10-07T06:02:13.4867620Z ◇ Test case passing 1 argument format → .mp4 to cancellationRemovesPartialAnimationAndOwnedStagingFile(_:) started.
trust	UNKNOWN STEP	2026-10-07T06:02:13.4868290Z ✔ Test cancellationRemovesPartialAnimationAndOwnedStagingFile(_:) with 2 test cases passed after 0.094 seconds.
trust	UNKNOWN STEP	2026-10-07T06:02:13.4868890Z ◇ Test existingDestinationIsPreservedAndUnsupportedGIFRateCreatesNothing() started.
trust	UNKNOWN STEP	2026-10-07T06:02:13.4869490Z ✔ Test existingDestinationIsPreservedAndUnsupportedGIFRateCreatesNothing() passed after 0.005 seconds.
trust	UNKNOWN STEP	2026-10-07T06:02:13.4869970Z ✔ Suite AnimationExportTests passed after 0.809 seconds.
trust	UNKNOWN STEP	2026-10-07T06:02:13.4870230Z ◇ Suite CubeExportTests started.
trust	UNKNOWN STEP	2026-10-07T06:02:13.4870670Z ◇ Test cubePNGAndASCIIRepresentTheSameDocumentWithDifferentImages() started.
trust	UNKNOWN STEP	2026-10-07T06:02:13.4871220Z ✔ Test cubePNGAndASCIIRepresentTheSameDocumentWithDifferentImages() passed after 0.042 seconds.
trust	UNKNOWN STEP	2026-10-07T06:02:13.4871780Z ◇ Test cubeTurntableEncodesActualGeometryFrames(_:) started.
trust	UNKNOWN STEP	2026-10-07T06:02:13.4872240Z ◇ Test case passing 1 argument format → .gif to cubeTurntableEncodesActualGeometryFrames(_:) started.
trust	UNKNOWN STEP	2026-10-07T06:02:13.4872810Z ◇ Test case passing 1 argument format → .mp4 to cubeTurntableEncodesActualGeometryFrames(_:) started.
trust	UNKNOWN STEP	2026-10-07T06:02:13.4873370Z ✔ Test cubeTurntableEncodesActualGeometryFrames(_:) with 2 test cases passed after 0.176 seconds.
trust	UNKNOWN STEP	2026-10-07T06:02:13.4873800Z ✔ Suite CubeExportTests passed after 0.219 seconds.
trust	UNKNOWN STEP	2026-10-07T06:02:13.4874060Z ◇ Suite ExampleArtifactTests started.
trust	UNKNOWN STEP	2026-10-07T06:02:13.4874400Z ◇ Test galleryManifestMatchesAllPublishedFilesAndDownloadLinks() started.
trust	UNKNOWN STEP	2026-10-07T06:02:13.4874920Z ✔ Test galleryManifestMatchesAllPublishedFilesAndDownloadLinks() passed after 0.019 seconds.
trust	UNKNOWN STEP	2026-10-07T06:02:13.4875380Z ◇ Test everyExampleHasFiveCompleteArtifacts(_:) started.
trust	UNKNOWN STEP	2026-10-07T06:02:13.4875840Z ◇ Test case passing 1 argument id → "character-orb" to everyExampleHasFiveCompleteArtifacts(_:) started.
trust	UNKNOWN STEP	2026-10-07T06:02:13.4876410Z ◇ Test case passing 1 argument id → "woven-torus" to everyExampleHasFiveCompleteArtifacts(_:) started.
trust	UNKNOWN STEP	2026-10-07T06:02:13.4876970Z ◇ Test case passing 1 argument id → "moon-gate" to everyExampleHasFiveCompleteArtifacts(_:) started.
trust	UNKNOWN STEP	2026-10-07T06:02:13.4877530Z ◇ Test case passing 1 argument id → "spiral-tower" to everyExampleHasFiveCompleteArtifacts(_:) started.
trust	UNKNOWN STEP	2026-10-07T06:02:13.4878110Z ◇ Test case passing 1 argument id → "crystal-garden" to everyExampleHasFiveCompleteArtifacts(_:) started.
trust	UNKNOWN STEP	2026-10-07T06:02:13.4878680Z ◇ Test case passing 1 argument id → "little-rocket" to everyExampleHasFiveCompleteArtifacts(_:) started.
trust	UNKNOWN STEP	2026-10-07T06:02:13.4879260Z ◇ Test case passing 1 argument id → "pixel-bonsai" to everyExampleHasFiveCompleteArtifacts(_:) started.
trust	UNKNOWN STEP	2026-10-07T06:02:13.4879830Z ◇ Test case passing 1 argument id → "orbital-rings" to everyExampleHasFiveCompleteArtifacts(_:) started.
trust	UNKNOWN STEP	2026-10-07T06:02:13.4880430Z ◇ Test case passing 1 argument id → "hill-observatory" to everyExampleHasFiveCompleteArtifacts(_:) started.
trust	UNKNOWN STEP	2026-10-07T06:02:13.4881020Z ◇ Test case passing 1 argument id → "terraced-island" to everyExampleHasFiveCompleteArtifacts(_:) started.
trust	UNKNOWN STEP	2026-10-07T06:02:13.4881590Z ◇ Test case passing 1 argument id → "canal-city" to everyExampleHasFiveCompleteArtifacts(_:) started.
trust	UNKNOWN STEP	2026-10-07T06:02:13.4882160Z ◇ Test case passing 1 argument id → "alpine-valley" to everyExampleHasFiveCompleteArtifacts(_:) started.
trust	UNKNOWN STEP	2026-10-07T06:02:13.4882760Z ◇ Test case passing 1 argument id → "wandering-cartographer" to everyExampleHasFiveCompleteArtifacts(_:) started.
trust	UNKNOWN STEP	2026-10-07T06:02:13.4883380Z ◇ Test case passing 1 argument id → "clockwork-dragon" to everyExampleHasFiveCompleteArtifacts(_:) started.
trust	UNKNOWN STEP	2026-10-07T06:02:13.4883980Z ◇ Test case passing 1 argument id → "woodland-fox" to everyExampleHasFiveCompleteArtifacts(_:) started.
trust	UNKNOWN STEP	2026-10-07T06:02:13.4884560Z ◇ Test case passing 1 argument id → "deep-sea-whale" to everyExampleHasFiveCompleteArtifacts(_:) started.
trust	UNKNOWN STEP	2026-10-07T06:02:13.4885160Z ◇ Test case passing 1 argument id → "citadel-of-arches" to everyExampleHasFiveCompleteArtifacts(_:) started.
trust	UNKNOWN STEP	2026-10-07T06:02:13.4885770Z ◇ Test case passing 1 argument id → "sky-island-village" to everyExampleHasFiveCompleteArtifacts(_:) started.
trust	UNKNOWN STEP	2026-10-07T06:02:13.4886370Z ◇ Test case passing 1 argument id → "canyon-waterfall" to everyExampleHasFiveCompleteArtifacts(_:) started.
trust	UNKNOWN STEP	2026-10-07T06:02:13.4886980Z ◇ Test case passing 1 argument id → "moonlit-harbor" to everyExampleHasFiveCompleteArtifacts(_:) started.
trust	UNKNOWN STEP	2026-10-07T06:02:13.4887600Z ◇ Test case passing 1 argument id → "grand-solar-system" to everyExampleHasFiveCompleteArtifacts(_:) started.
trust	UNKNOWN STEP	2026-10-07T06:02:13.4888270Z ✔ Test everyExampleHasFiveCompleteArtifacts(_:) with 21 test cases passed after 3.427 seconds.
trust	UNKNOWN STEP	2026-10-07T06:02:13.4888790Z ◇ Test everyPNGDecodesAtThePublishedSizeWithVisibleGeometry(_:) started.
trust	UNKNOWN STEP	2026-10-07T06:02:13.4889390Z ◇ Test case passing 1 argument id → "character-orb" to everyPNGDecodesAtThePublishedSizeWithVisibleGeometry(_:) started.
trust	UNKNOWN STEP	2026-10-07T06:02:13.4890160Z ◇ Test case passing 1 argument id → "woven-torus" to everyPNGDecodesAtThePublishedSizeWithVisibleGeometry(_:) started.
trust	UNKNOWN STEP	2026-10-07T06:02:13.4890860Z ◇ Test case passing 1 argument id → "moon-gate" to everyPNGDecodesAtThePublishedSizeWithVisibleGeometry(_:) started.
trust	UNKNOWN STEP	2026-10-07T06:02:13.4891560Z ◇ Test case passing 1 argument id → "spiral-tower" to everyPNGDecodesAtThePublishedSizeWithVisibleGeometry(_:) started.
trust	UNKNOWN STEP	2026-10-07T06:02:13.4892680Z ◇ Test case passing 1 argument id → "crystal-garden" to everyPNGDecodesAtThePublishedSizeWithVisibleGeometry(_:) started.
trust	UNKNOWN STEP	2026-10-07T06:02:13.4893680Z ◇ Test case passing 1 argument id → "little-rocket" to everyPNGDecodesAtThePublishedSizeWithVisibleGeometry(_:) started.
trust	UNKNOWN STEP	2026-10-07T06:02:13.4894420Z ◇ Test case passing 1 argument id → "pixel-bonsai" to everyPNGDecodesAtThePublishedSizeWithVisibleGeometry(_:) started.
trust	UNKNOWN STEP	2026-10-07T06:02:13.4895130Z ◇ Test case passing 1 argument id → "orbital-rings" to everyPNGDecodesAtThePublishedSizeWithVisibleGeometry(_:) started.
trust	UNKNOWN STEP	2026-10-07T06:02:13.4895840Z ◇ Test case passing 1 argument id → "hill-observatory" to everyPNGDecodesAtThePublishedSizeWithVisibleGeometry(_:) started.
trust	UNKNOWN STEP	2026-10-07T06:02:13.4896560Z ◇ Test case passing 1 argument id → "terraced-island" to everyPNGDecodesAtThePublishedSizeWithVisibleGeometry(_:) started.
trust	UNKNOWN STEP	2026-10-07T06:02:13.4897250Z ◇ Test case passing 1 argument id → "canal-city" to everyPNGDecodesAtThePublishedSizeWithVisibleGeometry(_:) started.
trust	UNKNOWN STEP	2026-10-07T06:02:13.4897940Z ◇ Test case passing 1 argument id → "alpine-valley" to everyPNGDecodesAtThePublishedSizeWithVisibleGeometry(_:) started.
trust	UNKNOWN STEP	2026-10-07T06:02:13.4898670Z ◇ Test case passing 1 argument id → "wandering-cartographer" to everyPNGDecodesAtThePublishedSizeWithVisibleGeometry(_:) started.
trust	UNKNOWN STEP	2026-10-07T06:02:13.4899410Z ◇ Test case passing 1 argument id → "clockwork-dragon" to everyPNGDecodesAtThePublishedSizeWithVisibleGeometry(_:) started.
trust	UNKNOWN STEP	2026-10-07T06:02:13.4900130Z ◇ Test case passing 1 argument id → "woodland-fox" to everyPNGDecodesAtThePublishedSizeWithVisibleGeometry(_:) started.
trust	UNKNOWN STEP	2026-10-07T06:02:13.4900830Z ◇ Test case passing 1 argument id → "deep-sea-whale" to everyPNGDecodesAtThePublishedSizeWithVisibleGeometry(_:) started.
trust	UNKNOWN STEP	2026-10-07T06:02:13.4901560Z ◇ Test case passing 1 argument id → "citadel-of-arches" to everyPNGDecodesAtThePublishedSizeWithVisibleGeometry(_:) started.
trust	UNKNOWN STEP	2026-10-07T06:02:13.4902310Z ◇ Test case passing 1 argument id → "sky-island-village" to everyPNGDecodesAtThePublishedSizeWithVisibleGeometry(_:) started.
trust	UNKNOWN STEP	2026-10-07T06:02:13.4903060Z ◇ Test case passing 1 argument id → "canyon-waterfall" to everyPNGDecodesAtThePublishedSizeWithVisibleGeometry(_:) started.
trust	UNKNOWN STEP	2026-10-07T06:02:13.4903800Z ◇ Test case passing 1 argument id → "moonlit-harbor" to everyPNGDecodesAtThePublishedSizeWithVisibleGeometry(_:) started.
trust	UNKNOWN STEP	2026-10-07T06:02:13.4904530Z ◇ Test case passing 1 argument id → "grand-solar-system" to everyPNGDecodesAtThePublishedSizeWithVisibleGeometry(_:) started.
trust	UNKNOWN STEP	2026-10-07T06:02:13.4905260Z ✔ Test everyPNGDecodesAtThePublishedSizeWithVisibleGeometry(_:) with 21 test cases passed after 1.902 seconds.
trust	UNKNOWN STEP	2026-10-07T06:02:13.4905820Z ◇ Test everyGIFLoopsForFourSecondsWithFortyTimedFrames(_:) started.
trust	UNKNOWN STEP	2026-10-07T06:02:13.4906380Z ◇ Test case passing 1 argument id → "character-orb" to everyGIFLoopsForFourSecondsWithFortyTimedFrames(_:) started.
trust	UNKNOWN STEP	2026-10-07T06:02:13.4907070Z ◇ Test case passing 1 argument id → "woven-torus" to everyGIFLoopsForFourSecondsWithFortyTimedFrames(_:) started.
trust	UNKNOWN STEP	2026-10-07T06:02:13.4908250Z ◇ Test case passing 1 argument id → "moon-gate" to everyGIFLoopsForFourSecondsWithFortyTimedFrames(_:) started.
trust	UNKNOWN STEP	2026-10-07T06:02:13.4909400Z ◇ Test case passing 1 argument id → "spiral-tower" to everyGIFLoopsForFourSecondsWithFortyTimedFrames(_:) started.
trust	UNKNOWN STEP	2026-10-07T06:02:13.4910120Z ◇ Test case passing 1 argument id → "crystal-garden" to everyGIFLoopsForFourSecondsWithFortyTimedFrames(_:) started.
trust	UNKNOWN STEP	2026-10-07T06:02:13.4911040Z ◇ Test case passing 1 argument id → "little-rocket" to everyGIFLoopsForFourSecondsWithFortyTimedFrames(_:) started.
trust	UNKNOWN STEP	2026-10-07T06:02:13.4911710Z ◇ Test case passing 1 argument id → "pixel-bonsai" to everyGIFLoopsForFourSecondsWithFortyTimedFrames(_:) started.
trust	UNKNOWN STEP	2026-10-07T06:02:13.4912390Z ◇ Test case passing 1 argument id → "orbital-rings" to everyGIFLoopsForFourSecondsWithFortyTimedFrames(_:) started.
trust	UNKNOWN STEP	2026-10-07T06:02:13.4913080Z ◇ Test case passing 1 argument id → "hill-observatory" to everyGIFLoopsForFourSecondsWithFortyTimedFrames(_:) started.
trust	UNKNOWN STEP	2026-10-07T06:02:13.4913770Z ◇ Test case passing 1 argument id → "terraced-island" to everyGIFLoopsForFourSecondsWithFortyTimedFrames(_:) started.
trust	UNKNOWN STEP	2026-10-07T06:02:13.4914450Z ◇ Test case passing 1 argument id → "canal-city" to everyGIFLoopsForFourSecondsWithFortyTimedFrames(_:) started.
trust	UNKNOWN STEP	2026-10-07T06:02:13.4915120Z ◇ Test case passing 1 argument id → "alpine-valley" to everyGIFLoopsForFourSecondsWithFortyTimedFrames(_:) started.
trust	UNKNOWN STEP	2026-10-07T06:02:13.4915850Z ◇ Test case passing 1 argument id → "wandering-cartographer" to everyGIFLoopsForFourSecondsWithFortyTimedFrames(_:) started.
trust	UNKNOWN STEP	2026-10-07T06:02:13.4916570Z ◇ Test case passing 1 argument id → "clockwork-dragon" to everyGIFLoopsForFourSecondsWithFortyTimedFrames(_:) started.
trust	UNKNOWN STEP	2026-10-07T06:02:13.4917260Z ◇ Test case passing 1 argument id → "woodland-fox" to everyGIFLoopsForFourSecondsWithFortyTimedFrames(_:) started.
trust	UNKNOWN STEP	2026-10-07T06:02:13.4917930Z ◇ Test case passing 1 argument id → "deep-sea-whale" to everyGIFLoopsForFourSecondsWithFortyTimedFrames(_:) started.
trust	UNKNOWN STEP	2026-10-07T06:02:13.4918630Z ◇ Test case passing 1 argument id → "citadel-of-arches" to everyGIFLoopsForFourSecondsWithFortyTimedFrames(_:) started.
trust	UNKNOWN STEP	2026-10-07T06:02:13.4919350Z ◇ Test case passing 1 argument id → "sky-island-village" to everyGIFLoopsForFourSecondsWithFortyTimedFrames(_:) started.
trust	UNKNOWN STEP	2026-10-07T06:02:13.4920060Z ◇ Test case passing 1 argument id → "canyon-waterfall" to everyGIFLoopsForFourSecondsWithFortyTimedFrames(_:) started.
trust	UNKNOWN STEP	2026-10-07T06:02:13.4920800Z ◇ Test case passing 1 argument id → "moonlit-harbor" to everyGIFLoopsForFourSecondsWithFortyTimedFrames(_:) started.
trust	UNKNOWN STEP	2026-10-07T06:02:13.4921530Z ◇ Test case passing 1 argument id → "grand-solar-system" to everyGIFLoopsForFourSecondsWithFortyTimedFrames(_:) started.
trust	UNKNOWN STEP	2026-10-07T06:02:13.4922230Z ✔ Test everyGIFLoopsForFourSecondsWithFortyTimedFrames(_:) with 21 test cases passed after 5.687 seconds.
trust	UNKNOWN STEP	2026-10-07T06:02:13.4922830Z ◇ Test everyMP4HasOneSilentFourSecondVideoTrackAndDecodableFrames(_:) started.
trust	UNKNOWN STEP	2026-10-07T06:02:13.4923480Z ◇ Test case passing 1 argument id → "character-orb" to everyMP4HasOneSilentFourSecondVideoTrackAndDecodableFrames(_:) started.
trust	UNKNOWN STEP	2026-10-07T06:02:13.4924260Z ◇ Test case passing 1 argument id → "woven-torus" to everyMP4HasOneSilentFourSecondVideoTrackAndDecodableFrames(_:) started.
trust	UNKNOWN STEP	2026-10-07T06:02:13.4925030Z ◇ Test case passing 1 argument id → "moon-gate" to everyMP4HasOneSilentFourSecondVideoTrackAndDecodableFrames(_:) started.
trust	UNKNOWN STEP	2026-10-07T06:02:13.4925800Z ◇ Test case passing 1 argument id → "spiral-tower" to everyMP4HasOneSilentFourSecondVideoTrackAndDecodableFrames(_:) started.
trust	UNKNOWN STEP	2026-10-07T06:02:13.4926580Z ◇ Test case passing 1 argument id → "crystal-garden" to everyMP4HasOneSilentFourSecondVideoTrackAndDecodableFrames(_:) started.
trust	UNKNOWN STEP	2026-10-07T06:02:13.4927340Z ◇ Test case passing 1 argument id → "little-rocket" to everyMP4HasOneSilentFourSecondVideoTrackAndDecodableFrames(_:) started.
trust	UNKNOWN STEP	2026-10-07T06:02:13.4928100Z ◇ Test case passing 1 argument id → "pixel-bonsai" to everyMP4HasOneSilentFourSecondVideoTrackAndDecodableFrames(_:) started.
trust	UNKNOWN STEP	2026-10-07T06:02:13.4928880Z ◇ Test case passing 1 argument id → "orbital-rings" to everyMP4HasOneSilentFourSecondVideoTrackAndDecodableFrames(_:) started.
trust	UNKNOWN STEP	2026-10-07T06:02:13.4929740Z ◇ Test case passing 1 argument id → "hill-observatory" to everyMP4HasOneSilentFourSecondVideoTrackAndDecodableFrames(_:) started.
trust	UNKNOWN STEP	2026-10-07T06:02:13.4930530Z ◇ Test case passing 1 argument id → "terraced-island" to everyMP4HasOneSilentFourSecondVideoTrackAndDecodableFrames(_:) started.
trust	UNKNOWN STEP	2026-10-07T06:02:13.4931380Z ◇ Test case passing 1 argument id → "canal-city" to everyMP4HasOneSilentFourSecondVideoTrackAndDecodableFrames(_:) started.
trust	UNKNOWN STEP	2026-10-07T06:02:13.4932160Z ◇ Test case passing 1 argument id → "alpine-valley" to everyMP4HasOneSilentFourSecondVideoTrackAndDecodableFrames(_:) started.
trust	UNKNOWN STEP	2026-10-07T06:02:13.4932960Z ◇ Test case passing 1 argument id → "wandering-cartographer" to everyMP4HasOneSilentFourSecondVideoTrackAndDecodableFrames(_:) started.
trust	UNKNOWN STEP	2026-10-07T06:02:13.4933850Z ◇ Test case passing 1 argument id → "clockwork-dragon" to everyMP4HasOneSilentFourSecondVideoTrackAndDecodableFrames(_:) started.
trust	UNKNOWN STEP	2026-10-07T06:02:13.4934640Z ◇ Test case passing 1 argument id → "woodland-fox" to everyMP4HasOneSilentFourSecondVideoTrackAndDecodableFrames(_:) started.
trust	UNKNOWN STEP	2026-10-07T06:02:13.4935410Z ◇ Test case passing 1 argument id → "deep-sea-whale" to everyMP4HasOneSilentFourSecondVideoTrackAndDecodableFrames(_:) started.
trust	UNKNOWN STEP	2026-10-07T06:02:13.4936190Z ◇ Test case passing 1 argument id → "citadel-of-arches" to everyMP4HasOneSilentFourSecondVideoTrackAndDecodableFrames(_:) started.
trust	UNKNOWN STEP	2026-10-07T06:02:13.4936980Z ◇ Test case passing 1 argument id → "sky-island-village" to everyMP4HasOneSilentFourSecondVideoTrackAndDecodableFrames(_:) started.
trust	UNKNOWN STEP	2026-10-07T06:02:13.4937770Z ◇ Test case passing 1 argument id → "canyon-waterfall" to everyMP4HasOneSilentFourSecondVideoTrackAndDecodableFrames(_:) started.
trust	UNKNOWN STEP	2026-10-07T06:02:13.4938540Z ◇ Test case passing 1 argument id → "moonlit-harbor" to everyMP4HasOneSilentFourSecondVideoTrackAndDecodableFrames(_:) started.
trust	UNKNOWN STEP	2026-10-07T06:02:13.4939320Z ◇ Test case passing 1 argument id → "grand-solar-system" to everyMP4HasOneSilentFourSecondVideoTrackAndDecodableFrames(_:) started.
trust	UNKNOWN STEP	2026-10-07T06:02:13.4940090Z ✔ Test everyMP4HasOneSilentFourSecondVideoTrackAndDecodableFrames(_:) with 21 test cases passed after 5.386 seconds.
trust	UNKNOWN STEP	2026-10-07T06:02:13.4940680Z ◇ Test everyOBJContainsBoundedOutwardFacingVoxelGeometry(_:) started.
trust	UNKNOWN STEP	2026-10-07T06:02:13.4941260Z ◇ Test case passing 1 argument id → "character-orb" to everyOBJContainsBoundedOutwardFacingVoxelGeometry(_:) started.
trust	UNKNOWN STEP	2026-10-07T06:02:13.4941940Z ◇ Test case passing 1 argument id → "woven-torus" to everyOBJContainsBoundedOutwardFacingVoxelGeometry(_:) started.
trust	UNKNOWN STEP	2026-10-07T06:02:13.4942600Z ◇ Test case passing 1 argument id → "moon-gate" to everyOBJContainsBoundedOutwardFacingVoxelGeometry(_:) started.
trust	UNKNOWN STEP	2026-10-07T06:02:13.4943320Z ◇ Test case passing 1 argument id → "spiral-tower" to everyOBJContainsBoundedOutwardFacingVoxelGeometry(_:) started.
trust	UNKNOWN STEP	2026-10-07T06:02:13.4944000Z ◇ Test case passing 1 argument id → "crystal-garden" to everyOBJContainsBoundedOutwardFacingVoxelGeometry(_:) started.
trust	UNKNOWN STEP	2026-10-07T06:02:13.4944700Z ◇ Test case passing 1 argument id → "little-rocket" to everyOBJContainsBoundedOutwardFacingVoxelGeometry(_:) started.
trust	UNKNOWN STEP	2026-10-07T06:02:13.4945390Z ◇ Test case passing 1 argument id → "pixel-bonsai" to everyOBJContainsBoundedOutwardFacingVoxelGeometry(_:) started.
trust	UNKNOWN STEP	2026-10-07T06:02:13.4946080Z ◇ Test case passing 1 argument id → "orbital-rings" to everyOBJContainsBoundedOutwardFacingVoxelGeometry(_:) started.
trust	UNKNOWN STEP	2026-10-07T06:02:13.4946790Z ◇ Test case passing 1 argument id → "hill-observatory" to everyOBJContainsBoundedOutwardFacingVoxelGeometry(_:) started.
trust	UNKNOWN STEP	2026-10-07T06:02:13.4947490Z ◇ Test case passing 1 argument id → "terraced-island" to everyOBJContainsBoundedOutwardFacingVoxelGeometry(_:) started.
trust	UNKNOWN STEP	2026-10-07T06:02:13.4948180Z ◇ Test case passing 1 argument id → "canal-city" to everyOBJContainsBoundedOutwardFacingVoxelGeometry(_:) started.
trust	UNKNOWN STEP	2026-10-07T06:02:13.4948860Z ◇ Test case passing 1 argument id → "alpine-valley" to everyOBJContainsBoundedOutwardFacingVoxelGeometry(_:) started.
trust	UNKNOWN STEP	2026-10-07T06:02:13.4949720Z ◇ Test case passing 1 argument id → "wandering-cartographer" to everyOBJContainsBoundedOutwardFacingVoxelGeometry(_:) started.
trust	UNKNOWN STEP	2026-10-07T06:02:13.4950460Z ◇ Test case passing 1 argument id → "clockwork-dragon" to everyOBJContainsBoundedOutwardFacingVoxelGeometry(_:) started.
trust	UNKNOWN STEP	2026-10-07T06:02:13.4951230Z ◇ Test case passing 1 argument id → "woodland-fox" to everyOBJContainsBoundedOutwardFacingVoxelGeometry(_:) started.
trust	UNKNOWN STEP	2026-10-07T06:02:13.4951920Z ◇ Test case passing 1 argument id → "deep-sea-whale" to everyOBJContainsBoundedOutwardFacingVoxelGeometry(_:) started.
trust	UNKNOWN STEP	2026-10-07T06:02:13.4952620Z ◇ Test case passing 1 argument id → "citadel-of-arches" to everyOBJContainsBoundedOutwardFacingVoxelGeometry(_:) started.
trust	UNKNOWN STEP	2026-10-07T06:02:13.4953340Z ◇ Test case passing 1 argument id → "sky-island-village" to everyOBJContainsBoundedOutwardFacingVoxelGeometry(_:) started.
trust	UNKNOWN STEP	2026-10-07T06:02:13.4954060Z ◇ Test case passing 1 argument id → "canyon-waterfall" to everyOBJContainsBoundedOutwardFacingVoxelGeometry(_:) started.
trust	UNKNOWN STEP	2026-10-07T06:02:13.4954760Z ◇ Test case passing 1 argument id → "moonlit-harbor" to everyOBJContainsBoundedOutwardFacingVoxelGeometry(_:) started.
trust	UNKNOWN STEP	2026-10-07T06:02:13.4955480Z ◇ Test case passing 1 argument id → "grand-solar-system" to everyOBJContainsBoundedOutwardFacingVoxelGeometry(_:) started.
trust	UNKNOWN STEP	2026-10-07T06:02:13.4956180Z ✔ Test everyOBJContainsBoundedOutwardFacingVoxelGeometry(_:) with 21 test cases passed after 15.449 seconds.
trust	UNKNOWN STEP	2026-10-07T06:02:13.4956840Z ◇ Test blockhavenManifestMatchesSelfContainedSourcesCompactVolumeAndAllDownloadLinks() started.
trust	UNKNOWN STEP	2026-10-07T06:02:13.4957550Z ✔ Test blockhavenManifestMatchesSelfContainedSourcesCompactVolumeAndAllDownloadLinks() passed after 5.300 seconds.
trust	UNKNOWN STEP	2026-10-07T06:02:13.4958260Z ◇ Test blockhavenPNGAndLoopingGIFDecodeWithVisibleChangingLandscapeAndPublishedTiming() started.
trust	UNKNOWN STEP	2026-10-07T06:02:13.4958990Z ✔ Test blockhavenPNGAndLoopingGIFDecodeWithVisibleChangingLandscapeAndPublishedTiming() passed after 0.574 seconds.
trust	UNKNOWN STEP	2026-10-07T06:02:13.4959650Z ◇ Test blockhavenVideoHasThePublishedSilentTimingAndDecodableLandscape() started.
trust	UNKNOWN STEP	2026-10-07T06:02:13.4960260Z ✔ Test blockhavenVideoHasThePublishedSilentTimingAndDecodableLandscape() passed after 0.250 seconds.
trust	UNKNOWN STEP	2026-10-07T06:02:13.4960910Z ◇ Test blockhavenOBJHasEveryExteriorFaceWithCorrectBoundsMaterialsAndOutwardWinding() started.
trust	UNKNOWN STEP	2026-10-07T06:02:13.4961630Z ✔ Test blockhavenOBJHasEveryExteriorFaceWithCorrectBoundsMaterialsAndOutwardWinding() passed after 4.638 seconds.
trust	UNKNOWN STEP	2026-10-07T06:02:13.4967780Z ✔ Suite ExampleArtifactTests passed after 42.636 seconds.
trust	UNKNOWN STEP	2026-10-07T06:02:13.4968140Z ◇ Suite PreparedVoxelProjectionTests started.
trust	UNKNOWN STEP	2026-10-07T06:02:13.4968570Z ◇ Test directExtractionPreservesAllNeighborsMaterialsBoundariesAndStableOrder() started.
trust	UNKNOWN STEP	2026-10-07T06:02:13.4969240Z ✔ Test directExtractionPreservesAllNeighborsMaterialsBoundariesAndStableOrder() passed after 0.001 seconds.
trust	UNKNOWN STEP	2026-10-07T06:02:13.4969900Z ◇ Test preparedFramesHaveExactDocumentProjectionAndPixelParityAcrossCameraPoses() started.
trust	UNKNOWN STEP	2026-10-07T06:02:13.4970590Z ✔ Test preparedFramesHaveExactDocumentProjectionAndPixelParityAcrossCameraPoses() passed after 0.132 seconds.
trust	UNKNOWN STEP	2026-10-07T06:02:13.4971220Z ◇ Test preparedEmptyAndCancelledFramesNeverPublishGhostsOrPartialPicking() started.
trust	UNKNOWN STEP	2026-10-07T06:02:13.4971850Z ✔ Test preparedEmptyAndCancelledFramesNeverPublishGhostsOrPartialPicking() passed after 0.001 seconds.
trust	UNKNOWN STEP	2026-10-07T06:02:13.4972510Z ◇ Test cubeAnimationRetainsPerFrameFallbackWhenCompleteSceneExceedsExtractionBudget() started.
trust	UNKNOWN STEP	2026-10-07T06:02:13.4973230Z ✔ Test cubeAnimationRetainsPerFrameFallbackWhenCompleteSceneExceedsExtractionBudget() passed after 13.466 seconds.
trust	UNKNOWN STEP	2026-10-07T06:02:13.4973890Z ◇ Test cubeAnimationFallbackStillRefusesAnOverBudgetFrameAndCleansItsStaging() started.
trust	UNKNOWN STEP	2026-10-07T06:02:13.4974540Z ✔ Test cubeAnimationFallbackStillRefusesAnOverBudgetFrameAndCleansItsStaging() passed after 1.178 seconds.
trust	UNKNOWN STEP	2026-10-07T06:02:13.4975080Z ✔ Suite PreparedVoxelProjectionTests passed after 14.780 seconds.
trust	UNKNOWN STEP	2026-10-07T06:02:13.4975480Z ◇ Test imageExportHasExpectedDimensionsAndDecodesAsPNG() started.
trust	UNKNOWN STEP	2026-10-07T06:02:13.4976090Z ✔ Test imageExportHasExpectedDimensionsAndDecodesAsPNG() passed after 0.008 seconds.
trust	UNKNOWN STEP	2026-10-07T06:02:13.4976520Z ◇ Test glyphRasterDiffersFromEmptyVolume() started.
trust	UNKNOWN STEP	2026-10-07T06:02:13.4976960Z ✔ Test glyphRasterDiffersFromEmptyVolume() passed after 0.010 seconds.
trust	UNKNOWN STEP	2026-10-07T06:02:13.4977370Z ◇ Test metalBackendCompletesAndWritesVisibleGlyphs() started.
trust	UNKNOWN STEP	2026-10-07T06:02:13.4977800Z ✔ Test metalBackendCompletesAndWritesVisibleGlyphs() passed after 0.044 seconds.
trust	UNKNOWN STEP	2026-10-07T06:02:13.4978200Z ◇ Suite SculptureBlockPerformanceTests started.
trust	UNKNOWN STEP	2026-10-07T06:02:13.4978540Z ◇ Test measureLargeLandscapePreparationAndCameraWork() started.
trust	UNKNOWN STEP	2026-10-07T06:02:13.4979000Z ✔ Test measureLargeLandscapePreparationAndCameraWork() passed after 0.001 seconds.
trust	UNKNOWN STEP	2026-10-07T06:02:13.4979450Z ✔ Suite SculptureBlockPerformanceTests passed after 0.001 seconds.
trust	UNKNOWN STEP	2026-10-07T06:02:13.4979770Z ◇ Suite SculptureLiveVoxelTests started.
trust	UNKNOWN STEP	2026-10-07T06:02:13.4980190Z ◇ Test gpuPickingMatchesTheExistingProjectionAtOffCenterPointsAndSeveralPoses() started.
trust	UNKNOWN STEP	2026-10-07T06:02:13.4980850Z ✔ Test gpuPickingMatchesTheExistingProjectionAtOffCenterPointsAndSeveralPoses() passed after 0.003 seconds.
trust	UNKNOWN STEP	2026-10-07T06:02:13.4981490Z ◇ Test gpuPickingChoosesTheNearestCubeOrGhostAndPreservesTheVolumeBoundary() started.
trust	UNKNOWN STEP	2026-10-07T06:02:13.4982130Z ✔ Test gpuPickingChoosesTheNearestCubeOrGhostAndPreservesTheVolumeBoundary() passed after 0.001 seconds.
trust	UNKNOWN STEP	2026-10-07T06:02:13.4982730Z ◇ Test metalSnapshotRendersRealColoredGeometryAndRetainsNativeEvidence() started.
trust	UNKNOWN STEP	2026-10-07T06:02:13.4983340Z ✔ Test metalSnapshotRendersRealColoredGeometryAndRetainsNativeEvidence() passed after 0.082 seconds.
trust	UNKNOWN STEP	2026-10-07T06:02:13.4983920Z ◇ Test cameraResizeUsesTheSameMeshAndMatchesTheReferencePickingScale() started.
trust	UNKNOWN STEP	2026-10-07T06:02:13.4984500Z ✔ Test cameraResizeUsesTheSameMeshAndMatchesTheReferencePickingScale() passed after 0.001 seconds.
trust	UNKNOWN STEP	2026-10-07T06:02:13.4985120Z ◇ Test denseGhostGridKeepsEveryPickTargetAndVisibleCubesWhenGridEdgesAreHidden() started.
trust	UNKNOWN STEP	2026-10-07T06:02:13.4985780Z ✔ Test denseGhostGridKeepsEveryPickTargetAndVisibleCubesWhenGridEdgesAreHidden() passed after 0.153 seconds.
trust	UNKNOWN STEP	2026-10-07T06:02:13.4986310Z ✔ Suite SculptureLiveVoxelTests passed after 0.242 seconds.
trust	UNKNOWN STEP	2026-10-07T06:02:13.4986620Z ◇ Suite SculptureLiveWorldTests started.
trust	UNKNOWN STEP	2026-10-07T06:02:13.4987120Z ◇ Test largeIntegerAnchorsPreserveAdjacentPositionsPickingAndSharedGeometryAcrossCameraUpdates() started.
trust	UNKNOWN STEP	2026-10-07T06:02:13.4987920Z ✔ Test largeIntegerAnchorsPreserveAdjacentPositionsPickingAndSharedGeometryAcrossCameraUpdates() passed after 0.002 seconds.
trust	UNKNOWN STEP	2026-10-07T06:02:13.4988690Z ◇ Test boundingIntersectionRotationAndDetailDistanceControlDetailedAndColoredCoarseNodes() started.
trust	UNKNOWN STEP	2026-10-07T06:02:13.4989440Z ✔ Test boundingIntersectionRotationAndDetailDistanceControlDetailedAndColoredCoarseNodes() passed after 0.001 seconds.
trust	UNKNOWN STEP	2026-10-07T06:02:13.4990170Z ◇ Test visibleCapacityAndFullFaceBudgetDegradeToBoundedSharedProxiesDeterministically() started.
trust	UNKNOWN STEP	2026-10-07T06:02:13.4990900Z ✔ Test visibleCapacityAndFullFaceBudgetDegradeToBoundedSharedProxiesDeterministically() passed after 0.058 seconds.
trust	UNKNOWN STEP	2026-10-07T06:02:13.4991570Z ◇ Test preparationSkipsUnusedDefinitionsAndRejectsAnOversizedAggregateCache() started.
trust	UNKNOWN STEP	2026-10-07T06:02:13.4992210Z ✔ Test preparationSkipsUnusedDefinitionsAndRejectsAnOversizedAggregateCache() passed after 1.641 seconds.
trust	UNKNOWN STEP	2026-10-07T06:02:13.4993470Z ◇ Test actualMetalWorldSnapshotsContainColoredDetailsSelectableCoarseModelsAndRetainedEvidence() started.
trust	UNKNOWN STEP	2026-10-07T06:02:13.4994310Z ✔ Test actualMetalWorldSnapshotsContainColoredDetailsSelectableCoarseModelsAndRetainedEvidence() passed after 0.321 seconds.
trust	UNKNOWN STEP	2026-10-07T06:02:13.4996190Z ◇ Test nestedGardenAndCourtyardKeepGlyphColorsAcrossDenseNativeEdges() started.
trust	UNKNOWN STEP	2026-10-07T06:02:13.4996810Z ✔ Test nestedGardenAndCourtyardKeepGlyphColorsAcrossDenseNativeEdges() passed after 1.463 seconds.
trust	UNKNOWN STEP	2026-10-07T06:02:13.4997280Z ✔ Suite SculptureLiveWorldTests passed after 3.488 seconds.
trust	UNKNOWN STEP	2026-10-07T06:02:13.4997590Z ◇ Suite SculptureSolarPerformanceTests started.
trust	UNKNOWN STEP	2026-10-07T06:02:13.4998150Z ◇ Test actualSolarSystemFitsTheReusableExteriorMeshBudget() started.
trust	UNKNOWN STEP	2026-10-07T06:02:13.4998640Z ✔ Test actualSolarSystemFitsTheReusableExteriorMeshBudget() passed after 0.454 seconds.
trust	UNKNOWN STEP	2026-10-07T06:02:13.4999310Z ◇ Test solarCameraAndLayerChangesRetainActualNativeGeometryBuffers() started.
trust	UNKNOWN STEP	2026-10-07T06:02:13.4999840Z ✔ Test solarCameraAndLayerChangesRetainActualNativeGeometryBuffers() passed after 0.574 seconds.
trust	UNKNOWN STEP	2026-10-07T06:02:13.5000320Z ✔ Suite SculptureSolarPerformanceTests passed after 1.029 seconds.
trust	UNKNOWN STEP	2026-10-07T06:02:13.5000660Z ◇ Suite SculptureVolumeStudyRenderingTests started.
trust	UNKNOWN STEP	2026-10-07T06:02:13.5001010Z ◇ Test smallWorldCountsAndCameraUpdatesRetainSharedMeshes() started.
trust	UNKNOWN STEP	2026-10-07T06:02:13.5001470Z ✔ Test smallWorldCountsAndCameraUpdatesRetainSharedMeshes() passed after 0.001 seconds.
trust	UNKNOWN STEP	2026-10-07T06:02:13.5001870Z ◇ Test measure1024WorldMetalRendering() started.
trust	UNKNOWN STEP	2026-10-07T06:02:13.5002190Z ✔ Test measure1024WorldMetalRendering() passed after 0.001 seconds.
trust	UNKNOWN STEP	2026-10-07T06:02:13.5002590Z ✔ Suite SculptureVolumeStudyRenderingTests passed after 0.002 seconds.
trust	UNKNOWN STEP	2026-10-07T06:02:13.5002920Z ◇ Suite SculptureVoxelMeshBuffersTests started.
trust	UNKNOWN STEP	2026-10-07T06:02:13.5003320Z ◇ Test packedBytesPreserveEveryMaterialFaceWindingAndStablePickingIndex() started.
trust	UNKNOWN STEP	2026-10-07T06:02:13.5003890Z ✔ Test packedBytesPreserveEveryMaterialFaceWindingAndStablePickingIndex() passed after 0.001 seconds.
trust	UNKNOWN STEP	2026-10-07T06:02:13.5004490Z ◇ Test ghostBuffersPreserveFilteringOrderDepthCoordinatesAndExactTargetCapacity() started.
trust	UNKNOWN STEP	2026-10-07T06:02:13.5005130Z ✔ Test ghostBuffersPreserveFilteringOrderDepthCoordinatesAndExactTargetCapacity() passed after 0.137 seconds.
trust	UNKNOWN STEP	2026-10-07T06:02:13.5005790Z ◇ Test placementChangesReuseImmutablePreparedModelsButDefinitionChangesInvalidateThem() started.
trust	UNKNOWN STEP	2026-10-07T06:02:13.5006470Z ✔ Test placementChangesReuseImmutablePreparedModelsButDefinitionChangesInvalidateThem() passed after 0.001 seconds.
trust	UNKNOWN STEP	2026-10-07T06:02:13.5007080Z ◇ Test canceledWorkersNeverPublishPartialMeshGhostsOrReusedWorldScenes() started.
trust	UNKNOWN STEP	2026-10-07T06:02:13.5007650Z ✔ Test canceledWorkersNeverPublishPartialMeshGhostsOrReusedWorldScenes() passed after 0.001 seconds.
trust	UNKNOWN STEP	2026-10-07T06:02:13.5008140Z ✔ Suite SculptureVoxelMeshBuffersTests passed after 0.139 seconds.
trust	UNKNOWN STEP	2026-10-07T06:02:13.5008470Z ◇ Suite SculpturePreparedNativeMeshTests started.
trust	UNKNOWN STEP	2026-10-07T06:02:13.5008860Z ◇ Test selectedSliceOutlineMovesToTheChosenDepthInTheActualMetalImage() started.
trust	UNKNOWN STEP	2026-10-07T06:02:13.5009420Z ✔ Test selectedSliceOutlineMovesToTheChosenDepthInTheActualMetalImage() passed after 3.061 seconds.
trust	UNKNOWN STEP	2026-10-07T06:02:13.5009990Z ◇ Test preparedCanvasRetainsPickingAndSelectedOutlineWhenDenseGridLODChanges() started.
trust	UNKNOWN STEP	2026-10-07T06:02:13.5010610Z ✔ Test preparedCanvasRetainsPickingAndSelectedOutlineWhenDenseGridLODChanges() passed after 0.307 seconds.
trust	UNKNOWN STEP	2026-10-07T06:02:13.5011200Z ◇ Test movedAndRotatedWorldInstancesKeepActualModelGeometryAndNearestPicks() started.
trust	UNKNOWN STEP	2026-10-07T06:02:13.5011800Z ✔ Test movedAndRotatedWorldInstancesKeepActualModelGeometryAndNearestPicks() passed after 0.001 seconds.
trust	UNKNOWN STEP	2026-10-07T06:02:13.5012310Z ✔ Suite SculpturePreparedNativeMeshTests passed after 3.370 seconds.
trust	UNKNOWN STEP	2026-10-07T06:02:13.5012760Z ◇ Test singleVoxelSurfaceIncludesEveryFaceAndItsEmptyNeighborInStableOrder() started.
trust	UNKNOWN STEP	2026-10-07T06:02:13.5013360Z ✔ Test singleVoxelSurfaceIncludesEveryFaceAndItsEmptyNeighborInStableOrder() passed after 0.001 seconds.
trust	UNKNOWN STEP	2026-10-07T06:02:13.5013850Z ◇ Test neighboringMaterialsOmitSharedInteriorFaces() started.
trust	UNKNOWN STEP	2026-10-07T06:02:13.5014270Z ✔ Test neighboringMaterialsOmitSharedInteriorFaces() passed after 0.001 seconds.
trust	UNKNOWN STEP	2026-10-07T06:02:13.5014720Z ◇ Test hollowVolumeRetainsCavityFacesWithoutExposingJoinedFaces() started.
trust	UNKNOWN STEP	2026-10-07T06:02:13.5015240Z ✔ Test hollowVolumeRetainsCavityFacesWithoutExposingJoinedFaces() passed after 0.001 seconds.
trust	UNKNOWN STEP	2026-10-07T06:02:13.5015740Z ◇ Test sparseFinalCellOfMaximumVolumeHasSixCorrectlyBoundedFaces() started.
trust	UNKNOWN STEP	2026-10-07T06:02:13.5016260Z ✔ Test sparseFinalCellOfMaximumVolumeHasSixCorrectlyBoundedFaces() passed after 2.155 seconds.
trust	UNKNOWN STEP	2026-10-07T06:02:13.5016900Z ◇ Test cachedOccupancySupportsBoundsAndIndependentSurfaceSnapshotsAfterEditing() started.
trust	UNKNOWN STEP	2026-10-07T06:02:13.5017540Z ✔ Test cachedOccupancySupportsBoundsAndIndependentSurfaceSnapshotsAfterEditing() passed after 0.001 seconds.
trust	UNKNOWN STEP	2026-10-07T06:02:13.5018220Z ◇ Test disconnectedSurfaceBudgetThrowsInsteadOfReturningPartialGeometry() started.
trust	UNKNOWN STEP	2026-10-07T06:02:13.5018790Z ✔ Test disconnectedSurfaceBudgetThrowsInsteadOfReturningPartialGeometry() passed after 0.211 seconds.
trust	UNKNOWN STEP	2026-10-07T06:02:13.5019280Z ◇ Test cancelledSurfaceExtractionReturnsNoPartialScene() started.
trust	UNKNOWN STEP	2026-10-07T06:02:13.5019720Z ✔ Test cancelledSurfaceExtractionReturnsNoPartialScene() passed after 0.002 seconds.
trust	UNKNOWN STEP	2026-10-07T06:02:13.5020110Z ◇ Suite "Bounded colored world silhouettes" started.
trust	UNKNOWN STEP	2026-10-07T06:02:13.5020460Z ◇ Test emptyVolumeHasNoGeometryAndSmallModelsMatchFullDetail() started.
trust	UNKNOWN STEP	2026-10-07T06:02:13.5020950Z ✔ Test emptyVolumeHasNoGeometryAndSmallModelsMatchFullDetail() passed after 0.001 seconds.
trust	UNKNOWN STEP	2026-10-07T06:02:13.5021470Z ◇ Test dominantNonemptyMaterialAndPaletteOrderTiesAreDeterministic() started.
trust	UNKNOWN STEP	2026-10-07T06:02:13.5022000Z ✔ Test dominantNonemptyMaterialAndPaletteOrderTiesAreDeterministic() passed after 0.001 seconds.
trust	UNKNOWN STEP	2026-10-07T06:02:13.5022560Z ◇ Test thinRoofTrunkAndGroundKeepARecognizableSilhouetteInsteadOfAFullBox() started.
trust	UNKNOWN STEP	2026-10-07T06:02:13.5023140Z ✔ Test thinRoofTrunkAndGroundKeepARecognizableSilhouetteInsteadOfAFullBox() passed after 0.040 seconds.
trust	UNKNOWN STEP	2026-10-07T06:02:13.5023680Z ◇ Test oddDimensionsAndPartialBinsPreserveRealExtentsAndCenter() started.
trust	UNKNOWN STEP	2026-10-07T06:02:13.5024180Z ✔ Test oddDimensionsAndPartialBinsPreserveRealExtentsAndCenter() passed after 0.003 seconds.
trust	UNKNOWN STEP	2026-10-07T06:02:13.5024690Z ◇ Test maximumStrideCountsDenseBinsWithoutOverflowOrOversizedGrid() started.
trust	UNKNOWN STEP	2026-10-07T06:02:13.5025220Z ✔ Test maximumStrideCountsDenseBinsWithoutOverflowOrOversizedGrid() passed after 0.046 seconds.
trust	UNKNOWN STEP	2026-10-07T06:02:13.5025750Z ◇ Test disconnectedCoarseGridStaysBelowTheExplicitFaceAndByteBudgets() started.
trust	UNKNOWN STEP	2026-10-07T06:02:13.5026290Z ✔ Test disconnectedCoarseGridStaysBelowTheExplicitFaceAndByteBudgets() passed after 0.028 seconds.
trust	UNKNOWN STEP	2026-10-07T06:02:13.5026760Z ◇ Test cancellationReturnsNoPartialCoarseResult() started.
trust	UNKNOWN STEP	2026-10-07T06:02:13.5027150Z ✔ Test cancellationReturnsNoPartialCoarseResult() passed after 0.008 seconds.
trust	UNKNOWN STEP	2026-10-07T06:02:13.5027570Z ✔ Suite "Bounded colored world silhouettes" passed after 0.129 seconds.
trust	UNKNOWN STEP	2026-10-07T06:02:13.5027920Z ◇ Suite SculptureWorldExplorationRenderingTests started.
trust	UNKNOWN STEP	2026-10-07T06:02:13.5028310Z ◇ Test optionalActualMetalOverviewAndLandmarkExplorationEvidence() started.
trust	UNKNOWN STEP	2026-10-07T06:02:13.5028830Z ✔ Test optionalActualMetalOverviewAndLandmarkExplorationEvidence() passed after 0.001 seconds.
trust	UNKNOWN STEP	2026-10-07T06:02:13.5029390Z ◇ Test perspectiveAndOrbitSwitchesRestoreCameraWithoutChangingWorldOrMeshes() started.
trust	UNKNOWN STEP	2026-10-07T06:02:13.5029990Z ✔ Test perspectiveAndOrbitSwitchesRestoreCameraWithoutChangingWorldOrMeshes() passed after 0.002 seconds.
trust	UNKNOWN STEP	2026-10-07T06:02:13.5030580Z ◇ Test localTravelLookAndExactIntegerRebaseRetainDetailedAndCoarseBuffers() started.
trust	UNKNOWN STEP	2026-10-07T06:02:13.5031170Z ✔ Test localTravelLookAndExactIntegerRebaseRetainDetailedAndCoarseBuffers() passed after 0.002 seconds.
trust	UNKNOWN STEP	2026-10-07T06:02:13.5031750Z ◇ Test nativePerspectiveAndOrbitPickBothColoredCoarseAndDetailedInstances() started.
trust	UNKNOWN STEP	2026-10-07T06:02:13.5032340Z ✔ Test nativePerspectiveAndOrbitPickBothColoredCoarseAndDetailedInstances() passed after 0.001 seconds.
trust	UNKNOWN STEP	2026-10-07T06:02:13.5032970Z ◇ Test realNativeKeyEventsMapHorizontalAndVerticalMovementAndReleaseWithoutClockRaces() started.
trust	UNKNOWN STEP	2026-10-07T06:02:13.5033650Z ✔ Test realNativeKeyEventsMapHorizontalAndVerticalMovementAndReleaseWithoutClockRaces() passed after 0.012 seconds.
trust	UNKNOWN STEP	2026-10-07T06:02:13.5034310Z ◇ Test nativeHeldKeysStopOnResponderLossWindowKeyLossCloseModeChangeAndDismantling() started.
trust	UNKNOWN STEP	2026-10-07T06:02:13.5034970Z ✔ Test nativeHeldKeysStopOnResponderLossWindowKeyLossCloseModeChangeAndDismantling() passed after 0.010 seconds.
trust	UNKNOWN STEP	2026-10-07T06:02:13.5035680Z ◇ Test nativeExploreDragChangesLookAndClickStillSelectsWithoutMutatingSource() started.
trust	UNKNOWN STEP	2026-10-07T06:02:13.5036300Z ✔ Test nativeExploreDragChangesLookAndClickStillSelectsWithoutMutatingSource() passed after 0.012 seconds.
trust	UNKNOWN STEP	2026-10-07T06:02:13.5036940Z ✔ Suite SculptureWorldExplorationRenderingTests passed after 0.042 seconds.
trust	UNKNOWN STEP	2026-10-07T06:02:13.5037290Z ◇ Suite SculptureWorldNavigationTests started.
trust	UNKNOWN STEP	2026-10-07T06:02:13.5037650Z ◇ Test smallMovesRetainExactAnchorsBeyondDoubleIntegerPrecision() started.
trust	UNKNOWN STEP	2026-10-07T06:02:13.5038150Z ✔ Test smallMovesRetainExactAnchorsBeyondDoubleIntegerPrecision() passed after 0.001 seconds.
trust	UNKNOWN STEP	2026-10-07T06:02:13.5038680Z ◇ Test positiveAndNegativeRebasesPreserveFractionalEyeOffsetsExactly() started.
trust	UNKNOWN STEP	2026-10-07T06:02:13.5039220Z ✔ Test positiveAndNegativeRebasesPreserveFractionalEyeOffsetsExactly() passed after 0.001 seconds.
trust	UNKNOWN STEP	2026-10-07T06:02:13.5039740Z ◇ Test diagonalsAndVerticalTravelUseTheSameCellsPerSecondSpeed() started.
trust	UNKNOWN STEP	2026-10-07T06:02:13.5040250Z ✔ Test diagonalsAndVerticalTravelUseTheSameCellsPerSecondSpeed() passed after 0.001 seconds.
trust	UNKNOWN STEP	2026-10-07T06:02:13.5040720Z ◇ Test yawRotatesFlatMovementWhilePitchOnlyChangesLook() started.
trust	UNKNOWN STEP	2026-10-07T06:02:13.5041160Z ✔ Test yawRotatesFlatMovementWhilePitchOnlyChangesLook() passed after 0.001 seconds.
trust	UNKNOWN STEP	2026-10-07T06:02:13.5041650Z ◇ Test elapsedTimeAndFastSpeedAreIndependentOfEventRepeatFrequency() started.
trust	UNKNOWN STEP	2026-10-07T06:02:13.5042190Z ✔ Test elapsedTimeAndFastSpeedAreIndependentOfEventRepeatFrequency() passed after 0.001 seconds.
trust	UNKNOWN STEP	2026-10-07T06:02:13.5042750Z ◇ Test checkedBoundariesRejectOverflowBeforeRebaseAndLeaveMovementAtomic() started.
trust	UNKNOWN STEP	2026-10-07T06:02:13.5043350Z ✔ Test checkedBoundariesRejectOverflowBeforeRebaseAndLeaveMovementAtomic() passed after 0.001 seconds.
trust	UNKNOWN STEP	2026-10-07T06:02:13.5043890Z ◇ Test invalidMovementFailsWithoutMutatingAndLookNeverInverts() started.
trust	UNKNOWN STEP	2026-10-07T06:02:13.5044400Z ✔ Test invalidMovementFailsWithoutMutatingAndLookNeverInverts() passed after 0.001 seconds.
trust	UNKNOWN STEP	2026-10-07T06:02:13.5044880Z ✔ Suite SculptureWorldNavigationTests passed after 0.001 seconds.
trust	UNKNOWN STEP	2026-10-07T06:02:13.5045180Z ◇ Suite VoxelRenderingTests started.
trust	UNKNOWN STEP	2026-10-07T06:02:13.5045620Z ◇ Test excessiveDisconnectedSurfaceReturnsAnExplicitBudgetFailureWithoutPartialPicking() started.
trust	UNKNOWN STEP	2026-10-07T06:02:13.5046320Z ✔ Test excessiveDisconnectedSurfaceReturnsAnExplicitBudgetFailureWithoutPartialPicking() passed after 1.128 seconds.
trust	UNKNOWN STEP	2026-10-07T06:02:13.5046890Z ◇ Test frontFacePickingAddsOnlyToAnEmptyInBoundsNeighbor() started.
trust	UNKNOWN STEP	2026-10-07T06:02:13.5047350Z ✔ Test frontFacePickingAddsOnlyToAnEmptyInBoundsNeighbor() passed after 0.001 seconds.
trust	UNKNOWN STEP	2026-10-07T06:02:13.5047820Z ◇ Test joinedCubesCullSharedFacesAndPickTheNearestVisibleCube() started.
trust	UNKNOWN STEP	2026-10-07T06:02:13.5048320Z ✔ Test joinedCubesCullSharedFacesAndPickTheNearestVisibleCube() passed after 0.001 seconds.
trust	UNKNOWN STEP	2026-10-07T06:02:13.5048790Z ◇ Test cameraRotationChangesThePaintableFaceAndNeighbor() started.
trust	UNKNOWN STEP	2026-10-07T06:02:13.5049250Z ✔ Test cameraRotationChangesThePaintableFaceAndNeighbor() passed after 0.001 seconds.
trust	UNKNOWN STEP	2026-10-07T06:02:13.5049770Z ◇ Test selectedEmptySliceProvidesRealPickableCellsWithoutInventingCubes() started.
trust	UNKNOWN STEP	2026-10-07T06:02:13.5050360Z ✔ Test selectedEmptySliceProvidesRealPickableCellsWithoutInventingCubes() passed after 0.001 seconds.
trust	UNKNOWN STEP	2026-10-07T06:02:13.5050840Z ◇ Test ghostGridCannotStealAnOccludedCubeHit() started.
trust	UNKNOWN STEP	2026-10-07T06:02:13.5051230Z ✔ Test ghostGridCannotStealAnOccludedCubeHit() passed after 0.001 seconds.
trust	UNKNOWN STEP	2026-10-07T06:02:13.5051640Z ◇ Test fullSizeSolidVolumeExposesOnlyItsOuterSurface() started.
trust	UNKNOWN STEP	2026-10-07T06:02:13.5052080Z ✔ Test fullSizeSolidVolumeExposesOnlyItsOuterSurface() passed after 0.525 seconds.
trust	UNKNOWN STEP	2026-10-07T06:02:13.5052590Z ◇ Test rasterOutputHasGenuineTranslucentFacesAndOptionalClearBackground() started.
trust	UNKNOWN STEP	2026-10-07T06:02:13.5053210Z ✔ Test rasterOutputHasGenuineTranslucentFacesAndOptionalClearBackground() passed after 0.001 seconds.
trust	UNKNOWN STEP	2026-10-07T06:02:13.5053830Z ◇ Test projectionRejectsInvalidHitCoordinatesAndNormalizesNonfiniteCamera() started.
trust	UNKNOWN STEP	2026-10-07T06:02:13.5054540Z ✔ Test projectionRejectsInvalidHitCoordinatesAndNormalizesNonfiniteCamera() passed after 0.001 seconds.
trust	UNKNOWN STEP	2026-10-07T06:02:13.5055090Z ◇ Test cancelledRenderDoesNotPublishPartialGeometryOrImage() started.
trust	UNKNOWN STEP	2026-10-07T06:02:13.5055650Z ✔ Test cancelledRenderDoesNotPublishPartialGeometryOrImage() passed after 0.001 seconds.
trust	UNKNOWN STEP	2026-10-07T06:02:13.5056080Z ✔ Suite VoxelRenderingTests passed after 1.656 seconds.
trust	UNKNOWN STEP	2026-10-07T06:02:13.5056440Z ◇ Test singleVoxelOBJHasClosedOutwardSurfaceAndCenteredBounds() started.
trust	UNKNOWN STEP	2026-10-07T06:02:13.5056950Z ✔ Test singleVoxelOBJHasClosedOutwardSurfaceAndCenteredBounds() passed after 0.001 seconds.
trust	UNKNOWN STEP	2026-10-07T06:02:13.5057440Z ◇ Test neighboringGlyphsShareVerticesAndOmitTheirInternalFaces() started.
trust	UNKNOWN STEP	2026-10-07T06:02:13.5057960Z ✔ Test neighboringGlyphsShareVerticesAndOmitTheirInternalFaces() passed after 0.001 seconds.
trust	UNKNOWN STEP	2026-10-07T06:02:13.5058420Z ◇ Test hollowVoxelMeshPreservesTheInteriorSurface() started.
trust	UNKNOWN STEP	2026-10-07T06:02:13.5058850Z ✔ Test hollowVoxelMeshPreservesTheInteriorSurface() passed after 0.002 seconds.
trust	UNKNOWN STEP	2026-10-07T06:02:13.5059240Z ◇ Test emptyOBJContainsNoInventedGeometry() started.
trust	UNKNOWN STEP	2026-10-07T06:02:13.5059610Z ✔ Test emptyOBJContainsNoInventedGeometry() passed after 0.001 seconds.
trust	UNKNOWN STEP	2026-10-07T06:02:13.5060010Z ◇ Test orbOBJIsClosedAndCanBeRetainedAsExportEvidence() started.
trust	UNKNOWN STEP	2026-10-07T06:02:13.5060460Z ✔ Test orbOBJIsClosedAndCanBeRetainedAsExportEvidence() passed after 0.068 seconds.
trust	UNKNOWN STEP	2026-10-07T06:02:13.5060950Z ◇ Test sixtyFourSolidVolumeExportsItsSurfaceRatherThanEveryCube() started.
trust	UNKNOWN STEP	2026-10-07T06:02:13.5061470Z ✔ Test sixtyFourSolidVolumeExportsItsSurfaceRatherThanEveryCube() passed after 1.947 seconds.
trust	UNKNOWN STEP	2026-10-07T06:02:13.5062000Z ◇ Test highCoordinatesExportAClosedSurfaceWithCorrectCenteredBounds() started.
trust	UNKNOWN STEP	2026-10-07T06:02:13.5062540Z ✔ Test highCoordinatesExportAClosedSurfaceWithCorrectCenteredBounds() passed after 0.035 seconds.
trust	UNKNOWN STEP	2026-10-07T06:02:13.5063050Z ◇ Test isolatedCubeVolumeFailsBeforeAllocatingAnUnboundedMesh() started.
trust	UNKNOWN STEP	2026-10-07T06:02:13.5063540Z ✔ Test isolatedCubeVolumeFailsBeforeAllocatingAnUnboundedMesh() passed after 0.175 seconds.
trust	UNKNOWN STEP	2026-10-07T06:02:13.5064000Z ◇ Test cancelledOBJExportDoesNotReturnAPartialMesh() started.
trust	UNKNOWN STEP	2026-10-07T06:02:13.5064420Z ✔ Test cancelledOBJExportDoesNotReturnAPartialMesh() passed after 0.001 seconds.
trust	UNKNOWN STEP	2026-10-07T06:02:13.5064900Z ◇ Test compactRoundTripPreservesEveryGlyphRectangularDimensionsAndTitle() started.
trust	UNKNOWN STEP	2026-10-07T06:02:13.5065470Z ✔ Test compactRoundTripPreservesEveryGlyphRectangularDimensionsAndTitle() passed after 0.001 seconds.
trust	UNKNOWN STEP	2026-10-07T06:02:13.5066040Z ◇ Test documentCodecAutodetectsFormatsAndLeavesReadableEncodingUnchanged() started.
trust	UNKNOWN STEP	2026-10-07T06:02:13.5066610Z ✔ Test documentCodecAutodetectsFormatsAndLeavesReadableEncodingUnchanged() passed after 0.004 seconds.
trust	UNKNOWN STEP	2026-10-07T06:02:13.5067190Z ◇ Test compactMaximumFilledVolumeRoundTripsWithExactDimensionsAndOccupancy() started.
trust	UNKNOWN STEP	2026-10-07T06:02:13.5067800Z ✔ Test compactMaximumFilledVolumeRoundTripsWithExactDimensionsAndOccupancy() passed after 9.829 seconds.
trust	UNKNOWN STEP	2026-10-07T06:02:13.5068340Z ◇ Test sparseCompactStorageIsSubstantiallySmallerThanRawVoxels() started.
trust	UNKNOWN STEP	2026-10-07T06:02:13.5068850Z ✔ Test sparseCompactStorageIsSubstantiallySmallerThanRawVoxels() passed after 0.072 seconds.
trust	UNKNOWN STEP	2026-10-07T06:02:13.5069330Z ◇ Test compactRejectsEmptyIncompleteAndCorruptedHeaders() started.
trust	UNKNOWN STEP	2026-10-07T06:02:13.5069780Z ✔ Test compactRejectsEmptyIncompleteAndCorruptedHeaders() passed after 0.001 seconds.
trust	UNKNOWN STEP	2026-10-07T06:02:13.5070290Z ◇ Test compactBoundsDimensionsTitleAndDeclaredCountsBeforeDecompression() started.
trust	UNKNOWN STEP	2026-10-07T06:02:13.5070870Z ✔ Test compactBoundsDimensionsTitleAndDeclaredCountsBeforeDecompression() passed after 0.005 seconds.
trust	UNKNOWN STEP	2026-10-07T06:02:13.5071380Z ◇ Test compactChecksumProtectsBothMetadataAndVoxelContent() started.
trust	UNKNOWN STEP	2026-10-07T06:02:13.5071850Z ✔ Test compactChecksumProtectsBothMetadataAndVoxelContent() passed after 0.001 seconds.
trust	UNKNOWN STEP	2026-10-07T06:02:13.5072510Z ◇ Test compactRejectsTruncationTrailingBytesAndConcatenatedStreamsEvenWithCorrectChecksums() started.
trust	UNKNOWN STEP	2026-10-07T06:02:13.5073240Z ✔ Test compactRejectsTruncationTrailingBytesAndConcatenatedStreamsEvenWithCorrectChecksums() passed after 0.001 seconds.
trust	UNKNOWN STEP	2026-10-07T06:02:13.5074080Z ◇ Test compactRejectsConcatenationAfterDrainingFourBufferedOutputChunks() started.
trust	UNKNOWN STEP	2026-10-07T06:02:13.5074650Z ✔ Test compactRejectsConcatenationAfterDrainingFourBufferedOutputChunks() passed after 0.035 seconds.
trust	UNKNOWN STEP	2026-10-07T06:02:13.5075260Z ◇ Test compactDecompressionRejectsExpansionBeyondTheDeclaredVolumeAndShortOutput() started.
trust	UNKNOWN STEP	2026-10-07T06:02:13.5075900Z ✔ Test compactDecompressionRejectsExpansionBeyondTheDeclaredVolumeAndShortOutput() passed after 0.001 seconds.
trust	UNKNOWN STEP	2026-10-07T06:02:13.5076520Z ◇ Test malformedCompressedStreamsFailWithoutUnboundedOutputOrNoProgressLoops() started.
trust	UNKNOWN STEP	2026-10-07T06:02:13.5077130Z ✔ Test malformedCompressedStreamsFailWithoutUnboundedOutputOrNoProgressLoops() passed after 0.002 seconds.
trust	UNKNOWN STEP	2026-10-07T06:02:13.5077690Z ◇ Test compactCodecCancellationDoesNotReturnPartialData(operation:) started.
trust	UNKNOWN STEP	2026-10-07T06:02:13.5078290Z ◇ Test case passing 1 argument operation → "encode" to compactCodecCancellationDoesNotReturnPartialData(operation:) started.
trust	UNKNOWN STEP	2026-10-07T06:02:13.5079010Z ◇ Test case passing 1 argument operation → "decode" to compactCodecCancellationDoesNotReturnPartialData(operation:) started.
trust	UNKNOWN STEP	2026-10-07T06:02:13.5079690Z ✔ Test compactCodecCancellationDoesNotReturnPartialData(operation:) with 2 test cases passed after 0.002 seconds.
trust	UNKNOWN STEP	2026-10-07T06:02:13.5080160Z ◇ Suite SculptureBlockWorldExamplesTests started.
trust	UNKNOWN STEP	2026-10-07T06:02:13.5080540Z ◇ Test chunkLibraryIsDeterministicAndExpandsToTheCompleteLandscape() started.
trust	UNKNOWN STEP	2026-10-07T06:02:13.5081080Z ✔ Test chunkLibraryIsDeterministicAndExpandsToTheCompleteLandscape() passed after 3.688 seconds.
trust	UNKNOWN STEP	2026-10-07T06:02:13.5081650Z ◇ Test adjacentChunksHaveContinuousGroundAndAConnectedRiverAcrossEveryDepthSeam() started.
trust	UNKNOWN STEP	2026-10-07T06:02:13.5082290Z ✔ Test adjacentChunksHaveContinuousGroundAndAConnectedRiverAcrossEveryDepthSeam() passed after 0.002 seconds.
trust	UNKNOWN STEP	2026-10-07T06:02:13.5082910Z ◇ Test landscapeHasDeepHillsWaterBanksCavesAndThreeDistinctTreeSilhouettes() started.
trust	UNKNOWN STEP	2026-10-07T06:02:13.5083510Z ✔ Test landscapeHasDeepHillsWaterBanksCavesAndThreeDistinctTreeSilhouettes() passed after 0.293 seconds.
trust	UNKNOWN STEP	2026-10-07T06:02:13.5084090Z ◇ Test villageAndLandmarksHaveUsableInteriorsDoorsWindowsCropsAndRoofs() started.
trust	UNKNOWN STEP	2026-10-07T06:02:13.5084650Z ✔ Test villageAndLandmarksHaveUsableInteriorsDoorsWindowsCropsAndRoofs() passed after 0.001 seconds.
trust	UNKNOWN STEP	2026-10-07T06:02:13.5085250Z ◇ Test sparsePlacementsUseExactlyAlignedChunkModelsAndStayWithinGeometryBudgets() started.
trust	UNKNOWN STEP	2026-10-07T06:02:13.5085890Z ✔ Test sparsePlacementsUseExactlyAlignedChunkModelsAndStayWithinGeometryBudgets() passed after 2.820 seconds.
trust	UNKNOWN STEP	2026-10-07T06:02:13.5086490Z ◇ Test canceledGenerationThrowsInsteadOfReturningAPartialLibraryOrWorld() started.
trust	UNKNOWN STEP	2026-10-07T06:02:13.5087080Z ✔ Test canceledGenerationThrowsInsteadOfReturningAPartialLibraryOrWorld() passed after 0.001 seconds.
trust	UNKNOWN STEP	2026-10-07T06:02:13.5087590Z ✔ Suite SculptureBlockWorldExamplesTests passed after 6.805 seconds.
trust	UNKNOWN STEP	2026-10-07T06:02:13.5087980Z ◇ Test commandsEncodeAsFlatTaggedObjectsAndRoundTrip() started.
trust	UNKNOWN STEP	2026-10-07T06:02:13.5088420Z ✔ Test commandsEncodeAsFlatTaggedObjectsAndRoundTrip() passed after 0.001 seconds.
trust	UNKNOWN STEP	2026-10-07T06:02:13.5088930Z ◇ Test strictCommandDecodingRejectsUnknownIrrelevantMissingAndWrongFields() started.
trust	UNKNOWN STEP	2026-10-07T06:02:13.5089530Z ✔ Test strictCommandDecodingRejectsUnknownIrrelevantMissingAndWrongFields() passed after 0.002 seconds.
trust	UNKNOWN STEP	2026-10-07T06:02:13.5090040Z ◇ Test batchVersionAndCommandCountAreRequiredAndBounded() started.
trust	UNKNOWN STEP	2026-10-07T06:02:13.5090500Z ✔ Test batchVersionAndCommandCountAreRequiredAndBounded() passed after 0.001 seconds.
trust	UNKNOWN STEP	2026-10-07T06:02:13.5090980Z ◇ Test paintEraseAndEmptyGlyphUseExactValidatedCoordinates() started.
trust	UNKNOWN STEP	2026-10-07T06:02:13.5091450Z ✔ Test paintEraseAndEmptyGlyphUseExactValidatedCoordinates() passed after 0.001 seconds.
trust	UNKNOWN STEP	2026-10-07T06:02:13.5092030Z ◇ Test invalidCellsAndGlyphsThrowRatherThanSilentlyIgnoreOrFallback() started.
trust	UNKNOWN STEP	2026-10-07T06:02:13.5092580Z ✔ Test invalidCellsAndGlyphsThrowRatherThanSilentlyIgnoreOrFallback() passed after 0.001 seconds.
trust	UNKNOWN STEP	2026-10-07T06:02:13.5093680Z ◇ Test fillVisitsOnlyFourConnectedMatchingCellsOnItsOwnSlice() started.
trust	UNKNOWN STEP	2026-10-07T06:02:13.5094280Z ✔ Test fillVisitsOnlyFourConnectedMatchingCellsOnItsOwnSlice() passed after 0.001 seconds.
trust	UNKNOWN STEP	2026-10-07T06:02:13.5094980Z ◇ Test fillCanPaintOrEraseEmptyRegionsWithoutCrossingABarrier() started.
trust	UNKNOWN STEP	2026-10-07T06:02:13.5095520Z ✔ Test fillCanPaintOrEraseEmptyRegionsWithoutCrossingABarrier() passed after 0.001 seconds.
trust	UNKNOWN STEP	2026-10-07T06:02:13.5096050Z ◇ Test clearingOneSliceLeavesOtherLayersAndTitleIntact() started.
trust	UNKNOWN STEP	2026-10-07T06:02:13.5096520Z ✔ Test clearingOneSliceLeavesOtherLayersAndTitleIntact() passed after 0.001 seconds.
trust	UNKNOWN STEP	2026-10-07T06:02:13.5097020Z ◇ Test rotationIsClockwiseBoundedAndRejectsRectangularSlices() started.
trust	UNKNOWN STEP	2026-10-07T06:02:13.5097570Z ✔ Test rotationIsClockwiseBoundedAndRejectsRectangularSlices() passed after 0.001 seconds.
trust	UNKNOWN STEP	2026-10-07T06:02:13.5098060Z ◇ Test renamePreservesGeometryAndRejectsInvalidTitles() started.
trust	UNKNOWN STEP	2026-10-07T06:02:13.5098660Z ✔ Test renamePreservesGeometryAndRejectsInvalidTitles() passed after 0.001 seconds.
trust	UNKNOWN STEP	2026-10-07T06:02:13.5099240Z ◇ Test batchesApplyInOrderAndFailAtomicallyWithoutChangingTheirSource() started.
trust	UNKNOWN STEP	2026-10-07T06:02:13.5099840Z ✔ Test batchesApplyInOrderAndFailAtomicallyWithoutChangingTheirSource() passed after 0.001 seconds.
trust	UNKNOWN STEP	2026-10-07T06:02:13.5100430Z ◇ Test inspectionIsCodableAndDescribesTheDocumentCoordinateSystem() started.
trust	UNKNOWN STEP	2026-10-07T06:02:13.5101200Z ✔ Test inspectionIsCodableAndDescribesTheDocumentCoordinateSystem() passed after 0.002 seconds.
trust	UNKNOWN STEP	2026-10-07T06:02:13.5107910Z ◇ Test complexCatalogAddsCharactersCreaturesArchitectureAndWorlds() started.
trust	UNKNOWN STEP	2026-10-07T06:02:13.5108490Z ✔ Test complexCatalogAddsCharactersCreaturesArchitectureAndWorlds() passed after 0.001 seconds.
trust	UNKNOWN STEP	2026-10-07T06:02:13.5109060Z ◇ Test largeExamplesStayEditableAndBoundedForMeshAndMediaExport(id:) started.
trust	UNKNOWN STEP	2026-10-07T06:02:13.5109780Z ◇ Test case passing 1 argument id → "wandering-cartographer" to largeExamplesStayEditableAndBoundedForMeshAndMediaExport(id:) started.
trust	UNKNOWN STEP	2026-10-07T06:02:13.5110980Z ◇ Test case passing 1 argument id → "clockwork-dragon" to largeExamplesStayEditableAndBoundedForMeshAndMediaExport(id:) started.
trust	UNKNOWN STEP	2026-10-07T06:02:13.5111800Z ◇ Test case passing 1 argument id → "woodland-fox" to largeExamplesStayEditableAndBoundedForMeshAndMediaExport(id:) started.
trust	UNKNOWN STEP	2026-10-07T06:02:13.5112550Z ◇ Test case passing 1 argument id → "deep-sea-whale" to largeExamplesStayEditableAndBoundedForMeshAndMediaExport(id:) started.
trust	UNKNOWN STEP	2026-10-07T06:02:13.5113330Z ◇ Test case passing 1 argument id → "citadel-of-arches" to largeExamplesStayEditableAndBoundedForMeshAndMediaExport(id:) started.
trust	UNKNOWN STEP	2026-10-07T06:02:13.5114120Z ◇ Test case passing 1 argument id → "sky-island-village" to largeExamplesStayEditableAndBoundedForMeshAndMediaExport(id:) started.
trust	UNKNOWN STEP	2026-10-07T06:02:13.5115490Z ◇ Test case passing 1 argument id → "canyon-waterfall" to largeExamplesStayEditableAndBoundedForMeshAndMediaExport(id:) started.
trust	UNKNOWN STEP	2026-10-07T06:02:13.5116280Z ◇ Test case passing 1 argument id → "moonlit-harbor" to largeExamplesStayEditableAndBoundedForMeshAndMediaExport(id:) started.
trust	UNKNOWN STEP	2026-10-07T06:02:13.5117210Z ✔ Test largeExamplesStayEditableAndBoundedForMeshAndMediaExport(id:) with 8 test cases passed after 1.105 seconds.
trust	UNKNOWN STEP	2026-10-07T06:02:13.5117780Z ◇ Test cartographerHasFaceMapStaffAndSeparatedLegs() started.
trust	UNKNOWN STEP	2026-10-07T06:02:13.5118230Z ✔ Test cartographerHasFaceMapStaffAndSeparatedLegs() passed after 0.001 seconds.
trust	UNKNOWN STEP	2026-10-07T06:02:13.5118680Z ◇ Test dragonHasMirroredRaisedWingsHornsAndAnOpenJaw() started.
trust	UNKNOWN STEP	2026-10-07T06:02:13.5119130Z ✔ Test dragonHasMirroredRaisedWingsHornsAndAnOpenJaw() passed after 0.001 seconds.
trust	UNKNOWN STEP	2026-10-07T06:02:13.5119590Z ◇ Test foxHasTwoEarTipsLongMuzzleAndSeparatedFrontPaws() started.
trust	UNKNOWN STEP	2026-10-07T06:02:13.5120060Z ✔ Test foxHasTwoEarTipsLongMuzzleAndSeparatedFrontPaws() passed after 0.001 seconds.
trust	UNKNOWN STEP	2026-10-07T06:02:13.5120560Z ◇ Test whaleHasWideNotchedFlukeFlippersAndBranchingSpout() started.
trust	UNKNOWN STEP	2026-10-07T06:02:13.5121050Z ✔ Test whaleHasWideNotchedFlukeFlippersAndBranchingSpout() passed after 0.001 seconds.
trust	UNKNOWN STEP	2026-10-07T06:02:13.5121550Z ◇ Test citadelHasTraversableGateCourtyardAndHollowTowerRooms() started.
trust	UNKNOWN STEP	2026-10-07T06:02:13.5122060Z ✔ Test citadelHasTraversableGateCourtyardAndHollowTowerRooms() passed after 0.001 seconds.
trust	UNKNOWN STEP	2026-10-07T06:02:13.5122590Z ◇ Test skyVillageHasSuspendedTerrainBridgesAndWindmillAboveHomes() started.
trust	UNKNOWN STEP	2026-10-07T06:02:13.5123150Z ✔ Test skyVillageHasSuspendedTerrainBridgesAndWindmillAboveHomes() passed after 0.001 seconds.
trust	UNKNOWN STEP	2026-10-07T06:02:13.5123630Z ◇ Test canyonHasFlowingWaterOpenArchAndCarvedCave() started.
trust	UNKNOWN STEP	2026-10-07T06:02:13.5124070Z ✔ Test canyonHasFlowingWaterOpenArchAndCarvedCave() passed after 0.001 seconds.
trust	UNKNOWN STEP	2026-10-07T06:02:13.5124540Z ◇ Test harborHasSailsLightedLanternOpenHomesAndCrescentMoon() started.
trust	UNKNOWN STEP	2026-10-07T06:02:13.5125050Z ✔ Test harborHasSailsLightedLanternOpenHomesAndCrescentMoon() passed after 0.001 seconds.
trust	UNKNOWN STEP	2026-10-07T06:02:13.5125450Z ◇ Suite "Composition example" started.
trust	UNKNOWN STEP	2026-10-07T06:02:13.5125740Z ◇ Test startersAreBoundedAndIndependent() started.
trust	UNKNOWN STEP	2026-10-07T06:02:13.5126110Z ✔ Test startersAreBoundedAndIndependent() passed after 0.001 seconds.
trust	UNKNOWN STEP	2026-10-07T06:02:13.5126540Z ◇ Test repeatedNestedReferencesRoundTripAndExpandExactly() started.
trust	UNKNOWN STEP	2026-10-07T06:02:13.5127020Z ✔ Test repeatedNestedReferencesRoundTripAndExpandExactly() passed after 0.212 seconds.
trust	UNKNOWN STEP	2026-10-07T06:02:13.5127590Z ◇ Test sparseWorldExamplePreservesTrillionCellDistancesWithoutDenseAllocation() started.
trust	UNKNOWN STEP	2026-10-07T06:02:13.5128260Z ✔ Test sparseWorldExamplePreservesTrillionCellDistancesWithoutDenseAllocation() passed after 0.020 seconds.
trust	UNKNOWN STEP	2026-10-07T06:02:13.5128770Z ✔ Suite "Composition example" passed after 0.233 seconds.
trust	UNKNOWN STEP	2026-10-07T06:02:13.5129070Z ◇ Suite SculptureCompositionTests started.
trust	UNKNOWN STEP	2026-10-07T06:02:13.5129460Z ◇ Test tileBlocksPreserveDepthPaddingAndAllFourRectangularRotations() started.
trust	UNKNOWN STEP	2026-10-07T06:02:13.5130040Z ✔ Test tileBlocksPreserveDepthPaddingAndAllFourRectangularRotations() passed after 0.001 seconds.
trust	UNKNOWN STEP	2026-10-07T06:02:13.5130630Z ◇ Test nestedModelsResolveByGlobalIDAndPeriodsReserveEmptyBlocks() started.
trust	UNKNOWN STEP	2026-10-07T06:02:13.5131200Z ✔ Test nestedModelsResolveByGlobalIDAndPeriodsReserveEmptyBlocks() passed after 0.001 seconds.
trust	UNKNOWN STEP	2026-10-07T06:02:13.5132680Z ◇ Test validationRejectsUnusedMissingReferencesAndCycles() started.
trust	UNKNOWN STEP	2026-10-07T06:02:13.5133210Z ✔ Test validationRejectsUnusedMissingReferencesAndCycles() passed after 0.001 seconds.
trust	UNKNOWN STEP	2026-10-07T06:02:13.5133700Z ◇ Test invalidBindingsGridsIDsAndRootAreExplicitFailures() started.
trust	UNKNOWN STEP	2026-10-07T06:02:13.5134190Z ✔ Test invalidBindingsGridsIDsAndRootAreExplicitFailures() passed after 0.001 seconds.
trust	UNKNOWN STEP	2026-10-07T06:02:13.5134670Z ◇ Test dimensionsAndRotatedChildFitNeverCropOrOverflow() started.
trust	UNKNOWN STEP	2026-10-07T06:02:13.5135140Z ✔ Test dimensionsAndRotatedChildFitNeverCropOrOverflow() passed after 0.001 seconds.
trust	UNKNOWN STEP	2026-10-07T06:02:13.5135970Z ◇ Test modelAndDependencyDepthLimitsHaveAcceptedBoundaryCases() started.
trust	UNKNOWN STEP	2026-10-07T06:02:13.5136510Z ✔ Test modelAndDependencyDepthLimitsHaveAcceptedBoundaryCases() passed after 0.001 seconds.
trust	UNKNOWN STEP	2026-10-07T06:02:13.5137190Z ◇ Test recursivePlacementLimitIncludesRepeatedNestedOccurrences() started.
trust	UNKNOWN STEP	2026-10-07T06:02:13.5137750Z ✔ Test recursivePlacementLimitIncludesRepeatedNestedOccurrences() passed after 0.104 seconds.
trust	UNKNOWN STEP	2026-10-07T06:02:13.5138320Z ◇ Test resolvedVolumeBudgetCountsDistinctUnusedModelsBeforeExpansion() started.
trust	UNKNOWN STEP	2026-10-07T06:02:13.5138920Z ✔ Test resolvedVolumeBudgetCountsDistinctUnusedModelsBeforeExpansion() passed after 2.153 seconds.
trust	UNKNOWN STEP	2026-10-07T06:02:13.5139450Z ◇ Test canonicalCodecPreservesTheGraphAndExpandedResult() started.
trust	UNKNOWN STEP	2026-10-07T06:02:13.5139950Z ✔ Test canonicalCodecPreservesTheGraphAndExpandedResult() passed after 0.001 seconds.
trust	UNKNOWN STEP	2026-10-07T06:02:13.5140510Z ◇ Test fenceLookingRowsAndDirectiveLookingCharactersRoundTripExactly() started.
trust	UNKNOWN STEP	2026-10-07T06:02:13.5141110Z ✔ Test fenceLookingRowsAndDirectiveLookingCharactersRoundTripExactly() passed after 0.001 seconds.
trust	UNKNOWN STEP	2026-10-07T06:02:13.5141710Z ◇ Test unknownAndOverwrittenMetadataPlaneAttributesAndBindingAliasesFail() started.
trust	UNKNOWN STEP	2026-10-07T06:02:13.5142340Z ✔ Test unknownAndOverwrittenMetadataPlaneAttributesAndBindingAliasesFail() passed after 0.001 seconds.
trust	UNKNOWN STEP	2026-10-07T06:02:13.5142980Z ◇ Test libraryRejectsUnknownKeysDuplicateKeysDuplicateIDsAndNestedLibraries() started.
trust	UNKNOWN STEP	2026-10-07T06:02:13.5143640Z ✔ Test libraryRejectsUnknownKeysDuplicateKeysDuplicateIDsAndNestedLibraries() passed after 0.001 seconds.
trust	UNKNOWN STEP	2026-10-07T06:02:13.5144250Z ◇ Test decoderBoundsPhysicalLinesBytesJSONDepthAndDirectiveAllocations() started.
trust	UNKNOWN STEP	2026-10-07T06:02:13.5144890Z ✔ Test decoderBoundsPhysicalLinesBytesJSONDepthAndDirectiveAllocations() passed after 0.077 seconds.
trust	UNKNOWN STEP	2026-10-07T06:02:13.5145520Z ◇ Test nativeEncodingSharesTheDecodeLineBudgetSoEveryAcceptedSaveReopens() started.
trust	UNKNOWN STEP	2026-10-07T06:02:13.5146140Z ✔ Test nativeEncodingSharesTheDecodeLineBudgetSoEveryAcceptedSaveReopens() passed after 0.997 seconds.
trust	UNKNOWN STEP	2026-10-07T06:02:13.5146780Z ◇ Test cancellationRejectsEncodingDecodingAndExpansionWithoutPartialOutput() started.
trust	UNKNOWN STEP	2026-10-07T06:02:13.5147430Z ✔ Test cancellationRejectsEncodingDecodingAndExpansionWithoutPartialOutput() passed after 0.001 seconds.
trust	UNKNOWN STEP	2026-10-07T06:02:13.5147990Z ✔ Suite SculptureCompositionTests passed after 3.341 seconds.
trust	UNKNOWN STEP	2026-10-07T06:02:13.5148420Z ◇ Test exampleCatalogOffersDistinctSculpturesAndSpatialMaps() started.
trust	UNKNOWN STEP	2026-10-07T06:02:13.5148930Z ✔ Test exampleCatalogOffersDistinctSculpturesAndSpatialMaps() passed after 0.039 seconds.
trust	UNKNOWN STEP	2026-10-07T06:02:13.5149480Z ◇ Test eachExampleBuiltAloneEqualsTheCatalogElementAndBuildsNothingElse() started.
trust	UNKNOWN STEP	2026-10-07T06:02:13.5150110Z ✔ Test eachExampleBuiltAloneEqualsTheCatalogElementAndBuildsNothingElse() passed after 3.451 seconds.
trust	UNKNOWN STEP	2026-10-07T06:02:13.5150640Z ◇ Test everyExampleOpensThroughTheRealThreeMDCodec(id:) started.
trust	UNKNOWN STEP	2026-10-07T06:02:13.5151220Z ◇ Test case passing 1 argument id → "character-orb" to everyExampleOpensThroughTheRealThreeMDCodec(id:) started.
trust	UNKNOWN STEP	2026-10-07T06:02:13.5151890Z ◇ Test case passing 1 argument id → "woven-torus" to everyExampleOpensThroughTheRealThreeMDCodec(id:) started.
trust	UNKNOWN STEP	2026-10-07T06:02:13.5152540Z ◇ Test case passing 1 argument id → "moon-gate" to everyExampleOpensThroughTheRealThreeMDCodec(id:) started.
trust	UNKNOWN STEP	2026-10-07T06:02:13.5153220Z ◇ Test case passing 1 argument id → "spiral-tower" to everyExampleOpensThroughTheRealThreeMDCodec(id:) started.
trust	UNKNOWN STEP	2026-10-07T06:02:13.5153880Z ◇ Test case passing 1 argument id → "crystal-garden" to everyExampleOpensThroughTheRealThreeMDCodec(id:) started.
trust	UNKNOWN STEP	2026-10-07T06:02:13.5154540Z ◇ Test case passing 1 argument id → "little-rocket" to everyExampleOpensThroughTheRealThreeMDCodec(id:) started.
trust	UNKNOWN STEP	2026-10-07T06:02:13.5155230Z ◇ Test case passing 1 argument id → "pixel-bonsai" to everyExampleOpensThroughTheRealThreeMDCodec(id:) started.
trust	UNKNOWN STEP	2026-10-07T06:02:13.5155920Z ◇ Test case passing 1 argument id → "orbital-rings" to everyExampleOpensThroughTheRealThreeMDCodec(id:) started.
trust	UNKNOWN STEP	2026-10-07T06:02:13.5156760Z ◇ Test case passing 1 argument id → "hill-observatory" to everyExampleOpensThroughTheRealThreeMDCodec(id:) started.
trust	UNKNOWN STEP	2026-10-07T06:02:13.5157650Z ◇ Test case passing 1 argument id → "terraced-island" to everyExampleOpensThroughTheRealThreeMDCodec(id:) started.
trust	UNKNOWN STEP	2026-10-07T06:02:13.5158300Z ◇ Test case passing 1 argument id → "canal-city" to everyExampleOpensThroughTheRealThreeMDCodec(id:) started.
trust	UNKNOWN STEP	2026-10-07T06:02:13.5158970Z ◇ Test case passing 1 argument id → "alpine-valley" to everyExampleOpensThroughTheRealThreeMDCodec(id:) started.
trust	UNKNOWN STEP	2026-10-07T06:02:13.5159680Z ◇ Test case passing 1 argument id → "wandering-cartographer" to everyExampleOpensThroughTheRealThreeMDCodec(id:) started.
trust	UNKNOWN STEP	2026-10-07T06:02:13.5160420Z ◇ Test case passing 1 argument id → "clockwork-dragon" to everyExampleOpensThroughTheRealThreeMDCodec(id:) started.
trust	UNKNOWN STEP	2026-10-07T06:02:13.5161090Z ◇ Test case passing 1 argument id → "woodland-fox" to everyExampleOpensThroughTheRealThreeMDCodec(id:) started.
trust	UNKNOWN STEP	2026-10-07T06:02:13.5161790Z ◇ Test case passing 1 argument id → "deep-sea-whale" to everyExampleOpensThroughTheRealThreeMDCodec(id:) started.
trust	UNKNOWN STEP	2026-10-07T06:02:13.5162500Z ◇ Test case passing 1 argument id → "citadel-of-arches" to everyExampleOpensThroughTheRealThreeMDCodec(id:) started.
trust	UNKNOWN STEP	2026-10-07T06:02:13.5163210Z ◇ Test case passing 1 argument id → "sky-island-village" to everyExampleOpensThroughTheRealThreeMDCodec(id:) started.
trust	UNKNOWN STEP	2026-10-07T06:02:13.5163930Z ◇ Test case passing 1 argument id → "canyon-waterfall" to everyExampleOpensThroughTheRealThreeMDCodec(id:) started.
trust	UNKNOWN STEP	2026-10-07T06:02:13.5164640Z ◇ Test case passing 1 argument id → "moonlit-harbor" to everyExampleOpensThroughTheRealThreeMDCodec(id:) started.
trust	UNKNOWN STEP	2026-10-07T06:02:13.5165340Z ◇ Test case passing 1 argument id → "grand-solar-system" to everyExampleOpensThroughTheRealThreeMDCodec(id:) started.
trust	UNKNOWN STEP	2026-10-07T06:02:13.5166030Z ✔ Test everyExampleOpensThroughTheRealThreeMDCodec(id:) with 21 test cases passed after 4.052 seconds.
trust	UNKNOWN STEP	2026-10-07T06:02:13.5166560Z ◇ Test shippedThreeMDExamplesMatchTheEditableCatalog(id:) started.
trust	UNKNOWN STEP	2026-10-07T06:02:13.5167140Z ◇ Test case passing 1 argument id → "character-orb" to shippedThreeMDExamplesMatchTheEditableCatalog(id:) started.
trust	UNKNOWN STEP	2026-10-07T06:02:13.5167810Z ◇ Test case passing 1 argument id → "woven-torus" to shippedThreeMDExamplesMatchTheEditableCatalog(id:) started.
trust	UNKNOWN STEP	2026-10-07T06:02:13.5168480Z ◇ Test case passing 1 argument id → "moon-gate" to shippedThreeMDExamplesMatchTheEditableCatalog(id:) started.
trust	UNKNOWN STEP	2026-10-07T06:02:13.5169130Z ◇ Test case passing 1 argument id → "spiral-tower" to shippedThreeMDExamplesMatchTheEditableCatalog(id:) started.
trust	UNKNOWN STEP	2026-10-07T06:02:13.5169800Z ◇ Test case passing 1 argument id → "crystal-garden" to shippedThreeMDExamplesMatchTheEditableCatalog(id:) started.
trust	UNKNOWN STEP	2026-10-07T06:02:13.5170480Z ◇ Test case passing 1 argument id → "little-rocket" to shippedThreeMDExamplesMatchTheEditableCatalog(id:) started.
trust	UNKNOWN STEP	2026-10-07T06:02:13.5171160Z ◇ Test case passing 1 argument id → "pixel-bonsai" to shippedThreeMDExamplesMatchTheEditableCatalog(id:) started.
trust	UNKNOWN STEP	2026-10-07T06:02:13.5171830Z ◇ Test case passing 1 argument id → "orbital-rings" to shippedThreeMDExamplesMatchTheEditableCatalog(id:) started.
trust	UNKNOWN STEP	2026-10-07T06:02:13.5172530Z ◇ Test case passing 1 argument id → "hill-observatory" to shippedThreeMDExamplesMatchTheEditableCatalog(id:) started.
trust	UNKNOWN STEP	2026-10-07T06:02:13.5173260Z ◇ Test case passing 1 argument id → "terraced-island" to shippedThreeMDExamplesMatchTheEditableCatalog(id:) started.
trust	UNKNOWN STEP	2026-10-07T06:02:13.5173940Z ◇ Test case passing 1 argument id → "canal-city" to shippedThreeMDExamplesMatchTheEditableCatalog(id:) started.
trust	UNKNOWN STEP	2026-10-07T06:02:13.5174620Z ◇ Test case passing 1 argument id → "alpine-valley" to shippedThreeMDExamplesMatchTheEditableCatalog(id:) started.
trust	UNKNOWN STEP	2026-10-07T06:02:13.5175360Z ◇ Test case passing 1 argument id → "wandering-cartographer" to shippedThreeMDExamplesMatchTheEditableCatalog(id:) started.
trust	UNKNOWN STEP	2026-10-07T06:02:13.5176240Z ◇ Test case passing 1 argument id → "clockwork-dragon" to shippedThreeMDExamplesMatchTheEditableCatalog(id:) started.
trust	UNKNOWN STEP	2026-10-07T06:02:13.5176940Z ◇ Test case passing 1 argument id → "woodland-fox" to shippedThreeMDExamplesMatchTheEditableCatalog(id:) started.
trust	UNKNOWN STEP	2026-10-07T06:02:13.5177740Z ◇ Test case passing 1 argument id → "deep-sea-whale" to shippedThreeMDExamplesMatchTheEditableCatalog(id:) started.
trust	UNKNOWN STEP	2026-10-07T06:02:13.5178430Z ◇ Test case passing 1 argument id → "citadel-of-arches" to shippedThreeMDExamplesMatchTheEditableCatalog(id:) started.
trust	UNKNOWN STEP	2026-10-07T06:02:13.5179150Z ◇ Test case passing 1 argument id → "sky-island-village" to shippedThreeMDExamplesMatchTheEditableCatalog(id:) started.
trust	UNKNOWN STEP	2026-10-07T06:02:13.5179870Z ◇ Test case passing 1 argument id → "canyon-waterfall" to shippedThreeMDExamplesMatchTheEditableCatalog(id:) started.
trust	UNKNOWN STEP	2026-10-07T06:02:13.5180550Z ◇ Test case passing 1 argument id → "moonlit-harbor" to shippedThreeMDExamplesMatchTheEditableCatalog(id:) started.
trust	UNKNOWN STEP	2026-10-07T06:02:13.5181270Z ◇ Test case passing 1 argument id → "grand-solar-system" to shippedThreeMDExamplesMatchTheEditableCatalog(id:) started.
trust	UNKNOWN STEP	2026-10-07T06:02:13.5181980Z ✔ Test shippedThreeMDExamplesMatchTheEditableCatalog(id:) with 21 test cases passed after 3.438 seconds.
trust	UNKNOWN STEP	2026-10-07T06:02:13.5182530Z ◇ Test exampleShapesKeepTheirCharacteristicOpenSpaces() started.
trust	UNKNOWN STEP	2026-10-07T06:02:13.5183020Z ✔ Test exampleShapesKeepTheirCharacteristicOpenSpaces() passed after 0.001 seconds.
trust	UNKNOWN STEP	2026-10-07T06:02:13.5183490Z ◇ Test mapExamplesHaveElevationAndUseCharacterMaterials() started.
trust	UNKNOWN STEP	2026-10-07T06:02:13.5183970Z ✔ Test mapExamplesHaveElevationAndUseCharacterMaterials() passed after 0.010 seconds.
trust	UNKNOWN STEP	2026-10-07T06:02:13.5184390Z ◇ Suite SculptureGalleryCatalogTests started.
trust	UNKNOWN STEP	2026-10-07T06:02:13.5184720Z ◇ Test listingIsPlainMetadataThatGeneratesNothing() started.
trust	UNKNOWN STEP	2026-10-07T06:02:13.5185150Z ✔ Test listingIsPlainMetadataThatGeneratesNothing() passed after 0.001 seconds.
trust	UNKNOWN STEP	2026-10-07T06:02:13.5185570Z ◇ Test listingRunsNoBuilderOrGenerator() started.
trust	UNKNOWN STEP	2026-10-07T06:02:13.5185950Z ✔ Test listingRunsNoBuilderOrGenerator() passed after 0.001 seconds.
trust	UNKNOWN STEP	2026-10-07T06:02:13.5186400Z ◇ Test openingTheSmallestAuthoredModelBuildsOnlyThatModel() started.
trust	UNKNOWN STEP	2026-10-07T06:02:13.5186880Z ✔ Test openingTheSmallestAuthoredModelBuildsOnlyThatModel() passed after 0.002 seconds.
trust	UNKNOWN STEP	2026-10-07T06:02:13.5187400Z ◇ Test cancellingAtTheStartReachesNoOtherEntrysBuilder() started.
trust	UNKNOWN STEP	2026-10-07T06:02:13.5187880Z ✔ Test cancellingAtTheStartReachesNoOtherEntrysBuilder() passed after 0.001 seconds.
trust	UNKNOWN STEP	2026-10-07T06:02:13.5188340Z ◇ Test voxelMetadataMatchesTheGeneratedCatalogExactly() started.
trust	UNKNOWN STEP	2026-10-07T06:02:13.5188820Z ✔ Test voxelMetadataMatchesTheGeneratedCatalogExactly() passed after 0.001 seconds.
trust	UNKNOWN STEP	2026-10-07T06:02:13.5189350Z ◇ Test mathLadderRunsFromSixteenCellsToTenThousandTwoHundredFortyWide() started.
trust	UNKNOWN STEP	2026-10-07T06:02:13.5189940Z ✔ Test mathLadderRunsFromSixteenCellsToTenThousandTwoHundredFortyWide() passed after 0.001 seconds.
trust	UNKNOWN STEP	2026-10-07T06:02:13.5190480Z ◇ Test everyFactoryCreatesItsDeclaredKindExtentAndTitle() started.
trust	UNKNOWN STEP	2026-10-07T06:02:13.5190970Z ✔ Test everyFactoryCreatesItsDeclaredKindExtentAndTitle() passed after 18.772 seconds.
trust	UNKNOWN STEP	2026-10-07T06:02:13.5191410Z ◇ Test factoriesReportProgressFromZeroToOne() started.
trust	UNKNOWN STEP	2026-10-07T06:02:13.5191810Z ✔ Test factoriesReportProgressFromZeroToOne() passed after 0.003 seconds.
trust	UNKNOWN STEP	2026-10-07T06:02:13.5192190Z ◇ Test unlistedOrAlteredEntriesAreRefused() started.
trust	UNKNOWN STEP	2026-10-07T06:02:13.5192570Z ✔ Test unlistedOrAlteredEntriesAreRefused() passed after 0.001 seconds.
trust	UNKNOWN STEP	2026-10-07T06:02:13.5192950Z ◇ Test cancellingAnOpeningEntryPublishesNothing() started.
trust	UNKNOWN STEP	2026-10-07T06:02:13.5193370Z ✔ Test cancellingAnOpeningEntryPublishesNothing() passed after 0.001 seconds.
trust	UNKNOWN STEP	2026-10-07T06:02:13.5193840Z ◇ Test extentsMeasureRotatedPlacementsAndSaturateAtIntMaximum() started.
trust	UNKNOWN STEP	2026-10-07T06:02:13.5194860Z ✔ Test extentsMeasureRotatedPlacementsAndSaturateAtIntMaximum() passed after 0.001 seconds.
trust	UNKNOWN STEP	2026-10-07T06:02:13.5195370Z ✔ Suite SculptureGalleryCatalogTests passed after 18.781 seconds.
trust	UNKNOWN STEP	2026-10-07T06:02:13.5196080Z ◇ Suite SculptureInsertionPlanTests started.
trust	UNKNOWN STEP	2026-10-07T06:02:13.5196480Z ◇ Test naturalFilenameOrderIsDeterministicForAnySelectionOrder() started.
trust	UNKNOWN STEP	2026-10-07T06:02:13.5197020Z ✔ Test naturalFilenameOrderIsDeterministicForAnySelectionOrder() passed after 0.001 seconds.
trust	UNKNOWN STEP	2026-10-07T06:02:13.5197730Z ◇ Test onlyReadableAndCompactFilesAreInsertableInAnyLetterCase() started.
trust	UNKNOWN STEP	2026-10-07T06:02:13.5198270Z ✔ Test onlyReadableAndCompactFilesAreInsertableInAnyLetterCase() passed after 0.001 seconds.
trust	UNKNOWN STEP	2026-10-07T06:02:13.5198800Z ◇ Test countsCellsGlyphsAndModelsAreRefusedBeforeAnyFileIsRead() started.
trust	UNKNOWN STEP	2026-10-07T06:02:13.5199330Z ✔ Test countsCellsGlyphsAndModelsAreRefusedBeforeAnyFileIsRead() passed after 0.001 seconds.
trust	UNKNOWN STEP	2026-10-07T06:02:13.5199820Z ◇ Test worldPlansBoundPlacementsAndHaveNoTileFit() started.
trust	UNKNOWN STEP	2026-10-07T06:02:13.5200250Z ✔ Test worldPlansBoundPlacementsAndHaveNoTileFit() passed after 0.171 seconds.
trust	UNKNOWN STEP	2026-10-07T06:02:13.5200710Z ◇ Test aggregateBytesAreBudgetedAcrossFilesAndRefuseByName() started.
trust	UNKNOWN STEP	2026-10-07T06:02:13.5201210Z ✔ Test aggregateBytesAreBudgetedAcrossFilesAndRefuseByName() passed after 0.001 seconds.
trust	UNKNOWN STEP	2026-10-07T06:02:13.5201760Z ◇ Test decodeNamesTheSourceForWorldsGenericMarkdownAndMalformedInput() started.
trust	UNKNOWN STEP	2026-10-07T06:02:13.5202350Z ✔ Test decodeNamesTheSourceForWorldsGenericMarkdownAndMalformedInput() passed after 0.001 seconds.
trust	UNKNOWN STEP	2026-10-07T06:02:13.5203000Z ◇ Test admittedFilesAreCheckedForFitAndCumulativeModelCountRightAfterTheirOwnDecode() started.
trust	UNKNOWN STEP	2026-10-07T06:02:13.5203710Z ✔ Test admittedFilesAreCheckedForFitAndCumulativeModelCountRightAfterTheirOwnDecode() passed after 0.015 seconds.
trust	UNKNOWN STEP	2026-10-07T06:02:13.5204380Z ◇ Test compactHeaderFitIsRefusedBeforeDecompressionAndOnlyForSupportedHeaders() started.
trust	UNKNOWN STEP	2026-10-07T06:02:13.5205040Z ✔ Test compactHeaderFitIsRefusedBeforeDecompressionAndOnlyForSupportedHeaders() passed after 0.001 seconds.
trust	UNKNOWN STEP	2026-10-07T06:02:13.5205710Z ◇ Test resolvedVolumeIsBudgetedFromTheParentLibraryAndRefusedByNameBeforeDecoding() started.
trust	UNKNOWN STEP	2026-10-07T06:02:13.5206400Z ✔ Test resolvedVolumeIsBudgetedFromTheParentLibraryAndRefusedByNameBeforeDecoding() passed after 0.001 seconds.
trust	UNKNOWN STEP	2026-10-07T06:02:13.5207030Z ◇ Test resolvedVolumeAccumulatesAcrossAdmittedInputsWithoutAnyParent() started.
trust	UNKNOWN STEP	2026-10-07T06:02:13.5207620Z ✔ Test resolvedVolumeAccumulatesAcrossAdmittedInputsWithoutAnyParent() passed after 0.001 seconds.
trust	UNKNOWN STEP	2026-10-07T06:02:13.5208130Z ✔ Suite SculptureInsertionPlanTests passed after 0.194 seconds.
trust	UNKNOWN STEP	2026-10-07T06:02:13.5208560Z ◇ Suite SculptureLinkedBundleTests started.
trust	UNKNOWN STEP	2026-10-07T06:02:13.5208940Z ◇ Test readableAndBinaryBundlesRoundTripWithoutTheProjectFolder() started.
trust	UNKNOWN STEP	2026-10-07T06:02:13.5209490Z ✔ Test readableAndBinaryBundlesRoundTripWithoutTheProjectFolder() passed after 0.067 seconds.
trust	UNKNOWN STEP	2026-10-07T06:02:13.5210540Z ◇ Test aBundleProducedDirectlyByThreeMDResolutionOpensAsAComposition() started.
trust	UNKNOWN STEP	2026-10-07T06:02:13.5211390Z ✔ Test aBundleProducedDirectlyByThreeMDResolutionOpensAsAComposition() passed after 0.026 seconds.
trust	UNKNOWN STEP	2026-10-07T06:02:13.5212020Z ◇ Test sourceFileIsNeverFollowedAndOtherReferenceAttributesAreIgnored() started.
trust	UNKNOWN STEP	2026-10-07T06:02:13.5212620Z ✔ Test sourceFileIsNeverFollowedAndOtherReferenceAttributesAreIgnored() passed after 0.031 seconds.
trust	UNKNOWN STEP	2026-10-07T06:02:13.5213190Z ◇ Test aBundledLinkedEntryMustBeAVersionOneSpaceDocument() started.
trust	UNKNOWN STEP	2026-10-07T06:02:13.5213680Z ✔ Test aBundledLinkedEntryMustBeAVersionOneSpaceDocument() passed after 0.027 seconds.
trust	UNKNOWN STEP	2026-10-07T06:02:13.5214200Z ◇ Test editedBundleScenesSaveAsCompositionsWithoutLinkedMetadata() started.
trust	UNKNOWN STEP	2026-10-07T06:02:13.5214760Z ✔ Test editedBundleScenesSaveAsCompositionsWithoutLinkedMetadata() passed after 0.032 seconds.
trust	UNKNOWN STEP	2026-10-07T06:02:13.5215250Z ✔ Suite SculptureLinkedBundleTests passed after 0.186 seconds.
trust	UNKNOWN STEP	2026-10-07T06:02:13.5215570Z ◇ Suite SculptureLinkedCodecTests started.
trust	UNKNOWN STEP	2026-10-07T06:02:13.5216000Z ◇ Test ledgerIsSingleLineSortedJSONThatRoundTripsQuotesBackslashesAndNFCPaths() started.
trust	UNKNOWN STEP	2026-10-07T06:02:13.5216660Z ✔ Test ledgerIsSingleLineSortedJSONThatRoundTripsQuotesBackslashesAndNFCPaths() passed after 0.001 seconds.
trust	UNKNOWN STEP	2026-10-07T06:02:13.5217620Z ◇ Test ledgerRefusesSpacesPeriodsMultiCharacterKeysAndEmptyPaths() started.
trust	UNKNOWN STEP	2026-10-07T06:02:13.5218190Z ✔ Test ledgerRefusesSpacesPeriodsMultiCharacterKeysAndEmptyPaths() passed after 0.001 seconds.
trust	UNKNOWN STEP	2026-10-07T06:02:13.5218860Z ◇ Test linkedRootRoundTripsExactlyWithTurnsAndFenceLikeRows() started.
trust	UNKNOWN STEP	2026-10-07T06:02:13.5219380Z ✔ Test linkedRootRoundTripsExactlyWithTurnsAndFenceLikeRows() passed after 0.001 seconds.
trust	UNKNOWN STEP	2026-10-07T06:02:13.5219950Z ◇ Test everyPlacedByteMustBeLinkedAndLinkCharactersExcludeSpacesAndPeriods() started.
trust	UNKNOWN STEP	2026-10-07T06:02:13.5220590Z ✔ Test everyPlacedByteMustBeLinkedAndLinkCharactersExcludeSpacesAndPeriods() passed after 0.001 seconds.
trust	UNKNOWN STEP	2026-10-07T06:02:13.5221150Z ◇ Test decodingRequiresExactMetadataATitleAndNoPreamble() started.
trust	UNKNOWN STEP	2026-10-07T06:02:13.5221640Z ✔ Test decodingRequiresExactMetadataATitleAndNoPreamble() passed after 0.104 seconds.
trust	UNKNOWN STEP	2026-10-07T06:02:13.5222240Z ◇ Test sceneReaderAsksForAProjectFolderAfterExistingKindsAndRefusesBinaryRootsByName() started.
trust	UNKNOWN STEP	2026-10-07T06:02:13.5222960Z ✔ Test sceneReaderAsksForAProjectFolderAfterExistingKindsAndRefusesBinaryRootsByName() passed after 0.001 seconds.
trust	UNKNOWN STEP	2026-10-07T06:02:13.5223620Z ◇ Test detectionScansTheWholeFrontmatterBeyondTheExistingPrefixWindow() started.
trust	UNKNOWN STEP	2026-10-07T06:02:13.5224220Z ✔ Test detectionScansTheWholeFrontmatterBeyondTheExistingPrefixWindow() passed after 0.055 seconds.
trust	UNKNOWN STEP	2026-10-07T06:02:13.5224730Z ◇ Test linkedErrorMessagesNameProjectPathsAndLimits() started.
trust	UNKNOWN STEP	2026-10-07T06:02:13.5225180Z ✔ Test linkedErrorMessagesNameProjectPathsAndLimits() passed after 0.001 seconds.
trust	UNKNOWN STEP	2026-10-07T06:02:13.5225620Z ◇ Test existingKindsKeepTheirDetectionAndMessages() started.
trust	UNKNOWN STEP	2026-10-07T06:02:13.5226050Z ✔ Test existingKindsKeepTheirDetectionAndMessages() passed after 0.008 seconds.
trust	UNKNOWN STEP	2026-10-07T06:02:13.5226470Z ✔ Suite SculptureLinkedCodecTests passed after 0.175 seconds.
trust	UNKNOWN STEP	2026-10-07T06:02:13.5226790Z ◇ Suite SculptureLinkedResolverTests started.
trust	UNKNOWN STEP	2026-10-07T06:02:13.5227200Z ◇ Test resolvesOnlyReachableFilesIntoACompositionWithPathsAndDigests() started.
trust	UNKNOWN STEP	2026-10-07T06:02:13.5227790Z ✔ Test resolvesOnlyReachableFilesIntoACompositionWithPathsAndDigests() passed after 0.006 seconds.
trust	UNKNOWN STEP	2026-10-07T06:02:13.5228280Z ◇ Test theRootCanBeReadThroughTheSameReader() started.
trust	UNKNOWN STEP	2026-10-07T06:02:13.5228670Z ✔ Test theRootCanBeReadThroughTheSameReader() passed after 0.003 seconds.
trust	UNKNOWN STEP	2026-10-07T06:02:13.5229120Z ◇ Test aSharedChildIsReadOnceAcrossGlyphsAndNestedLinkedRoots() started.
trust	UNKNOWN STEP	2026-10-07T06:02:13.5229660Z ✔ Test aSharedChildIsReadOnceAcrossGlyphsAndNestedLinkedRoots() passed after 0.003 seconds.
trust	UNKNOWN STEP	2026-10-07T06:02:13.5230150Z ◇ Test missingFilesAndReaderFailuresNameTheProjectPath() started.
trust	UNKNOWN STEP	2026-10-07T06:02:13.5230620Z ✔ Test missingFilesAndReaderFailuresNameTheProjectPath() passed after 0.001 seconds.
trust	UNKNOWN STEP	2026-10-07T06:02:13.5231060Z ◇ Test cyclesAreReportedAsChainsOfProjectPaths() started.
trust	UNKNOWN STEP	2026-10-07T06:02:13.5231470Z ✔ Test cyclesAreReportedAsChainsOfProjectPaths() passed after 0.001 seconds.
trust	UNKNOWN STEP	2026-10-07T06:02:13.5231940Z ◇ Test invalidAndEscapingPathsAreRefusedNamingTheLinkingFile() started.
trust	UNKNOWN STEP	2026-10-07T06:02:13.5232470Z ✔ Test invalidAndEscapingPathsAreRefusedNamingTheLinkingFile() passed after 0.002 seconds.
trust	UNKNOWN STEP	2026-10-07T06:02:13.5233070Z ◇ Test aRootInsideTheProjectWhosePathCannotBeRepresentedIsNamedNotCalledOutside() started.
trust	UNKNOWN STEP	2026-10-07T06:02:13.5233760Z ✔ Test aRootInsideTheProjectWhosePathCannotBeRepresentedIsNamedNotCalledOutside() passed after 0.001 seconds.
trust	UNKNOWN STEP	2026-10-07T06:02:13.5234440Z ◇ Test nestedLinkOccurrencesBeyondThreeMDsLimitNameTheRootWithoutPortableSaveAdvice() started.
trust	UNKNOWN STEP	2026-10-07T06:02:13.5235150Z ✔ Test nestedLinkOccurrencesBeyondThreeMDsLimitNameTheRootWithoutPortableSaveAdvice() passed after 0.009 seconds.
trust	UNKNOWN STEP	2026-10-07T06:02:13.5235730Z ◇ Test eachUnsupportedChildKindIsRefusedByNameAndContent() started.
trust	UNKNOWN STEP	2026-10-07T06:02:13.5236220Z ✔ Test eachUnsupportedChildKindIsRefusedByNameAndContent() passed after 0.015 seconds.
trust	UNKNOWN STEP	2026-10-07T06:02:13.5236730Z ◇ Test rootsThatAreNotReadableLinkedCompositionsAreRefusedByName() started.
trust	UNKNOWN STEP	2026-10-07T06:02:13.5237370Z ✔ Test rootsThatAreNotReadableLinkedCompositionsAreRefusedByName() passed after 0.001 seconds.
trust	UNKNOWN STEP	2026-10-07T06:02:13.5237960Z ◇ Test malformedChildrenAndOversizedModelsNameTheirFilesWithoutBundleIDs() started.
trust	UNKNOWN STEP	2026-10-07T06:02:13.5238680Z ✔ Test malformedChildrenAndOversizedModelsNameTheirFilesWithoutBundleIDs() passed after 0.003 seconds.
trust	UNKNOWN STEP	2026-10-07T06:02:13.5239230Z ◇ Test fileCountCapHoldsAtSixtyFourAndRefusesTheNextFile() started.
trust	UNKNOWN STEP	2026-10-07T06:02:13.5239710Z ✔ Test fileCountCapHoldsAtSixtyFourAndRefusesTheNextFile() passed after 0.055 seconds.
trust	UNKNOWN STEP	2026-10-07T06:02:13.5240180Z ◇ Test linkCapHoldsAtFiveHundredTwelveLedgerEntries() started.
trust	UNKNOWN STEP	2026-10-07T06:02:13.5240630Z ✔ Test linkCapHoldsAtFiveHundredTwelveLedgerEntries() passed after 0.077 seconds.
trust	UNKNOWN STEP	2026-10-07T06:02:13.5241050Z ◇ Test depthCapHoldsAtSixteenFilesOnOnePath() started.
trust	UNKNOWN STEP	2026-10-07T06:02:13.5241430Z ✔ Test depthCapHoldsAtSixteenFilesOnOnePath() passed after 0.021 seconds.
trust	UNKNOWN STEP	2026-10-07T06:02:13.5241880Z ◇ Test depthCapCountsAnAlreadyResolvedSubtreeReachedLater() started.
trust	UNKNOWN STEP	2026-10-07T06:02:13.5242370Z ✔ Test depthCapCountsAnAlreadyResolvedSubtreeReachedLater() passed after 0.005 seconds.
trust	UNKNOWN STEP	2026-10-07T06:02:13.5242820Z ◇ Test pathAndComponentCapsHoldAtTheirLimits() started.
trust	UNKNOWN STEP	2026-10-07T06:02:13.5243210Z ✔ Test pathAndComponentCapsHoldAtTheirLimits() passed after 0.012 seconds.
trust	UNKNOWN STEP	2026-10-07T06:02:13.5243660Z ◇ Test definitionByteBudgetHoldsAtItsLimitAndBoundsEachRead() started.
trust	UNKNOWN STEP	2026-10-07T06:02:13.5244170Z ✔ Test definitionByteBudgetHoldsAtItsLimitAndBoundsEachRead() passed after 0.002 seconds.
trust	UNKNOWN STEP	2026-10-07T06:02:13.5244640Z ◇ Test rawLedgerCapHoldsAtOneHundredTwentyEightKiB() started.
trust	UNKNOWN STEP	2026-10-07T06:02:13.5245070Z ✔ Test rawLedgerCapHoldsAtOneHundredTwentyEightKiB() passed after 0.755 seconds.
trust	UNKNOWN STEP	2026-10-07T06:02:13.5245480Z ◇ Test cancellationIsHonoredBetweenFiles() started.
trust	UNKNOWN STEP	2026-10-07T06:02:13.5245860Z ✔ Test cancellationIsHonoredBetweenFiles() passed after 0.001 seconds.
trust	UNKNOWN STEP	2026-10-07T06:02:13.5246220Z ◇ Test linksAreNormalizedToNFCBeforeReading() started.
trust	UNKNOWN STEP	2026-10-07T06:02:13.5246610Z ✔ Test linksAreNormalizedToNFCBeforeReading() passed after 0.002 seconds.
trust	UNKNOWN STEP	2026-10-07T06:02:13.5247020Z ✔ Suite SculptureLinkedResolverTests passed after 0.982 seconds.
trust	UNKNOWN STEP	2026-10-07T06:02:13.5247340Z ◇ Suite SculptureMathExamplesTests started.
trust	UNKNOWN STEP	2026-10-07T06:02:13.5253580Z ◇ Test smallRungsHaveExactSizesAndRepeatTheSameBytes() started.
trust	UNKNOWN STEP	2026-10-07T06:02:13.5254090Z ✔ Test smallRungsHaveExactSizesAndRepeatTheSameBytes() passed after 1.885 seconds.
trust	UNKNOWN STEP	2026-10-07T06:02:13.5254550Z ◇ Test everyRungHasSensibleOccupancyAndSeveralColors() started.
trust	UNKNOWN STEP	2026-10-07T06:02:13.5255000Z ✔ Test everyRungHasSensibleOccupancyAndSeveralColors() passed after 2.544 seconds.
trust	UNKNOWN STEP	2026-10-07T06:02:13.5255420Z ◇ Test formulasProduceTheirRecognizableShapes() started.
trust	UNKNOWN STEP	2026-10-07T06:02:13.5255820Z ✔ Test formulasProduceTheirRecognizableShapes() passed after 1.129 seconds.
trust	UNKNOWN STEP	2026-10-07T06:02:13.5256250Z ◇ Test terrainSpotChecksMatchItsPublishedHeightfield() started.
trust	UNKNOWN STEP	2026-10-07T06:02:13.5256710Z ✔ Test terrainSpotChecksMatchItsPublishedHeightfield() passed after 1.424 seconds.
trust	UNKNOWN STEP	2026-10-07T06:02:13.5257190Z ◇ Test terrainRepeatsTheSameCellsAndItsPublishedOccupancy() started.
trust	UNKNOWN STEP	2026-10-07T06:02:13.5257690Z ✔ Test terrainRepeatsTheSameCellsAndItsPublishedOccupancy() passed after 7.913 seconds.
trust	UNKNOWN STEP	2026-10-07T06:02:13.5258230Z ◇ Test publishedFormulasStateTheirCentersAndReproduceTheOccupiedCells() started.
trust	UNKNOWN STEP	2026-10-07T06:02:13.5258820Z ✔ Test publishedFormulasStateTheirCentersAndReproduceTheOccupiedCells() passed after 1.327 seconds.
trust	UNKNOWN STEP	2026-10-07T06:02:13.5259380Z ◇ Test worldsShareOneBoundedLibraryAndStayWithinPlacementLimits() started.
trust	UNKNOWN STEP	2026-10-07T06:02:13.5259930Z ✔ Test worldsShareOneBoundedLibraryAndStayWithinPlacementLimits() passed after 0.124 seconds.
trust	UNKNOWN STEP	2026-10-07T06:02:13.5260410Z ◇ Test worldExtentsMatchTheirWidthsAndTerrainHeight() started.
trust	UNKNOWN STEP	2026-10-07T06:02:13.5260850Z ✔ Test worldExtentsMatchTheirWidthsAndTerrainHeight() passed after 0.025 seconds.
trust	UNKNOWN STEP	2026-10-07T06:02:13.5261250Z ◇ Test neighboringTilesMeetWithoutSeams() started.
trust	UNKNOWN STEP	2026-10-07T06:02:13.5261720Z ✔ Test neighboringTilesMeetWithoutSeams() passed after 0.897 seconds.
trust	UNKNOWN STEP	2026-10-07T06:02:13.5262140Z ◇ Test distantWorldColumnsSampleTheGlobalHeightfield() started.
trust	UNKNOWN STEP	2026-10-07T06:02:13.5262690Z ✔ Test distantWorldColumnsSampleTheGlobalHeightfield() passed after 0.430 seconds.
trust	UNKNOWN STEP	2026-10-07T06:02:13.5263120Z ◇ Test worldsSaveAndReopenWithinNativeFileLimits() started.
trust	UNKNOWN STEP	2026-10-07T06:02:13.5263550Z ✔ Test worldsSaveAndReopenWithinNativeFileLimits() passed after 3.248 seconds.
trust	UNKNOWN STEP	2026-10-07T06:02:13.5263990Z ◇ Test generationReportsIncreasingProgressEndingAtOne() started.
trust	UNKNOWN STEP	2026-10-07T06:02:13.5264450Z ✔ Test generationReportsIncreasingProgressEndingAtOne() passed after 0.010 seconds.
trust	UNKNOWN STEP	2026-10-07T06:02:13.5264870Z ◇ Test cancelledTasksThrowBeforeGenerating() started.
trust	UNKNOWN STEP	2026-10-07T06:02:13.5265250Z ✔ Test cancelledTasksThrowBeforeGenerating() passed after 0.001 seconds.
trust	UNKNOWN STEP	2026-10-07T06:02:13.5265670Z ◇ Test cancellingDuringGenerationStopsAtTheNextLayer() started.
trust	UNKNOWN STEP	2026-10-07T06:02:13.5266120Z ✔ Test cancellingDuringGenerationStopsAtTheNextLayer() passed after 0.010 seconds.
trust	UNKNOWN STEP	2026-10-07T06:02:13.5266560Z ✔ Suite SculptureMathExamplesTests passed after 20.974 seconds.
trust	UNKNOWN STEP	2026-10-07T06:02:13.5266890Z ◇ Suite "Shared model value editing" started.
trust	UNKNOWN STEP	2026-10-07T06:02:13.5267280Z ◇ Test replacementPropagatesThroughRepeatedNestedRotatedReferences() started.
trust	UNKNOWN STEP	2026-10-07T06:02:13.5267840Z ✔ Test replacementPropagatesThroughRepeatedNestedRotatedReferences() passed after 0.001 seconds.
trust	UNKNOWN STEP	2026-10-07T06:02:13.5268420Z ◇ Test staleLeafAndOversizedReplacementAreRejectedWithoutChangingSource() started.
trust	UNKNOWN STEP	2026-10-07T06:02:13.5269030Z ✔ Test staleLeafAndOversizedReplacementAreRejectedWithoutChangingSource() passed after 0.001 seconds.
trust	UNKNOWN STEP	2026-10-07T06:02:13.5269610Z ◇ Test uniquePlacementClonesOneLeafAndPreservesOthersAndTransforms() started.
trust	UNKNOWN STEP	2026-10-07T06:02:13.5270170Z ✔ Test uniquePlacementClonesOneLeafAndPreservesOthersAndTransforms() passed after 0.002 seconds.
trust	UNKNOWN STEP	2026-10-07T06:02:13.5270740Z ◇ Test uniqueRejectsNestedMapsDuplicateInvalidIDsAndLibraryCapacity() started.
trust	UNKNOWN STEP	2026-10-07T06:02:13.5271320Z ✔ Test uniqueRejectsNestedMapsDuplicateInvalidIDsAndLibraryCapacity() passed after 0.001 seconds.
trust	UNKNOWN STEP	2026-10-07T06:02:13.5271800Z ◇ Test cancelledReplacementDoesNotPublish() started.
trust	UNKNOWN STEP	2026-10-07T06:02:13.5272180Z ✔ Test cancelledReplacementDoesNotPublish() passed after 0.001 seconds.
trust	UNKNOWN STEP	2026-10-07T06:02:13.5272650Z ◇ Test uniqueCloneRejectsReadableFileOverflowBeforePublishingLibrary() started.
trust	UNKNOWN STEP	2026-10-07T06:02:13.5273240Z ✔ Test uniqueCloneRejectsReadableFileOverflowBeforePublishingLibrary() passed after 2.388 seconds.
trust	UNKNOWN STEP	2026-10-07T06:02:13.5273730Z ✔ Suite "Shared model value editing" passed after 2.393 seconds.
trust	UNKNOWN STEP	2026-10-07T06:02:13.5274050Z ◇ Suite SculptureSceneInsertionTests started.
trust	UNKNOWN STEP	2026-10-07T06:02:13.5274490Z ◇ Test selectedVoxelGetsABindingAndImmediatePlacementWithoutChangingTheParent() started.
trust	UNKNOWN STEP	2026-10-07T06:02:13.5275140Z ✔ Test selectedVoxelGetsABindingAndImmediatePlacementWithoutChangingTheParent() passed after 0.007 seconds.
trust	UNKNOWN STEP	2026-10-07T06:02:13.5275730Z ◇ Test batchPlacementCrossesRowsAndLayersInSelectionOrder() started.
trust	UNKNOWN STEP	2026-10-07T06:02:13.5276210Z ✔ Test batchPlacementCrossesRowsAndLayersInSelectionOrder() passed after 0.014 seconds.
trust	UNKNOWN STEP	2026-10-07T06:02:13.5276780Z ◇ Test placingOverAnOccupiedCellRetainsItsExistingReusableModelAndBinding() started.
trust	UNKNOWN STEP	2026-10-07T06:02:13.5277400Z ✔ Test placingOverAnOccupiedCellRetainsItsExistingReusableModelAndBinding() passed after 0.013 seconds.
trust	UNKNOWN STEP	2026-10-07T06:02:13.5278080Z ◇ Test nestedGraphsNamespaceCollisionsAndRetainSharedChildrenRotationsAndUnusedModels() started.
trust	UNKNOWN STEP	2026-10-07T06:02:13.5278810Z ✔ Test nestedGraphsNamespaceCollisionsAndRetainSharedChildrenRotationsAndUnusedModels() passed after 0.018 seconds.
trust	UNKNOWN STEP	2026-10-07T06:02:13.5279480Z ◇ Test repeatedInputKeepsEachImportIndependentButItsInternalSharingIntact() started.
trust	UNKNOWN STEP	2026-10-07T06:02:13.5280110Z ✔ Test repeatedInputKeepsEachImportIndependentButItsInternalSharingIntact() passed after 0.025 seconds.
trust	UNKNOWN STEP	2026-10-07T06:02:13.5280790Z ◇ Test worldBatchUsesExactFocusAndRootWidthsWithoutFlattening() started.
trust	UNKNOWN STEP	2026-10-07T06:02:13.5281330Z ✔ Test worldBatchUsesExactFocusAndRootWidthsWithoutFlattening() passed after 0.034 seconds.
trust	UNKNOWN STEP	2026-10-07T06:02:13.5281940Z ◇ Test worldBatchRefusesCheckedOverflowAndUnsafeOriginsAtomically() started.
trust	UNKNOWN STEP	2026-10-07T06:02:13.5282490Z ✔ Test worldBatchRefusesCheckedOverflowAndUnsafeOriginsAtomically() passed after 0.001 seconds.
trust	UNKNOWN STEP	2026-10-07T06:02:13.5283050Z ◇ Test unsupportedChildrenEmptyBatchesAndMismatchedSnapshotsRefuse() started.
trust	UNKNOWN STEP	2026-10-07T06:02:13.5283620Z ✔ Test unsupportedChildrenEmptyBatchesAndMismatchedSnapshotsRefuse() passed after 0.001 seconds.
trust	UNKNOWN STEP	2026-10-07T06:02:13.5284200Z ◇ Test invalidSelectionInsufficientSpaceAndChildFitCannotPartiallyEdit() started.
trust	UNKNOWN STEP	2026-10-07T06:02:13.5284790Z ✔ Test invalidSelectionInsufficientSpaceAndChildFitCannotPartiallyEdit() passed after 0.001 seconds.
trust	UNKNOWN STEP	2026-10-07T06:02:13.5285350Z ◇ Test completeUnusedModelCountsRemainBoundedBeforeAnyInsertion() started.
trust	UNKNOWN STEP	2026-10-07T06:02:13.5285900Z ✔ Test completeUnusedModelCountsRemainBoundedBeforeAnyInsertion() passed after 0.001 seconds.
trust	UNKNOWN STEP	2026-10-07T06:02:13.5286530Z ◇ Test portableRefusalInsertsNativeValuesWhenNeitherParentNorInputsCarryPortableData() started.
trust	UNKNOWN STEP	2026-10-07T06:02:13.5287260Z ✔ Test portableRefusalInsertsNativeValuesWhenNeitherParentNorInputsCarryPortableData() passed after 14.466 seconds.
trust	UNKNOWN STEP	2026-10-07T06:02:13.5287940Z ◇ Test portableDataOnTheParentOrAnInputRefusesNamingThePortableLimitAndSources() started.
trust	UNKNOWN STEP	2026-10-07T06:02:13.5288610Z ✔ Test portableDataOnTheParentOrAnInputRefusesNamingThePortableLimitAndSources() passed after 12.325 seconds.
trust	UNKNOWN STEP	2026-10-07T06:02:13.5289230Z ◇ Test portableDataOnlyOnAnInputStillYieldsASnapshotAndNoneYieldsNone() started.
trust	UNKNOWN STEP	2026-10-07T06:02:13.5289830Z ✔ Test portableDataOnlyOnAnInputStillYieldsASnapshotAndNoneYieldsNone() passed after 0.040 seconds.
trust	UNKNOWN STEP	2026-10-07T06:02:13.5290380Z ◇ Test nativeCapacityIsCheckedBeforeBlamingThePortableLimit() started.
trust	UNKNOWN STEP	2026-10-07T06:02:13.5290890Z ✔ Test nativeCapacityIsCheckedBeforeBlamingThePortableLimit() passed after 13.299 seconds.
trust	UNKNOWN STEP	2026-10-07T06:02:13.5291420Z ◇ Test nativeVariantsMatchThePortablePlacementWithoutAnySnapshot() started.
trust	UNKNOWN STEP	2026-10-07T06:02:13.5291970Z ✔ Test nativeVariantsMatchThePortablePlacementWithoutAnySnapshot() passed after 0.078 seconds.
trust	UNKNOWN STEP	2026-10-07T06:02:13.5292530Z ◇ Test insertionTargetsDescribeRowMajorTilesAndTheModelsTheyReplace() started.
trust	UNKNOWN STEP	2026-10-07T06:02:13.5293100Z ✔ Test insertionTargetsDescribeRowMajorTilesAndTheModelsTheyReplace() passed after 0.001 seconds.
trust	UNKNOWN STEP	2026-10-07T06:02:13.5293710Z ◇ Test insertionRefusesNativeGraphsThatWouldNotReopenAndLeavesTheParentIntact() started.
trust	UNKNOWN STEP	2026-10-07T06:02:13.5294860Z ✔ Test insertionRefusesNativeGraphsThatWouldNotReopenAndLeavesTheParentIntact() passed after 8.151 seconds.
trust	UNKNOWN STEP	2026-10-07T06:02:13.5295720Z ◇ Test exhaustedBindingCharactersRefuseWithoutRemovingExistingBindings() started.
trust	UNKNOWN STEP	2026-10-07T06:02:13.5296340Z ✔ Test exhaustedBindingCharactersRefuseWithoutRemovingExistingBindings() passed after 0.001 seconds.
trust	UNKNOWN STEP	2026-10-07T06:02:13.5297030Z ◇ Test parentAndImportedOpaqueDocumentsAndScopedIdentitiesSurviveNamespaceInsertion() started.
trust	UNKNOWN STEP	2026-10-07T06:02:13.5297740Z ✔ Test parentAndImportedOpaqueDocumentsAndScopedIdentitiesSurviveNamespaceInsertion() passed after 0.043 seconds.
trust	UNKNOWN STEP	2026-10-07T06:02:13.5298400Z ◇ Test authoredLeafAndTilePlaneOrderSurvivesInsertionAndPortableReopen() started.
trust	UNKNOWN STEP	2026-10-07T06:02:13.5299000Z ✔ Test authoredLeafAndTilePlaneOrderSurvivesInsertionAndPortableReopen() passed after 0.067 seconds.
trust	UNKNOWN STEP	2026-10-07T06:02:13.5299580Z ◇ Test recaptureKeepsSurvivingAuthoredOrderAndAppendsNewSlicesByZ() started.
trust	UNKNOWN STEP	2026-10-07T06:02:13.5300140Z ✔ Test recaptureKeepsSurvivingAuthoredOrderAndAppendsNewSlicesByZ() passed after 0.010 seconds.
trust	UNKNOWN STEP	2026-10-07T06:02:13.5300680Z ◇ Test standaloneVoxelMetadataIsCarriedIntoItsImportedDefinition() started.
trust	UNKNOWN STEP	2026-10-07T06:02:13.5301240Z ✔ Test standaloneVoxelMetadataIsCarriedIntoItsImportedDefinition() passed after 0.013 seconds.
trust	UNKNOWN STEP	2026-10-07T06:02:13.5302310Z ◇ Test worldRootAndNestedDocumentMetadataSurvivePlacementChangesAndSharedEditing() started.
trust	UNKNOWN STEP	2026-10-07T06:02:13.5303010Z ✔ Test worldRootAndNestedDocumentMetadataSurvivePlacementChangesAndSharedEditing() passed after 0.044 seconds.
trust	UNKNOWN STEP	2026-10-07T06:02:13.5303820Z ◇ Test recapturePreservesOpaqueMetadataWhileRecognizedGeometryStillChanges() started.
trust	UNKNOWN STEP	2026-10-07T06:02:13.5304450Z ✔ Test recapturePreservesOpaqueMetadataWhileRecognizedGeometryStillChanges() passed after 0.003 seconds.
trust	UNKNOWN STEP	2026-10-07T06:02:13.5305080Z ◇ Test metadataPreservationDoesNotPermitArbitraryMarkdownOrMalformedGeometry() started.
trust	UNKNOWN STEP	2026-10-07T06:02:13.5305720Z ✔ Test metadataPreservationDoesNotPermitArbitraryMarkdownOrMalformedGeometry() passed after 0.001 seconds.
trust	UNKNOWN STEP	2026-10-07T06:02:13.5306350Z ◇ Test portableOpaqueAttributesDoNotHideInvalidIdentitiesOrBindingEdges() started.
trust	UNKNOWN STEP	2026-10-07T06:02:13.5306960Z ✔ Test portableOpaqueAttributesDoNotHideInvalidIdentitiesOrBindingEdges() passed after 0.010 seconds.
trust	UNKNOWN STEP	2026-10-07T06:02:13.5307540Z ◇ Test cancellationReturnsNoPartialInsertionForEitherParentKind() started.
trust	UNKNOWN STEP	2026-10-07T06:02:13.5308090Z ✔ Test cancellationReturnsNoPartialInsertionForEitherParentKind() passed after 0.001 seconds.
trust	UNKNOWN STEP	2026-10-07T06:02:13.5308580Z ✔ Suite SculptureSceneInsertionTests passed after 48.677 seconds.
trust	UNKNOWN STEP	2026-10-07T06:02:13.5309030Z ◇ Test solarSystemExtendsTheGalleryWithoutReplacingExistingExamples() started.
trust	UNKNOWN STEP	2026-10-07T06:02:13.5309970Z ✔ Test solarSystemExtendsTheGalleryWithoutReplacingExistingExamples() passed after 0.001 seconds.
trust	UNKNOWN STEP	2026-10-07T06:02:13.5310570Z ◇ Test solarSystemUsesTheFullEditableVolumeAndRoundTripsThroughThreeMD() started.
trust	UNKNOWN STEP	2026-10-07T06:02:13.5311170Z ✔ Test solarSystemUsesTheFullEditableVolumeAndRoundTripsThroughThreeMD() passed after 5.577 seconds.
trust	UNKNOWN STEP	2026-10-07T06:02:13.5312090Z ◇ Test solarSystemHasEightSolidSeparatedPlanetsWithDistinctSurfaceFeatures() started.
trust	UNKNOWN STEP	2026-10-07T06:02:13.5312750Z ✔ Test solarSystemHasEightSolidSeparatedPlanetsWithDistinctSurfaceFeatures() passed after 0.001 seconds.
trust	UNKNOWN STEP	2026-10-07T06:02:13.5313340Z ◇ Test solarSystemRingsMoonsAndOrbitGuidesRetainRealAirGaps() started.
trust	UNKNOWN STEP	2026-10-07T06:02:13.5313860Z ✔ Test solarSystemRingsMoonsAndOrbitGuidesRetainRealAirGaps() passed after 0.001 seconds.
trust	UNKNOWN STEP	2026-10-07T06:02:13.5314360Z ◇ Test solarSystemHasAsteroidBeltCometAndElevatedStars() started.
trust	UNKNOWN STEP	2026-10-07T06:02:13.5314820Z ✔ Test solarSystemHasAsteroidBeltCometAndElevatedStars() passed after 0.001 seconds.
trust	UNKNOWN STEP	2026-10-07T06:02:13.5315280Z ◇ Test sculptureRoundTripsThroughRealThreeMDParser() started.
trust	UNKNOWN STEP	2026-10-07T06:02:13.5315720Z ✔ Test sculptureRoundTripsThroughRealThreeMDParser() passed after 0.003 seconds.
trust	UNKNOWN STEP	2026-10-07T06:02:13.5316140Z ◇ Test rejectsOversizedAndUnrelatedDocuments() started.
trust	UNKNOWN STEP	2026-10-07T06:02:13.5316530Z ✔ Test rejectsOversizedAndUnrelatedDocuments() passed after 0.001 seconds.
trust	UNKNOWN STEP	2026-10-07T06:02:13.5316990Z ◇ Test fileSizeGuardAcceptsItsExactBoundaryBeforeValidatingUTF8() started.
trust	UNKNOWN STEP	2026-10-07T06:02:13.5317530Z ✔ Test fileSizeGuardAcceptsItsExactBoundaryBeforeValidatingUTF8() passed after 0.001 seconds.
trust	UNKNOWN STEP	2026-10-07T06:02:13.5318040Z ◇ Test refusesMalformedDimensionsRowsGlyphsAndDepth() started.
trust	UNKNOWN STEP	2026-10-07T06:02:13.5318480Z ✔ Test refusesMalformedDimensionsRowsGlyphsAndDepth() passed after 0.001 seconds.
trust	UNKNOWN STEP	2026-10-07T06:02:13.5318920Z ◇ Test protectsGridBoundsAndRejectsInvalidGlyphs() started.
trust	UNKNOWN STEP	2026-10-07T06:02:13.5319340Z ✔ Test protectsGridBoundsAndRejectsInvalidGlyphs() passed after 0.001 seconds.
trust	UNKNOWN STEP	2026-10-07T06:02:13.5319780Z ◇ Test duplicatedLayerIsIndependentAndLastLayerIsProtected() started.
trust	UNKNOWN STEP	2026-10-07T06:02:13.5320270Z ✔ Test duplicatedLayerIsIndependentAndLastLayerIsProtected() passed after 0.001 seconds.
trust	UNKNOWN STEP	2026-10-07T06:02:13.5320720Z ◇ Test quarterTurnMovesCellAndFourTurnsRestoreLayer() started.
trust	UNKNOWN STEP	2026-10-07T06:02:13.5321140Z ✔ Test quarterTurnMovesCellAndFourTurnsRestoreLayer() passed after 0.001 seconds.
trust	UNKNOWN STEP	2026-10-07T06:02:13.5321540Z ◇ Test nearestCellWinsOcclusionAndCanBePicked() started.
trust	UNKNOWN STEP	2026-10-07T06:02:13.5321920Z ✔ Test nearestCellWinsOcclusionAndCanBePicked() passed after 0.001 seconds.
trust	UNKNOWN STEP	2026-10-07T06:02:13.5322610Z ◇ Test cameraOrbitChangesProjectionAndNonFiniteValuesRemainSafe() started.
trust	UNKNOWN STEP	2026-10-07T06:02:13.5323150Z ✔ Test cameraOrbitChangesProjectionAndNonFiniteValuesRemainSafe() passed after 0.001 seconds.
trust	UNKNOWN STEP	2026-10-07T06:02:13.5323800Z ◇ Test emptyProjectionExportsSpacesWithoutInventingCharacters() started.
trust	UNKNOWN STEP	2026-10-07T06:02:13.5324300Z ✔ Test emptyProjectionExportsSpacesWithoutInventingCharacters() passed after 0.001 seconds.
trust	UNKNOWN STEP	2026-10-07T06:02:13.5324790Z ◇ Test titleCannotInjectFrontmatterAndLayerLimitIsEnforced() started.
trust	UNKNOWN STEP	2026-10-07T06:02:13.5325270Z ✔ Test titleCannotInjectFrontmatterAndLayerLimitIsEnforced() passed after 0.001 seconds.
trust	UNKNOWN STEP	2026-10-07T06:02:13.5325750Z ◇ Test maximumTwoHundredFiftySixCubeRoundTripsWithinTwentyMiB() started.
trust	UNKNOWN STEP	2026-10-07T06:02:13.5326250Z ✔ Test maximumTwoHundredFiftySixCubeRoundTripsWithinTwentyMiB() passed after 9.071 seconds.
trust	UNKNOWN STEP	2026-10-07T06:02:13.5326750Z ◇ Test dimensionsAboveTwoHundredFiftySixAreRejectedOnEveryAxis() started.
trust	UNKNOWN STEP	2026-10-07T06:02:13.5327270Z ✔ Test dimensionsAboveTwoHundredFiftySixAreRejectedOnEveryAxis() passed after 0.001 seconds.
trust	UNKNOWN STEP	2026-10-07T06:02:13.5327740Z ◇ Test formerCubeDocumentsRemainCompatible(dimension:) started.
trust	UNKNOWN STEP	2026-10-07T06:02:13.5328250Z ◇ Test case passing 1 argument dimension → 32 to formerCubeDocumentsRemainCompatible(dimension:) started.
trust	UNKNOWN STEP	2026-10-07T06:02:13.5328850Z ◇ Test case passing 1 argument dimension → 64 to formerCubeDocumentsRemainCompatible(dimension:) started.
trust	UNKNOWN STEP	2026-10-07T06:02:13.5329440Z ✔ Test formerCubeDocumentsRemainCompatible(dimension:) with 2 test cases passed after 0.097 seconds.
trust	UNKNOWN STEP	2026-10-07T06:02:13.5329990Z ◇ Test codecRejectsExcessiveDirectivesBeforeAllocatingThreeMDPlanes() started.
trust	UNKNOWN STEP	2026-10-07T06:02:13.5330550Z ✔ Test codecRejectsExcessiveDirectivesBeforeAllocatingThreeMDPlanes() passed after 0.001 seconds.
trust	UNKNOWN STEP	2026-10-07T06:02:13.5331110Z ◇ Test codecRejectsExcessiveBlankLinesBeforeThreeMDAllocatesTheirArray() started.
trust	UNKNOWN STEP	2026-10-07T06:02:13.5331710Z ✔ Test codecRejectsExcessiveBlankLinesBeforeThreeMDAllocatesTheirArray() passed after 0.035 seconds.
trust	UNKNOWN STEP	2026-10-07T06:02:13.5332300Z ◇ Test occupiedCountRemainsAccurateAcrossEveryMutationAndValueCopy() started.
trust	UNKNOWN STEP	2026-10-07T06:02:13.5332850Z ✔ Test occupiedCountRemainsAccurateAcrossEveryMutationAndValueCopy() passed after 0.001 seconds.
trust	UNKNOWN STEP	2026-10-07T06:02:13.5333370Z ◇ Test projectionCanPickTheNearestCellBeyondTheOldDepthLimit() started.
trust	UNKNOWN STEP	2026-10-07T06:02:13.5333880Z ✔ Test projectionCanPickTheNearestCellBeyondTheOldDepthLimit() passed after 0.001 seconds.
trust	UNKNOWN STEP	2026-10-07T06:02:13.5334430Z ◇ Test denseSixtyFourVolumeProjectionStaysBoundedAndPicksActualSourceCells() started.
trust	UNKNOWN STEP	2026-10-07T06:02:13.5335050Z ✔ Test denseSixtyFourVolumeProjectionStaysBoundedAndPicksActualSourceCells() passed after 0.178 seconds.
trust	UNKNOWN STEP	2026-10-07T06:02:13.5335650Z ◇ Test maximumCoordinatesStayEditableAndProjectionCachesFollowLayerChanges() started.
trust	UNKNOWN STEP	2026-10-07T06:02:13.5336270Z ✔ Test maximumCoordinatesStayEditableAndProjectionCachesFollowLayerChanges() passed after 2.138 seconds.
trust	UNKNOWN STEP	2026-10-07T06:02:13.5336810Z ◇ Test cancelledSculptureDecodeDoesNotReturnAPartialVolume() started.
trust	UNKNOWN STEP	2026-10-07T06:02:13.5337330Z ✔ Test cancelledSculptureDecodeDoesNotReturnAPartialVolume() passed after 0.001 seconds.
trust	UNKNOWN STEP	2026-10-07T06:02:13.5337900Z ◇ Test cancelledASCIIProjectionReturnsABoundedEmptyFrameWithoutPartialPicking() started.
trust	UNKNOWN STEP	2026-10-07T06:02:13.5338580Z ✔ Test cancelledASCIIProjectionReturnsABoundedEmptyFrameWithoutPartialPicking() passed after 0.002 seconds.
trust	UNKNOWN STEP	2026-10-07T06:02:13.5339060Z ◇ Suite SculptureThreeMDTests started.
trust	UNKNOWN STEP	2026-10-07T06:02:13.5339460Z ◇ Test unmarkedGeneralBinaryAdoptsPortableMarkerWithoutLosingImportedIDs() started.
trust	UNKNOWN STEP	2026-10-07T06:02:13.5340080Z ✔ Test unmarkedGeneralBinaryAdoptsPortableMarkerWithoutLosingImportedIDs() passed after 0.002 seconds.
trust	UNKNOWN STEP	2026-10-07T06:02:13.5340690Z ◇ Test portableWorldRootNeverOverwritesAUserModelAndRetainsUnusedBindings() started.
trust	UNKNOWN STEP	2026-10-07T06:02:13.5341310Z ✔ Test portableWorldRootNeverOverwritesAUserModelAndRetainsUnusedBindings() passed after 0.014 seconds.
trust	UNKNOWN STEP	2026-10-07T06:02:13.5341890Z ◇ Test maximumWorldPlacementsKeepUniqueGraphReferencesAndExactIDs() started.
trust	UNKNOWN STEP	2026-10-07T06:02:13.5342560Z ✔ Test maximumWorldPlacementsKeepUniqueGraphReferencesAndExactIDs() passed after 27.132 seconds.
trust	UNKNOWN STEP	2026-10-07T06:02:13.5343470Z ◇ Test portableSceneRoundTripsInTextAndUncompressedBinary() started.
trust	UNKNOWN STEP	2026-10-07T06:02:13.5344180Z ✔ Test portableSceneRoundTripsInTextAndUncompressedBinary() passed after 0.054 seconds.
trust	UNKNOWN STEP	2026-10-07T06:02:13.5344640Z ◇ Test legacyFilesAndSaveDefaultsRemainDistinct() started.
trust	UNKNOWN STEP	2026-10-07T06:02:13.5345050Z ✔ Test legacyFilesAndSaveDefaultsRemainDistinct() passed after 0.002 seconds.
trust	UNKNOWN STEP	2026-10-07T06:02:13.5345540Z ◇ Test customPlaneAndReferenceIDsSurviveRecaptureAndSharedEditing() started.
trust	UNKNOWN STEP	2026-10-07T06:02:13.5346080Z ✔ Test customPlaneAndReferenceIDsSurviveRecaptureAndSharedEditing() passed after 0.029 seconds.
trust	UNKNOWN STEP	2026-10-07T06:02:13.5346650Z ◇ Test untitledNestedDefinitionsStayUntitledWhileNewOnesAreTitledByTheirID() started.
trust	UNKNOWN STEP	2026-10-07T06:02:13.5347270Z ✔ Test untitledNestedDefinitionsStayUntitledWhileNewOnesAreTitledByTheirID() passed after 0.022 seconds.
trust	UNKNOWN STEP	2026-10-07T06:02:13.5347910Z ◇ Test preservedReferenceAttributesFollowTheGlyphAndItsTargetNotTheGlyphAlone() started.
trust	UNKNOWN STEP	2026-10-07T06:02:13.5348580Z ✔ Test preservedReferenceAttributesFollowTheGlyphAndItsTargetNotTheGlyphAlone() passed after 0.019 seconds.
trust	UNKNOWN STEP	2026-10-07T06:02:13.5349200Z ◇ Test wholeSceneRevisionRejectsStaleModelEditWithoutPublishingChanges() started.
trust	UNKNOWN STEP	2026-10-07T06:02:13.5349800Z ✔ Test wholeSceneRevisionRejectsStaleModelEditWithoutPublishingChanges() passed after 0.011 seconds.
trust	UNKNOWN STEP	2026-10-07T06:02:13.5350360Z ◇ Test invalidSharedReplacementIsAtomicAndWorldAnchorsStayExact() started.
trust	UNKNOWN STEP	2026-10-07T06:02:13.5350910Z ✔ Test invalidSharedReplacementIsAtomicAndWorldAnchorsStayExact() passed after 0.014 seconds.
trust	UNKNOWN STEP	2026-10-07T06:02:13.5351490Z ◇ Test malformedIdentitiesAndDisagreeingReferencesNeverUseLegacyFallback() started.
trust	UNKNOWN STEP	2026-10-07T06:02:13.5352630Z ✔ Test malformedIdentitiesAndDisagreeingReferencesNeverUseLegacyFallback() passed after 0.008 seconds.
trust	UNKNOWN STEP	2026-10-07T06:02:13.5353300Z ◇ Test largeLegacyLibraryRetainsItsOwnCapacityAndPortableFailureIsExplicit() started.
trust	UNKNOWN STEP	2026-10-07T06:02:13.5353950Z ✔ Test largeLegacyLibraryRetainsItsOwnCapacityAndPortableFailureIsExplicit() passed after 30.815 seconds.
trust	UNKNOWN STEP	2026-10-07T06:02:13.5354550Z ◇ Test cancellationPropagatesThroughAllPublicPortableOperations() started.
trust	UNKNOWN STEP	2026-10-07T06:02:13.5355100Z ✔ Test cancellationPropagatesThroughAllPublicPortableOperations() passed after 0.005 seconds.
trust	UNKNOWN STEP	2026-10-07T06:02:13.5355580Z ◇ Test deterministicPortableInterchangeFixtures() started.
trust	UNKNOWN STEP	2026-10-07T06:02:13.5356000Z ✔ Test deterministicPortableInterchangeFixtures() passed after 0.021 seconds.
trust	UNKNOWN STEP	2026-10-07T06:02:13.5356410Z ✔ Suite SculptureThreeMDTests passed after 58.156 seconds.
trust	UNKNOWN STEP	2026-10-07T06:02:13.5356730Z ◇ Suite SculptureVolumeStudyExamplesTests started.
trust	UNKNOWN STEP	2026-10-07T06:02:13.5357140Z ◇ Test denseEquivalentUsesOneSharedSolidModelToFillExactly1024Cubed() started.
trust	UNKNOWN STEP	2026-10-07T06:02:13.5357720Z ✔ Test denseEquivalentUsesOneSharedSolidModelToFillExactly1024Cubed() passed after 0.113 seconds.
trust	UNKNOWN STEP	2026-10-07T06:02:13.5358280Z ◇ Test landscapeSeparatesItsSparseOccupancyFromItsAddressDomain() started.
trust	UNKNOWN STEP	2026-10-07T06:02:13.5358830Z ✔ Test landscapeSeparatesItsSparseOccupancyFromItsAddressDomain() passed after 0.570 seconds.
trust	UNKNOWN STEP	2026-10-07T06:02:13.5359400Z ◇ Test landscapeContainsNavigableCastlesWaterTerracesAndForestAirGaps() started.
trust	UNKNOWN STEP	2026-10-07T06:02:13.5359990Z ✔ Test landscapeContainsNavigableCastlesWaterTerracesAndForestAirGaps() passed after 0.001 seconds.
trust	UNKNOWN STEP	2026-10-07T06:02:13.5360580Z ◇ Test studyFactoriesAreDeterministicAndPreserveFiniteProductionLimits() started.
trust	UNKNOWN STEP	2026-10-07T06:02:13.5361180Z ✔ Test studyFactoriesAreDeterministicAndPreserveFiniteProductionLimits() passed after 2.122 seconds.
trust	UNKNOWN STEP	2026-10-07T06:02:13.5361790Z ◇ Test studyFactoriesRespectCancelledTasksBeforeConstructingTheirLibraries() started.
trust	UNKNOWN STEP	2026-10-07T06:02:13.5362420Z ✔ Test studyFactoriesRespectCancelledTasksBeforeConstructingTheirLibraries() passed after 0.001 seconds.
trust	UNKNOWN STEP	2026-10-07T06:02:13.5363390Z ✔ Suite SculptureVolumeStudyExamplesTests passed after 2.806 seconds.
trust	UNKNOWN STEP	2026-10-07T06:02:13.5363730Z ◇ Suite SculptureWorldTests started.
trust	UNKNOWN STEP	2026-10-07T06:02:13.5364070Z ◇ Test distantInstancesRemainSparseAndShareOneLibraryModel() started.
trust	UNKNOWN STEP	2026-10-07T06:02:13.5364710Z ✔ Test distantInstancesRemainSparseAndShareOneLibraryModel() passed after 0.001 seconds.
trust	UNKNOWN STEP	2026-10-07T06:02:13.5365220Z ◇ Test exactInt64ExtremesAndAdjacentAnchorsSurviveJSONRoundTrip() started.
trust	UNKNOWN STEP	2026-10-07T06:02:13.5365760Z ✔ Test exactInt64ExtremesAndAdjacentAnchorsSurviveJSONRoundTrip() passed after 0.001 seconds.
trust	UNKNOWN STEP	2026-10-07T06:02:13.5366330Z ◇ Test originHeadroomIDsAndRotationsAreValidatedBeforeWorldConstruction() started.
trust	UNKNOWN STEP	2026-10-07T06:02:13.5366940Z ✔ Test originHeadroomIDsAndRotationsAreValidatedBeforeWorldConstruction() passed after 0.001 seconds.
trust	UNKNOWN STEP	2026-10-07T06:02:13.5367510Z ◇ Test worldsRejectMissingModelsDuplicateInstancesAndInvalidTitles() started.
trust	UNKNOWN STEP	2026-10-07T06:02:13.5368080Z ✔ Test worldsRejectMissingModelsDuplicateInstancesAndInvalidTitles() passed after 0.001 seconds.
trust	UNKNOWN STEP	2026-10-07T06:02:13.5368610Z ◇ Test finitePlacementCapacityDoesNotImposeASpatialExtent() started.
trust	UNKNOWN STEP	2026-10-07T06:02:13.5369100Z ✔ Test finitePlacementCapacityDoesNotImposeASpatialExtent() passed after 4.097 seconds.
trust	UNKNOWN STEP	2026-10-07T06:02:13.5369650Z ◇ Test codecRejectsUnknownDuplicateMetadataAndUnsupportedPlaneOrFences() started.
trust	UNKNOWN STEP	2026-10-07T06:02:13.5370250Z ✔ Test codecRejectsUnknownDuplicateMetadataAndUnsupportedPlaneOrFences() passed after 0.001 seconds.
trust	UNKNOWN STEP	2026-10-07T06:02:13.5370840Z ◇ Test codecRejectsUnknownDuplicateJSONKeysAndInexactCoordinateTypes() started.
trust	UNKNOWN STEP	2026-10-07T06:02:13.5371420Z ✔ Test codecRejectsUnknownDuplicateJSONKeysAndInexactCoordinateTypes() passed after 0.001 seconds.
trust	UNKNOWN STEP	2026-10-07T06:02:13.5372020Z ◇ Test decoderBoundsBytesPhysicalLinesAndJSONNestingBeforeAllocatingModels() started.
trust	UNKNOWN STEP	2026-10-07T06:02:13.5372650Z ✔ Test decoderBoundsBytesPhysicalLinesAndJSONNestingBeforeAllocatingModels() passed after 0.075 seconds.
trust	UNKNOWN STEP	2026-10-07T06:02:13.5373180Z ◇ Test cancellationReturnsNoWorldOrSerializedOutput() started.
trust	UNKNOWN STEP	2026-10-07T06:02:13.5373630Z ✔ Test cancellationReturnsNoWorldOrSerializedOutput() passed after 0.001 seconds.
trust	UNKNOWN STEP	2026-10-07T06:02:13.5374040Z ✔ Suite SculptureWorldTests passed after 4.181 seconds.
trust	UNKNOWN STEP	2026-10-07T06:02:13.5374490Z ◇ Test commandCLIInspectsAndPublishesCanonicalEditsWithMachineReadableResult() started.
trust	UNKNOWN STEP	2026-10-07T06:02:13.5375150Z ✔ Test commandCLIInspectsAndPublishesCanonicalEditsWithMachineReadableResult() passed after 0.004 seconds.
trust	UNKNOWN STEP	2026-10-07T06:02:13.5375740Z ◇ Test failedCLIBatchCreatesNoOutputAndKeepsInputAndCommandBytes() started.
trust	UNKNOWN STEP	2026-10-07T06:02:13.5376290Z ✔ Test failedCLIBatchCreatesNoOutputAndKeepsInputAndCommandBytes() passed after 0.002 seconds.
trust	UNKNOWN STEP	2026-10-07T06:02:13.5376850Z ◇ Test cliRefusesExistingFilesDirectoriesAndDanglingOutputSymlinks() started.
trust	UNKNOWN STEP	2026-10-07T06:02:13.5377410Z ✔ Test cliRefusesExistingFilesDirectoriesAndDanglingOutputSymlinks() passed after 0.006 seconds.
trust	UNKNOWN STEP	2026-10-07T06:02:13.5377980Z ◇ Test cliRefusesNonRegularOversizedAndMalformedInputsBeforePublishing() started.
trust	UNKNOWN STEP	2026-10-07T06:02:13.5378650Z ✔ Test cliRefusesNonRegularOversizedAndMalformedInputsBeforePublishing() passed after 0.027 seconds.
trust	UNKNOWN STEP	2026-10-07T06:02:13.5379290Z ◇ Test commandCLIInspectsAndEditsSliceTwoHundredFiftyFiveBeyondTheOldFileBudget() started.
trust	UNKNOWN STEP	2026-10-07T06:02:13.5380040Z ✔ Test commandCLIInspectsAndEditsSliceTwoHundredFiftyFiveBeyondTheOldFileBudget() passed after 1.502 seconds.
trust	UNKNOWN STEP	2026-10-07T06:02:13.5380650Z ◇ Test commandJSONKeepsItsIndependentTwoHundredFiftySixKiBBoundary() started.
trust	UNKNOWN STEP	2026-10-07T06:02:13.5381210Z ✔ Test commandJSONKeepsItsIndependentTwoHundredFiftySixKiBBoundary() passed after 0.005 seconds.
trust	UNKNOWN STEP	2026-10-07T06:02:13.5381830Z ◇ Test cliWritesChosenTemporaryDirectoryAndDirectoryAliasWithoutReplacingEntries() started.
trust	UNKNOWN STEP	2026-10-07T06:02:13.5382520Z ✔ Test cliWritesChosenTemporaryDirectoryAndDirectoryAliasWithoutReplacingEntries() passed after 0.006 seconds.
trust	UNKNOWN STEP	2026-10-07T06:02:13.5383200Z ◇ Test commandCLIInspectsCompactDocumentsAndAutodetectsBytesWithoutExtensionHints() started.
trust	UNKNOWN STEP	2026-10-07T06:02:13.5383880Z ✔ Test commandCLIInspectsCompactDocumentsAndAutodetectsBytesWithoutExtensionHints() passed after 0.001 seconds.
trust	UNKNOWN STEP	2026-10-07T06:02:13.5384530Z ◇ Test commandCLIStoresCompactEditsFromExplicitOutputExtensionAndPreservesInput() started.
trust	UNKNOWN STEP	2026-10-07T06:02:13.5385190Z ✔ Test commandCLIStoresCompactEditsFromExplicitOutputExtensionAndPreservesInput() passed after 0.004 seconds.
trust	UNKNOWN STEP	2026-10-07T06:02:13.5385800Z ◇ Test commandCLIConvertsBothStorageFormatsWhileApplyingTheSameCommands() started.
trust	UNKNOWN STEP	2026-10-07T06:02:13.5386390Z ✔ Test commandCLIConvertsBothStorageFormatsWhileApplyingTheSameCommands() passed after 0.006 seconds.
trust	UNKNOWN STEP	2026-10-07T06:02:13.5387010Z ◇ Test commandCLIRejectsUnsupportedOutputExtensionsWithoutWritingOrChangingInputs() started.
trust	UNKNOWN STEP	2026-10-07T06:02:13.5387670Z ✔ Test commandCLIRejectsUnsupportedOutputExtensionsWithoutWritingOrChangingInputs() passed after 0.001 seconds.
trust	UNKNOWN STEP	2026-10-07T06:02:13.5388280Z ◇ Test commandCLIReportsTruncatedCompactInputWithoutPublishingEdits() started.
trust	UNKNOWN STEP	2026-10-07T06:02:13.5388850Z ✔ Test commandCLIReportsTruncatedCompactInputWithoutPublishingEdits() passed after 0.001 seconds.
trust	UNKNOWN STEP	2026-10-07T06:02:13.5389490Z ◇ Test compositionCLIEmbedsOneSharedModelAndPlacesRotatedSingleCharacterTilesInThreeAxes() started.
trust	UNKNOWN STEP	2026-10-07T06:02:13.5390230Z ✔ Test compositionCLIEmbedsOneSharedModelAndPlacesRotatedSingleCharacterTilesInThreeAxes() passed after 0.006 seconds.
trust	UNKNOWN STEP	2026-10-07T06:02:13.5391080Z ◇ Test compositionCLIExpandsToBothVoxelFormatsAndRefusesImplicitFlattening() started.
trust	UNKNOWN STEP	2026-10-07T06:02:13.5397700Z ✔ Test compositionCLIExpandsToBothVoxelFormatsAndRefusesImplicitFlattening() passed after 0.011 seconds.
trust	UNKNOWN STEP	2026-10-07T06:02:13.5398410Z ◇ Test compositionCLIImportsNestedGraphsWithoutPrivateIDCollisionsOrExternalDependencies() started.
trust	UNKNOWN STEP	2026-10-07T06:02:13.5399150Z ✔ Test compositionCLIImportsNestedGraphsWithoutPrivateIDCollisionsOrExternalDependencies() passed after 0.007 seconds.
trust	UNKNOWN STEP	2026-10-07T06:02:13.5399870Z ◇ Test compositionCLIRejectsUnknownFieldsInvalidReferencesAndUnusableFilesWithoutPublishing() started.
trust	UNKNOWN STEP	2026-10-07T06:02:13.5400630Z ✔ Test compositionCLIRejectsUnknownFieldsInvalidReferencesAndUnusableFilesWithoutPublishing() passed after 0.014 seconds.
trust	UNKNOWN STEP	2026-10-07T06:02:13.5401320Z ◇ Test compositionCLIRequiresExplicitFormatsAndAtomicallyRefusesExistingEntries() started.
trust	UNKNOWN STEP	2026-10-07T06:02:13.5401970Z ✔ Test compositionCLIRequiresExplicitFormatsAndAtomicallyRefusesExistingEntries() passed after 0.006 seconds.
trust	UNKNOWN STEP	2026-10-07T06:02:13.5402450Z ◇ Suite "Explicit-file insertion commands" started.
trust	UNKNOWN STEP	2026-10-07T06:02:13.5402930Z ◇ Test portableInsertPlacesFilesInRequestOrderAndWritesAReopenableDeterministicOutput() started.
trust	UNKNOWN STEP	2026-10-07T06:02:13.5403670Z ✔ Test portableInsertPlacesFilesInRequestOrderAndWritesAReopenableDeterministicOutput() passed after 0.064 seconds.
trust	UNKNOWN STEP	2026-10-07T06:02:13.5404290Z ◇ Test portableInsertPlacesWorldModelsAtExactInt64FocusStrings() started.
trust	UNKNOWN STEP	2026-10-07T06:02:13.5404830Z ✔ Test portableInsertPlacesWorldModelsAtExactInt64FocusStrings() passed after 0.036 seconds.
trust	UNKNOWN STEP	2026-10-07T06:02:13.5405500Z ◇ Test occupiedTargetsNeedExplicitPermissionAndReportWhatTheyReplace() started.
trust	UNKNOWN STEP	2026-10-07T06:02:13.5406110Z ✔ Test occupiedTargetsNeedExplicitPermissionAndReportWhatTheyReplace() passed after 0.047 seconds.
trust	UNKNOWN STEP	2026-10-07T06:02:13.5407040Z ◇ Test worldAndGenericMarkdownChildrenAreRefusedByNameWithoutWritingAnything() started.
trust	UNKNOWN STEP	2026-10-07T06:02:13.5407690Z ✔ Test worldAndGenericMarkdownChildrenAreRefusedByNameWithoutWritingAnything() passed after 0.019 seconds.
trust	UNKNOWN STEP	2026-10-07T06:02:13.5408320Z ◇ Test staleRevisionsExistingOutputsAndBadExtensionsRefuseWithoutWriting() started.
trust	UNKNOWN STEP	2026-10-07T06:02:13.5408950Z ✔ Test staleRevisionsExistingOutputsAndBadExtensionsRefuseWithoutWriting() passed after 0.014 seconds.
trust	UNKNOWN STEP	2026-10-07T06:02:13.5409480Z ◇ Test requestsAreStrictBoundedAndNameTheirMistakes() started.
trust	UNKNOWN STEP	2026-10-07T06:02:13.5409920Z ✔ Test requestsAreStrictBoundedAndNameTheirMistakes() passed after 0.085 seconds.
trust	UNKNOWN STEP	2026-10-07T06:02:13.5410410Z ◇ Test earlyChecksRefuseByCountCellAndSizeBeforeReadingFiles() started.
trust	UNKNOWN STEP	2026-10-07T06:02:13.5410930Z ✔ Test earlyChecksRefuseByCountCellAndSizeBeforeReadingFiles() passed after 0.029 seconds.
trust	UNKNOWN STEP	2026-10-07T06:02:13.5411390Z ◇ Test symbolicLinkChildrenAreRefusedByName() started.
trust	UNKNOWN STEP	2026-10-07T06:02:13.5411790Z ✔ Test symbolicLinkChildrenAreRefusedByName() passed after 0.009 seconds.
trust	UNKNOWN STEP	2026-10-07T06:02:13.5412350Z ◇ Test referenceInsertWritesANativeReadableCompositionAndWorldAndRefusesStaleStyleFields() started.
trust	UNKNOWN STEP	2026-10-07T06:02:13.5413110Z ✔ Test referenceInsertWritesANativeReadableCompositionAndWorldAndRefusesStaleStyleFields() passed after 0.015 seconds.
trust	UNKNOWN STEP	2026-10-07T06:02:13.5413720Z ◇ Test nativeBudgetRefusesAnInsertionThatWouldNotReopen() started.
trust	UNKNOWN STEP	2026-10-07T06:02:13.5414210Z ✔ Test nativeBudgetRefusesAnInsertionThatWouldNotReopen() passed after 0.640 seconds.
trust	UNKNOWN STEP	2026-10-07T06:02:13.5414840Z ◇ Test portableInsertIntoANativeInputKeepsChildMetadataAndNeverBlamesAnOpenSceneThatHasNone() started.
trust	UNKNOWN STEP	2026-10-07T06:02:13.5415620Z ✔ Test portableInsertIntoANativeInputKeepsChildMetadataAndNeverBlamesAnOpenSceneThatHasNone() passed after 0.045 seconds.
trust	UNKNOWN STEP	2026-10-07T06:02:13.5416380Z ◇ Test aNativeInputTooLargeForAPortableCopyIsRefusedNamingItAndPointingToReferenceInsert() started.
trust	UNKNOWN STEP	2026-10-07T06:02:13.5417140Z ✔ Test aNativeInputTooLargeForAPortableCopyIsRefusedNamingItAndPointingToReferenceInsert() passed after 11.024 seconds.
trust	UNKNOWN STEP	2026-10-07T06:02:13.5417730Z ◇ Test inputAndExpectedSceneFailuresNameTheirFile() started.
trust	UNKNOWN STEP	2026-10-07T06:02:13.5418170Z ✔ Test inputAndExpectedSceneFailuresNameTheirFile() passed after 0.008 seconds.
trust	UNKNOWN STEP	2026-10-07T06:02:13.5418600Z ◇ Test graphLimitsHitAfterReadingNameEveryListedFile() started.
trust	UNKNOWN STEP	2026-10-07T06:02:13.5419060Z ✔ Test graphLimitsHitAfterReadingNameEveryListedFile() passed after 0.008 seconds.
trust	UNKNOWN STEP	2026-10-07T06:02:13.5419590Z ◇ Test theResolvedVolumeBudgetRefusesByNameBeforeAnyHugeFileIsDecoded() started.
trust	UNKNOWN STEP	2026-10-07T06:02:13.5420180Z ✔ Test theResolvedVolumeBudgetRefusesByNameBeforeAnyHugeFileIsDecoded() passed after 0.005 seconds.
trust	UNKNOWN STEP	2026-10-07T06:02:13.5420770Z ◇ Test referenceReceiptNamesChildrenWhosePortableDataWasNotCarried() started.
trust	UNKNOWN STEP	2026-10-07T06:02:13.5421330Z ✔ Test referenceReceiptNamesChildrenWhosePortableDataWasNotCarried() passed after 0.006 seconds.
trust	UNKNOWN STEP	2026-10-07T06:02:13.5421830Z ◇ Test cancellationBeforePublicationLeavesNoFile() started.
trust	UNKNOWN STEP	2026-10-07T06:02:13.5422260Z ✔ Test cancellationBeforePublicationLeavesNoFile() passed after 0.003 seconds.
trust	UNKNOWN STEP	2026-10-07T06:02:13.5422710Z ✔ Suite "Explicit-file insertion commands" passed after 12.067 seconds.
trust	UNKNOWN STEP	2026-10-07T06:02:13.5423120Z ◇ Suite "Linked composition inputs to explicit-file commands" started.
trust	UNKNOWN STEP	2026-10-07T06:02:13.5423650Z ◇ Test everyCommandThatReadsAScenePathRefusesALinkedRootNamingItAndItsProjectFolder() started.
trust	UNKNOWN STEP	2026-10-07T06:02:13.5424360Z ✔ Test everyCommandThatReadsAScenePathRefusesALinkedRootNamingItAndItsProjectFolder() passed after 0.021 seconds.
trust	UNKNOWN STEP	2026-10-07T06:02:13.5424970Z ◇ Test aBinaryLinkedRootIsRefusedByNameWithTheSharedExplanation() started.
trust	UNKNOWN STEP	2026-10-07T06:02:13.5425610Z ✔ Test aBinaryLinkedRootIsRefusedByNameWithTheSharedExplanation() passed after 0.006 seconds.
trust	UNKNOWN STEP	2026-10-07T06:02:13.5426080Z ◇ Test otherInputsKeepTheirExistingRefusals() started.
trust	UNKNOWN STEP	2026-10-07T06:02:13.5426460Z ✔ Test otherInputsKeepTheirExistingRefusals() passed after 0.008 seconds.
trust	UNKNOWN STEP	2026-10-07T06:02:13.5427140Z ◇ Test portableInspectionReadsSelfContainedBundlesAsCompositionsWithoutTheProjectFolder() started.
trust	UNKNOWN STEP	2026-10-07T06:02:13.5427890Z ✔ Test portableInspectionReadsSelfContainedBundlesAsCompositionsWithoutTheProjectFolder() passed after 0.056 seconds.
trust	UNKNOWN STEP	2026-10-07T06:02:13.5428540Z ✔ Suite "Linked composition inputs to explicit-file commands" passed after 0.093 seconds.
trust	UNKNOWN STEP	2026-10-07T06:02:13.5428910Z ◇ Suite "Math ladder artifacts" started.
trust	UNKNOWN STEP	2026-10-07T06:02:13.5429230Z ◇ Test manifestListsTheLadderInOrderWithCatalogFacts() started.
trust	UNKNOWN STEP	2026-10-07T06:02:13.5429700Z ✔ Test manifestListsTheLadderInOrderWithCatalogFacts() passed after 0.001 seconds.
trust	UNKNOWN STEP	2026-10-07T06:02:13.5430190Z ◇ Test committedFilesMatchTheManifestAndOmitTheLargestEntries() started.
trust	UNKNOWN STEP	2026-10-07T06:02:13.5430730Z ✔ Test committedFilesMatchTheManifestAndOmitTheLargestEntries() passed after 0.006 seconds.
trust	UNKNOWN STEP	2026-10-07T06:02:13.5431230Z ◇ Test regeneratedModelArtifactsMatchTheCommittedFiles(_:) started.
trust	UNKNOWN STEP	2026-10-07T06:02:13.5431790Z ◇ Test case passing 1 argument model → .ripple to regeneratedModelArtifactsMatchTheCommittedFiles(_:) started.
trust	UNKNOWN STEP	2026-10-07T06:02:13.5432460Z ◇ Test case passing 1 argument model → .torus to regeneratedModelArtifactsMatchTheCommittedFiles(_:) started.
trust	UNKNOWN STEP	2026-10-07T06:02:13.5433100Z ◇ Test case passing 1 argument model → .gyroid to regeneratedModelArtifactsMatchTheCommittedFiles(_:) started.
trust	UNKNOWN STEP	2026-10-07T06:02:13.5433790Z ◇ Test case passing 1 argument model → .harmonicSphere to regeneratedModelArtifactsMatchTheCommittedFiles(_:) started.
trust	UNKNOWN STEP	2026-10-07T06:02:13.5434470Z ✔ Test regeneratedModelArtifactsMatchTheCommittedFiles(_:) with 4 test cases passed after 5.061 seconds.
trust	UNKNOWN STEP	2026-10-07T06:02:13.5435020Z ◇ Test regeneratedTerrainMatchesItsCommittedRecordAndPreview() started.
trust	UNKNOWN STEP	2026-10-07T06:02:13.5435540Z ✔ Test regeneratedTerrainMatchesItsCommittedRecordAndPreview() passed after 22.568 seconds.
trust	UNKNOWN STEP	2026-10-07T06:02:13.5436070Z ◇ Test previewComparisonToleratesAntialiasingButNotChangedContent() started.
trust	UNKNOWN STEP	2026-10-07T06:02:13.5436640Z ✔ Test previewComparisonToleratesAntialiasingButNotChangedContent() passed after 2.485 seconds.
trust	UNKNOWN STEP	2026-10-07T06:02:13.5437120Z ◇ Test directoryListingIgnoresOnlyHiddenEntries() started.
trust	UNKNOWN STEP	2026-10-07T06:02:13.5437540Z ✔ Test directoryListingIgnoresOnlyHiddenEntries() passed after 0.002 seconds.
trust	UNKNOWN STEP	2026-10-07T06:02:13.5438000Z ◇ Test readmeWritesEachUncommittedEntryOutsideTheRepository() started.
trust	UNKNOWN STEP	2026-10-07T06:02:13.5438510Z ✔ Test readmeWritesEachUncommittedEntryOutsideTheRepository() passed after 0.001 seconds.
trust	UNKNOWN STEP	2026-10-07T06:02:13.5438970Z ◇ Test worldRecordsMatchFreshlyGeneratedWorlds(_:) started.
trust	UNKNOWN STEP	2026-10-07T06:02:13.5439470Z ◇ Test case passing 1 argument world → .width1024 to worldRecordsMatchFreshlyGeneratedWorlds(_:) started.
trust	UNKNOWN STEP	2026-10-07T06:02:13.5440090Z ◇ Test case passing 1 argument world → .width10240 to worldRecordsMatchFreshlyGeneratedWorlds(_:) started.
trust	UNKNOWN STEP	2026-10-07T06:02:13.5440700Z ✔ Test worldRecordsMatchFreshlyGeneratedWorlds(_:) with 2 test cases passed after 5.078 seconds.
trust	UNKNOWN STEP	2026-10-07T06:02:13.5441180Z ◇ Test writesAWorldEntryToANewOutputThatReopens() started.
trust	UNKNOWN STEP	2026-10-07T06:02:13.5441600Z ✔ Test writesAWorldEntryToANewOutputThatReopens() passed after 10.740 seconds.
trust	UNKNOWN STEP	2026-10-07T06:02:13.5442060Z ◇ Test writesModelEntriesAsReadableOrCompactByExtension() started.
trust	UNKNOWN STEP	2026-10-07T06:02:13.5442540Z ✔ Test writesModelEntriesAsReadableOrCompactByExtension() passed after 0.019 seconds.
trust	UNKNOWN STEP	2026-10-07T06:02:13.5443050Z ◇ Test refusesExistingOutputsAndInvalidRequestsWithoutWriting() started.
trust	UNKNOWN STEP	2026-10-07T06:02:13.5443570Z ✔ Test refusesExistingOutputsAndInvalidRequestsWithoutWriting() passed after 0.001 seconds.
trust	UNKNOWN STEP	2026-10-07T06:02:13.5444050Z ◇ Test anOutputCreatedDuringGenerationIsPreserved() started.
trust	UNKNOWN STEP	2026-10-07T06:02:13.5444490Z ✔ Test anOutputCreatedDuringGenerationIsPreserved() passed after 0.026 seconds.
trust	UNKNOWN STEP	2026-10-07T06:02:13.5445190Z ◇ Test cancellationDuringGenerationWritesNothing() started.
trust	UNKNOWN STEP	2026-10-07T06:02:13.5445680Z ✔ Test cancellationDuringGenerationWritesNothing() passed after 0.001 seconds.
trust	UNKNOWN STEP	2026-10-07T06:02:13.5446170Z ✔ Suite "Math ladder artifacts" passed after 45.994 seconds.
trust	UNKNOWN STEP	2026-10-07T06:02:13.5446500Z ◇ Suite "Portable scene development commands" started.
trust	UNKNOWN STEP	2026-10-07T06:02:13.5447000Z ◇ Test exportAcceptsEveryLegacySceneAndPublishesBothPortableFormatsWithoutChangingInput() started.
trust	UNKNOWN STEP	2026-10-07T06:02:13.5447750Z ✔ Test exportAcceptsEveryLegacySceneAndPublishesBothPortableFormatsWithoutChangingInput() passed after 0.051 seconds.
trust	UNKNOWN STEP	2026-10-07T06:02:13.5448380Z ◇ Test inspectReportsStructuredDiagnosticsAndPortableSceneFacts() started.
trust	UNKNOWN STEP	2026-10-07T06:02:13.5448950Z ✔ Test inspectReportsStructuredDiagnosticsAndPortableSceneFacts() passed after 0.012 seconds.
trust	UNKNOWN STEP	2026-10-07T06:02:13.5449520Z ◇ Test applyUsesExactExpectedRevisionPreservesReferencesAndIsDeterministic() started.
trust	UNKNOWN STEP	2026-10-07T06:02:13.5450160Z ✔ Test applyUsesExactExpectedRevisionPreservesReferencesAndIsDeterministic() passed after 0.056 seconds.
trust	UNKNOWN STEP	2026-10-07T06:02:13.5450720Z ◇ Test staleSceneAndFailedCommandBatchNeverCreateOutput() started.
trust	UNKNOWN STEP	2026-10-07T06:02:13.5451200Z ✔ Test staleSceneAndFailedCommandBatchNeverCreateOutput() passed after 0.015 seconds.
trust	UNKNOWN STEP	2026-10-07T06:02:13.5451720Z ◇ Test requestsRejectUnknownDuplicateEquivalentAndOversizedFields() started.
trust	UNKNOWN STEP	2026-10-07T06:02:13.5452280Z ✔ Test requestsRejectUnknownDuplicateEquivalentAndOversizedFields() passed after 0.023 seconds.
trust	UNKNOWN STEP	2026-10-07T06:02:13.5452910Z ◇ Test exportsNeverOverwriteExistingFilesOrSymbolicLinksAndRejectUnknownExtensions() started.
trust	UNKNOWN STEP	2026-10-07T06:02:13.5453610Z ✔ Test exportsNeverOverwriteExistingFilesOrSymbolicLinksAndRejectUnknownExtensions() passed after 0.014 seconds.
trust	UNKNOWN STEP	2026-10-07T06:02:13.5454170Z ◇ Test cancellationBeforePublicationLeavesNoFile() started.
trust	UNKNOWN STEP	2026-10-07T06:02:13.5454600Z ✔ Test cancellationBeforePublicationLeavesNoFile() passed after 0.001 seconds.
trust	UNKNOWN STEP	2026-10-07T06:02:13.5455060Z ✔ Suite "Portable scene development commands" passed after 0.176 seconds.
trust	UNKNOWN STEP	2026-10-07T06:02:13.5455570Z ◇ Test referenceCLIInspectsSharedIDsAndProvidesACompleteExpectedModelSnapshot() started.
trust	UNKNOWN STEP	2026-10-07T06:02:13.5456250Z ✔ Test referenceCLIInspectsSharedIDsAndProvidesACompleteExpectedModelSnapshot() passed after 0.004 seconds.
trust	UNKNOWN STEP	2026-10-07T06:02:13.5456900Z ◇ Test referenceCLIInspectsWorldTransformsWithoutLosingLargeIntegerPrecision() started.
trust	UNKNOWN STEP	2026-10-07T06:02:13.5457560Z ✔ Test referenceCLIInspectsWorldTransformsWithoutLosingLargeIntegerPrecision() passed after 0.003 seconds.
trust	UNKNOWN STEP	2026-10-07T06:02:13.5458170Z ◇ Test referenceCLIUpdatesSharedCompositionLeafAndKeepsNestedBindings() started.
trust	UNKNOWN STEP	2026-10-07T06:02:13.5458770Z ✔ Test referenceCLIUpdatesSharedCompositionLeafAndKeepsNestedBindings() passed after 0.005 seconds.
trust	UNKNOWN STEP	2026-10-07T06:02:13.5459420Z ◇ Test referenceCLIUpdatesWorldLeafWithoutChangingInstancesOrFlatteningTheLibrary() started.
trust	UNKNOWN STEP	2026-10-07T06:02:13.5460120Z ✔ Test referenceCLIUpdatesWorldLeafWithoutChangingInstancesOrFlatteningTheLibrary() passed after 0.005 seconds.
trust	UNKNOWN STEP	2026-10-07T06:02:13.5460720Z ◇ Test referenceCLIMakesOneWorldLeafUniqueThenEditsOnlyItsCopy() started.
trust	UNKNOWN STEP	2026-10-07T06:02:13.5461260Z ✔ Test referenceCLIMakesOneWorldLeafUniqueThenEditsOnlyItsCopy() passed after 0.010 seconds.
trust	UNKNOWN STEP	2026-10-07T06:02:13.5461850Z ◇ Test referenceCLIRejectsStaleModelsEvenWhenDimensionsAndOccupiedCountsMatch() started.
trust	UNKNOWN STEP	2026-10-07T06:02:13.5462510Z ✔ Test referenceCLIRejectsStaleModelsEvenWhenDimensionsAndOccupiedCountsMatch() passed after 0.003 seconds.
trust	UNKNOWN STEP	2026-10-07T06:02:13.5463170Z ◇ Test referenceCLIRequiresCompleteMatchingSourceBytesForUniqueWorldInstances() started.
trust	UNKNOWN STEP	2026-10-07T06:02:13.5463820Z ✔ Test referenceCLIRequiresCompleteMatchingSourceBytesForUniqueWorldInstances() passed after 0.004 seconds.
trust	UNKNOWN STEP	2026-10-07T06:02:13.5464460Z ◇ Test referenceCLIRejectsUnknownInstancesExistingModelIDsAndNestedUniqueness() started.
trust	UNKNOWN STEP	2026-10-07T06:02:13.5465200Z ✔ Test referenceCLIRejectsUnknownInstancesExistingModelIDsAndNestedUniqueness() passed after 0.008 seconds.
trust	UNKNOWN STEP	2026-10-07T06:02:13.5465830Z ◇ Test referenceCLIFailedCommandsLeaveTheSourceAndOutputUntouched() started.
trust	UNKNOWN STEP	2026-10-07T06:02:13.5466460Z ✔ Test referenceCLIFailedCommandsLeaveTheSourceAndOutputUntouched() passed after 0.002 seconds.
trust	UNKNOWN STEP	2026-10-07T06:02:13.5467040Z ◇ Test referenceCLIRefusesTileEditingFlatteningAndAmbiguousRequestFields() started.
trust	UNKNOWN STEP	2026-10-07T06:02:13.5467660Z ✔ Test referenceCLIRefusesTileEditingFlatteningAndAmbiguousRequestFields() passed after 0.005 seconds.
trust	UNKNOWN STEP	2026-10-07T06:02:13.5468330Z ◇ Test referenceCLIRefusesExistingOutputsIncludingSourceDirectoriesAndDanglingLinks() started.
trust	UNKNOWN STEP	2026-10-07T06:02:13.5469040Z ✔ Test referenceCLIRefusesExistingOutputsIncludingSourceDirectoriesAndDanglingLinks() passed after 0.010 seconds.
trust	UNKNOWN STEP	2026-10-07T06:02:13.5469650Z ◇ Test referenceCLIBoundsRequestFilesAndRefusesNonRegularInputs() started.
trust	UNKNOWN STEP	2026-10-07T06:02:13.5470200Z ✔ Test referenceCLIBoundsRequestFilesAndRefusesNonRegularInputs() passed after 0.022 seconds.
trust	UNKNOWN STEP	2026-10-07T06:02:13.5470700Z ◇ Test referenceCLICancellationDoesNotPublishAFile() started.
trust	UNKNOWN STEP	2026-10-07T06:02:13.5471140Z ✔ Test referenceCLICancellationDoesNotPublishAFile() passed after 0.001 seconds.
trust	UNKNOWN STEP	2026-10-07T06:02:13.5471550Z ◇ Suite "Dense volume study reduced fixtures" started.
trust	UNKNOWN STEP	2026-10-07T06:02:13.5471950Z ◇ Test strictCLIRequiresAbsoluteNewOutputAndExplicitDenseOptIn() started.
trust	UNKNOWN STEP	2026-10-07T06:02:13.5472500Z ✔ Test strictCLIRequiresAbsoluteNewOutputAndExplicitDenseOptIn() passed after 0.001 seconds.
trust	UNKNOWN STEP	2026-10-07T06:02:13.5473040Z ◇ Test reducedDenseStudyTouchesHashesStreamsAndComparesEveryByte() started.
trust	UNKNOWN STEP	2026-10-07T06:02:13.5473580Z ✔ Test reducedDenseStudyTouchesHashesStreamsAndComparesEveryByte() passed after 0.003 seconds.
trust	UNKNOWN STEP	2026-10-07T06:02:13.5474170Z ◇ Test resourceGuardRefusesBeforeCreatingOutputAndHonorsKernelProcessLimit() started.
trust	UNKNOWN STEP	2026-10-07T06:02:13.5474810Z ✔ Test resourceGuardRefusesBeforeCreatingOutputAndHonorsKernelProcessLimit() passed after 0.001 seconds.
trust	UNKNOWN STEP	2026-10-07T06:02:13.5475440Z ◇ Test reduced64CubePatternCrossesEachBlockAxisAndHasAnIndependentDigest() started.
trust	UNKNOWN STEP	2026-10-07T06:02:13.5476060Z ✔ Test reduced64CubePatternCrossesEachBlockAxisAndHasAnIndependentDigest() passed after 0.058 seconds.
trust	UNKNOWN STEP	2026-10-07T06:02:13.5476690Z ◇ Test stagingReplacementBeforeEncodingOrPublicationPreservesForeignContent() started.
trust	UNKNOWN STEP	2026-10-07T06:02:13.5477340Z ✔ Test stagingReplacementBeforeEncodingOrPublicationPreservesForeignContent() passed after 0.005 seconds.
trust	UNKNOWN STEP	2026-10-07T06:02:13.5477940Z ◇ Test newOutputGuardPreservesExistingDirectoriesAndSymbolicLinks() started.
trust	UNKNOWN STEP	2026-10-07T06:02:13.5478500Z ✔ Test newOutputGuardPreservesExistingDirectoriesAndSymbolicLinks() passed after 0.001 seconds.
trust	UNKNOWN STEP	2026-10-07T06:02:13.5479150Z ◇ Test streamingVerificationRejectsCorruptionTruncationConcatenationAndLengthMismatch() started.
trust	UNKNOWN STEP	2026-10-07T06:02:13.5479880Z ✔ Test streamingVerificationRejectsCorruptionTruncationConcatenationAndLengthMismatch() passed after 0.318 seconds.
trust	UNKNOWN STEP	2026-10-07T06:02:13.5480530Z ◇ Test cancellationAfterAllocationCleansStagingAndPublishesNothing() started.
trust	UNKNOWN STEP	2026-10-07T06:02:13.5481100Z ✔ Test cancellationAfterAllocationCleansStagingAndPublishesNothing() passed after 0.016 seconds.
trust	UNKNOWN STEP	2026-10-07T06:02:13.5481610Z ✔ Suite "Dense volume study reduced fixtures" passed after 0.405 seconds.
trust	UNKNOWN STEP	2026-10-07T06:02:13.5481950Z ◇ Suite "Volume world study publication" started.
trust	UNKNOWN STEP	2026-10-07T06:02:13.5482340Z ◇ Test rejectsInvalidAndExistingDestinationsWithoutChangingThem() started.
trust	UNKNOWN STEP	2026-10-07T06:02:13.5482890Z ✔ Test rejectsInvalidAndExistingDestinationsWithoutChangingThem() passed after 0.001 seconds.
trust	UNKNOWN STEP	2026-10-07T06:02:13.5483380Z ◇ Test publishesSupportedWorldCopiesWithExactFacts() started.
trust	UNKNOWN STEP	2026-10-07T06:02:13.5483820Z ✔ Test publishesSupportedWorldCopiesWithExactFacts() passed after 35.252 seconds.
trust	UNKNOWN STEP	2026-10-07T06:02:13.5484320Z ◇ Test replacementDirectoryIsNeitherPublishedNorRecursivelyRemoved() started.
trust	UNKNOWN STEP	2026-10-07T06:02:13.5484890Z ✔ Test replacementDirectoryIsNeitherPublishedNorRecursivelyRemoved() passed after 0.003 seconds.
trust	UNKNOWN STEP	2026-10-07T06:02:13.5485530Z ◇ Test exclusiveDirectoryPublicationPreservesARacingExistingTarget() started.
trust	UNKNOWN STEP	2026-10-07T06:02:13.5486120Z ✔ Test exclusiveDirectoryPublicationPreservesARacingExistingTarget() passed after 0.001 seconds.
trust	UNKNOWN STEP	2026-10-07T06:02:13.5486850Z ◇ Test cleanupPreservesAReplacementFileInsideThePinnedStagingDirectory() started.
trust	UNKNOWN STEP	2026-10-07T06:02:13.5487450Z ✔ Test cleanupPreservesAReplacementFileInsideThePinnedStagingDirectory() passed after 0.001 seconds.
trust	UNKNOWN STEP	2026-10-07T06:02:13.5488070Z ◇ Test cancellationAfterCreatingStagingLeavesNoOutputOrTemporaryDirectory() started.
trust	UNKNOWN STEP	2026-10-07T06:02:13.5488700Z ✔ Test cancellationAfterCreatingStagingLeavesNoOutputOrTemporaryDirectory() passed after 0.001 seconds.
trust	UNKNOWN STEP	2026-10-07T06:02:13.5489250Z ✔ Suite "Volume world study publication" passed after 35.262 seconds.
trust	UNKNOWN STEP	2026-10-07T06:02:13.5489750Z ◇ Test sparseWorldCLIInspectKeepsExactCoordinatesAndExtractsOnlyAnExplicitModel() started.
trust	UNKNOWN STEP	2026-10-07T06:02:13.5490430Z ✔ Test sparseWorldCLIInspectKeepsExactCoordinatesAndExtractsOnlyAnExplicitModel() passed after 0.159 seconds.
trust	UNKNOWN STEP	2026-10-07T06:02:13.5491010Z ◇ Test directProcessExecutionDoesNotInterpretArgumentText() started.
trust	UNKNOWN STEP	2026-10-07T06:02:13.5491510Z ✔ Test directProcessExecutionDoesNotInterpretArgumentText() passed after 0.005 seconds.
trust	UNKNOWN STEP	2026-10-07T06:02:13.5491990Z ◇ Test incorrectPinnedVersionStopsBeforeRunningTheTool() started.
trust	UNKNOWN STEP	2026-10-07T06:02:13.5492460Z ✔ Test incorrectPinnedVersionStopsBeforeRunningTheTool() passed after 0.001 seconds.
trust	UNKNOWN STEP	2026-10-07T06:02:13.5492970Z ◇ Test specArgumentsRemainLiteralArgumentsAndFailuresPropagate() started.
trust	UNKNOWN STEP	2026-10-07T06:02:13.5493290Z failed
trust	UNKNOWN STEP	2026-10-07T06:02:13.5493630Z ✔ Test specArgumentsRemainLiteralArgumentsAndFailuresPropagate() passed after 0.001 seconds.
trust	UNKNOWN STEP	2026-10-07T06:02:13.5494120Z ◇ Test failedReleaseBuildDoesNotScanAnOldExecutable() started.
trust	UNKNOWN STEP	2026-10-07T06:02:13.5495120Z build failed✔ Test failedReleaseBuildDoesNotScanAnOldExecutable() passed after 0.001 seconds.
trust	UNKNOWN STEP	2026-10-07T06:02:13.5496290Z ◇ Test failedPackagingReleaseBuildDoesNotCopyAnOldExecutableOrReplaceTheBundle() started.
trust	UNKNOWN STEP	2026-10-07T06:02:13.5497100Z release build failed✔ Test failedPackagingReleaseBuildDoesNotCopyAnOldExecutableOrReplaceTheBundle() passed after 0.004 seconds.
trust	UNKNOWN STEP	2026-10-07T06:02:13.5497760Z ◇ Test sourceScanRejectsNetworkProcessAndCoreBridges() started.
trust	UNKNOWN STEP	2026-10-07T06:02:13.5498230Z ✔ Test sourceScanRejectsNetworkProcessAndCoreBridges() passed after 0.012 seconds.
trust	UNKNOWN STEP	2026-10-07T06:02:13.5498760Z ◇ Test entitlementCheckRequiresExactlyTheSandboxAndUserSelectedKeys() started.
trust	UNKNOWN STEP	2026-10-07T06:02:13.5499500Z ✔ Test entitlementCheckRequiresExactlyTheSandboxAndUserSelectedKeys() passed after 0.004 seconds.
trust	UNKNOWN STEP	2026-10-07T06:02:13.5500060Z ◇ Test boundaryStepRefusesAnAddedEntitlementBeforeRunningAnyTool() started.
trust	UNKNOWN STEP	2026-10-07T06:02:13.5500610Z ✔ Test boundaryStepRefusesAnAddedEntitlementBeforeRunningAnyTool() passed after 0.002 seconds.
trust	UNKNOWN STEP	2026-10-07T06:02:13.5501140Z ◇ Test productSourcesRefuseStoredDefaultsKeysOtherThanAppearance() started.
trust	UNKNOWN STEP	2026-10-07T06:02:13.5501700Z ✔ Test productSourcesRefuseStoredDefaultsKeysOtherThanAppearance() passed after 0.032 seconds.
trust	UNKNOWN STEP	2026-10-07T06:02:13.5502230Z ◇ Test productSourcesRefuseFileWatchersAndSecurityScopedBookmarks() started.
trust	UNKNOWN STEP	2026-10-07T06:02:13.5502780Z ✔ Test productSourcesRefuseFileWatchersAndSecurityScopedBookmarks() passed after 0.018 seconds.
trust	UNKNOWN STEP	2026-10-07T06:02:13.5503310Z ◇ Test currentRepositorySourcesAndEntitlementsPassTheBoundaryScan() started.
trust	UNKNOWN STEP	2026-10-07T06:02:13.5503870Z ✔ Test currentRepositorySourcesAndEntitlementsPassTheBoundaryScan() passed after 0.938 seconds.
trust	UNKNOWN STEP	2026-10-07T06:02:13.5504430Z ◇ Test productDependencyGraphRejectsTransitiveToolingAndUnknownEdges() started.
trust	UNKNOWN STEP	2026-10-07T06:02:13.5505020Z ✔ Test productDependencyGraphRejectsTransitiveToolingAndUnknownEdges() passed after 0.001 seconds.
trust	UNKNOWN STEP	2026-10-07T06:02:13.5505550Z ◇ Test releaseMarkerScanIncludesEmbeddedUnprintableBytes() started.
trust	UNKNOWN STEP	2026-10-07T06:02:13.5506040Z ✔ Test releaseMarkerScanIncludesEmbeddedUnprintableBytes() passed after 0.001 seconds.
trust	UNKNOWN STEP	2026-10-07T06:02:13.5507120Z ◇ Test repositoryInventoryRejectsPythonAndShellProgramsOutsideDependencies() started.
trust	UNKNOWN STEP	2026-10-07T06:02:13.5507780Z ✔ Test repositoryInventoryRejectsPythonAndShellProgramsOutsideDependencies() passed after 0.001 seconds.
trust	UNKNOWN STEP	2026-10-07T06:02:13.5508570Z ◇ Test failedRepositoryInventoryCannotPassSourceBoundaries() started.
trust	UNKNOWN STEP	2026-10-07T06:02:13.5508900Z git failed✔ Test failedRepositoryInventoryCannotPassSourceBoundaries() passed after 0.015 seconds.
trust	UNKNOWN STEP	2026-10-07T06:02:13.5509120Z ◇ Test signingFailurePreservesTheExistingBundleAndRemovesStaging() started.
trust	UNKNOWN STEP	2026-10-07T06:02:13.5509460Z signing failed✔ Test signingFailurePreservesTheExistingBundleAndRemovesStaging() passed after 0.006 seconds.
trust	UNKNOWN STEP	2026-10-07T06:02:13.5509730Z ◇ Test successfulPackagingBuildsAndCopiesReleaseBeforeReplacingTheOwnedBundle() started.
trust	UNKNOWN STEP	2026-10-07T06:02:13.5510300Z release builtsignedverifiedentitlementspackaged /var/folders/5k/616qy7sj28l0d53k4c6w_4x00000gn/T/rook-tooling-test-4889CC62-D578-4C92-87D5-E057A64C7AA5/dist/Rook.app; local ad-hoc signature, not notarized
trust	UNKNOWN STEP	2026-10-07T06:02:13.5510650Z ✔ Test successfulPackagingBuildsAndCopiesReleaseBeforeReplacingTheOwnedBundle() passed after 0.029 seconds.
trust	UNKNOWN STEP	2026-10-07T06:02:13.5510850Z ◇ Test packagingDoesNotFallBackToDebugWhenReleaseIsMissing() started.
trust	UNKNOWN STEP	2026-10-07T06:02:13.5511110Z ✔ Test packagingDoesNotFallBackToDebugWhenReleaseIsMissing() passed after 0.003 seconds.
trust	UNKNOWN STEP	2026-10-07T06:02:13.5511340Z ◇ Test packagingRefusesUnrelatedBundlesAndSymbolicLinkDestinations() started.
trust	UNKNOWN STEP	2026-10-07T06:02:13.5511640Z ✔ Test packagingRefusesUnrelatedBundlesAndSymbolicLinkDestinations() passed after 0.004 seconds.
trust	UNKNOWN STEP	2026-10-07T06:02:13.5511770Z ◇ Test runnerAcceptsCompleteSwiftChild() started.
trust	UNKNOWN STEP	2026-10-07T06:02:13.5511950Z ✔ Test runnerAcceptsCompleteSwiftChild() passed after 0.425 seconds.
trust	UNKNOWN STEP	2026-10-07T06:02:13.5512110Z ◇ Test runnerRejectsPrematureSwiftChildExitZero() started.
trust	UNKNOWN STEP	2026-10-07T06:02:13.5512330Z ✔ Test runnerRejectsPrematureSwiftChildExitZero() passed after 0.202 seconds.
trust	UNKNOWN STEP	2026-10-07T06:02:13.5512510Z ◇ Test runnerRejectsSwiftChildRecordedIssueAtExitZero() started.
trust	UNKNOWN STEP	2026-10-07T06:02:13.5512750Z ✔ Test runnerRejectsSwiftChildRecordedIssueAtExitZero() passed after 0.201 seconds.
trust	UNKNOWN STEP	2026-10-07T06:02:13.5512900Z ◇ Test runnerPreservesActualSwiftChildExitSeven() started.
trust	UNKNOWN STEP	2026-10-07T06:02:13.5513520Z ✔ Test runnerPreservesActualSwiftChildExitSeven() passed after 0.201 seconds.
trust	UNKNOWN STEP	2026-10-07T06:02:13.5513830Z ◇ Test runnerDoesNotOverwriteRetainedEvidence() started.
trust	UNKNOWN STEP	2026-10-07T06:02:13.5514050Z ✔ Test runnerDoesNotOverwriteRetainedEvidence() passed after 0.001 seconds.
trust	UNKNOWN STEP	2026-10-07T06:02:13.5514240Z ◇ Test completeSwiftTestingRunIsAcceptedWithTypedSummary() started.
trust	UNKNOWN STEP	2026-10-07T06:02:13.5514500Z ✔ Test completeSwiftTestingRunIsAcceptedWithTypedSummary() passed after 0.008 seconds.
trust	UNKNOWN STEP	2026-10-07T06:02:13.5514670Z ◇ Test recordedIssuesAndMissingSummaryAreBothRejected() started.
trust	UNKNOWN STEP	2026-10-07T06:02:13.5514910Z ✔ Test recordedIssuesAndMissingSummaryAreBothRejected() passed after 0.007 seconds.
trust	UNKNOWN STEP	2026-10-07T06:02:13.5515050Z ◇ Test incompleteRunWithoutFailureCannotPass() started.
trust	UNKNOWN STEP	2026-10-07T06:02:13.5515280Z ✔ Test incompleteRunWithoutFailureCannotPass() passed after 0.008 seconds.
trust	UNKNOWN STEP	2026-10-07T06:02:13.5515400Z ◇ Test xctestZeroAloneCannotPass() started.
trust	UNKNOWN STEP	2026-10-07T06:02:13.5515570Z ✔ Test xctestZeroAloneCannotPass() passed after 0.005 seconds.
trust	UNKNOWN STEP	2026-10-07T06:02:13.5515710Z ◇ Test ansiUnicodeAndCIFormattingAreAccepted() started.
trust	UNKNOWN STEP	2026-10-07T06:02:13.5515910Z ✔ Test ansiUnicodeAndCIFormattingAreAccepted() passed after 0.003 seconds.
trust	UNKNOWN STEP	2026-10-07T06:02:13.5516080Z ◇ Test failureWordsInsidePassingTestNamesAreNotIssues() started.
trust	UNKNOWN STEP	2026-10-07T06:02:13.5516320Z ✔ Test failureWordsInsidePassingTestNamesAreNotIssues() passed after 0.008 seconds.
trust	UNKNOWN STEP	2026-10-07T06:02:13.5516500Z ◇ Test upstreamFailureCannotBeHiddenBySuccessfulSummary() started.
trust	UNKNOWN STEP	2026-10-07T06:02:13.5516740Z ✔ Test upstreamFailureCannotBeHiddenBySuccessfulSummary() passed after 0.006 seconds.
trust	UNKNOWN STEP	2026-10-07T06:02:13.5516920Z ◇ Test earlierIssueCannotBeHiddenBySuccessfulSummary() started.
trust	UNKNOWN STEP	2026-10-07T06:02:13.5517560Z ✔ Test earlierIssueCannotBeHiddenBySuccessfulSummary() passed after 0.008 seconds.
trust	UNKNOWN STEP	2026-10-07T06:02:13.5517750Z ◇ Test earlierSummaryCannotHideALaterUnfinishedRun() started.
trust	UNKNOWN STEP	2026-10-07T06:02:13.5518130Z ✔ Test earlierSummaryCannotHideALaterUnfinishedRun() passed after 0.012 seconds.
trust	UNKNOWN STEP	2026-10-07T06:02:13.5518260Z ◇ Test zeroSwiftTestingCountIsRejected() started.
trust	UNKNOWN STEP	2026-10-07T06:02:13.5518440Z ✔ Test zeroSwiftTestingCountIsRejected() passed after 0.003 seconds.
trust	UNKNOWN STEP	2026-10-07T06:02:13.5518660Z ◇ Test explicitExpectedCountIsEnforcedWithoutAProductCountPin() started.
trust	UNKNOWN STEP	2026-10-07T06:02:13.5518930Z ✔ Test explicitExpectedCountIsEnforcedWithoutAProductCountPin() passed after 0.011 seconds.
trust	UNKNOWN STEP	2026-10-07T06:02:13.5519130Z ◇ Test xctestFailureIsRejectedEvenWithSwiftTestingSuccess() started.
trust	UNKNOWN STEP	2026-10-07T06:02:13.5519380Z ✔ Test xctestFailureIsRejectedEvenWithSwiftTestingSuccess() passed after 0.005 seconds.
trust	UNKNOWN STEP	2026-10-07T06:02:13.5519540Z ✔ Test run with 637 tests in 53 suites passed after 530.453 seconds.
trust	UNKNOWN STEP	2026-10-07T06:02:13.5519550Z 
trust	UNKNOWN STEP	2026-10-07T06:02:13.5519980Z Retained test log: /Volumes/NVME/runners/actions-runner-1/_work/sculpt-3md/sculpt-3md/.build/verification/1989A4FE-F946-4EA9-B8E1-3ACC2D0ECFA8/swift-test.log
trust	UNKNOWN STEP	2026-10-07T06:02:13.5520410Z Test receipt: /Volumes/NVME/runners/actions-runner-1/_work/sculpt-3md/sculpt-3md/.build/verification/1989A4FE-F946-4EA9-B8E1-3ACC2D0ECFA8/swift-test-result.json
trust	UNKNOWN STEP	2026-10-07T06:02:13.5520510Z   ✔ Step 3 done (8m 58.591s)
trust	UNKNOWN STEP	2026-10-07T06:02:13.5520590Z   ▶️ Running task: intent
trust	UNKNOWN STEP	2026-10-07T06:02:14.4053340Z 48 criteria · 12 families · 12 files · 53 retired
trust	UNKNOWN STEP	2026-10-07T06:02:14.4062460Z   ✔ Step 4 done (948ms)
trust	UNKNOWN STEP	2026-10-07T06:02:14.4062690Z   ▶️ Running task: spec
trust	UNKNOWN STEP	2026-10-07T06:02:15.2961670Z 
trust	UNKNOWN STEP	2026-10-07T06:02:15.2962620Z specs/RookApp/RookApp.spec.md
trust	UNKNOWN STEP	2026-10-07T06:02:15.2962980Z   ✓ Frontmatter valid
trust	UNKNOWN STEP	2026-10-07T06:02:15.2963190Z   ✓ All source files exist
trust	UNKNOWN STEP	2026-10-07T06:02:15.2963410Z   ✓ All required sections present
trust	UNKNOWN STEP	2026-10-07T06:02:15.2963630Z   ✓ All dependency specs exist
trust	UNKNOWN STEP	2026-10-07T06:02:15.2963760Z 
trust	UNKNOWN STEP	2026-10-07T06:02:15.2963880Z specs/RookCore/RookCore.spec.md
trust	UNKNOWN STEP	2026-10-07T06:02:15.2964090Z   ✓ Frontmatter valid
trust	UNKNOWN STEP	2026-10-07T06:02:15.2964270Z   ✓ All source files exist
trust	UNKNOWN STEP	2026-10-07T06:02:15.2964480Z   ✓ All required sections present
trust	UNKNOWN STEP	2026-10-07T06:02:15.2964690Z   ✓ 6/6 exports documented
trust	UNKNOWN STEP	2026-10-07T06:02:15.2964900Z   ✓ All dependency specs exist
trust	UNKNOWN STEP	2026-10-07T06:02:15.2965010Z 
trust	UNKNOWN STEP	2026-10-07T06:02:15.2965110Z specs/RookDevelopment/RookDevelopment.spec.md
trust	UNKNOWN STEP	2026-10-07T06:02:15.2965350Z   ✓ Frontmatter valid
trust	UNKNOWN STEP	2026-10-07T06:02:15.2965520Z   ✓ All source files exist
trust	UNKNOWN STEP	2026-10-07T06:02:15.2965720Z   ✓ All required sections present
trust	UNKNOWN STEP	2026-10-07T06:02:15.2965940Z   ✓ 70/70 exports documented
trust	UNKNOWN STEP	2026-10-07T06:02:15.2966140Z   ✓ All dependency specs exist
trust	UNKNOWN STEP	2026-10-07T06:02:15.2966260Z 
trust	UNKNOWN STEP	2026-10-07T06:02:15.2966350Z specs/RookRendering/RookRendering.spec.md
trust	UNKNOWN STEP	2026-10-07T06:02:15.2966570Z   ✓ Frontmatter valid
trust	UNKNOWN STEP	2026-10-07T06:02:15.2966740Z   ✓ All source files exist
trust	UNKNOWN STEP	2026-10-07T06:02:15.2966940Z   ✓ All required sections present
trust	UNKNOWN STEP	2026-10-07T06:02:15.2967160Z   ✓ 139/139 exports documented
trust	UNKNOWN STEP	2026-10-07T06:02:15.2967360Z   ✓ All dependency specs exist
trust	UNKNOWN STEP	2026-10-07T06:02:15.2967480Z 
trust	UNKNOWN STEP	2026-10-07T06:02:15.2967570Z specs/RookSculpture/RookSculpture.spec.md
trust	UNKNOWN STEP	2026-10-07T06:02:15.2967800Z   ✓ Frontmatter valid
trust	UNKNOWN STEP	2026-10-07T06:02:15.2967980Z   ✓ All source files exist
trust	UNKNOWN STEP	2026-10-07T06:02:15.2968170Z   ✓ All required sections present
trust	UNKNOWN STEP	2026-10-07T06:02:15.2968380Z   ✓ 307/307 exports documented
trust	UNKNOWN STEP	2026-10-07T06:02:15.2968580Z   ✓ All dependency specs exist
trust	UNKNOWN STEP	2026-10-07T06:02:15.2968700Z 
trust	UNKNOWN STEP	2026-10-07T06:02:15.2968790Z 5 specs checked: 5 passed, 0 warning(s), 0 failed
trust	UNKNOWN STEP	2026-10-07T06:02:15.2969020Z File coverage: 92/92 (100%)
trust	UNKNOWN STEP	2026-10-07T06:02:15.2969190Z LOC coverage:  25533/25533 (100%)
trust	UNKNOWN STEP	2026-10-07T06:02:15.2970570Z   ✔ Step 5 done (890ms)
trust	UNKNOWN STEP	2026-10-07T06:02:15.2970770Z   ▶️ Running task: boundaries
trust	UNKNOWN STEP	2026-10-07T06:02:17.4054160Z source boundary scan passed; product targets exclude development tooling
trust	UNKNOWN STEP	2026-10-07T06:02:17.4067540Z   ✔ Step 6 done (2.109s)
trust	UNKNOWN STEP	2026-10-07T06:02:17.4068890Z   ▶️ Running task: release-fixture
trust	UNKNOWN STEP	2026-10-07T06:03:29.0037150Z Building for production...
trust	UNKNOWN STEP	2026-10-07T06:03:29.0037420Z [0/8] Write sources
trust	UNKNOWN STEP	2026-10-07T06:03:29.0037610Z [5/8] Write swift-version--58304C5D6DBC2206.txt
trust	UNKNOWN STEP	2026-10-07T06:03:29.0038210Z [7/10] Compiling RookCore AppAppearance.swift
trust	UNKNOWN STEP	2026-10-07T06:03:29.0038460Z [8/10] Compiling ThreeMD Axis.swift
trust	UNKNOWN STEP	2026-10-07T06:03:29.0038680Z [9/11] Compiling RookSculpture Sculpture.swift
trust	UNKNOWN STEP	2026-10-07T06:03:29.0038980Z [10/12] Compiling RookRendering MetalSculptureView.swift
trust	UNKNOWN STEP	2026-10-07T06:03:29.0039250Z [11/13] Compiling RookApp Brand.swift
trust	UNKNOWN STEP	2026-10-07T06:03:29.0039450Z [11/13] Write Objects.LinkFileList
trust	UNKNOWN STEP	2026-10-07T06:03:29.0039630Z [12/13] Linking Rook
trust	UNKNOWN STEP	2026-10-07T06:03:29.0039810Z Build of product 'Rook' complete! (70.27s)
trust	UNKNOWN STEP	2026-10-07T06:03:29.0097280Z release fixture strings are absent
trust	UNKNOWN STEP	2026-10-07T06:03:29.0109390Z   ✔ Step 7 done (1m 11.604s)
trust	UNKNOWN STEP	2026-10-07T06:03:29.0109690Z ✅ Lane verify completed (7 steps in 11m 14.644s)
trust	UNKNOWN STEP	2026-10-07T06:03:29.0277930Z ##[end-action id=__CorvidLabs_trust.lifecycle;outcome=success;conclusion=success;duration_ms=675498]
trust	UNKNOWN STEP	2026-10-07T06:03:29.0286760Z ##[start-action display=Revalidate SpecSync contract inputs;id=__CorvidLabs_trust.__run_2]
trust	UNKNOWN STEP	2026-10-07T06:03:29.0331610Z ##[group]Run set -euo pipefail
trust	UNKNOWN STEP	2026-10-07T06:03:29.0331830Z ^[[36;1mset -euo pipefail^[[0m
trust	UNKNOWN STEP	2026-10-07T06:03:29.0332150Z ^[[36;1mpython3 "$GITHUB_ACTION_PATH/scripts/trust_cli.py" action-revalidate-specsync \^[[0m
trust	UNKNOWN STEP	2026-10-07T06:03:29.0332540Z ^[[36;1m  --specsync-version "$SPECSYNC_VERSION" \^[[0m
trust	UNKNOWN STEP	2026-10-07T06:03:29.0332860Z ^[[36;1m  --specsync-download-base-url "$SPECSYNC_DOWNLOAD_BASE_URL" \^[[0m
trust	UNKNOWN STEP	2026-10-07T06:03:29.0333170Z ^[[36;1m  --runner-temp "$RUNNER_TEMP"^[[0m
trust	UNKNOWN STEP	2026-10-07T06:03:29.0609760Z shell: /bin/bash --noprofile --norc -e -o pipefail {0}
trust	UNKNOWN STEP	2026-10-07T06:03:29.0610030Z env:
trust	UNKNOWN STEP	2026-10-07T06:03:29.0610170Z   ROOK_HI: /opt/homebrew/bin/hi
trust	UNKNOWN STEP	2026-10-07T06:03:29.0610380Z   ROOK_SPECSYNC: /opt/homebrew/bin/specsync
trust	UNKNOWN STEP	2026-10-07T06:03:29.0610610Z   FLEDGE_NON_INTERACTIVE: 1
trust	UNKNOWN STEP	2026-10-07T06:03:29.0610780Z   GIT_CONFIG_GLOBAL: /dev/null
trust	UNKNOWN STEP	2026-10-07T06:03:29.0610970Z   SPECSYNC_VERSION: 6.0.0
trust	UNKNOWN STEP	2026-10-07T06:03:29.0611140Z   SPECSYNC_DOWNLOAD_BASE_URL: 
trust	UNKNOWN STEP	2026-10-07T06:03:29.0611400Z   RUNNER_TEMP: /Volumes/NVME/runners/actions-runner-1/_work/_temp
trust	UNKNOWN STEP	2026-10-07T06:03:29.0611670Z ##[endgroup]
trust	UNKNOWN STEP	2026-10-07T06:03:29.2354210Z ##[end-action id=__CorvidLabs_trust.__run_2;outcome=success;conclusion=success;duration_ms=206]
trust	UNKNOWN STEP	2026-10-07T06:03:29.2356340Z ##[start-action display=Contract gate;id=__CorvidLabs_trust.contract]
trust	UNKNOWN STEP	2026-10-07T06:03:29.2480820Z ##[group]Run CorvidLabs/spec-sync@3c2ed4972c8c53ae02ab5dd5775beccd6da3eeb8
trust	UNKNOWN STEP	2026-10-07T06:03:29.2481240Z with:
trust	UNKNOWN STEP	2026-10-07T06:03:29.2481410Z   version: 6.0.0
trust	UNKNOWN STEP	2026-10-07T06:03:29.2481630Z   root: .
trust	UNKNOWN STEP	2026-10-07T06:03:29.2481820Z   strict: false
trust	UNKNOWN STEP	2026-10-07T06:03:29.2482020Z   require-coverage: 100
trust	UNKNOWN STEP	2026-10-07T06:03:29.2482270Z   lifecycle-enforce: false
trust	UNKNOWN STEP	2026-10-07T06:03:29.2482500Z   comment: false
trust	UNKNOWN STEP	2026-10-07T06:03:29.2485330Z   token: ***
trust	UNKNOWN STEP	2026-10-07T06:03:29.2485570Z env:
trust	UNKNOWN STEP	2026-10-07T06:03:29.2485840Z   ROOK_HI: /opt/homebrew/bin/hi
trust	UNKNOWN STEP	2026-10-07T06:03:29.2486090Z   ROOK_SPECSYNC: /opt/homebrew/bin/specsync
trust	UNKNOWN STEP	2026-10-07T06:03:29.2486330Z   FLEDGE_NON_INTERACTIVE: 1
trust	UNKNOWN STEP	2026-10-07T06:03:29.2486570Z   GIT_CONFIG_GLOBAL: /dev/null
trust	UNKNOWN STEP	2026-10-07T06:03:29.2486750Z ##[endgroup]
trust	UNKNOWN STEP	2026-10-07T06:03:29.2492160Z ##[start-action display=Download SpecSync;id=__CorvidLabs_trust.contract.__run]
trust	UNKNOWN STEP	2026-10-07T06:03:29.2513470Z ##[group]Run set -euo pipefail
trust	UNKNOWN STEP	2026-10-07T06:03:29.2513770Z ^[[36;1mset -euo pipefail^[[0m
trust	UNKNOWN STEP	2026-10-07T06:03:29.2513980Z ^[[36;1m^[[0m
trust	UNKNOWN STEP	2026-10-07T06:03:29.2514130Z ^[[36;1m# Detect OS^[[0m
trust	UNKNOWN STEP	2026-10-07T06:03:29.2514320Z ^[[36;1mcase "$RUNNER_OS" in^[[0m
trust	UNKNOWN STEP	2026-10-07T06:03:29.2514550Z ^[[36;1m  Linux)   OS="linux" ;;^[[0m
trust	UNKNOWN STEP	2026-10-07T06:03:29.2514760Z ^[[36;1m  macOS)   OS="macos" ;;^[[0m
trust	UNKNOWN STEP	2026-10-07T06:03:29.2514980Z ^[[36;1m  Windows)^[[0m
trust	UNKNOWN STEP	2026-10-07T06:03:29.2515770Z ^[[36;1m    echo "::error::Windows is not a supported target as of SpecSync 6.0; no Windows binary is published. Run SpecSync under WSL, or build from source with 'cargo install specsync'."^[[0m
trust	UNKNOWN STEP	2026-10-07T06:03:29.2516370Z ^[[36;1m    exit 1^[[0m
trust	UNKNOWN STEP	2026-10-07T06:03:29.2516540Z ^[[36;1m    ;;^[[0m
trust	UNKNOWN STEP	2026-10-07T06:03:29.2516690Z ^[[36;1m  *)^[[0m
trust	UNKNOWN STEP	2026-10-07T06:03:29.2517310Z ^[[36;1m    echo "::error::Unsupported runner OS: $RUNNER_OS"^[[0m
trust	UNKNOWN STEP	2026-10-07T06:03:29.2517690Z ^[[36;1m    exit 1^[[0m
trust	UNKNOWN STEP	2026-10-07T06:03:29.2517890Z ^[[36;1m    ;;^[[0m
trust	UNKNOWN STEP	2026-10-07T06:03:29.2518070Z ^[[36;1mesac^[[0m
trust	UNKNOWN STEP	2026-10-07T06:03:29.2518230Z ^[[36;1m^[[0m
trust	UNKNOWN STEP	2026-10-07T06:03:29.2518400Z ^[[36;1m# Detect architecture^[[0m
trust	UNKNOWN STEP	2026-10-07T06:03:29.2518610Z ^[[36;1mARCH="$(uname -m)"^[[0m
trust	UNKNOWN STEP	2026-10-07T06:03:29.2518820Z ^[[36;1mcase "$ARCH" in^[[0m
trust	UNKNOWN STEP	2026-10-07T06:03:29.2519010Z ^[[36;1m  x86_64|amd64)  ARCH="x86_64" ;;^[[0m
trust	UNKNOWN STEP	2026-10-07T06:03:29.2519270Z ^[[36;1m  aarch64|arm64) ARCH="aarch64" ;;^[[0m
trust	UNKNOWN STEP	2026-10-07T06:03:29.2519490Z ^[[36;1m  *)^[[0m
trust	UNKNOWN STEP	2026-10-07T06:03:29.2519700Z ^[[36;1m    echo "::error::Unsupported architecture: $ARCH"^[[0m
trust	UNKNOWN STEP	2026-10-07T06:03:29.2519960Z ^[[36;1m    exit 1^[[0m
trust	UNKNOWN STEP	2026-10-07T06:03:29.2520140Z ^[[36;1m    ;;^[[0m
trust	UNKNOWN STEP	2026-10-07T06:03:29.2520330Z ^[[36;1mesac^[[0m
trust	UNKNOWN STEP	2026-10-07T06:03:29.2520490Z ^[[36;1m^[[0m
trust	UNKNOWN STEP	2026-10-07T06:03:29.2520640Z ^[[36;1mREPO="CorvidLabs/spec-sync"^[[0m
trust	UNKNOWN STEP	2026-10-07T06:03:29.2520840Z ^[[36;1m^[[0m
trust	UNKNOWN STEP	2026-10-07T06:03:29.2521010Z ^[[36;1m# Determine download URL^[[0m
trust	UNKNOWN STEP	2026-10-07T06:03:29.2521240Z ^[[36;1mif [ -n "$SPECSYNC_DOWNLOAD_BASE_URL" ]; then^[[0m
trust	UNKNOWN STEP	2026-10-07T06:03:29.2521580Z ^[[36;1m  BASE_URL="${SPECSYNC_DOWNLOAD_BASE_URL%/}"^[[0m
trust	UNKNOWN STEP	2026-10-07T06:03:29.2521870Z ^[[36;1melif [ "$SPECSYNC_VERSION" = "latest" ]; then^[[0m
trust	UNKNOWN STEP	2026-10-07T06:03:29.2522230Z ^[[36;1m  BASE_URL="https://github.com/${REPO}/releases/latest/download"^[[0m
trust	UNKNOWN STEP	2026-10-07T06:03:29.2522570Z ^[[36;1melse^[[0m
trust	UNKNOWN STEP	2026-10-07T06:03:29.2522840Z ^[[36;1m  BASE_URL="https://github.com/${REPO}/releases/download/v${SPECSYNC_VERSION}"^[[0m
trust	UNKNOWN STEP	2026-10-07T06:03:29.2523190Z ^[[36;1mfi^[[0m
trust	UNKNOWN STEP	2026-10-07T06:03:29.2523340Z ^[[36;1m^[[0m
trust	UNKNOWN STEP	2026-10-07T06:03:29.2523500Z ^[[36;1m# Download and install^[[0m
trust	UNKNOWN STEP	2026-10-07T06:03:29.2523710Z ^[[36;1mINSTALL_DIR="${RUNNER_TEMP}/specsync"^[[0m
trust	UNKNOWN STEP	2026-10-07T06:03:29.2523950Z ^[[36;1mmkdir -p "$INSTALL_DIR"^[[0m
trust	UNKNOWN STEP	2026-10-07T06:03:29.2524130Z ^[[36;1m^[[0m
trust	UNKNOWN STEP	2026-10-07T06:03:29.2524310Z ^[[36;1mARCHIVE="specsync-${OS}-${ARCH}.tar.gz"^[[0m
trust	UNKNOWN STEP	2026-10-07T06:03:29.2524650Z ^[[36;1mcurl -fsSL "${BASE_URL}/${ARCHIVE}" -o "${INSTALL_DIR}/${ARCHIVE}"^[[0m
trust	UNKNOWN STEP	2026-10-07T06:03:29.2524930Z ^[[36;1m^[[0m
trust	UNKNOWN STEP	2026-10-07T06:03:29.2525200Z ^[[36;1mcurl -fsSL "${BASE_URL}/${ARCHIVE}.sha256" -o "${INSTALL_DIR}/${ARCHIVE}.sha256"^[[0m
trust	UNKNOWN STEP	2026-10-07T06:03:29.2525540Z ^[[36;1mecho "Verifying checksum..."^[[0m
trust	UNKNOWN STEP	2026-10-07T06:03:29.2525740Z ^[[36;1mcd "$INSTALL_DIR"^[[0m
trust	UNKNOWN STEP	2026-10-07T06:03:29.2525940Z ^[[36;1mshasum -a 256 -c "${ARCHIVE}.sha256"^[[0m
trust	UNKNOWN STEP	2026-10-07T06:03:29.2526190Z ^[[36;1mecho "::notice::Checksum verified"^[[0m
trust	UNKNOWN STEP	2026-10-07T06:03:29.2526400Z ^[[36;1mcd -^[[0m
trust	UNKNOWN STEP	2026-10-07T06:03:29.2526550Z ^[[36;1m^[[0m
trust	UNKNOWN STEP	2026-10-07T06:03:29.2526760Z ^[[36;1mtar xz -C "$INSTALL_DIR" -f "${INSTALL_DIR}/${ARCHIVE}"^[[0m
trust	UNKNOWN STEP	2026-10-07T06:03:29.2527670Z ^[[36;1mmv "${INSTALL_DIR}/specsync-${OS}-${ARCH}" "${INSTALL_DIR}/specsync"^[[0m
trust	UNKNOWN STEP	2026-10-07T06:03:29.2528100Z ^[[36;1mchmod +x "${INSTALL_DIR}/specsync"^[[0m
trust	UNKNOWN STEP	2026-10-07T06:03:29.2528320Z ^[[36;1m^[[0m
trust	UNKNOWN STEP	2026-10-07T06:03:29.2528470Z ^[[36;1m# Add to PATH^[[0m
trust	UNKNOWN STEP	2026-10-07T06:03:29.2528670Z ^[[36;1mecho "${INSTALL_DIR}" >> "$GITHUB_PATH"^[[0m
trust	UNKNOWN STEP	2026-10-07T06:03:29.2529060Z ^[[36;1mecho "::notice::SpecSync installed (${OS}/${ARCH}) from ${BASE_URL}/${ARCHIVE}"^[[0m
trust	UNKNOWN STEP	2026-10-07T06:03:29.2625290Z shell: /bin/bash --noprofile --norc -e -o pipefail {0}
trust	UNKNOWN STEP	2026-10-07T06:03:29.2625550Z env:
trust	UNKNOWN STEP	2026-10-07T06:03:29.2625690Z   ROOK_HI: /opt/homebrew/bin/hi
trust	UNKNOWN STEP	2026-10-07T06:03:29.2626000Z   ROOK_SPECSYNC: /opt/homebrew/bin/specsync
trust	UNKNOWN STEP	2026-10-07T06:03:29.2626230Z   FLEDGE_NON_INTERACTIVE: 1
trust	UNKNOWN STEP	2026-10-07T06:03:29.2626440Z   GIT_CONFIG_GLOBAL: /dev/null
trust	UNKNOWN STEP	2026-10-07T06:03:29.2626640Z   SPECSYNC_VERSION: 6.0.0
trust	UNKNOWN STEP	2026-10-07T06:03:29.2627110Z   SPECSYNC_DOWNLOAD_BASE_URL: 
trust	UNKNOWN STEP	2026-10-07T06:03:29.2627350Z ##[endgroup]
trust	UNKNOWN STEP	2026-10-07T06:03:33.9118620Z Verifying checksum...
trust	UNKNOWN STEP	2026-10-07T06:03:33.9651160Z specsync-macos-aarch64.tar.gz: OK
trust	UNKNOWN STEP	2026-10-07T06:03:33.9660550Z ##[notice]Checksum verified
trust	UNKNOWN STEP	2026-10-07T06:03:33.9661580Z /Volumes/NVME/runners/actions-runner-1/_work/sculpt-3md/sculpt-3md
trust	UNKNOWN STEP	2026-10-07T06:03:34.0283420Z ##[notice]SpecSync installed (macos/aarch64) from https://github.com/CorvidLabs/spec-sync/releases/download/v6.0.0/specsync-macos-aarch64.tar.gz
trust	UNKNOWN STEP	2026-10-07T06:03:34.0292650Z ##[end-action id=__CorvidLabs_trust.contract.__run;outcome=success;conclusion=success;duration_ms=4780]
trust	UNKNOWN STEP	2026-10-07T06:03:34.0296530Z ##[start-action display=Run SpecSync;id=__CorvidLabs_trust.contract.specsync]
trust	UNKNOWN STEP	2026-10-07T06:03:34.0334910Z ##[group]Run set -euo pipefail
trust	UNKNOWN STEP	2026-10-07T06:03:34.0335200Z ^[[36;1mset -euo pipefail^[[0m
trust	UNKNOWN STEP	2026-10-07T06:03:34.0335370Z ^[[36;1m^[[0m
trust	UNKNOWN STEP	2026-10-07T06:03:34.0335650Z ^[[36;1mif ! [[ "$INPUT_REQUIRE_COVERAGE" =~ ^[0-9]+$ ]] || [ "$INPUT_REQUIRE_COVERAGE" -gt 100 ]; then^[[0m
trust	UNKNOWN STEP	2026-10-07T06:03:34.0336280Z ^[[36;1m  echo "::error::require-coverage must be an integer from 0 to 100"^[[0m
trust	UNKNOWN STEP	2026-10-07T06:03:34.0336600Z ^[[36;1m  exit 1^[[0m
trust	UNKNOWN STEP	2026-10-07T06:03:34.0336790Z ^[[36;1mfi^[[0m
trust	UNKNOWN STEP	2026-10-07T06:03:34.0336960Z ^[[36;1m^[[0m
trust	UNKNOWN STEP	2026-10-07T06:03:34.0337200Z ^[[36;1m# Always use --force in CI — hash cache is not committed, so^[[0m
trust	UNKNOWN STEP	2026-10-07T06:03:34.0337560Z ^[[36;1m# every CI run validates all specs from scratch.^[[0m
trust	UNKNOWN STEP	2026-10-07T06:03:34.0337850Z ^[[36;1mCMD=(specsync check --force)^[[0m
trust	UNKNOWN STEP	2026-10-07T06:03:34.0338070Z ^[[36;1m^[[0m
trust	UNKNOWN STEP	2026-10-07T06:03:34.0338290Z ^[[36;1mif [ "$INPUT_STRICT" = "true" ]; then^[[0m
trust	UNKNOWN STEP	2026-10-07T06:03:34.0338530Z ^[[36;1m  CMD+=(--strict)^[[0m
trust	UNKNOWN STEP	2026-10-07T06:03:34.0338690Z ^[[36;1mfi^[[0m
trust	UNKNOWN STEP	2026-10-07T06:03:34.0338820Z ^[[36;1m^[[0m
trust	UNKNOWN STEP	2026-10-07T06:03:34.0339000Z ^[[36;1mif [ "$INPUT_REQUIRE_COVERAGE" != "0" ]; then^[[0m
trust	UNKNOWN STEP	2026-10-07T06:03:34.0339290Z ^[[36;1m  CMD+=(--require-coverage "$INPUT_REQUIRE_COVERAGE")^[[0m
trust	UNKNOWN STEP	2026-10-07T06:03:34.0339530Z ^[[36;1mfi^[[0m
trust	UNKNOWN STEP	2026-10-07T06:03:34.0339680Z ^[[36;1m^[[0m
trust	UNKNOWN STEP	2026-10-07T06:03:34.0339860Z ^[[36;1mif [ -n "$INPUT_ARGS" ]; then^[[0m
trust	UNKNOWN STEP	2026-10-07T06:03:34.0340190Z ^[[36;1m  # INPUT_ARGS is intentionally split on whitespace only across all lines.^[[0m
trust	UNKNOWN STEP	2026-10-07T06:03:34.0340680Z ^[[36;1m  # Shell quoting, substitutions, pipes, and other shell syntax are not evaluated.^[[0m
trust	UNKNOWN STEP	2026-10-07T06:03:34.0341080Z ^[[36;1m  NORMALIZED_ARGS="${INPUT_ARGS//$'\r'/ }"^[[0m
trust	UNKNOWN STEP	2026-10-07T06:03:34.0341390Z ^[[36;1m  NORMALIZED_ARGS="${NORMALIZED_ARGS//$'\n'/ }"^[[0m
trust	UNKNOWN STEP	2026-10-07T06:03:34.0341700Z ^[[36;1m  NORMALIZED_ARGS="${NORMALIZED_ARGS//$'\t'/ }"^[[0m
trust	UNKNOWN STEP	2026-10-07T06:03:34.0341990Z ^[[36;1m  read -r -a EXTRA_ARGS <<< "$NORMALIZED_ARGS"^[[0m
trust	UNKNOWN STEP	2026-10-07T06:03:34.0342260Z ^[[36;1m  CMD+=("${EXTRA_ARGS[@]}")^[[0m
trust	UNKNOWN STEP	2026-10-07T06:03:34.0342460Z ^[[36;1mfi^[[0m
trust	UNKNOWN STEP	2026-10-07T06:03:34.0342600Z ^[[36;1m^[[0m
trust	UNKNOWN STEP	2026-10-07T06:03:34.0342750Z ^[[36;1mecho "::group::SpecSync Check"^[[0m
trust	UNKNOWN STEP	2026-10-07T06:03:34.0343290Z ^[[36;1mprintf 'Running:'^[[0m
trust	UNKNOWN STEP	2026-10-07T06:03:34.0343520Z ^[[36;1mprintf ' %q' "${CMD[@]}"^[[0m
trust	UNKNOWN STEP	2026-10-07T06:03:34.0343750Z ^[[36;1mprintf '\n'^[[0m
trust	UNKNOWN STEP	2026-10-07T06:03:34.0343910Z ^[[36;1mEXIT_CODE=0^[[0m
trust	UNKNOWN STEP	2026-10-07T06:03:34.0344080Z ^[[36;1m"${CMD[@]}" || EXIT_CODE=$?^[[0m
trust	UNKNOWN STEP	2026-10-07T06:03:34.0344290Z ^[[36;1mecho "::endgroup::"^[[0m
trust	UNKNOWN STEP	2026-10-07T06:03:34.0344500Z ^[[36;1m^[[0m
trust	UNKNOWN STEP	2026-10-07T06:03:34.0344790Z ^[[36;1m# If lifecycle enforcement is enabled, run it (may override exit code)^[[0m
trust	UNKNOWN STEP	2026-10-07T06:03:34.0345180Z ^[[36;1mif [ "$INPUT_LIFECYCLE_ENFORCE" = "true" ]; then^[[0m
trust	UNKNOWN STEP	2026-10-07T06:03:34.0345480Z ^[[36;1m  echo "::group::SpecSync Lifecycle Enforce"^[[0m
trust	UNKNOWN STEP	2026-10-07T06:03:34.0345800Z ^[[36;1m  specsync lifecycle enforce --all || EXIT_CODE=$?^[[0m
trust	UNKNOWN STEP	2026-10-07T06:03:34.0346080Z ^[[36;1m  echo "::endgroup::"^[[0m
trust	UNKNOWN STEP	2026-10-07T06:03:34.0346290Z ^[[36;1mfi^[[0m
trust	UNKNOWN STEP	2026-10-07T06:03:34.0346440Z ^[[36;1m^[[0m
trust	UNKNOWN STEP	2026-10-07T06:03:34.0346650Z ^[[36;1m# If comment mode is enabled, generate the rich comment body^[[0m
trust	UNKNOWN STEP	2026-10-07T06:03:34.0347020Z ^[[36;1m# Uses the same `specsync comment` pipeline as our own CI workflow^[[0m
trust	UNKNOWN STEP	2026-10-07T06:03:34.0347540Z ^[[36;1m# for identical output between the marketplace action and direct usage.^[[0m
trust	UNKNOWN STEP	2026-10-07T06:03:34.0347900Z ^[[36;1mif [ "$INPUT_COMMENT" = "true" ]; then^[[0m
trust	UNKNOWN STEP	2026-10-07T06:03:34.0348150Z ^[[36;1m  COMMENT_CMD=(specsync comment)^[[0m
trust	UNKNOWN STEP	2026-10-07T06:03:34.0348840Z ^[[36;1m  if [ "$INPUT_STRICT" = "true" ]; then^[[0m
trust	UNKNOWN STEP	2026-10-07T06:03:34.0349110Z ^[[36;1m    COMMENT_CMD+=(--strict)^[[0m
trust	UNKNOWN STEP	2026-10-07T06:03:34.0349480Z ^[[36;1m  fi^[[0m
trust	UNKNOWN STEP	2026-10-07T06:03:34.0349700Z ^[[36;1m  if [ "$INPUT_REQUIRE_COVERAGE" != "0" ]; then^[[0m
trust	UNKNOWN STEP	2026-10-07T06:03:34.0350030Z ^[[36;1m    COMMENT_CMD+=(--require-coverage "$INPUT_REQUIRE_COVERAGE")^[[0m
trust	UNKNOWN STEP	2026-10-07T06:03:34.0350330Z ^[[36;1m  fi^[[0m
trust	UNKNOWN STEP	2026-10-07T06:03:34.0350560Z ^[[36;1m  COMMENT_OUTPUT=$("${COMMENT_CMD[@]}" 2>/dev/null) || true^[[0m
trust	UNKNOWN STEP	2026-10-07T06:03:34.0350850Z ^[[36;1m  {^[[0m
trust	UNKNOWN STEP	2026-10-07T06:03:34.0351040Z ^[[36;1m    echo "SPECSYNC_MARKDOWN<<SPECSYNC_EOF"^[[0m
trust	UNKNOWN STEP	2026-10-07T06:03:34.0351310Z ^[[36;1m    echo "$COMMENT_OUTPUT"^[[0m
trust	UNKNOWN STEP	2026-10-07T06:03:34.0351530Z ^[[36;1m    echo "SPECSYNC_EOF"^[[0m
trust	UNKNOWN STEP	2026-10-07T06:03:34.0351730Z ^[[36;1m  } >> "$GITHUB_ENV"^[[0m
trust	UNKNOWN STEP	2026-10-07T06:03:34.0351930Z ^[[36;1mfi^[[0m
trust	UNKNOWN STEP	2026-10-07T06:03:34.0352060Z ^[[36;1m^[[0m
trust	UNKNOWN STEP	2026-10-07T06:03:34.0352230Z ^[[36;1mexit $EXIT_CODE^[[0m
trust	UNKNOWN STEP	2026-10-07T06:03:34.0449500Z shell: /bin/bash --noprofile --norc -e -o pipefail {0}
trust	UNKNOWN STEP	2026-10-07T06:03:34.0449790Z env:
trust	UNKNOWN STEP	2026-10-07T06:03:34.0449960Z   ROOK_HI: /opt/homebrew/bin/hi
trust	UNKNOWN STEP	2026-10-07T06:03:34.0450200Z   ROOK_SPECSYNC: /opt/homebrew/bin/specsync
trust	UNKNOWN STEP	2026-10-07T06:03:34.0450430Z   FLEDGE_NON_INTERACTIVE: 1
trust	UNKNOWN STEP	2026-10-07T06:03:34.0450630Z   GIT_CONFIG_GLOBAL: /dev/null
trust	UNKNOWN STEP	2026-10-07T06:03:34.0450810Z   INPUT_STRICT: false
trust	UNKNOWN STEP	2026-10-07T06:03:34.0450970Z   INPUT_REQUIRE_COVERAGE: 100
trust	UNKNOWN STEP	2026-10-07T06:03:34.0451170Z   INPUT_ARGS: 
trust	UNKNOWN STEP	2026-10-07T06:03:34.0451300Z   INPUT_COMMENT: false
trust	UNKNOWN STEP	2026-10-07T06:03:34.0451500Z   INPUT_LIFECYCLE_ENFORCE: false
trust	UNKNOWN STEP	2026-10-07T06:03:34.0451680Z ##[endgroup]
trust	UNKNOWN STEP	2026-10-07T06:03:34.0728580Z ##[group]SpecSync Check
trust	UNKNOWN STEP	2026-10-07T06:03:34.0728950Z Running: specsync check --force --require-coverage 100
trust	UNKNOWN STEP	2026-10-07T06:03:34.7382520Z 
trust	UNKNOWN STEP	2026-10-07T06:03:34.7382980Z specs/RookApp/RookApp.spec.md
trust	UNKNOWN STEP	2026-10-07T06:03:34.7383580Z   ✓ Frontmatter valid
trust	UNKNOWN STEP	2026-10-07T06:03:34.7383800Z   ✓ All source files exist
trust	UNKNOWN STEP	2026-10-07T06:03:34.7384180Z   ✓ All required sections present
trust	UNKNOWN STEP	2026-10-07T06:03:34.7384420Z   ✓ All dependency specs exist
trust	UNKNOWN STEP	2026-10-07T06:03:34.7405080Z 
trust	UNKNOWN STEP	2026-10-07T06:03:34.7405430Z specs/RookCore/RookCore.spec.md
trust	UNKNOWN STEP	2026-10-07T06:03:34.7405950Z   ✓ Frontmatter valid
trust	UNKNOWN STEP	2026-10-07T06:03:34.7406320Z   ✓ All source files exist
trust	UNKNOWN STEP	2026-10-07T06:03:34.7406670Z   ✓ All required sections present
trust	UNKNOWN STEP	2026-10-07T06:03:34.7406930Z   ✓ 6/6 exports documented
trust	UNKNOWN STEP	2026-10-07T06:03:34.7407150Z   ✓ All dependency specs exist
trust	UNKNOWN STEP	2026-10-07T06:03:34.7474760Z 
trust	UNKNOWN STEP	2026-10-07T06:03:34.7475020Z specs/RookDevelopment/RookDevelopment.spec.md
trust	UNKNOWN STEP	2026-10-07T06:03:34.7475400Z   ✓ Frontmatter valid
trust	UNKNOWN STEP	2026-10-07T06:03:34.7475630Z   ✓ All source files exist
trust	UNKNOWN STEP	2026-10-07T06:03:34.7475860Z   ✓ All required sections present
trust	UNKNOWN STEP	2026-10-07T06:03:34.7476100Z   ✓ 70/70 exports documented
trust	UNKNOWN STEP	2026-10-07T06:03:34.7476330Z   ✓ All dependency specs exist
trust	UNKNOWN STEP	2026-10-07T06:03:34.7539720Z 
trust	UNKNOWN STEP	2026-10-07T06:03:34.7540520Z specs/RookRendering/RookRendering.spec.md
trust	UNKNOWN STEP	2026-10-07T06:03:34.7540910Z   ✓ Frontmatter valid
trust	UNKNOWN STEP	2026-10-07T06:03:34.7541130Z   ✓ All source files exist
trust	UNKNOWN STEP	2026-10-07T06:03:34.7541370Z   ✓ All required sections present
trust	UNKNOWN STEP	2026-10-07T06:03:34.7541600Z   ✓ 139/139 exports documented
trust	UNKNOWN STEP	2026-10-07T06:03:34.7541860Z   ✓ All dependency specs exist
trust	UNKNOWN STEP	2026-10-07T06:03:34.7687000Z 
trust	UNKNOWN STEP	2026-10-07T06:03:34.7687360Z specs/RookSculpture/RookSculpture.spec.md
trust	UNKNOWN STEP	2026-10-07T06:03:34.7687780Z   ✓ Frontmatter valid
trust	UNKNOWN STEP	2026-10-07T06:03:34.7688010Z   ✓ All source files exist
trust	UNKNOWN STEP	2026-10-07T06:03:34.7688240Z   ✓ All required sections present
trust	UNKNOWN STEP	2026-10-07T06:03:34.7688490Z   ✓ 307/307 exports documented
trust	UNKNOWN STEP	2026-10-07T06:03:34.7688720Z   ✓ All dependency specs exist
trust	UNKNOWN STEP	2026-10-07T06:03:34.8064750Z 
trust	UNKNOWN STEP	2026-10-07T06:03:34.8065190Z 5 specs checked: 5 passed, 0 warning(s), 0 failed
trust	UNKNOWN STEP	2026-10-07T06:03:34.8066520Z File coverage: 92/92 (100%)
trust	UNKNOWN STEP	2026-10-07T06:03:34.8075430Z LOC coverage:  25533/25533 (100%)
trust	UNKNOWN STEP	2026-10-07T06:03:34.8076540Z ##[endgroup]
trust	UNKNOWN STEP	2026-10-07T06:03:34.8086190Z ##[end-action id=__CorvidLabs_trust.contract.specsync;outcome=success;conclusion=success;duration_ms=778]
trust	UNKNOWN STEP	2026-10-07T06:03:34.8091750Z ##[start-action display=Post PR Comment;id=__CorvidLabs_trust.contract.__run_2]
trust	UNKNOWN STEP	2026-10-07T06:03:34.8096610Z ##[end-action id=__CorvidLabs_trust.contract.__run_2;outcome=skipped;conclusion=skipped;duration_ms=0]
trust	UNKNOWN STEP	2026-10-07T06:03:34.8106980Z ##[end-action id=__CorvidLabs_trust.contract;outcome=success;conclusion=success;duration_ms=5575]
trust	UNKNOWN STEP	2026-10-07T06:03:34.8108770Z ##[start-action display=Risk gate;id=__CorvidLabs_trust.augur]
trust	UNKNOWN STEP	2026-10-07T06:03:34.8293890Z ##[group]Run CorvidLabs/augur@b04e839fd3e9f884626ac18bbeb1e6d9c793c17c
trust	UNKNOWN STEP	2026-10-07T06:03:34.8294210Z with:
trust	UNKNOWN STEP	2026-10-07T06:03:34.8294380Z   version: 1.0.0
trust	UNKNOWN STEP	2026-10-07T06:03:34.8294720Z   range: 257904b81b6e1bd47b3ddac8dc0081fc1eade889..bd129915f8edf286efe9eddb40749f651b4c2257
trust	UNKNOWN STEP	2026-10-07T06:03:34.8295130Z   threshold: block
trust	UNKNOWN STEP	2026-10-07T06:03:34.8295310Z   working-directory: .
trust	UNKNOWN STEP	2026-10-07T06:03:34.8295500Z env:
trust	UNKNOWN STEP	2026-10-07T06:03:34.8295670Z   ROOK_HI: /opt/homebrew/bin/hi
trust	UNKNOWN STEP	2026-10-07T06:03:34.8295900Z   ROOK_SPECSYNC: /opt/homebrew/bin/specsync
trust	UNKNOWN STEP	2026-10-07T06:03:34.8296160Z   FLEDGE_NON_INTERACTIVE: 1
trust	UNKNOWN STEP	2026-10-07T06:03:34.8296370Z   GIT_CONFIG_GLOBAL: /dev/null
trust	UNKNOWN STEP	2026-10-07T06:03:34.8296570Z ##[endgroup]
trust	UNKNOWN STEP	2026-10-07T06:03:34.8301430Z ##[start-action display=Install augur;id=__CorvidLabs_trust.augur.install]
trust	UNKNOWN STEP	2026-10-07T06:03:34.8321670Z ##[group]Run set -euo pipefail
trust	UNKNOWN STEP	2026-10-07T06:03:34.8322570Z ^[[36;1mset -euo pipefail^[[0m
trust	UNKNOWN STEP	2026-10-07T06:03:34.8322780Z ^[[36;1m^[[0m
trust	UNKNOWN STEP	2026-10-07T06:03:34.8322970Z ^[[36;1mrepo="${RELEASE_REPO:-CorvidLabs/augur}"^[[0m
trust	UNKNOWN STEP	2026-10-07T06:03:34.8323220Z ^[[36;1m^[[0m
trust	UNKNOWN STEP	2026-10-07T06:03:34.8323460Z ^[[36;1m# Resolve which release to install, WITHOUT ever crossing a major^[[0m
trust	UNKNOWN STEP	2026-10-07T06:03:34.8323890Z ^[[36;1m# boundary. An explicit `version` wins; otherwise derive from the ref the^[[0m
trust	UNKNOWN STEP	2026-10-07T06:03:34.8324230Z ^[[36;1m# action was pinned to:^[[0m
trust	UNKNOWN STEP	2026-10-07T06:03:34.8324510Z ^[[36;1m#   @0.3.0 / @v0.3.0 -> install exactly that release^[[0m
trust	UNKNOWN STEP	2026-10-07T06:03:34.8324850Z ^[[36;1m#   @1 / @v1          -> newest 1.* release (the moving major tag has no^[[0m
trust	UNKNOWN STEP	2026-10-07T06:03:34.8325220Z ^[[36;1m#                        release of its own, so resolve it to a concrete^[[0m
trust	UNKNOWN STEP	2026-10-07T06:03:34.8325550Z ^[[36;1m#                        1.* tag; a future 2 `latest` can never leak in)^[[0m
trust	UNKNOWN STEP	2026-10-07T06:03:34.8325890Z ^[[36;1m#   branch / sha      -> install the latest release^[[0m
trust	UNKNOWN STEP	2026-10-07T06:03:34.8326240Z ^[[36;1m# A requested tag with no matching asset does NOT silently fall back to a^[[0m
trust	UNKNOWN STEP	2026-10-07T06:03:34.8326650Z ^[[36;1m# different version; `bin` stays empty and we build from source below.^[[0m
trust	UNKNOWN STEP	2026-10-07T06:03:34.8326950Z ^[[36;1mver="${INPUT_VERSION:-}"^[[0m
trust	UNKNOWN STEP	2026-10-07T06:03:34.8327170Z ^[[36;1mmode="latest"   # latest | tag | none^[[0m
trust	UNKNOWN STEP	2026-10-07T06:03:34.8327460Z ^[[36;1mtarget=""       # concrete release tag when mode=tag^[[0m
trust	UNKNOWN STEP	2026-10-07T06:03:34.8327740Z ^[[36;1mif [ -n "$ver" ]; then^[[0m
trust	UNKNOWN STEP	2026-10-07T06:03:34.8328050Z ^[[36;1m  if [ "$ver" = "latest" ]; then mode="latest"; else mode="tag"; target="$ver"; fi^[[0m
trust	UNKNOWN STEP	2026-10-07T06:03:34.8328470Z ^[[36;1melif printf '%s' "$ACTION_REF" | grep -Eq '^v?[0-9]+$'; then^[[0m
trust	UNKNOWN STEP	2026-10-07T06:03:34.8328870Z ^[[36;1m  # Moving major tag (e.g. 1 or v1): pick the newest release within that major.^[[0m
trust	UNKNOWN STEP	2026-10-07T06:03:34.8329300Z ^[[36;1m  # gh lists newest-first, so the first <major>.* tag is the latest one.^[[0m
trust	UNKNOWN STEP	2026-10-07T06:03:34.8329600Z ^[[36;1m  major="$ACTION_REF"^[[0m
trust	UNKNOWN STEP	2026-10-07T06:03:34.8329870Z ^[[36;1m  # `// empty` so an empty match yields "" (not the string "null", which^[[0m
trust	UNKNOWN STEP	2026-10-07T06:03:34.8330250Z ^[[36;1m  # would be non-empty and trigger a bogus `gh release download null`).^[[0m
trust	UNKNOWN STEP	2026-10-07T06:03:34.8330640Z ^[[36;1m  # No `2>/dev/null`: gh is silent on the normal empty case, so let real^[[0m
trust	UNKNOWN STEP	2026-10-07T06:03:34.8331030Z ^[[36;1m  # errors (rate limit, auth) surface; `|| true` still keeps the fallback.^[[0m
trust	UNKNOWN STEP	2026-10-07T06:03:34.8331480Z ^[[36;1m  target="$(gh release list --repo "$repo" --exclude-drafts --exclude-pre-releases \^[[0m
trust	UNKNOWN STEP	2026-10-07T06:03:34.8331830Z ^[[36;1m    --limit 100 --json tagName \^[[0m
trust	UNKNOWN STEP	2026-10-07T06:03:34.8332310Z ^[[36;1m    --jq "[.[].tagName | select(test(\"^${major}\\\\.\"))][0] // empty" || true)"^[[0m
trust	UNKNOWN STEP	2026-10-07T06:03:34.8332640Z ^[[36;1m  if [ -n "$target" ]; then^[[0m
trust	UNKNOWN STEP	2026-10-07T06:03:34.8333030Z ^[[36;1m    mode="tag"^[[0m
trust	UNKNOWN STEP	2026-10-07T06:03:34.8333180Z ^[[36;1m  else^[[0m
trust	UNKNOWN STEP	2026-10-07T06:03:34.8333320Z ^[[36;1m    mode="none"^[[0m
trust	UNKNOWN STEP	2026-10-07T06:03:34.8333610Z ^[[36;1m    echo "::warning::No published ${major}.* release found; building from source."^[[0m
trust	UNKNOWN STEP	2026-10-07T06:03:34.8333930Z ^[[36;1m  fi^[[0m
trust	UNKNOWN STEP	2026-10-07T06:03:34.8334150Z ^[[36;1melif printf '%s' "$ACTION_REF" | grep -Eq '^v?[0-9]+\.[0-9]'; then^[[0m
trust	UNKNOWN STEP	2026-10-07T06:03:34.8334490Z ^[[36;1m  mode="tag"; target="$ACTION_REF"   # full release tag^[[0m
trust	UNKNOWN STEP	2026-10-07T06:03:34.8334740Z ^[[36;1mfi^[[0m
trust	UNKNOWN STEP	2026-10-07T06:03:34.8334860Z ^[[36;1m^[[0m
trust	UNKNOWN STEP	2026-10-07T06:03:34.8335040Z ^[[36;1m# Pick the release asset for this runner's OS/arch.^[[0m
trust	UNKNOWN STEP	2026-10-07T06:03:34.8335290Z ^[[36;1mos="$(uname -s)"^[[0m
trust	UNKNOWN STEP	2026-10-07T06:03:34.8335460Z ^[[36;1march="$(uname -m)"^[[0m
trust	UNKNOWN STEP	2026-10-07T06:03:34.8335620Z ^[[36;1mcase "$os" in^[[0m
trust	UNKNOWN STEP	2026-10-07T06:03:34.8335820Z ^[[36;1m  Darwin) asset="augur-macos-universal" ;;^[[0m
trust	UNKNOWN STEP	2026-10-07T06:03:34.8336040Z ^[[36;1m  Linux)^[[0m
trust	UNKNOWN STEP	2026-10-07T06:03:34.8336190Z ^[[36;1m    case "$arch" in^[[0m
trust	UNKNOWN STEP	2026-10-07T06:03:34.8336400Z ^[[36;1m      x86_64|amd64) asset="augur-linux-x86_64" ;;^[[0m
trust	UNKNOWN STEP	2026-10-07T06:03:34.8336640Z ^[[36;1m      *)            asset="" ;;^[[0m
trust	UNKNOWN STEP	2026-10-07T06:03:34.8336820Z ^[[36;1m    esac^[[0m
trust	UNKNOWN STEP	2026-10-07T06:03:34.8336950Z ^[[36;1m    ;;^[[0m
trust	UNKNOWN STEP	2026-10-07T06:03:34.8337090Z ^[[36;1m  *) asset="" ;;^[[0m
trust	UNKNOWN STEP	2026-10-07T06:03:34.8337240Z ^[[36;1mesac^[[0m
trust	UNKNOWN STEP	2026-10-07T06:03:34.8337370Z ^[[36;1m^[[0m
trust	UNKNOWN STEP	2026-10-07T06:03:34.8337500Z ^[[36;1mtmp="$(mktemp -d)"^[[0m
trust	UNKNOWN STEP	2026-10-07T06:03:34.8337660Z ^[[36;1mbin=""^[[0m
trust	UNKNOWN STEP	2026-10-07T06:03:34.8337790Z ^[[36;1m^[[0m
trust	UNKNOWN STEP	2026-10-07T06:03:34.8338010Z ^[[36;1m# Why the last download failed, kept so the fallback can say so. A^[[0m
trust	UNKNOWN STEP	2026-10-07T06:03:34.8338410Z ^[[36;1m# download that fails for an environmental reason (no gh on the runner,^[[0m
trust	UNKNOWN STEP	2026-10-07T06:03:34.8338790Z ^[[36;1m# a proxy, a token that cannot read this repository) used to be^[[0m
trust	UNKNOWN STEP	2026-10-07T06:03:34.8339180Z ^[[36;1m# indistinguishable from a release that has no asset for this platform,^[[0m
trust	UNKNOWN STEP	2026-10-07T06:03:34.8339580Z ^[[36;1m# because stderr went to /dev/null. What a consumer then saw was a^[[0m
trust	UNKNOWN STEP	2026-10-07T06:03:34.8339960Z ^[[36;1m# Swift build error from the fallback, three steps downstream of the^[[0m
trust	UNKNOWN STEP	2026-10-07T06:03:34.8340300Z ^[[36;1m# cause and pointing at the wrong thing entirely.^[[0m
trust	UNKNOWN STEP	2026-10-07T06:03:34.8340550Z ^[[36;1mdownload_error=""^[[0m
trust	UNKNOWN STEP	2026-10-07T06:03:34.8340700Z ^[[36;1m^[[0m
trust	UNKNOWN STEP	2026-10-07T06:03:34.8340830Z ^[[36;1mdownload() {^[[0m
trust	UNKNOWN STEP	2026-10-07T06:03:34.8341090Z ^[[36;1m  # Fetch $asset (+ sidecar) for the resolved release into $tmp. Returns^[[0m
trust	UNKNOWN STEP	2026-10-07T06:03:34.8341430Z ^[[36;1m  # 0 only when the binary asset actually landed.^[[0m
trust	UNKNOWN STEP	2026-10-07T06:03:34.8341700Z ^[[36;1m  rm -f "$tmp/$asset" "$tmp/$asset.sha256"^[[0m
trust	UNKNOWN STEP	2026-10-07T06:03:34.8341920Z ^[[36;1m  local err status^[[0m
trust	UNKNOWN STEP	2026-10-07T06:03:34.8342100Z ^[[36;1m  err="$tmp/gh-download.err"^[[0m
trust	UNKNOWN STEP	2026-10-07T06:03:34.8342310Z ^[[36;1m  if [ "$mode" = "latest" ]; then^[[0m
trust	UNKNOWN STEP	2026-10-07T06:03:34.8342540Z ^[[36;1m    gh release download --repo "$repo" \^[[0m
trust	UNKNOWN STEP	2026-10-07T06:03:34.8342820Z ^[[36;1m      --pattern "$asset" --pattern "$asset.sha256" \^[[0m
trust	UNKNOWN STEP	2026-10-07T06:03:34.8343090Z ^[[36;1m      --dir "$tmp" --clobber 2>"$err"^[[0m
trust	UNKNOWN STEP	2026-10-07T06:03:34.8343290Z ^[[36;1m  else^[[0m
trust	UNKNOWN STEP	2026-10-07T06:03:34.8343480Z ^[[36;1m    gh release download "$target" --repo "$repo" \^[[0m
trust	UNKNOWN STEP	2026-10-07T06:03:34.8343770Z ^[[36;1m      --pattern "$asset" --pattern "$asset.sha256" \^[[0m
trust	UNKNOWN STEP	2026-10-07T06:03:34.8344030Z ^[[36;1m      --dir "$tmp" --clobber 2>"$err"^[[0m
trust	UNKNOWN STEP	2026-10-07T06:03:34.8344230Z ^[[36;1m  fi^[[0m
trust	UNKNOWN STEP	2026-10-07T06:03:34.8344360Z ^[[36;1m  status=$?^[[0m
trust	UNKNOWN STEP	2026-10-07T06:03:34.8344530Z ^[[36;1m  if [ "$status" -ne 0 ]; then^[[0m
trust	UNKNOWN STEP	2026-10-07T06:03:34.8344810Z ^[[36;1m    # First line only: gh is terse, and the whole of it belongs in the^[[0m
trust	UNKNOWN STEP	2026-10-07T06:03:34.8345150Z ^[[36;1m    # log rather than folded into a one-line warning.^[[0m
trust	UNKNOWN STEP	2026-10-07T06:03:34.8345520Z ^[[36;1m    download_error="$(head -n 1 "$err" 2>/dev/null)"^[[0m
trust	UNKNOWN STEP	2026-10-07T06:03:34.8345790Z ^[[36;1m    [ -s "$err" ] && sed 's/^/  /' "$err"^[[0m
trust	UNKNOWN STEP	2026-10-07T06:03:34.8346080Z ^[[36;1m    return 1^[[0m
trust	UNKNOWN STEP	2026-10-07T06:03:34.8346230Z ^[[36;1m  fi^[[0m
trust	UNKNOWN STEP	2026-10-07T06:03:34.8346370Z ^[[36;1m  [ -f "$tmp/$asset" ]^[[0m
trust	UNKNOWN STEP	2026-10-07T06:03:34.8346540Z ^[[36;1m}^[[0m
trust	UNKNOWN STEP	2026-10-07T06:03:34.8346660Z ^[[36;1m^[[0m
trust	UNKNOWN STEP	2026-10-07T06:03:34.8346830Z ^[[36;1mif [ -n "$asset" ] && [ "$mode" != "none" ]; then^[[0m
trust	UNKNOWN STEP	2026-10-07T06:03:34.8347070Z ^[[36;1m  if download; then^[[0m
trust	UNKNOWN STEP	2026-10-07T06:03:34.8347330Z ^[[36;1m    # Verify the checksum sidecar when present; a mismatch is fatal.^[[0m
trust	UNKNOWN STEP	2026-10-07T06:03:34.8347640Z ^[[36;1m    if [ -f "$tmp/$asset.sha256" ]; then^[[0m
trust	UNKNOWN STEP	2026-10-07T06:03:34.8347910Z ^[[36;1m      expected="$(cut -d' ' -f1 < "$tmp/$asset.sha256")"^[[0m
trust	UNKNOWN STEP	2026-10-07T06:03:34.8348200Z ^[[36;1m      if command -v sha256sum >/dev/null 2>&1; then^[[0m
trust	UNKNOWN STEP	2026-10-07T06:03:34.8348490Z ^[[36;1m        actual="$(sha256sum "$tmp/$asset" | cut -d' ' -f1)"^[[0m
trust	UNKNOWN STEP	2026-10-07T06:03:34.8348740Z ^[[36;1m      else^[[0m
trust	UNKNOWN STEP	2026-10-07T06:03:34.8348960Z ^[[36;1m        actual="$(shasum -a 256 "$tmp/$asset" | cut -d' ' -f1)"^[[0m
trust	UNKNOWN STEP	2026-10-07T06:03:34.8349220Z ^[[36;1m      fi^[[0m
trust	UNKNOWN STEP	2026-10-07T06:03:34.8349390Z ^[[36;1m      if [ "$expected" != "$actual" ]; then^[[0m
trust	UNKNOWN STEP	2026-10-07T06:03:34.8349760Z ^[[36;1m        echo "::error::augur checksum mismatch for $asset (expected $expected, got $actual)."^[[0m
trust	UNKNOWN STEP	2026-10-07T06:03:34.8350110Z ^[[36;1m        exit 1^[[0m
trust	UNKNOWN STEP	2026-10-07T06:03:34.8350250Z ^[[36;1m      fi^[[0m
trust	UNKNOWN STEP	2026-10-07T06:03:34.8350450Z ^[[36;1m      echo "Verified $asset against published sha256."^[[0m
trust	UNKNOWN STEP	2026-10-07T06:03:34.8350690Z ^[[36;1m    else^[[0m
trust	UNKNOWN STEP	2026-10-07T06:03:34.8350990Z ^[[36;1m      echo "::warning::No sha256 sidecar published for $asset; skipping checksum verification."^[[0m
trust	UNKNOWN STEP	2026-10-07T06:03:34.8351340Z ^[[36;1m    fi^[[0m
trust	UNKNOWN STEP	2026-10-07T06:03:34.8351480Z ^[[36;1m    chmod +x "$tmp/$asset"^[[0m
trust	UNKNOWN STEP	2026-10-07T06:03:34.8351670Z ^[[36;1m    bin="$tmp/$asset"^[[0m
trust	UNKNOWN STEP	2026-10-07T06:03:34.8351940Z ^[[36;1m    echo "Installed augur ($asset, ${target:-latest}) for $os/$arch."^[[0m
trust	UNKNOWN STEP	2026-10-07T06:03:34.8352210Z ^[[36;1m  fi^[[0m
trust	UNKNOWN STEP	2026-10-07T06:03:34.8352340Z ^[[36;1mfi^[[0m
trust	UNKNOWN STEP	2026-10-07T06:03:34.8352470Z ^[[36;1m^[[0m
trust	UNKNOWN STEP	2026-10-07T06:03:34.8352700Z ^[[36;1m# Fallback: build from the action's OWN checkout (never the consumer's^[[0m
trust	UNKNOWN STEP	2026-10-07T06:03:34.8353100Z ^[[36;1m# tree) when no prebuilt binary fits this runner. Needs a Swift toolchain.^[[0m
trust	UNKNOWN STEP	2026-10-07T06:03:34.8353410Z ^[[36;1mif [ -z "$bin" ]; then^[[0m
trust	UNKNOWN STEP	2026-10-07T06:03:34.8353620Z ^[[36;1m  if command -v swift >/dev/null 2>&1; then^[[0m
trust	UNKNOWN STEP	2026-10-07T06:03:34.8353860Z ^[[36;1m    if [ -n "$download_error" ]; then^[[0m
trust	UNKNOWN STEP	2026-10-07T06:03:34.8354370Z ^[[36;1m      echo "::warning::Could not download the prebuilt augur for $os/$arch, so it is being built from source. The download failed with: ${download_error}"^[[0m
trust	UNKNOWN STEP	2026-10-07T06:03:34.8354860Z ^[[36;1m    else^[[0m
trust	UNKNOWN STEP	2026-10-07T06:03:34.8355300Z ^[[36;1m      echo "::warning::No prebuilt augur for $os/$arch; building from source. Add a Swift toolchain to speed this up or use a supported runner."^[[0m
trust	UNKNOWN STEP	2026-10-07T06:03:34.8355760Z ^[[36;1m    fi^[[0m
trust	UNKNOWN STEP	2026-10-07T06:03:34.8355980Z ^[[36;1m    swift build -c release --package-path "$ACTION_PATH"^[[0m
trust	UNKNOWN STEP	2026-10-07T06:03:34.8356340Z ^[[36;1m    # Ask SwiftPM for the bin dir rather than hardcoding .build/release^[[0m
trust	UNKNOWN STEP	2026-10-07T06:03:34.8356740Z ^[[36;1m    # (mirrors release.yml; --show-bin-path only prints, never rebuilds).^[[0m
trust	UNKNOWN STEP	2026-10-07T06:03:34.8357180Z ^[[36;1m    bindir="$(swift build -c release --package-path "$ACTION_PATH" --show-bin-path)"^[[0m
trust	UNKNOWN STEP	2026-10-07T06:03:34.8357530Z ^[[36;1m    bin="$bindir/augur"^[[0m
trust	UNKNOWN STEP	2026-10-07T06:03:34.8357700Z ^[[36;1m  else^[[0m
trust	UNKNOWN STEP	2026-10-07T06:03:34.8357860Z ^[[36;1m    if [ -n "$download_error" ]; then^[[0m
trust	UNKNOWN STEP	2026-10-07T06:03:34.8358390Z ^[[36;1m      echo "::error::Could not download the prebuilt augur for $os/$arch, and there is no Swift toolchain to build one. The download failed with: ${download_error}"^[[0m
trust	UNKNOWN STEP	2026-10-07T06:03:34.8358900Z ^[[36;1m    else^[[0m
trust	UNKNOWN STEP	2026-10-07T06:03:34.8359490Z ^[[36;1m      echo "::error::No prebuilt augur binary for $os/$arch and no Swift toolchain to build one. Use macOS or Linux x86_64 runners, or install Swift first."^[[0m
trust	UNKNOWN STEP	2026-10-07T06:03:34.8360050Z ^[[36;1m    fi^[[0m
trust	UNKNOWN STEP	2026-10-07T06:03:34.8360190Z ^[[36;1m    exit 1^[[0m
trust	UNKNOWN STEP	2026-10-07T06:03:34.8360330Z ^[[36;1m  fi^[[0m
trust	UNKNOWN STEP	2026-10-07T06:03:34.8360460Z ^[[36;1mfi^[[0m
trust	UNKNOWN STEP	2026-10-07T06:03:34.8360580Z ^[[36;1m^[[0m
trust	UNKNOWN STEP	2026-10-07T06:03:34.8360730Z ^[[36;1mecho "binary=$bin" >> "$GITHUB_OUTPUT"^[[0m
trust	UNKNOWN STEP	2026-10-07T06:03:34.8470190Z shell: /bin/bash --noprofile --norc -e -o pipefail {0}
trust	UNKNOWN STEP	2026-10-07T06:03:34.8470450Z env:
trust	UNKNOWN STEP	2026-10-07T06:03:34.8470590Z   ROOK_HI: /opt/homebrew/bin/hi
trust	UNKNOWN STEP	2026-10-07T06:03:34.8470800Z   ROOK_SPECSYNC: /opt/homebrew/bin/specsync
trust	UNKNOWN STEP	2026-10-07T06:03:34.8471010Z   FLEDGE_NON_INTERACTIVE: 1
trust	UNKNOWN STEP	2026-10-07T06:03:34.8471190Z   GIT_CONFIG_GLOBAL: /dev/null
trust	UNKNOWN STEP	2026-10-07T06:03:34.8473390Z   GH_TOKEN: ***
trust	UNKNOWN STEP	2026-10-07T06:03:34.8473540Z   INPUT_VERSION: 1.0.0
trust	UNKNOWN STEP	2026-10-07T06:03:34.8473740Z   ACTION_REF: bccd89c111d47778c97c5064fb62ab51695e04ea
trust	UNKNOWN STEP	2026-10-07T06:03:34.8474240Z   ACTION_PATH: /Volumes/NVME/runners/actions-runner-1/_work/_actions/CorvidLabs/augur/b04e839fd3e9f884626ac18bbeb1e6d9c793c17c
trust	UNKNOWN STEP	2026-10-07T06:03:34.8474700Z   RELEASE_REPO: CorvidLabs/augur
trust	UNKNOWN STEP	2026-10-07T06:03:34.8474880Z ##[endgroup]
trust	UNKNOWN STEP	2026-10-07T06:03:39.1530800Z Verified augur-macos-universal against published sha256.
trust	UNKNOWN STEP	2026-10-07T06:03:39.1564110Z Installed augur (augur-macos-universal, 1.0.0) for Darwin/arm64.
trust	UNKNOWN STEP	2026-10-07T06:03:39.1582250Z ##[end-action id=__CorvidLabs_trust.augur.install;outcome=success;conclusion=success;duration_ms=4328]
trust	UNKNOWN STEP	2026-10-07T06:03:39.1585140Z ##[start-action display=Assess (verdict + risk outputs, never fatal);id=__CorvidLabs_trust.augur.assess]
trust	UNKNOWN STEP	2026-10-07T06:03:39.1604020Z ##[group]Run # Best-effort second pass that only populates the verdict/risk outputs.
trust	UNKNOWN STEP	2026-10-07T06:03:39.1604600Z ^[[36;1m# Best-effort second pass that only populates the verdict/risk outputs.^[[0m
trust	UNKNOWN STEP	2026-10-07T06:03:39.1605070Z ^[[36;1m# The gate step below re-runs and is what enforces the threshold, so a^[[0m
trust	UNKNOWN STEP	2026-10-07T06:03:39.1605520Z ^[[36;1m# hiccup here must never fail the job (hence the separate `augur check`).^[[0m
trust	UNKNOWN STEP	2026-10-07T06:03:39.1606000Z ^[[36;1m# Time-bound: a hung assess (source-built binary / cancel) used to SIGTERM^[[0m
trust	UNKNOWN STEP	2026-10-07T06:03:39.1606410Z ^[[36;1m# the step (exit 143) and skip Gate under Trust. Always exit 0.^[[0m
trust	UNKNOWN STEP	2026-10-07T06:03:39.1606690Z ^[[36;1mset +e^[[0m
trust	UNKNOWN STEP	2026-10-07T06:03:39.1606850Z ^[[36;1mverdict=""; risk=""^[[0m
trust	UNKNOWN STEP	2026-10-07T06:03:39.1607070Z ^[[36;1mif command -v timeout >/dev/null 2>&1; then^[[0m
trust	UNKNOWN STEP	2026-10-07T06:03:39.1607420Z ^[[36;1m  json="$(timeout 120 "$AUGUR" check --range "$RANGE" --json 2>/dev/null)"^[[0m
trust	UNKNOWN STEP	2026-10-07T06:03:39.1607710Z ^[[36;1m  rc=$?^[[0m
trust	UNKNOWN STEP	2026-10-07T06:03:39.1607880Z ^[[36;1m  if [ "$rc" -eq 124 ]; then^[[0m
trust	UNKNOWN STEP	2026-10-07T06:03:39.1608250Z ^[[36;1m    echo "::warning::augur assess timed out after 120s; leaving verdict empty — Gate will enforce."^[[0m
trust	UNKNOWN STEP	2026-10-07T06:03:39.1608640Z ^[[36;1m  fi^[[0m
trust	UNKNOWN STEP	2026-10-07T06:03:39.1608760Z ^[[36;1melse^[[0m
trust	UNKNOWN STEP	2026-10-07T06:03:39.1609010Z ^[[36;1m  json="$("$AUGUR" check --range "$RANGE" --json 2>/dev/null)"^[[0m
trust	UNKNOWN STEP	2026-10-07T06:03:39.1609290Z ^[[36;1mfi^[[0m
trust	UNKNOWN STEP	2026-10-07T06:03:39.1609500Z ^[[36;1mif [ -n "${json:-}" ] && command -v jq >/dev/null 2>&1; then^[[0m
trust	UNKNOWN STEP	2026-10-07T06:03:39.1609850Z ^[[36;1m  verdict="$(printf '%s' "$json" | jq -r '.verdict // empty')"^[[0m
trust	UNKNOWN STEP	2026-10-07T06:03:39.1610200Z ^[[36;1m  risk="$(printf '%s' "$json" | jq -r '(.riskScore // 0) | round')"^[[0m
trust	UNKNOWN STEP	2026-10-07T06:03:39.1610490Z ^[[36;1mfi^[[0m
trust	UNKNOWN STEP	2026-10-07T06:03:39.1610680Z ^[[36;1mecho "verdict=$verdict" >> "$GITHUB_OUTPUT"^[[0m
trust	UNKNOWN STEP	2026-10-07T06:03:39.1610940Z ^[[36;1mecho "risk=$risk" >> "$GITHUB_OUTPUT"^[[0m
trust	UNKNOWN STEP	2026-10-07T06:03:39.1611260Z ^[[36;1mecho "augur verdict: ${verdict:-unknown} · risk ${risk:-?}/100"^[[0m
trust	UNKNOWN STEP	2026-10-07T06:03:39.1611530Z ^[[36;1mexit 0^[[0m
trust	UNKNOWN STEP	2026-10-07T06:03:39.1698970Z shell: /bin/bash --noprofile --norc -e -o pipefail {0}
trust	UNKNOWN STEP	2026-10-07T06:03:39.1699290Z env:
trust	UNKNOWN STEP	2026-10-07T06:03:39.1699430Z   ROOK_HI: /opt/homebrew/bin/hi
trust	UNKNOWN STEP	2026-10-07T06:03:39.1699950Z   ROOK_SPECSYNC: /opt/homebrew/bin/specsync
trust	UNKNOWN STEP	2026-10-07T06:03:39.1700210Z   FLEDGE_NON_INTERACTIVE: 1
trust	UNKNOWN STEP	2026-10-07T06:03:39.1700420Z   GIT_CONFIG_GLOBAL: /dev/null
trust	UNKNOWN STEP	2026-10-07T06:03:39.1700950Z   AUGUR: /var/folders/5k/616qy7sj28l0d53k4c6w_4x00000gn/T/tmp.nGWmjARJg5/augur-macos-universal
trust	UNKNOWN STEP	2026-10-07T06:03:39.1701500Z   RANGE: 257904b81b6e1bd47b3ddac8dc0081fc1eade889..bd129915f8edf286efe9eddb40749f651b4c2257
trust	UNKNOWN STEP	2026-10-07T06:03:39.1701900Z ##[endgroup]
trust	UNKNOWN STEP	2026-10-07T06:03:40.0063180Z augur verdict: proceed · risk 30/100
trust	UNKNOWN STEP	2026-10-07T06:03:40.0073890Z ##[end-action id=__CorvidLabs_trust.augur.assess;outcome=success;conclusion=success;duration_ms=848]
trust	UNKNOWN STEP	2026-10-07T06:03:40.0077160Z ##[start-action display=Gate (fail at or above threshold);id=__CorvidLabs_trust.augur.__run]
trust	UNKNOWN STEP	2026-10-07T06:03:40.0098650Z ##[group]Run set -euo pipefail
trust	UNKNOWN STEP	2026-10-07T06:03:40.0098890Z ^[[36;1mset -euo pipefail^[[0m
trust	UNKNOWN STEP	2026-10-07T06:03:40.0099150Z ^[[36;1margs=(gate --range "$RANGE" --threshold "$THRESHOLD")^[[0m
trust	UNKNOWN STEP	2026-10-07T06:03:40.0099530Z ^[[36;1mif [ -n "$COVERAGE" ]; then^[[0m
trust	UNKNOWN STEP	2026-10-07T06:03:40.0099760Z ^[[36;1m  args+=(--coverage "$COVERAGE")^[[0m
trust	UNKNOWN STEP	2026-10-07T06:03:40.0100000Z ^[[36;1mfi^[[0m
trust	UNKNOWN STEP	2026-10-07T06:03:40.0100160Z ^[[36;1m"$AUGUR" "${args[@]}"^[[0m
trust	UNKNOWN STEP	2026-10-07T06:03:40.0201850Z shell: /bin/bash --noprofile --norc -e -o pipefail {0}
trust	UNKNOWN STEP	2026-10-07T06:03:40.0202110Z env:
trust	UNKNOWN STEP	2026-10-07T06:03:40.0202300Z   ROOK_HI: /opt/homebrew/bin/hi
trust	UNKNOWN STEP	2026-10-07T06:03:40.0202520Z   ROOK_SPECSYNC: /opt/homebrew/bin/specsync
trust	UNKNOWN STEP	2026-10-07T06:03:40.0202760Z   FLEDGE_NON_INTERACTIVE: 1
trust	UNKNOWN STEP	2026-10-07T06:03:40.0202960Z   GIT_CONFIG_GLOBAL: /dev/null
trust	UNKNOWN STEP	2026-10-07T06:03:40.0203330Z   AUGUR: /var/folders/5k/616qy7sj28l0d53k4c6w_4x00000gn/T/tmp.nGWmjARJg5/augur-macos-universal
trust	UNKNOWN STEP	2026-10-07T06:03:40.0203840Z   RANGE: 257904b81b6e1bd47b3ddac8dc0081fc1eade889..bd129915f8edf286efe9eddb40749f651b4c2257
trust	UNKNOWN STEP	2026-10-07T06:03:40.0204220Z   THRESHOLD: block
trust	UNKNOWN STEP	2026-10-07T06:03:40.0204390Z   COVERAGE: 
trust	UNKNOWN STEP	2026-10-07T06:03:40.0204550Z ##[endgroup]
trust	UNKNOWN STEP	2026-10-07T06:03:40.0749740Z augur: config: loaded ./.augur.toml
trust	UNKNOWN STEP	2026-10-07T06:03:40.3755390Z augur gate · proceed (risk 30)
trust	UNKNOWN STEP	2026-10-07T06:03:40.3791430Z ##[end-action id=__CorvidLabs_trust.augur.__run;outcome=success;conclusion=success;duration_ms=371]
trust	UNKNOWN STEP	2026-10-07T06:03:40.3814820Z ##[end-action id=__CorvidLabs_trust.augur;outcome=success;conclusion=success;duration_ms=5570]
trust	UNKNOWN STEP	2026-10-07T06:03:40.3817030Z ##[start-action display=Inspect provenance ledger;id=__CorvidLabs_trust.ledger]
trust	UNKNOWN STEP	2026-10-07T06:03:40.3851490Z ##[group]Run set -euo pipefail
trust	UNKNOWN STEP	2026-10-07T06:03:40.3851760Z ^[[36;1mset -euo pipefail^[[0m
trust	UNKNOWN STEP	2026-10-07T06:03:40.3852030Z ^[[36;1mremote="$(git remote get-url origin 2>/dev/null || true)"^[[0m
trust	UNKNOWN STEP	2026-10-07T06:03:40.3852340Z ^[[36;1mif [ -z "$remote" ]; then^[[0m
trust	UNKNOWN STEP	2026-10-07T06:03:40.3852690Z ^[[36;1m  [ "$MODE" = soft ] && { echo "available=false" >> "$GITHUB_OUTPUT"; exit 0; }^[[0m
trust	UNKNOWN STEP	2026-10-07T06:03:40.3853100Z ^[[36;1m  echo "::error::origin remote is required for enforced provenance"^[[0m
trust	UNKNOWN STEP	2026-10-07T06:03:40.3853420Z ^[[36;1m  exit 1^[[0m
trust	UNKNOWN STEP	2026-10-07T06:03:40.3853570Z ^[[36;1mfi^[[0m
trust	UNKNOWN STEP	2026-10-07T06:03:40.3853780Z ^[[36;1mledger="$(git ls-remote origin refs/notes/attest)"^[[0m
trust	UNKNOWN STEP	2026-10-07T06:03:40.3854050Z ^[[36;1mif [ -z "$ledger" ]; then^[[0m
trust	UNKNOWN STEP	2026-10-07T06:03:40.3854350Z ^[[36;1m  [ "$MODE" = soft ] && { echo "available=false" >> "$GITHUB_OUTPUT"; exit 0; }^[[0m
trust	UNKNOWN STEP	2026-10-07T06:03:40.3854770Z ^[[36;1m  echo "::error::remote attestation ledger does not exist"^[[0m
trust	UNKNOWN STEP	2026-10-07T06:03:40.3855060Z ^[[36;1m  exit 1^[[0m
trust	UNKNOWN STEP	2026-10-07T06:03:40.3855200Z ^[[36;1mfi^[[0m
trust	UNKNOWN STEP	2026-10-07T06:03:40.3855400Z ^[[36;1mgit fetch origin "+refs/notes/attest:refs/notes/attest"^[[0m
trust	UNKNOWN STEP	2026-10-07T06:03:40.3855740Z ^[[36;1mecho "available=true" >> "$GITHUB_OUTPUT"^[[0m
trust	UNKNOWN STEP	2026-10-07T06:03:40.3962540Z shell: /bin/bash --noprofile --norc -e -o pipefail {0}
trust	UNKNOWN STEP	2026-10-07T06:03:40.3962830Z env:
trust	UNKNOWN STEP	2026-10-07T06:03:40.3963000Z   ROOK_HI: /opt/homebrew/bin/hi
trust	UNKNOWN STEP	2026-10-07T06:03:40.3963260Z   ROOK_SPECSYNC: /opt/homebrew/bin/specsync
trust	UNKNOWN STEP	2026-10-07T06:03:40.3963500Z   FLEDGE_NON_INTERACTIVE: 1
trust	UNKNOWN STEP	2026-10-07T06:03:40.3963720Z   GIT_CONFIG_GLOBAL: /dev/null
trust	UNKNOWN STEP	2026-10-07T06:03:40.3963910Z   MODE: soft
trust	UNKNOWN STEP	2026-10-07T06:03:40.3964340Z ##[endgroup]
trust	UNKNOWN STEP	2026-10-07T06:03:41.1043230Z ##[end-action id=__CorvidLabs_trust.ledger;outcome=success;conclusion=success;duration_ms=722]
trust	UNKNOWN STEP	2026-10-07T06:03:41.1053940Z ##[start-action display=Prepare Attest installation probe;id=__CorvidLabs_trust.attest_probe]
trust	UNKNOWN STEP	2026-10-07T06:03:41.1074890Z ##[end-action id=__CorvidLabs_trust.attest_probe;outcome=skipped;conclusion=skipped;duration_ms=0]
trust	UNKNOWN STEP	2026-10-07T06:03:41.1081220Z ##[start-action display=Install pinned Attest 1.0.0;id=__CorvidLabs_trust.attest_install]
trust	UNKNOWN STEP	2026-10-07T06:03:41.1095260Z ##[end-action id=__CorvidLabs_trust.attest_install;outcome=skipped;conclusion=skipped;duration_ms=0]
trust	UNKNOWN STEP	2026-10-07T06:03:41.1102540Z ##[start-action display=Provenance gate;id=__CorvidLabs_trust.provenance]
trust	UNKNOWN STEP	2026-10-07T06:03:41.1118110Z ##[end-action id=__CorvidLabs_trust.provenance;outcome=skipped;conclusion=skipped;duration_ms=0]
trust	UNKNOWN STEP	2026-10-07T06:03:41.1140990Z ##[start-action display=Summarize Trust gate;id=__CorvidLabs_trust.summary]
trust	UNKNOWN STEP	2026-10-07T06:03:41.1164120Z ##[group]Run set -euo pipefail
trust	UNKNOWN STEP	2026-10-07T06:03:41.1164360Z ^[[36;1mset -euo pipefail^[[0m
trust	UNKNOWN STEP	2026-10-07T06:03:41.1164610Z ^[[36;1mlifecycle_status="${LIFECYCLE:-failed}"^[[0m
trust	UNKNOWN STEP	2026-10-07T06:03:41.1165050Z ^[[36;1mcontract_status="off"; [ "$CONTRACT_ENABLED" = true ] && contract_status="${CONTRACT:-failed}"^[[0m
trust	UNKNOWN STEP	2026-10-07T06:03:41.1165440Z ^[[36;1mrisk_status="${RISK:-failed}"^[[0m
trust	UNKNOWN STEP	2026-10-07T06:03:41.1165920Z ^[[36;1mprovenance_status="off"^[[0m
trust	UNKNOWN STEP	2026-10-07T06:03:41.1166180Z ^[[36;1mif [ "$PROVENANCE_MODE" != off ]; then^[[0m
trust	UNKNOWN STEP	2026-10-07T06:03:41.1166560Z ^[[36;1m  if [ "${LEDGER_AVAILABLE:-false}" != true ]; then^[[0m
trust	UNKNOWN STEP	2026-10-07T06:03:41.1166940Z ^[[36;1m    if [ "$PROVENANCE_MODE" = soft ]; then provenance_status="soft-failed"^[[0m
trust	UNKNOWN STEP	2026-10-07T06:03:41.1167310Z ^[[36;1m    else provenance_status="failed"^[[0m
trust	UNKNOWN STEP	2026-10-07T06:03:41.1167550Z ^[[36;1m    fi^[[0m
trust	UNKNOWN STEP	2026-10-07T06:03:41.1167900Z ^[[36;1m  elif [ "${ATTEST_INSTALL:-skipped}" != success ] || [ "${PROVENANCE_OUTCOME:-skipped}" != success ]; then^[[0m
trust	UNKNOWN STEP	2026-10-07T06:03:41.1168330Z ^[[36;1m    provenance_status="failed"^[[0m
trust	UNKNOWN STEP	2026-10-07T06:03:41.1168590Z ^[[36;1m  else^[[0m
trust	UNKNOWN STEP	2026-10-07T06:03:41.1168860Z ^[[36;1m    provenance_status="${PROVENANCE:-failed}"^[[0m
trust	UNKNOWN STEP	2026-10-07T06:03:41.1169100Z ^[[36;1m  fi^[[0m
trust	UNKNOWN STEP	2026-10-07T06:03:41.1169270Z ^[[36;1mfi^[[0m
trust	UNKNOWN STEP	2026-10-07T06:03:41.1169420Z ^[[36;1mstatus="passed"^[[0m
trust	UNKNOWN STEP	2026-10-07T06:03:41.1169720Z ^[[36;1mif [ "$lifecycle_status" != success ] || [ "$risk_status" != success ] || \^[[0m
trust	UNKNOWN STEP	2026-10-07T06:03:41.1170160Z ^[[36;1m   { [ "$CONTRACT_ENABLED" = true ] && [ "$contract_status" != success ]; } || \^[[0m
trust	UNKNOWN STEP	2026-10-07T06:03:41.1170510Z ^[[36;1m   [ "$provenance_status" = failed ]; then^[[0m
trust	UNKNOWN STEP	2026-10-07T06:03:41.1170770Z ^[[36;1m  status="failed"^[[0m
trust	UNKNOWN STEP	2026-10-07T06:03:41.1171000Z ^[[36;1melif [ "$provenance_status" = soft-failed ]; then^[[0m
trust	UNKNOWN STEP	2026-10-07T06:03:41.1171270Z ^[[36;1m  status="degraded"^[[0m
trust	UNKNOWN STEP	2026-10-07T06:03:41.1171450Z ^[[36;1mfi^[[0m
trust	UNKNOWN STEP	2026-10-07T06:03:41.1171610Z ^[[36;1m{^[[0m
trust	UNKNOWN STEP	2026-10-07T06:03:41.1171760Z ^[[36;1m  echo "status=$status"^[[0m
trust	UNKNOWN STEP	2026-10-07T06:03:41.1180630Z ^[[36;1m  echo "lifecycle_status=$lifecycle_status"^[[0m
trust	UNKNOWN STEP	2026-10-07T06:03:41.1180950Z ^[[36;1m  echo "contract_status=$contract_status"^[[0m
trust	UNKNOWN STEP	2026-10-07T06:03:41.1181250Z ^[[36;1m  echo "risk_status=$risk_status"^[[0m
trust	UNKNOWN STEP	2026-10-07T06:03:41.1181530Z ^[[36;1m  echo "provenance_status=$provenance_status"^[[0m
trust	UNKNOWN STEP	2026-10-07T06:03:41.1181780Z ^[[36;1m} >> "$GITHUB_OUTPUT"^[[0m
trust	UNKNOWN STEP	2026-10-07T06:03:41.1181980Z ^[[36;1m{^[[0m
trust	UNKNOWN STEP	2026-10-07T06:03:41.1182150Z ^[[36;1m  echo "### CorvidLabs Trust"^[[0m
trust	UNKNOWN STEP	2026-10-07T06:03:41.1182360Z ^[[36;1m  echo^[[0m
trust	UNKNOWN STEP	2026-10-07T06:03:41.1182620Z ^[[36;1m  echo "| lifecycle | contract | risk | provenance | overall |"^[[0m
trust	UNKNOWN STEP	2026-10-07T06:03:41.1182930Z ^[[36;1m  echo "|---|---|---|---|---|"^[[0m
trust	UNKNOWN STEP	2026-10-07T06:03:41.1183280Z ^[[36;1m  echo "| $lifecycle_status | $contract_status | $risk_status | $provenance_status | $status |"^[[0m
trust	UNKNOWN STEP	2026-10-07T06:03:41.1183750Z ^[[36;1m} >> "$GITHUB_STEP_SUMMARY"^[[0m
trust	UNKNOWN STEP	2026-10-07T06:03:41.1287150Z shell: /bin/bash --noprofile --norc -e -o pipefail {0}
trust	UNKNOWN STEP	2026-10-07T06:03:41.1287470Z env:
trust	UNKNOWN STEP	2026-10-07T06:03:41.1287980Z   ROOK_HI: /opt/homebrew/bin/hi
trust	UNKNOWN STEP	2026-10-07T06:03:41.1288200Z   ROOK_SPECSYNC: /opt/homebrew/bin/specsync
trust	UNKNOWN STEP	2026-10-07T06:03:41.1288560Z   FLEDGE_NON_INTERACTIVE: 1
trust	UNKNOWN STEP	2026-10-07T06:03:41.1288790Z   GIT_CONFIG_GLOBAL: /dev/null
trust	UNKNOWN STEP	2026-10-07T06:03:41.1288990Z   LIFECYCLE: success
trust	UNKNOWN STEP	2026-10-07T06:03:41.1289180Z   CONTRACT_ENABLED: true
trust	UNKNOWN STEP	2026-10-07T06:03:41.1289360Z   CONTRACT: success
trust	UNKNOWN STEP	2026-10-07T06:03:41.1289530Z   RISK: success
trust	UNKNOWN STEP	2026-10-07T06:03:41.1289690Z   PROVENANCE_MODE: soft
trust	UNKNOWN STEP	2026-10-07T06:03:41.1289900Z   LEDGER_AVAILABLE: false
trust	UNKNOWN STEP	2026-10-07T06:03:41.1290080Z   ATTEST_INSTALL: skipped
trust	UNKNOWN STEP	2026-10-07T06:03:41.1290270Z   PROVENANCE_OUTCOME: skipped
trust	UNKNOWN STEP	2026-10-07T06:03:41.1290440Z   PROVENANCE: 
trust	UNKNOWN STEP	2026-10-07T06:03:41.1290600Z ##[endgroup]
trust	UNKNOWN STEP	2026-10-07T06:03:41.1583600Z ##[end-action id=__CorvidLabs_trust.summary;outcome=success;conclusion=success;duration_ms=44]
trust	UNKNOWN STEP	2026-10-07T06:03:41.1710140Z Post job cleanup.
trust	UNKNOWN STEP	2026-10-07T06:03:41.4904590Z [command]/usr/bin/git version
trust	UNKNOWN STEP	2026-10-07T06:03:41.5052860Z git version 2.50.1 (Apple Git-155)
trust	UNKNOWN STEP	2026-10-07T06:03:41.5074780Z Copying '/Users/leif/.gitconfig' to '/Volumes/NVME/runners/actions-runner-1/_work/_temp/68c2b03c-f8e5-44f9-a78f-3b10e012fe89/.gitconfig'
trust	UNKNOWN STEP	2026-10-07T06:03:41.5082620Z Temporarily overriding HOME='/Volumes/NVME/runners/actions-runner-1/_work/_temp/68c2b03c-f8e5-44f9-a78f-3b10e012fe89' before making global git config changes
trust	UNKNOWN STEP	2026-10-07T06:03:41.5083360Z Adding repository directory to the temporary git global config as a safe directory
trust	UNKNOWN STEP	2026-10-07T06:03:41.5086790Z [command]/usr/bin/git config --global --add safe.directory /Volumes/NVME/runners/actions-runner-1/_work/sculpt-3md/sculpt-3md
trust	UNKNOWN STEP	2026-10-07T06:03:41.6840420Z [command]/usr/bin/git config --local --name-only --get-regexp core\.sshCommand
trust	UNKNOWN STEP	2026-10-07T06:03:41.6995490Z [command]/usr/bin/git submodule foreach --recursive sh -c "git config --local --name-only --get-regexp 'core\.sshCommand' && git config --local --unset-all 'core.sshCommand' || :"
trust	UNKNOWN STEP	2026-10-07T06:03:41.8183650Z [command]/usr/bin/git config --local --name-only --get-regexp http\.https\:\/\/github\.com\/\.extraheader
trust	UNKNOWN STEP	2026-10-07T06:03:41.8330790Z http.https://github.com/.extraheader
trust	UNKNOWN STEP	2026-10-07T06:03:41.8340370Z [command]/usr/bin/git config --local --unset-all http.https://github.com/.extraheader
trust	UNKNOWN STEP	2026-10-07T06:03:41.8484730Z [command]/usr/bin/git submodule foreach --recursive sh -c "git config --local --name-only --get-regexp 'http\.https\:\/\/github\.com\/\.extraheader' && git config --local --unset-all 'http.https://github.com/.extraheader' || :"
trust	UNKNOWN STEP	2026-10-07T06:03:41.9599220Z [command]/usr/bin/git config --local --name-only --get-regexp ^includeIf\.gitdir:
trust	UNKNOWN STEP	2026-10-07T06:03:41.9751710Z [command]/usr/bin/git submodule foreach --recursive git config --local --show-origin --name-only --get-regexp remote.origin.url
trust	UNKNOWN STEP	2026-10-07T06:03:42.1006790Z Cleaning up orphan processes
