
Running 230 tests using 2 workers

(node:76552) Warning: The 'NO_COLOR' env is ignored due to the 'FORCE_COLOR' env being set.
(Use `node --trace-warnings ...` to show where the warning was created)
(node:76553) Warning: The 'NO_COLOR' env is ignored due to the 'FORCE_COLOR' env being set.
(Use `node --trace-warnings ...` to show where the warning was created)
[WebServer] ::1 - - [10/Oct/2026 12:30:46] "GET /embed-example.html HTTP/1.1" 200 -
[WebServer] ::1 - - [10/Oct/2026 12:30:46] "GET /embed-example.html HTTP/1.1" 200 -
[WebServer] ::1 - - [10/Oct/2026 12:30:46] "GET /assets/tokens.css HTTP/1.1" 200 -
[WebServer] ::1 - - [10/Oct/2026 12:30:46] "GET /assets/tokens.css HTTP/1.1" 200 -
[WebServer] ::1 - - [10/Oct/2026 12:30:46] "GET /assets/three-md.js?v=1.7.17 HTTP/1.1" 200 -
[WebServer] ::1 - - [10/Oct/2026 12:30:46] "GET /assets/three-md.js?v=1.7.17 HTTP/1.1" 200 -
[WebServer] ::1 - - [10/Oct/2026 12:30:46] "GET /sample.3md HTTP/1.1" 200 -
[WebServer] ::1 - - [10/Oct/2026 12:30:46] "GET /sample.3md HTTP/1.1" 200 -
  ✓    2 [chromium] › component.spec.mjs:53:3 › <three-md> component › all deck cards share one width (focused matches the cards behind it) (148ms)
  ✓    1 [chromium] › component.spec.mjs:35:3 › <three-md> component › upgrades, renders planes, no console errors (149ms)
[WebServer] ::1 - - [10/Oct/2026 12:30:46] "GET /embed-example.html HTTP/1.1" 200 -
[WebServer] ::1 - - [10/Oct/2026 12:30:46] "GET /embed-example.html HTTP/1.1" 200 -
[WebServer] ::1 - - [10/Oct/2026 12:30:46] "GET /assets/tokens.css HTTP/1.1" 200 -
[WebServer] ::1 - - [10/Oct/2026 12:30:46] "GET /assets/three-md.js?v=1.7.17 HTTP/1.1" 200 -
[WebServer] ::1 - - [10/Oct/2026 12:30:46] "GET /assets/tokens.css HTTP/1.1" 200 -
[WebServer] ::1 - - [10/Oct/2026 12:30:46] "GET /assets/three-md.js?v=1.7.17 HTTP/1.1" 200 -
[WebServer] ::1 - - [10/Oct/2026 12:30:46] "GET /sample.3md HTTP/1.1" 200 -
[WebServer] ::1 - - [10/Oct/2026 12:30:46] "GET /sample.3md HTTP/1.1" 200 -
  ✓    3 [chromium] › component.spec.mjs:69:3 › <three-md> component › wide ASCII-art content is not clipped (card widens to fit rigid blocks) (96ms)
[WebServer] ::1 - - [10/Oct/2026 12:30:46] "GET /embed-example.html HTTP/1.1" 200 -
[WebServer] ::1 - - [10/Oct/2026 12:30:46] "GET /assets/three-md.js?v=1.7.17 HTTP/1.1" 200 -
[WebServer] ::1 - - [10/Oct/2026 12:30:46] "GET /assets/tokens.css HTTP/1.1" 200 -
[WebServer] ::1 - - [10/Oct/2026 12:30:46] "GET /sample.3md HTTP/1.1" 200 -
  ✓    4 [chromium] › component.spec.mjs:84:3 › <three-md> component › focused plane is frontmost across the scrubber (691ms)
[WebServer] ::1 - - [10/Oct/2026 12:30:46] "GET /embed-example.html HTTP/1.1" 200 -
[WebServer] ::1 - - [10/Oct/2026 12:30:46] "GET /assets/tokens.css HTTP/1.1" 200 -
[WebServer] ::1 - - [10/Oct/2026 12:30:46] "GET /assets/three-md.js?v=1.7.17 HTTP/1.1" 200 -
[WebServer] ::1 - - [10/Oct/2026 12:30:46] "GET /sample.3md HTTP/1.1" 200 -
  ✓    6 [chromium] › component.spec.mjs:109:3 › <three-md> component › no horizontal overflow from 320px to 1440px (178ms)
[WebServer] ::1 - - [10/Oct/2026 12:30:47] "GET /embed-example.html HTTP/1.1" 200 -
[WebServer] ::1 - - [10/Oct/2026 12:30:47] "GET /assets/tokens.css HTTP/1.1" 200 -
[WebServer] ::1 - - [10/Oct/2026 12:30:47] "GET /assets/three-md.js?v=1.7.17 HTTP/1.1" 200 -
[WebServer] ::1 - - [10/Oct/2026 12:30:47] "GET /sample.3md HTTP/1.1" 200 -
  ✓    7 [chromium] › component.spec.mjs:123:3 › <three-md> component › playback advances and pauses (animations) (2.4s)
[WebServer] ::1 - - [10/Oct/2026 12:30:49] "GET /embed-example.html HTTP/1.1" 200 -
[WebServer] ::1 - - [10/Oct/2026 12:30:49] "GET /assets/tokens.css HTTP/1.1" 200 -
[WebServer] ::1 - - [10/Oct/2026 12:30:49] "GET /assets/three-md.js?v=1.7.17 HTTP/1.1" 200 -
[WebServer] ::1 - - [10/Oct/2026 12:30:49] "GET /sample.3md HTTP/1.1" 200 -
  ✓    8 [chromium] › component.spec.mjs:139:3 › <three-md> component › frame animations render as a flipbook (one frame, no deck) and autoplay (100ms)
[WebServer] ::1 - - [10/Oct/2026 12:30:49] "GET /embed-example.html HTTP/1.1" 200 -
[WebServer] ::1 - - [10/Oct/2026 12:30:49] "GET /assets/tokens.css HTTP/1.1" 200 -
[WebServer] ::1 - - [10/Oct/2026 12:30:49] "GET /assets/three-md.js?v=1.7.17 HTTP/1.1" 200 -
[WebServer] ::1 - - [10/Oct/2026 12:30:49] "GET /sample.3md HTTP/1.1" 200 -
  ✓    9 [chromium] › component.spec.mjs:160:3 › <three-md> component › does not auto-convert characters; an optional legend maps them (94ms)
[WebServer] ::1 - - [10/Oct/2026 12:30:49] "GET /embed-example.html HTTP/1.1" 200 -
[WebServer] ::1 - - [10/Oct/2026 12:30:49] "GET /assets/tokens.css HTTP/1.1" 200 -
[WebServer] ::1 - - [10/Oct/2026 12:30:49] "GET /assets/three-md.js?v=1.7.17 HTTP/1.1" 200 -
[WebServer] ::1 - - [10/Oct/2026 12:30:49] "GET /sample.3md HTTP/1.1" 200 -
  ✓   10 [chromium] › component.spec.mjs:184:3 › <three-md> component › camera: WASD/wheel/orbit move the scene; retired modes alias (91ms)
[WebServer] ::1 - - [10/Oct/2026 12:30:49] "GET /embed-example.html HTTP/1.1" 200 -
[WebServer] ::1 - - [10/Oct/2026 12:30:49] "GET /assets/tokens.css HTTP/1.1" 200 -
[WebServer] ::1 - - [10/Oct/2026 12:30:49] "GET /assets/three-md.js?v=1.7.17 HTTP/1.1" 200 -
[WebServer] ::1 - - [10/Oct/2026 12:30:49] "GET /sample.3md HTTP/1.1" 200 -
  ✓   11 [chromium] › component.spec.mjs:210:3 › <three-md> component › map mode lays planes out by x/y (90ms)
[WebServer] ::1 - - [10/Oct/2026 12:30:49] "GET /embed-example.html HTTP/1.1" 200 -
[WebServer] ::1 - - [10/Oct/2026 12:30:49] "GET /assets/three-md.js?v=1.7.17 HTTP/1.1" 200 -
[WebServer] ::1 - - [10/Oct/2026 12:30:49] "GET /assets/tokens.css HTTP/1.1" 200 -
[WebServer] ::1 - - [10/Oct/2026 12:30:49] "GET /sample.3md HTTP/1.1" 200 -
  ✓   12 [chromium] › component.spec.mjs:223:3 › <three-md> component › renders Markdown tables (not raw pipes) (89ms)
[WebServer] ::1 - - [10/Oct/2026 12:30:49] "GET /embed-example.html HTTP/1.1" 200 -
[WebServer] ::1 - - [10/Oct/2026 12:30:49] "GET /assets/tokens.css HTTP/1.1" 200 -
[WebServer] ::1 - - [10/Oct/2026 12:30:49] "GET /assets/three-md.js?v=1.7.17 HTTP/1.1" 200 -
[WebServer] ::1 - - [10/Oct/2026 12:30:49] "GET /sample.3md HTTP/1.1" 200 -
  ✓   13 [chromium] › component.spec.mjs:239:3 › <three-md> component › layers shows aligned overlays at once, with toggle chips (87ms)
[WebServer] ::1 - - [10/Oct/2026 12:30:50] "GET /embed-example.html HTTP/1.1" 200 -
[WebServer] ::1 - - [10/Oct/2026 12:30:50] "GET /assets/three-md.js?v=1.7.17 HTTP/1.1" 200 -
[WebServer] ::1 - - [10/Oct/2026 12:30:50] "GET /assets/tokens.css HTTP/1.1" 200 -
[WebServer] ::1 - - [10/Oct/2026 12:30:50] "GET /sample.3md HTTP/1.1" 200 -
  ✓   14 [chromium] › component.spec.mjs:261:3 › <three-md> component › blend mode renders content as 3D voxels (86ms)
[WebServer] ::1 - - [10/Oct/2026 12:30:50] "GET /embed-example.html HTTP/1.1" 200 -
[WebServer] ::1 - - [10/Oct/2026 12:30:50] "GET /assets/tokens.css HTTP/1.1" 200 -
[WebServer] ::1 - - [10/Oct/2026 12:30:50] "GET /assets/three-md.js?v=1.7.17 HTTP/1.1" 200 -
[WebServer] ::1 - - [10/Oct/2026 12:30:50] "GET /sample.3md HTTP/1.1" 200 -
  ✓   15 [chromium] › component.spec.mjs:281:3 › <three-md> component › single-card mode shows only the focused plane (225ms)
[WebServer] ::1 - - [10/Oct/2026 12:30:50] "GET /embed-example.html HTTP/1.1" 200 -
[WebServer] ::1 - - [10/Oct/2026 12:30:50] "GET /assets/tokens.css HTTP/1.1" 200 -
[WebServer] ::1 - - [10/Oct/2026 12:30:50] "GET /assets/three-md.js?v=1.7.17 HTTP/1.1" 200 -
[WebServer] ::1 - - [10/Oct/2026 12:30:50] "GET /sample.3md HTTP/1.1" 200 -
  ✓   16 [chromium] › component.spec.mjs:303:3 › <three-md> component › single-card mode scrolls a long plane (reader) (93ms)
[WebServer] ::1 - - [10/Oct/2026 12:30:50] "GET /embed-example.html HTTP/1.1" 200 -
[WebServer] ::1 - - [10/Oct/2026 12:30:50] "GET /assets/tokens.css HTTP/1.1" 200 -
[WebServer] ::1 - - [10/Oct/2026 12:30:50] "GET /assets/three-md.js?v=1.7.17 HTTP/1.1" 200 -
[WebServer] ::1 - - [10/Oct/2026 12:30:50] "GET /sample.3md HTTP/1.1" 200 -
  ✓   17 [chromium] › component.spec.mjs:326:3 › <three-md> component › reflects the resolved mode as data-mode (for fullscreen styling) (90ms)
[WebServer] ::1 - - [10/Oct/2026 12:30:50] "GET /embed-example.html HTTP/1.1" 200 -
[WebServer] ::1 - - [10/Oct/2026 12:30:50] "GET /assets/tokens.css HTTP/1.1" 200 -
[WebServer] ::1 - - [10/Oct/2026 12:30:50] "GET /assets/three-md.js?v=1.7.17 HTTP/1.1" 200 -
[WebServer] ::1 - - [10/Oct/2026 12:30:50] "GET /sample.3md HTTP/1.1" 200 -
  ✓   18 [chromium] › component.spec.mjs:343:3 › <three-md> component › space and PageDown advance like a slideshow (not in reader) (96ms)
[WebServer] ::1 - - [10/Oct/2026 12:30:50] "GET /embed-example.html HTTP/1.1" 200 -
[WebServer] ::1 - - [10/Oct/2026 12:30:50] "GET /assets/tokens.css HTTP/1.1" 200 -
[WebServer] ::1 - - [10/Oct/2026 12:30:50] "GET /assets/three-md.js?v=1.7.17 HTTP/1.1" 200 -
[WebServer] ::1 - - [10/Oct/2026 12:30:50] "GET /sample.3md HTTP/1.1" 200 -
  ✓   19 [chromium] › component.spec.mjs:366:3 › <three-md> component › cross-plane links [[z=N|text]] are clickable and navigate (87ms)
[WebServer] ::1 - - [10/Oct/2026 12:30:50] "GET /embed-example.html HTTP/1.1" 200 -
[WebServer] ::1 - - [10/Oct/2026 12:30:50] "GET /assets/tokens.css HTTP/1.1" 200 -
[WebServer] ::1 - - [10/Oct/2026 12:30:50] "GET /assets/three-md.js?v=1.7.17 HTTP/1.1" 200 -
[WebServer] ::1 - - [10/Oct/2026 12:30:50] "GET /sample.3md HTTP/1.1" 200 -
  ✓   20 [chromium] › component.spec.mjs:383:3 › <three-md> component › a tap (pointer, no drag) on a cross-plane link navigates (88ms)
[WebServer] ::1 - - [10/Oct/2026 12:30:50] "GET /embed-example.html HTTP/1.1" 200 -
[WebServer] ::1 - - [10/Oct/2026 12:30:50] "GET /assets/tokens.css HTTP/1.1" 200 -
[WebServer] ::1 - - [10/Oct/2026 12:30:50] "GET /assets/three-md.js?v=1.7.17 HTTP/1.1" 200 -
[WebServer] ::1 - - [10/Oct/2026 12:30:50] "GET /sample.3md HTTP/1.1" 200 -
  ✓   21 [chromium] › component.spec.mjs:402:3 › <three-md> component › flipbook frames are a fixed size (no resize between frames) (95ms)
[WebServer] ::1 - - [10/Oct/2026 12:30:50] "GET /embed-example.html HTTP/1.1" 200 -
[WebServer] ::1 - - [10/Oct/2026 12:30:50] "GET /assets/tokens.css HTTP/1.1" 200 -
[WebServer] ::1 - - [10/Oct/2026 12:30:50] "GET /assets/three-md.js?v=1.7.17 HTTP/1.1" 200 -
[WebServer] ::1 - - [10/Oct/2026 12:30:50] "GET /sample.3md HTTP/1.1" 200 -
  ✓   22 [chromium] › component.spec.mjs:420:3 › <three-md> component › loop toggle controls whether playback wraps (99ms)
[WebServer] ::1 - - [10/Oct/2026 12:30:51] "GET /embed-example.html HTTP/1.1" 200 -
[WebServer] ::1 - - [10/Oct/2026 12:30:51] "GET /assets/tokens.css HTTP/1.1" 200 -
[WebServer] ::1 - - [10/Oct/2026 12:30:51] "GET /assets/three-md.js?v=1.7.17 HTTP/1.1" 200 -
[WebServer] ::1 - - [10/Oct/2026 12:30:51] "GET /sample.3md HTTP/1.1" 200 -
  ✓   23 [chromium] › component.spec.mjs:438:3 › <three-md> component › emits planechange when stepping (85ms)
[WebServer] ::1 - - [10/Oct/2026 12:30:51] "GET /embed-example.html HTTP/1.1" 200 -
[WebServer] ::1 - - [10/Oct/2026 12:30:51] "GET /assets/tokens.css HTTP/1.1" 200 -
[WebServer] ::1 - - [10/Oct/2026 12:30:51] "GET /assets/three-md.js?v=1.7.17 HTTP/1.1" 200 -
[WebServer] ::1 - - [10/Oct/2026 12:30:51] "GET /sample.3md HTTP/1.1" 200 -
  ✓   24 [chromium] › component.spec.mjs:450:3 › <three-md> component › legend values cannot inject HTML (XSS sink is escaped) (281ms)
[WebServer] ::1 - - [10/Oct/2026 12:30:51] "GET /embed-example.html HTTP/1.1" 200 -
[WebServer] ::1 - - [10/Oct/2026 12:30:51] "GET /assets/three-md.js?v=1.7.17 HTTP/1.1" 200 -
[WebServer] ::1 - - [10/Oct/2026 12:30:51] "GET /assets/tokens.css HTTP/1.1" 200 -
[WebServer] ::1 - - [10/Oct/2026 12:30:51] "GET /sample.3md HTTP/1.1" 200 -
  ✓   25 [chromium] › component.spec.mjs:485:3 › <three-md> component › cross-plane links work for decimal z (not just integers) (87ms)
[WebServer] ::1 - - [10/Oct/2026 12:30:51] "GET /embed-example.html HTTP/1.1" 200 -
[WebServer] ::1 - - [10/Oct/2026 12:30:51] "GET /assets/tokens.css HTTP/1.1" 200 -
[WebServer] ::1 - - [10/Oct/2026 12:30:51] "GET /assets/three-md.js?v=1.7.17 HTTP/1.1" 200 -
[WebServer] ::1 - - [10/Oct/2026 12:30:51] "GET /sample.3md HTTP/1.1" 200 -
  ✓   26 [chromium] › component.spec.mjs:503:3 › <three-md> component › switching into blend after load builds voxels (no empty stage) (268ms)
[WebServer] ::1 - - [10/Oct/2026 12:30:51] "GET /embed-example.html HTTP/1.1" 200 -
[WebServer] ::1 - - [10/Oct/2026 12:30:51] "GET /assets/tokens.css HTTP/1.1" 200 -
[WebServer] ::1 - - [10/Oct/2026 12:30:51] "GET /assets/three-md.js?v=1.7.17 HTTP/1.1" 200 -
[WebServer] ::1 - - [10/Oct/2026 12:30:51] "GET /sample.3md HTTP/1.1" 200 -
  ✓   27 [chromium] › component.spec.mjs:518:3 › <three-md> component › blend voxels are the legend-mapped character glyphs, and billboard faces the camera (85ms)
[WebServer] ::1 - - [10/Oct/2026 12:30:51] "GET /embed-example.html HTTP/1.1" 200 -
[WebServer] ::1 - - [10/Oct/2026 12:30:51] "GET /assets/tokens.css HTTP/1.1" 200 -
[WebServer] ::1 - - [10/Oct/2026 12:30:51] "GET /assets/three-md.js?v=1.7.17 HTTP/1.1" 200 -
[WebServer] ::1 - - [10/Oct/2026 12:30:51] "GET /sample.3md HTTP/1.1" 200 -
  ✓   28 [chromium] › component.spec.mjs:537:3 › <three-md> component › without a legend, blend voxels show the raw characters (87ms)
[WebServer] ::1 - - [10/Oct/2026 12:30:51] "GET /embed-example.html HTTP/1.1" 200 -
[WebServer] ::1 - - [10/Oct/2026 12:30:51] "GET /assets/tokens.css HTTP/1.1" 200 -
[WebServer] ::1 - - [10/Oct/2026 12:30:51] "GET /assets/three-md.js?v=1.7.17 HTTP/1.1" 200 -
[WebServer] ::1 - - [10/Oct/2026 12:30:51] "GET /sample.3md HTTP/1.1" 200 -
  ✓   29 [chromium] › component.spec.mjs:549:3 › <three-md> component › blend is gated to COMPACT art: a sprawling grid is not voxelizable (falls back to deck) (85ms)
[WebServer] ::1 - - [10/Oct/2026 12:30:52] "GET /embed-example.html HTTP/1.1" 200 -
[WebServer] ::1 - - [10/Oct/2026 12:30:52] "GET /assets/three-md.js?v=1.7.17 HTTP/1.1" 200 -
[WebServer] ::1 - - [10/Oct/2026 12:30:52] "GET /assets/tokens.css HTTP/1.1" 200 -
[WebServer] ::1 - - [10/Oct/2026 12:30:52] "GET /sample.3md HTTP/1.1" 200 -
  ✓   30 [chromium] › component.spec.mjs:571:3 › <three-md> component › map and layers keep every tile inside the stage on all edges (many tiles) (93ms)
[WebServer] ::1 - - [10/Oct/2026 12:30:52] "GET /embed-example.html HTTP/1.1" 200 -
[WebServer] ::1 - - [10/Oct/2026 12:30:52] "GET /assets/tokens.css HTTP/1.1" 200 -
[WebServer] ::1 - - [10/Oct/2026 12:30:52] "GET /assets/three-md.js?v=1.7.17 HTTP/1.1" 200 -
[WebServer] ::1 - - [10/Oct/2026 12:30:52] "GET /sample.3md HTTP/1.1" 200 -
  ✓   31 [chromium] › component.spec.mjs:598:3 › <three-md> component › map orbit is clamped so an extreme pose never spills a tile off the stage (87ms)
[WebServer] ::1 - - [10/Oct/2026 12:30:52] "GET /embed-example.html HTTP/1.1" 200 -
[WebServer] ::1 - - [10/Oct/2026 12:30:52] "GET /assets/tokens.css HTTP/1.1" 200 -
[WebServer] ::1 - - [10/Oct/2026 12:30:52] "GET /assets/three-md.js?v=1.7.17 HTTP/1.1" 200 -
[WebServer] ::1 - - [10/Oct/2026 12:30:52] "GET /sample.3md HTTP/1.1" 200 -
  ✓   32 [chromium] › component.spec.mjs:623:3 › <three-md> component › map snaps coordinates to a non-overlapping grid (same x = column, same y = row) (84ms)
  ✓    5 [chromium] › component.spec.mjs:94:3 › <three-md> component › works with requestAnimationFrame paused (Low Power Mode) (6.1s)
[WebServer] ::1 - - [10/Oct/2026 12:30:52] "GET /embed-example.html HTTP/1.1" 200 -
[WebServer] ::1 - - [10/Oct/2026 12:30:52] "GET /assets/tokens.css HTTP/1.1" 200 -
[WebServer] ::1 - - [10/Oct/2026 12:30:52] "GET /assets/three-md.js?v=1.7.17 HTTP/1.1" 200 -
[WebServer] ::1 - - [10/Oct/2026 12:30:52] "GET /embed-example.html HTTP/1.1" 200 -
[WebServer] ::1 - - [10/Oct/2026 12:30:52] "GET /assets/three-md.js?v=1.7.17 HTTP/1.1" 200 -
[WebServer] ::1 - - [10/Oct/2026 12:30:52] "GET /assets/tokens.css HTTP/1.1" 200 -
[WebServer] ::1 - - [10/Oct/2026 12:30:52] "GET /sample.3md HTTP/1.1" 200 -
[WebServer] ::1 - - [10/Oct/2026 12:30:52] "GET /sample.3md HTTP/1.1" 200 -
  ✓   33 [chromium] › component.spec.mjs:652:3 › <three-md> component › map: no-coordinate planes lay out in a clean non-overlapping grid (98ms)
  ✓   34 [chromium] › component.spec.mjs:672:3 › <three-md> component › map: the focused card pops to a larger readable size than the board tiles (92ms)
[WebServer] ::1 - - [10/Oct/2026 12:30:52] "GET /embed-example.html HTTP/1.1" 200 -
[WebServer] ::1 - - [10/Oct/2026 12:30:52] "GET /assets/tokens.css HTTP/1.1" 200 -
[WebServer] ::1 - - [10/Oct/2026 12:30:52] "GET /assets/three-md.js?v=1.7.17 HTTP/1.1" 200 -
[WebServer] ::1 - - [10/Oct/2026 12:30:52] "GET /embed-example.html HTTP/1.1" 200 -
[WebServer] ::1 - - [10/Oct/2026 12:30:52] "GET /assets/three-md.js?v=1.7.17 HTTP/1.1" 200 -
[WebServer] ::1 - - [10/Oct/2026 12:30:52] "GET /assets/tokens.css HTTP/1.1" 200 -
[WebServer] ::1 - - [10/Oct/2026 12:30:52] "GET /sample.3md HTTP/1.1" 200 -
[WebServer] ::1 - - [10/Oct/2026 12:30:52] "GET /sample.3md HTTP/1.1" 200 -
  ✓   35 [chromium] › component.spec.mjs:689:3 › <three-md> component › map opens on a full-board overview (nothing forced open) until a tile is opened (95ms)
  ✓   36 [chromium] › component.spec.mjs:711:3 › <three-md> component › map: partially-positioned planes (only x or only y) do not pile up (92ms)
[WebServer] ::1 - - [10/Oct/2026 12:30:52] "GET /embed-example.html HTTP/1.1" 200 -
[WebServer] ::1 - - [10/Oct/2026 12:30:52] "GET /assets/tokens.css HTTP/1.1" 200 -
[WebServer] ::1 - - [10/Oct/2026 12:30:52] "GET /assets/three-md.js?v=1.7.17 HTTP/1.1" 200 -
[WebServer] ::1 - - [10/Oct/2026 12:30:52] "GET /embed-example.html HTTP/1.1" 200 -
[WebServer] ::1 - - [10/Oct/2026 12:30:52] "GET /assets/tokens.css HTTP/1.1" 200 -
[WebServer] ::1 - - [10/Oct/2026 12:30:52] "GET /assets/three-md.js?v=1.7.17 HTTP/1.1" 200 -
[WebServer] ::1 - - [10/Oct/2026 12:30:52] "GET /sample.3md HTTP/1.1" 200 -
[WebServer] ::1 - - [10/Oct/2026 12:30:52] "GET /sample.3md HTTP/1.1" 200 -
  ✓   37 [chromium] › component.spec.mjs:728:3 › <three-md> component › map: unpositioned planes do not collapse onto explicit (0,0) (102ms)
[WebServer] ::1 - - [10/Oct/2026 12:30:52] "GET /all-examples.json HTTP/1.1" 200 -
[WebServer] ::1 - - [10/Oct/2026 12:30:52] "GET /index.html HTTP/1.1" 200 -
[WebServer] ::1 - - [10/Oct/2026 12:30:52] "GET /assets/tokens.css HTTP/1.1" 200 -
[WebServer] ::1 - - [10/Oct/2026 12:30:52] "GET /assets/three-md.js?v=1.7.17 HTTP/1.1" 200 -
[WebServer] ::1 - - [10/Oct/2026 12:30:52] "GET /assets/theme.js HTTP/1.1" 200 -
[WebServer] ::1 - - [10/Oct/2026 12:30:53] "GET /all-examples.json HTTP/1.1" 200 -
  ✓   39 [chromium] › lab.spec.mjs:59:3 › lab demo (index.html, backed by <three-md>) › renders via the component with no console errors (768ms)
[WebServer] ::1 - - [10/Oct/2026 12:30:53] "GET /index.html HTTP/1.1" 200 -
[WebServer] ::1 - - [10/Oct/2026 12:30:53] "GET /assets/tokens.css HTTP/1.1" 200 -
[WebServer] ::1 - - [10/Oct/2026 12:30:53] "GET /assets/three-md.js?v=1.7.17 HTTP/1.1" 200 -
[WebServer] ::1 - - [10/Oct/2026 12:30:53] "GET /assets/theme.js HTTP/1.1" 200 -
[WebServer] ::1 - - [10/Oct/2026 12:30:53] "GET /all-examples.json HTTP/1.1" 200 -
  ✓   38 [chromium] › examples-coverage.spec.mjs:8:1 › the component renders every gallery example cleanly (1.9s)
[WebServer] ::1 - - [10/Oct/2026 12:30:54] "GET /index.html HTTP/1.1" 200 -
[WebServer] ::1 - - [10/Oct/2026 12:30:54] "GET /assets/three-md.js?v=1.7.17 HTTP/1.1" 200 -
[WebServer] ::1 - - [10/Oct/2026 12:30:54] "GET /assets/tokens.css HTTP/1.1" 200 -
[WebServer] ::1 - - [10/Oct/2026 12:30:54] "GET /assets/theme.js HTTP/1.1" 200 -
[WebServer] ::1 - - [10/Oct/2026 12:30:54] "GET /all-examples.json HTTP/1.1" 200 -
  ✓   40 [chromium] › lab.spec.mjs:69:3 › lab demo (index.html, backed by <three-md>) › focused plane is frontmost across the scrubber (1.3s)
[WebServer] ::1 - - [10/Oct/2026 12:30:54] "GET /index.html HTTP/1.1" 200 -
[WebServer] ::1 - - [10/Oct/2026 12:30:54] "GET /assets/tokens.css HTTP/1.1" 200 -
[WebServer] ::1 - - [10/Oct/2026 12:30:54] "GET /assets/three-md.js?v=1.7.17 HTTP/1.1" 200 -
[WebServer] ::1 - - [10/Oct/2026 12:30:54] "GET /assets/theme.js HTTP/1.1" 200 -
[WebServer] ::1 - - [10/Oct/2026 12:30:55] "GET /all-examples.json HTTP/1.1" 200 -
  ✓   42 [chromium] › lab.spec.mjs:92:3 › lab demo (index.html, backed by <three-md>) › no horizontal overflow from 320px to 1440px (783ms)
[WebServer] ::1 - - [10/Oct/2026 12:30:55] "GET /index.html HTTP/1.1" 200 -
[WebServer] ::1 - - [10/Oct/2026 12:30:55] "GET /assets/tokens.css HTTP/1.1" 200 -
[WebServer] ::1 - - [10/Oct/2026 12:30:55] "GET /assets/three-md.js?v=1.7.17 HTTP/1.1" 200 -
[WebServer] ::1 - - [10/Oct/2026 12:30:55] "GET /assets/theme.js HTTP/1.1" 200 -
[WebServer] ::1 - - [10/Oct/2026 12:30:55] "GET /all-examples.json HTTP/1.1" 200 -
  ✓   43 [chromium] › lab.spec.mjs:102:3 › lab demo (index.html, backed by <three-md>) › stepping the component highlights the synced source (927ms)
[WebServer] ::1 - - [10/Oct/2026 12:30:56] "GET /index.html HTTP/1.1" 200 -
[WebServer] ::1 - - [10/Oct/2026 12:30:56] "GET /assets/three-md.js?v=1.7.17 HTTP/1.1" 200 -
[WebServer] ::1 - - [10/Oct/2026 12:30:56] "GET /assets/tokens.css HTTP/1.1" 200 -
[WebServer] ::1 - - [10/Oct/2026 12:30:56] "GET /assets/theme.js HTTP/1.1" 200 -
[WebServer] ::1 - - [10/Oct/2026 12:30:56] "GET /all-examples.json HTTP/1.1" 200 -
  ✓   41 [chromium] › lab.spec.mjs:75:3 › lab demo (index.html, backed by <three-md>) › every axis tab loads, scrubs cleanly, and syncs the source panel (5.1s)
[WebServer] ::1 - - [10/Oct/2026 12:30:59] "GET /index.html HTTP/1.1" 200 -
[WebServer] ::1 - - [10/Oct/2026 12:30:59] "GET /assets/tokens.css HTTP/1.1" 200 -
[WebServer] ::1 - - [10/Oct/2026 12:30:59] "GET /assets/three-md.js?v=1.7.17 HTTP/1.1" 200 -
[WebServer] ::1 - - [10/Oct/2026 12:30:59] "GET /assets/theme.js HTTP/1.1" 200 -
[WebServer] ::1 - - [10/Oct/2026 12:30:59] "GET /all-examples.json HTTP/1.1" 200 -
  ✓   44 [chromium] › robustness.spec.mjs:37:3 › robustness (no degradation under heavy use) › no rAF-loop accumulation after switching tabs many times (3.8s)
[WebServer] ::1 - - [10/Oct/2026 12:31:00] "GET /index.html HTTP/1.1" 200 -
[WebServer] ::1 - - [10/Oct/2026 12:31:00] "GET /assets/tokens.css HTTP/1.1" 200 -
[WebServer] ::1 - - [10/Oct/2026 12:31:00] "GET /assets/three-md.js?v=1.7.17 HTTP/1.1" 200 -
[WebServer] ::1 - - [10/Oct/2026 12:31:00] "GET /assets/theme.js HTTP/1.1" 200 -
[WebServer] ::1 - - [10/Oct/2026 12:31:00] "GET /all-examples.json HTTP/1.1" 200 -
  ✓   46 [chromium] › robustness.spec.mjs:95:3 › robustness (no degradation under heavy use) › rapid play/pause and scrub leave no timers or errors (2.2s)
[WebServer] ::1 - - [10/Oct/2026 12:31:02] "GET /index.html?theme=dark HTTP/1.1" 200 -
[WebServer] ::1 - - [10/Oct/2026 12:31:02] "GET /assets/tokens.css HTTP/1.1" 200 -
[WebServer] ::1 - - [10/Oct/2026 12:31:02] "GET /assets/three-md.js?v=1.7.17 HTTP/1.1" 200 -
[WebServer] ::1 - - [10/Oct/2026 12:31:02] "GET /assets/theme.js HTTP/1.1" 200 -
[WebServer] ::1 - - [10/Oct/2026 12:31:02] "GET /all-examples.json HTTP/1.1" 200 -
  ✓   45 [chromium] › robustness.spec.mjs:65:3 › robustness (no degradation under heavy use) › DOM does not grow and the renderer stays correct after heavy use (3.4s)
[WebServer] ::1 - - [10/Oct/2026 12:31:02] "GET /index.html?theme=dark HTTP/1.1" 200 -
[WebServer] ::1 - - [10/Oct/2026 12:31:02] "GET /assets/tokens.css HTTP/1.1" 200 -
[WebServer] ::1 - - [10/Oct/2026 12:31:02] "GET /assets/three-md.js?v=1.7.17 HTTP/1.1" 200 -
[WebServer] ::1 - - [10/Oct/2026 12:31:02] "GET /assets/theme.js HTTP/1.1" 200 -
[WebServer] ::1 - - [10/Oct/2026 12:31:03] "GET /all-examples.json HTTP/1.1" 200 -
  ✓   47 [chromium] › snapshots.spec.mjs:37:3 › stage snapshot: stack (1.0s)
[WebServer] ::1 - - [10/Oct/2026 12:31:03] "GET /index.html?theme=dark HTTP/1.1" 200 -
[WebServer] ::1 - - [10/Oct/2026 12:31:03] "GET /assets/tokens.css HTTP/1.1" 200 -
[WebServer] ::1 - - [10/Oct/2026 12:31:03] "GET /assets/three-md.js?v=1.7.17 HTTP/1.1" 200 -
[WebServer] ::1 - - [10/Oct/2026 12:31:03] "GET /assets/theme.js HTTP/1.1" 200 -
[WebServer] ::1 - - [10/Oct/2026 12:31:03] "GET /all-examples.json HTTP/1.1" 200 -
  ✓   48 [chromium] › snapshots.spec.mjs:37:3 › stage snapshot: layers (1.1s)
[WebServer] ::1 - - [10/Oct/2026 12:31:04] "GET /index.html?theme=dark HTTP/1.1" 200 -
[WebServer] ::1 - - [10/Oct/2026 12:31:04] "GET /assets/three-md.js?v=1.7.17 HTTP/1.1" 200 -
[WebServer] ::1 - - [10/Oct/2026 12:31:04] "GET /assets/tokens.css HTTP/1.1" 200 -
[WebServer] ::1 - - [10/Oct/2026 12:31:04] "GET /assets/theme.js HTTP/1.1" 200 -
[WebServer] ::1 - - [10/Oct/2026 12:31:04] "GET /all-examples.json HTTP/1.1" 200 -
  ✓   49 [chromium] › snapshots.spec.mjs:37:3 › stage snapshot: scene (1.1s)
[WebServer] ::1 - - [10/Oct/2026 12:31:04] "GET /viewer.html HTTP/1.1" 200 -
[WebServer] ::1 - - [10/Oct/2026 12:31:04] "GET /assets/tokens.css HTTP/1.1" 200 -
[WebServer] ::1 - - [10/Oct/2026 12:31:04] "GET /assets/three-md.js?v=1.7.17 HTTP/1.1" 200 -
[WebServer] ::1 - - [10/Oct/2026 12:31:04] "GET /assets/theme.js HTTP/1.1" 200 -
[WebServer] ::1 - - [10/Oct/2026 12:31:04] "GET /assets/open-document.js?v=3 HTTP/1.1" 200 -
[WebServer] ::1 - - [10/Oct/2026 12:31:04] "GET /all-examples.json HTTP/1.1" 200 -
[WebServer] ::1 - - [10/Oct/2026 12:31:04] "GET /gallery-data.json HTTP/1.1" 200 -
[WebServer] ::1 - - [10/Oct/2026 12:31:04] "GET /nested-examples.json HTTP/1.1" 200 -
[WebServer] ::1 - - [10/Oct/2026 12:31:04] "GET /binary-samples.json HTTP/1.1" 200 -
  ✓   50 [chromium] › snapshots.spec.mjs:37:3 › stage snapshot: present (1.1s)
[WebServer] ::1 - - [10/Oct/2026 12:31:05] "GET /viewer.html HTTP/1.1" 200 -
[WebServer] ::1 - - [10/Oct/2026 12:31:05] "GET /assets/tokens.css HTTP/1.1" 200 -
[WebServer] ::1 - - [10/Oct/2026 12:31:05] "GET /assets/three-md.js?v=1.7.17 HTTP/1.1" 200 -
[WebServer] ::1 - - [10/Oct/2026 12:31:05] "GET /assets/theme.js HTTP/1.1" 200 -
[WebServer] ::1 - - [10/Oct/2026 12:31:05] "GET /assets/open-document.js?v=3 HTTP/1.1" 200 -
  ✓   51 [chromium] › viewer.spec.mjs:34:3 › viewer & editor (viewer.html) › opening the page shows lit cubes in the window (637ms)
[WebServer] ::1 - - [10/Oct/2026 12:31:05] "GET /viewer.html HTTP/1.1" 200 -
[WebServer] ::1 - - [10/Oct/2026 12:31:05] "GET /assets/tokens.css HTTP/1.1" 200 -
[WebServer] ::1 - - [10/Oct/2026 12:31:05] "GET /assets/three-md.js?v=1.7.17 HTTP/1.1" 200 -
[WebServer] ::1 - - [10/Oct/2026 12:31:05] "GET /assets/theme.js HTTP/1.1" 200 -
[WebServer] ::1 - - [10/Oct/2026 12:31:05] "GET /assets/open-document.js?v=3 HTTP/1.1" 200 -
[WebServer] ::1 - - [10/Oct/2026 12:31:05] "GET /gallery-data.json HTTP/1.1" 200 -
[WebServer] ::1 - - [10/Oct/2026 12:31:05] "GET /nested-examples.json HTTP/1.1" 200 -
[WebServer] ::1 - - [10/Oct/2026 12:31:05] "GET /all-examples.json HTTP/1.1" 200 -
[WebServer] ::1 - - [10/Oct/2026 12:31:05] "GET /binary-samples.json HTTP/1.1" 200 -
[WebServer] ::1 - - [10/Oct/2026 12:31:05] "GET /all-examples.json HTTP/1.1" 200 -
[WebServer] ::1 - - [10/Oct/2026 12:31:05] "GET /gallery-data.json HTTP/1.1" 200 -
[WebServer] ::1 - - [10/Oct/2026 12:31:05] "GET /nested-examples.json HTTP/1.1" 200 -
[WebServer] ::1 - - [10/Oct/2026 12:31:05] "GET /binary-samples.json HTTP/1.1" 200 -
  ✓   52 [chromium] › viewer.spec.mjs:78:3 › viewer & editor (viewer.html) › one cell has filled faces from every side, with gold edges and glyph fill (804ms)
[WebServer] ::1 - - [10/Oct/2026 12:31:05] "GET /viewer.html HTTP/1.1" 200 -
[WebServer] ::1 - - [10/Oct/2026 12:31:05] "GET /assets/tokens.css HTTP/1.1" 200 -
[WebServer] ::1 - - [10/Oct/2026 12:31:05] "GET /assets/three-md.js?v=1.7.17 HTTP/1.1" 200 -
[WebServer] ::1 - - [10/Oct/2026 12:31:05] "GET /assets/theme.js HTTP/1.1" 200 -
[WebServer] ::1 - - [10/Oct/2026 12:31:05] "GET /assets/open-document.js?v=3 HTTP/1.1" 200 -
  ✓   53 [chromium] › viewer.spec.mjs:152:3 › viewer & editor (viewer.html) › clicking a visible cube picks its Z slice and blank stage does not (743ms)
[WebServer] ::1 - - [10/Oct/2026 12:31:06] "GET /viewer.html HTTP/1.1" 200 -
[WebServer] ::1 - - [10/Oct/2026 12:31:06] "GET /assets/tokens.css HTTP/1.1" 200 -
[WebServer] ::1 - - [10/Oct/2026 12:31:06] "GET /assets/three-md.js?v=1.7.17 HTTP/1.1" 200 -
[WebServer] ::1 - - [10/Oct/2026 12:31:06] "GET /assets/theme.js HTTP/1.1" 200 -
[WebServer] ::1 - - [10/Oct/2026 12:31:06] "GET /assets/open-document.js?v=3 HTTP/1.1" 200 -
[WebServer] ::1 - - [10/Oct/2026 12:31:06] "GET /all-examples.json HTTP/1.1" 200 -
[WebServer] ::1 - - [10/Oct/2026 12:31:06] "GET /gallery-data.json HTTP/1.1" 200 -
[WebServer] ::1 - - [10/Oct/2026 12:31:06] "GET /nested-examples.json HTTP/1.1" 200 -
[WebServer] ::1 - - [10/Oct/2026 12:31:06] "GET /binary-samples.json HTTP/1.1" 200 -
[WebServer] ::1 - - [10/Oct/2026 12:31:06] "GET /gallery-data.json HTTP/1.1" 200 -
[WebServer] ::1 - - [10/Oct/2026 12:31:06] "GET /all-examples.json HTTP/1.1" 200 -
[WebServer] ::1 - - [10/Oct/2026 12:31:06] "GET /binary-samples.json HTTP/1.1" 200 -
[WebServer] ::1 - - [10/Oct/2026 12:31:06] "GET /nested-examples.json HTTP/1.1" 200 -
  ✓   54 [chromium] › viewer.spec.mjs:165:3 › viewer & editor (viewer.html) › renders the starter document with no console errors (618ms)
[WebServer] ::1 - - [10/Oct/2026 12:31:06] "GET /viewer.html HTTP/1.1" 200 -
[WebServer] ::1 - - [10/Oct/2026 12:31:06] "GET /assets/three-md.js?v=1.7.17 HTTP/1.1" 200 -
[WebServer] ::1 - - [10/Oct/2026 12:31:06] "GET /assets/tokens.css HTTP/1.1" 200 -
[WebServer] ::1 - - [10/Oct/2026 12:31:06] "GET /assets/theme.js HTTP/1.1" 200 -
[WebServer] ::1 - - [10/Oct/2026 12:31:06] "GET /assets/open-document.js?v=3 HTTP/1.1" 200 -
[WebServer] ::1 - - [10/Oct/2026 12:31:06] "GET /all-examples.json HTTP/1.1" 200 -
[WebServer] ::1 - - [10/Oct/2026 12:31:06] "GET /gallery-data.json HTTP/1.1" 200 -
[WebServer] ::1 - - [10/Oct/2026 12:31:06] "GET /binary-samples.json HTTP/1.1" 200 -
[WebServer] ::1 - - [10/Oct/2026 12:31:06] "GET /nested-examples.json HTTP/1.1" 200 -
  ✓   55 [chromium] › viewer.spec.mjs:176:3 › viewer & editor (viewer.html) › editing the source re-renders live (1.0s)
[WebServer] ::1 - - [10/Oct/2026 12:31:07] "GET /viewer.html HTTP/1.1" 200 -
[WebServer] ::1 - - [10/Oct/2026 12:31:07] "GET /assets/three-md.js?v=1.7.17 HTTP/1.1" 200 -
[WebServer] ::1 - - [10/Oct/2026 12:31:07] "GET /assets/tokens.css HTTP/1.1" 200 -
[WebServer] ::1 - - [10/Oct/2026 12:31:07] "GET /assets/theme.js HTTP/1.1" 200 -
[WebServer] ::1 - - [10/Oct/2026 12:31:07] "GET /assets/open-document.js?v=3 HTTP/1.1" 200 -
[WebServer] ::1 - - [10/Oct/2026 12:31:07] "GET /gallery-data.json HTTP/1.1" 200 -
[WebServer] ::1 - - [10/Oct/2026 12:31:07] "GET /nested-examples.json HTTP/1.1" 200 -
[WebServer] ::1 - - [10/Oct/2026 12:31:07] "GET /all-examples.json HTTP/1.1" 200 -
[WebServer] ::1 - - [10/Oct/2026 12:31:07] "GET /binary-samples.json HTTP/1.1" 200 -
  ✓   56 [chromium] › viewer.spec.mjs:190:3 › viewer & editor (viewer.html) › invalid 3md shows an error without crashing (1.1s)
[WebServer] ::1 - - [10/Oct/2026 12:31:07] "GET /viewer.html HTTP/1.1" 200 -
[WebServer] ::1 - - [10/Oct/2026 12:31:07] "GET /assets/tokens.css HTTP/1.1" 200 -
[WebServer] ::1 - - [10/Oct/2026 12:31:07] "GET /assets/three-md.js?v=1.7.17 HTTP/1.1" 200 -
[WebServer] ::1 - - [10/Oct/2026 12:31:07] "GET /assets/theme.js HTTP/1.1" 200 -
[WebServer] ::1 - - [10/Oct/2026 12:31:07] "GET /assets/open-document.js?v=3 HTTP/1.1" 200 -
[WebServer] ::1 - - [10/Oct/2026 12:31:07] "GET /gallery-data.json HTTP/1.1" 200 -
[WebServer] ::1 - - [10/Oct/2026 12:31:07] "GET /nested-examples.json HTTP/1.1" 200 -
[WebServer] ::1 - - [10/Oct/2026 12:31:07] "GET /binary-samples.json HTTP/1.1" 200 -
[WebServer] ::1 - - [10/Oct/2026 12:31:07] "GET /all-examples.json HTTP/1.1" 200 -
  ✓   57 [chromium] › viewer.spec.mjs:204:3 › viewer & editor (viewer.html) › loading an example populates the editor and viewer (1.3s)
  ✓   58 [chromium] › viewer.spec.mjs:218:3 › viewer & editor (viewer.html) › editor highlights syntax and numbers every line (703ms)
[WebServer] ::1 - - [10/Oct/2026 12:31:08] "GET /viewer.html HTTP/1.1" 200 -
[WebServer] ::1 - - [10/Oct/2026 12:31:08] "GET /assets/tokens.css HTTP/1.1" 200 -
[WebServer] ::1 - - [10/Oct/2026 12:31:08] "GET /assets/three-md.js?v=1.7.17 HTTP/1.1" 200 -
[WebServer] ::1 - - [10/Oct/2026 12:31:08] "GET /assets/theme.js HTTP/1.1" 200 -
[WebServer] ::1 - - [10/Oct/2026 12:31:08] "GET /assets/open-document.js?v=3 HTTP/1.1" 200 -
[WebServer] ::1 - - [10/Oct/2026 12:31:08] "GET /viewer.html HTTP/1.1" 200 -
[WebServer] ::1 - - [10/Oct/2026 12:31:08] "GET /assets/tokens.css HTTP/1.1" 200 -
[WebServer] ::1 - - [10/Oct/2026 12:31:08] "GET /assets/three-md.js?v=1.7.17 HTTP/1.1" 200 -
[WebServer] ::1 - - [10/Oct/2026 12:31:08] "GET /assets/theme.js HTTP/1.1" 200 -
[WebServer] ::1 - - [10/Oct/2026 12:31:08] "GET /assets/open-document.js?v=3 HTTP/1.1" 200 -
[WebServer] ::1 - - [10/Oct/2026 12:31:08] "GET /gallery-data.json HTTP/1.1" 200 -
[WebServer] ::1 - - [10/Oct/2026 12:31:08] "GET /all-examples.json HTTP/1.1" 200 -
[WebServer] ::1 - - [10/Oct/2026 12:31:08] "GET /nested-examples.json HTTP/1.1" 200 -
[WebServer] ::1 - - [10/Oct/2026 12:31:08] "GET /binary-samples.json HTTP/1.1" 200 -
[WebServer] ::1 - - [10/Oct/2026 12:31:08] "GET /gallery-data.json HTTP/1.1" 200 -
[WebServer] ::1 - - [10/Oct/2026 12:31:08] "GET /binary-samples.json HTTP/1.1" 200 -
[WebServer] ::1 - - [10/Oct/2026 12:31:08] "GET /all-examples.json HTTP/1.1" 200 -
[WebServer] ::1 - - [10/Oct/2026 12:31:08] "GET /nested-examples.json HTTP/1.1" 200 -
  ✓   59 [chromium] › viewer.spec.mjs:246:3 › viewer & editor (viewer.html) › Tab indents and Enter continues a list (699ms)
[WebServer] ::1 - - [10/Oct/2026 12:31:09] "GET /viewer.html HTTP/1.1" 200 -
[WebServer] ::1 - - [10/Oct/2026 12:31:09] "GET /assets/three-md.js?v=1.7.17 HTTP/1.1" 200 -
[WebServer] ::1 - - [10/Oct/2026 12:31:09] "GET /assets/tokens.css HTTP/1.1" 200 -
[WebServer] ::1 - - [10/Oct/2026 12:31:09] "GET /assets/theme.js HTTP/1.1" 200 -
[WebServer] ::1 - - [10/Oct/2026 12:31:09] "GET /assets/open-document.js?v=3 HTTP/1.1" 200 -
[WebServer] ::1 - - [10/Oct/2026 12:31:09] "GET /gallery-data.json HTTP/1.1" 200 -
[WebServer] ::1 - - [10/Oct/2026 12:31:09] "GET /all-examples.json HTTP/1.1" 200 -
[WebServer] ::1 - - [10/Oct/2026 12:31:09] "GET /nested-examples.json HTTP/1.1" 200 -
[WebServer] ::1 - - [10/Oct/2026 12:31:09] "GET /binary-samples.json HTTP/1.1" 200 -
  ✓   60 [chromium] › viewer.spec.mjs:262:3 › viewer & editor (viewer.html) › clicking a plane outline chip focuses that plane (982ms)
[WebServer] ::1 - - [10/Oct/2026 12:31:09] "GET /viewer.html HTTP/1.1" 200 -
[WebServer] ::1 - - [10/Oct/2026 12:31:09] "GET /assets/tokens.css HTTP/1.1" 200 -
[WebServer] ::1 - - [10/Oct/2026 12:31:09] "GET /assets/three-md.js?v=1.7.17 HTTP/1.1" 200 -
[WebServer] ::1 - - [10/Oct/2026 12:31:09] "GET /assets/theme.js HTTP/1.1" 200 -
[WebServer] ::1 - - [10/Oct/2026 12:31:09] "GET /assets/open-document.js?v=3 HTTP/1.1" 200 -
[WebServer] ::1 - - [10/Oct/2026 12:31:09] "GET /all-examples.json HTTP/1.1" 200 -
[WebServer] ::1 - - [10/Oct/2026 12:31:09] "GET /gallery-data.json HTTP/1.1" 200 -
[WebServer] ::1 - - [10/Oct/2026 12:31:09] "GET /nested-examples.json HTTP/1.1" 200 -
[WebServer] ::1 - - [10/Oct/2026 12:31:09] "GET /binary-samples.json HTTP/1.1" 200 -
  ✓   61 [chromium] › viewer.spec.mjs:273:3 › viewer & editor (viewer.html) › the highlight backdrop scrolls with the textarea (tall document) (750ms)
[WebServer] ::1 - - [10/Oct/2026 12:31:09] "GET /viewer.html HTTP/1.1" 200 -
[WebServer] ::1 - - [10/Oct/2026 12:31:09] "GET /assets/tokens.css HTTP/1.1" 200 -
[WebServer] ::1 - - [10/Oct/2026 12:31:09] "GET /assets/three-md.js?v=1.7.17 HTTP/1.1" 200 -
[WebServer] ::1 - - [10/Oct/2026 12:31:09] "GET /assets/theme.js HTTP/1.1" 200 -
[WebServer] ::1 - - [10/Oct/2026 12:31:09] "GET /assets/open-document.js?v=3 HTTP/1.1" 200 -
[WebServer] ::1 - - [10/Oct/2026 12:31:10] "GET /all-examples.json HTTP/1.1" 200 -
[WebServer] ::1 - - [10/Oct/2026 12:31:10] "GET /gallery-data.json HTTP/1.1" 200 -
[WebServer] ::1 - - [10/Oct/2026 12:31:10] "GET /nested-examples.json HTTP/1.1" 200 -
[WebServer] ::1 - - [10/Oct/2026 12:31:10] "GET /binary-samples.json HTTP/1.1" 200 -
  ✓   62 [chromium] › viewer.spec.mjs:290:3 › viewer & editor (viewer.html) › smart-key edits are undoable and never corrupt the buffer (792ms)
[WebServer] ::1 - - [10/Oct/2026 12:31:10] "GET /viewer.html HTTP/1.1" 200 -
[WebServer] ::1 - - [10/Oct/2026 12:31:10] "GET /assets/three-md.js?v=1.7.17 HTTP/1.1" 200 -
[WebServer] ::1 - - [10/Oct/2026 12:31:10] "GET /assets/tokens.css HTTP/1.1" 200 -
[WebServer] ::1 - - [10/Oct/2026 12:31:10] "GET /assets/theme.js HTTP/1.1" 200 -
[WebServer] ::1 - - [10/Oct/2026 12:31:10] "GET /assets/open-document.js?v=3 HTTP/1.1" 200 -
[WebServer] ::1 - - [10/Oct/2026 12:31:10] "GET /gallery-data.json HTTP/1.1" 200 -
[WebServer] ::1 - - [10/Oct/2026 12:31:10] "GET /all-examples.json HTTP/1.1" 200 -
[WebServer] ::1 - - [10/Oct/2026 12:31:10] "GET /nested-examples.json HTTP/1.1" 200 -
[WebServer] ::1 - - [10/Oct/2026 12:31:10] "GET /binary-samples.json HTTP/1.1" 200 -
  ✓   63 [chromium] › viewer.spec.mjs:311:3 › viewer & editor (viewer.html) › validity state is machine-readable via data attributes (967ms)
[WebServer] ::1 - - [10/Oct/2026 12:31:10] "GET /viewer.html HTTP/1.1" 200 -
[WebServer] ::1 - - [10/Oct/2026 12:31:10] "GET /assets/tokens.css HTTP/1.1" 200 -
[WebServer] ::1 - - [10/Oct/2026 12:31:10] "GET /assets/three-md.js?v=1.7.17 HTTP/1.1" 200 -
[WebServer] ::1 - - [10/Oct/2026 12:31:10] "GET /assets/theme.js HTTP/1.1" 200 -
[WebServer] ::1 - - [10/Oct/2026 12:31:10] "GET /assets/open-document.js?v=3 HTTP/1.1" 200 -
[WebServer] ::1 - - [10/Oct/2026 12:31:10] "GET /gallery-data.json HTTP/1.1" 200 -
[WebServer] ::1 - - [10/Oct/2026 12:31:10] "GET /all-examples.json HTTP/1.1" 200 -
[WebServer] ::1 - - [10/Oct/2026 12:31:10] "GET /nested-examples.json HTTP/1.1" 200 -
[WebServer] ::1 - - [10/Oct/2026 12:31:10] "GET /binary-samples.json HTTP/1.1" 200 -
  ✓   64 [chromium] › viewer.spec.mjs:337:3 › viewer & editor (viewer.html) › Tab does not trap keyboard focus (Esc then Tab leaves the editor) (866ms)
[WebServer] ::1 - - [10/Oct/2026 12:31:11] "GET /viewer.html HTTP/1.1" 200 -
[WebServer] ::1 - - [10/Oct/2026 12:31:11] "GET /assets/tokens.css HTTP/1.1" 200 -
[WebServer] ::1 - - [10/Oct/2026 12:31:11] "GET /assets/three-md.js?v=1.7.17 HTTP/1.1" 200 -
[WebServer] ::1 - - [10/Oct/2026 12:31:11] "GET /assets/theme.js HTTP/1.1" 200 -
[WebServer] ::1 - - [10/Oct/2026 12:31:11] "GET /assets/open-document.js?v=3 HTTP/1.1" 200 -
[WebServer] ::1 - - [10/Oct/2026 12:31:11] "GET /gallery-data.json HTTP/1.1" 200 -
[WebServer] ::1 - - [10/Oct/2026 12:31:11] "GET /nested-examples.json HTTP/1.1" 200 -
[WebServer] ::1 - - [10/Oct/2026 12:31:11] "GET /all-examples.json HTTP/1.1" 200 -
[WebServer] ::1 - - [10/Oct/2026 12:31:11] "GET /binary-samples.json HTTP/1.1" 200 -
  ✓   65 [chromium] › viewer.spec.mjs:351:3 › viewer & editor (viewer.html) › agent API validates and reports structured state (670ms)
[WebServer] ::1 - - [10/Oct/2026 12:31:11] "GET /viewer.html HTTP/1.1" 200 -
[WebServer] ::1 - - [10/Oct/2026 12:31:11] "GET /assets/tokens.css HTTP/1.1" 200 -
[WebServer] ::1 - - [10/Oct/2026 12:31:11] "GET /assets/three-md.js?v=1.7.17 HTTP/1.1" 200 -
[WebServer] ::1 - - [10/Oct/2026 12:31:11] "GET /assets/theme.js HTTP/1.1" 200 -
[WebServer] ::1 - - [10/Oct/2026 12:31:11] "GET /assets/open-document.js?v=3 HTTP/1.1" 200 -
  ✓   66 [chromium] › viewer.spec.mjs:364:3 › viewer & editor (viewer.html) › validate(src) is side-effect-free and reports the error code (648ms)
[WebServer] ::1 - - [10/Oct/2026 12:31:11] "GET /viewer.html HTTP/1.1" 200 -
[WebServer] ::1 - - [10/Oct/2026 12:31:11] "GET /assets/tokens.css HTTP/1.1" 200 -
[WebServer] ::1 - - [10/Oct/2026 12:31:11] "GET /assets/three-md.js?v=1.7.17 HTTP/1.1" 200 -
[WebServer] ::1 - - [10/Oct/2026 12:31:11] "GET /assets/theme.js HTTP/1.1" 200 -
[WebServer] ::1 - - [10/Oct/2026 12:31:11] "GET /assets/open-document.js?v=3 HTTP/1.1" 200 -
[WebServer] ::1 - - [10/Oct/2026 12:31:11] "GET /all-examples.json HTTP/1.1" 200 -
[WebServer] ::1 - - [10/Oct/2026 12:31:11] "GET /gallery-data.json HTTP/1.1" 200 -
[WebServer] ::1 - - [10/Oct/2026 12:31:11] "GET /nested-examples.json HTTP/1.1" 200 -
[WebServer] ::1 - - [10/Oct/2026 12:31:11] "GET /binary-samples.json HTTP/1.1" 200 -
[WebServer] ::1 - - [10/Oct/2026 12:31:11] "GET /all-examples.json HTTP/1.1" 200 -
[WebServer] ::1 - - [10/Oct/2026 12:31:11] "GET /gallery-data.json HTTP/1.1" 200 -
[WebServer] ::1 - - [10/Oct/2026 12:31:11] "GET /nested-examples.json HTTP/1.1" 200 -
[WebServer] ::1 - - [10/Oct/2026 12:31:11] "GET /binary-samples.json HTTP/1.1" 200 -
  ✓   67 [chromium] › viewer.spec.mjs:380:3 › viewer & editor (viewer.html) › repository search opens the 24-generation Conway document (1.1s)
[WebServer] ::1 - - [10/Oct/2026 12:31:12] "GET /viewer.html HTTP/1.1" 200 -
[WebServer] ::1 - - [10/Oct/2026 12:31:12] "GET /assets/tokens.css HTTP/1.1" 200 -
[WebServer] ::1 - - [10/Oct/2026 12:31:12] "GET /assets/three-md.js?v=1.7.17 HTTP/1.1" 200 -
[WebServer] ::1 - - [10/Oct/2026 12:31:12] "GET /assets/theme.js HTTP/1.1" 200 -
[WebServer] ::1 - - [10/Oct/2026 12:31:12] "GET /assets/open-document.js?v=3 HTTP/1.1" 200 -
  ✓   68 [chromium] › viewer.spec.mjs:395:3 › viewer & editor (viewer.html) › kind 2 canopy opens as text in the element (1.1s)
[WebServer] ::1 - - [10/Oct/2026 12:31:12] "GET /viewer.html HTTP/1.1" 200 -
[WebServer] ::1 - - [10/Oct/2026 12:31:12] "GET /assets/three-md.js?v=1.7.17 HTTP/1.1" 200 -
[WebServer] ::1 - - [10/Oct/2026 12:31:12] "GET /assets/tokens.css HTTP/1.1" 200 -
[WebServer] ::1 - - [10/Oct/2026 12:31:12] "GET /assets/theme.js HTTP/1.1" 200 -
[WebServer] ::1 - - [10/Oct/2026 12:31:12] "GET /assets/open-document.js?v=3 HTTP/1.1" 200 -
[WebServer] ::1 - - [10/Oct/2026 12:31:12] "GET /all-examples.json HTTP/1.1" 200 -
[WebServer] ::1 - - [10/Oct/2026 12:31:12] "GET /gallery-data.json HTTP/1.1" 200 -
[WebServer] ::1 - - [10/Oct/2026 12:31:12] "GET /nested-examples.json HTTP/1.1" 200 -
[WebServer] ::1 - - [10/Oct/2026 12:31:12] "GET /binary-samples.json HTTP/1.1" 200 -
[WebServer] ::1 - - [10/Oct/2026 12:31:13] "GET /nested-examples.json HTTP/1.1" 200 -
[WebServer] ::1 - - [10/Oct/2026 12:31:13] "GET /gallery-data.json HTTP/1.1" 200 -
[WebServer] ::1 - - [10/Oct/2026 12:31:13] "GET /all-examples.json HTTP/1.1" 200 -
[WebServer] ::1 - - [10/Oct/2026 12:31:13] "GET /binary-samples.json HTTP/1.1" 200 -
  ✓   69 [chromium] › viewer.spec.mjs:412:3 › viewer & editor (viewer.html) › linked village search resolves the folder (1.2s)
[WebServer] ::1 - - [10/Oct/2026 12:31:13] "GET /viewer.html HTTP/1.1" 200 -
[WebServer] ::1 - - [10/Oct/2026 12:31:13] "GET /assets/three-md.js?v=1.7.17 HTTP/1.1" 200 -
[WebServer] ::1 - - [10/Oct/2026 12:31:13] "GET /assets/tokens.css HTTP/1.1" 200 -
[WebServer] ::1 - - [10/Oct/2026 12:31:13] "GET /assets/theme.js HTTP/1.1" 200 -
[WebServer] ::1 - - [10/Oct/2026 12:31:13] "GET /assets/open-document.js?v=3 HTTP/1.1" 200 -
[WebServer] ::1 - - [10/Oct/2026 12:31:14] "GET /gallery-data.json HTTP/1.1" 200 -
[WebServer] ::1 - - [10/Oct/2026 12:31:14] "GET /all-examples.json HTTP/1.1" 200 -
[WebServer] ::1 - - [10/Oct/2026 12:31:14] "GET /nested-examples.json HTTP/1.1" 200 -
[WebServer] ::1 - - [10/Oct/2026 12:31:14] "GET /binary-samples.json HTTP/1.1" 200 -
  ✓   70 [chromium] › viewer.spec.mjs:426:3 › viewer & editor (viewer.html) › a composition profile shows the root and can switch entries (1.5s)
[WebServer] ::1 - - [10/Oct/2026 12:31:14] "GET /viewer.html HTTP/1.1" 200 -
[WebServer] ::1 - - [10/Oct/2026 12:31:14] "GET /assets/tokens.css HTTP/1.1" 200 -
[WebServer] ::1 - - [10/Oct/2026 12:31:14] "GET /assets/three-md.js?v=1.7.17 HTTP/1.1" 200 -
[WebServer] ::1 - - [10/Oct/2026 12:31:14] "GET /assets/theme.js HTTP/1.1" 200 -
[WebServer] ::1 - - [10/Oct/2026 12:31:14] "GET /assets/open-document.js?v=3 HTTP/1.1" 200 -
[WebServer] ::1 - - [10/Oct/2026 12:31:14] "GET /all-examples.json HTTP/1.1" 200 -
[WebServer] ::1 - - [10/Oct/2026 12:31:14] "GET /nested-examples.json HTTP/1.1" 200 -
[WebServer] ::1 - - [10/Oct/2026 12:31:14] "GET /gallery-data.json HTTP/1.1" 200 -
[WebServer] ::1 - - [10/Oct/2026 12:31:14] "GET /binary-samples.json HTTP/1.1" 200 -
  ✓   72 [chromium] › viewer.spec.mjs:458:3 › viewer & editor (viewer.html) › desktop layout keeps files beside a panel that switches Edit and Preview (913ms)
[WebServer] ::1 - - [10/Oct/2026 12:31:15] "GET /viewer.html HTTP/1.1" 200 -
  ✓   71 [chromium] › viewer.spec.mjs:441:3 › viewer & editor (viewer.html) › markdown headings become planes and a plane search opens one (1.4s)
[WebServer] ::1 - - [10/Oct/2026 12:31:15] "GET /assets/tokens.css HTTP/1.1" 200 -
[WebServer] ::1 - - [10/Oct/2026 12:31:15] "GET /assets/three-md.js?v=1.7.17 HTTP/1.1" 200 -
[WebServer] ::1 - - [10/Oct/2026 12:31:15] "GET /assets/theme.js HTTP/1.1" 200 -
[WebServer] ::1 - - [10/Oct/2026 12:31:15] "GET /assets/open-document.js?v=3 HTTP/1.1" 200 -
[WebServer] ::1 - - [10/Oct/2026 12:31:15] "GET /viewer.html HTTP/1.1" 200 -
[WebServer] ::1 - - [10/Oct/2026 12:31:15] "GET /assets/tokens.css HTTP/1.1" 200 -
[WebServer] ::1 - - [10/Oct/2026 12:31:15] "GET /assets/three-md.js?v=1.7.17 HTTP/1.1" 200 -
[WebServer] ::1 - - [10/Oct/2026 12:31:15] "GET /assets/theme.js HTTP/1.1" 200 -
[WebServer] ::1 - - [10/Oct/2026 12:31:15] "GET /assets/open-document.js?v=3 HTTP/1.1" 200 -
[WebServer] ::1 - - [10/Oct/2026 12:31:15] "GET /gallery-data.json HTTP/1.1" 200 -
[WebServer] ::1 - - [10/Oct/2026 12:31:15] "GET /all-examples.json HTTP/1.1" 200 -
[WebServer] ::1 - - [10/Oct/2026 12:31:15] "GET /gallery-data.json HTTP/1.1" 200 -
[WebServer] ::1 - - [10/Oct/2026 12:31:15] "GET /nested-examples.json HTTP/1.1" 200 -
[WebServer] ::1 - - [10/Oct/2026 12:31:15] "GET /all-examples.json HTTP/1.1" 200 -
[WebServer] ::1 - - [10/Oct/2026 12:31:15] "GET /binary-samples.json HTTP/1.1" 200 -
[WebServer] ::1 - - [10/Oct/2026 12:31:15] "GET /nested-examples.json HTTP/1.1" 200 -
[WebServer] ::1 - - [10/Oct/2026 12:31:15] "GET /binary-samples.json HTTP/1.1" 200 -
  ✓   74 [chromium] › viewer.spec.mjs:546:3 › viewer & editor (viewer.html) › orbiting about 1400 gpu cubes stays interactive (787ms)
[WebServer] ::1 - - [10/Oct/2026 12:31:16] "GET /viewer.html HTTP/1.1" 200 -
[WebServer] ::1 - - [10/Oct/2026 12:31:16] "GET /assets/three-md.js?v=1.7.17 HTTP/1.1" 200 -
[WebServer] ::1 - - [10/Oct/2026 12:31:16] "GET /assets/tokens.css HTTP/1.1" 200 -
[WebServer] ::1 - - [10/Oct/2026 12:31:16] "GET /assets/theme.js HTTP/1.1" 200 -
[WebServer] ::1 - - [10/Oct/2026 12:31:16] "GET /assets/open-document.js?v=3 HTTP/1.1" 200 -
[WebServer] ::1 - - [10/Oct/2026 12:31:16] "GET /gallery-data.json HTTP/1.1" 200 -
[WebServer] ::1 - - [10/Oct/2026 12:31:16] "GET /all-examples.json HTTP/1.1" 200 -
[WebServer] ::1 - - [10/Oct/2026 12:31:16] "GET /nested-examples.json HTTP/1.1" 200 -
[WebServer] ::1 - - [10/Oct/2026 12:31:16] "GET /binary-samples.json HTTP/1.1" 200 -
  ✓   73 [chromium] › viewer.spec.mjs:514:3 › viewer & editor (viewer.html) › cubes tab draws a fenced grid as translucent cubes (1.3s)
[WebServer] ::1 - - [10/Oct/2026 12:31:16] "GET /viewer.html HTTP/1.1" 200 -
[WebServer] ::1 - - [10/Oct/2026 12:31:16] "GET /assets/three-md.js?v=1.7.17 HTTP/1.1" 200 -
[WebServer] ::1 - - [10/Oct/2026 12:31:16] "GET /assets/tokens.css HTTP/1.1" 200 -
[WebServer] ::1 - - [10/Oct/2026 12:31:16] "GET /assets/theme.js HTTP/1.1" 200 -
[WebServer] ::1 - - [10/Oct/2026 12:31:16] "GET /assets/open-document.js?v=3 HTTP/1.1" 200 -
[WebServer] ::1 - - [10/Oct/2026 12:31:16] "GET /gallery-data.json HTTP/1.1" 200 -
[WebServer] ::1 - - [10/Oct/2026 12:31:16] "GET /binary-samples.json HTTP/1.1" 200 -
[WebServer] ::1 - - [10/Oct/2026 12:31:16] "GET /all-examples.json HTTP/1.1" 200 -
[WebServer] ::1 - - [10/Oct/2026 12:31:16] "GET /nested-examples.json HTTP/1.1" 200 -
  ✓   76 [chromium] › viewer.spec.mjs:627:3 › viewer & editor (viewer.html) › an empty document reads as a neutral prompt, not a red error (995ms)
[WebServer] ::1 - - [10/Oct/2026 12:31:17] "GET /viewer.html HTTP/1.1" 200 -
[WebServer] ::1 - - [10/Oct/2026 12:31:17] "GET /assets/tokens.css HTTP/1.1" 200 -
[WebServer] ::1 - - [10/Oct/2026 12:31:17] "GET /assets/three-md.js?v=1.7.17 HTTP/1.1" 200 -
[WebServer] ::1 - - [10/Oct/2026 12:31:17] "GET /assets/theme.js HTTP/1.1" 200 -
[WebServer] ::1 - - [10/Oct/2026 12:31:17] "GET /assets/open-document.js?v=3 HTTP/1.1" 200 -
  ✓   75 [chromium] › viewer.spec.mjs:591:3 › viewer & editor (viewer.html) › narrow layout switches Files and the document, and Edit and Preview still switch (1.5s)
[WebServer] ::1 - - [10/Oct/2026 12:31:17] "GET /viewer.html HTTP/1.1" 200 -
[WebServer] ::1 - - [10/Oct/2026 12:31:17] "GET /assets/tokens.css HTTP/1.1" 200 -
[WebServer] ::1 - - [10/Oct/2026 12:31:17] "GET /assets/three-md.js?v=1.7.17 HTTP/1.1" 200 -
[WebServer] ::1 - - [10/Oct/2026 12:31:17] "GET /assets/theme.js HTTP/1.1" 200 -
[WebServer] ::1 - - [10/Oct/2026 12:31:17] "GET /assets/open-document.js?v=3 HTTP/1.1" 200 -
[WebServer] ::1 - - [10/Oct/2026 12:31:17] "GET /gallery-data.json HTTP/1.1" 200 -
[WebServer] ::1 - - [10/Oct/2026 12:31:17] "GET /all-examples.json HTTP/1.1" 200 -
[WebServer] ::1 - - [10/Oct/2026 12:31:17] "GET /nested-examples.json HTTP/1.1" 200 -
[WebServer] ::1 - - [10/Oct/2026 12:31:17] "GET /binary-samples.json HTTP/1.1" 200 -
[WebServer] ::1 - - [10/Oct/2026 12:31:17] "GET /gallery-data.json HTTP/1.1" 200 -
[WebServer] ::1 - - [10/Oct/2026 12:31:17] "GET /nested-examples.json HTTP/1.1" 200 -
[WebServer] ::1 - - [10/Oct/2026 12:31:17] "GET /all-examples.json HTTP/1.1" 200 -
[WebServer] ::1 - - [10/Oct/2026 12:31:17] "GET /binary-samples.json HTTP/1.1" 200 -
  ✓   77 [chromium] › viewer.spec.mjs:645:3 › viewer & editor (viewer.html) › axis lint warns on a TYPO but not on a valid free-string semantic axis (740ms)
[WebServer] ::1 - - [10/Oct/2026 12:31:18] "GET /viewer.html HTTP/1.1" 200 -
[WebServer] ::1 - - [10/Oct/2026 12:31:18] "GET /assets/tokens.css HTTP/1.1" 200 -
[WebServer] ::1 - - [10/Oct/2026 12:31:18] "GET /assets/three-md.js?v=1.7.17 HTTP/1.1" 200 -
[WebServer] ::1 - - [10/Oct/2026 12:31:18] "GET /assets/theme.js HTTP/1.1" 200 -
[WebServer] ::1 - - [10/Oct/2026 12:31:18] "GET /assets/open-document.js?v=3 HTTP/1.1" 200 -
  ✓   78 [chromium] › viewer.spec.mjs:671:3 › viewer & editor (viewer.html) › the page has no render-mode switch and does not autoplay (744ms)
[WebServer] ::1 - - [10/Oct/2026 12:31:18] "GET /viewer.html HTTP/1.1" 200 -
[WebServer] ::1 - - [10/Oct/2026 12:31:18] "GET /assets/tokens.css HTTP/1.1" 200 -
[WebServer] ::1 - - [10/Oct/2026 12:31:18] "GET /assets/three-md.js?v=1.7.17 HTTP/1.1" 200 -
[WebServer] ::1 - - [10/Oct/2026 12:31:18] "GET /assets/theme.js HTTP/1.1" 200 -
[WebServer] ::1 - - [10/Oct/2026 12:31:18] "GET /assets/open-document.js?v=3 HTTP/1.1" 200 -
[WebServer] ::1 - - [10/Oct/2026 12:31:18] "GET /gallery-data.json HTTP/1.1" 200 -
[WebServer] ::1 - - [10/Oct/2026 12:31:18] "GET /all-examples.json HTTP/1.1" 200 -
[WebServer] ::1 - - [10/Oct/2026 12:31:18] "GET /nested-examples.json HTTP/1.1" 200 -
[WebServer] ::1 - - [10/Oct/2026 12:31:18] "GET /binary-samples.json HTTP/1.1" 200 -
[WebServer] ::1 - - [10/Oct/2026 12:31:18] "GET /nested-examples.json HTTP/1.1" 200 -
[WebServer] ::1 - - [10/Oct/2026 12:31:18] "GET /gallery-data.json HTTP/1.1" 200 -
[WebServer] ::1 - - [10/Oct/2026 12:31:18] "GET /binary-samples.json HTTP/1.1" 200 -
[WebServer] ::1 - - [10/Oct/2026 12:31:18] "GET /all-examples.json HTTP/1.1" 200 -
  ✓   79 [chromium] › viewer.spec.mjs:692:3 › viewer & editor (viewer.html) › the agent schema lists error codes and the axis-to-mode map (634ms)
[WebServer] ::1 - - [10/Oct/2026 12:31:18] "GET /viewer.html HTTP/1.1" 200 -
[WebServer] ::1 - - [10/Oct/2026 12:31:18] "GET /assets/tokens.css HTTP/1.1" 200 -
[WebServer] ::1 - - [10/Oct/2026 12:31:18] "GET /assets/three-md.js?v=1.7.17 HTTP/1.1" 200 -
[WebServer] ::1 - - [10/Oct/2026 12:31:18] "GET /assets/theme.js HTTP/1.1" 200 -
[WebServer] ::1 - - [10/Oct/2026 12:31:18] "GET /assets/open-document.js?v=3 HTTP/1.1" 200 -
[WebServer] ::1 - - [10/Oct/2026 12:31:19] "GET /all-examples.json HTTP/1.1" 200 -
[WebServer] ::1 - - [10/Oct/2026 12:31:19] "GET /gallery-data.json HTTP/1.1" 200 -
[WebServer] ::1 - - [10/Oct/2026 12:31:19] "GET /nested-examples.json HTTP/1.1" 200 -
[WebServer] ::1 - - [10/Oct/2026 12:31:19] "GET /binary-samples.json HTTP/1.1" 200 -
  ✓   80 [chromium] › viewer.spec.mjs:702:3 › viewer & editor (viewer.html) › dangling cross-plane links are flagged as a non-fatal warning (1.0s)
[WebServer] ::1 - - [10/Oct/2026 12:31:19] "GET /viewer.html HTTP/1.1" 200 -
[WebServer] ::1 - - [10/Oct/2026 12:31:19] "GET /assets/tokens.css HTTP/1.1" 200 -
[WebServer] ::1 - - [10/Oct/2026 12:31:19] "GET /assets/three-md.js?v=1.7.17 HTTP/1.1" 200 -
[WebServer] ::1 - - [10/Oct/2026 12:31:19] "GET /assets/theme.js HTTP/1.1" 200 -
[WebServer] ::1 - - [10/Oct/2026 12:31:19] "GET /assets/open-document.js?v=3 HTTP/1.1" 200 -
[WebServer] ::1 - - [10/Oct/2026 12:31:19] "GET /nested-examples.json HTTP/1.1" 200 -
[WebServer] ::1 - - [10/Oct/2026 12:31:19] "GET /gallery-data.json HTTP/1.1" 200 -
[WebServer] ::1 - - [10/Oct/2026 12:31:19] "GET /all-examples.json HTTP/1.1" 200 -
[WebServer] ::1 - - [10/Oct/2026 12:31:19] "GET /binary-samples.json HTTP/1.1" 200 -
  ✓   81 [chromium] › viewer.spec.mjs:713:3 › viewer & editor (viewer.html) › a corrupt share hash signals a decode error (not a silent starter) (915ms)
[WebServer] ::1 - - [10/Oct/2026 12:31:19] "GET /viewer.html HTTP/1.1" 200 -
[WebServer] ::1 - - [10/Oct/2026 12:31:19] "GET /assets/tokens.css HTTP/1.1" 200 -
[WebServer] ::1 - - [10/Oct/2026 12:31:19] "GET /assets/three-md.js?v=1.7.17 HTTP/1.1" 200 -
[WebServer] ::1 - - [10/Oct/2026 12:31:19] "GET /assets/theme.js HTTP/1.1" 200 -
[WebServer] ::1 - - [10/Oct/2026 12:31:19] "GET /assets/open-document.js?v=3 HTTP/1.1" 200 -
  ✓   82 [chromium] › viewer.spec.mjs:722:3 › viewer & editor (viewer.html) › the embedded agent schema marks axis optional, only 3md required (713ms)
[WebServer] ::1 - - [10/Oct/2026 12:31:20] "GET /viewer.html HTTP/1.1" 200 -
[WebServer] ::1 - - [10/Oct/2026 12:31:20] "GET /assets/tokens.css HTTP/1.1" 200 -
[WebServer] ::1 - - [10/Oct/2026 12:31:20] "GET /assets/three-md.js?v=1.7.17 HTTP/1.1" 200 -
[WebServer] ::1 - - [10/Oct/2026 12:31:20] "GET /assets/theme.js HTTP/1.1" 200 -
[WebServer] ::1 - - [10/Oct/2026 12:31:20] "GET /assets/open-document.js?v=3 HTTP/1.1" 200 -
[WebServer] ::1 - - [10/Oct/2026 12:31:20] "GET /all-examples.json HTTP/1.1" 200 -
[WebServer] ::1 - - [10/Oct/2026 12:31:20] "GET /binary-samples.json HTTP/1.1" 200 -
[WebServer] ::1 - - [10/Oct/2026 12:31:20] "GET /nested-examples.json HTTP/1.1" 200 -
[WebServer] ::1 - - [10/Oct/2026 12:31:20] "GET /gallery-data.json HTTP/1.1" 200 -
[WebServer] ::1 - - [10/Oct/2026 12:31:20] "GET /gallery-data.json HTTP/1.1" 200 -
[WebServer] ::1 - - [10/Oct/2026 12:31:20] "GET /all-examples.json HTTP/1.1" 200 -
[WebServer] ::1 - - [10/Oct/2026 12:31:20] "GET /binary-samples.json HTTP/1.1" 200 -
[WebServer] ::1 - - [10/Oct/2026 12:31:20] "GET /nested-examples.json HTTP/1.1" 200 -
  ✓   83 [chromium] › viewer.spec.mjs:729:3 › viewer & editor (viewer.html) › invalid doc clears stale plane/axis data on the badge (979ms)
[WebServer] ::1 - - [10/Oct/2026 12:31:20] "GET /viewer.html HTTP/1.1" 200 -
[WebServer] ::1 - - [10/Oct/2026 12:31:20] "GET /assets/three-md.js?v=1.7.17 HTTP/1.1" 200 -
[WebServer] ::1 - - [10/Oct/2026 12:31:20] "GET /assets/tokens.css HTTP/1.1" 200 -
[WebServer] ::1 - - [10/Oct/2026 12:31:20] "GET /assets/theme.js HTTP/1.1" 200 -
[WebServer] ::1 - - [10/Oct/2026 12:31:20] "GET /assets/open-document.js?v=3 HTTP/1.1" 200 -
  ✓   84 [chromium] › viewer.spec.mjs:742:3 › viewer & editor (viewer.html) › an invalid document flags the offending line and the badge (1.0s)
[WebServer] ::1 - - [10/Oct/2026 12:31:21] "GET /viewer.html HTTP/1.1" 200 -
[WebServer] ::1 - - [10/Oct/2026 12:31:21] "GET /nested-examples.json HTTP/1.1" 200 -
[WebServer] ::1 - - [10/Oct/2026 12:31:21] "GET /all-examples.json HTTP/1.1" 200 -
[WebServer] ::1 - - [10/Oct/2026 12:31:21] "GET /gallery-data.json HTTP/1.1" 200 -
[WebServer] ::1 - - [10/Oct/2026 12:31:21] "GET /binary-samples.json HTTP/1.1" 200 -
[WebServer] ::1 - - [10/Oct/2026 12:31:21] "GET /assets/tokens.css HTTP/1.1" 200 -
[WebServer] ::1 - - [10/Oct/2026 12:31:21] "GET /assets/three-md.js?v=1.7.17 HTTP/1.1" 200 -
[WebServer] ::1 - - [10/Oct/2026 12:31:21] "GET /assets/theme.js HTTP/1.1" 200 -
[WebServer] ::1 - - [10/Oct/2026 12:31:21] "GET /assets/open-document.js?v=3 HTTP/1.1" 200 -
[WebServer] ::1 - - [10/Oct/2026 12:31:21] "GET /gallery-data.json HTTP/1.1" 200 -
[WebServer] ::1 - - [10/Oct/2026 12:31:21] "GET /all-examples.json HTTP/1.1" 200 -
[WebServer] ::1 - - [10/Oct/2026 12:31:21] "GET /binary-samples.json HTTP/1.1" 200 -
[WebServer] ::1 - - [10/Oct/2026 12:31:21] "GET /nested-examples.json HTTP/1.1" 200 -
  ✓   85 [chromium] › viewer.spec.mjs:755:3 › viewer & editor (viewer.html) › a shared hash link restores the document (681ms)
[WebServer] ::1 - - [10/Oct/2026 12:31:21] "GET /viewer.html HTTP/1.1" 200 -
[WebServer] ::1 - - [10/Oct/2026 12:31:21] "GET /assets/three-md.js?v=1.7.17 HTTP/1.1" 200 -
[WebServer] ::1 - - [10/Oct/2026 12:31:21] "GET /assets/tokens.css HTTP/1.1" 200 -
[WebServer] ::1 - - [10/Oct/2026 12:31:21] "GET /assets/theme.js HTTP/1.1" 200 -
[WebServer] ::1 - - [10/Oct/2026 12:31:21] "GET /assets/open-document.js?v=3 HTTP/1.1" 200 -
[WebServer] ::1 - - [10/Oct/2026 12:31:21] "GET /nested-examples.json HTTP/1.1" 200 -
[WebServer] ::1 - - [10/Oct/2026 12:31:21] "GET /all-examples.json HTTP/1.1" 200 -
[WebServer] ::1 - - [10/Oct/2026 12:31:21] "GET /gallery-data.json HTTP/1.1" 200 -
[WebServer] ::1 - - [10/Oct/2026 12:31:21] "GET /binary-samples.json HTTP/1.1" 200 -
  ✓   86 [chromium] › viewer.spec.mjs:766:3 › viewer & editor (viewer.html) › camera buttons and keyboard orbit, zoom, and fit without changing the document (1.0s)
[WebServer] ::1 - - [10/Oct/2026 12:31:22] "GET /viewer.html HTTP/1.1" 200 -
[WebServer] ::1 - - [10/Oct/2026 12:31:22] "GET /assets/tokens.css HTTP/1.1" 200 -
[WebServer] ::1 - - [10/Oct/2026 12:31:22] "GET /assets/three-md.js?v=1.7.17 HTTP/1.1" 200 -
[WebServer] ::1 - - [10/Oct/2026 12:31:22] "GET /assets/theme.js HTTP/1.1" 200 -
[WebServer] ::1 - - [10/Oct/2026 12:31:22] "GET /assets/open-document.js?v=3 HTTP/1.1" 200 -
  ✓   87 [chromium] › viewer.spec.mjs:795:3 › viewer & editor (viewer.html) › full camera turns cross both poles continuously and retain geometry (774ms)
[WebServer] ::1 - - [10/Oct/2026 12:31:22] "GET /viewer.html HTTP/1.1" 200 -
[WebServer] ::1 - - [10/Oct/2026 12:31:22] "GET /assets/tokens.css HTTP/1.1" 200 -
[WebServer] ::1 - - [10/Oct/2026 12:31:22] "GET /assets/three-md.js?v=1.7.17 HTTP/1.1" 200 -
[WebServer] ::1 - - [10/Oct/2026 12:31:22] "GET /assets/theme.js HTTP/1.1" 200 -
[WebServer] ::1 - - [10/Oct/2026 12:31:22] "GET /assets/open-document.js?v=3 HTTP/1.1" 200 -
[WebServer] ::1 - - [10/Oct/2026 12:31:22] "GET /all-examples.json HTTP/1.1" 200 -
[WebServer] ::1 - - [10/Oct/2026 12:31:22] "GET /gallery-data.json HTTP/1.1" 200 -
[WebServer] ::1 - - [10/Oct/2026 12:31:22] "GET /nested-examples.json HTTP/1.1" 200 -
[WebServer] ::1 - - [10/Oct/2026 12:31:22] "GET /binary-samples.json HTTP/1.1" 200 -
[WebServer] ::1 - - [10/Oct/2026 12:31:22] "GET /all-examples.json HTTP/1.1" 200 -
[WebServer] ::1 - - [10/Oct/2026 12:31:22] "GET /nested-examples.json HTTP/1.1" 200 -
[WebServer] ::1 - - [10/Oct/2026 12:31:22] "GET /gallery-data.json HTTP/1.1" 200 -
[WebServer] ::1 - - [10/Oct/2026 12:31:22] "GET /binary-samples.json HTTP/1.1" 200 -
  ✓   88 [chromium] › viewer.spec.mjs:843:3 › viewer & editor (viewer.html) › pan tools and modified dragging move only the camera and Fit recenters (835ms)
[WebServer] ::1 - - [10/Oct/2026 12:31:22] "GET /viewer.html HTTP/1.1" 200 -
[WebServer] ::1 - - [10/Oct/2026 12:31:22] "GET /assets/tokens.css HTTP/1.1" 200 -
[WebServer] ::1 - - [10/Oct/2026 12:31:22] "GET /assets/three-md.js?v=1.7.17 HTTP/1.1" 200 -
[WebServer] ::1 - - [10/Oct/2026 12:31:22] "GET /assets/theme.js HTTP/1.1" 200 -
[WebServer] ::1 - - [10/Oct/2026 12:31:22] "GET /assets/open-document.js?v=3 HTTP/1.1" 200 -
  ✓   89 [chromium] › viewer.spec.mjs:874:3 › viewer & editor (viewer.html) › two fingers pan and pinch and a cancelled gesture cannot select a slice (798ms)
[WebServer] ::1 - - [10/Oct/2026 12:31:23] "GET /viewer.html HTTP/1.1" 200 -
[WebServer] ::1 - - [10/Oct/2026 12:31:23] "GET /assets/three-md.js?v=1.7.17 HTTP/1.1" 200 -
[WebServer] ::1 - - [10/Oct/2026 12:31:23] "GET /assets/tokens.css HTTP/1.1" 200 -
[WebServer] ::1 - - [10/Oct/2026 12:31:23] "GET /assets/theme.js HTTP/1.1" 200 -
[WebServer] ::1 - - [10/Oct/2026 12:31:23] "GET /assets/open-document.js?v=3 HTTP/1.1" 200 -
[WebServer] ::1 - - [10/Oct/2026 12:31:23] "GET /all-examples.json HTTP/1.1" 200 -
[WebServer] ::1 - - [10/Oct/2026 12:31:23] "GET /gallery-data.json HTTP/1.1" 200 -
[WebServer] ::1 - - [10/Oct/2026 12:31:23] "GET /nested-examples.json HTTP/1.1" 200 -
[WebServer] ::1 - - [10/Oct/2026 12:31:23] "GET /binary-samples.json HTTP/1.1" 200 -
[WebServer] ::1 - - [10/Oct/2026 12:31:23] "GET /all-examples.json HTTP/1.1" 200 -
[WebServer] ::1 - - [10/Oct/2026 12:31:23] "GET /gallery-data.json HTTP/1.1" 200 -
[WebServer] ::1 - - [10/Oct/2026 12:31:23] "GET /nested-examples.json HTTP/1.1" 200 -
[WebServer] ::1 - - [10/Oct/2026 12:31:23] "GET /binary-samples.json HTTP/1.1" 200 -
  ✓   91 [chromium] › viewer.spec.mjs:965:3 › viewer & editor (viewer.html) › phone layout leaves room for cubes and keeps controls outside the drawing (828ms)
[WebServer] ::1 - - [10/Oct/2026 12:31:23] "GET /viewer.html HTTP/1.1" 200 -
[WebServer] ::1 - - [10/Oct/2026 12:31:23] "GET /assets/three-md.js?v=1.7.17 HTTP/1.1" 200 -
[WebServer] ::1 - - [10/Oct/2026 12:31:23] "GET /assets/tokens.css HTTP/1.1" 200 -
[WebServer] ::1 - - [10/Oct/2026 12:31:23] "GET /assets/theme.js HTTP/1.1" 200 -
[WebServer] ::1 - - [10/Oct/2026 12:31:23] "GET /assets/open-document.js?v=3 HTTP/1.1" 200 -
[WebServer] ::1 - - [10/Oct/2026 12:31:24] "GET /gallery-data.json HTTP/1.1" 200 -
[WebServer] ::1 - - [10/Oct/2026 12:31:24] "GET /all-examples.json HTTP/1.1" 200 -
[WebServer] ::1 - - [10/Oct/2026 12:31:24] "GET /nested-examples.json HTTP/1.1" 200 -
[WebServer] ::1 - - [10/Oct/2026 12:31:24] "GET /binary-samples.json HTTP/1.1" 200 -
  ✓   92 [chromium] › viewer.spec.mjs:987:3 › viewer & editor (viewer.html) › Document disclosure dismisses with Escape and both downloads preserve the document (942ms)
[WebServer] ::1 - - [10/Oct/2026 12:31:24] "GET /viewer.html HTTP/1.1" 200 -
[WebServer] ::1 - - [10/Oct/2026 12:31:24] "GET /assets/tokens.css HTTP/1.1" 200 -
[WebServer] ::1 - - [10/Oct/2026 12:31:24] "GET /assets/three-md.js?v=1.7.17 HTTP/1.1" 200 -
[WebServer] ::1 - - [10/Oct/2026 12:31:24] "GET /assets/theme.js HTTP/1.1" 200 -
[WebServer] ::1 - - [10/Oct/2026 12:31:24] "GET /assets/open-document.js?v=3 HTTP/1.1" 200 -
[WebServer] ::1 - - [10/Oct/2026 12:31:25] "GET /gallery-data.json HTTP/1.1" 200 -
[WebServer] ::1 - - [10/Oct/2026 12:31:25] "GET /all-examples.json HTTP/1.1" 200 -
[WebServer] ::1 - - [10/Oct/2026 12:31:25] "GET /nested-examples.json HTTP/1.1" 200 -
[WebServer] ::1 - - [10/Oct/2026 12:31:25] "GET /binary-samples.json HTTP/1.1" 200 -
  ✓   93 [chromium] › viewer.spec.mjs:1024:3 › viewer & editor (viewer.html) › a prose document offers Preview without replacing its source (872ms)
[WebServer] ::1 - - [10/Oct/2026 12:31:25] "GET /viewer.html HTTP/1.1" 200 -
[WebServer] ::1 - - [10/Oct/2026 12:31:25] "GET /assets/tokens.css HTTP/1.1" 200 -
[WebServer] ::1 - - [10/Oct/2026 12:31:25] "GET /assets/three-md.js?v=1.7.17 HTTP/1.1" 200 -
[WebServer] ::1 - - [10/Oct/2026 12:31:25] "GET /assets/theme.js HTTP/1.1" 200 -
[WebServer] ::1 - - [10/Oct/2026 12:31:25] "GET /assets/open-document.js?v=3 HTTP/1.1" 200 -
[WebServer] ::1 - - [10/Oct/2026 12:31:25] "GET /all-examples.json HTTP/1.1" 200 -
[WebServer] ::1 - - [10/Oct/2026 12:31:25] "GET /gallery-data.json HTTP/1.1" 200 -
[WebServer] ::1 - - [10/Oct/2026 12:31:25] "GET /nested-examples.json HTTP/1.1" 200 -
[WebServer] ::1 - - [10/Oct/2026 12:31:25] "GET /binary-samples.json HTTP/1.1" 200 -
  ✓   94 [chromium] › viewer.spec.mjs:1042:3 › viewer & editor (viewer.html) › slice navigation keeps the selected plane in a single scrolling row (737ms)
[WebServer] ::1 - - [10/Oct/2026 12:31:26] "GET /viewer.html HTTP/1.1" 200 -
[WebServer] ::1 - - [10/Oct/2026 12:31:26] "GET /assets/tokens.css HTTP/1.1" 200 -
[WebServer] ::1 - - [10/Oct/2026 12:31:26] "GET /assets/three-md.js?v=1.7.17 HTTP/1.1" 200 -
[WebServer] ::1 - - [10/Oct/2026 12:31:26] "GET /assets/theme.js HTTP/1.1" 200 -
[WebServer] ::1 - - [10/Oct/2026 12:31:26] "GET /assets/open-document.js?v=3 HTTP/1.1" 200 -
  ✓   90 [chromium] › viewer.spec.mjs:897:3 › viewer & editor (viewer.html) › browser camera projects and picks the shared native parity fixture (3.6s)
[WebServer] ::1 - - [10/Oct/2026 12:31:26] "GET /viewer.html HTTP/1.1" 200 -
[WebServer] ::1 - - [10/Oct/2026 12:31:26] "GET /assets/tokens.css HTTP/1.1" 200 -
[WebServer] ::1 - - [10/Oct/2026 12:31:26] "GET /assets/three-md.js?v=1.7.17 HTTP/1.1" 200 -
[WebServer] ::1 - - [10/Oct/2026 12:31:26] "GET /assets/theme.js HTTP/1.1" 200 -
[WebServer] ::1 - - [10/Oct/2026 12:31:26] "GET /assets/open-document.js?v=3 HTTP/1.1" 200 -
[WebServer] ::1 - - [10/Oct/2026 12:31:26] "GET /gallery-data.json HTTP/1.1" 200 -
[WebServer] ::1 - - [10/Oct/2026 12:31:26] "GET /binary-samples.json HTTP/1.1" 200 -
[WebServer] ::1 - - [10/Oct/2026 12:31:26] "GET /all-examples.json HTTP/1.1" 200 -
[WebServer] ::1 - - [10/Oct/2026 12:31:26] "GET /nested-examples.json HTTP/1.1" 200 -
[WebServer] ::1 - - [10/Oct/2026 12:31:26] "GET /gallery-data.json HTTP/1.1" 200 -
[WebServer] ::1 - - [10/Oct/2026 12:31:26] "GET /all-examples.json HTTP/1.1" 200 -
[WebServer] ::1 - - [10/Oct/2026 12:31:26] "GET /binary-samples.json HTTP/1.1" 200 -
[WebServer] ::1 - - [10/Oct/2026 12:31:26] "GET /nested-examples.json HTTP/1.1" 200 -
  ✓   96 [chromium] › viewer.spec.mjs:1084:3 › viewer & editor (viewer.html) › GPU unavailability explains how to keep reading in Preview (717ms)
[WebServer] ::1 - - [10/Oct/2026 12:31:27] "GET /viewer.html HTTP/1.1" 200 -
[WebServer] ::1 - - [10/Oct/2026 12:31:27] "GET /assets/tokens.css HTTP/1.1" 200 -
[WebServer] ::1 - - [10/Oct/2026 12:31:27] "GET /assets/three-md.js?v=1.7.17 HTTP/1.1" 200 -
[WebServer] ::1 - - [10/Oct/2026 12:31:27] "GET /assets/theme.js HTTP/1.1" 200 -
[WebServer] ::1 - - [10/Oct/2026 12:31:27] "GET /assets/open-document.js?v=3 HTTP/1.1" 200 -
  ✓   95 [chromium] › viewer.spec.mjs:1064:3 › viewer & editor (viewer.html) › a GitHub load shows busy state and recovers after a rate limit (858ms)
[WebServer] ::1 - - [10/Oct/2026 12:31:27] "GET /viewer.html HTTP/1.1" 200 -
[WebServer] ::1 - - [10/Oct/2026 12:31:27] "GET /assets/three-md.js?v=1.7.17 HTTP/1.1" 200 -
[WebServer] ::1 - - [10/Oct/2026 12:31:27] "GET /assets/tokens.css HTTP/1.1" 200 -
[WebServer] ::1 - - [10/Oct/2026 12:31:27] "GET /assets/theme.js HTTP/1.1" 200 -
[WebServer] ::1 - - [10/Oct/2026 12:31:27] "GET /assets/open-document.js?v=3 HTTP/1.1" 200 -
[WebServer] ::1 - - [10/Oct/2026 12:31:27] "GET /gallery-data.json HTTP/1.1" 200 -
[WebServer] ::1 - - [10/Oct/2026 12:31:27] "GET /all-examples.json HTTP/1.1" 200 -
[WebServer] ::1 - - [10/Oct/2026 12:31:27] "GET /nested-examples.json HTTP/1.1" 200 -
[WebServer] ::1 - - [10/Oct/2026 12:31:27] "GET /gallery-data.json HTTP/1.1" 200 -
[WebServer] ::1 - - [10/Oct/2026 12:31:27] "GET /binary-samples.json HTTP/1.1" 200 -
[WebServer] ::1 - - [10/Oct/2026 12:31:27] "GET /all-examples.json HTTP/1.1" 200 -
[WebServer] ::1 - - [10/Oct/2026 12:31:27] "GET /nested-examples.json HTTP/1.1" 200 -
[WebServer] ::1 - - [10/Oct/2026 12:31:27] "GET /binary-samples.json HTTP/1.1" 200 -
  ✓   98 [chromium] › viewer.spec.mjs:1143:3 › viewer & editor (viewer.html) › composition entry switches preserve each draft without copying it into another entry (813ms)
[WebServer] ::1 - - [10/Oct/2026 12:31:28] "GET /viewer.html HTTP/1.1" 200 -
[WebServer] ::1 - - [10/Oct/2026 12:31:28] "GET /assets/tokens.css HTTP/1.1" 200 -
[WebServer] ::1 - - [10/Oct/2026 12:31:28] "GET /assets/three-md.js?v=1.7.17 HTTP/1.1" 200 -
[WebServer] ::1 - - [10/Oct/2026 12:31:28] "GET /assets/theme.js HTTP/1.1" 200 -
[WebServer] ::1 - - [10/Oct/2026 12:31:28] "GET /assets/open-document.js?v=3 HTTP/1.1" 200 -
  ✓   97 [chromium] › viewer.spec.mjs:1100:3 › viewer & editor (viewer.html) › file switches preserve edited, invalid, and empty drafts with caret and slice (1.2s)
[WebServer] ::1 - - [10/Oct/2026 12:31:28] "GET /gallery-data.json HTTP/1.1" 200 -
[WebServer] ::1 - - [10/Oct/2026 12:31:28] "GET /all-examples.json HTTP/1.1" 200 -
[WebServer] ::1 - - [10/Oct/2026 12:31:28] "GET /nested-examples.json HTTP/1.1" 200 -
[WebServer] ::1 - - [10/Oct/2026 12:31:28] "GET /binary-samples.json HTTP/1.1" 200 -
[WebServer] ::1 - - [10/Oct/2026 12:31:28] "GET /viewer.html HTTP/1.1" 200 -
[WebServer] ::1 - - [10/Oct/2026 12:31:28] "GET /assets/tokens.css HTTP/1.1" 200 -
[WebServer] ::1 - - [10/Oct/2026 12:31:28] "GET /assets/three-md.js?v=1.7.17 HTTP/1.1" 200 -
[WebServer] ::1 - - [10/Oct/2026 12:31:28] "GET /assets/theme.js HTTP/1.1" 200 -
[WebServer] ::1 - - [10/Oct/2026 12:31:28] "GET /assets/open-document.js?v=3 HTTP/1.1" 200 -
[WebServer] ::1 - - [10/Oct/2026 12:31:28] "GET /gallery-data.json HTTP/1.1" 200 -
[WebServer] ::1 - - [10/Oct/2026 12:31:28] "GET /all-examples.json HTTP/1.1" 200 -
[WebServer] ::1 - - [10/Oct/2026 12:31:28] "GET /binary-samples.json HTTP/1.1" 200 -
[WebServer] ::1 - - [10/Oct/2026 12:31:28] "GET /nested-examples.json HTTP/1.1" 200 -
  ✓   99 [chromium] › viewer.spec.mjs:1170:3 › viewer & editor (viewer.html) › linked entries and file navigation share the same draft (854ms)
[WebServer] ::1 - - [10/Oct/2026 12:31:29] "GET /viewer.html HTTP/1.1" 200 -
[WebServer] ::1 - - [10/Oct/2026 12:31:29] "GET /assets/tokens.css HTTP/1.1" 200 -
[WebServer] ::1 - - [10/Oct/2026 12:31:29] "GET /assets/three-md.js?v=1.7.17 HTTP/1.1" 200 -
[WebServer] ::1 - - [10/Oct/2026 12:31:29] "GET /assets/theme.js HTTP/1.1" 200 -
[WebServer] ::1 - - [10/Oct/2026 12:31:29] "GET /assets/open-document.js?v=3 HTTP/1.1" 200 -
[WebServer] ::1 - - [10/Oct/2026 12:31:29] "GET /all-examples.json HTTP/1.1" 200 -
[WebServer] ::1 - - [10/Oct/2026 12:31:29] "GET /nested-examples.json HTTP/1.1" 200 -
[WebServer] ::1 - - [10/Oct/2026 12:31:29] "GET /gallery-data.json HTTP/1.1" 200 -
[WebServer] ::1 - - [10/Oct/2026 12:31:29] "GET /binary-samples.json HTTP/1.1" 200 -
  ✓  100 [chromium] › viewer.spec.mjs:1195:3 › viewer & editor (viewer.html) › search and packing use drafts rather than original file text (1.0s)
[WebServer] ::1 - - [10/Oct/2026 12:31:29] "GET /viewer.html HTTP/1.1" 200 -
[WebServer] ::1 - - [10/Oct/2026 12:31:29] "GET /assets/tokens.css HTTP/1.1" 200 -
[WebServer] ::1 - - [10/Oct/2026 12:31:29] "GET /assets/three-md.js?v=1.7.17 HTTP/1.1" 200 -
[WebServer] ::1 - - [10/Oct/2026 12:31:29] "GET /assets/theme.js HTTP/1.1" 200 -
[WebServer] ::1 - - [10/Oct/2026 12:31:29] "GET /assets/open-document.js?v=3 HTTP/1.1" 200 -
[WebServer] ::1 - - [10/Oct/2026 12:31:29] "GET /all-examples.json HTTP/1.1" 200 -
[WebServer] ::1 - - [10/Oct/2026 12:31:29] "GET /gallery-data.json HTTP/1.1" 200 -
[WebServer] ::1 - - [10/Oct/2026 12:31:29] "GET /nested-examples.json HTTP/1.1" 200 -
[WebServer] ::1 - - [10/Oct/2026 12:31:29] "GET /binary-samples.json HTTP/1.1" 200 -
  ✓  101 [chromium] › viewer.spec.mjs:1212:3 › viewer & editor (viewer.html) › file filtering, keyboard selection, and phone opens reveal the document (912ms)
[WebServer] ::1 - - [10/Oct/2026 12:31:29] "GET /viewer.html?src=original-document.3md&theme=dark HTTP/1.1" 200 -
[WebServer] ::1 - - [10/Oct/2026 12:31:29] "GET /assets/tokens.css HTTP/1.1" 200 -
[WebServer] ::1 - - [10/Oct/2026 12:31:29] "GET /assets/three-md.js?v=1.7.17 HTTP/1.1" 200 -
[WebServer] ::1 - - [10/Oct/2026 12:31:29] "GET /assets/theme.js HTTP/1.1" 200 -
[WebServer] ::1 - - [10/Oct/2026 12:31:29] "GET /assets/open-document.js?v=3 HTTP/1.1" 200 -
[WebServer] ::1 - - [10/Oct/2026 12:31:30] "GET /gallery-data.json HTTP/1.1" 200 -
[WebServer] ::1 - - [10/Oct/2026 12:31:30] "GET /all-examples.json HTTP/1.1" 200 -
[WebServer] ::1 - - [10/Oct/2026 12:31:30] "GET /nested-examples.json HTTP/1.1" 200 -
[WebServer] ::1 - - [10/Oct/2026 12:31:30] "GET /binary-samples.json HTTP/1.1" 200 -
  ✓  102 [chromium] › viewer.spec.mjs:1240:3 › viewer & editor (viewer.html) › a failed local open preserves the collection and current draft (1.2s)
[WebServer] ::1 - - [10/Oct/2026 12:31:30] "GET /viewer.html HTTP/1.1" 200 -
[WebServer] ::1 - - [10/Oct/2026 12:31:30] "GET /assets/tokens.css HTTP/1.1" 200 -
[WebServer] ::1 - - [10/Oct/2026 12:31:30] "GET /assets/three-md.js?v=1.7.17 HTTP/1.1" 200 -
[WebServer] ::1 - - [10/Oct/2026 12:31:30] "GET /assets/theme.js HTTP/1.1" 200 -
[WebServer] ::1 - - [10/Oct/2026 12:31:30] "GET /assets/open-document.js?v=3 HTTP/1.1" 200 -
[WebServer] ::1 - - [10/Oct/2026 12:31:30] "GET /gallery-data.json HTTP/1.1" 200 -
[WebServer] ::1 - - [10/Oct/2026 12:31:30] "GET /nested-examples.json HTTP/1.1" 200 -
[WebServer] ::1 - - [10/Oct/2026 12:31:30] "GET /all-examples.json HTTP/1.1" 200 -
[WebServer] ::1 - - [10/Oct/2026 12:31:30] "GET /binary-samples.json HTTP/1.1" 200 -
[WebServer] ::1 - - [10/Oct/2026 12:31:30] "GET /viewer.html?theme=dark HTTP/1.1" 200 -
[WebServer] ::1 - - [10/Oct/2026 12:31:30] "GET /assets/tokens.css HTTP/1.1" 200 -
[WebServer] ::1 - - [10/Oct/2026 12:31:30] "GET /assets/three-md.js?v=1.7.17 HTTP/1.1" 200 -
[WebServer] ::1 - - [10/Oct/2026 12:31:30] "GET /assets/open-document.js?v=3 HTTP/1.1" 200 -
[WebServer] ::1 - - [10/Oct/2026 12:31:30] "GET /assets/theme.js HTTP/1.1" 200 -
[WebServer] ::1 - - [10/Oct/2026 12:31:31] "GET /gallery-data.json HTTP/1.1" 200 -
[WebServer] ::1 - - [10/Oct/2026 12:31:31] "GET /all-examples.json HTTP/1.1" 200 -
[WebServer] ::1 - - [10/Oct/2026 12:31:31] "GET /nested-examples.json HTTP/1.1" 200 -
[WebServer] ::1 - - [10/Oct/2026 12:31:31] "GET /binary-samples.json HTTP/1.1" 200 -
[WebServer] ::1 - - [10/Oct/2026 12:31:31] "GET /viewer.html?theme=dark HTTP/1.1" 200 -
[WebServer] ::1 - - [10/Oct/2026 12:31:31] "GET /assets/tokens.css HTTP/1.1" 200 -
[WebServer] ::1 - - [10/Oct/2026 12:31:31] "GET /assets/three-md.js?v=1.7.17 HTTP/1.1" 200 -
[WebServer] ::1 - - [10/Oct/2026 12:31:31] "GET /assets/theme.js HTTP/1.1" 200 -
[WebServer] ::1 - - [10/Oct/2026 12:31:31] "GET /assets/open-document.js?v=3 HTTP/1.1" 200 -
[WebServer] ::1 - - [10/Oct/2026 12:31:31] "GET /all-examples.json HTTP/1.1" 200 -
[WebServer] ::1 - - [10/Oct/2026 12:31:31] "GET /binary-samples.json HTTP/1.1" 200 -
[WebServer] ::1 - - [10/Oct/2026 12:31:31] "GET /nested-examples.json HTTP/1.1" 200 -
[WebServer] ::1 - - [10/Oct/2026 12:31:31] "GET /gallery-data.json HTTP/1.1" 200 -
  ✓  103 [chromium] › viewer.spec.mjs:1259:3 › viewer & editor (viewer.html) › explicit document navigation removes stale source queries and reloads the chosen source (1.6s)
[WebServer] ::1 - - [10/Oct/2026 12:31:31] "GET /viewer.html HTTP/1.1" 200 -
[WebServer] ::1 - - [10/Oct/2026 12:31:31] "GET /assets/tokens.css HTTP/1.1" 200 -
[WebServer] ::1 - - [10/Oct/2026 12:31:31] "GET /assets/three-md.js?v=1.7.17 HTTP/1.1" 200 -
[WebServer] ::1 - - [10/Oct/2026 12:31:31] "GET /assets/theme.js HTTP/1.1" 200 -
[WebServer] ::1 - - [10/Oct/2026 12:31:31] "GET /assets/open-document.js?v=3 HTTP/1.1" 200 -
[WebServer] ::1 - - [10/Oct/2026 12:31:31] "GET /gallery-data.json HTTP/1.1" 200 -
[WebServer] ::1 - - [10/Oct/2026 12:31:31] "GET /nested-examples.json HTTP/1.1" 200 -
[WebServer] ::1 - - [10/Oct/2026 12:31:31] "GET /binary-samples.json HTTP/1.1" 200 -
[WebServer] ::1 - - [10/Oct/2026 12:31:31] "GET /all-examples.json HTTP/1.1" 200 -
  ✓  105 [chromium] › viewer.spec.mjs:1316:3 › Sculpt Slice parity › grid edits preserve CRLF, labels, prose and downloads exactly (1.2s)
[WebServer] ::1 - - [10/Oct/2026 12:31:32] "GET /viewer.html HTTP/1.1" 200 -
[WebServer] ::1 - - [10/Oct/2026 12:31:32] "GET /assets/tokens.css HTTP/1.1" 200 -
[WebServer] ::1 - - [10/Oct/2026 12:31:32] "GET /assets/three-md.js?v=1.7.17 HTTP/1.1" 200 -
[WebServer] ::1 - - [10/Oct/2026 12:31:32] "GET /assets/theme.js HTTP/1.1" 200 -
[WebServer] ::1 - - [10/Oct/2026 12:31:32] "GET /assets/open-document.js?v=3 HTTP/1.1" 200 -
[WebServer] ::1 - - [10/Oct/2026 12:31:32] "GET /all-examples.json HTTP/1.1" 200 -
[WebServer] ::1 - - [10/Oct/2026 12:31:32] "GET /nested-examples.json HTTP/1.1" 200 -
[WebServer] ::1 - - [10/Oct/2026 12:31:32] "GET /gallery-data.json HTTP/1.1" 200 -
[WebServer] ::1 - - [10/Oct/2026 12:31:32] "GET /binary-samples.json HTTP/1.1" 200 -
  ✓  106 [chromium] › viewer.spec.mjs:1328:3 › Sculpt Slice parity › keyboard cells, grid zoom, previous overlay and shared WebGL reference (903ms)
[WebServer] ::1 - - [10/Oct/2026 12:31:33] "GET /viewer.html HTTP/1.1" 200 -
[WebServer] ::1 - - [10/Oct/2026 12:31:33] "GET /assets/tokens.css HTTP/1.1" 200 -
[WebServer] ::1 - - [10/Oct/2026 12:31:33] "GET /assets/three-md.js?v=1.7.17 HTTP/1.1" 200 -
[WebServer] ::1 - - [10/Oct/2026 12:31:33] "GET /assets/theme.js HTTP/1.1" 200 -
[WebServer] ::1 - - [10/Oct/2026 12:31:33] "GET /assets/open-document.js?v=3 HTTP/1.1" 200 -
  ✓  104 [chromium] › viewer.spec.mjs:1298:3 › Sculpt Slice parity › shared native strokes, clipped brushes, four-neighbor fill and no-op undo (3.1s)
[WebServer] ::1 - - [10/Oct/2026 12:31:33] "GET /viewer.html HTTP/1.1" 200 -
[WebServer] ::1 - - [10/Oct/2026 12:31:33] "GET /assets/three-md.js?v=1.7.17 HTTP/1.1" 200 -
[WebServer] ::1 - - [10/Oct/2026 12:31:33] "GET /assets/tokens.css HTTP/1.1" 200 -
[WebServer] ::1 - - [10/Oct/2026 12:31:33] "GET /assets/theme.js HTTP/1.1" 200 -
[WebServer] ::1 - - [10/Oct/2026 12:31:33] "GET /assets/open-document.js?v=3 HTTP/1.1" 200 -
[WebServer] ::1 - - [10/Oct/2026 12:31:33] "GET /gallery-data.json HTTP/1.1" 200 -
[WebServer] ::1 - - [10/Oct/2026 12:31:33] "GET /all-examples.json HTTP/1.1" 200 -
[WebServer] ::1 - - [10/Oct/2026 12:31:33] "GET /nested-examples.json HTTP/1.1" 200 -
[WebServer] ::1 - - [10/Oct/2026 12:31:33] "GET /binary-samples.json HTTP/1.1" 200 -
[WebServer] ::1 - - [10/Oct/2026 12:31:34] "GET /binary-samples.json HTTP/1.1" 200 -
[WebServer] ::1 - - [10/Oct/2026 12:31:34] "GET /gallery-data.json HTTP/1.1" 200 -
[WebServer] ::1 - - [10/Oct/2026 12:31:34] "GET /nested-examples.json HTTP/1.1" 200 -
[WebServer] ::1 - - [10/Oct/2026 12:31:34] "GET /all-examples.json HTTP/1.1" 200 -
  ✓  107 [chromium] › viewer.spec.mjs:1341:3 › Sculpt Slice parity › source typing and Slice share undo and retain it across file navigation (963ms)
[WebServer] ::1 - - [10/Oct/2026 12:31:34] "GET /viewer.html HTTP/1.1" 200 -
[WebServer] ::1 - - [10/Oct/2026 12:31:34] "GET /assets/three-md.js?v=1.7.17 HTTP/1.1" 200 -
[WebServer] ::1 - - [10/Oct/2026 12:31:34] "GET /assets/tokens.css HTTP/1.1" 200 -
[WebServer] ::1 - - [10/Oct/2026 12:31:34] "GET /assets/theme.js HTTP/1.1" 200 -
[WebServer] ::1 - - [10/Oct/2026 12:31:34] "GET /assets/open-document.js?v=3 HTTP/1.1" 200 -
[WebServer] ::1 - - [10/Oct/2026 12:31:34] "GET /all-examples.json HTTP/1.1" 200 -
[WebServer] ::1 - - [10/Oct/2026 12:31:34] "GET /gallery-data.json HTTP/1.1" 200 -
[WebServer] ::1 - - [10/Oct/2026 12:31:34] "GET /binary-samples.json HTTP/1.1" 200 -
[WebServer] ::1 - - [10/Oct/2026 12:31:34] "GET /nested-examples.json HTTP/1.1" 200 -
  ✓  108 [chromium] › viewer.spec.mjs:1353:3 › Sculpt Slice parity › unsupported grids stay readable and budget rejection restores the full stroke (1.8s)
  ✓  109 [chromium] › viewer.spec.mjs:1361:3 › Sculpt Slice parity › phone Slice tools and axis controls stay usable without horizontal page overflow (995ms)
[WebServer] ::1 - - [10/Oct/2026 12:31:35] "GET /viewer.html HTTP/1.1" 200 -
[WebServer] ::1 - - [10/Oct/2026 12:31:35] "GET /viewer.html HTTP/1.1" 200 -
[WebServer] ::1 - - [10/Oct/2026 12:31:35] "GET /assets/tokens.css HTTP/1.1" 200 -
[WebServer] ::1 - - [10/Oct/2026 12:31:35] "GET /assets/three-md.js?v=1.7.17 HTTP/1.1" 200 -
[WebServer] ::1 - - [10/Oct/2026 12:31:35] "GET /assets/tokens.css HTTP/1.1" 200 -
[WebServer] ::1 - - [10/Oct/2026 12:31:35] "GET /assets/three-md.js?v=1.7.17 HTTP/1.1" 200 -
[WebServer] ::1 - - [10/Oct/2026 12:31:35] "GET /assets/theme.js HTTP/1.1" 200 -
[WebServer] ::1 - - [10/Oct/2026 12:31:35] "GET /assets/theme.js HTTP/1.1" 200 -
[WebServer] ::1 - - [10/Oct/2026 12:31:35] "GET /assets/open-document.js?v=3 HTTP/1.1" 200 -
[WebServer] ::1 - - [10/Oct/2026 12:31:35] "GET /assets/open-document.js?v=3 HTTP/1.1" 200 -
[WebServer] ::1 - - [10/Oct/2026 12:31:35] "GET /all-examples.json HTTP/1.1" 200 -
[WebServer] ::1 - - [10/Oct/2026 12:31:35] "GET /nested-examples.json HTTP/1.1" 200 -
[WebServer] ::1 - - [10/Oct/2026 12:31:35] "GET /binary-samples.json HTTP/1.1" 200 -
[WebServer] ::1 - - [10/Oct/2026 12:31:35] "GET /gallery-data.json HTTP/1.1" 200 -
[WebServer] ::1 - - [10/Oct/2026 12:31:35] "GET /gallery-data.json HTTP/1.1" 200 -
[WebServer] ::1 - - [10/Oct/2026 12:31:35] "GET /all-examples.json HTTP/1.1" 200 -
[WebServer] ::1 - - [10/Oct/2026 12:31:35] "GET /nested-examples.json HTTP/1.1" 200 -
[WebServer] ::1 - - [10/Oct/2026 12:31:35] "GET /binary-samples.json HTTP/1.1" 200 -
  ✓  110 [chromium] › viewer.spec.mjs:1370:3 › Sculpt Slice parity › 2D editing works with an unavailable WebGL reference (737ms)
[WebServer] ::1 - - [10/Oct/2026 12:31:36] "GET /viewer.html HTTP/1.1" 200 -
[WebServer] ::1 - - [10/Oct/2026 12:31:36] "GET /assets/three-md.js?v=1.7.17 HTTP/1.1" 200 -
[WebServer] ::1 - - [10/Oct/2026 12:31:36] "GET /assets/tokens.css HTTP/1.1" 200 -
[WebServer] ::1 - - [10/Oct/2026 12:31:36] "GET /assets/theme.js HTTP/1.1" 200 -
[WebServer] ::1 - - [10/Oct/2026 12:31:36] "GET /assets/open-document.js?v=3 HTTP/1.1" 200 -
  ✓  111 [chromium] › viewer.spec.mjs:1375:3 › Sculpt Slice parity › axis inverse, finite inputs, pan steps and Fit leave source and geometry intact (872ms)
[WebServer] ::1 - - [10/Oct/2026 12:31:36] "GET /viewer.html HTTP/1.1" 200 -
[WebServer] ::1 - - [10/Oct/2026 12:31:36] "GET /assets/tokens.css HTTP/1.1" 200 -
[WebServer] ::1 - - [10/Oct/2026 12:31:36] "GET /assets/three-md.js?v=1.7.17 HTTP/1.1" 200 -
[WebServer] ::1 - - [10/Oct/2026 12:31:36] "GET /assets/theme.js HTTP/1.1" 200 -
[WebServer] ::1 - - [10/Oct/2026 12:31:36] "GET /assets/open-document.js?v=3 HTTP/1.1" 200 -
[WebServer] ::1 - - [10/Oct/2026 12:31:36] "GET /gallery-data.json HTTP/1.1" 200 -
[WebServer] ::1 - - [10/Oct/2026 12:31:36] "GET /all-examples.json HTTP/1.1" 200 -
[WebServer] ::1 - - [10/Oct/2026 12:31:36] "GET /nested-examples.json HTTP/1.1" 200 -
[WebServer] ::1 - - [10/Oct/2026 12:31:36] "GET /binary-samples.json HTTP/1.1" 200 -
[WebServer] ::1 - - [10/Oct/2026 12:31:36] "GET /gallery-data.json HTTP/1.1" 200 -
[WebServer] ::1 - - [10/Oct/2026 12:31:36] "GET /all-examples.json HTTP/1.1" 200 -
[WebServer] ::1 - - [10/Oct/2026 12:31:36] "GET /nested-examples.json HTTP/1.1" 200 -
[WebServer] ::1 - - [10/Oct/2026 12:31:36] "GET /binary-samples.json HTTP/1.1" 200 -
  ✓  113 [chromium] › viewer.spec.mjs:1411:1 › Slice navigation finishes a touch stroke and ignores its late pointer movement (851ms)
[WebServer] ::1 - - [10/Oct/2026 12:31:37] "GET /viewer.html HTTP/1.1" 200 -
[WebServer] ::1 - - [10/Oct/2026 12:31:37] "GET /assets/tokens.css HTTP/1.1" 200 -
[WebServer] ::1 - - [10/Oct/2026 12:31:37] "GET /assets/three-md.js?v=1.7.17 HTTP/1.1" 200 -
[WebServer] ::1 - - [10/Oct/2026 12:31:37] "GET /assets/theme.js HTTP/1.1" 200 -
[WebServer] ::1 - - [10/Oct/2026 12:31:37] "GET /assets/open-document.js?v=3 HTTP/1.1" 200 -
[WebServer] ::1 - - [10/Oct/2026 12:31:37] "GET /nested-examples.json HTTP/1.1" 200 -
[WebServer] ::1 - - [10/Oct/2026 12:31:37] "GET /binary-samples.json HTTP/1.1" 200 -
[WebServer] ::1 - - [10/Oct/2026 12:31:37] "GET /all-examples.json HTTP/1.1" 200 -
[WebServer] ::1 - - [10/Oct/2026 12:31:37] "GET /gallery-data.json HTTP/1.1" 200 -
  ✓  114 [chromium] › viewer.spec.mjs:1427:3 › shared cube drawable stays sharp through view/viewport changes at 1x density (2.4s)
[WebServer] ::1 - - [10/Oct/2026 12:31:39] "GET /viewer.html HTTP/1.1" 200 -
[WebServer] ::1 - - [10/Oct/2026 12:31:39] "GET /assets/tokens.css HTTP/1.1" 200 -
[WebServer] ::1 - - [10/Oct/2026 12:31:39] "GET /assets/three-md.js?v=1.7.17 HTTP/1.1" 200 -
[WebServer] ::1 - - [10/Oct/2026 12:31:39] "GET /assets/theme.js HTTP/1.1" 200 -
[WebServer] ::1 - - [10/Oct/2026 12:31:39] "GET /assets/open-document.js?v=3 HTTP/1.1" 200 -
[WebServer] ::1 - - [10/Oct/2026 12:31:40] "GET /gallery-data.json HTTP/1.1" 200 -
[WebServer] ::1 - - [10/Oct/2026 12:31:40] "GET /all-examples.json HTTP/1.1" 200 -
[WebServer] ::1 - - [10/Oct/2026 12:31:40] "GET /binary-samples.json HTTP/1.1" 200 -
[WebServer] ::1 - - [10/Oct/2026 12:31:40] "GET /nested-examples.json HTTP/1.1" 200 -
  ✓  115 [chromium] › viewer.spec.mjs:1427:3 › shared cube drawable stays sharp through view/viewport changes at 2x density (2.7s)
  ✓  112 [chromium] › viewer.spec.mjs:1389:1 › Slice history drops only old snapshots at the per-draft and collection budgets (6.3s)
(node:76965) Warning: The 'NO_COLOR' env is ignored due to the 'FORCE_COLOR' env being set.
(Use `node --trace-warnings ...` to show where the warning was created)
(node:76967) Warning: The 'NO_COLOR' env is ignored due to the 'FORCE_COLOR' env being set.
(Use `node --trace-warnings ...` to show where the warning was created)
[WebServer] ::1 - - [10/Oct/2026 12:31:43] "GET /embed-example.html HTTP/1.1" 200 -
[WebServer] ::1 - - [10/Oct/2026 12:31:43] "GET /embed-example.html HTTP/1.1" 200 -
[WebServer] ::1 - - [10/Oct/2026 12:31:43] "GET /assets/tokens.css HTTP/1.1" 200 -
[WebServer] ::1 - - [10/Oct/2026 12:31:43] "GET /assets/tokens.css HTTP/1.1" 200 -
[WebServer] ::1 - - [10/Oct/2026 12:31:43] "GET /assets/three-md.js?v=1.7.17 HTTP/1.1" 200 -
[WebServer] ::1 - - [10/Oct/2026 12:31:43] "GET /assets/three-md.js?v=1.7.17 HTTP/1.1" 200 -
[WebServer] ::1 - - [10/Oct/2026 12:31:43] "GET /sample.3md HTTP/1.1" 200 -
[WebServer] ::1 - - [10/Oct/2026 12:31:43] "GET /sample.3md HTTP/1.1" 200 -
  ✓  117 [webkit] › component.spec.mjs:53:3 › <three-md> component › all deck cards share one width (focused matches the cards behind it) (791ms)
  ✓  116 [webkit] › component.spec.mjs:35:3 › <three-md> component › upgrades, renders planes, no console errors (811ms)
[WebServer] ::1 - - [10/Oct/2026 12:31:44] "GET /embed-example.html HTTP/1.1" 200 -
[WebServer] ::1 - - [10/Oct/2026 12:31:44] "GET /assets/tokens.css HTTP/1.1" 200 -
[WebServer] ::1 - - [10/Oct/2026 12:31:44] "GET /assets/three-md.js?v=1.7.17 HTTP/1.1" 200 -
[WebServer] ::1 - - [10/Oct/2026 12:31:44] "GET /sample.3md HTTP/1.1" 200 -
  ✓  119 [webkit] › component.spec.mjs:84:3 › <three-md> component › focused plane is frontmost across the scrubber (820ms)
[WebServer] ::1 - - [10/Oct/2026 12:31:44] "GET /embed-example.html HTTP/1.1" 200 -
[WebServer] ::1 - - [10/Oct/2026 12:31:44] "GET /assets/tokens.css HTTP/1.1" 200 -
[WebServer] ::1 - - [10/Oct/2026 12:31:44] "GET /assets/three-md.js?v=1.7.17 HTTP/1.1" 200 -
[WebServer] ::1 - - [10/Oct/2026 12:31:44] "GET /sample.3md HTTP/1.1" 200 -
[WebServer] ::1 - - [10/Oct/2026 12:31:47] "GET /embed-example.html HTTP/1.1" 200 -
[WebServer] ::1 - - [10/Oct/2026 12:31:47] "GET /assets/tokens.css HTTP/1.1" 200 -
[WebServer] ::1 - - [10/Oct/2026 12:31:47] "GET /assets/three-md.js?v=1.7.17 HTTP/1.1" 200 -
[WebServer] ::1 - - [10/Oct/2026 12:31:47] "GET /sample.3md HTTP/1.1" 200 -
  ✓  118 [webkit] › component.spec.mjs:69:3 › <three-md> component › wide ASCII-art content is not clipped (card widens to fit rigid blocks) (3.6s)
[WebServer] ::1 - - [10/Oct/2026 12:31:51] "GET /embed-example.html HTTP/1.1" 200 -
[WebServer] ::1 - - [10/Oct/2026 12:31:51] "GET /assets/tokens.css HTTP/1.1" 200 -
[WebServer] ::1 - - [10/Oct/2026 12:31:51] "GET /assets/three-md.js?v=1.7.17 HTTP/1.1" 200 -
  ✓  120 [webkit] › component.spec.mjs:94:3 › <three-md> component › works with requestAnimationFrame paused (Low Power Mode) (6.3s)
[WebServer] ::1 - - [10/Oct/2026 12:31:51] "GET /sample.3md HTTP/1.1" 200 -
[WebServer] ::1 - - [10/Oct/2026 12:31:51] "GET /embed-example.html HTTP/1.1" 200 -
[WebServer] ::1 - - [10/Oct/2026 12:31:51] "GET /sample.3md HTTP/1.1" 200 -
[WebServer] ::1 - - [10/Oct/2026 12:31:51] "GET /embed-example.html HTTP/1.1" 200 -
[WebServer] ::1 - - [10/Oct/2026 12:31:51] "GET /sample.3md HTTP/1.1" 200 -
[WebServer] ::1 - - [10/Oct/2026 12:31:51] "GET /embed-example.html HTTP/1.1" 200 -
[WebServer] ::1 - - [10/Oct/2026 12:31:51] "GET /sample.3md HTTP/1.1" 200 -
[WebServer] ::1 - - [10/Oct/2026 12:31:51] "GET /embed-example.html HTTP/1.1" 200 -
[WebServer] ::1 - - [10/Oct/2026 12:31:51] "GET /sample.3md HTTP/1.1" 200 -
  ✓  121 [webkit] › component.spec.mjs:109:3 › <three-md> component › no horizontal overflow from 320px to 1440px (3.7s)
[WebServer] ::1 - - [10/Oct/2026 12:31:51] "GET /embed-example.html HTTP/1.1" 200 -
[WebServer] ::1 - - [10/Oct/2026 12:31:51] "GET /assets/tokens.css HTTP/1.1" 200 -
[WebServer] ::1 - - [10/Oct/2026 12:31:51] "GET /assets/three-md.js?v=1.7.17 HTTP/1.1" 200 -
[WebServer] ::1 - - [10/Oct/2026 12:31:51] "GET /sample.3md HTTP/1.1" 200 -
[WebServer] ::1 - - [10/Oct/2026 12:31:51] "GET /embed-example.html HTTP/1.1" 200 -
[WebServer] ::1 - - [10/Oct/2026 12:31:51] "GET /assets/tokens.css HTTP/1.1" 200 -
[WebServer] ::1 - - [10/Oct/2026 12:31:51] "GET /assets/three-md.js?v=1.7.17 HTTP/1.1" 200 -
[WebServer] ::1 - - [10/Oct/2026 12:31:51] "GET /sample.3md HTTP/1.1" 200 -
  ✓  123 [webkit] › component.spec.mjs:139:3 › <three-md> component › frame animations render as a flipbook (one frame, no deck) and autoplay (277ms)
[WebServer] ::1 - - [10/Oct/2026 12:31:51] "GET /embed-example.html HTTP/1.1" 200 -
[WebServer] ::1 - - [10/Oct/2026 12:31:51] "GET /assets/tokens.css HTTP/1.1" 200 -
[WebServer] ::1 - - [10/Oct/2026 12:31:51] "GET /assets/three-md.js?v=1.7.17 HTTP/1.1" 200 -
[WebServer] ::1 - - [10/Oct/2026 12:31:51] "GET /sample.3md HTTP/1.1" 200 -
  ✓  124 [webkit] › component.spec.mjs:160:3 › <three-md> component › does not auto-convert characters; an optional legend maps them (271ms)
[WebServer] ::1 - - [10/Oct/2026 12:31:51] "GET /embed-example.html HTTP/1.1" 200 -
[WebServer] ::1 - - [10/Oct/2026 12:31:51] "GET /assets/tokens.css HTTP/1.1" 200 -
[WebServer] ::1 - - [10/Oct/2026 12:31:51] "GET /assets/three-md.js?v=1.7.17 HTTP/1.1" 200 -
[WebServer] ::1 - - [10/Oct/2026 12:31:51] "GET /sample.3md HTTP/1.1" 200 -
  ✓  125 [webkit] › component.spec.mjs:184:3 › <three-md> component › camera: WASD/wheel/orbit move the scene; retired modes alias (277ms)
[WebServer] ::1 - - [10/Oct/2026 12:31:52] "GET /embed-example.html HTTP/1.1" 200 -
[WebServer] ::1 - - [10/Oct/2026 12:31:52] "GET /assets/tokens.css HTTP/1.1" 200 -
[WebServer] ::1 - - [10/Oct/2026 12:31:52] "GET /assets/three-md.js?v=1.7.17 HTTP/1.1" 200 -
[WebServer] ::1 - - [10/Oct/2026 12:31:52] "GET /sample.3md HTTP/1.1" 200 -
  ✓  126 [webkit] › component.spec.mjs:210:3 › <three-md> component › map mode lays planes out by x/y (278ms)
[WebServer] ::1 - - [10/Oct/2026 12:31:52] "GET /embed-example.html HTTP/1.1" 200 -
[WebServer] ::1 - - [10/Oct/2026 12:31:52] "GET /assets/tokens.css HTTP/1.1" 200 -
[WebServer] ::1 - - [10/Oct/2026 12:31:52] "GET /assets/three-md.js?v=1.7.17 HTTP/1.1" 200 -
[WebServer] ::1 - - [10/Oct/2026 12:31:52] "GET /sample.3md HTTP/1.1" 200 -
  ✓  127 [webkit] › component.spec.mjs:223:3 › <three-md> component › renders Markdown tables (not raw pipes) (269ms)
[WebServer] ::1 - - [10/Oct/2026 12:31:52] "GET /embed-example.html HTTP/1.1" 200 -
[WebServer] ::1 - - [10/Oct/2026 12:31:52] "GET /assets/tokens.css HTTP/1.1" 200 -
[WebServer] ::1 - - [10/Oct/2026 12:31:52] "GET /assets/three-md.js?v=1.7.17 HTTP/1.1" 200 -
[WebServer] ::1 - - [10/Oct/2026 12:31:52] "GET /sample.3md HTTP/1.1" 200 -
  ✓  128 [webkit] › component.spec.mjs:239:3 › <three-md> component › layers shows aligned overlays at once, with toggle chips (266ms)
[WebServer] ::1 - - [10/Oct/2026 12:31:53] "GET /embed-example.html HTTP/1.1" 200 -
[WebServer] ::1 - - [10/Oct/2026 12:31:53] "GET /assets/tokens.css HTTP/1.1" 200 -
[WebServer] ::1 - - [10/Oct/2026 12:31:53] "GET /assets/three-md.js?v=1.7.17 HTTP/1.1" 200 -
[WebServer] ::1 - - [10/Oct/2026 12:31:53] "GET /sample.3md HTTP/1.1" 200 -
  ✓  129 [webkit] › component.spec.mjs:261:3 › <three-md> component › blend mode renders content as 3D voxels (273ms)
[WebServer] ::1 - - [10/Oct/2026 12:31:53] "GET /embed-example.html HTTP/1.1" 200 -
[WebServer] ::1 - - [10/Oct/2026 12:31:53] "GET /assets/tokens.css HTTP/1.1" 200 -
[WebServer] ::1 - - [10/Oct/2026 12:31:53] "GET /assets/three-md.js?v=1.7.17 HTTP/1.1" 200 -
[WebServer] ::1 - - [10/Oct/2026 12:31:53] "GET /sample.3md HTTP/1.1" 200 -
  ✓  130 [webkit] › component.spec.mjs:281:3 › <three-md> component › single-card mode shows only the focused plane (385ms)
  ✓  122 [webkit] › component.spec.mjs:123:3 › <three-md> component › playback advances and pauses (animations) (2.6s)
[WebServer] ::1 - - [10/Oct/2026 12:31:53] "GET /embed-example.html HTTP/1.1" 200 -
[WebServer] ::1 - - [10/Oct/2026 12:31:53] "GET /assets/tokens.css HTTP/1.1" 200 -
[WebServer] ::1 - - [10/Oct/2026 12:31:53] "GET /assets/three-md.js?v=1.7.17 HTTP/1.1" 200 -
[WebServer] ::1 - - [10/Oct/2026 12:31:53] "GET /sample.3md HTTP/1.1" 200 -
  ✓  131 [webkit] › component.spec.mjs:303:3 › <three-md> component › single-card mode scrolls a long plane (reader) (279ms)
[WebServer] ::1 - - [10/Oct/2026 12:31:53] "GET /embed-example.html HTTP/1.1" 200 -
[WebServer] ::1 - - [10/Oct/2026 12:31:53] "GET /assets/tokens.css HTTP/1.1" 200 -
[WebServer] ::1 - - [10/Oct/2026 12:31:53] "GET /assets/three-md.js?v=1.7.17 HTTP/1.1" 200 -
[WebServer] ::1 - - [10/Oct/2026 12:31:53] "GET /sample.3md HTTP/1.1" 200 -
  ✓  132 [webkit] › component.spec.mjs:326:3 › <three-md> component › reflects the resolved mode as data-mode (for fullscreen styling) (272ms)
[WebServer] ::1 - - [10/Oct/2026 12:31:54] "GET /embed-example.html HTTP/1.1" 200 -
[WebServer] ::1 - - [10/Oct/2026 12:31:54] "GET /assets/tokens.css HTTP/1.1" 200 -
[WebServer] ::1 - - [10/Oct/2026 12:31:54] "GET /assets/three-md.js?v=1.7.17 HTTP/1.1" 200 -
[WebServer] ::1 - - [10/Oct/2026 12:31:54] "GET /sample.3md HTTP/1.1" 200 -
  ✓  133 [webkit] › component.spec.mjs:343:3 › <three-md> component › space and PageDown advance like a slideshow (not in reader) (266ms)
[WebServer] ::1 - - [10/Oct/2026 12:31:54] "GET /embed-example.html HTTP/1.1" 200 -
[WebServer] ::1 - - [10/Oct/2026 12:31:54] "GET /assets/tokens.css HTTP/1.1" 200 -
[WebServer] ::1 - - [10/Oct/2026 12:31:54] "GET /assets/three-md.js?v=1.7.17 HTTP/1.1" 200 -
[WebServer] ::1 - - [10/Oct/2026 12:31:54] "GET /sample.3md HTTP/1.1" 200 -
  ✓  134 [webkit] › component.spec.mjs:366:3 › <three-md> component › cross-plane links [[z=N|text]] are clickable and navigate (273ms)
[WebServer] ::1 - - [10/Oct/2026 12:31:54] "GET /embed-example.html HTTP/1.1" 200 -
[WebServer] ::1 - - [10/Oct/2026 12:31:54] "GET /assets/tokens.css HTTP/1.1" 200 -
[WebServer] ::1 - - [10/Oct/2026 12:31:54] "GET /assets/three-md.js?v=1.7.17 HTTP/1.1" 200 -
[WebServer] ::1 - - [10/Oct/2026 12:31:54] "GET /sample.3md HTTP/1.1" 200 -
  ✓  136 [webkit] › component.spec.mjs:402:3 › <three-md> component › flipbook frames are a fixed size (no resize between frames) (271ms)
[WebServer] ::1 - - [10/Oct/2026 12:31:54] "GET /embed-example.html HTTP/1.1" 200 -
[WebServer] ::1 - - [10/Oct/2026 12:31:54] "GET /assets/three-md.js?v=1.7.17 HTTP/1.1" 200 -
[WebServer] ::1 - - [10/Oct/2026 12:31:54] "GET /assets/tokens.css HTTP/1.1" 200 -
[WebServer] ::1 - - [10/Oct/2026 12:31:54] "GET /sample.3md HTTP/1.1" 200 -
  ✓  137 [webkit] › component.spec.mjs:420:3 › <three-md> component › loop toggle controls whether playback wraps (282ms)
[WebServer] ::1 - - [10/Oct/2026 12:31:54] "GET /embed-example.html HTTP/1.1" 200 -
[WebServer] ::1 - - [10/Oct/2026 12:31:54] "GET /assets/tokens.css HTTP/1.1" 200 -
[WebServer] ::1 - - [10/Oct/2026 12:31:54] "GET /assets/three-md.js?v=1.7.17 HTTP/1.1" 200 -
[WebServer] ::1 - - [10/Oct/2026 12:31:54] "GET /sample.3md HTTP/1.1" 200 -
  ✓  138 [webkit] › component.spec.mjs:438:3 › <three-md> component › emits planechange when stepping (259ms)
[WebServer] ::1 - - [10/Oct/2026 12:31:55] "GET /embed-example.html HTTP/1.1" 200 -
[WebServer] ::1 - - [10/Oct/2026 12:31:55] "GET /assets/tokens.css HTTP/1.1" 200 -
[WebServer] ::1 - - [10/Oct/2026 12:31:55] "GET /assets/three-md.js?v=1.7.17 HTTP/1.1" 200 -
[WebServer] ::1 - - [10/Oct/2026 12:31:55] "GET /sample.3md HTTP/1.1" 200 -
  ✓  139 [webkit] › component.spec.mjs:450:3 › <three-md> component › legend values cannot inject HTML (XSS sink is escaped) (445ms)
[WebServer] ::1 - - [10/Oct/2026 12:31:55] "GET /embed-example.html HTTP/1.1" 200 -
[WebServer] ::1 - - [10/Oct/2026 12:31:55] "GET /assets/tokens.css HTTP/1.1" 200 -
[WebServer] ::1 - - [10/Oct/2026 12:31:55] "GET /assets/three-md.js?v=1.7.17 HTTP/1.1" 200 -
[WebServer] ::1 - - [10/Oct/2026 12:31:55] "GET /sample.3md HTTP/1.1" 200 -
  ✓  140 [webkit] › component.spec.mjs:485:3 › <three-md> component › cross-plane links work for decimal z (not just integers) (268ms)
[WebServer] ::1 - - [10/Oct/2026 12:31:55] "GET /embed-example.html HTTP/1.1" 200 -
[WebServer] ::1 - - [10/Oct/2026 12:31:55] "GET /assets/tokens.css HTTP/1.1" 200 -
[WebServer] ::1 - - [10/Oct/2026 12:31:55] "GET /assets/three-md.js?v=1.7.17 HTTP/1.1" 200 -
[WebServer] ::1 - - [10/Oct/2026 12:31:55] "GET /sample.3md HTTP/1.1" 200 -
  ✓  141 [webkit] › component.spec.mjs:503:3 › <three-md> component › switching into blend after load builds voxels (no empty stage) (448ms)
[WebServer] ::1 - - [10/Oct/2026 12:31:56] "GET /embed-example.html HTTP/1.1" 200 -
[WebServer] ::1 - - [10/Oct/2026 12:31:56] "GET /assets/tokens.css HTTP/1.1" 200 -
[WebServer] ::1 - - [10/Oct/2026 12:31:56] "GET /assets/three-md.js?v=1.7.17 HTTP/1.1" 200 -
[WebServer] ::1 - - [10/Oct/2026 12:31:56] "GET /sample.3md HTTP/1.1" 200 -
  ✓  142 [webkit] › component.spec.mjs:518:3 › <three-md> component › blend voxels are the legend-mapped character glyphs, and billboard faces the camera (374ms)
[WebServer] ::1 - - [10/Oct/2026 12:31:56] "GET /embed-example.html HTTP/1.1" 200 -
[WebServer] ::1 - - [10/Oct/2026 12:31:56] "GET /assets/tokens.css HTTP/1.1" 200 -
[WebServer] ::1 - - [10/Oct/2026 12:31:56] "GET /assets/three-md.js?v=1.7.17 HTTP/1.1" 200 -
[WebServer] ::1 - - [10/Oct/2026 12:31:56] "GET /sample.3md HTTP/1.1" 200 -
  ✓  143 [webkit] › component.spec.mjs:537:3 › <three-md> component › without a legend, blend voxels show the raw characters (263ms)
[WebServer] ::1 - - [10/Oct/2026 12:31:57] "GET /embed-example.html HTTP/1.1" 200 -
[WebServer] ::1 - - [10/Oct/2026 12:31:57] "GET /assets/tokens.css HTTP/1.1" 200 -
[WebServer] ::1 - - [10/Oct/2026 12:31:57] "GET /assets/three-md.js?v=1.7.17 HTTP/1.1" 200 -
[WebServer] ::1 - - [10/Oct/2026 12:31:57] "GET /sample.3md HTTP/1.1" 200 -
  ✓  144 [webkit] › component.spec.mjs:549:3 › <three-md> component › blend is gated to COMPACT art: a sprawling grid is not voxelizable (falls back to deck) (267ms)
[WebServer] ::1 - - [10/Oct/2026 12:31:57] "GET /embed-example.html HTTP/1.1" 200 -
[WebServer] ::1 - - [10/Oct/2026 12:31:57] "GET /assets/tokens.css HTTP/1.1" 200 -
[WebServer] ::1 - - [10/Oct/2026 12:31:57] "GET /assets/three-md.js?v=1.7.17 HTTP/1.1" 200 -
[WebServer] ::1 - - [10/Oct/2026 12:31:57] "GET /sample.3md HTTP/1.1" 200 -
  ✓  145 [webkit] › component.spec.mjs:571:3 › <three-md> component › map and layers keep every tile inside the stage on all edges (many tiles) (296ms)
[WebServer] ::1 - - [10/Oct/2026 12:31:57] "GET /embed-example.html HTTP/1.1" 200 -
[WebServer] ::1 - - [10/Oct/2026 12:31:57] "GET /assets/tokens.css HTTP/1.1" 200 -
[WebServer] ::1 - - [10/Oct/2026 12:31:57] "GET /assets/three-md.js?v=1.7.17 HTTP/1.1" 200 -
[WebServer] ::1 - - [10/Oct/2026 12:31:57] "GET /sample.3md HTTP/1.1" 200 -
  ✓  135 [webkit] › component.spec.mjs:383:3 › <three-md> component › a tap (pointer, no drag) on a cross-plane link navigates (3.5s)
[WebServer] ::1 - - [10/Oct/2026 12:31:57] "GET /embed-example.html HTTP/1.1" 200 -
[WebServer] ::1 - - [10/Oct/2026 12:31:57] "GET /assets/tokens.css HTTP/1.1" 200 -
[WebServer] ::1 - - [10/Oct/2026 12:31:57] "GET /assets/three-md.js?v=1.7.17 HTTP/1.1" 200 -
[WebServer] ::1 - - [10/Oct/2026 12:31:57] "GET /sample.3md HTTP/1.1" 200 -
  ✓  146 [webkit] › component.spec.mjs:598:3 › <three-md> component › map orbit is clamped so an extreme pose never spills a tile off the stage (283ms)
[WebServer] ::1 - - [10/Oct/2026 12:31:57] "GET /embed-example.html HTTP/1.1" 200 -
[WebServer] ::1 - - [10/Oct/2026 12:31:57] "GET /assets/tokens.css HTTP/1.1" 200 -
[WebServer] ::1 - - [10/Oct/2026 12:31:57] "GET /assets/three-md.js?v=1.7.17 HTTP/1.1" 200 -
[WebServer] ::1 - - [10/Oct/2026 12:31:57] "GET /sample.3md HTTP/1.1" 200 -
  ✓  148 [webkit] › component.spec.mjs:652:3 › <three-md> component › map: no-coordinate planes lay out in a clean non-overlapping grid (267ms)
[WebServer] ::1 - - [10/Oct/2026 12:32:01] "GET /embed-example.html HTTP/1.1" 200 -
[WebServer] ::1 - - [10/Oct/2026 12:32:01] "GET /assets/three-md.js?v=1.7.17 HTTP/1.1" 200 -
[WebServer] ::1 - - [10/Oct/2026 12:32:01] "GET /assets/tokens.css HTTP/1.1" 200 -
[WebServer] ::1 - - [10/Oct/2026 12:32:01] "GET /sample.3md HTTP/1.1" 200 -
  ✓  147 [webkit] › component.spec.mjs:623:3 › <three-md> component › map snaps coordinates to a non-overlapping grid (same x = column, same y = row) (3.6s)
[WebServer] ::1 - - [10/Oct/2026 12:32:01] "GET /embed-example.html HTTP/1.1" 200 -
[WebServer] ::1 - - [10/Oct/2026 12:32:01] "GET /assets/three-md.js?v=1.7.17 HTTP/1.1" 200 -
[WebServer] ::1 - - [10/Oct/2026 12:32:01] "GET /assets/tokens.css HTTP/1.1" 200 -
[WebServer] ::1 - - [10/Oct/2026 12:32:01] "GET /sample.3md HTTP/1.1" 200 -
  ✓  149 [webkit] › component.spec.mjs:672:3 › <three-md> component › map: the focused card pops to a larger readable size than the board tiles (3.5s)
[WebServer] ::1 - - [10/Oct/2026 12:32:04] "GET /embed-example.html HTTP/1.1" 200 -
[WebServer] ::1 - - [10/Oct/2026 12:32:04] "GET /assets/tokens.css HTTP/1.1" 200 -
[WebServer] ::1 - - [10/Oct/2026 12:32:04] "GET /assets/three-md.js?v=1.7.17 HTTP/1.1" 200 -
[WebServer] ::1 - - [10/Oct/2026 12:32:04] "GET /sample.3md HTTP/1.1" 200 -
  ✓  150 [webkit] › component.spec.mjs:689:3 › <three-md> component › map opens on a full-board overview (nothing forced open) until a tile is opened (3.6s)
[WebServer] ::1 - - [10/Oct/2026 12:32:05] "GET /embed-example.html HTTP/1.1" 200 -
[WebServer] ::1 - - [10/Oct/2026 12:32:05] "GET /assets/tokens.css HTTP/1.1" 200 -
[WebServer] ::1 - - [10/Oct/2026 12:32:05] "GET /assets/three-md.js?v=1.7.17 HTTP/1.1" 200 -
[WebServer] ::1 - - [10/Oct/2026 12:32:05] "GET /sample.3md HTTP/1.1" 200 -
  ✓  151 [webkit] › component.spec.mjs:711:3 › <three-md> component › map: partially-positioned planes (only x or only y) do not pile up (3.5s)
[WebServer] ::1 - - [10/Oct/2026 12:32:08] "GET /embed-example.html HTTP/1.1" 200 -
[WebServer] ::1 - - [10/Oct/2026 12:32:08] "GET /assets/tokens.css HTTP/1.1" 200 -
[WebServer] ::1 - - [10/Oct/2026 12:32:08] "GET /assets/three-md.js?v=1.7.17 HTTP/1.1" 200 -
[WebServer] ::1 - - [10/Oct/2026 12:32:08] "GET /sample.3md HTTP/1.1" 200 -
  ✓  152 [webkit] › component.spec.mjs:728:3 › <three-md> component › map: unpositioned planes do not collapse onto explicit (0,0) (3.6s)
[WebServer] ::1 - - [10/Oct/2026 12:32:08] "GET /embed-example.html HTTP/1.1" 200 -
[WebServer] ::1 - - [10/Oct/2026 12:32:08] "GET /assets/tokens.css HTTP/1.1" 200 -
[WebServer] ::1 - - [10/Oct/2026 12:32:08] "GET /assets/three-md.js?v=1.7.17 HTTP/1.1" 200 -
[WebServer] ::1 - - [10/Oct/2026 12:32:08] "GET /sample.3md HTTP/1.1" 200 -
[WebServer] ::1 - - [10/Oct/2026 12:32:08] "GET /all-examples.json HTTP/1.1" 200 -
  ✓  153 [webkit] › examples-coverage.spec.mjs:8:1 › the component renders every gallery example cleanly (6.5s)
[WebServer] ::1 - - [10/Oct/2026 12:32:11] "GET /index.html HTTP/1.1" 200 -
[WebServer] ::1 - - [10/Oct/2026 12:32:11] "GET /assets/tokens.css HTTP/1.1" 200 -
[WebServer] ::1 - - [10/Oct/2026 12:32:11] "GET /assets/theme.js HTTP/1.1" 200 -
[WebServer] ::1 - - [10/Oct/2026 12:32:11] "GET /assets/three-md.js?v=1.7.17 HTTP/1.1" 200 -
[WebServer] ::1 - - [10/Oct/2026 12:32:11] "GET /index.html HTTP/1.1" 200 -
[WebServer] ::1 - - [10/Oct/2026 12:32:11] "GET /assets/tokens.css HTTP/1.1" 200 -
[WebServer] ::1 - - [10/Oct/2026 12:32:11] "GET /assets/theme.js HTTP/1.1" 200 -
[WebServer] ::1 - - [10/Oct/2026 12:32:11] "GET /assets/three-md.js?v=1.7.17 HTTP/1.1" 200 -
[WebServer] ::1 - - [10/Oct/2026 12:32:12] "GET /all-examples.json HTTP/1.1" 200 -
[WebServer] ::1 - - [10/Oct/2026 12:32:12] "GET /all-examples.json HTTP/1.1" 200 -
  ✓  154 [webkit] › lab.spec.mjs:59:3 › lab demo (index.html, backed by <three-md>) › renders via the component with no console errors (3.9s)
[WebServer] ::1 - - [10/Oct/2026 12:32:12] "GET /index.html HTTP/1.1" 200 -
[WebServer] ::1 - - [10/Oct/2026 12:32:12] "GET /assets/tokens.css HTTP/1.1" 200 -
[WebServer] ::1 - - [10/Oct/2026 12:32:12] "GET /assets/three-md.js?v=1.7.17 HTTP/1.1" 200 -
[WebServer] ::1 - - [10/Oct/2026 12:32:12] "GET /assets/theme.js HTTP/1.1" 200 -
[WebServer] ::1 - - [10/Oct/2026 12:32:12] "GET /all-examples.json HTTP/1.1" 200 -
  ✓  155 [webkit] › lab.spec.mjs:69:3 › lab demo (index.html, backed by <three-md>) › focused plane is frontmost across the scrubber (1.2s)
[WebServer] ::1 - - [10/Oct/2026 12:32:13] "GET /index.html HTTP/1.1" 200 -
[WebServer] ::1 - - [10/Oct/2026 12:32:13] "GET /assets/tokens.css HTTP/1.1" 200 -
[WebServer] ::1 - - [10/Oct/2026 12:32:13] "GET /assets/theme.js HTTP/1.1" 200 -
[WebServer] ::1 - - [10/Oct/2026 12:32:13] "GET /assets/three-md.js?v=1.7.17 HTTP/1.1" 200 -
[WebServer] ::1 - - [10/Oct/2026 12:32:13] "GET /all-examples.json HTTP/1.1" 200 -
[WebServer] ::1 - - [10/Oct/2026 12:32:13] "GET /index.html HTTP/1.1" 200 -
[WebServer] ::1 - - [10/Oct/2026 12:32:13] "GET /all-examples.json HTTP/1.1" 200 -
[WebServer] ::1 - - [10/Oct/2026 12:32:13] "GET /index.html HTTP/1.1" 200 -
[WebServer] ::1 - - [10/Oct/2026 12:32:13] "GET /all-examples.json HTTP/1.1" 200 -
[WebServer] ::1 - - [10/Oct/2026 12:32:13] "GET /index.html HTTP/1.1" 200 -
[WebServer] ::1 - - [10/Oct/2026 12:32:13] "GET /all-examples.json HTTP/1.1" 200 -
[WebServer] ::1 - - [10/Oct/2026 12:32:13] "GET /index.html HTTP/1.1" 200 -
[WebServer] ::1 - - [10/Oct/2026 12:32:13] "GET /all-examples.json HTTP/1.1" 200 -
  ✓  157 [webkit] › lab.spec.mjs:92:3 › lab demo (index.html, backed by <three-md>) › no horizontal overflow from 320px to 1440px (864ms)
[WebServer] ::1 - - [10/Oct/2026 12:32:13] "GET /index.html HTTP/1.1" 200 -
[WebServer] ::1 - - [10/Oct/2026 12:32:13] "GET /assets/tokens.css HTTP/1.1" 200 -
[WebServer] ::1 - - [10/Oct/2026 12:32:13] "GET /assets/theme.js HTTP/1.1" 200 -
[WebServer] ::1 - - [10/Oct/2026 12:32:13] "GET /assets/three-md.js?v=1.7.17 HTTP/1.1" 200 -
[WebServer] ::1 - - [10/Oct/2026 12:32:14] "GET /all-examples.json HTTP/1.1" 200 -
  ✓  158 [webkit] › lab.spec.mjs:102:3 › lab demo (index.html, backed by <three-md>) › stepping the component highlights the synced source (984ms)
[WebServer] ::1 - - [10/Oct/2026 12:32:14] "GET /index.html HTTP/1.1" 200 -
[WebServer] ::1 - - [10/Oct/2026 12:32:14] "GET /assets/tokens.css HTTP/1.1" 200 -
[WebServer] ::1 - - [10/Oct/2026 12:32:14] "GET /assets/theme.js HTTP/1.1" 200 -
[WebServer] ::1 - - [10/Oct/2026 12:32:14] "GET /assets/three-md.js?v=1.7.17 HTTP/1.1" 200 -
[WebServer] ::1 - - [10/Oct/2026 12:32:15] "GET /all-examples.json HTTP/1.1" 200 -
  ✓  156 [webkit] › lab.spec.mjs:75:3 › lab demo (index.html, backed by <three-md>) › every axis tab loads, scrubs cleanly, and syncs the source panel (4.7s)
[WebServer] ::1 - - [10/Oct/2026 12:32:17] "GET /index.html HTTP/1.1" 200 -
[WebServer] ::1 - - [10/Oct/2026 12:32:17] "GET /assets/tokens.css HTTP/1.1" 200 -
[WebServer] ::1 - - [10/Oct/2026 12:32:17] "GET /assets/theme.js HTTP/1.1" 200 -
[WebServer] ::1 - - [10/Oct/2026 12:32:17] "GET /assets/three-md.js?v=1.7.17 HTTP/1.1" 200 -
[WebServer] ::1 - - [10/Oct/2026 12:32:17] "GET /all-examples.json HTTP/1.1" 200 -
  ✓  159 [webkit] › robustness.spec.mjs:37:3 › robustness (no degradation under heavy use) › no rAF-loop accumulation after switching tabs many times (4.3s)
[WebServer] ::1 - - [10/Oct/2026 12:32:19] "GET /index.html HTTP/1.1" 200 -
[WebServer] ::1 - - [10/Oct/2026 12:32:19] "GET /assets/tokens.css HTTP/1.1" 200 -
[WebServer] ::1 - - [10/Oct/2026 12:32:19] "GET /assets/theme.js HTTP/1.1" 200 -
[WebServer] ::1 - - [10/Oct/2026 12:32:19] "GET /assets/three-md.js?v=1.7.17 HTTP/1.1" 200 -
[WebServer] ::1 - - [10/Oct/2026 12:32:19] "GET /all-examples.json HTTP/1.1" 200 -
  ✓  160 [webkit] › robustness.spec.mjs:65:3 › robustness (no degradation under heavy use) › DOM does not grow and the renderer stays correct after heavy use (3.9s)
  ✓  161 [webkit] › robustness.spec.mjs:95:3 › robustness (no degradation under heavy use) › rapid play/pause and scrub leave no timers or errors (2.2s)
[WebServer] ::1 - - [10/Oct/2026 12:32:21] "GET /index.html?theme=dark HTTP/1.1" 200 -
[WebServer] ::1 - - [10/Oct/2026 12:32:21] "GET /assets/tokens.css HTTP/1.1" 200 -
[WebServer] ::1 - - [10/Oct/2026 12:32:21] "GET /assets/theme.js HTTP/1.1" 200 -
[WebServer] ::1 - - [10/Oct/2026 12:32:21] "GET /assets/three-md.js?v=1.7.17 HTTP/1.1" 200 -
[WebServer] ::1 - - [10/Oct/2026 12:32:21] "GET /index.html?theme=dark HTTP/1.1" 200 -
[WebServer] ::1 - - [10/Oct/2026 12:32:21] "GET /assets/tokens.css HTTP/1.1" 200 -
[WebServer] ::1 - - [10/Oct/2026 12:32:21] "GET /assets/theme.js HTTP/1.1" 200 -
[WebServer] ::1 - - [10/Oct/2026 12:32:21] "GET /assets/three-md.js?v=1.7.17 HTTP/1.1" 200 -
[WebServer] ::1 - - [10/Oct/2026 12:32:21] "GET /all-examples.json HTTP/1.1" 200 -
[WebServer] ::1 - - [10/Oct/2026 12:32:21] "GET /all-examples.json HTTP/1.1" 200 -
  ✓  162 [webkit] › snapshots.spec.mjs:37:3 › stage snapshot: stack (1.1s)
  ✓  163 [webkit] › snapshots.spec.mjs:37:3 › stage snapshot: layers (1.1s)
[WebServer] ::1 - - [10/Oct/2026 12:32:22] "GET /index.html?theme=dark HTTP/1.1" 200 -
[WebServer] ::1 - - [10/Oct/2026 12:32:22] "GET /assets/tokens.css HTTP/1.1" 200 -
[WebServer] ::1 - - [10/Oct/2026 12:32:22] "GET /assets/theme.js HTTP/1.1" 200 -
[WebServer] ::1 - - [10/Oct/2026 12:32:22] "GET /assets/three-md.js?v=1.7.17 HTTP/1.1" 200 -
[WebServer] ::1 - - [10/Oct/2026 12:32:22] "GET /index.html?theme=dark HTTP/1.1" 200 -
[WebServer] ::1 - - [10/Oct/2026 12:32:22] "GET /assets/tokens.css HTTP/1.1" 200 -
[WebServer] ::1 - - [10/Oct/2026 12:32:22] "GET /assets/theme.js HTTP/1.1" 200 -
[WebServer] ::1 - - [10/Oct/2026 12:32:22] "GET /assets/three-md.js?v=1.7.17 HTTP/1.1" 200 -
[WebServer] ::1 - - [10/Oct/2026 12:32:22] "GET /all-examples.json HTTP/1.1" 200 -
[WebServer] ::1 - - [10/Oct/2026 12:32:22] "GET /all-examples.json HTTP/1.1" 200 -
  ✓  164 [webkit] › snapshots.spec.mjs:37:3 › stage snapshot: scene (1.0s)
  ✓  165 [webkit] › snapshots.spec.mjs:37:3 › stage snapshot: present (1.0s)
[WebServer] ::1 - - [10/Oct/2026 12:32:23] "GET /viewer.html HTTP/1.1" 200 -
[WebServer] ::1 - - [10/Oct/2026 12:32:23] "GET /assets/tokens.css HTTP/1.1" 200 -
[WebServer] ::1 - - [10/Oct/2026 12:32:23] "GET /assets/theme.js HTTP/1.1" 200 -
[WebServer] ::1 - - [10/Oct/2026 12:32:23] "GET /assets/three-md.js?v=1.7.17 HTTP/1.1" 200 -
[WebServer] ::1 - - [10/Oct/2026 12:32:23] "GET /assets/open-document.js?v=3 HTTP/1.1" 200 -
[WebServer] ::1 - - [10/Oct/2026 12:32:23] "GET /all-examples.json HTTP/1.1" 200 -
[WebServer] ::1 - - [10/Oct/2026 12:32:23] "GET /gallery-data.json HTTP/1.1" 200 -
[WebServer] ::1 - - [10/Oct/2026 12:32:23] "GET /nested-examples.json HTTP/1.1" 200 -
[WebServer] ::1 - - [10/Oct/2026 12:32:23] "GET /binary-samples.json HTTP/1.1" 200 -
[WebServer] ::1 - - [10/Oct/2026 12:32:23] "GET /viewer.html HTTP/1.1" 200 -
[WebServer] ::1 - - [10/Oct/2026 12:32:23] "GET /assets/tokens.css HTTP/1.1" 200 -
[WebServer] ::1 - - [10/Oct/2026 12:32:23] "GET /assets/theme.js HTTP/1.1" 200 -
[WebServer] ::1 - - [10/Oct/2026 12:32:23] "GET /assets/three-md.js?v=1.7.17 HTTP/1.1" 200 -
[WebServer] ::1 - - [10/Oct/2026 12:32:23] "GET /assets/open-document.js?v=3 HTTP/1.1" 200 -
[WebServer] ::1 - - [10/Oct/2026 12:32:23] "GET /gallery-data.json HTTP/1.1" 200 -
[WebServer] ::1 - - [10/Oct/2026 12:32:23] "GET /all-examples.json HTTP/1.1" 200 -
[WebServer] ::1 - - [10/Oct/2026 12:32:23] "GET /nested-examples.json HTTP/1.1" 200 -
[WebServer] ::1 - - [10/Oct/2026 12:32:23] "GET /binary-samples.json HTTP/1.1" 200 -
  ✓  166 [webkit] › viewer.spec.mjs:34:3 › viewer & editor (viewer.html) › opening the page shows lit cubes in the window (588ms)
[WebServer] ::1 - - [10/Oct/2026 12:32:23] "GET /viewer.html HTTP/1.1" 200 -
[WebServer] ::1 - - [10/Oct/2026 12:32:23] "GET /assets/tokens.css HTTP/1.1" 200 -
[WebServer] ::1 - - [10/Oct/2026 12:32:23] "GET /assets/three-md.js?v=1.7.17 HTTP/1.1" 200 -
[WebServer] ::1 - - [10/Oct/2026 12:32:23] "GET /assets/theme.js HTTP/1.1" 200 -
[WebServer] ::1 - - [10/Oct/2026 12:32:23] "GET /assets/open-document.js?v=3 HTTP/1.1" 200 -
[WebServer] ::1 - - [10/Oct/2026 12:32:23] "GET /nested-examples.json HTTP/1.1" 200 -
[WebServer] ::1 - - [10/Oct/2026 12:32:23] "GET /gallery-data.json HTTP/1.1" 200 -
[WebServer] ::1 - - [10/Oct/2026 12:32:23] "GET /all-examples.json HTTP/1.1" 200 -
[WebServer] ::1 - - [10/Oct/2026 12:32:23] "GET /binary-samples.json HTTP/1.1" 200 -
  ✓  167 [webkit] › viewer.spec.mjs:78:3 › viewer & editor (viewer.html) › one cell has filled faces from every side, with gold edges and glyph fill (806ms)
  ✓  168 [webkit] › viewer.spec.mjs:152:3 › viewer & editor (viewer.html) › clicking a visible cube picks its Z slice and blank stage does not (646ms)
[WebServer] ::1 - - [10/Oct/2026 12:32:24] "GET /viewer.html HTTP/1.1" 200 -
[WebServer] ::1 - - [10/Oct/2026 12:32:24] "GET /assets/tokens.css HTTP/1.1" 200 -
[WebServer] ::1 - - [10/Oct/2026 12:32:24] "GET /assets/theme.js HTTP/1.1" 200 -
[WebServer] ::1 - - [10/Oct/2026 12:32:24] "GET /assets/three-md.js?v=1.7.17 HTTP/1.1" 200 -
[WebServer] ::1 - - [10/Oct/2026 12:32:24] "GET /assets/open-document.js?v=3 HTTP/1.1" 200 -
[WebServer] ::1 - - [10/Oct/2026 12:32:24] "GET /gallery-data.json HTTP/1.1" 200 -
[WebServer] ::1 - - [10/Oct/2026 12:32:24] "GET /all-examples.json HTTP/1.1" 200 -
[WebServer] ::1 - - [10/Oct/2026 12:32:24] "GET /binary-samples.json HTTP/1.1" 200 -
[WebServer] ::1 - - [10/Oct/2026 12:32:24] "GET /nested-examples.json HTTP/1.1" 200 -
[WebServer] ::1 - - [10/Oct/2026 12:32:24] "GET /viewer.html HTTP/1.1" 200 -
[WebServer] ::1 - - [10/Oct/2026 12:32:24] "GET /assets/tokens.css HTTP/1.1" 200 -
[WebServer] ::1 - - [10/Oct/2026 12:32:24] "GET /assets/three-md.js?v=1.7.17 HTTP/1.1" 200 -
[WebServer] ::1 - - [10/Oct/2026 12:32:24] "GET /assets/open-document.js?v=3 HTTP/1.1" 200 -
[WebServer] ::1 - - [10/Oct/2026 12:32:24] "GET /assets/theme.js HTTP/1.1" 200 -
[WebServer] ::1 - - [10/Oct/2026 12:32:24] "GET /gallery-data.json HTTP/1.1" 200 -
[WebServer] ::1 - - [10/Oct/2026 12:32:24] "GET /all-examples.json HTTP/1.1" 200 -
[WebServer] ::1 - - [10/Oct/2026 12:32:24] "GET /binary-samples.json HTTP/1.1" 200 -
[WebServer] ::1 - - [10/Oct/2026 12:32:24] "GET /nested-examples.json HTTP/1.1" 200 -
  ✓  169 [webkit] › viewer.spec.mjs:165:3 › viewer & editor (viewer.html) › renders the starter document with no console errors (583ms)
[WebServer] ::1 - - [10/Oct/2026 12:32:24] "GET /viewer.html HTTP/1.1" 200 -
[WebServer] ::1 - - [10/Oct/2026 12:32:24] "GET /assets/tokens.css HTTP/1.1" 200 -
[WebServer] ::1 - - [10/Oct/2026 12:32:24] "GET /assets/theme.js HTTP/1.1" 200 -
[WebServer] ::1 - - [10/Oct/2026 12:32:24] "GET /assets/three-md.js?v=1.7.17 HTTP/1.1" 200 -
[WebServer] ::1 - - [10/Oct/2026 12:32:24] "GET /assets/open-document.js?v=3 HTTP/1.1" 200 -
[WebServer] ::1 - - [10/Oct/2026 12:32:24] "GET /all-examples.json HTTP/1.1" 200 -
[WebServer] ::1 - - [10/Oct/2026 12:32:24] "GET /gallery-data.json HTTP/1.1" 200 -
[WebServer] ::1 - - [10/Oct/2026 12:32:24] "GET /nested-examples.json HTTP/1.1" 200 -
[WebServer] ::1 - - [10/Oct/2026 12:32:24] "GET /binary-samples.json HTTP/1.1" 200 -
  ✓  170 [webkit] › viewer.spec.mjs:176:3 › viewer & editor (viewer.html) › editing the source re-renders live (981ms)
[WebServer] ::1 - - [10/Oct/2026 12:32:25] "GET /viewer.html HTTP/1.1" 200 -
[WebServer] ::1 - - [10/Oct/2026 12:32:25] "GET /assets/tokens.css HTTP/1.1" 200 -
[WebServer] ::1 - - [10/Oct/2026 12:32:25] "GET /assets/theme.js HTTP/1.1" 200 -
[WebServer] ::1 - - [10/Oct/2026 12:32:25] "GET /assets/three-md.js?v=1.7.17 HTTP/1.1" 200 -
[WebServer] ::1 - - [10/Oct/2026 12:32:25] "GET /assets/open-document.js?v=3 HTTP/1.1" 200 -
[WebServer] ::1 - - [10/Oct/2026 12:32:25] "GET /gallery-data.json HTTP/1.1" 200 -
[WebServer] ::1 - - [10/Oct/2026 12:32:25] "GET /nested-examples.json HTTP/1.1" 200 -
[WebServer] ::1 - - [10/Oct/2026 12:32:25] "GET /binary-samples.json HTTP/1.1" 200 -
[WebServer] ::1 - - [10/Oct/2026 12:32:25] "GET /all-examples.json HTTP/1.1" 200 -
  ✓  171 [webkit] › viewer.spec.mjs:190:3 › viewer & editor (viewer.html) › invalid 3md shows an error without crashing (1.0s)
[WebServer] ::1 - - [10/Oct/2026 12:32:25] "GET /viewer.html HTTP/1.1" 200 -
[WebServer] ::1 - - [10/Oct/2026 12:32:25] "GET /assets/tokens.css HTTP/1.1" 200 -
[WebServer] ::1 - - [10/Oct/2026 12:32:25] "GET /assets/theme.js HTTP/1.1" 200 -
[WebServer] ::1 - - [10/Oct/2026 12:32:25] "GET /assets/three-md.js?v=1.7.17 HTTP/1.1" 200 -
[WebServer] ::1 - - [10/Oct/2026 12:32:25] "GET /assets/open-document.js?v=3 HTTP/1.1" 200 -
[WebServer] ::1 - - [10/Oct/2026 12:32:26] "GET /gallery-data.json HTTP/1.1" 200 -
[WebServer] ::1 - - [10/Oct/2026 12:32:26] "GET /all-examples.json HTTP/1.1" 200 -
[WebServer] ::1 - - [10/Oct/2026 12:32:26] "GET /binary-samples.json HTTP/1.1" 200 -
[WebServer] ::1 - - [10/Oct/2026 12:32:26] "GET /nested-examples.json HTTP/1.1" 200 -
  ✓  172 [webkit] › viewer.spec.mjs:204:3 › viewer & editor (viewer.html) › loading an example populates the editor and viewer (1.1s)
  ✓  173 [webkit] › viewer.spec.mjs:218:3 › viewer & editor (viewer.html) › editor highlights syntax and numbers every line (703ms)
[WebServer] ::1 - - [10/Oct/2026 12:32:26] "GET /viewer.html HTTP/1.1" 200 -
[WebServer] ::1 - - [10/Oct/2026 12:32:26] "GET /assets/tokens.css HTTP/1.1" 200 -
[WebServer] ::1 - - [10/Oct/2026 12:32:26] "GET /assets/theme.js HTTP/1.1" 200 -
[WebServer] ::1 - - [10/Oct/2026 12:32:26] "GET /assets/three-md.js?v=1.7.17 HTTP/1.1" 200 -
[WebServer] ::1 - - [10/Oct/2026 12:32:26] "GET /assets/open-document.js?v=3 HTTP/1.1" 200 -
[WebServer] ::1 - - [10/Oct/2026 12:32:26] "GET /gallery-data.json HTTP/1.1" 200 -
[WebServer] ::1 - - [10/Oct/2026 12:32:26] "GET /nested-examples.json HTTP/1.1" 200 -
[WebServer] ::1 - - [10/Oct/2026 12:32:26] "GET /all-examples.json HTTP/1.1" 200 -
[WebServer] ::1 - - [10/Oct/2026 12:32:26] "GET /binary-samples.json HTTP/1.1" 200 -
[WebServer] ::1 - - [10/Oct/2026 12:32:26] "GET /viewer.html HTTP/1.1" 200 -
[WebServer] ::1 - - [10/Oct/2026 12:32:26] "GET /assets/tokens.css HTTP/1.1" 200 -
[WebServer] ::1 - - [10/Oct/2026 12:32:26] "GET /assets/theme.js HTTP/1.1" 200 -
[WebServer] ::1 - - [10/Oct/2026 12:32:26] "GET /assets/three-md.js?v=1.7.17 HTTP/1.1" 200 -
[WebServer] ::1 - - [10/Oct/2026 12:32:26] "GET /assets/open-document.js?v=3 HTTP/1.1" 200 -
[WebServer] ::1 - - [10/Oct/2026 12:32:26] "GET /gallery-data.json HTTP/1.1" 200 -
[WebServer] ::1 - - [10/Oct/2026 12:32:26] "GET /all-examples.json HTTP/1.1" 200 -
[WebServer] ::1 - - [10/Oct/2026 12:32:26] "GET /nested-examples.json HTTP/1.1" 200 -
[WebServer] ::1 - - [10/Oct/2026 12:32:26] "GET /binary-samples.json HTTP/1.1" 200 -
  ✓  174 [webkit] › viewer.spec.mjs:246:3 › viewer & editor (viewer.html) › Tab indents and Enter continues a list (671ms)
[WebServer] ::1 - - [10/Oct/2026 12:32:27] "GET /viewer.html HTTP/1.1" 200 -
[WebServer] ::1 - - [10/Oct/2026 12:32:27] "GET /assets/tokens.css HTTP/1.1" 200 -
  ✓  175 [webkit] › viewer.spec.mjs:262:3 › viewer & editor (viewer.html) › clicking a plane outline chip focuses that plane (866ms)
[WebServer] ::1 - - [10/Oct/2026 12:32:27] "GET /assets/theme.js HTTP/1.1" 200 -
[WebServer] ::1 - - [10/Oct/2026 12:32:27] "GET /assets/three-md.js?v=1.7.17 HTTP/1.1" 200 -
[WebServer] ::1 - - [10/Oct/2026 12:32:27] "GET /assets/open-document.js?v=3 HTTP/1.1" 200 -
[WebServer] ::1 - - [10/Oct/2026 12:32:27] "GET /gallery-data.json HTTP/1.1" 200 -
[WebServer] ::1 - - [10/Oct/2026 12:32:27] "GET /all-examples.json HTTP/1.1" 200 -
[WebServer] ::1 - - [10/Oct/2026 12:32:27] "GET /binary-samples.json HTTP/1.1" 200 -
[WebServer] ::1 - - [10/Oct/2026 12:32:27] "GET /nested-examples.json HTTP/1.1" 200 -
[WebServer] ::1 - - [10/Oct/2026 12:32:27] "GET /viewer.html HTTP/1.1" 200 -
[WebServer] ::1 - - [10/Oct/2026 12:32:27] "GET /assets/tokens.css HTTP/1.1" 200 -
[WebServer] ::1 - - [10/Oct/2026 12:32:27] "GET /assets/theme.js HTTP/1.1" 200 -
[WebServer] ::1 - - [10/Oct/2026 12:32:27] "GET /assets/three-md.js?v=1.7.17 HTTP/1.1" 200 -
[WebServer] ::1 - - [10/Oct/2026 12:32:27] "GET /assets/open-document.js?v=3 HTTP/1.1" 200 -
[WebServer] ::1 - - [10/Oct/2026 12:32:27] "GET /all-examples.json HTTP/1.1" 200 -
[WebServer] ::1 - - [10/Oct/2026 12:32:27] "GET /binary-samples.json HTTP/1.1" 200 -
[WebServer] ::1 - - [10/Oct/2026 12:32:27] "GET /gallery-data.json HTTP/1.1" 200 -
[WebServer] ::1 - - [10/Oct/2026 12:32:27] "GET /nested-examples.json HTTP/1.1" 200 -
  ✓  176 [webkit] › viewer.spec.mjs:273:3 › viewer & editor (viewer.html) › the highlight backdrop scrolls with the textarea (tall document) (670ms)
[WebServer] ::1 - - [10/Oct/2026 12:32:28] "GET /viewer.html HTTP/1.1" 200 -
[WebServer] ::1 - - [10/Oct/2026 12:32:28] "GET /assets/tokens.css HTTP/1.1" 200 -
[WebServer] ::1 - - [10/Oct/2026 12:32:28] "GET /assets/theme.js HTTP/1.1" 200 -
[WebServer] ::1 - - [10/Oct/2026 12:32:28] "GET /assets/three-md.js?v=1.7.17 HTTP/1.1" 200 -
[WebServer] ::1 - - [10/Oct/2026 12:32:28] "GET /assets/open-document.js?v=3 HTTP/1.1" 200 -
[WebServer] ::1 - - [10/Oct/2026 12:32:28] "GET /all-examples.json HTTP/1.1" 200 -
[WebServer] ::1 - - [10/Oct/2026 12:32:28] "GET /gallery-data.json HTTP/1.1" 200 -
[WebServer] ::1 - - [10/Oct/2026 12:32:28] "GET /nested-examples.json HTTP/1.1" 200 -
[WebServer] ::1 - - [10/Oct/2026 12:32:28] "GET /binary-samples.json HTTP/1.1" 200 -
  ✓  177 [webkit] › viewer.spec.mjs:290:3 › viewer & editor (viewer.html) › smart-key edits are undoable and never corrupt the buffer (845ms)
[WebServer] ::1 - - [10/Oct/2026 12:32:28] "GET /viewer.html HTTP/1.1" 200 -
[WebServer] ::1 - - [10/Oct/2026 12:32:28] "GET /assets/tokens.css HTTP/1.1" 200 -
[WebServer] ::1 - - [10/Oct/2026 12:32:28] "GET /assets/theme.js HTTP/1.1" 200 -
[WebServer] ::1 - - [10/Oct/2026 12:32:28] "GET /assets/three-md.js?v=1.7.17 HTTP/1.1" 200 -
[WebServer] ::1 - - [10/Oct/2026 12:32:28] "GET /assets/open-document.js?v=3 HTTP/1.1" 200 -
[WebServer] ::1 - - [10/Oct/2026 12:32:28] "GET /gallery-data.json HTTP/1.1" 200 -
[WebServer] ::1 - - [10/Oct/2026 12:32:28] "GET /all-examples.json HTTP/1.1" 200 -
[WebServer] ::1 - - [10/Oct/2026 12:32:28] "GET /nested-examples.json HTTP/1.1" 200 -
[WebServer] ::1 - - [10/Oct/2026 12:32:28] "GET /binary-samples.json HTTP/1.1" 200 -
  ✓  178 [webkit] › viewer.spec.mjs:311:3 › viewer & editor (viewer.html) › validity state is machine-readable via data attributes (898ms)
  ✓  179 [webkit] › viewer.spec.mjs:337:3 › viewer & editor (viewer.html) › Tab does not trap keyboard focus (Esc then Tab leaves the editor) (644ms)
[WebServer] ::1 - - [10/Oct/2026 12:32:28] "GET /viewer.html HTTP/1.1" 200 -
[WebServer] ::1 - - [10/Oct/2026 12:32:28] "GET /assets/tokens.css HTTP/1.1" 200 -
[WebServer] ::1 - - [10/Oct/2026 12:32:28] "GET /assets/three-md.js?v=1.7.17 HTTP/1.1" 200 -
[WebServer] ::1 - - [10/Oct/2026 12:32:28] "GET /assets/theme.js HTTP/1.1" 200 -
[WebServer] ::1 - - [10/Oct/2026 12:32:28] "GET /assets/open-document.js?v=3 HTTP/1.1" 200 -
[WebServer] ::1 - - [10/Oct/2026 12:32:28] "GET /all-examples.json HTTP/1.1" 200 -
[WebServer] ::1 - - [10/Oct/2026 12:32:28] "GET /gallery-data.json HTTP/1.1" 200 -
[WebServer] ::1 - - [10/Oct/2026 12:32:28] "GET /binary-samples.json HTTP/1.1" 200 -
[WebServer] ::1 - - [10/Oct/2026 12:32:28] "GET /nested-examples.json HTTP/1.1" 200 -
[WebServer] ::1 - - [10/Oct/2026 12:32:29] "GET /viewer.html HTTP/1.1" 200 -
[WebServer] ::1 - - [10/Oct/2026 12:32:29] "GET /assets/tokens.css HTTP/1.1" 200 -
[WebServer] ::1 - - [10/Oct/2026 12:32:29] "GET /assets/theme.js HTTP/1.1" 200 -
[WebServer] ::1 - - [10/Oct/2026 12:32:29] "GET /assets/three-md.js?v=1.7.17 HTTP/1.1" 200 -
[WebServer] ::1 - - [10/Oct/2026 12:32:29] "GET /assets/open-document.js?v=3 HTTP/1.1" 200 -
[WebServer] ::1 - - [10/Oct/2026 12:32:29] "GET /gallery-data.json HTTP/1.1" 200 -
[WebServer] ::1 - - [10/Oct/2026 12:32:29] "GET /all-examples.json HTTP/1.1" 200 -
[WebServer] ::1 - - [10/Oct/2026 12:32:29] "GET /nested-examples.json HTTP/1.1" 200 -
[WebServer] ::1 - - [10/Oct/2026 12:32:29] "GET /binary-samples.json HTTP/1.1" 200 -
  ✓  180 [webkit] › viewer.spec.mjs:351:3 › viewer & editor (viewer.html) › agent API validates and reports structured state (612ms)
  ✓  181 [webkit] › viewer.spec.mjs:364:3 › viewer & editor (viewer.html) › validate(src) is side-effect-free and reports the error code (626ms)
[WebServer] ::1 - - [10/Oct/2026 12:32:29] "GET /viewer.html HTTP/1.1" 200 -
[WebServer] ::1 - - [10/Oct/2026 12:32:29] "GET /assets/tokens.css HTTP/1.1" 200 -
[WebServer] ::1 - - [10/Oct/2026 12:32:29] "GET /assets/theme.js HTTP/1.1" 200 -
[WebServer] ::1 - - [10/Oct/2026 12:32:29] "GET /assets/three-md.js?v=1.7.17 HTTP/1.1" 200 -
[WebServer] ::1 - - [10/Oct/2026 12:32:29] "GET /assets/open-document.js?v=3 HTTP/1.1" 200 -
[WebServer] ::1 - - [10/Oct/2026 12:32:29] "GET /gallery-data.json HTTP/1.1" 200 -
[WebServer] ::1 - - [10/Oct/2026 12:32:29] "GET /binary-samples.json HTTP/1.1" 200 -
[WebServer] ::1 - - [10/Oct/2026 12:32:29] "GET /all-examples.json HTTP/1.1" 200 -
[WebServer] ::1 - - [10/Oct/2026 12:32:29] "GET /nested-examples.json HTTP/1.1" 200 -
[WebServer] ::1 - - [10/Oct/2026 12:32:29] "GET /viewer.html HTTP/1.1" 200 -
[WebServer] ::1 - - [10/Oct/2026 12:32:29] "GET /assets/tokens.css HTTP/1.1" 200 -
[WebServer] ::1 - - [10/Oct/2026 12:32:29] "GET /assets/theme.js HTTP/1.1" 200 -
[WebServer] ::1 - - [10/Oct/2026 12:32:29] "GET /assets/three-md.js?v=1.7.17 HTTP/1.1" 200 -
[WebServer] ::1 - - [10/Oct/2026 12:32:29] "GET /assets/open-document.js?v=3 HTTP/1.1" 200 -
[WebServer] ::1 - - [10/Oct/2026 12:32:29] "GET /all-examples.json HTTP/1.1" 200 -
[WebServer] ::1 - - [10/Oct/2026 12:32:29] "GET /gallery-data.json HTTP/1.1" 200 -
[WebServer] ::1 - - [10/Oct/2026 12:32:29] "GET /binary-samples.json HTTP/1.1" 200 -
[WebServer] ::1 - - [10/Oct/2026 12:32:29] "GET /nested-examples.json HTTP/1.1" 200 -
  ✓  182 [webkit] › viewer.spec.mjs:380:3 › viewer & editor (viewer.html) › repository search opens the 24-generation Conway document (1.0s)
[WebServer] ::1 - - [10/Oct/2026 12:32:30] "GET /viewer.html HTTP/1.1" 200 -
[WebServer] ::1 - - [10/Oct/2026 12:32:30] "GET /assets/tokens.css HTTP/1.1" 200 -
[WebServer] ::1 - - [10/Oct/2026 12:32:30] "GET /assets/three-md.js?v=1.7.17 HTTP/1.1" 200 -
[WebServer] ::1 - - [10/Oct/2026 12:32:30] "GET /assets/theme.js HTTP/1.1" 200 -
[WebServer] ::1 - - [10/Oct/2026 12:32:30] "GET /assets/open-document.js?v=3 HTTP/1.1" 200 -
  ✓  183 [webkit] › viewer.spec.mjs:395:3 › viewer & editor (viewer.html) › kind 2 canopy opens as text in the element (1.1s)
[WebServer] ::1 - - [10/Oct/2026 12:32:30] "GET /gallery-data.json HTTP/1.1" 200 -
[WebServer] ::1 - - [10/Oct/2026 12:32:30] "GET /all-examples.json HTTP/1.1" 200 -
[WebServer] ::1 - - [10/Oct/2026 12:32:30] "GET /nested-examples.json HTTP/1.1" 200 -
[WebServer] ::1 - - [10/Oct/2026 12:32:30] "GET /binary-samples.json HTTP/1.1" 200 -
[WebServer] ::1 - - [10/Oct/2026 12:32:30] "GET /viewer.html HTTP/1.1" 200 -
[WebServer] ::1 - - [10/Oct/2026 12:32:30] "GET /assets/tokens.css HTTP/1.1" 200 -
[WebServer] ::1 - - [10/Oct/2026 12:32:30] "GET /assets/three-md.js?v=1.7.17 HTTP/1.1" 200 -
[WebServer] ::1 - - [10/Oct/2026 12:32:30] "GET /assets/theme.js HTTP/1.1" 200 -
[WebServer] ::1 - - [10/Oct/2026 12:32:30] "GET /assets/open-document.js?v=3 HTTP/1.1" 200 -
[WebServer] ::1 - - [10/Oct/2026 12:32:30] "GET /nested-examples.json HTTP/1.1" 200 -
[WebServer] ::1 - - [10/Oct/2026 12:32:30] "GET /gallery-data.json HTTP/1.1" 200 -
[WebServer] ::1 - - [10/Oct/2026 12:32:30] "GET /binary-samples.json HTTP/1.1" 200 -
[WebServer] ::1 - - [10/Oct/2026 12:32:30] "GET /all-examples.json HTTP/1.1" 200 -
  ✓  184 [webkit] › viewer.spec.mjs:412:3 › viewer & editor (viewer.html) › linked village search resolves the folder (1.0s)
[WebServer] ::1 - - [10/Oct/2026 12:32:31] "GET /viewer.html HTTP/1.1" 200 -
[WebServer] ::1 - - [10/Oct/2026 12:32:31] "GET /assets/tokens.css HTTP/1.1" 200 -
[WebServer] ::1 - - [10/Oct/2026 12:32:31] "GET /assets/theme.js HTTP/1.1" 200 -
[WebServer] ::1 - - [10/Oct/2026 12:32:31] "GET /assets/three-md.js?v=1.7.17 HTTP/1.1" 200 -
[WebServer] ::1 - - [10/Oct/2026 12:32:31] "GET /assets/open-document.js?v=3 HTTP/1.1" 200 -
[WebServer] ::1 - - [10/Oct/2026 12:32:31] "GET /gallery-data.json HTTP/1.1" 200 -
[WebServer] ::1 - - [10/Oct/2026 12:32:31] "GET /nested-examples.json HTTP/1.1" 200 -
[WebServer] ::1 - - [10/Oct/2026 12:32:31] "GET /binary-samples.json HTTP/1.1" 200 -
[WebServer] ::1 - - [10/Oct/2026 12:32:31] "GET /all-examples.json HTTP/1.1" 200 -
  ✓  185 [webkit] › viewer.spec.mjs:426:3 › viewer & editor (viewer.html) › a composition profile shows the root and can switch entries (1.3s)
[WebServer] ::1 - - [10/Oct/2026 12:32:32] "GET /viewer.html HTTP/1.1" 200 -
[WebServer] ::1 - - [10/Oct/2026 12:32:32] "GET /assets/tokens.css HTTP/1.1" 200 -
[WebServer] ::1 - - [10/Oct/2026 12:32:32] "GET /assets/theme.js HTTP/1.1" 200 -
[WebServer] ::1 - - [10/Oct/2026 12:32:32] "GET /assets/open-document.js?v=3 HTTP/1.1" 200 -
[WebServer] ::1 - - [10/Oct/2026 12:32:32] "GET /assets/three-md.js?v=1.7.17 HTTP/1.1" 200 -
[WebServer] ::1 - - [10/Oct/2026 12:32:32] "GET /nested-examples.json HTTP/1.1" 200 -
[WebServer] ::1 - - [10/Oct/2026 12:32:32] "GET /gallery-data.json HTTP/1.1" 200 -
[WebServer] ::1 - - [10/Oct/2026 12:32:32] "GET /all-examples.json HTTP/1.1" 200 -
[WebServer] ::1 - - [10/Oct/2026 12:32:32] "GET /binary-samples.json HTTP/1.1" 200 -
  ✓  186 [webkit] › viewer.spec.mjs:441:3 › viewer & editor (viewer.html) › markdown headings become planes and a plane search opens one (1.4s)
  ✓  187 [webkit] › viewer.spec.mjs:458:3 › viewer & editor (viewer.html) › desktop layout keeps files beside a panel that switches Edit and Preview (1.0s)
[WebServer] ::1 - - [10/Oct/2026 12:32:33] "GET /viewer.html HTTP/1.1" 200 -
[WebServer] ::1 - - [10/Oct/2026 12:32:33] "GET /assets/tokens.css HTTP/1.1" 200 -
[WebServer] ::1 - - [10/Oct/2026 12:32:33] "GET /assets/three-md.js?v=1.7.17 HTTP/1.1" 200 -
[WebServer] ::1 - - [10/Oct/2026 12:32:33] "GET /assets/theme.js HTTP/1.1" 200 -
[WebServer] ::1 - - [10/Oct/2026 12:32:33] "GET /assets/open-document.js?v=3 HTTP/1.1" 200 -
[WebServer] ::1 - - [10/Oct/2026 12:32:33] "GET /gallery-data.json HTTP/1.1" 200 -
[WebServer] ::1 - - [10/Oct/2026 12:32:33] "GET /nested-examples.json HTTP/1.1" 200 -
[WebServer] ::1 - - [10/Oct/2026 12:32:33] "GET /all-examples.json HTTP/1.1" 200 -
[WebServer] ::1 - - [10/Oct/2026 12:32:33] "GET /binary-samples.json HTTP/1.1" 200 -
[WebServer] ::1 - - [10/Oct/2026 12:32:33] "GET /viewer.html HTTP/1.1" 200 -
[WebServer] ::1 - - [10/Oct/2026 12:32:33] "GET /assets/tokens.css HTTP/1.1" 200 -
[WebServer] ::1 - - [10/Oct/2026 12:32:33] "GET /assets/three-md.js?v=1.7.17 HTTP/1.1" 200 -
[WebServer] ::1 - - [10/Oct/2026 12:32:33] "GET /assets/theme.js HTTP/1.1" 200 -
[WebServer] ::1 - - [10/Oct/2026 12:32:33] "GET /assets/open-document.js?v=3 HTTP/1.1" 200 -
[WebServer] ::1 - - [10/Oct/2026 12:32:33] "GET /gallery-data.json HTTP/1.1" 200 -
[WebServer] ::1 - - [10/Oct/2026 12:32:33] "GET /all-examples.json HTTP/1.1" 200 -
[WebServer] ::1 - - [10/Oct/2026 12:32:33] "GET /nested-examples.json HTTP/1.1" 200 -
[WebServer] ::1 - - [10/Oct/2026 12:32:33] "GET /binary-samples.json HTTP/1.1" 200 -
  ✓  189 [webkit] › viewer.spec.mjs:546:3 › viewer & editor (viewer.html) › orbiting about 1400 gpu cubes stays interactive (625ms)
[WebServer] ::1 - - [10/Oct/2026 12:32:33] "GET /viewer.html HTTP/1.1" 200 -
[WebServer] ::1 - - [10/Oct/2026 12:32:33] "GET /assets/tokens.css HTTP/1.1" 200 -
[WebServer] ::1 - - [10/Oct/2026 12:32:33] "GET /assets/theme.js HTTP/1.1" 200 -
[WebServer] ::1 - - [10/Oct/2026 12:32:33] "GET /assets/three-md.js?v=1.7.17 HTTP/1.1" 200 -
[WebServer] ::1 - - [10/Oct/2026 12:32:33] "GET /assets/open-document.js?v=3 HTTP/1.1" 200 -
[WebServer] ::1 - - [10/Oct/2026 12:32:33] "GET /binary-samples.json HTTP/1.1" 200 -
[WebServer] ::1 - - [10/Oct/2026 12:32:33] "GET /gallery-data.json HTTP/1.1" 200 -
[WebServer] ::1 - - [10/Oct/2026 12:32:33] "GET /nested-examples.json HTTP/1.1" 200 -
[WebServer] ::1 - - [10/Oct/2026 12:32:33] "GET /all-examples.json HTTP/1.1" 200 -
  ✓  188 [webkit] › viewer.spec.mjs:514:3 › viewer & editor (viewer.html) › cubes tab draws a fenced grid as translucent cubes (1.2s)
[WebServer] ::1 - - [10/Oct/2026 12:32:34] "GET /viewer.html HTTP/1.1" 200 -
[WebServer] ::1 - - [10/Oct/2026 12:32:34] "GET /assets/tokens.css HTTP/1.1" 200 -
[WebServer] ::1 - - [10/Oct/2026 12:32:34] "GET /assets/theme.js HTTP/1.1" 200 -
[WebServer] ::1 - - [10/Oct/2026 12:32:34] "GET /assets/three-md.js?v=1.7.17 HTTP/1.1" 200 -
[WebServer] ::1 - - [10/Oct/2026 12:32:34] "GET /assets/open-document.js?v=3 HTTP/1.1" 200 -
[WebServer] ::1 - - [10/Oct/2026 12:32:34] "GET /gallery-data.json HTTP/1.1" 200 -
[WebServer] ::1 - - [10/Oct/2026 12:32:34] "GET /binary-samples.json HTTP/1.1" 200 -
[WebServer] ::1 - - [10/Oct/2026 12:32:34] "GET /nested-examples.json HTTP/1.1" 200 -
[WebServer] ::1 - - [10/Oct/2026 12:32:34] "GET /all-examples.json HTTP/1.1" 200 -
  ✓  190 [webkit] › viewer.spec.mjs:591:3 › viewer & editor (viewer.html) › narrow layout switches Files and the document, and Edit and Preview still switch (863ms)
[WebServer] ::1 - - [10/Oct/2026 12:32:34] "GET /viewer.html HTTP/1.1" 200 -
[WebServer] ::1 - - [10/Oct/2026 12:32:34] "GET /assets/tokens.css HTTP/1.1" 200 -
[WebServer] ::1 - - [10/Oct/2026 12:32:34] "GET /assets/three-md.js?v=1.7.17 HTTP/1.1" 200 -
[WebServer] ::1 - - [10/Oct/2026 12:32:34] "GET /assets/theme.js HTTP/1.1" 200 -
[WebServer] ::1 - - [10/Oct/2026 12:32:34] "GET /assets/open-document.js?v=3 HTTP/1.1" 200 -
[WebServer] ::1 - - [10/Oct/2026 12:32:34] "GET /all-examples.json HTTP/1.1" 200 -
[WebServer] ::1 - - [10/Oct/2026 12:32:34] "GET /binary-samples.json HTTP/1.1" 200 -
[WebServer] ::1 - - [10/Oct/2026 12:32:34] "GET /nested-examples.json HTTP/1.1" 200 -
[WebServer] ::1 - - [10/Oct/2026 12:32:34] "GET /gallery-data.json HTTP/1.1" 200 -
  ✓  191 [webkit] › viewer.spec.mjs:627:3 › viewer & editor (viewer.html) › an empty document reads as a neutral prompt, not a red error (844ms)
  ✓  192 [webkit] › viewer.spec.mjs:645:3 › viewer & editor (viewer.html) › axis lint warns on a TYPO but not on a valid free-string semantic axis (495ms)
[WebServer] ::1 - - [10/Oct/2026 12:32:35] "GET /viewer.html HTTP/1.1" 200 -
[WebServer] ::1 - - [10/Oct/2026 12:32:35] "GET /assets/tokens.css HTTP/1.1" 200 -
[WebServer] ::1 - - [10/Oct/2026 12:32:35] "GET /assets/theme.js HTTP/1.1" 200 -
[WebServer] ::1 - - [10/Oct/2026 12:32:35] "GET /assets/three-md.js?v=1.7.17 HTTP/1.1" 200 -
[WebServer] ::1 - - [10/Oct/2026 12:32:35] "GET /assets/open-document.js?v=3 HTTP/1.1" 200 -
[WebServer] ::1 - - [10/Oct/2026 12:32:35] "GET /gallery-data.json HTTP/1.1" 200 -
[WebServer] ::1 - - [10/Oct/2026 12:32:35] "GET /binary-samples.json HTTP/1.1" 200 -
[WebServer] ::1 - - [10/Oct/2026 12:32:35] "GET /all-examples.json HTTP/1.1" 200 -
[WebServer] ::1 - - [10/Oct/2026 12:32:35] "GET /nested-examples.json HTTP/1.1" 200 -
[WebServer] ::1 - - [10/Oct/2026 12:32:35] "GET /viewer.html HTTP/1.1" 200 -
[WebServer] ::1 - - [10/Oct/2026 12:32:35] "GET /assets/tokens.css HTTP/1.1" 200 -
[WebServer] ::1 - - [10/Oct/2026 12:32:35] "GET /assets/theme.js HTTP/1.1" 200 -
[WebServer] ::1 - - [10/Oct/2026 12:32:35] "GET /assets/three-md.js?v=1.7.17 HTTP/1.1" 200 -
[WebServer] ::1 - - [10/Oct/2026 12:32:35] "GET /assets/open-document.js?v=3 HTTP/1.1" 200 -
[WebServer] ::1 - - [10/Oct/2026 12:32:35] "GET /gallery-data.json HTTP/1.1" 200 -
[WebServer] ::1 - - [10/Oct/2026 12:32:35] "GET /binary-samples.json HTTP/1.1" 200 -
[WebServer] ::1 - - [10/Oct/2026 12:32:35] "GET /all-examples.json HTTP/1.1" 200 -
[WebServer] ::1 - - [10/Oct/2026 12:32:35] "GET /nested-examples.json HTTP/1.1" 200 -
  ✓  193 [webkit] › viewer.spec.mjs:671:3 › viewer & editor (viewer.html) › the page has no render-mode switch and does not autoplay (489ms)
  ✓  194 [webkit] › viewer.spec.mjs:692:3 › viewer & editor (viewer.html) › the agent schema lists error codes and the axis-to-mode map (468ms)
[WebServer] ::1 - - [10/Oct/2026 12:32:35] "GET /viewer.html HTTP/1.1" 200 -
[WebServer] ::1 - - [10/Oct/2026 12:32:35] "GET /assets/tokens.css HTTP/1.1" 200 -
[WebServer] ::1 - - [10/Oct/2026 12:32:35] "GET /assets/theme.js HTTP/1.1" 200 -
[WebServer] ::1 - - [10/Oct/2026 12:32:35] "GET /assets/three-md.js?v=1.7.17 HTTP/1.1" 200 -
[WebServer] ::1 - - [10/Oct/2026 12:32:35] "GET /assets/open-document.js?v=3 HTTP/1.1" 200 -
[WebServer] ::1 - - [10/Oct/2026 12:32:35] "GET /gallery-data.json HTTP/1.1" 200 -
[WebServer] ::1 - - [10/Oct/2026 12:32:35] "GET /all-examples.json HTTP/1.1" 200 -
[WebServer] ::1 - - [10/Oct/2026 12:32:35] "GET /nested-examples.json HTTP/1.1" 200 -
[WebServer] ::1 - - [10/Oct/2026 12:32:35] "GET /binary-samples.json HTTP/1.1" 200 -
[WebServer] ::1 - - [10/Oct/2026 12:32:35] "GET /viewer.html HTTP/1.1" 200 -
[WebServer] ::1 - - [10/Oct/2026 12:32:35] "GET /assets/tokens.css HTTP/1.1" 200 -
[WebServer] ::1 - - [10/Oct/2026 12:32:35] "GET /assets/three-md.js?v=1.7.17 HTTP/1.1" 200 -
[WebServer] ::1 - - [10/Oct/2026 12:32:35] "GET /assets/theme.js HTTP/1.1" 200 -
[WebServer] ::1 - - [10/Oct/2026 12:32:35] "GET /assets/open-document.js?v=3 HTTP/1.1" 200 -
[WebServer] ::1 - - [10/Oct/2026 12:32:35] "GET /all-examples.json HTTP/1.1" 200 -
[WebServer] ::1 - - [10/Oct/2026 12:32:35] "GET /gallery-data.json HTTP/1.1" 200 -
[WebServer] ::1 - - [10/Oct/2026 12:32:35] "GET /nested-examples.json HTTP/1.1" 200 -
[WebServer] ::1 - - [10/Oct/2026 12:32:35] "GET /binary-samples.json HTTP/1.1" 200 -
  ✓  196 [webkit] › viewer.spec.mjs:713:3 › viewer & editor (viewer.html) › a corrupt share hash signals a decode error (not a silent starter) (816ms)
  ✓  195 [webkit] › viewer.spec.mjs:702:3 › viewer & editor (viewer.html) › dangling cross-plane links are flagged as a non-fatal warning (901ms)
[WebServer] ::1 - - [10/Oct/2026 12:32:36] "GET /viewer.html HTTP/1.1" 200 -
[WebServer] ::1 - - [10/Oct/2026 12:32:36] "GET /assets/tokens.css HTTP/1.1" 200 -
[WebServer] ::1 - - [10/Oct/2026 12:32:36] "GET /assets/theme.js HTTP/1.1" 200 -
[WebServer] ::1 - - [10/Oct/2026 12:32:36] "GET /assets/three-md.js?v=1.7.17 HTTP/1.1" 200 -
[WebServer] ::1 - - [10/Oct/2026 12:32:36] "GET /assets/open-document.js?v=3 HTTP/1.1" 200 -
[WebServer] ::1 - - [10/Oct/2026 12:32:36] "GET /binary-samples.json HTTP/1.1" 200 -
[WebServer] ::1 - - [10/Oct/2026 12:32:36] "GET /viewer.html HTTP/1.1" 200 -
[WebServer] ::1 - - [10/Oct/2026 12:32:36] "GET /gallery-data.json HTTP/1.1" 200 -
[WebServer] ::1 - - [10/Oct/2026 12:32:36] "GET /nested-examples.json HTTP/1.1" 200 -
[WebServer] ::1 - - [10/Oct/2026 12:32:36] "GET /all-examples.json HTTP/1.1" 200 -
[WebServer] ::1 - - [10/Oct/2026 12:32:36] "GET /assets/tokens.css HTTP/1.1" 200 -
[WebServer] ::1 - - [10/Oct/2026 12:32:36] "GET /assets/theme.js HTTP/1.1" 200 -
[WebServer] ::1 - - [10/Oct/2026 12:32:36] "GET /assets/three-md.js?v=1.7.17 HTTP/1.1" 200 -
[WebServer] ::1 - - [10/Oct/2026 12:32:36] "GET /assets/open-document.js?v=3 HTTP/1.1" 200 -
[WebServer] ::1 - - [10/Oct/2026 12:32:36] "GET /all-examples.json HTTP/1.1" 200 -
[WebServer] ::1 - - [10/Oct/2026 12:32:36] "GET /nested-examples.json HTTP/1.1" 200 -
[WebServer] ::1 - - [10/Oct/2026 12:32:36] "GET /gallery-data.json HTTP/1.1" 200 -
[WebServer] ::1 - - [10/Oct/2026 12:32:36] "GET /binary-samples.json HTTP/1.1" 200 -
  ✓  197 [webkit] › viewer.spec.mjs:722:3 › viewer & editor (viewer.html) › the embedded agent schema marks axis optional, only 3md required (466ms)
[WebServer] ::1 - - [10/Oct/2026 12:32:36] "GET /viewer.html HTTP/1.1" 200 -
[WebServer] ::1 - - [10/Oct/2026 12:32:36] "GET /assets/tokens.css HTTP/1.1" 200 -
[WebServer] ::1 - - [10/Oct/2026 12:32:36] "GET /assets/theme.js HTTP/1.1" 200 -
[WebServer] ::1 - - [10/Oct/2026 12:32:36] "GET /assets/three-md.js?v=1.7.17 HTTP/1.1" 200 -
[WebServer] ::1 - - [10/Oct/2026 12:32:36] "GET /assets/open-document.js?v=3 HTTP/1.1" 200 -
[WebServer] ::1 - - [10/Oct/2026 12:32:36] "GET /all-examples.json HTTP/1.1" 200 -
[WebServer] ::1 - - [10/Oct/2026 12:32:36] "GET /nested-examples.json HTTP/1.1" 200 -
[WebServer] ::1 - - [10/Oct/2026 12:32:36] "GET /binary-samples.json HTTP/1.1" 200 -
[WebServer] ::1 - - [10/Oct/2026 12:32:36] "GET /gallery-data.json HTTP/1.1" 200 -
  ✓  198 [webkit] › viewer.spec.mjs:729:3 › viewer & editor (viewer.html) › invalid doc clears stale plane/axis data on the badge (1.1s)
[WebServer] ::1 - - [10/Oct/2026 12:32:37] "GET /viewer.html HTTP/1.1" 200 -
[WebServer] ::1 - - [10/Oct/2026 12:32:37] "GET /assets/tokens.css HTTP/1.1" 200 -
[WebServer] ::1 - - [10/Oct/2026 12:32:37] "GET /assets/theme.js HTTP/1.1" 200 -
[WebServer] ::1 - - [10/Oct/2026 12:32:37] "GET /assets/three-md.js?v=1.7.17 HTTP/1.1" 200 -
[WebServer] ::1 - - [10/Oct/2026 12:32:37] "GET /assets/open-document.js?v=3 HTTP/1.1" 200 -
[WebServer] ::1 - - [10/Oct/2026 12:32:37] "GET /gallery-data.json HTTP/1.1" 200 -
[WebServer] ::1 - - [10/Oct/2026 12:32:37] "GET /all-examples.json HTTP/1.1" 200 -
[WebServer] ::1 - - [10/Oct/2026 12:32:37] "GET /nested-examples.json HTTP/1.1" 200 -
[WebServer] ::1 - - [10/Oct/2026 12:32:37] "GET /binary-samples.json HTTP/1.1" 200 -
  ✓  199 [webkit] › viewer.spec.mjs:742:3 › viewer & editor (viewer.html) › an invalid document flags the offending line and the badge (997ms)
  ✓  200 [webkit] › viewer.spec.mjs:755:3 › viewer & editor (viewer.html) › a shared hash link restores the document (520ms)
[WebServer] ::1 - - [10/Oct/2026 12:32:37] "GET /viewer.html HTTP/1.1" 200 -
[WebServer] ::1 - - [10/Oct/2026 12:32:37] "GET /assets/tokens.css HTTP/1.1" 200 -
[WebServer] ::1 - - [10/Oct/2026 12:32:37] "GET /assets/three-md.js?v=1.7.17 HTTP/1.1" 200 -
[WebServer] ::1 - - [10/Oct/2026 12:32:37] "GET /assets/theme.js HTTP/1.1" 200 -
[WebServer] ::1 - - [10/Oct/2026 12:32:37] "GET /assets/open-document.js?v=3 HTTP/1.1" 200 -
[WebServer] ::1 - - [10/Oct/2026 12:32:37] "GET /gallery-data.json HTTP/1.1" 200 -
[WebServer] ::1 - - [10/Oct/2026 12:32:37] "GET /binary-samples.json HTTP/1.1" 200 -
[WebServer] ::1 - - [10/Oct/2026 12:32:37] "GET /nested-examples.json HTTP/1.1" 200 -
[WebServer] ::1 - - [10/Oct/2026 12:32:37] "GET /all-examples.json HTTP/1.1" 200 -
[WebServer] ::1 - - [10/Oct/2026 12:32:38] "GET /viewer.html HTTP/1.1" 200 -
[WebServer] ::1 - - [10/Oct/2026 12:32:38] "GET /assets/tokens.css HTTP/1.1" 200 -
[WebServer] ::1 - - [10/Oct/2026 12:32:38] "GET /assets/three-md.js?v=1.7.17 HTTP/1.1" 200 -
[WebServer] ::1 - - [10/Oct/2026 12:32:38] "GET /assets/theme.js HTTP/1.1" 200 -
[WebServer] ::1 - - [10/Oct/2026 12:32:38] "GET /assets/open-document.js?v=3 HTTP/1.1" 200 -
[WebServer] ::1 - - [10/Oct/2026 12:32:38] "GET /all-examples.json HTTP/1.1" 200 -
[WebServer] ::1 - - [10/Oct/2026 12:32:38] "GET /gallery-data.json HTTP/1.1" 200 -
[WebServer] ::1 - - [10/Oct/2026 12:32:38] "GET /binary-samples.json HTTP/1.1" 200 -
[WebServer] ::1 - - [10/Oct/2026 12:32:38] "GET /nested-examples.json HTTP/1.1" 200 -
  ✓  201 [webkit] › viewer.spec.mjs:766:3 › viewer & editor (viewer.html) › camera buttons and keyboard orbit, zoom, and fit without changing the document (674ms)
[WebServer] ::1 - - [10/Oct/2026 12:32:38] "GET /viewer.html HTTP/1.1" 200 -
[WebServer] ::1 - - [10/Oct/2026 12:32:38] "GET /assets/tokens.css HTTP/1.1" 200 -
[WebServer] ::1 - - [10/Oct/2026 12:32:38] "GET /assets/three-md.js?v=1.7.17 HTTP/1.1" 200 -
[WebServer] ::1 - - [10/Oct/2026 12:32:38] "GET /assets/theme.js HTTP/1.1" 200 -
[WebServer] ::1 - - [10/Oct/2026 12:32:38] "GET /assets/open-document.js?v=3 HTTP/1.1" 200 -
  ✓  202 [webkit] › viewer.spec.mjs:795:3 › viewer & editor (viewer.html) › full camera turns cross both poles continuously and retain geometry (718ms)
[WebServer] ::1 - - [10/Oct/2026 12:32:38] "GET /gallery-data.json HTTP/1.1" 200 -
[WebServer] ::1 - - [10/Oct/2026 12:32:38] "GET /all-examples.json HTTP/1.1" 200 -
[WebServer] ::1 - - [10/Oct/2026 12:32:38] "GET /binary-samples.json HTTP/1.1" 200 -
[WebServer] ::1 - - [10/Oct/2026 12:32:38] "GET /nested-examples.json HTTP/1.1" 200 -
[WebServer] ::1 - - [10/Oct/2026 12:32:38] "GET /viewer.html HTTP/1.1" 200 -
[WebServer] ::1 - - [10/Oct/2026 12:32:38] "GET /assets/tokens.css HTTP/1.1" 200 -
[WebServer] ::1 - - [10/Oct/2026 12:32:38] "GET /assets/theme.js HTTP/1.1" 200 -
[WebServer] ::1 - - [10/Oct/2026 12:32:38] "GET /assets/three-md.js?v=1.7.17 HTTP/1.1" 200 -
[WebServer] ::1 - - [10/Oct/2026 12:32:38] "GET /assets/open-document.js?v=3 HTTP/1.1" 200 -
[WebServer] ::1 - - [10/Oct/2026 12:32:38] "GET /gallery-data.json HTTP/1.1" 200 -
[WebServer] ::1 - - [10/Oct/2026 12:32:38] "GET /all-examples.json HTTP/1.1" 200 -
[WebServer] ::1 - - [10/Oct/2026 12:32:38] "GET /binary-samples.json HTTP/1.1" 200 -
[WebServer] ::1 - - [10/Oct/2026 12:32:38] "GET /nested-examples.json HTTP/1.1" 200 -
  ✓  203 [webkit] › viewer.spec.mjs:843:3 › viewer & editor (viewer.html) › pan tools and modified dragging move only the camera and Fit recenters (774ms)
  ✓  204 [webkit] › viewer.spec.mjs:874:3 › viewer & editor (viewer.html) › two fingers pan and pinch and a cancelled gesture cannot select a slice (585ms)
[WebServer] ::1 - - [10/Oct/2026 12:32:39] "GET /viewer.html HTTP/1.1" 200 -
[WebServer] ::1 - - [10/Oct/2026 12:32:39] "GET /assets/tokens.css HTTP/1.1" 200 -
[WebServer] ::1 - - [10/Oct/2026 12:32:39] "GET /assets/theme.js HTTP/1.1" 200 -
[WebServer] ::1 - - [10/Oct/2026 12:32:39] "GET /assets/three-md.js?v=1.7.17 HTTP/1.1" 200 -
[WebServer] ::1 - - [10/Oct/2026 12:32:39] "GET /assets/open-document.js?v=3 HTTP/1.1" 200 -
[WebServer] ::1 - - [10/Oct/2026 12:32:39] "GET /gallery-data.json HTTP/1.1" 200 -
[WebServer] ::1 - - [10/Oct/2026 12:32:39] "GET /nested-examples.json HTTP/1.1" 200 -
[WebServer] ::1 - - [10/Oct/2026 12:32:39] "GET /all-examples.json HTTP/1.1" 200 -
[WebServer] ::1 - - [10/Oct/2026 12:32:39] "GET /binary-samples.json HTTP/1.1" 200 -
[WebServer] ::1 - - [10/Oct/2026 12:32:39] "GET /viewer.html HTTP/1.1" 200 -
[WebServer] ::1 - - [10/Oct/2026 12:32:39] "GET /assets/tokens.css HTTP/1.1" 200 -
[WebServer] ::1 - - [10/Oct/2026 12:32:39] "GET /assets/three-md.js?v=1.7.17 HTTP/1.1" 200 -
[WebServer] ::1 - - [10/Oct/2026 12:32:39] "GET /assets/theme.js HTTP/1.1" 200 -
[WebServer] ::1 - - [10/Oct/2026 12:32:39] "GET /assets/open-document.js?v=3 HTTP/1.1" 200 -
[WebServer] ::1 - - [10/Oct/2026 12:32:39] "GET /all-examples.json HTTP/1.1" 200 -
[WebServer] ::1 - - [10/Oct/2026 12:32:39] "GET /gallery-data.json HTTP/1.1" 200 -
[WebServer] ::1 - - [10/Oct/2026 12:32:39] "GET /binary-samples.json HTTP/1.1" 200 -
[WebServer] ::1 - - [10/Oct/2026 12:32:39] "GET /nested-examples.json HTTP/1.1" 200 -
  ✓  206 [webkit] › viewer.spec.mjs:965:3 › viewer & editor (viewer.html) › phone layout leaves room for cubes and keeps controls outside the drawing (628ms)
[WebServer] ::1 - - [10/Oct/2026 12:32:40] "GET /viewer.html HTTP/1.1" 200 -
[WebServer] ::1 - - [10/Oct/2026 12:32:40] "GET /assets/tokens.css HTTP/1.1" 200 -
[WebServer] ::1 - - [10/Oct/2026 12:32:40] "GET /assets/theme.js HTTP/1.1" 200 -
[WebServer] ::1 - - [10/Oct/2026 12:32:40] "GET /assets/three-md.js?v=1.7.17 HTTP/1.1" 200 -
[WebServer] ::1 - - [10/Oct/2026 12:32:40] "GET /assets/open-document.js?v=3 HTTP/1.1" 200 -
[WebServer] ::1 - - [10/Oct/2026 12:32:40] "GET /gallery-data.json HTTP/1.1" 200 -
[WebServer] ::1 - - [10/Oct/2026 12:32:40] "GET /nested-examples.json HTTP/1.1" 200 -
[WebServer] ::1 - - [10/Oct/2026 12:32:40] "GET /binary-samples.json HTTP/1.1" 200 -
[WebServer] ::1 - - [10/Oct/2026 12:32:40] "GET /all-examples.json HTTP/1.1" 200 -
  ✓  207 [webkit] › viewer.spec.mjs:987:3 › viewer & editor (viewer.html) › Document disclosure dismisses with Escape and both downloads preserve the document (839ms)
[WebServer] ::1 - - [10/Oct/2026 12:32:40] "GET /viewer.html HTTP/1.1" 200 -
[WebServer] ::1 - - [10/Oct/2026 12:32:40] "GET /assets/tokens.css HTTP/1.1" 200 -
[WebServer] ::1 - - [10/Oct/2026 12:32:40] "GET /assets/theme.js HTTP/1.1" 200 -
[WebServer] ::1 - - [10/Oct/2026 12:32:40] "GET /assets/open-document.js?v=3 HTTP/1.1" 200 -
[WebServer] ::1 - - [10/Oct/2026 12:32:40] "GET /assets/three-md.js?v=1.7.17 HTTP/1.1" 200 -
[WebServer] ::1 - - [10/Oct/2026 12:32:40] "GET /all-examples.json HTTP/1.1" 200 -
[WebServer] ::1 - - [10/Oct/2026 12:32:40] "GET /nested-examples.json HTTP/1.1" 200 -
[WebServer] ::1 - - [10/Oct/2026 12:32:40] "GET /gallery-data.json HTTP/1.1" 200 -
[WebServer] ::1 - - [10/Oct/2026 12:32:40] "GET /binary-samples.json HTTP/1.1" 200 -
  ✓  208 [webkit] › viewer.spec.mjs:1024:3 › viewer & editor (viewer.html) › a prose document offers Preview without replacing its source (664ms)
[WebServer] ::1 - - [10/Oct/2026 12:32:41] "GET /viewer.html HTTP/1.1" 200 -
[WebServer] ::1 - - [10/Oct/2026 12:32:41] "GET /assets/tokens.css HTTP/1.1" 200 -
[WebServer] ::1 - - [10/Oct/2026 12:32:41] "GET /assets/theme.js HTTP/1.1" 200 -
[WebServer] ::1 - - [10/Oct/2026 12:32:41] "GET /assets/three-md.js?v=1.7.17 HTTP/1.1" 200 -
[WebServer] ::1 - - [10/Oct/2026 12:32:41] "GET /assets/open-document.js?v=3 HTTP/1.1" 200 -
[WebServer] ::1 - - [10/Oct/2026 12:32:41] "GET /all-examples.json HTTP/1.1" 200 -
[WebServer] ::1 - - [10/Oct/2026 12:32:41] "GET /binary-samples.json HTTP/1.1" 200 -
[WebServer] ::1 - - [10/Oct/2026 12:32:41] "GET /nested-examples.json HTTP/1.1" 200 -
[WebServer] ::1 - - [10/Oct/2026 12:32:41] "GET /gallery-data.json HTTP/1.1" 200 -
  ✓  209 [webkit] › viewer.spec.mjs:1042:3 › viewer & editor (viewer.html) › slice navigation keeps the selected plane in a single scrolling row (652ms)
[WebServer] ::1 - - [10/Oct/2026 12:32:42] "GET /viewer.html HTTP/1.1" 200 -
[WebServer] ::1 - - [10/Oct/2026 12:32:42] "GET /assets/tokens.css HTTP/1.1" 200 -
[WebServer] ::1 - - [10/Oct/2026 12:32:42] "GET /assets/open-document.js?v=3 HTTP/1.1" 200 -
[WebServer] ::1 - - [10/Oct/2026 12:32:42] "GET /assets/theme.js HTTP/1.1" 200 -
[WebServer] ::1 - - [10/Oct/2026 12:32:42] "GET /assets/three-md.js?v=1.7.17 HTTP/1.1" 200 -
[WebServer] ::1 - - [10/Oct/2026 12:32:42] "GET /gallery-data.json HTTP/1.1" 200 -
[WebServer] ::1 - - [10/Oct/2026 12:32:42] "GET /nested-examples.json HTTP/1.1" 200 -
[WebServer] ::1 - - [10/Oct/2026 12:32:42] "GET /all-examples.json HTTP/1.1" 200 -
[WebServer] ::1 - - [10/Oct/2026 12:32:42] "GET /binary-samples.json HTTP/1.1" 200 -
  ✓  210 [webkit] › viewer.spec.mjs:1064:3 › viewer & editor (viewer.html) › a GitHub load shows busy state and recovers after a rate limit (788ms)
  ✓  205 [webkit] › viewer.spec.mjs:897:3 › viewer & editor (viewer.html) › browser camera projects and picks the shared native parity fixture (3.9s)
[WebServer] ::1 - - [10/Oct/2026 12:32:42] "GET /viewer.html HTTP/1.1" 200 -
[WebServer] ::1 - - [10/Oct/2026 12:32:43] "GET /assets/tokens.css HTTP/1.1" 200 -
[WebServer] ::1 - - [10/Oct/2026 12:32:43] "GET /assets/theme.js HTTP/1.1" 200 -
[WebServer] ::1 - - [10/Oct/2026 12:32:43] "GET /assets/three-md.js?v=1.7.17 HTTP/1.1" 200 -
[WebServer] ::1 - - [10/Oct/2026 12:32:43] "GET /assets/open-document.js?v=3 HTTP/1.1" 200 -
[WebServer] ::1 - - [10/Oct/2026 12:32:43] "GET /gallery-data.json HTTP/1.1" 200 -
[WebServer] ::1 - - [10/Oct/2026 12:32:43] "GET /all-examples.json HTTP/1.1" 200 -
[WebServer] ::1 - - [10/Oct/2026 12:32:43] "GET /nested-examples.json HTTP/1.1" 200 -
[WebServer] ::1 - - [10/Oct/2026 12:32:43] "GET /binary-samples.json HTTP/1.1" 200 -
[WebServer] ::1 - - [10/Oct/2026 12:32:43] "GET /viewer.html HTTP/1.1" 200 -
[WebServer] ::1 - - [10/Oct/2026 12:32:43] "GET /assets/tokens.css HTTP/1.1" 200 -
[WebServer] ::1 - - [10/Oct/2026 12:32:43] "GET /assets/three-md.js?v=1.7.17 HTTP/1.1" 200 -
[WebServer] ::1 - - [10/Oct/2026 12:32:43] "GET /assets/theme.js HTTP/1.1" 200 -
[WebServer] ::1 - - [10/Oct/2026 12:32:43] "GET /assets/open-document.js?v=3 HTTP/1.1" 200 -
[WebServer] ::1 - - [10/Oct/2026 12:32:43] "GET /gallery-data.json HTTP/1.1" 200 -
[WebServer] ::1 - - [10/Oct/2026 12:32:43] "GET /all-examples.json HTTP/1.1" 200 -
[WebServer] ::1 - - [10/Oct/2026 12:32:43] "GET /binary-samples.json HTTP/1.1" 200 -
[WebServer] ::1 - - [10/Oct/2026 12:32:43] "GET /nested-examples.json HTTP/1.1" 200 -
  ✓  211 [webkit] › viewer.spec.mjs:1084:3 › viewer & editor (viewer.html) › GPU unavailability explains how to keep reading in Preview (590ms)
[WebServer] ::1 - - [10/Oct/2026 12:32:43] "GET /viewer.html HTTP/1.1" 200 -
[WebServer] ::1 - - [10/Oct/2026 12:32:43] "GET /assets/tokens.css HTTP/1.1" 200 -
[WebServer] ::1 - - [10/Oct/2026 12:32:43] "GET /assets/three-md.js?v=1.7.17 HTTP/1.1" 200 -
[WebServer] ::1 - - [10/Oct/2026 12:32:43] "GET /assets/theme.js HTTP/1.1" 200 -
[WebServer] ::1 - - [10/Oct/2026 12:32:43] "GET /assets/open-document.js?v=3 HTTP/1.1" 200 -
[WebServer] ::1 - - [10/Oct/2026 12:32:43] "GET /all-examples.json HTTP/1.1" 200 -
[WebServer] ::1 - - [10/Oct/2026 12:32:43] "GET /gallery-data.json HTTP/1.1" 200 -
[WebServer] ::1 - - [10/Oct/2026 12:32:43] "GET /nested-examples.json HTTP/1.1" 200 -
[WebServer] ::1 - - [10/Oct/2026 12:32:43] "GET /binary-samples.json HTTP/1.1" 200 -
  ✓  213 [webkit] › viewer.spec.mjs:1143:3 › viewer & editor (viewer.html) › composition entry switches preserve each draft without copying it into another entry (748ms)
  ✓  212 [webkit] › viewer.spec.mjs:1100:3 › viewer & editor (viewer.html) › file switches preserve edited, invalid, and empty drafts with caret and slice (1.1s)
[WebServer] ::1 - - [10/Oct/2026 12:32:44] "GET /viewer.html HTTP/1.1" 200 -
[WebServer] ::1 - - [10/Oct/2026 12:32:44] "GET /viewer.html HTTP/1.1" 200 -
[WebServer] ::1 - - [10/Oct/2026 12:32:44] "GET /assets/tokens.css HTTP/1.1" 200 -
[WebServer] ::1 - - [10/Oct/2026 12:32:44] "GET /assets/tokens.css HTTP/1.1" 200 -
[WebServer] ::1 - - [10/Oct/2026 12:32:44] "GET /assets/theme.js HTTP/1.1" 200 -
[WebServer] ::1 - - [10/Oct/2026 12:32:44] "GET /assets/open-document.js?v=3 HTTP/1.1" 200 -
[WebServer] ::1 - - [10/Oct/2026 12:32:44] "GET /assets/theme.js HTTP/1.1" 200 -
[WebServer] ::1 - - [10/Oct/2026 12:32:44] "GET /assets/three-md.js?v=1.7.17 HTTP/1.1" 200 -
[WebServer] ::1 - - [10/Oct/2026 12:32:44] "GET /assets/three-md.js?v=1.7.17 HTTP/1.1" 200 -
[WebServer] ::1 - - [10/Oct/2026 12:32:44] "GET /assets/open-document.js?v=3 HTTP/1.1" 200 -
[WebServer] ::1 - - [10/Oct/2026 12:32:44] "GET /all-examples.json HTTP/1.1" 200 -
[WebServer] ::1 - - [10/Oct/2026 12:32:44] "GET /binary-samples.json HTTP/1.1" 200 -
[WebServer] ::1 - - [10/Oct/2026 12:32:44] "GET /nested-examples.json HTTP/1.1" 200 -
[WebServer] ::1 - - [10/Oct/2026 12:32:44] "GET /gallery-data.json HTTP/1.1" 200 -
[WebServer] ::1 - - [10/Oct/2026 12:32:44] "GET /gallery-data.json HTTP/1.1" 200 -
[WebServer] ::1 - - [10/Oct/2026 12:32:44] "GET /all-examples.json HTTP/1.1" 200 -
[WebServer] ::1 - - [10/Oct/2026 12:32:44] "GET /nested-examples.json HTTP/1.1" 200 -
[WebServer] ::1 - - [10/Oct/2026 12:32:44] "GET /binary-samples.json HTTP/1.1" 200 -
  ✓  214 [webkit] › viewer.spec.mjs:1170:3 › viewer & editor (viewer.html) › linked entries and file navigation share the same draft (823ms)
  ✓  215 [webkit] › viewer.spec.mjs:1195:3 › viewer & editor (viewer.html) › search and packing use drafts rather than original file text (821ms)
[WebServer] ::1 - - [10/Oct/2026 12:32:45] "GET /viewer.html HTTP/1.1" 200 -
[WebServer] ::1 - - [10/Oct/2026 12:32:45] "GET /viewer.html HTTP/1.1" 200 -
[WebServer] ::1 - - [10/Oct/2026 12:32:45] "GET /assets/tokens.css HTTP/1.1" 200 -
[WebServer] ::1 - - [10/Oct/2026 12:32:45] "GET /assets/tokens.css HTTP/1.1" 200 -
[WebServer] ::1 - - [10/Oct/2026 12:32:45] "GET /assets/theme.js HTTP/1.1" 200 -
[WebServer] ::1 - - [10/Oct/2026 12:32:45] "GET /assets/three-md.js?v=1.7.17 HTTP/1.1" 200 -
[WebServer] ::1 - - [10/Oct/2026 12:32:45] "GET /assets/three-md.js?v=1.7.17 HTTP/1.1" 200 -
[WebServer] ::1 - - [10/Oct/2026 12:32:45] "GET /assets/theme.js HTTP/1.1" 200 -
[WebServer] ::1 - - [10/Oct/2026 12:32:45] "GET /assets/open-document.js?v=3 HTTP/1.1" 200 -
[WebServer] ::1 - - [10/Oct/2026 12:32:45] "GET /assets/open-document.js?v=3 HTTP/1.1" 200 -
[WebServer] ::1 - - [10/Oct/2026 12:32:45] "GET /gallery-data.json HTTP/1.1" 200 -
[WebServer] ::1 - - [10/Oct/2026 12:32:45] "GET /binary-samples.json HTTP/1.1" 200 -
[WebServer] ::1 - - [10/Oct/2026 12:32:45] "GET /nested-examples.json HTTP/1.1" 200 -
[WebServer] ::1 - - [10/Oct/2026 12:32:45] "GET /all-examples.json HTTP/1.1" 200 -
[WebServer] ::1 - - [10/Oct/2026 12:32:45] "GET /nested-examples.json HTTP/1.1" 200 -
[WebServer] ::1 - - [10/Oct/2026 12:32:45] "GET /all-examples.json HTTP/1.1" 200 -
[WebServer] ::1 - - [10/Oct/2026 12:32:45] "GET /gallery-data.json HTTP/1.1" 200 -
[WebServer] ::1 - - [10/Oct/2026 12:32:45] "GET /binary-samples.json HTTP/1.1" 200 -
  ✓  216 [webkit] › viewer.spec.mjs:1212:3 › viewer & editor (viewer.html) › file filtering, keyboard selection, and phone opens reveal the document (775ms)
[WebServer] ::1 - - [10/Oct/2026 12:32:45] "GET /viewer.html?src=original-document.3md&theme=dark HTTP/1.1" 200 -
[WebServer] ::1 - - [10/Oct/2026 12:32:45] "GET /assets/tokens.css HTTP/1.1" 200 -
[WebServer] ::1 - - [10/Oct/2026 12:32:45] "GET /assets/theme.js HTTP/1.1" 200 -
[WebServer] ::1 - - [10/Oct/2026 12:32:45] "GET /assets/three-md.js?v=1.7.17 HTTP/1.1" 200 -
[WebServer] ::1 - - [10/Oct/2026 12:32:45] "GET /assets/open-document.js?v=3 HTTP/1.1" 200 -
[WebServer] ::1 - - [10/Oct/2026 12:32:45] "GET /gallery-data.json HTTP/1.1" 200 -
[WebServer] ::1 - - [10/Oct/2026 12:32:45] "GET /all-examples.json HTTP/1.1" 200 -
[WebServer] ::1 - - [10/Oct/2026 12:32:45] "GET /nested-examples.json HTTP/1.1" 200 -
[WebServer] ::1 - - [10/Oct/2026 12:32:45] "GET /binary-samples.json HTTP/1.1" 200 -
  ✓  217 [webkit] › viewer.spec.mjs:1240:3 › viewer & editor (viewer.html) › a failed local open preserves the collection and current draft (1.1s)
[WebServer] ::1 - - [10/Oct/2026 12:32:46] "GET /viewer.html HTTP/1.1" 200 -
[WebServer] ::1 - - [10/Oct/2026 12:32:46] "GET /assets/tokens.css HTTP/1.1" 200 -
[WebServer] ::1 - - [10/Oct/2026 12:32:46] "GET /assets/theme.js HTTP/1.1" 200 -
[WebServer] ::1 - - [10/Oct/2026 12:32:46] "GET /assets/three-md.js?v=1.7.17 HTTP/1.1" 200 -
[WebServer] ::1 - - [10/Oct/2026 12:32:46] "GET /assets/open-document.js?v=3 HTTP/1.1" 200 -
[WebServer] ::1 - - [10/Oct/2026 12:32:46] "GET /all-examples.json HTTP/1.1" 200 -
[WebServer] ::1 - - [10/Oct/2026 12:32:46] "GET /binary-samples.json HTTP/1.1" 200 -
[WebServer] ::1 - - [10/Oct/2026 12:32:46] "GET /nested-examples.json HTTP/1.1" 200 -
[WebServer] ::1 - - [10/Oct/2026 12:32:46] "GET /gallery-data.json HTTP/1.1" 200 -
[WebServer] ::1 - - [10/Oct/2026 12:32:46] "GET /viewer.html?theme=dark HTTP/1.1" 200 -
[WebServer] ::1 - - [10/Oct/2026 12:32:46] "GET /assets/open-document.js?v=3 HTTP/1.1" 200 -
[WebServer] ::1 - - [10/Oct/2026 12:32:46] "GET /assets/theme.js HTTP/1.1" 200 -
[WebServer] ::1 - - [10/Oct/2026 12:32:46] "GET /assets/three-md.js?v=1.7.17 HTTP/1.1" 200 -
[WebServer] ::1 - - [10/Oct/2026 12:32:46] "GET /assets/tokens.css HTTP/1.1" 200 -
[WebServer] ::1 - - [10/Oct/2026 12:32:46] "GET /gallery-data.json HTTP/1.1" 200 -
[WebServer] ::1 - - [10/Oct/2026 12:32:46] "GET /all-examples.json HTTP/1.1" 200 -
[WebServer] ::1 - - [10/Oct/2026 12:32:46] "GET /binary-samples.json HTTP/1.1" 200 -
[WebServer] ::1 - - [10/Oct/2026 12:32:46] "GET /nested-examples.json HTTP/1.1" 200 -
[WebServer] ::1 - - [10/Oct/2026 12:32:46] "GET /viewer.html?theme=dark HTTP/1.1" 200 -
[WebServer] ::1 - - [10/Oct/2026 12:32:46] "GET /assets/tokens.css HTTP/1.1" 200 -
[WebServer] ::1 - - [10/Oct/2026 12:32:46] "GET /assets/three-md.js?v=1.7.17 HTTP/1.1" 200 -
[WebServer] ::1 - - [10/Oct/2026 12:32:46] "GET /assets/theme.js HTTP/1.1" 200 -
[WebServer] ::1 - - [10/Oct/2026 12:32:46] "GET /assets/open-document.js?v=3 HTTP/1.1" 200 -
[WebServer] ::1 - - [10/Oct/2026 12:32:46] "GET /all-examples.json HTTP/1.1" 200 -
[WebServer] ::1 - - [10/Oct/2026 12:32:46] "GET /binary-samples.json HTTP/1.1" 200 -
[WebServer] ::1 - - [10/Oct/2026 12:32:46] "GET /nested-examples.json HTTP/1.1" 200 -
[WebServer] ::1 - - [10/Oct/2026 12:32:46] "GET /gallery-data.json HTTP/1.1" 200 -
[WebServer] ::1 - - [10/Oct/2026 12:32:46] "GET /viewer.html HTTP/1.1" 200 -
[WebServer] ::1 - - [10/Oct/2026 12:32:46] "GET /gallery-data.json HTTP/1.1" 200 -
[WebServer] ::1 - - [10/Oct/2026 12:32:46] "GET /all-examples.json HTTP/1.1" 200 -
[WebServer] ::1 - - [10/Oct/2026 12:32:46] "GET /binary-samples.json HTTP/1.1" 200 -
[WebServer] ::1 - - [10/Oct/2026 12:32:46] "GET /nested-examples.json HTTP/1.1" 200 -
  ✓  218 [webkit] › viewer.spec.mjs:1259:3 › viewer & editor (viewer.html) › explicit document navigation removes stale source queries and reloads the chosen source (1.1s)
[WebServer] ::1 - - [10/Oct/2026 12:32:46] "GET /viewer.html HTTP/1.1" 200 -
[WebServer] ::1 - - [10/Oct/2026 12:32:47] "GET /gallery-data.json HTTP/1.1" 200 -
[WebServer] ::1 - - [10/Oct/2026 12:32:47] "GET /binary-samples.json HTTP/1.1" 200 -
[WebServer] ::1 - - [10/Oct/2026 12:32:47] "GET /all-examples.json HTTP/1.1" 200 -
[WebServer] ::1 - - [10/Oct/2026 12:32:47] "GET /nested-examples.json HTTP/1.1" 200 -
[WebServer] ::1 - - [10/Oct/2026 12:32:47] "GET /viewer.html HTTP/1.1" 200 -
[WebServer] ::1 - - [10/Oct/2026 12:32:47] "GET /assets/tokens.css HTTP/1.1" 200 -
[WebServer] ::1 - - [10/Oct/2026 12:32:47] "GET /assets/theme.js HTTP/1.1" 200 -
[WebServer] ::1 - - [10/Oct/2026 12:32:47] "GET /assets/three-md.js?v=1.7.17 HTTP/1.1" 200 -
[WebServer] ::1 - - [10/Oct/2026 12:32:47] "GET /assets/open-document.js?v=3 HTTP/1.1" 200 -
[WebServer] ::1 - - [10/Oct/2026 12:32:47] "GET /gallery-data.json HTTP/1.1" 200 -
[WebServer] ::1 - - [10/Oct/2026 12:32:47] "GET /nested-examples.json HTTP/1.1" 200 -
[WebServer] ::1 - - [10/Oct/2026 12:32:47] "GET /all-examples.json HTTP/1.1" 200 -
[WebServer] ::1 - - [10/Oct/2026 12:32:47] "GET /binary-samples.json HTTP/1.1" 200 -
[WebServer] ::1 - - [10/Oct/2026 12:32:47] "GET /viewer.html HTTP/1.1" 200 -
[WebServer] ::1 - - [10/Oct/2026 12:32:47] "GET /gallery-data.json HTTP/1.1" 200 -
[WebServer] ::1 - - [10/Oct/2026 12:32:47] "GET /all-examples.json HTTP/1.1" 200 -
[WebServer] ::1 - - [10/Oct/2026 12:32:47] "GET /binary-samples.json HTTP/1.1" 200 -
[WebServer] ::1 - - [10/Oct/2026 12:32:47] "GET /nested-examples.json HTTP/1.1" 200 -
[WebServer] ::1 - - [10/Oct/2026 12:32:47] "GET /viewer.html HTTP/1.1" 200 -
[WebServer] ::1 - - [10/Oct/2026 12:32:47] "GET /gallery-data.json HTTP/1.1" 200 -
[WebServer] ::1 - - [10/Oct/2026 12:32:47] "GET /all-examples.json HTTP/1.1" 200 -
[WebServer] ::1 - - [10/Oct/2026 12:32:47] "GET /nested-examples.json HTTP/1.1" 200 -
[WebServer] ::1 - - [10/Oct/2026 12:32:47] "GET /binary-samples.json HTTP/1.1" 200 -
  ✓  220 [webkit] › viewer.spec.mjs:1316:3 › Sculpt Slice parity › grid edits preserve CRLF, labels, prose and downloads exactly (770ms)
[WebServer] ::1 - - [10/Oct/2026 12:32:47] "GET /viewer.html HTTP/1.1" 200 -
[WebServer] ::1 - - [10/Oct/2026 12:32:47] "GET /gallery-data.json HTTP/1.1" 200 -
[WebServer] ::1 - - [10/Oct/2026 12:32:47] "GET /all-examples.json HTTP/1.1" 200 -
[WebServer] ::1 - - [10/Oct/2026 12:32:47] "GET /nested-examples.json HTTP/1.1" 200 -
[WebServer] ::1 - - [10/Oct/2026 12:32:47] "GET /binary-samples.json HTTP/1.1" 200 -
[WebServer] ::1 - - [10/Oct/2026 12:32:47] "GET /viewer.html HTTP/1.1" 200 -
[WebServer] ::1 - - [10/Oct/2026 12:32:47] "GET /gallery-data.json HTTP/1.1" 200 -
[WebServer] ::1 - - [10/Oct/2026 12:32:47] "GET /all-examples.json HTTP/1.1" 200 -
[WebServer] ::1 - - [10/Oct/2026 12:32:47] "GET /binary-samples.json HTTP/1.1" 200 -
[WebServer] ::1 - - [10/Oct/2026 12:32:47] "GET /nested-examples.json HTTP/1.1" 200 -
[WebServer] ::1 - - [10/Oct/2026 12:32:47] "GET /viewer.html HTTP/1.1" 200 -
[WebServer] ::1 - - [10/Oct/2026 12:32:47] "GET /assets/tokens.css HTTP/1.1" 200 -
[WebServer] ::1 - - [10/Oct/2026 12:32:47] "GET /assets/three-md.js?v=1.7.17 HTTP/1.1" 200 -
[WebServer] ::1 - - [10/Oct/2026 12:32:47] "GET /assets/open-document.js?v=3 HTTP/1.1" 200 -
[WebServer] ::1 - - [10/Oct/2026 12:32:47] "GET /assets/theme.js HTTP/1.1" 200 -
[WebServer] ::1 - - [10/Oct/2026 12:32:47] "GET /nested-examples.json HTTP/1.1" 200 -
[WebServer] ::1 - - [10/Oct/2026 12:32:47] "GET /gallery-data.json HTTP/1.1" 200 -
[WebServer] ::1 - - [10/Oct/2026 12:32:47] "GET /binary-samples.json HTTP/1.1" 200 -
[WebServer] ::1 - - [10/Oct/2026 12:32:47] "GET /all-examples.json HTTP/1.1" 200 -
[WebServer] ::1 - - [10/Oct/2026 12:32:48] "GET /viewer.html HTTP/1.1" 200 -
[WebServer] ::1 - - [10/Oct/2026 12:32:48] "GET /gallery-data.json HTTP/1.1" 200 -
[WebServer] ::1 - - [10/Oct/2026 12:32:48] "GET /nested-examples.json HTTP/1.1" 200 -
[WebServer] ::1 - - [10/Oct/2026 12:32:48] "GET /all-examples.json HTTP/1.1" 200 -
[WebServer] ::1 - - [10/Oct/2026 12:32:48] "GET /binary-samples.json HTTP/1.1" 200 -
  ✓  219 [webkit] › viewer.spec.mjs:1298:3 › Sculpt Slice parity › shared native strokes, clipped brushes, four-neighbor fill and no-op undo (2.2s)
  ✓  221 [webkit] › viewer.spec.mjs:1328:3 › Sculpt Slice parity › keyboard cells, grid zoom, previous overlay and shared WebGL reference (758ms)
[WebServer] ::1 - - [10/Oct/2026 12:32:48] "GET /viewer.html HTTP/1.1" 200 -
[WebServer] ::1 - - [10/Oct/2026 12:32:48] "GET /assets/tokens.css HTTP/1.1" 200 -
[WebServer] ::1 - - [10/Oct/2026 12:32:48] "GET /assets/theme.js HTTP/1.1" 200 -
[WebServer] ::1 - - [10/Oct/2026 12:32:48] "GET /assets/three-md.js?v=1.7.17 HTTP/1.1" 200 -
[WebServer] ::1 - - [10/Oct/2026 12:32:48] "GET /assets/open-document.js?v=3 HTTP/1.1" 200 -
[WebServer] ::1 - - [10/Oct/2026 12:32:48] "GET /gallery-data.json HTTP/1.1" 200 -
[WebServer] ::1 - - [10/Oct/2026 12:32:48] "GET /all-examples.json HTTP/1.1" 200 -
[WebServer] ::1 - - [10/Oct/2026 12:32:48] "GET /nested-examples.json HTTP/1.1" 200 -
[WebServer] ::1 - - [10/Oct/2026 12:32:48] "GET /binary-samples.json HTTP/1.1" 200 -
[WebServer] ::1 - - [10/Oct/2026 12:32:48] "GET /viewer.html HTTP/1.1" 200 -
[WebServer] ::1 - - [10/Oct/2026 12:32:48] "GET /assets/tokens.css HTTP/1.1" 200 -
[WebServer] ::1 - - [10/Oct/2026 12:32:48] "GET /assets/theme.js HTTP/1.1" 200 -
[WebServer] ::1 - - [10/Oct/2026 12:32:48] "GET /assets/three-md.js?v=1.7.17 HTTP/1.1" 200 -
[WebServer] ::1 - - [10/Oct/2026 12:32:48] "GET /assets/open-document.js?v=3 HTTP/1.1" 200 -
[WebServer] ::1 - - [10/Oct/2026 12:32:48] "GET /gallery-data.json HTTP/1.1" 200 -
[WebServer] ::1 - - [10/Oct/2026 12:32:48] "GET /binary-samples.json HTTP/1.1" 200 -
[WebServer] ::1 - - [10/Oct/2026 12:32:48] "GET /all-examples.json HTTP/1.1" 200 -
[WebServer] ::1 - - [10/Oct/2026 12:32:48] "GET /nested-examples.json HTTP/1.1" 200 -
  ✓  222 [webkit] › viewer.spec.mjs:1341:3 › Sculpt Slice parity › source typing and Slice share undo and retain it across file navigation (837ms)
  ✓  223 [webkit] › viewer.spec.mjs:1353:3 › Sculpt Slice parity › unsupported grids stay readable and budget rejection restores the full stroke (778ms)
[WebServer] ::1 - - [10/Oct/2026 12:32:49] "GET /viewer.html HTTP/1.1" 200 -
[WebServer] ::1 - - [10/Oct/2026 12:32:49] "GET /assets/tokens.css HTTP/1.1" 200 -
[WebServer] ::1 - - [10/Oct/2026 12:32:49] "GET /assets/theme.js HTTP/1.1" 200 -
[WebServer] ::1 - - [10/Oct/2026 12:32:49] "GET /assets/three-md.js?v=1.7.17 HTTP/1.1" 200 -
[WebServer] ::1 - - [10/Oct/2026 12:32:49] "GET /assets/open-document.js?v=3 HTTP/1.1" 200 -
[WebServer] ::1 - - [10/Oct/2026 12:32:49] "GET /gallery-data.json HTTP/1.1" 200 -
[WebServer] ::1 - - [10/Oct/2026 12:32:49] "GET /binary-samples.json HTTP/1.1" 200 -
[WebServer] ::1 - - [10/Oct/2026 12:32:49] "GET /nested-examples.json HTTP/1.1" 200 -
[WebServer] ::1 - - [10/Oct/2026 12:32:49] "GET /all-examples.json HTTP/1.1" 200 -
[WebServer] ::1 - - [10/Oct/2026 12:32:49] "GET /viewer.html HTTP/1.1" 200 -
[WebServer] ::1 - - [10/Oct/2026 12:32:49] "GET /assets/tokens.css HTTP/1.1" 200 -
[WebServer] ::1 - - [10/Oct/2026 12:32:49] "GET /assets/three-md.js?v=1.7.17 HTTP/1.1" 200 -
[WebServer] ::1 - - [10/Oct/2026 12:32:49] "GET /assets/open-document.js?v=3 HTTP/1.1" 200 -
[WebServer] ::1 - - [10/Oct/2026 12:32:49] "GET /assets/theme.js HTTP/1.1" 200 -
[WebServer] ::1 - - [10/Oct/2026 12:32:49] "GET /gallery-data.json HTTP/1.1" 200 -
[WebServer] ::1 - - [10/Oct/2026 12:32:49] "GET /nested-examples.json HTTP/1.1" 200 -
[WebServer] ::1 - - [10/Oct/2026 12:32:49] "GET /all-examples.json HTTP/1.1" 200 -
[WebServer] ::1 - - [10/Oct/2026 12:32:49] "GET /binary-samples.json HTTP/1.1" 200 -
  ✓  225 [webkit] › viewer.spec.mjs:1370:3 › Sculpt Slice parity › 2D editing works with an unavailable WebGL reference (671ms)
  ✓  224 [webkit] › viewer.spec.mjs:1361:3 › Sculpt Slice parity › phone Slice tools and axis controls stay usable without horizontal page overflow (970ms)
[WebServer] ::1 - - [10/Oct/2026 12:32:50] "GET /viewer.html HTTP/1.1" 200 -
[WebServer] ::1 - - [10/Oct/2026 12:32:50] "GET /assets/tokens.css HTTP/1.1" 200 -
[WebServer] ::1 - - [10/Oct/2026 12:32:50] "GET /assets/theme.js HTTP/1.1" 200 -
[WebServer] ::1 - - [10/Oct/2026 12:32:50] "GET /assets/three-md.js?v=1.7.17 HTTP/1.1" 200 -
[WebServer] ::1 - - [10/Oct/2026 12:32:50] "GET /assets/open-document.js?v=3 HTTP/1.1" 200 -
[WebServer] ::1 - - [10/Oct/2026 12:32:50] "GET /all-examples.json HTTP/1.1" 200 -
[WebServer] ::1 - - [10/Oct/2026 12:32:50] "GET /nested-examples.json HTTP/1.1" 200 -
[WebServer] ::1 - - [10/Oct/2026 12:32:50] "GET /binary-samples.json HTTP/1.1" 200 -
[WebServer] ::1 - - [10/Oct/2026 12:32:50] "GET /gallery-data.json HTTP/1.1" 200 -
[WebServer] ::1 - - [10/Oct/2026 12:32:50] "GET /viewer.html HTTP/1.1" 200 -
[WebServer] ::1 - - [10/Oct/2026 12:32:50] "GET /assets/tokens.css HTTP/1.1" 200 -
[WebServer] ::1 - - [10/Oct/2026 12:32:50] "GET /assets/theme.js HTTP/1.1" 200 -
[WebServer] ::1 - - [10/Oct/2026 12:32:50] "GET /assets/open-document.js?v=3 HTTP/1.1" 200 -
[WebServer] ::1 - - [10/Oct/2026 12:32:50] "GET /assets/three-md.js?v=1.7.17 HTTP/1.1" 200 -
[WebServer] ::1 - - [10/Oct/2026 12:32:50] "GET /nested-examples.json HTTP/1.1" 200 -
[WebServer] ::1 - - [10/Oct/2026 12:32:50] "GET /binary-samples.json HTTP/1.1" 200 -
[WebServer] ::1 - - [10/Oct/2026 12:32:50] "GET /gallery-data.json HTTP/1.1" 200 -
[WebServer] ::1 - - [10/Oct/2026 12:32:50] "GET /all-examples.json HTTP/1.1" 200 -
  ✓  226 [webkit] › viewer.spec.mjs:1375:3 › Sculpt Slice parity › axis inverse, finite inputs, pan steps and Fit leave source and geometry intact (912ms)
[WebServer] ::1 - - [10/Oct/2026 12:32:50] "GET /viewer.html HTTP/1.1" 200 -
[WebServer] ::1 - - [10/Oct/2026 12:32:50] "GET /assets/tokens.css HTTP/1.1" 200 -
[WebServer] ::1 - - [10/Oct/2026 12:32:50] "GET /assets/theme.js HTTP/1.1" 200 -
[WebServer] ::1 - - [10/Oct/2026 12:32:50] "GET /assets/open-document.js?v=3 HTTP/1.1" 200 -
[WebServer] ::1 - - [10/Oct/2026 12:32:50] "GET /assets/three-md.js?v=1.7.17 HTTP/1.1" 200 -
[WebServer] ::1 - - [10/Oct/2026 12:32:50] "GET /gallery-data.json HTTP/1.1" 200 -
[WebServer] ::1 - - [10/Oct/2026 12:32:50] "GET /all-examples.json HTTP/1.1" 200 -
[WebServer] ::1 - - [10/Oct/2026 12:32:50] "GET /binary-samples.json HTTP/1.1" 200 -
[WebServer] ::1 - - [10/Oct/2026 12:32:50] "GET /nested-examples.json HTTP/1.1" 200 -
  ✓  228 [webkit] › viewer.spec.mjs:1411:1 › Slice navigation finishes a touch stroke and ignores its late pointer movement (816ms)
[WebServer] ::1 - - [10/Oct/2026 12:32:51] "GET /viewer.html HTTP/1.1" 200 -
[WebServer] ::1 - - [10/Oct/2026 12:32:51] "GET /assets/tokens.css HTTP/1.1" 200 -
[WebServer] ::1 - - [10/Oct/2026 12:32:51] "GET /assets/theme.js HTTP/1.1" 200 -
[WebServer] ::1 - - [10/Oct/2026 12:32:51] "GET /assets/three-md.js?v=1.7.17 HTTP/1.1" 200 -
[WebServer] ::1 - - [10/Oct/2026 12:32:51] "GET /assets/open-document.js?v=3 HTTP/1.1" 200 -
[WebServer] ::1 - - [10/Oct/2026 12:32:51] "GET /all-examples.json HTTP/1.1" 200 -
[WebServer] ::1 - - [10/Oct/2026 12:32:51] "GET /gallery-data.json HTTP/1.1" 200 -
[WebServer] ::1 - - [10/Oct/2026 12:32:51] "GET /nested-examples.json HTTP/1.1" 200 -
[WebServer] ::1 - - [10/Oct/2026 12:32:51] "GET /binary-samples.json HTTP/1.1" 200 -
  ✓  229 [webkit] › viewer.spec.mjs:1427:3 › shared cube drawable stays sharp through view/viewport changes at 1x density (1.9s)
[WebServer] ::1 - - [10/Oct/2026 12:32:53] "GET /viewer.html HTTP/1.1" 200 -
[WebServer] ::1 - - [10/Oct/2026 12:32:53] "GET /assets/tokens.css HTTP/1.1" 200 -
[WebServer] ::1 - - [10/Oct/2026 12:32:53] "GET /assets/theme.js HTTP/1.1" 200 -
[WebServer] ::1 - - [10/Oct/2026 12:32:53] "GET /assets/three-md.js?v=1.7.17 HTTP/1.1" 200 -
[WebServer] ::1 - - [10/Oct/2026 12:32:53] "GET /assets/open-document.js?v=3 HTTP/1.1" 200 -
[WebServer] ::1 - - [10/Oct/2026 12:32:53] "GET /gallery-data.json HTTP/1.1" 200 -
[WebServer] ::1 - - [10/Oct/2026 12:32:53] "GET /all-examples.json HTTP/1.1" 200 -
[WebServer] ::1 - - [10/Oct/2026 12:32:53] "GET /nested-examples.json HTTP/1.1" 200 -
[WebServer] ::1 - - [10/Oct/2026 12:32:53] "GET /binary-samples.json HTTP/1.1" 200 -
  ✓  230 [webkit] › viewer.spec.mjs:1427:3 › shared cube drawable stays sharp through view/viewport changes at 2x density (1.8s)
  ✓  227 [webkit] › viewer.spec.mjs:1389:1 › Slice history drops only old snapshots at the per-draft and collection budgets (6.5s)

  230 passed (2.2m)
