▶️ Lane: verify — Three language suites, nine-pair public-package interchange, generated bundle drift and editor grammar. Trust runs SpecSync after this lane.
  ▶️ Running task: lint
  ✔ Step 1 done (597ms)
  ▶️ Running task: build
Building for debugging...
[0/5] Write swift-version--58304C5D6DBC2206.txt
Build complete! (0.13s)
  ✔ Step 2 done (641ms)
  ▶️ Running task: test
[0/1] Planning build
Building for debugging...
[0/6] Write swift-version--58304C5D6DBC2206.txt
Build complete! (0.20s)
Test Suite 'All tests' started at 2026-10-10 12:40:49.862.
Test Suite '3mdPackageTests.xctest' started at 2026-10-10 12:40:49.863.
Test Suite 'CompositionEditingTests' started at 2026-10-10 12:40:49.863.
Test Case '-[ThreeMDTests.CompositionEditingTests testCancelledGraphTransactionPropagatesCancellation]' started.
Test Case '-[ThreeMDTests.CompositionEditingTests testCancelledGraphTransactionPropagatesCancellation]' passed (0.005 seconds).
Test Case '-[ThreeMDTests.CompositionEditingTests testEntryReplacementKeepsIDAndCanEditSharedDefinitionWithoutFlattening]' started.
Test Case '-[ThreeMDTests.CompositionEditingTests testEntryReplacementKeepsIDAndCanEditSharedDefinitionWithoutFlattening]' passed (0.004 seconds).
Test Case '-[ThreeMDTests.CompositionEditingTests testFinalGraphValidationAllowsForwardReferenceInsertionAndRootReplacement]' started.
Test Case '-[ThreeMDTests.CompositionEditingTests testFinalGraphValidationAllowsForwardReferenceInsertionAndRootReplacement]' passed (0.003 seconds).
Test Case '-[ThreeMDTests.CompositionEditingTests testGraphRevisionIncludesReferenceOrderAttributesAndRootAndSurvivesReopen]' started.
Test Case '-[ThreeMDTests.CompositionEditingTests testGraphRevisionIncludesReferenceOrderAttributesAndRootAndSurvivesReopen]' passed (0.008 seconds).
Test Case '-[ThreeMDTests.CompositionEditingTests testGraphSnapshotsAndPatchesAreCodableAndDecodedGraphsStillValidate]' started.
Test Case '-[ThreeMDTests.CompositionEditingTests testGraphSnapshotsAndPatchesAreCodableAndDecodedGraphsStillValidate]' passed (0.004 seconds).
Test Case '-[ThreeMDTests.CompositionEditingTests testGraphTransactionBoundsOperationsPayloadAndDefinitions]' started.
Test Case '-[ThreeMDTests.CompositionEditingTests testGraphTransactionBoundsOperationsPayloadAndDefinitions]' passed (0.002 seconds).
Test Case '-[ThreeMDTests.CompositionEditingTests testMissingTargetAndCycleFailuresHaveGraphPathsWithoutPartialPublication]' started.
Test Case '-[ThreeMDTests.CompositionEditingTests testMissingTargetAndCycleFailuresHaveGraphPathsWithoutPartialPublication]' passed (0.003 seconds).
Test Case '-[ThreeMDTests.CompositionEditingTests testReferenceIdentityCannotChangeOrBeDuplicatedWithinOwner]' started.
Test Case '-[ThreeMDTests.CompositionEditingTests testReferenceIdentityCannotChangeOrBeDuplicatedWithinOwner]' passed (0.004 seconds).
Test Case '-[ThreeMDTests.CompositionEditingTests testReferenceRetargetMoveAndRemoveKeepInstanceIdentityAndOpaqueAttributes]' started.
Test Case '-[ThreeMDTests.CompositionEditingTests testReferenceRetargetMoveAndRemoveKeepInstanceIdentityAndOpaqueAttributes]' passed (0.002 seconds).
Test Case '-[ThreeMDTests.CompositionEditingTests testRemovingAndRewritingReferencesValidatesOnlyCompleteFinalGraph]' started.
Test Case '-[ThreeMDTests.CompositionEditingTests testRemovingAndRewritingReferencesValidatesOnlyCompleteFinalGraph]' passed (0.002 seconds).
Test Suite 'CompositionEditingTests' passed at 2026-10-10 12:40:49.899.
	 Executed 10 tests, with 0 failures (0 unexpected) in 0.035 (0.037) seconds
Test Suite 'ConformanceTests' started at 2026-10-10 12:40:49.899.
Test Case '-[ThreeMDTests.ConformanceTests testConformanceVectors]' started.
Test Case '-[ThreeMDTests.ConformanceTests testConformanceVectors]' passed (0.010 seconds).
Test Suite 'ConformanceTests' passed at 2026-10-10 12:40:49.909.
	 Executed 1 test, with 0 failures (0 unexpected) in 0.010 (0.010) seconds
Test Suite 'CrossPlaneLinkHTMLTests' started at 2026-10-10 12:40:49.909.
Test Case '-[ThreeMDTests.CrossPlaneLinkHTMLTests testAnchorHrefMatchesSectionId]' started.
Test Case '-[ThreeMDTests.CrossPlaneLinkHTMLTests testAnchorHrefMatchesSectionId]' passed (0.001 seconds).
Test Case '-[ThreeMDTests.CrossPlaneLinkHTMLTests testCrossPlaneAnchorDecimalTarget]' started.
Test Case '-[ThreeMDTests.CrossPlaneLinkHTMLTests testCrossPlaneAnchorDecimalTarget]' passed (0.000 seconds).
Test Case '-[ThreeMDTests.CrossPlaneLinkHTMLTests testCrossPlaneAnchorDefaultTextIsEscaped]' started.
Test Case '-[ThreeMDTests.CrossPlaneLinkHTMLTests testCrossPlaneAnchorDefaultTextIsEscaped]' passed (0.000 seconds).
Test Case '-[ThreeMDTests.CrossPlaneLinkHTMLTests testCrossPlaneAnchorEmptyText]' started.
Test Case '-[ThreeMDTests.CrossPlaneLinkHTMLTests testCrossPlaneAnchorEmptyText]' passed (0.000 seconds).
Test Case '-[ThreeMDTests.CrossPlaneLinkHTMLTests testCrossPlaneAnchorNegativeTarget]' started.
Test Case '-[ThreeMDTests.CrossPlaneLinkHTMLTests testCrossPlaneAnchorNegativeTarget]' passed (0.000 seconds).
Test Case '-[ThreeMDTests.CrossPlaneLinkHTMLTests testCrossPlaneAnchorNoText]' started.
Test Case '-[ThreeMDTests.CrossPlaneLinkHTMLTests testCrossPlaneAnchorNoText]' passed (0.000 seconds).
Test Case '-[ThreeMDTests.CrossPlaneLinkHTMLTests testCrossPlaneAnchorScientificNotation]' started.
Test Case '-[ThreeMDTests.CrossPlaneLinkHTMLTests testCrossPlaneAnchorScientificNotation]' passed (0.000 seconds).
Test Case '-[ThreeMDTests.CrossPlaneLinkHTMLTests testCrossPlaneAnchorTextIsEscaped]' started.
Test Case '-[ThreeMDTests.CrossPlaneLinkHTMLTests testCrossPlaneAnchorTextIsEscaped]' passed (0.000 seconds).
Test Case '-[ThreeMDTests.CrossPlaneLinkHTMLTests testCrossPlaneAnchorWithText]' started.
Test Case '-[ThreeMDTests.CrossPlaneLinkHTMLTests testCrossPlaneAnchorWithText]' passed (0.000 seconds).
Test Case '-[ThreeMDTests.CrossPlaneLinkHTMLTests testHexTargetNotRenderedAsAnchor]' started.
Test Case '-[ThreeMDTests.CrossPlaneLinkHTMLTests testHexTargetNotRenderedAsAnchor]' passed (0.000 seconds).
Test Case '-[ThreeMDTests.CrossPlaneLinkHTMLTests testInfTargetNotRenderedAsAnchor]' started.
Test Case '-[ThreeMDTests.CrossPlaneLinkHTMLTests testInfTargetNotRenderedAsAnchor]' passed (0.000 seconds).
Test Case '-[ThreeMDTests.CrossPlaneLinkHTMLTests testInvalidTargetNotRenderedAsAnchor]' started.
Test Case '-[ThreeMDTests.CrossPlaneLinkHTMLTests testInvalidTargetNotRenderedAsAnchor]' passed (0.000 seconds).
Test Case '-[ThreeMDTests.CrossPlaneLinkHTMLTests testPublicAnchorHelpersMatchRendererIds]' started.
Test Case '-[ThreeMDTests.CrossPlaneLinkHTMLTests testPublicAnchorHelpersMatchRendererIds]' passed (0.000 seconds).
Test Case '-[ThreeMDTests.CrossPlaneLinkHTMLTests testSectionHasIdAttribute]' started.
Test Case '-[ThreeMDTests.CrossPlaneLinkHTMLTests testSectionHasIdAttribute]' passed (0.000 seconds).
Test Case '-[ThreeMDTests.CrossPlaneLinkHTMLTests testSectionIdForDecimalZ]' started.
Test Case '-[ThreeMDTests.CrossPlaneLinkHTMLTests testSectionIdForDecimalZ]' passed (0.000 seconds).
Test Case '-[ThreeMDTests.CrossPlaneLinkHTMLTests testSectionIdForNegativeZ]' started.
Test Case '-[ThreeMDTests.CrossPlaneLinkHTMLTests testSectionIdForNegativeZ]' passed (0.000 seconds).
Test Case '-[ThreeMDTests.CrossPlaneLinkHTMLTests testSectionIdPrecedesDataZ]' started.
Test Case '-[ThreeMDTests.CrossPlaneLinkHTMLTests testSectionIdPrecedesDataZ]' passed (0.000 seconds).
Test Suite 'CrossPlaneLinkHTMLTests' passed at 2026-10-10 12:40:49.913.
	 Executed 17 tests, with 0 failures (0 unexpected) in 0.003 (0.004) seconds
Test Suite 'CrossPlaneLinkTests' started at 2026-10-10 12:40:49.913.
Test Case '-[ThreeMDTests.CrossPlaneLinkTests testBasicLinkNoText]' started.
Test Case '-[ThreeMDTests.CrossPlaneLinkTests testBasicLinkNoText]' passed (0.000 seconds).
Test Case '-[ThreeMDTests.CrossPlaneLinkTests testDanglingLinksFiltersOnlyMissingTargets]' started.
Test Case '-[ThreeMDTests.CrossPlaneLinkTests testDanglingLinksFiltersOnlyMissingTargets]' passed (0.001 seconds).
Test Case '-[ThreeMDTests.CrossPlaneLinkTests testDanglingLinkTargetExistsFalse]' started.
Test Case '-[ThreeMDTests.CrossPlaneLinkTests testDanglingLinkTargetExistsFalse]' passed (0.000 seconds).
Test Case '-[ThreeMDTests.CrossPlaneLinkTests testDecimalTarget]' started.
Test Case '-[ThreeMDTests.CrossPlaneLinkTests testDecimalTarget]' passed (0.000 seconds).
Test Case '-[ThreeMDTests.CrossPlaneLinkTests testDocumentWithNoLinksReturnsEmpty]' started.
Test Case '-[ThreeMDTests.CrossPlaneLinkTests testDocumentWithNoLinksReturnsEmpty]' passed (0.000 seconds).
Test Case '-[ThreeMDTests.CrossPlaneLinkTests testHexTargetIgnored]' started.
Test Case '-[ThreeMDTests.CrossPlaneLinkTests testHexTargetIgnored]' passed (0.000 seconds).
Test Case '-[ThreeMDTests.CrossPlaneLinkTests testLinkGraphCollapsesRepeatedEdgesInEncounterOrder]' started.
Test Case '-[ThreeMDTests.CrossPlaneLinkTests testLinkGraphCollapsesRepeatedEdgesInEncounterOrder]' passed (0.000 seconds).
Test Case '-[ThreeMDTests.CrossPlaneLinkTests testLinkGraphKeepsDanglingEdgeStatus]' started.
Test Case '-[ThreeMDTests.CrossPlaneLinkTests testLinkGraphKeepsDanglingEdgeStatus]' passed (0.000 seconds).
Test Case '-[ThreeMDTests.CrossPlaneLinkTests testLinksAcrossMultiplePlanesInSourceOrder]' started.
Test Case '-[ThreeMDTests.CrossPlaneLinkTests testLinksAcrossMultiplePlanesInSourceOrder]' passed (0.000 seconds).
Test Case '-[ThreeMDTests.CrossPlaneLinkTests testLinkWithEmptyText]' started.
Test Case '-[ThreeMDTests.CrossPlaneLinkTests testLinkWithEmptyText]' passed (0.000 seconds).
Test Case '-[ThreeMDTests.CrossPlaneLinkTests testLinkWithText]' started.
Test Case '-[ThreeMDTests.CrossPlaneLinkTests testLinkWithText]' passed (0.000 seconds).
Test Case '-[ThreeMDTests.CrossPlaneLinkTests testMultipleLinksLeftToRight]' started.
Test Case '-[ThreeMDTests.CrossPlaneLinkTests testMultipleLinksLeftToRight]' passed (0.000 seconds).
Test Case '-[ThreeMDTests.CrossPlaneLinkTests testNanTargetIgnored]' started.
Test Case '-[ThreeMDTests.CrossPlaneLinkTests testNanTargetIgnored]' passed (0.000 seconds).
Test Case '-[ThreeMDTests.CrossPlaneLinkTests testNegativeDecimalTarget]' started.
Test Case '-[ThreeMDTests.CrossPlaneLinkTests testNegativeDecimalTarget]' passed (0.000 seconds).
Test Case '-[ThreeMDTests.CrossPlaneLinkTests testNonDecimalTargetIgnored]' started.
Test Case '-[ThreeMDTests.CrossPlaneLinkTests testNonDecimalTargetIgnored]' passed (0.000 seconds).
Test Case '-[ThreeMDTests.CrossPlaneLinkTests testOrdinaryMarkdownLinkNotExtracted]' started.
Test Case '-[ThreeMDTests.CrossPlaneLinkTests testOrdinaryMarkdownLinkNotExtracted]' passed (0.000 seconds).
Test Case '-[ThreeMDTests.CrossPlaneLinkTests testScientificNotationTarget]' started.
Test Case '-[ThreeMDTests.CrossPlaneLinkTests testScientificNotationTarget]' passed (0.000 seconds).
Test Suite 'CrossPlaneLinkTests' passed at 2026-10-10 12:40:49.918.
	 Executed 17 tests, with 0 failures (0 unexpected) in 0.004 (0.005) seconds
Test Suite 'DocumentCompositionCodecTests' started at 2026-10-10 12:40:49.918.
Test Case '-[ThreeMDTests.DocumentCompositionCodecTests testCanonicalProfileStoresSharedDefinitionOnceAndIsOrderIndependent]' started.
Test Case '-[ThreeMDTests.DocumentCompositionCodecTests testCanonicalProfileStoresSharedDefinitionOnceAndIsOrderIndependent]' passed (0.004 seconds).
Test Case '-[ThreeMDTests.DocumentCompositionCodecTests testCheckedInGrovePreservesItsSingleCanopyDefinitionAndBindingAcrossFormats]' started.
Test Case '-[ThreeMDTests.DocumentCompositionCodecTests testCheckedInGrovePreservesItsSingleCanopyDefinitionAndBindingAcrossFormats]' passed (0.011 seconds).
Test Case '-[ThreeMDTests.DocumentCompositionCodecTests testJSONAllocationPreflightRejectsExcessiveArraysNestingAndTrailingBytes]' started.
Test Case '-[ThreeMDTests.DocumentCompositionCodecTests testJSONAllocationPreflightRejectsExcessiveArraysNestingAndTrailingBytes]' passed (0.001 seconds).
Test Case '-[ThreeMDTests.DocumentCompositionCodecTests testProfileAndDefinitionBytePoliciesBoundBothReaderAndWriter]' started.
Test Case '-[ThreeMDTests.DocumentCompositionCodecTests testProfileAndDefinitionBytePoliciesBoundBothReaderAndWriter]' passed (0.001 seconds).
Test Case '-[ThreeMDTests.DocumentCompositionCodecTests testProfileUsesGenericPortableBinaryEnvelopeWithoutAnotherFormat]' started.
Test Case '-[ThreeMDTests.DocumentCompositionCodecTests testProfileUsesGenericPortableBinaryEnvelopeWithoutAnotherFormat]' passed (0.003 seconds).
Test Case '-[ThreeMDTests.DocumentCompositionCodecTests testReaderRejectsDuplicateDefinitionIDsAndUnusedMissingReferences]' started.
Test Case '-[ThreeMDTests.DocumentCompositionCodecTests testReaderRejectsDuplicateDefinitionIDsAndUnusedMissingReferences]' passed (0.001 seconds).
Test Case '-[ThreeMDTests.DocumentCompositionCodecTests testReaderRejectsDuplicateJSONKeysIncludingEscapedSpelling]' started.
Test Case '-[ThreeMDTests.DocumentCompositionCodecTests testReaderRejectsDuplicateJSONKeysIncludingEscapedSpelling]' passed (0.000 seconds).
Test Case '-[ThreeMDTests.DocumentCompositionCodecTests testReaderRejectsInvalidUnusedDefinitionsAndDoesNotLoadSourcePaths]' started.
Test Case '-[ThreeMDTests.DocumentCompositionCodecTests testReaderRejectsInvalidUnusedDefinitionsAndDoesNotLoadSourcePaths]' passed (0.001 seconds).
Test Case '-[ThreeMDTests.DocumentCompositionCodecTests testReaderRejectsUnknownManifestEntryAndReferenceKeys]' started.
Test Case '-[ThreeMDTests.DocumentCompositionCodecTests testReaderRejectsUnknownManifestEntryAndReferenceKeys]' passed (0.001 seconds).
Test Case '-[ThreeMDTests.DocumentCompositionCodecTests testReaderRequiresExactEnvelopeAndVersionedManifest]' started.
Test Case '-[ThreeMDTests.DocumentCompositionCodecTests testReaderRequiresExactEnvelopeAndVersionedManifest]' passed (0.001 seconds).
Test Case '-[ThreeMDTests.DocumentCompositionCodecTests testReferenceAttributesPreserveControlsQuotesAndUnicodeWithoutBreakingFences]' started.
Test Case '-[ThreeMDTests.DocumentCompositionCodecTests testReferenceAttributesPreserveControlsQuotesAndUnicodeWithoutBreakingFences]' passed (0.002 seconds).
Test Suite 'DocumentCompositionCodecTests' passed at 2026-10-10 12:40:49.945.
	 Executed 11 tests, with 0 failures (0 unexpected) in 0.026 (0.027) seconds
Test Suite 'DocumentCompositionTests' started at 2026-10-10 12:40:49.945.
Test Case '-[ThreeMDTests.DocumentCompositionTests testCanceledConstructionAndStorageStayDistinctFromValidationErrors]' started.
Test Case '-[ThreeMDTests.DocumentCompositionTests testCanceledConstructionAndStorageStayDistinctFromValidationErrors]' passed (0.001 seconds).
Test Case '-[ThreeMDTests.DocumentCompositionTests testCyclesAreRejectedInRootAndUnusedNodes]' started.
Test Case '-[ThreeMDTests.DocumentCompositionTests testCyclesAreRejectedInRootAndUnusedNodes]' passed (0.001 seconds).
Test Case '-[ThreeMDTests.DocumentCompositionTests testDefinitionDepthAndReferenceBudgetsHaveExactBoundarySemantics]' started.
Test Case '-[ThreeMDTests.DocumentCompositionTests testDefinitionDepthAndReferenceBudgetsHaveExactBoundarySemantics]' passed (0.001 seconds).
Test Case '-[ThreeMDTests.DocumentCompositionTests testDefinitionDocumentPolicyIsIndependentOfCompositionPolicy]' started.
Test Case '-[ThreeMDTests.DocumentCompositionTests testDefinitionDocumentPolicyIsIndependentOfCompositionPolicy]' passed (0.000 seconds).
Test Case '-[ThreeMDTests.DocumentCompositionTests testEveryDefinitionIsValidatedEvenWhenUnused]' started.
Test Case '-[ThreeMDTests.DocumentCompositionTests testEveryDefinitionIsValidatedEvenWhenUnused]' passed (0.000 seconds).
Test Case '-[ThreeMDTests.DocumentCompositionTests testIDsAreCaseSensitiveAndNeverFileOrNetworkLocations]' started.
Test Case '-[ThreeMDTests.DocumentCompositionTests testIDsAreCaseSensitiveAndNeverFileOrNetworkLocations]' passed (0.000 seconds).
Test Case '-[ThreeMDTests.DocumentCompositionTests testMissingRootMissingTargetAndDuplicateDefinitionsAreRejected]' started.
Test Case '-[ThreeMDTests.DocumentCompositionTests testMissingRootMissingTargetAndDuplicateDefinitionsAreRejected]' passed (0.000 seconds).
Test Case '-[ThreeMDTests.DocumentCompositionTests testOccurrenceBudgetCountsSharedReferencesWithoutMaterializingThem]' started.
Test Case '-[ThreeMDTests.DocumentCompositionTests testOccurrenceBudgetCountsSharedReferencesWithoutMaterializingThem]' passed (0.001 seconds).
Test Case '-[ThreeMDTests.DocumentCompositionTests testReferenceAttributesAreOpaqueUnicodeDataWithCountAndByteLimits]' started.
Test Case '-[ThreeMDTests.DocumentCompositionTests testReferenceAttributesAreOpaqueUnicodeDataWithCountAndByteLimits]' passed (0.001 seconds).
Test Case '-[ThreeMDTests.DocumentCompositionTests testResourceLimitsCannotBeRaisedBeyondAbsoluteBounds]' started.
Test Case '-[ThreeMDTests.DocumentCompositionTests testResourceLimitsCannotBeRaisedBeyondAbsoluteBounds]' passed (0.000 seconds).
Test Case '-[ThreeMDTests.DocumentCompositionTests testSharedNestedDefinitionsPreserveAxesMetadataAndReferenceOrder]' started.
Test Case '-[ThreeMDTests.DocumentCompositionTests testSharedNestedDefinitionsPreserveAxesMetadataAndReferenceOrder]' passed (0.003 seconds).
Test Case '-[ThreeMDTests.DocumentCompositionTests testUniqueSourceByteBudgetCountsEachDefinitionOnce]' started.
Test Case '-[ThreeMDTests.DocumentCompositionTests testUniqueSourceByteBudgetCountsEachDefinitionOnce]' passed (0.000 seconds).
Test Case '-[ThreeMDTests.DocumentCompositionTests testUnusedDepthAndOccurrenceBudgetsAreAlsoEnforced]' started.
Test Case '-[ThreeMDTests.DocumentCompositionTests testUnusedDepthAndOccurrenceBudgetsAreAlsoEnforced]' passed (0.000 seconds).
Test Suite 'DocumentCompositionTests' passed at 2026-10-10 12:40:49.955.
	 Executed 13 tests, with 0 failures (0 unexpected) in 0.010 (0.010) seconds
Test Suite 'DocumentDiagnosticTests' started at 2026-10-10 12:40:49.955.
Test Case '-[ThreeMDTests.DocumentDiagnosticTests testCancellationIsNeverConvertedIntoAValidationDiagnostic]' started.
Test Case '-[ThreeMDTests.DocumentDiagnosticTests testCancellationIsNeverConvertedIntoAValidationDiagnostic]' passed (0.000 seconds).
Test Case '-[ThreeMDTests.DocumentDiagnosticTests testCancelledCompositionDiagnosticsDoNotBeginPreflightOrGraphValidation]' started.
Test Case '-[ThreeMDTests.DocumentDiagnosticTests testCancelledCompositionDiagnosticsDoNotBeginPreflightOrGraphValidation]' passed (0.000 seconds).
Test Case '-[ThreeMDTests.DocumentDiagnosticTests testCompositionDiagnosticBudgetRejectsBeforeExpensiveGraphSourceValidation]' started.
Test Case '-[ThreeMDTests.DocumentDiagnosticTests testCompositionDiagnosticBudgetRejectsBeforeExpensiveGraphSourceValidation]' passed (0.001 seconds).
Test Case '-[ThreeMDTests.DocumentDiagnosticTests testCompositionDiagnosticPreflightStillEnforcesCheapCountPolicies]' started.
Test Case '-[ThreeMDTests.DocumentDiagnosticTests testCompositionDiagnosticPreflightStillEnforcesCheapCountPolicies]' passed (0.000 seconds).
Test Case '-[ThreeMDTests.DocumentDiagnosticTests testCompositionDiagnosticsScopeRepeatedInstanceIDsByOwner]' started.
Test Case '-[ThreeMDTests.DocumentDiagnosticTests testCompositionDiagnosticsScopeRepeatedInstanceIDsByOwner]' passed (0.001 seconds).
Test Case '-[ThreeMDTests.DocumentDiagnosticTests testDiagnosticCeilingSignalsUninspectedRemainder]' started.
Test Case '-[ThreeMDTests.DocumentDiagnosticTests testDiagnosticCeilingSignalsUninspectedRemainder]' passed (0.000 seconds).
Test Case '-[ThreeMDTests.DocumentDiagnosticTests testDiagnosticInputAndValueByteWorkAreBounded]' started.
Test Case '-[ThreeMDTests.DocumentDiagnosticTests testDiagnosticInputAndValueByteWorkAreBounded]' passed (0.000 seconds).
Test Case '-[ThreeMDTests.DocumentDiagnosticTests testHostileLinkPrefixesDoNotTriggerLegacyRegexDuringDiagnostics]' started.
Test Case '-[ThreeMDTests.DocumentDiagnosticTests testHostileLinkPrefixesDoNotTriggerLegacyRegexDuringDiagnostics]' passed (0.017 seconds).
Test Case '-[ThreeMDTests.DocumentDiagnosticTests testSharedDecimalScannerRejectsLongMalformedLinkNumberAndPreservesGrammar]' started.
Test Case '-[ThreeMDTests.DocumentDiagnosticTests testSharedDecimalScannerRejectsLongMalformedLinkNumberAndPreservesGrammar]' passed (0.004 seconds).
Test Case '-[ThreeMDTests.DocumentDiagnosticTests testSourceParseDiagnosticsPreserveRealLineEvidence]' started.
Test Case '-[ThreeMDTests.DocumentDiagnosticTests testSourceParseDiagnosticsPreserveRealLineEvidence]' passed (0.000 seconds).
Test Case '-[ThreeMDTests.DocumentDiagnosticTests testValueDiagnosticsHavePlanePathsAndNoInventedLines]' started.
Test Case '-[ThreeMDTests.DocumentDiagnosticTests testValueDiagnosticsHavePlanePathsAndNoInventedLines]' passed (0.001 seconds).
Test Suite 'DocumentDiagnosticTests' passed at 2026-10-10 12:40:49.980.
	 Executed 11 tests, with 0 failures (0 unexpected) in 0.024 (0.025) seconds
Test Suite 'DocumentEditingTests' started at 2026-10-10 12:40:49.980.
Test Case '-[ThreeMDTests.DocumentEditingTests testAtomicCoordinateSwapRetainsIDsSourceOrderMetadataAndLegacyLinks]' started.
Test Case '-[ThreeMDTests.DocumentEditingTests testAtomicCoordinateSwapRetainsIDsSourceOrderMetadataAndLegacyLinks]' passed (0.001 seconds).
Test Case '-[ThreeMDTests.DocumentEditingTests testCancelledTransactionPropagatesCancellation]' started.
Test Case '-[ThreeMDTests.DocumentEditingTests testCancelledTransactionPropagatesCancellation]' passed (0.000 seconds).
Test Case '-[ThreeMDTests.DocumentEditingTests testCanonicalReopenHasSameRevisionAndCodableValuesRoundTrip]' started.
Test Case '-[ThreeMDTests.DocumentEditingTests testCanonicalReopenHasSameRevisionAndCodableValuesRoundTrip]' passed (0.001 seconds).
Test Case '-[ThreeMDTests.DocumentEditingTests testFailureAfterValidFirstOperationPublishesNothing]' started.
Test Case '-[ThreeMDTests.DocumentEditingTests testFailureAfterValidFirstOperationPublishesNothing]' passed (0.000 seconds).
Test Case '-[ThreeMDTests.DocumentEditingTests testFinalCoordinateConflictReturnsPrecisePathAndNoMutation]' started.
Test Case '-[ThreeMDTests.DocumentEditingTests testFinalCoordinateConflictReturnsPrecisePathAndNoMutation]' passed (0.000 seconds).
Test Case '-[ThreeMDTests.DocumentEditingTests testInsertMoveRemoveAndHeaderTransactionPreservesUnrelatedPlanes]' started.
Test Case '-[ThreeMDTests.DocumentEditingTests testInsertMoveRemoveAndHeaderTransactionPreservesUnrelatedPlanes]' passed (0.000 seconds).
Test Case '-[ThreeMDTests.DocumentEditingTests testInvalidFinalDirectValuesCannotEscapeStorageValidation]' started.
Test Case '-[ThreeMDTests.DocumentEditingTests testInvalidFinalDirectValuesCannotEscapeStorageValidation]' passed (0.001 seconds).
Test Case '-[ThreeMDTests.DocumentEditingTests testInvalidInsertMoveAndDuplicateIdentityAreDiagnosed]' started.
Test Case '-[ThreeMDTests.DocumentEditingTests testInvalidInsertMoveAndDuplicateIdentityAreDiagnosed]' passed (0.001 seconds).
Test Case '-[ThreeMDTests.DocumentEditingTests testNoIdentityLegacyDocumentRequiresExplicitAdoptionForTargetedEdits]' started.
Test Case '-[ThreeMDTests.DocumentEditingTests testNoIdentityLegacyDocumentRequiresExplicitAdoptionForTargetedEdits]' passed (0.001 seconds).
Test Case '-[ThreeMDTests.DocumentEditingTests testOperationOperandAndExpectedRevisionBudgetsAreEnforced]' started.
Test Case '-[ThreeMDTests.DocumentEditingTests testOperationOperandAndExpectedRevisionBudgetsAreEnforced]' passed (0.000 seconds).
Test Case '-[ThreeMDTests.DocumentEditingTests testReplacementCannotSilentlyChangeOrDropIdentity]' started.
Test Case '-[ThreeMDTests.DocumentEditingTests testReplacementCannotSilentlyChangeOrDropIdentity]' passed (0.000 seconds).
Test Case '-[ThreeMDTests.DocumentEditingTests testSnapshotDecoderRejectsForgedRevision]' started.
Test Case '-[ThreeMDTests.DocumentEditingTests testSnapshotDecoderRejectsForgedRevision]' passed (0.000 seconds).
Test Case '-[ThreeMDTests.DocumentEditingTests testStaleExactRevisionRejectsChangedContentAndUnicodeEquivalentBytes]' started.
Test Case '-[ThreeMDTests.DocumentEditingTests testStaleExactRevisionRejectsChangedContentAndUnicodeEquivalentBytes]' passed (0.000 seconds).
Test Suite 'DocumentEditingTests' passed at 2026-10-10 12:40:49.988.
	 Executed 13 tests, with 0 failures (0 unexpected) in 0.007 (0.008) seconds
Test Suite 'DocumentFileCompositionTests' started at 2026-10-10 12:40:49.988.
Test Case '-[ThreeMDTests.DocumentFileCompositionTests testAttributeBoundCountsNormalizedDirectoryPrefixBytes]' started.
Test Case '-[ThreeMDTests.DocumentFileCompositionTests testAttributeBoundCountsNormalizedDirectoryPrefixBytes]' passed (0.003 seconds).
Test Case '-[ThreeMDTests.DocumentFileCompositionTests testBundledTextAndBinaryReopenWithoutSupplyingAnySourceFiles]' started.
Test Case '-[ThreeMDTests.DocumentFileCompositionTests testBundledTextAndBinaryReopenWithoutSupplyingAnySourceFiles]' passed (0.005 seconds).
Test Case '-[ThreeMDTests.DocumentFileCompositionTests testCachedSubtreeIsChargedAtItsDeeperOccurrenceAgainstTheDiscoveryCeiling]' started.
Test Case '-[ThreeMDTests.DocumentFileCompositionTests testCachedSubtreeIsChargedAtItsDeeperOccurrenceAgainstTheDiscoveryCeiling]' passed (0.250 seconds).
Test Case '-[ThreeMDTests.DocumentFileCompositionTests testCancellationDuringARunningFanOutResolutionPublishesNoResult]' started.
Test Case '-[ThreeMDTests.DocumentFileCompositionTests testCancellationDuringARunningFanOutResolutionPublishesNoResult]' passed (1.161 seconds).
Test Case '-[ThreeMDTests.DocumentFileCompositionTests testCancellationStaysDistinctAndNeverReturnsPartialComposition]' started.
Test Case '-[ThreeMDTests.DocumentFileCompositionTests testCancellationStaysDistinctAndNeverReturnsPartialComposition]' passed (0.001 seconds).
Test Case '-[ThreeMDTests.DocumentFileCompositionTests testCancelledPathResolutionPrecedesOversizedInput]' started.
Test Case '-[ThreeMDTests.DocumentFileCompositionTests testCancelledPathResolutionPrecedesOversizedInput]' passed (0.000 seconds).
Test Case '-[ThreeMDTests.DocumentFileCompositionTests testChildStorageFailuresKeepOriginalErrorType]' started.
Test Case '-[ThreeMDTests.DocumentFileCompositionTests testChildStorageFailuresKeepOriginalErrorType]' passed (0.001 seconds).
Test Case '-[ThreeMDTests.DocumentFileCompositionTests testDisconnectedEmbeddedLedgerUsesActualEntryDepthAndRepeatedCachedFiles]' started.
Test Case '-[ThreeMDTests.DocumentFileCompositionTests testDisconnectedEmbeddedLedgerUsesActualEntryDepthAndRepeatedCachedFiles]' passed (0.003 seconds).
Test Case '-[ThreeMDTests.DocumentFileCompositionTests testDiscoveryMissingFilePrecedesUnvalidatedFinalGraphDepth]' started.
Test Case '-[ThreeMDTests.DocumentFileCompositionTests testDiscoveryMissingFilePrecedesUnvalidatedFinalGraphDepth]' passed (0.001 seconds).
Test Case '-[ThreeMDTests.DocumentFileCompositionTests testDuplicateBasenamesAndUnicodeScalarOrderingRemainDistinct]' started.
Test Case '-[ThreeMDTests.DocumentFileCompositionTests testDuplicateBasenamesAndUnicodeScalarOrderingRemainDistinct]' passed (0.003 seconds).
Test Case '-[ThreeMDTests.DocumentFileCompositionTests testDuplicateNormalizedAndCanonicallyEquivalentSourcesFailBeforeDecode]' started.
Test Case '-[ThreeMDTests.DocumentFileCompositionTests testDuplicateNormalizedAndCanonicallyEquivalentSourcesFailBeforeDecode]' passed (0.000 seconds).
Test Case '-[ThreeMDTests.DocumentFileCompositionTests testExistingBundleRetainsUnusedEntriesOpaqueAttributesAndIdentitiesAndScansEveryLedger]' started.
Test Case '-[ThreeMDTests.DocumentFileCompositionTests testExistingBundleRetainsUnusedEntriesOpaqueAttributesAndIdentitiesAndScansEveryLedger]' passed (0.009 seconds).
Test Case '-[ThreeMDTests.DocumentFileCompositionTests testExistingEdgesPrecedeLedgerEdgesAndEmbeddedLedgersResolveFromTheirBundleFolder]' started.
Test Case '-[ThreeMDTests.DocumentFileCompositionTests testExistingEdgesPrecedeLedgerEdgesAndEmbeddedLedgersResolveFromTheirBundleFolder]' passed (0.004 seconds).
Test Case '-[ThreeMDTests.DocumentFileCompositionTests testFileCyclesIncludeUnusedEmbeddedEntryLedgers]' started.
Test Case '-[ThreeMDTests.DocumentFileCompositionTests testFileCyclesIncludeUnusedEmbeddedEntryLedgers]' passed (0.002 seconds).
Test Case '-[ThreeMDTests.DocumentFileCompositionTests testFixedFileDiscoverySafetyCeilingRemainsBoundedForDisconnectedEntries]' started.
Test Case '-[ThreeMDTests.DocumentFileCompositionTests testFixedFileDiscoverySafetyCeilingRemainsBoundedForDisconnectedEntries]' passed (0.208 seconds).
Test Case '-[ThreeMDTests.DocumentFileCompositionTests testLedgerEscapesDecodeBeforePathGrammar]' started.
Test Case '-[ThreeMDTests.DocumentFileCompositionTests testLedgerEscapesDecodeBeforePathGrammar]' passed (0.003 seconds).
Test Case '-[ThreeMDTests.DocumentFileCompositionTests testLedgerRejectsDuplicateEscapedKeysAndMalformedValuesAndGlyphs]' started.
Test Case '-[ThreeMDTests.DocumentFileCompositionTests testLedgerRejectsDuplicateEscapedKeysAndMalformedValuesAndGlyphs]' passed (0.000 seconds).
Test Case '-[ThreeMDTests.DocumentFileCompositionTests testLongDirectoryOwnersResolveRepeatedSourcesOnceAndRefuseOverBoundTargetsAtTheFirstEdge]' started.
Test Case '-[ThreeMDTests.DocumentFileCompositionTests testLongDirectoryOwnersResolveRepeatedSourcesOnceAndRefuseOverBoundTargetsAtTheFirstEdge]' passed (1.608 seconds).
Test Case '-[ThreeMDTests.DocumentFileCompositionTests testLongOwnerPathWithManyReferencesResolvesEveryReferenceInItsDirectory]' started.
Test Case '-[ThreeMDTests.DocumentFileCompositionTests testLongOwnerPathWithManyReferencesResolvesEveryReferenceInItsDirectory]' passed (0.107 seconds).
Test Case '-[ThreeMDTests.DocumentFileCompositionTests testLoweredDefinitionDepthReferenceTraversalAndAttributePoliciesApplyToCompleteGraph]' started.
Test Case '-[ThreeMDTests.DocumentFileCompositionTests testLoweredDefinitionDepthReferenceTraversalAndAttributePoliciesApplyToCompleteGraph]' passed (0.004 seconds).
Test Case '-[ThreeMDTests.DocumentFileCompositionTests testLoweredPolicyChargesOriginalPathBytesBeforePathGrammarAndEncodedBytesBeforeDecoding]' started.
Test Case '-[ThreeMDTests.DocumentFileCompositionTests testLoweredPolicyChargesOriginalPathBytesBeforePathGrammarAndEncodedBytesBeforeDecoding]' passed (0.002 seconds).
Test Case '-[ThreeMDTests.DocumentFileCompositionTests testMissingRootAndLinkedChildReportNormalizedMissingPaths]' started.
Test Case '-[ThreeMDTests.DocumentFileCompositionTests testMissingRootAndLinkedChildReportNormalizedMissingPaths]' passed (0.000 seconds).
Test Case '-[ThreeMDTests.DocumentFileCompositionTests testNestedParentPathsAndRefreshedChildrenRetainDeterministicIDs]' started.
Test Case '-[ThreeMDTests.DocumentFileCompositionTests testNestedParentPathsAndRefreshedChildrenRetainDeterministicIDs]' passed (0.003 seconds).
Test Case '-[ThreeMDTests.DocumentFileCompositionTests testNestedProfileUsesProfileRecordPolicyWhileOrdinaryAndChildDocumentsKeepTheirOwnPolicy]' started.
Test Case '-[ThreeMDTests.DocumentFileCompositionTests testNestedProfileUsesProfileRecordPolicyWhileOrdinaryAndChildDocumentsKeepTheirOwnPolicy]' passed (0.006 seconds).
Test Case '-[ThreeMDTests.DocumentFileCompositionTests testOnlyReachableSourcesDecode]' started.
Test Case '-[ThreeMDTests.DocumentFileCompositionTests testOnlyReachableSourcesDecode]' passed (0.001 seconds).
Test Case '-[ThreeMDTests.DocumentFileCompositionTests testOuterRecognitionDoesNotUseCallerPlaneLimitBeforeByteAndLinePolicies]' started.
Test Case '-[ThreeMDTests.DocumentFileCompositionTests testOuterRecognitionDoesNotUseCallerPlaneLimitBeforeByteAndLinePolicies]' passed (0.001 seconds).
Test Case '-[ThreeMDTests.DocumentFileCompositionTests testOverBoundLedgerEdgeIsRefusedWhileResolvingBeforeLaterRefusals]' started.
Test Case '-[ThreeMDTests.DocumentFileCompositionTests testOverBoundLedgerEdgeIsRefusedWhileResolvingBeforeLaterRefusals]' passed (0.002 seconds).
Test Case '-[ThreeMDTests.DocumentFileCompositionTests testOwnerDirectoryResolutionKeepsParentDotAndGrammarSemantics]' started.
Test Case '-[ThreeMDTests.DocumentFileCompositionTests testOwnerDirectoryResolutionKeepsParentDotAndGrammarSemantics]' passed (0.000 seconds).
Test Case '-[ThreeMDTests.DocumentFileCompositionTests testPathsNormalizeNFCAndParentsWithoutPercentDecoding]' started.
Test Case '-[ThreeMDTests.DocumentFileCompositionTests testPathsNormalizeNFCAndParentsWithoutPercentDecoding]' passed (0.000 seconds).
Test Case '-[ThreeMDTests.DocumentFileCompositionTests testReachableEncodedByteAndSuppliedCountAndAggregatePathLimitsFailBeforeIndexingOrPublishing]' started.
Test Case '-[ThreeMDTests.DocumentFileCompositionTests testReachableEncodedByteAndSuppliedCountAndAggregatePathLimitsFailBeforeIndexingOrPublishing]' passed (0.000 seconds).
Test Case '-[ThreeMDTests.DocumentFileCompositionTests testRefusalsFollowEntryIDThenGlyphDiscoveryOrder]' started.
Test Case '-[ThreeMDTests.DocumentFileCompositionTests testRefusalsFollowEntryIDThenGlyphDiscoveryOrder]' passed (0.005 seconds).
Test Case '-[ThreeMDTests.DocumentFileCompositionTests testRepeatedCachedFilesAreStillCheckedAgainstFinalCompleteEntryDepth]' started.
Test Case '-[ThreeMDTests.DocumentFileCompositionTests testRepeatedCachedFilesAreStillCheckedAgainstFinalCompleteEntryDepth]' passed (0.003 seconds).
Test Case '-[ThreeMDTests.DocumentFileCompositionTests testResolverOutputRebundlesWithOpaqueGlyphAndSourceFileAttributes]' started.
Test Case '-[ThreeMDTests.DocumentFileCompositionTests testResolverOutputRebundlesWithOpaqueGlyphAndSourceFileAttributes]' passed (0.004 seconds).
Test Case '-[ThreeMDTests.DocumentFileCompositionTests testRootAndUnreachableSuppliedPathsUseTheLedgerPathGrammar]' started.
Test Case '-[ThreeMDTests.DocumentFileCompositionTests testRootAndUnreachableSuppliedPathsUseTheLedgerPathGrammar]' passed (0.003 seconds).
Test Case '-[ThreeMDTests.DocumentFileCompositionTests testSelfAndAliasCyclesCompareNormalizedPaths]' started.
Test Case '-[ThreeMDTests.DocumentFileCompositionTests testSelfAndAliasCyclesCompareNormalizedPaths]' passed (0.002 seconds).
Test Case '-[ThreeMDTests.DocumentFileCompositionTests testSimpleRepeatedFilesProduceOneDefinitionAndPreserveOrdinaryDocumentFields]' started.
Test Case '-[ThreeMDTests.DocumentFileCompositionTests testSimpleRepeatedFilesProduceOneDefinitionAndPreserveOrdinaryDocumentFields]' passed (0.001 seconds).
Test Case '-[ThreeMDTests.DocumentFileCompositionTests testSourceFileAttributeBoundCountsNormalizedUTF8Bytes]' started.
Test Case '-[ThreeMDTests.DocumentFileCompositionTests testSourceFileAttributeBoundCountsNormalizedUTF8Bytes]' passed (0.146 seconds).
Test Case '-[ThreeMDTests.DocumentFileCompositionTests testStandalonePathsAndLedgersPastTheOldRecordSizeAreSaved]' started.
Test Case '-[ThreeMDTests.DocumentFileCompositionTests testStandalonePathsAndLedgersPastTheOldRecordSizeAreSaved]' passed (0.975 seconds).
Test Case '-[ThreeMDTests.DocumentFileCompositionTests testTextAndUncompressedBinaryChildrenBundleIdenticallyWithoutExtensionRestrictions]' started.
Test Case '-[ThreeMDTests.DocumentFileCompositionTests testTextAndUncompressedBinaryChildrenBundleIdenticallyWithoutExtensionRestrictions]' passed (0.004 seconds).
Test Suite 'DocumentFileCompositionTests' passed at 2026-10-10 12:40:54.526.
	 Executed 39 tests, with 0 failures (0 unexpected) in 4.535 (4.538) seconds
Test Suite 'DocumentIdentityTests' started at 2026-10-10 12:40:54.526.
Test Case '-[ThreeMDTests.DocumentIdentityTests testAdoptionPreservesNamespaceMetadataAndDeterministicallySkipsExistingIDs]' started.
Test Case '-[ThreeMDTests.DocumentIdentityTests testAdoptionPreservesNamespaceMetadataAndDeterministicallySkipsExistingIDs]' passed (0.002 seconds).
Test Case '-[ThreeMDTests.DocumentIdentityTests testCancelledIdentityAdoptionReturnsCancellation]' started.
Test Case '-[ThreeMDTests.DocumentIdentityTests testCancelledIdentityAdoptionReturnsCancellation]' passed (0.000 seconds).
Test Case '-[ThreeMDTests.DocumentIdentityTests testDuplicateReferenceIdentityFailsWithinOwnerOnly]' started.
Test Case '-[ThreeMDTests.DocumentIdentityTests testDuplicateReferenceIdentityFailsWithinOwnerOnly]' passed (0.000 seconds).
Test Case '-[ThreeMDTests.DocumentIdentityTests testDuplicatesAreRejectedRatherThanSilentlyRegenerated]' started.
Test Case '-[ThreeMDTests.DocumentIdentityTests testDuplicatesAreRejectedRatherThanSilentlyRegenerated]' passed (0.000 seconds).
Test Case '-[ThreeMDTests.DocumentIdentityTests testExplicitIdentitiesRoundTripThroughTextAndBothBinaryBackends]' started.
Test Case '-[ThreeMDTests.DocumentIdentityTests testExplicitIdentitiesRoundTripThroughTextAndBothBinaryBackends]' passed (0.001 seconds).
Test Case '-[ThreeMDTests.DocumentIdentityTests testIdentityAdoptionRespectsDocumentAndReferenceAttributeBudgets]' started.
Test Case '-[ThreeMDTests.DocumentIdentityTests testIdentityAdoptionRespectsDocumentAndReferenceAttributeBudgets]' passed (0.001 seconds).
Test Case '-[ThreeMDTests.DocumentIdentityTests testRepeatedTargetsGainIndependentOwnerScopedReferenceIDs]' started.
Test Case '-[ThreeMDTests.DocumentIdentityTests testRepeatedTargetsGainIndependentOwnerScopedReferenceIDs]' passed (0.003 seconds).
Test Case '-[ThreeMDTests.DocumentIdentityTests testUnsafeAndEmptyExistingIDsAreRejectedWithExactPaths]' started.
Test Case '-[ThreeMDTests.DocumentIdentityTests testUnsafeAndEmptyExistingIDsAreRejectedWithExactPaths]' passed (0.001 seconds).
Test Suite 'DocumentIdentityTests' passed at 2026-10-10 12:40:54.534.
	 Executed 8 tests, with 0 failures (0 unexpected) in 0.008 (0.008) seconds
Test Suite 'DocumentStorageBoundsTests' started at 2026-10-10 12:40:54.534.
Test Case '-[ThreeMDTests.DocumentStorageBoundsTests testADocumentPastTheOldCeilingRoundTrips]' started.
Test Case '-[ThreeMDTests.DocumentStorageBoundsTests testADocumentPastTheOldCeilingRoundTrips]' passed (19.038 seconds).
Test Case '-[ThreeMDTests.DocumentStorageBoundsTests testCanceledTasksCannotReturnPartiallyEncodedOrDecodedDocuments]' started.
Test Case '-[ThreeMDTests.DocumentStorageBoundsTests testCanceledTasksCannotReturnPartiallyEncodedOrDecodedDocuments]' passed (0.001 seconds).
Test Case '-[ThreeMDTests.DocumentStorageBoundsTests testCombinedScalarAndDirectiveBytesCannotBypassTheOutputBound]' started.
Test Case '-[ThreeMDTests.DocumentStorageBoundsTests testCombinedScalarAndDirectiveBytesCannotBypassTheOutputBound]' passed (0.000 seconds).
Test Case '-[ThreeMDTests.DocumentStorageBoundsTests testLimitsArePositiveAndHaveNoAbsoluteCeiling]' started.
Test Case '-[ThreeMDTests.DocumentStorageBoundsTests testLimitsArePositiveAndHaveNoAbsoluteCeiling]' passed (0.000 seconds).
Test Case '-[ThreeMDTests.DocumentStorageBoundsTests testPhysicalLinesAreBoundedBeforeParsingEvenForBlankInputs]' started.
Test Case '-[ThreeMDTests.DocumentStorageBoundsTests testPhysicalLinesAreBoundedBeforeParsingEvenForBlankInputs]' passed (0.009 seconds).
Test Case '-[ThreeMDTests.DocumentStorageBoundsTests testPlanePreflightIgnoresDirectivesInsideBothKindsOfFences]' started.
Test Case '-[ThreeMDTests.DocumentStorageBoundsTests testPlanePreflightIgnoresDirectivesInsideBothKindsOfFences]' passed (0.000 seconds).
Test Case '-[ThreeMDTests.DocumentStorageBoundsTests testRecordBoundIncludesWholePlaneBodiesAndEscapedScalarLines]' started.
Test Case '-[ThreeMDTests.DocumentStorageBoundsTests testRecordBoundIncludesWholePlaneBodiesAndEscapedScalarLines]' passed (0.000 seconds).
Test Case '-[ThreeMDTests.DocumentStorageBoundsTests testTextAndPortableBinaryAcceptExactByteBounds]' started.
Test Case '-[ThreeMDTests.DocumentStorageBoundsTests testTextAndPortableBinaryAcceptExactByteBounds]' passed (0.001 seconds).
Test Suite 'DocumentStorageBoundsTests' passed at 2026-10-10 12:41:13.584.
	 Executed 8 tests, with 0 failures (0 unexpected) in 19.050 (19.050) seconds
Test Suite 'DocumentStorageCompressionTests' started at 2026-10-10 12:41:13.584.
Test Case '-[ThreeMDTests.DocumentStorageCompressionTests testAppleLZFSECompressionIsDeterministicAndRoundTripsGeneralText]' started.
Test Case '-[ThreeMDTests.DocumentStorageCompressionTests testAppleLZFSECompressionIsDeterministicAndRoundTripsGeneralText]' passed (0.144 seconds).
Test Case '-[ThreeMDTests.DocumentStorageCompressionTests testCanceledCompressionAndDecompressionRemainCancellationErrors]' started.
Test Case '-[ThreeMDTests.DocumentStorageCompressionTests testCanceledCompressionAndDecompressionRemainCancellationErrors]' passed (0.002 seconds).
Test Case '-[ThreeMDTests.DocumentStorageCompressionTests testDeclaredOutputSizeCannotTruncateOrGrowDecompression]' started.
Test Case '-[ThreeMDTests.DocumentStorageCompressionTests testDeclaredOutputSizeCannotTruncateOrGrowDecompression]' passed (0.030 seconds).
Test Case '-[ThreeMDTests.DocumentStorageCompressionTests testEveryTruncationAndMalformedCompressionPayloadFailsWithoutPartialResults]' started.
Test Case '-[ThreeMDTests.DocumentStorageCompressionTests testEveryTruncationAndMalformedCompressionPayloadFailsWithoutPartialResults]' passed (0.001 seconds).
Test Case '-[ThreeMDTests.DocumentStorageCompressionTests testLargeFirstStreamDrainsMultipleChunksBeforeFinalMarkerAndRejectsConcatenation]' started.
Test Case '-[ThreeMDTests.DocumentStorageCompressionTests testLargeFirstStreamDrainsMultipleChunksBeforeFinalMarkerAndRejectsConcatenation]' passed (0.005 seconds).
Test Case '-[ThreeMDTests.DocumentStorageCompressionTests testLZFSERejectsTrailingAndConcatenatedStreamsWithValidChecksums]' started.
Test Case '-[ThreeMDTests.DocumentStorageCompressionTests testLZFSERejectsTrailingAndConcatenatedStreamsWithValidChecksums]' passed (0.000 seconds).
Test Suite 'DocumentStorageCompressionTests' passed at 2026-10-10 12:41:13.768.
	 Executed 6 tests, with 0 failures (0 unexpected) in 0.183 (0.184) seconds
Test Suite 'DocumentStorageDecimalTests' started at 2026-10-10 12:41:13.768.
Test Case '-[ThreeMDTests.DocumentStorageDecimalTests testCancellationDuringAnInvalidParseRemainsCancellationError]' started.
Test Case '-[ThreeMDTests.DocumentStorageDecimalTests testCancellationDuringAnInvalidParseRemainsCancellationError]' passed (0.001 seconds).
Test Case '-[ThreeMDTests.DocumentStorageDecimalTests testLongMalformedDecimalRejectsReadableAndChecksummedBinaryWithoutBacktracking]' started.
Test Case '-[ThreeMDTests.DocumentStorageDecimalTests testLongMalformedDecimalRejectsReadableAndChecksummedBinaryWithoutBacktracking]' passed (0.002 seconds).
Test Suite 'DocumentStorageDecimalTests' passed at 2026-10-10 12:41:13.772.
	 Executed 2 tests, with 0 failures (0 unexpected) in 0.004 (0.004) seconds
Test Suite 'DocumentStorageStructuredTests' started at 2026-10-10 12:41:13.772.
Test Case '-[ThreeMDTests.DocumentStorageStructuredTests testAmplifiedQuotedKeysAreRejectedByPhaseLBeforeAnyPhaseQParse]' started.
Test Case '-[ThreeMDTests.DocumentStorageStructuredTests testAmplifiedQuotedKeysAreRejectedByPhaseLBeforeAnyPhaseQParse]' passed (0.395 seconds).
Test Case '-[ThreeMDTests.DocumentStorageStructuredTests testCanceledTasksReturnNoStructuredDocumentOrBytes]' started.
Test Case '-[ThreeMDTests.DocumentStorageStructuredTests testCanceledTasksReturnNoStructuredDocumentOrBytes]' passed (0.001 seconds).
Test Case '-[ThreeMDTests.DocumentStorageStructuredTests testCancellationIsCheckedAtEveryStructuredCheckpoint]' started.
Test Case '-[ThreeMDTests.DocumentStorageStructuredTests testCancellationIsCheckedAtEveryStructuredCheckpoint]' passed (0.955 seconds).
Test Case '-[ThreeMDTests.DocumentStorageStructuredTests testCanonicallyEquivalentKeysInOnePayloadMapAreInvalidDocuments]' started.
Test Case '-[ThreeMDTests.DocumentStorageStructuredTests testCanonicallyEquivalentKeysInOnePayloadMapAreInvalidDocuments]' passed (0.001 seconds).
Test Case '-[ThreeMDTests.DocumentStorageStructuredTests testChecksumSlicingMatchesTheBytewiseDefinitionAtEveryAlignment]' started.
Test Case '-[ThreeMDTests.DocumentStorageStructuredTests testChecksumSlicingMatchesTheBytewiseDefinitionAtEveryAlignment]' passed (1.673 seconds).
Test Case '-[ThreeMDTests.DocumentStorageStructuredTests testChunkedUTF8ValidationAgreesWithWholeValidationAcrossChunkBoundaries]' started.
Test Case '-[ThreeMDTests.DocumentStorageStructuredTests testChunkedUTF8ValidationAgreesWithWholeValidationAcrossChunkBoundaries]' passed (0.465 seconds).
Test Case '-[ThreeMDTests.DocumentStorageStructuredTests testConcurrentTasksEncodeAndDecodeIndependently]' started.
Test Case '-[ThreeMDTests.DocumentStorageStructuredTests testConcurrentTasksEncodeAndDecodeIndependently]' passed (0.018 seconds).
Test Case '-[ThreeMDTests.DocumentStorageStructuredTests testContainerInfoReportsRawHeaderFieldsWithoutValidation]' started.
Test Case '-[ThreeMDTests.DocumentStorageStructuredTests testContainerInfoReportsRawHeaderFieldsWithoutValidation]' passed (0.001 seconds).
Test Case '-[ThreeMDTests.DocumentStorageStructuredTests testCountFramingDividesAndPrecedesThePlaneLimitAtTheLargestCounts]' started.
Test Case '-[ThreeMDTests.DocumentStorageStructuredTests testCountFramingDividesAndPrecedesThePlaneLimitAtTheLargestCounts]' passed (0.000 seconds).
Test Case '-[ThreeMDTests.DocumentStorageStructuredTests testDecodeAcceptsDataSlicesWithANonzeroStartIndex]' started.
Test Case '-[ThreeMDTests.DocumentStorageStructuredTests testDecodeAcceptsDataSlicesWithANonzeroStartIndex]' passed (0.000 seconds).
Test Case '-[ThreeMDTests.DocumentStorageStructuredTests testDecodedLengthBoundPrecedesTheChecksumAndDecompression]' started.
Test Case '-[ThreeMDTests.DocumentStorageStructuredTests testDecodedLengthBoundPrecedesTheChecksumAndDecompression]' passed (0.000 seconds).
Test Case '-[ThreeMDTests.DocumentStorageStructuredTests testDecodingPeakMemoryGrowthStaysUnderThreeTimesTheInput]' started.
Test Case '-[ThreeMDTests.DocumentStorageStructuredTests testDecodingPeakMemoryGrowthStaysUnderThreeTimesTheInput]' passed (29.619 seconds).
Test Case '-[ThreeMDTests.DocumentStorageStructuredTests testEightyEmptyPlanesDecodeUnderAnEncodedLimitTheirTextWouldExceed]' started.
Test Case '-[ThreeMDTests.DocumentStorageStructuredTests testEightyEmptyPlanesDecodeUnderAnEncodedLimitTheirTextWouldExceed]' passed (0.003 seconds).
Test Case '-[ThreeMDTests.DocumentStorageStructuredTests testEveryGoldenIsByteIdenticalAndDecodesToTheBoundedTextDecode]' started.
Test Case '-[ThreeMDTests.DocumentStorageStructuredTests testEveryGoldenIsByteIdenticalAndDecodesToTheBoundedTextDecode]' passed (0.067 seconds).
Test Case '-[ThreeMDTests.DocumentStorageStructuredTests testEveryVectorReportsItsCodeUnderItsLimits]' started.
Test Case '-[ThreeMDTests.DocumentStorageStructuredTests testEveryVectorReportsItsCodeUnderItsLimits]' passed (0.019 seconds).
Test Case '-[ThreeMDTests.DocumentStorageStructuredTests testFrozenWhitespaceSetHoldsExactlyNineteenScalars]' started.
Test Case '-[ThreeMDTests.DocumentStorageStructuredTests testFrozenWhitespaceSetHoldsExactlyNineteenScalars]' passed (0.267 seconds).
Test Case '-[ThreeMDTests.DocumentStorageStructuredTests testKeysAreOrderedByUTF8BytesWhichIsCodePointOrder]' started.
Test Case '-[ThreeMDTests.DocumentStorageStructuredTests testKeysAreOrderedByUTF8BytesWhichIsCodePointOrder]' passed (0.007 seconds).
Test Case '-[ThreeMDTests.DocumentStorageStructuredTests testLongAttributeKeysAreComparedWithTheirLowercaseAcrossChunkEdges]' started.
Test Case '-[ThreeMDTests.DocumentStorageStructuredTests testLongAttributeKeysAreComparedWithTheirLowercaseAcrossChunkEdges]' passed (0.233 seconds).
Test Case '-[ThreeMDTests.DocumentStorageStructuredTests testLZFSEStructuredPayloadsRoundTripAndKeepTheDecodedBound]' started.
Test Case '-[ThreeMDTests.DocumentStorageStructuredTests testLZFSEStructuredPayloadsRoundTripAndKeepTheDecodedBound]' passed (0.005 seconds).
Test Case '-[ThreeMDTests.DocumentStorageStructuredTests testLZFSEStructuredStreamsMustEndOnceAndMatchTheDeclaredLength]' started.
Test Case '-[ThreeMDTests.DocumentStorageStructuredTests testLZFSEStructuredStreamsMustEndOnceAndMatchTheDeclaredLength]' passed (0.003 seconds).
Test Case '-[ThreeMDTests.DocumentStorageStructuredTests testMetricsMatchTheTextWriterAtEveryExampleLimitEdge]' started.
Test Case '-[ThreeMDTests.DocumentStorageStructuredTests testMetricsMatchTheTextWriterAtEveryExampleLimitEdge]' passed (1.244 seconds).
Test Case '-[ThreeMDTests.DocumentStorageStructuredTests testMetricsMatchTheTextWriterAtTheLimitEdgesOfGeneratedDocuments]' started.
Test Case '-[ThreeMDTests.DocumentStorageStructuredTests testMetricsMatchTheTextWriterAtTheLimitEdgesOfGeneratedDocuments]' passed (9.797 seconds).
Test Case '-[ThreeMDTests.DocumentStorageStructuredTests testMutatedFilesGiveOneTypedOutcomeAndAcceptedOnesAreCanonical]' started.
Test Case '-[ThreeMDTests.DocumentStorageStructuredTests testMutatedFilesGiveOneTypedOutcomeAndAcceptedOnesAreCanonical]' passed (3.205 seconds).
Test Case '-[ThreeMDTests.DocumentStorageStructuredTests testNumberFormsFollowTheCanonicalTableAndDecodeBitExactly]' started.
Test Case '-[ThreeMDTests.DocumentStorageStructuredTests testNumberFormsFollowTheCanonicalTableAndDecodeBitExactly]' passed (0.001 seconds).
Test Case '-[ThreeMDTests.DocumentStorageStructuredTests testNumericPowersSpellAsTheSharedCanonicalNumbersAndRoundTripBitExactly]' started.
Test Case '-[ThreeMDTests.DocumentStorageStructuredTests testNumericPowersSpellAsTheSharedCanonicalNumbersAndRoundTripBitExactly]' passed (0.174 seconds).
Test Case '-[ThreeMDTests.DocumentStorageStructuredTests testRandomBitPatternsTakeTheirCanonicalFormAndRoundTripBitExactly]' started.
Test Case '-[ThreeMDTests.DocumentStorageStructuredTests testRandomBitPatternsTakeTheirCanonicalFormAndRoundTripBitExactly]' passed (2.260 seconds).
Test Case '-[ThreeMDTests.DocumentStorageStructuredTests testSegmentRulesAgreeWithTheTextParserOnRandomBodies]' started.
Test Case '-[ThreeMDTests.DocumentStorageStructuredTests testSegmentRulesAgreeWithTheTextParserOnRandomBodies]' passed (7.509 seconds).
Test Case '-[ThreeMDTests.DocumentStorageStructuredTests testSegmentRulesMatchTheTextRoundTripOnHandCases]' started.
Test Case '-[ThreeMDTests.DocumentStorageStructuredTests testSegmentRulesMatchTheTextRoundTripOnHandCases]' passed (0.007 seconds).
Test Case '-[ThreeMDTests.DocumentStorageStructuredTests testShortStringsChargeTheCancellationBudgetInEveryPass]' started.
Test Case '-[ThreeMDTests.DocumentStorageStructuredTests testShortStringsChargeTheCancellationBudgetInEveryPass]' passed (1.775 seconds).
Test Case '-[ThreeMDTests.DocumentStorageStructuredTests testSizeGateHoldsForEveryExampleAndTheCorpus]' started.
Test Case '-[ThreeMDTests.DocumentStorageStructuredTests testSizeGateHoldsForEveryExampleAndTheCorpus]' passed (0.622 seconds).
Test Case '-[ThreeMDTests.DocumentStorageStructuredTests testTextContainerWriterKeepsTheTwoZeroBytesAndHeaderChecks]' started.
Test Case '-[ThreeMDTests.DocumentStorageStructuredTests testTextContainerWriterKeepsTheTwoZeroBytesAndHeaderChecks]' passed (0.000 seconds).
Test Case '-[ThreeMDTests.DocumentStorageStructuredTests testUnicodeSkewVectorsFollowTheRuntimeUnicodeData]' started.
Test Case '-[ThreeMDTests.DocumentStorageStructuredTests testUnicodeSkewVectorsFollowTheRuntimeUnicodeData]' passed (0.000 seconds).
Test Case '-[ThreeMDTests.DocumentStorageStructuredTests testUTF8ValidityIsRepairedDecodingThatEqualsTheInputBytes]' started.
Test Case '-[ThreeMDTests.DocumentStorageStructuredTests testUTF8ValidityIsRepairedDecodingThatEqualsTheInputBytes]' passed (0.001 seconds).
Test Case '-[ThreeMDTests.DocumentStorageStructuredTests testVarEncodesMinimallyAndDecodesEveryBoundary]' started.
Test Case '-[ThreeMDTests.DocumentStorageStructuredTests testVarEncodesMinimallyAndDecodesEveryBoundary]' passed (0.000 seconds).
Test Case '-[ThreeMDTests.DocumentStorageStructuredTests testWorkedExamplesHoldTheBytesAndChecksumsOfTheSpecification]' started.
Test Case '-[ThreeMDTests.DocumentStorageStructuredTests testWorkedExamplesHoldTheBytesAndChecksumsOfTheSpecification]' passed (0.000 seconds).
Test Case '-[ThreeMDTests.DocumentStorageStructuredTests testWriterAcceptanceEqualsValidationAndDecodeEqualsTheTextDecode]' started.
Test Case '-[ThreeMDTests.DocumentStorageStructuredTests testWriterAcceptanceEqualsValidationAndDecodeEqualsTheTextDecode]' passed (3.227 seconds).
Test Case '-[ThreeMDTests.DocumentStorageStructuredTests testWriterCapsTheUncompressedContainerAtTheEncodedLimit]' started.
Test Case '-[ThreeMDTests.DocumentStorageStructuredTests testWriterCapsTheUncompressedContainerAtTheEncodedLimit]' passed (0.000 seconds).
Test Case '-[ThreeMDTests.DocumentStorageStructuredTests testWriterOutputDecodesUnderTheSameLimitsToTheNormalizedDocument]' started.
Test Case '-[ThreeMDTests.DocumentStorageStructuredTests testWriterOutputDecodesUnderTheSameLimitsToTheNormalizedDocument]' passed (0.406 seconds).
Test Suite 'DocumentStorageStructuredTests' passed at 2026-10-10 12:42:17.736.
	 Executed 38 tests, with 0 failures (0 unexpected) in 63.960 (63.964) seconds
Test Suite 'DocumentStorageTests' started at 2026-10-10 12:42:17.736.
Test Case '-[ThreeMDTests.DocumentStorageTests testAllHeaderFieldsAndCorruptionAreChecked]' started.
Test Case '-[ThreeMDTests.DocumentStorageTests testAllHeaderFieldsAndCorruptionAreChecked]' passed (0.001 seconds).
Test Case '-[ThreeMDTests.DocumentStorageTests testBinaryDecodeHandlesDataSlices]' started.
Test Case '-[ThreeMDTests.DocumentStorageTests testBinaryDecodeHandlesDataSlices]' passed (0.000 seconds).
Test Case '-[ThreeMDTests.DocumentStorageTests testCheckedInCompressedCanopyRoundTripsToItsReadableDocument]' started.
Test Case '-[ThreeMDTests.DocumentStorageTests testCheckedInCompressedCanopyRoundTripsToItsReadableDocument]' passed (0.001 seconds).
Test Case '-[ThreeMDTests.DocumentStorageTests testCheckedInExtensionManifestDescribesTheActualSixArtifacts]' started.
Test Case '-[ThreeMDTests.DocumentStorageTests testCheckedInExtensionManifestDescribesTheActualSixArtifacts]' passed (0.001 seconds).
Test Case '-[ThreeMDTests.DocumentStorageTests testCheckedInPortableCanopyRoundTripsToItsReadableDocument]' started.
Test Case '-[ThreeMDTests.DocumentStorageTests testCheckedInPortableCanopyRoundTripsToItsReadableDocument]' passed (0.001 seconds).
Test Case '-[ThreeMDTests.DocumentStorageTests testContainerPayloadMustBeValidUTF8AndThreeMDText]' started.
Test Case '-[ThreeMDTests.DocumentStorageTests testContainerPayloadMustBeValidUTF8AndThreeMDText]' passed (0.000 seconds).
Test Case '-[ThreeMDTests.DocumentStorageTests testDirectDocumentValidationRejectsLossyOrAmbiguousSerialization]' started.
Test Case '-[ThreeMDTests.DocumentStorageTests testDirectDocumentValidationRejectsLossyOrAmbiguousSerialization]' passed (0.001 seconds).
Test Case '-[ThreeMDTests.DocumentStorageTests testGeneralDocumentsPreserveUnicodeCustomAxesAndFractionalPositions]' started.
Test Case '-[ThreeMDTests.DocumentStorageTests testGeneralDocumentsPreserveUnicodeCustomAxesAndFractionalPositions]' passed (0.002 seconds).
Test Case '-[ThreeMDTests.DocumentStorageTests testPortableContainerFixedVector]' started.
Test Case '-[ThreeMDTests.DocumentStorageTests testPortableContainerFixedVector]' passed (0.000 seconds).
Test Case '-[ThreeMDTests.DocumentStorageTests testStorageRetainsTextGrammarAndLegacySerializerPreservesLiteralQuotes]' started.
Test Case '-[ThreeMDTests.DocumentStorageTests testStorageRetainsTextGrammarAndLegacySerializerPreservesLiteralQuotes]' passed (0.000 seconds).
Test Suite 'DocumentStorageTests' passed at 2026-10-10 12:42:17.745.
	 Executed 10 tests, with 0 failures (0 unexpected) in 0.008 (0.009) seconds
Test Suite 'ExtensionConformanceTests' started at 2026-10-10 12:42:17.745.
Test Case '-[ThreeMDTests.ExtensionConformanceTests testCanonicalNumericBitPatternsMatchSharedSwiftFormattingVectors]' started.
Test Case '-[ThreeMDTests.ExtensionConformanceTests testCanonicalNumericBitPatternsMatchSharedSwiftFormattingVectors]' passed (0.005 seconds).
Test Case '-[ThreeMDTests.ExtensionConformanceTests testDocumentEnvelopeAndProfileGoldensMatchExactCanonicalBytes]' started.
Test Case '-[ThreeMDTests.ExtensionConformanceTests testDocumentEnvelopeAndProfileGoldensMatchExactCanonicalBytes]' passed (0.011 seconds).
Test Case '-[ThreeMDTests.ExtensionConformanceTests testSharedBinaryChecksumGoldensRejectCorruption]' started.
Test Case '-[ThreeMDTests.ExtensionConformanceTests testSharedBinaryChecksumGoldensRejectCorruption]' passed (0.000 seconds).
Test Case '-[ThreeMDTests.ExtensionConformanceTests testSharedCompositionTransactionsKeepUnchangedDefinitionsAndRepeatedInstances]' started.
Test Case '-[ThreeMDTests.ExtensionConformanceTests testSharedCompositionTransactionsKeepUnchangedDefinitionsAndRepeatedInstances]' passed (0.010 seconds).
Test Case '-[ThreeMDTests.ExtensionConformanceTests testSharedDocumentTransactionsValidateFinalValuesAtomically]' started.
Test Case '-[ThreeMDTests.ExtensionConformanceTests testSharedDocumentTransactionsValidateFinalValuesAtomically]' passed (0.004 seconds).
Test Case '-[ThreeMDTests.ExtensionConformanceTests testSharedFailedTransactionsHaveStableCodesPathsAndNoPartialPublication]' started.
Test Case '-[ThreeMDTests.ExtensionConformanceTests testSharedFailedTransactionsHaveStableCodesPathsAndNoPartialPublication]' passed (0.008 seconds).
Test Case '-[ThreeMDTests.ExtensionConformanceTests testSharedIdentityAdoptionPreservesOpaqueFieldsAndOwnerScopes]' started.
Test Case '-[ThreeMDTests.ExtensionConformanceTests testSharedIdentityAdoptionPreservesOpaqueFieldsAndOwnerScopes]' passed (0.004 seconds).
Test Case '-[ThreeMDTests.ExtensionConformanceTests testStrictCompositionJSONRejectsCanonicallyEquivalentDuplicateKeys]' started.
Test Case '-[ThreeMDTests.ExtensionConformanceTests testStrictCompositionJSONRejectsCanonicallyEquivalentDuplicateKeys]' passed (0.001 seconds).
Test Case '-[ThreeMDTests.ExtensionConformanceTests testUnicodeKeyOrderingGoldensPreserveOriginalSpellingAndExactBytes]' started.
Test Case '-[ThreeMDTests.ExtensionConformanceTests testUnicodeKeyOrderingGoldensPreserveOriginalSpellingAndExactBytes]' passed (0.002 seconds).
Test Case '-[ThreeMDTests.ExtensionConformanceTests testUnicodeSourceKeyCollisionsKeepFirstSpellingAndLastValue]' started.
Test Case '-[ThreeMDTests.ExtensionConformanceTests testUnicodeSourceKeyCollisionsKeepFirstSpellingAndLastValue]' passed (0.001 seconds).
Test Suite 'ExtensionConformanceTests' passed at 2026-10-10 12:42:17.792.
	 Executed 10 tests, with 0 failures (0 unexpected) in 0.046 (0.047) seconds
Test Suite 'HTMLRendererTests' started at 2026-10-10 12:42:17.792.
Test Case '-[ThreeMDTests.HTMLRendererTests testAmpersandEscaped]' started.
Test Case '-[ThreeMDTests.HTMLRendererTests testAmpersandEscaped]' passed (0.000 seconds).
Test Case '-[ThreeMDTests.HTMLRendererTests testAxisEmittedInMeta]' started.
Test Case '-[ThreeMDTests.HTMLRendererTests testAxisEmittedInMeta]' passed (0.000 seconds).
Test Case '-[ThreeMDTests.HTMLRendererTests testBodyRenderedAsMarkdown]' started.
Test Case '-[ThreeMDTests.HTMLRendererTests testBodyRenderedAsMarkdown]' passed (0.000 seconds).
Test Case '-[ThreeMDTests.HTMLRendererTests testDecimalZInDataAttribute]' started.
Test Case '-[ThreeMDTests.HTMLRendererTests testDecimalZInDataAttribute]' passed (0.000 seconds).
Test Case '-[ThreeMDTests.HTMLRendererTests testDoubleQuoteEscaped]' started.
Test Case '-[ThreeMDTests.HTMLRendererTests testDoubleQuoteEscaped]' passed (0.000 seconds).
Test Case '-[ThreeMDTests.HTMLRendererTests testLabelRenderedAsHeading]' started.
Test Case '-[ThreeMDTests.HTMLRendererTests testLabelRenderedAsHeading]' passed (0.000 seconds).
Test Case '-[ThreeMDTests.HTMLRendererTests testLabelSpecialCharsEscaped]' started.
Test Case '-[ThreeMDTests.HTMLRendererTests testLabelSpecialCharsEscaped]' passed (0.000 seconds).
Test Case '-[ThreeMDTests.HTMLRendererTests testLessThanEscaped]' started.
Test Case '-[ThreeMDTests.HTMLRendererTests testLessThanEscaped]' passed (0.000 seconds).
Test Case '-[ThreeMDTests.HTMLRendererTests testMissingTitleFallsBackToDefault]' started.
Test Case '-[ThreeMDTests.HTMLRendererTests testMissingTitleFallsBackToDefault]' passed (0.000 seconds).
Test Case '-[ThreeMDTests.HTMLRendererTests testOutputContainsHeadAndBody]' started.
Test Case '-[ThreeMDTests.HTMLRendererTests testOutputContainsHeadAndBody]' passed (0.000 seconds).
Test Case '-[ThreeMDTests.HTMLRendererTests testOutputIsStandaloneHTML]' started.
Test Case '-[ThreeMDTests.HTMLRendererTests testOutputIsStandaloneHTML]' passed (0.000 seconds).
Test Case '-[ThreeMDTests.HTMLRendererTests testPlaneCountMatchesSections]' started.
Test Case '-[ThreeMDTests.HTMLRendererTests testPlaneCountMatchesSections]' passed (0.000 seconds).
Test Case '-[ThreeMDTests.HTMLRendererTests testPreambleRenderedInSection]' started.
Test Case '-[ThreeMDTests.HTMLRendererTests testPreambleRenderedInSection]' passed (0.000 seconds).
Test Case '-[ThreeMDTests.HTMLRendererTests testSectionCarriesAriaLabel]' started.
Test Case '-[ThreeMDTests.HTMLRendererTests testSectionCarriesAriaLabel]' passed (0.000 seconds).
Test Case '-[ThreeMDTests.HTMLRendererTests testSectionCarriesDataZ]' started.
Test Case '-[ThreeMDTests.HTMLRendererTests testSectionCarriesDataZ]' passed (0.000 seconds).
Test Case '-[ThreeMDTests.HTMLRendererTests testSingleQuoteEscaped]' started.
Test Case '-[ThreeMDTests.HTMLRendererTests testSingleQuoteEscaped]' passed (0.000 seconds).
Test Case '-[ThreeMDTests.HTMLRendererTests testTitleEmittedInH1]' started.
Test Case '-[ThreeMDTests.HTMLRendererTests testTitleEmittedInH1]' passed (0.000 seconds).
Test Case '-[ThreeMDTests.HTMLRendererTests testTitleEmittedInTitleElement]' started.
Test Case '-[ThreeMDTests.HTMLRendererTests testTitleEmittedInTitleElement]' passed (0.000 seconds).
Test Case '-[ThreeMDTests.HTMLRendererTests testTitleSpecialCharsEscaped]' started.
Test Case '-[ThreeMDTests.HTMLRendererTests testTitleSpecialCharsEscaped]' passed (0.000 seconds).
Test Case '-[ThreeMDTests.HTMLRendererTests testVersionEmittedInMeta]' started.
Test Case '-[ThreeMDTests.HTMLRendererTests testVersionEmittedInMeta]' passed (0.000 seconds).
Test Suite 'HTMLRendererTests' passed at 2026-10-10 12:42:17.797.
	 Executed 20 tests, with 0 failures (0 unexpected) in 0.004 (0.005) seconds
Test Suite 'InterchangeConformanceTests' started at 2026-10-10 12:42:17.797.
Test Case '-[ThreeMDTests.InterchangeConformanceTests testAdoptionAndDeterministicDocumentEditsHaveExactRevisionAndRejectReuse]' started.
Test Case '-[ThreeMDTests.InterchangeConformanceTests testAdoptionAndDeterministicDocumentEditsHaveExactRevisionAndRejectReuse]' passed (0.040 seconds).
Test Case '-[ThreeMDTests.InterchangeConformanceTests testASCIIFencePrefixesWithCombiningMarksKeepInnerDirectivesAsBody]' started.
Test Case '-[ThreeMDTests.InterchangeConformanceTests testASCIIFencePrefixesWithCombiningMarksKeepInnerDirectivesAsBody]' passed (0.000 seconds).
Test Case '-[ThreeMDTests.InterchangeConformanceTests testCatalogIncludesEveryDeclaredExtensionSourceAndBinaryGolden]' started.
Test Case '-[ThreeMDTests.InterchangeConformanceTests testCatalogIncludesEveryDeclaredExtensionSourceAndBinaryGolden]' passed (0.001 seconds).
Test Case '-[ThreeMDTests.InterchangeConformanceTests testCatalogRequiresEveryLegacySourceAndHasUniqueCompleteCases]' started.
Test Case '-[ThreeMDTests.InterchangeConformanceTests testCatalogRequiresEveryLegacySourceAndHasUniqueCompleteCases]' passed (0.039 seconds).
Test Case '-[ThreeMDTests.InterchangeConformanceTests testCombiningMarkEscapesChargeExactCanonicalUTF8OutputBytes]' started.
Test Case '-[ThreeMDTests.InterchangeConformanceTests testCombiningMarkEscapesChargeExactCanonicalUTF8OutputBytes]' passed (0.001 seconds).
Test Case '-[ThreeMDTests.InterchangeConformanceTests testEveryInvalidCatalogSourceReportsItsRequiredTypedError]' started.
Test Case '-[ThreeMDTests.InterchangeConformanceTests testEveryInvalidCatalogSourceReportsItsRequiredTypedError]' passed (0.006 seconds).
Test Case '-[ThreeMDTests.InterchangeConformanceTests testEveryValidCatalogSourceAndLegacyOutputPreserveExactCanonicalBytes]' started.
Test Case '-[ThreeMDTests.InterchangeConformanceTests testEveryValidCatalogSourceAndLegacyOutputPreserveExactCanonicalBytes]' passed (0.052 seconds).
Test Case '-[ThreeMDTests.InterchangeConformanceTests testLegacySerializerPreservesRepresentableScalarQuotesAndFoundationEdgeWhitespace]' started.
Test Case '-[ThreeMDTests.InterchangeConformanceTests testLegacySerializerPreservesRepresentableScalarQuotesAndFoundationEdgeWhitespace]' passed (0.003 seconds).
Test Case '-[ThreeMDTests.InterchangeConformanceTests testScalarFieldSeparatorsAndSpaceTokensMatchBoundedPreflight]' started.
Test Case '-[ThreeMDTests.InterchangeConformanceTests testScalarFieldSeparatorsAndSpaceTokensMatchBoundedPreflight]' passed (0.000 seconds).
Test Case '-[ThreeMDTests.InterchangeConformanceTests testScalarQuoteAndEscapeDelimitersPreserveAdjacentCombiningMarks]' started.
Test Case '-[ThreeMDTests.InterchangeConformanceTests testScalarQuoteAndEscapeDelimitersPreserveAdjacentCombiningMarks]' passed (0.002 seconds).
Test Case '-[ThreeMDTests.InterchangeConformanceTests testSharedDAGAndUnusedDefinitionsSurviveAdoptionAndRootReplacement]' started.
Test Case '-[ThreeMDTests.InterchangeConformanceTests testSharedDAGAndUnusedDefinitionsSurviveAdoptionAndRootReplacement]' passed (0.005 seconds).
Test Case '-[ThreeMDTests.InterchangeConformanceTests testStorageRejectsReservedASCIIDelimitersInsideCombiningGraphemes]' started.
Test Case '-[ThreeMDTests.InterchangeConformanceTests testStorageRejectsReservedASCIIDelimitersInsideCombiningGraphemes]' passed (0.000 seconds).
Test Suite 'InterchangeConformanceTests' passed at 2026-10-10 12:42:17.946.
	 Executed 12 tests, with 0 failures (0 unexpected) in 0.149 (0.149) seconds
Test Suite 'MarkdownRendererTests' started at 2026-10-10 12:42:17.946.
Test Case '-[ThreeMDTests.MarkdownRendererTests testAmpersandInParagraphIsEscaped]' started.
Test Case '-[ThreeMDTests.MarkdownRendererTests testAmpersandInParagraphIsEscaped]' passed (0.000 seconds).
Test Case '-[ThreeMDTests.MarkdownRendererTests testBlankLineSeparatesParagraphs]' started.
Test Case '-[ThreeMDTests.MarkdownRendererTests testBlankLineSeparatesParagraphs]' passed (0.000 seconds).
Test Case '-[ThreeMDTests.MarkdownRendererTests testBlockquote]' started.
Test Case '-[ThreeMDTests.MarkdownRendererTests testBlockquote]' passed (0.000 seconds).
Test Case '-[ThreeMDTests.MarkdownRendererTests testBoldDoubleAsterisk]' started.
Test Case '-[ThreeMDTests.MarkdownRendererTests testBoldDoubleAsterisk]' passed (0.000 seconds).
Test Case '-[ThreeMDTests.MarkdownRendererTests testBoldDoubleUnderscore]' started.
Test Case '-[ThreeMDTests.MarkdownRendererTests testBoldDoubleUnderscore]' passed (0.000 seconds).
Test Case '-[ThreeMDTests.MarkdownRendererTests testBoldMidSentence]' started.
Test Case '-[ThreeMDTests.MarkdownRendererTests testBoldMidSentence]' passed (0.000 seconds).
Test Case '-[ThreeMDTests.MarkdownRendererTests testCheckedTaskItemLowercase]' started.
Test Case '-[ThreeMDTests.MarkdownRendererTests testCheckedTaskItemLowercase]' passed (0.000 seconds).
Test Case '-[ThreeMDTests.MarkdownRendererTests testCheckedTaskItemUppercase]' started.
Test Case '-[ThreeMDTests.MarkdownRendererTests testCheckedTaskItemUppercase]' passed (0.000 seconds).
Test Case '-[ThreeMDTests.MarkdownRendererTests testDoubleQuoteInParagraphIsEscaped]' started.
Test Case '-[ThreeMDTests.MarkdownRendererTests testDoubleQuoteInParagraphIsEscaped]' passed (0.000 seconds).
Test Case '-[ThreeMDTests.MarkdownRendererTests testFencedCodeBlock]' started.
Test Case '-[ThreeMDTests.MarkdownRendererTests testFencedCodeBlock]' passed (0.000 seconds).
Test Case '-[ThreeMDTests.MarkdownRendererTests testFencedCodeBlockEscapesHTML]' started.
Test Case '-[ThreeMDTests.MarkdownRendererTests testFencedCodeBlockEscapesHTML]' passed (0.000 seconds).
Test Case '-[ThreeMDTests.MarkdownRendererTests testFencedCodeBlockPreservesMarkdownLookingContent]' started.
Test Case '-[ThreeMDTests.MarkdownRendererTests testFencedCodeBlockPreservesMarkdownLookingContent]' passed (0.000 seconds).
Test Case '-[ThreeMDTests.MarkdownRendererTests testFencedCodeBlockWithLanguage]' started.
Test Case '-[ThreeMDTests.MarkdownRendererTests testFencedCodeBlockWithLanguage]' passed (0.000 seconds).
Test Case '-[ThreeMDTests.MarkdownRendererTests testH1]' started.
Test Case '-[ThreeMDTests.MarkdownRendererTests testH1]' passed (0.000 seconds).
Test Case '-[ThreeMDTests.MarkdownRendererTests testH2]' started.
Test Case '-[ThreeMDTests.MarkdownRendererTests testH2]' passed (0.000 seconds).
Test Case '-[ThreeMDTests.MarkdownRendererTests testH3]' started.
Test Case '-[ThreeMDTests.MarkdownRendererTests testH3]' passed (0.000 seconds).
Test Case '-[ThreeMDTests.MarkdownRendererTests testH4]' started.
Test Case '-[ThreeMDTests.MarkdownRendererTests testH4]' passed (0.000 seconds).
Test Case '-[ThreeMDTests.MarkdownRendererTests testH5]' started.
Test Case '-[ThreeMDTests.MarkdownRendererTests testH5]' passed (0.000 seconds).
Test Case '-[ThreeMDTests.MarkdownRendererTests testH6]' started.
Test Case '-[ThreeMDTests.MarkdownRendererTests testH6]' passed (0.000 seconds).
Test Case '-[ThreeMDTests.MarkdownRendererTests testHeadingFollowedByParagraph]' started.
Test Case '-[ThreeMDTests.MarkdownRendererTests testHeadingFollowedByParagraph]' passed (0.000 seconds).
Test Case '-[ThreeMDTests.MarkdownRendererTests testHeadingRequiresSpaceAfterHash]' started.
Test Case '-[ThreeMDTests.MarkdownRendererTests testHeadingRequiresSpaceAfterHash]' passed (0.000 seconds).
Test Case '-[ThreeMDTests.MarkdownRendererTests testInlineCode]' started.
Test Case '-[ThreeMDTests.MarkdownRendererTests testInlineCode]' passed (0.000 seconds).
Test Case '-[ThreeMDTests.MarkdownRendererTests testInlineCodeDoesNotRenderMarkdown]' started.
Test Case '-[ThreeMDTests.MarkdownRendererTests testInlineCodeDoesNotRenderMarkdown]' passed (0.000 seconds).
Test Case '-[ThreeMDTests.MarkdownRendererTests testInlineCodeEscapesHTML]' started.
Test Case '-[ThreeMDTests.MarkdownRendererTests testInlineCodeEscapesHTML]' passed (0.000 seconds).
Test Case '-[ThreeMDTests.MarkdownRendererTests testItalicAsterisk]' started.
Test Case '-[ThreeMDTests.MarkdownRendererTests testItalicAsterisk]' passed (0.000 seconds).
Test Case '-[ThreeMDTests.MarkdownRendererTests testItalicUnderscore]' started.
Test Case '-[ThreeMDTests.MarkdownRendererTests testItalicUnderscore]' passed (0.000 seconds).
Test Case '-[ThreeMDTests.MarkdownRendererTests testLessThanInParagraphIsEscaped]' started.
Test Case '-[ThreeMDTests.MarkdownRendererTests testLessThanInParagraphIsEscaped]' passed (0.000 seconds).
Test Case '-[ThreeMDTests.MarkdownRendererTests testLink]' started.
Test Case '-[ThreeMDTests.MarkdownRendererTests testLink]' passed (0.000 seconds).
Test Case '-[ThreeMDTests.MarkdownRendererTests testLinkHrefIsEscaped]' started.
Test Case '-[ThreeMDTests.MarkdownRendererTests testLinkHrefIsEscaped]' passed (0.000 seconds).
Test Case '-[ThreeMDTests.MarkdownRendererTests testLinkTextIsEscaped]' started.
Test Case '-[ThreeMDTests.MarkdownRendererTests testLinkTextIsEscaped]' passed (0.000 seconds).
Test Case '-[ThreeMDTests.MarkdownRendererTests testMultiLineBlockquote]' started.
Test Case '-[ThreeMDTests.MarkdownRendererTests testMultiLineBlockquote]' passed (0.000 seconds).
Test Case '-[ThreeMDTests.MarkdownRendererTests testMultiLineParagraphJoinsWithSpace]' started.
Test Case '-[ThreeMDTests.MarkdownRendererTests testMultiLineParagraphJoinsWithSpace]' passed (0.000 seconds).
Test Case '-[ThreeMDTests.MarkdownRendererTests testOrderedList]' started.
Test Case '-[ThreeMDTests.MarkdownRendererTests testOrderedList]' passed (0.000 seconds).
Test Case '-[ThreeMDTests.MarkdownRendererTests testParagraphWithBoldAndLink]' started.
Test Case '-[ThreeMDTests.MarkdownRendererTests testParagraphWithBoldAndLink]' passed (0.000 seconds).
Test Case '-[ThreeMDTests.MarkdownRendererTests testSingleLineParagraph]' started.
Test Case '-[ThreeMDTests.MarkdownRendererTests testSingleLineParagraph]' passed (0.000 seconds).
Test Case '-[ThreeMDTests.MarkdownRendererTests testSingleQuoteInParagraphIsEscaped]' started.
Test Case '-[ThreeMDTests.MarkdownRendererTests testSingleQuoteInParagraphIsEscaped]' passed (0.000 seconds).
Test Case '-[ThreeMDTests.MarkdownRendererTests testUncheckedTaskItem]' started.
Test Case '-[ThreeMDTests.MarkdownRendererTests testUncheckedTaskItem]' passed (0.000 seconds).
Test Case '-[ThreeMDTests.MarkdownRendererTests testUnorderedListAsterisk]' started.
Test Case '-[ThreeMDTests.MarkdownRendererTests testUnorderedListAsterisk]' passed (0.000 seconds).
Test Case '-[ThreeMDTests.MarkdownRendererTests testUnorderedListDash]' started.
Test Case '-[ThreeMDTests.MarkdownRendererTests testUnorderedListDash]' passed (0.000 seconds).
Test Suite 'MarkdownRendererTests' passed at 2026-10-10 12:42:17.953.
	 Executed 39 tests, with 0 failures (0 unexpected) in 0.005 (0.007) seconds
Test Suite 'ParseErrorMetadataTests' started at 2026-10-10 12:42:17.953.
Test Case '-[ThreeMDTests.ParseErrorMetadataTests testDuplicatePlaneMetadata]' started.
Test Case '-[ThreeMDTests.ParseErrorMetadataTests testDuplicatePlaneMetadata]' passed (0.000 seconds).
Test Case '-[ThreeMDTests.ParseErrorMetadataTests testInvalidDirectiveMetadata]' started.
Test Case '-[ThreeMDTests.ParseErrorMetadataTests testInvalidDirectiveMetadata]' passed (0.000 seconds).
Test Case '-[ThreeMDTests.ParseErrorMetadataTests testMissingVersionCode]' started.
Test Case '-[ThreeMDTests.ParseErrorMetadataTests testMissingVersionCode]' passed (0.000 seconds).
Test Suite 'ParseErrorMetadataTests' passed at 2026-10-10 12:42:17.954.
	 Executed 3 tests, with 0 failures (0 unexpected) in 0.000 (0.000) seconds
Test Suite 'ParserNumericTests' started at 2026-10-10 12:42:17.954.
Test Case '-[ThreeMDTests.ParserNumericTests testFiniteDecimalGrammarIsPreservedForEveryCoordinate]' started.
Test Case '-[ThreeMDTests.ParserNumericTests testFiniteDecimalGrammarIsPreservedForEveryCoordinate]' passed (0.001 seconds).
Test Case '-[ThreeMDTests.ParserNumericTests testMalformedAndNonfiniteNumbersAreRejectedForEveryCoordinate]' started.
Test Case '-[ThreeMDTests.ParserNumericTests testMalformedAndNonfiniteNumbersAreRejectedForEveryCoordinate]' passed (0.001 seconds).
Test Suite 'ParserNumericTests' passed at 2026-10-10 12:42:17.956.
	 Executed 2 tests, with 0 failures (0 unexpected) in 0.002 (0.002) seconds
Test Suite 'ParserTests' started at 2026-10-10 12:42:17.956.
Test Case '-[ThreeMDTests.ParserTests testAxisDefaultsToLayer]' started.
Test Case '-[ThreeMDTests.ParserTests testAxisDefaultsToLayer]' passed (0.000 seconds).
Test Case '-[ThreeMDTests.ParserTests testAxisRawValueNormalized]' started.
Test Case '-[ThreeMDTests.ParserTests testAxisRawValueNormalized]' passed (0.000 seconds).
Test Case '-[ThreeMDTests.ParserTests testDecimalZValue]' started.
Test Case '-[ThreeMDTests.ParserTests testDecimalZValue]' passed (0.000 seconds).
Test Case '-[ThreeMDTests.ParserTests testDuplicatePositionThrows]' started.
Test Case '-[ThreeMDTests.ParserTests testDuplicatePositionThrows]' passed (0.000 seconds).
Test Case '-[ThreeMDTests.ParserTests testEmptyDocumentProducesNoPlanes]' started.
Test Case '-[ThreeMDTests.ParserTests testEmptyDocumentProducesNoPlanes]' passed (0.000 seconds).
Test Case '-[ThreeMDTests.ParserTests testFrontmatterIgnoresCommentLines]' started.
Test Case '-[ThreeMDTests.ParserTests testFrontmatterIgnoresCommentLines]' passed (0.000 seconds).
Test Case '-[ThreeMDTests.ParserTests testFrontmatterStripsQuotedValues]' started.
Test Case '-[ThreeMDTests.ParserTests testFrontmatterStripsQuotedValues]' passed (0.000 seconds).
Test Case '-[ThreeMDTests.ParserTests testInvalidDirectiveTokenThrows]' started.
Test Case '-[ThreeMDTests.ParserTests testInvalidDirectiveTokenThrows]' passed (0.000 seconds).
Test Case '-[ThreeMDTests.ParserTests testKnownAxesMatchSpec]' started.
Test Case '-[ThreeMDTests.ParserTests testKnownAxesMatchSpec]' passed (0.000 seconds).
Test Case '-[ThreeMDTests.ParserTests testLeadingBlankLinesBeforeFrontmatter]' started.
Test Case '-[ThreeMDTests.ParserTests testLeadingBlankLinesBeforeFrontmatter]' passed (0.000 seconds).
Test Case '-[ThreeMDTests.ParserTests testMissingFrontmatterThrows]' started.
Test Case '-[ThreeMDTests.ParserTests testMissingFrontmatterThrows]' passed (0.000 seconds).
Test Case '-[ThreeMDTests.ParserTests testMissingPlanePositionThrows]' started.
Test Case '-[ThreeMDTests.ParserTests testMissingPlanePositionThrows]' passed (0.000 seconds).
Test Case '-[ThreeMDTests.ParserTests testMissingVersionThrows]' started.
Test Case '-[ThreeMDTests.ParserTests testMissingVersionThrows]' passed (0.000 seconds).
Test Case '-[ThreeMDTests.ParserTests testNegativeZValue]' started.
Test Case '-[ThreeMDTests.ParserTests testNegativeZValue]' passed (0.000 seconds).
Test Case '-[ThreeMDTests.ParserTests testNonNumericPositionThrows]' started.
Test Case '-[ThreeMDTests.ParserTests testNonNumericPositionThrows]' passed (0.000 seconds).
Test Case '-[ThreeMDTests.ParserTests testNonNumericXThrows]' started.
Test Case '-[ThreeMDTests.ParserTests testNonNumericXThrows]' passed (0.000 seconds).
Test Case '-[ThreeMDTests.ParserTests testNonNumericYThrows]' started.
Test Case '-[ThreeMDTests.ParserTests testNonNumericYThrows]' passed (0.000 seconds).
Test Case '-[ThreeMDTests.ParserTests testParseErrorDescriptions]' started.
Test Case '-[ThreeMDTests.ParserTests testParseErrorDescriptions]' passed (0.000 seconds).
Test Case '-[ThreeMDTests.ParserTests testParsesFrontmatter]' started.
Test Case '-[ThreeMDTests.ParserTests testParsesFrontmatter]' passed (0.000 seconds).
Test Case '-[ThreeMDTests.ParserTests testParsesMultiplePlanes]' started.
Test Case '-[ThreeMDTests.ParserTests testParsesMultiplePlanes]' passed (0.000 seconds).
Test Case '-[ThreeMDTests.ParserTests testParsesPlaneCoordinatesAndAttributes]' started.
Test Case '-[ThreeMDTests.ParserTests testParsesPlaneCoordinatesAndAttributes]' passed (0.000 seconds).
Test Case '-[ThreeMDTests.ParserTests testPlainMarkdownBecomesSinglePlane]' started.
Test Case '-[ThreeMDTests.ParserTests testPlainMarkdownBecomesSinglePlane]' passed (0.000 seconds).
Test Case '-[ThreeMDTests.ParserTests testPlaneAtZReturnsNilForMissingPosition]' started.
Test Case '-[ThreeMDTests.ParserTests testPlaneAtZReturnsNilForMissingPosition]' passed (0.000 seconds).
Test Case '-[ThreeMDTests.ParserTests testPlaneBodyTrimsLeadingAndTrailingBlanks]' started.
Test Case '-[ThreeMDTests.ParserTests testPlaneBodyTrimsLeadingAndTrailingBlanks]' passed (0.000 seconds).
Test Case '-[ThreeMDTests.ParserTests testPlanesByZAreSorted]' started.
Test Case '-[ThreeMDTests.ParserTests testPlanesByZAreSorted]' passed (0.000 seconds).
Test Case '-[ThreeMDTests.ParserTests testPreambleBeforeFirstPlane]' started.
Test Case '-[ThreeMDTests.ParserTests testPreambleBeforeFirstPlane]' passed (0.000 seconds).
Test Case '-[ThreeMDTests.ParserTests testReservedAttributeKeysNotInExtras]' started.
Test Case '-[ThreeMDTests.ParserTests testReservedAttributeKeysNotInExtras]' passed (0.000 seconds).
Test Case '-[ThreeMDTests.ParserTests testRoundTripThroughSerializer]' started.
Test Case '-[ThreeMDTests.ParserTests testRoundTripThroughSerializer]' passed (0.000 seconds).
Test Case '-[ThreeMDTests.ParserTests testRoundTripWithMetadataAndAttributes]' started.
Test Case '-[ThreeMDTests.ParserTests testRoundTripWithMetadataAndAttributes]' passed (0.000 seconds).
Test Case '-[ThreeMDTests.ParserTests testRoundTripWithPreamble]' started.
Test Case '-[ThreeMDTests.ParserTests testRoundTripWithPreamble]' passed (0.000 seconds).
Test Case '-[ThreeMDTests.ParserTests testUnclosedFrontmatterThrows]' started.
Test Case '-[ThreeMDTests.ParserTests testUnclosedFrontmatterThrows]' passed (0.000 seconds).
Test Case '-[ThreeMDTests.ParserTests testWindowsLineEndingsNormalized]' started.
Test Case '-[ThreeMDTests.ParserTests testWindowsLineEndingsNormalized]' passed (0.000 seconds).
Test Suite 'ParserTests' passed at 2026-10-10 12:42:17.963.
	 Executed 32 tests, with 0 failures (0 unexpected) in 0.005 (0.007) seconds
Test Suite '3mdPackageTests.xctest' passed at 2026-10-10 12:42:17.963.
	 Executed 322 tests, with 0 failures (0 unexpected) in 88.077 (88.100) seconds
Test Suite 'All tests' passed at 2026-10-10 12:42:17.963.
	 Executed 322 tests, with 0 failures (0 unexpected) in 88.077 (88.101) seconds
◇ Test run started.
↳ Testing Library Version: 1902
↳ Target Platform: arm64e-apple-macos14.0
✔ Test run with 0 tests in 0 suites passed after 0.001 seconds.
  ✔ Step 3 done (1m 28.937s)
  ▶️ Running task: js
bun install v1.4.0 (34cbb9a40)

Checked 5 installs across 6 packages (no changes) [24.00ms]
$ tsc --noEmit
$ bun build ./src/index.ts --outdir ./dist --target node --format esm && tsc -p tsconfig.build.json
Bundled 9 modules in 15ms

  index.js  146.91 KB  (entry point)

bun test v1.4.0 (34cbb9a40)

test/interchange.test.ts:
(pass) lossless cross-language interchange > raw parsing and bounded decoding use the literal Foundation whitespace set [19.19ms]
(pass) lossless cross-language interchange > Unicode whitespace fences do not invent directives during bounded preflight [1.87ms]
(pass) lossless cross-language interchange > UTF-8 decoding leaves BOM removal to the parser exactly once [0.20ms]
(pass) lossless cross-language interchange > source dictionary collisions retain first spelling and the last assignment in source order [7.42ms]
(pass) lossless cross-language interchange > legacy serialization preserves literal apostrophes, edge whitespace, quotes and backslashes [1.26ms]
(pass) lossless cross-language interchange > legacy number formatting and Unicode scalar key order agree with canonical wire writers [0.85ms]
(pass) lossless cross-language interchange > links preserve long finite targets, long labels and multiline labels [0.33ms]
(pass) lossless cross-language interchange > linear link scanning preserves reference regex matching for malformed nested candidates [1.71ms]

test/structured.test.ts:
(pass) structured goldens (test-plan section 1) > the manifest lists 49 interchange anchors, 2 examples and 3 worked examples [0.07ms]
(pass) structured goldens (test-plan section 1) > axis-48: writer bytes, decode, re-encode, header, kind-1 sibling, SHA-256 [3.71ms]
(pass) structured goldens (test-plan section 1) > axis-49: writer bytes, decode, re-encode, header, kind-1 sibling, SHA-256 [0.60ms]
(pass) structured goldens (test-plan section 1) > axis-50: writer bytes, decode, re-encode, header, kind-1 sibling, SHA-256 [0.34ms]
(pass) structured goldens (test-plan section 1) > axis-51: writer bytes, decode, re-encode, header, kind-1 sibling, SHA-256 [0.36ms]
(pass) structured goldens (test-plan section 1) > axis-52: writer bytes, decode, re-encode, header, kind-1 sibling, SHA-256 [0.35ms]
(pass) structured goldens (test-plan section 1) > axis-53: writer bytes, decode, re-encode, header, kind-1 sibling, SHA-256 [0.30ms]
(pass) structured goldens (test-plan section 1) > axis-54: writer bytes, decode, re-encode, header, kind-1 sibling, SHA-256 [0.28ms]
(pass) structured goldens (test-plan section 1) > axis-55: writer bytes, decode, re-encode, header, kind-1 sibling, SHA-256 [0.61ms]
(pass) structured goldens (test-plan section 1) > axis-56: writer bytes, decode, re-encode, header, kind-1 sibling, SHA-256 [0.42ms]
(pass) structured goldens (test-plan section 1) > axis-57: writer bytes, decode, re-encode, header, kind-1 sibling, SHA-256 [0.26ms]
(pass) structured goldens (test-plan section 1) > combining-mark-delimiters: writer bytes, decode, re-encode, header, kind-1 sibling, SHA-256 [1.54ms]
(pass) structured goldens (test-plan section 1) > combining-mark-fences: writer bytes, decode, re-encode, header, kind-1 sibling, SHA-256 [0.47ms]
(pass) structured goldens (test-plan section 1) > combining-mark-scalars: writer bytes, decode, re-encode, header, kind-1 sibling, SHA-256 [1.57ms]
(pass) structured goldens (test-plan section 1) > composition-empty-root: writer bytes, decode, re-encode, header, kind-1 sibling, SHA-256 [4.25ms]
(pass) structured goldens (test-plan section 1) > composition-shared-dag-unused: writer bytes, decode, re-encode, header, kind-1 sibling, SHA-256 [7.62ms]
(pass) structured goldens (test-plan section 1) > empty-document: writer bytes, decode, re-encode, header, kind-1 sibling, SHA-256 [0.28ms]
(pass) structured goldens (test-plan section 1) > empty-planes: writer bytes, decode, re-encode, header, kind-1 sibling, SHA-256 [1.12ms]
(pass) structured goldens (test-plan section 1) > extension-composition-instances: writer bytes, decode, re-encode, header, kind-1 sibling, SHA-256 [4.98ms]
(pass) structured goldens (test-plan section 1) > extension-document-unicode: writer bytes, decode, re-encode, header, kind-1 sibling, SHA-256 [0.86ms]
(pass) structured goldens (test-plan section 1) > extension-unicode-key-order: writer bytes, decode, re-encode, header, kind-1 sibling, SHA-256 [1.11ms]
(pass) structured goldens (test-plan section 1) > extension-unicode-source-collision: writer bytes, decode, re-encode, header, kind-1 sibling, SHA-256 [0.42ms]
(pass) structured goldens (test-plan section 1) > fences-and-directives: writer bytes, decode, re-encode, header, kind-1 sibling, SHA-256 [0.39ms]
(pass) structured goldens (test-plan section 1) > legacy-valid-attribute-numeric-stays-string: writer bytes, decode, re-encode, header, kind-1 sibling, SHA-256 [0.17ms]
(pass) structured goldens (test-plan section 1) > legacy-valid-axis-default: writer bytes, decode, re-encode, header, kind-1 sibling, SHA-256 [0.17ms]
(pass) structured goldens (test-plan section 1) > legacy-valid-axis-lowercased: writer bytes, decode, re-encode, header, kind-1 sibling, SHA-256 [0.12ms]
(pass) structured goldens (test-plan section 1) > legacy-valid-bom: writer bytes, decode, re-encode, header, kind-1 sibling, SHA-256 [0.14ms]
(pass) structured goldens (test-plan section 1) > legacy-valid-code-block-directive-safe: writer bytes, decode, re-encode, header, kind-1 sibling, SHA-256 [0.14ms]
(pass) structured goldens (test-plan section 1) > legacy-valid-coordinates-attributes: writer bytes, decode, re-encode, header, kind-1 sibling, SHA-256 [0.25ms]
(pass) structured goldens (test-plan section 1) > legacy-valid-crlf: writer bytes, decode, re-encode, header, kind-1 sibling, SHA-256 [0.16ms]
(pass) structured goldens (test-plan section 1) > legacy-valid-decimal-negative-z: writer bytes, decode, re-encode, header, kind-1 sibling, SHA-256 [0.16ms]
(pass) structured goldens (test-plan section 1) > legacy-valid-empty-body: writer bytes, decode, re-encode, header, kind-1 sibling, SHA-256 [0.09ms]
(pass) structured goldens (test-plan section 1) > legacy-valid-empty-plane-body: writer bytes, decode, re-encode, header, kind-1 sibling, SHA-256 [0.12ms]
(pass) structured goldens (test-plan section 1) > legacy-valid-escaped-quote-label: writer bytes, decode, re-encode, header, kind-1 sibling, SHA-256 [0.14ms]
(pass) structured goldens (test-plan section 1) > legacy-valid-frontmatter-comments: writer bytes, decode, re-encode, header, kind-1 sibling, SHA-256 [0.20ms]
(pass) structured goldens (test-plan section 1) > legacy-valid-indented-directive-is-body: writer bytes, decode, re-encode, header, kind-1 sibling, SHA-256 [0.16ms]
(pass) structured goldens (test-plan section 1) > legacy-valid-leading-blank-lines: writer bytes, decode, re-encode, header, kind-1 sibling, SHA-256 [0.18ms]
(pass) structured goldens (test-plan section 1) > legacy-valid-metadata-key-case-preserved: writer bytes, decode, re-encode, header, kind-1 sibling, SHA-256 [0.15ms]
(pass) structured goldens (test-plan section 1) > legacy-valid-multi-plane: writer bytes, decode, re-encode, header, kind-1 sibling, SHA-256 [0.33ms]
(pass) structured goldens (test-plan section 1) > legacy-valid-plane-prefix-not-directive: writer bytes, decode, re-encode, header, kind-1 sibling, SHA-256 [0.14ms]
(pass) structured goldens (test-plan section 1) > legacy-valid-preamble-with-planes: writer bytes, decode, re-encode, header, kind-1 sibling, SHA-256 [0.24ms]
(pass) structured goldens (test-plan section 1) > legacy-valid-repeated-directive-key-last-wins: writer bytes, decode, re-encode, header, kind-1 sibling, SHA-256 [0.16ms]
(pass) structured goldens (test-plan section 1) > legacy-valid-single-plane-shorthand: writer bytes, decode, re-encode, header, kind-1 sibling, SHA-256 [0.14ms]
(pass) structured goldens (test-plan section 1) > legacy-valid-version-1-0: writer bytes, decode, re-encode, header, kind-1 sibling, SHA-256 [0.12ms]
(pass) structured goldens (test-plan section 1) > legacy-valid-z-scientific-notation: writer bytes, decode, re-encode, header, kind-1 sibling, SHA-256 [0.18ms]
(pass) structured goldens (test-plan section 1) > mixed-coordinates: writer bytes, decode, re-encode, header, kind-1 sibling, SHA-256 [0.27ms]
(pass) structured goldens (test-plan section 1) > nfc-source-keys: writer bytes, decode, re-encode, header, kind-1 sibling, SHA-256 [0.24ms]
(pass) structured goldens (test-plan section 1) > scalar-quoting: writer bytes, decode, re-encode, header, kind-1 sibling, SHA-256 [0.42ms]
(pass) structured goldens (test-plan section 1) > unicode-exact-values: writer bytes, decode, re-encode, header, kind-1 sibling, SHA-256 [0.47ms]
(pass) structured goldens (test-plan section 1) > whitespace-crlf-bom: writer bytes, decode, re-encode, header, kind-1 sibling, SHA-256 [0.15ms]
(pass) structured goldens (test-plan section 1) > canopy: writer bytes, decode, re-encode, header, kind-1 sibling, SHA-256 [0.39ms]
(pass) structured goldens (test-plan section 1) > shared-grove: writer bytes, decode, re-encode, header, kind-1 sibling, SHA-256 [3.16ms]
(pass) structured goldens (test-plan section 1) > worked-document: writer bytes, decode, re-encode, header, kind-1 sibling, SHA-256 [0.27ms]
(pass) structured goldens (test-plan section 1) > worked-numbers: writer bytes, decode, re-encode, header, kind-1 sibling, SHA-256 [0.17ms]
(pass) structured goldens (test-plan section 1) > worked-keys: writer bytes, decode, re-encode, header, kind-1 sibling, SHA-256 [0.22ms]
(pass) structured goldens (test-plan section 1) > the worked document has the metrics of SPEC.md 11.3.17 and the annotated bytes [1.04ms]
(pass) structured vectors (test-plan section 2) > the manifest holds 156 vectors: 30 with limits, 25 ok, 131 typed errors [0.13ms]
(pass) structured vectors (test-plan section 2) > container-truncated-header (D4) gives invalidContainer [0.17ms]
(pass) structured vectors (test-plan section 2) > container-version-2 (D5) gives unsupportedVersion [0.04ms]
(pass) structured vectors (test-plan section 2) > container-kind-0 (D6) gives unsupportedPayloadKind [0.03ms]
(pass) structured vectors (test-plan section 2) > container-kind-3 (D6) gives unsupportedPayloadKind [0.03ms]
(pass) structured vectors (test-plan section 2) > container-kind-4 (D6) gives unsupportedPayloadKind [0.07ms]
(pass) structured vectors (test-plan section 2) > container-kind-255 (D6) gives unsupportedPayloadKind [0.04ms]
(pass) structured vectors (test-plan section 2) > container-kind-3-bad-crc (D6) gives unsupportedPayloadKind [0.03ms]
(pass) structured vectors (test-plan section 2) > container-compression-2 (D7) gives unsupportedCompression [0.03ms]
(pass) structured vectors (test-plan section 2) > container-flags (D8) gives unsupportedFlags [0.02ms]
(pass) structured vectors (test-plan section 2) > container-reserved (D9) gives nonzeroReserved [0.02ms]
(pass) structured vectors (test-plan section 2) > container-decoded-over-emax (D10) gives oversizedOutput [0.04ms]
(pass) structured vectors (test-plan section 2) > container-decoded-over-2dmax-bad-crc (D10) gives oversizedOutput [0.03ms]
(pass) structured vectors (test-plan section 2) > container-encoded-zero (D11) gives lengthMismatch [0.02ms]
(pass) structured vectors (test-plan section 2) > container-decoded-zero (D11) gives lengthMismatch [0.02ms]
(pass) structured vectors (test-plan section 2) > container-encoded-mismatch (D11) gives lengthMismatch [0.03ms]
(pass) structured vectors (test-plan section 2) > container-uncompressed-lengths-differ (D11) gives lengthMismatch [0.03ms]
(pass) structured vectors (test-plan section 2) > container-trailing-byte (D11) gives lengthMismatch [0.03ms]
(pass) structured vectors (test-plan section 2) > container-crc-field (D12) gives checksumMismatch [0.02ms]
(pass) structured vectors (test-plan section 2) > container-crc-payload (D12) gives checksumMismatch [0.03ms]
(pass) structured vectors (test-plan section 2) > container-lzfse-portable (D13) gives compressionUnavailable [0.20ms]
(pass) structured vectors (test-plan section 2) > var-non-minimal (V3) gives invalidContainer [0.07ms]
(pass) structured vectors (test-plan section 2) > var-non-minimal-zero (V3) gives invalidContainer [0.03ms]
(pass) structured vectors (test-plan section 2) > var-five-bytes (Str1) gives lengthMismatch [0.03ms]
(pass) structured vectors (test-plan section 2) > var-four-continuation-truncated (V1) gives lengthMismatch [0.03ms]
(pass) structured vectors (test-plan section 2) > var-truncated (V1) gives lengthMismatch [0.03ms]
(pass) structured vectors (test-plan section 2) > var-max-length (Str1) gives lengthMismatch [0.04ms]
(pass) structured vectors (test-plan section 2) > count-metadata (C) gives lengthMismatch [0.04ms]
(pass) structured vectors (test-plan section 2) > count-planes (C) gives lengthMismatch [0.04ms]
(pass) structured vectors (test-plan section 2) > count-attributes (C) gives lengthMismatch [0.07ms]
(pass) structured vectors (test-plan section 2) > count-planes-edge-ok (C) gives ok [0.07ms]
(pass) structured vectors (test-plan section 2) > count-planes-over-pmax-and-remaining (C) gives lengthMismatch [0.03ms]
(pass) structured vectors (test-plan section 2) > str-remaining-plus-one (Str1) gives lengthMismatch [0.03ms]
(pass) structured vectors (test-plan section 2) > str-remaining-before-limit (Str1) gives lengthMismatch [0.09ms]
(pass) structured vectors (test-plan section 2) > str-two-byte-var-exact-ok (Str1) gives ok [0.08ms]
(pass) structured vectors (test-plan section 2) > str-two-byte-var-plus-one (Str1) gives lengthMismatch [0.05ms]
(pass) structured vectors (test-plan section 2) > str-over-record (Str2) gives oversizedRecord [0.04ms]
(pass) structured vectors (test-plan section 2) > str-preamble-over-r-minus-1 (S7) gives oversizedRecord [0.03ms]
(pass) structured vectors (test-plan section 2) > utf8-scalar-overlong (Str3) gives invalidUTF8 [0.26ms]
(pass) structured vectors (test-plan section 2) > utf8-scalar-surrogate (Str3) gives invalidUTF8 [0.03ms]
(pass) structured vectors (test-plan section 2) > utf8-scalar-above-max (Str3) gives invalidUTF8 [0.03ms]
(pass) structured vectors (test-plan section 2) > utf8-scalar-truncated (Str3) gives invalidUTF8 [0.03ms]
(pass) structured vectors (test-plan section 2) > utf8-scalar-lone-continuation (Str3) gives invalidUTF8 [0.03ms]
(pass) structured vectors (test-plan section 2) > utf8-scalar-ff (Str3) gives invalidUTF8 [0.03ms]
(pass) structured vectors (test-plan section 2) > utf8-body-split (Str3) gives invalidUTF8 [0.03ms]
(pass) structured vectors (test-plan section 2) > utf8-before-line-break (Str3) gives invalidUTF8 [0.03ms]
(pass) structured vectors (test-plan section 2) > scalar-lf (Str4) gives invalidDocument [0.07ms]
(pass) structured vectors (test-plan section 2) > scalar-cr (Str4) gives invalidDocument [0.03ms]
(pass) structured vectors (test-plan section 2) > flags-document-bit2 (S1) gives invalidContainer [0.03ms]
(pass) structured vectors (test-plan section 2) > flags-document-bit7 (S1) gives invalidContainer [0.03ms]
(pass) structured vectors (test-plan section 2) > flags-plane-bit7 (P1) gives invalidContainer [0.02ms]
(pass) structured vectors (test-plan section 2) > flags-plane-z-form-0 (P1) gives invalidContainer [0.02ms]
(pass) structured vectors (test-plan section 2) > number-f32-integer (N) gives invalidContainer [0.03ms]
(pass) structured vectors (test-plan section 2) > number-f32-negative-zero (N) gives invalidContainer [0.03ms]
(pass) structured vectors (test-plan section 2) > number-f32-nan (N) gives invalidDocument [0.03ms]
(pass) structured vectors (test-plan section 2) > number-f32-infinity (N) gives invalidDocument [0.02ms]
(pass) structured vectors (test-plan section 2) > number-f32-truncated (N) gives lengthMismatch [0.02ms]
(pass) structured vectors (test-plan section 2) > number-f64-truncated (N) gives lengthMismatch [0.02ms]
(pass) structured vectors (test-plan section 2) > number-f64-integer (N) gives invalidContainer [0.06ms]
(pass) structured vectors (test-plan section 2) > number-f64-binary32 (N) gives invalidContainer [0.05ms]
(pass) structured vectors (test-plan section 2) > number-f64-negative-zero (N) gives invalidContainer [0.04ms]
(pass) structured vectors (test-plan section 2) > number-f64-nan (N) gives invalidDocument [0.03ms]
(pass) structured vectors (test-plan section 2) > number-f64-negative-infinity (N) gives invalidDocument [0.03ms]
(pass) structured vectors (test-plan section 2) > number-f64-int-boundary (N) gives invalidContainer [0.03ms]
(pass) structured vectors (test-plan section 2) > number-f32-two-pow-27-ok (N) gives ok [0.07ms]
(pass) structured vectors (test-plan section 2) > number-f64-two-pow-53-plus-2-ok (N) gives ok [0.05ms]
(pass) structured vectors (test-plan section 2) > number-f32-for-f64-value (N) gives ok [0.04ms]
(pass) structured vectors (test-plan section 2) > order-metadata-decreasing (S6) gives invalidContainer [0.03ms]
(pass) structured vectors (test-plan section 2) > order-metadata-identical (S6) gives invalidContainer [0.03ms]
(pass) structured vectors (test-plan section 2) > order-nfc-instead-of-bytes (S6) gives invalidContainer [0.03ms]
(pass) structured vectors (test-plan section 2) > order-utf16-instead-of-bytes (S6) gives invalidContainer [0.05ms]
(pass) structured vectors (test-plan section 2) > order-equivalent-keys (S6b) gives invalidDocument [0.10ms]
(pass) structured vectors (test-plan section 2) > order-equivalent-kelvin (S6b) gives invalidDocument [0.05ms]
(pass) structured vectors (test-plan section 2) > order-attributes-decreasing (P7) gives invalidContainer [0.04ms]
(pass) structured vectors (test-plan section 2) > order-attributes-equivalent (P7a) gives invalidDocument [0.04ms]
(pass) structured vectors (test-plan section 2) > order-keys-ok (S6) gives ok [0.17ms]
(pass) structured vectors (test-plan section 2) > field-empty-version (S2) gives invalidDocument [0.09ms]
(pass) structured vectors (test-plan section 2) > axis-uppercase (R2) gives invalidDocument [0.03ms]
(pass) structured vectors (test-plan section 2) > axis-leading-space (R2) gives invalidDocument [0.03ms]
(pass) structured vectors (test-plan section 2) > axis-trailing-tab (R2) gives invalidDocument [0.04ms]
(pass) structured vectors (test-plan section 2) > axis-trailing-nbsp (R2) gives invalidDocument [0.03ms]
(pass) structured vectors (test-plan section 2) > axis-non-ascii-uppercase (R2) gives invalidDocument [0.03ms]
(pass) structured vectors (test-plan section 2) > axis-unicode-ok (R2) gives ok [0.04ms]
(pass) structured vectors (test-plan section 2) > metadata-key-colon (R3) gives invalidDocument [0.02ms]
(pass) structured vectors (test-plan section 2) > metadata-key-hash (R3) gives invalidDocument [0.03ms]
(pass) structured vectors (test-plan section 2) > metadata-key-leading-space (R3) gives invalidDocument [0.03ms]
(pass) structured vectors (test-plan section 2) > metadata-key-trailing-ideographic-space (R3) gives invalidDocument [0.03ms]
(pass) structured vectors (test-plan section 2) > metadata-key-axis (R3) gives invalidDocument [0.03ms]
(pass) structured vectors (test-plan section 2) > metadata-key-title (R3) gives invalidDocument [0.04ms]
(pass) structured vectors (test-plan section 2) > metadata-key-version (R3) gives invalidDocument [0.03ms]
(pass) structured vectors (test-plan section 2) > metadata-key-empty-ok (R3) gives ok [0.04ms]
(pass) structured vectors (test-plan section 2) > attribute-key-empty (R9) gives invalidDocument [0.03ms]
(pass) structured vectors (test-plan section 2) > attribute-key-uppercase (R9) gives invalidDocument [0.03ms]
(pass) structured vectors (test-plan section 2) > attribute-key-label (R9) gives invalidDocument [0.04ms]
(pass) structured vectors (test-plan section 2) > attribute-key-z (R9) gives invalidDocument [0.02ms]
(pass) structured vectors (test-plan section 2) > attribute-key-equals (R9) gives invalidDocument [0.02ms]
(pass) structured vectors (test-plan section 2) > attribute-key-space (R9) gives invalidDocument [0.02ms]
(pass) structured vectors (test-plan section 2) > attribute-key-tab (R9) gives invalidDocument [0.02ms]
(pass) structured vectors (test-plan section 2) > attribute-key-leading-nbsp (R9) gives invalidDocument [0.03ms]
(pass) structured vectors (test-plan section 2) > attribute-key-sigma (R9) gives invalidDocument [0.03ms]
(pass) structured vectors (test-plan section 2) > duplicate-z (L0) gives invalidDocument [0.03ms]
(pass) structured vectors (test-plan section 2) > preamble-without-planes (S8) gives invalidDocument [0.04ms]
(pass) structured vectors (test-plan section 2) > too-many-planes (S8) gives tooManyPlanes [0.03ms]
(pass) structured vectors (test-plan section 2) > segment-empty-preamble (G1) gives invalidDocument [0.02ms]
(pass) structured vectors (test-plan section 2) > segment-trailing-cr (G2) gives invalidDocument [0.03ms]
(pass) structured vectors (test-plan section 2) > segment-inner-cr-ok (G2) gives ok [0.06ms]
(pass) structured vectors (test-plan section 2) > segment-crlf (G3) gives invalidDocument [0.03ms]
(pass) structured vectors (test-plan section 2) > segment-leading-blank (G4) gives invalidDocument [0.03ms]
(pass) structured vectors (test-plan section 2) > segment-trailing-blank (G4) gives invalidDocument [0.02ms]
(pass) structured vectors (test-plan section 2) > segment-leading-nbsp-line (G4) gives invalidDocument [0.02ms]
(pass) structured vectors (test-plan section 2) > segment-trailing-ideographic-line (G4) gives invalidDocument [0.05ms]
(pass) structured vectors (test-plan section 2) > segment-plane-line (G5) gives invalidDocument [0.03ms]
(pass) structured vectors (test-plan section 2) > segment-plane-directive (G5) gives invalidDocument [0.04ms]
(pass) structured vectors (test-plan section 2) > segment-plane-tab (G5) gives invalidDocument [0.02ms]
(pass) structured vectors (test-plan section 2) > segment-indented-plane-ok (G5) gives ok [0.04ms]
(pass) structured vectors (test-plan section 2) > segment-planet-ok (G5) gives ok [0.05ms]
(pass) structured vectors (test-plan section 2) > segment-fence-backtick-tilde-ok (G5) gives ok [0.04ms]
(pass) structured vectors (test-plan section 2) > segment-fence-tilde-closed (G5) gives invalidDocument [0.22ms]
(pass) structured vectors (test-plan section 2) > segment-fence-nbsp-indented-ok (G5) gives ok [0.16ms]
(pass) structured vectors (test-plan section 2) > segment-fence-open-not-final (G6) gives invalidDocument [0.05ms]
(pass) structured vectors (test-plan section 2) > segment-fence-open-final-ok (G6) gives ok [0.09ms]
(pass) structured vectors (test-plan section 2) > segment-fence-open-preamble (G6) gives invalidDocument [0.04ms]
(pass) structured vectors (test-plan section 2) > segment-bom-nul-ok (Str3) gives ok [0.06ms]
(pass) structured vectors (test-plan section 2) > phase-q-apostrophe (Q) gives invalidDocument [0.16ms]
(pass) structured vectors (test-plan section 2) > phase-q-double-quote (Q) gives invalidDocument [0.06ms]
(pass) structured vectors (test-plan section 2) > phase-q-paired-ok (Q) gives ok [0.10ms]
(pass) structured vectors (test-plan section 2) > phase-q-spaced-pair-ok (Q) gives ok [0.24ms]
(pass) structured vectors (test-plan section 2) > phase-q-quoted-space-ok (Q) gives ok [0.22ms]
(pass) structured vectors (test-plan section 2) > phase-q-swallow-next (Q) gives invalidDocument [0.11ms]
(pass) structured vectors (test-plan section 2) > phase-q-inject-z (Q) gives invalidDocument [0.06ms]
(pass) structured vectors (test-plan section 2) > phase-q-inject-label (Q) gives invalidDocument [0.09ms]
(pass) structured vectors (test-plan section 2) > phase-q-uppercase-quoted (Q) gives invalidDocument [0.05ms]
(pass) structured vectors (test-plan section 2) > limit-record-below-3 (L1) gives oversizedRecord [0.04ms]
(pass) structured vectors (test-plan section 2) > limit-frontmatter-line (L2) gives oversizedRecord [0.03ms]
(pass) structured vectors (test-plan section 2) > limit-directive-line (L3) gives oversizedRecord [0.03ms]
(pass) structured vectors (test-plan section 2) > limit-text-length (L4) gives oversizedOutput [0.03ms]
(pass) structured vectors (test-plan section 2) > limit-lines (L5) gives tooManyLines [0.04ms]
(pass) structured vectors (test-plan section 2) > precedence-l0-over-l3 (L0) gives invalidDocument [0.03ms]
(pass) structured vectors (test-plan section 2) > precedence-l3-over-l4 (L3) gives oversizedRecord [0.03ms]
(pass) structured vectors (test-plan section 2) > precedence-l4-over-l5 (L4) gives oversizedOutput [0.03ms]
(pass) structured vectors (test-plan section 2) > precedence-s-order (S9) gives invalidDocument [0.04ms]
(pass) structured vectors (test-plan section 2) > precedence-utf8-before-limits (S4) gives invalidUTF8 [0.03ms]
(pass) structured vectors (test-plan section 2) > end-trailing-byte (S10) gives lengthMismatch [0.03ms]
(pass) structured vectors (test-plan section 2) > bound-2dmax-exact (L4) gives oversizedOutput [0.03ms]
(pass) structured vectors (test-plan section 2) > eighty-planes-emax-1000 (L4) gives ok [0.19ms]
(pass) structured vectors (test-plan section 2) > edges-maximumDecodedBytes-at (L4) gives ok [0.13ms]
(pass) structured vectors (test-plan section 2) > edges-maximumDecodedBytes-below (L4) gives oversizedOutput [0.03ms]
(pass) structured vectors (test-plan section 2) > edges-maximumLines-at (L5) gives ok [0.06ms]
(pass) structured vectors (test-plan section 2) > edges-maximumLines-below (L5) gives tooManyLines [0.03ms]
(pass) structured vectors (test-plan section 2) > edges-maximumPlanes-at (S8) gives ok [0.07ms]
(pass) structured vectors (test-plan section 2) > edges-maximumPlanes-below (S8) gives tooManyPlanes [0.03ms]
(pass) structured vectors (test-plan section 2) > edges-maximumRecordBytes-at (L3) gives ok [0.08ms]
(pass) structured vectors (test-plan section 2) > edges-maximumRecordBytes-below (L3) gives oversizedRecord [0.03ms]
(pass) structured vectors (test-plan section 2) > edges-maximumEncodedBytes-at (D2) gives ok [0.07ms]
(pass) structured vectors (test-plan section 2) > edges-maximumEncodedBytes-below (D2) gives oversizedInput [0.03ms]
(pass) structured vectors (test-plan section 2) > preamble-record-31 (Str2) gives ok [0.05ms]
(pass) structured vectors (test-plan section 2) > preamble-record-30 (Str2) gives oversizedRecord [0.02ms]
(pass) structured unit checklist (test-plan section 3) > Var encodes and decodes minimally at every byte-count boundary [17.20ms]
(pass) structured unit checklist (test-plan section 3) > Var rejections V1 to V3 [0.34ms]
(pass) structured unit checklist (test-plan section 3) > number forms follow SPEC.md 11.3.3 and every encoding decodes bit for bit [0.33ms]
(pass) structured unit checklist (test-plan section 3) > CRC check value, slicing against a bytewise reference, and container checksums [77.47ms]
(pass) structured unit checklist (test-plan section 3) > chunked UTF-8 validation agrees with whole-string validation at every chunk boundary [11.30ms]
(pass) structured unit checklist (test-plan section 3) > segment rules G1 to G6 on hand cases [0.43ms]
(pass) structured unit checklist (test-plan section 3) > segment scanner agrees with the 2.0 parser round trip on 100,000 random bodies [1376.81ms]
(pass) structured unit checklist (test-plan section 3) > canonical text metrics equal the 2.0 writer on every Example and 100,000 generated documents [8832.17ms]
(pass) structured unit checklist (test-plan section 3) > byte-order keys: code point order equals UTF-8 byte order, never UTF-16 order [80.31ms]
(pass) structured unit checklist (test-plan section 3) > key equivalence matches normalize("NFC") on decode [0.60ms]
(pass) structured unit checklist (test-plan section 3) > numeric-powers.json: 4,318 canonical spellings [12.72ms]
(pass) structured unit checklist (test-plan section 3) > containerInfo reports raw header fields without validating them [0.71ms]
(pass) structured unit checklist (test-plan section 3) > encodeTextContainer keeps the 2.0 binary writer's bytes and error order [11.32ms]
(pass) structured unit checklist (test-plan section 3) > writer edges: W1b, the exact Emax cap, compression after the self-check [0.65ms]
(pass) structured unit checklist (test-plan section 3) > TypeScript writer: lone surrogates, equivalent-key merge, dropped values and __proto__ [0.80ms]
(pass) structured unit checklist (test-plan section 3) > the portable utf8Length path, where String.prototype.isWellFormed is missing, writes the same bytes [5.25ms]
(pass) structured unit checklist (test-plan section 3) > decoded values have the 2.0 bounded decoder's shape [0.20ms]
(pass) structured unit checklist (test-plan section 3) > Unicode skew vectors outside Unicode 13.0 (recorded for the runtime's Unicode data) [1.74ms]
(pass) structured unit checklist (test-plan section 3) > size gate G6 (perf-gate section 4) holds for the Examples and the committed large-input sizes [82.82ms]
(pass) structured unit checklist (test-plan section 3) > the package index exports exactly the two new storage names [0.50ms]
(pass) TypeScript chunked decoding never carries bytes into the next string > Bun: a truncated last chunk and the following string both report invalidUTF8 [26.71ms]
(pass) TypeScript chunked decoding never carries bytes into the next string > Node: the same two-call sequences on the current sources [121.35ms]
(pass) differential properties at CI volume (test-plan section 4) > P1, P2 and P3 over 10,410 mutants of every anchor and the kind-2 Examples (seed 0x51a7) [2212.40ms]
(pass) differential properties at CI volume (test-plan section 4) > P5: encode(D, L) succeeds exactly when decode(encode(D, L), L) does, and returns the normalized D [97.00ms]
(pass) differential properties at CI volume (test-plan section 4) > P6: binary acceptance equals validate under standard and lowered limits, and decode equals the text decode [743.09ms]
(pass) cancellation, resource bounds and buffer ownership (test-plan section 5) > before entry: a pre-aborted signal fails every storage entry point with its reason [0.19ms]
(pass) cancellation, resource bounds and buffer ownership (test-plan section 5) > every decode and encode check point aborts with the reason and leaves no partial result [30.90ms]
(pass) cancellation, resource bounds and buffer ownership (test-plan section 5) > mid-CRC on a 64 MiB input [301.12ms]
(pass) cancellation, resource bounds and buffer ownership (test-plan section 5) > inside a 1 MiB scalar scan and between the UTF-8 chunks of an 8 MiB body [181.96ms]
(pass) cancellation, resource bounds and buffer ownership (test-plan section 5) > before plane k of 65,536 and in Phase L [809.00ms]
(pass) cancellation, resource bounds and buffer ownership (test-plan section 5) > before and after a Phase Q parse [0.59ms]
(pass) cancellation, resource bounds and buffer ownership (test-plan section 5) > mid-emission and mid-self-check on encode [1.05ms]
(pass) cancellation, resource bounds and buffer ownership (test-plan section 5) > the result walk checks by bytes inside one plane of 700,000 attributes (standard limits) [1260.83ms]
(pass) cancellation, resource bounds and buffer ownership (test-plan section 5) > the equivalence checks of long decomposed keys check by bytes, metadata and attributes (standard limits) [562.59ms]
(pass) cancellation, resource bounds and buffer ownership (test-plan section 5) > the writer checks by work inside large maps: merge tests, sorts, the plan and the emission [1659.27ms]
Bun memory growth / input: body a: 2.58, body é: 2.55, body €: 2.26, body 😀: 2.53, planes: 2.14, attributes: 1.23
(pass) cancellation, resource bounds and buffer ownership (test-plan section 5) > memory on Bun: resident growth under 4 times the input for the 64 MiB worst cases and an 8 MiB body [2283.74ms]
Node memory growth / input: body a: 2.11, body é: 2.10, body €: 1.75, body 😀: 2.12, planes: 2.86, attributes: 1.04
(pass) cancellation, resource bounds and buffer ownership (test-plan section 5) > memory on Node: the same cases on the current sources [2157.61ms]
(pass) cancellation, resource bounds and buffer ownership (test-plan section 5) > amplification: 65,536 quoted-key planes over R are rejected before any Phase Q parse, in under a second [259.52ms]
(pass) cancellation, resource bounds and buffer ownership (test-plan section 5) > Phase S allocates nothing per key: 2,000,000 minimal attributes stay far below 4 times the input [795.86ms]
(pass) cancellation, resource bounds and buffer ownership (test-plan section 5) > buffer ownership: overwriting or slicing the caller's buffer never changes a decoded value [2.23ms]
(pass) cancellation, resource bounds and buffer ownership (test-plan section 5) > a kind-2 file whose uncompressed container exceeds Emax or 2 Dmax stops at D10 before the CRC [0.20ms]

test/composition.test.ts:
(pass) bounded self-contained composition > safe ID grammar, duplicates, absent roots and unreachable missing targets fail [1.95ms]
(pass) bounded self-contained composition > cycles, unused cycles, cached depth and repeated-traversal occurrence limits fail [1.00ms]
(pass) bounded self-contained composition > counts, unique source bytes and per-reference UTF-8 attributes are bounded [0.34ms]
(pass) bounded self-contained composition > constructors enforce absolute integer limits and legitimate zero reference limits [0.07ms]
(pass) bounded self-contained composition > public graph codecs validate plain-object composition policies before reading or writing [0.16ms]
(pass) bounded self-contained composition > strict envelopes, schemas, unknown fields and JSON types are rejected [0.87ms]
(pass) bounded self-contained composition > duplicate escaped keys, nested records, numeric fields and trailing JSON fail before object decoding [0.58ms]
(pass) bounded self-contained composition > embedded paths and malformed unused sources stay local parse errors [0.30ms]
(pass) bounded self-contained composition > profile and escaped JSON bounds count the complete envelope [0.40ms]
(pass) bounded self-contained composition > opaque attributes preserve controls, Unicode and prototype-looking keys [0.40ms]
(pass) bounded self-contained composition > pre-aborted graph construction and codecs propagate cancellation [0.12ms]
(pass) bounded self-contained composition > new reference writers sort Unicode scalar keys and strict JSON rejects equivalent duplicate keys [1.43ms]

test/conformance.test.ts:
(pass) conformance vectors > at least one valid and one invalid vector exist [0.26ms]
(pass) conformance vectors > invalid-duplicate-plane.json: two planes sharing the same z value are rejected [0.14ms]
(pass) conformance vectors > invalid-duplicate-z-decimal-forms.json: z=0 and z=0.0 are the same position [0.03ms]
(pass) conformance vectors > invalid-frontmatter-no-colon.json: frontmatter line without a colon separator is rejected [0.03ms]
(pass) conformance vectors > invalid-frontmatter-unclosed.json: frontmatter block that is never closed is rejected [0.02ms]
(pass) conformance vectors > invalid-missing-frontmatter.json: document without a frontmatter fence is rejected
(pass) conformance vectors > invalid-missing-plane-position.json: a plane directive with no z attribute is rejected [0.02ms]
(pass) conformance vectors > invalid-missing-version.json: frontmatter without the 3md version key is rejected
(pass) conformance vectors > invalid-plane-token-no-equals.json: a plane attribute token with no equals sign is rejected (Swift throws; it is not skipped) [0.04ms]
(pass) conformance vectors > invalid-plane-x-not-number.json: a plane directive whose x is not a number is rejected [0.03ms]
(pass) conformance vectors > invalid-plane-z-not-number.json: a plane directive whose z is not a number is rejected [0.02ms]
(pass) conformance vectors > invalid-unterminated-quote.json: an unterminated quote in a directive is rejected [0.01ms]
(pass) conformance vectors > invalid-z-hex.json: hex z is rejected so Swift and TS agree
(pass) conformance vectors > invalid-z-infinity.json: z=inf is rejected (non-finite)
(pass) conformance vectors > invalid-z-nan.json: z=nan is rejected (non-finite, also closes the NaN dedup bypass)
(pass) conformance vectors > invalid-z-thousands-separator.json: thousands separators are rejected
(pass) conformance vectors > links-basic.json: a [[z=N]] reference resolves to the source z, target z, and existence [0.11ms]
(pass) conformance vectors > links-dangling.json: a reference to a missing plane is reported with targetExists false [0.01ms]
(pass) conformance vectors > links-decimal-target.json: a decimal target z is matched against a decimal plane z [0.01ms]
(pass) conformance vectors > links-invalid-ignored.json: non-finite targets and ordinary Markdown links are not cross-plane links
(pass) conformance vectors > links-multiple.json: multiple links in one body are returned left to right [0.01ms]
(pass) conformance vectors > links-with-text.json: a [[z=N|text]] reference captures the link text [0.01ms]
(pass) conformance vectors > valid-attribute-numeric-stays-string.json: non z/x/y attributes stay strings, not coerced [0.04ms]
(pass) conformance vectors > valid-axis-default.json: axis defaults to layer when omitted
(pass) conformance vectors > valid-axis-lowercased.json: axis value is trimmed and lowercased
(pass) conformance vectors > valid-bom.json: a leading UTF-8 BOM is stripped before parsing
(pass) conformance vectors > valid-code-block-directive-safe.json: a @plane line inside a fenced code block stays body text
(pass) conformance vectors > valid-coordinates-attributes.json: coordinates, label, and extra attributes are captured [0.02ms]
(pass) conformance vectors > valid-crlf.json: CRLF line endings are normalized to LF [0.01ms]
(pass) conformance vectors > valid-decimal-negative-z.json: z accepts negative and decimal values and keeps source order
(pass) conformance vectors > valid-empty-body.json: frontmatter only with no body yields no planes
(pass) conformance vectors > valid-empty-plane-body.json: a plane directive with no following content has an empty body
(pass) conformance vectors > valid-escaped-quote-label.json: escaped quotes inside a quoted label round-trip
(pass) conformance vectors > valid-frontmatter-comments.json: frontmatter skips comment and blank lines and strips quotes
(pass) conformance vectors > valid-indented-directive-is-body.json: an indented @plane is body, not a directive
(pass) conformance vectors > valid-leading-blank-lines.json: leading blank lines before the frontmatter fence are allowed
(pass) conformance vectors > valid-metadata-key-case-preserved.json: non-reserved frontmatter keys keep their case [0.01ms]
(pass) conformance vectors > valid-multi-plane.json: valid multi-plane document with title, metadata, and preamble [0.02ms]
(pass) conformance vectors > valid-plane-prefix-not-directive.json: @planex is not a directive; the doc is single-plane shorthand
(pass) conformance vectors > valid-preamble-with-planes.json: preamble is preserved when planes follow and quoted attribute keeps spaces [0.09ms]
(pass) conformance vectors > valid-repeated-directive-key-last-wins.json: a repeated directive key takes the last value [0.02ms]
(pass) conformance vectors > valid-single-plane-shorthand.json: single-plane shorthand wraps body at z=0 when no directives
(pass) conformance vectors > valid-version-1-0.json: the 1.0 format marker parses, with version reported as 1.0
(pass) conformance vectors > valid-z-scientific-notation.json: scientific notation in z parses as a decimal [0.02ms]
(pass) round trip: parse -> serialize -> parse > valid-attribute-numeric-stays-string.json: non z/x/y attributes stay strings, not coerced [0.11ms]
(pass) round trip: parse -> serialize -> parse > valid-axis-default.json: axis defaults to layer when omitted [0.02ms]
(pass) round trip: parse -> serialize -> parse > valid-axis-lowercased.json: axis value is trimmed and lowercased [0.02ms]
(pass) round trip: parse -> serialize -> parse > valid-bom.json: a leading UTF-8 BOM is stripped before parsing [0.01ms]
(pass) round trip: parse -> serialize -> parse > valid-code-block-directive-safe.json: a @plane line inside a fenced code block stays body text [0.02ms]
(pass) round trip: parse -> serialize -> parse > valid-coordinates-attributes.json: coordinates, label, and extra attributes are captured [0.05ms]
(pass) round trip: parse -> serialize -> parse > valid-crlf.json: CRLF line endings are normalized to LF [0.02ms]
(pass) round trip: parse -> serialize -> parse > valid-decimal-negative-z.json: z accepts negative and decimal values and keeps source order [0.02ms]
(pass) round trip: parse -> serialize -> parse > valid-empty-body.json: frontmatter only with no body yields no planes [0.01ms]
(pass) round trip: parse -> serialize -> parse > valid-empty-plane-body.json: a plane directive with no following content has an empty body [0.01ms]
(pass) round trip: parse -> serialize -> parse > valid-escaped-quote-label.json: escaped quotes inside a quoted label round-trip [0.01ms]
(pass) round trip: parse -> serialize -> parse > valid-frontmatter-comments.json: frontmatter skips comment and blank lines and strips quotes [0.03ms]
(pass) round trip: parse -> serialize -> parse > valid-indented-directive-is-body.json: an indented @plane is body, not a directive [0.01ms]
(pass) round trip: parse -> serialize -> parse > valid-leading-blank-lines.json: leading blank lines before the frontmatter fence are allowed [0.01ms]
(pass) round trip: parse -> serialize -> parse > valid-metadata-key-case-preserved.json: non-reserved frontmatter keys keep their case [0.01ms]
(pass) round trip: parse -> serialize -> parse > valid-multi-plane.json: valid multi-plane document with title, metadata, and preamble [0.04ms]
(pass) round trip: parse -> serialize -> parse > valid-plane-prefix-not-directive.json: @planex is not a directive; the doc is single-plane shorthand
(pass) round trip: parse -> serialize -> parse > valid-preamble-with-planes.json: preamble is preserved when planes follow and quoted attribute keeps spaces [0.03ms]
(pass) round trip: parse -> serialize -> parse > valid-repeated-directive-key-last-wins.json: a repeated directive key takes the last value [0.01ms]
(pass) round trip: parse -> serialize -> parse > valid-single-plane-shorthand.json: single-plane shorthand wraps body at z=0 when no directives [0.01ms]
(pass) round trip: parse -> serialize -> parse > valid-version-1-0.json: the 1.0 format marker parses, with version reported as 1.0 [0.02ms]
(pass) round trip: parse -> serialize -> parse > valid-z-scientific-notation.json: scientific notation in z parses as a decimal [0.02ms]

test/editing.test.ts:
(pass) portable atomic editing and diagnostics > adoption skips existing IDs, preserves id metadata and rejects unsafe or duplicated identities [0.80ms]
(pass) portable atomic editing and diagnostics > snapshots deep-copy and freeze values; reconstruction rejects a forged revision [0.77ms]
(pass) portable atomic editing and diagnostics > insert, move, remove and header replacements are one pure transaction [0.49ms]
(pass) portable atomic editing and diagnostics > later invalid operation rolls back; replacement identities, indices and missing targets are precise [0.51ms]
(pass) portable atomic editing and diagnostics > exact revisions reject NFC-equivalent bytes and expected-content budgets [0.32ms]
(pass) portable atomic editing and diagnostics > structurally typed snapshot revisions cannot replace the exact-content comparison [0.60ms]
(pass) portable atomic editing and diagnostics > operation, payload and final invalid-document policies return no partial result [0.34ms]
(pass) portable atomic editing and diagnostics > two NaN coordinate replacements reach invalid-document validation without a false duplicate [0.12ms]
(pass) portable atomic editing and diagnostics > graph patches allow forward definitions and final root swaps without flattening [1.61ms]
(pass) portable atomic editing and diagnostics > graph final failures identify the missing target or root and enforce scoped IDs [1.95ms]
(pass) portable atomic editing and diagnostics > source diagnostics carry only actual parser lines; value paths and truncation stay precise [0.55ms]
(pass) portable atomic editing and diagnostics > diagnostic payload preflight precedes expensive graph validation and retains owner paths [2.31ms]
(pass) portable atomic editing and diagnostics > all identity, transaction and diagnostic entry points honor pre-aborted signals [0.39ms]
(pass) portable atomic editing and diagnostics > public editor and diagnostic boundaries reject forged plain-object policies [0.30ms]

test/storage.test.ts:
(pass) bounded portable storage > fixed envelope vectors match Swift and sliced data retains its byte offset [0.20ms]
(pass) bounded portable storage > existing Swift canopy and grove envelopes remain readable and byte-identical [2.05ms]
(pass) bounded portable storage > LZFSE is explicitly unavailable while unknown compression remains a different error [0.20ms]
(pass) bounded portable storage > header fields, checksums, trailing bytes and unsafe 64-bit lengths are checked [0.27ms]
(pass) bounded portable storage > the same header, checksum and payload checks hold for payload kind 2 [0.17ms]
(pass) bounded portable storage > resource constructors reject noninteger and nonpositive limits and accept any safe size [0.08ms]
(pass) bounded portable storage > a document past the old 64 MiB ceiling round-trips as text and as kind 2 [1563.62ms]
(pass) bounded portable storage > public storage boundaries validate structurally typed plain-object policies [0.25ms]
(pass) bounded portable storage > exact byte boundaries succeed; physical lines, planes and entire records are bounded [0.41ms]
(pass) bounded portable storage > preflight respects code fences and preserves the existing parser/serializer behavior [0.12ms]
(pass) bounded portable storage > direct lossy values and malformed decimals fail without changing legacy text APIs [2.76ms]
(pass) bounded portable storage > hostile interior and trailing ASCII whitespace remains exact through text and portable storage [23.68ms]
(pass) bounded portable storage > pre-aborted operations propagate the abort reason [0.22ms]
(pass) bounded portable storage > new canonical maps use Swift Unicode key equality, scalar order and original spelling [0.68ms]

test/interchange-adapter.test.ts:
(pass) development files adapter limits > limit literals are judged by their correctly rounded IEEE double, like Swift and Rust [94.47ms]

test/extensions.test.ts:
(pass) Swift portable extension conformance > all IEEE754 number vectors match Swift canonical formatting [0.94ms]
(pass) Swift portable extension conformance > Swift scientific notation starts strictly above the exact 2^53 boundary [0.03ms]
(pass) Swift portable extension conformance > canonical Unicode document text, envelope and revision are byte-identical to Swift [0.79ms]
(pass) Swift portable extension conformance > canonical composition preserves shared definitions, instance IDs and exact profile bytes [1.98ms]
(pass) Swift portable extension conformance > additive Swift Unicode key ordering and source-collision goldens match the portable codecs [1.51ms]
(pass) Swift portable extension conformance > identity adoption follows the Swift fixture and preserves ordinary id metadata [0.89ms]
(pass) Swift portable extension conformance > document transaction: atomic-coordinate-swap [0.49ms]
(pass) Swift portable extension conformance > document transaction: source-order-change [0.31ms]
(pass) Swift portable extension conformance > composition transaction: retarget-and-reorder-owner-instance [1.37ms]
(pass) Swift portable extension conformance > composition transaction: remove-one-repeated-target-instance [1.16ms]
(pass) Swift portable extension conformance > atomic failure: stale-document-revision [0.32ms]
(pass) Swift portable extension conformance > atomic failure: final-coordinate-conflict [0.14ms]
(pass) Swift portable extension conformance > atomic failure: changed-plane-identity [0.12ms]
(pass) Swift portable extension conformance > atomic failure: stale-composition-revision [0.05ms]
(pass) Swift portable extension conformance > atomic failure: final-reference-cycle [0.46ms]
(pass) Swift portable extension conformance > atomic failure: wrong-owner-reference-target [0.34ms]

test/file-composition.test.ts:
(pass) explicit supplied-file composition > simple and repeated glyph links deduplicate files and refresh changed child bytes [1.47ms]
(pass) explicit supplied-file composition > nested parent paths and duplicate basenames resolve relative to each containing file [1.06ms]
(pass) explicit supplied-file composition > payload kind 1 children and bundles (the 2.0 binary bytes) still resolve [1.26ms]
(pass) explicit supplied-file composition > binary nested bundles retain unused entries, stable identities and opaque edges before new ledger edges [1.65ms]
(pass) explicit supplied-file composition > nested profile records use the outer composition policy while embedded ordinary records retain child bounds [1499.82ms]
(pass) explicit supplied-file composition > paths use NFC and Unicode scalar ordering rather than UTF16 or locale sorting [1.17ms]
(pass) explicit supplied-file composition > path grammar rejects escape, absolute paths, empty segments, controls and normalized aliases [0.58ms]
(pass) explicit supplied-file composition > strict ledger scanner rejects duplicate escaped keys, malformed JSON and invalid glyphs before values [0.43ms]
(pass) explicit supplied-file composition > missing files and malformed reachable storage retain distinct errors, unreachable storage is ignored [0.35ms]
(pass) explicit supplied-file composition > file cycles also fail when unused bundle entries form a cycle across files [0.88ms]
(pass) explicit supplied-file composition > supplied counts, original path bytes and reachable bytes use input limits before decoding [105.72ms]
(pass) explicit supplied-file composition > outer recognition applies child byte and line policies before its lowered plane ceiling [1.01ms]
(pass) explicit supplied-file composition > disconnected embedded ledgers use final entry depth rather than incoming file depth [0.93ms]
(pass) explicit supplied-file composition > repeated cached dependencies validate final depth after complete discovery [0.79ms]
(pass) explicit supplied-file composition > independent fixed64 discovery safety bounds disconnected file chains [35.29ms]
(pass) explicit supplied-file composition > lowered policies enforce final graph depth, imported entries, edges, conceptual traversal and final profile size [0.96ms]
(pass) explicit supplied-file composition > pre-aborted and cooperatively aborted operations propagate the caller's cancellation reason [0.16ms]
(pass) linked composition parity hardening > static resolve, ledger and resolvePath do not depend on their class binding [0.26ms]
(pass) linked composition parity hardening > owner directories keep parent, dot and grammar semantics [0.11ms]
(pass) linked composition parity hardening > a long owner path with many references resolves every reference in its directory [7.58ms]
(pass) linked composition parity hardening > refusals follow entry ID, then glyph, discovery order [1.03ms]
(pass) linked composition parity hardening > root and unreachable supplied paths use the ledger path grammar [0.73ms]
(pass) linked composition parity hardening > ledger escapes decode before path grammar [0.74ms]
(pass) linked composition parity hardening > self and alias cycles compare normalized paths [0.35ms]
(pass) linked composition parity hardening > a cached subtree is charged at its deeper occurrence against the discovery ceiling [41.05ms]
(pass) linked composition parity hardening > existing edges precede ledger edges; embedded ledgers resolve from their bundle folder; output rebundles [1.96ms]
(pass) linked composition parity hardening > the source-file attribute bound counts normalized UTF-8 bytes [10.47ms]
(pass) linked composition parity hardening > lowered policies charge original path bytes before path grammar; invalid limits are refused first [0.19ms]
(pass) linked composition parity hardening > an abort inside the ledger scanner propagates the caller's reason [1.91ms]
(pass) linked composition parity hardening > an abort inside the scalar path sort propagates the caller's reason [1.69ms]
(pass) early source-file attribute bound and long-directory owners > an over-bound ledger edge is refused while resolving, before later refusals [0.39ms]
(pass) early source-file attribute bound and long-directory owners > the attribute bound counts normalized directory prefix bytes [0.45ms]
(pass) early source-file attribute bound and long-directory owners > long-directory owners resolve repeated sources once and refuse over-bound targets at the first edge [189.50ms]

test/links.test.ts:
(pass) links() > basic reference resolves source, target, and existence [0.85ms]
(pass) links() > captures optional link text [0.04ms]
(pass) links() > present-but-empty link text is the empty string [0.02ms]
(pass) links() > multiple links in one body are returned left to right [0.02ms]
(pass) links() > links across planes follow source order [0.02ms]
(pass) links() > dangling reference reports targetExists false [0.02ms]
(pass) links() > decimal target matches a decimal plane z [0.02ms]
(pass) links() > non-finite and non-link sequences are ignored [0.01ms]
(pass) links() > signed and exponent targets parse as finite decimals [0.02ms]
(pass) links() > a document with no links returns an empty array [0.01ms]
(pass) links() > danglingLinks filters only missing targets [0.05ms]
(pass) links() > linkGraph collapses repeated source-target pairs [0.10ms]
(pass) links() > linkGraph keeps dangling edge status [0.03ms]

 431 pass
 0 fail
 764396 expect() calls
Ran 431 tests across 10 files. [27.81s]
  ✔ Step 4 done (29.778s)
  ▶️ Running task: rust
    Finished `dev` profile [unoptimized + debuginfo] target(s) in 0.16s
    Finished `test` profile [unoptimized + debuginfo] target(s) in 0.08s
     Running unittests src/lib.rs (target/debug/deps/threemd-3e8d3a72ef8b0b84)

running 18 tests
test checksum::tests::check_value_matches_the_specification ... ok
test structured::tests::number_forms_follow_the_table_and_decode_bit_exactly ... ok
test structured::tests::var_round_trips_at_every_size_boundary_and_rejects_v1_to_v3 ... ok
test structured::tests::equivalence_is_rejected_only_for_canonically_equal_distinct_keys ... ok
test structured::tests::line_feed_bits_mark_exactly_the_line_feeds ... ok
test structured::tests::checked_chars_stop_at_a_failed_check_and_keep_the_error ... ok
test structured::tests::long_key_hashes_and_nfc_forms_check_cancellation_on_their_input ... ok
test structured::tests::every_cancellation_check_cancels_decode_and_encode_without_a_result ... ok
test structured::tests::phase_s_checks_cancellation_within_long_keys_and_axes ... ok
test checksum::tests::slicing_matches_the_bytewise_reference_at_every_alignment ... ok
test structured::tests::cancellation_reaches_long_scans_and_every_plane ... ok
test structured::tests::lowercase_test_agrees_with_to_lowercase ... ok
test structured::tests::w2_checks_cancellation_between_short_keys_and_within_long_keys ... ok
test structured::tests::phase_q_normalizes_each_key_once_in_the_2_0_writer_order ... ok
test structured::tests::equivalence_matches_brute_force_and_compares_forms_only_when_hashes_meet ... ok
test structured::tests::cancellation_reaches_the_crc_of_a_64_mib_input ... ok
test structured::tests::phase_q_runs_only_after_phase_l_bounds_every_directive ... ok
test structured::tests::long_key_nfc_test_agrees_with_is_nfc_and_checks_every_chunk ... ok

test result: ok. 18 passed; 0 failed; 0 ignored; 0 measured; 0 filtered out; finished in 4.50s

     Running tests/conformance.rs (target/debug/deps/conformance-283cd1b2cb105be9)

running 1 test
test conformance_vectors_pass ... ok

test result: ok. 1 passed; 0 failed; 0 ignored; 0 measured; 0 filtered out; finished in 0.00s

     Running tests/editing.rs (target/debug/deps/editing-997e6fa6b85c2c5a)

running 9 tests
test direct_btree_maps_reject_ambiguous_canonically_equivalent_keys ... ok
test operation_payload_and_final_document_policies_are_enforced ... ok
test adopted_entries_report_the_specific_graph_error_that_adoption_wraps ... ok
test all_document_operations_preserve_source_order_and_header_fields ... ok
test identity_adoption_is_explicit_and_scoped ... ok
test document_operation_failures_are_structured_and_do_not_mutate_input ... ok
test graph_revision_roundtrip_diagnostics_and_cancellation ... ok
test all_composition_operations_validate_the_final_graph_atomically ... ok
test graph_failures_validate_counts_identity_and_reference_existence ... ok

test result: ok. 9 passed; 0 failed; 0 ignored; 0 measured; 0 filtered out; finished in 0.01s

     Running tests/extensions.rs (target/debug/deps/extensions-4eb0504670bb68cf)

running 15 tests
test binary_header_fields_and_corruption_are_rejected ... ok
test bounded_diagnostics_preserve_real_parser_lines_and_legacy_ids ... ok
test canonical_decimal_ties_use_nearest_even_shortest_spelling ... ok
test exact_utf8_revision_reopen_and_forged_snapshot_validation ... ok
test storage_resource_policies_and_faithful_value_validation ... ok
test graph_validates_unused_entries_cycles_and_resource_limits ... ok
test swift_unicode_key_order_and_source_collision_semantics_match ... ok
test original_extension_artifacts_and_lzfse_unavailability ... ok
test composition_json_is_strict_and_rejects_decoded_duplicate_keys ... ok
test cancellation_propagates_without_publishing_values ... ok
test swift_numeric_vectors_match_exact_storage_spelling ... ok
test swift_document_and_composition_goldens_are_byte_identical ... ok
test swift_adoption_transactions_and_failures_match_semantics ... ok
test every_signed_power_of_two_and_ten_matches_the_shared_canonical_spelling ... ok
test a_document_past_the_old_ceiling_round_trips ... ok

test result: ok. 15 passed; 0 failed; 0 ignored; 0 measured; 0 filtered out; finished in 9.19s

     Running tests/file_composition.rs (target/debug/deps/file_composition-82fdc3545091eafc)

running 30 tests
test owner_directory_resolution_keeps_parent_dot_and_grammar_semantics ... ok
test outer_recognition_preserves_child_byte_and_line_policy_precedence_over_planes ... ok
test ledger_is_strict_json_with_ascii_glyph_validation_before_duplicate_checks ... ok
test attribute_bound_counts_normalized_directory_prefix_bytes ... ok
test outer_profile_records_are_independent_of_child_record_policy ... ok
test over_bound_ledger_edge_is_refused_while_resolving_before_later_refusals ... ok
test existing_edges_precede_ledger_edges_and_embedded_ledgers_resolve_from_their_bundle_folder ... ok
test lowered_policy_charges_original_path_bytes_before_grammar_and_rejects_invalid_limits_first ... ok
test nested_relative_paths_keep_duplicate_basenames_and_use_scalar_order ... ok
test disconnected_embedded_ledgers_use_actual_entry_depth_and_repeated_cached_files ... ok
test final_depth_checks_include_cached_dependencies_and_cancelled_operations_are_atomic ... ok
test missing_files_and_file_cycles_include_ledgers_in_unused_bundle_entries ... ok
test supplied_and_resolved_policies_are_checked_before_returning_a_bundle ... ok
test self_and_alias_cycles_compare_normalized_paths ... ok
test repeated_links_are_deterministic_and_preserve_the_ordinary_document ... ok
test ledger_escapes_decode_before_path_grammar ... ok
test unreachable_content_is_ignored_but_every_supplied_path_is_validated ... ok
test refusals_follow_entry_id_then_glyph_discovery_order ... ok
test root_and_unreachable_supplied_paths_use_the_ledger_path_grammar ... ok
test resolver_output_rebundles_with_opaque_glyph_and_source_file_attributes ... ok
test repeated_cached_files_validate_final_depth_and_missing_discovery_precedence ... ok
test binary_children_and_nested_bundles_preserve_unused_entries_and_reference_ids ... ok
test source_file_attribute_bound_counts_normalized_utf8_bytes ... ok
test discovery_ceiling_is_the_standard_maximum_depth ... ok
test fixed_file_discovery_ceiling_bounds_disconnected_chains ... ok
test cached_subtree_is_charged_at_its_deeper_occurrence_against_the_discovery_ceiling ... ok
test long_owner_path_with_many_references_resolves_every_reference_in_its_directory ... ok
test long_directory_owners_resolve_repeated_sources_once_and_refuse_over_bound_targets_early ... ok
test project_paths_have_explicit_rules_and_bounded_standalone_work ... ok
test cancellation_from_another_thread_during_resolution_returns_no_result ... ok

test result: ok. 30 passed; 0 failed; 0 ignored; 0 measured; 0 filtered out; finished in 1.65s

     Running tests/interchange.rs (target/debug/deps/interchange-1ce7f8e1fb0daa3c)

running 5 tests
test bounded_parse_keeps_limits_and_explicit_cancellation ... ok
test source_unicode_aliases_keep_first_spelling_and_last_value_in_both_parsers ... ok
test legacy_serializer_preserves_quoted_apostrophes_and_boundary_whitespace ... ok
test raw_and_bounded_parsers_share_foundation_horizontal_whitespace ... ok
test large_unique_plane_sets_and_numeric_duplicate_equality_are_preserved ... ok

test result: ok. 5 passed; 0 failed; 0 ignored; 0 measured; 0 filtered out; finished in 0.45s

     Running tests/structured.rs (target/debug/deps/structured-e12e8226d3e976db)

running 24 tests
test p1_to_p4_every_mutant_reports_the_shared_outcome ... ignored, 102,600 decodes; run with --release -- --ignored
test container_info_reports_raw_fields_without_validation ... ok
test unicode_skew_vectors_follow_this_toolchains_data ... ok
test payload_kind_dispatch_and_the_decoded_length_bound ... ok
test a_truncated_tail_never_carries_into_the_next_string_or_call ... ok
test worked_examples_have_the_specified_bytes ... ok
test writer_cap_negative_zero_and_compression_follow_w1_to_w6 ... ok
test compositions_accept_kind_1_and_2_envelopes_and_refuse_kind_3 ... ok
test text_container_writer_keeps_the_2_0_bytes_and_error_order ... ok
test every_vector_reports_its_code_under_its_limits ... ok
test new_types_are_send_and_sync_and_codecs_run_from_32_threads ... ok
test var_prefixes_at_size_boundaries_round_trip_through_bodies ... ok
test every_golden_is_reproduced_byte_for_byte_and_decodes_to_the_text_decode ... ok
test number_forms_round_trip_bit_exactly_and_spell_canonically ... ok
test g6_kind_2_sizes_match_sizes_json ... ok
test keys_are_written_in_byte_order_and_equivalent_spellings_are_rejected ... ok
test chunked_utf8_validation_agrees_with_whole_string_validation ... ok
test cancellation_returns_no_value_and_leaves_inputs_reusable ... ok
test p5_p6_writer_acceptance_equals_validate_under_standard_limits ... ok
test p5_p6_writer_acceptance_equals_validate_under_lowered_limits ... ok
test metrics_equal_the_canonical_text_on_every_example ... ok
test p1_to_p4_mutants_report_the_shared_outcomes ... ok
test segment_rules_agree_with_the_text_round_trip_on_random_bodies ... ok
test metrics_equal_the_canonical_text_on_generated_documents ... ok

test result: ok. 23 passed; 0 failed; 1 ignored; 0 measured; 0 filtered out; finished in 6.74s

     Running tests/structured_memory.rs (target/debug/deps/structured_memory-4f6ad24055334ee6)

running 1 test
test kind_2_decoding_stays_under_four_times_the_input ... ok

test result: ok. 1 passed; 0 failed; 0 ignored; 0 measured; 0 filtered out; finished in 9.36s

     Running unittests examples/interchange.rs (target/debug/examples/interchange-3e1831aec2fdc659)

running 9 tests
test tests::hex_is_exact_and_rejects_uppercase_or_odd_input ... ok
test tests::document_adapter_edits_and_rejects_stale_patch_for_both_file_formats ... ok
test tests::malformed_protocol_keys_numbers_and_depth_precede_source_count ... ok
test tests::supplied_file_adapter_rejects_malformed_protocol_and_maps_core_errors ... ok
test tests::supplied_file_adapter_emits_reopenable_composition_outputs ... ok
test tests::composition_adapter_preserves_references_and_binary_parity ... ok
test tests::file_limits_are_strict_shapes_with_library_validated_values ... ok
test tests::supplied_file_count_precedes_source_shape_validation_but_not_top_level_validation ... ok
test tests::oversized_requests_are_consumed_and_responses_are_atomic ... ok

test result: ok. 9 passed; 0 failed; 0 ignored; 0 measured; 0 filtered out; finished in 0.10s

    Finished `test` profile [unoptimized + debuginfo] target(s) in 0.02s
   Doc-tests threemd

running 4 tests
test src/storage.rs - storage::DocumentContainerInfo (line 216) ... ok
test src/lib.rs - axis (line 67) ... ok
test src/lib.rs - ParseError::code (line 178) ... ok
test src/lib.rs - (line 12) ... ok

test result: ok. 4 passed; 0 failed; 0 ignored; 0 measured; 0 filtered out; finished in 1.47s

    Finished `dev` profile [unoptimized + debuginfo] target(s) in 0.02s
  ✔ Step 5 done (34.550s)
  ▶️ Running task: interchange
[0/1] Planning build
Building for debugging...
[0/3] Write swift-version--58304C5D6DBC2206.txt
Build of product 'threemd-interchange' complete! (0.24s)
{"cases":569,"compression":"none; optional Apple LZFSE excluded","imports":17991,"pairCounts":{"Rust -> Rust":1999,"Rust -> Swift":1999,"Rust -> TypeScript-Node":1999,"Swift -> Rust":1999,"Swift -> Swift":1999,"Swift -> TypeScript-Node":1999,"TypeScript-Node -> Rust":1999,"TypeScript-Node -> Swift":1999,"TypeScript-Node -> TypeScript-Node":1999},"passed":true,"producerConsumerPairs":9,"schema":"3md-interchange-receipt-1"}
Interchange evidence: /var/folders/5k/616qy7sj28l0d53k4c6w_4x00000gn/T/3md-interchange-1821610F-1D1B-407E-9F78-29D88EC6380A
  ✔ Step 6 done (50.574s)
  ▶️ Running task: element-bundle
Bundled 10 modules in 8ms

  three-md.js  48.84 KB  (entry point)

element bundle is current (48840 bytes, no storage code)
  ✔ Step 7 done (46ms)
  ▶️ Running task: editor
bun install v1.4.0 (34cbb9a40)

Checked 183 installs across 192 packages (no changes) [47.00ms]
$ vscode-tmgrammar-test -g syntaxes/3md.tmLanguage.json -g syntaxes/3md-links.injection.json -g tests/grammars/markdown.tmLanguage.json "tests/*.3md"
grammar not found for "source.yaml"
grammar not found for "text.html.derivative"
grammar not found for "source.css"
grammar not found for "text.html.basic"
grammar not found for "source.ini"
grammar not found for "source.java"
grammar not found for "source.lua"
grammar not found for "source.makefile"
grammar not found for "source.perl"
grammar not found for "source.r"
grammar not found for "source.ruby"
grammar not found for "source.php"
grammar not found for "source.sql"
grammar not found for "source.asp.vb.net"
grammar not found for "text.xml"
grammar not found for "text.xml.xsl"
grammar not found for "source.batchfile"
grammar not found for "source.clojure"
grammar not found for "source.coffee"
grammar not found for "source.c"
grammar not found for "source.cpp"
grammar not found for "source.diff"
grammar not found for "source.dockerfile"
grammar not found for "text.git-commit"
grammar not found for "text.git-rebase"
grammar not found for "source.go"
grammar not found for "source.groovy"
grammar not found for "text.pug"
grammar not found for "source.ignore"
grammar not found for "source.js"
grammar not found for "source.js.regexp"
grammar not found for "source.json"
grammar not found for "source.json.comments"
grammar not found for "source.json.lines"
grammar not found for "source.css.less"
grammar not found for "source.objc"
grammar not found for "source.swift"
grammar not found for "source.css.scss"
grammar not found for "source.perl.6"
grammar not found for "source.powershell"
grammar not found for "source.python"
grammar not found for "source.julia"
grammar not found for "source.regexp.python"
grammar not found for "source.rust"
grammar not found for "source.scala"
grammar not found for "source.shell"
grammar not found for "source.ts"
grammar not found for "source.tsx"
grammar not found for "source.cs"
grammar not found for "source.fsharp"
grammar not found for "source.dart"
grammar not found for "text.html.handlebars"
grammar not found for "text.log"
grammar not found for "source.erlang"
grammar not found for "source.elixir"
grammar not found for "text.tex.latex"
grammar not found for "text.bibtex"
grammar not found for "source.twig"
grammar not found for "source.yang"
grammar not found for "source.abap"
grammar not found for "source.rst"
✓ tests/cross-plane-link.3md run successfuly.
✓ tests/frontmatter.3md run successfuly.
✓ tests/markdown-body.3md run successfuly.
✓ tests/plane-directive.3md run successfuly.
  ✔ Step 8 done (539ms)
✅ Lane verify completed (8 steps in 3m 25.668s)
⊘ Skipped 4 unchanged spec(s) (use --force/--no-cache to re-validate all)
  ℹ Cache: /Users/leif/Development/_CorvidLabs/3md-edit-preview/.specsync/hashes.json

All specs unchanged — nothing to validate.
File coverage: 55/55 (100%)
LOC coverage:  21185/21185 (100%)
augur: config: loaded ./.augur.toml
augur gate · review (risk 36)
trust range: origin/leif/viewer-draft-navigation..HEAD
== lifecycle ==
== contract ==
== risk ==
== provenance ==
provenance degraded: policy is not satisfied
== atlas: off (Atlas publication was not enabled during adoption) ==
trust gate passed (progressive provenance)
