
Running 130 tests using 2 workers

(node:77726) Warning: The 'NO_COLOR' env is ignored due to the 'FORCE_COLOR' env being set.
(Use `node --trace-warnings ...` to show where the warning was created)
(node:77727) Warning: The 'NO_COLOR' env is ignored due to the 'FORCE_COLOR' env being set.
(Use `node --trace-warnings ...` to show where the warning was created)
[WebServer] ::1 - - [10/Oct/2026 12:35:08] "GET /viewer.html HTTP/1.1" 200 -
[WebServer] ::1 - - [10/Oct/2026 12:35:08] "GET /viewer.html HTTP/1.1" 200 -
[WebServer] ::1 - - [10/Oct/2026 12:35:08] "GET /assets/tokens.css HTTP/1.1" 200 -
[WebServer] ::1 - - [10/Oct/2026 12:35:08] "GET /assets/three-md.js?v=1.7.17 HTTP/1.1" 200 -
[WebServer] ::1 - - [10/Oct/2026 12:35:08] "GET /assets/three-md.js?v=1.7.17 HTTP/1.1" 200 -
[WebServer] ::1 - - [10/Oct/2026 12:35:08] "GET /assets/tokens.css HTTP/1.1" 200 -
[WebServer] ::1 - - [10/Oct/2026 12:35:08] "GET /assets/theme.js HTTP/1.1" 200 -
[WebServer] ::1 - - [10/Oct/2026 12:35:08] "GET /assets/theme.js HTTP/1.1" 200 -
[WebServer] ::1 - - [10/Oct/2026 12:35:08] "GET /assets/open-document.js?v=3 HTTP/1.1" 200 -
[WebServer] ::1 - - [10/Oct/2026 12:35:08] "GET /assets/open-document.js?v=3 HTTP/1.1" 200 -
[WebServer] ::1 - - [10/Oct/2026 12:35:08] "GET /gallery-data.json HTTP/1.1" 200 -
[WebServer] ::1 - - [10/Oct/2026 12:35:08] "GET /gallery-data.json HTTP/1.1" 200 -
[WebServer] ::1 - - [10/Oct/2026 12:35:08] "GET /all-examples.json HTTP/1.1" 200 -
[WebServer] ::1 - - [10/Oct/2026 12:35:08] "GET /nested-examples.json HTTP/1.1" 200 -
[WebServer] ::1 - - [10/Oct/2026 12:35:08] "GET /all-examples.json HTTP/1.1" 200 -
[WebServer] ::1 - - [10/Oct/2026 12:35:08] "GET /binary-samples.json HTTP/1.1" 200 -
[WebServer] ::1 - - [10/Oct/2026 12:35:08] "GET /nested-examples.json HTTP/1.1" 200 -
[WebServer] ::1 - - [10/Oct/2026 12:35:08] "GET /binary-samples.json HTTP/1.1" 200 -
  ✓    2 [chromium] › viewer.spec.mjs:34:3 › viewer & editor (viewer.html) › opening the page shows lit cubes in the window (1.2s)
[WebServer] ::1 - - [10/Oct/2026 12:35:09] "GET /viewer.html HTTP/1.1" 200 -
[WebServer] ::1 - - [10/Oct/2026 12:35:09] "GET /assets/tokens.css HTTP/1.1" 200 -
[WebServer] ::1 - - [10/Oct/2026 12:35:09] "GET /assets/three-md.js?v=1.7.17 HTTP/1.1" 200 -
[WebServer] ::1 - - [10/Oct/2026 12:35:09] "GET /assets/theme.js HTTP/1.1" 200 -
[WebServer] ::1 - - [10/Oct/2026 12:35:09] "GET /assets/open-document.js?v=3 HTTP/1.1" 200 -
  ✓    1 [chromium] › viewer.spec.mjs:78:3 › viewer & editor (viewer.html) › one cell has filled faces from every side, with gold edges and glyph fill (1.3s)
[WebServer] ::1 - - [10/Oct/2026 12:35:09] "GET /viewer.html HTTP/1.1" 200 -
[WebServer] ::1 - - [10/Oct/2026 12:35:09] "GET /assets/tokens.css HTTP/1.1" 200 -
[WebServer] ::1 - - [10/Oct/2026 12:35:09] "GET /assets/three-md.js?v=1.7.17 HTTP/1.1" 200 -
[WebServer] ::1 - - [10/Oct/2026 12:35:09] "GET /assets/theme.js HTTP/1.1" 200 -
[WebServer] ::1 - - [10/Oct/2026 12:35:09] "GET /assets/open-document.js?v=3 HTTP/1.1" 200 -
[WebServer] ::1 - - [10/Oct/2026 12:35:09] "GET /all-examples.json HTTP/1.1" 200 -
[WebServer] ::1 - - [10/Oct/2026 12:35:09] "GET /nested-examples.json HTTP/1.1" 200 -
[WebServer] ::1 - - [10/Oct/2026 12:35:09] "GET /gallery-data.json HTTP/1.1" 200 -
[WebServer] ::1 - - [10/Oct/2026 12:35:09] "GET /binary-samples.json HTTP/1.1" 200 -
[WebServer] ::1 - - [10/Oct/2026 12:35:09] "GET /all-examples.json HTTP/1.1" 200 -
[WebServer] ::1 - - [10/Oct/2026 12:35:09] "GET /gallery-data.json HTTP/1.1" 200 -
[WebServer] ::1 - - [10/Oct/2026 12:35:09] "GET /nested-examples.json HTTP/1.1" 200 -
[WebServer] ::1 - - [10/Oct/2026 12:35:09] "GET /binary-samples.json HTTP/1.1" 200 -
  ✓    3 [chromium] › viewer.spec.mjs:152:3 › viewer & editor (viewer.html) › clicking a visible cube picks its Z slice and blank stage does not (773ms)
[WebServer] ::1 - - [10/Oct/2026 12:35:09] "GET /viewer.html HTTP/1.1" 200 -
[WebServer] ::1 - - [10/Oct/2026 12:35:09] "GET /assets/three-md.js?v=1.7.17 HTTP/1.1" 200 -
[WebServer] ::1 - - [10/Oct/2026 12:35:09] "GET /assets/tokens.css HTTP/1.1" 200 -
[WebServer] ::1 - - [10/Oct/2026 12:35:09] "GET /assets/theme.js HTTP/1.1" 200 -
[WebServer] ::1 - - [10/Oct/2026 12:35:09] "GET /assets/open-document.js?v=3 HTTP/1.1" 200 -
  ✓    4 [chromium] › viewer.spec.mjs:165:3 › viewer & editor (viewer.html) › renders the starter document with no console errors (726ms)
[WebServer] ::1 - - [10/Oct/2026 12:35:09] "GET /viewer.html HTTP/1.1" 200 -
[WebServer] ::1 - - [10/Oct/2026 12:35:09] "GET /assets/three-md.js?v=1.7.17 HTTP/1.1" 200 -
[WebServer] ::1 - - [10/Oct/2026 12:35:09] "GET /assets/tokens.css HTTP/1.1" 200 -
[WebServer] ::1 - - [10/Oct/2026 12:35:09] "GET /assets/theme.js HTTP/1.1" 200 -
[WebServer] ::1 - - [10/Oct/2026 12:35:09] "GET /assets/open-document.js?v=3 HTTP/1.1" 200 -
[WebServer] ::1 - - [10/Oct/2026 12:35:10] "GET /all-examples.json HTTP/1.1" 200 -
[WebServer] ::1 - - [10/Oct/2026 12:35:10] "GET /gallery-data.json HTTP/1.1" 200 -
[WebServer] ::1 - - [10/Oct/2026 12:35:10] "GET /nested-examples.json HTTP/1.1" 200 -
[WebServer] ::1 - - [10/Oct/2026 12:35:10] "GET /binary-samples.json HTTP/1.1" 200 -
[WebServer] ::1 - - [10/Oct/2026 12:35:10] "GET /all-examples.json HTTP/1.1" 200 -
[WebServer] ::1 - - [10/Oct/2026 12:35:10] "GET /gallery-data.json HTTP/1.1" 200 -
[WebServer] ::1 - - [10/Oct/2026 12:35:10] "GET /binary-samples.json HTTP/1.1" 200 -
[WebServer] ::1 - - [10/Oct/2026 12:35:10] "GET /nested-examples.json HTTP/1.1" 200 -
  ✓    5 [chromium] › viewer.spec.mjs:176:3 › viewer & editor (viewer.html) › editing the source re-renders live (1.1s)
[WebServer] ::1 - - [10/Oct/2026 12:35:10] "GET /viewer.html HTTP/1.1" 200 -
[WebServer] ::1 - - [10/Oct/2026 12:35:10] "GET /assets/tokens.css HTTP/1.1" 200 -
[WebServer] ::1 - - [10/Oct/2026 12:35:10] "GET /assets/three-md.js?v=1.7.17 HTTP/1.1" 200 -
[WebServer] ::1 - - [10/Oct/2026 12:35:10] "GET /assets/theme.js HTTP/1.1" 200 -
[WebServer] ::1 - - [10/Oct/2026 12:35:10] "GET /assets/open-document.js?v=3 HTTP/1.1" 200 -
  ✓    6 [chromium] › viewer.spec.mjs:190:3 › viewer & editor (viewer.html) › invalid 3md shows an error without crashing (1.1s)
[WebServer] ::1 - - [10/Oct/2026 12:35:11] "GET /viewer.html HTTP/1.1" 200 -
[WebServer] ::1 - - [10/Oct/2026 12:35:11] "GET /assets/tokens.css HTTP/1.1" 200 -
[WebServer] ::1 - - [10/Oct/2026 12:35:11] "GET /assets/three-md.js?v=1.7.17 HTTP/1.1" 200 -
[WebServer] ::1 - - [10/Oct/2026 12:35:11] "GET /assets/theme.js HTTP/1.1" 200 -
[WebServer] ::1 - - [10/Oct/2026 12:35:11] "GET /assets/open-document.js?v=3 HTTP/1.1" 200 -
[WebServer] ::1 - - [10/Oct/2026 12:35:11] "GET /all-examples.json HTTP/1.1" 200 -
[WebServer] ::1 - - [10/Oct/2026 12:35:11] "GET /gallery-data.json HTTP/1.1" 200 -
[WebServer] ::1 - - [10/Oct/2026 12:35:11] "GET /nested-examples.json HTTP/1.1" 200 -
[WebServer] ::1 - - [10/Oct/2026 12:35:11] "GET /binary-samples.json HTTP/1.1" 200 -
[WebServer] ::1 - - [10/Oct/2026 12:35:11] "GET /all-examples.json HTTP/1.1" 200 -
[WebServer] ::1 - - [10/Oct/2026 12:35:11] "GET /gallery-data.json HTTP/1.1" 200 -
[WebServer] ::1 - - [10/Oct/2026 12:35:11] "GET /nested-examples.json HTTP/1.1" 200 -
[WebServer] ::1 - - [10/Oct/2026 12:35:11] "GET /binary-samples.json HTTP/1.1" 200 -
  ✓    8 [chromium] › viewer.spec.mjs:218:3 › viewer & editor (viewer.html) › editor highlights syntax and numbers every line (731ms)
[WebServer] ::1 - - [10/Oct/2026 12:35:11] "GET /viewer.html HTTP/1.1" 200 -
[WebServer] ::1 - - [10/Oct/2026 12:35:11] "GET /assets/tokens.css HTTP/1.1" 200 -
[WebServer] ::1 - - [10/Oct/2026 12:35:11] "GET /assets/three-md.js?v=1.7.17 HTTP/1.1" 200 -
[WebServer] ::1 - - [10/Oct/2026 12:35:11] "GET /assets/theme.js HTTP/1.1" 200 -
[WebServer] ::1 - - [10/Oct/2026 12:35:11] "GET /assets/open-document.js?v=3 HTTP/1.1" 200 -
[WebServer] ::1 - - [10/Oct/2026 12:35:12] "GET /gallery-data.json HTTP/1.1" 200 -
[WebServer] ::1 - - [10/Oct/2026 12:35:12] "GET /nested-examples.json HTTP/1.1" 200 -
[WebServer] ::1 - - [10/Oct/2026 12:35:12] "GET /all-examples.json HTTP/1.1" 200 -
[WebServer] ::1 - - [10/Oct/2026 12:35:12] "GET /binary-samples.json HTTP/1.1" 200 -
  ✓    7 [chromium] › viewer.spec.mjs:204:3 › viewer & editor (viewer.html) › loading an example populates the editor and viewer (1.2s)
[WebServer] ::1 - - [10/Oct/2026 12:35:12] "GET /viewer.html HTTP/1.1" 200 -
[WebServer] ::1 - - [10/Oct/2026 12:35:12] "GET /assets/tokens.css HTTP/1.1" 200 -
[WebServer] ::1 - - [10/Oct/2026 12:35:12] "GET /assets/three-md.js?v=1.7.17 HTTP/1.1" 200 -
[WebServer] ::1 - - [10/Oct/2026 12:35:12] "GET /assets/theme.js HTTP/1.1" 200 -
[WebServer] ::1 - - [10/Oct/2026 12:35:12] "GET /assets/open-document.js?v=3 HTTP/1.1" 200 -
[WebServer] ::1 - - [10/Oct/2026 12:35:12] "GET /nested-examples.json HTTP/1.1" 200 -
[WebServer] ::1 - - [10/Oct/2026 12:35:12] "GET /all-examples.json HTTP/1.1" 200 -
[WebServer] ::1 - - [10/Oct/2026 12:35:12] "GET /gallery-data.json HTTP/1.1" 200 -
[WebServer] ::1 - - [10/Oct/2026 12:35:12] "GET /binary-samples.json HTTP/1.1" 200 -
  ✓    9 [chromium] › viewer.spec.mjs:246:3 › viewer & editor (viewer.html) › Tab indents and Enter continues a list (737ms)
[WebServer] ::1 - - [10/Oct/2026 12:35:12] "GET /viewer.html HTTP/1.1" 200 -
[WebServer] ::1 - - [10/Oct/2026 12:35:12] "GET /assets/three-md.js?v=1.7.17 HTTP/1.1" 200 -
[WebServer] ::1 - - [10/Oct/2026 12:35:12] "GET /assets/tokens.css HTTP/1.1" 200 -
[WebServer] ::1 - - [10/Oct/2026 12:35:12] "GET /assets/theme.js HTTP/1.1" 200 -
[WebServer] ::1 - - [10/Oct/2026 12:35:12] "GET /assets/open-document.js?v=3 HTTP/1.1" 200 -
[WebServer] ::1 - - [10/Oct/2026 12:35:12] "GET /gallery-data.json HTTP/1.1" 200 -
[WebServer] ::1 - - [10/Oct/2026 12:35:12] "GET /nested-examples.json HTTP/1.1" 200 -
[WebServer] ::1 - - [10/Oct/2026 12:35:12] "GET /all-examples.json HTTP/1.1" 200 -
[WebServer] ::1 - - [10/Oct/2026 12:35:12] "GET /binary-samples.json HTTP/1.1" 200 -
  ✓   10 [chromium] › viewer.spec.mjs:262:3 › viewer & editor (viewer.html) › clicking a plane outline chip focuses that plane (927ms)
[WebServer] ::1 - - [10/Oct/2026 12:35:13] "GET /viewer.html HTTP/1.1" 200 -
[WebServer] ::1 - - [10/Oct/2026 12:35:13] "GET /assets/tokens.css HTTP/1.1" 200 -
[WebServer] ::1 - - [10/Oct/2026 12:35:13] "GET /assets/three-md.js?v=1.7.17 HTTP/1.1" 200 -
[WebServer] ::1 - - [10/Oct/2026 12:35:13] "GET /assets/theme.js HTTP/1.1" 200 -
[WebServer] ::1 - - [10/Oct/2026 12:35:13] "GET /assets/open-document.js?v=3 HTTP/1.1" 200 -
  ✓   11 [chromium] › viewer.spec.mjs:273:3 › viewer & editor (viewer.html) › the highlight backdrop scrolls with the textarea (tall document) (752ms)
[WebServer] ::1 - - [10/Oct/2026 12:35:13] "GET /gallery-data.json HTTP/1.1" 200 -
[WebServer] ::1 - - [10/Oct/2026 12:35:13] "GET /all-examples.json HTTP/1.1" 200 -
[WebServer] ::1 - - [10/Oct/2026 12:35:13] "GET /nested-examples.json HTTP/1.1" 200 -
[WebServer] ::1 - - [10/Oct/2026 12:35:13] "GET /binary-samples.json HTTP/1.1" 200 -
[WebServer] ::1 - - [10/Oct/2026 12:35:13] "GET /viewer.html HTTP/1.1" 200 -
[WebServer] ::1 - - [10/Oct/2026 12:35:13] "GET /assets/tokens.css HTTP/1.1" 200 -
[WebServer] ::1 - - [10/Oct/2026 12:35:13] "GET /assets/three-md.js?v=1.7.17 HTTP/1.1" 200 -
[WebServer] ::1 - - [10/Oct/2026 12:35:13] "GET /assets/theme.js HTTP/1.1" 200 -
[WebServer] ::1 - - [10/Oct/2026 12:35:13] "GET /assets/open-document.js?v=3 HTTP/1.1" 200 -
[WebServer] ::1 - - [10/Oct/2026 12:35:13] "GET /gallery-data.json HTTP/1.1" 200 -
[WebServer] ::1 - - [10/Oct/2026 12:35:13] "GET /all-examples.json HTTP/1.1" 200 -
[WebServer] ::1 - - [10/Oct/2026 12:35:13] "GET /nested-examples.json HTTP/1.1" 200 -
[WebServer] ::1 - - [10/Oct/2026 12:35:13] "GET /binary-samples.json HTTP/1.1" 200 -
  ✓   12 [chromium] › viewer.spec.mjs:290:3 › viewer & editor (viewer.html) › smart-key edits are undoable and never corrupt the buffer (909ms)
[WebServer] ::1 - - [10/Oct/2026 12:35:13] "GET /viewer.html HTTP/1.1" 200 -
[WebServer] ::1 - - [10/Oct/2026 12:35:13] "GET /assets/three-md.js?v=1.7.17 HTTP/1.1" 200 -
[WebServer] ::1 - - [10/Oct/2026 12:35:13] "GET /assets/tokens.css HTTP/1.1" 200 -
[WebServer] ::1 - - [10/Oct/2026 12:35:13] "GET /assets/theme.js HTTP/1.1" 200 -
[WebServer] ::1 - - [10/Oct/2026 12:35:13] "GET /assets/open-document.js?v=3 HTTP/1.1" 200 -
[WebServer] ::1 - - [10/Oct/2026 12:35:14] "GET /gallery-data.json HTTP/1.1" 200 -
[WebServer] ::1 - - [10/Oct/2026 12:35:14] "GET /all-examples.json HTTP/1.1" 200 -
[WebServer] ::1 - - [10/Oct/2026 12:35:14] "GET /nested-examples.json HTTP/1.1" 200 -
[WebServer] ::1 - - [10/Oct/2026 12:35:14] "GET /binary-samples.json HTTP/1.1" 200 -
  ✓   13 [chromium] › viewer.spec.mjs:311:3 › viewer & editor (viewer.html) › validity state is machine-readable via data attributes (1.0s)
[WebServer] ::1 - - [10/Oct/2026 12:35:14] "GET /viewer.html HTTP/1.1" 200 -
[WebServer] ::1 - - [10/Oct/2026 12:35:14] "GET /assets/tokens.css HTTP/1.1" 200 -
[WebServer] ::1 - - [10/Oct/2026 12:35:14] "GET /assets/three-md.js?v=1.7.17 HTTP/1.1" 200 -
[WebServer] ::1 - - [10/Oct/2026 12:35:14] "GET /assets/theme.js HTTP/1.1" 200 -
[WebServer] ::1 - - [10/Oct/2026 12:35:14] "GET /assets/open-document.js?v=3 HTTP/1.1" 200 -
[WebServer] ::1 - - [10/Oct/2026 12:35:14] "GET /gallery-data.json HTTP/1.1" 200 -
[WebServer] ::1 - - [10/Oct/2026 12:35:14] "GET /all-examples.json HTTP/1.1" 200 -
[WebServer] ::1 - - [10/Oct/2026 12:35:14] "GET /nested-examples.json HTTP/1.1" 200 -
[WebServer] ::1 - - [10/Oct/2026 12:35:14] "GET /binary-samples.json HTTP/1.1" 200 -
  ✓   14 [chromium] › viewer.spec.mjs:337:3 › viewer & editor (viewer.html) › Tab does not trap keyboard focus (Esc then Tab leaves the editor) (799ms)
[WebServer] ::1 - - [10/Oct/2026 12:35:14] "GET /viewer.html HTTP/1.1" 200 -
[WebServer] ::1 - - [10/Oct/2026 12:35:14] "GET /assets/tokens.css HTTP/1.1" 200 -
[WebServer] ::1 - - [10/Oct/2026 12:35:14] "GET /assets/three-md.js?v=1.7.17 HTTP/1.1" 200 -
[WebServer] ::1 - - [10/Oct/2026 12:35:14] "GET /assets/theme.js HTTP/1.1" 200 -
[WebServer] ::1 - - [10/Oct/2026 12:35:14] "GET /assets/open-document.js?v=3 HTTP/1.1" 200 -
  ✓   15 [chromium] › viewer.spec.mjs:351:3 › viewer & editor (viewer.html) › agent API validates and reports structured state (678ms)
[WebServer] ::1 - - [10/Oct/2026 12:35:15] "GET /viewer.html HTTP/1.1" 200 -
[WebServer] ::1 - - [10/Oct/2026 12:35:15] "GET /assets/tokens.css HTTP/1.1" 200 -
[WebServer] ::1 - - [10/Oct/2026 12:35:15] "GET /assets/three-md.js?v=1.7.17 HTTP/1.1" 200 -
[WebServer] ::1 - - [10/Oct/2026 12:35:15] "GET /assets/theme.js HTTP/1.1" 200 -
[WebServer] ::1 - - [10/Oct/2026 12:35:15] "GET /assets/open-document.js?v=3 HTTP/1.1" 200 -
[WebServer] ::1 - - [10/Oct/2026 12:35:15] "GET /gallery-data.json HTTP/1.1" 200 -
[WebServer] ::1 - - [10/Oct/2026 12:35:15] "GET /all-examples.json HTTP/1.1" 200 -
[WebServer] ::1 - - [10/Oct/2026 12:35:15] "GET /nested-examples.json HTTP/1.1" 200 -
[WebServer] ::1 - - [10/Oct/2026 12:35:15] "GET /binary-samples.json HTTP/1.1" 200 -
[WebServer] ::1 - - [10/Oct/2026 12:35:15] "GET /gallery-data.json HTTP/1.1" 200 -
[WebServer] ::1 - - [10/Oct/2026 12:35:15] "GET /all-examples.json HTTP/1.1" 200 -
[WebServer] ::1 - - [10/Oct/2026 12:35:15] "GET /nested-examples.json HTTP/1.1" 200 -
[WebServer] ::1 - - [10/Oct/2026 12:35:15] "GET /binary-samples.json HTTP/1.1" 200 -
  ✓   16 [chromium] › viewer.spec.mjs:364:3 › viewer & editor (viewer.html) › validate(src) is side-effect-free and reports the error code (708ms)
[WebServer] ::1 - - [10/Oct/2026 12:35:15] "GET /viewer.html HTTP/1.1" 200 -
[WebServer] ::1 - - [10/Oct/2026 12:35:15] "GET /assets/tokens.css HTTP/1.1" 200 -
[WebServer] ::1 - - [10/Oct/2026 12:35:15] "GET /assets/three-md.js?v=1.7.17 HTTP/1.1" 200 -
[WebServer] ::1 - - [10/Oct/2026 12:35:15] "GET /assets/theme.js HTTP/1.1" 200 -
[WebServer] ::1 - - [10/Oct/2026 12:35:15] "GET /assets/open-document.js?v=3 HTTP/1.1" 200 -
[WebServer] ::1 - - [10/Oct/2026 12:35:15] "GET /gallery-data.json HTTP/1.1" 200 -
[WebServer] ::1 - - [10/Oct/2026 12:35:15] "GET /nested-examples.json HTTP/1.1" 200 -
[WebServer] ::1 - - [10/Oct/2026 12:35:15] "GET /all-examples.json HTTP/1.1" 200 -
[WebServer] ::1 - - [10/Oct/2026 12:35:15] "GET /binary-samples.json HTTP/1.1" 200 -
  ✓   17 [chromium] › viewer.spec.mjs:380:3 › viewer & editor (viewer.html) › repository search opens the 24-generation Conway document (1.2s)
[WebServer] ::1 - - [10/Oct/2026 12:35:16] "GET /viewer.html HTTP/1.1" 200 -
[WebServer] ::1 - - [10/Oct/2026 12:35:16] "GET /assets/three-md.js?v=1.7.17 HTTP/1.1" 200 -
[WebServer] ::1 - - [10/Oct/2026 12:35:16] "GET /assets/tokens.css HTTP/1.1" 200 -
[WebServer] ::1 - - [10/Oct/2026 12:35:16] "GET /assets/theme.js HTTP/1.1" 200 -
[WebServer] ::1 - - [10/Oct/2026 12:35:16] "GET /assets/open-document.js?v=3 HTTP/1.1" 200 -
[WebServer] ::1 - - [10/Oct/2026 12:35:16] "GET /gallery-data.json HTTP/1.1" 200 -
[WebServer] ::1 - - [10/Oct/2026 12:35:16] "GET /nested-examples.json HTTP/1.1" 200 -
[WebServer] ::1 - - [10/Oct/2026 12:35:16] "GET /all-examples.json HTTP/1.1" 200 -
[WebServer] ::1 - - [10/Oct/2026 12:35:16] "GET /binary-samples.json HTTP/1.1" 200 -
  ✓   18 [chromium] › viewer.spec.mjs:395:3 › viewer & editor (viewer.html) › kind 2 canopy opens as text in the element (1.1s)
[WebServer] ::1 - - [10/Oct/2026 12:35:16] "GET /viewer.html HTTP/1.1" 200 -
[WebServer] ::1 - - [10/Oct/2026 12:35:16] "GET /assets/tokens.css HTTP/1.1" 200 -
[WebServer] ::1 - - [10/Oct/2026 12:35:16] "GET /assets/three-md.js?v=1.7.17 HTTP/1.1" 200 -
[WebServer] ::1 - - [10/Oct/2026 12:35:16] "GET /assets/theme.js HTTP/1.1" 200 -
[WebServer] ::1 - - [10/Oct/2026 12:35:16] "GET /assets/open-document.js?v=3 HTTP/1.1" 200 -
[WebServer] ::1 - - [10/Oct/2026 12:35:16] "GET /gallery-data.json HTTP/1.1" 200 -
[WebServer] ::1 - - [10/Oct/2026 12:35:16] "GET /all-examples.json HTTP/1.1" 200 -
[WebServer] ::1 - - [10/Oct/2026 12:35:16] "GET /nested-examples.json HTTP/1.1" 200 -
[WebServer] ::1 - - [10/Oct/2026 12:35:16] "GET /binary-samples.json HTTP/1.1" 200 -
  ✓   19 [chromium] › viewer.spec.mjs:412:3 › viewer & editor (viewer.html) › linked village search resolves the folder (1.1s)
[WebServer] ::1 - - [10/Oct/2026 12:35:17] "GET /viewer.html HTTP/1.1" 200 -
[WebServer] ::1 - - [10/Oct/2026 12:35:17] "GET /assets/tokens.css HTTP/1.1" 200 -
[WebServer] ::1 - - [10/Oct/2026 12:35:17] "GET /assets/three-md.js?v=1.7.17 HTTP/1.1" 200 -
[WebServer] ::1 - - [10/Oct/2026 12:35:17] "GET /assets/theme.js HTTP/1.1" 200 -
[WebServer] ::1 - - [10/Oct/2026 12:35:17] "GET /assets/open-document.js?v=3 HTTP/1.1" 200 -
[WebServer] ::1 - - [10/Oct/2026 12:35:17] "GET /all-examples.json HTTP/1.1" 200 -
[WebServer] ::1 - - [10/Oct/2026 12:35:17] "GET /gallery-data.json HTTP/1.1" 200 -
[WebServer] ::1 - - [10/Oct/2026 12:35:17] "GET /binary-samples.json HTTP/1.1" 200 -
[WebServer] ::1 - - [10/Oct/2026 12:35:17] "GET /nested-examples.json HTTP/1.1" 200 -
  ✓   20 [chromium] › viewer.spec.mjs:426:3 › viewer & editor (viewer.html) › a composition profile shows the root and can switch entries (1.5s)
[WebServer] ::1 - - [10/Oct/2026 12:35:18] "GET /viewer.html HTTP/1.1" 200 -
[WebServer] ::1 - - [10/Oct/2026 12:35:18] "GET /assets/tokens.css HTTP/1.1" 200 -
[WebServer] ::1 - - [10/Oct/2026 12:35:18] "GET /assets/three-md.js?v=1.7.17 HTTP/1.1" 200 -
[WebServer] ::1 - - [10/Oct/2026 12:35:18] "GET /assets/theme.js HTTP/1.1" 200 -
[WebServer] ::1 - - [10/Oct/2026 12:35:18] "GET /assets/open-document.js?v=3 HTTP/1.1" 200 -
[WebServer] ::1 - - [10/Oct/2026 12:35:18] "GET /all-examples.json HTTP/1.1" 200 -
[WebServer] ::1 - - [10/Oct/2026 12:35:18] "GET /nested-examples.json HTTP/1.1" 200 -
[WebServer] ::1 - - [10/Oct/2026 12:35:18] "GET /gallery-data.json HTTP/1.1" 200 -
[WebServer] ::1 - - [10/Oct/2026 12:35:18] "GET /binary-samples.json HTTP/1.1" 200 -
  ✓   21 [chromium] › viewer.spec.mjs:441:3 › viewer & editor (viewer.html) › markdown headings become planes and a plane search opens one (1.4s)
[WebServer] ::1 - - [10/Oct/2026 12:35:18] "GET /viewer.html HTTP/1.1" 200 -
[WebServer] ::1 - - [10/Oct/2026 12:35:18] "GET /assets/three-md.js?v=1.7.17 HTTP/1.1" 200 -
[WebServer] ::1 - - [10/Oct/2026 12:35:18] "GET /assets/tokens.css HTTP/1.1" 200 -
[WebServer] ::1 - - [10/Oct/2026 12:35:18] "GET /assets/theme.js HTTP/1.1" 200 -
[WebServer] ::1 - - [10/Oct/2026 12:35:18] "GET /assets/open-document.js?v=3 HTTP/1.1" 200 -
[WebServer] ::1 - - [10/Oct/2026 12:35:18] "GET /all-examples.json HTTP/1.1" 200 -
[WebServer] ::1 - - [10/Oct/2026 12:35:18] "GET /gallery-data.json HTTP/1.1" 200 -
[WebServer] ::1 - - [10/Oct/2026 12:35:18] "GET /nested-examples.json HTTP/1.1" 200 -
[WebServer] ::1 - - [10/Oct/2026 12:35:18] "GET /binary-samples.json HTTP/1.1" 200 -
  ✓   22 [chromium] › viewer.spec.mjs:458:3 › viewer & editor (viewer.html) › desktop layout keeps files beside a panel that switches Edit and Preview (932ms)
[WebServer] ::1 - - [10/Oct/2026 12:35:19] "GET /viewer.html HTTP/1.1" 200 -
[WebServer] ::1 - - [10/Oct/2026 12:35:19] "GET /assets/tokens.css HTTP/1.1" 200 -
[WebServer] ::1 - - [10/Oct/2026 12:35:19] "GET /assets/three-md.js?v=1.7.17 HTTP/1.1" 200 -
[WebServer] ::1 - - [10/Oct/2026 12:35:19] "GET /assets/theme.js HTTP/1.1" 200 -
[WebServer] ::1 - - [10/Oct/2026 12:35:19] "GET /assets/open-document.js?v=3 HTTP/1.1" 200 -
[WebServer] ::1 - - [10/Oct/2026 12:35:19] "GET /gallery-data.json HTTP/1.1" 200 -
[WebServer] ::1 - - [10/Oct/2026 12:35:19] "GET /binary-samples.json HTTP/1.1" 200 -
[WebServer] ::1 - - [10/Oct/2026 12:35:19] "GET /nested-examples.json HTTP/1.1" 200 -
[WebServer] ::1 - - [10/Oct/2026 12:35:19] "GET /all-examples.json HTTP/1.1" 200 -
  ✓   24 [chromium] › viewer.spec.mjs:546:3 › viewer & editor (viewer.html) › orbiting about 1400 gpu cubes stays interactive (821ms)
[WebServer] ::1 - - [10/Oct/2026 12:35:19] "GET /viewer.html HTTP/1.1" 200 -
[WebServer] ::1 - - [10/Oct/2026 12:35:19] "GET /assets/tokens.css HTTP/1.1" 200 -
[WebServer] ::1 - - [10/Oct/2026 12:35:19] "GET /assets/three-md.js?v=1.7.17 HTTP/1.1" 200 -
[WebServer] ::1 - - [10/Oct/2026 12:35:19] "GET /assets/theme.js HTTP/1.1" 200 -
[WebServer] ::1 - - [10/Oct/2026 12:35:19] "GET /assets/open-document.js?v=3 HTTP/1.1" 200 -
[WebServer] ::1 - - [10/Oct/2026 12:35:20] "GET /all-examples.json HTTP/1.1" 200 -
[WebServer] ::1 - - [10/Oct/2026 12:35:20] "GET /nested-examples.json HTTP/1.1" 200 -
[WebServer] ::1 - - [10/Oct/2026 12:35:20] "GET /gallery-data.json HTTP/1.1" 200 -
[WebServer] ::1 - - [10/Oct/2026 12:35:20] "GET /binary-samples.json HTTP/1.1" 200 -
  ✓   23 [chromium] › viewer.spec.mjs:514:3 › viewer & editor (viewer.html) › cubes tab draws a fenced grid as translucent cubes (1.3s)
[WebServer] ::1 - - [10/Oct/2026 12:35:20] "GET /viewer.html HTTP/1.1" 200 -
[WebServer] ::1 - - [10/Oct/2026 12:35:20] "GET /assets/three-md.js?v=1.7.17 HTTP/1.1" 200 -
[WebServer] ::1 - - [10/Oct/2026 12:35:20] "GET /assets/tokens.css HTTP/1.1" 200 -
[WebServer] ::1 - - [10/Oct/2026 12:35:20] "GET /assets/theme.js HTTP/1.1" 200 -
[WebServer] ::1 - - [10/Oct/2026 12:35:20] "GET /assets/open-document.js?v=3 HTTP/1.1" 200 -
[WebServer] ::1 - - [10/Oct/2026 12:35:20] "GET /gallery-data.json HTTP/1.1" 200 -
[WebServer] ::1 - - [10/Oct/2026 12:35:20] "GET /all-examples.json HTTP/1.1" 200 -
[WebServer] ::1 - - [10/Oct/2026 12:35:20] "GET /binary-samples.json HTTP/1.1" 200 -
[WebServer] ::1 - - [10/Oct/2026 12:35:20] "GET /nested-examples.json HTTP/1.1" 200 -
  ✓   25 [chromium] › viewer.spec.mjs:591:3 › viewer & editor (viewer.html) › narrow layout switches Files and the document, and Edit and Preview still switch (1.1s)
[WebServer] ::1 - - [10/Oct/2026 12:35:20] "GET /viewer.html HTTP/1.1" 200 -
[WebServer] ::1 - - [10/Oct/2026 12:35:20] "GET /assets/tokens.css HTTP/1.1" 200 -
[WebServer] ::1 - - [10/Oct/2026 12:35:20] "GET /assets/three-md.js?v=1.7.17 HTTP/1.1" 200 -
[WebServer] ::1 - - [10/Oct/2026 12:35:20] "GET /assets/theme.js HTTP/1.1" 200 -
[WebServer] ::1 - - [10/Oct/2026 12:35:20] "GET /assets/open-document.js?v=3 HTTP/1.1" 200 -
  ✓   26 [chromium] › viewer.spec.mjs:627:3 › viewer & editor (viewer.html) › an empty document reads as a neutral prompt, not a red error (960ms)
[WebServer] ::1 - - [10/Oct/2026 12:35:21] "GET /viewer.html HTTP/1.1" 200 -
[WebServer] ::1 - - [10/Oct/2026 12:35:21] "GET /assets/tokens.css HTTP/1.1" 200 -
[WebServer] ::1 - - [10/Oct/2026 12:35:21] "GET /assets/three-md.js?v=1.7.17 HTTP/1.1" 200 -
[WebServer] ::1 - - [10/Oct/2026 12:35:21] "GET /assets/theme.js HTTP/1.1" 200 -
[WebServer] ::1 - - [10/Oct/2026 12:35:21] "GET /assets/open-document.js?v=3 HTTP/1.1" 200 -
[WebServer] ::1 - - [10/Oct/2026 12:35:21] "GET /binary-samples.json HTTP/1.1" 200 -
[WebServer] ::1 - - [10/Oct/2026 12:35:21] "GET /nested-examples.json HTTP/1.1" 200 -
[WebServer] ::1 - - [10/Oct/2026 12:35:21] "GET /gallery-data.json HTTP/1.1" 200 -
[WebServer] ::1 - - [10/Oct/2026 12:35:21] "GET /all-examples.json HTTP/1.1" 200 -
[WebServer] ::1 - - [10/Oct/2026 12:35:21] "GET /gallery-data.json HTTP/1.1" 200 -
[WebServer] ::1 - - [10/Oct/2026 12:35:21] "GET /all-examples.json HTTP/1.1" 200 -
[WebServer] ::1 - - [10/Oct/2026 12:35:21] "GET /nested-examples.json HTTP/1.1" 200 -
[WebServer] ::1 - - [10/Oct/2026 12:35:21] "GET /binary-samples.json HTTP/1.1" 200 -
  ✓   27 [chromium] › viewer.spec.mjs:645:3 › viewer & editor (viewer.html) › axis lint warns on a TYPO but not on a valid free-string semantic axis (650ms)
[WebServer] ::1 - - [10/Oct/2026 12:35:21] "GET /viewer.html HTTP/1.1" 200 -
[WebServer] ::1 - - [10/Oct/2026 12:35:21] "GET /assets/tokens.css HTTP/1.1" 200 -
[WebServer] ::1 - - [10/Oct/2026 12:35:21] "GET /assets/three-md.js?v=1.7.17 HTTP/1.1" 200 -
[WebServer] ::1 - - [10/Oct/2026 12:35:21] "GET /assets/theme.js HTTP/1.1" 200 -
[WebServer] ::1 - - [10/Oct/2026 12:35:21] "GET /assets/open-document.js?v=3 HTTP/1.1" 200 -
  ✓   28 [chromium] › viewer.spec.mjs:671:3 › viewer & editor (viewer.html) › the page has no render-mode switch and does not autoplay (722ms)
[WebServer] ::1 - - [10/Oct/2026 12:35:21] "GET /viewer.html HTTP/1.1" 200 -
[WebServer] ::1 - - [10/Oct/2026 12:35:21] "GET /assets/tokens.css HTTP/1.1" 200 -
[WebServer] ::1 - - [10/Oct/2026 12:35:21] "GET /assets/three-md.js?v=1.7.17 HTTP/1.1" 200 -
[WebServer] ::1 - - [10/Oct/2026 12:35:21] "GET /assets/theme.js HTTP/1.1" 200 -
[WebServer] ::1 - - [10/Oct/2026 12:35:21] "GET /assets/open-document.js?v=3 HTTP/1.1" 200 -
[WebServer] ::1 - - [10/Oct/2026 12:35:21] "GET /gallery-data.json HTTP/1.1" 200 -
[WebServer] ::1 - - [10/Oct/2026 12:35:21] "GET /nested-examples.json HTTP/1.1" 200 -
[WebServer] ::1 - - [10/Oct/2026 12:35:21] "GET /all-examples.json HTTP/1.1" 200 -
[WebServer] ::1 - - [10/Oct/2026 12:35:21] "GET /binary-samples.json HTTP/1.1" 200 -
[WebServer] ::1 - - [10/Oct/2026 12:35:22] "GET /all-examples.json HTTP/1.1" 200 -
[WebServer] ::1 - - [10/Oct/2026 12:35:22] "GET /gallery-data.json HTTP/1.1" 200 -
[WebServer] ::1 - - [10/Oct/2026 12:35:22] "GET /nested-examples.json HTTP/1.1" 200 -
[WebServer] ::1 - - [10/Oct/2026 12:35:22] "GET /binary-samples.json HTTP/1.1" 200 -
  ✓   29 [chromium] › viewer.spec.mjs:692:3 › viewer & editor (viewer.html) › the agent schema lists error codes and the axis-to-mode map (759ms)
[WebServer] ::1 - - [10/Oct/2026 12:35:22] "GET /viewer.html HTTP/1.1" 200 -
[WebServer] ::1 - - [10/Oct/2026 12:35:22] "GET /assets/three-md.js?v=1.7.17 HTTP/1.1" 200 -
[WebServer] ::1 - - [10/Oct/2026 12:35:22] "GET /assets/tokens.css HTTP/1.1" 200 -
[WebServer] ::1 - - [10/Oct/2026 12:35:22] "GET /assets/theme.js HTTP/1.1" 200 -
[WebServer] ::1 - - [10/Oct/2026 12:35:22] "GET /assets/open-document.js?v=3 HTTP/1.1" 200 -
[WebServer] ::1 - - [10/Oct/2026 12:35:22] "GET /gallery-data.json HTTP/1.1" 200 -
[WebServer] ::1 - - [10/Oct/2026 12:35:22] "GET /nested-examples.json HTTP/1.1" 200 -
[WebServer] ::1 - - [10/Oct/2026 12:35:22] "GET /all-examples.json HTTP/1.1" 200 -
[WebServer] ::1 - - [10/Oct/2026 12:35:22] "GET /binary-samples.json HTTP/1.1" 200 -
  ✓   30 [chromium] › viewer.spec.mjs:702:3 › viewer & editor (viewer.html) › dangling cross-plane links are flagged as a non-fatal warning (1.0s)
[WebServer] ::1 - - [10/Oct/2026 12:35:22] "GET /viewer.html HTTP/1.1" 200 -
[WebServer] ::1 - - [10/Oct/2026 12:35:22] "GET /assets/tokens.css HTTP/1.1" 200 -
[WebServer] ::1 - - [10/Oct/2026 12:35:22] "GET /assets/three-md.js?v=1.7.17 HTTP/1.1" 200 -
[WebServer] ::1 - - [10/Oct/2026 12:35:22] "GET /assets/theme.js HTTP/1.1" 200 -
[WebServer] ::1 - - [10/Oct/2026 12:35:22] "GET /assets/open-document.js?v=3 HTTP/1.1" 200 -
[WebServer] ::1 - - [10/Oct/2026 12:35:23] "GET /nested-examples.json HTTP/1.1" 200 -
[WebServer] ::1 - - [10/Oct/2026 12:35:23] "GET /gallery-data.json HTTP/1.1" 200 -
[WebServer] ::1 - - [10/Oct/2026 12:35:23] "GET /all-examples.json HTTP/1.1" 200 -
[WebServer] ::1 - - [10/Oct/2026 12:35:23] "GET /binary-samples.json HTTP/1.1" 200 -
  ✓   31 [chromium] › viewer.spec.mjs:713:3 › viewer & editor (viewer.html) › a corrupt share hash signals a decode error (not a silent starter) (938ms)
[WebServer] ::1 - - [10/Oct/2026 12:35:23] "GET /viewer.html HTTP/1.1" 200 -
[WebServer] ::1 - - [10/Oct/2026 12:35:23] "GET /assets/tokens.css HTTP/1.1" 200 -
[WebServer] ::1 - - [10/Oct/2026 12:35:23] "GET /assets/three-md.js?v=1.7.17 HTTP/1.1" 200 -
[WebServer] ::1 - - [10/Oct/2026 12:35:23] "GET /assets/theme.js HTTP/1.1" 200 -
[WebServer] ::1 - - [10/Oct/2026 12:35:23] "GET /assets/open-document.js?v=3 HTTP/1.1" 200 -
  ✓   32 [chromium] › viewer.spec.mjs:722:3 › viewer & editor (viewer.html) › the embedded agent schema marks axis optional, only 3md required (720ms)
[WebServer] ::1 - - [10/Oct/2026 12:35:23] "GET /gallery-data.json HTTP/1.1" 200 -
[WebServer] ::1 - - [10/Oct/2026 12:35:23] "GET /all-examples.json HTTP/1.1" 200 -
[WebServer] ::1 - - [10/Oct/2026 12:35:23] "GET /binary-samples.json HTTP/1.1" 200 -
[WebServer] ::1 - - [10/Oct/2026 12:35:23] "GET /nested-examples.json HTTP/1.1" 200 -
[WebServer] ::1 - - [10/Oct/2026 12:35:23] "GET /viewer.html HTTP/1.1" 200 -
[WebServer] ::1 - - [10/Oct/2026 12:35:23] "GET /assets/three-md.js?v=1.7.17 HTTP/1.1" 200 -
[WebServer] ::1 - - [10/Oct/2026 12:35:23] "GET /assets/tokens.css HTTP/1.1" 200 -
[WebServer] ::1 - - [10/Oct/2026 12:35:23] "GET /assets/theme.js HTTP/1.1" 200 -
[WebServer] ::1 - - [10/Oct/2026 12:35:23] "GET /assets/open-document.js?v=3 HTTP/1.1" 200 -
[WebServer] ::1 - - [10/Oct/2026 12:35:23] "GET /all-examples.json HTTP/1.1" 200 -
[WebServer] ::1 - - [10/Oct/2026 12:35:23] "GET /gallery-data.json HTTP/1.1" 200 -
[WebServer] ::1 - - [10/Oct/2026 12:35:23] "GET /binary-samples.json HTTP/1.1" 200 -
[WebServer] ::1 - - [10/Oct/2026 12:35:23] "GET /nested-examples.json HTTP/1.1" 200 -
  ✓   33 [chromium] › viewer.spec.mjs:729:3 › viewer & editor (viewer.html) › invalid doc clears stale plane/axis data on the badge (1.0s)
[WebServer] ::1 - - [10/Oct/2026 12:35:24] "GET /viewer.html HTTP/1.1" 200 -
[WebServer] ::1 - - [10/Oct/2026 12:35:24] "GET /assets/tokens.css HTTP/1.1" 200 -
[WebServer] ::1 - - [10/Oct/2026 12:35:24] "GET /assets/three-md.js?v=1.7.17 HTTP/1.1" 200 -
[WebServer] ::1 - - [10/Oct/2026 12:35:24] "GET /assets/theme.js HTTP/1.1" 200 -
[WebServer] ::1 - - [10/Oct/2026 12:35:24] "GET /assets/open-document.js?v=3 HTTP/1.1" 200 -
  ✓   34 [chromium] › viewer.spec.mjs:742:3 › viewer & editor (viewer.html) › an invalid document flags the offending line and the badge (998ms)
[WebServer] ::1 - - [10/Oct/2026 12:35:24] "GET /gallery-data.json HTTP/1.1" 200 -
[WebServer] ::1 - - [10/Oct/2026 12:35:24] "GET /all-examples.json HTTP/1.1" 200 -
[WebServer] ::1 - - [10/Oct/2026 12:35:24] "GET /nested-examples.json HTTP/1.1" 200 -
[WebServer] ::1 - - [10/Oct/2026 12:35:24] "GET /binary-samples.json HTTP/1.1" 200 -
[WebServer] ::1 - - [10/Oct/2026 12:35:24] "GET /viewer.html HTTP/1.1" 200 -
[WebServer] ::1 - - [10/Oct/2026 12:35:24] "GET /assets/tokens.css HTTP/1.1" 200 -
[WebServer] ::1 - - [10/Oct/2026 12:35:24] "GET /assets/three-md.js?v=1.7.17 HTTP/1.1" 200 -
[WebServer] ::1 - - [10/Oct/2026 12:35:24] "GET /assets/theme.js HTTP/1.1" 200 -
[WebServer] ::1 - - [10/Oct/2026 12:35:24] "GET /assets/open-document.js?v=3 HTTP/1.1" 200 -
[WebServer] ::1 - - [10/Oct/2026 12:35:24] "GET /gallery-data.json HTTP/1.1" 200 -
[WebServer] ::1 - - [10/Oct/2026 12:35:24] "GET /all-examples.json HTTP/1.1" 200 -
[WebServer] ::1 - - [10/Oct/2026 12:35:24] "GET /binary-samples.json HTTP/1.1" 200 -
[WebServer] ::1 - - [10/Oct/2026 12:35:24] "GET /nested-examples.json HTTP/1.1" 200 -
  ✓   35 [chromium] › viewer.spec.mjs:755:3 › viewer & editor (viewer.html) › a shared hash link restores the document (687ms)
[WebServer] ::1 - - [10/Oct/2026 12:35:24] "GET /viewer.html HTTP/1.1" 200 -
[WebServer] ::1 - - [10/Oct/2026 12:35:24] "GET /assets/tokens.css HTTP/1.1" 200 -
[WebServer] ::1 - - [10/Oct/2026 12:35:24] "GET /assets/three-md.js?v=1.7.17 HTTP/1.1" 200 -
[WebServer] ::1 - - [10/Oct/2026 12:35:24] "GET /assets/theme.js HTTP/1.1" 200 -
[WebServer] ::1 - - [10/Oct/2026 12:35:24] "GET /assets/open-document.js?v=3 HTTP/1.1" 200 -
[WebServer] ::1 - - [10/Oct/2026 12:35:25] "GET /all-examples.json HTTP/1.1" 200 -
[WebServer] ::1 - - [10/Oct/2026 12:35:25] "GET /gallery-data.json HTTP/1.1" 200 -
[WebServer] ::1 - - [10/Oct/2026 12:35:25] "GET /binary-samples.json HTTP/1.1" 200 -
[WebServer] ::1 - - [10/Oct/2026 12:35:25] "GET /nested-examples.json HTTP/1.1" 200 -
  ✓   36 [chromium] › viewer.spec.mjs:766:3 › viewer & editor (viewer.html) › camera buttons and keyboard orbit, zoom, and fit without changing the document (937ms)
[WebServer] ::1 - - [10/Oct/2026 12:35:25] "GET /viewer.html HTTP/1.1" 200 -
[WebServer] ::1 - - [10/Oct/2026 12:35:25] "GET /assets/tokens.css HTTP/1.1" 200 -
[WebServer] ::1 - - [10/Oct/2026 12:35:25] "GET /assets/three-md.js?v=1.7.17 HTTP/1.1" 200 -
[WebServer] ::1 - - [10/Oct/2026 12:35:25] "GET /assets/theme.js HTTP/1.1" 200 -
[WebServer] ::1 - - [10/Oct/2026 12:35:25] "GET /assets/open-document.js?v=3 HTTP/1.1" 200 -
  ✓   37 [chromium] › viewer.spec.mjs:795:3 › viewer & editor (viewer.html) › full camera turns cross both poles continuously and retain geometry (755ms)
[WebServer] ::1 - - [10/Oct/2026 12:35:25] "GET /viewer.html HTTP/1.1" 200 -
[WebServer] ::1 - - [10/Oct/2026 12:35:25] "GET /assets/tokens.css HTTP/1.1" 200 -
[WebServer] ::1 - - [10/Oct/2026 12:35:25] "GET /assets/three-md.js?v=1.7.17 HTTP/1.1" 200 -
[WebServer] ::1 - - [10/Oct/2026 12:35:25] "GET /assets/theme.js HTTP/1.1" 200 -
[WebServer] ::1 - - [10/Oct/2026 12:35:25] "GET /assets/open-document.js?v=3 HTTP/1.1" 200 -
[WebServer] ::1 - - [10/Oct/2026 12:35:25] "GET /nested-examples.json HTTP/1.1" 200 -
[WebServer] ::1 - - [10/Oct/2026 12:35:25] "GET /all-examples.json HTTP/1.1" 200 -
[WebServer] ::1 - - [10/Oct/2026 12:35:25] "GET /binary-samples.json HTTP/1.1" 200 -
[WebServer] ::1 - - [10/Oct/2026 12:35:25] "GET /gallery-data.json HTTP/1.1" 200 -
[WebServer] ::1 - - [10/Oct/2026 12:35:25] "GET /gallery-data.json HTTP/1.1" 200 -
[WebServer] ::1 - - [10/Oct/2026 12:35:25] "GET /nested-examples.json HTTP/1.1" 200 -
[WebServer] ::1 - - [10/Oct/2026 12:35:25] "GET /all-examples.json HTTP/1.1" 200 -
[WebServer] ::1 - - [10/Oct/2026 12:35:25] "GET /binary-samples.json HTTP/1.1" 200 -
  ✓   38 [chromium] › viewer.spec.mjs:843:3 › viewer & editor (viewer.html) › pan tools and modified dragging move only the camera and Fit recenters (830ms)
[WebServer] ::1 - - [10/Oct/2026 12:35:26] "GET /viewer.html HTTP/1.1" 200 -
[WebServer] ::1 - - [10/Oct/2026 12:35:26] "GET /assets/three-md.js?v=1.7.17 HTTP/1.1" 200 -
[WebServer] ::1 - - [10/Oct/2026 12:35:26] "GET /assets/tokens.css HTTP/1.1" 200 -
  ✓   39 [chromium] › viewer.spec.mjs:874:3 › viewer & editor (viewer.html) › two fingers pan and pinch and a cancelled gesture cannot select a slice (668ms)
[WebServer] ::1 - - [10/Oct/2026 12:35:26] "GET /assets/theme.js HTTP/1.1" 200 -
[WebServer] ::1 - - [10/Oct/2026 12:35:26] "GET /assets/open-document.js?v=3 HTTP/1.1" 200 -
[WebServer] ::1 - - [10/Oct/2026 12:35:26] "GET /viewer.html HTTP/1.1" 200 -
[WebServer] ::1 - - [10/Oct/2026 12:35:26] "GET /assets/three-md.js?v=1.7.17 HTTP/1.1" 200 -
[WebServer] ::1 - - [10/Oct/2026 12:35:26] "GET /assets/tokens.css HTTP/1.1" 200 -
[WebServer] ::1 - - [10/Oct/2026 12:35:26] "GET /assets/theme.js HTTP/1.1" 200 -
[WebServer] ::1 - - [10/Oct/2026 12:35:26] "GET /assets/open-document.js?v=3 HTTP/1.1" 200 -
[WebServer] ::1 - - [10/Oct/2026 12:35:26] "GET /gallery-data.json HTTP/1.1" 200 -
[WebServer] ::1 - - [10/Oct/2026 12:35:26] "GET /all-examples.json HTTP/1.1" 200 -
[WebServer] ::1 - - [10/Oct/2026 12:35:26] "GET /gallery-data.json HTTP/1.1" 200 -
[WebServer] ::1 - - [10/Oct/2026 12:35:26] "GET /nested-examples.json HTTP/1.1" 200 -
[WebServer] ::1 - - [10/Oct/2026 12:35:26] "GET /all-examples.json HTTP/1.1" 200 -
[WebServer] ::1 - - [10/Oct/2026 12:35:26] "GET /nested-examples.json HTTP/1.1" 200 -
[WebServer] ::1 - - [10/Oct/2026 12:35:26] "GET /binary-samples.json HTTP/1.1" 200 -
[WebServer] ::1 - - [10/Oct/2026 12:35:26] "GET /binary-samples.json HTTP/1.1" 200 -
  ✓   41 [chromium] › viewer.spec.mjs:965:3 › viewer & editor (viewer.html) › phone layout leaves room for cubes and keeps controls outside the drawing (700ms)
[WebServer] ::1 - - [10/Oct/2026 12:35:27] "GET /viewer.html HTTP/1.1" 200 -
[WebServer] ::1 - - [10/Oct/2026 12:35:27] "GET /assets/three-md.js?v=1.7.17 HTTP/1.1" 200 -
[WebServer] ::1 - - [10/Oct/2026 12:35:27] "GET /assets/tokens.css HTTP/1.1" 200 -
[WebServer] ::1 - - [10/Oct/2026 12:35:27] "GET /assets/theme.js HTTP/1.1" 200 -
[WebServer] ::1 - - [10/Oct/2026 12:35:27] "GET /assets/open-document.js?v=3 HTTP/1.1" 200 -
[WebServer] ::1 - - [10/Oct/2026 12:35:27] "GET /gallery-data.json HTTP/1.1" 200 -
[WebServer] ::1 - - [10/Oct/2026 12:35:27] "GET /all-examples.json HTTP/1.1" 200 -
[WebServer] ::1 - - [10/Oct/2026 12:35:27] "GET /binary-samples.json HTTP/1.1" 200 -
[WebServer] ::1 - - [10/Oct/2026 12:35:27] "GET /nested-examples.json HTTP/1.1" 200 -
  ✓   42 [chromium] › viewer.spec.mjs:987:3 › viewer & editor (viewer.html) › Document disclosure dismisses with Escape and both downloads preserve the document (879ms)
[WebServer] ::1 - - [10/Oct/2026 12:35:27] "GET /viewer.html HTTP/1.1" 200 -
[WebServer] ::1 - - [10/Oct/2026 12:35:27] "GET /assets/tokens.css HTTP/1.1" 200 -
[WebServer] ::1 - - [10/Oct/2026 12:35:27] "GET /assets/three-md.js?v=1.7.17 HTTP/1.1" 200 -
[WebServer] ::1 - - [10/Oct/2026 12:35:27] "GET /assets/theme.js HTTP/1.1" 200 -
[WebServer] ::1 - - [10/Oct/2026 12:35:27] "GET /assets/open-document.js?v=3 HTTP/1.1" 200 -
[WebServer] ::1 - - [10/Oct/2026 12:35:28] "GET /gallery-data.json HTTP/1.1" 200 -
[WebServer] ::1 - - [10/Oct/2026 12:35:28] "GET /all-examples.json HTTP/1.1" 200 -
[WebServer] ::1 - - [10/Oct/2026 12:35:28] "GET /nested-examples.json HTTP/1.1" 200 -
[WebServer] ::1 - - [10/Oct/2026 12:35:28] "GET /binary-samples.json HTTP/1.1" 200 -
  ✓   43 [chromium] › viewer.spec.mjs:1024:3 › viewer & editor (viewer.html) › a prose document offers Preview without replacing its source (815ms)
[WebServer] ::1 - - [10/Oct/2026 12:35:28] "GET /viewer.html HTTP/1.1" 200 -
[WebServer] ::1 - - [10/Oct/2026 12:35:28] "GET /assets/tokens.css HTTP/1.1" 200 -
[WebServer] ::1 - - [10/Oct/2026 12:35:28] "GET /assets/three-md.js?v=1.7.17 HTTP/1.1" 200 -
[WebServer] ::1 - - [10/Oct/2026 12:35:28] "GET /assets/theme.js HTTP/1.1" 200 -
[WebServer] ::1 - - [10/Oct/2026 12:35:28] "GET /assets/open-document.js?v=3 HTTP/1.1" 200 -
[WebServer] ::1 - - [10/Oct/2026 12:35:29] "GET /all-examples.json HTTP/1.1" 200 -
[WebServer] ::1 - - [10/Oct/2026 12:35:29] "GET /gallery-data.json HTTP/1.1" 200 -
[WebServer] ::1 - - [10/Oct/2026 12:35:29] "GET /binary-samples.json HTTP/1.1" 200 -
[WebServer] ::1 - - [10/Oct/2026 12:35:29] "GET /nested-examples.json HTTP/1.1" 200 -
  ✓   44 [chromium] › viewer.spec.mjs:1042:3 › viewer & editor (viewer.html) › slice navigation keeps the selected plane in a single scrolling row (660ms)
[WebServer] ::1 - - [10/Oct/2026 12:35:29] "GET /viewer.html HTTP/1.1" 200 -
[WebServer] ::1 - - [10/Oct/2026 12:35:29] "GET /assets/tokens.css HTTP/1.1" 200 -
[WebServer] ::1 - - [10/Oct/2026 12:35:29] "GET /assets/three-md.js?v=1.7.17 HTTP/1.1" 200 -
[WebServer] ::1 - - [10/Oct/2026 12:35:29] "GET /assets/theme.js HTTP/1.1" 200 -
[WebServer] ::1 - - [10/Oct/2026 12:35:29] "GET /assets/open-document.js?v=3 HTTP/1.1" 200 -
  ✓   40 [chromium] › viewer.spec.mjs:897:3 › viewer & editor (viewer.html) › browser camera projects and picks the shared native parity fixture (3.5s)
[WebServer] ::1 - - [10/Oct/2026 12:35:29] "GET /viewer.html HTTP/1.1" 200 -
[WebServer] ::1 - - [10/Oct/2026 12:35:29] "GET /assets/three-md.js?v=1.7.17 HTTP/1.1" 200 -
[WebServer] ::1 - - [10/Oct/2026 12:35:29] "GET /assets/tokens.css HTTP/1.1" 200 -
[WebServer] ::1 - - [10/Oct/2026 12:35:29] "GET /gallery-data.json HTTP/1.1" 200 -
[WebServer] ::1 - - [10/Oct/2026 12:35:29] "GET /all-examples.json HTTP/1.1" 200 -
[WebServer] ::1 - - [10/Oct/2026 12:35:29] "GET /nested-examples.json HTTP/1.1" 200 -
[WebServer] ::1 - - [10/Oct/2026 12:35:29] "GET /assets/theme.js HTTP/1.1" 200 -
[WebServer] ::1 - - [10/Oct/2026 12:35:29] "GET /binary-samples.json HTTP/1.1" 200 -
[WebServer] ::1 - - [10/Oct/2026 12:35:29] "GET /assets/open-document.js?v=3 HTTP/1.1" 200 -
[WebServer] ::1 - - [10/Oct/2026 12:35:30] "GET /all-examples.json HTTP/1.1" 200 -
[WebServer] ::1 - - [10/Oct/2026 12:35:30] "GET /nested-examples.json HTTP/1.1" 200 -
[WebServer] ::1 - - [10/Oct/2026 12:35:30] "GET /gallery-data.json HTTP/1.1" 200 -
[WebServer] ::1 - - [10/Oct/2026 12:35:30] "GET /binary-samples.json HTTP/1.1" 200 -
  ✓   45 [chromium] › viewer.spec.mjs:1064:3 › viewer & editor (viewer.html) › a GitHub load shows busy state and recovers after a rate limit (793ms)
[WebServer] ::1 - - [10/Oct/2026 12:35:30] "GET /viewer.html HTTP/1.1" 200 -
[WebServer] ::1 - - [10/Oct/2026 12:35:30] "GET /assets/tokens.css HTTP/1.1" 200 -
[WebServer] ::1 - - [10/Oct/2026 12:35:30] "GET /assets/three-md.js?v=1.7.17 HTTP/1.1" 200 -
[WebServer] ::1 - - [10/Oct/2026 12:35:30] "GET /assets/theme.js HTTP/1.1" 200 -
[WebServer] ::1 - - [10/Oct/2026 12:35:30] "GET /assets/open-document.js?v=3 HTTP/1.1" 200 -
[WebServer] ::1 - - [10/Oct/2026 12:35:30] "GET /nested-examples.json HTTP/1.1" 200 -
[WebServer] ::1 - - [10/Oct/2026 12:35:30] "GET /all-examples.json HTTP/1.1" 200 -
[WebServer] ::1 - - [10/Oct/2026 12:35:30] "GET /gallery-data.json HTTP/1.1" 200 -
[WebServer] ::1 - - [10/Oct/2026 12:35:30] "GET /binary-samples.json HTTP/1.1" 200 -
  ✓   46 [chromium] › viewer.spec.mjs:1084:3 › viewer & editor (viewer.html) › GPU unavailability explains how to keep reading in Preview (682ms)
[WebServer] ::1 - - [10/Oct/2026 12:35:30] "GET /viewer.html HTTP/1.1" 200 -
[WebServer] ::1 - - [10/Oct/2026 12:35:30] "GET /assets/three-md.js?v=1.7.17 HTTP/1.1" 200 -
[WebServer] ::1 - - [10/Oct/2026 12:35:30] "GET /assets/tokens.css HTTP/1.1" 200 -
[WebServer] ::1 - - [10/Oct/2026 12:35:30] "GET /assets/theme.js HTTP/1.1" 200 -
[WebServer] ::1 - - [10/Oct/2026 12:35:30] "GET /assets/open-document.js?v=3 HTTP/1.1" 200 -
[WebServer] ::1 - - [10/Oct/2026 12:35:30] "GET /all-examples.json HTTP/1.1" 200 -
[WebServer] ::1 - - [10/Oct/2026 12:35:30] "GET /nested-examples.json HTTP/1.1" 200 -
[WebServer] ::1 - - [10/Oct/2026 12:35:30] "GET /gallery-data.json HTTP/1.1" 200 -
[WebServer] ::1 - - [10/Oct/2026 12:35:30] "GET /binary-samples.json HTTP/1.1" 200 -
  ✓   48 [chromium] › viewer.spec.mjs:1143:3 › viewer & editor (viewer.html) › composition entry switches preserve each draft without copying it into another entry (842ms)
[WebServer] ::1 - - [10/Oct/2026 12:35:31] "GET /viewer.html HTTP/1.1" 200 -
[WebServer] ::1 - - [10/Oct/2026 12:35:31] "GET /assets/tokens.css HTTP/1.1" 200 -
[WebServer] ::1 - - [10/Oct/2026 12:35:31] "GET /assets/three-md.js?v=1.7.17 HTTP/1.1" 200 -
[WebServer] ::1 - - [10/Oct/2026 12:35:31] "GET /assets/theme.js HTTP/1.1" 200 -
[WebServer] ::1 - - [10/Oct/2026 12:35:31] "GET /assets/open-document.js?v=3 HTTP/1.1" 200 -
  ✓   47 [chromium] › viewer.spec.mjs:1100:3 › viewer & editor (viewer.html) › file switches preserve edited, invalid, and empty drafts with caret and slice (1.2s)
[WebServer] ::1 - - [10/Oct/2026 12:35:31] "GET /viewer.html HTTP/1.1" 200 -
[WebServer] ::1 - - [10/Oct/2026 12:35:31] "GET /assets/tokens.css HTTP/1.1" 200 -
[WebServer] ::1 - - [10/Oct/2026 12:35:31] "GET /assets/three-md.js?v=1.7.17 HTTP/1.1" 200 -
[WebServer] ::1 - - [10/Oct/2026 12:35:31] "GET /assets/theme.js HTTP/1.1" 200 -
[WebServer] ::1 - - [10/Oct/2026 12:35:31] "GET /assets/open-document.js?v=3 HTTP/1.1" 200 -
[WebServer] ::1 - - [10/Oct/2026 12:35:31] "GET /all-examples.json HTTP/1.1" 200 -
[WebServer] ::1 - - [10/Oct/2026 12:35:31] "GET /nested-examples.json HTTP/1.1" 200 -
[WebServer] ::1 - - [10/Oct/2026 12:35:31] "GET /gallery-data.json HTTP/1.1" 200 -
[WebServer] ::1 - - [10/Oct/2026 12:35:31] "GET /binary-samples.json HTTP/1.1" 200 -
[WebServer] ::1 - - [10/Oct/2026 12:35:31] "GET /nested-examples.json HTTP/1.1" 200 -
[WebServer] ::1 - - [10/Oct/2026 12:35:31] "GET /all-examples.json HTTP/1.1" 200 -
[WebServer] ::1 - - [10/Oct/2026 12:35:31] "GET /gallery-data.json HTTP/1.1" 200 -
[WebServer] ::1 - - [10/Oct/2026 12:35:31] "GET /binary-samples.json HTTP/1.1" 200 -
  ✓   49 [chromium] › viewer.spec.mjs:1170:3 › viewer & editor (viewer.html) › linked entries and file navigation share the same draft (817ms)
[WebServer] ::1 - - [10/Oct/2026 12:35:32] "GET /viewer.html HTTP/1.1" 200 -
[WebServer] ::1 - - [10/Oct/2026 12:35:32] "GET /assets/tokens.css HTTP/1.1" 200 -
[WebServer] ::1 - - [10/Oct/2026 12:35:32] "GET /assets/three-md.js?v=1.7.17 HTTP/1.1" 200 -
[WebServer] ::1 - - [10/Oct/2026 12:35:32] "GET /assets/theme.js HTTP/1.1" 200 -
[WebServer] ::1 - - [10/Oct/2026 12:35:32] "GET /assets/open-document.js?v=3 HTTP/1.1" 200 -
  ✓   50 [chromium] › viewer.spec.mjs:1195:3 › viewer & editor (viewer.html) › search and packing use drafts rather than original file text (834ms)
[WebServer] ::1 - - [10/Oct/2026 12:35:32] "GET /viewer.html HTTP/1.1" 200 -
[WebServer] ::1 - - [10/Oct/2026 12:35:32] "GET /assets/three-md.js?v=1.7.17 HTTP/1.1" 200 -
[WebServer] ::1 - - [10/Oct/2026 12:35:32] "GET /assets/tokens.css HTTP/1.1" 200 -
[WebServer] ::1 - - [10/Oct/2026 12:35:32] "GET /assets/theme.js HTTP/1.1" 200 -
[WebServer] ::1 - - [10/Oct/2026 12:35:32] "GET /assets/open-document.js?v=3 HTTP/1.1" 200 -
[WebServer] ::1 - - [10/Oct/2026 12:35:32] "GET /binary-samples.json HTTP/1.1" 200 -
[WebServer] ::1 - - [10/Oct/2026 12:35:32] "GET /all-examples.json HTTP/1.1" 200 -
[WebServer] ::1 - - [10/Oct/2026 12:35:32] "GET /gallery-data.json HTTP/1.1" 200 -
[WebServer] ::1 - - [10/Oct/2026 12:35:32] "GET /nested-examples.json HTTP/1.1" 200 -
[WebServer] ::1 - - [10/Oct/2026 12:35:32] "GET /nested-examples.json HTTP/1.1" 200 -
[WebServer] ::1 - - [10/Oct/2026 12:35:32] "GET /all-examples.json HTTP/1.1" 200 -
[WebServer] ::1 - - [10/Oct/2026 12:35:32] "GET /gallery-data.json HTTP/1.1" 200 -
[WebServer] ::1 - - [10/Oct/2026 12:35:32] "GET /binary-samples.json HTTP/1.1" 200 -
  ✓   51 [chromium] › viewer.spec.mjs:1212:3 › viewer & editor (viewer.html) › file filtering, keyboard selection, and phone opens reveal the document (797ms)
[WebServer] ::1 - - [10/Oct/2026 12:35:33] "GET /viewer.html?src=original-document.3md&theme=dark HTTP/1.1" 200 -
[WebServer] ::1 - - [10/Oct/2026 12:35:33] "GET /assets/tokens.css HTTP/1.1" 200 -
[WebServer] ::1 - - [10/Oct/2026 12:35:33] "GET /assets/three-md.js?v=1.7.17 HTTP/1.1" 200 -
[WebServer] ::1 - - [10/Oct/2026 12:35:33] "GET /assets/theme.js HTTP/1.1" 200 -
[WebServer] ::1 - - [10/Oct/2026 12:35:33] "GET /assets/open-document.js?v=3 HTTP/1.1" 200 -
[WebServer] ::1 - - [10/Oct/2026 12:35:33] "GET /gallery-data.json HTTP/1.1" 200 -
[WebServer] ::1 - - [10/Oct/2026 12:35:33] "GET /nested-examples.json HTTP/1.1" 200 -
[WebServer] ::1 - - [10/Oct/2026 12:35:33] "GET /all-examples.json HTTP/1.1" 200 -
[WebServer] ::1 - - [10/Oct/2026 12:35:33] "GET /binary-samples.json HTTP/1.1" 200 -
  ✓   52 [chromium] › viewer.spec.mjs:1240:3 › viewer & editor (viewer.html) › a failed local open preserves the collection and current draft (1.2s)
[WebServer] ::1 - - [10/Oct/2026 12:35:33] "GET /viewer.html HTTP/1.1" 200 -
[WebServer] ::1 - - [10/Oct/2026 12:35:33] "GET /assets/three-md.js?v=1.7.17 HTTP/1.1" 200 -
[WebServer] ::1 - - [10/Oct/2026 12:35:33] "GET /assets/tokens.css HTTP/1.1" 200 -
[WebServer] ::1 - - [10/Oct/2026 12:35:33] "GET /assets/theme.js HTTP/1.1" 200 -
[WebServer] ::1 - - [10/Oct/2026 12:35:33] "GET /assets/open-document.js?v=3 HTTP/1.1" 200 -
[WebServer] ::1 - - [10/Oct/2026 12:35:33] "GET /viewer.html?theme=dark HTTP/1.1" 200 -
[WebServer] ::1 - - [10/Oct/2026 12:35:33] "GET /assets/three-md.js?v=1.7.17 HTTP/1.1" 200 -
[WebServer] ::1 - - [10/Oct/2026 12:35:33] "GET /assets/tokens.css HTTP/1.1" 200 -
[WebServer] ::1 - - [10/Oct/2026 12:35:33] "GET /assets/open-document.js?v=3 HTTP/1.1" 200 -
[WebServer] ::1 - - [10/Oct/2026 12:35:33] "GET /assets/theme.js HTTP/1.1" 200 -
[WebServer] ::1 - - [10/Oct/2026 12:35:33] "GET /nested-examples.json HTTP/1.1" 200 -
[WebServer] ::1 - - [10/Oct/2026 12:35:33] "GET /all-examples.json HTTP/1.1" 200 -
[WebServer] ::1 - - [10/Oct/2026 12:35:33] "GET /gallery-data.json HTTP/1.1" 200 -
[WebServer] ::1 - - [10/Oct/2026 12:35:33] "GET /binary-samples.json HTTP/1.1" 200 -
[WebServer] ::1 - - [10/Oct/2026 12:35:34] "GET /gallery-data.json HTTP/1.1" 200 -
[WebServer] ::1 - - [10/Oct/2026 12:35:34] "GET /all-examples.json HTTP/1.1" 200 -
[WebServer] ::1 - - [10/Oct/2026 12:35:34] "GET /nested-examples.json HTTP/1.1" 200 -
[WebServer] ::1 - - [10/Oct/2026 12:35:34] "GET /binary-samples.json HTTP/1.1" 200 -
[WebServer] ::1 - - [10/Oct/2026 12:35:34] "GET /viewer.html?theme=dark HTTP/1.1" 200 -
[WebServer] ::1 - - [10/Oct/2026 12:35:34] "GET /assets/tokens.css HTTP/1.1" 200 -
[WebServer] ::1 - - [10/Oct/2026 12:35:34] "GET /assets/three-md.js?v=1.7.17 HTTP/1.1" 200 -
[WebServer] ::1 - - [10/Oct/2026 12:35:34] "GET /assets/theme.js HTTP/1.1" 200 -
[WebServer] ::1 - - [10/Oct/2026 12:35:34] "GET /assets/open-document.js?v=3 HTTP/1.1" 200 -
[WebServer] ::1 - - [10/Oct/2026 12:35:34] "GET /all-examples.json HTTP/1.1" 200 -
[WebServer] ::1 - - [10/Oct/2026 12:35:34] "GET /gallery-data.json HTTP/1.1" 200 -
[WebServer] ::1 - - [10/Oct/2026 12:35:34] "GET /nested-examples.json HTTP/1.1" 200 -
[WebServer] ::1 - - [10/Oct/2026 12:35:34] "GET /binary-samples.json HTTP/1.1" 200 -
  ✓   53 [chromium] › viewer.spec.mjs:1259:3 › viewer & editor (viewer.html) › explicit document navigation removes stale source queries and reloads the chosen source (1.5s)
[WebServer] ::1 - - [10/Oct/2026 12:35:34] "GET /viewer.html HTTP/1.1" 200 -
[WebServer] ::1 - - [10/Oct/2026 12:35:34] "GET /assets/three-md.js?v=1.7.17 HTTP/1.1" 200 -
[WebServer] ::1 - - [10/Oct/2026 12:35:34] "GET /assets/tokens.css HTTP/1.1" 200 -
[WebServer] ::1 - - [10/Oct/2026 12:35:34] "GET /assets/theme.js HTTP/1.1" 200 -
[WebServer] ::1 - - [10/Oct/2026 12:35:34] "GET /assets/open-document.js?v=3 HTTP/1.1" 200 -
[WebServer] ::1 - - [10/Oct/2026 12:35:34] "GET /all-examples.json HTTP/1.1" 200 -
[WebServer] ::1 - - [10/Oct/2026 12:35:34] "GET /binary-samples.json HTTP/1.1" 200 -
[WebServer] ::1 - - [10/Oct/2026 12:35:34] "GET /gallery-data.json HTTP/1.1" 200 -
[WebServer] ::1 - - [10/Oct/2026 12:35:34] "GET /nested-examples.json HTTP/1.1" 200 -
  ✓   55 [chromium] › viewer.spec.mjs:1316:3 › Sculpt Slice parity › grid edits preserve CRLF, labels, prose and downloads exactly (780ms)
[WebServer] ::1 - - [10/Oct/2026 12:35:35] "GET /viewer.html HTTP/1.1" 200 -
[WebServer] ::1 - - [10/Oct/2026 12:35:35] "GET /assets/tokens.css HTTP/1.1" 200 -
[WebServer] ::1 - - [10/Oct/2026 12:35:35] "GET /assets/three-md.js?v=1.7.17 HTTP/1.1" 200 -
[WebServer] ::1 - - [10/Oct/2026 12:35:35] "GET /assets/theme.js HTTP/1.1" 200 -
[WebServer] ::1 - - [10/Oct/2026 12:35:35] "GET /assets/open-document.js?v=3 HTTP/1.1" 200 -
[WebServer] ::1 - - [10/Oct/2026 12:35:35] "GET /gallery-data.json HTTP/1.1" 200 -
[WebServer] ::1 - - [10/Oct/2026 12:35:35] "GET /all-examples.json HTTP/1.1" 200 -
[WebServer] ::1 - - [10/Oct/2026 12:35:35] "GET /nested-examples.json HTTP/1.1" 200 -
[WebServer] ::1 - - [10/Oct/2026 12:35:35] "GET /binary-samples.json HTTP/1.1" 200 -
[WebServer] ::1 - - [10/Oct/2026 12:35:35] "GET /viewer.html HTTP/1.1" 304 -
  ✓   56 [chromium] › viewer.spec.mjs:1328:3 › Sculpt Slice parity › keyboard cells, grid zoom, previous overlay and shared WebGL reference (885ms)
[WebServer] ::1 - - [10/Oct/2026 12:35:36] "GET /viewer.html HTTP/1.1" 200 -
[WebServer] ::1 - - [10/Oct/2026 12:35:36] "GET /assets/tokens.css HTTP/1.1" 200 -
[WebServer] ::1 - - [10/Oct/2026 12:35:36] "GET /assets/three-md.js?v=1.7.17 HTTP/1.1" 200 -
[WebServer] ::1 - - [10/Oct/2026 12:35:36] "GET /assets/theme.js HTTP/1.1" 200 -
[WebServer] ::1 - - [10/Oct/2026 12:35:36] "GET /assets/open-document.js?v=3 HTTP/1.1" 200 -
  ✓   54 [chromium] › viewer.spec.mjs:1298:3 › Sculpt Slice parity › shared native strokes, clipped brushes, four-neighbor fill and no-op undo (2.9s)
[WebServer] ::1 - - [10/Oct/2026 12:35:36] "GET /viewer.html HTTP/1.1" 200 -
[WebServer] ::1 - - [10/Oct/2026 12:35:36] "GET /assets/tokens.css HTTP/1.1" 200 -
[WebServer] ::1 - - [10/Oct/2026 12:35:36] "GET /assets/three-md.js?v=1.7.17 HTTP/1.1" 200 -
[WebServer] ::1 - - [10/Oct/2026 12:35:36] "GET /assets/theme.js HTTP/1.1" 200 -
[WebServer] ::1 - - [10/Oct/2026 12:35:36] "GET /assets/open-document.js?v=3 HTTP/1.1" 200 -
[WebServer] ::1 - - [10/Oct/2026 12:35:37] "GET /gallery-data.json HTTP/1.1" 200 -
[WebServer] ::1 - - [10/Oct/2026 12:35:37] "GET /all-examples.json HTTP/1.1" 200 -
[WebServer] ::1 - - [10/Oct/2026 12:35:37] "GET /nested-examples.json HTTP/1.1" 200 -
[WebServer] ::1 - - [10/Oct/2026 12:35:37] "GET /binary-samples.json HTTP/1.1" 200 -
[WebServer] ::1 - - [10/Oct/2026 12:35:37] "GET /gallery-data.json HTTP/1.1" 200 -
[WebServer] ::1 - - [10/Oct/2026 12:35:37] "GET /all-examples.json HTTP/1.1" 200 -
[WebServer] ::1 - - [10/Oct/2026 12:35:37] "GET /nested-examples.json HTTP/1.1" 200 -
[WebServer] ::1 - - [10/Oct/2026 12:35:37] "GET /binary-samples.json HTTP/1.1" 200 -
  ✓   57 [chromium] › viewer.spec.mjs:1341:3 › Sculpt Slice parity › source typing and Slice share undo and retain it across file navigation (1.4s)
[WebServer] ::1 - - [10/Oct/2026 12:35:37] "GET /viewer.html HTTP/1.1" 200 -
[WebServer] ::1 - - [10/Oct/2026 12:35:37] "GET /assets/tokens.css HTTP/1.1" 200 -
[WebServer] ::1 - - [10/Oct/2026 12:35:37] "GET /assets/three-md.js?v=1.7.17 HTTP/1.1" 200 -
[WebServer] ::1 - - [10/Oct/2026 12:35:37] "GET /assets/theme.js HTTP/1.1" 200 -
[WebServer] ::1 - - [10/Oct/2026 12:35:37] "GET /assets/open-document.js?v=3 HTTP/1.1" 200 -
[WebServer] ::1 - - [10/Oct/2026 12:35:37] "GET /nested-examples.json HTTP/1.1" 200 -
[WebServer] ::1 - - [10/Oct/2026 12:35:37] "GET /all-examples.json HTTP/1.1" 200 -
[WebServer] ::1 - - [10/Oct/2026 12:35:37] "GET /binary-samples.json HTTP/1.1" 200 -
[WebServer] ::1 - - [10/Oct/2026 12:35:37] "GET /gallery-data.json HTTP/1.1" 200 -
  ✓   59 [chromium] › viewer.spec.mjs:1361:3 › Sculpt Slice parity › phone Slice tools and axis controls stay usable without horizontal page overflow (1.0s)
[WebServer] ::1 - - [10/Oct/2026 12:35:38] "GET /viewer.html HTTP/1.1" 200 -
  ✓   58 [chromium] › viewer.spec.mjs:1353:3 › Sculpt Slice parity › unsupported grids stay readable and budget rejection restores the full stroke (2.2s)
[WebServer] ::1 - - [10/Oct/2026 12:35:38] "GET /assets/tokens.css HTTP/1.1" 200 -
[WebServer] ::1 - - [10/Oct/2026 12:35:38] "GET /assets/three-md.js?v=1.7.17 HTTP/1.1" 200 -
[WebServer] ::1 - - [10/Oct/2026 12:35:38] "GET /assets/theme.js HTTP/1.1" 200 -
[WebServer] ::1 - - [10/Oct/2026 12:35:38] "GET /assets/open-document.js?v=3 HTTP/1.1" 200 -
[WebServer] ::1 - - [10/Oct/2026 12:35:38] "GET /viewer.html HTTP/1.1" 200 -
[WebServer] ::1 - - [10/Oct/2026 12:35:38] "GET /assets/tokens.css HTTP/1.1" 200 -
[WebServer] ::1 - - [10/Oct/2026 12:35:38] "GET /assets/three-md.js?v=1.7.17 HTTP/1.1" 200 -
[WebServer] ::1 - - [10/Oct/2026 12:35:38] "GET /assets/theme.js HTTP/1.1" 200 -
[WebServer] ::1 - - [10/Oct/2026 12:35:38] "GET /assets/open-document.js?v=3 HTTP/1.1" 200 -
[WebServer] ::1 - - [10/Oct/2026 12:35:38] "GET /gallery-data.json HTTP/1.1" 200 -
[WebServer] ::1 - - [10/Oct/2026 12:35:38] "GET /all-examples.json HTTP/1.1" 200 -
[WebServer] ::1 - - [10/Oct/2026 12:35:38] "GET /nested-examples.json HTTP/1.1" 200 -
[WebServer] ::1 - - [10/Oct/2026 12:35:38] "GET /binary-samples.json HTTP/1.1" 200 -
[WebServer] ::1 - - [10/Oct/2026 12:35:38] "GET /binary-samples.json HTTP/1.1" 200 -
[WebServer] ::1 - - [10/Oct/2026 12:35:38] "GET /gallery-data.json HTTP/1.1" 200 -
[WebServer] ::1 - - [10/Oct/2026 12:35:38] "GET /nested-examples.json HTTP/1.1" 200 -
[WebServer] ::1 - - [10/Oct/2026 12:35:38] "GET /all-examples.json HTTP/1.1" 200 -
  ✓   60 [chromium] › viewer.spec.mjs:1370:3 › Sculpt Slice parity › 2D editing works with an unavailable WebGL reference (716ms)
[WebServer] ::1 - - [10/Oct/2026 12:35:39] "GET /viewer.html HTTP/1.1" 200 -
[WebServer] ::1 - - [10/Oct/2026 12:35:39] "GET /assets/three-md.js?v=1.7.17 HTTP/1.1" 200 -
[WebServer] ::1 - - [10/Oct/2026 12:35:39] "GET /assets/tokens.css HTTP/1.1" 200 -
[WebServer] ::1 - - [10/Oct/2026 12:35:39] "GET /assets/theme.js HTTP/1.1" 200 -
[WebServer] ::1 - - [10/Oct/2026 12:35:39] "GET /assets/open-document.js?v=3 HTTP/1.1" 200 -
  ✓   61 [chromium] › viewer.spec.mjs:1375:3 › Sculpt Slice parity › axis inverse, finite inputs, pan steps and Fit leave source and geometry intact (881ms)
[WebServer] ::1 - - [10/Oct/2026 12:35:39] "GET /viewer.html HTTP/1.1" 200 -
[WebServer] ::1 - - [10/Oct/2026 12:35:39] "GET /assets/tokens.css HTTP/1.1" 200 -
[WebServer] ::1 - - [10/Oct/2026 12:35:39] "GET /assets/three-md.js?v=1.7.17 HTTP/1.1" 200 -
[WebServer] ::1 - - [10/Oct/2026 12:35:39] "GET /assets/theme.js HTTP/1.1" 200 -
[WebServer] ::1 - - [10/Oct/2026 12:35:39] "GET /assets/open-document.js?v=3 HTTP/1.1" 200 -
[WebServer] ::1 - - [10/Oct/2026 12:35:39] "GET /gallery-data.json HTTP/1.1" 200 -
[WebServer] ::1 - - [10/Oct/2026 12:35:39] "GET /all-examples.json HTTP/1.1" 200 -
[WebServer] ::1 - - [10/Oct/2026 12:35:39] "GET /nested-examples.json HTTP/1.1" 200 -
[WebServer] ::1 - - [10/Oct/2026 12:35:39] "GET /binary-samples.json HTTP/1.1" 200 -
[WebServer] ::1 - - [10/Oct/2026 12:35:39] "GET /gallery-data.json HTTP/1.1" 200 -
[WebServer] ::1 - - [10/Oct/2026 12:35:39] "GET /all-examples.json HTTP/1.1" 200 -
[WebServer] ::1 - - [10/Oct/2026 12:35:39] "GET /nested-examples.json HTTP/1.1" 200 -
[WebServer] ::1 - - [10/Oct/2026 12:35:39] "GET /binary-samples.json HTTP/1.1" 200 -
  ✓   63 [chromium] › viewer.spec.mjs:1411:1 › Slice navigation finishes a touch stroke and ignores its late pointer movement (963ms)
[WebServer] ::1 - - [10/Oct/2026 12:35:40] "GET /viewer.html HTTP/1.1" 200 -
[WebServer] ::1 - - [10/Oct/2026 12:35:40] "GET /assets/three-md.js?v=1.7.17 HTTP/1.1" 200 -
[WebServer] ::1 - - [10/Oct/2026 12:35:40] "GET /assets/tokens.css HTTP/1.1" 200 -
[WebServer] ::1 - - [10/Oct/2026 12:35:40] "GET /assets/theme.js HTTP/1.1" 200 -
[WebServer] ::1 - - [10/Oct/2026 12:35:40] "GET /assets/open-document.js?v=3 HTTP/1.1" 200 -
[WebServer] ::1 - - [10/Oct/2026 12:35:40] "GET /nested-examples.json HTTP/1.1" 200 -
[WebServer] ::1 - - [10/Oct/2026 12:35:40] "GET /gallery-data.json HTTP/1.1" 200 -
[WebServer] ::1 - - [10/Oct/2026 12:35:40] "GET /all-examples.json HTTP/1.1" 200 -
[WebServer] ::1 - - [10/Oct/2026 12:35:40] "GET /binary-samples.json HTTP/1.1" 200 -
  ✓   64 [chromium] › viewer.spec.mjs:1427:3 › shared cube drawable stays sharp through view/viewport changes at 1x density (2.4s)
[WebServer] ::1 - - [10/Oct/2026 12:35:42] "GET /viewer.html HTTP/1.1" 200 -
[WebServer] ::1 - - [10/Oct/2026 12:35:42] "GET /assets/three-md.js?v=1.7.17 HTTP/1.1" 200 -
[WebServer] ::1 - - [10/Oct/2026 12:35:42] "GET /assets/tokens.css HTTP/1.1" 200 -
[WebServer] ::1 - - [10/Oct/2026 12:35:42] "GET /assets/theme.js HTTP/1.1" 200 -
[WebServer] ::1 - - [10/Oct/2026 12:35:42] "GET /assets/open-document.js?v=3 HTTP/1.1" 200 -
[WebServer] ::1 - - [10/Oct/2026 12:35:43] "GET /gallery-data.json HTTP/1.1" 200 -
[WebServer] ::1 - - [10/Oct/2026 12:35:43] "GET /all-examples.json HTTP/1.1" 200 -
[WebServer] ::1 - - [10/Oct/2026 12:35:43] "GET /nested-examples.json HTTP/1.1" 200 -
[WebServer] ::1 - - [10/Oct/2026 12:35:43] "GET /binary-samples.json HTTP/1.1" 200 -
  ✓   65 [chromium] › viewer.spec.mjs:1427:3 › shared cube drawable stays sharp through view/viewport changes at 2x density (2.6s)
(node:77903) Warning: The 'NO_COLOR' env is ignored due to the 'FORCE_COLOR' env being set.
(Use `node --trace-warnings ...` to show where the warning was created)
  ✓   62 [chromium] › viewer.spec.mjs:1389:1 › Slice history drops only old snapshots at the per-draft and collection budgets (6.7s)
(node:77913) Warning: The 'NO_COLOR' env is ignored due to the 'FORCE_COLOR' env being set.
(Use `node --trace-warnings ...` to show where the warning was created)
[WebServer] ::1 - - [10/Oct/2026 12:35:46] "GET /viewer.html HTTP/1.1" 200 -
[WebServer] ::1 - - [10/Oct/2026 12:35:46] "GET /assets/tokens.css HTTP/1.1" 200 -
[WebServer] ::1 - - [10/Oct/2026 12:35:46] "GET /assets/theme.js HTTP/1.1" 200 -
[WebServer] ::1 - - [10/Oct/2026 12:35:46] "GET /assets/three-md.js?v=1.7.17 HTTP/1.1" 200 -
[WebServer] ::1 - - [10/Oct/2026 12:35:46] "GET /assets/open-document.js?v=3 HTTP/1.1" 200 -
[WebServer] ::1 - - [10/Oct/2026 12:35:46] "GET /gallery-data.json HTTP/1.1" 200 -
[WebServer] ::1 - - [10/Oct/2026 12:35:46] "GET /all-examples.json HTTP/1.1" 200 -
[WebServer] ::1 - - [10/Oct/2026 12:35:46] "GET /binary-samples.json HTTP/1.1" 200 -
[WebServer] ::1 - - [10/Oct/2026 12:35:46] "GET /nested-examples.json HTTP/1.1" 200 -
  ✓   66 [webkit] › viewer.spec.mjs:34:3 › viewer & editor (viewer.html) › opening the page shows lit cubes in the window (694ms)
[WebServer] ::1 - - [10/Oct/2026 12:35:47] "GET /viewer.html HTTP/1.1" 200 -
[WebServer] ::1 - - [10/Oct/2026 12:35:47] "GET /assets/tokens.css HTTP/1.1" 200 -
[WebServer] ::1 - - [10/Oct/2026 12:35:47] "GET /assets/three-md.js?v=1.7.17 HTTP/1.1" 200 -
[WebServer] ::1 - - [10/Oct/2026 12:35:47] "GET /assets/theme.js HTTP/1.1" 200 -
[WebServer] ::1 - - [10/Oct/2026 12:35:47] "GET /assets/open-document.js?v=3 HTTP/1.1" 200 -
[WebServer] ::1 - - [10/Oct/2026 12:35:47] "GET /gallery-data.json HTTP/1.1" 200 -
[WebServer] ::1 - - [10/Oct/2026 12:35:47] "GET /nested-examples.json HTTP/1.1" 200 -
[WebServer] ::1 - - [10/Oct/2026 12:35:47] "GET /binary-samples.json HTTP/1.1" 200 -
[WebServer] ::1 - - [10/Oct/2026 12:35:47] "GET /all-examples.json HTTP/1.1" 200 -
[WebServer] ::1 - - [10/Oct/2026 12:35:47] "GET /viewer.html HTTP/1.1" 200 -
[WebServer] ::1 - - [10/Oct/2026 12:35:47] "GET /assets/tokens.css HTTP/1.1" 200 -
[WebServer] ::1 - - [10/Oct/2026 12:35:47] "GET /assets/theme.js HTTP/1.1" 200 -
[WebServer] ::1 - - [10/Oct/2026 12:35:47] "GET /assets/open-document.js?v=3 HTTP/1.1" 200 -
[WebServer] ::1 - - [10/Oct/2026 12:35:47] "GET /assets/three-md.js?v=1.7.17 HTTP/1.1" 200 -
[WebServer] ::1 - - [10/Oct/2026 12:35:47] "GET /gallery-data.json HTTP/1.1" 200 -
[WebServer] ::1 - - [10/Oct/2026 12:35:47] "GET /nested-examples.json HTTP/1.1" 200 -
[WebServer] ::1 - - [10/Oct/2026 12:35:47] "GET /all-examples.json HTTP/1.1" 200 -
[WebServer] ::1 - - [10/Oct/2026 12:35:47] "GET /binary-samples.json HTTP/1.1" 200 -
  ✓   68 [webkit] › viewer.spec.mjs:152:3 › viewer & editor (viewer.html) › clicking a visible cube picks its Z slice and blank stage does not (593ms)
[WebServer] ::1 - - [10/Oct/2026 12:35:47] "GET /viewer.html HTTP/1.1" 200 -
[WebServer] ::1 - - [10/Oct/2026 12:35:47] "GET /assets/tokens.css HTTP/1.1" 200 -
[WebServer] ::1 - - [10/Oct/2026 12:35:47] "GET /assets/three-md.js?v=1.7.17 HTTP/1.1" 200 -
[WebServer] ::1 - - [10/Oct/2026 12:35:47] "GET /assets/theme.js HTTP/1.1" 200 -
[WebServer] ::1 - - [10/Oct/2026 12:35:47] "GET /assets/open-document.js?v=3 HTTP/1.1" 200 -
[WebServer] ::1 - - [10/Oct/2026 12:35:47] "GET /gallery-data.json HTTP/1.1" 200 -
[WebServer] ::1 - - [10/Oct/2026 12:35:47] "GET /nested-examples.json HTTP/1.1" 200 -
[WebServer] ::1 - - [10/Oct/2026 12:35:47] "GET /binary-samples.json HTTP/1.1" 200 -
[WebServer] ::1 - - [10/Oct/2026 12:35:47] "GET /all-examples.json HTTP/1.1" 200 -
  ✓   67 [webkit] › viewer.spec.mjs:78:3 › viewer & editor (viewer.html) › one cell has filled faces from every side, with gold edges and glyph fill (1.1s)
  ✓   69 [webkit] › viewer.spec.mjs:165:3 › viewer & editor (viewer.html) › renders the starter document with no console errors (457ms)
[WebServer] ::1 - - [10/Oct/2026 12:35:47] "GET /viewer.html HTTP/1.1" 200 -
[WebServer] ::1 - - [10/Oct/2026 12:35:47] "GET /assets/tokens.css HTTP/1.1" 200 -
[WebServer] ::1 - - [10/Oct/2026 12:35:47] "GET /assets/open-document.js?v=3 HTTP/1.1" 200 -
[WebServer] ::1 - - [10/Oct/2026 12:35:47] "GET /assets/three-md.js?v=1.7.17 HTTP/1.1" 200 -
[WebServer] ::1 - - [10/Oct/2026 12:35:47] "GET /assets/theme.js HTTP/1.1" 200 -
[WebServer] ::1 - - [10/Oct/2026 12:35:47] "GET /nested-examples.json HTTP/1.1" 200 -
[WebServer] ::1 - - [10/Oct/2026 12:35:47] "GET /gallery-data.json HTTP/1.1" 200 -
[WebServer] ::1 - - [10/Oct/2026 12:35:47] "GET /all-examples.json HTTP/1.1" 200 -
[WebServer] ::1 - - [10/Oct/2026 12:35:47] "GET /binary-samples.json HTTP/1.1" 200 -
[WebServer] ::1 - - [10/Oct/2026 12:35:48] "GET /viewer.html HTTP/1.1" 200 -
[WebServer] ::1 - - [10/Oct/2026 12:35:48] "GET /assets/tokens.css HTTP/1.1" 200 -
[WebServer] ::1 - - [10/Oct/2026 12:35:48] "GET /assets/theme.js HTTP/1.1" 200 -
[WebServer] ::1 - - [10/Oct/2026 12:35:48] "GET /assets/three-md.js?v=1.7.17 HTTP/1.1" 200 -
[WebServer] ::1 - - [10/Oct/2026 12:35:48] "GET /assets/open-document.js?v=3 HTTP/1.1" 200 -
[WebServer] ::1 - - [10/Oct/2026 12:35:48] "GET /gallery-data.json HTTP/1.1" 200 -
[WebServer] ::1 - - [10/Oct/2026 12:35:48] "GET /all-examples.json HTTP/1.1" 200 -
[WebServer] ::1 - - [10/Oct/2026 12:35:48] "GET /binary-samples.json HTTP/1.1" 200 -
[WebServer] ::1 - - [10/Oct/2026 12:35:48] "GET /nested-examples.json HTTP/1.1" 200 -
  ✓   71 [webkit] › viewer.spec.mjs:190:3 › viewer & editor (viewer.html) › invalid 3md shows an error without crashing (938ms)
  ✓   70 [webkit] › viewer.spec.mjs:176:3 › viewer & editor (viewer.html) › editing the source re-renders live (1.0s)
[WebServer] ::1 - - [10/Oct/2026 12:35:49] "GET /viewer.html HTTP/1.1" 200 -
[WebServer] ::1 - - [10/Oct/2026 12:35:49] "GET /viewer.html HTTP/1.1" 200 -
[WebServer] ::1 - - [10/Oct/2026 12:35:49] "GET /assets/tokens.css HTTP/1.1" 200 -
[WebServer] ::1 - - [10/Oct/2026 12:35:49] "GET /assets/tokens.css HTTP/1.1" 200 -
[WebServer] ::1 - - [10/Oct/2026 12:35:49] "GET /assets/theme.js HTTP/1.1" 200 -
[WebServer] ::1 - - [10/Oct/2026 12:35:49] "GET /assets/three-md.js?v=1.7.17 HTTP/1.1" 200 -
[WebServer] ::1 - - [10/Oct/2026 12:35:49] "GET /assets/three-md.js?v=1.7.17 HTTP/1.1" 200 -
[WebServer] ::1 - - [10/Oct/2026 12:35:49] "GET /assets/open-document.js?v=3 HTTP/1.1" 200 -
[WebServer] ::1 - - [10/Oct/2026 12:35:49] "GET /assets/theme.js HTTP/1.1" 200 -
[WebServer] ::1 - - [10/Oct/2026 12:35:49] "GET /assets/open-document.js?v=3 HTTP/1.1" 200 -
[WebServer] ::1 - - [10/Oct/2026 12:35:49] "GET /gallery-data.json HTTP/1.1" 200 -
[WebServer] ::1 - - [10/Oct/2026 12:35:49] "GET /all-examples.json HTTP/1.1" 200 -
[WebServer] ::1 - - [10/Oct/2026 12:35:49] "GET /gallery-data.json HTTP/1.1" 200 -
[WebServer] ::1 - - [10/Oct/2026 12:35:49] "GET /nested-examples.json HTTP/1.1" 200 -
[WebServer] ::1 - - [10/Oct/2026 12:35:49] "GET /binary-samples.json HTTP/1.1" 200 -
[WebServer] ::1 - - [10/Oct/2026 12:35:49] "GET /all-examples.json HTTP/1.1" 200 -
[WebServer] ::1 - - [10/Oct/2026 12:35:49] "GET /nested-examples.json HTTP/1.1" 200 -
[WebServer] ::1 - - [10/Oct/2026 12:35:49] "GET /binary-samples.json HTTP/1.1" 200 -
  ✓   73 [webkit] › viewer.spec.mjs:218:3 › viewer & editor (viewer.html) › editor highlights syntax and numbers every line (718ms)
[WebServer] ::1 - - [10/Oct/2026 12:35:49] "GET /viewer.html HTTP/1.1" 200 -
[WebServer] ::1 - - [10/Oct/2026 12:35:49] "GET /assets/tokens.css HTTP/1.1" 200 -
[WebServer] ::1 - - [10/Oct/2026 12:35:49] "GET /assets/theme.js HTTP/1.1" 200 -
[WebServer] ::1 - - [10/Oct/2026 12:35:49] "GET /assets/three-md.js?v=1.7.17 HTTP/1.1" 200 -
[WebServer] ::1 - - [10/Oct/2026 12:35:49] "GET /assets/open-document.js?v=3 HTTP/1.1" 200 -
[WebServer] ::1 - - [10/Oct/2026 12:35:49] "GET /gallery-data.json HTTP/1.1" 200 -
[WebServer] ::1 - - [10/Oct/2026 12:35:49] "GET /binary-samples.json HTTP/1.1" 200 -
[WebServer] ::1 - - [10/Oct/2026 12:35:49] "GET /nested-examples.json HTTP/1.1" 200 -
[WebServer] ::1 - - [10/Oct/2026 12:35:49] "GET /all-examples.json HTTP/1.1" 200 -
  ✓   72 [webkit] › viewer.spec.mjs:204:3 › viewer & editor (viewer.html) › loading an example populates the editor and viewer (1.1s)
  ✓   74 [webkit] › viewer.spec.mjs:246:3 › viewer & editor (viewer.html) › Tab indents and Enter continues a list (592ms)
[WebServer] ::1 - - [10/Oct/2026 12:35:50] "GET /viewer.html HTTP/1.1" 200 -
[WebServer] ::1 - - [10/Oct/2026 12:35:50] "GET /assets/tokens.css HTTP/1.1" 200 -
[WebServer] ::1 - - [10/Oct/2026 12:35:50] "GET /assets/theme.js HTTP/1.1" 200 -
[WebServer] ::1 - - [10/Oct/2026 12:35:50] "GET /assets/three-md.js?v=1.7.17 HTTP/1.1" 200 -
[WebServer] ::1 - - [10/Oct/2026 12:35:50] "GET /assets/open-document.js?v=3 HTTP/1.1" 200 -
[WebServer] ::1 - - [10/Oct/2026 12:35:50] "GET /gallery-data.json HTTP/1.1" 200 -
[WebServer] ::1 - - [10/Oct/2026 12:35:50] "GET /nested-examples.json HTTP/1.1" 200 -
[WebServer] ::1 - - [10/Oct/2026 12:35:50] "GET /binary-samples.json HTTP/1.1" 200 -
[WebServer] ::1 - - [10/Oct/2026 12:35:50] "GET /all-examples.json HTTP/1.1" 200 -
[WebServer] ::1 - - [10/Oct/2026 12:35:50] "GET /viewer.html HTTP/1.1" 200 -
[WebServer] ::1 - - [10/Oct/2026 12:35:50] "GET /assets/tokens.css HTTP/1.1" 200 -
[WebServer] ::1 - - [10/Oct/2026 12:35:50] "GET /assets/theme.js HTTP/1.1" 200 -
[WebServer] ::1 - - [10/Oct/2026 12:35:50] "GET /assets/three-md.js?v=1.7.17 HTTP/1.1" 200 -
[WebServer] ::1 - - [10/Oct/2026 12:35:50] "GET /assets/open-document.js?v=3 HTTP/1.1" 200 -
[WebServer] ::1 - - [10/Oct/2026 12:35:50] "GET /all-examples.json HTTP/1.1" 200 -
[WebServer] ::1 - - [10/Oct/2026 12:35:50] "GET /nested-examples.json HTTP/1.1" 200 -
[WebServer] ::1 - - [10/Oct/2026 12:35:50] "GET /gallery-data.json HTTP/1.1" 200 -
[WebServer] ::1 - - [10/Oct/2026 12:35:50] "GET /binary-samples.json HTTP/1.1" 200 -
  ✓   75 [webkit] › viewer.spec.mjs:262:3 › viewer & editor (viewer.html) › clicking a plane outline chip focuses that plane (848ms)
  ✓   76 [webkit] › viewer.spec.mjs:273:3 › viewer & editor (viewer.html) › the highlight backdrop scrolls with the textarea (tall document) (746ms)
[WebServer] ::1 - - [10/Oct/2026 12:35:50] "GET /viewer.html HTTP/1.1" 200 -
[WebServer] ::1 - - [10/Oct/2026 12:35:50] "GET /assets/tokens.css HTTP/1.1" 200 -
[WebServer] ::1 - - [10/Oct/2026 12:35:50] "GET /assets/theme.js HTTP/1.1" 200 -
[WebServer] ::1 - - [10/Oct/2026 12:35:50] "GET /assets/three-md.js?v=1.7.17 HTTP/1.1" 200 -
[WebServer] ::1 - - [10/Oct/2026 12:35:50] "GET /assets/open-document.js?v=3 HTTP/1.1" 200 -
[WebServer] ::1 - - [10/Oct/2026 12:35:51] "GET /all-examples.json HTTP/1.1" 200 -
[WebServer] ::1 - - [10/Oct/2026 12:35:51] "GET /nested-examples.json HTTP/1.1" 200 -
[WebServer] ::1 - - [10/Oct/2026 12:35:51] "GET /binary-samples.json HTTP/1.1" 200 -
[WebServer] ::1 - - [10/Oct/2026 12:35:51] "GET /gallery-data.json HTTP/1.1" 200 -
[WebServer] ::1 - - [10/Oct/2026 12:35:51] "GET /viewer.html HTTP/1.1" 200 -
[WebServer] ::1 - - [10/Oct/2026 12:35:51] "GET /assets/tokens.css HTTP/1.1" 200 -
[WebServer] ::1 - - [10/Oct/2026 12:35:51] "GET /assets/theme.js HTTP/1.1" 200 -
[WebServer] ::1 - - [10/Oct/2026 12:35:51] "GET /assets/three-md.js?v=1.7.17 HTTP/1.1" 200 -
[WebServer] ::1 - - [10/Oct/2026 12:35:51] "GET /assets/open-document.js?v=3 HTTP/1.1" 200 -
[WebServer] ::1 - - [10/Oct/2026 12:35:51] "GET /gallery-data.json HTTP/1.1" 200 -
[WebServer] ::1 - - [10/Oct/2026 12:35:51] "GET /binary-samples.json HTTP/1.1" 200 -
[WebServer] ::1 - - [10/Oct/2026 12:35:51] "GET /all-examples.json HTTP/1.1" 200 -
[WebServer] ::1 - - [10/Oct/2026 12:35:51] "GET /nested-examples.json HTTP/1.1" 200 -
  ✓   77 [webkit] › viewer.spec.mjs:290:3 › viewer & editor (viewer.html) › smart-key edits are undoable and never corrupt the buffer (832ms)
  ✓   78 [webkit] › viewer.spec.mjs:311:3 › viewer & editor (viewer.html) › validity state is machine-readable via data attributes (921ms)
[WebServer] ::1 - - [10/Oct/2026 12:35:51] "GET /viewer.html HTTP/1.1" 200 -
[WebServer] ::1 - - [10/Oct/2026 12:35:51] "GET /assets/tokens.css HTTP/1.1" 200 -
[WebServer] ::1 - - [10/Oct/2026 12:35:51] "GET /assets/theme.js HTTP/1.1" 200 -
[WebServer] ::1 - - [10/Oct/2026 12:35:51] "GET /assets/three-md.js?v=1.7.17 HTTP/1.1" 200 -
[WebServer] ::1 - - [10/Oct/2026 12:35:51] "GET /assets/open-document.js?v=3 HTTP/1.1" 200 -
[WebServer] ::1 - - [10/Oct/2026 12:35:51] "GET /gallery-data.json HTTP/1.1" 200 -
[WebServer] ::1 - - [10/Oct/2026 12:35:51] "GET /all-examples.json HTTP/1.1" 200 -
[WebServer] ::1 - - [10/Oct/2026 12:35:51] "GET /binary-samples.json HTTP/1.1" 200 -
[WebServer] ::1 - - [10/Oct/2026 12:35:51] "GET /nested-examples.json HTTP/1.1" 200 -
[WebServer] ::1 - - [10/Oct/2026 12:35:52] "GET /viewer.html HTTP/1.1" 200 -
[WebServer] ::1 - - [10/Oct/2026 12:35:52] "GET /assets/tokens.css HTTP/1.1" 200 -
[WebServer] ::1 - - [10/Oct/2026 12:35:52] "GET /assets/open-document.js?v=3 HTTP/1.1" 200 -
[WebServer] ::1 - - [10/Oct/2026 12:35:52] "GET /assets/three-md.js?v=1.7.17 HTTP/1.1" 200 -
[WebServer] ::1 - - [10/Oct/2026 12:35:52] "GET /assets/theme.js HTTP/1.1" 200 -
[WebServer] ::1 - - [10/Oct/2026 12:35:52] "GET /gallery-data.json HTTP/1.1" 200 -
[WebServer] ::1 - - [10/Oct/2026 12:35:52] "GET /all-examples.json HTTP/1.1" 200 -
[WebServer] ::1 - - [10/Oct/2026 12:35:52] "GET /binary-samples.json HTTP/1.1" 200 -
[WebServer] ::1 - - [10/Oct/2026 12:35:52] "GET /nested-examples.json HTTP/1.1" 200 -
  ✓   80 [webkit] › viewer.spec.mjs:351:3 › viewer & editor (viewer.html) › agent API validates and reports structured state (559ms)
  ✓   79 [webkit] › viewer.spec.mjs:337:3 › viewer & editor (viewer.html) › Tab does not trap keyboard focus (Esc then Tab leaves the editor) (765ms)
[WebServer] ::1 - - [10/Oct/2026 12:35:52] "GET /viewer.html HTTP/1.1" 200 -
[WebServer] ::1 - - [10/Oct/2026 12:35:52] "GET /viewer.html HTTP/1.1" 200 -
[WebServer] ::1 - - [10/Oct/2026 12:35:52] "GET /assets/tokens.css HTTP/1.1" 200 -
[WebServer] ::1 - - [10/Oct/2026 12:35:52] "GET /assets/tokens.css HTTP/1.1" 200 -
[WebServer] ::1 - - [10/Oct/2026 12:35:52] "GET /assets/theme.js HTTP/1.1" 200 -
[WebServer] ::1 - - [10/Oct/2026 12:35:52] "GET /assets/three-md.js?v=1.7.17 HTTP/1.1" 200 -
[WebServer] ::1 - - [10/Oct/2026 12:35:52] "GET /assets/open-document.js?v=3 HTTP/1.1" 200 -
[WebServer] ::1 - - [10/Oct/2026 12:35:52] "GET /assets/three-md.js?v=1.7.17 HTTP/1.1" 200 -
[WebServer] ::1 - - [10/Oct/2026 12:35:52] "GET /assets/theme.js HTTP/1.1" 200 -
[WebServer] ::1 - - [10/Oct/2026 12:35:52] "GET /assets/open-document.js?v=3 HTTP/1.1" 200 -
[WebServer] ::1 - - [10/Oct/2026 12:35:52] "GET /nested-examples.json HTTP/1.1" 200 -
[WebServer] ::1 - - [10/Oct/2026 12:35:52] "GET /gallery-data.json HTTP/1.1" 200 -
[WebServer] ::1 - - [10/Oct/2026 12:35:52] "GET /all-examples.json HTTP/1.1" 200 -
[WebServer] ::1 - - [10/Oct/2026 12:35:52] "GET /binary-samples.json HTTP/1.1" 200 -
[WebServer] ::1 - - [10/Oct/2026 12:35:52] "GET /gallery-data.json HTTP/1.1" 200 -
[WebServer] ::1 - - [10/Oct/2026 12:35:52] "GET /all-examples.json HTTP/1.1" 200 -
[WebServer] ::1 - - [10/Oct/2026 12:35:52] "GET /nested-examples.json HTTP/1.1" 200 -
[WebServer] ::1 - - [10/Oct/2026 12:35:52] "GET /binary-samples.json HTTP/1.1" 200 -
  ✓   81 [webkit] › viewer.spec.mjs:364:3 › viewer & editor (viewer.html) › validate(src) is side-effect-free and reports the error code (574ms)
[WebServer] ::1 - - [10/Oct/2026 12:35:53] "GET /viewer.html HTTP/1.1" 200 -
[WebServer] ::1 - - [10/Oct/2026 12:35:53] "GET /assets/tokens.css HTTP/1.1" 200 -
[WebServer] ::1 - - [10/Oct/2026 12:35:53] "GET /assets/theme.js HTTP/1.1" 200 -
[WebServer] ::1 - - [10/Oct/2026 12:35:53] "GET /assets/three-md.js?v=1.7.17 HTTP/1.1" 200 -
[WebServer] ::1 - - [10/Oct/2026 12:35:53] "GET /assets/open-document.js?v=3 HTTP/1.1" 200 -
[WebServer] ::1 - - [10/Oct/2026 12:35:53] "GET /nested-examples.json HTTP/1.1" 200 -
[WebServer] ::1 - - [10/Oct/2026 12:35:53] "GET /binary-samples.json HTTP/1.1" 200 -
[WebServer] ::1 - - [10/Oct/2026 12:35:53] "GET /all-examples.json HTTP/1.1" 200 -
[WebServer] ::1 - - [10/Oct/2026 12:35:53] "GET /gallery-data.json HTTP/1.1" 200 -
  ✓   82 [webkit] › viewer.spec.mjs:380:3 › viewer & editor (viewer.html) › repository search opens the 24-generation Conway document (1.0s)
[WebServer] ::1 - - [10/Oct/2026 12:35:53] "GET /viewer.html HTTP/1.1" 200 -
[WebServer] ::1 - - [10/Oct/2026 12:35:53] "GET /assets/tokens.css HTTP/1.1" 200 -
[WebServer] ::1 - - [10/Oct/2026 12:35:53] "GET /assets/theme.js HTTP/1.1" 200 -
[WebServer] ::1 - - [10/Oct/2026 12:35:53] "GET /assets/three-md.js?v=1.7.17 HTTP/1.1" 200 -
[WebServer] ::1 - - [10/Oct/2026 12:35:53] "GET /assets/open-document.js?v=3 HTTP/1.1" 200 -
[WebServer] ::1 - - [10/Oct/2026 12:35:53] "GET /nested-examples.json HTTP/1.1" 200 -
[WebServer] ::1 - - [10/Oct/2026 12:35:53] "GET /gallery-data.json HTTP/1.1" 200 -
[WebServer] ::1 - - [10/Oct/2026 12:35:53] "GET /all-examples.json HTTP/1.1" 200 -
[WebServer] ::1 - - [10/Oct/2026 12:35:53] "GET /binary-samples.json HTTP/1.1" 200 -
  ✓   83 [webkit] › viewer.spec.mjs:395:3 › viewer & editor (viewer.html) › kind 2 canopy opens as text in the element (1.1s)
[WebServer] ::1 - - [10/Oct/2026 12:35:54] "GET /viewer.html HTTP/1.1" 200 -
[WebServer] ::1 - - [10/Oct/2026 12:35:54] "GET /assets/tokens.css HTTP/1.1" 200 -
[WebServer] ::1 - - [10/Oct/2026 12:35:54] "GET /assets/theme.js HTTP/1.1" 200 -
[WebServer] ::1 - - [10/Oct/2026 12:35:54] "GET /assets/three-md.js?v=1.7.17 HTTP/1.1" 200 -
[WebServer] ::1 - - [10/Oct/2026 12:35:54] "GET /assets/open-document.js?v=3 HTTP/1.1" 200 -
[WebServer] ::1 - - [10/Oct/2026 12:35:54] "GET /all-examples.json HTTP/1.1" 200 -
[WebServer] ::1 - - [10/Oct/2026 12:35:54] "GET /nested-examples.json HTTP/1.1" 200 -
[WebServer] ::1 - - [10/Oct/2026 12:35:54] "GET /gallery-data.json HTTP/1.1" 200 -
[WebServer] ::1 - - [10/Oct/2026 12:35:54] "GET /binary-samples.json HTTP/1.1" 200 -
  ✓   84 [webkit] › viewer.spec.mjs:412:3 › viewer & editor (viewer.html) › linked village search resolves the folder (1.0s)
[WebServer] ::1 - - [10/Oct/2026 12:35:54] "GET /viewer.html HTTP/1.1" 200 -
[WebServer] ::1 - - [10/Oct/2026 12:35:54] "GET /assets/tokens.css HTTP/1.1" 200 -
[WebServer] ::1 - - [10/Oct/2026 12:35:54] "GET /assets/three-md.js?v=1.7.17 HTTP/1.1" 200 -
[WebServer] ::1 - - [10/Oct/2026 12:35:54] "GET /assets/theme.js HTTP/1.1" 200 -
[WebServer] ::1 - - [10/Oct/2026 12:35:54] "GET /assets/open-document.js?v=3 HTTP/1.1" 200 -
[WebServer] ::1 - - [10/Oct/2026 12:35:54] "GET /gallery-data.json HTTP/1.1" 200 -
[WebServer] ::1 - - [10/Oct/2026 12:35:54] "GET /nested-examples.json HTTP/1.1" 200 -
[WebServer] ::1 - - [10/Oct/2026 12:35:54] "GET /binary-samples.json HTTP/1.1" 200 -
[WebServer] ::1 - - [10/Oct/2026 12:35:54] "GET /all-examples.json HTTP/1.1" 200 -
  ✓   85 [webkit] › viewer.spec.mjs:426:3 › viewer & editor (viewer.html) › a composition profile shows the root and can switch entries (1.3s)
[WebServer] ::1 - - [10/Oct/2026 12:35:55] "GET /viewer.html HTTP/1.1" 200 -
[WebServer] ::1 - - [10/Oct/2026 12:35:55] "GET /assets/tokens.css HTTP/1.1" 200 -
[WebServer] ::1 - - [10/Oct/2026 12:35:55] "GET /assets/theme.js HTTP/1.1" 200 -
[WebServer] ::1 - - [10/Oct/2026 12:35:55] "GET /assets/open-document.js?v=3 HTTP/1.1" 200 -
[WebServer] ::1 - - [10/Oct/2026 12:35:55] "GET /assets/three-md.js?v=1.7.17 HTTP/1.1" 200 -
[WebServer] ::1 - - [10/Oct/2026 12:35:55] "GET /gallery-data.json HTTP/1.1" 200 -
[WebServer] ::1 - - [10/Oct/2026 12:35:55] "GET /all-examples.json HTTP/1.1" 200 -
[WebServer] ::1 - - [10/Oct/2026 12:35:55] "GET /nested-examples.json HTTP/1.1" 200 -
[WebServer] ::1 - - [10/Oct/2026 12:35:55] "GET /binary-samples.json HTTP/1.1" 200 -
  ✓   86 [webkit] › viewer.spec.mjs:441:3 › viewer & editor (viewer.html) › markdown headings become planes and a plane search opens one (1.4s)
[WebServer] ::1 - - [10/Oct/2026 12:35:56] "GET /viewer.html HTTP/1.1" 200 -
[WebServer] ::1 - - [10/Oct/2026 12:35:56] "GET /assets/tokens.css HTTP/1.1" 200 -
[WebServer] ::1 - - [10/Oct/2026 12:35:56] "GET /assets/three-md.js?v=1.7.17 HTTP/1.1" 200 -
[WebServer] ::1 - - [10/Oct/2026 12:35:56] "GET /assets/theme.js HTTP/1.1" 200 -
[WebServer] ::1 - - [10/Oct/2026 12:35:56] "GET /assets/open-document.js?v=3 HTTP/1.1" 200 -
[WebServer] ::1 - - [10/Oct/2026 12:35:56] "GET /gallery-data.json HTTP/1.1" 200 -
[WebServer] ::1 - - [10/Oct/2026 12:35:56] "GET /all-examples.json HTTP/1.1" 200 -
[WebServer] ::1 - - [10/Oct/2026 12:35:56] "GET /nested-examples.json HTTP/1.1" 200 -
[WebServer] ::1 - - [10/Oct/2026 12:35:56] "GET /binary-samples.json HTTP/1.1" 200 -
  ✓   87 [webkit] › viewer.spec.mjs:458:3 › viewer & editor (viewer.html) › desktop layout keeps files beside a panel that switches Edit and Preview (847ms)
[WebServer] ::1 - - [10/Oct/2026 12:35:56] "GET /viewer.html HTTP/1.1" 200 -
[WebServer] ::1 - - [10/Oct/2026 12:35:56] "GET /assets/tokens.css HTTP/1.1" 200 -
[WebServer] ::1 - - [10/Oct/2026 12:35:56] "GET /assets/theme.js HTTP/1.1" 200 -
[WebServer] ::1 - - [10/Oct/2026 12:35:56] "GET /assets/three-md.js?v=1.7.17 HTTP/1.1" 200 -
[WebServer] ::1 - - [10/Oct/2026 12:35:56] "GET /assets/open-document.js?v=3 HTTP/1.1" 200 -
[WebServer] ::1 - - [10/Oct/2026 12:35:56] "GET /gallery-data.json HTTP/1.1" 200 -
[WebServer] ::1 - - [10/Oct/2026 12:35:56] "GET /all-examples.json HTTP/1.1" 200 -
[WebServer] ::1 - - [10/Oct/2026 12:35:56] "GET /binary-samples.json HTTP/1.1" 200 -
[WebServer] ::1 - - [10/Oct/2026 12:35:56] "GET /nested-examples.json HTTP/1.1" 200 -
  ✓   89 [webkit] › viewer.spec.mjs:546:3 › viewer & editor (viewer.html) › orbiting about 1400 gpu cubes stays interactive (644ms)
  ✓   88 [webkit] › viewer.spec.mjs:514:3 › viewer & editor (viewer.html) › cubes tab draws a fenced grid as translucent cubes (1.2s)
[WebServer] ::1 - - [10/Oct/2026 12:35:57] "GET /viewer.html HTTP/1.1" 200 -
[WebServer] ::1 - - [10/Oct/2026 12:35:57] "GET /assets/tokens.css HTTP/1.1" 200 -
[WebServer] ::1 - - [10/Oct/2026 12:35:57] "GET /assets/three-md.js?v=1.7.17 HTTP/1.1" 200 -
[WebServer] ::1 - - [10/Oct/2026 12:35:57] "GET /assets/open-document.js?v=3 HTTP/1.1" 200 -
[WebServer] ::1 - - [10/Oct/2026 12:35:57] "GET /assets/theme.js HTTP/1.1" 200 -
[WebServer] ::1 - - [10/Oct/2026 12:35:57] "GET /gallery-data.json HTTP/1.1" 200 -
[WebServer] ::1 - - [10/Oct/2026 12:35:57] "GET /binary-samples.json HTTP/1.1" 200 -
[WebServer] ::1 - - [10/Oct/2026 12:35:57] "GET /all-examples.json HTTP/1.1" 200 -
[WebServer] ::1 - - [10/Oct/2026 12:35:57] "GET /nested-examples.json HTTP/1.1" 200 -
[WebServer] ::1 - - [10/Oct/2026 12:35:57] "GET /viewer.html HTTP/1.1" 200 -
[WebServer] ::1 - - [10/Oct/2026 12:35:57] "GET /assets/tokens.css HTTP/1.1" 200 -
[WebServer] ::1 - - [10/Oct/2026 12:35:57] "GET /assets/three-md.js?v=1.7.17 HTTP/1.1" 200 -
[WebServer] ::1 - - [10/Oct/2026 12:35:57] "GET /assets/theme.js HTTP/1.1" 200 -
[WebServer] ::1 - - [10/Oct/2026 12:35:57] "GET /assets/open-document.js?v=3 HTTP/1.1" 200 -
[WebServer] ::1 - - [10/Oct/2026 12:35:57] "GET /gallery-data.json HTTP/1.1" 200 -
[WebServer] ::1 - - [10/Oct/2026 12:35:57] "GET /binary-samples.json HTTP/1.1" 200 -
[WebServer] ::1 - - [10/Oct/2026 12:35:57] "GET /all-examples.json HTTP/1.1" 200 -
[WebServer] ::1 - - [10/Oct/2026 12:35:57] "GET /nested-examples.json HTTP/1.1" 200 -
  ✓   90 [webkit] › viewer.spec.mjs:591:3 › viewer & editor (viewer.html) › narrow layout switches Files and the document, and Edit and Preview still switch (809ms)
[WebServer] ::1 - - [10/Oct/2026 12:35:57] "GET /viewer.html HTTP/1.1" 200 -
[WebServer] ::1 - - [10/Oct/2026 12:35:57] "GET /assets/tokens.css HTTP/1.1" 200 -
[WebServer] ::1 - - [10/Oct/2026 12:35:57] "GET /assets/theme.js HTTP/1.1" 200 -
[WebServer] ::1 - - [10/Oct/2026 12:35:57] "GET /assets/three-md.js?v=1.7.17 HTTP/1.1" 200 -
[WebServer] ::1 - - [10/Oct/2026 12:35:57] "GET /assets/open-document.js?v=3 HTTP/1.1" 200 -
[WebServer] ::1 - - [10/Oct/2026 12:35:57] "GET /binary-samples.json HTTP/1.1" 200 -
[WebServer] ::1 - - [10/Oct/2026 12:35:57] "GET /gallery-data.json HTTP/1.1" 200 -
[WebServer] ::1 - - [10/Oct/2026 12:35:57] "GET /all-examples.json HTTP/1.1" 200 -
[WebServer] ::1 - - [10/Oct/2026 12:35:57] "GET /nested-examples.json HTTP/1.1" 200 -
  ✓   91 [webkit] › viewer.spec.mjs:627:3 › viewer & editor (viewer.html) › an empty document reads as a neutral prompt, not a red error (947ms)
  ✓   92 [webkit] › viewer.spec.mjs:645:3 › viewer & editor (viewer.html) › axis lint warns on a TYPO but not on a valid free-string semantic axis (493ms)
[WebServer] ::1 - - [10/Oct/2026 12:35:58] "GET /viewer.html HTTP/1.1" 200 -
[WebServer] ::1 - - [10/Oct/2026 12:35:58] "GET /assets/tokens.css HTTP/1.1" 200 -
[WebServer] ::1 - - [10/Oct/2026 12:35:58] "GET /assets/three-md.js?v=1.7.17 HTTP/1.1" 200 -
[WebServer] ::1 - - [10/Oct/2026 12:35:58] "GET /assets/theme.js HTTP/1.1" 200 -
[WebServer] ::1 - - [10/Oct/2026 12:35:58] "GET /assets/open-document.js?v=3 HTTP/1.1" 200 -
[WebServer] ::1 - - [10/Oct/2026 12:35:58] "GET /gallery-data.json HTTP/1.1" 200 -
[WebServer] ::1 - - [10/Oct/2026 12:35:58] "GET /all-examples.json HTTP/1.1" 200 -
[WebServer] ::1 - - [10/Oct/2026 12:35:58] "GET /nested-examples.json HTTP/1.1" 200 -
[WebServer] ::1 - - [10/Oct/2026 12:35:58] "GET /binary-samples.json HTTP/1.1" 200 -
[WebServer] ::1 - - [10/Oct/2026 12:35:58] "GET /viewer.html HTTP/1.1" 200 -
[WebServer] ::1 - - [10/Oct/2026 12:35:58] "GET /assets/tokens.css HTTP/1.1" 200 -
[WebServer] ::1 - - [10/Oct/2026 12:35:58] "GET /assets/theme.js HTTP/1.1" 200 -
[WebServer] ::1 - - [10/Oct/2026 12:35:58] "GET /assets/three-md.js?v=1.7.17 HTTP/1.1" 200 -
[WebServer] ::1 - - [10/Oct/2026 12:35:58] "GET /assets/open-document.js?v=3 HTTP/1.1" 200 -
[WebServer] ::1 - - [10/Oct/2026 12:35:58] "GET /nested-examples.json HTTP/1.1" 200 -
[WebServer] ::1 - - [10/Oct/2026 12:35:58] "GET /gallery-data.json HTTP/1.1" 200 -
[WebServer] ::1 - - [10/Oct/2026 12:35:58] "GET /binary-samples.json HTTP/1.1" 200 -
[WebServer] ::1 - - [10/Oct/2026 12:35:58] "GET /all-examples.json HTTP/1.1" 200 -
  ✓   93 [webkit] › viewer.spec.mjs:671:3 › viewer & editor (viewer.html) › the page has no render-mode switch and does not autoplay (522ms)
  ✓   94 [webkit] › viewer.spec.mjs:692:3 › viewer & editor (viewer.html) › the agent schema lists error codes and the axis-to-mode map (536ms)
[WebServer] ::1 - - [10/Oct/2026 12:35:58] "GET /viewer.html HTTP/1.1" 200 -
[WebServer] ::1 - - [10/Oct/2026 12:35:58] "GET /assets/tokens.css HTTP/1.1" 200 -
[WebServer] ::1 - - [10/Oct/2026 12:35:58] "GET /assets/theme.js HTTP/1.1" 200 -
[WebServer] ::1 - - [10/Oct/2026 12:35:58] "GET /assets/three-md.js?v=1.7.17 HTTP/1.1" 200 -
[WebServer] ::1 - - [10/Oct/2026 12:35:58] "GET /assets/open-document.js?v=3 HTTP/1.1" 200 -
[WebServer] ::1 - - [10/Oct/2026 12:35:58] "GET /nested-examples.json HTTP/1.1" 200 -
[WebServer] ::1 - - [10/Oct/2026 12:35:58] "GET /gallery-data.json HTTP/1.1" 200 -
[WebServer] ::1 - - [10/Oct/2026 12:35:58] "GET /all-examples.json HTTP/1.1" 200 -
[WebServer] ::1 - - [10/Oct/2026 12:35:58] "GET /binary-samples.json HTTP/1.1" 200 -
[WebServer] ::1 - - [10/Oct/2026 12:35:58] "GET /viewer.html HTTP/1.1" 200 -
[WebServer] ::1 - - [10/Oct/2026 12:35:58] "GET /assets/tokens.css HTTP/1.1" 200 -
[WebServer] ::1 - - [10/Oct/2026 12:35:58] "GET /assets/theme.js HTTP/1.1" 200 -
[WebServer] ::1 - - [10/Oct/2026 12:35:58] "GET /assets/three-md.js?v=1.7.17 HTTP/1.1" 200 -
[WebServer] ::1 - - [10/Oct/2026 12:35:58] "GET /assets/open-document.js?v=3 HTTP/1.1" 200 -
[WebServer] ::1 - - [10/Oct/2026 12:35:58] "GET /all-examples.json HTTP/1.1" 200 -
[WebServer] ::1 - - [10/Oct/2026 12:35:58] "GET /nested-examples.json HTTP/1.1" 200 -
[WebServer] ::1 - - [10/Oct/2026 12:35:58] "GET /gallery-data.json HTTP/1.1" 200 -
[WebServer] ::1 - - [10/Oct/2026 12:35:58] "GET /binary-samples.json HTTP/1.1" 200 -
  ✓   95 [webkit] › viewer.spec.mjs:702:3 › viewer & editor (viewer.html) › dangling cross-plane links are flagged as a non-fatal warning (941ms)
  ✓   96 [webkit] › viewer.spec.mjs:713:3 › viewer & editor (viewer.html) › a corrupt share hash signals a decode error (not a silent starter) (795ms)
[WebServer] ::1 - - [10/Oct/2026 12:35:59] "GET /viewer.html HTTP/1.1" 200 -
[WebServer] ::1 - - [10/Oct/2026 12:35:59] "GET /assets/tokens.css HTTP/1.1" 200 -
[WebServer] ::1 - - [10/Oct/2026 12:35:59] "GET /assets/theme.js HTTP/1.1" 200 -
[WebServer] ::1 - - [10/Oct/2026 12:35:59] "GET /assets/three-md.js?v=1.7.17 HTTP/1.1" 200 -
[WebServer] ::1 - - [10/Oct/2026 12:35:59] "GET /assets/open-document.js?v=3 HTTP/1.1" 200 -
[WebServer] ::1 - - [10/Oct/2026 12:35:59] "GET /viewer.html HTTP/1.1" 200 -
[WebServer] ::1 - - [10/Oct/2026 12:35:59] "GET /nested-examples.json HTTP/1.1" 200 -
[WebServer] ::1 - - [10/Oct/2026 12:35:59] "GET /gallery-data.json HTTP/1.1" 200 -
[WebServer] ::1 - - [10/Oct/2026 12:35:59] "GET /binary-samples.json HTTP/1.1" 200 -
[WebServer] ::1 - - [10/Oct/2026 12:35:59] "GET /all-examples.json HTTP/1.1" 200 -
[WebServer] ::1 - - [10/Oct/2026 12:35:59] "GET /assets/tokens.css HTTP/1.1" 200 -
[WebServer] ::1 - - [10/Oct/2026 12:35:59] "GET /assets/theme.js HTTP/1.1" 200 -
[WebServer] ::1 - - [10/Oct/2026 12:35:59] "GET /assets/three-md.js?v=1.7.17 HTTP/1.1" 200 -
[WebServer] ::1 - - [10/Oct/2026 12:35:59] "GET /assets/open-document.js?v=3 HTTP/1.1" 200 -
[WebServer] ::1 - - [10/Oct/2026 12:35:59] "GET /gallery-data.json HTTP/1.1" 200 -
[WebServer] ::1 - - [10/Oct/2026 12:35:59] "GET /binary-samples.json HTTP/1.1" 200 -
[WebServer] ::1 - - [10/Oct/2026 12:35:59] "GET /all-examples.json HTTP/1.1" 200 -
[WebServer] ::1 - - [10/Oct/2026 12:35:59] "GET /nested-examples.json HTTP/1.1" 200 -
  ✓   97 [webkit] › viewer.spec.mjs:722:3 › viewer & editor (viewer.html) › the embedded agent schema marks axis optional, only 3md required (418ms)
[WebServer] ::1 - - [10/Oct/2026 12:36:00] "GET /viewer.html HTTP/1.1" 200 -
[WebServer] ::1 - - [10/Oct/2026 12:36:00] "GET /assets/tokens.css HTTP/1.1" 200 -
[WebServer] ::1 - - [10/Oct/2026 12:36:00] "GET /assets/theme.js HTTP/1.1" 200 -
[WebServer] ::1 - - [10/Oct/2026 12:36:00] "GET /assets/three-md.js?v=1.7.17 HTTP/1.1" 200 -
[WebServer] ::1 - - [10/Oct/2026 12:36:00] "GET /assets/open-document.js?v=3 HTTP/1.1" 200 -
[WebServer] ::1 - - [10/Oct/2026 12:36:00] "GET /gallery-data.json HTTP/1.1" 200 -
[WebServer] ::1 - - [10/Oct/2026 12:36:00] "GET /all-examples.json HTTP/1.1" 200 -
[WebServer] ::1 - - [10/Oct/2026 12:36:00] "GET /nested-examples.json HTTP/1.1" 200 -
[WebServer] ::1 - - [10/Oct/2026 12:36:00] "GET /binary-samples.json HTTP/1.1" 200 -
  ✓   98 [webkit] › viewer.spec.mjs:729:3 › viewer & editor (viewer.html) › invalid doc clears stale plane/axis data on the badge (837ms)
[WebServer] ::1 - - [10/Oct/2026 12:36:00] "GET /viewer.html HTTP/1.1" 200 -
[WebServer] ::1 - - [10/Oct/2026 12:36:00] "GET /assets/tokens.css HTTP/1.1" 200 -
[WebServer] ::1 - - [10/Oct/2026 12:36:00] "GET /assets/theme.js HTTP/1.1" 200 -
[WebServer] ::1 - - [10/Oct/2026 12:36:00] "GET /assets/three-md.js?v=1.7.17 HTTP/1.1" 200 -
[WebServer] ::1 - - [10/Oct/2026 12:36:00] "GET /assets/open-document.js?v=3 HTTP/1.1" 200 -
[WebServer] ::1 - - [10/Oct/2026 12:36:00] "GET /gallery-data.json HTTP/1.1" 200 -
[WebServer] ::1 - - [10/Oct/2026 12:36:00] "GET /nested-examples.json HTTP/1.1" 200 -
[WebServer] ::1 - - [10/Oct/2026 12:36:00] "GET /all-examples.json HTTP/1.1" 200 -
[WebServer] ::1 - - [10/Oct/2026 12:36:00] "GET /binary-samples.json HTTP/1.1" 200 -
  ✓   99 [webkit] › viewer.spec.mjs:742:3 › viewer & editor (viewer.html) › an invalid document flags the offending line and the badge (954ms)
  ✓  100 [webkit] › viewer.spec.mjs:755:3 › viewer & editor (viewer.html) › a shared hash link restores the document (517ms)
[WebServer] ::1 - - [10/Oct/2026 12:36:01] "GET /viewer.html HTTP/1.1" 200 -
[WebServer] ::1 - - [10/Oct/2026 12:36:01] "GET /viewer.html HTTP/1.1" 200 -
[WebServer] ::1 - - [10/Oct/2026 12:36:01] "GET /assets/tokens.css HTTP/1.1" 200 -
[WebServer] ::1 - - [10/Oct/2026 12:36:01] "GET /assets/tokens.css HTTP/1.1" 200 -
[WebServer] ::1 - - [10/Oct/2026 12:36:01] "GET /assets/three-md.js?v=1.7.17 HTTP/1.1" 200 -
[WebServer] ::1 - - [10/Oct/2026 12:36:01] "GET /assets/theme.js HTTP/1.1" 200 -
[WebServer] ::1 - - [10/Oct/2026 12:36:01] "GET /assets/theme.js HTTP/1.1" 200 -
[WebServer] ::1 - - [10/Oct/2026 12:36:01] "GET /assets/three-md.js?v=1.7.17 HTTP/1.1" 200 -
[WebServer] ::1 - - [10/Oct/2026 12:36:01] "GET /assets/open-document.js?v=3 HTTP/1.1" 200 -
[WebServer] ::1 - - [10/Oct/2026 12:36:01] "GET /assets/open-document.js?v=3 HTTP/1.1" 200 -
[WebServer] ::1 - - [10/Oct/2026 12:36:01] "GET /all-examples.json HTTP/1.1" 200 -
[WebServer] ::1 - - [10/Oct/2026 12:36:01] "GET /gallery-data.json HTTP/1.1" 200 -
[WebServer] ::1 - - [10/Oct/2026 12:36:01] "GET /nested-examples.json HTTP/1.1" 200 -
[WebServer] ::1 - - [10/Oct/2026 12:36:01] "GET /gallery-data.json HTTP/1.1" 200 -
[WebServer] ::1 - - [10/Oct/2026 12:36:01] "GET /all-examples.json HTTP/1.1" 200 -
[WebServer] ::1 - - [10/Oct/2026 12:36:01] "GET /binary-samples.json HTTP/1.1" 200 -
[WebServer] ::1 - - [10/Oct/2026 12:36:01] "GET /nested-examples.json HTTP/1.1" 200 -
[WebServer] ::1 - - [10/Oct/2026 12:36:01] "GET /binary-samples.json HTTP/1.1" 200 -
  ✓  102 [webkit] › viewer.spec.mjs:795:3 › viewer & editor (viewer.html) › full camera turns cross both poles continuously and retain geometry (660ms)
  ✓  101 [webkit] › viewer.spec.mjs:766:3 › viewer & editor (viewer.html) › camera buttons and keyboard orbit, zoom, and fit without changing the document (793ms)
[WebServer] ::1 - - [10/Oct/2026 12:36:01] "GET /viewer.html HTTP/1.1" 200 -
[WebServer] ::1 - - [10/Oct/2026 12:36:01] "GET /assets/tokens.css HTTP/1.1" 200 -
[WebServer] ::1 - - [10/Oct/2026 12:36:01] "GET /assets/theme.js HTTP/1.1" 200 -
[WebServer] ::1 - - [10/Oct/2026 12:36:01] "GET /assets/three-md.js?v=1.7.17 HTTP/1.1" 200 -
[WebServer] ::1 - - [10/Oct/2026 12:36:01] "GET /assets/open-document.js?v=3 HTTP/1.1" 200 -
[WebServer] ::1 - - [10/Oct/2026 12:36:01] "GET /gallery-data.json HTTP/1.1" 200 -
[WebServer] ::1 - - [10/Oct/2026 12:36:01] "GET /all-examples.json HTTP/1.1" 200 -
[WebServer] ::1 - - [10/Oct/2026 12:36:01] "GET /nested-examples.json HTTP/1.1" 200 -
[WebServer] ::1 - - [10/Oct/2026 12:36:01] "GET /binary-samples.json HTTP/1.1" 200 -
[WebServer] ::1 - - [10/Oct/2026 12:36:01] "GET /viewer.html HTTP/1.1" 200 -
[WebServer] ::1 - - [10/Oct/2026 12:36:01] "GET /assets/tokens.css HTTP/1.1" 200 -
[WebServer] ::1 - - [10/Oct/2026 12:36:01] "GET /assets/three-md.js?v=1.7.17 HTTP/1.1" 200 -
[WebServer] ::1 - - [10/Oct/2026 12:36:01] "GET /assets/theme.js HTTP/1.1" 200 -
[WebServer] ::1 - - [10/Oct/2026 12:36:01] "GET /assets/open-document.js?v=3 HTTP/1.1" 200 -
[WebServer] ::1 - - [10/Oct/2026 12:36:01] "GET /all-examples.json HTTP/1.1" 200 -
[WebServer] ::1 - - [10/Oct/2026 12:36:01] "GET /gallery-data.json HTTP/1.1" 200 -
[WebServer] ::1 - - [10/Oct/2026 12:36:01] "GET /binary-samples.json HTTP/1.1" 200 -
[WebServer] ::1 - - [10/Oct/2026 12:36:01] "GET /nested-examples.json HTTP/1.1" 200 -
  ✓  103 [webkit] › viewer.spec.mjs:843:3 › viewer & editor (viewer.html) › pan tools and modified dragging move only the camera and Fit recenters (684ms)
  ✓  104 [webkit] › viewer.spec.mjs:874:3 › viewer & editor (viewer.html) › two fingers pan and pinch and a cancelled gesture cannot select a slice (642ms)
[WebServer] ::1 - - [10/Oct/2026 12:36:02] "GET /viewer.html HTTP/1.1" 200 -
[WebServer] ::1 - - [10/Oct/2026 12:36:02] "GET /assets/tokens.css HTTP/1.1" 200 -
[WebServer] ::1 - - [10/Oct/2026 12:36:02] "GET /assets/theme.js HTTP/1.1" 200 -
[WebServer] ::1 - - [10/Oct/2026 12:36:02] "GET /assets/three-md.js?v=1.7.17 HTTP/1.1" 200 -
[WebServer] ::1 - - [10/Oct/2026 12:36:02] "GET /assets/open-document.js?v=3 HTTP/1.1" 200 -
[WebServer] ::1 - - [10/Oct/2026 12:36:02] "GET /all-examples.json HTTP/1.1" 200 -
[WebServer] ::1 - - [10/Oct/2026 12:36:02] "GET /gallery-data.json HTTP/1.1" 200 -
[WebServer] ::1 - - [10/Oct/2026 12:36:02] "GET /binary-samples.json HTTP/1.1" 200 -
[WebServer] ::1 - - [10/Oct/2026 12:36:02] "GET /nested-examples.json HTTP/1.1" 200 -
[WebServer] ::1 - - [10/Oct/2026 12:36:02] "GET /viewer.html HTTP/1.1" 200 -
[WebServer] ::1 - - [10/Oct/2026 12:36:02] "GET /assets/tokens.css HTTP/1.1" 200 -
[WebServer] ::1 - - [10/Oct/2026 12:36:02] "GET /assets/theme.js HTTP/1.1" 200 -
[WebServer] ::1 - - [10/Oct/2026 12:36:02] "GET /assets/three-md.js?v=1.7.17 HTTP/1.1" 200 -
[WebServer] ::1 - - [10/Oct/2026 12:36:02] "GET /assets/open-document.js?v=3 HTTP/1.1" 200 -
[WebServer] ::1 - - [10/Oct/2026 12:36:02] "GET /all-examples.json HTTP/1.1" 200 -
[WebServer] ::1 - - [10/Oct/2026 12:36:02] "GET /nested-examples.json HTTP/1.1" 200 -
[WebServer] ::1 - - [10/Oct/2026 12:36:02] "GET /binary-samples.json HTTP/1.1" 200 -
[WebServer] ::1 - - [10/Oct/2026 12:36:02] "GET /gallery-data.json HTTP/1.1" 200 -
  ✓  106 [webkit] › viewer.spec.mjs:965:3 › viewer & editor (viewer.html) › phone layout leaves room for cubes and keeps controls outside the drawing (699ms)
[WebServer] ::1 - - [10/Oct/2026 12:36:03] "GET /viewer.html HTTP/1.1" 200 -
[WebServer] ::1 - - [10/Oct/2026 12:36:03] "GET /assets/tokens.css HTTP/1.1" 200 -
[WebServer] ::1 - - [10/Oct/2026 12:36:03] "GET /assets/theme.js HTTP/1.1" 200 -
[WebServer] ::1 - - [10/Oct/2026 12:36:03] "GET /assets/open-document.js?v=3 HTTP/1.1" 200 -
[WebServer] ::1 - - [10/Oct/2026 12:36:03] "GET /assets/three-md.js?v=1.7.17 HTTP/1.1" 200 -
[WebServer] ::1 - - [10/Oct/2026 12:36:03] "GET /nested-examples.json HTTP/1.1" 200 -
[WebServer] ::1 - - [10/Oct/2026 12:36:03] "GET /gallery-data.json HTTP/1.1" 200 -
[WebServer] ::1 - - [10/Oct/2026 12:36:03] "GET /all-examples.json HTTP/1.1" 200 -
[WebServer] ::1 - - [10/Oct/2026 12:36:03] "GET /binary-samples.json HTTP/1.1" 200 -
  ✓  107 [webkit] › viewer.spec.mjs:987:3 › viewer & editor (viewer.html) › Document disclosure dismisses with Escape and both downloads preserve the document (807ms)
[WebServer] ::1 - - [10/Oct/2026 12:36:04] "GET /viewer.html HTTP/1.1" 200 -
[WebServer] ::1 - - [10/Oct/2026 12:36:04] "GET /assets/tokens.css HTTP/1.1" 200 -
[WebServer] ::1 - - [10/Oct/2026 12:36:04] "GET /assets/theme.js HTTP/1.1" 200 -
[WebServer] ::1 - - [10/Oct/2026 12:36:04] "GET /assets/three-md.js?v=1.7.17 HTTP/1.1" 200 -
[WebServer] ::1 - - [10/Oct/2026 12:36:04] "GET /assets/open-document.js?v=3 HTTP/1.1" 200 -
[WebServer] ::1 - - [10/Oct/2026 12:36:04] "GET /all-examples.json HTTP/1.1" 200 -
[WebServer] ::1 - - [10/Oct/2026 12:36:04] "GET /gallery-data.json HTTP/1.1" 200 -
[WebServer] ::1 - - [10/Oct/2026 12:36:04] "GET /nested-examples.json HTTP/1.1" 200 -
[WebServer] ::1 - - [10/Oct/2026 12:36:04] "GET /binary-samples.json HTTP/1.1" 200 -
  ✓  108 [webkit] › viewer.spec.mjs:1024:3 › viewer & editor (viewer.html) › a prose document offers Preview without replacing its source (669ms)
[WebServer] ::1 - - [10/Oct/2026 12:36:04] "GET /viewer.html HTTP/1.1" 200 -
[WebServer] ::1 - - [10/Oct/2026 12:36:04] "GET /assets/tokens.css HTTP/1.1" 200 -
[WebServer] ::1 - - [10/Oct/2026 12:36:04] "GET /assets/theme.js HTTP/1.1" 200 -
[WebServer] ::1 - - [10/Oct/2026 12:36:04] "GET /assets/three-md.js?v=1.7.17 HTTP/1.1" 200 -
[WebServer] ::1 - - [10/Oct/2026 12:36:04] "GET /assets/open-document.js?v=3 HTTP/1.1" 200 -
[WebServer] ::1 - - [10/Oct/2026 12:36:04] "GET /gallery-data.json HTTP/1.1" 200 -
[WebServer] ::1 - - [10/Oct/2026 12:36:04] "GET /all-examples.json HTTP/1.1" 200 -
[WebServer] ::1 - - [10/Oct/2026 12:36:04] "GET /binary-samples.json HTTP/1.1" 200 -
[WebServer] ::1 - - [10/Oct/2026 12:36:04] "GET /nested-examples.json HTTP/1.1" 200 -
  ✓  109 [webkit] › viewer.spec.mjs:1042:3 › viewer & editor (viewer.html) › slice navigation keeps the selected plane in a single scrolling row (607ms)
[WebServer] ::1 - - [10/Oct/2026 12:36:05] "GET /viewer.html HTTP/1.1" 200 -
[WebServer] ::1 - - [10/Oct/2026 12:36:05] "GET /assets/tokens.css HTTP/1.1" 200 -
[WebServer] ::1 - - [10/Oct/2026 12:36:05] "GET /assets/open-document.js?v=3 HTTP/1.1" 200 -
[WebServer] ::1 - - [10/Oct/2026 12:36:05] "GET /assets/three-md.js?v=1.7.17 HTTP/1.1" 200 -
[WebServer] ::1 - - [10/Oct/2026 12:36:05] "GET /assets/theme.js HTTP/1.1" 200 -
[WebServer] ::1 - - [10/Oct/2026 12:36:05] "GET /all-examples.json HTTP/1.1" 200 -
[WebServer] ::1 - - [10/Oct/2026 12:36:05] "GET /binary-samples.json HTTP/1.1" 200 -
[WebServer] ::1 - - [10/Oct/2026 12:36:05] "GET /nested-examples.json HTTP/1.1" 200 -
[WebServer] ::1 - - [10/Oct/2026 12:36:05] "GET /gallery-data.json HTTP/1.1" 200 -
  ✓  110 [webkit] › viewer.spec.mjs:1064:3 › viewer & editor (viewer.html) › a GitHub load shows busy state and recovers after a rate limit (655ms)
[WebServer] ::1 - - [10/Oct/2026 12:36:05] "GET /viewer.html HTTP/1.1" 200 -
[WebServer] ::1 - - [10/Oct/2026 12:36:06] "GET /assets/tokens.css HTTP/1.1" 200 -
[WebServer] ::1 - - [10/Oct/2026 12:36:06] "GET /assets/theme.js HTTP/1.1" 200 -
[WebServer] ::1 - - [10/Oct/2026 12:36:06] "GET /assets/three-md.js?v=1.7.17 HTTP/1.1" 200 -
[WebServer] ::1 - - [10/Oct/2026 12:36:06] "GET /assets/open-document.js?v=3 HTTP/1.1" 200 -
[WebServer] ::1 - - [10/Oct/2026 12:36:06] "GET /nested-examples.json HTTP/1.1" 200 -
[WebServer] ::1 - - [10/Oct/2026 12:36:06] "GET /all-examples.json HTTP/1.1" 200 -
[WebServer] ::1 - - [10/Oct/2026 12:36:06] "GET /binary-samples.json HTTP/1.1" 200 -
[WebServer] ::1 - - [10/Oct/2026 12:36:06] "GET /gallery-data.json HTTP/1.1" 200 -
  ✓  105 [webkit] › viewer.spec.mjs:897:3 › viewer & editor (viewer.html) › browser camera projects and picks the shared native parity fixture (4.1s)
  ✓  111 [webkit] › viewer.spec.mjs:1084:3 › viewer & editor (viewer.html) › GPU unavailability explains how to keep reading in Preview (585ms)
[WebServer] ::1 - - [10/Oct/2026 12:36:06] "GET /viewer.html HTTP/1.1" 200 -
[WebServer] ::1 - - [10/Oct/2026 12:36:06] "GET /assets/tokens.css HTTP/1.1" 200 -
[WebServer] ::1 - - [10/Oct/2026 12:36:06] "GET /assets/theme.js HTTP/1.1" 200 -
[WebServer] ::1 - - [10/Oct/2026 12:36:06] "GET /assets/three-md.js?v=1.7.17 HTTP/1.1" 200 -
[WebServer] ::1 - - [10/Oct/2026 12:36:06] "GET /assets/open-document.js?v=3 HTTP/1.1" 200 -
[WebServer] ::1 - - [10/Oct/2026 12:36:06] "GET /gallery-data.json HTTP/1.1" 200 -
[WebServer] ::1 - - [10/Oct/2026 12:36:06] "GET /all-examples.json HTTP/1.1" 200 -
[WebServer] ::1 - - [10/Oct/2026 12:36:06] "GET /nested-examples.json HTTP/1.1" 200 -
[WebServer] ::1 - - [10/Oct/2026 12:36:06] "GET /binary-samples.json HTTP/1.1" 200 -
[WebServer] ::1 - - [10/Oct/2026 12:36:06] "GET /viewer.html HTTP/1.1" 200 -
[WebServer] ::1 - - [10/Oct/2026 12:36:06] "GET /assets/tokens.css HTTP/1.1" 200 -
[WebServer] ::1 - - [10/Oct/2026 12:36:06] "GET /assets/three-md.js?v=1.7.17 HTTP/1.1" 200 -
[WebServer] ::1 - - [10/Oct/2026 12:36:06] "GET /assets/theme.js HTTP/1.1" 200 -
[WebServer] ::1 - - [10/Oct/2026 12:36:06] "GET /assets/open-document.js?v=3 HTTP/1.1" 200 -
[WebServer] ::1 - - [10/Oct/2026 12:36:06] "GET /all-examples.json HTTP/1.1" 200 -
[WebServer] ::1 - - [10/Oct/2026 12:36:06] "GET /nested-examples.json HTTP/1.1" 200 -
[WebServer] ::1 - - [10/Oct/2026 12:36:06] "GET /gallery-data.json HTTP/1.1" 200 -
[WebServer] ::1 - - [10/Oct/2026 12:36:06] "GET /binary-samples.json HTTP/1.1" 200 -
  ✓  113 [webkit] › viewer.spec.mjs:1143:3 › viewer & editor (viewer.html) › composition entry switches preserve each draft without copying it into another entry (773ms)
[WebServer] ::1 - - [10/Oct/2026 12:36:07] "GET /viewer.html HTTP/1.1" 200 -
[WebServer] ::1 - - [10/Oct/2026 12:36:07] "GET /assets/tokens.css HTTP/1.1" 200 -
[WebServer] ::1 - - [10/Oct/2026 12:36:07] "GET /assets/theme.js HTTP/1.1" 200 -
[WebServer] ::1 - - [10/Oct/2026 12:36:07] "GET /assets/three-md.js?v=1.7.17 HTTP/1.1" 200 -
[WebServer] ::1 - - [10/Oct/2026 12:36:07] "GET /assets/open-document.js?v=3 HTTP/1.1" 200 -
  ✓  112 [webkit] › viewer.spec.mjs:1100:3 › viewer & editor (viewer.html) › file switches preserve edited, invalid, and empty drafts with caret and slice (1.1s)
[WebServer] ::1 - - [10/Oct/2026 12:36:07] "GET /all-examples.json HTTP/1.1" 200 -
[WebServer] ::1 - - [10/Oct/2026 12:36:07] "GET /gallery-data.json HTTP/1.1" 200 -
[WebServer] ::1 - - [10/Oct/2026 12:36:07] "GET /nested-examples.json HTTP/1.1" 200 -
[WebServer] ::1 - - [10/Oct/2026 12:36:07] "GET /binary-samples.json HTTP/1.1" 200 -
[WebServer] ::1 - - [10/Oct/2026 12:36:07] "GET /viewer.html HTTP/1.1" 200 -
[WebServer] ::1 - - [10/Oct/2026 12:36:07] "GET /assets/tokens.css HTTP/1.1" 200 -
[WebServer] ::1 - - [10/Oct/2026 12:36:07] "GET /assets/theme.js HTTP/1.1" 200 -
[WebServer] ::1 - - [10/Oct/2026 12:36:07] "GET /assets/three-md.js?v=1.7.17 HTTP/1.1" 200 -
[WebServer] ::1 - - [10/Oct/2026 12:36:07] "GET /assets/open-document.js?v=3 HTTP/1.1" 200 -
[WebServer] ::1 - - [10/Oct/2026 12:36:07] "GET /gallery-data.json HTTP/1.1" 200 -
[WebServer] ::1 - - [10/Oct/2026 12:36:07] "GET /all-examples.json HTTP/1.1" 200 -
[WebServer] ::1 - - [10/Oct/2026 12:36:07] "GET /nested-examples.json HTTP/1.1" 200 -
[WebServer] ::1 - - [10/Oct/2026 12:36:07] "GET /binary-samples.json HTTP/1.1" 200 -
  ✓  114 [webkit] › viewer.spec.mjs:1170:3 › viewer & editor (viewer.html) › linked entries and file navigation share the same draft (756ms)
[WebServer] ::1 - - [10/Oct/2026 12:36:08] "GET /viewer.html HTTP/1.1" 200 -
[WebServer] ::1 - - [10/Oct/2026 12:36:08] "GET /assets/tokens.css HTTP/1.1" 200 -
[WebServer] ::1 - - [10/Oct/2026 12:36:08] "GET /assets/theme.js HTTP/1.1" 200 -
[WebServer] ::1 - - [10/Oct/2026 12:36:08] "GET /assets/three-md.js?v=1.7.17 HTTP/1.1" 200 -
[WebServer] ::1 - - [10/Oct/2026 12:36:08] "GET /assets/open-document.js?v=3 HTTP/1.1" 200 -
[WebServer] ::1 - - [10/Oct/2026 12:36:08] "GET /gallery-data.json HTTP/1.1" 200 -
[WebServer] ::1 - - [10/Oct/2026 12:36:08] "GET /binary-samples.json HTTP/1.1" 200 -
[WebServer] ::1 - - [10/Oct/2026 12:36:08] "GET /all-examples.json HTTP/1.1" 200 -
[WebServer] ::1 - - [10/Oct/2026 12:36:08] "GET /nested-examples.json HTTP/1.1" 200 -
  ✓  115 [webkit] › viewer.spec.mjs:1195:3 › viewer & editor (viewer.html) › search and packing use drafts rather than original file text (828ms)
[WebServer] ::1 - - [10/Oct/2026 12:36:08] "GET /viewer.html HTTP/1.1" 200 -
[WebServer] ::1 - - [10/Oct/2026 12:36:08] "GET /assets/tokens.css HTTP/1.1" 200 -
[WebServer] ::1 - - [10/Oct/2026 12:36:08] "GET /assets/three-md.js?v=1.7.17 HTTP/1.1" 200 -
[WebServer] ::1 - - [10/Oct/2026 12:36:08] "GET /assets/theme.js HTTP/1.1" 200 -
[WebServer] ::1 - - [10/Oct/2026 12:36:08] "GET /assets/open-document.js?v=3 HTTP/1.1" 200 -
[WebServer] ::1 - - [10/Oct/2026 12:36:08] "GET /binary-samples.json HTTP/1.1" 200 -
[WebServer] ::1 - - [10/Oct/2026 12:36:08] "GET /all-examples.json HTTP/1.1" 200 -
[WebServer] ::1 - - [10/Oct/2026 12:36:08] "GET /gallery-data.json HTTP/1.1" 200 -
[WebServer] ::1 - - [10/Oct/2026 12:36:08] "GET /nested-examples.json HTTP/1.1" 200 -
  ✓  116 [webkit] › viewer.spec.mjs:1212:3 › viewer & editor (viewer.html) › file filtering, keyboard selection, and phone opens reveal the document (901ms)
[WebServer] ::1 - - [10/Oct/2026 12:36:09] "GET /viewer.html?src=original-document.3md&theme=dark HTTP/1.1" 200 -
[WebServer] ::1 - - [10/Oct/2026 12:36:09] "GET /assets/tokens.css HTTP/1.1" 200 -
[WebServer] ::1 - - [10/Oct/2026 12:36:09] "GET /assets/theme.js HTTP/1.1" 200 -
[WebServer] ::1 - - [10/Oct/2026 12:36:09] "GET /assets/three-md.js?v=1.7.17 HTTP/1.1" 200 -
[WebServer] ::1 - - [10/Oct/2026 12:36:09] "GET /assets/open-document.js?v=3 HTTP/1.1" 200 -
[WebServer] ::1 - - [10/Oct/2026 12:36:09] "GET /gallery-data.json HTTP/1.1" 200 -
[WebServer] ::1 - - [10/Oct/2026 12:36:09] "GET /all-examples.json HTTP/1.1" 200 -
[WebServer] ::1 - - [10/Oct/2026 12:36:09] "GET /binary-samples.json HTTP/1.1" 200 -
[WebServer] ::1 - - [10/Oct/2026 12:36:09] "GET /nested-examples.json HTTP/1.1" 200 -
  ✓  117 [webkit] › viewer.spec.mjs:1240:3 › viewer & editor (viewer.html) › a failed local open preserves the collection and current draft (1.2s)
[WebServer] ::1 - - [10/Oct/2026 12:36:09] "GET /viewer.html?theme=dark HTTP/1.1" 200 -
[WebServer] ::1 - - [10/Oct/2026 12:36:09] "GET /assets/tokens.css HTTP/1.1" 200 -
[WebServer] ::1 - - [10/Oct/2026 12:36:09] "GET /assets/three-md.js?v=1.7.17 HTTP/1.1" 200 -
[WebServer] ::1 - - [10/Oct/2026 12:36:09] "GET /assets/theme.js HTTP/1.1" 200 -
[WebServer] ::1 - - [10/Oct/2026 12:36:09] "GET /assets/open-document.js?v=3 HTTP/1.1" 200 -
[WebServer] ::1 - - [10/Oct/2026 12:36:09] "GET /nested-examples.json HTTP/1.1" 200 -
[WebServer] ::1 - - [10/Oct/2026 12:36:09] "GET /all-examples.json HTTP/1.1" 200 -
[WebServer] ::1 - - [10/Oct/2026 12:36:09] "GET /gallery-data.json HTTP/1.1" 200 -
[WebServer] ::1 - - [10/Oct/2026 12:36:09] "GET /binary-samples.json HTTP/1.1" 200 -
[WebServer] ::1 - - [10/Oct/2026 12:36:09] "GET /viewer.html HTTP/1.1" 200 -
[WebServer] ::1 - - [10/Oct/2026 12:36:09] "GET /assets/tokens.css HTTP/1.1" 200 -
[WebServer] ::1 - - [10/Oct/2026 12:36:09] "GET /assets/three-md.js?v=1.7.17 HTTP/1.1" 200 -
[WebServer] ::1 - - [10/Oct/2026 12:36:09] "GET /assets/theme.js HTTP/1.1" 200 -
[WebServer] ::1 - - [10/Oct/2026 12:36:09] "GET /assets/open-document.js?v=3 HTTP/1.1" 200 -
[WebServer] ::1 - - [10/Oct/2026 12:36:09] "GET /gallery-data.json HTTP/1.1" 200 -
[WebServer] ::1 - - [10/Oct/2026 12:36:09] "GET /all-examples.json HTTP/1.1" 200 -
[WebServer] ::1 - - [10/Oct/2026 12:36:09] "GET /binary-samples.json HTTP/1.1" 200 -
[WebServer] ::1 - - [10/Oct/2026 12:36:09] "GET /nested-examples.json HTTP/1.1" 200 -
[WebServer] ::1 - - [10/Oct/2026 12:36:09] "GET /viewer.html?theme=dark HTTP/1.1" 200 -
[WebServer] ::1 - - [10/Oct/2026 12:36:09] "GET /assets/tokens.css HTTP/1.1" 200 -
[WebServer] ::1 - - [10/Oct/2026 12:36:09] "GET /assets/theme.js HTTP/1.1" 200 -
[WebServer] ::1 - - [10/Oct/2026 12:36:09] "GET /assets/open-document.js?v=3 HTTP/1.1" 200 -
[WebServer] ::1 - - [10/Oct/2026 12:36:09] "GET /assets/three-md.js?v=1.7.17 HTTP/1.1" 200 -
[WebServer] ::1 - - [10/Oct/2026 12:36:09] "GET /gallery-data.json HTTP/1.1" 200 -
[WebServer] ::1 - - [10/Oct/2026 12:36:09] "GET /all-examples.json HTTP/1.1" 200 -
[WebServer] ::1 - - [10/Oct/2026 12:36:09] "GET /binary-samples.json HTTP/1.1" 200 -
[WebServer] ::1 - - [10/Oct/2026 12:36:09] "GET /nested-examples.json HTTP/1.1" 200 -
  ✓  118 [webkit] › viewer.spec.mjs:1259:3 › viewer & editor (viewer.html) › explicit document navigation removes stale source queries and reloads the chosen source (1.3s)
[WebServer] ::1 - - [10/Oct/2026 12:36:10] "GET /viewer.html HTTP/1.1" 200 -
[WebServer] ::1 - - [10/Oct/2026 12:36:10] "GET /gallery-data.json HTTP/1.1" 200 -
[WebServer] ::1 - - [10/Oct/2026 12:36:10] "GET /all-examples.json HTTP/1.1" 200 -
[WebServer] ::1 - - [10/Oct/2026 12:36:10] "GET /nested-examples.json HTTP/1.1" 200 -
[WebServer] ::1 - - [10/Oct/2026 12:36:10] "GET /binary-samples.json HTTP/1.1" 200 -
[WebServer] ::1 - - [10/Oct/2026 12:36:10] "GET /viewer.html HTTP/1.1" 200 -
[WebServer] ::1 - - [10/Oct/2026 12:36:10] "GET /assets/tokens.css HTTP/1.1" 200 -
[WebServer] ::1 - - [10/Oct/2026 12:36:10] "GET /assets/open-document.js?v=3 HTTP/1.1" 200 -
[WebServer] ::1 - - [10/Oct/2026 12:36:10] "GET /assets/three-md.js?v=1.7.17 HTTP/1.1" 200 -
[WebServer] ::1 - - [10/Oct/2026 12:36:10] "GET /assets/theme.js HTTP/1.1" 200 -
[WebServer] ::1 - - [10/Oct/2026 12:36:10] "GET /gallery-data.json HTTP/1.1" 200 -
[WebServer] ::1 - - [10/Oct/2026 12:36:10] "GET /all-examples.json HTTP/1.1" 200 -
[WebServer] ::1 - - [10/Oct/2026 12:36:10] "GET /binary-samples.json HTTP/1.1" 200 -
[WebServer] ::1 - - [10/Oct/2026 12:36:10] "GET /nested-examples.json HTTP/1.1" 200 -
[WebServer] ::1 - - [10/Oct/2026 12:36:10] "GET /viewer.html HTTP/1.1" 200 -
[WebServer] ::1 - - [10/Oct/2026 12:36:10] "GET /gallery-data.json HTTP/1.1" 200 -
[WebServer] ::1 - - [10/Oct/2026 12:36:10] "GET /binary-samples.json HTTP/1.1" 200 -
[WebServer] ::1 - - [10/Oct/2026 12:36:10] "GET /nested-examples.json HTTP/1.1" 200 -
[WebServer] ::1 - - [10/Oct/2026 12:36:10] "GET /all-examples.json HTTP/1.1" 200 -
[WebServer] ::1 - - [10/Oct/2026 12:36:10] "GET /viewer.html HTTP/1.1" 200 -
[WebServer] ::1 - - [10/Oct/2026 12:36:10] "GET /gallery-data.json HTTP/1.1" 200 -
[WebServer] ::1 - - [10/Oct/2026 12:36:10] "GET /all-examples.json HTTP/1.1" 200 -
[WebServer] ::1 - - [10/Oct/2026 12:36:10] "GET /nested-examples.json HTTP/1.1" 200 -
[WebServer] ::1 - - [10/Oct/2026 12:36:10] "GET /binary-samples.json HTTP/1.1" 200 -
  ✓  120 [webkit] › viewer.spec.mjs:1316:3 › Sculpt Slice parity › grid edits preserve CRLF, labels, prose and downloads exactly (761ms)
[WebServer] ::1 - - [10/Oct/2026 12:36:10] "GET /viewer.html HTTP/1.1" 200 -
[WebServer] ::1 - - [10/Oct/2026 12:36:10] "GET /gallery-data.json HTTP/1.1" 200 -
[WebServer] ::1 - - [10/Oct/2026 12:36:10] "GET /all-examples.json HTTP/1.1" 200 -
[WebServer] ::1 - - [10/Oct/2026 12:36:10] "GET /nested-examples.json HTTP/1.1" 200 -
[WebServer] ::1 - - [10/Oct/2026 12:36:10] "GET /binary-samples.json HTTP/1.1" 200 -
[WebServer] ::1 - - [10/Oct/2026 12:36:11] "GET /viewer.html HTTP/1.1" 200 -
[WebServer] ::1 - - [10/Oct/2026 12:36:11] "GET /assets/tokens.css HTTP/1.1" 200 -
[WebServer] ::1 - - [10/Oct/2026 12:36:11] "GET /assets/theme.js HTTP/1.1" 200 -
[WebServer] ::1 - - [10/Oct/2026 12:36:11] "GET /assets/three-md.js?v=1.7.17 HTTP/1.1" 200 -
[WebServer] ::1 - - [10/Oct/2026 12:36:11] "GET /assets/open-document.js?v=3 HTTP/1.1" 200 -
[WebServer] ::1 - - [10/Oct/2026 12:36:11] "GET /gallery-data.json HTTP/1.1" 200 -
[WebServer] ::1 - - [10/Oct/2026 12:36:11] "GET /all-examples.json HTTP/1.1" 200 -
[WebServer] ::1 - - [10/Oct/2026 12:36:11] "GET /nested-examples.json HTTP/1.1" 200 -
[WebServer] ::1 - - [10/Oct/2026 12:36:11] "GET /binary-samples.json HTTP/1.1" 200 -
[WebServer] ::1 - - [10/Oct/2026 12:36:11] "GET /viewer.html HTTP/1.1" 200 -
[WebServer] ::1 - - [10/Oct/2026 12:36:11] "GET /gallery-data.json HTTP/1.1" 200 -
[WebServer] ::1 - - [10/Oct/2026 12:36:11] "GET /binary-samples.json HTTP/1.1" 200 -
[WebServer] ::1 - - [10/Oct/2026 12:36:11] "GET /nested-examples.json HTTP/1.1" 200 -
[WebServer] ::1 - - [10/Oct/2026 12:36:11] "GET /all-examples.json HTTP/1.1" 200 -
[WebServer] ::1 - - [10/Oct/2026 12:36:11] "GET /viewer.html HTTP/1.1" 200 -
[WebServer] ::1 - - [10/Oct/2026 12:36:11] "GET /all-examples.json HTTP/1.1" 200 -
[WebServer] ::1 - - [10/Oct/2026 12:36:11] "GET /binary-samples.json HTTP/1.1" 200 -
[WebServer] ::1 - - [10/Oct/2026 12:36:11] "GET /gallery-data.json HTTP/1.1" 200 -
[WebServer] ::1 - - [10/Oct/2026 12:36:11] "GET /nested-examples.json HTTP/1.1" 200 -
[WebServer] ::1 - - [10/Oct/2026 12:36:11] "GET /viewer.html HTTP/1.1" 200 -
[WebServer] ::1 - - [10/Oct/2026 12:36:11] "GET /gallery-data.json HTTP/1.1" 200 -
[WebServer] ::1 - - [10/Oct/2026 12:36:11] "GET /nested-examples.json HTTP/1.1" 200 -
[WebServer] ::1 - - [10/Oct/2026 12:36:11] "GET /all-examples.json HTTP/1.1" 200 -
[WebServer] ::1 - - [10/Oct/2026 12:36:11] "GET /binary-samples.json HTTP/1.1" 200 -
  ✓  121 [webkit] › viewer.spec.mjs:1328:3 › Sculpt Slice parity › keyboard cells, grid zoom, previous overlay and shared WebGL reference (815ms)
  ✓  119 [webkit] › viewer.spec.mjs:1298:3 › Sculpt Slice parity › shared native strokes, clipped brushes, four-neighbor fill and no-op undo (2.3s)
[WebServer] ::1 - - [10/Oct/2026 12:36:11] "GET /viewer.html HTTP/1.1" 200 -
[WebServer] ::1 - - [10/Oct/2026 12:36:11] "GET /assets/tokens.css HTTP/1.1" 200 -
[WebServer] ::1 - - [10/Oct/2026 12:36:11] "GET /assets/theme.js HTTP/1.1" 200 -
[WebServer] ::1 - - [10/Oct/2026 12:36:11] "GET /assets/three-md.js?v=1.7.17 HTTP/1.1" 200 -
[WebServer] ::1 - - [10/Oct/2026 12:36:11] "GET /assets/open-document.js?v=3 HTTP/1.1" 200 -
[WebServer] ::1 - - [10/Oct/2026 12:36:11] "GET /nested-examples.json HTTP/1.1" 200 -
[WebServer] ::1 - - [10/Oct/2026 12:36:11] "GET /binary-samples.json HTTP/1.1" 200 -
[WebServer] ::1 - - [10/Oct/2026 12:36:11] "GET /gallery-data.json HTTP/1.1" 200 -
[WebServer] ::1 - - [10/Oct/2026 12:36:11] "GET /all-examples.json HTTP/1.1" 200 -
[WebServer] ::1 - - [10/Oct/2026 12:36:11] "GET /viewer.html HTTP/1.1" 200 -
[WebServer] ::1 - - [10/Oct/2026 12:36:11] "GET /assets/tokens.css HTTP/1.1" 200 -
[WebServer] ::1 - - [10/Oct/2026 12:36:11] "GET /assets/theme.js HTTP/1.1" 200 -
[WebServer] ::1 - - [10/Oct/2026 12:36:11] "GET /assets/three-md.js?v=1.7.17 HTTP/1.1" 200 -
[WebServer] ::1 - - [10/Oct/2026 12:36:11] "GET /assets/open-document.js?v=3 HTTP/1.1" 200 -
[WebServer] ::1 - - [10/Oct/2026 12:36:11] "GET /gallery-data.json HTTP/1.1" 200 -
[WebServer] ::1 - - [10/Oct/2026 12:36:11] "GET /binary-samples.json HTTP/1.1" 200 -
[WebServer] ::1 - - [10/Oct/2026 12:36:11] "GET /all-examples.json HTTP/1.1" 200 -
[WebServer] ::1 - - [10/Oct/2026 12:36:11] "GET /nested-examples.json HTTP/1.1" 200 -
  ✓  122 [webkit] › viewer.spec.mjs:1341:3 › Sculpt Slice parity › source typing and Slice share undo and retain it across file navigation (833ms)
  ✓  123 [webkit] › viewer.spec.mjs:1353:3 › Sculpt Slice parity › unsupported grids stay readable and budget rejection restores the full stroke (848ms)
[WebServer] ::1 - - [10/Oct/2026 12:36:12] "GET /viewer.html HTTP/1.1" 200 -
[WebServer] ::1 - - [10/Oct/2026 12:36:12] "GET /assets/tokens.css HTTP/1.1" 200 -
[WebServer] ::1 - - [10/Oct/2026 12:36:12] "GET /assets/theme.js HTTP/1.1" 200 -
[WebServer] ::1 - - [10/Oct/2026 12:36:12] "GET /assets/three-md.js?v=1.7.17 HTTP/1.1" 200 -
[WebServer] ::1 - - [10/Oct/2026 12:36:12] "GET /assets/open-document.js?v=3 HTTP/1.1" 200 -
[WebServer] ::1 - - [10/Oct/2026 12:36:12] "GET /nested-examples.json HTTP/1.1" 200 -
[WebServer] ::1 - - [10/Oct/2026 12:36:12] "GET /binary-samples.json HTTP/1.1" 200 -
[WebServer] ::1 - - [10/Oct/2026 12:36:12] "GET /gallery-data.json HTTP/1.1" 200 -
[WebServer] ::1 - - [10/Oct/2026 12:36:12] "GET /all-examples.json HTTP/1.1" 200 -
[WebServer] ::1 - - [10/Oct/2026 12:36:12] "GET /viewer.html HTTP/1.1" 200 -
[WebServer] ::1 - - [10/Oct/2026 12:36:12] "GET /assets/tokens.css HTTP/1.1" 200 -
[WebServer] ::1 - - [10/Oct/2026 12:36:12] "GET /assets/open-document.js?v=3 HTTP/1.1" 200 -
[WebServer] ::1 - - [10/Oct/2026 12:36:12] "GET /assets/theme.js HTTP/1.1" 200 -
[WebServer] ::1 - - [10/Oct/2026 12:36:12] "GET /assets/three-md.js?v=1.7.17 HTTP/1.1" 200 -
[WebServer] ::1 - - [10/Oct/2026 12:36:12] "GET /gallery-data.json HTTP/1.1" 200 -
[WebServer] ::1 - - [10/Oct/2026 12:36:12] "GET /nested-examples.json HTTP/1.1" 200 -
[WebServer] ::1 - - [10/Oct/2026 12:36:12] "GET /all-examples.json HTTP/1.1" 200 -
[WebServer] ::1 - - [10/Oct/2026 12:36:12] "GET /binary-samples.json HTTP/1.1" 200 -
  ✓  125 [webkit] › viewer.spec.mjs:1370:3 › Sculpt Slice parity › 2D editing works with an unavailable WebGL reference (696ms)
  ✓  124 [webkit] › viewer.spec.mjs:1361:3 › Sculpt Slice parity › phone Slice tools and axis controls stay usable without horizontal page overflow (830ms)
[WebServer] ::1 - - [10/Oct/2026 12:36:13] "GET /viewer.html HTTP/1.1" 200 -
[WebServer] ::1 - - [10/Oct/2026 12:36:13] "GET /assets/tokens.css HTTP/1.1" 200 -
[WebServer] ::1 - - [10/Oct/2026 12:36:13] "GET /assets/three-md.js?v=1.7.17 HTTP/1.1" 200 -
[WebServer] ::1 - - [10/Oct/2026 12:36:13] "GET /assets/theme.js HTTP/1.1" 200 -
[WebServer] ::1 - - [10/Oct/2026 12:36:13] "GET /assets/open-document.js?v=3 HTTP/1.1" 200 -
[WebServer] ::1 - - [10/Oct/2026 12:36:13] "GET /all-examples.json HTTP/1.1" 200 -
[WebServer] ::1 - - [10/Oct/2026 12:36:13] "GET /gallery-data.json HTTP/1.1" 200 -
[WebServer] ::1 - - [10/Oct/2026 12:36:13] "GET /binary-samples.json HTTP/1.1" 200 -
[WebServer] ::1 - - [10/Oct/2026 12:36:13] "GET /nested-examples.json HTTP/1.1" 200 -
[WebServer] ::1 - - [10/Oct/2026 12:36:13] "GET /viewer.html HTTP/1.1" 200 -
[WebServer] ::1 - - [10/Oct/2026 12:36:13] "GET /assets/tokens.css HTTP/1.1" 200 -
[WebServer] ::1 - - [10/Oct/2026 12:36:13] "GET /assets/theme.js HTTP/1.1" 200 -
[WebServer] ::1 - - [10/Oct/2026 12:36:13] "GET /assets/three-md.js?v=1.7.17 HTTP/1.1" 200 -
[WebServer] ::1 - - [10/Oct/2026 12:36:13] "GET /assets/open-document.js?v=3 HTTP/1.1" 200 -
[WebServer] ::1 - - [10/Oct/2026 12:36:13] "GET /binary-samples.json HTTP/1.1" 200 -
[WebServer] ::1 - - [10/Oct/2026 12:36:13] "GET /nested-examples.json HTTP/1.1" 200 -
[WebServer] ::1 - - [10/Oct/2026 12:36:13] "GET /all-examples.json HTTP/1.1" 200 -
[WebServer] ::1 - - [10/Oct/2026 12:36:13] "GET /gallery-data.json HTTP/1.1" 200 -
  ✓  126 [webkit] › viewer.spec.mjs:1375:3 › Sculpt Slice parity › axis inverse, finite inputs, pan steps and Fit leave source and geometry intact (896ms)
[WebServer] ::1 - - [10/Oct/2026 12:36:14] "GET /viewer.html HTTP/1.1" 200 -
[WebServer] ::1 - - [10/Oct/2026 12:36:14] "GET /assets/tokens.css HTTP/1.1" 200 -
[WebServer] ::1 - - [10/Oct/2026 12:36:14] "GET /assets/three-md.js?v=1.7.17 HTTP/1.1" 200 -
[WebServer] ::1 - - [10/Oct/2026 12:36:14] "GET /assets/theme.js HTTP/1.1" 200 -
[WebServer] ::1 - - [10/Oct/2026 12:36:14] "GET /assets/open-document.js?v=3 HTTP/1.1" 200 -
[WebServer] ::1 - - [10/Oct/2026 12:36:14] "GET /gallery-data.json HTTP/1.1" 200 -
[WebServer] ::1 - - [10/Oct/2026 12:36:14] "GET /nested-examples.json HTTP/1.1" 200 -
[WebServer] ::1 - - [10/Oct/2026 12:36:14] "GET /binary-samples.json HTTP/1.1" 200 -
[WebServer] ::1 - - [10/Oct/2026 12:36:14] "GET /all-examples.json HTTP/1.1" 200 -
  ✓  128 [webkit] › viewer.spec.mjs:1411:1 › Slice navigation finishes a touch stroke and ignores its late pointer movement (725ms)
[WebServer] ::1 - - [10/Oct/2026 12:36:15] "GET /viewer.html HTTP/1.1" 200 -
[WebServer] ::1 - - [10/Oct/2026 12:36:15] "GET /assets/tokens.css HTTP/1.1" 200 -
[WebServer] ::1 - - [10/Oct/2026 12:36:15] "GET /assets/theme.js HTTP/1.1" 200 -
[WebServer] ::1 - - [10/Oct/2026 12:36:15] "GET /assets/three-md.js?v=1.7.17 HTTP/1.1" 200 -
[WebServer] ::1 - - [10/Oct/2026 12:36:15] "GET /assets/open-document.js?v=3 HTTP/1.1" 200 -
[WebServer] ::1 - - [10/Oct/2026 12:36:15] "GET /all-examples.json HTTP/1.1" 200 -
[WebServer] ::1 - - [10/Oct/2026 12:36:15] "GET /gallery-data.json HTTP/1.1" 200 -
[WebServer] ::1 - - [10/Oct/2026 12:36:15] "GET /nested-examples.json HTTP/1.1" 200 -
[WebServer] ::1 - - [10/Oct/2026 12:36:15] "GET /binary-samples.json HTTP/1.1" 200 -
  ✓  129 [webkit] › viewer.spec.mjs:1427:3 › shared cube drawable stays sharp through view/viewport changes at 1x density (1.8s)
[WebServer] ::1 - - [10/Oct/2026 12:36:16] "GET /viewer.html HTTP/1.1" 200 -
[WebServer] ::1 - - [10/Oct/2026 12:36:16] "GET /assets/tokens.css HTTP/1.1" 200 -
[WebServer] ::1 - - [10/Oct/2026 12:36:16] "GET /assets/theme.js HTTP/1.1" 200 -
[WebServer] ::1 - - [10/Oct/2026 12:36:16] "GET /assets/three-md.js?v=1.7.17 HTTP/1.1" 200 -
[WebServer] ::1 - - [10/Oct/2026 12:36:16] "GET /assets/open-document.js?v=3 HTTP/1.1" 200 -
[WebServer] ::1 - - [10/Oct/2026 12:36:16] "GET /nested-examples.json HTTP/1.1" 200 -
[WebServer] ::1 - - [10/Oct/2026 12:36:16] "GET /binary-samples.json HTTP/1.1" 200 -
[WebServer] ::1 - - [10/Oct/2026 12:36:16] "GET /gallery-data.json HTTP/1.1" 200 -
[WebServer] ::1 - - [10/Oct/2026 12:36:16] "GET /all-examples.json HTTP/1.1" 200 -
  ✓  130 [webkit] › viewer.spec.mjs:1427:3 › shared cube drawable stays sharp through view/viewport changes at 2x density (1.9s)
  ✓  127 [webkit] › viewer.spec.mjs:1389:1 › Slice history drops only old snapshots at the per-draft and collection budgets (6.8s)

  130 passed (1.2m)
